{"type":"FeatureCollection","features":[{"type":"Feature","geometry":{"type":"Point","coordinates":[-54.69222199999996,-22.19166699999994]},"properties":{"well_id":"3500065054","municipality":"Dourados","hydro_unit":"Formação Serra Geral","domain":"Fraturada","layer_code":"V06","layer_name":"Topo e base brutos coerentes","depth_m":600.0,"vertical_metadata_n":4,"capture_interval_status":"UNKNOWN_SEM_INTERVALO_DE_FILTRO_DEMONSTRADO"}},{"type":"Feature","geometry":{"type":"Point","coordinates":[-56.28333299999997,-20.143332999999927]},"properties":{"well_id":"3500053084","municipality":"Miranda","hydro_unit":"Grupo Cuiaba","domain":"Fraturada","layer_code":"V06","layer_name":"Topo e base brutos coerentes","depth_m":30.0,"vertical_metadata_n":6,"capture_interval_status":"UNKNOWN_SEM_INTERVALO_DE_FILTRO_DEMONSTRADO"}},{"type":"Feature","geometry":{"type":"Point","coordinates":[-54.82416699999993,-22.642499999999927]},"properties":{"well_id":"3500027119","municipality":"Caarapó","hydro_unit":"Grupo Caiuá","domain":"Granular","layer_code":"V06","layer_name":"Topo e base brutos coerentes","depth_m":150.0,"vertical_metadata_n":6,"capture_interval_status":"UNKNOWN_SEM_INTERVALO_DE_FILTRO_DEMONSTRADO"}},{"type":"Feature","geometry":{"type":"Point","coordinates":[-51.839166999999975,-20.97083299999997]},"properties":{"well_id":"3500026917","municipality":"Três Lagoas","hydro_unit":"Grupo Caiuá","domain":"Granular","layer_code":"V06","layer_name":"Topo e base brutos coerentes","depth_m":34.0,"vertical_metadata_n":6,"capture_interval_status":"UNKNOWN_SEM_INTERVALO_DE_FILTRO_DEMONSTRADO"}},{"type":"Feature","geometry":{"type":"Point","coordinates":[-52.62555599999996,-18.807777999999928]},"properties":{"well_id":"3500027282","municipality":"Chapadão do Sul","hydro_unit":"Formação Cachoeirinha","domain":"Granular","layer_code":"V06","layer_name":"Topo e base brutos coerentes","depth_m":100.0,"vertical_metadata_n":5,"capture_interval_status":"UNKNOWN_SEM_INTERVALO_DE_FILTRO_DEMONSTRADO"}},{"type":"Feature","geometry":{"type":"Point","coordinates":[-55.08277799999996,-19.677221999999972]},"properties":{"well_id":"3500045668","municipality":"Corguinho","hydro_unit":"Formação Aquidauana","domain":"Granular","layer_code":"V06","layer_name":"Topo e base brutos coerentes","depth_m":90.0,"vertical_metadata_n":5,"capture_interval_status":"UNKNOWN_SEM_INTERVALO_DE_FILTRO_DEMONSTRADO"}},{"type":"Feature","geometry":{"type":"Point","coordinates":[-54.57472199999995,-23.67972199999997]},"properties":{"well_id":"3500045682","municipality":"Iguatemi","hydro_unit":"Grupo Caiuá","domain":"Granular","layer_code":"V06","layer_name":"Topo e base brutos coerentes","depth_m":160.0,"vertical_metadata_n":5,"capture_interval_status":"UNKNOWN_SEM_INTERVALO_DE_FILTRO_DEMONSTRADO"}},{"type":"Feature","geometry":{"type":"Point","coordinates":[-55.194999999999936,-21.613888999999972]},"properties":{"well_id":"3500053090","municipality":"Maracaju","hydro_unit":"Formação Serra Geral","domain":"Fraturada","layer_code":"V06","layer_name":"Topo e base brutos coerentes","depth_m":105.0,"vertical_metadata_n":5,"capture_interval_status":"UNKNOWN_SEM_INTERVALO_DE_FILTRO_DEMONSTRADO"}},{"type":"Feature","geometry":{"type":"Point","coordinates":[-54.61638899999997,-20.46222199999994]},"properties":{"well_id":"3500065040","municipality":"Campo Grande","hydro_unit":"Formação Serra Geral","domain":"Fraturada","layer_code":"V06","layer_name":"Topo e base brutos coerentes","depth_m":96.0,"vertical_metadata_n":4,"capture_interval_status":"UNKNOWN_SEM_INTERVALO_DE_FILTRO_DEMONSTRADO"}},{"type":"Feature","geometry":{"type":"Point","coordinates":[-54.716388999999936,-20.468610999999953]},"properties":{"well_id":"3500065045","municipality":"Campo Grande","hydro_unit":"Formação Serra Geral","domain":"Fraturada","layer_code":"V06","layer_name":"Topo e base brutos coerentes","depth_m":48.0,"vertical_metadata_n":4,"capture_interval_status":"UNKNOWN_SEM_INTERVALO_DE_FILTRO_DEMONSTRADO"}},{"type":"Feature","geometry":{"type":"Point","coordinates":[-54.67277799999994,-20.44222199999996]},"properties":{"well_id":"3500065046","municipality":"Campo Grande","hydro_unit":"Formação Serra Geral","domain":"Fraturada","layer_code":"V06","layer_name":"Topo e base brutos coerentes","depth_m":90.0,"vertical_metadata_n":4,"capture_interval_status":"UNKNOWN_SEM_INTERVALO_DE_FILTRO_DEMONSTRADO"}},{"type":"Feature","geometry":{"type":"Point","coordinates":[-54.74916699999994,-20.484166999999957]},"properties":{"well_id":"3500065047","municipality":"Campo Grande","hydro_unit":"Formação Serra Geral","domain":"Fraturada","layer_code":"V06","layer_name":"Topo e base brutos coerentes","depth_m":100.0,"vertical_metadata_n":4,"capture_interval_status":"UNKNOWN_SEM_INTERVALO_DE_FILTRO_DEMONSTRADO"}},{"type":"Feature","geometry":{"type":"Point","coordinates":[-53.84249999999997,-22.338888999999938]},"properties":{"well_id":"3500065060","municipality":"Ivinhema","hydro_unit":"Grupo Caiuá","domain":"Granular","layer_code":"V06","layer_name":"Topo e base brutos coerentes","depth_m":100.0,"vertical_metadata_n":4,"capture_interval_status":"UNKNOWN_SEM_INTERVALO_DE_FILTRO_DEMONSTRADO"}},{"type":"Feature","geometry":{"type":"Point","coordinates":[-51.426943999999935,-20.361943999999937]},"properties":{"well_id":"3500065072","municipality":"Selvíria","hydro_unit":"Grupo Caiuá","domain":"Granular","layer_code":"V06","layer_name":"Topo e base brutos coerentes","depth_m":96.0,"vertical_metadata_n":4,"capture_interval_status":"UNKNOWN_SEM_INTERVALO_DE_FILTRO_DEMONSTRADO"}},{"type":"Feature","geometry":{"type":"Point","coordinates":[-55.634721999999954,-22.944166999999936]},"properties":{"well_id":"3500065009","municipality":"Aral Moreira","hydro_unit":"Formação Serra Geral","domain":"Fraturada","layer_code":"V06","layer_name":"Topo e base brutos coerentes","depth_m":130.0,"vertical_metadata_n":5,"capture_interval_status":"UNKNOWN_SEM_INTERVALO_DE_FILTRO_DEMONSTRADO"}},{"type":"Feature","geometry":{"type":"Point","coordinates":[-55.05638799999997,-23.968332999999973]},"properties":{"well_id":"3500023356","municipality":"Sete Quedas","hydro_unit":"Grupo Caiuá","domain":"Granular","layer_code":"V06","layer_name":"Topo e base brutos coerentes","depth_m":150.0,"vertical_metadata_n":6,"capture_interval_status":"UNKNOWN_SEM_INTERVALO_DE_FILTRO_DEMONSTRADO"}},{"type":"Feature","geometry":{"type":"Point","coordinates":[-54.81583299999994,-22.641943999999967]},"properties":{"well_id":"3500023368","municipality":"Caarapó","hydro_unit":"Grupo Caiuá","domain":"Granular","layer_code":"V06","layer_name":"Topo e base brutos coerentes","depth_m":150.0,"vertical_metadata_n":6,"capture_interval_status":"UNKNOWN_SEM_INTERVALO_DE_FILTRO_DEMONSTRADO"}},{"type":"Feature","geometry":{"type":"Point","coordinates":[-54.670555999999976,-20.534999999999968]},"properties":{"well_id":"3500045694","municipality":"Campo Grande","hydro_unit":"Formação Serra Geral","domain":"Fraturada","layer_code":"V06","layer_name":"Topo e base brutos coerentes","depth_m":116.0,"vertical_metadata_n":5,"capture_interval_status":"UNKNOWN_SEM_INTERVALO_DE_FILTRO_DEMONSTRADO"}},{"type":"Feature","geometry":{"type":"Point","coordinates":[-54.64694399999996,-20.42083299999996]},"properties":{"well_id":"3500022928","municipality":"Campo Grande","hydro_unit":"Formação Serra Geral","domain":"Fraturada","layer_code":"V06","layer_name":"Topo e base brutos coerentes","depth_m":606.22,"vertical_metadata_n":2,"capture_interval_status":"UNKNOWN_SEM_INTERVALO_DE_FILTRO_DEMONSTRADO"}},{"type":"Feature","geometry":{"type":"Point","coordinates":[-51.77472199999994,-20.97888899999998]},"properties":{"well_id":"3500045646","municipality":"Três Lagoas","hydro_unit":"Grupo Caiuá","domain":"Granular","layer_code":"V06","layer_name":"Topo e base brutos coerentes","depth_m":100.0,"vertical_metadata_n":5,"capture_interval_status":"UNKNOWN_SEM_INTERVALO_DE_FILTRO_DEMONSTRADO"}},{"type":"Feature","geometry":{"type":"Point","coordinates":[-54.86777699999993,-20.48444399999994]},"properties":{"well_id":"3500022824","municipality":"Terenos","hydro_unit":"Formação Serra Geral","domain":"Fraturada","layer_code":"V06","layer_name":"Topo e base brutos coerentes","depth_m":181.5,"vertical_metadata_n":2,"capture_interval_status":"UNKNOWN_SEM_INTERVALO_DE_FILTRO_DEMONSTRADO"}},{"type":"Feature","geometry":{"type":"Point","coordinates":[-54.96361099999996,-20.923054999999977]},"properties":{"well_id":"3500022816","municipality":"Sidrolândia","hydro_unit":"Formação Serra Geral","domain":"Fraturada","layer_code":"V06","layer_name":"Topo e base brutos coerentes","depth_m":440.0,"vertical_metadata_n":2,"capture_interval_status":"UNKNOWN_SEM_INTERVALO_DE_FILTRO_DEMONSTRADO"}},{"type":"Feature","geometry":{"type":"Point","coordinates":[-53.13972199999995,-18.54472199999998]},"properties":{"well_id":"3500022567","municipality":"Costa Rica","hydro_unit":"Formação Serra Geral","domain":"Fraturada","layer_code":"V06","layer_name":"Topo e base brutos coerentes","depth_m":93.0,"vertical_metadata_n":2,"capture_interval_status":"UNKNOWN_SEM_INTERVALO_DE_FILTRO_DEMONSTRADO"}},{"type":"Feature","geometry":{"type":"Point","coordinates":[-54.65111099999996,-20.558887999999968]},"properties":{"well_id":"3500022930","municipality":"Campo Grande","hydro_unit":"Formação Serra Geral","domain":"Fraturada","layer_code":"V06","layer_name":"Topo e base brutos coerentes","depth_m":501.0,"vertical_metadata_n":2,"capture_interval_status":"UNKNOWN_SEM_INTERVALO_DE_FILTRO_DEMONSTRADO"}},{"type":"Feature","geometry":{"type":"Point","coordinates":[-51.87805599999996,-20.797499999999957]},"properties":{"well_id":"3500045662","municipality":"Três Lagoas","hydro_unit":"Grupo Caiuá","domain":"Granular","layer_code":"V06","layer_name":"Topo e base brutos coerentes","depth_m":200.0,"vertical_metadata_n":5,"capture_interval_status":"UNKNOWN_SEM_INTERVALO_DE_FILTRO_DEMONSTRADO"}},{"type":"Feature","geometry":{"type":"Point","coordinates":[-54.56444399999998,-20.631388999999956]},"properties":{"well_id":"3500045700","municipality":"Campo Grande","hydro_unit":"Formação Serra Geral","domain":"Fraturada","layer_code":"V06","layer_name":"Topo e base brutos coerentes","depth_m":78.0,"vertical_metadata_n":5,"capture_interval_status":"UNKNOWN_SEM_INTERVALO_DE_FILTRO_DEMONSTRADO"}},{"type":"Feature","geometry":{"type":"Point","coordinates":[-54.60583299999996,-20.45333299999993]},"properties":{"well_id":"3500065031","municipality":"Campo Grande","hydro_unit":"Formação Serra Geral","domain":"Fraturada","layer_code":"V06","layer_name":"Topo e base brutos coerentes","depth_m":65.0,"vertical_metadata_n":4,"capture_interval_status":"UNKNOWN_SEM_INTERVALO_DE_FILTRO_DEMONSTRADO"}},{"type":"Feature","geometry":{"type":"Point","coordinates":[-54.67277799999994,-20.554443999999933]},"properties":{"well_id":"3500065039","municipality":"Campo Grande","hydro_unit":"Formação Serra Geral","domain":"Fraturada","layer_code":"V06","layer_name":"Topo e base brutos coerentes","depth_m":560.0,"vertical_metadata_n":4,"capture_interval_status":"UNKNOWN_SEM_INTERVALO_DE_FILTRO_DEMONSTRADO"}},{"type":"Feature","geometry":{"type":"Point","coordinates":[-55.11916699999995,-20.74166699999995]},"properties":{"well_id":"3500045691","municipality":"Sidrolândia","hydro_unit":"Formação Serra Geral","domain":"Fraturada","layer_code":"V06","layer_name":"Topo e base brutos coerentes","depth_m":120.0,"vertical_metadata_n":4,"capture_interval_status":"UNKNOWN_SEM_INTERVALO_DE_FILTRO_DEMONSTRADO"}},{"type":"Feature","geometry":{"type":"Point","coordinates":[-56.35305599999998,-19.955832999999927]},"properties":{"well_id":"3500053083","municipality":"Miranda","hydro_unit":"Grupo Cuiaba","domain":"Fraturada","layer_code":"V06","layer_name":"Topo e base brutos coerentes","depth_m":38.0,"vertical_metadata_n":6,"capture_interval_status":"UNKNOWN_SEM_INTERVALO_DE_FILTRO_DEMONSTRADO"}},{"type":"Feature","geometry":{"type":"Point","coordinates":[-56.52111099999996,-19.869166999999948]},"properties":{"well_id":"3500053086","municipality":"Miranda","hydro_unit":"Formação Pantanal","domain":"Granular","layer_code":"V06","layer_name":"Topo e base brutos coerentes","depth_m":40.0,"vertical_metadata_n":5,"capture_interval_status":"UNKNOWN_SEM_INTERVALO_DE_FILTRO_DEMONSTRADO"}},{"type":"Feature","geometry":{"type":"Point","coordinates":[-53.997221999999965,-22.281388999999933]},"properties":{"well_id":"3500026918","municipality":"Ivinhema","hydro_unit":"Grupo Caiuá","domain":"Granular","layer_code":"V06","layer_name":"Topo e base brutos coerentes","depth_m":80.0,"vertical_metadata_n":4,"capture_interval_status":"UNKNOWN_SEM_INTERVALO_DE_FILTRO_DEMONSTRADO"}},{"type":"Feature","geometry":{"type":"Point","coordinates":[-54.82583299999993,-22.621666999999945]},"properties":{"well_id":"3500027077","municipality":"Caarapó","hydro_unit":"Grupo Caiuá","domain":"Granular","layer_code":"V06","layer_name":"Topo e base brutos coerentes","depth_m":100.0,"vertical_metadata_n":5,"capture_interval_status":"UNKNOWN_SEM_INTERVALO_DE_FILTRO_DEMONSTRADO"}},{"type":"Feature","geometry":{"type":"Point","coordinates":[-53.268055999999945,-22.284166999999968]},"properties":{"well_id":"3500045670","municipality":"Batayporã","hydro_unit":"Grupo Caiuá","domain":"Granular","layer_code":"V06","layer_name":"Topo e base brutos coerentes","depth_m":120.0,"vertical_metadata_n":5,"capture_interval_status":"UNKNOWN_SEM_INTERVALO_DE_FILTRO_DEMONSTRADO"}},{"type":"Feature","geometry":{"type":"Point","coordinates":[-51.830555999999945,-20.64666699999998]},"properties":{"well_id":"3500045703","municipality":"Três Lagoas","hydro_unit":"Grupo Caiuá","domain":"Granular","layer_code":"V06","layer_name":"Topo e base brutos coerentes","depth_m":138.26,"vertical_metadata_n":6,"capture_interval_status":"UNKNOWN_SEM_INTERVALO_DE_FILTRO_DEMONSTRADO"}},{"type":"Feature","geometry":{"type":"Point","coordinates":[-51.87527799999998,-20.984166999999957]},"properties":{"well_id":"3500045711","municipality":"Três Lagoas","hydro_unit":"Grupo Caiuá","domain":"Granular","layer_code":"V06","layer_name":"Topo e base brutos coerentes","depth_m":162.0,"vertical_metadata_n":5,"capture_interval_status":"UNKNOWN_SEM_INTERVALO_DE_FILTRO_DEMONSTRADO"}},{"type":"Feature","geometry":{"type":"Point","coordinates":[-54.56166699999994,-20.53527799999995]},"properties":{"well_id":"3500065044","municipality":"Campo Grande","hydro_unit":"Formação Serra Geral","domain":"Fraturada","layer_code":"V06","layer_name":"Topo e base brutos coerentes","depth_m":40.0,"vertical_metadata_n":4,"capture_interval_status":"UNKNOWN_SEM_INTERVALO_DE_FILTRO_DEMONSTRADO"}},{"type":"Feature","geometry":{"type":"Point","coordinates":[-54.853332999999964,-18.92805599999997]},"properties":{"well_id":"3500065070","municipality":"Rio Verde de Mato Grosso","hydro_unit":"Formação Ponta Grossa","domain":"Granular","layer_code":"V06","layer_name":"Topo e base brutos coerentes","depth_m":150.0,"vertical_metadata_n":4,"capture_interval_status":"UNKNOWN_SEM_INTERVALO_DE_FILTRO_DEMONSTRADO"}},{"type":"Feature","geometry":{"type":"Point","coordinates":[-51.66861099999994,-20.788888999999926]},"properties":{"well_id":"3500065082","municipality":"Três Lagoas","hydro_unit":"Grupo Caiuá","domain":"Granular","layer_code":"V06","layer_name":"Topo e base brutos coerentes","depth_m":45.0,"vertical_metadata_n":4,"capture_interval_status":"UNKNOWN_SEM_INTERVALO_DE_FILTRO_DEMONSTRADO"}},{"type":"Feature","geometry":{"type":"Point","coordinates":[-56.67361099999994,-20.556388999999967]},"properties":{"well_id":"3500065018","municipality":"Bodoquena","hydro_unit":"Grupo Cuiaba","domain":"Fraturada","layer_code":"V06","layer_name":"Topo e base brutos coerentes","depth_m":60.0,"vertical_metadata_n":5,"capture_interval_status":"UNKNOWN_SEM_INTERVALO_DE_FILTRO_DEMONSTRADO"}},{"type":"Feature","geometry":{"type":"Point","coordinates":[-54.55666699999995,-21.789721999999927]},"properties":{"well_id":"3500065068","municipality":"Rio Brilhante","hydro_unit":"Formação Serra Geral","domain":"Fraturada","layer_code":"V06","layer_name":"Topo e base brutos coerentes","depth_m":266.0,"vertical_metadata_n":4,"capture_interval_status":"UNKNOWN_SEM_INTERVALO_DE_FILTRO_DEMONSTRADO"}},{"type":"Feature","geometry":{"type":"Point","coordinates":[-55.62277799999998,-22.622777999999983]},"properties":{"well_id":"3500045692","municipality":"Ponta Porã","hydro_unit":"Grupo Caiuá","domain":"Granular","layer_code":"V06","layer_name":"Topo e base brutos coerentes","depth_m":150.0,"vertical_metadata_n":5,"capture_interval_status":"UNKNOWN_SEM_INTERVALO_DE_FILTRO_DEMONSTRADO"}},{"type":"Feature","geometry":{"type":"Point","coordinates":[-55.230276999999944,-23.09972199999993]},"properties":{"well_id":"3500023143","municipality":"Amambai","hydro_unit":"Formação Serra Geral","domain":"Fraturada","layer_code":"V06","layer_name":"Topo e base brutos coerentes","depth_m":148.0,"vertical_metadata_n":6,"capture_interval_status":"UNKNOWN_SEM_INTERVALO_DE_FILTRO_DEMONSTRADO"}},{"type":"Feature","geometry":{"type":"Point","coordinates":[-55.059443999999985,-23.97444399999995]},"properties":{"well_id":"3500023357","municipality":"Sete Quedas","hydro_unit":"Grupo Caiuá","domain":"Granular","layer_code":"V06","layer_name":"Topo e base brutos coerentes","depth_m":150.0,"vertical_metadata_n":6,"capture_interval_status":"UNKNOWN_SEM_INTERVALO_DE_FILTRO_DEMONSTRADO"}},{"type":"Feature","geometry":{"type":"Point","coordinates":[-51.92944399999993,-19.728610999999944]},"properties":{"well_id":"3500023307","municipality":"Inocência","hydro_unit":"Grupo Bauru","domain":"Granular","layer_code":"V06","layer_name":"Topo e base brutos coerentes","depth_m":216.0,"vertical_metadata_n":5,"capture_interval_status":"UNKNOWN_SEM_INTERVALO_DE_FILTRO_DEMONSTRADO"}},{"type":"Feature","geometry":{"type":"Point","coordinates":[-53.76694399999997,-22.144999999999982]},"properties":{"well_id":"3500027240","municipality":"Angélica","hydro_unit":"Grupo Caiuá","domain":"Granular","layer_code":"V06","layer_name":"Topo e base brutos coerentes","depth_m":350.0,"vertical_metadata_n":2,"capture_interval_status":"UNKNOWN_SEM_INTERVALO_DE_FILTRO_DEMONSTRADO"}},{"type":"Feature","geometry":{"type":"Point","coordinates":[-54.567777999999976,-20.374166999999943]},"properties":{"well_id":"3500045154","municipality":"Campo Grande","hydro_unit":"Formação Serra Geral","domain":"Fraturada","layer_code":"V06","layer_name":"Topo e base brutos coerentes","depth_m":50.0,"vertical_metadata_n":3,"capture_interval_status":"UNKNOWN_SEM_INTERVALO_DE_FILTRO_DEMONSTRADO"}},{"type":"Feature","geometry":{"type":"Point","coordinates":[-54.75444399999998,-20.47333299999997]},"properties":{"well_id":"3500053094","municipality":"Campo Grande","hydro_unit":"Formação Serra Geral","domain":"Fraturada","layer_code":"V06","layer_name":"Topo e base brutos coerentes","depth_m":215.0,"vertical_metadata_n":5,"capture_interval_status":"UNKNOWN_SEM_INTERVALO_DE_FILTRO_DEMONSTRADO"}},{"type":"Feature","geometry":{"type":"Point","coordinates":[-55.17166599999996,-21.617776999999933]},"properties":{"well_id":"3500022863","municipality":"Maracaju","hydro_unit":"Formação Serra Geral","domain":"Fraturada","layer_code":"V06","layer_name":"Topo e base brutos coerentes","depth_m":230.0,"vertical_metadata_n":2,"capture_interval_status":"UNKNOWN_SEM_INTERVALO_DE_FILTRO_DEMONSTRADO"}},{"type":"Feature","geometry":{"type":"Point","coordinates":[-55.49944399999998,-21.72277699999995]},"properties":{"well_id":"3500022883","municipality":"Maracaju","hydro_unit":"Formação Serra Geral","domain":"Fraturada","layer_code":"V06","layer_name":"Topo e base brutos coerentes","depth_m":198.0,"vertical_metadata_n":2,"capture_interval_status":"UNKNOWN_SEM_INTERVALO_DE_FILTRO_DEMONSTRADO"}},{"type":"Feature","geometry":{"type":"Point","coordinates":[-55.23611099999994,-23.11027699999994]},"properties":{"well_id":"3500023148","municipality":"Amambai","hydro_unit":"Formação Serra Geral","domain":"Fraturada","layer_code":"V06","layer_name":"Topo e base brutos coerentes","depth_m":3371.0,"vertical_metadata_n":1,"capture_interval_status":"UNKNOWN_SEM_INTERVALO_DE_FILTRO_DEMONSTRADO"}},{"type":"Feature","geometry":{"type":"Point","coordinates":[-54.778888999999936,-22.214999999999975]},"properties":{"well_id":"3500065119","municipality":"Dourados","hydro_unit":"Formação Serra Geral","domain":"Fraturada","layer_code":"V06","layer_name":"Topo e base brutos coerentes","depth_m":600.0,"vertical_metadata_n":1,"capture_interval_status":"UNKNOWN_SEM_INTERVALO_DE_FILTRO_DEMONSTRADO"}},{"type":"Feature","geometry":{"type":"Point","coordinates":[-53.81138899999996,-22.29277799999994]},"properties":{"well_id":"3500045663","municipality":"Ivinhema","hydro_unit":"Grupo Caiuá","domain":"Granular","layer_code":"V06","layer_name":"Topo e base brutos coerentes","depth_m":90.0,"vertical_metadata_n":5,"capture_interval_status":"UNKNOWN_SEM_INTERVALO_DE_FILTRO_DEMONSTRADO"}},{"type":"Feature","geometry":{"type":"Point","coordinates":[-55.23555499999998,-23.103887999999927]},"properties":{"well_id":"3500023138","municipality":"Amambai","hydro_unit":"Formação Serra Geral","domain":"Fraturada","layer_code":"V06","layer_name":"Topo e base brutos coerentes","depth_m":150.0,"vertical_metadata_n":6,"capture_interval_status":"UNKNOWN_SEM_INTERVALO_DE_FILTRO_DEMONSTRADO"}},{"type":"Feature","geometry":{"type":"Point","coordinates":[-51.66805599999998,-20.747499999999945]},"properties":{"well_id":"3500026925","municipality":"Três Lagoas","hydro_unit":"Formação Serra Geral","domain":"Fraturada","layer_code":"V06","layer_name":"Topo e base brutos coerentes","depth_m":80.0,"vertical_metadata_n":2,"capture_interval_status":"UNKNOWN_SEM_INTERVALO_DE_FILTRO_DEMONSTRADO"}},{"type":"Feature","geometry":{"type":"Point","coordinates":[-54.52472199999994,-19.30583299999995]},"properties":{"well_id":"3500026970","municipality":"São Gabriel do Oeste","hydro_unit":"Grupo Bauru","domain":"Granular","layer_code":"V06","layer_name":"Topo e base brutos coerentes","depth_m":80.0,"vertical_metadata_n":2,"capture_interval_status":"UNKNOWN_SEM_INTERVALO_DE_FILTRO_DEMONSTRADO"}},{"type":"Feature","geometry":{"type":"Point","coordinates":[-55.24166599999995,-23.09944399999995]},"properties":{"well_id":"3500023150","municipality":"Amambai","hydro_unit":"Formação Serra Geral","domain":"Fraturada","layer_code":"V06","layer_name":"Topo e base brutos coerentes","depth_m":140.0,"vertical_metadata_n":6,"capture_interval_status":"UNKNOWN_SEM_INTERVALO_DE_FILTRO_DEMONSTRADO"}},{"type":"Feature","geometry":{"type":"Point","coordinates":[-55.24222199999997,-22.73222199999998]},"properties":{"well_id":"3500023136","municipality":"Laguna Carapã","hydro_unit":"Formação Serra Geral","domain":"Fraturada","layer_code":"V06","layer_name":"Topo e base brutos coerentes","depth_m":150.0,"vertical_metadata_n":6,"capture_interval_status":"UNKNOWN_SEM_INTERVALO_DE_FILTRO_DEMONSTRADO"}},{"type":"Feature","geometry":{"type":"Point","coordinates":[-54.038610999999946,-19.561387999999965]},"properties":{"well_id":"3500023245","municipality":"Camapuã","hydro_unit":"Formação Botucatu","domain":"Granular","layer_code":"V06","layer_name":"Topo e base brutos coerentes","depth_m":110.0,"vertical_metadata_n":6,"capture_interval_status":"UNKNOWN_SEM_INTERVALO_DE_FILTRO_DEMONSTRADO"}},{"type":"Feature","geometry":{"type":"Point","coordinates":[-54.58472199999994,-19.402221999999938]},"properties":{"well_id":"3500023236","municipality":"São Gabriel do Oeste","hydro_unit":"Grupo Bauru","domain":"Granular","layer_code":"V06","layer_name":"Topo e base brutos coerentes","depth_m":83.0,"vertical_metadata_n":6,"capture_interval_status":"UNKNOWN_SEM_INTERVALO_DE_FILTRO_DEMONSTRADO"}},{"type":"Feature","geometry":{"type":"Point","coordinates":[-54.69027799999998,-22.61861099999993]},"properties":{"well_id":"3500045606","municipality":"Caarapó","hydro_unit":"Grupo Caiuá","domain":"Granular","layer_code":"V06","layer_name":"Topo e base brutos coerentes","depth_m":722.0,"vertical_metadata_n":6,"capture_interval_status":"UNKNOWN_SEM_INTERVALO_DE_FILTRO_DEMONSTRADO"}},{"type":"Feature","geometry":{"type":"Point","coordinates":[-51.103332999999964,-20.08666599999998]},"properties":{"well_id":"3500023316","municipality":"Aparecida do Taboado","hydro_unit":"Grupo Caiuá","domain":"Granular","layer_code":"V06","layer_name":"Topo e base brutos coerentes","depth_m":300.0,"vertical_metadata_n":5,"capture_interval_status":"UNKNOWN_SEM_INTERVALO_DE_FILTRO_DEMONSTRADO"}},{"type":"Feature","geometry":{"type":"Point","coordinates":[-54.069721999999956,-22.965276999999958]},"properties":{"well_id":"3500023373","municipality":"Naviraí","hydro_unit":"Grupo Caiuá","domain":"Granular","layer_code":"V06","layer_name":"Topo e base brutos coerentes","depth_m":120.0,"vertical_metadata_n":6,"capture_interval_status":"UNKNOWN_SEM_INTERVALO_DE_FILTRO_DEMONSTRADO"}},{"type":"Feature","geometry":{"type":"Point","coordinates":[-54.81194399999998,-22.21166599999998]},"properties":{"well_id":"3500022843","municipality":"Dourados","hydro_unit":"Formação Serra Geral","domain":"Fraturada","layer_code":"V06","layer_name":"Topo e base brutos coerentes","depth_m":793.0,"vertical_metadata_n":2,"capture_interval_status":"UNKNOWN_SEM_INTERVALO_DE_FILTRO_DEMONSTRADO"}},{"type":"Feature","geometry":{"type":"Point","coordinates":[-54.622499999999945,-20.457776999999965]},"properties":{"well_id":"3500022484","municipality":"Campo Grande","hydro_unit":"Formação Serra Geral","domain":"Fraturada","layer_code":"V06","layer_name":"Topo e base brutos coerentes","depth_m":138.0,"vertical_metadata_n":2,"capture_interval_status":"UNKNOWN_SEM_INTERVALO_DE_FILTRO_DEMONSTRADO"}},{"type":"Feature","geometry":{"type":"Point","coordinates":[-54.58138799999995,-20.40055499999994]},"properties":{"well_id":"3500022508","municipality":"Campo Grande","hydro_unit":"Formação Serra Geral","domain":"Fraturada","layer_code":"V06","layer_name":"Topo e base brutos coerentes","depth_m":100.0,"vertical_metadata_n":2,"capture_interval_status":"UNKNOWN_SEM_INTERVALO_DE_FILTRO_DEMONSTRADO"}},{"type":"Feature","geometry":{"type":"Point","coordinates":[-54.61055499999998,-20.50583299999994]},"properties":{"well_id":"3500022538","municipality":"Campo Grande","hydro_unit":"Formação Serra Geral","domain":"Fraturada","layer_code":"V06","layer_name":"Topo e base brutos coerentes","depth_m":100.0,"vertical_metadata_n":2,"capture_interval_status":"UNKNOWN_SEM_INTERVALO_DE_FILTRO_DEMONSTRADO"}},{"type":"Feature","geometry":{"type":"Point","coordinates":[-53.13916599999993,-18.807499999999948]},"properties":{"well_id":"3500022568","municipality":"Costa Rica","hydro_unit":"Grupo Caiuá","domain":"Granular","layer_code":"V06","layer_name":"Topo e base brutos coerentes","depth_m":105.0,"vertical_metadata_n":2,"capture_interval_status":"UNKNOWN_SEM_INTERVALO_DE_FILTRO_DEMONSTRADO"}},{"type":"Feature","geometry":{"type":"Point","coordinates":[-54.68694399999998,-20.394721999999945]},"properties":{"well_id":"3500022912","municipality":"Campo Grande","hydro_unit":"Formação Serra Geral","domain":"Fraturada","layer_code":"V06","layer_name":"Topo e base brutos coerentes","depth_m":135.0,"vertical_metadata_n":2,"capture_interval_status":"UNKNOWN_SEM_INTERVALO_DE_FILTRO_DEMONSTRADO"}},{"type":"Feature","geometry":{"type":"Point","coordinates":[-54.61888899999997,-20.518055999999945]},"properties":{"well_id":"3500065101","municipality":"Campo Grande","hydro_unit":"Formação Serra Geral","domain":"Fraturada","layer_code":"V06","layer_name":"Topo e base brutos coerentes","depth_m":412.0,"vertical_metadata_n":2,"capture_interval_status":"UNKNOWN_SEM_INTERVALO_DE_FILTRO_DEMONSTRADO"}},{"type":"Feature","geometry":{"type":"Point","coordinates":[-54.84388899999993,-22.333888999999942]},"properties":{"well_id":"3500065117","municipality":"Dourados","hydro_unit":"Formação Serra Geral","domain":"Fraturada","layer_code":"V06","layer_name":"Topo e base brutos coerentes","depth_m":2226.0,"vertical_metadata_n":1,"capture_interval_status":"UNKNOWN_SEM_INTERVALO_DE_FILTRO_DEMONSTRADO"}},{"type":"Feature","geometry":{"type":"Point","coordinates":[-54.58722199999994,-20.426387999999974]},"properties":{"well_id":"3500022925","municipality":"Campo Grande","hydro_unit":"Formação Serra Geral","domain":"Fraturada","layer_code":"V06","layer_name":"Topo e base brutos coerentes","depth_m":480.19,"vertical_metadata_n":2,"capture_interval_status":"UNKNOWN_SEM_INTERVALO_DE_FILTRO_DEMONSTRADO"}},{"type":"Feature","geometry":{"type":"Point","coordinates":[-55.22888799999998,-23.09722199999993]},"properties":{"well_id":"3500022683","municipality":"Amambai","hydro_unit":"Formação Serra Geral","domain":"Fraturada","layer_code":"V06","layer_name":"Topo e base brutos coerentes","depth_m":148.0,"vertical_metadata_n":2,"capture_interval_status":"UNKNOWN_SEM_INTERVALO_DE_FILTRO_DEMONSTRADO"}},{"type":"Feature","geometry":{"type":"Point","coordinates":[-55.23638799999998,-23.094721999999933]},"properties":{"well_id":"3500022686","municipality":"Amambai","hydro_unit":"Formação Serra Geral","domain":"Fraturada","layer_code":"V06","layer_name":"Topo e base brutos coerentes","depth_m":150.0,"vertical_metadata_n":2,"capture_interval_status":"UNKNOWN_SEM_INTERVALO_DE_FILTRO_DEMONSTRADO"}},{"type":"Feature","geometry":{"type":"Point","coordinates":[-54.86555499999997,-20.407776999999953]},"properties":{"well_id":"3500023391","municipality":"Terenos","hydro_unit":"Formação Serra Geral","domain":"Fraturada","layer_code":"V06","layer_name":"Topo e base brutos coerentes","depth_m":150.0,"vertical_metadata_n":6,"capture_interval_status":"UNKNOWN_SEM_INTERVALO_DE_FILTRO_DEMONSTRADO"}},{"type":"Feature","geometry":{"type":"Point","coordinates":[-53.143332999999984,-18.530276999999955]},"properties":{"well_id":"3500023335","municipality":"Costa Rica","hydro_unit":"Grupo Caiuá","domain":"Granular","layer_code":"V06","layer_name":"Topo e base brutos coerentes","depth_m":90.0,"vertical_metadata_n":6,"capture_interval_status":"UNKNOWN_SEM_INTERVALO_DE_FILTRO_DEMONSTRADO"}},{"type":"Feature","geometry":{"type":"Point","coordinates":[-54.56749999999994,-21.768054999999947]},"properties":{"well_id":"3500023266","municipality":"Rio Brilhante","hydro_unit":"Formação Serra Geral","domain":"Fraturada","layer_code":"V06","layer_name":"Topo e base brutos coerentes","depth_m":306.0,"vertical_metadata_n":6,"capture_interval_status":"UNKNOWN_SEM_INTERVALO_DE_FILTRO_DEMONSTRADO"}},{"type":"Feature","geometry":{"type":"Point","coordinates":[-54.58527799999996,-20.52388899999994]},"properties":{"well_id":"3500045697","municipality":"Campo Grande","hydro_unit":"Formação Serra Geral","domain":"Fraturada","layer_code":"V06","layer_name":"Topo e base brutos coerentes","depth_m":123.0,"vertical_metadata_n":5,"capture_interval_status":"UNKNOWN_SEM_INTERVALO_DE_FILTRO_DEMONSTRADO"}},{"type":"Feature","geometry":{"type":"Point","coordinates":[-54.653332999999975,-20.51555499999995]},"properties":{"well_id":"3500022534","municipality":"Campo Grande","hydro_unit":"Formação Serra Geral","domain":"Fraturada","layer_code":"V06","layer_name":"Topo e base brutos coerentes","depth_m":150.0,"vertical_metadata_n":2,"capture_interval_status":"UNKNOWN_SEM_INTERVALO_DE_FILTRO_DEMONSTRADO"}},{"type":"Feature","geometry":{"type":"Point","coordinates":[-55.20055499999995,-23.09888799999993]},"properties":{"well_id":"3500022682","municipality":"Amambai","hydro_unit":"Formação Serra Geral","domain":"Fraturada","layer_code":"V06","layer_name":"Topo e base brutos coerentes","depth_m":105.0,"vertical_metadata_n":2,"capture_interval_status":"UNKNOWN_SEM_INTERVALO_DE_FILTRO_DEMONSTRADO"}},{"type":"Feature","geometry":{"type":"Point","coordinates":[-54.64694399999996,-20.486110999999937]},"properties":{"well_id":"3500022886","municipality":"Campo Grande","hydro_unit":"Formação Serra Geral","domain":"Fraturada","layer_code":"V06","layer_name":"Topo e base brutos coerentes","depth_m":158.0,"vertical_metadata_n":2,"capture_interval_status":"UNKNOWN_SEM_INTERVALO_DE_FILTRO_DEMONSTRADO"}},{"type":"Feature","geometry":{"type":"Point","coordinates":[-54.52333299999998,-20.463332999999977]},"properties":{"well_id":"3500022942","municipality":"Campo Grande","hydro_unit":"Grupo Caiuá","domain":"Granular","layer_code":"V06","layer_name":"Topo e base brutos coerentes","depth_m":178.0,"vertical_metadata_n":2,"capture_interval_status":"UNKNOWN_SEM_INTERVALO_DE_FILTRO_DEMONSTRADO"}},{"type":"Feature","geometry":{"type":"Point","coordinates":[-54.81166699999994,-22.267221999999947]},"properties":{"well_id":"3500027143","municipality":"Dourados","hydro_unit":"Formação Serra Geral","domain":"Fraturada","layer_code":"V06","layer_name":"Topo e base brutos coerentes","depth_m":4161.5,"vertical_metadata_n":2,"capture_interval_status":"UNKNOWN_SEM_INTERVALO_DE_FILTRO_DEMONSTRADO"}},{"type":"Feature","geometry":{"type":"Point","coordinates":[-54.61111099999994,-22.04388899999998]},"properties":{"well_id":"3500065121","municipality":"Douradina","hydro_unit":"Formação Serra Geral","domain":"Fraturada","layer_code":"V06","layer_name":"Topo e base brutos coerentes","depth_m":155.0,"vertical_metadata_n":1,"capture_interval_status":"UNKNOWN_SEM_INTERVALO_DE_FILTRO_DEMONSTRADO"}},{"type":"Feature","geometry":{"type":"Point","coordinates":[-54.64583299999998,-20.47305499999993]},"properties":{"well_id":"3500022473","municipality":"Campo Grande","hydro_unit":"Formação Serra Geral","domain":"Fraturada","layer_code":"V06","layer_name":"Topo e base brutos coerentes","depth_m":166.0,"vertical_metadata_n":2,"capture_interval_status":"UNKNOWN_SEM_INTERVALO_DE_FILTRO_DEMONSTRADO"}},{"type":"Feature","geometry":{"type":"Point","coordinates":[-54.654721999999936,-20.522221999999942]},"properties":{"well_id":"3500022535","municipality":"Campo Grande","hydro_unit":"Formação Serra Geral","domain":"Fraturada","layer_code":"V06","layer_name":"Topo e base brutos coerentes","depth_m":162.0,"vertical_metadata_n":2,"capture_interval_status":"UNKNOWN_SEM_INTERVALO_DE_FILTRO_DEMONSTRADO"}},{"type":"Feature","geometry":{"type":"Point","coordinates":[-53.76111099999997,-20.463055999999938]},"properties":{"well_id":"3500065140","municipality":"Ribas do Rio Pardo","hydro_unit":"Grupo Caiuá","domain":"Granular","layer_code":"V06","layer_name":"Topo e base brutos coerentes","depth_m":215.0,"vertical_metadata_n":2,"capture_interval_status":"UNKNOWN_SEM_INTERVALO_DE_FILTRO_DEMONSTRADO"}},{"type":"Feature","geometry":{"type":"Point","coordinates":[-54.91305599999998,-21.194721999999956]},"properties":{"well_id":"3500027247","municipality":"Sidrolândia","hydro_unit":"Grupo Caiuá","domain":"Granular","layer_code":"V06","layer_name":"Topo e base brutos coerentes","depth_m":88.0,"vertical_metadata_n":5,"capture_interval_status":"UNKNOWN_SEM_INTERVALO_DE_FILTRO_DEMONSTRADO"}},{"type":"Feature","geometry":{"type":"Point","coordinates":[-54.227776999999946,-22.407221999999933]},"properties":{"well_id":"3500023378","municipality":"Glória de Dourados","hydro_unit":"Grupo Caiuá","domain":"Granular","layer_code":"V06","layer_name":"Topo e base brutos coerentes","depth_m":150.0,"vertical_metadata_n":6,"capture_interval_status":"UNKNOWN_SEM_INTERVALO_DE_FILTRO_DEMONSTRADO"}},{"type":"Feature","geometry":{"type":"Point","coordinates":[-55.86805499999997,-22.281665999999973]},"properties":{"well_id":"3500023167","municipality":"Antônio João","hydro_unit":"Grupo Caiuá","domain":"Granular","layer_code":"V06","layer_name":"Topo e base brutos coerentes","depth_m":90.0,"vertical_metadata_n":6,"capture_interval_status":"UNKNOWN_SEM_INTERVALO_DE_FILTRO_DEMONSTRADO"}},{"type":"Feature","geometry":{"type":"Point","coordinates":[-54.59527799999995,-20.414999999999964]},"properties":{"well_id":"3500045678","municipality":"Campo Grande","hydro_unit":"Formação Serra Geral","domain":"Fraturada","layer_code":"V06","layer_name":"Topo e base brutos coerentes","depth_m":150.0,"vertical_metadata_n":6,"capture_interval_status":"UNKNOWN_SEM_INTERVALO_DE_FILTRO_DEMONSTRADO"}},{"type":"Feature","geometry":{"type":"Point","coordinates":[-54.121943999999985,-22.177221999999972]},"properties":{"well_id":"3500027217","municipality":"Deodápolis","hydro_unit":"Grupo Caiuá","domain":"Granular","layer_code":"V06","layer_name":"Topo e base brutos coerentes","depth_m":140.0,"vertical_metadata_n":2,"capture_interval_status":"UNKNOWN_SEM_INTERVALO_DE_FILTRO_DEMONSTRADO"}},{"type":"Feature","geometry":{"type":"Point","coordinates":[-54.60222199999998,-20.527776999999958]},"properties":{"well_id":"3500022910","municipality":"Campo Grande","hydro_unit":"Formação Serra Geral","domain":"Fraturada","layer_code":"V06","layer_name":"Topo e base brutos coerentes","depth_m":150.0,"vertical_metadata_n":2,"capture_interval_status":"UNKNOWN_SEM_INTERVALO_DE_FILTRO_DEMONSTRADO"}},{"type":"Feature","geometry":{"type":"Point","coordinates":[-55.21249999999998,-23.142776999999967]},"properties":{"well_id":"3500023144","municipality":"Amambai","hydro_unit":"Formação Serra Geral","domain":"Fraturada","layer_code":"V06","layer_name":"Topo e base brutos coerentes","depth_m":97.0,"vertical_metadata_n":2,"capture_interval_status":"UNKNOWN_SEM_INTERVALO_DE_FILTRO_DEMONSTRADO"}},{"type":"Feature","geometry":{"type":"Point","coordinates":[-54.43111099999999,-21.651943999999958]},"properties":{"well_id":"3500065134","municipality":"Rio Brilhante","hydro_unit":"Formação Serra Geral","domain":"Fraturada","layer_code":"V06","layer_name":"Topo e base brutos coerentes","depth_m":260.0,"vertical_metadata_n":2,"capture_interval_status":"UNKNOWN_SEM_INTERVALO_DE_FILTRO_DEMONSTRADO"}},{"type":"Feature","geometry":{"type":"Point","coordinates":[-54.95361099999997,-20.924443999999937]},"properties":{"well_id":"3500022812","municipality":"Sidrolândia","hydro_unit":"Formação Serra Geral","domain":"Fraturada","layer_code":"V06","layer_name":"Topo e base brutos coerentes","depth_m":150.0,"vertical_metadata_n":2,"capture_interval_status":"UNKNOWN_SEM_INTERVALO_DE_FILTRO_DEMONSTRADO"}},{"type":"Feature","geometry":{"type":"Point","coordinates":[-54.57361099999997,-20.507499999999936]},"properties":{"well_id":"3500022913","municipality":"Campo Grande","hydro_unit":"Formação Serra Geral","domain":"Fraturada","layer_code":"V06","layer_name":"Topo e base brutos coerentes","depth_m":241.0,"vertical_metadata_n":2,"capture_interval_status":"UNKNOWN_SEM_INTERVALO_DE_FILTRO_DEMONSTRADO"}},{"type":"Feature","geometry":{"type":"Point","coordinates":[-54.926387999999974,-20.898054999999943]},"properties":{"well_id":"3500022814","municipality":"Sidrolândia","hydro_unit":"Formação Serra Geral","domain":"Fraturada","layer_code":"V06","layer_name":"Topo e base brutos coerentes","depth_m":160.0,"vertical_metadata_n":2,"capture_interval_status":"UNKNOWN_SEM_INTERVALO_DE_FILTRO_DEMONSTRADO"}},{"type":"Feature","geometry":{"type":"Point","coordinates":[-54.966665999999975,-20.937221999999963]},"properties":{"well_id":"3500022809","municipality":"Sidrolândia","hydro_unit":"Formação Serra Geral","domain":"Fraturada","layer_code":"V06","layer_name":"Topo e base brutos coerentes","depth_m":150.0,"vertical_metadata_n":2,"capture_interval_status":"UNKNOWN_SEM_INTERVALO_DE_FILTRO_DEMONSTRADO"}},{"type":"Feature","geometry":{"type":"Point","coordinates":[-54.674999999999955,-21.975832999999966]},"properties":{"well_id":"3500022870","municipality":"Itaporã","hydro_unit":"Formação Serra Geral","domain":"Fraturada","layer_code":"V06","layer_name":"Topo e base brutos coerentes","depth_m":185.0,"vertical_metadata_n":2,"capture_interval_status":"UNKNOWN_SEM_INTERVALO_DE_FILTRO_DEMONSTRADO"}},{"type":"Feature","geometry":{"type":"Point","coordinates":[-54.63166599999994,-20.455554999999947]},"properties":{"well_id":"3500022892","municipality":"Campo Grande","hydro_unit":"Formação Serra Geral","domain":"Fraturada","layer_code":"V06","layer_name":"Topo e base brutos coerentes","depth_m":170.0,"vertical_metadata_n":2,"capture_interval_status":"UNKNOWN_SEM_INTERVALO_DE_FILTRO_DEMONSTRADO"}},{"type":"Feature","geometry":{"type":"Point","coordinates":[-55.19388799999996,-23.09583299999997]},"properties":{"well_id":"3500023146","municipality":"Amambai","hydro_unit":"Formação Serra Geral","domain":"Fraturada","layer_code":"V06","layer_name":"Topo e base brutos coerentes","depth_m":140.0,"vertical_metadata_n":2,"capture_interval_status":"UNKNOWN_SEM_INTERVALO_DE_FILTRO_DEMONSTRADO"}},{"type":"Feature","geometry":{"type":"Point","coordinates":[-55.45416599999999,-20.734999999999957]},"properties":{"well_id":"3500023203","municipality":"Dois Irmãos do Buriti","hydro_unit":"Formação Serra Geral","domain":"Fraturada","layer_code":"V06","layer_name":"Topo e base brutos coerentes","depth_m":90.0,"vertical_metadata_n":6,"capture_interval_status":"UNKNOWN_SEM_INTERVALO_DE_FILTRO_DEMONSTRADO"}},{"type":"Feature","geometry":{"type":"Point","coordinates":[-53.39166599999999,-22.562499999999943]},"properties":{"well_id":"3500023385","municipality":"Taquarussu","hydro_unit":"Grupo Caiuá","domain":"Granular","layer_code":"V06","layer_name":"Topo e base brutos coerentes","depth_m":114.0,"vertical_metadata_n":6,"capture_interval_status":"UNKNOWN_SEM_INTERVALO_DE_FILTRO_DEMONSTRADO"}},{"type":"Feature","geometry":{"type":"Point","coordinates":[-55.819721999999956,-21.159999999999968]},"properties":{"well_id":"3500028107","municipality":"Nioaque","hydro_unit":"Formação Botucatu","domain":"Granular","layer_code":"V06","layer_name":"Topo e base brutos coerentes","depth_m":50.0,"vertical_metadata_n":6,"capture_interval_status":"UNKNOWN_SEM_INTERVALO_DE_FILTRO_DEMONSTRADO"}},{"type":"Feature","geometry":{"type":"Point","coordinates":[-53.16916699999996,-18.463332999999977]},"properties":{"well_id":"3500045665","municipality":"Costa Rica","hydro_unit":"Grupo Caiuá","domain":"Granular","layer_code":"V06","layer_name":"Topo e base brutos coerentes","depth_m":120.0,"vertical_metadata_n":5,"capture_interval_status":"UNKNOWN_SEM_INTERVALO_DE_FILTRO_DEMONSTRADO"}},{"type":"Feature","geometry":{"type":"Point","coordinates":[-54.819721999999956,-22.63861099999997]},"properties":{"well_id":"3500027116","municipality":"Caarapó","hydro_unit":"Grupo Caiuá","domain":"Granular","layer_code":"V06","layer_name":"Topo e base brutos coerentes","depth_m":150.0,"vertical_metadata_n":2,"capture_interval_status":"UNKNOWN_SEM_INTERVALO_DE_FILTRO_DEMONSTRADO"}},{"type":"Feature","geometry":{"type":"Point","coordinates":[-55.23472199999998,-23.10611099999994]},"properties":{"well_id":"3500022681","municipality":"Amambai","hydro_unit":"Formação Serra Geral","domain":"Fraturada","layer_code":"V06","layer_name":"Topo e base brutos coerentes","depth_m":150.0,"vertical_metadata_n":2,"capture_interval_status":"UNKNOWN_SEM_INTERVALO_DE_FILTRO_DEMONSTRADO"}},{"type":"Feature","geometry":{"type":"Point","coordinates":[-51.74194399999993,-20.85916599999996]},"properties":{"well_id":"3500023299","municipality":"Três Lagoas","hydro_unit":"Grupo Caiuá","domain":"Granular","layer_code":"V06","layer_name":"Topo e base brutos coerentes","depth_m":4582.0,"vertical_metadata_n":2,"capture_interval_status":"UNKNOWN_SEM_INTERVALO_DE_FILTRO_DEMONSTRADO"}},{"type":"Feature","geometry":{"type":"Point","coordinates":[-51.798055999999974,-20.99222199999997]},"properties":{"well_id":"3500045680","municipality":"Três Lagoas","hydro_unit":"Grupo Caiuá","domain":"Granular","layer_code":"V06","layer_name":"Topo e base brutos coerentes","depth_m":132.0,"vertical_metadata_n":5,"capture_interval_status":"UNKNOWN_SEM_INTERVALO_DE_FILTRO_DEMONSTRADO"}},{"type":"Feature","geometry":{"type":"Point","coordinates":[-55.352776999999946,-20.68083299999995]},"properties":{"well_id":"3500023208","municipality":"Dois Irmãos do Buriti","hydro_unit":"Formação Botucatu","domain":"Granular","layer_code":"V06","layer_name":"Topo e base brutos coerentes","depth_m":100.0,"vertical_metadata_n":6,"capture_interval_status":"UNKNOWN_SEM_INTERVALO_DE_FILTRO_DEMONSTRADO"}},{"type":"Feature","geometry":{"type":"Point","coordinates":[-54.48611099999994,-22.138332999999932]},"properties":{"well_id":"3500022856","municipality":"Dourados","hydro_unit":"Formação Serra Geral","domain":"Fraturada","layer_code":"V06","layer_name":"Topo e base brutos coerentes","depth_m":291.0,"vertical_metadata_n":2,"capture_interval_status":"UNKNOWN_SEM_INTERVALO_DE_FILTRO_DEMONSTRADO"}},{"type":"Feature","geometry":{"type":"Point","coordinates":[-54.787221999999986,-22.07722199999995]},"properties":{"well_id":"3500022852","municipality":"Itaporã","hydro_unit":"Formação Serra Geral","domain":"Fraturada","layer_code":"V06","layer_name":"Topo e base brutos coerentes","depth_m":105.0,"vertical_metadata_n":2,"capture_interval_status":"UNKNOWN_SEM_INTERVALO_DE_FILTRO_DEMONSTRADO"}},{"type":"Feature","geometry":{"type":"Point","coordinates":[-54.58694399999996,-20.52444399999996]},"properties":{"well_id":"3500022500","municipality":"Campo Grande","hydro_unit":"Formação Serra Geral","domain":"Fraturada","layer_code":"V06","layer_name":"Topo e base brutos coerentes","depth_m":123.0,"vertical_metadata_n":2,"capture_interval_status":"UNKNOWN_SEM_INTERVALO_DE_FILTRO_DEMONSTRADO"}},{"type":"Feature","geometry":{"type":"Point","coordinates":[-54.82638799999995,-22.62805499999996]},"properties":{"well_id":"3500022694","municipality":"Caarapó","hydro_unit":"Grupo Caiuá","domain":"Granular","layer_code":"V06","layer_name":"Topo e base brutos coerentes","depth_m":125.0,"vertical_metadata_n":2,"capture_interval_status":"UNKNOWN_SEM_INTERVALO_DE_FILTRO_DEMONSTRADO"}},{"type":"Feature","geometry":{"type":"Point","coordinates":[-54.956943999999964,-20.91388799999993]},"properties":{"well_id":"3500022810","municipality":"Sidrolândia","hydro_unit":"Formação Serra Geral","domain":"Fraturada","layer_code":"V06","layer_name":"Topo e base brutos coerentes","depth_m":95.0,"vertical_metadata_n":2,"capture_interval_status":"UNKNOWN_SEM_INTERVALO_DE_FILTRO_DEMONSTRADO"}},{"type":"Feature","geometry":{"type":"Point","coordinates":[-54.633332999999936,-20.459443999999962]},"properties":{"well_id":"3500022893","municipality":"Campo Grande","hydro_unit":"Formação Serra Geral","domain":"Fraturada","layer_code":"V06","layer_name":"Topo e base brutos coerentes","depth_m":150.0,"vertical_metadata_n":2,"capture_interval_status":"UNKNOWN_SEM_INTERVALO_DE_FILTRO_DEMONSTRADO"}},{"type":"Feature","geometry":{"type":"Point","coordinates":[-54.60888799999998,-20.520276999999965]},"properties":{"well_id":"3500022929","municipality":"Campo Grande","hydro_unit":"Formação Serra Geral","domain":"Fraturada","layer_code":"V06","layer_name":"Topo e base brutos coerentes","depth_m":526.0,"vertical_metadata_n":2,"capture_interval_status":"UNKNOWN_SEM_INTERVALO_DE_FILTRO_DEMONSTRADO"}},{"type":"Feature","geometry":{"type":"Point","coordinates":[-54.633055999999954,-20.50499999999994]},"properties":{"well_id":"3500065099","municipality":"Campo Grande","hydro_unit":"Formação Serra Geral","domain":"Fraturada","layer_code":"V06","layer_name":"Topo e base brutos coerentes","depth_m":110.0,"vertical_metadata_n":2,"capture_interval_status":"UNKNOWN_SEM_INTERVALO_DE_FILTRO_DEMONSTRADO"}},{"type":"Feature","geometry":{"type":"Point","coordinates":[-54.63888899999995,-20.46999999999997]},"properties":{"well_id":"3500065106","municipality":"Campo Grande","hydro_unit":"Formação Serra Geral","domain":"Fraturada","layer_code":"V06","layer_name":"Topo e base brutos coerentes","depth_m":600.0,"vertical_metadata_n":2,"capture_interval_status":"UNKNOWN_SEM_INTERVALO_DE_FILTRO_DEMONSTRADO"}},{"type":"Feature","geometry":{"type":"Point","coordinates":[-54.74888899999996,-22.038055999999983]},"properties":{"well_id":"3500065131","municipality":"Itaporã","hydro_unit":"Formação Serra Geral","domain":"Fraturada","layer_code":"V06","layer_name":"Topo e base brutos coerentes","depth_m":150.0,"vertical_metadata_n":2,"capture_interval_status":"UNKNOWN_SEM_INTERVALO_DE_FILTRO_DEMONSTRADO"}},{"type":"Feature","geometry":{"type":"Point","coordinates":[-54.56666699999994,-19.268610999999964]},"properties":{"well_id":"3500026924","municipality":"São Gabriel do Oeste","hydro_unit":"Grupo Bauru","domain":"Granular","layer_code":"V06","layer_name":"Topo e base brutos coerentes","depth_m":78.0,"vertical_metadata_n":3,"capture_interval_status":"UNKNOWN_SEM_INTERVALO_DE_FILTRO_DEMONSTRADO"}},{"type":"Feature","geometry":{"type":"Point","coordinates":[-54.60833299999996,-19.29611099999994]},"properties":{"well_id":"3500026922","municipality":"São Gabriel do Oeste","hydro_unit":"Grupo Bauru","domain":"Granular","layer_code":"V06","layer_name":"Topo e base brutos coerentes","depth_m":26.0,"vertical_metadata_n":3,"capture_interval_status":"UNKNOWN_SEM_INTERVALO_DE_FILTRO_DEMONSTRADO"}},{"type":"Feature","geometry":{"type":"Point","coordinates":[-54.819443999999976,-22.64138799999995]},"properties":{"well_id":"3500023367","municipality":"Caarapó","hydro_unit":"Grupo Caiuá","domain":"Granular","layer_code":"V06","layer_name":"Topo e base brutos coerentes","depth_m":150.0,"vertical_metadata_n":6,"capture_interval_status":"UNKNOWN_SEM_INTERVALO_DE_FILTRO_DEMONSTRADO"}},{"type":"Feature","geometry":{"type":"Point","coordinates":[-54.81166699999994,-22.611388999999974]},"properties":{"well_id":"3500026930","municipality":"Caarapó","hydro_unit":"Grupo Caiuá","domain":"Granular","layer_code":"V06","layer_name":"Topo e base brutos coerentes","depth_m":105.0,"vertical_metadata_n":4,"capture_interval_status":"UNKNOWN_SEM_INTERVALO_DE_FILTRO_DEMONSTRADO"}},{"type":"Feature","geometry":{"type":"Point","coordinates":[-52.87083299999995,-20.445832999999936]},"properties":{"well_id":"3500027053","municipality":"Água Clara","hydro_unit":"Grupo Caiuá","domain":"Granular","layer_code":"V06","layer_name":"Topo e base brutos coerentes","depth_m":54.0,"vertical_metadata_n":2,"capture_interval_status":"UNKNOWN_SEM_INTERVALO_DE_FILTRO_DEMONSTRADO"}},{"type":"Feature","geometry":{"type":"Point","coordinates":[-54.069166999999936,-22.05388899999997]},"properties":{"well_id":"3500045607","municipality":"Angélica","hydro_unit":"Grupo Caiuá","domain":"Granular","layer_code":"V06","layer_name":"Topo e base brutos coerentes","depth_m":120.0,"vertical_metadata_n":4,"capture_interval_status":"UNKNOWN_SEM_INTERVALO_DE_FILTRO_DEMONSTRADO"}},{"type":"Feature","geometry":{"type":"Point","coordinates":[-54.53027799999995,-20.47055599999993]},"properties":{"well_id":"3500045683","municipality":"Campo Grande","hydro_unit":"Formação Serra Geral","domain":"Fraturada","layer_code":"V06","layer_name":"Topo e base brutos coerentes","depth_m":91.0,"vertical_metadata_n":5,"capture_interval_status":"UNKNOWN_SEM_INTERVALO_DE_FILTRO_DEMONSTRADO"}},{"type":"Feature","geometry":{"type":"Point","coordinates":[-52.31277799999998,-21.682777999999928]},"properties":{"well_id":"3500045687","municipality":"Bataguassu","hydro_unit":"Grupo Caiuá","domain":"Granular","layer_code":"V06","layer_name":"Topo e base brutos coerentes","depth_m":60.0,"vertical_metadata_n":5,"capture_interval_status":"UNKNOWN_SEM_INTERVALO_DE_FILTRO_DEMONSTRADO"}},{"type":"Feature","geometry":{"type":"Point","coordinates":[-54.622221999999965,-20.521388999999942]},"properties":{"well_id":"3500065049","municipality":"Campo Grande","hydro_unit":"Formação Serra Geral","domain":"Fraturada","layer_code":"V06","layer_name":"Topo e base brutos coerentes","depth_m":59.5,"vertical_metadata_n":4,"capture_interval_status":"UNKNOWN_SEM_INTERVALO_DE_FILTRO_DEMONSTRADO"}},{"type":"Feature","geometry":{"type":"Point","coordinates":[-54.86111099999994,-20.427777999999932]},"properties":{"well_id":"3500065077","municipality":"Terenos","hydro_unit":"Formação Serra Geral","domain":"Fraturada","layer_code":"V06","layer_name":"Topo e base brutos coerentes","depth_m":100.0,"vertical_metadata_n":4,"capture_interval_status":"UNKNOWN_SEM_INTERVALO_DE_FILTRO_DEMONSTRADO"}},{"type":"Feature","geometry":{"type":"Point","coordinates":[-51.723888999999986,-20.807221999999967]},"properties":{"well_id":"3500065083","municipality":"Três Lagoas","hydro_unit":"Grupo Caiuá","domain":"Granular","layer_code":"V06","layer_name":"Topo e base brutos coerentes","depth_m":80.0,"vertical_metadata_n":4,"capture_interval_status":"UNKNOWN_SEM_INTERVALO_DE_FILTRO_DEMONSTRADO"}},{"type":"Feature","geometry":{"type":"Point","coordinates":[-55.96055599999994,-22.183888999999965]},"properties":{"well_id":"3500065007","municipality":"Antônio João","hydro_unit":"Formação Serra Geral","domain":"Fraturada","layer_code":"V06","layer_name":"Topo e base brutos coerentes","depth_m":204.0,"vertical_metadata_n":2,"capture_interval_status":"UNKNOWN_SEM_INTERVALO_DE_FILTRO_DEMONSTRADO"}},{"type":"Feature","geometry":{"type":"Point","coordinates":[-54.61805599999997,-20.445555999999954]},"properties":{"well_id":"3500065028","municipality":"Campo Grande","hydro_unit":"Formação Serra Geral","domain":"Fraturada","layer_code":"V06","layer_name":"Topo e base brutos coerentes","depth_m":102.0,"vertical_metadata_n":5,"capture_interval_status":"UNKNOWN_SEM_INTERVALO_DE_FILTRO_DEMONSTRADO"}},{"type":"Feature","geometry":{"type":"Point","coordinates":[-51.41805499999998,-20.366387999999972]},"properties":{"well_id":"3500023304","municipality":"Selvíria","hydro_unit":"Grupo Caiuá","domain":"Granular","layer_code":"V06","layer_name":"Topo e base brutos coerentes","depth_m":160.0,"vertical_metadata_n":6,"capture_interval_status":"UNKNOWN_SEM_INTERVALO_DE_FILTRO_DEMONSTRADO"}},{"type":"Feature","geometry":{"type":"Point","coordinates":[-51.10499999999996,-20.073887999999954]},"properties":{"well_id":"3500023318","municipality":"Aparecida do Taboado","hydro_unit":"Grupo Caiuá","domain":"Granular","layer_code":"V06","layer_name":"Topo e base brutos coerentes","depth_m":121.5,"vertical_metadata_n":6,"capture_interval_status":"UNKNOWN_SEM_INTERVALO_DE_FILTRO_DEMONSTRADO"}},{"type":"Feature","geometry":{"type":"Point","coordinates":[-55.72805499999998,-22.530832999999973]},"properties":{"well_id":"3500022743","municipality":"Ponta Porã","hydro_unit":"Grupo Caiuá","domain":"Granular","layer_code":"V06","layer_name":"Topo e base brutos coerentes","depth_m":615.0,"vertical_metadata_n":2,"capture_interval_status":"UNKNOWN_SEM_INTERVALO_DE_FILTRO_DEMONSTRADO"}},{"type":"Feature","geometry":{"type":"Point","coordinates":[-51.811665999999946,-19.095554999999933]},"properties":{"well_id":"3500023326","municipality":"Cassilândia","hydro_unit":"Grupo Bauru","domain":"Granular","layer_code":"V06","layer_name":"Topo e base brutos coerentes","depth_m":205.0,"vertical_metadata_n":6,"capture_interval_status":"UNKNOWN_SEM_INTERVALO_DE_FILTRO_DEMONSTRADO"}},{"type":"Feature","geometry":{"type":"Point","coordinates":[-54.59305599999993,-20.47999999999996]},"properties":{"well_id":"3500065105","municipality":"Campo Grande","hydro_unit":"Formação Serra Geral","domain":"Fraturada","layer_code":"V06","layer_name":"Topo e base brutos coerentes","depth_m":460.0,"vertical_metadata_n":2,"capture_interval_status":"UNKNOWN_SEM_INTERVALO_DE_FILTRO_DEMONSTRADO"}},{"type":"Feature","geometry":{"type":"Point","coordinates":[-54.55222199999997,-21.79444399999994]},"properties":{"well_id":"3500045619","municipality":"Rio Brilhante","hydro_unit":"Formação Serra Geral","domain":"Fraturada","layer_code":"V06","layer_name":"Topo e base brutos coerentes","depth_m":146.0,"vertical_metadata_n":2,"capture_interval_status":"UNKNOWN_SEM_INTERVALO_DE_FILTRO_DEMONSTRADO"}},{"type":"Feature","geometry":{"type":"Point","coordinates":[-54.31111099999998,-21.86944399999993]},"properties":{"well_id":"3500045674","municipality":"Rio Brilhante","hydro_unit":"Formação Serra Geral","domain":"Fraturada","layer_code":"V06","layer_name":"Topo e base brutos coerentes","depth_m":60.0,"vertical_metadata_n":5,"capture_interval_status":"UNKNOWN_SEM_INTERVALO_DE_FILTRO_DEMONSTRADO"}},{"type":"Feature","geometry":{"type":"Point","coordinates":[-54.62416699999994,-20.53527799999995]},"properties":{"well_id":"3500045679","municipality":"Campo Grande","hydro_unit":"Formação Serra Geral","domain":"Fraturada","layer_code":"V06","layer_name":"Topo e base brutos coerentes","depth_m":195.5,"vertical_metadata_n":6,"capture_interval_status":"UNKNOWN_SEM_INTERVALO_DE_FILTRO_DEMONSTRADO"}},{"type":"Feature","geometry":{"type":"Point","coordinates":[-56.70027799999997,-20.133332999999936]},"properties":{"well_id":"3500045684","municipality":"Miranda","hydro_unit":"Formação Pantanal","domain":"Granular","layer_code":"V06","layer_name":"Topo e base brutos coerentes","depth_m":108.0,"vertical_metadata_n":5,"capture_interval_status":"UNKNOWN_SEM_INTERVALO_DE_FILTRO_DEMONSTRADO"}},{"type":"Feature","geometry":{"type":"Point","coordinates":[-54.89138899999995,-20.35583299999996]},"properties":{"well_id":"3500045688","municipality":"Terenos","hydro_unit":"Formação Serra Geral","domain":"Fraturada","layer_code":"V06","layer_name":"Topo e base brutos coerentes","depth_m":110.0,"vertical_metadata_n":5,"capture_interval_status":"UNKNOWN_SEM_INTERVALO_DE_FILTRO_DEMONSTRADO"}},{"type":"Feature","geometry":{"type":"Point","coordinates":[-51.829999999999984,-20.98194399999994]},"properties":{"well_id":"3500045706","municipality":"Três Lagoas","hydro_unit":"Grupo Caiuá","domain":"Granular","layer_code":"V06","layer_name":"Topo e base brutos coerentes","depth_m":122.0,"vertical_metadata_n":5,"capture_interval_status":"UNKNOWN_SEM_INTERVALO_DE_FILTRO_DEMONSTRADO"}},{"type":"Feature","geometry":{"type":"Point","coordinates":[-51.822499999999934,-20.993888999999967]},"properties":{"well_id":"3500045712","municipality":"Três Lagoas","hydro_unit":"Grupo Caiuá","domain":"Granular","layer_code":"V06","layer_name":"Topo e base brutos coerentes","depth_m":116.0,"vertical_metadata_n":5,"capture_interval_status":"UNKNOWN_SEM_INTERVALO_DE_FILTRO_DEMONSTRADO"}},{"type":"Feature","geometry":{"type":"Point","coordinates":[-54.788332999999966,-22.312499999999943]},"properties":{"well_id":"3500053079","municipality":"Dourados","hydro_unit":"Formação Serra Geral","domain":"Fraturada","layer_code":"V06","layer_name":"Topo e base brutos coerentes","depth_m":72.0,"vertical_metadata_n":5,"capture_interval_status":"UNKNOWN_SEM_INTERVALO_DE_FILTRO_DEMONSTRADO"}},{"type":"Feature","geometry":{"type":"Point","coordinates":[-54.791110999999944,-22.676388999999972]},"properties":{"well_id":"3500053089","municipality":"Caarapó","hydro_unit":"Grupo Caiuá","domain":"Granular","layer_code":"V06","layer_name":"Topo e base brutos coerentes","depth_m":110.0,"vertical_metadata_n":5,"capture_interval_status":"UNKNOWN_SEM_INTERVALO_DE_FILTRO_DEMONSTRADO"}},{"type":"Feature","geometry":{"type":"Point","coordinates":[-54.559166999999945,-20.459443999999962]},"properties":{"well_id":"3500065030","municipality":"Campo Grande","hydro_unit":"Formação Serra Geral","domain":"Fraturada","layer_code":"V06","layer_name":"Topo e base brutos coerentes","depth_m":33.0,"vertical_metadata_n":4,"capture_interval_status":"UNKNOWN_SEM_INTERVALO_DE_FILTRO_DEMONSTRADO"}},{"type":"Feature","geometry":{"type":"Point","coordinates":[-54.57583299999993,-20.464443999999958]},"properties":{"well_id":"3500065032","municipality":"Campo Grande","hydro_unit":"Formação Serra Geral","domain":"Fraturada","layer_code":"V06","layer_name":"Topo e base brutos coerentes","depth_m":100.0,"vertical_metadata_n":4,"capture_interval_status":"UNKNOWN_SEM_INTERVALO_DE_FILTRO_DEMONSTRADO"}},{"type":"Feature","geometry":{"type":"Point","coordinates":[-54.535555999999985,-21.808888999999965]},"properties":{"well_id":"3500065069","municipality":"Rio Brilhante","hydro_unit":"Formação Serra Geral","domain":"Fraturada","layer_code":"V06","layer_name":"Topo e base brutos coerentes","depth_m":110.0,"vertical_metadata_n":4,"capture_interval_status":"UNKNOWN_SEM_INTERVALO_DE_FILTRO_DEMONSTRADO"}},{"type":"Feature","geometry":{"type":"Point","coordinates":[-52.87583299999994,-20.43027799999993]},"properties":{"well_id":"3500064999","municipality":"Água Clara","hydro_unit":"Grupo Caiuá","domain":"Granular","layer_code":"V06","layer_name":"Topo e base brutos coerentes","depth_m":150.0,"vertical_metadata_n":5,"capture_interval_status":"UNKNOWN_SEM_INTERVALO_DE_FILTRO_DEMONSTRADO"}},{"type":"Feature","geometry":{"type":"Point","coordinates":[-56.45027799999997,-21.13999999999993]},"properties":{"well_id":"3500065019","municipality":"Bonito","hydro_unit":"Grupo Cuiaba","domain":"Cárstica","layer_code":"V06","layer_name":"Topo e base brutos coerentes","depth_m":82.0,"vertical_metadata_n":5,"capture_interval_status":"UNKNOWN_SEM_INTERVALO_DE_FILTRO_DEMONSTRADO"}},{"type":"Feature","geometry":{"type":"Point","coordinates":[-54.62805599999996,-20.47805599999998]},"properties":{"well_id":"3500065103","municipality":"Campo Grande","hydro_unit":"Formação Serra Geral","domain":"Fraturada","layer_code":"V06","layer_name":"Topo e base brutos coerentes","depth_m":630.0,"vertical_metadata_n":2,"capture_interval_status":"UNKNOWN_SEM_INTERVALO_DE_FILTRO_DEMONSTRADO"}},{"type":"Feature","geometry":{"type":"Point","coordinates":[-54.62416699999994,-20.413888999999926]},"properties":{"well_id":"3500045698","municipality":"Campo Grande","hydro_unit":"Formação Serra Geral","domain":"Fraturada","layer_code":"V06","layer_name":"Topo e base brutos coerentes","depth_m":120.0,"vertical_metadata_n":6,"capture_interval_status":"UNKNOWN_SEM_INTERVALO_DE_FILTRO_DEMONSTRADO"}},{"type":"Feature","geometry":{"type":"Point","coordinates":[-56.14138799999995,-21.490832999999952]},"properties":{"well_id":"3500023347","municipality":"Jardim","hydro_unit":"Formação Aquidauana","domain":"Granular","layer_code":"V06","layer_name":"Topo e base brutos coerentes","depth_m":166.0,"vertical_metadata_n":6,"capture_interval_status":"UNKNOWN_SEM_INTERVALO_DE_FILTRO_DEMONSTRADO"}},{"type":"Feature","geometry":{"type":"Point","coordinates":[-53.89861099999996,-22.38777799999997]},"properties":{"well_id":"3500045702","municipality":"Ivinhema","hydro_unit":"Grupo Caiuá","domain":"Granular","layer_code":"V06","layer_name":"Topo e base brutos coerentes","depth_m":1100.0,"vertical_metadata_n":5,"capture_interval_status":"UNKNOWN_SEM_INTERVALO_DE_FILTRO_DEMONSTRADO"}},{"type":"Feature","geometry":{"type":"Point","coordinates":[-55.207776999999965,-23.061665999999946]},"properties":{"well_id":"3500023149","municipality":"Amambai","hydro_unit":"Formação Serra Geral","domain":"Fraturada","layer_code":"V06","layer_name":"Topo e base brutos coerentes","depth_m":114.0,"vertical_metadata_n":6,"capture_interval_status":"UNKNOWN_SEM_INTERVALO_DE_FILTRO_DEMONSTRADO"}},{"type":"Feature","geometry":{"type":"Point","coordinates":[-51.927776999999935,-19.73333299999996]},"properties":{"well_id":"3500022587","municipality":"Inocência","hydro_unit":"Grupo Bauru","domain":"Granular","layer_code":"V06","layer_name":"Topo e base brutos coerentes","depth_m":660.0,"vertical_metadata_n":2,"capture_interval_status":"UNKNOWN_SEM_INTERVALO_DE_FILTRO_DEMONSTRADO"}},{"type":"Feature","geometry":{"type":"Point","coordinates":[-54.60861099999994,-20.551943999999935]},"properties":{"well_id":"3500022918","municipality":"Campo Grande","hydro_unit":"Formação Serra Geral","domain":"Fraturada","layer_code":"V06","layer_name":"Topo e base brutos coerentes","depth_m":305.0,"vertical_metadata_n":2,"capture_interval_status":"UNKNOWN_SEM_INTERVALO_DE_FILTRO_DEMONSTRADO"}},{"type":"Feature","geometry":{"type":"Point","coordinates":[-55.23638799999998,-23.09722199999993]},"properties":{"well_id":"3500022684","municipality":"Amambai","hydro_unit":"Formação Serra Geral","domain":"Fraturada","layer_code":"V06","layer_name":"Topo e base brutos coerentes","depth_m":160.0,"vertical_metadata_n":2,"capture_interval_status":"UNKNOWN_SEM_INTERVALO_DE_FILTRO_DEMONSTRADO"}},{"type":"Feature","geometry":{"type":"Point","coordinates":[-55.165832999999964,-22.52638799999994]},"properties":{"well_id":"3500022712","municipality":"Laguna Carapã","hydro_unit":"Formação Serra Geral","domain":"Fraturada","layer_code":"V06","layer_name":"Topo e base brutos coerentes","depth_m":99.0,"vertical_metadata_n":2,"capture_interval_status":"UNKNOWN_SEM_INTERVALO_DE_FILTRO_DEMONSTRADO"}},{"type":"Feature","geometry":{"type":"Point","coordinates":[-54.61388899999997,-20.488055999999972]},"properties":{"well_id":"3500065104","municipality":"Campo Grande","hydro_unit":"Formação Serra Geral","domain":"Fraturada","layer_code":"V06","layer_name":"Topo e base brutos coerentes","depth_m":150.0,"vertical_metadata_n":2,"capture_interval_status":"UNKNOWN_SEM_INTERVALO_DE_FILTRO_DEMONSTRADO"}},{"type":"Feature","geometry":{"type":"Point","coordinates":[-55.35499999999996,-22.08611099999996]},"properties":{"well_id":"3500065128","municipality":"Dourados","hydro_unit":"Grupo Caiuá","domain":"Granular","layer_code":"V06","layer_name":"Topo e base brutos coerentes","depth_m":80.0,"vertical_metadata_n":2,"capture_interval_status":"UNKNOWN_SEM_INTERVALO_DE_FILTRO_DEMONSTRADO"}},{"type":"Feature","geometry":{"type":"Point","coordinates":[-51.84305599999993,-20.99277799999993]},"properties":{"well_id":"3500045704","municipality":"Três Lagoas","hydro_unit":"Grupo Caiuá","domain":"Granular","layer_code":"V06","layer_name":"Topo e base brutos coerentes","depth_m":166.0,"vertical_metadata_n":5,"capture_interval_status":"UNKNOWN_SEM_INTERVALO_DE_FILTRO_DEMONSTRADO"}},{"type":"Feature","geometry":{"type":"Point","coordinates":[-54.54388899999998,-20.500832999999943]},"properties":{"well_id":"3500065035","municipality":"Campo Grande","hydro_unit":"Formação Serra Geral","domain":"Fraturada","layer_code":"V06","layer_name":"Topo e base brutos coerentes","depth_m":34.0,"vertical_metadata_n":4,"capture_interval_status":"UNKNOWN_SEM_INTERVALO_DE_FILTRO_DEMONSTRADO"}},{"type":"Feature","geometry":{"type":"Point","coordinates":[-54.61666699999995,-20.51499999999993]},"properties":{"well_id":"3500065042","municipality":"Campo Grande","hydro_unit":"Formação Serra Geral","domain":"Fraturada","layer_code":"V06","layer_name":"Topo e base brutos coerentes","depth_m":164.0,"vertical_metadata_n":4,"capture_interval_status":"UNKNOWN_SEM_INTERVALO_DE_FILTRO_DEMONSTRADO"}},{"type":"Feature","geometry":{"type":"Point","coordinates":[-54.16888899999998,-22.288332999999966]},"properties":{"well_id":"3500065052","municipality":"Deodápolis","hydro_unit":"Grupo Caiuá","domain":"Granular","layer_code":"V06","layer_name":"Topo e base brutos coerentes","depth_m":102.0,"vertical_metadata_n":4,"capture_interval_status":"UNKNOWN_SEM_INTERVALO_DE_FILTRO_DEMONSTRADO"}},{"type":"Feature","geometry":{"type":"Point","coordinates":[-54.44916699999993,-22.53305599999993]},"properties":{"well_id":"3500065084","municipality":"Vicentina","hydro_unit":"Grupo Caiuá","domain":"Granular","layer_code":"V06","layer_name":"Topo e base brutos coerentes","depth_m":102.0,"vertical_metadata_n":4,"capture_interval_status":"UNKNOWN_SEM_INTERVALO_DE_FILTRO_DEMONSTRADO"}},{"type":"Feature","geometry":{"type":"Point","coordinates":[-54.85749999999996,-21.937499999999943]},"properties":{"well_id":"3500065059","municipality":"Itaporã","hydro_unit":"Formação Serra Geral","domain":"Fraturada","layer_code":"V06","layer_name":"Topo e base brutos coerentes","depth_m":90.0,"vertical_metadata_n":4,"capture_interval_status":"UNKNOWN_SEM_INTERVALO_DE_FILTRO_DEMONSTRADO"}},{"type":"Feature","geometry":{"type":"Point","coordinates":[-53.36027799999994,-19.87527799999998]},"properties":{"well_id":"3500065002","municipality":"Água Clara","hydro_unit":"Formação Serra Geral","domain":"Fraturada","layer_code":"V06","layer_name":"Topo e base brutos coerentes","depth_m":168.0,"vertical_metadata_n":5,"capture_interval_status":"UNKNOWN_SEM_INTERVALO_DE_FILTRO_DEMONSTRADO"}},{"type":"Feature","geometry":{"type":"Point","coordinates":[-55.943055999999956,-22.195555999999954]},"properties":{"well_id":"3500065005","municipality":"Antônio João","hydro_unit":"Formação Serra Geral","domain":"Fraturada","layer_code":"V06","layer_name":"Topo e base brutos coerentes","depth_m":146.0,"vertical_metadata_n":5,"capture_interval_status":"UNKNOWN_SEM_INTERVALO_DE_FILTRO_DEMONSTRADO"}},{"type":"Feature","geometry":{"type":"Point","coordinates":[-55.621666999999945,-22.948332999999934]},"properties":{"well_id":"3500065010","municipality":"Aral Moreira","hydro_unit":"Formação Serra Geral","domain":"Fraturada","layer_code":"V06","layer_name":"Topo e base brutos coerentes","depth_m":213.0,"vertical_metadata_n":5,"capture_interval_status":"UNKNOWN_SEM_INTERVALO_DE_FILTRO_DEMONSTRADO"}},{"type":"Feature","geometry":{"type":"Point","coordinates":[-54.75305599999996,-20.48194399999994]},"properties":{"well_id":"3500065048","municipality":"Campo Grande","hydro_unit":"Formação Serra Geral","domain":"Fraturada","layer_code":"V06","layer_name":"Topo e base brutos coerentes","depth_m":215.0,"vertical_metadata_n":4,"capture_interval_status":"UNKNOWN_SEM_INTERVALO_DE_FILTRO_DEMONSTRADO"}},{"type":"Feature","geometry":{"type":"Point","coordinates":[-54.58555599999994,-21.997777999999983]},"properties":{"well_id":"3500027080","municipality":"Douradina","hydro_unit":"Formação Serra Geral","domain":"Fraturada","layer_code":"V06","layer_name":"Topo e base brutos coerentes","depth_m":150.0,"vertical_metadata_n":2,"capture_interval_status":"UNKNOWN_SEM_INTERVALO_DE_FILTRO_DEMONSTRADO"}},{"type":"Feature","geometry":{"type":"Point","coordinates":[-53.698332999999934,-18.325832999999932]},"properties":{"well_id":"3500045653","municipality":"Alcinópolis","hydro_unit":"Grupo Caiuá","domain":"Granular","layer_code":"V06","layer_name":"Topo e base brutos coerentes","depth_m":154.0,"vertical_metadata_n":5,"capture_interval_status":"UNKNOWN_SEM_INTERVALO_DE_FILTRO_DEMONSTRADO"}},{"type":"Feature","geometry":{"type":"Point","coordinates":[-56.145554999999945,-21.490554999999972]},"properties":{"well_id":"3500023345","municipality":"Jardim","hydro_unit":"Formação Aquidauana","domain":"Granular","layer_code":"V06","layer_name":"Topo e base brutos coerentes","depth_m":100.0,"vertical_metadata_n":6,"capture_interval_status":"UNKNOWN_SEM_INTERVALO_DE_FILTRO_DEMONSTRADO"}},{"type":"Feature","geometry":{"type":"Point","coordinates":[-54.85777799999994,-18.926388999999972]},"properties":{"well_id":"3500045654","municipality":"Rio Verde de Mato Grosso","hydro_unit":"Formação Furnas","domain":"Granular","layer_code":"V06","layer_name":"Topo e base brutos coerentes","depth_m":161.0,"vertical_metadata_n":5,"capture_interval_status":"UNKNOWN_SEM_INTERVALO_DE_FILTRO_DEMONSTRADO"}},{"type":"Feature","geometry":{"type":"Point","coordinates":[-54.466110999999955,-22.174999999999955]},"properties":{"well_id":"3500065116","municipality":"Dourados","hydro_unit":"Formação Serra Geral","domain":"Fraturada","layer_code":"V06","layer_name":"Topo e base brutos coerentes","depth_m":2537.0,"vertical_metadata_n":2,"capture_interval_status":"UNKNOWN_SEM_INTERVALO_DE_FILTRO_DEMONSTRADO"}},{"type":"Feature","geometry":{"type":"Point","coordinates":[-54.71888899999993,-20.486943999999937]},"properties":{"well_id":"3500065107","municipality":"Campo Grande","hydro_unit":"Formação Serra Geral","domain":"Fraturada","layer_code":"V06","layer_name":"Topo e base brutos coerentes","depth_m":2266.8,"vertical_metadata_n":1,"capture_interval_status":"UNKNOWN_SEM_INTERVALO_DE_FILTRO_DEMONSTRADO"}},{"type":"Feature","geometry":{"type":"Point","coordinates":[-54.64694399999996,-20.393888999999945]},"properties":{"well_id":"3500065109","municipality":"Campo Grande","hydro_unit":"Formação Serra Geral","domain":"Fraturada","layer_code":"V06","layer_name":"Topo e base brutos coerentes","depth_m":597.0,"vertical_metadata_n":2,"capture_interval_status":"UNKNOWN_SEM_INTERVALO_DE_FILTRO_DEMONSTRADO"}},{"type":"Feature","geometry":{"type":"Point","coordinates":[-54.55611099999999,-21.789166999999964]},"properties":{"well_id":"3500027163","municipality":"Rio Brilhante","hydro_unit":"Formação Serra Geral","domain":"Fraturada","layer_code":"V06","layer_name":"Topo e base brutos coerentes","depth_m":266.0,"vertical_metadata_n":3,"capture_interval_status":"UNKNOWN_SEM_INTERVALO_DE_FILTRO_DEMONSTRADO"}},{"type":"Feature","geometry":{"type":"Point","coordinates":[-54.684999999999945,-22.610832999999957]},"properties":{"well_id":"3500045604","municipality":"Caarapó","hydro_unit":"Grupo Caiuá","domain":"Granular","layer_code":"V06","layer_name":"Topo e base brutos coerentes","depth_m":78.0,"vertical_metadata_n":6,"capture_interval_status":"UNKNOWN_SEM_INTERVALO_DE_FILTRO_DEMONSTRADO"}},{"type":"Feature","geometry":{"type":"Point","coordinates":[-54.95944399999996,-20.938054999999963]},"properties":{"well_id":"3500022813","municipality":"Sidrolândia","hydro_unit":"Formação Serra Geral","domain":"Fraturada","layer_code":"V06","layer_name":"Topo e base brutos coerentes","depth_m":180.0,"vertical_metadata_n":2,"capture_interval_status":"UNKNOWN_SEM_INTERVALO_DE_FILTRO_DEMONSTRADO"}},{"type":"Feature","geometry":{"type":"Point","coordinates":[-53.14194399999997,-18.531665999999973]},"properties":{"well_id":"3500022566","municipality":"Costa Rica","hydro_unit":"Grupo Caiuá","domain":"Granular","layer_code":"V06","layer_name":"Topo e base brutos coerentes","depth_m":83.0,"vertical_metadata_n":2,"capture_interval_status":"UNKNOWN_SEM_INTERVALO_DE_FILTRO_DEMONSTRADO"}},{"type":"Feature","geometry":{"type":"Point","coordinates":[-54.55694399999999,-21.789721999999927]},"properties":{"well_id":"3500022875","municipality":"Rio Brilhante","hydro_unit":"Formação Serra Geral","domain":"Fraturada","layer_code":"V06","layer_name":"Topo e base brutos coerentes","depth_m":266.0,"vertical_metadata_n":2,"capture_interval_status":"UNKNOWN_SEM_INTERVALO_DE_FILTRO_DEMONSTRADO"}},{"type":"Feature","geometry":{"type":"Point","coordinates":[-54.90611099999995,-20.33611099999996]},"properties":{"well_id":"3500065110","municipality":"Terenos","hydro_unit":"Formação Serra Geral","domain":"Fraturada","layer_code":"V06","layer_name":"Topo e base brutos coerentes","depth_m":90.0,"vertical_metadata_n":1,"capture_interval_status":"UNKNOWN_SEM_INTERVALO_DE_FILTRO_DEMONSTRADO"}},{"type":"Feature","geometry":{"type":"Point","coordinates":[-54.778055999999935,-22.212499999999977]},"properties":{"well_id":"3500027144","municipality":"Dourados","hydro_unit":"Formação Serra Geral","domain":"Fraturada","layer_code":"V06","layer_name":"Topo e base brutos coerentes","depth_m":600.0,"vertical_metadata_n":3,"capture_interval_status":"UNKNOWN_SEM_INTERVALO_DE_FILTRO_DEMONSTRADO"}},{"type":"Feature","geometry":{"type":"Point","coordinates":[-53.57638899999995,-22.41138899999993]},"properties":{"well_id":"3500045673","municipality":"Ivinhema","hydro_unit":"Grupo Caiuá","domain":"Granular","layer_code":"V06","layer_name":"Topo e base brutos coerentes","depth_m":60.0,"vertical_metadata_n":6,"capture_interval_status":"UNKNOWN_SEM_INTERVALO_DE_FILTRO_DEMONSTRADO"}},{"type":"Feature","geometry":{"type":"Point","coordinates":[-51.82583299999993,-20.998055999999963]},"properties":{"well_id":"3500045708","municipality":"Três Lagoas","hydro_unit":"Grupo Caiuá","domain":"Granular","layer_code":"V06","layer_name":"Topo e base brutos coerentes","depth_m":120.0,"vertical_metadata_n":5,"capture_interval_status":"UNKNOWN_SEM_INTERVALO_DE_FILTRO_DEMONSTRADO"}},{"type":"Feature","geometry":{"type":"Point","coordinates":[-54.67027799999994,-20.550277999999935]},"properties":{"well_id":"3500065034","municipality":"Campo Grande","hydro_unit":"Formação Serra Geral","domain":"Fraturada","layer_code":"V06","layer_name":"Topo e base brutos coerentes","depth_m":30.74,"vertical_metadata_n":4,"capture_interval_status":"UNKNOWN_SEM_INTERVALO_DE_FILTRO_DEMONSTRADO"}},{"type":"Feature","geometry":{"type":"Point","coordinates":[-54.62749999999994,-20.456388999999945]},"properties":{"well_id":"3500065041","municipality":"Campo Grande","hydro_unit":"Formação Serra Geral","domain":"Fraturada","layer_code":"V06","layer_name":"Topo e base brutos coerentes","depth_m":299.0,"vertical_metadata_n":4,"capture_interval_status":"UNKNOWN_SEM_INTERVALO_DE_FILTRO_DEMONSTRADO"}},{"type":"Feature","geometry":{"type":"Point","coordinates":[-54.62361099999998,-20.521943999999962]},"properties":{"well_id":"3500065050","municipality":"Campo Grande","hydro_unit":"Formação Serra Geral","domain":"Fraturada","layer_code":"V06","layer_name":"Topo e base brutos coerentes","depth_m":66.0,"vertical_metadata_n":4,"capture_interval_status":"UNKNOWN_SEM_INTERVALO_DE_FILTRO_DEMONSTRADO"}},{"type":"Feature","geometry":{"type":"Point","coordinates":[-54.75361099999998,-20.48055599999998]},"properties":{"well_id":"3500065051","municipality":"Campo Grande","hydro_unit":"Formação Serra Geral","domain":"Fraturada","layer_code":"V06","layer_name":"Topo e base brutos coerentes","depth_m":140.0,"vertical_metadata_n":4,"capture_interval_status":"UNKNOWN_SEM_INTERVALO_DE_FILTRO_DEMONSTRADO"}},{"type":"Feature","geometry":{"type":"Point","coordinates":[-51.79166699999996,-20.99333299999995]},"properties":{"well_id":"3500065080","municipality":"Três Lagoas","hydro_unit":"Grupo Caiuá","domain":"Granular","layer_code":"V06","layer_name":"Topo e base brutos coerentes","depth_m":150.0,"vertical_metadata_n":4,"capture_interval_status":"UNKNOWN_SEM_INTERVALO_DE_FILTRO_DEMONSTRADO"}},{"type":"Feature","geometry":{"type":"Point","coordinates":[-54.57611099999997,-19.401943999999958]},"properties":{"well_id":"3500065125","municipality":"São Gabriel do Oeste","hydro_unit":"Grupo Bauru","domain":"Granular","layer_code":"V06","layer_name":"Topo e base brutos coerentes","depth_m":65.0,"vertical_metadata_n":1,"capture_interval_status":"UNKNOWN_SEM_INTERVALO_DE_FILTRO_DEMONSTRADO"}},{"type":"Feature","geometry":{"type":"Point","coordinates":[-55.94805599999995,-22.198332999999934]},"properties":{"well_id":"3500065004","municipality":"Antônio João","hydro_unit":"Formação Serra Geral","domain":"Fraturada","layer_code":"V06","layer_name":"Topo e base brutos coerentes","depth_m":120.0,"vertical_metadata_n":5,"capture_interval_status":"UNKNOWN_SEM_INTERVALO_DE_FILTRO_DEMONSTRADO"}},{"type":"Feature","geometry":{"type":"Point","coordinates":[-51.10999999999996,-20.065277999999978]},"properties":{"well_id":"3500065008","municipality":"Aparecida do Taboado","hydro_unit":"Grupo Caiuá","domain":"Granular","layer_code":"V06","layer_name":"Topo e base brutos coerentes","depth_m":53.0,"vertical_metadata_n":5,"capture_interval_status":"UNKNOWN_SEM_INTERVALO_DE_FILTRO_DEMONSTRADO"}},{"type":"Feature","geometry":{"type":"Point","coordinates":[-52.41638899999998,-21.717777999999953]},"properties":{"well_id":"3500065012","municipality":"Bataguassu","hydro_unit":"Grupo Caiuá","domain":"Granular","layer_code":"V06","layer_name":"Topo e base brutos coerentes","depth_m":155.0,"vertical_metadata_n":5,"capture_interval_status":"UNKNOWN_SEM_INTERVALO_DE_FILTRO_DEMONSTRADO"}},{"type":"Feature","geometry":{"type":"Point","coordinates":[-56.49499999999995,-21.121943999999928]},"properties":{"well_id":"3500065020","municipality":"Bonito","hydro_unit":"Grupo Cuiaba","domain":"Fraturada","layer_code":"V06","layer_name":"Topo e base brutos coerentes","depth_m":193.0,"vertical_metadata_n":5,"capture_interval_status":"UNKNOWN_SEM_INTERVALO_DE_FILTRO_DEMONSTRADO"}},{"type":"Feature","geometry":{"type":"Point","coordinates":[-54.716110999999955,-20.466110999999955]},"properties":{"well_id":"3500065033","municipality":"Campo Grande","hydro_unit":"Formação Serra Geral","domain":"Fraturada","layer_code":"V06","layer_name":"Topo e base brutos coerentes","depth_m":272.0,"vertical_metadata_n":4,"capture_interval_status":"UNKNOWN_SEM_INTERVALO_DE_FILTRO_DEMONSTRADO"}},{"type":"Feature","geometry":{"type":"Point","coordinates":[-54.756666999999936,-22.494721999999967]},"properties":{"well_id":"3500027259","municipality":"Caarapó","hydro_unit":"Formação Serra Geral","domain":"Fraturada","layer_code":"V06","layer_name":"Topo e base brutos coerentes","depth_m":150.0,"vertical_metadata_n":5,"capture_interval_status":"UNKNOWN_SEM_INTERVALO_DE_FILTRO_DEMONSTRADO"}},{"type":"Feature","geometry":{"type":"Point","coordinates":[-54.579999999999984,-19.41055599999993]},"properties":{"well_id":"3500030624","municipality":"São Gabriel do Oeste","hydro_unit":"Grupo Bauru","domain":"Granular","layer_code":"V06","layer_name":"Topo e base brutos coerentes","depth_m":80.0,"vertical_metadata_n":4,"capture_interval_status":"UNKNOWN_SEM_INTERVALO_DE_FILTRO_DEMONSTRADO"}},{"type":"Feature","geometry":{"type":"Point","coordinates":[-54.55583299999995,-21.789443999999946]},"properties":{"well_id":"3500023260","municipality":"Rio Brilhante","hydro_unit":"Formação Serra Geral","domain":"Fraturada","layer_code":"V06","layer_name":"Topo e base brutos coerentes","depth_m":267.0,"vertical_metadata_n":6,"capture_interval_status":"UNKNOWN_SEM_INTERVALO_DE_FILTRO_DEMONSTRADO"}},{"type":"Feature","geometry":{"type":"Point","coordinates":[-54.30472199999997,-22.48111099999994]},"properties":{"well_id":"3500023380","municipality":"Jateí","hydro_unit":"Grupo Caiuá","domain":"Granular","layer_code":"V06","layer_name":"Topo e base brutos coerentes","depth_m":120.0,"vertical_metadata_n":6,"capture_interval_status":"UNKNOWN_SEM_INTERVALO_DE_FILTRO_DEMONSTRADO"}},{"type":"Feature","geometry":{"type":"Point","coordinates":[-54.86722199999997,-20.434999999999945]},"properties":{"well_id":"3500022823","municipality":"Terenos","hydro_unit":"Formação Serra Geral","domain":"Fraturada","layer_code":"V06","layer_name":"Topo e base brutos coerentes","depth_m":148.0,"vertical_metadata_n":2,"capture_interval_status":"UNKNOWN_SEM_INTERVALO_DE_FILTRO_DEMONSTRADO"}},{"type":"Feature","geometry":{"type":"Point","coordinates":[-54.787499999999966,-22.081943999999964]},"properties":{"well_id":"3500022851","municipality":"Itaporã","hydro_unit":"Formação Serra Geral","domain":"Fraturada","layer_code":"V06","layer_name":"Topo e base brutos coerentes","depth_m":60.0,"vertical_metadata_n":2,"capture_interval_status":"UNKNOWN_SEM_INTERVALO_DE_FILTRO_DEMONSTRADO"}},{"type":"Feature","geometry":{"type":"Point","coordinates":[-55.11722199999997,-20.750276999999983]},"properties":{"well_id":"3500022805","municipality":"Sidrolândia","hydro_unit":"Formação Serra Geral","domain":"Fraturada","layer_code":"V06","layer_name":"Topo e base brutos coerentes","depth_m":124.0,"vertical_metadata_n":2,"capture_interval_status":"UNKNOWN_SEM_INTERVALO_DE_FILTRO_DEMONSTRADO"}},{"type":"Feature","geometry":{"type":"Point","coordinates":[-54.65111099999996,-20.559999999999945]},"properties":{"well_id":"3500065165","municipality":"Campo Grande","hydro_unit":"Formação Serra Geral","domain":"Fraturada","layer_code":"V06","layer_name":"Topo e base brutos coerentes","depth_m":500.0,"vertical_metadata_n":1,"capture_interval_status":"UNKNOWN_SEM_INTERVALO_DE_FILTRO_DEMONSTRADO"}},{"type":"Feature","geometry":{"type":"Point","coordinates":[-56.29305599999998,-21.770832999999982]},"properties":{"well_id":"3500065094","municipality":"Bela Vista","hydro_unit":"Formação Aquidauana","domain":"Granular","layer_code":"V06","layer_name":"Topo e base brutos coerentes","depth_m":146.0,"vertical_metadata_n":2,"capture_interval_status":"UNKNOWN_SEM_INTERVALO_DE_FILTRO_DEMONSTRADO"}},{"type":"Feature","geometry":{"type":"Point","coordinates":[-55.46055499999994,-20.716110999999955]},"properties":{"well_id":"3500023204","municipality":"Dois Irmãos do Buriti","hydro_unit":"Formação Serra Geral","domain":"Fraturada","layer_code":"V06","layer_name":"Topo e base brutos coerentes","depth_m":130.0,"vertical_metadata_n":5,"capture_interval_status":"UNKNOWN_SEM_INTERVALO_DE_FILTRO_DEMONSTRADO"}},{"type":"Feature","geometry":{"type":"Point","coordinates":[-53.76722199999995,-20.440277999999978]},"properties":{"well_id":"3500027124","municipality":"Ribas do Rio Pardo","hydro_unit":"Grupo Caiuá","domain":"Granular","layer_code":"V06","layer_name":"Topo e base brutos coerentes","depth_m":120.0,"vertical_metadata_n":2,"capture_interval_status":"UNKNOWN_SEM_INTERVALO_DE_FILTRO_DEMONSTRADO"}},{"type":"Feature","geometry":{"type":"Point","coordinates":[-51.73361099999994,-19.123054999999965]},"properties":{"well_id":"3500022561","municipality":"Cassilândia","hydro_unit":"Grupo Bauru","domain":"Granular","layer_code":"V06","layer_name":"Topo e base brutos coerentes","depth_m":215.0,"vertical_metadata_n":2,"capture_interval_status":"UNKNOWN_SEM_INTERVALO_DE_FILTRO_DEMONSTRADO"}},{"type":"Feature","geometry":{"type":"Point","coordinates":[-54.639999999999986,-20.41888799999998]},"properties":{"well_id":"3500022927","municipality":"Campo Grande","hydro_unit":"Formação Serra Geral","domain":"Fraturada","layer_code":"V06","layer_name":"Topo e base brutos coerentes","depth_m":630.27,"vertical_metadata_n":2,"capture_interval_status":"UNKNOWN_SEM_INTERVALO_DE_FILTRO_DEMONSTRADO"}},{"type":"Feature","geometry":{"type":"Point","coordinates":[-54.64694399999996,-20.42194399999994]},"properties":{"well_id":"3500065108","municipality":"Campo Grande","hydro_unit":"Formação Serra Geral","domain":"Fraturada","layer_code":"V06","layer_name":"Topo e base brutos coerentes","depth_m":624.0,"vertical_metadata_n":2,"capture_interval_status":"UNKNOWN_SEM_INTERVALO_DE_FILTRO_DEMONSTRADO"}},{"type":"Feature","geometry":{"type":"Point","coordinates":[-54.52583299999998,-19.30583299999995]},"properties":{"well_id":"3500026921","municipality":"São Gabriel do Oeste","hydro_unit":"Grupo Bauru","domain":"Granular","layer_code":"V06","layer_name":"Topo e base brutos coerentes","depth_m":25.0,"vertical_metadata_n":4,"capture_interval_status":"UNKNOWN_SEM_INTERVALO_DE_FILTRO_DEMONSTRADO"}},{"type":"Feature","geometry":{"type":"Point","coordinates":[-54.82111099999997,-22.631943999999976]},"properties":{"well_id":"3500023369","municipality":"Caarapó","hydro_unit":"Grupo Caiuá","domain":"Granular","layer_code":"V06","layer_name":"Topo e base brutos coerentes","depth_m":161.0,"vertical_metadata_n":6,"capture_interval_status":"UNKNOWN_SEM_INTERVALO_DE_FILTRO_DEMONSTRADO"}},{"type":"Feature","geometry":{"type":"Point","coordinates":[-54.82361099999997,-22.642499999999927]},"properties":{"well_id":"3500023370","municipality":"Caarapó","hydro_unit":"Grupo Caiuá","domain":"Granular","layer_code":"V06","layer_name":"Topo e base brutos coerentes","depth_m":150.0,"vertical_metadata_n":6,"capture_interval_status":"UNKNOWN_SEM_INTERVALO_DE_FILTRO_DEMONSTRADO"}},{"type":"Feature","geometry":{"type":"Point","coordinates":[-51.40833299999997,-19.184721999999965]},"properties":{"well_id":"3500023388","municipality":"Paranaíba","hydro_unit":"Formação Serra Geral","domain":"Fraturada","layer_code":"V06","layer_name":"Topo e base brutos coerentes","depth_m":90.0,"vertical_metadata_n":6,"capture_interval_status":"UNKNOWN_SEM_INTERVALO_DE_FILTRO_DEMONSTRADO"}},{"type":"Feature","geometry":{"type":"Point","coordinates":[-54.636387999999954,-19.110554999999977]},"properties":{"well_id":"3500023232","municipality":"São Gabriel do Oeste","hydro_unit":"Grupo Bauru","domain":"Granular","layer_code":"V06","layer_name":"Topo e base brutos coerentes","depth_m":125.0,"vertical_metadata_n":6,"capture_interval_status":"UNKNOWN_SEM_INTERVALO_DE_FILTRO_DEMONSTRADO"}},{"type":"Feature","geometry":{"type":"Point","coordinates":[-54.64027699999997,-20.41888799999998]},"properties":{"well_id":"3500023394","municipality":"Campo Grande","hydro_unit":"Formação Serra Geral","domain":"Fraturada","layer_code":"V06","layer_name":"Topo e base brutos coerentes","depth_m":638.0,"vertical_metadata_n":6,"capture_interval_status":"UNKNOWN_SEM_INTERVALO_DE_FILTRO_DEMONSTRADO"}},{"type":"Feature","geometry":{"type":"Point","coordinates":[-55.03416599999997,-23.97361099999995]},"properties":{"well_id":"3500023354","municipality":"Sete Quedas","hydro_unit":"Grupo Caiuá","domain":"Granular","layer_code":"V06","layer_name":"Topo e base brutos coerentes","depth_m":594.0,"vertical_metadata_n":5,"capture_interval_status":"UNKNOWN_SEM_INTERVALO_DE_FILTRO_DEMONSTRADO"}},{"type":"Feature","geometry":{"type":"Point","coordinates":[-53.77416599999998,-22.158054999999933]},"properties":{"well_id":"3500023175","municipality":"Angélica","hydro_unit":"Grupo Caiuá","domain":"Granular","layer_code":"V06","layer_name":"Topo e base brutos coerentes","depth_m":350.0,"vertical_metadata_n":5,"capture_interval_status":"UNKNOWN_SEM_INTERVALO_DE_FILTRO_DEMONSTRADO"}},{"type":"Feature","geometry":{"type":"Point","coordinates":[-54.61111099999994,-19.28277799999995]},"properties":{"well_id":"3500030628","municipality":"São Gabriel do Oeste","hydro_unit":"Grupo Bauru","domain":"Granular","layer_code":"V06","layer_name":"Topo e base brutos coerentes","depth_m":60.0,"vertical_metadata_n":4,"capture_interval_status":"UNKNOWN_SEM_INTERVALO_DE_FILTRO_DEMONSTRADO"}},{"type":"Feature","geometry":{"type":"Point","coordinates":[-53.11555499999997,-18.52249999999998]},"properties":{"well_id":"3500023338","municipality":"Costa Rica","hydro_unit":"Formação Serra Geral","domain":"Fraturada","layer_code":"V06","layer_name":"Topo e base brutos coerentes","depth_m":105.0,"vertical_metadata_n":6,"capture_interval_status":"UNKNOWN_SEM_INTERVALO_DE_FILTRO_DEMONSTRADO"}},{"type":"Feature","geometry":{"type":"Point","coordinates":[-54.86194399999994,-20.437221999999963]},"properties":{"well_id":"3500022821","municipality":"Terenos","hydro_unit":"Formação Serra Geral","domain":"Fraturada","layer_code":"V06","layer_name":"Topo e base brutos coerentes","depth_m":115.0,"vertical_metadata_n":2,"capture_interval_status":"UNKNOWN_SEM_INTERVALO_DE_FILTRO_DEMONSTRADO"}},{"type":"Feature","geometry":{"type":"Point","coordinates":[-54.966665999999975,-20.94083299999994]},"properties":{"well_id":"3500022815","municipality":"Sidrolândia","hydro_unit":"Formação Serra Geral","domain":"Fraturada","layer_code":"V06","layer_name":"Topo e base brutos coerentes","depth_m":150.0,"vertical_metadata_n":2,"capture_interval_status":"UNKNOWN_SEM_INTERVALO_DE_FILTRO_DEMONSTRADO"}},{"type":"Feature","geometry":{"type":"Point","coordinates":[-54.82611099999997,-22.20999999999998]},"properties":{"well_id":"3500022844","municipality":"Dourados","hydro_unit":"Formação Serra Geral","domain":"Fraturada","layer_code":"V06","layer_name":"Topo e base brutos coerentes","depth_m":728.0,"vertical_metadata_n":2,"capture_interval_status":"UNKNOWN_SEM_INTERVALO_DE_FILTRO_DEMONSTRADO"}},{"type":"Feature","geometry":{"type":"Point","coordinates":[-54.56499999999994,-20.38972199999995]},"properties":{"well_id":"3500022537","municipality":"Campo Grande","hydro_unit":"Formação Serra Geral","domain":"Fraturada","layer_code":"V06","layer_name":"Topo e base brutos coerentes","depth_m":102.0,"vertical_metadata_n":2,"capture_interval_status":"UNKNOWN_SEM_INTERVALO_DE_FILTRO_DEMONSTRADO"}},{"type":"Feature","geometry":{"type":"Point","coordinates":[-54.95111099999997,-21.105276999999944]},"properties":{"well_id":"3500022807","municipality":"Sidrolândia","hydro_unit":"Grupo Caiuá","domain":"Granular","layer_code":"V06","layer_name":"Topo e base brutos coerentes","depth_m":150.0,"vertical_metadata_n":2,"capture_interval_status":"UNKNOWN_SEM_INTERVALO_DE_FILTRO_DEMONSTRADO"}},{"type":"Feature","geometry":{"type":"Point","coordinates":[-54.61111099999994,-22.03611099999995]},"properties":{"well_id":"3500065123","municipality":"Douradina","hydro_unit":"Formação Serra Geral","domain":"Fraturada","layer_code":"V06","layer_name":"Topo e base brutos coerentes","depth_m":100.0,"vertical_metadata_n":2,"capture_interval_status":"UNKNOWN_SEM_INTERVALO_DE_FILTRO_DEMONSTRADO"}},{"type":"Feature","geometry":{"type":"Point","coordinates":[-53.73111099999994,-20.426943999999935]},"properties":{"well_id":"3500065139","municipality":"Ribas do Rio Pardo","hydro_unit":"Formação Serra Geral","domain":"Fraturada","layer_code":"V06","layer_name":"Topo e base brutos coerentes","depth_m":120.0,"vertical_metadata_n":1,"capture_interval_status":"UNKNOWN_SEM_INTERVALO_DE_FILTRO_DEMONSTRADO"}},{"type":"Feature","geometry":{"type":"Point","coordinates":[-54.60833299999996,-20.551110999999935]},"properties":{"well_id":"3500022919","municipality":"Campo Grande","hydro_unit":"Formação Serra Geral","domain":"Fraturada","layer_code":"V06","layer_name":"Topo e base brutos coerentes","depth_m":206.0,"vertical_metadata_n":2,"capture_interval_status":"UNKNOWN_SEM_INTERVALO_DE_FILTRO_DEMONSTRADO"}},{"type":"Feature","geometry":{"type":"Point","coordinates":[-53.01388899999995,-19.028055999999935]},"properties":{"well_id":"3500065111","municipality":"Paraíso das Águas","hydro_unit":"Grupo Caiuá","domain":"Granular","layer_code":"V06","layer_name":"Topo e base brutos coerentes","depth_m":134.0,"vertical_metadata_n":2,"capture_interval_status":"UNKNOWN_SEM_INTERVALO_DE_FILTRO_DEMONSTRADO"}},{"type":"Feature","geometry":{"type":"Point","coordinates":[-54.57527699999997,-19.399999999999977]},"properties":{"well_id":"3500023227","municipality":"São Gabriel do Oeste","hydro_unit":"Grupo Bauru","domain":"Granular","layer_code":"V06","layer_name":"Topo e base brutos coerentes","depth_m":65.0,"vertical_metadata_n":6,"capture_interval_status":"UNKNOWN_SEM_INTERVALO_DE_FILTRO_DEMONSTRADO"}},{"type":"Feature","geometry":{"type":"Point","coordinates":[-54.485555999999974,-19.45111099999997]},"properties":{"well_id":"3500045118","municipality":"São Gabriel do Oeste","hydro_unit":"Grupo Bauru","domain":"Granular","layer_code":"V06","layer_name":"Topo e base brutos coerentes","depth_m":112.0,"vertical_metadata_n":3,"capture_interval_status":"UNKNOWN_SEM_INTERVALO_DE_FILTRO_DEMONSTRADO"}},{"type":"Feature","geometry":{"type":"Point","coordinates":[-55.20111099999997,-23.09833299999997]},"properties":{"well_id":"3500023141","municipality":"Amambai","hydro_unit":"Formação Serra Geral","domain":"Fraturada","layer_code":"V06","layer_name":"Topo e base brutos coerentes","depth_m":105.0,"vertical_metadata_n":6,"capture_interval_status":"UNKNOWN_SEM_INTERVALO_DE_FILTRO_DEMONSTRADO"}},{"type":"Feature","geometry":{"type":"Point","coordinates":[-51.73472199999998,-19.123054999999965]},"properties":{"well_id":"3500023186","municipality":"Cassilândia","hydro_unit":"Grupo Bauru","domain":"Granular","layer_code":"V06","layer_name":"Topo e base brutos coerentes","depth_m":215.0,"vertical_metadata_n":6,"capture_interval_status":"UNKNOWN_SEM_INTERVALO_DE_FILTRO_DEMONSTRADO"}},{"type":"Feature","geometry":{"type":"Point","coordinates":[-54.75277699999998,-20.094443999999953]},"properties":{"well_id":"3500023216","municipality":"Jaraguari","hydro_unit":"Formação Botucatu","domain":"Granular","layer_code":"V06","layer_name":"Topo e base brutos coerentes","depth_m":75.5,"vertical_metadata_n":6,"capture_interval_status":"UNKNOWN_SEM_INTERVALO_DE_FILTRO_DEMONSTRADO"}},{"type":"Feature","geometry":{"type":"Point","coordinates":[-54.16194399999995,-21.541943999999944]},"properties":{"well_id":"3500023272","municipality":"Nova Alvorada do Sul","hydro_unit":"Formação Serra Geral","domain":"Fraturada","layer_code":"V06","layer_name":"Topo e base brutos coerentes","depth_m":160.0,"vertical_metadata_n":6,"capture_interval_status":"UNKNOWN_SEM_INTERVALO_DE_FILTRO_DEMONSTRADO"}},{"type":"Feature","geometry":{"type":"Point","coordinates":[-53.12638799999996,-18.549165999999957]},"properties":{"well_id":"3500023337","municipality":"Costa Rica","hydro_unit":"Formação Serra Geral","domain":"Fraturada","layer_code":"V06","layer_name":"Topo e base brutos coerentes","depth_m":93.0,"vertical_metadata_n":5,"capture_interval_status":"UNKNOWN_SEM_INTERVALO_DE_FILTRO_DEMONSTRADO"}},{"type":"Feature","geometry":{"type":"Point","coordinates":[-54.70138899999995,-22.614999999999952]},"properties":{"well_id":"3500045605","municipality":"Caarapó","hydro_unit":"Grupo Caiuá","domain":"Granular","layer_code":"V06","layer_name":"Topo e base brutos coerentes","depth_m":644.0,"vertical_metadata_n":6,"capture_interval_status":"UNKNOWN_SEM_INTERVALO_DE_FILTRO_DEMONSTRADO"}},{"type":"Feature","geometry":{"type":"Point","coordinates":[-54.57111099999997,-20.37972199999996]},"properties":{"well_id":"3500045699","municipality":"Campo Grande","hydro_unit":"Formação Serra Geral","domain":"Fraturada","layer_code":"V06","layer_name":"Topo e base brutos coerentes","depth_m":55.0,"vertical_metadata_n":5,"capture_interval_status":"UNKNOWN_SEM_INTERVALO_DE_FILTRO_DEMONSTRADO"}},{"type":"Feature","geometry":{"type":"Point","coordinates":[-51.195832999999936,-19.676110999999935]},"properties":{"well_id":"3500023322","municipality":"Paranaíba","hydro_unit":"Grupo Bauru","domain":"Granular","layer_code":"V06","layer_name":"Topo e base brutos coerentes","depth_m":180.0,"vertical_metadata_n":6,"capture_interval_status":"UNKNOWN_SEM_INTERVALO_DE_FILTRO_DEMONSTRADO"}},{"type":"Feature","geometry":{"type":"Point","coordinates":[-53.77166699999998,-20.45111099999997]},"properties":{"well_id":"3500027223","municipality":"Ribas do Rio Pardo","hydro_unit":"Grupo Caiuá","domain":"Granular","layer_code":"V06","layer_name":"Topo e base brutos coerentes","depth_m":100.0,"vertical_metadata_n":2,"capture_interval_status":"UNKNOWN_SEM_INTERVALO_DE_FILTRO_DEMONSTRADO"}},{"type":"Feature","geometry":{"type":"Point","coordinates":[-55.23055499999998,-23.103887999999927]},"properties":{"well_id":"3500023153","municipality":"Amambai","hydro_unit":"Formação Serra Geral","domain":"Fraturada","layer_code":"V06","layer_name":"Topo e base brutos coerentes","depth_m":121.0,"vertical_metadata_n":3,"capture_interval_status":"UNKNOWN_SEM_INTERVALO_DE_FILTRO_DEMONSTRADO"}},{"type":"Feature","geometry":{"type":"Point","coordinates":[-54.589999999999975,-20.41027699999995]},"properties":{"well_id":"3500022916","municipality":"Campo Grande","hydro_unit":"Formação Serra Geral","domain":"Fraturada","layer_code":"V06","layer_name":"Topo e base brutos coerentes","depth_m":240.0,"vertical_metadata_n":2,"capture_interval_status":"UNKNOWN_SEM_INTERVALO_DE_FILTRO_DEMONSTRADO"}},{"type":"Feature","geometry":{"type":"Point","coordinates":[-55.16138799999993,-21.61749999999995]},"properties":{"well_id":"3500022858","municipality":"Maracaju","hydro_unit":"Formação Serra Geral","domain":"Fraturada","layer_code":"V06","layer_name":"Topo e base brutos coerentes","depth_m":165.8,"vertical_metadata_n":2,"capture_interval_status":"UNKNOWN_SEM_INTERVALO_DE_FILTRO_DEMONSTRADO"}},{"type":"Feature","geometry":{"type":"Point","coordinates":[-55.15999999999997,-21.59888799999993]},"properties":{"well_id":"3500022864","municipality":"Maracaju","hydro_unit":"Formação Serra Geral","domain":"Fraturada","layer_code":"V06","layer_name":"Topo e base brutos coerentes","depth_m":226.0,"vertical_metadata_n":2,"capture_interval_status":"UNKNOWN_SEM_INTERVALO_DE_FILTRO_DEMONSTRADO"}},{"type":"Feature","geometry":{"type":"Point","coordinates":[-54.58138799999995,-20.41805499999998]},"properties":{"well_id":"3500022941","municipality":"Campo Grande","hydro_unit":"Formação Serra Geral","domain":"Fraturada","layer_code":"V06","layer_name":"Topo e base brutos coerentes","depth_m":100.0,"vertical_metadata_n":2,"capture_interval_status":"UNKNOWN_SEM_INTERVALO_DE_FILTRO_DEMONSTRADO"}},{"type":"Feature","geometry":{"type":"Point","coordinates":[-54.571943999999974,-20.549999999999955]},"properties":{"well_id":"3500065100","municipality":"Campo Grande","hydro_unit":"Formação Serra Geral","domain":"Fraturada","layer_code":"V06","layer_name":"Topo e base brutos coerentes","depth_m":220.0,"vertical_metadata_n":2,"capture_interval_status":"UNKNOWN_SEM_INTERVALO_DE_FILTRO_DEMONSTRADO"}},{"type":"Feature","geometry":{"type":"Point","coordinates":[-54.81194399999998,-22.226110999999946]},"properties":{"well_id":"3500065115","municipality":"Dourados","hydro_unit":"Formação Serra Geral","domain":"Fraturada","layer_code":"V06","layer_name":"Topo e base brutos coerentes","depth_m":908.0,"vertical_metadata_n":2,"capture_interval_status":"UNKNOWN_SEM_INTERVALO_DE_FILTRO_DEMONSTRADO"}},{"type":"Feature","geometry":{"type":"Point","coordinates":[-54.81305599999996,-22.22111099999995]},"properties":{"well_id":"3500065120","municipality":"Dourados","hydro_unit":"Formação Serra Geral","domain":"Fraturada","layer_code":"V06","layer_name":"Topo e base brutos coerentes","depth_m":601.0,"vertical_metadata_n":1,"capture_interval_status":"UNKNOWN_SEM_INTERVALO_DE_FILTRO_DEMONSTRADO"}},{"type":"Feature","geometry":{"type":"Point","coordinates":[-54.61388899999997,-22.039999999999964]},"properties":{"well_id":"3500065122","municipality":"Douradina","hydro_unit":"Formação Serra Geral","domain":"Fraturada","layer_code":"V06","layer_name":"Topo e base brutos coerentes","depth_m":190.0,"vertical_metadata_n":1,"capture_interval_status":"UNKNOWN_SEM_INTERVALO_DE_FILTRO_DEMONSTRADO"}},{"type":"Feature","geometry":{"type":"Point","coordinates":[-54.75472199999996,-20.09916599999997]},"properties":{"well_id":"3500023217","municipality":"Jaraguari","hydro_unit":"Formação Botucatu","domain":"Granular","layer_code":"V06","layer_name":"Topo e base brutos coerentes","depth_m":109.1,"vertical_metadata_n":6,"capture_interval_status":"UNKNOWN_SEM_INTERVALO_DE_FILTRO_DEMONSTRADO"}},{"type":"Feature","geometry":{"type":"Point","coordinates":[-54.64694399999996,-19.281110999999953]},"properties":{"well_id":"3500023229","municipality":"São Gabriel do Oeste","hydro_unit":"Grupo Bauru","domain":"Granular","layer_code":"V06","layer_name":"Topo e base brutos coerentes","depth_m":100.0,"vertical_metadata_n":6,"capture_interval_status":"UNKNOWN_SEM_INTERVALO_DE_FILTRO_DEMONSTRADO"}},{"type":"Feature","geometry":{"type":"Point","coordinates":[-54.52555599999994,-19.30583299999995]},"properties":{"well_id":"3500026920","municipality":"São Gabriel do Oeste","hydro_unit":"Grupo Bauru","domain":"Granular","layer_code":"V06","layer_name":"Topo e base brutos coerentes","depth_m":32.0,"vertical_metadata_n":3,"capture_interval_status":"UNKNOWN_SEM_INTERVALO_DE_FILTRO_DEMONSTRADO"}},{"type":"Feature","geometry":{"type":"Point","coordinates":[-51.66555599999998,-20.76444399999997]},"properties":{"well_id":"3500045659","municipality":"Três Lagoas","hydro_unit":"Formação Serra Geral","domain":"Fraturada","layer_code":"V06","layer_name":"Topo e base brutos coerentes","depth_m":50.0,"vertical_metadata_n":5,"capture_interval_status":"UNKNOWN_SEM_INTERVALO_DE_FILTRO_DEMONSTRADO"}},{"type":"Feature","geometry":{"type":"Point","coordinates":[-54.03666599999997,-19.58888799999994]},"properties":{"well_id":"3500022602","municipality":"Camapuã","hydro_unit":"Formação Serra Geral","domain":"Fraturada","layer_code":"V06","layer_name":"Topo e base brutos coerentes","depth_m":100.0,"vertical_metadata_n":2,"capture_interval_status":"UNKNOWN_SEM_INTERVALO_DE_FILTRO_DEMONSTRADO"}},{"type":"Feature","geometry":{"type":"Point","coordinates":[-54.81222199999996,-22.639165999999932]},"properties":{"well_id":"3500022692","municipality":"Caarapó","hydro_unit":"Grupo Caiuá","domain":"Granular","layer_code":"V06","layer_name":"Topo e base brutos coerentes","depth_m":161.0,"vertical_metadata_n":2,"capture_interval_status":"UNKNOWN_SEM_INTERVALO_DE_FILTRO_DEMONSTRADO"}},{"type":"Feature","geometry":{"type":"Point","coordinates":[-54.948887999999954,-20.938332999999943]},"properties":{"well_id":"3500022811","municipality":"Sidrolândia","hydro_unit":"Formação Serra Geral","domain":"Fraturada","layer_code":"V06","layer_name":"Topo e base brutos coerentes","depth_m":150.0,"vertical_metadata_n":2,"capture_interval_status":"UNKNOWN_SEM_INTERVALO_DE_FILTRO_DEMONSTRADO"}},{"type":"Feature","geometry":{"type":"Point","coordinates":[-54.63416599999994,-20.414999999999964]},"properties":{"well_id":"3500022940","municipality":"Campo Grande","hydro_unit":"Formação Serra Geral","domain":"Fraturada","layer_code":"V06","layer_name":"Topo e base brutos coerentes","depth_m":145.0,"vertical_metadata_n":2,"capture_interval_status":"UNKNOWN_SEM_INTERVALO_DE_FILTRO_DEMONSTRADO"}},{"type":"Feature","geometry":{"type":"Point","coordinates":[-55.226943999999946,-23.104443999999944]},"properties":{"well_id":"3500023139","municipality":"Amambai","hydro_unit":"Formação Serra Geral","domain":"Fraturada","layer_code":"V06","layer_name":"Topo e base brutos coerentes","depth_m":160.0,"vertical_metadata_n":6,"capture_interval_status":"UNKNOWN_SEM_INTERVALO_DE_FILTRO_DEMONSTRADO"}},{"type":"Feature","geometry":{"type":"Point","coordinates":[-55.23055499999998,-23.10694399999994]},"properties":{"well_id":"3500023137","municipality":"Amambai","hydro_unit":"Formação Serra Geral","domain":"Fraturada","layer_code":"V06","layer_name":"Topo e base brutos coerentes","depth_m":150.0,"vertical_metadata_n":6,"capture_interval_status":"UNKNOWN_SEM_INTERVALO_DE_FILTRO_DEMONSTRADO"}},{"type":"Feature","geometry":{"type":"Point","coordinates":[-54.038610999999946,-19.559999999999945]},"properties":{"well_id":"3500023246","municipality":"Camapuã","hydro_unit":"Formação Botucatu","domain":"Granular","layer_code":"V06","layer_name":"Topo e base brutos coerentes","depth_m":184.0,"vertical_metadata_n":6,"capture_interval_status":"UNKNOWN_SEM_INTERVALO_DE_FILTRO_DEMONSTRADO"}},{"type":"Feature","geometry":{"type":"Point","coordinates":[-51.09944399999995,-20.084443999999962]},"properties":{"well_id":"3500023315","municipality":"Aparecida do Taboado","hydro_unit":"Grupo Caiuá","domain":"Granular","layer_code":"V06","layer_name":"Topo e base brutos coerentes","depth_m":150.0,"vertical_metadata_n":6,"capture_interval_status":"UNKNOWN_SEM_INTERVALO_DE_FILTRO_DEMONSTRADO"}},{"type":"Feature","geometry":{"type":"Point","coordinates":[-53.12805499999996,-18.534999999999968]},"properties":{"well_id":"3500023334","municipality":"Costa Rica","hydro_unit":"Grupo Caiuá","domain":"Granular","layer_code":"V06","layer_name":"Topo e base brutos coerentes","depth_m":50.7,"vertical_metadata_n":6,"capture_interval_status":"UNKNOWN_SEM_INTERVALO_DE_FILTRO_DEMONSTRADO"}},{"type":"Feature","geometry":{"type":"Point","coordinates":[-54.57861099999997,-19.383887999999956]},"properties":{"well_id":"3500023228","municipality":"São Gabriel do Oeste","hydro_unit":"Grupo Bauru","domain":"Granular","layer_code":"V06","layer_name":"Topo e base brutos coerentes","depth_m":45.0,"vertical_metadata_n":6,"capture_interval_status":"UNKNOWN_SEM_INTERVALO_DE_FILTRO_DEMONSTRADO"}},{"type":"Feature","geometry":{"type":"Point","coordinates":[-54.56388899999996,-19.26444399999997]},"properties":{"well_id":"3500026923","municipality":"São Gabriel do Oeste","hydro_unit":"Grupo Bauru","domain":"Granular","layer_code":"V06","layer_name":"Topo e base brutos coerentes","depth_m":42.0,"vertical_metadata_n":3,"capture_interval_status":"UNKNOWN_SEM_INTERVALO_DE_FILTRO_DEMONSTRADO"}},{"type":"Feature","geometry":{"type":"Point","coordinates":[-55.15722199999993,-21.620555999999965]},"properties":{"well_id":"3500027070","municipality":"Maracaju","hydro_unit":"Formação Serra Geral","domain":"Fraturada","layer_code":"V06","layer_name":"Topo e base brutos coerentes","depth_m":150.0,"vertical_metadata_n":2,"capture_interval_status":"UNKNOWN_SEM_INTERVALO_DE_FILTRO_DEMONSTRADO"}},{"type":"Feature","geometry":{"type":"Point","coordinates":[-55.15777699999995,-21.621110999999928]},"properties":{"well_id":"3500022860","municipality":"Maracaju","hydro_unit":"Formação Serra Geral","domain":"Fraturada","layer_code":"V06","layer_name":"Topo e base brutos coerentes","depth_m":150.0,"vertical_metadata_n":2,"capture_interval_status":"UNKNOWN_SEM_INTERVALO_DE_FILTRO_DEMONSTRADO"}},{"type":"Feature","geometry":{"type":"Point","coordinates":[-54.865276999999935,-22.498332999999946]},"properties":{"well_id":"3500022868","municipality":"Caarapó","hydro_unit":"Formação Serra Geral","domain":"Fraturada","layer_code":"V06","layer_name":"Topo e base brutos coerentes","depth_m":260.0,"vertical_metadata_n":2,"capture_interval_status":"UNKNOWN_SEM_INTERVALO_DE_FILTRO_DEMONSTRADO"}},{"type":"Feature","geometry":{"type":"Point","coordinates":[-54.57499999999993,-20.393888999999945]},"properties":{"well_id":"3500065102","municipality":"Campo Grande","hydro_unit":"Formação Serra Geral","domain":"Fraturada","layer_code":"V06","layer_name":"Topo e base brutos coerentes","depth_m":654.0,"vertical_metadata_n":2,"capture_interval_status":"UNKNOWN_SEM_INTERVALO_DE_FILTRO_DEMONSTRADO"}},{"type":"Feature","geometry":{"type":"Point","coordinates":[-53.12472199999996,-18.54388799999998]},"properties":{"well_id":"3500023339","municipality":"Costa Rica","hydro_unit":"Formação Serra Geral","domain":"Fraturada","layer_code":"V06","layer_name":"Topo e base brutos coerentes","depth_m":65.0,"vertical_metadata_n":5,"capture_interval_status":"UNKNOWN_SEM_INTERVALO_DE_FILTRO_DEMONSTRADO"}},{"type":"Feature","geometry":{"type":"Point","coordinates":[-52.27694399999996,-21.673610999999937]},"properties":{"well_id":"3500045658","municipality":"Bataguassu","hydro_unit":"Grupo Caiuá","domain":"Granular","layer_code":"V06","layer_name":"Topo e base brutos coerentes","depth_m":71.0,"vertical_metadata_n":5,"capture_interval_status":"UNKNOWN_SEM_INTERVALO_DE_FILTRO_DEMONSTRADO"}},{"type":"Feature","geometry":{"type":"Point","coordinates":[-55.81277799999998,-21.66027799999995]},"properties":{"well_id":"3500045667","municipality":"Maracaju","hydro_unit":"Formação Serra Geral","domain":"Fraturada","layer_code":"V06","layer_name":"Topo e base brutos coerentes","depth_m":100.0,"vertical_metadata_n":5,"capture_interval_status":"UNKNOWN_SEM_INTERVALO_DE_FILTRO_DEMONSTRADO"}},{"type":"Feature","geometry":{"type":"Point","coordinates":[-55.174721999999974,-21.60555599999998]},"properties":{"well_id":"3500045690","municipality":"Maracaju","hydro_unit":"Formação Serra Geral","domain":"Fraturada","layer_code":"V06","layer_name":"Topo e base brutos coerentes","depth_m":132.0,"vertical_metadata_n":6,"capture_interval_status":"UNKNOWN_SEM_INTERVALO_DE_FILTRO_DEMONSTRADO"}},{"type":"Feature","geometry":{"type":"Point","coordinates":[-51.83472199999994,-20.978332999999964]},"properties":{"well_id":"3500045713","municipality":"Três Lagoas","hydro_unit":"Grupo Caiuá","domain":"Granular","layer_code":"V06","layer_name":"Topo e base brutos coerentes","depth_m":149.0,"vertical_metadata_n":5,"capture_interval_status":"UNKNOWN_SEM_INTERVALO_DE_FILTRO_DEMONSTRADO"}},{"type":"Feature","geometry":{"type":"Point","coordinates":[-54.75055599999996,-20.484166999999957]},"properties":{"well_id":"3500065043","municipality":"Campo Grande","hydro_unit":"Formação Serra Geral","domain":"Fraturada","layer_code":"V06","layer_name":"Topo e base brutos coerentes","depth_m":507.0,"vertical_metadata_n":4,"capture_interval_status":"UNKNOWN_SEM_INTERVALO_DE_FILTRO_DEMONSTRADO"}},{"type":"Feature","geometry":{"type":"Point","coordinates":[-54.728332999999964,-20.47361099999995]},"properties":{"well_id":"3500065029","municipality":"Campo Grande","hydro_unit":"Formação Serra Geral","domain":"Fraturada","layer_code":"V06","layer_name":"Topo e base brutos coerentes","depth_m":126.0,"vertical_metadata_n":4,"capture_interval_status":"UNKNOWN_SEM_INTERVALO_DE_FILTRO_DEMONSTRADO"}},{"type":"Feature","geometry":{"type":"Point","coordinates":[-54.74222199999997,-20.39749999999998]},"properties":{"well_id":"3500065036","municipality":"Campo Grande","hydro_unit":"Formação Serra Geral","domain":"Fraturada","layer_code":"V06","layer_name":"Topo e base brutos coerentes","depth_m":162.0,"vertical_metadata_n":4,"capture_interval_status":"UNKNOWN_SEM_INTERVALO_DE_FILTRO_DEMONSTRADO"}},{"type":"Feature","geometry":{"type":"Point","coordinates":[-54.486666999999954,-22.141388999999947]},"properties":{"well_id":"3500065053","municipality":"Dourados","hydro_unit":"Formação Serra Geral","domain":"Fraturada","layer_code":"V06","layer_name":"Topo e base brutos coerentes","depth_m":360.0,"vertical_metadata_n":4,"capture_interval_status":"UNKNOWN_SEM_INTERVALO_DE_FILTRO_DEMONSTRADO"}},{"type":"Feature","geometry":{"type":"Point","coordinates":[-55.73694399999994,-22.462499999999977]},"properties":{"well_id":"3500065066","municipality":"Ponta Porã","hydro_unit":"Grupo Caiuá","domain":"Granular","layer_code":"V06","layer_name":"Topo e base brutos coerentes","depth_m":150.0,"vertical_metadata_n":4,"capture_interval_status":"UNKNOWN_SEM_INTERVALO_DE_FILTRO_DEMONSTRADO"}},{"type":"Feature","geometry":{"type":"Point","coordinates":[-55.736388999999974,-22.463332999999977]},"properties":{"well_id":"3500065067","municipality":"Ponta Porã","hydro_unit":"Grupo Caiuá","domain":"Granular","layer_code":"V06","layer_name":"Topo e base brutos coerentes","depth_m":103.0,"vertical_metadata_n":4,"capture_interval_status":"UNKNOWN_SEM_INTERVALO_DE_FILTRO_DEMONSTRADO"}},{"type":"Feature","geometry":{"type":"Point","coordinates":[-51.70666699999998,-20.787777999999946]},"properties":{"well_id":"3500065078","municipality":"Três Lagoas","hydro_unit":"Grupo Caiuá","domain":"Granular","layer_code":"V06","layer_name":"Topo e base brutos coerentes","depth_m":85.0,"vertical_metadata_n":4,"capture_interval_status":"UNKNOWN_SEM_INTERVALO_DE_FILTRO_DEMONSTRADO"}},{"type":"Feature","geometry":{"type":"Point","coordinates":[-51.728332999999964,-20.789721999999927]},"properties":{"well_id":"3500065081","municipality":"Três Lagoas","hydro_unit":"Grupo Caiuá","domain":"Granular","layer_code":"V06","layer_name":"Topo e base brutos coerentes","depth_m":150.0,"vertical_metadata_n":4,"capture_interval_status":"UNKNOWN_SEM_INTERVALO_DE_FILTRO_DEMONSTRADO"}},{"type":"Feature","geometry":{"type":"Point","coordinates":[-54.654443999999955,-20.654166999999973]},"properties":{"well_id":"3500065085","municipality":"Campo Grande","hydro_unit":"Formação Serra Geral","domain":"Fraturada","layer_code":"V06","layer_name":"Topo e base brutos coerentes","depth_m":115.0,"vertical_metadata_n":4,"capture_interval_status":"UNKNOWN_SEM_INTERVALO_DE_FILTRO_DEMONSTRADO"}},{"type":"Feature","geometry":{"type":"Point","coordinates":[-54.590832999999975,-20.43861099999998]},"properties":{"well_id":"3500065086","municipality":"Campo Grande","hydro_unit":"Formação Serra Geral","domain":"Fraturada","layer_code":"V06","layer_name":"Topo e base brutos coerentes","depth_m":195.5,"vertical_metadata_n":4,"capture_interval_status":"UNKNOWN_SEM_INTERVALO_DE_FILTRO_DEMONSTRADO"}},{"type":"Feature","geometry":{"type":"Point","coordinates":[-53.635832999999934,-18.685277999999983]},"properties":{"well_id":"3500065058","municipality":"Figueirão","hydro_unit":"Formação Botucatu","domain":"Granular","layer_code":"V06","layer_name":"Topo e base brutos coerentes","depth_m":200.0,"vertical_metadata_n":4,"capture_interval_status":"UNKNOWN_SEM_INTERVALO_DE_FILTRO_DEMONSTRADO"}},{"type":"Feature","geometry":{"type":"Point","coordinates":[-55.51249999999993,-21.73277799999994]},"properties":{"well_id":"3500065064","municipality":"Maracaju","hydro_unit":"Formação Serra Geral","domain":"Fraturada","layer_code":"V06","layer_name":"Topo e base brutos coerentes","depth_m":220.0,"vertical_metadata_n":4,"capture_interval_status":"UNKNOWN_SEM_INTERVALO_DE_FILTRO_DEMONSTRADO"}},{"type":"Feature","geometry":{"type":"Point","coordinates":[-56.67194399999994,-20.55416699999995]},"properties":{"well_id":"3500065017","municipality":"Bodoquena","hydro_unit":"Grupo Cuiaba","domain":"Fraturada","layer_code":"V06","layer_name":"Topo e base brutos coerentes","depth_m":150.0,"vertical_metadata_n":5,"capture_interval_status":"UNKNOWN_SEM_INTERVALO_DE_FILTRO_DEMONSTRADO"}},{"type":"Feature","geometry":{"type":"Point","coordinates":[-54.59833299999997,-20.421388999999976]},"properties":{"well_id":"3500065026","municipality":"Campo Grande","hydro_unit":"Formação Serra Geral","domain":"Fraturada","layer_code":"V06","layer_name":"Topo e base brutos coerentes","depth_m":89.0,"vertical_metadata_n":5,"capture_interval_status":"UNKNOWN_SEM_INTERVALO_DE_FILTRO_DEMONSTRADO"}},{"type":"Feature","geometry":{"type":"Point","coordinates":[-51.194443999999976,-19.678610999999933]},"properties":{"well_id":"3500023321","municipality":"Paranaíba","hydro_unit":"Grupo Bauru","domain":"Granular","layer_code":"V06","layer_name":"Topo e base brutos coerentes","depth_m":180.0,"vertical_metadata_n":6,"capture_interval_status":"UNKNOWN_SEM_INTERVALO_DE_FILTRO_DEMONSTRADO"}},{"type":"Feature","geometry":{"type":"Point","coordinates":[-52.31166699999994,-20.893610999999964]},"properties":{"well_id":"3500045672","municipality":"Três Lagoas","hydro_unit":"Grupo Caiuá","domain":"Granular","layer_code":"V06","layer_name":"Topo e base brutos coerentes","depth_m":80.0,"vertical_metadata_n":5,"capture_interval_status":"UNKNOWN_SEM_INTERVALO_DE_FILTRO_DEMONSTRADO"}},{"type":"Feature","geometry":{"type":"Point","coordinates":[-51.10027699999995,-20.07472199999995]},"properties":{"well_id":"3500023317","municipality":"Aparecida do Taboado","hydro_unit":"Grupo Caiuá","domain":"Granular","layer_code":"V06","layer_name":"Topo e base brutos coerentes","depth_m":105.0,"vertical_metadata_n":4,"capture_interval_status":"UNKNOWN_SEM_INTERVALO_DE_FILTRO_DEMONSTRADO"}},{"type":"Feature","geometry":{"type":"Point","coordinates":[-53.756388999999956,-20.440277999999978]},"properties":{"well_id":"3500045621","municipality":"Ribas do Rio Pardo","hydro_unit":"Grupo Caiuá","domain":"Granular","layer_code":"V06","layer_name":"Topo e base brutos coerentes","depth_m":150.0,"vertical_metadata_n":1,"capture_interval_status":"UNKNOWN_SEM_INTERVALO_DE_FILTRO_DEMONSTRADO"}},{"type":"Feature","geometry":{"type":"Point","coordinates":[-55.216943999999955,-23.103332999999964]},"properties":{"well_id":"3500023142","municipality":"Amambai","hydro_unit":"Formação Serra Geral","domain":"Fraturada","layer_code":"V06","layer_name":"Topo e base brutos coerentes","depth_m":150.0,"vertical_metadata_n":2,"capture_interval_status":"UNKNOWN_SEM_INTERVALO_DE_FILTRO_DEMONSTRADO"}},{"type":"Feature","geometry":{"type":"Point","coordinates":[-53.98805599999997,-21.830277999999964]},"properties":{"well_id":"3500065135","municipality":"Rio Brilhante","hydro_unit":"Formação Serra Geral","domain":"Fraturada","layer_code":"V06","layer_name":"Topo e base brutos coerentes","depth_m":3003.0,"vertical_metadata_n":1,"capture_interval_status":"UNKNOWN_SEM_INTERVALO_DE_FILTRO_DEMONSTRADO"}},{"type":"Feature","geometry":{"type":"Point","coordinates":[-53.893055999999945,-22.395277999999962]},"properties":{"well_id":"3500045648","municipality":"Ivinhema","hydro_unit":"Grupo Caiuá","domain":"Granular","layer_code":"V06","layer_name":"Topo e base brutos coerentes","depth_m":1300.0,"vertical_metadata_n":5,"capture_interval_status":"UNKNOWN_SEM_INTERVALO_DE_FILTRO_DEMONSTRADO"}},{"type":"Feature","geometry":{"type":"Point","coordinates":[-54.82388899999995,-22.25499999999994]},"properties":{"well_id":"3500065118","municipality":"Dourados","hydro_unit":"Formação Serra Geral","domain":"Fraturada","layer_code":"V06","layer_name":"Topo e base brutos coerentes","depth_m":1992.0,"vertical_metadata_n":1,"capture_interval_status":"UNKNOWN_SEM_INTERVALO_DE_FILTRO_DEMONSTRADO"}},{"type":"Feature","geometry":{"type":"Point","coordinates":[-56.287499999999966,-20.13999999999993]},"properties":{"well_id":"3500053085","municipality":"Miranda","hydro_unit":"Grupo Cuiaba","domain":"Fraturada","layer_code":"V06","layer_name":"Topo e base brutos coerentes","depth_m":30.0,"vertical_metadata_n":6,"capture_interval_status":"UNKNOWN_SEM_INTERVALO_DE_FILTRO_DEMONSTRADO"}},{"type":"Feature","geometry":{"type":"Point","coordinates":[-54.590555999999935,-20.468610999999953]},"properties":{"well_id":"3500026928","municipality":"Campo Grande","hydro_unit":"Formação Serra Geral","domain":"Fraturada","layer_code":"V06","layer_name":"Topo e base brutos coerentes","depth_m":80.0,"vertical_metadata_n":3,"capture_interval_status":"UNKNOWN_SEM_INTERVALO_DE_FILTRO_DEMONSTRADO"}},{"type":"Feature","geometry":{"type":"Point","coordinates":[-54.85861099999994,-22.080555999999945]},"properties":{"well_id":"3500045603","municipality":"Itaporã","hydro_unit":"Formação Serra Geral","domain":"Fraturada","layer_code":"V06","layer_name":"Topo e base brutos coerentes","depth_m":110.0,"vertical_metadata_n":5,"capture_interval_status":"UNKNOWN_SEM_INTERVALO_DE_FILTRO_DEMONSTRADO"}},{"type":"Feature","geometry":{"type":"Point","coordinates":[-54.67194399999994,-20.459721999999942]},"properties":{"well_id":"3500045608","municipality":"Campo Grande","hydro_unit":"Formação Serra Geral","domain":"Fraturada","layer_code":"V06","layer_name":"Topo e base brutos coerentes","depth_m":130.0,"vertical_metadata_n":3,"capture_interval_status":"UNKNOWN_SEM_INTERVALO_DE_FILTRO_DEMONSTRADO"}},{"type":"Feature","geometry":{"type":"Point","coordinates":[-54.20472199999995,-21.836666999999977]},"properties":{"well_id":"3500045675","municipality":"Rio Brilhante","hydro_unit":"Grupo Caiuá","domain":"Granular","layer_code":"V06","layer_name":"Topo e base brutos coerentes","depth_m":60.0,"vertical_metadata_n":5,"capture_interval_status":"UNKNOWN_SEM_INTERVALO_DE_FILTRO_DEMONSTRADO"}},{"type":"Feature","geometry":{"type":"Point","coordinates":[-54.57111099999997,-20.37722199999996]},"properties":{"well_id":"3500045693","municipality":"Campo Grande","hydro_unit":"Formação Serra Geral","domain":"Fraturada","layer_code":"V06","layer_name":"Topo e base brutos coerentes","depth_m":132.0,"vertical_metadata_n":5,"capture_interval_status":"UNKNOWN_SEM_INTERVALO_DE_FILTRO_DEMONSTRADO"}},{"type":"Feature","geometry":{"type":"Point","coordinates":[-51.82111099999997,-20.988888999999972]},"properties":{"well_id":"3500045705","municipality":"Três Lagoas","hydro_unit":"Grupo Caiuá","domain":"Granular","layer_code":"V06","layer_name":"Topo e base brutos coerentes","depth_m":111.0,"vertical_metadata_n":5,"capture_interval_status":"UNKNOWN_SEM_INTERVALO_DE_FILTRO_DEMONSTRADO"}},{"type":"Feature","geometry":{"type":"Point","coordinates":[-51.83527799999996,-20.997777999999983]},"properties":{"well_id":"3500045707","municipality":"Três Lagoas","hydro_unit":"Grupo Caiuá","domain":"Granular","layer_code":"V06","layer_name":"Topo e base brutos coerentes","depth_m":146.84,"vertical_metadata_n":5,"capture_interval_status":"UNKNOWN_SEM_INTERVALO_DE_FILTRO_DEMONSTRADO"}},{"type":"Feature","geometry":{"type":"Point","coordinates":[-54.72111099999995,-20.47888899999998]},"properties":{"well_id":"3500065038","municipality":"Campo Grande","hydro_unit":"Formação Serra Geral","domain":"Fraturada","layer_code":"V06","layer_name":"Topo e base brutos coerentes","depth_m":30.0,"vertical_metadata_n":4,"capture_interval_status":"UNKNOWN_SEM_INTERVALO_DE_FILTRO_DEMONSTRADO"}},{"type":"Feature","geometry":{"type":"Point","coordinates":[-54.34722199999993,-22.32416699999993]},"properties":{"well_id":"3500065055","municipality":"Fátima do Sul","hydro_unit":"Formação Serra Geral","domain":"Fraturada","layer_code":"V06","layer_name":"Topo e base brutos coerentes","depth_m":115.0,"vertical_metadata_n":4,"capture_interval_status":"UNKNOWN_SEM_INTERVALO_DE_FILTRO_DEMONSTRADO"}},{"type":"Feature","geometry":{"type":"Point","coordinates":[-54.85722199999998,-18.925832999999955]},"properties":{"well_id":"3500065071","municipality":"Rio Verde de Mato Grosso","hydro_unit":"Formação Furnas","domain":"Granular","layer_code":"V06","layer_name":"Topo e base brutos coerentes","depth_m":160.0,"vertical_metadata_n":4,"capture_interval_status":"UNKNOWN_SEM_INTERVALO_DE_FILTRO_DEMONSTRADO"}},{"type":"Feature","geometry":{"type":"Point","coordinates":[-53.632221999999956,-18.678610999999933]},"properties":{"well_id":"3500065057","municipality":"Figueirão","hydro_unit":"Formação Botucatu","domain":"Granular","layer_code":"V06","layer_name":"Topo e base brutos coerentes","depth_m":150.0,"vertical_metadata_n":4,"capture_interval_status":"UNKNOWN_SEM_INTERVALO_DE_FILTRO_DEMONSTRADO"}},{"type":"Feature","geometry":{"type":"Point","coordinates":[-54.57611099999997,-19.394999999999982]},"properties":{"well_id":"3500065124","municipality":"São Gabriel do Oeste","hydro_unit":"Grupo Bauru","domain":"Granular","layer_code":"V06","layer_name":"Topo e base brutos coerentes","depth_m":42.0,"vertical_metadata_n":1,"capture_interval_status":"UNKNOWN_SEM_INTERVALO_DE_FILTRO_DEMONSTRADO"}},{"type":"Feature","geometry":{"type":"Point","coordinates":[-55.95666699999998,-22.191943999999978]},"properties":{"well_id":"3500065006","municipality":"Antônio João","hydro_unit":"Formação Serra Geral","domain":"Fraturada","layer_code":"V06","layer_name":"Topo e base brutos coerentes","depth_m":150.0,"vertical_metadata_n":5,"capture_interval_status":"UNKNOWN_SEM_INTERVALO_DE_FILTRO_DEMONSTRADO"}},{"type":"Feature","geometry":{"type":"Point","coordinates":[-54.694443999999976,-22.60666699999996]},"properties":{"well_id":"3500065021","municipality":"Caarapó","hydro_unit":"Grupo Caiuá","domain":"Granular","layer_code":"V06","layer_name":"Topo e base brutos coerentes","depth_m":667.0,"vertical_metadata_n":5,"capture_interval_status":"UNKNOWN_SEM_INTERVALO_DE_FILTRO_DEMONSTRADO"}},{"type":"Feature","geometry":{"type":"Point","coordinates":[-54.640832999999986,-20.48249999999996]},"properties":{"well_id":"3500065027","municipality":"Campo Grande","hydro_unit":"Formação Serra Geral","domain":"Fraturada","layer_code":"V06","layer_name":"Topo e base brutos coerentes","depth_m":25.0,"vertical_metadata_n":5,"capture_interval_status":"UNKNOWN_SEM_INTERVALO_DE_FILTRO_DEMONSTRADO"}}]}