cell_id,scale_km2,variant,area_effective_km2,n_wells,support_points_n,hydro_surface_units_n,hydro_surface_domains_n,hydro_context_state,hydro_dominant_unit,hydro_dominant_domain,q01_cell_state_code,q01_cell_state_label,q01_direct_evidence_n,q01_cross_scale_exact_pct,q01_origin_exact_pct,q01_top_blocking_requirements,q02_cell_state_code,q02_cell_state_label,q02_direct_evidence_n,q02_cross_scale_exact_pct,q02_origin_exact_pct,q02_top_blocking_requirements,q03_cell_state_code,q03_cell_state_label,q03_direct_evidence_n,q03_cross_scale_exact_pct,q03_origin_exact_pct,q03_top_blocking_requirements,q04_cell_state_code,q04_cell_state_label,q04_direct_evidence_n,q04_cross_scale_exact_pct,q04_origin_exact_pct,q04_top_blocking_requirements,q05_cell_state_code,q05_cell_state_label,q05_direct_evidence_n,q05_cross_scale_exact_pct,q05_origin_exact_pct,q05_top_blocking_requirements,grid_family,cutoff_date,method_version,weight_used,score_used
SCALE-500-O00-00001,500,O00,106.90825499089776,7,4,1,1,UMA_UNIDADE_SUPERFICIAL,Grupo Caiuá,Granular (Gr),2,EVIDENCIA_DIRETA_PRESENTE,7,0.0,100.0,Q01_R03=7|Q01_R05=7|Q01_R06=7,2,EVIDENCIA_DIRETA_PRESENTE,7,0.0,100.0,Q02_R02=7|Q02_R03=7|Q02_R06=7|Q02_R07=7|Q02_R08=7,2,EVIDENCIA_DIRETA_PRESENTE,4,0.0,100.0,Q03_R02=7|Q03_R03=7|Q03_R07=7|Q03_R08=7|Q03_R05=5,2,EVIDENCIA_DIRETA_PRESENTE,7,0.0,100.0,Q04_R03=7|Q04_R04=7|Q04_R05=7,2,EVIDENCIA_DIRETA_PRESENTE,5,0.0,100.0,Q05_R02=7|Q05_R04=7|Q05_R05=7|Q05_R06=7|Q05_R07=7,SCALE_PRIMARY_O00_V1,2026-08-29,PIH_MS_V2.5_ESTABILIDADE_SENSIBILIDADE_V1,False,False
SCALE-500-O00-00002,500,O00,247.19400445221177,1,9,1,1,UMA_UNIDADE_SUPERFICIAL,Grupo Caiuá,Granular (Gr),2,EVIDENCIA_DIRETA_PRESENTE,1,0.0,100.0,Q01_R03=1|Q01_R05=1|Q01_R06=1,2,EVIDENCIA_DIRETA_PRESENTE,1,0.0,100.0,Q02_R02=1|Q02_R03=1|Q02_R06=1|Q02_R07=1|Q02_R08=1,1,POCOS_SEM_EVIDENCIA_DIRETA_DA_PERGUNTA,0,0.0,0.0,Q03_R02=1|Q03_R03=1|Q03_R04=1|Q03_R05=1|Q03_R06=1,2,EVIDENCIA_DIRETA_PRESENTE,1,0.0,100.0,Q04_R03=1|Q04_R04=1|Q04_R05=1,2,EVIDENCIA_DIRETA_PRESENTE,1,0.0,100.0,Q05_R02=1|Q05_R04=1|Q05_R05=1|Q05_R06=1|Q05_R07=1,SCALE_PRIMARY_O00_V1,2026-08-29,PIH_MS_V2.5_ESTABILIDADE_SENSIBILIDADE_V1,False,False
SCALE-500-O00-00003,500,O00,152.2739354688134,6,5,1,1,UMA_UNIDADE_SUPERFICIAL,Grupo Caiuá,Granular (Gr),2,EVIDENCIA_DIRETA_PRESENTE,6,20.0,80.0,Q01_R03=6|Q01_R05=6|Q01_R06=6,2,EVIDENCIA_DIRETA_PRESENTE,6,20.0,80.0,Q02_R02=6|Q02_R03=6|Q02_R06=6|Q02_R07=6|Q02_R08=6,2,EVIDENCIA_DIRETA_PRESENTE,3,20.0,80.0,Q03_R02=6|Q03_R03=6|Q03_R07=6|Q03_R08=6|Q03_R05=5,2,EVIDENCIA_DIRETA_PRESENTE,6,20.0,80.0,Q04_R03=6|Q04_R04=6|Q04_R05=6,2,EVIDENCIA_DIRETA_PRESENTE,4,20.0,40.0,Q05_R02=6|Q05_R04=6|Q05_R05=6|Q05_R06=6|Q05_R07=6,SCALE_PRIMARY_O00_V1,2026-08-29,PIH_MS_V2.5_ESTABILIDADE_SENSIBILIDADE_V1,False,False
SCALE-500-O00-00004,500,O00,0.1840479988647467,0,0,0,0,UNKNOWN_SEM_CONTEXTO_CLASSIFICADO,,,0,SEM_POCOS_NO_CONJUNTO_AUDITADO,0,,,,0,SEM_POCOS_NO_CONJUNTO_AUDITADO,0,,,,0,SEM_POCOS_NO_CONJUNTO_AUDITADO,0,,,,0,SEM_POCOS_NO_CONJUNTO_AUDITADO,0,,,,0,SEM_POCOS_NO_CONJUNTO_AUDITADO,0,,,,SCALE_PRIMARY_O00_V1,2026-08-29,PIH_MS_V2.5_ESTABILIDADE_SENSIBILIDADE_V1,False,False
SCALE-500-O00-00005,500,O00,45.13364693291343,0,3,1,1,UMA_UNIDADE_SUPERFICIAL,Grupo Caiuá,Granular (Gr),0,SEM_POCOS_NO_CONJUNTO_AUDITADO,0,0.0,0.0,,0,SEM_POCOS_NO_CONJUNTO_AUDITADO,0,0.0,0.0,,0,SEM_POCOS_NO_CONJUNTO_AUDITADO,0,0.0,0.0,,0,SEM_POCOS_NO_CONJUNTO_AUDITADO,0,0.0,0.0,,0,SEM_POCOS_NO_CONJUNTO_AUDITADO,0,0.0,0.0,,SCALE_PRIMARY_O00_V1,2026-08-29,PIH_MS_V2.5_ESTABILIDADE_SENSIBILIDADE_V1,False,False
SCALE-500-O00-00006,500,O00,340.02055298736434,14,14,2,1,MULTIPLAS_UNIDADES_SUPERFICIAIS,Grupo Caiuá,Granular (Gr),2,EVIDENCIA_DIRETA_PRESENTE,13,50.0,92.857143,Q01_R03=14|Q01_R05=14|Q01_R06=13|Q01_R02=1|Q01_R04=1,2,EVIDENCIA_DIRETA_PRESENTE,12,50.0,92.857143,Q02_R02=14|Q02_R06=14|Q02_R07=14|Q02_R08=14|Q02_R03=13,2,EVIDENCIA_DIRETA_PRESENTE,10,50.0,92.857143,Q03_R02=14|Q03_R07=14|Q03_R08=14|Q03_R03=13|Q03_R05=13,2,EVIDENCIA_DIRETA_PRESENTE,13,50.0,92.857143,Q04_R03=14|Q04_R04=14|Q04_R05=13|Q04_R02=1,2,EVIDENCIA_DIRETA_PRESENTE,5,21.428571,92.857143,Q05_R02=14|Q05_R04=14|Q05_R06=14|Q05_R07=14|Q05_R05=13,SCALE_PRIMARY_O00_V1,2026-08-29,PIH_MS_V2.5_ESTABILIDADE_SENSIBILIDADE_V1,False,False
SCALE-500-O00-00007,500,O00,26.24536574079363,0,2,1,1,UMA_UNIDADE_SUPERFICIAL,Depósitos aluvionares,Granular (Gr),0,SEM_POCOS_NO_CONJUNTO_AUDITADO,0,0.0,0.0,,0,SEM_POCOS_NO_CONJUNTO_AUDITADO,0,0.0,0.0,,0,SEM_POCOS_NO_CONJUNTO_AUDITADO,0,0.0,0.0,,0,SEM_POCOS_NO_CONJUNTO_AUDITADO,0,0.0,0.0,,0,SEM_POCOS_NO_CONJUNTO_AUDITADO,0,0.0,0.0,,SCALE_PRIMARY_O00_V1,2026-08-29,PIH_MS_V2.5_ESTABILIDADE_SENSIBILIDADE_V1,False,False
SCALE-500-O00-00008,500,O00,8.781298135606887,0,1,1,1,UMA_UNIDADE_SUPERFICIAL,Grupo Caiuá,Granular (Gr),0,SEM_POCOS_NO_CONJUNTO_AUDITADO,0,100.0,0.0,,0,SEM_POCOS_NO_CONJUNTO_AUDITADO,0,100.0,0.0,,0,SEM_POCOS_NO_CONJUNTO_AUDITADO,0,100.0,0.0,,0,SEM_POCOS_NO_CONJUNTO_AUDITADO,0,100.0,0.0,,0,SEM_POCOS_NO_CONJUNTO_AUDITADO,0,100.0,0.0,,SCALE_PRIMARY_O00_V1,2026-08-29,PIH_MS_V2.5_ESTABILIDADE_SENSIBILIDADE_V1,False,False
SCALE-500-O00-00009,500,O00,499.1715669157099,1,21,1,1,UMA_UNIDADE_SUPERFICIAL,Grupo Caiuá,Granular (Gr),2,EVIDENCIA_DIRETA_PRESENTE,1,9.52381,19.047619,Q01_R03=1|Q01_R05=1|Q01_R06=1,2,EVIDENCIA_DIRETA_PRESENTE,1,9.52381,19.047619,Q02_R02=1|Q02_R03=1|Q02_R04=1|Q02_R05=1|Q02_R06=1,2,EVIDENCIA_DIRETA_PRESENTE,1,9.52381,9.52381,Q03_R02=1|Q03_R03=1|Q03_R05=1|Q03_R06=1|Q03_R07=1,2,EVIDENCIA_DIRETA_PRESENTE,1,9.52381,19.047619,Q04_R03=1|Q04_R04=1|Q04_R05=1,1,POCOS_SEM_EVIDENCIA_DIRETA_DA_PERGUNTA,0,0.0,0.0,Q05_R02=1|Q05_R03=1|Q05_R04=1|Q05_R05=1|Q05_R06=1,SCALE_PRIMARY_O00_V1,2026-08-29,PIH_MS_V2.5_ESTABILIDADE_SENSIBILIDADE_V1,False,False
SCALE-500-O00-00010,500,O00,499.9999999999812,0,18,1,1,UMA_UNIDADE_SUPERFICIAL,Grupo Caiuá,Granular (Gr),0,SEM_POCOS_NO_CONJUNTO_AUDITADO,0,0.0,0.0,,0,SEM_POCOS_NO_CONJUNTO_AUDITADO,0,0.0,0.0,,0,SEM_POCOS_NO_CONJUNTO_AUDITADO,0,0.0,0.0,,0,SEM_POCOS_NO_CONJUNTO_AUDITADO,0,0.0,0.0,,0,SEM_POCOS_NO_CONJUNTO_AUDITADO,0,0.0,0.0,,SCALE_PRIMARY_O00_V1,2026-08-29,PIH_MS_V2.5_ESTABILIDADE_SENSIBILIDADE_V1,False,False
SCALE-500-O00-00011,500,O00,464.75412792500714,0,20,1,1,UMA_UNIDADE_SUPERFICIAL,Grupo Caiuá,Granular (Gr),0,SEM_POCOS_NO_CONJUNTO_AUDITADO,0,0.0,0.0,,0,SEM_POCOS_NO_CONJUNTO_AUDITADO,0,0.0,0.0,,0,SEM_POCOS_NO_CONJUNTO_AUDITADO,0,0.0,0.0,,0,SEM_POCOS_NO_CONJUNTO_AUDITADO,0,0.0,0.0,,0,SEM_POCOS_NO_CONJUNTO_AUDITADO,0,0.0,0.0,,SCALE_PRIMARY_O00_V1,2026-08-29,PIH_MS_V2.5_ESTABILIDADE_SENSIBILIDADE_V1,False,False
SCALE-500-O00-00012,500,O00,375.7537733335535,7,16,1,1,UMA_UNIDADE_SUPERFICIAL,Grupo Caiuá,Granular (Gr),2,EVIDENCIA_DIRETA_PRESENTE,7,25.0,81.25,Q01_R03=7|Q01_R05=7|Q01_R06=2,2,EVIDENCIA_DIRETA_PRESENTE,7,25.0,81.25,Q02_R02=7|Q02_R06=7|Q02_R07=7|Q02_R08=7|Q02_R04=4,2,EVIDENCIA_DIRETA_PRESENTE,2,18.75,81.25,Q03_R02=7|Q03_R07=7|Q03_R08=7|Q03_R05=6|Q03_R04=5,2,EVIDENCIA_DIRETA_PRESENTE,7,25.0,81.25,Q04_R03=7|Q04_R04=7|Q04_R05=2,2,EVIDENCIA_DIRETA_PRESENTE,5,25.0,81.25,Q05_R02=7|Q05_R04=7|Q05_R06=7|Q05_R07=7|Q05_R03=2,SCALE_PRIMARY_O00_V1,2026-08-29,PIH_MS_V2.5_ESTABILIDADE_SENSIBILIDADE_V1,False,False
SCALE-500-O00-00013,500,O00,499.9999999999812,34,20,1,1,UMA_UNIDADE_SUPERFICIAL,Grupo Caiuá,Granular (Gr),2,EVIDENCIA_DIRETA_PRESENTE,34,45.0,90.0,Q01_R03=34|Q01_R05=34|Q01_R06=13,2,EVIDENCIA_DIRETA_PRESENTE,34,45.0,90.0,Q02_R02=34|Q02_R06=34|Q02_R08=34|Q02_R07=33|Q02_R04=20,2,EVIDENCIA_DIRETA_PRESENTE,11,45.0,90.0,Q03_R02=34|Q03_R07=34|Q03_R08=34|Q03_R05=33|Q03_R06=26,2,EVIDENCIA_DIRETA_PRESENTE,34,45.0,90.0,Q04_R03=34|Q04_R04=34|Q04_R05=13,2,EVIDENCIA_DIRETA_PRESENTE,21,15.0,90.0,Q05_R02=34|Q05_R04=34|Q05_R06=34|Q05_R07=34|Q05_R03=13,SCALE_PRIMARY_O00_V1,2026-08-29,PIH_MS_V2.5_ESTABILIDADE_SENSIBILIDADE_V1,False,False
SCALE-500-O00-00014,500,O00,401.0019294131986,4,15,2,1,MULTIPLAS_UNIDADES_SUPERFICIAIS,Grupo Caiuá,Granular (Gr),2,EVIDENCIA_DIRETA_PRESENTE,4,6.666667,93.333333,Q01_R03=4|Q01_R05=4|Q01_R06=1,2,EVIDENCIA_DIRETA_PRESENTE,4,6.666667,93.333333,Q02_R02=4|Q02_R06=4|Q02_R07=4|Q02_R08=4|Q02_R04=2,1,POCOS_SEM_EVIDENCIA_DIRETA_DA_PERGUNTA,0,0.0,46.666667,Q03_R02=4|Q03_R04=4|Q03_R05=4|Q03_R06=4|Q03_R07=4,2,EVIDENCIA_DIRETA_PRESENTE,4,6.666667,93.333333,Q04_R03=4|Q04_R04=4|Q04_R05=1,2,EVIDENCIA_DIRETA_PRESENTE,3,6.666667,86.666667,Q05_R02=4|Q05_R04=4|Q05_R06=4|Q05_R07=4|Q05_R03=1,SCALE_PRIMARY_O00_V1,2026-08-29,PIH_MS_V2.5_ESTABILIDADE_SENSIBILIDADE_V1,False,False
SCALE-500-O00-00015,500,O00,424.1287782190958,0,15,1,1,UMA_UNIDADE_SUPERFICIAL,Grupo Caiuá,Granular (Gr),0,SEM_POCOS_NO_CONJUNTO_AUDITADO,0,100.0,100.0,,0,SEM_POCOS_NO_CONJUNTO_AUDITADO,0,100.0,100.0,,0,SEM_POCOS_NO_CONJUNTO_AUDITADO,0,100.0,100.0,,0,SEM_POCOS_NO_CONJUNTO_AUDITADO,0,100.0,100.0,,0,SEM_POCOS_NO_CONJUNTO_AUDITADO,0,100.0,100.0,,SCALE_PRIMARY_O00_V1,2026-08-29,PIH_MS_V2.5_ESTABILIDADE_SENSIBILIDADE_V1,False,False
SCALE-500-O00-00016,500,O00,499.9999999999812,0,21,1,1,UMA_UNIDADE_SUPERFICIAL,Grupo Caiuá,Granular (Gr),0,SEM_POCOS_NO_CONJUNTO_AUDITADO,0,42.857143,4.761905,,0,SEM_POCOS_NO_CONJUNTO_AUDITADO,0,42.857143,4.761905,,0,SEM_POCOS_NO_CONJUNTO_AUDITADO,0,42.857143,4.761905,,0,SEM_POCOS_NO_CONJUNTO_AUDITADO,0,42.857143,4.761905,,0,SEM_POCOS_NO_CONJUNTO_AUDITADO,0,42.857143,4.761905,,SCALE_PRIMARY_O00_V1,2026-08-29,PIH_MS_V2.5_ESTABILIDADE_SENSIBILIDADE_V1,False,False
SCALE-500-O00-00017,500,O00,499.9999999999812,6,21,1,1,UMA_UNIDADE_SUPERFICIAL,Grupo Caiuá,Granular (Gr),2,EVIDENCIA_DIRETA_PRESENTE,6,33.333333,76.190476,Q01_R03=6|Q01_R05=6|Q01_R06=2,2,EVIDENCIA_DIRETA_PRESENTE,6,33.333333,76.190476,Q02_R02=6|Q02_R06=6|Q02_R07=6|Q02_R08=6|Q02_R04=3,2,EVIDENCIA_DIRETA_PRESENTE,3,19.047619,76.190476,Q03_R02=6|Q03_R07=6|Q03_R08=6|Q03_R05=5|Q03_R04=3,2,EVIDENCIA_DIRETA_PRESENTE,6,33.333333,76.190476,Q04_R03=6|Q04_R04=6|Q04_R05=2,2,EVIDENCIA_DIRETA_PRESENTE,4,19.047619,71.428571,Q05_R02=6|Q05_R04=6|Q05_R06=6|Q05_R07=6|Q05_R03=2,SCALE_PRIMARY_O00_V1,2026-08-29,PIH_MS_V2.5_ESTABILIDADE_SENSIBILIDADE_V1,False,False
SCALE-500-O00-00018,500,O00,499.9999999999812,5,20,1,1,UMA_UNIDADE_SUPERFICIAL,Grupo Caiuá,Granular (Gr),2,EVIDENCIA_DIRETA_PRESENTE,4,10.0,75.0,Q01_R03=5|Q01_R05=5|Q01_R06=5|Q01_R02=1|Q01_R04=1,2,EVIDENCIA_DIRETA_PRESENTE,4,10.0,75.0,Q02_R02=5|Q02_R03=5|Q02_R04=5|Q02_R05=5|Q02_R06=5,2,EVIDENCIA_DIRETA_PRESENTE,4,10.0,75.0,Q03_R02=5|Q03_R03=5|Q03_R05=5|Q03_R07=5|Q03_R08=5,2,EVIDENCIA_DIRETA_PRESENTE,4,10.0,75.0,Q04_R03=5|Q04_R04=5|Q04_R05=5|Q04_R02=1,1,POCOS_SEM_EVIDENCIA_DIRETA_DA_PERGUNTA,0,0.0,0.0,Q05_R02=5|Q05_R03=5|Q05_R04=5|Q05_R05=5|Q05_R06=5,SCALE_PRIMARY_O00_V1,2026-08-29,PIH_MS_V2.5_ESTABILIDADE_SENSIBILIDADE_V1,False,False
SCALE-500-O00-00019,500,O00,499.9999999999812,12,16,1,1,UMA_UNIDADE_SUPERFICIAL,Grupo Caiuá,Granular (Gr),2,EVIDENCIA_DIRETA_PRESENTE,11,18.75,12.5,Q01_R05=12|Q01_R03=11|Q01_R02=1|Q01_R06=1,2,EVIDENCIA_DIRETA_PRESENTE,11,18.75,12.5,Q02_R02=12|Q02_R06=12|Q02_R07=12|Q02_R08=12|Q02_R04=5,2,EVIDENCIA_DIRETA_PRESENTE,3,6.25,12.5,Q03_R02=12|Q03_R07=12|Q03_R08=12|Q03_R04=9|Q03_R05=9,2,EVIDENCIA_DIRETA_PRESENTE,12,18.75,12.5,Q04_R03=12|Q04_R04=12|Q04_R05=1,2,EVIDENCIA_DIRETA_PRESENTE,11,6.25,12.5,Q05_R02=12|Q05_R04=12|Q05_R06=12|Q05_R07=12|Q05_R03=1,SCALE_PRIMARY_O00_V1,2026-08-29,PIH_MS_V2.5_ESTABILIDADE_SENSIBILIDADE_V1,False,False
SCALE-500-O00-00020,500,O00,499.9999999999812,7,20,1,1,UMA_UNIDADE_SUPERFICIAL,Grupo Caiuá,Granular (Gr),2,EVIDENCIA_DIRETA_PRESENTE,5,35.0,70.0,Q01_R03=7|Q01_R05=7|Q01_R06=7|Q01_R02=2|Q01_R04=2,2,EVIDENCIA_DIRETA_PRESENTE,4,35.0,70.0,Q02_R02=7|Q02_R03=7|Q02_R04=7|Q02_R05=7|Q02_R06=7,2,EVIDENCIA_DIRETA_PRESENTE,4,35.0,60.0,Q03_R02=7|Q03_R03=7|Q03_R05=7|Q03_R07=7|Q03_R08=7,2,EVIDENCIA_DIRETA_PRESENTE,5,35.0,70.0,Q04_R03=7|Q04_R04=7|Q04_R05=7|Q04_R02=2,1,POCOS_SEM_EVIDENCIA_DIRETA_DA_PERGUNTA,0,25.0,0.0,Q05_R02=7|Q05_R03=7|Q05_R04=7|Q05_R05=7|Q05_R06=7,SCALE_PRIMARY_O00_V1,2026-08-29,PIH_MS_V2.5_ESTABILIDADE_SENSIBILIDADE_V1,False,False
SCALE-500-O00-00021,500,O00,230.96559039624856,2,10,1,1,UMA_UNIDADE_SUPERFICIAL,Grupo Caiuá,Granular (Gr),2,EVIDENCIA_DIRETA_PRESENTE,1,20.0,60.0,Q01_R03=2|Q01_R05=2|Q01_R06=2|Q01_R02=1|Q01_R04=1,2,EVIDENCIA_DIRETA_PRESENTE,1,20.0,60.0,Q02_R02=2|Q02_R03=2|Q02_R04=2|Q02_R05=2|Q02_R06=2,2,EVIDENCIA_DIRETA_PRESENTE,1,20.0,40.0,Q03_R02=2|Q03_R03=2|Q03_R05=2|Q03_R06=2|Q03_R07=2,2,EVIDENCIA_DIRETA_PRESENTE,1,20.0,60.0,Q04_R03=2|Q04_R04=2|Q04_R05=2|Q04_R02=1,1,POCOS_SEM_EVIDENCIA_DIRETA_DA_PERGUNTA,0,30.0,0.0,Q05_R02=2|Q05_R03=2|Q05_R04=2|Q05_R05=2|Q05_R06=2,SCALE_PRIMARY_O00_V1,2026-08-29,PIH_MS_V2.5_ESTABILIDADE_SENSIBILIDADE_V1,False,False
SCALE-500-O00-00022,500,O00,209.56772805711412,0,10,2,2,MULTIPLAS_UNIDADES_SUPERFICIAIS,Grupo Caiuá,Granular (Gr),0,SEM_POCOS_NO_CONJUNTO_AUDITADO,0,100.0,100.0,,0,SEM_POCOS_NO_CONJUNTO_AUDITADO,0,100.0,100.0,,0,SEM_POCOS_NO_CONJUNTO_AUDITADO,0,100.0,100.0,,0,SEM_POCOS_NO_CONJUNTO_AUDITADO,0,100.0,100.0,,0,SEM_POCOS_NO_CONJUNTO_AUDITADO,0,100.0,100.0,,SCALE_PRIMARY_O00_V1,2026-08-29,PIH_MS_V2.5_ESTABILIDADE_SENSIBILIDADE_V1,False,False
SCALE-500-O00-00023,500,O00,499.9999999999812,0,20,2,2,MULTIPLAS_UNIDADES_SUPERFICIAIS,Grupo Caiuá,Granular (Gr),0,SEM_POCOS_NO_CONJUNTO_AUDITADO,0,100.0,80.0,,0,SEM_POCOS_NO_CONJUNTO_AUDITADO,0,100.0,80.0,,0,SEM_POCOS_NO_CONJUNTO_AUDITADO,0,100.0,80.0,,0,SEM_POCOS_NO_CONJUNTO_AUDITADO,0,100.0,80.0,,0,SEM_POCOS_NO_CONJUNTO_AUDITADO,0,100.0,80.0,,SCALE_PRIMARY_O00_V1,2026-08-29,PIH_MS_V2.5_ESTABILIDADE_SENSIBILIDADE_V1,False,False
SCALE-500-O00-00024,500,O00,499.9999999999812,3,17,1,1,UMA_UNIDADE_SUPERFICIAL,Grupo Caiuá,Granular (Gr),2,EVIDENCIA_DIRETA_PRESENTE,3,23.529412,76.470588,Q01_R03=3|Q01_R05=3|Q01_R06=3,2,EVIDENCIA_DIRETA_PRESENTE,3,23.529412,76.470588,Q02_R02=3|Q02_R03=3|Q02_R04=3|Q02_R05=3|Q02_R06=3,2,EVIDENCIA_DIRETA_PRESENTE,3,23.529412,76.470588,Q03_R02=3|Q03_R03=3|Q03_R05=3|Q03_R07=3|Q03_R08=3,2,EVIDENCIA_DIRETA_PRESENTE,3,23.529412,76.470588,Q04_R03=3|Q04_R04=3|Q04_R05=3,1,POCOS_SEM_EVIDENCIA_DIRETA_DA_PERGUNTA,0,0.0,47.058824,Q05_R02=3|Q05_R03=3|Q05_R04=3|Q05_R05=3|Q05_R06=3,SCALE_PRIMARY_O00_V1,2026-08-29,PIH_MS_V2.5_ESTABILIDADE_SENSIBILIDADE_V1,False,False
SCALE-500-O00-00025,500,O00,499.9999999999812,0,20,1,1,UMA_UNIDADE_SUPERFICIAL,Grupo Caiuá,Granular (Gr),0,SEM_POCOS_NO_CONJUNTO_AUDITADO,0,85.0,45.0,,0,SEM_POCOS_NO_CONJUNTO_AUDITADO,0,85.0,45.0,,0,SEM_POCOS_NO_CONJUNTO_AUDITADO,0,85.0,45.0,,0,SEM_POCOS_NO_CONJUNTO_AUDITADO,0,85.0,45.0,,0,SEM_POCOS_NO_CONJUNTO_AUDITADO,0,85.0,45.0,,SCALE_PRIMARY_O00_V1,2026-08-29,PIH_MS_V2.5_ESTABILIDADE_SENSIBILIDADE_V1,False,False
SCALE-500-O00-00026,500,O00,499.9999999999812,0,21,1,1,UMA_UNIDADE_SUPERFICIAL,Grupo Caiuá,Granular (Gr),0,SEM_POCOS_NO_CONJUNTO_AUDITADO,0,80.952381,71.428571,,0,SEM_POCOS_NO_CONJUNTO_AUDITADO,0,80.952381,71.428571,,0,SEM_POCOS_NO_CONJUNTO_AUDITADO,0,80.952381,71.428571,,0,SEM_POCOS_NO_CONJUNTO_AUDITADO,0,80.952381,71.428571,,0,SEM_POCOS_NO_CONJUNTO_AUDITADO,0,80.952381,71.428571,,SCALE_PRIMARY_O00_V1,2026-08-29,PIH_MS_V2.5_ESTABILIDADE_SENSIBILIDADE_V1,False,False
SCALE-500-O00-00027,500,O00,499.9999999999812,0,21,1,1,UMA_UNIDADE_SUPERFICIAL,Grupo Caiuá,Granular (Gr),0,SEM_POCOS_NO_CONJUNTO_AUDITADO,0,28.571429,19.047619,,0,SEM_POCOS_NO_CONJUNTO_AUDITADO,0,28.571429,19.047619,,0,SEM_POCOS_NO_CONJUNTO_AUDITADO,0,28.571429,19.047619,,0,SEM_POCOS_NO_CONJUNTO_AUDITADO,0,28.571429,19.047619,,0,SEM_POCOS_NO_CONJUNTO_AUDITADO,0,28.571429,19.047619,,SCALE_PRIMARY_O00_V1,2026-08-29,PIH_MS_V2.5_ESTABILIDADE_SENSIBILIDADE_V1,False,False
SCALE-500-O00-00028,500,O00,499.9999999999812,37,20,1,1,UMA_UNIDADE_SUPERFICIAL,Grupo Caiuá,Granular (Gr),2,EVIDENCIA_DIRETA_PRESENTE,35,65.0,100.0,Q01_R03=37|Q01_R05=37|Q01_R06=34|Q01_R02=2|Q01_R04=2,2,EVIDENCIA_DIRETA_PRESENTE,33,65.0,100.0,Q02_R02=37|Q02_R06=37|Q02_R07=37|Q02_R08=37|Q02_R03=34,2,EVIDENCIA_DIRETA_PRESENTE,29,65.0,100.0,Q03_R02=37|Q03_R05=37|Q03_R07=37|Q03_R08=37|Q03_R03=34,2,EVIDENCIA_DIRETA_PRESENTE,35,65.0,100.0,Q04_R03=37|Q04_R04=37|Q04_R05=34|Q04_R02=2,2,EVIDENCIA_DIRETA_PRESENTE,6,5.0,5.0,Q05_R02=37|Q05_R04=37|Q05_R06=37|Q05_R07=37|Q05_R05=34,SCALE_PRIMARY_O00_V1,2026-08-29,PIH_MS_V2.5_ESTABILIDADE_SENSIBILIDADE_V1,False,False
SCALE-500-O00-00029,500,O00,254.9203477030727,0,9,2,1,MULTIPLAS_UNIDADES_SUPERFICIAIS,Grupo Caiuá,Granular (Gr),0,SEM_POCOS_NO_CONJUNTO_AUDITADO,0,0.0,55.555556,,0,SEM_POCOS_NO_CONJUNTO_AUDITADO,0,0.0,55.555556,,0,SEM_POCOS_NO_CONJUNTO_AUDITADO,0,0.0,55.555556,,0,SEM_POCOS_NO_CONJUNTO_AUDITADO,0,0.0,55.555556,,0,SEM_POCOS_NO_CONJUNTO_AUDITADO,0,0.0,55.555556,,SCALE_PRIMARY_O00_V1,2026-08-29,PIH_MS_V2.5_ESTABILIDADE_SENSIBILIDADE_V1,False,False
SCALE-500-O00-00030,500,O00,3.7154062322947605,0,0,0,0,UNKNOWN_SEM_CONTEXTO_CLASSIFICADO,,,0,SEM_POCOS_NO_CONJUNTO_AUDITADO,0,,,,0,SEM_POCOS_NO_CONJUNTO_AUDITADO,0,,,,0,SEM_POCOS_NO_CONJUNTO_AUDITADO,0,,,,0,SEM_POCOS_NO_CONJUNTO_AUDITADO,0,,,,0,SEM_POCOS_NO_CONJUNTO_AUDITADO,0,,,,SCALE_PRIMARY_O00_V1,2026-08-29,PIH_MS_V2.5_ESTABILIDADE_SENSIBILIDADE_V1,False,False
SCALE-500-O00-00031,500,O00,1.925047692791562,0,0,0,0,UNKNOWN_SEM_CONTEXTO_CLASSIFICADO,,,0,SEM_POCOS_NO_CONJUNTO_AUDITADO,0,,,,0,SEM_POCOS_NO_CONJUNTO_AUDITADO,0,,,,0,SEM_POCOS_NO_CONJUNTO_AUDITADO,0,,,,0,SEM_POCOS_NO_CONJUNTO_AUDITADO,0,,,,0,SEM_POCOS_NO_CONJUNTO_AUDITADO,0,,,,SCALE_PRIMARY_O00_V1,2026-08-29,PIH_MS_V2.5_ESTABILIDADE_SENSIBILIDADE_V1,False,False
SCALE-500-O00-00032,500,O00,485.30678827355905,0,20,2,2,MULTIPLAS_UNIDADES_SUPERFICIAIS,Formação Serra Geral,Fraturada (Fr),0,SEM_POCOS_NO_CONJUNTO_AUDITADO,0,45.0,30.0,,0,SEM_POCOS_NO_CONJUNTO_AUDITADO,0,45.0,30.0,,0,SEM_POCOS_NO_CONJUNTO_AUDITADO,0,45.0,30.0,,0,SEM_POCOS_NO_CONJUNTO_AUDITADO,0,45.0,30.0,,0,SEM_POCOS_NO_CONJUNTO_AUDITADO,0,45.0,30.0,,SCALE_PRIMARY_O00_V1,2026-08-29,PIH_MS_V2.5_ESTABILIDADE_SENSIBILIDADE_V1,False,False
SCALE-500-O00-00033,500,O00,499.9999999999812,4,20,2,2,MULTIPLAS_UNIDADES_SUPERFICIAIS,Grupo Caiuá,Granular (Gr),2,EVIDENCIA_DIRETA_PRESENTE,2,10.0,70.0,Q01_R03=4|Q01_R05=4|Q01_R06=3|Q01_R02=2|Q01_R04=1,2,EVIDENCIA_DIRETA_PRESENTE,1,5.0,70.0,Q02_R02=4|Q02_R04=4|Q02_R06=4|Q02_R07=4|Q02_R08=4,2,EVIDENCIA_DIRETA_PRESENTE,1,5.0,70.0,Q03_R02=4|Q03_R05=4|Q03_R07=4|Q03_R08=4|Q03_R03=3,2,EVIDENCIA_DIRETA_PRESENTE,3,10.0,70.0,Q04_R03=4|Q04_R04=4|Q04_R05=3|Q04_R02=1,2,EVIDENCIA_DIRETA_PRESENTE,1,10.0,60.0,Q05_R02=4|Q05_R04=4|Q05_R06=4|Q05_R07=4|Q05_R03=3,SCALE_PRIMARY_O00_V1,2026-08-29,PIH_MS_V2.5_ESTABILIDADE_SENSIBILIDADE_V1,False,False
SCALE-500-O00-00034,500,O00,499.9999999999812,0,20,1,1,UMA_UNIDADE_SUPERFICIAL,Grupo Caiuá,Granular (Gr),0,SEM_POCOS_NO_CONJUNTO_AUDITADO,0,65.0,65.0,,0,SEM_POCOS_NO_CONJUNTO_AUDITADO,0,65.0,65.0,,0,SEM_POCOS_NO_CONJUNTO_AUDITADO,0,65.0,65.0,,0,SEM_POCOS_NO_CONJUNTO_AUDITADO,0,65.0,65.0,,0,SEM_POCOS_NO_CONJUNTO_AUDITADO,0,65.0,65.0,,SCALE_PRIMARY_O00_V1,2026-08-29,PIH_MS_V2.5_ESTABILIDADE_SENSIBILIDADE_V1,False,False
SCALE-500-O00-00035,500,O00,499.9999999999812,0,21,1,1,UMA_UNIDADE_SUPERFICIAL,Grupo Caiuá,Granular (Gr),0,SEM_POCOS_NO_CONJUNTO_AUDITADO,0,100.0,100.0,,0,SEM_POCOS_NO_CONJUNTO_AUDITADO,0,100.0,100.0,,0,SEM_POCOS_NO_CONJUNTO_AUDITADO,0,100.0,100.0,,0,SEM_POCOS_NO_CONJUNTO_AUDITADO,0,100.0,100.0,,0,SEM_POCOS_NO_CONJUNTO_AUDITADO,0,100.0,100.0,,SCALE_PRIMARY_O00_V1,2026-08-29,PIH_MS_V2.5_ESTABILIDADE_SENSIBILIDADE_V1,False,False
SCALE-500-O00-00036,500,O00,499.9999999999812,0,18,1,1,UMA_UNIDADE_SUPERFICIAL,Grupo Caiuá,Granular (Gr),0,SEM_POCOS_NO_CONJUNTO_AUDITADO,0,66.666667,11.111111,,0,SEM_POCOS_NO_CONJUNTO_AUDITADO,0,66.666667,11.111111,,0,SEM_POCOS_NO_CONJUNTO_AUDITADO,0,66.666667,11.111111,,0,SEM_POCOS_NO_CONJUNTO_AUDITADO,0,66.666667,11.111111,,0,SEM_POCOS_NO_CONJUNTO_AUDITADO,0,66.666667,11.111111,,SCALE_PRIMARY_O00_V1,2026-08-29,PIH_MS_V2.5_ESTABILIDADE_SENSIBILIDADE_V1,False,False
SCALE-500-O00-00037,500,O00,499.9999999999812,2,21,1,1,UMA_UNIDADE_SUPERFICIAL,Grupo Caiuá,Granular (Gr),2,EVIDENCIA_DIRETA_PRESENTE,2,38.095238,85.714286,Q01_R03=2|Q01_R05=2|Q01_R06=2,2,EVIDENCIA_DIRETA_PRESENTE,2,38.095238,85.714286,Q02_R02=2|Q02_R03=2|Q02_R04=2|Q02_R05=2|Q02_R06=2,2,EVIDENCIA_DIRETA_PRESENTE,1,23.809524,85.714286,Q03_R02=2|Q03_R03=2|Q03_R05=2|Q03_R07=2|Q03_R08=2,2,EVIDENCIA_DIRETA_PRESENTE,2,38.095238,85.714286,Q04_R03=2|Q04_R04=2|Q04_R05=2,1,POCOS_SEM_EVIDENCIA_DIRETA_DA_PERGUNTA,0,0.0,0.0,Q05_R02=2|Q05_R03=2|Q05_R04=2|Q05_R05=2|Q05_R06=2,SCALE_PRIMARY_O00_V1,2026-08-29,PIH_MS_V2.5_ESTABILIDADE_SENSIBILIDADE_V1,False,False
SCALE-500-O00-00038,500,O00,499.9999999999812,3,19,2,1,MULTIPLAS_UNIDADES_SUPERFICIAIS,Grupo Caiuá,Granular (Gr),2,EVIDENCIA_DIRETA_PRESENTE,3,31.578947,89.473684,Q01_R03=3|Q01_R05=3|Q01_R06=3,2,EVIDENCIA_DIRETA_PRESENTE,3,31.578947,89.473684,Q02_R02=3|Q02_R03=3|Q02_R04=3|Q02_R05=3|Q02_R06=3,2,EVIDENCIA_DIRETA_PRESENTE,3,31.578947,89.473684,Q03_R02=3|Q03_R03=3|Q03_R05=3|Q03_R07=3|Q03_R08=3,2,EVIDENCIA_DIRETA_PRESENTE,3,31.578947,89.473684,Q04_R03=3|Q04_R04=3|Q04_R05=3,1,POCOS_SEM_EVIDENCIA_DIRETA_DA_PERGUNTA,0,10.526316,57.894737,Q05_R02=3|Q05_R03=3|Q05_R04=3|Q05_R05=3|Q05_R06=3,SCALE_PRIMARY_O00_V1,2026-08-29,PIH_MS_V2.5_ESTABILIDADE_SENSIBILIDADE_V1,False,False
SCALE-500-O00-00039,500,O00,445.6658776926377,2,17,2,1,MULTIPLAS_UNIDADES_SUPERFICIAIS,Depósitos aluvionares,Granular (Gr),2,EVIDENCIA_DIRETA_PRESENTE,2,11.764706,11.764706,Q01_R03=2|Q01_R05=2|Q01_R06=2,2,EVIDENCIA_DIRETA_PRESENTE,2,11.764706,11.764706,Q02_R02=2|Q02_R03=2|Q02_R04=2|Q02_R05=2|Q02_R06=2,2,EVIDENCIA_DIRETA_PRESENTE,2,11.764706,11.764706,Q03_R02=2|Q03_R03=2|Q03_R05=2|Q03_R07=2|Q03_R08=2,2,EVIDENCIA_DIRETA_PRESENTE,2,11.764706,11.764706,Q04_R03=2|Q04_R04=2|Q04_R05=2,1,POCOS_SEM_EVIDENCIA_DIRETA_DA_PERGUNTA,0,11.764706,11.764706,Q05_R02=2|Q05_R03=2|Q05_R04=2|Q05_R05=2|Q05_R06=2,SCALE_PRIMARY_O00_V1,2026-08-29,PIH_MS_V2.5_ESTABILIDADE_SENSIBILIDADE_V1,False,False
SCALE-500-O00-00040,500,O00,0.10064034736677689,0,0,0,0,UNKNOWN_SEM_CONTEXTO_CLASSIFICADO,,,0,SEM_POCOS_NO_CONJUNTO_AUDITADO,0,,,,0,SEM_POCOS_NO_CONJUNTO_AUDITADO,0,,,,0,SEM_POCOS_NO_CONJUNTO_AUDITADO,0,,,,0,SEM_POCOS_NO_CONJUNTO_AUDITADO,0,,,,0,SEM_POCOS_NO_CONJUNTO_AUDITADO,0,,,,SCALE_PRIMARY_O00_V1,2026-08-29,PIH_MS_V2.5_ESTABILIDADE_SENSIBILIDADE_V1,False,False
SCALE-500-O00-00041,500,O00,417.7970708365854,7,18,2,2,MULTIPLAS_UNIDADES_SUPERFICIAIS,Formação Serra Geral,Fraturada (Fr),2,EVIDENCIA_DIRETA_PRESENTE,6,66.666667,66.666667,Q01_R03=7|Q01_R05=7|Q01_R02=1|Q01_R04=1|Q01_R06=1,2,EVIDENCIA_DIRETA_PRESENTE,6,66.666667,66.666667,Q02_R02=7|Q02_R06=7|Q02_R07=7|Q02_R08=7|Q02_R04=3,2,EVIDENCIA_DIRETA_PRESENTE,3,38.888889,66.666667,Q03_R02=7|Q03_R07=7|Q03_R08=7|Q03_R05=6|Q03_R04=4,2,EVIDENCIA_DIRETA_PRESENTE,6,66.666667,66.666667,Q04_R03=7|Q04_R04=7|Q04_R02=1|Q04_R05=1,2,EVIDENCIA_DIRETA_PRESENTE,5,38.888889,66.666667,Q05_R02=7|Q05_R04=7|Q05_R06=7|Q05_R07=7|Q05_R03=2,SCALE_PRIMARY_O00_V1,2026-08-29,PIH_MS_V2.5_ESTABILIDADE_SENSIBILIDADE_V1,False,False
SCALE-500-O00-00042,500,O00,499.9999999999812,41,19,2,2,MULTIPLAS_UNIDADES_SUPERFICIAIS,Formação Serra Geral,Fraturada (Fr),2,EVIDENCIA_DIRETA_PRESENTE,34,21.052632,78.947368,Q01_R03=41|Q01_R05=41|Q01_R06=27|Q01_R02=7|Q01_R04=3,2,EVIDENCIA_DIRETA_PRESENTE,33,21.052632,78.947368,Q02_R02=41|Q02_R06=41|Q02_R07=41|Q02_R08=41|Q02_R03=27,2,EVIDENCIA_DIRETA_PRESENTE,13,15.789474,10.526316,Q03_R02=41|Q03_R07=41|Q03_R08=41|Q03_R05=38|Q03_R06=30,2,EVIDENCIA_DIRETA_PRESENTE,38,21.052632,78.947368,Q04_R03=41|Q04_R04=41|Q04_R05=27|Q04_R02=3,2,EVIDENCIA_DIRETA_PRESENTE,24,21.052632,78.947368,Q05_R02=41|Q05_R04=41|Q05_R06=41|Q05_R07=41|Q05_R05=27,SCALE_PRIMARY_O00_V1,2026-08-29,PIH_MS_V2.5_ESTABILIDADE_SENSIBILIDADE_V1,False,False
SCALE-500-O00-00043,500,O00,499.9999999999812,3,18,2,2,MULTIPLAS_UNIDADES_SUPERFICIAIS,Grupo Caiuá,Granular (Gr),2,EVIDENCIA_DIRETA_PRESENTE,2,27.777778,27.777778,Q01_R03=3|Q01_R05=3|Q01_R02=1|Q01_R06=1,2,EVIDENCIA_DIRETA_PRESENTE,2,27.777778,27.777778,Q02_R02=3|Q02_R04=3|Q02_R06=3|Q02_R07=3|Q02_R08=3,2,EVIDENCIA_DIRETA_PRESENTE,1,5.555556,27.777778,Q03_R02=3|Q03_R05=3|Q03_R06=3|Q03_R07=3|Q03_R08=3,2,EVIDENCIA_DIRETA_PRESENTE,3,27.777778,27.777778,Q04_R03=3|Q04_R04=3|Q04_R05=1,2,EVIDENCIA_DIRETA_PRESENTE,1,16.666667,11.111111,Q05_R02=3|Q05_R04=3|Q05_R06=3|Q05_R07=3|Q05_R03=2,SCALE_PRIMARY_O00_V1,2026-08-29,PIH_MS_V2.5_ESTABILIDADE_SENSIBILIDADE_V1,False,False
SCALE-500-O00-00044,500,O00,499.9999999999812,0,21,2,2,MULTIPLAS_UNIDADES_SUPERFICIAIS,Grupo Caiuá,Granular (Gr),0,SEM_POCOS_NO_CONJUNTO_AUDITADO,0,42.857143,23.809524,,0,SEM_POCOS_NO_CONJUNTO_AUDITADO,0,42.857143,23.809524,,0,SEM_POCOS_NO_CONJUNTO_AUDITADO,0,42.857143,23.809524,,0,SEM_POCOS_NO_CONJUNTO_AUDITADO,0,42.857143,23.809524,,0,SEM_POCOS_NO_CONJUNTO_AUDITADO,0,42.857143,23.809524,,SCALE_PRIMARY_O00_V1,2026-08-29,PIH_MS_V2.5_ESTABILIDADE_SENSIBILIDADE_V1,False,False
SCALE-500-O00-00045,500,O00,499.9999999999812,0,22,2,2,MULTIPLAS_UNIDADES_SUPERFICIAIS,Grupo Caiuá,Granular (Gr),0,SEM_POCOS_NO_CONJUNTO_AUDITADO,0,50.0,31.818182,,0,SEM_POCOS_NO_CONJUNTO_AUDITADO,0,50.0,31.818182,,0,SEM_POCOS_NO_CONJUNTO_AUDITADO,0,50.0,31.818182,,0,SEM_POCOS_NO_CONJUNTO_AUDITADO,0,50.0,31.818182,,0,SEM_POCOS_NO_CONJUNTO_AUDITADO,0,50.0,31.818182,,SCALE_PRIMARY_O00_V1,2026-08-29,PIH_MS_V2.5_ESTABILIDADE_SENSIBILIDADE_V1,False,False
SCALE-500-O00-00046,500,O00,499.9999999999812,7,21,1,1,UMA_UNIDADE_SUPERFICIAL,Grupo Caiuá,Granular (Gr),2,EVIDENCIA_DIRETA_PRESENTE,6,33.333333,80.952381,Q01_R03=7|Q01_R05=7|Q01_R06=7|Q01_R02=1|Q01_R04=1,2,EVIDENCIA_DIRETA_PRESENTE,6,33.333333,80.952381,Q02_R02=7|Q02_R03=7|Q02_R04=7|Q02_R05=7|Q02_R06=7,2,EVIDENCIA_DIRETA_PRESENTE,6,33.333333,80.952381,Q03_R02=7|Q03_R03=7|Q03_R05=7|Q03_R07=7|Q03_R08=7,2,EVIDENCIA_DIRETA_PRESENTE,6,33.333333,80.952381,Q04_R03=7|Q04_R04=7|Q04_R05=7|Q04_R02=1,1,POCOS_SEM_EVIDENCIA_DIRETA_DA_PERGUNTA,0,0.0,0.0,Q05_R02=7|Q05_R03=7|Q05_R04=7|Q05_R05=7|Q05_R06=7,SCALE_PRIMARY_O00_V1,2026-08-29,PIH_MS_V2.5_ESTABILIDADE_SENSIBILIDADE_V1,False,False
SCALE-500-O00-00047,500,O00,499.9999999999812,48,21,1,1,UMA_UNIDADE_SUPERFICIAL,Grupo Caiuá,Granular (Gr),2,EVIDENCIA_DIRETA_PRESENTE,42,61.904762,100.0,Q01_R03=48|Q01_R05=48|Q01_R06=27|Q01_R02=6|Q01_R04=2,2,EVIDENCIA_DIRETA_PRESENTE,41,61.904762,100.0,Q02_R02=48|Q02_R06=48|Q02_R07=48|Q02_R08=48|Q02_R04=30,2,EVIDENCIA_DIRETA_PRESENTE,25,42.857143,100.0,Q03_R02=48|Q03_R07=48|Q03_R08=48|Q03_R05=42|Q03_R03=27,2,EVIDENCIA_DIRETA_PRESENTE,46,61.904762,100.0,Q04_R03=48|Q04_R04=48|Q04_R05=27|Q04_R02=2,2,EVIDENCIA_DIRETA_PRESENTE,24,28.571429,80.952381,Q05_R02=48|Q05_R04=48|Q05_R06=48|Q05_R07=48|Q05_R05=27,SCALE_PRIMARY_O00_V1,2026-08-29,PIH_MS_V2.5_ESTABILIDADE_SENSIBILIDADE_V1,False,False
SCALE-500-O00-00048,500,O00,499.9999999999812,3,18,3,2,MULTIPLAS_UNIDADES_SUPERFICIAIS,Grupo Caiuá,Granular (Gr),2,EVIDENCIA_DIRETA_PRESENTE,3,5.555556,94.444444,Q01_R03=3|Q01_R05=3|Q01_R06=3,2,EVIDENCIA_DIRETA_PRESENTE,3,5.555556,94.444444,Q02_R02=3|Q02_R03=3|Q02_R04=3|Q02_R05=3|Q02_R06=3,2,EVIDENCIA_DIRETA_PRESENTE,3,5.555556,94.444444,Q03_R02=3|Q03_R03=3|Q03_R05=3|Q03_R07=3|Q03_R08=3,2,EVIDENCIA_DIRETA_PRESENTE,3,5.555556,94.444444,Q04_R03=3|Q04_R04=3|Q04_R05=3,1,POCOS_SEM_EVIDENCIA_DIRETA_DA_PERGUNTA,0,5.555556,77.777778,Q05_R02=3|Q05_R03=3|Q05_R04=3|Q05_R05=3|Q05_R06=3,SCALE_PRIMARY_O00_V1,2026-08-29,PIH_MS_V2.5_ESTABILIDADE_SENSIBILIDADE_V1,False,False
SCALE-500-O00-00049,500,O00,343.06722535451144,0,16,2,1,MULTIPLAS_UNIDADES_SUPERFICIAIS,Depósitos aluvionares,Granular (Gr),0,SEM_POCOS_NO_CONJUNTO_AUDITADO,0,0.0,43.75,,0,SEM_POCOS_NO_CONJUNTO_AUDITADO,0,0.0,43.75,,0,SEM_POCOS_NO_CONJUNTO_AUDITADO,0,0.0,43.75,,0,SEM_POCOS_NO_CONJUNTO_AUDITADO,0,0.0,43.75,,0,SEM_POCOS_NO_CONJUNTO_AUDITADO,0,0.0,43.75,,SCALE_PRIMARY_O00_V1,2026-08-29,PIH_MS_V2.5_ESTABILIDADE_SENSIBILIDADE_V1,False,False
SCALE-500-O00-00050,500,O00,216.53105996491817,19,8,2,2,MULTIPLAS_UNIDADES_SUPERFICIAIS,Formação Serra Geral,Fraturada (Fr),2,EVIDENCIA_DIRETA_PRESENTE,18,62.5,100.0,Q01_R03=19|Q01_R05=19|Q01_R06=2|Q01_R02=1,2,EVIDENCIA_DIRETA_PRESENTE,17,62.5,100.0,Q02_R02=19|Q02_R06=19|Q02_R07=19|Q02_R08=19|Q02_R04=8,2,EVIDENCIA_DIRETA_PRESENTE,8,50.0,100.0,Q03_R02=19|Q03_R07=19|Q03_R08=19|Q03_R05=16|Q03_R04=11,2,EVIDENCIA_DIRETA_PRESENTE,19,62.5,100.0,Q04_R03=19|Q04_R04=19|Q04_R05=2,2,EVIDENCIA_DIRETA_PRESENTE,14,37.5,100.0,Q05_R02=19|Q05_R04=19|Q05_R06=19|Q05_R07=19|Q05_R03=5,SCALE_PRIMARY_O00_V1,2026-08-29,PIH_MS_V2.5_ESTABILIDADE_SENSIBILIDADE_V1,False,False
SCALE-500-O00-00051,500,O00,499.9999999999812,1,21,2,2,MULTIPLAS_UNIDADES_SUPERFICIAIS,Formação Serra Geral,Fraturada (Fr),1,POCOS_SEM_EVIDENCIA_DIRETA_DA_PERGUNTA,0,0.0,0.0,Q01_R02=1|Q01_R03=1|Q01_R04=1|Q01_R05=1|Q01_R06=1,1,POCOS_SEM_EVIDENCIA_DIRETA_DA_PERGUNTA,0,0.0,0.0,Q02_R02=1|Q02_R03=1|Q02_R04=1|Q02_R05=1|Q02_R06=1,1,POCOS_SEM_EVIDENCIA_DIRETA_DA_PERGUNTA,0,0.0,0.0,Q03_R02=1|Q03_R03=1|Q03_R04=1|Q03_R05=1|Q03_R06=1,1,POCOS_SEM_EVIDENCIA_DIRETA_DA_PERGUNTA,0,0.0,0.0,Q04_R02=1|Q04_R03=1|Q04_R04=1|Q04_R05=1,1,POCOS_SEM_EVIDENCIA_DIRETA_DA_PERGUNTA,0,0.0,0.0,Q05_R02=1|Q05_R03=1|Q05_R04=1|Q05_R05=1|Q05_R06=1,SCALE_PRIMARY_O00_V1,2026-08-29,PIH_MS_V2.5_ESTABILIDADE_SENSIBILIDADE_V1,False,False
SCALE-500-O00-00052,500,O00,499.9999999999812,2,22,1,1,UMA_UNIDADE_SUPERFICIAL,Formação Serra Geral,Fraturada (Fr),2,EVIDENCIA_DIRETA_PRESENTE,2,22.727273,81.818182,Q01_R03=2|Q01_R05=2,2,EVIDENCIA_DIRETA_PRESENTE,2,22.727273,81.818182,Q02_R02=2|Q02_R06=2|Q02_R07=2|Q02_R08=2,1,POCOS_SEM_EVIDENCIA_DIRETA_DA_PERGUNTA,0,0.0,13.636364,Q03_R02=2|Q03_R04=2|Q03_R05=2|Q03_R06=2|Q03_R07=2,2,EVIDENCIA_DIRETA_PRESENTE,2,22.727273,81.818182,Q04_R03=2|Q04_R04=2,2,EVIDENCIA_DIRETA_PRESENTE,2,18.181818,72.727273,Q05_R02=2|Q05_R04=2|Q05_R06=2|Q05_R07=2,SCALE_PRIMARY_O00_V1,2026-08-29,PIH_MS_V2.5_ESTABILIDADE_SENSIBILIDADE_V1,False,False
SCALE-500-O00-00053,500,O00,499.9999999999812,8,21,2,2,MULTIPLAS_UNIDADES_SUPERFICIAIS,Formação Serra Geral,Fraturada (Fr),2,EVIDENCIA_DIRETA_PRESENTE,5,28.571429,85.714286,Q01_R03=8|Q01_R05=8|Q01_R02=3|Q01_R04=3|Q01_R06=3,2,EVIDENCIA_DIRETA_PRESENTE,4,28.571429,85.714286,Q02_R02=8|Q02_R04=8|Q02_R06=8|Q02_R07=8|Q02_R08=8,2,EVIDENCIA_DIRETA_PRESENTE,5,28.571429,85.714286,Q03_R02=8|Q03_R07=8|Q03_R08=8|Q03_R05=5|Q03_R03=3,2,EVIDENCIA_DIRETA_PRESENTE,5,28.571429,85.714286,Q04_R03=8|Q04_R04=8|Q04_R02=3|Q04_R05=3,2,EVIDENCIA_DIRETA_PRESENTE,3,19.047619,61.904762,Q05_R02=8|Q05_R04=8|Q05_R06=8|Q05_R07=8|Q05_R03=5,SCALE_PRIMARY_O00_V1,2026-08-29,PIH_MS_V2.5_ESTABILIDADE_SENSIBILIDADE_V1,False,False
SCALE-500-O00-00054,500,O00,499.9999999999812,10,20,2,2,MULTIPLAS_UNIDADES_SUPERFICIAIS,Formação Serra Geral,Fraturada (Fr),2,EVIDENCIA_DIRETA_PRESENTE,9,65.0,75.0,Q01_R03=10|Q01_R05=10|Q01_R06=4|Q01_R02=1|Q01_R04=1,2,EVIDENCIA_DIRETA_PRESENTE,9,65.0,75.0,Q02_R02=10|Q02_R06=10|Q02_R07=10|Q02_R08=10|Q02_R04=8,2,EVIDENCIA_DIRETA_PRESENTE,6,65.0,75.0,Q03_R02=10|Q03_R05=10|Q03_R07=10|Q03_R08=10|Q03_R06=5,2,EVIDENCIA_DIRETA_PRESENTE,9,65.0,75.0,Q04_R03=10|Q04_R04=10|Q04_R05=4|Q04_R02=1,2,EVIDENCIA_DIRETA_PRESENTE,3,15.0,75.0,Q05_R02=10|Q05_R04=10|Q05_R06=10|Q05_R07=10|Q05_R03=7,SCALE_PRIMARY_O00_V1,2026-08-29,PIH_MS_V2.5_ESTABILIDADE_SENSIBILIDADE_V1,False,False
SCALE-500-O00-00055,500,O00,499.9999999999812,3,18,2,2,MULTIPLAS_UNIDADES_SUPERFICIAIS,Grupo Caiuá,Granular (Gr),2,EVIDENCIA_DIRETA_PRESENTE,1,5.555556,16.666667,Q01_R03=3|Q01_R05=3|Q01_R06=3|Q01_R02=2|Q01_R04=2,2,EVIDENCIA_DIRETA_PRESENTE,1,5.555556,16.666667,Q02_R02=3|Q02_R03=3|Q02_R06=3|Q02_R07=3|Q02_R08=3,2,EVIDENCIA_DIRETA_PRESENTE,1,5.555556,16.666667,Q03_R02=3|Q03_R03=3|Q03_R07=3|Q03_R08=3|Q03_R04=2,2,EVIDENCIA_DIRETA_PRESENTE,1,5.555556,16.666667,Q04_R03=3|Q04_R04=3|Q04_R05=3|Q04_R02=2,2,EVIDENCIA_DIRETA_PRESENTE,1,5.555556,11.111111,Q05_R02=3|Q05_R04=3|Q05_R05=3|Q05_R06=3|Q05_R07=3,SCALE_PRIMARY_O00_V1,2026-08-29,PIH_MS_V2.5_ESTABILIDADE_SENSIBILIDADE_V1,False,False
SCALE-500-O00-00056,500,O00,499.9999999999812,2,21,1,1,UMA_UNIDADE_SUPERFICIAL,Grupo Caiuá,Granular (Gr),2,EVIDENCIA_DIRETA_PRESENTE,1,19.047619,28.571429,Q01_R03=2|Q01_R05=2|Q01_R06=2|Q01_R02=1,2,EVIDENCIA_DIRETA_PRESENTE,1,19.047619,28.571429,Q02_R02=2|Q02_R03=2|Q02_R06=2|Q02_R07=2|Q02_R08=2,2,EVIDENCIA_DIRETA_PRESENTE,1,19.047619,28.571429,Q03_R02=2|Q03_R03=2|Q03_R05=2|Q03_R06=2|Q03_R07=2,2,EVIDENCIA_DIRETA_PRESENTE,2,19.047619,28.571429,Q04_R03=2|Q04_R04=2|Q04_R05=2,2,EVIDENCIA_DIRETA_PRESENTE,1,9.52381,9.52381,Q05_R02=2|Q05_R04=2|Q05_R05=2|Q05_R06=2|Q05_R07=2,SCALE_PRIMARY_O00_V1,2026-08-29,PIH_MS_V2.5_ESTABILIDADE_SENSIBILIDADE_V1,False,False
SCALE-500-O00-00057,500,O00,499.9999999999812,0,21,2,2,MULTIPLAS_UNIDADES_SUPERFICIAIS,Grupo Caiuá,Granular (Gr),0,SEM_POCOS_NO_CONJUNTO_AUDITADO,0,0.0,0.0,,0,SEM_POCOS_NO_CONJUNTO_AUDITADO,0,0.0,0.0,,0,SEM_POCOS_NO_CONJUNTO_AUDITADO,0,0.0,0.0,,0,SEM_POCOS_NO_CONJUNTO_AUDITADO,0,0.0,0.0,,0,SEM_POCOS_NO_CONJUNTO_AUDITADO,0,0.0,0.0,,SCALE_PRIMARY_O00_V1,2026-08-29,PIH_MS_V2.5_ESTABILIDADE_SENSIBILIDADE_V1,False,False
SCALE-500-O00-00058,500,O00,499.9999999999812,1,21,2,1,MULTIPLAS_UNIDADES_SUPERFICIAIS,Grupo Caiuá,Granular (Gr),1,POCOS_SEM_EVIDENCIA_DIRETA_DA_PERGUNTA,0,0.0,0.0,Q01_R02=1|Q01_R03=1|Q01_R05=1|Q01_R06=1,1,POCOS_SEM_EVIDENCIA_DIRETA_DA_PERGUNTA,0,0.0,0.0,Q02_R02=1|Q02_R03=1|Q02_R04=1|Q02_R05=1|Q02_R06=1,1,POCOS_SEM_EVIDENCIA_DIRETA_DA_PERGUNTA,0,0.0,47.619048,Q03_R02=1|Q03_R03=1|Q03_R04=1|Q03_R05=1|Q03_R06=1,2,EVIDENCIA_DIRETA_PRESENTE,1,9.52381,66.666667,Q04_R03=1|Q04_R04=1|Q04_R05=1,1,POCOS_SEM_EVIDENCIA_DIRETA_DA_PERGUNTA,0,9.52381,61.904762,Q05_R02=1|Q05_R03=1|Q05_R04=1|Q05_R05=1|Q05_R06=1,SCALE_PRIMARY_O00_V1,2026-08-29,PIH_MS_V2.5_ESTABILIDADE_SENSIBILIDADE_V1,False,False
SCALE-500-O00-00059,500,O00,348.53187765261424,0,13,1,1,UMA_UNIDADE_SUPERFICIAL,Depósitos aluvionares,Granular (Gr),0,SEM_POCOS_NO_CONJUNTO_AUDITADO,0,92.307692,61.538462,,0,SEM_POCOS_NO_CONJUNTO_AUDITADO,0,92.307692,61.538462,,0,SEM_POCOS_NO_CONJUNTO_AUDITADO,0,92.307692,61.538462,,0,SEM_POCOS_NO_CONJUNTO_AUDITADO,0,92.307692,61.538462,,0,SEM_POCOS_NO_CONJUNTO_AUDITADO,0,92.307692,61.538462,,SCALE_PRIMARY_O00_V1,2026-08-29,PIH_MS_V2.5_ESTABILIDADE_SENSIBILIDADE_V1,False,False
SCALE-500-O00-00060,500,O00,38.36133880687166,0,2,1,1,UMA_UNIDADE_SUPERFICIAL,Depósitos aluvionares,Granular (Gr),0,SEM_POCOS_NO_CONJUNTO_AUDITADO,0,100.0,50.0,,0,SEM_POCOS_NO_CONJUNTO_AUDITADO,0,100.0,50.0,,0,SEM_POCOS_NO_CONJUNTO_AUDITADO,0,100.0,50.0,,0,SEM_POCOS_NO_CONJUNTO_AUDITADO,0,100.0,50.0,,0,SEM_POCOS_NO_CONJUNTO_AUDITADO,0,100.0,50.0,,SCALE_PRIMARY_O00_V1,2026-08-29,PIH_MS_V2.5_ESTABILIDADE_SENSIBILIDADE_V1,False,False
SCALE-500-O00-00061,500,O00,442.28956780119125,6,18,2,2,MULTIPLAS_UNIDADES_SUPERFICIAIS,Formação Serra Geral,Fraturada (Fr),2,EVIDENCIA_DIRETA_PRESENTE,6,22.222222,100.0,Q01_R03=6|Q01_R05=6|Q01_R06=2,2,EVIDENCIA_DIRETA_PRESENTE,6,22.222222,100.0,Q02_R02=6|Q02_R06=6|Q02_R07=6|Q02_R08=6|Q02_R03=2,2,EVIDENCIA_DIRETA_PRESENTE,3,11.111111,100.0,Q03_R02=6|Q03_R07=6|Q03_R08=6|Q03_R05=5|Q03_R04=3,2,EVIDENCIA_DIRETA_PRESENTE,6,22.222222,100.0,Q04_R03=6|Q04_R04=6|Q04_R05=2,2,EVIDENCIA_DIRETA_PRESENTE,5,16.666667,100.0,Q05_R02=6|Q05_R04=6|Q05_R06=6|Q05_R07=6|Q05_R05=2,SCALE_PRIMARY_O00_V1,2026-08-29,PIH_MS_V2.5_ESTABILIDADE_SENSIBILIDADE_V1,False,False
SCALE-500-O00-00062,500,O00,499.9999999999812,3,21,1,1,UMA_UNIDADE_SUPERFICIAL,Formação Serra Geral,Fraturada (Fr),2,EVIDENCIA_DIRETA_PRESENTE,2,9.52381,76.190476,Q01_R03=3|Q01_R05=3|Q01_R02=1|Q01_R06=1,2,EVIDENCIA_DIRETA_PRESENTE,2,9.52381,76.190476,Q02_R02=3|Q02_R06=3|Q02_R07=3|Q02_R08=3|Q02_R04=2,1,POCOS_SEM_EVIDENCIA_DIRETA_DA_PERGUNTA,0,4.761905,9.52381,Q03_R02=3|Q03_R04=3|Q03_R05=3|Q03_R06=3|Q03_R07=3,2,EVIDENCIA_DIRETA_PRESENTE,3,9.52381,76.190476,Q04_R03=3|Q04_R04=3|Q04_R05=1,2,EVIDENCIA_DIRETA_PRESENTE,1,4.761905,76.190476,Q05_R02=3|Q05_R04=3|Q05_R06=3|Q05_R07=3|Q05_R03=2,SCALE_PRIMARY_O00_V1,2026-08-29,PIH_MS_V2.5_ESTABILIDADE_SENSIBILIDADE_V1,False,False
SCALE-500-O00-00063,500,O00,499.9999999999812,5,18,1,1,UMA_UNIDADE_SUPERFICIAL,Formação Serra Geral,Fraturada (Fr),2,EVIDENCIA_DIRETA_PRESENTE,2,50.0,100.0,Q01_R03=5|Q01_R05=5|Q01_R02=3|Q01_R04=3|Q01_R06=3,2,EVIDENCIA_DIRETA_PRESENTE,2,50.0,100.0,Q02_R02=5|Q02_R04=5|Q02_R05=5|Q02_R06=5|Q02_R07=5,2,EVIDENCIA_DIRETA_PRESENTE,2,44.444444,72.222222,Q03_R02=5|Q03_R05=5|Q03_R06=5|Q03_R07=5|Q03_R08=5,2,EVIDENCIA_DIRETA_PRESENTE,2,50.0,100.0,Q04_R03=5|Q04_R04=5|Q04_R02=3|Q04_R05=3,1,POCOS_SEM_EVIDENCIA_DIRETA_DA_PERGUNTA,0,0.0,0.0,Q05_R02=5|Q05_R03=5|Q05_R04=5|Q05_R06=5|Q05_R07=5,SCALE_PRIMARY_O00_V1,2026-08-29,PIH_MS_V2.5_ESTABILIDADE_SENSIBILIDADE_V1,False,False
SCALE-500-O00-00064,500,O00,499.9999999999812,33,21,2,2,MULTIPLAS_UNIDADES_SUPERFICIAIS,Grupo Caiuá,Granular (Gr),2,EVIDENCIA_DIRETA_PRESENTE,30,76.190476,100.0,Q01_R03=33|Q01_R05=33|Q01_R06=33|Q01_R02=3|Q01_R04=1,2,EVIDENCIA_DIRETA_PRESENTE,28,76.190476,100.0,Q02_R02=33|Q02_R03=33|Q02_R06=33|Q02_R07=33|Q02_R08=33,2,EVIDENCIA_DIRETA_PRESENTE,20,76.190476,100.0,Q03_R02=33|Q03_R03=33|Q03_R07=33|Q03_R08=33|Q03_R05=21,2,EVIDENCIA_DIRETA_PRESENTE,32,76.190476,100.0,Q04_R03=33|Q04_R04=33|Q04_R05=33|Q04_R02=1,2,EVIDENCIA_DIRETA_PRESENTE,22,47.619048,71.428571,Q05_R02=33|Q05_R04=33|Q05_R05=33|Q05_R06=33|Q05_R07=33,SCALE_PRIMARY_O00_V1,2026-08-29,PIH_MS_V2.5_ESTABILIDADE_SENSIBILIDADE_V1,False,False
SCALE-500-O00-00065,500,O00,499.9999999999812,19,19,1,1,UMA_UNIDADE_SUPERFICIAL,Grupo Caiuá,Granular (Gr),2,EVIDENCIA_DIRETA_PRESENTE,17,47.368421,26.315789,Q01_R03=19|Q01_R05=19|Q01_R06=13|Q01_R02=2|Q01_R04=1,2,EVIDENCIA_DIRETA_PRESENTE,16,47.368421,26.315789,Q02_R02=19|Q02_R06=19|Q02_R08=19|Q02_R07=18|Q02_R04=14,2,EVIDENCIA_DIRETA_PRESENTE,15,47.368421,26.315789,Q03_R02=19|Q03_R07=19|Q03_R08=19|Q03_R05=16|Q03_R03=13,2,EVIDENCIA_DIRETA_PRESENTE,18,47.368421,26.315789,Q04_R03=19|Q04_R04=19|Q04_R05=13|Q04_R02=1,2,EVIDENCIA_DIRETA_PRESENTE,5,10.526316,26.315789,Q05_R02=19|Q05_R04=19|Q05_R06=19|Q05_R07=19|Q05_R03=14,SCALE_PRIMARY_O00_V1,2026-08-29,PIH_MS_V2.5_ESTABILIDADE_SENSIBILIDADE_V1,False,False
SCALE-500-O00-00066,500,O00,499.9999999999812,0,20,1,1,UMA_UNIDADE_SUPERFICIAL,Grupo Caiuá,Granular (Gr),0,SEM_POCOS_NO_CONJUNTO_AUDITADO,0,0.0,0.0,,0,SEM_POCOS_NO_CONJUNTO_AUDITADO,0,0.0,0.0,,0,SEM_POCOS_NO_CONJUNTO_AUDITADO,0,0.0,0.0,,0,SEM_POCOS_NO_CONJUNTO_AUDITADO,0,0.0,0.0,,0,SEM_POCOS_NO_CONJUNTO_AUDITADO,0,0.0,0.0,,SCALE_PRIMARY_O00_V1,2026-08-29,PIH_MS_V2.5_ESTABILIDADE_SENSIBILIDADE_V1,False,False
SCALE-500-O00-00067,500,O00,499.9999999999812,0,21,1,1,UMA_UNIDADE_SUPERFICIAL,Grupo Caiuá,Granular (Gr),0,SEM_POCOS_NO_CONJUNTO_AUDITADO,0,0.0,4.761905,,0,SEM_POCOS_NO_CONJUNTO_AUDITADO,0,0.0,4.761905,,0,SEM_POCOS_NO_CONJUNTO_AUDITADO,0,0.0,4.761905,,0,SEM_POCOS_NO_CONJUNTO_AUDITADO,0,0.0,4.761905,,0,SEM_POCOS_NO_CONJUNTO_AUDITADO,0,0.0,4.761905,,SCALE_PRIMARY_O00_V1,2026-08-29,PIH_MS_V2.5_ESTABILIDADE_SENSIBILIDADE_V1,False,False
SCALE-500-O00-00068,500,O00,499.9999999999812,19,18,2,1,MULTIPLAS_UNIDADES_SUPERFICIAIS,Grupo Caiuá,Granular (Gr),2,EVIDENCIA_DIRETA_PRESENTE,19,27.777778,66.666667,Q01_R03=19|Q01_R05=19|Q01_R06=11,2,EVIDENCIA_DIRETA_PRESENTE,19,27.777778,66.666667,Q02_R02=19|Q02_R06=19|Q02_R08=19|Q02_R07=18|Q02_R04=12,2,EVIDENCIA_DIRETA_PRESENTE,9,16.666667,55.555556,Q03_R02=19|Q03_R07=19|Q03_R08=19|Q03_R05=17|Q03_R06=14,2,EVIDENCIA_DIRETA_PRESENTE,19,27.777778,66.666667,Q04_R03=19|Q04_R04=19|Q04_R05=11,2,EVIDENCIA_DIRETA_PRESENTE,10,5.555556,55.555556,Q05_R02=19|Q05_R04=19|Q05_R06=19|Q05_R07=19|Q05_R05=11,SCALE_PRIMARY_O00_V1,2026-08-29,PIH_MS_V2.5_ESTABILIDADE_SENSIBILIDADE_V1,False,False
SCALE-500-O00-00069,500,O00,499.9999999999812,2,21,2,1,MULTIPLAS_UNIDADES_SUPERFICIAIS,Grupo Caiuá,Granular (Gr),2,EVIDENCIA_DIRETA_PRESENTE,2,14.285714,76.190476,Q01_R03=2|Q01_R05=2|Q01_R06=2,2,EVIDENCIA_DIRETA_PRESENTE,2,14.285714,76.190476,Q02_R02=2|Q02_R03=2|Q02_R04=2|Q02_R06=2|Q02_R07=2,2,EVIDENCIA_DIRETA_PRESENTE,2,4.761905,61.904762,Q03_R02=2|Q03_R03=2|Q03_R07=2|Q03_R08=2|Q03_R05=1,2,EVIDENCIA_DIRETA_PRESENTE,2,19.047619,80.952381,Q04_R03=2|Q04_R04=2|Q04_R05=2,2,EVIDENCIA_DIRETA_PRESENTE,1,4.761905,61.904762,Q05_R02=2|Q05_R04=2|Q05_R05=2|Q05_R06=2|Q05_R07=2,SCALE_PRIMARY_O00_V1,2026-08-29,PIH_MS_V2.5_ESTABILIDADE_SENSIBILIDADE_V1,False,False
SCALE-500-O00-00070,500,O00,499.9999999999812,1,19,2,1,MULTIPLAS_UNIDADES_SUPERFICIAIS,Depósitos aluvionares,Granular (Gr),2,EVIDENCIA_DIRETA_PRESENTE,1,0.0,68.421053,Q01_R03=1|Q01_R05=1|Q01_R06=1,2,EVIDENCIA_DIRETA_PRESENTE,1,0.0,68.421053,Q02_R02=1|Q02_R03=1|Q02_R04=1|Q02_R05=1|Q02_R06=1,2,EVIDENCIA_DIRETA_PRESENTE,1,0.0,68.421053,Q03_R02=1|Q03_R03=1|Q03_R05=1|Q03_R07=1|Q03_R08=1,2,EVIDENCIA_DIRETA_PRESENTE,1,0.0,68.421053,Q04_R03=1|Q04_R04=1|Q04_R05=1,1,POCOS_SEM_EVIDENCIA_DIRETA_DA_PERGUNTA,0,0.0,0.0,Q05_R02=1|Q05_R03=1|Q05_R04=1|Q05_R05=1|Q05_R06=1,SCALE_PRIMARY_O00_V1,2026-08-29,PIH_MS_V2.5_ESTABILIDADE_SENSIBILIDADE_V1,False,False
SCALE-500-O00-00071,500,O00,326.5481805592025,0,13,1,1,UMA_UNIDADE_SUPERFICIAL,Depósitos aluvionares,Granular (Gr),0,SEM_POCOS_NO_CONJUNTO_AUDITADO,0,69.230769,61.538462,,0,SEM_POCOS_NO_CONJUNTO_AUDITADO,0,69.230769,61.538462,,0,SEM_POCOS_NO_CONJUNTO_AUDITADO,0,69.230769,61.538462,,0,SEM_POCOS_NO_CONJUNTO_AUDITADO,0,69.230769,61.538462,,0,SEM_POCOS_NO_CONJUNTO_AUDITADO,0,69.230769,61.538462,,SCALE_PRIMARY_O00_V1,2026-08-29,PIH_MS_V2.5_ESTABILIDADE_SENSIBILIDADE_V1,False,False
SCALE-500-O00-00072,500,O00,438.2630898931407,59,16,2,2,MULTIPLAS_UNIDADES_SUPERFICIAIS,Formação Serra Geral,Fraturada (Fr),2,EVIDENCIA_DIRETA_PRESENTE,55,75.0,100.0,Q01_R03=59|Q01_R05=59|Q01_R06=55|Q01_R02=4|Q01_R04=2,2,EVIDENCIA_DIRETA_PRESENTE,53,75.0,100.0,Q02_R02=59|Q02_R06=59|Q02_R08=59|Q02_R07=57|Q02_R03=55,2,EVIDENCIA_DIRETA_PRESENTE,17,43.75,93.75,Q03_R02=59|Q03_R07=59|Q03_R08=59|Q03_R05=55|Q03_R03=55,2,EVIDENCIA_DIRETA_PRESENTE,57,75.0,100.0,Q04_R03=59|Q04_R04=59|Q04_R05=55|Q04_R02=2,2,EVIDENCIA_DIRETA_PRESENTE,38,56.25,100.0,Q05_R02=59|Q05_R04=59|Q05_R06=59|Q05_R07=59|Q05_R05=55,SCALE_PRIMARY_O00_V1,2026-08-29,PIH_MS_V2.5_ESTABILIDADE_SENSIBILIDADE_V1,False,False
SCALE-500-O00-00073,500,O00,499.9999999999812,1,20,1,1,UMA_UNIDADE_SUPERFICIAL,Formação Serra Geral,Fraturada (Fr),2,EVIDENCIA_DIRETA_PRESENTE,1,5.0,50.0,Q01_R03=1|Q01_R05=1,2,EVIDENCIA_DIRETA_PRESENTE,1,5.0,50.0,Q02_R02=1|Q02_R04=1|Q02_R05=1|Q02_R06=1|Q02_R07=1,2,EVIDENCIA_DIRETA_PRESENTE,1,5.0,35.0,Q03_R02=1|Q03_R05=1|Q03_R07=1|Q03_R08=1,2,EVIDENCIA_DIRETA_PRESENTE,1,10.0,50.0,Q04_R03=1|Q04_R04=1,1,POCOS_SEM_EVIDENCIA_DIRETA_DA_PERGUNTA,0,0.0,0.0,Q05_R02=1|Q05_R03=1|Q05_R04=1|Q05_R06=1|Q05_R07=1,SCALE_PRIMARY_O00_V1,2026-08-29,PIH_MS_V2.5_ESTABILIDADE_SENSIBILIDADE_V1,False,False
SCALE-500-O00-00074,500,O00,499.9999999999812,19,21,1,1,UMA_UNIDADE_SUPERFICIAL,Formação Serra Geral,Fraturada (Fr),2,EVIDENCIA_DIRETA_PRESENTE,14,33.333333,90.47619,Q01_R03=19|Q01_R05=19|Q01_R06=7|Q01_R02=5|Q01_R04=1,2,EVIDENCIA_DIRETA_PRESENTE,13,33.333333,90.47619,Q02_R02=19|Q02_R06=19|Q02_R07=19|Q02_R08=19|Q02_R04=16,2,EVIDENCIA_DIRETA_PRESENTE,8,33.333333,76.190476,Q03_R02=19|Q03_R07=19|Q03_R08=19|Q03_R05=18|Q03_R04=11,2,EVIDENCIA_DIRETA_PRESENTE,18,33.333333,90.47619,Q04_R03=19|Q04_R04=19|Q04_R05=7|Q04_R02=1,2,EVIDENCIA_DIRETA_PRESENTE,5,19.047619,90.47619,Q05_R02=19|Q05_R04=19|Q05_R06=19|Q05_R07=19|Q05_R03=14,SCALE_PRIMARY_O00_V1,2026-08-29,PIH_MS_V2.5_ESTABILIDADE_SENSIBILIDADE_V1,False,False
SCALE-500-O00-00075,500,O00,499.9999999999812,15,21,2,2,MULTIPLAS_UNIDADES_SUPERFICIAIS,Formação Serra Geral,Fraturada (Fr),2,EVIDENCIA_DIRETA_PRESENTE,15,47.619048,100.0,Q01_R03=15|Q01_R05=15|Q01_R06=2,2,EVIDENCIA_DIRETA_PRESENTE,12,47.619048,100.0,Q02_R02=15|Q02_R06=15|Q02_R07=15|Q02_R08=15|Q02_R04=14,2,EVIDENCIA_DIRETA_PRESENTE,14,47.619048,100.0,Q03_R02=15|Q03_R07=15|Q03_R08=15|Q03_R05=13|Q03_R03=2,2,EVIDENCIA_DIRETA_PRESENTE,15,47.619048,100.0,Q04_R03=15|Q04_R04=15|Q04_R05=2,2,EVIDENCIA_DIRETA_PRESENTE,3,19.047619,76.190476,Q05_R02=15|Q05_R04=15|Q05_R06=15|Q05_R07=15|Q05_R03=12,SCALE_PRIMARY_O00_V1,2026-08-29,PIH_MS_V2.5_ESTABILIDADE_SENSIBILIDADE_V1,False,False
SCALE-500-O00-00076,500,O00,499.9999999999812,10,20,2,2,MULTIPLAS_UNIDADES_SUPERFICIAIS,Formação Serra Geral,Fraturada (Fr),2,EVIDENCIA_DIRETA_PRESENTE,8,85.0,100.0,Q01_R03=10|Q01_R05=10|Q01_R02=2|Q01_R04=2|Q01_R06=2,2,EVIDENCIA_DIRETA_PRESENTE,8,85.0,100.0,Q02_R02=10|Q02_R06=10|Q02_R07=10|Q02_R08=10|Q02_R04=6,2,EVIDENCIA_DIRETA_PRESENTE,5,85.0,100.0,Q03_R02=10|Q03_R07=10|Q03_R08=10|Q03_R05=8|Q03_R04=5,2,EVIDENCIA_DIRETA_PRESENTE,8,85.0,100.0,Q04_R03=10|Q04_R04=10|Q04_R02=2|Q04_R05=2,2,EVIDENCIA_DIRETA_PRESENTE,5,25.0,100.0,Q05_R02=10|Q05_R04=10|Q05_R06=10|Q05_R07=10|Q05_R03=5,SCALE_PRIMARY_O00_V1,2026-08-29,PIH_MS_V2.5_ESTABILIDADE_SENSIBILIDADE_V1,False,False
SCALE-500-O00-00077,500,O00,499.9999999999812,20,17,2,2,MULTIPLAS_UNIDADES_SUPERFICIAIS,Formação Serra Geral,Fraturada (Fr),2,EVIDENCIA_DIRETA_PRESENTE,18,94.117647,88.235294,Q01_R03=20|Q01_R05=20|Q01_R06=8|Q01_R02=2|Q01_R04=1,2,EVIDENCIA_DIRETA_PRESENTE,18,94.117647,88.235294,Q02_R02=20|Q02_R06=20|Q02_R08=20|Q02_R07=19|Q02_R04=18,2,EVIDENCIA_DIRETA_PRESENTE,14,94.117647,88.235294,Q03_R02=20|Q03_R07=20|Q03_R08=20|Q03_R05=15|Q03_R03=8,2,EVIDENCIA_DIRETA_PRESENTE,19,94.117647,88.235294,Q04_R03=20|Q04_R04=20|Q04_R05=8|Q04_R02=1,2,EVIDENCIA_DIRETA_PRESENTE,7,64.705882,88.235294,Q05_R02=20|Q05_R04=20|Q05_R06=20|Q05_R07=20|Q05_R03=13,SCALE_PRIMARY_O00_V1,2026-08-29,PIH_MS_V2.5_ESTABILIDADE_SENSIBILIDADE_V1,False,False
SCALE-500-O00-00078,500,O00,499.9999999999812,99,20,2,2,MULTIPLAS_UNIDADES_SUPERFICIAIS,Grupo Caiuá,Granular (Gr),2,EVIDENCIA_DIRETA_PRESENTE,94,85.0,95.0,Q01_R03=99|Q01_R05=99|Q01_R06=89|Q01_R02=5|Q01_R04=5,2,EVIDENCIA_DIRETA_PRESENTE,94,85.0,95.0,Q02_R02=99|Q02_R06=99|Q02_R07=99|Q02_R08=99|Q02_R04=90,2,EVIDENCIA_DIRETA_PRESENTE,68,85.0,95.0,Q03_R02=99|Q03_R07=99|Q03_R08=99|Q03_R05=91|Q03_R03=89,2,EVIDENCIA_DIRETA_PRESENTE,94,85.0,95.0,Q04_R03=99|Q04_R04=99|Q04_R05=89|Q04_R02=5,2,EVIDENCIA_DIRETA_PRESENTE,18,65.0,95.0,Q05_R02=99|Q05_R04=99|Q05_R06=99|Q05_R07=99|Q05_R05=89,SCALE_PRIMARY_O00_V1,2026-08-29,PIH_MS_V2.5_ESTABILIDADE_SENSIBILIDADE_V1,False,False
SCALE-500-O00-00079,500,O00,499.9999999999812,13,21,1,1,UMA_UNIDADE_SUPERFICIAL,Grupo Caiuá,Granular (Gr),2,EVIDENCIA_DIRETA_PRESENTE,12,9.52381,23.809524,Q01_R03=13|Q01_R05=13|Q01_R06=13|Q01_R02=1|Q01_R04=1,2,EVIDENCIA_DIRETA_PRESENTE,12,9.52381,23.809524,Q02_R02=13|Q02_R03=13|Q02_R04=13|Q02_R05=13|Q02_R06=13,2,EVIDENCIA_DIRETA_PRESENTE,11,9.52381,23.809524,Q03_R02=13|Q03_R03=13|Q03_R05=13|Q03_R07=13|Q03_R08=13,2,EVIDENCIA_DIRETA_PRESENTE,12,9.52381,23.809524,Q04_R03=13|Q04_R04=13|Q04_R05=13|Q04_R02=1,1,POCOS_SEM_EVIDENCIA_DIRETA_DA_PERGUNTA,0,0.0,0.0,Q05_R02=13|Q05_R03=13|Q05_R04=13|Q05_R05=13|Q05_R06=13,SCALE_PRIMARY_O00_V1,2026-08-29,PIH_MS_V2.5_ESTABILIDADE_SENSIBILIDADE_V1,False,False
SCALE-500-O00-00080,500,O00,499.9999999999812,0,21,1,1,UMA_UNIDADE_SUPERFICIAL,Grupo Caiuá,Granular (Gr),0,SEM_POCOS_NO_CONJUNTO_AUDITADO,0,0.0,0.0,,0,SEM_POCOS_NO_CONJUNTO_AUDITADO,0,0.0,0.0,,0,SEM_POCOS_NO_CONJUNTO_AUDITADO,0,0.0,0.0,,0,SEM_POCOS_NO_CONJUNTO_AUDITADO,0,0.0,0.0,,0,SEM_POCOS_NO_CONJUNTO_AUDITADO,0,0.0,0.0,,SCALE_PRIMARY_O00_V1,2026-08-29,PIH_MS_V2.5_ESTABILIDADE_SENSIBILIDADE_V1,False,False
SCALE-500-O00-00081,500,O00,499.9999999999776,2,20,2,1,MULTIPLAS_UNIDADES_SUPERFICIAIS,Grupo Caiuá,Granular (Gr),2,EVIDENCIA_DIRETA_PRESENTE,2,20.0,85.0,Q01_R03=2|Q01_R05=2|Q01_R06=1,2,EVIDENCIA_DIRETA_PRESENTE,2,20.0,85.0,Q02_R02=2|Q02_R06=2|Q02_R07=2|Q02_R08=2|Q02_R03=1,2,EVIDENCIA_DIRETA_PRESENTE,2,20.0,85.0,Q03_R02=2|Q03_R07=2|Q03_R08=2|Q03_R03=1|Q03_R05=1,2,EVIDENCIA_DIRETA_PRESENTE,2,20.0,85.0,Q04_R03=2|Q04_R04=2|Q04_R05=1,2,EVIDENCIA_DIRETA_PRESENTE,1,20.0,85.0,Q05_R02=2|Q05_R04=2|Q05_R06=2|Q05_R07=2|Q05_R03=1,SCALE_PRIMARY_O00_V1,2026-08-29,PIH_MS_V2.5_ESTABILIDADE_SENSIBILIDADE_V1,False,False
SCALE-500-O00-00082,500,O00,499.9999999999812,15,17,2,1,MULTIPLAS_UNIDADES_SUPERFICIAIS,Grupo Caiuá,Granular (Gr),2,EVIDENCIA_DIRETA_PRESENTE,15,41.176471,88.235294,Q01_R03=15|Q01_R05=15|Q01_R06=8,2,EVIDENCIA_DIRETA_PRESENTE,15,41.176471,88.235294,Q02_R02=15|Q02_R06=15|Q02_R08=15|Q02_R07=14|Q02_R03=8,2,EVIDENCIA_DIRETA_PRESENTE,8,23.529412,88.235294,Q03_R02=15|Q03_R07=15|Q03_R08=15|Q03_R05=11|Q03_R06=8,2,EVIDENCIA_DIRETA_PRESENTE,15,41.176471,88.235294,Q04_R03=15|Q04_R04=15|Q04_R05=8,2,EVIDENCIA_DIRETA_PRESENTE,11,23.529412,88.235294,Q05_R02=15|Q05_R04=15|Q05_R06=15|Q05_R07=15|Q05_R05=8,SCALE_PRIMARY_O00_V1,2026-08-29,PIH_MS_V2.5_ESTABILIDADE_SENSIBILIDADE_V1,False,False
SCALE-500-O00-00083,500,O00,413.6532391053519,0,18,2,1,MULTIPLAS_UNIDADES_SUPERFICIAIS,Depósitos aluvionares,Granular (Gr),0,SEM_POCOS_NO_CONJUNTO_AUDITADO,0,77.777778,61.111111,,0,SEM_POCOS_NO_CONJUNTO_AUDITADO,0,77.777778,61.111111,,0,SEM_POCOS_NO_CONJUNTO_AUDITADO,0,77.777778,61.111111,,0,SEM_POCOS_NO_CONJUNTO_AUDITADO,0,77.777778,61.111111,,0,SEM_POCOS_NO_CONJUNTO_AUDITADO,0,77.777778,61.111111,,SCALE_PRIMARY_O00_V1,2026-08-29,PIH_MS_V2.5_ESTABILIDADE_SENSIBILIDADE_V1,False,False
SCALE-500-O00-00084,500,O00,112.24360020500998,0,5,1,1,UMA_UNIDADE_SUPERFICIAL,Depósitos aluvionares,Granular (Gr),0,SEM_POCOS_NO_CONJUNTO_AUDITADO,0,20.0,60.0,,0,SEM_POCOS_NO_CONJUNTO_AUDITADO,0,20.0,60.0,,0,SEM_POCOS_NO_CONJUNTO_AUDITADO,0,20.0,60.0,,0,SEM_POCOS_NO_CONJUNTO_AUDITADO,0,20.0,60.0,,0,SEM_POCOS_NO_CONJUNTO_AUDITADO,0,20.0,60.0,,SCALE_PRIMARY_O00_V1,2026-08-29,PIH_MS_V2.5_ESTABILIDADE_SENSIBILIDADE_V1,False,False
SCALE-500-O00-00085,500,O00,0.18012560756039922,0,0,0,0,UNKNOWN_SEM_CONTEXTO_CLASSIFICADO,,,0,SEM_POCOS_NO_CONJUNTO_AUDITADO,0,,,,0,SEM_POCOS_NO_CONJUNTO_AUDITADO,0,,,,0,SEM_POCOS_NO_CONJUNTO_AUDITADO,0,,,,0,SEM_POCOS_NO_CONJUNTO_AUDITADO,0,,,,0,SEM_POCOS_NO_CONJUNTO_AUDITADO,0,,,,SCALE_PRIMARY_O00_V1,2026-08-29,PIH_MS_V2.5_ESTABILIDADE_SENSIBILIDADE_V1,False,False
SCALE-500-O00-00086,500,O00,2.461348389109066,0,1,1,1,UMA_UNIDADE_SUPERFICIAL,Depósitos aluvionares,Granular (Gr),0,SEM_POCOS_NO_CONJUNTO_AUDITADO,0,100.0,100.0,,0,SEM_POCOS_NO_CONJUNTO_AUDITADO,0,100.0,100.0,,0,SEM_POCOS_NO_CONJUNTO_AUDITADO,0,100.0,100.0,,0,SEM_POCOS_NO_CONJUNTO_AUDITADO,0,100.0,100.0,,0,SEM_POCOS_NO_CONJUNTO_AUDITADO,0,100.0,100.0,,SCALE_PRIMARY_O00_V1,2026-08-29,PIH_MS_V2.5_ESTABILIDADE_SENSIBILIDADE_V1,False,False
SCALE-500-O00-00087,500,O00,102.0043995804589,0,5,3,2,MULTIPLAS_UNIDADES_SUPERFICIAIS,Embasamento Indiferenciado,Fraturada (Fr),0,SEM_POCOS_NO_CONJUNTO_AUDITADO,0,100.0,60.0,,0,SEM_POCOS_NO_CONJUNTO_AUDITADO,0,100.0,60.0,,0,SEM_POCOS_NO_CONJUNTO_AUDITADO,0,100.0,60.0,,0,SEM_POCOS_NO_CONJUNTO_AUDITADO,0,100.0,60.0,,0,SEM_POCOS_NO_CONJUNTO_AUDITADO,0,100.0,60.0,,SCALE_PRIMARY_O00_V1,2026-08-29,PIH_MS_V2.5_ESTABILIDADE_SENSIBILIDADE_V1,False,False
SCALE-500-O00-00088,500,O00,155.9537144594399,0,7,2,2,MULTIPLAS_UNIDADES_SUPERFICIAIS,Embasamento Indiferenciado,Fraturada (Fr),0,SEM_POCOS_NO_CONJUNTO_AUDITADO,0,100.0,100.0,,0,SEM_POCOS_NO_CONJUNTO_AUDITADO,0,100.0,100.0,,0,SEM_POCOS_NO_CONJUNTO_AUDITADO,0,100.0,100.0,,0,SEM_POCOS_NO_CONJUNTO_AUDITADO,0,100.0,100.0,,0,SEM_POCOS_NO_CONJUNTO_AUDITADO,0,100.0,100.0,,SCALE_PRIMARY_O00_V1,2026-08-29,PIH_MS_V2.5_ESTABILIDADE_SENSIBILIDADE_V1,False,False
SCALE-500-O00-00089,500,O00,201.27193517654004,0,9,3,2,MULTIPLAS_UNIDADES_SUPERFICIAIS,Embasamento Indiferenciado,Fraturada (Fr),0,SEM_POCOS_NO_CONJUNTO_AUDITADO,0,11.111111,11.111111,,0,SEM_POCOS_NO_CONJUNTO_AUDITADO,0,11.111111,11.111111,,0,SEM_POCOS_NO_CONJUNTO_AUDITADO,0,11.111111,11.111111,,0,SEM_POCOS_NO_CONJUNTO_AUDITADO,0,11.111111,11.111111,,0,SEM_POCOS_NO_CONJUNTO_AUDITADO,0,11.111111,11.111111,,SCALE_PRIMARY_O00_V1,2026-08-29,PIH_MS_V2.5_ESTABILIDADE_SENSIBILIDADE_V1,False,False
SCALE-500-O00-00090,500,O00,161.44847937357224,0,6,2,2,MULTIPLAS_UNIDADES_SUPERFICIAIS,Formação Aquidauana,Granular (Gr),0,SEM_POCOS_NO_CONJUNTO_AUDITADO,0,0.0,0.0,,0,SEM_POCOS_NO_CONJUNTO_AUDITADO,0,0.0,0.0,,0,SEM_POCOS_NO_CONJUNTO_AUDITADO,0,0.0,0.0,,0,SEM_POCOS_NO_CONJUNTO_AUDITADO,0,0.0,0.0,,0,SEM_POCOS_NO_CONJUNTO_AUDITADO,0,0.0,0.0,,SCALE_PRIMARY_O00_V1,2026-08-29,PIH_MS_V2.5_ESTABILIDADE_SENSIBILIDADE_V1,False,False
SCALE-500-O00-00091,500,O00,156.78821535884543,1,5,2,1,MULTIPLAS_UNIDADES_SUPERFICIAIS,Formação Botucatu,Granular (Gr),1,POCOS_SEM_EVIDENCIA_DIRETA_DA_PERGUNTA,0,0.0,0.0,Q01_R02=1|Q01_R03=1|Q01_R04=1|Q01_R05=1|Q01_R06=1,1,POCOS_SEM_EVIDENCIA_DIRETA_DA_PERGUNTA,0,0.0,0.0,Q02_R02=1|Q02_R03=1|Q02_R04=1|Q02_R05=1|Q02_R06=1,1,POCOS_SEM_EVIDENCIA_DIRETA_DA_PERGUNTA,0,20.0,60.0,Q03_R02=1|Q03_R03=1|Q03_R04=1|Q03_R05=1|Q03_R06=1,1,POCOS_SEM_EVIDENCIA_DIRETA_DA_PERGUNTA,0,0.0,0.0,Q04_R02=1|Q04_R03=1|Q04_R04=1|Q04_R05=1,1,POCOS_SEM_EVIDENCIA_DIRETA_DA_PERGUNTA,0,0.0,0.0,Q05_R02=1|Q05_R03=1|Q05_R04=1|Q05_R05=1|Q05_R06=1,SCALE_PRIMARY_O00_V1,2026-08-29,PIH_MS_V2.5_ESTABILIDADE_SENSIBILIDADE_V1,False,False
SCALE-500-O00-00092,500,O00,235.05758486200332,13,8,2,2,MULTIPLAS_UNIDADES_SUPERFICIAIS,Formação Serra Geral,Fraturada (Fr),2,EVIDENCIA_DIRETA_PRESENTE,10,37.5,75.0,Q01_R03=13|Q01_R05=13|Q01_R02=3|Q01_R06=2|Q01_R04=1,2,EVIDENCIA_DIRETA_PRESENTE,10,37.5,75.0,Q02_R02=13|Q02_R06=13|Q02_R08=13|Q02_R07=11|Q02_R04=6,2,EVIDENCIA_DIRETA_PRESENTE,5,12.5,62.5,Q03_R02=13|Q03_R07=13|Q03_R08=13|Q03_R05=10|Q03_R04=8,2,EVIDENCIA_DIRETA_PRESENTE,12,37.5,75.0,Q04_R03=13|Q04_R04=13|Q04_R05=2|Q04_R02=1,2,EVIDENCIA_DIRETA_PRESENTE,9,37.5,75.0,Q05_R02=13|Q05_R04=13|Q05_R06=13|Q05_R07=13|Q05_R03=4,SCALE_PRIMARY_O00_V1,2026-08-29,PIH_MS_V2.5_ESTABILIDADE_SENSIBILIDADE_V1,False,False
SCALE-500-O00-00093,500,O00,416.0892720575067,2,18,2,2,MULTIPLAS_UNIDADES_SUPERFICIAIS,Grupo Caiuá,Granular (Gr),1,POCOS_SEM_EVIDENCIA_DIRETA_DA_PERGUNTA,0,0.0,0.0,Q01_R02=2|Q01_R03=2|Q01_R05=2|Q01_R06=2|Q01_R04=1,1,POCOS_SEM_EVIDENCIA_DIRETA_DA_PERGUNTA,0,0.0,0.0,Q02_R02=2|Q02_R03=2|Q02_R04=2|Q02_R05=2|Q02_R06=2,1,POCOS_SEM_EVIDENCIA_DIRETA_DA_PERGUNTA,0,0.0,61.111111,Q03_R02=2|Q03_R03=2|Q03_R04=2|Q03_R05=2|Q03_R06=2,2,EVIDENCIA_DIRETA_PRESENTE,1,5.555556,88.888889,Q04_R03=2|Q04_R04=2|Q04_R05=2|Q04_R02=1,1,POCOS_SEM_EVIDENCIA_DIRETA_DA_PERGUNTA,0,0.0,0.0,Q05_R02=2|Q05_R03=2|Q05_R04=2|Q05_R05=2|Q05_R06=2,SCALE_PRIMARY_O00_V1,2026-08-29,PIH_MS_V2.5_ESTABILIDADE_SENSIBILIDADE_V1,False,False
SCALE-500-O00-00094,500,O00,499.9999999999812,6,21,1,1,UMA_UNIDADE_SUPERFICIAL,Formação Serra Geral,Fraturada (Fr),2,EVIDENCIA_DIRETA_PRESENTE,5,38.095238,100.0,Q01_R03=6|Q01_R05=6|Q01_R06=2|Q01_R02=1,2,EVIDENCIA_DIRETA_PRESENTE,5,38.095238,100.0,Q02_R02=6|Q02_R06=6|Q02_R07=6|Q02_R08=6|Q02_R03=2,1,POCOS_SEM_EVIDENCIA_DIRETA_DA_PERGUNTA,0,0.0,66.666667,Q03_R02=6|Q03_R04=6|Q03_R05=6|Q03_R06=6|Q03_R07=6,2,EVIDENCIA_DIRETA_PRESENTE,6,38.095238,100.0,Q04_R03=6|Q04_R04=6|Q04_R05=2,2,EVIDENCIA_DIRETA_PRESENTE,5,28.571429,80.952381,Q05_R02=6|Q05_R04=6|Q05_R06=6|Q05_R07=6|Q05_R05=2,SCALE_PRIMARY_O00_V1,2026-08-29,PIH_MS_V2.5_ESTABILIDADE_SENSIBILIDADE_V1,False,False
SCALE-500-O00-00095,500,O00,499.9999999999812,0,20,1,1,UMA_UNIDADE_SUPERFICIAL,Formação Serra Geral,Fraturada (Fr),0,SEM_POCOS_NO_CONJUNTO_AUDITADO,0,0.0,0.0,,0,SEM_POCOS_NO_CONJUNTO_AUDITADO,0,0.0,0.0,,0,SEM_POCOS_NO_CONJUNTO_AUDITADO,0,0.0,0.0,,0,SEM_POCOS_NO_CONJUNTO_AUDITADO,0,0.0,0.0,,0,SEM_POCOS_NO_CONJUNTO_AUDITADO,0,0.0,0.0,,SCALE_PRIMARY_O00_V1,2026-08-29,PIH_MS_V2.5_ESTABILIDADE_SENSIBILIDADE_V1,False,False
SCALE-500-O00-00096,500,O00,499.9999999999812,7,17,1,1,UMA_UNIDADE_SUPERFICIAL,Formação Serra Geral,Fraturada (Fr),2,EVIDENCIA_DIRETA_PRESENTE,5,52.941176,100.0,Q01_R03=7|Q01_R05=7|Q01_R02=2|Q01_R04=2|Q01_R06=2,2,EVIDENCIA_DIRETA_PRESENTE,4,35.294118,100.0,Q02_R02=7|Q02_R04=7|Q02_R06=7|Q02_R07=7|Q02_R08=7,2,EVIDENCIA_DIRETA_PRESENTE,4,35.294118,100.0,Q03_R02=7|Q03_R07=7|Q03_R08=7|Q03_R05=5|Q03_R04=3,2,EVIDENCIA_DIRETA_PRESENTE,5,52.941176,100.0,Q04_R03=7|Q04_R04=7|Q04_R02=2|Q04_R05=2,2,EVIDENCIA_DIRETA_PRESENTE,2,11.764706,88.235294,Q05_R02=7|Q05_R04=7|Q05_R06=7|Q05_R07=7|Q05_R03=5,SCALE_PRIMARY_O00_V1,2026-08-29,PIH_MS_V2.5_ESTABILIDADE_SENSIBILIDADE_V1,False,False
SCALE-500-O00-00097,500,O00,499.9999999999812,145,20,1,1,UMA_UNIDADE_SUPERFICIAL,Formação Serra Geral,Fraturada (Fr),2,EVIDENCIA_DIRETA_PRESENTE,121,75.0,100.0,Q01_R03=145|Q01_R05=145|Q01_R06=40|Q01_R02=24|Q01_R04=15,2,EVIDENCIA_DIRETA_PRESENTE,114,75.0,100.0,Q02_R02=145|Q02_R06=145|Q02_R07=145|Q02_R08=145|Q02_R04=118,2,EVIDENCIA_DIRETA_PRESENTE,73,75.0,100.0,Q03_R02=145|Q03_R07=145|Q03_R08=145|Q03_R05=136|Q03_R06=83,2,EVIDENCIA_DIRETA_PRESENTE,130,75.0,100.0,Q04_R03=145|Q04_R04=145|Q04_R05=40|Q04_R02=15,2,EVIDENCIA_DIRETA_PRESENTE,47,40.0,100.0,Q05_R02=145|Q05_R04=145|Q05_R06=145|Q05_R07=145|Q05_R03=98,SCALE_PRIMARY_O00_V1,2026-08-29,PIH_MS_V2.5_ESTABILIDADE_SENSIBILIDADE_V1,False,False
SCALE-500-O00-00098,500,O00,499.9999999999812,17,21,1,1,UMA_UNIDADE_SUPERFICIAL,Formação Serra Geral,Fraturada (Fr),2,EVIDENCIA_DIRETA_PRESENTE,17,85.714286,100.0,Q01_R03=17|Q01_R05=17|Q01_R06=2,2,EVIDENCIA_DIRETA_PRESENTE,17,85.714286,100.0,Q02_R02=17|Q02_R06=17|Q02_R07=17|Q02_R08=17|Q02_R04=13,2,EVIDENCIA_DIRETA_PRESENTE,12,76.190476,100.0,Q03_R02=17|Q03_R07=17|Q03_R08=17|Q03_R05=15|Q03_R04=5,2,EVIDENCIA_DIRETA_PRESENTE,17,85.714286,100.0,Q04_R03=17|Q04_R04=17|Q04_R05=2,2,EVIDENCIA_DIRETA_PRESENTE,6,9.52381,100.0,Q05_R02=17|Q05_R04=17|Q05_R06=17|Q05_R07=17|Q05_R03=11,SCALE_PRIMARY_O00_V1,2026-08-29,PIH_MS_V2.5_ESTABILIDADE_SENSIBILIDADE_V1,False,False
SCALE-500-O00-00099,500,O00,499.9999999999812,29,21,1,1,UMA_UNIDADE_SUPERFICIAL,Formação Serra Geral,Fraturada (Fr),2,EVIDENCIA_DIRETA_PRESENTE,25,100.0,100.0,Q01_R03=29|Q01_R05=29|Q01_R06=11|Q01_R02=4|Q01_R04=4,2,EVIDENCIA_DIRETA_PRESENTE,25,100.0,100.0,Q02_R02=29|Q02_R06=29|Q02_R07=29|Q02_R08=29|Q02_R04=25,2,EVIDENCIA_DIRETA_PRESENTE,17,100.0,100.0,Q03_R02=29|Q03_R07=29|Q03_R08=29|Q03_R05=27|Q03_R06=15,2,EVIDENCIA_DIRETA_PRESENTE,25,100.0,100.0,Q04_R03=29|Q04_R04=29|Q04_R05=11|Q04_R02=4,2,EVIDENCIA_DIRETA_PRESENTE,6,57.142857,100.0,Q05_R02=29|Q05_R04=29|Q05_R06=29|Q05_R07=29|Q05_R03=23,SCALE_PRIMARY_O00_V1,2026-08-29,PIH_MS_V2.5_ESTABILIDADE_SENSIBILIDADE_V1,False,False
SCALE-500-O00-00100,500,O00,499.9999999999812,24,20,2,2,MULTIPLAS_UNIDADES_SUPERFICIAIS,Grupo Caiuá,Granular (Gr),2,EVIDENCIA_DIRETA_PRESENTE,24,80.0,100.0,Q01_R03=24|Q01_R05=24|Q01_R06=17,2,EVIDENCIA_DIRETA_PRESENTE,24,80.0,100.0,Q02_R02=24|Q02_R06=24|Q02_R08=24|Q02_R07=23|Q02_R04=21,2,EVIDENCIA_DIRETA_PRESENTE,23,80.0,100.0,Q03_R02=24|Q03_R07=24|Q03_R08=24|Q03_R05=19|Q03_R03=17,2,EVIDENCIA_DIRETA_PRESENTE,24,80.0,100.0,Q04_R03=24|Q04_R04=24|Q04_R05=17,2,EVIDENCIA_DIRETA_PRESENTE,6,25.0,100.0,Q05_R02=24|Q05_R04=24|Q05_R06=24|Q05_R07=24|Q05_R03=18,SCALE_PRIMARY_O00_V1,2026-08-29,PIH_MS_V2.5_ESTABILIDADE_SENSIBILIDADE_V1,False,False
SCALE-500-O00-00101,500,O00,499.9999999999812,52,16,1,1,UMA_UNIDADE_SUPERFICIAL,Grupo Caiuá,Granular (Gr),2,EVIDENCIA_DIRETA_PRESENTE,48,93.75,93.75,Q01_R05=52|Q01_R03=51|Q01_R06=26|Q01_R02=4|Q01_R04=4,2,EVIDENCIA_DIRETA_PRESENTE,44,62.5,93.75,Q02_R02=52|Q02_R06=52|Q02_R08=52|Q02_R07=51|Q02_R04=31,2,EVIDENCIA_DIRETA_PRESENTE,31,93.75,93.75,Q03_R02=52|Q03_R07=52|Q03_R08=52|Q03_R05=41|Q03_R06=27,2,EVIDENCIA_DIRETA_PRESENTE,48,93.75,93.75,Q04_R03=52|Q04_R04=52|Q04_R05=26|Q04_R02=4,2,EVIDENCIA_DIRETA_PRESENTE,28,37.5,93.75,Q05_R02=52|Q05_R04=52|Q05_R06=52|Q05_R07=52|Q05_R05=26,SCALE_PRIMARY_O00_V1,2026-08-29,PIH_MS_V2.5_ESTABILIDADE_SENSIBILIDADE_V1,False,False
SCALE-500-O00-00102,500,O00,499.9999999999735,8,20,1,1,UMA_UNIDADE_SUPERFICIAL,Grupo Caiuá,Granular (Gr),2,EVIDENCIA_DIRETA_PRESENTE,7,20.0,45.0,Q01_R03=8|Q01_R05=8|Q01_R06=3|Q01_R02=1|Q01_R04=1,2,EVIDENCIA_DIRETA_PRESENTE,7,20.0,45.0,Q02_R02=8|Q02_R06=8|Q02_R08=8|Q02_R07=7|Q02_R04=4,2,EVIDENCIA_DIRETA_PRESENTE,5,20.0,45.0,Q03_R02=8|Q03_R07=8|Q03_R08=8|Q03_R05=5|Q03_R03=3,2,EVIDENCIA_DIRETA_PRESENTE,7,20.0,45.0,Q04_R03=8|Q04_R04=8|Q04_R05=3|Q04_R02=1,2,EVIDENCIA_DIRETA_PRESENTE,5,20.0,25.0,Q05_R02=8|Q05_R04=8|Q05_R06=8|Q05_R07=8|Q05_R03=3,SCALE_PRIMARY_O00_V1,2026-08-29,PIH_MS_V2.5_ESTABILIDADE_SENSIBILIDADE_V1,False,False
SCALE-500-O00-00103,500,O00,499.9999999999812,52,21,1,1,UMA_UNIDADE_SUPERFICIAL,Grupo Caiuá,Granular (Gr),2,EVIDENCIA_DIRETA_PRESENTE,45,38.095238,90.47619,Q01_R05=52|Q01_R03=50|Q01_R06=42|Q01_R02=7|Q01_R04=1,2,EVIDENCIA_DIRETA_PRESENTE,44,38.095238,90.47619,Q02_R02=52|Q02_R06=52|Q02_R07=52|Q02_R08=52|Q02_R03=42,2,EVIDENCIA_DIRETA_PRESENTE,29,28.571429,90.47619,Q03_R02=52|Q03_R07=52|Q03_R08=52|Q03_R03=42|Q03_R05=37,2,EVIDENCIA_DIRETA_PRESENTE,51,38.095238,90.47619,Q04_R03=52|Q04_R04=52|Q04_R05=42|Q04_R02=1,2,EVIDENCIA_DIRETA_PRESENTE,29,28.571429,90.47619,Q05_R02=52|Q05_R04=52|Q05_R06=52|Q05_R07=52|Q05_R05=42,SCALE_PRIMARY_O00_V1,2026-08-29,PIH_MS_V2.5_ESTABILIDADE_SENSIBILIDADE_V1,False,False
SCALE-500-O00-00104,500,O00,499.9999999999812,23,21,1,1,UMA_UNIDADE_SUPERFICIAL,Grupo Caiuá,Granular (Gr),2,EVIDENCIA_DIRETA_PRESENTE,22,28.571429,85.714286,Q01_R03=23|Q01_R05=23|Q01_R06=12|Q01_R02=1,2,EVIDENCIA_DIRETA_PRESENTE,20,28.571429,85.714286,Q02_R02=23|Q02_R06=23|Q02_R07=23|Q02_R08=23|Q02_R04=15,2,EVIDENCIA_DIRETA_PRESENTE,12,47.619048,85.714286,Q03_R02=23|Q03_R07=23|Q03_R08=23|Q03_R05=21|Q03_R06=14,2,EVIDENCIA_DIRETA_PRESENTE,23,47.619048,85.714286,Q04_R03=23|Q04_R04=23|Q04_R05=12,2,EVIDENCIA_DIRETA_PRESENTE,13,38.095238,85.714286,Q05_R02=23|Q05_R04=23|Q05_R06=23|Q05_R07=23|Q05_R05=12,SCALE_PRIMARY_O00_V1,2026-08-29,PIH_MS_V2.5_ESTABILIDADE_SENSIBILIDADE_V1,False,False
SCALE-500-O00-00105,500,O00,499.9999999999812,1,20,2,1,MULTIPLAS_UNIDADES_SUPERFICIAIS,Grupo Caiuá,Granular (Gr),2,EVIDENCIA_DIRETA_PRESENTE,1,5.0,65.0,Q01_R03=1|Q01_R05=1|Q01_R06=1,1,POCOS_SEM_EVIDENCIA_DIRETA_DA_PERGUNTA,0,0.0,55.0,Q02_R02=1|Q02_R03=1|Q02_R04=1|Q02_R05=1|Q02_R06=1,2,EVIDENCIA_DIRETA_PRESENTE,1,5.0,65.0,Q03_R02=1|Q03_R03=1|Q03_R05=1|Q03_R07=1|Q03_R08=1,2,EVIDENCIA_DIRETA_PRESENTE,1,5.0,65.0,Q04_R03=1|Q04_R04=1|Q04_R05=1,1,POCOS_SEM_EVIDENCIA_DIRETA_DA_PERGUNTA,0,5.0,55.0,Q05_R02=1|Q05_R03=1|Q05_R04=1|Q05_R05=1|Q05_R06=1,SCALE_PRIMARY_O00_V1,2026-08-29,PIH_MS_V2.5_ESTABILIDADE_SENSIBILIDADE_V1,False,False
SCALE-500-O00-00106,500,O00,362.25143837755843,6,12,2,1,MULTIPLAS_UNIDADES_SUPERFICIAIS,Depósitos aluvionares,Granular (Gr),2,EVIDENCIA_DIRETA_PRESENTE,6,8.333333,83.333333,Q01_R03=6|Q01_R05=6|Q01_R06=3,2,EVIDENCIA_DIRETA_PRESENTE,6,8.333333,66.666667,Q02_R02=6|Q02_R06=6|Q02_R07=6|Q02_R08=6|Q02_R03=3,2,EVIDENCIA_DIRETA_PRESENTE,4,8.333333,83.333333,Q03_R02=6|Q03_R07=6|Q03_R08=6|Q03_R05=4|Q03_R03=3,2,EVIDENCIA_DIRETA_PRESENTE,6,8.333333,83.333333,Q04_R03=6|Q04_R04=6|Q04_R05=3,2,EVIDENCIA_DIRETA_PRESENTE,4,0.0,8.333333,Q05_R02=6|Q05_R04=6|Q05_R06=6|Q05_R07=6|Q05_R05=3,SCALE_PRIMARY_O00_V1,2026-08-29,PIH_MS_V2.5_ESTABILIDADE_SENSIBILIDADE_V1,False,False
SCALE-500-O00-00107,500,O00,78.63169555690133,0,3,1,1,UMA_UNIDADE_SUPERFICIAL,Depósitos aluvionares,Granular (Gr),0,SEM_POCOS_NO_CONJUNTO_AUDITADO,0,0.0,0.0,,0,SEM_POCOS_NO_CONJUNTO_AUDITADO,0,0.0,0.0,,0,SEM_POCOS_NO_CONJUNTO_AUDITADO,0,0.0,0.0,,0,SEM_POCOS_NO_CONJUNTO_AUDITADO,0,0.0,0.0,,0,SEM_POCOS_NO_CONJUNTO_AUDITADO,0,0.0,0.0,,SCALE_PRIMARY_O00_V1,2026-08-29,PIH_MS_V2.5_ESTABILIDADE_SENSIBILIDADE_V1,False,False
SCALE-500-O00-00108,500,O00,183.16265875393483,0,8,3,2,MULTIPLAS_UNIDADES_SUPERFICIAIS,Depósitos aluvionares,Granular (Gr),0,SEM_POCOS_NO_CONJUNTO_AUDITADO,0,100.0,100.0,,0,SEM_POCOS_NO_CONJUNTO_AUDITADO,0,100.0,100.0,,0,SEM_POCOS_NO_CONJUNTO_AUDITADO,0,100.0,100.0,,0,SEM_POCOS_NO_CONJUNTO_AUDITADO,0,100.0,100.0,,0,SEM_POCOS_NO_CONJUNTO_AUDITADO,0,100.0,100.0,,SCALE_PRIMARY_O00_V1,2026-08-29,PIH_MS_V2.5_ESTABILIDADE_SENSIBILIDADE_V1,False,False
SCALE-500-O00-00109,500,O00,377.7829051011297,0,16,2,1,MULTIPLAS_UNIDADES_SUPERFICIAIS,Formação Pantanal,Granular (Gr),0,SEM_POCOS_NO_CONJUNTO_AUDITADO,0,100.0,100.0,,0,SEM_POCOS_NO_CONJUNTO_AUDITADO,0,100.0,100.0,,0,SEM_POCOS_NO_CONJUNTO_AUDITADO,0,100.0,100.0,,0,SEM_POCOS_NO_CONJUNTO_AUDITADO,0,100.0,100.0,,0,SEM_POCOS_NO_CONJUNTO_AUDITADO,0,100.0,100.0,,SCALE_PRIMARY_O00_V1,2026-08-29,PIH_MS_V2.5_ESTABILIDADE_SENSIBILIDADE_V1,False,False
SCALE-500-O00-00110,500,O00,475.75171938871233,1,17,3,2,MULTIPLAS_UNIDADES_SUPERFICIAIS,Formação Pantanal,Granular (Gr),2,EVIDENCIA_DIRETA_PRESENTE,1,5.882353,58.823529,Q01_R03=1|Q01_R05=1|Q01_R06=1,1,POCOS_SEM_EVIDENCIA_DIRETA_DA_PERGUNTA,0,5.882353,58.823529,Q02_R02=1|Q02_R03=1|Q02_R04=1|Q02_R06=1|Q02_R07=1,2,EVIDENCIA_DIRETA_PRESENTE,1,5.882353,58.823529,Q03_R02=1|Q03_R03=1|Q03_R07=1|Q03_R08=1,2,EVIDENCIA_DIRETA_PRESENTE,1,5.882353,58.823529,Q04_R03=1|Q04_R04=1|Q04_R05=1,2,EVIDENCIA_DIRETA_PRESENTE,1,5.882353,58.823529,Q05_R02=1|Q05_R04=1|Q05_R05=1|Q05_R06=1|Q05_R07=1,SCALE_PRIMARY_O00_V1,2026-08-29,PIH_MS_V2.5_ESTABILIDADE_SENSIBILIDADE_V1,False,False
SCALE-500-O00-00111,500,O00,499.9999999999812,0,20,2,2,MULTIPLAS_UNIDADES_SUPERFICIAIS,Embasamento Indiferenciado,Fraturada (Fr),0,SEM_POCOS_NO_CONJUNTO_AUDITADO,0,30.0,85.0,,0,SEM_POCOS_NO_CONJUNTO_AUDITADO,0,30.0,85.0,,0,SEM_POCOS_NO_CONJUNTO_AUDITADO,0,30.0,85.0,,0,SEM_POCOS_NO_CONJUNTO_AUDITADO,0,30.0,85.0,,0,SEM_POCOS_NO_CONJUNTO_AUDITADO,0,30.0,85.0,,SCALE_PRIMARY_O00_V1,2026-08-29,PIH_MS_V2.5_ESTABILIDADE_SENSIBILIDADE_V1,False,False
SCALE-500-O00-00112,500,O00,499.9999999999812,16,18,1,1,UMA_UNIDADE_SUPERFICIAL,Embasamento Indiferenciado,Fraturada (Fr),2,EVIDENCIA_DIRETA_PRESENTE,14,16.666667,55.555556,Q01_R03=16|Q01_R05=16|Q01_R06=6|Q01_R02=2,2,EVIDENCIA_DIRETA_PRESENTE,14,16.666667,55.555556,Q02_R02=16|Q02_R06=16|Q02_R07=16|Q02_R08=16|Q02_R04=8,2,EVIDENCIA_DIRETA_PRESENTE,5,11.111111,55.555556,Q03_R02=16|Q03_R05=16|Q03_R07=16|Q03_R08=16|Q03_R06=12,2,EVIDENCIA_DIRETA_PRESENTE,16,16.666667,55.555556,Q04_R03=16|Q04_R04=16|Q04_R05=6,2,EVIDENCIA_DIRETA_PRESENTE,9,16.666667,55.555556,Q05_R02=16|Q05_R04=16|Q05_R06=16|Q05_R07=16|Q05_R03=7,SCALE_PRIMARY_O00_V1,2026-08-29,PIH_MS_V2.5_ESTABILIDADE_SENSIBILIDADE_V1,False,False
SCALE-500-O00-00113,500,O00,499.9999999999812,1,21,2,2,MULTIPLAS_UNIDADES_SUPERFICIAIS,Embasamento Indiferenciado,Fraturada (Fr),2,EVIDENCIA_DIRETA_PRESENTE,1,9.52381,80.952381,Q01_R03=1|Q01_R05=1|Q01_R06=1,2,EVIDENCIA_DIRETA_PRESENTE,1,9.52381,80.952381,Q02_R02=1|Q02_R03=1|Q02_R06=1|Q02_R07=1|Q02_R08=1,1,POCOS_SEM_EVIDENCIA_DIRETA_DA_PERGUNTA,0,9.52381,4.761905,Q03_R02=1|Q03_R03=1|Q03_R04=1|Q03_R05=1|Q03_R06=1,2,EVIDENCIA_DIRETA_PRESENTE,1,9.52381,80.952381,Q04_R03=1|Q04_R04=1|Q04_R05=1,2,EVIDENCIA_DIRETA_PRESENTE,1,9.52381,4.761905,Q05_R02=1|Q05_R04=1|Q05_R05=1|Q05_R06=1|Q05_R07=1,SCALE_PRIMARY_O00_V1,2026-08-29,PIH_MS_V2.5_ESTABILIDADE_SENSIBILIDADE_V1,False,False
SCALE-500-O00-00114,500,O00,434.00527632907756,2,17,2,2,MULTIPLAS_UNIDADES_SUPERFICIAIS,Formação Aquidauana,Granular (Gr),2,EVIDENCIA_DIRETA_PRESENTE,2,29.411765,76.470588,Q01_R03=2|Q01_R05=2|Q01_R06=1,2,EVIDENCIA_DIRETA_PRESENTE,2,29.411765,76.470588,Q02_R02=2|Q02_R06=2|Q02_R07=2|Q02_R08=2|Q02_R03=1,2,EVIDENCIA_DIRETA_PRESENTE,1,11.764706,52.941176,Q03_R02=2|Q03_R05=2|Q03_R07=2|Q03_R08=2|Q03_R04=1,2,EVIDENCIA_DIRETA_PRESENTE,2,29.411765,76.470588,Q04_R03=2|Q04_R04=2|Q04_R05=1,2,EVIDENCIA_DIRETA_PRESENTE,1,11.764706,47.058824,Q05_R02=2|Q05_R04=2|Q05_R06=2|Q05_R07=2|Q05_R03=1,SCALE_PRIMARY_O00_V1,2026-08-29,PIH_MS_V2.5_ESTABILIDADE_SENSIBILIDADE_V1,False,False
SCALE-500-O00-00115,500,O00,377.9701113875795,0,14,2,1,MULTIPLAS_UNIDADES_SUPERFICIAIS,Formação Aquidauana,Granular (Gr),0,SEM_POCOS_NO_CONJUNTO_AUDITADO,0,0.0,0.0,,0,SEM_POCOS_NO_CONJUNTO_AUDITADO,0,0.0,0.0,,0,SEM_POCOS_NO_CONJUNTO_AUDITADO,0,0.0,0.0,,0,SEM_POCOS_NO_CONJUNTO_AUDITADO,0,0.0,0.0,,0,SEM_POCOS_NO_CONJUNTO_AUDITADO,0,0.0,0.0,,SCALE_PRIMARY_O00_V1,2026-08-29,PIH_MS_V2.5_ESTABILIDADE_SENSIBILIDADE_V1,False,False
SCALE-500-O00-00116,500,O00,499.9999999999812,3,20,2,2,MULTIPLAS_UNIDADES_SUPERFICIAIS,Formação Botucatu,Granular (Gr),2,EVIDENCIA_DIRETA_PRESENTE,2,30.0,90.0,Q01_R03=3|Q01_R05=3|Q01_R06=2|Q01_R02=1|Q01_R04=1,2,EVIDENCIA_DIRETA_PRESENTE,2,30.0,90.0,Q02_R02=3|Q02_R04=3|Q02_R06=3|Q02_R07=3|Q02_R08=3,2,EVIDENCIA_DIRETA_PRESENTE,1,15.0,75.0,Q03_R02=3|Q03_R05=3|Q03_R07=3|Q03_R08=3|Q03_R03=2,2,EVIDENCIA_DIRETA_PRESENTE,2,30.0,90.0,Q04_R03=3|Q04_R04=3|Q04_R05=2|Q04_R02=1,2,EVIDENCIA_DIRETA_PRESENTE,1,5.0,10.0,Q05_R02=3|Q05_R04=3|Q05_R06=3|Q05_R07=3|Q05_R03=2,SCALE_PRIMARY_O00_V1,2026-08-29,PIH_MS_V2.5_ESTABILIDADE_SENSIBILIDADE_V1,False,False
SCALE-500-O00-00117,500,O00,499.9999999999812,4,21,2,2,MULTIPLAS_UNIDADES_SUPERFICIAIS,Grupo Caiuá,Granular (Gr),2,EVIDENCIA_DIRETA_PRESENTE,4,4.761905,9.52381,Q01_R03=4|Q01_R05=4|Q01_R06=1,2,EVIDENCIA_DIRETA_PRESENTE,4,4.761905,9.52381,Q02_R02=4|Q02_R06=4|Q02_R08=4|Q02_R04=2|Q02_R07=2,2,EVIDENCIA_DIRETA_PRESENTE,4,4.761905,9.52381,Q03_R02=4|Q03_R07=4|Q03_R08=4|Q03_R05=1|Q03_R03=1,2,EVIDENCIA_DIRETA_PRESENTE,4,4.761905,9.52381,Q04_R03=4|Q04_R04=4|Q04_R05=1,2,EVIDENCIA_DIRETA_PRESENTE,3,0.0,9.52381,Q05_R02=4|Q05_R04=4|Q05_R06=4|Q05_R07=4|Q05_R03=1,SCALE_PRIMARY_O00_V1,2026-08-29,PIH_MS_V2.5_ESTABILIDADE_SENSIBILIDADE_V1,False,False
SCALE-500-O00-00118,500,O00,499.9999999999812,1,18,2,2,MULTIPLAS_UNIDADES_SUPERFICIAIS,Formação Serra Geral,Fraturada (Fr),1,POCOS_SEM_EVIDENCIA_DIRETA_DA_PERGUNTA,0,0.0,0.0,Q01_R02=1|Q01_R03=1|Q01_R04=1|Q01_R05=1|Q01_R06=1,1,POCOS_SEM_EVIDENCIA_DIRETA_DA_PERGUNTA,0,0.0,0.0,Q02_R02=1|Q02_R03=1|Q02_R04=1|Q02_R05=1|Q02_R06=1,1,POCOS_SEM_EVIDENCIA_DIRETA_DA_PERGUNTA,0,0.0,16.666667,Q03_R02=1|Q03_R03=1|Q03_R04=1|Q03_R05=1|Q03_R06=1,1,POCOS_SEM_EVIDENCIA_DIRETA_DA_PERGUNTA,0,0.0,0.0,Q04_R02=1|Q04_R03=1|Q04_R04=1|Q04_R05=1,1,POCOS_SEM_EVIDENCIA_DIRETA_DA_PERGUNTA,0,0.0,0.0,Q05_R02=1|Q05_R03=1|Q05_R04=1|Q05_R05=1|Q05_R06=1,SCALE_PRIMARY_O00_V1,2026-08-29,PIH_MS_V2.5_ESTABILIDADE_SENSIBILIDADE_V1,False,False
SCALE-500-O00-00119,500,O00,499.9999999999812,7,20,2,2,MULTIPLAS_UNIDADES_SUPERFICIAIS,Formação Serra Geral,Fraturada (Fr),2,EVIDENCIA_DIRETA_PRESENTE,5,20.0,75.0,Q01_R03=7|Q01_R05=7|Q01_R06=3|Q01_R02=2,2,EVIDENCIA_DIRETA_PRESENTE,5,20.0,75.0,Q02_R02=7|Q02_R06=7|Q02_R07=7|Q02_R08=7|Q02_R04=4,2,EVIDENCIA_DIRETA_PRESENTE,2,5.0,50.0,Q03_R02=7|Q03_R07=7|Q03_R08=7|Q03_R05=6|Q03_R04=5,2,EVIDENCIA_DIRETA_PRESENTE,7,50.0,75.0,Q04_R03=7|Q04_R04=7|Q04_R05=3,2,EVIDENCIA_DIRETA_PRESENTE,4,20.0,65.0,Q05_R02=7|Q05_R04=7|Q05_R06=7|Q05_R07=7|Q05_R03=3,SCALE_PRIMARY_O00_V1,2026-08-29,PIH_MS_V2.5_ESTABILIDADE_SENSIBILIDADE_V1,False,False
SCALE-500-O00-00120,500,O00,499.9999999999812,19,19,2,2,MULTIPLAS_UNIDADES_SUPERFICIAIS,Formação Serra Geral,Fraturada (Fr),2,EVIDENCIA_DIRETA_PRESENTE,16,94.736842,100.0,Q01_R03=19|Q01_R05=19|Q01_R06=10|Q01_R02=3|Q01_R04=3,2,EVIDENCIA_DIRETA_PRESENTE,14,94.736842,100.0,Q02_R02=19|Q02_R04=19|Q02_R05=19|Q02_R06=19|Q02_R07=19,2,EVIDENCIA_DIRETA_PRESENTE,15,63.157895,100.0,Q03_R02=19|Q03_R05=19|Q03_R07=19|Q03_R08=19|Q03_R03=10,2,EVIDENCIA_DIRETA_PRESENTE,16,94.736842,100.0,Q04_R03=19|Q04_R04=19|Q04_R05=10|Q04_R02=3,1,POCOS_SEM_EVIDENCIA_DIRETA_DA_PERGUNTA,0,42.105263,57.894737,Q05_R02=19|Q05_R03=19|Q05_R04=19|Q05_R06=19|Q05_R07=19,SCALE_PRIMARY_O00_V1,2026-08-29,PIH_MS_V2.5_ESTABILIDADE_SENSIBILIDADE_V1,False,False
SCALE-500-O00-00121,500,O00,499.9999999999812,17,20,1,1,UMA_UNIDADE_SUPERFICIAL,Formação Serra Geral,Fraturada (Fr),2,EVIDENCIA_DIRETA_PRESENTE,12,55.0,100.0,Q01_R05=17|Q01_R03=16|Q01_R06=6|Q01_R02=5|Q01_R04=2,2,EVIDENCIA_DIRETA_PRESENTE,11,55.0,100.0,Q02_R02=17|Q02_R07=17|Q02_R08=17|Q02_R04=16|Q02_R06=16,2,EVIDENCIA_DIRETA_PRESENTE,9,40.0,100.0,Q03_R02=17|Q03_R07=17|Q03_R08=17|Q03_R05=15|Q03_R06=10,2,EVIDENCIA_DIRETA_PRESENTE,15,55.0,100.0,Q04_R03=17|Q04_R04=17|Q04_R05=6|Q04_R02=2,2,EVIDENCIA_DIRETA_PRESENTE,2,20.0,80.0,Q05_R02=17|Q05_R04=17|Q05_R06=17|Q05_R07=17|Q05_R03=15,SCALE_PRIMARY_O00_V1,2026-08-29,PIH_MS_V2.5_ESTABILIDADE_SENSIBILIDADE_V1,False,False
SCALE-500-O00-00122,500,O00,499.9999999999812,73,21,1,1,UMA_UNIDADE_SUPERFICIAL,Formação Serra Geral,Fraturada (Fr),2,EVIDENCIA_DIRETA_PRESENTE,67,100.0,100.0,Q01_R03=73|Q01_R05=73|Q01_R06=17|Q01_R02=6|Q01_R04=3,2,EVIDENCIA_DIRETA_PRESENTE,62,100.0,100.0,Q02_R02=73|Q02_R06=73|Q02_R07=73|Q02_R08=73|Q02_R04=59,2,EVIDENCIA_DIRETA_PRESENTE,44,100.0,100.0,Q03_R02=73|Q03_R07=73|Q03_R08=73|Q03_R05=64|Q03_R06=33,2,EVIDENCIA_DIRETA_PRESENTE,70,100.0,100.0,Q04_R03=73|Q04_R04=73|Q04_R05=17|Q04_R02=3,2,EVIDENCIA_DIRETA_PRESENTE,29,100.0,100.0,Q05_R02=73|Q05_R04=73|Q05_R06=73|Q05_R07=73|Q05_R03=44,SCALE_PRIMARY_O00_V1,2026-08-29,PIH_MS_V2.5_ESTABILIDADE_SENSIBILIDADE_V1,False,False
SCALE-500-O00-00123,500,O00,499.9999999999812,35,18,1,1,UMA_UNIDADE_SUPERFICIAL,Formação Serra Geral,Fraturada (Fr),2,EVIDENCIA_DIRETA_PRESENTE,27,88.888889,100.0,Q01_R03=35|Q01_R05=35|Q01_R06=12|Q01_R02=8|Q01_R04=7,2,EVIDENCIA_DIRETA_PRESENTE,27,88.888889,100.0,Q02_R02=35|Q02_R06=35|Q02_R08=35|Q02_R07=34|Q02_R04=32,2,EVIDENCIA_DIRETA_PRESENTE,20,83.333333,100.0,Q03_R02=35|Q03_R07=35|Q03_R08=35|Q03_R05=33|Q03_R06=16,2,EVIDENCIA_DIRETA_PRESENTE,28,88.888889,100.0,Q04_R03=35|Q04_R04=35|Q04_R05=12|Q04_R02=7,2,EVIDENCIA_DIRETA_PRESENTE,5,38.888889,100.0,Q05_R02=35|Q05_R04=35|Q05_R06=35|Q05_R07=35|Q05_R03=30,SCALE_PRIMARY_O00_V1,2026-08-29,PIH_MS_V2.5_ESTABILIDADE_SENSIBILIDADE_V1,False,False
SCALE-500-O00-00124,500,O00,499.9999999999812,13,21,1,1,UMA_UNIDADE_SUPERFICIAL,Formação Serra Geral,Fraturada (Fr),2,EVIDENCIA_DIRETA_PRESENTE,3,33.333333,100.0,Q01_R03=13|Q01_R05=13|Q01_R02=10|Q01_R04=10|Q01_R06=10,2,EVIDENCIA_DIRETA_PRESENTE,3,33.333333,100.0,Q02_R02=13|Q02_R04=13|Q02_R06=13|Q02_R07=13|Q02_R08=13,2,EVIDENCIA_DIRETA_PRESENTE,2,14.285714,47.619048,Q03_R02=13|Q03_R05=13|Q03_R07=13|Q03_R08=13|Q03_R04=11,2,EVIDENCIA_DIRETA_PRESENTE,3,33.333333,100.0,Q04_R03=13|Q04_R04=13|Q04_R02=10|Q04_R05=10,2,EVIDENCIA_DIRETA_PRESENTE,1,23.809524,100.0,Q05_R02=13|Q05_R04=13|Q05_R06=13|Q05_R07=13|Q05_R03=12,SCALE_PRIMARY_O00_V1,2026-08-29,PIH_MS_V2.5_ESTABILIDADE_SENSIBILIDADE_V1,False,False
SCALE-500-O00-00125,500,O00,499.9999999999812,6,20,2,2,MULTIPLAS_UNIDADES_SUPERFICIAIS,Grupo Caiuá,Granular (Gr),2,EVIDENCIA_DIRETA_PRESENTE,6,30.0,100.0,Q01_R03=6|Q01_R05=6|Q01_R06=4,2,EVIDENCIA_DIRETA_PRESENTE,6,30.0,100.0,Q02_R02=6|Q02_R06=6|Q02_R07=6|Q02_R08=6|Q02_R04=4,2,EVIDENCIA_DIRETA_PRESENTE,3,25.0,90.0,Q03_R02=6|Q03_R07=6|Q03_R08=6|Q03_R03=4|Q03_R04=3,2,EVIDENCIA_DIRETA_PRESENTE,6,30.0,100.0,Q04_R03=6|Q04_R04=6|Q04_R05=4,2,EVIDENCIA_DIRETA_PRESENTE,6,25.0,95.0,Q05_R02=6|Q05_R04=6|Q05_R06=6|Q05_R07=6|Q05_R05=4,SCALE_PRIMARY_O00_V1,2026-08-29,PIH_MS_V2.5_ESTABILIDADE_SENSIBILIDADE_V1,False,False
SCALE-500-O00-00126,500,O00,499.9999999999812,31,20,1,1,UMA_UNIDADE_SUPERFICIAL,Grupo Caiuá,Granular (Gr),2,EVIDENCIA_DIRETA_PRESENTE,30,60.0,95.0,Q01_R03=31|Q01_R05=31|Q01_R06=19|Q01_R02=1,2,EVIDENCIA_DIRETA_PRESENTE,30,60.0,95.0,Q02_R02=31|Q02_R06=31|Q02_R07=31|Q02_R08=31|Q02_R03=19,2,EVIDENCIA_DIRETA_PRESENTE,18,60.0,95.0,Q03_R02=31|Q03_R07=31|Q03_R08=31|Q03_R05=25|Q03_R03=19,2,EVIDENCIA_DIRETA_PRESENTE,31,60.0,95.0,Q04_R03=31|Q04_R04=31|Q04_R05=19,2,EVIDENCIA_DIRETA_PRESENTE,16,40.0,95.0,Q05_R02=31|Q05_R04=31|Q05_R06=31|Q05_R07=31|Q05_R05=19,SCALE_PRIMARY_O00_V1,2026-08-29,PIH_MS_V2.5_ESTABILIDADE_SENSIBILIDADE_V1,False,False
SCALE-500-O00-00127,500,O00,499.9999999999812,2,21,1,1,UMA_UNIDADE_SUPERFICIAL,Grupo Caiuá,Granular (Gr),2,EVIDENCIA_DIRETA_PRESENTE,2,9.52381,76.190476,Q01_R03=2|Q01_R05=2|Q01_R06=1,2,EVIDENCIA_DIRETA_PRESENTE,2,9.52381,76.190476,Q02_R02=2|Q02_R06=2|Q02_R07=2|Q02_R08=2|Q02_R03=1,2,EVIDENCIA_DIRETA_PRESENTE,2,9.52381,76.190476,Q03_R02=2|Q03_R07=2|Q03_R08=2|Q03_R03=1|Q03_R05=1,2,EVIDENCIA_DIRETA_PRESENTE,2,9.52381,76.190476,Q04_R03=2|Q04_R04=2|Q04_R05=1,2,EVIDENCIA_DIRETA_PRESENTE,1,4.761905,66.666667,Q05_R02=2|Q05_R04=2|Q05_R06=2|Q05_R07=2|Q05_R03=1,SCALE_PRIMARY_O00_V1,2026-08-29,PIH_MS_V2.5_ESTABILIDADE_SENSIBILIDADE_V1,False,False
SCALE-500-O00-00128,500,O00,499.9999999999812,1,18,1,1,UMA_UNIDADE_SUPERFICIAL,Grupo Caiuá,Granular (Gr),2,EVIDENCIA_DIRETA_PRESENTE,1,5.555556,100.0,Q01_R05=1,2,EVIDENCIA_DIRETA_PRESENTE,1,5.555556,100.0,Q02_R02=1|Q02_R06=1|Q02_R07=1|Q02_R08=1,2,EVIDENCIA_DIRETA_PRESENTE,1,5.555556,100.0,Q03_R02=1|Q03_R07=1|Q03_R08=1,2,EVIDENCIA_DIRETA_PRESENTE,1,5.555556,100.0,Q04_R03=1|Q04_R04=1,2,EVIDENCIA_DIRETA_PRESENTE,1,5.555556,100.0,Q05_R02=1|Q05_R04=1|Q05_R06=1|Q05_R07=1,SCALE_PRIMARY_O00_V1,2026-08-29,PIH_MS_V2.5_ESTABILIDADE_SENSIBILIDADE_V1,False,False
SCALE-500-O00-00129,500,O00,499.9999999999812,0,21,1,1,UMA_UNIDADE_SUPERFICIAL,Grupo Caiuá,Granular (Gr),0,SEM_POCOS_NO_CONJUNTO_AUDITADO,0,76.190476,47.619048,,0,SEM_POCOS_NO_CONJUNTO_AUDITADO,0,76.190476,47.619048,,0,SEM_POCOS_NO_CONJUNTO_AUDITADO,0,76.190476,47.619048,,0,SEM_POCOS_NO_CONJUNTO_AUDITADO,0,76.190476,47.619048,,0,SEM_POCOS_NO_CONJUNTO_AUDITADO,0,76.190476,47.619048,,SCALE_PRIMARY_O00_V1,2026-08-29,PIH_MS_V2.5_ESTABILIDADE_SENSIBILIDADE_V1,False,False
SCALE-500-O00-00130,500,O00,499.9999999999812,0,20,1,1,UMA_UNIDADE_SUPERFICIAL,Grupo Caiuá,Granular (Gr),0,SEM_POCOS_NO_CONJUNTO_AUDITADO,0,15.0,15.0,,0,SEM_POCOS_NO_CONJUNTO_AUDITADO,0,15.0,15.0,,0,SEM_POCOS_NO_CONJUNTO_AUDITADO,0,15.0,15.0,,0,SEM_POCOS_NO_CONJUNTO_AUDITADO,0,15.0,15.0,,0,SEM_POCOS_NO_CONJUNTO_AUDITADO,0,15.0,15.0,,SCALE_PRIMARY_O00_V1,2026-08-29,PIH_MS_V2.5_ESTABILIDADE_SENSIBILIDADE_V1,False,False
SCALE-500-O00-00131,500,O00,499.9999999999812,11,20,2,1,MULTIPLAS_UNIDADES_SUPERFICIAIS,Grupo Caiuá,Granular (Gr),2,EVIDENCIA_DIRETA_PRESENTE,10,20.0,75.0,Q01_R03=11|Q01_R05=11|Q01_R06=7|Q01_R02=1,2,EVIDENCIA_DIRETA_PRESENTE,10,20.0,75.0,Q02_R02=11|Q02_R06=11|Q02_R07=11|Q02_R08=11|Q02_R03=7,2,EVIDENCIA_DIRETA_PRESENTE,6,20.0,70.0,Q03_R02=11|Q03_R07=11|Q03_R08=11|Q03_R05=8|Q03_R03=7,2,EVIDENCIA_DIRETA_PRESENTE,11,20.0,75.0,Q04_R03=11|Q04_R04=11|Q04_R05=7,2,EVIDENCIA_DIRETA_PRESENTE,6,10.0,70.0,Q05_R02=11|Q05_R04=11|Q05_R06=11|Q05_R07=11|Q05_R05=7,SCALE_PRIMARY_O00_V1,2026-08-29,PIH_MS_V2.5_ESTABILIDADE_SENSIBILIDADE_V1,False,False
SCALE-500-O00-00132,500,O00,262.0977570605113,0,9,2,1,MULTIPLAS_UNIDADES_SUPERFICIAIS,Depósitos aluvionares,Granular (Gr),0,SEM_POCOS_NO_CONJUNTO_AUDITADO,0,0.0,55.555556,,0,SEM_POCOS_NO_CONJUNTO_AUDITADO,0,0.0,55.555556,,0,SEM_POCOS_NO_CONJUNTO_AUDITADO,0,0.0,55.555556,,0,SEM_POCOS_NO_CONJUNTO_AUDITADO,0,0.0,55.555556,,0,SEM_POCOS_NO_CONJUNTO_AUDITADO,0,0.0,55.555556,,SCALE_PRIMARY_O00_V1,2026-08-29,PIH_MS_V2.5_ESTABILIDADE_SENSIBILIDADE_V1,False,False
SCALE-500-O00-00133,500,O00,440.4782594160709,0,18,2,1,MULTIPLAS_UNIDADES_SUPERFICIAIS,Depósitos aluvionares,Granular (Gr),0,SEM_POCOS_NO_CONJUNTO_AUDITADO,0,100.0,100.0,,0,SEM_POCOS_NO_CONJUNTO_AUDITADO,0,100.0,100.0,,0,SEM_POCOS_NO_CONJUNTO_AUDITADO,0,100.0,100.0,,0,SEM_POCOS_NO_CONJUNTO_AUDITADO,0,100.0,100.0,,0,SEM_POCOS_NO_CONJUNTO_AUDITADO,0,100.0,100.0,,SCALE_PRIMARY_O00_V1,2026-08-29,PIH_MS_V2.5_ESTABILIDADE_SENSIBILIDADE_V1,False,False
SCALE-500-O00-00134,500,O00,499.9999999999812,0,18,2,2,MULTIPLAS_UNIDADES_SUPERFICIAIS,Formação Pantanal,Granular (Gr),0,SEM_POCOS_NO_CONJUNTO_AUDITADO,0,100.0,88.888889,,0,SEM_POCOS_NO_CONJUNTO_AUDITADO,0,100.0,88.888889,,0,SEM_POCOS_NO_CONJUNTO_AUDITADO,0,100.0,88.888889,,0,SEM_POCOS_NO_CONJUNTO_AUDITADO,0,100.0,88.888889,,0,SEM_POCOS_NO_CONJUNTO_AUDITADO,0,100.0,88.888889,,SCALE_PRIMARY_O00_V1,2026-08-29,PIH_MS_V2.5_ESTABILIDADE_SENSIBILIDADE_V1,False,False
SCALE-500-O00-00135,500,O00,499.9999999999812,0,21,2,2,MULTIPLAS_UNIDADES_SUPERFICIAIS,Embasamento Indiferenciado,Fraturada (Fr),0,SEM_POCOS_NO_CONJUNTO_AUDITADO,0,38.095238,71.428571,,0,SEM_POCOS_NO_CONJUNTO_AUDITADO,0,38.095238,71.428571,,0,SEM_POCOS_NO_CONJUNTO_AUDITADO,0,38.095238,71.428571,,0,SEM_POCOS_NO_CONJUNTO_AUDITADO,0,38.095238,71.428571,,0,SEM_POCOS_NO_CONJUNTO_AUDITADO,0,38.095238,71.428571,,SCALE_PRIMARY_O00_V1,2026-08-29,PIH_MS_V2.5_ESTABILIDADE_SENSIBILIDADE_V1,False,False
SCALE-500-O00-00136,500,O00,499.9999999999812,0,21,2,2,MULTIPLAS_UNIDADES_SUPERFICIAIS,Embasamento Indiferenciado,Fraturada (Fr),0,SEM_POCOS_NO_CONJUNTO_AUDITADO,0,38.095238,33.333333,,0,SEM_POCOS_NO_CONJUNTO_AUDITADO,0,38.095238,33.333333,,0,SEM_POCOS_NO_CONJUNTO_AUDITADO,0,38.095238,33.333333,,0,SEM_POCOS_NO_CONJUNTO_AUDITADO,0,38.095238,33.333333,,0,SEM_POCOS_NO_CONJUNTO_AUDITADO,0,38.095238,33.333333,,SCALE_PRIMARY_O00_V1,2026-08-29,PIH_MS_V2.5_ESTABILIDADE_SENSIBILIDADE_V1,False,False
SCALE-500-O00-00137,500,O00,499.9999999999812,0,22,1,1,UMA_UNIDADE_SUPERFICIAL,Embasamento Indiferenciado,Fraturada (Fr),0,SEM_POCOS_NO_CONJUNTO_AUDITADO,0,4.545455,0.0,,0,SEM_POCOS_NO_CONJUNTO_AUDITADO,0,4.545455,0.0,,0,SEM_POCOS_NO_CONJUNTO_AUDITADO,0,4.545455,0.0,,0,SEM_POCOS_NO_CONJUNTO_AUDITADO,0,4.545455,0.0,,0,SEM_POCOS_NO_CONJUNTO_AUDITADO,0,4.545455,0.0,,SCALE_PRIMARY_O00_V1,2026-08-29,PIH_MS_V2.5_ESTABILIDADE_SENSIBILIDADE_V1,False,False
SCALE-500-O00-00138,500,O00,499.9999999999812,1,21,3,3,MULTIPLAS_UNIDADES_SUPERFICIAIS,Grupo Corumbá,Cárstica (K),2,EVIDENCIA_DIRETA_PRESENTE,1,4.761905,14.285714,Q01_R03=1|Q01_R05=1|Q01_R06=1,2,EVIDENCIA_DIRETA_PRESENTE,1,4.761905,14.285714,Q02_R02=1|Q02_R03=1|Q02_R04=1|Q02_R05=1|Q02_R06=1,2,EVIDENCIA_DIRETA_PRESENTE,1,4.761905,9.52381,Q03_R02=1|Q03_R03=1|Q03_R05=1|Q03_R07=1|Q03_R08=1,2,EVIDENCIA_DIRETA_PRESENTE,1,4.761905,14.285714,Q04_R03=1|Q04_R04=1|Q04_R05=1,1,POCOS_SEM_EVIDENCIA_DIRETA_DA_PERGUNTA,0,0.0,4.761905,Q05_R02=1|Q05_R03=1|Q05_R04=1|Q05_R05=1|Q05_R06=1,SCALE_PRIMARY_O00_V1,2026-08-29,PIH_MS_V2.5_ESTABILIDADE_SENSIBILIDADE_V1,False,False
SCALE-500-O00-00139,500,O00,499.9999999999812,0,21,1,1,UMA_UNIDADE_SUPERFICIAL,Formação Aquidauana,Granular (Gr),0,SEM_POCOS_NO_CONJUNTO_AUDITADO,0,33.333333,47.619048,,0,SEM_POCOS_NO_CONJUNTO_AUDITADO,0,33.333333,47.619048,,0,SEM_POCOS_NO_CONJUNTO_AUDITADO,0,33.333333,47.619048,,0,SEM_POCOS_NO_CONJUNTO_AUDITADO,0,33.333333,47.619048,,0,SEM_POCOS_NO_CONJUNTO_AUDITADO,0,33.333333,47.619048,,SCALE_PRIMARY_O00_V1,2026-08-29,PIH_MS_V2.5_ESTABILIDADE_SENSIBILIDADE_V1,False,False
SCALE-500-O00-00140,500,O00,499.9999999999812,3,18,3,2,MULTIPLAS_UNIDADES_SUPERFICIAIS,Formação Aquidauana,Granular (Gr),2,EVIDENCIA_DIRETA_PRESENTE,3,11.111111,11.111111,Q01_R03=3|Q01_R05=3|Q01_R06=3,2,EVIDENCIA_DIRETA_PRESENTE,3,11.111111,11.111111,Q02_R02=3|Q02_R03=3|Q02_R04=3|Q02_R05=3|Q02_R06=3,2,EVIDENCIA_DIRETA_PRESENTE,3,11.111111,11.111111,Q03_R02=3|Q03_R03=3|Q03_R05=3|Q03_R07=3|Q03_R08=3,2,EVIDENCIA_DIRETA_PRESENTE,3,11.111111,16.666667,Q04_R03=3|Q04_R04=3|Q04_R05=3,1,POCOS_SEM_EVIDENCIA_DIRETA_DA_PERGUNTA,0,16.666667,11.111111,Q05_R02=3|Q05_R03=3|Q05_R04=3|Q05_R05=3|Q05_R06=3,SCALE_PRIMARY_O00_V1,2026-08-29,PIH_MS_V2.5_ESTABILIDADE_SENSIBILIDADE_V1,False,False
SCALE-500-O00-00141,500,O00,499.9999999999812,0,21,1,1,UMA_UNIDADE_SUPERFICIAL,Formação Serra Geral,Fraturada (Fr),0,SEM_POCOS_NO_CONJUNTO_AUDITADO,0,0.0,9.52381,,0,SEM_POCOS_NO_CONJUNTO_AUDITADO,0,0.0,9.52381,,0,SEM_POCOS_NO_CONJUNTO_AUDITADO,0,0.0,9.52381,,0,SEM_POCOS_NO_CONJUNTO_AUDITADO,0,0.0,9.52381,,0,SEM_POCOS_NO_CONJUNTO_AUDITADO,0,0.0,9.52381,,SCALE_PRIMARY_O00_V1,2026-08-29,PIH_MS_V2.5_ESTABILIDADE_SENSIBILIDADE_V1,False,False
SCALE-500-O00-00142,500,O00,499.9999999999812,1,21,2,2,MULTIPLAS_UNIDADES_SUPERFICIAIS,Grupo Caiuá,Granular (Gr),2,EVIDENCIA_DIRETA_PRESENTE,1,4.761905,61.904762,Q01_R03=1|Q01_R05=1|Q01_R06=1,2,EVIDENCIA_DIRETA_PRESENTE,1,4.761905,61.904762,Q02_R02=1|Q02_R03=1|Q02_R04=1|Q02_R05=1|Q02_R06=1,1,POCOS_SEM_EVIDENCIA_DIRETA_DA_PERGUNTA,0,0.0,52.380952,Q03_R02=1|Q03_R03=1|Q03_R04=1|Q03_R05=1|Q03_R06=1,2,EVIDENCIA_DIRETA_PRESENTE,1,4.761905,61.904762,Q04_R03=1|Q04_R04=1|Q04_R05=1,1,POCOS_SEM_EVIDENCIA_DIRETA_DA_PERGUNTA,0,0.0,52.380952,Q05_R02=1|Q05_R03=1|Q05_R04=1|Q05_R05=1|Q05_R06=1,SCALE_PRIMARY_O00_V1,2026-08-29,PIH_MS_V2.5_ESTABILIDADE_SENSIBILIDADE_V1,False,False
SCALE-500-O00-00143,500,O00,499.9999999999812,1,21,2,2,MULTIPLAS_UNIDADES_SUPERFICIAIS,Formação Serra Geral,Fraturada (Fr),2,EVIDENCIA_DIRETA_PRESENTE,1,9.52381,80.952381,Q01_R03=1|Q01_R05=1,2,EVIDENCIA_DIRETA_PRESENTE,1,9.52381,80.952381,Q02_R02=1|Q02_R04=1|Q02_R05=1|Q02_R06=1|Q02_R07=1,2,EVIDENCIA_DIRETA_PRESENTE,1,9.52381,66.666667,Q03_R02=1|Q03_R05=1|Q03_R07=1|Q03_R08=1,2,EVIDENCIA_DIRETA_PRESENTE,1,9.52381,80.952381,Q04_R03=1|Q04_R04=1,1,POCOS_SEM_EVIDENCIA_DIRETA_DA_PERGUNTA,0,0.0,66.666667,Q05_R02=1|Q05_R03=1|Q05_R04=1|Q05_R06=1|Q05_R07=1,SCALE_PRIMARY_O00_V1,2026-08-29,PIH_MS_V2.5_ESTABILIDADE_SENSIBILIDADE_V1,False,False
SCALE-500-O00-00144,500,O00,499.9999999999812,1,21,2,2,MULTIPLAS_UNIDADES_SUPERFICIAIS,Formação Serra Geral,Fraturada (Fr),1,POCOS_SEM_EVIDENCIA_DIRETA_DA_PERGUNTA,0,0.0,0.0,Q01_R02=1|Q01_R03=1|Q01_R04=1|Q01_R05=1|Q01_R06=1,1,POCOS_SEM_EVIDENCIA_DIRETA_DA_PERGUNTA,0,0.0,0.0,Q02_R02=1|Q02_R03=1|Q02_R04=1|Q02_R05=1|Q02_R06=1,1,POCOS_SEM_EVIDENCIA_DIRETA_DA_PERGUNTA,0,0.0,0.0,Q03_R02=1|Q03_R03=1|Q03_R04=1|Q03_R05=1|Q03_R06=1,1,POCOS_SEM_EVIDENCIA_DIRETA_DA_PERGUNTA,0,0.0,0.0,Q04_R02=1|Q04_R03=1|Q04_R04=1|Q04_R05=1,1,POCOS_SEM_EVIDENCIA_DIRETA_DA_PERGUNTA,0,9.52381,76.190476,Q05_R02=1|Q05_R03=1|Q05_R04=1|Q05_R05=1|Q05_R06=1,SCALE_PRIMARY_O00_V1,2026-08-29,PIH_MS_V2.5_ESTABILIDADE_SENSIBILIDADE_V1,False,False
SCALE-500-O00-00145,500,O00,499.9999999999812,5,18,2,2,MULTIPLAS_UNIDADES_SUPERFICIAIS,Formação Serra Geral,Fraturada (Fr),2,EVIDENCIA_DIRETA_PRESENTE,5,16.666667,83.333333,Q01_R03=5|Q01_R05=5|Q01_R06=5,2,EVIDENCIA_DIRETA_PRESENTE,5,16.666667,83.333333,Q02_R02=5|Q02_R03=5|Q02_R04=5|Q02_R05=5|Q02_R06=5,2,EVIDENCIA_DIRETA_PRESENTE,5,16.666667,83.333333,Q03_R02=5|Q03_R03=5|Q03_R05=5|Q03_R07=5|Q03_R08=5,2,EVIDENCIA_DIRETA_PRESENTE,5,16.666667,83.333333,Q04_R03=5|Q04_R04=5|Q04_R05=5,1,POCOS_SEM_EVIDENCIA_DIRETA_DA_PERGUNTA,0,22.222222,83.333333,Q05_R02=5|Q05_R03=5|Q05_R04=5|Q05_R05=5|Q05_R06=5,SCALE_PRIMARY_O00_V1,2026-08-29,PIH_MS_V2.5_ESTABILIDADE_SENSIBILIDADE_V1,False,False
SCALE-500-O00-00146,500,O00,499.9999999999812,18,21,1,1,UMA_UNIDADE_SUPERFICIAL,Formação Serra Geral,Fraturada (Fr),2,EVIDENCIA_DIRETA_PRESENTE,16,52.380952,100.0,Q01_R03=18|Q01_R05=18|Q01_R06=3|Q01_R02=2|Q01_R04=2,2,EVIDENCIA_DIRETA_PRESENTE,16,52.380952,100.0,Q02_R02=18|Q02_R06=18|Q02_R07=18|Q02_R08=18|Q02_R04=16,2,EVIDENCIA_DIRETA_PRESENTE,14,52.380952,100.0,Q03_R02=18|Q03_R07=18|Q03_R08=18|Q03_R05=17|Q03_R06=5,2,EVIDENCIA_DIRETA_PRESENTE,16,52.380952,100.0,Q04_R03=18|Q04_R04=18|Q04_R05=3|Q04_R02=2,2,EVIDENCIA_DIRETA_PRESENTE,2,23.809524,61.904762,Q05_R02=18|Q05_R04=18|Q05_R06=18|Q05_R07=18|Q05_R03=16,SCALE_PRIMARY_O00_V1,2026-08-29,PIH_MS_V2.5_ESTABILIDADE_SENSIBILIDADE_V1,False,False
SCALE-500-O00-00147,500,O00,499.9999999999812,31,21,1,1,UMA_UNIDADE_SUPERFICIAL,Formação Serra Geral,Fraturada (Fr),2,EVIDENCIA_DIRETA_PRESENTE,28,71.428571,100.0,Q01_R03=31|Q01_R05=31|Q01_R06=11|Q01_R02=3|Q01_R04=2,2,EVIDENCIA_DIRETA_PRESENTE,27,71.428571,100.0,Q02_R02=31|Q02_R06=31|Q02_R07=31|Q02_R08=31|Q02_R04=27,2,EVIDENCIA_DIRETA_PRESENTE,22,57.142857,100.0,Q03_R02=31|Q03_R07=31|Q03_R08=31|Q03_R05=24|Q03_R06=13,2,EVIDENCIA_DIRETA_PRESENTE,29,71.428571,100.0,Q04_R03=31|Q04_R04=31|Q04_R05=11|Q04_R02=2,2,EVIDENCIA_DIRETA_PRESENTE,12,47.619048,100.0,Q05_R02=31|Q05_R04=31|Q05_R06=31|Q05_R07=31|Q05_R03=19,SCALE_PRIMARY_O00_V1,2026-08-29,PIH_MS_V2.5_ESTABILIDADE_SENSIBILIDADE_V1,False,False
SCALE-500-O00-00148,500,O00,499.9999999999812,9,21,2,2,MULTIPLAS_UNIDADES_SUPERFICIAIS,Formação Serra Geral,Fraturada (Fr),2,EVIDENCIA_DIRETA_PRESENTE,6,57.142857,100.0,Q01_R03=9|Q01_R05=9|Q01_R02=3|Q01_R04=2|Q01_R06=2,2,EVIDENCIA_DIRETA_PRESENTE,4,57.142857,100.0,Q02_R02=9|Q02_R06=9|Q02_R07=9|Q02_R08=9|Q02_R04=6,2,EVIDENCIA_DIRETA_PRESENTE,6,61.904762,95.238095,Q03_R02=9|Q03_R07=9|Q03_R08=9|Q03_R05=4|Q03_R04=3,2,EVIDENCIA_DIRETA_PRESENTE,7,71.428571,100.0,Q04_R03=9|Q04_R04=9|Q04_R02=2|Q04_R05=2,2,EVIDENCIA_DIRETA_PRESENTE,6,47.619048,100.0,Q05_R02=9|Q05_R04=9|Q05_R06=9|Q05_R07=9|Q05_R03=3,SCALE_PRIMARY_O00_V1,2026-08-29,PIH_MS_V2.5_ESTABILIDADE_SENSIBILIDADE_V1,False,False
SCALE-500-O00-00149,500,O00,499.9999999999812,4,20,2,2,MULTIPLAS_UNIDADES_SUPERFICIAIS,Formação Serra Geral,Fraturada (Fr),2,EVIDENCIA_DIRETA_PRESENTE,4,15.0,100.0,Q01_R03=4|Q01_R05=4|Q01_R06=4,2,EVIDENCIA_DIRETA_PRESENTE,4,15.0,100.0,Q02_R02=4|Q02_R03=4|Q02_R06=4|Q02_R07=4|Q02_R08=4,2,EVIDENCIA_DIRETA_PRESENTE,4,15.0,80.0,Q03_R02=4|Q03_R03=4|Q03_R07=4|Q03_R08=4|Q03_R05=3,2,EVIDENCIA_DIRETA_PRESENTE,4,15.0,100.0,Q04_R03=4|Q04_R04=4|Q04_R05=4,2,EVIDENCIA_DIRETA_PRESENTE,1,5.0,25.0,Q05_R02=4|Q05_R04=4|Q05_R05=4|Q05_R06=4|Q05_R07=4,SCALE_PRIMARY_O00_V1,2026-08-29,PIH_MS_V2.5_ESTABILIDADE_SENSIBILIDADE_V1,False,False
SCALE-500-O00-00150,500,O00,499.9999999999812,2,18,2,2,MULTIPLAS_UNIDADES_SUPERFICIAIS,Grupo Caiuá,Granular (Gr),2,EVIDENCIA_DIRETA_PRESENTE,1,11.111111,22.222222,Q01_R03=2|Q01_R05=2|Q01_R06=2|Q01_R02=1,2,EVIDENCIA_DIRETA_PRESENTE,1,11.111111,22.222222,Q02_R02=2|Q02_R03=2|Q02_R04=2|Q02_R06=2|Q02_R07=2,2,EVIDENCIA_DIRETA_PRESENTE,1,11.111111,22.222222,Q03_R02=2|Q03_R03=2|Q03_R07=2|Q03_R08=2|Q03_R04=1,2,EVIDENCIA_DIRETA_PRESENTE,2,16.666667,100.0,Q04_R03=2|Q04_R04=2|Q04_R05=2,2,EVIDENCIA_DIRETA_PRESENTE,1,11.111111,16.666667,Q05_R02=2|Q05_R04=2|Q05_R05=2|Q05_R06=2|Q05_R07=2,SCALE_PRIMARY_O00_V1,2026-08-29,PIH_MS_V2.5_ESTABILIDADE_SENSIBILIDADE_V1,False,False
SCALE-500-O00-00151,500,O00,499.9999999999812,2,21,1,1,UMA_UNIDADE_SUPERFICIAL,Grupo Caiuá,Granular (Gr),2,EVIDENCIA_DIRETA_PRESENTE,1,4.761905,90.47619,Q01_R03=2|Q01_R05=2|Q01_R06=2|Q01_R02=1|Q01_R04=1,2,EVIDENCIA_DIRETA_PRESENTE,1,4.761905,90.47619,Q02_R02=2|Q02_R03=2|Q02_R04=2|Q02_R05=2|Q02_R06=2,2,EVIDENCIA_DIRETA_PRESENTE,1,4.761905,90.47619,Q03_R02=2|Q03_R03=2|Q03_R05=2|Q03_R07=2|Q03_R08=2,2,EVIDENCIA_DIRETA_PRESENTE,1,14.285714,90.47619,Q04_R03=2|Q04_R04=2|Q04_R05=2|Q04_R02=1,1,POCOS_SEM_EVIDENCIA_DIRETA_DA_PERGUNTA,0,4.761905,42.857143,Q05_R02=2|Q05_R03=2|Q05_R04=2|Q05_R05=2|Q05_R06=2,SCALE_PRIMARY_O00_V1,2026-08-29,PIH_MS_V2.5_ESTABILIDADE_SENSIBILIDADE_V1,False,False
SCALE-500-O00-00152,500,O00,499.9999999999812,8,21,1,1,UMA_UNIDADE_SUPERFICIAL,Grupo Caiuá,Granular (Gr),2,EVIDENCIA_DIRETA_PRESENTE,8,14.285714,90.47619,Q01_R03=8|Q01_R05=8|Q01_R06=3,2,EVIDENCIA_DIRETA_PRESENTE,7,14.285714,90.47619,Q02_R02=8|Q02_R04=8|Q02_R06=8|Q02_R07=8|Q02_R08=8,2,EVIDENCIA_DIRETA_PRESENTE,8,14.285714,90.47619,Q03_R02=8|Q03_R07=8|Q03_R08=8|Q03_R03=3|Q03_R05=3,2,EVIDENCIA_DIRETA_PRESENTE,8,14.285714,90.47619,Q04_R03=8|Q04_R04=8|Q04_R05=3,2,EVIDENCIA_DIRETA_PRESENTE,5,14.285714,76.190476,Q05_R02=8|Q05_R04=8|Q05_R06=8|Q05_R07=8|Q05_R03=3,SCALE_PRIMARY_O00_V1,2026-08-29,PIH_MS_V2.5_ESTABILIDADE_SENSIBILIDADE_V1,False,False
SCALE-500-O00-00153,500,O00,499.9999999999812,0,21,1,1,UMA_UNIDADE_SUPERFICIAL,Grupo Caiuá,Granular (Gr),0,SEM_POCOS_NO_CONJUNTO_AUDITADO,0,38.095238,0.0,,0,SEM_POCOS_NO_CONJUNTO_AUDITADO,0,38.095238,0.0,,0,SEM_POCOS_NO_CONJUNTO_AUDITADO,0,38.095238,0.0,,0,SEM_POCOS_NO_CONJUNTO_AUDITADO,0,38.095238,0.0,,0,SEM_POCOS_NO_CONJUNTO_AUDITADO,0,38.095238,0.0,,SCALE_PRIMARY_O00_V1,2026-08-29,PIH_MS_V2.5_ESTABILIDADE_SENSIBILIDADE_V1,False,False
SCALE-500-O00-00154,500,O00,499.9999999999812,0,20,1,1,UMA_UNIDADE_SUPERFICIAL,Grupo Caiuá,Granular (Gr),0,SEM_POCOS_NO_CONJUNTO_AUDITADO,0,55.0,80.0,,0,SEM_POCOS_NO_CONJUNTO_AUDITADO,0,55.0,80.0,,0,SEM_POCOS_NO_CONJUNTO_AUDITADO,0,55.0,80.0,,0,SEM_POCOS_NO_CONJUNTO_AUDITADO,0,55.0,80.0,,0,SEM_POCOS_NO_CONJUNTO_AUDITADO,0,55.0,80.0,,SCALE_PRIMARY_O00_V1,2026-08-29,PIH_MS_V2.5_ESTABILIDADE_SENSIBILIDADE_V1,False,False
SCALE-500-O00-00155,500,O00,499.9999999999812,1,18,1,1,UMA_UNIDADE_SUPERFICIAL,Grupo Caiuá,Granular (Gr),2,EVIDENCIA_DIRETA_PRESENTE,1,5.555556,55.555556,Q01_R03=1|Q01_R05=1,2,EVIDENCIA_DIRETA_PRESENTE,1,5.555556,55.555556,Q02_R02=1|Q02_R06=1|Q02_R07=1|Q02_R08=1,1,POCOS_SEM_EVIDENCIA_DIRETA_DA_PERGUNTA,0,0.0,50.0,Q03_R02=1|Q03_R04=1|Q03_R05=1|Q03_R06=1|Q03_R07=1,2,EVIDENCIA_DIRETA_PRESENTE,1,5.555556,55.555556,Q04_R03=1|Q04_R04=1,2,EVIDENCIA_DIRETA_PRESENTE,1,5.555556,55.555556,Q05_R02=1|Q05_R04=1|Q05_R06=1|Q05_R07=1,SCALE_PRIMARY_O00_V1,2026-08-29,PIH_MS_V2.5_ESTABILIDADE_SENSIBILIDADE_V1,False,False
SCALE-500-O00-00156,500,O00,499.9999999999812,3,20,2,1,MULTIPLAS_UNIDADES_SUPERFICIAIS,Grupo Caiuá,Granular (Gr),2,EVIDENCIA_DIRETA_PRESENTE,2,5.0,40.0,Q01_R03=3|Q01_R05=3|Q01_R06=3|Q01_R02=1,2,EVIDENCIA_DIRETA_PRESENTE,2,5.0,40.0,Q02_R02=3|Q02_R03=3|Q02_R06=3|Q02_R07=3|Q02_R08=3,2,EVIDENCIA_DIRETA_PRESENTE,2,5.0,5.0,Q03_R02=3|Q03_R03=3|Q03_R07=3|Q03_R08=3|Q03_R05=2,2,EVIDENCIA_DIRETA_PRESENTE,3,25.0,40.0,Q04_R03=3|Q04_R04=3|Q04_R05=3,2,EVIDENCIA_DIRETA_PRESENTE,1,0.0,40.0,Q05_R02=3|Q05_R04=3|Q05_R05=3|Q05_R06=3|Q05_R07=3,SCALE_PRIMARY_O00_V1,2026-08-29,PIH_MS_V2.5_ESTABILIDADE_SENSIBILIDADE_V1,False,False
SCALE-500-O00-00157,500,O00,273.47058427053076,0,11,1,1,UMA_UNIDADE_SUPERFICIAL,Depósitos aluvionares,Granular (Gr),0,SEM_POCOS_NO_CONJUNTO_AUDITADO,0,0.0,63.636364,,0,SEM_POCOS_NO_CONJUNTO_AUDITADO,0,0.0,63.636364,,0,SEM_POCOS_NO_CONJUNTO_AUDITADO,0,0.0,63.636364,,0,SEM_POCOS_NO_CONJUNTO_AUDITADO,0,0.0,63.636364,,0,SEM_POCOS_NO_CONJUNTO_AUDITADO,0,0.0,63.636364,,SCALE_PRIMARY_O00_V1,2026-08-29,PIH_MS_V2.5_ESTABILIDADE_SENSIBILIDADE_V1,False,False
SCALE-500-O00-00158,500,O00,131.359397229561,0,5,1,1,UMA_UNIDADE_SUPERFICIAL,Depósitos aluvionares,Granular (Gr),0,SEM_POCOS_NO_CONJUNTO_AUDITADO,0,100.0,100.0,,0,SEM_POCOS_NO_CONJUNTO_AUDITADO,0,100.0,100.0,,0,SEM_POCOS_NO_CONJUNTO_AUDITADO,0,100.0,100.0,,0,SEM_POCOS_NO_CONJUNTO_AUDITADO,0,100.0,100.0,,0,SEM_POCOS_NO_CONJUNTO_AUDITADO,0,100.0,100.0,,SCALE_PRIMARY_O00_V1,2026-08-29,PIH_MS_V2.5_ESTABILIDADE_SENSIBILIDADE_V1,False,False
SCALE-500-O00-00159,500,O00,499.9999999999812,0,21,3,2,MULTIPLAS_UNIDADES_SUPERFICIAIS,Formação Pantanal,Granular (Gr),0,SEM_POCOS_NO_CONJUNTO_AUDITADO,0,100.0,100.0,,0,SEM_POCOS_NO_CONJUNTO_AUDITADO,0,100.0,100.0,,0,SEM_POCOS_NO_CONJUNTO_AUDITADO,0,100.0,100.0,,0,SEM_POCOS_NO_CONJUNTO_AUDITADO,0,100.0,100.0,,0,SEM_POCOS_NO_CONJUNTO_AUDITADO,0,100.0,100.0,,SCALE_PRIMARY_O00_V1,2026-08-29,PIH_MS_V2.5_ESTABILIDADE_SENSIBILIDADE_V1,False,False
SCALE-500-O00-00160,500,O00,499.9999999999812,0,22,2,2,MULTIPLAS_UNIDADES_SUPERFICIAIS,Embasamento Indiferenciado,Fraturada (Fr),0,SEM_POCOS_NO_CONJUNTO_AUDITADO,0,100.0,100.0,,0,SEM_POCOS_NO_CONJUNTO_AUDITADO,0,100.0,100.0,,0,SEM_POCOS_NO_CONJUNTO_AUDITADO,0,100.0,100.0,,0,SEM_POCOS_NO_CONJUNTO_AUDITADO,0,100.0,100.0,,0,SEM_POCOS_NO_CONJUNTO_AUDITADO,0,100.0,100.0,,SCALE_PRIMARY_O00_V1,2026-08-29,PIH_MS_V2.5_ESTABILIDADE_SENSIBILIDADE_V1,False,False
SCALE-500-O00-00161,500,O00,499.9999999999812,0,21,2,2,MULTIPLAS_UNIDADES_SUPERFICIAIS,Embasamento Indiferenciado,Fraturada (Fr),0,SEM_POCOS_NO_CONJUNTO_AUDITADO,0,100.0,100.0,,0,SEM_POCOS_NO_CONJUNTO_AUDITADO,0,100.0,100.0,,0,SEM_POCOS_NO_CONJUNTO_AUDITADO,0,100.0,100.0,,0,SEM_POCOS_NO_CONJUNTO_AUDITADO,0,100.0,100.0,,0,SEM_POCOS_NO_CONJUNTO_AUDITADO,0,100.0,100.0,,SCALE_PRIMARY_O00_V1,2026-08-29,PIH_MS_V2.5_ESTABILIDADE_SENSIBILIDADE_V1,False,False
SCALE-500-O00-00162,500,O00,499.9999999999812,0,17,2,2,MULTIPLAS_UNIDADES_SUPERFICIAIS,Embasamento Indiferenciado,Fraturada (Fr),0,SEM_POCOS_NO_CONJUNTO_AUDITADO,0,76.470588,29.411765,,0,SEM_POCOS_NO_CONJUNTO_AUDITADO,0,76.470588,29.411765,,0,SEM_POCOS_NO_CONJUNTO_AUDITADO,0,76.470588,29.411765,,0,SEM_POCOS_NO_CONJUNTO_AUDITADO,0,76.470588,29.411765,,0,SEM_POCOS_NO_CONJUNTO_AUDITADO,0,76.470588,29.411765,,SCALE_PRIMARY_O00_V1,2026-08-29,PIH_MS_V2.5_ESTABILIDADE_SENSIBILIDADE_V1,False,False
SCALE-500-O00-00163,500,O00,499.9999999999812,1,19,2,2,MULTIPLAS_UNIDADES_SUPERFICIAIS,Embasamento Indiferenciado,Fraturada (Fr),2,EVIDENCIA_DIRETA_PRESENTE,1,15.789474,5.263158,Q01_R03=1|Q01_R05=1|Q01_R06=1,2,EVIDENCIA_DIRETA_PRESENTE,1,15.789474,5.263158,Q02_R02=1|Q02_R03=1|Q02_R04=1|Q02_R06=1|Q02_R07=1,1,POCOS_SEM_EVIDENCIA_DIRETA_DA_PERGUNTA,0,15.789474,5.263158,Q03_R02=1|Q03_R03=1|Q03_R04=1|Q03_R05=1|Q03_R06=1,2,EVIDENCIA_DIRETA_PRESENTE,1,15.789474,5.263158,Q04_R03=1|Q04_R04=1|Q04_R05=1,2,EVIDENCIA_DIRETA_PRESENTE,1,15.789474,5.263158,Q05_R02=1|Q05_R04=1|Q05_R05=1|Q05_R06=1|Q05_R07=1,SCALE_PRIMARY_O00_V1,2026-08-29,PIH_MS_V2.5_ESTABILIDADE_SENSIBILIDADE_V1,False,False
SCALE-500-O00-00164,500,O00,499.9999999999812,0,21,3,2,MULTIPLAS_UNIDADES_SUPERFICIAIS,Formação Aquidauana,Granular (Gr),0,SEM_POCOS_NO_CONJUNTO_AUDITADO,0,76.190476,80.952381,,0,SEM_POCOS_NO_CONJUNTO_AUDITADO,0,76.190476,80.952381,,0,SEM_POCOS_NO_CONJUNTO_AUDITADO,0,76.190476,80.952381,,0,SEM_POCOS_NO_CONJUNTO_AUDITADO,0,76.190476,80.952381,,0,SEM_POCOS_NO_CONJUNTO_AUDITADO,0,76.190476,80.952381,,SCALE_PRIMARY_O00_V1,2026-08-29,PIH_MS_V2.5_ESTABILIDADE_SENSIBILIDADE_V1,False,False
SCALE-500-O00-00165,500,O00,499.9999999999812,3,22,2,1,MULTIPLAS_UNIDADES_SUPERFICIAIS,Formação Aquidauana,Granular (Gr),2,EVIDENCIA_DIRETA_PRESENTE,3,18.181818,54.545455,Q01_R03=3|Q01_R05=3|Q01_R06=3,2,EVIDENCIA_DIRETA_PRESENTE,3,18.181818,54.545455,Q02_R02=3|Q02_R03=3|Q02_R06=3|Q02_R07=3|Q02_R08=3,1,POCOS_SEM_EVIDENCIA_DIRETA_DA_PERGUNTA,0,0.0,50.0,Q03_R02=3|Q03_R03=3|Q03_R04=3|Q03_R05=3|Q03_R06=3,2,EVIDENCIA_DIRETA_PRESENTE,3,18.181818,54.545455,Q04_R03=3|Q04_R04=3|Q04_R05=3,2,EVIDENCIA_DIRETA_PRESENTE,3,18.181818,50.0,Q05_R02=3|Q05_R04=3|Q05_R05=3|Q05_R06=3|Q05_R07=3,SCALE_PRIMARY_O00_V1,2026-08-29,PIH_MS_V2.5_ESTABILIDADE_SENSIBILIDADE_V1,False,False
SCALE-500-O00-00166,500,O00,499.9999999999812,2,21,3,2,MULTIPLAS_UNIDADES_SUPERFICIAIS,Formação Serra Geral,Fraturada (Fr),2,EVIDENCIA_DIRETA_PRESENTE,1,4.761905,71.428571,Q01_R03=2|Q01_R05=2|Q01_R02=1|Q01_R06=1,2,EVIDENCIA_DIRETA_PRESENTE,1,4.761905,71.428571,Q02_R02=2|Q02_R04=2|Q02_R06=2|Q02_R07=2|Q02_R08=2,2,EVIDENCIA_DIRETA_PRESENTE,1,0.0,57.142857,Q03_R02=2|Q03_R07=2|Q03_R08=2|Q03_R04=1|Q03_R05=1,2,EVIDENCIA_DIRETA_PRESENTE,2,4.761905,90.47619,Q04_R03=2|Q04_R04=2|Q04_R05=1,2,EVIDENCIA_DIRETA_PRESENTE,1,4.761905,71.428571,Q05_R02=2|Q05_R04=2|Q05_R06=2|Q05_R07=2|Q05_R03=1,SCALE_PRIMARY_O00_V1,2026-08-29,PIH_MS_V2.5_ESTABILIDADE_SENSIBILIDADE_V1,False,False
SCALE-500-O00-00167,500,O00,499.9999999999812,1,20,1,1,UMA_UNIDADE_SUPERFICIAL,Formação Serra Geral,Fraturada (Fr),2,EVIDENCIA_DIRETA_PRESENTE,1,5.0,80.0,Q01_R03=1|Q01_R05=1,2,EVIDENCIA_DIRETA_PRESENTE,1,5.0,80.0,Q02_R02=1|Q02_R06=1|Q02_R07=1|Q02_R08=1,2,EVIDENCIA_DIRETA_PRESENTE,1,5.0,70.0,Q03_R02=1|Q03_R07=1|Q03_R08=1,2,EVIDENCIA_DIRETA_PRESENTE,1,5.0,80.0,Q04_R03=1|Q04_R04=1,2,EVIDENCIA_DIRETA_PRESENTE,1,5.0,65.0,Q05_R02=1|Q05_R04=1|Q05_R06=1|Q05_R07=1,SCALE_PRIMARY_O00_V1,2026-08-29,PIH_MS_V2.5_ESTABILIDADE_SENSIBILIDADE_V1,False,False
SCALE-500-O00-00168,500,O00,499.9999999999812,3,17,2,2,MULTIPLAS_UNIDADES_SUPERFICIAIS,Formação Serra Geral,Fraturada (Fr),2,EVIDENCIA_DIRETA_PRESENTE,3,41.176471,94.117647,Q01_R03=3|Q01_R05=3,2,EVIDENCIA_DIRETA_PRESENTE,3,41.176471,94.117647,Q02_R02=3|Q02_R04=3|Q02_R06=3|Q02_R07=3|Q02_R08=3,2,EVIDENCIA_DIRETA_PRESENTE,3,41.176471,70.588235,Q03_R02=3|Q03_R07=3|Q03_R08=3|Q03_R05=2,2,EVIDENCIA_DIRETA_PRESENTE,3,41.176471,94.117647,Q04_R03=3|Q04_R04=3,2,EVIDENCIA_DIRETA_PRESENTE,1,17.647059,64.705882,Q05_R02=3|Q05_R04=3|Q05_R06=3|Q05_R07=3|Q05_R03=2,SCALE_PRIMARY_O00_V1,2026-08-29,PIH_MS_V2.5_ESTABILIDADE_SENSIBILIDADE_V1,False,False
SCALE-500-O00-00169,500,O00,499.9999999999812,10,21,2,2,MULTIPLAS_UNIDADES_SUPERFICIAIS,Formação Serra Geral,Fraturada (Fr),2,EVIDENCIA_DIRETA_PRESENTE,5,38.095238,80.952381,Q01_R03=10|Q01_R05=10|Q01_R06=7|Q01_R02=5|Q01_R04=5,2,EVIDENCIA_DIRETA_PRESENTE,5,38.095238,80.952381,Q02_R02=10|Q02_R06=10|Q02_R08=10|Q02_R07=9|Q02_R04=8,2,EVIDENCIA_DIRETA_PRESENTE,5,38.095238,80.952381,Q03_R02=10|Q03_R07=10|Q03_R08=10|Q03_R05=8|Q03_R03=7,2,EVIDENCIA_DIRETA_PRESENTE,5,38.095238,80.952381,Q04_R03=10|Q04_R04=10|Q04_R05=7|Q04_R02=5,2,EVIDENCIA_DIRETA_PRESENTE,2,9.52381,14.285714,Q05_R02=10|Q05_R04=10|Q05_R06=10|Q05_R07=10|Q05_R03=8,SCALE_PRIMARY_O00_V1,2026-08-29,PIH_MS_V2.5_ESTABILIDADE_SENSIBILIDADE_V1,False,False
SCALE-500-O00-00170,500,O00,499.9999999999812,19,22,2,2,MULTIPLAS_UNIDADES_SUPERFICIAIS,Formação Serra Geral,Fraturada (Fr),2,EVIDENCIA_DIRETA_PRESENTE,18,40.909091,77.272727,Q01_R03=19|Q01_R05=19|Q01_R06=8|Q01_R02=1,2,EVIDENCIA_DIRETA_PRESENTE,17,40.909091,77.272727,Q02_R02=19|Q02_R06=19|Q02_R07=19|Q02_R08=19|Q02_R04=14,2,EVIDENCIA_DIRETA_PRESENTE,15,40.909091,77.272727,Q03_R02=19|Q03_R07=19|Q03_R08=19|Q03_R05=11|Q03_R03=8,2,EVIDENCIA_DIRETA_PRESENTE,19,40.909091,77.272727,Q04_R03=19|Q04_R04=19|Q04_R05=8,2,EVIDENCIA_DIRETA_PRESENTE,12,18.181818,54.545455,Q05_R02=19|Q05_R04=19|Q05_R06=19|Q05_R07=19|Q05_R05=8,SCALE_PRIMARY_O00_V1,2026-08-29,PIH_MS_V2.5_ESTABILIDADE_SENSIBILIDADE_V1,False,False
SCALE-500-O00-00171,500,O00,499.9999999999812,4,21,2,2,MULTIPLAS_UNIDADES_SUPERFICIAIS,Formação Serra Geral,Fraturada (Fr),2,EVIDENCIA_DIRETA_PRESENTE,2,4.761905,95.238095,Q01_R03=4|Q01_R05=4|Q01_R02=2|Q01_R04=2|Q01_R06=2,2,EVIDENCIA_DIRETA_PRESENTE,2,4.761905,95.238095,Q02_R02=4|Q02_R04=4|Q02_R05=4|Q02_R06=4|Q02_R07=4,2,EVIDENCIA_DIRETA_PRESENTE,2,4.761905,95.238095,Q03_R02=4|Q03_R05=4|Q03_R07=4|Q03_R08=4|Q03_R03=2,2,EVIDENCIA_DIRETA_PRESENTE,2,4.761905,95.238095,Q04_R03=4|Q04_R04=4|Q04_R02=2|Q04_R05=2,1,POCOS_SEM_EVIDENCIA_DIRETA_DA_PERGUNTA,0,0.0,66.666667,Q05_R02=4|Q05_R03=4|Q05_R04=4|Q05_R06=4|Q05_R07=4,SCALE_PRIMARY_O00_V1,2026-08-29,PIH_MS_V2.5_ESTABILIDADE_SENSIBILIDADE_V1,False,False
SCALE-500-O00-00172,500,O00,499.9999999999812,4,20,1,1,UMA_UNIDADE_SUPERFICIAL,Formação Serra Geral,Fraturada (Fr),2,EVIDENCIA_DIRETA_PRESENTE,4,55.0,100.0,Q01_R03=4|Q01_R05=4,2,EVIDENCIA_DIRETA_PRESENTE,4,55.0,100.0,Q02_R02=4|Q02_R06=4|Q02_R07=4|Q02_R08=4|Q02_R04=2,2,EVIDENCIA_DIRETA_PRESENTE,1,25.0,100.0,Q03_R02=4|Q03_R07=4|Q03_R08=4|Q03_R04=3|Q03_R05=3,2,EVIDENCIA_DIRETA_PRESENTE,4,55.0,100.0,Q04_R03=4|Q04_R04=4,2,EVIDENCIA_DIRETA_PRESENTE,4,50.0,80.0,Q05_R02=4|Q05_R04=4|Q05_R06=4|Q05_R07=4,SCALE_PRIMARY_O00_V1,2026-08-29,PIH_MS_V2.5_ESTABILIDADE_SENSIBILIDADE_V1,False,False
SCALE-500-O00-00173,500,O00,499.9999999999812,48,18,1,1,UMA_UNIDADE_SUPERFICIAL,Formação Serra Geral,Fraturada (Fr),2,EVIDENCIA_DIRETA_PRESENTE,43,66.666667,100.0,Q01_R03=48|Q01_R05=48|Q01_R06=11|Q01_R02=5|Q01_R04=3,2,EVIDENCIA_DIRETA_PRESENTE,41,66.666667,100.0,Q02_R02=48|Q02_R06=48|Q02_R07=48|Q02_R08=48|Q02_R04=31,2,EVIDENCIA_DIRETA_PRESENTE,25,55.555556,88.888889,Q03_R02=48|Q03_R07=48|Q03_R08=48|Q03_R05=40|Q03_R06=28,2,EVIDENCIA_DIRETA_PRESENTE,45,77.777778,100.0,Q04_R03=48|Q04_R04=48|Q04_R05=11|Q04_R02=3,2,EVIDENCIA_DIRETA_PRESENTE,28,55.555556,100.0,Q05_R02=48|Q05_R04=48|Q05_R06=48|Q05_R07=48|Q05_R03=20,SCALE_PRIMARY_O00_V1,2026-08-29,PIH_MS_V2.5_ESTABILIDADE_SENSIBILIDADE_V1,False,False
SCALE-500-O00-00174,500,O00,499.9999999999812,4,21,2,2,MULTIPLAS_UNIDADES_SUPERFICIAIS,Formação Serra Geral,Fraturada (Fr),1,POCOS_SEM_EVIDENCIA_DIRETA_DA_PERGUNTA,0,0.0,0.0,Q01_R02=4|Q01_R03=4|Q01_R05=4|Q01_R06=4|Q01_R04=3,1,POCOS_SEM_EVIDENCIA_DIRETA_DA_PERGUNTA,0,0.0,0.0,Q02_R02=4|Q02_R03=4|Q02_R04=4|Q02_R05=4|Q02_R06=4,1,POCOS_SEM_EVIDENCIA_DIRETA_DA_PERGUNTA,0,0.0,0.0,Q03_R02=4|Q03_R03=4|Q03_R04=4|Q03_R05=4|Q03_R06=4,2,EVIDENCIA_DIRETA_PRESENTE,1,4.761905,52.380952,Q04_R03=4|Q04_R04=4|Q04_R05=4|Q04_R02=3,1,POCOS_SEM_EVIDENCIA_DIRETA_DA_PERGUNTA,0,0.0,0.0,Q05_R02=4|Q05_R03=4|Q05_R04=4|Q05_R05=4|Q05_R06=4,SCALE_PRIMARY_O00_V1,2026-08-29,PIH_MS_V2.5_ESTABILIDADE_SENSIBILIDADE_V1,False,False
SCALE-500-O00-00175,500,O00,499.9999999999812,1,22,2,2,MULTIPLAS_UNIDADES_SUPERFICIAIS,Formação Serra Geral,Fraturada (Fr),1,POCOS_SEM_EVIDENCIA_DIRETA_DA_PERGUNTA,0,0.0,0.0,Q01_R02=1|Q01_R03=1|Q01_R05=1|Q01_R06=1,1,POCOS_SEM_EVIDENCIA_DIRETA_DA_PERGUNTA,0,0.0,0.0,Q02_R02=1|Q02_R03=1|Q02_R04=1|Q02_R05=1|Q02_R06=1,1,POCOS_SEM_EVIDENCIA_DIRETA_DA_PERGUNTA,0,0.0,0.0,Q03_R02=1|Q03_R03=1|Q03_R04=1|Q03_R05=1|Q03_R06=1,2,EVIDENCIA_DIRETA_PRESENTE,1,9.090909,18.181818,Q04_R03=1|Q04_R04=1|Q04_R05=1,1,POCOS_SEM_EVIDENCIA_DIRETA_DA_PERGUNTA,0,9.090909,0.0,Q05_R02=1|Q05_R03=1|Q05_R04=1|Q05_R05=1|Q05_R06=1,SCALE_PRIMARY_O00_V1,2026-08-29,PIH_MS_V2.5_ESTABILIDADE_SENSIBILIDADE_V1,False,False
SCALE-500-O00-00176,500,O00,499.9999999999812,1,21,2,2,MULTIPLAS_UNIDADES_SUPERFICIAIS,Grupo Caiuá,Granular (Gr),1,POCOS_SEM_EVIDENCIA_DIRETA_DA_PERGUNTA,0,4.761905,0.0,Q01_R02=1|Q01_R03=1|Q01_R05=1|Q01_R06=1,1,POCOS_SEM_EVIDENCIA_DIRETA_DA_PERGUNTA,0,4.761905,0.0,Q02_R02=1|Q02_R03=1|Q02_R04=1|Q02_R05=1|Q02_R06=1,1,POCOS_SEM_EVIDENCIA_DIRETA_DA_PERGUNTA,0,4.761905,0.0,Q03_R02=1|Q03_R03=1|Q03_R04=1|Q03_R05=1|Q03_R06=1,2,EVIDENCIA_DIRETA_PRESENTE,1,9.52381,9.52381,Q04_R03=1|Q04_R04=1|Q04_R05=1,1,POCOS_SEM_EVIDENCIA_DIRETA_DA_PERGUNTA,0,9.52381,0.0,Q05_R02=1|Q05_R03=1|Q05_R04=1|Q05_R05=1|Q05_R06=1,SCALE_PRIMARY_O00_V1,2026-08-29,PIH_MS_V2.5_ESTABILIDADE_SENSIBILIDADE_V1,False,False
SCALE-500-O00-00177,500,O00,499.9999999999812,0,20,1,1,UMA_UNIDADE_SUPERFICIAL,Grupo Caiuá,Granular (Gr),0,SEM_POCOS_NO_CONJUNTO_AUDITADO,0,0.0,70.0,,0,SEM_POCOS_NO_CONJUNTO_AUDITADO,0,0.0,70.0,,0,SEM_POCOS_NO_CONJUNTO_AUDITADO,0,0.0,70.0,,0,SEM_POCOS_NO_CONJUNTO_AUDITADO,0,0.0,70.0,,0,SEM_POCOS_NO_CONJUNTO_AUDITADO,0,0.0,70.0,,SCALE_PRIMARY_O00_V1,2026-08-29,PIH_MS_V2.5_ESTABILIDADE_SENSIBILIDADE_V1,False,False
SCALE-500-O00-00178,500,O00,499.9999999999812,3,18,1,1,UMA_UNIDADE_SUPERFICIAL,Grupo Caiuá,Granular (Gr),2,EVIDENCIA_DIRETA_PRESENTE,2,5.555556,72.222222,Q01_R03=3|Q01_R05=3|Q01_R06=2|Q01_R02=1|Q01_R04=1,2,EVIDENCIA_DIRETA_PRESENTE,2,5.555556,72.222222,Q02_R02=3|Q02_R06=3|Q02_R07=3|Q02_R08=3|Q02_R03=2,2,EVIDENCIA_DIRETA_PRESENTE,2,5.555556,61.111111,Q03_R02=3|Q03_R07=3|Q03_R08=3|Q03_R03=2|Q03_R05=2,2,EVIDENCIA_DIRETA_PRESENTE,2,5.555556,72.222222,Q04_R03=3|Q04_R04=3|Q04_R05=2|Q04_R02=1,2,EVIDENCIA_DIRETA_PRESENTE,1,5.555556,72.222222,Q05_R02=3|Q05_R04=3|Q05_R06=3|Q05_R07=3|Q05_R03=2,SCALE_PRIMARY_O00_V1,2026-08-29,PIH_MS_V2.5_ESTABILIDADE_SENSIBILIDADE_V1,False,False
SCALE-500-O00-00179,500,O00,499.9999999999812,2,21,1,1,UMA_UNIDADE_SUPERFICIAL,Grupo Caiuá,Granular (Gr),2,EVIDENCIA_DIRETA_PRESENTE,2,28.571429,90.47619,Q01_R03=2|Q01_R05=2,2,EVIDENCIA_DIRETA_PRESENTE,2,28.571429,90.47619,Q02_R02=2|Q02_R06=2|Q02_R07=2|Q02_R08=2|Q02_R04=1,1,POCOS_SEM_EVIDENCIA_DIRETA_DA_PERGUNTA,0,19.047619,57.142857,Q03_R02=2|Q03_R04=2|Q03_R05=2|Q03_R06=2|Q03_R07=2,2,EVIDENCIA_DIRETA_PRESENTE,2,28.571429,90.47619,Q04_R03=2|Q04_R04=2,2,EVIDENCIA_DIRETA_PRESENTE,2,28.571429,80.952381,Q05_R02=2|Q05_R04=2|Q05_R06=2|Q05_R07=2,SCALE_PRIMARY_O00_V1,2026-08-29,PIH_MS_V2.5_ESTABILIDADE_SENSIBILIDADE_V1,False,False
SCALE-500-O00-00180,500,O00,499.9999999999812,2,22,2,1,MULTIPLAS_UNIDADES_SUPERFICIAIS,Grupo Caiuá,Granular (Gr),1,POCOS_SEM_EVIDENCIA_DIRETA_DA_PERGUNTA,0,0.0,50.0,Q01_R02=2|Q01_R03=2|Q01_R04=2|Q01_R05=2|Q01_R06=2,1,POCOS_SEM_EVIDENCIA_DIRETA_DA_PERGUNTA,0,0.0,50.0,Q02_R02=2|Q02_R03=2|Q02_R04=2|Q02_R05=2|Q02_R06=2,1,POCOS_SEM_EVIDENCIA_DIRETA_DA_PERGUNTA,0,9.090909,68.181818,Q03_R02=2|Q03_R03=2|Q03_R04=2|Q03_R05=2|Q03_R06=2,1,POCOS_SEM_EVIDENCIA_DIRETA_DA_PERGUNTA,0,0.0,50.0,Q04_R02=2|Q04_R03=2|Q04_R04=2|Q04_R05=2,1,POCOS_SEM_EVIDENCIA_DIRETA_DA_PERGUNTA,0,0.0,50.0,Q05_R02=2|Q05_R03=2|Q05_R04=2|Q05_R05=2|Q05_R06=2,SCALE_PRIMARY_O00_V1,2026-08-29,PIH_MS_V2.5_ESTABILIDADE_SENSIBILIDADE_V1,False,False
SCALE-500-O00-00181,500,O00,499.9999999999812,1,22,2,1,MULTIPLAS_UNIDADES_SUPERFICIAIS,Grupo Caiuá,Granular (Gr),2,EVIDENCIA_DIRETA_PRESENTE,1,4.545455,77.272727,Q01_R03=1|Q01_R05=1,2,EVIDENCIA_DIRETA_PRESENTE,1,4.545455,77.272727,Q02_R02=1|Q02_R06=1|Q02_R07=1|Q02_R08=1,1,POCOS_SEM_EVIDENCIA_DIRETA_DA_PERGUNTA,0,0.0,22.727273,Q03_R02=1|Q03_R04=1|Q03_R05=1|Q03_R06=1|Q03_R07=1,2,EVIDENCIA_DIRETA_PRESENTE,1,4.545455,77.272727,Q04_R03=1|Q04_R04=1,2,EVIDENCIA_DIRETA_PRESENTE,1,4.545455,77.272727,Q05_R02=1|Q05_R04=1|Q05_R06=1|Q05_R07=1,SCALE_PRIMARY_O00_V1,2026-08-29,PIH_MS_V2.5_ESTABILIDADE_SENSIBILIDADE_V1,False,False
SCALE-500-O00-00182,500,O00,499.9999999999812,48,21,2,1,MULTIPLAS_UNIDADES_SUPERFICIAIS,Grupo Caiuá,Granular (Gr),2,EVIDENCIA_DIRETA_PRESENTE,48,61.904762,85.714286,Q01_R03=48|Q01_R05=48|Q01_R06=28,2,EVIDENCIA_DIRETA_PRESENTE,45,61.904762,85.714286,Q02_R02=48|Q02_R06=48|Q02_R08=48|Q02_R07=45|Q02_R03=28,2,EVIDENCIA_DIRETA_PRESENTE,26,47.619048,71.428571,Q03_R02=48|Q03_R07=48|Q03_R08=48|Q03_R05=38|Q03_R03=28,2,EVIDENCIA_DIRETA_PRESENTE,48,61.904762,85.714286,Q04_R03=48|Q04_R04=48|Q04_R05=28,2,EVIDENCIA_DIRETA_PRESENTE,28,28.571429,80.952381,Q05_R02=48|Q05_R04=48|Q05_R06=48|Q05_R07=48|Q05_R05=28,SCALE_PRIMARY_O00_V1,2026-08-29,PIH_MS_V2.5_ESTABILIDADE_SENSIBILIDADE_V1,False,False
SCALE-500-O00-00183,500,O00,367.3420801207139,12,15,2,1,MULTIPLAS_UNIDADES_SUPERFICIAIS,Depósitos aluvionares,Granular (Gr),2,EVIDENCIA_DIRETA_PRESENTE,12,6.666667,13.333333,Q01_R03=12|Q01_R05=12|Q01_R06=11,2,EVIDENCIA_DIRETA_PRESENTE,12,6.666667,13.333333,Q02_R02=12|Q02_R06=12|Q02_R08=12|Q02_R03=11|Q02_R07=10,2,EVIDENCIA_DIRETA_PRESENTE,7,6.666667,13.333333,Q03_R02=12|Q03_R07=12|Q03_R08=12|Q03_R03=11|Q03_R05=9,2,EVIDENCIA_DIRETA_PRESENTE,12,6.666667,13.333333,Q04_R03=12|Q04_R04=12|Q04_R05=11,2,EVIDENCIA_DIRETA_PRESENTE,8,6.666667,13.333333,Q05_R02=12|Q05_R04=12|Q05_R06=12|Q05_R07=12|Q05_R05=11,SCALE_PRIMARY_O00_V1,2026-08-29,PIH_MS_V2.5_ESTABILIDADE_SENSIBILIDADE_V1,False,False
SCALE-500-O00-00184,500,O00,1.3855894879660584,0,0,0,0,UNKNOWN_SEM_CONTEXTO_CLASSIFICADO,,,0,SEM_POCOS_NO_CONJUNTO_AUDITADO,0,,,,0,SEM_POCOS_NO_CONJUNTO_AUDITADO,0,,,,0,SEM_POCOS_NO_CONJUNTO_AUDITADO,0,,,,0,SEM_POCOS_NO_CONJUNTO_AUDITADO,0,,,,0,SEM_POCOS_NO_CONJUNTO_AUDITADO,0,,,,SCALE_PRIMARY_O00_V1,2026-08-29,PIH_MS_V2.5_ESTABILIDADE_SENSIBILIDADE_V1,False,False
SCALE-500-O00-00185,500,O00,466.68685171062793,0,19,3,2,MULTIPLAS_UNIDADES_SUPERFICIAIS,Formação Pantanal,Granular (Gr),0,SEM_POCOS_NO_CONJUNTO_AUDITADO,0,100.0,100.0,,0,SEM_POCOS_NO_CONJUNTO_AUDITADO,0,100.0,100.0,,0,SEM_POCOS_NO_CONJUNTO_AUDITADO,0,100.0,100.0,,0,SEM_POCOS_NO_CONJUNTO_AUDITADO,0,100.0,100.0,,0,SEM_POCOS_NO_CONJUNTO_AUDITADO,0,100.0,100.0,,SCALE_PRIMARY_O00_V1,2026-08-29,PIH_MS_V2.5_ESTABILIDADE_SENSIBILIDADE_V1,False,False
SCALE-500-O00-00186,500,O00,499.9999999999812,0,18,3,2,MULTIPLAS_UNIDADES_SUPERFICIAIS,Formação Pantanal,Granular (Gr),0,SEM_POCOS_NO_CONJUNTO_AUDITADO,0,100.0,100.0,,0,SEM_POCOS_NO_CONJUNTO_AUDITADO,0,100.0,100.0,,0,SEM_POCOS_NO_CONJUNTO_AUDITADO,0,100.0,100.0,,0,SEM_POCOS_NO_CONJUNTO_AUDITADO,0,100.0,100.0,,0,SEM_POCOS_NO_CONJUNTO_AUDITADO,0,100.0,100.0,,SCALE_PRIMARY_O00_V1,2026-08-29,PIH_MS_V2.5_ESTABILIDADE_SENSIBILIDADE_V1,False,False
SCALE-500-O00-00187,500,O00,499.9999999999812,0,21,2,2,MULTIPLAS_UNIDADES_SUPERFICIAIS,Embasamento Indiferenciado,Fraturada (Fr),0,SEM_POCOS_NO_CONJUNTO_AUDITADO,0,100.0,100.0,,0,SEM_POCOS_NO_CONJUNTO_AUDITADO,0,100.0,100.0,,0,SEM_POCOS_NO_CONJUNTO_AUDITADO,0,100.0,100.0,,0,SEM_POCOS_NO_CONJUNTO_AUDITADO,0,100.0,100.0,,0,SEM_POCOS_NO_CONJUNTO_AUDITADO,0,100.0,100.0,,SCALE_PRIMARY_O00_V1,2026-08-29,PIH_MS_V2.5_ESTABILIDADE_SENSIBILIDADE_V1,False,False
SCALE-500-O00-00188,500,O00,499.9999999999812,0,21,1,1,UMA_UNIDADE_SUPERFICIAL,Embasamento Indiferenciado,Fraturada (Fr),0,SEM_POCOS_NO_CONJUNTO_AUDITADO,0,100.0,100.0,,0,SEM_POCOS_NO_CONJUNTO_AUDITADO,0,100.0,100.0,,0,SEM_POCOS_NO_CONJUNTO_AUDITADO,0,100.0,100.0,,0,SEM_POCOS_NO_CONJUNTO_AUDITADO,0,100.0,100.0,,0,SEM_POCOS_NO_CONJUNTO_AUDITADO,0,100.0,100.0,,SCALE_PRIMARY_O00_V1,2026-08-29,PIH_MS_V2.5_ESTABILIDADE_SENSIBILIDADE_V1,False,False
SCALE-500-O00-00189,500,O00,499.9999999999812,0,20,1,1,UMA_UNIDADE_SUPERFICIAL,Embasamento Indiferenciado,Fraturada (Fr),0,SEM_POCOS_NO_CONJUNTO_AUDITADO,0,75.0,80.0,,0,SEM_POCOS_NO_CONJUNTO_AUDITADO,0,75.0,80.0,,0,SEM_POCOS_NO_CONJUNTO_AUDITADO,0,75.0,80.0,,0,SEM_POCOS_NO_CONJUNTO_AUDITADO,0,75.0,80.0,,0,SEM_POCOS_NO_CONJUNTO_AUDITADO,0,75.0,80.0,,SCALE_PRIMARY_O00_V1,2026-08-29,PIH_MS_V2.5_ESTABILIDADE_SENSIBILIDADE_V1,False,False
SCALE-500-O00-00190,500,O00,499.9999999999812,2,21,4,2,MULTIPLAS_UNIDADES_SUPERFICIAIS,Grupo Corumbá,Cárstica (K),2,EVIDENCIA_DIRETA_PRESENTE,2,14.285714,47.619048,Q01_R03=2|Q01_R05=2|Q01_R06=2,2,EVIDENCIA_DIRETA_PRESENTE,2,14.285714,47.619048,Q02_R02=2|Q02_R03=2|Q02_R06=2|Q02_R07=2|Q02_R08=2,2,EVIDENCIA_DIRETA_PRESENTE,1,0.0,47.619048,Q03_R02=2|Q03_R03=2|Q03_R07=2|Q03_R08=2|Q03_R04=1,2,EVIDENCIA_DIRETA_PRESENTE,2,14.285714,47.619048,Q04_R03=2|Q04_R04=2|Q04_R05=2,2,EVIDENCIA_DIRETA_PRESENTE,1,0.0,47.619048,Q05_R02=2|Q05_R04=2|Q05_R05=2|Q05_R06=2|Q05_R07=2,SCALE_PRIMARY_O00_V1,2026-08-29,PIH_MS_V2.5_ESTABILIDADE_SENSIBILIDADE_V1,False,False
SCALE-500-O00-00191,500,O00,499.9999999999812,2,21,2,2,MULTIPLAS_UNIDADES_SUPERFICIAIS,Formação Aquidauana,Granular (Gr),2,EVIDENCIA_DIRETA_PRESENTE,2,4.761905,71.428571,Q01_R03=2|Q01_R05=2|Q01_R06=2,2,EVIDENCIA_DIRETA_PRESENTE,2,4.761905,71.428571,Q02_R02=2|Q02_R03=2|Q02_R04=2|Q02_R05=2|Q02_R06=2,2,EVIDENCIA_DIRETA_PRESENTE,2,4.761905,61.904762,Q03_R02=2|Q03_R03=2|Q03_R05=2|Q03_R07=2|Q03_R08=2,2,EVIDENCIA_DIRETA_PRESENTE,2,4.761905,71.428571,Q04_R03=2|Q04_R04=2|Q04_R05=2,1,POCOS_SEM_EVIDENCIA_DIRETA_DA_PERGUNTA,0,0.0,52.380952,Q05_R02=2|Q05_R03=2|Q05_R04=2|Q05_R05=2|Q05_R06=2,SCALE_PRIMARY_O00_V1,2026-08-29,PIH_MS_V2.5_ESTABILIDADE_SENSIBILIDADE_V1,False,False
SCALE-500-O00-00192,500,O00,499.9999999999812,11,18,2,1,MULTIPLAS_UNIDADES_SUPERFICIAIS,Formação Aquidauana,Granular (Gr),2,EVIDENCIA_DIRETA_PRESENTE,10,22.222222,100.0,Q01_R03=11|Q01_R05=11|Q01_R06=7|Q01_R02=1,2,EVIDENCIA_DIRETA_PRESENTE,10,22.222222,100.0,Q02_R02=11|Q02_R06=11|Q02_R07=11|Q02_R08=11|Q02_R03=7,2,EVIDENCIA_DIRETA_PRESENTE,1,5.555556,77.777778,Q03_R02=11|Q03_R05=11|Q03_R07=11|Q03_R08=11|Q03_R04=10,2,EVIDENCIA_DIRETA_PRESENTE,11,33.333333,100.0,Q04_R03=11|Q04_R04=11|Q04_R05=7,2,EVIDENCIA_DIRETA_PRESENTE,7,22.222222,77.777778,Q05_R02=11|Q05_R04=11|Q05_R06=11|Q05_R07=11|Q05_R05=7,SCALE_PRIMARY_O00_V1,2026-08-29,PIH_MS_V2.5_ESTABILIDADE_SENSIBILIDADE_V1,False,False
SCALE-500-O00-00193,500,O00,499.9999999999812,2,21,3,2,MULTIPLAS_UNIDADES_SUPERFICIAIS,Formação Serra Geral,Fraturada (Fr),2,EVIDENCIA_DIRETA_PRESENTE,2,9.52381,95.238095,Q01_R03=2|Q01_R05=2|Q01_R06=1,2,EVIDENCIA_DIRETA_PRESENTE,2,9.52381,95.238095,Q02_R02=2|Q02_R04=2|Q02_R05=2|Q02_R06=2|Q02_R07=2,2,EVIDENCIA_DIRETA_PRESENTE,1,9.52381,95.238095,Q03_R02=2|Q03_R05=2|Q03_R06=2|Q03_R07=2|Q03_R08=2,2,EVIDENCIA_DIRETA_PRESENTE,2,9.52381,95.238095,Q04_R03=2|Q04_R04=2|Q04_R05=1,1,POCOS_SEM_EVIDENCIA_DIRETA_DA_PERGUNTA,0,0.0,42.857143,Q05_R02=2|Q05_R03=2|Q05_R04=2|Q05_R06=2|Q05_R07=2,SCALE_PRIMARY_O00_V1,2026-08-29,PIH_MS_V2.5_ESTABILIDADE_SENSIBILIDADE_V1,False,False
SCALE-500-O00-00194,500,O00,499.9999999999812,0,20,1,1,UMA_UNIDADE_SUPERFICIAL,Formação Serra Geral,Fraturada (Fr),0,SEM_POCOS_NO_CONJUNTO_AUDITADO,0,0.0,50.0,,0,SEM_POCOS_NO_CONJUNTO_AUDITADO,0,0.0,50.0,,0,SEM_POCOS_NO_CONJUNTO_AUDITADO,0,0.0,50.0,,0,SEM_POCOS_NO_CONJUNTO_AUDITADO,0,0.0,50.0,,0,SEM_POCOS_NO_CONJUNTO_AUDITADO,0,0.0,50.0,,SCALE_PRIMARY_O00_V1,2026-08-29,PIH_MS_V2.5_ESTABILIDADE_SENSIBILIDADE_V1,False,False
SCALE-500-O00-00195,500,O00,499.9999999999812,0,21,1,1,UMA_UNIDADE_SUPERFICIAL,Formação Serra Geral,Fraturada (Fr),0,SEM_POCOS_NO_CONJUNTO_AUDITADO,0,0.0,0.0,,0,SEM_POCOS_NO_CONJUNTO_AUDITADO,0,0.0,0.0,,0,SEM_POCOS_NO_CONJUNTO_AUDITADO,0,0.0,0.0,,0,SEM_POCOS_NO_CONJUNTO_AUDITADO,0,0.0,0.0,,0,SEM_POCOS_NO_CONJUNTO_AUDITADO,0,0.0,0.0,,SCALE_PRIMARY_O00_V1,2026-08-29,PIH_MS_V2.5_ESTABILIDADE_SENSIBILIDADE_V1,False,False
SCALE-500-O00-00196,500,O00,499.9999999999812,2,21,1,1,UMA_UNIDADE_SUPERFICIAL,Formação Serra Geral,Fraturada (Fr),2,EVIDENCIA_DIRETA_PRESENTE,1,14.285714,85.714286,Q01_R03=2|Q01_R05=2|Q01_R06=2|Q01_R02=1|Q01_R04=1,2,EVIDENCIA_DIRETA_PRESENTE,1,14.285714,85.714286,Q02_R02=2|Q02_R03=2|Q02_R06=2|Q02_R07=2|Q02_R08=2,2,EVIDENCIA_DIRETA_PRESENTE,1,14.285714,85.714286,Q03_R02=2|Q03_R03=2|Q03_R07=2|Q03_R08=2|Q03_R04=1,2,EVIDENCIA_DIRETA_PRESENTE,1,14.285714,85.714286,Q04_R03=2|Q04_R04=2|Q04_R05=2|Q04_R02=1,2,EVIDENCIA_DIRETA_PRESENTE,1,9.52381,9.52381,Q05_R02=2|Q05_R04=2|Q05_R05=2|Q05_R06=2|Q05_R07=2,SCALE_PRIMARY_O00_V1,2026-08-29,PIH_MS_V2.5_ESTABILIDADE_SENSIBILIDADE_V1,False,False
SCALE-500-O00-00197,500,O00,499.9999999999812,15,18,1,1,UMA_UNIDADE_SUPERFICIAL,Formação Serra Geral,Fraturada (Fr),2,EVIDENCIA_DIRETA_PRESENTE,12,27.777778,22.222222,Q01_R03=15|Q01_R05=15|Q01_R06=6|Q01_R02=3|Q01_R04=3,2,EVIDENCIA_DIRETA_PRESENTE,11,27.777778,22.222222,Q02_R02=15|Q02_R06=15|Q02_R07=15|Q02_R08=15|Q02_R04=10,2,EVIDENCIA_DIRETA_PRESENTE,7,27.777778,22.222222,Q03_R02=15|Q03_R07=15|Q03_R08=15|Q03_R05=10|Q03_R06=10,2,EVIDENCIA_DIRETA_PRESENTE,12,27.777778,22.222222,Q04_R03=15|Q04_R04=15|Q04_R05=6|Q04_R02=3,2,EVIDENCIA_DIRETA_PRESENTE,10,22.222222,5.555556,Q05_R02=15|Q05_R04=15|Q05_R06=15|Q05_R07=15|Q05_R05=6,SCALE_PRIMARY_O00_V1,2026-08-29,PIH_MS_V2.5_ESTABILIDADE_SENSIBILIDADE_V1,False,False
SCALE-500-O00-00198,500,O00,499.9999999999812,0,21,1,1,UMA_UNIDADE_SUPERFICIAL,Formação Serra Geral,Fraturada (Fr),0,SEM_POCOS_NO_CONJUNTO_AUDITADO,0,0.0,0.0,,0,SEM_POCOS_NO_CONJUNTO_AUDITADO,0,0.0,0.0,,0,SEM_POCOS_NO_CONJUNTO_AUDITADO,0,0.0,0.0,,0,SEM_POCOS_NO_CONJUNTO_AUDITADO,0,0.0,0.0,,0,SEM_POCOS_NO_CONJUNTO_AUDITADO,0,0.0,0.0,,SCALE_PRIMARY_O00_V1,2026-08-29,PIH_MS_V2.5_ESTABILIDADE_SENSIBILIDADE_V1,False,False
SCALE-500-O00-00199,500,O00,499.9999999999812,8,20,1,1,UMA_UNIDADE_SUPERFICIAL,Formação Serra Geral,Fraturada (Fr),2,EVIDENCIA_DIRETA_PRESENTE,4,10.0,95.0,Q01_R03=8|Q01_R05=8|Q01_R02=4|Q01_R04=2|Q01_R06=2,2,EVIDENCIA_DIRETA_PRESENTE,4,10.0,95.0,Q02_R02=8|Q02_R04=8|Q02_R05=8|Q02_R06=8|Q02_R07=8,2,EVIDENCIA_DIRETA_PRESENTE,6,10.0,25.0,Q03_R02=8|Q03_R07=8|Q03_R08=8|Q03_R05=6|Q03_R06=3,2,EVIDENCIA_DIRETA_PRESENTE,6,10.0,95.0,Q04_R03=8|Q04_R04=8|Q04_R02=2|Q04_R05=2,2,EVIDENCIA_DIRETA_PRESENTE,2,10.0,95.0,Q05_R02=8|Q05_R04=8|Q05_R06=8|Q05_R07=8|Q05_R03=6,SCALE_PRIMARY_O00_V1,2026-08-29,PIH_MS_V2.5_ESTABILIDADE_SENSIBILIDADE_V1,False,False
SCALE-500-O00-00200,500,O00,499.9999999999812,19,19,1,1,UMA_UNIDADE_SUPERFICIAL,Formação Serra Geral,Fraturada (Fr),2,EVIDENCIA_DIRETA_PRESENTE,19,36.842105,100.0,Q01_R03=19|Q01_R05=19,2,EVIDENCIA_DIRETA_PRESENTE,19,36.842105,100.0,Q02_R02=19|Q02_R06=19|Q02_R07=19|Q02_R08=19|Q02_R04=12,2,EVIDENCIA_DIRETA_PRESENTE,8,21.052632,84.210526,Q03_R02=19|Q03_R07=19|Q03_R08=19|Q03_R05=14|Q03_R06=12,2,EVIDENCIA_DIRETA_PRESENTE,19,36.842105,100.0,Q04_R03=19|Q04_R04=19,2,EVIDENCIA_DIRETA_PRESENTE,15,36.842105,100.0,Q05_R02=19|Q05_R04=19|Q05_R06=19|Q05_R07=19|Q05_R03=4,SCALE_PRIMARY_O00_V1,2026-08-29,PIH_MS_V2.5_ESTABILIDADE_SENSIBILIDADE_V1,False,False
SCALE-500-O00-00201,500,O00,499.9999999999812,5,21,2,2,MULTIPLAS_UNIDADES_SUPERFICIAIS,Formação Serra Geral,Fraturada (Fr),2,EVIDENCIA_DIRETA_PRESENTE,5,19.047619,57.142857,Q01_R03=5|Q01_R05=5|Q01_R06=1,2,EVIDENCIA_DIRETA_PRESENTE,5,19.047619,57.142857,Q02_R02=5|Q02_R06=5|Q02_R07=5|Q02_R08=5|Q02_R04=3,2,EVIDENCIA_DIRETA_PRESENTE,3,4.761905,0.0,Q03_R02=5|Q03_R07=5|Q03_R08=5|Q03_R05=4|Q03_R06=3,2,EVIDENCIA_DIRETA_PRESENTE,5,19.047619,57.142857,Q04_R03=5|Q04_R04=5|Q04_R05=1,2,EVIDENCIA_DIRETA_PRESENTE,3,19.047619,57.142857,Q05_R02=5|Q05_R04=5|Q05_R06=5|Q05_R07=5|Q05_R03=2,SCALE_PRIMARY_O00_V1,2026-08-29,PIH_MS_V2.5_ESTABILIDADE_SENSIBILIDADE_V1,False,False
SCALE-500-O00-00202,500,O00,499.9999999999812,1,18,2,2,MULTIPLAS_UNIDADES_SUPERFICIAIS,Grupo Caiuá,Granular (Gr),2,EVIDENCIA_DIRETA_PRESENTE,1,22.222222,11.111111,Q01_R03=1|Q01_R05=1|Q01_R06=1,2,EVIDENCIA_DIRETA_PRESENTE,1,22.222222,11.111111,Q02_R02=1|Q02_R03=1|Q02_R04=1|Q02_R05=1|Q02_R06=1,2,EVIDENCIA_DIRETA_PRESENTE,1,22.222222,11.111111,Q03_R02=1|Q03_R03=1|Q03_R05=1|Q03_R06=1|Q03_R07=1,2,EVIDENCIA_DIRETA_PRESENTE,1,22.222222,11.111111,Q04_R03=1|Q04_R04=1|Q04_R05=1,1,POCOS_SEM_EVIDENCIA_DIRETA_DA_PERGUNTA,0,0.0,0.0,Q05_R02=1|Q05_R03=1|Q05_R04=1|Q05_R05=1|Q05_R06=1,SCALE_PRIMARY_O00_V1,2026-08-29,PIH_MS_V2.5_ESTABILIDADE_SENSIBILIDADE_V1,False,False
SCALE-500-O00-00203,500,O00,499.9999999999812,0,21,1,1,UMA_UNIDADE_SUPERFICIAL,Grupo Caiuá,Granular (Gr),0,SEM_POCOS_NO_CONJUNTO_AUDITADO,0,95.238095,95.238095,,0,SEM_POCOS_NO_CONJUNTO_AUDITADO,0,95.238095,95.238095,,0,SEM_POCOS_NO_CONJUNTO_AUDITADO,0,95.238095,95.238095,,0,SEM_POCOS_NO_CONJUNTO_AUDITADO,0,95.238095,95.238095,,0,SEM_POCOS_NO_CONJUNTO_AUDITADO,0,95.238095,95.238095,,SCALE_PRIMARY_O00_V1,2026-08-29,PIH_MS_V2.5_ESTABILIDADE_SENSIBILIDADE_V1,False,False
SCALE-500-O00-00204,500,O00,499.9999999999812,0,20,1,1,UMA_UNIDADE_SUPERFICIAL,Grupo Caiuá,Granular (Gr),0,SEM_POCOS_NO_CONJUNTO_AUDITADO,0,90.0,90.0,,0,SEM_POCOS_NO_CONJUNTO_AUDITADO,0,90.0,90.0,,0,SEM_POCOS_NO_CONJUNTO_AUDITADO,0,90.0,90.0,,0,SEM_POCOS_NO_CONJUNTO_AUDITADO,0,90.0,90.0,,0,SEM_POCOS_NO_CONJUNTO_AUDITADO,0,90.0,90.0,,SCALE_PRIMARY_O00_V1,2026-08-29,PIH_MS_V2.5_ESTABILIDADE_SENSIBILIDADE_V1,False,False
SCALE-500-O00-00205,500,O00,499.9999999999812,0,19,1,1,UMA_UNIDADE_SUPERFICIAL,Grupo Caiuá,Granular (Gr),0,SEM_POCOS_NO_CONJUNTO_AUDITADO,0,31.578947,10.526316,,0,SEM_POCOS_NO_CONJUNTO_AUDITADO,0,31.578947,10.526316,,0,SEM_POCOS_NO_CONJUNTO_AUDITADO,0,31.578947,10.526316,,0,SEM_POCOS_NO_CONJUNTO_AUDITADO,0,31.578947,10.526316,,0,SEM_POCOS_NO_CONJUNTO_AUDITADO,0,31.578947,10.526316,,SCALE_PRIMARY_O00_V1,2026-08-29,PIH_MS_V2.5_ESTABILIDADE_SENSIBILIDADE_V1,False,False
SCALE-500-O00-00206,500,O00,499.9999999999812,1,21,1,1,UMA_UNIDADE_SUPERFICIAL,Grupo Caiuá,Granular (Gr),2,EVIDENCIA_DIRETA_PRESENTE,1,9.52381,23.809524,Q01_R03=1|Q01_R05=1|Q01_R06=1,2,EVIDENCIA_DIRETA_PRESENTE,1,9.52381,23.809524,Q02_R02=1|Q02_R03=1|Q02_R04=1|Q02_R05=1|Q02_R06=1,2,EVIDENCIA_DIRETA_PRESENTE,1,4.761905,9.52381,Q03_R02=1|Q03_R03=1|Q03_R05=1|Q03_R07=1|Q03_R08=1,2,EVIDENCIA_DIRETA_PRESENTE,1,9.52381,23.809524,Q04_R03=1|Q04_R04=1|Q04_R05=1,1,POCOS_SEM_EVIDENCIA_DIRETA_DA_PERGUNTA,0,4.761905,9.52381,Q05_R02=1|Q05_R03=1|Q05_R04=1|Q05_R05=1|Q05_R06=1,SCALE_PRIMARY_O00_V1,2026-08-29,PIH_MS_V2.5_ESTABILIDADE_SENSIBILIDADE_V1,False,False
SCALE-500-O00-00207,500,O00,499.9999999999812,0,18,1,1,UMA_UNIDADE_SUPERFICIAL,Grupo Caiuá,Granular (Gr),0,SEM_POCOS_NO_CONJUNTO_AUDITADO,0,61.111111,66.666667,,0,SEM_POCOS_NO_CONJUNTO_AUDITADO,0,61.111111,66.666667,,0,SEM_POCOS_NO_CONJUNTO_AUDITADO,0,61.111111,66.666667,,0,SEM_POCOS_NO_CONJUNTO_AUDITADO,0,61.111111,66.666667,,0,SEM_POCOS_NO_CONJUNTO_AUDITADO,0,61.111111,66.666667,,SCALE_PRIMARY_O00_V1,2026-08-29,PIH_MS_V2.5_ESTABILIDADE_SENSIBILIDADE_V1,False,False
SCALE-500-O00-00208,500,O00,499.9999999999812,0,21,1,1,UMA_UNIDADE_SUPERFICIAL,Grupo Caiuá,Granular (Gr),0,SEM_POCOS_NO_CONJUNTO_AUDITADO,0,28.571429,19.047619,,0,SEM_POCOS_NO_CONJUNTO_AUDITADO,0,28.571429,19.047619,,0,SEM_POCOS_NO_CONJUNTO_AUDITADO,0,28.571429,19.047619,,0,SEM_POCOS_NO_CONJUNTO_AUDITADO,0,28.571429,19.047619,,0,SEM_POCOS_NO_CONJUNTO_AUDITADO,0,28.571429,19.047619,,SCALE_PRIMARY_O00_V1,2026-08-29,PIH_MS_V2.5_ESTABILIDADE_SENSIBILIDADE_V1,False,False
SCALE-500-O00-00209,500,O00,499.9999999999812,6,19,2,1,MULTIPLAS_UNIDADES_SUPERFICIAIS,Grupo Caiuá,Granular (Gr),2,EVIDENCIA_DIRETA_PRESENTE,6,47.368421,94.736842,Q01_R03=6|Q01_R05=6|Q01_R06=6,2,EVIDENCIA_DIRETA_PRESENTE,5,47.368421,94.736842,Q02_R02=6|Q02_R03=6|Q02_R04=6|Q02_R05=6|Q02_R06=6,2,EVIDENCIA_DIRETA_PRESENTE,6,47.368421,94.736842,Q03_R02=6|Q03_R03=6|Q03_R05=6|Q03_R07=6|Q03_R08=6,2,EVIDENCIA_DIRETA_PRESENTE,6,47.368421,94.736842,Q04_R03=6|Q04_R04=6|Q04_R05=6,1,POCOS_SEM_EVIDENCIA_DIRETA_DA_PERGUNTA,0,21.052632,63.157895,Q05_R02=6|Q05_R03=6|Q05_R04=6|Q05_R05=6|Q05_R06=6,SCALE_PRIMARY_O00_V1,2026-08-29,PIH_MS_V2.5_ESTABILIDADE_SENSIBILIDADE_V1,False,False
SCALE-500-O00-00210,500,O00,276.95712913198423,2,9,2,1,MULTIPLAS_UNIDADES_SUPERFICIAIS,Depósitos aluvionares,Granular (Gr),2,EVIDENCIA_DIRETA_PRESENTE,2,11.111111,33.333333,Q01_R03=2|Q01_R05=2|Q01_R06=2,2,EVIDENCIA_DIRETA_PRESENTE,2,11.111111,33.333333,Q02_R02=2|Q02_R03=2|Q02_R04=2|Q02_R05=2|Q02_R06=2,2,EVIDENCIA_DIRETA_PRESENTE,2,11.111111,33.333333,Q03_R02=2|Q03_R03=2|Q03_R05=2|Q03_R07=2|Q03_R08=2,2,EVIDENCIA_DIRETA_PRESENTE,2,11.111111,33.333333,Q04_R03=2|Q04_R04=2|Q04_R05=2,1,POCOS_SEM_EVIDENCIA_DIRETA_DA_PERGUNTA,0,11.111111,22.222222,Q05_R02=2|Q05_R03=2|Q05_R04=2|Q05_R05=2|Q05_R06=2,SCALE_PRIMARY_O00_V1,2026-08-29,PIH_MS_V2.5_ESTABILIDADE_SENSIBILIDADE_V1,False,False
SCALE-500-O00-00211,500,O00,75.1400849423957,0,1,1,1,UMA_UNIDADE_SUPERFICIAL,Formação Pantanal,Granular (Gr),0,SEM_POCOS_NO_CONJUNTO_AUDITADO,0,100.0,100.0,,0,SEM_POCOS_NO_CONJUNTO_AUDITADO,0,100.0,100.0,,0,SEM_POCOS_NO_CONJUNTO_AUDITADO,0,100.0,100.0,,0,SEM_POCOS_NO_CONJUNTO_AUDITADO,0,100.0,100.0,,0,SEM_POCOS_NO_CONJUNTO_AUDITADO,0,100.0,100.0,,SCALE_PRIMARY_O00_V1,2026-08-29,PIH_MS_V2.5_ESTABILIDADE_SENSIBILIDADE_V1,False,False
SCALE-500-O00-00212,500,O00,499.9999999999812,0,20,2,1,MULTIPLAS_UNIDADES_SUPERFICIAIS,Formação Pantanal,Granular (Gr),0,SEM_POCOS_NO_CONJUNTO_AUDITADO,0,100.0,100.0,,0,SEM_POCOS_NO_CONJUNTO_AUDITADO,0,100.0,100.0,,0,SEM_POCOS_NO_CONJUNTO_AUDITADO,0,100.0,100.0,,0,SEM_POCOS_NO_CONJUNTO_AUDITADO,0,100.0,100.0,,0,SEM_POCOS_NO_CONJUNTO_AUDITADO,0,100.0,100.0,,SCALE_PRIMARY_O00_V1,2026-08-29,PIH_MS_V2.5_ESTABILIDADE_SENSIBILIDADE_V1,False,False
SCALE-500-O00-00213,500,O00,499.9999999999812,0,21,3,2,MULTIPLAS_UNIDADES_SUPERFICIAIS,Formação Pantanal,Granular (Gr),0,SEM_POCOS_NO_CONJUNTO_AUDITADO,0,100.0,100.0,,0,SEM_POCOS_NO_CONJUNTO_AUDITADO,0,100.0,100.0,,0,SEM_POCOS_NO_CONJUNTO_AUDITADO,0,100.0,100.0,,0,SEM_POCOS_NO_CONJUNTO_AUDITADO,0,100.0,100.0,,0,SEM_POCOS_NO_CONJUNTO_AUDITADO,0,100.0,100.0,,SCALE_PRIMARY_O00_V1,2026-08-29,PIH_MS_V2.5_ESTABILIDADE_SENSIBILIDADE_V1,False,False
SCALE-500-O00-00214,500,O00,499.9999999999812,0,20,2,2,MULTIPLAS_UNIDADES_SUPERFICIAIS,Embasamento Indiferenciado,Fraturada (Fr),0,SEM_POCOS_NO_CONJUNTO_AUDITADO,0,100.0,100.0,,0,SEM_POCOS_NO_CONJUNTO_AUDITADO,0,100.0,100.0,,0,SEM_POCOS_NO_CONJUNTO_AUDITADO,0,100.0,100.0,,0,SEM_POCOS_NO_CONJUNTO_AUDITADO,0,100.0,100.0,,0,SEM_POCOS_NO_CONJUNTO_AUDITADO,0,100.0,100.0,,SCALE_PRIMARY_O00_V1,2026-08-29,PIH_MS_V2.5_ESTABILIDADE_SENSIBILIDADE_V1,False,False
SCALE-500-O00-00215,500,O00,499.9999999999812,0,17,1,1,UMA_UNIDADE_SUPERFICIAL,Embasamento Indiferenciado,Fraturada (Fr),0,SEM_POCOS_NO_CONJUNTO_AUDITADO,0,94.117647,100.0,,0,SEM_POCOS_NO_CONJUNTO_AUDITADO,0,94.117647,100.0,,0,SEM_POCOS_NO_CONJUNTO_AUDITADO,0,94.117647,100.0,,0,SEM_POCOS_NO_CONJUNTO_AUDITADO,0,94.117647,100.0,,0,SEM_POCOS_NO_CONJUNTO_AUDITADO,0,94.117647,100.0,,SCALE_PRIMARY_O00_V1,2026-08-29,PIH_MS_V2.5_ESTABILIDADE_SENSIBILIDADE_V1,False,False
SCALE-500-O00-00216,500,O00,499.9999999999812,0,20,2,2,MULTIPLAS_UNIDADES_SUPERFICIAIS,Grupo Corumbá,Cárstica (K),0,SEM_POCOS_NO_CONJUNTO_AUDITADO,0,15.0,90.0,,0,SEM_POCOS_NO_CONJUNTO_AUDITADO,0,15.0,90.0,,0,SEM_POCOS_NO_CONJUNTO_AUDITADO,0,15.0,90.0,,0,SEM_POCOS_NO_CONJUNTO_AUDITADO,0,15.0,90.0,,0,SEM_POCOS_NO_CONJUNTO_AUDITADO,0,15.0,90.0,,SCALE_PRIMARY_O00_V1,2026-08-29,PIH_MS_V2.5_ESTABILIDADE_SENSIBILIDADE_V1,False,False
SCALE-500-O00-00217,500,O00,499.9999999999812,0,20,3,2,MULTIPLAS_UNIDADES_SUPERFICIAIS,Grupo Corumbá,Cárstica (K),0,SEM_POCOS_NO_CONJUNTO_AUDITADO,0,0.0,20.0,,0,SEM_POCOS_NO_CONJUNTO_AUDITADO,0,0.0,20.0,,0,SEM_POCOS_NO_CONJUNTO_AUDITADO,0,0.0,20.0,,0,SEM_POCOS_NO_CONJUNTO_AUDITADO,0,0.0,20.0,,0,SEM_POCOS_NO_CONJUNTO_AUDITADO,0,0.0,20.0,,SCALE_PRIMARY_O00_V1,2026-08-29,PIH_MS_V2.5_ESTABILIDADE_SENSIBILIDADE_V1,False,False
SCALE-500-O00-00218,500,O00,499.9999999999812,4,21,2,2,MULTIPLAS_UNIDADES_SUPERFICIAIS,Formação Aquidauana,Granular (Gr),2,EVIDENCIA_DIRETA_PRESENTE,3,9.52381,85.714286,Q01_R03=4|Q01_R05=4|Q01_R06=4|Q01_R02=1,2,EVIDENCIA_DIRETA_PRESENTE,3,9.52381,85.714286,Q02_R02=4|Q02_R03=4|Q02_R04=4|Q02_R05=4|Q02_R06=4,2,EVIDENCIA_DIRETA_PRESENTE,2,4.761905,85.714286,Q03_R02=4|Q03_R03=4|Q03_R05=4|Q03_R07=4|Q03_R08=4,2,EVIDENCIA_DIRETA_PRESENTE,4,9.52381,85.714286,Q04_R03=4|Q04_R04=4|Q04_R05=4,1,POCOS_SEM_EVIDENCIA_DIRETA_DA_PERGUNTA,0,4.761905,9.52381,Q05_R02=4|Q05_R03=4|Q05_R04=4|Q05_R05=4|Q05_R06=4,SCALE_PRIMARY_O00_V1,2026-08-29,PIH_MS_V2.5_ESTABILIDADE_SENSIBILIDADE_V1,False,False
SCALE-500-O00-00219,500,O00,499.9999999999812,6,20,2,1,MULTIPLAS_UNIDADES_SUPERFICIAIS,Formação Botucatu,Granular (Gr),2,EVIDENCIA_DIRETA_PRESENTE,6,5.0,10.0,Q01_R03=6|Q01_R05=6|Q01_R06=3,2,EVIDENCIA_DIRETA_PRESENTE,6,5.0,10.0,Q02_R02=6|Q02_R06=6|Q02_R07=6|Q02_R08=6|Q02_R03=3,2,EVIDENCIA_DIRETA_PRESENTE,3,5.0,10.0,Q03_R02=6|Q03_R05=6|Q03_R07=6|Q03_R08=6|Q03_R03=3,2,EVIDENCIA_DIRETA_PRESENTE,6,5.0,10.0,Q04_R03=6|Q04_R04=6|Q04_R05=3,2,EVIDENCIA_DIRETA_PRESENTE,3,0.0,5.0,Q05_R02=6|Q05_R04=6|Q05_R06=6|Q05_R07=6|Q05_R05=3,SCALE_PRIMARY_O00_V1,2026-08-29,PIH_MS_V2.5_ESTABILIDADE_SENSIBILIDADE_V1,False,False
SCALE-500-O00-00220,500,O00,499.9999999999812,2,20,2,2,MULTIPLAS_UNIDADES_SUPERFICIAIS,Formação Serra Geral,Fraturada (Fr),2,EVIDENCIA_DIRETA_PRESENTE,2,10.0,70.0,Q01_R03=2|Q01_R05=2,2,EVIDENCIA_DIRETA_PRESENTE,2,10.0,70.0,Q02_R02=2|Q02_R04=2|Q02_R05=2|Q02_R06=2|Q02_R07=2,2,EVIDENCIA_DIRETA_PRESENTE,2,5.0,70.0,Q03_R02=2|Q03_R05=2|Q03_R07=2|Q03_R08=2,2,EVIDENCIA_DIRETA_PRESENTE,2,10.0,70.0,Q04_R03=2|Q04_R04=2,1,POCOS_SEM_EVIDENCIA_DIRETA_DA_PERGUNTA,0,0.0,5.0,Q05_R02=2|Q05_R03=2|Q05_R04=2|Q05_R06=2|Q05_R07=2,SCALE_PRIMARY_O00_V1,2026-08-29,PIH_MS_V2.5_ESTABILIDADE_SENSIBILIDADE_V1,False,False
SCALE-500-O00-00221,500,O00,499.9999999999812,3,17,1,1,UMA_UNIDADE_SUPERFICIAL,Formação Serra Geral,Fraturada (Fr),2,EVIDENCIA_DIRETA_PRESENTE,2,11.764706,64.705882,Q01_R03=3|Q01_R05=3|Q01_R02=1|Q01_R06=1,2,EVIDENCIA_DIRETA_PRESENTE,2,11.764706,64.705882,Q02_R02=3|Q02_R04=3|Q02_R05=3|Q02_R06=3|Q02_R07=3,2,EVIDENCIA_DIRETA_PRESENTE,2,11.764706,70.588235,Q03_R02=3|Q03_R05=3|Q03_R07=3|Q03_R08=3|Q03_R06=2,2,EVIDENCIA_DIRETA_PRESENTE,3,11.764706,64.705882,Q04_R03=3|Q04_R04=3|Q04_R05=1,1,POCOS_SEM_EVIDENCIA_DIRETA_DA_PERGUNTA,0,11.764706,52.941176,Q05_R02=3|Q05_R03=3|Q05_R04=3|Q05_R06=3|Q05_R07=3,SCALE_PRIMARY_O00_V1,2026-08-29,PIH_MS_V2.5_ESTABILIDADE_SENSIBILIDADE_V1,False,False
SCALE-500-O00-00222,500,O00,499.9999999999812,5,20,1,1,UMA_UNIDADE_SUPERFICIAL,Formação Serra Geral,Fraturada (Fr),2,EVIDENCIA_DIRETA_PRESENTE,4,25.0,90.0,Q01_R03=5|Q01_R05=5|Q01_R02=1|Q01_R04=1|Q01_R06=1,2,EVIDENCIA_DIRETA_PRESENTE,4,25.0,90.0,Q02_R02=5|Q02_R04=5|Q02_R05=5|Q02_R06=5|Q02_R07=5,2,EVIDENCIA_DIRETA_PRESENTE,4,25.0,90.0,Q03_R02=5|Q03_R05=5|Q03_R07=5|Q03_R08=5|Q03_R06=2,2,EVIDENCIA_DIRETA_PRESENTE,4,25.0,90.0,Q04_R03=5|Q04_R04=5|Q04_R02=1|Q04_R05=1,1,POCOS_SEM_EVIDENCIA_DIRETA_DA_PERGUNTA,0,45.0,20.0,Q05_R02=5|Q05_R03=5|Q05_R04=5|Q05_R06=5|Q05_R07=5,SCALE_PRIMARY_O00_V1,2026-08-29,PIH_MS_V2.5_ESTABILIDADE_SENSIBILIDADE_V1,False,False
SCALE-500-O00-00223,500,O00,499.9999999999812,9,21,1,1,UMA_UNIDADE_SUPERFICIAL,Formação Serra Geral,Fraturada (Fr),1,POCOS_SEM_EVIDENCIA_DIRETA_DA_PERGUNTA,0,0.0,0.0,Q01_R02=9|Q01_R03=9|Q01_R04=9|Q01_R05=9|Q01_R06=9,1,POCOS_SEM_EVIDENCIA_DIRETA_DA_PERGUNTA,0,0.0,0.0,Q02_R02=9|Q02_R03=9|Q02_R04=9|Q02_R05=9|Q02_R06=9,1,POCOS_SEM_EVIDENCIA_DIRETA_DA_PERGUNTA,0,0.0,52.380952,Q03_R02=9|Q03_R03=9|Q03_R04=9|Q03_R05=9|Q03_R06=9,1,POCOS_SEM_EVIDENCIA_DIRETA_DA_PERGUNTA,0,0.0,0.0,Q04_R02=9|Q04_R03=9|Q04_R04=9|Q04_R05=9,1,POCOS_SEM_EVIDENCIA_DIRETA_DA_PERGUNTA,0,14.285714,57.142857,Q05_R02=9|Q05_R03=9|Q05_R04=9|Q05_R05=9|Q05_R06=9,SCALE_PRIMARY_O00_V1,2026-08-29,PIH_MS_V2.5_ESTABILIDADE_SENSIBILIDADE_V1,False,False
SCALE-500-O00-00224,500,O00,499.9999999999812,3,20,2,2,MULTIPLAS_UNIDADES_SUPERFICIAIS,Formação Serra Geral,Fraturada (Fr),1,POCOS_SEM_EVIDENCIA_DIRETA_DA_PERGUNTA,0,0.0,10.0,Q01_R02=3|Q01_R03=3|Q01_R04=3|Q01_R05=3|Q01_R06=3,1,POCOS_SEM_EVIDENCIA_DIRETA_DA_PERGUNTA,0,0.0,10.0,Q02_R02=3|Q02_R03=3|Q02_R04=3|Q02_R05=3|Q02_R06=3,1,POCOS_SEM_EVIDENCIA_DIRETA_DA_PERGUNTA,0,0.0,85.0,Q03_R02=3|Q03_R03=3|Q03_R04=3|Q03_R05=3|Q03_R06=3,1,POCOS_SEM_EVIDENCIA_DIRETA_DA_PERGUNTA,0,0.0,10.0,Q04_R02=3|Q04_R03=3|Q04_R04=3|Q04_R05=3,1,POCOS_SEM_EVIDENCIA_DIRETA_DA_PERGUNTA,0,0.0,35.0,Q05_R02=3|Q05_R03=3|Q05_R04=3|Q05_R05=3|Q05_R06=3,SCALE_PRIMARY_O00_V1,2026-08-29,PIH_MS_V2.5_ESTABILIDADE_SENSIBILIDADE_V1,False,False
SCALE-500-O00-00225,500,O00,499.9999999999812,7,20,2,2,MULTIPLAS_UNIDADES_SUPERFICIAIS,Formação Serra Geral,Fraturada (Fr),1,POCOS_SEM_EVIDENCIA_DIRETA_DA_PERGUNTA,0,0.0,55.0,Q01_R02=7|Q01_R03=7|Q01_R04=7|Q01_R05=7|Q01_R06=7,1,POCOS_SEM_EVIDENCIA_DIRETA_DA_PERGUNTA,0,0.0,55.0,Q02_R02=7|Q02_R03=7|Q02_R04=7|Q02_R05=7|Q02_R06=7,1,POCOS_SEM_EVIDENCIA_DIRETA_DA_PERGUNTA,0,0.0,65.0,Q03_R02=7|Q03_R03=7|Q03_R04=7|Q03_R05=7|Q03_R06=7,1,POCOS_SEM_EVIDENCIA_DIRETA_DA_PERGUNTA,0,0.0,55.0,Q04_R02=7|Q04_R03=7|Q04_R04=7|Q04_R05=7,1,POCOS_SEM_EVIDENCIA_DIRETA_DA_PERGUNTA,0,15.0,55.0,Q05_R02=7|Q05_R03=7|Q05_R04=7|Q05_R05=7|Q05_R06=7,SCALE_PRIMARY_O00_V1,2026-08-29,PIH_MS_V2.5_ESTABILIDADE_SENSIBILIDADE_V1,False,False
SCALE-500-O00-00226,500,O00,499.9999999999812,5,18,2,2,MULTIPLAS_UNIDADES_SUPERFICIAIS,Formação Serra Geral,Fraturada (Fr),2,EVIDENCIA_DIRETA_PRESENTE,4,16.666667,77.777778,Q01_R03=5|Q01_R05=5|Q01_R06=3|Q01_R02=1|Q01_R04=1,2,EVIDENCIA_DIRETA_PRESENTE,4,16.666667,77.777778,Q02_R02=5|Q02_R06=5|Q02_R07=5|Q02_R08=5|Q02_R03=3,2,EVIDENCIA_DIRETA_PRESENTE,1,16.666667,55.555556,Q03_R02=5|Q03_R05=5|Q03_R07=5|Q03_R08=5|Q03_R04=4,2,EVIDENCIA_DIRETA_PRESENTE,4,16.666667,77.777778,Q04_R03=5|Q04_R04=5|Q04_R05=3|Q04_R02=1,2,EVIDENCIA_DIRETA_PRESENTE,3,5.555556,77.777778,Q05_R02=5|Q05_R04=5|Q05_R06=5|Q05_R07=5|Q05_R05=3,SCALE_PRIMARY_O00_V1,2026-08-29,PIH_MS_V2.5_ESTABILIDADE_SENSIBILIDADE_V1,False,False
SCALE-500-O00-00227,500,O00,499.9999999999812,1,20,2,2,MULTIPLAS_UNIDADES_SUPERFICIAIS,Formação Serra Geral,Fraturada (Fr),1,POCOS_SEM_EVIDENCIA_DIRETA_DA_PERGUNTA,0,0.0,0.0,Q01_R02=1|Q01_R03=1|Q01_R04=1|Q01_R05=1|Q01_R06=1,1,POCOS_SEM_EVIDENCIA_DIRETA_DA_PERGUNTA,0,0.0,0.0,Q02_R02=1|Q02_R03=1|Q02_R04=1|Q02_R05=1|Q02_R06=1,1,POCOS_SEM_EVIDENCIA_DIRETA_DA_PERGUNTA,0,0.0,55.0,Q03_R02=1|Q03_R03=1|Q03_R04=1|Q03_R05=1|Q03_R06=1,1,POCOS_SEM_EVIDENCIA_DIRETA_DA_PERGUNTA,0,0.0,0.0,Q04_R02=1|Q04_R03=1|Q04_R04=1|Q04_R05=1,1,POCOS_SEM_EVIDENCIA_DIRETA_DA_PERGUNTA,0,0.0,50.0,Q05_R02=1|Q05_R03=1|Q05_R04=1|Q05_R05=1|Q05_R06=1,SCALE_PRIMARY_O00_V1,2026-08-29,PIH_MS_V2.5_ESTABILIDADE_SENSIBILIDADE_V1,False,False
SCALE-500-O00-00228,500,O00,499.9999999999812,0,21,2,2,MULTIPLAS_UNIDADES_SUPERFICIAIS,Grupo Caiuá,Granular (Gr),0,SEM_POCOS_NO_CONJUNTO_AUDITADO,0,0.0,52.380952,,0,SEM_POCOS_NO_CONJUNTO_AUDITADO,0,0.0,52.380952,,0,SEM_POCOS_NO_CONJUNTO_AUDITADO,0,0.0,52.380952,,0,SEM_POCOS_NO_CONJUNTO_AUDITADO,0,0.0,52.380952,,0,SEM_POCOS_NO_CONJUNTO_AUDITADO,0,0.0,52.380952,,SCALE_PRIMARY_O00_V1,2026-08-29,PIH_MS_V2.5_ESTABILIDADE_SENSIBILIDADE_V1,False,False
SCALE-500-O00-00229,500,O00,499.9999999999812,1,21,1,1,UMA_UNIDADE_SUPERFICIAL,Grupo Caiuá,Granular (Gr),2,EVIDENCIA_DIRETA_PRESENTE,1,4.761905,61.904762,Q01_R03=1|Q01_R05=1|Q01_R06=1,2,EVIDENCIA_DIRETA_PRESENTE,1,4.761905,61.904762,Q02_R02=1|Q02_R03=1|Q02_R04=1|Q02_R06=1|Q02_R07=1,1,POCOS_SEM_EVIDENCIA_DIRETA_DA_PERGUNTA,0,4.761905,61.904762,Q03_R02=1|Q03_R03=1|Q03_R04=1|Q03_R05=1|Q03_R06=1,2,EVIDENCIA_DIRETA_PRESENTE,1,4.761905,61.904762,Q04_R03=1|Q04_R04=1|Q04_R05=1,2,EVIDENCIA_DIRETA_PRESENTE,1,4.761905,57.142857,Q05_R02=1|Q05_R04=1|Q05_R05=1|Q05_R06=1|Q05_R07=1,SCALE_PRIMARY_O00_V1,2026-08-29,PIH_MS_V2.5_ESTABILIDADE_SENSIBILIDADE_V1,False,False
SCALE-500-O00-00230,500,O00,499.9999999999812,0,20,1,1,UMA_UNIDADE_SUPERFICIAL,Grupo Caiuá,Granular (Gr),0,SEM_POCOS_NO_CONJUNTO_AUDITADO,0,45.0,80.0,,0,SEM_POCOS_NO_CONJUNTO_AUDITADO,0,45.0,80.0,,0,SEM_POCOS_NO_CONJUNTO_AUDITADO,0,45.0,80.0,,0,SEM_POCOS_NO_CONJUNTO_AUDITADO,0,45.0,80.0,,0,SEM_POCOS_NO_CONJUNTO_AUDITADO,0,45.0,80.0,,SCALE_PRIMARY_O00_V1,2026-08-29,PIH_MS_V2.5_ESTABILIDADE_SENSIBILIDADE_V1,False,False
SCALE-500-O00-00231,500,O00,499.9999999999812,0,18,1,1,UMA_UNIDADE_SUPERFICIAL,Grupo Caiuá,Granular (Gr),0,SEM_POCOS_NO_CONJUNTO_AUDITADO,0,55.555556,38.888889,,0,SEM_POCOS_NO_CONJUNTO_AUDITADO,0,55.555556,38.888889,,0,SEM_POCOS_NO_CONJUNTO_AUDITADO,0,55.555556,38.888889,,0,SEM_POCOS_NO_CONJUNTO_AUDITADO,0,55.555556,38.888889,,0,SEM_POCOS_NO_CONJUNTO_AUDITADO,0,55.555556,38.888889,,SCALE_PRIMARY_O00_V1,2026-08-29,PIH_MS_V2.5_ESTABILIDADE_SENSIBILIDADE_V1,False,False
SCALE-500-O00-00232,500,O00,499.9999999999812,0,20,1,1,UMA_UNIDADE_SUPERFICIAL,Grupo Caiuá,Granular (Gr),0,SEM_POCOS_NO_CONJUNTO_AUDITADO,0,0.0,0.0,,0,SEM_POCOS_NO_CONJUNTO_AUDITADO,0,0.0,0.0,,0,SEM_POCOS_NO_CONJUNTO_AUDITADO,0,0.0,0.0,,0,SEM_POCOS_NO_CONJUNTO_AUDITADO,0,0.0,0.0,,0,SEM_POCOS_NO_CONJUNTO_AUDITADO,0,0.0,0.0,,SCALE_PRIMARY_O00_V1,2026-08-29,PIH_MS_V2.5_ESTABILIDADE_SENSIBILIDADE_V1,False,False
SCALE-500-O00-00233,500,O00,499.9999999999812,12,21,1,1,UMA_UNIDADE_SUPERFICIAL,Grupo Caiuá,Granular (Gr),2,EVIDENCIA_DIRETA_PRESENTE,12,14.285714,52.380952,Q01_R05=12|Q01_R03=11|Q01_R06=5,2,EVIDENCIA_DIRETA_PRESENTE,12,14.285714,52.380952,Q02_R02=12|Q02_R06=12|Q02_R07=12|Q02_R08=12|Q02_R03=5,2,EVIDENCIA_DIRETA_PRESENTE,5,9.52381,52.380952,Q03_R02=12|Q03_R07=12|Q03_R08=12|Q03_R05=9|Q03_R04=7,2,EVIDENCIA_DIRETA_PRESENTE,12,14.285714,52.380952,Q04_R03=12|Q04_R04=12|Q04_R05=5,2,EVIDENCIA_DIRETA_PRESENTE,10,9.52381,52.380952,Q05_R02=12|Q05_R04=12|Q05_R06=12|Q05_R07=12|Q05_R05=5,SCALE_PRIMARY_O00_V1,2026-08-29,PIH_MS_V2.5_ESTABILIDADE_SENSIBILIDADE_V1,False,False
SCALE-500-O00-00234,500,O00,499.9999999999812,0,21,1,1,UMA_UNIDADE_SUPERFICIAL,Grupo Caiuá,Granular (Gr),0,SEM_POCOS_NO_CONJUNTO_AUDITADO,0,19.047619,85.714286,,0,SEM_POCOS_NO_CONJUNTO_AUDITADO,0,19.047619,85.714286,,0,SEM_POCOS_NO_CONJUNTO_AUDITADO,0,19.047619,85.714286,,0,SEM_POCOS_NO_CONJUNTO_AUDITADO,0,19.047619,85.714286,,0,SEM_POCOS_NO_CONJUNTO_AUDITADO,0,19.047619,85.714286,,SCALE_PRIMARY_O00_V1,2026-08-29,PIH_MS_V2.5_ESTABILIDADE_SENSIBILIDADE_V1,False,False
SCALE-500-O00-00235,500,O00,499.9999999999812,0,20,1,1,UMA_UNIDADE_SUPERFICIAL,Grupo Caiuá,Granular (Gr),0,SEM_POCOS_NO_CONJUNTO_AUDITADO,0,0.0,10.0,,0,SEM_POCOS_NO_CONJUNTO_AUDITADO,0,0.0,10.0,,0,SEM_POCOS_NO_CONJUNTO_AUDITADO,0,0.0,10.0,,0,SEM_POCOS_NO_CONJUNTO_AUDITADO,0,0.0,10.0,,0,SEM_POCOS_NO_CONJUNTO_AUDITADO,0,0.0,10.0,,SCALE_PRIMARY_O00_V1,2026-08-29,PIH_MS_V2.5_ESTABILIDADE_SENSIBILIDADE_V1,False,False
SCALE-500-O00-00236,500,O00,499.9999999999812,10,18,1,1,UMA_UNIDADE_SUPERFICIAL,Grupo Caiuá,Granular (Gr),2,EVIDENCIA_DIRETA_PRESENTE,10,22.222222,77.777778,Q01_R05=10|Q01_R03=9|Q01_R06=9,2,EVIDENCIA_DIRETA_PRESENTE,6,11.111111,77.777778,Q02_R02=10|Q02_R06=10|Q02_R07=10|Q02_R08=10|Q02_R03=9,2,EVIDENCIA_DIRETA_PRESENTE,9,16.666667,77.777778,Q03_R02=10|Q03_R07=10|Q03_R08=10|Q03_R03=9|Q03_R05=9,2,EVIDENCIA_DIRETA_PRESENTE,10,22.222222,77.777778,Q04_R03=10|Q04_R04=10|Q04_R05=9,2,EVIDENCIA_DIRETA_PRESENTE,1,5.555556,44.444444,Q05_R02=10|Q05_R04=10|Q05_R06=10|Q05_R07=10|Q05_R03=9,SCALE_PRIMARY_O00_V1,2026-08-29,PIH_MS_V2.5_ESTABILIDADE_SENSIBILIDADE_V1,False,False
SCALE-500-O00-00237,500,O00,376.9254614177623,4,15,2,1,MULTIPLAS_UNIDADES_SUPERFICIAIS,Depósitos aluvionares,Granular (Gr),2,EVIDENCIA_DIRETA_PRESENTE,4,20.0,33.333333,Q01_R03=4|Q01_R05=4|Q01_R06=4,2,EVIDENCIA_DIRETA_PRESENTE,4,20.0,33.333333,Q02_R02=4|Q02_R03=4|Q02_R04=4|Q02_R05=4|Q02_R06=4,2,EVIDENCIA_DIRETA_PRESENTE,4,20.0,33.333333,Q03_R02=4|Q03_R03=4|Q03_R05=4|Q03_R07=4|Q03_R08=4,2,EVIDENCIA_DIRETA_PRESENTE,4,20.0,33.333333,Q04_R03=4|Q04_R04=4|Q04_R05=4,1,POCOS_SEM_EVIDENCIA_DIRETA_DA_PERGUNTA,0,0.0,0.0,Q05_R02=4|Q05_R03=4|Q05_R04=4|Q05_R05=4|Q05_R06=4,SCALE_PRIMARY_O00_V1,2026-08-29,PIH_MS_V2.5_ESTABILIDADE_SENSIBILIDADE_V1,False,False
SCALE-500-O00-00238,500,O00,302.80306292535545,0,13,2,1,MULTIPLAS_UNIDADES_SUPERFICIAIS,Formação Pantanal,Granular (Gr),0,SEM_POCOS_NO_CONJUNTO_AUDITADO,0,100.0,100.0,,0,SEM_POCOS_NO_CONJUNTO_AUDITADO,0,100.0,100.0,,0,SEM_POCOS_NO_CONJUNTO_AUDITADO,0,100.0,100.0,,0,SEM_POCOS_NO_CONJUNTO_AUDITADO,0,100.0,100.0,,0,SEM_POCOS_NO_CONJUNTO_AUDITADO,0,100.0,100.0,,SCALE_PRIMARY_O00_V1,2026-08-29,PIH_MS_V2.5_ESTABILIDADE_SENSIBILIDADE_V1,False,False
SCALE-500-O00-00239,500,O00,499.9999999999812,0,16,3,2,MULTIPLAS_UNIDADES_SUPERFICIAIS,Formação Pantanal,Granular (Gr),0,SEM_POCOS_NO_CONJUNTO_AUDITADO,0,100.0,100.0,,0,SEM_POCOS_NO_CONJUNTO_AUDITADO,0,100.0,100.0,,0,SEM_POCOS_NO_CONJUNTO_AUDITADO,0,100.0,100.0,,0,SEM_POCOS_NO_CONJUNTO_AUDITADO,0,100.0,100.0,,0,SEM_POCOS_NO_CONJUNTO_AUDITADO,0,100.0,100.0,,SCALE_PRIMARY_O00_V1,2026-08-29,PIH_MS_V2.5_ESTABILIDADE_SENSIBILIDADE_V1,False,False
SCALE-500-O00-00240,500,O00,499.9999999999812,0,20,2,2,MULTIPLAS_UNIDADES_SUPERFICIAIS,Formação Pantanal,Granular (Gr),0,SEM_POCOS_NO_CONJUNTO_AUDITADO,0,100.0,100.0,,0,SEM_POCOS_NO_CONJUNTO_AUDITADO,0,100.0,100.0,,0,SEM_POCOS_NO_CONJUNTO_AUDITADO,0,100.0,100.0,,0,SEM_POCOS_NO_CONJUNTO_AUDITADO,0,100.0,100.0,,0,SEM_POCOS_NO_CONJUNTO_AUDITADO,0,100.0,100.0,,SCALE_PRIMARY_O00_V1,2026-08-29,PIH_MS_V2.5_ESTABILIDADE_SENSIBILIDADE_V1,False,False
SCALE-500-O00-00241,500,O00,499.9999999999812,0,21,2,2,MULTIPLAS_UNIDADES_SUPERFICIAIS,Embasamento Indiferenciado,Fraturada (Fr),0,SEM_POCOS_NO_CONJUNTO_AUDITADO,0,100.0,100.0,,0,SEM_POCOS_NO_CONJUNTO_AUDITADO,0,100.0,100.0,,0,SEM_POCOS_NO_CONJUNTO_AUDITADO,0,100.0,100.0,,0,SEM_POCOS_NO_CONJUNTO_AUDITADO,0,100.0,100.0,,0,SEM_POCOS_NO_CONJUNTO_AUDITADO,0,100.0,100.0,,SCALE_PRIMARY_O00_V1,2026-08-29,PIH_MS_V2.5_ESTABILIDADE_SENSIBILIDADE_V1,False,False
SCALE-500-O00-00242,500,O00,499.9999999999812,0,21,3,3,MULTIPLAS_UNIDADES_SUPERFICIAIS,Embasamento Indiferenciado,Fraturada (Fr),0,SEM_POCOS_NO_CONJUNTO_AUDITADO,0,9.52381,100.0,,0,SEM_POCOS_NO_CONJUNTO_AUDITADO,0,9.52381,100.0,,0,SEM_POCOS_NO_CONJUNTO_AUDITADO,0,9.52381,100.0,,0,SEM_POCOS_NO_CONJUNTO_AUDITADO,0,9.52381,100.0,,0,SEM_POCOS_NO_CONJUNTO_AUDITADO,0,9.52381,100.0,,SCALE_PRIMARY_O00_V1,2026-08-29,PIH_MS_V2.5_ESTABILIDADE_SENSIBILIDADE_V1,False,False
SCALE-500-O00-00243,500,O00,499.9999999999812,2,21,2,2,MULTIPLAS_UNIDADES_SUPERFICIAIS,Grupo Corumbá,Cárstica (K),2,EVIDENCIA_DIRETA_PRESENTE,2,14.285714,57.142857,Q01_R03=2|Q01_R05=2|Q01_R06=2,2,EVIDENCIA_DIRETA_PRESENTE,2,14.285714,57.142857,Q02_R02=2|Q02_R03=2|Q02_R06=2|Q02_R07=2|Q02_R08=2,2,EVIDENCIA_DIRETA_PRESENTE,1,4.761905,57.142857,Q03_R02=2|Q03_R03=2|Q03_R05=2|Q03_R07=2|Q03_R08=2,2,EVIDENCIA_DIRETA_PRESENTE,2,14.285714,57.142857,Q04_R03=2|Q04_R04=2|Q04_R05=2,2,EVIDENCIA_DIRETA_PRESENTE,1,4.761905,57.142857,Q05_R02=2|Q05_R04=2|Q05_R05=2|Q05_R06=2|Q05_R07=2,SCALE_PRIMARY_O00_V1,2026-08-29,PIH_MS_V2.5_ESTABILIDADE_SENSIBILIDADE_V1,False,False
SCALE-500-O00-00244,500,O00,499.9999999999812,56,20,4,3,MULTIPLAS_UNIDADES_SUPERFICIAIS,Grupo Cuiaba,Fraturada (Fr),2,EVIDENCIA_DIRETA_PRESENTE,51,60.0,85.0,Q01_R03=56|Q01_R05=56|Q01_R06=13|Q01_R02=5|Q01_R04=1,2,EVIDENCIA_DIRETA_PRESENTE,51,60.0,85.0,Q02_R02=56|Q02_R06=56|Q02_R08=56|Q02_R07=55|Q02_R04=14,2,EVIDENCIA_DIRETA_PRESENTE,14,30.0,80.0,Q03_R02=56|Q03_R07=56|Q03_R08=56|Q03_R05=52|Q03_R06=43,2,EVIDENCIA_DIRETA_PRESENTE,55,65.0,90.0,Q04_R03=56|Q04_R04=56|Q04_R05=13|Q04_R02=1,2,EVIDENCIA_DIRETA_PRESENTE,42,55.0,85.0,Q05_R02=56|Q05_R04=56|Q05_R06=56|Q05_R07=56|Q05_R03=14,SCALE_PRIMARY_O00_V1,2026-08-29,PIH_MS_V2.5_ESTABILIDADE_SENSIBILIDADE_V1,False,False
SCALE-500-O00-00245,500,O00,499.9999999999812,0,16,3,2,MULTIPLAS_UNIDADES_SUPERFICIAIS,Formação Aquidauana,Granular (Gr),0,SEM_POCOS_NO_CONJUNTO_AUDITADO,0,0.0,0.0,,0,SEM_POCOS_NO_CONJUNTO_AUDITADO,0,0.0,0.0,,0,SEM_POCOS_NO_CONJUNTO_AUDITADO,0,0.0,0.0,,0,SEM_POCOS_NO_CONJUNTO_AUDITADO,0,0.0,0.0,,0,SEM_POCOS_NO_CONJUNTO_AUDITADO,0,0.0,0.0,,SCALE_PRIMARY_O00_V1,2026-08-29,PIH_MS_V2.5_ESTABILIDADE_SENSIBILIDADE_V1,False,False
SCALE-500-O00-00246,500,O00,499.9999999999812,2,21,2,1,MULTIPLAS_UNIDADES_SUPERFICIAIS,Formação Botucatu,Granular (Gr),2,EVIDENCIA_DIRETA_PRESENTE,2,23.809524,61.904762,Q01_R03=2|Q01_R05=2|Q01_R06=2,2,EVIDENCIA_DIRETA_PRESENTE,2,23.809524,61.904762,Q02_R02=2|Q02_R03=2|Q02_R06=2|Q02_R07=2|Q02_R08=2,1,POCOS_SEM_EVIDENCIA_DIRETA_DA_PERGUNTA,0,0.0,0.0,Q03_R02=2|Q03_R03=2|Q03_R04=2|Q03_R05=2|Q03_R06=2,2,EVIDENCIA_DIRETA_PRESENTE,2,23.809524,61.904762,Q04_R03=2|Q04_R04=2|Q04_R05=2,2,EVIDENCIA_DIRETA_PRESENTE,2,23.809524,61.904762,Q05_R02=2|Q05_R04=2|Q05_R05=2|Q05_R06=2|Q05_R07=2,SCALE_PRIMARY_O00_V1,2026-08-29,PIH_MS_V2.5_ESTABILIDADE_SENSIBILIDADE_V1,False,False
SCALE-500-O00-00247,500,O00,499.9999999999812,16,21,3,2,MULTIPLAS_UNIDADES_SUPERFICIAIS,Formação Botucatu,Granular (Gr),2,EVIDENCIA_DIRETA_PRESENTE,13,23.809524,19.047619,Q01_R05=16|Q01_R03=15|Q01_R06=15|Q01_R02=3|Q01_R04=2,2,EVIDENCIA_DIRETA_PRESENTE,13,23.809524,19.047619,Q02_R02=16|Q02_R06=16|Q02_R07=16|Q02_R08=16|Q02_R03=15,2,EVIDENCIA_DIRETA_PRESENTE,7,23.809524,95.238095,Q03_R02=16|Q03_R07=16|Q03_R08=16|Q03_R03=15|Q03_R05=13,2,EVIDENCIA_DIRETA_PRESENTE,14,23.809524,19.047619,Q04_R03=16|Q04_R04=16|Q04_R05=15|Q04_R02=2,2,EVIDENCIA_DIRETA_PRESENTE,10,23.809524,80.952381,Q05_R02=16|Q05_R04=16|Q05_R06=16|Q05_R07=16|Q05_R05=15,SCALE_PRIMARY_O00_V1,2026-08-29,PIH_MS_V2.5_ESTABILIDADE_SENSIBILIDADE_V1,False,False
SCALE-500-O00-00248,500,O00,499.9999999999812,0,21,1,1,UMA_UNIDADE_SUPERFICIAL,Formação Serra Geral,Fraturada (Fr),0,SEM_POCOS_NO_CONJUNTO_AUDITADO,0,0.0,0.0,,0,SEM_POCOS_NO_CONJUNTO_AUDITADO,0,0.0,0.0,,0,SEM_POCOS_NO_CONJUNTO_AUDITADO,0,0.0,0.0,,0,SEM_POCOS_NO_CONJUNTO_AUDITADO,0,0.0,0.0,,0,SEM_POCOS_NO_CONJUNTO_AUDITADO,0,0.0,0.0,,SCALE_PRIMARY_O00_V1,2026-08-29,PIH_MS_V2.5_ESTABILIDADE_SENSIBILIDADE_V1,False,False
SCALE-500-O00-00249,500,O00,499.9999999999812,10,20,2,2,MULTIPLAS_UNIDADES_SUPERFICIAIS,Formação Serra Geral,Fraturada (Fr),2,EVIDENCIA_DIRETA_PRESENTE,5,65.0,70.0,Q01_R03=10|Q01_R05=10|Q01_R06=8|Q01_R02=5|Q01_R04=5,2,EVIDENCIA_DIRETA_PRESENTE,5,65.0,70.0,Q02_R02=10|Q02_R04=10|Q02_R06=10|Q02_R07=10|Q02_R08=10,2,EVIDENCIA_DIRETA_PRESENTE,3,45.0,70.0,Q03_R02=10|Q03_R05=10|Q03_R07=10|Q03_R08=10|Q03_R06=8,2,EVIDENCIA_DIRETA_PRESENTE,5,65.0,70.0,Q04_R03=10|Q04_R04=10|Q04_R05=8|Q04_R02=5,2,EVIDENCIA_DIRETA_PRESENTE,1,20.0,0.0,Q05_R02=10|Q05_R04=10|Q05_R06=10|Q05_R07=10|Q05_R03=9,SCALE_PRIMARY_O00_V1,2026-08-29,PIH_MS_V2.5_ESTABILIDADE_SENSIBILIDADE_V1,False,False
SCALE-500-O00-00250,500,O00,499.9999999999812,16,16,2,2,MULTIPLAS_UNIDADES_SUPERFICIAIS,Formação Serra Geral,Fraturada (Fr),2,EVIDENCIA_DIRETA_PRESENTE,11,68.75,87.5,Q01_R03=16|Q01_R05=16|Q01_R06=10|Q01_R02=5|Q01_R04=5,2,EVIDENCIA_DIRETA_PRESENTE,11,68.75,87.5,Q02_R02=16|Q02_R04=16|Q02_R05=16|Q02_R06=16|Q02_R07=16,2,EVIDENCIA_DIRETA_PRESENTE,5,56.25,68.75,Q03_R02=16|Q03_R05=16|Q03_R07=16|Q03_R08=16|Q03_R06=12,2,EVIDENCIA_DIRETA_PRESENTE,11,68.75,87.5,Q04_R03=16|Q04_R04=16|Q04_R05=10|Q04_R02=5,1,POCOS_SEM_EVIDENCIA_DIRETA_DA_PERGUNTA,0,0.0,6.25,Q05_R02=16|Q05_R03=16|Q05_R04=16|Q05_R06=16|Q05_R07=16,SCALE_PRIMARY_O00_V1,2026-08-29,PIH_MS_V2.5_ESTABILIDADE_SENSIBILIDADE_V1,False,False
SCALE-500-O00-00251,500,O00,499.9999999999812,11,21,2,2,MULTIPLAS_UNIDADES_SUPERFICIAIS,Formação Serra Geral,Fraturada (Fr),2,EVIDENCIA_DIRETA_PRESENTE,4,57.142857,80.952381,Q01_R03=11|Q01_R05=11|Q01_R06=9|Q01_R02=7|Q01_R04=7,2,EVIDENCIA_DIRETA_PRESENTE,4,57.142857,80.952381,Q02_R02=11|Q02_R06=11|Q02_R07=11|Q02_R08=11|Q02_R04=10,2,EVIDENCIA_DIRETA_PRESENTE,2,28.571429,66.666667,Q03_R02=11|Q03_R07=11|Q03_R08=11|Q03_R05=10|Q03_R03=9,2,EVIDENCIA_DIRETA_PRESENTE,4,57.142857,80.952381,Q04_R03=11|Q04_R04=11|Q04_R05=9|Q04_R02=7,2,EVIDENCIA_DIRETA_PRESENTE,2,23.809524,28.571429,Q05_R02=11|Q05_R04=11|Q05_R06=11|Q05_R07=11|Q05_R03=9,SCALE_PRIMARY_O00_V1,2026-08-29,PIH_MS_V2.5_ESTABILIDADE_SENSIBILIDADE_V1,False,False
SCALE-500-O00-00252,500,O00,499.9999999999812,22,21,2,2,MULTIPLAS_UNIDADES_SUPERFICIAIS,Formação Serra Geral,Fraturada (Fr),2,EVIDENCIA_DIRETA_PRESENTE,1,4.761905,9.52381,Q01_R03=22|Q01_R05=22|Q01_R02=21|Q01_R04=21|Q01_R06=21,1,POCOS_SEM_EVIDENCIA_DIRETA_DA_PERGUNTA,0,0.0,71.428571,Q02_R02=22|Q02_R04=22|Q02_R05=22|Q02_R06=22|Q02_R07=22,2,EVIDENCIA_DIRETA_PRESENTE,1,4.761905,9.52381,Q03_R02=22|Q03_R05=22|Q03_R07=22|Q03_R08=22|Q03_R03=21,2,EVIDENCIA_DIRETA_PRESENTE,1,4.761905,9.52381,Q04_R03=22|Q04_R04=22|Q04_R02=21|Q04_R05=21,1,POCOS_SEM_EVIDENCIA_DIRETA_DA_PERGUNTA,0,71.428571,76.190476,Q05_R02=22|Q05_R03=22|Q05_R04=22|Q05_R06=22|Q05_R07=22,SCALE_PRIMARY_O00_V1,2026-08-29,PIH_MS_V2.5_ESTABILIDADE_SENSIBILIDADE_V1,False,False
SCALE-500-O00-00253,500,O00,499.9999999999812,1,21,2,2,MULTIPLAS_UNIDADES_SUPERFICIAIS,Grupo Caiuá,Granular (Gr),2,EVIDENCIA_DIRETA_PRESENTE,1,4.761905,14.285714,Q01_R03=1|Q01_R05=1|Q01_R06=1,2,EVIDENCIA_DIRETA_PRESENTE,1,4.761905,14.285714,Q02_R02=1|Q02_R03=1|Q02_R04=1|Q02_R05=1|Q02_R06=1,1,POCOS_SEM_EVIDENCIA_DIRETA_DA_PERGUNTA,0,9.52381,4.761905,Q03_R02=1|Q03_R03=1|Q03_R04=1|Q03_R05=1|Q03_R06=1,2,EVIDENCIA_DIRETA_PRESENTE,1,4.761905,14.285714,Q04_R03=1|Q04_R04=1|Q04_R05=1,1,POCOS_SEM_EVIDENCIA_DIRETA_DA_PERGUNTA,0,9.52381,4.761905,Q05_R02=1|Q05_R03=1|Q05_R04=1|Q05_R05=1|Q05_R06=1,SCALE_PRIMARY_O00_V1,2026-08-29,PIH_MS_V2.5_ESTABILIDADE_SENSIBILIDADE_V1,False,False
SCALE-500-O00-00254,500,O00,499.9999999999812,2,20,2,2,MULTIPLAS_UNIDADES_SUPERFICIAIS,Grupo Caiuá,Granular (Gr),1,POCOS_SEM_EVIDENCIA_DIRETA_DA_PERGUNTA,0,0.0,60.0,Q01_R02=2|Q01_R03=2|Q01_R04=2|Q01_R05=2|Q01_R06=2,1,POCOS_SEM_EVIDENCIA_DIRETA_DA_PERGUNTA,0,0.0,60.0,Q02_R02=2|Q02_R03=2|Q02_R04=2|Q02_R05=2|Q02_R06=2,1,POCOS_SEM_EVIDENCIA_DIRETA_DA_PERGUNTA,0,10.0,80.0,Q03_R02=2|Q03_R03=2|Q03_R04=2|Q03_R05=2|Q03_R06=2,1,POCOS_SEM_EVIDENCIA_DIRETA_DA_PERGUNTA,0,0.0,60.0,Q04_R02=2|Q04_R03=2|Q04_R04=2|Q04_R05=2,1,POCOS_SEM_EVIDENCIA_DIRETA_DA_PERGUNTA,0,10.0,80.0,Q05_R02=2|Q05_R03=2|Q05_R04=2|Q05_R05=2|Q05_R06=2,SCALE_PRIMARY_O00_V1,2026-08-29,PIH_MS_V2.5_ESTABILIDADE_SENSIBILIDADE_V1,False,False
SCALE-500-O00-00255,500,O00,499.9999999999812,1,16,2,2,MULTIPLAS_UNIDADES_SUPERFICIAIS,Grupo Caiuá,Granular (Gr),2,EVIDENCIA_DIRETA_PRESENTE,1,0.0,56.25,Q01_R03=1|Q01_R05=1|Q01_R06=1,2,EVIDENCIA_DIRETA_PRESENTE,1,0.0,56.25,Q02_R02=1|Q02_R03=1|Q02_R04=1|Q02_R05=1|Q02_R06=1,1,POCOS_SEM_EVIDENCIA_DIRETA_DA_PERGUNTA,0,0.0,68.75,Q03_R02=1|Q03_R03=1|Q03_R04=1|Q03_R05=1|Q03_R06=1,2,EVIDENCIA_DIRETA_PRESENTE,1,0.0,56.25,Q04_R03=1|Q04_R04=1|Q04_R05=1,1,POCOS_SEM_EVIDENCIA_DIRETA_DA_PERGUNTA,0,0.0,62.5,Q05_R02=1|Q05_R03=1|Q05_R04=1|Q05_R05=1|Q05_R06=1,SCALE_PRIMARY_O00_V1,2026-08-29,PIH_MS_V2.5_ESTABILIDADE_SENSIBILIDADE_V1,False,False
SCALE-500-O00-00256,500,O00,499.9999999999812,3,20,1,1,UMA_UNIDADE_SUPERFICIAL,Grupo Caiuá,Granular (Gr),1,POCOS_SEM_EVIDENCIA_DIRETA_DA_PERGUNTA,0,30.0,0.0,Q01_R02=3|Q01_R03=3|Q01_R04=3|Q01_R05=3|Q01_R06=3,1,POCOS_SEM_EVIDENCIA_DIRETA_DA_PERGUNTA,0,30.0,0.0,Q02_R02=3|Q02_R03=3|Q02_R04=3|Q02_R05=3|Q02_R06=3,1,POCOS_SEM_EVIDENCIA_DIRETA_DA_PERGUNTA,0,35.0,80.0,Q03_R02=3|Q03_R03=3|Q03_R04=3|Q03_R05=3|Q03_R06=3,1,POCOS_SEM_EVIDENCIA_DIRETA_DA_PERGUNTA,0,30.0,0.0,Q04_R02=3|Q04_R03=3|Q04_R04=3|Q04_R05=3,1,POCOS_SEM_EVIDENCIA_DIRETA_DA_PERGUNTA,0,30.0,25.0,Q05_R02=3|Q05_R03=3|Q05_R04=3|Q05_R05=3|Q05_R06=3,SCALE_PRIMARY_O00_V1,2026-08-29,PIH_MS_V2.5_ESTABILIDADE_SENSIBILIDADE_V1,False,False
SCALE-500-O00-00257,500,O00,499.9999999999812,0,21,1,1,UMA_UNIDADE_SUPERFICIAL,Grupo Caiuá,Granular (Gr),0,SEM_POCOS_NO_CONJUNTO_AUDITADO,0,0.0,9.52381,,0,SEM_POCOS_NO_CONJUNTO_AUDITADO,0,0.0,9.52381,,0,SEM_POCOS_NO_CONJUNTO_AUDITADO,0,0.0,9.52381,,0,SEM_POCOS_NO_CONJUNTO_AUDITADO,0,0.0,9.52381,,0,SEM_POCOS_NO_CONJUNTO_AUDITADO,0,0.0,9.52381,,SCALE_PRIMARY_O00_V1,2026-08-29,PIH_MS_V2.5_ESTABILIDADE_SENSIBILIDADE_V1,False,False
SCALE-500-O00-00258,500,O00,499.9999999999812,5,21,1,1,UMA_UNIDADE_SUPERFICIAL,Grupo Caiuá,Granular (Gr),2,EVIDENCIA_DIRETA_PRESENTE,4,9.52381,66.666667,Q01_R03=5|Q01_R05=5|Q01_R06=5|Q01_R02=1|Q01_R04=1,2,EVIDENCIA_DIRETA_PRESENTE,4,9.52381,66.666667,Q02_R02=5|Q02_R03=5|Q02_R04=5|Q02_R05=5|Q02_R06=5,2,EVIDENCIA_DIRETA_PRESENTE,4,9.52381,66.666667,Q03_R02=5|Q03_R03=5|Q03_R05=5|Q03_R07=5|Q03_R08=5,2,EVIDENCIA_DIRETA_PRESENTE,4,9.52381,66.666667,Q04_R03=5|Q04_R04=5|Q04_R05=5|Q04_R02=1,1,POCOS_SEM_EVIDENCIA_DIRETA_DA_PERGUNTA,0,19.047619,85.714286,Q05_R02=5|Q05_R03=5|Q05_R04=5|Q05_R05=5|Q05_R06=5,SCALE_PRIMARY_O00_V1,2026-08-29,PIH_MS_V2.5_ESTABILIDADE_SENSIBILIDADE_V1,False,False
SCALE-500-O00-00259,500,O00,499.9999999999812,0,20,1,1,UMA_UNIDADE_SUPERFICIAL,Grupo Caiuá,Granular (Gr),0,SEM_POCOS_NO_CONJUNTO_AUDITADO,0,15.0,65.0,,0,SEM_POCOS_NO_CONJUNTO_AUDITADO,0,15.0,65.0,,0,SEM_POCOS_NO_CONJUNTO_AUDITADO,0,15.0,65.0,,0,SEM_POCOS_NO_CONJUNTO_AUDITADO,0,15.0,65.0,,0,SEM_POCOS_NO_CONJUNTO_AUDITADO,0,15.0,65.0,,SCALE_PRIMARY_O00_V1,2026-08-29,PIH_MS_V2.5_ESTABILIDADE_SENSIBILIDADE_V1,False,False
SCALE-500-O00-00260,500,O00,499.9999999999812,0,16,1,1,UMA_UNIDADE_SUPERFICIAL,Grupo Caiuá,Granular (Gr),0,SEM_POCOS_NO_CONJUNTO_AUDITADO,0,0.0,12.5,,0,SEM_POCOS_NO_CONJUNTO_AUDITADO,0,0.0,12.5,,0,SEM_POCOS_NO_CONJUNTO_AUDITADO,0,0.0,12.5,,0,SEM_POCOS_NO_CONJUNTO_AUDITADO,0,0.0,12.5,,0,SEM_POCOS_NO_CONJUNTO_AUDITADO,0,0.0,12.5,,SCALE_PRIMARY_O00_V1,2026-08-29,PIH_MS_V2.5_ESTABILIDADE_SENSIBILIDADE_V1,False,False
SCALE-500-O00-00261,500,O00,499.9999999999812,3,20,1,1,UMA_UNIDADE_SUPERFICIAL,Grupo Caiuá,Granular (Gr),2,EVIDENCIA_DIRETA_PRESENTE,1,10.0,50.0,Q01_R03=3|Q01_R05=3|Q01_R06=3|Q01_R02=2|Q01_R04=1,2,EVIDENCIA_DIRETA_PRESENTE,1,10.0,50.0,Q02_R02=3|Q02_R03=3|Q02_R04=3|Q02_R05=3|Q02_R06=3,2,EVIDENCIA_DIRETA_PRESENTE,1,10.0,50.0,Q03_R02=3|Q03_R03=3|Q03_R05=3|Q03_R06=3|Q03_R07=3,2,EVIDENCIA_DIRETA_PRESENTE,2,15.0,50.0,Q04_R03=3|Q04_R04=3|Q04_R05=3|Q04_R02=1,1,POCOS_SEM_EVIDENCIA_DIRETA_DA_PERGUNTA,0,15.0,50.0,Q05_R02=3|Q05_R03=3|Q05_R04=3|Q05_R05=3|Q05_R06=3,SCALE_PRIMARY_O00_V1,2026-08-29,PIH_MS_V2.5_ESTABILIDADE_SENSIBILIDADE_V1,False,False
SCALE-500-O00-00262,500,O00,499.9999999999812,3,21,1,1,UMA_UNIDADE_SUPERFICIAL,Grupo Caiuá,Granular (Gr),2,EVIDENCIA_DIRETA_PRESENTE,3,42.857143,85.714286,Q01_R03=3|Q01_R05=3|Q01_R06=3,2,EVIDENCIA_DIRETA_PRESENTE,3,42.857143,85.714286,Q02_R02=3|Q02_R03=3|Q02_R04=3|Q02_R05=3|Q02_R06=3,2,EVIDENCIA_DIRETA_PRESENTE,3,42.857143,85.714286,Q03_R02=3|Q03_R03=3|Q03_R05=3|Q03_R07=3|Q03_R08=3,2,EVIDENCIA_DIRETA_PRESENTE,3,42.857143,85.714286,Q04_R03=3|Q04_R04=3|Q04_R05=3,1,POCOS_SEM_EVIDENCIA_DIRETA_DA_PERGUNTA,0,0.0,71.428571,Q05_R02=3|Q05_R03=3|Q05_R04=3|Q05_R05=3|Q05_R06=3,SCALE_PRIMARY_O00_V1,2026-08-29,PIH_MS_V2.5_ESTABILIDADE_SENSIBILIDADE_V1,False,False
SCALE-500-O00-00263,500,O00,499.9999999999812,25,21,2,1,MULTIPLAS_UNIDADES_SUPERFICIAIS,Grupo Caiuá,Granular (Gr),2,EVIDENCIA_DIRETA_PRESENTE,25,42.857143,95.238095,Q01_R03=25|Q01_R05=25|Q01_R06=14,2,EVIDENCIA_DIRETA_PRESENTE,23,33.333333,95.238095,Q02_R02=25|Q02_R06=25|Q02_R07=25|Q02_R08=25|Q02_R04=18,2,EVIDENCIA_DIRETA_PRESENTE,16,42.857143,95.238095,Q03_R02=25|Q03_R07=25|Q03_R08=25|Q03_R05=21|Q03_R03=14,2,EVIDENCIA_DIRETA_PRESENTE,25,42.857143,95.238095,Q04_R03=25|Q04_R04=25|Q04_R05=14,2,EVIDENCIA_DIRETA_PRESENTE,13,28.571429,14.285714,Q05_R02=25|Q05_R04=25|Q05_R06=25|Q05_R07=25|Q05_R05=14,SCALE_PRIMARY_O00_V1,2026-08-29,PIH_MS_V2.5_ESTABILIDADE_SENSIBILIDADE_V1,False,False
SCALE-500-O00-00264,500,O00,203.53215461559725,0,7,2,1,MULTIPLAS_UNIDADES_SUPERFICIAIS,Depósitos aluvionares,Granular (Gr),0,SEM_POCOS_NO_CONJUNTO_AUDITADO,0,0.0,0.0,,0,SEM_POCOS_NO_CONJUNTO_AUDITADO,0,0.0,0.0,,0,SEM_POCOS_NO_CONJUNTO_AUDITADO,0,0.0,0.0,,0,SEM_POCOS_NO_CONJUNTO_AUDITADO,0,0.0,0.0,,0,SEM_POCOS_NO_CONJUNTO_AUDITADO,0,0.0,0.0,,SCALE_PRIMARY_O00_V1,2026-08-29,PIH_MS_V2.5_ESTABILIDADE_SENSIBILIDADE_V1,False,False
SCALE-500-O00-00265,500,O00,58.518228614079824,0,2,2,1,MULTIPLAS_UNIDADES_SUPERFICIAIS,Depósitos aluvionares,Granular (Gr),0,SEM_POCOS_NO_CONJUNTO_AUDITADO,0,100.0,100.0,,0,SEM_POCOS_NO_CONJUNTO_AUDITADO,0,100.0,100.0,,0,SEM_POCOS_NO_CONJUNTO_AUDITADO,0,100.0,100.0,,0,SEM_POCOS_NO_CONJUNTO_AUDITADO,0,100.0,100.0,,0,SEM_POCOS_NO_CONJUNTO_AUDITADO,0,100.0,100.0,,SCALE_PRIMARY_O00_V1,2026-08-29,PIH_MS_V2.5_ESTABILIDADE_SENSIBILIDADE_V1,False,False
SCALE-500-O00-00266,500,O00,492.15634980504774,0,19,2,1,MULTIPLAS_UNIDADES_SUPERFICIAIS,Formação Pantanal,Granular (Gr),0,SEM_POCOS_NO_CONJUNTO_AUDITADO,0,100.0,100.0,,0,SEM_POCOS_NO_CONJUNTO_AUDITADO,0,100.0,100.0,,0,SEM_POCOS_NO_CONJUNTO_AUDITADO,0,100.0,100.0,,0,SEM_POCOS_NO_CONJUNTO_AUDITADO,0,100.0,100.0,,0,SEM_POCOS_NO_CONJUNTO_AUDITADO,0,100.0,100.0,,SCALE_PRIMARY_O00_V1,2026-08-29,PIH_MS_V2.5_ESTABILIDADE_SENSIBILIDADE_V1,False,False
SCALE-500-O00-00267,500,O00,499.9999999999812,0,20,3,2,MULTIPLAS_UNIDADES_SUPERFICIAIS,Formação Pantanal,Granular (Gr),0,SEM_POCOS_NO_CONJUNTO_AUDITADO,0,100.0,100.0,,0,SEM_POCOS_NO_CONJUNTO_AUDITADO,0,100.0,100.0,,0,SEM_POCOS_NO_CONJUNTO_AUDITADO,0,100.0,100.0,,0,SEM_POCOS_NO_CONJUNTO_AUDITADO,0,100.0,100.0,,0,SEM_POCOS_NO_CONJUNTO_AUDITADO,0,100.0,100.0,,SCALE_PRIMARY_O00_V1,2026-08-29,PIH_MS_V2.5_ESTABILIDADE_SENSIBILIDADE_V1,False,False
SCALE-500-O00-00268,500,O00,499.9999999999812,0,20,2,2,MULTIPLAS_UNIDADES_SUPERFICIAIS,Embasamento Indiferenciado,Fraturada (Fr),0,SEM_POCOS_NO_CONJUNTO_AUDITADO,0,85.0,100.0,,0,SEM_POCOS_NO_CONJUNTO_AUDITADO,0,85.0,100.0,,0,SEM_POCOS_NO_CONJUNTO_AUDITADO,0,85.0,100.0,,0,SEM_POCOS_NO_CONJUNTO_AUDITADO,0,85.0,100.0,,0,SEM_POCOS_NO_CONJUNTO_AUDITADO,0,85.0,100.0,,SCALE_PRIMARY_O00_V1,2026-08-29,PIH_MS_V2.5_ESTABILIDADE_SENSIBILIDADE_V1,False,False
SCALE-500-O00-00269,500,O00,499.9999999999812,0,18,3,2,MULTIPLAS_UNIDADES_SUPERFICIAIS,Embasamento Indiferenciado,Fraturada (Fr),0,SEM_POCOS_NO_CONJUNTO_AUDITADO,0,0.0,38.888889,,0,SEM_POCOS_NO_CONJUNTO_AUDITADO,0,0.0,38.888889,,0,SEM_POCOS_NO_CONJUNTO_AUDITADO,0,0.0,38.888889,,0,SEM_POCOS_NO_CONJUNTO_AUDITADO,0,0.0,38.888889,,0,SEM_POCOS_NO_CONJUNTO_AUDITADO,0,0.0,38.888889,,SCALE_PRIMARY_O00_V1,2026-08-29,PIH_MS_V2.5_ESTABILIDADE_SENSIBILIDADE_V1,False,False
SCALE-500-O00-00270,500,O00,499.9999999999812,0,21,2,2,MULTIPLAS_UNIDADES_SUPERFICIAIS,Grupo Corumbá,Cárstica (K),0,SEM_POCOS_NO_CONJUNTO_AUDITADO,0,0.0,14.285714,,0,SEM_POCOS_NO_CONJUNTO_AUDITADO,0,0.0,14.285714,,0,SEM_POCOS_NO_CONJUNTO_AUDITADO,0,0.0,14.285714,,0,SEM_POCOS_NO_CONJUNTO_AUDITADO,0,0.0,14.285714,,0,SEM_POCOS_NO_CONJUNTO_AUDITADO,0,0.0,14.285714,,SCALE_PRIMARY_O00_V1,2026-08-29,PIH_MS_V2.5_ESTABILIDADE_SENSIBILIDADE_V1,False,False
SCALE-500-O00-00271,500,O00,499.9999999999812,3,20,3,2,MULTIPLAS_UNIDADES_SUPERFICIAIS,Grupo Corumbá,Cárstica (K),1,POCOS_SEM_EVIDENCIA_DIRETA_DA_PERGUNTA,0,15.0,45.0,Q01_R02=3|Q01_R03=3|Q01_R05=3|Q01_R06=2|Q01_R04=1,1,POCOS_SEM_EVIDENCIA_DIRETA_DA_PERGUNTA,0,15.0,45.0,Q02_R02=3|Q02_R04=3|Q02_R05=3|Q02_R06=3|Q02_R07=3,2,EVIDENCIA_DIRETA_PRESENTE,1,10.0,65.0,Q03_R02=3|Q03_R05=3|Q03_R07=3|Q03_R08=3|Q03_R04=2,2,EVIDENCIA_DIRETA_PRESENTE,2,15.0,65.0,Q04_R03=3|Q04_R04=3|Q04_R05=2|Q04_R02=1,1,POCOS_SEM_EVIDENCIA_DIRETA_DA_PERGUNTA,0,15.0,45.0,Q05_R02=3|Q05_R03=3|Q05_R04=3|Q05_R06=3|Q05_R07=3,SCALE_PRIMARY_O00_V1,2026-08-29,PIH_MS_V2.5_ESTABILIDADE_SENSIBILIDADE_V1,False,False
SCALE-500-O00-00272,500,O00,499.9999999999812,0,20,3,3,MULTIPLAS_UNIDADES_SUPERFICIAIS,Grupo Cuiaba,Fraturada (Fr),0,SEM_POCOS_NO_CONJUNTO_AUDITADO,0,0.0,0.0,,0,SEM_POCOS_NO_CONJUNTO_AUDITADO,0,0.0,0.0,,0,SEM_POCOS_NO_CONJUNTO_AUDITADO,0,0.0,0.0,,0,SEM_POCOS_NO_CONJUNTO_AUDITADO,0,0.0,0.0,,0,SEM_POCOS_NO_CONJUNTO_AUDITADO,0,0.0,0.0,,SCALE_PRIMARY_O00_V1,2026-08-29,PIH_MS_V2.5_ESTABILIDADE_SENSIBILIDADE_V1,False,False
SCALE-500-O00-00273,500,O00,499.9999999999812,1,20,2,1,MULTIPLAS_UNIDADES_SUPERFICIAIS,Formação Aquidauana,Granular (Gr),2,EVIDENCIA_DIRETA_PRESENTE,1,0.0,15.0,Q01_R03=1|Q01_R05=1|Q01_R06=1,2,EVIDENCIA_DIRETA_PRESENTE,1,0.0,15.0,Q02_R02=1|Q02_R03=1|Q02_R04=1|Q02_R06=1|Q02_R07=1,2,EVIDENCIA_DIRETA_PRESENTE,1,0.0,10.0,Q03_R02=1|Q03_R03=1|Q03_R07=1|Q03_R08=1,2,EVIDENCIA_DIRETA_PRESENTE,1,0.0,15.0,Q04_R03=1|Q04_R04=1|Q04_R05=1,2,EVIDENCIA_DIRETA_PRESENTE,1,0.0,15.0,Q05_R02=1|Q05_R04=1|Q05_R05=1|Q05_R06=1|Q05_R07=1,SCALE_PRIMARY_O00_V1,2026-08-29,PIH_MS_V2.5_ESTABILIDADE_SENSIBILIDADE_V1,False,False
SCALE-500-O00-00274,500,O00,499.9999999999812,3,21,2,1,MULTIPLAS_UNIDADES_SUPERFICIAIS,Formação Aquidauana,Granular (Gr),1,POCOS_SEM_EVIDENCIA_DIRETA_DA_PERGUNTA,0,0.0,52.380952,Q01_R02=3|Q01_R03=3|Q01_R04=3|Q01_R05=3|Q01_R06=3,1,POCOS_SEM_EVIDENCIA_DIRETA_DA_PERGUNTA,0,0.0,52.380952,Q02_R02=3|Q02_R03=3|Q02_R04=3|Q02_R05=3|Q02_R06=3,1,POCOS_SEM_EVIDENCIA_DIRETA_DA_PERGUNTA,0,0.0,52.380952,Q03_R02=3|Q03_R03=3|Q03_R04=3|Q03_R05=3|Q03_R06=3,1,POCOS_SEM_EVIDENCIA_DIRETA_DA_PERGUNTA,0,0.0,52.380952,Q04_R02=3|Q04_R03=3|Q04_R04=3|Q04_R05=3,1,POCOS_SEM_EVIDENCIA_DIRETA_DA_PERGUNTA,0,0.0,52.380952,Q05_R02=3|Q05_R03=3|Q05_R04=3|Q05_R05=3|Q05_R06=3,SCALE_PRIMARY_O00_V1,2026-08-29,PIH_MS_V2.5_ESTABILIDADE_SENSIBILIDADE_V1,False,False
SCALE-500-O00-00275,500,O00,499.9999999999812,1,18,2,2,MULTIPLAS_UNIDADES_SUPERFICIAIS,Formação Botucatu,Granular (Gr),2,EVIDENCIA_DIRETA_PRESENTE,1,5.555556,5.555556,Q01_R03=1|Q01_R05=1|Q01_R06=1,2,EVIDENCIA_DIRETA_PRESENTE,1,5.555556,5.555556,Q02_R02=1|Q02_R03=1|Q02_R06=1|Q02_R07=1|Q02_R08=1,1,POCOS_SEM_EVIDENCIA_DIRETA_DA_PERGUNTA,0,5.555556,5.555556,Q03_R02=1|Q03_R03=1|Q03_R04=1|Q03_R05=1|Q03_R06=1,2,EVIDENCIA_DIRETA_PRESENTE,1,5.555556,5.555556,Q04_R03=1|Q04_R04=1|Q04_R05=1,2,EVIDENCIA_DIRETA_PRESENTE,1,5.555556,16.666667,Q05_R02=1|Q05_R04=1|Q05_R05=1|Q05_R06=1|Q05_R07=1,SCALE_PRIMARY_O00_V1,2026-08-29,PIH_MS_V2.5_ESTABILIDADE_SENSIBILIDADE_V1,False,False
SCALE-500-O00-00276,500,O00,499.9999999999812,3,20,2,2,MULTIPLAS_UNIDADES_SUPERFICIAIS,Formação Serra Geral,Fraturada (Fr),2,EVIDENCIA_DIRETA_PRESENTE,3,15.0,75.0,Q01_R03=3|Q01_R05=3|Q01_R06=2,2,EVIDENCIA_DIRETA_PRESENTE,3,15.0,75.0,Q02_R02=3|Q02_R04=3|Q02_R05=3|Q02_R06=3|Q02_R07=3,2,EVIDENCIA_DIRETA_PRESENTE,3,15.0,50.0,Q03_R02=3|Q03_R05=3|Q03_R07=3|Q03_R08=3|Q03_R03=2,2,EVIDENCIA_DIRETA_PRESENTE,3,15.0,75.0,Q04_R03=3|Q04_R04=3|Q04_R05=2,1,POCOS_SEM_EVIDENCIA_DIRETA_DA_PERGUNTA,0,15.0,50.0,Q05_R02=3|Q05_R03=3|Q05_R04=3|Q05_R06=3|Q05_R07=3,SCALE_PRIMARY_O00_V1,2026-08-29,PIH_MS_V2.5_ESTABILIDADE_SENSIBILIDADE_V1,False,False
SCALE-500-O00-00277,500,O00,499.9999999999812,12,20,2,2,MULTIPLAS_UNIDADES_SUPERFICIAIS,Formação Serra Geral,Fraturada (Fr),2,EVIDENCIA_DIRETA_PRESENTE,8,55.0,100.0,Q01_R03=12|Q01_R05=12|Q01_R06=7|Q01_R02=4|Q01_R04=4,2,EVIDENCIA_DIRETA_PRESENTE,8,55.0,100.0,Q02_R02=12|Q02_R04=12|Q02_R05=12|Q02_R06=12|Q02_R07=12,2,EVIDENCIA_DIRETA_PRESENTE,6,55.0,100.0,Q03_R02=12|Q03_R05=12|Q03_R07=12|Q03_R08=12|Q03_R06=8,2,EVIDENCIA_DIRETA_PRESENTE,8,55.0,100.0,Q04_R03=12|Q04_R04=12|Q04_R05=7|Q04_R02=4,1,POCOS_SEM_EVIDENCIA_DIRETA_DA_PERGUNTA,0,5.0,75.0,Q05_R02=12|Q05_R03=12|Q05_R04=12|Q05_R06=12|Q05_R07=12,SCALE_PRIMARY_O00_V1,2026-08-29,PIH_MS_V2.5_ESTABILIDADE_SENSIBILIDADE_V1,False,False
SCALE-500-O00-00278,500,O00,499.9999999999812,68,20,1,1,UMA_UNIDADE_SUPERFICIAL,Formação Serra Geral,Fraturada (Fr),2,EVIDENCIA_DIRETA_PRESENTE,55,95.0,100.0,Q01_R03=68|Q01_R05=68|Q01_R06=28|Q01_R02=13|Q01_R04=10,2,EVIDENCIA_DIRETA_PRESENTE,54,95.0,100.0,Q02_R02=68|Q02_R06=68|Q02_R07=68|Q02_R08=68|Q02_R04=56,2,EVIDENCIA_DIRETA_PRESENTE,40,95.0,100.0,Q03_R02=68|Q03_R07=68|Q03_R08=68|Q03_R05=62|Q03_R06=33,2,EVIDENCIA_DIRETA_PRESENTE,58,95.0,100.0,Q04_R03=68|Q04_R04=68|Q04_R05=28|Q04_R02=10,2,EVIDENCIA_DIRETA_PRESENTE,19,30.0,80.0,Q05_R02=68|Q05_R04=68|Q05_R06=68|Q05_R07=68|Q05_R03=49,SCALE_PRIMARY_O00_V1,2026-08-29,PIH_MS_V2.5_ESTABILIDADE_SENSIBILIDADE_V1,False,False
SCALE-500-O00-00279,500,O00,499.9999999999812,9,21,2,2,MULTIPLAS_UNIDADES_SUPERFICIAIS,Formação Serra Geral,Fraturada (Fr),2,EVIDENCIA_DIRETA_PRESENTE,3,33.333333,95.238095,Q01_R03=9|Q01_R05=9|Q01_R02=6|Q01_R04=6|Q01_R06=6,2,EVIDENCIA_DIRETA_PRESENTE,3,33.333333,85.714286,Q02_R02=9|Q02_R04=9|Q02_R05=9|Q02_R06=9|Q02_R07=9,2,EVIDENCIA_DIRETA_PRESENTE,3,33.333333,95.238095,Q03_R02=9|Q03_R05=9|Q03_R07=9|Q03_R08=9|Q03_R06=8,2,EVIDENCIA_DIRETA_PRESENTE,3,47.619048,95.238095,Q04_R03=9|Q04_R04=9|Q04_R02=6|Q04_R05=6,1,POCOS_SEM_EVIDENCIA_DIRETA_DA_PERGUNTA,0,61.904762,71.428571,Q05_R02=9|Q05_R03=9|Q05_R04=9|Q05_R06=9|Q05_R07=9,SCALE_PRIMARY_O00_V1,2026-08-29,PIH_MS_V2.5_ESTABILIDADE_SENSIBILIDADE_V1,False,False
SCALE-500-O00-00280,500,O00,499.9999999999812,10,18,2,2,MULTIPLAS_UNIDADES_SUPERFICIAIS,Formação Serra Geral,Fraturada (Fr),2,EVIDENCIA_DIRETA_PRESENTE,7,27.777778,72.222222,Q01_R03=10|Q01_R05=10|Q01_R06=6|Q01_R02=3|Q01_R04=2,2,EVIDENCIA_DIRETA_PRESENTE,6,22.222222,72.222222,Q02_R02=10|Q02_R06=10|Q02_R07=10|Q02_R08=10|Q02_R04=9,2,EVIDENCIA_DIRETA_PRESENTE,5,22.222222,72.222222,Q03_R02=10|Q03_R07=10|Q03_R08=10|Q03_R05=8|Q03_R03=6,2,EVIDENCIA_DIRETA_PRESENTE,8,33.333333,72.222222,Q04_R03=10|Q04_R04=10|Q04_R05=6|Q04_R02=2,2,EVIDENCIA_DIRETA_PRESENTE,4,22.222222,55.555556,Q05_R02=10|Q05_R04=10|Q05_R06=10|Q05_R07=10|Q05_R03=6,SCALE_PRIMARY_O00_V1,2026-08-29,PIH_MS_V2.5_ESTABILIDADE_SENSIBILIDADE_V1,False,False
SCALE-500-O00-00281,500,O00,499.9999999999812,1,20,2,2,MULTIPLAS_UNIDADES_SUPERFICIAIS,Grupo Caiuá,Granular (Gr),1,POCOS_SEM_EVIDENCIA_DIRETA_DA_PERGUNTA,0,0.0,0.0,Q01_R02=1|Q01_R03=1|Q01_R04=1|Q01_R05=1|Q01_R06=1,1,POCOS_SEM_EVIDENCIA_DIRETA_DA_PERGUNTA,0,0.0,0.0,Q02_R02=1|Q02_R03=1|Q02_R04=1|Q02_R05=1|Q02_R06=1,1,POCOS_SEM_EVIDENCIA_DIRETA_DA_PERGUNTA,0,0.0,0.0,Q03_R02=1|Q03_R03=1|Q03_R04=1|Q03_R05=1|Q03_R06=1,1,POCOS_SEM_EVIDENCIA_DIRETA_DA_PERGUNTA,0,0.0,0.0,Q04_R02=1|Q04_R03=1|Q04_R04=1|Q04_R05=1,1,POCOS_SEM_EVIDENCIA_DIRETA_DA_PERGUNTA,0,0.0,0.0,Q05_R02=1|Q05_R03=1|Q05_R04=1|Q05_R05=1|Q05_R06=1,SCALE_PRIMARY_O00_V1,2026-08-29,PIH_MS_V2.5_ESTABILIDADE_SENSIBILIDADE_V1,False,False
SCALE-500-O00-00282,500,O00,499.9999999999812,0,20,2,2,MULTIPLAS_UNIDADES_SUPERFICIAIS,Grupo Caiuá,Granular (Gr),0,SEM_POCOS_NO_CONJUNTO_AUDITADO,0,80.0,55.0,,0,SEM_POCOS_NO_CONJUNTO_AUDITADO,0,80.0,55.0,,0,SEM_POCOS_NO_CONJUNTO_AUDITADO,0,80.0,55.0,,0,SEM_POCOS_NO_CONJUNTO_AUDITADO,0,80.0,55.0,,0,SEM_POCOS_NO_CONJUNTO_AUDITADO,0,80.0,55.0,,SCALE_PRIMARY_O00_V1,2026-08-29,PIH_MS_V2.5_ESTABILIDADE_SENSIBILIDADE_V1,False,False
SCALE-500-O00-00283,500,O00,499.9999999999812,2,20,1,1,UMA_UNIDADE_SUPERFICIAL,Grupo Caiuá,Granular (Gr),2,EVIDENCIA_DIRETA_PRESENTE,1,0.0,65.0,Q01_R03=2|Q01_R05=2|Q01_R06=2|Q01_R02=1|Q01_R04=1,2,EVIDENCIA_DIRETA_PRESENTE,1,0.0,65.0,Q02_R02=2|Q02_R03=2|Q02_R04=2|Q02_R05=2|Q02_R06=2,2,EVIDENCIA_DIRETA_PRESENTE,1,0.0,50.0,Q03_R02=2|Q03_R03=2|Q03_R05=2|Q03_R07=2|Q03_R08=2,2,EVIDENCIA_DIRETA_PRESENTE,1,0.0,65.0,Q04_R03=2|Q04_R04=2|Q04_R05=2|Q04_R02=1,1,POCOS_SEM_EVIDENCIA_DIRETA_DA_PERGUNTA,0,0.0,75.0,Q05_R02=2|Q05_R03=2|Q05_R04=2|Q05_R05=2|Q05_R06=2,SCALE_PRIMARY_O00_V1,2026-08-29,PIH_MS_V2.5_ESTABILIDADE_SENSIBILIDADE_V1,False,False
SCALE-500-O00-00284,500,O00,499.9999999999812,2,21,1,1,UMA_UNIDADE_SUPERFICIAL,Grupo Caiuá,Granular (Gr),2,EVIDENCIA_DIRETA_PRESENTE,2,9.52381,66.666667,Q01_R03=2|Q01_R05=2|Q01_R06=2,2,EVIDENCIA_DIRETA_PRESENTE,2,9.52381,66.666667,Q02_R02=2|Q02_R03=2|Q02_R06=2|Q02_R07=2|Q02_R08=2,2,EVIDENCIA_DIRETA_PRESENTE,1,0.0,61.904762,Q03_R02=2|Q03_R03=2|Q03_R05=2|Q03_R06=2|Q03_R07=2,2,EVIDENCIA_DIRETA_PRESENTE,2,9.52381,66.666667,Q04_R03=2|Q04_R04=2|Q04_R05=2,2,EVIDENCIA_DIRETA_PRESENTE,2,9.52381,57.142857,Q05_R02=2|Q05_R04=2|Q05_R05=2|Q05_R06=2|Q05_R07=2,SCALE_PRIMARY_O00_V1,2026-08-29,PIH_MS_V2.5_ESTABILIDADE_SENSIBILIDADE_V1,False,False
SCALE-500-O00-00285,500,O00,499.9999999999812,0,18,1,1,UMA_UNIDADE_SUPERFICIAL,Grupo Caiuá,Granular (Gr),0,SEM_POCOS_NO_CONJUNTO_AUDITADO,0,0.0,55.555556,,0,SEM_POCOS_NO_CONJUNTO_AUDITADO,0,0.0,55.555556,,0,SEM_POCOS_NO_CONJUNTO_AUDITADO,0,0.0,55.555556,,0,SEM_POCOS_NO_CONJUNTO_AUDITADO,0,0.0,55.555556,,0,SEM_POCOS_NO_CONJUNTO_AUDITADO,0,0.0,55.555556,,SCALE_PRIMARY_O00_V1,2026-08-29,PIH_MS_V2.5_ESTABILIDADE_SENSIBILIDADE_V1,False,False
SCALE-500-O00-00286,500,O00,499.9999999999812,0,20,1,1,UMA_UNIDADE_SUPERFICIAL,Grupo Caiuá,Granular (Gr),0,SEM_POCOS_NO_CONJUNTO_AUDITADO,0,95.0,75.0,,0,SEM_POCOS_NO_CONJUNTO_AUDITADO,0,95.0,75.0,,0,SEM_POCOS_NO_CONJUNTO_AUDITADO,0,95.0,75.0,,0,SEM_POCOS_NO_CONJUNTO_AUDITADO,0,95.0,75.0,,0,SEM_POCOS_NO_CONJUNTO_AUDITADO,0,95.0,75.0,,SCALE_PRIMARY_O00_V1,2026-08-29,PIH_MS_V2.5_ESTABILIDADE_SENSIBILIDADE_V1,False,False
SCALE-500-O00-00287,500,O00,499.9999999999812,0,20,1,1,UMA_UNIDADE_SUPERFICIAL,Grupo Caiuá,Granular (Gr),0,SEM_POCOS_NO_CONJUNTO_AUDITADO,0,35.0,25.0,,0,SEM_POCOS_NO_CONJUNTO_AUDITADO,0,35.0,25.0,,0,SEM_POCOS_NO_CONJUNTO_AUDITADO,0,35.0,25.0,,0,SEM_POCOS_NO_CONJUNTO_AUDITADO,0,35.0,25.0,,0,SEM_POCOS_NO_CONJUNTO_AUDITADO,0,35.0,25.0,,SCALE_PRIMARY_O00_V1,2026-08-29,PIH_MS_V2.5_ESTABILIDADE_SENSIBILIDADE_V1,False,False
SCALE-500-O00-00288,500,O00,499.9999999999812,3,20,1,1,UMA_UNIDADE_SUPERFICIAL,Grupo Caiuá,Granular (Gr),2,EVIDENCIA_DIRETA_PRESENTE,3,20.0,75.0,Q01_R03=3|Q01_R05=3|Q01_R06=3,2,EVIDENCIA_DIRETA_PRESENTE,3,20.0,75.0,Q02_R02=3|Q02_R03=3|Q02_R04=3|Q02_R05=3|Q02_R06=3,2,EVIDENCIA_DIRETA_PRESENTE,3,20.0,75.0,Q03_R02=3|Q03_R03=3|Q03_R05=3|Q03_R07=3|Q03_R08=3,2,EVIDENCIA_DIRETA_PRESENTE,3,20.0,75.0,Q04_R03=3|Q04_R04=3|Q04_R05=3,1,POCOS_SEM_EVIDENCIA_DIRETA_DA_PERGUNTA,0,20.0,75.0,Q05_R02=3|Q05_R03=3|Q05_R04=3|Q05_R05=3|Q05_R06=3,SCALE_PRIMARY_O00_V1,2026-08-29,PIH_MS_V2.5_ESTABILIDADE_SENSIBILIDADE_V1,False,False
SCALE-500-O00-00289,500,O00,499.9999999999812,0,20,1,1,UMA_UNIDADE_SUPERFICIAL,Grupo Caiuá,Granular (Gr),0,SEM_POCOS_NO_CONJUNTO_AUDITADO,0,0.0,0.0,,0,SEM_POCOS_NO_CONJUNTO_AUDITADO,0,0.0,0.0,,0,SEM_POCOS_NO_CONJUNTO_AUDITADO,0,0.0,0.0,,0,SEM_POCOS_NO_CONJUNTO_AUDITADO,0,0.0,0.0,,0,SEM_POCOS_NO_CONJUNTO_AUDITADO,0,0.0,0.0,,SCALE_PRIMARY_O00_V1,2026-08-29,PIH_MS_V2.5_ESTABILIDADE_SENSIBILIDADE_V1,False,False
SCALE-500-O00-00290,500,O00,499.9999999999812,0,18,2,1,MULTIPLAS_UNIDADES_SUPERFICIAIS,Grupo Caiuá,Granular (Gr),0,SEM_POCOS_NO_CONJUNTO_AUDITADO,0,88.888889,50.0,,0,SEM_POCOS_NO_CONJUNTO_AUDITADO,0,88.888889,50.0,,0,SEM_POCOS_NO_CONJUNTO_AUDITADO,0,88.888889,50.0,,0,SEM_POCOS_NO_CONJUNTO_AUDITADO,0,88.888889,50.0,,0,SEM_POCOS_NO_CONJUNTO_AUDITADO,0,88.888889,50.0,,SCALE_PRIMARY_O00_V1,2026-08-29,PIH_MS_V2.5_ESTABILIDADE_SENSIBILIDADE_V1,False,False
SCALE-500-O00-00291,500,O00,499.9999999999812,13,21,1,1,UMA_UNIDADE_SUPERFICIAL,Grupo Caiuá,Granular (Gr),2,EVIDENCIA_DIRETA_PRESENTE,12,9.52381,66.666667,Q01_R03=13|Q01_R05=13|Q01_R06=12|Q01_R02=1,2,EVIDENCIA_DIRETA_PRESENTE,10,9.52381,66.666667,Q02_R02=13|Q02_R06=13|Q02_R07=13|Q02_R08=13|Q02_R03=12,2,EVIDENCIA_DIRETA_PRESENTE,12,9.52381,66.666667,Q03_R02=13|Q03_R07=13|Q03_R08=13|Q03_R03=12|Q03_R05=2,2,EVIDENCIA_DIRETA_PRESENTE,13,9.52381,66.666667,Q04_R03=13|Q04_R04=13|Q04_R05=12,2,EVIDENCIA_DIRETA_PRESENTE,11,9.52381,52.380952,Q05_R02=13|Q05_R04=13|Q05_R06=13|Q05_R07=13|Q05_R05=12,SCALE_PRIMARY_O00_V1,2026-08-29,PIH_MS_V2.5_ESTABILIDADE_SENSIBILIDADE_V1,False,False
SCALE-500-O00-00292,500,O00,293.6000372951466,12,12,2,1,MULTIPLAS_UNIDADES_SUPERFICIAIS,Grupo Caiuá,Granular (Gr),2,EVIDENCIA_DIRETA_PRESENTE,7,50.0,83.333333,Q01_R03=12|Q01_R05=12|Q01_R06=12|Q01_R02=5|Q01_R04=3,2,EVIDENCIA_DIRETA_PRESENTE,7,50.0,83.333333,Q02_R02=12|Q02_R03=12|Q02_R06=12|Q02_R07=12|Q02_R08=12,2,EVIDENCIA_DIRETA_PRESENTE,6,50.0,83.333333,Q03_R02=12|Q03_R03=12|Q03_R07=12|Q03_R08=12|Q03_R05=7,2,EVIDENCIA_DIRETA_PRESENTE,9,50.0,83.333333,Q04_R03=12|Q04_R04=12|Q04_R05=12|Q04_R02=3,2,EVIDENCIA_DIRETA_PRESENTE,6,16.666667,25.0,Q05_R02=12|Q05_R04=12|Q05_R05=12|Q05_R06=12|Q05_R07=12,SCALE_PRIMARY_O00_V1,2026-08-29,PIH_MS_V2.5_ESTABILIDADE_SENSIBILIDADE_V1,False,False
SCALE-500-O00-00293,500,O00,17.15805453632774,0,0,0,0,UNKNOWN_SEM_CONTEXTO_CLASSIFICADO,,,0,SEM_POCOS_NO_CONJUNTO_AUDITADO,0,,,,0,SEM_POCOS_NO_CONJUNTO_AUDITADO,0,,,,0,SEM_POCOS_NO_CONJUNTO_AUDITADO,0,,,,0,SEM_POCOS_NO_CONJUNTO_AUDITADO,0,,,,0,SEM_POCOS_NO_CONJUNTO_AUDITADO,0,,,,SCALE_PRIMARY_O00_V1,2026-08-29,PIH_MS_V2.5_ESTABILIDADE_SENSIBILIDADE_V1,False,False
SCALE-500-O00-00294,500,O00,413.3820765792891,0,18,2,1,MULTIPLAS_UNIDADES_SUPERFICIAIS,Formação Pantanal,Granular (Gr),0,SEM_POCOS_NO_CONJUNTO_AUDITADO,0,100.0,100.0,,0,SEM_POCOS_NO_CONJUNTO_AUDITADO,0,100.0,100.0,,0,SEM_POCOS_NO_CONJUNTO_AUDITADO,0,100.0,100.0,,0,SEM_POCOS_NO_CONJUNTO_AUDITADO,0,100.0,100.0,,0,SEM_POCOS_NO_CONJUNTO_AUDITADO,0,100.0,100.0,,SCALE_PRIMARY_O00_V1,2026-08-29,PIH_MS_V2.5_ESTABILIDADE_SENSIBILIDADE_V1,False,False
SCALE-500-O00-00295,500,O00,499.9999999999812,0,18,2,2,MULTIPLAS_UNIDADES_SUPERFICIAIS,Formação Pantanal,Granular (Gr),0,SEM_POCOS_NO_CONJUNTO_AUDITADO,0,100.0,100.0,,0,SEM_POCOS_NO_CONJUNTO_AUDITADO,0,100.0,100.0,,0,SEM_POCOS_NO_CONJUNTO_AUDITADO,0,100.0,100.0,,0,SEM_POCOS_NO_CONJUNTO_AUDITADO,0,100.0,100.0,,0,SEM_POCOS_NO_CONJUNTO_AUDITADO,0,100.0,100.0,,SCALE_PRIMARY_O00_V1,2026-08-29,PIH_MS_V2.5_ESTABILIDADE_SENSIBILIDADE_V1,False,False
SCALE-500-O00-00296,500,O00,499.9999999999812,0,21,3,2,MULTIPLAS_UNIDADES_SUPERFICIAIS,Embasamento Indiferenciado,Fraturada (Fr),0,SEM_POCOS_NO_CONJUNTO_AUDITADO,0,100.0,100.0,,0,SEM_POCOS_NO_CONJUNTO_AUDITADO,0,100.0,100.0,,0,SEM_POCOS_NO_CONJUNTO_AUDITADO,0,100.0,100.0,,0,SEM_POCOS_NO_CONJUNTO_AUDITADO,0,100.0,100.0,,0,SEM_POCOS_NO_CONJUNTO_AUDITADO,0,100.0,100.0,,SCALE_PRIMARY_O00_V1,2026-08-29,PIH_MS_V2.5_ESTABILIDADE_SENSIBILIDADE_V1,False,False
SCALE-500-O00-00297,500,O00,499.9999999999812,0,21,3,2,MULTIPLAS_UNIDADES_SUPERFICIAIS,Embasamento Indiferenciado,Fraturada (Fr),0,SEM_POCOS_NO_CONJUNTO_AUDITADO,0,85.714286,100.0,,0,SEM_POCOS_NO_CONJUNTO_AUDITADO,0,85.714286,100.0,,0,SEM_POCOS_NO_CONJUNTO_AUDITADO,0,85.714286,100.0,,0,SEM_POCOS_NO_CONJUNTO_AUDITADO,0,85.714286,100.0,,0,SEM_POCOS_NO_CONJUNTO_AUDITADO,0,85.714286,100.0,,SCALE_PRIMARY_O00_V1,2026-08-29,PIH_MS_V2.5_ESTABILIDADE_SENSIBILIDADE_V1,False,False
SCALE-500-O00-00298,500,O00,499.9999999999812,1,20,3,3,MULTIPLAS_UNIDADES_SUPERFICIAIS,Embasamento Indiferenciado,Fraturada (Fr),2,EVIDENCIA_DIRETA_PRESENTE,1,0.0,0.0,Q01_R03=1|Q01_R05=1|Q01_R06=1,2,EVIDENCIA_DIRETA_PRESENTE,1,0.0,0.0,Q02_R02=1|Q02_R03=1|Q02_R04=1|Q02_R05=1|Q02_R06=1,2,EVIDENCIA_DIRETA_PRESENTE,1,0.0,0.0,Q03_R02=1|Q03_R03=1|Q03_R05=1|Q03_R07=1|Q03_R08=1,2,EVIDENCIA_DIRETA_PRESENTE,1,0.0,0.0,Q04_R03=1|Q04_R04=1|Q04_R05=1,1,POCOS_SEM_EVIDENCIA_DIRETA_DA_PERGUNTA,0,0.0,0.0,Q05_R02=1|Q05_R03=1|Q05_R04=1|Q05_R05=1|Q05_R06=1,SCALE_PRIMARY_O00_V1,2026-08-29,PIH_MS_V2.5_ESTABILIDADE_SENSIBILIDADE_V1,False,False
SCALE-500-O00-00299,500,O00,499.9999999999812,0,21,3,2,MULTIPLAS_UNIDADES_SUPERFICIAIS,Grupo Corumbá,Cárstica (K),0,SEM_POCOS_NO_CONJUNTO_AUDITADO,0,0.0,52.380952,,0,SEM_POCOS_NO_CONJUNTO_AUDITADO,0,0.0,52.380952,,0,SEM_POCOS_NO_CONJUNTO_AUDITADO,0,0.0,52.380952,,0,SEM_POCOS_NO_CONJUNTO_AUDITADO,0,0.0,52.380952,,0,SEM_POCOS_NO_CONJUNTO_AUDITADO,0,0.0,52.380952,,SCALE_PRIMARY_O00_V1,2026-08-29,PIH_MS_V2.5_ESTABILIDADE_SENSIBILIDADE_V1,False,False
SCALE-500-O00-00300,500,O00,499.9999999999812,0,21,3,3,MULTIPLAS_UNIDADES_SUPERFICIAIS,Grupo Cuiaba,Fraturada (Fr),0,SEM_POCOS_NO_CONJUNTO_AUDITADO,0,0.0,0.0,,0,SEM_POCOS_NO_CONJUNTO_AUDITADO,0,0.0,0.0,,0,SEM_POCOS_NO_CONJUNTO_AUDITADO,0,0.0,0.0,,0,SEM_POCOS_NO_CONJUNTO_AUDITADO,0,0.0,0.0,,0,SEM_POCOS_NO_CONJUNTO_AUDITADO,0,0.0,0.0,,SCALE_PRIMARY_O00_V1,2026-08-29,PIH_MS_V2.5_ESTABILIDADE_SENSIBILIDADE_V1,False,False
SCALE-500-O00-00301,500,O00,499.9999999999812,3,18,1,1,UMA_UNIDADE_SUPERFICIAL,Grupo Cuiaba,Fraturada (Fr),1,POCOS_SEM_EVIDENCIA_DIRETA_DA_PERGUNTA,0,0.0,0.0,Q01_R02=3|Q01_R03=3|Q01_R05=3|Q01_R06=3|Q01_R04=2,1,POCOS_SEM_EVIDENCIA_DIRETA_DA_PERGUNTA,0,0.0,0.0,Q02_R02=3|Q02_R03=3|Q02_R04=3|Q02_R05=3|Q02_R06=3,1,POCOS_SEM_EVIDENCIA_DIRETA_DA_PERGUNTA,0,22.222222,66.666667,Q03_R02=3|Q03_R03=3|Q03_R04=3|Q03_R05=3|Q03_R06=3,2,EVIDENCIA_DIRETA_PRESENTE,1,5.555556,61.111111,Q04_R03=3|Q04_R04=3|Q04_R05=3|Q04_R02=2,1,POCOS_SEM_EVIDENCIA_DIRETA_DA_PERGUNTA,0,0.0,0.0,Q05_R02=3|Q05_R03=3|Q05_R04=3|Q05_R05=3|Q05_R06=3,SCALE_PRIMARY_O00_V1,2026-08-29,PIH_MS_V2.5_ESTABILIDADE_SENSIBILIDADE_V1,False,False
SCALE-500-O00-00302,500,O00,499.9999999999812,1,21,2,1,MULTIPLAS_UNIDADES_SUPERFICIAIS,Formação Aquidauana,Granular (Gr),2,EVIDENCIA_DIRETA_PRESENTE,1,0.0,14.285714,Q01_R03=1|Q01_R05=1|Q01_R06=1,2,EVIDENCIA_DIRETA_PRESENTE,1,0.0,14.285714,Q02_R02=1|Q02_R03=1|Q02_R06=1|Q02_R07=1|Q02_R08=1,1,POCOS_SEM_EVIDENCIA_DIRETA_DA_PERGUNTA,0,0.0,19.047619,Q03_R02=1|Q03_R03=1|Q03_R04=1|Q03_R05=1|Q03_R06=1,2,EVIDENCIA_DIRETA_PRESENTE,1,0.0,14.285714,Q04_R03=1|Q04_R04=1|Q04_R05=1,2,EVIDENCIA_DIRETA_PRESENTE,1,0.0,14.285714,Q05_R02=1|Q05_R04=1|Q05_R05=1|Q05_R06=1|Q05_R07=1,SCALE_PRIMARY_O00_V1,2026-08-29,PIH_MS_V2.5_ESTABILIDADE_SENSIBILIDADE_V1,False,False
SCALE-500-O00-00303,500,O00,499.9999999999812,0,20,3,1,MULTIPLAS_UNIDADES_SUPERFICIAIS,Formação Aquidauana,Granular (Gr),0,SEM_POCOS_NO_CONJUNTO_AUDITADO,0,60.0,65.0,,0,SEM_POCOS_NO_CONJUNTO_AUDITADO,0,60.0,65.0,,0,SEM_POCOS_NO_CONJUNTO_AUDITADO,0,60.0,65.0,,0,SEM_POCOS_NO_CONJUNTO_AUDITADO,0,60.0,65.0,,0,SEM_POCOS_NO_CONJUNTO_AUDITADO,0,60.0,65.0,,SCALE_PRIMARY_O00_V1,2026-08-29,PIH_MS_V2.5_ESTABILIDADE_SENSIBILIDADE_V1,False,False
SCALE-500-O00-00304,500,O00,499.9999999999812,9,21,3,2,MULTIPLAS_UNIDADES_SUPERFICIAIS,Formação Botucatu,Granular (Gr),2,EVIDENCIA_DIRETA_PRESENTE,7,23.809524,66.666667,Q01_R03=9|Q01_R05=9|Q01_R06=9|Q01_R02=2,2,EVIDENCIA_DIRETA_PRESENTE,7,23.809524,66.666667,Q02_R02=9|Q02_R03=9|Q02_R06=9|Q02_R07=9|Q02_R08=9,1,POCOS_SEM_EVIDENCIA_DIRETA_DA_PERGUNTA,0,23.809524,52.380952,Q03_R02=9|Q03_R03=9|Q03_R04=9|Q03_R05=9|Q03_R06=9,2,EVIDENCIA_DIRETA_PRESENTE,9,23.809524,66.666667,Q04_R03=9|Q04_R04=9|Q04_R05=9,2,EVIDENCIA_DIRETA_PRESENTE,4,23.809524,52.380952,Q05_R02=9|Q05_R04=9|Q05_R05=9|Q05_R06=9|Q05_R07=9,SCALE_PRIMARY_O00_V1,2026-08-29,PIH_MS_V2.5_ESTABILIDADE_SENSIBILIDADE_V1,False,False
SCALE-500-O00-00305,500,O00,499.9999999999812,17,21,2,2,MULTIPLAS_UNIDADES_SUPERFICIAIS,Formação Serra Geral,Fraturada (Fr),2,EVIDENCIA_DIRETA_PRESENTE,13,23.809524,100.0,Q01_R03=17|Q01_R05=17|Q01_R06=9|Q01_R02=4|Q01_R04=1,2,EVIDENCIA_DIRETA_PRESENTE,13,23.809524,100.0,Q02_R02=17|Q02_R06=17|Q02_R07=17|Q02_R08=17|Q02_R04=11,2,EVIDENCIA_DIRETA_PRESENTE,8,23.809524,80.952381,Q03_R02=17|Q03_R07=17|Q03_R08=17|Q03_R05=15|Q03_R04=9,2,EVIDENCIA_DIRETA_PRESENTE,16,23.809524,100.0,Q04_R03=17|Q04_R04=17|Q04_R05=9|Q04_R02=1,2,EVIDENCIA_DIRETA_PRESENTE,8,9.52381,66.666667,Q05_R02=17|Q05_R04=17|Q05_R06=17|Q05_R07=17|Q05_R03=9,SCALE_PRIMARY_O00_V1,2026-08-29,PIH_MS_V2.5_ESTABILIDADE_SENSIBILIDADE_V1,False,False
SCALE-500-O00-00306,500,O00,499.9999999999812,18,18,1,1,UMA_UNIDADE_SUPERFICIAL,Formação Serra Geral,Fraturada (Fr),2,EVIDENCIA_DIRETA_PRESENTE,16,66.666667,100.0,Q01_R03=18|Q01_R05=18|Q01_R06=7|Q01_R02=2|Q01_R04=2,2,EVIDENCIA_DIRETA_PRESENTE,16,66.666667,100.0,Q02_R02=18|Q02_R06=18|Q02_R07=18|Q02_R08=18|Q02_R04=13,2,EVIDENCIA_DIRETA_PRESENTE,10,61.111111,100.0,Q03_R02=18|Q03_R07=18|Q03_R08=18|Q03_R05=17|Q03_R06=9,2,EVIDENCIA_DIRETA_PRESENTE,16,66.666667,100.0,Q04_R03=18|Q04_R04=18|Q04_R05=7|Q04_R02=2,2,EVIDENCIA_DIRETA_PRESENTE,7,33.333333,72.222222,Q05_R02=18|Q05_R04=18|Q05_R06=18|Q05_R07=18|Q05_R03=11,SCALE_PRIMARY_O00_V1,2026-08-29,PIH_MS_V2.5_ESTABILIDADE_SENSIBILIDADE_V1,False,False
SCALE-500-O00-00307,500,O00,499.9999999999812,20,20,1,1,UMA_UNIDADE_SUPERFICIAL,Formação Serra Geral,Fraturada (Fr),2,EVIDENCIA_DIRETA_PRESENTE,11,70.0,100.0,Q01_R03=20|Q01_R05=20|Q01_R02=9|Q01_R04=9|Q01_R06=9,2,EVIDENCIA_DIRETA_PRESENTE,11,70.0,100.0,Q02_R02=20|Q02_R04=20|Q02_R05=20|Q02_R06=20|Q02_R07=20,2,EVIDENCIA_DIRETA_PRESENTE,12,55.0,100.0,Q03_R02=20|Q03_R07=20|Q03_R08=20|Q03_R05=19|Q03_R06=13,2,EVIDENCIA_DIRETA_PRESENTE,11,70.0,100.0,Q04_R03=20|Q04_R04=20|Q04_R02=9|Q04_R05=9,2,EVIDENCIA_DIRETA_PRESENTE,1,35.0,90.0,Q05_R02=20|Q05_R04=20|Q05_R06=20|Q05_R07=20|Q05_R03=19,SCALE_PRIMARY_O00_V1,2026-08-29,PIH_MS_V2.5_ESTABILIDADE_SENSIBILIDADE_V1,False,False
SCALE-500-O00-00308,500,O00,499.9999999999812,5,21,2,2,MULTIPLAS_UNIDADES_SUPERFICIAIS,Formação Serra Geral,Fraturada (Fr),2,EVIDENCIA_DIRETA_PRESENTE,3,19.047619,100.0,Q01_R03=5|Q01_R05=5|Q01_R06=3|Q01_R02=2|Q01_R04=1,2,EVIDENCIA_DIRETA_PRESENTE,3,19.047619,100.0,Q02_R02=5|Q02_R06=5|Q02_R07=5|Q02_R08=5|Q02_R04=4,2,EVIDENCIA_DIRETA_PRESENTE,3,19.047619,100.0,Q03_R02=5|Q03_R07=5|Q03_R08=5|Q03_R05=4|Q03_R03=3,2,EVIDENCIA_DIRETA_PRESENTE,4,23.809524,100.0,Q04_R03=5|Q04_R04=5|Q04_R05=3|Q04_R02=1,2,EVIDENCIA_DIRETA_PRESENTE,2,4.761905,19.047619,Q05_R02=5|Q05_R04=5|Q05_R06=5|Q05_R07=5|Q05_R03=3,SCALE_PRIMARY_O00_V1,2026-08-29,PIH_MS_V2.5_ESTABILIDADE_SENSIBILIDADE_V1,False,False
SCALE-500-O00-00309,500,O00,499.9999999999812,2,21,2,2,MULTIPLAS_UNIDADES_SUPERFICIAIS,Grupo Caiuá,Granular (Gr),2,EVIDENCIA_DIRETA_PRESENTE,2,4.761905,85.714286,Q01_R03=2|Q01_R05=2|Q01_R06=2,2,EVIDENCIA_DIRETA_PRESENTE,2,4.761905,85.714286,Q02_R02=2|Q02_R03=2|Q02_R04=2|Q02_R05=2|Q02_R06=2,2,EVIDENCIA_DIRETA_PRESENTE,2,4.761905,85.714286,Q03_R02=2|Q03_R03=2|Q03_R05=2|Q03_R07=2|Q03_R08=2,2,EVIDENCIA_DIRETA_PRESENTE,2,4.761905,85.714286,Q04_R03=2|Q04_R04=2|Q04_R05=2,1,POCOS_SEM_EVIDENCIA_DIRETA_DA_PERGUNTA,0,4.761905,57.142857,Q05_R02=2|Q05_R03=2|Q05_R04=2|Q05_R05=2|Q05_R06=2,SCALE_PRIMARY_O00_V1,2026-08-29,PIH_MS_V2.5_ESTABILIDADE_SENSIBILIDADE_V1,False,False
SCALE-500-O00-00310,500,O00,499.9999999999812,0,21,1,1,UMA_UNIDADE_SUPERFICIAL,Grupo Caiuá,Granular (Gr),0,SEM_POCOS_NO_CONJUNTO_AUDITADO,0,42.857143,61.904762,,0,SEM_POCOS_NO_CONJUNTO_AUDITADO,0,42.857143,61.904762,,0,SEM_POCOS_NO_CONJUNTO_AUDITADO,0,42.857143,61.904762,,0,SEM_POCOS_NO_CONJUNTO_AUDITADO,0,42.857143,61.904762,,0,SEM_POCOS_NO_CONJUNTO_AUDITADO,0,42.857143,61.904762,,SCALE_PRIMARY_O00_V1,2026-08-29,PIH_MS_V2.5_ESTABILIDADE_SENSIBILIDADE_V1,False,False
SCALE-500-O00-00311,500,O00,499.9999999999812,0,18,1,1,UMA_UNIDADE_SUPERFICIAL,Grupo Caiuá,Granular (Gr),0,SEM_POCOS_NO_CONJUNTO_AUDITADO,0,83.333333,88.888889,,0,SEM_POCOS_NO_CONJUNTO_AUDITADO,0,83.333333,88.888889,,0,SEM_POCOS_NO_CONJUNTO_AUDITADO,0,83.333333,88.888889,,0,SEM_POCOS_NO_CONJUNTO_AUDITADO,0,83.333333,88.888889,,0,SEM_POCOS_NO_CONJUNTO_AUDITADO,0,83.333333,88.888889,,SCALE_PRIMARY_O00_V1,2026-08-29,PIH_MS_V2.5_ESTABILIDADE_SENSIBILIDADE_V1,False,False
SCALE-500-O00-00312,500,O00,499.9999999999812,0,20,1,1,UMA_UNIDADE_SUPERFICIAL,Grupo Caiuá,Granular (Gr),0,SEM_POCOS_NO_CONJUNTO_AUDITADO,0,10.0,25.0,,0,SEM_POCOS_NO_CONJUNTO_AUDITADO,0,10.0,25.0,,0,SEM_POCOS_NO_CONJUNTO_AUDITADO,0,10.0,25.0,,0,SEM_POCOS_NO_CONJUNTO_AUDITADO,0,10.0,25.0,,0,SEM_POCOS_NO_CONJUNTO_AUDITADO,0,10.0,25.0,,SCALE_PRIMARY_O00_V1,2026-08-29,PIH_MS_V2.5_ESTABILIDADE_SENSIBILIDADE_V1,False,False
SCALE-500-O00-00313,500,O00,499.9999999999812,0,21,1,1,UMA_UNIDADE_SUPERFICIAL,Grupo Caiuá,Granular (Gr),0,SEM_POCOS_NO_CONJUNTO_AUDITADO,0,9.52381,61.904762,,0,SEM_POCOS_NO_CONJUNTO_AUDITADO,0,9.52381,61.904762,,0,SEM_POCOS_NO_CONJUNTO_AUDITADO,0,9.52381,61.904762,,0,SEM_POCOS_NO_CONJUNTO_AUDITADO,0,9.52381,61.904762,,0,SEM_POCOS_NO_CONJUNTO_AUDITADO,0,9.52381,61.904762,,SCALE_PRIMARY_O00_V1,2026-08-29,PIH_MS_V2.5_ESTABILIDADE_SENSIBILIDADE_V1,False,False
SCALE-500-O00-00314,500,O00,499.9999999999812,0,21,1,1,UMA_UNIDADE_SUPERFICIAL,Grupo Caiuá,Granular (Gr),0,SEM_POCOS_NO_CONJUNTO_AUDITADO,0,95.238095,100.0,,0,SEM_POCOS_NO_CONJUNTO_AUDITADO,0,95.238095,100.0,,0,SEM_POCOS_NO_CONJUNTO_AUDITADO,0,95.238095,100.0,,0,SEM_POCOS_NO_CONJUNTO_AUDITADO,0,95.238095,100.0,,0,SEM_POCOS_NO_CONJUNTO_AUDITADO,0,95.238095,100.0,,SCALE_PRIMARY_O00_V1,2026-08-29,PIH_MS_V2.5_ESTABILIDADE_SENSIBILIDADE_V1,False,False
SCALE-500-O00-00315,500,O00,499.9999999999812,0,21,1,1,UMA_UNIDADE_SUPERFICIAL,Grupo Caiuá,Granular (Gr),0,SEM_POCOS_NO_CONJUNTO_AUDITADO,0,28.571429,100.0,,0,SEM_POCOS_NO_CONJUNTO_AUDITADO,0,28.571429,100.0,,0,SEM_POCOS_NO_CONJUNTO_AUDITADO,0,28.571429,100.0,,0,SEM_POCOS_NO_CONJUNTO_AUDITADO,0,28.571429,100.0,,0,SEM_POCOS_NO_CONJUNTO_AUDITADO,0,28.571429,100.0,,SCALE_PRIMARY_O00_V1,2026-08-29,PIH_MS_V2.5_ESTABILIDADE_SENSIBILIDADE_V1,False,False
SCALE-500-O00-00316,500,O00,499.9999999999812,1,18,1,1,UMA_UNIDADE_SUPERFICIAL,Grupo Caiuá,Granular (Gr),2,EVIDENCIA_DIRETA_PRESENTE,1,11.111111,55.555556,Q01_R03=1|Q01_R05=1|Q01_R06=1,2,EVIDENCIA_DIRETA_PRESENTE,1,11.111111,55.555556,Q02_R02=1|Q02_R03=1|Q02_R04=1|Q02_R05=1|Q02_R06=1,2,EVIDENCIA_DIRETA_PRESENTE,1,11.111111,55.555556,Q03_R02=1|Q03_R03=1|Q03_R05=1|Q03_R07=1|Q03_R08=1,2,EVIDENCIA_DIRETA_PRESENTE,1,11.111111,55.555556,Q04_R03=1|Q04_R04=1|Q04_R05=1,1,POCOS_SEM_EVIDENCIA_DIRETA_DA_PERGUNTA,0,11.111111,55.555556,Q05_R02=1|Q05_R03=1|Q05_R04=1|Q05_R05=1|Q05_R06=1,SCALE_PRIMARY_O00_V1,2026-08-29,PIH_MS_V2.5_ESTABILIDADE_SENSIBILIDADE_V1,False,False
SCALE-500-O00-00317,500,O00,499.9999999999812,0,21,1,1,UMA_UNIDADE_SUPERFICIAL,Grupo Caiuá,Granular (Gr),0,SEM_POCOS_NO_CONJUNTO_AUDITADO,0,0.0,42.857143,,0,SEM_POCOS_NO_CONJUNTO_AUDITADO,0,0.0,42.857143,,0,SEM_POCOS_NO_CONJUNTO_AUDITADO,0,0.0,42.857143,,0,SEM_POCOS_NO_CONJUNTO_AUDITADO,0,0.0,42.857143,,0,SEM_POCOS_NO_CONJUNTO_AUDITADO,0,0.0,42.857143,,SCALE_PRIMARY_O00_V1,2026-08-29,PIH_MS_V2.5_ESTABILIDADE_SENSIBILIDADE_V1,False,False
SCALE-500-O00-00318,500,O00,499.9999999999812,1,21,1,1,UMA_UNIDADE_SUPERFICIAL,Grupo Caiuá,Granular (Gr),2,EVIDENCIA_DIRETA_PRESENTE,1,19.047619,66.666667,Q01_R03=1|Q01_R05=1|Q01_R06=1,2,EVIDENCIA_DIRETA_PRESENTE,1,19.047619,66.666667,Q02_R02=1|Q02_R03=1|Q02_R06=1|Q02_R07=1|Q02_R08=1,2,EVIDENCIA_DIRETA_PRESENTE,1,4.761905,4.761905,Q03_R02=1|Q03_R03=1|Q03_R06=1|Q03_R07=1|Q03_R08=1,2,EVIDENCIA_DIRETA_PRESENTE,1,19.047619,66.666667,Q04_R03=1|Q04_R04=1|Q04_R05=1,2,EVIDENCIA_DIRETA_PRESENTE,1,19.047619,66.666667,Q05_R02=1|Q05_R04=1|Q05_R05=1|Q05_R06=1|Q05_R07=1,SCALE_PRIMARY_O00_V1,2026-08-29,PIH_MS_V2.5_ESTABILIDADE_SENSIBILIDADE_V1,False,False
SCALE-500-O00-00319,500,O00,499.9999999999812,3,21,1,1,UMA_UNIDADE_SUPERFICIAL,Grupo Caiuá,Granular (Gr),2,EVIDENCIA_DIRETA_PRESENTE,3,4.761905,80.952381,Q01_R03=3|Q01_R05=3|Q01_R06=3,2,EVIDENCIA_DIRETA_PRESENTE,3,4.761905,80.952381,Q02_R02=3|Q02_R03=3|Q02_R06=3|Q02_R07=3|Q02_R08=3,1,POCOS_SEM_EVIDENCIA_DIRETA_DA_PERGUNTA,0,0.0,0.0,Q03_R02=3|Q03_R03=3|Q03_R04=3|Q03_R05=3|Q03_R06=3,2,EVIDENCIA_DIRETA_PRESENTE,3,4.761905,80.952381,Q04_R03=3|Q04_R04=3|Q04_R05=3,2,EVIDENCIA_DIRETA_PRESENTE,3,0.0,71.428571,Q05_R02=3|Q05_R04=3|Q05_R05=3|Q05_R06=3|Q05_R07=3,SCALE_PRIMARY_O00_V1,2026-08-29,PIH_MS_V2.5_ESTABILIDADE_SENSIBILIDADE_V1,False,False
SCALE-500-O00-00320,500,O00,499.9999999999812,46,20,1,1,UMA_UNIDADE_SUPERFICIAL,Grupo Caiuá,Granular (Gr),2,EVIDENCIA_DIRETA_PRESENTE,41,45.0,100.0,Q01_R03=46|Q01_R05=46|Q01_R06=39|Q01_R02=5|Q01_R04=5,2,EVIDENCIA_DIRETA_PRESENTE,38,45.0,100.0,Q02_R02=46|Q02_R06=46|Q02_R08=46|Q02_R07=45|Q02_R03=39,2,EVIDENCIA_DIRETA_PRESENTE,28,45.0,80.0,Q03_R02=46|Q03_R07=46|Q03_R08=46|Q03_R03=39|Q03_R05=36,2,EVIDENCIA_DIRETA_PRESENTE,41,45.0,100.0,Q04_R03=46|Q04_R04=46|Q04_R05=39|Q04_R02=5,2,EVIDENCIA_DIRETA_PRESENTE,24,45.0,100.0,Q05_R02=46|Q05_R04=46|Q05_R06=46|Q05_R07=46|Q05_R05=39,SCALE_PRIMARY_O00_V1,2026-08-29,PIH_MS_V2.5_ESTABILIDADE_SENSIBILIDADE_V1,False,False
SCALE-500-O00-00321,500,O00,174.6724709761697,73,6,3,2,MULTIPLAS_UNIDADES_SUPERFICIAIS,Formação Serra Geral,Fraturada (Fr),2,EVIDENCIA_DIRETA_PRESENTE,63,66.666667,100.0,Q01_R03=73|Q01_R05=73|Q01_R06=56|Q01_R02=10|Q01_R04=7,2,EVIDENCIA_DIRETA_PRESENTE,63,66.666667,100.0,Q02_R02=73|Q02_R06=73|Q02_R08=73|Q02_R07=72|Q02_R03=56,2,EVIDENCIA_DIRETA_PRESENTE,42,66.666667,100.0,Q03_R02=73|Q03_R07=73|Q03_R08=73|Q03_R03=56|Q03_R05=55,2,EVIDENCIA_DIRETA_PRESENTE,67,66.666667,100.0,Q04_R03=73|Q04_R04=73|Q04_R05=56|Q04_R02=7,2,EVIDENCIA_DIRETA_PRESENTE,40,66.666667,83.333333,Q05_R02=73|Q05_R04=73|Q05_R06=73|Q05_R07=73|Q05_R05=56,SCALE_PRIMARY_O00_V1,2026-08-29,PIH_MS_V2.5_ESTABILIDADE_SENSIBILIDADE_V1,False,False
SCALE-500-O00-00322,500,O00,408.1577977705159,0,17,1,1,UMA_UNIDADE_SUPERFICIAL,Formação Pantanal,Granular (Gr),0,SEM_POCOS_NO_CONJUNTO_AUDITADO,0,100.0,100.0,,0,SEM_POCOS_NO_CONJUNTO_AUDITADO,0,100.0,100.0,,0,SEM_POCOS_NO_CONJUNTO_AUDITADO,0,100.0,100.0,,0,SEM_POCOS_NO_CONJUNTO_AUDITADO,0,100.0,100.0,,0,SEM_POCOS_NO_CONJUNTO_AUDITADO,0,100.0,100.0,,SCALE_PRIMARY_O00_V1,2026-08-29,PIH_MS_V2.5_ESTABILIDADE_SENSIBILIDADE_V1,False,False
SCALE-500-O00-00323,500,O00,499.9999999999812,0,21,3,2,MULTIPLAS_UNIDADES_SUPERFICIAIS,Formação Pantanal,Granular (Gr),0,SEM_POCOS_NO_CONJUNTO_AUDITADO,0,100.0,100.0,,0,SEM_POCOS_NO_CONJUNTO_AUDITADO,0,100.0,100.0,,0,SEM_POCOS_NO_CONJUNTO_AUDITADO,0,100.0,100.0,,0,SEM_POCOS_NO_CONJUNTO_AUDITADO,0,100.0,100.0,,0,SEM_POCOS_NO_CONJUNTO_AUDITADO,0,100.0,100.0,,SCALE_PRIMARY_O00_V1,2026-08-29,PIH_MS_V2.5_ESTABILIDADE_SENSIBILIDADE_V1,False,False
SCALE-500-O00-00324,500,O00,499.9999999999812,0,22,2,2,MULTIPLAS_UNIDADES_SUPERFICIAIS,Formação Pantanal,Granular (Gr),0,SEM_POCOS_NO_CONJUNTO_AUDITADO,0,100.0,100.0,,0,SEM_POCOS_NO_CONJUNTO_AUDITADO,0,100.0,100.0,,0,SEM_POCOS_NO_CONJUNTO_AUDITADO,0,100.0,100.0,,0,SEM_POCOS_NO_CONJUNTO_AUDITADO,0,100.0,100.0,,0,SEM_POCOS_NO_CONJUNTO_AUDITADO,0,100.0,100.0,,SCALE_PRIMARY_O00_V1,2026-08-29,PIH_MS_V2.5_ESTABILIDADE_SENSIBILIDADE_V1,False,False
SCALE-500-O00-00325,500,O00,499.9999999999812,0,21,2,2,MULTIPLAS_UNIDADES_SUPERFICIAIS,Embasamento Indiferenciado,Fraturada (Fr),0,SEM_POCOS_NO_CONJUNTO_AUDITADO,0,100.0,100.0,,0,SEM_POCOS_NO_CONJUNTO_AUDITADO,0,100.0,100.0,,0,SEM_POCOS_NO_CONJUNTO_AUDITADO,0,100.0,100.0,,0,SEM_POCOS_NO_CONJUNTO_AUDITADO,0,100.0,100.0,,0,SEM_POCOS_NO_CONJUNTO_AUDITADO,0,100.0,100.0,,SCALE_PRIMARY_O00_V1,2026-08-29,PIH_MS_V2.5_ESTABILIDADE_SENSIBILIDADE_V1,False,False
SCALE-500-O00-00326,500,O00,499.9999999999812,1,18,2,2,MULTIPLAS_UNIDADES_SUPERFICIAIS,Embasamento Indiferenciado,Fraturada (Fr),2,EVIDENCIA_DIRETA_PRESENTE,1,0.0,50.0,Q01_R03=1|Q01_R05=1|Q01_R06=1,2,EVIDENCIA_DIRETA_PRESENTE,1,0.0,50.0,Q02_R02=1|Q02_R03=1|Q02_R06=1|Q02_R07=1|Q02_R08=1,1,POCOS_SEM_EVIDENCIA_DIRETA_DA_PERGUNTA,0,0.0,50.0,Q03_R02=1|Q03_R03=1|Q03_R04=1|Q03_R05=1|Q03_R06=1,2,EVIDENCIA_DIRETA_PRESENTE,1,0.0,50.0,Q04_R03=1|Q04_R04=1|Q04_R05=1,2,EVIDENCIA_DIRETA_PRESENTE,1,0.0,50.0,Q05_R02=1|Q05_R04=1|Q05_R05=1|Q05_R06=1|Q05_R07=1,SCALE_PRIMARY_O00_V1,2026-08-29,PIH_MS_V2.5_ESTABILIDADE_SENSIBILIDADE_V1,False,False
SCALE-500-O00-00327,500,O00,499.9999999999812,14,20,4,3,MULTIPLAS_UNIDADES_SUPERFICIAIS,Grupo Corumbá,Cárstica (K),2,EVIDENCIA_DIRETA_PRESENTE,11,40.0,65.0,Q01_R03=14|Q01_R05=14|Q01_R06=12|Q01_R02=3|Q01_R04=1,2,EVIDENCIA_DIRETA_PRESENTE,11,40.0,65.0,Q02_R02=14|Q02_R06=14|Q02_R08=14|Q02_R03=12|Q02_R07=12,2,EVIDENCIA_DIRETA_PRESENTE,5,25.0,50.0,Q03_R02=14|Q03_R07=14|Q03_R08=14|Q03_R03=12|Q03_R05=12,2,EVIDENCIA_DIRETA_PRESENTE,13,40.0,65.0,Q04_R03=14|Q04_R04=14|Q04_R05=12|Q04_R02=1,2,EVIDENCIA_DIRETA_PRESENTE,9,15.0,60.0,Q05_R02=14|Q05_R04=14|Q05_R06=14|Q05_R07=14|Q05_R05=12,SCALE_PRIMARY_O00_V1,2026-08-29,PIH_MS_V2.5_ESTABILIDADE_SENSIBILIDADE_V1,False,False
SCALE-500-O00-00328,500,O00,499.9999999999812,0,21,4,3,MULTIPLAS_UNIDADES_SUPERFICIAIS,Grupo Cuiaba,Fraturada (Fr),0,SEM_POCOS_NO_CONJUNTO_AUDITADO,0,0.0,9.52381,,0,SEM_POCOS_NO_CONJUNTO_AUDITADO,0,0.0,9.52381,,0,SEM_POCOS_NO_CONJUNTO_AUDITADO,0,0.0,9.52381,,0,SEM_POCOS_NO_CONJUNTO_AUDITADO,0,0.0,9.52381,,0,SEM_POCOS_NO_CONJUNTO_AUDITADO,0,0.0,9.52381,,SCALE_PRIMARY_O00_V1,2026-08-29,PIH_MS_V2.5_ESTABILIDADE_SENSIBILIDADE_V1,False,False
SCALE-500-O00-00329,500,O00,499.9999999999812,2,22,3,2,MULTIPLAS_UNIDADES_SUPERFICIAIS,Grupo Cuiaba,Fraturada (Fr),1,POCOS_SEM_EVIDENCIA_DIRETA_DA_PERGUNTA,0,9.090909,4.545455,Q01_R02=2|Q01_R03=2|Q01_R04=2|Q01_R05=2|Q01_R06=2,1,POCOS_SEM_EVIDENCIA_DIRETA_DA_PERGUNTA,0,9.090909,4.545455,Q02_R02=2|Q02_R03=2|Q02_R04=2|Q02_R05=2|Q02_R06=2,1,POCOS_SEM_EVIDENCIA_DIRETA_DA_PERGUNTA,0,9.090909,13.636364,Q03_R02=2|Q03_R03=2|Q03_R04=2|Q03_R05=2|Q03_R06=2,1,POCOS_SEM_EVIDENCIA_DIRETA_DA_PERGUNTA,0,9.090909,4.545455,Q04_R02=2|Q04_R03=2|Q04_R04=2|Q04_R05=2,1,POCOS_SEM_EVIDENCIA_DIRETA_DA_PERGUNTA,0,9.090909,4.545455,Q05_R02=2|Q05_R03=2|Q05_R04=2|Q05_R05=2|Q05_R06=2,SCALE_PRIMARY_O00_V1,2026-08-29,PIH_MS_V2.5_ESTABILIDADE_SENSIBILIDADE_V1,False,False
SCALE-500-O00-00330,500,O00,499.9999999999812,1,21,3,2,MULTIPLAS_UNIDADES_SUPERFICIAIS,Grupo Cuiaba,Fraturada (Fr),2,EVIDENCIA_DIRETA_PRESENTE,1,14.285714,19.047619,Q01_R03=1|Q01_R05=1,2,EVIDENCIA_DIRETA_PRESENTE,1,14.285714,19.047619,Q02_R02=1|Q02_R06=1|Q02_R07=1|Q02_R08=1,1,POCOS_SEM_EVIDENCIA_DIRETA_DA_PERGUNTA,0,14.285714,23.809524,Q03_R02=1|Q03_R04=1|Q03_R05=1|Q03_R06=1|Q03_R07=1,2,EVIDENCIA_DIRETA_PRESENTE,1,14.285714,23.809524,Q04_R03=1|Q04_R04=1,2,EVIDENCIA_DIRETA_PRESENTE,1,14.285714,19.047619,Q05_R02=1|Q05_R04=1|Q05_R06=1|Q05_R07=1,SCALE_PRIMARY_O00_V1,2026-08-29,PIH_MS_V2.5_ESTABILIDADE_SENSIBILIDADE_V1,False,False
SCALE-500-O00-00331,500,O00,499.9999999999812,1,20,3,2,MULTIPLAS_UNIDADES_SUPERFICIAIS,Formação Aquidauana,Granular (Gr),2,EVIDENCIA_DIRETA_PRESENTE,1,5.0,55.0,Q01_R03=1|Q01_R05=1|Q01_R06=1,2,EVIDENCIA_DIRETA_PRESENTE,1,5.0,55.0,Q02_R02=1|Q02_R03=1|Q02_R04=1|Q02_R05=1|Q02_R06=1,2,EVIDENCIA_DIRETA_PRESENTE,1,5.0,55.0,Q03_R02=1|Q03_R03=1|Q03_R05=1|Q03_R07=1|Q03_R08=1,2,EVIDENCIA_DIRETA_PRESENTE,1,5.0,55.0,Q04_R03=1|Q04_R04=1|Q04_R05=1,1,POCOS_SEM_EVIDENCIA_DIRETA_DA_PERGUNTA,0,0.0,0.0,Q05_R02=1|Q05_R03=1|Q05_R04=1|Q05_R05=1|Q05_R06=1,SCALE_PRIMARY_O00_V1,2026-08-29,PIH_MS_V2.5_ESTABILIDADE_SENSIBILIDADE_V1,False,False
SCALE-500-O00-00332,500,O00,499.9999999999812,5,18,1,1,UMA_UNIDADE_SUPERFICIAL,Formação Aquidauana,Granular (Gr),2,EVIDENCIA_DIRETA_PRESENTE,5,0.0,16.666667,Q01_R03=5|Q01_R05=5|Q01_R06=2,2,EVIDENCIA_DIRETA_PRESENTE,4,0.0,16.666667,Q02_R02=5|Q02_R06=5|Q02_R07=5|Q02_R08=5|Q02_R04=3,2,EVIDENCIA_DIRETA_PRESENTE,2,0.0,16.666667,Q03_R02=5|Q03_R05=5|Q03_R07=5|Q03_R08=5|Q03_R04=3,2,EVIDENCIA_DIRETA_PRESENTE,5,0.0,16.666667,Q04_R03=5|Q04_R04=5|Q04_R05=2,2,EVIDENCIA_DIRETA_PRESENTE,3,0.0,16.666667,Q05_R02=5|Q05_R04=5|Q05_R06=5|Q05_R07=5|Q05_R03=2,SCALE_PRIMARY_O00_V1,2026-08-29,PIH_MS_V2.5_ESTABILIDADE_SENSIBILIDADE_V1,False,False
SCALE-500-O00-00333,500,O00,499.9999999999812,6,21,3,2,MULTIPLAS_UNIDADES_SUPERFICIAIS,Formação Botucatu,Granular (Gr),2,EVIDENCIA_DIRETA_PRESENTE,5,61.904762,76.190476,Q01_R03=6|Q01_R05=6|Q01_R06=6|Q01_R02=1|Q01_R04=1,2,EVIDENCIA_DIRETA_PRESENTE,5,61.904762,76.190476,Q02_R02=6|Q02_R03=6|Q02_R06=6|Q02_R07=6|Q02_R08=6,2,EVIDENCIA_DIRETA_PRESENTE,2,19.047619,57.142857,Q03_R02=6|Q03_R03=6|Q03_R07=6|Q03_R08=6|Q03_R04=4,2,EVIDENCIA_DIRETA_PRESENTE,5,61.904762,76.190476,Q04_R03=6|Q04_R04=6|Q04_R05=6|Q04_R02=1,2,EVIDENCIA_DIRETA_PRESENTE,5,52.380952,76.190476,Q05_R02=6|Q05_R04=6|Q05_R05=6|Q05_R06=6|Q05_R07=6,SCALE_PRIMARY_O00_V1,2026-08-29,PIH_MS_V2.5_ESTABILIDADE_SENSIBILIDADE_V1,False,False
SCALE-500-O00-00334,500,O00,499.9999999999812,6,22,2,2,MULTIPLAS_UNIDADES_SUPERFICIAIS,Formação Serra Geral,Fraturada (Fr),2,EVIDENCIA_DIRETA_PRESENTE,5,18.181818,22.727273,Q01_R03=6|Q01_R05=6|Q01_R06=2|Q01_R02=1|Q01_R04=1,2,EVIDENCIA_DIRETA_PRESENTE,4,18.181818,22.727273,Q02_R02=6|Q02_R04=6|Q02_R05=6|Q02_R06=6|Q02_R07=6,2,EVIDENCIA_DIRETA_PRESENTE,5,18.181818,22.727273,Q03_R02=6|Q03_R05=6|Q03_R07=6|Q03_R08=6|Q03_R03=2,2,EVIDENCIA_DIRETA_PRESENTE,5,18.181818,22.727273,Q04_R03=6|Q04_R04=6|Q04_R05=2|Q04_R02=1,1,POCOS_SEM_EVIDENCIA_DIRETA_DA_PERGUNTA,0,0.0,0.0,Q05_R02=6|Q05_R03=6|Q05_R04=6|Q05_R06=6|Q05_R07=6,SCALE_PRIMARY_O00_V1,2026-08-29,PIH_MS_V2.5_ESTABILIDADE_SENSIBILIDADE_V1,False,False
SCALE-500-O00-00335,500,O00,499.9999999999812,8,22,1,1,UMA_UNIDADE_SUPERFICIAL,Formação Serra Geral,Fraturada (Fr),2,EVIDENCIA_DIRETA_PRESENTE,6,18.181818,100.0,Q01_R03=8|Q01_R05=8|Q01_R06=8|Q01_R02=2|Q01_R04=2,2,EVIDENCIA_DIRETA_PRESENTE,6,18.181818,100.0,Q02_R02=8|Q02_R03=8|Q02_R06=8|Q02_R07=8|Q02_R08=8,1,POCOS_SEM_EVIDENCIA_DIRETA_DA_PERGUNTA,0,0.0,0.0,Q03_R02=8|Q03_R03=8|Q03_R04=8|Q03_R05=8|Q03_R06=8,2,EVIDENCIA_DIRETA_PRESENTE,6,18.181818,100.0,Q04_R03=8|Q04_R04=8|Q04_R05=8|Q04_R02=2,2,EVIDENCIA_DIRETA_PRESENTE,5,9.090909,100.0,Q05_R02=8|Q05_R04=8|Q05_R05=8|Q05_R06=8|Q05_R07=8,SCALE_PRIMARY_O00_V1,2026-08-29,PIH_MS_V2.5_ESTABILIDADE_SENSIBILIDADE_V1,False,False
SCALE-500-O00-00336,500,O00,499.9999999999812,46,20,1,1,UMA_UNIDADE_SUPERFICIAL,Formação Serra Geral,Fraturada (Fr),2,EVIDENCIA_DIRETA_PRESENTE,37,70.0,100.0,Q01_R03=46|Q01_R05=46|Q01_R06=18|Q01_R02=9|Q01_R04=7,2,EVIDENCIA_DIRETA_PRESENTE,35,70.0,100.0,Q02_R02=46|Q02_R08=46|Q02_R06=45|Q02_R07=45|Q02_R04=28,2,EVIDENCIA_DIRETA_PRESENTE,28,70.0,100.0,Q03_R02=46|Q03_R07=46|Q03_R08=46|Q03_R05=34|Q03_R06=22,2,EVIDENCIA_DIRETA_PRESENTE,39,70.0,100.0,Q04_R03=46|Q04_R04=46|Q04_R05=18|Q04_R02=7,2,EVIDENCIA_DIRETA_PRESENTE,25,65.0,100.0,Q05_R02=46|Q05_R04=46|Q05_R06=46|Q05_R07=46|Q05_R03=21,SCALE_PRIMARY_O00_V1,2026-08-29,PIH_MS_V2.5_ESTABILIDADE_SENSIBILIDADE_V1,False,False
SCALE-500-O00-00337,500,O00,499.9999999999812,41,17,2,2,MULTIPLAS_UNIDADES_SUPERFICIAIS,Formação Serra Geral,Fraturada (Fr),2,EVIDENCIA_DIRETA_PRESENTE,36,82.352941,100.0,Q01_R03=41|Q01_R05=41|Q01_R06=9|Q01_R02=5|Q01_R04=4,2,EVIDENCIA_DIRETA_PRESENTE,35,82.352941,100.0,Q02_R02=41|Q02_R06=41|Q02_R07=41|Q02_R08=41|Q02_R04=30,2,EVIDENCIA_DIRETA_PRESENTE,24,82.352941,100.0,Q03_R02=41|Q03_R07=41|Q03_R08=41|Q03_R05=38|Q03_R06=22,2,EVIDENCIA_DIRETA_PRESENTE,37,82.352941,100.0,Q04_R03=41|Q04_R04=41|Q04_R05=9|Q04_R02=4,2,EVIDENCIA_DIRETA_PRESENTE,14,58.823529,88.235294,Q05_R02=41|Q05_R04=41|Q05_R06=41|Q05_R07=41|Q05_R03=27,SCALE_PRIMARY_O00_V1,2026-08-29,PIH_MS_V2.5_ESTABILIDADE_SENSIBILIDADE_V1,False,False
SCALE-500-O00-00338,500,O00,499.9999999999812,1,20,2,2,MULTIPLAS_UNIDADES_SUPERFICIAIS,Grupo Caiuá,Granular (Gr),1,POCOS_SEM_EVIDENCIA_DIRETA_DA_PERGUNTA,0,0.0,0.0,Q01_R02=1|Q01_R03=1|Q01_R04=1|Q01_R05=1|Q01_R06=1,1,POCOS_SEM_EVIDENCIA_DIRETA_DA_PERGUNTA,0,0.0,0.0,Q02_R02=1|Q02_R03=1|Q02_R04=1|Q02_R05=1|Q02_R06=1,1,POCOS_SEM_EVIDENCIA_DIRETA_DA_PERGUNTA,0,0.0,0.0,Q03_R02=1|Q03_R03=1|Q03_R04=1|Q03_R05=1|Q03_R06=1,1,POCOS_SEM_EVIDENCIA_DIRETA_DA_PERGUNTA,0,0.0,0.0,Q04_R02=1|Q04_R03=1|Q04_R04=1|Q04_R05=1,1,POCOS_SEM_EVIDENCIA_DIRETA_DA_PERGUNTA,0,10.0,60.0,Q05_R02=1|Q05_R03=1|Q05_R04=1|Q05_R05=1|Q05_R06=1,SCALE_PRIMARY_O00_V1,2026-08-29,PIH_MS_V2.5_ESTABILIDADE_SENSIBILIDADE_V1,False,False
SCALE-500-O00-00339,500,O00,499.9999999999812,0,22,1,1,UMA_UNIDADE_SUPERFICIAL,Grupo Caiuá,Granular (Gr),0,SEM_POCOS_NO_CONJUNTO_AUDITADO,0,40.909091,13.636364,,0,SEM_POCOS_NO_CONJUNTO_AUDITADO,0,40.909091,13.636364,,0,SEM_POCOS_NO_CONJUNTO_AUDITADO,0,40.909091,13.636364,,0,SEM_POCOS_NO_CONJUNTO_AUDITADO,0,40.909091,13.636364,,0,SEM_POCOS_NO_CONJUNTO_AUDITADO,0,40.909091,13.636364,,SCALE_PRIMARY_O00_V1,2026-08-29,PIH_MS_V2.5_ESTABILIDADE_SENSIBILIDADE_V1,False,False
SCALE-500-O00-00340,500,O00,499.9999999999812,0,22,2,2,MULTIPLAS_UNIDADES_SUPERFICIAIS,Grupo Caiuá,Granular (Gr),0,SEM_POCOS_NO_CONJUNTO_AUDITADO,0,59.090909,13.636364,,0,SEM_POCOS_NO_CONJUNTO_AUDITADO,0,59.090909,13.636364,,0,SEM_POCOS_NO_CONJUNTO_AUDITADO,0,59.090909,13.636364,,0,SEM_POCOS_NO_CONJUNTO_AUDITADO,0,59.090909,13.636364,,0,SEM_POCOS_NO_CONJUNTO_AUDITADO,0,59.090909,13.636364,,SCALE_PRIMARY_O00_V1,2026-08-29,PIH_MS_V2.5_ESTABILIDADE_SENSIBILIDADE_V1,False,False
SCALE-500-O00-00341,500,O00,499.9999999999812,1,20,1,1,UMA_UNIDADE_SUPERFICIAL,Grupo Caiuá,Granular (Gr),2,EVIDENCIA_DIRETA_PRESENTE,1,5.0,5.0,Q01_R03=1|Q01_R05=1,2,EVIDENCIA_DIRETA_PRESENTE,1,5.0,5.0,Q02_R02=1|Q02_R04=1|Q02_R06=1|Q02_R07=1|Q02_R08=1,1,POCOS_SEM_EVIDENCIA_DIRETA_DA_PERGUNTA,0,5.0,5.0,Q03_R02=1|Q03_R04=1|Q03_R06=1|Q03_R07=1|Q03_R08=1,2,EVIDENCIA_DIRETA_PRESENTE,1,5.0,5.0,Q04_R03=1|Q04_R04=1,2,EVIDENCIA_DIRETA_PRESENTE,1,5.0,5.0,Q05_R02=1|Q05_R04=1|Q05_R06=1|Q05_R07=1,SCALE_PRIMARY_O00_V1,2026-08-29,PIH_MS_V2.5_ESTABILIDADE_SENSIBILIDADE_V1,False,False
SCALE-500-O00-00342,500,O00,499.9999999999812,0,18,1,1,UMA_UNIDADE_SUPERFICIAL,Grupo Caiuá,Granular (Gr),0,SEM_POCOS_NO_CONJUNTO_AUDITADO,0,55.555556,77.777778,,0,SEM_POCOS_NO_CONJUNTO_AUDITADO,0,55.555556,77.777778,,0,SEM_POCOS_NO_CONJUNTO_AUDITADO,0,55.555556,77.777778,,0,SEM_POCOS_NO_CONJUNTO_AUDITADO,0,55.555556,77.777778,,0,SEM_POCOS_NO_CONJUNTO_AUDITADO,0,55.555556,77.777778,,SCALE_PRIMARY_O00_V1,2026-08-29,PIH_MS_V2.5_ESTABILIDADE_SENSIBILIDADE_V1,False,False
SCALE-500-O00-00343,500,O00,499.9999999999812,0,20,1,1,UMA_UNIDADE_SUPERFICIAL,Grupo Caiuá,Granular (Gr),0,SEM_POCOS_NO_CONJUNTO_AUDITADO,0,45.0,90.0,,0,SEM_POCOS_NO_CONJUNTO_AUDITADO,0,45.0,90.0,,0,SEM_POCOS_NO_CONJUNTO_AUDITADO,0,45.0,90.0,,0,SEM_POCOS_NO_CONJUNTO_AUDITADO,0,45.0,90.0,,0,SEM_POCOS_NO_CONJUNTO_AUDITADO,0,45.0,90.0,,SCALE_PRIMARY_O00_V1,2026-08-29,PIH_MS_V2.5_ESTABILIDADE_SENSIBILIDADE_V1,False,False
SCALE-500-O00-00344,500,O00,499.9999999999812,3,22,1,1,UMA_UNIDADE_SUPERFICIAL,Grupo Caiuá,Granular (Gr),2,EVIDENCIA_DIRETA_PRESENTE,3,22.727273,63.636364,Q01_R03=3|Q01_R05=3|Q01_R06=3,2,EVIDENCIA_DIRETA_PRESENTE,3,22.727273,63.636364,Q02_R02=3|Q02_R03=3|Q02_R04=3|Q02_R05=3|Q02_R06=3,2,EVIDENCIA_DIRETA_PRESENTE,3,22.727273,63.636364,Q03_R02=3|Q03_R03=3|Q03_R05=3|Q03_R07=3|Q03_R08=3,2,EVIDENCIA_DIRETA_PRESENTE,3,22.727273,63.636364,Q04_R03=3|Q04_R04=3|Q04_R05=3,1,POCOS_SEM_EVIDENCIA_DIRETA_DA_PERGUNTA,0,22.727273,4.545455,Q05_R02=3|Q05_R03=3|Q05_R04=3|Q05_R05=3|Q05_R06=3,SCALE_PRIMARY_O00_V1,2026-08-29,PIH_MS_V2.5_ESTABILIDADE_SENSIBILIDADE_V1,False,False
SCALE-500-O00-00345,500,O00,499.9999999999812,0,22,1,1,UMA_UNIDADE_SUPERFICIAL,Grupo Caiuá,Granular (Gr),0,SEM_POCOS_NO_CONJUNTO_AUDITADO,0,0.0,59.090909,,0,SEM_POCOS_NO_CONJUNTO_AUDITADO,0,0.0,59.090909,,0,SEM_POCOS_NO_CONJUNTO_AUDITADO,0,0.0,59.090909,,0,SEM_POCOS_NO_CONJUNTO_AUDITADO,0,0.0,59.090909,,0,SEM_POCOS_NO_CONJUNTO_AUDITADO,0,0.0,59.090909,,SCALE_PRIMARY_O00_V1,2026-08-29,PIH_MS_V2.5_ESTABILIDADE_SENSIBILIDADE_V1,False,False
SCALE-500-O00-00346,500,O00,499.9999999999812,0,20,2,1,MULTIPLAS_UNIDADES_SUPERFICIAIS,Grupo Caiuá,Granular (Gr),0,SEM_POCOS_NO_CONJUNTO_AUDITADO,0,0.0,80.0,,0,SEM_POCOS_NO_CONJUNTO_AUDITADO,0,0.0,80.0,,0,SEM_POCOS_NO_CONJUNTO_AUDITADO,0,0.0,80.0,,0,SEM_POCOS_NO_CONJUNTO_AUDITADO,0,0.0,80.0,,0,SEM_POCOS_NO_CONJUNTO_AUDITADO,0,0.0,80.0,,SCALE_PRIMARY_O00_V1,2026-08-29,PIH_MS_V2.5_ESTABILIDADE_SENSIBILIDADE_V1,False,False
SCALE-500-O00-00347,500,O00,499.9999999999812,1,18,2,1,MULTIPLAS_UNIDADES_SUPERFICIAIS,Grupo Caiuá,Granular (Gr),2,EVIDENCIA_DIRETA_PRESENTE,1,0.0,11.111111,Q01_R03=1|Q01_R05=1,2,EVIDENCIA_DIRETA_PRESENTE,1,0.0,11.111111,Q02_R02=1|Q02_R06=1|Q02_R07=1|Q02_R08=1,1,POCOS_SEM_EVIDENCIA_DIRETA_DA_PERGUNTA,0,0.0,0.0,Q03_R02=1|Q03_R04=1|Q03_R05=1|Q03_R06=1|Q03_R07=1,2,EVIDENCIA_DIRETA_PRESENTE,1,0.0,11.111111,Q04_R03=1|Q04_R04=1,2,EVIDENCIA_DIRETA_PRESENTE,1,0.0,0.0,Q05_R02=1|Q05_R04=1|Q05_R06=1|Q05_R07=1,SCALE_PRIMARY_O00_V1,2026-08-29,PIH_MS_V2.5_ESTABILIDADE_SENSIBILIDADE_V1,False,False
SCALE-500-O00-00348,500,O00,499.9999999999812,2,20,1,1,UMA_UNIDADE_SUPERFICIAL,Grupo Caiuá,Granular (Gr),2,EVIDENCIA_DIRETA_PRESENTE,2,0.0,20.0,Q01_R03=2|Q01_R05=2|Q01_R06=2,2,EVIDENCIA_DIRETA_PRESENTE,2,0.0,20.0,Q02_R02=2|Q02_R03=2|Q02_R06=2|Q02_R07=2|Q02_R08=2,2,EVIDENCIA_DIRETA_PRESENTE,2,0.0,10.0,Q03_R02=2|Q03_R03=2|Q03_R07=2|Q03_R08=2|Q03_R05=1,2,EVIDENCIA_DIRETA_PRESENTE,2,0.0,20.0,Q04_R03=2|Q04_R04=2|Q04_R05=2,2,EVIDENCIA_DIRETA_PRESENTE,1,0.0,20.0,Q05_R02=2|Q05_R04=2|Q05_R05=2|Q05_R06=2|Q05_R07=2,SCALE_PRIMARY_O00_V1,2026-08-29,PIH_MS_V2.5_ESTABILIDADE_SENSIBILIDADE_V1,False,False
SCALE-500-O00-00349,500,O00,499.99261662095915,7,22,2,2,MULTIPLAS_UNIDADES_SUPERFICIAIS,Grupo Caiuá,Granular (Gr),2,EVIDENCIA_DIRETA_PRESENTE,5,68.181818,77.272727,Q01_R03=7|Q01_R05=7|Q01_R06=7|Q01_R02=2|Q01_R04=2,2,EVIDENCIA_DIRETA_PRESENTE,5,68.181818,77.272727,Q02_R02=7|Q02_R03=7|Q02_R04=7|Q02_R06=7|Q02_R07=7,2,EVIDENCIA_DIRETA_PRESENTE,4,50.0,77.272727,Q03_R02=7|Q03_R03=7|Q03_R07=7|Q03_R08=7|Q03_R05=6,2,EVIDENCIA_DIRETA_PRESENTE,5,68.181818,77.272727,Q04_R03=7|Q04_R04=7|Q04_R05=7|Q04_R02=2,2,EVIDENCIA_DIRETA_PRESENTE,1,27.272727,22.727273,Q05_R02=7|Q05_R04=7|Q05_R05=7|Q05_R06=7|Q05_R07=7,SCALE_PRIMARY_O00_V1,2026-08-29,PIH_MS_V2.5_ESTABILIDADE_SENSIBILIDADE_V1,False,False
SCALE-500-O00-00350,500,O00,149.99492289783186,0,7,2,2,MULTIPLAS_UNIDADES_SUPERFICIAIS,Formação Serra Geral,Fraturada (Fr),0,SEM_POCOS_NO_CONJUNTO_AUDITADO,0,0.0,0.0,,0,SEM_POCOS_NO_CONJUNTO_AUDITADO,0,0.0,0.0,,0,SEM_POCOS_NO_CONJUNTO_AUDITADO,0,0.0,0.0,,0,SEM_POCOS_NO_CONJUNTO_AUDITADO,0,0.0,0.0,,0,SEM_POCOS_NO_CONJUNTO_AUDITADO,0,0.0,0.0,,SCALE_PRIMARY_O00_V1,2026-08-29,PIH_MS_V2.5_ESTABILIDADE_SENSIBILIDADE_V1,False,False
SCALE-500-O00-00351,500,O00,271.18022519272694,0,10,1,1,UMA_UNIDADE_SUPERFICIAL,Formação Pantanal,Granular (Gr),0,SEM_POCOS_NO_CONJUNTO_AUDITADO,0,100.0,100.0,,0,SEM_POCOS_NO_CONJUNTO_AUDITADO,0,100.0,100.0,,0,SEM_POCOS_NO_CONJUNTO_AUDITADO,0,100.0,100.0,,0,SEM_POCOS_NO_CONJUNTO_AUDITADO,0,100.0,100.0,,0,SEM_POCOS_NO_CONJUNTO_AUDITADO,0,100.0,100.0,,SCALE_PRIMARY_O00_V1,2026-08-29,PIH_MS_V2.5_ESTABILIDADE_SENSIBILIDADE_V1,False,False
SCALE-500-O00-00352,500,O00,499.9999999999812,0,21,1,1,UMA_UNIDADE_SUPERFICIAL,Formação Pantanal,Granular (Gr),0,SEM_POCOS_NO_CONJUNTO_AUDITADO,0,100.0,100.0,,0,SEM_POCOS_NO_CONJUNTO_AUDITADO,0,100.0,100.0,,0,SEM_POCOS_NO_CONJUNTO_AUDITADO,0,100.0,100.0,,0,SEM_POCOS_NO_CONJUNTO_AUDITADO,0,100.0,100.0,,0,SEM_POCOS_NO_CONJUNTO_AUDITADO,0,100.0,100.0,,SCALE_PRIMARY_O00_V1,2026-08-29,PIH_MS_V2.5_ESTABILIDADE_SENSIBILIDADE_V1,False,False
SCALE-500-O00-00353,500,O00,499.9999999999812,0,18,2,1,MULTIPLAS_UNIDADES_SUPERFICIAIS,Formação Pantanal,Granular (Gr),0,SEM_POCOS_NO_CONJUNTO_AUDITADO,0,100.0,100.0,,0,SEM_POCOS_NO_CONJUNTO_AUDITADO,0,100.0,100.0,,0,SEM_POCOS_NO_CONJUNTO_AUDITADO,0,100.0,100.0,,0,SEM_POCOS_NO_CONJUNTO_AUDITADO,0,100.0,100.0,,0,SEM_POCOS_NO_CONJUNTO_AUDITADO,0,100.0,100.0,,SCALE_PRIMARY_O00_V1,2026-08-29,PIH_MS_V2.5_ESTABILIDADE_SENSIBILIDADE_V1,False,False
SCALE-500-O00-00354,500,O00,499.9999999999812,0,21,2,2,MULTIPLAS_UNIDADES_SUPERFICIAIS,Formação Pantanal,Granular (Gr),0,SEM_POCOS_NO_CONJUNTO_AUDITADO,0,100.0,100.0,,0,SEM_POCOS_NO_CONJUNTO_AUDITADO,0,100.0,100.0,,0,SEM_POCOS_NO_CONJUNTO_AUDITADO,0,100.0,100.0,,0,SEM_POCOS_NO_CONJUNTO_AUDITADO,0,100.0,100.0,,0,SEM_POCOS_NO_CONJUNTO_AUDITADO,0,100.0,100.0,,SCALE_PRIMARY_O00_V1,2026-08-29,PIH_MS_V2.5_ESTABILIDADE_SENSIBILIDADE_V1,False,False
SCALE-500-O00-00355,500,O00,499.9999999999812,0,20,2,2,MULTIPLAS_UNIDADES_SUPERFICIAIS,Embasamento Indiferenciado,Fraturada (Fr),0,SEM_POCOS_NO_CONJUNTO_AUDITADO,0,40.0,90.0,,0,SEM_POCOS_NO_CONJUNTO_AUDITADO,0,40.0,90.0,,0,SEM_POCOS_NO_CONJUNTO_AUDITADO,0,40.0,90.0,,0,SEM_POCOS_NO_CONJUNTO_AUDITADO,0,40.0,90.0,,0,SEM_POCOS_NO_CONJUNTO_AUDITADO,0,40.0,90.0,,SCALE_PRIMARY_O00_V1,2026-08-29,PIH_MS_V2.5_ESTABILIDADE_SENSIBILIDADE_V1,False,False
SCALE-500-O00-00356,500,O00,499.9999999999812,0,20,4,3,MULTIPLAS_UNIDADES_SUPERFICIAIS,Grupo Corumbá,Cárstica (K),0,SEM_POCOS_NO_CONJUNTO_AUDITADO,0,0.0,0.0,,0,SEM_POCOS_NO_CONJUNTO_AUDITADO,0,0.0,0.0,,0,SEM_POCOS_NO_CONJUNTO_AUDITADO,0,0.0,0.0,,0,SEM_POCOS_NO_CONJUNTO_AUDITADO,0,0.0,0.0,,0,SEM_POCOS_NO_CONJUNTO_AUDITADO,0,0.0,0.0,,SCALE_PRIMARY_O00_V1,2026-08-29,PIH_MS_V2.5_ESTABILIDADE_SENSIBILIDADE_V1,False,False
SCALE-500-O00-00357,500,O00,499.9999999999812,2,20,4,3,MULTIPLAS_UNIDADES_SUPERFICIAIS,Grupo Cuiaba,Fraturada (Fr),2,EVIDENCIA_DIRETA_PRESENTE,2,0.0,10.0,Q01_R03=2|Q01_R05=2|Q01_R06=2,2,EVIDENCIA_DIRETA_PRESENTE,2,0.0,10.0,Q02_R02=2|Q02_R03=2|Q02_R04=2|Q02_R05=2|Q02_R06=2,2,EVIDENCIA_DIRETA_PRESENTE,2,0.0,10.0,Q03_R02=2|Q03_R03=2|Q03_R05=2|Q03_R07=2|Q03_R08=2,2,EVIDENCIA_DIRETA_PRESENTE,2,0.0,10.0,Q04_R03=2|Q04_R04=2|Q04_R05=2,1,POCOS_SEM_EVIDENCIA_DIRETA_DA_PERGUNTA,0,0.0,0.0,Q05_R02=2|Q05_R03=2|Q05_R04=2|Q05_R05=2|Q05_R06=2,SCALE_PRIMARY_O00_V1,2026-08-29,PIH_MS_V2.5_ESTABILIDADE_SENSIBILIDADE_V1,False,False
SCALE-500-O00-00358,500,O00,499.9999999999812,2,21,3,2,MULTIPLAS_UNIDADES_SUPERFICIAIS,Grupo Cuiaba,Granular (Gr),1,POCOS_SEM_EVIDENCIA_DIRETA_DA_PERGUNTA,0,0.0,14.285714,Q01_R02=2|Q01_R03=2|Q01_R04=2|Q01_R05=2|Q01_R06=2,1,POCOS_SEM_EVIDENCIA_DIRETA_DA_PERGUNTA,0,0.0,14.285714,Q02_R02=2|Q02_R03=2|Q02_R04=2|Q02_R05=2|Q02_R06=2,1,POCOS_SEM_EVIDENCIA_DIRETA_DA_PERGUNTA,0,0.0,14.285714,Q03_R02=2|Q03_R03=2|Q03_R04=2|Q03_R05=2|Q03_R06=2,1,POCOS_SEM_EVIDENCIA_DIRETA_DA_PERGUNTA,0,0.0,14.285714,Q04_R02=2|Q04_R03=2|Q04_R04=2|Q04_R05=2,1,POCOS_SEM_EVIDENCIA_DIRETA_DA_PERGUNTA,0,0.0,14.285714,Q05_R02=2|Q05_R03=2|Q05_R04=2|Q05_R05=2|Q05_R06=2,SCALE_PRIMARY_O00_V1,2026-08-29,PIH_MS_V2.5_ESTABILIDADE_SENSIBILIDADE_V1,False,False
SCALE-500-O00-00359,500,O00,499.9999999999812,1,18,1,2,UMA_UNIDADE_SUPERFICIAL,Grupo Cuiaba,Fraturada (Fr),2,EVIDENCIA_DIRETA_PRESENTE,1,5.555556,66.666667,Q01_R03=1|Q01_R05=1|Q01_R06=1,2,EVIDENCIA_DIRETA_PRESENTE,1,5.555556,66.666667,Q02_R02=1|Q02_R03=1|Q02_R04=1|Q02_R06=1|Q02_R07=1,2,EVIDENCIA_DIRETA_PRESENTE,1,5.555556,61.111111,Q03_R02=1|Q03_R03=1|Q03_R07=1|Q03_R08=1,2,EVIDENCIA_DIRETA_PRESENTE,1,5.555556,66.666667,Q04_R03=1|Q04_R04=1|Q04_R05=1,2,EVIDENCIA_DIRETA_PRESENTE,1,5.555556,66.666667,Q05_R02=1|Q05_R04=1|Q05_R05=1|Q05_R06=1|Q05_R07=1,SCALE_PRIMARY_O00_V1,2026-08-29,PIH_MS_V2.5_ESTABILIDADE_SENSIBILIDADE_V1,False,False
SCALE-500-O00-00360,500,O00,499.9999999999812,0,21,4,2,MULTIPLAS_UNIDADES_SUPERFICIAIS,Grupo Cuiaba,Granular (Gr),0,SEM_POCOS_NO_CONJUNTO_AUDITADO,0,0.0,0.0,,0,SEM_POCOS_NO_CONJUNTO_AUDITADO,0,0.0,0.0,,0,SEM_POCOS_NO_CONJUNTO_AUDITADO,0,0.0,0.0,,0,SEM_POCOS_NO_CONJUNTO_AUDITADO,0,0.0,0.0,,0,SEM_POCOS_NO_CONJUNTO_AUDITADO,0,0.0,0.0,,SCALE_PRIMARY_O00_V1,2026-08-29,PIH_MS_V2.5_ESTABILIDADE_SENSIBILIDADE_V1,False,False
SCALE-500-O00-00361,500,O00,499.9999999999812,48,20,4,2,MULTIPLAS_UNIDADES_SUPERFICIAIS,Formação Aquidauana,Granular (Gr),2,EVIDENCIA_DIRETA_PRESENTE,40,40.0,80.0,Q01_R03=48|Q01_R05=48|Q01_R06=26|Q01_R02=8|Q01_R04=1,2,EVIDENCIA_DIRETA_PRESENTE,39,40.0,80.0,Q02_R02=48|Q02_R06=48|Q02_R07=48|Q02_R08=48|Q02_R03=26,2,EVIDENCIA_DIRETA_PRESENTE,11,40.0,80.0,Q03_R02=48|Q03_R07=48|Q03_R08=48|Q03_R05=44|Q03_R06=39,2,EVIDENCIA_DIRETA_PRESENTE,47,40.0,80.0,Q04_R03=48|Q04_R04=48|Q04_R05=26|Q04_R02=1,2,EVIDENCIA_DIRETA_PRESENTE,32,15.0,80.0,Q05_R02=48|Q05_R04=48|Q05_R06=48|Q05_R07=48|Q05_R05=26,SCALE_PRIMARY_O00_V1,2026-08-29,PIH_MS_V2.5_ESTABILIDADE_SENSIBILIDADE_V1,False,False
SCALE-500-O00-00362,500,O00,499.9999999999812,11,20,1,1,UMA_UNIDADE_SUPERFICIAL,Formação Aquidauana,Granular (Gr),2,EVIDENCIA_DIRETA_PRESENTE,6,35.0,90.0,Q01_R03=11|Q01_R05=11|Q01_R06=6|Q01_R02=5|Q01_R04=1,2,EVIDENCIA_DIRETA_PRESENTE,6,35.0,90.0,Q02_R02=11|Q02_R06=11|Q02_R07=11|Q02_R08=11|Q02_R04=9,2,EVIDENCIA_DIRETA_PRESENTE,4,35.0,90.0,Q03_R02=11|Q03_R07=11|Q03_R08=11|Q03_R05=10|Q03_R04=7,2,EVIDENCIA_DIRETA_PRESENTE,10,40.0,95.0,Q04_R03=11|Q04_R04=11|Q04_R05=6|Q04_R02=1,2,EVIDENCIA_DIRETA_PRESENTE,4,35.0,90.0,Q05_R02=11|Q05_R04=11|Q05_R06=11|Q05_R07=11|Q05_R03=7,SCALE_PRIMARY_O00_V1,2026-08-29,PIH_MS_V2.5_ESTABILIDADE_SENSIBILIDADE_V1,False,False
SCALE-500-O00-00363,500,O00,499.9999999999812,5,21,3,2,MULTIPLAS_UNIDADES_SUPERFICIAIS,Formação Botucatu,Granular (Gr),2,EVIDENCIA_DIRETA_PRESENTE,4,38.095238,85.714286,Q01_R03=5|Q01_R05=5|Q01_R06=2|Q01_R02=1|Q01_R04=1,2,EVIDENCIA_DIRETA_PRESENTE,4,38.095238,85.714286,Q02_R02=5|Q02_R06=5|Q02_R07=5|Q02_R08=5|Q02_R04=4,2,EVIDENCIA_DIRETA_PRESENTE,3,38.095238,85.714286,Q03_R02=5|Q03_R07=5|Q03_R08=5|Q03_R05=3|Q03_R03=2,2,EVIDENCIA_DIRETA_PRESENTE,4,38.095238,85.714286,Q04_R03=5|Q04_R04=5|Q04_R05=2|Q04_R02=1,2,EVIDENCIA_DIRETA_PRESENTE,3,14.285714,76.190476,Q05_R02=5|Q05_R04=5|Q05_R06=5|Q05_R07=5|Q05_R05=2,SCALE_PRIMARY_O00_V1,2026-08-29,PIH_MS_V2.5_ESTABILIDADE_SENSIBILIDADE_V1,False,False
SCALE-500-O00-00364,500,O00,499.9999999999812,14,18,2,2,MULTIPLAS_UNIDADES_SUPERFICIAIS,Formação Serra Geral,Fraturada (Fr),2,EVIDENCIA_DIRETA_PRESENTE,4,27.777778,83.333333,Q01_R03=14|Q01_R05=14|Q01_R02=10|Q01_R04=10|Q01_R06=10,2,EVIDENCIA_DIRETA_PRESENTE,4,27.777778,83.333333,Q02_R02=14|Q02_R04=14|Q02_R05=14|Q02_R06=14|Q02_R07=14,2,EVIDENCIA_DIRETA_PRESENTE,4,27.777778,83.333333,Q03_R02=14|Q03_R05=14|Q03_R07=14|Q03_R08=14|Q03_R03=10,2,EVIDENCIA_DIRETA_PRESENTE,4,27.777778,83.333333,Q04_R03=14|Q04_R04=14|Q04_R02=10|Q04_R05=10,1,POCOS_SEM_EVIDENCIA_DIRETA_DA_PERGUNTA,0,0.0,0.0,Q05_R02=14|Q05_R03=14|Q05_R04=14|Q05_R06=14|Q05_R07=14,SCALE_PRIMARY_O00_V1,2026-08-29,PIH_MS_V2.5_ESTABILIDADE_SENSIBILIDADE_V1,False,False
SCALE-500-O00-00365,500,O00,499.9999999999812,74,21,1,1,UMA_UNIDADE_SUPERFICIAL,Formação Serra Geral,Fraturada (Fr),2,EVIDENCIA_DIRETA_PRESENTE,63,95.238095,100.0,Q01_R03=74|Q01_R05=74|Q01_R06=17|Q01_R02=11|Q01_R04=5,2,EVIDENCIA_DIRETA_PRESENTE,60,95.238095,100.0,Q02_R02=74|Q02_R06=74|Q02_R08=74|Q02_R07=70|Q02_R04=52,2,EVIDENCIA_DIRETA_PRESENTE,52,95.238095,100.0,Q03_R02=74|Q03_R07=74|Q03_R08=74|Q03_R05=58|Q03_R06=28,2,EVIDENCIA_DIRETA_PRESENTE,69,95.238095,100.0,Q04_R03=74|Q04_R04=74|Q04_R05=17|Q04_R02=5,2,EVIDENCIA_DIRETA_PRESENTE,27,52.380952,100.0,Q05_R02=74|Q05_R04=74|Q05_R06=74|Q05_R07=74|Q05_R03=47,SCALE_PRIMARY_O00_V1,2026-08-29,PIH_MS_V2.5_ESTABILIDADE_SENSIBILIDADE_V1,False,False
SCALE-500-O00-00366,500,O00,499.9999999999812,391,20,2,2,MULTIPLAS_UNIDADES_SUPERFICIAIS,Formação Serra Geral,Fraturada (Fr),2,EVIDENCIA_DIRETA_PRESENTE,360,100.0,100.0,Q01_R03=391|Q01_R05=391|Q01_R06=130|Q01_R02=31|Q01_R04=16,2,EVIDENCIA_DIRETA_PRESENTE,343,90.0,100.0,Q02_R02=391|Q02_R06=391|Q02_R08=391|Q02_R07=387|Q02_R04=248,2,EVIDENCIA_DIRETA_PRESENTE,233,100.0,100.0,Q03_R02=391|Q03_R07=391|Q03_R08=391|Q03_R05=342|Q03_R06=198,2,EVIDENCIA_DIRETA_PRESENTE,375,100.0,100.0,Q04_R03=391|Q04_R04=391|Q04_R05=130|Q04_R02=16|Q04_R06=1,2,EVIDENCIA_DIRETA_PRESENTE,175,80.0,100.0,Q05_R02=391|Q05_R04=391|Q05_R06=391|Q05_R07=391|Q05_R03=216,SCALE_PRIMARY_O00_V1,2026-08-29,PIH_MS_V2.5_ESTABILIDADE_SENSIBILIDADE_V1,False,False
SCALE-500-O00-00367,500,O00,499.9999999999812,3,21,2,2,MULTIPLAS_UNIDADES_SUPERFICIAIS,Formação Serra Geral,Fraturada (Fr),2,EVIDENCIA_DIRETA_PRESENTE,3,28.571429,33.333333,Q01_R03=3|Q01_R05=3|Q01_R06=3,2,EVIDENCIA_DIRETA_PRESENTE,3,28.571429,33.333333,Q02_R02=3|Q02_R03=3|Q02_R04=3|Q02_R05=3|Q02_R06=3,2,EVIDENCIA_DIRETA_PRESENTE,3,28.571429,33.333333,Q03_R02=3|Q03_R03=3|Q03_R05=3|Q03_R07=3|Q03_R08=3,2,EVIDENCIA_DIRETA_PRESENTE,3,28.571429,33.333333,Q04_R03=3|Q04_R04=3|Q04_R05=3,1,POCOS_SEM_EVIDENCIA_DIRETA_DA_PERGUNTA,0,0.0,4.761905,Q05_R02=3|Q05_R03=3|Q05_R04=3|Q05_R05=3|Q05_R06=3,SCALE_PRIMARY_O00_V1,2026-08-29,PIH_MS_V2.5_ESTABILIDADE_SENSIBILIDADE_V1,False,False
SCALE-500-O00-00368,500,O00,499.9999999999812,3,21,2,2,MULTIPLAS_UNIDADES_SUPERFICIAIS,Grupo Caiuá,Granular (Gr),2,EVIDENCIA_DIRETA_PRESENTE,3,9.52381,76.190476,Q01_R03=3|Q01_R05=3|Q01_R06=3,2,EVIDENCIA_DIRETA_PRESENTE,3,9.52381,76.190476,Q02_R02=3|Q02_R03=3|Q02_R04=3|Q02_R05=3|Q02_R06=3,2,EVIDENCIA_DIRETA_PRESENTE,3,9.52381,76.190476,Q03_R02=3|Q03_R03=3|Q03_R05=3|Q03_R07=3|Q03_R08=3,2,EVIDENCIA_DIRETA_PRESENTE,3,9.52381,76.190476,Q04_R03=3|Q04_R04=3|Q04_R05=3,1,POCOS_SEM_EVIDENCIA_DIRETA_DA_PERGUNTA,0,9.52381,85.714286,Q05_R02=3|Q05_R03=3|Q05_R04=3|Q05_R05=3|Q05_R06=3,SCALE_PRIMARY_O00_V1,2026-08-29,PIH_MS_V2.5_ESTABILIDADE_SENSIBILIDADE_V1,False,False
SCALE-500-O00-00369,500,O00,499.9999999999812,4,18,2,2,MULTIPLAS_UNIDADES_SUPERFICIAIS,Grupo Caiuá,Granular (Gr),2,EVIDENCIA_DIRETA_PRESENTE,3,33.333333,88.888889,Q01_R03=4|Q01_R05=4|Q01_R06=4|Q01_R02=1,2,EVIDENCIA_DIRETA_PRESENTE,3,33.333333,88.888889,Q02_R02=4|Q02_R03=4|Q02_R06=4|Q02_R07=4|Q02_R08=4,2,EVIDENCIA_DIRETA_PRESENTE,1,11.111111,88.888889,Q03_R02=4|Q03_R03=4|Q03_R05=4|Q03_R07=4|Q03_R08=4,2,EVIDENCIA_DIRETA_PRESENTE,4,33.333333,88.888889,Q04_R03=4|Q04_R04=4|Q04_R05=4,2,EVIDENCIA_DIRETA_PRESENTE,1,16.666667,61.111111,Q05_R02=4|Q05_R04=4|Q05_R05=4|Q05_R06=4|Q05_R07=4,SCALE_PRIMARY_O00_V1,2026-08-29,PIH_MS_V2.5_ESTABILIDADE_SENSIBILIDADE_V1,False,False
SCALE-500-O00-00370,500,O00,499.9999999999812,28,21,2,2,MULTIPLAS_UNIDADES_SUPERFICIAIS,Grupo Caiuá,Granular (Gr),2,EVIDENCIA_DIRETA_PRESENTE,19,38.095238,90.47619,Q01_R05=28|Q01_R03=26|Q01_R06=16|Q01_R02=9|Q01_R04=3,2,EVIDENCIA_DIRETA_PRESENTE,18,38.095238,90.47619,Q02_R02=28|Q02_R06=28|Q02_R07=28|Q02_R08=28|Q02_R04=23,2,EVIDENCIA_DIRETA_PRESENTE,21,28.571429,85.714286,Q03_R02=28|Q03_R07=28|Q03_R08=28|Q03_R05=21|Q03_R03=16,2,EVIDENCIA_DIRETA_PRESENTE,25,42.857143,90.47619,Q04_R03=28|Q04_R04=28|Q04_R05=16|Q04_R02=3,2,EVIDENCIA_DIRETA_PRESENTE,10,33.333333,90.47619,Q05_R02=28|Q05_R04=28|Q05_R06=28|Q05_R07=28|Q05_R03=18,SCALE_PRIMARY_O00_V1,2026-08-29,PIH_MS_V2.5_ESTABILIDADE_SENSIBILIDADE_V1,False,False
SCALE-500-O00-00371,500,O00,499.9999999999812,0,20,1,1,UMA_UNIDADE_SUPERFICIAL,Grupo Caiuá,Granular (Gr),0,SEM_POCOS_NO_CONJUNTO_AUDITADO,0,0.0,10.0,,0,SEM_POCOS_NO_CONJUNTO_AUDITADO,0,0.0,10.0,,0,SEM_POCOS_NO_CONJUNTO_AUDITADO,0,0.0,10.0,,0,SEM_POCOS_NO_CONJUNTO_AUDITADO,0,0.0,10.0,,0,SEM_POCOS_NO_CONJUNTO_AUDITADO,0,0.0,10.0,,SCALE_PRIMARY_O00_V1,2026-08-29,PIH_MS_V2.5_ESTABILIDADE_SENSIBILIDADE_V1,False,False
SCALE-500-O00-00372,500,O00,499.9999999999812,1,20,1,1,UMA_UNIDADE_SUPERFICIAL,Grupo Caiuá,Granular (Gr),1,POCOS_SEM_EVIDENCIA_DIRETA_DA_PERGUNTA,0,0.0,0.0,Q01_R02=1|Q01_R03=1|Q01_R04=1|Q01_R05=1|Q01_R06=1,1,POCOS_SEM_EVIDENCIA_DIRETA_DA_PERGUNTA,0,0.0,0.0,Q02_R02=1|Q02_R03=1|Q02_R04=1|Q02_R05=1|Q02_R06=1,1,POCOS_SEM_EVIDENCIA_DIRETA_DA_PERGUNTA,0,0.0,0.0,Q03_R02=1|Q03_R03=1|Q03_R04=1|Q03_R05=1|Q03_R06=1,1,POCOS_SEM_EVIDENCIA_DIRETA_DA_PERGUNTA,0,0.0,0.0,Q04_R02=1|Q04_R03=1|Q04_R04=1|Q04_R05=1,1,POCOS_SEM_EVIDENCIA_DIRETA_DA_PERGUNTA,0,25.0,55.0,Q05_R02=1|Q05_R03=1|Q05_R04=1|Q05_R05=1|Q05_R06=1,SCALE_PRIMARY_O00_V1,2026-08-29,PIH_MS_V2.5_ESTABILIDADE_SENSIBILIDADE_V1,False,False
SCALE-500-O00-00373,500,O00,499.9999999999812,22,21,1,1,UMA_UNIDADE_SUPERFICIAL,Grupo Caiuá,Granular (Gr),2,EVIDENCIA_DIRETA_PRESENTE,21,14.285714,76.190476,Q01_R03=22|Q01_R05=22|Q01_R06=21|Q01_R02=1,2,EVIDENCIA_DIRETA_PRESENTE,21,14.285714,76.190476,Q02_R02=22|Q02_R06=22|Q02_R08=22|Q02_R03=21|Q02_R07=18,2,EVIDENCIA_DIRETA_PRESENTE,15,14.285714,76.190476,Q03_R02=22|Q03_R07=22|Q03_R08=22|Q03_R03=21|Q03_R05=13,2,EVIDENCIA_DIRETA_PRESENTE,22,14.285714,76.190476,Q04_R03=22|Q04_R04=22|Q04_R05=21,2,EVIDENCIA_DIRETA_PRESENTE,15,9.52381,57.142857,Q05_R02=22|Q05_R04=22|Q05_R06=22|Q05_R07=22|Q05_R05=21,SCALE_PRIMARY_O00_V1,2026-08-29,PIH_MS_V2.5_ESTABILIDADE_SENSIBILIDADE_V1,False,False
SCALE-500-O00-00374,500,O00,499.9999999999812,13,18,1,1,UMA_UNIDADE_SUPERFICIAL,Grupo Caiuá,Granular (Gr),2,EVIDENCIA_DIRETA_PRESENTE,13,38.888889,88.888889,Q01_R05=13|Q01_R03=12|Q01_R06=12,2,EVIDENCIA_DIRETA_PRESENTE,12,38.888889,88.888889,Q02_R02=13|Q02_R06=13|Q02_R07=13|Q02_R08=13|Q02_R03=12,2,EVIDENCIA_DIRETA_PRESENTE,12,22.222222,22.222222,Q03_R02=13|Q03_R07=13|Q03_R08=13|Q03_R03=12|Q03_R05=12,2,EVIDENCIA_DIRETA_PRESENTE,13,38.888889,88.888889,Q04_R03=13|Q04_R04=13|Q04_R05=12,2,EVIDENCIA_DIRETA_PRESENTE,2,33.333333,77.777778,Q05_R02=13|Q05_R04=13|Q05_R06=13|Q05_R07=13|Q05_R05=12,SCALE_PRIMARY_O00_V1,2026-08-29,PIH_MS_V2.5_ESTABILIDADE_SENSIBILIDADE_V1,False,False
SCALE-500-O00-00375,500,O00,499.9999999999812,1,21,1,1,UMA_UNIDADE_SUPERFICIAL,Grupo Caiuá,Granular (Gr),1,POCOS_SEM_EVIDENCIA_DIRETA_DA_PERGUNTA,0,0.0,47.619048,Q01_R02=1|Q01_R03=1|Q01_R04=1|Q01_R05=1|Q01_R06=1,1,POCOS_SEM_EVIDENCIA_DIRETA_DA_PERGUNTA,0,0.0,47.619048,Q02_R02=1|Q02_R03=1|Q02_R04=1|Q02_R05=1|Q02_R06=1,1,POCOS_SEM_EVIDENCIA_DIRETA_DA_PERGUNTA,0,0.0,66.666667,Q03_R02=1|Q03_R03=1|Q03_R04=1|Q03_R05=1|Q03_R06=1,1,POCOS_SEM_EVIDENCIA_DIRETA_DA_PERGUNTA,0,0.0,47.619048,Q04_R02=1|Q04_R03=1|Q04_R04=1|Q04_R05=1,1,POCOS_SEM_EVIDENCIA_DIRETA_DA_PERGUNTA,0,0.0,47.619048,Q05_R02=1|Q05_R03=1|Q05_R04=1|Q05_R05=1|Q05_R06=1,SCALE_PRIMARY_O00_V1,2026-08-29,PIH_MS_V2.5_ESTABILIDADE_SENSIBILIDADE_V1,False,False
SCALE-500-O00-00376,500,O00,499.9999999999812,0,20,1,1,UMA_UNIDADE_SUPERFICIAL,Grupo Caiuá,Granular (Gr),0,SEM_POCOS_NO_CONJUNTO_AUDITADO,0,40.0,85.0,,0,SEM_POCOS_NO_CONJUNTO_AUDITADO,0,40.0,85.0,,0,SEM_POCOS_NO_CONJUNTO_AUDITADO,0,40.0,85.0,,0,SEM_POCOS_NO_CONJUNTO_AUDITADO,0,40.0,85.0,,0,SEM_POCOS_NO_CONJUNTO_AUDITADO,0,40.0,85.0,,SCALE_PRIMARY_O00_V1,2026-08-29,PIH_MS_V2.5_ESTABILIDADE_SENSIBILIDADE_V1,False,False
SCALE-500-O00-00377,500,O00,499.9999999999812,0,20,1,1,UMA_UNIDADE_SUPERFICIAL,Grupo Caiuá,Granular (Gr),0,SEM_POCOS_NO_CONJUNTO_AUDITADO,0,100.0,90.0,,0,SEM_POCOS_NO_CONJUNTO_AUDITADO,0,100.0,90.0,,0,SEM_POCOS_NO_CONJUNTO_AUDITADO,0,100.0,90.0,,0,SEM_POCOS_NO_CONJUNTO_AUDITADO,0,100.0,90.0,,0,SEM_POCOS_NO_CONJUNTO_AUDITADO,0,100.0,90.0,,SCALE_PRIMARY_O00_V1,2026-08-29,PIH_MS_V2.5_ESTABILIDADE_SENSIBILIDADE_V1,False,False
SCALE-500-O00-00378,500,O00,499.9999999999812,0,21,2,1,MULTIPLAS_UNIDADES_SUPERFICIAIS,Grupo Caiuá,Granular (Gr),0,SEM_POCOS_NO_CONJUNTO_AUDITADO,0,0.0,80.952381,,0,SEM_POCOS_NO_CONJUNTO_AUDITADO,0,0.0,80.952381,,0,SEM_POCOS_NO_CONJUNTO_AUDITADO,0,0.0,80.952381,,0,SEM_POCOS_NO_CONJUNTO_AUDITADO,0,0.0,80.952381,,0,SEM_POCOS_NO_CONJUNTO_AUDITADO,0,0.0,80.952381,,SCALE_PRIMARY_O00_V1,2026-08-29,PIH_MS_V2.5_ESTABILIDADE_SENSIBILIDADE_V1,False,False
SCALE-500-O00-00379,500,O00,499.9999999999812,1,18,1,1,UMA_UNIDADE_SUPERFICIAL,Grupo Caiuá,Granular (Gr),2,EVIDENCIA_DIRETA_PRESENTE,1,16.666667,22.222222,Q01_R03=1|Q01_R05=1|Q01_R06=1,2,EVIDENCIA_DIRETA_PRESENTE,1,16.666667,22.222222,Q02_R02=1|Q02_R03=1|Q02_R04=1|Q02_R06=1|Q02_R07=1,2,EVIDENCIA_DIRETA_PRESENTE,1,16.666667,22.222222,Q03_R02=1|Q03_R03=1|Q03_R07=1|Q03_R08=1,2,EVIDENCIA_DIRETA_PRESENTE,1,16.666667,22.222222,Q04_R03=1|Q04_R04=1|Q04_R05=1,2,EVIDENCIA_DIRETA_PRESENTE,1,16.666667,11.111111,Q05_R02=1|Q05_R04=1|Q05_R05=1|Q05_R06=1|Q05_R07=1,SCALE_PRIMARY_O00_V1,2026-08-29,PIH_MS_V2.5_ESTABILIDADE_SENSIBILIDADE_V1,False,False
SCALE-500-O00-00380,500,O00,251.97254598708895,13,11,1,1,UMA_UNIDADE_SUPERFICIAL,Grupo Caiuá,Granular (Gr),2,EVIDENCIA_DIRETA_PRESENTE,13,18.181818,90.909091,Q01_R03=13|Q01_R05=13|Q01_R06=12,2,EVIDENCIA_DIRETA_PRESENTE,13,18.181818,90.909091,Q02_R02=13|Q02_R06=13|Q02_R08=13|Q02_R03=12|Q02_R07=11,2,EVIDENCIA_DIRETA_PRESENTE,7,18.181818,90.909091,Q03_R02=13|Q03_R07=13|Q03_R08=13|Q03_R03=12|Q03_R05=8,2,EVIDENCIA_DIRETA_PRESENTE,13,18.181818,90.909091,Q04_R03=13|Q04_R04=13|Q04_R05=12,2,EVIDENCIA_DIRETA_PRESENTE,11,18.181818,90.909091,Q05_R02=13|Q05_R04=13|Q05_R06=13|Q05_R07=13|Q05_R05=12,SCALE_PRIMARY_O00_V1,2026-08-29,PIH_MS_V2.5_ESTABILIDADE_SENSIBILIDADE_V1,False,False
SCALE-500-O00-00381,500,O00,17.204676997769006,0,1,1,1,UMA_UNIDADE_SUPERFICIAL,Grupo Caiuá,Granular (Gr),0,SEM_POCOS_NO_CONJUNTO_AUDITADO,0,100.0,0.0,,0,SEM_POCOS_NO_CONJUNTO_AUDITADO,0,100.0,0.0,,0,SEM_POCOS_NO_CONJUNTO_AUDITADO,0,100.0,0.0,,0,SEM_POCOS_NO_CONJUNTO_AUDITADO,0,100.0,0.0,,0,SEM_POCOS_NO_CONJUNTO_AUDITADO,0,100.0,0.0,,SCALE_PRIMARY_O00_V1,2026-08-29,PIH_MS_V2.5_ESTABILIDADE_SENSIBILIDADE_V1,False,False
SCALE-500-O00-00382,500,O00,165.63576588099838,0,6,1,1,UMA_UNIDADE_SUPERFICIAL,Formação Pantanal,Granular (Gr),0,SEM_POCOS_NO_CONJUNTO_AUDITADO,0,100.0,100.0,,0,SEM_POCOS_NO_CONJUNTO_AUDITADO,0,100.0,100.0,,0,SEM_POCOS_NO_CONJUNTO_AUDITADO,0,100.0,100.0,,0,SEM_POCOS_NO_CONJUNTO_AUDITADO,0,100.0,100.0,,0,SEM_POCOS_NO_CONJUNTO_AUDITADO,0,100.0,100.0,,SCALE_PRIMARY_O00_V1,2026-08-29,PIH_MS_V2.5_ESTABILIDADE_SENSIBILIDADE_V1,False,False
SCALE-500-O00-00383,500,O00,499.9999999999812,0,20,1,1,UMA_UNIDADE_SUPERFICIAL,Formação Pantanal,Granular (Gr),0,SEM_POCOS_NO_CONJUNTO_AUDITADO,0,100.0,100.0,,0,SEM_POCOS_NO_CONJUNTO_AUDITADO,0,100.0,100.0,,0,SEM_POCOS_NO_CONJUNTO_AUDITADO,0,100.0,100.0,,0,SEM_POCOS_NO_CONJUNTO_AUDITADO,0,100.0,100.0,,0,SEM_POCOS_NO_CONJUNTO_AUDITADO,0,100.0,100.0,,SCALE_PRIMARY_O00_V1,2026-08-29,PIH_MS_V2.5_ESTABILIDADE_SENSIBILIDADE_V1,False,False
SCALE-500-O00-00384,500,O00,499.9999999999812,0,20,2,1,MULTIPLAS_UNIDADES_SUPERFICIAIS,Formação Pantanal,Granular (Gr),0,SEM_POCOS_NO_CONJUNTO_AUDITADO,0,100.0,100.0,,0,SEM_POCOS_NO_CONJUNTO_AUDITADO,0,100.0,100.0,,0,SEM_POCOS_NO_CONJUNTO_AUDITADO,0,100.0,100.0,,0,SEM_POCOS_NO_CONJUNTO_AUDITADO,0,100.0,100.0,,0,SEM_POCOS_NO_CONJUNTO_AUDITADO,0,100.0,100.0,,SCALE_PRIMARY_O00_V1,2026-08-29,PIH_MS_V2.5_ESTABILIDADE_SENSIBILIDADE_V1,False,False
SCALE-500-O00-00385,500,O00,499.9999999999812,0,21,1,1,UMA_UNIDADE_SUPERFICIAL,Formação Pantanal,Granular (Gr),0,SEM_POCOS_NO_CONJUNTO_AUDITADO,0,100.0,100.0,,0,SEM_POCOS_NO_CONJUNTO_AUDITADO,0,100.0,100.0,,0,SEM_POCOS_NO_CONJUNTO_AUDITADO,0,100.0,100.0,,0,SEM_POCOS_NO_CONJUNTO_AUDITADO,0,100.0,100.0,,0,SEM_POCOS_NO_CONJUNTO_AUDITADO,0,100.0,100.0,,SCALE_PRIMARY_O00_V1,2026-08-29,PIH_MS_V2.5_ESTABILIDADE_SENSIBILIDADE_V1,False,False
SCALE-500-O00-00386,500,O00,499.9999999999812,0,20,2,2,MULTIPLAS_UNIDADES_SUPERFICIAIS,Formação Pantanal,Granular (Gr),0,SEM_POCOS_NO_CONJUNTO_AUDITADO,0,100.0,100.0,,0,SEM_POCOS_NO_CONJUNTO_AUDITADO,0,100.0,100.0,,0,SEM_POCOS_NO_CONJUNTO_AUDITADO,0,100.0,100.0,,0,SEM_POCOS_NO_CONJUNTO_AUDITADO,0,100.0,100.0,,0,SEM_POCOS_NO_CONJUNTO_AUDITADO,0,100.0,100.0,,SCALE_PRIMARY_O00_V1,2026-08-29,PIH_MS_V2.5_ESTABILIDADE_SENSIBILIDADE_V1,False,False
SCALE-500-O00-00387,500,O00,499.9999999999812,0,18,2,2,MULTIPLAS_UNIDADES_SUPERFICIAIS,Embasamento Indiferenciado,Fraturada (Fr),0,SEM_POCOS_NO_CONJUNTO_AUDITADO,0,61.111111,88.888889,,0,SEM_POCOS_NO_CONJUNTO_AUDITADO,0,61.111111,88.888889,,0,SEM_POCOS_NO_CONJUNTO_AUDITADO,0,61.111111,88.888889,,0,SEM_POCOS_NO_CONJUNTO_AUDITADO,0,61.111111,88.888889,,0,SEM_POCOS_NO_CONJUNTO_AUDITADO,0,61.111111,88.888889,,SCALE_PRIMARY_O00_V1,2026-08-29,PIH_MS_V2.5_ESTABILIDADE_SENSIBILIDADE_V1,False,False
SCALE-500-O00-00388,500,O00,499.9999999999812,2,21,4,3,MULTIPLAS_UNIDADES_SUPERFICIAIS,Embasamento Indiferenciado,Fraturada (Fr),2,EVIDENCIA_DIRETA_PRESENTE,1,9.52381,42.857143,Q01_R03=2|Q01_R05=2|Q01_R06=2|Q01_R02=1|Q01_R04=1,2,EVIDENCIA_DIRETA_PRESENTE,1,9.52381,42.857143,Q02_R02=2|Q02_R03=2|Q02_R06=2|Q02_R07=2|Q02_R08=2,2,EVIDENCIA_DIRETA_PRESENTE,1,9.52381,42.857143,Q03_R02=2|Q03_R03=2|Q03_R07=2|Q03_R08=2|Q03_R04=1,2,EVIDENCIA_DIRETA_PRESENTE,1,9.52381,42.857143,Q04_R03=2|Q04_R04=2|Q04_R05=2|Q04_R02=1,2,EVIDENCIA_DIRETA_PRESENTE,1,9.52381,38.095238,Q05_R02=2|Q05_R04=2|Q05_R05=2|Q05_R06=2|Q05_R07=2,SCALE_PRIMARY_O00_V1,2026-08-29,PIH_MS_V2.5_ESTABILIDADE_SENSIBILIDADE_V1,False,False
SCALE-500-O00-00389,500,O00,499.9999999999812,0,20,3,2,MULTIPLAS_UNIDADES_SUPERFICIAIS,Grupo Cuiaba,Granular (Gr),0,SEM_POCOS_NO_CONJUNTO_AUDITADO,0,0.0,0.0,,0,SEM_POCOS_NO_CONJUNTO_AUDITADO,0,0.0,0.0,,0,SEM_POCOS_NO_CONJUNTO_AUDITADO,0,0.0,0.0,,0,SEM_POCOS_NO_CONJUNTO_AUDITADO,0,0.0,0.0,,0,SEM_POCOS_NO_CONJUNTO_AUDITADO,0,0.0,0.0,,SCALE_PRIMARY_O00_V1,2026-08-29,PIH_MS_V2.5_ESTABILIDADE_SENSIBILIDADE_V1,False,False
SCALE-500-O00-00390,500,O00,499.9999999999812,6,21,2,2,MULTIPLAS_UNIDADES_SUPERFICIAIS,Grupo Cuiaba,Fraturada (Fr),2,EVIDENCIA_DIRETA_PRESENTE,4,9.52381,85.714286,Q01_R03=6|Q01_R05=6|Q01_R06=4|Q01_R02=2|Q01_R04=1,2,EVIDENCIA_DIRETA_PRESENTE,4,9.52381,85.714286,Q02_R02=6|Q02_R06=6|Q02_R07=6|Q02_R08=6|Q02_R03=4,2,EVIDENCIA_DIRETA_PRESENTE,3,9.52381,85.714286,Q03_R02=6|Q03_R07=6|Q03_R08=6|Q03_R03=4|Q03_R05=4,2,EVIDENCIA_DIRETA_PRESENTE,5,33.333333,85.714286,Q04_R03=6|Q04_R04=6|Q04_R05=4|Q04_R02=1,2,EVIDENCIA_DIRETA_PRESENTE,3,9.52381,85.714286,Q05_R02=6|Q05_R04=6|Q05_R06=6|Q05_R07=6|Q05_R05=4,SCALE_PRIMARY_O00_V1,2026-08-29,PIH_MS_V2.5_ESTABILIDADE_SENSIBILIDADE_V1,False,False
SCALE-500-O00-00391,500,O00,499.9999999999812,4,20,2,2,MULTIPLAS_UNIDADES_SUPERFICIAIS,Grupo Cuiaba,Fraturada (Fr),2,EVIDENCIA_DIRETA_PRESENTE,4,0.0,35.0,Q01_R03=4|Q01_R05=4|Q01_R06=4,2,EVIDENCIA_DIRETA_PRESENTE,4,0.0,35.0,Q02_R02=4|Q02_R03=4|Q02_R06=4|Q02_R07=4|Q02_R08=4,2,EVIDENCIA_DIRETA_PRESENTE,2,0.0,25.0,Q03_R02=4|Q03_R03=4|Q03_R05=4|Q03_R07=4|Q03_R08=4,2,EVIDENCIA_DIRETA_PRESENTE,4,0.0,35.0,Q04_R03=4|Q04_R04=4|Q04_R05=4,2,EVIDENCIA_DIRETA_PRESENTE,2,0.0,35.0,Q05_R02=4|Q05_R04=4|Q05_R05=4|Q05_R06=4|Q05_R07=4,SCALE_PRIMARY_O00_V1,2026-08-29,PIH_MS_V2.5_ESTABILIDADE_SENSIBILIDADE_V1,False,False
SCALE-500-O00-00392,500,O00,499.9999999999812,0,20,2,1,MULTIPLAS_UNIDADES_SUPERFICIAIS,Formação Pantanal,Granular (Gr),0,SEM_POCOS_NO_CONJUNTO_AUDITADO,0,85.0,65.0,,0,SEM_POCOS_NO_CONJUNTO_AUDITADO,0,85.0,65.0,,0,SEM_POCOS_NO_CONJUNTO_AUDITADO,0,85.0,65.0,,0,SEM_POCOS_NO_CONJUNTO_AUDITADO,0,85.0,65.0,,0,SEM_POCOS_NO_CONJUNTO_AUDITADO,0,85.0,65.0,,SCALE_PRIMARY_O00_V1,2026-08-29,PIH_MS_V2.5_ESTABILIDADE_SENSIBILIDADE_V1,False,False
SCALE-500-O00-00393,500,O00,499.9999999999812,1,18,4,2,MULTIPLAS_UNIDADES_SUPERFICIAIS,Formação Aquidauana,Granular (Gr),1,POCOS_SEM_EVIDENCIA_DIRETA_DA_PERGUNTA,0,0.0,44.444444,Q01_R02=1|Q01_R03=1|Q01_R04=1|Q01_R05=1|Q01_R06=1,1,POCOS_SEM_EVIDENCIA_DIRETA_DA_PERGUNTA,0,0.0,44.444444,Q02_R02=1|Q02_R03=1|Q02_R04=1|Q02_R05=1|Q02_R06=1,1,POCOS_SEM_EVIDENCIA_DIRETA_DA_PERGUNTA,0,0.0,44.444444,Q03_R02=1|Q03_R03=1|Q03_R04=1|Q03_R05=1|Q03_R06=1,1,POCOS_SEM_EVIDENCIA_DIRETA_DA_PERGUNTA,0,0.0,0.0,Q04_R02=1|Q04_R03=1|Q04_R04=1|Q04_R05=1,1,POCOS_SEM_EVIDENCIA_DIRETA_DA_PERGUNTA,0,0.0,44.444444,Q05_R02=1|Q05_R03=1|Q05_R04=1|Q05_R05=1|Q05_R06=1,SCALE_PRIMARY_O00_V1,2026-08-29,PIH_MS_V2.5_ESTABILIDADE_SENSIBILIDADE_V1,False,False
SCALE-500-O00-00394,500,O00,499.9999999999812,3,20,1,1,UMA_UNIDADE_SUPERFICIAL,Formação Aquidauana,Granular (Gr),2,EVIDENCIA_DIRETA_PRESENTE,1,15.0,70.0,Q01_R03=3|Q01_R05=3|Q01_R02=2|Q01_R06=2,2,EVIDENCIA_DIRETA_PRESENTE,1,15.0,70.0,Q02_R02=3|Q02_R06=3|Q02_R07=3|Q02_R08=3|Q02_R03=2,2,EVIDENCIA_DIRETA_PRESENTE,1,15.0,70.0,Q03_R02=3|Q03_R05=3|Q03_R07=3|Q03_R08=3|Q03_R03=2,2,EVIDENCIA_DIRETA_PRESENTE,3,30.0,75.0,Q04_R03=3|Q04_R04=3|Q04_R05=2,2,EVIDENCIA_DIRETA_PRESENTE,1,15.0,10.0,Q05_R02=3|Q05_R04=3|Q05_R06=3|Q05_R07=3|Q05_R03=2,SCALE_PRIMARY_O00_V1,2026-08-29,PIH_MS_V2.5_ESTABILIDADE_SENSIBILIDADE_V1,False,False
SCALE-500-O00-00395,500,O00,499.9999999999812,2,21,3,1,MULTIPLAS_UNIDADES_SUPERFICIAIS,Formação Botucatu,Granular (Gr),2,EVIDENCIA_DIRETA_PRESENTE,2,4.761905,9.52381,Q01_R03=2|Q01_R05=2|Q01_R06=2,2,EVIDENCIA_DIRETA_PRESENTE,2,4.761905,9.52381,Q02_R02=2|Q02_R03=2|Q02_R04=2|Q02_R05=2|Q02_R06=2,2,EVIDENCIA_DIRETA_PRESENTE,2,4.761905,9.52381,Q03_R02=2|Q03_R03=2|Q03_R05=2|Q03_R07=2|Q03_R08=2,2,EVIDENCIA_DIRETA_PRESENTE,2,14.285714,9.52381,Q04_R03=2|Q04_R04=2|Q04_R05=2,1,POCOS_SEM_EVIDENCIA_DIRETA_DA_PERGUNTA,0,9.52381,0.0,Q05_R02=2|Q05_R03=2|Q05_R04=2|Q05_R05=2|Q05_R06=2,SCALE_PRIMARY_O00_V1,2026-08-29,PIH_MS_V2.5_ESTABILIDADE_SENSIBILIDADE_V1,False,False
SCALE-500-O00-00396,500,O00,499.9999999999812,9,20,2,2,MULTIPLAS_UNIDADES_SUPERFICIAIS,Formação Botucatu,Granular (Gr),2,EVIDENCIA_DIRETA_PRESENTE,8,65.0,85.0,Q01_R03=9|Q01_R05=9|Q01_R06=2|Q01_R02=1|Q01_R04=1,2,EVIDENCIA_DIRETA_PRESENTE,8,60.0,85.0,Q02_R02=9|Q02_R04=9|Q02_R06=9|Q02_R07=9|Q02_R08=9,2,EVIDENCIA_DIRETA_PRESENTE,8,60.0,85.0,Q03_R02=9|Q03_R07=9|Q03_R08=9|Q03_R05=8|Q03_R03=2,2,EVIDENCIA_DIRETA_PRESENTE,8,65.0,85.0,Q04_R03=9|Q04_R04=9|Q04_R05=2|Q04_R02=1,2,EVIDENCIA_DIRETA_PRESENTE,1,10.0,15.0,Q05_R02=9|Q05_R04=9|Q05_R06=9|Q05_R07=9|Q05_R03=8,SCALE_PRIMARY_O00_V1,2026-08-29,PIH_MS_V2.5_ESTABILIDADE_SENSIBILIDADE_V1,False,False
SCALE-500-O00-00397,500,O00,499.9999999999812,3,20,2,2,MULTIPLAS_UNIDADES_SUPERFICIAIS,Formação Serra Geral,Fraturada (Fr),2,EVIDENCIA_DIRETA_PRESENTE,3,50.0,100.0,Q01_R03=3|Q01_R05=3,2,EVIDENCIA_DIRETA_PRESENTE,2,35.0,100.0,Q02_R02=3|Q02_R04=3|Q02_R06=3|Q02_R07=3|Q02_R08=3,2,EVIDENCIA_DIRETA_PRESENTE,3,35.0,100.0,Q03_R02=3|Q03_R07=3|Q03_R08=3|Q03_R05=2,2,EVIDENCIA_DIRETA_PRESENTE,3,50.0,100.0,Q04_R03=3|Q04_R04=3,2,EVIDENCIA_DIRETA_PRESENTE,1,25.0,100.0,Q05_R02=3|Q05_R04=3|Q05_R06=3|Q05_R07=3|Q05_R03=2,SCALE_PRIMARY_O00_V1,2026-08-29,PIH_MS_V2.5_ESTABILIDADE_SENSIBILIDADE_V1,False,False
SCALE-500-O00-00398,500,O00,499.9999999999812,7,18,2,2,MULTIPLAS_UNIDADES_SUPERFICIAIS,Formação Serra Geral,Fraturada (Fr),2,EVIDENCIA_DIRETA_PRESENTE,4,50.0,100.0,Q01_R03=7|Q01_R05=7|Q01_R06=4|Q01_R02=3|Q01_R04=1,2,EVIDENCIA_DIRETA_PRESENTE,4,50.0,100.0,Q02_R02=7|Q02_R04=7|Q02_R05=7|Q02_R06=7|Q02_R07=7,2,EVIDENCIA_DIRETA_PRESENTE,4,50.0,100.0,Q03_R02=7|Q03_R05=7|Q03_R07=7|Q03_R08=7|Q03_R03=4,2,EVIDENCIA_DIRETA_PRESENTE,6,50.0,100.0,Q04_R03=7|Q04_R04=7|Q04_R05=4|Q04_R02=1,1,POCOS_SEM_EVIDENCIA_DIRETA_DA_PERGUNTA,0,0.0,55.555556,Q05_R02=7|Q05_R03=7|Q05_R04=7|Q05_R06=7|Q05_R07=7,SCALE_PRIMARY_O00_V1,2026-08-29,PIH_MS_V2.5_ESTABILIDADE_SENSIBILIDADE_V1,False,False
SCALE-500-O00-00399,500,O00,499.9999999999812,1,20,2,2,MULTIPLAS_UNIDADES_SUPERFICIAIS,Grupo Caiuá,Granular (Gr),1,POCOS_SEM_EVIDENCIA_DIRETA_DA_PERGUNTA,0,0.0,0.0,Q01_R02=1|Q01_R03=1|Q01_R04=1|Q01_R05=1|Q01_R06=1,1,POCOS_SEM_EVIDENCIA_DIRETA_DA_PERGUNTA,0,0.0,0.0,Q02_R02=1|Q02_R03=1|Q02_R04=1|Q02_R05=1|Q02_R06=1,1,POCOS_SEM_EVIDENCIA_DIRETA_DA_PERGUNTA,0,0.0,0.0,Q03_R02=1|Q03_R03=1|Q03_R04=1|Q03_R05=1|Q03_R06=1,1,POCOS_SEM_EVIDENCIA_DIRETA_DA_PERGUNTA,0,0.0,0.0,Q04_R02=1|Q04_R03=1|Q04_R04=1|Q04_R05=1,1,POCOS_SEM_EVIDENCIA_DIRETA_DA_PERGUNTA,0,10.0,95.0,Q05_R02=1|Q05_R03=1|Q05_R04=1|Q05_R05=1|Q05_R06=1,SCALE_PRIMARY_O00_V1,2026-08-29,PIH_MS_V2.5_ESTABILIDADE_SENSIBILIDADE_V1,False,False
SCALE-500-O00-00400,500,O00,499.9999999999812,0,21,2,2,MULTIPLAS_UNIDADES_SUPERFICIAIS,Grupo Caiuá,Granular (Gr),0,SEM_POCOS_NO_CONJUNTO_AUDITADO,0,0.0,52.380952,,0,SEM_POCOS_NO_CONJUNTO_AUDITADO,0,0.0,52.380952,,0,SEM_POCOS_NO_CONJUNTO_AUDITADO,0,0.0,52.380952,,0,SEM_POCOS_NO_CONJUNTO_AUDITADO,0,0.0,52.380952,,0,SEM_POCOS_NO_CONJUNTO_AUDITADO,0,0.0,52.380952,,SCALE_PRIMARY_O00_V1,2026-08-29,PIH_MS_V2.5_ESTABILIDADE_SENSIBILIDADE_V1,False,False
SCALE-500-O00-00401,500,O00,499.9999999999812,3,20,2,2,MULTIPLAS_UNIDADES_SUPERFICIAIS,Grupo Caiuá,Granular (Gr),2,EVIDENCIA_DIRETA_PRESENTE,3,20.0,80.0,Q01_R03=3|Q01_R05=3|Q01_R06=3,2,EVIDENCIA_DIRETA_PRESENTE,3,20.0,80.0,Q02_R02=3|Q02_R03=3|Q02_R06=3|Q02_R07=3|Q02_R08=3,2,EVIDENCIA_DIRETA_PRESENTE,1,5.0,80.0,Q03_R02=3|Q03_R03=3|Q03_R05=3|Q03_R07=3|Q03_R08=3,2,EVIDENCIA_DIRETA_PRESENTE,3,20.0,80.0,Q04_R03=3|Q04_R04=3|Q04_R05=3,2,EVIDENCIA_DIRETA_PRESENTE,2,5.0,80.0,Q05_R02=3|Q05_R04=3|Q05_R05=3|Q05_R06=3|Q05_R07=3,SCALE_PRIMARY_O00_V1,2026-08-29,PIH_MS_V2.5_ESTABILIDADE_SENSIBILIDADE_V1,False,False
SCALE-500-O00-00402,500,O00,499.9999999999812,0,20,2,2,MULTIPLAS_UNIDADES_SUPERFICIAIS,Grupo Caiuá,Granular (Gr),0,SEM_POCOS_NO_CONJUNTO_AUDITADO,0,0.0,0.0,,0,SEM_POCOS_NO_CONJUNTO_AUDITADO,0,0.0,0.0,,0,SEM_POCOS_NO_CONJUNTO_AUDITADO,0,0.0,0.0,,0,SEM_POCOS_NO_CONJUNTO_AUDITADO,0,0.0,0.0,,0,SEM_POCOS_NO_CONJUNTO_AUDITADO,0,0.0,0.0,,SCALE_PRIMARY_O00_V1,2026-08-29,PIH_MS_V2.5_ESTABILIDADE_SENSIBILIDADE_V1,False,False
SCALE-500-O00-00403,500,O00,499.9999999999812,2,18,1,1,UMA_UNIDADE_SUPERFICIAL,Grupo Caiuá,Granular (Gr),1,POCOS_SEM_EVIDENCIA_DIRETA_DA_PERGUNTA,0,11.111111,5.555556,Q01_R02=2|Q01_R03=2|Q01_R04=2|Q01_R05=2|Q01_R06=2,1,POCOS_SEM_EVIDENCIA_DIRETA_DA_PERGUNTA,0,11.111111,5.555556,Q02_R02=2|Q02_R03=2|Q02_R04=2|Q02_R05=2|Q02_R06=2,1,POCOS_SEM_EVIDENCIA_DIRETA_DA_PERGUNTA,0,11.111111,5.555556,Q03_R02=2|Q03_R03=2|Q03_R04=2|Q03_R05=2|Q03_R06=2,1,POCOS_SEM_EVIDENCIA_DIRETA_DA_PERGUNTA,0,11.111111,5.555556,Q04_R02=2|Q04_R03=2|Q04_R04=2|Q04_R05=2,1,POCOS_SEM_EVIDENCIA_DIRETA_DA_PERGUNTA,0,11.111111,16.666667,Q05_R02=2|Q05_R03=2|Q05_R04=2|Q05_R05=2|Q05_R06=2,SCALE_PRIMARY_O00_V1,2026-08-29,PIH_MS_V2.5_ESTABILIDADE_SENSIBILIDADE_V1,False,False
SCALE-500-O00-00404,500,O00,499.9999999999812,7,20,1,1,UMA_UNIDADE_SUPERFICIAL,Grupo Caiuá,Granular (Gr),2,EVIDENCIA_DIRETA_PRESENTE,7,10.0,65.0,Q01_R03=7|Q01_R05=7|Q01_R06=7,2,EVIDENCIA_DIRETA_PRESENTE,7,10.0,65.0,Q02_R02=7|Q02_R03=7|Q02_R04=7|Q02_R05=7|Q02_R06=7,2,EVIDENCIA_DIRETA_PRESENTE,7,10.0,65.0,Q03_R02=7|Q03_R03=7|Q03_R05=7|Q03_R07=7|Q03_R08=7,2,EVIDENCIA_DIRETA_PRESENTE,7,10.0,65.0,Q04_R03=7|Q04_R04=7|Q04_R05=7,1,POCOS_SEM_EVIDENCIA_DIRETA_DA_PERGUNTA,0,10.0,60.0,Q05_R02=7|Q05_R03=7|Q05_R04=7|Q05_R05=7|Q05_R06=7,SCALE_PRIMARY_O00_V1,2026-08-29,PIH_MS_V2.5_ESTABILIDADE_SENSIBILIDADE_V1,False,False
SCALE-500-O00-00405,500,O00,499.9999999999812,1,20,1,1,UMA_UNIDADE_SUPERFICIAL,Grupo Caiuá,Granular (Gr),2,EVIDENCIA_DIRETA_PRESENTE,1,10.0,95.0,Q01_R03=1|Q01_R05=1|Q01_R06=1,2,EVIDENCIA_DIRETA_PRESENTE,1,10.0,95.0,Q02_R02=1|Q02_R03=1|Q02_R04=1|Q02_R05=1|Q02_R06=1,2,EVIDENCIA_DIRETA_PRESENTE,1,10.0,95.0,Q03_R02=1|Q03_R03=1|Q03_R05=1|Q03_R07=1|Q03_R08=1,2,EVIDENCIA_DIRETA_PRESENTE,1,10.0,95.0,Q04_R03=1|Q04_R04=1|Q04_R05=1,1,POCOS_SEM_EVIDENCIA_DIRETA_DA_PERGUNTA,0,10.0,65.0,Q05_R02=1|Q05_R03=1|Q05_R04=1|Q05_R05=1|Q05_R06=1,SCALE_PRIMARY_O00_V1,2026-08-29,PIH_MS_V2.5_ESTABILIDADE_SENSIBILIDADE_V1,False,False
SCALE-500-O00-00406,500,O00,499.9999999999812,0,20,1,1,UMA_UNIDADE_SUPERFICIAL,Grupo Caiuá,Granular (Gr),0,SEM_POCOS_NO_CONJUNTO_AUDITADO,0,0.0,60.0,,0,SEM_POCOS_NO_CONJUNTO_AUDITADO,0,0.0,60.0,,0,SEM_POCOS_NO_CONJUNTO_AUDITADO,0,0.0,60.0,,0,SEM_POCOS_NO_CONJUNTO_AUDITADO,0,0.0,60.0,,0,SEM_POCOS_NO_CONJUNTO_AUDITADO,0,0.0,60.0,,SCALE_PRIMARY_O00_V1,2026-08-29,PIH_MS_V2.5_ESTABILIDADE_SENSIBILIDADE_V1,False,False
SCALE-500-O00-00407,500,O00,499.9999999999812,0,20,1,1,UMA_UNIDADE_SUPERFICIAL,Grupo Caiuá,Granular (Gr),0,SEM_POCOS_NO_CONJUNTO_AUDITADO,0,45.0,10.0,,0,SEM_POCOS_NO_CONJUNTO_AUDITADO,0,45.0,10.0,,0,SEM_POCOS_NO_CONJUNTO_AUDITADO,0,45.0,10.0,,0,SEM_POCOS_NO_CONJUNTO_AUDITADO,0,45.0,10.0,,0,SEM_POCOS_NO_CONJUNTO_AUDITADO,0,45.0,10.0,,SCALE_PRIMARY_O00_V1,2026-08-29,PIH_MS_V2.5_ESTABILIDADE_SENSIBILIDADE_V1,False,False
SCALE-500-O00-00408,500,O00,499.9999999999812,0,18,1,1,UMA_UNIDADE_SUPERFICIAL,Grupo Caiuá,Granular (Gr),0,SEM_POCOS_NO_CONJUNTO_AUDITADO,0,100.0,94.444444,,0,SEM_POCOS_NO_CONJUNTO_AUDITADO,0,100.0,94.444444,,0,SEM_POCOS_NO_CONJUNTO_AUDITADO,0,100.0,94.444444,,0,SEM_POCOS_NO_CONJUNTO_AUDITADO,0,100.0,94.444444,,0,SEM_POCOS_NO_CONJUNTO_AUDITADO,0,100.0,94.444444,,SCALE_PRIMARY_O00_V1,2026-08-29,PIH_MS_V2.5_ESTABILIDADE_SENSIBILIDADE_V1,False,False
SCALE-500-O00-00409,500,O00,499.9999999999812,0,20,2,1,MULTIPLAS_UNIDADES_SUPERFICIAIS,Grupo Caiuá,Granular (Gr),0,SEM_POCOS_NO_CONJUNTO_AUDITADO,0,100.0,100.0,,0,SEM_POCOS_NO_CONJUNTO_AUDITADO,0,100.0,100.0,,0,SEM_POCOS_NO_CONJUNTO_AUDITADO,0,100.0,100.0,,0,SEM_POCOS_NO_CONJUNTO_AUDITADO,0,100.0,100.0,,0,SEM_POCOS_NO_CONJUNTO_AUDITADO,0,100.0,100.0,,SCALE_PRIMARY_O00_V1,2026-08-29,PIH_MS_V2.5_ESTABILIDADE_SENSIBILIDADE_V1,False,False
SCALE-500-O00-00410,500,O00,499.9999999999812,0,20,2,1,MULTIPLAS_UNIDADES_SUPERFICIAIS,Grupo Caiuá,Granular (Gr),0,SEM_POCOS_NO_CONJUNTO_AUDITADO,0,25.0,20.0,,0,SEM_POCOS_NO_CONJUNTO_AUDITADO,0,25.0,20.0,,0,SEM_POCOS_NO_CONJUNTO_AUDITADO,0,25.0,20.0,,0,SEM_POCOS_NO_CONJUNTO_AUDITADO,0,25.0,20.0,,0,SEM_POCOS_NO_CONJUNTO_AUDITADO,0,25.0,20.0,,SCALE_PRIMARY_O00_V1,2026-08-29,PIH_MS_V2.5_ESTABILIDADE_SENSIBILIDADE_V1,False,False
SCALE-500-O00-00411,500,O00,499.9999999999812,0,21,2,1,MULTIPLAS_UNIDADES_SUPERFICIAIS,Grupo Caiuá,Granular (Gr),0,SEM_POCOS_NO_CONJUNTO_AUDITADO,0,0.0,0.0,,0,SEM_POCOS_NO_CONJUNTO_AUDITADO,0,0.0,0.0,,0,SEM_POCOS_NO_CONJUNTO_AUDITADO,0,0.0,0.0,,0,SEM_POCOS_NO_CONJUNTO_AUDITADO,0,0.0,0.0,,0,SEM_POCOS_NO_CONJUNTO_AUDITADO,0,0.0,0.0,,SCALE_PRIMARY_O00_V1,2026-08-29,PIH_MS_V2.5_ESTABILIDADE_SENSIBILIDADE_V1,False,False
SCALE-500-O00-00412,500,O00,493.56722044478846,0,20,2,1,MULTIPLAS_UNIDADES_SUPERFICIAIS,Grupo Caiuá,Granular (Gr),0,SEM_POCOS_NO_CONJUNTO_AUDITADO,0,5.0,0.0,,0,SEM_POCOS_NO_CONJUNTO_AUDITADO,0,5.0,0.0,,0,SEM_POCOS_NO_CONJUNTO_AUDITADO,0,5.0,0.0,,0,SEM_POCOS_NO_CONJUNTO_AUDITADO,0,5.0,0.0,,0,SEM_POCOS_NO_CONJUNTO_AUDITADO,0,5.0,0.0,,SCALE_PRIMARY_O00_V1,2026-08-29,PIH_MS_V2.5_ESTABILIDADE_SENSIBILIDADE_V1,False,False
SCALE-500-O00-00413,500,O00,192.70940181405817,2,7,1,1,UMA_UNIDADE_SUPERFICIAL,Grupo Caiuá,Granular (Gr),2,EVIDENCIA_DIRETA_PRESENTE,2,71.428571,85.714286,Q01_R03=2|Q01_R05=2|Q01_R06=2,2,EVIDENCIA_DIRETA_PRESENTE,2,71.428571,85.714286,Q02_R02=2|Q02_R03=2|Q02_R06=2|Q02_R07=2|Q02_R08=2,2,EVIDENCIA_DIRETA_PRESENTE,1,57.142857,85.714286,Q03_R02=2|Q03_R03=2|Q03_R05=2|Q03_R07=2|Q03_R08=2,2,EVIDENCIA_DIRETA_PRESENTE,2,71.428571,85.714286,Q04_R03=2|Q04_R04=2|Q04_R05=2,2,EVIDENCIA_DIRETA_PRESENTE,1,42.857143,42.857143,Q05_R02=2|Q05_R04=2|Q05_R05=2|Q05_R06=2|Q05_R07=2,SCALE_PRIMARY_O00_V1,2026-08-29,PIH_MS_V2.5_ESTABILIDADE_SENSIBILIDADE_V1,False,False
SCALE-500-O00-00414,500,O00,70.36026875493663,0,3,1,1,UMA_UNIDADE_SUPERFICIAL,Formação Pantanal,Granular (Gr),0,SEM_POCOS_NO_CONJUNTO_AUDITADO,0,100.0,100.0,,0,SEM_POCOS_NO_CONJUNTO_AUDITADO,0,100.0,100.0,,0,SEM_POCOS_NO_CONJUNTO_AUDITADO,0,100.0,100.0,,0,SEM_POCOS_NO_CONJUNTO_AUDITADO,0,100.0,100.0,,0,SEM_POCOS_NO_CONJUNTO_AUDITADO,0,100.0,100.0,,SCALE_PRIMARY_O00_V1,2026-08-29,PIH_MS_V2.5_ESTABILIDADE_SENSIBILIDADE_V1,False,False
SCALE-500-O00-00415,500,O00,448.36009652799066,0,19,2,2,MULTIPLAS_UNIDADES_SUPERFICIAIS,Formação Pantanal,Granular (Gr),0,SEM_POCOS_NO_CONJUNTO_AUDITADO,0,100.0,100.0,,0,SEM_POCOS_NO_CONJUNTO_AUDITADO,0,100.0,100.0,,0,SEM_POCOS_NO_CONJUNTO_AUDITADO,0,100.0,100.0,,0,SEM_POCOS_NO_CONJUNTO_AUDITADO,0,100.0,100.0,,0,SEM_POCOS_NO_CONJUNTO_AUDITADO,0,100.0,100.0,,SCALE_PRIMARY_O00_V1,2026-08-29,PIH_MS_V2.5_ESTABILIDADE_SENSIBILIDADE_V1,False,False
SCALE-500-O00-00416,500,O00,499.9999999999812,0,16,2,1,MULTIPLAS_UNIDADES_SUPERFICIAIS,Formação Pantanal,Granular (Gr),0,SEM_POCOS_NO_CONJUNTO_AUDITADO,0,100.0,100.0,,0,SEM_POCOS_NO_CONJUNTO_AUDITADO,0,100.0,100.0,,0,SEM_POCOS_NO_CONJUNTO_AUDITADO,0,100.0,100.0,,0,SEM_POCOS_NO_CONJUNTO_AUDITADO,0,100.0,100.0,,0,SEM_POCOS_NO_CONJUNTO_AUDITADO,0,100.0,100.0,,SCALE_PRIMARY_O00_V1,2026-08-29,PIH_MS_V2.5_ESTABILIDADE_SENSIBILIDADE_V1,False,False
SCALE-500-O00-00417,500,O00,499.9999999999812,0,19,2,2,MULTIPLAS_UNIDADES_SUPERFICIAIS,Formação Pantanal,Granular (Gr),0,SEM_POCOS_NO_CONJUNTO_AUDITADO,0,100.0,100.0,,0,SEM_POCOS_NO_CONJUNTO_AUDITADO,0,100.0,100.0,,0,SEM_POCOS_NO_CONJUNTO_AUDITADO,0,100.0,100.0,,0,SEM_POCOS_NO_CONJUNTO_AUDITADO,0,100.0,100.0,,0,SEM_POCOS_NO_CONJUNTO_AUDITADO,0,100.0,100.0,,SCALE_PRIMARY_O00_V1,2026-08-29,PIH_MS_V2.5_ESTABILIDADE_SENSIBILIDADE_V1,False,False
SCALE-500-O00-00418,500,O00,499.9999999999812,0,21,2,2,MULTIPLAS_UNIDADES_SUPERFICIAIS,Embasamento Indiferenciado,Fraturada (Fr),0,SEM_POCOS_NO_CONJUNTO_AUDITADO,0,100.0,100.0,,0,SEM_POCOS_NO_CONJUNTO_AUDITADO,0,100.0,100.0,,0,SEM_POCOS_NO_CONJUNTO_AUDITADO,0,100.0,100.0,,0,SEM_POCOS_NO_CONJUNTO_AUDITADO,0,100.0,100.0,,0,SEM_POCOS_NO_CONJUNTO_AUDITADO,0,100.0,100.0,,SCALE_PRIMARY_O00_V1,2026-08-29,PIH_MS_V2.5_ESTABILIDADE_SENSIBILIDADE_V1,False,False
SCALE-500-O00-00419,500,O00,499.9999999999812,3,21,2,2,MULTIPLAS_UNIDADES_SUPERFICIAIS,Embasamento Indiferenciado,Fraturada (Fr),2,EVIDENCIA_DIRETA_PRESENTE,3,4.761905,61.904762,Q01_R03=3|Q01_R05=3|Q01_R06=3,2,EVIDENCIA_DIRETA_PRESENTE,3,4.761905,61.904762,Q02_R02=3|Q02_R03=3|Q02_R04=3|Q02_R05=3|Q02_R06=3,2,EVIDENCIA_DIRETA_PRESENTE,3,4.761905,61.904762,Q03_R02=3|Q03_R03=3|Q03_R05=3|Q03_R07=3|Q03_R08=3,2,EVIDENCIA_DIRETA_PRESENTE,3,4.761905,61.904762,Q04_R03=3|Q04_R04=3|Q04_R05=3,1,POCOS_SEM_EVIDENCIA_DIRETA_DA_PERGUNTA,0,0.0,57.142857,Q05_R02=3|Q05_R03=3|Q05_R04=3|Q05_R05=3|Q05_R06=3,SCALE_PRIMARY_O00_V1,2026-08-29,PIH_MS_V2.5_ESTABILIDADE_SENSIBILIDADE_V1,False,False
SCALE-500-O00-00420,500,O00,499.9999999999812,3,21,3,2,MULTIPLAS_UNIDADES_SUPERFICIAIS,Formação Pantanal,Granular (Gr),2,EVIDENCIA_DIRETA_PRESENTE,1,9.52381,23.809524,Q01_R03=3|Q01_R05=3|Q01_R06=3|Q01_R02=2|Q01_R04=2,2,EVIDENCIA_DIRETA_PRESENTE,1,9.52381,23.809524,Q02_R02=3|Q02_R03=3|Q02_R04=3|Q02_R05=3|Q02_R06=3,2,EVIDENCIA_DIRETA_PRESENTE,1,9.52381,23.809524,Q03_R02=3|Q03_R03=3|Q03_R05=3|Q03_R06=3|Q03_R07=3,2,EVIDENCIA_DIRETA_PRESENTE,1,9.52381,23.809524,Q04_R03=3|Q04_R04=3|Q04_R05=3|Q04_R02=2,1,POCOS_SEM_EVIDENCIA_DIRETA_DA_PERGUNTA,0,0.0,0.0,Q05_R02=3|Q05_R03=3|Q05_R04=3|Q05_R05=3|Q05_R06=3,SCALE_PRIMARY_O00_V1,2026-08-29,PIH_MS_V2.5_ESTABILIDADE_SENSIBILIDADE_V1,False,False
SCALE-500-O00-00421,500,O00,499.9999999999812,12,19,3,2,MULTIPLAS_UNIDADES_SUPERFICIAIS,Grupo Cuiaba,Fraturada (Fr),2,EVIDENCIA_DIRETA_PRESENTE,11,42.105263,100.0,Q01_R03=12|Q01_R05=12|Q01_R06=10|Q01_R02=1|Q01_R04=1,2,EVIDENCIA_DIRETA_PRESENTE,9,42.105263,100.0,Q02_R02=12|Q02_R06=12|Q02_R07=12|Q02_R08=12|Q02_R04=11,2,EVIDENCIA_DIRETA_PRESENTE,6,31.578947,100.0,Q03_R02=12|Q03_R07=12|Q03_R08=12|Q03_R03=10|Q03_R05=9,2,EVIDENCIA_DIRETA_PRESENTE,11,42.105263,100.0,Q04_R03=12|Q04_R04=12|Q04_R05=10|Q04_R02=1,2,EVIDENCIA_DIRETA_PRESENTE,8,42.105263,84.210526,Q05_R02=12|Q05_R04=12|Q05_R06=12|Q05_R07=12|Q05_R05=10,SCALE_PRIMARY_O00_V1,2026-08-29,PIH_MS_V2.5_ESTABILIDADE_SENSIBILIDADE_V1,False,False
SCALE-500-O00-00422,500,O00,499.9999999999812,3,16,2,2,MULTIPLAS_UNIDADES_SUPERFICIAIS,Formação Pantanal,Granular (Gr),2,EVIDENCIA_DIRETA_PRESENTE,3,6.25,25.0,Q01_R03=3|Q01_R05=3|Q01_R06=3,2,EVIDENCIA_DIRETA_PRESENTE,2,6.25,25.0,Q02_R02=3|Q02_R03=3|Q02_R06=3|Q02_R07=3|Q02_R08=3,2,EVIDENCIA_DIRETA_PRESENTE,2,6.25,25.0,Q03_R02=3|Q03_R03=3|Q03_R07=3|Q03_R08=3|Q03_R05=2,2,EVIDENCIA_DIRETA_PRESENTE,3,6.25,25.0,Q04_R03=3|Q04_R04=3|Q04_R05=3,2,EVIDENCIA_DIRETA_PRESENTE,2,6.25,25.0,Q05_R02=3|Q05_R04=3|Q05_R05=3|Q05_R06=3|Q05_R07=3,SCALE_PRIMARY_O00_V1,2026-08-29,PIH_MS_V2.5_ESTABILIDADE_SENSIBILIDADE_V1,False,False
SCALE-500-O00-00423,500,O00,499.9999999999812,0,21,2,1,MULTIPLAS_UNIDADES_SUPERFICIAIS,Formação Pantanal,Granular (Gr),0,SEM_POCOS_NO_CONJUNTO_AUDITADO,0,80.952381,85.714286,,0,SEM_POCOS_NO_CONJUNTO_AUDITADO,0,80.952381,85.714286,,0,SEM_POCOS_NO_CONJUNTO_AUDITADO,0,80.952381,85.714286,,0,SEM_POCOS_NO_CONJUNTO_AUDITADO,0,80.952381,85.714286,,0,SEM_POCOS_NO_CONJUNTO_AUDITADO,0,80.952381,85.714286,,SCALE_PRIMARY_O00_V1,2026-08-29,PIH_MS_V2.5_ESTABILIDADE_SENSIBILIDADE_V1,False,False
SCALE-500-O00-00424,500,O00,499.9999999999843,0,21,2,2,MULTIPLAS_UNIDADES_SUPERFICIAIS,Formação Pantanal,Granular (Gr),0,SEM_POCOS_NO_CONJUNTO_AUDITADO,0,95.238095,90.47619,,0,SEM_POCOS_NO_CONJUNTO_AUDITADO,0,95.238095,90.47619,,0,SEM_POCOS_NO_CONJUNTO_AUDITADO,0,95.238095,90.47619,,0,SEM_POCOS_NO_CONJUNTO_AUDITADO,0,95.238095,90.47619,,0,SEM_POCOS_NO_CONJUNTO_AUDITADO,0,95.238095,90.47619,,SCALE_PRIMARY_O00_V1,2026-08-29,PIH_MS_V2.5_ESTABILIDADE_SENSIBILIDADE_V1,False,False
SCALE-500-O00-00425,500,O00,499.9999999999812,0,21,5,2,MULTIPLAS_UNIDADES_SUPERFICIAIS,Formação Furnas,Granular (Gr),0,SEM_POCOS_NO_CONJUNTO_AUDITADO,0,14.285714,14.285714,,0,SEM_POCOS_NO_CONJUNTO_AUDITADO,0,14.285714,14.285714,,0,SEM_POCOS_NO_CONJUNTO_AUDITADO,0,14.285714,14.285714,,0,SEM_POCOS_NO_CONJUNTO_AUDITADO,0,14.285714,14.285714,,0,SEM_POCOS_NO_CONJUNTO_AUDITADO,0,14.285714,14.285714,,SCALE_PRIMARY_O00_V1,2026-08-29,PIH_MS_V2.5_ESTABILIDADE_SENSIBILIDADE_V1,False,False
SCALE-500-O00-00426,500,O00,499.9999999999812,0,19,2,1,MULTIPLAS_UNIDADES_SUPERFICIAIS,Formação Aquidauana,Granular (Gr),0,SEM_POCOS_NO_CONJUNTO_AUDITADO,0,0.0,0.0,,0,SEM_POCOS_NO_CONJUNTO_AUDITADO,0,0.0,0.0,,0,SEM_POCOS_NO_CONJUNTO_AUDITADO,0,0.0,0.0,,0,SEM_POCOS_NO_CONJUNTO_AUDITADO,0,0.0,0.0,,0,SEM_POCOS_NO_CONJUNTO_AUDITADO,0,0.0,0.0,,SCALE_PRIMARY_O00_V1,2026-08-29,PIH_MS_V2.5_ESTABILIDADE_SENSIBILIDADE_V1,False,False
SCALE-500-O00-00427,500,O00,499.9999999999812,3,16,1,1,UMA_UNIDADE_SUPERFICIAL,Formação Botucatu,Granular (Gr),2,EVIDENCIA_DIRETA_PRESENTE,3,12.5,62.5,Q01_R03=3|Q01_R05=3|Q01_R06=1,2,EVIDENCIA_DIRETA_PRESENTE,3,12.5,62.5,Q02_R02=3|Q02_R04=3|Q02_R05=3|Q02_R06=3|Q02_R07=3,2,EVIDENCIA_DIRETA_PRESENTE,2,6.25,56.25,Q03_R02=3|Q03_R05=3|Q03_R07=3|Q03_R08=3|Q03_R03=1,2,EVIDENCIA_DIRETA_PRESENTE,3,12.5,62.5,Q04_R03=3|Q04_R04=3|Q04_R05=1,1,POCOS_SEM_EVIDENCIA_DIRETA_DA_PERGUNTA,0,0.0,0.0,Q05_R02=3|Q05_R03=3|Q05_R04=3|Q05_R06=3|Q05_R07=3,SCALE_PRIMARY_O00_V1,2026-08-29,PIH_MS_V2.5_ESTABILIDADE_SENSIBILIDADE_V1,False,False
SCALE-500-O00-00428,500,O00,499.9999999999812,15,21,2,2,MULTIPLAS_UNIDADES_SUPERFICIAIS,Formação Botucatu,Granular (Gr),2,EVIDENCIA_DIRETA_PRESENTE,13,66.666667,100.0,Q01_R05=15|Q01_R03=14|Q01_R06=11|Q01_R02=2,2,EVIDENCIA_DIRETA_PRESENTE,11,57.142857,100.0,Q02_R02=15|Q02_R06=15|Q02_R07=15|Q02_R08=15|Q02_R04=12,2,EVIDENCIA_DIRETA_PRESENTE,7,33.333333,100.0,Q03_R02=15|Q03_R07=15|Q03_R08=15|Q03_R05=14|Q03_R03=11,2,EVIDENCIA_DIRETA_PRESENTE,15,71.428571,100.0,Q04_R03=15|Q04_R04=15|Q04_R05=11,2,EVIDENCIA_DIRETA_PRESENTE,7,57.142857,61.904762,Q05_R02=15|Q05_R04=15|Q05_R06=15|Q05_R07=15|Q05_R05=11,SCALE_PRIMARY_O00_V1,2026-08-29,PIH_MS_V2.5_ESTABILIDADE_SENSIBILIDADE_V1,False,False
SCALE-500-O00-00429,500,O00,499.9999999999812,3,21,1,1,UMA_UNIDADE_SUPERFICIAL,Formação Serra Geral,Fraturada (Fr),2,EVIDENCIA_DIRETA_PRESENTE,2,23.809524,100.0,Q01_R03=3|Q01_R05=3|Q01_R06=2|Q01_R02=1,2,EVIDENCIA_DIRETA_PRESENTE,2,23.809524,100.0,Q02_R02=3|Q02_R06=3|Q02_R07=3|Q02_R08=3|Q02_R03=2,2,EVIDENCIA_DIRETA_PRESENTE,1,9.52381,95.238095,Q03_R02=3|Q03_R05=3|Q03_R07=3|Q03_R08=3|Q03_R03=2,2,EVIDENCIA_DIRETA_PRESENTE,3,38.095238,100.0,Q04_R03=3|Q04_R04=3|Q04_R05=2,2,EVIDENCIA_DIRETA_PRESENTE,1,14.285714,90.47619,Q05_R02=3|Q05_R04=3|Q05_R06=3|Q05_R07=3|Q05_R03=2,SCALE_PRIMARY_O00_V1,2026-08-29,PIH_MS_V2.5_ESTABILIDADE_SENSIBILIDADE_V1,False,False
SCALE-500-O00-00430,500,O00,499.9999999999789,6,21,2,2,MULTIPLAS_UNIDADES_SUPERFICIAIS,Formação Serra Geral,Fraturada (Fr),2,EVIDENCIA_DIRETA_PRESENTE,6,38.095238,100.0,Q01_R03=6|Q01_R05=6|Q01_R06=3,2,EVIDENCIA_DIRETA_PRESENTE,6,38.095238,100.0,Q02_R02=6|Q02_R06=6|Q02_R07=6|Q02_R08=6|Q02_R04=4,2,EVIDENCIA_DIRETA_PRESENTE,3,38.095238,100.0,Q03_R02=6|Q03_R05=6|Q03_R07=6|Q03_R08=6|Q03_R06=5,2,EVIDENCIA_DIRETA_PRESENTE,6,38.095238,100.0,Q04_R03=6|Q04_R04=6|Q04_R05=3,2,EVIDENCIA_DIRETA_PRESENTE,3,0.0,14.285714,Q05_R02=6|Q05_R04=6|Q05_R06=6|Q05_R07=6|Q05_R03=3,SCALE_PRIMARY_O00_V1,2026-08-29,PIH_MS_V2.5_ESTABILIDADE_SENSIBILIDADE_V1,False,False
SCALE-500-O00-00431,500,O00,499.99999999998084,0,20,2,2,MULTIPLAS_UNIDADES_SUPERFICIAIS,Grupo Caiuá,Granular (Gr),0,SEM_POCOS_NO_CONJUNTO_AUDITADO,0,0.0,0.0,,0,SEM_POCOS_NO_CONJUNTO_AUDITADO,0,0.0,0.0,,0,SEM_POCOS_NO_CONJUNTO_AUDITADO,0,0.0,0.0,,0,SEM_POCOS_NO_CONJUNTO_AUDITADO,0,0.0,0.0,,0,SEM_POCOS_NO_CONJUNTO_AUDITADO,0,0.0,0.0,,SCALE_PRIMARY_O00_V1,2026-08-29,PIH_MS_V2.5_ESTABILIDADE_SENSIBILIDADE_V1,False,False
SCALE-500-O00-00432,500,O00,499.9999999999812,0,16,2,2,MULTIPLAS_UNIDADES_SUPERFICIAIS,Grupo Caiuá,Granular (Gr),0,SEM_POCOS_NO_CONJUNTO_AUDITADO,0,0.0,6.25,,0,SEM_POCOS_NO_CONJUNTO_AUDITADO,0,0.0,6.25,,0,SEM_POCOS_NO_CONJUNTO_AUDITADO,0,0.0,6.25,,0,SEM_POCOS_NO_CONJUNTO_AUDITADO,0,0.0,6.25,,0,SEM_POCOS_NO_CONJUNTO_AUDITADO,0,0.0,6.25,,SCALE_PRIMARY_O00_V1,2026-08-29,PIH_MS_V2.5_ESTABILIDADE_SENSIBILIDADE_V1,False,False
SCALE-500-O00-00433,500,O00,499.9999999999812,0,21,2,2,MULTIPLAS_UNIDADES_SUPERFICIAIS,Formação Serra Geral,Fraturada (Fr),0,SEM_POCOS_NO_CONJUNTO_AUDITADO,0,0.0,61.904762,,0,SEM_POCOS_NO_CONJUNTO_AUDITADO,0,0.0,61.904762,,0,SEM_POCOS_NO_CONJUNTO_AUDITADO,0,0.0,61.904762,,0,SEM_POCOS_NO_CONJUNTO_AUDITADO,0,0.0,61.904762,,0,SEM_POCOS_NO_CONJUNTO_AUDITADO,0,0.0,61.904762,,SCALE_PRIMARY_O00_V1,2026-08-29,PIH_MS_V2.5_ESTABILIDADE_SENSIBILIDADE_V1,False,False
SCALE-500-O00-00434,500,O00,499.9999999999812,1,21,1,1,UMA_UNIDADE_SUPERFICIAL,Grupo Caiuá,Granular (Gr),2,EVIDENCIA_DIRETA_PRESENTE,1,4.761905,61.904762,Q01_R03=1|Q01_R05=1|Q01_R06=1,2,EVIDENCIA_DIRETA_PRESENTE,1,4.761905,61.904762,Q02_R02=1|Q02_R03=1|Q02_R04=1|Q02_R05=1|Q02_R06=1,2,EVIDENCIA_DIRETA_PRESENTE,1,4.761905,61.904762,Q03_R02=1|Q03_R03=1|Q03_R05=1|Q03_R07=1|Q03_R08=1,2,EVIDENCIA_DIRETA_PRESENTE,1,4.761905,61.904762,Q04_R03=1|Q04_R04=1|Q04_R05=1,1,POCOS_SEM_EVIDENCIA_DIRETA_DA_PERGUNTA,0,4.761905,0.0,Q05_R02=1|Q05_R03=1|Q05_R04=1|Q05_R05=1|Q05_R06=1,SCALE_PRIMARY_O00_V1,2026-08-29,PIH_MS_V2.5_ESTABILIDADE_SENSIBILIDADE_V1,False,False
SCALE-500-O00-00435,500,O00,499.9999999999812,2,21,2,2,MULTIPLAS_UNIDADES_SUPERFICIAIS,Grupo Caiuá,Granular (Gr),2,EVIDENCIA_DIRETA_PRESENTE,2,4.761905,14.285714,Q01_R03=2|Q01_R05=2|Q01_R06=2,2,EVIDENCIA_DIRETA_PRESENTE,2,4.761905,14.285714,Q02_R02=2|Q02_R03=2|Q02_R06=2|Q02_R08=2|Q02_R04=1,2,EVIDENCIA_DIRETA_PRESENTE,2,4.761905,14.285714,Q03_R02=2|Q03_R03=2|Q03_R05=2|Q03_R07=2|Q03_R08=2,2,EVIDENCIA_DIRETA_PRESENTE,2,4.761905,14.285714,Q04_R03=2|Q04_R04=2|Q04_R05=2,2,EVIDENCIA_DIRETA_PRESENTE,1,4.761905,9.52381,Q05_R02=2|Q05_R04=2|Q05_R05=2|Q05_R06=2|Q05_R07=2,SCALE_PRIMARY_O00_V1,2026-08-29,PIH_MS_V2.5_ESTABILIDADE_SENSIBILIDADE_V1,False,False
SCALE-500-O00-00436,500,O00,499.9999999999812,0,21,1,1,UMA_UNIDADE_SUPERFICIAL,Grupo Caiuá,Granular (Gr),0,SEM_POCOS_NO_CONJUNTO_AUDITADO,0,38.095238,57.142857,,0,SEM_POCOS_NO_CONJUNTO_AUDITADO,0,38.095238,57.142857,,0,SEM_POCOS_NO_CONJUNTO_AUDITADO,0,38.095238,57.142857,,0,SEM_POCOS_NO_CONJUNTO_AUDITADO,0,38.095238,57.142857,,0,SEM_POCOS_NO_CONJUNTO_AUDITADO,0,38.095238,57.142857,,SCALE_PRIMARY_O00_V1,2026-08-29,PIH_MS_V2.5_ESTABILIDADE_SENSIBILIDADE_V1,False,False
SCALE-500-O00-00437,500,O00,499.9999999999812,0,16,1,1,UMA_UNIDADE_SUPERFICIAL,Grupo Caiuá,Granular (Gr),0,SEM_POCOS_NO_CONJUNTO_AUDITADO,0,0.0,75.0,,0,SEM_POCOS_NO_CONJUNTO_AUDITADO,0,0.0,75.0,,0,SEM_POCOS_NO_CONJUNTO_AUDITADO,0,0.0,75.0,,0,SEM_POCOS_NO_CONJUNTO_AUDITADO,0,0.0,75.0,,0,SEM_POCOS_NO_CONJUNTO_AUDITADO,0,0.0,75.0,,SCALE_PRIMARY_O00_V1,2026-08-29,PIH_MS_V2.5_ESTABILIDADE_SENSIBILIDADE_V1,False,False
SCALE-500-O00-00438,500,O00,499.9999999999812,1,21,1,1,UMA_UNIDADE_SUPERFICIAL,Grupo Caiuá,Granular (Gr),2,EVIDENCIA_DIRETA_PRESENTE,1,4.761905,4.761905,Q01_R03=1|Q01_R05=1|Q01_R06=1,1,POCOS_SEM_EVIDENCIA_DIRETA_DA_PERGUNTA,0,0.0,4.761905,Q02_R02=1|Q02_R03=1|Q02_R04=1|Q02_R05=1|Q02_R06=1,2,EVIDENCIA_DIRETA_PRESENTE,1,4.761905,4.761905,Q03_R02=1|Q03_R03=1|Q03_R05=1|Q03_R07=1|Q03_R08=1,2,EVIDENCIA_DIRETA_PRESENTE,1,4.761905,4.761905,Q04_R03=1|Q04_R04=1|Q04_R05=1,1,POCOS_SEM_EVIDENCIA_DIRETA_DA_PERGUNTA,0,0.0,4.761905,Q05_R02=1|Q05_R03=1|Q05_R04=1|Q05_R05=1|Q05_R06=1,SCALE_PRIMARY_O00_V1,2026-08-29,PIH_MS_V2.5_ESTABILIDADE_SENSIBILIDADE_V1,False,False
SCALE-500-O00-00439,500,O00,499.9999999999812,1,21,2,2,MULTIPLAS_UNIDADES_SUPERFICIAIS,Grupo Caiuá,Granular (Gr),2,EVIDENCIA_DIRETA_PRESENTE,1,9.52381,61.904762,Q01_R03=1|Q01_R05=1|Q01_R06=1,2,EVIDENCIA_DIRETA_PRESENTE,1,4.761905,52.380952,Q02_R02=1|Q02_R03=1|Q02_R06=1|Q02_R07=1|Q02_R08=1,2,EVIDENCIA_DIRETA_PRESENTE,1,9.52381,61.904762,Q03_R02=1|Q03_R03=1|Q03_R05=1|Q03_R06=1|Q03_R07=1,2,EVIDENCIA_DIRETA_PRESENTE,1,9.52381,61.904762,Q04_R03=1|Q04_R04=1|Q04_R05=1,2,EVIDENCIA_DIRETA_PRESENTE,1,4.761905,52.380952,Q05_R02=1|Q05_R04=1|Q05_R05=1|Q05_R06=1|Q05_R07=1,SCALE_PRIMARY_O00_V1,2026-08-29,PIH_MS_V2.5_ESTABILIDADE_SENSIBILIDADE_V1,False,False
SCALE-500-O00-00440,500,O00,499.9999999999812,0,21,2,2,MULTIPLAS_UNIDADES_SUPERFICIAIS,Grupo Caiuá,Granular (Gr),0,SEM_POCOS_NO_CONJUNTO_AUDITADO,0,100.0,85.714286,,0,SEM_POCOS_NO_CONJUNTO_AUDITADO,0,100.0,85.714286,,0,SEM_POCOS_NO_CONJUNTO_AUDITADO,0,100.0,85.714286,,0,SEM_POCOS_NO_CONJUNTO_AUDITADO,0,100.0,85.714286,,0,SEM_POCOS_NO_CONJUNTO_AUDITADO,0,100.0,85.714286,,SCALE_PRIMARY_O00_V1,2026-08-29,PIH_MS_V2.5_ESTABILIDADE_SENSIBILIDADE_V1,False,False
SCALE-500-O00-00441,500,O00,499.9999999999812,0,21,2,1,MULTIPLAS_UNIDADES_SUPERFICIAIS,Grupo Bauru,Granular (Gr),0,SEM_POCOS_NO_CONJUNTO_AUDITADO,0,38.095238,19.047619,,0,SEM_POCOS_NO_CONJUNTO_AUDITADO,0,38.095238,19.047619,,0,SEM_POCOS_NO_CONJUNTO_AUDITADO,0,38.095238,19.047619,,0,SEM_POCOS_NO_CONJUNTO_AUDITADO,0,38.095238,19.047619,,0,SEM_POCOS_NO_CONJUNTO_AUDITADO,0,38.095238,19.047619,,SCALE_PRIMARY_O00_V1,2026-08-29,PIH_MS_V2.5_ESTABILIDADE_SENSIBILIDADE_V1,False,False
SCALE-500-O00-00442,500,O00,499.9999999999812,3,16,2,1,MULTIPLAS_UNIDADES_SUPERFICIAIS,Grupo Caiuá,Granular (Gr),2,EVIDENCIA_DIRETA_PRESENTE,1,0.0,6.25,Q01_R03=3|Q01_R05=3|Q01_R06=3|Q01_R02=2|Q01_R04=1,2,EVIDENCIA_DIRETA_PRESENTE,1,0.0,6.25,Q02_R02=3|Q02_R03=3|Q02_R04=3|Q02_R05=3|Q02_R06=3,2,EVIDENCIA_DIRETA_PRESENTE,2,6.25,62.5,Q03_R02=3|Q03_R03=3|Q03_R07=3|Q03_R08=3|Q03_R05=2,2,EVIDENCIA_DIRETA_PRESENTE,2,6.25,62.5,Q04_R03=3|Q04_R04=3|Q04_R05=3|Q04_R02=1,2,EVIDENCIA_DIRETA_PRESENTE,1,6.25,50.0,Q05_R02=3|Q05_R04=3|Q05_R05=3|Q05_R06=3|Q05_R07=3,SCALE_PRIMARY_O00_V1,2026-08-29,PIH_MS_V2.5_ESTABILIDADE_SENSIBILIDADE_V1,False,False
SCALE-500-O00-00443,500,O00,499.9999999999812,2,20,2,1,MULTIPLAS_UNIDADES_SUPERFICIAIS,Grupo Bauru,Granular (Gr),2,EVIDENCIA_DIRETA_PRESENTE,2,20.0,5.0,Q01_R03=2|Q01_R05=2|Q01_R06=1,2,EVIDENCIA_DIRETA_PRESENTE,2,20.0,5.0,Q02_R02=2|Q02_R04=2|Q02_R06=2|Q02_R07=2|Q02_R08=2,2,EVIDENCIA_DIRETA_PRESENTE,2,20.0,5.0,Q03_R02=2|Q03_R07=2|Q03_R08=2|Q03_R03=1|Q03_R05=1,2,EVIDENCIA_DIRETA_PRESENTE,2,20.0,5.0,Q04_R03=2|Q04_R04=2|Q04_R05=1,2,EVIDENCIA_DIRETA_PRESENTE,1,5.0,5.0,Q05_R02=2|Q05_R04=2|Q05_R06=2|Q05_R07=2|Q05_R03=1,SCALE_PRIMARY_O00_V1,2026-08-29,PIH_MS_V2.5_ESTABILIDADE_SENSIBILIDADE_V1,False,False
SCALE-500-O00-00444,500,O00,499.9999999999812,50,21,3,2,MULTIPLAS_UNIDADES_SUPERFICIAIS,Grupo Bauru,Granular (Gr),2,EVIDENCIA_DIRETA_PRESENTE,45,61.904762,95.238095,Q01_R05=50|Q01_R03=49|Q01_R06=34|Q01_R02=5|Q01_R04=1,2,EVIDENCIA_DIRETA_PRESENTE,44,61.904762,95.238095,Q02_R02=50|Q02_R06=50|Q02_R08=50|Q02_R07=49|Q02_R04=40,2,EVIDENCIA_DIRETA_PRESENTE,38,61.904762,95.238095,Q03_R02=50|Q03_R07=50|Q03_R08=50|Q03_R05=42|Q03_R03=34,2,EVIDENCIA_DIRETA_PRESENTE,49,61.904762,95.238095,Q04_R03=50|Q04_R04=50|Q04_R05=34|Q04_R02=1,2,EVIDENCIA_DIRETA_PRESENTE,15,23.809524,95.238095,Q05_R02=50|Q05_R04=50|Q05_R06=50|Q05_R07=50|Q05_R03=35,SCALE_PRIMARY_O00_V1,2026-08-29,PIH_MS_V2.5_ESTABILIDADE_SENSIBILIDADE_V1,False,False
SCALE-500-O00-00445,500,O00,38.68587284355776,0,2,1,1,UMA_UNIDADE_SUPERFICIAL,Formação Serra Geral,Fraturada (Fr),0,SEM_POCOS_NO_CONJUNTO_AUDITADO,0,0.0,0.0,,0,SEM_POCOS_NO_CONJUNTO_AUDITADO,0,0.0,0.0,,0,SEM_POCOS_NO_CONJUNTO_AUDITADO,0,0.0,0.0,,0,SEM_POCOS_NO_CONJUNTO_AUDITADO,0,0.0,0.0,,0,SEM_POCOS_NO_CONJUNTO_AUDITADO,0,0.0,0.0,,SCALE_PRIMARY_O00_V1,2026-08-29,PIH_MS_V2.5_ESTABILIDADE_SENSIBILIDADE_V1,False,False
SCALE-500-O00-00446,500,O00,76.71402962153398,0,2,1,1,UMA_UNIDADE_SUPERFICIAL,Formação Pantanal,Granular (Gr),0,SEM_POCOS_NO_CONJUNTO_AUDITADO,0,100.0,100.0,,0,SEM_POCOS_NO_CONJUNTO_AUDITADO,0,100.0,100.0,,0,SEM_POCOS_NO_CONJUNTO_AUDITADO,0,100.0,100.0,,0,SEM_POCOS_NO_CONJUNTO_AUDITADO,0,100.0,100.0,,0,SEM_POCOS_NO_CONJUNTO_AUDITADO,0,100.0,100.0,,SCALE_PRIMARY_O00_V1,2026-08-29,PIH_MS_V2.5_ESTABILIDADE_SENSIBILIDADE_V1,False,False
SCALE-500-O00-00447,500,O00,459.64717193543913,0,19,1,1,UMA_UNIDADE_SUPERFICIAL,Formação Pantanal,Granular (Gr),0,SEM_POCOS_NO_CONJUNTO_AUDITADO,0,84.210526,10.526316,,0,SEM_POCOS_NO_CONJUNTO_AUDITADO,0,84.210526,10.526316,,0,SEM_POCOS_NO_CONJUNTO_AUDITADO,0,84.210526,10.526316,,0,SEM_POCOS_NO_CONJUNTO_AUDITADO,0,84.210526,10.526316,,0,SEM_POCOS_NO_CONJUNTO_AUDITADO,0,84.210526,10.526316,,SCALE_PRIMARY_O00_V1,2026-08-29,PIH_MS_V2.5_ESTABILIDADE_SENSIBILIDADE_V1,False,False
SCALE-500-O00-00448,500,O00,499.9999999999812,0,20,2,1,MULTIPLAS_UNIDADES_SUPERFICIAIS,Formação Pantanal,Granular (Gr),0,SEM_POCOS_NO_CONJUNTO_AUDITADO,0,80.0,85.0,,0,SEM_POCOS_NO_CONJUNTO_AUDITADO,0,80.0,85.0,,0,SEM_POCOS_NO_CONJUNTO_AUDITADO,0,80.0,85.0,,0,SEM_POCOS_NO_CONJUNTO_AUDITADO,0,80.0,85.0,,0,SEM_POCOS_NO_CONJUNTO_AUDITADO,0,80.0,85.0,,SCALE_PRIMARY_O00_V1,2026-08-29,PIH_MS_V2.5_ESTABILIDADE_SENSIBILIDADE_V1,False,False
SCALE-500-O00-00449,500,O00,499.9999999999812,0,21,2,1,MULTIPLAS_UNIDADES_SUPERFICIAIS,Formação Pantanal,Granular (Gr),0,SEM_POCOS_NO_CONJUNTO_AUDITADO,0,85.714286,95.238095,,0,SEM_POCOS_NO_CONJUNTO_AUDITADO,0,85.714286,95.238095,,0,SEM_POCOS_NO_CONJUNTO_AUDITADO,0,85.714286,95.238095,,0,SEM_POCOS_NO_CONJUNTO_AUDITADO,0,85.714286,95.238095,,0,SEM_POCOS_NO_CONJUNTO_AUDITADO,0,85.714286,95.238095,,SCALE_PRIMARY_O00_V1,2026-08-29,PIH_MS_V2.5_ESTABILIDADE_SENSIBILIDADE_V1,False,False
SCALE-500-O00-00450,500,O00,499.9999999999812,0,20,2,2,MULTIPLAS_UNIDADES_SUPERFICIAIS,Formação Pantanal,Granular (Gr),0,SEM_POCOS_NO_CONJUNTO_AUDITADO,0,95.0,100.0,,0,SEM_POCOS_NO_CONJUNTO_AUDITADO,0,95.0,100.0,,0,SEM_POCOS_NO_CONJUNTO_AUDITADO,0,95.0,100.0,,0,SEM_POCOS_NO_CONJUNTO_AUDITADO,0,95.0,100.0,,0,SEM_POCOS_NO_CONJUNTO_AUDITADO,0,95.0,100.0,,SCALE_PRIMARY_O00_V1,2026-08-29,PIH_MS_V2.5_ESTABILIDADE_SENSIBILIDADE_V1,False,False
SCALE-500-O00-00451,500,O00,499.9999999999812,0,18,2,2,MULTIPLAS_UNIDADES_SUPERFICIAIS,Embasamento Indiferenciado,Fraturada (Fr),0,SEM_POCOS_NO_CONJUNTO_AUDITADO,0,94.444444,77.777778,,0,SEM_POCOS_NO_CONJUNTO_AUDITADO,0,94.444444,77.777778,,0,SEM_POCOS_NO_CONJUNTO_AUDITADO,0,94.444444,77.777778,,0,SEM_POCOS_NO_CONJUNTO_AUDITADO,0,94.444444,77.777778,,0,SEM_POCOS_NO_CONJUNTO_AUDITADO,0,94.444444,77.777778,,SCALE_PRIMARY_O00_V1,2026-08-29,PIH_MS_V2.5_ESTABILIDADE_SENSIBILIDADE_V1,False,False
SCALE-500-O00-00452,500,O00,499.9999999999812,0,21,3,2,MULTIPLAS_UNIDADES_SUPERFICIAIS,Formação Pantanal,Granular (Gr),0,SEM_POCOS_NO_CONJUNTO_AUDITADO,0,42.857143,76.190476,,0,SEM_POCOS_NO_CONJUNTO_AUDITADO,0,42.857143,76.190476,,0,SEM_POCOS_NO_CONJUNTO_AUDITADO,0,42.857143,76.190476,,0,SEM_POCOS_NO_CONJUNTO_AUDITADO,0,42.857143,76.190476,,0,SEM_POCOS_NO_CONJUNTO_AUDITADO,0,42.857143,76.190476,,SCALE_PRIMARY_O00_V1,2026-08-29,PIH_MS_V2.5_ESTABILIDADE_SENSIBILIDADE_V1,False,False
SCALE-500-O00-00453,500,O00,499.9999999999812,1,20,1,1,UMA_UNIDADE_SUPERFICIAL,Formação Pantanal,Granular (Gr),2,EVIDENCIA_DIRETA_PRESENTE,1,15.0,60.0,Q01_R03=1|Q01_R05=1|Q01_R06=1,2,EVIDENCIA_DIRETA_PRESENTE,1,15.0,60.0,Q02_R02=1|Q02_R03=1|Q02_R06=1|Q02_R07=1|Q02_R08=1,2,EVIDENCIA_DIRETA_PRESENTE,1,10.0,60.0,Q03_R02=1|Q03_R03=1|Q03_R07=1|Q03_R08=1,2,EVIDENCIA_DIRETA_PRESENTE,1,15.0,60.0,Q04_R03=1|Q04_R04=1|Q04_R05=1,2,EVIDENCIA_DIRETA_PRESENTE,1,15.0,50.0,Q05_R02=1|Q05_R04=1|Q05_R05=1|Q05_R06=1|Q05_R07=1,SCALE_PRIMARY_O00_V1,2026-08-29,PIH_MS_V2.5_ESTABILIDADE_SENSIBILIDADE_V1,False,False
SCALE-500-O00-00454,500,O00,499.9999999999812,0,21,2,2,MULTIPLAS_UNIDADES_SUPERFICIAIS,Formação Pantanal,Granular (Gr),0,SEM_POCOS_NO_CONJUNTO_AUDITADO,0,0.0,52.380952,,0,SEM_POCOS_NO_CONJUNTO_AUDITADO,0,0.0,52.380952,,0,SEM_POCOS_NO_CONJUNTO_AUDITADO,0,0.0,52.380952,,0,SEM_POCOS_NO_CONJUNTO_AUDITADO,0,0.0,52.380952,,0,SEM_POCOS_NO_CONJUNTO_AUDITADO,0,0.0,52.380952,,SCALE_PRIMARY_O00_V1,2026-08-29,PIH_MS_V2.5_ESTABILIDADE_SENSIBILIDADE_V1,False,False
SCALE-500-O00-00455,500,O00,499.9999999999812,0,20,2,1,MULTIPLAS_UNIDADES_SUPERFICIAIS,Formação Pantanal,Granular (Gr),0,SEM_POCOS_NO_CONJUNTO_AUDITADO,0,85.0,90.0,,0,SEM_POCOS_NO_CONJUNTO_AUDITADO,0,85.0,90.0,,0,SEM_POCOS_NO_CONJUNTO_AUDITADO,0,85.0,90.0,,0,SEM_POCOS_NO_CONJUNTO_AUDITADO,0,85.0,90.0,,0,SEM_POCOS_NO_CONJUNTO_AUDITADO,0,85.0,90.0,,SCALE_PRIMARY_O00_V1,2026-08-29,PIH_MS_V2.5_ESTABILIDADE_SENSIBILIDADE_V1,False,False
SCALE-500-O00-00456,500,O00,499.9999999999812,0,21,2,1,MULTIPLAS_UNIDADES_SUPERFICIAIS,Formação Pantanal,Granular (Gr),0,SEM_POCOS_NO_CONJUNTO_AUDITADO,0,100.0,100.0,,0,SEM_POCOS_NO_CONJUNTO_AUDITADO,0,100.0,100.0,,0,SEM_POCOS_NO_CONJUNTO_AUDITADO,0,100.0,100.0,,0,SEM_POCOS_NO_CONJUNTO_AUDITADO,0,100.0,100.0,,0,SEM_POCOS_NO_CONJUNTO_AUDITADO,0,100.0,100.0,,SCALE_PRIMARY_O00_V1,2026-08-29,PIH_MS_V2.5_ESTABILIDADE_SENSIBILIDADE_V1,False,False
SCALE-500-O00-00457,500,O00,499.99999999998124,0,18,1,1,UMA_UNIDADE_SUPERFICIAL,Formação Pantanal,Granular (Gr),0,SEM_POCOS_NO_CONJUNTO_AUDITADO,0,100.0,100.0,,0,SEM_POCOS_NO_CONJUNTO_AUDITADO,0,100.0,100.0,,0,SEM_POCOS_NO_CONJUNTO_AUDITADO,0,100.0,100.0,,0,SEM_POCOS_NO_CONJUNTO_AUDITADO,0,100.0,100.0,,0,SEM_POCOS_NO_CONJUNTO_AUDITADO,0,100.0,100.0,,SCALE_PRIMARY_O00_V1,2026-08-29,PIH_MS_V2.5_ESTABILIDADE_SENSIBILIDADE_V1,False,False
SCALE-500-O00-00458,500,O00,499.9999999999812,0,20,4,2,MULTIPLAS_UNIDADES_SUPERFICIAIS,Formação Pantanal,Granular (Gr),0,SEM_POCOS_NO_CONJUNTO_AUDITADO,0,5.0,95.0,,0,SEM_POCOS_NO_CONJUNTO_AUDITADO,0,5.0,95.0,,0,SEM_POCOS_NO_CONJUNTO_AUDITADO,0,5.0,95.0,,0,SEM_POCOS_NO_CONJUNTO_AUDITADO,0,5.0,95.0,,0,SEM_POCOS_NO_CONJUNTO_AUDITADO,0,5.0,95.0,,SCALE_PRIMARY_O00_V1,2026-08-29,PIH_MS_V2.5_ESTABILIDADE_SENSIBILIDADE_V1,False,False
SCALE-500-O00-00459,500,O00,499.9999999999812,3,21,4,1,MULTIPLAS_UNIDADES_SUPERFICIAIS,Formação Aquidauana,Granular (Gr),2,EVIDENCIA_DIRETA_PRESENTE,2,33.333333,57.142857,Q01_R03=3|Q01_R05=3|Q01_R06=2|Q01_R02=1,2,EVIDENCIA_DIRETA_PRESENTE,2,33.333333,57.142857,Q02_R02=3|Q02_R06=3|Q02_R07=3|Q02_R08=3|Q02_R03=2,1,POCOS_SEM_EVIDENCIA_DIRETA_DA_PERGUNTA,0,0.0,57.142857,Q03_R02=3|Q03_R04=3|Q03_R05=3|Q03_R06=3|Q03_R07=3,2,EVIDENCIA_DIRETA_PRESENTE,3,33.333333,66.666667,Q04_R03=3|Q04_R04=3|Q04_R05=2,2,EVIDENCIA_DIRETA_PRESENTE,2,33.333333,52.380952,Q05_R02=3|Q05_R04=3|Q05_R06=3|Q05_R07=3|Q05_R05=2,SCALE_PRIMARY_O00_V1,2026-08-29,PIH_MS_V2.5_ESTABILIDADE_SENSIBILIDADE_V1,False,False
SCALE-500-O00-00460,500,O00,499.9999999999812,10,20,2,1,MULTIPLAS_UNIDADES_SUPERFICIAIS,Formação Botucatu,Granular (Gr),2,EVIDENCIA_DIRETA_PRESENTE,8,30.0,100.0,Q01_R03=10|Q01_R05=10|Q01_R06=9|Q01_R02=2|Q01_R04=2,2,EVIDENCIA_DIRETA_PRESENTE,8,30.0,100.0,Q02_R02=10|Q02_R06=10|Q02_R07=10|Q02_R08=10|Q02_R03=9,2,EVIDENCIA_DIRETA_PRESENTE,4,15.0,85.0,Q03_R02=10|Q03_R07=10|Q03_R08=10|Q03_R03=9|Q03_R05=8,2,EVIDENCIA_DIRETA_PRESENTE,8,30.0,100.0,Q04_R03=10|Q04_R04=10|Q04_R05=9|Q04_R02=2,2,EVIDENCIA_DIRETA_PRESENTE,5,20.0,85.0,Q05_R02=10|Q05_R04=10|Q05_R06=10|Q05_R07=10|Q05_R05=9,SCALE_PRIMARY_O00_V1,2026-08-29,PIH_MS_V2.5_ESTABILIDADE_SENSIBILIDADE_V1,False,False
SCALE-500-O00-00461,500,O00,499.9999999999812,4,20,2,2,MULTIPLAS_UNIDADES_SUPERFICIAIS,Formação Botucatu,Granular (Gr),2,EVIDENCIA_DIRETA_PRESENTE,4,25.0,100.0,Q01_R03=4|Q01_R05=4|Q01_R06=3,2,EVIDENCIA_DIRETA_PRESENTE,4,25.0,100.0,Q02_R02=4|Q02_R06=4|Q02_R07=4|Q02_R08=4|Q02_R03=3,2,EVIDENCIA_DIRETA_PRESENTE,2,5.0,20.0,Q03_R02=4|Q03_R05=4|Q03_R07=4|Q03_R08=4|Q03_R03=3,2,EVIDENCIA_DIRETA_PRESENTE,4,40.0,100.0,Q04_R03=4|Q04_R04=4|Q04_R05=3,2,EVIDENCIA_DIRETA_PRESENTE,1,10.0,100.0,Q05_R02=4|Q05_R04=4|Q05_R06=4|Q05_R07=4|Q05_R03=3,SCALE_PRIMARY_O00_V1,2026-08-29,PIH_MS_V2.5_ESTABILIDADE_SENSIBILIDADE_V1,False,False
SCALE-500-O00-00462,500,O00,499.9999999999812,8,18,2,2,MULTIPLAS_UNIDADES_SUPERFICIAIS,Formação Serra Geral,Fraturada (Fr),2,EVIDENCIA_DIRETA_PRESENTE,8,55.555556,100.0,Q01_R03=8|Q01_R05=8|Q01_R06=2,2,EVIDENCIA_DIRETA_PRESENTE,7,33.333333,100.0,Q02_R02=8|Q02_R06=8|Q02_R07=8|Q02_R08=8|Q02_R04=6,2,EVIDENCIA_DIRETA_PRESENTE,6,50.0,77.777778,Q03_R02=8|Q03_R05=8|Q03_R07=8|Q03_R08=8|Q03_R06=4,2,EVIDENCIA_DIRETA_PRESENTE,8,55.555556,100.0,Q04_R03=8|Q04_R04=8|Q04_R05=2,2,EVIDENCIA_DIRETA_PRESENTE,2,0.0,16.666667,Q05_R02=8|Q05_R04=8|Q05_R06=8|Q05_R07=8|Q05_R03=6,SCALE_PRIMARY_O00_V1,2026-08-29,PIH_MS_V2.5_ESTABILIDADE_SENSIBILIDADE_V1,False,False
SCALE-500-O00-00463,500,O00,499.9999999999812,8,20,2,2,MULTIPLAS_UNIDADES_SUPERFICIAIS,Grupo Caiuá,Granular (Gr),2,EVIDENCIA_DIRETA_PRESENTE,6,40.0,90.0,Q01_R03=8|Q01_R05=8|Q01_R06=4|Q01_R02=2,2,EVIDENCIA_DIRETA_PRESENTE,6,40.0,90.0,Q02_R02=8|Q02_R06=8|Q02_R07=8|Q02_R08=8|Q02_R04=6,2,EVIDENCIA_DIRETA_PRESENTE,4,40.0,90.0,Q03_R02=8|Q03_R07=8|Q03_R08=8|Q03_R05=6|Q03_R04=4,2,EVIDENCIA_DIRETA_PRESENTE,8,40.0,90.0,Q04_R03=8|Q04_R04=8|Q04_R05=4,2,EVIDENCIA_DIRETA_PRESENTE,4,10.0,10.0,Q05_R02=8|Q05_R04=8|Q05_R06=8|Q05_R07=8|Q05_R03=4,SCALE_PRIMARY_O00_V1,2026-08-29,PIH_MS_V2.5_ESTABILIDADE_SENSIBILIDADE_V1,False,False
SCALE-500-O00-00464,500,O00,499.9999999999812,3,20,2,2,MULTIPLAS_UNIDADES_SUPERFICIAIS,Grupo Caiuá,Granular (Gr),2,EVIDENCIA_DIRETA_PRESENTE,2,30.0,70.0,Q01_R03=3|Q01_R05=3|Q01_R06=2|Q01_R02=1,2,EVIDENCIA_DIRETA_PRESENTE,2,30.0,70.0,Q02_R02=3|Q02_R06=3|Q02_R07=3|Q02_R08=3|Q02_R03=2,2,EVIDENCIA_DIRETA_PRESENTE,1,0.0,0.0,Q03_R02=3|Q03_R05=3|Q03_R07=3|Q03_R08=3|Q03_R03=2,2,EVIDENCIA_DIRETA_PRESENTE,3,35.0,85.0,Q04_R03=3|Q04_R04=3|Q04_R05=2,2,EVIDENCIA_DIRETA_PRESENTE,2,30.0,70.0,Q05_R02=3|Q05_R04=3|Q05_R06=3|Q05_R07=3|Q05_R05=2,SCALE_PRIMARY_O00_V1,2026-08-29,PIH_MS_V2.5_ESTABILIDADE_SENSIBILIDADE_V1,False,False
SCALE-500-O00-00465,500,O00,499.9999999999812,4,20,2,2,MULTIPLAS_UNIDADES_SUPERFICIAIS,Formação Serra Geral,Fraturada (Fr),2,EVIDENCIA_DIRETA_PRESENTE,4,20.0,60.0,Q01_R03=4|Q01_R05=4|Q01_R06=4,2,EVIDENCIA_DIRETA_PRESENTE,4,20.0,60.0,Q02_R02=4|Q02_R03=4|Q02_R04=4|Q02_R06=4|Q02_R07=4,1,POCOS_SEM_EVIDENCIA_DIRETA_DA_PERGUNTA,0,15.0,65.0,Q03_R02=4|Q03_R03=4|Q03_R04=4|Q03_R05=4|Q03_R06=4,2,EVIDENCIA_DIRETA_PRESENTE,4,20.0,60.0,Q04_R03=4|Q04_R04=4|Q04_R05=4,2,EVIDENCIA_DIRETA_PRESENTE,1,5.0,60.0,Q05_R02=4|Q05_R04=4|Q05_R05=4|Q05_R06=4|Q05_R07=4,SCALE_PRIMARY_O00_V1,2026-08-29,PIH_MS_V2.5_ESTABILIDADE_SENSIBILIDADE_V1,False,False
SCALE-500-O00-00466,500,O00,499.9999999999812,0,20,2,2,MULTIPLAS_UNIDADES_SUPERFICIAIS,Grupo Caiuá,Granular (Gr),0,SEM_POCOS_NO_CONJUNTO_AUDITADO,0,0.0,70.0,,0,SEM_POCOS_NO_CONJUNTO_AUDITADO,0,0.0,70.0,,0,SEM_POCOS_NO_CONJUNTO_AUDITADO,0,0.0,70.0,,0,SEM_POCOS_NO_CONJUNTO_AUDITADO,0,0.0,70.0,,0,SEM_POCOS_NO_CONJUNTO_AUDITADO,0,0.0,70.0,,SCALE_PRIMARY_O00_V1,2026-08-29,PIH_MS_V2.5_ESTABILIDADE_SENSIBILIDADE_V1,False,False
SCALE-500-O00-00467,500,O00,499.9999999999812,2,18,2,2,MULTIPLAS_UNIDADES_SUPERFICIAIS,Grupo Caiuá,Granular (Gr),2,EVIDENCIA_DIRETA_PRESENTE,2,22.222222,72.222222,Q01_R03=2|Q01_R05=2|Q01_R06=1,2,EVIDENCIA_DIRETA_PRESENTE,2,22.222222,72.222222,Q02_R02=2|Q02_R06=2|Q02_R07=2|Q02_R08=2|Q02_R03=1,2,EVIDENCIA_DIRETA_PRESENTE,2,22.222222,72.222222,Q03_R02=2|Q03_R07=2|Q03_R08=2|Q03_R03=1|Q03_R05=1,2,EVIDENCIA_DIRETA_PRESENTE,2,22.222222,72.222222,Q04_R03=2|Q04_R04=2|Q04_R05=1,2,EVIDENCIA_DIRETA_PRESENTE,1,22.222222,66.666667,Q05_R02=2|Q05_R04=2|Q05_R06=2|Q05_R07=2|Q05_R03=1,SCALE_PRIMARY_O00_V1,2026-08-29,PIH_MS_V2.5_ESTABILIDADE_SENSIBILIDADE_V1,False,False
SCALE-500-O00-00468,500,O00,499.9999999999812,0,20,2,2,MULTIPLAS_UNIDADES_SUPERFICIAIS,Grupo Caiuá,Granular (Gr),0,SEM_POCOS_NO_CONJUNTO_AUDITADO,0,100.0,50.0,,0,SEM_POCOS_NO_CONJUNTO_AUDITADO,0,100.0,50.0,,0,SEM_POCOS_NO_CONJUNTO_AUDITADO,0,100.0,50.0,,0,SEM_POCOS_NO_CONJUNTO_AUDITADO,0,100.0,50.0,,0,SEM_POCOS_NO_CONJUNTO_AUDITADO,0,100.0,50.0,,SCALE_PRIMARY_O00_V1,2026-08-29,PIH_MS_V2.5_ESTABILIDADE_SENSIBILIDADE_V1,False,False
SCALE-500-O00-00469,500,O00,499.9999999999812,0,20,1,1,UMA_UNIDADE_SUPERFICIAL,Grupo Caiuá,Granular (Gr),0,SEM_POCOS_NO_CONJUNTO_AUDITADO,0,40.0,100.0,,0,SEM_POCOS_NO_CONJUNTO_AUDITADO,0,40.0,100.0,,0,SEM_POCOS_NO_CONJUNTO_AUDITADO,0,40.0,100.0,,0,SEM_POCOS_NO_CONJUNTO_AUDITADO,0,40.0,100.0,,0,SEM_POCOS_NO_CONJUNTO_AUDITADO,0,40.0,100.0,,SCALE_PRIMARY_O00_V1,2026-08-29,PIH_MS_V2.5_ESTABILIDADE_SENSIBILIDADE_V1,False,False
SCALE-500-O00-00470,500,O00,499.9999999999812,1,20,1,1,UMA_UNIDADE_SUPERFICIAL,Grupo Caiuá,Granular (Gr),2,EVIDENCIA_DIRETA_PRESENTE,1,0.0,5.0,Q01_R03=1|Q01_R05=1|Q01_R06=1,2,EVIDENCIA_DIRETA_PRESENTE,1,0.0,5.0,Q02_R02=1|Q02_R03=1|Q02_R04=1|Q02_R05=1|Q02_R06=1,2,EVIDENCIA_DIRETA_PRESENTE,1,0.0,5.0,Q03_R02=1|Q03_R03=1|Q03_R05=1|Q03_R07=1|Q03_R08=1,2,EVIDENCIA_DIRETA_PRESENTE,1,0.0,5.0,Q04_R03=1|Q04_R04=1|Q04_R05=1,1,POCOS_SEM_EVIDENCIA_DIRETA_DA_PERGUNTA,0,0.0,5.0,Q05_R02=1|Q05_R03=1|Q05_R04=1|Q05_R05=1|Q05_R06=1,SCALE_PRIMARY_O00_V1,2026-08-29,PIH_MS_V2.5_ESTABILIDADE_SENSIBILIDADE_V1,False,False
SCALE-500-O00-00471,500,O00,499.9999999999812,0,20,1,1,UMA_UNIDADE_SUPERFICIAL,Grupo Caiuá,Granular (Gr),0,SEM_POCOS_NO_CONJUNTO_AUDITADO,0,0.0,60.0,,0,SEM_POCOS_NO_CONJUNTO_AUDITADO,0,0.0,60.0,,0,SEM_POCOS_NO_CONJUNTO_AUDITADO,0,0.0,60.0,,0,SEM_POCOS_NO_CONJUNTO_AUDITADO,0,0.0,60.0,,0,SEM_POCOS_NO_CONJUNTO_AUDITADO,0,0.0,60.0,,SCALE_PRIMARY_O00_V1,2026-08-29,PIH_MS_V2.5_ESTABILIDADE_SENSIBILIDADE_V1,False,False
SCALE-500-O00-00472,500,O00,499.9999999999812,0,18,2,2,MULTIPLAS_UNIDADES_SUPERFICIAIS,Grupo Caiuá,Granular (Gr),0,SEM_POCOS_NO_CONJUNTO_AUDITADO,0,100.0,77.777778,,0,SEM_POCOS_NO_CONJUNTO_AUDITADO,0,100.0,77.777778,,0,SEM_POCOS_NO_CONJUNTO_AUDITADO,0,100.0,77.777778,,0,SEM_POCOS_NO_CONJUNTO_AUDITADO,0,100.0,77.777778,,0,SEM_POCOS_NO_CONJUNTO_AUDITADO,0,100.0,77.777778,,SCALE_PRIMARY_O00_V1,2026-08-29,PIH_MS_V2.5_ESTABILIDADE_SENSIBILIDADE_V1,False,False
SCALE-500-O00-00473,500,O00,499.9999999999812,3,20,2,1,MULTIPLAS_UNIDADES_SUPERFICIAIS,Grupo Caiuá,Granular (Gr),2,EVIDENCIA_DIRETA_PRESENTE,3,5.0,45.0,Q01_R05=3|Q01_R03=2|Q01_R06=1,2,EVIDENCIA_DIRETA_PRESENTE,2,5.0,45.0,Q02_R02=3|Q02_R06=3|Q02_R07=3|Q02_R08=3|Q02_R04=2,2,EVIDENCIA_DIRETA_PRESENTE,3,5.0,45.0,Q03_R02=3|Q03_R07=3|Q03_R08=3|Q03_R03=1|Q03_R05=1,2,EVIDENCIA_DIRETA_PRESENTE,3,5.0,45.0,Q04_R03=3|Q04_R04=3|Q04_R05=1,2,EVIDENCIA_DIRETA_PRESENTE,2,5.0,45.0,Q05_R02=3|Q05_R04=3|Q05_R06=3|Q05_R07=3|Q05_R05=1,SCALE_PRIMARY_O00_V1,2026-08-29,PIH_MS_V2.5_ESTABILIDADE_SENSIBILIDADE_V1,False,False
SCALE-500-O00-00474,500,O00,499.9999999999812,0,20,2,1,MULTIPLAS_UNIDADES_SUPERFICIAIS,Grupo Bauru,Granular (Gr),0,SEM_POCOS_NO_CONJUNTO_AUDITADO,0,0.0,65.0,,0,SEM_POCOS_NO_CONJUNTO_AUDITADO,0,0.0,65.0,,0,SEM_POCOS_NO_CONJUNTO_AUDITADO,0,0.0,65.0,,0,SEM_POCOS_NO_CONJUNTO_AUDITADO,0,0.0,65.0,,0,SEM_POCOS_NO_CONJUNTO_AUDITADO,0,0.0,65.0,,SCALE_PRIMARY_O00_V1,2026-08-29,PIH_MS_V2.5_ESTABILIDADE_SENSIBILIDADE_V1,False,False
SCALE-500-O00-00475,500,O00,499.9999999999812,0,20,1,1,UMA_UNIDADE_SUPERFICIAL,Grupo Bauru,Granular (Gr),0,SEM_POCOS_NO_CONJUNTO_AUDITADO,0,100.0,75.0,,0,SEM_POCOS_NO_CONJUNTO_AUDITADO,0,100.0,75.0,,0,SEM_POCOS_NO_CONJUNTO_AUDITADO,0,100.0,75.0,,0,SEM_POCOS_NO_CONJUNTO_AUDITADO,0,100.0,75.0,,0,SEM_POCOS_NO_CONJUNTO_AUDITADO,0,100.0,75.0,,SCALE_PRIMARY_O00_V1,2026-08-29,PIH_MS_V2.5_ESTABILIDADE_SENSIBILIDADE_V1,False,False
SCALE-500-O00-00476,500,O00,499.9999999999812,0,20,1,1,UMA_UNIDADE_SUPERFICIAL,Grupo Bauru,Granular (Gr),0,SEM_POCOS_NO_CONJUNTO_AUDITADO,0,30.0,10.0,,0,SEM_POCOS_NO_CONJUNTO_AUDITADO,0,30.0,10.0,,0,SEM_POCOS_NO_CONJUNTO_AUDITADO,0,30.0,10.0,,0,SEM_POCOS_NO_CONJUNTO_AUDITADO,0,30.0,10.0,,0,SEM_POCOS_NO_CONJUNTO_AUDITADO,0,30.0,10.0,,SCALE_PRIMARY_O00_V1,2026-08-29,PIH_MS_V2.5_ESTABILIDADE_SENSIBILIDADE_V1,False,False
SCALE-500-O00-00477,500,O00,295.72339830428325,2,11,3,2,MULTIPLAS_UNIDADES_SUPERFICIAIS,Grupo Bauru,Granular (Gr),2,EVIDENCIA_DIRETA_PRESENTE,2,72.727273,63.636364,Q01_R03=2|Q01_R05=2|Q01_R06=2,2,EVIDENCIA_DIRETA_PRESENTE,2,72.727273,63.636364,Q02_R02=2|Q02_R03=2|Q02_R04=2|Q02_R05=2|Q02_R06=2,2,EVIDENCIA_DIRETA_PRESENTE,1,45.454545,9.090909,Q03_R02=2|Q03_R03=2|Q03_R05=2|Q03_R07=2|Q03_R08=2,2,EVIDENCIA_DIRETA_PRESENTE,2,72.727273,63.636364,Q04_R03=2|Q04_R04=2|Q04_R05=2,1,POCOS_SEM_EVIDENCIA_DIRETA_DA_PERGUNTA,0,0.0,27.272727,Q05_R02=2|Q05_R03=2|Q05_R04=2|Q05_R05=2|Q05_R06=2,SCALE_PRIMARY_O00_V1,2026-08-29,PIH_MS_V2.5_ESTABILIDADE_SENSIBILIDADE_V1,False,False
SCALE-500-O00-00478,500,O00,335.442542973424,0,13,1,1,UMA_UNIDADE_SUPERFICIAL,Formação Pantanal,Granular (Gr),0,SEM_POCOS_NO_CONJUNTO_AUDITADO,0,76.923077,76.923077,,0,SEM_POCOS_NO_CONJUNTO_AUDITADO,0,76.923077,76.923077,,0,SEM_POCOS_NO_CONJUNTO_AUDITADO,0,76.923077,76.923077,,0,SEM_POCOS_NO_CONJUNTO_AUDITADO,0,76.923077,76.923077,,0,SEM_POCOS_NO_CONJUNTO_AUDITADO,0,76.923077,76.923077,,SCALE_PRIMARY_O00_V1,2026-08-29,PIH_MS_V2.5_ESTABILIDADE_SENSIBILIDADE_V1,False,False
SCALE-500-O00-00479,500,O00,499.9999999999812,1,20,1,1,UMA_UNIDADE_SUPERFICIAL,Formação Pantanal,Granular (Gr),2,EVIDENCIA_DIRETA_PRESENTE,1,5.0,5.0,Q01_R03=1|Q01_R05=1|Q01_R06=1,2,EVIDENCIA_DIRETA_PRESENTE,1,5.0,5.0,Q02_R02=1|Q02_R03=1|Q02_R04=1|Q02_R05=1|Q02_R06=1,1,POCOS_SEM_EVIDENCIA_DIRETA_DA_PERGUNTA,0,5.0,5.0,Q03_R02=1|Q03_R03=1|Q03_R04=1|Q03_R05=1|Q03_R06=1,2,EVIDENCIA_DIRETA_PRESENTE,1,5.0,5.0,Q04_R03=1|Q04_R04=1|Q04_R05=1,1,POCOS_SEM_EVIDENCIA_DIRETA_DA_PERGUNTA,0,5.0,5.0,Q05_R02=1|Q05_R03=1|Q05_R04=1|Q05_R05=1|Q05_R06=1,SCALE_PRIMARY_O00_V1,2026-08-29,PIH_MS_V2.5_ESTABILIDADE_SENSIBILIDADE_V1,False,False
SCALE-500-O00-00480,500,O00,499.9999999999812,0,18,2,1,MULTIPLAS_UNIDADES_SUPERFICIAIS,Formação Pantanal,Granular (Gr),0,SEM_POCOS_NO_CONJUNTO_AUDITADO,0,11.111111,16.666667,,0,SEM_POCOS_NO_CONJUNTO_AUDITADO,0,11.111111,16.666667,,0,SEM_POCOS_NO_CONJUNTO_AUDITADO,0,11.111111,16.666667,,0,SEM_POCOS_NO_CONJUNTO_AUDITADO,0,11.111111,16.666667,,0,SEM_POCOS_NO_CONJUNTO_AUDITADO,0,11.111111,16.666667,,SCALE_PRIMARY_O00_V1,2026-08-29,PIH_MS_V2.5_ESTABILIDADE_SENSIBILIDADE_V1,False,False
SCALE-500-O00-00481,500,O00,499.9999999999812,1,21,1,1,UMA_UNIDADE_SUPERFICIAL,Formação Pantanal,Granular (Gr),2,EVIDENCIA_DIRETA_PRESENTE,1,4.761905,23.809524,Q01_R03=1|Q01_R05=1|Q01_R06=1,2,EVIDENCIA_DIRETA_PRESENTE,1,4.761905,23.809524,Q02_R02=1|Q02_R03=1|Q02_R04=1|Q02_R06=1|Q02_R07=1,1,POCOS_SEM_EVIDENCIA_DIRETA_DA_PERGUNTA,0,4.761905,23.809524,Q03_R02=1|Q03_R03=1|Q03_R04=1|Q03_R05=1|Q03_R06=1,2,EVIDENCIA_DIRETA_PRESENTE,1,4.761905,23.809524,Q04_R03=1|Q04_R04=1|Q04_R05=1,2,EVIDENCIA_DIRETA_PRESENTE,1,4.761905,23.809524,Q05_R02=1|Q05_R04=1|Q05_R05=1|Q05_R06=1|Q05_R07=1,SCALE_PRIMARY_O00_V1,2026-08-29,PIH_MS_V2.5_ESTABILIDADE_SENSIBILIDADE_V1,False,False
SCALE-500-O00-00482,500,O00,499.9999999999812,2,20,2,1,MULTIPLAS_UNIDADES_SUPERFICIAIS,Formação Pantanal,Granular (Gr),1,POCOS_SEM_EVIDENCIA_DIRETA_DA_PERGUNTA,0,10.0,55.0,Q01_R02=2|Q01_R03=2|Q01_R04=2|Q01_R05=2|Q01_R06=2,1,POCOS_SEM_EVIDENCIA_DIRETA_DA_PERGUNTA,0,10.0,55.0,Q02_R02=2|Q02_R03=2|Q02_R04=2|Q02_R05=2|Q02_R06=2,1,POCOS_SEM_EVIDENCIA_DIRETA_DA_PERGUNTA,0,10.0,55.0,Q03_R02=2|Q03_R03=2|Q03_R04=2|Q03_R05=2|Q03_R06=2,1,POCOS_SEM_EVIDENCIA_DIRETA_DA_PERGUNTA,0,10.0,55.0,Q04_R02=2|Q04_R03=2|Q04_R04=2|Q04_R05=2,1,POCOS_SEM_EVIDENCIA_DIRETA_DA_PERGUNTA,0,10.0,55.0,Q05_R02=2|Q05_R03=2|Q05_R04=2|Q05_R05=2|Q05_R06=2,SCALE_PRIMARY_O00_V1,2026-08-29,PIH_MS_V2.5_ESTABILIDADE_SENSIBILIDADE_V1,False,False
SCALE-500-O00-00483,500,O00,499.9999999999812,0,20,2,1,MULTIPLAS_UNIDADES_SUPERFICIAIS,Formação Pantanal,Granular (Gr),0,SEM_POCOS_NO_CONJUNTO_AUDITADO,0,85.0,75.0,,0,SEM_POCOS_NO_CONJUNTO_AUDITADO,0,85.0,75.0,,0,SEM_POCOS_NO_CONJUNTO_AUDITADO,0,85.0,75.0,,0,SEM_POCOS_NO_CONJUNTO_AUDITADO,0,85.0,75.0,,0,SEM_POCOS_NO_CONJUNTO_AUDITADO,0,85.0,75.0,,SCALE_PRIMARY_O00_V1,2026-08-29,PIH_MS_V2.5_ESTABILIDADE_SENSIBILIDADE_V1,False,False
SCALE-500-O00-00484,500,O00,499.9999999999812,0,20,2,1,MULTIPLAS_UNIDADES_SUPERFICIAIS,Formação Pantanal,Granular (Gr),0,SEM_POCOS_NO_CONJUNTO_AUDITADO,0,90.0,85.0,,0,SEM_POCOS_NO_CONJUNTO_AUDITADO,0,90.0,85.0,,0,SEM_POCOS_NO_CONJUNTO_AUDITADO,0,90.0,85.0,,0,SEM_POCOS_NO_CONJUNTO_AUDITADO,0,90.0,85.0,,0,SEM_POCOS_NO_CONJUNTO_AUDITADO,0,90.0,85.0,,SCALE_PRIMARY_O00_V1,2026-08-29,PIH_MS_V2.5_ESTABILIDADE_SENSIBILIDADE_V1,False,False
SCALE-500-O00-00485,500,O00,499.9999999999812,0,21,2,1,MULTIPLAS_UNIDADES_SUPERFICIAIS,Formação Pantanal,Granular (Gr),0,SEM_POCOS_NO_CONJUNTO_AUDITADO,0,95.238095,76.190476,,0,SEM_POCOS_NO_CONJUNTO_AUDITADO,0,95.238095,76.190476,,0,SEM_POCOS_NO_CONJUNTO_AUDITADO,0,95.238095,76.190476,,0,SEM_POCOS_NO_CONJUNTO_AUDITADO,0,95.238095,76.190476,,0,SEM_POCOS_NO_CONJUNTO_AUDITADO,0,95.238095,76.190476,,SCALE_PRIMARY_O00_V1,2026-08-29,PIH_MS_V2.5_ESTABILIDADE_SENSIBILIDADE_V1,False,False
SCALE-500-O00-00486,500,O00,499.9999999999812,0,18,2,1,MULTIPLAS_UNIDADES_SUPERFICIAIS,Formação Pantanal,Granular (Gr),0,SEM_POCOS_NO_CONJUNTO_AUDITADO,0,100.0,100.0,,0,SEM_POCOS_NO_CONJUNTO_AUDITADO,0,100.0,100.0,,0,SEM_POCOS_NO_CONJUNTO_AUDITADO,0,100.0,100.0,,0,SEM_POCOS_NO_CONJUNTO_AUDITADO,0,100.0,100.0,,0,SEM_POCOS_NO_CONJUNTO_AUDITADO,0,100.0,100.0,,SCALE_PRIMARY_O00_V1,2026-08-29,PIH_MS_V2.5_ESTABILIDADE_SENSIBILIDADE_V1,False,False
SCALE-500-O00-00487,500,O00,499.9999999999812,0,20,2,1,MULTIPLAS_UNIDADES_SUPERFICIAIS,Formação Pantanal,Granular (Gr),0,SEM_POCOS_NO_CONJUNTO_AUDITADO,0,100.0,100.0,,0,SEM_POCOS_NO_CONJUNTO_AUDITADO,0,100.0,100.0,,0,SEM_POCOS_NO_CONJUNTO_AUDITADO,0,100.0,100.0,,0,SEM_POCOS_NO_CONJUNTO_AUDITADO,0,100.0,100.0,,0,SEM_POCOS_NO_CONJUNTO_AUDITADO,0,100.0,100.0,,SCALE_PRIMARY_O00_V1,2026-08-29,PIH_MS_V2.5_ESTABILIDADE_SENSIBILIDADE_V1,False,False
SCALE-500-O00-00488,500,O00,499.9999999999812,0,20,2,1,MULTIPLAS_UNIDADES_SUPERFICIAIS,Formação Pantanal,Granular (Gr),0,SEM_POCOS_NO_CONJUNTO_AUDITADO,0,100.0,100.0,,0,SEM_POCOS_NO_CONJUNTO_AUDITADO,0,100.0,100.0,,0,SEM_POCOS_NO_CONJUNTO_AUDITADO,0,100.0,100.0,,0,SEM_POCOS_NO_CONJUNTO_AUDITADO,0,100.0,100.0,,0,SEM_POCOS_NO_CONJUNTO_AUDITADO,0,100.0,100.0,,SCALE_PRIMARY_O00_V1,2026-08-29,PIH_MS_V2.5_ESTABILIDADE_SENSIBILIDADE_V1,False,False
SCALE-500-O00-00489,500,O00,499.9999999999812,0,21,2,1,MULTIPLAS_UNIDADES_SUPERFICIAIS,Formação Pantanal,Granular (Gr),0,SEM_POCOS_NO_CONJUNTO_AUDITADO,0,100.0,100.0,,0,SEM_POCOS_NO_CONJUNTO_AUDITADO,0,100.0,100.0,,0,SEM_POCOS_NO_CONJUNTO_AUDITADO,0,100.0,100.0,,0,SEM_POCOS_NO_CONJUNTO_AUDITADO,0,100.0,100.0,,0,SEM_POCOS_NO_CONJUNTO_AUDITADO,0,100.0,100.0,,SCALE_PRIMARY_O00_V1,2026-08-29,PIH_MS_V2.5_ESTABILIDADE_SENSIBILIDADE_V1,False,False
SCALE-500-O00-00490,500,O00,499.9999999999812,0,21,7,2,MULTIPLAS_UNIDADES_SUPERFICIAIS,Formação Furnas,Granular (Gr),0,SEM_POCOS_NO_CONJUNTO_AUDITADO,0,19.047619,85.714286,,0,SEM_POCOS_NO_CONJUNTO_AUDITADO,0,19.047619,85.714286,,0,SEM_POCOS_NO_CONJUNTO_AUDITADO,0,19.047619,85.714286,,0,SEM_POCOS_NO_CONJUNTO_AUDITADO,0,19.047619,85.714286,,0,SEM_POCOS_NO_CONJUNTO_AUDITADO,0,19.047619,85.714286,,SCALE_PRIMARY_O00_V1,2026-08-29,PIH_MS_V2.5_ESTABILIDADE_SENSIBILIDADE_V1,False,False
SCALE-500-O00-00491,500,O00,499.9999999999812,1,18,2,1,MULTIPLAS_UNIDADES_SUPERFICIAIS,Formação Aquidauana,Granular (Gr),2,EVIDENCIA_DIRETA_PRESENTE,1,5.555556,77.777778,Q01_R03=1|Q01_R05=1,2,EVIDENCIA_DIRETA_PRESENTE,1,5.555556,77.777778,Q02_R02=1|Q02_R06=1|Q02_R07=1|Q02_R08=1,2,EVIDENCIA_DIRETA_PRESENTE,1,5.555556,61.111111,Q03_R02=1|Q03_R07=1|Q03_R08=1,2,EVIDENCIA_DIRETA_PRESENTE,1,5.555556,77.777778,Q04_R03=1|Q04_R04=1,2,EVIDENCIA_DIRETA_PRESENTE,1,5.555556,77.777778,Q05_R02=1|Q05_R04=1|Q05_R06=1|Q05_R07=1,SCALE_PRIMARY_O00_V1,2026-08-29,PIH_MS_V2.5_ESTABILIDADE_SENSIBILIDADE_V1,False,False
SCALE-500-O00-00492,500,O00,499.9999999999812,5,21,2,1,MULTIPLAS_UNIDADES_SUPERFICIAIS,Formação Botucatu,Granular (Gr),2,EVIDENCIA_DIRETA_PRESENTE,5,19.047619,100.0,Q01_R03=5|Q01_R05=5|Q01_R06=5,2,EVIDENCIA_DIRETA_PRESENTE,3,14.285714,100.0,Q02_R02=5|Q02_R03=5|Q02_R06=5|Q02_R07=5|Q02_R08=5,2,EVIDENCIA_DIRETA_PRESENTE,1,9.52381,28.571429,Q03_R02=5|Q03_R03=5|Q03_R07=5|Q03_R08=5|Q03_R04=4,2,EVIDENCIA_DIRETA_PRESENTE,5,19.047619,100.0,Q04_R03=5|Q04_R04=5|Q04_R05=5,2,EVIDENCIA_DIRETA_PRESENTE,4,19.047619,100.0,Q05_R02=5|Q05_R04=5|Q05_R05=5|Q05_R06=5|Q05_R07=5,SCALE_PRIMARY_O00_V1,2026-08-29,PIH_MS_V2.5_ESTABILIDADE_SENSIBILIDADE_V1,False,False
SCALE-500-O00-00493,500,O00,499.9999999999812,0,20,3,2,MULTIPLAS_UNIDADES_SUPERFICIAIS,Formação Botucatu,Granular (Gr),0,SEM_POCOS_NO_CONJUNTO_AUDITADO,0,0.0,0.0,,0,SEM_POCOS_NO_CONJUNTO_AUDITADO,0,0.0,0.0,,0,SEM_POCOS_NO_CONJUNTO_AUDITADO,0,0.0,0.0,,0,SEM_POCOS_NO_CONJUNTO_AUDITADO,0,0.0,0.0,,0,SEM_POCOS_NO_CONJUNTO_AUDITADO,0,0.0,0.0,,SCALE_PRIMARY_O00_V1,2026-08-29,PIH_MS_V2.5_ESTABILIDADE_SENSIBILIDADE_V1,False,False
SCALE-500-O00-00494,500,O00,499.9999999999812,12,21,3,2,MULTIPLAS_UNIDADES_SUPERFICIAIS,Grupo Caiuá,Granular (Gr),2,EVIDENCIA_DIRETA_PRESENTE,12,71.428571,100.0,Q01_R03=12|Q01_R05=12|Q01_R06=9,2,EVIDENCIA_DIRETA_PRESENTE,11,71.428571,100.0,Q02_R02=12|Q02_R06=12|Q02_R07=12|Q02_R08=12|Q02_R04=10,2,EVIDENCIA_DIRETA_PRESENTE,8,71.428571,100.0,Q03_R02=12|Q03_R05=12|Q03_R07=12|Q03_R08=12|Q03_R03=9,2,EVIDENCIA_DIRETA_PRESENTE,12,71.428571,100.0,Q04_R03=12|Q04_R04=12|Q04_R05=9,2,EVIDENCIA_DIRETA_PRESENTE,3,9.52381,57.142857,Q05_R02=12|Q05_R04=12|Q05_R06=12|Q05_R07=12|Q05_R05=9,SCALE_PRIMARY_O00_V1,2026-08-29,PIH_MS_V2.5_ESTABILIDADE_SENSIBILIDADE_V1,False,False
SCALE-500-O00-00495,500,O00,499.9999999999812,3,21,2,2,MULTIPLAS_UNIDADES_SUPERFICIAIS,Grupo Caiuá,Granular (Gr),2,EVIDENCIA_DIRETA_PRESENTE,3,19.047619,95.238095,Q01_R05=3|Q01_R03=2|Q01_R06=1,2,EVIDENCIA_DIRETA_PRESENTE,2,19.047619,95.238095,Q02_R02=3|Q02_R06=3|Q02_R07=3|Q02_R08=3|Q02_R04=2,2,EVIDENCIA_DIRETA_PRESENTE,2,19.047619,80.952381,Q03_R02=3|Q03_R07=3|Q03_R08=3|Q03_R05=2|Q03_R03=1,2,EVIDENCIA_DIRETA_PRESENTE,3,19.047619,95.238095,Q04_R03=3|Q04_R04=3|Q04_R05=1,2,EVIDENCIA_DIRETA_PRESENTE,1,4.761905,85.714286,Q05_R02=3|Q05_R04=3|Q05_R06=3|Q05_R07=3|Q05_R03=2,SCALE_PRIMARY_O00_V1,2026-08-29,PIH_MS_V2.5_ESTABILIDADE_SENSIBILIDADE_V1,False,False
SCALE-500-O00-00496,500,O00,499.9999999999812,0,18,2,2,MULTIPLAS_UNIDADES_SUPERFICIAIS,Grupo Caiuá,Granular (Gr),0,SEM_POCOS_NO_CONJUNTO_AUDITADO,0,0.0,0.0,,0,SEM_POCOS_NO_CONJUNTO_AUDITADO,0,0.0,0.0,,0,SEM_POCOS_NO_CONJUNTO_AUDITADO,0,0.0,0.0,,0,SEM_POCOS_NO_CONJUNTO_AUDITADO,0,0.0,0.0,,0,SEM_POCOS_NO_CONJUNTO_AUDITADO,0,0.0,0.0,,SCALE_PRIMARY_O00_V1,2026-08-29,PIH_MS_V2.5_ESTABILIDADE_SENSIBILIDADE_V1,False,False
SCALE-500-O00-00497,500,O00,499.9999999999812,1,21,2,2,MULTIPLAS_UNIDADES_SUPERFICIAIS,Grupo Caiuá,Granular (Gr),1,POCOS_SEM_EVIDENCIA_DIRETA_DA_PERGUNTA,0,0.0,19.047619,Q01_R02=1|Q01_R03=1|Q01_R04=1|Q01_R05=1|Q01_R06=1,1,POCOS_SEM_EVIDENCIA_DIRETA_DA_PERGUNTA,0,0.0,19.047619,Q02_R02=1|Q02_R03=1|Q02_R04=1|Q02_R05=1|Q02_R06=1,1,POCOS_SEM_EVIDENCIA_DIRETA_DA_PERGUNTA,0,0.0,33.333333,Q03_R02=1|Q03_R03=1|Q03_R04=1|Q03_R05=1|Q03_R06=1,1,POCOS_SEM_EVIDENCIA_DIRETA_DA_PERGUNTA,0,0.0,19.047619,Q04_R02=1|Q04_R03=1|Q04_R04=1|Q04_R05=1,1,POCOS_SEM_EVIDENCIA_DIRETA_DA_PERGUNTA,0,0.0,23.809524,Q05_R02=1|Q05_R03=1|Q05_R04=1|Q05_R05=1|Q05_R06=1,SCALE_PRIMARY_O00_V1,2026-08-29,PIH_MS_V2.5_ESTABILIDADE_SENSIBILIDADE_V1,False,False
SCALE-500-O00-00498,500,O00,499.9999999999812,1,21,2,2,MULTIPLAS_UNIDADES_SUPERFICIAIS,Grupo Caiuá,Granular (Gr),1,POCOS_SEM_EVIDENCIA_DIRETA_DA_PERGUNTA,0,4.761905,52.380952,Q01_R02=1|Q01_R03=1|Q01_R04=1|Q01_R05=1|Q01_R06=1,1,POCOS_SEM_EVIDENCIA_DIRETA_DA_PERGUNTA,0,4.761905,52.380952,Q02_R02=1|Q02_R03=1|Q02_R04=1|Q02_R05=1|Q02_R06=1,1,POCOS_SEM_EVIDENCIA_DIRETA_DA_PERGUNTA,0,4.761905,52.380952,Q03_R02=1|Q03_R03=1|Q03_R04=1|Q03_R05=1|Q03_R06=1,1,POCOS_SEM_EVIDENCIA_DIRETA_DA_PERGUNTA,0,4.761905,52.380952,Q04_R02=1|Q04_R03=1|Q04_R04=1|Q04_R05=1,1,POCOS_SEM_EVIDENCIA_DIRETA_DA_PERGUNTA,0,4.761905,52.380952,Q05_R02=1|Q05_R03=1|Q05_R04=1|Q05_R05=1|Q05_R06=1,SCALE_PRIMARY_O00_V1,2026-08-29,PIH_MS_V2.5_ESTABILIDADE_SENSIBILIDADE_V1,False,False
SCALE-500-O00-00499,500,O00,499.9999999999812,1,21,2,2,MULTIPLAS_UNIDADES_SUPERFICIAIS,Grupo Caiuá,Granular (Gr),1,POCOS_SEM_EVIDENCIA_DIRETA_DA_PERGUNTA,0,9.52381,14.285714,Q01_R02=1|Q01_R03=1|Q01_R04=1|Q01_R05=1|Q01_R06=1,1,POCOS_SEM_EVIDENCIA_DIRETA_DA_PERGUNTA,0,9.52381,14.285714,Q02_R02=1|Q02_R03=1|Q02_R04=1|Q02_R05=1|Q02_R06=1,1,POCOS_SEM_EVIDENCIA_DIRETA_DA_PERGUNTA,0,9.52381,14.285714,Q03_R02=1|Q03_R03=1|Q03_R04=1|Q03_R05=1|Q03_R06=1,1,POCOS_SEM_EVIDENCIA_DIRETA_DA_PERGUNTA,0,9.52381,14.285714,Q04_R02=1|Q04_R03=1|Q04_R04=1|Q04_R05=1,1,POCOS_SEM_EVIDENCIA_DIRETA_DA_PERGUNTA,0,9.52381,14.285714,Q05_R02=1|Q05_R03=1|Q05_R04=1|Q05_R05=1|Q05_R06=1,SCALE_PRIMARY_O00_V1,2026-08-29,PIH_MS_V2.5_ESTABILIDADE_SENSIBILIDADE_V1,False,False
SCALE-500-O00-00500,500,O00,499.9999999999812,0,21,1,1,UMA_UNIDADE_SUPERFICIAL,Grupo Caiuá,Granular (Gr),0,SEM_POCOS_NO_CONJUNTO_AUDITADO,0,100.0,100.0,,0,SEM_POCOS_NO_CONJUNTO_AUDITADO,0,100.0,100.0,,0,SEM_POCOS_NO_CONJUNTO_AUDITADO,0,100.0,100.0,,0,SEM_POCOS_NO_CONJUNTO_AUDITADO,0,100.0,100.0,,0,SEM_POCOS_NO_CONJUNTO_AUDITADO,0,100.0,100.0,,SCALE_PRIMARY_O00_V1,2026-08-29,PIH_MS_V2.5_ESTABILIDADE_SENSIBILIDADE_V1,False,False
SCALE-500-O00-00501,500,O00,499.9999999999812,2,18,1,1,UMA_UNIDADE_SUPERFICIAL,Grupo Caiuá,Granular (Gr),2,EVIDENCIA_DIRETA_PRESENTE,2,16.666667,55.555556,Q01_R03=2|Q01_R05=2|Q01_R06=2,2,EVIDENCIA_DIRETA_PRESENTE,2,16.666667,55.555556,Q02_R02=2|Q02_R03=2|Q02_R04=2|Q02_R05=2|Q02_R06=2,2,EVIDENCIA_DIRETA_PRESENTE,2,16.666667,55.555556,Q03_R02=2|Q03_R03=2|Q03_R05=2|Q03_R07=2|Q03_R08=2,2,EVIDENCIA_DIRETA_PRESENTE,2,16.666667,55.555556,Q04_R03=2|Q04_R04=2|Q04_R05=2,1,POCOS_SEM_EVIDENCIA_DIRETA_DA_PERGUNTA,0,16.666667,55.555556,Q05_R02=2|Q05_R03=2|Q05_R04=2|Q05_R05=2|Q05_R06=2,SCALE_PRIMARY_O00_V1,2026-08-29,PIH_MS_V2.5_ESTABILIDADE_SENSIBILIDADE_V1,False,False
SCALE-500-O00-00502,500,O00,499.9999999999812,0,21,2,2,MULTIPLAS_UNIDADES_SUPERFICIAIS,Grupo Caiuá,Granular (Gr),0,SEM_POCOS_NO_CONJUNTO_AUDITADO,0,0.0,52.380952,,0,SEM_POCOS_NO_CONJUNTO_AUDITADO,0,0.0,52.380952,,0,SEM_POCOS_NO_CONJUNTO_AUDITADO,0,0.0,52.380952,,0,SEM_POCOS_NO_CONJUNTO_AUDITADO,0,0.0,52.380952,,0,SEM_POCOS_NO_CONJUNTO_AUDITADO,0,0.0,52.380952,,SCALE_PRIMARY_O00_V1,2026-08-29,PIH_MS_V2.5_ESTABILIDADE_SENSIBILIDADE_V1,False,False
SCALE-500-O00-00503,500,O00,499.9999999999812,0,21,2,2,MULTIPLAS_UNIDADES_SUPERFICIAIS,Grupo Caiuá,Granular (Gr),0,SEM_POCOS_NO_CONJUNTO_AUDITADO,0,100.0,100.0,,0,SEM_POCOS_NO_CONJUNTO_AUDITADO,0,100.0,100.0,,0,SEM_POCOS_NO_CONJUNTO_AUDITADO,0,100.0,100.0,,0,SEM_POCOS_NO_CONJUNTO_AUDITADO,0,100.0,100.0,,0,SEM_POCOS_NO_CONJUNTO_AUDITADO,0,100.0,100.0,,SCALE_PRIMARY_O00_V1,2026-08-29,PIH_MS_V2.5_ESTABILIDADE_SENSIBILIDADE_V1,False,False
SCALE-500-O00-00504,500,O00,499.9999999999812,0,21,2,1,MULTIPLAS_UNIDADES_SUPERFICIAIS,Grupo Caiuá,Granular (Gr),0,SEM_POCOS_NO_CONJUNTO_AUDITADO,0,42.857143,28.571429,,0,SEM_POCOS_NO_CONJUNTO_AUDITADO,0,42.857143,28.571429,,0,SEM_POCOS_NO_CONJUNTO_AUDITADO,0,42.857143,28.571429,,0,SEM_POCOS_NO_CONJUNTO_AUDITADO,0,42.857143,28.571429,,0,SEM_POCOS_NO_CONJUNTO_AUDITADO,0,42.857143,28.571429,,SCALE_PRIMARY_O00_V1,2026-08-29,PIH_MS_V2.5_ESTABILIDADE_SENSIBILIDADE_V1,False,False
SCALE-500-O00-00505,500,O00,499.9999999999812,15,21,2,1,MULTIPLAS_UNIDADES_SUPERFICIAIS,Grupo Bauru,Granular (Gr),2,EVIDENCIA_DIRETA_PRESENTE,13,14.285714,14.285714,Q01_R03=15|Q01_R05=15|Q01_R06=9|Q01_R02=2,2,EVIDENCIA_DIRETA_PRESENTE,13,14.285714,14.285714,Q02_R02=15|Q02_R06=15|Q02_R07=15|Q02_R08=15|Q02_R03=9,2,EVIDENCIA_DIRETA_PRESENTE,4,14.285714,9.52381,Q03_R02=15|Q03_R07=15|Q03_R08=15|Q03_R05=13|Q03_R04=11,2,EVIDENCIA_DIRETA_PRESENTE,15,14.285714,14.285714,Q04_R03=15|Q04_R04=15|Q04_R05=9,2,EVIDENCIA_DIRETA_PRESENTE,12,9.52381,14.285714,Q05_R02=15|Q05_R04=15|Q05_R06=15|Q05_R07=15|Q05_R05=9,SCALE_PRIMARY_O00_V1,2026-08-29,PIH_MS_V2.5_ESTABILIDADE_SENSIBILIDADE_V1,False,False
SCALE-500-O00-00506,500,O00,499.9999999999812,0,18,1,1,UMA_UNIDADE_SUPERFICIAL,Grupo Bauru,Granular (Gr),0,SEM_POCOS_NO_CONJUNTO_AUDITADO,0,100.0,77.777778,,0,SEM_POCOS_NO_CONJUNTO_AUDITADO,0,100.0,77.777778,,0,SEM_POCOS_NO_CONJUNTO_AUDITADO,0,100.0,77.777778,,0,SEM_POCOS_NO_CONJUNTO_AUDITADO,0,100.0,77.777778,,0,SEM_POCOS_NO_CONJUNTO_AUDITADO,0,100.0,77.777778,,SCALE_PRIMARY_O00_V1,2026-08-29,PIH_MS_V2.5_ESTABILIDADE_SENSIBILIDADE_V1,False,False
SCALE-500-O00-00507,500,O00,499.9999999999812,0,21,1,1,UMA_UNIDADE_SUPERFICIAL,Grupo Bauru,Granular (Gr),0,SEM_POCOS_NO_CONJUNTO_AUDITADO,0,23.809524,100.0,,0,SEM_POCOS_NO_CONJUNTO_AUDITADO,0,23.809524,100.0,,0,SEM_POCOS_NO_CONJUNTO_AUDITADO,0,23.809524,100.0,,0,SEM_POCOS_NO_CONJUNTO_AUDITADO,0,23.809524,100.0,,0,SEM_POCOS_NO_CONJUNTO_AUDITADO,0,23.809524,100.0,,SCALE_PRIMARY_O00_V1,2026-08-29,PIH_MS_V2.5_ESTABILIDADE_SENSIBILIDADE_V1,False,False
SCALE-500-O00-00508,500,O00,499.9999999999812,22,21,2,2,MULTIPLAS_UNIDADES_SUPERFICIAIS,Grupo Bauru,Granular (Gr),2,EVIDENCIA_DIRETA_PRESENTE,15,33.333333,66.666667,Q01_R03=22|Q01_R05=22|Q01_R06=18|Q01_R02=7|Q01_R04=1,2,EVIDENCIA_DIRETA_PRESENTE,13,19.047619,66.666667,Q02_R02=22|Q02_R06=22|Q02_R07=22|Q02_R08=22|Q02_R04=18,2,EVIDENCIA_DIRETA_PRESENTE,8,19.047619,57.142857,Q03_R02=22|Q03_R07=22|Q03_R08=22|Q03_R05=20|Q03_R03=18,2,EVIDENCIA_DIRETA_PRESENTE,21,38.095238,66.666667,Q04_R03=22|Q04_R04=22|Q04_R05=18|Q04_R02=1,2,EVIDENCIA_DIRETA_PRESENTE,8,4.761905,4.761905,Q05_R02=22|Q05_R04=22|Q05_R06=22|Q05_R07=22|Q05_R05=18,SCALE_PRIMARY_O00_V1,2026-08-29,PIH_MS_V2.5_ESTABILIDADE_SENSIBILIDADE_V1,False,False
SCALE-500-O00-00509,500,O00,88.11384683489594,0,3,2,2,MULTIPLAS_UNIDADES_SUPERFICIAIS,Formação Serra Geral,Fraturada (Fr),0,SEM_POCOS_NO_CONJUNTO_AUDITADO,0,0.0,33.333333,,0,SEM_POCOS_NO_CONJUNTO_AUDITADO,0,0.0,33.333333,,0,SEM_POCOS_NO_CONJUNTO_AUDITADO,0,0.0,33.333333,,0,SEM_POCOS_NO_CONJUNTO_AUDITADO,0,0.0,33.333333,,0,SEM_POCOS_NO_CONJUNTO_AUDITADO,0,0.0,33.333333,,SCALE_PRIMARY_O00_V1,2026-08-29,PIH_MS_V2.5_ESTABILIDADE_SENSIBILIDADE_V1,False,False
SCALE-500-O00-00510,500,O00,404.9364239356963,0,15,3,3,MULTIPLAS_UNIDADES_SUPERFICIAIS,Formação Pantanal,Granular (Gr),0,SEM_POCOS_NO_CONJUNTO_AUDITADO,0,66.666667,100.0,,0,SEM_POCOS_NO_CONJUNTO_AUDITADO,0,66.666667,100.0,,0,SEM_POCOS_NO_CONJUNTO_AUDITADO,0,66.666667,100.0,,0,SEM_POCOS_NO_CONJUNTO_AUDITADO,0,66.666667,100.0,,0,SEM_POCOS_NO_CONJUNTO_AUDITADO,0,66.666667,100.0,,SCALE_PRIMARY_O00_V1,2026-08-29,PIH_MS_V2.5_ESTABILIDADE_SENSIBILIDADE_V1,False,False
SCALE-500-O00-00511,500,O00,499.9999999999812,0,22,3,3,MULTIPLAS_UNIDADES_SUPERFICIAIS,Formação Pantanal,Granular (Gr),0,SEM_POCOS_NO_CONJUNTO_AUDITADO,0,9.090909,27.272727,,0,SEM_POCOS_NO_CONJUNTO_AUDITADO,0,9.090909,27.272727,,0,SEM_POCOS_NO_CONJUNTO_AUDITADO,0,9.090909,27.272727,,0,SEM_POCOS_NO_CONJUNTO_AUDITADO,0,9.090909,27.272727,,0,SEM_POCOS_NO_CONJUNTO_AUDITADO,0,9.090909,27.272727,,SCALE_PRIMARY_O00_V1,2026-08-29,PIH_MS_V2.5_ESTABILIDADE_SENSIBILIDADE_V1,False,False
SCALE-500-O00-00512,500,O00,499.9999999999812,2,22,4,3,MULTIPLAS_UNIDADES_SUPERFICIAIS,Formação Pantanal,Granular (Gr),2,EVIDENCIA_DIRETA_PRESENTE,2,13.636364,72.727273,Q01_R03=2|Q01_R05=2|Q01_R06=2,2,EVIDENCIA_DIRETA_PRESENTE,2,13.636364,72.727273,Q02_R02=2|Q02_R03=2|Q02_R06=2|Q02_R07=2|Q02_R08=2,1,POCOS_SEM_EVIDENCIA_DIRETA_DA_PERGUNTA,0,4.545455,68.181818,Q03_R02=2|Q03_R03=2|Q03_R04=2|Q03_R05=2|Q03_R06=2,2,EVIDENCIA_DIRETA_PRESENTE,2,13.636364,72.727273,Q04_R03=2|Q04_R04=2|Q04_R05=2,2,EVIDENCIA_DIRETA_PRESENTE,2,13.636364,72.727273,Q05_R02=2|Q05_R04=2|Q05_R05=2|Q05_R06=2|Q05_R07=2,SCALE_PRIMARY_O00_V1,2026-08-29,PIH_MS_V2.5_ESTABILIDADE_SENSIBILIDADE_V1,False,False
SCALE-500-O00-00513,500,O00,499.9999999999812,0,21,2,1,MULTIPLAS_UNIDADES_SUPERFICIAIS,Formação Pantanal,Granular (Gr),0,SEM_POCOS_NO_CONJUNTO_AUDITADO,0,0.0,57.142857,,0,SEM_POCOS_NO_CONJUNTO_AUDITADO,0,0.0,57.142857,,0,SEM_POCOS_NO_CONJUNTO_AUDITADO,0,0.0,57.142857,,0,SEM_POCOS_NO_CONJUNTO_AUDITADO,0,0.0,57.142857,,0,SEM_POCOS_NO_CONJUNTO_AUDITADO,0,0.0,57.142857,,SCALE_PRIMARY_O00_V1,2026-08-29,PIH_MS_V2.5_ESTABILIDADE_SENSIBILIDADE_V1,False,False
SCALE-500-O00-00514,500,O00,499.9999999999812,2,18,2,1,MULTIPLAS_UNIDADES_SUPERFICIAIS,Formação Pantanal,Granular (Gr),2,EVIDENCIA_DIRETA_PRESENTE,1,22.222222,50.0,Q01_R03=2|Q01_R05=2|Q01_R06=2|Q01_R02=1|Q01_R04=1,2,EVIDENCIA_DIRETA_PRESENTE,1,22.222222,50.0,Q02_R02=2|Q02_R03=2|Q02_R04=2|Q02_R05=2|Q02_R06=2,2,EVIDENCIA_DIRETA_PRESENTE,1,22.222222,50.0,Q03_R02=2|Q03_R03=2|Q03_R05=2|Q03_R06=2|Q03_R07=2,2,EVIDENCIA_DIRETA_PRESENTE,1,22.222222,50.0,Q04_R03=2|Q04_R04=2|Q04_R05=2|Q04_R02=1,1,POCOS_SEM_EVIDENCIA_DIRETA_DA_PERGUNTA,0,38.888889,61.111111,Q05_R02=2|Q05_R03=2|Q05_R04=2|Q05_R05=2|Q05_R06=2,SCALE_PRIMARY_O00_V1,2026-08-29,PIH_MS_V2.5_ESTABILIDADE_SENSIBILIDADE_V1,False,False
SCALE-500-O00-00515,500,O00,499.9999999999812,0,20,2,1,MULTIPLAS_UNIDADES_SUPERFICIAIS,Formação Pantanal,Granular (Gr),0,SEM_POCOS_NO_CONJUNTO_AUDITADO,0,80.0,70.0,,0,SEM_POCOS_NO_CONJUNTO_AUDITADO,0,80.0,70.0,,0,SEM_POCOS_NO_CONJUNTO_AUDITADO,0,80.0,70.0,,0,SEM_POCOS_NO_CONJUNTO_AUDITADO,0,80.0,70.0,,0,SEM_POCOS_NO_CONJUNTO_AUDITADO,0,80.0,70.0,,SCALE_PRIMARY_O00_V1,2026-08-29,PIH_MS_V2.5_ESTABILIDADE_SENSIBILIDADE_V1,False,False
SCALE-500-O00-00516,500,O00,499.9999999999812,0,21,2,1,MULTIPLAS_UNIDADES_SUPERFICIAIS,Formação Pantanal,Granular (Gr),0,SEM_POCOS_NO_CONJUNTO_AUDITADO,0,100.0,100.0,,0,SEM_POCOS_NO_CONJUNTO_AUDITADO,0,100.0,100.0,,0,SEM_POCOS_NO_CONJUNTO_AUDITADO,0,100.0,100.0,,0,SEM_POCOS_NO_CONJUNTO_AUDITADO,0,100.0,100.0,,0,SEM_POCOS_NO_CONJUNTO_AUDITADO,0,100.0,100.0,,SCALE_PRIMARY_O00_V1,2026-08-29,PIH_MS_V2.5_ESTABILIDADE_SENSIBILIDADE_V1,False,False
SCALE-500-O00-00517,500,O00,499.9999999999812,0,22,1,1,UMA_UNIDADE_SUPERFICIAL,Formação Pantanal,Granular (Gr),0,SEM_POCOS_NO_CONJUNTO_AUDITADO,0,100.0,100.0,,0,SEM_POCOS_NO_CONJUNTO_AUDITADO,0,100.0,100.0,,0,SEM_POCOS_NO_CONJUNTO_AUDITADO,0,100.0,100.0,,0,SEM_POCOS_NO_CONJUNTO_AUDITADO,0,100.0,100.0,,0,SEM_POCOS_NO_CONJUNTO_AUDITADO,0,100.0,100.0,,SCALE_PRIMARY_O00_V1,2026-08-29,PIH_MS_V2.5_ESTABILIDADE_SENSIBILIDADE_V1,False,False
SCALE-500-O00-00518,500,O00,499.9999999999812,0,22,1,1,UMA_UNIDADE_SUPERFICIAL,Formação Pantanal,Granular (Gr),0,SEM_POCOS_NO_CONJUNTO_AUDITADO,0,100.0,100.0,,0,SEM_POCOS_NO_CONJUNTO_AUDITADO,0,100.0,100.0,,0,SEM_POCOS_NO_CONJUNTO_AUDITADO,0,100.0,100.0,,0,SEM_POCOS_NO_CONJUNTO_AUDITADO,0,100.0,100.0,,0,SEM_POCOS_NO_CONJUNTO_AUDITADO,0,100.0,100.0,,SCALE_PRIMARY_O00_V1,2026-08-29,PIH_MS_V2.5_ESTABILIDADE_SENSIBILIDADE_V1,False,False
SCALE-500-O00-00519,500,O00,499.9999999999812,0,20,1,1,UMA_UNIDADE_SUPERFICIAL,Formação Pantanal,Granular (Gr),0,SEM_POCOS_NO_CONJUNTO_AUDITADO,0,100.0,100.0,,0,SEM_POCOS_NO_CONJUNTO_AUDITADO,0,100.0,100.0,,0,SEM_POCOS_NO_CONJUNTO_AUDITADO,0,100.0,100.0,,0,SEM_POCOS_NO_CONJUNTO_AUDITADO,0,100.0,100.0,,0,SEM_POCOS_NO_CONJUNTO_AUDITADO,0,100.0,100.0,,SCALE_PRIMARY_O00_V1,2026-08-29,PIH_MS_V2.5_ESTABILIDADE_SENSIBILIDADE_V1,False,False
SCALE-500-O00-00520,500,O00,499.9999999999812,0,18,2,1,MULTIPLAS_UNIDADES_SUPERFICIAIS,Formação Pantanal,Granular (Gr),0,SEM_POCOS_NO_CONJUNTO_AUDITADO,0,100.0,100.0,,0,SEM_POCOS_NO_CONJUNTO_AUDITADO,0,100.0,100.0,,0,SEM_POCOS_NO_CONJUNTO_AUDITADO,0,100.0,100.0,,0,SEM_POCOS_NO_CONJUNTO_AUDITADO,0,100.0,100.0,,0,SEM_POCOS_NO_CONJUNTO_AUDITADO,0,100.0,100.0,,SCALE_PRIMARY_O00_V1,2026-08-29,PIH_MS_V2.5_ESTABILIDADE_SENSIBILIDADE_V1,False,False
SCALE-500-O00-00521,500,O00,499.9999999999812,0,20,1,1,UMA_UNIDADE_SUPERFICIAL,Formação Pantanal,Granular (Gr),0,SEM_POCOS_NO_CONJUNTO_AUDITADO,0,95.0,100.0,,0,SEM_POCOS_NO_CONJUNTO_AUDITADO,0,95.0,100.0,,0,SEM_POCOS_NO_CONJUNTO_AUDITADO,0,95.0,100.0,,0,SEM_POCOS_NO_CONJUNTO_AUDITADO,0,95.0,100.0,,0,SEM_POCOS_NO_CONJUNTO_AUDITADO,0,95.0,100.0,,SCALE_PRIMARY_O00_V1,2026-08-29,PIH_MS_V2.5_ESTABILIDADE_SENSIBILIDADE_V1,False,False
SCALE-500-O00-00522,500,O00,499.9999999999812,2,22,4,2,MULTIPLAS_UNIDADES_SUPERFICIAIS,Formação Furnas,Granular (Gr),2,EVIDENCIA_DIRETA_PRESENTE,2,9.090909,54.545455,Q01_R03=2|Q01_R05=2,2,EVIDENCIA_DIRETA_PRESENTE,2,9.090909,54.545455,Q02_R02=2|Q02_R04=2|Q02_R05=2|Q02_R06=2|Q02_R07=2,2,EVIDENCIA_DIRETA_PRESENTE,2,4.545455,54.545455,Q03_R02=2|Q03_R05=2|Q03_R07=2|Q03_R08=2,2,EVIDENCIA_DIRETA_PRESENTE,2,9.090909,54.545455,Q04_R03=2|Q04_R04=2,1,POCOS_SEM_EVIDENCIA_DIRETA_DA_PERGUNTA,0,0.0,0.0,Q05_R02=2|Q05_R03=2|Q05_R04=2|Q05_R06=2|Q05_R07=2,SCALE_PRIMARY_O00_V1,2026-08-29,PIH_MS_V2.5_ESTABILIDADE_SENSIBILIDADE_V1,False,False
SCALE-500-O00-00523,500,O00,499.9999999999812,7,22,3,1,MULTIPLAS_UNIDADES_SUPERFICIAIS,Formação Aquidauana,Granular (Gr),2,EVIDENCIA_DIRETA_PRESENTE,7,50.0,100.0,Q01_R03=7|Q01_R05=7|Q01_R06=1,2,EVIDENCIA_DIRETA_PRESENTE,7,50.0,100.0,Q02_R02=7|Q02_R06=7|Q02_R07=7|Q02_R08=7|Q02_R04=3,2,EVIDENCIA_DIRETA_PRESENTE,1,9.090909,9.090909,Q03_R02=7|Q03_R05=7|Q03_R07=7|Q03_R08=7|Q03_R04=6,2,EVIDENCIA_DIRETA_PRESENTE,7,50.0,100.0,Q04_R03=7|Q04_R04=7|Q04_R05=1,2,EVIDENCIA_DIRETA_PRESENTE,6,36.363636,100.0,Q05_R02=7|Q05_R04=7|Q05_R06=7|Q05_R07=7|Q05_R03=1,SCALE_PRIMARY_O00_V1,2026-08-29,PIH_MS_V2.5_ESTABILIDADE_SENSIBILIDADE_V1,False,False
SCALE-500-O00-00524,500,O00,499.9999999999812,6,20,3,2,MULTIPLAS_UNIDADES_SUPERFICIAIS,Formação Botucatu,Granular (Gr),2,EVIDENCIA_DIRETA_PRESENTE,3,45.0,100.0,Q01_R05=6|Q01_R03=5|Q01_R06=4|Q01_R02=3|Q01_R04=3,2,EVIDENCIA_DIRETA_PRESENTE,3,45.0,100.0,Q02_R02=6|Q02_R06=6|Q02_R07=6|Q02_R08=6|Q02_R04=5,2,EVIDENCIA_DIRETA_PRESENTE,3,45.0,75.0,Q03_R02=6|Q03_R07=6|Q03_R08=6|Q03_R05=5|Q03_R03=4,2,EVIDENCIA_DIRETA_PRESENTE,3,45.0,100.0,Q04_R03=6|Q04_R04=6|Q04_R05=4|Q04_R02=3,2,EVIDENCIA_DIRETA_PRESENTE,1,15.0,100.0,Q05_R02=6|Q05_R04=6|Q05_R06=6|Q05_R07=6|Q05_R03=5,SCALE_PRIMARY_O00_V1,2026-08-29,PIH_MS_V2.5_ESTABILIDADE_SENSIBILIDADE_V1,False,False
SCALE-500-O00-00525,500,O00,499.9999999999812,41,18,3,2,MULTIPLAS_UNIDADES_SUPERFICIAIS,Grupo Bauru,Granular (Gr),2,EVIDENCIA_DIRETA_PRESENTE,30,88.888889,100.0,Q01_R03=41|Q01_R05=41|Q01_R06=26|Q01_R02=11|Q01_R04=8,2,EVIDENCIA_DIRETA_PRESENTE,28,88.888889,100.0,Q02_R02=41|Q02_R06=41|Q02_R07=41|Q02_R08=41|Q02_R04=39,2,EVIDENCIA_DIRETA_PRESENTE,31,88.888889,100.0,Q03_R02=41|Q03_R07=41|Q03_R08=41|Q03_R05=36|Q03_R03=26,2,EVIDENCIA_DIRETA_PRESENTE,33,88.888889,100.0,Q04_R03=41|Q04_R04=41|Q04_R05=26|Q04_R02=8,2,EVIDENCIA_DIRETA_PRESENTE,7,44.444444,94.444444,Q05_R02=41|Q05_R04=41|Q05_R06=41|Q05_R07=41|Q05_R03=34,SCALE_PRIMARY_O00_V1,2026-08-29,PIH_MS_V2.5_ESTABILIDADE_SENSIBILIDADE_V1,False,False
SCALE-500-O00-00526,500,O00,499.9999999999812,0,20,3,2,MULTIPLAS_UNIDADES_SUPERFICIAIS,Formação Botucatu,Granular (Gr),0,SEM_POCOS_NO_CONJUNTO_AUDITADO,0,0.0,45.0,,0,SEM_POCOS_NO_CONJUNTO_AUDITADO,0,0.0,45.0,,0,SEM_POCOS_NO_CONJUNTO_AUDITADO,0,0.0,45.0,,0,SEM_POCOS_NO_CONJUNTO_AUDITADO,0,0.0,45.0,,0,SEM_POCOS_NO_CONJUNTO_AUDITADO,0,0.0,45.0,,SCALE_PRIMARY_O00_V1,2026-08-29,PIH_MS_V2.5_ESTABILIDADE_SENSIBILIDADE_V1,False,False
SCALE-500-O00-00527,500,O00,499.9999999999812,51,22,3,2,MULTIPLAS_UNIDADES_SUPERFICIAIS,Formação Botucatu,Granular (Gr),2,EVIDENCIA_DIRETA_PRESENTE,49,4.545455,63.636364,Q01_R03=51|Q01_R05=51|Q01_R06=45|Q01_R02=2,2,EVIDENCIA_DIRETA_PRESENTE,48,4.545455,63.636364,Q02_R02=51|Q02_R06=51|Q02_R08=51|Q02_R07=48|Q02_R03=45,2,EVIDENCIA_DIRETA_PRESENTE,17,4.545455,63.636364,Q03_R02=51|Q03_R07=51|Q03_R08=51|Q03_R03=45|Q03_R05=45,2,EVIDENCIA_DIRETA_PRESENTE,51,4.545455,63.636364,Q04_R03=51|Q04_R04=51|Q04_R05=45,2,EVIDENCIA_DIRETA_PRESENTE,42,4.545455,63.636364,Q05_R02=51|Q05_R04=51|Q05_R06=51|Q05_R07=51|Q05_R05=45,SCALE_PRIMARY_O00_V1,2026-08-29,PIH_MS_V2.5_ESTABILIDADE_SENSIBILIDADE_V1,False,False
SCALE-500-O00-00528,500,O00,499.9999999999812,1,22,1,1,UMA_UNIDADE_SUPERFICIAL,Grupo Caiuá,Granular (Gr),2,EVIDENCIA_DIRETA_PRESENTE,1,4.545455,68.181818,Q01_R03=1|Q01_R05=1|Q01_R06=1,2,EVIDENCIA_DIRETA_PRESENTE,1,4.545455,68.181818,Q02_R02=1|Q02_R03=1|Q02_R04=1|Q02_R05=1|Q02_R06=1,2,EVIDENCIA_DIRETA_PRESENTE,1,4.545455,68.181818,Q03_R02=1|Q03_R03=1|Q03_R05=1|Q03_R07=1|Q03_R08=1,2,EVIDENCIA_DIRETA_PRESENTE,1,4.545455,68.181818,Q04_R03=1|Q04_R04=1|Q04_R05=1,1,POCOS_SEM_EVIDENCIA_DIRETA_DA_PERGUNTA,0,4.545455,68.181818,Q05_R02=1|Q05_R03=1|Q05_R04=1|Q05_R05=1|Q05_R06=1,SCALE_PRIMARY_O00_V1,2026-08-29,PIH_MS_V2.5_ESTABILIDADE_SENSIBILIDADE_V1,False,False
SCALE-500-O00-00529,500,O00,499.9999999999812,1,20,1,1,UMA_UNIDADE_SUPERFICIAL,Grupo Caiuá,Granular (Gr),2,EVIDENCIA_DIRETA_PRESENTE,1,5.0,20.0,Q01_R03=1|Q01_R05=1|Q01_R06=1,2,EVIDENCIA_DIRETA_PRESENTE,1,5.0,20.0,Q02_R02=1|Q02_R03=1|Q02_R04=1|Q02_R05=1|Q02_R06=1,2,EVIDENCIA_DIRETA_PRESENTE,1,5.0,20.0,Q03_R02=1|Q03_R03=1|Q03_R05=1|Q03_R07=1|Q03_R08=1,2,EVIDENCIA_DIRETA_PRESENTE,1,5.0,20.0,Q04_R03=1|Q04_R04=1|Q04_R05=1,1,POCOS_SEM_EVIDENCIA_DIRETA_DA_PERGUNTA,0,5.0,20.0,Q05_R02=1|Q05_R03=1|Q05_R04=1|Q05_R05=1|Q05_R06=1,SCALE_PRIMARY_O00_V1,2026-08-29,PIH_MS_V2.5_ESTABILIDADE_SENSIBILIDADE_V1,False,False
SCALE-500-O00-00530,500,O00,499.9999999999812,0,16,1,1,UMA_UNIDADE_SUPERFICIAL,Grupo Caiuá,Granular (Gr),0,SEM_POCOS_NO_CONJUNTO_AUDITADO,0,0.0,0.0,,0,SEM_POCOS_NO_CONJUNTO_AUDITADO,0,0.0,0.0,,0,SEM_POCOS_NO_CONJUNTO_AUDITADO,0,0.0,0.0,,0,SEM_POCOS_NO_CONJUNTO_AUDITADO,0,0.0,0.0,,0,SEM_POCOS_NO_CONJUNTO_AUDITADO,0,0.0,0.0,,SCALE_PRIMARY_O00_V1,2026-08-29,PIH_MS_V2.5_ESTABILIDADE_SENSIBILIDADE_V1,False,False
SCALE-500-O00-00531,500,O00,499.9999999999812,0,20,1,1,UMA_UNIDADE_SUPERFICIAL,Grupo Caiuá,Granular (Gr),0,SEM_POCOS_NO_CONJUNTO_AUDITADO,0,10.0,20.0,,0,SEM_POCOS_NO_CONJUNTO_AUDITADO,0,10.0,20.0,,0,SEM_POCOS_NO_CONJUNTO_AUDITADO,0,10.0,20.0,,0,SEM_POCOS_NO_CONJUNTO_AUDITADO,0,10.0,20.0,,0,SEM_POCOS_NO_CONJUNTO_AUDITADO,0,10.0,20.0,,SCALE_PRIMARY_O00_V1,2026-08-29,PIH_MS_V2.5_ESTABILIDADE_SENSIBILIDADE_V1,False,False
SCALE-500-O00-00532,500,O00,499.9999999999812,0,22,1,1,UMA_UNIDADE_SUPERFICIAL,Grupo Caiuá,Granular (Gr),0,SEM_POCOS_NO_CONJUNTO_AUDITADO,0,72.727273,13.636364,,0,SEM_POCOS_NO_CONJUNTO_AUDITADO,0,72.727273,13.636364,,0,SEM_POCOS_NO_CONJUNTO_AUDITADO,0,72.727273,13.636364,,0,SEM_POCOS_NO_CONJUNTO_AUDITADO,0,72.727273,13.636364,,0,SEM_POCOS_NO_CONJUNTO_AUDITADO,0,72.727273,13.636364,,SCALE_PRIMARY_O00_V1,2026-08-29,PIH_MS_V2.5_ESTABILIDADE_SENSIBILIDADE_V1,False,False
SCALE-500-O00-00533,500,O00,499.9999999999812,0,22,2,2,MULTIPLAS_UNIDADES_SUPERFICIAIS,Grupo Caiuá,Granular (Gr),0,SEM_POCOS_NO_CONJUNTO_AUDITADO,0,50.0,18.181818,,0,SEM_POCOS_NO_CONJUNTO_AUDITADO,0,50.0,18.181818,,0,SEM_POCOS_NO_CONJUNTO_AUDITADO,0,50.0,18.181818,,0,SEM_POCOS_NO_CONJUNTO_AUDITADO,0,50.0,18.181818,,0,SEM_POCOS_NO_CONJUNTO_AUDITADO,0,50.0,18.181818,,SCALE_PRIMARY_O00_V1,2026-08-29,PIH_MS_V2.5_ESTABILIDADE_SENSIBILIDADE_V1,False,False
SCALE-500-O00-00534,500,O00,499.9999999999812,0,20,2,2,MULTIPLAS_UNIDADES_SUPERFICIAIS,Grupo Caiuá,Granular (Gr),0,SEM_POCOS_NO_CONJUNTO_AUDITADO,0,20.0,25.0,,0,SEM_POCOS_NO_CONJUNTO_AUDITADO,0,20.0,25.0,,0,SEM_POCOS_NO_CONJUNTO_AUDITADO,0,20.0,25.0,,0,SEM_POCOS_NO_CONJUNTO_AUDITADO,0,20.0,25.0,,0,SEM_POCOS_NO_CONJUNTO_AUDITADO,0,20.0,25.0,,SCALE_PRIMARY_O00_V1,2026-08-29,PIH_MS_V2.5_ESTABILIDADE_SENSIBILIDADE_V1,False,False
SCALE-500-O00-00535,500,O00,499.9999999999812,0,16,2,2,MULTIPLAS_UNIDADES_SUPERFICIAIS,Grupo Caiuá,Granular (Gr),0,SEM_POCOS_NO_CONJUNTO_AUDITADO,0,100.0,100.0,,0,SEM_POCOS_NO_CONJUNTO_AUDITADO,0,100.0,100.0,,0,SEM_POCOS_NO_CONJUNTO_AUDITADO,0,100.0,100.0,,0,SEM_POCOS_NO_CONJUNTO_AUDITADO,0,100.0,100.0,,0,SEM_POCOS_NO_CONJUNTO_AUDITADO,0,100.0,100.0,,SCALE_PRIMARY_O00_V1,2026-08-29,PIH_MS_V2.5_ESTABILIDADE_SENSIBILIDADE_V1,False,False
SCALE-500-O00-00536,500,O00,499.9999999999812,0,20,2,1,MULTIPLAS_UNIDADES_SUPERFICIAIS,Grupo Caiuá,Granular (Gr),0,SEM_POCOS_NO_CONJUNTO_AUDITADO,0,35.0,80.0,,0,SEM_POCOS_NO_CONJUNTO_AUDITADO,0,35.0,80.0,,0,SEM_POCOS_NO_CONJUNTO_AUDITADO,0,35.0,80.0,,0,SEM_POCOS_NO_CONJUNTO_AUDITADO,0,35.0,80.0,,0,SEM_POCOS_NO_CONJUNTO_AUDITADO,0,35.0,80.0,,SCALE_PRIMARY_O00_V1,2026-08-29,PIH_MS_V2.5_ESTABILIDADE_SENSIBILIDADE_V1,False,False
SCALE-500-O00-00537,500,O00,499.9999999999812,1,22,1,1,UMA_UNIDADE_SUPERFICIAL,Grupo Bauru,Granular (Gr),2,EVIDENCIA_DIRETA_PRESENTE,1,0.0,54.545455,Q01_R03=1|Q01_R05=1|Q01_R06=1,2,EVIDENCIA_DIRETA_PRESENTE,1,0.0,54.545455,Q02_R02=1|Q02_R03=1|Q02_R04=1|Q02_R05=1|Q02_R06=1,1,POCOS_SEM_EVIDENCIA_DIRETA_DA_PERGUNTA,0,0.0,0.0,Q03_R02=1|Q03_R03=1|Q03_R04=1|Q03_R05=1|Q03_R06=1,2,EVIDENCIA_DIRETA_PRESENTE,1,0.0,54.545455,Q04_R03=1|Q04_R04=1|Q04_R05=1,1,POCOS_SEM_EVIDENCIA_DIRETA_DA_PERGUNTA,0,0.0,0.0,Q05_R02=1|Q05_R03=1|Q05_R04=1|Q05_R05=1|Q05_R06=1,SCALE_PRIMARY_O00_V1,2026-08-29,PIH_MS_V2.5_ESTABILIDADE_SENSIBILIDADE_V1,False,False
SCALE-500-O00-00538,500,O00,499.9999999999812,0,22,1,1,UMA_UNIDADE_SUPERFICIAL,Grupo Bauru,Granular (Gr),0,SEM_POCOS_NO_CONJUNTO_AUDITADO,0,90.909091,81.818182,,0,SEM_POCOS_NO_CONJUNTO_AUDITADO,0,90.909091,81.818182,,0,SEM_POCOS_NO_CONJUNTO_AUDITADO,0,90.909091,81.818182,,0,SEM_POCOS_NO_CONJUNTO_AUDITADO,0,90.909091,81.818182,,0,SEM_POCOS_NO_CONJUNTO_AUDITADO,0,90.909091,81.818182,,SCALE_PRIMARY_O00_V1,2026-08-29,PIH_MS_V2.5_ESTABILIDADE_SENSIBILIDADE_V1,False,False
SCALE-500-O00-00539,500,O00,499.9999999999812,0,20,2,2,MULTIPLAS_UNIDADES_SUPERFICIAIS,Grupo Bauru,Granular (Gr),0,SEM_POCOS_NO_CONJUNTO_AUDITADO,0,20.0,80.0,,0,SEM_POCOS_NO_CONJUNTO_AUDITADO,0,20.0,80.0,,0,SEM_POCOS_NO_CONJUNTO_AUDITADO,0,20.0,80.0,,0,SEM_POCOS_NO_CONJUNTO_AUDITADO,0,20.0,80.0,,0,SEM_POCOS_NO_CONJUNTO_AUDITADO,0,20.0,80.0,,SCALE_PRIMARY_O00_V1,2026-08-29,PIH_MS_V2.5_ESTABILIDADE_SENSIBILIDADE_V1,False,False
SCALE-500-O00-00540,500,O00,413.3717430629926,4,15,2,2,MULTIPLAS_UNIDADES_SUPERFICIAIS,Grupo Bauru,Granular (Gr),2,EVIDENCIA_DIRETA_PRESENTE,4,33.333333,53.333333,Q01_R03=4|Q01_R05=4|Q01_R06=1,2,EVIDENCIA_DIRETA_PRESENTE,4,26.666667,53.333333,Q02_R02=4|Q02_R04=4|Q02_R05=4|Q02_R06=4|Q02_R07=4,2,EVIDENCIA_DIRETA_PRESENTE,4,26.666667,53.333333,Q03_R02=4|Q03_R05=4|Q03_R07=4|Q03_R08=4|Q03_R03=1,2,EVIDENCIA_DIRETA_PRESENTE,4,33.333333,53.333333,Q04_R03=4|Q04_R04=4|Q04_R05=1,1,POCOS_SEM_EVIDENCIA_DIRETA_DA_PERGUNTA,0,33.333333,46.666667,Q05_R02=4|Q05_R03=4|Q05_R04=4|Q05_R06=4|Q05_R07=4,SCALE_PRIMARY_O00_V1,2026-08-29,PIH_MS_V2.5_ESTABILIDADE_SENSIBILIDADE_V1,False,False
SCALE-500-O00-00541,500,O00,1.7182085209012397,0,0,0,0,UNKNOWN_SEM_CONTEXTO_CLASSIFICADO,,,0,SEM_POCOS_NO_CONJUNTO_AUDITADO,0,,,,0,SEM_POCOS_NO_CONJUNTO_AUDITADO,0,,,,0,SEM_POCOS_NO_CONJUNTO_AUDITADO,0,,,,0,SEM_POCOS_NO_CONJUNTO_AUDITADO,0,,,,0,SEM_POCOS_NO_CONJUNTO_AUDITADO,0,,,,SCALE_PRIMARY_O00_V1,2026-08-29,PIH_MS_V2.5_ESTABILIDADE_SENSIBILIDADE_V1,False,False
SCALE-500-O00-00542,500,O00,462.82750857389567,0,19,2,2,MULTIPLAS_UNIDADES_SUPERFICIAIS,Formação Pantanal,Granular (Gr),0,SEM_POCOS_NO_CONJUNTO_AUDITADO,0,47.368421,10.526316,,0,SEM_POCOS_NO_CONJUNTO_AUDITADO,0,47.368421,10.526316,,0,SEM_POCOS_NO_CONJUNTO_AUDITADO,0,47.368421,10.526316,,0,SEM_POCOS_NO_CONJUNTO_AUDITADO,0,47.368421,10.526316,,0,SEM_POCOS_NO_CONJUNTO_AUDITADO,0,47.368421,10.526316,,SCALE_PRIMARY_O00_V1,2026-08-29,PIH_MS_V2.5_ESTABILIDADE_SENSIBILIDADE_V1,False,False
SCALE-500-O00-00543,500,O00,499.9999999999812,17,18,3,3,MULTIPLAS_UNIDADES_SUPERFICIAIS,Formação Pantanal,Granular (Gr),2,EVIDENCIA_DIRETA_PRESENTE,14,66.666667,88.888889,Q01_R03=17|Q01_R05=17|Q01_R06=15|Q01_R02=3|Q01_R04=1,2,EVIDENCIA_DIRETA_PRESENTE,12,66.666667,88.888889,Q02_R02=17|Q02_R06=17|Q02_R07=17|Q02_R08=17|Q02_R03=15,2,EVIDENCIA_DIRETA_PRESENTE,13,61.111111,77.777778,Q03_R02=17|Q03_R07=17|Q03_R08=17|Q03_R03=15|Q03_R05=13,2,EVIDENCIA_DIRETA_PRESENTE,16,66.666667,88.888889,Q04_R03=17|Q04_R04=17|Q04_R05=15|Q04_R02=1,2,EVIDENCIA_DIRETA_PRESENTE,8,27.777778,66.666667,Q05_R02=17|Q05_R04=17|Q05_R06=17|Q05_R07=17|Q05_R05=15,SCALE_PRIMARY_O00_V1,2026-08-29,PIH_MS_V2.5_ESTABILIDADE_SENSIBILIDADE_V1,False,False
SCALE-500-O00-00544,500,O00,499.9999999999812,1,21,3,2,MULTIPLAS_UNIDADES_SUPERFICIAIS,Formação Pantanal,Granular (Gr),2,EVIDENCIA_DIRETA_PRESENTE,1,4.761905,9.52381,Q01_R03=1|Q01_R05=1|Q01_R06=1,2,EVIDENCIA_DIRETA_PRESENTE,1,4.761905,9.52381,Q02_R02=1|Q02_R03=1|Q02_R06=1|Q02_R07=1|Q02_R08=1,1,POCOS_SEM_EVIDENCIA_DIRETA_DA_PERGUNTA,0,4.761905,4.761905,Q03_R02=1|Q03_R03=1|Q03_R04=1|Q03_R05=1|Q03_R06=1,2,EVIDENCIA_DIRETA_PRESENTE,1,4.761905,9.52381,Q04_R03=1|Q04_R04=1|Q04_R05=1,2,EVIDENCIA_DIRETA_PRESENTE,1,4.761905,9.52381,Q05_R02=1|Q05_R04=1|Q05_R05=1|Q05_R06=1|Q05_R07=1,SCALE_PRIMARY_O00_V1,2026-08-29,PIH_MS_V2.5_ESTABILIDADE_SENSIBILIDADE_V1,False,False
SCALE-500-O00-00545,500,O00,499.9999999999812,0,21,2,1,MULTIPLAS_UNIDADES_SUPERFICIAIS,Formação Pantanal,Granular (Gr),0,SEM_POCOS_NO_CONJUNTO_AUDITADO,0,23.809524,90.47619,,0,SEM_POCOS_NO_CONJUNTO_AUDITADO,0,23.809524,90.47619,,0,SEM_POCOS_NO_CONJUNTO_AUDITADO,0,23.809524,90.47619,,0,SEM_POCOS_NO_CONJUNTO_AUDITADO,0,23.809524,90.47619,,0,SEM_POCOS_NO_CONJUNTO_AUDITADO,0,23.809524,90.47619,,SCALE_PRIMARY_O00_V1,2026-08-29,PIH_MS_V2.5_ESTABILIDADE_SENSIBILIDADE_V1,False,False
SCALE-500-O00-00546,500,O00,499.9999999999812,0,20,2,1,MULTIPLAS_UNIDADES_SUPERFICIAIS,Formação Pantanal,Granular (Gr),0,SEM_POCOS_NO_CONJUNTO_AUDITADO,0,30.0,70.0,,0,SEM_POCOS_NO_CONJUNTO_AUDITADO,0,30.0,70.0,,0,SEM_POCOS_NO_CONJUNTO_AUDITADO,0,30.0,70.0,,0,SEM_POCOS_NO_CONJUNTO_AUDITADO,0,30.0,70.0,,0,SEM_POCOS_NO_CONJUNTO_AUDITADO,0,30.0,70.0,,SCALE_PRIMARY_O00_V1,2026-08-29,PIH_MS_V2.5_ESTABILIDADE_SENSIBILIDADE_V1,False,False
SCALE-500-O00-00547,500,O00,499.9999999999812,0,21,1,1,UMA_UNIDADE_SUPERFICIAL,Formação Pantanal,Granular (Gr),0,SEM_POCOS_NO_CONJUNTO_AUDITADO,0,100.0,100.0,,0,SEM_POCOS_NO_CONJUNTO_AUDITADO,0,100.0,100.0,,0,SEM_POCOS_NO_CONJUNTO_AUDITADO,0,100.0,100.0,,0,SEM_POCOS_NO_CONJUNTO_AUDITADO,0,100.0,100.0,,0,SEM_POCOS_NO_CONJUNTO_AUDITADO,0,100.0,100.0,,SCALE_PRIMARY_O00_V1,2026-08-29,PIH_MS_V2.5_ESTABILIDADE_SENSIBILIDADE_V1,False,False
SCALE-500-O00-00548,500,O00,499.9999999999812,0,21,1,1,UMA_UNIDADE_SUPERFICIAL,Formação Pantanal,Granular (Gr),0,SEM_POCOS_NO_CONJUNTO_AUDITADO,0,100.0,100.0,,0,SEM_POCOS_NO_CONJUNTO_AUDITADO,0,100.0,100.0,,0,SEM_POCOS_NO_CONJUNTO_AUDITADO,0,100.0,100.0,,0,SEM_POCOS_NO_CONJUNTO_AUDITADO,0,100.0,100.0,,0,SEM_POCOS_NO_CONJUNTO_AUDITADO,0,100.0,100.0,,SCALE_PRIMARY_O00_V1,2026-08-29,PIH_MS_V2.5_ESTABILIDADE_SENSIBILIDADE_V1,False,False
SCALE-500-O00-00549,500,O00,499.9999999999812,0,18,1,1,UMA_UNIDADE_SUPERFICIAL,Formação Pantanal,Granular (Gr),0,SEM_POCOS_NO_CONJUNTO_AUDITADO,0,100.0,100.0,,0,SEM_POCOS_NO_CONJUNTO_AUDITADO,0,100.0,100.0,,0,SEM_POCOS_NO_CONJUNTO_AUDITADO,0,100.0,100.0,,0,SEM_POCOS_NO_CONJUNTO_AUDITADO,0,100.0,100.0,,0,SEM_POCOS_NO_CONJUNTO_AUDITADO,0,100.0,100.0,,SCALE_PRIMARY_O00_V1,2026-08-29,PIH_MS_V2.5_ESTABILIDADE_SENSIBILIDADE_V1,False,False
SCALE-500-O00-00550,500,O00,499.9999999999812,0,20,1,1,UMA_UNIDADE_SUPERFICIAL,Formação Pantanal,Granular (Gr),0,SEM_POCOS_NO_CONJUNTO_AUDITADO,0,100.0,100.0,,0,SEM_POCOS_NO_CONJUNTO_AUDITADO,0,100.0,100.0,,0,SEM_POCOS_NO_CONJUNTO_AUDITADO,0,100.0,100.0,,0,SEM_POCOS_NO_CONJUNTO_AUDITADO,0,100.0,100.0,,0,SEM_POCOS_NO_CONJUNTO_AUDITADO,0,100.0,100.0,,SCALE_PRIMARY_O00_V1,2026-08-29,PIH_MS_V2.5_ESTABILIDADE_SENSIBILIDADE_V1,False,False
SCALE-500-O00-00551,500,O00,499.9999999999812,0,20,1,1,UMA_UNIDADE_SUPERFICIAL,Formação Pantanal,Granular (Gr),0,SEM_POCOS_NO_CONJUNTO_AUDITADO,0,100.0,100.0,,0,SEM_POCOS_NO_CONJUNTO_AUDITADO,0,100.0,100.0,,0,SEM_POCOS_NO_CONJUNTO_AUDITADO,0,100.0,100.0,,0,SEM_POCOS_NO_CONJUNTO_AUDITADO,0,100.0,100.0,,0,SEM_POCOS_NO_CONJUNTO_AUDITADO,0,100.0,100.0,,SCALE_PRIMARY_O00_V1,2026-08-29,PIH_MS_V2.5_ESTABILIDADE_SENSIBILIDADE_V1,False,False
SCALE-500-O00-00552,500,O00,499.9999999999812,0,21,2,1,MULTIPLAS_UNIDADES_SUPERFICIAIS,Formação Pantanal,Granular (Gr),0,SEM_POCOS_NO_CONJUNTO_AUDITADO,0,100.0,100.0,,0,SEM_POCOS_NO_CONJUNTO_AUDITADO,0,100.0,100.0,,0,SEM_POCOS_NO_CONJUNTO_AUDITADO,0,100.0,100.0,,0,SEM_POCOS_NO_CONJUNTO_AUDITADO,0,100.0,100.0,,0,SEM_POCOS_NO_CONJUNTO_AUDITADO,0,100.0,100.0,,SCALE_PRIMARY_O00_V1,2026-08-29,PIH_MS_V2.5_ESTABILIDADE_SENSIBILIDADE_V1,False,False
SCALE-500-O00-00553,500,O00,499.9999999999812,0,21,2,1,MULTIPLAS_UNIDADES_SUPERFICIAIS,Formação Pantanal,Granular (Gr),0,SEM_POCOS_NO_CONJUNTO_AUDITADO,0,90.47619,85.714286,,0,SEM_POCOS_NO_CONJUNTO_AUDITADO,0,90.47619,85.714286,,0,SEM_POCOS_NO_CONJUNTO_AUDITADO,0,90.47619,85.714286,,0,SEM_POCOS_NO_CONJUNTO_AUDITADO,0,90.47619,85.714286,,0,SEM_POCOS_NO_CONJUNTO_AUDITADO,0,90.47619,85.714286,,SCALE_PRIMARY_O00_V1,2026-08-29,PIH_MS_V2.5_ESTABILIDADE_SENSIBILIDADE_V1,False,False
SCALE-500-O00-00554,500,O00,499.9999999999812,2,18,5,2,MULTIPLAS_UNIDADES_SUPERFICIAIS,Formação Furnas,Granular (Gr),2,EVIDENCIA_DIRETA_PRESENTE,2,27.777778,77.777778,Q01_R03=2|Q01_R05=2,2,EVIDENCIA_DIRETA_PRESENTE,2,27.777778,77.777778,Q02_R02=2|Q02_R06=2|Q02_R07=2|Q02_R08=2|Q02_R04=1,1,POCOS_SEM_EVIDENCIA_DIRETA_DA_PERGUNTA,0,0.0,61.111111,Q03_R02=2|Q03_R04=2|Q03_R05=2|Q03_R06=2|Q03_R07=2,2,EVIDENCIA_DIRETA_PRESENTE,2,27.777778,77.777778,Q04_R03=2|Q04_R04=2,2,EVIDENCIA_DIRETA_PRESENTE,2,16.666667,66.666667,Q05_R02=2|Q05_R04=2|Q05_R06=2|Q05_R07=2,SCALE_PRIMARY_O00_V1,2026-08-29,PIH_MS_V2.5_ESTABILIDADE_SENSIBILIDADE_V1,False,False
SCALE-500-O00-00555,500,O00,499.9999999999812,4,20,5,1,MULTIPLAS_UNIDADES_SUPERFICIAIS,Formação Aquidauana,Granular (Gr),1,POCOS_SEM_EVIDENCIA_DIRETA_DA_PERGUNTA,0,0.0,0.0,Q01_R02=4|Q01_R03=4|Q01_R04=4|Q01_R05=4|Q01_R06=4,1,POCOS_SEM_EVIDENCIA_DIRETA_DA_PERGUNTA,0,0.0,0.0,Q02_R02=4|Q02_R03=4|Q02_R04=4|Q02_R05=4|Q02_R06=4,1,POCOS_SEM_EVIDENCIA_DIRETA_DA_PERGUNTA,0,0.0,30.0,Q03_R02=4|Q03_R03=4|Q03_R04=4|Q03_R05=4|Q03_R06=4,1,POCOS_SEM_EVIDENCIA_DIRETA_DA_PERGUNTA,0,0.0,0.0,Q04_R02=4|Q04_R03=4|Q04_R04=4|Q04_R05=4,1,POCOS_SEM_EVIDENCIA_DIRETA_DA_PERGUNTA,0,0.0,0.0,Q05_R02=4|Q05_R03=4|Q05_R04=4|Q05_R05=4|Q05_R06=4,SCALE_PRIMARY_O00_V1,2026-08-29,PIH_MS_V2.5_ESTABILIDADE_SENSIBILIDADE_V1,False,False
SCALE-500-O00-00556,500,O00,499.9999999999812,120,20,2,2,MULTIPLAS_UNIDADES_SUPERFICIAIS,Grupo Bauru,Granular (Gr),2,EVIDENCIA_DIRETA_PRESENTE,45,80.0,100.0,Q01_R03=120|Q01_R05=120|Q01_R06=104|Q01_R02=75|Q01_R04=64,2,EVIDENCIA_DIRETA_PRESENTE,41,80.0,100.0,Q02_R02=120|Q02_R06=120|Q02_R07=120|Q02_R08=120|Q02_R03=104,2,EVIDENCIA_DIRETA_PRESENTE,34,75.0,95.0,Q03_R02=120|Q03_R07=120|Q03_R08=120|Q03_R05=109|Q03_R03=104,2,EVIDENCIA_DIRETA_PRESENTE,56,100.0,100.0,Q04_R03=120|Q04_R04=120|Q04_R05=104|Q04_R02=64,2,EVIDENCIA_DIRETA_PRESENTE,29,65.0,100.0,Q05_R02=120|Q05_R04=120|Q05_R06=120|Q05_R07=120|Q05_R05=104,SCALE_PRIMARY_O00_V1,2026-08-29,PIH_MS_V2.5_ESTABILIDADE_SENSIBILIDADE_V1,False,False
SCALE-500-O00-00557,500,O00,499.9999999999812,7,21,3,2,MULTIPLAS_UNIDADES_SUPERFICIAIS,Formação Botucatu,Granular (Gr),2,EVIDENCIA_DIRETA_PRESENTE,4,14.285714,76.190476,Q01_R05=7|Q01_R03=6|Q01_R06=6|Q01_R02=3|Q01_R04=3,2,EVIDENCIA_DIRETA_PRESENTE,4,14.285714,76.190476,Q02_R02=7|Q02_R06=7|Q02_R07=7|Q02_R08=7|Q02_R03=6,2,EVIDENCIA_DIRETA_PRESENTE,3,9.52381,76.190476,Q03_R02=7|Q03_R07=7|Q03_R08=7|Q03_R03=6|Q03_R05=5,2,EVIDENCIA_DIRETA_PRESENTE,4,14.285714,76.190476,Q04_R03=7|Q04_R04=7|Q04_R05=6|Q04_R02=3,2,EVIDENCIA_DIRETA_PRESENTE,3,4.761905,76.190476,Q05_R02=7|Q05_R04=7|Q05_R06=7|Q05_R07=7|Q05_R05=6,SCALE_PRIMARY_O00_V1,2026-08-29,PIH_MS_V2.5_ESTABILIDADE_SENSIBILIDADE_V1,False,False
SCALE-500-O00-00558,500,O00,499.9999999999812,0,21,1,1,UMA_UNIDADE_SUPERFICIAL,Formação Botucatu,Granular (Gr),0,SEM_POCOS_NO_CONJUNTO_AUDITADO,0,0.0,71.428571,,0,SEM_POCOS_NO_CONJUNTO_AUDITADO,0,0.0,71.428571,,0,SEM_POCOS_NO_CONJUNTO_AUDITADO,0,0.0,71.428571,,0,SEM_POCOS_NO_CONJUNTO_AUDITADO,0,0.0,71.428571,,0,SEM_POCOS_NO_CONJUNTO_AUDITADO,0,0.0,71.428571,,SCALE_PRIMARY_O00_V1,2026-08-29,PIH_MS_V2.5_ESTABILIDADE_SENSIBILIDADE_V1,False,False
SCALE-500-O00-00559,500,O00,499.9999999999812,0,18,2,1,MULTIPLAS_UNIDADES_SUPERFICIAIS,Grupo Caiuá,Granular (Gr),0,SEM_POCOS_NO_CONJUNTO_AUDITADO,0,0.0,66.666667,,0,SEM_POCOS_NO_CONJUNTO_AUDITADO,0,0.0,66.666667,,0,SEM_POCOS_NO_CONJUNTO_AUDITADO,0,0.0,66.666667,,0,SEM_POCOS_NO_CONJUNTO_AUDITADO,0,0.0,66.666667,,0,SEM_POCOS_NO_CONJUNTO_AUDITADO,0,0.0,66.666667,,SCALE_PRIMARY_O00_V1,2026-08-29,PIH_MS_V2.5_ESTABILIDADE_SENSIBILIDADE_V1,False,False
SCALE-500-O00-00560,500,O00,499.9999999999812,3,21,1,1,UMA_UNIDADE_SUPERFICIAL,Grupo Caiuá,Granular (Gr),2,EVIDENCIA_DIRETA_PRESENTE,3,9.52381,19.047619,Q01_R03=3|Q01_R05=3|Q01_R06=3,2,EVIDENCIA_DIRETA_PRESENTE,3,9.52381,19.047619,Q02_R02=3|Q02_R03=3|Q02_R04=3|Q02_R05=3|Q02_R06=3,2,EVIDENCIA_DIRETA_PRESENTE,3,9.52381,19.047619,Q03_R02=3|Q03_R03=3|Q03_R05=3|Q03_R07=3|Q03_R08=3,2,EVIDENCIA_DIRETA_PRESENTE,3,9.52381,19.047619,Q04_R03=3|Q04_R04=3|Q04_R05=3,1,POCOS_SEM_EVIDENCIA_DIRETA_DA_PERGUNTA,0,9.52381,19.047619,Q05_R02=3|Q05_R03=3|Q05_R04=3|Q05_R05=3|Q05_R06=3,SCALE_PRIMARY_O00_V1,2026-08-29,PIH_MS_V2.5_ESTABILIDADE_SENSIBILIDADE_V1,False,False
SCALE-500-O00-00561,500,O00,499.9999999999812,2,21,1,1,UMA_UNIDADE_SUPERFICIAL,Grupo Caiuá,Granular (Gr),2,EVIDENCIA_DIRETA_PRESENTE,2,9.52381,90.47619,Q01_R03=2|Q01_R05=2|Q01_R06=2,2,EVIDENCIA_DIRETA_PRESENTE,2,9.52381,90.47619,Q02_R02=2|Q02_R03=2|Q02_R04=2|Q02_R05=2|Q02_R06=2,2,EVIDENCIA_DIRETA_PRESENTE,2,9.52381,90.47619,Q03_R02=2|Q03_R03=2|Q03_R05=2|Q03_R07=2|Q03_R08=2,2,EVIDENCIA_DIRETA_PRESENTE,2,9.52381,90.47619,Q04_R03=2|Q04_R04=2|Q04_R05=2,1,POCOS_SEM_EVIDENCIA_DIRETA_DA_PERGUNTA,0,9.52381,90.47619,Q05_R02=2|Q05_R03=2|Q05_R04=2|Q05_R05=2|Q05_R06=2,SCALE_PRIMARY_O00_V1,2026-08-29,PIH_MS_V2.5_ESTABILIDADE_SENSIBILIDADE_V1,False,False
SCALE-500-O00-00562,500,O00,499.9999999999812,1,21,1,1,UMA_UNIDADE_SUPERFICIAL,Grupo Caiuá,Granular (Gr),2,EVIDENCIA_DIRETA_PRESENTE,1,0.0,9.52381,Q01_R03=1|Q01_R05=1|Q01_R06=1,2,EVIDENCIA_DIRETA_PRESENTE,1,0.0,9.52381,Q02_R02=1|Q02_R03=1|Q02_R04=1|Q02_R05=1|Q02_R06=1,2,EVIDENCIA_DIRETA_PRESENTE,1,0.0,9.52381,Q03_R02=1|Q03_R03=1|Q03_R05=1|Q03_R07=1|Q03_R08=1,2,EVIDENCIA_DIRETA_PRESENTE,1,0.0,9.52381,Q04_R03=1|Q04_R04=1|Q04_R05=1,1,POCOS_SEM_EVIDENCIA_DIRETA_DA_PERGUNTA,0,0.0,9.52381,Q05_R02=1|Q05_R03=1|Q05_R04=1|Q05_R05=1|Q05_R06=1,SCALE_PRIMARY_O00_V1,2026-08-29,PIH_MS_V2.5_ESTABILIDADE_SENSIBILIDADE_V1,False,False
SCALE-500-O00-00563,500,O00,499.9999999999812,2,21,2,2,MULTIPLAS_UNIDADES_SUPERFICIAIS,Grupo Caiuá,Granular (Gr),2,EVIDENCIA_DIRETA_PRESENTE,2,14.285714,76.190476,Q01_R03=2|Q01_R05=2|Q01_R06=2,2,EVIDENCIA_DIRETA_PRESENTE,2,14.285714,76.190476,Q02_R02=2|Q02_R03=2|Q02_R04=2|Q02_R05=2|Q02_R06=2,2,EVIDENCIA_DIRETA_PRESENTE,2,14.285714,76.190476,Q03_R02=2|Q03_R03=2|Q03_R05=2|Q03_R07=2|Q03_R08=2,2,EVIDENCIA_DIRETA_PRESENTE,2,14.285714,76.190476,Q04_R03=2|Q04_R04=2|Q04_R05=2,1,POCOS_SEM_EVIDENCIA_DIRETA_DA_PERGUNTA,0,14.285714,66.666667,Q05_R02=2|Q05_R03=2|Q05_R04=2|Q05_R05=2|Q05_R06=2,SCALE_PRIMARY_O00_V1,2026-08-29,PIH_MS_V2.5_ESTABILIDADE_SENSIBILIDADE_V1,False,False
SCALE-500-O00-00564,500,O00,499.9999999999812,0,18,2,2,MULTIPLAS_UNIDADES_SUPERFICIAIS,Grupo Caiuá,Granular (Gr),0,SEM_POCOS_NO_CONJUNTO_AUDITADO,0,83.333333,61.111111,,0,SEM_POCOS_NO_CONJUNTO_AUDITADO,0,83.333333,61.111111,,0,SEM_POCOS_NO_CONJUNTO_AUDITADO,0,83.333333,61.111111,,0,SEM_POCOS_NO_CONJUNTO_AUDITADO,0,83.333333,61.111111,,0,SEM_POCOS_NO_CONJUNTO_AUDITADO,0,83.333333,61.111111,,SCALE_PRIMARY_O00_V1,2026-08-29,PIH_MS_V2.5_ESTABILIDADE_SENSIBILIDADE_V1,False,False
SCALE-500-O00-00565,500,O00,499.9999999999812,1,21,2,2,MULTIPLAS_UNIDADES_SUPERFICIAIS,Grupo Caiuá,Granular (Gr),2,EVIDENCIA_DIRETA_PRESENTE,1,9.52381,4.761905,Q01_R03=1|Q01_R05=1|Q01_R06=1,2,EVIDENCIA_DIRETA_PRESENTE,1,9.52381,4.761905,Q02_R02=1|Q02_R03=1|Q02_R06=1|Q02_R07=1|Q02_R08=1,1,POCOS_SEM_EVIDENCIA_DIRETA_DA_PERGUNTA,0,9.52381,4.761905,Q03_R02=1|Q03_R03=1|Q03_R04=1|Q03_R05=1|Q03_R06=1,2,EVIDENCIA_DIRETA_PRESENTE,1,9.52381,4.761905,Q04_R03=1|Q04_R04=1|Q04_R05=1,2,EVIDENCIA_DIRETA_PRESENTE,1,9.52381,4.761905,Q05_R02=1|Q05_R04=1|Q05_R05=1|Q05_R06=1|Q05_R07=1,SCALE_PRIMARY_O00_V1,2026-08-29,PIH_MS_V2.5_ESTABILIDADE_SENSIBILIDADE_V1,False,False
SCALE-500-O00-00566,500,O00,499.9999999999812,0,21,2,2,MULTIPLAS_UNIDADES_SUPERFICIAIS,Grupo Caiuá,Granular (Gr),0,SEM_POCOS_NO_CONJUNTO_AUDITADO,0,23.809524,71.428571,,0,SEM_POCOS_NO_CONJUNTO_AUDITADO,0,23.809524,71.428571,,0,SEM_POCOS_NO_CONJUNTO_AUDITADO,0,23.809524,71.428571,,0,SEM_POCOS_NO_CONJUNTO_AUDITADO,0,23.809524,71.428571,,0,SEM_POCOS_NO_CONJUNTO_AUDITADO,0,23.809524,71.428571,,SCALE_PRIMARY_O00_V1,2026-08-29,PIH_MS_V2.5_ESTABILIDADE_SENSIBILIDADE_V1,False,False
SCALE-500-O00-00567,500,O00,499.9999999999812,1,21,3,2,MULTIPLAS_UNIDADES_SUPERFICIAIS,Grupo Caiuá,Granular (Gr),2,EVIDENCIA_DIRETA_PRESENTE,1,4.761905,47.619048,Q01_R03=1|Q01_R05=1|Q01_R06=1,2,EVIDENCIA_DIRETA_PRESENTE,1,4.761905,47.619048,Q02_R02=1|Q02_R03=1|Q02_R04=1|Q02_R05=1|Q02_R06=1,2,EVIDENCIA_DIRETA_PRESENTE,1,4.761905,47.619048,Q03_R02=1|Q03_R03=1|Q03_R05=1|Q03_R07=1|Q03_R08=1,2,EVIDENCIA_DIRETA_PRESENTE,1,4.761905,47.619048,Q04_R03=1|Q04_R04=1|Q04_R05=1,1,POCOS_SEM_EVIDENCIA_DIRETA_DA_PERGUNTA,0,0.0,47.619048,Q05_R02=1|Q05_R03=1|Q05_R04=1|Q05_R05=1|Q05_R06=1,SCALE_PRIMARY_O00_V1,2026-08-29,PIH_MS_V2.5_ESTABILIDADE_SENSIBILIDADE_V1,False,False
SCALE-500-O00-00568,500,O00,499.9999999999812,0,21,2,1,MULTIPLAS_UNIDADES_SUPERFICIAIS,Grupo Bauru,Granular (Gr),0,SEM_POCOS_NO_CONJUNTO_AUDITADO,0,0.0,0.0,,0,SEM_POCOS_NO_CONJUNTO_AUDITADO,0,0.0,0.0,,0,SEM_POCOS_NO_CONJUNTO_AUDITADO,0,0.0,0.0,,0,SEM_POCOS_NO_CONJUNTO_AUDITADO,0,0.0,0.0,,0,SEM_POCOS_NO_CONJUNTO_AUDITADO,0,0.0,0.0,,SCALE_PRIMARY_O00_V1,2026-08-29,PIH_MS_V2.5_ESTABILIDADE_SENSIBILIDADE_V1,False,False
SCALE-500-O00-00569,500,O00,499.9999999999812,1,18,2,1,MULTIPLAS_UNIDADES_SUPERFICIAIS,Grupo Bauru,Granular (Gr),2,EVIDENCIA_DIRETA_PRESENTE,1,5.555556,11.111111,Q01_R03=1|Q01_R05=1,2,EVIDENCIA_DIRETA_PRESENTE,1,5.555556,11.111111,Q02_R02=1|Q02_R06=1|Q02_R07=1|Q02_R08=1,2,EVIDENCIA_DIRETA_PRESENTE,1,5.555556,5.555556,Q03_R02=1|Q03_R05=1|Q03_R06=1|Q03_R07=1|Q03_R08=1,2,EVIDENCIA_DIRETA_PRESENTE,1,5.555556,11.111111,Q04_R03=1|Q04_R04=1,2,EVIDENCIA_DIRETA_PRESENTE,1,5.555556,5.555556,Q05_R02=1|Q05_R04=1|Q05_R06=1|Q05_R07=1,SCALE_PRIMARY_O00_V1,2026-08-29,PIH_MS_V2.5_ESTABILIDADE_SENSIBILIDADE_V1,False,False
SCALE-500-O00-00570,500,O00,439.2786254669084,4,17,2,1,MULTIPLAS_UNIDADES_SUPERFICIAIS,Grupo Bauru,Granular (Gr),2,EVIDENCIA_DIRETA_PRESENTE,4,0.0,41.176471,Q01_R03=4|Q01_R05=4|Q01_R06=4|Q01_R07=1,1,POCOS_SEM_EVIDENCIA_DIRETA_DA_PERGUNTA,0,0.0,41.176471,Q02_R02=4|Q02_R03=4|Q02_R04=4|Q02_R06=4|Q02_R07=4,2,EVIDENCIA_DIRETA_PRESENTE,1,0.0,0.0,Q03_R02=4|Q03_R03=4|Q03_R05=4|Q03_R06=4|Q03_R07=4,2,EVIDENCIA_DIRETA_PRESENTE,4,0.0,41.176471,Q04_R03=4|Q04_R04=4|Q04_R05=4|Q04_R06=1,2,EVIDENCIA_DIRETA_PRESENTE,1,0.0,0.0,Q05_R02=4|Q05_R04=4|Q05_R05=4|Q05_R06=4|Q05_R07=4,SCALE_PRIMARY_O00_V1,2026-08-29,PIH_MS_V2.5_ESTABILIDADE_SENSIBILIDADE_V1,False,False
SCALE-500-O00-00571,500,O00,206.6741629822439,0,8,2,2,MULTIPLAS_UNIDADES_SUPERFICIAIS,Grupo Bauru,Granular (Gr),0,SEM_POCOS_NO_CONJUNTO_AUDITADO,0,0.0,62.5,,0,SEM_POCOS_NO_CONJUNTO_AUDITADO,0,0.0,62.5,,0,SEM_POCOS_NO_CONJUNTO_AUDITADO,0,0.0,62.5,,0,SEM_POCOS_NO_CONJUNTO_AUDITADO,0,0.0,62.5,,0,SEM_POCOS_NO_CONJUNTO_AUDITADO,0,0.0,62.5,,SCALE_PRIMARY_O00_V1,2026-08-29,PIH_MS_V2.5_ESTABILIDADE_SENSIBILIDADE_V1,False,False
SCALE-500-O00-00572,500,O00,26.454878549064205,2,1,1,1,UMA_UNIDADE_SUPERFICIAL,Formação Xaraiés,Cárstica (K),2,EVIDENCIA_DIRETA_PRESENTE,2,0.0,100.0,Q01_R03=2|Q01_R05=2|Q01_R06=2,2,EVIDENCIA_DIRETA_PRESENTE,2,0.0,100.0,Q02_R02=2|Q02_R03=2|Q02_R06=2|Q02_R07=2|Q02_R08=2,1,POCOS_SEM_EVIDENCIA_DIRETA_DA_PERGUNTA,0,0.0,0.0,Q03_R02=2|Q03_R03=2|Q03_R04=2|Q03_R05=2|Q03_R06=2,2,EVIDENCIA_DIRETA_PRESENTE,2,0.0,100.0,Q04_R03=2|Q04_R04=2|Q04_R05=2,2,EVIDENCIA_DIRETA_PRESENTE,2,0.0,100.0,Q05_R02=2|Q05_R04=2|Q05_R05=2|Q05_R06=2|Q05_R07=2,SCALE_PRIMARY_O00_V1,2026-08-29,PIH_MS_V2.5_ESTABILIDADE_SENSIBILIDADE_V1,False,False
SCALE-500-O00-00573,500,O00,452.1945230171288,27,18,5,3,MULTIPLAS_UNIDADES_SUPERFICIAIS,Grupo Corumbá,Cárstica (K),2,EVIDENCIA_DIRETA_PRESENTE,24,83.333333,94.444444,Q01_R03=27|Q01_R05=27|Q01_R06=25|Q01_R02=3|Q01_R04=3,2,EVIDENCIA_DIRETA_PRESENTE,24,83.333333,94.444444,Q02_R02=27|Q02_R06=27|Q02_R08=27|Q02_R07=26|Q02_R03=25,2,EVIDENCIA_DIRETA_PRESENTE,14,33.333333,72.222222,Q03_R02=27|Q03_R07=27|Q03_R08=27|Q03_R03=25|Q03_R05=20,2,EVIDENCIA_DIRETA_PRESENTE,24,83.333333,94.444444,Q04_R03=27|Q04_R04=27|Q04_R05=25|Q04_R02=3,2,EVIDENCIA_DIRETA_PRESENTE,19,77.777778,88.888889,Q05_R02=27|Q05_R04=27|Q05_R06=27|Q05_R07=27|Q05_R05=25,SCALE_PRIMARY_O00_V1,2026-08-29,PIH_MS_V2.5_ESTABILIDADE_SENSIBILIDADE_V1,False,False
SCALE-500-O00-00574,500,O00,499.9999999999812,1,21,4,3,MULTIPLAS_UNIDADES_SUPERFICIAIS,Formação Pantanal,Granular (Gr),2,EVIDENCIA_DIRETA_PRESENTE,1,23.809524,9.52381,Q01_R03=1|Q01_R05=1,2,EVIDENCIA_DIRETA_PRESENTE,1,23.809524,9.52381,Q02_R02=1|Q02_R04=1|Q02_R06=1|Q02_R07=1|Q02_R08=1,1,POCOS_SEM_EVIDENCIA_DIRETA_DA_PERGUNTA,0,0.0,0.0,Q03_R02=1|Q03_R04=1|Q03_R05=1|Q03_R06=1|Q03_R07=1,2,EVIDENCIA_DIRETA_PRESENTE,1,23.809524,9.52381,Q04_R03=1|Q04_R04=1,2,EVIDENCIA_DIRETA_PRESENTE,1,23.809524,9.52381,Q05_R02=1|Q05_R04=1|Q05_R06=1|Q05_R07=1,SCALE_PRIMARY_O00_V1,2026-08-29,PIH_MS_V2.5_ESTABILIDADE_SENSIBILIDADE_V1,False,False
SCALE-500-O00-00575,500,O00,499.9999999999812,0,20,2,1,MULTIPLAS_UNIDADES_SUPERFICIAIS,Depósitos aluvionares,Granular (Gr),0,SEM_POCOS_NO_CONJUNTO_AUDITADO,0,85.0,85.0,,0,SEM_POCOS_NO_CONJUNTO_AUDITADO,0,85.0,85.0,,0,SEM_POCOS_NO_CONJUNTO_AUDITADO,0,85.0,85.0,,0,SEM_POCOS_NO_CONJUNTO_AUDITADO,0,85.0,85.0,,0,SEM_POCOS_NO_CONJUNTO_AUDITADO,0,85.0,85.0,,SCALE_PRIMARY_O00_V1,2026-08-29,PIH_MS_V2.5_ESTABILIDADE_SENSIBILIDADE_V1,False,False
SCALE-500-O00-00576,500,O00,499.9999999999812,0,18,2,1,MULTIPLAS_UNIDADES_SUPERFICIAIS,Depósitos aluvionares,Granular (Gr),0,SEM_POCOS_NO_CONJUNTO_AUDITADO,0,100.0,100.0,,0,SEM_POCOS_NO_CONJUNTO_AUDITADO,0,100.0,100.0,,0,SEM_POCOS_NO_CONJUNTO_AUDITADO,0,100.0,100.0,,0,SEM_POCOS_NO_CONJUNTO_AUDITADO,0,100.0,100.0,,0,SEM_POCOS_NO_CONJUNTO_AUDITADO,0,100.0,100.0,,SCALE_PRIMARY_O00_V1,2026-08-29,PIH_MS_V2.5_ESTABILIDADE_SENSIBILIDADE_V1,False,False
SCALE-500-O00-00577,500,O00,499.9999999999812,0,21,1,1,UMA_UNIDADE_SUPERFICIAL,Formação Pantanal,Granular (Gr),0,SEM_POCOS_NO_CONJUNTO_AUDITADO,0,100.0,100.0,,0,SEM_POCOS_NO_CONJUNTO_AUDITADO,0,100.0,100.0,,0,SEM_POCOS_NO_CONJUNTO_AUDITADO,0,100.0,100.0,,0,SEM_POCOS_NO_CONJUNTO_AUDITADO,0,100.0,100.0,,0,SEM_POCOS_NO_CONJUNTO_AUDITADO,0,100.0,100.0,,SCALE_PRIMARY_O00_V1,2026-08-29,PIH_MS_V2.5_ESTABILIDADE_SENSIBILIDADE_V1,False,False
SCALE-500-O00-00578,500,O00,499.9999999999812,0,20,1,1,UMA_UNIDADE_SUPERFICIAL,Formação Pantanal,Granular (Gr),0,SEM_POCOS_NO_CONJUNTO_AUDITADO,0,100.0,100.0,,0,SEM_POCOS_NO_CONJUNTO_AUDITADO,0,100.0,100.0,,0,SEM_POCOS_NO_CONJUNTO_AUDITADO,0,100.0,100.0,,0,SEM_POCOS_NO_CONJUNTO_AUDITADO,0,100.0,100.0,,0,SEM_POCOS_NO_CONJUNTO_AUDITADO,0,100.0,100.0,,SCALE_PRIMARY_O00_V1,2026-08-29,PIH_MS_V2.5_ESTABILIDADE_SENSIBILIDADE_V1,False,False
SCALE-500-O00-00579,500,O00,499.9999999999812,0,21,1,1,UMA_UNIDADE_SUPERFICIAL,Formação Pantanal,Granular (Gr),0,SEM_POCOS_NO_CONJUNTO_AUDITADO,0,100.0,100.0,,0,SEM_POCOS_NO_CONJUNTO_AUDITADO,0,100.0,100.0,,0,SEM_POCOS_NO_CONJUNTO_AUDITADO,0,100.0,100.0,,0,SEM_POCOS_NO_CONJUNTO_AUDITADO,0,100.0,100.0,,0,SEM_POCOS_NO_CONJUNTO_AUDITADO,0,100.0,100.0,,SCALE_PRIMARY_O00_V1,2026-08-29,PIH_MS_V2.5_ESTABILIDADE_SENSIBILIDADE_V1,False,False
SCALE-500-O00-00580,500,O00,499.9999999999812,0,20,1,1,UMA_UNIDADE_SUPERFICIAL,Formação Pantanal,Granular (Gr),0,SEM_POCOS_NO_CONJUNTO_AUDITADO,0,100.0,100.0,,0,SEM_POCOS_NO_CONJUNTO_AUDITADO,0,100.0,100.0,,0,SEM_POCOS_NO_CONJUNTO_AUDITADO,0,100.0,100.0,,0,SEM_POCOS_NO_CONJUNTO_AUDITADO,0,100.0,100.0,,0,SEM_POCOS_NO_CONJUNTO_AUDITADO,0,100.0,100.0,,SCALE_PRIMARY_O00_V1,2026-08-29,PIH_MS_V2.5_ESTABILIDADE_SENSIBILIDADE_V1,False,False
SCALE-500-O00-00581,500,O00,499.9999999999812,0,21,1,1,UMA_UNIDADE_SUPERFICIAL,Formação Pantanal,Granular (Gr),0,SEM_POCOS_NO_CONJUNTO_AUDITADO,0,100.0,100.0,,0,SEM_POCOS_NO_CONJUNTO_AUDITADO,0,100.0,100.0,,0,SEM_POCOS_NO_CONJUNTO_AUDITADO,0,100.0,100.0,,0,SEM_POCOS_NO_CONJUNTO_AUDITADO,0,100.0,100.0,,0,SEM_POCOS_NO_CONJUNTO_AUDITADO,0,100.0,100.0,,SCALE_PRIMARY_O00_V1,2026-08-29,PIH_MS_V2.5_ESTABILIDADE_SENSIBILIDADE_V1,False,False
SCALE-500-O00-00582,500,O00,499.9999999999812,0,18,1,1,UMA_UNIDADE_SUPERFICIAL,Formação Pantanal,Granular (Gr),0,SEM_POCOS_NO_CONJUNTO_AUDITADO,0,100.0,100.0,,0,SEM_POCOS_NO_CONJUNTO_AUDITADO,0,100.0,100.0,,0,SEM_POCOS_NO_CONJUNTO_AUDITADO,0,100.0,100.0,,0,SEM_POCOS_NO_CONJUNTO_AUDITADO,0,100.0,100.0,,0,SEM_POCOS_NO_CONJUNTO_AUDITADO,0,100.0,100.0,,SCALE_PRIMARY_O00_V1,2026-08-29,PIH_MS_V2.5_ESTABILIDADE_SENSIBILIDADE_V1,False,False
SCALE-500-O00-00583,500,O00,499.9999999999812,0,20,2,1,MULTIPLAS_UNIDADES_SUPERFICIAIS,Formação Pantanal,Granular (Gr),0,SEM_POCOS_NO_CONJUNTO_AUDITADO,0,100.0,100.0,,0,SEM_POCOS_NO_CONJUNTO_AUDITADO,0,100.0,100.0,,0,SEM_POCOS_NO_CONJUNTO_AUDITADO,0,100.0,100.0,,0,SEM_POCOS_NO_CONJUNTO_AUDITADO,0,100.0,100.0,,0,SEM_POCOS_NO_CONJUNTO_AUDITADO,0,100.0,100.0,,SCALE_PRIMARY_O00_V1,2026-08-29,PIH_MS_V2.5_ESTABILIDADE_SENSIBILIDADE_V1,False,False
SCALE-500-O00-00584,500,O00,499.9999999999812,0,20,4,2,MULTIPLAS_UNIDADES_SUPERFICIAIS,Formação Pantanal,Granular (Gr),0,SEM_POCOS_NO_CONJUNTO_AUDITADO,0,100.0,90.0,,0,SEM_POCOS_NO_CONJUNTO_AUDITADO,0,100.0,90.0,,0,SEM_POCOS_NO_CONJUNTO_AUDITADO,0,100.0,90.0,,0,SEM_POCOS_NO_CONJUNTO_AUDITADO,0,100.0,90.0,,0,SEM_POCOS_NO_CONJUNTO_AUDITADO,0,100.0,90.0,,SCALE_PRIMARY_O00_V1,2026-08-29,PIH_MS_V2.5_ESTABILIDADE_SENSIBILIDADE_V1,False,False
SCALE-500-O00-00585,500,O00,499.9999999999812,0,20,3,1,MULTIPLAS_UNIDADES_SUPERFICIAIS,Formação Furnas,Granular (Gr),0,SEM_POCOS_NO_CONJUNTO_AUDITADO,0,15.0,10.0,,0,SEM_POCOS_NO_CONJUNTO_AUDITADO,0,15.0,10.0,,0,SEM_POCOS_NO_CONJUNTO_AUDITADO,0,15.0,10.0,,0,SEM_POCOS_NO_CONJUNTO_AUDITADO,0,15.0,10.0,,0,SEM_POCOS_NO_CONJUNTO_AUDITADO,0,15.0,10.0,,SCALE_PRIMARY_O00_V1,2026-08-29,PIH_MS_V2.5_ESTABILIDADE_SENSIBILIDADE_V1,False,False
SCALE-500-O00-00586,500,O00,499.9999999999812,8,21,3,1,MULTIPLAS_UNIDADES_SUPERFICIAIS,Grupo Bauru,Granular (Gr),2,EVIDENCIA_DIRETA_PRESENTE,4,47.619048,85.714286,Q01_R03=8|Q01_R05=8|Q01_R06=7|Q01_R02=4|Q01_R04=4,2,EVIDENCIA_DIRETA_PRESENTE,4,47.619048,85.714286,Q02_R02=8|Q02_R04=8|Q02_R06=8|Q02_R07=8|Q02_R08=8,2,EVIDENCIA_DIRETA_PRESENTE,3,19.047619,9.52381,Q03_R02=8|Q03_R05=8|Q03_R07=8|Q03_R08=8|Q03_R03=7,2,EVIDENCIA_DIRETA_PRESENTE,4,47.619048,85.714286,Q04_R03=8|Q04_R04=8|Q04_R05=7|Q04_R02=4,2,EVIDENCIA_DIRETA_PRESENTE,1,14.285714,76.190476,Q05_R02=8|Q05_R04=8|Q05_R06=8|Q05_R07=8|Q05_R03=7,SCALE_PRIMARY_O00_V1,2026-08-29,PIH_MS_V2.5_ESTABILIDADE_SENSIBILIDADE_V1,False,False
SCALE-500-O00-00587,500,O00,499.9999999999812,3,18,2,1,MULTIPLAS_UNIDADES_SUPERFICIAIS,Formação Botucatu,Granular (Gr),2,EVIDENCIA_DIRETA_PRESENTE,1,0.0,11.111111,Q01_R03=3|Q01_R05=3|Q01_R02=2|Q01_R04=2|Q01_R06=2,2,EVIDENCIA_DIRETA_PRESENTE,1,0.0,11.111111,Q02_R02=3|Q02_R04=3|Q02_R05=3|Q02_R06=3|Q02_R07=3,1,POCOS_SEM_EVIDENCIA_DIRETA_DA_PERGUNTA,0,0.0,0.0,Q03_R02=3|Q03_R04=3|Q03_R05=3|Q03_R06=3|Q03_R07=3,2,EVIDENCIA_DIRETA_PRESENTE,1,5.555556,11.111111,Q04_R03=3|Q04_R04=3|Q04_R02=2|Q04_R05=2,1,POCOS_SEM_EVIDENCIA_DIRETA_DA_PERGUNTA,0,0.0,0.0,Q05_R02=3|Q05_R03=3|Q05_R04=3|Q05_R06=3|Q05_R07=3,SCALE_PRIMARY_O00_V1,2026-08-29,PIH_MS_V2.5_ESTABILIDADE_SENSIBILIDADE_V1,False,False
SCALE-500-O00-00588,500,O00,499.9999999999812,0,20,1,1,UMA_UNIDADE_SUPERFICIAL,Formação Botucatu,Granular (Gr),0,SEM_POCOS_NO_CONJUNTO_AUDITADO,0,0.0,5.0,,0,SEM_POCOS_NO_CONJUNTO_AUDITADO,0,0.0,5.0,,0,SEM_POCOS_NO_CONJUNTO_AUDITADO,0,0.0,5.0,,0,SEM_POCOS_NO_CONJUNTO_AUDITADO,0,0.0,5.0,,0,SEM_POCOS_NO_CONJUNTO_AUDITADO,0,0.0,5.0,,SCALE_PRIMARY_O00_V1,2026-08-29,PIH_MS_V2.5_ESTABILIDADE_SENSIBILIDADE_V1,False,False
SCALE-500-O00-00589,500,O00,499.9999999999812,0,20,2,1,MULTIPLAS_UNIDADES_SUPERFICIAIS,Formação Botucatu,Granular (Gr),0,SEM_POCOS_NO_CONJUNTO_AUDITADO,0,0.0,20.0,,0,SEM_POCOS_NO_CONJUNTO_AUDITADO,0,0.0,20.0,,0,SEM_POCOS_NO_CONJUNTO_AUDITADO,0,0.0,20.0,,0,SEM_POCOS_NO_CONJUNTO_AUDITADO,0,0.0,20.0,,0,SEM_POCOS_NO_CONJUNTO_AUDITADO,0,0.0,20.0,,SCALE_PRIMARY_O00_V1,2026-08-29,PIH_MS_V2.5_ESTABILIDADE_SENSIBILIDADE_V1,False,False
SCALE-500-O00-00590,500,O00,499.9999999999812,1,20,2,1,MULTIPLAS_UNIDADES_SUPERFICIAIS,Grupo Caiuá,Granular (Gr),1,POCOS_SEM_EVIDENCIA_DIRETA_DA_PERGUNTA,0,0.0,0.0,Q01_R02=1|Q01_R03=1|Q01_R04=1|Q01_R05=1|Q01_R06=1,1,POCOS_SEM_EVIDENCIA_DIRETA_DA_PERGUNTA,0,0.0,0.0,Q02_R02=1|Q02_R03=1|Q02_R04=1|Q02_R05=1|Q02_R06=1,1,POCOS_SEM_EVIDENCIA_DIRETA_DA_PERGUNTA,0,0.0,0.0,Q03_R02=1|Q03_R03=1|Q03_R04=1|Q03_R05=1|Q03_R06=1,1,POCOS_SEM_EVIDENCIA_DIRETA_DA_PERGUNTA,0,0.0,0.0,Q04_R02=1|Q04_R03=1|Q04_R04=1|Q04_R05=1,1,POCOS_SEM_EVIDENCIA_DIRETA_DA_PERGUNTA,0,0.0,0.0,Q05_R02=1|Q05_R03=1|Q05_R04=1|Q05_R05=1|Q05_R06=1,SCALE_PRIMARY_O00_V1,2026-08-29,PIH_MS_V2.5_ESTABILIDADE_SENSIBILIDADE_V1,False,False
SCALE-500-O00-00591,500,O00,499.9999999999812,0,20,1,1,UMA_UNIDADE_SUPERFICIAL,Grupo Caiuá,Granular (Gr),0,SEM_POCOS_NO_CONJUNTO_AUDITADO,0,0.0,0.0,,0,SEM_POCOS_NO_CONJUNTO_AUDITADO,0,0.0,0.0,,0,SEM_POCOS_NO_CONJUNTO_AUDITADO,0,0.0,0.0,,0,SEM_POCOS_NO_CONJUNTO_AUDITADO,0,0.0,0.0,,0,SEM_POCOS_NO_CONJUNTO_AUDITADO,0,0.0,0.0,,SCALE_PRIMARY_O00_V1,2026-08-29,PIH_MS_V2.5_ESTABILIDADE_SENSIBILIDADE_V1,False,False
SCALE-500-O00-00592,500,O00,499.9999999999812,2,18,1,1,UMA_UNIDADE_SUPERFICIAL,Grupo Caiuá,Granular (Gr),2,EVIDENCIA_DIRETA_PRESENTE,2,5.555556,83.333333,Q01_R03=2|Q01_R05=2|Q01_R06=2,2,EVIDENCIA_DIRETA_PRESENTE,2,5.555556,83.333333,Q02_R02=2|Q02_R03=2|Q02_R04=2|Q02_R05=2|Q02_R06=2,2,EVIDENCIA_DIRETA_PRESENTE,2,5.555556,83.333333,Q03_R02=2|Q03_R03=2|Q03_R05=2|Q03_R07=2|Q03_R08=2,2,EVIDENCIA_DIRETA_PRESENTE,2,5.555556,83.333333,Q04_R03=2|Q04_R04=2|Q04_R05=2,1,POCOS_SEM_EVIDENCIA_DIRETA_DA_PERGUNTA,0,5.555556,83.333333,Q05_R02=2|Q05_R03=2|Q05_R04=2|Q05_R05=2|Q05_R06=2,SCALE_PRIMARY_O00_V1,2026-08-29,PIH_MS_V2.5_ESTABILIDADE_SENSIBILIDADE_V1,False,False
SCALE-500-O00-00593,500,O00,499.9999999999812,3,20,2,2,MULTIPLAS_UNIDADES_SUPERFICIAIS,Grupo Caiuá,Granular (Gr),2,EVIDENCIA_DIRETA_PRESENTE,3,10.0,75.0,Q01_R03=3|Q01_R05=3|Q01_R06=3,2,EVIDENCIA_DIRETA_PRESENTE,3,10.0,75.0,Q02_R02=3|Q02_R03=3|Q02_R06=3|Q02_R07=3|Q02_R08=3,2,EVIDENCIA_DIRETA_PRESENTE,1,10.0,70.0,Q03_R02=3|Q03_R03=3|Q03_R05=3|Q03_R06=3|Q03_R07=3,2,EVIDENCIA_DIRETA_PRESENTE,3,10.0,75.0,Q04_R03=3|Q04_R04=3|Q04_R05=3,2,EVIDENCIA_DIRETA_PRESENTE,1,10.0,50.0,Q05_R02=3|Q05_R04=3|Q05_R05=3|Q05_R06=3|Q05_R07=3,SCALE_PRIMARY_O00_V1,2026-08-29,PIH_MS_V2.5_ESTABILIDADE_SENSIBILIDADE_V1,False,False
SCALE-500-O00-00594,500,O00,499.9999999999812,2,20,2,2,MULTIPLAS_UNIDADES_SUPERFICIAIS,Grupo Caiuá,Granular (Gr),2,EVIDENCIA_DIRETA_PRESENTE,1,30.0,90.0,Q01_R03=2|Q01_R05=2|Q01_R06=2|Q01_R02=1|Q01_R04=1,2,EVIDENCIA_DIRETA_PRESENTE,1,30.0,90.0,Q02_R02=2|Q02_R03=2|Q02_R04=2|Q02_R05=2|Q02_R06=2,2,EVIDENCIA_DIRETA_PRESENTE,1,20.0,90.0,Q03_R02=2|Q03_R03=2|Q03_R05=2|Q03_R06=2|Q03_R07=2,2,EVIDENCIA_DIRETA_PRESENTE,1,30.0,90.0,Q04_R03=2|Q04_R04=2|Q04_R05=2|Q04_R02=1,1,POCOS_SEM_EVIDENCIA_DIRETA_DA_PERGUNTA,0,0.0,10.0,Q05_R02=2|Q05_R03=2|Q05_R04=2|Q05_R05=2|Q05_R06=2,SCALE_PRIMARY_O00_V1,2026-08-29,PIH_MS_V2.5_ESTABILIDADE_SENSIBILIDADE_V1,False,False
SCALE-500-O00-00595,500,O00,499.9999999999812,1,20,2,2,MULTIPLAS_UNIDADES_SUPERFICIAIS,Grupo Caiuá,Granular (Gr),2,EVIDENCIA_DIRETA_PRESENTE,1,0.0,70.0,Q01_R03=1|Q01_R05=1,2,EVIDENCIA_DIRETA_PRESENTE,1,0.0,70.0,Q02_R02=1|Q02_R06=1|Q02_R07=1|Q02_R08=1,1,POCOS_SEM_EVIDENCIA_DIRETA_DA_PERGUNTA,0,0.0,50.0,Q03_R02=1|Q03_R04=1|Q03_R05=1|Q03_R06=1|Q03_R07=1,2,EVIDENCIA_DIRETA_PRESENTE,1,0.0,70.0,Q04_R03=1|Q04_R04=1,2,EVIDENCIA_DIRETA_PRESENTE,1,0.0,50.0,Q05_R02=1|Q05_R04=1|Q05_R06=1|Q05_R07=1,SCALE_PRIMARY_O00_V1,2026-08-29,PIH_MS_V2.5_ESTABILIDADE_SENSIBILIDADE_V1,False,False
SCALE-500-O00-00596,500,O00,499.9999999999812,0,20,2,2,MULTIPLAS_UNIDADES_SUPERFICIAIS,Grupo Caiuá,Granular (Gr),0,SEM_POCOS_NO_CONJUNTO_AUDITADO,0,0.0,0.0,,0,SEM_POCOS_NO_CONJUNTO_AUDITADO,0,0.0,0.0,,0,SEM_POCOS_NO_CONJUNTO_AUDITADO,0,0.0,0.0,,0,SEM_POCOS_NO_CONJUNTO_AUDITADO,0,0.0,0.0,,0,SEM_POCOS_NO_CONJUNTO_AUDITADO,0,0.0,0.0,,SCALE_PRIMARY_O00_V1,2026-08-29,PIH_MS_V2.5_ESTABILIDADE_SENSIBILIDADE_V1,False,False
SCALE-500-O00-00597,500,O00,499.9999999999812,0,18,2,2,MULTIPLAS_UNIDADES_SUPERFICIAIS,Grupo Caiuá,Granular (Gr),0,SEM_POCOS_NO_CONJUNTO_AUDITADO,0,0.0,16.666667,,0,SEM_POCOS_NO_CONJUNTO_AUDITADO,0,0.0,16.666667,,0,SEM_POCOS_NO_CONJUNTO_AUDITADO,0,0.0,16.666667,,0,SEM_POCOS_NO_CONJUNTO_AUDITADO,0,0.0,16.666667,,0,SEM_POCOS_NO_CONJUNTO_AUDITADO,0,0.0,16.666667,,SCALE_PRIMARY_O00_V1,2026-08-29,PIH_MS_V2.5_ESTABILIDADE_SENSIBILIDADE_V1,False,False
SCALE-500-O00-00598,500,O00,492.61471118538714,0,20,2,1,MULTIPLAS_UNIDADES_SUPERFICIAIS,Grupo Bauru,Granular (Gr),0,SEM_POCOS_NO_CONJUNTO_AUDITADO,0,0.0,0.0,,0,SEM_POCOS_NO_CONJUNTO_AUDITADO,0,0.0,0.0,,0,SEM_POCOS_NO_CONJUNTO_AUDITADO,0,0.0,0.0,,0,SEM_POCOS_NO_CONJUNTO_AUDITADO,0,0.0,0.0,,0,SEM_POCOS_NO_CONJUNTO_AUDITADO,0,0.0,0.0,,SCALE_PRIMARY_O00_V1,2026-08-29,PIH_MS_V2.5_ESTABILIDADE_SENSIBILIDADE_V1,False,False
SCALE-500-O00-00599,500,O00,239.06640007206744,13,9,2,2,MULTIPLAS_UNIDADES_SUPERFICIAIS,Grupo Bauru,Granular (Gr),2,EVIDENCIA_DIRETA_PRESENTE,9,33.333333,44.444444,Q01_R03=13|Q01_R05=13|Q01_R06=12|Q01_R02=4|Q01_R04=2,2,EVIDENCIA_DIRETA_PRESENTE,7,33.333333,44.444444,Q02_R02=13|Q02_R06=13|Q02_R07=13|Q02_R08=13|Q02_R03=12,2,EVIDENCIA_DIRETA_PRESENTE,7,22.222222,33.333333,Q03_R02=13|Q03_R07=13|Q03_R08=13|Q03_R03=12|Q03_R05=12,2,EVIDENCIA_DIRETA_PRESENTE,11,33.333333,44.444444,Q04_R03=13|Q04_R04=13|Q04_R05=12|Q04_R02=2|Q04_R06=1,2,EVIDENCIA_DIRETA_PRESENTE,6,33.333333,44.444444,Q05_R02=13|Q05_R04=13|Q05_R06=13|Q05_R07=13|Q05_R05=12,SCALE_PRIMARY_O00_V1,2026-08-29,PIH_MS_V2.5_ESTABILIDADE_SENSIBILIDADE_V1,False,False
SCALE-500-O00-00600,500,O00,90.6971461204899,0,3,2,2,MULTIPLAS_UNIDADES_SUPERFICIAIS,Grupo Bauru,Granular (Gr),0,SEM_POCOS_NO_CONJUNTO_AUDITADO,0,0.0,0.0,,0,SEM_POCOS_NO_CONJUNTO_AUDITADO,0,0.0,0.0,,0,SEM_POCOS_NO_CONJUNTO_AUDITADO,0,0.0,0.0,,0,SEM_POCOS_NO_CONJUNTO_AUDITADO,0,0.0,0.0,,0,SEM_POCOS_NO_CONJUNTO_AUDITADO,0,0.0,0.0,,SCALE_PRIMARY_O00_V1,2026-08-29,PIH_MS_V2.5_ESTABILIDADE_SENSIBILIDADE_V1,False,False
SCALE-500-O00-00601,500,O00,128.07692432855106,0,6,2,1,MULTIPLAS_UNIDADES_SUPERFICIAIS,Formação Pantanal,Granular (Gr),0,SEM_POCOS_NO_CONJUNTO_AUDITADO,0,83.333333,83.333333,,0,SEM_POCOS_NO_CONJUNTO_AUDITADO,0,83.333333,83.333333,,0,SEM_POCOS_NO_CONJUNTO_AUDITADO,0,83.333333,83.333333,,0,SEM_POCOS_NO_CONJUNTO_AUDITADO,0,83.333333,83.333333,,0,SEM_POCOS_NO_CONJUNTO_AUDITADO,0,83.333333,83.333333,,SCALE_PRIMARY_O00_V1,2026-08-29,PIH_MS_V2.5_ESTABILIDADE_SENSIBILIDADE_V1,False,False
SCALE-500-O00-00602,500,O00,499.9999999999812,0,16,2,1,MULTIPLAS_UNIDADES_SUPERFICIAIS,Depósitos aluvionares,Granular (Gr),0,SEM_POCOS_NO_CONJUNTO_AUDITADO,0,43.75,75.0,,0,SEM_POCOS_NO_CONJUNTO_AUDITADO,0,43.75,75.0,,0,SEM_POCOS_NO_CONJUNTO_AUDITADO,0,43.75,75.0,,0,SEM_POCOS_NO_CONJUNTO_AUDITADO,0,43.75,75.0,,0,SEM_POCOS_NO_CONJUNTO_AUDITADO,0,43.75,75.0,,SCALE_PRIMARY_O00_V1,2026-08-29,PIH_MS_V2.5_ESTABILIDADE_SENSIBILIDADE_V1,False,False
SCALE-500-O00-00603,500,O00,499.9999999999812,0,19,1,1,UMA_UNIDADE_SUPERFICIAL,Depósitos aluvionares,Granular (Gr),0,SEM_POCOS_NO_CONJUNTO_AUDITADO,0,78.947368,94.736842,,0,SEM_POCOS_NO_CONJUNTO_AUDITADO,0,78.947368,94.736842,,0,SEM_POCOS_NO_CONJUNTO_AUDITADO,0,78.947368,94.736842,,0,SEM_POCOS_NO_CONJUNTO_AUDITADO,0,78.947368,94.736842,,0,SEM_POCOS_NO_CONJUNTO_AUDITADO,0,78.947368,94.736842,,SCALE_PRIMARY_O00_V1,2026-08-29,PIH_MS_V2.5_ESTABILIDADE_SENSIBILIDADE_V1,False,False
SCALE-500-O00-00604,500,O00,499.9999999999812,0,21,1,1,UMA_UNIDADE_SUPERFICIAL,Depósitos aluvionares,Granular (Gr),0,SEM_POCOS_NO_CONJUNTO_AUDITADO,0,100.0,100.0,,0,SEM_POCOS_NO_CONJUNTO_AUDITADO,0,100.0,100.0,,0,SEM_POCOS_NO_CONJUNTO_AUDITADO,0,100.0,100.0,,0,SEM_POCOS_NO_CONJUNTO_AUDITADO,0,100.0,100.0,,0,SEM_POCOS_NO_CONJUNTO_AUDITADO,0,100.0,100.0,,SCALE_PRIMARY_O00_V1,2026-08-29,PIH_MS_V2.5_ESTABILIDADE_SENSIBILIDADE_V1,False,False
SCALE-500-O00-00605,500,O00,499.9999999999812,0,21,2,1,MULTIPLAS_UNIDADES_SUPERFICIAIS,Depósitos aluvionares,Granular (Gr),0,SEM_POCOS_NO_CONJUNTO_AUDITADO,0,100.0,100.0,,0,SEM_POCOS_NO_CONJUNTO_AUDITADO,0,100.0,100.0,,0,SEM_POCOS_NO_CONJUNTO_AUDITADO,0,100.0,100.0,,0,SEM_POCOS_NO_CONJUNTO_AUDITADO,0,100.0,100.0,,0,SEM_POCOS_NO_CONJUNTO_AUDITADO,0,100.0,100.0,,SCALE_PRIMARY_O00_V1,2026-08-29,PIH_MS_V2.5_ESTABILIDADE_SENSIBILIDADE_V1,False,False
SCALE-500-O00-00606,500,O00,499.9999999999812,0,21,1,1,UMA_UNIDADE_SUPERFICIAL,Formação Pantanal,Granular (Gr),0,SEM_POCOS_NO_CONJUNTO_AUDITADO,0,100.0,100.0,,0,SEM_POCOS_NO_CONJUNTO_AUDITADO,0,100.0,100.0,,0,SEM_POCOS_NO_CONJUNTO_AUDITADO,0,100.0,100.0,,0,SEM_POCOS_NO_CONJUNTO_AUDITADO,0,100.0,100.0,,0,SEM_POCOS_NO_CONJUNTO_AUDITADO,0,100.0,100.0,,SCALE_PRIMARY_O00_V1,2026-08-29,PIH_MS_V2.5_ESTABILIDADE_SENSIBILIDADE_V1,False,False
SCALE-500-O00-00607,500,O00,499.9999999999812,0,19,1,1,UMA_UNIDADE_SUPERFICIAL,Formação Pantanal,Granular (Gr),0,SEM_POCOS_NO_CONJUNTO_AUDITADO,0,100.0,100.0,,0,SEM_POCOS_NO_CONJUNTO_AUDITADO,0,100.0,100.0,,0,SEM_POCOS_NO_CONJUNTO_AUDITADO,0,100.0,100.0,,0,SEM_POCOS_NO_CONJUNTO_AUDITADO,0,100.0,100.0,,0,SEM_POCOS_NO_CONJUNTO_AUDITADO,0,100.0,100.0,,SCALE_PRIMARY_O00_V1,2026-08-29,PIH_MS_V2.5_ESTABILIDADE_SENSIBILIDADE_V1,False,False
SCALE-500-O00-00608,500,O00,499.9999999999812,0,16,1,1,UMA_UNIDADE_SUPERFICIAL,Formação Pantanal,Granular (Gr),0,SEM_POCOS_NO_CONJUNTO_AUDITADO,0,100.0,100.0,,0,SEM_POCOS_NO_CONJUNTO_AUDITADO,0,100.0,100.0,,0,SEM_POCOS_NO_CONJUNTO_AUDITADO,0,100.0,100.0,,0,SEM_POCOS_NO_CONJUNTO_AUDITADO,0,100.0,100.0,,0,SEM_POCOS_NO_CONJUNTO_AUDITADO,0,100.0,100.0,,SCALE_PRIMARY_O00_V1,2026-08-29,PIH_MS_V2.5_ESTABILIDADE_SENSIBILIDADE_V1,False,False
SCALE-500-O00-00609,500,O00,499.9999999999812,0,21,1,1,UMA_UNIDADE_SUPERFICIAL,Formação Pantanal,Granular (Gr),0,SEM_POCOS_NO_CONJUNTO_AUDITADO,0,100.0,100.0,,0,SEM_POCOS_NO_CONJUNTO_AUDITADO,0,100.0,100.0,,0,SEM_POCOS_NO_CONJUNTO_AUDITADO,0,100.0,100.0,,0,SEM_POCOS_NO_CONJUNTO_AUDITADO,0,100.0,100.0,,0,SEM_POCOS_NO_CONJUNTO_AUDITADO,0,100.0,100.0,,SCALE_PRIMARY_O00_V1,2026-08-29,PIH_MS_V2.5_ESTABILIDADE_SENSIBILIDADE_V1,False,False
SCALE-500-O00-00610,500,O00,499.9999999999812,0,21,1,1,UMA_UNIDADE_SUPERFICIAL,Formação Pantanal,Granular (Gr),0,SEM_POCOS_NO_CONJUNTO_AUDITADO,0,100.0,100.0,,0,SEM_POCOS_NO_CONJUNTO_AUDITADO,0,100.0,100.0,,0,SEM_POCOS_NO_CONJUNTO_AUDITADO,0,100.0,100.0,,0,SEM_POCOS_NO_CONJUNTO_AUDITADO,0,100.0,100.0,,0,SEM_POCOS_NO_CONJUNTO_AUDITADO,0,100.0,100.0,,SCALE_PRIMARY_O00_V1,2026-08-29,PIH_MS_V2.5_ESTABILIDADE_SENSIBILIDADE_V1,False,False
SCALE-500-O00-00611,500,O00,499.9999999999812,0,21,1,1,UMA_UNIDADE_SUPERFICIAL,Formação Pantanal,Granular (Gr),0,SEM_POCOS_NO_CONJUNTO_AUDITADO,0,100.0,100.0,,0,SEM_POCOS_NO_CONJUNTO_AUDITADO,0,100.0,100.0,,0,SEM_POCOS_NO_CONJUNTO_AUDITADO,0,100.0,100.0,,0,SEM_POCOS_NO_CONJUNTO_AUDITADO,0,100.0,100.0,,0,SEM_POCOS_NO_CONJUNTO_AUDITADO,0,100.0,100.0,,SCALE_PRIMARY_O00_V1,2026-08-29,PIH_MS_V2.5_ESTABILIDADE_SENSIBILIDADE_V1,False,False
SCALE-500-O00-00612,500,O00,499.9999999999812,0,20,2,1,MULTIPLAS_UNIDADES_SUPERFICIAIS,Formação Pantanal,Granular (Gr),0,SEM_POCOS_NO_CONJUNTO_AUDITADO,0,90.0,100.0,,0,SEM_POCOS_NO_CONJUNTO_AUDITADO,0,90.0,100.0,,0,SEM_POCOS_NO_CONJUNTO_AUDITADO,0,90.0,100.0,,0,SEM_POCOS_NO_CONJUNTO_AUDITADO,0,90.0,100.0,,0,SEM_POCOS_NO_CONJUNTO_AUDITADO,0,90.0,100.0,,SCALE_PRIMARY_O00_V1,2026-08-29,PIH_MS_V2.5_ESTABILIDADE_SENSIBILIDADE_V1,False,False
SCALE-500-O00-00613,500,O00,499.9999999999812,0,16,4,2,MULTIPLAS_UNIDADES_SUPERFICIAIS,Formação Pantanal,Granular (Gr),0,SEM_POCOS_NO_CONJUNTO_AUDITADO,0,12.5,100.0,,0,SEM_POCOS_NO_CONJUNTO_AUDITADO,0,12.5,100.0,,0,SEM_POCOS_NO_CONJUNTO_AUDITADO,0,12.5,100.0,,0,SEM_POCOS_NO_CONJUNTO_AUDITADO,0,12.5,100.0,,0,SEM_POCOS_NO_CONJUNTO_AUDITADO,0,12.5,100.0,,SCALE_PRIMARY_O00_V1,2026-08-29,PIH_MS_V2.5_ESTABILIDADE_SENSIBILIDADE_V1,False,False
SCALE-500-O00-00614,500,O00,499.9999999999812,34,21,3,1,MULTIPLAS_UNIDADES_SUPERFICIAIS,Formação Furnas,Granular (Gr),2,EVIDENCIA_DIRETA_PRESENTE,33,38.095238,57.142857,Q01_R03=34|Q01_R05=34|Q01_R06=5|Q01_R02=1|Q01_R04=1,2,EVIDENCIA_DIRETA_PRESENTE,33,38.095238,57.142857,Q02_R02=34|Q02_R06=34|Q02_R08=34|Q02_R07=33|Q02_R04=17,2,EVIDENCIA_DIRETA_PRESENTE,13,33.333333,57.142857,Q03_R02=34|Q03_R07=34|Q03_R08=34|Q03_R05=31|Q03_R06=23,2,EVIDENCIA_DIRETA_PRESENTE,33,38.095238,57.142857,Q04_R03=34|Q04_R04=34|Q04_R05=5|Q04_R02=1,2,EVIDENCIA_DIRETA_PRESENTE,23,9.52381,42.857143,Q05_R02=34|Q05_R04=34|Q05_R06=34|Q05_R07=34|Q05_R03=11,SCALE_PRIMARY_O00_V1,2026-08-29,PIH_MS_V2.5_ESTABILIDADE_SENSIBILIDADE_V1,False,False
SCALE-500-O00-00615,500,O00,499.9999999999812,1,21,2,1,MULTIPLAS_UNIDADES_SUPERFICIAIS,Formação Aquidauana,Granular (Gr),1,POCOS_SEM_EVIDENCIA_DIRETA_DA_PERGUNTA,0,0.0,57.142857,Q01_R02=1|Q01_R03=1|Q01_R04=1|Q01_R05=1|Q01_R06=1,1,POCOS_SEM_EVIDENCIA_DIRETA_DA_PERGUNTA,0,0.0,57.142857,Q02_R02=1|Q02_R03=1|Q02_R04=1|Q02_R05=1|Q02_R06=1,1,POCOS_SEM_EVIDENCIA_DIRETA_DA_PERGUNTA,0,0.0,61.904762,Q03_R02=1|Q03_R03=1|Q03_R04=1|Q03_R05=1|Q03_R06=1,1,POCOS_SEM_EVIDENCIA_DIRETA_DA_PERGUNTA,0,0.0,57.142857,Q04_R02=1|Q04_R03=1|Q04_R04=1|Q04_R05=1,1,POCOS_SEM_EVIDENCIA_DIRETA_DA_PERGUNTA,0,0.0,57.142857,Q05_R02=1|Q05_R03=1|Q05_R04=1|Q05_R05=1|Q05_R06=1,SCALE_PRIMARY_O00_V1,2026-08-29,PIH_MS_V2.5_ESTABILIDADE_SENSIBILIDADE_V1,False,False
SCALE-500-O00-00616,500,O00,499.9999999999812,4,21,2,1,MULTIPLAS_UNIDADES_SUPERFICIAIS,Formação Botucatu,Granular (Gr),2,EVIDENCIA_DIRETA_PRESENTE,2,19.047619,61.904762,Q01_R03=4|Q01_R05=4|Q01_R06=3|Q01_R02=2|Q01_R04=2,2,EVIDENCIA_DIRETA_PRESENTE,2,19.047619,61.904762,Q02_R02=4|Q02_R04=4|Q02_R06=4|Q02_R07=4|Q02_R08=4,2,EVIDENCIA_DIRETA_PRESENTE,2,19.047619,61.904762,Q03_R02=4|Q03_R07=4|Q03_R08=4|Q03_R03=3|Q03_R05=3,2,EVIDENCIA_DIRETA_PRESENTE,2,19.047619,61.904762,Q04_R03=4|Q04_R04=4|Q04_R05=3|Q04_R02=2,2,EVIDENCIA_DIRETA_PRESENTE,1,9.52381,61.904762,Q05_R02=4|Q05_R04=4|Q05_R06=4|Q05_R07=4|Q05_R05=3,SCALE_PRIMARY_O00_V1,2026-08-29,PIH_MS_V2.5_ESTABILIDADE_SENSIBILIDADE_V1,False,False
SCALE-500-O00-00617,500,O00,499.9999999999812,0,20,2,1,MULTIPLAS_UNIDADES_SUPERFICIAIS,Formação Botucatu,Granular (Gr),0,SEM_POCOS_NO_CONJUNTO_AUDITADO,0,65.0,75.0,,0,SEM_POCOS_NO_CONJUNTO_AUDITADO,0,65.0,75.0,,0,SEM_POCOS_NO_CONJUNTO_AUDITADO,0,65.0,75.0,,0,SEM_POCOS_NO_CONJUNTO_AUDITADO,0,65.0,75.0,,0,SEM_POCOS_NO_CONJUNTO_AUDITADO,0,65.0,75.0,,SCALE_PRIMARY_O00_V1,2026-08-29,PIH_MS_V2.5_ESTABILIDADE_SENSIBILIDADE_V1,False,False
SCALE-500-O00-00618,500,O00,499.9999999999812,3,16,2,1,MULTIPLAS_UNIDADES_SUPERFICIAIS,Grupo Caiuá,Granular (Gr),2,EVIDENCIA_DIRETA_PRESENTE,3,25.0,6.25,Q01_R03=3|Q01_R05=3|Q01_R06=2,2,EVIDENCIA_DIRETA_PRESENTE,3,25.0,6.25,Q02_R02=3|Q02_R06=3|Q02_R07=3|Q02_R08=3|Q02_R03=2,2,EVIDENCIA_DIRETA_PRESENTE,1,6.25,0.0,Q03_R02=3|Q03_R05=3|Q03_R07=3|Q03_R08=3|Q03_R03=2,2,EVIDENCIA_DIRETA_PRESENTE,3,25.0,6.25,Q04_R03=3|Q04_R04=3|Q04_R05=2,2,EVIDENCIA_DIRETA_PRESENTE,2,18.75,6.25,Q05_R02=3|Q05_R04=3|Q05_R06=3|Q05_R07=3|Q05_R05=2,SCALE_PRIMARY_O00_V1,2026-08-29,PIH_MS_V2.5_ESTABILIDADE_SENSIBILIDADE_V1,False,False
SCALE-500-O00-00619,500,O00,499.9999999999812,1,21,1,1,UMA_UNIDADE_SUPERFICIAL,Grupo Caiuá,Granular (Gr),2,EVIDENCIA_DIRETA_PRESENTE,1,0.0,9.52381,Q01_R03=1|Q01_R05=1|Q01_R06=1,2,EVIDENCIA_DIRETA_PRESENTE,1,0.0,9.52381,Q02_R02=1|Q02_R03=1|Q02_R04=1|Q02_R06=1|Q02_R07=1,2,EVIDENCIA_DIRETA_PRESENTE,1,0.0,4.761905,Q03_R02=1|Q03_R03=1|Q03_R07=1|Q03_R08=1,2,EVIDENCIA_DIRETA_PRESENTE,1,0.0,9.52381,Q04_R03=1|Q04_R04=1|Q04_R05=1,2,EVIDENCIA_DIRETA_PRESENTE,1,0.0,9.52381,Q05_R02=1|Q05_R04=1|Q05_R05=1|Q05_R06=1|Q05_R07=1,SCALE_PRIMARY_O00_V1,2026-08-29,PIH_MS_V2.5_ESTABILIDADE_SENSIBILIDADE_V1,False,False
SCALE-500-O00-00620,500,O00,499.9999999999812,0,21,1,1,UMA_UNIDADE_SUPERFICIAL,Grupo Caiuá,Granular (Gr),0,SEM_POCOS_NO_CONJUNTO_AUDITADO,0,52.380952,61.904762,,0,SEM_POCOS_NO_CONJUNTO_AUDITADO,0,52.380952,61.904762,,0,SEM_POCOS_NO_CONJUNTO_AUDITADO,0,52.380952,61.904762,,0,SEM_POCOS_NO_CONJUNTO_AUDITADO,0,52.380952,61.904762,,0,SEM_POCOS_NO_CONJUNTO_AUDITADO,0,52.380952,61.904762,,SCALE_PRIMARY_O00_V1,2026-08-29,PIH_MS_V2.5_ESTABILIDADE_SENSIBILIDADE_V1,False,False
SCALE-500-O00-00621,500,O00,499.9999999999812,0,21,2,2,MULTIPLAS_UNIDADES_SUPERFICIAIS,Grupo Caiuá,Granular (Gr),0,SEM_POCOS_NO_CONJUNTO_AUDITADO,0,19.047619,0.0,,0,SEM_POCOS_NO_CONJUNTO_AUDITADO,0,19.047619,0.0,,0,SEM_POCOS_NO_CONJUNTO_AUDITADO,0,19.047619,0.0,,0,SEM_POCOS_NO_CONJUNTO_AUDITADO,0,19.047619,0.0,,0,SEM_POCOS_NO_CONJUNTO_AUDITADO,0,19.047619,0.0,,SCALE_PRIMARY_O00_V1,2026-08-29,PIH_MS_V2.5_ESTABILIDADE_SENSIBILIDADE_V1,False,False
SCALE-500-O00-00622,500,O00,499.9999999999812,11,21,2,2,MULTIPLAS_UNIDADES_SUPERFICIAIS,Grupo Caiuá,Granular (Gr),2,EVIDENCIA_DIRETA_PRESENTE,7,76.190476,100.0,Q01_R03=11|Q01_R05=11|Q01_R06=10|Q01_R02=4|Q01_R04=2,2,EVIDENCIA_DIRETA_PRESENTE,7,76.190476,100.0,Q02_R02=11|Q02_R06=11|Q02_R07=11|Q02_R08=11|Q02_R03=10,2,EVIDENCIA_DIRETA_PRESENTE,6,33.333333,85.714286,Q03_R02=11|Q03_R07=11|Q03_R08=11|Q03_R03=10|Q03_R05=9,2,EVIDENCIA_DIRETA_PRESENTE,9,76.190476,100.0,Q04_R03=11|Q04_R04=11|Q04_R05=10|Q04_R02=2,2,EVIDENCIA_DIRETA_PRESENTE,6,66.666667,90.47619,Q05_R02=11|Q05_R04=11|Q05_R06=11|Q05_R07=11|Q05_R05=10,SCALE_PRIMARY_O00_V1,2026-08-29,PIH_MS_V2.5_ESTABILIDADE_SENSIBILIDADE_V1,False,False
SCALE-500-O00-00623,500,O00,499.9999999999812,7,16,3,2,MULTIPLAS_UNIDADES_SUPERFICIAIS,Grupo Caiuá,Granular (Gr),2,EVIDENCIA_DIRETA_PRESENTE,2,31.25,100.0,Q01_R03=7|Q01_R05=7|Q01_R06=7|Q01_R02=5|Q01_R04=5,2,EVIDENCIA_DIRETA_PRESENTE,2,31.25,100.0,Q02_R02=7|Q02_R03=7|Q02_R04=7|Q02_R05=7|Q02_R06=7,2,EVIDENCIA_DIRETA_PRESENTE,2,25.0,87.5,Q03_R02=7|Q03_R03=7|Q03_R05=7|Q03_R07=7|Q03_R08=7,2,EVIDENCIA_DIRETA_PRESENTE,2,31.25,100.0,Q04_R03=7|Q04_R04=7|Q04_R05=7|Q04_R02=5,1,POCOS_SEM_EVIDENCIA_DIRETA_DA_PERGUNTA,0,0.0,0.0,Q05_R02=7|Q05_R03=7|Q05_R04=7|Q05_R05=7|Q05_R06=7,SCALE_PRIMARY_O00_V1,2026-08-29,PIH_MS_V2.5_ESTABILIDADE_SENSIBILIDADE_V1,False,False
SCALE-500-O00-00624,500,O00,499.9999999999812,3,21,3,2,MULTIPLAS_UNIDADES_SUPERFICIAIS,Grupo Caiuá,Granular (Gr),2,EVIDENCIA_DIRETA_PRESENTE,1,9.52381,100.0,Q01_R03=3|Q01_R05=3|Q01_R06=3|Q01_R02=2|Q01_R04=2,2,EVIDENCIA_DIRETA_PRESENTE,1,9.52381,100.0,Q02_R02=3|Q02_R03=3|Q02_R06=3|Q02_R07=3|Q02_R08=3,1,POCOS_SEM_EVIDENCIA_DIRETA_DA_PERGUNTA,0,0.0,9.52381,Q03_R02=3|Q03_R03=3|Q03_R04=3|Q03_R05=3|Q03_R06=3,2,EVIDENCIA_DIRETA_PRESENTE,1,9.52381,100.0,Q04_R03=3|Q04_R04=3|Q04_R05=3|Q04_R02=2,2,EVIDENCIA_DIRETA_PRESENTE,1,9.52381,19.047619,Q05_R02=3|Q05_R04=3|Q05_R05=3|Q05_R06=3|Q05_R07=3,SCALE_PRIMARY_O00_V1,2026-08-29,PIH_MS_V2.5_ESTABILIDADE_SENSIBILIDADE_V1,False,False
SCALE-500-O00-00625,500,O00,455.47414876690993,3,19,4,2,MULTIPLAS_UNIDADES_SUPERFICIAIS,Grupo Caiuá,Granular (Gr),2,EVIDENCIA_DIRETA_PRESENTE,3,36.842105,89.473684,Q01_R03=3|Q01_R05=3|Q01_R06=2,2,EVIDENCIA_DIRETA_PRESENTE,3,36.842105,89.473684,Q02_R02=3|Q02_R06=3|Q02_R07=3|Q02_R08=3|Q02_R03=2,2,EVIDENCIA_DIRETA_PRESENTE,2,26.315789,63.157895,Q03_R02=3|Q03_R05=3|Q03_R07=3|Q03_R08=3|Q03_R03=2,2,EVIDENCIA_DIRETA_PRESENTE,3,36.842105,89.473684,Q04_R03=3|Q04_R04=3|Q04_R05=2,2,EVIDENCIA_DIRETA_PRESENTE,1,5.263158,5.263158,Q05_R02=3|Q05_R04=3|Q05_R06=3|Q05_R07=3|Q05_R03=2,SCALE_PRIMARY_O00_V1,2026-08-29,PIH_MS_V2.5_ESTABILIDADE_SENSIBILIDADE_V1,False,False
SCALE-500-O00-00626,500,O00,198.51206564173123,2,9,4,2,MULTIPLAS_UNIDADES_SUPERFICIAIS,Grupo Bauru,Granular (Gr),2,EVIDENCIA_DIRETA_PRESENTE,2,22.222222,33.333333,Q01_R03=2|Q01_R05=2,2,EVIDENCIA_DIRETA_PRESENTE,2,22.222222,33.333333,Q02_R02=2|Q02_R04=2|Q02_R05=2|Q02_R06=2|Q02_R07=2,2,EVIDENCIA_DIRETA_PRESENTE,2,22.222222,33.333333,Q03_R02=2|Q03_R05=2|Q03_R07=2|Q03_R08=2,2,EVIDENCIA_DIRETA_PRESENTE,2,22.222222,33.333333,Q04_R03=2|Q04_R04=2,1,POCOS_SEM_EVIDENCIA_DIRETA_DA_PERGUNTA,0,11.111111,33.333333,Q05_R02=2|Q05_R03=2|Q05_R04=2|Q05_R06=2|Q05_R07=2,SCALE_PRIMARY_O00_V1,2026-08-29,PIH_MS_V2.5_ESTABILIDADE_SENSIBILIDADE_V1,False,False
SCALE-500-O00-00627,500,O00,7.069596798225192,0,0,0,0,UNKNOWN_SEM_CONTEXTO_CLASSIFICADO,,,0,SEM_POCOS_NO_CONJUNTO_AUDITADO,0,,,,0,SEM_POCOS_NO_CONJUNTO_AUDITADO,0,,,,0,SEM_POCOS_NO_CONJUNTO_AUDITADO,0,,,,0,SEM_POCOS_NO_CONJUNTO_AUDITADO,0,,,,0,SEM_POCOS_NO_CONJUNTO_AUDITADO,0,,,,SCALE_PRIMARY_O00_V1,2026-08-29,PIH_MS_V2.5_ESTABILIDADE_SENSIBILIDADE_V1,False,False
SCALE-500-O00-00628,500,O00,341.27557059917626,0,13,2,2,MULTIPLAS_UNIDADES_SUPERFICIAIS,Formação Pantanal,Granular (Gr),0,SEM_POCOS_NO_CONJUNTO_AUDITADO,0,100.0,100.0,,0,SEM_POCOS_NO_CONJUNTO_AUDITADO,0,100.0,100.0,,0,SEM_POCOS_NO_CONJUNTO_AUDITADO,0,100.0,100.0,,0,SEM_POCOS_NO_CONJUNTO_AUDITADO,0,100.0,100.0,,0,SEM_POCOS_NO_CONJUNTO_AUDITADO,0,100.0,100.0,,SCALE_PRIMARY_O00_V1,2026-08-29,PIH_MS_V2.5_ESTABILIDADE_SENSIBILIDADE_V1,False,False
SCALE-500-O00-00629,500,O00,499.9999999999812,0,21,3,2,MULTIPLAS_UNIDADES_SUPERFICIAIS,Depósitos aluvionares,Granular (Gr),0,SEM_POCOS_NO_CONJUNTO_AUDITADO,0,100.0,100.0,,0,SEM_POCOS_NO_CONJUNTO_AUDITADO,0,100.0,100.0,,0,SEM_POCOS_NO_CONJUNTO_AUDITADO,0,100.0,100.0,,0,SEM_POCOS_NO_CONJUNTO_AUDITADO,0,100.0,100.0,,0,SEM_POCOS_NO_CONJUNTO_AUDITADO,0,100.0,100.0,,SCALE_PRIMARY_O00_V1,2026-08-29,PIH_MS_V2.5_ESTABILIDADE_SENSIBILIDADE_V1,False,False
SCALE-500-O00-00630,500,O00,499.9999999999812,0,20,2,1,MULTIPLAS_UNIDADES_SUPERFICIAIS,Depósitos aluvionares,Granular (Gr),0,SEM_POCOS_NO_CONJUNTO_AUDITADO,0,100.0,100.0,,0,SEM_POCOS_NO_CONJUNTO_AUDITADO,0,100.0,100.0,,0,SEM_POCOS_NO_CONJUNTO_AUDITADO,0,100.0,100.0,,0,SEM_POCOS_NO_CONJUNTO_AUDITADO,0,100.0,100.0,,0,SEM_POCOS_NO_CONJUNTO_AUDITADO,0,100.0,100.0,,SCALE_PRIMARY_O00_V1,2026-08-29,PIH_MS_V2.5_ESTABILIDADE_SENSIBILIDADE_V1,False,False
SCALE-500-O00-00631,500,O00,499.9999999999812,0,17,2,1,MULTIPLAS_UNIDADES_SUPERFICIAIS,Depósitos aluvionares,Granular (Gr),0,SEM_POCOS_NO_CONJUNTO_AUDITADO,0,100.0,100.0,,0,SEM_POCOS_NO_CONJUNTO_AUDITADO,0,100.0,100.0,,0,SEM_POCOS_NO_CONJUNTO_AUDITADO,0,100.0,100.0,,0,SEM_POCOS_NO_CONJUNTO_AUDITADO,0,100.0,100.0,,0,SEM_POCOS_NO_CONJUNTO_AUDITADO,0,100.0,100.0,,SCALE_PRIMARY_O00_V1,2026-08-29,PIH_MS_V2.5_ESTABILIDADE_SENSIBILIDADE_V1,False,False
SCALE-500-O00-00632,500,O00,499.9999999999812,0,20,1,1,UMA_UNIDADE_SUPERFICIAL,Depósitos aluvionares,Granular (Gr),0,SEM_POCOS_NO_CONJUNTO_AUDITADO,0,100.0,100.0,,0,SEM_POCOS_NO_CONJUNTO_AUDITADO,0,100.0,100.0,,0,SEM_POCOS_NO_CONJUNTO_AUDITADO,0,100.0,100.0,,0,SEM_POCOS_NO_CONJUNTO_AUDITADO,0,100.0,100.0,,0,SEM_POCOS_NO_CONJUNTO_AUDITADO,0,100.0,100.0,,SCALE_PRIMARY_O00_V1,2026-08-29,PIH_MS_V2.5_ESTABILIDADE_SENSIBILIDADE_V1,False,False
SCALE-500-O00-00633,500,O00,499.9999999999812,0,20,2,1,MULTIPLAS_UNIDADES_SUPERFICIAIS,Formação Pantanal,Granular (Gr),0,SEM_POCOS_NO_CONJUNTO_AUDITADO,0,100.0,100.0,,0,SEM_POCOS_NO_CONJUNTO_AUDITADO,0,100.0,100.0,,0,SEM_POCOS_NO_CONJUNTO_AUDITADO,0,100.0,100.0,,0,SEM_POCOS_NO_CONJUNTO_AUDITADO,0,100.0,100.0,,0,SEM_POCOS_NO_CONJUNTO_AUDITADO,0,100.0,100.0,,SCALE_PRIMARY_O00_V1,2026-08-29,PIH_MS_V2.5_ESTABILIDADE_SENSIBILIDADE_V1,False,False
SCALE-500-O00-00634,500,O00,499.9999999999812,0,21,1,1,UMA_UNIDADE_SUPERFICIAL,Formação Pantanal,Granular (Gr),0,SEM_POCOS_NO_CONJUNTO_AUDITADO,0,100.0,100.0,,0,SEM_POCOS_NO_CONJUNTO_AUDITADO,0,100.0,100.0,,0,SEM_POCOS_NO_CONJUNTO_AUDITADO,0,100.0,100.0,,0,SEM_POCOS_NO_CONJUNTO_AUDITADO,0,100.0,100.0,,0,SEM_POCOS_NO_CONJUNTO_AUDITADO,0,100.0,100.0,,SCALE_PRIMARY_O00_V1,2026-08-29,PIH_MS_V2.5_ESTABILIDADE_SENSIBILIDADE_V1,False,False
SCALE-500-O00-00635,500,O00,499.9999999999812,0,20,1,1,UMA_UNIDADE_SUPERFICIAL,Formação Pantanal,Granular (Gr),0,SEM_POCOS_NO_CONJUNTO_AUDITADO,0,100.0,100.0,,0,SEM_POCOS_NO_CONJUNTO_AUDITADO,0,100.0,100.0,,0,SEM_POCOS_NO_CONJUNTO_AUDITADO,0,100.0,100.0,,0,SEM_POCOS_NO_CONJUNTO_AUDITADO,0,100.0,100.0,,0,SEM_POCOS_NO_CONJUNTO_AUDITADO,0,100.0,100.0,,SCALE_PRIMARY_O00_V1,2026-08-29,PIH_MS_V2.5_ESTABILIDADE_SENSIBILIDADE_V1,False,False
SCALE-500-O00-00636,500,O00,499.9999999999812,0,20,1,1,UMA_UNIDADE_SUPERFICIAL,Formação Pantanal,Granular (Gr),0,SEM_POCOS_NO_CONJUNTO_AUDITADO,0,100.0,100.0,,0,SEM_POCOS_NO_CONJUNTO_AUDITADO,0,100.0,100.0,,0,SEM_POCOS_NO_CONJUNTO_AUDITADO,0,100.0,100.0,,0,SEM_POCOS_NO_CONJUNTO_AUDITADO,0,100.0,100.0,,0,SEM_POCOS_NO_CONJUNTO_AUDITADO,0,100.0,100.0,,SCALE_PRIMARY_O00_V1,2026-08-29,PIH_MS_V2.5_ESTABILIDADE_SENSIBILIDADE_V1,False,False
SCALE-500-O00-00637,500,O00,499.9999999999812,0,18,1,1,UMA_UNIDADE_SUPERFICIAL,Formação Pantanal,Granular (Gr),0,SEM_POCOS_NO_CONJUNTO_AUDITADO,0,100.0,100.0,,0,SEM_POCOS_NO_CONJUNTO_AUDITADO,0,100.0,100.0,,0,SEM_POCOS_NO_CONJUNTO_AUDITADO,0,100.0,100.0,,0,SEM_POCOS_NO_CONJUNTO_AUDITADO,0,100.0,100.0,,0,SEM_POCOS_NO_CONJUNTO_AUDITADO,0,100.0,100.0,,SCALE_PRIMARY_O00_V1,2026-08-29,PIH_MS_V2.5_ESTABILIDADE_SENSIBILIDADE_V1,False,False
SCALE-500-O00-00638,500,O00,499.9999999999812,0,20,1,1,UMA_UNIDADE_SUPERFICIAL,Formação Pantanal,Granular (Gr),0,SEM_POCOS_NO_CONJUNTO_AUDITADO,0,100.0,100.0,,0,SEM_POCOS_NO_CONJUNTO_AUDITADO,0,100.0,100.0,,0,SEM_POCOS_NO_CONJUNTO_AUDITADO,0,100.0,100.0,,0,SEM_POCOS_NO_CONJUNTO_AUDITADO,0,100.0,100.0,,0,SEM_POCOS_NO_CONJUNTO_AUDITADO,0,100.0,100.0,,SCALE_PRIMARY_O00_V1,2026-08-29,PIH_MS_V2.5_ESTABILIDADE_SENSIBILIDADE_V1,False,False
SCALE-500-O00-00639,500,O00,499.9999999999812,0,21,2,1,MULTIPLAS_UNIDADES_SUPERFICIAIS,Formação Pantanal,Granular (Gr),0,SEM_POCOS_NO_CONJUNTO_AUDITADO,0,61.904762,100.0,,0,SEM_POCOS_NO_CONJUNTO_AUDITADO,0,61.904762,100.0,,0,SEM_POCOS_NO_CONJUNTO_AUDITADO,0,61.904762,100.0,,0,SEM_POCOS_NO_CONJUNTO_AUDITADO,0,61.904762,100.0,,0,SEM_POCOS_NO_CONJUNTO_AUDITADO,0,61.904762,100.0,,SCALE_PRIMARY_O00_V1,2026-08-29,PIH_MS_V2.5_ESTABILIDADE_SENSIBILIDADE_V1,False,False
SCALE-500-O00-00640,500,O00,499.9999999999812,1,20,4,2,MULTIPLAS_UNIDADES_SUPERFICIAIS,Formação Furnas,Granular (Gr),2,EVIDENCIA_DIRETA_PRESENTE,1,0.0,0.0,Q01_R03=1|Q01_R05=1,2,EVIDENCIA_DIRETA_PRESENTE,1,0.0,0.0,Q02_R02=1|Q02_R04=1|Q02_R05=1|Q02_R06=1|Q02_R07=1,2,EVIDENCIA_DIRETA_PRESENTE,1,0.0,0.0,Q03_R02=1|Q03_R05=1|Q03_R07=1|Q03_R08=1,2,EVIDENCIA_DIRETA_PRESENTE,1,0.0,0.0,Q04_R03=1|Q04_R04=1,1,POCOS_SEM_EVIDENCIA_DIRETA_DA_PERGUNTA,0,0.0,0.0,Q05_R02=1|Q05_R03=1|Q05_R04=1|Q05_R06=1|Q05_R07=1,SCALE_PRIMARY_O00_V1,2026-08-29,PIH_MS_V2.5_ESTABILIDADE_SENSIBILIDADE_V1,False,False
SCALE-500-O00-00641,500,O00,499.9999999999812,0,20,3,1,MULTIPLAS_UNIDADES_SUPERFICIAIS,Formação Aquidauana,Granular (Gr),0,SEM_POCOS_NO_CONJUNTO_AUDITADO,0,0.0,55.0,,0,SEM_POCOS_NO_CONJUNTO_AUDITADO,0,0.0,55.0,,0,SEM_POCOS_NO_CONJUNTO_AUDITADO,0,0.0,55.0,,0,SEM_POCOS_NO_CONJUNTO_AUDITADO,0,0.0,55.0,,0,SEM_POCOS_NO_CONJUNTO_AUDITADO,0,0.0,55.0,,SCALE_PRIMARY_O00_V1,2026-08-29,PIH_MS_V2.5_ESTABILIDADE_SENSIBILIDADE_V1,False,False
SCALE-500-O00-00642,500,O00,499.9999999999812,0,18,2,1,MULTIPLAS_UNIDADES_SUPERFICIAIS,Formação Aquidauana,Granular (Gr),0,SEM_POCOS_NO_CONJUNTO_AUDITADO,0,0.0,11.111111,,0,SEM_POCOS_NO_CONJUNTO_AUDITADO,0,0.0,11.111111,,0,SEM_POCOS_NO_CONJUNTO_AUDITADO,0,0.0,11.111111,,0,SEM_POCOS_NO_CONJUNTO_AUDITADO,0,0.0,11.111111,,0,SEM_POCOS_NO_CONJUNTO_AUDITADO,0,0.0,11.111111,,SCALE_PRIMARY_O00_V1,2026-08-29,PIH_MS_V2.5_ESTABILIDADE_SENSIBILIDADE_V1,False,False
SCALE-500-O00-00643,500,O00,499.9999999999812,0,20,2,1,MULTIPLAS_UNIDADES_SUPERFICIAIS,Grupo Caiuá,Granular (Gr),0,SEM_POCOS_NO_CONJUNTO_AUDITADO,0,10.0,5.0,,0,SEM_POCOS_NO_CONJUNTO_AUDITADO,0,10.0,5.0,,0,SEM_POCOS_NO_CONJUNTO_AUDITADO,0,10.0,5.0,,0,SEM_POCOS_NO_CONJUNTO_AUDITADO,0,10.0,5.0,,0,SEM_POCOS_NO_CONJUNTO_AUDITADO,0,10.0,5.0,,SCALE_PRIMARY_O00_V1,2026-08-29,PIH_MS_V2.5_ESTABILIDADE_SENSIBILIDADE_V1,False,False
SCALE-500-O00-00644,500,O00,499.9999999999812,0,21,1,1,UMA_UNIDADE_SUPERFICIAL,Grupo Caiuá,Granular (Gr),0,SEM_POCOS_NO_CONJUNTO_AUDITADO,0,90.47619,100.0,,0,SEM_POCOS_NO_CONJUNTO_AUDITADO,0,90.47619,100.0,,0,SEM_POCOS_NO_CONJUNTO_AUDITADO,0,90.47619,100.0,,0,SEM_POCOS_NO_CONJUNTO_AUDITADO,0,90.47619,100.0,,0,SEM_POCOS_NO_CONJUNTO_AUDITADO,0,90.47619,100.0,,SCALE_PRIMARY_O00_V1,2026-08-29,PIH_MS_V2.5_ESTABILIDADE_SENSIBILIDADE_V1,False,False
SCALE-500-O00-00645,500,O00,499.9999999999812,0,20,2,1,MULTIPLAS_UNIDADES_SUPERFICIAIS,Grupo Caiuá,Granular (Gr),0,SEM_POCOS_NO_CONJUNTO_AUDITADO,0,100.0,15.0,,0,SEM_POCOS_NO_CONJUNTO_AUDITADO,0,100.0,15.0,,0,SEM_POCOS_NO_CONJUNTO_AUDITADO,0,100.0,15.0,,0,SEM_POCOS_NO_CONJUNTO_AUDITADO,0,100.0,15.0,,0,SEM_POCOS_NO_CONJUNTO_AUDITADO,0,100.0,15.0,,SCALE_PRIMARY_O00_V1,2026-08-29,PIH_MS_V2.5_ESTABILIDADE_SENSIBILIDADE_V1,False,False
SCALE-500-O00-00646,500,O00,499.9999999999812,12,20,2,1,MULTIPLAS_UNIDADES_SUPERFICIAIS,Grupo Caiuá,Granular (Gr),2,EVIDENCIA_DIRETA_PRESENTE,12,5.0,10.0,Q01_R05=12|Q01_R03=11|Q01_R06=9,2,EVIDENCIA_DIRETA_PRESENTE,12,5.0,10.0,Q02_R02=12|Q02_R06=12|Q02_R08=12|Q02_R03=9|Q02_R07=9,2,EVIDENCIA_DIRETA_PRESENTE,8,5.0,10.0,Q03_R02=12|Q03_R07=12|Q03_R08=12|Q03_R03=9|Q03_R05=7,2,EVIDENCIA_DIRETA_PRESENTE,12,5.0,10.0,Q04_R03=12|Q04_R04=12|Q04_R05=9,2,EVIDENCIA_DIRETA_PRESENTE,9,5.0,10.0,Q05_R02=12|Q05_R04=12|Q05_R06=12|Q05_R07=12|Q05_R05=9,SCALE_PRIMARY_O00_V1,2026-08-29,PIH_MS_V2.5_ESTABILIDADE_SENSIBILIDADE_V1,False,False
SCALE-500-O00-00647,500,O00,499.9999999999812,0,18,2,2,MULTIPLAS_UNIDADES_SUPERFICIAIS,Grupo Caiuá,Granular (Gr),0,SEM_POCOS_NO_CONJUNTO_AUDITADO,0,50.0,27.777778,,0,SEM_POCOS_NO_CONJUNTO_AUDITADO,0,50.0,27.777778,,0,SEM_POCOS_NO_CONJUNTO_AUDITADO,0,50.0,27.777778,,0,SEM_POCOS_NO_CONJUNTO_AUDITADO,0,50.0,27.777778,,0,SEM_POCOS_NO_CONJUNTO_AUDITADO,0,50.0,27.777778,,SCALE_PRIMARY_O00_V1,2026-08-29,PIH_MS_V2.5_ESTABILIDADE_SENSIBILIDADE_V1,False,False
SCALE-500-O00-00648,500,O00,499.9999999999812,6,20,2,2,MULTIPLAS_UNIDADES_SUPERFICIAIS,Grupo Caiuá,Granular (Gr),2,EVIDENCIA_DIRETA_PRESENTE,4,30.0,100.0,Q01_R03=6|Q01_R05=6|Q01_R06=6|Q01_R02=2|Q01_R04=2,2,EVIDENCIA_DIRETA_PRESENTE,4,30.0,100.0,Q02_R02=6|Q02_R03=6|Q02_R06=6|Q02_R07=6|Q02_R08=6,2,EVIDENCIA_DIRETA_PRESENTE,2,5.0,5.0,Q03_R02=6|Q03_R03=6|Q03_R05=6|Q03_R07=6|Q03_R08=6,2,EVIDENCIA_DIRETA_PRESENTE,4,30.0,100.0,Q04_R03=6|Q04_R04=6|Q04_R05=6|Q04_R02=2,2,EVIDENCIA_DIRETA_PRESENTE,1,10.0,5.0,Q05_R02=6|Q05_R04=6|Q05_R05=6|Q05_R06=6|Q05_R07=6,SCALE_PRIMARY_O00_V1,2026-08-29,PIH_MS_V2.5_ESTABILIDADE_SENSIBILIDADE_V1,False,False
SCALE-500-O00-00649,500,O00,440.78657041877227,5,18,2,1,MULTIPLAS_UNIDADES_SUPERFICIAIS,Grupo Caiuá,Granular (Gr),2,EVIDENCIA_DIRETA_PRESENTE,4,50.0,100.0,Q01_R03=5|Q01_R05=5|Q01_R06=5|Q01_R02=1,2,EVIDENCIA_DIRETA_PRESENTE,4,50.0,100.0,Q02_R02=5|Q02_R03=5|Q02_R04=5|Q02_R06=5|Q02_R07=5,2,EVIDENCIA_DIRETA_PRESENTE,5,72.222222,94.444444,Q03_R02=5|Q03_R03=5|Q03_R07=5|Q03_R08=5|Q03_R05=4,2,EVIDENCIA_DIRETA_PRESENTE,5,72.222222,100.0,Q04_R03=5|Q04_R04=5|Q04_R05=5,2,EVIDENCIA_DIRETA_PRESENTE,1,16.666667,22.222222,Q05_R02=5|Q05_R04=5|Q05_R05=5|Q05_R06=5|Q05_R07=5,SCALE_PRIMARY_O00_V1,2026-08-29,PIH_MS_V2.5_ESTABILIDADE_SENSIBILIDADE_V1,False,False
SCALE-500-O00-00650,500,O00,362.55645064474203,41,15,2,1,MULTIPLAS_UNIDADES_SUPERFICIAIS,Formação Cachoeirinha,Granular (Gr),2,EVIDENCIA_DIRETA_PRESENTE,31,93.333333,100.0,Q01_R03=41|Q01_R05=41|Q01_R06=41|Q01_R02=10|Q01_R04=7,2,EVIDENCIA_DIRETA_PRESENTE,30,93.333333,100.0,Q02_R02=41|Q02_R03=41|Q02_R06=41|Q02_R07=41|Q02_R08=41,2,EVIDENCIA_DIRETA_PRESENTE,23,73.333333,100.0,Q03_R02=41|Q03_R03=41|Q03_R07=41|Q03_R08=41|Q03_R05=33,2,EVIDENCIA_DIRETA_PRESENTE,34,93.333333,100.0,Q04_R03=41|Q04_R04=41|Q04_R05=41|Q04_R02=7,2,EVIDENCIA_DIRETA_PRESENTE,19,33.333333,86.666667,Q05_R02=41|Q05_R04=41|Q05_R05=41|Q05_R06=41|Q05_R07=41,SCALE_PRIMARY_O00_V1,2026-08-29,PIH_MS_V2.5_ESTABILIDADE_SENSIBILIDADE_V1,False,False
SCALE-500-O00-00651,500,O00,226.59882010677427,7,8,2,1,MULTIPLAS_UNIDADES_SUPERFICIAIS,Formação Cachoeirinha,Granular (Gr),2,EVIDENCIA_DIRETA_PRESENTE,6,25.0,100.0,Q01_R03=7|Q01_R05=7|Q01_R06=7|Q01_R02=1|Q01_R04=1,2,EVIDENCIA_DIRETA_PRESENTE,6,25.0,100.0,Q02_R02=7|Q02_R03=7|Q02_R04=7|Q02_R05=7|Q02_R06=7,2,EVIDENCIA_DIRETA_PRESENTE,5,25.0,100.0,Q03_R02=7|Q03_R03=7|Q03_R05=7|Q03_R07=7|Q03_R08=7,2,EVIDENCIA_DIRETA_PRESENTE,6,25.0,100.0,Q04_R03=7|Q04_R04=7|Q04_R05=7|Q04_R02=1,1,POCOS_SEM_EVIDENCIA_DIRETA_DA_PERGUNTA,0,0.0,25.0,Q05_R02=7|Q05_R03=7|Q05_R04=7|Q05_R05=7|Q05_R06=7,SCALE_PRIMARY_O00_V1,2026-08-29,PIH_MS_V2.5_ESTABILIDADE_SENSIBILIDADE_V1,False,False
SCALE-500-O00-00652,500,O00,467.1801515038213,0,17,4,3,MULTIPLAS_UNIDADES_SUPERFICIAIS,Formação Pantanal,Granular (Gr),0,SEM_POCOS_NO_CONJUNTO_AUDITADO,0,100.0,100.0,,0,SEM_POCOS_NO_CONJUNTO_AUDITADO,0,100.0,100.0,,0,SEM_POCOS_NO_CONJUNTO_AUDITADO,0,100.0,100.0,,0,SEM_POCOS_NO_CONJUNTO_AUDITADO,0,100.0,100.0,,0,SEM_POCOS_NO_CONJUNTO_AUDITADO,0,100.0,100.0,,SCALE_PRIMARY_O00_V1,2026-08-29,PIH_MS_V2.5_ESTABILIDADE_SENSIBILIDADE_V1,False,False
SCALE-500-O00-00653,500,O00,499.9999999999812,0,21,2,1,MULTIPLAS_UNIDADES_SUPERFICIAIS,Depósitos aluvionares,Granular (Gr),0,SEM_POCOS_NO_CONJUNTO_AUDITADO,0,100.0,100.0,,0,SEM_POCOS_NO_CONJUNTO_AUDITADO,0,100.0,100.0,,0,SEM_POCOS_NO_CONJUNTO_AUDITADO,0,100.0,100.0,,0,SEM_POCOS_NO_CONJUNTO_AUDITADO,0,100.0,100.0,,0,SEM_POCOS_NO_CONJUNTO_AUDITADO,0,100.0,100.0,,SCALE_PRIMARY_O00_V1,2026-08-29,PIH_MS_V2.5_ESTABILIDADE_SENSIBILIDADE_V1,False,False
SCALE-500-O00-00654,500,O00,499.9999999999812,0,21,2,1,MULTIPLAS_UNIDADES_SUPERFICIAIS,Formação Pantanal,Granular (Gr),0,SEM_POCOS_NO_CONJUNTO_AUDITADO,0,100.0,100.0,,0,SEM_POCOS_NO_CONJUNTO_AUDITADO,0,100.0,100.0,,0,SEM_POCOS_NO_CONJUNTO_AUDITADO,0,100.0,100.0,,0,SEM_POCOS_NO_CONJUNTO_AUDITADO,0,100.0,100.0,,0,SEM_POCOS_NO_CONJUNTO_AUDITADO,0,100.0,100.0,,SCALE_PRIMARY_O00_V1,2026-08-29,PIH_MS_V2.5_ESTABILIDADE_SENSIBILIDADE_V1,False,False
SCALE-500-O00-00655,500,O00,499.9999999999812,0,20,2,1,MULTIPLAS_UNIDADES_SUPERFICIAIS,Formação Pantanal,Granular (Gr),0,SEM_POCOS_NO_CONJUNTO_AUDITADO,0,100.0,100.0,,0,SEM_POCOS_NO_CONJUNTO_AUDITADO,0,100.0,100.0,,0,SEM_POCOS_NO_CONJUNTO_AUDITADO,0,100.0,100.0,,0,SEM_POCOS_NO_CONJUNTO_AUDITADO,0,100.0,100.0,,0,SEM_POCOS_NO_CONJUNTO_AUDITADO,0,100.0,100.0,,SCALE_PRIMARY_O00_V1,2026-08-29,PIH_MS_V2.5_ESTABILIDADE_SENSIBILIDADE_V1,False,False
SCALE-500-O00-00656,500,O00,499.9999999999812,0,21,2,1,MULTIPLAS_UNIDADES_SUPERFICIAIS,Depósitos aluvionares,Granular (Gr),0,SEM_POCOS_NO_CONJUNTO_AUDITADO,0,100.0,100.0,,0,SEM_POCOS_NO_CONJUNTO_AUDITADO,0,100.0,100.0,,0,SEM_POCOS_NO_CONJUNTO_AUDITADO,0,100.0,100.0,,0,SEM_POCOS_NO_CONJUNTO_AUDITADO,0,100.0,100.0,,0,SEM_POCOS_NO_CONJUNTO_AUDITADO,0,100.0,100.0,,SCALE_PRIMARY_O00_V1,2026-08-29,PIH_MS_V2.5_ESTABILIDADE_SENSIBILIDADE_V1,False,False
SCALE-500-O00-00657,500,O00,499.9999999999812,0,21,2,1,MULTIPLAS_UNIDADES_SUPERFICIAIS,Depósitos aluvionares,Granular (Gr),0,SEM_POCOS_NO_CONJUNTO_AUDITADO,0,100.0,100.0,,0,SEM_POCOS_NO_CONJUNTO_AUDITADO,0,100.0,100.0,,0,SEM_POCOS_NO_CONJUNTO_AUDITADO,0,100.0,100.0,,0,SEM_POCOS_NO_CONJUNTO_AUDITADO,0,100.0,100.0,,0,SEM_POCOS_NO_CONJUNTO_AUDITADO,0,100.0,100.0,,SCALE_PRIMARY_O00_V1,2026-08-29,PIH_MS_V2.5_ESTABILIDADE_SENSIBILIDADE_V1,False,False
SCALE-500-O00-00658,500,O00,499.9999999999812,0,18,2,1,MULTIPLAS_UNIDADES_SUPERFICIAIS,Formação Pantanal,Granular (Gr),0,SEM_POCOS_NO_CONJUNTO_AUDITADO,0,100.0,100.0,,0,SEM_POCOS_NO_CONJUNTO_AUDITADO,0,100.0,100.0,,0,SEM_POCOS_NO_CONJUNTO_AUDITADO,0,100.0,100.0,,0,SEM_POCOS_NO_CONJUNTO_AUDITADO,0,100.0,100.0,,0,SEM_POCOS_NO_CONJUNTO_AUDITADO,0,100.0,100.0,,SCALE_PRIMARY_O00_V1,2026-08-29,PIH_MS_V2.5_ESTABILIDADE_SENSIBILIDADE_V1,False,False
SCALE-500-O00-00659,500,O00,499.9999999999812,0,21,1,1,UMA_UNIDADE_SUPERFICIAL,Formação Pantanal,Granular (Gr),0,SEM_POCOS_NO_CONJUNTO_AUDITADO,0,100.0,100.0,,0,SEM_POCOS_NO_CONJUNTO_AUDITADO,0,100.0,100.0,,0,SEM_POCOS_NO_CONJUNTO_AUDITADO,0,100.0,100.0,,0,SEM_POCOS_NO_CONJUNTO_AUDITADO,0,100.0,100.0,,0,SEM_POCOS_NO_CONJUNTO_AUDITADO,0,100.0,100.0,,SCALE_PRIMARY_O00_V1,2026-08-29,PIH_MS_V2.5_ESTABILIDADE_SENSIBILIDADE_V1,False,False
SCALE-500-O00-00660,500,O00,499.9999999999812,0,20,1,1,UMA_UNIDADE_SUPERFICIAL,Formação Pantanal,Granular (Gr),0,SEM_POCOS_NO_CONJUNTO_AUDITADO,0,100.0,100.0,,0,SEM_POCOS_NO_CONJUNTO_AUDITADO,0,100.0,100.0,,0,SEM_POCOS_NO_CONJUNTO_AUDITADO,0,100.0,100.0,,0,SEM_POCOS_NO_CONJUNTO_AUDITADO,0,100.0,100.0,,0,SEM_POCOS_NO_CONJUNTO_AUDITADO,0,100.0,100.0,,SCALE_PRIMARY_O00_V1,2026-08-29,PIH_MS_V2.5_ESTABILIDADE_SENSIBILIDADE_V1,False,False
SCALE-500-O00-00661,500,O00,499.9999999999812,0,20,1,1,UMA_UNIDADE_SUPERFICIAL,Formação Pantanal,Granular (Gr),0,SEM_POCOS_NO_CONJUNTO_AUDITADO,0,100.0,100.0,,0,SEM_POCOS_NO_CONJUNTO_AUDITADO,0,100.0,100.0,,0,SEM_POCOS_NO_CONJUNTO_AUDITADO,0,100.0,100.0,,0,SEM_POCOS_NO_CONJUNTO_AUDITADO,0,100.0,100.0,,0,SEM_POCOS_NO_CONJUNTO_AUDITADO,0,100.0,100.0,,SCALE_PRIMARY_O00_V1,2026-08-29,PIH_MS_V2.5_ESTABILIDADE_SENSIBILIDADE_V1,False,False
SCALE-500-O00-00662,500,O00,499.9999999999812,0,21,1,1,UMA_UNIDADE_SUPERFICIAL,Formação Pantanal,Granular (Gr),0,SEM_POCOS_NO_CONJUNTO_AUDITADO,0,100.0,100.0,,0,SEM_POCOS_NO_CONJUNTO_AUDITADO,0,100.0,100.0,,0,SEM_POCOS_NO_CONJUNTO_AUDITADO,0,100.0,100.0,,0,SEM_POCOS_NO_CONJUNTO_AUDITADO,0,100.0,100.0,,0,SEM_POCOS_NO_CONJUNTO_AUDITADO,0,100.0,100.0,,SCALE_PRIMARY_O00_V1,2026-08-29,PIH_MS_V2.5_ESTABILIDADE_SENSIBILIDADE_V1,False,False
SCALE-500-O00-00663,500,O00,499.9999999999812,0,18,1,1,UMA_UNIDADE_SUPERFICIAL,Formação Pantanal,Granular (Gr),0,SEM_POCOS_NO_CONJUNTO_AUDITADO,0,72.222222,38.888889,,0,SEM_POCOS_NO_CONJUNTO_AUDITADO,0,72.222222,38.888889,,0,SEM_POCOS_NO_CONJUNTO_AUDITADO,0,72.222222,38.888889,,0,SEM_POCOS_NO_CONJUNTO_AUDITADO,0,72.222222,38.888889,,0,SEM_POCOS_NO_CONJUNTO_AUDITADO,0,72.222222,38.888889,,SCALE_PRIMARY_O00_V1,2026-08-29,PIH_MS_V2.5_ESTABILIDADE_SENSIBILIDADE_V1,False,False
SCALE-500-O00-00664,500,O00,499.9999999999812,25,21,4,2,MULTIPLAS_UNIDADES_SUPERFICIAIS,Formação Furnas,Granular (Gr),2,EVIDENCIA_DIRETA_PRESENTE,23,23.809524,42.857143,Q01_R05=25|Q01_R03=24|Q01_R02=2|Q01_R06=2|Q01_R04=1,2,EVIDENCIA_DIRETA_PRESENTE,23,23.809524,42.857143,Q02_R02=25|Q02_R06=25|Q02_R07=25|Q02_R08=25|Q02_R04=14,2,EVIDENCIA_DIRETA_PRESENTE,7,19.047619,42.857143,Q03_R02=25|Q03_R07=25|Q03_R08=25|Q03_R05=24|Q03_R06=20,2,EVIDENCIA_DIRETA_PRESENTE,24,23.809524,47.619048,Q04_R03=25|Q04_R04=25|Q04_R05=2|Q04_R02=1,2,EVIDENCIA_DIRETA_PRESENTE,18,14.285714,42.857143,Q05_R02=25|Q05_R04=25|Q05_R06=25|Q05_R07=25|Q05_R03=7,SCALE_PRIMARY_O00_V1,2026-08-29,PIH_MS_V2.5_ESTABILIDADE_SENSIBILIDADE_V1,False,False
SCALE-500-O00-00665,500,O00,499.9999999999812,12,20,3,1,MULTIPLAS_UNIDADES_SUPERFICIAIS,Formação Ponta Grossa,Granular (Gr),2,EVIDENCIA_DIRETA_PRESENTE,9,35.0,70.0,Q01_R03=12|Q01_R05=12|Q01_R06=5|Q01_R02=3|Q01_R04=2,2,EVIDENCIA_DIRETA_PRESENTE,9,35.0,70.0,Q02_R02=12|Q02_R06=12|Q02_R07=12|Q02_R08=12|Q02_R04=8,2,EVIDENCIA_DIRETA_PRESENTE,4,35.0,70.0,Q03_R02=12|Q03_R05=12|Q03_R07=12|Q03_R08=12|Q03_R04=8,2,EVIDENCIA_DIRETA_PRESENTE,10,45.0,70.0,Q04_R03=12|Q04_R04=12|Q04_R05=5|Q04_R02=2,2,EVIDENCIA_DIRETA_PRESENTE,7,20.0,70.0,Q05_R02=12|Q05_R04=12|Q05_R06=12|Q05_R07=12|Q05_R03=5,SCALE_PRIMARY_O00_V1,2026-08-29,PIH_MS_V2.5_ESTABILIDADE_SENSIBILIDADE_V1,False,False
SCALE-500-O00-00666,500,O00,499.9999999999812,1,20,3,1,MULTIPLAS_UNIDADES_SUPERFICIAIS,Formação Botucatu,Granular (Gr),2,EVIDENCIA_DIRETA_PRESENTE,1,5.0,5.0,Q01_R03=1|Q01_R05=1|Q01_R06=1,2,EVIDENCIA_DIRETA_PRESENTE,1,5.0,5.0,Q02_R02=1|Q02_R03=1|Q02_R06=1|Q02_R07=1|Q02_R08=1,2,EVIDENCIA_DIRETA_PRESENTE,1,5.0,5.0,Q03_R02=1|Q03_R03=1|Q03_R07=1|Q03_R08=1,2,EVIDENCIA_DIRETA_PRESENTE,1,5.0,5.0,Q04_R03=1|Q04_R04=1|Q04_R05=1,2,EVIDENCIA_DIRETA_PRESENTE,1,5.0,5.0,Q05_R02=1|Q05_R04=1|Q05_R05=1|Q05_R06=1|Q05_R07=1,SCALE_PRIMARY_O00_V1,2026-08-29,PIH_MS_V2.5_ESTABILIDADE_SENSIBILIDADE_V1,False,False
SCALE-500-O00-00667,500,O00,499.9999999999812,0,21,2,1,MULTIPLAS_UNIDADES_SUPERFICIAIS,Grupo Caiuá,Granular (Gr),0,SEM_POCOS_NO_CONJUNTO_AUDITADO,0,14.285714,90.47619,,0,SEM_POCOS_NO_CONJUNTO_AUDITADO,0,14.285714,90.47619,,0,SEM_POCOS_NO_CONJUNTO_AUDITADO,0,14.285714,90.47619,,0,SEM_POCOS_NO_CONJUNTO_AUDITADO,0,14.285714,90.47619,,0,SEM_POCOS_NO_CONJUNTO_AUDITADO,0,14.285714,90.47619,,SCALE_PRIMARY_O00_V1,2026-08-29,PIH_MS_V2.5_ESTABILIDADE_SENSIBILIDADE_V1,False,False
SCALE-500-O00-00668,500,O00,499.9999999999812,0,18,2,1,MULTIPLAS_UNIDADES_SUPERFICIAIS,Formação Botucatu,Granular (Gr),0,SEM_POCOS_NO_CONJUNTO_AUDITADO,0,100.0,100.0,,0,SEM_POCOS_NO_CONJUNTO_AUDITADO,0,100.0,100.0,,0,SEM_POCOS_NO_CONJUNTO_AUDITADO,0,100.0,100.0,,0,SEM_POCOS_NO_CONJUNTO_AUDITADO,0,100.0,100.0,,0,SEM_POCOS_NO_CONJUNTO_AUDITADO,0,100.0,100.0,,SCALE_PRIMARY_O00_V1,2026-08-29,PIH_MS_V2.5_ESTABILIDADE_SENSIBILIDADE_V1,False,False
SCALE-500-O00-00669,500,O00,499.9999999999812,1,21,2,1,MULTIPLAS_UNIDADES_SUPERFICIAIS,Formação Botucatu,Granular (Gr),2,EVIDENCIA_DIRETA_PRESENTE,1,14.285714,0.0,Q01_R03=1|Q01_R05=1,2,EVIDENCIA_DIRETA_PRESENTE,1,14.285714,0.0,Q02_R02=1|Q02_R04=1|Q02_R05=1|Q02_R06=1|Q02_R07=1,2,EVIDENCIA_DIRETA_PRESENTE,1,14.285714,0.0,Q03_R02=1|Q03_R05=1|Q03_R07=1|Q03_R08=1,2,EVIDENCIA_DIRETA_PRESENTE,1,14.285714,0.0,Q04_R03=1|Q04_R04=1,1,POCOS_SEM_EVIDENCIA_DIRETA_DA_PERGUNTA,0,0.0,0.0,Q05_R02=1|Q05_R03=1|Q05_R04=1|Q05_R06=1|Q05_R07=1,SCALE_PRIMARY_O00_V1,2026-08-29,PIH_MS_V2.5_ESTABILIDADE_SENSIBILIDADE_V1,False,False
SCALE-500-O00-00670,500,O00,499.9999999999812,0,20,2,1,MULTIPLAS_UNIDADES_SUPERFICIAIS,Formação Botucatu,Granular (Gr),0,SEM_POCOS_NO_CONJUNTO_AUDITADO,0,10.0,75.0,,0,SEM_POCOS_NO_CONJUNTO_AUDITADO,0,10.0,75.0,,0,SEM_POCOS_NO_CONJUNTO_AUDITADO,0,10.0,75.0,,0,SEM_POCOS_NO_CONJUNTO_AUDITADO,0,10.0,75.0,,0,SEM_POCOS_NO_CONJUNTO_AUDITADO,0,10.0,75.0,,SCALE_PRIMARY_O00_V1,2026-08-29,PIH_MS_V2.5_ESTABILIDADE_SENSIBILIDADE_V1,False,False
SCALE-500-O00-00671,500,O00,499.9999999999812,24,20,2,2,MULTIPLAS_UNIDADES_SUPERFICIAIS,Grupo Caiuá,Granular (Gr),2,EVIDENCIA_DIRETA_PRESENTE,23,30.0,80.0,Q01_R03=24|Q01_R05=24|Q01_R06=22|Q01_R02=1,2,EVIDENCIA_DIRETA_PRESENTE,23,30.0,80.0,Q02_R02=24|Q02_R06=24|Q02_R07=24|Q02_R08=24|Q02_R03=22,2,EVIDENCIA_DIRETA_PRESENTE,8,25.0,60.0,Q03_R02=24|Q03_R07=24|Q03_R08=24|Q03_R03=22|Q03_R05=20,2,EVIDENCIA_DIRETA_PRESENTE,24,30.0,80.0,Q04_R03=24|Q04_R04=24|Q04_R05=22,2,EVIDENCIA_DIRETA_PRESENTE,19,30.0,55.0,Q05_R02=24|Q05_R04=24|Q05_R06=24|Q05_R07=24|Q05_R05=22,SCALE_PRIMARY_O00_V1,2026-08-29,PIH_MS_V2.5_ESTABILIDADE_SENSIBILIDADE_V1,False,False
SCALE-500-O00-00672,500,O00,410.3249563338539,3,16,2,1,MULTIPLAS_UNIDADES_SUPERFICIAIS,Grupo Caiuá,Granular (Gr),2,EVIDENCIA_DIRETA_PRESENTE,2,18.75,87.5,Q01_R03=3|Q01_R05=3|Q01_R06=2|Q01_R02=1,2,EVIDENCIA_DIRETA_PRESENTE,2,18.75,87.5,Q02_R02=3|Q02_R06=3|Q02_R07=3|Q02_R08=3|Q02_R03=2,1,POCOS_SEM_EVIDENCIA_DIRETA_DA_PERGUNTA,0,0.0,43.75,Q03_R02=3|Q03_R04=3|Q03_R05=3|Q03_R06=3|Q03_R07=3,2,EVIDENCIA_DIRETA_PRESENTE,3,31.25,87.5,Q04_R03=3|Q04_R04=3|Q04_R05=2,2,EVIDENCIA_DIRETA_PRESENTE,2,18.75,56.25,Q05_R02=3|Q05_R04=3|Q05_R06=3|Q05_R07=3|Q05_R05=2,SCALE_PRIMARY_O00_V1,2026-08-29,PIH_MS_V2.5_ESTABILIDADE_SENSIBILIDADE_V1,False,False
SCALE-500-O00-00673,500,O00,0.28054612112293753,0,0,0,0,UNKNOWN_SEM_CONTEXTO_CLASSIFICADO,,,0,SEM_POCOS_NO_CONJUNTO_AUDITADO,0,,,,0,SEM_POCOS_NO_CONJUNTO_AUDITADO,0,,,,0,SEM_POCOS_NO_CONJUNTO_AUDITADO,0,,,,0,SEM_POCOS_NO_CONJUNTO_AUDITADO,0,,,,0,SEM_POCOS_NO_CONJUNTO_AUDITADO,0,,,,SCALE_PRIMARY_O00_V1,2026-08-29,PIH_MS_V2.5_ESTABILIDADE_SENSIBILIDADE_V1,False,False
SCALE-500-O00-00674,500,O00,72.65555784435413,0,3,1,1,UMA_UNIDADE_SUPERFICIAL,Formação Pantanal,Granular (Gr),0,SEM_POCOS_NO_CONJUNTO_AUDITADO,0,100.0,100.0,,0,SEM_POCOS_NO_CONJUNTO_AUDITADO,0,100.0,100.0,,0,SEM_POCOS_NO_CONJUNTO_AUDITADO,0,100.0,100.0,,0,SEM_POCOS_NO_CONJUNTO_AUDITADO,0,100.0,100.0,,0,SEM_POCOS_NO_CONJUNTO_AUDITADO,0,100.0,100.0,,SCALE_PRIMARY_O00_V1,2026-08-29,PIH_MS_V2.5_ESTABILIDADE_SENSIBILIDADE_V1,False,False
SCALE-500-O00-00675,500,O00,495.8755469998288,0,22,3,2,MULTIPLAS_UNIDADES_SUPERFICIAIS,Formação Pantanal,Granular (Gr),0,SEM_POCOS_NO_CONJUNTO_AUDITADO,0,100.0,100.0,,0,SEM_POCOS_NO_CONJUNTO_AUDITADO,0,100.0,100.0,,0,SEM_POCOS_NO_CONJUNTO_AUDITADO,0,100.0,100.0,,0,SEM_POCOS_NO_CONJUNTO_AUDITADO,0,100.0,100.0,,0,SEM_POCOS_NO_CONJUNTO_AUDITADO,0,100.0,100.0,,SCALE_PRIMARY_O00_V1,2026-08-29,PIH_MS_V2.5_ESTABILIDADE_SENSIBILIDADE_V1,False,False
SCALE-500-O00-00676,500,O00,499.9999999999812,0,21,1,1,UMA_UNIDADE_SUPERFICIAL,Depósitos aluvionares,Granular (Gr),0,SEM_POCOS_NO_CONJUNTO_AUDITADO,0,100.0,100.0,,0,SEM_POCOS_NO_CONJUNTO_AUDITADO,0,100.0,100.0,,0,SEM_POCOS_NO_CONJUNTO_AUDITADO,0,100.0,100.0,,0,SEM_POCOS_NO_CONJUNTO_AUDITADO,0,100.0,100.0,,0,SEM_POCOS_NO_CONJUNTO_AUDITADO,0,100.0,100.0,,SCALE_PRIMARY_O00_V1,2026-08-29,PIH_MS_V2.5_ESTABILIDADE_SENSIBILIDADE_V1,False,False
SCALE-500-O00-00677,500,O00,499.9999999999812,0,18,2,1,MULTIPLAS_UNIDADES_SUPERFICIAIS,Depósitos aluvionares,Granular (Gr),0,SEM_POCOS_NO_CONJUNTO_AUDITADO,0,100.0,100.0,,0,SEM_POCOS_NO_CONJUNTO_AUDITADO,0,100.0,100.0,,0,SEM_POCOS_NO_CONJUNTO_AUDITADO,0,100.0,100.0,,0,SEM_POCOS_NO_CONJUNTO_AUDITADO,0,100.0,100.0,,0,SEM_POCOS_NO_CONJUNTO_AUDITADO,0,100.0,100.0,,SCALE_PRIMARY_O00_V1,2026-08-29,PIH_MS_V2.5_ESTABILIDADE_SENSIBILIDADE_V1,False,False
SCALE-500-O00-00678,500,O00,499.9999999999812,0,20,2,1,MULTIPLAS_UNIDADES_SUPERFICIAIS,Depósitos aluvionares,Granular (Gr),0,SEM_POCOS_NO_CONJUNTO_AUDITADO,0,100.0,100.0,,0,SEM_POCOS_NO_CONJUNTO_AUDITADO,0,100.0,100.0,,0,SEM_POCOS_NO_CONJUNTO_AUDITADO,0,100.0,100.0,,0,SEM_POCOS_NO_CONJUNTO_AUDITADO,0,100.0,100.0,,0,SEM_POCOS_NO_CONJUNTO_AUDITADO,0,100.0,100.0,,SCALE_PRIMARY_O00_V1,2026-08-29,PIH_MS_V2.5_ESTABILIDADE_SENSIBILIDADE_V1,False,False
SCALE-500-O00-00679,500,O00,499.9999999999812,0,21,2,1,MULTIPLAS_UNIDADES_SUPERFICIAIS,Depósitos aluvionares,Granular (Gr),0,SEM_POCOS_NO_CONJUNTO_AUDITADO,0,100.0,100.0,,0,SEM_POCOS_NO_CONJUNTO_AUDITADO,0,100.0,100.0,,0,SEM_POCOS_NO_CONJUNTO_AUDITADO,0,100.0,100.0,,0,SEM_POCOS_NO_CONJUNTO_AUDITADO,0,100.0,100.0,,0,SEM_POCOS_NO_CONJUNTO_AUDITADO,0,100.0,100.0,,SCALE_PRIMARY_O00_V1,2026-08-29,PIH_MS_V2.5_ESTABILIDADE_SENSIBILIDADE_V1,False,False
SCALE-500-O00-00680,500,O00,499.9999999999812,0,22,1,1,UMA_UNIDADE_SUPERFICIAL,Depósitos aluvionares,Granular (Gr),0,SEM_POCOS_NO_CONJUNTO_AUDITADO,0,100.0,100.0,,0,SEM_POCOS_NO_CONJUNTO_AUDITADO,0,100.0,100.0,,0,SEM_POCOS_NO_CONJUNTO_AUDITADO,0,100.0,100.0,,0,SEM_POCOS_NO_CONJUNTO_AUDITADO,0,100.0,100.0,,0,SEM_POCOS_NO_CONJUNTO_AUDITADO,0,100.0,100.0,,SCALE_PRIMARY_O00_V1,2026-08-29,PIH_MS_V2.5_ESTABILIDADE_SENSIBILIDADE_V1,False,False
SCALE-500-O00-00681,500,O00,499.9999999999812,0,21,2,1,MULTIPLAS_UNIDADES_SUPERFICIAIS,Depósitos aluvionares,Granular (Gr),0,SEM_POCOS_NO_CONJUNTO_AUDITADO,0,100.0,100.0,,0,SEM_POCOS_NO_CONJUNTO_AUDITADO,0,100.0,100.0,,0,SEM_POCOS_NO_CONJUNTO_AUDITADO,0,100.0,100.0,,0,SEM_POCOS_NO_CONJUNTO_AUDITADO,0,100.0,100.0,,0,SEM_POCOS_NO_CONJUNTO_AUDITADO,0,100.0,100.0,,SCALE_PRIMARY_O00_V1,2026-08-29,PIH_MS_V2.5_ESTABILIDADE_SENSIBILIDADE_V1,False,False
SCALE-500-O00-00682,500,O00,499.9999999999812,0,20,2,1,MULTIPLAS_UNIDADES_SUPERFICIAIS,Formação Pantanal,Granular (Gr),0,SEM_POCOS_NO_CONJUNTO_AUDITADO,0,100.0,100.0,,0,SEM_POCOS_NO_CONJUNTO_AUDITADO,0,100.0,100.0,,0,SEM_POCOS_NO_CONJUNTO_AUDITADO,0,100.0,100.0,,0,SEM_POCOS_NO_CONJUNTO_AUDITADO,0,100.0,100.0,,0,SEM_POCOS_NO_CONJUNTO_AUDITADO,0,100.0,100.0,,SCALE_PRIMARY_O00_V1,2026-08-29,PIH_MS_V2.5_ESTABILIDADE_SENSIBILIDADE_V1,False,False
SCALE-500-O00-00683,500,O00,499.9999999999812,0,17,1,1,UMA_UNIDADE_SUPERFICIAL,Formação Pantanal,Granular (Gr),0,SEM_POCOS_NO_CONJUNTO_AUDITADO,0,100.0,100.0,,0,SEM_POCOS_NO_CONJUNTO_AUDITADO,0,100.0,100.0,,0,SEM_POCOS_NO_CONJUNTO_AUDITADO,0,100.0,100.0,,0,SEM_POCOS_NO_CONJUNTO_AUDITADO,0,100.0,100.0,,0,SEM_POCOS_NO_CONJUNTO_AUDITADO,0,100.0,100.0,,SCALE_PRIMARY_O00_V1,2026-08-29,PIH_MS_V2.5_ESTABILIDADE_SENSIBILIDADE_V1,False,False
SCALE-500-O00-00684,500,O00,499.9999999999812,0,21,2,1,MULTIPLAS_UNIDADES_SUPERFICIAIS,Formação Pantanal,Granular (Gr),0,SEM_POCOS_NO_CONJUNTO_AUDITADO,0,100.0,100.0,,0,SEM_POCOS_NO_CONJUNTO_AUDITADO,0,100.0,100.0,,0,SEM_POCOS_NO_CONJUNTO_AUDITADO,0,100.0,100.0,,0,SEM_POCOS_NO_CONJUNTO_AUDITADO,0,100.0,100.0,,0,SEM_POCOS_NO_CONJUNTO_AUDITADO,0,100.0,100.0,,SCALE_PRIMARY_O00_V1,2026-08-29,PIH_MS_V2.5_ESTABILIDADE_SENSIBILIDADE_V1,False,False
SCALE-500-O00-00685,500,O00,499.9999999999812,0,22,2,1,MULTIPLAS_UNIDADES_SUPERFICIAIS,Formação Pantanal,Granular (Gr),0,SEM_POCOS_NO_CONJUNTO_AUDITADO,0,45.454545,95.454545,,0,SEM_POCOS_NO_CONJUNTO_AUDITADO,0,45.454545,95.454545,,0,SEM_POCOS_NO_CONJUNTO_AUDITADO,0,45.454545,95.454545,,0,SEM_POCOS_NO_CONJUNTO_AUDITADO,0,45.454545,95.454545,,0,SEM_POCOS_NO_CONJUNTO_AUDITADO,0,45.454545,95.454545,,SCALE_PRIMARY_O00_V1,2026-08-29,PIH_MS_V2.5_ESTABILIDADE_SENSIBILIDADE_V1,False,False
SCALE-500-O00-00686,500,O00,499.9999999999812,3,21,5,2,MULTIPLAS_UNIDADES_SUPERFICIAIS,Formação Pantanal,Granular (Gr),2,EVIDENCIA_DIRETA_PRESENTE,2,14.285714,61.904762,Q01_R03=3|Q01_R05=3|Q01_R06=3|Q01_R02=1,2,EVIDENCIA_DIRETA_PRESENTE,2,14.285714,61.904762,Q02_R02=3|Q02_R03=3|Q02_R06=3|Q02_R07=3|Q02_R08=3,1,POCOS_SEM_EVIDENCIA_DIRETA_DA_PERGUNTA,0,19.047619,57.142857,Q03_R02=3|Q03_R03=3|Q03_R04=3|Q03_R05=3|Q03_R06=3,2,EVIDENCIA_DIRETA_PRESENTE,3,33.333333,66.666667,Q04_R03=3|Q04_R04=3|Q04_R05=3,2,EVIDENCIA_DIRETA_PRESENTE,1,9.52381,61.904762,Q05_R02=3|Q05_R04=3|Q05_R05=3|Q05_R06=3|Q05_R07=3,SCALE_PRIMARY_O00_V1,2026-08-29,PIH_MS_V2.5_ESTABILIDADE_SENSIBILIDADE_V1,False,False
SCALE-500-O00-00687,500,O00,499.9999999999812,2,20,4,1,MULTIPLAS_UNIDADES_SUPERFICIAIS,Formação Furnas,Granular (Gr),2,EVIDENCIA_DIRETA_PRESENTE,1,30.0,95.0,Q01_R03=2|Q01_R05=2|Q01_R02=1|Q01_R04=1|Q01_R06=1,2,EVIDENCIA_DIRETA_PRESENTE,1,30.0,95.0,Q02_R02=2|Q02_R04=2|Q02_R05=2|Q02_R06=2|Q02_R07=2,2,EVIDENCIA_DIRETA_PRESENTE,1,25.0,75.0,Q03_R02=2|Q03_R05=2|Q03_R07=2|Q03_R08=2|Q03_R03=1,2,EVIDENCIA_DIRETA_PRESENTE,1,40.0,95.0,Q04_R03=2|Q04_R04=2|Q04_R02=1|Q04_R05=1,1,POCOS_SEM_EVIDENCIA_DIRETA_DA_PERGUNTA,0,0.0,0.0,Q05_R02=2|Q05_R03=2|Q05_R04=2|Q05_R06=2|Q05_R07=2,SCALE_PRIMARY_O00_V1,2026-08-29,PIH_MS_V2.5_ESTABILIDADE_SENSIBILIDADE_V1,False,False
SCALE-500-O00-00688,500,O00,499.9999999999812,1,17,2,1,MULTIPLAS_UNIDADES_SUPERFICIAIS,Formação Aquidauana,Granular (Gr),1,POCOS_SEM_EVIDENCIA_DIRETA_DA_PERGUNTA,0,0.0,0.0,Q01_R02=1|Q01_R03=1|Q01_R05=1,1,POCOS_SEM_EVIDENCIA_DIRETA_DA_PERGUNTA,0,0.0,0.0,Q02_R02=1|Q02_R04=1|Q02_R05=1|Q02_R06=1|Q02_R07=1,1,POCOS_SEM_EVIDENCIA_DIRETA_DA_PERGUNTA,0,0.0,0.0,Q03_R02=1|Q03_R04=1|Q03_R05=1|Q03_R06=1|Q03_R07=1,2,EVIDENCIA_DIRETA_PRESENTE,1,5.882353,11.764706,Q04_R03=1|Q04_R04=1,1,POCOS_SEM_EVIDENCIA_DIRETA_DA_PERGUNTA,0,0.0,0.0,Q05_R02=1|Q05_R03=1|Q05_R04=1|Q05_R06=1|Q05_R07=1,SCALE_PRIMARY_O00_V1,2026-08-29,PIH_MS_V2.5_ESTABILIDADE_SENSIBILIDADE_V1,False,False
SCALE-500-O00-00689,500,O00,499.9999999999812,0,21,3,1,MULTIPLAS_UNIDADES_SUPERFICIAIS,Grupo Caiuá,Granular (Gr),0,SEM_POCOS_NO_CONJUNTO_AUDITADO,0,71.428571,100.0,,0,SEM_POCOS_NO_CONJUNTO_AUDITADO,0,71.428571,100.0,,0,SEM_POCOS_NO_CONJUNTO_AUDITADO,0,71.428571,100.0,,0,SEM_POCOS_NO_CONJUNTO_AUDITADO,0,71.428571,100.0,,0,SEM_POCOS_NO_CONJUNTO_AUDITADO,0,71.428571,100.0,,SCALE_PRIMARY_O00_V1,2026-08-29,PIH_MS_V2.5_ESTABILIDADE_SENSIBILIDADE_V1,False,False
SCALE-500-O00-00690,500,O00,499.9999999999812,1,22,2,1,MULTIPLAS_UNIDADES_SUPERFICIAIS,Grupo Caiuá,Granular (Gr),2,EVIDENCIA_DIRETA_PRESENTE,1,4.545455,9.090909,Q01_R03=1|Q01_R05=1|Q01_R06=1,1,POCOS_SEM_EVIDENCIA_DIRETA_DA_PERGUNTA,0,0.0,0.0,Q02_R02=1|Q02_R03=1|Q02_R04=1|Q02_R06=1|Q02_R07=1,2,EVIDENCIA_DIRETA_PRESENTE,1,4.545455,9.090909,Q03_R02=1|Q03_R03=1|Q03_R07=1|Q03_R08=1,2,EVIDENCIA_DIRETA_PRESENTE,1,4.545455,9.090909,Q04_R03=1|Q04_R04=1|Q04_R05=1,2,EVIDENCIA_DIRETA_PRESENTE,1,0.0,9.090909,Q05_R02=1|Q05_R04=1|Q05_R05=1|Q05_R06=1|Q05_R07=1,SCALE_PRIMARY_O00_V1,2026-08-29,PIH_MS_V2.5_ESTABILIDADE_SENSIBILIDADE_V1,False,False
SCALE-500-O00-00691,500,O00,499.9999999999812,7,22,2,1,MULTIPLAS_UNIDADES_SUPERFICIAIS,Formação Botucatu,Granular (Gr),2,EVIDENCIA_DIRETA_PRESENTE,7,9.090909,68.181818,Q01_R03=7|Q01_R05=7|Q01_R06=6,2,EVIDENCIA_DIRETA_PRESENTE,7,9.090909,68.181818,Q02_R02=7|Q02_R06=7|Q02_R07=7|Q02_R08=7|Q02_R03=6,2,EVIDENCIA_DIRETA_PRESENTE,3,9.090909,63.636364,Q03_R02=7|Q03_R07=7|Q03_R08=7|Q03_R03=6|Q03_R05=5,2,EVIDENCIA_DIRETA_PRESENTE,7,9.090909,68.181818,Q04_R03=7|Q04_R04=7|Q04_R05=6,2,EVIDENCIA_DIRETA_PRESENTE,6,9.090909,54.545455,Q05_R02=7|Q05_R04=7|Q05_R06=7|Q05_R07=7|Q05_R05=6,SCALE_PRIMARY_O00_V1,2026-08-29,PIH_MS_V2.5_ESTABILIDADE_SENSIBILIDADE_V1,False,False
SCALE-500-O00-00692,500,O00,499.9999999999812,0,20,2,1,MULTIPLAS_UNIDADES_SUPERFICIAIS,Formação Botucatu,Granular (Gr),0,SEM_POCOS_NO_CONJUNTO_AUDITADO,0,50.0,65.0,,0,SEM_POCOS_NO_CONJUNTO_AUDITADO,0,50.0,65.0,,0,SEM_POCOS_NO_CONJUNTO_AUDITADO,0,50.0,65.0,,0,SEM_POCOS_NO_CONJUNTO_AUDITADO,0,50.0,65.0,,0,SEM_POCOS_NO_CONJUNTO_AUDITADO,0,50.0,65.0,,SCALE_PRIMARY_O00_V1,2026-08-29,PIH_MS_V2.5_ESTABILIDADE_SENSIBILIDADE_V1,False,False
SCALE-500-O00-00693,500,O00,499.9999999999812,0,18,4,1,MULTIPLAS_UNIDADES_SUPERFICIAIS,Grupo Caiuá,Granular (Gr),0,SEM_POCOS_NO_CONJUNTO_AUDITADO,0,61.111111,11.111111,,0,SEM_POCOS_NO_CONJUNTO_AUDITADO,0,61.111111,11.111111,,0,SEM_POCOS_NO_CONJUNTO_AUDITADO,0,61.111111,11.111111,,0,SEM_POCOS_NO_CONJUNTO_AUDITADO,0,61.111111,11.111111,,0,SEM_POCOS_NO_CONJUNTO_AUDITADO,0,61.111111,11.111111,,SCALE_PRIMARY_O00_V1,2026-08-29,PIH_MS_V2.5_ESTABILIDADE_SENSIBILIDADE_V1,False,False
SCALE-500-O00-00694,500,O00,405.01483342517275,2,16,4,2,MULTIPLAS_UNIDADES_SUPERFICIAIS,Grupo Caiuá,Granular (Gr),2,EVIDENCIA_DIRETA_PRESENTE,2,18.75,50.0,Q01_R03=2|Q01_R05=2|Q01_R06=2,2,EVIDENCIA_DIRETA_PRESENTE,2,18.75,50.0,Q02_R02=2|Q02_R03=2|Q02_R04=2|Q02_R05=2|Q02_R06=2,2,EVIDENCIA_DIRETA_PRESENTE,2,18.75,50.0,Q03_R02=2|Q03_R03=2|Q03_R05=2|Q03_R07=2|Q03_R08=2,2,EVIDENCIA_DIRETA_PRESENTE,2,18.75,50.0,Q04_R03=2|Q04_R04=2|Q04_R05=2,1,POCOS_SEM_EVIDENCIA_DIRETA_DA_PERGUNTA,0,18.75,25.0,Q05_R02=2|Q05_R03=2|Q05_R04=2|Q05_R05=2|Q05_R06=2,SCALE_PRIMARY_O00_V1,2026-08-29,PIH_MS_V2.5_ESTABILIDADE_SENSIBILIDADE_V1,False,False
SCALE-500-O00-00695,500,O00,323.25682071569094,1,15,2,1,MULTIPLAS_UNIDADES_SUPERFICIAIS,Formação Cachoeirinha,Granular (Gr),2,EVIDENCIA_DIRETA_PRESENTE,1,6.666667,73.333333,Q01_R03=1|Q01_R05=1|Q01_R06=1,2,EVIDENCIA_DIRETA_PRESENTE,1,6.666667,73.333333,Q02_R02=1|Q02_R03=1|Q02_R04=1|Q02_R05=1|Q02_R06=1,2,EVIDENCIA_DIRETA_PRESENTE,1,6.666667,46.666667,Q03_R02=1|Q03_R03=1|Q03_R05=1|Q03_R06=1|Q03_R07=1,2,EVIDENCIA_DIRETA_PRESENTE,1,6.666667,73.333333,Q04_R03=1|Q04_R04=1|Q04_R05=1,1,POCOS_SEM_EVIDENCIA_DIRETA_DA_PERGUNTA,0,6.666667,46.666667,Q05_R02=1|Q05_R03=1|Q05_R04=1|Q05_R05=1|Q05_R06=1,SCALE_PRIMARY_O00_V1,2026-08-29,PIH_MS_V2.5_ESTABILIDADE_SENSIBILIDADE_V1,False,False
SCALE-500-O00-00696,500,O00,4.223040033643819,0,0,0,0,UNKNOWN_SEM_CONTEXTO_CLASSIFICADO,,,0,SEM_POCOS_NO_CONJUNTO_AUDITADO,0,,,,0,SEM_POCOS_NO_CONJUNTO_AUDITADO,0,,,,0,SEM_POCOS_NO_CONJUNTO_AUDITADO,0,,,,0,SEM_POCOS_NO_CONJUNTO_AUDITADO,0,,,,0,SEM_POCOS_NO_CONJUNTO_AUDITADO,0,,,,SCALE_PRIMARY_O00_V1,2026-08-29,PIH_MS_V2.5_ESTABILIDADE_SENSIBILIDADE_V1,False,False
SCALE-500-O00-00697,500,O00,287.40128578172477,0,11,3,2,MULTIPLAS_UNIDADES_SUPERFICIAIS,Formação Pantanal,Granular (Gr),0,SEM_POCOS_NO_CONJUNTO_AUDITADO,0,100.0,100.0,,0,SEM_POCOS_NO_CONJUNTO_AUDITADO,0,100.0,100.0,,0,SEM_POCOS_NO_CONJUNTO_AUDITADO,0,100.0,100.0,,0,SEM_POCOS_NO_CONJUNTO_AUDITADO,0,100.0,100.0,,0,SEM_POCOS_NO_CONJUNTO_AUDITADO,0,100.0,100.0,,SCALE_PRIMARY_O00_V1,2026-08-29,PIH_MS_V2.5_ESTABILIDADE_SENSIBILIDADE_V1,False,False
SCALE-500-O00-00698,500,O00,499.9999999999812,0,21,1,1,UMA_UNIDADE_SUPERFICIAL,Depósitos aluvionares,Granular (Gr),0,SEM_POCOS_NO_CONJUNTO_AUDITADO,0,100.0,100.0,,0,SEM_POCOS_NO_CONJUNTO_AUDITADO,0,100.0,100.0,,0,SEM_POCOS_NO_CONJUNTO_AUDITADO,0,100.0,100.0,,0,SEM_POCOS_NO_CONJUNTO_AUDITADO,0,100.0,100.0,,0,SEM_POCOS_NO_CONJUNTO_AUDITADO,0,100.0,100.0,,SCALE_PRIMARY_O00_V1,2026-08-29,PIH_MS_V2.5_ESTABILIDADE_SENSIBILIDADE_V1,False,False
SCALE-500-O00-00699,500,O00,499.9999999999812,0,21,1,1,UMA_UNIDADE_SUPERFICIAL,Depósitos aluvionares,Granular (Gr),0,SEM_POCOS_NO_CONJUNTO_AUDITADO,0,100.0,100.0,,0,SEM_POCOS_NO_CONJUNTO_AUDITADO,0,100.0,100.0,,0,SEM_POCOS_NO_CONJUNTO_AUDITADO,0,100.0,100.0,,0,SEM_POCOS_NO_CONJUNTO_AUDITADO,0,100.0,100.0,,0,SEM_POCOS_NO_CONJUNTO_AUDITADO,0,100.0,100.0,,SCALE_PRIMARY_O00_V1,2026-08-29,PIH_MS_V2.5_ESTABILIDADE_SENSIBILIDADE_V1,False,False
SCALE-500-O00-00700,500,O00,499.9999999999812,0,20,2,1,MULTIPLAS_UNIDADES_SUPERFICIAIS,Formação Pantanal,Granular (Gr),0,SEM_POCOS_NO_CONJUNTO_AUDITADO,0,100.0,100.0,,0,SEM_POCOS_NO_CONJUNTO_AUDITADO,0,100.0,100.0,,0,SEM_POCOS_NO_CONJUNTO_AUDITADO,0,100.0,100.0,,0,SEM_POCOS_NO_CONJUNTO_AUDITADO,0,100.0,100.0,,0,SEM_POCOS_NO_CONJUNTO_AUDITADO,0,100.0,100.0,,SCALE_PRIMARY_O00_V1,2026-08-29,PIH_MS_V2.5_ESTABILIDADE_SENSIBILIDADE_V1,False,False
SCALE-500-O00-00701,500,O00,499.9999999999812,0,21,2,1,MULTIPLAS_UNIDADES_SUPERFICIAIS,Formação Pantanal,Granular (Gr),0,SEM_POCOS_NO_CONJUNTO_AUDITADO,0,100.0,100.0,,0,SEM_POCOS_NO_CONJUNTO_AUDITADO,0,100.0,100.0,,0,SEM_POCOS_NO_CONJUNTO_AUDITADO,0,100.0,100.0,,0,SEM_POCOS_NO_CONJUNTO_AUDITADO,0,100.0,100.0,,0,SEM_POCOS_NO_CONJUNTO_AUDITADO,0,100.0,100.0,,SCALE_PRIMARY_O00_V1,2026-08-29,PIH_MS_V2.5_ESTABILIDADE_SENSIBILIDADE_V1,False,False
SCALE-500-O00-00702,500,O00,499.9999999999812,0,21,2,1,MULTIPLAS_UNIDADES_SUPERFICIAIS,Formação Pantanal,Granular (Gr),0,SEM_POCOS_NO_CONJUNTO_AUDITADO,0,100.0,100.0,,0,SEM_POCOS_NO_CONJUNTO_AUDITADO,0,100.0,100.0,,0,SEM_POCOS_NO_CONJUNTO_AUDITADO,0,100.0,100.0,,0,SEM_POCOS_NO_CONJUNTO_AUDITADO,0,100.0,100.0,,0,SEM_POCOS_NO_CONJUNTO_AUDITADO,0,100.0,100.0,,SCALE_PRIMARY_O00_V1,2026-08-29,PIH_MS_V2.5_ESTABILIDADE_SENSIBILIDADE_V1,False,False
SCALE-500-O00-00703,500,O00,499.9999999999812,0,18,2,1,MULTIPLAS_UNIDADES_SUPERFICIAIS,Formação Pantanal,Granular (Gr),0,SEM_POCOS_NO_CONJUNTO_AUDITADO,0,100.0,100.0,,0,SEM_POCOS_NO_CONJUNTO_AUDITADO,0,100.0,100.0,,0,SEM_POCOS_NO_CONJUNTO_AUDITADO,0,100.0,100.0,,0,SEM_POCOS_NO_CONJUNTO_AUDITADO,0,100.0,100.0,,0,SEM_POCOS_NO_CONJUNTO_AUDITADO,0,100.0,100.0,,SCALE_PRIMARY_O00_V1,2026-08-29,PIH_MS_V2.5_ESTABILIDADE_SENSIBILIDADE_V1,False,False
SCALE-500-O00-00704,500,O00,499.9999999999812,0,21,2,1,MULTIPLAS_UNIDADES_SUPERFICIAIS,Formação Pantanal,Granular (Gr),0,SEM_POCOS_NO_CONJUNTO_AUDITADO,0,100.0,100.0,,0,SEM_POCOS_NO_CONJUNTO_AUDITADO,0,100.0,100.0,,0,SEM_POCOS_NO_CONJUNTO_AUDITADO,0,100.0,100.0,,0,SEM_POCOS_NO_CONJUNTO_AUDITADO,0,100.0,100.0,,0,SEM_POCOS_NO_CONJUNTO_AUDITADO,0,100.0,100.0,,SCALE_PRIMARY_O00_V1,2026-08-29,PIH_MS_V2.5_ESTABILIDADE_SENSIBILIDADE_V1,False,False
SCALE-500-O00-00705,500,O00,499.9999999999812,0,21,2,1,MULTIPLAS_UNIDADES_SUPERFICIAIS,Formação Pantanal,Granular (Gr),0,SEM_POCOS_NO_CONJUNTO_AUDITADO,0,100.0,100.0,,0,SEM_POCOS_NO_CONJUNTO_AUDITADO,0,100.0,100.0,,0,SEM_POCOS_NO_CONJUNTO_AUDITADO,0,100.0,100.0,,0,SEM_POCOS_NO_CONJUNTO_AUDITADO,0,100.0,100.0,,0,SEM_POCOS_NO_CONJUNTO_AUDITADO,0,100.0,100.0,,SCALE_PRIMARY_O00_V1,2026-08-29,PIH_MS_V2.5_ESTABILIDADE_SENSIBILIDADE_V1,False,False
SCALE-500-O00-00706,500,O00,499.9999999999812,0,21,2,1,MULTIPLAS_UNIDADES_SUPERFICIAIS,Formação Pantanal,Granular (Gr),0,SEM_POCOS_NO_CONJUNTO_AUDITADO,0,100.0,100.0,,0,SEM_POCOS_NO_CONJUNTO_AUDITADO,0,100.0,100.0,,0,SEM_POCOS_NO_CONJUNTO_AUDITADO,0,100.0,100.0,,0,SEM_POCOS_NO_CONJUNTO_AUDITADO,0,100.0,100.0,,0,SEM_POCOS_NO_CONJUNTO_AUDITADO,0,100.0,100.0,,SCALE_PRIMARY_O00_V1,2026-08-29,PIH_MS_V2.5_ESTABILIDADE_SENSIBILIDADE_V1,False,False
SCALE-500-O00-00707,500,O00,499.9999999999812,0,21,2,1,MULTIPLAS_UNIDADES_SUPERFICIAIS,Formação Pantanal,Granular (Gr),0,SEM_POCOS_NO_CONJUNTO_AUDITADO,0,100.0,100.0,,0,SEM_POCOS_NO_CONJUNTO_AUDITADO,0,100.0,100.0,,0,SEM_POCOS_NO_CONJUNTO_AUDITADO,0,100.0,100.0,,0,SEM_POCOS_NO_CONJUNTO_AUDITADO,0,100.0,100.0,,0,SEM_POCOS_NO_CONJUNTO_AUDITADO,0,100.0,100.0,,SCALE_PRIMARY_O00_V1,2026-08-29,PIH_MS_V2.5_ESTABILIDADE_SENSIBILIDADE_V1,False,False
SCALE-500-O00-00708,500,O00,499.9999999999812,0,18,2,1,MULTIPLAS_UNIDADES_SUPERFICIAIS,Formação Pantanal,Granular (Gr),0,SEM_POCOS_NO_CONJUNTO_AUDITADO,0,50.0,88.888889,,0,SEM_POCOS_NO_CONJUNTO_AUDITADO,0,50.0,88.888889,,0,SEM_POCOS_NO_CONJUNTO_AUDITADO,0,50.0,88.888889,,0,SEM_POCOS_NO_CONJUNTO_AUDITADO,0,50.0,88.888889,,0,SEM_POCOS_NO_CONJUNTO_AUDITADO,0,50.0,88.888889,,SCALE_PRIMARY_O00_V1,2026-08-29,PIH_MS_V2.5_ESTABILIDADE_SENSIBILIDADE_V1,False,False
SCALE-500-O00-00709,500,O00,499.9999999999812,0,21,4,2,MULTIPLAS_UNIDADES_SUPERFICIAIS,Formação Furnas,Granular (Gr),0,SEM_POCOS_NO_CONJUNTO_AUDITADO,0,52.380952,66.666667,,0,SEM_POCOS_NO_CONJUNTO_AUDITADO,0,52.380952,66.666667,,0,SEM_POCOS_NO_CONJUNTO_AUDITADO,0,52.380952,66.666667,,0,SEM_POCOS_NO_CONJUNTO_AUDITADO,0,52.380952,66.666667,,0,SEM_POCOS_NO_CONJUNTO_AUDITADO,0,52.380952,66.666667,,SCALE_PRIMARY_O00_V1,2026-08-29,PIH_MS_V2.5_ESTABILIDADE_SENSIBILIDADE_V1,False,False
SCALE-500-O00-00710,500,O00,499.9999999999812,10,21,3,1,MULTIPLAS_UNIDADES_SUPERFICIAIS,Formação Ponta Grossa,Granular (Gr),2,EVIDENCIA_DIRETA_PRESENTE,9,42.857143,71.428571,Q01_R03=10|Q01_R05=10|Q01_R06=3|Q01_R02=1|Q01_R04=1,2,EVIDENCIA_DIRETA_PRESENTE,8,42.857143,71.428571,Q02_R02=10|Q02_R06=10|Q02_R07=10|Q02_R08=10|Q02_R04=5,2,EVIDENCIA_DIRETA_PRESENTE,1,0.0,71.428571,Q03_R02=10|Q03_R05=10|Q03_R07=10|Q03_R08=10|Q03_R04=9,2,EVIDENCIA_DIRETA_PRESENTE,9,42.857143,71.428571,Q04_R03=10|Q04_R04=10|Q04_R05=3|Q04_R02=1,2,EVIDENCIA_DIRETA_PRESENTE,8,42.857143,71.428571,Q05_R02=10|Q05_R04=10|Q05_R06=10|Q05_R07=10|Q05_R05=3,SCALE_PRIMARY_O00_V1,2026-08-29,PIH_MS_V2.5_ESTABILIDADE_SENSIBILIDADE_V1,False,False
SCALE-500-O00-00711,500,O00,499.9999999999812,0,21,4,1,MULTIPLAS_UNIDADES_SUPERFICIAIS,Formação Aquidauana,Granular (Gr),0,SEM_POCOS_NO_CONJUNTO_AUDITADO,0,80.952381,76.190476,,0,SEM_POCOS_NO_CONJUNTO_AUDITADO,0,80.952381,76.190476,,0,SEM_POCOS_NO_CONJUNTO_AUDITADO,0,80.952381,76.190476,,0,SEM_POCOS_NO_CONJUNTO_AUDITADO,0,80.952381,76.190476,,0,SEM_POCOS_NO_CONJUNTO_AUDITADO,0,80.952381,76.190476,,SCALE_PRIMARY_O00_V1,2026-08-29,PIH_MS_V2.5_ESTABILIDADE_SENSIBILIDADE_V1,False,False
SCALE-500-O00-00712,500,O00,499.9999999999812,2,21,3,1,MULTIPLAS_UNIDADES_SUPERFICIAIS,Formação Botucatu,Granular (Gr),2,EVIDENCIA_DIRETA_PRESENTE,1,9.52381,9.52381,Q01_R03=2|Q01_R05=2|Q01_R02=1|Q01_R04=1|Q01_R06=1,2,EVIDENCIA_DIRETA_PRESENTE,1,4.761905,9.52381,Q02_R02=2|Q02_R04=2|Q02_R05=2|Q02_R06=2|Q02_R07=2,2,EVIDENCIA_DIRETA_PRESENTE,1,9.52381,9.52381,Q03_R02=2|Q03_R05=2|Q03_R07=2|Q03_R08=2|Q03_R03=1,2,EVIDENCIA_DIRETA_PRESENTE,1,9.52381,9.52381,Q04_R03=2|Q04_R04=2|Q04_R02=1|Q04_R05=1,1,POCOS_SEM_EVIDENCIA_DIRETA_DA_PERGUNTA,0,0.0,0.0,Q05_R02=2|Q05_R03=2|Q05_R04=2|Q05_R06=2|Q05_R07=2,SCALE_PRIMARY_O00_V1,2026-08-29,PIH_MS_V2.5_ESTABILIDADE_SENSIBILIDADE_V1,False,False
SCALE-500-O00-00713,500,O00,499.9999999999812,1,18,2,1,MULTIPLAS_UNIDADES_SUPERFICIAIS,Formação Botucatu,Granular (Gr),2,EVIDENCIA_DIRETA_PRESENTE,1,5.555556,88.888889,Q01_R03=1|Q01_R05=1,2,EVIDENCIA_DIRETA_PRESENTE,1,5.555556,72.222222,Q02_R02=1|Q02_R04=1|Q02_R05=1|Q02_R06=1|Q02_R07=1,1,POCOS_SEM_EVIDENCIA_DIRETA_DA_PERGUNTA,0,5.555556,55.555556,Q03_R02=1|Q03_R04=1|Q03_R05=1|Q03_R06=1|Q03_R07=1,2,EVIDENCIA_DIRETA_PRESENTE,1,5.555556,88.888889,Q04_R03=1|Q04_R04=1,1,POCOS_SEM_EVIDENCIA_DIRETA_DA_PERGUNTA,0,5.555556,55.555556,Q05_R02=1|Q05_R03=1|Q05_R04=1|Q05_R06=1|Q05_R07=1,SCALE_PRIMARY_O00_V1,2026-08-29,PIH_MS_V2.5_ESTABILIDADE_SENSIBILIDADE_V1,False,False
SCALE-500-O00-00714,500,O00,499.9999999999812,0,20,2,1,MULTIPLAS_UNIDADES_SUPERFICIAIS,Formação Botucatu,Granular (Gr),0,SEM_POCOS_NO_CONJUNTO_AUDITADO,0,35.0,55.0,,0,SEM_POCOS_NO_CONJUNTO_AUDITADO,0,35.0,55.0,,0,SEM_POCOS_NO_CONJUNTO_AUDITADO,0,35.0,55.0,,0,SEM_POCOS_NO_CONJUNTO_AUDITADO,0,35.0,55.0,,0,SEM_POCOS_NO_CONJUNTO_AUDITADO,0,35.0,55.0,,SCALE_PRIMARY_O00_V1,2026-08-29,PIH_MS_V2.5_ESTABILIDADE_SENSIBILIDADE_V1,False,False
SCALE-500-O00-00715,500,O00,499.9999999999812,0,21,3,1,MULTIPLAS_UNIDADES_SUPERFICIAIS,Formação Botucatu,Granular (Gr),0,SEM_POCOS_NO_CONJUNTO_AUDITADO,0,90.47619,85.714286,,0,SEM_POCOS_NO_CONJUNTO_AUDITADO,0,90.47619,85.714286,,0,SEM_POCOS_NO_CONJUNTO_AUDITADO,0,90.47619,85.714286,,0,SEM_POCOS_NO_CONJUNTO_AUDITADO,0,90.47619,85.714286,,0,SEM_POCOS_NO_CONJUNTO_AUDITADO,0,90.47619,85.714286,,SCALE_PRIMARY_O00_V1,2026-08-29,PIH_MS_V2.5_ESTABILIDADE_SENSIBILIDADE_V1,False,False
SCALE-500-O00-00716,500,O00,476.9523738820123,4,19,5,2,MULTIPLAS_UNIDADES_SUPERFICIAIS,Formação Cachoeirinha,Granular (Gr),2,EVIDENCIA_DIRETA_PRESENTE,4,36.842105,73.684211,Q01_R03=4|Q01_R05=4|Q01_R06=4,2,EVIDENCIA_DIRETA_PRESENTE,4,36.842105,73.684211,Q02_R02=4|Q02_R03=4|Q02_R04=4|Q02_R05=4|Q02_R06=4,2,EVIDENCIA_DIRETA_PRESENTE,4,36.842105,73.684211,Q03_R02=4|Q03_R03=4|Q03_R05=4|Q03_R07=4|Q03_R08=4,2,EVIDENCIA_DIRETA_PRESENTE,4,36.842105,73.684211,Q04_R03=4|Q04_R04=4|Q04_R05=4,1,POCOS_SEM_EVIDENCIA_DIRETA_DA_PERGUNTA,0,36.842105,73.684211,Q05_R02=4|Q05_R03=4|Q05_R04=4|Q05_R05=4|Q05_R06=4,SCALE_PRIMARY_O00_V1,2026-08-29,PIH_MS_V2.5_ESTABILIDADE_SENSIBILIDADE_V1,False,False
SCALE-500-O00-00717,500,O00,0.17537417782098375,0,0,0,0,UNKNOWN_SEM_CONTEXTO_CLASSIFICADO,,,0,SEM_POCOS_NO_CONJUNTO_AUDITADO,0,,,,0,SEM_POCOS_NO_CONJUNTO_AUDITADO,0,,,,0,SEM_POCOS_NO_CONJUNTO_AUDITADO,0,,,,0,SEM_POCOS_NO_CONJUNTO_AUDITADO,0,,,,0,SEM_POCOS_NO_CONJUNTO_AUDITADO,0,,,,SCALE_PRIMARY_O00_V1,2026-08-29,PIH_MS_V2.5_ESTABILIDADE_SENSIBILIDADE_V1,False,False
SCALE-500-O00-00718,500,O00,265.51471428209385,0,10,2,2,MULTIPLAS_UNIDADES_SUPERFICIAIS,Embasamento Indiferenciado,Fraturada (Fr),0,SEM_POCOS_NO_CONJUNTO_AUDITADO,0,100.0,100.0,,0,SEM_POCOS_NO_CONJUNTO_AUDITADO,0,100.0,100.0,,0,SEM_POCOS_NO_CONJUNTO_AUDITADO,0,100.0,100.0,,0,SEM_POCOS_NO_CONJUNTO_AUDITADO,0,100.0,100.0,,0,SEM_POCOS_NO_CONJUNTO_AUDITADO,0,100.0,100.0,,SCALE_PRIMARY_O00_V1,2026-08-29,PIH_MS_V2.5_ESTABILIDADE_SENSIBILIDADE_V1,False,False
SCALE-500-O00-00719,500,O00,463.5629264484744,0,18,2,2,MULTIPLAS_UNIDADES_SUPERFICIAIS,Depósitos aluvionares,Granular (Gr),0,SEM_POCOS_NO_CONJUNTO_AUDITADO,0,100.0,100.0,,0,SEM_POCOS_NO_CONJUNTO_AUDITADO,0,100.0,100.0,,0,SEM_POCOS_NO_CONJUNTO_AUDITADO,0,100.0,100.0,,0,SEM_POCOS_NO_CONJUNTO_AUDITADO,0,100.0,100.0,,0,SEM_POCOS_NO_CONJUNTO_AUDITADO,0,100.0,100.0,,SCALE_PRIMARY_O00_V1,2026-08-29,PIH_MS_V2.5_ESTABILIDADE_SENSIBILIDADE_V1,False,False
SCALE-500-O00-00720,500,O00,499.9999999999812,0,20,1,1,UMA_UNIDADE_SUPERFICIAL,Depósitos aluvionares,Granular (Gr),0,SEM_POCOS_NO_CONJUNTO_AUDITADO,0,100.0,100.0,,0,SEM_POCOS_NO_CONJUNTO_AUDITADO,0,100.0,100.0,,0,SEM_POCOS_NO_CONJUNTO_AUDITADO,0,100.0,100.0,,0,SEM_POCOS_NO_CONJUNTO_AUDITADO,0,100.0,100.0,,0,SEM_POCOS_NO_CONJUNTO_AUDITADO,0,100.0,100.0,,SCALE_PRIMARY_O00_V1,2026-08-29,PIH_MS_V2.5_ESTABILIDADE_SENSIBILIDADE_V1,False,False
SCALE-500-O00-00721,500,O00,499.9999999999812,0,18,2,1,MULTIPLAS_UNIDADES_SUPERFICIAIS,Depósitos aluvionares,Granular (Gr),0,SEM_POCOS_NO_CONJUNTO_AUDITADO,0,100.0,100.0,,0,SEM_POCOS_NO_CONJUNTO_AUDITADO,0,100.0,100.0,,0,SEM_POCOS_NO_CONJUNTO_AUDITADO,0,100.0,100.0,,0,SEM_POCOS_NO_CONJUNTO_AUDITADO,0,100.0,100.0,,0,SEM_POCOS_NO_CONJUNTO_AUDITADO,0,100.0,100.0,,SCALE_PRIMARY_O00_V1,2026-08-29,PIH_MS_V2.5_ESTABILIDADE_SENSIBILIDADE_V1,False,False
SCALE-500-O00-00722,500,O00,499.9999999999812,0,21,1,1,UMA_UNIDADE_SUPERFICIAL,Formação Pantanal,Granular (Gr),0,SEM_POCOS_NO_CONJUNTO_AUDITADO,0,100.0,100.0,,0,SEM_POCOS_NO_CONJUNTO_AUDITADO,0,100.0,100.0,,0,SEM_POCOS_NO_CONJUNTO_AUDITADO,0,100.0,100.0,,0,SEM_POCOS_NO_CONJUNTO_AUDITADO,0,100.0,100.0,,0,SEM_POCOS_NO_CONJUNTO_AUDITADO,0,100.0,100.0,,SCALE_PRIMARY_O00_V1,2026-08-29,PIH_MS_V2.5_ESTABILIDADE_SENSIBILIDADE_V1,False,False
SCALE-500-O00-00723,500,O00,499.9999999999812,0,20,1,1,UMA_UNIDADE_SUPERFICIAL,Formação Pantanal,Granular (Gr),0,SEM_POCOS_NO_CONJUNTO_AUDITADO,0,100.0,100.0,,0,SEM_POCOS_NO_CONJUNTO_AUDITADO,0,100.0,100.0,,0,SEM_POCOS_NO_CONJUNTO_AUDITADO,0,100.0,100.0,,0,SEM_POCOS_NO_CONJUNTO_AUDITADO,0,100.0,100.0,,0,SEM_POCOS_NO_CONJUNTO_AUDITADO,0,100.0,100.0,,SCALE_PRIMARY_O00_V1,2026-08-29,PIH_MS_V2.5_ESTABILIDADE_SENSIBILIDADE_V1,False,False
SCALE-500-O00-00724,500,O00,499.9999999999812,0,19,1,1,UMA_UNIDADE_SUPERFICIAL,Formação Pantanal,Granular (Gr),0,SEM_POCOS_NO_CONJUNTO_AUDITADO,0,100.0,100.0,,0,SEM_POCOS_NO_CONJUNTO_AUDITADO,0,100.0,100.0,,0,SEM_POCOS_NO_CONJUNTO_AUDITADO,0,100.0,100.0,,0,SEM_POCOS_NO_CONJUNTO_AUDITADO,0,100.0,100.0,,0,SEM_POCOS_NO_CONJUNTO_AUDITADO,0,100.0,100.0,,SCALE_PRIMARY_O00_V1,2026-08-29,PIH_MS_V2.5_ESTABILIDADE_SENSIBILIDADE_V1,False,False
SCALE-500-O00-00725,500,O00,499.9999999999812,0,20,1,1,UMA_UNIDADE_SUPERFICIAL,Formação Pantanal,Granular (Gr),0,SEM_POCOS_NO_CONJUNTO_AUDITADO,0,100.0,100.0,,0,SEM_POCOS_NO_CONJUNTO_AUDITADO,0,100.0,100.0,,0,SEM_POCOS_NO_CONJUNTO_AUDITADO,0,100.0,100.0,,0,SEM_POCOS_NO_CONJUNTO_AUDITADO,0,100.0,100.0,,0,SEM_POCOS_NO_CONJUNTO_AUDITADO,0,100.0,100.0,,SCALE_PRIMARY_O00_V1,2026-08-29,PIH_MS_V2.5_ESTABILIDADE_SENSIBILIDADE_V1,False,False
SCALE-500-O00-00726,500,O00,499.9999999999812,0,21,1,1,UMA_UNIDADE_SUPERFICIAL,Formação Pantanal,Granular (Gr),0,SEM_POCOS_NO_CONJUNTO_AUDITADO,0,100.0,100.0,,0,SEM_POCOS_NO_CONJUNTO_AUDITADO,0,100.0,100.0,,0,SEM_POCOS_NO_CONJUNTO_AUDITADO,0,100.0,100.0,,0,SEM_POCOS_NO_CONJUNTO_AUDITADO,0,100.0,100.0,,0,SEM_POCOS_NO_CONJUNTO_AUDITADO,0,100.0,100.0,,SCALE_PRIMARY_O00_V1,2026-08-29,PIH_MS_V2.5_ESTABILIDADE_SENSIBILIDADE_V1,False,False
SCALE-500-O00-00727,500,O00,499.9999999999743,0,18,1,1,UMA_UNIDADE_SUPERFICIAL,Formação Pantanal,Granular (Gr),0,SEM_POCOS_NO_CONJUNTO_AUDITADO,0,100.0,100.0,,0,SEM_POCOS_NO_CONJUNTO_AUDITADO,0,100.0,100.0,,0,SEM_POCOS_NO_CONJUNTO_AUDITADO,0,100.0,100.0,,0,SEM_POCOS_NO_CONJUNTO_AUDITADO,0,100.0,100.0,,0,SEM_POCOS_NO_CONJUNTO_AUDITADO,0,100.0,100.0,,SCALE_PRIMARY_O00_V1,2026-08-29,PIH_MS_V2.5_ESTABILIDADE_SENSIBILIDADE_V1,False,False
SCALE-500-O00-00728,500,O00,499.9999999999812,0,20,1,1,UMA_UNIDADE_SUPERFICIAL,Formação Pantanal,Granular (Gr),0,SEM_POCOS_NO_CONJUNTO_AUDITADO,0,100.0,100.0,,0,SEM_POCOS_NO_CONJUNTO_AUDITADO,0,100.0,100.0,,0,SEM_POCOS_NO_CONJUNTO_AUDITADO,0,100.0,100.0,,0,SEM_POCOS_NO_CONJUNTO_AUDITADO,0,100.0,100.0,,0,SEM_POCOS_NO_CONJUNTO_AUDITADO,0,100.0,100.0,,SCALE_PRIMARY_O00_V1,2026-08-29,PIH_MS_V2.5_ESTABILIDADE_SENSIBILIDADE_V1,False,False
SCALE-500-O00-00729,500,O00,499.9999999999812,0,20,2,1,MULTIPLAS_UNIDADES_SUPERFICIAIS,Formação Pantanal,Granular (Gr),0,SEM_POCOS_NO_CONJUNTO_AUDITADO,0,100.0,100.0,,0,SEM_POCOS_NO_CONJUNTO_AUDITADO,0,100.0,100.0,,0,SEM_POCOS_NO_CONJUNTO_AUDITADO,0,100.0,100.0,,0,SEM_POCOS_NO_CONJUNTO_AUDITADO,0,100.0,100.0,,0,SEM_POCOS_NO_CONJUNTO_AUDITADO,0,100.0,100.0,,SCALE_PRIMARY_O00_V1,2026-08-29,PIH_MS_V2.5_ESTABILIDADE_SENSIBILIDADE_V1,False,False
SCALE-500-O00-00730,500,O00,499.9999999999812,0,20,3,1,MULTIPLAS_UNIDADES_SUPERFICIAIS,Formação Pantanal,Granular (Gr),0,SEM_POCOS_NO_CONJUNTO_AUDITADO,0,100.0,100.0,,0,SEM_POCOS_NO_CONJUNTO_AUDITADO,0,100.0,100.0,,0,SEM_POCOS_NO_CONJUNTO_AUDITADO,0,100.0,100.0,,0,SEM_POCOS_NO_CONJUNTO_AUDITADO,0,100.0,100.0,,0,SEM_POCOS_NO_CONJUNTO_AUDITADO,0,100.0,100.0,,SCALE_PRIMARY_O00_V1,2026-08-29,PIH_MS_V2.5_ESTABILIDADE_SENSIBILIDADE_V1,False,False
SCALE-500-O00-00731,500,O00,499.9999999999812,1,21,4,1,MULTIPLAS_UNIDADES_SUPERFICIAIS,Formação Furnas,Granular (Gr),2,EVIDENCIA_DIRETA_PRESENTE,1,4.761905,66.666667,Q01_R03=1|Q01_R05=1,2,EVIDENCIA_DIRETA_PRESENTE,1,4.761905,61.904762,Q02_R02=1|Q02_R04=1|Q02_R06=1|Q02_R07=1|Q02_R08=1,2,EVIDENCIA_DIRETA_PRESENTE,1,4.761905,66.666667,Q03_R02=1|Q03_R07=1|Q03_R08=1,2,EVIDENCIA_DIRETA_PRESENTE,1,4.761905,66.666667,Q04_R03=1|Q04_R04=1,2,EVIDENCIA_DIRETA_PRESENTE,1,4.761905,66.666667,Q05_R02=1|Q05_R04=1|Q05_R06=1|Q05_R07=1,SCALE_PRIMARY_O00_V1,2026-08-29,PIH_MS_V2.5_ESTABILIDADE_SENSIBILIDADE_V1,False,False
SCALE-500-O00-00732,500,O00,499.9999999999812,0,18,2,1,MULTIPLAS_UNIDADES_SUPERFICIAIS,Formação Aquidauana,Granular (Gr),0,SEM_POCOS_NO_CONJUNTO_AUDITADO,0,16.666667,61.111111,,0,SEM_POCOS_NO_CONJUNTO_AUDITADO,0,16.666667,61.111111,,0,SEM_POCOS_NO_CONJUNTO_AUDITADO,0,16.666667,61.111111,,0,SEM_POCOS_NO_CONJUNTO_AUDITADO,0,16.666667,61.111111,,0,SEM_POCOS_NO_CONJUNTO_AUDITADO,0,16.666667,61.111111,,SCALE_PRIMARY_O00_V1,2026-08-29,PIH_MS_V2.5_ESTABILIDADE_SENSIBILIDADE_V1,False,False
SCALE-500-O00-00733,500,O00,499.9999999999812,0,20,2,1,MULTIPLAS_UNIDADES_SUPERFICIAIS,Formação Botucatu,Granular (Gr),0,SEM_POCOS_NO_CONJUNTO_AUDITADO,0,100.0,100.0,,0,SEM_POCOS_NO_CONJUNTO_AUDITADO,0,100.0,100.0,,0,SEM_POCOS_NO_CONJUNTO_AUDITADO,0,100.0,100.0,,0,SEM_POCOS_NO_CONJUNTO_AUDITADO,0,100.0,100.0,,0,SEM_POCOS_NO_CONJUNTO_AUDITADO,0,100.0,100.0,,SCALE_PRIMARY_O00_V1,2026-08-29,PIH_MS_V2.5_ESTABILIDADE_SENSIBILIDADE_V1,False,False
SCALE-500-O00-00734,500,O00,493.36037499265046,0,20,2,1,MULTIPLAS_UNIDADES_SUPERFICIAIS,Formação Botucatu,Granular (Gr),0,SEM_POCOS_NO_CONJUNTO_AUDITADO,0,50.0,75.0,,0,SEM_POCOS_NO_CONJUNTO_AUDITADO,0,50.0,75.0,,0,SEM_POCOS_NO_CONJUNTO_AUDITADO,0,50.0,75.0,,0,SEM_POCOS_NO_CONJUNTO_AUDITADO,0,50.0,75.0,,0,SEM_POCOS_NO_CONJUNTO_AUDITADO,0,50.0,75.0,,SCALE_PRIMARY_O00_V1,2026-08-29,PIH_MS_V2.5_ESTABILIDADE_SENSIBILIDADE_V1,False,False
SCALE-500-O00-00735,500,O00,275.1104386656769,0,10,2,1,MULTIPLAS_UNIDADES_SUPERFICIAIS,Formação Botucatu,Granular (Gr),0,SEM_POCOS_NO_CONJUNTO_AUDITADO,0,0.0,50.0,,0,SEM_POCOS_NO_CONJUNTO_AUDITADO,0,0.0,50.0,,0,SEM_POCOS_NO_CONJUNTO_AUDITADO,0,0.0,50.0,,0,SEM_POCOS_NO_CONJUNTO_AUDITADO,0,0.0,50.0,,0,SEM_POCOS_NO_CONJUNTO_AUDITADO,0,0.0,50.0,,SCALE_PRIMARY_O00_V1,2026-08-29,PIH_MS_V2.5_ESTABILIDADE_SENSIBILIDADE_V1,False,False
SCALE-500-O00-00736,500,O00,171.92179826426852,0,7,1,1,UMA_UNIDADE_SUPERFICIAL,Formação Botucatu,Granular (Gr),0,SEM_POCOS_NO_CONJUNTO_AUDITADO,0,100.0,100.0,,0,SEM_POCOS_NO_CONJUNTO_AUDITADO,0,100.0,100.0,,0,SEM_POCOS_NO_CONJUNTO_AUDITADO,0,100.0,100.0,,0,SEM_POCOS_NO_CONJUNTO_AUDITADO,0,100.0,100.0,,0,SEM_POCOS_NO_CONJUNTO_AUDITADO,0,100.0,100.0,,SCALE_PRIMARY_O00_V1,2026-08-29,PIH_MS_V2.5_ESTABILIDADE_SENSIBILIDADE_V1,False,False
SCALE-500-O00-00737,500,O00,187.93713310647811,0,8,3,2,MULTIPLAS_UNIDADES_SUPERFICIAIS,Formação Botucatu,Granular (Gr),0,SEM_POCOS_NO_CONJUNTO_AUDITADO,0,25.0,75.0,,0,SEM_POCOS_NO_CONJUNTO_AUDITADO,0,25.0,75.0,,0,SEM_POCOS_NO_CONJUNTO_AUDITADO,0,25.0,75.0,,0,SEM_POCOS_NO_CONJUNTO_AUDITADO,0,25.0,75.0,,0,SEM_POCOS_NO_CONJUNTO_AUDITADO,0,25.0,75.0,,SCALE_PRIMARY_O00_V1,2026-08-29,PIH_MS_V2.5_ESTABILIDADE_SENSIBILIDADE_V1,False,False
SCALE-500-O00-00738,500,O00,48.17965661405644,0,2,1,1,UMA_UNIDADE_SUPERFICIAL,Formação Cachoeirinha,Granular (Gr),0,SEM_POCOS_NO_CONJUNTO_AUDITADO,0,0.0,0.0,,0,SEM_POCOS_NO_CONJUNTO_AUDITADO,0,0.0,0.0,,0,SEM_POCOS_NO_CONJUNTO_AUDITADO,0,0.0,0.0,,0,SEM_POCOS_NO_CONJUNTO_AUDITADO,0,0.0,0.0,,0,SEM_POCOS_NO_CONJUNTO_AUDITADO,0,0.0,0.0,,SCALE_PRIMARY_O00_V1,2026-08-29,PIH_MS_V2.5_ESTABILIDADE_SENSIBILIDADE_V1,False,False
SCALE-500-O00-00739,500,O00,141.984830149321,0,7,3,3,MULTIPLAS_UNIDADES_SUPERFICIAIS,Formação Pantanal,Granular (Gr),0,SEM_POCOS_NO_CONJUNTO_AUDITADO,0,100.0,100.0,,0,SEM_POCOS_NO_CONJUNTO_AUDITADO,0,100.0,100.0,,0,SEM_POCOS_NO_CONJUNTO_AUDITADO,0,100.0,100.0,,0,SEM_POCOS_NO_CONJUNTO_AUDITADO,0,100.0,100.0,,0,SEM_POCOS_NO_CONJUNTO_AUDITADO,0,100.0,100.0,,SCALE_PRIMARY_O00_V1,2026-08-29,PIH_MS_V2.5_ESTABILIDADE_SENSIBILIDADE_V1,False,False
SCALE-500-O00-00740,500,O00,88.73164654365452,0,2,2,1,MULTIPLAS_UNIDADES_SUPERFICIAIS,Depósitos aluvionares,Granular (Gr),0,SEM_POCOS_NO_CONJUNTO_AUDITADO,0,100.0,100.0,,0,SEM_POCOS_NO_CONJUNTO_AUDITADO,0,100.0,100.0,,0,SEM_POCOS_NO_CONJUNTO_AUDITADO,0,100.0,100.0,,0,SEM_POCOS_NO_CONJUNTO_AUDITADO,0,100.0,100.0,,0,SEM_POCOS_NO_CONJUNTO_AUDITADO,0,100.0,100.0,,SCALE_PRIMARY_O00_V1,2026-08-29,PIH_MS_V2.5_ESTABILIDADE_SENSIBILIDADE_V1,False,False
SCALE-500-O00-00741,500,O00,104.04827346408001,0,4,1,1,UMA_UNIDADE_SUPERFICIAL,Depósitos aluvionares,Granular (Gr),0,SEM_POCOS_NO_CONJUNTO_AUDITADO,0,100.0,100.0,,0,SEM_POCOS_NO_CONJUNTO_AUDITADO,0,100.0,100.0,,0,SEM_POCOS_NO_CONJUNTO_AUDITADO,0,100.0,100.0,,0,SEM_POCOS_NO_CONJUNTO_AUDITADO,0,100.0,100.0,,0,SEM_POCOS_NO_CONJUNTO_AUDITADO,0,100.0,100.0,,SCALE_PRIMARY_O00_V1,2026-08-29,PIH_MS_V2.5_ESTABILIDADE_SENSIBILIDADE_V1,False,False
SCALE-500-O00-00742,500,O00,321.24088928672563,0,13,1,1,UMA_UNIDADE_SUPERFICIAL,Depósitos aluvionares,Granular (Gr),0,SEM_POCOS_NO_CONJUNTO_AUDITADO,0,100.0,100.0,,0,SEM_POCOS_NO_CONJUNTO_AUDITADO,0,100.0,100.0,,0,SEM_POCOS_NO_CONJUNTO_AUDITADO,0,100.0,100.0,,0,SEM_POCOS_NO_CONJUNTO_AUDITADO,0,100.0,100.0,,0,SEM_POCOS_NO_CONJUNTO_AUDITADO,0,100.0,100.0,,SCALE_PRIMARY_O00_V1,2026-08-29,PIH_MS_V2.5_ESTABILIDADE_SENSIBILIDADE_V1,False,False
SCALE-500-O00-00743,500,O00,499.9999999999812,0,21,2,1,MULTIPLAS_UNIDADES_SUPERFICIAIS,Formação Pantanal,Granular (Gr),0,SEM_POCOS_NO_CONJUNTO_AUDITADO,0,100.0,100.0,,0,SEM_POCOS_NO_CONJUNTO_AUDITADO,0,100.0,100.0,,0,SEM_POCOS_NO_CONJUNTO_AUDITADO,0,100.0,100.0,,0,SEM_POCOS_NO_CONJUNTO_AUDITADO,0,100.0,100.0,,0,SEM_POCOS_NO_CONJUNTO_AUDITADO,0,100.0,100.0,,SCALE_PRIMARY_O00_V1,2026-08-29,PIH_MS_V2.5_ESTABILIDADE_SENSIBILIDADE_V1,False,False
SCALE-500-O00-00744,500,O00,499.9999999999812,0,21,1,1,UMA_UNIDADE_SUPERFICIAL,Formação Pantanal,Granular (Gr),0,SEM_POCOS_NO_CONJUNTO_AUDITADO,0,100.0,100.0,,0,SEM_POCOS_NO_CONJUNTO_AUDITADO,0,100.0,100.0,,0,SEM_POCOS_NO_CONJUNTO_AUDITADO,0,100.0,100.0,,0,SEM_POCOS_NO_CONJUNTO_AUDITADO,0,100.0,100.0,,0,SEM_POCOS_NO_CONJUNTO_AUDITADO,0,100.0,100.0,,SCALE_PRIMARY_O00_V1,2026-08-29,PIH_MS_V2.5_ESTABILIDADE_SENSIBILIDADE_V1,False,False
SCALE-500-O00-00745,500,O00,499.9999999999812,0,20,1,1,UMA_UNIDADE_SUPERFICIAL,Formação Pantanal,Granular (Gr),0,SEM_POCOS_NO_CONJUNTO_AUDITADO,0,100.0,100.0,,0,SEM_POCOS_NO_CONJUNTO_AUDITADO,0,100.0,100.0,,0,SEM_POCOS_NO_CONJUNTO_AUDITADO,0,100.0,100.0,,0,SEM_POCOS_NO_CONJUNTO_AUDITADO,0,100.0,100.0,,0,SEM_POCOS_NO_CONJUNTO_AUDITADO,0,100.0,100.0,,SCALE_PRIMARY_O00_V1,2026-08-29,PIH_MS_V2.5_ESTABILIDADE_SENSIBILIDADE_V1,False,False
SCALE-500-O00-00746,500,O00,499.9999999999812,0,17,1,1,UMA_UNIDADE_SUPERFICIAL,Formação Pantanal,Granular (Gr),0,SEM_POCOS_NO_CONJUNTO_AUDITADO,0,100.0,100.0,,0,SEM_POCOS_NO_CONJUNTO_AUDITADO,0,100.0,100.0,,0,SEM_POCOS_NO_CONJUNTO_AUDITADO,0,100.0,100.0,,0,SEM_POCOS_NO_CONJUNTO_AUDITADO,0,100.0,100.0,,0,SEM_POCOS_NO_CONJUNTO_AUDITADO,0,100.0,100.0,,SCALE_PRIMARY_O00_V1,2026-08-29,PIH_MS_V2.5_ESTABILIDADE_SENSIBILIDADE_V1,False,False
SCALE-500-O00-00747,500,O00,499.9999999999812,0,21,1,1,UMA_UNIDADE_SUPERFICIAL,Formação Pantanal,Granular (Gr),0,SEM_POCOS_NO_CONJUNTO_AUDITADO,0,100.0,100.0,,0,SEM_POCOS_NO_CONJUNTO_AUDITADO,0,100.0,100.0,,0,SEM_POCOS_NO_CONJUNTO_AUDITADO,0,100.0,100.0,,0,SEM_POCOS_NO_CONJUNTO_AUDITADO,0,100.0,100.0,,0,SEM_POCOS_NO_CONJUNTO_AUDITADO,0,100.0,100.0,,SCALE_PRIMARY_O00_V1,2026-08-29,PIH_MS_V2.5_ESTABILIDADE_SENSIBILIDADE_V1,False,False
SCALE-500-O00-00748,500,O00,499.9999999999812,0,21,1,1,UMA_UNIDADE_SUPERFICIAL,Formação Pantanal,Granular (Gr),0,SEM_POCOS_NO_CONJUNTO_AUDITADO,0,100.0,100.0,,0,SEM_POCOS_NO_CONJUNTO_AUDITADO,0,100.0,100.0,,0,SEM_POCOS_NO_CONJUNTO_AUDITADO,0,100.0,100.0,,0,SEM_POCOS_NO_CONJUNTO_AUDITADO,0,100.0,100.0,,0,SEM_POCOS_NO_CONJUNTO_AUDITADO,0,100.0,100.0,,SCALE_PRIMARY_O00_V1,2026-08-29,PIH_MS_V2.5_ESTABILIDADE_SENSIBILIDADE_V1,False,False
SCALE-500-O00-00749,500,O00,499.9999999999812,0,21,1,1,UMA_UNIDADE_SUPERFICIAL,Formação Pantanal,Granular (Gr),0,SEM_POCOS_NO_CONJUNTO_AUDITADO,0,100.0,100.0,,0,SEM_POCOS_NO_CONJUNTO_AUDITADO,0,100.0,100.0,,0,SEM_POCOS_NO_CONJUNTO_AUDITADO,0,100.0,100.0,,0,SEM_POCOS_NO_CONJUNTO_AUDITADO,0,100.0,100.0,,0,SEM_POCOS_NO_CONJUNTO_AUDITADO,0,100.0,100.0,,SCALE_PRIMARY_O00_V1,2026-08-29,PIH_MS_V2.5_ESTABILIDADE_SENSIBILIDADE_V1,False,False
SCALE-500-O00-00750,500,O00,499.9999999999812,0,20,2,1,MULTIPLAS_UNIDADES_SUPERFICIAIS,Formação Pantanal,Granular (Gr),0,SEM_POCOS_NO_CONJUNTO_AUDITADO,0,100.0,100.0,,0,SEM_POCOS_NO_CONJUNTO_AUDITADO,0,100.0,100.0,,0,SEM_POCOS_NO_CONJUNTO_AUDITADO,0,100.0,100.0,,0,SEM_POCOS_NO_CONJUNTO_AUDITADO,0,100.0,100.0,,0,SEM_POCOS_NO_CONJUNTO_AUDITADO,0,100.0,100.0,,SCALE_PRIMARY_O00_V1,2026-08-29,PIH_MS_V2.5_ESTABILIDADE_SENSIBILIDADE_V1,False,False
SCALE-500-O00-00751,500,O00,499.9999999999812,0,16,2,1,MULTIPLAS_UNIDADES_SUPERFICIAIS,Formação Pantanal,Granular (Gr),0,SEM_POCOS_NO_CONJUNTO_AUDITADO,0,100.0,100.0,,0,SEM_POCOS_NO_CONJUNTO_AUDITADO,0,100.0,100.0,,0,SEM_POCOS_NO_CONJUNTO_AUDITADO,0,100.0,100.0,,0,SEM_POCOS_NO_CONJUNTO_AUDITADO,0,100.0,100.0,,0,SEM_POCOS_NO_CONJUNTO_AUDITADO,0,100.0,100.0,,SCALE_PRIMARY_O00_V1,2026-08-29,PIH_MS_V2.5_ESTABILIDADE_SENSIBILIDADE_V1,False,False
SCALE-500-O00-00752,500,O00,499.9999999999812,1,21,5,1,MULTIPLAS_UNIDADES_SUPERFICIAIS,Formação Cachoeirinha,Granular (Gr),2,EVIDENCIA_DIRETA_PRESENTE,1,4.761905,47.619048,Q01_R03=1|Q01_R05=1,1,POCOS_SEM_EVIDENCIA_DIRETA_DA_PERGUNTA,0,4.761905,0.0,Q02_R02=1|Q02_R04=1|Q02_R06=1|Q02_R07=1|Q02_R08=1,2,EVIDENCIA_DIRETA_PRESENTE,1,4.761905,47.619048,Q03_R02=1|Q03_R07=1|Q03_R08=1,2,EVIDENCIA_DIRETA_PRESENTE,1,4.761905,47.619048,Q04_R03=1|Q04_R04=1,2,EVIDENCIA_DIRETA_PRESENTE,1,4.761905,47.619048,Q05_R02=1|Q05_R04=1|Q05_R06=1|Q05_R07=1,SCALE_PRIMARY_O00_V1,2026-08-29,PIH_MS_V2.5_ESTABILIDADE_SENSIBILIDADE_V1,False,False
SCALE-500-O00-00753,500,O00,499.9999999999812,0,21,6,1,MULTIPLAS_UNIDADES_SUPERFICIAIS,Formação Ponta Grossa,Granular (Gr),0,SEM_POCOS_NO_CONJUNTO_AUDITADO,0,14.285714,61.904762,,0,SEM_POCOS_NO_CONJUNTO_AUDITADO,0,14.285714,61.904762,,0,SEM_POCOS_NO_CONJUNTO_AUDITADO,0,14.285714,61.904762,,0,SEM_POCOS_NO_CONJUNTO_AUDITADO,0,14.285714,61.904762,,0,SEM_POCOS_NO_CONJUNTO_AUDITADO,0,14.285714,61.904762,,SCALE_PRIMARY_O00_V1,2026-08-29,PIH_MS_V2.5_ESTABILIDADE_SENSIBILIDADE_V1,False,False
SCALE-500-O00-00754,500,O00,499.9999999999812,0,21,3,1,MULTIPLAS_UNIDADES_SUPERFICIAIS,Formação Botucatu,Granular (Gr),0,SEM_POCOS_NO_CONJUNTO_AUDITADO,0,100.0,100.0,,0,SEM_POCOS_NO_CONJUNTO_AUDITADO,0,100.0,100.0,,0,SEM_POCOS_NO_CONJUNTO_AUDITADO,0,100.0,100.0,,0,SEM_POCOS_NO_CONJUNTO_AUDITADO,0,100.0,100.0,,0,SEM_POCOS_NO_CONJUNTO_AUDITADO,0,100.0,100.0,,SCALE_PRIMARY_O00_V1,2026-08-29,PIH_MS_V2.5_ESTABILIDADE_SENSIBILIDADE_V1,False,False
SCALE-500-O00-00755,500,O00,499.9999999999812,0,20,1,1,UMA_UNIDADE_SUPERFICIAL,Formação Botucatu,Granular (Gr),0,SEM_POCOS_NO_CONJUNTO_AUDITADO,0,100.0,100.0,,0,SEM_POCOS_NO_CONJUNTO_AUDITADO,0,100.0,100.0,,0,SEM_POCOS_NO_CONJUNTO_AUDITADO,0,100.0,100.0,,0,SEM_POCOS_NO_CONJUNTO_AUDITADO,0,100.0,100.0,,0,SEM_POCOS_NO_CONJUNTO_AUDITADO,0,100.0,100.0,,SCALE_PRIMARY_O00_V1,2026-08-29,PIH_MS_V2.5_ESTABILIDADE_SENSIBILIDADE_V1,False,False
SCALE-500-O00-00756,500,O00,251.4558750579522,0,8,1,1,UMA_UNIDADE_SUPERFICIAL,Formação Botucatu,Granular (Gr),0,SEM_POCOS_NO_CONJUNTO_AUDITADO,0,100.0,87.5,,0,SEM_POCOS_NO_CONJUNTO_AUDITADO,0,100.0,87.5,,0,SEM_POCOS_NO_CONJUNTO_AUDITADO,0,100.0,87.5,,0,SEM_POCOS_NO_CONJUNTO_AUDITADO,0,100.0,87.5,,0,SEM_POCOS_NO_CONJUNTO_AUDITADO,0,100.0,87.5,,SCALE_PRIMARY_O00_V1,2026-08-29,PIH_MS_V2.5_ESTABILIDADE_SENSIBILIDADE_V1,False,False
SCALE-500-O00-00757,500,O00,21.840923967252216,0,0,0,0,UNKNOWN_SEM_CONTEXTO_CLASSIFICADO,,,0,SEM_POCOS_NO_CONJUNTO_AUDITADO,0,,,,0,SEM_POCOS_NO_CONJUNTO_AUDITADO,0,,,,0,SEM_POCOS_NO_CONJUNTO_AUDITADO,0,,,,0,SEM_POCOS_NO_CONJUNTO_AUDITADO,0,,,,0,SEM_POCOS_NO_CONJUNTO_AUDITADO,0,,,,SCALE_PRIMARY_O00_V1,2026-08-29,PIH_MS_V2.5_ESTABILIDADE_SENSIBILIDADE_V1,False,False
SCALE-500-O00-00758,500,O00,73.12284347693222,0,3,2,1,MULTIPLAS_UNIDADES_SUPERFICIAIS,Formação Pantanal,Granular (Gr),0,SEM_POCOS_NO_CONJUNTO_AUDITADO,0,100.0,100.0,,0,SEM_POCOS_NO_CONJUNTO_AUDITADO,0,100.0,100.0,,0,SEM_POCOS_NO_CONJUNTO_AUDITADO,0,100.0,100.0,,0,SEM_POCOS_NO_CONJUNTO_AUDITADO,0,100.0,100.0,,0,SEM_POCOS_NO_CONJUNTO_AUDITADO,0,100.0,100.0,,SCALE_PRIMARY_O00_V1,2026-08-29,PIH_MS_V2.5_ESTABILIDADE_SENSIBILIDADE_V1,False,False
SCALE-500-O00-00759,500,O00,209.45411379964904,0,7,2,1,MULTIPLAS_UNIDADES_SUPERFICIAIS,Depósitos aluvionares,Granular (Gr),0,SEM_POCOS_NO_CONJUNTO_AUDITADO,0,100.0,100.0,,0,SEM_POCOS_NO_CONJUNTO_AUDITADO,0,100.0,100.0,,0,SEM_POCOS_NO_CONJUNTO_AUDITADO,0,100.0,100.0,,0,SEM_POCOS_NO_CONJUNTO_AUDITADO,0,100.0,100.0,,0,SEM_POCOS_NO_CONJUNTO_AUDITADO,0,100.0,100.0,,SCALE_PRIMARY_O00_V1,2026-08-29,PIH_MS_V2.5_ESTABILIDADE_SENSIBILIDADE_V1,False,False
SCALE-500-O00-00760,500,O00,499.9999999999812,0,20,2,1,MULTIPLAS_UNIDADES_SUPERFICIAIS,Formação Pantanal,Granular (Gr),0,SEM_POCOS_NO_CONJUNTO_AUDITADO,0,100.0,100.0,,0,SEM_POCOS_NO_CONJUNTO_AUDITADO,0,100.0,100.0,,0,SEM_POCOS_NO_CONJUNTO_AUDITADO,0,100.0,100.0,,0,SEM_POCOS_NO_CONJUNTO_AUDITADO,0,100.0,100.0,,0,SEM_POCOS_NO_CONJUNTO_AUDITADO,0,100.0,100.0,,SCALE_PRIMARY_O00_V1,2026-08-29,PIH_MS_V2.5_ESTABILIDADE_SENSIBILIDADE_V1,False,False
SCALE-500-O00-00761,500,O00,499.9999999999812,0,20,1,1,UMA_UNIDADE_SUPERFICIAL,Formação Pantanal,Granular (Gr),0,SEM_POCOS_NO_CONJUNTO_AUDITADO,0,100.0,100.0,,0,SEM_POCOS_NO_CONJUNTO_AUDITADO,0,100.0,100.0,,0,SEM_POCOS_NO_CONJUNTO_AUDITADO,0,100.0,100.0,,0,SEM_POCOS_NO_CONJUNTO_AUDITADO,0,100.0,100.0,,0,SEM_POCOS_NO_CONJUNTO_AUDITADO,0,100.0,100.0,,SCALE_PRIMARY_O00_V1,2026-08-29,PIH_MS_V2.5_ESTABILIDADE_SENSIBILIDADE_V1,False,False
SCALE-500-O00-00762,500,O00,499.9999999999812,0,21,1,1,UMA_UNIDADE_SUPERFICIAL,Formação Pantanal,Granular (Gr),0,SEM_POCOS_NO_CONJUNTO_AUDITADO,0,100.0,100.0,,0,SEM_POCOS_NO_CONJUNTO_AUDITADO,0,100.0,100.0,,0,SEM_POCOS_NO_CONJUNTO_AUDITADO,0,100.0,100.0,,0,SEM_POCOS_NO_CONJUNTO_AUDITADO,0,100.0,100.0,,0,SEM_POCOS_NO_CONJUNTO_AUDITADO,0,100.0,100.0,,SCALE_PRIMARY_O00_V1,2026-08-29,PIH_MS_V2.5_ESTABILIDADE_SENSIBILIDADE_V1,False,False
SCALE-500-O00-00763,500,O00,499.9999999999812,0,20,1,1,UMA_UNIDADE_SUPERFICIAL,Formação Pantanal,Granular (Gr),0,SEM_POCOS_NO_CONJUNTO_AUDITADO,0,100.0,100.0,,0,SEM_POCOS_NO_CONJUNTO_AUDITADO,0,100.0,100.0,,0,SEM_POCOS_NO_CONJUNTO_AUDITADO,0,100.0,100.0,,0,SEM_POCOS_NO_CONJUNTO_AUDITADO,0,100.0,100.0,,0,SEM_POCOS_NO_CONJUNTO_AUDITADO,0,100.0,100.0,,SCALE_PRIMARY_O00_V1,2026-08-29,PIH_MS_V2.5_ESTABILIDADE_SENSIBILIDADE_V1,False,False
SCALE-500-O00-00764,500,O00,499.9999999999812,0,20,1,1,UMA_UNIDADE_SUPERFICIAL,Formação Pantanal,Granular (Gr),0,SEM_POCOS_NO_CONJUNTO_AUDITADO,0,100.0,100.0,,0,SEM_POCOS_NO_CONJUNTO_AUDITADO,0,100.0,100.0,,0,SEM_POCOS_NO_CONJUNTO_AUDITADO,0,100.0,100.0,,0,SEM_POCOS_NO_CONJUNTO_AUDITADO,0,100.0,100.0,,0,SEM_POCOS_NO_CONJUNTO_AUDITADO,0,100.0,100.0,,SCALE_PRIMARY_O00_V1,2026-08-29,PIH_MS_V2.5_ESTABILIDADE_SENSIBILIDADE_V1,False,False
SCALE-500-O00-00765,500,O00,499.9999999999812,0,17,1,1,UMA_UNIDADE_SUPERFICIAL,Formação Pantanal,Granular (Gr),0,SEM_POCOS_NO_CONJUNTO_AUDITADO,0,100.0,100.0,,0,SEM_POCOS_NO_CONJUNTO_AUDITADO,0,100.0,100.0,,0,SEM_POCOS_NO_CONJUNTO_AUDITADO,0,100.0,100.0,,0,SEM_POCOS_NO_CONJUNTO_AUDITADO,0,100.0,100.0,,0,SEM_POCOS_NO_CONJUNTO_AUDITADO,0,100.0,100.0,,SCALE_PRIMARY_O00_V1,2026-08-29,PIH_MS_V2.5_ESTABILIDADE_SENSIBILIDADE_V1,False,False
SCALE-500-O00-00766,500,O00,426.9674677547046,0,18,2,1,MULTIPLAS_UNIDADES_SUPERFICIAIS,Formação Pantanal,Granular (Gr),0,SEM_POCOS_NO_CONJUNTO_AUDITADO,0,100.0,100.0,,0,SEM_POCOS_NO_CONJUNTO_AUDITADO,0,100.0,100.0,,0,SEM_POCOS_NO_CONJUNTO_AUDITADO,0,100.0,100.0,,0,SEM_POCOS_NO_CONJUNTO_AUDITADO,0,100.0,100.0,,0,SEM_POCOS_NO_CONJUNTO_AUDITADO,0,100.0,100.0,,SCALE_PRIMARY_O00_V1,2026-08-29,PIH_MS_V2.5_ESTABILIDADE_SENSIBILIDADE_V1,False,False
SCALE-500-O00-00767,500,O00,177.27508306555004,0,9,2,1,MULTIPLAS_UNIDADES_SUPERFICIAIS,Formação Pantanal,Granular (Gr),0,SEM_POCOS_NO_CONJUNTO_AUDITADO,0,100.0,100.0,,0,SEM_POCOS_NO_CONJUNTO_AUDITADO,0,100.0,100.0,,0,SEM_POCOS_NO_CONJUNTO_AUDITADO,0,100.0,100.0,,0,SEM_POCOS_NO_CONJUNTO_AUDITADO,0,100.0,100.0,,0,SEM_POCOS_NO_CONJUNTO_AUDITADO,0,100.0,100.0,,SCALE_PRIMARY_O00_V1,2026-08-29,PIH_MS_V2.5_ESTABILIDADE_SENSIBILIDADE_V1,False,False
SCALE-500-O00-00768,500,O00,198.7103974987374,0,7,3,1,MULTIPLAS_UNIDADES_SUPERFICIAIS,Formação Pantanal,Granular (Gr),0,SEM_POCOS_NO_CONJUNTO_AUDITADO,0,57.142857,28.571429,,0,SEM_POCOS_NO_CONJUNTO_AUDITADO,0,57.142857,28.571429,,0,SEM_POCOS_NO_CONJUNTO_AUDITADO,0,57.142857,28.571429,,0,SEM_POCOS_NO_CONJUNTO_AUDITADO,0,57.142857,28.571429,,0,SEM_POCOS_NO_CONJUNTO_AUDITADO,0,57.142857,28.571429,,SCALE_PRIMARY_O00_V1,2026-08-29,PIH_MS_V2.5_ESTABILIDADE_SENSIBILIDADE_V1,False,False
SCALE-500-O00-00769,500,O00,440.03262903586636,16,18,3,1,MULTIPLAS_UNIDADES_SUPERFICIAIS,Grupo Bauru,Granular (Gr),2,EVIDENCIA_DIRETA_PRESENTE,16,22.222222,83.333333,Q01_R03=16|Q01_R05=16,2,EVIDENCIA_DIRETA_PRESENTE,16,11.111111,72.222222,Q02_R02=16|Q02_R06=16|Q02_R07=16|Q02_R08=16|Q02_R04=9,2,EVIDENCIA_DIRETA_PRESENTE,4,22.222222,83.333333,Q03_R02=16|Q03_R05=16|Q03_R07=16|Q03_R08=16|Q03_R06=14,2,EVIDENCIA_DIRETA_PRESENTE,16,22.222222,83.333333,Q04_R03=16|Q04_R04=16,2,EVIDENCIA_DIRETA_PRESENTE,12,0.0,83.333333,Q05_R02=16|Q05_R04=16|Q05_R06=16|Q05_R07=16|Q05_R03=4,SCALE_PRIMARY_O00_V1,2026-08-29,PIH_MS_V2.5_ESTABILIDADE_SENSIBILIDADE_V1,False,False
SCALE-500-O00-00770,500,O00,421.434683727858,0,15,2,1,MULTIPLAS_UNIDADES_SUPERFICIAIS,Grupo Bauru,Granular (Gr),0,SEM_POCOS_NO_CONJUNTO_AUDITADO,0,100.0,73.333333,,0,SEM_POCOS_NO_CONJUNTO_AUDITADO,0,100.0,73.333333,,0,SEM_POCOS_NO_CONJUNTO_AUDITADO,0,100.0,73.333333,,0,SEM_POCOS_NO_CONJUNTO_AUDITADO,0,100.0,73.333333,,0,SEM_POCOS_NO_CONJUNTO_AUDITADO,0,100.0,73.333333,,SCALE_PRIMARY_O00_V1,2026-08-29,PIH_MS_V2.5_ESTABILIDADE_SENSIBILIDADE_V1,False,False
SCALE-500-O00-00771,500,O00,164.08158280038916,0,7,2,1,MULTIPLAS_UNIDADES_SUPERFICIAIS,Formação Botucatu,Granular (Gr),0,SEM_POCOS_NO_CONJUNTO_AUDITADO,0,100.0,100.0,,0,SEM_POCOS_NO_CONJUNTO_AUDITADO,0,100.0,100.0,,0,SEM_POCOS_NO_CONJUNTO_AUDITADO,0,100.0,100.0,,0,SEM_POCOS_NO_CONJUNTO_AUDITADO,0,100.0,100.0,,0,SEM_POCOS_NO_CONJUNTO_AUDITADO,0,100.0,100.0,,SCALE_PRIMARY_O00_V1,2026-08-29,PIH_MS_V2.5_ESTABILIDADE_SENSIBILIDADE_V1,False,False
SCALE-500-O00-00772,500,O00,414.62621545079963,1,17,2,1,MULTIPLAS_UNIDADES_SUPERFICIAIS,Formação Botucatu,Granular (Gr),2,EVIDENCIA_DIRETA_PRESENTE,1,0.0,58.823529,Q01_R03=1|Q01_R05=1|Q01_R06=1,2,EVIDENCIA_DIRETA_PRESENTE,1,0.0,58.823529,Q02_R02=1|Q02_R03=1|Q02_R04=1|Q02_R05=1|Q02_R06=1,2,EVIDENCIA_DIRETA_PRESENTE,1,0.0,58.823529,Q03_R02=1|Q03_R03=1|Q03_R05=1|Q03_R06=1|Q03_R07=1,2,EVIDENCIA_DIRETA_PRESENTE,1,0.0,58.823529,Q04_R03=1|Q04_R04=1|Q04_R05=1,1,POCOS_SEM_EVIDENCIA_DIRETA_DA_PERGUNTA,0,0.0,58.823529,Q05_R02=1|Q05_R03=1|Q05_R04=1|Q05_R05=1|Q05_R06=1,SCALE_PRIMARY_O00_V1,2026-08-29,PIH_MS_V2.5_ESTABILIDADE_SENSIBILIDADE_V1,False,False
SCALE-500-O00-00773,500,O00,416.17372260568425,0,15,1,1,UMA_UNIDADE_SUPERFICIAL,Formação Botucatu,Granular (Gr),0,SEM_POCOS_NO_CONJUNTO_AUDITADO,0,20.0,80.0,,0,SEM_POCOS_NO_CONJUNTO_AUDITADO,0,20.0,80.0,,0,SEM_POCOS_NO_CONJUNTO_AUDITADO,0,20.0,80.0,,0,SEM_POCOS_NO_CONJUNTO_AUDITADO,0,20.0,80.0,,0,SEM_POCOS_NO_CONJUNTO_AUDITADO,0,20.0,80.0,,SCALE_PRIMARY_O00_V1,2026-08-29,PIH_MS_V2.5_ESTABILIDADE_SENSIBILIDADE_V1,False,False
SCALE-500-O00-00774,500,O00,150.10826275749687,0,6,1,1,UMA_UNIDADE_SUPERFICIAL,Depósitos aluvionares,Granular (Gr),0,SEM_POCOS_NO_CONJUNTO_AUDITADO,0,100.0,100.0,,0,SEM_POCOS_NO_CONJUNTO_AUDITADO,0,100.0,100.0,,0,SEM_POCOS_NO_CONJUNTO_AUDITADO,0,100.0,100.0,,0,SEM_POCOS_NO_CONJUNTO_AUDITADO,0,100.0,100.0,,0,SEM_POCOS_NO_CONJUNTO_AUDITADO,0,100.0,100.0,,SCALE_PRIMARY_O00_V1,2026-08-29,PIH_MS_V2.5_ESTABILIDADE_SENSIBILIDADE_V1,False,False
SCALE-500-O00-00775,500,O00,439.8916850952809,0,18,2,1,MULTIPLAS_UNIDADES_SUPERFICIAIS,Depósitos aluvionares,Granular (Gr),0,SEM_POCOS_NO_CONJUNTO_AUDITADO,0,100.0,100.0,,0,SEM_POCOS_NO_CONJUNTO_AUDITADO,0,100.0,100.0,,0,SEM_POCOS_NO_CONJUNTO_AUDITADO,0,100.0,100.0,,0,SEM_POCOS_NO_CONJUNTO_AUDITADO,0,100.0,100.0,,0,SEM_POCOS_NO_CONJUNTO_AUDITADO,0,100.0,100.0,,SCALE_PRIMARY_O00_V1,2026-08-29,PIH_MS_V2.5_ESTABILIDADE_SENSIBILIDADE_V1,False,False
SCALE-500-O00-00776,500,O00,477.94159858689375,0,21,2,1,MULTIPLAS_UNIDADES_SUPERFICIAIS,Formação Pantanal,Granular (Gr),0,SEM_POCOS_NO_CONJUNTO_AUDITADO,0,100.0,100.0,,0,SEM_POCOS_NO_CONJUNTO_AUDITADO,0,100.0,100.0,,0,SEM_POCOS_NO_CONJUNTO_AUDITADO,0,100.0,100.0,,0,SEM_POCOS_NO_CONJUNTO_AUDITADO,0,100.0,100.0,,0,SEM_POCOS_NO_CONJUNTO_AUDITADO,0,100.0,100.0,,SCALE_PRIMARY_O00_V1,2026-08-29,PIH_MS_V2.5_ESTABILIDADE_SENSIBILIDADE_V1,False,False
SCALE-500-O00-00777,500,O00,499.9999999999812,0,18,1,1,UMA_UNIDADE_SUPERFICIAL,Formação Pantanal,Granular (Gr),0,SEM_POCOS_NO_CONJUNTO_AUDITADO,0,100.0,100.0,,0,SEM_POCOS_NO_CONJUNTO_AUDITADO,0,100.0,100.0,,0,SEM_POCOS_NO_CONJUNTO_AUDITADO,0,100.0,100.0,,0,SEM_POCOS_NO_CONJUNTO_AUDITADO,0,100.0,100.0,,0,SEM_POCOS_NO_CONJUNTO_AUDITADO,0,100.0,100.0,,SCALE_PRIMARY_O00_V1,2026-08-29,PIH_MS_V2.5_ESTABILIDADE_SENSIBILIDADE_V1,False,False
SCALE-500-O00-00778,500,O00,499.9999999999812,0,21,1,1,UMA_UNIDADE_SUPERFICIAL,Formação Pantanal,Granular (Gr),0,SEM_POCOS_NO_CONJUNTO_AUDITADO,0,100.0,100.0,,0,SEM_POCOS_NO_CONJUNTO_AUDITADO,0,100.0,100.0,,0,SEM_POCOS_NO_CONJUNTO_AUDITADO,0,100.0,100.0,,0,SEM_POCOS_NO_CONJUNTO_AUDITADO,0,100.0,100.0,,0,SEM_POCOS_NO_CONJUNTO_AUDITADO,0,100.0,100.0,,SCALE_PRIMARY_O00_V1,2026-08-29,PIH_MS_V2.5_ESTABILIDADE_SENSIBILIDADE_V1,False,False
SCALE-500-O00-00779,500,O00,421.9710219029352,0,17,2,1,MULTIPLAS_UNIDADES_SUPERFICIAIS,Formação Pantanal,Granular (Gr),0,SEM_POCOS_NO_CONJUNTO_AUDITADO,0,100.0,100.0,,0,SEM_POCOS_NO_CONJUNTO_AUDITADO,0,100.0,100.0,,0,SEM_POCOS_NO_CONJUNTO_AUDITADO,0,100.0,100.0,,0,SEM_POCOS_NO_CONJUNTO_AUDITADO,0,100.0,100.0,,0,SEM_POCOS_NO_CONJUNTO_AUDITADO,0,100.0,100.0,,SCALE_PRIMARY_O00_V1,2026-08-29,PIH_MS_V2.5_ESTABILIDADE_SENSIBILIDADE_V1,False,False
SCALE-500-O00-00780,500,O00,90.78433537283368,0,4,2,1,MULTIPLAS_UNIDADES_SUPERFICIAIS,Formação Pantanal,Granular (Gr),0,SEM_POCOS_NO_CONJUNTO_AUDITADO,0,100.0,100.0,,0,SEM_POCOS_NO_CONJUNTO_AUDITADO,0,100.0,100.0,,0,SEM_POCOS_NO_CONJUNTO_AUDITADO,0,100.0,100.0,,0,SEM_POCOS_NO_CONJUNTO_AUDITADO,0,100.0,100.0,,0,SEM_POCOS_NO_CONJUNTO_AUDITADO,0,100.0,100.0,,SCALE_PRIMARY_O00_V1,2026-08-29,PIH_MS_V2.5_ESTABILIDADE_SENSIBILIDADE_V1,False,False
SCALE-500-O00-00781,500,O00,61.13643133342988,0,1,1,1,UMA_UNIDADE_SUPERFICIAL,Grupo Bauru,Granular (Gr),0,SEM_POCOS_NO_CONJUNTO_AUDITADO,0,100.0,0.0,,0,SEM_POCOS_NO_CONJUNTO_AUDITADO,0,100.0,0.0,,0,SEM_POCOS_NO_CONJUNTO_AUDITADO,0,100.0,0.0,,0,SEM_POCOS_NO_CONJUNTO_AUDITADO,0,100.0,0.0,,0,SEM_POCOS_NO_CONJUNTO_AUDITADO,0,100.0,0.0,,SCALE_PRIMARY_O00_V1,2026-08-29,PIH_MS_V2.5_ESTABILIDADE_SENSIBILIDADE_V1,False,False
SCALE-500-O00-00782,500,O00,0.24727823694022488,0,0,0,0,UNKNOWN_SEM_CONTEXTO_CLASSIFICADO,,,0,SEM_POCOS_NO_CONJUNTO_AUDITADO,0,,,,0,SEM_POCOS_NO_CONJUNTO_AUDITADO,0,,,,0,SEM_POCOS_NO_CONJUNTO_AUDITADO,0,,,,0,SEM_POCOS_NO_CONJUNTO_AUDITADO,0,,,,0,SEM_POCOS_NO_CONJUNTO_AUDITADO,0,,,,SCALE_PRIMARY_O00_V1,2026-08-29,PIH_MS_V2.5_ESTABILIDADE_SENSIBILIDADE_V1,False,False
SCALE-500-O00-00783,500,O00,261.14300037885545,0,9,2,1,MULTIPLAS_UNIDADES_SUPERFICIAIS,Formação Botucatu,Granular (Gr),0,SEM_POCOS_NO_CONJUNTO_AUDITADO,0,0.0,55.555556,,0,SEM_POCOS_NO_CONJUNTO_AUDITADO,0,0.0,55.555556,,0,SEM_POCOS_NO_CONJUNTO_AUDITADO,0,0.0,55.555556,,0,SEM_POCOS_NO_CONJUNTO_AUDITADO,0,0.0,55.555556,,0,SEM_POCOS_NO_CONJUNTO_AUDITADO,0,0.0,55.555556,,SCALE_PRIMARY_O00_V1,2026-08-29,PIH_MS_V2.5_ESTABILIDADE_SENSIBILIDADE_V1,False,False
SCALE-500-O00-00784,500,O00,227.94006109487492,0,11,1,1,UMA_UNIDADE_SUPERFICIAL,Formação Botucatu,Granular (Gr),0,SEM_POCOS_NO_CONJUNTO_AUDITADO,0,63.636364,100.0,,0,SEM_POCOS_NO_CONJUNTO_AUDITADO,0,63.636364,100.0,,0,SEM_POCOS_NO_CONJUNTO_AUDITADO,0,63.636364,100.0,,0,SEM_POCOS_NO_CONJUNTO_AUDITADO,0,63.636364,100.0,,0,SEM_POCOS_NO_CONJUNTO_AUDITADO,0,63.636364,100.0,,SCALE_PRIMARY_O00_V1,2026-08-29,PIH_MS_V2.5_ESTABILIDADE_SENSIBILIDADE_V1,False,False
SCALE-500-O00-00785,500,O00,5.298970409459573,0,0,0,0,UNKNOWN_SEM_CONTEXTO_CLASSIFICADO,,,0,SEM_POCOS_NO_CONJUNTO_AUDITADO,0,,,,0,SEM_POCOS_NO_CONJUNTO_AUDITADO,0,,,,0,SEM_POCOS_NO_CONJUNTO_AUDITADO,0,,,,0,SEM_POCOS_NO_CONJUNTO_AUDITADO,0,,,,0,SEM_POCOS_NO_CONJUNTO_AUDITADO,0,,,,SCALE_PRIMARY_O00_V1,2026-08-29,PIH_MS_V2.5_ESTABILIDADE_SENSIBILIDADE_V1,False,False
SCALE-500-O00-00786,500,O00,17.843021534936927,0,1,1,1,UMA_UNIDADE_SUPERFICIAL,Depósitos aluvionares,Granular (Gr),0,SEM_POCOS_NO_CONJUNTO_AUDITADO,0,100.0,100.0,,0,SEM_POCOS_NO_CONJUNTO_AUDITADO,0,100.0,100.0,,0,SEM_POCOS_NO_CONJUNTO_AUDITADO,0,100.0,100.0,,0,SEM_POCOS_NO_CONJUNTO_AUDITADO,0,100.0,100.0,,0,SEM_POCOS_NO_CONJUNTO_AUDITADO,0,100.0,100.0,,SCALE_PRIMARY_O00_V1,2026-08-29,PIH_MS_V2.5_ESTABILIDADE_SENSIBILIDADE_V1,False,False
SCALE-500-O00-00787,500,O00,158.08321790815944,0,6,2,1,MULTIPLAS_UNIDADES_SUPERFICIAIS,Formação Pantanal,Granular (Gr),0,SEM_POCOS_NO_CONJUNTO_AUDITADO,0,100.0,100.0,,0,SEM_POCOS_NO_CONJUNTO_AUDITADO,0,100.0,100.0,,0,SEM_POCOS_NO_CONJUNTO_AUDITADO,0,100.0,100.0,,0,SEM_POCOS_NO_CONJUNTO_AUDITADO,0,100.0,100.0,,0,SEM_POCOS_NO_CONJUNTO_AUDITADO,0,100.0,100.0,,SCALE_PRIMARY_O00_V1,2026-08-29,PIH_MS_V2.5_ESTABILIDADE_SENSIBILIDADE_V1,False,False
SCALE-500-O00-00788,500,O00,284.79307067635136,0,11,2,1,MULTIPLAS_UNIDADES_SUPERFICIAIS,Formação Pantanal,Granular (Gr),0,SEM_POCOS_NO_CONJUNTO_AUDITADO,0,100.0,100.0,,0,SEM_POCOS_NO_CONJUNTO_AUDITADO,0,100.0,100.0,,0,SEM_POCOS_NO_CONJUNTO_AUDITADO,0,100.0,100.0,,0,SEM_POCOS_NO_CONJUNTO_AUDITADO,0,100.0,100.0,,0,SEM_POCOS_NO_CONJUNTO_AUDITADO,0,100.0,100.0,,SCALE_PRIMARY_O00_V1,2026-08-29,PIH_MS_V2.5_ESTABILIDADE_SENSIBILIDADE_V1,False,False
SCALE-500-O00-00789,500,O00,57.66157877449148,0,2,1,1,UMA_UNIDADE_SUPERFICIAL,Depósitos aluvionares,Granular (Gr),0,SEM_POCOS_NO_CONJUNTO_AUDITADO,0,100.0,100.0,,0,SEM_POCOS_NO_CONJUNTO_AUDITADO,0,100.0,100.0,,0,SEM_POCOS_NO_CONJUNTO_AUDITADO,0,100.0,100.0,,0,SEM_POCOS_NO_CONJUNTO_AUDITADO,0,100.0,100.0,,0,SEM_POCOS_NO_CONJUNTO_AUDITADO,0,100.0,100.0,,SCALE_PRIMARY_O00_V1,2026-08-29,PIH_MS_V2.5_ESTABILIDADE_SENSIBILIDADE_V1,False,False
SCALE-500-O00-00790,500,O00,116.16584871851717,0,6,1,1,UMA_UNIDADE_SUPERFICIAL,Formação Botucatu,Granular (Gr),0,SEM_POCOS_NO_CONJUNTO_AUDITADO,0,100.0,100.0,,0,SEM_POCOS_NO_CONJUNTO_AUDITADO,0,100.0,100.0,,0,SEM_POCOS_NO_CONJUNTO_AUDITADO,0,100.0,100.0,,0,SEM_POCOS_NO_CONJUNTO_AUDITADO,0,100.0,100.0,,0,SEM_POCOS_NO_CONJUNTO_AUDITADO,0,100.0,100.0,,SCALE_PRIMARY_O00_V1,2026-08-29,PIH_MS_V2.5_ESTABILIDADE_SENSIBILIDADE_V1,False,False
SCALE-500-O00-00791,500,O00,0.16500583779770553,0,0,0,0,UNKNOWN_SEM_CONTEXTO_CLASSIFICADO,,,0,SEM_POCOS_NO_CONJUNTO_AUDITADO,0,,,,0,SEM_POCOS_NO_CONJUNTO_AUDITADO,0,,,,0,SEM_POCOS_NO_CONJUNTO_AUDITADO,0,,,,0,SEM_POCOS_NO_CONJUNTO_AUDITADO,0,,,,0,SEM_POCOS_NO_CONJUNTO_AUDITADO,0,,,,SCALE_PRIMARY_O00_V1,2026-08-29,PIH_MS_V2.5_ESTABILIDADE_SENSIBILIDADE_V1,False,False
