cell_id,scale_km2,area_effective_km2,n_wells_raw,analysis_status,source_snapshot_overlap_n,pct_source_snapshot_overlap,coordinate_sites_n,coordinate_compression_n,coordinate_compression_pct,review_high_clusters_n,review_high_reduction_n,review_high_reduction_pct,review_all_clusters_n,review_all_reduction_n,review_all_reduction_pct,duplicate_candidate_wells_n,duplicate_candidate_wells_pct,high_duplicate_candidate_wells_n,high_duplicate_candidate_wells_pct,exact_colocation_wells_n,exact_colocation_wells_pct,nn_lt_100m_n,nn_lt_100m_pct,nn_lt_500m_n,nn_lt_500m_pct,nn_lt_1000m_n,nn_lt_1000m_pct,nearest_neighbor_median_m,documentary_domains_mean,documentary_domains_median,zero_domains_n,zero_domains_pct,fourplus_domains_n,fourplus_domains_pct,dated_domains_mean,dated_domains_median,source_core_pairs_comparable_n,source_core_pairs_matching_n,source_core_match_pct,specific_capacity_both_sources_n,specific_capacity_source_echo_n,specific_capacity_source_echo_pct,pumping_test_records_n,chem_sample_records_n,chem_result_records_n,hydraulic_parameter_records_n,chem_sample_records_per_well,hydraulic_parameter_records_per_well
SCALE-1000-O00-00001,1000,1.403442840943237,0,SEM_POCO_NO_CONJUNTO_AUDITADO,,,,,,,,,,,,,,,,,,,,,,,,,,,,,,,,,,,,,,,,,,,,
SCALE-1000-O00-00002,1000,3.210240193438637,0,SEM_POCO_NO_CONJUNTO_AUDITADO,,,,,,,,,,,,,,,,,,,,,,,,,,,,,,,,,,,,,,,,,,,,
SCALE-1000-O00-00003,1000,28.644078713823372,0,SEM_POCO_NO_CONJUNTO_AUDITADO,,,,,,,,,,,,,,,,,,,,,,,,,,,,,,,,,,,,,,,,,,,,
SCALE-1000-O00-00004,1000,116.32899926364401,8,COM_POCO_NO_CONJUNTO_AUDITADO,5.0,62.5,8.0,0.0,0.0,8.0,0.0,0.0,8.0,0.0,0.0,0.0,0.0,0.0,0.0,0.0,0.0,3.0,37.5,5.0,62.5,5.0,62.5,183.68,3.875,4.0,0.0,0.0,6.0,75.0,0.875,1.0,20.0,20.0,100.0,5.0,5.0,100.0,5.0,3.0,5.0,18.0,0.375,2.25
SCALE-1000-O00-00005,1000,882.424123183556,3,COM_POCO_NO_CONJUNTO_AUDITADO,3.0,100.0,3.0,0.0,0.0,3.0,0.0,0.0,3.0,0.0,0.0,0.0,0.0,0.0,0.0,0.0,0.0,0.0,0.0,0.0,0.0,2.0,66.66666666666667,746.36,4.333333333333333,4.0,0.0,0.0,3.0,100.0,1.3333333333333333,1.0,12.0,12.0,100.0,3.0,3.0,100.0,3.0,1.0,2.0,9.0,0.3333333333333333,3.0
SCALE-1000-O00-00006,1000,613.0405743185787,5,COM_POCO_NO_CONJUNTO_AUDITADO,3.0,60.0,5.0,0.0,0.0,5.0,0.0,0.0,5.0,0.0,0.0,0.0,0.0,0.0,0.0,0.0,0.0,2.0,40.0,3.0,60.0,3.0,60.0,462.59,3.8,4.0,0.0,0.0,4.0,80.0,0.4,0.0,12.0,12.0,100.0,3.0,3.0,100.0,3.0,1.0,1.0,11.0,0.2,2.2
SCALE-1000-O00-00007,1000,457.10667930018633,13,COM_POCO_NO_CONJUNTO_AUDITADO,12.0,92.3076923076923,13.0,0.0,0.0,13.0,0.0,0.0,13.0,0.0,0.0,0.0,0.0,0.0,0.0,0.0,0.0,4.0,30.76923076923077,6.0,46.15384615384615,7.0,53.84615384615385,721.3,4.076923076923077,4.0,0.0,0.0,13.0,100.0,1.0,1.0,48.0,48.0,100.0,12.0,12.0,100.0,12.0,3.0,3.0,38.0,0.23076923076923078,2.923076923076923
SCALE-1000-O00-00008,1000,847.9687751622524,42,COM_POCO_NO_CONJUNTO_AUDITADO,21.0,50.0,42.0,0.0,0.0,42.0,0.0,0.0,42.0,0.0,0.0,0.0,0.0,0.0,0.0,0.0,0.0,16.0,38.095238095238095,29.0,69.04761904761905,35.0,83.33333333333333,107.37,3.642857142857143,4.0,1.0,2.380952380952381,30.0,71.42857142857143,0.5,0.0,79.0,79.0,100.0,19.0,19.0,100.0,20.0,15.0,16.0,81.0,0.35714285714285715,1.9285714285714286
SCALE-1000-O00-00009,1000,899.0093507174781,0,SEM_POCO_NO_CONJUNTO_AUDITADO,,,,,,,,,,,,,,,,,,,,,,,,,,,,,,,,,,,,,,,,,,,,
SCALE-1000-O00-00010,1000,1000.0000000000462,9,COM_POCO_NO_CONJUNTO_AUDITADO,4.0,44.44444444444444,9.0,0.0,0.0,9.0,0.0,0.0,9.0,0.0,0.0,0.0,0.0,0.0,0.0,0.0,0.0,0.0,0.0,3.0,33.333333333333336,3.0,33.333333333333336,1749.4,4.0,4.0,0.0,0.0,8.0,88.88888888888889,0.5555555555555556,0.0,16.0,16.0,100.0,4.0,4.0,100.0,4.0,5.0,6.0,17.0,0.5555555555555556,1.8888888888888888
SCALE-1000-O00-00011,1000,1000.0000000000462,19,COM_POCO_NO_CONJUNTO_AUDITADO,14.0,73.6842105263158,19.0,0.0,0.0,19.0,0.0,0.0,19.0,0.0,0.0,0.0,0.0,0.0,0.0,0.0,0.0,9.0,47.36842105263158,14.0,73.6842105263158,17.0,89.47368421052632,271.37,3.789473684210526,4.0,2.0,10.526315789473685,17.0,89.47368421052632,0.9473684210526315,1.0,52.0,52.0,100.0,13.0,13.0,100.0,13.0,8.0,12.0,45.0,0.42105263157894735,2.3684210526315788
SCALE-1000-O00-00012,1000,1000.0000000000462,3,COM_POCO_NO_CONJUNTO_AUDITADO,1.0,33.333333333333336,3.0,0.0,0.0,3.0,0.0,0.0,3.0,0.0,0.0,0.0,0.0,0.0,0.0,0.0,0.0,0.0,0.0,0.0,0.0,0.0,0.0,4467.34,2.6666666666666665,4.0,1.0,33.333333333333336,2.0,66.66666666666667,0.0,0.0,0.0,0.0,,0.0,0.0,,0.0,2.0,2.0,4.0,0.6666666666666666,1.3333333333333333
SCALE-1000-O00-00013,1000,556.6526560683305,20,COM_POCO_NO_CONJUNTO_AUDITADO,2.0,10.0,20.0,0.0,0.0,20.0,0.0,0.0,20.0,0.0,0.0,0.0,0.0,0.0,0.0,0.0,0.0,4.0,20.0,14.0,70.0,17.0,85.0,215.84,3.3,4.0,2.0,10.0,12.0,60.0,0.0,0.0,0.0,0.0,,0.0,0.0,,0.0,14.0,14.0,20.0,0.7,1.0
SCALE-1000-O00-00014,1000,472.30636329660996,0,SEM_POCO_NO_CONJUNTO_AUDITADO,,,,,,,,,,,,,,,,,,,,,,,,,,,,,,,,,,,,,,,,,,,,
SCALE-1000-O00-00015,1000,1000.0000000000462,0,SEM_POCO_NO_CONJUNTO_AUDITADO,,,,,,,,,,,,,,,,,,,,,,,,,,,,,,,,,,,,,,,,,,,,
SCALE-1000-O00-00016,1000,1000.0000000000462,0,SEM_POCO_NO_CONJUNTO_AUDITADO,,,,,,,,,,,,,,,,,,,,,,,,,,,,,,,,,,,,,,,,,,,,
SCALE-1000-O00-00017,1000,1000.0000000000462,0,SEM_POCO_NO_CONJUNTO_AUDITADO,,,,,,,,,,,,,,,,,,,,,,,,,,,,,,,,,,,,,,,,,,,,
SCALE-1000-O00-00018,1000,1000.0000000000462,26,COM_POCO_NO_CONJUNTO_AUDITADO,8.0,30.76923076923077,26.0,0.0,0.0,26.0,0.0,0.0,26.0,0.0,0.0,0.0,0.0,0.0,0.0,0.0,0.0,10.0,38.46153846153846,14.0,53.84615384615385,19.0,73.07692307692308,201.395,3.3846153846153846,4.0,2.0,7.6923076923076925,17.0,65.38461538461539,0.23076923076923078,0.0,24.0,24.0,100.0,6.0,6.0,100.0,6.0,16.0,16.0,39.0,0.6153846153846154,1.5
SCALE-1000-O00-00019,1000,703.1974532685759,1,COM_POCO_NO_CONJUNTO_AUDITADO,0.0,0.0,1.0,0.0,0.0,1.0,0.0,0.0,1.0,0.0,0.0,0.0,0.0,0.0,0.0,0.0,0.0,0.0,0.0,0.0,0.0,0.0,0.0,11323.46,4.0,4.0,0.0,0.0,1.0,100.0,0.0,0.0,0.0,0.0,,0.0,0.0,,0.0,1.0,1.0,1.0,1.0,1.0
SCALE-1000-O00-00020,1000,0.7868386305493345,0,SEM_POCO_NO_CONJUNTO_AUDITADO,,,,,,,,,,,,,,,,,,,,,,,,,,,,,,,,,,,,,,,,,,,,
SCALE-1000-O00-00021,1000,158.23825009377998,16,COM_POCO_NO_CONJUNTO_AUDITADO,14.0,87.5,16.0,0.0,0.0,16.0,0.0,0.0,16.0,0.0,0.0,0.0,0.0,0.0,0.0,0.0,0.0,12.0,75.0,14.0,87.5,16.0,100.0,73.92,3.875,4.0,1.0,6.25,14.0,87.5,1.0,1.0,52.0,49.0,94.23076923076923,13.0,12.0,92.3076923076923,13.0,6.0,11.0,43.0,0.375,2.6875
SCALE-1000-O00-00022,1000,999.9999783244283,38,COM_POCO_NO_CONJUNTO_AUDITADO,29.0,76.3157894736842,38.0,0.0,0.0,38.0,0.0,0.0,38.0,0.0,0.0,0.0,0.0,0.0,0.0,0.0,0.0,11.0,28.94736842105263,28.0,73.6842105263158,31.0,81.57894736842105,142.93,3.3421052631578947,4.0,5.0,13.157894736842104,27.0,71.05263157894737,0.7105263157894737,1.0,96.0,96.0,100.0,23.0,23.0,100.0,24.0,11.0,14.0,87.0,0.2894736842105263,2.289473684210526
SCALE-1000-O00-00023,1000,1000.0000000000462,12,COM_POCO_NO_CONJUNTO_AUDITADO,7.0,58.333333333333336,12.0,0.0,0.0,12.0,0.0,0.0,12.0,0.0,0.0,0.0,0.0,0.0,0.0,0.0,0.0,3.0,25.0,7.0,58.333333333333336,7.0,58.333333333333336,120.96000000000001,3.0833333333333335,4.0,1.0,8.333333333333334,7.0,58.333333333333336,0.3333333333333333,0.0,19.0,19.0,100.0,4.0,4.0,100.0,4.0,3.0,3.0,23.0,0.25,1.9166666666666667
SCALE-1000-O00-00024,1000,1000.0000000000462,0,SEM_POCO_NO_CONJUNTO_AUDITADO,,,,,,,,,,,,,,,,,,,,,,,,,,,,,,,,,,,,,,,,,,,,
SCALE-1000-O00-00025,1000,1000.0000000000462,15,COM_POCO_NO_CONJUNTO_AUDITADO,2.0,13.333333333333334,15.0,0.0,0.0,15.0,0.0,0.0,15.0,0.0,0.0,0.0,0.0,0.0,0.0,0.0,0.0,2.0,13.333333333333334,2.0,13.333333333333334,11.0,73.33333333333333,557.59,3.6666666666666665,4.0,1.0,6.666666666666667,12.0,80.0,0.13333333333333333,0.0,4.0,4.0,100.0,1.0,1.0,100.0,1.0,13.0,14.0,18.0,0.8666666666666667,1.2
SCALE-1000-O00-00026,1000,1000.0000000000462,43,COM_POCO_NO_CONJUNTO_AUDITADO,27.0,62.7906976744186,42.0,1.0,2.3255813953488373,42.0,1.0,2.3255813953488373,42.0,1.0,2.3255813953488373,2.0,4.651162790697675,0.0,0.0,2.0,4.651162790697675,13.0,30.232558139534884,26.0,60.46511627906977,32.0,74.4186046511628,261.42,3.5813953488372094,4.0,2.0,4.651162790697675,32.0,74.4186046511628,0.6511627906976745,1.0,92.0,92.0,100.0,22.0,22.0,100.0,23.0,15.0,24.0,90.0,0.3488372093023256,2.0930232558139537
SCALE-1000-O00-00027,1000,741.3026227986777,4,COM_POCO_NO_CONJUNTO_AUDITADO,0.0,0.0,4.0,0.0,0.0,4.0,0.0,0.0,4.0,0.0,0.0,0.0,0.0,0.0,0.0,0.0,0.0,2.0,50.0,2.0,50.0,2.0,50.0,2164.755,4.0,4.0,0.0,0.0,4.0,100.0,0.0,0.0,0.0,0.0,,0.0,0.0,,0.0,4.0,4.0,4.0,1.0,1.0
SCALE-1000-O00-00028,1000,855.9995402673668,12,COM_POCO_NO_CONJUNTO_AUDITADO,8.0,66.66666666666667,12.0,0.0,0.0,12.0,0.0,0.0,12.0,0.0,0.0,0.0,0.0,0.0,0.0,0.0,0.0,6.0,50.0,7.0,58.333333333333336,8.0,66.66666666666667,216.48499999999999,4.0,4.0,0.0,0.0,11.0,91.66666666666667,0.6666666666666666,1.0,28.0,25.0,89.28571428571429,6.0,5.0,83.33333333333333,7.0,7.0,7.0,26.0,0.5833333333333334,2.1666666666666665
SCALE-1000-O00-00029,1000,1000.0000000000462,10,COM_POCO_NO_CONJUNTO_AUDITADO,8.0,80.0,10.0,0.0,0.0,10.0,0.0,0.0,10.0,0.0,0.0,0.0,0.0,0.0,0.0,0.0,0.0,4.0,40.0,4.0,40.0,4.0,40.0,3103.625,2.2,3.0,4.0,40.0,4.0,40.0,0.4,0.0,15.0,13.0,86.66666666666667,3.0,3.0,100.0,3.0,2.0,3.0,21.0,0.2,2.1
SCALE-1000-O00-00030,1000,1000.0000000000462,11,COM_POCO_NO_CONJUNTO_AUDITADO,5.0,45.45454545454545,11.0,0.0,0.0,11.0,0.0,0.0,11.0,0.0,0.0,0.0,0.0,0.0,0.0,0.0,0.0,2.0,18.181818181818183,4.0,36.36363636363637,6.0,54.54545454545455,914.92,3.0,4.0,3.0,27.272727272727273,7.0,63.63636363636363,0.45454545454545453,0.0,9.0,9.0,100.0,2.0,2.0,100.0,2.0,8.0,9.0,18.0,0.7272727272727273,1.6363636363636365
SCALE-1000-O00-00031,1000,1000.0000000000462,9,COM_POCO_NO_CONJUNTO_AUDITADO,7.0,77.77777777777777,9.0,0.0,0.0,9.0,0.0,0.0,9.0,0.0,0.0,0.0,0.0,0.0,0.0,0.0,0.0,0.0,0.0,4.0,44.44444444444444,4.0,44.44444444444444,2949.93,2.6666666666666665,4.0,3.0,33.333333333333336,5.0,55.55555555555556,0.5555555555555556,0.0,16.0,16.0,100.0,4.0,4.0,100.0,4.0,2.0,3.0,20.0,0.2222222222222222,2.2222222222222223
SCALE-1000-O00-00032,1000,1000.0000000000462,2,COM_POCO_NO_CONJUNTO_AUDITADO,1.0,50.0,2.0,0.0,0.0,2.0,0.0,0.0,2.0,0.0,0.0,0.0,0.0,0.0,0.0,0.0,0.0,0.0,0.0,0.0,0.0,0.0,0.0,1348.05,2.5,2.5,0.0,0.0,1.0,50.0,0.5,0.5,4.0,4.0,100.0,1.0,1.0,100.0,1.0,0.0,0.0,3.0,0.0,1.5
SCALE-1000-O00-00033,1000,1000.0000000000462,4,COM_POCO_NO_CONJUNTO_AUDITADO,0.0,0.0,4.0,0.0,0.0,4.0,0.0,0.0,4.0,0.0,0.0,0.0,0.0,0.0,0.0,0.0,0.0,0.0,0.0,2.0,50.0,2.0,50.0,3568.45,2.5,3.0,1.0,25.0,1.0,25.0,0.0,0.0,0.0,0.0,,0.0,0.0,,0.0,1.0,1.0,3.0,0.25,0.75
SCALE-1000-O00-00034,1000,759.3230198416803,0,SEM_POCO_NO_CONJUNTO_AUDITADO,,,,,,,,,,,,,,,,,,,,,,,,,,,,,,,,,,,,,,,,,,,,
SCALE-1000-O00-00035,1000,164.5403024555691,0,SEM_POCO_NO_CONJUNTO_AUDITADO,,,,,,,,,,,,,,,,,,,,,,,,,,,,,,,,,,,,,,,,,,,,
SCALE-1000-O00-00036,1000,487.2536918854983,61,COM_POCO_NO_CONJUNTO_AUDITADO,44.0,72.1311475409836,61.0,0.0,0.0,61.0,0.0,0.0,61.0,0.0,0.0,0.0,0.0,0.0,0.0,0.0,0.0,27.0,44.26229508196721,50.0,81.9672131147541,58.0,95.08196721311475,106.06,3.7868852459016393,4.0,2.0,3.278688524590164,51.0,83.60655737704919,0.7377049180327869,1.0,162.0,162.0,100.0,40.0,40.0,100.0,40.0,21.0,27.0,145.0,0.3442622950819672,2.377049180327869
SCALE-1000-O00-00037,1000,1000.0000000000462,2,COM_POCO_NO_CONJUNTO_AUDITADO,2.0,100.0,2.0,0.0,0.0,2.0,0.0,0.0,2.0,0.0,0.0,0.0,0.0,0.0,0.0,0.0,0.0,0.0,0.0,2.0,100.0,2.0,100.0,275.96,2.5,2.5,0.0,0.0,1.0,50.0,0.5,0.5,5.0,5.0,100.0,1.0,1.0,100.0,1.0,0.0,0.0,5.0,0.0,2.5
SCALE-1000-O00-00038,1000,1000.0000000000462,28,COM_POCO_NO_CONJUNTO_AUDITADO,14.0,50.0,28.0,0.0,0.0,28.0,0.0,0.0,28.0,0.0,0.0,0.0,0.0,0.0,0.0,0.0,0.0,4.0,14.285714285714286,16.0,57.142857142857146,20.0,71.42857142857143,364.78,3.25,4.0,2.0,7.142857142857143,19.0,67.85714285714286,0.32142857142857145,0.0,38.0,38.0,100.0,8.0,8.0,100.0,7.0,16.0,18.0,48.0,0.5714285714285714,1.7142857142857142
SCALE-1000-O00-00039,1000,1000.0000000000462,66,COM_POCO_NO_CONJUNTO_AUDITADO,37.0,56.06060606060606,66.0,0.0,0.0,66.0,0.0,0.0,66.0,0.0,0.0,0.0,0.0,0.0,0.0,0.0,0.0,30.0,45.45454545454545,52.0,78.78787878787878,59.0,89.39393939393939,140.5,3.757575757575758,4.0,5.0,7.575757575757576,51.0,77.27272727272727,0.7424242424242424,0.0,128.0,128.0,100.0,31.0,31.0,100.0,32.0,46.0,69.0,130.0,0.696969696969697,1.9696969696969697
SCALE-1000-O00-00040,1000,1000.0000000000462,54,COM_POCO_NO_CONJUNTO_AUDITADO,11.0,20.37037037037037,54.0,0.0,0.0,54.0,0.0,0.0,54.0,0.0,0.0,0.0,0.0,0.0,0.0,0.0,0.0,6.0,11.11111111111111,27.0,50.0,37.0,68.51851851851852,486.96000000000004,3.759259259259259,4.0,1.0,1.8518518518518519,41.0,75.92592592592592,0.2777777777777778,0.0,40.0,40.0,100.0,10.0,10.0,100.0,10.0,38.0,45.0,76.0,0.7037037037037037,1.4074074074074074
SCALE-1000-O00-00041,1000,1000.0000000000462,44,COM_POCO_NO_CONJUNTO_AUDITADO,6.0,13.636363636363637,44.0,0.0,0.0,44.0,0.0,0.0,44.0,0.0,0.0,0.0,0.0,0.0,0.0,0.0,0.0,7.0,15.909090909090908,25.0,56.81818181818182,33.0,75.0,416.445,3.409090909090909,4.0,3.0,6.818181818181818,27.0,61.36363636363637,0.11363636363636363,0.0,12.0,12.0,100.0,3.0,3.0,100.0,3.0,30.0,34.0,53.0,0.6818181818181818,1.2045454545454546
SCALE-1000-O00-00042,1000,1000.0000000000462,12,COM_POCO_NO_CONJUNTO_AUDITADO,10.0,83.33333333333333,10.0,2.0,16.666666666666668,10.0,2.0,16.666666666666668,10.0,2.0,16.666666666666668,4.0,33.333333333333336,2.0,16.666666666666668,4.0,33.333333333333336,8.0,66.66666666666667,9.0,75.0,10.0,83.33333333333333,84.255,3.9166666666666665,4.0,0.0,0.0,10.0,83.33333333333333,1.0833333333333333,1.0,40.0,40.0,100.0,10.0,10.0,100.0,10.0,4.0,5.0,33.0,0.3333333333333333,2.75
SCALE-1000-O00-00043,1000,1000.0000000000462,16,COM_POCO_NO_CONJUNTO_AUDITADO,11.0,68.75,16.0,0.0,0.0,16.0,0.0,0.0,16.0,0.0,0.0,0.0,0.0,0.0,0.0,0.0,0.0,11.0,68.75,13.0,81.25,13.0,81.25,67.6,4.125,4.0,0.0,0.0,15.0,93.75,0.9375,1.0,44.0,44.0,100.0,11.0,11.0,100.0,11.0,8.0,8.0,39.0,0.5,2.4375
SCALE-1000-O00-00044,1000,509.8801644694341,0,SEM_POCO_NO_CONJUNTO_AUDITADO,,,,,,,,,,,,,,,,,,,,,,,,,,,,,,,,,,,,,,,,,,,,
SCALE-1000-O00-00045,1000,71.683396346674,0,SEM_POCO_NO_CONJUNTO_AUDITADO,,,,,,,,,,,,,,,,,,,,,,,,,,,,,,,,,,,,,,,,,,,,
SCALE-1000-O00-00046,1000,219.65543640649295,0,SEM_POCO_NO_CONJUNTO_AUDITADO,,,,,,,,,,,,,,,,,,,,,,,,,,,,,,,,,,,,,,,,,,,,
SCALE-1000-O00-00047,1000,392.69547573888127,0,SEM_POCO_NO_CONJUNTO_AUDITADO,,,,,,,,,,,,,,,,,,,,,,,,,,,,,,,,,,,,,,,,,,,,
SCALE-1000-O00-00048,1000,450.9830104803676,1,COM_POCO_NO_CONJUNTO_AUDITADO,1.0,100.0,1.0,0.0,0.0,1.0,0.0,0.0,1.0,0.0,0.0,0.0,0.0,0.0,0.0,0.0,0.0,0.0,0.0,0.0,0.0,0.0,0.0,24512.18,4.0,4.0,0.0,0.0,1.0,100.0,1.0,1.0,4.0,4.0,100.0,1.0,1.0,100.0,1.0,0.0,0.0,3.0,0.0,3.0
SCALE-1000-O00-00049,1000,136.95310343382133,1,COM_POCO_NO_CONJUNTO_AUDITADO,0.0,0.0,1.0,0.0,0.0,1.0,0.0,0.0,1.0,0.0,0.0,0.0,0.0,0.0,0.0,0.0,0.0,0.0,0.0,0.0,0.0,0.0,0.0,5769.73,3.0,3.0,0.0,0.0,0.0,0.0,0.0,0.0,0.0,0.0,,0.0,0.0,,0.0,1.0,1.0,1.0,1.0,1.0
SCALE-1000-O00-00050,1000,417.9599590003437,3,COM_POCO_NO_CONJUNTO_AUDITADO,3.0,100.0,3.0,0.0,0.0,3.0,0.0,0.0,3.0,0.0,0.0,0.0,0.0,0.0,0.0,0.0,0.0,0.0,0.0,0.0,0.0,0.0,0.0,6791.65,2.6666666666666665,4.0,1.0,33.333333333333336,2.0,66.66666666666667,0.6666666666666666,1.0,8.0,8.0,100.0,2.0,2.0,100.0,2.0,0.0,0.0,8.0,0.0,2.6666666666666665
SCALE-1000-O00-00051,1000,648.000189463494,17,COM_POCO_NO_CONJUNTO_AUDITADO,15.0,88.23529411764706,17.0,0.0,0.0,17.0,0.0,0.0,17.0,0.0,0.0,0.0,0.0,0.0,0.0,0.0,0.0,10.0,58.8235294117647,15.0,88.23529411764706,15.0,88.23529411764706,84.26,3.7058823529411766,4.0,1.0,5.882352941176471,13.0,76.47058823529412,1.0,1.0,47.0,47.0,100.0,11.0,11.0,100.0,11.0,10.0,12.0,47.0,0.5882352941176471,2.764705882352941
SCALE-1000-O00-00052,1000,1000.0000000000462,13,COM_POCO_NO_CONJUNTO_AUDITADO,12.0,92.3076923076923,13.0,0.0,0.0,13.0,0.0,0.0,13.0,0.0,0.0,0.0,0.0,0.0,0.0,0.0,0.0,0.0,0.0,0.0,0.0,0.0,0.0,3801.29,2.923076923076923,4.0,2.0,15.384615384615385,8.0,61.53846153846154,0.5384615384615384,1.0,21.0,21.0,100.0,2.0,2.0,100.0,7.0,1.0,1.0,27.0,0.07692307692307693,2.076923076923077
SCALE-1000-O00-00053,1000,1000.0000000000462,22,COM_POCO_NO_CONJUNTO_AUDITADO,8.0,36.36363636363637,22.0,0.0,0.0,22.0,0.0,0.0,22.0,0.0,0.0,0.0,0.0,0.0,0.0,0.0,0.0,2.0,9.090909090909092,15.0,68.18181818181819,16.0,72.72727272727273,403.91,2.727272727272727,3.5,6.0,27.272727272727273,11.0,50.0,0.18181818181818182,0.0,7.0,7.0,100.0,1.0,1.0,100.0,2.0,13.0,17.0,29.0,0.5909090909090909,1.3181818181818181
SCALE-1000-O00-00054,1000,1000.0000000000462,171,COM_POCO_NO_CONJUNTO_AUDITADO,68.0,39.76608187134503,170.0,1.0,0.5847953216374269,170.0,1.0,0.5847953216374269,170.0,1.0,0.5847953216374269,2.0,1.1695906432748537,2.0,1.1695906432748537,2.0,1.1695906432748537,50.0,29.239766081871345,127.0,74.26900584795321,148.0,86.54970760233918,255.12,3.198830409356725,4.0,23.0,13.450292397660819,106.0,61.98830409356725,0.3391812865497076,0.0,192.0,192.0,100.0,45.0,45.0,100.0,48.0,83.0,95.0,270.0,0.4853801169590643,1.5789473684210527
SCALE-1000-O00-00055,1000,1000.0000000000462,51,COM_POCO_NO_CONJUNTO_AUDITADO,17.0,33.333333333333336,51.0,0.0,0.0,51.0,0.0,0.0,51.0,0.0,0.0,0.0,0.0,0.0,0.0,0.0,0.0,4.0,7.8431372549019605,28.0,54.90196078431372,34.0,66.66666666666667,418.96,3.3137254901960786,4.0,6.0,11.764705882352942,32.0,62.745098039215684,0.27450980392156865,0.0,42.0,42.0,100.0,10.0,10.0,100.0,10.0,33.0,37.0,78.0,0.6470588235294118,1.5294117647058822
SCALE-1000-O00-00056,1000,1000.0000000000462,75,COM_POCO_NO_CONJUNTO_AUDITADO,27.0,36.0,75.0,0.0,0.0,75.0,0.0,0.0,75.0,0.0,0.0,0.0,0.0,0.0,0.0,0.0,0.0,16.0,21.333333333333332,46.0,61.333333333333336,55.0,73.33333333333333,307.02,3.6,4.0,6.0,8.0,50.0,66.66666666666667,0.44,0.0,84.0,84.0,100.0,21.0,21.0,100.0,21.0,48.0,64.0,124.0,0.64,1.6533333333333333
SCALE-1000-O00-00057,1000,1000.0000000000462,59,COM_POCO_NO_CONJUNTO_AUDITADO,34.0,57.6271186440678,59.0,0.0,0.0,59.0,0.0,0.0,59.0,0.0,0.0,0.0,0.0,0.0,0.0,0.0,0.0,23.0,38.983050847457626,40.0,67.79661016949153,46.0,77.96610169491525,176.24,3.694915254237288,4.0,5.0,8.474576271186441,44.0,74.57627118644068,0.711864406779661,0.0,116.0,115.0,99.13793103448276,29.0,29.0,100.0,29.0,36.0,49.0,119.0,0.6101694915254238,2.016949152542373
SCALE-1000-O00-00058,1000,1000.0000000000393,9,COM_POCO_NO_CONJUNTO_AUDITADO,7.0,77.77777777777777,9.0,0.0,0.0,9.0,0.0,0.0,9.0,0.0,0.0,0.0,0.0,0.0,0.0,0.0,0.0,4.0,44.44444444444444,6.0,66.66666666666667,8.0,88.88888888888889,298.79,3.7777777777777777,4.0,1.0,11.11111111111111,6.0,66.66666666666667,1.3333333333333333,2.0,28.0,28.0,100.0,7.0,7.0,100.0,7.0,7.0,13.0,23.0,0.7777777777777778,2.5555555555555554
SCALE-1000-O00-00059,1000,1000.0000000000462,72,COM_POCO_NO_CONJUNTO_AUDITADO,44.0,61.111111111111114,71.0,1.0,1.3888888888888888,71.0,1.0,1.3888888888888888,70.0,2.0,2.7777777777777777,4.0,5.555555555555555,0.0,0.0,2.0,2.7777777777777777,39.0,54.166666666666664,63.0,87.5,66.0,91.66666666666667,93.36,3.7083333333333335,4.0,1.0,1.3888888888888888,51.0,70.83333333333333,0.7361111111111112,1.0,151.0,148.0,98.01324503311258,34.0,33.0,97.05882352941177,36.0,38.0,67.0,148.0,0.5277777777777778,2.0555555555555554
SCALE-1000-O00-00060,1000,943.5329997275843,2,COM_POCO_NO_CONJUNTO_AUDITADO,0.0,0.0,2.0,0.0,0.0,2.0,0.0,0.0,2.0,0.0,0.0,0.0,0.0,0.0,0.0,0.0,0.0,0.0,0.0,0.0,0.0,0.0,0.0,14384.605,3.5,3.5,0.0,0.0,1.0,50.0,0.0,0.0,0.0,0.0,,0.0,0.0,,0.0,2.0,2.0,1.0,1.0,0.5
SCALE-1000-O00-00061,1000,360.4977730914926,1,COM_POCO_NO_CONJUNTO_AUDITADO,0.0,0.0,1.0,0.0,0.0,1.0,0.0,0.0,1.0,0.0,0.0,0.0,0.0,0.0,0.0,0.0,0.0,0.0,0.0,0.0,0.0,0.0,0.0,2015.45,4.0,4.0,0.0,0.0,1.0,100.0,0.0,0.0,0.0,0.0,,0.0,0.0,,0.0,1.0,1.0,1.0,1.0,1.0
SCALE-1000-O00-00062,1000,353.03593296457507,0,SEM_POCO_NO_CONJUNTO_AUDITADO,,,,,,,,,,,,,,,,,,,,,,,,,,,,,,,,,,,,,,,,,,,,
SCALE-1000-O00-00063,1000,932.8256835049933,0,SEM_POCO_NO_CONJUNTO_AUDITADO,,,,,,,,,,,,,,,,,,,,,,,,,,,,,,,,,,,,,,,,,,,,
SCALE-1000-O00-00064,1000,1000.0000000000462,1,COM_POCO_NO_CONJUNTO_AUDITADO,1.0,100.0,1.0,0.0,0.0,1.0,0.0,0.0,1.0,0.0,0.0,0.0,0.0,0.0,0.0,0.0,0.0,0.0,0.0,0.0,0.0,0.0,0.0,41309.55,4.0,4.0,0.0,0.0,1.0,100.0,2.0,2.0,3.0,3.0,100.0,0.0,0.0,,1.0,1.0,2.0,2.0,1.0,2.0
SCALE-1000-O00-00065,1000,1000.0000000000462,16,COM_POCO_NO_CONJUNTO_AUDITADO,11.0,68.75,15.0,1.0,6.25,14.0,2.0,12.5,14.0,2.0,12.5,4.0,25.0,2.0,12.5,2.0,12.5,7.0,43.75,13.0,81.25,16.0,100.0,173.26999999999998,3.3125,3.5,0.0,0.0,8.0,50.0,0.5625,1.0,38.0,38.0,100.0,9.0,9.0,100.0,9.0,4.0,4.0,36.0,0.25,2.25
SCALE-1000-O00-00066,1000,1000.0000000000462,2,COM_POCO_NO_CONJUNTO_AUDITADO,1.0,50.0,2.0,0.0,0.0,2.0,0.0,0.0,2.0,0.0,0.0,0.0,0.0,0.0,0.0,0.0,0.0,0.0,0.0,0.0,0.0,0.0,0.0,11942.19,3.5,3.5,0.0,0.0,1.0,50.0,0.5,0.5,4.0,4.0,100.0,1.0,1.0,100.0,1.0,1.0,1.0,4.0,0.5,2.0
SCALE-1000-O00-00067,1000,916.1050630474981,3,COM_POCO_NO_CONJUNTO_AUDITADO,0.0,0.0,3.0,0.0,0.0,3.0,0.0,0.0,3.0,0.0,0.0,0.0,0.0,0.0,0.0,0.0,0.0,0.0,0.0,0.0,0.0,2.0,66.66666666666667,770.63,2.6666666666666665,3.0,0.0,0.0,0.0,0.0,0.0,0.0,0.0,0.0,,0.0,0.0,,0.0,2.0,2.0,3.0,0.6666666666666666,1.0
SCALE-1000-O00-00068,1000,1000.0000000000462,2,COM_POCO_NO_CONJUNTO_AUDITADO,1.0,50.0,2.0,0.0,0.0,2.0,0.0,0.0,2.0,0.0,0.0,0.0,0.0,0.0,0.0,0.0,0.0,0.0,0.0,0.0,0.0,0.0,0.0,11520.375,2.0,2.0,1.0,50.0,1.0,50.0,0.0,0.0,0.0,0.0,,0.0,0.0,,0.0,1.0,1.0,3.0,0.5,1.5
SCALE-1000-O00-00069,1000,1000.0000000000462,0,SEM_POCO_NO_CONJUNTO_AUDITADO,,,,,,,,,,,,,,,,,,,,,,,,,,,,,,,,,,,,,,,,,,,,
SCALE-1000-O00-00070,1000,1000.0000000000462,4,COM_POCO_NO_CONJUNTO_AUDITADO,2.0,50.0,4.0,0.0,0.0,4.0,0.0,0.0,4.0,0.0,0.0,0.0,0.0,0.0,0.0,0.0,0.0,0.0,0.0,1.0,25.0,1.0,25.0,3141.65,4.25,4.0,0.0,0.0,4.0,100.0,0.75,0.5,8.0,8.0,100.0,2.0,2.0,100.0,2.0,4.0,5.0,8.0,1.0,2.0
SCALE-1000-O00-00071,1000,1000.0000000000462,7,COM_POCO_NO_CONJUNTO_AUDITADO,0.0,0.0,7.0,0.0,0.0,7.0,0.0,0.0,7.0,0.0,0.0,0.0,0.0,0.0,0.0,0.0,0.0,0.0,0.0,3.0,42.857142857142854,5.0,71.42857142857143,687.73,3.857142857142857,4.0,0.0,0.0,6.0,85.71428571428571,0.0,0.0,0.0,0.0,,0.0,0.0,,0.0,6.0,6.0,7.0,0.8571428571428571,1.0
SCALE-1000-O00-00072,1000,1000.0000000000462,105,COM_POCO_NO_CONJUNTO_AUDITADO,47.0,44.76190476190476,105.0,0.0,0.0,105.0,0.0,0.0,105.0,0.0,0.0,0.0,0.0,0.0,0.0,0.0,0.0,44.0,41.904761904761905,69.0,65.71428571428571,82.0,78.0952380952381,186.52,3.4952380952380953,4.0,9.0,8.571428571428571,70.0,66.66666666666667,0.47619047619047616,0.0,142.0,139.0,97.88732394366197,33.0,33.0,100.0,35.0,59.0,73.0,183.0,0.5619047619047619,1.7428571428571429
SCALE-1000-O00-00073,1000,1000.0000000000462,31,COM_POCO_NO_CONJUNTO_AUDITADO,21.0,67.74193548387096,31.0,0.0,0.0,31.0,0.0,0.0,31.0,0.0,0.0,0.0,0.0,0.0,0.0,0.0,0.0,12.0,38.70967741935484,16.0,51.61290322580645,21.0,67.74193548387096,354.08,2.193548387096774,3.0,14.0,45.16129032258065,14.0,45.16129032258065,0.3225806451612903,0.0,26.0,26.0,100.0,6.0,6.0,100.0,7.0,13.0,14.0,59.0,0.41935483870967744,1.903225806451613
SCALE-1000-O00-00074,1000,1000.0000000000462,8,COM_POCO_NO_CONJUNTO_AUDITADO,6.0,75.0,8.0,0.0,0.0,8.0,0.0,0.0,8.0,0.0,0.0,0.0,0.0,0.0,0.0,0.0,0.0,0.0,0.0,5.0,62.5,5.0,62.5,203.61,4.0,4.0,0.0,0.0,7.0,87.5,1.0,1.0,24.0,24.0,100.0,6.0,6.0,100.0,6.0,4.0,6.0,20.0,0.5,2.5
SCALE-1000-O00-00075,1000,1000.0000000000462,31,COM_POCO_NO_CONJUNTO_AUDITADO,21.0,67.74193548387096,29.0,2.0,6.451612903225806,29.0,2.0,6.451612903225806,29.0,2.0,6.451612903225806,4.0,12.903225806451612,2.0,6.451612903225806,4.0,12.903225806451612,10.0,32.25806451612903,22.0,70.96774193548387,25.0,80.64516129032258,231.65,3.7419354838709675,4.0,2.0,6.451612903225806,26.0,83.87096774193549,0.7741935483870968,1.0,80.0,80.0,100.0,20.0,20.0,100.0,20.0,18.0,29.0,70.0,0.5806451612903226,2.2580645161290325
SCALE-1000-O00-00076,1000,1000.0000000000462,11,COM_POCO_NO_CONJUNTO_AUDITADO,7.0,63.63636363636363,11.0,0.0,0.0,11.0,0.0,0.0,11.0,0.0,0.0,0.0,0.0,0.0,0.0,0.0,0.0,2.0,18.181818181818183,6.0,54.54545454545455,10.0,90.9090909090909,412.83,4.545454545454546,5.0,0.0,0.0,11.0,100.0,1.3636363636363635,2.0,27.0,22.0,81.48148148148148,6.0,5.0,83.33333333333333,7.0,13.0,26.0,24.0,1.1818181818181819,2.1818181818181817
SCALE-1000-O00-00077,1000,1000.0000000000462,0,SEM_POCO_NO_CONJUNTO_AUDITADO,,,,,,,,,,,,,,,,,,,,,,,,,,,,,,,,,,,,,,,,,,,,
SCALE-1000-O00-00078,1000,1000.0000000000462,14,COM_POCO_NO_CONJUNTO_AUDITADO,12.0,85.71428571428571,13.0,1.0,7.142857142857143,13.0,1.0,7.142857142857143,13.0,1.0,7.142857142857143,2.0,14.285714285714286,0.0,0.0,2.0,14.285714285714286,7.0,50.0,12.0,85.71428571428571,13.0,92.85714285714286,95.12,3.7857142857142856,4.0,0.0,0.0,10.0,71.42857142857143,1.0714285714285714,1.0,45.0,45.0,100.0,11.0,11.0,100.0,10.0,8.0,11.0,37.0,0.5714285714285714,2.642857142857143
SCALE-1000-O00-00079,1000,698.7739665584388,3,COM_POCO_NO_CONJUNTO_AUDITADO,1.0,33.333333333333336,3.0,0.0,0.0,3.0,0.0,0.0,3.0,0.0,0.0,0.0,0.0,0.0,0.0,0.0,0.0,0.0,0.0,2.0,66.66666666666667,2.0,66.66666666666667,117.06,3.6666666666666665,4.0,0.0,0.0,2.0,66.66666666666667,0.6666666666666666,0.0,4.0,4.0,100.0,1.0,1.0,100.0,1.0,3.0,4.0,5.0,1.0,1.6666666666666667
SCALE-1000-O00-00080,1000,842.6840263248815,0,SEM_POCO_NO_CONJUNTO_AUDITADO,,,,,,,,,,,,,,,,,,,,,,,,,,,,,,,,,,,,,,,,,,,,
SCALE-1000-O00-00081,1000,1000.0000000000462,0,SEM_POCO_NO_CONJUNTO_AUDITADO,,,,,,,,,,,,,,,,,,,,,,,,,,,,,,,,,,,,,,,,,,,,
SCALE-1000-O00-00082,1000,1000.0000000000462,0,SEM_POCO_NO_CONJUNTO_AUDITADO,,,,,,,,,,,,,,,,,,,,,,,,,,,,,,,,,,,,,,,,,,,,
SCALE-1000-O00-00083,1000,1000.0000000000462,1,COM_POCO_NO_CONJUNTO_AUDITADO,1.0,100.0,1.0,0.0,0.0,1.0,0.0,0.0,1.0,0.0,0.0,0.0,0.0,0.0,0.0,0.0,0.0,0.0,0.0,0.0,0.0,0.0,0.0,31115.89,4.0,4.0,0.0,0.0,1.0,100.0,1.0,1.0,4.0,4.0,100.0,1.0,1.0,100.0,1.0,0.0,0.0,3.0,0.0,3.0
SCALE-1000-O00-00084,1000,1000.0000000000462,0,SEM_POCO_NO_CONJUNTO_AUDITADO,,,,,,,,,,,,,,,,,,,,,,,,,,,,,,,,,,,,,,,,,,,,
SCALE-1000-O00-00085,1000,1000.0000000000462,6,COM_POCO_NO_CONJUNTO_AUDITADO,5.0,83.33333333333333,6.0,0.0,0.0,6.0,0.0,0.0,6.0,0.0,0.0,0.0,0.0,0.0,0.0,0.0,0.0,0.0,0.0,2.0,33.333333333333336,2.0,33.333333333333336,7899.03,3.5,4.0,0.0,0.0,5.0,83.33333333333333,1.0,1.0,20.0,20.0,100.0,5.0,5.0,100.0,5.0,2.0,3.0,15.0,0.3333333333333333,2.5
SCALE-1000-O00-00086,1000,1000.0000000000462,2,COM_POCO_NO_CONJUNTO_AUDITADO,1.0,50.0,2.0,0.0,0.0,2.0,0.0,0.0,2.0,0.0,0.0,0.0,0.0,0.0,0.0,0.0,0.0,0.0,0.0,0.0,0.0,0.0,0.0,20656.91,4.0,4.0,0.0,0.0,1.0,50.0,1.0,1.0,4.0,4.0,100.0,1.0,1.0,100.0,1.0,1.0,2.0,4.0,0.5,2.0
SCALE-1000-O00-00087,1000,1000.0000000000462,11,COM_POCO_NO_CONJUNTO_AUDITADO,6.0,54.54545454545455,11.0,0.0,0.0,11.0,0.0,0.0,11.0,0.0,0.0,0.0,0.0,0.0,0.0,0.0,0.0,4.0,36.36363636363637,4.0,36.36363636363637,4.0,36.36363636363637,1397.15,3.090909090909091,4.0,3.0,27.272727272727273,7.0,63.63636363636363,0.5454545454545454,0.0,12.0,12.0,100.0,3.0,3.0,100.0,3.0,9.0,11.0,21.0,0.8181818181818182,1.9090909090909092
SCALE-1000-O00-00088,1000,1000.0000000000462,30,COM_POCO_NO_CONJUNTO_AUDITADO,22.0,73.33333333333333,30.0,0.0,0.0,30.0,0.0,0.0,30.0,0.0,0.0,0.0,0.0,0.0,0.0,0.0,0.0,12.0,40.0,22.0,73.33333333333333,23.0,76.66666666666667,106.06,4.033333333333333,4.0,1.0,3.3333333333333335,23.0,76.66666666666667,1.1,1.0,79.0,79.0,100.0,18.0,18.0,100.0,20.0,27.0,42.0,70.0,0.9,2.3333333333333335
SCALE-1000-O00-00089,1000,1000.0000000000462,14,COM_POCO_NO_CONJUNTO_AUDITADO,7.0,50.0,14.0,0.0,0.0,14.0,0.0,0.0,14.0,0.0,0.0,0.0,0.0,0.0,0.0,0.0,0.0,0.0,0.0,8.0,57.142857142857146,8.0,57.142857142857146,494.62,3.2142857142857144,4.0,3.0,21.428571428571427,11.0,78.57142857142857,0.35714285714285715,0.0,16.0,16.0,100.0,4.0,4.0,100.0,4.0,8.0,10.0,25.0,0.5714285714285714,1.7857142857142858
SCALE-1000-O00-00090,1000,1000.0000000000462,60,COM_POCO_NO_CONJUNTO_AUDITADO,38.0,63.333333333333336,58.0,2.0,3.3333333333333335,58.0,2.0,3.3333333333333335,58.0,2.0,3.3333333333333335,4.0,6.666666666666667,4.0,6.666666666666667,4.0,6.666666666666667,23.0,38.333333333333336,38.0,63.333333333333336,47.0,78.33333333333333,342.21,3.566666666666667,4.0,5.0,8.333333333333334,43.0,71.66666666666667,0.7333333333333333,1.0,129.0,128.0,99.2248062015504,31.0,31.0,100.0,32.0,34.0,48.0,127.0,0.5666666666666667,2.1166666666666667
SCALE-1000-O00-00091,1000,1000.0000000000462,10,COM_POCO_NO_CONJUNTO_AUDITADO,9.0,90.0,10.0,0.0,0.0,10.0,0.0,0.0,10.0,0.0,0.0,0.0,0.0,0.0,0.0,0.0,0.0,0.0,0.0,2.0,20.0,2.0,20.0,3810.18,2.4,2.5,4.0,40.0,4.0,40.0,0.9,0.5,16.0,16.0,100.0,2.0,2.0,100.0,4.0,5.0,12.0,21.0,0.5,2.1
SCALE-1000-O00-00092,1000,1000.0000000000462,2,COM_POCO_NO_CONJUNTO_AUDITADO,1.0,50.0,2.0,0.0,0.0,2.0,0.0,0.0,2.0,0.0,0.0,0.0,0.0,0.0,0.0,0.0,0.0,0.0,0.0,0.0,0.0,0.0,0.0,9359.61,1.0,1.0,1.0,50.0,0.0,0.0,0.0,0.0,1.0,1.0,100.0,0.0,0.0,,0.0,0.0,0.0,2.0,0.0,1.0
SCALE-1000-O00-00093,1000,1000.0000000000462,1,COM_POCO_NO_CONJUNTO_AUDITADO,0.0,0.0,1.0,0.0,0.0,1.0,0.0,0.0,1.0,0.0,0.0,0.0,0.0,0.0,0.0,0.0,0.0,0.0,0.0,0.0,0.0,0.0,0.0,13906.18,4.0,4.0,0.0,0.0,1.0,100.0,0.0,0.0,0.0,0.0,,0.0,0.0,,0.0,1.0,1.0,1.0,1.0,1.0
SCALE-1000-O00-00094,1000,1000.0000000000462,4,COM_POCO_NO_CONJUNTO_AUDITADO,3.0,75.0,4.0,0.0,0.0,4.0,0.0,0.0,4.0,0.0,0.0,0.0,0.0,0.0,0.0,0.0,0.0,0.0,0.0,0.0,0.0,3.0,75.0,958.855,3.0,3.5,1.0,25.0,2.0,50.0,0.75,0.5,8.0,8.0,100.0,2.0,2.0,100.0,2.0,1.0,2.0,9.0,0.25,2.25
SCALE-1000-O00-00095,1000,1000.0000000000462,3,COM_POCO_NO_CONJUNTO_AUDITADO,3.0,100.0,3.0,0.0,0.0,3.0,0.0,0.0,3.0,0.0,0.0,0.0,0.0,0.0,0.0,0.0,0.0,0.0,0.0,0.0,0.0,0.0,0.0,1568.37,1.3333333333333333,0.0,2.0,66.66666666666667,1.0,33.333333333333336,0.3333333333333333,0.0,4.0,4.0,100.0,1.0,1.0,100.0,1.0,0.0,0.0,7.0,0.0,2.3333333333333335
SCALE-1000-O00-00096,1000,1000.0000000000462,45,COM_POCO_NO_CONJUNTO_AUDITADO,29.0,64.44444444444444,45.0,0.0,0.0,45.0,0.0,0.0,45.0,0.0,0.0,0.0,0.0,0.0,0.0,0.0,0.0,18.0,40.0,38.0,84.44444444444444,39.0,86.66666666666667,106.06,3.8444444444444446,4.0,0.0,0.0,34.0,75.55555555555556,0.8222222222222222,1.0,110.0,106.0,96.36363636363636,25.0,25.0,100.0,28.0,21.0,26.0,101.0,0.4666666666666667,2.2444444444444445
SCALE-1000-O00-00097,1000,818.1438938012211,18,COM_POCO_NO_CONJUNTO_AUDITADO,10.0,55.55555555555556,18.0,0.0,0.0,18.0,0.0,0.0,18.0,0.0,0.0,0.0,0.0,0.0,0.0,0.0,0.0,10.0,55.55555555555556,13.0,72.22222222222223,14.0,77.77777777777777,84.18,4.111111111111111,4.0,0.0,0.0,16.0,88.88888888888889,0.7777777777777778,1.0,40.0,40.0,100.0,10.0,10.0,100.0,10.0,10.0,14.0,40.0,0.5555555555555556,2.2222222222222223
SCALE-1000-O00-00098,1000,10.651757013366339,0,SEM_POCO_NO_CONJUNTO_AUDITADO,,,,,,,,,,,,,,,,,,,,,,,,,,,,,,,,,,,,,,,,,,,,
SCALE-1000-O00-00099,1000,276.91442647106874,0,SEM_POCO_NO_CONJUNTO_AUDITADO,,,,,,,,,,,,,,,,,,,,,,,,,,,,,,,,,,,,,,,,,,,,
SCALE-1000-O00-00100,1000,1000.0000000000462,0,SEM_POCO_NO_CONJUNTO_AUDITADO,,,,,,,,,,,,,,,,,,,,,,,,,,,,,,,,,,,,,,,,,,,,
SCALE-1000-O00-00101,1000,1000.0000000000462,0,SEM_POCO_NO_CONJUNTO_AUDITADO,,,,,,,,,,,,,,,,,,,,,,,,,,,,,,,,,,,,,,,,,,,,
SCALE-1000-O00-00102,1000,1000.0000000000462,0,SEM_POCO_NO_CONJUNTO_AUDITADO,,,,,,,,,,,,,,,,,,,,,,,,,,,,,,,,,,,,,,,,,,,,
SCALE-1000-O00-00103,1000,1000.0000000000462,2,COM_POCO_NO_CONJUNTO_AUDITADO,1.0,50.0,2.0,0.0,0.0,2.0,0.0,0.0,2.0,0.0,0.0,0.0,0.0,0.0,0.0,0.0,0.0,0.0,0.0,0.0,0.0,0.0,0.0,4829.52,3.5,3.5,0.0,0.0,1.0,50.0,1.0,1.0,4.0,4.0,100.0,1.0,1.0,100.0,1.0,2.0,3.0,4.0,1.0,2.0
SCALE-1000-O00-00104,1000,1000.0000000000462,4,COM_POCO_NO_CONJUNTO_AUDITADO,2.0,50.0,4.0,0.0,0.0,4.0,0.0,0.0,4.0,0.0,0.0,0.0,0.0,0.0,0.0,0.0,0.0,0.0,0.0,0.0,0.0,2.0,50.0,3675.245,2.25,3.0,1.0,25.0,0.0,0.0,0.25,0.0,5.0,5.0,100.0,1.0,1.0,100.0,1.0,2.0,2.0,7.0,0.5,1.75
SCALE-1000-O00-00105,1000,1000.0000000000462,17,COM_POCO_NO_CONJUNTO_AUDITADO,9.0,52.94117647058823,17.0,0.0,0.0,17.0,0.0,0.0,17.0,0.0,0.0,0.0,0.0,0.0,0.0,0.0,0.0,4.0,23.529411764705884,9.0,52.94117647058823,12.0,70.58823529411765,433.87,3.411764705882353,4.0,0.0,0.0,10.0,58.8235294117647,0.47058823529411764,0.0,35.0,35.0,100.0,8.0,8.0,100.0,9.0,5.0,5.0,34.0,0.29411764705882354,2.0
SCALE-1000-O00-00106,1000,1000.0000000000462,1,COM_POCO_NO_CONJUNTO_AUDITADO,0.0,0.0,1.0,0.0,0.0,1.0,0.0,0.0,1.0,0.0,0.0,0.0,0.0,0.0,0.0,0.0,0.0,0.0,0.0,0.0,0.0,0.0,0.0,4745.72,3.0,3.0,0.0,0.0,0.0,0.0,0.0,0.0,0.0,0.0,,0.0,0.0,,0.0,0.0,0.0,1.0,0.0,1.0
SCALE-1000-O00-00107,1000,1000.0000000000462,9,COM_POCO_NO_CONJUNTO_AUDITADO,4.0,44.44444444444444,9.0,0.0,0.0,9.0,0.0,0.0,9.0,0.0,0.0,0.0,0.0,0.0,0.0,0.0,0.0,2.0,22.22222222222222,2.0,22.22222222222222,2.0,22.22222222222222,6211.57,2.111111111111111,3.0,4.0,44.44444444444444,4.0,44.44444444444444,0.0,0.0,0.0,0.0,,0.0,0.0,,0.0,4.0,4.0,13.0,0.4444444444444444,1.4444444444444444
SCALE-1000-O00-00108,1000,1000.0000000000462,7,COM_POCO_NO_CONJUNTO_AUDITADO,6.0,85.71428571428571,7.0,0.0,0.0,7.0,0.0,0.0,7.0,0.0,0.0,0.0,0.0,0.0,0.0,0.0,0.0,0.0,0.0,0.0,0.0,1.0,14.285714285714286,5005.59,1.7142857142857142,0.0,4.0,57.142857142857146,2.0,28.571428571428573,0.42857142857142855,0.0,8.0,8.0,100.0,2.0,2.0,100.0,2.0,1.0,4.0,15.0,0.14285714285714285,2.142857142857143
SCALE-1000-O00-00109,1000,1000.0000000000462,8,COM_POCO_NO_CONJUNTO_AUDITADO,4.0,50.0,8.0,0.0,0.0,8.0,0.0,0.0,8.0,0.0,0.0,0.0,0.0,0.0,0.0,0.0,0.0,2.0,25.0,4.0,50.0,5.0,62.5,642.39,2.625,3.0,2.0,25.0,3.0,37.5,0.25,0.0,2.0,2.0,100.0,0.0,0.0,,0.0,6.0,10.0,12.0,0.75,1.5
SCALE-1000-O00-00110,1000,1000.0000000000462,25,COM_POCO_NO_CONJUNTO_AUDITADO,19.0,76.0,25.0,0.0,0.0,24.0,1.0,4.0,24.0,1.0,4.0,2.0,8.0,2.0,8.0,0.0,0.0,10.0,40.0,13.0,52.0,20.0,80.0,396.61,4.12,4.0,0.0,0.0,23.0,92.0,1.0,1.0,75.0,75.0,100.0,18.0,18.0,100.0,19.0,9.0,15.0,62.0,0.36,2.48
SCALE-1000-O00-00111,1000,1000.0000000000462,3,COM_POCO_NO_CONJUNTO_AUDITADO,2.0,66.66666666666667,3.0,0.0,0.0,3.0,0.0,0.0,3.0,0.0,0.0,0.0,0.0,0.0,0.0,0.0,0.0,0.0,0.0,0.0,0.0,0.0,0.0,7968.52,3.6666666666666665,4.0,0.0,0.0,2.0,66.66666666666667,0.6666666666666666,1.0,8.0,8.0,100.0,2.0,2.0,100.0,2.0,0.0,0.0,7.0,0.0,2.3333333333333335
SCALE-1000-O00-00112,1000,1000.0000000000462,0,SEM_POCO_NO_CONJUNTO_AUDITADO,,,,,,,,,,,,,,,,,,,,,,,,,,,,,,,,,,,,,,,,,,,,
SCALE-1000-O00-00113,1000,1000.0000000000462,0,SEM_POCO_NO_CONJUNTO_AUDITADO,,,,,,,,,,,,,,,,,,,,,,,,,,,,,,,,,,,,,,,,,,,,
SCALE-1000-O00-00114,1000,1000.0000000000462,1,COM_POCO_NO_CONJUNTO_AUDITADO,0.0,0.0,1.0,0.0,0.0,1.0,0.0,0.0,1.0,0.0,0.0,0.0,0.0,0.0,0.0,0.0,0.0,0.0,0.0,0.0,0.0,0.0,0.0,17521.34,4.0,4.0,0.0,0.0,1.0,100.0,0.0,0.0,0.0,0.0,,0.0,0.0,,0.0,1.0,1.0,1.0,1.0,1.0
SCALE-1000-O00-00115,1000,1000.0000000000462,0,SEM_POCO_NO_CONJUNTO_AUDITADO,,,,,,,,,,,,,,,,,,,,,,,,,,,,,,,,,,,,,,,,,,,,
SCALE-1000-O00-00116,1000,1000.0000000000462,4,COM_POCO_NO_CONJUNTO_AUDITADO,0.0,0.0,4.0,0.0,0.0,4.0,0.0,0.0,4.0,0.0,0.0,0.0,0.0,0.0,0.0,0.0,0.0,0.0,0.0,0.0,0.0,2.0,50.0,2394.875,3.75,4.0,0.0,0.0,3.0,75.0,0.0,0.0,0.0,0.0,,0.0,0.0,,0.0,3.0,3.0,4.0,0.75,1.0
SCALE-1000-O00-00117,1000,768.9104443560392,13,COM_POCO_NO_CONJUNTO_AUDITADO,0.0,0.0,13.0,0.0,0.0,13.0,0.0,0.0,13.0,0.0,0.0,0.0,0.0,0.0,0.0,0.0,0.0,2.0,15.384615384615385,2.0,15.384615384615385,5.0,38.46153846153846,1209.96,3.5384615384615383,4.0,0.0,0.0,8.0,61.53846153846154,0.0,0.0,0.0,0.0,,0.0,0.0,,0.0,12.0,12.0,8.0,0.9230769230769231,0.6153846153846154
SCALE-1000-O00-00118,1000,0.3151328324884543,0,SEM_POCO_NO_CONJUNTO_AUDITADO,,,,,,,,,,,,,,,,,,,,,,,,,,,,,,,,,,,,,,,,,,,,
SCALE-1000-O00-00119,1000,713.8699249666943,0,SEM_POCO_NO_CONJUNTO_AUDITADO,,,,,,,,,,,,,,,,,,,,,,,,,,,,,,,,,,,,,,,,,,,,
SCALE-1000-O00-00120,1000,1000.0000000000462,0,SEM_POCO_NO_CONJUNTO_AUDITADO,,,,,,,,,,,,,,,,,,,,,,,,,,,,,,,,,,,,,,,,,,,,
SCALE-1000-O00-00121,1000,1000.0000000000462,0,SEM_POCO_NO_CONJUNTO_AUDITADO,,,,,,,,,,,,,,,,,,,,,,,,,,,,,,,,,,,,,,,,,,,,
SCALE-1000-O00-00122,1000,1000.0000000000462,1,COM_POCO_NO_CONJUNTO_AUDITADO,1.0,100.0,1.0,0.0,0.0,1.0,0.0,0.0,1.0,0.0,0.0,0.0,0.0,0.0,0.0,0.0,0.0,0.0,0.0,0.0,0.0,0.0,0.0,10198.25,4.0,4.0,0.0,0.0,1.0,100.0,1.0,1.0,2.0,2.0,100.0,0.0,0.0,,1.0,0.0,0.0,2.0,0.0,2.0
SCALE-1000-O00-00123,1000,1000.0000000000462,58,COM_POCO_NO_CONJUNTO_AUDITADO,47.0,81.03448275862068,57.0,1.0,1.7241379310344827,57.0,1.0,1.7241379310344827,57.0,1.0,1.7241379310344827,2.0,3.4482758620689653,0.0,0.0,2.0,3.4482758620689653,27.0,46.55172413793103,44.0,75.86206896551724,51.0,87.93103448275862,103.725,3.6551724137931036,4.0,1.0,1.7241379310344827,42.0,72.41379310344827,0.7931034482758621,1.0,172.0,172.0,100.0,42.0,42.0,100.0,42.0,14.0,14.0,148.0,0.2413793103448276,2.5517241379310347
SCALE-1000-O00-00124,1000,1000.0000000000462,3,COM_POCO_NO_CONJUNTO_AUDITADO,0.0,0.0,3.0,0.0,0.0,3.0,0.0,0.0,3.0,0.0,0.0,0.0,0.0,0.0,0.0,0.0,0.0,0.0,0.0,3.0,100.0,3.0,100.0,218.69,2.0,3.0,1.0,33.333333333333336,0.0,0.0,0.0,0.0,0.0,0.0,,0.0,0.0,,0.0,2.0,2.0,2.0,0.6666666666666666,0.6666666666666666
SCALE-1000-O00-00125,1000,1000.0000000000462,18,COM_POCO_NO_CONJUNTO_AUDITADO,13.0,72.22222222222223,18.0,0.0,0.0,18.0,0.0,0.0,18.0,0.0,0.0,0.0,0.0,0.0,0.0,0.0,0.0,4.0,22.22222222222222,11.0,61.111111111111114,11.0,61.111111111111114,222.64499999999998,3.6666666666666665,4.0,0.0,0.0,13.0,72.22222222222223,0.8333333333333334,1.0,45.0,45.0,100.0,11.0,11.0,100.0,11.0,7.0,11.0,42.0,0.3888888888888889,2.3333333333333335
SCALE-1000-O00-00126,1000,1000.0000000000462,3,COM_POCO_NO_CONJUNTO_AUDITADO,1.0,33.333333333333336,3.0,0.0,0.0,3.0,0.0,0.0,3.0,0.0,0.0,0.0,0.0,0.0,0.0,0.0,0.0,2.0,66.66666666666667,2.0,66.66666666666667,2.0,66.66666666666667,65.68,1.3333333333333333,0.0,2.0,66.66666666666667,1.0,33.333333333333336,0.0,0.0,0.0,0.0,,0.0,0.0,,0.0,1.0,1.0,3.0,0.3333333333333333,1.0
SCALE-1000-O00-00127,1000,1000.0000000000462,33,COM_POCO_NO_CONJUNTO_AUDITADO,20.0,60.60606060606061,33.0,0.0,0.0,33.0,0.0,0.0,33.0,0.0,0.0,0.0,0.0,0.0,0.0,0.0,0.0,5.0,15.151515151515152,10.0,30.303030303030305,14.0,42.42424242424242,1282.13,1.3636363636363635,0.0,19.0,57.57575757575758,3.0,9.090909090909092,0.030303030303030304,0.0,4.0,4.0,100.0,1.0,1.0,100.0,1.0,4.0,4.0,54.0,0.12121212121212122,1.6363636363636365
SCALE-1000-O00-00128,1000,1000.0000000000462,27,COM_POCO_NO_CONJUNTO_AUDITADO,16.0,59.25925925925926,27.0,0.0,0.0,27.0,0.0,0.0,27.0,0.0,0.0,0.0,0.0,0.0,0.0,0.0,0.0,0.0,0.0,6.0,22.22222222222222,6.0,22.22222222222222,1846.54,2.0,3.0,13.0,48.148148148148145,11.0,40.74074074074074,0.14814814814814814,0.0,12.0,12.0,100.0,3.0,3.0,100.0,3.0,10.0,11.0,46.0,0.37037037037037035,1.7037037037037037
SCALE-1000-O00-00129,1000,1000.0000000000462,28,COM_POCO_NO_CONJUNTO_AUDITADO,26.0,92.85714285714286,28.0,0.0,0.0,28.0,0.0,0.0,28.0,0.0,0.0,0.0,0.0,0.0,0.0,0.0,0.0,0.0,0.0,0.0,0.0,9.0,32.142857142857146,1849.97,0.25,0.0,26.0,92.85714285714286,1.0,3.5714285714285716,0.0,0.0,0.0,0.0,,0.0,0.0,,0.0,2.0,2.0,53.0,0.07142857142857142,1.8928571428571428
SCALE-1000-O00-00130,1000,1000.0000000000462,4,COM_POCO_NO_CONJUNTO_AUDITADO,3.0,75.0,4.0,0.0,0.0,4.0,0.0,0.0,4.0,0.0,0.0,0.0,0.0,0.0,0.0,0.0,0.0,0.0,0.0,0.0,0.0,0.0,0.0,10424.465,0.75,0.0,3.0,75.0,0.0,0.0,0.0,0.0,0.0,0.0,,0.0,0.0,,0.0,0.0,0.0,7.0,0.0,1.75
SCALE-1000-O00-00131,1000,1000.0000000000462,2,COM_POCO_NO_CONJUNTO_AUDITADO,1.0,50.0,2.0,0.0,0.0,2.0,0.0,0.0,2.0,0.0,0.0,0.0,0.0,0.0,0.0,0.0,0.0,0.0,0.0,0.0,0.0,0.0,0.0,20458.885000000002,3.0,3.0,0.0,0.0,1.0,50.0,0.5,0.5,4.0,4.0,100.0,1.0,1.0,100.0,1.0,0.0,0.0,4.0,0.0,2.0
SCALE-1000-O00-00132,1000,1000.0000000000462,1,COM_POCO_NO_CONJUNTO_AUDITADO,1.0,100.0,1.0,0.0,0.0,1.0,0.0,0.0,1.0,0.0,0.0,0.0,0.0,0.0,0.0,0.0,0.0,0.0,0.0,0.0,0.0,0.0,0.0,9951.91,0.0,0.0,1.0,100.0,0.0,0.0,0.0,0.0,0.0,0.0,,0.0,0.0,,0.0,0.0,0.0,2.0,0.0,2.0
SCALE-1000-O00-00133,1000,1000.0000000000462,5,COM_POCO_NO_CONJUNTO_AUDITADO,1.0,20.0,5.0,0.0,0.0,5.0,0.0,0.0,5.0,0.0,0.0,0.0,0.0,0.0,0.0,0.0,0.0,0.0,0.0,0.0,0.0,0.0,0.0,3497.55,3.0,4.0,1.0,20.0,3.0,60.0,0.0,0.0,0.0,0.0,,0.0,0.0,,0.0,3.0,3.0,6.0,0.6,1.2
SCALE-1000-O00-00134,1000,1000.0000000000462,12,COM_POCO_NO_CONJUNTO_AUDITADO,10.0,83.33333333333333,12.0,0.0,0.0,12.0,0.0,0.0,12.0,0.0,0.0,0.0,0.0,0.0,0.0,0.0,0.0,3.0,25.0,10.0,83.33333333333333,11.0,91.66666666666667,164.41,4.166666666666667,4.0,0.0,0.0,12.0,100.0,1.1666666666666667,1.0,40.0,39.0,97.5,10.0,10.0,100.0,10.0,5.0,9.0,32.0,0.4166666666666667,2.6666666666666665
SCALE-1000-O00-00135,1000,1000.0000000000462,3,COM_POCO_NO_CONJUNTO_AUDITADO,2.0,66.66666666666667,3.0,0.0,0.0,3.0,0.0,0.0,3.0,0.0,0.0,0.0,0.0,0.0,0.0,0.0,0.0,0.0,0.0,0.0,0.0,0.0,0.0,4212.41,1.0,0.0,2.0,66.66666666666667,0.0,0.0,0.0,0.0,1.0,1.0,100.0,0.0,0.0,,0.0,0.0,0.0,5.0,0.0,1.6666666666666667
SCALE-1000-O00-00136,1000,1000.0000000000462,4,COM_POCO_NO_CONJUNTO_AUDITADO,1.0,25.0,4.0,0.0,0.0,4.0,0.0,0.0,4.0,0.0,0.0,0.0,0.0,0.0,0.0,0.0,0.0,0.0,0.0,0.0,0.0,0.0,0.0,4819.71,3.75,4.0,0.0,0.0,3.0,75.0,0.5,0.0,3.0,3.0,100.0,0.0,0.0,,1.0,4.0,5.0,5.0,1.0,1.25
SCALE-1000-O00-00137,1000,721.6784058311302,29,COM_POCO_NO_CONJUNTO_AUDITADO,13.0,44.827586206896555,29.0,0.0,0.0,29.0,0.0,0.0,29.0,0.0,0.0,0.0,0.0,0.0,0.0,0.0,0.0,10.0,34.48275862068966,15.0,51.724137931034484,16.0,55.172413793103445,287.57,4.0,4.0,0.0,0.0,25.0,86.20689655172414,0.6206896551724138,0.0,52.0,51.0,98.07692307692308,13.0,13.0,100.0,13.0,18.0,25.0,54.0,0.6206896551724138,1.8620689655172413
SCALE-1000-O00-00138,1000,167.51814125898233,0,SEM_POCO_NO_CONJUNTO_AUDITADO,,,,,,,,,,,,,,,,,,,,,,,,,,,,,,,,,,,,,,,,,,,,
SCALE-1000-O00-00139,1000,1000.0000000000462,0,SEM_POCO_NO_CONJUNTO_AUDITADO,,,,,,,,,,,,,,,,,,,,,,,,,,,,,,,,,,,,,,,,,,,,
SCALE-1000-O00-00140,1000,1000.0000000000462,0,SEM_POCO_NO_CONJUNTO_AUDITADO,,,,,,,,,,,,,,,,,,,,,,,,,,,,,,,,,,,,,,,,,,,,
SCALE-1000-O00-00141,1000,1000.0000000000462,1,COM_POCO_NO_CONJUNTO_AUDITADO,0.0,0.0,1.0,0.0,0.0,1.0,0.0,0.0,1.0,0.0,0.0,0.0,0.0,0.0,0.0,0.0,0.0,0.0,0.0,0.0,0.0,0.0,0.0,32229.24,3.0,3.0,0.0,0.0,0.0,0.0,0.0,0.0,0.0,0.0,,0.0,0.0,,0.0,1.0,1.0,1.0,1.0,1.0
SCALE-1000-O00-00142,1000,1000.0000000000462,2,COM_POCO_NO_CONJUNTO_AUDITADO,1.0,50.0,2.0,0.0,0.0,2.0,0.0,0.0,2.0,0.0,0.0,0.0,0.0,0.0,0.0,0.0,0.0,0.0,0.0,0.0,0.0,0.0,0.0,5480.8099999999995,0.5,0.5,1.0,50.0,0.0,0.0,0.0,0.0,0.0,0.0,,0.0,0.0,,0.0,1.0,1.0,2.0,0.5,1.0
SCALE-1000-O00-00143,1000,1000.0000000000462,2,COM_POCO_NO_CONJUNTO_AUDITADO,2.0,100.0,2.0,0.0,0.0,2.0,0.0,0.0,2.0,0.0,0.0,0.0,0.0,0.0,0.0,0.0,0.0,0.0,0.0,0.0,0.0,0.0,0.0,9672.555,1.0,1.0,1.0,50.0,0.0,0.0,0.0,0.0,1.0,1.0,100.0,0.0,0.0,,0.0,0.0,0.0,4.0,0.0,2.0
SCALE-1000-O00-00144,1000,1000.0000000000462,3,COM_POCO_NO_CONJUNTO_AUDITADO,3.0,100.0,3.0,0.0,0.0,3.0,0.0,0.0,3.0,0.0,0.0,0.0,0.0,0.0,0.0,0.0,0.0,0.0,0.0,0.0,0.0,0.0,0.0,5163.4,1.6666666666666667,0.0,2.0,66.66666666666667,1.0,33.333333333333336,0.6666666666666666,0.0,4.0,4.0,100.0,1.0,1.0,100.0,1.0,1.0,3.0,7.0,0.3333333333333333,2.3333333333333335
SCALE-1000-O00-00145,1000,1000.0000000000462,2,COM_POCO_NO_CONJUNTO_AUDITADO,2.0,100.0,2.0,0.0,0.0,2.0,0.0,0.0,2.0,0.0,0.0,0.0,0.0,0.0,0.0,0.0,0.0,0.0,0.0,0.0,0.0,0.0,0.0,17443.135000000002,2.0,2.0,1.0,50.0,1.0,50.0,0.5,0.5,4.0,4.0,100.0,1.0,1.0,100.0,1.0,0.0,0.0,5.0,0.0,2.5
SCALE-1000-O00-00146,1000,1000.0000000000462,3,COM_POCO_NO_CONJUNTO_AUDITADO,0.0,0.0,3.0,0.0,0.0,3.0,0.0,0.0,3.0,0.0,0.0,0.0,0.0,0.0,0.0,0.0,0.0,0.0,0.0,2.0,66.66666666666667,2.0,66.66666666666667,428.65,3.3333333333333335,3.0,0.0,0.0,1.0,33.333333333333336,0.0,0.0,0.0,0.0,,0.0,0.0,,0.0,3.0,3.0,3.0,1.0,1.0
SCALE-1000-O00-00147,1000,1000.0000000000462,63,COM_POCO_NO_CONJUNTO_AUDITADO,25.0,39.682539682539684,63.0,0.0,0.0,63.0,0.0,0.0,63.0,0.0,0.0,0.0,0.0,0.0,0.0,0.0,0.0,12.0,19.047619047619047,45.0,71.42857142857143,53.0,84.12698412698413,339.04,3.3968253968253967,4.0,7.0,11.11111111111111,43.0,68.25396825396825,0.36507936507936506,0.0,69.0,69.0,100.0,16.0,16.0,100.0,17.0,35.0,43.0,103.0,0.5555555555555556,1.6349206349206349
SCALE-1000-O00-00148,1000,1000.0000000000462,25,COM_POCO_NO_CONJUNTO_AUDITADO,15.0,60.0,25.0,0.0,0.0,25.0,0.0,0.0,25.0,0.0,0.0,0.0,0.0,0.0,0.0,0.0,0.0,4.0,16.0,9.0,36.0,10.0,40.0,1702.16,1.32,0.0,16.0,64.0,6.0,24.0,0.0,0.0,0.0,0.0,,0.0,0.0,,0.0,6.0,6.0,39.0,0.24,1.56
SCALE-1000-O00-00149,1000,1000.0000000000462,8,COM_POCO_NO_CONJUNTO_AUDITADO,5.0,62.5,8.0,0.0,0.0,8.0,0.0,0.0,8.0,0.0,0.0,0.0,0.0,0.0,0.0,0.0,0.0,0.0,0.0,0.0,0.0,2.0,25.0,1214.88,3.0,3.0,1.0,12.5,3.0,37.5,0.75,0.5,15.0,15.0,100.0,3.0,3.0,100.0,4.0,4.0,8.0,16.0,0.5,2.0
SCALE-1000-O00-00150,1000,1000.0000000000462,0,SEM_POCO_NO_CONJUNTO_AUDITADO,,,,,,,,,,,,,,,,,,,,,,,,,,,,,,,,,,,,,,,,,,,,
SCALE-1000-O00-00151,1000,1000.0000000000462,5,COM_POCO_NO_CONJUNTO_AUDITADO,3.0,60.0,5.0,0.0,0.0,5.0,0.0,0.0,5.0,0.0,0.0,0.0,0.0,0.0,0.0,0.0,0.0,0.0,0.0,0.0,0.0,0.0,0.0,3252.54,1.2,0.0,3.0,60.0,1.0,20.0,0.2,0.0,4.0,4.0,100.0,1.0,1.0,100.0,1.0,1.0,1.0,8.0,0.2,1.6
SCALE-1000-O00-00152,1000,1000.0000000000462,1,COM_POCO_NO_CONJUNTO_AUDITADO,1.0,100.0,1.0,0.0,0.0,1.0,0.0,0.0,1.0,0.0,0.0,0.0,0.0,0.0,0.0,0.0,0.0,0.0,0.0,0.0,0.0,0.0,0.0,3252.54,4.0,4.0,0.0,0.0,1.0,100.0,1.0,1.0,4.0,4.0,100.0,1.0,1.0,100.0,1.0,0.0,0.0,3.0,0.0,3.0
SCALE-1000-O00-00153,1000,1000.0000000000462,0,SEM_POCO_NO_CONJUNTO_AUDITADO,,,,,,,,,,,,,,,,,,,,,,,,,,,,,,,,,,,,,,,,,,,,
SCALE-1000-O00-00154,1000,1000.0000000000462,2,COM_POCO_NO_CONJUNTO_AUDITADO,0.0,0.0,2.0,0.0,0.0,2.0,0.0,0.0,2.0,0.0,0.0,0.0,0.0,0.0,0.0,0.0,0.0,0.0,0.0,0.0,0.0,0.0,0.0,3430.18,4.0,4.0,0.0,0.0,2.0,100.0,0.0,0.0,0.0,0.0,,0.0,0.0,,0.0,2.0,2.0,2.0,1.0,1.0
SCALE-1000-O00-00155,1000,1000.0000000000462,2,COM_POCO_NO_CONJUNTO_AUDITADO,1.0,50.0,2.0,0.0,0.0,2.0,0.0,0.0,2.0,0.0,0.0,0.0,0.0,0.0,0.0,0.0,0.0,0.0,0.0,0.0,0.0,0.0,0.0,20450.285,4.0,4.0,0.0,0.0,2.0,100.0,1.0,1.0,4.0,4.0,100.0,1.0,1.0,100.0,1.0,1.0,1.0,4.0,0.5,2.0
SCALE-1000-O00-00156,1000,1000.0000000000462,0,SEM_POCO_NO_CONJUNTO_AUDITADO,,,,,,,,,,,,,,,,,,,,,,,,,,,,,,,,,,,,,,,,,,,,
SCALE-1000-O00-00157,1000,739.2845471885776,43,COM_POCO_NO_CONJUNTO_AUDITADO,33.0,76.74418604651163,43.0,0.0,0.0,43.0,0.0,0.0,43.0,0.0,0.0,0.0,0.0,0.0,0.0,0.0,0.0,14.0,32.55813953488372,25.0,58.13953488372093,35.0,81.3953488372093,383.3,3.5348837209302326,4.0,7.0,16.27906976744186,29.0,67.44186046511628,1.0465116279069768,1.0,100.0,100.0,100.0,20.0,20.0,100.0,27.0,30.0,62.0,94.0,0.6976744186046512,2.186046511627907
SCALE-1000-O00-00158,1000,62.098208657580926,0,SEM_POCO_NO_CONJUNTO_AUDITADO,,,,,,,,,,,,,,,,,,,,,,,,,,,,,,,,,,,,,,,,,,,,
SCALE-1000-O00-00159,1000,937.6437113513293,0,SEM_POCO_NO_CONJUNTO_AUDITADO,,,,,,,,,,,,,,,,,,,,,,,,,,,,,,,,,,,,,,,,,,,,
SCALE-1000-O00-00160,1000,1000.0000000000462,0,SEM_POCO_NO_CONJUNTO_AUDITADO,,,,,,,,,,,,,,,,,,,,,,,,,,,,,,,,,,,,,,,,,,,,
SCALE-1000-O00-00161,1000,1000.0000000000462,0,SEM_POCO_NO_CONJUNTO_AUDITADO,,,,,,,,,,,,,,,,,,,,,,,,,,,,,,,,,,,,,,,,,,,,
SCALE-1000-O00-00162,1000,1000.0000000000462,2,COM_POCO_NO_CONJUNTO_AUDITADO,1.0,50.0,2.0,0.0,0.0,2.0,0.0,0.0,2.0,0.0,0.0,0.0,0.0,0.0,0.0,0.0,0.0,0.0,0.0,0.0,0.0,0.0,0.0,4355.195,3.5,3.5,0.0,0.0,1.0,50.0,0.5,0.5,4.0,4.0,100.0,1.0,1.0,100.0,1.0,1.0,1.0,4.0,0.5,2.0
SCALE-1000-O00-00163,1000,1000.0000000000462,2,COM_POCO_NO_CONJUNTO_AUDITADO,2.0,100.0,2.0,0.0,0.0,2.0,0.0,0.0,2.0,0.0,0.0,0.0,0.0,0.0,0.0,0.0,0.0,0.0,0.0,0.0,0.0,0.0,0.0,5266.83,0.0,0.0,2.0,100.0,0.0,0.0,0.0,0.0,0.0,0.0,,0.0,0.0,,0.0,0.0,0.0,4.0,0.0,2.0
SCALE-1000-O00-00164,1000,1000.0000000000462,4,COM_POCO_NO_CONJUNTO_AUDITADO,3.0,75.0,4.0,0.0,0.0,4.0,0.0,0.0,4.0,0.0,0.0,0.0,0.0,0.0,0.0,0.0,0.0,0.0,0.0,2.0,50.0,2.0,50.0,3399.1,2.0,2.0,2.0,50.0,2.0,50.0,0.5,0.5,8.0,8.0,100.0,2.0,2.0,100.0,2.0,0.0,0.0,8.0,0.0,2.0
SCALE-1000-O00-00165,1000,1000.0000000000462,0,SEM_POCO_NO_CONJUNTO_AUDITADO,,,,,,,,,,,,,,,,,,,,,,,,,,,,,,,,,,,,,,,,,,,,
SCALE-1000-O00-00166,1000,1000.0000000000462,11,COM_POCO_NO_CONJUNTO_AUDITADO,11.0,100.0,11.0,0.0,0.0,11.0,0.0,0.0,11.0,0.0,0.0,0.0,0.0,0.0,0.0,0.0,0.0,2.0,18.181818181818183,2.0,18.181818181818183,4.0,36.36363636363637,1679.2,3.4545454545454546,4.0,1.0,9.090909090909092,9.0,81.81818181818181,0.5454545454545454,1.0,38.0,38.0,100.0,9.0,9.0,100.0,9.0,0.0,0.0,31.0,0.0,2.8181818181818183
SCALE-1000-O00-00167,1000,1000.0000000000462,45,COM_POCO_NO_CONJUNTO_AUDITADO,26.0,57.77777777777778,45.0,0.0,0.0,45.0,0.0,0.0,45.0,0.0,0.0,0.0,0.0,0.0,0.0,0.0,0.0,12.0,26.666666666666668,27.0,60.0,33.0,73.33333333333333,276.35,3.4444444444444446,4.0,4.0,8.88888888888889,33.0,73.33333333333333,0.5111111111111111,0.0,79.0,79.0,100.0,19.0,19.0,100.0,18.0,24.0,29.0,89.0,0.5333333333333333,1.9777777777777779
SCALE-1000-O00-00168,1000,1000.0000000000462,23,COM_POCO_NO_CONJUNTO_AUDITADO,15.0,65.21739130434783,23.0,0.0,0.0,23.0,0.0,0.0,22.0,1.0,4.3478260869565215,2.0,8.695652173913043,0.0,0.0,0.0,0.0,4.0,17.391304347826086,7.0,30.434782608695652,11.0,47.82608695652174,1257.44,1.5217391304347827,1.0,11.0,47.82608695652174,4.0,17.391304347826086,0.17391304347826086,0.0,12.0,12.0,100.0,3.0,3.0,100.0,3.0,5.0,7.0,41.0,0.21739130434782608,1.7826086956521738
SCALE-1000-O00-00169,1000,1000.0000000000462,41,COM_POCO_NO_CONJUNTO_AUDITADO,23.0,56.09756097560975,41.0,0.0,0.0,41.0,0.0,0.0,40.0,1.0,2.4390243902439024,2.0,4.878048780487805,0.0,0.0,0.0,0.0,4.0,9.75609756097561,19.0,46.34146341463415,24.0,58.53658536585366,955.1,3.1219512195121952,4.0,7.0,17.073170731707318,25.0,60.97560975609756,0.4634146341463415,0.0,58.0,57.0,98.27586206896552,14.0,14.0,100.0,14.0,18.0,25.0,77.0,0.43902439024390244,1.8780487804878048
SCALE-1000-O00-00170,1000,1000.0000000000462,3,COM_POCO_NO_CONJUNTO_AUDITADO,1.0,33.333333333333336,3.0,0.0,0.0,3.0,0.0,0.0,3.0,0.0,0.0,0.0,0.0,0.0,0.0,0.0,0.0,0.0,0.0,0.0,0.0,0.0,0.0,2022.61,2.6666666666666665,4.0,1.0,33.333333333333336,2.0,66.66666666666667,0.0,0.0,0.0,0.0,,0.0,0.0,,0.0,2.0,2.0,4.0,0.6666666666666666,1.3333333333333333
SCALE-1000-O00-00171,1000,1000.0000000000462,0,SEM_POCO_NO_CONJUNTO_AUDITADO,,,,,,,,,,,,,,,,,,,,,,,,,,,,,,,,,,,,,,,,,,,,
SCALE-1000-O00-00172,1000,1000.0000000000462,1,COM_POCO_NO_CONJUNTO_AUDITADO,1.0,100.0,1.0,0.0,0.0,1.0,0.0,0.0,1.0,0.0,0.0,0.0,0.0,0.0,0.0,0.0,0.0,0.0,0.0,0.0,0.0,0.0,0.0,19070.38,3.0,3.0,0.0,0.0,0.0,0.0,2.0,2.0,4.0,4.0,100.0,1.0,1.0,100.0,1.0,0.0,0.0,3.0,0.0,3.0
SCALE-1000-O00-00173,1000,1000.0000000000462,0,SEM_POCO_NO_CONJUNTO_AUDITADO,,,,,,,,,,,,,,,,,,,,,,,,,,,,,,,,,,,,,,,,,,,,
SCALE-1000-O00-00174,1000,1000.0000000000462,3,COM_POCO_NO_CONJUNTO_AUDITADO,0.0,0.0,3.0,0.0,0.0,3.0,0.0,0.0,3.0,0.0,0.0,0.0,0.0,0.0,0.0,0.0,0.0,2.0,66.66666666666667,2.0,66.66666666666667,2.0,66.66666666666667,96.82,4.0,4.0,0.0,0.0,3.0,100.0,0.0,0.0,0.0,0.0,,0.0,0.0,,0.0,3.0,3.0,3.0,1.0,1.0
SCALE-1000-O00-00175,1000,1000.0000000000462,1,COM_POCO_NO_CONJUNTO_AUDITADO,0.0,0.0,1.0,0.0,0.0,1.0,0.0,0.0,1.0,0.0,0.0,0.0,0.0,0.0,0.0,0.0,0.0,0.0,0.0,0.0,0.0,0.0,0.0,17270.53,4.0,4.0,0.0,0.0,1.0,100.0,0.0,0.0,0.0,0.0,,0.0,0.0,,0.0,1.0,1.0,1.0,1.0,1.0
SCALE-1000-O00-00176,1000,1000.0000000000462,1,COM_POCO_NO_CONJUNTO_AUDITADO,1.0,100.0,1.0,0.0,0.0,1.0,0.0,0.0,1.0,0.0,0.0,0.0,0.0,0.0,0.0,0.0,0.0,0.0,0.0,0.0,0.0,0.0,0.0,21443.77,4.0,4.0,0.0,0.0,1.0,100.0,1.0,1.0,4.0,4.0,100.0,1.0,1.0,100.0,1.0,0.0,0.0,3.0,0.0,3.0
SCALE-1000-O00-00177,1000,1000.0000000000462,16,COM_POCO_NO_CONJUNTO_AUDITADO,9.0,56.25,16.0,0.0,0.0,16.0,0.0,0.0,16.0,0.0,0.0,0.0,0.0,0.0,0.0,0.0,0.0,2.0,12.5,8.0,50.0,12.0,75.0,487.685,3.625,4.0,2.0,12.5,13.0,81.25,0.6875,0.0,28.0,28.0,100.0,7.0,7.0,100.0,7.0,13.0,19.0,31.0,0.8125,1.9375
SCALE-1000-O00-00178,1000,530.7755009896389,96,COM_POCO_NO_CONJUNTO_AUDITADO,62.0,64.58333333333333,96.0,0.0,0.0,96.0,0.0,0.0,95.0,1.0,1.0416666666666667,2.0,2.0833333333333335,0.0,0.0,0.0,0.0,38.0,39.583333333333336,82.0,85.41666666666667,90.0,93.75,122.92,3.65625,4.0,9.0,9.375,72.0,75.0,0.7604166666666666,1.0,199.0,199.0,100.0,49.0,49.0,100.0,49.0,61.0,96.0,209.0,0.6354166666666666,2.1770833333333335
SCALE-1000-O00-00179,1000,839.3623949331442,0,SEM_POCO_NO_CONJUNTO_AUDITADO,,,,,,,,,,,,,,,,,,,,,,,,,,,,,,,,,,,,,,,,,,,,
SCALE-1000-O00-00180,1000,1000.0000000000462,0,SEM_POCO_NO_CONJUNTO_AUDITADO,,,,,,,,,,,,,,,,,,,,,,,,,,,,,,,,,,,,,,,,,,,,
SCALE-1000-O00-00181,1000,1000.0000000000462,0,SEM_POCO_NO_CONJUNTO_AUDITADO,,,,,,,,,,,,,,,,,,,,,,,,,,,,,,,,,,,,,,,,,,,,
SCALE-1000-O00-00182,1000,1000.0000000000462,3,COM_POCO_NO_CONJUNTO_AUDITADO,3.0,100.0,3.0,0.0,0.0,3.0,0.0,0.0,3.0,0.0,0.0,0.0,0.0,0.0,0.0,0.0,0.0,0.0,0.0,3.0,100.0,3.0,100.0,294.94,4.0,4.0,0.0,0.0,3.0,100.0,1.0,1.0,12.0,12.0,100.0,3.0,3.0,100.0,3.0,0.0,0.0,9.0,0.0,3.0
SCALE-1000-O00-00183,1000,1000.0000000000462,13,COM_POCO_NO_CONJUNTO_AUDITADO,8.0,61.53846153846154,13.0,0.0,0.0,13.0,0.0,0.0,13.0,0.0,0.0,0.0,0.0,0.0,0.0,0.0,0.0,5.0,38.46153846153846,10.0,76.92307692307692,11.0,84.61538461538461,126.35,2.769230769230769,3.0,4.0,30.76923076923077,6.0,46.15384615384615,0.6153846153846154,0.0,24.0,24.0,100.0,6.0,6.0,100.0,6.0,6.0,6.0,27.0,0.46153846153846156,2.076923076923077
SCALE-1000-O00-00184,1000,1000.0000000000462,2,COM_POCO_NO_CONJUNTO_AUDITADO,2.0,100.0,2.0,0.0,0.0,2.0,0.0,0.0,2.0,0.0,0.0,0.0,0.0,0.0,0.0,0.0,0.0,0.0,0.0,0.0,0.0,0.0,0.0,9248.1,2.5,2.5,1.0,50.0,1.0,50.0,1.0,1.0,4.0,4.0,100.0,1.0,1.0,100.0,1.0,1.0,2.0,5.0,0.5,2.5
SCALE-1000-O00-00185,1000,1000.0000000000462,5,COM_POCO_NO_CONJUNTO_AUDITADO,2.0,40.0,5.0,0.0,0.0,5.0,0.0,0.0,5.0,0.0,0.0,0.0,0.0,0.0,0.0,0.0,0.0,2.0,40.0,3.0,60.0,3.0,60.0,267.51,3.6,4.0,0.0,0.0,3.0,60.0,0.4,0.0,8.0,8.0,100.0,2.0,2.0,100.0,2.0,3.0,3.0,9.0,0.6,1.8
SCALE-1000-O00-00186,1000,1000.0000000000462,59,COM_POCO_NO_CONJUNTO_AUDITADO,43.0,72.88135593220339,59.0,0.0,0.0,59.0,0.0,0.0,58.0,1.0,1.694915254237288,2.0,3.389830508474576,0.0,0.0,0.0,0.0,34.0,57.6271186440678,50.0,84.7457627118644,58.0,98.30508474576271,84.18,3.1186440677966103,4.0,7.0,11.864406779661017,37.0,62.71186440677966,0.6779661016949152,1.0,152.0,152.0,100.0,36.0,36.0,100.0,37.0,15.0,19.0,131.0,0.2542372881355932,2.2203389830508473
SCALE-1000-O00-00187,1000,1000.0000000000462,11,COM_POCO_NO_CONJUNTO_AUDITADO,9.0,81.81818181818181,10.0,1.0,9.090909090909092,10.0,1.0,9.090909090909092,10.0,1.0,9.090909090909092,2.0,18.181818181818183,2.0,18.181818181818183,2.0,18.181818181818183,3.0,27.272727272727273,3.0,27.272727272727273,4.0,36.36363636363637,1393.6,3.0,4.0,3.0,27.272727272727273,7.0,63.63636363636363,0.7272727272727273,1.0,24.0,24.0,100.0,6.0,6.0,100.0,6.0,5.0,8.0,26.0,0.45454545454545453,2.3636363636363638
SCALE-1000-O00-00188,1000,1000.0000000000462,38,COM_POCO_NO_CONJUNTO_AUDITADO,26.0,68.42105263157895,38.0,0.0,0.0,38.0,0.0,0.0,38.0,0.0,0.0,0.0,0.0,0.0,0.0,0.0,0.0,5.0,13.157894736842104,19.0,50.0,22.0,57.89473684210526,614.475,2.6315789473684212,4.0,14.0,36.8421052631579,22.0,57.89473684210526,0.5263157894736842,0.0,56.0,56.0,100.0,14.0,14.0,100.0,14.0,18.0,23.0,77.0,0.47368421052631576,2.026315789473684
SCALE-1000-O00-00189,1000,1000.0000000000462,474,COM_POCO_NO_CONJUNTO_AUDITADO,242.0,51.0548523206751,472.0,2.0,0.4219409282700422,472.0,2.0,0.4219409282700422,471.0,3.0,0.6329113924050633,6.0,1.2658227848101267,4.0,0.8438818565400844,4.0,0.8438818565400844,130.0,27.426160337552744,383.0,80.80168776371308,453.0,95.56962025316456,228.395,3.654008438818565,4.0,27.0,5.69620253164557,355.0,74.89451476793249,0.5822784810126582,0.0,819.0,791.0,96.58119658119658,190.0,185.0,97.36842105263158,205.0,290.0,354.0,898.0,0.6118143459915611,1.8945147679324894
SCALE-1000-O00-00190,1000,1000.0000000000462,23,COM_POCO_NO_CONJUNTO_AUDITADO,3.0,13.043478260869565,23.0,0.0,0.0,23.0,0.0,0.0,23.0,0.0,0.0,0.0,0.0,0.0,0.0,0.0,0.0,7.0,30.434782608695652,17.0,73.91304347826087,19.0,82.6086956521739,250.6,3.5652173913043477,4.0,0.0,0.0,14.0,60.869565217391305,0.21739130434782608,0.0,11.0,11.0,100.0,2.0,2.0,100.0,3.0,17.0,20.0,26.0,0.7391304347826086,1.1304347826086956
SCALE-1000-O00-00191,1000,1000.0000000000462,5,COM_POCO_NO_CONJUNTO_AUDITADO,0.0,0.0,5.0,0.0,0.0,5.0,0.0,0.0,5.0,0.0,0.0,0.0,0.0,0.0,0.0,0.0,0.0,0.0,0.0,0.0,0.0,0.0,0.0,6166.96,3.8,4.0,0.0,0.0,4.0,80.0,0.0,0.0,0.0,0.0,,0.0,0.0,,0.0,4.0,4.0,5.0,0.8,1.0
SCALE-1000-O00-00192,1000,1000.0000000000462,32,COM_POCO_NO_CONJUNTO_AUDITADO,16.0,50.0,32.0,0.0,0.0,32.0,0.0,0.0,32.0,0.0,0.0,0.0,0.0,0.0,0.0,0.0,0.0,12.0,37.5,22.0,68.75,27.0,84.375,244.055,3.15625,4.0,4.0,12.5,17.0,53.125,0.65625,0.0,45.0,44.0,97.77777777777777,10.0,10.0,100.0,12.0,24.0,35.0,52.0,0.75,1.625
SCALE-1000-O00-00193,1000,1000.0000000000462,2,COM_POCO_NO_CONJUNTO_AUDITADO,2.0,100.0,2.0,0.0,0.0,2.0,0.0,0.0,2.0,0.0,0.0,0.0,0.0,0.0,0.0,0.0,0.0,0.0,0.0,0.0,0.0,0.0,0.0,10380.11,0.0,0.0,2.0,100.0,0.0,0.0,0.0,0.0,0.0,0.0,,0.0,0.0,,0.0,0.0,0.0,4.0,0.0,2.0
SCALE-1000-O00-00194,1000,1000.0000000000462,8,COM_POCO_NO_CONJUNTO_AUDITADO,1.0,12.5,8.0,0.0,0.0,8.0,0.0,0.0,8.0,0.0,0.0,0.0,0.0,0.0,0.0,0.0,0.0,0.0,0.0,3.0,37.5,3.0,37.5,1164.2,3.5,4.0,1.0,12.5,7.0,87.5,0.0,0.0,0.0,0.0,,0.0,0.0,,0.0,7.0,7.0,9.0,0.875,1.125
SCALE-1000-O00-00195,1000,1000.0000000000462,35,COM_POCO_NO_CONJUNTO_AUDITADO,18.0,51.42857142857143,35.0,0.0,0.0,35.0,0.0,0.0,35.0,0.0,0.0,0.0,0.0,0.0,0.0,0.0,0.0,19.0,54.285714285714285,31.0,88.57142857142857,33.0,94.28571428571429,86.48,4.0285714285714285,4.0,0.0,0.0,30.0,85.71428571428571,0.8,0.0,68.0,66.0,97.05882352941177,16.0,16.0,100.0,17.0,27.0,33.0,72.0,0.7714285714285715,2.057142857142857
SCALE-1000-O00-00196,1000,1000.0000000000462,1,COM_POCO_NO_CONJUNTO_AUDITADO,1.0,100.0,1.0,0.0,0.0,1.0,0.0,0.0,1.0,0.0,0.0,0.0,0.0,0.0,0.0,0.0,0.0,0.0,0.0,0.0,0.0,0.0,0.0,30119.47,0.0,0.0,1.0,100.0,0.0,0.0,0.0,0.0,0.0,0.0,,0.0,0.0,,0.0,0.0,0.0,2.0,0.0,2.0
SCALE-1000-O00-00197,1000,1000.0000000000462,0,SEM_POCO_NO_CONJUNTO_AUDITADO,,,,,,,,,,,,,,,,,,,,,,,,,,,,,,,,,,,,,,,,,,,,
SCALE-1000-O00-00198,1000,1000.0000000000462,1,COM_POCO_NO_CONJUNTO_AUDITADO,0.0,0.0,1.0,0.0,0.0,1.0,0.0,0.0,1.0,0.0,0.0,0.0,0.0,0.0,0.0,0.0,0.0,0.0,0.0,0.0,0.0,0.0,0.0,4594.85,4.0,4.0,0.0,0.0,1.0,100.0,0.0,0.0,0.0,0.0,,0.0,0.0,,0.0,1.0,1.0,1.0,1.0,1.0
SCALE-1000-O00-00199,1000,663.6663658598551,14,COM_POCO_NO_CONJUNTO_AUDITADO,12.0,85.71428571428571,14.0,0.0,0.0,14.0,0.0,0.0,14.0,0.0,0.0,0.0,0.0,0.0,0.0,0.0,0.0,9.0,64.28571428571429,11.0,78.57142857142857,11.0,78.57142857142857,88.58,4.214285714285714,4.0,0.0,0.0,12.0,85.71428571428571,1.2857142857142858,1.0,48.0,48.0,100.0,12.0,12.0,100.0,12.0,12.0,15.0,40.0,0.8571428571428571,2.857142857142857
SCALE-1000-O00-00200,1000,74.29815856461967,0,SEM_POCO_NO_CONJUNTO_AUDITADO,,,,,,,,,,,,,,,,,,,,,,,,,,,,,,,,,,,,,,,,,,,,
SCALE-1000-O00-00201,1000,382.95408137572844,0,SEM_POCO_NO_CONJUNTO_AUDITADO,,,,,,,,,,,,,,,,,,,,,,,,,,,,,,,,,,,,,,,,,,,,
SCALE-1000-O00-00202,1000,991.6285400809039,0,SEM_POCO_NO_CONJUNTO_AUDITADO,,,,,,,,,,,,,,,,,,,,,,,,,,,,,,,,,,,,,,,,,,,,
SCALE-1000-O00-00203,1000,1000.0000000000462,0,SEM_POCO_NO_CONJUNTO_AUDITADO,,,,,,,,,,,,,,,,,,,,,,,,,,,,,,,,,,,,,,,,,,,,
SCALE-1000-O00-00204,1000,1000.0000000000462,0,SEM_POCO_NO_CONJUNTO_AUDITADO,,,,,,,,,,,,,,,,,,,,,,,,,,,,,,,,,,,,,,,,,,,,
SCALE-1000-O00-00205,1000,1000.0000000000462,5,COM_POCO_NO_CONJUNTO_AUDITADO,2.0,40.0,5.0,0.0,0.0,5.0,0.0,0.0,5.0,0.0,0.0,0.0,0.0,0.0,0.0,0.0,0.0,0.0,0.0,2.0,40.0,3.0,60.0,602.96,2.8,3.0,1.0,20.0,1.0,20.0,0.4,0.0,4.0,4.0,100.0,1.0,1.0,100.0,1.0,4.0,5.0,8.0,0.8,1.6
SCALE-1000-O00-00206,1000,1000.0000000000462,11,COM_POCO_NO_CONJUNTO_AUDITADO,8.0,72.72727272727273,11.0,0.0,0.0,11.0,0.0,0.0,11.0,0.0,0.0,0.0,0.0,0.0,0.0,0.0,0.0,2.0,18.181818181818183,4.0,36.36363636363637,4.0,36.36363636363637,1179.63,1.9090909090909092,2.0,4.0,36.36363636363637,3.0,27.272727272727273,0.2727272727272727,0.0,13.0,13.0,100.0,3.0,3.0,100.0,3.0,1.0,1.0,22.0,0.09090909090909091,2.0
SCALE-1000-O00-00207,1000,1000.0000000000462,2,COM_POCO_NO_CONJUNTO_AUDITADO,2.0,100.0,2.0,0.0,0.0,2.0,0.0,0.0,2.0,0.0,0.0,0.0,0.0,0.0,0.0,0.0,0.0,0.0,0.0,0.0,0.0,2.0,100.0,568.37,5.0,5.0,0.0,0.0,2.0,100.0,2.0,2.0,8.0,8.0,100.0,2.0,2.0,100.0,2.0,2.0,4.0,6.0,1.0,3.0
SCALE-1000-O00-00208,1000,1000.0000000000462,0,SEM_POCO_NO_CONJUNTO_AUDITADO,,,,,,,,,,,,,,,,,,,,,,,,,,,,,,,,,,,,,,,,,,,,
SCALE-1000-O00-00209,1000,1000.0000000000474,3,COM_POCO_NO_CONJUNTO_AUDITADO,2.0,66.66666666666667,3.0,0.0,0.0,3.0,0.0,0.0,3.0,0.0,0.0,0.0,0.0,0.0,0.0,0.0,0.0,0.0,0.0,2.0,66.66666666666667,2.0,66.66666666666667,225.01,2.0,2.0,1.0,33.333333333333336,1.0,33.333333333333336,0.3333333333333333,0.0,4.0,4.0,100.0,1.0,1.0,100.0,1.0,1.0,1.0,5.0,0.3333333333333333,1.6666666666666667
SCALE-1000-O00-00210,1000,1000.0000000000462,3,COM_POCO_NO_CONJUNTO_AUDITADO,1.0,33.333333333333336,3.0,0.0,0.0,3.0,0.0,0.0,3.0,0.0,0.0,0.0,0.0,0.0,0.0,0.0,0.0,0.0,0.0,0.0,0.0,0.0,0.0,2668.39,3.0,3.0,0.0,0.0,1.0,33.333333333333336,0.0,0.0,1.0,1.0,100.0,0.0,0.0,,0.0,2.0,2.0,4.0,0.6666666666666666,1.3333333333333333
SCALE-1000-O00-00211,1000,1000.0000000000462,14,COM_POCO_NO_CONJUNTO_AUDITADO,5.0,35.714285714285715,14.0,0.0,0.0,14.0,0.0,0.0,14.0,0.0,0.0,0.0,0.0,0.0,0.0,0.0,0.0,0.0,0.0,3.0,21.428571428571427,5.0,35.714285714285715,2169.43,3.4285714285714284,4.0,1.0,7.142857142857143,10.0,71.42857142857143,0.2857142857142857,0.0,12.0,12.0,100.0,2.0,2.0,100.0,4.0,8.0,8.0,21.0,0.5714285714285714,1.5
SCALE-1000-O00-00212,1000,1000.0000000000462,11,COM_POCO_NO_CONJUNTO_AUDITADO,5.0,45.45454545454545,11.0,0.0,0.0,11.0,0.0,0.0,11.0,0.0,0.0,0.0,0.0,0.0,0.0,0.0,0.0,0.0,0.0,0.0,0.0,0.0,0.0,3063.57,2.727272727272727,3.0,2.0,18.181818181818183,5.0,45.45454545454545,0.09090909090909091,0.0,7.0,7.0,100.0,1.0,1.0,100.0,1.0,4.0,4.0,17.0,0.36363636363636365,1.5454545454545454
SCALE-1000-O00-00213,1000,1000.0000000000466,2,COM_POCO_NO_CONJUNTO_AUDITADO,1.0,50.0,2.0,0.0,0.0,2.0,0.0,0.0,2.0,0.0,0.0,0.0,0.0,0.0,0.0,0.0,0.0,0.0,0.0,0.0,0.0,0.0,0.0,16767.614999999998,1.5,1.5,1.0,50.0,0.0,0.0,0.0,0.0,0.0,0.0,,0.0,0.0,,0.0,0.0,0.0,3.0,0.0,1.5
SCALE-1000-O00-00214,1000,1000.0000000000462,1,COM_POCO_NO_CONJUNTO_AUDITADO,0.0,0.0,1.0,0.0,0.0,1.0,0.0,0.0,1.0,0.0,0.0,0.0,0.0,0.0,0.0,0.0,0.0,0.0,0.0,0.0,0.0,0.0,0.0,10464.11,4.0,4.0,0.0,0.0,1.0,100.0,0.0,0.0,0.0,0.0,,0.0,0.0,,0.0,1.0,1.0,1.0,1.0,1.0
SCALE-1000-O00-00215,1000,1000.0000000000462,1,COM_POCO_NO_CONJUNTO_AUDITADO,0.0,0.0,1.0,0.0,0.0,1.0,0.0,0.0,1.0,0.0,0.0,0.0,0.0,0.0,0.0,0.0,0.0,0.0,0.0,0.0,0.0,0.0,0.0,18767.96,4.0,4.0,0.0,0.0,1.0,100.0,0.0,0.0,0.0,0.0,,0.0,0.0,,0.0,1.0,1.0,1.0,1.0,1.0
SCALE-1000-O00-00216,1000,1000.0000000000462,0,SEM_POCO_NO_CONJUNTO_AUDITADO,,,,,,,,,,,,,,,,,,,,,,,,,,,,,,,,,,,,,,,,,,,,
SCALE-1000-O00-00217,1000,1000.0000000000462,1,COM_POCO_NO_CONJUNTO_AUDITADO,0.0,0.0,1.0,0.0,0.0,1.0,0.0,0.0,1.0,0.0,0.0,0.0,0.0,0.0,0.0,0.0,0.0,0.0,0.0,0.0,0.0,0.0,0.0,25974.93,4.0,4.0,0.0,0.0,1.0,100.0,0.0,0.0,0.0,0.0,,0.0,0.0,,0.0,1.0,1.0,1.0,1.0,1.0
SCALE-1000-O00-00218,1000,1000.0000000000462,1,COM_POCO_NO_CONJUNTO_AUDITADO,0.0,0.0,1.0,0.0,0.0,1.0,0.0,0.0,1.0,0.0,0.0,0.0,0.0,0.0,0.0,0.0,0.0,0.0,0.0,0.0,0.0,0.0,0.0,17028.05,3.0,3.0,0.0,0.0,0.0,0.0,0.0,0.0,0.0,0.0,,0.0,0.0,,0.0,1.0,1.0,0.0,1.0,0.0
SCALE-1000-O00-00219,1000,1000.0000000000462,0,SEM_POCO_NO_CONJUNTO_AUDITADO,,,,,,,,,,,,,,,,,,,,,,,,,,,,,,,,,,,,,,,,,,,,
SCALE-1000-O00-00220,1000,1000.0000000000462,0,SEM_POCO_NO_CONJUNTO_AUDITADO,,,,,,,,,,,,,,,,,,,,,,,,,,,,,,,,,,,,,,,,,,,,
SCALE-1000-O00-00221,1000,1000.0000000000462,3,COM_POCO_NO_CONJUNTO_AUDITADO,2.0,66.66666666666667,3.0,0.0,0.0,3.0,0.0,0.0,3.0,0.0,0.0,0.0,0.0,0.0,0.0,0.0,0.0,0.0,0.0,0.0,0.0,0.0,0.0,2087.15,2.0,2.0,1.0,33.333333333333336,1.0,33.333333333333336,0.3333333333333333,0.0,1.0,1.0,100.0,0.0,0.0,,0.0,2.0,4.0,5.0,0.6666666666666666,1.6666666666666667
SCALE-1000-O00-00222,1000,1000.0000000000462,8,COM_POCO_NO_CONJUNTO_AUDITADO,2.0,25.0,8.0,0.0,0.0,8.0,0.0,0.0,8.0,0.0,0.0,0.0,0.0,0.0,0.0,0.0,0.0,5.0,62.5,6.0,75.0,6.0,75.0,86.85,4.25,4.0,0.0,0.0,8.0,100.0,0.625,0.0,8.0,8.0,100.0,2.0,2.0,100.0,2.0,9.0,11.0,12.0,1.125,1.5
SCALE-1000-O00-00223,1000,242.41057506617918,35,COM_POCO_NO_CONJUNTO_AUDITADO,13.0,37.142857142857146,35.0,0.0,0.0,35.0,0.0,0.0,35.0,0.0,0.0,0.0,0.0,0.0,0.0,0.0,0.0,14.0,40.0,29.0,82.85714285714286,31.0,88.57142857142857,116.94,3.4857142857142858,4.0,3.0,8.571428571428571,25.0,71.42857142857143,0.5142857142857142,0.0,47.0,47.0,100.0,11.0,11.0,100.0,12.0,23.0,27.0,57.0,0.6571428571428571,1.6285714285714286
SCALE-1000-O00-00224,1000,5.181756305886222,0,SEM_POCO_NO_CONJUNTO_AUDITADO,,,,,,,,,,,,,,,,,,,,,,,,,,,,,,,,,,,,,,,,,,,,
SCALE-1000-O00-00225,1000,664.1985420900731,0,SEM_POCO_NO_CONJUNTO_AUDITADO,,,,,,,,,,,,,,,,,,,,,,,,,,,,,,,,,,,,,,,,,,,,
SCALE-1000-O00-00226,1000,1000.0000000000462,0,SEM_POCO_NO_CONJUNTO_AUDITADO,,,,,,,,,,,,,,,,,,,,,,,,,,,,,,,,,,,,,,,,,,,,
SCALE-1000-O00-00227,1000,1000.0000000000462,0,SEM_POCO_NO_CONJUNTO_AUDITADO,,,,,,,,,,,,,,,,,,,,,,,,,,,,,,,,,,,,,,,,,,,,
SCALE-1000-O00-00228,1000,1000.0000000000462,0,SEM_POCO_NO_CONJUNTO_AUDITADO,,,,,,,,,,,,,,,,,,,,,,,,,,,,,,,,,,,,,,,,,,,,
SCALE-1000-O00-00229,1000,1000.0000000000462,1,COM_POCO_NO_CONJUNTO_AUDITADO,1.0,100.0,1.0,0.0,0.0,1.0,0.0,0.0,1.0,0.0,0.0,0.0,0.0,0.0,0.0,0.0,0.0,0.0,0.0,0.0,0.0,0.0,0.0,15097.75,5.0,5.0,0.0,0.0,1.0,100.0,2.0,2.0,4.0,4.0,100.0,1.0,1.0,100.0,1.0,1.0,2.0,3.0,1.0,3.0
SCALE-1000-O00-00230,1000,1000.0000000000462,11,COM_POCO_NO_CONJUNTO_AUDITADO,8.0,72.72727272727273,11.0,0.0,0.0,11.0,0.0,0.0,11.0,0.0,0.0,0.0,0.0,0.0,0.0,0.0,0.0,3.0,27.272727272727273,4.0,36.36363636363637,8.0,72.72727272727273,960.32,3.272727272727273,3.0,0.0,0.0,5.0,45.45454545454545,1.0909090909090908,1.0,29.0,29.0,100.0,5.0,5.0,100.0,8.0,7.0,11.0,24.0,0.6363636363636364,2.1818181818181817
SCALE-1000-O00-00231,1000,1000.0000000000462,0,SEM_POCO_NO_CONJUNTO_AUDITADO,,,,,,,,,,,,,,,,,,,,,,,,,,,,,,,,,,,,,,,,,,,,
SCALE-1000-O00-00232,1000,1000.0000000000492,0,SEM_POCO_NO_CONJUNTO_AUDITADO,,,,,,,,,,,,,,,,,,,,,,,,,,,,,,,,,,,,,,,,,,,,
SCALE-1000-O00-00233,1000,1000.0000000000462,1,COM_POCO_NO_CONJUNTO_AUDITADO,1.0,100.0,1.0,0.0,0.0,1.0,0.0,0.0,1.0,0.0,0.0,0.0,0.0,0.0,0.0,0.0,0.0,0.0,0.0,0.0,0.0,0.0,0.0,8096.14,4.0,4.0,0.0,0.0,1.0,100.0,1.0,1.0,4.0,4.0,100.0,1.0,1.0,100.0,1.0,0.0,0.0,3.0,0.0,3.0
SCALE-1000-O00-00234,1000,1000.0000000000462,9,COM_POCO_NO_CONJUNTO_AUDITADO,7.0,77.77777777777777,9.0,0.0,0.0,9.0,0.0,0.0,9.0,0.0,0.0,0.0,0.0,0.0,0.0,0.0,0.0,2.0,22.22222222222222,4.0,44.44444444444444,6.0,66.66666666666667,684.14,3.4444444444444446,4.0,0.0,0.0,6.0,66.66666666666667,0.6666666666666666,1.0,25.0,25.0,100.0,6.0,6.0,100.0,5.0,3.0,3.0,22.0,0.3333333333333333,2.4444444444444446
SCALE-1000-O00-00235,1000,1000.0000000000462,18,COM_POCO_NO_CONJUNTO_AUDITADO,11.0,61.111111111111114,18.0,0.0,0.0,18.0,0.0,0.0,18.0,0.0,0.0,0.0,0.0,0.0,0.0,0.0,0.0,4.0,22.22222222222222,7.0,38.888888888888886,7.0,38.888888888888886,1961.065,3.388888888888889,4.0,0.0,0.0,11.0,61.111111111111114,0.5,0.0,38.0,38.0,100.0,9.0,9.0,100.0,6.0,7.0,10.0,38.0,0.3888888888888889,2.111111111111111
SCALE-1000-O00-00236,1000,1000.0000000000415,18,COM_POCO_NO_CONJUNTO_AUDITADO,8.0,44.44444444444444,18.0,0.0,0.0,18.0,0.0,0.0,18.0,0.0,0.0,0.0,0.0,0.0,0.0,0.0,0.0,4.0,22.22222222222222,6.0,33.333333333333336,9.0,50.0,973.7,3.2222222222222223,4.0,1.0,5.555555555555555,10.0,55.55555555555556,0.4444444444444444,0.0,24.0,24.0,100.0,5.0,5.0,100.0,6.0,9.0,9.0,30.0,0.5,1.6666666666666667
SCALE-1000-O00-00237,1000,1000.0000000000417,3,COM_POCO_NO_CONJUNTO_AUDITADO,2.0,66.66666666666667,3.0,0.0,0.0,3.0,0.0,0.0,3.0,0.0,0.0,0.0,0.0,0.0,0.0,0.0,0.0,0.0,0.0,0.0,0.0,0.0,0.0,10335.87,3.3333333333333335,4.0,0.0,0.0,2.0,66.66666666666667,0.6666666666666666,1.0,8.0,8.0,100.0,2.0,2.0,100.0,2.0,1.0,1.0,6.0,0.3333333333333333,2.0
SCALE-1000-O00-00238,1000,1000.0000000000462,3,COM_POCO_NO_CONJUNTO_AUDITADO,1.0,33.333333333333336,3.0,0.0,0.0,3.0,0.0,0.0,3.0,0.0,0.0,0.0,0.0,0.0,0.0,0.0,0.0,0.0,0.0,0.0,0.0,0.0,0.0,3379.5,3.0,3.0,0.0,0.0,0.0,0.0,0.3333333333333333,0.0,4.0,4.0,100.0,1.0,1.0,100.0,1.0,0.0,0.0,5.0,0.0,1.6666666666666667
SCALE-1000-O00-00239,1000,1000.0000000000462,4,COM_POCO_NO_CONJUNTO_AUDITADO,2.0,50.0,4.0,0.0,0.0,4.0,0.0,0.0,4.0,0.0,0.0,0.0,0.0,0.0,0.0,0.0,0.0,2.0,50.0,2.0,50.0,2.0,50.0,2162.08,4.25,4.0,0.0,0.0,4.0,100.0,0.75,0.5,8.0,8.0,100.0,2.0,2.0,100.0,2.0,4.0,5.0,9.0,1.0,2.25
SCALE-1000-O00-00240,1000,1000.0000000000462,0,SEM_POCO_NO_CONJUNTO_AUDITADO,,,,,,,,,,,,,,,,,,,,,,,,,,,,,,,,,,,,,,,,,,,,
SCALE-1000-O00-00241,1000,1000.0000000000462,1,COM_POCO_NO_CONJUNTO_AUDITADO,0.0,0.0,1.0,0.0,0.0,1.0,0.0,0.0,1.0,0.0,0.0,0.0,0.0,0.0,0.0,0.0,0.0,0.0,0.0,0.0,0.0,0.0,0.0,6077.05,4.0,4.0,0.0,0.0,1.0,100.0,0.0,0.0,0.0,0.0,,0.0,0.0,,0.0,1.0,1.0,1.0,1.0,1.0
SCALE-1000-O00-00242,1000,1000.0000000000462,1,COM_POCO_NO_CONJUNTO_AUDITADO,1.0,100.0,1.0,0.0,0.0,1.0,0.0,0.0,1.0,0.0,0.0,0.0,0.0,0.0,0.0,0.0,0.0,0.0,0.0,0.0,0.0,0.0,0.0,17028.05,4.0,4.0,0.0,0.0,1.0,100.0,1.0,1.0,4.0,4.0,100.0,1.0,1.0,100.0,1.0,0.0,0.0,3.0,0.0,3.0
SCALE-1000-O00-00243,1000,1000.0000000000462,0,SEM_POCO_NO_CONJUNTO_AUDITADO,,,,,,,,,,,,,,,,,,,,,,,,,,,,,,,,,,,,,,,,,,,,
SCALE-1000-O00-00244,1000,1000.0000000000462,1,COM_POCO_NO_CONJUNTO_AUDITADO,0.0,0.0,1.0,0.0,0.0,1.0,0.0,0.0,1.0,0.0,0.0,0.0,0.0,0.0,0.0,0.0,0.0,0.0,0.0,0.0,0.0,0.0,0.0,3897.95,4.0,4.0,0.0,0.0,1.0,100.0,0.0,0.0,0.0,0.0,,0.0,0.0,,0.0,1.0,1.0,1.0,1.0,1.0
SCALE-1000-O00-00245,1000,1000.0000000000462,0,SEM_POCO_NO_CONJUNTO_AUDITADO,,,,,,,,,,,,,,,,,,,,,,,,,,,,,,,,,,,,,,,,,,,,
SCALE-1000-O00-00246,1000,868.6357660273628,13,COM_POCO_NO_CONJUNTO_AUDITADO,3.0,23.076923076923077,13.0,0.0,0.0,13.0,0.0,0.0,13.0,0.0,0.0,0.0,0.0,0.0,0.0,0.0,0.0,0.0,0.0,10.0,76.92307692307692,11.0,84.61538461538461,445.73,3.4615384615384617,4.0,1.0,7.6923076923076925,10.0,76.92307692307692,0.23076923076923078,0.0,7.0,5.0,71.42857142857143,1.0,1.0,100.0,2.0,10.0,11.0,17.0,0.7692307692307693,1.3076923076923077
SCALE-1000-O00-00247,1000,352.3645767885835,0,SEM_POCO_NO_CONJUNTO_AUDITADO,,,,,,,,,,,,,,,,,,,,,,,,,,,,,,,,,,,,,,,,,,,,
SCALE-1000-O00-00248,1000,1000.0000000000462,1,COM_POCO_NO_CONJUNTO_AUDITADO,0.0,0.0,1.0,0.0,0.0,1.0,0.0,0.0,1.0,0.0,0.0,0.0,0.0,0.0,0.0,0.0,0.0,0.0,0.0,0.0,0.0,0.0,0.0,42495.75,2.0,2.0,0.0,0.0,0.0,0.0,0.0,0.0,0.0,0.0,,0.0,0.0,,0.0,0.0,0.0,1.0,0.0,1.0
SCALE-1000-O00-00249,1000,1000.0000000000462,1,COM_POCO_NO_CONJUNTO_AUDITADO,1.0,100.0,1.0,0.0,0.0,1.0,0.0,0.0,1.0,0.0,0.0,0.0,0.0,0.0,0.0,0.0,0.0,0.0,0.0,0.0,0.0,0.0,0.0,23314.03,4.0,4.0,0.0,0.0,1.0,100.0,1.0,1.0,4.0,4.0,100.0,1.0,1.0,100.0,1.0,0.0,0.0,3.0,0.0,3.0
SCALE-1000-O00-00250,1000,1000.0000000000462,2,COM_POCO_NO_CONJUNTO_AUDITADO,2.0,100.0,2.0,0.0,0.0,2.0,0.0,0.0,2.0,0.0,0.0,0.0,0.0,0.0,0.0,0.0,0.0,0.0,0.0,0.0,0.0,0.0,0.0,1616.11,0.0,0.0,2.0,100.0,0.0,0.0,0.0,0.0,0.0,0.0,,0.0,0.0,,0.0,0.0,0.0,4.0,0.0,2.0
SCALE-1000-O00-00251,1000,1000.0000000000462,0,SEM_POCO_NO_CONJUNTO_AUDITADO,,,,,,,,,,,,,,,,,,,,,,,,,,,,,,,,,,,,,,,,,,,,
SCALE-1000-O00-00252,1000,1000.0000000000462,0,SEM_POCO_NO_CONJUNTO_AUDITADO,,,,,,,,,,,,,,,,,,,,,,,,,,,,,,,,,,,,,,,,,,,,
SCALE-1000-O00-00253,1000,1000.0000000000462,0,SEM_POCO_NO_CONJUNTO_AUDITADO,,,,,,,,,,,,,,,,,,,,,,,,,,,,,,,,,,,,,,,,,,,,
SCALE-1000-O00-00254,1000,1000.0000000000462,0,SEM_POCO_NO_CONJUNTO_AUDITADO,,,,,,,,,,,,,,,,,,,,,,,,,,,,,,,,,,,,,,,,,,,,
SCALE-1000-O00-00255,1000,1000.0000000000462,0,SEM_POCO_NO_CONJUNTO_AUDITADO,,,,,,,,,,,,,,,,,,,,,,,,,,,,,,,,,,,,,,,,,,,,
SCALE-1000-O00-00256,1000,1000.0000000000462,1,COM_POCO_NO_CONJUNTO_AUDITADO,1.0,100.0,1.0,0.0,0.0,1.0,0.0,0.0,1.0,0.0,0.0,0.0,0.0,0.0,0.0,0.0,0.0,0.0,0.0,0.0,0.0,0.0,0.0,19140.42,5.0,5.0,0.0,0.0,1.0,100.0,2.0,2.0,4.0,4.0,100.0,1.0,1.0,100.0,1.0,1.0,2.0,3.0,1.0,3.0
SCALE-1000-O00-00257,1000,1000.0000000000462,9,COM_POCO_NO_CONJUNTO_AUDITADO,7.0,77.77777777777777,9.0,0.0,0.0,9.0,0.0,0.0,9.0,0.0,0.0,0.0,0.0,0.0,0.0,0.0,0.0,0.0,0.0,2.0,22.22222222222222,4.0,44.44444444444444,1156.03,2.888888888888889,4.0,2.0,22.22222222222222,5.0,55.55555555555556,0.5555555555555556,0.0,16.0,16.0,100.0,3.0,3.0,100.0,4.0,4.0,5.0,19.0,0.4444444444444444,2.111111111111111
SCALE-1000-O00-00258,1000,1000.0000000000462,25,COM_POCO_NO_CONJUNTO_AUDITADO,7.0,28.0,25.0,0.0,0.0,25.0,0.0,0.0,25.0,0.0,0.0,0.0,0.0,0.0,0.0,0.0,0.0,4.0,16.0,9.0,36.0,9.0,36.0,1635.5,2.76,3.0,4.0,16.0,11.0,44.0,0.12,0.0,6.0,6.0,100.0,1.0,1.0,100.0,1.0,14.0,14.0,31.0,0.56,1.24
SCALE-1000-O00-00259,1000,1000.0000000000462,12,COM_POCO_NO_CONJUNTO_AUDITADO,4.0,33.333333333333336,12.0,0.0,0.0,12.0,0.0,0.0,12.0,0.0,0.0,0.0,0.0,0.0,0.0,0.0,0.0,0.0,0.0,2.0,16.666666666666668,5.0,41.666666666666664,1335.495,3.6666666666666665,4.0,0.0,0.0,8.0,66.66666666666667,0.5,0.0,16.0,15.0,93.75,4.0,4.0,100.0,4.0,7.0,8.0,19.0,0.5833333333333334,1.5833333333333333
SCALE-1000-O00-00260,1000,1000.0000000000462,15,COM_POCO_NO_CONJUNTO_AUDITADO,12.0,80.0,15.0,0.0,0.0,15.0,0.0,0.0,15.0,0.0,0.0,0.0,0.0,0.0,0.0,0.0,0.0,8.0,53.333333333333336,12.0,80.0,13.0,86.66666666666667,65.27,3.466666666666667,4.0,2.0,13.333333333333334,11.0,73.33333333333333,0.8,1.0,44.0,44.0,100.0,11.0,11.0,100.0,11.0,3.0,3.0,37.0,0.2,2.466666666666667
SCALE-1000-O00-00261,1000,1000.0000000000462,1,COM_POCO_NO_CONJUNTO_AUDITADO,1.0,100.0,1.0,0.0,0.0,1.0,0.0,0.0,1.0,0.0,0.0,0.0,0.0,0.0,0.0,0.0,0.0,0.0,0.0,0.0,0.0,0.0,0.0,13385.36,0.0,0.0,1.0,100.0,0.0,0.0,0.0,0.0,0.0,0.0,,0.0,0.0,,0.0,0.0,0.0,2.0,0.0,2.0
SCALE-1000-O00-00262,1000,1000.0000000000462,1,COM_POCO_NO_CONJUNTO_AUDITADO,1.0,100.0,1.0,0.0,0.0,1.0,0.0,0.0,1.0,0.0,0.0,0.0,0.0,0.0,0.0,0.0,0.0,0.0,0.0,0.0,0.0,0.0,0.0,13385.36,0.0,0.0,1.0,100.0,0.0,0.0,0.0,0.0,0.0,0.0,,0.0,0.0,,0.0,0.0,0.0,2.0,0.0,2.0
SCALE-1000-O00-00263,1000,1000.0000000000462,0,SEM_POCO_NO_CONJUNTO_AUDITADO,,,,,,,,,,,,,,,,,,,,,,,,,,,,,,,,,,,,,,,,,,,,
SCALE-1000-O00-00264,1000,1000.0000000000462,2,COM_POCO_NO_CONJUNTO_AUDITADO,0.0,0.0,2.0,0.0,0.0,2.0,0.0,0.0,2.0,0.0,0.0,0.0,0.0,0.0,0.0,0.0,0.0,0.0,0.0,0.0,0.0,2.0,100.0,733.75,4.0,4.0,0.0,0.0,2.0,100.0,0.0,0.0,0.0,0.0,,0.0,0.0,,0.0,2.0,2.0,2.0,1.0,1.0
SCALE-1000-O00-00265,1000,1000.0000000000462,0,SEM_POCO_NO_CONJUNTO_AUDITADO,,,,,,,,,,,,,,,,,,,,,,,,,,,,,,,,,,,,,,,,,,,,
SCALE-1000-O00-00266,1000,1000.0000000000462,17,COM_POCO_NO_CONJUNTO_AUDITADO,14.0,82.3529411764706,17.0,0.0,0.0,17.0,0.0,0.0,17.0,0.0,0.0,0.0,0.0,0.0,0.0,0.0,0.0,10.0,58.8235294117647,15.0,88.23529411764706,16.0,94.11764705882354,96.61,3.764705882352941,4.0,1.0,5.882352941176471,15.0,88.23529411764706,1.1176470588235294,1.0,52.0,51.0,98.07692307692308,12.0,12.0,100.0,14.0,7.0,13.0,42.0,0.4117647058823529,2.4705882352941178
SCALE-1000-O00-00267,1000,1000.0000000000462,0,SEM_POCO_NO_CONJUNTO_AUDITADO,,,,,,,,,,,,,,,,,,,,,,,,,,,,,,,,,,,,,,,,,,,,
SCALE-1000-O00-00268,1000,1000.0000000000462,21,COM_POCO_NO_CONJUNTO_AUDITADO,9.0,42.857142857142854,21.0,0.0,0.0,21.0,0.0,0.0,21.0,0.0,0.0,0.0,0.0,0.0,0.0,0.0,0.0,8.0,38.095238095238095,17.0,80.95238095238095,18.0,85.71428571428571,183.72,2.7142857142857144,4.0,7.0,33.333333333333336,13.0,61.904761904761905,0.47619047619047616,0.0,32.0,32.0,100.0,8.0,8.0,100.0,8.0,8.0,9.0,31.0,0.38095238095238093,1.4761904761904763
SCALE-1000-O00-00269,1000,431.18479971050954,4,COM_POCO_NO_CONJUNTO_AUDITADO,0.0,0.0,4.0,0.0,0.0,4.0,0.0,0.0,4.0,0.0,0.0,0.0,0.0,0.0,0.0,0.0,0.0,0.0,0.0,0.0,0.0,0.0,0.0,2227.91,3.25,4.0,0.0,0.0,3.0,75.0,0.0,0.0,0.0,0.0,,0.0,0.0,,0.0,3.0,3.0,3.0,0.75,0.75
SCALE-1000-O00-00270,1000,491.7892672589889,0,SEM_POCO_NO_CONJUNTO_AUDITADO,,,,,,,,,,,,,,,,,,,,,,,,,,,,,,,,,,,,,,,,,,,,
SCALE-1000-O00-00271,1000,1000.0000000000462,14,COM_POCO_NO_CONJUNTO_AUDITADO,6.0,42.857142857142854,14.0,0.0,0.0,14.0,0.0,0.0,14.0,0.0,0.0,0.0,0.0,0.0,0.0,0.0,0.0,2.0,14.285714285714286,7.0,50.0,12.0,85.71428571428571,483.24,2.5,3.0,0.0,0.0,1.0,7.142857142857143,0.5,0.0,24.0,24.0,100.0,6.0,6.0,100.0,6.0,7.0,9.0,23.0,0.5,1.6428571428571428
SCALE-1000-O00-00272,1000,1000.0000000000462,2,COM_POCO_NO_CONJUNTO_AUDITADO,2.0,100.0,2.0,0.0,0.0,2.0,0.0,0.0,2.0,0.0,0.0,0.0,0.0,0.0,0.0,0.0,0.0,2.0,100.0,2.0,100.0,2.0,100.0,84.26,3.5,3.5,0.0,0.0,1.0,50.0,1.0,1.0,8.0,8.0,100.0,2.0,2.0,100.0,2.0,0.0,0.0,6.0,0.0,3.0
SCALE-1000-O00-00273,1000,1000.0000000000462,2,COM_POCO_NO_CONJUNTO_AUDITADO,1.0,50.0,2.0,0.0,0.0,2.0,0.0,0.0,2.0,0.0,0.0,0.0,0.0,0.0,0.0,0.0,0.0,0.0,0.0,0.0,0.0,0.0,0.0,8990.95,1.5,1.5,1.0,50.0,0.0,0.0,0.0,0.0,0.0,0.0,,0.0,0.0,,0.0,0.0,0.0,3.0,0.0,1.5
SCALE-1000-O00-00274,1000,1000.0000000000462,0,SEM_POCO_NO_CONJUNTO_AUDITADO,,,,,,,,,,,,,,,,,,,,,,,,,,,,,,,,,,,,,,,,,,,,
SCALE-1000-O00-00275,1000,1000.0000000000462,0,SEM_POCO_NO_CONJUNTO_AUDITADO,,,,,,,,,,,,,,,,,,,,,,,,,,,,,,,,,,,,,,,,,,,,
SCALE-1000-O00-00276,1000,1000.0000000000462,0,SEM_POCO_NO_CONJUNTO_AUDITADO,,,,,,,,,,,,,,,,,,,,,,,,,,,,,,,,,,,,,,,,,,,,
SCALE-1000-O00-00277,1000,1000.0000000000462,0,SEM_POCO_NO_CONJUNTO_AUDITADO,,,,,,,,,,,,,,,,,,,,,,,,,,,,,,,,,,,,,,,,,,,,
SCALE-1000-O00-00278,1000,1000.0000000000462,0,SEM_POCO_NO_CONJUNTO_AUDITADO,,,,,,,,,,,,,,,,,,,,,,,,,,,,,,,,,,,,,,,,,,,,
SCALE-1000-O00-00279,1000,1000.0000000000462,10,COM_POCO_NO_CONJUNTO_AUDITADO,8.0,80.0,10.0,0.0,0.0,10.0,0.0,0.0,10.0,0.0,0.0,0.0,0.0,0.0,0.0,0.0,0.0,4.0,40.0,8.0,80.0,8.0,80.0,106.06,4.0,4.0,0.0,0.0,10.0,100.0,0.8,1.0,32.0,32.0,100.0,8.0,8.0,100.0,8.0,2.0,2.0,26.0,0.2,2.6
SCALE-1000-O00-00280,1000,1000.0000000000462,126,COM_POCO_NO_CONJUNTO_AUDITADO,93.0,73.80952380952381,125.0,1.0,0.7936507936507936,125.0,1.0,0.7936507936507936,125.0,1.0,0.7936507936507936,2.0,1.5873015873015872,2.0,1.5873015873015872,2.0,1.5873015873015872,23.0,18.253968253968253,81.0,64.28571428571429,111.0,88.0952380952381,310.265,1.8174603174603174,0.5,63.0,50.0,44.0,34.92063492063492,0.2777777777777778,0.0,100.0,99.0,99.0,20.0,20.0,100.0,25.0,36.0,46.0,238.0,0.2857142857142857,1.8888888888888888
SCALE-1000-O00-00281,1000,1000.0000000000462,27,COM_POCO_NO_CONJUNTO_AUDITADO,21.0,77.77777777777777,26.0,1.0,3.7037037037037037,26.0,1.0,3.7037037037037037,26.0,1.0,3.7037037037037037,2.0,7.407407407407407,2.0,7.407407407407407,2.0,7.407407407407407,11.0,40.74074074074074,14.0,51.851851851851855,16.0,59.25925925925926,339.05,2.074074074074074,3.0,11.0,40.74074074074074,9.0,33.333333333333336,0.48148148148148145,0.0,21.0,19.0,90.47619047619048,4.0,4.0,100.0,4.0,14.0,22.0,52.0,0.5185185185185185,1.9259259259259258
SCALE-1000-O00-00282,1000,1000.0000000000462,38,COM_POCO_NO_CONJUNTO_AUDITADO,32.0,84.21052631578948,38.0,0.0,0.0,38.0,0.0,0.0,38.0,0.0,0.0,0.0,0.0,0.0,0.0,0.0,0.0,28.0,73.6842105263158,36.0,94.73684210526316,38.0,100.0,84.18,4.078947368421052,4.0,0.0,0.0,34.0,89.47368421052632,0.9473684210526315,1.0,125.0,125.0,100.0,31.0,31.0,100.0,31.0,15.0,17.0,103.0,0.39473684210526316,2.710526315789474
SCALE-1000-O00-00283,1000,1000.0000000000462,5,COM_POCO_NO_CONJUNTO_AUDITADO,0.0,0.0,5.0,0.0,0.0,5.0,0.0,0.0,5.0,0.0,0.0,0.0,0.0,0.0,0.0,0.0,0.0,2.0,40.0,2.0,40.0,2.0,40.0,3648.37,4.0,4.0,0.0,0.0,5.0,100.0,0.0,0.0,0.0,0.0,,0.0,0.0,,0.0,5.0,5.0,5.0,1.0,1.0
SCALE-1000-O00-00284,1000,1000.0000000000462,3,COM_POCO_NO_CONJUNTO_AUDITADO,0.0,0.0,3.0,0.0,0.0,3.0,0.0,0.0,3.0,0.0,0.0,0.0,0.0,0.0,0.0,0.0,0.0,0.0,0.0,0.0,0.0,0.0,0.0,5832.14,4.0,4.0,0.0,0.0,3.0,100.0,0.0,0.0,0.0,0.0,,0.0,0.0,,0.0,3.0,3.0,3.0,1.0,1.0
SCALE-1000-O00-00285,1000,1000.0000000000462,2,COM_POCO_NO_CONJUNTO_AUDITADO,0.0,0.0,2.0,0.0,0.0,2.0,0.0,0.0,2.0,0.0,0.0,0.0,0.0,0.0,0.0,0.0,0.0,0.0,0.0,0.0,0.0,0.0,0.0,4331.73,4.0,4.0,0.0,0.0,2.0,100.0,0.0,0.0,0.0,0.0,,0.0,0.0,,0.0,2.0,2.0,2.0,1.0,1.0
SCALE-1000-O00-00286,1000,1000.0000000000462,0,SEM_POCO_NO_CONJUNTO_AUDITADO,,,,,,,,,,,,,,,,,,,,,,,,,,,,,,,,,,,,,,,,,,,,
SCALE-1000-O00-00287,1000,1000.0000000000462,1,COM_POCO_NO_CONJUNTO_AUDITADO,1.0,100.0,1.0,0.0,0.0,1.0,0.0,0.0,1.0,0.0,0.0,0.0,0.0,0.0,0.0,0.0,0.0,0.0,0.0,0.0,0.0,0.0,0.0,27312.68,4.0,4.0,0.0,0.0,1.0,100.0,1.0,1.0,4.0,4.0,100.0,1.0,1.0,100.0,1.0,0.0,0.0,3.0,0.0,3.0
SCALE-1000-O00-00288,1000,1000.0000000000462,0,SEM_POCO_NO_CONJUNTO_AUDITADO,,,,,,,,,,,,,,,,,,,,,,,,,,,,,,,,,,,,,,,,,,,,
SCALE-1000-O00-00289,1000,1000.0000000000462,2,COM_POCO_NO_CONJUNTO_AUDITADO,1.0,50.0,2.0,0.0,0.0,2.0,0.0,0.0,2.0,0.0,0.0,0.0,0.0,0.0,0.0,0.0,0.0,0.0,0.0,0.0,0.0,0.0,0.0,10499.73,3.5,3.5,0.0,0.0,1.0,50.0,0.5,0.5,4.0,4.0,100.0,1.0,1.0,100.0,1.0,0.0,0.0,4.0,0.0,2.0
SCALE-1000-O00-00290,1000,1000.0000000000462,0,SEM_POCO_NO_CONJUNTO_AUDITADO,,,,,,,,,,,,,,,,,,,,,,,,,,,,,,,,,,,,,,,,,,,,
SCALE-1000-O00-00291,1000,636.8224105744032,1,COM_POCO_NO_CONJUNTO_AUDITADO,0.0,0.0,1.0,0.0,0.0,1.0,0.0,0.0,1.0,0.0,0.0,0.0,0.0,0.0,0.0,0.0,0.0,0.0,0.0,0.0,0.0,0.0,0.0,9312.5,4.0,4.0,0.0,0.0,1.0,100.0,0.0,0.0,0.0,0.0,,0.0,0.0,,0.0,1.0,1.0,1.0,1.0,1.0
SCALE-1000-O00-00292,1000,0.07401579624620185,0,SEM_POCO_NO_CONJUNTO_AUDITADO,,,,,,,,,,,,,,,,,,,,,,,,,,,,,,,,,,,,,,,,,,,,
SCALE-1000-O00-00293,1000,571.1353688201744,28,COM_POCO_NO_CONJUNTO_AUDITADO,21.0,75.0,28.0,0.0,0.0,28.0,0.0,0.0,28.0,0.0,0.0,0.0,0.0,0.0,0.0,0.0,0.0,8.0,28.571428571428573,10.0,35.714285714285715,13.0,46.42857142857143,1184.31,3.0,3.0,0.0,0.0,6.0,21.428571428571427,1.0,1.0,71.0,71.0,100.0,17.0,17.0,100.0,18.0,20.0,32.0,67.0,0.7142857142857143,2.392857142857143
SCALE-1000-O00-00294,1000,1000.0000000000462,6,COM_POCO_NO_CONJUNTO_AUDITADO,5.0,83.33333333333333,6.0,0.0,0.0,6.0,0.0,0.0,6.0,0.0,0.0,0.0,0.0,0.0,0.0,0.0,0.0,0.0,0.0,0.0,0.0,0.0,0.0,3366.32,2.8333333333333335,3.5,1.0,16.666666666666668,3.0,50.0,0.6666666666666666,1.0,16.0,16.0,100.0,4.0,4.0,100.0,4.0,1.0,1.0,15.0,0.16666666666666666,2.5
SCALE-1000-O00-00295,1000,1000.0000000000462,0,SEM_POCO_NO_CONJUNTO_AUDITADO,,,,,,,,,,,,,,,,,,,,,,,,,,,,,,,,,,,,,,,,,,,,
SCALE-1000-O00-00296,1000,1000.0000000000462,0,SEM_POCO_NO_CONJUNTO_AUDITADO,,,,,,,,,,,,,,,,,,,,,,,,,,,,,,,,,,,,,,,,,,,,
SCALE-1000-O00-00297,1000,1000.0000000000462,0,SEM_POCO_NO_CONJUNTO_AUDITADO,,,,,,,,,,,,,,,,,,,,,,,,,,,,,,,,,,,,,,,,,,,,
SCALE-1000-O00-00298,1000,1000.0000000000462,0,SEM_POCO_NO_CONJUNTO_AUDITADO,,,,,,,,,,,,,,,,,,,,,,,,,,,,,,,,,,,,,,,,,,,,
SCALE-1000-O00-00299,1000,1000.0000000000462,0,SEM_POCO_NO_CONJUNTO_AUDITADO,,,,,,,,,,,,,,,,,,,,,,,,,,,,,,,,,,,,,,,,,,,,
SCALE-1000-O00-00300,1000,1000.0000000000462,0,SEM_POCO_NO_CONJUNTO_AUDITADO,,,,,,,,,,,,,,,,,,,,,,,,,,,,,,,,,,,,,,,,,,,,
SCALE-1000-O00-00301,1000,1000.0000000000462,0,SEM_POCO_NO_CONJUNTO_AUDITADO,,,,,,,,,,,,,,,,,,,,,,,,,,,,,,,,,,,,,,,,,,,,
SCALE-1000-O00-00302,1000,1000.0000000000462,8,COM_POCO_NO_CONJUNTO_AUDITADO,4.0,50.0,8.0,0.0,0.0,8.0,0.0,0.0,8.0,0.0,0.0,0.0,0.0,0.0,0.0,0.0,0.0,3.0,37.5,5.0,62.5,5.0,62.5,467.5,3.25,3.5,1.0,12.5,4.0,50.0,0.5,0.0,11.0,10.0,90.9090909090909,2.0,2.0,100.0,3.0,5.0,5.0,14.0,0.625,1.75
SCALE-1000-O00-00303,1000,1000.0000000000462,9,COM_POCO_NO_CONJUNTO_AUDITADO,8.0,88.88888888888889,9.0,0.0,0.0,9.0,0.0,0.0,9.0,0.0,0.0,0.0,0.0,0.0,0.0,0.0,0.0,2.0,22.22222222222222,2.0,22.22222222222222,2.0,22.22222222222222,2993.75,0.7777777777777778,0.0,7.0,77.77777777777777,1.0,11.11111111111111,0.1111111111111111,0.0,4.0,4.0,100.0,1.0,1.0,100.0,1.0,0.0,0.0,18.0,0.0,2.0
SCALE-1000-O00-00304,1000,1000.0000000000462,2,COM_POCO_NO_CONJUNTO_AUDITADO,2.0,100.0,2.0,0.0,0.0,2.0,0.0,0.0,2.0,0.0,0.0,0.0,0.0,0.0,0.0,0.0,0.0,0.0,0.0,0.0,0.0,0.0,0.0,1842.37,0.0,0.0,2.0,100.0,0.0,0.0,0.0,0.0,0.0,0.0,,0.0,0.0,,0.0,0.0,0.0,4.0,0.0,2.0
SCALE-1000-O00-00305,1000,1000.0000000000462,3,COM_POCO_NO_CONJUNTO_AUDITADO,2.0,66.66666666666667,3.0,0.0,0.0,3.0,0.0,0.0,3.0,0.0,0.0,0.0,0.0,0.0,0.0,0.0,0.0,0.0,0.0,2.0,66.66666666666667,3.0,100.0,266.8,4.0,4.0,0.0,0.0,3.0,100.0,0.6666666666666666,1.0,8.0,8.0,100.0,2.0,2.0,100.0,2.0,1.0,1.0,7.0,0.3333333333333333,2.3333333333333335
SCALE-1000-O00-00306,1000,1000.0000000000462,3,COM_POCO_NO_CONJUNTO_AUDITADO,2.0,66.66666666666667,3.0,0.0,0.0,3.0,0.0,0.0,3.0,0.0,0.0,0.0,0.0,0.0,0.0,0.0,0.0,0.0,0.0,0.0,0.0,0.0,0.0,17533.71,3.0,4.0,1.0,33.333333333333336,2.0,66.66666666666667,0.6666666666666666,0.0,4.0,4.0,100.0,1.0,1.0,100.0,1.0,2.0,2.0,6.0,0.6666666666666666,2.0
SCALE-1000-O00-00307,1000,1000.0000000000462,1,COM_POCO_NO_CONJUNTO_AUDITADO,0.0,0.0,1.0,0.0,0.0,1.0,0.0,0.0,1.0,0.0,0.0,0.0,0.0,0.0,0.0,0.0,0.0,0.0,0.0,0.0,0.0,0.0,0.0,12413.58,4.0,4.0,0.0,0.0,1.0,100.0,0.0,0.0,0.0,0.0,,0.0,0.0,,0.0,1.0,1.0,1.0,1.0,1.0
SCALE-1000-O00-00308,1000,1000.0000000000462,11,COM_POCO_NO_CONJUNTO_AUDITADO,6.0,54.54545454545455,11.0,0.0,0.0,11.0,0.0,0.0,11.0,0.0,0.0,0.0,0.0,0.0,0.0,0.0,0.0,4.0,36.36363636363637,5.0,45.45454545454545,6.0,54.54545454545455,829.07,2.5454545454545454,3.0,1.0,9.090909090909092,3.0,27.272727272727273,0.45454545454545453,0.0,12.0,12.0,100.0,3.0,3.0,100.0,3.0,4.0,6.0,20.0,0.36363636363636365,1.8181818181818181
SCALE-1000-O00-00309,1000,1000.0000000000462,1,COM_POCO_NO_CONJUNTO_AUDITADO,1.0,100.0,1.0,0.0,0.0,1.0,0.0,0.0,1.0,0.0,0.0,0.0,0.0,0.0,0.0,0.0,0.0,0.0,0.0,0.0,0.0,0.0,0.0,22648.8,4.0,4.0,0.0,0.0,1.0,100.0,1.0,1.0,4.0,4.0,100.0,1.0,1.0,100.0,1.0,0.0,0.0,3.0,0.0,3.0
SCALE-1000-O00-00310,1000,1000.0000000000462,1,COM_POCO_NO_CONJUNTO_AUDITADO,1.0,100.0,1.0,0.0,0.0,1.0,0.0,0.0,1.0,0.0,0.0,0.0,0.0,0.0,0.0,0.0,0.0,0.0,0.0,0.0,0.0,0.0,0.0,9123.48,4.0,4.0,0.0,0.0,1.0,100.0,1.0,1.0,4.0,4.0,100.0,1.0,1.0,100.0,1.0,0.0,0.0,3.0,0.0,3.0
SCALE-1000-O00-00311,1000,839.7907894929789,2,COM_POCO_NO_CONJUNTO_AUDITADO,1.0,50.0,2.0,0.0,0.0,2.0,0.0,0.0,2.0,0.0,0.0,0.0,0.0,0.0,0.0,0.0,0.0,0.0,0.0,0.0,0.0,0.0,0.0,16810.050000000003,4.0,4.0,0.0,0.0,2.0,100.0,0.5,0.5,4.0,4.0,100.0,1.0,1.0,100.0,1.0,1.0,1.0,4.0,0.5,2.0
SCALE-1000-O00-00312,1000,355.78108632418855,12,COM_POCO_NO_CONJUNTO_AUDITADO,5.0,41.666666666666664,12.0,0.0,0.0,12.0,0.0,0.0,11.0,1.0,8.333333333333334,2.0,16.666666666666668,0.0,0.0,0.0,0.0,4.0,33.333333333333336,8.0,66.66666666666667,10.0,83.33333333333333,195.70499999999998,2.5833333333333335,3.0,2.0,16.666666666666668,3.0,25.0,0.4166666666666667,0.0,7.0,7.0,100.0,1.0,1.0,100.0,4.0,5.0,6.0,17.0,0.4166666666666667,1.4166666666666667
SCALE-1000-O00-00313,1000,42.6883796247945,4,COM_POCO_NO_CONJUNTO_AUDITADO,3.0,75.0,4.0,0.0,0.0,4.0,0.0,0.0,4.0,0.0,0.0,0.0,0.0,0.0,0.0,0.0,0.0,0.0,0.0,3.0,75.0,3.0,75.0,308.5,2.5,2.5,0.0,0.0,0.0,0.0,0.25,0.0,6.0,6.0,100.0,0.0,0.0,,1.0,0.0,0.0,7.0,0.0,1.75
SCALE-1000-O00-00314,1000,1.7165509976973594,0,SEM_POCO_NO_CONJUNTO_AUDITADO,,,,,,,,,,,,,,,,,,,,,,,,,,,,,,,,,,,,,,,,,,,,
SCALE-1000-O00-00315,1000,954.48584774156,0,SEM_POCO_NO_CONJUNTO_AUDITADO,,,,,,,,,,,,,,,,,,,,,,,,,,,,,,,,,,,,,,,,,,,,
SCALE-1000-O00-00316,1000,1000.0000000000462,0,SEM_POCO_NO_CONJUNTO_AUDITADO,,,,,,,,,,,,,,,,,,,,,,,,,,,,,,,,,,,,,,,,,,,,
SCALE-1000-O00-00317,1000,1000.0000000000462,0,SEM_POCO_NO_CONJUNTO_AUDITADO,,,,,,,,,,,,,,,,,,,,,,,,,,,,,,,,,,,,,,,,,,,,
SCALE-1000-O00-00318,1000,1000.0000000000462,0,SEM_POCO_NO_CONJUNTO_AUDITADO,,,,,,,,,,,,,,,,,,,,,,,,,,,,,,,,,,,,,,,,,,,,
SCALE-1000-O00-00319,1000,1000.0000000000462,0,SEM_POCO_NO_CONJUNTO_AUDITADO,,,,,,,,,,,,,,,,,,,,,,,,,,,,,,,,,,,,,,,,,,,,
SCALE-1000-O00-00320,1000,1000.0000000000462,0,SEM_POCO_NO_CONJUNTO_AUDITADO,,,,,,,,,,,,,,,,,,,,,,,,,,,,,,,,,,,,,,,,,,,,
SCALE-1000-O00-00321,1000,1000.0000000000462,0,SEM_POCO_NO_CONJUNTO_AUDITADO,,,,,,,,,,,,,,,,,,,,,,,,,,,,,,,,,,,,,,,,,,,,
SCALE-1000-O00-00322,1000,1000.0000000000462,0,SEM_POCO_NO_CONJUNTO_AUDITADO,,,,,,,,,,,,,,,,,,,,,,,,,,,,,,,,,,,,,,,,,,,,
SCALE-1000-O00-00323,1000,1000.0000000000445,5,COM_POCO_NO_CONJUNTO_AUDITADO,5.0,100.0,5.0,0.0,0.0,5.0,0.0,0.0,5.0,0.0,0.0,0.0,0.0,0.0,0.0,0.0,0.0,5.0,100.0,5.0,100.0,5.0,100.0,42.17,4.4,4.0,0.0,0.0,5.0,100.0,1.4,1.0,19.0,17.0,89.47368421052632,4.0,4.0,100.0,5.0,4.0,5.0,15.0,0.8,3.0
SCALE-1000-O00-00324,1000,1000.0000000000462,25,COM_POCO_NO_CONJUNTO_AUDITADO,16.0,64.0,24.0,1.0,4.0,24.0,1.0,4.0,24.0,1.0,4.0,2.0,8.0,0.0,0.0,2.0,8.0,12.0,48.0,19.0,76.0,22.0,88.0,141.11,3.6,4.0,1.0,4.0,20.0,80.0,0.6,1.0,60.0,60.0,100.0,15.0,15.0,100.0,15.0,6.0,6.0,56.0,0.24,2.24
SCALE-1000-O00-00325,1000,1000.0000000000462,5,COM_POCO_NO_CONJUNTO_AUDITADO,4.0,80.0,5.0,0.0,0.0,5.0,0.0,0.0,5.0,0.0,0.0,0.0,0.0,0.0,0.0,0.0,0.0,0.0,0.0,0.0,0.0,0.0,0.0,7849.98,1.8,0.0,3.0,60.0,2.0,40.0,0.4,0.0,4.0,4.0,100.0,1.0,1.0,100.0,1.0,2.0,3.0,10.0,0.4,2.0
SCALE-1000-O00-00326,1000,1000.0000000000462,0,SEM_POCO_NO_CONJUNTO_AUDITADO,,,,,,,,,,,,,,,,,,,,,,,,,,,,,,,,,,,,,,,,,,,,
SCALE-1000-O00-00327,1000,1000.0000000000462,0,SEM_POCO_NO_CONJUNTO_AUDITADO,,,,,,,,,,,,,,,,,,,,,,,,,,,,,,,,,,,,,,,,,,,,
SCALE-1000-O00-00328,1000,1000.0000000000462,0,SEM_POCO_NO_CONJUNTO_AUDITADO,,,,,,,,,,,,,,,,,,,,,,,,,,,,,,,,,,,,,,,,,,,,
SCALE-1000-O00-00329,1000,1000.0000000000462,13,COM_POCO_NO_CONJUNTO_AUDITADO,7.0,53.84615384615385,12.0,1.0,7.6923076923076925,12.0,1.0,7.6923076923076925,12.0,1.0,7.6923076923076925,2.0,15.384615384615385,0.0,0.0,2.0,15.384615384615385,2.0,15.384615384615385,4.0,30.76923076923077,6.0,46.15384615384615,1638.37,2.6153846153846154,3.0,3.0,23.076923076923077,6.0,46.15384615384615,0.23076923076923078,0.0,14.0,14.0,100.0,3.0,3.0,100.0,3.0,4.0,4.0,23.0,0.3076923076923077,1.7692307692307692
SCALE-1000-O00-00330,1000,982.6731825863571,46,COM_POCO_NO_CONJUNTO_AUDITADO,32.0,69.56521739130434,46.0,0.0,0.0,46.0,0.0,0.0,46.0,0.0,0.0,0.0,0.0,0.0,0.0,0.0,0.0,17.0,36.95652173913044,32.0,69.56521739130434,39.0,84.78260869565217,287.45,2.9782608695652173,4.0,11.0,23.91304347826087,28.0,60.869565217391305,0.5869565217391305,0.0,76.0,71.0,93.42105263157895,17.0,16.0,94.11764705882354,18.0,23.0,34.0,95.0,0.5,2.0652173913043477
SCALE-1000-O00-00331,1000,799.2724596136896,13,COM_POCO_NO_CONJUNTO_AUDITADO,5.0,38.46153846153846,13.0,0.0,0.0,13.0,0.0,0.0,13.0,0.0,0.0,0.0,0.0,0.0,0.0,0.0,0.0,4.0,30.76923076923077,6.0,46.15384615384615,6.0,46.15384615384615,1374.42,2.6153846153846154,4.0,4.0,30.76923076923077,7.0,53.84615384615385,0.07692307692307693,0.0,4.0,4.0,100.0,1.0,1.0,100.0,1.0,6.0,6.0,19.0,0.46153846153846156,1.4615384615384615
SCALE-1000-O00-00332,1000,227.1457054930744,3,COM_POCO_NO_CONJUNTO_AUDITADO,0.0,0.0,3.0,0.0,0.0,3.0,0.0,0.0,3.0,0.0,0.0,0.0,0.0,0.0,0.0,0.0,0.0,0.0,0.0,2.0,66.66666666666667,2.0,66.66666666666667,179.54,4.0,4.0,0.0,0.0,3.0,100.0,0.0,0.0,0.0,0.0,,0.0,0.0,,0.0,3.0,3.0,3.0,1.0,1.0
SCALE-1000-O00-00333,1000,173.36750202077675,0,SEM_POCO_NO_CONJUNTO_AUDITADO,,,,,,,,,,,,,,,,,,,,,,,,,,,,,,,,,,,,,,,,,,,,
SCALE-1000-O00-00334,1000,1000.0000000000462,0,SEM_POCO_NO_CONJUNTO_AUDITADO,,,,,,,,,,,,,,,,,,,,,,,,,,,,,,,,,,,,,,,,,,,,
SCALE-1000-O00-00335,1000,1000.0000000000462,0,SEM_POCO_NO_CONJUNTO_AUDITADO,,,,,,,,,,,,,,,,,,,,,,,,,,,,,,,,,,,,,,,,,,,,
SCALE-1000-O00-00336,1000,1000.0000000000462,0,SEM_POCO_NO_CONJUNTO_AUDITADO,,,,,,,,,,,,,,,,,,,,,,,,,,,,,,,,,,,,,,,,,,,,
SCALE-1000-O00-00337,1000,1000.0000000000462,0,SEM_POCO_NO_CONJUNTO_AUDITADO,,,,,,,,,,,,,,,,,,,,,,,,,,,,,,,,,,,,,,,,,,,,
SCALE-1000-O00-00338,1000,1000.0000000000462,0,SEM_POCO_NO_CONJUNTO_AUDITADO,,,,,,,,,,,,,,,,,,,,,,,,,,,,,,,,,,,,,,,,,,,,
SCALE-1000-O00-00339,1000,1000.0000000000462,0,SEM_POCO_NO_CONJUNTO_AUDITADO,,,,,,,,,,,,,,,,,,,,,,,,,,,,,,,,,,,,,,,,,,,,
SCALE-1000-O00-00340,1000,1000.0000000000462,0,SEM_POCO_NO_CONJUNTO_AUDITADO,,,,,,,,,,,,,,,,,,,,,,,,,,,,,,,,,,,,,,,,,,,,
SCALE-1000-O00-00341,1000,1000.0000000000476,0,SEM_POCO_NO_CONJUNTO_AUDITADO,,,,,,,,,,,,,,,,,,,,,,,,,,,,,,,,,,,,,,,,,,,,
SCALE-1000-O00-00342,1000,1000.0000000000462,26,COM_POCO_NO_CONJUNTO_AUDITADO,20.0,76.92307692307692,26.0,0.0,0.0,26.0,0.0,0.0,26.0,0.0,0.0,0.0,0.0,0.0,0.0,0.0,0.0,12.0,46.15384615384615,20.0,76.92307692307692,21.0,80.76923076923077,134.245,3.6153846153846154,4.0,2.0,7.6923076923076925,21.0,80.76923076923077,0.7692307692307693,1.0,73.0,72.0,98.63013698630137,18.0,18.0,100.0,18.0,6.0,7.0,63.0,0.23076923076923078,2.423076923076923
SCALE-1000-O00-00343,1000,1000.0000000000462,10,COM_POCO_NO_CONJUNTO_AUDITADO,8.0,80.0,10.0,0.0,0.0,10.0,0.0,0.0,10.0,0.0,0.0,0.0,0.0,0.0,0.0,0.0,0.0,2.0,20.0,5.0,50.0,8.0,80.0,450.44500000000005,3.3,4.0,1.0,10.0,6.0,60.0,0.6,1.0,25.0,22.0,88.0,6.0,5.0,83.33333333333333,6.0,3.0,3.0,24.0,0.3,2.4
SCALE-1000-O00-00344,1000,1000.0000000000462,1,COM_POCO_NO_CONJUNTO_AUDITADO,1.0,100.0,1.0,0.0,0.0,1.0,0.0,0.0,1.0,0.0,0.0,0.0,0.0,0.0,0.0,0.0,0.0,0.0,0.0,0.0,0.0,0.0,0.0,21919.73,5.0,5.0,0.0,0.0,1.0,100.0,2.0,2.0,4.0,4.0,100.0,1.0,1.0,100.0,1.0,2.0,3.0,3.0,2.0,3.0
SCALE-1000-O00-00345,1000,1000.0000000000462,0,SEM_POCO_NO_CONJUNTO_AUDITADO,,,,,,,,,,,,,,,,,,,,,,,,,,,,,,,,,,,,,,,,,,,,
SCALE-1000-O00-00346,1000,1000.0000000000462,12,COM_POCO_NO_CONJUNTO_AUDITADO,9.0,75.0,12.0,0.0,0.0,12.0,0.0,0.0,12.0,0.0,0.0,0.0,0.0,0.0,0.0,0.0,0.0,6.0,50.0,12.0,100.0,12.0,100.0,96.735,4.416666666666667,4.0,0.0,0.0,12.0,100.0,1.1666666666666667,1.0,36.0,35.0,97.22222222222223,9.0,9.0,100.0,9.0,12.0,15.0,33.0,1.0,2.75
SCALE-1000-O00-00347,1000,1000.0000000000462,25,COM_POCO_NO_CONJUNTO_AUDITADO,21.0,84.0,24.0,1.0,4.0,24.0,1.0,4.0,24.0,1.0,4.0,2.0,8.0,0.0,0.0,2.0,8.0,10.0,40.0,18.0,72.0,23.0,92.0,216.81,3.88,4.0,0.0,0.0,20.0,80.0,0.96,1.0,81.0,81.0,100.0,20.0,20.0,100.0,20.0,9.0,13.0,66.0,0.36,2.64
SCALE-1000-O00-00348,1000,583.4825537025616,3,COM_POCO_NO_CONJUNTO_AUDITADO,1.0,33.333333333333336,3.0,0.0,0.0,3.0,0.0,0.0,3.0,0.0,0.0,0.0,0.0,0.0,0.0,0.0,0.0,0.0,0.0,0.0,0.0,0.0,0.0,3997.59,2.0,2.0,1.0,33.333333333333336,1.0,33.333333333333336,0.3333333333333333,0.0,4.0,4.0,100.0,1.0,1.0,100.0,1.0,1.0,1.0,3.0,0.3333333333333333,1.0
SCALE-1000-O00-00349,1000,93.72399844558764,2,COM_POCO_NO_CONJUNTO_AUDITADO,1.0,50.0,2.0,0.0,0.0,2.0,0.0,0.0,2.0,0.0,0.0,0.0,0.0,0.0,0.0,0.0,0.0,2.0,100.0,2.0,100.0,2.0,100.0,84.12,2.5,2.5,0.0,0.0,0.0,0.0,0.0,0.0,1.0,1.0,100.0,0.0,0.0,,0.0,1.0,1.0,3.0,0.5,1.5
SCALE-1000-O00-00350,1000,437.4793454994532,0,SEM_POCO_NO_CONJUNTO_AUDITADO,,,,,,,,,,,,,,,,,,,,,,,,,,,,,,,,,,,,,,,,,,,,
SCALE-1000-O00-00351,1000,1000.0000000000462,0,SEM_POCO_NO_CONJUNTO_AUDITADO,,,,,,,,,,,,,,,,,,,,,,,,,,,,,,,,,,,,,,,,,,,,
SCALE-1000-O00-00352,1000,1000.0000000000462,0,SEM_POCO_NO_CONJUNTO_AUDITADO,,,,,,,,,,,,,,,,,,,,,,,,,,,,,,,,,,,,,,,,,,,,
SCALE-1000-O00-00353,1000,1000.0000000000462,0,SEM_POCO_NO_CONJUNTO_AUDITADO,,,,,,,,,,,,,,,,,,,,,,,,,,,,,,,,,,,,,,,,,,,,
SCALE-1000-O00-00354,1000,1000.0000000000462,0,SEM_POCO_NO_CONJUNTO_AUDITADO,,,,,,,,,,,,,,,,,,,,,,,,,,,,,,,,,,,,,,,,,,,,
SCALE-1000-O00-00355,1000,1000.0000000000462,0,SEM_POCO_NO_CONJUNTO_AUDITADO,,,,,,,,,,,,,,,,,,,,,,,,,,,,,,,,,,,,,,,,,,,,
SCALE-1000-O00-00356,1000,1000.0000000000462,0,SEM_POCO_NO_CONJUNTO_AUDITADO,,,,,,,,,,,,,,,,,,,,,,,,,,,,,,,,,,,,,,,,,,,,
SCALE-1000-O00-00357,1000,1000.0000000000462,0,SEM_POCO_NO_CONJUNTO_AUDITADO,,,,,,,,,,,,,,,,,,,,,,,,,,,,,,,,,,,,,,,,,,,,
SCALE-1000-O00-00358,1000,1000.0000000000462,1,COM_POCO_NO_CONJUNTO_AUDITADO,0.0,0.0,1.0,0.0,0.0,1.0,0.0,0.0,1.0,0.0,0.0,0.0,0.0,0.0,0.0,0.0,0.0,0.0,0.0,0.0,0.0,0.0,0.0,11563.81,2.0,2.0,0.0,0.0,0.0,0.0,0.0,0.0,0.0,0.0,,0.0,0.0,,0.0,0.0,0.0,1.0,0.0,1.0
SCALE-1000-O00-00359,1000,1000.0000000000462,9,COM_POCO_NO_CONJUNTO_AUDITADO,8.0,88.88888888888889,9.0,0.0,0.0,9.0,0.0,0.0,9.0,0.0,0.0,0.0,0.0,0.0,0.0,0.0,0.0,0.0,0.0,0.0,0.0,0.0,0.0,4311.45,2.111111111111111,2.0,3.0,33.333333333333336,3.0,33.333333333333336,0.4444444444444444,0.0,17.0,17.0,100.0,4.0,4.0,100.0,4.0,2.0,2.0,21.0,0.2222222222222222,2.3333333333333335
SCALE-1000-O00-00360,1000,1000.0000000000462,0,SEM_POCO_NO_CONJUNTO_AUDITADO,,,,,,,,,,,,,,,,,,,,,,,,,,,,,,,,,,,,,,,,,,,,
SCALE-1000-O00-00361,1000,1000.0000000000462,3,COM_POCO_NO_CONJUNTO_AUDITADO,2.0,66.66666666666667,3.0,0.0,0.0,3.0,0.0,0.0,3.0,0.0,0.0,0.0,0.0,0.0,0.0,0.0,0.0,0.0,0.0,2.0,66.66666666666667,2.0,66.66666666666667,107.55,2.3333333333333335,3.0,1.0,33.333333333333336,1.0,33.333333333333336,0.6666666666666666,0.0,2.0,2.0,100.0,0.0,0.0,,1.0,3.0,4.0,5.0,1.0,1.6666666666666667
SCALE-1000-O00-00362,1000,1000.0000000000462,8,COM_POCO_NO_CONJUNTO_AUDITADO,6.0,75.0,8.0,0.0,0.0,8.0,0.0,0.0,8.0,0.0,0.0,0.0,0.0,0.0,0.0,0.0,0.0,4.0,50.0,7.0,87.5,7.0,87.5,99.785,4.25,4.0,0.0,0.0,8.0,100.0,1.0,1.0,24.0,24.0,100.0,6.0,6.0,100.0,6.0,5.0,7.0,20.0,0.625,2.5
SCALE-1000-O00-00363,1000,1000.0000000000462,0,SEM_POCO_NO_CONJUNTO_AUDITADO,,,,,,,,,,,,,,,,,,,,,,,,,,,,,,,,,,,,,,,,,,,,
SCALE-1000-O00-00364,1000,651.973777386967,6,COM_POCO_NO_CONJUNTO_AUDITADO,0.0,0.0,6.0,0.0,0.0,6.0,0.0,0.0,6.0,0.0,0.0,0.0,0.0,0.0,0.0,0.0,0.0,0.0,0.0,2.0,33.333333333333336,2.0,33.333333333333336,3963.58,3.6666666666666665,4.0,0.0,0.0,4.0,66.66666666666667,0.0,0.0,0.0,0.0,,0.0,0.0,,0.0,4.0,4.0,6.0,0.6666666666666666,1.0
SCALE-1000-O00-00365,1000,175.8894679727871,0,SEM_POCO_NO_CONJUNTO_AUDITADO,,,,,,,,,,,,,,,,,,,,,,,,,,,,,,,,,,,,,,,,,,,,
SCALE-1000-O00-00366,1000,145.11493440946697,0,SEM_POCO_NO_CONJUNTO_AUDITADO,,,,,,,,,,,,,,,,,,,,,,,,,,,,,,,,,,,,,,,,,,,,
SCALE-1000-O00-00367,1000,977.7179359308666,0,SEM_POCO_NO_CONJUNTO_AUDITADO,,,,,,,,,,,,,,,,,,,,,,,,,,,,,,,,,,,,,,,,,,,,
SCALE-1000-O00-00368,1000,1000.0000000000462,0,SEM_POCO_NO_CONJUNTO_AUDITADO,,,,,,,,,,,,,,,,,,,,,,,,,,,,,,,,,,,,,,,,,,,,
SCALE-1000-O00-00369,1000,1000.0000000000462,0,SEM_POCO_NO_CONJUNTO_AUDITADO,,,,,,,,,,,,,,,,,,,,,,,,,,,,,,,,,,,,,,,,,,,,
SCALE-1000-O00-00370,1000,1000.0000000000462,0,SEM_POCO_NO_CONJUNTO_AUDITADO,,,,,,,,,,,,,,,,,,,,,,,,,,,,,,,,,,,,,,,,,,,,
SCALE-1000-O00-00371,1000,1000.0000000000462,0,SEM_POCO_NO_CONJUNTO_AUDITADO,,,,,,,,,,,,,,,,,,,,,,,,,,,,,,,,,,,,,,,,,,,,
SCALE-1000-O00-00372,1000,1000.0000000000462,0,SEM_POCO_NO_CONJUNTO_AUDITADO,,,,,,,,,,,,,,,,,,,,,,,,,,,,,,,,,,,,,,,,,,,,
SCALE-1000-O00-00373,1000,1000.0000000000393,0,SEM_POCO_NO_CONJUNTO_AUDITADO,,,,,,,,,,,,,,,,,,,,,,,,,,,,,,,,,,,,,,,,,,,,
SCALE-1000-O00-00374,1000,1000.0000000000462,0,SEM_POCO_NO_CONJUNTO_AUDITADO,,,,,,,,,,,,,,,,,,,,,,,,,,,,,,,,,,,,,,,,,,,,
SCALE-1000-O00-00375,1000,1000.0000000000462,0,SEM_POCO_NO_CONJUNTO_AUDITADO,,,,,,,,,,,,,,,,,,,,,,,,,,,,,,,,,,,,,,,,,,,,
SCALE-1000-O00-00376,1000,1000.0000000000462,8,COM_POCO_NO_CONJUNTO_AUDITADO,7.0,87.5,8.0,0.0,0.0,8.0,0.0,0.0,8.0,0.0,0.0,0.0,0.0,0.0,0.0,0.0,0.0,6.0,75.0,6.0,75.0,6.0,75.0,87.975,3.875,4.0,0.0,0.0,6.0,75.0,1.0,1.0,26.0,26.0,100.0,6.0,6.0,100.0,7.0,2.0,4.0,21.0,0.25,2.625
SCALE-1000-O00-00377,1000,1000.0000000000462,0,SEM_POCO_NO_CONJUNTO_AUDITADO,,,,,,,,,,,,,,,,,,,,,,,,,,,,,,,,,,,,,,,,,,,,
SCALE-1000-O00-00378,1000,864.7208900964118,1,COM_POCO_NO_CONJUNTO_AUDITADO,0.0,0.0,1.0,0.0,0.0,1.0,0.0,0.0,1.0,0.0,0.0,0.0,0.0,0.0,0.0,0.0,0.0,0.0,0.0,0.0,0.0,0.0,0.0,13896.81,3.0,3.0,0.0,0.0,0.0,0.0,0.0,0.0,0.0,0.0,,0.0,0.0,,0.0,0.0,0.0,1.0,0.0,1.0
SCALE-1000-O00-00379,1000,636.6860745064181,0,SEM_POCO_NO_CONJUNTO_AUDITADO,,,,,,,,,,,,,,,,,,,,,,,,,,,,,,,,,,,,,,,,,,,,
SCALE-1000-O00-00380,1000,531.8084961138849,1,COM_POCO_NO_CONJUNTO_AUDITADO,0.0,0.0,1.0,0.0,0.0,1.0,0.0,0.0,1.0,0.0,0.0,0.0,0.0,0.0,0.0,0.0,0.0,0.0,0.0,0.0,0.0,0.0,0.0,9761.02,3.0,3.0,0.0,0.0,0.0,0.0,0.0,0.0,0.0,0.0,,0.0,0.0,,0.0,0.0,0.0,1.0,0.0,1.0
SCALE-1000-O00-00381,1000,1.9356456809657763,0,SEM_POCO_NO_CONJUNTO_AUDITADO,,,,,,,,,,,,,,,,,,,,,,,,,,,,,,,,,,,,,,,,,,,,
SCALE-1000-O00-00382,1000,27.093723262480967,0,SEM_POCO_NO_CONJUNTO_AUDITADO,,,,,,,,,,,,,,,,,,,,,,,,,,,,,,,,,,,,,,,,,,,,
SCALE-1000-O00-00383,1000,309.15343707047754,0,SEM_POCO_NO_CONJUNTO_AUDITADO,,,,,,,,,,,,,,,,,,,,,,,,,,,,,,,,,,,,,,,,,,,,
SCALE-1000-O00-00384,1000,291.0245145444527,0,SEM_POCO_NO_CONJUNTO_AUDITADO,,,,,,,,,,,,,,,,,,,,,,,,,,,,,,,,,,,,,,,,,,,,
SCALE-1000-O00-00385,1000,907.2517531827488,0,SEM_POCO_NO_CONJUNTO_AUDITADO,,,,,,,,,,,,,,,,,,,,,,,,,,,,,,,,,,,,,,,,,,,,
SCALE-1000-O00-00386,1000,1000.0000000000462,0,SEM_POCO_NO_CONJUNTO_AUDITADO,,,,,,,,,,,,,,,,,,,,,,,,,,,,,,,,,,,,,,,,,,,,
SCALE-1000-O00-00387,1000,1000.0000000000462,0,SEM_POCO_NO_CONJUNTO_AUDITADO,,,,,,,,,,,,,,,,,,,,,,,,,,,,,,,,,,,,,,,,,,,,
SCALE-1000-O00-00388,1000,1000.0000000000462,0,SEM_POCO_NO_CONJUNTO_AUDITADO,,,,,,,,,,,,,,,,,,,,,,,,,,,,,,,,,,,,,,,,,,,,
SCALE-1000-O00-00389,1000,1000.0000000000462,0,SEM_POCO_NO_CONJUNTO_AUDITADO,,,,,,,,,,,,,,,,,,,,,,,,,,,,,,,,,,,,,,,,,,,,
SCALE-1000-O00-00390,1000,1000.0000000000462,0,SEM_POCO_NO_CONJUNTO_AUDITADO,,,,,,,,,,,,,,,,,,,,,,,,,,,,,,,,,,,,,,,,,,,,
SCALE-1000-O00-00391,1000,971.0182082828259,0,SEM_POCO_NO_CONJUNTO_AUDITADO,,,,,,,,,,,,,,,,,,,,,,,,,,,,,,,,,,,,,,,,,,,,
SCALE-1000-O00-00392,1000,1000.0000000000462,1,COM_POCO_NO_CONJUNTO_AUDITADO,1.0,100.0,1.0,0.0,0.0,1.0,0.0,0.0,1.0,0.0,0.0,0.0,0.0,0.0,0.0,0.0,0.0,0.0,0.0,0.0,0.0,0.0,0.0,16263.32,4.0,4.0,0.0,0.0,1.0,100.0,2.0,2.0,3.0,3.0,100.0,0.0,0.0,,1.0,1.0,3.0,2.0,1.0,2.0
SCALE-1000-O00-00393,1000,955.885479232783,0,SEM_POCO_NO_CONJUNTO_AUDITADO,,,,,,,,,,,,,,,,,,,,,,,,,,,,,,,,,,,,,,,,,,,,
SCALE-1000-O00-00394,1000,942.6956974757393,0,SEM_POCO_NO_CONJUNTO_AUDITADO,,,,,,,,,,,,,,,,,,,,,,,,,,,,,,,,,,,,,,,,,,,,
SCALE-1000-O00-00395,1000,101.5826968096518,0,SEM_POCO_NO_CONJUNTO_AUDITADO,,,,,,,,,,,,,,,,,,,,,,,,,,,,,,,,,,,,,,,,,,,,
SCALE-1000-O00-00396,1000,83.3274772083002,0,SEM_POCO_NO_CONJUNTO_AUDITADO,,,,,,,,,,,,,,,,,,,,,,,,,,,,,,,,,,,,,,,,,,,,
SCALE-1000-O00-00397,1000,16.52325457445153,0,SEM_POCO_NO_CONJUNTO_AUDITADO,,,,,,,,,,,,,,,,,,,,,,,,,,,,,,,,,,,,,,,,,,,,
SCALE-1000-O00-00398,1000,804.8873216982162,0,SEM_POCO_NO_CONJUNTO_AUDITADO,,,,,,,,,,,,,,,,,,,,,,,,,,,,,,,,,,,,,,,,,,,,
SCALE-1000-O00-00399,1000,998.174457577224,0,SEM_POCO_NO_CONJUNTO_AUDITADO,,,,,,,,,,,,,,,,,,,,,,,,,,,,,,,,,,,,,,,,,,,,
SCALE-1000-O00-00400,1000,1000.0000000000462,0,SEM_POCO_NO_CONJUNTO_AUDITADO,,,,,,,,,,,,,,,,,,,,,,,,,,,,,,,,,,,,,,,,,,,,
SCALE-1000-O00-00401,1000,1000.0000000000462,0,SEM_POCO_NO_CONJUNTO_AUDITADO,,,,,,,,,,,,,,,,,,,,,,,,,,,,,,,,,,,,,,,,,,,,
SCALE-1000-O00-00402,1000,599.8038329025906,0,SEM_POCO_NO_CONJUNTO_AUDITADO,,,,,,,,,,,,,,,,,,,,,,,,,,,,,,,,,,,,,,,,,,,,
SCALE-1000-O00-00403,1000,115.64480514760007,0,SEM_POCO_NO_CONJUNTO_AUDITADO,,,,,,,,,,,,,,,,,,,,,,,,,,,,,,,,,,,,,,,,,,,,
SCALE-1000-O00-00404,1000,211.99213697844036,16,COM_POCO_NO_CONJUNTO_AUDITADO,12.0,75.0,16.0,0.0,0.0,16.0,0.0,0.0,16.0,0.0,0.0,0.0,0.0,0.0,0.0,0.0,0.0,3.0,18.75,11.0,68.75,13.0,81.25,203.57,3.875,4.0,0.0,0.0,14.0,87.5,0.75,1.0,48.0,48.0,100.0,12.0,12.0,100.0,12.0,2.0,2.0,40.0,0.125,2.5
SCALE-1000-O00-00405,1000,495.00321967040713,0,SEM_POCO_NO_CONJUNTO_AUDITADO,,,,,,,,,,,,,,,,,,,,,,,,,,,,,,,,,,,,,,,,,,,,
SCALE-1000-O00-00406,1000,103.48288418681726,0,SEM_POCO_NO_CONJUNTO_AUDITADO,,,,,,,,,,,,,,,,,,,,,,,,,,,,,,,,,,,,,,,,,,,,
SCALE-1000-O00-00407,1000,843.5192861160439,1,COM_POCO_NO_CONJUNTO_AUDITADO,0.0,0.0,1.0,0.0,0.0,1.0,0.0,0.0,1.0,0.0,0.0,0.0,0.0,0.0,0.0,0.0,0.0,0.0,0.0,0.0,0.0,0.0,0.0,56328.38,3.0,3.0,0.0,0.0,0.0,0.0,0.0,0.0,0.0,0.0,,0.0,0.0,,0.0,0.0,0.0,1.0,0.0,1.0
SCALE-1000-O00-00408,1000,71.36750968748713,0,SEM_POCO_NO_CONJUNTO_AUDITADO,,,,,,,,,,,,,,,,,,,,,,,,,,,,,,,,,,,,,,,,,,,,
SCALE-1000-O00-00409,1000,154.36297193990737,0,SEM_POCO_NO_CONJUNTO_AUDITADO,,,,,,,,,,,,,,,,,,,,,,,,,,,,,,,,,,,,,,,,,,,,
SCALE-1000-O00-00410,1000,426.1183222052558,0,SEM_POCO_NO_CONJUNTO_AUDITADO,,,,,,,,,,,,,,,,,,,,,,,,,,,,,,,,,,,,,,,,,,,,
SCALE-1000-O00-00411,1000,479.93112337619107,0,SEM_POCO_NO_CONJUNTO_AUDITADO,,,,,,,,,,,,,,,,,,,,,,,,,,,,,,,,,,,,,,,,,,,,
SCALE-1000-O00-00412,1000,82.03117922179248,0,SEM_POCO_NO_CONJUNTO_AUDITADO,,,,,,,,,,,,,,,,,,,,,,,,,,,,,,,,,,,,,,,,,,,,
SCALE-1000-O00-00413,1000,237.56765353674453,0,SEM_POCO_NO_CONJUNTO_AUDITADO,,,,,,,,,,,,,,,,,,,,,,,,,,,,,,,,,,,,,,,,,,,,
