{"type":"FeatureCollection","name":"E10_evidencia_hidroquimica_parcial","features":[{"type":"Feature","geometry":{"type":"Point","coordinates":[-54.69222199999996,-22.19166699999994]},"properties":{"well_id":"3500065054","municipality":"Dourados","aquifer":"Guarani","available_fields":"pH | Solidos dissolvidos totais","available_count":2,"pH":8.19999981,"electrical_conductivity":null,"temperature":null,"chemical_parameter":"Solidos dissolvidos totais","chemical_concentration":151.4,"source":"SIAGAS_MS_20260814","evidence_code":"E10"}},{"type":"Feature","geometry":{"type":"Point","coordinates":[-56.28333299999997,-20.143332999999927]},"properties":{"well_id":"3500053084","municipality":"Miranda","aquifer":"Coluvionar","available_fields":"pH | TEMPERATURA | TURBIDEZ","available_count":3,"pH":7.25,"electrical_conductivity":null,"temperature":23.0,"chemical_parameter":"","chemical_concentration":null,"source":"SIAGAS_MS_20260814","evidence_code":"E10"}},{"type":"Feature","geometry":{"type":"Point","coordinates":[-54.82416699999993,-22.642499999999927]},"properties":{"well_id":"3500027119","municipality":"Caarapó","aquifer":"Serra geral","available_fields":"pH | TEMPERATURA | TURBIDEZ","available_count":3,"pH":7.88999987,"electrical_conductivity":null,"temperature":13.3000002,"chemical_parameter":"","chemical_concentration":null,"source":"SIAGAS_MS_20260814","evidence_code":"E10"}},{"type":"Feature","geometry":{"type":"Point","coordinates":[-51.839166999999975,-20.97083299999997]},"properties":{"well_id":"3500026917","municipality":"Três Lagoas","aquifer":"Serra geral","available_fields":"pH | CONDUTIVIDADE_ELETRICA | TEMPERATURA | TURBIDEZ","available_count":4,"pH":6.51000023,"electrical_conductivity":70.0,"temperature":31.0,"chemical_parameter":"","chemical_concentration":null,"source":"SIAGAS_MS_20260814","evidence_code":"E10"}},{"type":"Feature","geometry":{"type":"Point","coordinates":[-52.62555599999996,-18.807777999999928]},"properties":{"well_id":"3500027282","municipality":"Chapadão do Sul","aquifer":"Bauru","available_fields":"pH | TEMPERATURA | TURBIDEZ","available_count":3,"pH":4.48000002,"electrical_conductivity":null,"temperature":2.70000005,"chemical_parameter":"","chemical_concentration":null,"source":"SIAGAS_MS_20260814","evidence_code":"E10"}},{"type":"Feature","geometry":{"type":"Point","coordinates":[-55.08277799999996,-19.677221999999972]},"properties":{"well_id":"3500045668","municipality":"Corguinho","aquifer":"Aquidauana","available_fields":"pH | TURBIDEZ","available_count":2,"pH":5.78999996,"electrical_conductivity":null,"temperature":null,"chemical_parameter":"","chemical_concentration":null,"source":"SIAGAS_MS_20260814","evidence_code":"E10"}},{"type":"Feature","geometry":{"type":"Point","coordinates":[-54.57472199999995,-23.67972199999997]},"properties":{"well_id":"3500045682","municipality":"Iguatemi","aquifer":"Caiua","available_fields":"pH | TEMPERATURA | TURBIDEZ","available_count":3,"pH":5.80000019,"electrical_conductivity":null,"temperature":6.0,"chemical_parameter":"","chemical_concentration":null,"source":"SIAGAS_MS_20260814","evidence_code":"E10"}},{"type":"Feature","geometry":{"type":"Point","coordinates":[-55.194999999999936,-21.613888999999972]},"properties":{"well_id":"3500053090","municipality":"Maracaju","aquifer":"Guarani","available_fields":"pH | CONDUTIVIDADE_ELETRICA | TEMPERATURA | TURBIDEZ","available_count":4,"pH":7.01999998,"electrical_conductivity":5.02,"temperature":24.0,"chemical_parameter":"","chemical_concentration":null,"source":"SIAGAS_MS_20260814","evidence_code":"E10"}},{"type":"Feature","geometry":{"type":"Point","coordinates":[-54.61638899999997,-20.46222199999994]},"properties":{"well_id":"3500065040","municipality":"Campo Grande","aquifer":"Serra geral","available_fields":"pH | TEMPERATURA | Solidos dissolvidos totais","available_count":3,"pH":7.32000017,"electrical_conductivity":null,"temperature":23.6000004,"chemical_parameter":"Solidos dissolvidos totais","chemical_concentration":81.0,"source":"SIAGAS_MS_20260814","evidence_code":"E10"}},{"type":"Feature","geometry":{"type":"Point","coordinates":[-54.716388999999936,-20.468610999999953]},"properties":{"well_id":"3500065045","municipality":"Campo Grande","aquifer":"Serra geral","available_fields":"pH | CONDUTIVIDADE_ELETRICA | TEMPERATURA | Solidos dissolvidos totais","available_count":4,"pH":6.59000015,"electrical_conductivity":22.2,"temperature":24.0,"chemical_parameter":"Solidos dissolvidos totais","chemical_concentration":117.0,"source":"SIAGAS_MS_20260814","evidence_code":"E10"}},{"type":"Feature","geometry":{"type":"Point","coordinates":[-54.67277799999994,-20.44222199999996]},"properties":{"well_id":"3500065046","municipality":"Campo Grande","aquifer":"Serra geral","available_fields":"pH | CONDUTIVIDADE_ELETRICA | TEMPERATURA | Solidos dissolvidos totais","available_count":4,"pH":6.46000004,"electrical_conductivity":12.82,"temperature":23.3999996,"chemical_parameter":"Solidos dissolvidos totais","chemical_concentration":71.0,"source":"SIAGAS_MS_20260814","evidence_code":"E10"}},{"type":"Feature","geometry":{"type":"Point","coordinates":[-54.74916699999994,-20.484166999999957]},"properties":{"well_id":"3500065047","municipality":"Campo Grande","aquifer":"Serra geral","available_fields":"pH | CONDUTIVIDADE_ELETRICA | TEMPERATURA | Solidos dissolvidos totais","available_count":4,"pH":6.0999999,"electrical_conductivity":19.35,"temperature":25.0,"chemical_parameter":"Solidos dissolvidos totais","chemical_concentration":240.0,"source":"SIAGAS_MS_20260814","evidence_code":"E10"}},{"type":"Feature","geometry":{"type":"Point","coordinates":[-53.84249999999997,-22.338888999999938]},"properties":{"well_id":"3500065060","municipality":"Ivinhema","aquifer":"Caiua","available_fields":"pH | CONDUTIVIDADE_ELETRICA | TEMPERATURA | Solidos dissolvidos totais","available_count":4,"pH":5.69999981,"electrical_conductivity":22.7,"temperature":14.0,"chemical_parameter":"Solidos dissolvidos totais","chemical_concentration":155.0,"source":"SIAGAS_MS_20260814","evidence_code":"E10"}},{"type":"Feature","geometry":{"type":"Point","coordinates":[-51.426943999999935,-20.361943999999937]},"properties":{"well_id":"3500065072","municipality":"Selvíria","aquifer":"Serra geral","available_fields":"pH | TEMPERATURA | Solidos dissolvidos totais","available_count":3,"pH":7.80000019,"electrical_conductivity":null,"temperature":11.1000004,"chemical_parameter":"Solidos dissolvidos totais","chemical_concentration":138.0,"source":"SIAGAS_MS_20260814","evidence_code":"E10"}},{"type":"Feature","geometry":{"type":"Point","coordinates":[-54.35972199999998,-18.64027699999997]},"properties":{"well_id":"3500023027","municipality":"Coxim","aquifer":"Guarani","available_fields":"pH | CONDUTIVIDADE_ELETRICA | TEMPERATURA | Solidos dissolvidos totais","available_count":4,"pH":7.42000008,"electrical_conductivity":289.0,"temperature":27.3999996,"chemical_parameter":"Solidos dissolvidos totais","chemical_concentration":259.32,"source":"SIAGAS_MS_20260814","evidence_code":"E10"}},{"type":"Feature","geometry":{"type":"Point","coordinates":[-55.634721999999954,-22.944166999999936]},"properties":{"well_id":"3500065009","municipality":"Aral Moreira","aquifer":"Serra geral","available_fields":"pH | Solidos dissolvidos totais","available_count":2,"pH":7.0999999,"electrical_conductivity":null,"temperature":null,"chemical_parameter":"Solidos dissolvidos totais","chemical_concentration":84.9,"source":"SIAGAS_MS_20260814","evidence_code":"E10"}},{"type":"Feature","geometry":{"type":"Point","coordinates":[-53.29814399999998,-20.012241999999958]},"properties":{"well_id":"3500068739","municipality":"Ribas do Rio Pardo","aquifer":"Bauru","available_fields":"pH | CONDUTIVIDADE_ELETRICA | TURBIDEZ","available_count":3,"pH":6.38999987,"electrical_conductivity":73.0,"temperature":null,"chemical_parameter":"","chemical_concentration":null,"source":"SIAGAS_MS_20260814","evidence_code":"E10"}},{"type":"Feature","geometry":{"type":"Point","coordinates":[-54.306221999999934,-22.542666999999938]},"properties":{"well_id":"3500071611","municipality":"Jateí","aquifer":"Bauru_Caiua","available_fields":"pH | CONDUTIVIDADE_ELETRICA | TEMPERATURA","available_count":3,"pH":5.36000013,"electrical_conductivity":19.66,"temperature":24.1000004,"chemical_parameter":"","chemical_concentration":null,"source":"SIAGAS_MS_20260814","evidence_code":"E10"}},{"type":"Feature","geometry":{"type":"Point","coordinates":[-55.01655599999998,-23.967555999999945]},"properties":{"well_id":"3500071605","municipality":"Sete Quedas","aquifer":"Bauru_Caiua","available_fields":"pH | TEMPERATURA","available_count":2,"pH":6.69999981,"electrical_conductivity":null,"temperature":16.0,"chemical_parameter":"","chemical_concentration":null,"source":"SIAGAS_MS_20260814","evidence_code":"E10"}},{"type":"Feature","geometry":{"type":"Point","coordinates":[-51.74865599999998,-20.84818299999995]},"properties":{"well_id":"3500071514","municipality":"Três Lagoas","aquifer":"Bauru_Caiua","available_fields":"pH | CONDUTIVIDADE_ELETRICA | TEMPERATURA","available_count":3,"pH":6.01000023,"electrical_conductivity":19.18,"temperature":25.3999996,"chemical_parameter":"","chemical_concentration":null,"source":"SIAGAS_MS_20260814","evidence_code":"E10"}},{"type":"Feature","geometry":{"type":"Point","coordinates":[-54.06936699999994,-23.53314699999993]},"properties":{"well_id":"3500070919","municipality":"Itaquiraí","aquifer":"Bauru_Caiua","available_fields":"pH | CONDUTIVIDADE_ELETRICA | TEMPERATURA","available_count":3,"pH":6.69999981,"electrical_conductivity":35.03,"temperature":23.7000008,"chemical_parameter":"","chemical_concentration":null,"source":"SIAGAS_MS_20260814","evidence_code":"E10"}},{"type":"Feature","geometry":{"type":"Point","coordinates":[-55.828307999999936,-21.15839699999998]},"properties":{"well_id":"3500070840","municipality":"Nioaque","aquifer":"Guarani","available_fields":"pH | TEMPERATURA","available_count":2,"pH":6.71999979,"electrical_conductivity":null,"temperature":30.1000004,"chemical_parameter":"","chemical_concentration":null,"source":"SIAGAS_MS_20260814","evidence_code":"E10"}},{"type":"Feature","geometry":{"type":"Point","coordinates":[-54.83758299999994,-22.08438899999993]},"properties":{"well_id":"3500069727","municipality":"Itaporã","aquifer":"Bauru_Caiua","available_fields":"pH | CONDUTIVIDADE_ELETRICA | TEMPERATURA","available_count":3,"pH":5.5999999,"electrical_conductivity":82.7,"temperature":23.0,"chemical_parameter":"","chemical_concentration":null,"source":"SIAGAS_MS_20260814","evidence_code":"E10"}},{"type":"Feature","geometry":{"type":"Point","coordinates":[-54.17444399999994,-22.464721999999938]},"properties":{"well_id":"3500026934","municipality":"Glória de Dourados","aquifer":"Caiua","available_fields":"pH | TEMPERATURA | TURBIDEZ","available_count":3,"pH":6.0999999,"electrical_conductivity":null,"temperature":24.0,"chemical_parameter":"","chemical_concentration":null,"source":"SIAGAS_MS_20260814","evidence_code":"E10"}},{"type":"Feature","geometry":{"type":"Point","coordinates":[-53.371110999999985,-22.277221999999938]},"properties":{"well_id":"3500026935","municipality":"Nova Andradina","aquifer":"Caiua","available_fields":"pH | TEMPERATURA | TURBIDEZ","available_count":3,"pH":5.0999999,"electrical_conductivity":null,"temperature":24.0,"chemical_parameter":"","chemical_concentration":null,"source":"SIAGAS_MS_20260814","evidence_code":"E10"}},{"type":"Feature","geometry":{"type":"Point","coordinates":[-53.37944399999998,-22.284999999999968]},"properties":{"well_id":"3500026939","municipality":"Nova Andradina","aquifer":"Serra geral","available_fields":"pH | TEMPERATURA | TURBIDEZ","available_count":3,"pH":5.80999994,"electrical_conductivity":null,"temperature":26.0,"chemical_parameter":"","chemical_concentration":null,"source":"SIAGAS_MS_20260814","evidence_code":"E10"}},{"type":"Feature","geometry":{"type":"Point","coordinates":[-54.81555599999996,-22.59555599999993]},"properties":{"well_id":"3500026957","municipality":"Caarapó","aquifer":"Serra geral","available_fields":"pH | CONDUTIVIDADE_ELETRICA | TURBIDEZ","available_count":3,"pH":8.60000038,"electrical_conductivity":142.0,"temperature":null,"chemical_parameter":"","chemical_concentration":null,"source":"SIAGAS_MS_20260814","evidence_code":"E10"}},{"type":"Feature","geometry":{"type":"Point","coordinates":[-54.36694399999993,-21.94805599999995]},"properties":{"well_id":"3500026979","municipality":"Dourados","aquifer":"Serra geral","available_fields":"pH | CONDUTIVIDADE_ELETRICA | TURBIDEZ","available_count":3,"pH":8.19999981,"electrical_conductivity":122.0,"temperature":null,"chemical_parameter":"","chemical_concentration":null,"source":"SIAGAS_MS_20260814","evidence_code":"E10"}},{"type":"Feature","geometry":{"type":"Point","coordinates":[-51.16999999999996,-19.700832999999932]},"properties":{"well_id":"3500026997","municipality":"Paranaíba","aquifer":"Bauru","available_fields":"pH | TURBIDEZ","available_count":2,"pH":6.36999989,"electrical_conductivity":null,"temperature":null,"chemical_parameter":"","chemical_concentration":null,"source":"SIAGAS_MS_20260814","evidence_code":"E10"}},{"type":"Feature","geometry":{"type":"Point","coordinates":[-54.381110999999976,-21.452777999999967]},"properties":{"well_id":"3500027019","municipality":"Nova Alvorada do Sul","aquifer":"Serra geral","available_fields":"pH | CONDUTIVIDADE_ELETRICA | TURBIDEZ","available_count":3,"pH":7.5,"electrical_conductivity":117.8,"temperature":null,"chemical_parameter":"","chemical_concentration":null,"source":"SIAGAS_MS_20260814","evidence_code":"E10"}},{"type":"Feature","geometry":{"type":"Point","coordinates":[-51.66555599999998,-20.765555999999947]},"properties":{"well_id":"3500027044","municipality":"Três Lagoas","aquifer":"Caiua","available_fields":"pH | CONDUTIVIDADE_ELETRICA | TEMPERATURA | TURBIDEZ","available_count":4,"pH":5.15999985,"electrical_conductivity":1.6,"temperature":26.0,"chemical_parameter":"","chemical_concentration":null,"source":"SIAGAS_MS_20260814","evidence_code":"E10"}},{"type":"Feature","geometry":{"type":"Point","coordinates":[-55.100832999999966,-21.654166999999973]},"properties":{"well_id":"3500027149","municipality":"Maracaju","aquifer":"Serra geral","available_fields":"pH | TEMPERATURA | TURBIDEZ","available_count":3,"pH":6.0,"electrical_conductivity":null,"temperature":13.0,"chemical_parameter":"","chemical_concentration":null,"source":"SIAGAS_MS_20260814","evidence_code":"E10"}},{"type":"Feature","geometry":{"type":"Point","coordinates":[-54.04833299999996,-19.513332999999932]},"properties":{"well_id":"3500027154","municipality":"Camapuã","aquifer":"Guarani","available_fields":"pH | Solidos dissolvidos totais","available_count":2,"pH":7.5999999,"electrical_conductivity":null,"temperature":null,"chemical_parameter":"Solidos dissolvidos totais","chemical_concentration":271.8,"source":"SIAGAS_MS_20260814","evidence_code":"E10"}},{"type":"Feature","geometry":{"type":"Point","coordinates":[-54.549721999999974,-21.807777999999928]},"properties":{"well_id":"3500027162","municipality":"Rio Brilhante","aquifer":"Serra geral","available_fields":"pH | TEMPERATURA | TURBIDEZ | Solidos dissolvidos totais","available_count":4,"pH":8.06000042,"electrical_conductivity":null,"temperature":25.0,"chemical_parameter":"Solidos dissolvidos totais","chemical_concentration":149.9,"source":"SIAGAS_MS_20260814","evidence_code":"E10"}},{"type":"Feature","geometry":{"type":"Point","coordinates":[-51.66416699999996,-20.776943999999958]},"properties":{"well_id":"3500027173","municipality":"Três Lagoas","aquifer":"Bauru","available_fields":"pH | TEMPERATURA | TURBIDEZ | Solidos dissolvidos totais","available_count":4,"pH":6.13000011,"electrical_conductivity":null,"temperature":6.0,"chemical_parameter":"Solidos dissolvidos totais","chemical_concentration":112.8,"source":"SIAGAS_MS_20260814","evidence_code":"E10"}},{"type":"Feature","geometry":{"type":"Point","coordinates":[-51.737499999999955,-20.77249999999998]},"properties":{"well_id":"3500027176","municipality":"Três Lagoas","aquifer":"Bauru","available_fields":"pH | Solidos dissolvidos totais","available_count":2,"pH":6.0999999,"electrical_conductivity":null,"temperature":null,"chemical_parameter":"Solidos dissolvidos totais","chemical_concentration":29.3,"source":"SIAGAS_MS_20260814","evidence_code":"E10"}},{"type":"Feature","geometry":{"type":"Point","coordinates":[-55.622221999999965,-22.94888899999995]},"properties":{"well_id":"3500027212","municipality":"Aral Moreira","aquifer":"Serra geral","available_fields":"pH | Solidos dissolvidos totais","available_count":2,"pH":7.0999999,"electrical_conductivity":null,"temperature":null,"chemical_parameter":"Solidos dissolvidos totais","chemical_concentration":84.9,"source":"SIAGAS_MS_20260814","evidence_code":"E10"}},{"type":"Feature","geometry":{"type":"Point","coordinates":[-51.299721999999974,-20.088610999999958]},"properties":{"well_id":"3500027286","municipality":"Aparecida do Taboado","aquifer":"Caiua","available_fields":"pH | TURBIDEZ | Solidos dissolvidos totais","available_count":3,"pH":8.80000019,"electrical_conductivity":null,"temperature":null,"chemical_parameter":"Solidos dissolvidos totais","chemical_concentration":194.0,"source":"SIAGAS_MS_20260814","evidence_code":"E10"}},{"type":"Feature","geometry":{"type":"Point","coordinates":[-51.71138899999994,-20.797221999999977]},"properties":{"well_id":"3500027294","municipality":"Três Lagoas","aquifer":"Bauru","available_fields":"pH | Solidos dissolvidos totais","available_count":2,"pH":6.19999981,"electrical_conductivity":null,"temperature":null,"chemical_parameter":"Solidos dissolvidos totais","chemical_concentration":74.2,"source":"SIAGAS_MS_20260814","evidence_code":"E10"}},{"type":"Feature","geometry":{"type":"Point","coordinates":[-55.17944399999993,-21.578055999999947]},"properties":{"well_id":"3500045398","municipality":"Maracaju","aquifer":"Serra geral","available_fields":"pH | TEMPERATURA | TURBIDEZ","available_count":3,"pH":6.19999981,"electrical_conductivity":null,"temperature":19.0,"chemical_parameter":"","chemical_concentration":null,"source":"SIAGAS_MS_20260814","evidence_code":"E10"}},{"type":"Feature","geometry":{"type":"Point","coordinates":[-54.59249999999997,-20.44972199999995]},"properties":{"well_id":"3500045626","municipality":"Campo Grande","aquifer":"Serra geral","available_fields":"pH","available_count":1,"pH":6.9000001,"electrical_conductivity":null,"temperature":null,"chemical_parameter":"","chemical_concentration":null,"source":"SIAGAS_MS_20260814","evidence_code":"E10"}},{"type":"Feature","geometry":{"type":"Point","coordinates":[-55.05638799999997,-23.968332999999973]},"properties":{"well_id":"3500023356","municipality":"Sete Quedas","aquifer":"Serra geral","available_fields":"pH | TURBIDEZ","available_count":2,"pH":7.5,"electrical_conductivity":null,"temperature":null,"chemical_parameter":"","chemical_concentration":null,"source":"SIAGAS_MS_20260814","evidence_code":"E10"}},{"type":"Feature","geometry":{"type":"Point","coordinates":[-54.81583299999994,-22.641943999999967]},"properties":{"well_id":"3500023368","municipality":"Caarapó","aquifer":"Serra geral","available_fields":"pH | TURBIDEZ","available_count":2,"pH":6.4000001,"electrical_conductivity":null,"temperature":null,"chemical_parameter":"","chemical_concentration":null,"source":"SIAGAS_MS_20260814","evidence_code":"E10"}},{"type":"Feature","geometry":{"type":"Point","coordinates":[-54.670555999999976,-20.534999999999968]},"properties":{"well_id":"3500045694","municipality":"Campo Grande","aquifer":"Serra geral","available_fields":"pH | TURBIDEZ","available_count":2,"pH":7.30000019,"electrical_conductivity":null,"temperature":null,"chemical_parameter":"","chemical_concentration":null,"source":"SIAGAS_MS_20260814","evidence_code":"E10"}},{"type":"Feature","geometry":{"type":"Point","coordinates":[-51.11472199999997,-20.04166699999996]},"properties":{"well_id":"3500027045","municipality":"Aparecida do Taboado","aquifer":"Bauru","available_fields":"pH | TEMPERATURA","available_count":2,"pH":6.30999994,"electrical_conductivity":null,"temperature":22.8999996,"chemical_parameter":"","chemical_concentration":null,"source":"SIAGAS_MS_20260814","evidence_code":"E10"}},{"type":"Feature","geometry":{"type":"Point","coordinates":[-54.64694399999996,-20.42083299999996]},"properties":{"well_id":"3500022928","municipality":"Campo Grande","aquifer":"Guarani","available_fields":"pH | CONDUTIVIDADE_ELETRICA | TEMPERATURA | Solidos dissolvidos totais","available_count":4,"pH":5.88999987,"electrical_conductivity":79.8,"temperature":25.8999996,"chemical_parameter":"Solidos dissolvidos totais","chemical_concentration":151.79,"source":"SIAGAS_MS_20260814","evidence_code":"E10"}},{"type":"Feature","geometry":{"type":"Point","coordinates":[-51.77472199999994,-20.97888899999998]},"properties":{"well_id":"3500045646","municipality":"Três Lagoas","aquifer":"Serra geral","available_fields":"pH | TEMPERATURA | TURBIDEZ","available_count":3,"pH":5.86999989,"electrical_conductivity":null,"temperature":26.0,"chemical_parameter":"","chemical_concentration":null,"source":"SIAGAS_MS_20260814","evidence_code":"E10"}},{"type":"Feature","geometry":{"type":"Point","coordinates":[-54.86777699999993,-20.48444399999994]},"properties":{"well_id":"3500022824","municipality":"Terenos","aquifer":"Guarani","available_fields":"pH | CONDUTIVIDADE_ELETRICA | TEMPERATURA | Solidos dissolvidos totais","available_count":4,"pH":7.44000006,"electrical_conductivity":113.3,"temperature":28.8999996,"chemical_parameter":"Solidos dissolvidos totais","chemical_concentration":120.77,"source":"SIAGAS_MS_20260814","evidence_code":"E10"}},{"type":"Feature","geometry":{"type":"Point","coordinates":[-54.96361099999996,-20.923054999999977]},"properties":{"well_id":"3500022816","municipality":"Sidrolândia","aquifer":"Guarani","available_fields":"pH | CONDUTIVIDADE_ELETRICA | TEMPERATURA | Solidos dissolvidos totais","available_count":4,"pH":7.40999985,"electrical_conductivity":133.1,"temperature":30.2000008,"chemical_parameter":"Solidos dissolvidos totais","chemical_concentration":97.32,"source":"SIAGAS_MS_20260814","evidence_code":"E10"}},{"type":"Feature","geometry":{"type":"Point","coordinates":[-53.13972199999995,-18.54472199999998]},"properties":{"well_id":"3500022567","municipality":"Costa Rica","aquifer":"Guarani","available_fields":"pH | CONDUTIVIDADE_ELETRICA | TEMPERATURA | Solidos dissolvidos totais","available_count":4,"pH":6.42999983,"electrical_conductivity":48.2,"temperature":27.5,"chemical_parameter":"Solidos dissolvidos totais","chemical_concentration":33.06,"source":"SIAGAS_MS_20260814","evidence_code":"E10"}},{"type":"Feature","geometry":{"type":"Point","coordinates":[-54.65111099999996,-20.558887999999968]},"properties":{"well_id":"3500022930","municipality":"Campo Grande","aquifer":"Guarani","available_fields":"pH | CONDUTIVIDADE_ELETRICA | TEMPERATURA | Solidos dissolvidos totais","available_count":4,"pH":7.11000013,"electrical_conductivity":128.8,"temperature":37.2000008,"chemical_parameter":"Solidos dissolvidos totais","chemical_concentration":100.78,"source":"SIAGAS_MS_20260814","evidence_code":"E10"}},{"type":"Feature","geometry":{"type":"Point","coordinates":[-53.17158299999994,-21.165246999999965]},"properties":{"well_id":"3500071764","municipality":"Ribas do Rio Pardo","aquifer":"Bauru_Caiua","available_fields":"pH | CONDUTIVIDADE_ELETRICA | TEMPERATURA","available_count":3,"pH":7.19999981,"electrical_conductivity":204.8,"temperature":25.0,"chemical_parameter":"","chemical_concentration":null,"source":"SIAGAS_MS_20260814","evidence_code":"E10"}},{"type":"Feature","geometry":{"type":"Point","coordinates":[-54.947405999999944,-22.63704699999994]},"properties":{"well_id":"3500071752","municipality":"Caarapó","aquifer":"Bauru_Caiua","available_fields":"pH | CONDUTIVIDADE_ELETRICA | TEMPERATURA","available_count":3,"pH":7.38000011,"electrical_conductivity":152.0,"temperature":23.0,"chemical_parameter":"","chemical_concentration":null,"source":"SIAGAS_MS_20260814","evidence_code":"E10"}},{"type":"Feature","geometry":{"type":"Point","coordinates":[-53.95501699999994,-22.285852999999975]},"properties":{"well_id":"3500071581","municipality":"Ivinhema","aquifer":"Bauru_Caiua","available_fields":"pH | CONDUTIVIDADE_ELETRICA | TEMPERATURA","available_count":3,"pH":6.21999979,"electrical_conductivity":13.27,"temperature":24.0,"chemical_parameter":"","chemical_concentration":null,"source":"SIAGAS_MS_20260814","evidence_code":"E10"}},{"type":"Feature","geometry":{"type":"Point","coordinates":[-52.68083299999995,-22.165832999999964]},"properties":{"well_id":"3500071535","municipality":"Anaurilândia","aquifer":"Bauru_Caiua","available_fields":"pH | TEMPERATURA","available_count":2,"pH":6.0,"electrical_conductivity":null,"temperature":24.0,"chemical_parameter":"","chemical_concentration":null,"source":"SIAGAS_MS_20260814","evidence_code":"E10"}},{"type":"Feature","geometry":{"type":"Point","coordinates":[-55.30008299999997,-21.17269399999998]},"properties":{"well_id":"3500071489","municipality":"Sidrolândia","aquifer":"Serra geral","available_fields":"pH | CONDUTIVIDADE_ELETRICA | TEMPERATURA","available_count":3,"pH":6.78999996,"electrical_conductivity":48.5,"temperature":23.0,"chemical_parameter":"","chemical_concentration":null,"source":"SIAGAS_MS_20260814","evidence_code":"E10"}},{"type":"Feature","geometry":{"type":"Point","coordinates":[-51.729071999999974,-19.111802999999952]},"properties":{"well_id":"3500071469","municipality":"Cassilândia","aquifer":"Guarani","available_fields":"pH | TEMPERATURA","available_count":2,"pH":7.01000023,"electrical_conductivity":null,"temperature":27.2999992,"chemical_parameter":"","chemical_concentration":null,"source":"SIAGAS_MS_20260814","evidence_code":"E10"}},{"type":"Feature","geometry":{"type":"Point","coordinates":[-54.22765799999996,-22.396755999999982]},"properties":{"well_id":"3500071450","municipality":"Glória de Dourados","aquifer":"Serra geral","available_fields":"pH | CONDUTIVIDADE_ELETRICA | TEMPERATURA","available_count":3,"pH":7.5,"electrical_conductivity":1.3,"temperature":19.0,"chemical_parameter":"","chemical_concentration":null,"source":"SIAGAS_MS_20260814","evidence_code":"E10"}},{"type":"Feature","geometry":{"type":"Point","coordinates":[-54.53443899999996,-19.440966999999944]},"properties":{"well_id":"3500071440","municipality":"São Gabriel do Oeste","aquifer":"Guarani","available_fields":"pH | CONDUTIVIDADE_ELETRICA | TEMPERATURA","available_count":3,"pH":5.80999994,"electrical_conductivity":30.5,"temperature":23.2999992,"chemical_parameter":"","chemical_concentration":null,"source":"SIAGAS_MS_20260814","evidence_code":"E10"}},{"type":"Feature","geometry":{"type":"Point","coordinates":[-54.810532999999964,-22.646977999999933]},"properties":{"well_id":"3500071332","municipality":"Caarapó","aquifer":"Bauru_Caiua","available_fields":"pH | CONDUTIVIDADE_ELETRICA | TEMPERATURA","available_count":3,"pH":7.11999989,"electrical_conductivity":100.7,"temperature":23.0,"chemical_parameter":"","chemical_concentration":null,"source":"SIAGAS_MS_20260814","evidence_code":"E10"}},{"type":"Feature","geometry":{"type":"Point","coordinates":[-52.86348099999998,-20.444974999999943]},"properties":{"well_id":"3500071321","municipality":"Água Clara","aquifer":"Bauru_Caiua","available_fields":"pH | CONDUTIVIDADE_ELETRICA | TEMPERATURA","available_count":3,"pH":7.0999999,"electrical_conductivity":78.09,"temperature":20.2999992,"chemical_parameter":"","chemical_concentration":null,"source":"SIAGAS_MS_20260814","evidence_code":"E10"}},{"type":"Feature","geometry":{"type":"Point","coordinates":[-54.62409999999994,-19.281596999999977]},"properties":{"well_id":"3500071286","municipality":"São Gabriel do Oeste","aquifer":"Guarani","available_fields":"pH | CONDUTIVIDADE_ELETRICA | TEMPERATURA","available_count":3,"pH":5.19999981,"electrical_conductivity":200.0,"temperature":24.0,"chemical_parameter":"","chemical_concentration":null,"source":"SIAGAS_MS_20260814","evidence_code":"E10"}},{"type":"Feature","geometry":{"type":"Point","coordinates":[-52.602499999999964,-18.797221999999977]},"properties":{"well_id":"3500071055","municipality":"Chapadão do Sul","aquifer":"Bauru_Caiua","available_fields":"pH | CONDUTIVIDADE_ELETRICA | TEMPERATURA","available_count":3,"pH":7.0999999,"electrical_conductivity":5.3,"temperature":23.2000008,"chemical_parameter":"","chemical_concentration":null,"source":"SIAGAS_MS_20260814","evidence_code":"E10"}},{"type":"Feature","geometry":{"type":"Point","coordinates":[-54.68636399999997,-19.321241999999927]},"properties":{"well_id":"3500071039","municipality":"São Gabriel do Oeste","aquifer":"Guarani","available_fields":"pH | CONDUTIVIDADE_ELETRICA | TEMPERATURA","available_count":3,"pH":6.19999981,"electrical_conductivity":40.0,"temperature":24.0,"chemical_parameter":"","chemical_concentration":null,"source":"SIAGAS_MS_20260814","evidence_code":"E10"}},{"type":"Feature","geometry":{"type":"Point","coordinates":[-54.581857999999954,-20.562216999999976]},"properties":{"well_id":"3500070991","municipality":"Campo Grande","aquifer":"Serra geral","available_fields":"pH | CONDUTIVIDADE_ELETRICA | TEMPERATURA","available_count":3,"pH":7.0,"electrical_conductivity":169.0,"temperature":25.0,"chemical_parameter":"","chemical_concentration":null,"source":"SIAGAS_MS_20260814","evidence_code":"E10"}},{"type":"Feature","geometry":{"type":"Point","coordinates":[-54.30566699999997,-22.41408299999995]},"properties":{"well_id":"3500070764","municipality":"Glória de Dourados","aquifer":"Bauru_Caiua","available_fields":"pH | CONDUTIVIDADE_ELETRICA | TEMPERATURA","available_count":3,"pH":7.0999999,"electrical_conductivity":96.59,"temperature":20.0,"chemical_parameter":"","chemical_concentration":null,"source":"SIAGAS_MS_20260814","evidence_code":"E10"}},{"type":"Feature","geometry":{"type":"Point","coordinates":[-54.56240299999996,-19.400224999999978]},"properties":{"well_id":"3500070725","municipality":"São Gabriel do Oeste","aquifer":"Guarani","available_fields":"pH | CONDUTIVIDADE_ELETRICA","available_count":2,"pH":7.71999979,"electrical_conductivity":98.4,"temperature":null,"chemical_parameter":"","chemical_concentration":null,"source":"SIAGAS_MS_20260814","evidence_code":"E10"}},{"type":"Feature","geometry":{"type":"Point","coordinates":[-54.610555999999974,-20.51222199999995]},"properties":{"well_id":"3500070687","municipality":"Campo Grande","aquifer":"Serra geral","available_fields":"pH | CONDUTIVIDADE_ELETRICA","available_count":2,"pH":6.26999998,"electrical_conductivity":131.4,"temperature":null,"chemical_parameter":"","chemical_concentration":null,"source":"SIAGAS_MS_20260814","evidence_code":"E10"}},{"type":"Feature","geometry":{"type":"Point","coordinates":[-53.85980299999994,-22.656796999999983]},"properties":{"well_id":"3500070672","municipality":"Novo Horizonte do Sul","aquifer":"Bauru_Caiua","available_fields":"pH | CONDUTIVIDADE_ELETRICA | TEMPERATURA","available_count":3,"pH":6.5,"electrical_conductivity":46.2,"temperature":26.5,"chemical_parameter":"","chemical_concentration":null,"source":"SIAGAS_MS_20260814","evidence_code":"E10"}},{"type":"Feature","geometry":{"type":"Point","coordinates":[-54.727063999999984,-21.894263999999964]},"properties":{"well_id":"3500070593","municipality":"Itaporã","aquifer":"Serra geral","available_fields":"pH | CONDUTIVIDADE_ELETRICA | TEMPERATURA","available_count":3,"pH":8.43999958,"electrical_conductivity":171.59,"temperature":22.0,"chemical_parameter":"","chemical_concentration":null,"source":"SIAGAS_MS_20260814","evidence_code":"E10"}},{"type":"Feature","geometry":{"type":"Point","coordinates":[-54.71802799999995,-22.093666999999982]},"properties":{"well_id":"3500070472","municipality":"Itaporã","aquifer":"Serra geral","available_fields":"pH | CONDUTIVIDADE_ELETRICA | TEMPERATURA","available_count":3,"pH":5.84000015,"electrical_conductivity":62.6,"temperature":23.0,"chemical_parameter":"","chemical_concentration":null,"source":"SIAGAS_MS_20260814","evidence_code":"E10"}},{"type":"Feature","geometry":{"type":"Point","coordinates":[-54.60469399999994,-19.367999999999938]},"properties":{"well_id":"3500069979","municipality":"São Gabriel do Oeste","aquifer":"Guarani","available_fields":"pH | CONDUTIVIDADE_ELETRICA | TEMPERATURA","available_count":3,"pH":6.19999981,"electrical_conductivity":15.0,"temperature":25.0,"chemical_parameter":"","chemical_concentration":null,"source":"SIAGAS_MS_20260814","evidence_code":"E10"}},{"type":"Feature","geometry":{"type":"Point","coordinates":[-51.72249999999997,-20.79416699999996]},"properties":{"well_id":"3500045612","municipality":"Três Lagoas","aquifer":"Bauru","available_fields":"pH | TURBIDEZ | Solidos dissolvidos totais","available_count":3,"pH":6.19999981,"electrical_conductivity":null,"temperature":null,"chemical_parameter":"Solidos dissolvidos totais","chemical_concentration":49.7,"source":"SIAGAS_MS_20260814","evidence_code":"E10"}},{"type":"Feature","geometry":{"type":"Point","coordinates":[-51.839999999999975,-20.994721999999967]},"properties":{"well_id":"3500045709","municipality":"Três Lagoas","aquifer":"Serra geral","available_fields":"pH | CONDUTIVIDADE_ELETRICA","available_count":2,"pH":5.92000008,"electrical_conductivity":6.73,"temperature":null,"chemical_parameter":"","chemical_concentration":null,"source":"SIAGAS_MS_20260814","evidence_code":"E10"}},{"type":"Feature","geometry":{"type":"Point","coordinates":[-54.67277799999994,-20.485832999999957]},"properties":{"well_id":"3500045635","municipality":"Campo Grande","aquifer":"","available_fields":"pH | TURBIDEZ","available_count":2,"pH":7.4000001,"electrical_conductivity":null,"temperature":null,"chemical_parameter":"","chemical_concentration":null,"source":"SIAGAS_MS_20260814","evidence_code":"E10"}},{"type":"Feature","geometry":{"type":"Point","coordinates":[-54.143055999999945,-22.54222199999998]},"properties":{"well_id":"3500026937","municipality":"Jateí","aquifer":"","available_fields":"pH | TEMPERATURA | TURBIDEZ","available_count":3,"pH":7.53999996,"electrical_conductivity":null,"temperature":18.0,"chemical_parameter":"","chemical_concentration":null,"source":"SIAGAS_MS_20260814","evidence_code":"E10"}},{"type":"Feature","geometry":{"type":"Point","coordinates":[-53.389999999999986,-22.29499999999996]},"properties":{"well_id":"3500045640","municipality":"Nova Andradina","aquifer":"","available_fields":"pH | TURBIDEZ","available_count":2,"pH":6.0,"electrical_conductivity":null,"temperature":null,"chemical_parameter":"","chemical_concentration":null,"source":"SIAGAS_MS_20260814","evidence_code":"E10"}},{"type":"Feature","geometry":{"type":"Point","coordinates":[-51.643888999999945,-20.797499999999957]},"properties":{"well_id":"3500045639","municipality":"Três Lagoas","aquifer":"","available_fields":"pH | CONDUTIVIDADE_ELETRICA | TEMPERATURA | TURBIDEZ","available_count":4,"pH":7.07999992,"electrical_conductivity":46.7,"temperature":23.0,"chemical_parameter":"","chemical_concentration":null,"source":"SIAGAS_MS_20260814","evidence_code":"E10"}},{"type":"Feature","geometry":{"type":"Point","coordinates":[-51.87805599999996,-20.797499999999957]},"properties":{"well_id":"3500045662","municipality":"Três Lagoas","aquifer":"Serra geral","available_fields":"pH | TURBIDEZ","available_count":2,"pH":5.80000019,"electrical_conductivity":null,"temperature":null,"chemical_parameter":"","chemical_concentration":null,"source":"SIAGAS_MS_20260814","evidence_code":"E10"}},{"type":"Feature","geometry":{"type":"Point","coordinates":[-54.66577499999994,-22.29989699999993]},"properties":{"well_id":"3500073735","municipality":"Dourados","aquifer":"","available_fields":"pH | CONDUTIVIDADE_ELETRICA | TEMPERATURA | Solidos dissolvidos totais","available_count":4,"pH":6.01000023,"electrical_conductivity":43.53,"temperature":22.0,"chemical_parameter":"Solidos dissolvidos totais","chemical_concentration":28.0,"source":"SIAGAS_MS_20260814","evidence_code":"E10"}},{"type":"Feature","geometry":{"type":"Point","coordinates":[-56.30611099999999,-19.97277799999995]},"properties":{"well_id":"3500045671","municipality":"Miranda","aquifer":"","available_fields":"pH | TEMPERATURA | TURBIDEZ","available_count":3,"pH":7.32000017,"electrical_conductivity":null,"temperature":23.0,"chemical_parameter":"","chemical_concentration":null,"source":"SIAGAS_MS_20260814","evidence_code":"E10"}},{"type":"Feature","geometry":{"type":"Point","coordinates":[-54.52881099999996,-21.863871999999958]},"properties":{"well_id":"3500072514","municipality":"Rio Brilhante","aquifer":"","available_fields":"pH | TEMPERATURA | Solidos dissolvidos totais","available_count":3,"pH":7.65999985,"electrical_conductivity":null,"temperature":25.0,"chemical_parameter":"Solidos dissolvidos totais","chemical_concentration":86.0,"source":"SIAGAS_MS_20260814","evidence_code":"E10"}},{"type":"Feature","geometry":{"type":"Point","coordinates":[-56.22779399999996,-21.297635999999954]},"properties":{"well_id":"3500072669","municipality":"Jardim","aquifer":"","available_fields":"pH | CONDUTIVIDADE_ELETRICA | TEMPERATURA | Solidos dissolvidos totais","available_count":4,"pH":8.47999954,"electrical_conductivity":200.84,"temperature":21.6000004,"chemical_parameter":"Solidos dissolvidos totais","chemical_concentration":33.0,"source":"SIAGAS_MS_20260814","evidence_code":"E10"}},{"type":"Feature","geometry":{"type":"Point","coordinates":[-56.44563299999999,-21.456282999999928]},"properties":{"well_id":"3500072874","municipality":"Jardim","aquifer":"","available_fields":"pH | Solidos dissolvidos totais","available_count":2,"pH":7.65999985,"electrical_conductivity":null,"temperature":null,"chemical_parameter":"Solidos dissolvidos totais","chemical_concentration":170.0,"source":"SIAGAS_MS_20260814","evidence_code":"E10"}},{"type":"Feature","geometry":{"type":"Point","coordinates":[-56.81236099999995,-20.025027999999963]},"properties":{"well_id":"3500072417","municipality":"Miranda","aquifer":"","available_fields":"pH | CONDUTIVIDADE_ELETRICA | TEMPERATURA | Solidos dissolvidos totais","available_count":4,"pH":6.94999981,"electrical_conductivity":1316.0,"temperature":27.0,"chemical_parameter":"Solidos dissolvidos totais","chemical_concentration":838.0,"source":"SIAGAS_MS_20260814","evidence_code":"E10"}},{"type":"Feature","geometry":{"type":"Point","coordinates":[-56.50929699999995,-21.11648299999996]},"properties":{"well_id":"3500072847","municipality":"Bonito","aquifer":"","available_fields":"pH | Solidos dissolvidos totais","available_count":2,"pH":7.5999999,"electrical_conductivity":null,"temperature":null,"chemical_parameter":"Solidos dissolvidos totais","chemical_concentration":377.5,"source":"SIAGAS_MS_20260814","evidence_code":"E10"}},{"type":"Feature","geometry":{"type":"Point","coordinates":[-56.27430599999997,-19.967693999999938]},"properties":{"well_id":"3500073700","municipality":"Aquidauana","aquifer":"","available_fields":"pH | CONDUTIVIDADE_ELETRICA | TEMPERATURA | Solidos dissolvidos totais","available_count":4,"pH":8.69999981,"electrical_conductivity":540.0,"temperature":25.8999996,"chemical_parameter":"Solidos dissolvidos totais","chemical_concentration":270.0,"source":"SIAGAS_MS_20260814","evidence_code":"E10"}},{"type":"Feature","geometry":{"type":"Point","coordinates":[-54.06444399999998,-21.846666999999968]},"properties":{"well_id":"3500072775","municipality":"Rio Brilhante","aquifer":"","available_fields":"pH | CONDUTIVIDADE_ELETRICA | TEMPERATURA","available_count":3,"pH":6.69999981,"electrical_conductivity":130.9,"temperature":22.8999996,"chemical_parameter":"","chemical_concentration":null,"source":"SIAGAS_MS_20260814","evidence_code":"E10"}},{"type":"Feature","geometry":{"type":"Point","coordinates":[-54.557335999999964,-20.39719699999995]},"properties":{"well_id":"3500072064","municipality":"Campo Grande","aquifer":"","available_fields":"pH | CONDUTIVIDADE_ELETRICA | Solidos dissolvidos totais","available_count":3,"pH":6.78000021,"electrical_conductivity":140.7,"temperature":null,"chemical_parameter":"Solidos dissolvidos totais","chemical_concentration":62.0,"source":"SIAGAS_MS_20260814","evidence_code":"E10"}},{"type":"Feature","geometry":{"type":"Point","coordinates":[-57.59269199999994,-19.291641999999968]},"properties":{"well_id":"3500072751","municipality":"Corumbá","aquifer":"","available_fields":"pH | CONDUTIVIDADE_ELETRICA | TEMPERATURA | Solidos dissolvidos totais","available_count":4,"pH":7.19000006,"electrical_conductivity":353.6,"temperature":29.0,"chemical_parameter":"Solidos dissolvidos totais","chemical_concentration":268.0,"source":"SIAGAS_MS_20260814","evidence_code":"E10"}},{"type":"Feature","geometry":{"type":"Point","coordinates":[-55.34106899999995,-20.96533599999998]},"properties":{"well_id":"3500072461","municipality":"Dois Irmãos do Buriti","aquifer":"","available_fields":"pH | CONDUTIVIDADE_ELETRICA | Solidos dissolvidos totais","available_count":3,"pH":7.07999992,"electrical_conductivity":223.01,"temperature":null,"chemical_parameter":"Solidos dissolvidos totais","chemical_concentration":26.0,"source":"SIAGAS_MS_20260814","evidence_code":"E10"}},{"type":"Feature","geometry":{"type":"Point","coordinates":[-54.21763299999998,-22.39104999999995]},"properties":{"well_id":"3500073697","municipality":"Glória de Dourados","aquifer":"","available_fields":"pH | CONDUTIVIDADE_ELETRICA | TEMPERATURA | Solidos dissolvidos totais","available_count":4,"pH":6.5999999,"electrical_conductivity":82.0,"temperature":18.0,"chemical_parameter":"Solidos dissolvidos totais","chemical_concentration":53.3,"source":"SIAGAS_MS_20260814","evidence_code":"E10"}},{"type":"Feature","geometry":{"type":"Point","coordinates":[-51.10813099999996,-20.05683099999993]},"properties":{"well_id":"3500073844","municipality":"Aparecida do Taboado","aquifer":"","available_fields":"pH | TEMPERATURA | Solidos dissolvidos totais","available_count":3,"pH":6.30000019,"electrical_conductivity":null,"temperature":22.0,"chemical_parameter":"Solidos dissolvidos totais","chemical_concentration":4.0,"source":"SIAGAS_MS_20260814","evidence_code":"E10"}},{"type":"Feature","geometry":{"type":"Point","coordinates":[-55.62898599999994,-20.480946999999958]},"properties":{"well_id":"3500072054","municipality":"Aquidauana","aquifer":"","available_fields":"pH | CONDUTIVIDADE_ELETRICA | Solidos dissolvidos totais","available_count":3,"pH":5.9000001,"electrical_conductivity":45.0,"temperature":null,"chemical_parameter":"Solidos dissolvidos totais","chemical_concentration":68.9,"source":"SIAGAS_MS_20260814","evidence_code":"E10"}},{"type":"Feature","geometry":{"type":"Point","coordinates":[-51.66515599999997,-20.748188999999968]},"properties":{"well_id":"3500073563","municipality":"Três Lagoas","aquifer":"Bauru","available_fields":"pH | TEMPERATURA | Solidos dissolvidos totais","available_count":3,"pH":6.0,"electrical_conductivity":null,"temperature":27.0,"chemical_parameter":"Solidos dissolvidos totais","chemical_concentration":13.0,"source":"SIAGAS_MS_20260814","evidence_code":"E10"}},{"type":"Feature","geometry":{"type":"Point","coordinates":[-54.63151099999993,-20.467574999999954]},"properties":{"well_id":"3500073561","municipality":"Campo Grande","aquifer":"Serra geral","available_fields":"pH | TEMPERATURA | Solidos dissolvidos totais","available_count":3,"pH":7.44999981,"electrical_conductivity":null,"temperature":27.0,"chemical_parameter":"Solidos dissolvidos totais","chemical_concentration":120.0,"source":"SIAGAS_MS_20260814","evidence_code":"E10"}},{"type":"Feature","geometry":{"type":"Point","coordinates":[-54.21391699999998,-22.390555999999947]},"properties":{"well_id":"3500073599","municipality":"Glória de Dourados","aquifer":"Bauru","available_fields":"pH | CONDUTIVIDADE_ELETRICA | TEMPERATURA | Solidos dissolvidos totais","available_count":4,"pH":5.19999981,"electrical_conductivity":11.95,"temperature":23.0,"chemical_parameter":"Solidos dissolvidos totais","chemical_concentration":25.0,"source":"SIAGAS_MS_20260814","evidence_code":"E10"}},{"type":"Feature","geometry":{"type":"Point","coordinates":[-54.56444399999998,-20.631388999999956]},"properties":{"well_id":"3500045700","municipality":"Campo Grande","aquifer":"Serra geral","available_fields":"pH | TEMPERATURA | TURBIDEZ","available_count":3,"pH":7.0,"electrical_conductivity":null,"temperature":23.0,"chemical_parameter":"","chemical_concentration":null,"source":"SIAGAS_MS_20260814","evidence_code":"E10"}},{"type":"Feature","geometry":{"type":"Point","coordinates":[-54.44034999999997,-19.53835799999996]},"properties":{"well_id":"3500073618","municipality":"São Gabriel do Oeste","aquifer":"Botucatu","available_fields":"pH | CONDUTIVIDADE_ELETRICA | TEMPERATURA | Solidos dissolvidos totais","available_count":4,"pH":8.19999981,"electrical_conductivity":100.0,"temperature":24.0,"chemical_parameter":"Solidos dissolvidos totais","chemical_concentration":50.0,"source":"SIAGAS_MS_20260814","evidence_code":"E10"}},{"type":"Feature","geometry":{"type":"Point","coordinates":[-54.97286699999995,-21.035488999999927]},"properties":{"well_id":"3500073632","municipality":"Sidrolândia","aquifer":"Serra geral","available_fields":"pH | CONDUTIVIDADE_ELETRICA | TEMPERATURA | Solidos dissolvidos totais","available_count":4,"pH":6.19999981,"electrical_conductivity":111.7,"temperature":26.5,"chemical_parameter":"Solidos dissolvidos totais","chemical_concentration":175.0,"source":"SIAGAS_MS_20260814","evidence_code":"E10"}},{"type":"Feature","geometry":{"type":"Point","coordinates":[-54.97319199999998,-21.033721999999955]},"properties":{"well_id":"3500073631","municipality":"Sidrolândia","aquifer":"Serra geral","available_fields":"pH | CONDUTIVIDADE_ELETRICA | TEMPERATURA | Solidos dissolvidos totais","available_count":4,"pH":6.0999999,"electrical_conductivity":111.7,"temperature":26.5,"chemical_parameter":"Solidos dissolvidos totais","chemical_concentration":175.0,"source":"SIAGAS_MS_20260814","evidence_code":"E10"}},{"type":"Feature","geometry":{"type":"Point","coordinates":[-54.899388999999985,-20.347860999999966]},"properties":{"well_id":"3500073647","municipality":"Terenos","aquifer":"Serra geral","available_fields":"pH | CONDUTIVIDADE_ELETRICA | TEMPERATURA | Solidos dissolvidos totais","available_count":4,"pH":7.30000019,"electrical_conductivity":162.0,"temperature":24.2000008,"chemical_parameter":"Solidos dissolvidos totais","chemical_concentration":208.0,"source":"SIAGAS_MS_20260814","evidence_code":"E10"}},{"type":"Feature","geometry":{"type":"Point","coordinates":[-52.77723599999996,-20.61924199999993]},"properties":{"well_id":"3500073650","municipality":"Brasilândia","aquifer":"Bauru","available_fields":"pH | CONDUTIVIDADE_ELETRICA | TEMPERATURA | Solidos dissolvidos totais","available_count":4,"pH":6.80000019,"electrical_conductivity":9.0,"temperature":25.0,"chemical_parameter":"Solidos dissolvidos totais","chemical_concentration":10.0,"source":"SIAGAS_MS_20260814","evidence_code":"E10"}},{"type":"Feature","geometry":{"type":"Point","coordinates":[-53.90052199999997,-22.60933099999994]},"properties":{"well_id":"3500073659","municipality":"Novo Horizonte do Sul","aquifer":"Bauru","available_fields":"pH | CONDUTIVIDADE_ELETRICA | TEMPERATURA | Solidos dissolvidos totais","available_count":4,"pH":7.59000015,"electrical_conductivity":31.82,"temperature":19.0,"chemical_parameter":"Solidos dissolvidos totais","chemical_concentration":20.68,"source":"SIAGAS_MS_20260814","evidence_code":"E10"}},{"type":"Feature","geometry":{"type":"Point","coordinates":[-51.846518999999944,-19.76264699999996]},"properties":{"well_id":"3500073664","municipality":"Inocência","aquifer":"Bauru","available_fields":"pH | CONDUTIVIDADE_ELETRICA | TEMPERATURA | Solidos dissolvidos totais","available_count":4,"pH":6.0,"electrical_conductivity":54.6,"temperature":24.0,"chemical_parameter":"Solidos dissolvidos totais","chemical_concentration":99.0,"source":"SIAGAS_MS_20260814","evidence_code":"E10"}},{"type":"Feature","geometry":{"type":"Point","coordinates":[-54.28209399999997,-23.78277799999995]},"properties":{"well_id":"3500073661","municipality":"Eldorado","aquifer":"Bauru","available_fields":"pH | CONDUTIVIDADE_ELETRICA | TEMPERATURA | Solidos dissolvidos totais","available_count":4,"pH":6.0,"electrical_conductivity":38.7,"temperature":19.7999992,"chemical_parameter":"Solidos dissolvidos totais","chemical_concentration":43.0,"source":"SIAGAS_MS_20260814","evidence_code":"E10"}},{"type":"Feature","geometry":{"type":"Point","coordinates":[-52.87658299999998,-20.444082999999978]},"properties":{"well_id":"3500073667","municipality":"Água Clara","aquifer":"Bauru","available_fields":"pH | CONDUTIVIDADE_ELETRICA | TEMPERATURA | Solidos dissolvidos totais","available_count":4,"pH":8.46000004,"electrical_conductivity":126.8,"temperature":21.0,"chemical_parameter":"Solidos dissolvidos totais","chemical_concentration":83.0,"source":"SIAGAS_MS_20260814","evidence_code":"E10"}},{"type":"Feature","geometry":{"type":"Point","coordinates":[-54.77313299999997,-22.222782999999936]},"properties":{"well_id":"3500073671","municipality":"Dourados","aquifer":"Serra geral","available_fields":"pH | CONDUTIVIDADE_ELETRICA | TEMPERATURA | Solidos dissolvidos totais","available_count":4,"pH":6.32000017,"electrical_conductivity":109.33,"temperature":33.0,"chemical_parameter":"Solidos dissolvidos totais","chemical_concentration":46.0,"source":"SIAGAS_MS_20260814","evidence_code":"E10"}},{"type":"Feature","geometry":{"type":"Point","coordinates":[-54.05005799999998,-23.181366999999966]},"properties":{"well_id":"3500073679","municipality":"Itaquiraí","aquifer":"Bauru","available_fields":"pH | CONDUTIVIDADE_ELETRICA | TEMPERATURA | Solidos dissolvidos totais","available_count":4,"pH":4.11000013,"electrical_conductivity":12.2,"temperature":24.0,"chemical_parameter":"Solidos dissolvidos totais","chemical_concentration":8.0,"source":"SIAGAS_MS_20260814","evidence_code":"E10"}},{"type":"Feature","geometry":{"type":"Point","coordinates":[-54.72330599999998,-20.46961099999993]},"properties":{"well_id":"3500073693","municipality":"Campo Grande","aquifer":"Serra geral","available_fields":"pH | CONDUTIVIDADE_ELETRICA | TEMPERATURA | Solidos dissolvidos totais","available_count":4,"pH":6.6500001,"electrical_conductivity":45.5,"temperature":25.5,"chemical_parameter":"Solidos dissolvidos totais","chemical_concentration":95.0,"source":"SIAGAS_MS_20260814","evidence_code":"E10"}},{"type":"Feature","geometry":{"type":"Point","coordinates":[-55.829691999999966,-21.158091999999954]},"properties":{"well_id":"3500073701","municipality":"Nioaque","aquifer":"Botucatu","available_fields":"pH | CONDUTIVIDADE_ELETRICA | TEMPERATURA | Solidos dissolvidos totais","available_count":4,"pH":6.0999999,"electrical_conductivity":0.24000000000000002,"temperature":24.5,"chemical_parameter":"Solidos dissolvidos totais","chemical_concentration":301.0,"source":"SIAGAS_MS_20260814","evidence_code":"E10"}},{"type":"Feature","geometry":{"type":"Point","coordinates":[-54.73133299999995,-22.065332999999953]},"properties":{"well_id":"3500073707","municipality":"Itaporã","aquifer":"Serra geral","available_fields":"pH | CONDUTIVIDADE_ELETRICA | TEMPERATURA | Solidos dissolvidos totais","available_count":4,"pH":5.5999999,"electrical_conductivity":211.0,"temperature":24.0,"chemical_parameter":"Solidos dissolvidos totais","chemical_concentration":137.2,"source":"SIAGAS_MS_20260814","evidence_code":"E10"}},{"type":"Feature","geometry":{"type":"Point","coordinates":[-55.162305999999944,-21.635888999999963]},"properties":{"well_id":"3500073710","municipality":"Maracaju","aquifer":"Serra geral","available_fields":"pH | CONDUTIVIDADE_ELETRICA | TEMPERATURA | Solidos dissolvidos totais","available_count":4,"pH":6.32999992,"electrical_conductivity":245.2,"temperature":23.0,"chemical_parameter":"Solidos dissolvidos totais","chemical_concentration":142.7,"source":"SIAGAS_MS_20260814","evidence_code":"E10"}},{"type":"Feature","geometry":{"type":"Point","coordinates":[-54.53485299999994,-20.468910999999935]},"properties":{"well_id":"3500073731","municipality":"Campo Grande","aquifer":"Bauru","available_fields":"pH | CONDUTIVIDADE_ELETRICA | Solidos dissolvidos totais","available_count":3,"pH":5.17999983,"electrical_conductivity":8.4,"temperature":null,"chemical_parameter":"Solidos dissolvidos totais","chemical_concentration":87.0,"source":"SIAGAS_MS_20260814","evidence_code":"E10"}},{"type":"Feature","geometry":{"type":"Point","coordinates":[-54.62688899999995,-20.46599999999995]},"properties":{"well_id":"3500073737","municipality":"Campo Grande","aquifer":"Serra geral","available_fields":"pH | CONDUTIVIDADE_ELETRICA | TEMPERATURA | Solidos dissolvidos totais","available_count":4,"pH":7.0999999,"electrical_conductivity":176.4,"temperature":24.0,"chemical_parameter":"Solidos dissolvidos totais","chemical_concentration":166.0,"source":"SIAGAS_MS_20260814","evidence_code":"E10"}},{"type":"Feature","geometry":{"type":"Point","coordinates":[-54.57679699999994,-20.44691899999998]},"properties":{"well_id":"3500073743","municipality":"Campo Grande","aquifer":"Serra geral","available_fields":"pH | TEMPERATURA | Solidos dissolvidos totais","available_count":3,"pH":6.5,"electrical_conductivity":null,"temperature":27.0,"chemical_parameter":"Solidos dissolvidos totais","chemical_concentration":27.0,"source":"SIAGAS_MS_20260814","evidence_code":"E10"}},{"type":"Feature","geometry":{"type":"Point","coordinates":[-54.260099999999966,-22.50019999999995]},"properties":{"well_id":"3500073784","municipality":"Jateí","aquifer":"Bauru","available_fields":"pH | TEMPERATURA | Solidos dissolvidos totais","available_count":3,"pH":6.9000001,"electrical_conductivity":null,"temperature":18.0,"chemical_parameter":"Solidos dissolvidos totais","chemical_concentration":52.4,"source":"SIAGAS_MS_20260814","evidence_code":"E10"}},{"type":"Feature","geometry":{"type":"Point","coordinates":[-54.66916699999996,-21.84583299999997]},"properties":{"well_id":"3500073782","municipality":"Rio Brilhante","aquifer":"Serra geral","available_fields":"pH | CONDUTIVIDADE_ELETRICA | TEMPERATURA | Solidos dissolvidos totais","available_count":4,"pH":7.21000004,"electrical_conductivity":106.7,"temperature":23.0,"chemical_parameter":"Solidos dissolvidos totais","chemical_concentration":69.0,"source":"SIAGAS_MS_20260814","evidence_code":"E10"}},{"type":"Feature","geometry":{"type":"Point","coordinates":[-54.16637199999997,-22.490902999999946]},"properties":{"well_id":"3500073788","municipality":"Glória de Dourados","aquifer":"Bauru","available_fields":"pH | CONDUTIVIDADE_ELETRICA | TEMPERATURA | Solidos dissolvidos totais","available_count":4,"pH":6.9000001,"electrical_conductivity":37.7,"temperature":25.0,"chemical_parameter":"Solidos dissolvidos totais","chemical_concentration":24.5,"source":"SIAGAS_MS_20260814","evidence_code":"E10"}},{"type":"Feature","geometry":{"type":"Point","coordinates":[-54.74916699999994,-22.393055999999945]},"properties":{"well_id":"3500073774","municipality":"Dourados","aquifer":"Serra geral","available_fields":"pH | CONDUTIVIDADE_ELETRICA | TEMPERATURA | Solidos dissolvidos totais","available_count":4,"pH":6.61999989,"electrical_conductivity":60.8,"temperature":23.0,"chemical_parameter":"Solidos dissolvidos totais","chemical_concentration":39.52,"source":"SIAGAS_MS_20260814","evidence_code":"E10"}},{"type":"Feature","geometry":{"type":"Point","coordinates":[-54.174455999999964,-23.414318999999978]},"properties":{"well_id":"3500073777","municipality":"Itaquiraí","aquifer":"Bauru","available_fields":"pH | CONDUTIVIDADE_ELETRICA | TEMPERATURA | Solidos dissolvidos totais","available_count":4,"pH":7.15999985,"electrical_conductivity":37.27,"temperature":23.7000008,"chemical_parameter":"Solidos dissolvidos totais","chemical_concentration":11.0,"source":"SIAGAS_MS_20260814","evidence_code":"E10"}},{"type":"Feature","geometry":{"type":"Point","coordinates":[-53.81075599999997,-22.13986099999994]},"properties":{"well_id":"3500073798","municipality":"Angélica","aquifer":"Bauru","available_fields":"pH | CONDUTIVIDADE_ELETRICA | TEMPERATURA | Solidos dissolvidos totais","available_count":4,"pH":6.01999998,"electrical_conductivity":38.7,"temperature":25.0,"chemical_parameter":"Solidos dissolvidos totais","chemical_concentration":59.0,"source":"SIAGAS_MS_20260814","evidence_code":"E10"}},{"type":"Feature","geometry":{"type":"Point","coordinates":[-54.36140299999994,-22.533077999999932]},"properties":{"well_id":"3500073817","municipality":"Jateí","aquifer":"Bauru","available_fields":"pH | CONDUTIVIDADE_ELETRICA | TEMPERATURA | Solidos dissolvidos totais","available_count":4,"pH":6.4000001,"electrical_conductivity":92.4,"temperature":24.0,"chemical_parameter":"Solidos dissolvidos totais","chemical_concentration":62.3,"source":"SIAGAS_MS_20260814","evidence_code":"E10"}},{"type":"Feature","geometry":{"type":"Point","coordinates":[-54.871418999999946,-22.500088999999946]},"properties":{"well_id":"3500073840","municipality":"Caarapó","aquifer":"Serra geral","available_fields":"pH | TEMPERATURA | Solidos dissolvidos totais","available_count":3,"pH":6.03000021,"electrical_conductivity":null,"temperature":23.0,"chemical_parameter":"Solidos dissolvidos totais","chemical_concentration":56.0,"source":"SIAGAS_MS_20260814","evidence_code":"E10"}},{"type":"Feature","geometry":{"type":"Point","coordinates":[-54.565638999999976,-19.267702999999926]},"properties":{"well_id":"3500073858","municipality":"São Gabriel do Oeste","aquifer":"Botucatu","available_fields":"pH | CONDUTIVIDADE_ELETRICA | TEMPERATURA | Solidos dissolvidos totais","available_count":4,"pH":5.0,"electrical_conductivity":0.2,"temperature":24.0,"chemical_parameter":"Solidos dissolvidos totais","chemical_concentration":0.5,"source":"SIAGAS_MS_20260814","evidence_code":"E10"}},{"type":"Feature","geometry":{"type":"Point","coordinates":[-52.663224999999954,-22.17349699999994]},"properties":{"well_id":"3500073871","municipality":"Anaurilândia","aquifer":"Bauru","available_fields":"pH | CONDUTIVIDADE_ELETRICA | TEMPERATURA | Solidos dissolvidos totais","available_count":4,"pH":6.0,"electrical_conductivity":3.72,"temperature":24.0,"chemical_parameter":"Solidos dissolvidos totais","chemical_concentration":2.42,"source":"SIAGAS_MS_20260814","evidence_code":"E10"}},{"type":"Feature","geometry":{"type":"Point","coordinates":[-54.33934999999997,-22.42441699999995]},"properties":{"well_id":"3500073879","municipality":"Glória de Dourados","aquifer":"Serra geral","available_fields":"pH | CONDUTIVIDADE_ELETRICA | TEMPERATURA | Solidos dissolvidos totais","available_count":4,"pH":6.78000021,"electrical_conductivity":88.2,"temperature":14.0,"chemical_parameter":"Solidos dissolvidos totais","chemical_concentration":53.4,"source":"SIAGAS_MS_20260814","evidence_code":"E10"}},{"type":"Feature","geometry":{"type":"Point","coordinates":[-54.612221999999974,-20.45999999999998]},"properties":{"well_id":"3500073891","municipality":"Campo Grande","aquifer":"Serra geral","available_fields":"pH | CONDUTIVIDADE_ELETRICA | TEMPERATURA | Solidos dissolvidos totais","available_count":4,"pH":6.38999987,"electrical_conductivity":268.0,"temperature":24.2999992,"chemical_parameter":"Solidos dissolvidos totais","chemical_concentration":320.0,"source":"SIAGAS_MS_20260814","evidence_code":"E10"}},{"type":"Feature","geometry":{"type":"Point","coordinates":[-51.98030799999998,-21.17975599999994]},"properties":{"well_id":"3500073909","municipality":"Brasilândia","aquifer":"Bauru","available_fields":"pH | CONDUTIVIDADE_ELETRICA | TEMPERATURA | Solidos dissolvidos totais","available_count":4,"pH":7.19999981,"electrical_conductivity":24.4,"temperature":25.2000008,"chemical_parameter":"Solidos dissolvidos totais","chemical_concentration":8.0,"source":"SIAGAS_MS_20260814","evidence_code":"E10"}},{"type":"Feature","geometry":{"type":"Point","coordinates":[-51.79361699999998,-20.658338999999955]},"properties":{"well_id":"3500073908","municipality":"Três Lagoas","aquifer":"Bauru","available_fields":"pH | CONDUTIVIDADE_ELETRICA | TEMPERATURA | Solidos dissolvidos totais","available_count":4,"pH":7.5,"electrical_conductivity":149.4,"temperature":26.0,"chemical_parameter":"Solidos dissolvidos totais","chemical_concentration":75.0,"source":"SIAGAS_MS_20260814","evidence_code":"E10"}},{"type":"Feature","geometry":{"type":"Point","coordinates":[-54.19480599999997,-23.041682999999978]},"properties":{"well_id":"3500073914","municipality":"Naviraí","aquifer":"Bauru","available_fields":"pH | CONDUTIVIDADE_ELETRICA | TEMPERATURA | Solidos dissolvidos totais","available_count":4,"pH":5.15999985,"electrical_conductivity":13.83,"temperature":20.0,"chemical_parameter":"Solidos dissolvidos totais","chemical_concentration":8.98,"source":"SIAGAS_MS_20260814","evidence_code":"E10"}},{"type":"Feature","geometry":{"type":"Point","coordinates":[-54.74971399999998,-22.23183899999998]},"properties":{"well_id":"3500073925","municipality":"Dourados","aquifer":"Serra geral","available_fields":"pH | CONDUTIVIDADE_ELETRICA | TEMPERATURA | Solidos dissolvidos totais","available_count":4,"pH":5.78000021,"electrical_conductivity":96.9,"temperature":19.0,"chemical_parameter":"Solidos dissolvidos totais","chemical_concentration":110.0,"source":"SIAGAS_MS_20260814","evidence_code":"E10"}},{"type":"Feature","geometry":{"type":"Point","coordinates":[-54.13001399999996,-23.026824999999974]},"properties":{"well_id":"3500073930","municipality":"Naviraí","aquifer":"Bauru","available_fields":"pH | CONDUTIVIDADE_ELETRICA | Solidos dissolvidos totais","available_count":3,"pH":5.48999977,"electrical_conductivity":15.52,"temperature":null,"chemical_parameter":"Solidos dissolvidos totais","chemical_concentration":9.0,"source":"SIAGAS_MS_20260814","evidence_code":"E10"}},{"type":"Feature","geometry":{"type":"Point","coordinates":[-54.25077799999997,-22.41111099999995]},"properties":{"well_id":"3500073937","municipality":"Glória de Dourados","aquifer":"Bauru","available_fields":"pH | CONDUTIVIDADE_ELETRICA | TEMPERATURA | Solidos dissolvidos totais","available_count":4,"pH":6.0,"electrical_conductivity":26.8,"temperature":22.0,"chemical_parameter":"Solidos dissolvidos totais","chemical_concentration":34.0,"source":"SIAGAS_MS_20260814","evidence_code":"E10"}},{"type":"Feature","geometry":{"type":"Point","coordinates":[-54.677682999999945,-22.66058099999998]},"properties":{"well_id":"3500073940","municipality":"Juti","aquifer":"Bauru","available_fields":"pH | CONDUTIVIDADE_ELETRICA | TEMPERATURA | Solidos dissolvidos totais","available_count":4,"pH":6.6500001,"electrical_conductivity":54.76,"temperature":23.0,"chemical_parameter":"Solidos dissolvidos totais","chemical_concentration":23.0,"source":"SIAGAS_MS_20260814","evidence_code":"E10"}},{"type":"Feature","geometry":{"type":"Point","coordinates":[-52.40323099999995,-21.706391999999937]},"properties":{"well_id":"3500073946","municipality":"Bataguassu","aquifer":"Bauru","available_fields":"pH | CONDUTIVIDADE_ELETRICA | TEMPERATURA | Solidos dissolvidos totais","available_count":4,"pH":5.53000021,"electrical_conductivity":22.2,"temperature":14.0,"chemical_parameter":"Solidos dissolvidos totais","chemical_concentration":50.0,"source":"SIAGAS_MS_20260814","evidence_code":"E10"}},{"type":"Feature","geometry":{"type":"Point","coordinates":[-54.52461699999998,-21.775793999999962]},"properties":{"well_id":"3500073001","municipality":"Rio Brilhante","aquifer":"Serra geral","available_fields":"pH | CONDUTIVIDADE_ELETRICA | TEMPERATURA | Solidos dissolvidos totais","available_count":4,"pH":7.0,"electrical_conductivity":156.0,"temperature":24.0,"chemical_parameter":"Solidos dissolvidos totais","chemical_concentration":110.0,"source":"SIAGAS_MS_20260814","evidence_code":"E10"}},{"type":"Feature","geometry":{"type":"Point","coordinates":[-52.919716999999935,-18.769405999999947]},"properties":{"well_id":"3500072951","municipality":"Chapadão do Sul","aquifer":"Bauru","available_fields":"pH | CONDUTIVIDADE_ELETRICA | Solidos dissolvidos totais","available_count":3,"pH":4.88999987,"electrical_conductivity":6.87,"temperature":null,"chemical_parameter":"Solidos dissolvidos totais","chemical_concentration":1.0,"source":"SIAGAS_MS_20260814","evidence_code":"E10"}},{"type":"Feature","geometry":{"type":"Point","coordinates":[-54.81623599999995,-22.27550599999995]},"properties":{"well_id":"3500072906","municipality":"Dourados","aquifer":"Serra geral","available_fields":"pH | TEMPERATURA | Solidos dissolvidos totais","available_count":3,"pH":7.96000004,"electrical_conductivity":null,"temperature":24.7999992,"chemical_parameter":"Solidos dissolvidos totais","chemical_concentration":204.0,"source":"SIAGAS_MS_20260814","evidence_code":"E10"}},{"type":"Feature","geometry":{"type":"Point","coordinates":[-54.61560599999996,-20.40119199999998]},"properties":{"well_id":"3500072891","municipality":"Campo Grande","aquifer":"Serra geral","available_fields":"pH | TEMPERATURA | Solidos dissolvidos totais","available_count":3,"pH":6.5,"electrical_conductivity":null,"temperature":24.5,"chemical_parameter":"Solidos dissolvidos totais","chemical_concentration":356.0,"source":"SIAGAS_MS_20260814","evidence_code":"E10"}},{"type":"Feature","geometry":{"type":"Point","coordinates":[-52.68493099999995,-21.028516999999965]},"properties":{"well_id":"3500072880","municipality":"Brasilândia","aquifer":"Bauru","available_fields":"pH | TEMPERATURA | Solidos dissolvidos totais","available_count":3,"pH":7.19999981,"electrical_conductivity":null,"temperature":25.7999992,"chemical_parameter":"Solidos dissolvidos totais","chemical_concentration":25.8,"source":"SIAGAS_MS_20260814","evidence_code":"E10"}},{"type":"Feature","geometry":{"type":"Point","coordinates":[-54.73807199999993,-20.501893999999936]},"properties":{"well_id":"3500072833","municipality":"Campo Grande","aquifer":"Serra geral","available_fields":"pH | TEMPERATURA | Solidos dissolvidos totais","available_count":3,"pH":6.76000023,"electrical_conductivity":null,"temperature":27.7000008,"chemical_parameter":"Solidos dissolvidos totais","chemical_concentration":34.0,"source":"SIAGAS_MS_20260814","evidence_code":"E10"}},{"type":"Feature","geometry":{"type":"Point","coordinates":[-55.06363299999998,-20.969649999999945]},"properties":{"well_id":"3500072821","municipality":"Sidrolândia","aquifer":"Serra geral","available_fields":"pH | CONDUTIVIDADE_ELETRICA | TEMPERATURA | Solidos dissolvidos totais","available_count":4,"pH":6.80000019,"electrical_conductivity":110.0,"temperature":25.0,"chemical_parameter":"Solidos dissolvidos totais","chemical_concentration":30.0,"source":"SIAGAS_MS_20260814","evidence_code":"E10"}},{"type":"Feature","geometry":{"type":"Point","coordinates":[-55.29336099999995,-20.72338899999994]},"properties":{"well_id":"3500072815","municipality":"Dois Irmãos do Buriti","aquifer":"Serra geral","available_fields":"pH | CONDUTIVIDADE_ELETRICA | TEMPERATURA | Solidos dissolvidos totais","available_count":4,"pH":6.76000023,"electrical_conductivity":234.6,"temperature":18.0,"chemical_parameter":"Solidos dissolvidos totais","chemical_concentration":250.0,"source":"SIAGAS_MS_20260814","evidence_code":"E10"}},{"type":"Feature","geometry":{"type":"Point","coordinates":[-54.680571999999984,-20.46873899999997]},"properties":{"well_id":"3500072773","municipality":"Campo Grande","aquifer":"Serra geral","available_fields":"pH | CONDUTIVIDADE_ELETRICA | TEMPERATURA | Solidos dissolvidos totais","available_count":4,"pH":6.63000011,"electrical_conductivity":47.03,"temperature":27.5,"chemical_parameter":"Solidos dissolvidos totais","chemical_concentration":64.0,"source":"SIAGAS_MS_20260814","evidence_code":"E10"}},{"type":"Feature","geometry":{"type":"Point","coordinates":[-54.61069399999997,-20.44999699999994]},"properties":{"well_id":"3500072753","municipality":"Campo Grande","aquifer":"Serra geral","available_fields":"pH | CONDUTIVIDADE_ELETRICA | TEMPERATURA | Solidos dissolvidos totais","available_count":4,"pH":7.36000013,"electrical_conductivity":213.0,"temperature":26.0,"chemical_parameter":"Solidos dissolvidos totais","chemical_concentration":173.0,"source":"SIAGAS_MS_20260814","evidence_code":"E10"}},{"type":"Feature","geometry":{"type":"Point","coordinates":[-52.80930799999993,-18.81110599999994]},"properties":{"well_id":"3500072749","municipality":"Chapadão do Sul","aquifer":"Bauru","available_fields":"pH | CONDUTIVIDADE_ELETRICA | TEMPERATURA | Solidos dissolvidos totais","available_count":4,"pH":5.51000023,"electrical_conductivity":76.8,"temperature":22.0,"chemical_parameter":"Solidos dissolvidos totais","chemical_concentration":12.0,"source":"SIAGAS_MS_20260814","evidence_code":"E10"}},{"type":"Feature","geometry":{"type":"Point","coordinates":[-54.59258599999998,-20.545927999999947]},"properties":{"well_id":"3500072733","municipality":"Campo Grande","aquifer":"Serra geral","available_fields":"pH | Solidos dissolvidos totais","available_count":2,"pH":6.5,"electrical_conductivity":null,"temperature":null,"chemical_parameter":"Solidos dissolvidos totais","chemical_concentration":105.0,"source":"SIAGAS_MS_20260814","evidence_code":"E10"}},{"type":"Feature","geometry":{"type":"Point","coordinates":[-51.72273099999995,-20.795402999999965]},"properties":{"well_id":"3500072727","municipality":"Três Lagoas","aquifer":"Bauru","available_fields":"pH | Solidos dissolvidos totais","available_count":2,"pH":6.30000019,"electrical_conductivity":null,"temperature":null,"chemical_parameter":"Solidos dissolvidos totais","chemical_concentration":50.2,"source":"SIAGAS_MS_20260814","evidence_code":"E10"}},{"type":"Feature","geometry":{"type":"Point","coordinates":[-54.32780599999995,-19.25202799999994]},"properties":{"well_id":"3500072711","municipality":"São Gabriel do Oeste","aquifer":"Botucatu","available_fields":"pH | CONDUTIVIDADE_ELETRICA | TEMPERATURA | Solidos dissolvidos totais","available_count":4,"pH":6.19999981,"electrical_conductivity":34.0,"temperature":26.0,"chemical_parameter":"Solidos dissolvidos totais","chemical_concentration":0.5,"source":"SIAGAS_MS_20260814","evidence_code":"E10"}},{"type":"Feature","geometry":{"type":"Point","coordinates":[-54.55173099999996,-20.884360999999956]},"properties":{"well_id":"3500072702","municipality":"Campo Grande","aquifer":"Serra geral","available_fields":"pH | Solidos dissolvidos totais","available_count":2,"pH":6.23000002,"electrical_conductivity":null,"temperature":null,"chemical_parameter":"Solidos dissolvidos totais","chemical_concentration":122.0,"source":"SIAGAS_MS_20260814","evidence_code":"E10"}},{"type":"Feature","geometry":{"type":"Point","coordinates":[-53.36065599999995,-19.875805999999955]},"properties":{"well_id":"3500072700","municipality":"Água Clara","aquifer":"Bauru","available_fields":"pH | CONDUTIVIDADE_ELETRICA | Solidos dissolvidos totais","available_count":3,"pH":7.09000015,"electrical_conductivity":90.5,"temperature":null,"chemical_parameter":"Solidos dissolvidos totais","chemical_concentration":111.0,"source":"SIAGAS_MS_20260814","evidence_code":"E10"}},{"type":"Feature","geometry":{"type":"Point","coordinates":[-54.73489699999993,-18.504385999999954]},"properties":{"well_id":"3500072659","municipality":"Coxim","aquifer":"Furnas","available_fields":"pH | CONDUTIVIDADE_ELETRICA | TEMPERATURA | Solidos dissolvidos totais","available_count":4,"pH":7.5999999,"electrical_conductivity":110.9,"temperature":18.0,"chemical_parameter":"Solidos dissolvidos totais","chemical_concentration":100.0,"source":"SIAGAS_MS_20260814","evidence_code":"E10"}},{"type":"Feature","geometry":{"type":"Point","coordinates":[-54.59617199999997,-20.494352999999933]},"properties":{"well_id":"3500072614","municipality":"Campo Grande","aquifer":"Serra geral","available_fields":"pH | CONDUTIVIDADE_ELETRICA | TEMPERATURA | Solidos dissolvidos totais","available_count":4,"pH":7.80000019,"electrical_conductivity":132.4,"temperature":23.0,"chemical_parameter":"Solidos dissolvidos totais","chemical_concentration":130.0,"source":"SIAGAS_MS_20260814","evidence_code":"E10"}},{"type":"Feature","geometry":{"type":"Point","coordinates":[-54.611268999999936,-20.46299199999993]},"properties":{"well_id":"3500072601","municipality":"Campo Grande","aquifer":"Serra geral","available_fields":"pH | CONDUTIVIDADE_ELETRICA | TEMPERATURA | Solidos dissolvidos totais","available_count":4,"pH":6.80000019,"electrical_conductivity":0.28,"temperature":23.2999992,"chemical_parameter":"Solidos dissolvidos totais","chemical_concentration":274.0,"source":"SIAGAS_MS_20260814","evidence_code":"E10"}},{"type":"Feature","geometry":{"type":"Point","coordinates":[-55.94352799999996,-22.196110999999974]},"properties":{"well_id":"3500072594","municipality":"Antônio João","aquifer":"Serra geral","available_fields":"pH | Solidos dissolvidos totais","available_count":2,"pH":5.5999999,"electrical_conductivity":null,"temperature":null,"chemical_parameter":"Solidos dissolvidos totais","chemical_concentration":94.9,"source":"SIAGAS_MS_20260814","evidence_code":"E10"}},{"type":"Feature","geometry":{"type":"Point","coordinates":[-54.55512199999998,-20.423835999999937]},"properties":{"well_id":"3500072528","municipality":"Campo Grande","aquifer":"Serra geral","available_fields":"pH | CONDUTIVIDADE_ELETRICA | TEMPERATURA | Solidos dissolvidos totais","available_count":4,"pH":6.9000001,"electrical_conductivity":154.0,"temperature":26.0,"chemical_parameter":"Solidos dissolvidos totais","chemical_concentration":167.0,"source":"SIAGAS_MS_20260814","evidence_code":"E10"}},{"type":"Feature","geometry":{"type":"Point","coordinates":[-53.89387799999997,-22.39474699999994]},"properties":{"well_id":"3500072433","municipality":"Ivinhema","aquifer":"Bauru","available_fields":"pH | CONDUTIVIDADE_ELETRICA | TEMPERATURA | Solidos dissolvidos totais","available_count":4,"pH":6.80000019,"electrical_conductivity":14.6,"temperature":28.0,"chemical_parameter":"Solidos dissolvidos totais","chemical_concentration":43.0,"source":"SIAGAS_MS_20260814","evidence_code":"E10"}},{"type":"Feature","geometry":{"type":"Point","coordinates":[-54.86568299999993,-20.504407999999955]},"properties":{"well_id":"3500072367","municipality":"Terenos","aquifer":"Serra geral","available_fields":"pH | CONDUTIVIDADE_ELETRICA | TEMPERATURA","available_count":3,"pH":6.9000001,"electrical_conductivity":87.4,"temperature":25.0,"chemical_parameter":"","chemical_concentration":null,"source":"SIAGAS_MS_20260814","evidence_code":"E10"}},{"type":"Feature","geometry":{"type":"Point","coordinates":[-54.748963999999944,-20.78638899999993]},"properties":{"well_id":"3500072353","municipality":"Sidrolândia","aquifer":"Serra geral","available_fields":"pH | CONDUTIVIDADE_ELETRICA | TEMPERATURA | Solidos dissolvidos totais","available_count":4,"pH":7.19999981,"electrical_conductivity":130.0,"temperature":27.0,"chemical_parameter":"Solidos dissolvidos totais","chemical_concentration":60.0,"source":"SIAGAS_MS_20260814","evidence_code":"E10"}},{"type":"Feature","geometry":{"type":"Point","coordinates":[-52.873088999999936,-20.42836099999994]},"properties":{"well_id":"3500072351","municipality":"Água Clara","aquifer":"Serra geral","available_fields":"pH | CONDUTIVIDADE_ELETRICA | TEMPERATURA | Solidos dissolvidos totais","available_count":4,"pH":6.30000019,"electrical_conductivity":122.1,"temperature":28.6000004,"chemical_parameter":"Solidos dissolvidos totais","chemical_concentration":105.0,"source":"SIAGAS_MS_20260814","evidence_code":"E10"}},{"type":"Feature","geometry":{"type":"Point","coordinates":[-54.72063899999995,-22.08858299999997]},"properties":{"well_id":"3500072345","municipality":"Itaporã","aquifer":"Serra geral","available_fields":"pH | CONDUTIVIDADE_ELETRICA | TEMPERATURA | Solidos dissolvidos totais","available_count":4,"pH":6.94999981,"electrical_conductivity":149.5,"temperature":23.0,"chemical_parameter":"Solidos dissolvidos totais","chemical_concentration":91.17,"source":"SIAGAS_MS_20260814","evidence_code":"E10"}},{"type":"Feature","geometry":{"type":"Point","coordinates":[-51.06641899999994,-20.08555599999994]},"properties":{"well_id":"3500072342","municipality":"Aparecida do Taboado","aquifer":"Serra geral","available_fields":"pH | CONDUTIVIDADE_ELETRICA | Solidos dissolvidos totais","available_count":3,"pH":9.85000038,"electrical_conductivity":863.0,"temperature":null,"chemical_parameter":"Solidos dissolvidos totais","chemical_concentration":693.0,"source":"SIAGAS_MS_20260814","evidence_code":"E10"}},{"type":"Feature","geometry":{"type":"Point","coordinates":[-51.063110999999935,-20.08583299999998]},"properties":{"well_id":"3500072330","municipality":"Aparecida do Taboado","aquifer":"Serra geral","available_fields":"pH | Solidos dissolvidos totais","available_count":2,"pH":9.84000015,"electrical_conductivity":null,"temperature":null,"chemical_parameter":"Solidos dissolvidos totais","chemical_concentration":490.0,"source":"SIAGAS_MS_20260814","evidence_code":"E10"}},{"type":"Feature","geometry":{"type":"Point","coordinates":[-54.737735999999984,-20.501357999999982]},"properties":{"well_id":"3500072301","municipality":"Campo Grande","aquifer":"Serra geral","available_fields":"pH | TEMPERATURA | Solidos dissolvidos totais","available_count":3,"pH":8.35999966,"electrical_conductivity":null,"temperature":28.6000004,"chemical_parameter":"Solidos dissolvidos totais","chemical_concentration":15.0,"source":"SIAGAS_MS_20260814","evidence_code":"E10"}},{"type":"Feature","geometry":{"type":"Point","coordinates":[-54.60909399999997,-20.460396999999944]},"properties":{"well_id":"3500072293","municipality":"Campo Grande","aquifer":"Serra geral","available_fields":"pH | TEMPERATURA | Solidos dissolvidos totais","available_count":3,"pH":8.80000019,"electrical_conductivity":null,"temperature":29.0,"chemical_parameter":"Solidos dissolvidos totais","chemical_concentration":203.0,"source":"SIAGAS_MS_20260814","evidence_code":"E10"}},{"type":"Feature","geometry":{"type":"Point","coordinates":[-55.44249999999994,-21.373332999999946]},"properties":{"well_id":"3500072270","municipality":"Maracaju","aquifer":"Botucatu","available_fields":"pH | TEMPERATURA | Solidos dissolvidos totais","available_count":3,"pH":7.59000015,"electrical_conductivity":null,"temperature":22.3999996,"chemical_parameter":"Solidos dissolvidos totais","chemical_concentration":60.79,"source":"SIAGAS_MS_20260814","evidence_code":"E10"}},{"type":"Feature","geometry":{"type":"Point","coordinates":[-54.69702799999993,-21.90502799999996]},"properties":{"well_id":"3500072268","municipality":"Itaporã","aquifer":"Serra geral","available_fields":"pH | CONDUTIVIDADE_ELETRICA | TEMPERATURA | Solidos dissolvidos totais","available_count":4,"pH":8.10000038,"electrical_conductivity":132.5,"temperature":24.7000008,"chemical_parameter":"Solidos dissolvidos totais","chemical_concentration":86.12,"source":"SIAGAS_MS_20260814","evidence_code":"E10"}},{"type":"Feature","geometry":{"type":"Point","coordinates":[-54.69198899999998,-22.160863999999947]},"properties":{"well_id":"3500072228","municipality":"Dourados","aquifer":"Serra geral","available_fields":"pH | TEMPERATURA | Solidos dissolvidos totais","available_count":3,"pH":6.5,"electrical_conductivity":null,"temperature":27.0,"chemical_parameter":"Solidos dissolvidos totais","chemical_concentration":175.0,"source":"SIAGAS_MS_20260814","evidence_code":"E10"}},{"type":"Feature","geometry":{"type":"Point","coordinates":[-51.14944399999996,-19.704166999999927]},"properties":{"well_id":"3500072222","municipality":"Paranaíba","aquifer":"Bauru","available_fields":"TEMPERATURA | Solidos dissolvidos totais","available_count":2,"pH":null,"electrical_conductivity":null,"temperature":21.0,"chemical_parameter":"Solidos dissolvidos totais","chemical_concentration":12.0,"source":"SIAGAS_MS_20260814","evidence_code":"E10"}},{"type":"Feature","geometry":{"type":"Point","coordinates":[-54.413607999999954,-20.04213599999997]},"properties":{"well_id":"3500072209","municipality":"Jaraguari","aquifer":"Serra geral","available_fields":"pH | CONDUTIVIDADE_ELETRICA | TEMPERATURA | Solidos dissolvidos totais","available_count":4,"pH":7.36999989,"electrical_conductivity":161.6,"temperature":26.5,"chemical_parameter":"Solidos dissolvidos totais","chemical_concentration":120.0,"source":"SIAGAS_MS_20260814","evidence_code":"E10"}},{"type":"Feature","geometry":{"type":"Point","coordinates":[-54.52638899999994,-19.45055599999995]},"properties":{"well_id":"3500072181","municipality":"São Gabriel do Oeste","aquifer":"Botucatu","available_fields":"pH | TEMPERATURA | Solidos dissolvidos totais","available_count":3,"pH":6.57999992,"electrical_conductivity":null,"temperature":27.8999996,"chemical_parameter":"Solidos dissolvidos totais","chemical_concentration":100.0,"source":"SIAGAS_MS_20260814","evidence_code":"E10"}},{"type":"Feature","geometry":{"type":"Point","coordinates":[-54.62202199999996,-20.469135999999935]},"properties":{"well_id":"3500072177","municipality":"Campo Grande","aquifer":"Serra geral","available_fields":"pH | CONDUTIVIDADE_ELETRICA | Solidos dissolvidos totais","available_count":3,"pH":7.84000015,"electrical_conductivity":551.0,"temperature":null,"chemical_parameter":"Solidos dissolvidos totais","chemical_concentration":340.0,"source":"SIAGAS_MS_20260814","evidence_code":"E10"}},{"type":"Feature","geometry":{"type":"Point","coordinates":[-54.854727999999966,-20.95294999999993]},"properties":{"well_id":"3500072142","municipality":"Sidrolândia","aquifer":"Botucatu","available_fields":"pH | CONDUTIVIDADE_ELETRICA | TEMPERATURA | Solidos dissolvidos totais","available_count":4,"pH":6.4000001,"electrical_conductivity":111.7,"temperature":26.5,"chemical_parameter":"Solidos dissolvidos totais","chemical_concentration":175.0,"source":"SIAGAS_MS_20260814","evidence_code":"E10"}},{"type":"Feature","geometry":{"type":"Point","coordinates":[-51.104938999999945,-20.105627999999967]},"properties":{"well_id":"3500072134","municipality":"Aparecida do Taboado","aquifer":"Bauru","available_fields":"pH | TEMPERATURA | Solidos dissolvidos totais","available_count":3,"pH":6.0,"electrical_conductivity":null,"temperature":30.0,"chemical_parameter":"Solidos dissolvidos totais","chemical_concentration":13.0,"source":"SIAGAS_MS_20260814","evidence_code":"E10"}},{"type":"Feature","geometry":{"type":"Point","coordinates":[-54.53524699999997,-21.795346999999936]},"properties":{"well_id":"3500072036","municipality":"Rio Brilhante","aquifer":"Serra geral","available_fields":"pH | CONDUTIVIDADE_ELETRICA | Solidos dissolvidos totais","available_count":3,"pH":5.5,"electrical_conductivity":219.0,"temperature":null,"chemical_parameter":"Solidos dissolvidos totais","chemical_concentration":202.0,"source":"SIAGAS_MS_20260814","evidence_code":"E10"}},{"type":"Feature","geometry":{"type":"Point","coordinates":[-54.92277799999994,-20.902221999999938]},"properties":{"well_id":"3500072032","municipality":"Sidrolândia","aquifer":"Serra geral","available_fields":"pH | Solidos dissolvidos totais","available_count":2,"pH":7.28000021,"electrical_conductivity":null,"temperature":null,"chemical_parameter":"Solidos dissolvidos totais","chemical_concentration":126.0,"source":"SIAGAS_MS_20260814","evidence_code":"E10"}},{"type":"Feature","geometry":{"type":"Point","coordinates":[-54.802885999999944,-22.36477199999996]},"properties":{"well_id":"3500072028","municipality":"Dourados","aquifer":"Botucatu","available_fields":"pH | CONDUTIVIDADE_ELETRICA | TEMPERATURA | Solidos dissolvidos totais","available_count":4,"pH":6.78999996,"electrical_conductivity":71.7,"temperature":34.5,"chemical_parameter":"Solidos dissolvidos totais","chemical_concentration":53.0,"source":"SIAGAS_MS_20260814","evidence_code":"E10"}},{"type":"Feature","geometry":{"type":"Point","coordinates":[-54.91999999999996,-20.902777999999955]},"properties":{"well_id":"3500072026","municipality":"Sidrolândia","aquifer":"Botucatu","available_fields":"pH | CONDUTIVIDADE_ELETRICA | TEMPERATURA | Solidos dissolvidos totais","available_count":4,"pH":7.28999996,"electrical_conductivity":124.3,"temperature":25.8999996,"chemical_parameter":"Solidos dissolvidos totais","chemical_concentration":131.0,"source":"SIAGAS_MS_20260814","evidence_code":"E10"}},{"type":"Feature","geometry":{"type":"Point","coordinates":[-55.58989199999996,-21.77769399999994]},"properties":{"well_id":"3500071968","municipality":"Maracaju","aquifer":"Serra geral","available_fields":"pH | TEMPERATURA | Solidos dissolvidos totais","available_count":3,"pH":7.03000021,"electrical_conductivity":null,"temperature":25.2000008,"chemical_parameter":"Solidos dissolvidos totais","chemical_concentration":87.0,"source":"SIAGAS_MS_20260814","evidence_code":"E10"}},{"type":"Feature","geometry":{"type":"Point","coordinates":[-54.69272199999995,-22.192249999999945]},"properties":{"well_id":"3500071958","municipality":"Dourados","aquifer":"Botucatu","available_fields":"pH | Solidos dissolvidos totais","available_count":2,"pH":8.19999981,"electrical_conductivity":null,"temperature":null,"chemical_parameter":"Solidos dissolvidos totais","chemical_concentration":151.4,"source":"SIAGAS_MS_20260814","evidence_code":"E10"}},{"type":"Feature","geometry":{"type":"Point","coordinates":[-55.69192499999997,-22.561441999999943]},"properties":{"well_id":"3500071935","municipality":"Ponta Porã","aquifer":"Botucatu","available_fields":"pH | CONDUTIVIDADE_ELETRICA | TEMPERATURA | Solidos dissolvidos totais","available_count":4,"pH":7.0,"electrical_conductivity":93.5,"temperature":33.0999985,"chemical_parameter":"Solidos dissolvidos totais","chemical_concentration":143.1,"source":"SIAGAS_MS_20260814","evidence_code":"E10"}},{"type":"Feature","geometry":{"type":"Point","coordinates":[-54.64054699999997,-20.41929399999998]},"properties":{"well_id":"3500071929","municipality":"Campo Grande","aquifer":"Boa vista","available_fields":"pH | CONDUTIVIDADE_ELETRICA | TEMPERATURA | Solidos dissolvidos totais","available_count":4,"pH":8.10000038,"electrical_conductivity":134.0,"temperature":31.0,"chemical_parameter":"Solidos dissolvidos totais","chemical_concentration":128.0,"source":"SIAGAS_MS_20260814","evidence_code":"E10"}},{"type":"Feature","geometry":{"type":"Point","coordinates":[-54.68552799999998,-22.610721999999953]},"properties":{"well_id":"3500071879","municipality":"Caarapó","aquifer":"Botucatu","available_fields":"pH | CONDUTIVIDADE_ELETRICA | TEMPERATURA | Solidos dissolvidos totais","available_count":4,"pH":7.94999981,"electrical_conductivity":232.9,"temperature":38.9000015,"chemical_parameter":"Solidos dissolvidos totais","chemical_concentration":108.0,"source":"SIAGAS_MS_20260814","evidence_code":"E10"}},{"type":"Feature","geometry":{"type":"Point","coordinates":[-54.51321699999994,-19.404518999999937]},"properties":{"well_id":"3500073021","municipality":"São Gabriel do Oeste","aquifer":"Botucatu","available_fields":"pH | CONDUTIVIDADE_ELETRICA | TEMPERATURA | Solidos dissolvidos totais","available_count":4,"pH":5.0,"electrical_conductivity":10.0,"temperature":25.0,"chemical_parameter":"Solidos dissolvidos totais","chemical_concentration":0.5,"source":"SIAGAS_MS_20260814","evidence_code":"E10"}},{"type":"Feature","geometry":{"type":"Point","coordinates":[-53.30236099999996,-19.056555999999944]},"properties":{"well_id":"3500073019","municipality":"Paraíso das Águas","aquifer":"Bauru","available_fields":"pH | CONDUTIVIDADE_ELETRICA | TEMPERATURA | Solidos dissolvidos totais","available_count":4,"pH":5.19999981,"electrical_conductivity":5.5,"temperature":24.7999992,"chemical_parameter":"Solidos dissolvidos totais","chemical_concentration":43.0,"source":"SIAGAS_MS_20260814","evidence_code":"E10"}},{"type":"Feature","geometry":{"type":"Point","coordinates":[-52.47679199999993,-18.728899999999953]},"properties":{"well_id":"3500073014","municipality":"Chapadão do Sul","aquifer":"Bauru","available_fields":"pH | CONDUTIVIDADE_ELETRICA | TEMPERATURA | Solidos dissolvidos totais","available_count":4,"pH":6.0999999,"electrical_conductivity":8.2,"temperature":21.6000004,"chemical_parameter":"Solidos dissolvidos totais","chemical_concentration":43.0,"source":"SIAGAS_MS_20260814","evidence_code":"E10"}},{"type":"Feature","geometry":{"type":"Point","coordinates":[-53.285346999999945,-22.28491699999995]},"properties":{"well_id":"3500073007","municipality":"Batayporã","aquifer":"Bauru","available_fields":"pH | CONDUTIVIDADE_ELETRICA | TEMPERATURA | Solidos dissolvidos totais","available_count":4,"pH":6.09000015,"electrical_conductivity":20.6,"temperature":24.0,"chemical_parameter":"Solidos dissolvidos totais","chemical_concentration":16.0,"source":"SIAGAS_MS_20260814","evidence_code":"E10"}},{"type":"Feature","geometry":{"type":"Point","coordinates":[-53.283774999999935,-22.284321999999975]},"properties":{"well_id":"3500073006","municipality":"Batayporã","aquifer":"Bauru","available_fields":"pH | CONDUTIVIDADE_ELETRICA | TEMPERATURA | Solidos dissolvidos totais","available_count":4,"pH":6.03999996,"electrical_conductivity":26.3,"temperature":24.0,"chemical_parameter":"Solidos dissolvidos totais","chemical_concentration":26.0,"source":"SIAGAS_MS_20260814","evidence_code":"E10"}},{"type":"Feature","geometry":{"type":"Point","coordinates":[-55.626057999999944,-22.95928299999997]},"properties":{"well_id":"3500073043","municipality":"Aral Moreira","aquifer":"Serra geral","available_fields":"pH | CONDUTIVIDADE_ELETRICA | TEMPERATURA | Solidos dissolvidos totais","available_count":4,"pH":7.0,"electrical_conductivity":75.6,"temperature":24.0,"chemical_parameter":"Solidos dissolvidos totais","chemical_concentration":115.7,"source":"SIAGAS_MS_20260814","evidence_code":"E10"}},{"type":"Feature","geometry":{"type":"Point","coordinates":[-53.36121099999997,-22.300232999999935]},"properties":{"well_id":"3500073039","municipality":"Nova Andradina","aquifer":"Bauru","available_fields":"pH | CONDUTIVIDADE_ELETRICA | Solidos dissolvidos totais","available_count":3,"pH":5.38999987,"electrical_conductivity":9.5,"temperature":null,"chemical_parameter":"Solidos dissolvidos totais","chemical_concentration":6.17,"source":"SIAGAS_MS_20260814","evidence_code":"E10"}},{"type":"Feature","geometry":{"type":"Point","coordinates":[-51.71666699999997,-20.745277999999928]},"properties":{"well_id":"3500073065","municipality":"Três Lagoas","aquifer":"Bauru","available_fields":"pH | CONDUTIVIDADE_ELETRICA | TEMPERATURA | Solidos dissolvidos totais","available_count":4,"pH":6.0,"electrical_conductivity":77.3,"temperature":24.7000008,"chemical_parameter":"Solidos dissolvidos totais","chemical_concentration":43.0,"source":"SIAGAS_MS_20260814","evidence_code":"E10"}},{"type":"Feature","geometry":{"type":"Point","coordinates":[-54.485874999999965,-20.475999999999942]},"properties":{"well_id":"3500073064","municipality":"Campo Grande","aquifer":"Serra geral","available_fields":"pH | CONDUTIVIDADE_ELETRICA | TEMPERATURA","available_count":3,"pH":6.69999981,"electrical_conductivity":191.7,"temperature":24.0,"chemical_parameter":"","chemical_concentration":null,"source":"SIAGAS_MS_20260814","evidence_code":"E10"}},{"type":"Feature","geometry":{"type":"Point","coordinates":[-52.42500599999994,-20.077805999999953]},"properties":{"well_id":"3500073062","municipality":"Três Lagoas","aquifer":"Bauru","available_fields":"pH | CONDUTIVIDADE_ELETRICA | TEMPERATURA | Solidos dissolvidos totais","available_count":4,"pH":6.5999999,"electrical_conductivity":21.1,"temperature":26.1000004,"chemical_parameter":"Solidos dissolvidos totais","chemical_concentration":29.0,"source":"SIAGAS_MS_20260814","evidence_code":"E10"}},{"type":"Feature","geometry":{"type":"Point","coordinates":[-52.162868999999944,-21.469535999999948]},"properties":{"well_id":"3500073056","municipality":"Brasilândia","aquifer":"Bauru","available_fields":"pH | CONDUTIVIDADE_ELETRICA | TEMPERATURA | Solidos dissolvidos totais","available_count":4,"pH":5.71999979,"electrical_conductivity":21.8,"temperature":24.0,"chemical_parameter":"Solidos dissolvidos totais","chemical_concentration":66.0,"source":"SIAGAS_MS_20260814","evidence_code":"E10"}},{"type":"Feature","geometry":{"type":"Point","coordinates":[-54.651805999999965,-20.504388999999946]},"properties":{"well_id":"3500073054","municipality":"Campo Grande","aquifer":"Serra geral","available_fields":"pH | CONDUTIVIDADE_ELETRICA | TEMPERATURA | Solidos dissolvidos totais","available_count":4,"pH":6.21999979,"electrical_conductivity":126.2,"temperature":26.5,"chemical_parameter":"Solidos dissolvidos totais","chemical_concentration":114.0,"source":"SIAGAS_MS_20260814","evidence_code":"E10"}},{"type":"Feature","geometry":{"type":"Point","coordinates":[-54.610566999999946,-20.500018999999952]},"properties":{"well_id":"3500073075","municipality":"Campo Grande","aquifer":"Serra geral","available_fields":"pH | CONDUTIVIDADE_ELETRICA | TEMPERATURA | Solidos dissolvidos totais","available_count":4,"pH":7.17000008,"electrical_conductivity":157.8,"temperature":27.0,"chemical_parameter":"Solidos dissolvidos totais","chemical_concentration":142.0,"source":"SIAGAS_MS_20260814","evidence_code":"E10"}},{"type":"Feature","geometry":{"type":"Point","coordinates":[-54.64710599999995,-20.416480999999976]},"properties":{"well_id":"3500073073","municipality":"Campo Grande","aquifer":"Serra geral","available_fields":"TEMPERATURA | Solidos dissolvidos totais","available_count":2,"pH":null,"electrical_conductivity":null,"temperature":21.0,"chemical_parameter":"Solidos dissolvidos totais","chemical_concentration":268.0,"source":"SIAGAS_MS_20260814","evidence_code":"E10"}},{"type":"Feature","geometry":{"type":"Point","coordinates":[-55.07521699999995,-22.47703299999995]},"properties":{"well_id":"3500073098","municipality":"Laguna Carapã","aquifer":"Serra geral","available_fields":"pH | CONDUTIVIDADE_ELETRICA | TEMPERATURA | Solidos dissolvidos totais","available_count":4,"pH":6.86000013,"electrical_conductivity":105.9,"temperature":27.0,"chemical_parameter":"Solidos dissolvidos totais","chemical_concentration":68.84,"source":"SIAGAS_MS_20260814","evidence_code":"E10"}},{"type":"Feature","geometry":{"type":"Point","coordinates":[-54.60809999999998,-20.418182999999942]},"properties":{"well_id":"3500073116","municipality":"Campo Grande","aquifer":"Serra geral","available_fields":"pH | CONDUTIVIDADE_ELETRICA | TEMPERATURA | Solidos dissolvidos totais","available_count":4,"pH":6.5,"electrical_conductivity":146.0,"temperature":26.0,"chemical_parameter":"Solidos dissolvidos totais","chemical_concentration":154.0,"source":"SIAGAS_MS_20260814","evidence_code":"E10"}},{"type":"Feature","geometry":{"type":"Point","coordinates":[-54.69209399999994,-20.514763999999957]},"properties":{"well_id":"3500073141","municipality":"Campo Grande","aquifer":"Serra geral","available_fields":"pH | CONDUTIVIDADE_ELETRICA | TEMPERATURA | Solidos dissolvidos totais","available_count":4,"pH":7.69999981,"electrical_conductivity":58.0,"temperature":26.0,"chemical_parameter":"Solidos dissolvidos totais","chemical_concentration":55.0,"source":"SIAGAS_MS_20260814","evidence_code":"E10"}},{"type":"Feature","geometry":{"type":"Point","coordinates":[-54.775849999999934,-22.22179399999993]},"properties":{"well_id":"3500073156","municipality":"Dourados","aquifer":"Serra geral","available_fields":"pH | CONDUTIVIDADE_ELETRICA | TEMPERATURA | Solidos dissolvidos totais","available_count":4,"pH":5.61000013,"electrical_conductivity":289.0,"temperature":23.0,"chemical_parameter":"Solidos dissolvidos totais","chemical_concentration":187.8,"source":"SIAGAS_MS_20260814","evidence_code":"E10"}},{"type":"Feature","geometry":{"type":"Point","coordinates":[-53.77856399999996,-22.164349999999956]},"properties":{"well_id":"3500073155","municipality":"Angélica","aquifer":"Bauru","available_fields":"pH | CONDUTIVIDADE_ELETRICA | TEMPERATURA | Solidos dissolvidos totais","available_count":4,"pH":5.4000001,"electrical_conductivity":18.4,"temperature":24.5,"chemical_parameter":"Solidos dissolvidos totais","chemical_concentration":28.2,"source":"SIAGAS_MS_20260814","evidence_code":"E10"}},{"type":"Feature","geometry":{"type":"Point","coordinates":[-53.42644399999995,-21.996752999999956]},"properties":{"well_id":"3500073151","municipality":"Nova Andradina","aquifer":"Bauru","available_fields":"pH | CONDUTIVIDADE_ELETRICA | TEMPERATURA | Solidos dissolvidos totais","available_count":4,"pH":6.88999987,"electrical_conductivity":128.0,"temperature":26.0,"chemical_parameter":"Solidos dissolvidos totais","chemical_concentration":133.0,"source":"SIAGAS_MS_20260814","evidence_code":"E10"}},{"type":"Feature","geometry":{"type":"Point","coordinates":[-52.03738899999996,-19.218193999999983]},"properties":{"well_id":"3500073188","municipality":"Inocência","aquifer":"Bauru","available_fields":"pH | CONDUTIVIDADE_ELETRICA | TEMPERATURA | Solidos dissolvidos totais","available_count":4,"pH":6.73000002,"electrical_conductivity":36.7,"temperature":25.2999992,"chemical_parameter":"Solidos dissolvidos totais","chemical_concentration":154.0,"source":"SIAGAS_MS_20260814","evidence_code":"E10"}},{"type":"Feature","geometry":{"type":"Point","coordinates":[-54.72517799999997,-20.473316999999952]},"properties":{"well_id":"3500073181","municipality":"Campo Grande","aquifer":"Serra geral","available_fields":"pH | TEMPERATURA | Solidos dissolvidos totais","available_count":3,"pH":7.0999999,"electrical_conductivity":null,"temperature":26.7999992,"chemical_parameter":"Solidos dissolvidos totais","chemical_concentration":85.0,"source":"SIAGAS_MS_20260814","evidence_code":"E10"}},{"type":"Feature","geometry":{"type":"Point","coordinates":[-54.650777999999946,-20.496816999999965]},"properties":{"well_id":"3500073221","municipality":"Campo Grande","aquifer":"Serra geral","available_fields":"pH | TEMPERATURA | Solidos dissolvidos totais","available_count":3,"pH":7.96000004,"electrical_conductivity":null,"temperature":27.2999992,"chemical_parameter":"Solidos dissolvidos totais","chemical_concentration":47.0,"source":"SIAGAS_MS_20260814","evidence_code":"E10"}},{"type":"Feature","geometry":{"type":"Point","coordinates":[-52.842393999999956,-20.45199199999996]},"properties":{"well_id":"3500073232","municipality":"Água Clara","aquifer":"Bauru","available_fields":"pH | TEMPERATURA","available_count":2,"pH":7.38000011,"electrical_conductivity":null,"temperature":29.2000008,"chemical_parameter":"","chemical_concentration":null,"source":"SIAGAS_MS_20260814","evidence_code":"E10"}},{"type":"Feature","geometry":{"type":"Point","coordinates":[-53.77382199999994,-20.883996999999965]},"properties":{"well_id":"3500073231","municipality":"Ribas do Rio Pardo","aquifer":"Bauru","available_fields":"pH | TEMPERATURA | Solidos dissolvidos totais","available_count":3,"pH":6.32000017,"electrical_conductivity":null,"temperature":27.1000004,"chemical_parameter":"Solidos dissolvidos totais","chemical_concentration":112.0,"source":"SIAGAS_MS_20260814","evidence_code":"E10"}},{"type":"Feature","geometry":{"type":"Point","coordinates":[-54.82146099999994,-22.322716999999955]},"properties":{"well_id":"3500073227","municipality":"Dourados","aquifer":"Serra geral","available_fields":"pH | Solidos dissolvidos totais","available_count":2,"pH":6.94000006,"electrical_conductivity":null,"temperature":null,"chemical_parameter":"Solidos dissolvidos totais","chemical_concentration":46.5,"source":"SIAGAS_MS_20260814","evidence_code":"E10"}},{"type":"Feature","geometry":{"type":"Point","coordinates":[-53.750610999999935,-20.469721999999933]},"properties":{"well_id":"3500073265","municipality":"Ribas do Rio Pardo","aquifer":"Bauru","available_fields":"pH | CONDUTIVIDADE_ELETRICA | TEMPERATURA | Solidos dissolvidos totais","available_count":4,"pH":5.69999981,"electrical_conductivity":33.7,"temperature":28.7999992,"chemical_parameter":"Solidos dissolvidos totais","chemical_concentration":43.0,"source":"SIAGAS_MS_20260814","evidence_code":"E10"}},{"type":"Feature","geometry":{"type":"Point","coordinates":[-54.65296399999994,-20.45519699999994]},"properties":{"well_id":"3500073263","municipality":"Campo Grande","aquifer":"Serra geral","available_fields":"pH | CONDUTIVIDADE_ELETRICA | TEMPERATURA | Solidos dissolvidos totais","available_count":4,"pH":7.71999979,"electrical_conductivity":51.0,"temperature":27.3999996,"chemical_parameter":"Solidos dissolvidos totais","chemical_concentration":143.0,"source":"SIAGAS_MS_20260814","evidence_code":"E10"}},{"type":"Feature","geometry":{"type":"Point","coordinates":[-54.87878299999994,-20.434346999999946]},"properties":{"well_id":"3500073260","municipality":"Terenos","aquifer":"Serra geral","available_fields":"pH | CONDUTIVIDADE_ELETRICA | TEMPERATURA | Solidos dissolvidos totais","available_count":4,"pH":7.23999977,"electrical_conductivity":26.0,"temperature":27.7000008,"chemical_parameter":"Solidos dissolvidos totais","chemical_concentration":221.0,"source":"SIAGAS_MS_20260814","evidence_code":"E10"}},{"type":"Feature","geometry":{"type":"Point","coordinates":[-52.33648899999997,-21.731746999999928]},"properties":{"well_id":"3500073277","municipality":"Bataguassu","aquifer":"Bauru","available_fields":"pH | CONDUTIVIDADE_ELETRICA | Solidos dissolvidos totais","available_count":3,"pH":5.13999987,"electrical_conductivity":13.7,"temperature":null,"chemical_parameter":"Solidos dissolvidos totais","chemical_concentration":29.0,"source":"SIAGAS_MS_20260814","evidence_code":"E10"}},{"type":"Feature","geometry":{"type":"Point","coordinates":[-52.31070599999998,-21.17208599999998]},"properties":{"well_id":"3500073275","municipality":"Brasilândia","aquifer":"Bauru","available_fields":"pH | CONDUTIVIDADE_ELETRICA | TEMPERATURA | Solidos dissolvidos totais","available_count":4,"pH":7.80000019,"electrical_conductivity":25.7,"temperature":28.5,"chemical_parameter":"Solidos dissolvidos totais","chemical_concentration":12.0,"source":"SIAGAS_MS_20260814","evidence_code":"E10"}},{"type":"Feature","geometry":{"type":"Point","coordinates":[-53.92238099999997,-22.246721999999977]},"properties":{"well_id":"3500073289","municipality":"Ivinhema","aquifer":"Bauru","available_fields":"pH | CONDUTIVIDADE_ELETRICA | TEMPERATURA | Solidos dissolvidos totais","available_count":4,"pH":5.82999992,"electrical_conductivity":26.76,"temperature":23.0,"chemical_parameter":"Solidos dissolvidos totais","chemical_concentration":17.39,"source":"SIAGAS_MS_20260814","evidence_code":"E10"}},{"type":"Feature","geometry":{"type":"Point","coordinates":[-53.850018999999975,-23.152499999999975]},"properties":{"well_id":"3500073343","municipality":"Naviraí","aquifer":"Bauru","available_fields":"pH | CONDUTIVIDADE_ELETRICA | TEMPERATURA | Solidos dissolvidos totais","available_count":4,"pH":6.4000001,"electrical_conductivity":0.2,"temperature":18.0,"chemical_parameter":"Solidos dissolvidos totais","chemical_concentration":0.5,"source":"SIAGAS_MS_20260814","evidence_code":"E10"}},{"type":"Feature","geometry":{"type":"Point","coordinates":[-54.752107999999964,-22.792363999999964]},"properties":{"well_id":"3500073341","municipality":"Caarapó","aquifer":"Bauru","available_fields":"pH | CONDUTIVIDADE_ELETRICA | TEMPERATURA | Solidos dissolvidos totais","available_count":4,"pH":6.69999981,"electrical_conductivity":81.49,"temperature":24.0,"chemical_parameter":"Solidos dissolvidos totais","chemical_concentration":52.97,"source":"SIAGAS_MS_20260814","evidence_code":"E10"}},{"type":"Feature","geometry":{"type":"Point","coordinates":[-55.80141099999997,-20.49018099999995]},"properties":{"well_id":"3500073358","municipality":"Anastácio","aquifer":"Furnas","available_fields":"pH | CONDUTIVIDADE_ELETRICA | TEMPERATURA | Solidos dissolvidos totais","available_count":4,"pH":7.17000008,"electrical_conductivity":759.5,"temperature":22.3999996,"chemical_parameter":"Solidos dissolvidos totais","chemical_concentration":478.0,"source":"SIAGAS_MS_20260814","evidence_code":"E10"}},{"type":"Feature","geometry":{"type":"Point","coordinates":[-53.772332999999946,-20.44518599999998]},"properties":{"well_id":"3500073356","municipality":"Ribas do Rio Pardo","aquifer":"Serra geral","available_fields":"pH | CONDUTIVIDADE_ELETRICA | TEMPERATURA | Solidos dissolvidos totais","available_count":4,"pH":6.0999999,"electrical_conductivity":63.0,"temperature":24.8999996,"chemical_parameter":"Solidos dissolvidos totais","chemical_concentration":43.0,"source":"SIAGAS_MS_20260814","evidence_code":"E10"}},{"type":"Feature","geometry":{"type":"Point","coordinates":[-54.60223099999996,-20.506752999999946]},"properties":{"well_id":"3500073385","municipality":"Campo Grande","aquifer":"Serra geral","available_fields":"pH | CONDUTIVIDADE_ELETRICA | TEMPERATURA | Solidos dissolvidos totais","available_count":4,"pH":6.0999999,"electrical_conductivity":246.0,"temperature":25.2000008,"chemical_parameter":"Solidos dissolvidos totais","chemical_concentration":154.0,"source":"SIAGAS_MS_20260814","evidence_code":"E10"}},{"type":"Feature","geometry":{"type":"Point","coordinates":[-54.706388999999945,-21.887499999999932]},"properties":{"well_id":"3500045258","municipality":"Itaporã","aquifer":"Serra geral","available_fields":"pH | CONDUTIVIDADE_ELETRICA | TEMPERATURA | Solidos dissolvidos totais","available_count":4,"pH":7.69999981,"electrical_conductivity":136.3,"temperature":26.0,"chemical_parameter":"Solidos dissolvidos totais","chemical_concentration":130.0,"source":"SIAGAS_MS_20260814","evidence_code":"E10"}},{"type":"Feature","geometry":{"type":"Point","coordinates":[-54.442777999999976,-19.87888899999996]},"properties":{"well_id":"3500073409","municipality":"Bandeirantes","aquifer":"Serra geral","available_fields":"pH | Solidos dissolvidos totais","available_count":2,"pH":6.63999987,"electrical_conductivity":null,"temperature":null,"chemical_parameter":"Solidos dissolvidos totais","chemical_concentration":67.0,"source":"SIAGAS_MS_20260814","evidence_code":"E10"}},{"type":"Feature","geometry":{"type":"Point","coordinates":[-54.589430999999934,-20.543407999999943]},"properties":{"well_id":"3500073406","municipality":"Campo Grande","aquifer":"Serra geral","available_fields":"pH | Solidos dissolvidos totais","available_count":2,"pH":5.21999979,"electrical_conductivity":null,"temperature":null,"chemical_parameter":"Solidos dissolvidos totais","chemical_concentration":21.0,"source":"SIAGAS_MS_20260814","evidence_code":"E10"}},{"type":"Feature","geometry":{"type":"Point","coordinates":[-54.78727799999996,-22.312418999999977]},"properties":{"well_id":"3500073453","municipality":"Dourados","aquifer":"Serra geral","available_fields":"pH | Solidos dissolvidos totais","available_count":2,"pH":7.69000006,"electrical_conductivity":null,"temperature":null,"chemical_parameter":"Solidos dissolvidos totais","chemical_concentration":209.5,"source":"SIAGAS_MS_20260814","evidence_code":"E10"}},{"type":"Feature","geometry":{"type":"Point","coordinates":[-52.39713899999998,-21.489082999999937]},"properties":{"well_id":"3500073447","municipality":"Santa Rita do Pardo","aquifer":"Bauru","available_fields":"pH | CONDUTIVIDADE_ELETRICA | TEMPERATURA | Solidos dissolvidos totais","available_count":4,"pH":7.67999983,"electrical_conductivity":281.6,"temperature":24.0,"chemical_parameter":"Solidos dissolvidos totais","chemical_concentration":183.4,"source":"SIAGAS_MS_20260814","evidence_code":"E10"}},{"type":"Feature","geometry":{"type":"Point","coordinates":[-52.71354199999996,-22.18502799999993]},"properties":{"well_id":"3500073446","municipality":"Anaurilândia","aquifer":"Bauru","available_fields":"pH | CONDUTIVIDADE_ELETRICA | TEMPERATURA | Solidos dissolvidos totais","available_count":4,"pH":5.69999981,"electrical_conductivity":23.1,"temperature":25.0,"chemical_parameter":"Solidos dissolvidos totais","chemical_concentration":35.3,"source":"SIAGAS_MS_20260814","evidence_code":"E10"}},{"type":"Feature","geometry":{"type":"Point","coordinates":[-54.837471999999934,-22.112971999999957]},"properties":{"well_id":"3500073457","municipality":"Itaporã","aquifer":"Serra geral","available_fields":"pH | CONDUTIVIDADE_ELETRICA | TEMPERATURA | Solidos dissolvidos totais","available_count":4,"pH":6.19999981,"electrical_conductivity":564.0,"temperature":21.0,"chemical_parameter":"Solidos dissolvidos totais","chemical_concentration":366.6,"source":"SIAGAS_MS_20260814","evidence_code":"E10"}},{"type":"Feature","geometry":{"type":"Point","coordinates":[-52.30928299999994,-21.21566699999994]},"properties":{"well_id":"3500073473","municipality":"Brasilândia","aquifer":"Bauru","available_fields":"pH | CONDUTIVIDADE_ELETRICA | TEMPERATURA | Solidos dissolvidos totais","available_count":4,"pH":6.19999981,"electrical_conductivity":82.0,"temperature":31.0,"chemical_parameter":"Solidos dissolvidos totais","chemical_concentration":31.0,"source":"SIAGAS_MS_20260814","evidence_code":"E10"}},{"type":"Feature","geometry":{"type":"Point","coordinates":[-53.52555599999994,-19.27402799999993]},"properties":{"well_id":"3500073537","municipality":"Paraíso das Águas","aquifer":"Bauru","available_fields":"pH | CONDUTIVIDADE_ELETRICA | TEMPERATURA | Solidos dissolvidos totais","available_count":4,"pH":6.0,"electrical_conductivity":14.0,"temperature":27.5,"chemical_parameter":"Solidos dissolvidos totais","chemical_concentration":43.0,"source":"SIAGAS_MS_20260814","evidence_code":"E10"}},{"type":"Feature","geometry":{"type":"Point","coordinates":[-54.635130999999944,-23.632499999999936]},"properties":{"well_id":"3500073551","municipality":"Iguatemi","aquifer":"Bauru","available_fields":"pH | CONDUTIVIDADE_ELETRICA | Solidos dissolvidos totais","available_count":3,"pH":7.63999987,"electrical_conductivity":81.92,"temperature":null,"chemical_parameter":"Solidos dissolvidos totais","chemical_concentration":31.0,"source":"SIAGAS_MS_20260814","evidence_code":"E10"}},{"type":"Feature","geometry":{"type":"Point","coordinates":[-54.60583299999996,-20.45333299999993]},"properties":{"well_id":"3500065031","municipality":"Campo Grande","aquifer":"Serra geral","available_fields":"CONDUTIVIDADE_ELETRICA | Solidos dissolvidos totais","available_count":2,"pH":null,"electrical_conductivity":0.05,"temperature":null,"chemical_parameter":"Solidos dissolvidos totais","chemical_concentration":9.0,"source":"SIAGAS_MS_20260814","evidence_code":"E10"}},{"type":"Feature","geometry":{"type":"Point","coordinates":[-54.67277799999994,-20.554443999999933]},"properties":{"well_id":"3500065039","municipality":"Campo Grande","aquifer":"Serra geral","available_fields":"pH | CONDUTIVIDADE_ELETRICA | TEMPERATURA | Solidos dissolvidos totais","available_count":4,"pH":7.4000001,"electrical_conductivity":71.2,"temperature":34.0,"chemical_parameter":"Solidos dissolvidos totais","chemical_concentration":300.0,"source":"SIAGAS_MS_20260814","evidence_code":"E10"}},{"type":"Feature","geometry":{"type":"Point","coordinates":[-55.11916699999995,-20.74166699999995]},"properties":{"well_id":"3500045691","municipality":"Sidrolândia","aquifer":"Guarani","available_fields":"pH | TEMPERATURA | TURBIDEZ","available_count":3,"pH":6.48000002,"electrical_conductivity":null,"temperature":19.8999996,"chemical_parameter":"","chemical_concentration":null,"source":"SIAGAS_MS_20260814","evidence_code":"E10"}},{"type":"Feature","geometry":{"type":"Point","coordinates":[-56.35305599999998,-19.955832999999927]},"properties":{"well_id":"3500053083","municipality":"Miranda","aquifer":"Coluvionar","available_fields":"pH | TEMPERATURA | TURBIDEZ","available_count":3,"pH":7.11999989,"electrical_conductivity":null,"temperature":23.0,"chemical_parameter":"","chemical_concentration":null,"source":"SIAGAS_MS_20260814","evidence_code":"E10"}},{"type":"Feature","geometry":{"type":"Point","coordinates":[-56.52111099999996,-19.869166999999948]},"properties":{"well_id":"3500053086","municipality":"Miranda","aquifer":"Coluvionar","available_fields":"pH | TEMPERATURA | TURBIDEZ","available_count":3,"pH":7.34000015,"electrical_conductivity":null,"temperature":23.0,"chemical_parameter":"","chemical_concentration":null,"source":"SIAGAS_MS_20260814","evidence_code":"E10"}},{"type":"Feature","geometry":{"type":"Point","coordinates":[-53.997221999999965,-22.281388999999933]},"properties":{"well_id":"3500026918","municipality":"Ivinhema","aquifer":"Caiua","available_fields":"pH | TEMPERATURA | TURBIDEZ","available_count":3,"pH":6.30000019,"electrical_conductivity":null,"temperature":22.0,"chemical_parameter":"","chemical_concentration":null,"source":"SIAGAS_MS_20260814","evidence_code":"E10"}},{"type":"Feature","geometry":{"type":"Point","coordinates":[-54.82583299999993,-22.621666999999945]},"properties":{"well_id":"3500027077","municipality":"Caarapó","aquifer":"Serra geral","available_fields":"pH | TURBIDEZ","available_count":2,"pH":7.5,"electrical_conductivity":null,"temperature":null,"chemical_parameter":"","chemical_concentration":null,"source":"SIAGAS_MS_20260814","evidence_code":"E10"}},{"type":"Feature","geometry":{"type":"Point","coordinates":[-53.268055999999945,-22.284166999999968]},"properties":{"well_id":"3500045670","municipality":"Batayporã","aquifer":"Caiua","available_fields":"pH","available_count":1,"pH":7.03999996,"electrical_conductivity":null,"temperature":null,"chemical_parameter":"","chemical_concentration":null,"source":"SIAGAS_MS_20260814","evidence_code":"E10"}},{"type":"Feature","geometry":{"type":"Point","coordinates":[-51.830555999999945,-20.64666699999998]},"properties":{"well_id":"3500045703","municipality":"Três Lagoas","aquifer":"Bauru","available_fields":"pH | CONDUTIVIDADE_ELETRICA | TURBIDEZ","available_count":3,"pH":6.11000013,"electrical_conductivity":5.12,"temperature":null,"chemical_parameter":"","chemical_concentration":null,"source":"SIAGAS_MS_20260814","evidence_code":"E10"}},{"type":"Feature","geometry":{"type":"Point","coordinates":[-51.87527799999998,-20.984166999999957]},"properties":{"well_id":"3500045711","municipality":"Três Lagoas","aquifer":"Bauru","available_fields":"pH | CONDUTIVIDADE_ELETRICA | TURBIDEZ","available_count":3,"pH":5.73000002,"electrical_conductivity":30.57,"temperature":null,"chemical_parameter":"","chemical_concentration":null,"source":"SIAGAS_MS_20260814","evidence_code":"E10"}},{"type":"Feature","geometry":{"type":"Point","coordinates":[-54.56166699999994,-20.53527799999995]},"properties":{"well_id":"3500065044","municipality":"Campo Grande","aquifer":"Serra geral","available_fields":"pH | TEMPERATURA | Solidos dissolvidos totais","available_count":3,"pH":6.30000019,"electrical_conductivity":null,"temperature":23.0,"chemical_parameter":"Solidos dissolvidos totais","chemical_concentration":64.0,"source":"SIAGAS_MS_20260814","evidence_code":"E10"}},{"type":"Feature","geometry":{"type":"Point","coordinates":[-54.853332999999964,-18.92805599999997]},"properties":{"well_id":"3500065070","municipality":"Rio Verde de Mato Grosso","aquifer":"Furnas","available_fields":"pH | Solidos dissolvidos totais","available_count":2,"pH":5.9000001,"electrical_conductivity":null,"temperature":null,"chemical_parameter":"Solidos dissolvidos totais","chemical_concentration":39.6,"source":"SIAGAS_MS_20260814","evidence_code":"E10"}},{"type":"Feature","geometry":{"type":"Point","coordinates":[-51.66861099999994,-20.788888999999926]},"properties":{"well_id":"3500065082","municipality":"Três Lagoas","aquifer":"Caiua","available_fields":"pH | CONDUTIVIDADE_ELETRICA | TEMPERATURA | Solidos dissolvidos totais","available_count":4,"pH":5.11000013,"electrical_conductivity":86.19,"temperature":4.0,"chemical_parameter":"Solidos dissolvidos totais","chemical_concentration":118.0,"source":"SIAGAS_MS_20260814","evidence_code":"E10"}},{"type":"Feature","geometry":{"type":"Point","coordinates":[-53.636665999999934,-18.677221999999972]},"properties":{"well_id":"3500023242","municipality":"Figueirão","aquifer":"Guarani","available_fields":"pH | CONDUTIVIDADE_ELETRICA | TEMPERATURA | Solidos dissolvidos totais","available_count":4,"pH":6.88000011,"electrical_conductivity":135.6,"temperature":28.2000008,"chemical_parameter":"Solidos dissolvidos totais","chemical_concentration":100.43,"source":"SIAGAS_MS_20260814","evidence_code":"E10"}},{"type":"Feature","geometry":{"type":"Point","coordinates":[-54.03888899999998,-18.25111099999998]},"properties":{"well_id":"3500065133","municipality":"Alcinópolis","aquifer":"Guarani","available_fields":"pH | CONDUTIVIDADE_ELETRICA | TEMPERATURA | Solidos dissolvidos totais","available_count":4,"pH":6.01999998,"electrical_conductivity":63.1,"temperature":26.3999996,"chemical_parameter":"Solidos dissolvidos totais","chemical_concentration":77.27,"source":"SIAGAS_MS_20260814","evidence_code":"E10"}},{"type":"Feature","geometry":{"type":"Point","coordinates":[-52.25166699999994,-21.72388899999993]},"properties":{"well_id":"3500065013","municipality":"Bataguassu","aquifer":"Bauru","available_fields":"Solidos dissolvidos totais","available_count":1,"pH":null,"electrical_conductivity":null,"temperature":null,"chemical_parameter":"Solidos dissolvidos totais","chemical_concentration":2.0,"source":"SIAGAS_MS_20260814","evidence_code":"E10"}},{"type":"Feature","geometry":{"type":"Point","coordinates":[-52.41833299999996,-21.718610999999953]},"properties":{"well_id":"3500065016","municipality":"Bataguassu","aquifer":"Caiua","available_fields":"pH | Solidos dissolvidos totais","available_count":2,"pH":6.5999999,"electrical_conductivity":null,"temperature":null,"chemical_parameter":"Solidos dissolvidos totais","chemical_concentration":51.4,"source":"SIAGAS_MS_20260814","evidence_code":"E10"}},{"type":"Feature","geometry":{"type":"Point","coordinates":[-56.67361099999994,-20.556388999999967]},"properties":{"well_id":"3500065018","municipality":"Bodoquena","aquifer":"Cuiaba","available_fields":"pH | Solidos dissolvidos totais","available_count":2,"pH":7.9000001,"electrical_conductivity":null,"temperature":null,"chemical_parameter":"Solidos dissolvidos totais","chemical_concentration":420.5,"source":"SIAGAS_MS_20260814","evidence_code":"E10"}},{"type":"Feature","geometry":{"type":"Point","coordinates":[-54.55666699999995,-21.789721999999927]},"properties":{"well_id":"3500065068","municipality":"Rio Brilhante","aquifer":"Serra geral","available_fields":"pH | Solidos dissolvidos totais","available_count":2,"pH":8.19999981,"electrical_conductivity":null,"temperature":null,"chemical_parameter":"Solidos dissolvidos totais","chemical_concentration":144.0,"source":"SIAGAS_MS_20260814","evidence_code":"E10"}},{"type":"Feature","geometry":{"type":"Point","coordinates":[-51.689952999999946,-19.325046999999927]},"properties":{"well_id":"3500068743","municipality":"Paranaíba","aquifer":"Bauru","available_fields":"pH | CONDUTIVIDADE_ELETRICA | TURBIDEZ","available_count":3,"pH":7.19999981,"electrical_conductivity":193.5,"temperature":null,"chemical_parameter":"","chemical_concentration":null,"source":"SIAGAS_MS_20260814","evidence_code":"E10"}},{"type":"Feature","geometry":{"type":"Point","coordinates":[-52.28885299999996,-19.99198599999994]},"properties":{"well_id":"3500068742","municipality":"Três Lagoas","aquifer":"Bauru","available_fields":"pH | CONDUTIVIDADE_ELETRICA | TURBIDEZ","available_count":3,"pH":5.61000013,"electrical_conductivity":15.6,"temperature":null,"chemical_parameter":"","chemical_concentration":null,"source":"SIAGAS_MS_20260814","evidence_code":"E10"}},{"type":"Feature","geometry":{"type":"Point","coordinates":[-54.278921999999966,-23.78610199999997]},"properties":{"well_id":"3500070995","municipality":"Eldorado","aquifer":"Bauru_Caiua","available_fields":"CONDUTIVIDADE_ELETRICA","available_count":1,"pH":null,"electrical_conductivity":30.0,"temperature":null,"chemical_parameter":"","chemical_concentration":null,"source":"SIAGAS_MS_20260814","evidence_code":"E10"}},{"type":"Feature","geometry":{"type":"Point","coordinates":[-54.81216699999993,-22.258693999999934]},"properties":{"well_id":"3500070926","municipality":"Dourados","aquifer":"Serra geral","available_fields":"pH | CONDUTIVIDADE_ELETRICA | TEMPERATURA","available_count":3,"pH":6.80000019,"electrical_conductivity":294.0,"temperature":22.0,"chemical_parameter":"","chemical_concentration":null,"source":"SIAGAS_MS_20260814","evidence_code":"E10"}},{"type":"Feature","geometry":{"type":"Point","coordinates":[-52.421085999999946,-21.722763999999927]},"properties":{"well_id":"3500069991","municipality":"Bataguassu","aquifer":"Bauru_Caiua","available_fields":"pH","available_count":1,"pH":5.69999981,"electrical_conductivity":null,"temperature":null,"chemical_parameter":"","chemical_concentration":null,"source":"SIAGAS_MS_20260814","evidence_code":"E10"}},{"type":"Feature","geometry":{"type":"Point","coordinates":[-54.75527699999998,-18.50583299999994]},"properties":{"well_id":"3500022591","municipality":"Coxim","aquifer":"Furnas","available_fields":"pH | Solidos dissolvidos totais","available_count":2,"pH":7.5999999,"electrical_conductivity":null,"temperature":null,"chemical_parameter":"Solidos dissolvidos totais","chemical_concentration":143.5,"source":"SIAGAS_MS_20260814","evidence_code":"E10"}},{"type":"Feature","geometry":{"type":"Point","coordinates":[-53.80555599999997,-22.28388899999993]},"properties":{"well_id":"3500026944","municipality":"Ivinhema","aquifer":"Caiua","available_fields":"TEMPERATURA","available_count":1,"pH":null,"electrical_conductivity":null,"temperature":18.0,"chemical_parameter":"","chemical_concentration":null,"source":"SIAGAS_MS_20260814","evidence_code":"E10"}},{"type":"Feature","geometry":{"type":"Point","coordinates":[-54.19083299999994,-23.099999999999966]},"properties":{"well_id":"3500026950","municipality":"Naviraí","aquifer":"Caiua","available_fields":"pH | TEMPERATURA | TURBIDEZ","available_count":3,"pH":7.98999977,"electrical_conductivity":null,"temperature":20.0,"chemical_parameter":"","chemical_concentration":null,"source":"SIAGAS_MS_20260814","evidence_code":"E10"}},{"type":"Feature","geometry":{"type":"Point","coordinates":[-54.29527799999994,-22.459443999999962]},"properties":{"well_id":"3500026951","municipality":"Glória de Dourados","aquifer":"Caiua","available_fields":"pH | TEMPERATURA | TURBIDEZ","available_count":3,"pH":7.94999981,"electrical_conductivity":null,"temperature":20.0,"chemical_parameter":"","chemical_concentration":null,"source":"SIAGAS_MS_20260814","evidence_code":"E10"}},{"type":"Feature","geometry":{"type":"Point","coordinates":[-53.808055999999965,-21.966666999999973]},"properties":{"well_id":"3500027020","municipality":"Angélica","aquifer":"Serra geral","available_fields":"pH | TURBIDEZ","available_count":2,"pH":7.57000017,"electrical_conductivity":null,"temperature":null,"chemical_parameter":"","chemical_concentration":null,"source":"SIAGAS_MS_20260814","evidence_code":"E10"}},{"type":"Feature","geometry":{"type":"Point","coordinates":[-51.70055599999995,-20.79611099999994]},"properties":{"well_id":"3500027043","municipality":"Três Lagoas","aquifer":"Bauru","available_fields":"pH | TEMPERATURA | TURBIDEZ","available_count":3,"pH":5.28000021,"electrical_conductivity":null,"temperature":27.5,"chemical_parameter":"","chemical_concentration":null,"source":"SIAGAS_MS_20260814","evidence_code":"E10"}},{"type":"Feature","geometry":{"type":"Point","coordinates":[-53.43861099999998,-21.996666999999945]},"properties":{"well_id":"3500027145","municipality":"Nova Andradina","aquifer":"Caiua","available_fields":"pH | TEMPERATURA | TURBIDEZ","available_count":3,"pH":6.55999994,"electrical_conductivity":null,"temperature":25.0,"chemical_parameter":"","chemical_concentration":null,"source":"SIAGAS_MS_20260814","evidence_code":"E10"}},{"type":"Feature","geometry":{"type":"Point","coordinates":[-51.66722199999998,-20.79333299999996]},"properties":{"well_id":"3500027199","municipality":"Três Lagoas","aquifer":"Bauru","available_fields":"pH | TEMPERATURA | TURBIDEZ | Solidos dissolvidos totais","available_count":4,"pH":6.21000004,"electrical_conductivity":null,"temperature":6.0,"chemical_parameter":"Solidos dissolvidos totais","chemical_concentration":130.8,"source":"SIAGAS_MS_20260814","evidence_code":"E10"}},{"type":"Feature","geometry":{"type":"Point","coordinates":[-51.73583299999996,-20.77166699999998]},"properties":{"well_id":"3500027213","municipality":"Três Lagoas","aquifer":"Bauru","available_fields":"pH | TURBIDEZ | Solidos dissolvidos totais","available_count":3,"pH":5.86999989,"electrical_conductivity":null,"temperature":null,"chemical_parameter":"Solidos dissolvidos totais","chemical_concentration":53.7,"source":"SIAGAS_MS_20260814","evidence_code":"E10"}},{"type":"Feature","geometry":{"type":"Point","coordinates":[-51.70749999999998,-20.78583299999997]},"properties":{"well_id":"3500027214","municipality":"Três Lagoas","aquifer":"Bauru","available_fields":"pH | TEMPERATURA | TURBIDEZ | Solidos dissolvidos totais","available_count":4,"pH":5.55000019,"electrical_conductivity":null,"temperature":5.9000001,"chemical_parameter":"Solidos dissolvidos totais","chemical_concentration":140.0,"source":"SIAGAS_MS_20260814","evidence_code":"E10"}},{"type":"Feature","geometry":{"type":"Point","coordinates":[-54.61861099999999,-22.134443999999974]},"properties":{"well_id":"3500027215","municipality":"Dourados","aquifer":"Serra geral","available_fields":"pH | TEMPERATURA | TURBIDEZ","available_count":3,"pH":6.23000002,"electrical_conductivity":null,"temperature":6.0,"chemical_parameter":"","chemical_concentration":null,"source":"SIAGAS_MS_20260814","evidence_code":"E10"}},{"type":"Feature","geometry":{"type":"Point","coordinates":[-54.67861099999993,-20.269443999999964]},"properties":{"well_id":"3500045422","municipality":"Campo Grande","aquifer":"Serra geral","available_fields":"pH | TEMPERATURA | TURBIDEZ","available_count":3,"pH":6.9000001,"electrical_conductivity":null,"temperature":23.0,"chemical_parameter":"","chemical_concentration":null,"source":"SIAGAS_MS_20260814","evidence_code":"E10"}},{"type":"Feature","geometry":{"type":"Point","coordinates":[-54.745555999999965,-17.78249999999997]},"properties":{"well_id":"3500053093","municipality":"Pedro Gomes","aquifer":"Furnas","available_fields":"pH | CONDUTIVIDADE_ELETRICA | TEMPERATURA | TURBIDEZ","available_count":4,"pH":5.0999999,"electrical_conductivity":77.3,"temperature":22.0,"chemical_parameter":"","chemical_concentration":null,"source":"SIAGAS_MS_20260814","evidence_code":"E10"}},{"type":"Feature","geometry":{"type":"Point","coordinates":[-53.35027699999995,-22.246665999999948]},"properties":{"well_id":"3500023386","municipality":"Nova Andradina","aquifer":"Caiua","available_fields":"pH | CONDUTIVIDADE_ELETRICA | TURBIDEZ","available_count":3,"pH":6.5,"electrical_conductivity":22.5,"temperature":null,"chemical_parameter":"","chemical_concentration":null,"source":"SIAGAS_MS_20260814","evidence_code":"E10"}},{"type":"Feature","geometry":{"type":"Point","coordinates":[-55.62277799999998,-22.622777999999983]},"properties":{"well_id":"3500045692","municipality":"Ponta Porã","aquifer":"Serra geral","available_fields":"pH | TEMPERATURA | TURBIDEZ","available_count":3,"pH":7.38999987,"electrical_conductivity":null,"temperature":5.4000001,"chemical_parameter":"","chemical_concentration":null,"source":"SIAGAS_MS_20260814","evidence_code":"E10"}},{"type":"Feature","geometry":{"type":"Point","coordinates":[-55.049999999999955,-22.798610999999937]},"properties":{"well_id":"3500026991","municipality":"Laguna Carapã","aquifer":"Serra geral","available_fields":"pH | TEMPERATURA | Solidos dissolvidos totais","available_count":3,"pH":7.1500001,"electrical_conductivity":null,"temperature":22.0,"chemical_parameter":"Solidos dissolvidos totais","chemical_concentration":115.0,"source":"SIAGAS_MS_20260814","evidence_code":"E10"}},{"type":"Feature","geometry":{"type":"Point","coordinates":[-54.68377499999997,-20.517802999999958]},"properties":{"well_id":"3500071633","municipality":"Campo Grande","aquifer":"Não definido","available_fields":"pH | CONDUTIVIDADE_ELETRICA | TEMPERATURA","available_count":3,"pH":8.0,"electrical_conductivity":68.0,"temperature":29.0,"chemical_parameter":"","chemical_concentration":null,"source":"SIAGAS_MS_20260814","evidence_code":"E10"}},{"type":"Feature","geometry":{"type":"Point","coordinates":[-51.92944399999993,-19.728610999999944]},"properties":{"well_id":"3500023307","municipality":"Inocência","aquifer":"Serra geral","available_fields":"pH | CONDUTIVIDADE_ELETRICA | TURBIDEZ","available_count":3,"pH":6.5999999,"electrical_conductivity":428.4,"temperature":null,"chemical_parameter":"","chemical_concentration":null,"source":"SIAGAS_MS_20260814","evidence_code":"E10"}},{"type":"Feature","geometry":{"type":"Point","coordinates":[-53.76694399999997,-22.144999999999982]},"properties":{"well_id":"3500027240","municipality":"Angélica","aquifer":"Serra geral","available_fields":"pH | TEMPERATURA | TURBIDEZ | Solidos dissolvidos totais","available_count":4,"pH":6.19999981,"electrical_conductivity":null,"temperature":23.5,"chemical_parameter":"Solidos dissolvidos totais","chemical_concentration":30.6,"source":"SIAGAS_MS_20260814","evidence_code":"E10"}},{"type":"Feature","geometry":{"type":"Point","coordinates":[-54.567777999999976,-20.374166999999943]},"properties":{"well_id":"3500045154","municipality":"Campo Grande","aquifer":"Serra geral","available_fields":"pH | CONDUTIVIDADE_ELETRICA | TURBIDEZ | Solidos dissolvidos totais","available_count":4,"pH":5.19999981,"electrical_conductivity":76.0,"temperature":null,"chemical_parameter":"Solidos dissolvidos totais","chemical_concentration":41.0,"source":"SIAGAS_MS_20260814","evidence_code":"E10"}},{"type":"Feature","geometry":{"type":"Point","coordinates":[-54.75444399999998,-20.47333299999997]},"properties":{"well_id":"3500053094","municipality":"Campo Grande","aquifer":"Guarani","available_fields":"pH | TEMPERATURA | TURBIDEZ","available_count":3,"pH":7.5999999,"electrical_conductivity":null,"temperature":27.0,"chemical_parameter":"","chemical_concentration":null,"source":"SIAGAS_MS_20260814","evidence_code":"E10"}},{"type":"Feature","geometry":{"type":"Point","coordinates":[-55.17166599999996,-21.617776999999933]},"properties":{"well_id":"3500022863","municipality":"Maracaju","aquifer":"Guarani","available_fields":"pH | CONDUTIVIDADE_ELETRICA | TEMPERATURA | Solidos dissolvidos totais","available_count":4,"pH":7.51000023,"electrical_conductivity":148.8,"temperature":26.8999996,"chemical_parameter":"Solidos dissolvidos totais","chemical_concentration":137.53,"source":"SIAGAS_MS_20260814","evidence_code":"E10"}},{"type":"Feature","geometry":{"type":"Point","coordinates":[-55.49944399999998,-21.72277699999995]},"properties":{"well_id":"3500022883","municipality":"Maracaju","aquifer":"Guarani","available_fields":"pH | CONDUTIVIDADE_ELETRICA | TEMPERATURA | Solidos dissolvidos totais","available_count":4,"pH":6.36000013,"electrical_conductivity":142.2,"temperature":27.0,"chemical_parameter":"Solidos dissolvidos totais","chemical_concentration":130.9,"source":"SIAGAS_MS_20260814","evidence_code":"E10"}},{"type":"Feature","geometry":{"type":"Point","coordinates":[-54.778888999999936,-22.214999999999975]},"properties":{"well_id":"3500065119","municipality":"Dourados","aquifer":"Guarani","available_fields":"pH | CONDUTIVIDADE_ELETRICA | TEMPERATURA | Solidos dissolvidos totais","available_count":4,"pH":7.73000002,"electrical_conductivity":241.0,"temperature":34.2000008,"chemical_parameter":"Solidos dissolvidos totais","chemical_concentration":164.61,"source":"SIAGAS_MS_20260814","evidence_code":"E10"}},{"type":"Feature","geometry":{"type":"Point","coordinates":[-55.12396099999995,-23.502877999999953]},"properties":{"well_id":"3500071765","municipality":"Tacuru","aquifer":"Bauru_Caiua","available_fields":"pH | CONDUTIVIDADE_ELETRICA | TEMPERATURA","available_count":3,"pH":7.75,"electrical_conductivity":73.28,"temperature":26.7999992,"chemical_parameter":"","chemical_concentration":null,"source":"SIAGAS_MS_20260814","evidence_code":"E10"}},{"type":"Feature","geometry":{"type":"Point","coordinates":[-54.69910799999997,-20.873174999999947]},"properties":{"well_id":"3500071759","municipality":"Sidrolândia","aquifer":"Serra geral","available_fields":"pH | CONDUTIVIDADE_ELETRICA | TEMPERATURA","available_count":3,"pH":6.80000019,"electrical_conductivity":80.0,"temperature":21.0,"chemical_parameter":"","chemical_concentration":null,"source":"SIAGAS_MS_20260814","evidence_code":"E10"}},{"type":"Feature","geometry":{"type":"Point","coordinates":[-54.93118599999997,-22.313957999999957]},"properties":{"well_id":"3500071751","municipality":"Dourados","aquifer":"Serra geral","available_fields":"pH | CONDUTIVIDADE_ELETRICA | TEMPERATURA","available_count":3,"pH":6.4000001,"electrical_conductivity":50.0,"temperature":26.0,"chemical_parameter":"","chemical_concentration":null,"source":"SIAGAS_MS_20260814","evidence_code":"E10"}},{"type":"Feature","geometry":{"type":"Point","coordinates":[-55.433427999999935,-21.713438999999937]},"properties":{"well_id":"3500071747","municipality":"Maracaju","aquifer":"Serra geral","available_fields":"pH | CONDUTIVIDADE_ELETRICA | TEMPERATURA","available_count":3,"pH":6.4000001,"electrical_conductivity":30.0,"temperature":30.0,"chemical_parameter":"","chemical_concentration":null,"source":"SIAGAS_MS_20260814","evidence_code":"E10"}},{"type":"Feature","geometry":{"type":"Point","coordinates":[-55.17655599999995,-21.52566699999994]},"properties":{"well_id":"3500071744","municipality":"Maracaju","aquifer":"Serra geral","available_fields":"pH | CONDUTIVIDADE_ELETRICA | TEMPERATURA","available_count":3,"pH":6.84000015,"electrical_conductivity":80.78,"temperature":23.8999996,"chemical_parameter":"","chemical_concentration":null,"source":"SIAGAS_MS_20260814","evidence_code":"E10"}},{"type":"Feature","geometry":{"type":"Point","coordinates":[-53.809999999999945,-22.343055999999933]},"properties":{"well_id":"3500071692","municipality":"Ivinhema","aquifer":"Bauru_Caiua","available_fields":"pH | TEMPERATURA","available_count":2,"pH":7.34000015,"electrical_conductivity":null,"temperature":18.0,"chemical_parameter":"","chemical_concentration":null,"source":"SIAGAS_MS_20260814","evidence_code":"E10"}},{"type":"Feature","geometry":{"type":"Point","coordinates":[-55.122221999999965,-21.002777999999978]},"properties":{"well_id":"3500071647","municipality":"Sidrolândia","aquifer":"Serra geral","available_fields":"pH","available_count":1,"pH":7.40999985,"electrical_conductivity":null,"temperature":null,"chemical_parameter":"","chemical_concentration":null,"source":"SIAGAS_MS_20260814","evidence_code":"E10"}},{"type":"Feature","geometry":{"type":"Point","coordinates":[-55.19855599999994,-22.117721999999958]},"properties":{"well_id":"3500071560","municipality":"Dourados","aquifer":"Bauru_Caiua","available_fields":"pH | CONDUTIVIDADE_ELETRICA | TEMPERATURA","available_count":3,"pH":6.19999981,"electrical_conductivity":15.1,"temperature":23.0,"chemical_parameter":"","chemical_concentration":null,"source":"SIAGAS_MS_20260814","evidence_code":"E10"}},{"type":"Feature","geometry":{"type":"Point","coordinates":[-54.207735999999954,-23.04276699999997]},"properties":{"well_id":"3500071461","municipality":"Naviraí","aquifer":"Bauru_Caiua","available_fields":"pH | CONDUTIVIDADE_ELETRICA | TEMPERATURA","available_count":3,"pH":6.1500001,"electrical_conductivity":32.46,"temperature":24.0,"chemical_parameter":"","chemical_concentration":null,"source":"SIAGAS_MS_20260814","evidence_code":"E10"}},{"type":"Feature","geometry":{"type":"Point","coordinates":[-54.55236699999995,-21.799257999999952]},"properties":{"well_id":"3500071150","municipality":"Rio Brilhante","aquifer":"Serra geral","available_fields":"pH | CONDUTIVIDADE_ELETRICA | TEMPERATURA","available_count":3,"pH":6.30000019,"electrical_conductivity":259.0,"temperature":26.0,"chemical_parameter":"","chemical_concentration":null,"source":"SIAGAS_MS_20260814","evidence_code":"E10"}},{"type":"Feature","geometry":{"type":"Point","coordinates":[-53.83042199999994,-22.297118999999952]},"properties":{"well_id":"3500071138","municipality":"Ivinhema","aquifer":"Bauru_Caiua","available_fields":"pH | TEMPERATURA","available_count":2,"pH":7.0,"electrical_conductivity":null,"temperature":6.0,"chemical_parameter":"","chemical_concentration":null,"source":"SIAGAS_MS_20260814","evidence_code":"E10"}},{"type":"Feature","geometry":{"type":"Point","coordinates":[-54.81410299999993,-22.214185999999927]},"properties":{"well_id":"3500071051","municipality":"Dourados","aquifer":"Serra geral","available_fields":"pH | CONDUTIVIDADE_ELETRICA | TEMPERATURA","available_count":3,"pH":6.0999999,"electrical_conductivity":49.29,"temperature":25.0,"chemical_parameter":"","chemical_concentration":null,"source":"SIAGAS_MS_20260814","evidence_code":"E10"}},{"type":"Feature","geometry":{"type":"Point","coordinates":[-54.80253299999998,-20.86889199999996]},"properties":{"well_id":"3500071049","municipality":"Sidrolândia","aquifer":"Serra geral","available_fields":"pH | CONDUTIVIDADE_ELETRICA | TEMPERATURA","available_count":3,"pH":6.9000001,"electrical_conductivity":120.0,"temperature":23.0,"chemical_parameter":"","chemical_concentration":null,"source":"SIAGAS_MS_20260814","evidence_code":"E10"}},{"type":"Feature","geometry":{"type":"Point","coordinates":[-51.72796699999998,-20.782371999999953]},"properties":{"well_id":"3500071013","municipality":"Três Lagoas","aquifer":"Bauru_Caiua","available_fields":"pH | TEMPERATURA","available_count":2,"pH":6.30000019,"electrical_conductivity":null,"temperature":6.0,"chemical_parameter":"","chemical_concentration":null,"source":"SIAGAS_MS_20260814","evidence_code":"E10"}},{"type":"Feature","geometry":{"type":"Point","coordinates":[-54.570832999999936,-20.557199999999966]},"properties":{"well_id":"3500070968","municipality":"Campo Grande","aquifer":"Guarani","available_fields":"pH | CONDUTIVIDADE_ELETRICA | TEMPERATURA","available_count":3,"pH":7.0,"electrical_conductivity":118.0,"temperature":31.0,"chemical_parameter":"","chemical_concentration":null,"source":"SIAGAS_MS_20260814","evidence_code":"E10"}},{"type":"Feature","geometry":{"type":"Point","coordinates":[-54.12616699999995,-22.480999999999938]},"properties":{"well_id":"3500070827","municipality":"Glória de Dourados","aquifer":"Bauru_Caiua","available_fields":"pH | CONDUTIVIDADE_ELETRICA | TEMPERATURA","available_count":3,"pH":8.60999966,"electrical_conductivity":112.5,"temperature":23.0,"chemical_parameter":"","chemical_concentration":null,"source":"SIAGAS_MS_20260814","evidence_code":"E10"}},{"type":"Feature","geometry":{"type":"Point","coordinates":[-54.81269999999995,-22.22519399999993]},"properties":{"well_id":"3500070637","municipality":"Dourados","aquifer":"Serra geral","available_fields":"pH | CONDUTIVIDADE_ELETRICA | TEMPERATURA","available_count":3,"pH":6.32000017,"electrical_conductivity":207.0,"temperature":23.0,"chemical_parameter":"","chemical_concentration":null,"source":"SIAGAS_MS_20260814","evidence_code":"E10"}},{"type":"Feature","geometry":{"type":"Point","coordinates":[-54.59943899999996,-20.46549699999997]},"properties":{"well_id":"3500070615","municipality":"Campo Grande","aquifer":"Serra geral","available_fields":"pH | CONDUTIVIDADE_ELETRICA | TEMPERATURA","available_count":3,"pH":6.19999981,"electrical_conductivity":980.0,"temperature":22.0,"chemical_parameter":"","chemical_concentration":null,"source":"SIAGAS_MS_20260814","evidence_code":"E10"}},{"type":"Feature","geometry":{"type":"Point","coordinates":[-54.80659399999996,-22.222055999999952]},"properties":{"well_id":"3500070536","municipality":"Dourados","aquifer":"Serra geral","available_fields":"pH | CONDUTIVIDADE_ELETRICA","available_count":2,"pH":6.19000006,"electrical_conductivity":185.9,"temperature":null,"chemical_parameter":"","chemical_concentration":null,"source":"SIAGAS_MS_20260814","evidence_code":"E10"}},{"type":"Feature","geometry":{"type":"Point","coordinates":[-54.56825599999996,-20.46731699999998]},"properties":{"well_id":"3500070474","municipality":"Campo Grande","aquifer":"Serra geral","available_fields":"pH | CONDUTIVIDADE_ELETRICA | TEMPERATURA","available_count":3,"pH":6.80000019,"electrical_conductivity":249.59,"temperature":29.0,"chemical_parameter":"","chemical_concentration":null,"source":"SIAGAS_MS_20260814","evidence_code":"E10"}},{"type":"Feature","geometry":{"type":"Point","coordinates":[-54.38070299999998,-21.45309199999997]},"properties":{"well_id":"3500069885","municipality":"Nova Alvorada do Sul","aquifer":"Serra geral","available_fields":"pH | CONDUTIVIDADE_ELETRICA | TEMPERATURA","available_count":3,"pH":5.65999985,"electrical_conductivity":21.6,"temperature":26.0,"chemical_parameter":"","chemical_concentration":null,"source":"SIAGAS_MS_20260814","evidence_code":"E10"}},{"type":"Feature","geometry":{"type":"Point","coordinates":[-54.81196399999993,-22.611718999999937]},"properties":{"well_id":"3500069775","municipality":"Caarapó","aquifer":"Serra geral","available_fields":"pH | CONDUTIVIDADE_ELETRICA | TEMPERATURA","available_count":3,"pH":6.9000001,"electrical_conductivity":79.04,"temperature":24.0,"chemical_parameter":"","chemical_concentration":null,"source":"SIAGAS_MS_20260814","evidence_code":"E10"}},{"type":"Feature","geometry":{"type":"Point","coordinates":[-54.813455999999974,-22.221274999999935]},"properties":{"well_id":"3500069734","municipality":"Dourados","aquifer":"Serra geral","available_fields":"pH | CONDUTIVIDADE_ELETRICA | TEMPERATURA","available_count":3,"pH":8.31999969,"electrical_conductivity":376.0,"temperature":24.0,"chemical_parameter":"","chemical_concentration":null,"source":"SIAGAS_MS_20260814","evidence_code":"E10"}},{"type":"Feature","geometry":{"type":"Point","coordinates":[-55.17111099999994,-21.61722199999997]},"properties":{"well_id":"3500027069","municipality":"Maracaju","aquifer":"Guarani","available_fields":"pH | TURBIDEZ | Solidos dissolvidos totais","available_count":3,"pH":7.30000019,"electrical_conductivity":null,"temperature":null,"chemical_parameter":"Solidos dissolvidos totais","chemical_concentration":14.0,"source":"SIAGAS_MS_20260814","evidence_code":"E10"}},{"type":"Feature","geometry":{"type":"Point","coordinates":[-54.505277999999976,-20.943888999999956]},"properties":{"well_id":"3500045644","municipality":"Campo Grande","aquifer":"","available_fields":"pH | TEMPERATURA | TURBIDEZ","available_count":3,"pH":7.5999999,"electrical_conductivity":null,"temperature":24.0,"chemical_parameter":"","chemical_concentration":null,"source":"SIAGAS_MS_20260814","evidence_code":"E10"}},{"type":"Feature","geometry":{"type":"Point","coordinates":[-55.794096999999965,-20.47810599999997]},"properties":{"well_id":"3500070106","municipality":"Aquidauana","aquifer":"","available_fields":"pH","available_count":1,"pH":5.55000019,"electrical_conductivity":null,"temperature":null,"chemical_parameter":"","chemical_concentration":null,"source":"SIAGAS_MS_20260814","evidence_code":"E10"}},{"type":"Feature","geometry":{"type":"Point","coordinates":[-56.44491899999997,-21.461468999999965]},"properties":{"well_id":"3500072171","municipality":"Jardim","aquifer":"","available_fields":"pH | Solidos dissolvidos totais","available_count":2,"pH":7.51999998,"electrical_conductivity":null,"temperature":null,"chemical_parameter":"Solidos dissolvidos totais","chemical_concentration":255.0,"source":"SIAGAS_MS_20260814","evidence_code":"E10"}},{"type":"Feature","geometry":{"type":"Point","coordinates":[-56.075882999999976,-20.288996999999938]},"properties":{"well_id":"3500073189","municipality":"Aquidauana","aquifer":"","available_fields":"pH | CONDUTIVIDADE_ELETRICA | TEMPERATURA | Solidos dissolvidos totais","available_count":4,"pH":6.30000019,"electrical_conductivity":218.0,"temperature":27.3999996,"chemical_parameter":"Solidos dissolvidos totais","chemical_concentration":187.5,"source":"SIAGAS_MS_20260814","evidence_code":"E10"}},{"type":"Feature","geometry":{"type":"Point","coordinates":[-56.87093299999998,-20.85616399999998]},"properties":{"well_id":"3500073445","municipality":"Bodoquena","aquifer":"","available_fields":"pH | CONDUTIVIDADE_ELETRICA | TEMPERATURA | Solidos dissolvidos totais","available_count":4,"pH":7.5999999,"electrical_conductivity":390.0,"temperature":28.0,"chemical_parameter":"Solidos dissolvidos totais","chemical_concentration":190.0,"source":"SIAGAS_MS_20260814","evidence_code":"E10"}},{"type":"Feature","geometry":{"type":"Point","coordinates":[-55.33719999999994,-20.963985999999977]},"properties":{"well_id":"3500072610","municipality":"Dois Irmãos do Buriti","aquifer":"","available_fields":"pH | CONDUTIVIDADE_ELETRICA | Solidos dissolvidos totais","available_count":3,"pH":7.17999983,"electrical_conductivity":183.01,"temperature":null,"chemical_parameter":"Solidos dissolvidos totais","chemical_concentration":29.0,"source":"SIAGAS_MS_20260814","evidence_code":"E10"}},{"type":"Feature","geometry":{"type":"Point","coordinates":[-57.557777999999985,-19.212499999999977]},"properties":{"well_id":"3500072265","municipality":"Corumbá","aquifer":"","available_fields":"pH | CONDUTIVIDADE_ELETRICA | Solidos dissolvidos totais","available_count":3,"pH":6.9000001,"electrical_conductivity":21.6,"temperature":null,"chemical_parameter":"Solidos dissolvidos totais","chemical_concentration":13.0,"source":"SIAGAS_MS_20260814","evidence_code":"E10"}},{"type":"Feature","geometry":{"type":"Point","coordinates":[-54.558610999999985,-20.392499999999927]},"properties":{"well_id":"3500045617","municipality":"Campo Grande","aquifer":"","available_fields":"pH | TURBIDEZ","available_count":2,"pH":6.69000006,"electrical_conductivity":null,"temperature":null,"chemical_parameter":"","chemical_concentration":null,"source":"SIAGAS_MS_20260814","evidence_code":"E10"}},{"type":"Feature","geometry":{"type":"Point","coordinates":[-51.65954199999993,-20.900510999999938]},"properties":{"well_id":"3500073491","municipality":"Três Lagoas","aquifer":"","available_fields":"pH | TEMPERATURA | Solidos dissolvidos totais","available_count":3,"pH":6.4000001,"electrical_conductivity":null,"temperature":24.0,"chemical_parameter":"Solidos dissolvidos totais","chemical_concentration":72.0,"source":"SIAGAS_MS_20260814","evidence_code":"E10"}},{"type":"Feature","geometry":{"type":"Point","coordinates":[-56.48586099999994,-21.11896699999994]},"properties":{"well_id":"3500072279","municipality":"Bonito","aquifer":"","available_fields":"pH | CONDUTIVIDADE_ELETRICA | TEMPERATURA | Solidos dissolvidos totais","available_count":4,"pH":6.96999979,"electrical_conductivity":632.0,"temperature":21.6000004,"chemical_parameter":"Solidos dissolvidos totais","chemical_concentration":404.0,"source":"SIAGAS_MS_20260814","evidence_code":"E10"}},{"type":"Feature","geometry":{"type":"Point","coordinates":[-56.40527799999995,-21.142499999999927]},"properties":{"well_id":"3500073408","municipality":"Bonito","aquifer":"","available_fields":"pH | CONDUTIVIDADE_ELETRICA | TEMPERATURA | Solidos dissolvidos totais","available_count":4,"pH":6.30000019,"electrical_conductivity":231.0,"temperature":21.0,"chemical_parameter":"Solidos dissolvidos totais","chemical_concentration":150.0,"source":"SIAGAS_MS_20260814","evidence_code":"E10"}},{"type":"Feature","geometry":{"type":"Point","coordinates":[-55.80395299999998,-20.48318899999998]},"properties":{"well_id":"3500073028","municipality":"Anastácio","aquifer":"","available_fields":"pH | CONDUTIVIDADE_ELETRICA | TEMPERATURA | Solidos dissolvidos totais","available_count":4,"pH":6.69999981,"electrical_conductivity":315.0,"temperature":25.0,"chemical_parameter":"Solidos dissolvidos totais","chemical_concentration":100.0,"source":"SIAGAS_MS_20260814","evidence_code":"E10"}},{"type":"Feature","geometry":{"type":"Point","coordinates":[-56.51694199999997,-21.112805999999978]},"properties":{"well_id":"3500073921","municipality":"Bonito","aquifer":"","available_fields":"pH | CONDUTIVIDADE_ELETRICA | TEMPERATURA | Solidos dissolvidos totais","available_count":4,"pH":7.0999999,"electrical_conductivity":475.0,"temperature":24.0,"chemical_parameter":"Solidos dissolvidos totais","chemical_concentration":216.0,"source":"SIAGAS_MS_20260814","evidence_code":"E10"}},{"type":"Feature","geometry":{"type":"Point","coordinates":[-54.84120799999994,-22.64687799999996]},"properties":{"well_id":"3500073101","municipality":"Caarapó","aquifer":"","available_fields":"pH | CONDUTIVIDADE_ELETRICA | Solidos dissolvidos totais","available_count":3,"pH":7.4000001,"electrical_conductivity":138.1,"temperature":null,"chemical_parameter":"Solidos dissolvidos totais","chemical_concentration":89.8,"source":"SIAGAS_MS_20260814","evidence_code":"E10"}},{"type":"Feature","geometry":{"type":"Point","coordinates":[-56.13722199999995,-21.475277999999946]},"properties":{"well_id":"3500073866","municipality":"Jardim","aquifer":"","available_fields":"pH | CONDUTIVIDADE_ELETRICA | TEMPERATURA | Solidos dissolvidos totais","available_count":4,"pH":6.0,"electrical_conductivity":24.14,"temperature":28.0,"chemical_parameter":"Solidos dissolvidos totais","chemical_concentration":55.0,"source":"SIAGAS_MS_20260814","evidence_code":"E10"}},{"type":"Feature","geometry":{"type":"Point","coordinates":[-54.48698099999996,-22.24158099999994]},"properties":{"well_id":"3500073673","municipality":"Dourados","aquifer":"","available_fields":"pH | CONDUTIVIDADE_ELETRICA | TEMPERATURA | Solidos dissolvidos totais","available_count":4,"pH":6.42000008,"electrical_conductivity":71.25,"temperature":24.0,"chemical_parameter":"Solidos dissolvidos totais","chemical_concentration":46.0,"source":"SIAGAS_MS_20260814","evidence_code":"E10"}},{"type":"Feature","geometry":{"type":"Point","coordinates":[-56.80659399999996,-20.024399999999957]},"properties":{"well_id":"3500073076","municipality":"Miranda","aquifer":"","available_fields":"pH | CONDUTIVIDADE_ELETRICA | TEMPERATURA | Solidos dissolvidos totais","available_count":4,"pH":6.96999979,"electrical_conductivity":1233.0,"temperature":27.0,"chemical_parameter":"Solidos dissolvidos totais","chemical_concentration":770.0,"source":"SIAGAS_MS_20260814","evidence_code":"E10"}},{"type":"Feature","geometry":{"type":"Point","coordinates":[-51.724388999999974,-20.807777999999928]},"properties":{"well_id":"3500073553","municipality":"Três Lagoas","aquifer":"","available_fields":"pH | Solidos dissolvidos totais","available_count":2,"pH":5.5999999,"electrical_conductivity":null,"temperature":null,"chemical_parameter":"Solidos dissolvidos totais","chemical_concentration":28.3,"source":"SIAGAS_MS_20260814","evidence_code":"E10"}},{"type":"Feature","geometry":{"type":"Point","coordinates":[-54.228043999999954,-23.08329999999995]},"properties":{"well_id":"3500073562","municipality":"Naviraí","aquifer":"Bauru","available_fields":"pH | TEMPERATURA | Solidos dissolvidos totais","available_count":3,"pH":5.84000015,"electrical_conductivity":null,"temperature":25.6000004,"chemical_parameter":"Solidos dissolvidos totais","chemical_concentration":57.0,"source":"SIAGAS_MS_20260814","evidence_code":"E10"}},{"type":"Feature","geometry":{"type":"Point","coordinates":[-52.721149999999966,-19.71252499999997]},"properties":{"well_id":"3500073559","municipality":"Água Clara","aquifer":"Bauru","available_fields":"pH | TEMPERATURA | Solidos dissolvidos totais","available_count":3,"pH":7.0999999,"electrical_conductivity":null,"temperature":26.3999996,"chemical_parameter":"Solidos dissolvidos totais","chemical_concentration":99.0,"source":"SIAGAS_MS_20260814","evidence_code":"E10"}},{"type":"Feature","geometry":{"type":"Point","coordinates":[-53.63926699999996,-19.386560999999972]},"properties":{"well_id":"3500073566","municipality":"Camapuã","aquifer":"Bauru","available_fields":"pH | TEMPERATURA | Solidos dissolvidos totais","available_count":3,"pH":6.01000023,"electrical_conductivity":null,"temperature":29.0,"chemical_parameter":"Solidos dissolvidos totais","chemical_concentration":78.0,"source":"SIAGAS_MS_20260814","evidence_code":"E10"}},{"type":"Feature","geometry":{"type":"Point","coordinates":[-53.23169699999994,-21.15493299999997]},"properties":{"well_id":"3500073587","municipality":"Ribas do Rio Pardo","aquifer":"Bauru","available_fields":"pH | CONDUTIVIDADE_ELETRICA | TEMPERATURA | Solidos dissolvidos totais","available_count":4,"pH":7.19999981,"electrical_conductivity":22.0,"temperature":24.7999992,"chemical_parameter":"Solidos dissolvidos totais","chemical_concentration":12.0,"source":"SIAGAS_MS_20260814","evidence_code":"E10"}},{"type":"Feature","geometry":{"type":"Point","coordinates":[-54.95674999999994,-21.019896999999958]},"properties":{"well_id":"3500073586","municipality":"Sidrolândia","aquifer":"Serra geral","available_fields":"pH | CONDUTIVIDADE_ELETRICA | Solidos dissolvidos totais","available_count":3,"pH":6.69000006,"electrical_conductivity":31.1,"temperature":null,"chemical_parameter":"Solidos dissolvidos totais","chemical_concentration":16.0,"source":"SIAGAS_MS_20260814","evidence_code":"E10"}},{"type":"Feature","geometry":{"type":"Point","coordinates":[-54.430721999999946,-22.510860999999977]},"properties":{"well_id":"3500073603","municipality":"Vicentina","aquifer":"Serra geral","available_fields":"pH | CONDUTIVIDADE_ELETRICA | TEMPERATURA | Solidos dissolvidos totais","available_count":4,"pH":5.57999992,"electrical_conductivity":24.66,"temperature":24.7999992,"chemical_parameter":"Solidos dissolvidos totais","chemical_concentration":16.02,"source":"SIAGAS_MS_20260814","evidence_code":"E10"}},{"type":"Feature","geometry":{"type":"Point","coordinates":[-54.03694399999995,-19.539165999999966]},"properties":{"well_id":"3500023250","municipality":"Camapuã","aquifer":"Guarani","available_fields":"pH | Solidos dissolvidos totais","available_count":2,"pH":7.69999981,"electrical_conductivity":null,"temperature":null,"chemical_parameter":"Solidos dissolvidos totais","chemical_concentration":177.1,"source":"SIAGAS_MS_20260814","evidence_code":"E10"}},{"type":"Feature","geometry":{"type":"Point","coordinates":[-53.81138899999996,-22.29277799999994]},"properties":{"well_id":"3500045663","municipality":"Ivinhema","aquifer":"Caiua","available_fields":"pH | TURBIDEZ","available_count":2,"pH":5.69999981,"electrical_conductivity":null,"temperature":null,"chemical_parameter":"","chemical_concentration":null,"source":"SIAGAS_MS_20260814","evidence_code":"E10"}},{"type":"Feature","geometry":{"type":"Point","coordinates":[-54.19311699999997,-23.003538999999932]},"properties":{"well_id":"3500073606","municipality":"Naviraí","aquifer":"Serra geral","available_fields":"pH | CONDUTIVIDADE_ELETRICA | TEMPERATURA | Solidos dissolvidos totais","available_count":4,"pH":6.25,"electrical_conductivity":13.9,"temperature":23.0,"chemical_parameter":"Solidos dissolvidos totais","chemical_concentration":5.0,"source":"SIAGAS_MS_20260814","evidence_code":"E10"}},{"type":"Feature","geometry":{"type":"Point","coordinates":[-54.32291699999996,-22.552610999999956]},"properties":{"well_id":"3500073605","municipality":"Jateí","aquifer":"Bauru","available_fields":"pH | CONDUTIVIDADE_ELETRICA | TEMPERATURA | Solidos dissolvidos totais","available_count":4,"pH":5.63000011,"electrical_conductivity":13.39,"temperature":24.0,"chemical_parameter":"Solidos dissolvidos totais","chemical_concentration":8.7,"source":"SIAGAS_MS_20260814","evidence_code":"E10"}},{"type":"Feature","geometry":{"type":"Point","coordinates":[-54.593302999999935,-19.273755999999935]},"properties":{"well_id":"3500073612","municipality":"São Gabriel do Oeste","aquifer":"Botucatu","available_fields":"pH | CONDUTIVIDADE_ELETRICA | TEMPERATURA | Solidos dissolvidos totais","available_count":4,"pH":5.9000001,"electrical_conductivity":14.85,"temperature":26.0,"chemical_parameter":"Solidos dissolvidos totais","chemical_concentration":19.15,"source":"SIAGAS_MS_20260814","evidence_code":"E10"}},{"type":"Feature","geometry":{"type":"Point","coordinates":[-54.549327999999946,-19.428649999999948]},"properties":{"well_id":"3500073615","municipality":"São Gabriel do Oeste","aquifer":"Botucatu","available_fields":"pH | CONDUTIVIDADE_ELETRICA | TEMPERATURA | Solidos dissolvidos totais","available_count":4,"pH":6.30000019,"electrical_conductivity":39.31,"temperature":24.0,"chemical_parameter":"Solidos dissolvidos totais","chemical_concentration":19.15,"source":"SIAGAS_MS_20260814","evidence_code":"E10"}},{"type":"Feature","geometry":{"type":"Point","coordinates":[-54.59654399999994,-20.437260999999978]},"properties":{"well_id":"3500073622","municipality":"Campo Grande","aquifer":"Serra geral","available_fields":"pH | CONDUTIVIDADE_ELETRICA | TEMPERATURA | Solidos dissolvidos totais","available_count":4,"pH":7.42999983,"electrical_conductivity":190.0,"temperature":21.0,"chemical_parameter":"Solidos dissolvidos totais","chemical_concentration":91.0,"source":"SIAGAS_MS_20260814","evidence_code":"E10"}},{"type":"Feature","geometry":{"type":"Point","coordinates":[-52.864018999999985,-20.44717499999996]},"properties":{"well_id":"3500073625","municipality":"Água Clara","aquifer":"Bauru","available_fields":"pH | CONDUTIVIDADE_ELETRICA | TEMPERATURA | Solidos dissolvidos totais","available_count":4,"pH":8.60000038,"electrical_conductivity":119.9,"temperature":25.0,"chemical_parameter":"Solidos dissolvidos totais","chemical_concentration":78.0,"source":"SIAGAS_MS_20260814","evidence_code":"E10"}},{"type":"Feature","geometry":{"type":"Point","coordinates":[-54.585455999999965,-20.546635999999978]},"properties":{"well_id":"3500073649","municipality":"Campo Grande","aquifer":"Serra geral","available_fields":"pH | CONDUTIVIDADE_ELETRICA | TEMPERATURA | Solidos dissolvidos totais","available_count":4,"pH":5.44999981,"electrical_conductivity":114.7,"temperature":28.0,"chemical_parameter":"Solidos dissolvidos totais","chemical_concentration":100.0,"source":"SIAGAS_MS_20260814","evidence_code":"E10"}},{"type":"Feature","geometry":{"type":"Point","coordinates":[-51.99716099999995,-21.29131099999995]},"properties":{"well_id":"3500073651","municipality":"Brasilândia","aquifer":"Bauru","available_fields":"pH | TEMPERATURA | Solidos dissolvidos totais","available_count":3,"pH":6.4000001,"electrical_conductivity":null,"temperature":23.1000004,"chemical_parameter":"Solidos dissolvidos totais","chemical_concentration":11.0,"source":"SIAGAS_MS_20260814","evidence_code":"E10"}},{"type":"Feature","geometry":{"type":"Point","coordinates":[-52.36933299999998,-21.58011099999993]},"properties":{"well_id":"3500073669","municipality":"Santa Rita do Pardo","aquifer":"Bauru","available_fields":"pH | CONDUTIVIDADE_ELETRICA | TEMPERATURA | Solidos dissolvidos totais","available_count":4,"pH":5.30999994,"electrical_conductivity":7.27,"temperature":24.0,"chemical_parameter":"Solidos dissolvidos totais","chemical_concentration":5.0,"source":"SIAGAS_MS_20260814","evidence_code":"E10"}},{"type":"Feature","geometry":{"type":"Point","coordinates":[-54.61112499999996,-22.555780999999968]},"properties":{"well_id":"3500073677","municipality":"Caarapó","aquifer":"Bauru","available_fields":"pH | CONDUTIVIDADE_ELETRICA | TEMPERATURA | Solidos dissolvidos totais","available_count":4,"pH":6.69999981,"electrical_conductivity":64.0,"temperature":26.0,"chemical_parameter":"Solidos dissolvidos totais","chemical_concentration":13.0,"source":"SIAGAS_MS_20260814","evidence_code":"E10"}},{"type":"Feature","geometry":{"type":"Point","coordinates":[-54.69046899999995,-22.614624999999933]},"properties":{"well_id":"3500073683","municipality":"Caarapó","aquifer":"Bauru","available_fields":"pH | TEMPERATURA | Solidos dissolvidos totais","available_count":3,"pH":7.21000004,"electrical_conductivity":null,"temperature":26.2999992,"chemical_parameter":"Solidos dissolvidos totais","chemical_concentration":95.0,"source":"SIAGAS_MS_20260814","evidence_code":"E10"}},{"type":"Feature","geometry":{"type":"Point","coordinates":[-54.58253599999995,-20.422388999999953]},"properties":{"well_id":"3500073696","municipality":"Campo Grande","aquifer":"Serra geral","available_fields":"pH | TEMPERATURA | Solidos dissolvidos totais","available_count":3,"pH":4.9000001,"electrical_conductivity":null,"temperature":26.5,"chemical_parameter":"Solidos dissolvidos totais","chemical_concentration":125.0,"source":"SIAGAS_MS_20260814","evidence_code":"E10"}},{"type":"Feature","geometry":{"type":"Point","coordinates":[-51.66837799999996,-20.748118999999974]},"properties":{"well_id":"3500073703","municipality":"Três Lagoas","aquifer":"Serra geral","available_fields":"pH | TEMPERATURA | Solidos dissolvidos totais","available_count":3,"pH":6.0,"electrical_conductivity":null,"temperature":28.0,"chemical_parameter":"Solidos dissolvidos totais","chemical_concentration":17.0,"source":"SIAGAS_MS_20260814","evidence_code":"E10"}},{"type":"Feature","geometry":{"type":"Point","coordinates":[-52.83388899999994,-21.311110999999983]},"properties":{"well_id":"3500073702","municipality":"Santa Rita do Pardo","aquifer":"Bauru","available_fields":"pH | CONDUTIVIDADE_ELETRICA | TEMPERATURA | Solidos dissolvidos totais","available_count":4,"pH":6.69999981,"electrical_conductivity":11.0,"temperature":23.0,"chemical_parameter":"Solidos dissolvidos totais","chemical_concentration":28.0,"source":"SIAGAS_MS_20260814","evidence_code":"E10"}},{"type":"Feature","geometry":{"type":"Point","coordinates":[-54.54722199999998,-20.462499999999977]},"properties":{"well_id":"3500073705","municipality":"Campo Grande","aquifer":"Serra geral","available_fields":"pH | TEMPERATURA | Solidos dissolvidos totais","available_count":3,"pH":6.0,"electrical_conductivity":null,"temperature":30.0,"chemical_parameter":"Solidos dissolvidos totais","chemical_concentration":30.0,"source":"SIAGAS_MS_20260814","evidence_code":"E10"}},{"type":"Feature","geometry":{"type":"Point","coordinates":[-51.92356399999994,-19.733093999999937]},"properties":{"well_id":"3500073722","municipality":"Inocência","aquifer":"Bauru","available_fields":"pH | TEMPERATURA | Solidos dissolvidos totais","available_count":3,"pH":6.84000015,"electrical_conductivity":null,"temperature":28.6000004,"chemical_parameter":"Solidos dissolvidos totais","chemical_concentration":131.0,"source":"SIAGAS_MS_20260814","evidence_code":"E10"}},{"type":"Feature","geometry":{"type":"Point","coordinates":[-54.15457199999997,-22.37359699999996]},"properties":{"well_id":"3500073721","municipality":"Glória de Dourados","aquifer":"Bauru","available_fields":"pH | TEMPERATURA | Solidos dissolvidos totais","available_count":3,"pH":5.84000015,"electrical_conductivity":null,"temperature":19.0,"chemical_parameter":"Solidos dissolvidos totais","chemical_concentration":78.3,"source":"SIAGAS_MS_20260814","evidence_code":"E10"}},{"type":"Feature","geometry":{"type":"Point","coordinates":[-54.15667199999996,-22.44776399999995]},"properties":{"well_id":"3500073728","municipality":"Glória de Dourados","aquifer":"Bauru","available_fields":"pH | CONDUTIVIDADE_ELETRICA | TEMPERATURA | Solidos dissolvidos totais","available_count":4,"pH":5.8499999,"electrical_conductivity":101.2,"temperature":18.0,"chemical_parameter":"Solidos dissolvidos totais","chemical_concentration":96.2,"source":"SIAGAS_MS_20260814","evidence_code":"E10"}},{"type":"Feature","geometry":{"type":"Point","coordinates":[-54.040277999999944,-20.45194399999997]},"properties":{"well_id":"3500073745","municipality":"Ribas do Rio Pardo","aquifer":"Serra geral","available_fields":"pH | TEMPERATURA | Solidos dissolvidos totais","available_count":3,"pH":6.61000013,"electrical_conductivity":null,"temperature":24.0,"chemical_parameter":"Solidos dissolvidos totais","chemical_concentration":78.0,"source":"SIAGAS_MS_20260814","evidence_code":"E10"}},{"type":"Feature","geometry":{"type":"Point","coordinates":[-54.59883899999994,-20.439327999999932]},"properties":{"well_id":"3500073751","municipality":"Campo Grande","aquifer":"Serra geral","available_fields":"pH | CONDUTIVIDADE_ELETRICA | TEMPERATURA | Solidos dissolvidos totais","available_count":4,"pH":6.80000019,"electrical_conductivity":181.7,"temperature":26.0,"chemical_parameter":"Solidos dissolvidos totais","chemical_concentration":90.0,"source":"SIAGAS_MS_20260814","evidence_code":"E10"}},{"type":"Feature","geometry":{"type":"Point","coordinates":[-52.36891899999995,-18.909427999999934]},"properties":{"well_id":"3500073763","municipality":"Cassilândia","aquifer":"Serra geral","available_fields":"pH | CONDUTIVIDADE_ELETRICA | Solidos dissolvidos totais","available_count":3,"pH":5.61000013,"electrical_conductivity":45.5,"temperature":null,"chemical_parameter":"Solidos dissolvidos totais","chemical_concentration":176.0,"source":"SIAGAS_MS_20260814","evidence_code":"E10"}},{"type":"Feature","geometry":{"type":"Point","coordinates":[-54.51536699999997,-23.80570799999998]},"properties":{"well_id":"3500073783","municipality":"Japorã","aquifer":"Bauru","available_fields":"pH | CONDUTIVIDADE_ELETRICA | TEMPERATURA | Solidos dissolvidos totais","available_count":4,"pH":5.19000006,"electrical_conductivity":10.32,"temperature":23.0,"chemical_parameter":"Solidos dissolvidos totais","chemical_concentration":7.0,"source":"SIAGAS_MS_20260814","evidence_code":"E10"}},{"type":"Feature","geometry":{"type":"Point","coordinates":[-54.47489399999995,-22.24026699999996]},"properties":{"well_id":"3500073776","municipality":"Dourados","aquifer":"Serra geral","available_fields":"pH | CONDUTIVIDADE_ELETRICA | TEMPERATURA | Solidos dissolvidos totais","available_count":4,"pH":7.42000008,"electrical_conductivity":141.3,"temperature":24.0,"chemical_parameter":"Solidos dissolvidos totais","chemical_concentration":91.8,"source":"SIAGAS_MS_20260814","evidence_code":"E10"}},{"type":"Feature","geometry":{"type":"Point","coordinates":[-53.85019399999993,-23.046471999999937]},"properties":{"well_id":"3500073775","municipality":"Naviraí","aquifer":"Bauru","available_fields":"pH | CONDUTIVIDADE_ELETRICA | TEMPERATURA | Solidos dissolvidos totais","available_count":4,"pH":4.98000002,"electrical_conductivity":26.21,"temperature":24.0,"chemical_parameter":"Solidos dissolvidos totais","chemical_concentration":17.03,"source":"SIAGAS_MS_20260814","evidence_code":"E10"}},{"type":"Feature","geometry":{"type":"Point","coordinates":[-54.90544399999993,-20.311166999999955]},"properties":{"well_id":"3500073804","municipality":"Terenos","aquifer":"Serra geral","available_fields":"pH | CONDUTIVIDADE_ELETRICA | TEMPERATURA | Solidos dissolvidos totais","available_count":4,"pH":4.92000008,"electrical_conductivity":57.9,"temperature":25.7999992,"chemical_parameter":"Solidos dissolvidos totais","chemical_concentration":66.0,"source":"SIAGAS_MS_20260814","evidence_code":"E10"}},{"type":"Feature","geometry":{"type":"Point","coordinates":[-54.572757999999965,-20.46248099999997]},"properties":{"well_id":"3500073803","municipality":"Campo Grande","aquifer":"Serra geral","available_fields":"pH | CONDUTIVIDADE_ELETRICA | TEMPERATURA | Solidos dissolvidos totais","available_count":4,"pH":6.53999996,"electrical_conductivity":106.0,"temperature":25.0,"chemical_parameter":"Solidos dissolvidos totais","chemical_concentration":44.0,"source":"SIAGAS_MS_20260814","evidence_code":"E10"}},{"type":"Feature","geometry":{"type":"Point","coordinates":[-54.295924999999954,-20.71793299999996]},"properties":{"well_id":"3500073800","municipality":"Campo Grande","aquifer":"Bauru","available_fields":"pH | CONDUTIVIDADE_ELETRICA | Solidos dissolvidos totais","available_count":3,"pH":5.23000002,"electrical_conductivity":15.0,"temperature":null,"chemical_parameter":"Solidos dissolvidos totais","chemical_concentration":18.0,"source":"SIAGAS_MS_20260814","evidence_code":"E10"}},{"type":"Feature","geometry":{"type":"Point","coordinates":[-54.09583299999997,-20.471638999999982]},"properties":{"well_id":"3500073805","municipality":"Ribas do Rio Pardo","aquifer":"Bauru","available_fields":"pH | CONDUTIVIDADE_ELETRICA | TEMPERATURA | Solidos dissolvidos totais","available_count":4,"pH":8.30000019,"electrical_conductivity":3.05,"temperature":24.8999996,"chemical_parameter":"Solidos dissolvidos totais","chemical_concentration":43.0,"source":"SIAGAS_MS_20260814","evidence_code":"E10"}},{"type":"Feature","geometry":{"type":"Point","coordinates":[-54.13759999999996,-22.403416999999934]},"properties":{"well_id":"3500073814","municipality":"Glória de Dourados","aquifer":"Bauru","available_fields":"pH | CONDUTIVIDADE_ELETRICA | TEMPERATURA | Solidos dissolvidos totais","available_count":4,"pH":7.0999999,"electrical_conductivity":96.5,"temperature":28.0,"chemical_parameter":"Solidos dissolvidos totais","chemical_concentration":63.2,"source":"SIAGAS_MS_20260814","evidence_code":"E10"}},{"type":"Feature","geometry":{"type":"Point","coordinates":[-54.57777799999997,-19.489999999999952]},"properties":{"well_id":"3500073823","municipality":"São Gabriel do Oeste","aquifer":"Serra geral","available_fields":"pH | CONDUTIVIDADE_ELETRICA | TEMPERATURA | Solidos dissolvidos totais","available_count":4,"pH":6.0999999,"electrical_conductivity":10.0,"temperature":23.0,"chemical_parameter":"Solidos dissolvidos totais","chemical_concentration":0.5,"source":"SIAGAS_MS_20260814","evidence_code":"E10"}},{"type":"Feature","geometry":{"type":"Point","coordinates":[-53.351805999999954,-22.254193999999927]},"properties":{"well_id":"3500073822","municipality":"Nova Andradina","aquifer":"Bauru","available_fields":"pH | CONDUTIVIDADE_ELETRICA | TEMPERATURA | Solidos dissolvidos totais","available_count":4,"pH":5.05999994,"electrical_conductivity":70.5,"temperature":28.0,"chemical_parameter":"Solidos dissolvidos totais","chemical_concentration":98.0,"source":"SIAGAS_MS_20260814","evidence_code":"E10"}},{"type":"Feature","geometry":{"type":"Point","coordinates":[-54.152382999999986,-22.374382999999966]},"properties":{"well_id":"3500073829","municipality":"Glória de Dourados","aquifer":"Bauru","available_fields":"pH | CONDUTIVIDADE_ELETRICA | TEMPERATURA | Solidos dissolvidos totais","available_count":4,"pH":6.5,"electrical_conductivity":83.5,"temperature":18.0,"chemical_parameter":"Solidos dissolvidos totais","chemical_concentration":54.3,"source":"SIAGAS_MS_20260814","evidence_code":"E10"}},{"type":"Feature","geometry":{"type":"Point","coordinates":[-52.875193999999965,-20.440638999999976]},"properties":{"well_id":"3500073828","municipality":"Água Clara","aquifer":"Bauru","available_fields":"pH | Solidos dissolvidos totais","available_count":2,"pH":7.30000019,"electrical_conductivity":null,"temperature":null,"chemical_parameter":"Solidos dissolvidos totais","chemical_concentration":141.1,"source":"SIAGAS_MS_20260814","evidence_code":"E10"}},{"type":"Feature","geometry":{"type":"Point","coordinates":[-55.73474999999996,-22.529457999999977]},"properties":{"well_id":"3500073827","municipality":"Ponta Porã","aquifer":"Bauru","available_fields":"pH | CONDUTIVIDADE_ELETRICA | TEMPERATURA | Solidos dissolvidos totais","available_count":4,"pH":6.40999985,"electrical_conductivity":54.33,"temperature":23.0,"chemical_parameter":"Solidos dissolvidos totais","chemical_concentration":35.0,"source":"SIAGAS_MS_20260814","evidence_code":"E10"}},{"type":"Feature","geometry":{"type":"Point","coordinates":[-54.972388999999964,-20.98510299999998]},"properties":{"well_id":"3500073845","municipality":"Sidrolândia","aquifer":"Serra geral","available_fields":"pH | TEMPERATURA | Solidos dissolvidos totais","available_count":3,"pH":7.78000021,"electrical_conductivity":null,"temperature":25.2999992,"chemical_parameter":"Solidos dissolvidos totais","chemical_concentration":28.0,"source":"SIAGAS_MS_20260814","evidence_code":"E10"}},{"type":"Feature","geometry":{"type":"Point","coordinates":[-54.63333099999994,-20.45676099999997]},"properties":{"well_id":"3500073862","municipality":"Campo Grande","aquifer":"Serra geral","available_fields":"pH | CONDUTIVIDADE_ELETRICA | TEMPERATURA | Solidos dissolvidos totais","available_count":4,"pH":6.4000001,"electrical_conductivity":170.0,"temperature":24.0,"chemical_parameter":"Solidos dissolvidos totais","chemical_concentration":80.0,"source":"SIAGAS_MS_20260814","evidence_code":"E10"}},{"type":"Feature","geometry":{"type":"Point","coordinates":[-54.78669699999995,-22.10638899999998]},"properties":{"well_id":"3500073869","municipality":"Itaporã","aquifer":"Serra geral","available_fields":"pH | CONDUTIVIDADE_ELETRICA | TEMPERATURA | Solidos dissolvidos totais","available_count":4,"pH":5.30000019,"electrical_conductivity":150.5,"temperature":24.0,"chemical_parameter":"Solidos dissolvidos totais","chemical_concentration":97.8,"source":"SIAGAS_MS_20260814","evidence_code":"E10"}},{"type":"Feature","geometry":{"type":"Point","coordinates":[-54.750363999999934,-22.05711699999995]},"properties":{"well_id":"3500073868","municipality":"Itaporã","aquifer":"Serra geral","available_fields":"pH | CONDUTIVIDADE_ELETRICA | TEMPERATURA | Solidos dissolvidos totais","available_count":4,"pH":6.69999981,"electrical_conductivity":180.0,"temperature":24.0,"chemical_parameter":"Solidos dissolvidos totais","chemical_concentration":96.0,"source":"SIAGAS_MS_20260814","evidence_code":"E10"}},{"type":"Feature","geometry":{"type":"Point","coordinates":[-54.186860999999965,-22.37591699999996]},"properties":{"well_id":"3500073876","municipality":"Glória de Dourados","aquifer":"Bauru","available_fields":"pH | CONDUTIVIDADE_ELETRICA | TEMPERATURA | Solidos dissolvidos totais","available_count":4,"pH":5.17000008,"electrical_conductivity":11.6,"temperature":22.0,"chemical_parameter":"Solidos dissolvidos totais","chemical_concentration":10.0,"source":"SIAGAS_MS_20260814","evidence_code":"E10"}},{"type":"Feature","geometry":{"type":"Point","coordinates":[-54.969749999999976,-20.97856399999995]},"properties":{"well_id":"3500073893","municipality":"Sidrolândia","aquifer":"Serra geral","available_fields":"pH | CONDUTIVIDADE_ELETRICA | Solidos dissolvidos totais","available_count":3,"pH":6.69999981,"electrical_conductivity":50.0,"temperature":null,"chemical_parameter":"Solidos dissolvidos totais","chemical_concentration":20.0,"source":"SIAGAS_MS_20260814","evidence_code":"E10"}},{"type":"Feature","geometry":{"type":"Point","coordinates":[-54.73998599999993,-20.490993999999944]},"properties":{"well_id":"3500073892","municipality":"Campo Grande","aquifer":"Serra geral","available_fields":"pH | CONDUTIVIDADE_ELETRICA | TEMPERATURA | Solidos dissolvidos totais","available_count":4,"pH":7.5,"electrical_conductivity":40.0,"temperature":25.0,"chemical_parameter":"Solidos dissolvidos totais","chemical_concentration":20.0,"source":"SIAGAS_MS_20260814","evidence_code":"E10"}},{"type":"Feature","geometry":{"type":"Point","coordinates":[-54.38143899999994,-21.45358099999993]},"properties":{"well_id":"3500073898","municipality":"Nova Alvorada do Sul","aquifer":"Serra geral","available_fields":"pH | CONDUTIVIDADE_ELETRICA | TEMPERATURA | Solidos dissolvidos totais","available_count":4,"pH":5.61999989,"electrical_conductivity":5.6,"temperature":23.0,"chemical_parameter":"Solidos dissolvidos totais","chemical_concentration":61.0,"source":"SIAGAS_MS_20260814","evidence_code":"E10"}},{"type":"Feature","geometry":{"type":"Point","coordinates":[-54.63782199999997,-22.255218999999954]},"properties":{"well_id":"3500073900","municipality":"Dourados","aquifer":"Serra geral","available_fields":"pH | CONDUTIVIDADE_ELETRICA | TEMPERATURA | Solidos dissolvidos totais","available_count":4,"pH":6.4000001,"electrical_conductivity":90.48,"temperature":27.0,"chemical_parameter":"Solidos dissolvidos totais","chemical_concentration":58.81,"source":"SIAGAS_MS_20260814","evidence_code":"E10"}},{"type":"Feature","geometry":{"type":"Point","coordinates":[-54.76141099999995,-20.475652999999966]},"properties":{"well_id":"3500073905","municipality":"Campo Grande","aquifer":"Serra geral","available_fields":"pH | CONDUTIVIDADE_ELETRICA | TEMPERATURA | Solidos dissolvidos totais","available_count":4,"pH":6.4000001,"electrical_conductivity":101.4,"temperature":25.0,"chemical_parameter":"Solidos dissolvidos totais","chemical_concentration":45.0,"source":"SIAGAS_MS_20260814","evidence_code":"E10"}},{"type":"Feature","geometry":{"type":"Point","coordinates":[-54.25779199999994,-22.29237799999993]},"properties":{"well_id":"3500073911","municipality":"Deodápolis","aquifer":"Serra geral","available_fields":"pH | CONDUTIVIDADE_ELETRICA | TEMPERATURA | Solidos dissolvidos totais","available_count":4,"pH":5.94999981,"electrical_conductivity":512.5,"temperature":24.0,"chemical_parameter":"Solidos dissolvidos totais","chemical_concentration":256.4,"source":"SIAGAS_MS_20260814","evidence_code":"E10"}},{"type":"Feature","geometry":{"type":"Point","coordinates":[-54.49388899999997,-22.284166999999968]},"properties":{"well_id":"3500073926","municipality":"Dourados","aquifer":"Serra geral","available_fields":"pH | CONDUTIVIDADE_ELETRICA | TEMPERATURA | Solidos dissolvidos totais","available_count":4,"pH":7.03000021,"electrical_conductivity":65.71,"temperature":19.0,"chemical_parameter":"Solidos dissolvidos totais","chemical_concentration":43.0,"source":"SIAGAS_MS_20260814","evidence_code":"E10"}},{"type":"Feature","geometry":{"type":"Point","coordinates":[-55.178218999999956,-23.14698599999997]},"properties":{"well_id":"3500073931","municipality":"Amambai","aquifer":"Serra geral","available_fields":"pH | CONDUTIVIDADE_ELETRICA | TEMPERATURA | Solidos dissolvidos totais","available_count":4,"pH":4.96999979,"electrical_conductivity":14.97,"temperature":22.8999996,"chemical_parameter":"Solidos dissolvidos totais","chemical_concentration":10.0,"source":"SIAGAS_MS_20260814","evidence_code":"E10"}},{"type":"Feature","geometry":{"type":"Point","coordinates":[-54.19836899999996,-23.071413999999947]},"properties":{"well_id":"3500073938","municipality":"Naviraí","aquifer":"Bauru","available_fields":"pH | CONDUTIVIDADE_ELETRICA | TEMPERATURA | Solidos dissolvidos totais","available_count":4,"pH":7.76999998,"electrical_conductivity":165.1,"temperature":21.0,"chemical_parameter":"Solidos dissolvidos totais","chemical_concentration":149.0,"source":"SIAGAS_MS_20260814","evidence_code":"E10"}},{"type":"Feature","geometry":{"type":"Point","coordinates":[-54.180635999999936,-22.524377999999956]},"properties":{"well_id":"3500073949","municipality":"Jateí","aquifer":"Bauru","available_fields":"pH | CONDUTIVIDADE_ELETRICA | TEMPERATURA | Solidos dissolvidos totais","available_count":4,"pH":6.05000019,"electrical_conductivity":24.96,"temperature":24.0,"chemical_parameter":"Solidos dissolvidos totais","chemical_concentration":13.14,"source":"SIAGAS_MS_20260814","evidence_code":"E10"}},{"type":"Feature","geometry":{"type":"Point","coordinates":[-54.184305999999935,-22.33084199999996]},"properties":{"well_id":"3500073948","municipality":"Glória de Dourados","aquifer":"Bauru","available_fields":"pH | CONDUTIVIDADE_ELETRICA | TEMPERATURA | Solidos dissolvidos totais","available_count":4,"pH":7.40999985,"electrical_conductivity":19.23,"temperature":29.0,"chemical_parameter":"Solidos dissolvidos totais","chemical_concentration":12.49,"source":"SIAGAS_MS_20260814","evidence_code":"E10"}},{"type":"Feature","geometry":{"type":"Point","coordinates":[-54.63727199999994,-19.283335999999963]},"properties":{"well_id":"3500073945","municipality":"São Gabriel do Oeste","aquifer":"Botucatu","available_fields":"pH | CONDUTIVIDADE_ELETRICA | TEMPERATURA | Solidos dissolvidos totais","available_count":4,"pH":6.69999981,"electrical_conductivity":0.2,"temperature":24.0,"chemical_parameter":"Solidos dissolvidos totais","chemical_concentration":0.5,"source":"SIAGAS_MS_20260814","evidence_code":"E10"}},{"type":"Feature","geometry":{"type":"Point","coordinates":[-54.571707999999944,-20.380213999999967]},"properties":{"well_id":"3500073952","municipality":"Campo Grande","aquifer":"Bauru","available_fields":"pH | CONDUTIVIDADE_ELETRICA | TEMPERATURA | Solidos dissolvidos totais","available_count":4,"pH":5.30000019,"electrical_conductivity":47.0,"temperature":27.0,"chemical_parameter":"Solidos dissolvidos totais","chemical_concentration":47.0,"source":"SIAGAS_MS_20260814","evidence_code":"E10"}},{"type":"Feature","geometry":{"type":"Point","coordinates":[-54.745180999999945,-20.487060999999983]},"properties":{"well_id":"3500072979","municipality":"Campo Grande","aquifer":"Serra geral","available_fields":"pH | CONDUTIVIDADE_ELETRICA | TEMPERATURA | Solidos dissolvidos totais","available_count":4,"pH":6.76999998,"electrical_conductivity":93.0,"temperature":25.0,"chemical_parameter":"Solidos dissolvidos totais","chemical_concentration":74.0,"source":"SIAGAS_MS_20260814","evidence_code":"E10"}},{"type":"Feature","geometry":{"type":"Point","coordinates":[-54.60779999999994,-20.434988999999973]},"properties":{"well_id":"3500072978","municipality":"Campo Grande","aquifer":"Serra geral","available_fields":"pH | CONDUTIVIDADE_ELETRICA | TEMPERATURA | Solidos dissolvidos totais","available_count":4,"pH":7.0999999,"electrical_conductivity":280.0,"temperature":26.0,"chemical_parameter":"Solidos dissolvidos totais","chemical_concentration":140.0,"source":"SIAGAS_MS_20260814","evidence_code":"E10"}},{"type":"Feature","geometry":{"type":"Point","coordinates":[-52.92073099999993,-18.77000799999996]},"properties":{"well_id":"3500072953","municipality":"Chapadão do Sul","aquifer":"Bauru","available_fields":"pH | CONDUTIVIDADE_ELETRICA | Solidos dissolvidos totais","available_count":3,"pH":4.80000019,"electrical_conductivity":11.22,"temperature":null,"chemical_parameter":"Solidos dissolvidos totais","chemical_concentration":10.0,"source":"SIAGAS_MS_20260814","evidence_code":"E10"}},{"type":"Feature","geometry":{"type":"Point","coordinates":[-54.55891699999995,-20.490813999999943]},"properties":{"well_id":"3500072922","municipality":"Campo Grande","aquifer":"Serra geral","available_fields":"pH | TEMPERATURA | Solidos dissolvidos totais","available_count":3,"pH":7.26999998,"electrical_conductivity":null,"temperature":24.1000004,"chemical_parameter":"Solidos dissolvidos totais","chemical_concentration":12.0,"source":"SIAGAS_MS_20260814","evidence_code":"E10"}},{"type":"Feature","geometry":{"type":"Point","coordinates":[-54.15136099999995,-23.517999999999972]},"properties":{"well_id":"3500072920","municipality":"Itaquiraí","aquifer":"Bauru","available_fields":"pH | TEMPERATURA | Solidos dissolvidos totais","available_count":3,"pH":5.71000004,"electrical_conductivity":null,"temperature":25.0,"chemical_parameter":"Solidos dissolvidos totais","chemical_concentration":32.0,"source":"SIAGAS_MS_20260814","evidence_code":"E10"}},{"type":"Feature","geometry":{"type":"Point","coordinates":[-54.25085299999995,-23.644857999999942]},"properties":{"well_id":"3500072894","municipality":"Eldorado","aquifer":"Bauru","available_fields":"pH | Solidos dissolvidos totais","available_count":2,"pH":5.01000023,"electrical_conductivity":null,"temperature":null,"chemical_parameter":"Solidos dissolvidos totais","chemical_concentration":20.5,"source":"SIAGAS_MS_20260814","evidence_code":"E10"}},{"type":"Feature","geometry":{"type":"Point","coordinates":[-52.03286699999995,-21.255841999999973]},"properties":{"well_id":"3500072885","municipality":"Brasilândia","aquifer":"Bauru","available_fields":"pH | Solidos dissolvidos totais","available_count":2,"pH":5.9000001,"electrical_conductivity":null,"temperature":null,"chemical_parameter":"Solidos dissolvidos totais","chemical_concentration":113.1,"source":"SIAGAS_MS_20260814","evidence_code":"E10"}},{"type":"Feature","geometry":{"type":"Point","coordinates":[-54.55804999999998,-20.492830999999967]},"properties":{"well_id":"3500072876","municipality":"Campo Grande","aquifer":"Serra geral","available_fields":"pH | TEMPERATURA | Solidos dissolvidos totais","available_count":3,"pH":7.71999979,"electrical_conductivity":null,"temperature":26.2000008,"chemical_parameter":"Solidos dissolvidos totais","chemical_concentration":112.0,"source":"SIAGAS_MS_20260814","evidence_code":"E10"}},{"type":"Feature","geometry":{"type":"Point","coordinates":[-54.72875799999997,-20.47157199999998]},"properties":{"well_id":"3500072863","municipality":"Campo Grande","aquifer":"Serra geral","available_fields":"pH | Solidos dissolvidos totais","available_count":2,"pH":6.48999977,"electrical_conductivity":null,"temperature":null,"chemical_parameter":"Solidos dissolvidos totais","chemical_concentration":10.0,"source":"SIAGAS_MS_20260814","evidence_code":"E10"}},{"type":"Feature","geometry":{"type":"Point","coordinates":[-53.11647199999993,-20.296580999999946]},"properties":{"well_id":"3500072840","municipality":"Ribas do Rio Pardo","aquifer":"Bauru","available_fields":"pH | CONDUTIVIDADE_ELETRICA | TEMPERATURA | Solidos dissolvidos totais","available_count":4,"pH":7.0999999,"electrical_conductivity":91.3,"temperature":30.0,"chemical_parameter":"Solidos dissolvidos totais","chemical_concentration":55.0,"source":"SIAGAS_MS_20260814","evidence_code":"E10"}},{"type":"Feature","geometry":{"type":"Point","coordinates":[-52.55913899999996,-22.055555999999967]},"properties":{"well_id":"3500072789","municipality":"Anaurilândia","aquifer":"Bauru","available_fields":"pH | CONDUTIVIDADE_ELETRICA | Solidos dissolvidos totais","available_count":3,"pH":6.0999999,"electrical_conductivity":28.3,"temperature":null,"chemical_parameter":"Solidos dissolvidos totais","chemical_concentration":18.4,"source":"SIAGAS_MS_20260814","evidence_code":"E10"}},{"type":"Feature","geometry":{"type":"Point","coordinates":[-54.53738299999998,-20.60623099999998]},"properties":{"well_id":"3500072755","municipality":"Campo Grande","aquifer":"Serra geral","available_fields":"pH | CONDUTIVIDADE_ELETRICA | TEMPERATURA | Solidos dissolvidos totais","available_count":4,"pH":7.19000006,"electrical_conductivity":102.0,"temperature":24.8999996,"chemical_parameter":"Solidos dissolvidos totais","chemical_concentration":103.0,"source":"SIAGAS_MS_20260814","evidence_code":"E10"}},{"type":"Feature","geometry":{"type":"Point","coordinates":[-54.67888899999997,-19.32749999999993]},"properties":{"well_id":"3500072742","municipality":"São Gabriel do Oeste","aquifer":"Serra geral","available_fields":"pH | TEMPERATURA | Solidos dissolvidos totais","available_count":3,"pH":6.03000021,"electrical_conductivity":null,"temperature":22.0,"chemical_parameter":"Solidos dissolvidos totais","chemical_concentration":43.0,"source":"SIAGAS_MS_20260814","evidence_code":"E10"}},{"type":"Feature","geometry":{"type":"Point","coordinates":[-54.61622199999994,-20.45436099999995]},"properties":{"well_id":"3500072740","municipality":"Campo Grande","aquifer":"Serra geral","available_fields":"pH | TEMPERATURA | Solidos dissolvidos totais","available_count":3,"pH":6.69999981,"electrical_conductivity":null,"temperature":26.8999996,"chemical_parameter":"Solidos dissolvidos totais","chemical_concentration":204.0,"source":"SIAGAS_MS_20260814","evidence_code":"E10"}},{"type":"Feature","geometry":{"type":"Point","coordinates":[-54.697221999999954,-22.613610999999935]},"properties":{"well_id":"3500072731","municipality":"Caarapó","aquifer":"Bauru","available_fields":"pH | TEMPERATURA | Solidos dissolvidos totais","available_count":3,"pH":7.82000017,"electrical_conductivity":null,"temperature":29.6000004,"chemical_parameter":"Solidos dissolvidos totais","chemical_concentration":114.0,"source":"SIAGAS_MS_20260814","evidence_code":"E10"}},{"type":"Feature","geometry":{"type":"Point","coordinates":[-55.635216999999955,-22.944721999999956]},"properties":{"well_id":"3500072720","municipality":"Aral Moreira","aquifer":"Serra geral","available_fields":"pH | Solidos dissolvidos totais","available_count":2,"pH":7.0999999,"electrical_conductivity":null,"temperature":null,"chemical_parameter":"Solidos dissolvidos totais","chemical_concentration":84.9,"source":"SIAGAS_MS_20260814","evidence_code":"E10"}},{"type":"Feature","geometry":{"type":"Point","coordinates":[-52.808532999999954,-18.922316999999964]},"properties":{"well_id":"3500072717","municipality":"Chapadão do Sul","aquifer":"Bauru","available_fields":"pH | CONDUTIVIDADE_ELETRICA | Solidos dissolvidos totais","available_count":3,"pH":6.0,"electrical_conductivity":184.7,"temperature":null,"chemical_parameter":"Solidos dissolvidos totais","chemical_concentration":87.0,"source":"SIAGAS_MS_20260814","evidence_code":"E10"}},{"type":"Feature","geometry":{"type":"Point","coordinates":[-54.70813899999996,-22.088305999999932]},"properties":{"well_id":"3500072695","municipality":"Itaporã","aquifer":"Serra geral","available_fields":"pH | CONDUTIVIDADE_ELETRICA | TEMPERATURA | Solidos dissolvidos totais","available_count":4,"pH":7.05999994,"electrical_conductivity":227.3,"temperature":22.0,"chemical_parameter":"Solidos dissolvidos totais","chemical_concentration":20.0,"source":"SIAGAS_MS_20260814","evidence_code":"E10"}},{"type":"Feature","geometry":{"type":"Point","coordinates":[-52.62620599999997,-18.803766999999937]},"properties":{"well_id":"3500072689","municipality":"Chapadão do Sul","aquifer":"Bauru","available_fields":"pH | CONDUTIVIDADE_ELETRICA | TEMPERATURA | Solidos dissolvidos totais","available_count":4,"pH":3.9000001,"electrical_conductivity":9.9,"temperature":25.1000004,"chemical_parameter":"Solidos dissolvidos totais","chemical_concentration":15.1,"source":"SIAGAS_MS_20260814","evidence_code":"E10"}},{"type":"Feature","geometry":{"type":"Point","coordinates":[-54.61264399999993,-20.39184199999994]},"properties":{"well_id":"3500072685","municipality":"Campo Grande","aquifer":"Serra geral","available_fields":"pH | CONDUTIVIDADE_ELETRICA | TEMPERATURA | Solidos dissolvidos totais","available_count":4,"pH":6.69999981,"electrical_conductivity":119.0,"temperature":25.0,"chemical_parameter":"Solidos dissolvidos totais","chemical_concentration":103.0,"source":"SIAGAS_MS_20260814","evidence_code":"E10"}},{"type":"Feature","geometry":{"type":"Point","coordinates":[-51.72458599999993,-20.777593999999965]},"properties":{"well_id":"3500072674","municipality":"Três Lagoas","aquifer":"Bauru","available_fields":"pH | CONDUTIVIDADE_ELETRICA | TEMPERATURA | Solidos dissolvidos totais","available_count":4,"pH":5.69999981,"electrical_conductivity":34.4,"temperature":25.2000008,"chemical_parameter":"Solidos dissolvidos totais","chemical_concentration":39.9,"source":"SIAGAS_MS_20260814","evidence_code":"E10"}},{"type":"Feature","geometry":{"type":"Point","coordinates":[-52.47126899999995,-21.751660999999956]},"properties":{"well_id":"3500072663","municipality":"Bataguassu","aquifer":"Bauru","available_fields":"pH | CONDUTIVIDADE_ELETRICA | TEMPERATURA","available_count":3,"pH":7.69999981,"electrical_conductivity":16.0,"temperature":26.1000004,"chemical_parameter":"","chemical_concentration":null,"source":"SIAGAS_MS_20260814","evidence_code":"E10"}},{"type":"Feature","geometry":{"type":"Point","coordinates":[-54.62487799999997,-20.400496999999973]},"properties":{"well_id":"3500072639","municipality":"Campo Grande","aquifer":"Serra geral","available_fields":"pH | CONDUTIVIDADE_ELETRICA | TEMPERATURA","available_count":3,"pH":7.30000019,"electrical_conductivity":115.0,"temperature":25.0,"chemical_parameter":"","chemical_concentration":null,"source":"SIAGAS_MS_20260814","evidence_code":"E10"}},{"type":"Feature","geometry":{"type":"Point","coordinates":[-52.92736099999996,-19.33955599999996]},"properties":{"well_id":"3500072632","municipality":"Paraíso das Águas","aquifer":"Bauru","available_fields":"pH | TEMPERATURA | Solidos dissolvidos totais","available_count":3,"pH":6.80000019,"electrical_conductivity":null,"temperature":25.0,"chemical_parameter":"Solidos dissolvidos totais","chemical_concentration":36.0,"source":"SIAGAS_MS_20260814","evidence_code":"E10"}},{"type":"Feature","geometry":{"type":"Point","coordinates":[-54.49894999999998,-20.933457999999973]},"properties":{"well_id":"3500072628","municipality":"Campo Grande","aquifer":"Serra geral","available_fields":"pH | TEMPERATURA | Solidos dissolvidos totais","available_count":3,"pH":7.63999987,"electrical_conductivity":null,"temperature":26.0,"chemical_parameter":"Solidos dissolvidos totais","chemical_concentration":74.0,"source":"SIAGAS_MS_20260814","evidence_code":"E10"}},{"type":"Feature","geometry":{"type":"Point","coordinates":[-54.59129999999993,-20.57216699999998]},"properties":{"well_id":"3500072599","municipality":"Campo Grande","aquifer":"Serra geral","available_fields":"pH | CONDUTIVIDADE_ELETRICA | TEMPERATURA | Solidos dissolvidos totais","available_count":4,"pH":7.69999981,"electrical_conductivity":185.0,"temperature":27.1000004,"chemical_parameter":"Solidos dissolvidos totais","chemical_concentration":95.0,"source":"SIAGAS_MS_20260814","evidence_code":"E10"}},{"type":"Feature","geometry":{"type":"Point","coordinates":[-55.231930999999975,-23.10696699999994]},"properties":{"well_id":"3500072553","municipality":"Amambai","aquifer":"Botucatu","available_fields":"pH | CONDUTIVIDADE_ELETRICA | Solidos dissolvidos totais","available_count":3,"pH":5.4000001,"electrical_conductivity":166.0,"temperature":null,"chemical_parameter":"Solidos dissolvidos totais","chemical_concentration":142.8,"source":"SIAGAS_MS_20260814","evidence_code":"E10"}},{"type":"Feature","geometry":{"type":"Point","coordinates":[-55.19607799999994,-23.096496999999943]},"properties":{"well_id":"3500072551","municipality":"Amambai","aquifer":"Serra geral","available_fields":"pH | CONDUTIVIDADE_ELETRICA | Solidos dissolvidos totais","available_count":3,"pH":6.5,"electrical_conductivity":71.7,"temperature":null,"chemical_parameter":"Solidos dissolvidos totais","chemical_concentration":46.6,"source":"SIAGAS_MS_20260814","evidence_code":"E10"}},{"type":"Feature","geometry":{"type":"Point","coordinates":[-54.57284199999998,-20.618691999999953]},"properties":{"well_id":"3500072538","municipality":"Campo Grande","aquifer":"Serra geral","available_fields":"pH | CONDUTIVIDADE_ELETRICA | TEMPERATURA | Solidos dissolvidos totais","available_count":4,"pH":6.19999981,"electrical_conductivity":16.9,"temperature":31.0,"chemical_parameter":"Solidos dissolvidos totais","chemical_concentration":60.0,"source":"SIAGAS_MS_20260814","evidence_code":"E10"}},{"type":"Feature","geometry":{"type":"Point","coordinates":[-52.476027999999985,-21.748155999999938]},"properties":{"well_id":"3500072507","municipality":"Bataguassu","aquifer":"Bauru","available_fields":"pH | Solidos dissolvidos totais","available_count":2,"pH":8.72999954,"electrical_conductivity":null,"temperature":null,"chemical_parameter":"Solidos dissolvidos totais","chemical_concentration":180.0,"source":"SIAGAS_MS_20260814","evidence_code":"E10"}},{"type":"Feature","geometry":{"type":"Point","coordinates":[-54.86756099999997,-22.488560999999947]},"properties":{"well_id":"3500072487","municipality":"Caarapó","aquifer":"Serra geral","available_fields":"pH | CONDUTIVIDADE_ELETRICA | TEMPERATURA | Solidos dissolvidos totais","available_count":4,"pH":4.69999981,"electrical_conductivity":68.1,"temperature":18.0,"chemical_parameter":"Solidos dissolvidos totais","chemical_concentration":110.0,"source":"SIAGAS_MS_20260814","evidence_code":"E10"}},{"type":"Feature","geometry":{"type":"Point","coordinates":[-53.63291699999996,-18.679055999999946]},"properties":{"well_id":"3500072483","municipality":"Figueirão","aquifer":"Botucatu","available_fields":"pH | Solidos dissolvidos totais","available_count":2,"pH":7.19999981,"electrical_conductivity":null,"temperature":null,"chemical_parameter":"Solidos dissolvidos totais","chemical_concentration":103.5,"source":"SIAGAS_MS_20260814","evidence_code":"E10"}},{"type":"Feature","geometry":{"type":"Point","coordinates":[-54.217491999999936,-22.25658599999997]},"properties":{"well_id":"3500072466","municipality":"Deodápolis","aquifer":"Serra geral","available_fields":"pH | CONDUTIVIDADE_ELETRICA | TEMPERATURA | Solidos dissolvidos totais","available_count":4,"pH":6.07000017,"electrical_conductivity":114.7,"temperature":20.0,"chemical_parameter":"Solidos dissolvidos totais","chemical_concentration":221.0,"source":"SIAGAS_MS_20260814","evidence_code":"E10"}},{"type":"Feature","geometry":{"type":"Point","coordinates":[-54.721277999999984,-22.21839699999998]},"properties":{"well_id":"3500072391","municipality":"Dourados","aquifer":"Serra geral","available_fields":"pH | CONDUTIVIDADE_ELETRICA | TEMPERATURA | Solidos dissolvidos totais","available_count":4,"pH":8.21000004,"electrical_conductivity":170.2,"temperature":24.0,"chemical_parameter":"Solidos dissolvidos totais","chemical_concentration":103.0,"source":"SIAGAS_MS_20260814","evidence_code":"E10"}},{"type":"Feature","geometry":{"type":"Point","coordinates":[-54.77793299999996,-20.406155999999953]},"properties":{"well_id":"3500072315","municipality":"Terenos","aquifer":"Botucatu","available_fields":"pH | CONDUTIVIDADE_ELETRICA | TEMPERATURA | Solidos dissolvidos totais","available_count":4,"pH":7.19999981,"electrical_conductivity":39.6,"temperature":28.0,"chemical_parameter":"Solidos dissolvidos totais","chemical_concentration":86.0,"source":"SIAGAS_MS_20260814","evidence_code":"E10"}},{"type":"Feature","geometry":{"type":"Point","coordinates":[-54.46707799999996,-20.082807999999943]},"properties":{"well_id":"3500072311","municipality":"Jaraguari","aquifer":"Serra geral","available_fields":"pH | CONDUTIVIDADE_ELETRICA | TEMPERATURA","available_count":3,"pH":5.5999999,"electrical_conductivity":27.45,"temperature":25.0,"chemical_parameter":"","chemical_concentration":null,"source":"SIAGAS_MS_20260814","evidence_code":"E10"}},{"type":"Feature","geometry":{"type":"Point","coordinates":[-51.866668999999945,-20.799718999999982]},"properties":{"well_id":"3500072309","municipality":"Três Lagoas","aquifer":"Bauru","available_fields":"pH | Solidos dissolvidos totais","available_count":2,"pH":7.01999998,"electrical_conductivity":null,"temperature":null,"chemical_parameter":"Solidos dissolvidos totais","chemical_concentration":11.0,"source":"SIAGAS_MS_20260814","evidence_code":"E10"}},{"type":"Feature","geometry":{"type":"Point","coordinates":[-51.434060999999986,-20.370063999999957]},"properties":{"well_id":"3500072283","municipality":"Selvíria","aquifer":"Serra geral","available_fields":"pH | CONDUTIVIDADE_ELETRICA | TEMPERATURA | Solidos dissolvidos totais","available_count":4,"pH":6.5,"electrical_conductivity":111.7,"temperature":26.5,"chemical_parameter":"Solidos dissolvidos totais","chemical_concentration":175.0,"source":"SIAGAS_MS_20260814","evidence_code":"E10"}},{"type":"Feature","geometry":{"type":"Point","coordinates":[-54.80564999999996,-22.23180599999995]},"properties":{"well_id":"3500072274","municipality":"Dourados","aquifer":"Serra geral","available_fields":"pH | CONDUTIVIDADE_ELETRICA | TEMPERATURA | Solidos dissolvidos totais","available_count":4,"pH":6.38999987,"electrical_conductivity":246.5,"temperature":31.0,"chemical_parameter":"Solidos dissolvidos totais","chemical_concentration":160.0,"source":"SIAGAS_MS_20260814","evidence_code":"E10"}},{"type":"Feature","geometry":{"type":"Point","coordinates":[-51.25500599999998,-19.985432999999944]},"properties":{"well_id":"3500072261","municipality":"Aparecida do Taboado","aquifer":"Bauru","available_fields":"pH | CONDUTIVIDADE_ELETRICA | TEMPERATURA | Solidos dissolvidos totais","available_count":4,"pH":6.69999981,"electrical_conductivity":69.0,"temperature":24.0,"chemical_parameter":"Solidos dissolvidos totais","chemical_concentration":13.0,"source":"SIAGAS_MS_20260814","evidence_code":"E10"}},{"type":"Feature","geometry":{"type":"Point","coordinates":[-54.771999999999935,-22.12763899999993]},"properties":{"well_id":"3500072245","municipality":"Itaporã","aquifer":"Serra geral","available_fields":"pH | CONDUTIVIDADE_ELETRICA | TEMPERATURA | Solidos dissolvidos totais","available_count":4,"pH":6.11999989,"electrical_conductivity":85.12,"temperature":27.0,"chemical_parameter":"Solidos dissolvidos totais","chemical_concentration":55.32,"source":"SIAGAS_MS_20260814","evidence_code":"E10"}},{"type":"Feature","geometry":{"type":"Point","coordinates":[-53.68858899999998,-20.47301099999993]},"properties":{"well_id":"3500072241","municipality":"Ribas do Rio Pardo","aquifer":"Serra geral","available_fields":"pH | CONDUTIVIDADE_ELETRICA | TEMPERATURA | Solidos dissolvidos totais","available_count":4,"pH":7.01999998,"electrical_conductivity":249.1,"temperature":24.0,"chemical_parameter":"Solidos dissolvidos totais","chemical_concentration":128.0,"source":"SIAGAS_MS_20260814","evidence_code":"E10"}},{"type":"Feature","geometry":{"type":"Point","coordinates":[-53.02418099999994,-18.982377999999983]},"properties":{"well_id":"3500072239","municipality":"Paraíso das Águas","aquifer":"Bauru","available_fields":"pH | CONDUTIVIDADE_ELETRICA | TEMPERATURA | Solidos dissolvidos totais","available_count":4,"pH":6.69999981,"electrical_conductivity":44.1,"temperature":22.5,"chemical_parameter":"Solidos dissolvidos totais","chemical_concentration":53.0,"source":"SIAGAS_MS_20260814","evidence_code":"E10"}},{"type":"Feature","geometry":{"type":"Point","coordinates":[-54.811710999999946,-22.608866999999975]},"properties":{"well_id":"3500072185","municipality":"Caarapó","aquifer":"Serra geral","available_fields":"pH | CONDUTIVIDADE_ELETRICA | TEMPERATURA | Solidos dissolvidos totais","available_count":4,"pH":6.8499999,"electrical_conductivity":146.9,"temperature":24.0,"chemical_parameter":"Solidos dissolvidos totais","chemical_concentration":95.48,"source":"SIAGAS_MS_20260814","evidence_code":"E10"}},{"type":"Feature","geometry":{"type":"Point","coordinates":[-54.31811099999993,-23.885538999999937]},"properties":{"well_id":"3500072165","municipality":"Mundo Novo","aquifer":"Bauru","available_fields":"pH | CONDUTIVIDADE_ELETRICA | TEMPERATURA | Solidos dissolvidos totais","available_count":4,"pH":6.80000019,"electrical_conductivity":45.0,"temperature":28.0,"chemical_parameter":"Solidos dissolvidos totais","chemical_concentration":22.0,"source":"SIAGAS_MS_20260814","evidence_code":"E10"}},{"type":"Feature","geometry":{"type":"Point","coordinates":[-51.25731399999995,-19.985296999999946]},"properties":{"well_id":"3500072148","municipality":"Aparecida do Taboado","aquifer":"Bauru","available_fields":"pH | CONDUTIVIDADE_ELETRICA | TEMPERATURA | Solidos dissolvidos totais","available_count":4,"pH":7.19999981,"electrical_conductivity":43.0,"temperature":25.0,"chemical_parameter":"Solidos dissolvidos totais","chemical_concentration":17.0,"source":"SIAGAS_MS_20260814","evidence_code":"E10"}},{"type":"Feature","geometry":{"type":"Point","coordinates":[-55.776377999999966,-20.47177499999998]},"properties":{"well_id":"3500072119","municipality":"Aquidauana","aquifer":"Furnas","available_fields":"pH | Solidos dissolvidos totais","available_count":2,"pH":6.30000019,"electrical_conductivity":null,"temperature":null,"chemical_parameter":"Solidos dissolvidos totais","chemical_concentration":75.7,"source":"SIAGAS_MS_20260814","evidence_code":"E10"}},{"type":"Feature","geometry":{"type":"Point","coordinates":[-54.557613999999944,-20.49650799999995]},"properties":{"well_id":"3500072057","municipality":"Campo Grande","aquifer":"Serra geral","available_fields":"pH | TEMPERATURA | Solidos dissolvidos totais","available_count":3,"pH":6.5999999,"electrical_conductivity":null,"temperature":25.0,"chemical_parameter":"Solidos dissolvidos totais","chemical_concentration":247.0,"source":"SIAGAS_MS_20260814","evidence_code":"E10"}},{"type":"Feature","geometry":{"type":"Point","coordinates":[-54.808032999999966,-22.365935999999977]},"properties":{"well_id":"3500071988","municipality":"Dourados","aquifer":"Botucatu","available_fields":"pH | CONDUTIVIDADE_ELETRICA | TEMPERATURA | Solidos dissolvidos totais","available_count":4,"pH":7.63000011,"electrical_conductivity":213.0,"temperature":23.0,"chemical_parameter":"Solidos dissolvidos totais","chemical_concentration":78.0,"source":"SIAGAS_MS_20260814","evidence_code":"E10"}},{"type":"Feature","geometry":{"type":"Point","coordinates":[-54.804535999999985,-22.36734699999994]},"properties":{"well_id":"3500071978","municipality":"Dourados","aquifer":"Guarani","available_fields":"pH | CONDUTIVIDADE_ELETRICA | TEMPERATURA | Solidos dissolvidos totais","available_count":4,"pH":8.56999969,"electrical_conductivity":200.1,"temperature":34.0999985,"chemical_parameter":"Solidos dissolvidos totais","chemical_concentration":135.0,"source":"SIAGAS_MS_20260814","evidence_code":"E10"}},{"type":"Feature","geometry":{"type":"Point","coordinates":[-55.74050799999998,-22.48765599999996]},"properties":{"well_id":"3500071912","municipality":"Ponta Porã","aquifer":"Botucatu","available_fields":"pH | CONDUTIVIDADE_ELETRICA | TEMPERATURA | Solidos dissolvidos totais","available_count":4,"pH":6.80000019,"electrical_conductivity":113.6,"temperature":21.6000004,"chemical_parameter":"Solidos dissolvidos totais","chemical_concentration":97.7,"source":"SIAGAS_MS_20260814","evidence_code":"E10"}},{"type":"Feature","geometry":{"type":"Point","coordinates":[-54.694999999999936,-22.60722199999998]},"properties":{"well_id":"3500071890","municipality":"Caarapó","aquifer":"Botucatu","available_fields":"pH | CONDUTIVIDADE_ELETRICA | TEMPERATURA | Solidos dissolvidos totais","available_count":4,"pH":8.02999973,"electrical_conductivity":188.7,"temperature":38.5999985,"chemical_parameter":"Solidos dissolvidos totais","chemical_concentration":144.0,"source":"SIAGAS_MS_20260814","evidence_code":"E10"}},{"type":"Feature","geometry":{"type":"Point","coordinates":[-54.43547799999993,-19.463116999999954]},"properties":{"well_id":"3500073023","municipality":"São Gabriel do Oeste","aquifer":"Botucatu","available_fields":"pH | CONDUTIVIDADE_ELETRICA | TEMPERATURA | Solidos dissolvidos totais","available_count":4,"pH":6.0999999,"electrical_conductivity":10.0,"temperature":25.0,"chemical_parameter":"Solidos dissolvidos totais","chemical_concentration":0.5,"source":"SIAGAS_MS_20260814","evidence_code":"E10"}},{"type":"Feature","geometry":{"type":"Point","coordinates":[-52.09808899999996,-18.95596699999993]},"properties":{"well_id":"3500073018","municipality":"Cassilândia","aquifer":"Serra geral","available_fields":"pH | CONDUTIVIDADE_ELETRICA | TEMPERATURA | Solidos dissolvidos totais","available_count":4,"pH":7.0,"electrical_conductivity":20.0,"temperature":26.0,"chemical_parameter":"Solidos dissolvidos totais","chemical_concentration":54.0,"source":"SIAGAS_MS_20260814","evidence_code":"E10"}},{"type":"Feature","geometry":{"type":"Point","coordinates":[-54.90554199999997,-23.628930999999966]},"properties":{"well_id":"3500073012","municipality":"Tacuru","aquifer":"Bauru","available_fields":"pH | CONDUTIVIDADE_ELETRICA | TEMPERATURA | Solidos dissolvidos totais","available_count":4,"pH":6.48000002,"electrical_conductivity":80.62,"temperature":24.0,"chemical_parameter":"Solidos dissolvidos totais","chemical_concentration":52.59,"source":"SIAGAS_MS_20260814","evidence_code":"E10"}},{"type":"Feature","geometry":{"type":"Point","coordinates":[-54.25139999999993,-22.51129999999995]},"properties":{"well_id":"3500073009","municipality":"Jateí","aquifer":"Serra geral","available_fields":"pH | TEMPERATURA | Solidos dissolvidos totais","available_count":3,"pH":6.30000019,"electrical_conductivity":null,"temperature":22.0,"chemical_parameter":"Solidos dissolvidos totais","chemical_concentration":56.5,"source":"SIAGAS_MS_20260814","evidence_code":"E10"}},{"type":"Feature","geometry":{"type":"Point","coordinates":[-53.77568099999996,-22.30593099999993]},"properties":{"well_id":"3500073040","municipality":"Ivinhema","aquifer":"Bauru","available_fields":"pH | CONDUTIVIDADE_ELETRICA | TEMPERATURA | Solidos dissolvidos totais","available_count":4,"pH":5.88999987,"electrical_conductivity":17.63,"temperature":23.0,"chemical_parameter":"Solidos dissolvidos totais","chemical_concentration":11.45,"source":"SIAGAS_MS_20260814","evidence_code":"E10"}},{"type":"Feature","geometry":{"type":"Point","coordinates":[-54.59115299999996,-20.460405999999978]},"properties":{"well_id":"3500073027","municipality":"Campo Grande","aquifer":"Serra geral","available_fields":"pH | CONDUTIVIDADE_ELETRICA | Solidos dissolvidos totais","available_count":3,"pH":6.73000002,"electrical_conductivity":189.6,"temperature":null,"chemical_parameter":"Solidos dissolvidos totais","chemical_concentration":135.0,"source":"SIAGAS_MS_20260814","evidence_code":"E10"}},{"type":"Feature","geometry":{"type":"Point","coordinates":[-55.01161099999996,-19.955360999999982]},"properties":{"well_id":"3500073061","municipality":"Corguinho","aquifer":"Botucatu","available_fields":"pH | CONDUTIVIDADE_ELETRICA | TEMPERATURA | Solidos dissolvidos totais","available_count":4,"pH":6.30000019,"electrical_conductivity":66.3,"temperature":27.5,"chemical_parameter":"Solidos dissolvidos totais","chemical_concentration":41.0,"source":"SIAGAS_MS_20260814","evidence_code":"E10"}},{"type":"Feature","geometry":{"type":"Point","coordinates":[-51.08513099999993,-20.036002999999937]},"properties":{"well_id":"3500073052","municipality":"Aparecida do Taboado","aquifer":"Bauru","available_fields":"pH | CONDUTIVIDADE_ELETRICA | TEMPERATURA | Solidos dissolvidos totais","available_count":4,"pH":6.19999981,"electrical_conductivity":37.0,"temperature":26.0,"chemical_parameter":"Solidos dissolvidos totais","chemical_concentration":10.0,"source":"SIAGAS_MS_20260814","evidence_code":"E10"}},{"type":"Feature","geometry":{"type":"Point","coordinates":[-54.14430799999997,-19.638702999999964]},"properties":{"well_id":"3500073049","municipality":"Camapuã","aquifer":"Serra geral","available_fields":"pH | CONDUTIVIDADE_ELETRICA | TEMPERATURA | Solidos dissolvidos totais","available_count":4,"pH":5.59000015,"electrical_conductivity":36.3,"temperature":26.5,"chemical_parameter":"Solidos dissolvidos totais","chemical_concentration":21.0,"source":"SIAGAS_MS_20260814","evidence_code":"E10"}},{"type":"Feature","geometry":{"type":"Point","coordinates":[-54.83955599999996,-18.908121999999935]},"properties":{"well_id":"3500073114","municipality":"Rio Verde de Mato Grosso","aquifer":"Furnas","available_fields":"pH | CONDUTIVIDADE_ELETRICA | TEMPERATURA | Solidos dissolvidos totais","available_count":4,"pH":6.9000001,"electrical_conductivity":160.0,"temperature":27.0,"chemical_parameter":"Solidos dissolvidos totais","chemical_concentration":128.0,"source":"SIAGAS_MS_20260814","evidence_code":"E10"}},{"type":"Feature","geometry":{"type":"Point","coordinates":[-51.69670299999996,-20.592982999999947]},"properties":{"well_id":"3500073131","municipality":"Três Lagoas","aquifer":"Bauru","available_fields":"pH | CONDUTIVIDADE_ELETRICA | TEMPERATURA | Solidos dissolvidos totais","available_count":4,"pH":7.0999999,"electrical_conductivity":22.5,"temperature":23.0,"chemical_parameter":"Solidos dissolvidos totais","chemical_concentration":5.0,"source":"SIAGAS_MS_20260814","evidence_code":"E10"}},{"type":"Feature","geometry":{"type":"Point","coordinates":[-55.22284199999996,-23.100535999999977]},"properties":{"well_id":"3500073144","municipality":"Amambai","aquifer":"Botucatu","available_fields":"pH | CONDUTIVIDADE_ELETRICA | TEMPERATURA | Solidos dissolvidos totais","available_count":4,"pH":6.80000019,"electrical_conductivity":75.3,"temperature":25.0,"chemical_parameter":"Solidos dissolvidos totais","chemical_concentration":115.2,"source":"SIAGAS_MS_20260814","evidence_code":"E10"}},{"type":"Feature","geometry":{"type":"Point","coordinates":[-54.74111099999993,-22.096499999999935]},"properties":{"well_id":"3500073171","municipality":"Itaporã","aquifer":"Serra geral","available_fields":"pH | TEMPERATURA | Solidos dissolvidos totais","available_count":3,"pH":6.11999989,"electrical_conductivity":null,"temperature":23.5,"chemical_parameter":"Solidos dissolvidos totais","chemical_concentration":209.0,"source":"SIAGAS_MS_20260814","evidence_code":"E10"}},{"type":"Feature","geometry":{"type":"Point","coordinates":[-51.67340299999995,-20.792441999999937]},"properties":{"well_id":"3500073194","municipality":"Três Lagoas","aquifer":"Bauru","available_fields":"pH | Solidos dissolvidos totais","available_count":2,"pH":6.0,"electrical_conductivity":null,"temperature":null,"chemical_parameter":"Solidos dissolvidos totais","chemical_concentration":104.7,"source":"SIAGAS_MS_20260814","evidence_code":"E10"}},{"type":"Feature","geometry":{"type":"Point","coordinates":[-54.98398599999996,-20.261457999999948]},"properties":{"well_id":"3500073191","municipality":"Terenos","aquifer":"Botucatu","available_fields":"pH | CONDUTIVIDADE_ELETRICA | TEMPERATURA | Solidos dissolvidos totais","available_count":4,"pH":6.0,"electrical_conductivity":10.0,"temperature":19.0,"chemical_parameter":"Solidos dissolvidos totais","chemical_concentration":5.0,"source":"SIAGAS_MS_20260814","evidence_code":"E10"}},{"type":"Feature","geometry":{"type":"Point","coordinates":[-54.31249999999994,-22.51194399999997]},"properties":{"well_id":"3500073178","municipality":"Jateí","aquifer":"Serra geral","available_fields":"pH | CONDUTIVIDADE_ELETRICA | TEMPERATURA | Solidos dissolvidos totais","available_count":4,"pH":7.05000019,"electrical_conductivity":15.0,"temperature":24.0,"chemical_parameter":"Solidos dissolvidos totais","chemical_concentration":9.75,"source":"SIAGAS_MS_20260814","evidence_code":"E10"}},{"type":"Feature","geometry":{"type":"Point","coordinates":[-54.62816899999996,-20.43688899999995]},"properties":{"well_id":"3500073208","municipality":"Campo Grande","aquifer":"Serra geral","available_fields":"pH | TEMPERATURA | Solidos dissolvidos totais","available_count":3,"pH":6.19999981,"electrical_conductivity":null,"temperature":23.5,"chemical_parameter":"Solidos dissolvidos totais","chemical_concentration":272.0,"source":"SIAGAS_MS_20260814","evidence_code":"E10"}},{"type":"Feature","geometry":{"type":"Point","coordinates":[-54.31475799999998,-23.95292799999993]},"properties":{"well_id":"3500073203","municipality":"Mundo Novo","aquifer":"Bauru","available_fields":"pH | CONDUTIVIDADE_ELETRICA | TEMPERATURA | Solidos dissolvidos totais","available_count":4,"pH":5.23000002,"electrical_conductivity":21.24,"temperature":24.0,"chemical_parameter":"Solidos dissolvidos totais","chemical_concentration":14.0,"source":"SIAGAS_MS_20260814","evidence_code":"E10"}},{"type":"Feature","geometry":{"type":"Point","coordinates":[-54.52053099999995,-21.72591099999994]},"properties":{"well_id":"3500073202","municipality":"Rio Brilhante","aquifer":"Serra geral","available_fields":"pH | CONDUTIVIDADE_ELETRICA | TEMPERATURA | Solidos dissolvidos totais","available_count":4,"pH":8.0,"electrical_conductivity":0.2,"temperature":27.0,"chemical_parameter":"Solidos dissolvidos totais","chemical_concentration":0.9,"source":"SIAGAS_MS_20260814","evidence_code":"E10"}},{"type":"Feature","geometry":{"type":"Point","coordinates":[-54.650999999999954,-20.28899999999993]},"properties":{"well_id":"3500073201","municipality":"Campo Grande","aquifer":"Serra geral","available_fields":"pH | CONDUTIVIDADE_ELETRICA | TEMPERATURA | Solidos dissolvidos totais","available_count":4,"pH":6.19999981,"electrical_conductivity":111.7,"temperature":25.0,"chemical_parameter":"Solidos dissolvidos totais","chemical_concentration":175.0,"source":"SIAGAS_MS_20260814","evidence_code":"E10"}},{"type":"Feature","geometry":{"type":"Point","coordinates":[-55.231743999999935,-21.10145799999998]},"properties":{"well_id":"3500073225","municipality":"Sidrolândia","aquifer":"Serra geral","available_fields":"pH | Solidos dissolvidos totais","available_count":2,"pH":6.69999981,"electrical_conductivity":null,"temperature":null,"chemical_parameter":"Solidos dissolvidos totais","chemical_concentration":21.0,"source":"SIAGAS_MS_20260814","evidence_code":"E10"}},{"type":"Feature","geometry":{"type":"Point","coordinates":[-51.66553099999993,-20.773243999999977]},"properties":{"well_id":"3500073222","municipality":"Três Lagoas","aquifer":"Serra geral","available_fields":"pH | TEMPERATURA | Solidos dissolvidos totais","available_count":3,"pH":6.0,"electrical_conductivity":null,"temperature":28.0,"chemical_parameter":"Solidos dissolvidos totais","chemical_concentration":188.0,"source":"SIAGAS_MS_20260814","evidence_code":"E10"}},{"type":"Feature","geometry":{"type":"Point","coordinates":[-55.20194399999997,-22.121666999999945]},"properties":{"well_id":"3500073282","municipality":"Dourados","aquifer":"Bauru","available_fields":"pH | CONDUTIVIDADE_ELETRICA | TEMPERATURA | Solidos dissolvidos totais","available_count":4,"pH":6.19999981,"electrical_conductivity":14.8,"temperature":21.0,"chemical_parameter":"Solidos dissolvidos totais","chemical_concentration":9.62,"source":"SIAGAS_MS_20260814","evidence_code":"E10"}},{"type":"Feature","geometry":{"type":"Point","coordinates":[-55.12749999999994,-21.13972199999995]},"properties":{"well_id":"3500073271","municipality":"Sidrolândia","aquifer":"Bauru","available_fields":"pH | CONDUTIVIDADE_ELETRICA | TEMPERATURA | Solidos dissolvidos totais","available_count":4,"pH":7.0,"electrical_conductivity":109.0,"temperature":27.0,"chemical_parameter":"Solidos dissolvidos totais","chemical_concentration":54.0,"source":"SIAGAS_MS_20260814","evidence_code":"E10"}},{"type":"Feature","geometry":{"type":"Point","coordinates":[-55.29174699999999,-20.711713999999972]},"properties":{"well_id":"3500073270","municipality":"Dois Irmãos do Buriti","aquifer":"Serra geral","available_fields":"pH | CONDUTIVIDADE_ELETRICA | TEMPERATURA | Solidos dissolvidos totais","available_count":4,"pH":7.48999977,"electrical_conductivity":130.5,"temperature":26.0,"chemical_parameter":"Solidos dissolvidos totais","chemical_concentration":153.0,"source":"SIAGAS_MS_20260814","evidence_code":"E10"}},{"type":"Feature","geometry":{"type":"Point","coordinates":[-54.588296999999955,-20.523941999999977]},"properties":{"well_id":"3500073269","municipality":"Campo Grande","aquifer":"Botucatu","available_fields":"pH | CONDUTIVIDADE_ELETRICA | TEMPERATURA | Solidos dissolvidos totais","available_count":4,"pH":6.30000019,"electrical_conductivity":193.0,"temperature":27.0,"chemical_parameter":"Solidos dissolvidos totais","chemical_concentration":175.0,"source":"SIAGAS_MS_20260814","evidence_code":"E10"}},{"type":"Feature","geometry":{"type":"Point","coordinates":[-54.61398099999997,-20.478385999999944]},"properties":{"well_id":"3500073267","municipality":"Campo Grande","aquifer":"Serra geral","available_fields":"pH | CONDUTIVIDADE_ELETRICA | TEMPERATURA | Solidos dissolvidos totais","available_count":4,"pH":7.4000001,"electrical_conductivity":110.0,"temperature":29.0,"chemical_parameter":"Solidos dissolvidos totais","chemical_concentration":50.0,"source":"SIAGAS_MS_20260814","evidence_code":"E10"}},{"type":"Feature","geometry":{"type":"Point","coordinates":[-53.880488999999955,-22.363549999999975]},"properties":{"well_id":"3500073294","municipality":"Ivinhema","aquifer":"Bauru","available_fields":"pH | CONDUTIVIDADE_ELETRICA | TEMPERATURA | Solidos dissolvidos totais","available_count":4,"pH":5.88999987,"electrical_conductivity":108.1,"temperature":24.0,"chemical_parameter":"Solidos dissolvidos totais","chemical_concentration":72.1,"source":"SIAGAS_MS_20260814","evidence_code":"E10"}},{"type":"Feature","geometry":{"type":"Point","coordinates":[-54.249732999999935,-23.047202999999968]},"properties":{"well_id":"3500073300","municipality":"Naviraí","aquifer":"Bauru","available_fields":"pH | CONDUTIVIDADE_ELETRICA | TEMPERATURA | Solidos dissolvidos totais","available_count":4,"pH":6.0999999,"electrical_conductivity":16.4,"temperature":22.7999992,"chemical_parameter":"Solidos dissolvidos totais","chemical_concentration":10.0,"source":"SIAGAS_MS_20260814","evidence_code":"E10"}},{"type":"Feature","geometry":{"type":"Point","coordinates":[-53.06257199999993,-21.57188599999995]},"properties":{"well_id":"3500073325","municipality":"Ribas do Rio Pardo","aquifer":"Bauru","available_fields":"pH | CONDUTIVIDADE_ELETRICA | TEMPERATURA | Solidos dissolvidos totais","available_count":4,"pH":5.98000002,"electrical_conductivity":12.15,"temperature":25.0,"chemical_parameter":"Solidos dissolvidos totais","chemical_concentration":7.9,"source":"SIAGAS_MS_20260814","evidence_code":"E10"}},{"type":"Feature","geometry":{"type":"Point","coordinates":[-54.71077799999995,-20.97207499999996]},"properties":{"well_id":"3500073321","municipality":"Sidrolândia","aquifer":"Serra geral","available_fields":"pH | CONDUTIVIDADE_ELETRICA | TEMPERATURA | Solidos dissolvidos totais","available_count":4,"pH":6.30000019,"electrical_conductivity":60.0,"temperature":28.0,"chemical_parameter":"Solidos dissolvidos totais","chemical_concentration":20.0,"source":"SIAGAS_MS_20260814","evidence_code":"E10"}},{"type":"Feature","geometry":{"type":"Point","coordinates":[-55.08138299999996,-22.442038999999966]},"properties":{"well_id":"3500073338","municipality":"Laguna Carapã","aquifer":"Serra geral","available_fields":"pH | CONDUTIVIDADE_ELETRICA | TEMPERATURA | Solidos dissolvidos totais","available_count":4,"pH":6.23000002,"electrical_conductivity":59.69,"temperature":19.0,"chemical_parameter":"Solidos dissolvidos totais","chemical_concentration":39.85,"source":"SIAGAS_MS_20260814","evidence_code":"E10"}},{"type":"Feature","geometry":{"type":"Point","coordinates":[-54.810010999999975,-22.259799999999927]},"properties":{"well_id":"3500073333","municipality":"Dourados","aquifer":"Serra geral","available_fields":"pH | CONDUTIVIDADE_ELETRICA | TEMPERATURA | Solidos dissolvidos totais","available_count":4,"pH":7.86000013,"electrical_conductivity":298.7,"temperature":21.0,"chemical_parameter":"Solidos dissolvidos totais","chemical_concentration":259.0,"source":"SIAGAS_MS_20260814","evidence_code":"E10"}},{"type":"Feature","geometry":{"type":"Point","coordinates":[-54.46894199999997,-22.180096999999932]},"properties":{"well_id":"3500073331","municipality":"Dourados","aquifer":"Serra geral","available_fields":"pH | CONDUTIVIDADE_ELETRICA | TEMPERATURA | Solidos dissolvidos totais","available_count":4,"pH":9.14000034,"electrical_conductivity":70.24,"temperature":24.0,"chemical_parameter":"Solidos dissolvidos totais","chemical_concentration":45.65,"source":"SIAGAS_MS_20260814","evidence_code":"E10"}},{"type":"Feature","geometry":{"type":"Point","coordinates":[-55.15752799999996,-21.984860999999967]},"properties":{"well_id":"3500073327","municipality":"Dourados","aquifer":"Bauru","available_fields":"pH | CONDUTIVIDADE_ELETRICA | TEMPERATURA | Solidos dissolvidos totais","available_count":4,"pH":5.98999977,"electrical_conductivity":37.79,"temperature":24.2000008,"chemical_parameter":"Solidos dissolvidos totais","chemical_concentration":24.2,"source":"SIAGAS_MS_20260814","evidence_code":"E10"}},{"type":"Feature","geometry":{"type":"Point","coordinates":[-54.83554699999996,-18.898013999999932]},"properties":{"well_id":"3500073347","municipality":"Rio Verde de Mato Grosso","aquifer":"Furnas","available_fields":"pH | CONDUTIVIDADE_ELETRICA","available_count":2,"pH":7.0,"electrical_conductivity":159.3,"temperature":null,"chemical_parameter":"","chemical_concentration":null,"source":"SIAGAS_MS_20260814","evidence_code":"E10"}},{"type":"Feature","geometry":{"type":"Point","coordinates":[-54.84277799999995,-18.900832999999977]},"properties":{"well_id":"3500073374","municipality":"Rio Verde de Mato Grosso","aquifer":"Furnas","available_fields":"pH | CONDUTIVIDADE_ELETRICA | TEMPERATURA | Solidos dissolvidos totais","available_count":4,"pH":4.69999981,"electrical_conductivity":66.11,"temperature":24.0,"chemical_parameter":"Solidos dissolvidos totais","chemical_concentration":19.0,"source":"SIAGAS_MS_20260814","evidence_code":"E10"}},{"type":"Feature","geometry":{"type":"Point","coordinates":[-54.09322499999996,-23.497202999999956]},"properties":{"well_id":"3500073372","municipality":"Itaquiraí","aquifer":"Bauru","available_fields":"pH | CONDUTIVIDADE_ELETRICA | TEMPERATURA | Solidos dissolvidos totais","available_count":4,"pH":5.05999994,"electrical_conductivity":12.69,"temperature":22.0,"chemical_parameter":"Solidos dissolvidos totais","chemical_concentration":8.36,"source":"SIAGAS_MS_20260814","evidence_code":"E10"}},{"type":"Feature","geometry":{"type":"Point","coordinates":[-54.19251899999995,-23.045268999999962]},"properties":{"well_id":"3500073369","municipality":"Naviraí","aquifer":"Bauru","available_fields":"pH | CONDUTIVIDADE_ELETRICA | TEMPERATURA | Solidos dissolvidos totais","available_count":4,"pH":7.0999999,"electrical_conductivity":14.56,"temperature":24.0,"chemical_parameter":"Solidos dissolvidos totais","chemical_concentration":9.46,"source":"SIAGAS_MS_20260814","evidence_code":"E10"}},{"type":"Feature","geometry":{"type":"Point","coordinates":[-54.792843999999945,-22.260202999999933]},"properties":{"well_id":"3500073389","municipality":"Dourados","aquifer":"Serra geral","available_fields":"pH | CONDUTIVIDADE_ELETRICA | TEMPERATURA | Solidos dissolvidos totais","available_count":4,"pH":6.5,"electrical_conductivity":82.0,"temperature":23.0,"chemical_parameter":"Solidos dissolvidos totais","chemical_concentration":34.0,"source":"SIAGAS_MS_20260814","evidence_code":"E10"}},{"type":"Feature","geometry":{"type":"Point","coordinates":[-54.23590799999994,-23.27409199999994]},"properties":{"well_id":"3500073405","municipality":"Itaquiraí","aquifer":"Bauru","available_fields":"pH | CONDUTIVIDADE_ELETRICA | TEMPERATURA | Solidos dissolvidos totais","available_count":4,"pH":4.88000011,"electrical_conductivity":11.4,"temperature":23.0,"chemical_parameter":"Solidos dissolvidos totais","chemical_concentration":7.41,"source":"SIAGAS_MS_20260814","evidence_code":"E10"}},{"type":"Feature","geometry":{"type":"Point","coordinates":[-54.39611099999996,-22.959443999999962]},"properties":{"well_id":"3500073401","municipality":"Naviraí","aquifer":"Bauru","available_fields":"pH | CONDUTIVIDADE_ELETRICA | TEMPERATURA | Solidos dissolvidos totais","available_count":4,"pH":7.71999979,"electrical_conductivity":221.0,"temperature":24.0,"chemical_parameter":"Solidos dissolvidos totais","chemical_concentration":143.65,"source":"SIAGAS_MS_20260814","evidence_code":"E10"}},{"type":"Feature","geometry":{"type":"Point","coordinates":[-55.15934999999996,-21.634810999999956]},"properties":{"well_id":"3500073398","municipality":"Maracaju","aquifer":"Serra geral","available_fields":"pH | CONDUTIVIDADE_ELETRICA | TEMPERATURA | Solidos dissolvidos totais","available_count":4,"pH":7.5999999,"electrical_conductivity":24.96,"temperature":21.3999996,"chemical_parameter":"Solidos dissolvidos totais","chemical_concentration":255.0,"source":"SIAGAS_MS_20260814","evidence_code":"E10"}},{"type":"Feature","geometry":{"type":"Point","coordinates":[-54.72844999999995,-20.859530999999947]},"properties":{"well_id":"3500073415","municipality":"Sidrolândia","aquifer":"Serra geral","available_fields":"pH | CONDUTIVIDADE_ELETRICA | TEMPERATURA | Solidos dissolvidos totais","available_count":4,"pH":6.0,"electrical_conductivity":0.2,"temperature":23.0,"chemical_parameter":"Solidos dissolvidos totais","chemical_concentration":0.5,"source":"SIAGAS_MS_20260814","evidence_code":"E10"}},{"type":"Feature","geometry":{"type":"Point","coordinates":[-54.57327499999997,-20.380843999999968]},"properties":{"well_id":"3500073425","municipality":"Campo Grande","aquifer":"Bauru","available_fields":"pH | CONDUTIVIDADE_ELETRICA | TEMPERATURA | Solidos dissolvidos totais","available_count":4,"pH":6.9000001,"electrical_conductivity":130.0,"temperature":26.0,"chemical_parameter":"Solidos dissolvidos totais","chemical_concentration":126.0,"source":"SIAGAS_MS_20260814","evidence_code":"E10"}},{"type":"Feature","geometry":{"type":"Point","coordinates":[-54.83833299999998,-18.88555599999995]},"properties":{"well_id":"3500073417","municipality":"Rio Verde de Mato Grosso","aquifer":"Furnas","available_fields":"pH | CONDUTIVIDADE_ELETRICA | TEMPERATURA | Solidos dissolvidos totais","available_count":4,"pH":4.80000019,"electrical_conductivity":7.55,"temperature":26.0,"chemical_parameter":"Solidos dissolvidos totais","chemical_concentration":19.15,"source":"SIAGAS_MS_20260814","evidence_code":"E10"}},{"type":"Feature","geometry":{"type":"Point","coordinates":[-53.41861099999994,-21.993055999999967]},"properties":{"well_id":"3500073426","municipality":"Nova Andradina","aquifer":"Bauru","available_fields":"pH | CONDUTIVIDADE_ELETRICA | TEMPERATURA | Solidos dissolvidos totais","available_count":4,"pH":9.28999996,"electrical_conductivity":142.7,"temperature":24.0,"chemical_parameter":"Solidos dissolvidos totais","chemical_concentration":92.75,"source":"SIAGAS_MS_20260814","evidence_code":"E10"}},{"type":"Feature","geometry":{"type":"Point","coordinates":[-52.625543999999934,-18.807927999999947]},"properties":{"well_id":"3500073433","municipality":"Chapadão do Sul","aquifer":"Bauru","available_fields":"pH | CONDUTIVIDADE_ELETRICA | TEMPERATURA | Solidos dissolvidos totais","available_count":4,"pH":4.0,"electrical_conductivity":7.3,"temperature":22.7000008,"chemical_parameter":"Solidos dissolvidos totais","chemical_concentration":11.0,"source":"SIAGAS_MS_20260814","evidence_code":"E10"}},{"type":"Feature","geometry":{"type":"Point","coordinates":[-54.97810799999996,-20.26279399999993]},"properties":{"well_id":"3500073431","municipality":"Terenos","aquifer":"Botucatu","available_fields":"pH | CONDUTIVIDADE_ELETRICA | TEMPERATURA | Solidos dissolvidos totais","available_count":4,"pH":6.0999999,"electrical_conductivity":18.0,"temperature":19.0,"chemical_parameter":"Solidos dissolvidos totais","chemical_concentration":10.0,"source":"SIAGAS_MS_20260814","evidence_code":"E10"}},{"type":"Feature","geometry":{"type":"Point","coordinates":[-55.08707499999997,-20.882280999999978]},"properties":{"well_id":"3500073454","municipality":"Sidrolândia","aquifer":"Serra geral","available_fields":"pH | Solidos dissolvidos totais","available_count":2,"pH":6.75,"electrical_conductivity":null,"temperature":null,"chemical_parameter":"Solidos dissolvidos totais","chemical_concentration":166.0,"source":"SIAGAS_MS_20260814","evidence_code":"E10"}},{"type":"Feature","geometry":{"type":"Point","coordinates":[-51.667546999999956,-20.789138999999977]},"properties":{"well_id":"3500073450","municipality":"Três Lagoas","aquifer":"Bauru","available_fields":"pH | Solidos dissolvidos totais","available_count":2,"pH":6.5,"electrical_conductivity":null,"temperature":null,"chemical_parameter":"Solidos dissolvidos totais","chemical_concentration":141.2,"source":"SIAGAS_MS_20260814","evidence_code":"E10"}},{"type":"Feature","geometry":{"type":"Point","coordinates":[-54.63453599999997,-23.631999999999948]},"properties":{"well_id":"3500073467","municipality":"Iguatemi","aquifer":"Bauru","available_fields":"pH | CONDUTIVIDADE_ELETRICA | Solidos dissolvidos totais","available_count":3,"pH":6.19000006,"electrical_conductivity":31.39,"temperature":null,"chemical_parameter":"Solidos dissolvidos totais","chemical_concentration":122.0,"source":"SIAGAS_MS_20260814","evidence_code":"E10"}},{"type":"Feature","geometry":{"type":"Point","coordinates":[-54.76511099999993,-22.220891999999935]},"properties":{"well_id":"3500073486","municipality":"Dourados","aquifer":"Serra geral","available_fields":"pH | CONDUTIVIDADE_ELETRICA | TEMPERATURA | Solidos dissolvidos totais","available_count":4,"pH":5.34000015,"electrical_conductivity":118.4,"temperature":23.0,"chemical_parameter":"Solidos dissolvidos totais","chemical_concentration":86.0,"source":"SIAGAS_MS_20260814","evidence_code":"E10"}},{"type":"Feature","geometry":{"type":"Point","coordinates":[-54.56792199999995,-20.45836399999996]},"properties":{"well_id":"3500073481","municipality":"Campo Grande","aquifer":"Serra geral","available_fields":"pH | CONDUTIVIDADE_ELETRICA | TEMPERATURA | Solidos dissolvidos totais","available_count":4,"pH":7.4000001,"electrical_conductivity":198.0,"temperature":26.0,"chemical_parameter":"Solidos dissolvidos totais","chemical_concentration":100.0,"source":"SIAGAS_MS_20260814","evidence_code":"E10"}},{"type":"Feature","geometry":{"type":"Point","coordinates":[-51.111635999999976,-20.052363999999955]},"properties":{"well_id":"3500073480","municipality":"Aparecida do Taboado","aquifer":"Bauru","available_fields":"pH | CONDUTIVIDADE_ELETRICA | TEMPERATURA | Solidos dissolvidos totais","available_count":4,"pH":5.23999977,"electrical_conductivity":3.5,"temperature":24.0,"chemical_parameter":"Solidos dissolvidos totais","chemical_concentration":36.0,"source":"SIAGAS_MS_20260814","evidence_code":"E10"}},{"type":"Feature","geometry":{"type":"Point","coordinates":[-51.69938099999996,-20.77886899999993]},"properties":{"well_id":"3500073502","municipality":"Três Lagoas","aquifer":"Bauru","available_fields":"pH | Solidos dissolvidos totais","available_count":2,"pH":5.5999999,"electrical_conductivity":null,"temperature":null,"chemical_parameter":"Solidos dissolvidos totais","chemical_concentration":194.2,"source":"SIAGAS_MS_20260814","evidence_code":"E10"}},{"type":"Feature","geometry":{"type":"Point","coordinates":[-54.61462799999998,-20.496571999999958]},"properties":{"well_id":"3500073510","municipality":"Campo Grande","aquifer":"Serra geral","available_fields":"pH | CONDUTIVIDADE_ELETRICA | TEMPERATURA | Solidos dissolvidos totais","available_count":4,"pH":7.13000011,"electrical_conductivity":98.45,"temperature":24.0,"chemical_parameter":"Solidos dissolvidos totais","chemical_concentration":102.0,"source":"SIAGAS_MS_20260814","evidence_code":"E10"}},{"type":"Feature","geometry":{"type":"Point","coordinates":[-54.564877999999965,-20.51862799999998]},"properties":{"well_id":"3500073526","municipality":"Campo Grande","aquifer":"Serra geral","available_fields":"pH | CONDUTIVIDADE_ELETRICA | TEMPERATURA | Solidos dissolvidos totais","available_count":4,"pH":6.13000011,"electrical_conductivity":119.8,"temperature":25.0,"chemical_parameter":"Solidos dissolvidos totais","chemical_concentration":103.0,"source":"SIAGAS_MS_20260814","evidence_code":"E10"}},{"type":"Feature","geometry":{"type":"Point","coordinates":[-54.72079999999994,-20.79079699999994]},"properties":{"well_id":"3500073533","municipality":"Sidrolândia","aquifer":"Serra geral","available_fields":"pH | CONDUTIVIDADE_ELETRICA | TEMPERATURA","available_count":3,"pH":6.5,"electrical_conductivity":111.7,"temperature":27.0,"chemical_parameter":"","chemical_concentration":null,"source":"SIAGAS_MS_20260814","evidence_code":"E10"}},{"type":"Feature","geometry":{"type":"Point","coordinates":[-54.540416999999934,-20.615610999999944]},"properties":{"well_id":"3500073536","municipality":"Campo Grande","aquifer":"Serra geral","available_fields":"pH | CONDUTIVIDADE_ELETRICA | Solidos dissolvidos totais","available_count":3,"pH":5.92999983,"electrical_conductivity":69.7,"temperature":null,"chemical_parameter":"Solidos dissolvidos totais","chemical_concentration":105.0,"source":"SIAGAS_MS_20260814","evidence_code":"E10"}},{"type":"Feature","geometry":{"type":"Point","coordinates":[-54.51101399999993,-20.303966999999943]},"properties":{"well_id":"3500073541","municipality":"Jaraguari","aquifer":"Serra geral","available_fields":"pH | CONDUTIVIDADE_ELETRICA | Solidos dissolvidos totais","available_count":3,"pH":7.80999994,"electrical_conductivity":152.6,"temperature":null,"chemical_parameter":"Solidos dissolvidos totais","chemical_concentration":36.0,"source":"SIAGAS_MS_20260814","evidence_code":"E10"}},{"type":"Feature","geometry":{"type":"Point","coordinates":[-52.00279699999999,-21.31813599999998]},"properties":{"well_id":"3500073548","municipality":"Brasilândia","aquifer":"Bauru","available_fields":"CONDUTIVIDADE_ELETRICA | TEMPERATURA","available_count":2,"pH":null,"electrical_conductivity":147.9,"temperature":24.7000008,"chemical_parameter":"","chemical_concentration":null,"source":"SIAGAS_MS_20260814","evidence_code":"E10"}},{"type":"Feature","geometry":{"type":"Point","coordinates":[-55.23555499999998,-23.103887999999927]},"properties":{"well_id":"3500023138","municipality":"Amambai","aquifer":"Guarani","available_fields":"pH | TURBIDEZ","available_count":2,"pH":6.30000019,"electrical_conductivity":null,"temperature":null,"chemical_parameter":"","chemical_concentration":null,"source":"SIAGAS_MS_20260814","evidence_code":"E10"}},{"type":"Feature","geometry":{"type":"Point","coordinates":[-52.71333299999998,-22.183888999999965]},"properties":{"well_id":"3500027167","municipality":"Anaurilândia","aquifer":"Caiua","available_fields":"pH | TURBIDEZ | Solidos dissolvidos totais","available_count":3,"pH":6.5,"electrical_conductivity":null,"temperature":null,"chemical_parameter":"Solidos dissolvidos totais","chemical_concentration":33.1,"source":"SIAGAS_MS_20260814","evidence_code":"E10"}},{"type":"Feature","geometry":{"type":"Point","coordinates":[-54.558610999999985,-23.676387999999974]},"properties":{"well_id":"3500023358","municipality":"Iguatemi","aquifer":"Caiua","available_fields":"pH | TURBIDEZ","available_count":2,"pH":6.19999981,"electrical_conductivity":null,"temperature":null,"chemical_parameter":"","chemical_concentration":null,"source":"SIAGAS_MS_20260814","evidence_code":"E10"}},{"type":"Feature","geometry":{"type":"Point","coordinates":[-51.66805599999998,-20.747499999999945]},"properties":{"well_id":"3500026925","municipality":"Três Lagoas","aquifer":"Bauru","available_fields":"pH | TEMPERATURA | TURBIDEZ","available_count":3,"pH":6.01000023,"electrical_conductivity":null,"temperature":31.5,"chemical_parameter":"","chemical_concentration":null,"source":"SIAGAS_MS_20260814","evidence_code":"E10"}},{"type":"Feature","geometry":{"type":"Point","coordinates":[-54.52472199999994,-19.30583299999995]},"properties":{"well_id":"3500026970","municipality":"São Gabriel do Oeste","aquifer":"Serra geral","available_fields":"pH | TURBIDEZ","available_count":2,"pH":5.5999999,"electrical_conductivity":null,"temperature":null,"chemical_parameter":"","chemical_concentration":null,"source":"SIAGAS_MS_20260814","evidence_code":"E10"}},{"type":"Feature","geometry":{"type":"Point","coordinates":[-53.383332999999936,-22.288332999999966]},"properties":{"well_id":"3500026938","municipality":"Nova Andradina","aquifer":"Serra geral","available_fields":"pH | TEMPERATURA | TURBIDEZ","available_count":3,"pH":5.80999994,"electrical_conductivity":null,"temperature":26.0,"chemical_parameter":"","chemical_concentration":null,"source":"SIAGAS_MS_20260814","evidence_code":"E10"}},{"type":"Feature","geometry":{"type":"Point","coordinates":[-52.73999999999995,-18.735832999999957]},"properties":{"well_id":"3500026972","municipality":"Chapadão do Sul","aquifer":"Bauru","available_fields":"pH | TURBIDEZ","available_count":2,"pH":4.8499999,"electrical_conductivity":null,"temperature":null,"chemical_parameter":"","chemical_concentration":null,"source":"SIAGAS_MS_20260814","evidence_code":"E10"}},{"type":"Feature","geometry":{"type":"Point","coordinates":[-54.79249999999996,-22.225832999999966]},"properties":{"well_id":"3500027094","municipality":"Dourados","aquifer":"Serra geral","available_fields":"pH | TURBIDEZ","available_count":2,"pH":6.0999999,"electrical_conductivity":null,"temperature":null,"chemical_parameter":"","chemical_concentration":null,"source":"SIAGAS_MS_20260814","evidence_code":"E10"}},{"type":"Feature","geometry":{"type":"Point","coordinates":[-55.58555599999994,-23.02361099999996]},"properties":{"well_id":"3500027313","municipality":"Aral Moreira","aquifer":"Serra geral","available_fields":"pH | Solidos dissolvidos totais","available_count":2,"pH":7.5,"electrical_conductivity":null,"temperature":null,"chemical_parameter":"Solidos dissolvidos totais","chemical_concentration":118.5,"source":"SIAGAS_MS_20260814","evidence_code":"E10"}},{"type":"Feature","geometry":{"type":"Point","coordinates":[-51.143888999999945,-20.144999999999982]},"properties":{"well_id":"3500026837","municipality":"Aparecida do Taboado","aquifer":"Bauru","available_fields":"pH | CONDUTIVIDADE_ELETRICA | TURBIDEZ","available_count":3,"pH":4.96000004,"electrical_conductivity":7.0,"temperature":null,"chemical_parameter":"","chemical_concentration":null,"source":"SIAGAS_MS_20260814","evidence_code":"E10"}},{"type":"Feature","geometry":{"type":"Point","coordinates":[-53.75111099999998,-20.478332999999964]},"properties":{"well_id":"3500028111","municipality":"Ribas do Rio Pardo","aquifer":"Caiua","available_fields":"pH | CONDUTIVIDADE_ELETRICA | TURBIDEZ","available_count":3,"pH":5.03999996,"electrical_conductivity":7.6,"temperature":null,"chemical_parameter":"","chemical_concentration":null,"source":"SIAGAS_MS_20260814","evidence_code":"E10"}},{"type":"Feature","geometry":{"type":"Point","coordinates":[-53.63638899999995,-18.682777999999928]},"properties":{"well_id":"3500034022","municipality":"Figueirão","aquifer":"Guarani","available_fields":"pH | CONDUTIVIDADE_ELETRICA | TURBIDEZ","available_count":3,"pH":5.07000017,"electrical_conductivity":219.3,"temperature":null,"chemical_parameter":"","chemical_concentration":null,"source":"SIAGAS_MS_20260814","evidence_code":"E10"}},{"type":"Feature","geometry":{"type":"Point","coordinates":[-52.03305599999993,-21.25138899999996]},"properties":{"well_id":"3500026986","municipality":"Brasilândia","aquifer":"Caiua","available_fields":"pH | TEMPERATURA | TURBIDEZ | Solidos dissolvidos totais","available_count":4,"pH":5.9000001,"electrical_conductivity":null,"temperature":24.1000004,"chemical_parameter":"Solidos dissolvidos totais","chemical_concentration":59.5,"source":"SIAGAS_MS_20260814","evidence_code":"E10"}},{"type":"Feature","geometry":{"type":"Point","coordinates":[-51.74111099999993,-20.776666999999975]},"properties":{"well_id":"3500027200","municipality":"Três Lagoas","aquifer":"Bauru","available_fields":"pH | TEMPERATURA | TURBIDEZ","available_count":3,"pH":5.6500001,"electrical_conductivity":null,"temperature":5.5999999,"chemical_parameter":"","chemical_concentration":null,"source":"SIAGAS_MS_20260814","evidence_code":"E10"}},{"type":"Feature","geometry":{"type":"Point","coordinates":[-54.58416699999998,-20.371943999999928]},"properties":{"well_id":"3500026913","municipality":"Campo Grande","aquifer":"","available_fields":"TURBIDEZ | Solidos dissolvidos totais","available_count":2,"pH":null,"electrical_conductivity":null,"temperature":null,"chemical_parameter":"Solidos dissolvidos totais","chemical_concentration":68.0,"source":"SIAGAS_MS_20260814","evidence_code":"E10"}},{"type":"Feature","geometry":{"type":"Point","coordinates":[-51.65953099999996,-19.15030799999994]},"properties":{"well_id":"3500072369","municipality":"Cassilândia","aquifer":"","available_fields":"pH | CONDUTIVIDADE_ELETRICA | TEMPERATURA | Solidos dissolvidos totais","available_count":4,"pH":5.9000001,"electrical_conductivity":37.3,"temperature":26.0,"chemical_parameter":"Solidos dissolvidos totais","chemical_concentration":90.0,"source":"SIAGAS_MS_20260814","evidence_code":"E10"}},{"type":"Feature","geometry":{"type":"Point","coordinates":[-57.53116899999998,-19.268160999999964]},"properties":{"well_id":"3500073468","municipality":"Corumbá","aquifer":"","available_fields":"pH | CONDUTIVIDADE_ELETRICA | Solidos dissolvidos totais","available_count":3,"pH":7.61999989,"electrical_conductivity":120.5,"temperature":null,"chemical_parameter":"Solidos dissolvidos totais","chemical_concentration":170.0,"source":"SIAGAS_MS_20260814","evidence_code":"E10"}},{"type":"Feature","geometry":{"type":"Point","coordinates":[-54.20038899999997,-23.133152999999936]},"properties":{"well_id":"3500072520","municipality":"Naviraí","aquifer":"Botucatu","available_fields":"pH | CONDUTIVIDADE_ELETRICA | TEMPERATURA | Solidos dissolvidos totais","available_count":4,"pH":9.27000046,"electrical_conductivity":115.7,"temperature":27.0,"chemical_parameter":"Solidos dissolvidos totais","chemical_concentration":270.0,"source":"SIAGAS_MS_20260814","evidence_code":"E10"}},{"type":"Feature","geometry":{"type":"Point","coordinates":[-52.62027699999993,-18.79249999999996]},"properties":{"well_id":"3500023041","municipality":"Chapadão do Sul","aquifer":"Cobertura cenozoica","available_fields":"pH | CONDUTIVIDADE_ELETRICA | TEMPERATURA | Solidos dissolvidos totais","available_count":4,"pH":4.69999981,"electrical_conductivity":48.2,"temperature":24.7999992,"chemical_parameter":"Solidos dissolvidos totais","chemical_concentration":73.7,"source":"SIAGAS_MS_20260814","evidence_code":"E10"}},{"type":"Feature","geometry":{"type":"Point","coordinates":[-52.72194399999995,-22.19138899999996]},"properties":{"well_id":"3500027027","municipality":"Anaurilândia","aquifer":"Caiua","available_fields":"pH | TURBIDEZ | Solidos dissolvidos totais","available_count":3,"pH":6.5999999,"electrical_conductivity":null,"temperature":null,"chemical_parameter":"Solidos dissolvidos totais","chemical_concentration":40.5,"source":"SIAGAS_MS_20260814","evidence_code":"E10"}},{"type":"Feature","geometry":{"type":"Point","coordinates":[-54.29333299999996,-23.929165999999952]},"properties":{"well_id":"3500022715","municipality":"Mundo Novo","aquifer":"Bauru","available_fields":"pH | Solidos dissolvidos totais","available_count":2,"pH":7.19999981,"electrical_conductivity":null,"temperature":null,"chemical_parameter":"Solidos dissolvidos totais","chemical_concentration":92.1,"source":"SIAGAS_MS_20260814","evidence_code":"E10"}},{"type":"Feature","geometry":{"type":"Point","coordinates":[-54.602499999999964,-20.56638899999996]},"properties":{"well_id":"3500026916","municipality":"Campo Grande","aquifer":"Serra geral","available_fields":"pH | TEMPERATURA | TURBIDEZ","available_count":3,"pH":7.67999983,"electrical_conductivity":null,"temperature":24.0,"chemical_parameter":"","chemical_concentration":null,"source":"SIAGAS_MS_20260814","evidence_code":"E10"}},{"type":"Feature","geometry":{"type":"Point","coordinates":[-54.58499999999998,-20.370555999999965]},"properties":{"well_id":"3500026919","municipality":"Campo Grande","aquifer":"Serra geral","available_fields":"TURBIDEZ","available_count":1,"pH":null,"electrical_conductivity":null,"temperature":null,"chemical_parameter":"","chemical_concentration":null,"source":"SIAGAS_MS_20260814","evidence_code":"E10"}},{"type":"Feature","geometry":{"type":"Point","coordinates":[-54.71166699999998,-21.50111099999998]},"properties":{"well_id":"3500026974","municipality":"Rio Brilhante","aquifer":"Serra geral","available_fields":"pH | TEMPERATURA | TURBIDEZ | Solidos dissolvidos totais","available_count":4,"pH":8.18999958,"electrical_conductivity":null,"temperature":26.0,"chemical_parameter":"Solidos dissolvidos totais","chemical_concentration":110.0,"source":"SIAGAS_MS_20260814","evidence_code":"E10"}},{"type":"Feature","geometry":{"type":"Point","coordinates":[-54.35472199999998,-19.921666999999957]},"properties":{"well_id":"3500026977","municipality":"Bandeirantes","aquifer":"Serra geral","available_fields":"pH | TURBIDEZ","available_count":2,"pH":7.55999994,"electrical_conductivity":null,"temperature":null,"chemical_parameter":"","chemical_concentration":null,"source":"SIAGAS_MS_20260814","evidence_code":"E10"}},{"type":"Feature","geometry":{"type":"Point","coordinates":[-52.72194399999995,-22.19055499999996]},"properties":{"well_id":"3500023183","municipality":"Anaurilândia","aquifer":"Bauru","available_fields":"pH | TURBIDEZ","available_count":2,"pH":8.69999981,"electrical_conductivity":null,"temperature":null,"chemical_parameter":"","chemical_concentration":null,"source":"SIAGAS_MS_20260814","evidence_code":"E10"}},{"type":"Feature","geometry":{"type":"Point","coordinates":[-51.73444399999994,-20.780832999999973]},"properties":{"well_id":"3500023298","municipality":"Três Lagoas","aquifer":"Caiua","available_fields":"pH | TURBIDEZ","available_count":2,"pH":5.5999999,"electrical_conductivity":null,"temperature":null,"chemical_parameter":"","chemical_concentration":null,"source":"SIAGAS_MS_20260814","evidence_code":"E10"}},{"type":"Feature","geometry":{"type":"Point","coordinates":[-54.18888799999996,-23.04361099999994]},"properties":{"well_id":"3500023371","municipality":"Naviraí","aquifer":"Bauru","available_fields":"pH | TURBIDEZ","available_count":2,"pH":5.9000001,"electrical_conductivity":null,"temperature":null,"chemical_parameter":"","chemical_concentration":null,"source":"SIAGAS_MS_20260814","evidence_code":"E10"}},{"type":"Feature","geometry":{"type":"Point","coordinates":[-53.91916699999996,-22.369166999999948]},"properties":{"well_id":"3500026836","municipality":"Ivinhema","aquifer":"Bauru","available_fields":"pH | CONDUTIVIDADE_ELETRICA | TURBIDEZ","available_count":3,"pH":4.94000006,"electrical_conductivity":13.8,"temperature":null,"chemical_parameter":"","chemical_concentration":null,"source":"SIAGAS_MS_20260814","evidence_code":"E10"}},{"type":"Feature","geometry":{"type":"Point","coordinates":[-54.326666999999986,-19.25499999999994]},"properties":{"well_id":"3500028109","municipality":"São Gabriel do Oeste","aquifer":"Guarani","available_fields":"pH | CONDUTIVIDADE_ELETRICA | TURBIDEZ","available_count":3,"pH":5.73000002,"electrical_conductivity":28.3,"temperature":null,"chemical_parameter":"","chemical_concentration":null,"source":"SIAGAS_MS_20260814","evidence_code":"E10"}},{"type":"Feature","geometry":{"type":"Point","coordinates":[-52.819721999999956,-20.46111099999996]},"properties":{"well_id":"3500029180","municipality":"Água Clara","aquifer":"Caiua","available_fields":"pH | CONDUTIVIDADE_ELETRICA | TURBIDEZ","available_count":3,"pH":5.25,"electrical_conductivity":7.3,"temperature":null,"chemical_parameter":"","chemical_concentration":null,"source":"SIAGAS_MS_20260814","evidence_code":"E10"}},{"type":"Feature","geometry":{"type":"Point","coordinates":[-53.78083299999997,-22.164999999999964]},"properties":{"well_id":"3500026990","municipality":"Angélica","aquifer":"Caiua","available_fields":"pH | TEMPERATURA | TURBIDEZ | Solidos dissolvidos totais","available_count":4,"pH":6.34000015,"electrical_conductivity":null,"temperature":24.8999996,"chemical_parameter":"Solidos dissolvidos totais","chemical_concentration":42.2,"source":"SIAGAS_MS_20260814","evidence_code":"E10"}},{"type":"Feature","geometry":{"type":"Point","coordinates":[-52.62499999999994,-18.800555999999972]},"properties":{"well_id":"3500027248","municipality":"Chapadão do Sul","aquifer":"Não definido","available_fields":"TEMPERATURA","available_count":1,"pH":null,"electrical_conductivity":null,"temperature":23.7999992,"chemical_parameter":"","chemical_concentration":null,"source":"SIAGAS_MS_20260814","evidence_code":"E10"}},{"type":"Feature","geometry":{"type":"Point","coordinates":[-54.81166699999994,-22.267221999999947]},"properties":{"well_id":"3500027143","municipality":"Dourados","aquifer":"Guarani","available_fields":"pH | CONDUTIVIDADE_ELETRICA | TEMPERATURA | Solidos dissolvidos totais","available_count":4,"pH":7.17999983,"electrical_conductivity":188.0,"temperature":38.0,"chemical_parameter":"Solidos dissolvidos totais","chemical_concentration":152.91,"source":"SIAGAS_MS_20260814","evidence_code":"E10"}},{"type":"Feature","geometry":{"type":"Point","coordinates":[-54.654721999999936,-20.522221999999942]},"properties":{"well_id":"3500022535","municipality":"Campo Grande","aquifer":"Guarani","available_fields":"pH | CONDUTIVIDADE_ELETRICA | TEMPERATURA | Solidos dissolvidos totais","available_count":4,"pH":8.30000019,"electrical_conductivity":99.0,"temperature":29.0,"chemical_parameter":"Solidos dissolvidos totais","chemical_concentration":99.0,"source":"SIAGAS_MS_20260814","evidence_code":"E10"}},{"type":"Feature","geometry":{"type":"Point","coordinates":[-53.76111099999997,-20.463055999999938]},"properties":{"well_id":"3500065140","municipality":"Ribas do Rio Pardo","aquifer":"Guarani","available_fields":"pH | CONDUTIVIDADE_ELETRICA | TEMPERATURA | Solidos dissolvidos totais","available_count":4,"pH":7.73000002,"electrical_conductivity":230.0,"temperature":31.7999992,"chemical_parameter":"Solidos dissolvidos totais","chemical_concentration":785.8,"source":"SIAGAS_MS_20260814","evidence_code":"E10"}},{"type":"Feature","geometry":{"type":"Point","coordinates":[-54.485555999999974,-19.559721999999965]},"properties":{"well_id":"3500026929","municipality":"São Gabriel do Oeste","aquifer":"","available_fields":"TEMPERATURA","available_count":1,"pH":null,"electrical_conductivity":null,"temperature":1.39999998,"chemical_parameter":"","chemical_concentration":null,"source":"SIAGAS_MS_20260814","evidence_code":"E10"}},{"type":"Feature","geometry":{"type":"Point","coordinates":[-54.06611099999998,-22.052776999999935]},"properties":{"well_id":"3500023176","municipality":"Angélica","aquifer":"","available_fields":"pH | TURBIDEZ","available_count":2,"pH":6.30000019,"electrical_conductivity":null,"temperature":null,"chemical_parameter":"","chemical_concentration":null,"source":"SIAGAS_MS_20260814","evidence_code":"E10"}},{"type":"Feature","geometry":{"type":"Point","coordinates":[-52.51888799999995,-22.018887999999947]},"properties":{"well_id":"3500023184","municipality":"Anaurilândia","aquifer":"","available_fields":"pH | TURBIDEZ | Solidos dissolvidos totais","available_count":3,"pH":6.30000019,"electrical_conductivity":null,"temperature":null,"chemical_parameter":"Solidos dissolvidos totais","chemical_concentration":0.06,"source":"SIAGAS_MS_20260814","evidence_code":"E10"}},{"type":"Feature","geometry":{"type":"Point","coordinates":[-54.91305599999998,-21.194721999999956]},"properties":{"well_id":"3500027247","municipality":"Sidrolândia","aquifer":"Guarani","available_fields":"pH | CONDUTIVIDADE_ELETRICA | TEMPERATURA | Solidos dissolvidos totais","available_count":4,"pH":7.44000006,"electrical_conductivity":113.3,"temperature":26.3999996,"chemical_parameter":"Solidos dissolvidos totais","chemical_concentration":90.9,"source":"SIAGAS_MS_20260814","evidence_code":"E10"}},{"type":"Feature","geometry":{"type":"Point","coordinates":[-53.828332999999986,-22.304443999999933]},"properties":{"well_id":"3500027072","municipality":"Ivinhema","aquifer":"Caiua","available_fields":"TEMPERATURA | Solidos dissolvidos totais","available_count":2,"pH":null,"electrical_conductivity":null,"temperature":24.2999992,"chemical_parameter":"Solidos dissolvidos totais","chemical_concentration":139.3,"source":"SIAGAS_MS_20260814","evidence_code":"E10"}},{"type":"Feature","geometry":{"type":"Point","coordinates":[-54.082221999999945,-19.63777799999997]},"properties":{"well_id":"3500026838","municipality":"Camapuã","aquifer":"Guarani","available_fields":"pH | CONDUTIVIDADE_ELETRICA | TURBIDEZ","available_count":3,"pH":6.30999994,"electrical_conductivity":83.1,"temperature":null,"chemical_parameter":"","chemical_concentration":null,"source":"SIAGAS_MS_20260814","evidence_code":"E10"}},{"type":"Feature","geometry":{"type":"Point","coordinates":[-57.63805599999995,-19.177777999999932]},"properties":{"well_id":"3500045188","municipality":"Ladário","aquifer":"","available_fields":"pH | TEMPERATURA | TURBIDEZ | Solidos dissolvidos totais","available_count":4,"pH":6.82999992,"electrical_conductivity":null,"temperature":28.0,"chemical_parameter":"Solidos dissolvidos totais","chemical_concentration":614.0,"source":"SIAGAS_MS_20260814","evidence_code":"E10"}},{"type":"Feature","geometry":{"type":"Point","coordinates":[-53.01388899999995,-19.028888999999936]},"properties":{"well_id":"3500065113","municipality":"Paraíso das Águas","aquifer":"","available_fields":"pH | CONDUTIVIDADE_ELETRICA | TEMPERATURA | Solidos dissolvidos totais","available_count":4,"pH":6.48000002,"electrical_conductivity":48.8,"temperature":26.0,"chemical_parameter":"Solidos dissolvidos totais","chemical_concentration":30.36,"source":"SIAGAS_MS_20260814","evidence_code":"E10"}},{"type":"Feature","geometry":{"type":"Point","coordinates":[-57.621666999999945,-19.049443999999937]},"properties":{"well_id":"3500045198","municipality":"Ladário","aquifer":"","available_fields":"pH | TURBIDEZ","available_count":2,"pH":7.19999981,"electrical_conductivity":null,"temperature":null,"chemical_parameter":"","chemical_concentration":null,"source":"SIAGAS_MS_20260814","evidence_code":"E10"}},{"type":"Feature","geometry":{"type":"Point","coordinates":[-55.18805599999996,-20.43916699999994]},"properties":{"well_id":"3500027129","municipality":"Terenos","aquifer":"Serra geral","available_fields":"pH | TURBIDEZ","available_count":2,"pH":7.05999994,"electrical_conductivity":null,"temperature":null,"chemical_parameter":"","chemical_concentration":null,"source":"SIAGAS_MS_20260814","evidence_code":"E10"}},{"type":"Feature","geometry":{"type":"Point","coordinates":[-54.59527799999995,-20.414999999999964]},"properties":{"well_id":"3500045678","municipality":"Campo Grande","aquifer":"Serra geral","available_fields":"pH | TEMPERATURA | Solidos dissolvidos totais","available_count":3,"pH":6.19999981,"electrical_conductivity":null,"temperature":25.5,"chemical_parameter":"Solidos dissolvidos totais","chemical_concentration":193.0,"source":"SIAGAS_MS_20260814","evidence_code":"E10"}},{"type":"Feature","geometry":{"type":"Point","coordinates":[-54.67805599999997,-20.453055999999947]},"properties":{"well_id":"3500026912","municipality":"Campo Grande","aquifer":"Serra geral","available_fields":"pH | TEMPERATURA | TURBIDEZ","available_count":3,"pH":7.30999994,"electrical_conductivity":null,"temperature":26.0,"chemical_parameter":"","chemical_concentration":null,"source":"SIAGAS_MS_20260814","evidence_code":"E10"}},{"type":"Feature","geometry":{"type":"Point","coordinates":[-54.97194399999995,-20.98027799999994]},"properties":{"well_id":"3500026915","municipality":"Sidrolândia","aquifer":"Serra geral","available_fields":"pH | TURBIDEZ","available_count":2,"pH":6.0,"electrical_conductivity":null,"temperature":null,"chemical_parameter":"","chemical_concentration":null,"source":"SIAGAS_MS_20260814","evidence_code":"E10"}},{"type":"Feature","geometry":{"type":"Point","coordinates":[-54.787499999999966,-22.05694399999993]},"properties":{"well_id":"3500026931","municipality":"Itaporã","aquifer":"Caiua","available_fields":"pH | TEMPERATURA | TURBIDEZ","available_count":3,"pH":6.69999981,"electrical_conductivity":null,"temperature":21.0,"chemical_parameter":"","chemical_concentration":null,"source":"SIAGAS_MS_20260814","evidence_code":"E10"}},{"type":"Feature","geometry":{"type":"Point","coordinates":[-54.52611099999996,-19.30583299999995]},"properties":{"well_id":"3500027001","municipality":"São Gabriel do Oeste","aquifer":"Guarani","available_fields":"pH | TURBIDEZ","available_count":2,"pH":5.5,"electrical_conductivity":null,"temperature":null,"chemical_parameter":"","chemical_concentration":null,"source":"SIAGAS_MS_20260814","evidence_code":"E10"}},{"type":"Feature","geometry":{"type":"Point","coordinates":[-53.817777999999976,-22.315277999999978]},"properties":{"well_id":"3500027073","municipality":"Ivinhema","aquifer":"Caiua","available_fields":"pH | TEMPERATURA | TURBIDEZ | Solidos dissolvidos totais","available_count":4,"pH":5.30000019,"electrical_conductivity":null,"temperature":24.8999996,"chemical_parameter":"Solidos dissolvidos totais","chemical_concentration":95.3,"source":"SIAGAS_MS_20260814","evidence_code":"E10"}},{"type":"Feature","geometry":{"type":"Point","coordinates":[-53.34499999999997,-22.23361099999994]},"properties":{"well_id":"3500027137","municipality":"Nova Andradina","aquifer":"Bauru","available_fields":"pH | TEMPERATURA | TURBIDEZ | Solidos dissolvidos totais","available_count":4,"pH":6.17999983,"electrical_conductivity":null,"temperature":25.5,"chemical_parameter":"Solidos dissolvidos totais","chemical_concentration":68.5,"source":"SIAGAS_MS_20260814","evidence_code":"E10"}},{"type":"Feature","geometry":{"type":"Point","coordinates":[-52.03305499999993,-21.255276999999978]},"properties":{"well_id":"3500023286","municipality":"Brasilândia","aquifer":"Caiua","available_fields":"pH | TURBIDEZ","available_count":2,"pH":6.5,"electrical_conductivity":null,"temperature":null,"chemical_parameter":"","chemical_concentration":null,"source":"SIAGAS_MS_20260814","evidence_code":"E10"}},{"type":"Feature","geometry":{"type":"Point","coordinates":[-54.572776999999974,-23.70055499999995]},"properties":{"well_id":"3500023360","municipality":"Iguatemi","aquifer":"Caiua","available_fields":"pH | TURBIDEZ","available_count":2,"pH":6.80000019,"electrical_conductivity":null,"temperature":null,"chemical_parameter":"","chemical_concentration":null,"source":"SIAGAS_MS_20260814","evidence_code":"E10"}},{"type":"Feature","geometry":{"type":"Point","coordinates":[-54.121943999999985,-22.177221999999972]},"properties":{"well_id":"3500027217","municipality":"Deodápolis","aquifer":"Serra geral","available_fields":"pH | TEMPERATURA | TURBIDEZ | Solidos dissolvidos totais","available_count":4,"pH":8.60000038,"electrical_conductivity":null,"temperature":11.3999996,"chemical_parameter":"Solidos dissolvidos totais","chemical_concentration":171.0,"source":"SIAGAS_MS_20260814","evidence_code":"E10"}},{"type":"Feature","geometry":{"type":"Point","coordinates":[-54.43111099999999,-21.651943999999958]},"properties":{"well_id":"3500065134","municipality":"Rio Brilhante","aquifer":"Guarani","available_fields":"pH | CONDUTIVIDADE_ELETRICA | TEMPERATURA | Solidos dissolvidos totais","available_count":4,"pH":8.35999966,"electrical_conductivity":389.0,"temperature":35.5,"chemical_parameter":"Solidos dissolvidos totais","chemical_concentration":366.36,"source":"SIAGAS_MS_20260814","evidence_code":"E10"}},{"type":"Feature","geometry":{"type":"Point","coordinates":[-54.56666599999994,-20.460554999999943]},"properties":{"well_id":"3500022469","municipality":"Campo Grande","aquifer":"Serra geral","available_fields":"pH | CONDUTIVIDADE_ELETRICA | TEMPERATURA | Solidos dissolvidos totais","available_count":4,"pH":7.30000019,"electrical_conductivity":111.0,"temperature":26.0,"chemical_parameter":"Solidos dissolvidos totais","chemical_concentration":99.0,"source":"SIAGAS_MS_20260814","evidence_code":"E10"}},{"type":"Feature","geometry":{"type":"Point","coordinates":[-51.54527799999994,-20.05527799999993]},"properties":{"well_id":"3500045117","municipality":"Aparecida do Taboado","aquifer":"","available_fields":"pH | TURBIDEZ","available_count":2,"pH":7.46000004,"electrical_conductivity":null,"temperature":null,"chemical_parameter":"","chemical_concentration":null,"source":"SIAGAS_MS_20260814","evidence_code":"E10"}},{"type":"Feature","geometry":{"type":"Point","coordinates":[-54.85388899999998,-18.928610999999933]},"properties":{"well_id":"3500030633","municipality":"Rio Verde de Mato Grosso","aquifer":"Ponta grossa","available_fields":"pH | Solidos dissolvidos totais","available_count":2,"pH":5.9000001,"electrical_conductivity":null,"temperature":null,"chemical_parameter":"Solidos dissolvidos totais","chemical_concentration":39.6,"source":"SIAGAS_MS_20260814","evidence_code":"E10"}},{"type":"Feature","geometry":{"type":"Point","coordinates":[-53.68249399999996,-20.482696999999973]},"properties":{"well_id":"3500072080","municipality":"Ribas do Rio Pardo","aquifer":"Serra geral","available_fields":"pH | TEMPERATURA | Solidos dissolvidos totais","available_count":3,"pH":7.94999981,"electrical_conductivity":null,"temperature":33.0,"chemical_parameter":"Solidos dissolvidos totais","chemical_concentration":152.0,"source":"SIAGAS_MS_20260814","evidence_code":"E10"}},{"type":"Feature","geometry":{"type":"Point","coordinates":[-54.81444399999998,-22.23027799999994]},"properties":{"well_id":"3500045263","municipality":"Dourados","aquifer":"Serra geral","available_fields":"pH | TURBIDEZ","available_count":2,"pH":6.73999977,"electrical_conductivity":null,"temperature":null,"chemical_parameter":"","chemical_concentration":null,"source":"SIAGAS_MS_20260814","evidence_code":"E10"}},{"type":"Feature","geometry":{"type":"Point","coordinates":[-54.30055599999997,-21.88916699999993]},"properties":{"well_id":"3500045649","municipality":"Rio Brilhante","aquifer":"Serra geral","available_fields":"pH | TEMPERATURA | TURBIDEZ","available_count":3,"pH":7.73999977,"electrical_conductivity":null,"temperature":15.5,"chemical_parameter":"","chemical_concentration":null,"source":"SIAGAS_MS_20260814","evidence_code":"E10"}},{"type":"Feature","geometry":{"type":"Point","coordinates":[-55.819721999999956,-21.159999999999968]},"properties":{"well_id":"3500028107","municipality":"Nioaque","aquifer":"Guarani","available_fields":"pH | CONDUTIVIDADE_ELETRICA | TURBIDEZ","available_count":3,"pH":6.78000021,"electrical_conductivity":321.6,"temperature":null,"chemical_parameter":"","chemical_concentration":null,"source":"SIAGAS_MS_20260814","evidence_code":"E10"}},{"type":"Feature","geometry":{"type":"Point","coordinates":[-53.37833299999994,-22.28333299999997]},"properties":{"well_id":"3500026926","municipality":"Nova Andradina","aquifer":"Serra geral","available_fields":"pH | CONDUTIVIDADE_ELETRICA | TEMPERATURA | Solidos dissolvidos totais","available_count":4,"pH":6.51999998,"electrical_conductivity":25.2,"temperature":25.0,"chemical_parameter":"Solidos dissolvidos totais","chemical_concentration":189.0,"source":"SIAGAS_MS_20260814","evidence_code":"E10"}},{"type":"Feature","geometry":{"type":"Point","coordinates":[-57.62083299999995,-19.02249999999998]},"properties":{"well_id":"3500045312","municipality":"Corumbá","aquifer":"","available_fields":"pH | TEMPERATURA | TURBIDEZ | Solidos dissolvidos totais","available_count":4,"pH":6.63000011,"electrical_conductivity":null,"temperature":28.0,"chemical_parameter":"Solidos dissolvidos totais","chemical_concentration":758.0,"source":"SIAGAS_MS_20260814","evidence_code":"E10"}},{"type":"Feature","geometry":{"type":"Point","coordinates":[-54.67444399999994,-21.975277999999946]},"properties":{"well_id":"3500027051","municipality":"Itaporã","aquifer":"Serra geral","available_fields":"pH | TEMPERATURA | TURBIDEZ | Solidos dissolvidos totais","available_count":4,"pH":6.84000015,"electrical_conductivity":null,"temperature":25.6000004,"chemical_parameter":"Solidos dissolvidos totais","chemical_concentration":101.7,"source":"SIAGAS_MS_20260814","evidence_code":"E10"}},{"type":"Feature","geometry":{"type":"Point","coordinates":[-54.819721999999956,-22.63861099999997]},"properties":{"well_id":"3500027116","municipality":"Caarapó","aquifer":"Serra geral","available_fields":"pH | TEMPERATURA | TURBIDEZ | Solidos dissolvidos totais","available_count":4,"pH":7.23000002,"electrical_conductivity":null,"temperature":26.0,"chemical_parameter":"Solidos dissolvidos totais","chemical_concentration":195.9,"source":"SIAGAS_MS_20260814","evidence_code":"E10"}},{"type":"Feature","geometry":{"type":"Point","coordinates":[-54.62861099999998,-20.48249999999996]},"properties":{"well_id":"3500022476","municipality":"Campo Grande","aquifer":"Serra geral","available_fields":"pH | CONDUTIVIDADE_ELETRICA | TEMPERATURA | Solidos dissolvidos totais","available_count":4,"pH":6.80000019,"electrical_conductivity":162.0,"temperature":27.0,"chemical_parameter":"Solidos dissolvidos totais","chemical_concentration":115.0,"source":"SIAGAS_MS_20260814","evidence_code":"E10"}},{"type":"Feature","geometry":{"type":"Point","coordinates":[-55.48305499999998,-22.746665999999948]},"properties":{"well_id":"3500022752","municipality":"Aral Moreira","aquifer":"Serra geral","available_fields":"pH | Solidos dissolvidos totais","available_count":2,"pH":6.4000001,"electrical_conductivity":null,"temperature":null,"chemical_parameter":"Solidos dissolvidos totais","chemical_concentration":103.9,"source":"SIAGAS_MS_20260814","evidence_code":"E10"}},{"type":"Feature","geometry":{"type":"Point","coordinates":[-54.56361099999998,-19.49138899999997]},"properties":{"well_id":"3500026945","municipality":"São Gabriel do Oeste","aquifer":"Serra geral","available_fields":"pH | TURBIDEZ","available_count":2,"pH":5.5,"electrical_conductivity":null,"temperature":null,"chemical_parameter":"","chemical_concentration":null,"source":"SIAGAS_MS_20260814","evidence_code":"E10"}},{"type":"Feature","geometry":{"type":"Point","coordinates":[-52.73027799999994,-18.74361099999993]},"properties":{"well_id":"3500026973","municipality":"Chapadão do Sul","aquifer":"Caiua","available_fields":"pH | CONDUTIVIDADE_ELETRICA | TEMPERATURA | TURBIDEZ","available_count":4,"pH":5.05999994,"electrical_conductivity":7.04,"temperature":22.0,"chemical_parameter":"","chemical_concentration":null,"source":"SIAGAS_MS_20260814","evidence_code":"E10"}},{"type":"Feature","geometry":{"type":"Point","coordinates":[-55.019443999999964,-23.62972199999996]},"properties":{"well_id":"3500023349","municipality":"Tacuru","aquifer":"Caiua","available_fields":"pH | TURBIDEZ","available_count":2,"pH":6.9000001,"electrical_conductivity":null,"temperature":null,"chemical_parameter":"","chemical_concentration":null,"source":"SIAGAS_MS_20260814","evidence_code":"E10"}},{"type":"Feature","geometry":{"type":"Point","coordinates":[-51.798055999999974,-20.99222199999997]},"properties":{"well_id":"3500045680","municipality":"Três Lagoas","aquifer":"Serra geral","available_fields":"pH | TURBIDEZ","available_count":2,"pH":6.30000019,"electrical_conductivity":null,"temperature":null,"chemical_parameter":"","chemical_concentration":null,"source":"SIAGAS_MS_20260814","evidence_code":"E10"}},{"type":"Feature","geometry":{"type":"Point","coordinates":[-52.822776999999974,-21.299165999999957]},"properties":{"well_id":"3500023283","municipality":"Santa Rita do Pardo","aquifer":"","available_fields":"pH | TURBIDEZ","available_count":2,"pH":7.0999999,"electrical_conductivity":null,"temperature":null,"chemical_parameter":"","chemical_concentration":null,"source":"SIAGAS_MS_20260814","evidence_code":"E10"}},{"type":"Feature","geometry":{"type":"Point","coordinates":[-54.58361099999996,-20.371666999999945]},"properties":{"well_id":"3500026914","municipality":"Campo Grande","aquifer":"","available_fields":"TURBIDEZ | Solidos dissolvidos totais","available_count":2,"pH":null,"electrical_conductivity":null,"temperature":null,"chemical_parameter":"Solidos dissolvidos totais","chemical_concentration":55.0,"source":"SIAGAS_MS_20260814","evidence_code":"E10"}},{"type":"Feature","geometry":{"type":"Point","coordinates":[-51.09361099999995,-20.086666999999977]},"properties":{"well_id":"3500026971","municipality":"Aparecida do Taboado","aquifer":"","available_fields":"pH | TURBIDEZ","available_count":2,"pH":5.46000004,"electrical_conductivity":null,"temperature":null,"chemical_parameter":"","chemical_concentration":null,"source":"SIAGAS_MS_20260814","evidence_code":"E10"}},{"type":"Feature","geometry":{"type":"Point","coordinates":[-54.63888899999995,-20.46999999999997]},"properties":{"well_id":"3500065106","municipality":"Campo Grande","aquifer":"Guarani","available_fields":"pH | CONDUTIVIDADE_ELETRICA | TEMPERATURA | Solidos dissolvidos totais","available_count":4,"pH":6.30999994,"electrical_conductivity":136.5,"temperature":36.2000008,"chemical_parameter":"Solidos dissolvidos totais","chemical_concentration":101.06,"source":"SIAGAS_MS_20260814","evidence_code":"E10"}},{"type":"Feature","geometry":{"type":"Point","coordinates":[-56.516074999999944,-20.981785999999943]},"properties":{"well_id":"3500073629","municipality":"Bonito","aquifer":"","available_fields":"pH | CONDUTIVIDADE_ELETRICA | TEMPERATURA | Solidos dissolvidos totais","available_count":4,"pH":8.10000038,"electrical_conductivity":580.0,"temperature":25.0,"chemical_parameter":"Solidos dissolvidos totais","chemical_concentration":170.0,"source":"SIAGAS_MS_20260814","evidence_code":"E10"}},{"type":"Feature","geometry":{"type":"Point","coordinates":[-54.56666699999994,-19.268610999999964]},"properties":{"well_id":"3500026924","municipality":"São Gabriel do Oeste","aquifer":"Serra geral","available_fields":"pH | TURBIDEZ","available_count":2,"pH":5.5999999,"electrical_conductivity":null,"temperature":null,"chemical_parameter":"","chemical_concentration":null,"source":"SIAGAS_MS_20260814","evidence_code":"E10"}},{"type":"Feature","geometry":{"type":"Point","coordinates":[-53.68478299999998,-20.48293099999995]},"properties":{"well_id":"3500072106","municipality":"Ribas do Rio Pardo","aquifer":"Serra geral","available_fields":"pH | TEMPERATURA | Solidos dissolvidos totais","available_count":3,"pH":7.96000004,"electrical_conductivity":null,"temperature":33.0,"chemical_parameter":"Solidos dissolvidos totais","chemical_concentration":147.0,"source":"SIAGAS_MS_20260814","evidence_code":"E10"}},{"type":"Feature","geometry":{"type":"Point","coordinates":[-53.66638899999998,-20.483055999999976]},"properties":{"well_id":"3500072101","municipality":"Ribas do Rio Pardo","aquifer":"Botucatu","available_fields":"pH | CONDUTIVIDADE_ELETRICA | TEMPERATURA | Solidos dissolvidos totais","available_count":4,"pH":8.55000019,"electrical_conductivity":123.0,"temperature":24.0,"chemical_parameter":"Solidos dissolvidos totais","chemical_concentration":119.0,"source":"SIAGAS_MS_20260814","evidence_code":"E10"}},{"type":"Feature","geometry":{"type":"Point","coordinates":[-53.84071899999998,-22.036868999999967]},"properties":{"well_id":"3500071922","municipality":"Angélica","aquifer":"Botucatu","available_fields":"pH | TEMPERATURA | Solidos dissolvidos totais","available_count":3,"pH":8.89999962,"electrical_conductivity":null,"temperature":26.0,"chemical_parameter":"Solidos dissolvidos totais","chemical_concentration":249.0,"source":"SIAGAS_MS_20260814","evidence_code":"E10"}},{"type":"Feature","geometry":{"type":"Point","coordinates":[-54.81166699999994,-22.611388999999974]},"properties":{"well_id":"3500026930","municipality":"Caarapó","aquifer":"Serra geral","available_fields":"pH | CONDUTIVIDADE_ELETRICA | TURBIDEZ","available_count":3,"pH":8.07999992,"electrical_conductivity":133.8,"temperature":null,"chemical_parameter":"","chemical_concentration":null,"source":"SIAGAS_MS_20260814","evidence_code":"E10"}},{"type":"Feature","geometry":{"type":"Point","coordinates":[-54.48333299999996,-22.545555999999976]},"properties":{"well_id":"3500027013","municipality":"Caarapó","aquifer":"Caiua","available_fields":"pH | TEMPERATURA | TURBIDEZ","available_count":3,"pH":7.0999999,"electrical_conductivity":null,"temperature":23.0,"chemical_parameter":"","chemical_concentration":null,"source":"SIAGAS_MS_20260814","evidence_code":"E10"}},{"type":"Feature","geometry":{"type":"Point","coordinates":[-52.87083299999995,-20.445832999999936]},"properties":{"well_id":"3500027053","municipality":"Água Clara","aquifer":"Serra geral","available_fields":"pH | TEMPERATURA | TURBIDEZ | Solidos dissolvidos totais","available_count":4,"pH":7.5,"electrical_conductivity":null,"temperature":23.7999992,"chemical_parameter":"Solidos dissolvidos totais","chemical_concentration":151.7,"source":"SIAGAS_MS_20260814","evidence_code":"E10"}},{"type":"Feature","geometry":{"type":"Point","coordinates":[-54.069166999999936,-22.05388899999997]},"properties":{"well_id":"3500045607","municipality":"Angélica","aquifer":"Caiua","available_fields":"pH | TURBIDEZ | Solidos dissolvidos totais","available_count":3,"pH":6.57000017,"electrical_conductivity":null,"temperature":null,"chemical_parameter":"Solidos dissolvidos totais","chemical_concentration":65.6,"source":"SIAGAS_MS_20260814","evidence_code":"E10"}},{"type":"Feature","geometry":{"type":"Point","coordinates":[-54.53027799999995,-20.47055599999993]},"properties":{"well_id":"3500045683","municipality":"Campo Grande","aquifer":"Caiua","available_fields":"pH | CONDUTIVIDADE_ELETRICA | TURBIDEZ","available_count":3,"pH":4.19999981,"electrical_conductivity":15.2,"temperature":null,"chemical_parameter":"","chemical_concentration":null,"source":"SIAGAS_MS_20260814","evidence_code":"E10"}},{"type":"Feature","geometry":{"type":"Point","coordinates":[-52.31277799999998,-21.682777999999928]},"properties":{"well_id":"3500045687","municipality":"Bataguassu","aquifer":"Caiua","available_fields":"pH | CONDUTIVIDADE_ELETRICA | TURBIDEZ","available_count":3,"pH":6.63999987,"electrical_conductivity":8.0,"temperature":null,"chemical_parameter":"","chemical_concentration":null,"source":"SIAGAS_MS_20260814","evidence_code":"E10"}},{"type":"Feature","geometry":{"type":"Point","coordinates":[-54.622221999999965,-20.521388999999942]},"properties":{"well_id":"3500065049","municipality":"Campo Grande","aquifer":"Serra geral","available_fields":"pH | Solidos dissolvidos totais","available_count":2,"pH":6.75,"electrical_conductivity":null,"temperature":null,"chemical_parameter":"Solidos dissolvidos totais","chemical_concentration":105.0,"source":"SIAGAS_MS_20260814","evidence_code":"E10"}},{"type":"Feature","geometry":{"type":"Point","coordinates":[-53.34861099999995,-22.485555999999974]},"properties":{"well_id":"3500065073","municipality":"Taquarussu","aquifer":"Caiua","available_fields":"pH","available_count":1,"pH":7.19999981,"electrical_conductivity":null,"temperature":null,"chemical_parameter":"","chemical_concentration":null,"source":"SIAGAS_MS_20260814","evidence_code":"E10"}},{"type":"Feature","geometry":{"type":"Point","coordinates":[-53.393332999999984,-22.563332999999943]},"properties":{"well_id":"3500065076","municipality":"Taquarussu","aquifer":"Caiua","available_fields":"pH | Solidos dissolvidos totais","available_count":2,"pH":7.80000019,"electrical_conductivity":null,"temperature":null,"chemical_parameter":"Solidos dissolvidos totais","chemical_concentration":584.8,"source":"SIAGAS_MS_20260814","evidence_code":"E10"}},{"type":"Feature","geometry":{"type":"Point","coordinates":[-54.86111099999994,-20.427777999999932]},"properties":{"well_id":"3500065077","municipality":"Terenos","aquifer":"Serra geral","available_fields":"pH | TEMPERATURA | Solidos dissolvidos totais","available_count":3,"pH":6.80000019,"electrical_conductivity":null,"temperature":28.2000008,"chemical_parameter":"Solidos dissolvidos totais","chemical_concentration":130.0,"source":"SIAGAS_MS_20260814","evidence_code":"E10"}},{"type":"Feature","geometry":{"type":"Point","coordinates":[-51.723888999999986,-20.807221999999967]},"properties":{"well_id":"3500065083","municipality":"Três Lagoas","aquifer":"Caiua","available_fields":"pH | TEMPERATURA | Solidos dissolvidos totais","available_count":3,"pH":5.5999999,"electrical_conductivity":null,"temperature":8.80000019,"chemical_parameter":"Solidos dissolvidos totais","chemical_concentration":28.3,"source":"SIAGAS_MS_20260814","evidence_code":"E10"}},{"type":"Feature","geometry":{"type":"Point","coordinates":[-54.04138799999998,-19.526665999999977]},"properties":{"well_id":"3500022594","municipality":"Camapuã","aquifer":"Guarani","available_fields":"pH | Solidos dissolvidos totais","available_count":2,"pH":7.9000001,"electrical_conductivity":null,"temperature":null,"chemical_parameter":"Solidos dissolvidos totais","chemical_concentration":153.2,"source":"SIAGAS_MS_20260814","evidence_code":"E10"}},{"type":"Feature","geometry":{"type":"Point","coordinates":[-55.82305599999995,-21.16111099999995]},"properties":{"well_id":"3500065132","municipality":"Nioaque","aquifer":"Guarani","available_fields":"pH | CONDUTIVIDADE_ELETRICA | TEMPERATURA | Solidos dissolvidos totais","available_count":4,"pH":6.53000021,"electrical_conductivity":144.0,"temperature":27.0,"chemical_parameter":"Solidos dissolvidos totais","chemical_concentration":132.85,"source":"SIAGAS_MS_20260814","evidence_code":"E10"}},{"type":"Feature","geometry":{"type":"Point","coordinates":[-54.041110999999944,-19.526110999999958]},"properties":{"well_id":"3500065022","municipality":"Camapuã","aquifer":"Guarani","available_fields":"pH | Solidos dissolvidos totais","available_count":2,"pH":7.9000001,"electrical_conductivity":null,"temperature":null,"chemical_parameter":"Solidos dissolvidos totais","chemical_concentration":153.2,"source":"SIAGAS_MS_20260814","evidence_code":"E10"}},{"type":"Feature","geometry":{"type":"Point","coordinates":[-54.04277799999994,-19.524166999999977]},"properties":{"well_id":"3500065024","municipality":"Camapuã","aquifer":"Guarani","available_fields":"pH | Solidos dissolvidos totais","available_count":2,"pH":7.5999999,"electrical_conductivity":null,"temperature":null,"chemical_parameter":"Solidos dissolvidos totais","chemical_concentration":249.4,"source":"SIAGAS_MS_20260814","evidence_code":"E10"}},{"type":"Feature","geometry":{"type":"Point","coordinates":[-55.96055599999994,-22.183888999999965]},"properties":{"well_id":"3500065007","municipality":"Antônio João","aquifer":"Serra geral","available_fields":"pH | Solidos dissolvidos totais","available_count":2,"pH":7.30000019,"electrical_conductivity":null,"temperature":null,"chemical_parameter":"Solidos dissolvidos totais","chemical_concentration":93.1,"source":"SIAGAS_MS_20260814","evidence_code":"E10"}},{"type":"Feature","geometry":{"type":"Point","coordinates":[-54.61805599999997,-20.445555999999954]},"properties":{"well_id":"3500065028","municipality":"Campo Grande","aquifer":"Serra geral","available_fields":"pH | TEMPERATURA | Solidos dissolvidos totais","available_count":3,"pH":6.5,"electrical_conductivity":null,"temperature":29.0,"chemical_parameter":"Solidos dissolvidos totais","chemical_concentration":150.0,"source":"SIAGAS_MS_20260814","evidence_code":"E10"}},{"type":"Feature","geometry":{"type":"Point","coordinates":[-53.238399999999956,-21.756455999999957]},"properties":{"well_id":"3500071396","municipality":"Nova Andradina","aquifer":"Bauru_Caiua","available_fields":"pH | TEMPERATURA","available_count":2,"pH":6.90999985,"electrical_conductivity":null,"temperature":23.6000004,"chemical_parameter":"","chemical_concentration":null,"source":"SIAGAS_MS_20260814","evidence_code":"E10"}},{"type":"Feature","geometry":{"type":"Point","coordinates":[-54.75850799999995,-18.500996999999927]},"properties":{"well_id":"3500071025","municipality":"Coxim","aquifer":"Furnas","available_fields":"pH | CONDUTIVIDADE_ELETRICA | TEMPERATURA","available_count":3,"pH":6.11999989,"electrical_conductivity":102.09,"temperature":22.1000004,"chemical_parameter":"","chemical_concentration":null,"source":"SIAGAS_MS_20260814","evidence_code":"E10"}},{"type":"Feature","geometry":{"type":"Point","coordinates":[-52.029938999999956,-21.251791999999966]},"properties":{"well_id":"3500069812","municipality":"Brasilândia","aquifer":"Bauru_Caiua","available_fields":"pH | TEMPERATURA","available_count":2,"pH":6.0999999,"electrical_conductivity":null,"temperature":6.0,"chemical_parameter":"","chemical_concentration":null,"source":"SIAGAS_MS_20260814","evidence_code":"E10"}},{"type":"Feature","geometry":{"type":"Point","coordinates":[-53.39944399999996,-22.312499999999943]},"properties":{"well_id":"3500026949","municipality":"Nova Andradina","aquifer":"Caiua","available_fields":"pH | CONDUTIVIDADE_ELETRICA | TEMPERATURA | TURBIDEZ","available_count":4,"pH":6.69000006,"electrical_conductivity":185.3,"temperature":21.2000008,"chemical_parameter":"","chemical_concentration":null,"source":"SIAGAS_MS_20260814","evidence_code":"E10"}},{"type":"Feature","geometry":{"type":"Point","coordinates":[-54.81388899999996,-22.59499999999997]},"properties":{"well_id":"3500026958","municipality":"Caarapó","aquifer":"Serra geral","available_fields":"pH | CONDUTIVIDADE_ELETRICA | TURBIDEZ","available_count":3,"pH":8.89999962,"electrical_conductivity":151.0,"temperature":null,"chemical_parameter":"","chemical_concentration":null,"source":"SIAGAS_MS_20260814","evidence_code":"E10"}},{"type":"Feature","geometry":{"type":"Point","coordinates":[-52.411388999999986,-21.69916699999993]},"properties":{"well_id":"3500026963","municipality":"Bataguassu","aquifer":"Bauru","available_fields":"pH | TURBIDEZ","available_count":2,"pH":5.44000006,"electrical_conductivity":null,"temperature":null,"chemical_parameter":"","chemical_concentration":null,"source":"SIAGAS_MS_20260814","evidence_code":"E10"}},{"type":"Feature","geometry":{"type":"Point","coordinates":[-54.12972199999996,-22.18777799999998]},"properties":{"well_id":"3500026964","municipality":"Deodápolis","aquifer":"Bauru","available_fields":"pH | TURBIDEZ","available_count":2,"pH":5.73999977,"electrical_conductivity":null,"temperature":null,"chemical_parameter":"","chemical_concentration":null,"source":"SIAGAS_MS_20260814","evidence_code":"E10"}},{"type":"Feature","geometry":{"type":"Point","coordinates":[-54.67638899999997,-20.440277999999978]},"properties":{"well_id":"3500026994","municipality":"Campo Grande","aquifer":"Serra geral","available_fields":"pH | CONDUTIVIDADE_ELETRICA | TURBIDEZ","available_count":3,"pH":7.19999981,"electrical_conductivity":44.5,"temperature":null,"chemical_parameter":"","chemical_concentration":null,"source":"SIAGAS_MS_20260814","evidence_code":"E10"}},{"type":"Feature","geometry":{"type":"Point","coordinates":[-55.11666699999995,-22.301388999999972]},"properties":{"well_id":"3500027003","municipality":"Ponta Porã","aquifer":"Serra geral","available_fields":"pH | TEMPERATURA | TURBIDEZ","available_count":3,"pH":5.78000021,"electrical_conductivity":null,"temperature":21.0,"chemical_parameter":"","chemical_concentration":null,"source":"SIAGAS_MS_20260814","evidence_code":"E10"}},{"type":"Feature","geometry":{"type":"Point","coordinates":[-51.912499999999966,-19.758610999999974]},"properties":{"well_id":"3500027004","municipality":"Inocência","aquifer":"Caiua","available_fields":"pH | TURBIDEZ","available_count":2,"pH":6.01999998,"electrical_conductivity":null,"temperature":null,"chemical_parameter":"","chemical_concentration":null,"source":"SIAGAS_MS_20260814","evidence_code":"E10"}},{"type":"Feature","geometry":{"type":"Point","coordinates":[-54.83722199999994,-22.08416699999998]},"properties":{"well_id":"3500027005","municipality":"Itaporã","aquifer":"Serra geral","available_fields":"TEMPERATURA","available_count":1,"pH":null,"electrical_conductivity":null,"temperature":27.0,"chemical_parameter":"","chemical_concentration":null,"source":"SIAGAS_MS_20260814","evidence_code":"E10"}},{"type":"Feature","geometry":{"type":"Point","coordinates":[-55.746388999999965,-22.478610999999944]},"properties":{"well_id":"3500027041","municipality":"Ponta Porã","aquifer":"Caiua","available_fields":"pH | TEMPERATURA | TURBIDEZ","available_count":3,"pH":7.51999998,"electrical_conductivity":null,"temperature":23.0,"chemical_parameter":"","chemical_concentration":null,"source":"SIAGAS_MS_20260814","evidence_code":"E10"}},{"type":"Feature","geometry":{"type":"Point","coordinates":[-55.15722199999993,-21.62555599999996]},"properties":{"well_id":"3500027048","municipality":"Maracaju","aquifer":"Serra geral","available_fields":"pH | TEMPERATURA | TURBIDEZ | Solidos dissolvidos totais","available_count":4,"pH":7.88000011,"electrical_conductivity":null,"temperature":20.8999996,"chemical_parameter":"Solidos dissolvidos totais","chemical_concentration":127.4,"source":"SIAGAS_MS_20260814","evidence_code":"E10"}},{"type":"Feature","geometry":{"type":"Point","coordinates":[-54.61805599999997,-20.434721999999965]},"properties":{"well_id":"3500027102","municipality":"Campo Grande","aquifer":"Serra geral","available_fields":"pH | TEMPERATURA | TURBIDEZ","available_count":3,"pH":7.30000019,"electrical_conductivity":null,"temperature":24.0,"chemical_parameter":"","chemical_concentration":null,"source":"SIAGAS_MS_20260814","evidence_code":"E10"}},{"type":"Feature","geometry":{"type":"Point","coordinates":[-54.61749999999995,-20.435555999999963]},"properties":{"well_id":"3500027104","municipality":"Campo Grande","aquifer":"Serra geral","available_fields":"pH | TEMPERATURA | TURBIDEZ","available_count":3,"pH":7.28000021,"electrical_conductivity":null,"temperature":24.0,"chemical_parameter":"","chemical_concentration":null,"source":"SIAGAS_MS_20260814","evidence_code":"E10"}},{"type":"Feature","geometry":{"type":"Point","coordinates":[-53.33777799999996,-22.235832999999957]},"properties":{"well_id":"3500027105","municipality":"Nova Andradina","aquifer":"Caiua","available_fields":"pH | CONDUTIVIDADE_ELETRICA | TEMPERATURA | TURBIDEZ","available_count":4,"pH":6.44999981,"electrical_conductivity":27.5,"temperature":12.0,"chemical_parameter":"","chemical_concentration":null,"source":"SIAGAS_MS_20260814","evidence_code":"E10"}},{"type":"Feature","geometry":{"type":"Point","coordinates":[-55.77555599999994,-20.471666999999968]},"properties":{"well_id":"3500027257","municipality":"Aquidauana","aquifer":"Aquidauana","available_fields":"pH | TEMPERATURA | TURBIDEZ | Solidos dissolvidos totais","available_count":4,"pH":6.26000023,"electrical_conductivity":null,"temperature":30.3999996,"chemical_parameter":"Solidos dissolvidos totais","chemical_concentration":64.2,"source":"SIAGAS_MS_20260814","evidence_code":"E10"}},{"type":"Feature","geometry":{"type":"Point","coordinates":[-55.16833299999996,-21.62638899999996]},"properties":{"well_id":"3500045610","municipality":"Maracaju","aquifer":"Serra geral","available_fields":"pH | TURBIDEZ | Solidos dissolvidos totais","available_count":3,"pH":6.48999977,"electrical_conductivity":null,"temperature":null,"chemical_parameter":"Solidos dissolvidos totais","chemical_concentration":113.0,"source":"SIAGAS_MS_20260814","evidence_code":"E10"}},{"type":"Feature","geometry":{"type":"Point","coordinates":[-53.16805599999998,-18.469721999999933]},"properties":{"well_id":"3500045633","municipality":"Costa Rica","aquifer":"Bauru","available_fields":"pH | TURBIDEZ","available_count":2,"pH":6.42000008,"electrical_conductivity":null,"temperature":null,"chemical_parameter":"","chemical_concentration":null,"source":"SIAGAS_MS_20260814","evidence_code":"E10"}},{"type":"Feature","geometry":{"type":"Point","coordinates":[-54.602499999999964,-22.864165999999955]},"properties":{"well_id":"3500023366","municipality":"Juti","aquifer":"Serra geral","available_fields":"pH | TURBIDEZ","available_count":2,"pH":7.19999981,"electrical_conductivity":null,"temperature":null,"chemical_parameter":"","chemical_concentration":null,"source":"SIAGAS_MS_20260814","evidence_code":"E10"}},{"type":"Feature","geometry":{"type":"Point","coordinates":[-51.41805499999998,-20.366387999999972]},"properties":{"well_id":"3500023304","municipality":"Selvíria","aquifer":"Serra geral","available_fields":"pH | TURBIDEZ | Solidos dissolvidos totais","available_count":3,"pH":7.0,"electrical_conductivity":null,"temperature":null,"chemical_parameter":"Solidos dissolvidos totais","chemical_concentration":94.0,"source":"SIAGAS_MS_20260814","evidence_code":"E10"}},{"type":"Feature","geometry":{"type":"Point","coordinates":[-51.10499999999996,-20.073887999999954]},"properties":{"well_id":"3500023318","municipality":"Aparecida do Taboado","aquifer":"Serra geral","available_fields":"pH | TURBIDEZ","available_count":2,"pH":5.0,"electrical_conductivity":null,"temperature":null,"chemical_parameter":"","chemical_concentration":null,"source":"SIAGAS_MS_20260814","evidence_code":"E10"}},{"type":"Feature","geometry":{"type":"Point","coordinates":[-55.72805499999998,-22.530832999999973]},"properties":{"well_id":"3500022743","municipality":"Ponta Porã","aquifer":"Guarani","available_fields":"pH | CONDUTIVIDADE_ELETRICA | TEMPERATURA | Solidos dissolvidos totais","available_count":4,"pH":6.61999989,"electrical_conductivity":166.8,"temperature":33.0999985,"chemical_parameter":"Solidos dissolvidos totais","chemical_concentration":117.12,"source":"SIAGAS_MS_20260814","evidence_code":"E10"}},{"type":"Feature","geometry":{"type":"Point","coordinates":[-55.91311099999996,-21.47544399999998]},"properties":{"well_id":"3500071769","municipality":"Guia Lopes da Laguna","aquifer":"Serra geral","available_fields":"pH | TEMPERATURA","available_count":2,"pH":6.94999981,"electrical_conductivity":null,"temperature":26.3999996,"chemical_parameter":"","chemical_concentration":null,"source":"SIAGAS_MS_20260814","evidence_code":"E10"}},{"type":"Feature","geometry":{"type":"Point","coordinates":[-52.54136099999994,-21.150180999999975]},"properties":{"well_id":"3500071720","municipality":"Brasilândia","aquifer":"Bauru_Caiua","available_fields":"pH | CONDUTIVIDADE_ELETRICA | TEMPERATURA","available_count":3,"pH":8.30000019,"electrical_conductivity":210.0,"temperature":32.0,"chemical_parameter":"","chemical_concentration":null,"source":"SIAGAS_MS_20260814","evidence_code":"E10"}},{"type":"Feature","geometry":{"type":"Point","coordinates":[-53.89325599999995,-22.58881699999995]},"properties":{"well_id":"3500071702","municipality":"Novo Horizonte do Sul","aquifer":"Bauru_Caiua","available_fields":"pH | CONDUTIVIDADE_ELETRICA | TEMPERATURA","available_count":3,"pH":5.23999977,"electrical_conductivity":19.25,"temperature":23.0,"chemical_parameter":"","chemical_concentration":null,"source":"SIAGAS_MS_20260814","evidence_code":"E10"}},{"type":"Feature","geometry":{"type":"Point","coordinates":[-53.01658299999997,-18.99536699999993]},"properties":{"well_id":"3500071665","municipality":"Costa Rica","aquifer":"Bauru_Caiua","available_fields":"pH | CONDUTIVIDADE_ELETRICA | TEMPERATURA","available_count":3,"pH":6.4000001,"electrical_conductivity":74.7,"temperature":22.5,"chemical_parameter":"","chemical_concentration":null,"source":"SIAGAS_MS_20260814","evidence_code":"E10"}},{"type":"Feature","geometry":{"type":"Point","coordinates":[-56.38310299999995,-20.24093899999997]},"properties":{"well_id":"3500071612","municipality":"Miranda","aquifer":"Não definido","available_fields":"pH | CONDUTIVIDADE_ELETRICA | TEMPERATURA","available_count":3,"pH":6.0,"electrical_conductivity":141.69,"temperature":23.0,"chemical_parameter":"","chemical_concentration":null,"source":"SIAGAS_MS_20260814","evidence_code":"E10"}},{"type":"Feature","geometry":{"type":"Point","coordinates":[-54.369827999999984,-19.918943999999954]},"properties":{"well_id":"3500071341","municipality":"Bandeirantes","aquifer":"Serra geral","available_fields":"pH | CONDUTIVIDADE_ELETRICA | TEMPERATURA","available_count":3,"pH":7.19999981,"electrical_conductivity":65.0,"temperature":24.7999992,"chemical_parameter":"","chemical_concentration":null,"source":"SIAGAS_MS_20260814","evidence_code":"E10"}},{"type":"Feature","geometry":{"type":"Point","coordinates":[-54.19066699999996,-23.033421999999973]},"properties":{"well_id":"3500071246","municipality":"Naviraí","aquifer":"Bauru_Caiua","available_fields":"pH | CONDUTIVIDADE_ELETRICA | TEMPERATURA","available_count":3,"pH":7.63000011,"electrical_conductivity":32.5,"temperature":26.0,"chemical_parameter":"","chemical_concentration":null,"source":"SIAGAS_MS_20260814","evidence_code":"E10"}},{"type":"Feature","geometry":{"type":"Point","coordinates":[-54.603755999999976,-20.517949999999928]},"properties":{"well_id":"3500071225","municipality":"Campo Grande","aquifer":"Serra geral","available_fields":"pH | CONDUTIVIDADE_ELETRICA | TEMPERATURA","available_count":3,"pH":7.80000019,"electrical_conductivity":115.0,"temperature":30.0,"chemical_parameter":"","chemical_concentration":null,"source":"SIAGAS_MS_20260814","evidence_code":"E10"}},{"type":"Feature","geometry":{"type":"Point","coordinates":[-54.508055999999954,-22.379455999999948]},"properties":{"well_id":"3500071218","municipality":"Fátima do Sul","aquifer":"Serra geral","available_fields":"pH | CONDUTIVIDADE_ELETRICA | TEMPERATURA","available_count":3,"pH":7.13999987,"electrical_conductivity":188.19,"temperature":26.0,"chemical_parameter":"","chemical_concentration":null,"source":"SIAGAS_MS_20260814","evidence_code":"E10"}},{"type":"Feature","geometry":{"type":"Point","coordinates":[-54.629730999999936,-20.503680999999972]},"properties":{"well_id":"3500071067","municipality":"Campo Grande","aquifer":"Serra geral","available_fields":"pH | CONDUTIVIDADE_ELETRICA | TEMPERATURA","available_count":3,"pH":7.0,"electrical_conductivity":145.0,"temperature":27.0,"chemical_parameter":"","chemical_concentration":null,"source":"SIAGAS_MS_20260814","evidence_code":"E10"}},{"type":"Feature","geometry":{"type":"Point","coordinates":[-56.485382999999956,-21.12904199999997]},"properties":{"well_id":"3500071045","municipality":"Bonito","aquifer":"Não definido","available_fields":"pH | CONDUTIVIDADE_ELETRICA | TEMPERATURA","available_count":3,"pH":7.15999985,"electrical_conductivity":41.89,"temperature":24.0,"chemical_parameter":"","chemical_concentration":null,"source":"SIAGAS_MS_20260814","evidence_code":"E10"}},{"type":"Feature","geometry":{"type":"Point","coordinates":[-53.261082999999985,-22.297305999999935]},"properties":{"well_id":"3500071037","municipality":"Batayporã","aquifer":"Bauru_Caiua","available_fields":"pH | CONDUTIVIDADE_ELETRICA | TEMPERATURA","available_count":3,"pH":6.05000019,"electrical_conductivity":4.7,"temperature":25.2999992,"chemical_parameter":"","chemical_concentration":null,"source":"SIAGAS_MS_20260814","evidence_code":"E10"}},{"type":"Feature","geometry":{"type":"Point","coordinates":[-54.614405999999974,-20.43508099999997]},"properties":{"well_id":"3500071019","municipality":"Campo Grande","aquifer":"Serra geral","available_fields":"pH | CONDUTIVIDADE_ELETRICA | TEMPERATURA","available_count":3,"pH":6.57999992,"electrical_conductivity":116.7,"temperature":25.0,"chemical_parameter":"","chemical_concentration":null,"source":"SIAGAS_MS_20260814","evidence_code":"E10"}},{"type":"Feature","geometry":{"type":"Point","coordinates":[-54.60881699999993,-20.462477999999976]},"properties":{"well_id":"3500070934","municipality":"Campo Grande","aquifer":"Serra geral","available_fields":"pH | CONDUTIVIDADE_ELETRICA","available_count":2,"pH":6.4000001,"electrical_conductivity":111.7,"temperature":null,"chemical_parameter":"","chemical_concentration":null,"source":"SIAGAS_MS_20260814","evidence_code":"E10"}},{"type":"Feature","geometry":{"type":"Point","coordinates":[-54.590480999999954,-20.466343999999935]},"properties":{"well_id":"3500070897","municipality":"Campo Grande","aquifer":"Serra geral","available_fields":"pH","available_count":1,"pH":6.53000021,"electrical_conductivity":null,"temperature":null,"chemical_parameter":"","chemical_concentration":null,"source":"SIAGAS_MS_20260814","evidence_code":"E10"}},{"type":"Feature","geometry":{"type":"Point","coordinates":[-54.70855299999994,-20.968132999999966]},"properties":{"well_id":"3500070870","municipality":"Sidrolândia","aquifer":"Serra geral","available_fields":"pH | CONDUTIVIDADE_ELETRICA | TEMPERATURA","available_count":3,"pH":6.80000019,"electrical_conductivity":50.0,"temperature":28.0,"chemical_parameter":"","chemical_concentration":null,"source":"SIAGAS_MS_20260814","evidence_code":"E10"}},{"type":"Feature","geometry":{"type":"Point","coordinates":[-54.17463899999996,-22.466305999999975]},"properties":{"well_id":"3500070755","municipality":"Glória de Dourados","aquifer":"Bauru_Caiua","available_fields":"pH | CONDUTIVIDADE_ELETRICA | TEMPERATURA","available_count":3,"pH":7.9000001,"electrical_conductivity":93.5,"temperature":18.0,"chemical_parameter":"","chemical_concentration":null,"source":"SIAGAS_MS_20260814","evidence_code":"E10"}},{"type":"Feature","geometry":{"type":"Point","coordinates":[-54.85949199999993,-20.432568999999944]},"properties":{"well_id":"3500070625","municipality":"Terenos","aquifer":"Serra geral","available_fields":"pH","available_count":1,"pH":7.80000019,"electrical_conductivity":null,"temperature":null,"chemical_parameter":"","chemical_concentration":null,"source":"SIAGAS_MS_20260814","evidence_code":"E10"}},{"type":"Feature","geometry":{"type":"Point","coordinates":[-54.68222199999997,-20.55527799999993]},"properties":{"well_id":"3500070585","municipality":"Campo Grande","aquifer":"Guarani","available_fields":"pH | TEMPERATURA","available_count":2,"pH":7.80000019,"electrical_conductivity":null,"temperature":31.0,"chemical_parameter":"","chemical_concentration":null,"source":"SIAGAS_MS_20260814","evidence_code":"E10"}},{"type":"Feature","geometry":{"type":"Point","coordinates":[-54.845605999999975,-20.80051099999997]},"properties":{"well_id":"3500069692","municipality":"Sidrolândia","aquifer":"Serra geral","available_fields":"pH | CONDUTIVIDADE_ELETRICA | TEMPERATURA","available_count":3,"pH":6.4000001,"electrical_conductivity":100.0,"temperature":26.0,"chemical_parameter":"","chemical_concentration":null,"source":"SIAGAS_MS_20260814","evidence_code":"E10"}},{"type":"Feature","geometry":{"type":"Point","coordinates":[-54.70647799999995,-21.887130999999954]},"properties":{"well_id":"3500069677","municipality":"Itaporã","aquifer":"Serra geral","available_fields":"pH | CONDUTIVIDADE_ELETRICA | TEMPERATURA","available_count":3,"pH":7.69999981,"electrical_conductivity":136.3,"temperature":26.0,"chemical_parameter":"","chemical_concentration":null,"source":"SIAGAS_MS_20260814","evidence_code":"E10"}},{"type":"Feature","geometry":{"type":"Point","coordinates":[-54.171835999999985,-23.46241699999996]},"properties":{"well_id":"3500069457","municipality":"Itaquiraí","aquifer":"Bauru_Caiua","available_fields":"pH | CONDUTIVIDADE_ELETRICA","available_count":2,"pH":7.76999998,"electrical_conductivity":52.35,"temperature":null,"chemical_parameter":"","chemical_concentration":null,"source":"SIAGAS_MS_20260814","evidence_code":"E10"}},{"type":"Feature","geometry":{"type":"Point","coordinates":[-54.36666699999995,-21.466666999999973]},"properties":{"well_id":"3500026933","municipality":"Nova Alvorada do Sul","aquifer":"Serra geral","available_fields":"pH | TURBIDEZ","available_count":2,"pH":7.0,"electrical_conductivity":null,"temperature":null,"chemical_parameter":"","chemical_concentration":null,"source":"SIAGAS_MS_20260814","evidence_code":"E10"}},{"type":"Feature","geometry":{"type":"Point","coordinates":[-54.485555999999974,-22.13777799999997]},"properties":{"well_id":"3500027071","municipality":"Dourados","aquifer":"Guarani","available_fields":"pH | TURBIDEZ | Solidos dissolvidos totais","available_count":3,"pH":7.5999999,"electrical_conductivity":null,"temperature":null,"chemical_parameter":"Solidos dissolvidos totais","chemical_concentration":141.9,"source":"SIAGAS_MS_20260814","evidence_code":"E10"}},{"type":"Feature","geometry":{"type":"Point","coordinates":[-51.643055999999945,-20.802221999999972]},"properties":{"well_id":"3500045601","municipality":"Três Lagoas","aquifer":"","available_fields":"pH | CONDUTIVIDADE_ELETRICA | TEMPERATURA | TURBIDEZ","available_count":4,"pH":7.17999983,"electrical_conductivity":182.6,"temperature":26.0,"chemical_parameter":"","chemical_concentration":null,"source":"SIAGAS_MS_20260814","evidence_code":"E10"}},{"type":"Feature","geometry":{"type":"Point","coordinates":[-55.759721999999954,-20.45305499999995]},"properties":{"well_id":"3500023193","municipality":"Aquidauana","aquifer":"","available_fields":"TURBIDEZ | Solidos dissolvidos totais","available_count":2,"pH":null,"electrical_conductivity":null,"temperature":null,"chemical_parameter":"Solidos dissolvidos totais","chemical_concentration":116.0,"source":"SIAGAS_MS_20260814","evidence_code":"E10"}},{"type":"Feature","geometry":{"type":"Point","coordinates":[-53.88213299999995,-22.64214999999996]},"properties":{"well_id":"3500070540","municipality":"Novo Horizonte do Sul","aquifer":"","available_fields":"pH | CONDUTIVIDADE_ELETRICA | TEMPERATURA","available_count":3,"pH":8.18999958,"electrical_conductivity":203.5,"temperature":24.0,"chemical_parameter":"","chemical_concentration":null,"source":"SIAGAS_MS_20260814","evidence_code":"E10"}},{"type":"Feature","geometry":{"type":"Point","coordinates":[-54.831185999999946,-19.96169199999997]},"properties":{"well_id":"3500071668","municipality":"Rochedo","aquifer":"","available_fields":"pH | CONDUTIVIDADE_ELETRICA | TEMPERATURA","available_count":3,"pH":6.19999981,"electrical_conductivity":34.5,"temperature":26.0,"chemical_parameter":"","chemical_concentration":null,"source":"SIAGAS_MS_20260814","evidence_code":"E10"}},{"type":"Feature","geometry":{"type":"Point","coordinates":[-52.873887999999965,-20.446665999999937]},"properties":{"well_id":"3500023125","municipality":"Água Clara","aquifer":"","available_fields":"pH","available_count":1,"pH":7.0999999,"electrical_conductivity":null,"temperature":null,"chemical_parameter":"","chemical_concentration":null,"source":"SIAGAS_MS_20260814","evidence_code":"E10"}},{"type":"Feature","geometry":{"type":"Point","coordinates":[-54.89027699999997,-19.95305499999995]},"properties":{"well_id":"3500023213","municipality":"Rochedo","aquifer":"","available_fields":"pH","available_count":1,"pH":6.30000019,"electrical_conductivity":null,"temperature":null,"chemical_parameter":"","chemical_concentration":null,"source":"SIAGAS_MS_20260814","evidence_code":"E10"}},{"type":"Feature","geometry":{"type":"Point","coordinates":[-54.78249999999997,-22.245832999999948]},"properties":{"well_id":"3500026999","municipality":"Dourados","aquifer":"","available_fields":"pH | TURBIDEZ","available_count":2,"pH":7.26000023,"electrical_conductivity":null,"temperature":null,"chemical_parameter":"","chemical_concentration":null,"source":"SIAGAS_MS_20260814","evidence_code":"E10"}},{"type":"Feature","geometry":{"type":"Point","coordinates":[-52.09722199999993,-21.249999999999943]},"properties":{"well_id":"3500045686","municipality":"Brasilândia","aquifer":"Caiua","available_fields":"pH | CONDUTIVIDADE_ELETRICA | TURBIDEZ | Solidos dissolvidos totais","available_count":4,"pH":6.9000001,"electrical_conductivity":25.0,"temperature":null,"chemical_parameter":"Solidos dissolvidos totais","chemical_concentration":19.0,"source":"SIAGAS_MS_20260814","evidence_code":"E10"}},{"type":"Feature","geometry":{"type":"Point","coordinates":[-54.78641699999997,-18.964971999999932]},"properties":{"well_id":"3500072555","municipality":"Rio Verde de Mato Grosso","aquifer":"","available_fields":"pH | CONDUTIVIDADE_ELETRICA | TEMPERATURA | Solidos dissolvidos totais","available_count":4,"pH":5.30999994,"electrical_conductivity":14.6,"temperature":24.0,"chemical_parameter":"Solidos dissolvidos totais","chemical_concentration":28.0,"source":"SIAGAS_MS_20260814","evidence_code":"E10"}},{"type":"Feature","geometry":{"type":"Point","coordinates":[-57.623666999999955,-19.075852999999938]},"properties":{"well_id":"3500073209","municipality":"Ladário","aquifer":"","available_fields":"pH | TEMPERATURA | Solidos dissolvidos totais","available_count":3,"pH":6.80000019,"electrical_conductivity":null,"temperature":25.0,"chemical_parameter":"Solidos dissolvidos totais","chemical_concentration":102.0,"source":"SIAGAS_MS_20260814","evidence_code":"E10"}},{"type":"Feature","geometry":{"type":"Point","coordinates":[-54.147099999999966,-22.474099999999964]},"properties":{"well_id":"3500073560","municipality":"Glória de Dourados","aquifer":"","available_fields":"pH | TEMPERATURA | Solidos dissolvidos totais","available_count":3,"pH":5.51000023,"electrical_conductivity":null,"temperature":20.0,"chemical_parameter":"Solidos dissolvidos totais","chemical_concentration":116.4,"source":"SIAGAS_MS_20260814","evidence_code":"E10"}},{"type":"Feature","geometry":{"type":"Point","coordinates":[-54.48664199999996,-19.56219999999996]},"properties":{"well_id":"3500072128","municipality":"São Gabriel do Oeste","aquifer":"","available_fields":"pH | CONDUTIVIDADE_ELETRICA | TEMPERATURA | Solidos dissolvidos totais","available_count":4,"pH":7.0,"electrical_conductivity":136.6,"temperature":26.0,"chemical_parameter":"Solidos dissolvidos totais","chemical_concentration":48.0,"source":"SIAGAS_MS_20260814","evidence_code":"E10"}},{"type":"Feature","geometry":{"type":"Point","coordinates":[-55.43539999999996,-20.44690799999995]},"properties":{"well_id":"3500073090","municipality":"Dois Irmãos do Buriti","aquifer":"","available_fields":"pH | CONDUTIVIDADE_ELETRICA | TEMPERATURA | Solidos dissolvidos totais","available_count":4,"pH":7.0,"electrical_conductivity":160.1,"temperature":27.6000004,"chemical_parameter":"Solidos dissolvidos totais","chemical_concentration":137.7,"source":"SIAGAS_MS_20260814","evidence_code":"E10"}},{"type":"Feature","geometry":{"type":"Point","coordinates":[-53.285413999999946,-22.28637199999997]},"properties":{"well_id":"3500072618","municipality":"Batayporã","aquifer":"","available_fields":"pH | Solidos dissolvidos totais","available_count":2,"pH":7.71000004,"electrical_conductivity":null,"temperature":null,"chemical_parameter":"Solidos dissolvidos totais","chemical_concentration":126.5,"source":"SIAGAS_MS_20260814","evidence_code":"E10"}},{"type":"Feature","geometry":{"type":"Point","coordinates":[-57.62076099999996,-19.022866999999962]},"properties":{"well_id":"3500073348","municipality":"Corumbá","aquifer":"","available_fields":"pH | CONDUTIVIDADE_ELETRICA | TEMPERATURA","available_count":3,"pH":6.30000019,"electrical_conductivity":43.9,"temperature":23.0,"chemical_parameter":"","chemical_concentration":null,"source":"SIAGAS_MS_20260814","evidence_code":"E10"}},{"type":"Feature","geometry":{"type":"Point","coordinates":[-55.85160599999995,-21.16081399999996]},"properties":{"well_id":"3500073274","municipality":"Nioaque","aquifer":"","available_fields":"pH | CONDUTIVIDADE_ELETRICA | TEMPERATURA | Solidos dissolvidos totais","available_count":4,"pH":6.5999999,"electrical_conductivity":105.2,"temperature":27.8999996,"chemical_parameter":"Solidos dissolvidos totais","chemical_concentration":90.5,"source":"SIAGAS_MS_20260814","evidence_code":"E10"}},{"type":"Feature","geometry":{"type":"Point","coordinates":[-55.22799999999995,-21.09536099999997]},"properties":{"well_id":"3500073423","municipality":"Sidrolândia","aquifer":"","available_fields":"pH | CONDUTIVIDADE_ELETRICA | Solidos dissolvidos totais","available_count":3,"pH":7.8499999,"electrical_conductivity":106.8,"temperature":null,"chemical_parameter":"Solidos dissolvidos totais","chemical_concentration":129.0,"source":"SIAGAS_MS_20260814","evidence_code":"E10"}},{"type":"Feature","geometry":{"type":"Point","coordinates":[-54.530393999999944,-20.474077999999963]},"properties":{"well_id":"3500073503","municipality":"Campo Grande","aquifer":"","available_fields":"pH | TEMPERATURA | Solidos dissolvidos totais","available_count":3,"pH":7.13999987,"electrical_conductivity":null,"temperature":24.0,"chemical_parameter":"Solidos dissolvidos totais","chemical_concentration":20.0,"source":"SIAGAS_MS_20260814","evidence_code":"E10"}},{"type":"Feature","geometry":{"type":"Point","coordinates":[-55.539999999999964,-20.478613999999936]},"properties":{"well_id":"3500072485","municipality":"Aquidauana","aquifer":"","available_fields":"pH | Solidos dissolvidos totais","available_count":2,"pH":7.19999981,"electrical_conductivity":null,"temperature":null,"chemical_parameter":"Solidos dissolvidos totais","chemical_concentration":78.5,"source":"SIAGAS_MS_20260814","evidence_code":"E10"}},{"type":"Feature","geometry":{"type":"Point","coordinates":[-57.67551899999995,-19.18631899999997]},"properties":{"well_id":"3500072249","municipality":"Corumbá","aquifer":"","available_fields":"pH | CONDUTIVIDADE_ELETRICA | Solidos dissolvidos totais","available_count":3,"pH":6.86000013,"electrical_conductivity":685.1,"temperature":null,"chemical_parameter":"Solidos dissolvidos totais","chemical_concentration":430.0,"source":"SIAGAS_MS_20260814","evidence_code":"E10"}},{"type":"Feature","geometry":{"type":"Point","coordinates":[-54.71897199999995,-22.223805999999968]},"properties":{"well_id":"3500072048","municipality":"Dourados","aquifer":"","available_fields":"pH | CONDUTIVIDADE_ELETRICA | TEMPERATURA | Solidos dissolvidos totais","available_count":4,"pH":7.67999983,"electrical_conductivity":153.0,"temperature":33.0,"chemical_parameter":"Solidos dissolvidos totais","chemical_concentration":154.0,"source":"SIAGAS_MS_20260814","evidence_code":"E10"}},{"type":"Feature","geometry":{"type":"Point","coordinates":[-52.47249999999997,-21.74166699999995]},"properties":{"well_id":"3500045624","municipality":"Bataguassu","aquifer":"Bauru","available_fields":"pH | CONDUTIVIDADE_ELETRICA | TEMPERATURA | Solidos dissolvidos totais","available_count":4,"pH":6.0999999,"electrical_conductivity":34.3,"temperature":19.0,"chemical_parameter":"Solidos dissolvidos totais","chemical_concentration":72.0,"source":"SIAGAS_MS_20260814","evidence_code":"E10"}},{"type":"Feature","geometry":{"type":"Point","coordinates":[-54.57926399999997,-20.460977999999955]},"properties":{"well_id":"3500073584","municipality":"Campo Grande","aquifer":"Serra geral","available_fields":"pH | CONDUTIVIDADE_ELETRICA | TEMPERATURA | Solidos dissolvidos totais","available_count":4,"pH":7.19999981,"electrical_conductivity":150.0,"temperature":29.0,"chemical_parameter":"Solidos dissolvidos totais","chemical_concentration":70.0,"source":"SIAGAS_MS_20260814","evidence_code":"E10"}},{"type":"Feature","geometry":{"type":"Point","coordinates":[-54.636532999999986,-19.248032999999964]},"properties":{"well_id":"3500073581","municipality":"São Gabriel do Oeste","aquifer":"Botucatu","available_fields":"pH | Solidos dissolvidos totais","available_count":2,"pH":6.5,"electrical_conductivity":null,"temperature":null,"chemical_parameter":"Solidos dissolvidos totais","chemical_concentration":21.0,"source":"SIAGAS_MS_20260814","evidence_code":"E10"}},{"type":"Feature","geometry":{"type":"Point","coordinates":[-52.46166699999998,-21.743055999999967]},"properties":{"well_id":"3500073588","municipality":"Bataguassu","aquifer":"Bauru","available_fields":"pH | CONDUTIVIDADE_ELETRICA | TEMPERATURA | Solidos dissolvidos totais","available_count":4,"pH":6.42000008,"electrical_conductivity":17.21,"temperature":25.8999996,"chemical_parameter":"Solidos dissolvidos totais","chemical_concentration":10.0,"source":"SIAGAS_MS_20260814","evidence_code":"E10"}},{"type":"Feature","geometry":{"type":"Point","coordinates":[-54.862266999999974,-21.89764699999995]},"properties":{"well_id":"3500073591","municipality":"Itaporã","aquifer":"Serra geral","available_fields":"pH | CONDUTIVIDADE_ELETRICA | TEMPERATURA | Solidos dissolvidos totais","available_count":4,"pH":7.40999985,"electrical_conductivity":158.0,"temperature":23.0,"chemical_parameter":"Solidos dissolvidos totais","chemical_concentration":102.7,"source":"SIAGAS_MS_20260814","evidence_code":"E10"}},{"type":"Feature","geometry":{"type":"Point","coordinates":[-54.85994199999993,-21.895491999999933]},"properties":{"well_id":"3500073590","municipality":"Itaporã","aquifer":"Serra geral","available_fields":"pH | CONDUTIVIDADE_ELETRICA | TEMPERATURA | Solidos dissolvidos totais","available_count":4,"pH":6.57000017,"electrical_conductivity":80.4,"temperature":23.0,"chemical_parameter":"Solidos dissolvidos totais","chemical_concentration":52.26,"source":"SIAGAS_MS_20260814","evidence_code":"E10"}},{"type":"Feature","geometry":{"type":"Point","coordinates":[-54.122499999999945,-22.509388999999942]},"properties":{"well_id":"3500073602","municipality":"Glória de Dourados","aquifer":"Bauru","available_fields":"pH | CONDUTIVIDADE_ELETRICA | TEMPERATURA | Solidos dissolvidos totais","available_count":4,"pH":5.69000006,"electrical_conductivity":91.5,"temperature":22.0,"chemical_parameter":"Solidos dissolvidos totais","chemical_concentration":118.0,"source":"SIAGAS_MS_20260814","evidence_code":"E10"}},{"type":"Feature","geometry":{"type":"Point","coordinates":[-56.256943999999976,-20.381388999999956]},"properties":{"well_id":"3500045660","municipality":"Miranda","aquifer":"Cobertura cenozoica","available_fields":"pH | TEMPERATURA | TURBIDEZ","available_count":3,"pH":7.96999979,"electrical_conductivity":null,"temperature":23.0,"chemical_parameter":"","chemical_concentration":null,"source":"SIAGAS_MS_20260814","evidence_code":"E10"}},{"type":"Feature","geometry":{"type":"Point","coordinates":[-54.47390599999994,-19.520663999999954]},"properties":{"well_id":"3500073617","municipality":"São Gabriel do Oeste","aquifer":"Botucatu","available_fields":"pH | CONDUTIVIDADE_ELETRICA | TEMPERATURA | Solidos dissolvidos totais","available_count":4,"pH":6.9000001,"electrical_conductivity":100.0,"temperature":24.0,"chemical_parameter":"Solidos dissolvidos totais","chemical_concentration":40.0,"source":"SIAGAS_MS_20260814","evidence_code":"E10"}},{"type":"Feature","geometry":{"type":"Point","coordinates":[-51.669280999999955,-20.792396999999937]},"properties":{"well_id":"3500073628","municipality":"Três Lagoas","aquifer":"Bauru","available_fields":"pH | CONDUTIVIDADE_ELETRICA | TEMPERATURA | Solidos dissolvidos totais","available_count":4,"pH":8.0,"electrical_conductivity":130.7,"temperature":23.2000008,"chemical_parameter":"Solidos dissolvidos totais","chemical_concentration":55.0,"source":"SIAGAS_MS_20260814","evidence_code":"E10"}},{"type":"Feature","geometry":{"type":"Point","coordinates":[-54.47129399999994,-20.47937799999994]},"properties":{"well_id":"3500073627","municipality":"Campo Grande","aquifer":"Serra geral","available_fields":"pH | CONDUTIVIDADE_ELETRICA | TEMPERATURA | Solidos dissolvidos totais","available_count":4,"pH":6.9000001,"electrical_conductivity":147.5,"temperature":26.0,"chemical_parameter":"Solidos dissolvidos totais","chemical_concentration":216.0,"source":"SIAGAS_MS_20260814","evidence_code":"E10"}},{"type":"Feature","geometry":{"type":"Point","coordinates":[-54.508055999999954,-22.152221999999938]},"properties":{"well_id":"3500073634","municipality":"Dourados","aquifer":"Serra geral","available_fields":"pH | CONDUTIVIDADE_ELETRICA | TEMPERATURA | Solidos dissolvidos totais","available_count":4,"pH":6.23000002,"electrical_conductivity":29.21,"temperature":25.0,"chemical_parameter":"Solidos dissolvidos totais","chemical_concentration":20.07,"source":"SIAGAS_MS_20260814","evidence_code":"E10"}},{"type":"Feature","geometry":{"type":"Point","coordinates":[-54.166943999999944,-22.484999999999957]},"properties":{"well_id":"3500073637","municipality":"Glória de Dourados","aquifer":"Bauru","available_fields":"pH | CONDUTIVIDADE_ELETRICA | TEMPERATURA | Solidos dissolvidos totais","available_count":4,"pH":5.53999996,"electrical_conductivity":8.87,"temperature":24.0,"chemical_parameter":"Solidos dissolvidos totais","chemical_concentration":5.77,"source":"SIAGAS_MS_20260814","evidence_code":"E10"}},{"type":"Feature","geometry":{"type":"Point","coordinates":[-54.249424999999974,-23.47983899999997]},"properties":{"well_id":"3500073640","municipality":"Iguatemi","aquifer":"Bauru","available_fields":"pH | CONDUTIVIDADE_ELETRICA | TEMPERATURA | Solidos dissolvidos totais","available_count":4,"pH":7.9000001,"electrical_conductivity":49.22,"temperature":26.2000008,"chemical_parameter":"Solidos dissolvidos totais","chemical_concentration":16.0,"source":"SIAGAS_MS_20260814","evidence_code":"E10"}},{"type":"Feature","geometry":{"type":"Point","coordinates":[-54.79493299999996,-22.22696899999994]},"properties":{"well_id":"3500073652","municipality":"Dourados","aquifer":"Serra geral","available_fields":"pH | CONDUTIVIDADE_ELETRICA | TEMPERATURA | Solidos dissolvidos totais","available_count":4,"pH":5.98000002,"electrical_conductivity":258.6,"temperature":24.0,"chemical_parameter":"Solidos dissolvidos totais","chemical_concentration":168.1,"source":"SIAGAS_MS_20260814","evidence_code":"E10"}},{"type":"Feature","geometry":{"type":"Point","coordinates":[-54.16363099999995,-22.50474399999996]},"properties":{"well_id":"3500073658","municipality":"Glória de Dourados","aquifer":"Bauru","available_fields":"pH | CONDUTIVIDADE_ELETRICA | TEMPERATURA | Solidos dissolvidos totais","available_count":4,"pH":6.0999999,"electrical_conductivity":35.04,"temperature":24.0,"chemical_parameter":"Solidos dissolvidos totais","chemical_concentration":22.77,"source":"SIAGAS_MS_20260814","evidence_code":"E10"}},{"type":"Feature","geometry":{"type":"Point","coordinates":[-54.23038599999995,-23.056238999999948]},"properties":{"well_id":"3500073660","municipality":"Naviraí","aquifer":"Bauru","available_fields":"pH | CONDUTIVIDADE_ELETRICA | TEMPERATURA | Solidos dissolvidos totais","available_count":4,"pH":6.0999999,"electrical_conductivity":95.0,"temperature":22.0,"chemical_parameter":"Solidos dissolvidos totais","chemical_concentration":68.0,"source":"SIAGAS_MS_20260814","evidence_code":"E10"}},{"type":"Feature","geometry":{"type":"Point","coordinates":[-54.353141999999934,-22.483221999999955]},"properties":{"well_id":"3500073676","municipality":"Jateí","aquifer":"Serra geral","available_fields":"pH | CONDUTIVIDADE_ELETRICA | TEMPERATURA | Solidos dissolvidos totais","available_count":4,"pH":7.07000017,"electrical_conductivity":71.6,"temperature":23.0,"chemical_parameter":"Solidos dissolvidos totais","chemical_concentration":46.0,"source":"SIAGAS_MS_20260814","evidence_code":"E10"}},{"type":"Feature","geometry":{"type":"Point","coordinates":[-54.577196999999956,-20.417921999999976]},"properties":{"well_id":"3500073684","municipality":"Campo Grande","aquifer":"Serra geral","available_fields":"pH | CONDUTIVIDADE_ELETRICA | TEMPERATURA | Solidos dissolvidos totais","available_count":4,"pH":5.26999998,"electrical_conductivity":17.3,"temperature":25.5,"chemical_parameter":"Solidos dissolvidos totais","chemical_concentration":43.0,"source":"SIAGAS_MS_20260814","evidence_code":"E10"}},{"type":"Feature","geometry":{"type":"Point","coordinates":[-54.35449999999997,-22.485777999999982]},"properties":{"well_id":"3500073682","municipality":"Jateí","aquifer":"Serra geral","available_fields":"pH | CONDUTIVIDADE_ELETRICA | TEMPERATURA | Solidos dissolvidos totais","available_count":4,"pH":7.0,"electrical_conductivity":96.9,"temperature":20.0,"chemical_parameter":"Solidos dissolvidos totais","chemical_concentration":63.1,"source":"SIAGAS_MS_20260814","evidence_code":"E10"}},{"type":"Feature","geometry":{"type":"Point","coordinates":[-55.57399399999997,-22.76278099999996]},"properties":{"well_id":"3500073714","municipality":"Aral Moreira","aquifer":"Serra geral","available_fields":"pH | CONDUTIVIDADE_ELETRICA | TEMPERATURA | Solidos dissolvidos totais","available_count":4,"pH":6.55000019,"electrical_conductivity":79.2,"temperature":23.5,"chemical_parameter":"Solidos dissolvidos totais","chemical_concentration":51.48,"source":"SIAGAS_MS_20260814","evidence_code":"E10"}},{"type":"Feature","geometry":{"type":"Point","coordinates":[-54.88341699999995,-20.902060999999946]},"properties":{"well_id":"3500073713","municipality":"Sidrolândia","aquifer":"Serra geral","available_fields":"pH | Solidos dissolvidos totais","available_count":2,"pH":5.8499999,"electrical_conductivity":null,"temperature":null,"chemical_parameter":"Solidos dissolvidos totais","chemical_concentration":27.0,"source":"SIAGAS_MS_20260814","evidence_code":"E10"}},{"type":"Feature","geometry":{"type":"Point","coordinates":[-54.20528299999995,-22.45405299999993]},"properties":{"well_id":"3500073711","municipality":"Glória de Dourados","aquifer":"Bauru","available_fields":"pH | CONDUTIVIDADE_ELETRICA | Solidos dissolvidos totais","available_count":3,"pH":5.67000008,"electrical_conductivity":16.99,"temperature":null,"chemical_parameter":"Solidos dissolvidos totais","chemical_concentration":11.0,"source":"SIAGAS_MS_20260814","evidence_code":"E10"}},{"type":"Feature","geometry":{"type":"Point","coordinates":[-55.001896999999985,-22.32056099999994]},"properties":{"well_id":"3500073717","municipality":"Dourados","aquifer":"Serra geral","available_fields":"pH | CONDUTIVIDADE_ELETRICA | TEMPERATURA | Solidos dissolvidos totais","available_count":4,"pH":6.57999992,"electrical_conductivity":33.91,"temperature":24.0,"chemical_parameter":"Solidos dissolvidos totais","chemical_concentration":22.04,"source":"SIAGAS_MS_20260814","evidence_code":"E10"}},{"type":"Feature","geometry":{"type":"Point","coordinates":[-54.581110999999964,-20.607571999999948]},"properties":{"well_id":"3500073723","municipality":"Campo Grande","aquifer":"Serra geral","available_fields":"pH | Solidos dissolvidos totais","available_count":2,"pH":5.76000023,"electrical_conductivity":null,"temperature":null,"chemical_parameter":"Solidos dissolvidos totais","chemical_concentration":88.0,"source":"SIAGAS_MS_20260814","evidence_code":"E10"}},{"type":"Feature","geometry":{"type":"Point","coordinates":[-54.54242499999998,-20.438305999999955]},"properties":{"well_id":"3500073720","municipality":"Campo Grande","aquifer":"Bauru","available_fields":"pH | TEMPERATURA | Solidos dissolvidos totais","available_count":3,"pH":6.0,"electrical_conductivity":null,"temperature":24.0,"chemical_parameter":"Solidos dissolvidos totais","chemical_concentration":27.0,"source":"SIAGAS_MS_20260814","evidence_code":"E10"}},{"type":"Feature","geometry":{"type":"Point","coordinates":[-55.53922199999994,-21.348555999999974]},"properties":{"well_id":"3500073733","municipality":"Maracaju","aquifer":"Serra geral","available_fields":"pH | CONDUTIVIDADE_ELETRICA | TEMPERATURA | Solidos dissolvidos totais","available_count":4,"pH":7.13999987,"electrical_conductivity":171.9,"temperature":24.1000004,"chemical_parameter":"Solidos dissolvidos totais","chemical_concentration":56.0,"source":"SIAGAS_MS_20260814","evidence_code":"E10"}},{"type":"Feature","geometry":{"type":"Point","coordinates":[-54.17189399999995,-22.388185999999962]},"properties":{"well_id":"3500073759","municipality":"Glória de Dourados","aquifer":"Bauru","available_fields":"pH | CONDUTIVIDADE_ELETRICA | TEMPERATURA | Solidos dissolvidos totais","available_count":4,"pH":6.23999977,"electrical_conductivity":31.28,"temperature":24.1000004,"chemical_parameter":"Solidos dissolvidos totais","chemical_concentration":20.33,"source":"SIAGAS_MS_20260814","evidence_code":"E10"}},{"type":"Feature","geometry":{"type":"Point","coordinates":[-54.226613999999984,-22.44652199999996]},"properties":{"well_id":"3500073755","municipality":"Glória de Dourados","aquifer":"Bauru","available_fields":"pH | CONDUTIVIDADE_ELETRICA | TEMPERATURA | Solidos dissolvidos totais","available_count":4,"pH":5.11999989,"electrical_conductivity":11.37,"temperature":24.0,"chemical_parameter":"Solidos dissolvidos totais","chemical_concentration":48.0,"source":"SIAGAS_MS_20260814","evidence_code":"E10"}},{"type":"Feature","geometry":{"type":"Point","coordinates":[-52.00625599999995,-21.184249999999963]},"properties":{"well_id":"3500073790","municipality":"Brasilândia","aquifer":"Bauru","available_fields":"pH | CONDUTIVIDADE_ELETRICA | TEMPERATURA","available_count":3,"pH":7.0,"electrical_conductivity":41.5,"temperature":23.0,"chemical_parameter":"","chemical_concentration":null,"source":"SIAGAS_MS_20260814","evidence_code":"E10"}},{"type":"Feature","geometry":{"type":"Point","coordinates":[-54.28362199999998,-23.937818999999934]},"properties":{"well_id":"3500073795","municipality":"Mundo Novo","aquifer":"Bauru","available_fields":"pH | CONDUTIVIDADE_ELETRICA | TEMPERATURA | Solidos dissolvidos totais","available_count":4,"pH":8.69999981,"electrical_conductivity":183.5,"temperature":22.0,"chemical_parameter":"Solidos dissolvidos totais","chemical_concentration":165.0,"source":"SIAGAS_MS_20260814","evidence_code":"E10"}},{"type":"Feature","geometry":{"type":"Point","coordinates":[-54.37894399999993,-22.22002199999997]},"properties":{"well_id":"3500073820","municipality":"Dourados","aquifer":"Serra geral","available_fields":"pH | CONDUTIVIDADE_ELETRICA | TEMPERATURA | Solidos dissolvidos totais","available_count":4,"pH":6.13999987,"electrical_conductivity":44.69,"temperature":28.0,"chemical_parameter":"Solidos dissolvidos totais","chemical_concentration":29.0,"source":"SIAGAS_MS_20260814","evidence_code":"E10"}},{"type":"Feature","geometry":{"type":"Point","coordinates":[-54.81544999999994,-22.31664399999994]},"properties":{"well_id":"3500073825","municipality":"Dourados","aquifer":"Serra geral","available_fields":"pH | CONDUTIVIDADE_ELETRICA | TEMPERATURA | Solidos dissolvidos totais","available_count":4,"pH":6.09000015,"electrical_conductivity":84.0,"temperature":23.0,"chemical_parameter":"Solidos dissolvidos totais","chemical_concentration":55.1,"source":"SIAGAS_MS_20260814","evidence_code":"E10"}},{"type":"Feature","geometry":{"type":"Point","coordinates":[-52.877782999999965,-20.439952999999946]},"properties":{"well_id":"3500073837","municipality":"Água Clara","aquifer":"Bauru","available_fields":"pH | Solidos dissolvidos totais","available_count":2,"pH":6.9000001,"electrical_conductivity":null,"temperature":null,"chemical_parameter":"Solidos dissolvidos totais","chemical_concentration":133.4,"source":"SIAGAS_MS_20260814","evidence_code":"E10"}},{"type":"Feature","geometry":{"type":"Point","coordinates":[-54.722185999999965,-20.477427999999975]},"properties":{"well_id":"3500073838","municipality":"Campo Grande","aquifer":"Serra geral","available_fields":"pH | TEMPERATURA | Solidos dissolvidos totais","available_count":3,"pH":5.76999998,"electrical_conductivity":null,"temperature":38.0,"chemical_parameter":"Solidos dissolvidos totais","chemical_concentration":16.0,"source":"SIAGAS_MS_20260814","evidence_code":"E10"}},{"type":"Feature","geometry":{"type":"Point","coordinates":[-54.58706099999995,-19.535463999999934]},"properties":{"well_id":"3500073888","municipality":"São Gabriel do Oeste","aquifer":"Botucatu","available_fields":"pH | CONDUTIVIDADE_ELETRICA | TEMPERATURA | Solidos dissolvidos totais","available_count":4,"pH":6.0,"electrical_conductivity":0.2,"temperature":23.0,"chemical_parameter":"Solidos dissolvidos totais","chemical_concentration":0.5,"source":"SIAGAS_MS_20260814","evidence_code":"E10"}},{"type":"Feature","geometry":{"type":"Point","coordinates":[-51.109527999999955,-20.057443999999975]},"properties":{"well_id":"3500073903","municipality":"Aparecida do Taboado","aquifer":"Bauru","available_fields":"pH | CONDUTIVIDADE_ELETRICA | TEMPERATURA | Solidos dissolvidos totais","available_count":4,"pH":7.0,"electrical_conductivity":50.0,"temperature":27.0,"chemical_parameter":"Solidos dissolvidos totais","chemical_concentration":20.0,"source":"SIAGAS_MS_20260814","evidence_code":"E10"}},{"type":"Feature","geometry":{"type":"Point","coordinates":[-51.80120299999999,-20.657246999999927]},"properties":{"well_id":"3500073907","municipality":"Três Lagoas","aquifer":"Bauru","available_fields":"pH | CONDUTIVIDADE_ELETRICA | TEMPERATURA | Solidos dissolvidos totais","available_count":4,"pH":7.69999981,"electrical_conductivity":214.0,"temperature":23.0,"chemical_parameter":"Solidos dissolvidos totais","chemical_concentration":110.0,"source":"SIAGAS_MS_20260814","evidence_code":"E10"}},{"type":"Feature","geometry":{"type":"Point","coordinates":[-55.15311099999997,-22.551721999999927]},"properties":{"well_id":"3500073913","municipality":"Laguna Carapã","aquifer":"Serra geral","available_fields":"pH | CONDUTIVIDADE_ELETRICA | Solidos dissolvidos totais","available_count":3,"pH":5.88999987,"electrical_conductivity":52.64,"temperature":null,"chemical_parameter":"Solidos dissolvidos totais","chemical_concentration":34.22,"source":"SIAGAS_MS_20260814","evidence_code":"E10"}},{"type":"Feature","geometry":{"type":"Point","coordinates":[-54.30963899999995,-22.430249999999944]},"properties":{"well_id":"3500073912","municipality":"Glória de Dourados","aquifer":"Bauru","available_fields":"pH | CONDUTIVIDADE_ELETRICA | TEMPERATURA | Solidos dissolvidos totais","available_count":4,"pH":5.07000017,"electrical_conductivity":15.54,"temperature":24.0,"chemical_parameter":"Solidos dissolvidos totais","chemical_concentration":10.1,"source":"SIAGAS_MS_20260814","evidence_code":"E10"}},{"type":"Feature","geometry":{"type":"Point","coordinates":[-55.48628899999994,-21.881555999999932]},"properties":{"well_id":"3500073922","municipality":"Ponta Porã","aquifer":"Serra geral","available_fields":"pH | CONDUTIVIDADE_ELETRICA | TEMPERATURA | Solidos dissolvidos totais","available_count":4,"pH":6.76000023,"electrical_conductivity":99.47,"temperature":30.0,"chemical_parameter":"Solidos dissolvidos totais","chemical_concentration":65.0,"source":"SIAGAS_MS_20260814","evidence_code":"E10"}},{"type":"Feature","geometry":{"type":"Point","coordinates":[-54.51974699999994,-22.37404399999997]},"properties":{"well_id":"3500073928","municipality":"Fátima do Sul","aquifer":"Serra geral","available_fields":"pH | CONDUTIVIDADE_ELETRICA | TEMPERATURA | Solidos dissolvidos totais","available_count":4,"pH":7.57999992,"electrical_conductivity":279.3,"temperature":20.0,"chemical_parameter":"Solidos dissolvidos totais","chemical_concentration":276.0,"source":"SIAGAS_MS_20260814","evidence_code":"E10"}},{"type":"Feature","geometry":{"type":"Point","coordinates":[-54.783038999999974,-22.310257999999976]},"properties":{"well_id":"3500073927","municipality":"Dourados","aquifer":"Serra geral","available_fields":"pH | CONDUTIVIDADE_ELETRICA | TEMPERATURA | Solidos dissolvidos totais","available_count":4,"pH":6.55000019,"electrical_conductivity":293.6,"temperature":24.0,"chemical_parameter":"Solidos dissolvidos totais","chemical_concentration":191.0,"source":"SIAGAS_MS_20260814","evidence_code":"E10"}},{"type":"Feature","geometry":{"type":"Point","coordinates":[-52.33653099999998,-21.731357999999943]},"properties":{"well_id":"3500072999","municipality":"Bataguassu","aquifer":"Bauru","available_fields":"pH | CONDUTIVIDADE_ELETRICA | Solidos dissolvidos totais","available_count":3,"pH":5.94000006,"electrical_conductivity":12.7,"temperature":null,"chemical_parameter":"Solidos dissolvidos totais","chemical_concentration":32.0,"source":"SIAGAS_MS_20260814","evidence_code":"E10"}},{"type":"Feature","geometry":{"type":"Point","coordinates":[-54.74566399999998,-20.487543999999957]},"properties":{"well_id":"3500072980","municipality":"Campo Grande","aquifer":"Serra geral","available_fields":"pH | CONDUTIVIDADE_ELETRICA | TEMPERATURA | Solidos dissolvidos totais","available_count":4,"pH":6.05000019,"electrical_conductivity":96.0,"temperature":26.0,"chemical_parameter":"Solidos dissolvidos totais","chemical_concentration":84.0,"source":"SIAGAS_MS_20260814","evidence_code":"E10"}},{"type":"Feature","geometry":{"type":"Point","coordinates":[-54.86556099999996,-22.489721999999972]},"properties":{"well_id":"3500072867","municipality":"Caarapó","aquifer":"Serra geral","available_fields":"pH | CONDUTIVIDADE_ELETRICA | TEMPERATURA | Solidos dissolvidos totais","available_count":4,"pH":4.69999981,"electrical_conductivity":68.1,"temperature":18.0,"chemical_parameter":"Solidos dissolvidos totais","chemical_concentration":110.0,"source":"SIAGAS_MS_20260814","evidence_code":"E10"}},{"type":"Feature","geometry":{"type":"Point","coordinates":[-55.258055999999954,-20.656943999999953]},"properties":{"well_id":"3500072828","municipality":"Dois Irmãos do Buriti","aquifer":"Botucatu","available_fields":"pH | CONDUTIVIDADE_ELETRICA | Solidos dissolvidos totais","available_count":3,"pH":8.22999954,"electrical_conductivity":25.9,"temperature":null,"chemical_parameter":"Solidos dissolvidos totais","chemical_concentration":60.0,"source":"SIAGAS_MS_20260814","evidence_code":"E10"}},{"type":"Feature","geometry":{"type":"Point","coordinates":[-54.59748899999994,-20.532524999999964]},"properties":{"well_id":"3500072781","municipality":"Campo Grande","aquifer":"Serra geral","available_fields":"pH | CONDUTIVIDADE_ELETRICA | TEMPERATURA | Solidos dissolvidos totais","available_count":4,"pH":7.19000006,"electrical_conductivity":17.8,"temperature":29.2999992,"chemical_parameter":"Solidos dissolvidos totais","chemical_concentration":157.0,"source":"SIAGAS_MS_20260814","evidence_code":"E10"}},{"type":"Feature","geometry":{"type":"Point","coordinates":[-53.908041999999966,-22.622157999999956]},"properties":{"well_id":"3500072777","municipality":"Novo Horizonte do Sul","aquifer":"Bauru","available_fields":"pH | CONDUTIVIDADE_ELETRICA | TEMPERATURA | Solidos dissolvidos totais","available_count":4,"pH":6.96999979,"electrical_conductivity":46.33,"temperature":24.0,"chemical_parameter":"Solidos dissolvidos totais","chemical_concentration":30.11,"source":"SIAGAS_MS_20260814","evidence_code":"E10"}},{"type":"Feature","geometry":{"type":"Point","coordinates":[-54.85896699999995,-20.43027799999993]},"properties":{"well_id":"3500072630","municipality":"Terenos","aquifer":"Serra geral","available_fields":"pH | Solidos dissolvidos totais","available_count":2,"pH":7.78999996,"electrical_conductivity":null,"temperature":null,"chemical_parameter":"Solidos dissolvidos totais","chemical_concentration":144.0,"source":"SIAGAS_MS_20260814","evidence_code":"E10"}},{"type":"Feature","geometry":{"type":"Point","coordinates":[-54.231416999999965,-19.81387799999993]},"properties":{"well_id":"3500072606","municipality":"Bandeirantes","aquifer":"Serra geral","available_fields":"pH | CONDUTIVIDADE_ELETRICA | TEMPERATURA | Solidos dissolvidos totais","available_count":4,"pH":7.69999981,"electrical_conductivity":98.0,"temperature":27.0,"chemical_parameter":"Solidos dissolvidos totais","chemical_concentration":48.0,"source":"SIAGAS_MS_20260814","evidence_code":"E10"}},{"type":"Feature","geometry":{"type":"Point","coordinates":[-53.81774699999994,-22.31497799999994]},"properties":{"well_id":"3500072591","municipality":"Ivinhema","aquifer":"Bauru","available_fields":"pH | Solidos dissolvidos totais","available_count":2,"pH":7.0999999,"electrical_conductivity":null,"temperature":null,"chemical_parameter":"Solidos dissolvidos totais","chemical_concentration":109.2,"source":"SIAGAS_MS_20260814","evidence_code":"E10"}},{"type":"Feature","geometry":{"type":"Point","coordinates":[-55.824435999999935,-21.29460599999993]},"properties":{"well_id":"3500072573","municipality":"Nioaque","aquifer":"Serra geral","available_fields":"pH | CONDUTIVIDADE_ELETRICA | TEMPERATURA | Solidos dissolvidos totais","available_count":4,"pH":8.10000038,"electrical_conductivity":205.0,"temperature":24.0,"chemical_parameter":"Solidos dissolvidos totais","chemical_concentration":118.0,"source":"SIAGAS_MS_20260814","evidence_code":"E10"}},{"type":"Feature","geometry":{"type":"Point","coordinates":[-54.31873099999996,-23.884746999999948]},"properties":{"well_id":"3500072564","municipality":"Mundo Novo","aquifer":"Bauru","available_fields":"pH | CONDUTIVIDADE_ELETRICA | TEMPERATURA | Solidos dissolvidos totais","available_count":4,"pH":6.30000019,"electrical_conductivity":40.0,"temperature":28.0,"chemical_parameter":"Solidos dissolvidos totais","chemical_concentration":21.0,"source":"SIAGAS_MS_20260814","evidence_code":"E10"}},{"type":"Feature","geometry":{"type":"Point","coordinates":[-55.35898299999997,-21.419896999999935]},"properties":{"well_id":"3500072563","municipality":"Maracaju","aquifer":"Serra geral","available_fields":"pH | CONDUTIVIDADE_ELETRICA | TEMPERATURA | Solidos dissolvidos totais","available_count":4,"pH":6.82000017,"electrical_conductivity":74.5,"temperature":25.0,"chemical_parameter":"Solidos dissolvidos totais","chemical_concentration":74.0,"source":"SIAGAS_MS_20260814","evidence_code":"E10"}},{"type":"Feature","geometry":{"type":"Point","coordinates":[-54.83327799999995,-19.961999999999932]},"properties":{"well_id":"3500072560","municipality":"Rochedo","aquifer":"Botucatu","available_fields":"pH | CONDUTIVIDADE_ELETRICA | TEMPERATURA | Solidos dissolvidos totais","available_count":4,"pH":6.5999999,"electrical_conductivity":128.2,"temperature":27.0,"chemical_parameter":"Solidos dissolvidos totais","chemical_concentration":64.0,"source":"SIAGAS_MS_20260814","evidence_code":"E10"}},{"type":"Feature","geometry":{"type":"Point","coordinates":[-54.14149999999995,-22.54091699999998]},"properties":{"well_id":"3500072543","municipality":"Jateí","aquifer":"Bauru","available_fields":"pH | CONDUTIVIDADE_ELETRICA | TEMPERATURA | Solidos dissolvidos totais","available_count":4,"pH":6.17000008,"electrical_conductivity":32.8,"temperature":23.0,"chemical_parameter":"Solidos dissolvidos totais","chemical_concentration":5.0,"source":"SIAGAS_MS_20260814","evidence_code":"E10"}},{"type":"Feature","geometry":{"type":"Point","coordinates":[-54.97394399999996,-20.412496999999973]},"properties":{"well_id":"3500072500","municipality":"Terenos","aquifer":"Serra geral","available_fields":"pH | Solidos dissolvidos totais","available_count":2,"pH":6.86999989,"electrical_conductivity":null,"temperature":null,"chemical_parameter":"Solidos dissolvidos totais","chemical_concentration":81.0,"source":"SIAGAS_MS_20260814","evidence_code":"E10"}},{"type":"Feature","geometry":{"type":"Point","coordinates":[-54.95568099999997,-20.91548899999998]},"properties":{"well_id":"3500072498","municipality":"Sidrolândia","aquifer":"Botucatu","available_fields":"pH | Solidos dissolvidos totais","available_count":2,"pH":6.9000001,"electrical_conductivity":null,"temperature":null,"chemical_parameter":"Solidos dissolvidos totais","chemical_concentration":124.8,"source":"SIAGAS_MS_20260814","evidence_code":"E10"}},{"type":"Feature","geometry":{"type":"Point","coordinates":[-54.78713899999997,-22.31174999999996]},"properties":{"well_id":"3500072495","municipality":"Dourados","aquifer":"Serra geral","available_fields":"pH | TEMPERATURA | Solidos dissolvidos totais","available_count":3,"pH":7.0,"electrical_conductivity":null,"temperature":24.0,"chemical_parameter":"Solidos dissolvidos totais","chemical_concentration":82.0,"source":"SIAGAS_MS_20260814","evidence_code":"E10"}},{"type":"Feature","geometry":{"type":"Point","coordinates":[-55.08059999999995,-22.472152999999935]},"properties":{"well_id":"3500072468","municipality":"Laguna Carapã","aquifer":"Serra geral","available_fields":"pH | CONDUTIVIDADE_ELETRICA | TEMPERATURA | Solidos dissolvidos totais","available_count":4,"pH":7.53999996,"electrical_conductivity":127.9,"temperature":23.0,"chemical_parameter":"Solidos dissolvidos totais","chemical_concentration":128.0,"source":"SIAGAS_MS_20260814","evidence_code":"E10"}},{"type":"Feature","geometry":{"type":"Point","coordinates":[-54.60230599999994,-20.512374999999963]},"properties":{"well_id":"3500072457","municipality":"Campo Grande","aquifer":"Serra geral","available_fields":"pH | TEMPERATURA | Solidos dissolvidos totais","available_count":3,"pH":7.73000002,"electrical_conductivity":null,"temperature":24.2000008,"chemical_parameter":"Solidos dissolvidos totais","chemical_concentration":175.0,"source":"SIAGAS_MS_20260814","evidence_code":"E10"}},{"type":"Feature","geometry":{"type":"Point","coordinates":[-54.426718999999935,-20.701818999999944]},"properties":{"well_id":"3500072453","municipality":"Campo Grande","aquifer":"Serra geral","available_fields":"pH | CONDUTIVIDADE_ELETRICA | TEMPERATURA | Solidos dissolvidos totais","available_count":4,"pH":7.73999977,"electrical_conductivity":78.4,"temperature":25.6000004,"chemical_parameter":"Solidos dissolvidos totais","chemical_concentration":43.0,"source":"SIAGAS_MS_20260814","evidence_code":"E10"}},{"type":"Feature","geometry":{"type":"Point","coordinates":[-52.416943999999944,-21.718332999999973]},"properties":{"well_id":"3500072445","municipality":"Bataguassu","aquifer":"Bauru","available_fields":"pH | Solidos dissolvidos totais","available_count":2,"pH":5.5,"electrical_conductivity":null,"temperature":null,"chemical_parameter":"Solidos dissolvidos totais","chemical_concentration":54.3,"source":"SIAGAS_MS_20260814","evidence_code":"E10"}},{"type":"Feature","geometry":{"type":"Point","coordinates":[-54.62849199999994,-19.419249999999977]},"properties":{"well_id":"3500072427","municipality":"São Gabriel do Oeste","aquifer":"Serra geral","available_fields":"pH | CONDUTIVIDADE_ELETRICA | TEMPERATURA | Solidos dissolvidos totais","available_count":4,"pH":5.69999981,"electrical_conductivity":0.02,"temperature":24.0,"chemical_parameter":"Solidos dissolvidos totais","chemical_concentration":0.5,"source":"SIAGAS_MS_20260814","evidence_code":"E10"}},{"type":"Feature","geometry":{"type":"Point","coordinates":[-55.24047499999995,-23.10625299999998]},"properties":{"well_id":"3500072423","municipality":"Amambai","aquifer":"Botucatu","available_fields":"pH | CONDUTIVIDADE_ELETRICA | TEMPERATURA | Solidos dissolvidos totais","available_count":4,"pH":5.0999999,"electrical_conductivity":42.1,"temperature":24.3999996,"chemical_parameter":"Solidos dissolvidos totais","chemical_concentration":64.4,"source":"SIAGAS_MS_20260814","evidence_code":"E10"}},{"type":"Feature","geometry":{"type":"Point","coordinates":[-54.50613599999997,-22.19889699999993]},"properties":{"well_id":"3500072419","municipality":"Dourados","aquifer":"Serra geral","available_fields":"pH | CONDUTIVIDADE_ELETRICA | TEMPERATURA | Solidos dissolvidos totais","available_count":4,"pH":7.5,"electrical_conductivity":436.3,"temperature":26.0,"chemical_parameter":"Solidos dissolvidos totais","chemical_concentration":283.6,"source":"SIAGAS_MS_20260814","evidence_code":"E10"}},{"type":"Feature","geometry":{"type":"Point","coordinates":[-54.517541999999935,-21.74459399999995]},"properties":{"well_id":"3500072395","municipality":"Rio Brilhante","aquifer":"Serra geral","available_fields":"pH | TEMPERATURA | Solidos dissolvidos totais","available_count":3,"pH":9.47999954,"electrical_conductivity":null,"temperature":33.5,"chemical_parameter":"Solidos dissolvidos totais","chemical_concentration":148.0,"source":"SIAGAS_MS_20260814","evidence_code":"E10"}},{"type":"Feature","geometry":{"type":"Point","coordinates":[-52.387805999999955,-21.548471999999947]},"properties":{"well_id":"3500072383","municipality":"Santa Rita do Pardo","aquifer":"Bauru","available_fields":"pH | CONDUTIVIDADE_ELETRICA | TEMPERATURA","available_count":3,"pH":5.42999983,"electrical_conductivity":25.27,"temperature":24.0,"chemical_parameter":"","chemical_concentration":null,"source":"SIAGAS_MS_20260814","evidence_code":"E10"}},{"type":"Feature","geometry":{"type":"Point","coordinates":[-55.20138899999995,-22.112777999999935]},"properties":{"well_id":"3500072381","municipality":"Dourados","aquifer":"Bauru","available_fields":"pH | CONDUTIVIDADE_ELETRICA | TEMPERATURA | Solidos dissolvidos totais","available_count":4,"pH":6.0999999,"electrical_conductivity":18.1,"temperature":23.0,"chemical_parameter":"Solidos dissolvidos totais","chemical_concentration":11.8,"source":"SIAGAS_MS_20260814","evidence_code":"E10"}},{"type":"Feature","geometry":{"type":"Point","coordinates":[-54.75832499999996,-20.47958099999994]},"properties":{"well_id":"3500072379","municipality":"Campo Grande","aquifer":"Serra geral","available_fields":"pH | CONDUTIVIDADE_ELETRICA | TEMPERATURA | Solidos dissolvidos totais","available_count":4,"pH":7.30000019,"electrical_conductivity":75.0,"temperature":25.0,"chemical_parameter":"Solidos dissolvidos totais","chemical_concentration":77.0,"source":"SIAGAS_MS_20260814","evidence_code":"E10"}},{"type":"Feature","geometry":{"type":"Point","coordinates":[-54.59404999999998,-20.539549999999963]},"properties":{"well_id":"3500072334","municipality":"Campo Grande","aquifer":"Serra geral","available_fields":"pH | CONDUTIVIDADE_ELETRICA | TEMPERATURA | Solidos dissolvidos totais","available_count":4,"pH":6.80000019,"electrical_conductivity":106.3,"temperature":27.0,"chemical_parameter":"Solidos dissolvidos totais","chemical_concentration":80.0,"source":"SIAGAS_MS_20260814","evidence_code":"E10"}},{"type":"Feature","geometry":{"type":"Point","coordinates":[-54.335985999999934,-22.306355999999937]},"properties":{"well_id":"3500072329","municipality":"Fátima do Sul","aquifer":"Serra geral","available_fields":"pH | Solidos dissolvidos totais","available_count":2,"pH":7.5999999,"electrical_conductivity":null,"temperature":null,"chemical_parameter":"Solidos dissolvidos totais","chemical_concentration":121.2,"source":"SIAGAS_MS_20260814","evidence_code":"E10"}},{"type":"Feature","geometry":{"type":"Point","coordinates":[-51.06636099999997,-20.085943999999927]},"properties":{"well_id":"3500072288","municipality":"Aparecida do Taboado","aquifer":"Serra geral","available_fields":"TEMPERATURA | Solidos dissolvidos totais","available_count":2,"pH":null,"electrical_conductivity":null,"temperature":25.0,"chemical_parameter":"Solidos dissolvidos totais","chemical_concentration":122.0,"source":"SIAGAS_MS_20260814","evidence_code":"E10"}},{"type":"Feature","geometry":{"type":"Point","coordinates":[-54.15916099999998,-20.513788999999974]},"properties":{"well_id":"3500072286","municipality":"Ribas do Rio Pardo","aquifer":"Bauru","available_fields":"pH | CONDUTIVIDADE_ELETRICA | TEMPERATURA | Solidos dissolvidos totais","available_count":4,"pH":7.30000019,"electrical_conductivity":112.1,"temperature":25.0,"chemical_parameter":"Solidos dissolvidos totais","chemical_concentration":184.0,"source":"SIAGAS_MS_20260814","evidence_code":"E10"}},{"type":"Feature","geometry":{"type":"Point","coordinates":[-54.93825799999996,-22.19809699999996]},"properties":{"well_id":"3500072247","municipality":"Dourados","aquifer":"Serra geral","available_fields":"pH | CONDUTIVIDADE_ELETRICA | TEMPERATURA | Solidos dissolvidos totais","available_count":4,"pH":6.4000001,"electrical_conductivity":157.7,"temperature":26.5,"chemical_parameter":"Solidos dissolvidos totais","chemical_concentration":100.0,"source":"SIAGAS_MS_20260814","evidence_code":"E10"}},{"type":"Feature","geometry":{"type":"Point","coordinates":[-54.695321999999976,-22.476693999999952]},"properties":{"well_id":"3500072230","municipality":"Caarapó","aquifer":"Serra geral","available_fields":"pH | TEMPERATURA | Solidos dissolvidos totais","available_count":3,"pH":8.96000004,"electrical_conductivity":null,"temperature":25.0,"chemical_parameter":"Solidos dissolvidos totais","chemical_concentration":164.0,"source":"SIAGAS_MS_20260814","evidence_code":"E10"}},{"type":"Feature","geometry":{"type":"Point","coordinates":[-53.746805999999935,-20.43901699999998]},"properties":{"well_id":"3500072215","municipality":"Ribas do Rio Pardo","aquifer":"Serra geral","available_fields":"pH | CONDUTIVIDADE_ELETRICA | TEMPERATURA | Solidos dissolvidos totais","available_count":4,"pH":5.01000023,"electrical_conductivity":121.7,"temperature":23.0,"chemical_parameter":"Solidos dissolvidos totais","chemical_concentration":351.0,"source":"SIAGAS_MS_20260814","evidence_code":"E10"}},{"type":"Feature","geometry":{"type":"Point","coordinates":[-54.647880999999984,-20.56989199999998]},"properties":{"well_id":"3500072213","municipality":"Campo Grande","aquifer":"Serra geral","available_fields":"pH | CONDUTIVIDADE_ELETRICA | TEMPERATURA | Solidos dissolvidos totais","available_count":4,"pH":6.86999989,"electrical_conductivity":54.3,"temperature":25.0,"chemical_parameter":"Solidos dissolvidos totais","chemical_concentration":21.0,"source":"SIAGAS_MS_20260814","evidence_code":"E10"}},{"type":"Feature","geometry":{"type":"Point","coordinates":[-54.61002199999996,-20.493893999999955]},"properties":{"well_id":"3500072194","municipality":"Campo Grande","aquifer":"Botucatu","available_fields":"pH | TEMPERATURA | Solidos dissolvidos totais","available_count":3,"pH":7.30000019,"electrical_conductivity":null,"temperature":26.7999992,"chemical_parameter":"Solidos dissolvidos totais","chemical_concentration":26.8,"source":"SIAGAS_MS_20260814","evidence_code":"E10"}},{"type":"Feature","geometry":{"type":"Point","coordinates":[-54.68863099999999,-20.463191999999935]},"properties":{"well_id":"3500072179","municipality":"Campo Grande","aquifer":"Serra geral","available_fields":"pH | CONDUTIVIDADE_ELETRICA | TEMPERATURA | Solidos dissolvidos totais","available_count":4,"pH":6.9000001,"electrical_conductivity":129.9,"temperature":27.5,"chemical_parameter":"Solidos dissolvidos totais","chemical_concentration":195.0,"source":"SIAGAS_MS_20260814","evidence_code":"E10"}},{"type":"Feature","geometry":{"type":"Point","coordinates":[-51.676518999999985,-20.51117199999993]},"properties":{"well_id":"3500072132","municipality":"Três Lagoas","aquifer":"Bauru","available_fields":"pH | CONDUTIVIDADE_ELETRICA | Solidos dissolvidos totais","available_count":3,"pH":7.19999981,"electrical_conductivity":108.0,"temperature":null,"chemical_parameter":"Solidos dissolvidos totais","chemical_concentration":98.0,"source":"SIAGAS_MS_20260814","evidence_code":"E10"}},{"type":"Feature","geometry":{"type":"Point","coordinates":[-54.53166699999997,-22.06833899999998]},"properties":{"well_id":"3500072121","municipality":"Dourados","aquifer":"Serra geral","available_fields":"pH | CONDUTIVIDADE_ELETRICA | TEMPERATURA | Solidos dissolvidos totais","available_count":4,"pH":5.5999999,"electrical_conductivity":253.0,"temperature":19.0,"chemical_parameter":"Solidos dissolvidos totais","chemical_concentration":164.0,"source":"SIAGAS_MS_20260814","evidence_code":"E10"}},{"type":"Feature","geometry":{"type":"Point","coordinates":[-54.81151699999998,-22.612432999999953]},"properties":{"well_id":"3500072023","municipality":"Caarapó","aquifer":"Serra geral","available_fields":"pH | CONDUTIVIDADE_ELETRICA | TEMPERATURA | Solidos dissolvidos totais","available_count":4,"pH":7.38999987,"electrical_conductivity":112.4,"temperature":25.0,"chemical_parameter":"Solidos dissolvidos totais","chemical_concentration":73.06,"source":"SIAGAS_MS_20260814","evidence_code":"E10"}},{"type":"Feature","geometry":{"type":"Point","coordinates":[-54.65074699999997,-20.55898899999994]},"properties":{"well_id":"3500071974","municipality":"Campo Grande","aquifer":"Botucatu","available_fields":"pH | CONDUTIVIDADE_ELETRICA | TEMPERATURA | Solidos dissolvidos totais","available_count":4,"pH":7.0,"electrical_conductivity":75.0,"temperature":32.0,"chemical_parameter":"Solidos dissolvidos totais","chemical_concentration":70.0,"source":"SIAGAS_MS_20260814","evidence_code":"E10"}},{"type":"Feature","geometry":{"type":"Point","coordinates":[-54.50138899999996,-21.736110999999937]},"properties":{"well_id":"3500071947","municipality":"Rio Brilhante","aquifer":"Botucatu","available_fields":"pH | CONDUTIVIDADE_ELETRICA | TEMPERATURA","available_count":3,"pH":9.27000046,"electrical_conductivity":436.5,"temperature":27.6000004,"chemical_parameter":"","chemical_concentration":null,"source":"SIAGAS_MS_20260814","evidence_code":"E10"}},{"type":"Feature","geometry":{"type":"Point","coordinates":[-54.562716999999964,-20.416957999999966]},"properties":{"well_id":"3500071941","municipality":"Campo Grande","aquifer":"Botucatu","available_fields":"pH | CONDUTIVIDADE_ELETRICA | TEMPERATURA | Solidos dissolvidos totais","available_count":4,"pH":8.0,"electrical_conductivity":171.0,"temperature":36.0,"chemical_parameter":"Solidos dissolvidos totais","chemical_concentration":109.0,"source":"SIAGAS_MS_20260814","evidence_code":"E10"}},{"type":"Feature","geometry":{"type":"Point","coordinates":[-54.70122199999997,-22.61482499999994]},"properties":{"well_id":"3500071917","municipality":"Caarapó","aquifer":"Botucatu","available_fields":"pH | TEMPERATURA | Solidos dissolvidos totais","available_count":3,"pH":8.19999981,"electrical_conductivity":null,"temperature":24.2000008,"chemical_parameter":"Solidos dissolvidos totais","chemical_concentration":38.0,"source":"SIAGAS_MS_20260814","evidence_code":"E10"}},{"type":"Feature","geometry":{"type":"Point","coordinates":[-53.84405799999996,-22.03905599999996]},"properties":{"well_id":"3500071885","municipality":"Angélica","aquifer":"Botucatu","available_fields":"pH | TEMPERATURA | Solidos dissolvidos totais","available_count":3,"pH":8.5,"electrical_conductivity":null,"temperature":38.0,"chemical_parameter":"Solidos dissolvidos totais","chemical_concentration":262.0,"source":"SIAGAS_MS_20260814","evidence_code":"E10"}},{"type":"Feature","geometry":{"type":"Point","coordinates":[-54.313368999999966,-19.834877999999946]},"properties":{"well_id":"3500073025","municipality":"Bandeirantes","aquifer":"Bauru","available_fields":"pH | CONDUTIVIDADE_ELETRICA | TEMPERATURA | Solidos dissolvidos totais","available_count":4,"pH":6.5999999,"electrical_conductivity":130.0,"temperature":24.0,"chemical_parameter":"Solidos dissolvidos totais","chemical_concentration":60.0,"source":"SIAGAS_MS_20260814","evidence_code":"E10"}},{"type":"Feature","geometry":{"type":"Point","coordinates":[-54.19051699999994,-23.101899999999944]},"properties":{"well_id":"3500073010","municipality":"Naviraí","aquifer":"Bauru","available_fields":"pH | CONDUTIVIDADE_ELETRICA | TEMPERATURA | Solidos dissolvidos totais","available_count":4,"pH":5.30000019,"electrical_conductivity":10.9,"temperature":26.0,"chemical_parameter":"Solidos dissolvidos totais","chemical_concentration":64.0,"source":"SIAGAS_MS_20260814","evidence_code":"E10"}},{"type":"Feature","geometry":{"type":"Point","coordinates":[-53.84996399999994,-23.15225799999996]},"properties":{"well_id":"3500073044","municipality":"Naviraí","aquifer":"Bauru","available_fields":"pH | CONDUTIVIDADE_ELETRICA | TEMPERATURA | Solidos dissolvidos totais","available_count":4,"pH":5.69999981,"electrical_conductivity":0.2,"temperature":18.0,"chemical_parameter":"Solidos dissolvidos totais","chemical_concentration":0.5,"source":"SIAGAS_MS_20260814","evidence_code":"E10"}},{"type":"Feature","geometry":{"type":"Point","coordinates":[-55.378435999999965,-21.423341999999934]},"properties":{"well_id":"3500073033","municipality":"Maracaju","aquifer":"Serra geral","available_fields":"pH | CONDUTIVIDADE_ELETRICA | TEMPERATURA | Solidos dissolvidos totais","available_count":4,"pH":7.86999989,"electrical_conductivity":131.0,"temperature":23.0,"chemical_parameter":"Solidos dissolvidos totais","chemical_concentration":107.0,"source":"SIAGAS_MS_20260814","evidence_code":"E10"}},{"type":"Feature","geometry":{"type":"Point","coordinates":[-54.620293999999944,-20.50904399999996]},"properties":{"well_id":"3500073029","municipality":"Campo Grande","aquifer":"Serra geral","available_fields":"pH | CONDUTIVIDADE_ELETRICA | TEMPERATURA | Solidos dissolvidos totais","available_count":4,"pH":6.82999992,"electrical_conductivity":117.4,"temperature":26.0,"chemical_parameter":"Solidos dissolvidos totais","chemical_concentration":126.0,"source":"SIAGAS_MS_20260814","evidence_code":"E10"}},{"type":"Feature","geometry":{"type":"Point","coordinates":[-55.11486899999994,-21.922980999999936]},"properties":{"well_id":"3500073059","municipality":"Dourados","aquifer":"Bauru","available_fields":"pH | CONDUTIVIDADE_ELETRICA | TEMPERATURA | Solidos dissolvidos totais","available_count":4,"pH":5.53999996,"electrical_conductivity":17.12,"temperature":23.0,"chemical_parameter":"Solidos dissolvidos totais","chemical_concentration":11.12,"source":"SIAGAS_MS_20260814","evidence_code":"E10"}},{"type":"Feature","geometry":{"type":"Point","coordinates":[-54.435832999999946,-21.79944999999998]},"properties":{"well_id":"3500073058","municipality":"Rio Brilhante","aquifer":"Serra geral","available_fields":"pH | CONDUTIVIDADE_ELETRICA | TEMPERATURA","available_count":3,"pH":7.82999992,"electrical_conductivity":36.43,"temperature":24.0,"chemical_parameter":"","chemical_concentration":null,"source":"SIAGAS_MS_20260814","evidence_code":"E10"}},{"type":"Feature","geometry":{"type":"Point","coordinates":[-51.71747199999999,-19.125249999999937]},"properties":{"well_id":"3500073047","municipality":"Cassilândia","aquifer":"Bauru","available_fields":"pH | CONDUTIVIDADE_ELETRICA | TEMPERATURA | Solidos dissolvidos totais","available_count":4,"pH":6.69999981,"electrical_conductivity":60.0,"temperature":27.8999996,"chemical_parameter":"Solidos dissolvidos totais","chemical_concentration":20.0,"source":"SIAGAS_MS_20260814","evidence_code":"E10"}},{"type":"Feature","geometry":{"type":"Point","coordinates":[-54.98454399999997,-22.30000599999994]},"properties":{"well_id":"3500073083","municipality":"Dourados","aquifer":"Serra geral","available_fields":"pH | CONDUTIVIDADE_ELETRICA | TEMPERATURA | Solidos dissolvidos totais","available_count":4,"pH":6.65999985,"electrical_conductivity":36.48,"temperature":18.0,"chemical_parameter":"Solidos dissolvidos totais","chemical_concentration":24.74,"source":"SIAGAS_MS_20260814","evidence_code":"E10"}},{"type":"Feature","geometry":{"type":"Point","coordinates":[-54.505138999999986,-20.434210999999948]},"properties":{"well_id":"3500073082","municipality":"Campo Grande","aquifer":"Bauru","available_fields":"pH | CONDUTIVIDADE_ELETRICA | TEMPERATURA | Solidos dissolvidos totais","available_count":4,"pH":4.5,"electrical_conductivity":5.0,"temperature":25.0,"chemical_parameter":"Solidos dissolvidos totais","chemical_concentration":8.0,"source":"SIAGAS_MS_20260814","evidence_code":"E10"}},{"type":"Feature","geometry":{"type":"Point","coordinates":[-55.58819399999999,-22.919693999999936]},"properties":{"well_id":"3500073102","municipality":"Aral Moreira","aquifer":"Serra geral","available_fields":"pH | CONDUTIVIDADE_ELETRICA | TEMPERATURA | Solidos dissolvidos totais","available_count":4,"pH":5.0999999,"electrical_conductivity":35.5,"temperature":23.0,"chemical_parameter":"Solidos dissolvidos totais","chemical_concentration":23.1,"source":"SIAGAS_MS_20260814","evidence_code":"E10"}},{"type":"Feature","geometry":{"type":"Point","coordinates":[-54.608299999999986,-20.455916999999943]},"properties":{"well_id":"3500073135","municipality":"Campo Grande","aquifer":"Serra geral","available_fields":"pH | CONDUTIVIDADE_ELETRICA | TEMPERATURA | Solidos dissolvidos totais","available_count":4,"pH":7.30000019,"electrical_conductivity":220.0,"temperature":25.0,"chemical_parameter":"Solidos dissolvidos totais","chemical_concentration":116.0,"source":"SIAGAS_MS_20260814","evidence_code":"E10"}},{"type":"Feature","geometry":{"type":"Point","coordinates":[-54.140427999999986,-22.526149999999973]},"properties":{"well_id":"3500073143","municipality":"Jateí","aquifer":"Bauru","available_fields":"pH | CONDUTIVIDADE_ELETRICA | TEMPERATURA | Solidos dissolvidos totais","available_count":4,"pH":5.21999979,"electrical_conductivity":14.17,"temperature":24.1000004,"chemical_parameter":"Solidos dissolvidos totais","chemical_concentration":9.21,"source":"SIAGAS_MS_20260814","evidence_code":"E10"}},{"type":"Feature","geometry":{"type":"Point","coordinates":[-54.130138999999986,-22.188027999999974]},"properties":{"well_id":"3500073137","municipality":"Deodápolis","aquifer":"Serra geral","available_fields":"pH | CONDUTIVIDADE_ELETRICA | TEMPERATURA | Solidos dissolvidos totais","available_count":4,"pH":7.19999981,"electrical_conductivity":109.0,"temperature":25.0,"chemical_parameter":"Solidos dissolvidos totais","chemical_concentration":47.0,"source":"SIAGAS_MS_20260814","evidence_code":"E10"}},{"type":"Feature","geometry":{"type":"Point","coordinates":[-54.510463999999956,-22.19799699999993]},"properties":{"well_id":"3500073164","municipality":"Dourados","aquifer":"Serra geral","available_fields":"pH | CONDUTIVIDADE_ELETRICA | TEMPERATURA | Solidos dissolvidos totais","available_count":4,"pH":6.69999981,"electrical_conductivity":32.3,"temperature":25.0,"chemical_parameter":"Solidos dissolvidos totais","chemical_concentration":21.0,"source":"SIAGAS_MS_20260814","evidence_code":"E10"}},{"type":"Feature","geometry":{"type":"Point","coordinates":[-55.01879699999995,-23.632432999999935]},"properties":{"well_id":"3500073175","municipality":"Tacuru","aquifer":"Bauru","available_fields":"pH | CONDUTIVIDADE_ELETRICA | TEMPERATURA | Solidos dissolvidos totais","available_count":4,"pH":5.9000001,"electrical_conductivity":46.6,"temperature":24.0,"chemical_parameter":"Solidos dissolvidos totais","chemical_concentration":71.3,"source":"SIAGAS_MS_20260814","evidence_code":"E10"}},{"type":"Feature","geometry":{"type":"Point","coordinates":[-54.70916699999998,-20.33919999999995]},"properties":{"well_id":"3500073167","municipality":"Campo Grande","aquifer":"Serra geral","available_fields":"pH | TEMPERATURA | Solidos dissolvidos totais","available_count":3,"pH":7.21000004,"electrical_conductivity":null,"temperature":26.0,"chemical_parameter":"Solidos dissolvidos totais","chemical_concentration":276.0,"source":"SIAGAS_MS_20260814","evidence_code":"E10"}},{"type":"Feature","geometry":{"type":"Point","coordinates":[-54.61813099999995,-20.445821999999964]},"properties":{"well_id":"3500073179","municipality":"Campo Grande","aquifer":"Serra geral","available_fields":"pH | TEMPERATURA | Solidos dissolvidos totais","available_count":3,"pH":6.5,"electrical_conductivity":null,"temperature":29.0,"chemical_parameter":"Solidos dissolvidos totais","chemical_concentration":150.0,"source":"SIAGAS_MS_20260814","evidence_code":"E10"}},{"type":"Feature","geometry":{"type":"Point","coordinates":[-53.782941999999935,-22.165610999999956]},"properties":{"well_id":"3500073177","municipality":"Angélica","aquifer":"Bauru","available_fields":"pH | CONDUTIVIDADE_ELETRICA | TEMPERATURA | Solidos dissolvidos totais","available_count":4,"pH":5.5,"electrical_conductivity":18.3,"temperature":24.2999992,"chemical_parameter":"Solidos dissolvidos totais","chemical_concentration":28.0,"source":"SIAGAS_MS_20260814","evidence_code":"E10"}},{"type":"Feature","geometry":{"type":"Point","coordinates":[-54.93813299999994,-21.102957999999944]},"properties":{"well_id":"3500073224","municipality":"Sidrolândia","aquifer":"Serra geral","available_fields":"pH | Solidos dissolvidos totais","available_count":2,"pH":5.78000021,"electrical_conductivity":null,"temperature":null,"chemical_parameter":"Solidos dissolvidos totais","chemical_concentration":49.0,"source":"SIAGAS_MS_20260814","evidence_code":"E10"}},{"type":"Feature","geometry":{"type":"Point","coordinates":[-52.41301899999996,-21.699735999999973]},"properties":{"well_id":"3500073220","municipality":"Bataguassu","aquifer":"Bauru","available_fields":"pH | TEMPERATURA | Solidos dissolvidos totais","available_count":3,"pH":6.55999994,"electrical_conductivity":null,"temperature":30.5,"chemical_parameter":"Solidos dissolvidos totais","chemical_concentration":39.0,"source":"SIAGAS_MS_20260814","evidence_code":"E10"}},{"type":"Feature","geometry":{"type":"Point","coordinates":[-54.792299999999955,-17.592691999999943]},"properties":{"well_id":"3500073233","municipality":"Sonora","aquifer":"Furnas","available_fields":"pH | TEMPERATURA | Solidos dissolvidos totais","available_count":3,"pH":4.78999996,"electrical_conductivity":null,"temperature":25.0,"chemical_parameter":"Solidos dissolvidos totais","chemical_concentration":84.0,"source":"SIAGAS_MS_20260814","evidence_code":"E10"}},{"type":"Feature","geometry":{"type":"Point","coordinates":[-54.802513999999974,-22.29694399999994]},"properties":{"well_id":"3500073251","municipality":"Dourados","aquifer":"Serra geral","available_fields":"pH | CONDUTIVIDADE_ELETRICA | TEMPERATURA | Solidos dissolvidos totais","available_count":4,"pH":8.69999981,"electrical_conductivity":224.0,"temperature":24.0,"chemical_parameter":"Solidos dissolvidos totais","chemical_concentration":145.6,"source":"SIAGAS_MS_20260814","evidence_code":"E10"}},{"type":"Feature","geometry":{"type":"Point","coordinates":[-55.20403299999998,-22.183318999999983]},"properties":{"well_id":"3500073285","municipality":"Dourados","aquifer":"Serra geral","available_fields":"pH | CONDUTIVIDADE_ELETRICA | TEMPERATURA | Solidos dissolvidos totais","available_count":4,"pH":7.4000001,"electrical_conductivity":110.6,"temperature":24.0,"chemical_parameter":"Solidos dissolvidos totais","chemical_concentration":71.9,"source":"SIAGAS_MS_20260814","evidence_code":"E10"}},{"type":"Feature","geometry":{"type":"Point","coordinates":[-55.13044999999994,-21.793249999999944]},"properties":{"well_id":"3500073279","municipality":"Maracaju","aquifer":"Serra geral","available_fields":"pH | CONDUTIVIDADE_ELETRICA | TEMPERATURA | Solidos dissolvidos totais","available_count":4,"pH":5.88000011,"electrical_conductivity":36.8,"temperature":24.1000004,"chemical_parameter":"Solidos dissolvidos totais","chemical_concentration":41.0,"source":"SIAGAS_MS_20260814","evidence_code":"E10"}},{"type":"Feature","geometry":{"type":"Point","coordinates":[-53.28047499999997,-21.154435999999976]},"properties":{"well_id":"3500073272","municipality":"Ribas do Rio Pardo","aquifer":"Bauru","available_fields":"pH | CONDUTIVIDADE_ELETRICA | TEMPERATURA | Solidos dissolvidos totais","available_count":4,"pH":7.30000019,"electrical_conductivity":14.4,"temperature":24.6000004,"chemical_parameter":"Solidos dissolvidos totais","chemical_concentration":74.0,"source":"SIAGAS_MS_20260814","evidence_code":"E10"}},{"type":"Feature","geometry":{"type":"Point","coordinates":[-53.75005599999997,-20.469888999999966]},"properties":{"well_id":"3500073266","municipality":"Ribas do Rio Pardo","aquifer":"Bauru","available_fields":"pH | CONDUTIVIDADE_ELETRICA | TEMPERATURA | Solidos dissolvidos totais","available_count":4,"pH":6.30000019,"electrical_conductivity":46.2,"temperature":28.6000004,"chemical_parameter":"Solidos dissolvidos totais","chemical_concentration":43.0,"source":"SIAGAS_MS_20260814","evidence_code":"E10"}},{"type":"Feature","geometry":{"type":"Point","coordinates":[-55.02611899999994,-22.462996999999973]},"properties":{"well_id":"3500073295","municipality":"Laguna Carapã","aquifer":"Serra geral","available_fields":"pH | CONDUTIVIDADE_ELETRICA | TEMPERATURA | Solidos dissolvidos totais","available_count":4,"pH":6.19999981,"electrical_conductivity":26.6,"temperature":24.0,"chemical_parameter":"Solidos dissolvidos totais","chemical_concentration":8.0,"source":"SIAGAS_MS_20260814","evidence_code":"E10"}},{"type":"Feature","geometry":{"type":"Point","coordinates":[-55.205082999999945,-22.186721999999975]},"properties":{"well_id":"3500073286","municipality":"Dourados","aquifer":"Serra geral","available_fields":"pH | CONDUTIVIDADE_ELETRICA | TEMPERATURA | Solidos dissolvidos totais","available_count":4,"pH":7.9000001,"electrical_conductivity":162.0,"temperature":24.0,"chemical_parameter":"Solidos dissolvidos totais","chemical_concentration":105.3,"source":"SIAGAS_MS_20260814","evidence_code":"E10"}},{"type":"Feature","geometry":{"type":"Point","coordinates":[-54.199618999999984,-23.44995799999998]},"properties":{"well_id":"3500073303","municipality":"Itaquiraí","aquifer":"Bauru","available_fields":"pH | CONDUTIVIDADE_ELETRICA | TEMPERATURA | Solidos dissolvidos totais","available_count":4,"pH":6.88999987,"electrical_conductivity":14.21,"temperature":21.6000004,"chemical_parameter":"Solidos dissolvidos totais","chemical_concentration":12.0,"source":"SIAGAS_MS_20260814","evidence_code":"E10"}},{"type":"Feature","geometry":{"type":"Point","coordinates":[-54.77796099999995,-22.63704699999994]},"properties":{"well_id":"3500073298","municipality":"Caarapó","aquifer":"Bauru","available_fields":"pH | CONDUTIVIDADE_ELETRICA | TEMPERATURA | Solidos dissolvidos totais","available_count":4,"pH":7.38000011,"electrical_conductivity":152.0,"temperature":23.0,"chemical_parameter":"Solidos dissolvidos totais","chemical_concentration":166.0,"source":"SIAGAS_MS_20260814","evidence_code":"E10"}},{"type":"Feature","geometry":{"type":"Point","coordinates":[-55.02284199999997,-22.467296999999974]},"properties":{"well_id":"3500073296","municipality":"Laguna Carapã","aquifer":"Serra geral","available_fields":"pH | CONDUTIVIDADE_ELETRICA | TEMPERATURA | Solidos dissolvidos totais","available_count":4,"pH":7.23000002,"electrical_conductivity":88.7,"temperature":24.0,"chemical_parameter":"Solidos dissolvidos totais","chemical_concentration":40.0,"source":"SIAGAS_MS_20260814","evidence_code":"E10"}},{"type":"Feature","geometry":{"type":"Point","coordinates":[-54.38076099999995,-21.45318599999996]},"properties":{"well_id":"3500073324","municipality":"Nova Alvorada do Sul","aquifer":"Serra geral","available_fields":"pH | CONDUTIVIDADE_ELETRICA | TEMPERATURA | Solidos dissolvidos totais","available_count":4,"pH":6.86000013,"electrical_conductivity":135.1,"temperature":26.0,"chemical_parameter":"Solidos dissolvidos totais","chemical_concentration":156.0,"source":"SIAGAS_MS_20260814","evidence_code":"E10"}},{"type":"Feature","geometry":{"type":"Point","coordinates":[-55.330735999999945,-21.05448599999994]},"properties":{"well_id":"3500073323","municipality":"Maracaju","aquifer":"Serra geral","available_fields":"pH | CONDUTIVIDADE_ELETRICA | TEMPERATURA | Solidos dissolvidos totais","available_count":4,"pH":7.5,"electrical_conductivity":0.2,"temperature":26.0,"chemical_parameter":"Solidos dissolvidos totais","chemical_concentration":0.5,"source":"SIAGAS_MS_20260814","evidence_code":"E10"}},{"type":"Feature","geometry":{"type":"Point","coordinates":[-54.56405599999994,-19.44184999999993]},"properties":{"well_id":"3500073313","municipality":"São Gabriel do Oeste","aquifer":"Botucatu","available_fields":"pH | CONDUTIVIDADE_ELETRICA | TEMPERATURA | Solidos dissolvidos totais","available_count":4,"pH":5.9000001,"electrical_conductivity":30.0,"temperature":23.5,"chemical_parameter":"Solidos dissolvidos totais","chemical_concentration":0.5,"source":"SIAGAS_MS_20260814","evidence_code":"E10"}},{"type":"Feature","geometry":{"type":"Point","coordinates":[-53.13648099999995,-18.247946999999954]},"properties":{"well_id":"3500073306","municipality":"Costa Rica","aquifer":"Bauru","available_fields":"pH | CONDUTIVIDADE_ELETRICA | TEMPERATURA | Solidos dissolvidos totais","available_count":4,"pH":6.0,"electrical_conductivity":2.51,"temperature":21.7000008,"chemical_parameter":"Solidos dissolvidos totais","chemical_concentration":43.0,"source":"SIAGAS_MS_20260814","evidence_code":"E10"}},{"type":"Feature","geometry":{"type":"Point","coordinates":[-52.426432999999975,-21.71896099999998]},"properties":{"well_id":"3500073326","municipality":"Bataguassu","aquifer":"Bauru","available_fields":"pH | CONDUTIVIDADE_ELETRICA | TEMPERATURA | Solidos dissolvidos totais","available_count":4,"pH":7.5,"electrical_conductivity":29.5,"temperature":27.8999996,"chemical_parameter":"Solidos dissolvidos totais","chemical_concentration":12.0,"source":"SIAGAS_MS_20260814","evidence_code":"E10"}},{"type":"Feature","geometry":{"type":"Point","coordinates":[-54.51370599999996,-20.46976099999995]},"properties":{"well_id":"3500073382","municipality":"Campo Grande","aquifer":"Bauru","available_fields":"pH | CONDUTIVIDADE_ELETRICA | TEMPERATURA","available_count":3,"pH":6.19999981,"electrical_conductivity":10.2,"temperature":25.0,"chemical_parameter":"","chemical_concentration":null,"source":"SIAGAS_MS_20260814","evidence_code":"E10"}},{"type":"Feature","geometry":{"type":"Point","coordinates":[-53.69727799999998,-20.463138999999956]},"properties":{"well_id":"3500073381","municipality":"Ribas do Rio Pardo","aquifer":"Serra geral","available_fields":"pH | CONDUTIVIDADE_ELETRICA | TEMPERATURA | Solidos dissolvidos totais","available_count":4,"pH":7.80000019,"electrical_conductivity":171.0,"temperature":27.5,"chemical_parameter":"Solidos dissolvidos totais","chemical_concentration":90.0,"source":"SIAGAS_MS_20260814","evidence_code":"E10"}},{"type":"Feature","geometry":{"type":"Point","coordinates":[-54.74179699999996,-22.22177499999998]},"properties":{"well_id":"3500073366","municipality":"Dourados","aquifer":"Serra geral","available_fields":"pH | CONDUTIVIDADE_ELETRICA | TEMPERATURA | Solidos dissolvidos totais","available_count":4,"pH":6.71000004,"electrical_conductivity":122.33,"temperature":27.8999996,"chemical_parameter":"Solidos dissolvidos totais","chemical_concentration":60.0,"source":"SIAGAS_MS_20260814","evidence_code":"E10"}},{"type":"Feature","geometry":{"type":"Point","coordinates":[-53.77230599999996,-22.159563999999932]},"properties":{"well_id":"3500073428","municipality":"Angélica","aquifer":"Bauru","available_fields":"pH | CONDUTIVIDADE_ELETRICA | TEMPERATURA | Solidos dissolvidos totais","available_count":4,"pH":5.30000019,"electrical_conductivity":22.6,"temperature":24.5,"chemical_parameter":"Solidos dissolvidos totais","chemical_concentration":34.6,"source":"SIAGAS_MS_20260814","evidence_code":"E10"}},{"type":"Feature","geometry":{"type":"Point","coordinates":[-51.64366699999994,-20.798174999999958]},"properties":{"well_id":"3500073435","municipality":"Três Lagoas","aquifer":"Serra geral","available_fields":"pH | TEMPERATURA | Solidos dissolvidos totais","available_count":3,"pH":6.71000004,"electrical_conductivity":null,"temperature":21.7000008,"chemical_parameter":"Solidos dissolvidos totais","chemical_concentration":146.0,"source":"SIAGAS_MS_20260814","evidence_code":"E10"}},{"type":"Feature","geometry":{"type":"Point","coordinates":[-54.60488299999997,-20.504607999999962]},"properties":{"well_id":"3500073439","municipality":"Campo Grande","aquifer":"Serra geral","available_fields":"pH | Solidos dissolvidos totais","available_count":2,"pH":6.75,"electrical_conductivity":null,"temperature":null,"chemical_parameter":"Solidos dissolvidos totais","chemical_concentration":261.0,"source":"SIAGAS_MS_20260814","evidence_code":"E10"}},{"type":"Feature","geometry":{"type":"Point","coordinates":[-51.74982499999993,-20.847374999999943]},"properties":{"well_id":"3500073461","municipality":"Três Lagoas","aquifer":"Bauru","available_fields":"pH | CONDUTIVIDADE_ELETRICA | TEMPERATURA | Solidos dissolvidos totais","available_count":4,"pH":6.0,"electrical_conductivity":21.13,"temperature":26.0,"chemical_parameter":"Solidos dissolvidos totais","chemical_concentration":7.0,"source":"SIAGAS_MS_20260814","evidence_code":"E10"}},{"type":"Feature","geometry":{"type":"Point","coordinates":[-54.525116999999966,-20.619974999999954]},"properties":{"well_id":"3500073460","municipality":"Campo Grande","aquifer":"Serra geral","available_fields":"pH | CONDUTIVIDADE_ELETRICA | TEMPERATURA | Solidos dissolvidos totais","available_count":4,"pH":6.40999985,"electrical_conductivity":110.0,"temperature":25.6000004,"chemical_parameter":"Solidos dissolvidos totais","chemical_concentration":119.0,"source":"SIAGAS_MS_20260814","evidence_code":"E10"}},{"type":"Feature","geometry":{"type":"Point","coordinates":[-55.133227999999974,-20.72027799999995]},"properties":{"well_id":"3500073472","municipality":"Sidrolândia","aquifer":"Serra geral","available_fields":"pH | CONDUTIVIDADE_ELETRICA | TEMPERATURA | Solidos dissolvidos totais","available_count":4,"pH":7.17999983,"electrical_conductivity":143.0,"temperature":25.0,"chemical_parameter":"Solidos dissolvidos totais","chemical_concentration":10.0,"source":"SIAGAS_MS_20260814","evidence_code":"E10"}},{"type":"Feature","geometry":{"type":"Point","coordinates":[-51.021330999999975,-19.51465799999994]},"properties":{"well_id":"3500073471","municipality":"Paranaíba","aquifer":"Bauru","available_fields":"pH | CONDUTIVIDADE_ELETRICA | TEMPERATURA | Solidos dissolvidos totais","available_count":4,"pH":6.51000023,"electrical_conductivity":42.1,"temperature":28.2000008,"chemical_parameter":"Solidos dissolvidos totais","chemical_concentration":31.0,"source":"SIAGAS_MS_20260814","evidence_code":"E10"}},{"type":"Feature","geometry":{"type":"Point","coordinates":[-55.74671699999993,-22.46560599999998]},"properties":{"well_id":"3500073476","municipality":"Ponta Porã","aquifer":"Bauru","available_fields":"pH | CONDUTIVIDADE_ELETRICA | TEMPERATURA | Solidos dissolvidos totais","available_count":4,"pH":7.03999996,"electrical_conductivity":193.9,"temperature":22.5,"chemical_parameter":"Solidos dissolvidos totais","chemical_concentration":126.03,"source":"SIAGAS_MS_20260814","evidence_code":"E10"}},{"type":"Feature","geometry":{"type":"Point","coordinates":[-52.93433299999998,-18.683266999999944]},"properties":{"well_id":"3500073496","municipality":"Chapadão do Sul","aquifer":"Bauru","available_fields":"pH | CONDUTIVIDADE_ELETRICA | TEMPERATURA | Solidos dissolvidos totais","available_count":4,"pH":5.69999981,"electrical_conductivity":12.2,"temperature":24.0,"chemical_parameter":"Solidos dissolvidos totais","chemical_concentration":43.0,"source":"SIAGAS_MS_20260814","evidence_code":"E10"}},{"type":"Feature","geometry":{"type":"Point","coordinates":[-55.046855999999934,-20.737007999999946]},"properties":{"well_id":"3500073493","municipality":"Terenos","aquifer":"Serra geral","available_fields":"pH | CONDUTIVIDADE_ELETRICA | Solidos dissolvidos totais","available_count":3,"pH":5.88999987,"electrical_conductivity":43.4,"temperature":null,"chemical_parameter":"Solidos dissolvidos totais","chemical_concentration":69.0,"source":"SIAGAS_MS_20260814","evidence_code":"E10"}},{"type":"Feature","geometry":{"type":"Point","coordinates":[-54.53249999999997,-20.469721999999933]},"properties":{"well_id":"3500073492","municipality":"Campo Grande","aquifer":"Bauru","available_fields":"pH | TEMPERATURA","available_count":2,"pH":5.0,"electrical_conductivity":null,"temperature":25.0,"chemical_parameter":"","chemical_concentration":null,"source":"SIAGAS_MS_20260814","evidence_code":"E10"}},{"type":"Feature","geometry":{"type":"Point","coordinates":[-51.702016999999955,-20.794393999999954]},"properties":{"well_id":"3500073499","municipality":"Três Lagoas","aquifer":"Bauru","available_fields":"pH | CONDUTIVIDADE_ELETRICA | TEMPERATURA | Solidos dissolvidos totais","available_count":4,"pH":6.09000015,"electrical_conductivity":84.0,"temperature":28.0,"chemical_parameter":"Solidos dissolvidos totais","chemical_concentration":89.0,"source":"SIAGAS_MS_20260814","evidence_code":"E10"}},{"type":"Feature","geometry":{"type":"Point","coordinates":[-53.02527799999996,-20.299443999999937]},"properties":{"well_id":"3500073509","municipality":"Água Clara","aquifer":"Bauru","available_fields":"pH | CONDUTIVIDADE_ELETRICA | TEMPERATURA | Solidos dissolvidos totais","available_count":4,"pH":5.55999994,"electrical_conductivity":20.7,"temperature":24.0,"chemical_parameter":"Solidos dissolvidos totais","chemical_concentration":68.0,"source":"SIAGAS_MS_20260814","evidence_code":"E10"}},{"type":"Feature","geometry":{"type":"Point","coordinates":[-53.029721999999936,-20.297499999999957]},"properties":{"well_id":"3500073508","municipality":"Água Clara","aquifer":"Bauru","available_fields":"pH | CONDUTIVIDADE_ELETRICA | TEMPERATURA | Solidos dissolvidos totais","available_count":4,"pH":6.23000002,"electrical_conductivity":25.4,"temperature":24.0,"chemical_parameter":"Solidos dissolvidos totais","chemical_concentration":83.0,"source":"SIAGAS_MS_20260814","evidence_code":"E10"}},{"type":"Feature","geometry":{"type":"Point","coordinates":[-54.81837799999994,-22.22539999999998]},"properties":{"well_id":"3500073515","municipality":"Dourados","aquifer":"Serra geral","available_fields":"pH | CONDUTIVIDADE_ELETRICA | TEMPERATURA | Solidos dissolvidos totais","available_count":4,"pH":6.42000008,"electrical_conductivity":231.0,"temperature":23.0,"chemical_parameter":"Solidos dissolvidos totais","chemical_concentration":150.15,"source":"SIAGAS_MS_20260814","evidence_code":"E10"}},{"type":"Feature","geometry":{"type":"Point","coordinates":[-53.03820299999995,-18.78566399999994]},"properties":{"well_id":"3500073522","municipality":"Chapadão do Sul","aquifer":"Serra geral","available_fields":"pH | CONDUTIVIDADE_ELETRICA | TEMPERATURA | Solidos dissolvidos totais","available_count":4,"pH":6.01000023,"electrical_conductivity":8.49,"temperature":29.0,"chemical_parameter":"Solidos dissolvidos totais","chemical_concentration":38.0,"source":"SIAGAS_MS_20260814","evidence_code":"E10"}},{"type":"Feature","geometry":{"type":"Point","coordinates":[-54.71944399999995,-22.093666999999982]},"properties":{"well_id":"3500073521","municipality":"Itaporã","aquifer":"Serra geral","available_fields":"pH | CONDUTIVIDADE_ELETRICA | TEMPERATURA | Solidos dissolvidos totais","available_count":4,"pH":6.71999979,"electrical_conductivity":179.8,"temperature":23.0,"chemical_parameter":"Solidos dissolvidos totais","chemical_concentration":67.0,"source":"SIAGAS_MS_20260814","evidence_code":"E10"}},{"type":"Feature","geometry":{"type":"Point","coordinates":[-55.27305499999994,-20.684165999999948]},"properties":{"well_id":"3500023196","municipality":"Dois Irmãos do Buriti","aquifer":"Guarani","available_fields":"pH | CONDUTIVIDADE_ELETRICA | TEMPERATURA | Solidos dissolvidos totais","available_count":4,"pH":5.25,"electrical_conductivity":20.4,"temperature":24.7999992,"chemical_parameter":"Solidos dissolvidos totais","chemical_concentration":31.75,"source":"SIAGAS_MS_20260814","evidence_code":"E10"}},{"type":"Feature","geometry":{"type":"Point","coordinates":[-51.09944399999995,-20.07833299999993]},"properties":{"well_id":"3500023319","municipality":"Aparecida do Taboado","aquifer":"Não definido","available_fields":"pH | TURBIDEZ","available_count":2,"pH":5.5999999,"electrical_conductivity":null,"temperature":null,"chemical_parameter":"","chemical_concentration":null,"source":"SIAGAS_MS_20260814","evidence_code":"E10"}},{"type":"Feature","geometry":{"type":"Point","coordinates":[-55.34277799999995,-20.643888999999945]},"properties":{"well_id":"3500027110","municipality":"Dois Irmãos do Buriti","aquifer":"Aquidauana","available_fields":"pH | TURBIDEZ","available_count":2,"pH":6.73999977,"electrical_conductivity":null,"temperature":null,"chemical_parameter":"","chemical_concentration":null,"source":"SIAGAS_MS_20260814","evidence_code":"E10"}},{"type":"Feature","geometry":{"type":"Point","coordinates":[-54.861388999999974,-20.436943999999983]},"properties":{"well_id":"3500027233","municipality":"Terenos","aquifer":"Serra geral","available_fields":"pH | TEMPERATURA | TURBIDEZ | Solidos dissolvidos totais","available_count":4,"pH":7.98999977,"electrical_conductivity":null,"temperature":5.5999999,"chemical_parameter":"Solidos dissolvidos totais","chemical_concentration":150.0,"source":"SIAGAS_MS_20260814","evidence_code":"E10"}},{"type":"Feature","geometry":{"type":"Point","coordinates":[-54.55222199999997,-21.79444399999994]},"properties":{"well_id":"3500045619","municipality":"Rio Brilhante","aquifer":"Serra geral","available_fields":"pH | TEMPERATURA | TURBIDEZ | Solidos dissolvidos totais","available_count":4,"pH":7.73999977,"electrical_conductivity":null,"temperature":22.1000004,"chemical_parameter":"Solidos dissolvidos totais","chemical_concentration":161.5,"source":"SIAGAS_MS_20260814","evidence_code":"E10"}},{"type":"Feature","geometry":{"type":"Point","coordinates":[-54.31111099999998,-21.86944399999993]},"properties":{"well_id":"3500045674","municipality":"Rio Brilhante","aquifer":"Serra geral","available_fields":"pH | TEMPERATURA | TURBIDEZ","available_count":3,"pH":7.80000019,"electrical_conductivity":null,"temperature":16.1000004,"chemical_parameter":"","chemical_concentration":null,"source":"SIAGAS_MS_20260814","evidence_code":"E10"}},{"type":"Feature","geometry":{"type":"Point","coordinates":[-54.62416699999994,-20.53527799999995]},"properties":{"well_id":"3500045679","municipality":"Campo Grande","aquifer":"Serra geral","available_fields":"pH | TURBIDEZ","available_count":2,"pH":6.69999981,"electrical_conductivity":null,"temperature":null,"chemical_parameter":"","chemical_concentration":null,"source":"SIAGAS_MS_20260814","evidence_code":"E10"}},{"type":"Feature","geometry":{"type":"Point","coordinates":[-56.70027799999997,-20.133332999999936]},"properties":{"well_id":"3500045684","municipality":"Miranda","aquifer":"Cuiaba","available_fields":"pH | TURBIDEZ","available_count":2,"pH":6.65999985,"electrical_conductivity":null,"temperature":null,"chemical_parameter":"","chemical_concentration":null,"source":"SIAGAS_MS_20260814","evidence_code":"E10"}},{"type":"Feature","geometry":{"type":"Point","coordinates":[-54.89138899999995,-20.35583299999996]},"properties":{"well_id":"3500045688","municipality":"Terenos","aquifer":"Serra geral","available_fields":"pH | TURBIDEZ","available_count":2,"pH":6.40999985,"electrical_conductivity":null,"temperature":null,"chemical_parameter":"","chemical_concentration":null,"source":"SIAGAS_MS_20260814","evidence_code":"E10"}},{"type":"Feature","geometry":{"type":"Point","coordinates":[-51.829999999999984,-20.98194399999994]},"properties":{"well_id":"3500045706","municipality":"Três Lagoas","aquifer":"Bauru","available_fields":"pH | CONDUTIVIDADE_ELETRICA | TEMPERATURA | TURBIDEZ","available_count":4,"pH":7.30999994,"electrical_conductivity":3.5,"temperature":29.0,"chemical_parameter":"","chemical_concentration":null,"source":"SIAGAS_MS_20260814","evidence_code":"E10"}},{"type":"Feature","geometry":{"type":"Point","coordinates":[-51.822499999999934,-20.993888999999967]},"properties":{"well_id":"3500045712","municipality":"Três Lagoas","aquifer":"Bauru","available_fields":"pH | CONDUTIVIDADE_ELETRICA | TEMPERATURA | TURBIDEZ","available_count":4,"pH":6.1500001,"electrical_conductivity":26.5,"temperature":25.0,"chemical_parameter":"","chemical_concentration":null,"source":"SIAGAS_MS_20260814","evidence_code":"E10"}},{"type":"Feature","geometry":{"type":"Point","coordinates":[-54.788332999999966,-22.312499999999943]},"properties":{"well_id":"3500053079","municipality":"Dourados","aquifer":"Serra geral","available_fields":"pH | CONDUTIVIDADE_ELETRICA | TURBIDEZ","available_count":3,"pH":7.17000008,"electrical_conductivity":360.0,"temperature":null,"chemical_parameter":"","chemical_concentration":null,"source":"SIAGAS_MS_20260814","evidence_code":"E10"}},{"type":"Feature","geometry":{"type":"Point","coordinates":[-54.791110999999944,-22.676388999999972]},"properties":{"well_id":"3500053089","municipality":"Caarapó","aquifer":"Serra geral","available_fields":"pH | CONDUTIVIDADE_ELETRICA | TEMPERATURA | TURBIDEZ","available_count":4,"pH":7.44999981,"electrical_conductivity":10.4,"temperature":22.0,"chemical_parameter":"","chemical_concentration":null,"source":"SIAGAS_MS_20260814","evidence_code":"E10"}},{"type":"Feature","geometry":{"type":"Point","coordinates":[-54.559166999999945,-20.459443999999962]},"properties":{"well_id":"3500065030","municipality":"Campo Grande","aquifer":"Serra geral","available_fields":"pH | CONDUTIVIDADE_ELETRICA | TEMPERATURA | Solidos dissolvidos totais","available_count":4,"pH":5.21000004,"electrical_conductivity":191.0,"temperature":25.5,"chemical_parameter":"Solidos dissolvidos totais","chemical_concentration":179.0,"source":"SIAGAS_MS_20260814","evidence_code":"E10"}},{"type":"Feature","geometry":{"type":"Point","coordinates":[-54.57583299999993,-20.464443999999958]},"properties":{"well_id":"3500065032","municipality":"Campo Grande","aquifer":"Serra geral","available_fields":"pH | CONDUTIVIDADE_ELETRICA | TEMPERATURA | Solidos dissolvidos totais","available_count":4,"pH":7.19999981,"electrical_conductivity":170.7,"temperature":25.0,"chemical_parameter":"Solidos dissolvidos totais","chemical_concentration":195.0,"source":"SIAGAS_MS_20260814","evidence_code":"E10"}},{"type":"Feature","geometry":{"type":"Point","coordinates":[-53.59694399999995,-22.383055999999954]},"properties":{"well_id":"3500065061","municipality":"Ivinhema","aquifer":"Caiua","available_fields":"pH | TEMPERATURA | Solidos dissolvidos totais","available_count":3,"pH":5.9000001,"electrical_conductivity":null,"temperature":6.0,"chemical_parameter":"Solidos dissolvidos totais","chemical_concentration":26.3,"source":"SIAGAS_MS_20260814","evidence_code":"E10"}},{"type":"Feature","geometry":{"type":"Point","coordinates":[-53.850277999999946,-22.655555999999933]},"properties":{"well_id":"3500065065","municipality":"Novo Horizonte do Sul","aquifer":"Caiua","available_fields":"pH | TEMPERATURA | Solidos dissolvidos totais","available_count":3,"pH":6.5999999,"electrical_conductivity":null,"temperature":6.0,"chemical_parameter":"Solidos dissolvidos totais","chemical_concentration":121.3,"source":"SIAGAS_MS_20260814","evidence_code":"E10"}},{"type":"Feature","geometry":{"type":"Point","coordinates":[-54.535555999999985,-21.808888999999965]},"properties":{"well_id":"3500065069","municipality":"Rio Brilhante","aquifer":"Serra geral","available_fields":"pH | Solidos dissolvidos totais","available_count":2,"pH":6.80000019,"electrical_conductivity":null,"temperature":null,"chemical_parameter":"Solidos dissolvidos totais","chemical_concentration":350.7,"source":"SIAGAS_MS_20260814","evidence_code":"E10"}},{"type":"Feature","geometry":{"type":"Point","coordinates":[-51.414999999999964,-20.359721999999977]},"properties":{"well_id":"3500065074","municipality":"Selvíria","aquifer":"Caiua","available_fields":"pH | CONDUTIVIDADE_ELETRICA | Solidos dissolvidos totais","available_count":3,"pH":5.19999981,"electrical_conductivity":0.09000000000000001,"temperature":null,"chemical_parameter":"Solidos dissolvidos totais","chemical_concentration":12.0,"source":"SIAGAS_MS_20260814","evidence_code":"E10"}},{"type":"Feature","geometry":{"type":"Point","coordinates":[-53.63777799999997,-18.676943999999935]},"properties":{"well_id":"3500065056","municipality":"Figueirão","aquifer":"Guarani","available_fields":"pH | TEMPERATURA | Solidos dissolvidos totais","available_count":3,"pH":6.5,"electrical_conductivity":null,"temperature":9.89999962,"chemical_parameter":"Solidos dissolvidos totais","chemical_concentration":99.3,"source":"SIAGAS_MS_20260814","evidence_code":"E10"}},{"type":"Feature","geometry":{"type":"Point","coordinates":[-52.87583299999994,-20.43027799999993]},"properties":{"well_id":"3500064999","municipality":"Água Clara","aquifer":"Serra geral","available_fields":"pH | Solidos dissolvidos totais","available_count":2,"pH":7.80000019,"electrical_conductivity":null,"temperature":null,"chemical_parameter":"Solidos dissolvidos totais","chemical_concentration":134.2,"source":"SIAGAS_MS_20260814","evidence_code":"E10"}},{"type":"Feature","geometry":{"type":"Point","coordinates":[-52.87472199999996,-20.43999999999994]},"properties":{"well_id":"3500065000","municipality":"Água Clara","aquifer":"Caiua","available_fields":"pH | Solidos dissolvidos totais","available_count":2,"pH":7.30000019,"electrical_conductivity":null,"temperature":null,"chemical_parameter":"Solidos dissolvidos totais","chemical_concentration":141.1,"source":"SIAGAS_MS_20260814","evidence_code":"E10"}},{"type":"Feature","geometry":{"type":"Point","coordinates":[-52.87277799999998,-20.445832999999936]},"properties":{"well_id":"3500065003","municipality":"Água Clara","aquifer":"Bauru","available_fields":"pH | Solidos dissolvidos totais","available_count":2,"pH":7.30000019,"electrical_conductivity":null,"temperature":null,"chemical_parameter":"Solidos dissolvidos totais","chemical_concentration":141.1,"source":"SIAGAS_MS_20260814","evidence_code":"E10"}},{"type":"Feature","geometry":{"type":"Point","coordinates":[-52.41777799999994,-21.722499999999968]},"properties":{"well_id":"3500065015","municipality":"Bataguassu","aquifer":"Bauru","available_fields":"pH | Solidos dissolvidos totais","available_count":2,"pH":6.19999981,"electrical_conductivity":null,"temperature":null,"chemical_parameter":"Solidos dissolvidos totais","chemical_concentration":46.4,"source":"SIAGAS_MS_20260814","evidence_code":"E10"}},{"type":"Feature","geometry":{"type":"Point","coordinates":[-56.45027799999997,-21.13999999999993]},"properties":{"well_id":"3500065019","municipality":"Bonito","aquifer":"Cuiaba","available_fields":"pH | Solidos dissolvidos totais","available_count":2,"pH":7.5999999,"electrical_conductivity":null,"temperature":null,"chemical_parameter":"Solidos dissolvidos totais","chemical_concentration":258.9,"source":"SIAGAS_MS_20260814","evidence_code":"E10"}},{"type":"Feature","geometry":{"type":"Point","coordinates":[-54.31049699999994,-22.493716999999947]},"properties":{"well_id":"3500071494","municipality":"Jateí","aquifer":"Bauru_Caiua","available_fields":"pH | TEMPERATURA","available_count":2,"pH":5.9000001,"electrical_conductivity":null,"temperature":25.0,"chemical_parameter":"","chemical_concentration":null,"source":"SIAGAS_MS_20260814","evidence_code":"E10"}},{"type":"Feature","geometry":{"type":"Point","coordinates":[-54.80174999999997,-22.333527999999944]},"properties":{"well_id":"3500070549","municipality":"Dourados","aquifer":"Serra geral","available_fields":"pH | CONDUTIVIDADE_ELETRICA | TEMPERATURA","available_count":3,"pH":7.90999985,"electrical_conductivity":106.5,"temperature":23.0,"chemical_parameter":"","chemical_concentration":null,"source":"SIAGAS_MS_20260814","evidence_code":"E10"}},{"type":"Feature","geometry":{"type":"Point","coordinates":[-54.86007799999999,-20.442741999999953]},"properties":{"well_id":"3500070086","municipality":"Terenos","aquifer":"Serra geral","available_fields":"pH | CONDUTIVIDADE_ELETRICA | TEMPERATURA","available_count":3,"pH":6.9000001,"electrical_conductivity":37.95,"temperature":24.8999996,"chemical_parameter":"","chemical_concentration":null,"source":"SIAGAS_MS_20260814","evidence_code":"E10"}},{"type":"Feature","geometry":{"type":"Point","coordinates":[-56.49555499999997,-21.122499999999945]},"properties":{"well_id":"3500022773","municipality":"Bonito","aquifer":"Cuiaba","available_fields":"pH | Solidos dissolvidos totais","available_count":2,"pH":7.5,"electrical_conductivity":null,"temperature":null,"chemical_parameter":"Solidos dissolvidos totais","chemical_concentration":592.5,"source":"SIAGAS_MS_20260814","evidence_code":"E10"}},{"type":"Feature","geometry":{"type":"Point","coordinates":[-53.38555599999995,-22.286666999999966]},"properties":{"well_id":"3500026927","municipality":"Nova Andradina","aquifer":"Serra geral","available_fields":"pH | TEMPERATURA | TURBIDEZ","available_count":3,"pH":5.80999994,"electrical_conductivity":null,"temperature":25.0,"chemical_parameter":"","chemical_concentration":null,"source":"SIAGAS_MS_20260814","evidence_code":"E10"}},{"type":"Feature","geometry":{"type":"Point","coordinates":[-53.75166699999994,-22.271388999999942]},"properties":{"well_id":"3500026942","municipality":"Ivinhema","aquifer":"Caiua","available_fields":"pH | TEMPERATURA | TURBIDEZ","available_count":3,"pH":6.4000001,"electrical_conductivity":null,"temperature":22.0,"chemical_parameter":"","chemical_concentration":null,"source":"SIAGAS_MS_20260814","evidence_code":"E10"}},{"type":"Feature","geometry":{"type":"Point","coordinates":[-54.19111099999998,-23.101388999999983]},"properties":{"well_id":"3500026955","municipality":"Naviraí","aquifer":"Caiua","available_fields":"pH | TEMPERATURA | TURBIDEZ","available_count":3,"pH":7.98000002,"electrical_conductivity":null,"temperature":20.0,"chemical_parameter":"","chemical_concentration":null,"source":"SIAGAS_MS_20260814","evidence_code":"E10"}},{"type":"Feature","geometry":{"type":"Point","coordinates":[-54.12944399999998,-22.187499999999943]},"properties":{"well_id":"3500026961","municipality":"Deodápolis","aquifer":"Bauru","available_fields":"pH | TURBIDEZ","available_count":2,"pH":7.57999992,"electrical_conductivity":null,"temperature":null,"chemical_parameter":"","chemical_concentration":null,"source":"SIAGAS_MS_20260814","evidence_code":"E10"}},{"type":"Feature","geometry":{"type":"Point","coordinates":[-53.256666999999936,-21.757221999999956]},"properties":{"well_id":"3500026969","municipality":"Nova Andradina","aquifer":"Caiua","available_fields":"pH | TEMPERATURA | TURBIDEZ","available_count":3,"pH":5.4000001,"electrical_conductivity":null,"temperature":18.0,"chemical_parameter":"","chemical_concentration":null,"source":"SIAGAS_MS_20260814","evidence_code":"E10"}},{"type":"Feature","geometry":{"type":"Point","coordinates":[-54.49222199999997,-21.890277999999967]},"properties":{"well_id":"3500026978","municipality":"Rio Brilhante","aquifer":"Serra geral","available_fields":"TEMPERATURA","available_count":1,"pH":null,"electrical_conductivity":null,"temperature":24.5,"chemical_parameter":"","chemical_concentration":null,"source":"SIAGAS_MS_20260814","evidence_code":"E10"}},{"type":"Feature","geometry":{"type":"Point","coordinates":[-54.841110999999955,-20.495277999999928]},"properties":{"well_id":"3500026995","municipality":"Terenos","aquifer":"Serra geral","available_fields":"pH | TURBIDEZ | Solidos dissolvidos totais","available_count":3,"pH":6.69999981,"electrical_conductivity":null,"temperature":null,"chemical_parameter":"Solidos dissolvidos totais","chemical_concentration":48.0,"source":"SIAGAS_MS_20260814","evidence_code":"E10"}},{"type":"Feature","geometry":{"type":"Point","coordinates":[-57.639166999999986,-19.173888999999974]},"properties":{"well_id":"3500026996","municipality":"Ladário","aquifer":"Rocha cristalina","available_fields":"pH | CONDUTIVIDADE_ELETRICA | TEMPERATURA | TURBIDEZ | Solidos dissolvidos totais","available_count":5,"pH":6.5999999,"electrical_conductivity":17.88,"temperature":23.0,"chemical_parameter":"Solidos dissolvidos totais","chemical_concentration":149.0,"source":"SIAGAS_MS_20260814","evidence_code":"E10"}},{"type":"Feature","geometry":{"type":"Point","coordinates":[-54.58722199999994,-20.63638899999995]},"properties":{"well_id":"3500027021","municipality":"Campo Grande","aquifer":"Caiua","available_fields":"pH | TEMPERATURA | TURBIDEZ","available_count":3,"pH":6.69000006,"electrical_conductivity":null,"temperature":23.0,"chemical_parameter":"","chemical_concentration":null,"source":"SIAGAS_MS_20260814","evidence_code":"E10"}},{"type":"Feature","geometry":{"type":"Point","coordinates":[-51.66888899999998,-20.77277799999996]},"properties":{"well_id":"3500027029","municipality":"Três Lagoas","aquifer":"Caiua","available_fields":"pH | TURBIDEZ","available_count":2,"pH":5.30999994,"electrical_conductivity":null,"temperature":null,"chemical_parameter":"","chemical_concentration":null,"source":"SIAGAS_MS_20260814","evidence_code":"E10"}},{"type":"Feature","geometry":{"type":"Point","coordinates":[-54.79944399999994,-22.228610999999944]},"properties":{"well_id":"3500027062","municipality":"Dourados","aquifer":"Serra geral","available_fields":"pH | TEMPERATURA | TURBIDEZ | Solidos dissolvidos totais","available_count":4,"pH":6.4000001,"electrical_conductivity":null,"temperature":24.7999992,"chemical_parameter":"Solidos dissolvidos totais","chemical_concentration":198.6,"source":"SIAGAS_MS_20260814","evidence_code":"E10"}},{"type":"Feature","geometry":{"type":"Point","coordinates":[-53.340832999999975,-22.25472199999996]},"properties":{"well_id":"3500027090","municipality":"Nova Andradina","aquifer":"Caiua","available_fields":"pH | TEMPERATURA | TURBIDEZ | Solidos dissolvidos totais","available_count":4,"pH":7.55000019,"electrical_conductivity":null,"temperature":24.0,"chemical_parameter":"Solidos dissolvidos totais","chemical_concentration":38.0,"source":"SIAGAS_MS_20260814","evidence_code":"E10"}},{"type":"Feature","geometry":{"type":"Point","coordinates":[-53.414443999999946,-21.990277999999932]},"properties":{"well_id":"3500027146","municipality":"Nova Andradina","aquifer":"Caiua","available_fields":"pH | TEMPERATURA | TURBIDEZ","available_count":3,"pH":6.01999998,"electrical_conductivity":null,"temperature":14.5,"chemical_parameter":"","chemical_concentration":null,"source":"SIAGAS_MS_20260814","evidence_code":"E10"}},{"type":"Feature","geometry":{"type":"Point","coordinates":[-54.60944399999994,-20.552221999999972]},"properties":{"well_id":"3500027170","municipality":"Campo Grande","aquifer":"Serra geral","available_fields":"pH | TURBIDEZ","available_count":2,"pH":7.0999999,"electrical_conductivity":null,"temperature":null,"chemical_parameter":"","chemical_concentration":null,"source":"SIAGAS_MS_20260814","evidence_code":"E10"}},{"type":"Feature","geometry":{"type":"Point","coordinates":[-54.340832999999975,-18.837777999999958]},"properties":{"well_id":"3500027287","municipality":"São Gabriel do Oeste","aquifer":"Aquidauana","available_fields":"pH | TURBIDEZ","available_count":2,"pH":5.94999981,"electrical_conductivity":null,"temperature":null,"chemical_parameter":"","chemical_concentration":null,"source":"SIAGAS_MS_20260814","evidence_code":"E10"}},{"type":"Feature","geometry":{"type":"Point","coordinates":[-54.96944399999995,-22.88777799999997]},"properties":{"well_id":"3500045235","municipality":"Laguna Carapã","aquifer":"Serra geral","available_fields":"pH | CONDUTIVIDADE_ELETRICA | TURBIDEZ","available_count":3,"pH":8.0,"electrical_conductivity":187.0,"temperature":null,"chemical_parameter":"","chemical_concentration":null,"source":"SIAGAS_MS_20260814","evidence_code":"E10"}},{"type":"Feature","geometry":{"type":"Point","coordinates":[-52.72361099999995,-18.744721999999967]},"properties":{"well_id":"3500053096","municipality":"Chapadão do Sul","aquifer":"Caiua","available_fields":"pH | CONDUTIVIDADE_ELETRICA | TEMPERATURA | TURBIDEZ","available_count":4,"pH":4.5,"electrical_conductivity":8.4,"temperature":24.0,"chemical_parameter":"","chemical_concentration":null,"source":"SIAGAS_MS_20260814","evidence_code":"E10"}},{"type":"Feature","geometry":{"type":"Point","coordinates":[-52.34587799999997,-21.13528299999996]},"properties":{"well_id":"3500071766","municipality":"Brasilândia","aquifer":"Bauru_Caiua","available_fields":"pH | TEMPERATURA","available_count":2,"pH":7.0,"electrical_conductivity":null,"temperature":25.5,"chemical_parameter":"","chemical_concentration":null,"source":"SIAGAS_MS_20260814","evidence_code":"E10"}},{"type":"Feature","geometry":{"type":"Point","coordinates":[-57.558888999999965,-19.219443999999953]},"properties":{"well_id":"3500071763","municipality":"Corumbá","aquifer":"Não definido","available_fields":"pH | CONDUTIVIDADE_ELETRICA","available_count":2,"pH":6.80000019,"electrical_conductivity":19.1,"temperature":null,"chemical_parameter":"","chemical_concentration":null,"source":"SIAGAS_MS_20260814","evidence_code":"E10"}},{"type":"Feature","geometry":{"type":"Point","coordinates":[-54.48191699999995,-22.27505599999995]},"properties":{"well_id":"3500071733","municipality":"Dourados","aquifer":"Serra geral","available_fields":"pH | CONDUTIVIDADE_ELETRICA | TEMPERATURA","available_count":3,"pH":6.94999981,"electrical_conductivity":62.21,"temperature":23.0,"chemical_parameter":"","chemical_concentration":null,"source":"SIAGAS_MS_20260814","evidence_code":"E10"}},{"type":"Feature","geometry":{"type":"Point","coordinates":[-54.67636699999997,-22.83623599999993]},"properties":{"well_id":"3500071729","municipality":"Juti","aquifer":"Serra geral","available_fields":"pH | TEMPERATURA","available_count":2,"pH":6.75,"electrical_conductivity":null,"temperature":24.6000004,"chemical_parameter":"","chemical_concentration":null,"source":"SIAGAS_MS_20260814","evidence_code":"E10"}},{"type":"Feature","geometry":{"type":"Point","coordinates":[-54.18643599999996,-22.38919199999998]},"properties":{"well_id":"3500071698","municipality":"Glória de Dourados","aquifer":"Bauru_Caiua","available_fields":"pH | CONDUTIVIDADE_ELETRICA | TEMPERATURA","available_count":3,"pH":7.67000008,"electrical_conductivity":142.19,"temperature":23.0,"chemical_parameter":"","chemical_concentration":null,"source":"SIAGAS_MS_20260814","evidence_code":"E10"}},{"type":"Feature","geometry":{"type":"Point","coordinates":[-51.69247199999995,-20.72515599999997]},"properties":{"well_id":"3500071304","municipality":"Três Lagoas","aquifer":"Bauru_Caiua","available_fields":"pH | CONDUTIVIDADE_ELETRICA | TEMPERATURA","available_count":3,"pH":6.5999999,"electrical_conductivity":18.5,"temperature":25.3999996,"chemical_parameter":"","chemical_concentration":null,"source":"SIAGAS_MS_20260814","evidence_code":"E10"}},{"type":"Feature","geometry":{"type":"Point","coordinates":[-54.57427199999995,-20.40753899999993]},"properties":{"well_id":"3500071238","municipality":"Campo Grande","aquifer":"Serra geral","available_fields":"pH | CONDUTIVIDADE_ELETRICA | TEMPERATURA","available_count":3,"pH":6.9000001,"electrical_conductivity":121.0,"temperature":27.0,"chemical_parameter":"","chemical_concentration":null,"source":"SIAGAS_MS_20260814","evidence_code":"E10"}},{"type":"Feature","geometry":{"type":"Point","coordinates":[-55.200230999999974,-22.175055999999927]},"properties":{"well_id":"3500071237","municipality":"Dourados","aquifer":"Serra geral","available_fields":"pH | TEMPERATURA","available_count":2,"pH":6.0999999,"electrical_conductivity":null,"temperature":24.0,"chemical_parameter":"","chemical_concentration":null,"source":"SIAGAS_MS_20260814","evidence_code":"E10"}},{"type":"Feature","geometry":{"type":"Point","coordinates":[-54.59826899999996,-20.530502999999953]},"properties":{"well_id":"3500071116","municipality":"Campo Grande","aquifer":"Serra geral","available_fields":"pH | CONDUTIVIDADE_ELETRICA | TEMPERATURA","available_count":3,"pH":7.4000001,"electrical_conductivity":19.8,"temperature":26.7999992,"chemical_parameter":"","chemical_concentration":null,"source":"SIAGAS_MS_20260814","evidence_code":"E10"}},{"type":"Feature","geometry":{"type":"Point","coordinates":[-57.066138999999964,-21.99854199999993]},"properties":{"well_id":"3500070985","municipality":"Caracol","aquifer":"Não definido","available_fields":"pH | CONDUTIVIDADE_ELETRICA | TEMPERATURA","available_count":3,"pH":6.19000006,"electrical_conductivity":88.0,"temperature":24.0,"chemical_parameter":"","chemical_concentration":null,"source":"SIAGAS_MS_20260814","evidence_code":"E10"}},{"type":"Feature","geometry":{"type":"Point","coordinates":[-54.18659699999995,-23.494280999999944]},"properties":{"well_id":"3500070925","municipality":"Itaquiraí","aquifer":"Bauru_Caiua","available_fields":"pH | CONDUTIVIDADE_ELETRICA","available_count":2,"pH":6.07000017,"electrical_conductivity":41.6,"temperature":null,"chemical_parameter":"","chemical_concentration":null,"source":"SIAGAS_MS_20260814","evidence_code":"E10"}},{"type":"Feature","geometry":{"type":"Point","coordinates":[-54.574393999999984,-20.477224999999976]},"properties":{"well_id":"3500070910","municipality":"Campo Grande","aquifer":"Serra geral","available_fields":"pH | TEMPERATURA","available_count":2,"pH":6.30999994,"electrical_conductivity":null,"temperature":28.0,"chemical_parameter":"","chemical_concentration":null,"source":"SIAGAS_MS_20260814","evidence_code":"E10"}},{"type":"Feature","geometry":{"type":"Point","coordinates":[-54.482943999999975,-22.369455999999957]},"properties":{"well_id":"3500070876","municipality":"Fátima do Sul","aquifer":"Serra geral","available_fields":"pH | CONDUTIVIDADE_ELETRICA | TEMPERATURA","available_count":3,"pH":5.9000001,"electrical_conductivity":52.5,"temperature":23.0,"chemical_parameter":"","chemical_concentration":null,"source":"SIAGAS_MS_20260814","evidence_code":"E10"}},{"type":"Feature","geometry":{"type":"Point","coordinates":[-53.99903299999994,-22.282543999999973]},"properties":{"well_id":"3500070847","municipality":"Ivinhema","aquifer":"Bauru_Caiua","available_fields":"pH | TEMPERATURA","available_count":2,"pH":5.53000021,"electrical_conductivity":null,"temperature":18.0,"chemical_parameter":"","chemical_concentration":null,"source":"SIAGAS_MS_20260814","evidence_code":"E10"}},{"type":"Feature","geometry":{"type":"Point","coordinates":[-54.86661899999996,-20.407599999999945]},"properties":{"well_id":"3500070598","municipality":"Terenos","aquifer":"Serra geral","available_fields":"pH | CONDUTIVIDADE_ELETRICA | TEMPERATURA","available_count":3,"pH":6.80999994,"electrical_conductivity":130.0,"temperature":32.0,"chemical_parameter":"","chemical_concentration":null,"source":"SIAGAS_MS_20260814","evidence_code":"E10"}},{"type":"Feature","geometry":{"type":"Point","coordinates":[-53.81009199999994,-22.299807999999928]},"properties":{"well_id":"3500070590","municipality":"Ivinhema","aquifer":"Bauru_Caiua","available_fields":"pH | CONDUTIVIDADE_ELETRICA | TEMPERATURA","available_count":3,"pH":6.80000019,"electrical_conductivity":35.0,"temperature":21.0,"chemical_parameter":"","chemical_concentration":null,"source":"SIAGAS_MS_20260814","evidence_code":"E10"}},{"type":"Feature","geometry":{"type":"Point","coordinates":[-54.838138999999956,-22.083582999999976]},"properties":{"well_id":"3500070521","municipality":"Itaporã","aquifer":"Serra geral","available_fields":"pH | CONDUTIVIDADE_ELETRICA | TEMPERATURA","available_count":3,"pH":6.0,"electrical_conductivity":109.59,"temperature":22.0,"chemical_parameter":"","chemical_concentration":null,"source":"SIAGAS_MS_20260814","evidence_code":"E10"}},{"type":"Feature","geometry":{"type":"Point","coordinates":[-54.52458299999995,-22.071560999999974]},"properties":{"well_id":"3500070492","municipality":"Dourados","aquifer":"Serra geral","available_fields":"pH | CONDUTIVIDADE_ELETRICA | TEMPERATURA","available_count":3,"pH":6.69999981,"electrical_conductivity":213.0,"temperature":19.0,"chemical_parameter":"","chemical_concentration":null,"source":"SIAGAS_MS_20260814","evidence_code":"E10"}},{"type":"Feature","geometry":{"type":"Point","coordinates":[-54.19141099999996,-23.100743999999963]},"properties":{"well_id":"3500070473","municipality":"Naviraí","aquifer":"Bauru_Caiua","available_fields":"pH | CONDUTIVIDADE_ELETRICA | TEMPERATURA","available_count":3,"pH":8.18999958,"electrical_conductivity":149.9,"temperature":26.0,"chemical_parameter":"","chemical_concentration":null,"source":"SIAGAS_MS_20260814","evidence_code":"E10"}},{"type":"Feature","geometry":{"type":"Point","coordinates":[-51.41722199999998,-20.364999999999952]},"properties":{"well_id":"3500045614","municipality":"Selvíria","aquifer":"Serra geral","available_fields":"pH | TURBIDEZ | Solidos dissolvidos totais","available_count":3,"pH":7.4000001,"electrical_conductivity":null,"temperature":null,"chemical_parameter":"Solidos dissolvidos totais","chemical_concentration":135.1,"source":"SIAGAS_MS_20260814","evidence_code":"E10"}},{"type":"Feature","geometry":{"type":"Point","coordinates":[-54.83309699999995,-18.93428599999993]},"properties":{"well_id":"3500071595","municipality":"Rio Verde de Mato Grosso","aquifer":"","available_fields":"pH | TEMPERATURA","available_count":2,"pH":6.4000001,"electrical_conductivity":null,"temperature":27.1000004,"chemical_parameter":"","chemical_concentration":null,"source":"SIAGAS_MS_20260814","evidence_code":"E10"}},{"type":"Feature","geometry":{"type":"Point","coordinates":[-52.87055499999997,-20.444721999999956]},"properties":{"well_id":"3500023128","municipality":"Água Clara","aquifer":"","available_fields":"pH","available_count":1,"pH":7.5,"electrical_conductivity":null,"temperature":null,"chemical_parameter":"","chemical_concentration":null,"source":"SIAGAS_MS_20260814","evidence_code":"E10"}},{"type":"Feature","geometry":{"type":"Point","coordinates":[-52.71249999999998,-22.184443999999928]},"properties":{"well_id":"3500023181","municipality":"Anaurilândia","aquifer":"","available_fields":"pH | TURBIDEZ","available_count":2,"pH":5.9000001,"electrical_conductivity":null,"temperature":null,"chemical_parameter":"","chemical_concentration":null,"source":"SIAGAS_MS_20260814","evidence_code":"E10"}},{"type":"Feature","geometry":{"type":"Point","coordinates":[-53.56361099999998,-22.64972199999994]},"properties":{"well_id":"3500045642","municipality":"Novo Horizonte do Sul","aquifer":"","available_fields":"pH | CONDUTIVIDADE_ELETRICA | TURBIDEZ","available_count":3,"pH":5.5999999,"electrical_conductivity":14.9,"temperature":null,"chemical_parameter":"","chemical_concentration":null,"source":"SIAGAS_MS_20260814","evidence_code":"E10"}},{"type":"Feature","geometry":{"type":"Point","coordinates":[-52.87972199999996,-20.444999999999936]},"properties":{"well_id":"3500023127","municipality":"Água Clara","aquifer":"","available_fields":"pH","available_count":1,"pH":6.5999999,"electrical_conductivity":null,"temperature":null,"chemical_parameter":"","chemical_concentration":null,"source":"SIAGAS_MS_20260814","evidence_code":"E10"}},{"type":"Feature","geometry":{"type":"Point","coordinates":[-54.49138899999997,-20.93111099999993]},"properties":{"well_id":"3500045552","municipality":"Campo Grande","aquifer":"","available_fields":"pH | TEMPERATURA | TURBIDEZ","available_count":3,"pH":7.69999981,"electrical_conductivity":null,"temperature":24.0,"chemical_parameter":"","chemical_concentration":null,"source":"SIAGAS_MS_20260814","evidence_code":"E10"}},{"type":"Feature","geometry":{"type":"Point","coordinates":[-54.62416699999994,-20.413888999999926]},"properties":{"well_id":"3500045698","municipality":"Campo Grande","aquifer":"Serra geral","available_fields":"pH | TEMPERATURA | Solidos dissolvidos totais","available_count":3,"pH":6.5,"electrical_conductivity":null,"temperature":24.3999996,"chemical_parameter":"Solidos dissolvidos totais","chemical_concentration":121.0,"source":"SIAGAS_MS_20260814","evidence_code":"E10"}},{"type":"Feature","geometry":{"type":"Point","coordinates":[-54.67861099999993,-20.557221999999967]},"properties":{"well_id":"3500045627","municipality":"Campo Grande","aquifer":"Guarani","available_fields":"pH | TEMPERATURA | TURBIDEZ | Solidos dissolvidos totais","available_count":4,"pH":8.10000038,"electrical_conductivity":null,"temperature":22.0,"chemical_parameter":"Solidos dissolvidos totais","chemical_concentration":73.0,"source":"SIAGAS_MS_20260814","evidence_code":"E10"}},{"type":"Feature","geometry":{"type":"Point","coordinates":[-54.17258899999996,-23.463349999999934]},"properties":{"well_id":"3500073525","municipality":"Itaquiraí","aquifer":"","available_fields":"pH | CONDUTIVIDADE_ELETRICA | Solidos dissolvidos totais","available_count":3,"pH":7.01999998,"electrical_conductivity":77.62,"temperature":null,"chemical_parameter":"Solidos dissolvidos totais","chemical_concentration":29.0,"source":"SIAGAS_MS_20260814","evidence_code":"E10"}},{"type":"Feature","geometry":{"type":"Point","coordinates":[-56.45089999999993,-21.140499999999975]},"properties":{"well_id":"3500073542","municipality":"Bonito","aquifer":"","available_fields":"pH | Solidos dissolvidos totais","available_count":2,"pH":7.5999999,"electrical_conductivity":null,"temperature":null,"chemical_parameter":"Solidos dissolvidos totais","chemical_concentration":258.9,"source":"SIAGAS_MS_20260814","evidence_code":"E10"}},{"type":"Feature","geometry":{"type":"Point","coordinates":[-56.24649999999997,-21.990488999999968]},"properties":{"well_id":"3500073176","municipality":"Bela Vista","aquifer":"","available_fields":"pH | CONDUTIVIDADE_ELETRICA | TEMPERATURA | Solidos dissolvidos totais","available_count":4,"pH":6.0999999,"electrical_conductivity":103.9,"temperature":26.5,"chemical_parameter":"Solidos dissolvidos totais","chemical_concentration":106.0,"source":"SIAGAS_MS_20260814","evidence_code":"E10"}},{"type":"Feature","geometry":{"type":"Point","coordinates":[-51.82555599999995,-20.985277999999937]},"properties":{"well_id":"3500045710","municipality":"Três Lagoas","aquifer":"","available_fields":"pH | CONDUTIVIDADE_ELETRICA | TEMPERATURA | TURBIDEZ","available_count":4,"pH":6.3499999,"electrical_conductivity":15.8,"temperature":26.0,"chemical_parameter":"","chemical_concentration":null,"source":"SIAGAS_MS_20260814","evidence_code":"E10"}},{"type":"Feature","geometry":{"type":"Point","coordinates":[-54.62277799999998,-20.435832999999946]},"properties":{"well_id":"3500072561","municipality":"Campo Grande","aquifer":"","available_fields":"pH | CONDUTIVIDADE_ELETRICA | TEMPERATURA | Solidos dissolvidos totais","available_count":4,"pH":8.30000019,"electrical_conductivity":203.05,"temperature":28.6000004,"chemical_parameter":"Solidos dissolvidos totais","chemical_concentration":118.0,"source":"SIAGAS_MS_20260814","evidence_code":"E10"}},{"type":"Feature","geometry":{"type":"Point","coordinates":[-57.63719999999995,-19.043188999999927]},"properties":{"well_id":"3500072804","municipality":"Corumbá","aquifer":"","available_fields":"pH | CONDUTIVIDADE_ELETRICA | TEMPERATURA | Solidos dissolvidos totais","available_count":4,"pH":7.19999981,"electrical_conductivity":488.28,"temperature":26.7000008,"chemical_parameter":"Solidos dissolvidos totais","chemical_concentration":458.0,"source":"SIAGAS_MS_20260814","evidence_code":"E10"}},{"type":"Feature","geometry":{"type":"Point","coordinates":[-56.501285999999936,-21.127666999999974]},"properties":{"well_id":"3500072484","municipality":"Bonito","aquifer":"","available_fields":"pH | Solidos dissolvidos totais","available_count":2,"pH":7.69999981,"electrical_conductivity":null,"temperature":null,"chemical_parameter":"Solidos dissolvidos totais","chemical_concentration":580.5,"source":"SIAGAS_MS_20260814","evidence_code":"E10"}},{"type":"Feature","geometry":{"type":"Point","coordinates":[-56.76914999999997,-20.44624399999998]},"properties":{"well_id":"3500073357","municipality":"Bodoquena","aquifer":"","available_fields":"pH | CONDUTIVIDADE_ELETRICA | TEMPERATURA | Solidos dissolvidos totais","available_count":4,"pH":7.1500001,"electrical_conductivity":787.3,"temperature":23.0,"chemical_parameter":"Solidos dissolvidos totais","chemical_concentration":438.0,"source":"SIAGAS_MS_20260814","evidence_code":"E10"}},{"type":"Feature","geometry":{"type":"Point","coordinates":[-54.53694399999995,-20.467221999999936]},"properties":{"well_id":"3500073195","municipality":"Campo Grande","aquifer":"","available_fields":"pH | TEMPERATURA | Solidos dissolvidos totais","available_count":3,"pH":4.80000019,"electrical_conductivity":null,"temperature":25.0,"chemical_parameter":"Solidos dissolvidos totais","chemical_concentration":27.0,"source":"SIAGAS_MS_20260814","evidence_code":"E10"}},{"type":"Feature","geometry":{"type":"Point","coordinates":[-55.26599999999996,-20.282555999999943]},"properties":{"well_id":"3500073053","municipality":"Terenos","aquifer":"","available_fields":"pH | CONDUTIVIDADE_ELETRICA | TEMPERATURA | Solidos dissolvidos totais","available_count":4,"pH":6.0,"electrical_conductivity":44.5,"temperature":27.6000004,"chemical_parameter":"Solidos dissolvidos totais","chemical_concentration":43.0,"source":"SIAGAS_MS_20260814","evidence_code":"E10"}},{"type":"Feature","geometry":{"type":"Point","coordinates":[-53.28333299999997,-22.28383299999996]},"properties":{"well_id":"3500073080","municipality":"Batayporã","aquifer":"","available_fields":"pH | Solidos dissolvidos totais","available_count":2,"pH":6.82999992,"electrical_conductivity":null,"temperature":null,"chemical_parameter":"Solidos dissolvidos totais","chemical_concentration":44.5,"source":"SIAGAS_MS_20260814","evidence_code":"E10"}},{"type":"Feature","geometry":{"type":"Point","coordinates":[-57.52074699999997,-19.198313999999982]},"properties":{"well_id":"3500073520","municipality":"Ladário","aquifer":"","available_fields":"pH | CONDUTIVIDADE_ELETRICA | TEMPERATURA | Solidos dissolvidos totais","available_count":4,"pH":5.98000002,"electrical_conductivity":78.9,"temperature":24.0,"chemical_parameter":"Solidos dissolvidos totais","chemical_concentration":113.0,"source":"SIAGAS_MS_20260814","evidence_code":"E10"}},{"type":"Feature","geometry":{"type":"Point","coordinates":[-54.15069699999998,-23.33994699999994]},"properties":{"well_id":"3500073478","municipality":"Itaquiraí","aquifer":"","available_fields":"pH | CONDUTIVIDADE_ELETRICA | Solidos dissolvidos totais","available_count":3,"pH":7.4000001,"electrical_conductivity":82.48,"temperature":null,"chemical_parameter":"Solidos dissolvidos totais","chemical_concentration":32.0,"source":"SIAGAS_MS_20260814","evidence_code":"E10"}},{"type":"Feature","geometry":{"type":"Point","coordinates":[-57.559999999999945,-19.22277799999995]},"properties":{"well_id":"3500072034","municipality":"Corumbá","aquifer":"","available_fields":"pH | CONDUTIVIDADE_ELETRICA","available_count":2,"pH":6.80000019,"electrical_conductivity":99.7,"temperature":null,"chemical_parameter":"","chemical_concentration":null,"source":"SIAGAS_MS_20260814","evidence_code":"E10"}},{"type":"Feature","geometry":{"type":"Point","coordinates":[-54.70669399999997,-21.887943999999948]},"properties":{"well_id":"3500073589","municipality":"Itaporã","aquifer":"Serra geral","available_fields":"pH | CONDUTIVIDADE_ELETRICA | TEMPERATURA | Solidos dissolvidos totais","available_count":4,"pH":8.05000019,"electrical_conductivity":150.2,"temperature":24.0,"chemical_parameter":"Solidos dissolvidos totais","chemical_concentration":97.63,"source":"SIAGAS_MS_20260814","evidence_code":"E10"}},{"type":"Feature","geometry":{"type":"Point","coordinates":[-52.79232499999995,-22.273796999999945]},"properties":{"well_id":"3500073596","municipality":"Anaurilândia","aquifer":"Bauru","available_fields":"pH | CONDUTIVIDADE_ELETRICA | TEMPERATURA | Solidos dissolvidos totais","available_count":4,"pH":6.32999992,"electrical_conductivity":115.0,"temperature":24.5,"chemical_parameter":"Solidos dissolvidos totais","chemical_concentration":96.0,"source":"SIAGAS_MS_20260814","evidence_code":"E10"}},{"type":"Feature","geometry":{"type":"Point","coordinates":[-54.11667799999998,-22.524446999999952]},"properties":{"well_id":"3500073604","municipality":"Glória de Dourados","aquifer":"Bauru","available_fields":"pH | CONDUTIVIDADE_ELETRICA | Solidos dissolvidos totais","available_count":3,"pH":6.80000019,"electrical_conductivity":85.2,"temperature":null,"chemical_parameter":"Solidos dissolvidos totais","chemical_concentration":55.4,"source":"SIAGAS_MS_20260814","evidence_code":"E10"}},{"type":"Feature","geometry":{"type":"Point","coordinates":[-53.89861099999996,-22.38777799999997]},"properties":{"well_id":"3500045702","municipality":"Ivinhema","aquifer":"Guarani","available_fields":"pH | TEMPERATURA | TURBIDEZ","available_count":3,"pH":8.86999989,"electrical_conductivity":null,"temperature":40.0,"chemical_parameter":"","chemical_concentration":null,"source":"SIAGAS_MS_20260814","evidence_code":"E10"}},{"type":"Feature","geometry":{"type":"Point","coordinates":[-54.190155999999945,-23.044321999999966]},"properties":{"well_id":"3500073607","municipality":"Naviraí","aquifer":"Bauru","available_fields":"pH | CONDUTIVIDADE_ELETRICA | TEMPERATURA | Solidos dissolvidos totais","available_count":4,"pH":5.11999989,"electrical_conductivity":10.7,"temperature":23.0,"chemical_parameter":"Solidos dissolvidos totais","chemical_concentration":45.0,"source":"SIAGAS_MS_20260814","evidence_code":"E10"}},{"type":"Feature","geometry":{"type":"Point","coordinates":[-54.52616899999998,-19.306460999999956]},"properties":{"well_id":"3500073613","municipality":"São Gabriel do Oeste","aquifer":"Botucatu","available_fields":"pH | CONDUTIVIDADE_ELETRICA | TEMPERATURA | Solidos dissolvidos totais","available_count":4,"pH":5.69999981,"electrical_conductivity":0.2,"temperature":24.0,"chemical_parameter":"Solidos dissolvidos totais","chemical_concentration":0.5,"source":"SIAGAS_MS_20260814","evidence_code":"E10"}},{"type":"Feature","geometry":{"type":"Point","coordinates":[-52.51524999999998,-18.732391999999948]},"properties":{"well_id":"3500073610","municipality":"Chapadão do Sul","aquifer":"Bauru","available_fields":"pH | CONDUTIVIDADE_ELETRICA | TEMPERATURA | Solidos dissolvidos totais","available_count":4,"pH":6.0,"electrical_conductivity":3.9,"temperature":21.8999996,"chemical_parameter":"Solidos dissolvidos totais","chemical_concentration":43.0,"source":"SIAGAS_MS_20260814","evidence_code":"E10"}},{"type":"Feature","geometry":{"type":"Point","coordinates":[-54.52661699999993,-19.465349999999944]},"properties":{"well_id":"3500073616","municipality":"São Gabriel do Oeste","aquifer":"Botucatu","available_fields":"pH | CONDUTIVIDADE_ELETRICA | TEMPERATURA | Solidos dissolvidos totais","available_count":4,"pH":5.30000019,"electrical_conductivity":16.41,"temperature":24.0,"chemical_parameter":"Solidos dissolvidos totais","chemical_concentration":19.15,"source":"SIAGAS_MS_20260814","evidence_code":"E10"}},{"type":"Feature","geometry":{"type":"Point","coordinates":[-52.86484999999993,-20.44712499999997]},"properties":{"well_id":"3500073624","municipality":"Água Clara","aquifer":"Bauru","available_fields":"pH | CONDUTIVIDADE_ELETRICA | TEMPERATURA | Solidos dissolvidos totais","available_count":4,"pH":7.3499999,"electrical_conductivity":113.8,"temperature":24.0,"chemical_parameter":"Solidos dissolvidos totais","chemical_concentration":168.0,"source":"SIAGAS_MS_20260814","evidence_code":"E10"}},{"type":"Feature","geometry":{"type":"Point","coordinates":[-54.881730999999945,-20.230902999999955]},"properties":{"well_id":"3500073620","municipality":"Campo Grande","aquifer":"Serra geral","available_fields":"pH | CONDUTIVIDADE_ELETRICA | TEMPERATURA | Solidos dissolvidos totais","available_count":4,"pH":6.80000019,"electrical_conductivity":0.2,"temperature":26.0,"chemical_parameter":"Solidos dissolvidos totais","chemical_concentration":0.5,"source":"SIAGAS_MS_20260814","evidence_code":"E10"}},{"type":"Feature","geometry":{"type":"Point","coordinates":[-54.58403299999998,-20.478074999999933]},"properties":{"well_id":"3500073626","municipality":"Campo Grande","aquifer":"Serra geral","available_fields":"pH | CONDUTIVIDADE_ELETRICA | TEMPERATURA | Solidos dissolvidos totais","available_count":4,"pH":5.84000015,"electrical_conductivity":119.2,"temperature":26.7000008,"chemical_parameter":"Solidos dissolvidos totais","chemical_concentration":158.0,"source":"SIAGAS_MS_20260814","evidence_code":"E10"}},{"type":"Feature","geometry":{"type":"Point","coordinates":[-54.52604999999994,-20.46878899999996]},"properties":{"well_id":"3500073668","municipality":"Campo Grande","aquifer":"Bauru","available_fields":"pH | CONDUTIVIDADE_ELETRICA | TEMPERATURA | Solidos dissolvidos totais","available_count":4,"pH":6.0,"electrical_conductivity":127.9,"temperature":22.0,"chemical_parameter":"Solidos dissolvidos totais","chemical_concentration":49.0,"source":"SIAGAS_MS_20260814","evidence_code":"E10"}},{"type":"Feature","geometry":{"type":"Point","coordinates":[-51.986921999999936,-21.214774999999975]},"properties":{"well_id":"3500073681","municipality":"Brasilândia","aquifer":"Bauru","available_fields":"pH | CONDUTIVIDADE_ELETRICA | TEMPERATURA | Solidos dissolvidos totais","available_count":4,"pH":7.5,"electrical_conductivity":21.1,"temperature":27.0,"chemical_parameter":"Solidos dissolvidos totais","chemical_concentration":9.0,"source":"SIAGAS_MS_20260814","evidence_code":"E10"}},{"type":"Feature","geometry":{"type":"Point","coordinates":[-52.859527999999955,-20.43688899999995]},"properties":{"well_id":"3500073689","municipality":"Água Clara","aquifer":"Bauru","available_fields":"pH | CONDUTIVIDADE_ELETRICA | TEMPERATURA | Solidos dissolvidos totais","available_count":4,"pH":5.57000017,"electrical_conductivity":58.7,"temperature":20.0,"chemical_parameter":"Solidos dissolvidos totais","chemical_concentration":85.0,"source":"SIAGAS_MS_20260814","evidence_code":"E10"}},{"type":"Feature","geometry":{"type":"Point","coordinates":[-54.886780999999985,-20.903682999999944]},"properties":{"well_id":"3500073709","municipality":"Sidrolândia","aquifer":"Serra geral","available_fields":"pH | CONDUTIVIDADE_ELETRICA | TEMPERATURA | Solidos dissolvidos totais","available_count":4,"pH":6.5999999,"electrical_conductivity":90.0,"temperature":23.0,"chemical_parameter":"Solidos dissolvidos totais","chemical_concentration":40.0,"source":"SIAGAS_MS_20260814","evidence_code":"E10"}},{"type":"Feature","geometry":{"type":"Point","coordinates":[-54.224113999999986,-23.96583099999998]},"properties":{"well_id":"3500073715","municipality":"Mundo Novo","aquifer":"Bauru","available_fields":"pH | CONDUTIVIDADE_ELETRICA | TEMPERATURA | Solidos dissolvidos totais","available_count":4,"pH":5.61999989,"electrical_conductivity":63.46,"temperature":23.0,"chemical_parameter":"Solidos dissolvidos totais","chemical_concentration":41.25,"source":"SIAGAS_MS_20260814","evidence_code":"E10"}},{"type":"Feature","geometry":{"type":"Point","coordinates":[-54.21083299999998,-22.37749999999994]},"properties":{"well_id":"3500073727","municipality":"Glória de Dourados","aquifer":"Bauru","available_fields":"pH | CONDUTIVIDADE_ELETRICA | TEMPERATURA | Solidos dissolvidos totais","available_count":4,"pH":4.92000008,"electrical_conductivity":70.7,"temperature":24.0,"chemical_parameter":"Solidos dissolvidos totais","chemical_concentration":45.9,"source":"SIAGAS_MS_20260814","evidence_code":"E10"}},{"type":"Feature","geometry":{"type":"Point","coordinates":[-53.76627799999994,-22.306610999999975]},"properties":{"well_id":"3500073726","municipality":"Ivinhema","aquifer":"Bauru","available_fields":"pH | CONDUTIVIDADE_ELETRICA | TEMPERATURA | Solidos dissolvidos totais","available_count":4,"pH":6.01000023,"electrical_conductivity":28.65,"temperature":23.0,"chemical_parameter":"Solidos dissolvidos totais","chemical_concentration":18.62,"source":"SIAGAS_MS_20260814","evidence_code":"E10"}},{"type":"Feature","geometry":{"type":"Point","coordinates":[-55.061057999999946,-20.429930999999954]},"properties":{"well_id":"3500073744","municipality":"Terenos","aquifer":"Botucatu","available_fields":"pH | TEMPERATURA | Solidos dissolvidos totais","available_count":3,"pH":6.5,"electrical_conductivity":null,"temperature":25.0,"chemical_parameter":"Solidos dissolvidos totais","chemical_concentration":37.0,"source":"SIAGAS_MS_20260814","evidence_code":"E10"}},{"type":"Feature","geometry":{"type":"Point","coordinates":[-54.973513999999966,-20.982207999999957]},"properties":{"well_id":"3500073742","municipality":"Sidrolândia","aquifer":"Serra geral","available_fields":"pH | TEMPERATURA | Solidos dissolvidos totais","available_count":3,"pH":6.5,"electrical_conductivity":null,"temperature":21.3999996,"chemical_parameter":"Solidos dissolvidos totais","chemical_concentration":119.0,"source":"SIAGAS_MS_20260814","evidence_code":"E10"}},{"type":"Feature","geometry":{"type":"Point","coordinates":[-54.66817499999996,-18.364277999999956]},"properties":{"well_id":"3500073740","municipality":"Coxim","aquifer":"Furnas","available_fields":"CONDUTIVIDADE_ELETRICA | TEMPERATURA | Solidos dissolvidos totais","available_count":3,"pH":null,"electrical_conductivity":20.3,"temperature":26.0,"chemical_parameter":"Solidos dissolvidos totais","chemical_concentration":80.0,"source":"SIAGAS_MS_20260814","evidence_code":"E10"}},{"type":"Feature","geometry":{"type":"Point","coordinates":[-54.85051099999998,-22.209957999999972]},"properties":{"well_id":"3500073758","municipality":"Dourados","aquifer":"Serra geral","available_fields":"pH | CONDUTIVIDADE_ELETRICA | TEMPERATURA | Solidos dissolvidos totais","available_count":4,"pH":6.80000019,"electrical_conductivity":55.5,"temperature":26.2999992,"chemical_parameter":"Solidos dissolvidos totais","chemical_concentration":43.0,"source":"SIAGAS_MS_20260814","evidence_code":"E10"}},{"type":"Feature","geometry":{"type":"Point","coordinates":[-54.536388999999986,-22.529721999999936]},"properties":{"well_id":"3500073756","municipality":"Caarapó","aquifer":"Bauru","available_fields":"pH | CONDUTIVIDADE_ELETRICA | TEMPERATURA | Solidos dissolvidos totais","available_count":4,"pH":4.82999992,"electrical_conductivity":18.92,"temperature":15.0,"chemical_parameter":"Solidos dissolvidos totais","chemical_concentration":12.3,"source":"SIAGAS_MS_20260814","evidence_code":"E10"}},{"type":"Feature","geometry":{"type":"Point","coordinates":[-54.42826699999995,-22.508655999999974]},"properties":{"well_id":"3500073761","municipality":"Vicentina","aquifer":"Serra geral","available_fields":"pH | CONDUTIVIDADE_ELETRICA | TEMPERATURA | Solidos dissolvidos totais","available_count":4,"pH":7.82999992,"electrical_conductivity":149.6,"temperature":24.0,"chemical_parameter":"Solidos dissolvidos totais","chemical_concentration":97.24,"source":"SIAGAS_MS_20260814","evidence_code":"E10"}},{"type":"Feature","geometry":{"type":"Point","coordinates":[-54.84011099999998,-20.67849999999993]},"properties":{"well_id":"3500073767","municipality":"Terenos","aquifer":"Serra geral","available_fields":"pH | CONDUTIVIDADE_ELETRICA | TEMPERATURA | Solidos dissolvidos totais","available_count":4,"pH":6.44000006,"electrical_conductivity":48.0,"temperature":23.5,"chemical_parameter":"Solidos dissolvidos totais","chemical_concentration":43.0,"source":"SIAGAS_MS_20260814","evidence_code":"E10"}},{"type":"Feature","geometry":{"type":"Point","coordinates":[-54.34133299999996,-22.430380999999954]},"properties":{"well_id":"3500073765","municipality":"Glória de Dourados","aquifer":"Serra geral","available_fields":"pH | CONDUTIVIDADE_ELETRICA | TEMPERATURA","available_count":3,"pH":5.61999989,"electrical_conductivity":27.28,"temperature":24.0,"chemical_parameter":"","chemical_concentration":null,"source":"SIAGAS_MS_20260814","evidence_code":"E10"}},{"type":"Feature","geometry":{"type":"Point","coordinates":[-55.33680599999997,-21.652305999999953]},"properties":{"well_id":"3500073789","municipality":"Maracaju","aquifer":"Serra geral","available_fields":"pH | CONDUTIVIDADE_ELETRICA | TEMPERATURA | Solidos dissolvidos totais","available_count":4,"pH":6.80000019,"electrical_conductivity":78.53,"temperature":23.0,"chemical_parameter":"Solidos dissolvidos totais","chemical_concentration":51.04,"source":"SIAGAS_MS_20260814","evidence_code":"E10"}},{"type":"Feature","geometry":{"type":"Point","coordinates":[-54.78802799999994,-22.072238999999968]},"properties":{"well_id":"3500073773","municipality":"Itaporã","aquifer":"Botucatu","available_fields":"pH | CONDUTIVIDADE_ELETRICA | TEMPERATURA | Solidos dissolvidos totais","available_count":4,"pH":6.0999999,"electrical_conductivity":304.6,"temperature":24.0,"chemical_parameter":"Solidos dissolvidos totais","chemical_concentration":198.0,"source":"SIAGAS_MS_20260814","evidence_code":"E10"}},{"type":"Feature","geometry":{"type":"Point","coordinates":[-54.302138999999954,-23.904560999999944]},"properties":{"well_id":"3500073842","municipality":"Mundo Novo","aquifer":"Bauru","available_fields":"pH | CONDUTIVIDADE_ELETRICA | Solidos dissolvidos totais","available_count":3,"pH":6.0,"electrical_conductivity":24.0,"temperature":null,"chemical_parameter":"Solidos dissolvidos totais","chemical_concentration":46.0,"source":"SIAGAS_MS_20260814","evidence_code":"E10"}},{"type":"Feature","geometry":{"type":"Point","coordinates":[-54.475832999999966,-19.538332999999966]},"properties":{"well_id":"3500073861","municipality":"São Gabriel do Oeste","aquifer":"Botucatu","available_fields":"pH | CONDUTIVIDADE_ELETRICA | Solidos dissolvidos totais","available_count":3,"pH":5.80000019,"electrical_conductivity":7.62,"temperature":null,"chemical_parameter":"Solidos dissolvidos totais","chemical_concentration":0.12,"source":"SIAGAS_MS_20260814","evidence_code":"E10"}},{"type":"Feature","geometry":{"type":"Point","coordinates":[-54.535643999999934,-19.440713999999957]},"properties":{"well_id":"3500073860","municipality":"São Gabriel do Oeste","aquifer":"Botucatu","available_fields":"pH | CONDUTIVIDADE_ELETRICA | TEMPERATURA | Solidos dissolvidos totais","available_count":4,"pH":5.86999989,"electrical_conductivity":31.0,"temperature":24.1000004,"chemical_parameter":"Solidos dissolvidos totais","chemical_concentration":15.0,"source":"SIAGAS_MS_20260814","evidence_code":"E10"}},{"type":"Feature","geometry":{"type":"Point","coordinates":[-54.802693999999974,-21.930443999999966]},"properties":{"well_id":"3500073867","municipality":"Itaporã","aquifer":"Serra geral","available_fields":"pH | CONDUTIVIDADE_ELETRICA | TEMPERATURA | Solidos dissolvidos totais","available_count":4,"pH":6.0,"electrical_conductivity":71.1,"temperature":25.0,"chemical_parameter":"Solidos dissolvidos totais","chemical_concentration":46.2,"source":"SIAGAS_MS_20260814","evidence_code":"E10"}},{"type":"Feature","geometry":{"type":"Point","coordinates":[-53.93749999999994,-22.29249999999996]},"properties":{"well_id":"3500073874","municipality":"Ivinhema","aquifer":"Bauru","available_fields":"pH | CONDUTIVIDADE_ELETRICA | TEMPERATURA | Solidos dissolvidos totais","available_count":4,"pH":5.55000019,"electrical_conductivity":14.6,"temperature":24.0,"chemical_parameter":"Solidos dissolvidos totais","chemical_concentration":11.0,"source":"SIAGAS_MS_20260814","evidence_code":"E10"}},{"type":"Feature","geometry":{"type":"Point","coordinates":[-54.48036099999996,-22.416457999999977]},"properties":{"well_id":"3500073878","municipality":"Vicentina","aquifer":"Serra geral","available_fields":"pH | CONDUTIVIDADE_ELETRICA | TEMPERATURA | Solidos dissolvidos totais","available_count":4,"pH":5.75,"electrical_conductivity":60.9,"temperature":22.0,"chemical_parameter":"Solidos dissolvidos totais","chemical_concentration":13.0,"source":"SIAGAS_MS_20260814","evidence_code":"E10"}},{"type":"Feature","geometry":{"type":"Point","coordinates":[-54.290332999999976,-22.451082999999983]},"properties":{"well_id":"3500073882","municipality":"Glória de Dourados","aquifer":"Serra geral","available_fields":"pH | CONDUTIVIDADE_ELETRICA | TEMPERATURA | Solidos dissolvidos totais","available_count":4,"pH":4.03999996,"electrical_conductivity":64.63,"temperature":26.0,"chemical_parameter":"Solidos dissolvidos totais","chemical_concentration":42.0,"source":"SIAGAS_MS_20260814","evidence_code":"E10"}},{"type":"Feature","geometry":{"type":"Point","coordinates":[-54.41728599999993,-22.43783099999996]},"properties":{"well_id":"3500073880","municipality":"Vicentina","aquifer":"Serra geral","available_fields":"pH | CONDUTIVIDADE_ELETRICA | TEMPERATURA | Solidos dissolvidos totais","available_count":4,"pH":4.38999987,"electrical_conductivity":115.2,"temperature":19.0,"chemical_parameter":"Solidos dissolvidos totais","chemical_concentration":74.88,"source":"SIAGAS_MS_20260814","evidence_code":"E10"}},{"type":"Feature","geometry":{"type":"Point","coordinates":[-54.31711699999994,-22.47355299999998]},"properties":{"well_id":"3500073885","municipality":"Jateí","aquifer":"Bauru","available_fields":"pH | CONDUTIVIDADE_ELETRICA | TEMPERATURA | Solidos dissolvidos totais","available_count":4,"pH":4.4000001,"electrical_conductivity":16.0,"temperature":24.0,"chemical_parameter":"Solidos dissolvidos totais","chemical_concentration":10.4,"source":"SIAGAS_MS_20260814","evidence_code":"E10"}},{"type":"Feature","geometry":{"type":"Point","coordinates":[-52.25599999999997,-21.681982999999946]},"properties":{"well_id":"3500073899","municipality":"Bataguassu","aquifer":"Bauru","available_fields":"pH | CONDUTIVIDADE_ELETRICA | TEMPERATURA | Solidos dissolvidos totais","available_count":4,"pH":6.80000019,"electrical_conductivity":21.1,"temperature":25.0,"chemical_parameter":"Solidos dissolvidos totais","chemical_concentration":10.0,"source":"SIAGAS_MS_20260814","evidence_code":"E10"}},{"type":"Feature","geometry":{"type":"Point","coordinates":[-54.92851399999995,-21.089560999999946]},"properties":{"well_id":"3500073895","municipality":"Sidrolândia","aquifer":"Serra geral","available_fields":"pH | CONDUTIVIDADE_ELETRICA | TEMPERATURA | Solidos dissolvidos totais","available_count":4,"pH":6.0999999,"electrical_conductivity":0.2,"temperature":19.0,"chemical_parameter":"Solidos dissolvidos totais","chemical_concentration":0.5,"source":"SIAGAS_MS_20260814","evidence_code":"E10"}},{"type":"Feature","geometry":{"type":"Point","coordinates":[-54.75633899999997,-22.225971999999956]},"properties":{"well_id":"3500073924","municipality":"Dourados","aquifer":"Serra geral","available_fields":"pH | CONDUTIVIDADE_ELETRICA | TEMPERATURA | Solidos dissolvidos totais","available_count":4,"pH":7.57999992,"electrical_conductivity":298.3,"temperature":24.2000008,"chemical_parameter":"Solidos dissolvidos totais","chemical_concentration":194.0,"source":"SIAGAS_MS_20260814","evidence_code":"E10"}},{"type":"Feature","geometry":{"type":"Point","coordinates":[-54.55086099999994,-20.46142199999997]},"properties":{"well_id":"3500073943","municipality":"Campo Grande","aquifer":"Bauru","available_fields":"pH | CONDUTIVIDADE_ELETRICA | TEMPERATURA | Solidos dissolvidos totais","available_count":4,"pH":7.0999999,"electrical_conductivity":0.09000000000000001,"temperature":26.7000008,"chemical_parameter":"Solidos dissolvidos totais","chemical_concentration":10.0,"source":"SIAGAS_MS_20260814","evidence_code":"E10"}},{"type":"Feature","geometry":{"type":"Point","coordinates":[-53.34304399999996,-22.265049999999974]},"properties":{"well_id":"3500073005","municipality":"Nova Andradina","aquifer":"Bauru","available_fields":"pH | CONDUTIVIDADE_ELETRICA | Solidos dissolvidos totais","available_count":3,"pH":5.51000023,"electrical_conductivity":15.62,"temperature":null,"chemical_parameter":"Solidos dissolvidos totais","chemical_concentration":80.0,"source":"SIAGAS_MS_20260814","evidence_code":"E10"}},{"type":"Feature","geometry":{"type":"Point","coordinates":[-54.74197499999997,-21.866780999999946]},"properties":{"well_id":"3500073003","municipality":"Rio Brilhante","aquifer":"Serra geral","available_fields":"pH | CONDUTIVIDADE_ELETRICA | TEMPERATURA | Solidos dissolvidos totais","available_count":4,"pH":8.09000015,"electrical_conductivity":143.1,"temperature":24.0,"chemical_parameter":"Solidos dissolvidos totais","chemical_concentration":93.02,"source":"SIAGAS_MS_20260814","evidence_code":"E10"}},{"type":"Feature","geometry":{"type":"Point","coordinates":[-52.15705799999995,-21.44769199999996]},"properties":{"well_id":"3500072989","municipality":"Brasilândia","aquifer":"Bauru","available_fields":"pH | CONDUTIVIDADE_ELETRICA | TEMPERATURA | Solidos dissolvidos totais","available_count":4,"pH":7.5,"electrical_conductivity":25.1,"temperature":23.2999992,"chemical_parameter":"Solidos dissolvidos totais","chemical_concentration":13.0,"source":"SIAGAS_MS_20260814","evidence_code":"E10"}},{"type":"Feature","geometry":{"type":"Point","coordinates":[-52.12971699999997,-21.44745299999994]},"properties":{"well_id":"3500072987","municipality":"Brasilândia","aquifer":"Bauru","available_fields":"pH | CONDUTIVIDADE_ELETRICA | TEMPERATURA | Solidos dissolvidos totais","available_count":4,"pH":7.30000019,"electrical_conductivity":21.0,"temperature":27.0,"chemical_parameter":"Solidos dissolvidos totais","chemical_concentration":9.0,"source":"SIAGAS_MS_20260814","evidence_code":"E10"}},{"type":"Feature","geometry":{"type":"Point","coordinates":[-54.57507199999998,-19.399355999999955]},"properties":{"well_id":"3500072957","municipality":"São Gabriel do Oeste","aquifer":"Botucatu","available_fields":"pH | CONDUTIVIDADE_ELETRICA | TEMPERATURA | Solidos dissolvidos totais","available_count":4,"pH":6.5,"electrical_conductivity":32.05,"temperature":27.0,"chemical_parameter":"Solidos dissolvidos totais","chemical_concentration":17.0,"source":"SIAGAS_MS_20260814","evidence_code":"E10"}},{"type":"Feature","geometry":{"type":"Point","coordinates":[-54.58333299999998,-19.268055999999945]},"properties":{"well_id":"3500072955","municipality":"São Gabriel do Oeste","aquifer":"Botucatu","available_fields":"pH | CONDUTIVIDADE_ELETRICA | TEMPERATURA","available_count":3,"pH":6.19999981,"electrical_conductivity":51.6,"temperature":27.2999992,"chemical_parameter":"","chemical_concentration":null,"source":"SIAGAS_MS_20260814","evidence_code":"E10"}},{"type":"Feature","geometry":{"type":"Point","coordinates":[-54.594199999999944,-20.46430799999996]},"properties":{"well_id":"3500072898","municipality":"Campo Grande","aquifer":"Serra geral","available_fields":"pH | TEMPERATURA | Solidos dissolvidos totais","available_count":3,"pH":6.36000013,"electrical_conductivity":null,"temperature":25.0,"chemical_parameter":"Solidos dissolvidos totais","chemical_concentration":219.0,"source":"SIAGAS_MS_20260814","evidence_code":"E10"}},{"type":"Feature","geometry":{"type":"Point","coordinates":[-55.09019399999994,-19.41736099999997]},"properties":{"well_id":"3500072845","municipality":"Rio Negro","aquifer":"Furnas","available_fields":"pH | TEMPERATURA | Solidos dissolvidos totais","available_count":3,"pH":5.5,"electrical_conductivity":null,"temperature":26.3999996,"chemical_parameter":"Solidos dissolvidos totais","chemical_concentration":33.0,"source":"SIAGAS_MS_20260814","evidence_code":"E10"}},{"type":"Feature","geometry":{"type":"Point","coordinates":[-53.619824999999935,-19.414049999999975]},"properties":{"well_id":"3500072842","municipality":"Camapuã","aquifer":"Bauru","available_fields":"pH | CONDUTIVIDADE_ELETRICA | TEMPERATURA | Solidos dissolvidos totais","available_count":4,"pH":6.07999992,"electrical_conductivity":38.3,"temperature":25.0,"chemical_parameter":"Solidos dissolvidos totais","chemical_concentration":43.0,"source":"SIAGAS_MS_20260814","evidence_code":"E10"}},{"type":"Feature","geometry":{"type":"Point","coordinates":[-54.667452999999966,-20.498160999999982]},"properties":{"well_id":"3500072806","municipality":"Campo Grande","aquifer":"Serra geral","available_fields":"pH | CONDUTIVIDADE_ELETRICA | TEMPERATURA | Solidos dissolvidos totais","available_count":4,"pH":8.0,"electrical_conductivity":67.0,"temperature":27.0,"chemical_parameter":"Solidos dissolvidos totais","chemical_concentration":70.0,"source":"SIAGAS_MS_20260814","evidence_code":"E10"}},{"type":"Feature","geometry":{"type":"Point","coordinates":[-53.90835599999997,-22.62555599999996]},"properties":{"well_id":"3500072779","municipality":"Novo Horizonte do Sul","aquifer":"Bauru","available_fields":"pH | CONDUTIVIDADE_ELETRICA | TEMPERATURA | Solidos dissolvidos totais","available_count":4,"pH":6.76000023,"electrical_conductivity":36.23,"temperature":24.0,"chemical_parameter":"Solidos dissolvidos totais","chemical_concentration":23.54,"source":"SIAGAS_MS_20260814","evidence_code":"E10"}},{"type":"Feature","geometry":{"type":"Point","coordinates":[-51.07972499999994,-20.188571999999965]},"properties":{"well_id":"3500072763","municipality":"Aparecida do Taboado","aquifer":"Bauru","available_fields":"pH | CONDUTIVIDADE_ELETRICA | Solidos dissolvidos totais","available_count":3,"pH":7.28999996,"electrical_conductivity":232.0,"temperature":null,"chemical_parameter":"Solidos dissolvidos totais","chemical_concentration":103.0,"source":"SIAGAS_MS_20260814","evidence_code":"E10"}},{"type":"Feature","geometry":{"type":"Point","coordinates":[-52.66555599999998,-20.734999999999957]},"properties":{"well_id":"3500072729","municipality":"Brasilândia","aquifer":"Bauru","available_fields":"pH | TEMPERATURA | Solidos dissolvidos totais","available_count":3,"pH":7.30000019,"electrical_conductivity":null,"temperature":24.7999992,"chemical_parameter":"Solidos dissolvidos totais","chemical_concentration":16.5,"source":"SIAGAS_MS_20260814","evidence_code":"E10"}},{"type":"Feature","geometry":{"type":"Point","coordinates":[-53.22951899999998,-18.277138999999977]},"properties":{"well_id":"3500072719","municipality":"Costa Rica","aquifer":"Serra geral","available_fields":"pH | CONDUTIVIDADE_ELETRICA | TEMPERATURA","available_count":3,"pH":6.03999996,"electrical_conductivity":8.1,"temperature":24.0,"chemical_parameter":"","chemical_concentration":null,"source":"SIAGAS_MS_20260814","evidence_code":"E10"}},{"type":"Feature","geometry":{"type":"Point","coordinates":[-53.89508299999994,-19.020721999999978]},"properties":{"well_id":"3500072697","municipality":"Camapuã","aquifer":"Botucatu","available_fields":"pH | CONDUTIVIDADE_ELETRICA | Solidos dissolvidos totais","available_count":3,"pH":6.6500001,"electrical_conductivity":134.2,"temperature":null,"chemical_parameter":"Solidos dissolvidos totais","chemical_concentration":214.0,"source":"SIAGAS_MS_20260814","evidence_code":"E10"}},{"type":"Feature","geometry":{"type":"Point","coordinates":[-54.954902999999945,-21.018291999999974]},"properties":{"well_id":"3500072687","municipality":"Sidrolândia","aquifer":"Serra geral","available_fields":"pH | Solidos dissolvidos totais","available_count":2,"pH":6.19999981,"electrical_conductivity":null,"temperature":null,"chemical_parameter":"Solidos dissolvidos totais","chemical_concentration":175.0,"source":"SIAGAS_MS_20260814","evidence_code":"E10"}},{"type":"Feature","geometry":{"type":"Point","coordinates":[-52.14444699999996,-21.48278899999997]},"properties":{"well_id":"3500072661","municipality":"Brasilândia","aquifer":"Bauru","available_fields":"pH | CONDUTIVIDADE_ELETRICA | TEMPERATURA | Solidos dissolvidos totais","available_count":4,"pH":9.13000011,"electrical_conductivity":28.33,"temperature":24.0,"chemical_parameter":"Solidos dissolvidos totais","chemical_concentration":18.41,"source":"SIAGAS_MS_20260814","evidence_code":"E10"}},{"type":"Feature","geometry":{"type":"Point","coordinates":[-53.36085299999996,-22.300674999999956]},"properties":{"well_id":"3500072657","municipality":"Nova Andradina","aquifer":"Bauru","available_fields":"pH | CONDUTIVIDADE_ELETRICA | Solidos dissolvidos totais","available_count":3,"pH":5.48999977,"electrical_conductivity":15.55,"temperature":null,"chemical_parameter":"Solidos dissolvidos totais","chemical_concentration":10.1,"source":"SIAGAS_MS_20260814","evidence_code":"E10"}},{"type":"Feature","geometry":{"type":"Point","coordinates":[-54.553732999999966,-20.39291099999997]},"properties":{"well_id":"3500072652","municipality":"Campo Grande","aquifer":"Serra geral","available_fields":"pH | CONDUTIVIDADE_ELETRICA | TEMPERATURA | Solidos dissolvidos totais","available_count":4,"pH":6.0999999,"electrical_conductivity":50.0,"temperature":26.0,"chemical_parameter":"Solidos dissolvidos totais","chemical_concentration":22.0,"source":"SIAGAS_MS_20260814","evidence_code":"E10"}},{"type":"Feature","geometry":{"type":"Point","coordinates":[-54.368082999999956,-22.995416999999975]},"properties":{"well_id":"3500072645","municipality":"Naviraí","aquifer":"Bauru","available_fields":"pH | CONDUTIVIDADE_ELETRICA | TEMPERATURA | Solidos dissolvidos totais","available_count":4,"pH":5.4000001,"electrical_conductivity":13.86,"temperature":21.0,"chemical_parameter":"Solidos dissolvidos totais","chemical_concentration":58.0,"source":"SIAGAS_MS_20260814","evidence_code":"E10"}},{"type":"Feature","geometry":{"type":"Point","coordinates":[-51.73420799999997,-20.800513999999964]},"properties":{"well_id":"3500072622","municipality":"Três Lagoas","aquifer":"Bauru","available_fields":"pH | Solidos dissolvidos totais","available_count":2,"pH":5.4000001,"electrical_conductivity":null,"temperature":null,"chemical_parameter":"Solidos dissolvidos totais","chemical_concentration":30.8,"source":"SIAGAS_MS_20260814","evidence_code":"E10"}},{"type":"Feature","geometry":{"type":"Point","coordinates":[-54.594205999999986,-20.446852999999976]},"properties":{"well_id":"3500072620","municipality":"Campo Grande","aquifer":"Serra geral","available_fields":"pH | TEMPERATURA | Solidos dissolvidos totais","available_count":3,"pH":6.0999999,"electrical_conductivity":null,"temperature":23.7999992,"chemical_parameter":"Solidos dissolvidos totais","chemical_concentration":152.0,"source":"SIAGAS_MS_20260814","evidence_code":"E10"}},{"type":"Feature","geometry":{"type":"Point","coordinates":[-54.61713099999997,-20.506418999999937]},"properties":{"well_id":"3500072608","municipality":"Campo Grande","aquifer":"Serra geral","available_fields":"pH | CONDUTIVIDADE_ELETRICA | TEMPERATURA | Solidos dissolvidos totais","available_count":4,"pH":7.1500001,"electrical_conductivity":94.14,"temperature":26.0,"chemical_parameter":"Solidos dissolvidos totais","chemical_concentration":94.0,"source":"SIAGAS_MS_20260814","evidence_code":"E10"}},{"type":"Feature","geometry":{"type":"Point","coordinates":[-54.37052799999998,-23.000332999999955]},"properties":{"well_id":"3500072547","municipality":"Naviraí","aquifer":"Bauru","available_fields":"pH | CONDUTIVIDADE_ELETRICA | TEMPERATURA | Solidos dissolvidos totais","available_count":4,"pH":6.42000008,"electrical_conductivity":13.19,"temperature":21.0,"chemical_parameter":"Solidos dissolvidos totais","chemical_concentration":42.0,"source":"SIAGAS_MS_20260814","evidence_code":"E10"}},{"type":"Feature","geometry":{"type":"Point","coordinates":[-54.73597199999995,-20.50216699999993]},"properties":{"well_id":"3500072536","municipality":"Campo Grande","aquifer":"Serra geral","available_fields":"pH | CONDUTIVIDADE_ELETRICA | TEMPERATURA | Solidos dissolvidos totais","available_count":4,"pH":6.82000017,"electrical_conductivity":25.1,"temperature":23.0,"chemical_parameter":"Solidos dissolvidos totais","chemical_concentration":30.0,"source":"SIAGAS_MS_20260814","evidence_code":"E10"}},{"type":"Feature","geometry":{"type":"Point","coordinates":[-54.48586099999994,-19.55597199999994]},"properties":{"well_id":"3500072524","municipality":"São Gabriel do Oeste","aquifer":"Serra geral","available_fields":"pH | CONDUTIVIDADE_ELETRICA | TEMPERATURA | Solidos dissolvidos totais","available_count":4,"pH":6.0,"electrical_conductivity":130.0,"temperature":25.0,"chemical_parameter":"Solidos dissolvidos totais","chemical_concentration":62.0,"source":"SIAGAS_MS_20260814","evidence_code":"E10"}},{"type":"Feature","geometry":{"type":"Point","coordinates":[-51.17941899999994,-19.698902999999973]},"properties":{"well_id":"3500072517","municipality":"Paranaíba","aquifer":"Serra geral","available_fields":"pH | Solidos dissolvidos totais","available_count":2,"pH":7.48999977,"electrical_conductivity":null,"temperature":null,"chemical_parameter":"Solidos dissolvidos totais","chemical_concentration":95.0,"source":"SIAGAS_MS_20260814","evidence_code":"E10"}},{"type":"Feature","geometry":{"type":"Point","coordinates":[-54.95037499999995,-20.93800299999998]},"properties":{"well_id":"3500072502","municipality":"Sidrolândia","aquifer":"Botucatu","available_fields":"pH | Solidos dissolvidos totais","available_count":2,"pH":7.0999999,"electrical_conductivity":null,"temperature":null,"chemical_parameter":"Solidos dissolvidos totais","chemical_concentration":95.8,"source":"SIAGAS_MS_20260814","evidence_code":"E10"}},{"type":"Feature","geometry":{"type":"Point","coordinates":[-51.02788899999996,-19.521949999999947]},"properties":{"well_id":"3500072429","municipality":"Paranaíba","aquifer":"Bauru","available_fields":"pH | CONDUTIVIDADE_ELETRICA | TEMPERATURA | Solidos dissolvidos totais","available_count":4,"pH":6.82000017,"electrical_conductivity":75.1,"temperature":29.7999992,"chemical_parameter":"Solidos dissolvidos totais","chemical_concentration":43.0,"source":"SIAGAS_MS_20260814","evidence_code":"E10"}},{"type":"Feature","geometry":{"type":"Point","coordinates":[-55.89752199999998,-21.433524999999975]},"properties":{"well_id":"3500072377","municipality":"Nioaque","aquifer":"Serra geral","available_fields":"pH | TEMPERATURA | Solidos dissolvidos totais","available_count":3,"pH":6.46999979,"electrical_conductivity":null,"temperature":26.0,"chemical_parameter":"Solidos dissolvidos totais","chemical_concentration":203.0,"source":"SIAGAS_MS_20260814","evidence_code":"E10"}},{"type":"Feature","geometry":{"type":"Point","coordinates":[-54.603988999999956,-20.504799999999932]},"properties":{"well_id":"3500072327","municipality":"Campo Grande","aquifer":"Botucatu","available_fields":"pH | Solidos dissolvidos totais","available_count":2,"pH":6.88000011,"electrical_conductivity":null,"temperature":null,"chemical_parameter":"Solidos dissolvidos totais","chemical_concentration":258.0,"source":"SIAGAS_MS_20260814","evidence_code":"E10"}},{"type":"Feature","geometry":{"type":"Point","coordinates":[-54.58064399999995,-20.548441999999966]},"properties":{"well_id":"3500072325","municipality":"Campo Grande","aquifer":"Serra geral","available_fields":"pH | TEMPERATURA | Solidos dissolvidos totais","available_count":3,"pH":5.0,"electrical_conductivity":null,"temperature":32.0,"chemical_parameter":"Solidos dissolvidos totais","chemical_concentration":95.0,"source":"SIAGAS_MS_20260814","evidence_code":"E10"}},{"type":"Feature","geometry":{"type":"Point","coordinates":[-52.84305599999993,-20.435932999999977]},"properties":{"well_id":"3500072303","municipality":"Água Clara","aquifer":"Bauru","available_fields":"pH | CONDUTIVIDADE_ELETRICA | TEMPERATURA | Solidos dissolvidos totais","available_count":4,"pH":6.4000001,"electrical_conductivity":41.4,"temperature":28.0,"chemical_parameter":"Solidos dissolvidos totais","chemical_concentration":73.0,"source":"SIAGAS_MS_20260814","evidence_code":"E10"}},{"type":"Feature","geometry":{"type":"Point","coordinates":[-54.36072799999994,-22.436782999999934]},"properties":{"well_id":"3500072272","municipality":"Vicentina","aquifer":"Serra geral","available_fields":"pH | CONDUTIVIDADE_ELETRICA | Solidos dissolvidos totais","available_count":3,"pH":6.23999977,"electrical_conductivity":184.0,"temperature":null,"chemical_parameter":"Solidos dissolvidos totais","chemical_concentration":119.6,"source":"SIAGAS_MS_20260814","evidence_code":"E10"}},{"type":"Feature","geometry":{"type":"Point","coordinates":[-51.87722199999996,-20.797777999999937]},"properties":{"well_id":"3500072266","municipality":"Três Lagoas","aquifer":"Bauru","available_fields":"pH | Solidos dissolvidos totais","available_count":2,"pH":6.5,"electrical_conductivity":null,"temperature":null,"chemical_parameter":"Solidos dissolvidos totais","chemical_concentration":39.0,"source":"SIAGAS_MS_20260814","evidence_code":"E10"}},{"type":"Feature","geometry":{"type":"Point","coordinates":[-55.96111099999996,-22.184443999999928]},"properties":{"well_id":"3500072207","municipality":"Antônio João","aquifer":"Serra geral","available_fields":"pH | Solidos dissolvidos totais","available_count":2,"pH":7.30000019,"electrical_conductivity":null,"temperature":null,"chemical_parameter":"Solidos dissolvidos totais","chemical_concentration":93.1,"source":"SIAGAS_MS_20260814","evidence_code":"E10"}},{"type":"Feature","geometry":{"type":"Point","coordinates":[-54.52127799999994,-21.810332999999957]},"properties":{"well_id":"3500072156","municipality":"Rio Brilhante","aquifer":"Serra geral","available_fields":"pH | CONDUTIVIDADE_ELETRICA | TEMPERATURA | Solidos dissolvidos totais","available_count":4,"pH":7.38999987,"electrical_conductivity":174.6,"temperature":26.0,"chemical_parameter":"Solidos dissolvidos totais","chemical_concentration":113.49,"source":"SIAGAS_MS_20260814","evidence_code":"E10"}},{"type":"Feature","geometry":{"type":"Point","coordinates":[-54.91972199999998,-20.900555999999938]},"properties":{"well_id":"3500072125","municipality":"Sidrolândia","aquifer":"Botucatu","available_fields":"pH | Solidos dissolvidos totais","available_count":2,"pH":7.19000006,"electrical_conductivity":null,"temperature":null,"chemical_parameter":"Solidos dissolvidos totais","chemical_concentration":120.0,"source":"SIAGAS_MS_20260814","evidence_code":"E10"}},{"type":"Feature","geometry":{"type":"Point","coordinates":[-54.815218999999956,-22.275980999999945]},"properties":{"well_id":"3500072030","municipality":"Dourados","aquifer":"Serra geral","available_fields":"pH | TEMPERATURA | Solidos dissolvidos totais","available_count":3,"pH":9.40999985,"electrical_conductivity":null,"temperature":29.3999996,"chemical_parameter":"Solidos dissolvidos totais","chemical_concentration":234.0,"source":"SIAGAS_MS_20260814","evidence_code":"E10"}},{"type":"Feature","geometry":{"type":"Point","coordinates":[-54.92258099999998,-20.90582799999993]},"properties":{"well_id":"3500072019","municipality":"Sidrolândia","aquifer":"Botucatu","available_fields":"pH | CONDUTIVIDADE_ELETRICA | TEMPERATURA | Solidos dissolvidos totais","available_count":4,"pH":7.5999999,"electrical_conductivity":209.3,"temperature":29.6000004,"chemical_parameter":"Solidos dissolvidos totais","chemical_concentration":152.0,"source":"SIAGAS_MS_20260814","evidence_code":"E10"}},{"type":"Feature","geometry":{"type":"Point","coordinates":[-55.57734399999998,-21.782249999999976]},"properties":{"well_id":"3500072002","municipality":"Maracaju","aquifer":"Botucatu","available_fields":"pH | TEMPERATURA | Solidos dissolvidos totais","available_count":3,"pH":8.48999977,"electrical_conductivity":null,"temperature":32.2000008,"chemical_parameter":"Solidos dissolvidos totais","chemical_concentration":164.0,"source":"SIAGAS_MS_20260814","evidence_code":"E10"}},{"type":"Feature","geometry":{"type":"Point","coordinates":[-54.700968999999986,-22.615791999999942]},"properties":{"well_id":"3500071910","municipality":"Caarapó","aquifer":"Botucatu","available_fields":"pH | CONDUTIVIDADE_ELETRICA | Solidos dissolvidos totais","available_count":3,"pH":8.27000046,"electrical_conductivity":262.8,"temperature":null,"chemical_parameter":"Solidos dissolvidos totais","chemical_concentration":170.82,"source":"SIAGAS_MS_20260814","evidence_code":"E10"}},{"type":"Feature","geometry":{"type":"Point","coordinates":[-54.82305599999995,-18.784999999999968]},"properties":{"well_id":"3500073016","municipality":"Rio Verde de Mato Grosso","aquifer":"Furnas","available_fields":"pH | CONDUTIVIDADE_ELETRICA | TEMPERATURA | Solidos dissolvidos totais","available_count":4,"pH":8.0,"electrical_conductivity":9.3,"temperature":26.7999992,"chemical_parameter":"Solidos dissolvidos totais","chemical_concentration":43.0,"source":"SIAGAS_MS_20260814","evidence_code":"E10"}},{"type":"Feature","geometry":{"type":"Point","coordinates":[-52.208238999999935,-21.465960999999936]},"properties":{"well_id":"3500073035","municipality":"Brasilândia","aquifer":"Bauru","available_fields":"pH | CONDUTIVIDADE_ELETRICA | TEMPERATURA | Solidos dissolvidos totais","available_count":4,"pH":7.0,"electrical_conductivity":43.9,"temperature":25.0,"chemical_parameter":"Solidos dissolvidos totais","chemical_concentration":174.0,"source":"SIAGAS_MS_20260814","evidence_code":"E10"}},{"type":"Feature","geometry":{"type":"Point","coordinates":[-55.268227999999965,-20.80964199999994]},"properties":{"well_id":"3500073031","municipality":"Dois Irmãos do Buriti","aquifer":"Serra geral","available_fields":"pH | CONDUTIVIDADE_ELETRICA | TEMPERATURA | Solidos dissolvidos totais","available_count":4,"pH":7.4000001,"electrical_conductivity":100.0,"temperature":26.0,"chemical_parameter":"Solidos dissolvidos totais","chemical_concentration":50.0,"source":"SIAGAS_MS_20260814","evidence_code":"E10"}},{"type":"Feature","geometry":{"type":"Point","coordinates":[-52.932777999999985,-18.34527799999995]},"properties":{"well_id":"3500073085","municipality":"Costa Rica","aquifer":"Bauru","available_fields":"pH | CONDUTIVIDADE_ELETRICA | TEMPERATURA","available_count":3,"pH":6.46000004,"electrical_conductivity":4.4,"temperature":23.0,"chemical_parameter":"","chemical_concentration":null,"source":"SIAGAS_MS_20260814","evidence_code":"E10"}},{"type":"Feature","geometry":{"type":"Point","coordinates":[-54.70194399999997,-21.50166699999994]},"properties":{"well_id":"3500073070","municipality":"Rio Brilhante","aquifer":"Serra geral","available_fields":"pH | TEMPERATURA | Solidos dissolvidos totais","available_count":3,"pH":7.0,"electrical_conductivity":null,"temperature":32.0,"chemical_parameter":"Solidos dissolvidos totais","chemical_concentration":312.0,"source":"SIAGAS_MS_20260814","evidence_code":"E10"}},{"type":"Feature","geometry":{"type":"Point","coordinates":[-55.17827799999998,-21.667749999999955]},"properties":{"well_id":"3500073103","municipality":"Maracaju","aquifer":"Serra geral","available_fields":"pH | CONDUTIVIDADE_ELETRICA | Solidos dissolvidos totais","available_count":3,"pH":7.51000023,"electrical_conductivity":298.1,"temperature":null,"chemical_parameter":"Solidos dissolvidos totais","chemical_concentration":194.0,"source":"SIAGAS_MS_20260814","evidence_code":"E10"}},{"type":"Feature","geometry":{"type":"Point","coordinates":[-54.72653599999995,-20.478027999999938]},"properties":{"well_id":"3500073100","municipality":"Campo Grande","aquifer":"Serra geral","available_fields":"pH | CONDUTIVIDADE_ELETRICA | TEMPERATURA | Solidos dissolvidos totais","available_count":4,"pH":7.5,"electrical_conductivity":61.0,"temperature":25.2999992,"chemical_parameter":"Solidos dissolvidos totais","chemical_concentration":101.0,"source":"SIAGAS_MS_20260814","evidence_code":"E10"}},{"type":"Feature","geometry":{"type":"Point","coordinates":[-54.50382499999995,-21.70827799999995]},"properties":{"well_id":"3500073094","municipality":"Rio Brilhante","aquifer":"Serra geral","available_fields":"pH | TEMPERATURA | Solidos dissolvidos totais","available_count":3,"pH":7.36000013,"electrical_conductivity":null,"temperature":24.7999992,"chemical_parameter":"Solidos dissolvidos totais","chemical_concentration":14.0,"source":"SIAGAS_MS_20260814","evidence_code":"E10"}},{"type":"Feature","geometry":{"type":"Point","coordinates":[-52.469041999999945,-21.748505999999963]},"properties":{"well_id":"3500073091","municipality":"Bataguassu","aquifer":"Bauru","available_fields":"pH | CONDUTIVIDADE_ELETRICA | Solidos dissolvidos totais","available_count":3,"pH":5.38000011,"electrical_conductivity":16.1,"temperature":null,"chemical_parameter":"Solidos dissolvidos totais","chemical_concentration":46.0,"source":"SIAGAS_MS_20260814","evidence_code":"E10"}},{"type":"Feature","geometry":{"type":"Point","coordinates":[-54.58826399999998,-20.45669399999997]},"properties":{"well_id":"3500073125","municipality":"Campo Grande","aquifer":"Serra geral","available_fields":"pH | CONDUTIVIDADE_ELETRICA | TEMPERATURA | Solidos dissolvidos totais","available_count":4,"pH":6.80000019,"electrical_conductivity":22.6,"temperature":25.0,"chemical_parameter":"Solidos dissolvidos totais","chemical_concentration":119.0,"source":"SIAGAS_MS_20260814","evidence_code":"E10"}},{"type":"Feature","geometry":{"type":"Point","coordinates":[-54.90121099999993,-20.228088999999954]},"properties":{"well_id":"3500073124","municipality":"Campo Grande","aquifer":"Serra geral","available_fields":"pH | CONDUTIVIDADE_ELETRICA | TEMPERATURA | Solidos dissolvidos totais","available_count":4,"pH":6.4000001,"electrical_conductivity":20.0,"temperature":26.0,"chemical_parameter":"Solidos dissolvidos totais","chemical_concentration":26.0,"source":"SIAGAS_MS_20260814","evidence_code":"E10"}},{"type":"Feature","geometry":{"type":"Point","coordinates":[-55.19535799999994,-23.095118999999954]},"properties":{"well_id":"3500073120","municipality":"Amambai","aquifer":"Serra geral","available_fields":"pH | CONDUTIVIDADE_ELETRICA | Solidos dissolvidos totais","available_count":3,"pH":6.80000019,"electrical_conductivity":36.2,"temperature":null,"chemical_parameter":"Solidos dissolvidos totais","chemical_concentration":41.1,"source":"SIAGAS_MS_20260814","evidence_code":"E10"}},{"type":"Feature","geometry":{"type":"Point","coordinates":[-54.37402499999996,-19.69064199999997]},"properties":{"well_id":"3500073139","municipality":"Bandeirantes","aquifer":"Serra geral","available_fields":"pH | CONDUTIVIDADE_ELETRICA | TEMPERATURA | Solidos dissolvidos totais","available_count":4,"pH":6.5999999,"electrical_conductivity":120.0,"temperature":24.0,"chemical_parameter":"Solidos dissolvidos totais","chemical_concentration":50.0,"source":"SIAGAS_MS_20260814","evidence_code":"E10"}},{"type":"Feature","geometry":{"type":"Point","coordinates":[-54.858671999999956,-20.42452499999996]},"properties":{"well_id":"3500073138","municipality":"Terenos","aquifer":"Serra geral","available_fields":"pH | TEMPERATURA | Solidos dissolvidos totais","available_count":3,"pH":7.23999977,"electrical_conductivity":null,"temperature":27.0,"chemical_parameter":"Solidos dissolvidos totais","chemical_concentration":157.0,"source":"SIAGAS_MS_20260814","evidence_code":"E10"}},{"type":"Feature","geometry":{"type":"Point","coordinates":[-54.54549199999997,-19.54433899999998]},"properties":{"well_id":"3500073165","municipality":"Bandeirantes","aquifer":"Botucatu","available_fields":"pH | CONDUTIVIDADE_ELETRICA | TEMPERATURA | Solidos dissolvidos totais","available_count":4,"pH":6.5999999,"electrical_conductivity":120.0,"temperature":24.0,"chemical_parameter":"Solidos dissolvidos totais","chemical_concentration":50.0,"source":"SIAGAS_MS_20260814","evidence_code":"E10"}},{"type":"Feature","geometry":{"type":"Point","coordinates":[-53.38323099999997,-22.282902999999976]},"properties":{"well_id":"3500073148","municipality":"Nova Andradina","aquifer":"Bauru","available_fields":"pH | CONDUTIVIDADE_ELETRICA | TEMPERATURA | Solidos dissolvidos totais","available_count":4,"pH":6.30999994,"electrical_conductivity":40.0,"temperature":24.0,"chemical_parameter":"Solidos dissolvidos totais","chemical_concentration":222.0,"source":"SIAGAS_MS_20260814","evidence_code":"E10"}},{"type":"Feature","geometry":{"type":"Point","coordinates":[-52.46644399999997,-21.74636099999998]},"properties":{"well_id":"3500073147","municipality":"Bataguassu","aquifer":"Bauru","available_fields":"pH | CONDUTIVIDADE_ELETRICA | TEMPERATURA | Solidos dissolvidos totais","available_count":4,"pH":5.78000021,"electrical_conductivity":18.7,"temperature":22.0,"chemical_parameter":"Solidos dissolvidos totais","chemical_concentration":22.0,"source":"SIAGAS_MS_20260814","evidence_code":"E10"}},{"type":"Feature","geometry":{"type":"Point","coordinates":[-54.81468899999999,-22.612657999999954]},"properties":{"well_id":"3500073174","municipality":"Caarapó","aquifer":"Serra geral","available_fields":"pH | CONDUTIVIDADE_ELETRICA | TEMPERATURA | Solidos dissolvidos totais","available_count":4,"pH":7.71999979,"electrical_conductivity":186.79,"temperature":23.0,"chemical_parameter":"Solidos dissolvidos totais","chemical_concentration":112.07,"source":"SIAGAS_MS_20260814","evidence_code":"E10"}},{"type":"Feature","geometry":{"type":"Point","coordinates":[-54.69422199999997,-21.93516699999998]},"properties":{"well_id":"3500073187","municipality":"Itaporã","aquifer":"Serra geral","available_fields":"pH | CONDUTIVIDADE_ELETRICA | TEMPERATURA | Solidos dissolvidos totais","available_count":4,"pH":7.82000017,"electrical_conductivity":319.4,"temperature":24.0,"chemical_parameter":"Solidos dissolvidos totais","chemical_concentration":207.61,"source":"SIAGAS_MS_20260814","evidence_code":"E10"}},{"type":"Feature","geometry":{"type":"Point","coordinates":[-54.593227999999954,-20.537782999999934]},"properties":{"well_id":"3500073183","municipality":"Campo Grande","aquifer":"Serra geral","available_fields":"pH | TEMPERATURA | Solidos dissolvidos totais","available_count":3,"pH":6.19999981,"electrical_conductivity":null,"temperature":25.6000004,"chemical_parameter":"Solidos dissolvidos totais","chemical_concentration":155.0,"source":"SIAGAS_MS_20260814","evidence_code":"E10"}},{"type":"Feature","geometry":{"type":"Point","coordinates":[-54.60733099999993,-20.46150799999998]},"properties":{"well_id":"3500073182","municipality":"Campo Grande","aquifer":"Serra geral","available_fields":"pH | Solidos dissolvidos totais","available_count":2,"pH":6.51999998,"electrical_conductivity":null,"temperature":null,"chemical_parameter":"Solidos dissolvidos totais","chemical_concentration":275.0,"source":"SIAGAS_MS_20260814","evidence_code":"E10"}},{"type":"Feature","geometry":{"type":"Point","coordinates":[-54.210838999999964,-23.36918899999995]},"properties":{"well_id":"3500073215","municipality":"Itaquiraí","aquifer":"Bauru","available_fields":"pH | TEMPERATURA | Solidos dissolvidos totais","available_count":3,"pH":8.26000023,"electrical_conductivity":null,"temperature":21.0,"chemical_parameter":"Solidos dissolvidos totais","chemical_concentration":42.0,"source":"SIAGAS_MS_20260814","evidence_code":"E10"}},{"type":"Feature","geometry":{"type":"Point","coordinates":[-51.67634199999998,-20.76709399999993]},"properties":{"well_id":"3500073214","municipality":"Três Lagoas","aquifer":"Bauru","available_fields":"pH | TEMPERATURA | Solidos dissolvidos totais","available_count":3,"pH":6.01999998,"electrical_conductivity":null,"temperature":29.0,"chemical_parameter":"Solidos dissolvidos totais","chemical_concentration":40.0,"source":"SIAGAS_MS_20260814","evidence_code":"E10"}},{"type":"Feature","geometry":{"type":"Point","coordinates":[-54.61999999999995,-20.51375299999995]},"properties":{"well_id":"3500073211","municipality":"Campo Grande","aquifer":"Serra geral","available_fields":"pH | TEMPERATURA | Solidos dissolvidos totais","available_count":3,"pH":6.80000019,"electrical_conductivity":null,"temperature":26.7000008,"chemical_parameter":"Solidos dissolvidos totais","chemical_concentration":132.0,"source":"SIAGAS_MS_20260814","evidence_code":"E10"}},{"type":"Feature","geometry":{"type":"Point","coordinates":[-54.30555599999997,-19.650832999999977]},"properties":{"well_id":"3500073210","municipality":"Bandeirantes","aquifer":"Serra geral","available_fields":"pH | TEMPERATURA | Solidos dissolvidos totais","available_count":3,"pH":6.78000021,"electrical_conductivity":null,"temperature":22.3999996,"chemical_parameter":"Solidos dissolvidos totais","chemical_concentration":43.0,"source":"SIAGAS_MS_20260814","evidence_code":"E10"}},{"type":"Feature","geometry":{"type":"Point","coordinates":[-54.036666999999966,-19.58908299999996]},"properties":{"well_id":"3500073205","municipality":"Camapuã","aquifer":"Botucatu","available_fields":"pH | Solidos dissolvidos totais","available_count":2,"pH":7.0,"electrical_conductivity":null,"temperature":null,"chemical_parameter":"Solidos dissolvidos totais","chemical_concentration":40.5,"source":"SIAGAS_MS_20260814","evidence_code":"E10"}},{"type":"Feature","geometry":{"type":"Point","coordinates":[-54.19730599999997,-23.583221999999978]},"properties":{"well_id":"3500073196","municipality":"Itaquiraí","aquifer":"Bauru","available_fields":"pH | TEMPERATURA | Solidos dissolvidos totais","available_count":3,"pH":5.80999994,"electrical_conductivity":null,"temperature":23.0,"chemical_parameter":"Solidos dissolvidos totais","chemical_concentration":60.0,"source":"SIAGAS_MS_20260814","evidence_code":"E10"}},{"type":"Feature","geometry":{"type":"Point","coordinates":[-52.84618899999998,-20.44921899999997]},"properties":{"well_id":"3500073219","municipality":"Água Clara","aquifer":"Bauru","available_fields":"pH | TEMPERATURA | Solidos dissolvidos totais","available_count":3,"pH":6.0999999,"electrical_conductivity":null,"temperature":32.7999992,"chemical_parameter":"Solidos dissolvidos totais","chemical_concentration":79.0,"source":"SIAGAS_MS_20260814","evidence_code":"E10"}},{"type":"Feature","geometry":{"type":"Point","coordinates":[-52.096821999999975,-18.957071999999982]},"properties":{"well_id":"3500073257","municipality":"Cassilândia","aquifer":"Bauru","available_fields":"pH | CONDUTIVIDADE_ELETRICA | TEMPERATURA | Solidos dissolvidos totais","available_count":4,"pH":6.92999983,"electrical_conductivity":14.69,"temperature":26.0,"chemical_parameter":"Solidos dissolvidos totais","chemical_concentration":90.0,"source":"SIAGAS_MS_20260814","evidence_code":"E10"}},{"type":"Feature","geometry":{"type":"Point","coordinates":[-52.590810999999974,-18.804791999999964]},"properties":{"well_id":"3500073256","municipality":"Chapadão do Sul","aquifer":"Bauru","available_fields":"pH | CONDUTIVIDADE_ELETRICA | TEMPERATURA | Solidos dissolvidos totais","available_count":4,"pH":6.0,"electrical_conductivity":116.0,"temperature":25.0,"chemical_parameter":"Solidos dissolvidos totais","chemical_concentration":43.0,"source":"SIAGAS_MS_20260814","evidence_code":"E10"}},{"type":"Feature","geometry":{"type":"Point","coordinates":[-55.20394399999998,-22.122499999999945]},"properties":{"well_id":"3500073283","municipality":"Dourados","aquifer":"Bauru","available_fields":"pH | CONDUTIVIDADE_ELETRICA | TEMPERATURA | Solidos dissolvidos totais","available_count":4,"pH":6.69999981,"electrical_conductivity":30.7,"temperature":24.0,"chemical_parameter":"Solidos dissolvidos totais","chemical_concentration":20.0,"source":"SIAGAS_MS_20260814","evidence_code":"E10"}},{"type":"Feature","geometry":{"type":"Point","coordinates":[-54.61091099999993,-20.50590599999998]},"properties":{"well_id":"3500073268","municipality":"Campo Grande","aquifer":"Botucatu","available_fields":"pH | CONDUTIVIDADE_ELETRICA | TEMPERATURA | Solidos dissolvidos totais","available_count":4,"pH":7.4000001,"electrical_conductivity":163.0,"temperature":26.0,"chemical_parameter":"Solidos dissolvidos totais","chemical_concentration":170.0,"source":"SIAGAS_MS_20260814","evidence_code":"E10"}},{"type":"Feature","geometry":{"type":"Point","coordinates":[-53.87499999999994,-22.23546699999997]},"properties":{"well_id":"3500073288","municipality":"Ivinhema","aquifer":"Bauru","available_fields":"pH | CONDUTIVIDADE_ELETRICA | TEMPERATURA | Solidos dissolvidos totais","available_count":4,"pH":6.0,"electrical_conductivity":96.2,"temperature":22.0,"chemical_parameter":"Solidos dissolvidos totais","chemical_concentration":61.7,"source":"SIAGAS_MS_20260814","evidence_code":"E10"}},{"type":"Feature","geometry":{"type":"Point","coordinates":[-52.525485999999944,-20.97365599999995]},"properties":{"well_id":"3500073322","municipality":"Brasilândia","aquifer":"Bauru","available_fields":"pH | CONDUTIVIDADE_ELETRICA | TEMPERATURA | Solidos dissolvidos totais","available_count":4,"pH":6.5,"electrical_conductivity":30.0,"temperature":22.0,"chemical_parameter":"Solidos dissolvidos totais","chemical_concentration":10.0,"source":"SIAGAS_MS_20260814","evidence_code":"E10"}},{"type":"Feature","geometry":{"type":"Point","coordinates":[-54.30273599999998,-20.735074999999938]},"properties":{"well_id":"3500073319","municipality":"Campo Grande","aquifer":"Bauru","available_fields":"pH | CONDUTIVIDADE_ELETRICA | TEMPERATURA | Solidos dissolvidos totais","available_count":4,"pH":3.86999989,"electrical_conductivity":107.9,"temperature":27.2000008,"chemical_parameter":"Solidos dissolvidos totais","chemical_concentration":91.0,"source":"SIAGAS_MS_20260814","evidence_code":"E10"}},{"type":"Feature","geometry":{"type":"Point","coordinates":[-54.32944699999996,-19.70074399999993]},"properties":{"well_id":"3500073315","municipality":"Bandeirantes","aquifer":"Bauru","available_fields":"pH | CONDUTIVIDADE_ELETRICA | TEMPERATURA | Solidos dissolvidos totais","available_count":4,"pH":6.30000019,"electrical_conductivity":120.0,"temperature":24.0,"chemical_parameter":"Solidos dissolvidos totais","chemical_concentration":50.0,"source":"SIAGAS_MS_20260814","evidence_code":"E10"}},{"type":"Feature","geometry":{"type":"Point","coordinates":[-54.14597199999997,-23.33595299999996]},"properties":{"well_id":"3500073344","municipality":"Itaquiraí","aquifer":"Bauru","available_fields":"pH | CONDUTIVIDADE_ELETRICA | Solidos dissolvidos totais","available_count":3,"pH":7.51999998,"electrical_conductivity":48.56,"temperature":null,"chemical_parameter":"Solidos dissolvidos totais","chemical_concentration":16.0,"source":"SIAGAS_MS_20260814","evidence_code":"E10"}},{"type":"Feature","geometry":{"type":"Point","coordinates":[-55.16122199999995,-21.987971999999957]},"properties":{"well_id":"3500073329","municipality":"Dourados","aquifer":"Bauru","available_fields":"pH | CONDUTIVIDADE_ELETRICA | TEMPERATURA | Solidos dissolvidos totais","available_count":4,"pH":5.98999977,"electrical_conductivity":44.93,"temperature":24.2000008,"chemical_parameter":"Solidos dissolvidos totais","chemical_concentration":29.2,"source":"SIAGAS_MS_20260814","evidence_code":"E10"}},{"type":"Feature","geometry":{"type":"Point","coordinates":[-55.11099399999995,-21.91793599999994]},"properties":{"well_id":"3500073365","municipality":"Dourados","aquifer":"Bauru","available_fields":"pH | CONDUTIVIDADE_ELETRICA | TEMPERATURA | Solidos dissolvidos totais","available_count":4,"pH":7.09000015,"electrical_conductivity":126.0,"temperature":23.0,"chemical_parameter":"Solidos dissolvidos totais","chemical_concentration":81.9,"source":"SIAGAS_MS_20260814","evidence_code":"E10"}},{"type":"Feature","geometry":{"type":"Point","coordinates":[-54.63805599999995,-20.448332999999934]},"properties":{"well_id":"3500073395","municipality":"Campo Grande","aquifer":"Serra geral","available_fields":"pH | TEMPERATURA | Solidos dissolvidos totais","available_count":3,"pH":6.80000019,"electrical_conductivity":null,"temperature":25.0,"chemical_parameter":"Solidos dissolvidos totais","chemical_concentration":121.0,"source":"SIAGAS_MS_20260814","evidence_code":"E10"}},{"type":"Feature","geometry":{"type":"Point","coordinates":[-54.11134199999998,-23.52662799999996]},"properties":{"well_id":"3500073392","municipality":"Itaquiraí","aquifer":"Bauru","available_fields":"pH | CONDUTIVIDADE_ELETRICA | TEMPERATURA | Solidos dissolvidos totais","available_count":4,"pH":5.48999977,"electrical_conductivity":19.34,"temperature":23.0,"chemical_parameter":"Solidos dissolvidos totais","chemical_concentration":13.0,"source":"SIAGAS_MS_20260814","evidence_code":"E10"}},{"type":"Feature","geometry":{"type":"Point","coordinates":[-54.12835599999994,-23.37853599999994]},"properties":{"well_id":"3500073390","municipality":"Itaquiraí","aquifer":"Bauru","available_fields":"pH | CONDUTIVIDADE_ELETRICA | TEMPERATURA | Solidos dissolvidos totais","available_count":4,"pH":5.86999989,"electrical_conductivity":21.3,"temperature":23.0,"chemical_parameter":"Solidos dissolvidos totais","chemical_concentration":14.0,"source":"SIAGAS_MS_20260814","evidence_code":"E10"}},{"type":"Feature","geometry":{"type":"Point","coordinates":[-54.78116899999998,-21.13735799999995]},"properties":{"well_id":"3500073386","municipality":"Sidrolândia","aquifer":"Serra geral","available_fields":"pH | CONDUTIVIDADE_ELETRICA | TEMPERATURA | Solidos dissolvidos totais","available_count":4,"pH":7.73000002,"electrical_conductivity":123.9,"temperature":22.0,"chemical_parameter":"Solidos dissolvidos totais","chemical_concentration":64.0,"source":"SIAGAS_MS_20260814","evidence_code":"E10"}},{"type":"Feature","geometry":{"type":"Point","coordinates":[-54.799499999999966,-22.23952799999995]},"properties":{"well_id":"3500073404","municipality":"Dourados","aquifer":"Serra geral","available_fields":"pH | CONDUTIVIDADE_ELETRICA | TEMPERATURA | Solidos dissolvidos totais","available_count":4,"pH":6.07999992,"electrical_conductivity":249.5,"temperature":24.0,"chemical_parameter":"Solidos dissolvidos totais","chemical_concentration":162.17,"source":"SIAGAS_MS_20260814","evidence_code":"E10"}},{"type":"Feature","geometry":{"type":"Point","coordinates":[-54.70473899999996,-22.02702499999998]},"properties":{"well_id":"3500073400","municipality":"Itaporã","aquifer":"Serra geral","available_fields":"pH | CONDUTIVIDADE_ELETRICA | TEMPERATURA | Solidos dissolvidos totais","available_count":4,"pH":5.48000002,"electrical_conductivity":75.07,"temperature":23.0,"chemical_parameter":"Solidos dissolvidos totais","chemical_concentration":48.79,"source":"SIAGAS_MS_20260814","evidence_code":"E10"}},{"type":"Feature","geometry":{"type":"Point","coordinates":[-51.42752799999994,-20.36252799999994]},"properties":{"well_id":"3500073407","municipality":"Selvíria","aquifer":"Serra geral","available_fields":"pH | TEMPERATURA | Solidos dissolvidos totais","available_count":3,"pH":7.80000019,"electrical_conductivity":null,"temperature":11.1000004,"chemical_parameter":"Solidos dissolvidos totais","chemical_concentration":138.0,"source":"SIAGAS_MS_20260814","evidence_code":"E10"}},{"type":"Feature","geometry":{"type":"Point","coordinates":[-54.47605599999997,-20.47394399999996]},"properties":{"well_id":"3500073429","municipality":"Campo Grande","aquifer":"Bauru","available_fields":"pH | CONDUTIVIDADE_ELETRICA | TEMPERATURA | Solidos dissolvidos totais","available_count":4,"pH":6.59000015,"electrical_conductivity":16.1,"temperature":28.0,"chemical_parameter":"Solidos dissolvidos totais","chemical_concentration":74.0,"source":"SIAGAS_MS_20260814","evidence_code":"E10"}},{"type":"Feature","geometry":{"type":"Point","coordinates":[-54.19208599999996,-23.033710999999983]},"properties":{"well_id":"3500073427","municipality":"Naviraí","aquifer":"Bauru","available_fields":"pH | CONDUTIVIDADE_ELETRICA | TEMPERATURA | Solidos dissolvidos totais","available_count":4,"pH":7.46999979,"electrical_conductivity":11.8,"temperature":26.0,"chemical_parameter":"Solidos dissolvidos totais","chemical_concentration":293.0,"source":"SIAGAS_MS_20260814","evidence_code":"E10"}},{"type":"Feature","geometry":{"type":"Point","coordinates":[-54.59288899999996,-20.43281099999996]},"properties":{"well_id":"3500073451","municipality":"Campo Grande","aquifer":"Serra geral","available_fields":"pH | CONDUTIVIDADE_ELETRICA | TEMPERATURA | Solidos dissolvidos totais","available_count":4,"pH":7.19999981,"electrical_conductivity":81.74,"temperature":26.0,"chemical_parameter":"Solidos dissolvidos totais","chemical_concentration":42.0,"source":"SIAGAS_MS_20260814","evidence_code":"E10"}},{"type":"Feature","geometry":{"type":"Point","coordinates":[-54.21406699999994,-22.49656099999993]},"properties":{"well_id":"3500073465","municipality":"Jateí","aquifer":"Bauru","available_fields":"pH | CONDUTIVIDADE_ELETRICA | TEMPERATURA | Solidos dissolvidos totais","available_count":4,"pH":5.03999996,"electrical_conductivity":9.04,"temperature":24.0,"chemical_parameter":"Solidos dissolvidos totais","chemical_concentration":5.88,"source":"SIAGAS_MS_20260814","evidence_code":"E10"}},{"type":"Feature","geometry":{"type":"Point","coordinates":[-54.72072199999997,-22.088832999999966]},"properties":{"well_id":"3500073463","municipality":"Itaporã","aquifer":"Serra geral","available_fields":"pH | CONDUTIVIDADE_ELETRICA | TEMPERATURA | Solidos dissolvidos totais","available_count":4,"pH":7.07999992,"electrical_conductivity":155.4,"temperature":24.0,"chemical_parameter":"Solidos dissolvidos totais","chemical_concentration":101.1,"source":"SIAGAS_MS_20260814","evidence_code":"E10"}},{"type":"Feature","geometry":{"type":"Point","coordinates":[-52.14417199999997,-21.463896999999974]},"properties":{"well_id":"3500073462","municipality":"Brasilândia","aquifer":"Bauru","available_fields":"pH | CONDUTIVIDADE_ELETRICA | TEMPERATURA | Solidos dissolvidos totais","available_count":4,"pH":7.0,"electrical_conductivity":68.8,"temperature":25.0,"chemical_parameter":"Solidos dissolvidos totais","chemical_concentration":41.5,"source":"SIAGAS_MS_20260814","evidence_code":"E10"}},{"type":"Feature","geometry":{"type":"Point","coordinates":[-54.115016999999966,-22.53359999999998]},"properties":{"well_id":"3500073466","municipality":"Glória de Dourados","aquifer":"Bauru","available_fields":"pH | CONDUTIVIDADE_ELETRICA | TEMPERATURA | Solidos dissolvidos totais","available_count":4,"pH":4.86000013,"electrical_conductivity":14.25,"temperature":24.0,"chemical_parameter":"Solidos dissolvidos totais","chemical_concentration":9.26,"source":"SIAGAS_MS_20260814","evidence_code":"E10"}},{"type":"Feature","geometry":{"type":"Point","coordinates":[-53.341174999999964,-22.240227999999945]},"properties":{"well_id":"3500073494","municipality":"Nova Andradina","aquifer":"Serra geral","available_fields":"pH | CONDUTIVIDADE_ELETRICA | TEMPERATURA | Solidos dissolvidos totais","available_count":4,"pH":6.51000023,"electrical_conductivity":91.2,"temperature":22.0,"chemical_parameter":"Solidos dissolvidos totais","chemical_concentration":66.0,"source":"SIAGAS_MS_20260814","evidence_code":"E10"}},{"type":"Feature","geometry":{"type":"Point","coordinates":[-54.60283899999996,-20.50476699999996]},"properties":{"well_id":"3500073500","municipality":"Campo Grande","aquifer":"Serra geral","available_fields":"pH | Solidos dissolvidos totais","available_count":2,"pH":6.94999981,"electrical_conductivity":null,"temperature":null,"chemical_parameter":"Solidos dissolvidos totais","chemical_concentration":254.0,"source":"SIAGAS_MS_20260814","evidence_code":"E10"}},{"type":"Feature","geometry":{"type":"Point","coordinates":[-55.128949999999975,-20.75891699999994]},"properties":{"well_id":"3500073498","municipality":"Sidrolândia","aquifer":"Serra geral","available_fields":"pH | CONDUTIVIDADE_ELETRICA | TEMPERATURA | Solidos dissolvidos totais","available_count":4,"pH":6.0,"electrical_conductivity":30.0,"temperature":28.0,"chemical_parameter":"Solidos dissolvidos totais","chemical_concentration":12.0,"source":"SIAGAS_MS_20260814","evidence_code":"E10"}},{"type":"Feature","geometry":{"type":"Point","coordinates":[-54.72453299999995,-22.058224999999936]},"properties":{"well_id":"3500073512","municipality":"Itaporã","aquifer":"Serra geral","available_fields":"pH | CONDUTIVIDADE_ELETRICA | TEMPERATURA | Solidos dissolvidos totais","available_count":4,"pH":6.9000001,"electrical_conductivity":170.0,"temperature":24.0,"chemical_parameter":"Solidos dissolvidos totais","chemical_concentration":190.0,"source":"SIAGAS_MS_20260814","evidence_code":"E10"}},{"type":"Feature","geometry":{"type":"Point","coordinates":[-54.348055999999985,-22.12916699999994]},"properties":{"well_id":"3500073514","municipality":"Dourados","aquifer":"Serra geral","available_fields":"pH | CONDUTIVIDADE_ELETRICA | TEMPERATURA | Solidos dissolvidos totais","available_count":4,"pH":7.23999977,"electrical_conductivity":94.84,"temperature":23.0,"chemical_parameter":"Solidos dissolvidos totais","chemical_concentration":61.64,"source":"SIAGAS_MS_20260814","evidence_code":"E10"}},{"type":"Feature","geometry":{"type":"Point","coordinates":[-54.733274999999935,-20.78319199999993]},"properties":{"well_id":"3500073519","municipality":"Sidrolândia","aquifer":"Serra geral","available_fields":"pH | TEMPERATURA | Solidos dissolvidos totais","available_count":3,"pH":7.4000001,"electrical_conductivity":null,"temperature":18.0,"chemical_parameter":"Solidos dissolvidos totais","chemical_concentration":55.0,"source":"SIAGAS_MS_20260814","evidence_code":"E10"}},{"type":"Feature","geometry":{"type":"Point","coordinates":[-55.230118999999945,-23.10402799999997]},"properties":{"well_id":"3500073527","municipality":"Amambai","aquifer":"Serra geral","available_fields":"pH | CONDUTIVIDADE_ELETRICA | TEMPERATURA | Solidos dissolvidos totais","available_count":4,"pH":6.21000004,"electrical_conductivity":154.1,"temperature":24.0,"chemical_parameter":"Solidos dissolvidos totais","chemical_concentration":100.16,"source":"SIAGAS_MS_20260814","evidence_code":"E10"}},{"type":"Feature","geometry":{"type":"Point","coordinates":[-54.795488999999975,-22.097505999999953]},"properties":{"well_id":"3500073529","municipality":"Itaporã","aquifer":"Botucatu","available_fields":"pH | TEMPERATURA","available_count":2,"pH":6.5,"electrical_conductivity":null,"temperature":24.6000004,"chemical_parameter":"","chemical_concentration":null,"source":"SIAGAS_MS_20260814","evidence_code":"E10"}},{"type":"Feature","geometry":{"type":"Point","coordinates":[-54.337471999999934,-22.367666999999983]},"properties":{"well_id":"3500073535","municipality":"Fátima do Sul","aquifer":"Serra geral","available_fields":"pH | CONDUTIVIDADE_ELETRICA | TEMPERATURA | Solidos dissolvidos totais","available_count":4,"pH":6.75,"electrical_conductivity":69.49,"temperature":25.0,"chemical_parameter":"Solidos dissolvidos totais","chemical_concentration":45.17,"source":"SIAGAS_MS_20260814","evidence_code":"E10"}},{"type":"Feature","geometry":{"type":"Point","coordinates":[-55.203832999999975,-22.175638999999933]},"properties":{"well_id":"3500073534","municipality":"Dourados","aquifer":"Serra geral","available_fields":"pH | CONDUTIVIDADE_ELETRICA | TEMPERATURA | Solidos dissolvidos totais","available_count":4,"pH":7.30000019,"electrical_conductivity":113.0,"temperature":26.0,"chemical_parameter":"Solidos dissolvidos totais","chemical_concentration":73.8,"source":"SIAGAS_MS_20260814","evidence_code":"E10"}},{"type":"Feature","geometry":{"type":"Point","coordinates":[-55.55719399999998,-21.388027999999963]},"properties":{"well_id":"3500073549","municipality":"Maracaju","aquifer":"Serra geral","available_fields":"pH | CONDUTIVIDADE_ELETRICA | TEMPERATURA","available_count":3,"pH":6.09000015,"electrical_conductivity":40.0,"temperature":23.1000004,"chemical_parameter":"","chemical_concentration":null,"source":"SIAGAS_MS_20260814","evidence_code":"E10"}},{"type":"Feature","geometry":{"type":"Point","coordinates":[-54.603332999999964,-20.414721999999927]},"properties":{"well_id":"3500073558","municipality":"Campo Grande","aquifer":"Serra geral","available_fields":"pH | TEMPERATURA | Solidos dissolvidos totais","available_count":3,"pH":7.21000004,"electrical_conductivity":null,"temperature":27.7000008,"chemical_parameter":"Solidos dissolvidos totais","chemical_concentration":154.0,"source":"SIAGAS_MS_20260814","evidence_code":"E10"}},{"type":"Feature","geometry":{"type":"Point","coordinates":[-54.61805599999997,-20.436943999999983]},"properties":{"well_id":"3500027103","municipality":"Campo Grande","aquifer":"Serra geral","available_fields":"pH | TEMPERATURA | TURBIDEZ","available_count":3,"pH":7.30999994,"electrical_conductivity":null,"temperature":24.0,"chemical_parameter":"","chemical_concentration":null,"source":"SIAGAS_MS_20260814","evidence_code":"E10"}},{"type":"Feature","geometry":{"type":"Point","coordinates":[-54.86781399999995,-21.898621999999932]},"properties":{"well_id":"3500073592","municipality":"Itaporã","aquifer":"Serra geral","available_fields":"pH | CONDUTIVIDADE_ELETRICA | TEMPERATURA | Solidos dissolvidos totais","available_count":4,"pH":6.8499999,"electrical_conductivity":98.61,"temperature":23.0,"chemical_parameter":"Solidos dissolvidos totais","chemical_concentration":64.09,"source":"SIAGAS_MS_20260814","evidence_code":"E10"}},{"type":"Feature","geometry":{"type":"Point","coordinates":[-54.51399999999995,-22.153138999999953]},"properties":{"well_id":"3500073595","municipality":"Dourados","aquifer":"Serra geral","available_fields":"pH | CONDUTIVIDADE_ELETRICA | TEMPERATURA | Solidos dissolvidos totais","available_count":4,"pH":6.63000011,"electrical_conductivity":35.83,"temperature":23.0,"chemical_parameter":"Solidos dissolvidos totais","chemical_concentration":23.28,"source":"SIAGAS_MS_20260814","evidence_code":"E10"}},{"type":"Feature","geometry":{"type":"Point","coordinates":[-55.087455999999975,-21.016538999999966]},"properties":{"well_id":"3500073630","municipality":"Sidrolândia","aquifer":"Serra geral","available_fields":"pH | CONDUTIVIDADE_ELETRICA | TEMPERATURA | Solidos dissolvidos totais","available_count":4,"pH":6.4000001,"electrical_conductivity":60.0,"temperature":24.0,"chemical_parameter":"Solidos dissolvidos totais","chemical_concentration":24.0,"source":"SIAGAS_MS_20260814","evidence_code":"E10"}},{"type":"Feature","geometry":{"type":"Point","coordinates":[-51.11588299999994,-19.92635299999995]},"properties":{"well_id":"3500073644","municipality":"Aparecida do Taboado","aquifer":"Bauru","available_fields":"pH | CONDUTIVIDADE_ELETRICA | TEMPERATURA | Solidos dissolvidos totais","available_count":4,"pH":7.4000001,"electrical_conductivity":53.0,"temperature":24.0,"chemical_parameter":"Solidos dissolvidos totais","chemical_concentration":15.0,"source":"SIAGAS_MS_20260814","evidence_code":"E10"}},{"type":"Feature","geometry":{"type":"Point","coordinates":[-54.084082999999964,-23.523860999999954]},"properties":{"well_id":"3500073643","municipality":"Itaquiraí","aquifer":"Bauru","available_fields":"pH | CONDUTIVIDADE_ELETRICA | Solidos dissolvidos totais","available_count":3,"pH":7.65999985,"electrical_conductivity":71.28,"temperature":null,"chemical_parameter":"Solidos dissolvidos totais","chemical_concentration":27.0,"source":"SIAGAS_MS_20260814","evidence_code":"E10"}},{"type":"Feature","geometry":{"type":"Point","coordinates":[-54.15399699999995,-23.494168999999943]},"properties":{"well_id":"3500073641","municipality":"Itaquiraí","aquifer":"Bauru","available_fields":"pH | CONDUTIVIDADE_ELETRICA | TEMPERATURA | Solidos dissolvidos totais","available_count":4,"pH":7.78000021,"electrical_conductivity":78.92,"temperature":24.8999996,"chemical_parameter":"Solidos dissolvidos totais","chemical_concentration":29.0,"source":"SIAGAS_MS_20260814","evidence_code":"E10"}},{"type":"Feature","geometry":{"type":"Point","coordinates":[-51.085252999999966,-20.03602799999993]},"properties":{"well_id":"3500073645","municipality":"Aparecida do Taboado","aquifer":"Bauru","available_fields":"pH | CONDUTIVIDADE_ELETRICA | TEMPERATURA | Solidos dissolvidos totais","available_count":4,"pH":6.9000001,"electrical_conductivity":85.0,"temperature":26.0,"chemical_parameter":"Solidos dissolvidos totais","chemical_concentration":10.0,"source":"SIAGAS_MS_20260814","evidence_code":"E10"}},{"type":"Feature","geometry":{"type":"Point","coordinates":[-54.375107999999955,-19.831335999999965]},"properties":{"well_id":"3500073665","municipality":"Bandeirantes","aquifer":"Serra geral","available_fields":"pH | CONDUTIVIDADE_ELETRICA | TEMPERATURA","available_count":3,"pH":5.0,"electrical_conductivity":13.74,"temperature":25.0,"chemical_parameter":"","chemical_concentration":null,"source":"SIAGAS_MS_20260814","evidence_code":"E10"}},{"type":"Feature","geometry":{"type":"Point","coordinates":[-54.31982499999998,-22.51356099999998]},"properties":{"well_id":"3500073694","municipality":"Jateí","aquifer":"Bauru","available_fields":"pH | CONDUTIVIDADE_ELETRICA | TEMPERATURA | Solidos dissolvidos totais","available_count":4,"pH":5.1500001,"electrical_conductivity":12.97,"temperature":23.7999992,"chemical_parameter":"Solidos dissolvidos totais","chemical_concentration":8.0,"source":"SIAGAS_MS_20260814","evidence_code":"E10"}},{"type":"Feature","geometry":{"type":"Point","coordinates":[-52.71409199999994,-19.712816999999973]},"properties":{"well_id":"3500073695","municipality":"Água Clara","aquifer":"Bauru","available_fields":"pH | TEMPERATURA | Solidos dissolvidos totais","available_count":3,"pH":7.5999999,"electrical_conductivity":null,"temperature":28.0,"chemical_parameter":"Solidos dissolvidos totais","chemical_concentration":110.0,"source":"SIAGAS_MS_20260814","evidence_code":"E10"}},{"type":"Feature","geometry":{"type":"Point","coordinates":[-54.46488899999997,-22.039721999999927]},"properties":{"well_id":"3500073706","municipality":"Dourados","aquifer":"Serra geral","available_fields":"pH | CONDUTIVIDADE_ELETRICA | TEMPERATURA | Solidos dissolvidos totais","available_count":4,"pH":6.63000011,"electrical_conductivity":36.46,"temperature":23.0,"chemical_parameter":"Solidos dissolvidos totais","chemical_concentration":23.69,"source":"SIAGAS_MS_20260814","evidence_code":"E10"}},{"type":"Feature","geometry":{"type":"Point","coordinates":[-54.95525599999996,-20.901718999999957]},"properties":{"well_id":"3500073716","municipality":"Sidrolândia","aquifer":"Serra geral","available_fields":"pH | CONDUTIVIDADE_ELETRICA | TEMPERATURA | Solidos dissolvidos totais","available_count":4,"pH":6.5,"electrical_conductivity":80.0,"temperature":19.0,"chemical_parameter":"Solidos dissolvidos totais","chemical_concentration":20.0,"source":"SIAGAS_MS_20260814","evidence_code":"E10"}},{"type":"Feature","geometry":{"type":"Point","coordinates":[-54.15955599999995,-22.48330599999997]},"properties":{"well_id":"3500073725","municipality":"Glória de Dourados","aquifer":"Bauru","available_fields":"pH | CONDUTIVIDADE_ELETRICA | TEMPERATURA | Solidos dissolvidos totais","available_count":4,"pH":4.5,"electrical_conductivity":15.0,"temperature":24.0,"chemical_parameter":"Solidos dissolvidos totais","chemical_concentration":9.76,"source":"SIAGAS_MS_20260814","evidence_code":"E10"}},{"type":"Feature","geometry":{"type":"Point","coordinates":[-53.77612799999997,-22.220757999999933]},"properties":{"well_id":"3500073734","municipality":"Angélica","aquifer":"Bauru","available_fields":"pH | CONDUTIVIDADE_ELETRICA | TEMPERATURA | Solidos dissolvidos totais","available_count":4,"pH":6.21999979,"electrical_conductivity":22.18,"temperature":23.0,"chemical_parameter":"Solidos dissolvidos totais","chemical_concentration":14.0,"source":"SIAGAS_MS_20260814","evidence_code":"E10"}},{"type":"Feature","geometry":{"type":"Point","coordinates":[-51.98027499999995,-21.127955999999926]},"properties":{"well_id":"3500073732","municipality":"Três Lagoas","aquifer":"Bauru","available_fields":"CONDUTIVIDADE_ELETRICA | Solidos dissolvidos totais","available_count":2,"pH":null,"electrical_conductivity":124.2,"temperature":null,"chemical_parameter":"Solidos dissolvidos totais","chemical_concentration":48.0,"source":"SIAGAS_MS_20260814","evidence_code":"E10"}},{"type":"Feature","geometry":{"type":"Point","coordinates":[-54.82277799999997,-22.226110999999946]},"properties":{"well_id":"3500073748","municipality":"Dourados","aquifer":"Serra geral","available_fields":"pH | CONDUTIVIDADE_ELETRICA | TEMPERATURA | Solidos dissolvidos totais","available_count":4,"pH":7.28999996,"electrical_conductivity":103.6,"temperature":17.0,"chemical_parameter":"Solidos dissolvidos totais","chemical_concentration":300.0,"source":"SIAGAS_MS_20260814","evidence_code":"E10"}},{"type":"Feature","geometry":{"type":"Point","coordinates":[-54.47444399999995,-20.16055599999993]},"properties":{"well_id":"3500073747","municipality":"Jaraguari","aquifer":"Serra geral","available_fields":"pH | Solidos dissolvidos totais","available_count":2,"pH":6.28000021,"electrical_conductivity":null,"temperature":null,"chemical_parameter":"Solidos dissolvidos totais","chemical_concentration":88.0,"source":"SIAGAS_MS_20260814","evidence_code":"E10"}},{"type":"Feature","geometry":{"type":"Point","coordinates":[-54.34333299999997,-22.37786099999994]},"properties":{"well_id":"3500073754","municipality":"Fátima do Sul","aquifer":"Bauru","available_fields":"pH | CONDUTIVIDADE_ELETRICA | TEMPERATURA | Solidos dissolvidos totais","available_count":4,"pH":7.28000021,"electrical_conductivity":154.8,"temperature":23.0,"chemical_parameter":"Solidos dissolvidos totais","chemical_concentration":100.62,"source":"SIAGAS_MS_20260814","evidence_code":"E10"}},{"type":"Feature","geometry":{"type":"Point","coordinates":[-55.19966699999998,-21.086555999999973]},"properties":{"well_id":"3500073752","municipality":"Sidrolândia","aquifer":"Serra geral","available_fields":"pH | CONDUTIVIDADE_ELETRICA | TEMPERATURA | Solidos dissolvidos totais","available_count":4,"pH":6.0999999,"electrical_conductivity":10.0,"temperature":28.0,"chemical_parameter":"Solidos dissolvidos totais","chemical_concentration":0.5,"source":"SIAGAS_MS_20260814","evidence_code":"E10"}},{"type":"Feature","geometry":{"type":"Point","coordinates":[-55.12124699999998,-20.76009399999998]},"properties":{"well_id":"3500073757","municipality":"Sidrolândia","aquifer":"Serra geral","available_fields":"pH | CONDUTIVIDADE_ELETRICA | TEMPERATURA | Solidos dissolvidos totais","available_count":4,"pH":7.4000001,"electrical_conductivity":130.0,"temperature":14.0,"chemical_parameter":"Solidos dissolvidos totais","chemical_concentration":60.0,"source":"SIAGAS_MS_20260814","evidence_code":"E10"}},{"type":"Feature","geometry":{"type":"Point","coordinates":[-54.428818999999976,-22.51041699999996]},"properties":{"well_id":"3500073762","municipality":"Vicentina","aquifer":"Serra geral","available_fields":"pH | CONDUTIVIDADE_ELETRICA | TEMPERATURA | Solidos dissolvidos totais","available_count":4,"pH":6.73999977,"electrical_conductivity":80.4,"temperature":24.0,"chemical_parameter":"Solidos dissolvidos totais","chemical_concentration":52.26,"source":"SIAGAS_MS_20260814","evidence_code":"E10"}},{"type":"Feature","geometry":{"type":"Point","coordinates":[-55.06431399999997,-23.465768999999966]},"properties":{"well_id":"3500073808","municipality":"Amambai","aquifer":"Bauru","available_fields":"pH | CONDUTIVIDADE_ELETRICA | TEMPERATURA | Solidos dissolvidos totais","available_count":4,"pH":5.28000021,"electrical_conductivity":20.13,"temperature":24.0,"chemical_parameter":"Solidos dissolvidos totais","chemical_concentration":11.0,"source":"SIAGAS_MS_20260814","evidence_code":"E10"}},{"type":"Feature","geometry":{"type":"Point","coordinates":[-54.73836099999994,-22.239305999999942]},"properties":{"well_id":"3500073807","municipality":"Dourados","aquifer":"Serra geral","available_fields":"pH | CONDUTIVIDADE_ELETRICA | TEMPERATURA | Solidos dissolvidos totais","available_count":4,"pH":7.0,"electrical_conductivity":98.46,"temperature":24.0,"chemical_parameter":"Solidos dissolvidos totais","chemical_concentration":43.0,"source":"SIAGAS_MS_20260814","evidence_code":"E10"}},{"type":"Feature","geometry":{"type":"Point","coordinates":[-54.73383299999995,-22.218091999999956]},"properties":{"well_id":"3500073806","municipality":"Dourados","aquifer":"Serra geral","available_fields":"pH | CONDUTIVIDADE_ELETRICA | TEMPERATURA | Solidos dissolvidos totais","available_count":4,"pH":6.69000006,"electrical_conductivity":98.94,"temperature":30.0,"chemical_parameter":"Solidos dissolvidos totais","chemical_concentration":64.0,"source":"SIAGAS_MS_20260814","evidence_code":"E10"}},{"type":"Feature","geometry":{"type":"Point","coordinates":[-54.75139999999993,-22.04885799999994]},"properties":{"well_id":"3500073813","municipality":"Itaporã","aquifer":"Serra geral","available_fields":"pH | CONDUTIVIDADE_ELETRICA | TEMPERATURA | Solidos dissolvidos totais","available_count":4,"pH":5.57999992,"electrical_conductivity":13.19,"temperature":26.0,"chemical_parameter":"Solidos dissolvidos totais","chemical_concentration":8.57,"source":"SIAGAS_MS_20260814","evidence_code":"E10"}},{"type":"Feature","geometry":{"type":"Point","coordinates":[-55.10388899999998,-22.172777999999937]},"properties":{"well_id":"3500073818","municipality":"Dourados","aquifer":"Bauru","available_fields":"pH | CONDUTIVIDADE_ELETRICA | TEMPERATURA | Solidos dissolvidos totais","available_count":4,"pH":7.57999992,"electrical_conductivity":47.25,"temperature":24.0,"chemical_parameter":"Solidos dissolvidos totais","chemical_concentration":30.71,"source":"SIAGAS_MS_20260814","evidence_code":"E10"}},{"type":"Feature","geometry":{"type":"Point","coordinates":[-54.79596099999998,-22.218160999999952]},"properties":{"well_id":"3500073832","municipality":"Dourados","aquifer":"Serra geral","available_fields":"pH | CONDUTIVIDADE_ELETRICA | TEMPERATURA | Solidos dissolvidos totais","available_count":4,"pH":6.6500001,"electrical_conductivity":315.8,"temperature":23.0,"chemical_parameter":"Solidos dissolvidos totais","chemical_concentration":202.27,"source":"SIAGAS_MS_20260814","evidence_code":"E10"}},{"type":"Feature","geometry":{"type":"Point","coordinates":[-51.11224199999998,-20.05570599999993]},"properties":{"well_id":"3500073830","municipality":"Aparecida do Taboado","aquifer":"Bauru","available_fields":"pH | CONDUTIVIDADE_ELETRICA | TEMPERATURA | Solidos dissolvidos totais","available_count":4,"pH":6.19999981,"electrical_conductivity":43.7,"temperature":28.1000004,"chemical_parameter":"Solidos dissolvidos totais","chemical_concentration":43.0,"source":"SIAGAS_MS_20260814","evidence_code":"E10"}},{"type":"Feature","geometry":{"type":"Point","coordinates":[-54.84087199999993,-22.06860599999993]},"properties":{"well_id":"3500073835","municipality":"Itaporã","aquifer":"Serra geral","available_fields":"pH | CONDUTIVIDADE_ELETRICA | TEMPERATURA | Solidos dissolvidos totais","available_count":4,"pH":5.67000008,"electrical_conductivity":21.5,"temperature":23.0,"chemical_parameter":"Solidos dissolvidos totais","chemical_concentration":13.97,"source":"SIAGAS_MS_20260814","evidence_code":"E10"}},{"type":"Feature","geometry":{"type":"Point","coordinates":[-54.571666999999934,-19.37916699999994]},"properties":{"well_id":"3500073843","municipality":"São Gabriel do Oeste","aquifer":"Botucatu","available_fields":"pH | TEMPERATURA | Solidos dissolvidos totais","available_count":3,"pH":6.4000001,"electrical_conductivity":null,"temperature":22.0,"chemical_parameter":"Solidos dissolvidos totais","chemical_concentration":43.0,"source":"SIAGAS_MS_20260814","evidence_code":"E10"}},{"type":"Feature","geometry":{"type":"Point","coordinates":[-54.26117799999997,-22.373896999999943]},"properties":{"well_id":"3500073856","municipality":"Glória de Dourados","aquifer":"Bauru","available_fields":"pH | CONDUTIVIDADE_ELETRICA | TEMPERATURA | Solidos dissolvidos totais","available_count":4,"pH":6.0,"electrical_conductivity":92.6,"temperature":16.0,"chemical_parameter":"Solidos dissolvidos totais","chemical_concentration":60.2,"source":"SIAGAS_MS_20260814","evidence_code":"E10"}},{"type":"Feature","geometry":{"type":"Point","coordinates":[-51.107902999999965,-20.05786699999993]},"properties":{"well_id":"3500073849","municipality":"Aparecida do Taboado","aquifer":"Bauru","available_fields":"pH | CONDUTIVIDADE_ELETRICA | TEMPERATURA | Solidos dissolvidos totais","available_count":4,"pH":5.69999981,"electrical_conductivity":0.2,"temperature":28.0,"chemical_parameter":"Solidos dissolvidos totais","chemical_concentration":12.0,"source":"SIAGAS_MS_20260814","evidence_code":"E10"}},{"type":"Feature","geometry":{"type":"Point","coordinates":[-54.83961899999997,-18.88514399999997]},"properties":{"well_id":"3500073887","municipality":"Rio Verde de Mato Grosso","aquifer":"Furnas","available_fields":"pH | CONDUTIVIDADE_ELETRICA | TEMPERATURA | Solidos dissolvidos totais","available_count":4,"pH":5.0,"electrical_conductivity":7.74,"temperature":31.0,"chemical_parameter":"Solidos dissolvidos totais","chemical_concentration":19.15,"source":"SIAGAS_MS_20260814","evidence_code":"E10"}},{"type":"Feature","geometry":{"type":"Point","coordinates":[-53.34446399999996,-22.48732499999994]},"properties":{"well_id":"3500073901","municipality":"Taquarussu","aquifer":"Bauru","available_fields":"pH | CONDUTIVIDADE_ELETRICA | Solidos dissolvidos totais","available_count":3,"pH":6.0,"electrical_conductivity":52.0,"temperature":null,"chemical_parameter":"Solidos dissolvidos totais","chemical_concentration":79.6,"source":"SIAGAS_MS_20260814","evidence_code":"E10"}},{"type":"Feature","geometry":{"type":"Point","coordinates":[-52.87963599999995,-20.64362799999998]},"properties":{"well_id":"3500073906","municipality":"Brasilândia","aquifer":"Bauru","available_fields":"pH | CONDUTIVIDADE_ELETRICA | TEMPERATURA | Solidos dissolvidos totais","available_count":4,"pH":7.01000023,"electrical_conductivity":18.0,"temperature":25.0,"chemical_parameter":"Solidos dissolvidos totais","chemical_concentration":10.0,"source":"SIAGAS_MS_20260814","evidence_code":"E10"}},{"type":"Feature","geometry":{"type":"Point","coordinates":[-55.41656399999994,-23.93375599999996]},"properties":{"well_id":"3500073916","municipality":"Paranhos","aquifer":"Bauru","available_fields":"pH | CONDUTIVIDADE_ELETRICA | TEMPERATURA | Solidos dissolvidos totais","available_count":4,"pH":4.82999992,"electrical_conductivity":9.49,"temperature":22.0,"chemical_parameter":"Solidos dissolvidos totais","chemical_concentration":6.17,"source":"SIAGAS_MS_20260814","evidence_code":"E10"}},{"type":"Feature","geometry":{"type":"Point","coordinates":[-54.28241099999997,-23.78108599999996]},"properties":{"well_id":"3500073915","municipality":"Eldorado","aquifer":"Bauru","available_fields":"pH | CONDUTIVIDADE_ELETRICA | TEMPERATURA | Solidos dissolvidos totais","available_count":4,"pH":6.69999981,"electrical_conductivity":303.0,"temperature":28.0,"chemical_parameter":"Solidos dissolvidos totais","chemical_concentration":113.0,"source":"SIAGAS_MS_20260814","evidence_code":"E10"}},{"type":"Feature","geometry":{"type":"Point","coordinates":[-52.18127199999998,-21.47129999999993]},"properties":{"well_id":"3500072995","municipality":"Brasilândia","aquifer":"Bauru","available_fields":"pH | CONDUTIVIDADE_ELETRICA | TEMPERATURA | Solidos dissolvidos totais","available_count":4,"pH":7.4000001,"electrical_conductivity":10.0,"temperature":30.0,"chemical_parameter":"Solidos dissolvidos totais","chemical_concentration":5.0,"source":"SIAGAS_MS_20260814","evidence_code":"E10"}},{"type":"Feature","geometry":{"type":"Point","coordinates":[-52.16241699999995,-21.46902799999998]},"properties":{"well_id":"3500072993","municipality":"Brasilândia","aquifer":"Bauru","available_fields":"pH | CONDUTIVIDADE_ELETRICA | TEMPERATURA | Solidos dissolvidos totais","available_count":4,"pH":6.30000019,"electrical_conductivity":22.7,"temperature":25.0,"chemical_parameter":"Solidos dissolvidos totais","chemical_concentration":14.8,"source":"SIAGAS_MS_20260814","evidence_code":"E10"}},{"type":"Feature","geometry":{"type":"Point","coordinates":[-51.69101699999993,-20.106641999999965]},"properties":{"well_id":"3500072967","municipality":"Selvíria","aquifer":"Serra geral","available_fields":"pH | CONDUTIVIDADE_ELETRICA | TEMPERATURA | Solidos dissolvidos totais","available_count":4,"pH":7.23000002,"electrical_conductivity":31.2,"temperature":27.0,"chemical_parameter":"Solidos dissolvidos totais","chemical_concentration":154.0,"source":"SIAGAS_MS_20260814","evidence_code":"E10"}},{"type":"Feature","geometry":{"type":"Point","coordinates":[-51.29959999999994,-20.08933099999996]},"properties":{"well_id":"3500072965","municipality":"Aparecida do Taboado","aquifer":"Bauru","available_fields":"pH | CONDUTIVIDADE_ELETRICA | TEMPERATURA | Solidos dissolvidos totais","available_count":4,"pH":9.47999954,"electrical_conductivity":44.6,"temperature":24.7000008,"chemical_parameter":"Solidos dissolvidos totais","chemical_concentration":91.0,"source":"SIAGAS_MS_20260814","evidence_code":"E10"}},{"type":"Feature","geometry":{"type":"Point","coordinates":[-52.738999999999976,-18.73399999999998]},"properties":{"well_id":"3500072949","municipality":"Chapadão do Sul","aquifer":"Bauru","available_fields":"pH | CONDUTIVIDADE_ELETRICA | TEMPERATURA | Solidos dissolvidos totais","available_count":4,"pH":6.80000019,"electrical_conductivity":88.5,"temperature":20.0,"chemical_parameter":"Solidos dissolvidos totais","chemical_concentration":7.0,"source":"SIAGAS_MS_20260814","evidence_code":"E10"}},{"type":"Feature","geometry":{"type":"Point","coordinates":[-55.806366999999966,-20.46789999999993]},"properties":{"well_id":"3500072914","municipality":"Aquidauana","aquifer":"Furnas","available_fields":"pH | TEMPERATURA | Solidos dissolvidos totais","available_count":3,"pH":6.69999981,"electrical_conductivity":null,"temperature":21.0,"chemical_parameter":"Solidos dissolvidos totais","chemical_concentration":26.0,"source":"SIAGAS_MS_20260814","evidence_code":"E10"}},{"type":"Feature","geometry":{"type":"Point","coordinates":[-51.178916999999956,-19.700538999999935]},"properties":{"well_id":"3500072910","municipality":"Paranaíba","aquifer":"Serra geral","available_fields":"pH | Solidos dissolvidos totais","available_count":2,"pH":7.36999989,"electrical_conductivity":null,"temperature":null,"chemical_parameter":"Solidos dissolvidos totais","chemical_concentration":82.0,"source":"SIAGAS_MS_20260814","evidence_code":"E10"}},{"type":"Feature","geometry":{"type":"Point","coordinates":[-54.616416999999956,-20.454805999999962]},"properties":{"well_id":"3500072907","municipality":"Campo Grande","aquifer":"Serra geral","available_fields":"pH | TEMPERATURA | Solidos dissolvidos totais","available_count":3,"pH":6.80000019,"electrical_conductivity":null,"temperature":26.7999992,"chemical_parameter":"Solidos dissolvidos totais","chemical_concentration":220.0,"source":"SIAGAS_MS_20260814","evidence_code":"E10"}},{"type":"Feature","geometry":{"type":"Point","coordinates":[-51.64392499999997,-20.79786699999994]},"properties":{"well_id":"3500072904","municipality":"Três Lagoas","aquifer":"Serra geral","available_fields":"pH | TEMPERATURA | Solidos dissolvidos totais","available_count":3,"pH":6.69999981,"electrical_conductivity":null,"temperature":22.2000008,"chemical_parameter":"Solidos dissolvidos totais","chemical_concentration":75.0,"source":"SIAGAS_MS_20260814","evidence_code":"E10"}},{"type":"Feature","geometry":{"type":"Point","coordinates":[-51.87277799999998,-20.799721999999974]},"properties":{"well_id":"3500072889","municipality":"Três Lagoas","aquifer":"Bauru","available_fields":"pH | TEMPERATURA | Solidos dissolvidos totais","available_count":3,"pH":6.63999987,"electrical_conductivity":null,"temperature":24.6000004,"chemical_parameter":"Solidos dissolvidos totais","chemical_concentration":481.0,"source":"SIAGAS_MS_20260814","evidence_code":"E10"}},{"type":"Feature","geometry":{"type":"Point","coordinates":[-51.66801899999996,-20.757049999999936]},"properties":{"well_id":"3500072887","municipality":"Três Lagoas","aquifer":"Serra geral","available_fields":"pH | TEMPERATURA | Solidos dissolvidos totais","available_count":3,"pH":6.0,"electrical_conductivity":null,"temperature":28.0,"chemical_parameter":"Solidos dissolvidos totais","chemical_concentration":60.0,"source":"SIAGAS_MS_20260814","evidence_code":"E10"}},{"type":"Feature","geometry":{"type":"Point","coordinates":[-54.63654199999996,-20.49955799999998]},"properties":{"well_id":"3500072878","municipality":"Campo Grande","aquifer":"Serra geral","available_fields":"pH | TEMPERATURA | Solidos dissolvidos totais","available_count":3,"pH":5.9000001,"electrical_conductivity":null,"temperature":28.0,"chemical_parameter":"Solidos dissolvidos totais","chemical_concentration":145.0,"source":"SIAGAS_MS_20260814","evidence_code":"E10"}},{"type":"Feature","geometry":{"type":"Point","coordinates":[-51.74624699999998,-20.810516999999948]},"properties":{"well_id":"3500072871","municipality":"Três Lagoas","aquifer":"Bauru","available_fields":"pH | Solidos dissolvidos totais","available_count":2,"pH":7.30000019,"electrical_conductivity":null,"temperature":null,"chemical_parameter":"Solidos dissolvidos totais","chemical_concentration":76.0,"source":"SIAGAS_MS_20260814","evidence_code":"E10"}},{"type":"Feature","geometry":{"type":"Point","coordinates":[-54.58627199999995,-20.52463599999993]},"properties":{"well_id":"3500072834","municipality":"Campo Grande","aquifer":"Serra geral","available_fields":"pH | CONDUTIVIDADE_ELETRICA | TEMPERATURA | Solidos dissolvidos totais","available_count":4,"pH":6.5,"electrical_conductivity":172.0,"temperature":27.0,"chemical_parameter":"Solidos dissolvidos totais","chemical_concentration":158.0,"source":"SIAGAS_MS_20260814","evidence_code":"E10"}},{"type":"Feature","geometry":{"type":"Point","coordinates":[-54.46888599999994,-22.178180999999938]},"properties":{"well_id":"3500072791","municipality":"Dourados","aquifer":"Serra geral","available_fields":"pH | CONDUTIVIDADE_ELETRICA | TEMPERATURA | Solidos dissolvidos totais","available_count":4,"pH":8.56000042,"electrical_conductivity":50.52,"temperature":24.0,"chemical_parameter":"Solidos dissolvidos totais","chemical_concentration":32.33,"source":"SIAGAS_MS_20260814","evidence_code":"E10"}},{"type":"Feature","geometry":{"type":"Point","coordinates":[-54.715893999999935,-22.53305599999993]},"properties":{"well_id":"3500072759","municipality":"Caarapó","aquifer":"Serra geral","available_fields":"pH | CONDUTIVIDADE_ELETRICA | Solidos dissolvidos totais","available_count":3,"pH":5.67999983,"electrical_conductivity":34.4,"temperature":null,"chemical_parameter":"Solidos dissolvidos totais","chemical_concentration":32.0,"source":"SIAGAS_MS_20260814","evidence_code":"E10"}},{"type":"Feature","geometry":{"type":"Point","coordinates":[-54.72012799999993,-20.467693999999938]},"properties":{"well_id":"3500072723","municipality":"Campo Grande","aquifer":"Serra geral","available_fields":"pH | TEMPERATURA | Solidos dissolvidos totais","available_count":3,"pH":7.5999999,"electrical_conductivity":null,"temperature":25.3999996,"chemical_parameter":"Solidos dissolvidos totais","chemical_concentration":99.0,"source":"SIAGAS_MS_20260814","evidence_code":"E10"}},{"type":"Feature","geometry":{"type":"Point","coordinates":[-54.83916099999993,-20.096527999999978]},"properties":{"well_id":"3500072704","municipality":"Rochedo","aquifer":"Botucatu","available_fields":"pH | Solidos dissolvidos totais","available_count":2,"pH":6.11000013,"electrical_conductivity":null,"temperature":null,"chemical_parameter":"Solidos dissolvidos totais","chemical_concentration":56.0,"source":"SIAGAS_MS_20260814","evidence_code":"E10"}},{"type":"Feature","geometry":{"type":"Point","coordinates":[-55.18748899999997,-20.79198299999996]},"properties":{"well_id":"3500072667","municipality":"Dois Irmãos do Buriti","aquifer":"Serra geral","available_fields":"pH | CONDUTIVIDADE_ELETRICA | TEMPERATURA | Solidos dissolvidos totais","available_count":4,"pH":7.0999999,"electrical_conductivity":74.0,"temperature":29.0,"chemical_parameter":"Solidos dissolvidos totais","chemical_concentration":39.0,"source":"SIAGAS_MS_20260814","evidence_code":"E10"}},{"type":"Feature","geometry":{"type":"Point","coordinates":[-53.29405299999996,-19.33140599999996]},"properties":{"well_id":"3500072665","municipality":"Paraíso das Águas","aquifer":"Bauru","available_fields":"pH | CONDUTIVIDADE_ELETRICA | TEMPERATURA | Solidos dissolvidos totais","available_count":4,"pH":5.55999994,"electrical_conductivity":2.9,"temperature":24.0,"chemical_parameter":"Solidos dissolvidos totais","chemical_concentration":88.0,"source":"SIAGAS_MS_20260814","evidence_code":"E10"}},{"type":"Feature","geometry":{"type":"Point","coordinates":[-54.55330799999996,-20.491360999999927]},"properties":{"well_id":"3500072654","municipality":"Campo Grande","aquifer":"Serra geral","available_fields":"pH | CONDUTIVIDADE_ELETRICA | TEMPERATURA | Solidos dissolvidos totais","available_count":4,"pH":7.0999999,"electrical_conductivity":212.0,"temperature":23.0,"chemical_parameter":"Solidos dissolvidos totais","chemical_concentration":23.0,"source":"SIAGAS_MS_20260814","evidence_code":"E10"}},{"type":"Feature","geometry":{"type":"Point","coordinates":[-52.93544399999996,-19.37799999999993]},"properties":{"well_id":"3500072650","municipality":"Paraíso das Águas","aquifer":"Bauru","available_fields":"pH | CONDUTIVIDADE_ELETRICA | TEMPERATURA | Solidos dissolvidos totais","available_count":4,"pH":5.0,"electrical_conductivity":7.0,"temperature":25.0,"chemical_parameter":"Solidos dissolvidos totais","chemical_concentration":43.0,"source":"SIAGAS_MS_20260814","evidence_code":"E10"}},{"type":"Feature","geometry":{"type":"Point","coordinates":[-54.57091099999997,-21.810671999999954]},"properties":{"well_id":"3500072643","municipality":"Rio Brilhante","aquifer":"Serra geral","available_fields":"pH | CONDUTIVIDADE_ELETRICA | TEMPERATURA | Solidos dissolvidos totais","available_count":4,"pH":7.57000017,"electrical_conductivity":87.8,"temperature":24.0,"chemical_parameter":"Solidos dissolvidos totais","chemical_concentration":122.0,"source":"SIAGAS_MS_20260814","evidence_code":"E10"}},{"type":"Feature","geometry":{"type":"Point","coordinates":[-54.76014699999996,-17.636013999999932]},"properties":{"well_id":"3500072626","municipality":"Sonora","aquifer":"Furnas","available_fields":"pH | TEMPERATURA | Solidos dissolvidos totais","available_count":3,"pH":5.01999998,"electrical_conductivity":null,"temperature":30.0,"chemical_parameter":"Solidos dissolvidos totais","chemical_concentration":82.0,"source":"SIAGAS_MS_20260814","evidence_code":"E10"}},{"type":"Feature","geometry":{"type":"Point","coordinates":[-54.960635999999965,-22.887918999999954]},"properties":{"well_id":"3500072588","municipality":"Laguna Carapã","aquifer":"Serra geral","available_fields":"pH | CONDUTIVIDADE_ELETRICA | TEMPERATURA | Solidos dissolvidos totais","available_count":4,"pH":6.07999992,"electrical_conductivity":157.2,"temperature":25.0,"chemical_parameter":"Solidos dissolvidos totais","chemical_concentration":111.0,"source":"SIAGAS_MS_20260814","evidence_code":"E10"}},{"type":"Feature","geometry":{"type":"Point","coordinates":[-52.93650799999995,-22.199299999999937]},"properties":{"well_id":"3500072577","municipality":"Anaurilândia","aquifer":"Bauru","available_fields":"pH | CONDUTIVIDADE_ELETRICA | TEMPERATURA | Solidos dissolvidos totais","available_count":4,"pH":6.17999983,"electrical_conductivity":9.6,"temperature":18.0,"chemical_parameter":"Solidos dissolvidos totais","chemical_concentration":42.0,"source":"SIAGAS_MS_20260814","evidence_code":"E10"}},{"type":"Feature","geometry":{"type":"Point","coordinates":[-54.83544699999993,-20.95164699999998]},"properties":{"well_id":"3500072571","municipality":"Sidrolândia","aquifer":"Serra geral","available_fields":"pH | TEMPERATURA | Solidos dissolvidos totais","available_count":3,"pH":5.9000001,"electrical_conductivity":null,"temperature":23.0,"chemical_parameter":"Solidos dissolvidos totais","chemical_concentration":15.0,"source":"SIAGAS_MS_20260814","evidence_code":"E10"}},{"type":"Feature","geometry":{"type":"Point","coordinates":[-54.31111899999996,-22.476610999999934]},"properties":{"well_id":"3500072541","municipality":"Jateí","aquifer":"Serra geral","available_fields":"pH | CONDUTIVIDADE_ELETRICA | TEMPERATURA | Solidos dissolvidos totais","available_count":4,"pH":5.0,"electrical_conductivity":54.0,"temperature":29.1000004,"chemical_parameter":"Solidos dissolvidos totais","chemical_concentration":82.6,"source":"SIAGAS_MS_20260814","evidence_code":"E10"}},{"type":"Feature","geometry":{"type":"Point","coordinates":[-51.17717799999997,-20.113593999999978]},"properties":{"well_id":"3500072525","municipality":"Aparecida do Taboado","aquifer":"Bauru","available_fields":"pH | TEMPERATURA | Solidos dissolvidos totais","available_count":3,"pH":9.64999962,"electrical_conductivity":null,"temperature":19.0,"chemical_parameter":"Solidos dissolvidos totais","chemical_concentration":332.0,"source":"SIAGAS_MS_20260814","evidence_code":"E10"}},{"type":"Feature","geometry":{"type":"Point","coordinates":[-54.67298899999997,-20.49203099999994]},"properties":{"well_id":"3500072473","municipality":"Campo Grande","aquifer":"Botucatu","available_fields":"pH | CONDUTIVIDADE_ELETRICA | TEMPERATURA | Solidos dissolvidos totais","available_count":4,"pH":6.69999981,"electrical_conductivity":107.0,"temperature":26.0,"chemical_parameter":"Solidos dissolvidos totais","chemical_concentration":99.0,"source":"SIAGAS_MS_20260814","evidence_code":"E10"}},{"type":"Feature","geometry":{"type":"Point","coordinates":[-51.110638999999935,-20.04002799999995]},"properties":{"well_id":"3500072393","municipality":"Aparecida do Taboado","aquifer":"Serra geral","available_fields":"pH | TEMPERATURA | Solidos dissolvidos totais","available_count":3,"pH":7.69999981,"electrical_conductivity":null,"temperature":30.2000008,"chemical_parameter":"Solidos dissolvidos totais","chemical_concentration":104.0,"source":"SIAGAS_MS_20260814","evidence_code":"E10"}},{"type":"Feature","geometry":{"type":"Point","coordinates":[-55.49057499999998,-22.956293999999957]},"properties":{"well_id":"3500072361","municipality":"Aral Moreira","aquifer":"Serra geral","available_fields":"pH | CONDUTIVIDADE_ELETRICA | TEMPERATURA | Solidos dissolvidos totais","available_count":4,"pH":6.48000002,"electrical_conductivity":50.61,"temperature":18.0,"chemical_parameter":"Solidos dissolvidos totais","chemical_concentration":36.0,"source":"SIAGAS_MS_20260814","evidence_code":"E10"}},{"type":"Feature","geometry":{"type":"Point","coordinates":[-56.04049699999996,-22.066130999999928]},"properties":{"well_id":"3500072355","municipality":"Bela Vista","aquifer":"Serra geral","available_fields":"pH | CONDUTIVIDADE_ELETRICA | TEMPERATURA | Solidos dissolvidos totais","available_count":4,"pH":7.19000006,"electrical_conductivity":84.6,"temperature":28.0,"chemical_parameter":"Solidos dissolvidos totais","chemical_concentration":57.0,"source":"SIAGAS_MS_20260814","evidence_code":"E10"}},{"type":"Feature","geometry":{"type":"Point","coordinates":[-52.869921999999974,-20.423868999999968]},"properties":{"well_id":"3500072349","municipality":"Água Clara","aquifer":"Serra geral","available_fields":"pH | CONDUTIVIDADE_ELETRICA | Solidos dissolvidos totais","available_count":3,"pH":6.80000019,"electrical_conductivity":110.2,"temperature":null,"chemical_parameter":"Solidos dissolvidos totais","chemical_concentration":94.8,"source":"SIAGAS_MS_20260814","evidence_code":"E10"}},{"type":"Feature","geometry":{"type":"Point","coordinates":[-54.67061099999995,-19.345657999999958]},"properties":{"well_id":"3500072347","municipality":"São Gabriel do Oeste","aquifer":"Botucatu","available_fields":"pH | CONDUTIVIDADE_ELETRICA | TEMPERATURA | Solidos dissolvidos totais","available_count":4,"pH":5.4000001,"electrical_conductivity":0.2,"temperature":25.0,"chemical_parameter":"Solidos dissolvidos totais","chemical_concentration":0.5,"source":"SIAGAS_MS_20260814","evidence_code":"E10"}},{"type":"Feature","geometry":{"type":"Point","coordinates":[-54.042066999999975,-19.539885999999967]},"properties":{"well_id":"3500072297","municipality":"Camapuã","aquifer":"Botucatu","available_fields":"pH | CONDUTIVIDADE_ELETRICA | TEMPERATURA | Solidos dissolvidos totais","available_count":4,"pH":7.0,"electrical_conductivity":183.5,"temperature":29.2000008,"chemical_parameter":"Solidos dissolvidos totais","chemical_concentration":157.8,"source":"SIAGAS_MS_20260814","evidence_code":"E10"}},{"type":"Feature","geometry":{"type":"Point","coordinates":[-54.66999199999998,-20.40067199999993]},"properties":{"well_id":"3500072281","municipality":"Campo Grande","aquifer":"Botucatu","available_fields":"pH | TEMPERATURA","available_count":2,"pH":7.71999979,"electrical_conductivity":null,"temperature":28.7999992,"chemical_parameter":"","chemical_concentration":null,"source":"SIAGAS_MS_20260814","evidence_code":"E10"}},{"type":"Feature","geometry":{"type":"Point","coordinates":[-54.04118299999993,-19.53461699999997]},"properties":{"well_id":"3500072275","municipality":"Camapuã","aquifer":"Botucatu","available_fields":"pH | Solidos dissolvidos totais","available_count":2,"pH":8.0,"electrical_conductivity":null,"temperature":null,"chemical_parameter":"Solidos dissolvidos totais","chemical_concentration":156.4,"source":"SIAGAS_MS_20260814","evidence_code":"E10"}},{"type":"Feature","geometry":{"type":"Point","coordinates":[-54.237499999999955,-21.58166699999998]},"properties":{"well_id":"3500072224","municipality":"Nova Alvorada do Sul","aquifer":"Serra geral","available_fields":"pH | TEMPERATURA | Solidos dissolvidos totais","available_count":3,"pH":6.30999994,"electrical_conductivity":null,"temperature":25.6000004,"chemical_parameter":"Solidos dissolvidos totais","chemical_concentration":148.0,"source":"SIAGAS_MS_20260814","evidence_code":"E10"}},{"type":"Feature","geometry":{"type":"Point","coordinates":[-54.74493899999993,-20.48263099999997]},"properties":{"well_id":"3500072152","municipality":"Campo Grande","aquifer":"Botucatu","available_fields":"pH | CONDUTIVIDADE_ELETRICA | TEMPERATURA | Solidos dissolvidos totais","available_count":4,"pH":6.80000019,"electrical_conductivity":237.0,"temperature":26.0,"chemical_parameter":"Solidos dissolvidos totais","chemical_concentration":172.0,"source":"SIAGAS_MS_20260814","evidence_code":"E10"}},{"type":"Feature","geometry":{"type":"Point","coordinates":[-54.504610999999954,-20.884346999999934]},"properties":{"well_id":"3500072150","municipality":"Campo Grande","aquifer":"Serra geral","available_fields":"pH | TEMPERATURA | Solidos dissolvidos totais","available_count":3,"pH":7.23999977,"electrical_conductivity":null,"temperature":22.2999992,"chemical_parameter":"Solidos dissolvidos totais","chemical_concentration":81.0,"source":"SIAGAS_MS_20260814","evidence_code":"E10"}},{"type":"Feature","geometry":{"type":"Point","coordinates":[-51.17788899999994,-20.113080999999966]},"properties":{"well_id":"3500072130","municipality":"Aparecida do Taboado","aquifer":"Bauru","available_fields":"pH | TEMPERATURA | Solidos dissolvidos totais","available_count":3,"pH":9.89000034,"electrical_conductivity":null,"temperature":19.0,"chemical_parameter":"Solidos dissolvidos totais","chemical_concentration":350.0,"source":"SIAGAS_MS_20260814","evidence_code":"E10"}},{"type":"Feature","geometry":{"type":"Point","coordinates":[-54.767030999999974,-20.83079699999996]},"properties":{"well_id":"3500072118","municipality":"Sidrolândia","aquifer":"Serra geral","available_fields":"pH | CONDUTIVIDADE_ELETRICA | TEMPERATURA | Solidos dissolvidos totais","available_count":4,"pH":6.0999999,"electrical_conductivity":111.7,"temperature":26.0,"chemical_parameter":"Solidos dissolvidos totais","chemical_concentration":175.0,"source":"SIAGAS_MS_20260814","evidence_code":"E10"}},{"type":"Feature","geometry":{"type":"Point","coordinates":[-54.81574399999994,-22.609346999999957]},"properties":{"well_id":"3500072017","municipality":"Caarapó","aquifer":"Serra geral","available_fields":"pH | CONDUTIVIDADE_ELETRICA | TEMPERATURA | Solidos dissolvidos totais","available_count":4,"pH":6.98000002,"electrical_conductivity":158.9,"temperature":24.0,"chemical_parameter":"Solidos dissolvidos totais","chemical_concentration":103.29,"source":"SIAGAS_MS_20260814","evidence_code":"E10"}},{"type":"Feature","geometry":{"type":"Point","coordinates":[-54.724924999999985,-22.221180999999945]},"properties":{"well_id":"3500072012","municipality":"Dourados","aquifer":"Botucatu","available_fields":"pH | CONDUTIVIDADE_ELETRICA | TEMPERATURA | Solidos dissolvidos totais","available_count":4,"pH":7.03999996,"electrical_conductivity":167.1,"temperature":36.0,"chemical_parameter":"Solidos dissolvidos totais","chemical_concentration":54.0,"source":"SIAGAS_MS_20260814","evidence_code":"E10"}},{"type":"Feature","geometry":{"type":"Point","coordinates":[-54.63398099999995,-19.466991999999948]},"properties":{"well_id":"3500073024","municipality":"São Gabriel do Oeste","aquifer":"Botucatu","available_fields":"pH | CONDUTIVIDADE_ELETRICA | TEMPERATURA | Solidos dissolvidos totais","available_count":4,"pH":6.0999999,"electrical_conductivity":0.08,"temperature":24.0,"chemical_parameter":"Solidos dissolvidos totais","chemical_concentration":0.03,"source":"SIAGAS_MS_20260814","evidence_code":"E10"}},{"type":"Feature","geometry":{"type":"Point","coordinates":[-54.564074999999946,-19.441460999999947]},"properties":{"well_id":"3500073022","municipality":"São Gabriel do Oeste","aquifer":"Botucatu","available_fields":"pH | CONDUTIVIDADE_ELETRICA | TEMPERATURA | Solidos dissolvidos totais","available_count":4,"pH":6.0,"electrical_conductivity":30.0,"temperature":23.5,"chemical_parameter":"Solidos dissolvidos totais","chemical_concentration":10.0,"source":"SIAGAS_MS_20260814","evidence_code":"E10"}},{"type":"Feature","geometry":{"type":"Point","coordinates":[-55.025991999999974,-22.46384699999993]},"properties":{"well_id":"3500073008","municipality":"Laguna Carapã","aquifer":"Serra geral","available_fields":"pH | CONDUTIVIDADE_ELETRICA | TEMPERATURA | Solidos dissolvidos totais","available_count":4,"pH":8.10000038,"electrical_conductivity":149.0,"temperature":24.0,"chemical_parameter":"Solidos dissolvidos totais","chemical_concentration":79.0,"source":"SIAGAS_MS_20260814","evidence_code":"E10"}},{"type":"Feature","geometry":{"type":"Point","coordinates":[-54.787499999999966,-22.309166999999945]},"properties":{"well_id":"3500073041","municipality":"Dourados","aquifer":"Serra geral","available_fields":"pH | CONDUTIVIDADE_ELETRICA | TEMPERATURA | Solidos dissolvidos totais","available_count":4,"pH":7.36000013,"electrical_conductivity":143.3,"temperature":22.8999996,"chemical_parameter":"Solidos dissolvidos totais","chemical_concentration":70.0,"source":"SIAGAS_MS_20260814","evidence_code":"E10"}},{"type":"Feature","geometry":{"type":"Point","coordinates":[-52.43135799999993,-21.715791999999965]},"properties":{"well_id":"3500073079","municipality":"Bataguassu","aquifer":"Bauru","available_fields":"pH | Solidos dissolvidos totais","available_count":2,"pH":6.5999999,"electrical_conductivity":null,"temperature":null,"chemical_parameter":"Solidos dissolvidos totais","chemical_concentration":51.4,"source":"SIAGAS_MS_20260814","evidence_code":"E10"}},{"type":"Feature","geometry":{"type":"Point","coordinates":[-54.577002999999934,-22.094221999999945]},"properties":{"well_id":"3500073072","municipality":"Douradina","aquifer":"Serra geral","available_fields":"pH | CONDUTIVIDADE_ELETRICA | TEMPERATURA | Solidos dissolvidos totais","available_count":4,"pH":6.69999981,"electrical_conductivity":197.3,"temperature":26.0,"chemical_parameter":"Solidos dissolvidos totais","chemical_concentration":150.0,"source":"SIAGAS_MS_20260814","evidence_code":"E10"}},{"type":"Feature","geometry":{"type":"Point","coordinates":[-54.721082999999965,-22.222055999999952]},"properties":{"well_id":"3500073071","municipality":"Dourados","aquifer":"Serra geral","available_fields":"pH | CONDUTIVIDADE_ELETRICA | TEMPERATURA | Solidos dissolvidos totais","available_count":4,"pH":6.9000001,"electrical_conductivity":283.0,"temperature":21.0,"chemical_parameter":"Solidos dissolvidos totais","chemical_concentration":224.0,"source":"SIAGAS_MS_20260814","evidence_code":"E10"}},{"type":"Feature","geometry":{"type":"Point","coordinates":[-54.581046999999955,-20.607727999999952]},"properties":{"well_id":"3500073093","municipality":"Campo Grande","aquifer":"Serra geral","available_fields":"pH | TEMPERATURA | Solidos dissolvidos totais","available_count":3,"pH":4.19999981,"electrical_conductivity":null,"temperature":23.0,"chemical_parameter":"Solidos dissolvidos totais","chemical_concentration":109.0,"source":"SIAGAS_MS_20260814","evidence_code":"E10"}},{"type":"Feature","geometry":{"type":"Point","coordinates":[-51.66882799999996,-20.764718999999957]},"properties":{"well_id":"3500073106","municipality":"Três Lagoas","aquifer":"Bauru","available_fields":"pH | TEMPERATURA | Solidos dissolvidos totais","available_count":3,"pH":6.01999998,"electrical_conductivity":null,"temperature":31.0,"chemical_parameter":"Solidos dissolvidos totais","chemical_concentration":40.0,"source":"SIAGAS_MS_20260814","evidence_code":"E10"}},{"type":"Feature","geometry":{"type":"Point","coordinates":[-54.46716699999996,-19.887602999999956]},"properties":{"well_id":"3500073133","municipality":"Rochedo","aquifer":"Serra geral","available_fields":"pH | CONDUTIVIDADE_ELETRICA | TEMPERATURA | Solidos dissolvidos totais","available_count":4,"pH":7.5999999,"electrical_conductivity":348.9,"temperature":26.0,"chemical_parameter":"Solidos dissolvidos totais","chemical_concentration":19.0,"source":"SIAGAS_MS_20260814","evidence_code":"E10"}},{"type":"Feature","geometry":{"type":"Point","coordinates":[-55.34120299999995,-20.491480999999965]},"properties":{"well_id":"3500073126","municipality":"Dois Irmãos do Buriti","aquifer":"Botucatu","available_fields":"pH | CONDUTIVIDADE_ELETRICA | TEMPERATURA | Solidos dissolvidos totais","available_count":4,"pH":6.19999981,"electrical_conductivity":31.0,"temperature":23.0,"chemical_parameter":"Solidos dissolvidos totais","chemical_concentration":13.0,"source":"SIAGAS_MS_20260814","evidence_code":"E10"}},{"type":"Feature","geometry":{"type":"Point","coordinates":[-54.19813599999998,-23.582177999999942]},"properties":{"well_id":"3500073160","municipality":"Itaquiraí","aquifer":"Bauru","available_fields":"pH | TEMPERATURA | Solidos dissolvidos totais","available_count":3,"pH":6.1500001,"electrical_conductivity":null,"temperature":23.0,"chemical_parameter":"Solidos dissolvidos totais","chemical_concentration":63.0,"source":"SIAGAS_MS_20260814","evidence_code":"E10"}},{"type":"Feature","geometry":{"type":"Point","coordinates":[-54.04262199999994,-19.530396999999937]},"properties":{"well_id":"3500073152","municipality":"Camapuã","aquifer":"Botucatu","available_fields":"pH | Solidos dissolvidos totais","available_count":2,"pH":7.80000019,"electrical_conductivity":null,"temperature":null,"chemical_parameter":"Solidos dissolvidos totais","chemical_concentration":185.6,"source":"SIAGAS_MS_20260814","evidence_code":"E10"}},{"type":"Feature","geometry":{"type":"Point","coordinates":[-54.612124999999935,-20.501630999999975]},"properties":{"well_id":"3500073150","municipality":"Campo Grande","aquifer":"Serra geral","available_fields":"pH | CONDUTIVIDADE_ELETRICA | TEMPERATURA | Solidos dissolvidos totais","available_count":4,"pH":6.67999983,"electrical_conductivity":131.1,"temperature":27.0,"chemical_parameter":"Solidos dissolvidos totais","chemical_concentration":132.0,"source":"SIAGAS_MS_20260814","evidence_code":"E10"}},{"type":"Feature","geometry":{"type":"Point","coordinates":[-54.68377499999997,-20.517802999999958]},"properties":{"well_id":"3500073149","municipality":"Campo Grande","aquifer":"Serra geral","available_fields":"pH | CONDUTIVIDADE_ELETRICA | TEMPERATURA | Solidos dissolvidos totais","available_count":4,"pH":8.0,"electrical_conductivity":68.0,"temperature":29.0,"chemical_parameter":"Solidos dissolvidos totais","chemical_concentration":68.0,"source":"SIAGAS_MS_20260814","evidence_code":"E10"}},{"type":"Feature","geometry":{"type":"Point","coordinates":[-55.10777799999994,-22.172777999999937]},"properties":{"well_id":"3500073166","municipality":"Dourados","aquifer":"Serra geral","available_fields":"pH | CONDUTIVIDADE_ELETRICA | TEMPERATURA | Solidos dissolvidos totais","available_count":4,"pH":6.5,"electrical_conductivity":34.66,"temperature":24.0,"chemical_parameter":"Solidos dissolvidos totais","chemical_concentration":22.52,"source":"SIAGAS_MS_20260814","evidence_code":"E10"}},{"type":"Feature","geometry":{"type":"Point","coordinates":[-54.76813899999996,-21.928277999999978]},"properties":{"well_id":"3500073186","municipality":"Itaporã","aquifer":"Serra geral","available_fields":"pH | CONDUTIVIDADE_ELETRICA | TEMPERATURA | Solidos dissolvidos totais","available_count":4,"pH":6.44999981,"electrical_conductivity":58.71,"temperature":24.0,"chemical_parameter":"Solidos dissolvidos totais","chemical_concentration":38.16,"source":"SIAGAS_MS_20260814","evidence_code":"E10"}},{"type":"Feature","geometry":{"type":"Point","coordinates":[-55.737127999999984,-22.462957999999958]},"properties":{"well_id":"3500073180","municipality":"Ponta Porã","aquifer":"Serra geral","available_fields":"pH | CONDUTIVIDADE_ELETRICA | TEMPERATURA | Solidos dissolvidos totais","available_count":4,"pH":6.98999977,"electrical_conductivity":215.5,"temperature":23.3999996,"chemical_parameter":"Solidos dissolvidos totais","chemical_concentration":155.0,"source":"SIAGAS_MS_20260814","evidence_code":"E10"}},{"type":"Feature","geometry":{"type":"Point","coordinates":[-53.84261899999996,-22.338152999999977]},"properties":{"well_id":"3500073204","municipality":"Ivinhema","aquifer":"Bauru","available_fields":"pH | CONDUTIVIDADE_ELETRICA | Solidos dissolvidos totais","available_count":3,"pH":5.69999981,"electrical_conductivity":22.7,"temperature":null,"chemical_parameter":"Solidos dissolvidos totais","chemical_concentration":155.0,"source":"SIAGAS_MS_20260814","evidence_code":"E10"}},{"type":"Feature","geometry":{"type":"Point","coordinates":[-54.121321999999964,-22.505627999999945]},"properties":{"well_id":"3500073200","municipality":"Glória de Dourados","aquifer":"Bauru","available_fields":"pH | CONDUTIVIDADE_ELETRICA | TEMPERATURA | Solidos dissolvidos totais","available_count":4,"pH":5.46999979,"electrical_conductivity":17.0,"temperature":23.0,"chemical_parameter":"Solidos dissolvidos totais","chemical_concentration":25.0,"source":"SIAGAS_MS_20260814","evidence_code":"E10"}},{"type":"Feature","geometry":{"type":"Point","coordinates":[-54.741777999999954,-18.52297199999998]},"properties":{"well_id":"3500073216","municipality":"Coxim","aquifer":"Furnas","available_fields":"pH | Solidos dissolvidos totais","available_count":2,"pH":6.11999989,"electrical_conductivity":null,"temperature":null,"chemical_parameter":"Solidos dissolvidos totais","chemical_concentration":36.0,"source":"SIAGAS_MS_20260814","evidence_code":"E10"}},{"type":"Feature","geometry":{"type":"Point","coordinates":[-54.63694399999997,-20.459721999999942]},"properties":{"well_id":"3500073234","municipality":"Campo Grande","aquifer":"Serra geral","available_fields":"pH | TEMPERATURA | Solidos dissolvidos totais","available_count":3,"pH":7.5,"electrical_conductivity":null,"temperature":26.0,"chemical_parameter":"Solidos dissolvidos totais","chemical_concentration":100.0,"source":"SIAGAS_MS_20260814","evidence_code":"E10"}},{"type":"Feature","geometry":{"type":"Point","coordinates":[-54.864277999999956,-22.493499999999983]},"properties":{"well_id":"3500073230","municipality":"Caarapó","aquifer":"Serra geral","available_fields":"pH | TEMPERATURA | Solidos dissolvidos totais","available_count":3,"pH":5.30000019,"electrical_conductivity":null,"temperature":26.5,"chemical_parameter":"Solidos dissolvidos totais","chemical_concentration":80.0,"source":"SIAGAS_MS_20260814","evidence_code":"E10"}},{"type":"Feature","geometry":{"type":"Point","coordinates":[-54.582041999999944,-22.105155999999965]},"properties":{"well_id":"3500073229","municipality":"Douradina","aquifer":"Serra geral","available_fields":"pH | TEMPERATURA | Solidos dissolvidos totais","available_count":3,"pH":7.13999987,"electrical_conductivity":null,"temperature":24.3999996,"chemical_parameter":"Solidos dissolvidos totais","chemical_concentration":14.0,"source":"SIAGAS_MS_20260814","evidence_code":"E10"}},{"type":"Feature","geometry":{"type":"Point","coordinates":[-54.86431099999999,-22.505280999999968]},"properties":{"well_id":"3500073228","municipality":"Caarapó","aquifer":"Serra geral","available_fields":"pH | TEMPERATURA | Solidos dissolvidos totais","available_count":3,"pH":6.82000017,"electrical_conductivity":null,"temperature":19.7000008,"chemical_parameter":"Solidos dissolvidos totais","chemical_concentration":13.0,"source":"SIAGAS_MS_20260814","evidence_code":"E10"}},{"type":"Feature","geometry":{"type":"Point","coordinates":[-54.55825599999997,-20.463518999999962]},"properties":{"well_id":"3500073264","municipality":"Campo Grande","aquifer":"Serra geral","available_fields":"pH | CONDUTIVIDADE_ELETRICA | Solidos dissolvidos totais","available_count":3,"pH":4.76000023,"electrical_conductivity":16.35,"temperature":null,"chemical_parameter":"Solidos dissolvidos totais","chemical_concentration":15.0,"source":"SIAGAS_MS_20260814","evidence_code":"E10"}},{"type":"Feature","geometry":{"type":"Point","coordinates":[-53.93895599999996,-20.453266999999983]},"properties":{"well_id":"3500073262","municipality":"Ribas do Rio Pardo","aquifer":"Bauru","available_fields":"pH | CONDUTIVIDADE_ELETRICA | TEMPERATURA | Solidos dissolvidos totais","available_count":4,"pH":6.0,"electrical_conductivity":52.0,"temperature":27.2999992,"chemical_parameter":"Solidos dissolvidos totais","chemical_concentration":30.0,"source":"SIAGAS_MS_20260814","evidence_code":"E10"}},{"type":"Feature","geometry":{"type":"Point","coordinates":[-54.60798599999998,-22.33122199999997]},"properties":{"well_id":"3500073292","municipality":"Fátima do Sul","aquifer":"Serra geral","available_fields":"pH | CONDUTIVIDADE_ELETRICA | TEMPERATURA | Solidos dissolvidos totais","available_count":4,"pH":6.5,"electrical_conductivity":40.0,"temperature":25.0,"chemical_parameter":"Solidos dissolvidos totais","chemical_concentration":10.0,"source":"SIAGAS_MS_20260814","evidence_code":"E10"}},{"type":"Feature","geometry":{"type":"Point","coordinates":[-53.366938999999945,-22.273049999999955]},"properties":{"well_id":"3500073290","municipality":"Nova Andradina","aquifer":"Bauru","available_fields":"pH | CONDUTIVIDADE_ELETRICA | TEMPERATURA | Solidos dissolvidos totais","available_count":4,"pH":5.46999979,"electrical_conductivity":7.05,"temperature":24.0,"chemical_parameter":"Solidos dissolvidos totais","chemical_concentration":4.58,"source":"SIAGAS_MS_20260814","evidence_code":"E10"}},{"type":"Feature","geometry":{"type":"Point","coordinates":[-54.73937499999994,-22.749710999999934]},"properties":{"well_id":"3500073299","municipality":"Caarapó","aquifer":"Serra geral","available_fields":"pH | CONDUTIVIDADE_ELETRICA | TEMPERATURA | Solidos dissolvidos totais","available_count":4,"pH":4.98999977,"electrical_conductivity":11.52,"temperature":23.0,"chemical_parameter":"Solidos dissolvidos totais","chemical_concentration":44.0,"source":"SIAGAS_MS_20260814","evidence_code":"E10"}},{"type":"Feature","geometry":{"type":"Point","coordinates":[-55.726057999999966,-22.544427999999982]},"properties":{"well_id":"3500073297","municipality":"Ponta Porã","aquifer":"Serra geral","available_fields":"pH | CONDUTIVIDADE_ELETRICA | TEMPERATURA | Solidos dissolvidos totais","available_count":4,"pH":7.23999977,"electrical_conductivity":20.3,"temperature":24.0,"chemical_parameter":"Solidos dissolvidos totais","chemical_concentration":190.0,"source":"SIAGAS_MS_20260814","evidence_code":"E10"}},{"type":"Feature","geometry":{"type":"Point","coordinates":[-51.664038999999946,-20.746077999999954]},"properties":{"well_id":"3500073320","municipality":"Três Lagoas","aquifer":"Bauru","available_fields":"pH | CONDUTIVIDADE_ELETRICA | TEMPERATURA | Solidos dissolvidos totais","available_count":4,"pH":7.44000006,"electrical_conductivity":237.4,"temperature":25.2999992,"chemical_parameter":"Solidos dissolvidos totais","chemical_concentration":7.7,"source":"SIAGAS_MS_20260814","evidence_code":"E10"}},{"type":"Feature","geometry":{"type":"Point","coordinates":[-55.136530999999934,-20.725310999999977]},"properties":{"well_id":"3500073318","municipality":"Sidrolândia","aquifer":"Serra geral","available_fields":"pH | CONDUTIVIDADE_ELETRICA | Solidos dissolvidos totais","available_count":3,"pH":6.0999999,"electrical_conductivity":111.7,"temperature":null,"chemical_parameter":"Solidos dissolvidos totais","chemical_concentration":16.0,"source":"SIAGAS_MS_20260814","evidence_code":"E10"}},{"type":"Feature","geometry":{"type":"Point","coordinates":[-54.29187799999994,-19.67201099999994]},"properties":{"well_id":"3500073314","municipality":"Bandeirantes","aquifer":"Bauru","available_fields":"pH | CONDUTIVIDADE_ELETRICA | TEMPERATURA | Solidos dissolvidos totais","available_count":4,"pH":6.4000001,"electrical_conductivity":14.2,"temperature":25.0,"chemical_parameter":"Solidos dissolvidos totais","chemical_concentration":19.15,"source":"SIAGAS_MS_20260814","evidence_code":"E10"}},{"type":"Feature","geometry":{"type":"Point","coordinates":[-54.54334199999994,-22.350068999999962]},"properties":{"well_id":"3500073335","municipality":"Fátima do Sul","aquifer":"Serra geral","available_fields":"pH | CONDUTIVIDADE_ELETRICA | TEMPERATURA | Solidos dissolvidos totais","available_count":4,"pH":6.5,"electrical_conductivity":31.9,"temperature":26.0,"chemical_parameter":"Solidos dissolvidos totais","chemical_concentration":20.7,"source":"SIAGAS_MS_20260814","evidence_code":"E10"}},{"type":"Feature","geometry":{"type":"Point","coordinates":[-54.77721699999995,-22.309016999999983]},"properties":{"well_id":"3500073334","municipality":"Dourados","aquifer":"Serra geral","available_fields":"pH | CONDUTIVIDADE_ELETRICA | TEMPERATURA | Solidos dissolvidos totais","available_count":4,"pH":6.32999992,"electrical_conductivity":189.5,"temperature":24.0,"chemical_parameter":"Solidos dissolvidos totais","chemical_concentration":123.17,"source":"SIAGAS_MS_20260814","evidence_code":"E10"}},{"type":"Feature","geometry":{"type":"Point","coordinates":[-54.54838099999995,-20.198193999999944]},"properties":{"well_id":"3500073378","municipality":"Jaraguari","aquifer":"Serra geral","available_fields":"pH | CONDUTIVIDADE_ELETRICA | TEMPERATURA | Solidos dissolvidos totais","available_count":4,"pH":7.19999981,"electrical_conductivity":155.4,"temperature":23.0,"chemical_parameter":"Solidos dissolvidos totais","chemical_concentration":224.0,"source":"SIAGAS_MS_20260814","evidence_code":"E10"}},{"type":"Feature","geometry":{"type":"Point","coordinates":[-54.29539399999993,-23.744843999999944]},"properties":{"well_id":"3500073393","municipality":"Eldorado","aquifer":"Bauru","available_fields":"pH | CONDUTIVIDADE_ELETRICA | TEMPERATURA | Solidos dissolvidos totais","available_count":4,"pH":4.51999998,"electrical_conductivity":17.08,"temperature":29.0,"chemical_parameter":"Solidos dissolvidos totais","chemical_concentration":11.0,"source":"SIAGAS_MS_20260814","evidence_code":"E10"}},{"type":"Feature","geometry":{"type":"Point","coordinates":[-52.39299999999997,-21.49519399999997]},"properties":{"well_id":"3500073387","municipality":"Santa Rita do Pardo","aquifer":"Serra geral","available_fields":"pH | CONDUTIVIDADE_ELETRICA | TEMPERATURA | Solidos dissolvidos totais","available_count":4,"pH":5.76999998,"electrical_conductivity":20.6,"temperature":24.0,"chemical_parameter":"Solidos dissolvidos totais","chemical_concentration":13.0,"source":"SIAGAS_MS_20260814","evidence_code":"E10"}},{"type":"Feature","geometry":{"type":"Point","coordinates":[-54.56040299999995,-20.377771999999936]},"properties":{"well_id":"3500073402","municipality":"Campo Grande","aquifer":"Bauru","available_fields":"pH | CONDUTIVIDADE_ELETRICA | TEMPERATURA | Solidos dissolvidos totais","available_count":4,"pH":7.69999981,"electrical_conductivity":234.4,"temperature":22.2999992,"chemical_parameter":"Solidos dissolvidos totais","chemical_concentration":43.0,"source":"SIAGAS_MS_20260814","evidence_code":"E10"}},{"type":"Feature","geometry":{"type":"Point","coordinates":[-54.76391399999994,-21.932060999999976]},"properties":{"well_id":"3500073399","municipality":"Itaporã","aquifer":"Serra geral","available_fields":"pH | CONDUTIVIDADE_ELETRICA | TEMPERATURA | Solidos dissolvidos totais","available_count":4,"pH":7.63000011,"electrical_conductivity":142.4,"temperature":23.0,"chemical_parameter":"Solidos dissolvidos totais","chemical_concentration":22.0,"source":"SIAGAS_MS_20260814","evidence_code":"E10"}},{"type":"Feature","geometry":{"type":"Point","coordinates":[-54.673607999999945,-20.538043999999957]},"properties":{"well_id":"3500073411","municipality":"Campo Grande","aquifer":"Serra geral","available_fields":"pH | TEMPERATURA | Solidos dissolvidos totais","available_count":3,"pH":7.30000019,"electrical_conductivity":null,"temperature":26.0,"chemical_parameter":"Solidos dissolvidos totais","chemical_concentration":182.0,"source":"SIAGAS_MS_20260814","evidence_code":"E10"}},{"type":"Feature","geometry":{"type":"Point","coordinates":[-52.61986899999994,-18.79484199999996]},"properties":{"well_id":"3500073424","municipality":"Chapadão do Sul","aquifer":"Bauru","available_fields":"pH | TEMPERATURA | Solidos dissolvidos totais","available_count":3,"pH":6.19999981,"electrical_conductivity":null,"temperature":24.2999992,"chemical_parameter":"Solidos dissolvidos totais","chemical_concentration":28.0,"source":"SIAGAS_MS_20260814","evidence_code":"E10"}},{"type":"Feature","geometry":{"type":"Point","coordinates":[-54.62153299999994,-20.515660999999966]},"properties":{"well_id":"3500073421","municipality":"Campo Grande","aquifer":"Serra geral","available_fields":"pH | TEMPERATURA | Solidos dissolvidos totais","available_count":3,"pH":6.80000019,"electrical_conductivity":null,"temperature":28.0,"chemical_parameter":"Solidos dissolvidos totais","chemical_concentration":1258.0,"source":"SIAGAS_MS_20260814","evidence_code":"E10"}},{"type":"Feature","geometry":{"type":"Point","coordinates":[-54.06124399999993,-23.313338999999928]},"properties":{"well_id":"3500073420","municipality":"Itaquiraí","aquifer":"Bauru","available_fields":"pH | CONDUTIVIDADE_ELETRICA | TEMPERATURA | Solidos dissolvidos totais","available_count":4,"pH":5.75,"electrical_conductivity":9.4,"temperature":24.0,"chemical_parameter":"Solidos dissolvidos totais","chemical_concentration":6.0,"source":"SIAGAS_MS_20260814","evidence_code":"E10"}},{"type":"Feature","geometry":{"type":"Point","coordinates":[-54.57608299999998,-19.400555999999938]},"properties":{"well_id":"3500073418","municipality":"São Gabriel do Oeste","aquifer":"Botucatu","available_fields":"pH | CONDUTIVIDADE_ELETRICA | TEMPERATURA | Solidos dissolvidos totais","available_count":4,"pH":6.4000001,"electrical_conductivity":17.0,"temperature":25.0,"chemical_parameter":"Solidos dissolvidos totais","chemical_concentration":5.0,"source":"SIAGAS_MS_20260814","evidence_code":"E10"}},{"type":"Feature","geometry":{"type":"Point","coordinates":[-55.134143999999935,-20.719524999999976]},"properties":{"well_id":"3500073444","municipality":"Sidrolândia","aquifer":"Serra geral","available_fields":"pH | CONDUTIVIDADE_ELETRICA | TEMPERATURA | Solidos dissolvidos totais","available_count":4,"pH":6.5,"electrical_conductivity":111.7,"temperature":27.0,"chemical_parameter":"Solidos dissolvidos totais","chemical_concentration":175.0,"source":"SIAGAS_MS_20260814","evidence_code":"E10"}},{"type":"Feature","geometry":{"type":"Point","coordinates":[-54.34686099999993,-22.126166999999953]},"properties":{"well_id":"3500073449","municipality":"Dourados","aquifer":"Serra geral","available_fields":"pH | CONDUTIVIDADE_ELETRICA | TEMPERATURA | Solidos dissolvidos totais","available_count":4,"pH":7.26999998,"electrical_conductivity":88.75,"temperature":24.0,"chemical_parameter":"Solidos dissolvidos totais","chemical_concentration":57.68,"source":"SIAGAS_MS_20260814","evidence_code":"E10"}},{"type":"Feature","geometry":{"type":"Point","coordinates":[-54.505071999999984,-20.070138999999926]},"properties":{"well_id":"3500073483","municipality":"Jaraguari","aquifer":"Serra geral","available_fields":"pH | CONDUTIVIDADE_ELETRICA | TEMPERATURA | Solidos dissolvidos totais","available_count":4,"pH":6.9000001,"electrical_conductivity":99.7,"temperature":30.7000008,"chemical_parameter":"Solidos dissolvidos totais","chemical_concentration":45.0,"source":"SIAGAS_MS_20260814","evidence_code":"E10"}},{"type":"Feature","geometry":{"type":"Point","coordinates":[-52.26940799999994,-21.721371999999974]},"properties":{"well_id":"3500073497","municipality":"Bataguassu","aquifer":"Bauru","available_fields":"pH | CONDUTIVIDADE_ELETRICA | TEMPERATURA | Solidos dissolvidos totais","available_count":4,"pH":6.4000001,"electrical_conductivity":18.8,"temperature":30.0,"chemical_parameter":"Solidos dissolvidos totais","chemical_concentration":54.0,"source":"SIAGAS_MS_20260814","evidence_code":"E10"}},{"type":"Feature","geometry":{"type":"Point","coordinates":[-54.16972199999998,-22.487499999999955]},"properties":{"well_id":"3500073495","municipality":"Glória de Dourados","aquifer":"Bauru","available_fields":"pH | CONDUTIVIDADE_ELETRICA | TEMPERATURA | Solidos dissolvidos totais","available_count":4,"pH":6.19000006,"electrical_conductivity":32.0,"temperature":24.0,"chemical_parameter":"Solidos dissolvidos totais","chemical_concentration":20.8,"source":"SIAGAS_MS_20260814","evidence_code":"E10"}},{"type":"Feature","geometry":{"type":"Point","coordinates":[-55.14535299999994,-22.555316999999945]},"properties":{"well_id":"3500073488","municipality":"Laguna Carapã","aquifer":"Serra geral","available_fields":"pH | CONDUTIVIDADE_ELETRICA | TEMPERATURA | Solidos dissolvidos totais","available_count":4,"pH":7.21999979,"electrical_conductivity":95.07,"temperature":29.0,"chemical_parameter":"Solidos dissolvidos totais","chemical_concentration":65.0,"source":"SIAGAS_MS_20260814","evidence_code":"E10"}},{"type":"Feature","geometry":{"type":"Point","coordinates":[-51.987157999999965,-21.217366999999967]},"properties":{"well_id":"3500073501","municipality":"Brasilândia","aquifer":"Bauru","available_fields":"pH | CONDUTIVIDADE_ELETRICA | TEMPERATURA | Solidos dissolvidos totais","available_count":4,"pH":7.80000019,"electrical_conductivity":21.9,"temperature":26.5,"chemical_parameter":"Solidos dissolvidos totais","chemical_concentration":9.0,"source":"SIAGAS_MS_20260814","evidence_code":"E10"}},{"type":"Feature","geometry":{"type":"Point","coordinates":[-54.916413999999975,-22.476357999999948]},"properties":{"well_id":"3500073518","municipality":"Caarapó","aquifer":"Serra geral","available_fields":"pH | TEMPERATURA | Solidos dissolvidos totais","available_count":3,"pH":7.09000015,"electrical_conductivity":null,"temperature":23.5,"chemical_parameter":"Solidos dissolvidos totais","chemical_concentration":180.0,"source":"SIAGAS_MS_20260814","evidence_code":"E10"}},{"type":"Feature","geometry":{"type":"Point","coordinates":[-54.67916699999995,-22.652221999999938]},"properties":{"well_id":"3500073516","municipality":"Juti","aquifer":"Serra geral","available_fields":"pH | CONDUTIVIDADE_ELETRICA | TEMPERATURA | Solidos dissolvidos totais","available_count":4,"pH":7.8499999,"electrical_conductivity":96.21,"temperature":23.0,"chemical_parameter":"Solidos dissolvidos totais","chemical_concentration":62.53,"source":"SIAGAS_MS_20260814","evidence_code":"E10"}},{"type":"Feature","geometry":{"type":"Point","coordinates":[-54.192188999999985,-22.265796999999964]},"properties":{"well_id":"3500073538","municipality":"Deodápolis","aquifer":"Serra geral","available_fields":"pH | CONDUTIVIDADE_ELETRICA | TEMPERATURA | Solidos dissolvidos totais","available_count":4,"pH":7.73000002,"electrical_conductivity":98.1,"temperature":20.0,"chemical_parameter":"Solidos dissolvidos totais","chemical_concentration":103.0,"source":"SIAGAS_MS_20260814","evidence_code":"E10"}},{"type":"Feature","geometry":{"type":"Point","coordinates":[-54.78481399999998,-20.00307799999996]},"properties":{"well_id":"3500073547","municipality":"Rochedo","aquifer":"Botucatu","available_fields":"pH | CONDUTIVIDADE_ELETRICA | TEMPERATURA | Solidos dissolvidos totais","available_count":4,"pH":6.69999981,"electrical_conductivity":89.3,"temperature":23.0,"chemical_parameter":"Solidos dissolvidos totais","chemical_concentration":43.0,"source":"SIAGAS_MS_20260814","evidence_code":"E10"}},{"type":"Feature","geometry":{"type":"Point","coordinates":[-53.358499999999935,-22.486832999999933]},"properties":{"well_id":"3500073556","municipality":"Taquarussu","aquifer":"Bauru","available_fields":"pH | Solidos dissolvidos totais","available_count":2,"pH":6.80000019,"electrical_conductivity":null,"temperature":null,"chemical_parameter":"Solidos dissolvidos totais","chemical_concentration":91.1,"source":"SIAGAS_MS_20260814","evidence_code":"E10"}},{"type":"Feature","geometry":{"type":"Point","coordinates":[-54.52222199999994,-22.372499999999945]},"properties":{"well_id":"3500027251","municipality":"Fátima do Sul","aquifer":"Serra geral","available_fields":"pH | TEMPERATURA | TURBIDEZ | Solidos dissolvidos totais","available_count":4,"pH":6.78999996,"electrical_conductivity":null,"temperature":24.7999992,"chemical_parameter":"Solidos dissolvidos totais","chemical_concentration":284.7,"source":"SIAGAS_MS_20260814","evidence_code":"E10"}},{"type":"Feature","geometry":{"type":"Point","coordinates":[-54.54249999999996,-20.423610999999937]},"properties":{"well_id":"3500045340","municipality":"Campo Grande","aquifer":"Serra geral","available_fields":"pH | CONDUTIVIDADE_ELETRICA | TEMPERATURA | Solidos dissolvidos totais","available_count":4,"pH":6.5,"electrical_conductivity":108.0,"temperature":26.0,"chemical_parameter":"Solidos dissolvidos totais","chemical_concentration":122.0,"source":"SIAGAS_MS_20260814","evidence_code":"E10"}},{"type":"Feature","geometry":{"type":"Point","coordinates":[-53.28537799999998,-22.284910999999965]},"properties":{"well_id":"3500072882","municipality":"Batayporã","aquifer":"","available_fields":"pH | Solidos dissolvidos totais","available_count":2,"pH":7.42000008,"electrical_conductivity":null,"temperature":null,"chemical_parameter":"Solidos dissolvidos totais","chemical_concentration":107.0,"source":"SIAGAS_MS_20260814","evidence_code":"E10"}},{"type":"Feature","geometry":{"type":"Point","coordinates":[-54.573635999999965,-18.10303099999993]},"properties":{"well_id":"3500072357","municipality":"Pedro Gomes","aquifer":"","available_fields":"pH | CONDUTIVIDADE_ELETRICA | TEMPERATURA | Solidos dissolvidos totais","available_count":4,"pH":6.5,"electrical_conductivity":65.0,"temperature":26.0,"chemical_parameter":"Solidos dissolvidos totais","chemical_concentration":33.0,"source":"SIAGAS_MS_20260814","evidence_code":"E10"}},{"type":"Feature","geometry":{"type":"Point","coordinates":[-54.64002199999993,-20.429449999999974]},"properties":{"well_id":"3500073570","municipality":"Campo Grande","aquifer":"","available_fields":"pH | TEMPERATURA | Solidos dissolvidos totais","available_count":3,"pH":6.5,"electrical_conductivity":null,"temperature":27.0,"chemical_parameter":"Solidos dissolvidos totais","chemical_concentration":43.0,"source":"SIAGAS_MS_20260814","evidence_code":"E10"}},{"type":"Feature","geometry":{"type":"Point","coordinates":[-54.96085799999997,-19.54737499999993]},"properties":{"well_id":"3500072691","municipality":"Rio Negro","aquifer":"","available_fields":"pH | CONDUTIVIDADE_ELETRICA | TEMPERATURA | Solidos dissolvidos totais","available_count":4,"pH":5.9000001,"electrical_conductivity":31.55,"temperature":27.0,"chemical_parameter":"Solidos dissolvidos totais","chemical_concentration":19.0,"source":"SIAGAS_MS_20260814","evidence_code":"E10"}},{"type":"Feature","geometry":{"type":"Point","coordinates":[-56.33416699999998,-20.010832999999934]},"properties":{"well_id":"3500072963","municipality":"Miranda","aquifer":"","available_fields":"pH | CONDUTIVIDADE_ELETRICA | TEMPERATURA | Solidos dissolvidos totais","available_count":4,"pH":6.94999981,"electrical_conductivity":547.0,"temperature":20.0,"chemical_parameter":"Solidos dissolvidos totais","chemical_concentration":294.0,"source":"SIAGAS_MS_20260814","evidence_code":"E10"}},{"type":"Feature","geometry":{"type":"Point","coordinates":[-51.06343099999998,-20.08527799999996]},"properties":{"well_id":"3500072138","municipality":"Aparecida do Taboado","aquifer":"","available_fields":"pH | CONDUTIVIDADE_ELETRICA | Solidos dissolvidos totais","available_count":3,"pH":8.03999996,"electrical_conductivity":197.06,"temperature":null,"chemical_parameter":"Solidos dissolvidos totais","chemical_concentration":87.0,"source":"SIAGAS_MS_20260814","evidence_code":"E10"}},{"type":"Feature","geometry":{"type":"Point","coordinates":[-56.22762499999993,-21.29566399999993]},"properties":{"well_id":"3500072099","municipality":"Jardim","aquifer":"","available_fields":"pH | CONDUTIVIDADE_ELETRICA | TEMPERATURA | Solidos dissolvidos totais","available_count":4,"pH":8.27000046,"electrical_conductivity":2410.0,"temperature":26.6000004,"chemical_parameter":"Solidos dissolvidos totais","chemical_concentration":1542.0,"source":"SIAGAS_MS_20260814","evidence_code":"E10"}},{"type":"Feature","geometry":{"type":"Point","coordinates":[-56.581605999999965,-21.107182999999964]},"properties":{"well_id":"3500073920","municipality":"Bonito","aquifer":"","available_fields":"pH | CONDUTIVIDADE_ELETRICA | TEMPERATURA | Solidos dissolvidos totais","available_count":4,"pH":7.30000019,"electrical_conductivity":504.0,"temperature":23.0,"chemical_parameter":"Solidos dissolvidos totais","chemical_concentration":226.0,"source":"SIAGAS_MS_20260814","evidence_code":"E10"}},{"type":"Feature","geometry":{"type":"Point","coordinates":[-56.32888899999995,-20.009443999999974]},"properties":{"well_id":"3500072961","municipality":"Miranda","aquifer":"","available_fields":"pH | CONDUTIVIDADE_ELETRICA | Solidos dissolvidos totais","available_count":3,"pH":6.80000019,"electrical_conductivity":321.0,"temperature":null,"chemical_parameter":"Solidos dissolvidos totais","chemical_concentration":183.0,"source":"SIAGAS_MS_20260814","evidence_code":"E10"}},{"type":"Feature","geometry":{"type":"Point","coordinates":[-55.79286099999996,-20.47849999999994]},"properties":{"well_id":"3500073794","municipality":"Aquidauana","aquifer":"","available_fields":"pH | CONDUTIVIDADE_ELETRICA | TEMPERATURA | Solidos dissolvidos totais","available_count":4,"pH":6.51999998,"electrical_conductivity":243.8,"temperature":28.7999992,"chemical_parameter":"Solidos dissolvidos totais","chemical_concentration":18.8,"source":"SIAGAS_MS_20260814","evidence_code":"E10"}},{"type":"Feature","geometry":{"type":"Point","coordinates":[-55.89527799999996,-20.496749999999963]},"properties":{"well_id":"3500073383","municipality":"Anastácio","aquifer":"","available_fields":"pH | CONDUTIVIDADE_ELETRICA | TEMPERATURA | Solidos dissolvidos totais","available_count":4,"pH":8.94999981,"electrical_conductivity":332.0,"temperature":27.6000004,"chemical_parameter":"Solidos dissolvidos totais","chemical_concentration":202.0,"source":"SIAGAS_MS_20260814","evidence_code":"E10"}},{"type":"Feature","geometry":{"type":"Point","coordinates":[-54.648305999999934,-22.279110999999943]},"properties":{"well_id":"3500072761","municipality":"Dourados","aquifer":"","available_fields":"pH | CONDUTIVIDADE_ELETRICA | Solidos dissolvidos totais","available_count":3,"pH":7.38000011,"electrical_conductivity":76.11,"temperature":null,"chemical_parameter":"Solidos dissolvidos totais","chemical_concentration":49.47,"source":"SIAGAS_MS_20260814","evidence_code":"E10"}},{"type":"Feature","geometry":{"type":"Point","coordinates":[-54.78197199999994,-18.965638999999953]},"properties":{"well_id":"3500072317","municipality":"Rio Verde de Mato Grosso","aquifer":"","available_fields":"pH | CONDUTIVIDADE_ELETRICA | TEMPERATURA | Solidos dissolvidos totais","available_count":4,"pH":5.13999987,"electrical_conductivity":7.6,"temperature":26.0,"chemical_parameter":"Solidos dissolvidos totais","chemical_concentration":21.0,"source":"SIAGAS_MS_20260814","evidence_code":"E10"}},{"type":"Feature","geometry":{"type":"Point","coordinates":[-54.468996999999945,-22.18214999999998]},"properties":{"well_id":"3500073332","municipality":"Dourados","aquifer":"","available_fields":"pH | CONDUTIVIDADE_ELETRICA | TEMPERATURA | Solidos dissolvidos totais","available_count":4,"pH":7.76000023,"electrical_conductivity":51.84,"temperature":24.0,"chemical_parameter":"Solidos dissolvidos totais","chemical_concentration":33.64,"source":"SIAGAS_MS_20260814","evidence_code":"E10"}},{"type":"Feature","geometry":{"type":"Point","coordinates":[-51.927776999999935,-19.73333299999996]},"properties":{"well_id":"3500022587","municipality":"Inocência","aquifer":"Guarani","available_fields":"pH | CONDUTIVIDADE_ELETRICA | TEMPERATURA | Solidos dissolvidos totais","available_count":4,"pH":7.46999979,"electrical_conductivity":256.0,"temperature":34.2000008,"chemical_parameter":"Solidos dissolvidos totais","chemical_concentration":339.09,"source":"SIAGAS_MS_20260814","evidence_code":"E10"}},{"type":"Feature","geometry":{"type":"Point","coordinates":[-54.48610299999996,-19.56016399999993]},"properties":{"well_id":"3500070462","municipality":"Bandeirantes","aquifer":"Não definido","available_fields":"pH | CONDUTIVIDADE_ELETRICA | TEMPERATURA","available_count":3,"pH":7.0,"electrical_conductivity":136.0,"temperature":25.0,"chemical_parameter":"","chemical_concentration":null,"source":"SIAGAS_MS_20260814","evidence_code":"E10"}},{"type":"Feature","geometry":{"type":"Point","coordinates":[-54.68138899999997,-20.55472199999997]},"properties":{"well_id":"3500026993","municipality":"Campo Grande","aquifer":"Guarani","available_fields":"pH | TURBIDEZ | Solidos dissolvidos totais","available_count":3,"pH":7.76000023,"electrical_conductivity":null,"temperature":null,"chemical_parameter":"Solidos dissolvidos totais","chemical_concentration":134.0,"source":"SIAGAS_MS_20260814","evidence_code":"E10"}},{"type":"Feature","geometry":{"type":"Point","coordinates":[-54.60861099999994,-20.551943999999935]},"properties":{"well_id":"3500022918","municipality":"Campo Grande","aquifer":"Guarani","available_fields":"pH | CONDUTIVIDADE_ELETRICA | TEMPERATURA | Solidos dissolvidos totais","available_count":4,"pH":7.57000017,"electrical_conductivity":111.1,"temperature":34.0,"chemical_parameter":"Solidos dissolvidos totais","chemical_concentration":101.3,"source":"SIAGAS_MS_20260814","evidence_code":"E10"}},{"type":"Feature","geometry":{"type":"Point","coordinates":[-55.23638799999998,-23.09722199999993]},"properties":{"well_id":"3500022684","municipality":"Amambai","aquifer":"Guarani","available_fields":"pH | CONDUTIVIDADE_ELETRICA | TEMPERATURA | Solidos dissolvidos totais","available_count":4,"pH":5.82999992,"electrical_conductivity":64.3,"temperature":24.1000004,"chemical_parameter":"Solidos dissolvidos totais","chemical_concentration":40.14,"source":"SIAGAS_MS_20260814","evidence_code":"E10"}},{"type":"Feature","geometry":{"type":"Point","coordinates":[-55.165832999999964,-22.52638799999994]},"properties":{"well_id":"3500022712","municipality":"Laguna Carapã","aquifer":"Guarani","available_fields":"pH | CONDUTIVIDADE_ELETRICA | TEMPERATURA | Solidos dissolvidos totais","available_count":4,"pH":7.42000008,"electrical_conductivity":126.9,"temperature":25.8999996,"chemical_parameter":"Solidos dissolvidos totais","chemical_concentration":132.9,"source":"SIAGAS_MS_20260814","evidence_code":"E10"}},{"type":"Feature","geometry":{"type":"Point","coordinates":[-55.35499999999996,-22.08611099999996]},"properties":{"well_id":"3500065128","municipality":"Dourados","aquifer":"Guarani","available_fields":"pH | CONDUTIVIDADE_ELETRICA | TEMPERATURA | Solidos dissolvidos totais","available_count":4,"pH":6.59000015,"electrical_conductivity":59.9,"temperature":25.0,"chemical_parameter":"Solidos dissolvidos totais","chemical_concentration":68.25,"source":"SIAGAS_MS_20260814","evidence_code":"E10"}},{"type":"Feature","geometry":{"type":"Point","coordinates":[-53.710271999999975,-20.442541999999946]},"properties":{"well_id":"3500071676","municipality":"Ribas do Rio Pardo","aquifer":"Serra geral","available_fields":"pH | CONDUTIVIDADE_ELETRICA | TEMPERATURA","available_count":3,"pH":6.4000001,"electrical_conductivity":560.0,"temperature":26.0,"chemical_parameter":"","chemical_concentration":null,"source":"SIAGAS_MS_20260814","evidence_code":"E10"}},{"type":"Feature","geometry":{"type":"Point","coordinates":[-53.36161099999998,-22.30044399999997]},"properties":{"well_id":"3500071634","municipality":"Nova Andradina","aquifer":"Bauru_Caiua","available_fields":"pH | CONDUTIVIDADE_ELETRICA","available_count":2,"pH":5.46999979,"electrical_conductivity":11.27,"temperature":null,"chemical_parameter":"","chemical_concentration":null,"source":"SIAGAS_MS_20260814","evidence_code":"E10"}},{"type":"Feature","geometry":{"type":"Point","coordinates":[-54.40311099999997,-19.52961099999993]},"properties":{"well_id":"3500071608","municipality":"Camapuã","aquifer":"Bauru_Caiua","available_fields":"pH | CONDUTIVIDADE_ELETRICA | TEMPERATURA","available_count":3,"pH":5.30999994,"electrical_conductivity":6.6,"temperature":24.8999996,"chemical_parameter":"","chemical_concentration":null,"source":"SIAGAS_MS_20260814","evidence_code":"E10"}},{"type":"Feature","geometry":{"type":"Point","coordinates":[-53.84002499999997,-22.041174999999953]},"properties":{"well_id":"3500071424","municipality":"Angélica","aquifer":"Guarani","available_fields":"pH | TEMPERATURA","available_count":2,"pH":8.60000038,"electrical_conductivity":null,"temperature":26.0,"chemical_parameter":"","chemical_concentration":null,"source":"SIAGAS_MS_20260814","evidence_code":"E10"}},{"type":"Feature","geometry":{"type":"Point","coordinates":[-54.31236899999993,-23.89168099999995]},"properties":{"well_id":"3500071418","municipality":"Mundo Novo","aquifer":"Bauru_Caiua","available_fields":"pH | CONDUTIVIDADE_ELETRICA | TEMPERATURA","available_count":3,"pH":6.4000001,"electrical_conductivity":39.0,"temperature":26.0,"chemical_parameter":"","chemical_concentration":null,"source":"SIAGAS_MS_20260814","evidence_code":"E10"}},{"type":"Feature","geometry":{"type":"Point","coordinates":[-55.202688999999964,-22.179235999999946]},"properties":{"well_id":"3500071375","municipality":"Dourados","aquifer":"Serra geral","available_fields":"pH | CONDUTIVIDADE_ELETRICA | TEMPERATURA","available_count":3,"pH":6.30000019,"electrical_conductivity":28.5,"temperature":25.0,"chemical_parameter":"","chemical_concentration":null,"source":"SIAGAS_MS_20260814","evidence_code":"E10"}},{"type":"Feature","geometry":{"type":"Point","coordinates":[-54.506332999999984,-21.727055999999948]},"properties":{"well_id":"3500071345","municipality":"Rio Brilhante","aquifer":"Guarani","available_fields":"pH | CONDUTIVIDADE_ELETRICA | TEMPERATURA","available_count":3,"pH":9.25,"electrical_conductivity":427.6,"temperature":28.2000008,"chemical_parameter":"","chemical_concentration":null,"source":"SIAGAS_MS_20260814","evidence_code":"E10"}},{"type":"Feature","geometry":{"type":"Point","coordinates":[-53.59259399999996,-22.387921999999946]},"properties":{"well_id":"3500071258","municipality":"Ivinhema","aquifer":"Bauru_Caiua","available_fields":"pH | CONDUTIVIDADE_ELETRICA | TEMPERATURA","available_count":3,"pH":6.09000015,"electrical_conductivity":9.3,"temperature":28.0,"chemical_parameter":"","chemical_concentration":null,"source":"SIAGAS_MS_20260814","evidence_code":"E10"}},{"type":"Feature","geometry":{"type":"Point","coordinates":[-53.01078299999995,-19.029166999999973]},"properties":{"well_id":"3500071020","municipality":"Costa Rica","aquifer":"Serra geral","available_fields":"pH | CONDUTIVIDADE_ELETRICA | TEMPERATURA","available_count":3,"pH":6.30000019,"electrical_conductivity":157.3,"temperature":24.0,"chemical_parameter":"","chemical_concentration":null,"source":"SIAGAS_MS_20260814","evidence_code":"E10"}},{"type":"Feature","geometry":{"type":"Point","coordinates":[-54.583752999999945,-20.550255999999933]},"properties":{"well_id":"3500071005","municipality":"Campo Grande","aquifer":"Serra geral","available_fields":"pH | CONDUTIVIDADE_ELETRICA | TEMPERATURA","available_count":3,"pH":6.19999981,"electrical_conductivity":79.4,"temperature":24.2999992,"chemical_parameter":"","chemical_concentration":null,"source":"SIAGAS_MS_20260814","evidence_code":"E10"}},{"type":"Feature","geometry":{"type":"Point","coordinates":[-51.73410599999994,-20.778888999999936]},"properties":{"well_id":"3500070836","municipality":"Três Lagoas","aquifer":"Bauru_Caiua","available_fields":"pH | TEMPERATURA","available_count":2,"pH":5.75,"electrical_conductivity":null,"temperature":29.3999996,"chemical_parameter":"","chemical_concentration":null,"source":"SIAGAS_MS_20260814","evidence_code":"E10"}},{"type":"Feature","geometry":{"type":"Point","coordinates":[-54.59036999999995,-20.446380999999974]},"properties":{"well_id":"3500070752","municipality":"Campo Grande","aquifer":"Serra geral","available_fields":"pH | CONDUTIVIDADE_ELETRICA | TEMPERATURA","available_count":3,"pH":6.38000011,"electrical_conductivity":137.3,"temperature":24.0,"chemical_parameter":"","chemical_concentration":null,"source":"SIAGAS_MS_20260814","evidence_code":"E10"}},{"type":"Feature","geometry":{"type":"Point","coordinates":[-55.16251099999994,-21.617857999999956]},"properties":{"well_id":"3500070623","municipality":"Maracaju","aquifer":"Serra geral","available_fields":"pH | TEMPERATURA","available_count":2,"pH":6.5999999,"electrical_conductivity":null,"temperature":24.0,"chemical_parameter":"","chemical_concentration":null,"source":"SIAGAS_MS_20260814","evidence_code":"E10"}},{"type":"Feature","geometry":{"type":"Point","coordinates":[-52.51997199999994,-22.019177999999954]},"properties":{"well_id":"3500070608","municipality":"Anaurilândia","aquifer":"Bauru_Caiua","available_fields":"pH | CONDUTIVIDADE_ELETRICA | TEMPERATURA","available_count":3,"pH":5.5,"electrical_conductivity":9.8,"temperature":28.6000004,"chemical_parameter":"","chemical_concentration":null,"source":"SIAGAS_MS_20260814","evidence_code":"E10"}},{"type":"Feature","geometry":{"type":"Point","coordinates":[-54.78569399999998,-22.092971999999975]},"properties":{"well_id":"3500069421","municipality":"Itaporã","aquifer":"Serra geral","available_fields":"pH | CONDUTIVIDADE_ELETRICA | TEMPERATURA","available_count":3,"pH":5.46999979,"electrical_conductivity":26.28,"temperature":24.0,"chemical_parameter":"","chemical_concentration":null,"source":"SIAGAS_MS_20260814","evidence_code":"E10"}},{"type":"Feature","geometry":{"type":"Point","coordinates":[-54.58226899999994,-20.68542199999996]},"properties":{"well_id":"3500069312","municipality":"Campo Grande","aquifer":"Bauru_Caiua","available_fields":"pH | CONDUTIVIDADE_ELETRICA | TEMPERATURA","available_count":3,"pH":4.30000019,"electrical_conductivity":18.0,"temperature":25.0,"chemical_parameter":"","chemical_concentration":null,"source":"SIAGAS_MS_20260814","evidence_code":"E10"}},{"type":"Feature","geometry":{"type":"Point","coordinates":[-51.665277999999944,-20.788888999999926]},"properties":{"well_id":"3500045613","municipality":"Três Lagoas","aquifer":"Bauru","available_fields":"pH | TURBIDEZ | Solidos dissolvidos totais","available_count":3,"pH":6.0,"electrical_conductivity":null,"temperature":null,"chemical_parameter":"Solidos dissolvidos totais","chemical_concentration":92.6,"source":"SIAGAS_MS_20260814","evidence_code":"E10"}},{"type":"Feature","geometry":{"type":"Point","coordinates":[-56.350277999999946,-19.966666999999973]},"properties":{"well_id":"3500053087","municipality":"Miranda","aquifer":"","available_fields":"pH | TEMPERATURA | TURBIDEZ","available_count":3,"pH":7.69999981,"electrical_conductivity":null,"temperature":23.0,"chemical_parameter":"","chemical_concentration":null,"source":"SIAGAS_MS_20260814","evidence_code":"E10"}},{"type":"Feature","geometry":{"type":"Point","coordinates":[-54.69055599999996,-22.614443999999935]},"properties":{"well_id":"3500045634","municipality":"Caarapó","aquifer":"","available_fields":"pH | CONDUTIVIDADE_ELETRICA | TEMPERATURA | TURBIDEZ","available_count":4,"pH":7.13999987,"electrical_conductivity":262.8,"temperature":16.0,"chemical_parameter":"","chemical_concentration":null,"source":"SIAGAS_MS_20260814","evidence_code":"E10"}},{"type":"Feature","geometry":{"type":"Point","coordinates":[-54.571387999999956,-19.39138799999995]},"properties":{"well_id":"3500023233","municipality":"São Gabriel do Oeste","aquifer":"","available_fields":"pH | TURBIDEZ","available_count":2,"pH":5.80000019,"electrical_conductivity":null,"temperature":null,"chemical_parameter":"","chemical_concentration":null,"source":"SIAGAS_MS_20260814","evidence_code":"E10"}},{"type":"Feature","geometry":{"type":"Point","coordinates":[-51.53277799999995,-20.476388999999926]},"properties":{"well_id":"3500045641","municipality":"Selvíria","aquifer":"","available_fields":"pH | TURBIDEZ","available_count":2,"pH":6.11000013,"electrical_conductivity":null,"temperature":null,"chemical_parameter":"","chemical_concentration":null,"source":"SIAGAS_MS_20260814","evidence_code":"E10"}},{"type":"Feature","geometry":{"type":"Point","coordinates":[-55.634999999999934,-22.94388799999996]},"properties":{"well_id":"3500023156","municipality":"Aral Moreira","aquifer":"","available_fields":"pH | TEMPERATURA | TURBIDEZ","available_count":3,"pH":6.5,"electrical_conductivity":null,"temperature":20.0,"chemical_parameter":"","chemical_concentration":null,"source":"SIAGAS_MS_20260814","evidence_code":"E10"}},{"type":"Feature","geometry":{"type":"Point","coordinates":[-57.61944399999999,-19.037777999999946]},"properties":{"well_id":"3500065063","municipality":"Ladário","aquifer":"","available_fields":"CONDUTIVIDADE_ELETRICA | Solidos dissolvidos totais","available_count":2,"pH":null,"electrical_conductivity":840.0,"temperature":null,"chemical_parameter":"Solidos dissolvidos totais","chemical_concentration":661.0,"source":"SIAGAS_MS_20260814","evidence_code":"E10"}},{"type":"Feature","geometry":{"type":"Point","coordinates":[-51.84305599999993,-20.99277799999993]},"properties":{"well_id":"3500045704","municipality":"Três Lagoas","aquifer":"Bauru","available_fields":"pH | CONDUTIVIDADE_ELETRICA | TEMPERATURA | TURBIDEZ","available_count":4,"pH":5.5999999,"electrical_conductivity":6.29,"temperature":24.0,"chemical_parameter":"","chemical_concentration":null,"source":"SIAGAS_MS_20260814","evidence_code":"E10"}},{"type":"Feature","geometry":{"type":"Point","coordinates":[-54.54388899999998,-20.500832999999943]},"properties":{"well_id":"3500065035","municipality":"Campo Grande","aquifer":"Serra geral","available_fields":"pH | CONDUTIVIDADE_ELETRICA | TEMPERATURA | Solidos dissolvidos totais","available_count":4,"pH":6.01999998,"electrical_conductivity":0.030000000000000002,"temperature":23.8999996,"chemical_parameter":"Solidos dissolvidos totais","chemical_concentration":55.0,"source":"SIAGAS_MS_20260814","evidence_code":"E10"}},{"type":"Feature","geometry":{"type":"Point","coordinates":[-54.64055599999995,-20.48333299999996]},"properties":{"well_id":"3500065037","municipality":"Campo Grande","aquifer":"Caiua","available_fields":"CONDUTIVIDADE_ELETRICA | Solidos dissolvidos totais","available_count":2,"pH":null,"electrical_conductivity":0.19,"temperature":null,"chemical_parameter":"Solidos dissolvidos totais","chemical_concentration":50.0,"source":"SIAGAS_MS_20260814","evidence_code":"E10"}},{"type":"Feature","geometry":{"type":"Point","coordinates":[-54.61666699999995,-20.51499999999993]},"properties":{"well_id":"3500065042","municipality":"Campo Grande","aquifer":"Serra geral","available_fields":"pH | CONDUTIVIDADE_ELETRICA | TEMPERATURA | Solidos dissolvidos totais","available_count":4,"pH":4.80999994,"electrical_conductivity":0.09000000000000001,"temperature":25.6000004,"chemical_parameter":"Solidos dissolvidos totais","chemical_concentration":168.0,"source":"SIAGAS_MS_20260814","evidence_code":"E10"}},{"type":"Feature","geometry":{"type":"Point","coordinates":[-54.16888899999998,-22.288332999999966]},"properties":{"well_id":"3500065052","municipality":"Deodápolis","aquifer":"Caiua","available_fields":"pH | TEMPERATURA | Solidos dissolvidos totais","available_count":3,"pH":7.30000019,"electrical_conductivity":null,"temperature":9.80000019,"chemical_parameter":"Solidos dissolvidos totais","chemical_concentration":116.1,"source":"SIAGAS_MS_20260814","evidence_code":"E10"}},{"type":"Feature","geometry":{"type":"Point","coordinates":[-51.84333299999997,-20.986388999999974]},"properties":{"well_id":"3500065079","municipality":"Três Lagoas","aquifer":"Caiua","available_fields":"pH | TEMPERATURA | Solidos dissolvidos totais","available_count":3,"pH":6.03000021,"electrical_conductivity":null,"temperature":26.0,"chemical_parameter":"Solidos dissolvidos totais","chemical_concentration":21.45,"source":"SIAGAS_MS_20260814","evidence_code":"E10"}},{"type":"Feature","geometry":{"type":"Point","coordinates":[-54.44916699999993,-22.53305599999993]},"properties":{"well_id":"3500065084","municipality":"Vicentina","aquifer":"Serra geral","available_fields":"pH | Solidos dissolvidos totais","available_count":2,"pH":6.0,"electrical_conductivity":null,"temperature":null,"chemical_parameter":"Solidos dissolvidos totais","chemical_concentration":74.0,"source":"SIAGAS_MS_20260814","evidence_code":"E10"}},{"type":"Feature","geometry":{"type":"Point","coordinates":[-54.85749999999996,-21.937499999999943]},"properties":{"well_id":"3500065059","municipality":"Itaporã","aquifer":"Guarani","available_fields":"pH | TEMPERATURA | Solidos dissolvidos totais","available_count":3,"pH":6.30000019,"electrical_conductivity":null,"temperature":4.9000001,"chemical_parameter":"Solidos dissolvidos totais","chemical_concentration":98.3,"source":"SIAGAS_MS_20260814","evidence_code":"E10"}},{"type":"Feature","geometry":{"type":"Point","coordinates":[-54.83055499999995,-19.831387999999947]},"properties":{"well_id":"3500023220","municipality":"Corguinho","aquifer":"Guarani","available_fields":"pH | CONDUTIVIDADE_ELETRICA | TEMPERATURA | Solidos dissolvidos totais","available_count":4,"pH":6.4000001,"electrical_conductivity":78.0,"temperature":28.5,"chemical_parameter":"Solidos dissolvidos totais","chemical_concentration":71.96,"source":"SIAGAS_MS_20260814","evidence_code":"E10"}},{"type":"Feature","geometry":{"type":"Point","coordinates":[-54.32638799999995,-19.25194399999998]},"properties":{"well_id":"3500023238","municipality":"São Gabriel do Oeste","aquifer":"Guarani","available_fields":"pH | CONDUTIVIDADE_ELETRICA | TEMPERATURA | Solidos dissolvidos totais","available_count":4,"pH":5.6500001,"electrical_conductivity":44.3,"temperature":29.5,"chemical_parameter":"Solidos dissolvidos totais","chemical_concentration":43.17,"source":"SIAGAS_MS_20260814","evidence_code":"E10"}},{"type":"Feature","geometry":{"type":"Point","coordinates":[-56.15194399999996,-21.67999999999995]},"properties":{"well_id":"3500065129","municipality":"Jardim","aquifer":"Guarani","available_fields":"pH | CONDUTIVIDADE_ELETRICA | TEMPERATURA | Solidos dissolvidos totais","available_count":4,"pH":5.82000017,"electrical_conductivity":71.0,"temperature":27.8999996,"chemical_parameter":"Solidos dissolvidos totais","chemical_concentration":66.4,"source":"SIAGAS_MS_20260814","evidence_code":"E10"}},{"type":"Feature","geometry":{"type":"Point","coordinates":[-54.728332999999964,-18.477499999999964]},"properties":{"well_id":"3500026839","municipality":"Coxim","aquifer":"Furnas","available_fields":"pH | CONDUTIVIDADE_ELETRICA | TURBIDEZ | Solidos dissolvidos totais","available_count":4,"pH":3.72000003,"electrical_conductivity":248.0,"temperature":null,"chemical_parameter":"Solidos dissolvidos totais","chemical_concentration":155.0,"source":"SIAGAS_MS_20260814","evidence_code":"E10"}},{"type":"Feature","geometry":{"type":"Point","coordinates":[-53.36027799999994,-19.87527799999998]},"properties":{"well_id":"3500065002","municipality":"Água Clara","aquifer":"Serra geral","available_fields":"pH | CONDUTIVIDADE_ELETRICA | TEMPERATURA | Solidos dissolvidos totais","available_count":4,"pH":6.23999977,"electrical_conductivity":70.2,"temperature":32.0,"chemical_parameter":"Solidos dissolvidos totais","chemical_concentration":55.0,"source":"SIAGAS_MS_20260814","evidence_code":"E10"}},{"type":"Feature","geometry":{"type":"Point","coordinates":[-55.943055999999956,-22.195555999999954]},"properties":{"well_id":"3500065005","municipality":"Antônio João","aquifer":"Serra geral","available_fields":"pH | Solidos dissolvidos totais","available_count":2,"pH":5.5999999,"electrical_conductivity":null,"temperature":null,"chemical_parameter":"Solidos dissolvidos totais","chemical_concentration":94.9,"source":"SIAGAS_MS_20260814","evidence_code":"E10"}},{"type":"Feature","geometry":{"type":"Point","coordinates":[-55.621666999999945,-22.948332999999934]},"properties":{"well_id":"3500065010","municipality":"Aral Moreira","aquifer":"Serra geral","available_fields":"pH | Solidos dissolvidos totais","available_count":2,"pH":7.0999999,"electrical_conductivity":null,"temperature":null,"chemical_parameter":"Solidos dissolvidos totais","chemical_concentration":84.9,"source":"SIAGAS_MS_20260814","evidence_code":"E10"}},{"type":"Feature","geometry":{"type":"Point","coordinates":[-54.75305599999996,-20.48194399999994]},"properties":{"well_id":"3500065048","municipality":"Campo Grande","aquifer":"Serra geral","available_fields":"pH | CONDUTIVIDADE_ELETRICA | TEMPERATURA | Solidos dissolvidos totais","available_count":4,"pH":7.28999996,"electrical_conductivity":5.72,"temperature":27.0,"chemical_parameter":"Solidos dissolvidos totais","chemical_concentration":20.0,"source":"SIAGAS_MS_20260814","evidence_code":"E10"}},{"type":"Feature","geometry":{"type":"Point","coordinates":[-57.68921899999998,-19.02248899999995]},"properties":{"well_id":"3500071736","municipality":"Corumbá","aquifer":"Não definido","available_fields":"pH | TEMPERATURA","available_count":2,"pH":6.19999981,"electrical_conductivity":null,"temperature":24.0,"chemical_parameter":"","chemical_concentration":null,"source":"SIAGAS_MS_20260814","evidence_code":"E10"}},{"type":"Feature","geometry":{"type":"Point","coordinates":[-54.588349999999934,-20.429220999999927]},"properties":{"well_id":"3500071030","municipality":"Campo Grande","aquifer":"Serra geral","available_fields":"pH | CONDUTIVIDADE_ELETRICA | TEMPERATURA","available_count":3,"pH":6.55000019,"electrical_conductivity":102.4,"temperature":36.0,"chemical_parameter":"","chemical_concentration":null,"source":"SIAGAS_MS_20260814","evidence_code":"E10"}},{"type":"Feature","geometry":{"type":"Point","coordinates":[-52.59806699999996,-18.802599999999927]},"properties":{"well_id":"3500070482","municipality":"Chapadão do Sul","aquifer":"Bauru_Caiua","available_fields":"pH | TEMPERATURA","available_count":2,"pH":6.17000008,"electrical_conductivity":null,"temperature":21.8999996,"chemical_parameter":"","chemical_concentration":null,"source":"SIAGAS_MS_20260814","evidence_code":"E10"}},{"type":"Feature","geometry":{"type":"Point","coordinates":[-54.56264699999997,-20.383524999999963]},"properties":{"well_id":"3500069959","municipality":"Campo Grande","aquifer":"Bauru_Caiua","available_fields":"pH | CONDUTIVIDADE_ELETRICA | TEMPERATURA","available_count":3,"pH":5.0,"electrical_conductivity":77.0,"temperature":27.0,"chemical_parameter":"","chemical_concentration":null,"source":"SIAGAS_MS_20260814","evidence_code":"E10"}},{"type":"Feature","geometry":{"type":"Point","coordinates":[-55.175138999999945,-21.613977999999975]},"properties":{"well_id":"3500069945","municipality":"Maracaju","aquifer":"Serra geral","available_fields":"pH | CONDUTIVIDADE_ELETRICA | TEMPERATURA","available_count":3,"pH":7.32000017,"electrical_conductivity":184.8,"temperature":23.0,"chemical_parameter":"","chemical_concentration":null,"source":"SIAGAS_MS_20260814","evidence_code":"E10"}},{"type":"Feature","geometry":{"type":"Point","coordinates":[-53.385832999999934,-22.286999999999978]},"properties":{"well_id":"3500069758","municipality":"Nova Andradina","aquifer":"Bauru_Caiua","available_fields":"pH","available_count":1,"pH":5.65999985,"electrical_conductivity":null,"temperature":null,"chemical_parameter":"","chemical_concentration":null,"source":"SIAGAS_MS_20260814","evidence_code":"E10"}},{"type":"Feature","geometry":{"type":"Point","coordinates":[-54.58333299999998,-20.477777999999944]},"properties":{"well_id":"3500026965","municipality":"Campo Grande","aquifer":"Serra geral","available_fields":"pH | TEMPERATURA | TURBIDEZ","available_count":3,"pH":6.05000019,"electrical_conductivity":null,"temperature":26.0,"chemical_parameter":"","chemical_concentration":null,"source":"SIAGAS_MS_20260814","evidence_code":"E10"}},{"type":"Feature","geometry":{"type":"Point","coordinates":[-57.63944399999997,-19.176666999999952]},"properties":{"well_id":"3500027006","municipality":"Ladário","aquifer":"Rocha cristalina","available_fields":"pH | CONDUTIVIDADE_ELETRICA | TEMPERATURA | TURBIDEZ | Solidos dissolvidos totais","available_count":5,"pH":5.0,"electrical_conductivity":15.78,"temperature":23.0,"chemical_parameter":"Solidos dissolvidos totais","chemical_concentration":117.0,"source":"SIAGAS_MS_20260814","evidence_code":"E10"}},{"type":"Feature","geometry":{"type":"Point","coordinates":[-54.73499999999996,-22.226388999999983]},"properties":{"well_id":"3500027011","municipality":"Dourados","aquifer":"Serra geral","available_fields":"pH | TEMPERATURA | TURBIDEZ","available_count":3,"pH":5.55999994,"electrical_conductivity":null,"temperature":23.0,"chemical_parameter":"","chemical_concentration":null,"source":"SIAGAS_MS_20260814","evidence_code":"E10"}},{"type":"Feature","geometry":{"type":"Point","coordinates":[-51.66916699999996,-20.789166999999964]},"properties":{"well_id":"3500027023","municipality":"Três Lagoas","aquifer":"Caiua","available_fields":"pH | TEMPERATURA | TURBIDEZ","available_count":3,"pH":6.0,"electrical_conductivity":null,"temperature":28.0,"chemical_parameter":"","chemical_concentration":null,"source":"SIAGAS_MS_20260814","evidence_code":"E10"}},{"type":"Feature","geometry":{"type":"Point","coordinates":[-57.63944399999997,-19.173332999999957]},"properties":{"well_id":"3500027042","municipality":"Ladário","aquifer":"Rocha cristalina","available_fields":"pH | CONDUTIVIDADE_ELETRICA | TEMPERATURA | TURBIDEZ","available_count":4,"pH":6.96999979,"electrical_conductivity":25.14,"temperature":23.0,"chemical_parameter":"","chemical_concentration":null,"source":"SIAGAS_MS_20260814","evidence_code":"E10"}},{"type":"Feature","geometry":{"type":"Point","coordinates":[-57.62083299999995,-19.02305599999994]},"properties":{"well_id":"3500027088","municipality":"Ladário","aquifer":"Aquidauana","available_fields":"pH | TEMPERATURA | TURBIDEZ | Solidos dissolvidos totais","available_count":4,"pH":6.82999992,"electrical_conductivity":null,"temperature":28.0,"chemical_parameter":"Solidos dissolvidos totais","chemical_concentration":880.0,"source":"SIAGAS_MS_20260814","evidence_code":"E10"}},{"type":"Feature","geometry":{"type":"Point","coordinates":[-56.153888999999936,-20.99138899999997]},"properties":{"well_id":"3500027093","municipality":"Nioaque","aquifer":"Caiua","available_fields":"pH | CONDUTIVIDADE_ELETRICA | TURBIDEZ","available_count":3,"pH":7.80000019,"electrical_conductivity":122.6,"temperature":null,"chemical_parameter":"","chemical_concentration":null,"source":"SIAGAS_MS_20260814","evidence_code":"E10"}},{"type":"Feature","geometry":{"type":"Point","coordinates":[-54.77388899999994,-21.65861099999995]},"properties":{"well_id":"3500027148","municipality":"Rio Brilhante","aquifer":"Serra geral","available_fields":"pH | TEMPERATURA | TURBIDEZ","available_count":3,"pH":7.4000001,"electrical_conductivity":null,"temperature":19.0,"chemical_parameter":"","chemical_concentration":null,"source":"SIAGAS_MS_20260814","evidence_code":"E10"}},{"type":"Feature","geometry":{"type":"Point","coordinates":[-51.715277999999955,-20.79138899999998]},"properties":{"well_id":"3500027175","municipality":"Três Lagoas","aquifer":"Bauru","available_fields":"pH | TEMPERATURA | TURBIDEZ | Solidos dissolvidos totais","available_count":4,"pH":5.71999979,"electrical_conductivity":null,"temperature":23.1000004,"chemical_parameter":"Solidos dissolvidos totais","chemical_concentration":48.0,"source":"SIAGAS_MS_20260814","evidence_code":"E10"}},{"type":"Feature","geometry":{"type":"Point","coordinates":[-54.68527799999998,-18.032221999999933]},"properties":{"well_id":"3500027239","municipality":"Coxim","aquifer":"Furnas","available_fields":"pH | TEMPERATURA | TURBIDEZ","available_count":3,"pH":4.61000013,"electrical_conductivity":null,"temperature":12.0,"chemical_parameter":"","chemical_concentration":null,"source":"SIAGAS_MS_20260814","evidence_code":"E10"}},{"type":"Feature","geometry":{"type":"Point","coordinates":[-55.424999999999955,-20.45333299999993]},"properties":{"well_id":"3500027269","municipality":"Dois Irmãos do Buriti","aquifer":"Aquidauana","available_fields":"pH | TEMPERATURA | TURBIDEZ | Solidos dissolvidos totais","available_count":4,"pH":7.80999994,"electrical_conductivity":null,"temperature":24.0,"chemical_parameter":"Solidos dissolvidos totais","chemical_concentration":188.2,"source":"SIAGAS_MS_20260814","evidence_code":"E10"}},{"type":"Feature","geometry":{"type":"Point","coordinates":[-54.21861099999995,-22.41138899999993]},"properties":{"well_id":"3500027290","municipality":"Glória de Dourados","aquifer":"Serra geral","available_fields":"pH | TEMPERATURA | TURBIDEZ","available_count":3,"pH":7.67000008,"electrical_conductivity":null,"temperature":8.0,"chemical_parameter":"","chemical_concentration":null,"source":"SIAGAS_MS_20260814","evidence_code":"E10"}},{"type":"Feature","geometry":{"type":"Point","coordinates":[-54.63777799999997,-20.44805599999995]},"properties":{"well_id":"3500045155","municipality":"Campo Grande","aquifer":"Serra geral","available_fields":"pH | CONDUTIVIDADE_ELETRICA | TURBIDEZ | Solidos dissolvidos totais","available_count":4,"pH":7.0,"electrical_conductivity":127.0,"temperature":null,"chemical_parameter":"Solidos dissolvidos totais","chemical_concentration":66.0,"source":"SIAGAS_MS_20260814","evidence_code":"E10"}},{"type":"Feature","geometry":{"type":"Point","coordinates":[-54.68055599999997,-20.468888999999933]},"properties":{"well_id":"3500045609","municipality":"Campo Grande","aquifer":"Serra geral","available_fields":"pH | TURBIDEZ","available_count":2,"pH":7.51999998,"electrical_conductivity":null,"temperature":null,"chemical_parameter":"","chemical_concentration":null,"source":"SIAGAS_MS_20260814","evidence_code":"E10"}},{"type":"Feature","geometry":{"type":"Point","coordinates":[-54.433610999999985,-22.40749999999997]},"properties":{"well_id":"3500045611","municipality":"Vicentina","aquifer":"Serra geral","available_fields":"pH | TURBIDEZ | Solidos dissolvidos totais","available_count":3,"pH":6.55000019,"electrical_conductivity":null,"temperature":null,"chemical_parameter":"Solidos dissolvidos totais","chemical_concentration":261.4,"source":"SIAGAS_MS_20260814","evidence_code":"E10"}},{"type":"Feature","geometry":{"type":"Point","coordinates":[-54.54833299999996,-19.423610999999937]},"properties":{"well_id":"3500053095","municipality":"São Gabriel do Oeste","aquifer":"Guarani","available_fields":"pH | TEMPERATURA | TURBIDEZ","available_count":3,"pH":7.94000006,"electrical_conductivity":null,"temperature":22.0,"chemical_parameter":"","chemical_concentration":null,"source":"SIAGAS_MS_20260814","evidence_code":"E10"}},{"type":"Feature","geometry":{"type":"Point","coordinates":[-54.58555599999994,-21.997777999999983]},"properties":{"well_id":"3500027080","municipality":"Douradina","aquifer":"Serra geral","available_fields":"pH | TEMPERATURA | TURBIDEZ | Solidos dissolvidos totais","available_count":4,"pH":6.76000023,"electrical_conductivity":null,"temperature":25.3999996,"chemical_parameter":"Solidos dissolvidos totais","chemical_concentration":121.2,"source":"SIAGAS_MS_20260814","evidence_code":"E10"}},{"type":"Feature","geometry":{"type":"Point","coordinates":[-54.61508599999996,-20.433007999999973]},"properties":{"well_id":"3500073583","municipality":"Campo Grande","aquifer":"Serra geral","available_fields":"pH | CONDUTIVIDADE_ELETRICA | TEMPERATURA | Solidos dissolvidos totais","available_count":4,"pH":7.82000017,"electrical_conductivity":202.0,"temperature":28.0,"chemical_parameter":"Solidos dissolvidos totais","chemical_concentration":330.0,"source":"SIAGAS_MS_20260814","evidence_code":"E10"}},{"type":"Feature","geometry":{"type":"Point","coordinates":[-54.62455799999998,-20.536010999999974]},"properties":{"well_id":"3500073585","municipality":"Campo Grande","aquifer":"Serra geral","available_fields":"pH | CONDUTIVIDADE_ELETRICA | TEMPERATURA | Solidos dissolvidos totais","available_count":4,"pH":6.5999999,"electrical_conductivity":160.0,"temperature":26.0,"chemical_parameter":"Solidos dissolvidos totais","chemical_concentration":147.0,"source":"SIAGAS_MS_20260814","evidence_code":"E10"}},{"type":"Feature","geometry":{"type":"Point","coordinates":[-54.33713099999994,-22.370232999999928]},"properties":{"well_id":"3500073598","municipality":"Fátima do Sul","aquifer":"Serra geral","available_fields":"pH | CONDUTIVIDADE_ELETRICA | TEMPERATURA | Solidos dissolvidos totais","available_count":4,"pH":7.3499999,"electrical_conductivity":151.5,"temperature":26.0,"chemical_parameter":"Solidos dissolvidos totais","chemical_concentration":98.47,"source":"SIAGAS_MS_20260814","evidence_code":"E10"}},{"type":"Feature","geometry":{"type":"Point","coordinates":[-54.094135999999935,-22.302705999999944]},"properties":{"well_id":"3500073597","municipality":"Deodápolis","aquifer":"Bauru","available_fields":"pH | CONDUTIVIDADE_ELETRICA | Solidos dissolvidos totais","available_count":3,"pH":6.19999981,"electrical_conductivity":25.4,"temperature":null,"chemical_parameter":"Solidos dissolvidos totais","chemical_concentration":16.51,"source":"SIAGAS_MS_20260814","evidence_code":"E10"}},{"type":"Feature","geometry":{"type":"Point","coordinates":[-53.300280999999984,-22.459180999999944]},"properties":{"well_id":"3500073601","municipality":"Batayporã","aquifer":"Bauru","available_fields":"pH | CONDUTIVIDADE_ELETRICA | TEMPERATURA | Solidos dissolvidos totais","available_count":4,"pH":6.26999998,"electrical_conductivity":56.08,"temperature":24.8999996,"chemical_parameter":"Solidos dissolvidos totais","chemical_concentration":66.0,"source":"SIAGAS_MS_20260814","evidence_code":"E10"}},{"type":"Feature","geometry":{"type":"Point","coordinates":[-56.485555999999974,-21.132221999999956]},"properties":{"well_id":"3500030619","municipality":"Bonito","aquifer":"Cuiaba","available_fields":"pH | TURBIDEZ","available_count":2,"pH":7.03999996,"electrical_conductivity":null,"temperature":null,"chemical_parameter":"","chemical_concentration":null,"source":"SIAGAS_MS_20260814","evidence_code":"E10"}},{"type":"Feature","geometry":{"type":"Point","coordinates":[-53.698332999999934,-18.325832999999932]},"properties":{"well_id":"3500045653","municipality":"Alcinópolis","aquifer":"Guarani","available_fields":"pH | TEMPERATURA | TURBIDEZ","available_count":3,"pH":6.5,"electrical_conductivity":null,"temperature":3.20000005,"chemical_parameter":"","chemical_concentration":null,"source":"SIAGAS_MS_20260814","evidence_code":"E10"}},{"type":"Feature","geometry":{"type":"Point","coordinates":[-54.63593099999997,-23.62910599999998]},"properties":{"well_id":"3500073609","municipality":"Iguatemi","aquifer":"Bauru","available_fields":"pH | CONDUTIVIDADE_ELETRICA | Solidos dissolvidos totais","available_count":3,"pH":7.28999996,"electrical_conductivity":31.5,"temperature":null,"chemical_parameter":"Solidos dissolvidos totais","chemical_concentration":120.0,"source":"SIAGAS_MS_20260814","evidence_code":"E10"}},{"type":"Feature","geometry":{"type":"Point","coordinates":[-53.92083299999996,-22.73711099999997]},"properties":{"well_id":"3500073639","municipality":"Jateí","aquifer":"Bauru","available_fields":"pH | CONDUTIVIDADE_ELETRICA | TEMPERATURA | Solidos dissolvidos totais","available_count":4,"pH":6.0999999,"electrical_conductivity":31.0,"temperature":24.0,"chemical_parameter":"Solidos dissolvidos totais","chemical_concentration":20.2,"source":"SIAGAS_MS_20260814","evidence_code":"E10"}},{"type":"Feature","geometry":{"type":"Point","coordinates":[-54.785702999999955,-22.26018899999997]},"properties":{"well_id":"3500073654","municipality":"Dourados","aquifer":"Serra geral","available_fields":"pH | CONDUTIVIDADE_ELETRICA | Solidos dissolvidos totais","available_count":3,"pH":5.88000011,"electrical_conductivity":67.47,"temperature":null,"chemical_parameter":"Solidos dissolvidos totais","chemical_concentration":43.85,"source":"SIAGAS_MS_20260814","evidence_code":"E10"}},{"type":"Feature","geometry":{"type":"Point","coordinates":[-54.188260999999954,-22.380252999999982]},"properties":{"well_id":"3500073655","municipality":"Glória de Dourados","aquifer":"Bauru","available_fields":"pH | CONDUTIVIDADE_ELETRICA | TEMPERATURA","available_count":3,"pH":5.13000011,"electrical_conductivity":14.7,"temperature":24.0,"chemical_parameter":"","chemical_concentration":null,"source":"SIAGAS_MS_20260814","evidence_code":"E10"}},{"type":"Feature","geometry":{"type":"Point","coordinates":[-54.33646699999997,-19.70724999999993]},"properties":{"well_id":"3500073663","municipality":"Bandeirantes","aquifer":"Bauru","available_fields":"pH | CONDUTIVIDADE_ELETRICA | TEMPERATURA | Solidos dissolvidos totais","available_count":4,"pH":4.9000001,"electrical_conductivity":9.12,"temperature":24.0,"chemical_parameter":"Solidos dissolvidos totais","chemical_concentration":19.0,"source":"SIAGAS_MS_20260814","evidence_code":"E10"}},{"type":"Feature","geometry":{"type":"Point","coordinates":[-54.310138999999936,-20.138074999999958]},"properties":{"well_id":"3500073666","municipality":"Jaraguari","aquifer":"Bauru","available_fields":"pH | CONDUTIVIDADE_ELETRICA | TEMPERATURA","available_count":3,"pH":6.19999981,"electrical_conductivity":12.3,"temperature":29.8999996,"chemical_parameter":"","chemical_concentration":null,"source":"SIAGAS_MS_20260814","evidence_code":"E10"}},{"type":"Feature","geometry":{"type":"Point","coordinates":[-55.52766699999995,-22.445055999999965]},"properties":{"well_id":"3500073674","municipality":"Ponta Porã","aquifer":"Serra geral","available_fields":"pH | CONDUTIVIDADE_ELETRICA | Solidos dissolvidos totais","available_count":3,"pH":6.17000008,"electrical_conductivity":35.69,"temperature":null,"chemical_parameter":"Solidos dissolvidos totais","chemical_concentration":23.0,"source":"SIAGAS_MS_20260814","evidence_code":"E10"}},{"type":"Feature","geometry":{"type":"Point","coordinates":[-54.485157999999956,-22.24080299999997]},"properties":{"well_id":"3500073672","municipality":"Dourados","aquifer":"Serra geral","available_fields":"pH | CONDUTIVIDADE_ELETRICA | TEMPERATURA","available_count":3,"pH":7.13000011,"electrical_conductivity":95.25,"temperature":23.0,"chemical_parameter":"","chemical_concentration":null,"source":"SIAGAS_MS_20260814","evidence_code":"E10"}},{"type":"Feature","geometry":{"type":"Point","coordinates":[-54.20278099999996,-22.262613999999928]},"properties":{"well_id":"3500073685","municipality":"Deodápolis","aquifer":"Serra geral","available_fields":"pH | CONDUTIVIDADE_ELETRICA | TEMPERATURA | Solidos dissolvidos totais","available_count":4,"pH":7.21999979,"electrical_conductivity":162.6,"temperature":24.0,"chemical_parameter":"Solidos dissolvidos totais","chemical_concentration":105.69,"source":"SIAGAS_MS_20260814","evidence_code":"E10"}},{"type":"Feature","geometry":{"type":"Point","coordinates":[-54.15401099999997,-23.493618999999967]},"properties":{"well_id":"3500073691","municipality":"Itaquiraí","aquifer":"Bauru","available_fields":"pH | CONDUTIVIDADE_ELETRICA | TEMPERATURA | Solidos dissolvidos totais","available_count":4,"pH":7.55000019,"electrical_conductivity":57.46,"temperature":24.6000004,"chemical_parameter":"Solidos dissolvidos totais","chemical_concentration":19.0,"source":"SIAGAS_MS_20260814","evidence_code":"E10"}},{"type":"Feature","geometry":{"type":"Point","coordinates":[-54.97578599999997,-21.031221999999957]},"properties":{"well_id":"3500073699","municipality":"Sidrolândia","aquifer":"Serra geral","available_fields":"pH | CONDUTIVIDADE_ELETRICA | TEMPERATURA | Solidos dissolvidos totais","available_count":4,"pH":6.19999981,"electrical_conductivity":111.7,"temperature":27.0,"chemical_parameter":"Solidos dissolvidos totais","chemical_concentration":175.0,"source":"SIAGAS_MS_20260814","evidence_code":"E10"}},{"type":"Feature","geometry":{"type":"Point","coordinates":[-54.54666699999996,-20.462499999999977]},"properties":{"well_id":"3500073704","municipality":"Campo Grande","aquifer":"Bauru","available_fields":"pH | TEMPERATURA | Solidos dissolvidos totais","available_count":3,"pH":4.9000001,"electrical_conductivity":null,"temperature":26.0,"chemical_parameter":"Solidos dissolvidos totais","chemical_concentration":33.0,"source":"SIAGAS_MS_20260814","evidence_code":"E10"}},{"type":"Feature","geometry":{"type":"Point","coordinates":[-54.51969699999995,-20.435427999999945]},"properties":{"well_id":"3500073764","municipality":"Campo Grande","aquifer":"Bauru","available_fields":"pH | CONDUTIVIDADE_ELETRICA | TEMPERATURA | Solidos dissolvidos totais","available_count":4,"pH":5.07999992,"electrical_conductivity":9.3,"temperature":24.7999992,"chemical_parameter":"Solidos dissolvidos totais","chemical_concentration":10.0,"source":"SIAGAS_MS_20260814","evidence_code":"E10"}},{"type":"Feature","geometry":{"type":"Point","coordinates":[-54.54306699999995,-20.45640599999996]},"properties":{"well_id":"3500073780","municipality":"Campo Grande","aquifer":"Bauru","available_fields":"pH | CONDUTIVIDADE_ELETRICA | TEMPERATURA | Solidos dissolvidos totais","available_count":4,"pH":6.9000001,"electrical_conductivity":109.9,"temperature":25.2999992,"chemical_parameter":"Solidos dissolvidos totais","chemical_concentration":60.0,"source":"SIAGAS_MS_20260814","evidence_code":"E10"}},{"type":"Feature","geometry":{"type":"Point","coordinates":[-54.84993899999995,-22.21171899999996]},"properties":{"well_id":"3500073796","municipality":"Dourados","aquifer":"Serra geral","available_fields":"pH | CONDUTIVIDADE_ELETRICA | TEMPERATURA | Solidos dissolvidos totais","available_count":4,"pH":5.61999989,"electrical_conductivity":87.42,"temperature":22.0,"chemical_parameter":"Solidos dissolvidos totais","chemical_concentration":57.0,"source":"SIAGAS_MS_20260814","evidence_code":"E10"}},{"type":"Feature","geometry":{"type":"Point","coordinates":[-54.57836099999997,-19.48994399999998]},"properties":{"well_id":"3500073802","municipality":"São Gabriel do Oeste","aquifer":"Serra geral","available_fields":"pH | CONDUTIVIDADE_ELETRICA | TEMPERATURA | Solidos dissolvidos totais","available_count":4,"pH":6.19999981,"electrical_conductivity":20.0,"temperature":23.0,"chemical_parameter":"Solidos dissolvidos totais","chemical_concentration":0.5,"source":"SIAGAS_MS_20260814","evidence_code":"E10"}},{"type":"Feature","geometry":{"type":"Point","coordinates":[-55.11164699999995,-20.66782799999993]},"properties":{"well_id":"3500073812","municipality":"Sidrolândia","aquifer":"Serra geral","available_fields":"pH | CONDUTIVIDADE_ELETRICA | Solidos dissolvidos totais","available_count":3,"pH":5.96000004,"electrical_conductivity":68.0,"temperature":null,"chemical_parameter":"Solidos dissolvidos totais","chemical_concentration":72.0,"source":"SIAGAS_MS_20260814","evidence_code":"E10"}},{"type":"Feature","geometry":{"type":"Point","coordinates":[-54.98544399999997,-21.058302999999967]},"properties":{"well_id":"3500073864","municipality":"Sidrolândia","aquifer":"Serra geral","available_fields":"pH | CONDUTIVIDADE_ELETRICA | TEMPERATURA | Solidos dissolvidos totais","available_count":4,"pH":6.8499999,"electrical_conductivity":28.9,"temperature":28.0,"chemical_parameter":"Solidos dissolvidos totais","chemical_concentration":86.0,"source":"SIAGAS_MS_20260814","evidence_code":"E10"}},{"type":"Feature","geometry":{"type":"Point","coordinates":[-54.80048899999997,-22.235593999999935]},"properties":{"well_id":"3500073872","municipality":"Dourados","aquifer":"Serra geral","available_fields":"pH | CONDUTIVIDADE_ELETRICA | Solidos dissolvidos totais","available_count":3,"pH":6.4000001,"electrical_conductivity":230.0,"temperature":null,"chemical_parameter":"Solidos dissolvidos totais","chemical_concentration":149.5,"source":"SIAGAS_MS_20260814","evidence_code":"E10"}},{"type":"Feature","geometry":{"type":"Point","coordinates":[-54.63758299999995,-22.307943999999964]},"properties":{"well_id":"3500073875","municipality":"Dourados","aquifer":"Serra geral","available_fields":"pH | CONDUTIVIDADE_ELETRICA | TEMPERATURA | Solidos dissolvidos totais","available_count":4,"pH":6.69999981,"electrical_conductivity":96.3,"temperature":21.0,"chemical_parameter":"Solidos dissolvidos totais","chemical_concentration":21.0,"source":"SIAGAS_MS_20260814","evidence_code":"E10"}},{"type":"Feature","geometry":{"type":"Point","coordinates":[-54.34972799999997,-22.46307799999994]},"properties":{"well_id":"3500073883","municipality":"Jateí","aquifer":"Bauru","available_fields":"pH | CONDUTIVIDADE_ELETRICA | Solidos dissolvidos totais","available_count":3,"pH":7.57999992,"electrical_conductivity":76.47,"temperature":null,"chemical_parameter":"Solidos dissolvidos totais","chemical_concentration":49.7,"source":"SIAGAS_MS_20260814","evidence_code":"E10"}},{"type":"Feature","geometry":{"type":"Point","coordinates":[-54.294221999999934,-22.443888999999956]},"properties":{"well_id":"3500073881","municipality":"Glória de Dourados","aquifer":"Bauru","available_fields":"pH | CONDUTIVIDADE_ELETRICA | TEMPERATURA | Solidos dissolvidos totais","available_count":4,"pH":5.5999999,"electrical_conductivity":91.8,"temperature":22.0,"chemical_parameter":"Solidos dissolvidos totais","chemical_concentration":108.0,"source":"SIAGAS_MS_20260814","evidence_code":"E10"}},{"type":"Feature","geometry":{"type":"Point","coordinates":[-54.930871999999965,-21.08755599999995]},"properties":{"well_id":"3500073894","municipality":"Sidrolândia","aquifer":"Serra geral","available_fields":"pH | CONDUTIVIDADE_ELETRICA | TEMPERATURA | Solidos dissolvidos totais","available_count":4,"pH":6.69999981,"electrical_conductivity":25.4,"temperature":23.0,"chemical_parameter":"Solidos dissolvidos totais","chemical_concentration":62.0,"source":"SIAGAS_MS_20260814","evidence_code":"E10"}},{"type":"Feature","geometry":{"type":"Point","coordinates":[-54.382068999999944,-21.453055999999947]},"properties":{"well_id":"3500073897","municipality":"Nova Alvorada do Sul","aquifer":"Serra geral","available_fields":"pH | CONDUTIVIDADE_ELETRICA | TEMPERATURA | Solidos dissolvidos totais","available_count":4,"pH":6.57000017,"electrical_conductivity":165.0,"temperature":26.0,"chemical_parameter":"Solidos dissolvidos totais","chemical_concentration":226.0,"source":"SIAGAS_MS_20260814","evidence_code":"E10"}},{"type":"Feature","geometry":{"type":"Point","coordinates":[-55.11514399999999,-20.754318999999953]},"properties":{"well_id":"3500073919","municipality":"Sidrolândia","aquifer":"Serra geral","available_fields":"pH | CONDUTIVIDADE_ELETRICA | TEMPERATURA | Solidos dissolvidos totais","available_count":4,"pH":7.0,"electrical_conductivity":83.0,"temperature":20.0,"chemical_parameter":"Solidos dissolvidos totais","chemical_concentration":41.0,"source":"SIAGAS_MS_20260814","evidence_code":"E10"}},{"type":"Feature","geometry":{"type":"Point","coordinates":[-54.334457999999984,-22.50006099999996]},"properties":{"well_id":"3500073929","municipality":"Jateí","aquifer":"Bauru","available_fields":"pH | CONDUTIVIDADE_ELETRICA | TEMPERATURA | Solidos dissolvidos totais","available_count":4,"pH":4.3499999,"electrical_conductivity":75.25,"temperature":23.0,"chemical_parameter":"Solidos dissolvidos totais","chemical_concentration":49.0,"source":"SIAGAS_MS_20260814","evidence_code":"E10"}},{"type":"Feature","geometry":{"type":"Point","coordinates":[-55.03736699999996,-23.977432999999962]},"properties":{"well_id":"3500073933","municipality":"Sete Quedas","aquifer":"Bauru","available_fields":"pH | CONDUTIVIDADE_ELETRICA | TEMPERATURA | Solidos dissolvidos totais","available_count":4,"pH":7.0,"electrical_conductivity":51.3,"temperature":30.0,"chemical_parameter":"Solidos dissolvidos totais","chemical_concentration":43.0,"source":"SIAGAS_MS_20260814","evidence_code":"E10"}},{"type":"Feature","geometry":{"type":"Point","coordinates":[-54.31475599999993,-23.90562799999998]},"properties":{"well_id":"3500073932","municipality":"Mundo Novo","aquifer":"Bauru","available_fields":"pH | CONDUTIVIDADE_ELETRICA | TEMPERATURA | Solidos dissolvidos totais","available_count":4,"pH":5.40999985,"electrical_conductivity":17.8,"temperature":28.0,"chemical_parameter":"Solidos dissolvidos totais","chemical_concentration":12.0,"source":"SIAGAS_MS_20260814","evidence_code":"E10"}},{"type":"Feature","geometry":{"type":"Point","coordinates":[-54.726155999999946,-22.219077999999968]},"properties":{"well_id":"3500073947","municipality":"Dourados","aquifer":"Serra geral","available_fields":"pH | CONDUTIVIDADE_ELETRICA | TEMPERATURA | Solidos dissolvidos totais","available_count":4,"pH":7.69999981,"electrical_conductivity":188.2,"temperature":25.0,"chemical_parameter":"Solidos dissolvidos totais","chemical_concentration":122.33,"source":"SIAGAS_MS_20260814","evidence_code":"E10"}},{"type":"Feature","geometry":{"type":"Point","coordinates":[-54.12587199999996,-22.486785999999938]},"properties":{"well_id":"3500073954","municipality":"Glória de Dourados","aquifer":"Bauru","available_fields":"pH | CONDUTIVIDADE_ELETRICA | TEMPERATURA | Solidos dissolvidos totais","available_count":4,"pH":5.76999998,"electrical_conductivity":35.6,"temperature":25.0,"chemical_parameter":"Solidos dissolvidos totais","chemical_concentration":23.14,"source":"SIAGAS_MS_20260814","evidence_code":"E10"}},{"type":"Feature","geometry":{"type":"Point","coordinates":[-54.81811099999993,-21.933138999999983]},"properties":{"well_id":"3500073953","municipality":"Itaporã","aquifer":"Serra geral","available_fields":"pH | CONDUTIVIDADE_ELETRICA | TEMPERATURA | Solidos dissolvidos totais","available_count":4,"pH":5.69999981,"electrical_conductivity":57.4,"temperature":24.0,"chemical_parameter":"Solidos dissolvidos totais","chemical_concentration":37.3,"source":"SIAGAS_MS_20260814","evidence_code":"E10"}},{"type":"Feature","geometry":{"type":"Point","coordinates":[-52.16748299999995,-21.475855999999965]},"properties":{"well_id":"3500072997","municipality":"Brasilândia","aquifer":"Bauru","available_fields":"pH | CONDUTIVIDADE_ELETRICA | TEMPERATURA | Solidos dissolvidos totais","available_count":4,"pH":7.30000019,"electrical_conductivity":9.8,"temperature":26.2000008,"chemical_parameter":"Solidos dissolvidos totais","chemical_concentration":5.0,"source":"SIAGAS_MS_20260814","evidence_code":"E10"}},{"type":"Feature","geometry":{"type":"Point","coordinates":[-53.11616699999996,-20.28605299999998]},"properties":{"well_id":"3500072969","municipality":"Ribas do Rio Pardo","aquifer":"Bauru","available_fields":"pH | CONDUTIVIDADE_ELETRICA | TEMPERATURA | Solidos dissolvidos totais","available_count":4,"pH":7.0,"electrical_conductivity":101.3,"temperature":30.0,"chemical_parameter":"Solidos dissolvidos totais","chemical_concentration":23.0,"source":"SIAGAS_MS_20260814","evidence_code":"E10"}},{"type":"Feature","geometry":{"type":"Point","coordinates":[-54.71166699999998,-21.50166699999994]},"properties":{"well_id":"3500072916","municipality":"Rio Brilhante","aquifer":"Serra geral","available_fields":"pH | TEMPERATURA | Solidos dissolvidos totais","available_count":3,"pH":7.0,"electrical_conductivity":null,"temperature":30.0,"chemical_parameter":"Solidos dissolvidos totais","chemical_concentration":124.0,"source":"SIAGAS_MS_20260814","evidence_code":"E10"}},{"type":"Feature","geometry":{"type":"Point","coordinates":[-52.64611099999996,-18.779721999999936]},"properties":{"well_id":"3500072865","municipality":"Chapadão do Sul","aquifer":"Bauru","available_fields":"pH | CONDUTIVIDADE_ELETRICA | Solidos dissolvidos totais","available_count":3,"pH":6.44999981,"electrical_conductivity":15.67,"temperature":null,"chemical_parameter":"Solidos dissolvidos totais","chemical_concentration":10.0,"source":"SIAGAS_MS_20260814","evidence_code":"E10"}},{"type":"Feature","geometry":{"type":"Point","coordinates":[-53.82870799999995,-22.310643999999968]},"properties":{"well_id":"3500072846","municipality":"Ivinhema","aquifer":"Bauru","available_fields":"pH | Solidos dissolvidos totais","available_count":2,"pH":6.19999981,"electrical_conductivity":null,"temperature":null,"chemical_parameter":"Solidos dissolvidos totais","chemical_concentration":65.0,"source":"SIAGAS_MS_20260814","evidence_code":"E10"}},{"type":"Feature","geometry":{"type":"Point","coordinates":[-53.22222199999993,-18.241943999999933]},"properties":{"well_id":"3500072819","municipality":"Costa Rica","aquifer":"Bauru","available_fields":"pH | CONDUTIVIDADE_ELETRICA | TEMPERATURA | Solidos dissolvidos totais","available_count":4,"pH":4.42000008,"electrical_conductivity":6.1,"temperature":25.0,"chemical_parameter":"Solidos dissolvidos totais","chemical_concentration":25.0,"source":"SIAGAS_MS_20260814","evidence_code":"E10"}},{"type":"Feature","geometry":{"type":"Point","coordinates":[-52.02361099999996,-20.63694399999997]},"properties":{"well_id":"3500072811","municipality":"Três Lagoas","aquifer":"Bauru","available_fields":"pH | TEMPERATURA | Solidos dissolvidos totais","available_count":3,"pH":6.80000019,"electrical_conductivity":null,"temperature":25.7999992,"chemical_parameter":"Solidos dissolvidos totais","chemical_concentration":16.08,"source":"SIAGAS_MS_20260814","evidence_code":"E10"}},{"type":"Feature","geometry":{"type":"Point","coordinates":[-54.69937199999998,-21.904821999999967]},"properties":{"well_id":"3500072787","municipality":"Itaporã","aquifer":"Serra geral","available_fields":"pH | CONDUTIVIDADE_ELETRICA | TEMPERATURA | Solidos dissolvidos totais","available_count":4,"pH":8.48999977,"electrical_conductivity":145.4,"temperature":24.7000008,"chemical_parameter":"Solidos dissolvidos totais","chemical_concentration":94.51,"source":"SIAGAS_MS_20260814","evidence_code":"E10"}},{"type":"Feature","geometry":{"type":"Point","coordinates":[-54.74491399999994,-20.48946099999995]},"properties":{"well_id":"3500072734","municipality":"Campo Grande","aquifer":"Serra geral","available_fields":"pH | TEMPERATURA | Solidos dissolvidos totais","available_count":3,"pH":7.67999983,"electrical_conductivity":null,"temperature":30.0,"chemical_parameter":"Solidos dissolvidos totais","chemical_concentration":159.0,"source":"SIAGAS_MS_20260814","evidence_code":"E10"}},{"type":"Feature","geometry":{"type":"Point","coordinates":[-54.422755999999936,-21.326885999999945]},"properties":{"well_id":"3500072706","municipality":"Nova Alvorada do Sul","aquifer":"Serra geral","available_fields":"pH | TEMPERATURA | Solidos dissolvidos totais","available_count":3,"pH":7.30999994,"electrical_conductivity":null,"temperature":25.8999996,"chemical_parameter":"Solidos dissolvidos totais","chemical_concentration":8.0,"source":"SIAGAS_MS_20260814","evidence_code":"E10"}},{"type":"Feature","geometry":{"type":"Point","coordinates":[-54.52855299999993,-21.78595299999995]},"properties":{"well_id":"3500072678","municipality":"Rio Brilhante","aquifer":"Serra geral","available_fields":"pH | CONDUTIVIDADE_ELETRICA | TEMPERATURA | Solidos dissolvidos totais","available_count":4,"pH":7.28999996,"electrical_conductivity":307.8,"temperature":23.0,"chemical_parameter":"Solidos dissolvidos totais","chemical_concentration":200.0,"source":"SIAGAS_MS_20260814","evidence_code":"E10"}},{"type":"Feature","geometry":{"type":"Point","coordinates":[-54.767371999999966,-19.148410999999953]},"properties":{"well_id":"3500072648","municipality":"Rio Verde de Mato Grosso","aquifer":"Botucatu","available_fields":"pH | CONDUTIVIDADE_ELETRICA | TEMPERATURA | Solidos dissolvidos totais","available_count":4,"pH":6.69999981,"electrical_conductivity":0.2,"temperature":24.0,"chemical_parameter":"Solidos dissolvidos totais","chemical_concentration":0.5,"source":"SIAGAS_MS_20260814","evidence_code":"E10"}},{"type":"Feature","geometry":{"type":"Point","coordinates":[-54.63473299999998,-20.41485599999993]},"properties":{"well_id":"3500072604","municipality":"Campo Grande","aquifer":"Serra geral","available_fields":"pH | CONDUTIVIDADE_ELETRICA | TEMPERATURA | Solidos dissolvidos totais","available_count":4,"pH":6.69999981,"electrical_conductivity":182.0,"temperature":25.0,"chemical_parameter":"Solidos dissolvidos totais","chemical_concentration":169.0,"source":"SIAGAS_MS_20260814","evidence_code":"E10"}},{"type":"Feature","geometry":{"type":"Point","coordinates":[-54.86645299999998,-20.408538999999962]},"properties":{"well_id":"3500072603","municipality":"Terenos","aquifer":"Serra geral","available_fields":"pH | CONDUTIVIDADE_ELETRICA | TEMPERATURA | Solidos dissolvidos totais","available_count":4,"pH":6.80000019,"electrical_conductivity":132.0,"temperature":28.0,"chemical_parameter":"Solidos dissolvidos totais","chemical_concentration":144.0,"source":"SIAGAS_MS_20260814","evidence_code":"E10"}},{"type":"Feature","geometry":{"type":"Point","coordinates":[-53.33677499999993,-22.30160799999993]},"properties":{"well_id":"3500072578","municipality":"Batayporã","aquifer":"Bauru","available_fields":"pH | CONDUTIVIDADE_ELETRICA | TEMPERATURA | Solidos dissolvidos totais","available_count":4,"pH":5.92000008,"electrical_conductivity":150.8,"temperature":20.0,"chemical_parameter":"Solidos dissolvidos totais","chemical_concentration":147.0,"source":"SIAGAS_MS_20260814","evidence_code":"E10"}},{"type":"Feature","geometry":{"type":"Point","coordinates":[-54.31729699999994,-23.885074999999972]},"properties":{"well_id":"3500072565","municipality":"Mundo Novo","aquifer":"Bauru","available_fields":"pH | CONDUTIVIDADE_ELETRICA | TEMPERATURA | Solidos dissolvidos totais","available_count":4,"pH":6.0999999,"electrical_conductivity":41.0,"temperature":26.0,"chemical_parameter":"Solidos dissolvidos totais","chemical_concentration":19.0,"source":"SIAGAS_MS_20260814","evidence_code":"E10"}},{"type":"Feature","geometry":{"type":"Point","coordinates":[-51.722613999999965,-19.12131899999997]},"properties":{"well_id":"3500072557","municipality":"Cassilândia","aquifer":"Serra geral","available_fields":"pH | CONDUTIVIDADE_ELETRICA | TEMPERATURA | Solidos dissolvidos totais","available_count":4,"pH":7.28999996,"electrical_conductivity":68.0,"temperature":23.0,"chemical_parameter":"Solidos dissolvidos totais","chemical_concentration":125.0,"source":"SIAGAS_MS_20260814","evidence_code":"E10"}},{"type":"Feature","geometry":{"type":"Point","coordinates":[-54.37291699999997,-22.99511099999995]},"properties":{"well_id":"3500072545","municipality":"Naviraí","aquifer":"Bauru","available_fields":"pH | CONDUTIVIDADE_ELETRICA | TEMPERATURA | Solidos dissolvidos totais","available_count":4,"pH":5.86000013,"electrical_conductivity":17.98,"temperature":23.7999992,"chemical_parameter":"Solidos dissolvidos totais","chemical_concentration":60.0,"source":"SIAGAS_MS_20260814","evidence_code":"E10"}},{"type":"Feature","geometry":{"type":"Point","coordinates":[-54.74552199999994,-20.488568999999927]},"properties":{"well_id":"3500072534","municipality":"Campo Grande","aquifer":"Serra geral","available_fields":"pH | CONDUTIVIDADE_ELETRICA | TEMPERATURA | Solidos dissolvidos totais","available_count":4,"pH":7.17999983,"electrical_conductivity":107.0,"temperature":26.0,"chemical_parameter":"Solidos dissolvidos totais","chemical_concentration":80.0,"source":"SIAGAS_MS_20260814","evidence_code":"E10"}},{"type":"Feature","geometry":{"type":"Point","coordinates":[-54.79988899999995,-22.257555999999965]},"properties":{"well_id":"3500072442","municipality":"Dourados","aquifer":"Serra geral","available_fields":"pH | CONDUTIVIDADE_ELETRICA | TEMPERATURA | Solidos dissolvidos totais","available_count":4,"pH":6.19999981,"electrical_conductivity":277.0,"temperature":25.0,"chemical_parameter":"Solidos dissolvidos totais","chemical_concentration":180.0,"source":"SIAGAS_MS_20260814","evidence_code":"E10"}},{"type":"Feature","geometry":{"type":"Point","coordinates":[-51.258613999999966,-19.983971999999937]},"properties":{"well_id":"3500072359","municipality":"Aparecida do Taboado","aquifer":"Serra geral","available_fields":"pH | CONDUTIVIDADE_ELETRICA | TEMPERATURA | Solidos dissolvidos totais","available_count":4,"pH":7.30000019,"electrical_conductivity":29.0,"temperature":23.0,"chemical_parameter":"Solidos dissolvidos totais","chemical_concentration":18.0,"source":"SIAGAS_MS_20260814","evidence_code":"E10"}},{"type":"Feature","geometry":{"type":"Point","coordinates":[-54.74546399999997,-22.07929699999994]},"properties":{"well_id":"3500072319","municipality":"Itaporã","aquifer":"Serra geral","available_fields":"pH | CONDUTIVIDADE_ELETRICA | TEMPERATURA | Solidos dissolvidos totais","available_count":4,"pH":6.82999992,"electrical_conductivity":277.9,"temperature":24.2000008,"chemical_parameter":"Solidos dissolvidos totais","chemical_concentration":181.0,"source":"SIAGAS_MS_20260814","evidence_code":"E10"}},{"type":"Feature","geometry":{"type":"Point","coordinates":[-54.52138899999994,-21.809721999999965]},"properties":{"well_id":"3500072299","municipality":"Rio Brilhante","aquifer":"Serra geral","available_fields":"pH | CONDUTIVIDADE_ELETRICA | TEMPERATURA | Solidos dissolvidos totais","available_count":4,"pH":5.30999994,"electrical_conductivity":10.05,"temperature":22.0,"chemical_parameter":"Solidos dissolvidos totais","chemical_concentration":7.0,"source":"SIAGAS_MS_20260814","evidence_code":"E10"}},{"type":"Feature","geometry":{"type":"Point","coordinates":[-54.83964199999997,-22.11361899999997]},"properties":{"well_id":"3500072277","municipality":"Itaporã","aquifer":"Serra geral","available_fields":"pH | CONDUTIVIDADE_ELETRICA | TEMPERATURA | Solidos dissolvidos totais","available_count":4,"pH":8.05000019,"electrical_conductivity":166.7,"temperature":24.0,"chemical_parameter":"Solidos dissolvidos totais","chemical_concentration":108.36,"source":"SIAGAS_MS_20260814","evidence_code":"E10"}},{"type":"Feature","geometry":{"type":"Point","coordinates":[-54.69330299999996,-22.095282999999938]},"properties":{"well_id":"3500072243","municipality":"Dourados","aquifer":"Serra geral","available_fields":"pH | CONDUTIVIDADE_ELETRICA | Solidos dissolvidos totais","available_count":3,"pH":7.28999996,"electrical_conductivity":304.5,"temperature":null,"chemical_parameter":"Solidos dissolvidos totais","chemical_concentration":197.92,"source":"SIAGAS_MS_20260814","evidence_code":"E10"}},{"type":"Feature","geometry":{"type":"Point","coordinates":[-54.699280999999985,-20.459513999999956]},"properties":{"well_id":"3500072226","municipality":"Campo Grande","aquifer":"Serra geral","available_fields":"pH | Solidos dissolvidos totais","available_count":2,"pH":6.78999996,"electrical_conductivity":null,"temperature":null,"chemical_parameter":"Solidos dissolvidos totais","chemical_concentration":45.0,"source":"SIAGAS_MS_20260814","evidence_code":"E10"}},{"type":"Feature","geometry":{"type":"Point","coordinates":[-54.60276099999999,-20.456788999999958]},"properties":{"well_id":"3500072189","municipality":"Campo Grande","aquifer":"Serra geral","available_fields":"pH | TEMPERATURA | Solidos dissolvidos totais","available_count":3,"pH":7.51000023,"electrical_conductivity":null,"temperature":22.2999992,"chemical_parameter":"Solidos dissolvidos totais","chemical_concentration":29.0,"source":"SIAGAS_MS_20260814","evidence_code":"E10"}},{"type":"Feature","geometry":{"type":"Point","coordinates":[-51.87583299999994,-20.79305599999998]},"properties":{"well_id":"3500072173","municipality":"Três Lagoas","aquifer":"Bauru","available_fields":"pH | Solidos dissolvidos totais","available_count":2,"pH":7.19999981,"electrical_conductivity":null,"temperature":null,"chemical_parameter":"Solidos dissolvidos totais","chemical_concentration":23.0,"source":"SIAGAS_MS_20260814","evidence_code":"E10"}},{"type":"Feature","geometry":{"type":"Point","coordinates":[-54.66749999999996,-20.43024399999996]},"properties":{"well_id":"3500072169","municipality":"Campo Grande","aquifer":"Serra geral","available_fields":"pH | TEMPERATURA | Solidos dissolvidos totais","available_count":3,"pH":7.3499999,"electrical_conductivity":null,"temperature":27.2999992,"chemical_parameter":"Solidos dissolvidos totais","chemical_concentration":101.0,"source":"SIAGAS_MS_20260814","evidence_code":"E10"}},{"type":"Feature","geometry":{"type":"Point","coordinates":[-54.73183299999994,-21.940916999999956]},"properties":{"well_id":"3500072136","municipality":"Itaporã","aquifer":"Serra geral","available_fields":"pH | CONDUTIVIDADE_ELETRICA | TEMPERATURA | Solidos dissolvidos totais","available_count":4,"pH":7.3499999,"electrical_conductivity":136.0,"temperature":23.0,"chemical_parameter":"Solidos dissolvidos totais","chemical_concentration":19.0,"source":"SIAGAS_MS_20260814","evidence_code":"E10"}},{"type":"Feature","geometry":{"type":"Point","coordinates":[-54.961585999999954,-21.77103299999993]},"properties":{"well_id":"3500072113","municipality":"Maracaju","aquifer":"Botucatu","available_fields":"pH | TEMPERATURA | Solidos dissolvidos totais","available_count":3,"pH":7.0,"electrical_conductivity":null,"temperature":25.0,"chemical_parameter":"Solidos dissolvidos totais","chemical_concentration":48.0,"source":"SIAGAS_MS_20260814","evidence_code":"E10"}},{"type":"Feature","geometry":{"type":"Point","coordinates":[-54.86783099999997,-22.489999999999952]},"properties":{"well_id":"3500072044","municipality":"Caarapó","aquifer":"Serra geral","available_fields":"pH | CONDUTIVIDADE_ELETRICA | Solidos dissolvidos totais","available_count":3,"pH":4.69999981,"electrical_conductivity":68.1,"temperature":null,"chemical_parameter":"Solidos dissolvidos totais","chemical_concentration":110.0,"source":"SIAGAS_MS_20260814","evidence_code":"E10"}},{"type":"Feature","geometry":{"type":"Point","coordinates":[-54.61536099999995,-20.51422199999996]},"properties":{"well_id":"3500071984","municipality":"Campo Grande","aquifer":"Serra geral","available_fields":"pH | CONDUTIVIDADE_ELETRICA | TEMPERATURA | Solidos dissolvidos totais","available_count":4,"pH":7.69999981,"electrical_conductivity":118.0,"temperature":30.0,"chemical_parameter":"Solidos dissolvidos totais","chemical_concentration":63.0,"source":"SIAGAS_MS_20260814","evidence_code":"E10"}},{"type":"Feature","geometry":{"type":"Point","coordinates":[-54.81373599999995,-22.219785999999942]},"properties":{"well_id":"3500071954","municipality":"Dourados","aquifer":"Botucatu","available_fields":"pH | CONDUTIVIDADE_ELETRICA | TEMPERATURA | Solidos dissolvidos totais","available_count":4,"pH":7.80000019,"electrical_conductivity":178.3,"temperature":36.7999992,"chemical_parameter":"Solidos dissolvidos totais","chemical_concentration":153.3,"source":"SIAGAS_MS_20260814","evidence_code":"E10"}},{"type":"Feature","geometry":{"type":"Point","coordinates":[-54.69035299999996,-22.618513999999948]},"properties":{"well_id":"3500071899","municipality":"Caarapó","aquifer":"Botucatu","available_fields":"pH | CONDUTIVIDADE_ELETRICA | TEMPERATURA | Solidos dissolvidos totais","available_count":4,"pH":6.03000021,"electrical_conductivity":200.1,"temperature":32.7000008,"chemical_parameter":"Solidos dissolvidos totais","chemical_concentration":209.0,"source":"SIAGAS_MS_20260814","evidence_code":"E10"}},{"type":"Feature","geometry":{"type":"Point","coordinates":[-54.15490799999998,-23.518727999999953]},"properties":{"well_id":"3500073011","municipality":"Itaquiraí","aquifer":"Bauru","available_fields":"pH | CONDUTIVIDADE_ELETRICA | Solidos dissolvidos totais","available_count":3,"pH":5.53000021,"electrical_conductivity":20.6,"temperature":null,"chemical_parameter":"Solidos dissolvidos totais","chemical_concentration":37.0,"source":"SIAGAS_MS_20260814","evidence_code":"E10"}},{"type":"Feature","geometry":{"type":"Point","coordinates":[-54.83137199999993,-19.961971999999946]},"properties":{"well_id":"3500073026","municipality":"Rochedo","aquifer":"Botucatu","available_fields":"pH | CONDUTIVIDADE_ELETRICA | TEMPERATURA | Solidos dissolvidos totais","available_count":4,"pH":6.4000001,"electrical_conductivity":33.2,"temperature":25.6000004,"chemical_parameter":"Solidos dissolvidos totais","chemical_concentration":43.0,"source":"SIAGAS_MS_20260814","evidence_code":"E10"}},{"type":"Feature","geometry":{"type":"Point","coordinates":[-52.46791699999994,-21.74376099999995]},"properties":{"well_id":"3500073057","municipality":"Bataguassu","aquifer":"Bauru","available_fields":"pH | CONDUTIVIDADE_ELETRICA | TEMPERATURA | Solidos dissolvidos totais","available_count":4,"pH":5.8499999,"electrical_conductivity":18.3,"temperature":26.0,"chemical_parameter":"Solidos dissolvidos totais","chemical_concentration":95.0,"source":"SIAGAS_MS_20260814","evidence_code":"E10"}},{"type":"Feature","geometry":{"type":"Point","coordinates":[-55.09086099999996,-19.417249999999967]},"properties":{"well_id":"3500073048","municipality":"Rio Negro","aquifer":"Furnas","available_fields":"pH | CONDUTIVIDADE_ELETRICA | TEMPERATURA | Solidos dissolvidos totais","available_count":4,"pH":4.9000001,"electrical_conductivity":7.95,"temperature":23.0,"chemical_parameter":"Solidos dissolvidos totais","chemical_concentration":19.15,"source":"SIAGAS_MS_20260814","evidence_code":"E10"}},{"type":"Feature","geometry":{"type":"Point","coordinates":[-53.71216899999996,-18.439538999999968]},"properties":{"well_id":"3500073046","municipality":"Alcinópolis","aquifer":"Botucatu","available_fields":"pH | CONDUTIVIDADE_ELETRICA | TEMPERATURA | Solidos dissolvidos totais","available_count":4,"pH":7.69999981,"electrical_conductivity":29.2,"temperature":24.0,"chemical_parameter":"Solidos dissolvidos totais","chemical_concentration":47.0,"source":"SIAGAS_MS_20260814","evidence_code":"E10"}},{"type":"Feature","geometry":{"type":"Point","coordinates":[-54.50472199999996,-20.434443999999928]},"properties":{"well_id":"3500073068","municipality":"Campo Grande","aquifer":"Bauru","available_fields":"pH | TEMPERATURA | Solidos dissolvidos totais","available_count":3,"pH":4.9000001,"electrical_conductivity":null,"temperature":24.0,"chemical_parameter":"Solidos dissolvidos totais","chemical_concentration":9.0,"source":"SIAGAS_MS_20260814","evidence_code":"E10"}},{"type":"Feature","geometry":{"type":"Point","coordinates":[-55.01783899999998,-21.161960999999962]},"properties":{"well_id":"3500073067","municipality":"Sidrolândia","aquifer":"Bauru","available_fields":"pH | CONDUTIVIDADE_ELETRICA | TEMPERATURA | Solidos dissolvidos totais","available_count":4,"pH":5.61999989,"electrical_conductivity":13.36,"temperature":22.0,"chemical_parameter":"Solidos dissolvidos totais","chemical_concentration":9.0,"source":"SIAGAS_MS_20260814","evidence_code":"E10"}},{"type":"Feature","geometry":{"type":"Point","coordinates":[-54.55771099999998,-20.67663299999998]},"properties":{"well_id":"3500073105","municipality":"Campo Grande","aquifer":"Serra geral","available_fields":"pH | TEMPERATURA | Solidos dissolvidos totais","available_count":3,"pH":6.61000013,"electrical_conductivity":null,"temperature":26.6000004,"chemical_parameter":"Solidos dissolvidos totais","chemical_concentration":160.0,"source":"SIAGAS_MS_20260814","evidence_code":"E10"}},{"type":"Feature","geometry":{"type":"Point","coordinates":[-53.222943999999984,-22.364485999999943]},"properties":{"well_id":"3500073097","municipality":"Batayporã","aquifer":"Bauru","available_fields":"pH | CONDUTIVIDADE_ELETRICA | TEMPERATURA | Solidos dissolvidos totais","available_count":4,"pH":5.46000004,"electrical_conductivity":30.3,"temperature":19.0,"chemical_parameter":"Solidos dissolvidos totais","chemical_concentration":58.0,"source":"SIAGAS_MS_20260814","evidence_code":"E10"}},{"type":"Feature","geometry":{"type":"Point","coordinates":[-52.05132499999996,-21.261185999999952]},"properties":{"well_id":"3500073089","municipality":"Brasilândia","aquifer":"Bauru","available_fields":"pH | CONDUTIVIDADE_ELETRICA | TEMPERATURA | Solidos dissolvidos totais","available_count":4,"pH":6.3499999,"electrical_conductivity":68.8,"temperature":19.0,"chemical_parameter":"Solidos dissolvidos totais","chemical_concentration":44.72,"source":"SIAGAS_MS_20260814","evidence_code":"E10"}},{"type":"Feature","geometry":{"type":"Point","coordinates":[-54.216699999999946,-23.472421999999938]},"properties":{"well_id":"3500073122","municipality":"Itaquiraí","aquifer":"Bauru","available_fields":"pH | CONDUTIVIDADE_ELETRICA | TEMPERATURA | Solidos dissolvidos totais","available_count":4,"pH":5.09000015,"electrical_conductivity":12.17,"temperature":23.0,"chemical_parameter":"Solidos dissolvidos totais","chemical_concentration":7.91,"source":"SIAGAS_MS_20260814","evidence_code":"E10"}},{"type":"Feature","geometry":{"type":"Point","coordinates":[-54.74925799999994,-20.488763999999946]},"properties":{"well_id":"3500073118","municipality":"Campo Grande","aquifer":"Serra geral","available_fields":"pH | CONDUTIVIDADE_ELETRICA | TEMPERATURA | Solidos dissolvidos totais","available_count":4,"pH":8.03999996,"electrical_conductivity":50.4,"temperature":30.0,"chemical_parameter":"Solidos dissolvidos totais","chemical_concentration":100.0,"source":"SIAGAS_MS_20260814","evidence_code":"E10"}},{"type":"Feature","geometry":{"type":"Point","coordinates":[-54.609418999999946,-20.451449999999966]},"properties":{"well_id":"3500073107","municipality":"Campo Grande","aquifer":"Serra geral","available_fields":"pH | TEMPERATURA | Solidos dissolvidos totais","available_count":3,"pH":6.5,"electrical_conductivity":null,"temperature":24.7000008,"chemical_parameter":"Solidos dissolvidos totais","chemical_concentration":196.0,"source":"SIAGAS_MS_20260814","evidence_code":"E10"}},{"type":"Feature","geometry":{"type":"Point","coordinates":[-54.58103599999998,-20.426232999999968]},"properties":{"well_id":"3500073134","municipality":"Campo Grande","aquifer":"Serra geral","available_fields":"pH | CONDUTIVIDADE_ELETRICA | TEMPERATURA | Solidos dissolvidos totais","available_count":4,"pH":8.14999962,"electrical_conductivity":122.6,"temperature":24.0,"chemical_parameter":"Solidos dissolvidos totais","chemical_concentration":78.0,"source":"SIAGAS_MS_20260814","evidence_code":"E10"}},{"type":"Feature","geometry":{"type":"Point","coordinates":[-53.41194399999995,-22.58583299999998]},"properties":{"well_id":"3500073158","municipality":"Taquarussu","aquifer":"Bauru","available_fields":"pH | Solidos dissolvidos totais","available_count":2,"pH":6.69999981,"electrical_conductivity":null,"temperature":null,"chemical_parameter":"Solidos dissolvidos totais","chemical_concentration":89.0,"source":"SIAGAS_MS_20260814","evidence_code":"E10"}},{"type":"Feature","geometry":{"type":"Point","coordinates":[-51.91066099999995,-19.754827999999975]},"properties":{"well_id":"3500073157","municipality":"Inocência","aquifer":"Bauru","available_fields":"pH | CONDUTIVIDADE_ELETRICA | TEMPERATURA | Solidos dissolvidos totais","available_count":4,"pH":5.11000013,"electrical_conductivity":149.7,"temperature":22.6000004,"chemical_parameter":"Solidos dissolvidos totais","chemical_concentration":49.0,"source":"SIAGAS_MS_20260814","evidence_code":"E10"}},{"type":"Feature","geometry":{"type":"Point","coordinates":[-54.215907999999956,-23.472788999999977]},"properties":{"well_id":"3500073154","municipality":"Itaquiraí","aquifer":"Bauru","available_fields":"pH | CONDUTIVIDADE_ELETRICA | TEMPERATURA | Solidos dissolvidos totais","available_count":4,"pH":4.69999981,"electrical_conductivity":14.0,"temperature":24.0,"chemical_parameter":"Solidos dissolvidos totais","chemical_concentration":9.14,"source":"SIAGAS_MS_20260814","evidence_code":"E10"}},{"type":"Feature","geometry":{"type":"Point","coordinates":[-54.652916999999945,-20.519177999999954]},"properties":{"well_id":"3500073146","municipality":"Campo Grande","aquifer":"Serra geral","available_fields":"pH | CONDUTIVIDADE_ELETRICA | TEMPERATURA | Solidos dissolvidos totais","available_count":4,"pH":6.19999981,"electrical_conductivity":275.0,"temperature":23.0,"chemical_parameter":"Solidos dissolvidos totais","chemical_concentration":150.0,"source":"SIAGAS_MS_20260814","evidence_code":"E10"}},{"type":"Feature","geometry":{"type":"Point","coordinates":[-54.99281399999995,-21.06652799999995]},"properties":{"well_id":"3500073173","municipality":"Sidrolândia","aquifer":"Serra geral","available_fields":"pH | CONDUTIVIDADE_ELETRICA | TEMPERATURA | Solidos dissolvidos totais","available_count":4,"pH":6.4000001,"electrical_conductivity":0.2,"temperature":28.0,"chemical_parameter":"Solidos dissolvidos totais","chemical_concentration":0.5,"source":"SIAGAS_MS_20260814","evidence_code":"E10"}},{"type":"Feature","geometry":{"type":"Point","coordinates":[-54.52555599999994,-20.453610999999967]},"properties":{"well_id":"3500073172","municipality":"Campo Grande","aquifer":"Serra geral","available_fields":"pH | TEMPERATURA | Solidos dissolvidos totais","available_count":3,"pH":4.9000001,"electrical_conductivity":null,"temperature":25.0,"chemical_parameter":"Solidos dissolvidos totais","chemical_concentration":12.0,"source":"SIAGAS_MS_20260814","evidence_code":"E10"}},{"type":"Feature","geometry":{"type":"Point","coordinates":[-55.103110999999956,-22.43776699999995]},"properties":{"well_id":"3500073168","municipality":"Laguna Carapã","aquifer":"Serra geral","available_fields":"pH | CONDUTIVIDADE_ELETRICA | TEMPERATURA | Solidos dissolvidos totais","available_count":4,"pH":6.0,"electrical_conductivity":44.92,"temperature":22.0,"chemical_parameter":"Solidos dissolvidos totais","chemical_concentration":29.0,"source":"SIAGAS_MS_20260814","evidence_code":"E10"}},{"type":"Feature","geometry":{"type":"Point","coordinates":[-54.61203899999998,-20.501871999999935]},"properties":{"well_id":"3500073190","municipality":"Campo Grande","aquifer":"Serra geral","available_fields":"pH | CONDUTIVIDADE_ELETRICA | TEMPERATURA | Solidos dissolvidos totais","available_count":4,"pH":6.11000013,"electrical_conductivity":79.29,"temperature":26.5,"chemical_parameter":"Solidos dissolvidos totais","chemical_concentration":80.0,"source":"SIAGAS_MS_20260814","evidence_code":"E10"}},{"type":"Feature","geometry":{"type":"Point","coordinates":[-54.57821899999993,-20.49407199999996]},"properties":{"well_id":"3500073206","municipality":"Campo Grande","aquifer":"Serra geral","available_fields":"pH | CONDUTIVIDADE_ELETRICA | TEMPERATURA | Solidos dissolvidos totais","available_count":4,"pH":4.80000019,"electrical_conductivity":110.4,"temperature":16.0,"chemical_parameter":"Solidos dissolvidos totais","chemical_concentration":120.0,"source":"SIAGAS_MS_20260814","evidence_code":"E10"}},{"type":"Feature","geometry":{"type":"Point","coordinates":[-52.84472199999993,-20.44972199999995]},"properties":{"well_id":"3500073223","municipality":"Água Clara","aquifer":"Bauru","available_fields":"pH | TEMPERATURA | Solidos dissolvidos totais","available_count":3,"pH":7.38000011,"electrical_conductivity":null,"temperature":29.2000008,"chemical_parameter":"Solidos dissolvidos totais","chemical_concentration":20.0,"source":"SIAGAS_MS_20260814","evidence_code":"E10"}},{"type":"Feature","geometry":{"type":"Point","coordinates":[-52.71148599999998,-18.708096999999952]},"properties":{"well_id":"3500073217","municipality":"Chapadão do Sul","aquifer":"Bauru","available_fields":"pH | TEMPERATURA | Solidos dissolvidos totais","available_count":3,"pH":6.03999996,"electrical_conductivity":null,"temperature":24.5,"chemical_parameter":"Solidos dissolvidos totais","chemical_concentration":1.24,"source":"SIAGAS_MS_20260814","evidence_code":"E10"}},{"type":"Feature","geometry":{"type":"Point","coordinates":[-54.57350599999995,-20.439366999999947]},"properties":{"well_id":"3500073261","municipality":"Campo Grande","aquifer":"Serra geral","available_fields":"pH | CONDUTIVIDADE_ELETRICA | TEMPERATURA | Solidos dissolvidos totais","available_count":4,"pH":6.80000019,"electrical_conductivity":13.17,"temperature":23.0,"chemical_parameter":"Solidos dissolvidos totais","chemical_concentration":143.0,"source":"SIAGAS_MS_20260814","evidence_code":"E10"}},{"type":"Feature","geometry":{"type":"Point","coordinates":[-54.50472199999996,-21.73444399999994]},"properties":{"well_id":"3500073278","municipality":"Rio Brilhante","aquifer":"Serra geral","available_fields":"pH | CONDUTIVIDADE_ELETRICA | TEMPERATURA | Solidos dissolvidos totais","available_count":4,"pH":7.38999987,"electrical_conductivity":31.05,"temperature":28.7999992,"chemical_parameter":"Solidos dissolvidos totais","chemical_concentration":66.0,"source":"SIAGAS_MS_20260814","evidence_code":"E10"}},{"type":"Feature","geometry":{"type":"Point","coordinates":[-52.152360999999985,-21.472999999999956]},"properties":{"well_id":"3500073276","municipality":"Brasilândia","aquifer":"Bauru","available_fields":"pH | CONDUTIVIDADE_ELETRICA | TEMPERATURA | Solidos dissolvidos totais","available_count":4,"pH":5.69999981,"electrical_conductivity":23.3,"temperature":25.0,"chemical_parameter":"Solidos dissolvidos totais","chemical_concentration":14.5,"source":"SIAGAS_MS_20260814","evidence_code":"E10"}},{"type":"Feature","geometry":{"type":"Point","coordinates":[-54.83544399999994,-18.888863999999955]},"properties":{"well_id":"3500073309","municipality":"Rio Verde de Mato Grosso","aquifer":"Furnas","available_fields":"pH | CONDUTIVIDADE_ELETRICA | TEMPERATURA | Solidos dissolvidos totais","available_count":4,"pH":7.98000002,"electrical_conductivity":206.0,"temperature":23.0,"chemical_parameter":"Solidos dissolvidos totais","chemical_concentration":124.0,"source":"SIAGAS_MS_20260814","evidence_code":"E10"}},{"type":"Feature","geometry":{"type":"Point","coordinates":[-53.177457999999945,-18.259702999999945]},"properties":{"well_id":"3500073307","municipality":"Costa Rica","aquifer":"Bauru","available_fields":"pH | CONDUTIVIDADE_ELETRICA | TEMPERATURA | Solidos dissolvidos totais","available_count":4,"pH":6.0,"electrical_conductivity":4.1,"temperature":23.8999996,"chemical_parameter":"Solidos dissolvidos totais","chemical_concentration":43.0,"source":"SIAGAS_MS_20260814","evidence_code":"E10"}},{"type":"Feature","geometry":{"type":"Point","coordinates":[-53.42187499999994,-19.055155999999954]},"properties":{"well_id":"3500073349","municipality":"Camapuã","aquifer":"Bauru","available_fields":"pH | CONDUTIVIDADE_ELETRICA | TEMPERATURA | Solidos dissolvidos totais","available_count":4,"pH":5.15999985,"electrical_conductivity":2.2,"temperature":24.8999996,"chemical_parameter":"Solidos dissolvidos totais","chemical_concentration":43.0,"source":"SIAGAS_MS_20260814","evidence_code":"E10"}},{"type":"Feature","geometry":{"type":"Point","coordinates":[-51.167055999999945,-19.700268999999935]},"properties":{"well_id":"3500073376","municipality":"Paranaíba","aquifer":"Bauru","available_fields":"pH | CONDUTIVIDADE_ELETRICA | TEMPERATURA | Solidos dissolvidos totais","available_count":4,"pH":7.0,"electrical_conductivity":18.0,"temperature":21.0,"chemical_parameter":"Solidos dissolvidos totais","chemical_concentration":5.0,"source":"SIAGAS_MS_20260814","evidence_code":"E10"}},{"type":"Feature","geometry":{"type":"Point","coordinates":[-52.60949999999997,-18.800193999999976]},"properties":{"well_id":"3500073373","municipality":"Chapadão do Sul","aquifer":"Bauru","available_fields":"pH | CONDUTIVIDADE_ELETRICA | TEMPERATURA","available_count":3,"pH":6.0,"electrical_conductivity":60.2,"temperature":23.6000004,"chemical_parameter":"","chemical_concentration":null,"source":"SIAGAS_MS_20260814","evidence_code":"E10"}},{"type":"Feature","geometry":{"type":"Point","coordinates":[-54.09425599999997,-23.497041999999965]},"properties":{"well_id":"3500073371","municipality":"Itaquiraí","aquifer":"Bauru","available_fields":"pH | CONDUTIVIDADE_ELETRICA | TEMPERATURA | Solidos dissolvidos totais","available_count":4,"pH":5.30999994,"electrical_conductivity":11.89,"temperature":22.0,"chemical_parameter":"Solidos dissolvidos totais","chemical_concentration":7.56,"source":"SIAGAS_MS_20260814","evidence_code":"E10"}},{"type":"Feature","geometry":{"type":"Point","coordinates":[-53.824855999999954,-22.305168999999978]},"properties":{"well_id":"3500073368","municipality":"Ivinhema","aquifer":"Bauru","available_fields":"pH | CONDUTIVIDADE_ELETRICA | TEMPERATURA | Solidos dissolvidos totais","available_count":4,"pH":6.76999998,"electrical_conductivity":277.2,"temperature":23.0,"chemical_parameter":"Solidos dissolvidos totais","chemical_concentration":111.0,"source":"SIAGAS_MS_20260814","evidence_code":"E10"}},{"type":"Feature","geometry":{"type":"Point","coordinates":[-54.64999999999998,-20.496666999999945]},"properties":{"well_id":"3500045171","municipality":"Campo Grande","aquifer":"Serra geral","available_fields":"pH | TEMPERATURA | Solidos dissolvidos totais","available_count":3,"pH":7.5,"electrical_conductivity":null,"temperature":26.0,"chemical_parameter":"Solidos dissolvidos totais","chemical_concentration":150.0,"source":"SIAGAS_MS_20260814","evidence_code":"E10"}},{"type":"Feature","geometry":{"type":"Point","coordinates":[-54.72131699999994,-20.784971999999982]},"properties":{"well_id":"3500073414","municipality":"Sidrolândia","aquifer":"Serra geral","available_fields":"pH | CONDUTIVIDADE_ELETRICA | Solidos dissolvidos totais","available_count":3,"pH":7.57999992,"electrical_conductivity":59.4,"temperature":null,"chemical_parameter":"Solidos dissolvidos totais","chemical_concentration":84.0,"source":"SIAGAS_MS_20260814","evidence_code":"E10"}},{"type":"Feature","geometry":{"type":"Point","coordinates":[-54.559443999999985,-19.436943999999983]},"properties":{"well_id":"3500073410","municipality":"São Gabriel do Oeste","aquifer":"Botucatu","available_fields":"pH | TEMPERATURA | Solidos dissolvidos totais","available_count":3,"pH":6.0999999,"electrical_conductivity":null,"temperature":25.7000008,"chemical_parameter":"Solidos dissolvidos totais","chemical_concentration":43.0,"source":"SIAGAS_MS_20260814","evidence_code":"E10"}},{"type":"Feature","geometry":{"type":"Point","coordinates":[-54.955555999999945,-20.913971999999944]},"properties":{"well_id":"3500073422","municipality":"Sidrolândia","aquifer":"Botucatu","available_fields":"pH","available_count":1,"pH":7.69999981,"electrical_conductivity":null,"temperature":null,"chemical_parameter":"","chemical_concentration":null,"source":"SIAGAS_MS_20260814","evidence_code":"E10"}},{"type":"Feature","geometry":{"type":"Point","coordinates":[-54.79959999999994,-21.956649999999968]},"properties":{"well_id":"3500073416","municipality":"Itaporã","aquifer":"Serra geral","available_fields":"pH | CONDUTIVIDADE_ELETRICA | TEMPERATURA | Solidos dissolvidos totais","available_count":4,"pH":7.11000013,"electrical_conductivity":116.8,"temperature":23.0,"chemical_parameter":"Solidos dissolvidos totais","chemical_concentration":75.92,"source":"SIAGAS_MS_20260814","evidence_code":"E10"}},{"type":"Feature","geometry":{"type":"Point","coordinates":[-54.63431399999996,-20.460002999999972]},"properties":{"well_id":"3500073443","municipality":"Campo Grande","aquifer":"Serra geral","available_fields":"pH | CONDUTIVIDADE_ELETRICA | TEMPERATURA | Solidos dissolvidos totais","available_count":4,"pH":7.0,"electrical_conductivity":254.0,"temperature":29.0,"chemical_parameter":"Solidos dissolvidos totais","chemical_concentration":130.0,"source":"SIAGAS_MS_20260814","evidence_code":"E10"}},{"type":"Feature","geometry":{"type":"Point","coordinates":[-54.27386699999994,-22.477082999999936]},"properties":{"well_id":"3500073440","municipality":"Jateí","aquifer":"Serra geral","available_fields":"pH | TEMPERATURA | Solidos dissolvidos totais","available_count":3,"pH":6.69999981,"electrical_conductivity":null,"temperature":18.0,"chemical_parameter":"Solidos dissolvidos totais","chemical_concentration":52.6,"source":"SIAGAS_MS_20260814","evidence_code":"E10"}},{"type":"Feature","geometry":{"type":"Point","coordinates":[-54.298888999999974,-23.78527799999995]},"properties":{"well_id":"3500073438","municipality":"Eldorado","aquifer":"Serra geral","available_fields":"pH | CONDUTIVIDADE_ELETRICA | TEMPERATURA","available_count":3,"pH":6.0,"electrical_conductivity":37.8,"temperature":22.7999992,"chemical_parameter":"","chemical_concentration":null,"source":"SIAGAS_MS_20260814","evidence_code":"E10"}},{"type":"Feature","geometry":{"type":"Point","coordinates":[-53.45487799999995,-22.07878299999993]},"properties":{"well_id":"3500073437","municipality":"Nova Andradina","aquifer":"Bauru","available_fields":"pH | CONDUTIVIDADE_ELETRICA | TEMPERATURA | Solidos dissolvidos totais","available_count":4,"pH":6.55000019,"electrical_conductivity":19.97,"temperature":24.0,"chemical_parameter":"Solidos dissolvidos totais","chemical_concentration":12.99,"source":"SIAGAS_MS_20260814","evidence_code":"E10"}},{"type":"Feature","geometry":{"type":"Point","coordinates":[-54.17052799999993,-22.467360999999983]},"properties":{"well_id":"3500073464","municipality":"Glória de Dourados","aquifer":"Beberibe","available_fields":"pH | CONDUTIVIDADE_ELETRICA | Solidos dissolvidos totais","available_count":3,"pH":6.78999996,"electrical_conductivity":137.4,"temperature":null,"chemical_parameter":"Solidos dissolvidos totais","chemical_concentration":89.31,"source":"SIAGAS_MS_20260814","evidence_code":"E10"}},{"type":"Feature","geometry":{"type":"Point","coordinates":[-51.03897499999994,-19.48874399999994]},"properties":{"well_id":"3500073470","municipality":"Paranaíba","aquifer":"Bauru","available_fields":"pH | CONDUTIVIDADE_ELETRICA | TEMPERATURA | Solidos dissolvidos totais","available_count":4,"pH":6.36000013,"electrical_conductivity":113.9,"temperature":26.2999992,"chemical_parameter":"Solidos dissolvidos totais","chemical_concentration":46.0,"source":"SIAGAS_MS_20260814","evidence_code":"E10"}},{"type":"Feature","geometry":{"type":"Point","coordinates":[-54.071155999999974,-21.996868999999947]},"properties":{"well_id":"3500073474","municipality":"Angélica","aquifer":"Serra geral","available_fields":"pH | CONDUTIVIDADE_ELETRICA | TEMPERATURA | Solidos dissolvidos totais","available_count":4,"pH":6.4000001,"electrical_conductivity":0.11,"temperature":27.0,"chemical_parameter":"Solidos dissolvidos totais","chemical_concentration":0.01,"source":"SIAGAS_MS_20260814","evidence_code":"E10"}},{"type":"Feature","geometry":{"type":"Point","coordinates":[-54.35514999999998,-19.922263999999927]},"properties":{"well_id":"3500073513","municipality":"Bandeirantes","aquifer":"Serra geral","available_fields":"pH | CONDUTIVIDADE_ELETRICA | TEMPERATURA | Solidos dissolvidos totais","available_count":4,"pH":8.19999981,"electrical_conductivity":125.1,"temperature":24.5,"chemical_parameter":"Solidos dissolvidos totais","chemical_concentration":60.0,"source":"SIAGAS_MS_20260814","evidence_code":"E10"}},{"type":"Feature","geometry":{"type":"Point","coordinates":[-54.77093099999996,-22.22392199999996]},"properties":{"well_id":"3500073517","municipality":"Dourados","aquifer":"Serra geral","available_fields":"pH | CONDUTIVIDADE_ELETRICA | TEMPERATURA | Solidos dissolvidos totais","available_count":4,"pH":7.0,"electrical_conductivity":191.2,"temperature":23.0,"chemical_parameter":"Solidos dissolvidos totais","chemical_concentration":124.0,"source":"SIAGAS_MS_20260814","evidence_code":"E10"}},{"type":"Feature","geometry":{"type":"Point","coordinates":[-54.09024999999997,-23.516971999999953]},"properties":{"well_id":"3500073545","municipality":"Itaquiraí","aquifer":"Bauru","available_fields":"pH | CONDUTIVIDADE_ELETRICA | TEMPERATURA | Solidos dissolvidos totais","available_count":4,"pH":6.71000004,"electrical_conductivity":35.69,"temperature":23.0,"chemical_parameter":"Solidos dissolvidos totais","chemical_concentration":10.0,"source":"SIAGAS_MS_20260814","evidence_code":"E10"}},{"type":"Feature","geometry":{"type":"Point","coordinates":[-54.11722199999997,-22.52402799999993]},"properties":{"well_id":"3500073550","municipality":"Glória de Dourados","aquifer":"Bauru","available_fields":"pH | CONDUTIVIDADE_ELETRICA | TEMPERATURA | Solidos dissolvidos totais","available_count":4,"pH":6.11999989,"electrical_conductivity":26.4,"temperature":24.0,"chemical_parameter":"Solidos dissolvidos totais","chemical_concentration":17.16,"source":"SIAGAS_MS_20260814","evidence_code":"E10"}},{"type":"Feature","geometry":{"type":"Point","coordinates":[-53.63950799999998,-19.38650599999994]},"properties":{"well_id":"3500073557","municipality":"Camapuã","aquifer":"Bauru","available_fields":"pH | TEMPERATURA | Solidos dissolvidos totais","available_count":3,"pH":6.0,"electrical_conductivity":null,"temperature":29.3999996,"chemical_parameter":"Solidos dissolvidos totais","chemical_concentration":89.0,"source":"SIAGAS_MS_20260814","evidence_code":"E10"}},{"type":"Feature","geometry":{"type":"Point","coordinates":[-54.269443999999964,-21.868055999999967]},"properties":{"well_id":"3500045650","municipality":"Rio Brilhante","aquifer":"Serra geral","available_fields":"pH | TEMPERATURA | TURBIDEZ","available_count":3,"pH":7.65999985,"electrical_conductivity":null,"temperature":13.8000002,"chemical_parameter":"","chemical_concentration":null,"source":"SIAGAS_MS_20260814","evidence_code":"E10"}},{"type":"Feature","geometry":{"type":"Point","coordinates":[-54.04138799999998,-19.533887999999934]},"properties":{"well_id":"3500023247","municipality":"Camapuã","aquifer":"Guarani","available_fields":"pH | CONDUTIVIDADE_ELETRICA | TEMPERATURA | Solidos dissolvidos totais","available_count":4,"pH":7.88999987,"electrical_conductivity":192.6,"temperature":29.0,"chemical_parameter":"Solidos dissolvidos totais","chemical_concentration":140.1,"source":"SIAGAS_MS_20260814","evidence_code":"E10"}},{"type":"Feature","geometry":{"type":"Point","coordinates":[-54.85777799999994,-18.926388999999972]},"properties":{"well_id":"3500045654","municipality":"Rio Verde de Mato Grosso","aquifer":"Furnas","available_fields":"pH | Solidos dissolvidos totais","available_count":2,"pH":5.0999999,"electrical_conductivity":null,"temperature":null,"chemical_parameter":"Solidos dissolvidos totais","chemical_concentration":21.6,"source":"SIAGAS_MS_20260814","evidence_code":"E10"}},{"type":"Feature","geometry":{"type":"Point","coordinates":[-53.394027999999935,-22.563943999999935]},"properties":{"well_id":"3500073086","municipality":"Taquarussu","aquifer":"","available_fields":"pH | Solidos dissolvidos totais","available_count":2,"pH":7.80000019,"electrical_conductivity":null,"temperature":null,"chemical_parameter":"Solidos dissolvidos totais","chemical_concentration":584.8,"source":"SIAGAS_MS_20260814","evidence_code":"E10"}},{"type":"Feature","geometry":{"type":"Point","coordinates":[-54.043443999999965,-19.524832999999944]},"properties":{"well_id":"3500072489","municipality":"Camapuã","aquifer":"","available_fields":"pH | Solidos dissolvidos totais","available_count":2,"pH":7.5999999,"electrical_conductivity":null,"temperature":null,"chemical_parameter":"Solidos dissolvidos totais","chemical_concentration":249.4,"source":"SIAGAS_MS_20260814","evidence_code":"E10"}},{"type":"Feature","geometry":{"type":"Point","coordinates":[-54.925277999999935,-20.89416699999998]},"properties":{"well_id":"3500045669","municipality":"Sidrolândia","aquifer":"","available_fields":"pH | TURBIDEZ","available_count":2,"pH":6.86000013,"electrical_conductivity":null,"temperature":null,"chemical_parameter":"","chemical_concentration":null,"source":"SIAGAS_MS_20260814","evidence_code":"E10"}},{"type":"Feature","geometry":{"type":"Point","coordinates":[-57.583230999999955,-19.291691999999955]},"properties":{"well_id":"3500073115","municipality":"Corumbá","aquifer":"","available_fields":"pH | CONDUTIVIDADE_ELETRICA | TEMPERATURA | Solidos dissolvidos totais","available_count":4,"pH":6.92000008,"electrical_conductivity":240.2,"temperature":29.0,"chemical_parameter":"Solidos dissolvidos totais","chemical_concentration":220.0,"source":"SIAGAS_MS_20260814","evidence_code":"E10"}},{"type":"Feature","geometry":{"type":"Point","coordinates":[-56.80494399999998,-20.02243599999997]},"properties":{"well_id":"3500072693","municipality":"Miranda","aquifer":"","available_fields":"pH | CONDUTIVIDADE_ELETRICA | TEMPERATURA | Solidos dissolvidos totais","available_count":4,"pH":6.44999981,"electrical_conductivity":982.6,"temperature":27.0,"chemical_parameter":"Solidos dissolvidos totais","chemical_concentration":554.0,"source":"SIAGAS_MS_20260814","evidence_code":"E10"}},{"type":"Feature","geometry":{"type":"Point","coordinates":[-55.636485999999934,-20.485060999999973]},"properties":{"well_id":"3500073145","municipality":"Aquidauana","aquifer":"","available_fields":"pH | CONDUTIVIDADE_ELETRICA | Solidos dissolvidos totais","available_count":3,"pH":6.30000019,"electrical_conductivity":75.7,"temperature":null,"chemical_parameter":"Solidos dissolvidos totais","chemical_concentration":87.8,"source":"SIAGAS_MS_20260814","evidence_code":"E10"}},{"type":"Feature","geometry":{"type":"Point","coordinates":[-54.66701399999994,-18.528877999999963]},"properties":{"well_id":"3500072869","municipality":"Coxim","aquifer":"","available_fields":"pH | TEMPERATURA | Solidos dissolvidos totais","available_count":3,"pH":8.19999981,"electrical_conductivity":null,"temperature":31.1000004,"chemical_parameter":"Solidos dissolvidos totais","chemical_concentration":52.0,"source":"SIAGAS_MS_20260814","evidence_code":"E10"}},{"type":"Feature","geometry":{"type":"Point","coordinates":[-51.04638899999998,-19.913055999999926]},"properties":{"well_id":"3500072144","municipality":"Aparecida do Taboado","aquifer":"","available_fields":"pH | CONDUTIVIDADE_ELETRICA | TEMPERATURA | Solidos dissolvidos totais","available_count":4,"pH":10.3699999,"electrical_conductivity":363.4,"temperature":23.0,"chemical_parameter":"Solidos dissolvidos totais","chemical_concentration":236.0,"source":"SIAGAS_MS_20260814","evidence_code":"E10"}},{"type":"Feature","geometry":{"type":"Point","coordinates":[-53.28311099999996,-22.285630999999967]},"properties":{"well_id":"3500073839","municipality":"Batayporã","aquifer":"","available_fields":"pH | Solidos dissolvidos totais","available_count":2,"pH":5.67000008,"electrical_conductivity":null,"temperature":null,"chemical_parameter":"Solidos dissolvidos totais","chemical_concentration":16.5,"source":"SIAGAS_MS_20260814","evidence_code":"E10"}},{"type":"Feature","geometry":{"type":"Point","coordinates":[-54.84921699999995,-19.81039999999996]},"properties":{"well_id":"3500073902","municipality":"Corguinho","aquifer":"","available_fields":"pH | CONDUTIVIDADE_ELETRICA | TEMPERATURA","available_count":3,"pH":5.69999981,"electrical_conductivity":27.71,"temperature":24.0,"chemical_parameter":"","chemical_concentration":null,"source":"SIAGAS_MS_20260814","evidence_code":"E10"}},{"type":"Feature","geometry":{"type":"Point","coordinates":[-56.517785999999944,-21.11326699999995]},"properties":{"well_id":"3500073568","municipality":"Bonito","aquifer":"","available_fields":"pH | TEMPERATURA | Solidos dissolvidos totais","available_count":3,"pH":7.48999977,"electrical_conductivity":null,"temperature":25.0,"chemical_parameter":"Solidos dissolvidos totais","chemical_concentration":326.0,"source":"SIAGAS_MS_20260814","evidence_code":"E10"}},{"type":"Feature","geometry":{"type":"Point","coordinates":[-53.84361099999995,-22.049999999999955]},"properties":{"well_id":"3500053078","municipality":"Angélica","aquifer":"Guarani","available_fields":"pH | TEMPERATURA | TURBIDEZ","available_count":3,"pH":9.22999954,"electrical_conductivity":null,"temperature":25.0,"chemical_parameter":"","chemical_concentration":null,"source":"SIAGAS_MS_20260814","evidence_code":"E10"}},{"type":"Feature","geometry":{"type":"Point","coordinates":[-54.55611099999999,-21.789166999999964]},"properties":{"well_id":"3500027163","municipality":"Rio Brilhante","aquifer":"Guarani","available_fields":"pH | TEMPERATURA | TURBIDEZ | Solidos dissolvidos totais","available_count":4,"pH":8.89999962,"electrical_conductivity":null,"temperature":25.0,"chemical_parameter":"Solidos dissolvidos totais","chemical_concentration":146.9,"source":"SIAGAS_MS_20260814","evidence_code":"E10"}},{"type":"Feature","geometry":{"type":"Point","coordinates":[-54.684999999999945,-22.610832999999957]},"properties":{"well_id":"3500045604","municipality":"Caarapó","aquifer":"Serra geral","available_fields":"pH | CONDUTIVIDADE_ELETRICA | TEMPERATURA | TURBIDEZ","available_count":4,"pH":6.42000008,"electrical_conductivity":35.9,"temperature":16.0,"chemical_parameter":"","chemical_concentration":null,"source":"SIAGAS_MS_20260814","evidence_code":"E10"}},{"type":"Feature","geometry":{"type":"Point","coordinates":[-54.95944399999996,-20.938054999999963]},"properties":{"well_id":"3500022813","municipality":"Sidrolândia","aquifer":"Guarani","available_fields":"pH | CONDUTIVIDADE_ELETRICA | TEMPERATURA | Solidos dissolvidos totais","available_count":4,"pH":7.30999994,"electrical_conductivity":180.7,"temperature":29.0,"chemical_parameter":"Solidos dissolvidos totais","chemical_concentration":140.82,"source":"SIAGAS_MS_20260814","evidence_code":"E10"}},{"type":"Feature","geometry":{"type":"Point","coordinates":[-53.14194399999997,-18.531665999999973]},"properties":{"well_id":"3500022566","municipality":"Costa Rica","aquifer":"Guarani","available_fields":"pH | CONDUTIVIDADE_ELETRICA | TEMPERATURA | Solidos dissolvidos totais","available_count":4,"pH":6.42999983,"electrical_conductivity":50.4,"temperature":25.5,"chemical_parameter":"Solidos dissolvidos totais","chemical_concentration":47.32,"source":"SIAGAS_MS_20260814","evidence_code":"E10"}},{"type":"Feature","geometry":{"type":"Point","coordinates":[-54.55694399999999,-21.789721999999927]},"properties":{"well_id":"3500022875","municipality":"Rio Brilhante","aquifer":"Guarani","available_fields":"pH | CONDUTIVIDADE_ELETRICA | TEMPERATURA | Solidos dissolvidos totais","available_count":4,"pH":8.30000019,"electrical_conductivity":165.0,"temperature":32.0,"chemical_parameter":"Solidos dissolvidos totais","chemical_concentration":151.81,"source":"SIAGAS_MS_20260814","evidence_code":"E10"}},{"type":"Feature","geometry":{"type":"Point","coordinates":[-54.90611099999995,-20.33611099999996]},"properties":{"well_id":"3500065110","municipality":"Terenos","aquifer":"Guarani","available_fields":"pH | CONDUTIVIDADE_ELETRICA | TEMPERATURA | Solidos dissolvidos totais","available_count":4,"pH":5.88999987,"electrical_conductivity":79.8,"temperature":25.8999996,"chemical_parameter":"Solidos dissolvidos totais","chemical_concentration":103.88,"source":"SIAGAS_MS_20260814","evidence_code":"E10"}},{"type":"Feature","geometry":{"type":"Point","coordinates":[-54.19680599999998,-23.585027999999966]},"properties":{"well_id":"3500071761","municipality":"Itaquiraí","aquifer":"Bauru_Caiua","available_fields":"pH | CONDUTIVIDADE_ELETRICA | TEMPERATURA","available_count":3,"pH":4.61000013,"electrical_conductivity":44.6,"temperature":23.0,"chemical_parameter":"","chemical_concentration":null,"source":"SIAGAS_MS_20260814","evidence_code":"E10"}},{"type":"Feature","geometry":{"type":"Point","coordinates":[-55.38273099999998,-23.848021999999958]},"properties":{"well_id":"3500071748","municipality":"Paranhos","aquifer":"Bauru_Caiua","available_fields":"pH | CONDUTIVIDADE_ELETRICA | TEMPERATURA","available_count":3,"pH":6.0,"electrical_conductivity":164.0,"temperature":25.0,"chemical_parameter":"","chemical_concentration":null,"source":"SIAGAS_MS_20260814","evidence_code":"E10"}},{"type":"Feature","geometry":{"type":"Point","coordinates":[-55.17544399999997,-23.03197199999994]},"properties":{"well_id":"3500071726","municipality":"Amambai","aquifer":"Serra geral","available_fields":"pH | CONDUTIVIDADE_ELETRICA | TEMPERATURA","available_count":3,"pH":6.71000004,"electrical_conductivity":119.2,"temperature":22.5,"chemical_parameter":"","chemical_concentration":null,"source":"SIAGAS_MS_20260814","evidence_code":"E10"}},{"type":"Feature","geometry":{"type":"Point","coordinates":[-54.97604699999994,-21.030652999999973]},"properties":{"well_id":"3500071714","municipality":"Sidrolândia","aquifer":"Serra geral","available_fields":"pH | CONDUTIVIDADE_ELETRICA | TEMPERATURA","available_count":3,"pH":6.30000019,"electrical_conductivity":5.0,"temperature":30.0,"chemical_parameter":"","chemical_concentration":null,"source":"SIAGAS_MS_20260814","evidence_code":"E10"}},{"type":"Feature","geometry":{"type":"Point","coordinates":[-54.60491699999994,-20.387571999999977]},"properties":{"well_id":"3500071428","municipality":"Campo Grande","aquifer":"Serra geral","available_fields":"pH | CONDUTIVIDADE_ELETRICA | TEMPERATURA","available_count":3,"pH":6.96999979,"electrical_conductivity":81.5,"temperature":31.6000004,"chemical_parameter":"","chemical_concentration":null,"source":"SIAGAS_MS_20260814","evidence_code":"E10"}},{"type":"Feature","geometry":{"type":"Point","coordinates":[-54.51614399999994,-20.46774199999993]},"properties":{"well_id":"3500071366","municipality":"Campo Grande","aquifer":"Serra geral","available_fields":"pH","available_count":1,"pH":6.05999994,"electrical_conductivity":null,"temperature":null,"chemical_parameter":"","chemical_concentration":null,"source":"SIAGAS_MS_20260814","evidence_code":"E10"}},{"type":"Feature","geometry":{"type":"Point","coordinates":[-54.77935599999995,-22.08043299999997]},"properties":{"well_id":"3500071256","municipality":"Itaporã","aquifer":"Serra geral","available_fields":"pH | CONDUTIVIDADE_ELETRICA | TEMPERATURA","available_count":3,"pH":6.13000011,"electrical_conductivity":115.9,"temperature":19.0,"chemical_parameter":"","chemical_concentration":null,"source":"SIAGAS_MS_20260814","evidence_code":"E10"}},{"type":"Feature","geometry":{"type":"Point","coordinates":[-54.28731899999997,-23.92314699999997]},"properties":{"well_id":"3500071197","municipality":"Mundo Novo","aquifer":"Bauru_Caiua","available_fields":"pH | CONDUTIVIDADE_ELETRICA | TEMPERATURA","available_count":3,"pH":5.30000019,"electrical_conductivity":38.79,"temperature":24.5,"chemical_parameter":"","chemical_concentration":null,"source":"SIAGAS_MS_20260814","evidence_code":"E10"}},{"type":"Feature","geometry":{"type":"Point","coordinates":[-54.603763999999956,-20.53773099999995]},"properties":{"well_id":"3500071122","municipality":"Campo Grande","aquifer":"Guarani","available_fields":"pH | CONDUTIVIDADE_ELETRICA | TEMPERATURA","available_count":3,"pH":7.0999999,"electrical_conductivity":103.0,"temperature":30.0,"chemical_parameter":"","chemical_concentration":null,"source":"SIAGAS_MS_20260814","evidence_code":"E10"}},{"type":"Feature","geometry":{"type":"Point","coordinates":[-55.10129999999998,-21.163141999999937]},"properties":{"well_id":"3500071070","municipality":"Sidrolândia","aquifer":"Serra geral","available_fields":"pH | CONDUTIVIDADE_ELETRICA | TEMPERATURA","available_count":3,"pH":6.80000019,"electrical_conductivity":200.0,"temperature":24.0,"chemical_parameter":"","chemical_concentration":null,"source":"SIAGAS_MS_20260814","evidence_code":"E10"}},{"type":"Feature","geometry":{"type":"Point","coordinates":[-54.56386699999996,-20.533335999999963]},"properties":{"well_id":"3500070977","municipality":"Campo Grande","aquifer":"Serra geral","available_fields":"pH | TEMPERATURA","available_count":2,"pH":6.30999994,"electrical_conductivity":null,"temperature":23.3999996,"chemical_parameter":"","chemical_concentration":null,"source":"SIAGAS_MS_20260814","evidence_code":"E10"}},{"type":"Feature","geometry":{"type":"Point","coordinates":[-54.75832499999996,-20.47958099999994]},"properties":{"well_id":"3500070928","municipality":"Campo Grande","aquifer":"Serra geral","available_fields":"pH | CONDUTIVIDADE_ELETRICA | TEMPERATURA","available_count":3,"pH":7.30000019,"electrical_conductivity":75.0,"temperature":25.0,"chemical_parameter":"","chemical_concentration":null,"source":"SIAGAS_MS_20260814","evidence_code":"E10"}},{"type":"Feature","geometry":{"type":"Point","coordinates":[-51.40601699999996,-19.188766999999928]},"properties":{"well_id":"3500070831","municipality":"Paranaíba","aquifer":"Guarani","available_fields":"pH | TEMPERATURA","available_count":2,"pH":6.67000008,"electrical_conductivity":null,"temperature":31.8999996,"chemical_parameter":"","chemical_concentration":null,"source":"SIAGAS_MS_20260814","evidence_code":"E10"}},{"type":"Feature","geometry":{"type":"Point","coordinates":[-54.61632799999995,-20.48529199999996]},"properties":{"well_id":"3500070792","municipality":"Campo Grande","aquifer":"Serra geral","available_fields":"pH | CONDUTIVIDADE_ELETRICA | TEMPERATURA","available_count":3,"pH":5.0,"electrical_conductivity":44.89,"temperature":25.0,"chemical_parameter":"","chemical_concentration":null,"source":"SIAGAS_MS_20260814","evidence_code":"E10"}},{"type":"Feature","geometry":{"type":"Point","coordinates":[-54.79633299999995,-22.225638999999944]},"properties":{"well_id":"3500070783","municipality":"Dourados","aquifer":"Serra geral","available_fields":"pH | CONDUTIVIDADE_ELETRICA","available_count":2,"pH":6.32000017,"electrical_conductivity":176.75,"temperature":null,"chemical_parameter":"","chemical_concentration":null,"source":"SIAGAS_MS_20260814","evidence_code":"E10"}},{"type":"Feature","geometry":{"type":"Point","coordinates":[-54.580727999999965,-20.443749999999966]},"properties":{"well_id":"3500070688","municipality":"Campo Grande","aquifer":"Serra geral","available_fields":"pH | CONDUTIVIDADE_ELETRICA | TEMPERATURA","available_count":3,"pH":6.88000011,"electrical_conductivity":211.0,"temperature":26.8999996,"chemical_parameter":"","chemical_concentration":null,"source":"SIAGAS_MS_20260814","evidence_code":"E10"}},{"type":"Feature","geometry":{"type":"Point","coordinates":[-54.77731699999998,-20.44390599999997]},"properties":{"well_id":"3500070454","municipality":"Terenos","aquifer":"Serra geral","available_fields":"pH | CONDUTIVIDADE_ELETRICA | TEMPERATURA","available_count":3,"pH":7.73999977,"electrical_conductivity":51.89,"temperature":28.2000008,"chemical_parameter":"","chemical_concentration":null,"source":"SIAGAS_MS_20260814","evidence_code":"E10"}},{"type":"Feature","geometry":{"type":"Point","coordinates":[-54.29544699999997,-22.459738999999956]},"properties":{"well_id":"3500069585","municipality":"Glória de Dourados","aquifer":"Bauru_Caiua","available_fields":"pH | CONDUTIVIDADE_ELETRICA | TEMPERATURA","available_count":3,"pH":4.63000011,"electrical_conductivity":65.4,"temperature":23.0,"chemical_parameter":"","chemical_concentration":null,"source":"SIAGAS_MS_20260814","evidence_code":"E10"}},{"type":"Feature","geometry":{"type":"Point","coordinates":[-54.14866699999993,-22.47738899999996]},"properties":{"well_id":"3500069479","municipality":"Glória de Dourados","aquifer":"Bauru_Caiua","available_fields":"pH | CONDUTIVIDADE_ELETRICA | TEMPERATURA","available_count":3,"pH":5.5999999,"electrical_conductivity":38.1,"temperature":24.0,"chemical_parameter":"","chemical_concentration":null,"source":"SIAGAS_MS_20260814","evidence_code":"E10"}},{"type":"Feature","geometry":{"type":"Point","coordinates":[-51.716110999999955,-20.791943999999944]},"properties":{"well_id":"3500023020","municipality":"Três Lagoas","aquifer":"Bauru","available_fields":"pH | Solidos dissolvidos totais","available_count":2,"pH":5.5999999,"electrical_conductivity":null,"temperature":null,"chemical_parameter":"Solidos dissolvidos totais","chemical_concentration":50.5,"source":"SIAGAS_MS_20260814","evidence_code":"E10"}},{"type":"Feature","geometry":{"type":"Point","coordinates":[-55.25977199999994,-20.65701699999994]},"properties":{"well_id":"3500071701","municipality":"Dois Irmãos do Buriti","aquifer":"","available_fields":"pH | CONDUTIVIDADE_ELETRICA | TEMPERATURA","available_count":3,"pH":6.80000019,"electrical_conductivity":16.0,"temperature":21.0,"chemical_parameter":"","chemical_concentration":null,"source":"SIAGAS_MS_20260814","evidence_code":"E10"}},{"type":"Feature","geometry":{"type":"Point","coordinates":[-55.94222199999996,-22.195832999999936]},"properties":{"well_id":"3500023163","municipality":"Antônio João","aquifer":"","available_fields":"pH | TURBIDEZ","available_count":2,"pH":7.19999981,"electrical_conductivity":null,"temperature":null,"chemical_parameter":"","chemical_concentration":null,"source":"SIAGAS_MS_20260814","evidence_code":"E10"}},{"type":"Feature","geometry":{"type":"Point","coordinates":[-54.571666999999934,-20.427777999999932]},"properties":{"well_id":"3500045636","municipality":"Campo Grande","aquifer":"","available_fields":"pH | TURBIDEZ","available_count":2,"pH":6.5,"electrical_conductivity":null,"temperature":null,"chemical_parameter":"","chemical_concentration":null,"source":"SIAGAS_MS_20260814","evidence_code":"E10"}},{"type":"Feature","geometry":{"type":"Point","coordinates":[-55.791665999999964,-20.46166599999998]},"properties":{"well_id":"3500023187","municipality":"Aquidauana","aquifer":"","available_fields":"pH | TURBIDEZ","available_count":2,"pH":6.30000019,"electrical_conductivity":null,"temperature":null,"chemical_parameter":"","chemical_concentration":null,"source":"SIAGAS_MS_20260814","evidence_code":"E10"}},{"type":"Feature","geometry":{"type":"Point","coordinates":[-52.860018999999966,-19.07679399999995]},"properties":{"well_id":"3500071750","municipality":"Chapadão do Sul","aquifer":"","available_fields":"pH | CONDUTIVIDADE_ELETRICA | TEMPERATURA","available_count":3,"pH":6.0,"electrical_conductivity":14.4,"temperature":25.2999992,"chemical_parameter":"","chemical_concentration":null,"source":"SIAGAS_MS_20260814","evidence_code":"E10"}},{"type":"Feature","geometry":{"type":"Point","coordinates":[-53.78166599999997,-22.165832999999964]},"properties":{"well_id":"3500023173","municipality":"Angélica","aquifer":"","available_fields":"pH | TURBIDEZ","available_count":2,"pH":6.19999981,"electrical_conductivity":null,"temperature":null,"chemical_parameter":"","chemical_concentration":null,"source":"SIAGAS_MS_20260814","evidence_code":"E10"}},{"type":"Feature","geometry":{"type":"Point","coordinates":[-57.62444399999998,-19.093332999999973]},"properties":{"well_id":"3500045701","municipality":"Ladário","aquifer":"","available_fields":"pH","available_count":1,"pH":7.30999994,"electrical_conductivity":null,"temperature":null,"chemical_parameter":"","chemical_concentration":null,"source":"SIAGAS_MS_20260814","evidence_code":"E10"}},{"type":"Feature","geometry":{"type":"Point","coordinates":[-54.778055999999935,-22.212499999999977]},"properties":{"well_id":"3500027144","municipality":"Dourados","aquifer":"Serra geral","available_fields":"pH | TEMPERATURA | TURBIDEZ | Solidos dissolvidos totais","available_count":4,"pH":7.92999983,"electrical_conductivity":null,"temperature":6.0,"chemical_parameter":"Solidos dissolvidos totais","chemical_concentration":155.8,"source":"SIAGAS_MS_20260814","evidence_code":"E10"}},{"type":"Feature","geometry":{"type":"Point","coordinates":[-53.57638899999995,-22.41138899999993]},"properties":{"well_id":"3500045673","municipality":"Ivinhema","aquifer":"Caiua","available_fields":"pH | TEMPERATURA | TURBIDEZ","available_count":3,"pH":6.5,"electrical_conductivity":null,"temperature":28.0,"chemical_parameter":"","chemical_concentration":null,"source":"SIAGAS_MS_20260814","evidence_code":"E10"}},{"type":"Feature","geometry":{"type":"Point","coordinates":[-51.82583299999993,-20.998055999999963]},"properties":{"well_id":"3500045708","municipality":"Três Lagoas","aquifer":"Bauru","available_fields":"pH | CONDUTIVIDADE_ELETRICA | TURBIDEZ","available_count":3,"pH":6.30000019,"electrical_conductivity":28.2,"temperature":null,"chemical_parameter":"","chemical_concentration":null,"source":"SIAGAS_MS_20260814","evidence_code":"E10"}},{"type":"Feature","geometry":{"type":"Point","coordinates":[-54.67027799999994,-20.550277999999935]},"properties":{"well_id":"3500065034","municipality":"Campo Grande","aquifer":"Serra geral","available_fields":"CONDUTIVIDADE_ELETRICA | Solidos dissolvidos totais","available_count":2,"pH":null,"electrical_conductivity":40.0,"temperature":null,"chemical_parameter":"Solidos dissolvidos totais","chemical_concentration":260.0,"source":"SIAGAS_MS_20260814","evidence_code":"E10"}},{"type":"Feature","geometry":{"type":"Point","coordinates":[-54.62749999999994,-20.456388999999945]},"properties":{"well_id":"3500065041","municipality":"Campo Grande","aquifer":"Serra geral","available_fields":"pH | CONDUTIVIDADE_ELETRICA | TEMPERATURA | Solidos dissolvidos totais","available_count":4,"pH":6.03000021,"electrical_conductivity":196.2,"temperature":26.0,"chemical_parameter":"Solidos dissolvidos totais","chemical_concentration":191.0,"source":"SIAGAS_MS_20260814","evidence_code":"E10"}},{"type":"Feature","geometry":{"type":"Point","coordinates":[-54.62361099999998,-20.521943999999962]},"properties":{"well_id":"3500065050","municipality":"Campo Grande","aquifer":"Serra geral","available_fields":"pH | Solidos dissolvidos totais","available_count":2,"pH":6.75,"electrical_conductivity":null,"temperature":null,"chemical_parameter":"Solidos dissolvidos totais","chemical_concentration":105.0,"source":"SIAGAS_MS_20260814","evidence_code":"E10"}},{"type":"Feature","geometry":{"type":"Point","coordinates":[-54.75361099999998,-20.48055599999998]},"properties":{"well_id":"3500065051","municipality":"Campo Grande","aquifer":"Serra geral","available_fields":"pH | CONDUTIVIDADE_ELETRICA | TEMPERATURA | Solidos dissolvidos totais","available_count":4,"pH":7.05000019,"electrical_conductivity":142.9,"temperature":24.2000008,"chemical_parameter":"Solidos dissolvidos totais","chemical_concentration":142.0,"source":"SIAGAS_MS_20260814","evidence_code":"E10"}},{"type":"Feature","geometry":{"type":"Point","coordinates":[-51.79166699999996,-20.99333299999995]},"properties":{"well_id":"3500065080","municipality":"Três Lagoas","aquifer":"Serra geral","available_fields":"pH | TEMPERATURA | Solidos dissolvidos totais","available_count":3,"pH":7.28999996,"electrical_conductivity":null,"temperature":25.0,"chemical_parameter":"Solidos dissolvidos totais","chemical_concentration":62.0,"source":"SIAGAS_MS_20260814","evidence_code":"E10"}},{"type":"Feature","geometry":{"type":"Point","coordinates":[-54.73694399999994,-19.72888899999998]},"properties":{"well_id":"3500065088","municipality":"Corguinho","aquifer":"Guarani","available_fields":"pH | CONDUTIVIDADE_ELETRICA | TEMPERATURA | Solidos dissolvidos totais","available_count":4,"pH":5.42999983,"electrical_conductivity":44.0,"temperature":26.2999992,"chemical_parameter":"Solidos dissolvidos totais","chemical_concentration":48.73,"source":"SIAGAS_MS_20260814","evidence_code":"E10"}},{"type":"Feature","geometry":{"type":"Point","coordinates":[-54.57611099999997,-19.401943999999958]},"properties":{"well_id":"3500065125","municipality":"São Gabriel do Oeste","aquifer":"Serra geral","available_fields":"pH | CONDUTIVIDADE_ELETRICA | TEMPERATURA | Solidos dissolvidos totais","available_count":4,"pH":5.80999994,"electrical_conductivity":20.7,"temperature":24.2999992,"chemical_parameter":"Solidos dissolvidos totais","chemical_concentration":23.33,"source":"SIAGAS_MS_20260814","evidence_code":"E10"}},{"type":"Feature","geometry":{"type":"Point","coordinates":[-55.94805599999995,-22.198332999999934]},"properties":{"well_id":"3500065004","municipality":"Antônio João","aquifer":"Serra geral","available_fields":"pH | Solidos dissolvidos totais","available_count":2,"pH":6.5,"electrical_conductivity":null,"temperature":null,"chemical_parameter":"Solidos dissolvidos totais","chemical_concentration":89.2,"source":"SIAGAS_MS_20260814","evidence_code":"E10"}},{"type":"Feature","geometry":{"type":"Point","coordinates":[-51.10999999999996,-20.065277999999978]},"properties":{"well_id":"3500065008","municipality":"Aparecida do Taboado","aquifer":"Caiua","available_fields":"pH | Solidos dissolvidos totais","available_count":2,"pH":6.4000001,"electrical_conductivity":null,"temperature":null,"chemical_parameter":"Solidos dissolvidos totais","chemical_concentration":42.4,"source":"SIAGAS_MS_20260814","evidence_code":"E10"}},{"type":"Feature","geometry":{"type":"Point","coordinates":[-52.264166999999986,-21.72361099999995]},"properties":{"well_id":"3500065011","municipality":"Bataguassu","aquifer":"Bauru","available_fields":"pH | Solidos dissolvidos totais","available_count":2,"pH":6.0,"electrical_conductivity":null,"temperature":null,"chemical_parameter":"Solidos dissolvidos totais","chemical_concentration":88.3,"source":"SIAGAS_MS_20260814","evidence_code":"E10"}},{"type":"Feature","geometry":{"type":"Point","coordinates":[-52.41638899999998,-21.717777999999953]},"properties":{"well_id":"3500065012","municipality":"Bataguassu","aquifer":"Bauru","available_fields":"pH | Solidos dissolvidos totais","available_count":2,"pH":5.5,"electrical_conductivity":null,"temperature":null,"chemical_parameter":"Solidos dissolvidos totais","chemical_concentration":54.3,"source":"SIAGAS_MS_20260814","evidence_code":"E10"}},{"type":"Feature","geometry":{"type":"Point","coordinates":[-56.49499999999995,-21.121943999999928]},"properties":{"well_id":"3500065020","municipality":"Bonito","aquifer":"Cuiaba","available_fields":"pH | Solidos dissolvidos totais","available_count":2,"pH":7.5,"electrical_conductivity":null,"temperature":null,"chemical_parameter":"Solidos dissolvidos totais","chemical_concentration":592.5,"source":"SIAGAS_MS_20260814","evidence_code":"E10"}},{"type":"Feature","geometry":{"type":"Point","coordinates":[-51.933055999999965,-19.738332999999955]},"properties":{"well_id":"3500034020","municipality":"Inocência","aquifer":"Bauru","available_fields":"pH | CONDUTIVIDADE_ELETRICA | TURBIDEZ","available_count":3,"pH":6.07000017,"electrical_conductivity":126.1,"temperature":null,"chemical_parameter":"","chemical_concentration":null,"source":"SIAGAS_MS_20260814","evidence_code":"E10"}},{"type":"Feature","geometry":{"type":"Point","coordinates":[-54.716110999999955,-20.466110999999955]},"properties":{"well_id":"3500065033","municipality":"Campo Grande","aquifer":"Serra geral","available_fields":"pH | Solidos dissolvidos totais","available_count":2,"pH":6.0,"electrical_conductivity":null,"temperature":null,"chemical_parameter":"Solidos dissolvidos totais","chemical_concentration":117.0,"source":"SIAGAS_MS_20260814","evidence_code":"E10"}},{"type":"Feature","geometry":{"type":"Point","coordinates":[-53.53642499999995,-21.02227799999997]},"properties":{"well_id":"3500068740","municipality":"Ribas do Rio Pardo","aquifer":"Bauru","available_fields":"pH | CONDUTIVIDADE_ELETRICA | TURBIDEZ","available_count":3,"pH":6.28000021,"electrical_conductivity":72.9,"temperature":null,"chemical_parameter":"","chemical_concentration":null,"source":"SIAGAS_MS_20260814","evidence_code":"E10"}},{"type":"Feature","geometry":{"type":"Point","coordinates":[-54.79938899999996,-20.06013299999995]},"properties":{"well_id":"3500071745","municipality":"Rochedo","aquifer":"Guarani","available_fields":"pH | CONDUTIVIDADE_ELETRICA | TEMPERATURA","available_count":3,"pH":6.07000017,"electrical_conductivity":123.2,"temperature":22.0,"chemical_parameter":"","chemical_concentration":null,"source":"SIAGAS_MS_20260814","evidence_code":"E10"}},{"type":"Feature","geometry":{"type":"Point","coordinates":[-55.423235999999974,-23.920135999999957]},"properties":{"well_id":"3500071666","municipality":"Paranhos","aquifer":"Bauru_Caiua","available_fields":"pH | CONDUTIVIDADE_ELETRICA | TEMPERATURA","available_count":3,"pH":4.76999998,"electrical_conductivity":20.1,"temperature":20.7999992,"chemical_parameter":"","chemical_concentration":null,"source":"SIAGAS_MS_20260814","evidence_code":"E10"}},{"type":"Feature","geometry":{"type":"Point","coordinates":[-54.19961399999994,-23.131474999999966]},"properties":{"well_id":"3500071621","municipality":"Naviraí","aquifer":"Bauru_Caiua","available_fields":"pH | CONDUTIVIDADE_ELETRICA | TEMPERATURA","available_count":3,"pH":9.18000031,"electrical_conductivity":113.5,"temperature":28.5,"chemical_parameter":"","chemical_concentration":null,"source":"SIAGAS_MS_20260814","evidence_code":"E10"}},{"type":"Feature","geometry":{"type":"Point","coordinates":[-53.27861399999995,-22.314243999999974]},"properties":{"well_id":"3500071512","municipality":"Batayporã","aquifer":"Bauru_Caiua","available_fields":"pH | TEMPERATURA","available_count":2,"pH":5.96999979,"electrical_conductivity":null,"temperature":21.3999996,"chemical_parameter":"","chemical_concentration":null,"source":"SIAGAS_MS_20260814","evidence_code":"E10"}},{"type":"Feature","geometry":{"type":"Point","coordinates":[-51.722305999999946,-20.770438999999953]},"properties":{"well_id":"3500071431","municipality":"Três Lagoas","aquifer":"Cobertura cenozoica","available_fields":"pH | CONDUTIVIDADE_ELETRICA | TEMPERATURA","available_count":3,"pH":5.69999981,"electrical_conductivity":25.8,"temperature":23.7999992,"chemical_parameter":"","chemical_concentration":null,"source":"SIAGAS_MS_20260814","evidence_code":"E10"}},{"type":"Feature","geometry":{"type":"Point","coordinates":[-55.238332999999955,-23.089443999999958]},"properties":{"well_id":"3500071251","municipality":"Amambai","aquifer":"Bauru_Caiua","available_fields":"pH | TEMPERATURA","available_count":2,"pH":6.15999985,"electrical_conductivity":null,"temperature":23.0,"chemical_parameter":"","chemical_concentration":null,"source":"SIAGAS_MS_20260814","evidence_code":"E10"}},{"type":"Feature","geometry":{"type":"Point","coordinates":[-54.581943999999964,-20.416110999999944]},"properties":{"well_id":"3500070841","municipality":"Campo Grande","aquifer":"Serra geral","available_fields":"pH | TEMPERATURA","available_count":2,"pH":7.19999981,"electrical_conductivity":null,"temperature":26.0,"chemical_parameter":"","chemical_concentration":null,"source":"SIAGAS_MS_20260814","evidence_code":"E10"}},{"type":"Feature","geometry":{"type":"Point","coordinates":[-54.703971999999965,-21.95663899999994]},"properties":{"well_id":"3500070522","municipality":"Itaporã","aquifer":"Guarani","available_fields":"pH | CONDUTIVIDADE_ELETRICA | TEMPERATURA","available_count":3,"pH":6.9000001,"electrical_conductivity":302.0,"temperature":28.0,"chemical_parameter":"","chemical_concentration":null,"source":"SIAGAS_MS_20260814","evidence_code":"E10"}},{"type":"Feature","geometry":{"type":"Point","coordinates":[-53.14489999999995,-18.53036099999997]},"properties":{"well_id":"3500070511","municipality":"Costa Rica","aquifer":"Bauru_Caiua","available_fields":"pH | CONDUTIVIDADE_ELETRICA | TEMPERATURA","available_count":3,"pH":7.05000019,"electrical_conductivity":48.29,"temperature":28.0,"chemical_parameter":"","chemical_concentration":null,"source":"SIAGAS_MS_20260814","evidence_code":"E10"}},{"type":"Feature","geometry":{"type":"Point","coordinates":[-56.67277699999994,-20.55499999999995]},"properties":{"well_id":"3500022652","municipality":"Bodoquena","aquifer":"Rocha sedimentar","available_fields":"pH | Solidos dissolvidos totais","available_count":2,"pH":7.5999999,"electrical_conductivity":null,"temperature":null,"chemical_parameter":"Solidos dissolvidos totais","chemical_concentration":485.6,"source":"SIAGAS_MS_20260814","evidence_code":"E10"}},{"type":"Feature","geometry":{"type":"Point","coordinates":[-53.37749999999994,-22.286666999999966]},"properties":{"well_id":"3500026941","municipality":"Nova Andradina","aquifer":"Serra geral","available_fields":"pH | TEMPERATURA | TURBIDEZ","available_count":3,"pH":5.80999994,"electrical_conductivity":null,"temperature":26.0,"chemical_parameter":"","chemical_concentration":null,"source":"SIAGAS_MS_20260814","evidence_code":"E10"}},{"type":"Feature","geometry":{"type":"Point","coordinates":[-54.60888899999998,-21.84611099999995]},"properties":{"well_id":"3500026947","municipality":"Rio Brilhante","aquifer":"Caiua","available_fields":"pH | TEMPERATURA | TURBIDEZ","available_count":3,"pH":7.92999983,"electrical_conductivity":null,"temperature":19.0,"chemical_parameter":"","chemical_concentration":null,"source":"SIAGAS_MS_20260814","evidence_code":"E10"}},{"type":"Feature","geometry":{"type":"Point","coordinates":[-53.45861099999996,-22.07749999999993]},"properties":{"well_id":"3500026966","municipality":"Nova Andradina","aquifer":"Caiua","available_fields":"pH | TEMPERATURA | TURBIDEZ","available_count":3,"pH":7.80000019,"electrical_conductivity":null,"temperature":19.0,"chemical_parameter":"","chemical_concentration":null,"source":"SIAGAS_MS_20260814","evidence_code":"E10"}},{"type":"Feature","geometry":{"type":"Point","coordinates":[-57.63944399999997,-19.175832999999955]},"properties":{"well_id":"3500026998","municipality":"Ladário","aquifer":"Rocha cristalina","available_fields":"pH | CONDUTIVIDADE_ELETRICA | TEMPERATURA | TURBIDEZ | Solidos dissolvidos totais","available_count":5,"pH":6.53000021,"electrical_conductivity":121.1,"temperature":23.0,"chemical_parameter":"Solidos dissolvidos totais","chemical_concentration":108.0,"source":"SIAGAS_MS_20260814","evidence_code":"E10"}},{"type":"Feature","geometry":{"type":"Point","coordinates":[-54.37888899999996,-21.45138899999995]},"properties":{"well_id":"3500027018","municipality":"Nova Alvorada do Sul","aquifer":"Serra geral","available_fields":"pH | CONDUTIVIDADE_ELETRICA | TEMPERATURA | TURBIDEZ","available_count":4,"pH":7.19999981,"electrical_conductivity":97.7,"temperature":25.0,"chemical_parameter":"","chemical_concentration":null,"source":"SIAGAS_MS_20260814","evidence_code":"E10"}},{"type":"Feature","geometry":{"type":"Point","coordinates":[-54.568610999999976,-20.503055999999958]},"properties":{"well_id":"3500027024","municipality":"Campo Grande","aquifer":"Caiua","available_fields":"pH | CONDUTIVIDADE_ELETRICA | TURBIDEZ | Solidos dissolvidos totais","available_count":4,"pH":5.0999999,"electrical_conductivity":17.8,"temperature":null,"chemical_parameter":"Solidos dissolvidos totais","chemical_concentration":31.0,"source":"SIAGAS_MS_20260814","evidence_code":"E10"}},{"type":"Feature","geometry":{"type":"Point","coordinates":[-54.34777799999995,-22.32472199999995]},"properties":{"well_id":"3500027095","municipality":"Fátima do Sul","aquifer":"Serra geral","available_fields":"pH | TEMPERATURA | Solidos dissolvidos totais","available_count":3,"pH":6.4000001,"electrical_conductivity":null,"temperature":25.5,"chemical_parameter":"Solidos dissolvidos totais","chemical_concentration":165.4,"source":"SIAGAS_MS_20260814","evidence_code":"E10"}},{"type":"Feature","geometry":{"type":"Point","coordinates":[-54.913610999999946,-22.516388999999947]},"properties":{"well_id":"3500027106","municipality":"Caarapó","aquifer":"Serra geral","available_fields":"pH | TEMPERATURA | TURBIDEZ","available_count":3,"pH":7.9000001,"electrical_conductivity":null,"temperature":26.0,"chemical_parameter":"","chemical_concentration":null,"source":"SIAGAS_MS_20260814","evidence_code":"E10"}},{"type":"Feature","geometry":{"type":"Point","coordinates":[-55.957221999999945,-22.19249999999994]},"properties":{"well_id":"3500027209","municipality":"Antônio João","aquifer":"Serra geral","available_fields":"pH | Solidos dissolvidos totais","available_count":2,"pH":6.9000001,"electrical_conductivity":null,"temperature":null,"chemical_parameter":"Solidos dissolvidos totais","chemical_concentration":146.6,"source":"SIAGAS_MS_20260814","evidence_code":"E10"}},{"type":"Feature","geometry":{"type":"Point","coordinates":[-54.202499999999986,-22.41222199999993]},"properties":{"well_id":"3500027292","municipality":"Glória de Dourados","aquifer":"Serra geral","available_fields":"pH | TEMPERATURA | TURBIDEZ","available_count":3,"pH":6.78999996,"electrical_conductivity":null,"temperature":8.0,"chemical_parameter":"","chemical_concentration":null,"source":"SIAGAS_MS_20260814","evidence_code":"E10"}},{"type":"Feature","geometry":{"type":"Point","coordinates":[-54.53611099999995,-21.809443999999928]},"properties":{"well_id":"3500027299","municipality":"Rio Brilhante","aquifer":"Serra geral","available_fields":"pH | Solidos dissolvidos totais","available_count":2,"pH":6.80000019,"electrical_conductivity":null,"temperature":null,"chemical_parameter":"Solidos dissolvidos totais","chemical_concentration":350.7,"source":"SIAGAS_MS_20260814","evidence_code":"E10"}},{"type":"Feature","geometry":{"type":"Point","coordinates":[-53.881388999999956,-22.641666999999927]},"properties":{"well_id":"3500027315","municipality":"Novo Horizonte do Sul","aquifer":"Guará","available_fields":"pH","available_count":1,"pH":6.80000019,"electrical_conductivity":null,"temperature":null,"chemical_parameter":"","chemical_concentration":null,"source":"SIAGAS_MS_20260814","evidence_code":"E10"}},{"type":"Feature","geometry":{"type":"Point","coordinates":[-54.59694399999995,-20.44916699999993]},"properties":{"well_id":"3500045166","municipality":"Campo Grande","aquifer":"Serra geral","available_fields":"pH | TURBIDEZ | Solidos dissolvidos totais","available_count":3,"pH":7.0999999,"electrical_conductivity":null,"temperature":null,"chemical_parameter":"Solidos dissolvidos totais","chemical_concentration":31.0,"source":"SIAGAS_MS_20260814","evidence_code":"E10"}},{"type":"Feature","geometry":{"type":"Point","coordinates":[-57.63749999999993,-19.177777999999932]},"properties":{"well_id":"3500045218","municipality":"Ladário","aquifer":"Não definido","available_fields":"pH | CONDUTIVIDADE_ELETRICA | TEMPERATURA | TURBIDEZ | Solidos dissolvidos totais","available_count":5,"pH":6.57000017,"electrical_conductivity":11.47,"temperature":23.0,"chemical_parameter":"Solidos dissolvidos totais","chemical_concentration":88.0,"source":"SIAGAS_MS_20260814","evidence_code":"E10"}},{"type":"Feature","geometry":{"type":"Point","coordinates":[-56.35861099999994,-19.962777999999958]},"properties":{"well_id":"3500053088","municipality":"Miranda","aquifer":"Rocha sedimentar","available_fields":"pH | TEMPERATURA | TURBIDEZ","available_count":3,"pH":7.23999977,"electrical_conductivity":null,"temperature":23.0,"chemical_parameter":"","chemical_concentration":null,"source":"SIAGAS_MS_20260814","evidence_code":"E10"}},{"type":"Feature","geometry":{"type":"Point","coordinates":[-55.79055499999998,-20.459443999999962]},"properties":{"well_id":"3500023189","municipality":"Aquidauana","aquifer":"Aquidauana","available_fields":"pH | TURBIDEZ","available_count":2,"pH":5.9000001,"electrical_conductivity":null,"temperature":null,"chemical_parameter":"","chemical_concentration":null,"source":"SIAGAS_MS_20260814","evidence_code":"E10"}},{"type":"Feature","geometry":{"type":"Point","coordinates":[-53.35805499999998,-22.486110999999937]},"properties":{"well_id":"3500023383","municipality":"Taquarussu","aquifer":"Bauru","available_fields":"pH","available_count":1,"pH":6.69999981,"electrical_conductivity":null,"temperature":null,"chemical_parameter":"","chemical_concentration":null,"source":"SIAGAS_MS_20260814","evidence_code":"E10"}},{"type":"Feature","geometry":{"type":"Point","coordinates":[-54.756666999999936,-22.494721999999967]},"properties":{"well_id":"3500027259","municipality":"Caarapó","aquifer":"Serra geral","available_fields":"pH | TEMPERATURA | TURBIDEZ","available_count":3,"pH":6.6500001,"electrical_conductivity":null,"temperature":15.3000002,"chemical_parameter":"","chemical_concentration":null,"source":"SIAGAS_MS_20260814","evidence_code":"E10"}},{"type":"Feature","geometry":{"type":"Point","coordinates":[-53.688563999999985,-20.470546999999954]},"properties":{"well_id":"3500072078","municipality":"Ribas do Rio Pardo","aquifer":"Serra geral","available_fields":"pH | CONDUTIVIDADE_ELETRICA | TEMPERATURA | Solidos dissolvidos totais","available_count":4,"pH":8.0,"electrical_conductivity":195.0,"temperature":29.0,"chemical_parameter":"Solidos dissolvidos totais","chemical_concentration":81.0,"source":"SIAGAS_MS_20260814","evidence_code":"E10"}},{"type":"Feature","geometry":{"type":"Point","coordinates":[-55.39758299999994,-20.127132999999958]},"properties":{"well_id":"3500072050","municipality":"Aquidauana","aquifer":"Furnas","available_fields":"pH | CONDUTIVIDADE_ELETRICA | TEMPERATURA | Solidos dissolvidos totais","available_count":4,"pH":7.69999981,"electrical_conductivity":303.0,"temperature":35.5999985,"chemical_parameter":"Solidos dissolvidos totais","chemical_concentration":260.6,"source":"SIAGAS_MS_20260814","evidence_code":"E10"}},{"type":"Feature","geometry":{"type":"Point","coordinates":[-54.58861099999996,-20.686388999999963]},"properties":{"well_id":"3500045368","municipality":"Campo Grande","aquifer":"","available_fields":"pH | TEMPERATURA | TURBIDEZ","available_count":3,"pH":4.13000011,"electrical_conductivity":null,"temperature":8.0,"chemical_parameter":"","chemical_concentration":null,"source":"SIAGAS_MS_20260814","evidence_code":"E10"}},{"type":"Feature","geometry":{"type":"Point","coordinates":[-54.65111099999996,-20.559999999999945]},"properties":{"well_id":"3500065165","municipality":"Campo Grande","aquifer":"Guarani","available_fields":"pH | CONDUTIVIDADE_ELETRICA | TEMPERATURA | Solidos dissolvidos totais","available_count":4,"pH":6.6500001,"electrical_conductivity":85.7,"temperature":33.5999985,"chemical_parameter":"Solidos dissolvidos totais","chemical_concentration":61.47,"source":"SIAGAS_MS_20260814","evidence_code":"E10"}},{"type":"Feature","geometry":{"type":"Point","coordinates":[-53.76722199999995,-20.440277999999978]},"properties":{"well_id":"3500027124","municipality":"Ribas do Rio Pardo","aquifer":"Serra geral","available_fields":"pH | TEMPERATURA | TURBIDEZ | Solidos dissolvidos totais","available_count":4,"pH":7.32999992,"electrical_conductivity":null,"temperature":25.2000008,"chemical_parameter":"Solidos dissolvidos totais","chemical_concentration":199.9,"source":"SIAGAS_MS_20260814","evidence_code":"E10"}},{"type":"Feature","geometry":{"type":"Point","coordinates":[-51.73361099999994,-19.123054999999965]},"properties":{"well_id":"3500022561","municipality":"Cassilândia","aquifer":"Guarani","available_fields":"pH | CONDUTIVIDADE_ELETRICA | TEMPERATURA | Solidos dissolvidos totais","available_count":4,"pH":6.01999998,"electrical_conductivity":42.2,"temperature":28.2000008,"chemical_parameter":"Solidos dissolvidos totais","chemical_concentration":38.68,"source":"SIAGAS_MS_20260814","evidence_code":"E10"}},{"type":"Feature","geometry":{"type":"Point","coordinates":[-54.630555999999956,-18.55611099999993]},"properties":{"well_id":"3500027166","municipality":"Coxim","aquifer":"Furnas","available_fields":"pH | Solidos dissolvidos totais","available_count":2,"pH":7.9000001,"electrical_conductivity":null,"temperature":null,"chemical_parameter":"Solidos dissolvidos totais","chemical_concentration":179.7,"source":"SIAGAS_MS_20260814","evidence_code":"E10"}},{"type":"Feature","geometry":{"type":"Point","coordinates":[-54.550832999999955,-20.47111099999995]},"properties":{"well_id":"3500045329","municipality":"Campo Grande","aquifer":"Serra geral","available_fields":"pH | CONDUTIVIDADE_ELETRICA | TURBIDEZ | Solidos dissolvidos totais","available_count":4,"pH":7.19999981,"electrical_conductivity":44.5,"temperature":null,"chemical_parameter":"Solidos dissolvidos totais","chemical_concentration":26.0,"source":"SIAGAS_MS_20260814","evidence_code":"E10"}},{"type":"Feature","geometry":{"type":"Point","coordinates":[-55.291110999999944,-20.71111099999996]},"properties":{"well_id":"3500026953","municipality":"Dois Irmãos do Buriti","aquifer":"","available_fields":"pH | TEMPERATURA | TURBIDEZ","available_count":3,"pH":6.42000008,"electrical_conductivity":null,"temperature":24.0,"chemical_parameter":"","chemical_concentration":null,"source":"SIAGAS_MS_20260814","evidence_code":"E10"}},{"type":"Feature","geometry":{"type":"Point","coordinates":[-54.52583299999998,-19.30583299999995]},"properties":{"well_id":"3500026921","municipality":"São Gabriel do Oeste","aquifer":"Serra geral","available_fields":"pH | TURBIDEZ","available_count":2,"pH":5.4000001,"electrical_conductivity":null,"temperature":null,"chemical_parameter":"","chemical_concentration":null,"source":"SIAGAS_MS_20260814","evidence_code":"E10"}},{"type":"Feature","geometry":{"type":"Point","coordinates":[-55.58611099999996,-23.023887999999943]},"properties":{"well_id":"3500023159","municipality":"Aral Moreira","aquifer":"Serra geral","available_fields":"pH | TEMPERATURA | TURBIDEZ","available_count":3,"pH":6.69999981,"electrical_conductivity":null,"temperature":28.0,"chemical_parameter":"","chemical_concentration":null,"source":"SIAGAS_MS_20260814","evidence_code":"E10"}},{"type":"Feature","geometry":{"type":"Point","coordinates":[-51.67749999999995,-20.78444399999995]},"properties":{"well_id":"3500026943","municipality":"Três Lagoas","aquifer":"Serra geral","available_fields":"pH | TEMPERATURA","available_count":2,"pH":7.48000002,"electrical_conductivity":null,"temperature":19.0,"chemical_parameter":"","chemical_concentration":null,"source":"SIAGAS_MS_20260814","evidence_code":"E10"}},{"type":"Feature","geometry":{"type":"Point","coordinates":[-54.701666999999986,-21.52472199999994]},"properties":{"well_id":"3500026975","municipality":"Rio Brilhante","aquifer":"Serra geral","available_fields":"pH | TEMPERATURA | TURBIDEZ","available_count":3,"pH":7.13999987,"electrical_conductivity":null,"temperature":26.0,"chemical_parameter":"","chemical_concentration":null,"source":"SIAGAS_MS_20260814","evidence_code":"E10"}},{"type":"Feature","geometry":{"type":"Point","coordinates":[-54.78972199999998,-22.056666999999948]},"properties":{"well_id":"3500027002","municipality":"Itaporã","aquifer":"Caiua","available_fields":"pH | TEMPERATURA | TURBIDEZ","available_count":3,"pH":6.69999981,"electrical_conductivity":null,"temperature":21.0,"chemical_parameter":"","chemical_concentration":null,"source":"SIAGAS_MS_20260814","evidence_code":"E10"}},{"type":"Feature","geometry":{"type":"Point","coordinates":[-52.61999999999995,-18.813332999999943]},"properties":{"well_id":"3500027280","municipality":"Chapadão do Sul","aquifer":"Não definido","available_fields":"pH | TEMPERATURA | TURBIDEZ | Solidos dissolvidos totais","available_count":4,"pH":4.69999981,"electrical_conductivity":null,"temperature":24.1000004,"chemical_parameter":"Solidos dissolvidos totais","chemical_concentration":15.1,"source":"SIAGAS_MS_20260814","evidence_code":"E10"}},{"type":"Feature","geometry":{"type":"Point","coordinates":[-55.426387999999974,-23.88999999999993]},"properties":{"well_id":"3500023351","municipality":"Paranhos","aquifer":"Bauru","available_fields":"pH | TURBIDEZ","available_count":2,"pH":5.5999999,"electrical_conductivity":null,"temperature":null,"chemical_parameter":"","chemical_concentration":null,"source":"SIAGAS_MS_20260814","evidence_code":"E10"}},{"type":"Feature","geometry":{"type":"Point","coordinates":[-54.82111099999997,-22.631943999999976]},"properties":{"well_id":"3500023369","municipality":"Caarapó","aquifer":"Serra geral","available_fields":"pH | TEMPERATURA | TURBIDEZ","available_count":3,"pH":7.4000001,"electrical_conductivity":null,"temperature":27.0,"chemical_parameter":"","chemical_concentration":null,"source":"SIAGAS_MS_20260814","evidence_code":"E10"}},{"type":"Feature","geometry":{"type":"Point","coordinates":[-54.82361099999997,-22.642499999999927]},"properties":{"well_id":"3500023370","municipality":"Caarapó","aquifer":"Serra geral","available_fields":"pH | TURBIDEZ","available_count":2,"pH":7.5999999,"electrical_conductivity":null,"temperature":null,"chemical_parameter":"","chemical_concentration":null,"source":"SIAGAS_MS_20260814","evidence_code":"E10"}},{"type":"Feature","geometry":{"type":"Point","coordinates":[-51.87305599999996,-20.79333299999996]},"properties":{"well_id":"3500045623","municipality":"Três Lagoas","aquifer":"Bauru","available_fields":"pH | Solidos dissolvidos totais","available_count":2,"pH":7.0,"electrical_conductivity":null,"temperature":null,"chemical_parameter":"Solidos dissolvidos totais","chemical_concentration":28.0,"source":"SIAGAS_MS_20260814","evidence_code":"E10"}},{"type":"Feature","geometry":{"type":"Point","coordinates":[-54.16722199999998,-22.291943999999944]},"properties":{"well_id":"3500027082","municipality":"Deodápolis","aquifer":"Serra geral","available_fields":"Solidos dissolvidos totais","available_count":1,"pH":null,"electrical_conductivity":null,"temperature":null,"chemical_parameter":"Solidos dissolvidos totais","chemical_concentration":102.8,"source":"SIAGAS_MS_20260814","evidence_code":"E10"}},{"type":"Feature","geometry":{"type":"Point","coordinates":[-53.63611099999997,-19.002777999999978]},"properties":{"well_id":"3500045272","municipality":"Camapuã","aquifer":"Guarani","available_fields":"Solidos dissolvidos totais","available_count":1,"pH":null,"electrical_conductivity":null,"temperature":null,"chemical_parameter":"Solidos dissolvidos totais","chemical_concentration":141.2,"source":"SIAGAS_MS_20260814","evidence_code":"E10"}},{"type":"Feature","geometry":{"type":"Point","coordinates":[-54.52499999999998,-19.448332999999934]},"properties":{"well_id":"3500045526","municipality":"São Gabriel do Oeste","aquifer":"","available_fields":"pH | CONDUTIVIDADE_ELETRICA | TURBIDEZ","available_count":3,"pH":7.11999989,"electrical_conductivity":192.36,"temperature":null,"chemical_parameter":"","chemical_concentration":null,"source":"SIAGAS_MS_20260814","evidence_code":"E10"}},{"type":"Feature","geometry":{"type":"Point","coordinates":[-55.778888999999936,-21.18944399999998]},"properties":{"well_id":"3500045577","municipality":"Nioaque","aquifer":"","available_fields":"pH | TURBIDEZ","available_count":2,"pH":6.9000001,"electrical_conductivity":null,"temperature":null,"chemical_parameter":"","chemical_concentration":null,"source":"SIAGAS_MS_20260814","evidence_code":"E10"}},{"type":"Feature","geometry":{"type":"Point","coordinates":[-53.01611099999997,-19.018888999999945]},"properties":{"well_id":"3500065112","municipality":"Paraíso das Águas","aquifer":"","available_fields":"pH | CONDUTIVIDADE_ELETRICA | TEMPERATURA | Solidos dissolvidos totais","available_count":4,"pH":5.94000006,"electrical_conductivity":27.1,"temperature":25.5,"chemical_parameter":"Solidos dissolvidos totais","chemical_concentration":26.76,"source":"SIAGAS_MS_20260814","evidence_code":"E10"}},{"type":"Feature","geometry":{"type":"Point","coordinates":[-53.14499999999998,-22.328055999999947]},"properties":{"well_id":"3500026959","municipality":"Batayporã","aquifer":"Caiua","available_fields":"pH | TURBIDEZ","available_count":2,"pH":6.46000004,"electrical_conductivity":null,"temperature":null,"chemical_parameter":"","chemical_concentration":null,"source":"SIAGAS_MS_20260814","evidence_code":"E10"}},{"type":"Feature","geometry":{"type":"Point","coordinates":[-54.75083299999994,-22.51388899999995]},"properties":{"well_id":"3500027249","municipality":"Caarapó","aquifer":"Serra geral","available_fields":"pH | TEMPERATURA | TURBIDEZ | Solidos dissolvidos totais","available_count":4,"pH":7.0,"electrical_conductivity":null,"temperature":4.80000019,"chemical_parameter":"Solidos dissolvidos totais","chemical_concentration":124.8,"source":"SIAGAS_MS_20260814","evidence_code":"E10"}},{"type":"Feature","geometry":{"type":"Point","coordinates":[-52.61972199999997,-18.791943999999944]},"properties":{"well_id":"3500045465","municipality":"Chapadão do Sul","aquifer":"Não definido","available_fields":"Solidos dissolvidos totais","available_count":1,"pH":null,"electrical_conductivity":null,"temperature":null,"chemical_parameter":"Solidos dissolvidos totais","chemical_concentration":17.0,"source":"SIAGAS_MS_20260814","evidence_code":"E10"}},{"type":"Feature","geometry":{"type":"Point","coordinates":[-54.55638899999997,-20.442777999999976]},"properties":{"well_id":"3500045695","municipality":"Campo Grande","aquifer":"","available_fields":"CONDUTIVIDADE_ELETRICA | TURBIDEZ","available_count":2,"pH":null,"electrical_conductivity":11.0,"temperature":null,"chemical_parameter":"","chemical_concentration":null,"source":"SIAGAS_MS_20260814","evidence_code":"E10"}},{"type":"Feature","geometry":{"type":"Point","coordinates":[-54.57527699999997,-19.399999999999977]},"properties":{"well_id":"3500023227","municipality":"São Gabriel do Oeste","aquifer":"Guarani","available_fields":"pH | TURBIDEZ | Solidos dissolvidos totais","available_count":3,"pH":6.0,"electrical_conductivity":null,"temperature":null,"chemical_parameter":"Solidos dissolvidos totais","chemical_concentration":38.0,"source":"SIAGAS_MS_20260814","evidence_code":"E10"}},{"type":"Feature","geometry":{"type":"Point","coordinates":[-53.778332999999975,-22.155832999999973]},"properties":{"well_id":"3500027241","municipality":"Angélica","aquifer":"Caiua","available_fields":"pH | TEMPERATURA | TURBIDEZ | Solidos dissolvidos totais","available_count":4,"pH":6.82000017,"electrical_conductivity":null,"temperature":25.6000004,"chemical_parameter":"Solidos dissolvidos totais","chemical_concentration":24.3,"source":"SIAGAS_MS_20260814","evidence_code":"E10"}},{"type":"Feature","geometry":{"type":"Point","coordinates":[-54.485555999999974,-19.45111099999997]},"properties":{"well_id":"3500045118","municipality":"São Gabriel do Oeste","aquifer":"Serra geral","available_fields":"pH | TURBIDEZ","available_count":2,"pH":6.92999983,"electrical_conductivity":null,"temperature":null,"chemical_parameter":"","chemical_concentration":null,"source":"SIAGAS_MS_20260814","evidence_code":"E10"}},{"type":"Feature","geometry":{"type":"Point","coordinates":[-52.62055499999997,-18.813887999999963]},"properties":{"well_id":"3500022607","municipality":"Chapadão do Sul","aquifer":"Coberturas sedimentares Indiferenciadas","available_fields":"pH | CONDUTIVIDADE_ELETRICA | TEMPERATURA | Solidos dissolvidos totais","available_count":4,"pH":3.5999999,"electrical_conductivity":9.6,"temperature":24.3999996,"chemical_parameter":"Solidos dissolvidos totais","chemical_concentration":14.7,"source":"SIAGAS_MS_20260814","evidence_code":"E10"}},{"type":"Feature","geometry":{"type":"Point","coordinates":[-54.621943999999985,-20.533054999999933]},"properties":{"well_id":"3500022908","municipality":"Campo Grande","aquifer":"Serra geral","available_fields":"pH | CONDUTIVIDADE_ELETRICA | TEMPERATURA | Solidos dissolvidos totais","available_count":4,"pH":7.4000001,"electrical_conductivity":103.0,"temperature":27.0,"chemical_parameter":"Solidos dissolvidos totais","chemical_concentration":94.0,"source":"SIAGAS_MS_20260814","evidence_code":"E10"}},{"type":"Feature","geometry":{"type":"Point","coordinates":[-53.82416699999993,-22.31444399999998]},"properties":{"well_id":"3500026981","municipality":"Ivinhema","aquifer":"Caiua","available_fields":"TEMPERATURA | Solidos dissolvidos totais","available_count":2,"pH":null,"electrical_conductivity":null,"temperature":24.2999992,"chemical_parameter":"Solidos dissolvidos totais","chemical_concentration":57.2,"source":"SIAGAS_MS_20260814","evidence_code":"E10"}},{"type":"Feature","geometry":{"type":"Point","coordinates":[-54.79861099999994,-22.079166999999927]},"properties":{"well_id":"3500027066","municipality":"Itaporã","aquifer":"Serra geral","available_fields":"Solidos dissolvidos totais","available_count":1,"pH":null,"electrical_conductivity":null,"temperature":null,"chemical_parameter":"Solidos dissolvidos totais","chemical_concentration":147.2,"source":"SIAGAS_MS_20260814","evidence_code":"E10"}},{"type":"Feature","geometry":{"type":"Point","coordinates":[-54.787777999999946,-19.987777999999935]},"properties":{"well_id":"3500028108","municipality":"Rochedo","aquifer":"Guarani","available_fields":"pH | CONDUTIVIDADE_ELETRICA | TURBIDEZ","available_count":3,"pH":5.57999992,"electrical_conductivity":20.3,"temperature":null,"chemical_parameter":"","chemical_concentration":null,"source":"SIAGAS_MS_20260814","evidence_code":"E10"}},{"type":"Feature","geometry":{"type":"Point","coordinates":[-52.06722199999996,-21.296666999999957]},"properties":{"well_id":"3500029179","municipality":"Brasilândia","aquifer":"Caiua","available_fields":"pH | CONDUTIVIDADE_ELETRICA | TURBIDEZ","available_count":3,"pH":4.98000002,"electrical_conductivity":7.2,"temperature":null,"chemical_parameter":"","chemical_concentration":null,"source":"SIAGAS_MS_20260814","evidence_code":"E10"}},{"type":"Feature","geometry":{"type":"Point","coordinates":[-53.688935999999956,-20.47493099999997]},"properties":{"well_id":"3500072052","municipality":"Ribas do Rio Pardo","aquifer":"Serra geral","available_fields":"pH | CONDUTIVIDADE_ELETRICA | TEMPERATURA | Solidos dissolvidos totais","available_count":4,"pH":8.17000008,"electrical_conductivity":197.7,"temperature":29.0,"chemical_parameter":"Solidos dissolvidos totais","chemical_concentration":102.0,"source":"SIAGAS_MS_20260814","evidence_code":"E10"}},{"type":"Feature","geometry":{"type":"Point","coordinates":[-55.53973099999996,-20.47616899999997]},"properties":{"well_id":"3500072045","municipality":"Aquidauana","aquifer":"","available_fields":"pH | Solidos dissolvidos totais","available_count":2,"pH":6.30000019,"electrical_conductivity":null,"temperature":null,"chemical_parameter":"Solidos dissolvidos totais","chemical_concentration":81.7,"source":"SIAGAS_MS_20260814","evidence_code":"E10"}},{"type":"Feature","geometry":{"type":"Point","coordinates":[-53.77166699999998,-20.45111099999997]},"properties":{"well_id":"3500027223","municipality":"Ribas do Rio Pardo","aquifer":"Serra geral","available_fields":"pH | TEMPERATURA | TURBIDEZ | Solidos dissolvidos totais","available_count":4,"pH":7.15999985,"electrical_conductivity":null,"temperature":10.3999996,"chemical_parameter":"Solidos dissolvidos totais","chemical_concentration":135.0,"source":"SIAGAS_MS_20260814","evidence_code":"E10"}},{"type":"Feature","geometry":{"type":"Point","coordinates":[-54.77277799999996,-22.079721999999947]},"properties":{"well_id":"3500027125","municipality":"Itaporã","aquifer":"Serra geral","available_fields":"pH | TEMPERATURA | TURBIDEZ | Solidos dissolvidos totais","available_count":4,"pH":6.4000001,"electrical_conductivity":null,"temperature":2.79999995,"chemical_parameter":"Solidos dissolvidos totais","chemical_concentration":151.2,"source":"SIAGAS_MS_20260814","evidence_code":"E10"}},{"type":"Feature","geometry":{"type":"Point","coordinates":[-54.69111099999998,-19.40666699999997]},"properties":{"well_id":"3500028110","municipality":"São Gabriel do Oeste","aquifer":"Guarani","available_fields":"pH | CONDUTIVIDADE_ELETRICA | TURBIDEZ","available_count":3,"pH":5.57999992,"electrical_conductivity":26.3,"temperature":null,"chemical_parameter":"","chemical_concentration":null,"source":"SIAGAS_MS_20260814","evidence_code":"E10"}},{"type":"Feature","geometry":{"type":"Point","coordinates":[-54.84527799999995,-20.800277999999935]},"properties":{"well_id":"3500045184","municipality":"Sidrolândia","aquifer":"","available_fields":"pH | TEMPERATURA | TURBIDEZ","available_count":3,"pH":7.07999992,"electrical_conductivity":null,"temperature":28.2000008,"chemical_parameter":"","chemical_concentration":null,"source":"SIAGAS_MS_20260814","evidence_code":"E10"}},{"type":"Feature","geometry":{"type":"Point","coordinates":[-54.52555599999994,-19.30583299999995]},"properties":{"well_id":"3500026920","municipality":"São Gabriel do Oeste","aquifer":"Serra geral","available_fields":"pH | TURBIDEZ","available_count":2,"pH":5.5999999,"electrical_conductivity":null,"temperature":null,"chemical_parameter":"","chemical_concentration":null,"source":"SIAGAS_MS_20260814","evidence_code":"E10"}},{"type":"Feature","geometry":{"type":"Point","coordinates":[-54.65277699999996,-20.475832999999966]},"properties":{"well_id":"3500022474","municipality":"Campo Grande","aquifer":"Serra geral","available_fields":"pH | CONDUTIVIDADE_ELETRICA | TEMPERATURA | Solidos dissolvidos totais","available_count":4,"pH":6.69999981,"electrical_conductivity":148.0,"temperature":26.0,"chemical_parameter":"Solidos dissolvidos totais","chemical_concentration":151.0,"source":"SIAGAS_MS_20260814","evidence_code":"E10"}},{"type":"Feature","geometry":{"type":"Point","coordinates":[-51.705277999999964,-20.784999999999968]},"properties":{"well_id":"3500027198","municipality":"Três Lagoas","aquifer":"Bauru","available_fields":"pH | TEMPERATURA | TURBIDEZ | Solidos dissolvidos totais","available_count":4,"pH":6.05999994,"electrical_conductivity":null,"temperature":29.0,"chemical_parameter":"Solidos dissolvidos totais","chemical_concentration":59.4,"source":"SIAGAS_MS_20260814","evidence_code":"E10"}},{"type":"Feature","geometry":{"type":"Point","coordinates":[-52.41749999999996,-21.71388799999994]},"properties":{"well_id":"3500023274","municipality":"Bataguassu","aquifer":"Caiua","available_fields":"pH | TURBIDEZ","available_count":2,"pH":6.0,"electrical_conductivity":null,"temperature":null,"chemical_parameter":"","chemical_concentration":null,"source":"SIAGAS_MS_20260814","evidence_code":"E10"}},{"type":"Feature","geometry":{"type":"Point","coordinates":[-54.571860999999956,-19.391832999999963]},"properties":{"well_id":"3500073614","municipality":"São Gabriel do Oeste","aquifer":"Botucatu","available_fields":"pH | CONDUTIVIDADE_ELETRICA | TEMPERATURA | Solidos dissolvidos totais","available_count":4,"pH":6.17000008,"electrical_conductivity":0.2,"temperature":28.0,"chemical_parameter":"Solidos dissolvidos totais","chemical_concentration":16.9,"source":"SIAGAS_MS_20260814","evidence_code":"E10"}},{"type":"Feature","geometry":{"type":"Point","coordinates":[-54.634999999999934,-20.46027799999996]},"properties":{"well_id":"3500073841","municipality":"Campo Grande","aquifer":"Serra geral","available_fields":"pH | TEMPERATURA | Solidos dissolvidos totais","available_count":3,"pH":7.11999989,"electrical_conductivity":null,"temperature":26.7000008,"chemical_parameter":"Solidos dissolvidos totais","chemical_concentration":118.0,"source":"SIAGAS_MS_20260814","evidence_code":"E10"}},{"type":"Feature","geometry":{"type":"Point","coordinates":[-54.01763299999993,-19.96702199999993]},"properties":{"well_id":"3500072340","municipality":"Bandeirantes","aquifer":"Botucatu","available_fields":"pH | CONDUTIVIDADE_ELETRICA | TEMPERATURA | Solidos dissolvidos totais","available_count":4,"pH":7.03999996,"electrical_conductivity":53.7,"temperature":31.6000004,"chemical_parameter":"Solidos dissolvidos totais","chemical_concentration":70.0,"source":"SIAGAS_MS_20260814","evidence_code":"E10"}},{"type":"Feature","geometry":{"type":"Point","coordinates":[-53.38638899999995,-22.298888999999974]},"properties":{"well_id":"3500026954","municipality":"Nova Andradina","aquifer":"Serra geral","available_fields":"pH | TURBIDEZ","available_count":2,"pH":6.0,"electrical_conductivity":null,"temperature":null,"chemical_parameter":"","chemical_concentration":null,"source":"SIAGAS_MS_20260814","evidence_code":"E10"}},{"type":"Feature","geometry":{"type":"Point","coordinates":[-57.528332999999975,-19.266132999999968]},"properties":{"well_id":"3500073074","municipality":"Corumbá","aquifer":"","available_fields":"pH | CONDUTIVIDADE_ELETRICA | Solidos dissolvidos totais","available_count":3,"pH":6.3499999,"electrical_conductivity":32.3,"temperature":null,"chemical_parameter":"Solidos dissolvidos totais","chemical_concentration":30.0,"source":"SIAGAS_MS_20260814","evidence_code":"E10"}},{"type":"Feature","geometry":{"type":"Point","coordinates":[-54.56499999999994,-23.66972199999998]},"properties":{"well_id":"3500026840","municipality":"Iguatemi","aquifer":"Caiua","available_fields":"pH | CONDUTIVIDADE_ELETRICA | TURBIDEZ","available_count":3,"pH":4.26999998,"electrical_conductivity":118.2,"temperature":null,"chemical_parameter":"","chemical_concentration":null,"source":"SIAGAS_MS_20260814","evidence_code":"E10"}},{"type":"Feature","geometry":{"type":"Point","coordinates":[-52.818888999999956,-21.300555999999972]},"properties":{"well_id":"3500029178","municipality":"Santa Rita do Pardo","aquifer":"Bauru","available_fields":"pH | CONDUTIVIDADE_ELETRICA | TURBIDEZ","available_count":3,"pH":6.25,"electrical_conductivity":93.3,"temperature":null,"chemical_parameter":"","chemical_concentration":null,"source":"SIAGAS_MS_20260814","evidence_code":"E10"}},{"type":"Feature","geometry":{"type":"Point","coordinates":[-54.57861099999997,-19.383887999999956]},"properties":{"well_id":"3500023228","municipality":"São Gabriel do Oeste","aquifer":"Guarani","available_fields":"pH | TURBIDEZ | Solidos dissolvidos totais","available_count":3,"pH":6.5999999,"electrical_conductivity":null,"temperature":null,"chemical_parameter":"Solidos dissolvidos totais","chemical_concentration":5.5,"source":"SIAGAS_MS_20260814","evidence_code":"E10"}},{"type":"Feature","geometry":{"type":"Point","coordinates":[-54.56388899999996,-19.26444399999997]},"properties":{"well_id":"3500026923","municipality":"São Gabriel do Oeste","aquifer":"Serra geral","available_fields":"pH | TURBIDEZ","available_count":2,"pH":5.5999999,"electrical_conductivity":null,"temperature":null,"chemical_parameter":"","chemical_concentration":null,"source":"SIAGAS_MS_20260814","evidence_code":"E10"}},{"type":"Feature","geometry":{"type":"Point","coordinates":[-54.53583299999997,-21.78555599999993]},"properties":{"well_id":"3500045620","municipality":"Rio Brilhante","aquifer":"Serra geral","available_fields":"pH | TEMPERATURA | TURBIDEZ | Solidos dissolvidos totais","available_count":4,"pH":6.36999989,"electrical_conductivity":null,"temperature":25.7999992,"chemical_parameter":"Solidos dissolvidos totais","chemical_concentration":157.3,"source":"SIAGAS_MS_20260814","evidence_code":"E10"}},{"type":"Feature","geometry":{"type":"Point","coordinates":[-54.57583299999993,-20.424721999999974]},"properties":{"well_id":"3500022525","municipality":"Campo Grande","aquifer":"Caiua","available_fields":"pH | CONDUTIVIDADE_ELETRICA | TEMPERATURA | Solidos dissolvidos totais","available_count":4,"pH":7.0999999,"electrical_conductivity":122.0,"temperature":26.0,"chemical_parameter":"Solidos dissolvidos totais","chemical_concentration":130.0,"source":"SIAGAS_MS_20260814","evidence_code":"E10"}},{"type":"Feature","geometry":{"type":"Point","coordinates":[-55.174721999999974,-21.613610999999935]},"properties":{"well_id":"3500026952","municipality":"Maracaju","aquifer":"Serra geral","available_fields":"pH | TEMPERATURA | TURBIDEZ","available_count":3,"pH":6.38000011,"electrical_conductivity":null,"temperature":28.0,"chemical_parameter":"","chemical_concentration":null,"source":"SIAGAS_MS_20260814","evidence_code":"E10"}},{"type":"Feature","geometry":{"type":"Point","coordinates":[-51.698332999999934,-20.778332999999975]},"properties":{"well_id":"3500027174","municipality":"Três Lagoas","aquifer":"Bauru","available_fields":"pH | TEMPERATURA | TURBIDEZ | Solidos dissolvidos totais","available_count":4,"pH":5.61000013,"electrical_conductivity":null,"temperature":13.8999996,"chemical_parameter":"Solidos dissolvidos totais","chemical_concentration":115.0,"source":"SIAGAS_MS_20260814","evidence_code":"E10"}},{"type":"Feature","geometry":{"type":"Point","coordinates":[-54.37972199999996,-21.464443999999958]},"properties":{"well_id":"3500023269","municipality":"Nova Alvorada do Sul","aquifer":"Serra geral","available_fields":"pH | TURBIDEZ","available_count":2,"pH":7.0999999,"electrical_conductivity":null,"temperature":null,"chemical_parameter":"","chemical_concentration":null,"source":"SIAGAS_MS_20260814","evidence_code":"E10"}},{"type":"Feature","geometry":{"type":"Point","coordinates":[-52.83138799999995,-21.30666599999995]},"properties":{"well_id":"3500023282","municipality":"Santa Rita do Pardo","aquifer":"Caiua","available_fields":"pH | TURBIDEZ","available_count":2,"pH":7.30000019,"electrical_conductivity":null,"temperature":null,"chemical_parameter":"","chemical_concentration":null,"source":"SIAGAS_MS_20260814","evidence_code":"E10"}},{"type":"Feature","geometry":{"type":"Point","coordinates":[-51.70555499999995,-20.78527699999995]},"properties":{"well_id":"3500023291","municipality":"Três Lagoas","aquifer":"Caiua","available_fields":"pH | TURBIDEZ","available_count":2,"pH":6.4000001,"electrical_conductivity":null,"temperature":null,"chemical_parameter":"","chemical_concentration":null,"source":"SIAGAS_MS_20260814","evidence_code":"E10"}},{"type":"Feature","geometry":{"type":"Point","coordinates":[-53.41555599999998,-21.995277999999928]},"properties":{"well_id":"3500027319","municipality":"Nova Andradina","aquifer":"Caiua","available_fields":"pH | CONDUTIVIDADE_ELETRICA | TEMPERATURA | Solidos dissolvidos totais","available_count":4,"pH":6.80000019,"electrical_conductivity":111.8,"temperature":25.0,"chemical_parameter":"Solidos dissolvidos totais","chemical_concentration":142.0,"source":"SIAGAS_MS_20260814","evidence_code":"E10"}},{"type":"Feature","geometry":{"type":"Point","coordinates":[-52.68544399999996,-19.760752999999966]},"properties":{"well_id":"3500073567","municipality":"Água Clara","aquifer":"Bauru","available_fields":"pH | TEMPERATURA | Solidos dissolvidos totais","available_count":3,"pH":6.96000004,"electrical_conductivity":null,"temperature":21.0,"chemical_parameter":"Solidos dissolvidos totais","chemical_concentration":98.0,"source":"SIAGAS_MS_20260814","evidence_code":"E10"}},{"type":"Feature","geometry":{"type":"Point","coordinates":[-52.70993099999998,-21.008238999999946]},"properties":{"well_id":"3500073565","municipality":"Brasilândia","aquifer":"Bauru","available_fields":"pH | TEMPERATURA | Solidos dissolvidos totais","available_count":3,"pH":7.0999999,"electrical_conductivity":null,"temperature":25.0,"chemical_parameter":"Solidos dissolvidos totais","chemical_concentration":35.0,"source":"SIAGAS_MS_20260814","evidence_code":"E10"}},{"type":"Feature","geometry":{"type":"Point","coordinates":[-56.50111099999998,-21.123332999999946]},"properties":{"well_id":"3500030620","municipality":"Bonito","aquifer":"Cuiaba","available_fields":"pH | TURBIDEZ","available_count":2,"pH":6.73000002,"electrical_conductivity":null,"temperature":null,"chemical_parameter":"","chemical_concentration":null,"source":"SIAGAS_MS_20260814","evidence_code":"E10"}},{"type":"Feature","geometry":{"type":"Point","coordinates":[-55.15722199999993,-21.620555999999965]},"properties":{"well_id":"3500027070","municipality":"Maracaju","aquifer":"Serra geral","available_fields":"pH | TEMPERATURA | TURBIDEZ | Solidos dissolvidos totais","available_count":4,"pH":7.88999987,"electrical_conductivity":null,"temperature":21.2999992,"chemical_parameter":"Solidos dissolvidos totais","chemical_concentration":134.2,"source":"SIAGAS_MS_20260814","evidence_code":"E10"}},{"type":"Feature","geometry":{"type":"Point","coordinates":[-54.21243899999996,-23.477205999999967]},"properties":{"well_id":"3500073608","municipality":"Itaquiraí","aquifer":"Bauru","available_fields":"pH | CONDUTIVIDADE_ELETRICA | TEMPERATURA | Solidos dissolvidos totais","available_count":4,"pH":7.69999981,"electrical_conductivity":74.7,"temperature":27.3999996,"chemical_parameter":"Solidos dissolvidos totais","chemical_concentration":27.0,"source":"SIAGAS_MS_20260814","evidence_code":"E10"}},{"type":"Feature","geometry":{"type":"Point","coordinates":[-54.58695299999994,-19.26249699999994]},"properties":{"well_id":"3500073611","municipality":"São Gabriel do Oeste","aquifer":"Botucatu","available_fields":"pH | CONDUTIVIDADE_ELETRICA | TEMPERATURA | Solidos dissolvidos totais","available_count":4,"pH":6.80000019,"electrical_conductivity":110.0,"temperature":24.0,"chemical_parameter":"Solidos dissolvidos totais","chemical_concentration":60.0,"source":"SIAGAS_MS_20260814","evidence_code":"E10"}},{"type":"Feature","geometry":{"type":"Point","coordinates":[-54.34057799999994,-19.70475799999997]},"properties":{"well_id":"3500073619","municipality":"Bandeirantes","aquifer":"Bauru","available_fields":"pH | CONDUTIVIDADE_ELETRICA | TEMPERATURA | Solidos dissolvidos totais","available_count":4,"pH":5.19999981,"electrical_conductivity":33.28,"temperature":25.0,"chemical_parameter":"Solidos dissolvidos totais","chemical_concentration":19.15,"source":"SIAGAS_MS_20260814","evidence_code":"E10"}},{"type":"Feature","geometry":{"type":"Point","coordinates":[-53.029721999999936,-20.298610999999937]},"properties":{"well_id":"3500073621","municipality":"Água Clara","aquifer":"Bauru","available_fields":"pH | CONDUTIVIDADE_ELETRICA | TEMPERATURA | Solidos dissolvidos totais","available_count":4,"pH":5.9000001,"electrical_conductivity":30.2,"temperature":24.0,"chemical_parameter":"Solidos dissolvidos totais","chemical_concentration":113.0,"source":"SIAGAS_MS_20260814","evidence_code":"E10"}},{"type":"Feature","geometry":{"type":"Point","coordinates":[-52.004193999999984,-21.228582999999958]},"properties":{"well_id":"3500073633","municipality":"Brasilândia","aquifer":"Bauru","available_fields":"pH | CONDUTIVIDADE_ELETRICA | TEMPERATURA | Solidos dissolvidos totais","available_count":4,"pH":7.5,"electrical_conductivity":13.8,"temperature":35.0,"chemical_parameter":"Solidos dissolvidos totais","chemical_concentration":5.0,"source":"SIAGAS_MS_20260814","evidence_code":"E10"}},{"type":"Feature","geometry":{"type":"Point","coordinates":[-54.35951399999993,-22.437277999999935]},"properties":{"well_id":"3500073636","municipality":"Vicentina","aquifer":"Serra geral","available_fields":"pH | CONDUTIVIDADE_ELETRICA | Solidos dissolvidos totais","available_count":3,"pH":6.67999983,"electrical_conductivity":122.6,"temperature":null,"chemical_parameter":"Solidos dissolvidos totais","chemical_concentration":79.69,"source":"SIAGAS_MS_20260814","evidence_code":"E10"}},{"type":"Feature","geometry":{"type":"Point","coordinates":[-54.51086099999998,-22.15438899999998]},"properties":{"well_id":"3500073635","municipality":"Dourados","aquifer":"Serra geral","available_fields":"pH | CONDUTIVIDADE_ELETRICA | TEMPERATURA | Solidos dissolvidos totais","available_count":4,"pH":5.98000002,"electrical_conductivity":25.78,"temperature":23.0,"chemical_parameter":"Solidos dissolvidos totais","chemical_concentration":16.75,"source":"SIAGAS_MS_20260814","evidence_code":"E10"}},{"type":"Feature","geometry":{"type":"Point","coordinates":[-54.14559399999996,-23.49833099999995]},"properties":{"well_id":"3500073642","municipality":"Itaquiraí","aquifer":"Bauru","available_fields":"pH | CONDUTIVIDADE_ELETRICA | TEMPERATURA","available_count":3,"pH":6.07000017,"electrical_conductivity":34.36,"temperature":24.2000008,"chemical_parameter":"","chemical_concentration":null,"source":"SIAGAS_MS_20260814","evidence_code":"E10"}},{"type":"Feature","geometry":{"type":"Point","coordinates":[-54.53418099999993,-20.470321999999953]},"properties":{"well_id":"3500073648","municipality":"Campo Grande","aquifer":"Serra geral","available_fields":"pH | CONDUTIVIDADE_ELETRICA | TEMPERATURA | Solidos dissolvidos totais","available_count":4,"pH":7.82999992,"electrical_conductivity":132.2,"temperature":23.0,"chemical_parameter":"Solidos dissolvidos totais","chemical_concentration":128.0,"source":"SIAGAS_MS_20260814","evidence_code":"E10"}},{"type":"Feature","geometry":{"type":"Point","coordinates":[-54.77619199999998,-20.34384199999994]},"properties":{"well_id":"3500073646","municipality":"Terenos","aquifer":"Serra geral","available_fields":"pH | CONDUTIVIDADE_ELETRICA | TEMPERATURA | Solidos dissolvidos totais","available_count":4,"pH":7.30000019,"electrical_conductivity":122.0,"temperature":22.0,"chemical_parameter":"Solidos dissolvidos totais","chemical_concentration":68.0,"source":"SIAGAS_MS_20260814","evidence_code":"E10"}},{"type":"Feature","geometry":{"type":"Point","coordinates":[-54.09607799999998,-22.501399999999933]},"properties":{"well_id":"3500073657","municipality":"Glória de Dourados","aquifer":"Bauru","available_fields":"pH | CONDUTIVIDADE_ELETRICA | TEMPERATURA | Solidos dissolvidos totais","available_count":4,"pH":6.11999989,"electrical_conductivity":123.16,"temperature":20.6000004,"chemical_parameter":"Solidos dissolvidos totais","chemical_concentration":80.06,"source":"SIAGAS_MS_20260814","evidence_code":"E10"}},{"type":"Feature","geometry":{"type":"Point","coordinates":[-54.40301899999997,-22.42368099999993]},"properties":{"well_id":"3500073656","municipality":"Vicentina","aquifer":"Bauru","available_fields":"pH | CONDUTIVIDADE_ELETRICA | TEMPERATURA | Solidos dissolvidos totais","available_count":4,"pH":6.94999981,"electrical_conductivity":81.7,"temperature":23.0,"chemical_parameter":"Solidos dissolvidos totais","chemical_concentration":53.11,"source":"SIAGAS_MS_20260814","evidence_code":"E10"}},{"type":"Feature","geometry":{"type":"Point","coordinates":[-52.85972199999998,-20.43627799999996]},"properties":{"well_id":"3500073688","municipality":"Água Clara","aquifer":"Bauru","available_fields":"pH | CONDUTIVIDADE_ELETRICA | TEMPERATURA | Solidos dissolvidos totais","available_count":4,"pH":5.76999998,"electrical_conductivity":48.6,"temperature":20.0,"chemical_parameter":"Solidos dissolvidos totais","chemical_concentration":87.0,"source":"SIAGAS_MS_20260814","evidence_code":"E10"}},{"type":"Feature","geometry":{"type":"Point","coordinates":[-54.31959199999994,-22.506185999999957]},"properties":{"well_id":"3500073687","municipality":"Jateí","aquifer":"Bauru","available_fields":"pH | CONDUTIVIDADE_ELETRICA | Solidos dissolvidos totais","available_count":3,"pH":4.69999981,"electrical_conductivity":19.6,"temperature":null,"chemical_parameter":"Solidos dissolvidos totais","chemical_concentration":12.7,"source":"SIAGAS_MS_20260814","evidence_code":"E10"}},{"type":"Feature","geometry":{"type":"Point","coordinates":[-53.82999199999995,-22.310013999999967]},"properties":{"well_id":"3500073698","municipality":"Ivinhema","aquifer":"Bauru","available_fields":"pH | CONDUTIVIDADE_ELETRICA | TEMPERATURA | Solidos dissolvidos totais","available_count":4,"pH":5.5,"electrical_conductivity":70.4,"temperature":23.0,"chemical_parameter":"Solidos dissolvidos totais","chemical_concentration":45.8,"source":"SIAGAS_MS_20260814","evidence_code":"E10"}},{"type":"Feature","geometry":{"type":"Point","coordinates":[-53.268066999999974,-22.283646999999974]},"properties":{"well_id":"3500073708","municipality":"Batayporã","aquifer":"Bauru","available_fields":"pH | CONDUTIVIDADE_ELETRICA | TEMPERATURA | Solidos dissolvidos totais","available_count":4,"pH":5.88999987,"electrical_conductivity":23.4,"temperature":25.0,"chemical_parameter":"Solidos dissolvidos totais","chemical_concentration":26.0,"source":"SIAGAS_MS_20260814","evidence_code":"E10"}},{"type":"Feature","geometry":{"type":"Point","coordinates":[-54.10401899999994,-22.51245599999993]},"properties":{"well_id":"3500073712","municipality":"Glória de Dourados","aquifer":"Bauru","available_fields":"pH | CONDUTIVIDADE_ELETRICA | TEMPERATURA | Solidos dissolvidos totais","available_count":4,"pH":7.71999979,"electrical_conductivity":96.11,"temperature":22.7999992,"chemical_parameter":"Solidos dissolvidos totais","chemical_concentration":62.0,"source":"SIAGAS_MS_20260814","evidence_code":"E10"}},{"type":"Feature","geometry":{"type":"Point","coordinates":[-54.790471999999966,-22.22395599999993]},"properties":{"well_id":"3500073730","municipality":"Dourados","aquifer":"Serra geral","available_fields":"pH | CONDUTIVIDADE_ELETRICA | TEMPERATURA | Solidos dissolvidos totais","available_count":4,"pH":6.75,"electrical_conductivity":243.5,"temperature":18.0,"chemical_parameter":"Solidos dissolvidos totais","chemical_concentration":158.27,"source":"SIAGAS_MS_20260814","evidence_code":"E10"}},{"type":"Feature","geometry":{"type":"Point","coordinates":[-52.27749199999994,-21.67416099999997]},"properties":{"well_id":"3500073738","municipality":"Bataguassu","aquifer":"Bauru","available_fields":"pH | CONDUTIVIDADE_ELETRICA | TEMPERATURA | Solidos dissolvidos totais","available_count":4,"pH":7.30000019,"electrical_conductivity":27.4,"temperature":26.0,"chemical_parameter":"Solidos dissolvidos totais","chemical_concentration":13.0,"source":"SIAGAS_MS_20260814","evidence_code":"E10"}},{"type":"Feature","geometry":{"type":"Point","coordinates":[-51.66809699999993,-20.77709999999996]},"properties":{"well_id":"3500073746","municipality":"Três Lagoas","aquifer":"Bauru","available_fields":"pH | TEMPERATURA | Solidos dissolvidos totais","available_count":3,"pH":6.0,"electrical_conductivity":null,"temperature":32.0,"chemical_parameter":"Solidos dissolvidos totais","chemical_concentration":40.0,"source":"SIAGAS_MS_20260814","evidence_code":"E10"}},{"type":"Feature","geometry":{"type":"Point","coordinates":[-54.464943999999946,-22.039277999999968]},"properties":{"well_id":"3500073753","municipality":"Dourados","aquifer":"Serra geral","available_fields":"pH | CONDUTIVIDADE_ELETRICA | TEMPERATURA | Solidos dissolvidos totais","available_count":4,"pH":6.80000019,"electrical_conductivity":42.59,"temperature":23.0,"chemical_parameter":"Solidos dissolvidos totais","chemical_concentration":27.68,"source":"SIAGAS_MS_20260814","evidence_code":"E10"}},{"type":"Feature","geometry":{"type":"Point","coordinates":[-54.588441999999986,-20.546907999999974]},"properties":{"well_id":"3500073769","municipality":"Campo Grande","aquifer":"Serra geral","available_fields":"pH | TEMPERATURA | Solidos dissolvidos totais","available_count":3,"pH":6.4000001,"electrical_conductivity":null,"temperature":24.0,"chemical_parameter":"Solidos dissolvidos totais","chemical_concentration":58.0,"source":"SIAGAS_MS_20260814","evidence_code":"E10"}},{"type":"Feature","geometry":{"type":"Point","coordinates":[-54.665832999999964,-21.842499999999973]},"properties":{"well_id":"3500073781","municipality":"Rio Brilhante","aquifer":"Serra geral","available_fields":"pH | CONDUTIVIDADE_ELETRICA | TEMPERATURA | Solidos dissolvidos totais","available_count":4,"pH":5.26999998,"electrical_conductivity":13.91,"temperature":23.0,"chemical_parameter":"Solidos dissolvidos totais","chemical_concentration":9.0,"source":"SIAGAS_MS_20260814","evidence_code":"E10"}},{"type":"Feature","geometry":{"type":"Point","coordinates":[-52.04690799999997,-21.22944199999995]},"properties":{"well_id":"3500073787","municipality":"Brasilândia","aquifer":"Bauru","available_fields":"pH | CONDUTIVIDADE_ELETRICA | TEMPERATURA | Solidos dissolvidos totais","available_count":4,"pH":7.30000019,"electrical_conductivity":28.3,"temperature":26.8999996,"chemical_parameter":"Solidos dissolvidos totais","chemical_concentration":11.0,"source":"SIAGAS_MS_20260814","evidence_code":"E10"}},{"type":"Feature","geometry":{"type":"Point","coordinates":[-54.41252799999995,-22.372138999999947]},"properties":{"well_id":"3500073778","municipality":"Vicentina","aquifer":"Serra geral","available_fields":"pH | CONDUTIVIDADE_ELETRICA | TEMPERATURA","available_count":3,"pH":5.48000002,"electrical_conductivity":82.18,"temperature":24.2000008,"chemical_parameter":"","chemical_concentration":null,"source":"SIAGAS_MS_20260814","evidence_code":"E10"}},{"type":"Feature","geometry":{"type":"Point","coordinates":[-54.48937799999993,-22.242738999999972]},"properties":{"well_id":"3500073821","municipality":"Dourados","aquifer":"Serra geral","available_fields":"pH | CONDUTIVIDADE_ELETRICA | TEMPERATURA | Solidos dissolvidos totais","available_count":4,"pH":6.9000001,"electrical_conductivity":94.25,"temperature":23.0,"chemical_parameter":"Solidos dissolvidos totais","chemical_concentration":61.0,"source":"SIAGAS_MS_20260814","evidence_code":"E10"}},{"type":"Feature","geometry":{"type":"Point","coordinates":[-54.223555999999974,-22.47083299999997]},"properties":{"well_id":"3500073815","municipality":"Glória de Dourados","aquifer":"Bauru","available_fields":"pH | CONDUTIVIDADE_ELETRICA | TEMPERATURA | Solidos dissolvidos totais","available_count":4,"pH":4.82000017,"electrical_conductivity":10.9,"temperature":23.0,"chemical_parameter":"Solidos dissolvidos totais","chemical_concentration":6.0,"source":"SIAGAS_MS_20260814","evidence_code":"E10"}},{"type":"Feature","geometry":{"type":"Point","coordinates":[-54.548055999999974,-20.463888999999938]},"properties":{"well_id":"3500073834","municipality":"Campo Grande","aquifer":"Bauru","available_fields":"pH | TEMPERATURA | Solidos dissolvidos totais","available_count":3,"pH":6.0,"electrical_conductivity":null,"temperature":24.0,"chemical_parameter":"Solidos dissolvidos totais","chemical_concentration":42.0,"source":"SIAGAS_MS_20260814","evidence_code":"E10"}},{"type":"Feature","geometry":{"type":"Point","coordinates":[-55.05444399999993,-22.489721999999972]},"properties":{"well_id":"3500073833","municipality":"Laguna Carapã","aquifer":"Serra geral","available_fields":"pH | CONDUTIVIDADE_ELETRICA | Solidos dissolvidos totais","available_count":3,"pH":5.78999996,"electrical_conductivity":87.21,"temperature":null,"chemical_parameter":"Solidos dissolvidos totais","chemical_concentration":57.56,"source":"SIAGAS_MS_20260814","evidence_code":"E10"}},{"type":"Feature","geometry":{"type":"Point","coordinates":[-54.60083099999997,-19.295593999999937]},"properties":{"well_id":"3500073859","municipality":"São Gabriel do Oeste","aquifer":"Botucatu","available_fields":"pH | CONDUTIVIDADE_ELETRICA | TEMPERATURA | Solidos dissolvidos totais","available_count":4,"pH":5.80000019,"electrical_conductivity":0.2,"temperature":24.0,"chemical_parameter":"Solidos dissolvidos totais","chemical_concentration":0.5,"source":"SIAGAS_MS_20260814","evidence_code":"E10"}},{"type":"Feature","geometry":{"type":"Point","coordinates":[-54.736666999999954,-20.502749999999935]},"properties":{"well_id":"3500073863","municipality":"Campo Grande","aquifer":"Serra geral","available_fields":"pH | CONDUTIVIDADE_ELETRICA | TEMPERATURA | Solidos dissolvidos totais","available_count":4,"pH":6.51999998,"electrical_conductivity":50.9,"temperature":23.8999996,"chemical_parameter":"Solidos dissolvidos totais","chemical_concentration":62.0,"source":"SIAGAS_MS_20260814","evidence_code":"E10"}},{"type":"Feature","geometry":{"type":"Point","coordinates":[-54.48406399999993,-22.27270599999997]},"properties":{"well_id":"3500073873","municipality":"Dourados","aquifer":"Serra geral","available_fields":"pH | CONDUTIVIDADE_ELETRICA | TEMPERATURA | Solidos dissolvidos totais","available_count":4,"pH":7.38000011,"electrical_conductivity":50.95,"temperature":24.0,"chemical_parameter":"Solidos dissolvidos totais","chemical_concentration":33.12,"source":"SIAGAS_MS_20260814","evidence_code":"E10"}},{"type":"Feature","geometry":{"type":"Point","coordinates":[-54.20991699999996,-22.516471999999965]},"properties":{"well_id":"3500073886","municipality":"Jateí","aquifer":"Bauru","available_fields":"pH | CONDUTIVIDADE_ELETRICA | TEMPERATURA | Solidos dissolvidos totais","available_count":4,"pH":7.23000002,"electrical_conductivity":148.2,"temperature":23.0,"chemical_parameter":"Solidos dissolvidos totais","chemical_concentration":96.33,"source":"SIAGAS_MS_20260814","evidence_code":"E10"}},{"type":"Feature","geometry":{"type":"Point","coordinates":[-52.07380299999994,-21.25499199999996]},"properties":{"well_id":"3500073896","municipality":"Brasilândia","aquifer":"Bauru","available_fields":"pH | CONDUTIVIDADE_ELETRICA | TEMPERATURA | Solidos dissolvidos totais","available_count":4,"pH":6.80000019,"electrical_conductivity":18.4,"temperature":25.0,"chemical_parameter":"Solidos dissolvidos totais","chemical_concentration":8.0,"source":"SIAGAS_MS_20260814","evidence_code":"E10"}},{"type":"Feature","geometry":{"type":"Point","coordinates":[-54.52297199999998,-20.46745599999997]},"properties":{"well_id":"3500073904","municipality":"Campo Grande","aquifer":"Bauru","available_fields":"pH | CONDUTIVIDADE_ELETRICA | TEMPERATURA","available_count":3,"pH":7.5,"electrical_conductivity":35.2,"temperature":30.0,"chemical_parameter":"","chemical_concentration":null,"source":"SIAGAS_MS_20260814","evidence_code":"E10"}},{"type":"Feature","geometry":{"type":"Point","coordinates":[-54.57107499999995,-20.449055999999928]},"properties":{"well_id":"3500073918","municipality":"Campo Grande","aquifer":"Serra geral","available_fields":"pH | CONDUTIVIDADE_ELETRICA | TEMPERATURA | Solidos dissolvidos totais","available_count":4,"pH":6.73999977,"electrical_conductivity":24.5,"temperature":26.0,"chemical_parameter":"Solidos dissolvidos totais","chemical_concentration":14.0,"source":"SIAGAS_MS_20260814","evidence_code":"E10"}},{"type":"Feature","geometry":{"type":"Point","coordinates":[-55.00228299999998,-20.425735999999972]},"properties":{"well_id":"3500073917","municipality":"Terenos","aquifer":"Serra geral","available_fields":"pH | CONDUTIVIDADE_ELETRICA | TEMPERATURA | Solidos dissolvidos totais","available_count":4,"pH":6.57999992,"electrical_conductivity":77.6,"temperature":22.0,"chemical_parameter":"Solidos dissolvidos totais","chemical_concentration":113.0,"source":"SIAGAS_MS_20260814","evidence_code":"E10"}},{"type":"Feature","geometry":{"type":"Point","coordinates":[-54.84004199999998,-22.22455599999995]},"properties":{"well_id":"3500073923","municipality":"Dourados","aquifer":"Serra geral","available_fields":"pH | CONDUTIVIDADE_ELETRICA | TEMPERATURA | Solidos dissolvidos totais","available_count":4,"pH":8.30000019,"electrical_conductivity":155.0,"temperature":26.0,"chemical_parameter":"Solidos dissolvidos totais","chemical_concentration":75.0,"source":"SIAGAS_MS_20260814","evidence_code":"E10"}},{"type":"Feature","geometry":{"type":"Point","coordinates":[-54.39618299999995,-22.20833099999993]},"properties":{"well_id":"3500073935","municipality":"Dourados","aquifer":"Serra geral","available_fields":"pH | CONDUTIVIDADE_ELETRICA | TEMPERATURA | Solidos dissolvidos totais","available_count":4,"pH":6.67000008,"electrical_conductivity":60.61,"temperature":23.0,"chemical_parameter":"Solidos dissolvidos totais","chemical_concentration":39.0,"source":"SIAGAS_MS_20260814","evidence_code":"E10"}},{"type":"Feature","geometry":{"type":"Point","coordinates":[-54.371943999999985,-21.97174999999993]},"properties":{"well_id":"3500073950","municipality":"Dourados","aquifer":"Serra geral","available_fields":"pH | CONDUTIVIDADE_ELETRICA | TEMPERATURA | Solidos dissolvidos totais","available_count":4,"pH":6.0999999,"electrical_conductivity":49.3,"temperature":24.5,"chemical_parameter":"Solidos dissolvidos totais","chemical_concentration":43.0,"source":"SIAGAS_MS_20260814","evidence_code":"E10"}},{"type":"Feature","geometry":{"type":"Point","coordinates":[-54.62351899999993,-20.382285999999965]},"properties":{"well_id":"3500072973","municipality":"Campo Grande","aquifer":"Serra geral","available_fields":"pH | CONDUTIVIDADE_ELETRICA | Solidos dissolvidos totais","available_count":3,"pH":7.5999999,"electrical_conductivity":116.5,"temperature":null,"chemical_parameter":"Solidos dissolvidos totais","chemical_concentration":102.0,"source":"SIAGAS_MS_20260814","evidence_code":"E10"}},{"type":"Feature","geometry":{"type":"Point","coordinates":[-54.96141699999998,-22.111805999999945]},"properties":{"well_id":"3500072935","municipality":"Itaporã","aquifer":"Serra geral","available_fields":"pH | CONDUTIVIDADE_ELETRICA | TEMPERATURA | Solidos dissolvidos totais","available_count":4,"pH":6.82000017,"electrical_conductivity":18.0,"temperature":26.6000004,"chemical_parameter":"Solidos dissolvidos totais","chemical_concentration":171.0,"source":"SIAGAS_MS_20260814","evidence_code":"E10"}},{"type":"Feature","geometry":{"type":"Point","coordinates":[-54.61000799999994,-20.46160599999996]},"properties":{"well_id":"3500072902","municipality":"Campo Grande","aquifer":"Serra geral","available_fields":"pH | TEMPERATURA | Solidos dissolvidos totais","available_count":3,"pH":6.98000002,"electrical_conductivity":null,"temperature":28.3999996,"chemical_parameter":"Solidos dissolvidos totais","chemical_concentration":245.0,"source":"SIAGAS_MS_20260814","evidence_code":"E10"}},{"type":"Feature","geometry":{"type":"Point","coordinates":[-54.73089199999998,-20.472657999999967]},"properties":{"well_id":"3500072900","municipality":"Campo Grande","aquifer":"Serra geral","available_fields":"pH | TEMPERATURA | Solidos dissolvidos totais","available_count":3,"pH":6.26000023,"electrical_conductivity":null,"temperature":26.6000004,"chemical_parameter":"Solidos dissolvidos totais","chemical_concentration":41.0,"source":"SIAGAS_MS_20260814","evidence_code":"E10"}},{"type":"Feature","geometry":{"type":"Point","coordinates":[-53.37950299999994,-22.28487199999995]},"properties":{"well_id":"3500072861","municipality":"Nova Andradina","aquifer":"Bauru","available_fields":"pH | CONDUTIVIDADE_ELETRICA | TEMPERATURA | Solidos dissolvidos totais","available_count":4,"pH":6.73999977,"electrical_conductivity":37.6,"temperature":25.0,"chemical_parameter":"Solidos dissolvidos totais","chemical_concentration":237.0,"source":"SIAGAS_MS_20260814","evidence_code":"E10"}},{"type":"Feature","geometry":{"type":"Point","coordinates":[-54.735630999999955,-20.475999999999942]},"properties":{"well_id":"3500072838","municipality":"Campo Grande","aquifer":"Serra geral","available_fields":"pH | TEMPERATURA | Solidos dissolvidos totais","available_count":3,"pH":7.11999989,"electrical_conductivity":null,"temperature":26.0,"chemical_parameter":"Solidos dissolvidos totais","chemical_concentration":27.0,"source":"SIAGAS_MS_20260814","evidence_code":"E10"}},{"type":"Feature","geometry":{"type":"Point","coordinates":[-54.813455999999974,-22.221274999999935]},"properties":{"well_id":"3500072835","municipality":"Dourados","aquifer":"Serra geral","available_fields":"pH | CONDUTIVIDADE_ELETRICA | TEMPERATURA | Solidos dissolvidos totais","available_count":4,"pH":8.31999969,"electrical_conductivity":376.0,"temperature":24.0,"chemical_parameter":"Solidos dissolvidos totais","chemical_concentration":244.53,"source":"SIAGAS_MS_20260814","evidence_code":"E10"}},{"type":"Feature","geometry":{"type":"Point","coordinates":[-53.16958599999998,-18.461446999999964]},"properties":{"well_id":"3500072826","municipality":"Costa Rica","aquifer":"Bauru","available_fields":"pH | TEMPERATURA | Solidos dissolvidos totais","available_count":3,"pH":5.48000002,"electrical_conductivity":null,"temperature":26.6000004,"chemical_parameter":"Solidos dissolvidos totais","chemical_concentration":22.0,"source":"SIAGAS_MS_20260814","evidence_code":"E10"}},{"type":"Feature","geometry":{"type":"Point","coordinates":[-53.41246899999993,-21.98115599999994]},"properties":{"well_id":"3500072802","municipality":"Nova Andradina","aquifer":"Bauru","available_fields":"pH | CONDUTIVIDADE_ELETRICA | TEMPERATURA | Solidos dissolvidos totais","available_count":4,"pH":6.01000023,"electrical_conductivity":28.6,"temperature":24.0,"chemical_parameter":"Solidos dissolvidos totais","chemical_concentration":51.0,"source":"SIAGAS_MS_20260814","evidence_code":"E10"}},{"type":"Feature","geometry":{"type":"Point","coordinates":[-55.077849999999955,-22.47921699999995]},"properties":{"well_id":"3500072757","municipality":"Laguna Carapã","aquifer":"Serra geral","available_fields":"pH | CONDUTIVIDADE_ELETRICA | TEMPERATURA | Solidos dissolvidos totais","available_count":4,"pH":7.11999989,"electrical_conductivity":106.9,"temperature":27.0,"chemical_parameter":"Solidos dissolvidos totais","chemical_concentration":69.48,"source":"SIAGAS_MS_20260814","evidence_code":"E10"}},{"type":"Feature","geometry":{"type":"Point","coordinates":[-54.72735299999994,-20.474274999999977]},"properties":{"well_id":"3500072736","municipality":"Campo Grande","aquifer":"Serra geral","available_fields":"pH | TEMPERATURA | Solidos dissolvidos totais","available_count":3,"pH":7.80000019,"electrical_conductivity":null,"temperature":27.8999996,"chemical_parameter":"Solidos dissolvidos totais","chemical_concentration":94.0,"source":"SIAGAS_MS_20260814","evidence_code":"E10"}},{"type":"Feature","geometry":{"type":"Point","coordinates":[-53.27434199999993,-19.980924999999957]},"properties":{"well_id":"3500072725","municipality":"Ribas do Rio Pardo","aquifer":"Serra geral","available_fields":"pH | CONDUTIVIDADE_ELETRICA | TEMPERATURA | Solidos dissolvidos totais","available_count":4,"pH":6.0,"electrical_conductivity":134.7,"temperature":26.0,"chemical_parameter":"Solidos dissolvidos totais","chemical_concentration":190.0,"source":"SIAGAS_MS_20260814","evidence_code":"E10"}},{"type":"Feature","geometry":{"type":"Point","coordinates":[-52.62571099999997,-18.800780999999972]},"properties":{"well_id":"3500072715","municipality":"Chapadão do Sul","aquifer":"Bauru","available_fields":"pH | CONDUTIVIDADE_ELETRICA | TEMPERATURA | Solidos dissolvidos totais","available_count":4,"pH":5.0,"electrical_conductivity":13.5,"temperature":29.2000008,"chemical_parameter":"Solidos dissolvidos totais","chemical_concentration":20.7,"source":"SIAGAS_MS_20260814","evidence_code":"E10"}},{"type":"Feature","geometry":{"type":"Point","coordinates":[-54.60666699999996,-20.53722199999993]},"properties":{"well_id":"3500072709","municipality":"Campo Grande","aquifer":"Serra geral","available_fields":"pH | CONDUTIVIDADE_ELETRICA | TEMPERATURA | Solidos dissolvidos totais","available_count":4,"pH":7.4000001,"electrical_conductivity":94.0,"temperature":29.0,"chemical_parameter":"Solidos dissolvidos totais","chemical_concentration":66.0,"source":"SIAGAS_MS_20260814","evidence_code":"E10"}},{"type":"Feature","geometry":{"type":"Point","coordinates":[-53.63824999999997,-18.67758299999997]},"properties":{"well_id":"3500072675","municipality":"Figueirão","aquifer":"Botucatu","available_fields":"pH | Solidos dissolvidos totais","available_count":2,"pH":6.5,"electrical_conductivity":null,"temperature":null,"chemical_parameter":"Solidos dissolvidos totais","chemical_concentration":99.3,"source":"SIAGAS_MS_20260814","evidence_code":"E10"}},{"type":"Feature","geometry":{"type":"Point","coordinates":[-54.80334399999998,-22.20472499999994]},"properties":{"well_id":"3500072672","municipality":"Dourados","aquifer":"Serra geral","available_fields":"pH | CONDUTIVIDADE_ELETRICA | TEMPERATURA | Solidos dissolvidos totais","available_count":4,"pH":6.38999987,"electrical_conductivity":148.0,"temperature":24.8999996,"chemical_parameter":"Solidos dissolvidos totais","chemical_concentration":95.0,"source":"SIAGAS_MS_20260814","evidence_code":"E10"}},{"type":"Feature","geometry":{"type":"Point","coordinates":[-54.547424999999976,-20.452916999999957]},"properties":{"well_id":"3500072641","municipality":"Campo Grande","aquifer":"Serra geral","available_fields":"pH | CONDUTIVIDADE_ELETRICA | TEMPERATURA | Solidos dissolvidos totais","available_count":4,"pH":6.4000001,"electrical_conductivity":37.0,"temperature":25.0,"chemical_parameter":"Solidos dissolvidos totais","chemical_concentration":38.0,"source":"SIAGAS_MS_20260814","evidence_code":"E10"}},{"type":"Feature","geometry":{"type":"Point","coordinates":[-54.64485799999994,-20.45189199999993]},"properties":{"well_id":"3500072581","municipality":"Campo Grande","aquifer":"Serra geral","available_fields":"pH | CONDUTIVIDADE_ELETRICA | TEMPERATURA | Solidos dissolvidos totais","available_count":4,"pH":6.69999981,"electrical_conductivity":118.0,"temperature":24.0,"chemical_parameter":"Solidos dissolvidos totais","chemical_concentration":110.0,"source":"SIAGAS_MS_20260814","evidence_code":"E10"}},{"type":"Feature","geometry":{"type":"Point","coordinates":[-52.868480999999974,-20.43399999999997]},"properties":{"well_id":"3500072530","municipality":"Água Clara","aquifer":"Serra geral","available_fields":"pH | CONDUTIVIDADE_ELETRICA | TEMPERATURA | Solidos dissolvidos totais","available_count":4,"pH":7.0999999,"electrical_conductivity":121.7,"temperature":27.3999996,"chemical_parameter":"Solidos dissolvidos totais","chemical_concentration":104.7,"source":"SIAGAS_MS_20260814","evidence_code":"E10"}},{"type":"Feature","geometry":{"type":"Point","coordinates":[-53.38299999999998,-22.287999999999954]},"properties":{"well_id":"3500072505","municipality":"Nova Andradina","aquifer":"Bauru","available_fields":"pH | TEMPERATURA | Solidos dissolvidos totais","available_count":3,"pH":6.57999992,"electrical_conductivity":null,"temperature":25.0,"chemical_parameter":"Solidos dissolvidos totais","chemical_concentration":97.0,"source":"SIAGAS_MS_20260814","evidence_code":"E10"}},{"type":"Feature","geometry":{"type":"Point","coordinates":[-54.74560799999995,-18.532205999999974]},"properties":{"well_id":"3500072455","municipality":"Coxim","aquifer":"Furnas","available_fields":"pH | Solidos dissolvidos totais","available_count":2,"pH":6.4000001,"electrical_conductivity":null,"temperature":null,"chemical_parameter":"Solidos dissolvidos totais","chemical_concentration":48.5,"source":"SIAGAS_MS_20260814","evidence_code":"E10"}},{"type":"Feature","geometry":{"type":"Point","coordinates":[-51.73642199999995,-20.78535299999993]},"properties":{"well_id":"3500072451","municipality":"Três Lagoas","aquifer":"Bauru","available_fields":"pH | Solidos dissolvidos totais","available_count":2,"pH":6.0999999,"electrical_conductivity":null,"temperature":null,"chemical_parameter":"Solidos dissolvidos totais","chemical_concentration":37.3,"source":"SIAGAS_MS_20260814","evidence_code":"E10"}},{"type":"Feature","geometry":{"type":"Point","coordinates":[-52.790277999999944,-18.944999999999936]},"properties":{"well_id":"3500072449","municipality":"Chapadão do Sul","aquifer":"Bauru","available_fields":"pH | TEMPERATURA | Solidos dissolvidos totais","available_count":3,"pH":6.94000006,"electrical_conductivity":null,"temperature":25.0,"chemical_parameter":"Solidos dissolvidos totais","chemical_concentration":10.0,"source":"SIAGAS_MS_20260814","evidence_code":"E10"}},{"type":"Feature","geometry":{"type":"Point","coordinates":[-53.69918599999994,-18.327818999999977]},"properties":{"well_id":"3500072447","municipality":"Alcinópolis","aquifer":"Botucatu","available_fields":"pH | Solidos dissolvidos totais","available_count":2,"pH":6.19999981,"electrical_conductivity":null,"temperature":null,"chemical_parameter":"Solidos dissolvidos totais","chemical_concentration":117.7,"source":"SIAGAS_MS_20260814","evidence_code":"E10"}},{"type":"Feature","geometry":{"type":"Point","coordinates":[-54.746077999999954,-22.220482999999945]},"properties":{"well_id":"3500072444","municipality":"Dourados","aquifer":"Serra geral","available_fields":"pH | CONDUTIVIDADE_ELETRICA | TEMPERATURA | Solidos dissolvidos totais","available_count":4,"pH":6.92000008,"electrical_conductivity":382.6,"temperature":24.0,"chemical_parameter":"Solidos dissolvidos totais","chemical_concentration":251.9,"source":"SIAGAS_MS_20260814","evidence_code":"E10"}},{"type":"Feature","geometry":{"type":"Point","coordinates":[-53.14921399999997,-20.32047499999993]},"properties":{"well_id":"3500072437","municipality":"Ribas do Rio Pardo","aquifer":"Bauru","available_fields":"pH | CONDUTIVIDADE_ELETRICA | TEMPERATURA | Solidos dissolvidos totais","available_count":4,"pH":6.9000001,"electrical_conductivity":98.7,"temperature":28.0,"chemical_parameter":"Solidos dissolvidos totais","chemical_concentration":110.0,"source":"SIAGAS_MS_20260814","evidence_code":"E10"}},{"type":"Feature","geometry":{"type":"Point","coordinates":[-51.17853299999996,-19.702124999999967]},"properties":{"well_id":"3500072409","municipality":"Paranaíba","aquifer":"Serra geral","available_fields":"pH | Solidos dissolvidos totais","available_count":2,"pH":6.63000011,"electrical_conductivity":null,"temperature":null,"chemical_parameter":"Solidos dissolvidos totais","chemical_concentration":82.0,"source":"SIAGAS_MS_20260814","evidence_code":"E10"}},{"type":"Feature","geometry":{"type":"Point","coordinates":[-51.06430799999998,-20.08622799999995]},"properties":{"well_id":"3500072405","municipality":"Aparecida do Taboado","aquifer":"Bauru","available_fields":"TEMPERATURA | Solidos dissolvidos totais","available_count":2,"pH":null,"electrical_conductivity":null,"temperature":25.0,"chemical_parameter":"Solidos dissolvidos totais","chemical_concentration":75.0,"source":"SIAGAS_MS_20260814","evidence_code":"E10"}},{"type":"Feature","geometry":{"type":"Point","coordinates":[-54.508943999999985,-21.919277999999963]},"properties":{"well_id":"3500072386","municipality":"Rio Brilhante","aquifer":"Serra geral","available_fields":"pH | TEMPERATURA | Solidos dissolvidos totais","available_count":3,"pH":6.69999981,"electrical_conductivity":null,"temperature":27.0,"chemical_parameter":"Solidos dissolvidos totais","chemical_concentration":53.4,"source":"SIAGAS_MS_20260814","evidence_code":"E10"}},{"type":"Feature","geometry":{"type":"Point","coordinates":[-55.62386099999998,-22.939796999999942]},"properties":{"well_id":"3500072372","municipality":"Aral Moreira","aquifer":"Serra geral","available_fields":"pH | Solidos dissolvidos totais","available_count":2,"pH":6.80000019,"electrical_conductivity":null,"temperature":null,"chemical_parameter":"Solidos dissolvidos totais","chemical_concentration":70.3,"source":"SIAGAS_MS_20260814","evidence_code":"E10"}},{"type":"Feature","geometry":{"type":"Point","coordinates":[-54.96540599999997,-20.89203299999997]},"properties":{"well_id":"3500072365","municipality":"Sidrolândia","aquifer":"Serra geral","available_fields":"pH | Solidos dissolvidos totais","available_count":2,"pH":6.88000011,"electrical_conductivity":null,"temperature":null,"chemical_parameter":"Solidos dissolvidos totais","chemical_concentration":126.0,"source":"SIAGAS_MS_20260814","evidence_code":"E10"}},{"type":"Feature","geometry":{"type":"Point","coordinates":[-54.759905999999944,-20.47968099999997]},"properties":{"well_id":"3500072313","municipality":"Campo Grande","aquifer":"Serra geral","available_fields":"pH | CONDUTIVIDADE_ELETRICA | TEMPERATURA | Solidos dissolvidos totais","available_count":4,"pH":7.4000001,"electrical_conductivity":67.0,"temperature":29.0,"chemical_parameter":"Solidos dissolvidos totais","chemical_concentration":81.0,"source":"SIAGAS_MS_20260814","evidence_code":"E10"}},{"type":"Feature","geometry":{"type":"Point","coordinates":[-54.60532499999994,-22.04094699999996]},"properties":{"well_id":"3500072307","municipality":"Douradina","aquifer":"Serra geral","available_fields":"pH | CONDUTIVIDADE_ELETRICA | TEMPERATURA | Solidos dissolvidos totais","available_count":4,"pH":7.15999985,"electrical_conductivity":128.0,"temperature":17.0,"chemical_parameter":"Solidos dissolvidos totais","chemical_concentration":83.0,"source":"SIAGAS_MS_20260814","evidence_code":"E10"}},{"type":"Feature","geometry":{"type":"Point","coordinates":[-52.84564199999994,-20.43845799999997]},"properties":{"well_id":"3500072305","municipality":"Água Clara","aquifer":"Bauru","available_fields":"pH | CONDUTIVIDADE_ELETRICA | TEMPERATURA | Solidos dissolvidos totais","available_count":4,"pH":7.0,"electrical_conductivity":38.0,"temperature":27.0,"chemical_parameter":"Solidos dissolvidos totais","chemical_concentration":78.0,"source":"SIAGAS_MS_20260814","evidence_code":"E10"}},{"type":"Feature","geometry":{"type":"Point","coordinates":[-56.07823899999994,-20.288018999999963]},"properties":{"well_id":"3500072200","municipality":"Aquidauana","aquifer":"Bauru","available_fields":"pH | Solidos dissolvidos totais","available_count":2,"pH":7.0,"electrical_conductivity":null,"temperature":null,"chemical_parameter":"Solidos dissolvidos totais","chemical_concentration":427.0,"source":"SIAGAS_MS_20260814","evidence_code":"E10"}},{"type":"Feature","geometry":{"type":"Point","coordinates":[-54.812216999999976,-20.486535999999944]},"properties":{"well_id":"3500072187","municipality":"Terenos","aquifer":"Botucatu","available_fields":"pH | CONDUTIVIDADE_ELETRICA | Solidos dissolvidos totais","available_count":3,"pH":7.13000011,"electrical_conductivity":191.2,"temperature":null,"chemical_parameter":"Solidos dissolvidos totais","chemical_concentration":108.0,"source":"SIAGAS_MS_20260814","evidence_code":"E10"}},{"type":"Feature","geometry":{"type":"Point","coordinates":[-55.51305599999995,-21.73333299999996]},"properties":{"well_id":"3500072159","municipality":"Maracaju","aquifer":"Botucatu","available_fields":"pH | Solidos dissolvidos totais","available_count":2,"pH":6.9000001,"electrical_conductivity":null,"temperature":null,"chemical_parameter":"Solidos dissolvidos totais","chemical_concentration":106.8,"source":"SIAGAS_MS_20260814","evidence_code":"E10"}},{"type":"Feature","geometry":{"type":"Point","coordinates":[-54.70888899999994,-21.51916699999998]},"properties":{"well_id":"3500072158","municipality":"Rio Brilhante","aquifer":"Botucatu","available_fields":"pH | CONDUTIVIDADE_ELETRICA | TEMPERATURA","available_count":3,"pH":8.34000015,"electrical_conductivity":62.5,"temperature":24.0,"chemical_parameter":"","chemical_concentration":null,"source":"SIAGAS_MS_20260814","evidence_code":"E10"}},{"type":"Feature","geometry":{"type":"Point","coordinates":[-54.407280999999955,-19.88266699999997]},"properties":{"well_id":"3500072146","municipality":"Bandeirantes","aquifer":"Serra geral","available_fields":"pH | CONDUTIVIDADE_ELETRICA | TEMPERATURA | Solidos dissolvidos totais","available_count":4,"pH":6.5999999,"electrical_conductivity":90.0,"temperature":24.0,"chemical_parameter":"Solidos dissolvidos totais","chemical_concentration":40.0,"source":"SIAGAS_MS_20260814","evidence_code":"E10"}},{"type":"Feature","geometry":{"type":"Point","coordinates":[-51.066513999999984,-20.085085999999933]},"properties":{"well_id":"3500072140","municipality":"Aparecida do Taboado","aquifer":"Serra geral","available_fields":"pH | CONDUTIVIDADE_ELETRICA | TEMPERATURA","available_count":3,"pH":6.4000001,"electrical_conductivity":64.0,"temperature":21.0,"chemical_parameter":"","chemical_concentration":null,"source":"SIAGAS_MS_20260814","evidence_code":"E10"}},{"type":"Feature","geometry":{"type":"Point","coordinates":[-54.925138999999945,-20.88668599999994]},"properties":{"well_id":"3500072123","municipality":"Sidrolândia","aquifer":"Serra geral","available_fields":"pH | CONDUTIVIDADE_ELETRICA | Solidos dissolvidos totais","available_count":3,"pH":6.75,"electrical_conductivity":171.0,"temperature":null,"chemical_parameter":"Solidos dissolvidos totais","chemical_concentration":166.0,"source":"SIAGAS_MS_20260814","evidence_code":"E10"}},{"type":"Feature","geometry":{"type":"Point","coordinates":[-54.559691999999984,-20.544805999999937]},"properties":{"well_id":"3500072059","municipality":"Campo Grande","aquifer":"Serra geral","available_fields":"pH | TEMPERATURA | Solidos dissolvidos totais","available_count":3,"pH":6.5999999,"electrical_conductivity":null,"temperature":21.0,"chemical_parameter":"Solidos dissolvidos totais","chemical_concentration":247.0,"source":"SIAGAS_MS_20260814","evidence_code":"E10"}},{"type":"Feature","geometry":{"type":"Point","coordinates":[-54.61499999999995,-20.514171999999974]},"properties":{"well_id":"3500072020","municipality":"Campo Grande","aquifer":"Botucatu","available_fields":"pH | CONDUTIVIDADE_ELETRICA | Solidos dissolvidos totais","available_count":3,"pH":7.63000011,"electrical_conductivity":112.8,"temperature":null,"chemical_parameter":"Solidos dissolvidos totais","chemical_concentration":69.0,"source":"SIAGAS_MS_20260814","evidence_code":"E10"}},{"type":"Feature","geometry":{"type":"Point","coordinates":[-53.883055999999954,-22.39199999999994]},"properties":{"well_id":"3500071871","municipality":"Ivinhema","aquifer":"Botucatu","available_fields":"pH | CONDUTIVIDADE_ELETRICA | TEMPERATURA | Solidos dissolvidos totais","available_count":4,"pH":7.69999981,"electrical_conductivity":484.0,"temperature":36.7999992,"chemical_parameter":"Solidos dissolvidos totais","chemical_concentration":249.0,"source":"SIAGAS_MS_20260814","evidence_code":"E10"}},{"type":"Feature","geometry":{"type":"Point","coordinates":[-52.19878899999998,-18.897055999999964]},"properties":{"well_id":"3500073017","municipality":"Cassilândia","aquifer":"Botucatu","available_fields":"pH | CONDUTIVIDADE_ELETRICA | TEMPERATURA | Solidos dissolvidos totais","available_count":4,"pH":7.96999979,"electrical_conductivity":74.9,"temperature":24.0,"chemical_parameter":"Solidos dissolvidos totais","chemical_concentration":99.0,"source":"SIAGAS_MS_20260814","evidence_code":"E10"}},{"type":"Feature","geometry":{"type":"Point","coordinates":[-52.488860999999986,-18.73399999999998]},"properties":{"well_id":"3500073015","municipality":"Chapadão do Sul","aquifer":"Bauru","available_fields":"pH | CONDUTIVIDADE_ELETRICA | TEMPERATURA | Solidos dissolvidos totais","available_count":4,"pH":6.0999999,"electrical_conductivity":3.5,"temperature":22.2000008,"chemical_parameter":"Solidos dissolvidos totais","chemical_concentration":43.0,"source":"SIAGAS_MS_20260814","evidence_code":"E10"}},{"type":"Feature","geometry":{"type":"Point","coordinates":[-52.475480999999945,-18.728655999999944]},"properties":{"well_id":"3500073013","municipality":"Chapadão do Sul","aquifer":"Bauru","available_fields":"pH | CONDUTIVIDADE_ELETRICA | TEMPERATURA | Solidos dissolvidos totais","available_count":4,"pH":6.0999999,"electrical_conductivity":4.9,"temperature":21.2999992,"chemical_parameter":"Solidos dissolvidos totais","chemical_concentration":43.0,"source":"SIAGAS_MS_20260814","evidence_code":"E10"}},{"type":"Feature","geometry":{"type":"Point","coordinates":[-54.813927999999976,-22.226763999999946]},"properties":{"well_id":"3500073037","municipality":"Dourados","aquifer":"Serra geral","available_fields":"pH | CONDUTIVIDADE_ELETRICA | TEMPERATURA | Solidos dissolvidos totais","available_count":4,"pH":6.5,"electrical_conductivity":74.74,"temperature":24.2999992,"chemical_parameter":"Solidos dissolvidos totais","chemical_concentration":48.58,"source":"SIAGAS_MS_20260814","evidence_code":"E10"}},{"type":"Feature","geometry":{"type":"Point","coordinates":[-52.16206699999998,-21.445543999999927]},"properties":{"well_id":"3500073034","municipality":"Brasilândia","aquifer":"Bauru","available_fields":"pH | CONDUTIVIDADE_ELETRICA | TEMPERATURA | Solidos dissolvidos totais","available_count":4,"pH":7.5999999,"electrical_conductivity":62.9,"temperature":23.6000004,"chemical_parameter":"Solidos dissolvidos totais","chemical_concentration":30.0,"source":"SIAGAS_MS_20260814","evidence_code":"E10"}},{"type":"Feature","geometry":{"type":"Point","coordinates":[-54.60196899999994,-20.51018899999997]},"properties":{"well_id":"3500073030","municipality":"Campo Grande","aquifer":"Serra geral","available_fields":"pH | CONDUTIVIDADE_ELETRICA | TEMPERATURA | Solidos dissolvidos totais","available_count":4,"pH":6.9000001,"electrical_conductivity":1.12,"temperature":26.0,"chemical_parameter":"Solidos dissolvidos totais","chemical_concentration":138.0,"source":"SIAGAS_MS_20260814","evidence_code":"E10"}},{"type":"Feature","geometry":{"type":"Point","coordinates":[-54.60651399999995,-20.447041999999954]},"properties":{"well_id":"3500073063","municipality":"Campo Grande","aquifer":"Serra geral","available_fields":"pH | CONDUTIVIDADE_ELETRICA | TEMPERATURA | Solidos dissolvidos totais","available_count":4,"pH":7.36999989,"electrical_conductivity":212.1,"temperature":29.7000008,"chemical_parameter":"Solidos dissolvidos totais","chemical_concentration":172.0,"source":"SIAGAS_MS_20260814","evidence_code":"E10"}},{"type":"Feature","geometry":{"type":"Point","coordinates":[-53.194166999999936,-18.157666999999947]},"properties":{"well_id":"3500073060","municipality":"Costa Rica","aquifer":"Bauru","available_fields":"pH | CONDUTIVIDADE_ELETRICA | TEMPERATURA","available_count":3,"pH":5.80000019,"electrical_conductivity":1.05,"temperature":27.0,"chemical_parameter":"","chemical_concentration":null,"source":"SIAGAS_MS_20260814","evidence_code":"E10"}},{"type":"Feature","geometry":{"type":"Point","coordinates":[-51.67618299999998,-20.736855999999932]},"properties":{"well_id":"3500073055","municipality":"Três Lagoas","aquifer":"Serra geral","available_fields":"pH | CONDUTIVIDADE_ELETRICA | TEMPERATURA | Solidos dissolvidos totais","available_count":4,"pH":7.0,"electrical_conductivity":82.8,"temperature":24.0,"chemical_parameter":"Solidos dissolvidos totais","chemical_concentration":24.0,"source":"SIAGAS_MS_20260814","evidence_code":"E10"}},{"type":"Feature","geometry":{"type":"Point","coordinates":[-51.128457999999966,-19.959152999999958]},"properties":{"well_id":"3500073051","municipality":"Aparecida do Taboado","aquifer":"Bauru","available_fields":"pH | CONDUTIVIDADE_ELETRICA | TEMPERATURA | Solidos dissolvidos totais","available_count":4,"pH":7.5,"electrical_conductivity":47.0,"temperature":24.0,"chemical_parameter":"Solidos dissolvidos totais","chemical_concentration":18.0,"source":"SIAGAS_MS_20260814","evidence_code":"E10"}},{"type":"Feature","geometry":{"type":"Point","coordinates":[-55.233713999999964,-20.843924999999956]},"properties":{"well_id":"3500073096","municipality":"Dois Irmãos do Buriti","aquifer":"Serra geral","available_fields":"pH | CONDUTIVIDADE_ELETRICA | TEMPERATURA | Solidos dissolvidos totais","available_count":4,"pH":6.69999981,"electrical_conductivity":110.0,"temperature":26.0,"chemical_parameter":"Solidos dissolvidos totais","chemical_concentration":40.0,"source":"SIAGAS_MS_20260814","evidence_code":"E10"}},{"type":"Feature","geometry":{"type":"Point","coordinates":[-54.975124999999935,-22.91435599999994]},"properties":{"well_id":"3500073119","municipality":"Laguna Carapã","aquifer":"Serra geral","available_fields":"pH | CONDUTIVIDADE_ELETRICA | TEMPERATURA | Solidos dissolvidos totais","available_count":4,"pH":6.42999983,"electrical_conductivity":51.9,"temperature":22.0,"chemical_parameter":"Solidos dissolvidos totais","chemical_concentration":85.0,"source":"SIAGAS_MS_20260814","evidence_code":"E10"}},{"type":"Feature","geometry":{"type":"Point","coordinates":[-54.570363999999984,-20.48503599999998]},"properties":{"well_id":"3500073117","municipality":"Campo Grande","aquifer":"Serra geral","available_fields":"pH | CONDUTIVIDADE_ELETRICA | TEMPERATURA | Solidos dissolvidos totais","available_count":4,"pH":7.80000019,"electrical_conductivity":233.0,"temperature":26.0,"chemical_parameter":"Solidos dissolvidos totais","chemical_concentration":180.0,"source":"SIAGAS_MS_20260814","evidence_code":"E10"}},{"type":"Feature","geometry":{"type":"Point","coordinates":[-53.82038899999998,-20.23787199999998]},"properties":{"well_id":"3500073111","municipality":"Ribas do Rio Pardo","aquifer":"Serra geral","available_fields":"pH | CONDUTIVIDADE_ELETRICA | Solidos dissolvidos totais","available_count":3,"pH":5.59000015,"electrical_conductivity":11.64,"temperature":null,"chemical_parameter":"Solidos dissolvidos totais","chemical_concentration":39.0,"source":"SIAGAS_MS_20260814","evidence_code":"E10"}},{"type":"Feature","geometry":{"type":"Point","coordinates":[-52.87941099999995,-20.644477999999935]},"properties":{"well_id":"3500073132","municipality":"Brasilândia","aquifer":"Bauru","available_fields":"pH | CONDUTIVIDADE_ELETRICA | TEMPERATURA | Solidos dissolvidos totais","available_count":4,"pH":6.0999999,"electrical_conductivity":22.0,"temperature":27.0,"chemical_parameter":"Solidos dissolvidos totais","chemical_concentration":48.0,"source":"SIAGAS_MS_20260814","evidence_code":"E10"}},{"type":"Feature","geometry":{"type":"Point","coordinates":[-51.12491099999994,-19.956882999999948]},"properties":{"well_id":"3500073130","municipality":"Aparecida do Taboado","aquifer":"Bauru","available_fields":"pH | CONDUTIVIDADE_ELETRICA | TEMPERATURA | Solidos dissolvidos totais","available_count":4,"pH":7.0,"electrical_conductivity":39.0,"temperature":25.0,"chemical_parameter":"Solidos dissolvidos totais","chemical_concentration":13.0,"source":"SIAGAS_MS_20260814","evidence_code":"E10"}},{"type":"Feature","geometry":{"type":"Point","coordinates":[-54.62388899999996,-20.43999999999994]},"properties":{"well_id":"3500073169","municipality":"Campo Grande","aquifer":"Serra geral","available_fields":"pH | CONDUTIVIDADE_ELETRICA | TEMPERATURA | Solidos dissolvidos totais","available_count":4,"pH":6.51999998,"electrical_conductivity":193.9,"temperature":28.0,"chemical_parameter":"Solidos dissolvidos totais","chemical_concentration":296.0,"source":"SIAGAS_MS_20260814","evidence_code":"E10"}},{"type":"Feature","geometry":{"type":"Point","coordinates":[-54.55034999999998,-20.38727199999994]},"properties":{"well_id":"3500073193","municipality":"Campo Grande","aquifer":"Serra geral","available_fields":"CONDUTIVIDADE_ELETRICA | Solidos dissolvidos totais","available_count":2,"pH":null,"electrical_conductivity":160.0,"temperature":null,"chemical_parameter":"Solidos dissolvidos totais","chemical_concentration":305.0,"source":"SIAGAS_MS_20260814","evidence_code":"E10"}},{"type":"Feature","geometry":{"type":"Point","coordinates":[-54.842874999999935,-22.215552999999943]},"properties":{"well_id":"3500073199","municipality":"Dourados","aquifer":"Serra geral","available_fields":"pH | CONDUTIVIDADE_ELETRICA | TEMPERATURA | Solidos dissolvidos totais","available_count":4,"pH":7.0999999,"electrical_conductivity":163.8,"temperature":24.3999996,"chemical_parameter":"Solidos dissolvidos totais","chemical_concentration":140.9,"source":"SIAGAS_MS_20260814","evidence_code":"E10"}},{"type":"Feature","geometry":{"type":"Point","coordinates":[-54.426405999999986,-19.623918999999944]},"properties":{"well_id":"3500073258","municipality":"Bandeirantes","aquifer":"Bauru","available_fields":"pH | CONDUTIVIDADE_ELETRICA | TEMPERATURA | Solidos dissolvidos totais","available_count":4,"pH":6.69999981,"electrical_conductivity":70.0,"temperature":24.0,"chemical_parameter":"Solidos dissolvidos totais","chemical_concentration":30.0,"source":"SIAGAS_MS_20260814","evidence_code":"E10"}},{"type":"Feature","geometry":{"type":"Point","coordinates":[-55.205555999999945,-22.11833299999995]},"properties":{"well_id":"3500073281","municipality":"Dourados","aquifer":"Bauru","available_fields":"pH | CONDUTIVIDADE_ELETRICA | TEMPERATURA | Solidos dissolvidos totais","available_count":4,"pH":6.0999999,"electrical_conductivity":17.7,"temperature":23.0,"chemical_parameter":"Solidos dissolvidos totais","chemical_concentration":11.35,"source":"SIAGAS_MS_20260814","evidence_code":"E10"}},{"type":"Feature","geometry":{"type":"Point","coordinates":[-54.77633899999995,-22.222013999999945]},"properties":{"well_id":"3500073287","municipality":"Dourados","aquifer":"Serra geral","available_fields":"pH | CONDUTIVIDADE_ELETRICA | TEMPERATURA | Solidos dissolvidos totais","available_count":4,"pH":5.5,"electrical_conductivity":147.1,"temperature":26.0,"chemical_parameter":"Solidos dissolvidos totais","chemical_concentration":95.6,"source":"SIAGAS_MS_20260814","evidence_code":"E10"}},{"type":"Feature","geometry":{"type":"Point","coordinates":[-54.62469699999997,-20.423982999999964]},"properties":{"well_id":"3500073317","municipality":"Campo Grande","aquifer":"Serra geral","available_fields":"pH | CONDUTIVIDADE_ELETRICA | TEMPERATURA | Solidos dissolvidos totais","available_count":4,"pH":7.19999981,"electrical_conductivity":195.8,"temperature":28.1000004,"chemical_parameter":"Solidos dissolvidos totais","chemical_concentration":182.0,"source":"SIAGAS_MS_20260814","evidence_code":"E10"}},{"type":"Feature","geometry":{"type":"Point","coordinates":[-52.83519699999994,-20.14673099999993]},"properties":{"well_id":"3500073316","municipality":"Água Clara","aquifer":"Bauru","available_fields":"pH | CONDUTIVIDADE_ELETRICA | TEMPERATURA | Solidos dissolvidos totais","available_count":4,"pH":6.5,"electrical_conductivity":121.6,"temperature":29.0,"chemical_parameter":"Solidos dissolvidos totais","chemical_concentration":73.0,"source":"SIAGAS_MS_20260814","evidence_code":"E10"}},{"type":"Feature","geometry":{"type":"Point","coordinates":[-54.62511099999995,-19.283555999999976]},"properties":{"well_id":"3500073311","municipality":"São Gabriel do Oeste","aquifer":"Botucatu","available_fields":"pH | CONDUTIVIDADE_ELETRICA | TEMPERATURA | Solidos dissolvidos totais","available_count":4,"pH":6.0999999,"electrical_conductivity":0.2,"temperature":24.0,"chemical_parameter":"Solidos dissolvidos totais","chemical_concentration":0.5,"source":"SIAGAS_MS_20260814","evidence_code":"E10"}},{"type":"Feature","geometry":{"type":"Point","coordinates":[-54.77956899999998,-22.829185999999936]},"properties":{"well_id":"3500073342","municipality":"Caarapó","aquifer":"Serra geral","available_fields":"pH | CONDUTIVIDADE_ELETRICA | TEMPERATURA | Solidos dissolvidos totais","available_count":4,"pH":7.36999989,"electrical_conductivity":135.2,"temperature":24.0,"chemical_parameter":"Solidos dissolvidos totais","chemical_concentration":87.88,"source":"SIAGAS_MS_20260814","evidence_code":"E10"}},{"type":"Feature","geometry":{"type":"Point","coordinates":[-54.989499999999964,-22.49570799999998]},"properties":{"well_id":"3500073339","municipality":"Caarapó","aquifer":"Serra geral","available_fields":"pH | CONDUTIVIDADE_ELETRICA | TEMPERATURA | Solidos dissolvidos totais","available_count":4,"pH":6.07999992,"electrical_conductivity":61.1,"temperature":23.5,"chemical_parameter":"Solidos dissolvidos totais","chemical_concentration":39.7,"source":"SIAGAS_MS_20260814","evidence_code":"E10"}},{"type":"Feature","geometry":{"type":"Point","coordinates":[-53.79838599999994,-22.355443999999977]},"properties":{"well_id":"3500073336","municipality":"Ivinhema","aquifer":"Bauru","available_fields":"pH | CONDUTIVIDADE_ELETRICA | TEMPERATURA | Solidos dissolvidos totais","available_count":4,"pH":6.05999994,"electrical_conductivity":37.82,"temperature":23.0,"chemical_parameter":"Solidos dissolvidos totais","chemical_concentration":24.58,"source":"SIAGAS_MS_20260814","evidence_code":"E10"}},{"type":"Feature","geometry":{"type":"Point","coordinates":[-55.15922199999994,-21.986527999999964]},"properties":{"well_id":"3500073328","municipality":"Dourados","aquifer":"Bauru","available_fields":"pH | TEMPERATURA | Solidos dissolvidos totais","available_count":3,"pH":6.07000017,"electrical_conductivity":null,"temperature":24.1000004,"chemical_parameter":"Solidos dissolvidos totais","chemical_concentration":29.11,"source":"SIAGAS_MS_20260814","evidence_code":"E10"}},{"type":"Feature","geometry":{"type":"Point","coordinates":[-52.83547199999998,-21.311121999999955]},"properties":{"well_id":"3500073364","municipality":"Santa Rita do Pardo","aquifer":"Bauru","available_fields":"pH | CONDUTIVIDADE_ELETRICA | Solidos dissolvidos totais","available_count":3,"pH":7.25,"electrical_conductivity":108.4,"temperature":null,"chemical_parameter":"Solidos dissolvidos totais","chemical_concentration":123.0,"source":"SIAGAS_MS_20260814","evidence_code":"E10"}},{"type":"Feature","geometry":{"type":"Point","coordinates":[-52.03642199999996,-21.28396399999997]},"properties":{"well_id":"3500073363","municipality":"Brasilândia","aquifer":"Bauru","available_fields":"pH | CONDUTIVIDADE_ELETRICA | TEMPERATURA | Solidos dissolvidos totais","available_count":4,"pH":7.19999981,"electrical_conductivity":18.6,"temperature":23.0,"chemical_parameter":"Solidos dissolvidos totais","chemical_concentration":13.0,"source":"SIAGAS_MS_20260814","evidence_code":"E10"}},{"type":"Feature","geometry":{"type":"Point","coordinates":[-51.66457799999995,-20.77483899999993]},"properties":{"well_id":"3500073362","municipality":"Três Lagoas","aquifer":"Serra geral","available_fields":"pH | CONDUTIVIDADE_ELETRICA | Solidos dissolvidos totais","available_count":3,"pH":7.30000019,"electrical_conductivity":144.8,"temperature":null,"chemical_parameter":"Solidos dissolvidos totais","chemical_concentration":70.0,"source":"SIAGAS_MS_20260814","evidence_code":"E10"}},{"type":"Feature","geometry":{"type":"Point","coordinates":[-51.11583099999996,-19.927321999999947]},"properties":{"well_id":"3500073352","municipality":"Aparecida do Taboado","aquifer":"Bauru","available_fields":"pH | CONDUTIVIDADE_ELETRICA | TEMPERATURA | Solidos dissolvidos totais","available_count":4,"pH":6.5,"electrical_conductivity":81.0,"temperature":23.0,"chemical_parameter":"Solidos dissolvidos totais","chemical_concentration":19.0,"source":"SIAGAS_MS_20260814","evidence_code":"E10"}},{"type":"Feature","geometry":{"type":"Point","coordinates":[-54.81199699999996,-19.920785999999964]},"properties":{"well_id":"3500073351","municipality":"Rochedo","aquifer":"Botucatu","available_fields":"pH | CONDUTIVIDADE_ELETRICA | TEMPERATURA | Solidos dissolvidos totais","available_count":4,"pH":5.4000001,"electrical_conductivity":24.58,"temperature":25.0,"chemical_parameter":"Solidos dissolvidos totais","chemical_concentration":19.15,"source":"SIAGAS_MS_20260814","evidence_code":"E10"}},{"type":"Feature","geometry":{"type":"Point","coordinates":[-54.591057999999975,-20.505777999999964]},"properties":{"well_id":"3500073384","municipality":"Campo Grande","aquifer":"Serra geral","available_fields":"pH | CONDUTIVIDADE_ELETRICA | TEMPERATURA | Solidos dissolvidos totais","available_count":4,"pH":6.76000023,"electrical_conductivity":217.9,"temperature":22.0,"chemical_parameter":"Solidos dissolvidos totais","chemical_concentration":242.0,"source":"SIAGAS_MS_20260814","evidence_code":"E10"}},{"type":"Feature","geometry":{"type":"Point","coordinates":[-54.98079999999993,-20.260366999999974]},"properties":{"well_id":"3500073379","municipality":"Terenos","aquifer":"Botucatu","available_fields":"pH | CONDUTIVIDADE_ELETRICA | TEMPERATURA | Solidos dissolvidos totais","available_count":4,"pH":5.80000019,"electrical_conductivity":20.0,"temperature":19.0,"chemical_parameter":"Solidos dissolvidos totais","chemical_concentration":10.0,"source":"SIAGAS_MS_20260814","evidence_code":"E10"}},{"type":"Feature","geometry":{"type":"Point","coordinates":[-55.01738899999998,-19.958332999999982]},"properties":{"well_id":"3500073377","municipality":"Corguinho","aquifer":"Botucatu","available_fields":"pH | CONDUTIVIDADE_ELETRICA | TEMPERATURA | Solidos dissolvidos totais","available_count":4,"pH":5.51999998,"electrical_conductivity":10.9,"temperature":27.3999996,"chemical_parameter":"Solidos dissolvidos totais","chemical_concentration":28.0,"source":"SIAGAS_MS_20260814","evidence_code":"E10"}},{"type":"Feature","geometry":{"type":"Point","coordinates":[-54.57306399999993,-19.273049999999955]},"properties":{"well_id":"3500073375","municipality":"São Gabriel do Oeste","aquifer":"Botucatu","available_fields":"pH | CONDUTIVIDADE_ELETRICA | TEMPERATURA","available_count":3,"pH":5.55999994,"electrical_conductivity":8.52,"temperature":24.0,"chemical_parameter":"","chemical_concentration":null,"source":"SIAGAS_MS_20260814","evidence_code":"E10"}},{"type":"Feature","geometry":{"type":"Point","coordinates":[-54.81226399999997,-22.226980999999967]},"properties":{"well_id":"3500073367","municipality":"Dourados","aquifer":"Serra geral","available_fields":"pH | CONDUTIVIDADE_ELETRICA | TEMPERATURA | Solidos dissolvidos totais","available_count":4,"pH":6.80000019,"electrical_conductivity":117.7,"temperature":22.0,"chemical_parameter":"Solidos dissolvidos totais","chemical_concentration":90.0,"source":"SIAGAS_MS_20260814","evidence_code":"E10"}},{"type":"Feature","geometry":{"type":"Point","coordinates":[-54.07483099999996,-23.50404999999995]},"properties":{"well_id":"3500073391","municipality":"Itaquiraí","aquifer":"Bauru","available_fields":"pH | CONDUTIVIDADE_ELETRICA | TEMPERATURA | Solidos dissolvidos totais","available_count":4,"pH":6.71999979,"electrical_conductivity":4.5,"temperature":24.0,"chemical_parameter":"Solidos dissolvidos totais","chemical_concentration":8.0,"source":"SIAGAS_MS_20260814","evidence_code":"E10"}},{"type":"Feature","geometry":{"type":"Point","coordinates":[-53.69643099999996,-22.10252799999995]},"properties":{"well_id":"3500073388","municipality":"Angélica","aquifer":"Bauru","available_fields":"pH | CONDUTIVIDADE_ELETRICA | TEMPERATURA | Solidos dissolvidos totais","available_count":4,"pH":7.11000013,"electrical_conductivity":82.7,"temperature":26.0,"chemical_parameter":"Solidos dissolvidos totais","chemical_concentration":151.0,"source":"SIAGAS_MS_20260814","evidence_code":"E10"}},{"type":"Feature","geometry":{"type":"Point","coordinates":[-53.38481099999996,-22.279852999999946]},"properties":{"well_id":"3500073396","municipality":"Nova Andradina","aquifer":"Bauru","available_fields":"pH | CONDUTIVIDADE_ELETRICA | TEMPERATURA | Solidos dissolvidos totais","available_count":4,"pH":5.98999977,"electrical_conductivity":34.5,"temperature":23.0,"chemical_parameter":"Solidos dissolvidos totais","chemical_concentration":208.0,"source":"SIAGAS_MS_20260814","evidence_code":"E10"}},{"type":"Feature","geometry":{"type":"Point","coordinates":[-54.73451699999998,-22.229127999999946]},"properties":{"well_id":"3500073430","municipality":"Dourados","aquifer":"Serra geral","available_fields":"pH | CONDUTIVIDADE_ELETRICA | TEMPERATURA | Solidos dissolvidos totais","available_count":4,"pH":7.26999998,"electrical_conductivity":243.4,"temperature":24.0,"chemical_parameter":"Solidos dissolvidos totais","chemical_concentration":143.04,"source":"SIAGAS_MS_20260814","evidence_code":"E10"}},{"type":"Feature","geometry":{"type":"Point","coordinates":[-54.53277799999995,-20.468888999999933]},"properties":{"well_id":"3500073455","municipality":"Campo Grande","aquifer":"Serra geral","available_fields":"pH | TEMPERATURA | Solidos dissolvidos totais","available_count":3,"pH":5.19999981,"electrical_conductivity":null,"temperature":25.0,"chemical_parameter":"Solidos dissolvidos totais","chemical_concentration":34.0,"source":"SIAGAS_MS_20260814","evidence_code":"E10"}},{"type":"Feature","geometry":{"type":"Point","coordinates":[-50.99481899999995,-19.415421999999978]},"properties":{"well_id":"3500073469","municipality":"Paranaíba","aquifer":"Bauru","available_fields":"pH | CONDUTIVIDADE_ELETRICA | TEMPERATURA | Solidos dissolvidos totais","available_count":4,"pH":7.76000023,"electrical_conductivity":172.6,"temperature":28.1000004,"chemical_parameter":"Solidos dissolvidos totais","chemical_concentration":12.0,"source":"SIAGAS_MS_20260814","evidence_code":"E10"}},{"type":"Feature","geometry":{"type":"Point","coordinates":[-54.805841999999984,-22.21795599999996]},"properties":{"well_id":"3500073485","municipality":"Dourados","aquifer":"Serra geral","available_fields":"pH | CONDUTIVIDADE_ELETRICA | TEMPERATURA | Solidos dissolvidos totais","available_count":4,"pH":7.30000019,"electrical_conductivity":210.0,"temperature":26.0,"chemical_parameter":"Solidos dissolvidos totais","chemical_concentration":101.0,"source":"SIAGAS_MS_20260814","evidence_code":"E10"}},{"type":"Feature","geometry":{"type":"Point","coordinates":[-55.71595599999995,-22.55083099999996]},"properties":{"well_id":"3500073487","municipality":"Ponta Porã","aquifer":"Serra geral","available_fields":"pH | CONDUTIVIDADE_ELETRICA | TEMPERATURA | Solidos dissolvidos totais","available_count":4,"pH":7.5999999,"electrical_conductivity":294.8,"temperature":23.0,"chemical_parameter":"Solidos dissolvidos totais","chemical_concentration":154.0,"source":"SIAGAS_MS_20260814","evidence_code":"E10"}},{"type":"Feature","geometry":{"type":"Point","coordinates":[-53.81649999999996,-23.069110999999964]},"properties":{"well_id":"3500073507","municipality":"Naviraí","aquifer":"Bauru","available_fields":"pH | CONDUTIVIDADE_ELETRICA | TEMPERATURA | Solidos dissolvidos totais","available_count":4,"pH":5.4000001,"electrical_conductivity":16.78,"temperature":22.0,"chemical_parameter":"Solidos dissolvidos totais","chemical_concentration":10.9,"source":"SIAGAS_MS_20260814","evidence_code":"E10"}},{"type":"Feature","geometry":{"type":"Point","coordinates":[-54.32105599999994,-23.961649999999963]},"properties":{"well_id":"3500073504","municipality":"Mundo Novo","aquifer":"Bauru","available_fields":"pH | TEMPERATURA | Solidos dissolvidos totais","available_count":3,"pH":7.13999987,"electrical_conductivity":null,"temperature":24.0,"chemical_parameter":"Solidos dissolvidos totais","chemical_concentration":20.0,"source":"SIAGAS_MS_20260814","evidence_code":"E10"}},{"type":"Feature","geometry":{"type":"Point","coordinates":[-54.38071099999996,-20.32053899999994]},"properties":{"well_id":"3500073523","municipality":"Jaraguari","aquifer":"Bauru","available_fields":"pH | CONDUTIVIDADE_ELETRICA | TEMPERATURA | Solidos dissolvidos totais","available_count":4,"pH":6.19999981,"electrical_conductivity":15.49,"temperature":24.0,"chemical_parameter":"Solidos dissolvidos totais","chemical_concentration":19.15,"source":"SIAGAS_MS_20260814","evidence_code":"E10"}},{"type":"Feature","geometry":{"type":"Point","coordinates":[-54.72121899999996,-20.478580999999963]},"properties":{"well_id":"3500073531","municipality":"Campo Grande","aquifer":"Serra geral","available_fields":"pH | TEMPERATURA | Solidos dissolvidos totais","available_count":3,"pH":6.65999985,"electrical_conductivity":null,"temperature":22.0,"chemical_parameter":"Solidos dissolvidos totais","chemical_concentration":32.0,"source":"SIAGAS_MS_20260814","evidence_code":"E10"}},{"type":"Feature","geometry":{"type":"Point","coordinates":[-51.84361099999995,-20.986388999999974]},"properties":{"well_id":"3500045657","municipality":"Três Lagoas","aquifer":"Bauru","available_fields":"pH | TEMPERATURA | TURBIDEZ | Solidos dissolvidos totais","available_count":4,"pH":6.30000019,"electrical_conductivity":null,"temperature":26.0,"chemical_parameter":"Solidos dissolvidos totais","chemical_concentration":21.45,"source":"SIAGAS_MS_20260814","evidence_code":"E10"}},{"type":"Feature","geometry":{"type":"Point","coordinates":[-57.06447499999996,-21.99834199999998]},"properties":{"well_id":"3500072575","municipality":"Caracol","aquifer":"","available_fields":"pH | CONDUTIVIDADE_ELETRICA | TEMPERATURA | Solidos dissolvidos totais","available_count":4,"pH":8.10000038,"electrical_conductivity":546.0,"temperature":22.0,"chemical_parameter":"Solidos dissolvidos totais","chemical_concentration":273.0,"source":"SIAGAS_MS_20260814","evidence_code":"E10"}},{"type":"Feature","geometry":{"type":"Point","coordinates":[-54.50444399999998,-20.434166999999945]},"properties":{"well_id":"3500045696","municipality":"Campo Grande","aquifer":"","available_fields":"pH | CONDUTIVIDADE_ELETRICA | TURBIDEZ","available_count":3,"pH":4.69999981,"electrical_conductivity":7.23,"temperature":null,"chemical_parameter":"","chemical_concentration":null,"source":"SIAGAS_MS_20260814","evidence_code":"E10"}},{"type":"Feature","geometry":{"type":"Point","coordinates":[-56.77258899999998,-20.57963099999995]},"properties":{"well_id":"3500073360","municipality":"Bodoquena","aquifer":"","available_fields":"pH | CONDUTIVIDADE_ELETRICA | TEMPERATURA | Solidos dissolvidos totais","available_count":4,"pH":7.07000017,"electrical_conductivity":633.8,"temperature":23.0,"chemical_parameter":"Solidos dissolvidos totais","chemical_concentration":428.0,"source":"SIAGAS_MS_20260814","evidence_code":"E10"}},{"type":"Feature","geometry":{"type":"Point","coordinates":[-54.04249999999996,-19.517499999999927]},"properties":{"well_id":"3500072439","municipality":"Camapuã","aquifer":"","available_fields":"pH | Solidos dissolvidos totais","available_count":2,"pH":7.69999981,"electrical_conductivity":null,"temperature":null,"chemical_parameter":"Solidos dissolvidos totais","chemical_concentration":232.5,"source":"SIAGAS_MS_20260814","evidence_code":"E10"}},{"type":"Feature","geometry":{"type":"Point","coordinates":[-54.79808899999995,-19.12869699999993]},"properties":{"well_id":"3500072435","municipality":"Rio Verde de Mato Grosso","aquifer":"","available_fields":"pH | CONDUTIVIDADE_ELETRICA | TEMPERATURA","available_count":3,"pH":5.5,"electrical_conductivity":30.62,"temperature":24.0,"chemical_parameter":"","chemical_concentration":null,"source":"SIAGAS_MS_20260814","evidence_code":"E10"}},{"type":"Feature","geometry":{"type":"Point","coordinates":[-56.478749999999934,-21.134830999999963]},"properties":{"well_id":"3500073081","municipality":"Bonito","aquifer":"","available_fields":"pH | CONDUTIVIDADE_ELETRICA | TEMPERATURA | Solidos dissolvidos totais","available_count":4,"pH":7.88999987,"electrical_conductivity":435.0,"temperature":23.7000008,"chemical_parameter":"Solidos dissolvidos totais","chemical_concentration":330.0,"source":"SIAGAS_MS_20260814","evidence_code":"E10"}},{"type":"Feature","geometry":{"type":"Point","coordinates":[-54.530321999999956,-20.476343999999926]},"properties":{"well_id":"3500073197","municipality":"Campo Grande","aquifer":"","available_fields":"pH | TEMPERATURA | Solidos dissolvidos totais","available_count":3,"pH":5.19999981,"electrical_conductivity":null,"temperature":25.0,"chemical_parameter":"Solidos dissolvidos totais","chemical_concentration":35.0,"source":"SIAGAS_MS_20260814","evidence_code":"E10"}},{"type":"Feature","geometry":{"type":"Point","coordinates":[-56.23943899999995,-21.988346999999976]},"properties":{"well_id":"3500073128","municipality":"Bela Vista","aquifer":"","available_fields":"pH | CONDUTIVIDADE_ELETRICA | TEMPERATURA | Solidos dissolvidos totais","available_count":4,"pH":5.80000019,"electrical_conductivity":56.8,"temperature":26.5,"chemical_parameter":"Solidos dissolvidos totais","chemical_concentration":9.0,"source":"SIAGAS_MS_20260814","evidence_code":"E10"}},{"type":"Feature","geometry":{"type":"Point","coordinates":[-54.22210299999995,-22.36154199999993]},"properties":{"well_id":"3500073771","municipality":"Glória de Dourados","aquifer":"","available_fields":"pH | TEMPERATURA | Solidos dissolvidos totais","available_count":3,"pH":5.51000023,"electrical_conductivity":null,"temperature":18.0,"chemical_parameter":"Solidos dissolvidos totais","chemical_concentration":84.5,"source":"SIAGAS_MS_20260814","evidence_code":"E10"}},{"type":"Feature","geometry":{"type":"Point","coordinates":[-54.120721999999944,-22.502110999999957]},"properties":{"well_id":"3500073580","municipality":"Glória de Dourados","aquifer":"","available_fields":"pH | CONDUTIVIDADE_ELETRICA | TEMPERATURA | Solidos dissolvidos totais","available_count":4,"pH":5.13999987,"electrical_conductivity":12.2,"temperature":23.0,"chemical_parameter":"Solidos dissolvidos totais","chemical_concentration":5.0,"source":"SIAGAS_MS_20260814","evidence_code":"E10"}},{"type":"Feature","geometry":{"type":"Point","coordinates":[-56.470249999999965,-20.101666999999964]},"properties":{"well_id":"3500073459","municipality":"Miranda","aquifer":"","available_fields":"pH | CONDUTIVIDADE_ELETRICA | TEMPERATURA | Solidos dissolvidos totais","available_count":4,"pH":7.03000021,"electrical_conductivity":1057.0,"temperature":20.0,"chemical_parameter":"Solidos dissolvidos totais","chemical_concentration":436.0,"source":"SIAGAS_MS_20260814","evidence_code":"E10"}},{"type":"Feature","geometry":{"type":"Point","coordinates":[-56.11936099999997,-21.456305999999927]},"properties":{"well_id":"3500073127","municipality":"Guia Lopes da Laguna","aquifer":"","available_fields":"pH | CONDUTIVIDADE_ELETRICA | TEMPERATURA | Solidos dissolvidos totais","available_count":4,"pH":7.46000004,"electrical_conductivity":414.0,"temperature":26.7999992,"chemical_parameter":"Solidos dissolvidos totais","chemical_concentration":298.0,"source":"SIAGAS_MS_20260814","evidence_code":"E10"}},{"type":"Feature","geometry":{"type":"Point","coordinates":[-54.158046999999954,-22.47140799999994]},"properties":{"well_id":"3500073675","municipality":"Glória de Dourados","aquifer":"","available_fields":"pH | CONDUTIVIDADE_ELETRICA | Solidos dissolvidos totais","available_count":3,"pH":5.84000015,"electrical_conductivity":43.73,"temperature":null,"chemical_parameter":"Solidos dissolvidos totais","chemical_concentration":28.0,"source":"SIAGAS_MS_20260814","evidence_code":"E10"}},{"type":"Feature","geometry":{"type":"Point","coordinates":[-55.15777699999995,-21.621110999999928]},"properties":{"well_id":"3500022860","municipality":"Maracaju","aquifer":"Guarani","available_fields":"pH | CONDUTIVIDADE_ELETRICA | TEMPERATURA | Solidos dissolvidos totais","available_count":4,"pH":7.9000001,"electrical_conductivity":156.0,"temperature":27.0,"chemical_parameter":"Solidos dissolvidos totais","chemical_concentration":125.62,"source":"SIAGAS_MS_20260814","evidence_code":"E10"}},{"type":"Feature","geometry":{"type":"Point","coordinates":[-54.865276999999935,-22.498332999999946]},"properties":{"well_id":"3500022868","municipality":"Caarapó","aquifer":"Guarani","available_fields":"pH | CONDUTIVIDADE_ELETRICA | TEMPERATURA | Solidos dissolvidos totais","available_count":4,"pH":6.78999996,"electrical_conductivity":157.6,"temperature":25.2999992,"chemical_parameter":"Solidos dissolvidos totais","chemical_concentration":159.92,"source":"SIAGAS_MS_20260814","evidence_code":"E10"}},{"type":"Feature","geometry":{"type":"Point","coordinates":[-53.96880299999998,-17.59832199999994]},"properties":{"well_id":"3500071770","municipality":"Sonora","aquifer":"Guarani","available_fields":"pH | CONDUTIVIDADE_ELETRICA | TEMPERATURA","available_count":3,"pH":6.4000001,"electrical_conductivity":10.0,"temperature":24.0,"chemical_parameter":"","chemical_concentration":null,"source":"SIAGAS_MS_20260814","evidence_code":"E10"}},{"type":"Feature","geometry":{"type":"Point","coordinates":[-53.984130999999934,-23.020835999999974]},"properties":{"well_id":"3500071767","municipality":"Naviraí","aquifer":"Serra geral","available_fields":"pH | CONDUTIVIDADE_ELETRICA | TEMPERATURA","available_count":3,"pH":7.03999996,"electrical_conductivity":237.0,"temperature":24.0,"chemical_parameter":"","chemical_concentration":null,"source":"SIAGAS_MS_20260814","evidence_code":"E10"}},{"type":"Feature","geometry":{"type":"Point","coordinates":[-55.29962199999994,-21.389299999999935]},"properties":{"well_id":"3500071746","municipality":"Maracaju","aquifer":"Serra geral","available_fields":"pH | CONDUTIVIDADE_ELETRICA | TEMPERATURA","available_count":3,"pH":7.23000002,"electrical_conductivity":122.7,"temperature":25.0,"chemical_parameter":"","chemical_concentration":null,"source":"SIAGAS_MS_20260814","evidence_code":"E10"}},{"type":"Feature","geometry":{"type":"Point","coordinates":[-54.06519999999995,-22.009157999999957]},"properties":{"well_id":"3500071727","municipality":"Angélica","aquifer":"Serra geral","available_fields":"pH | CONDUTIVIDADE_ELETRICA | TEMPERATURA","available_count":3,"pH":6.4000001,"electrical_conductivity":1.0,"temperature":26.0,"chemical_parameter":"","chemical_concentration":null,"source":"SIAGAS_MS_20260814","evidence_code":"E10"}},{"type":"Feature","geometry":{"type":"Point","coordinates":[-54.72181699999993,-20.51376099999993]},"properties":{"well_id":"3500071693","municipality":"Campo Grande","aquifer":"Serra geral","available_fields":"pH | CONDUTIVIDADE_ELETRICA","available_count":2,"pH":6.82000017,"electrical_conductivity":39.89,"temperature":null,"chemical_parameter":"","chemical_concentration":null,"source":"SIAGAS_MS_20260814","evidence_code":"E10"}},{"type":"Feature","geometry":{"type":"Point","coordinates":[-53.05328599999996,-18.796455999999978]},"properties":{"well_id":"3500071640","municipality":"Costa Rica","aquifer":"Serra geral","available_fields":"pH | CONDUTIVIDADE_ELETRICA | TEMPERATURA","available_count":3,"pH":6.01000023,"electrical_conductivity":8.49,"temperature":29.0,"chemical_parameter":"","chemical_concentration":null,"source":"SIAGAS_MS_20260814","evidence_code":"E10"}},{"type":"Feature","geometry":{"type":"Point","coordinates":[-54.377238999999975,-23.002163999999937]},"properties":{"well_id":"3500071585","municipality":"Naviraí","aquifer":"Bauru_Caiua","available_fields":"pH | TEMPERATURA","available_count":2,"pH":5.73000002,"electrical_conductivity":null,"temperature":23.0,"chemical_parameter":"","chemical_concentration":null,"source":"SIAGAS_MS_20260814","evidence_code":"E10"}},{"type":"Feature","geometry":{"type":"Point","coordinates":[-54.66956399999998,-20.401305999999977]},"properties":{"well_id":"3500071571","municipality":"Campo Grande","aquifer":"Guarani","available_fields":"pH | TEMPERATURA","available_count":2,"pH":6.94999981,"electrical_conductivity":null,"temperature":29.2000008,"chemical_parameter":"","chemical_concentration":null,"source":"SIAGAS_MS_20260814","evidence_code":"E10"}},{"type":"Feature","geometry":{"type":"Point","coordinates":[-54.75021399999997,-20.785518999999965]},"properties":{"well_id":"3500071546","municipality":"Sidrolândia","aquifer":"Serra geral","available_fields":"pH | TEMPERATURA","available_count":2,"pH":6.5,"electrical_conductivity":null,"temperature":27.0,"chemical_parameter":"","chemical_concentration":null,"source":"SIAGAS_MS_20260814","evidence_code":"E10"}},{"type":"Feature","geometry":{"type":"Point","coordinates":[-54.75457799999998,-17.59865599999995]},"properties":{"well_id":"3500071521","municipality":"Sonora","aquifer":"Furnas","available_fields":"pH | TEMPERATURA","available_count":2,"pH":4.92999983,"electrical_conductivity":null,"temperature":25.0,"chemical_parameter":"","chemical_concentration":null,"source":"SIAGAS_MS_20260814","evidence_code":"E10"}},{"type":"Feature","geometry":{"type":"Point","coordinates":[-55.114957999999945,-20.77095799999995]},"properties":{"well_id":"3500071488","municipality":"Sidrolândia","aquifer":"Serra geral","available_fields":"pH | CONDUTIVIDADE_ELETRICA | TEMPERATURA","available_count":3,"pH":7.17000008,"electrical_conductivity":107.79,"temperature":24.0,"chemical_parameter":"","chemical_concentration":null,"source":"SIAGAS_MS_20260814","evidence_code":"E10"}},{"type":"Feature","geometry":{"type":"Point","coordinates":[-51.72268299999996,-19.121227999999974]},"properties":{"well_id":"3500071460","municipality":"Cassilândia","aquifer":"Serra geral","available_fields":"pH | CONDUTIVIDADE_ELETRICA | TEMPERATURA","available_count":3,"pH":7.25,"electrical_conductivity":86.09,"temperature":23.0,"chemical_parameter":"","chemical_concentration":null,"source":"SIAGAS_MS_20260814","evidence_code":"E10"}},{"type":"Feature","geometry":{"type":"Point","coordinates":[-54.50588299999998,-20.98347499999994]},"properties":{"well_id":"3500071445","municipality":"Campo Grande","aquifer":"Serra geral","available_fields":"pH | CONDUTIVIDADE_ELETRICA | TEMPERATURA","available_count":3,"pH":6.9000001,"electrical_conductivity":79.0,"temperature":27.0,"chemical_parameter":"","chemical_concentration":null,"source":"SIAGAS_MS_20260814","evidence_code":"E10"}},{"type":"Feature","geometry":{"type":"Point","coordinates":[-53.76137199999994,-20.45651399999997]},"properties":{"well_id":"3500071314","municipality":"Ribas do Rio Pardo","aquifer":"Bauru_Caiua","available_fields":"pH | CONDUTIVIDADE_ELETRICA | TEMPERATURA","available_count":3,"pH":6.0,"electrical_conductivity":91.7,"temperature":21.0,"chemical_parameter":"","chemical_concentration":null,"source":"SIAGAS_MS_20260814","evidence_code":"E10"}},{"type":"Feature","geometry":{"type":"Point","coordinates":[-54.617643999999984,-20.453671999999926]},"properties":{"well_id":"3500071296","municipality":"Campo Grande","aquifer":"Serra geral","available_fields":"pH | CONDUTIVIDADE_ELETRICA | TEMPERATURA","available_count":3,"pH":7.53999996,"electrical_conductivity":254.0,"temperature":26.6000004,"chemical_parameter":"","chemical_concentration":null,"source":"SIAGAS_MS_20260814","evidence_code":"E10"}},{"type":"Feature","geometry":{"type":"Point","coordinates":[-54.231146999999964,-22.416907999999978]},"properties":{"well_id":"3500071201","municipality":"Glória de Dourados","aquifer":"Bauru_Caiua","available_fields":"pH | CONDUTIVIDADE_ELETRICA | TEMPERATURA","available_count":3,"pH":4.05999994,"electrical_conductivity":223.9,"temperature":24.0,"chemical_parameter":"","chemical_concentration":null,"source":"SIAGAS_MS_20260814","evidence_code":"E10"}},{"type":"Feature","geometry":{"type":"Point","coordinates":[-54.603749999999934,-21.84633299999996]},"properties":{"well_id":"3500071200","municipality":"Rio Brilhante","aquifer":"Serra geral","available_fields":"pH | CONDUTIVIDADE_ELETRICA | TEMPERATURA","available_count":3,"pH":6.63999987,"electrical_conductivity":70.82,"temperature":25.0,"chemical_parameter":"","chemical_concentration":null,"source":"SIAGAS_MS_20260814","evidence_code":"E10"}},{"type":"Feature","geometry":{"type":"Point","coordinates":[-54.657055999999955,-19.262332999999956]},"properties":{"well_id":"3500071176","municipality":"São Gabriel do Oeste","aquifer":"Bauru_Caiua","available_fields":"pH | CONDUTIVIDADE_ELETRICA","available_count":2,"pH":4.38999987,"electrical_conductivity":5.9,"temperature":null,"chemical_parameter":"","chemical_concentration":null,"source":"SIAGAS_MS_20260814","evidence_code":"E10"}},{"type":"Feature","geometry":{"type":"Point","coordinates":[-54.63551099999995,-20.49805299999997]},"properties":{"well_id":"3500071165","municipality":"Campo Grande","aquifer":"Serra geral","available_fields":"pH | TEMPERATURA","available_count":2,"pH":5.9000001,"electrical_conductivity":null,"temperature":26.0,"chemical_parameter":"","chemical_concentration":null,"source":"SIAGAS_MS_20260814","evidence_code":"E10"}},{"type":"Feature","geometry":{"type":"Point","coordinates":[-54.80737499999998,-22.259593999999936]},"properties":{"well_id":"3500071160","municipality":"Dourados","aquifer":"Serra geral","available_fields":"pH | CONDUTIVIDADE_ELETRICA | TEMPERATURA","available_count":3,"pH":7.9000001,"electrical_conductivity":340.0,"temperature":25.0,"chemical_parameter":"","chemical_concentration":null,"source":"SIAGAS_MS_20260814","evidence_code":"E10"}},{"type":"Feature","geometry":{"type":"Point","coordinates":[-52.26944699999996,-21.72420599999998]},"properties":{"well_id":"3500071119","municipality":"Bataguassu","aquifer":"Bauru_Caiua","available_fields":"pH | CONDUTIVIDADE_ELETRICA | TEMPERATURA","available_count":3,"pH":7.4000001,"electrical_conductivity":20.0,"temperature":30.0,"chemical_parameter":"","chemical_concentration":null,"source":"SIAGAS_MS_20260814","evidence_code":"E10"}},{"type":"Feature","geometry":{"type":"Point","coordinates":[-53.126468999999986,-18.553066999999942]},"properties":{"well_id":"3500071118","municipality":"Costa Rica","aquifer":"Guarani","available_fields":"pH | CONDUTIVIDADE_ELETRICA | TEMPERATURA","available_count":3,"pH":7.55999994,"electrical_conductivity":104.29,"temperature":25.0,"chemical_parameter":"","chemical_concentration":null,"source":"SIAGAS_MS_20260814","evidence_code":"E10"}},{"type":"Feature","geometry":{"type":"Point","coordinates":[-54.95631099999997,-20.92695599999996]},"properties":{"well_id":"3500071090","municipality":"Sidrolândia","aquifer":"Serra geral","available_fields":"pH | CONDUTIVIDADE_ELETRICA | TEMPERATURA","available_count":3,"pH":6.4000001,"electrical_conductivity":129.47,"temperature":26.0,"chemical_parameter":"","chemical_concentration":null,"source":"SIAGAS_MS_20260814","evidence_code":"E10"}},{"type":"Feature","geometry":{"type":"Point","coordinates":[-56.61461699999995,-20.08723599999996]},"properties":{"well_id":"3500071022","municipality":"Miranda","aquifer":"Não definido","available_fields":"pH | TEMPERATURA","available_count":2,"pH":7.4000001,"electrical_conductivity":null,"temperature":20.0,"chemical_parameter":"","chemical_concentration":null,"source":"SIAGAS_MS_20260814","evidence_code":"E10"}},{"type":"Feature","geometry":{"type":"Point","coordinates":[-51.66683599999993,-20.799007999999958]},"properties":{"well_id":"3500070997","municipality":"Três Lagoas","aquifer":"Serra geral","available_fields":"pH | CONDUTIVIDADE_ELETRICA | TEMPERATURA","available_count":3,"pH":4.9000001,"electrical_conductivity":43.6,"temperature":27.5,"chemical_parameter":"","chemical_concentration":null,"source":"SIAGAS_MS_20260814","evidence_code":"E10"}},{"type":"Feature","geometry":{"type":"Point","coordinates":[-54.52066899999994,-19.538827999999967]},"properties":{"well_id":"3500070880","municipality":"Bandeirantes","aquifer":"Guarani","available_fields":"pH | CONDUTIVIDADE_ELETRICA | TEMPERATURA","available_count":3,"pH":5.19999981,"electrical_conductivity":10.0,"temperature":24.0,"chemical_parameter":"","chemical_concentration":null,"source":"SIAGAS_MS_20260814","evidence_code":"E10"}},{"type":"Feature","geometry":{"type":"Point","coordinates":[-54.83493299999998,-22.35323599999998]},"properties":{"well_id":"3500070874","municipality":"Dourados","aquifer":"Serra geral","available_fields":"pH | CONDUTIVIDADE_ELETRICA","available_count":2,"pH":7.5999999,"electrical_conductivity":163.19,"temperature":null,"chemical_parameter":"","chemical_concentration":null,"source":"SIAGAS_MS_20260814","evidence_code":"E10"}},{"type":"Feature","geometry":{"type":"Point","coordinates":[-54.71199999999993,-21.958527999999944]},"properties":{"well_id":"3500070865","municipality":"Itaporã","aquifer":"Serra geral","available_fields":"pH | CONDUTIVIDADE_ELETRICA | TEMPERATURA","available_count":3,"pH":7.4000001,"electrical_conductivity":159.69,"temperature":25.0,"chemical_parameter":"","chemical_concentration":null,"source":"SIAGAS_MS_20260814","evidence_code":"E10"}},{"type":"Feature","geometry":{"type":"Point","coordinates":[-54.60950599999995,-20.51923299999993]},"properties":{"well_id":"3500070605","municipality":"Campo Grande","aquifer":"Guarani","available_fields":"pH | CONDUTIVIDADE_ELETRICA | TEMPERATURA","available_count":3,"pH":7.80000019,"electrical_conductivity":129.0,"temperature":32.0,"chemical_parameter":"","chemical_concentration":null,"source":"SIAGAS_MS_20260814","evidence_code":"E10"}},{"type":"Feature","geometry":{"type":"Point","coordinates":[-55.194902999999954,-23.095996999999954]},"properties":{"well_id":"3500070581","municipality":"Amambai","aquifer":"Serra geral","available_fields":"pH | CONDUTIVIDADE_ELETRICA","available_count":2,"pH":6.9000001,"electrical_conductivity":63.39,"temperature":null,"chemical_parameter":"","chemical_concentration":null,"source":"SIAGAS_MS_20260814","evidence_code":"E10"}},{"type":"Feature","geometry":{"type":"Point","coordinates":[-53.80594199999996,-22.284318999999982]},"properties":{"well_id":"3500069988","municipality":"Ivinhema","aquifer":"Bauru_Caiua","available_fields":"pH | CONDUTIVIDADE_ELETRICA | TEMPERATURA","available_count":3,"pH":6.69000006,"electrical_conductivity":56.0,"temperature":23.0,"chemical_parameter":"","chemical_concentration":null,"source":"SIAGAS_MS_20260814","evidence_code":"E10"}},{"type":"Feature","geometry":{"type":"Point","coordinates":[-52.47659399999998,-18.728363999999942]},"properties":{"well_id":"3500069826","municipality":"Chapadão do Sul","aquifer":"Bauru_Caiua","available_fields":"pH | CONDUTIVIDADE_ELETRICA | TEMPERATURA","available_count":3,"pH":6.0,"electrical_conductivity":8.69,"temperature":22.2999992,"chemical_parameter":"","chemical_concentration":null,"source":"SIAGAS_MS_20260814","evidence_code":"E10"}},{"type":"Feature","geometry":{"type":"Point","coordinates":[-55.06753299999997,-22.786377999999957]},"properties":{"well_id":"3500069484","municipality":"Laguna Carapã","aquifer":"Serra geral","available_fields":"pH | CONDUTIVIDADE_ELETRICA","available_count":2,"pH":6.71000004,"electrical_conductivity":100.4,"temperature":null,"chemical_parameter":"","chemical_concentration":null,"source":"SIAGAS_MS_20260814","evidence_code":"E10"}},{"type":"Feature","geometry":{"type":"Point","coordinates":[-53.76361099999997,-22.15027699999996]},"properties":{"well_id":"3500023170","municipality":"Angélica","aquifer":"","available_fields":"pH | TURBIDEZ","available_count":2,"pH":6.5,"electrical_conductivity":null,"temperature":null,"chemical_parameter":"","chemical_concentration":null,"source":"SIAGAS_MS_20260814","evidence_code":"E10"}},{"type":"Feature","geometry":{"type":"Point","coordinates":[-54.666943999999944,-20.497499999999945]},"properties":{"well_id":"3500045638","municipality":"Campo Grande","aquifer":"","available_fields":"pH | TURBIDEZ","available_count":2,"pH":6.69999981,"electrical_conductivity":null,"temperature":null,"chemical_parameter":"","chemical_concentration":null,"source":"SIAGAS_MS_20260814","evidence_code":"E10"}},{"type":"Feature","geometry":{"type":"Point","coordinates":[-56.25398599999994,-22.009660999999937]},"properties":{"well_id":"3500071756","municipality":"Bela Vista","aquifer":"","available_fields":"pH | CONDUTIVIDADE_ELETRICA | TEMPERATURA","available_count":3,"pH":5.80000019,"electrical_conductivity":57.6,"temperature":26.5,"chemical_parameter":"","chemical_concentration":null,"source":"SIAGAS_MS_20260814","evidence_code":"E10"}},{"type":"Feature","geometry":{"type":"Point","coordinates":[-55.42944399999993,-23.897221999999942]},"properties":{"well_id":"3500023350","municipality":"Paranhos","aquifer":"","available_fields":"pH | TURBIDEZ","available_count":2,"pH":5.4000001,"electrical_conductivity":null,"temperature":null,"chemical_parameter":"","chemical_concentration":null,"source":"SIAGAS_MS_20260814","evidence_code":"E10"}},{"type":"Feature","geometry":{"type":"Point","coordinates":[-54.59944399999995,-21.802221999999972]},"properties":{"well_id":"3500045637","municipality":"Rio Brilhante","aquifer":"","available_fields":"TEMPERATURA","available_count":1,"pH":null,"electrical_conductivity":null,"temperature":24.5,"chemical_parameter":"","chemical_concentration":null,"source":"SIAGAS_MS_20260814","evidence_code":"E10"}},{"type":"Feature","geometry":{"type":"Point","coordinates":[-54.57499999999993,-20.393888999999945]},"properties":{"well_id":"3500065102","municipality":"Campo Grande","aquifer":"Guarani","available_fields":"CONDUTIVIDADE_ELETRICA | TEMPERATURA | Solidos dissolvidos totais","available_count":3,"pH":null,"electrical_conductivity":192.1,"temperature":36.7999992,"chemical_parameter":"Solidos dissolvidos totais","chemical_concentration":147.59,"source":"SIAGAS_MS_20260814","evidence_code":"E10"}},{"type":"Feature","geometry":{"type":"Point","coordinates":[-54.66711099999998,-20.433821999999964]},"properties":{"well_id":"3500071028","municipality":"Campo Grande","aquifer":"Não definido","available_fields":"pH | CONDUTIVIDADE_ELETRICA | TEMPERATURA","available_count":3,"pH":7.9000001,"electrical_conductivity":100.0,"temperature":29.0,"chemical_parameter":"","chemical_concentration":null,"source":"SIAGAS_MS_20260814","evidence_code":"E10"}},{"type":"Feature","geometry":{"type":"Point","coordinates":[-54.23333299999996,-23.084165999999982]},"properties":{"well_id":"3500023048","municipality":"Naviraí","aquifer":"Guarani","available_fields":"pH | CONDUTIVIDADE_ELETRICA | TEMPERATURA | Solidos dissolvidos totais","available_count":4,"pH":8.64000034,"electrical_conductivity":307.0,"temperature":26.6000004,"chemical_parameter":"Solidos dissolvidos totais","chemical_concentration":383.11,"source":"SIAGAS_MS_20260814","evidence_code":"E10"}},{"type":"Feature","geometry":{"type":"Point","coordinates":[-54.54611099999994,-20.38777799999997]},"properties":{"well_id":"3500027098","municipality":"Campo Grande","aquifer":"Serra geral","available_fields":"pH | CONDUTIVIDADE_ELETRICA | TEMPERATURA | Solidos dissolvidos totais","available_count":4,"pH":7.28999996,"electrical_conductivity":127.2,"temperature":26.5,"chemical_parameter":"Solidos dissolvidos totais","chemical_concentration":210.0,"source":"SIAGAS_MS_20260814","evidence_code":"E10"}},{"type":"Feature","geometry":{"type":"Point","coordinates":[-54.613610999999935,-22.038332999999966]},"properties":{"well_id":"3500027030","municipality":"Douradina","aquifer":"Serra geral","available_fields":"pH | TEMPERATURA | TURBIDEZ | Solidos dissolvidos totais","available_count":4,"pH":5.78999996,"electrical_conductivity":null,"temperature":24.3999996,"chemical_parameter":"Solidos dissolvidos totais","chemical_concentration":147.2,"source":"SIAGAS_MS_20260814","evidence_code":"E10"}},{"type":"Feature","geometry":{"type":"Point","coordinates":[-53.12472199999996,-18.54388799999998]},"properties":{"well_id":"3500023339","municipality":"Costa Rica","aquifer":"Serra geral","available_fields":"pH | TURBIDEZ | Solidos dissolvidos totais","available_count":3,"pH":6.5,"electrical_conductivity":null,"temperature":null,"chemical_parameter":"Solidos dissolvidos totais","chemical_concentration":56.0,"source":"SIAGAS_MS_20260814","evidence_code":"E10"}},{"type":"Feature","geometry":{"type":"Point","coordinates":[-52.27694399999996,-21.673610999999937]},"properties":{"well_id":"3500045658","municipality":"Bataguassu","aquifer":"Caiua","available_fields":"pH | TURBIDEZ","available_count":2,"pH":7.07000017,"electrical_conductivity":null,"temperature":null,"chemical_parameter":"","chemical_concentration":null,"source":"SIAGAS_MS_20260814","evidence_code":"E10"}},{"type":"Feature","geometry":{"type":"Point","coordinates":[-55.81277799999998,-21.66027799999995]},"properties":{"well_id":"3500045667","municipality":"Maracaju","aquifer":"Serra geral","available_fields":"pH | TURBIDEZ","available_count":2,"pH":7.11000013,"electrical_conductivity":null,"temperature":null,"chemical_parameter":"","chemical_concentration":null,"source":"SIAGAS_MS_20260814","evidence_code":"E10"}},{"type":"Feature","geometry":{"type":"Point","coordinates":[-55.174721999999974,-21.60555599999998]},"properties":{"well_id":"3500045690","municipality":"Maracaju","aquifer":"Serra geral","available_fields":"pH | TEMPERATURA | TURBIDEZ","available_count":3,"pH":7.5999999,"electrical_conductivity":null,"temperature":24.6000004,"chemical_parameter":"","chemical_concentration":null,"source":"SIAGAS_MS_20260814","evidence_code":"E10"}},{"type":"Feature","geometry":{"type":"Point","coordinates":[-51.83472199999994,-20.978332999999964]},"properties":{"well_id":"3500045713","municipality":"Três Lagoas","aquifer":"Bauru","available_fields":"pH | CONDUTIVIDADE_ELETRICA | TEMPERATURA | TURBIDEZ","available_count":4,"pH":6.6500001,"electrical_conductivity":17.9,"temperature":29.0,"chemical_parameter":"","chemical_concentration":null,"source":"SIAGAS_MS_20260814","evidence_code":"E10"}},{"type":"Feature","geometry":{"type":"Point","coordinates":[-54.75055599999996,-20.484166999999957]},"properties":{"well_id":"3500065043","municipality":"Campo Grande","aquifer":"Guarani","available_fields":"pH | CONDUTIVIDADE_ELETRICA | Solidos dissolvidos totais","available_count":3,"pH":6.51999998,"electrical_conductivity":63.5,"temperature":null,"chemical_parameter":"Solidos dissolvidos totais","chemical_concentration":42.0,"source":"SIAGAS_MS_20260814","evidence_code":"E10"}},{"type":"Feature","geometry":{"type":"Point","coordinates":[-54.728332999999964,-20.47361099999995]},"properties":{"well_id":"3500065029","municipality":"Campo Grande","aquifer":"Serra geral","available_fields":"pH | CONDUTIVIDADE_ELETRICA | TEMPERATURA | Solidos dissolvidos totais","available_count":4,"pH":8.35999966,"electrical_conductivity":90.6,"temperature":26.0,"chemical_parameter":"Solidos dissolvidos totais","chemical_concentration":150.0,"source":"SIAGAS_MS_20260814","evidence_code":"E10"}},{"type":"Feature","geometry":{"type":"Point","coordinates":[-54.74222199999997,-20.39749999999998]},"properties":{"well_id":"3500065036","municipality":"Campo Grande","aquifer":"Serra geral","available_fields":"pH | CONDUTIVIDADE_ELETRICA | TEMPERATURA | Solidos dissolvidos totais","available_count":4,"pH":8.10000038,"electrical_conductivity":57.4,"temperature":27.0,"chemical_parameter":"Solidos dissolvidos totais","chemical_concentration":55.0,"source":"SIAGAS_MS_20260814","evidence_code":"E10"}},{"type":"Feature","geometry":{"type":"Point","coordinates":[-54.486666999999954,-22.141388999999947]},"properties":{"well_id":"3500065053","municipality":"Dourados","aquifer":"Serra geral","available_fields":"pH | TEMPERATURA | Solidos dissolvidos totais","available_count":3,"pH":8.19999981,"electrical_conductivity":null,"temperature":5.5,"chemical_parameter":"Solidos dissolvidos totais","chemical_concentration":160.4,"source":"SIAGAS_MS_20260814","evidence_code":"E10"}},{"type":"Feature","geometry":{"type":"Point","coordinates":[-55.73694399999994,-22.462499999999977]},"properties":{"well_id":"3500065066","municipality":"Ponta Porã","aquifer":"Serra geral","available_fields":"pH | CONDUTIVIDADE_ELETRICA | TEMPERATURA | Solidos dissolvidos totais","available_count":4,"pH":7.3499999,"electrical_conductivity":161.2,"temperature":23.8999996,"chemical_parameter":"Solidos dissolvidos totais","chemical_concentration":113.0,"source":"SIAGAS_MS_20260814","evidence_code":"E10"}},{"type":"Feature","geometry":{"type":"Point","coordinates":[-55.736388999999974,-22.463332999999977]},"properties":{"well_id":"3500065067","municipality":"Ponta Porã","aquifer":"Serra geral","available_fields":"pH | CONDUTIVIDADE_ELETRICA | TEMPERATURA | Solidos dissolvidos totais","available_count":4,"pH":7.15999985,"electrical_conductivity":142.1,"temperature":23.1000004,"chemical_parameter":"Solidos dissolvidos totais","chemical_concentration":94.0,"source":"SIAGAS_MS_20260814","evidence_code":"E10"}},{"type":"Feature","geometry":{"type":"Point","coordinates":[-53.358055999999976,-22.486388999999974]},"properties":{"well_id":"3500065075","municipality":"Taquarussu","aquifer":"Caiua","available_fields":"pH | Solidos dissolvidos totais","available_count":2,"pH":6.80000019,"electrical_conductivity":null,"temperature":null,"chemical_parameter":"Solidos dissolvidos totais","chemical_concentration":91.1,"source":"SIAGAS_MS_20260814","evidence_code":"E10"}},{"type":"Feature","geometry":{"type":"Point","coordinates":[-51.70666699999998,-20.787777999999946]},"properties":{"well_id":"3500065078","municipality":"Três Lagoas","aquifer":"Caiua","available_fields":"pH | TEMPERATURA | Solidos dissolvidos totais","available_count":3,"pH":6.0,"electrical_conductivity":null,"temperature":7.30000019,"chemical_parameter":"Solidos dissolvidos totais","chemical_concentration":82.9,"source":"SIAGAS_MS_20260814","evidence_code":"E10"}},{"type":"Feature","geometry":{"type":"Point","coordinates":[-51.728332999999964,-20.789721999999927]},"properties":{"well_id":"3500065081","municipality":"Três Lagoas","aquifer":"Caiua","available_fields":"pH | TEMPERATURA | Solidos dissolvidos totais","available_count":3,"pH":6.5,"electrical_conductivity":null,"temperature":8.10000038,"chemical_parameter":"Solidos dissolvidos totais","chemical_concentration":42.4,"source":"SIAGAS_MS_20260814","evidence_code":"E10"}},{"type":"Feature","geometry":{"type":"Point","coordinates":[-54.654443999999955,-20.654166999999973]},"properties":{"well_id":"3500065085","municipality":"Campo Grande","aquifer":"Serra geral","available_fields":"pH | CONDUTIVIDADE_ELETRICA | Solidos dissolvidos totais","available_count":3,"pH":7.5999999,"electrical_conductivity":90.0,"temperature":null,"chemical_parameter":"Solidos dissolvidos totais","chemical_concentration":91.0,"source":"SIAGAS_MS_20260814","evidence_code":"E10"}},{"type":"Feature","geometry":{"type":"Point","coordinates":[-54.590832999999975,-20.43861099999998]},"properties":{"well_id":"3500065086","municipality":"Campo Grande","aquifer":"Serra geral","available_fields":"pH | CONDUTIVIDADE_ELETRICA | Solidos dissolvidos totais","available_count":3,"pH":6.19999981,"electrical_conductivity":144.2,"temperature":null,"chemical_parameter":"Solidos dissolvidos totais","chemical_concentration":146.0,"source":"SIAGAS_MS_20260814","evidence_code":"E10"}},{"type":"Feature","geometry":{"type":"Point","coordinates":[-53.635832999999934,-18.685277999999983]},"properties":{"well_id":"3500065058","municipality":"Figueirão","aquifer":"Guarani","available_fields":"pH | TEMPERATURA | Solidos dissolvidos totais","available_count":3,"pH":7.19999981,"electrical_conductivity":null,"temperature":8.89999962,"chemical_parameter":"Solidos dissolvidos totais","chemical_concentration":106.2,"source":"SIAGAS_MS_20260814","evidence_code":"E10"}},{"type":"Feature","geometry":{"type":"Point","coordinates":[-55.51249999999993,-21.73277799999994]},"properties":{"well_id":"3500065064","municipality":"Maracaju","aquifer":"Guarani","available_fields":"pH | TEMPERATURA | Solidos dissolvidos totais","available_count":3,"pH":6.9000001,"electrical_conductivity":null,"temperature":5.80000019,"chemical_parameter":"Solidos dissolvidos totais","chemical_concentration":106.8,"source":"SIAGAS_MS_20260814","evidence_code":"E10"}},{"type":"Feature","geometry":{"type":"Point","coordinates":[-55.301110999999935,-20.63694399999997]},"properties":{"well_id":"3500065114","municipality":"Dois Irmãos do Buriti","aquifer":"Guarani","available_fields":"pH | CONDUTIVIDADE_ELETRICA | TEMPERATURA | Solidos dissolvidos totais","available_count":4,"pH":5.9000001,"electrical_conductivity":68.3,"temperature":26.3999996,"chemical_parameter":"Solidos dissolvidos totais","chemical_concentration":52.31,"source":"SIAGAS_MS_20260814","evidence_code":"E10"}},{"type":"Feature","geometry":{"type":"Point","coordinates":[-54.04777799999994,-19.51277799999997]},"properties":{"well_id":"3500065025","municipality":"Camapuã","aquifer":"Guarani","available_fields":"pH | Solidos dissolvidos totais","available_count":2,"pH":7.5999999,"electrical_conductivity":null,"temperature":null,"chemical_parameter":"Solidos dissolvidos totais","chemical_concentration":271.8,"source":"SIAGAS_MS_20260814","evidence_code":"E10"}},{"type":"Feature","geometry":{"type":"Point","coordinates":[-56.67194399999994,-20.55416699999995]},"properties":{"well_id":"3500065017","municipality":"Bodoquena","aquifer":"Cuiaba","available_fields":"pH | Solidos dissolvidos totais","available_count":2,"pH":7.5999999,"electrical_conductivity":null,"temperature":null,"chemical_parameter":"Solidos dissolvidos totais","chemical_concentration":485.6,"source":"SIAGAS_MS_20260814","evidence_code":"E10"}},{"type":"Feature","geometry":{"type":"Point","coordinates":[-54.59833299999997,-20.421388999999976]},"properties":{"well_id":"3500065026","municipality":"Campo Grande","aquifer":"Serra geral","available_fields":"pH | CONDUTIVIDADE_ELETRICA | TEMPERATURA | Solidos dissolvidos totais","available_count":4,"pH":6.17999983,"electrical_conductivity":212.0,"temperature":25.0,"chemical_parameter":"Solidos dissolvidos totais","chemical_concentration":260.0,"source":"SIAGAS_MS_20260814","evidence_code":"E10"}},{"type":"Feature","geometry":{"type":"Point","coordinates":[-53.36888899999997,-22.07416699999993]},"properties":{"well_id":"3500034023","municipality":"Nova Andradina","aquifer":"Caiua","available_fields":"pH | CONDUTIVIDADE_ELETRICA | TURBIDEZ","available_count":3,"pH":4.8499999,"electrical_conductivity":9.2,"temperature":null,"chemical_parameter":"","chemical_concentration":null,"source":"SIAGAS_MS_20260814","evidence_code":"E10"}},{"type":"Feature","geometry":{"type":"Point","coordinates":[-53.01424999999995,-18.892105999999956]},"properties":{"well_id":"3500068745","municipality":"Paraíso das Águas","aquifer":"Bauru","available_fields":"pH | CONDUTIVIDADE_ELETRICA | TURBIDEZ","available_count":3,"pH":5.94000006,"electrical_conductivity":37.0,"temperature":null,"chemical_parameter":"","chemical_concentration":null,"source":"SIAGAS_MS_20260814","evidence_code":"E10"}},{"type":"Feature","geometry":{"type":"Point","coordinates":[-54.28233299999994,-22.915724999999952]},"properties":{"well_id":"3500068741","municipality":"Naviraí","aquifer":"Bauru","available_fields":"pH | CONDUTIVIDADE_ELETRICA | TURBIDEZ","available_count":3,"pH":5.57000017,"electrical_conductivity":19.4,"temperature":null,"chemical_parameter":"","chemical_concentration":null,"source":"SIAGAS_MS_20260814","evidence_code":"E10"}},{"type":"Feature","geometry":{"type":"Point","coordinates":[-55.953332999999986,-22.192776999999978]},"properties":{"well_id":"3500023164","municipality":"Antônio João","aquifer":"Serra geral","available_fields":"pH | TEMPERATURA | TURBIDEZ","available_count":3,"pH":7.30000019,"electrical_conductivity":null,"temperature":24.0,"chemical_parameter":"","chemical_concentration":null,"source":"SIAGAS_MS_20260814","evidence_code":"E10"}},{"type":"Feature","geometry":{"type":"Point","coordinates":[-54.24916699999994,-21.589721999999938]},"properties":{"well_id":"3500026948","municipality":"Nova Alvorada do Sul","aquifer":"Serra geral","available_fields":"pH | CONDUTIVIDADE_ELETRICA | TURBIDEZ","available_count":3,"pH":6.63999987,"electrical_conductivity":100.0,"temperature":null,"chemical_parameter":"","chemical_concentration":null,"source":"SIAGAS_MS_20260814","evidence_code":"E10"}},{"type":"Feature","geometry":{"type":"Point","coordinates":[-54.49222199999997,-21.890277999999967]},"properties":{"well_id":"3500026976","municipality":"Rio Brilhante","aquifer":"Serra geral","available_fields":"pH | TEMPERATURA | TURBIDEZ","available_count":3,"pH":7.05000019,"electrical_conductivity":null,"temperature":24.5,"chemical_parameter":"","chemical_concentration":null,"source":"SIAGAS_MS_20260814","evidence_code":"E10"}},{"type":"Feature","geometry":{"type":"Point","coordinates":[-55.01388899999995,-22.829999999999927]},"properties":{"well_id":"3500026992","municipality":"Laguna Carapã","aquifer":"Serra geral","available_fields":"pH | TURBIDEZ","available_count":2,"pH":7.80000019,"electrical_conductivity":null,"temperature":null,"chemical_parameter":"","chemical_concentration":null,"source":"SIAGAS_MS_20260814","evidence_code":"E10"}},{"type":"Feature","geometry":{"type":"Point","coordinates":[-51.102777999999944,-20.059443999999928]},"properties":{"well_id":"3500027000","municipality":"Aparecida do Taboado","aquifer":"Caiua","available_fields":"pH | TEMPERATURA | TURBIDEZ","available_count":3,"pH":6.5999999,"electrical_conductivity":null,"temperature":20.0,"chemical_parameter":"","chemical_concentration":null,"source":"SIAGAS_MS_20260814","evidence_code":"E10"}},{"type":"Feature","geometry":{"type":"Point","coordinates":[-54.65055599999994,-22.208055999999942]},"properties":{"well_id":"3500027047","municipality":"Dourados","aquifer":"Serra geral","available_fields":"pH | TURBIDEZ | Solidos dissolvidos totais","available_count":3,"pH":7.30000019,"electrical_conductivity":null,"temperature":null,"chemical_parameter":"Solidos dissolvidos totais","chemical_concentration":201.9,"source":"SIAGAS_MS_20260814","evidence_code":"E10"}},{"type":"Feature","geometry":{"type":"Point","coordinates":[-53.59722199999993,-22.383055999999954]},"properties":{"well_id":"3500027109","municipality":"Ivinhema","aquifer":"Caiua","available_fields":"pH | TURBIDEZ | Solidos dissolvidos totais","available_count":3,"pH":5.5999999,"electrical_conductivity":null,"temperature":null,"chemical_parameter":"Solidos dissolvidos totais","chemical_concentration":22.0,"source":"SIAGAS_MS_20260814","evidence_code":"E10"}},{"type":"Feature","geometry":{"type":"Point","coordinates":[-54.184999999999945,-23.034999999999968]},"properties":{"well_id":"3500027111","municipality":"Naviraí","aquifer":"Caiua","available_fields":"pH | CONDUTIVIDADE_ELETRICA | TEMPERATURA | TURBIDEZ","available_count":4,"pH":6.5999999,"electrical_conductivity":16.8,"temperature":29.0,"chemical_parameter":"","chemical_concentration":null,"source":"SIAGAS_MS_20260814","evidence_code":"E10"}},{"type":"Feature","geometry":{"type":"Point","coordinates":[-55.17916699999995,-20.437221999999963]},"properties":{"well_id":"3500027128","municipality":"Terenos","aquifer":"Serra geral","available_fields":"pH | TURBIDEZ","available_count":2,"pH":6.82999992,"electrical_conductivity":null,"temperature":null,"chemical_parameter":"","chemical_concentration":null,"source":"SIAGAS_MS_20260814","evidence_code":"E10"}},{"type":"Feature","geometry":{"type":"Point","coordinates":[-54.166943999999944,-22.289999999999964]},"properties":{"well_id":"3500027138","municipality":"Deodápolis","aquifer":"Caiua","available_fields":"pH | TEMPERATURA | TURBIDEZ | Solidos dissolvidos totais","available_count":4,"pH":6.73999977,"electrical_conductivity":null,"temperature":3.20000005,"chemical_parameter":"Solidos dissolvidos totais","chemical_concentration":103.2,"source":"SIAGAS_MS_20260814","evidence_code":"E10"}},{"type":"Feature","geometry":{"type":"Point","coordinates":[-54.46194399999996,-22.49055599999997]},"properties":{"well_id":"3500027196","municipality":"Vicentina","aquifer":"Serra geral","available_fields":"pH | TEMPERATURA | TURBIDEZ | Solidos dissolvidos totais","available_count":4,"pH":7.55000019,"electrical_conductivity":null,"temperature":4.4000001,"chemical_parameter":"Solidos dissolvidos totais","chemical_concentration":101.8,"source":"SIAGAS_MS_20260814","evidence_code":"E10"}},{"type":"Feature","geometry":{"type":"Point","coordinates":[-54.621388999999965,-18.43944399999998]},"properties":{"well_id":"3500027278","municipality":"Coxim","aquifer":"Ponta grossa","available_fields":"pH | Solidos dissolvidos totais","available_count":2,"pH":5.19999981,"electrical_conductivity":null,"temperature":null,"chemical_parameter":"Solidos dissolvidos totais","chemical_concentration":16.8,"source":"SIAGAS_MS_20260814","evidence_code":"E10"}},{"type":"Feature","geometry":{"type":"Point","coordinates":[-54.21861099999995,-22.41111099999995]},"properties":{"well_id":"3500027289","municipality":"Glória de Dourados","aquifer":"Serra geral","available_fields":"pH | TEMPERATURA | TURBIDEZ","available_count":3,"pH":8.15999985,"electrical_conductivity":null,"temperature":8.0,"chemical_parameter":"","chemical_concentration":null,"source":"SIAGAS_MS_20260814","evidence_code":"E10"}},{"type":"Feature","geometry":{"type":"Point","coordinates":[-54.22055599999993,-22.41138899999993]},"properties":{"well_id":"3500027291","municipality":"Glória de Dourados","aquifer":"Serra geral","available_fields":"pH | TEMPERATURA | TURBIDEZ","available_count":3,"pH":7.30000019,"electrical_conductivity":null,"temperature":8.0,"chemical_parameter":"","chemical_concentration":null,"source":"SIAGAS_MS_20260814","evidence_code":"E10"}},{"type":"Feature","geometry":{"type":"Point","coordinates":[-54.96749999999997,-20.94777799999997]},"properties":{"well_id":"3500027317","municipality":"Sidrolândia","aquifer":"Serra geral","available_fields":"pH | CONDUTIVIDADE_ELETRICA | TEMPERATURA | TURBIDEZ","available_count":4,"pH":5.9000001,"electrical_conductivity":6.2,"temperature":25.0,"chemical_parameter":"","chemical_concentration":null,"source":"SIAGAS_MS_20260814","evidence_code":"E10"}},{"type":"Feature","geometry":{"type":"Point","coordinates":[-52.475277999999946,-21.744721999999967]},"properties":{"well_id":"3500053097","municipality":"Bataguassu","aquifer":"Caiua","available_fields":"TURBIDEZ","available_count":1,"pH":null,"electrical_conductivity":null,"temperature":null,"chemical_parameter":"","chemical_concentration":null,"source":"SIAGAS_MS_20260814","evidence_code":"E10"}},{"type":"Feature","geometry":{"type":"Point","coordinates":[-52.71749999999997,-22.17972199999997]},"properties":{"well_id":"3500023182","municipality":"Anaurilândia","aquifer":"Caiua","available_fields":"pH | TURBIDEZ","available_count":2,"pH":6.0,"electrical_conductivity":null,"temperature":null,"chemical_parameter":"","chemical_concentration":null,"source":"SIAGAS_MS_20260814","evidence_code":"E10"}},{"type":"Feature","geometry":{"type":"Point","coordinates":[-51.194443999999976,-19.678610999999933]},"properties":{"well_id":"3500023321","municipality":"Paranaíba","aquifer":"Serra geral","available_fields":"pH | TURBIDEZ","available_count":2,"pH":7.5,"electrical_conductivity":null,"temperature":null,"chemical_parameter":"","chemical_concentration":null,"source":"SIAGAS_MS_20260814","evidence_code":"E10"}},{"type":"Feature","geometry":{"type":"Point","coordinates":[-52.31166699999994,-20.893610999999964]},"properties":{"well_id":"3500045672","municipality":"Três Lagoas","aquifer":"Bauru","available_fields":"pH","available_count":1,"pH":6.17999983,"electrical_conductivity":null,"temperature":null,"chemical_parameter":"","chemical_concentration":null,"source":"SIAGAS_MS_20260814","evidence_code":"E10"}},{"type":"Feature","geometry":{"type":"Point","coordinates":[-54.94984999999997,-20.947713999999962]},"properties":{"well_id":"3500073564","municipality":"Sidrolândia","aquifer":"Serra geral","available_fields":"pH | TEMPERATURA | Solidos dissolvidos totais","available_count":3,"pH":6.19999981,"electrical_conductivity":null,"temperature":25.0,"chemical_parameter":"Solidos dissolvidos totais","chemical_concentration":115.0,"source":"SIAGAS_MS_20260814","evidence_code":"E10"}},{"type":"Feature","geometry":{"type":"Point","coordinates":[-53.37114999999994,-22.280932999999948]},"properties":{"well_id":"3500073571","municipality":"Nova Andradina","aquifer":"Bauru","available_fields":"pH | TEMPERATURA | Solidos dissolvidos totais","available_count":3,"pH":6.5,"electrical_conductivity":null,"temperature":27.0,"chemical_parameter":"Solidos dissolvidos totais","chemical_concentration":392.0,"source":"SIAGAS_MS_20260814","evidence_code":"E10"}},{"type":"Feature","geometry":{"type":"Point","coordinates":[-54.58525799999995,-20.465330999999935]},"properties":{"well_id":"3500073569","municipality":"Campo Grande","aquifer":"Serra geral","available_fields":"pH | TEMPERATURA | Solidos dissolvidos totais","available_count":3,"pH":6.15999985,"electrical_conductivity":null,"temperature":27.2999992,"chemical_parameter":"Solidos dissolvidos totais","chemical_concentration":79.0,"source":"SIAGAS_MS_20260814","evidence_code":"E10"}},{"type":"Feature","geometry":{"type":"Point","coordinates":[-54.87190799999996,-21.90090799999996]},"properties":{"well_id":"3500073593","municipality":"Itaporã","aquifer":"Serra geral","available_fields":"pH | CONDUTIVIDADE_ELETRICA | TEMPERATURA | Solidos dissolvidos totais","available_count":4,"pH":6.61000013,"electrical_conductivity":65.93,"temperature":23.0,"chemical_parameter":"Solidos dissolvidos totais","chemical_concentration":42.85,"source":"SIAGAS_MS_20260814","evidence_code":"E10"}},{"type":"Feature","geometry":{"type":"Point","coordinates":[-54.29626399999995,-22.439274999999952]},"properties":{"well_id":"3500073600","municipality":"Glória de Dourados","aquifer":"Bauru","available_fields":"pH | CONDUTIVIDADE_ELETRICA | TEMPERATURA | Solidos dissolvidos totais","available_count":4,"pH":6.30000019,"electrical_conductivity":90.3,"temperature":22.0,"chemical_parameter":"Solidos dissolvidos totais","chemical_concentration":56.5,"source":"SIAGAS_MS_20260814","evidence_code":"E10"}},{"type":"Feature","geometry":{"type":"Point","coordinates":[-51.87722199999996,-20.798888999999974]},"properties":{"well_id":"3500045625","municipality":"Três Lagoas","aquifer":"Caiua","available_fields":"pH | TEMPERATURA | TURBIDEZ | Solidos dissolvidos totais","available_count":4,"pH":5.80000019,"electrical_conductivity":null,"temperature":20.0,"chemical_parameter":"Solidos dissolvidos totais","chemical_concentration":68.0,"source":"SIAGAS_MS_20260814","evidence_code":"E10"}},{"type":"Feature","geometry":{"type":"Point","coordinates":[-54.66728299999994,-20.44523099999998]},"properties":{"well_id":"3500073623","municipality":"Campo Grande","aquifer":"Botucatu","available_fields":"pH | CONDUTIVIDADE_ELETRICA | TEMPERATURA | Solidos dissolvidos totais","available_count":4,"pH":7.69999981,"electrical_conductivity":118.0,"temperature":26.0,"chemical_parameter":"Solidos dissolvidos totais","chemical_concentration":118.0,"source":"SIAGAS_MS_20260814","evidence_code":"E10"}},{"type":"Feature","geometry":{"type":"Point","coordinates":[-54.79705599999994,-22.227055999999948]},"properties":{"well_id":"3500073653","municipality":"Dourados","aquifer":"Serra geral","available_fields":"pH | CONDUTIVIDADE_ELETRICA | TEMPERATURA | Solidos dissolvidos totais","available_count":4,"pH":5.8499999,"electrical_conductivity":178.1,"temperature":23.0,"chemical_parameter":"Solidos dissolvidos totais","chemical_concentration":115.76,"source":"SIAGAS_MS_20260814","evidence_code":"E10"}},{"type":"Feature","geometry":{"type":"Point","coordinates":[-54.23123599999997,-23.056307999999945]},"properties":{"well_id":"3500073678","municipality":"Naviraí","aquifer":"Bauru","available_fields":"pH | CONDUTIVIDADE_ELETRICA | TEMPERATURA | Solidos dissolvidos totais","available_count":4,"pH":6.19999981,"electrical_conductivity":22.0,"temperature":23.0,"chemical_parameter":"Solidos dissolvidos totais","chemical_concentration":11.0,"source":"SIAGAS_MS_20260814","evidence_code":"E10"}},{"type":"Feature","geometry":{"type":"Point","coordinates":[-54.083999999999946,-22.504177999999968]},"properties":{"well_id":"3500073686","municipality":"Glória de Dourados","aquifer":"Bauru","available_fields":"pH | CONDUTIVIDADE_ELETRICA | TEMPERATURA | Solidos dissolvidos totais","available_count":4,"pH":6.25,"electrical_conductivity":35.21,"temperature":23.0,"chemical_parameter":"Solidos dissolvidos totais","chemical_concentration":22.88,"source":"SIAGAS_MS_20260814","evidence_code":"E10"}},{"type":"Feature","geometry":{"type":"Point","coordinates":[-54.14503899999994,-23.49848899999995]},"properties":{"well_id":"3500073692","municipality":"Itaquiraí","aquifer":"Bauru","available_fields":"pH | CONDUTIVIDADE_ELETRICA | TEMPERATURA | Solidos dissolvidos totais","available_count":4,"pH":6.13000011,"electrical_conductivity":34.13,"temperature":24.7000008,"chemical_parameter":"Solidos dissolvidos totais","chemical_concentration":9.0,"source":"SIAGAS_MS_20260814","evidence_code":"E10"}},{"type":"Feature","geometry":{"type":"Point","coordinates":[-54.24863099999993,-23.480668999999978]},"properties":{"well_id":"3500073690","municipality":"Iguatemi","aquifer":"Bauru","available_fields":"pH | CONDUTIVIDADE_ELETRICA | TEMPERATURA | Solidos dissolvidos totais","available_count":4,"pH":7.55999994,"electrical_conductivity":49.02,"temperature":26.0,"chemical_parameter":"Solidos dissolvidos totais","chemical_concentration":15.0,"source":"SIAGAS_MS_20260814","evidence_code":"E10"}},{"type":"Feature","geometry":{"type":"Point","coordinates":[-53.86723299999994,-22.163610999999946]},"properties":{"well_id":"3500073739","municipality":"Angélica","aquifer":"Bauru","available_fields":"pH | CONDUTIVIDADE_ELETRICA | Solidos dissolvidos totais","available_count":3,"pH":5.9000001,"electrical_conductivity":20.6,"temperature":null,"chemical_parameter":"Solidos dissolvidos totais","chemical_concentration":13.4,"source":"SIAGAS_MS_20260814","evidence_code":"E10"}},{"type":"Feature","geometry":{"type":"Point","coordinates":[-53.822266999999954,-22.30159999999995]},"properties":{"well_id":"3500073736","municipality":"Ivinhema","aquifer":"Bauru","available_fields":"pH | CONDUTIVIDADE_ELETRICA | Solidos dissolvidos totais","available_count":3,"pH":6.21999979,"electrical_conductivity":11.4,"temperature":null,"chemical_parameter":"Solidos dissolvidos totais","chemical_concentration":261.0,"source":"SIAGAS_MS_20260814","evidence_code":"E10"}},{"type":"Feature","geometry":{"type":"Point","coordinates":[-54.22794399999998,-22.442777999999976]},"properties":{"well_id":"3500073760","municipality":"Glória de Dourados","aquifer":"Bauru","available_fields":"pH | CONDUTIVIDADE_ELETRICA | TEMPERATURA | Solidos dissolvidos totais","available_count":4,"pH":6.42999983,"electrical_conductivity":150.46,"temperature":26.0,"chemical_parameter":"Solidos dissolvidos totais","chemical_concentration":64.0,"source":"SIAGAS_MS_20260814","evidence_code":"E10"}},{"type":"Feature","geometry":{"type":"Point","coordinates":[-54.840157999999974,-20.678680999999926]},"properties":{"well_id":"3500073768","municipality":"Terenos","aquifer":"Serra geral","available_fields":"pH | CONDUTIVIDADE_ELETRICA | TEMPERATURA","available_count":3,"pH":6.5999999,"electrical_conductivity":48.9,"temperature":24.5,"chemical_parameter":"","chemical_concentration":null,"source":"SIAGAS_MS_20260814","evidence_code":"E10"}},{"type":"Feature","geometry":{"type":"Point","coordinates":[-54.55591899999996,-20.393132999999978]},"properties":{"well_id":"3500073786","municipality":"Campo Grande","aquifer":"Bauru","available_fields":"pH | CONDUTIVIDADE_ELETRICA | TEMPERATURA | Solidos dissolvidos totais","available_count":4,"pH":4.9000001,"electrical_conductivity":74.0,"temperature":26.0,"chemical_parameter":"Solidos dissolvidos totais","chemical_concentration":88.0,"source":"SIAGAS_MS_20260814","evidence_code":"E10"}},{"type":"Feature","geometry":{"type":"Point","coordinates":[-54.33589999999998,-22.45041699999996]},"properties":{"well_id":"3500073785","municipality":"Jateí","aquifer":"Bauru","available_fields":"pH | CONDUTIVIDADE_ELETRICA | TEMPERATURA | Solidos dissolvidos totais","available_count":4,"pH":6.9000001,"electrical_conductivity":82.0,"temperature":18.0,"chemical_parameter":"Solidos dissolvidos totais","chemical_concentration":53.0,"source":"SIAGAS_MS_20260814","evidence_code":"E10"}},{"type":"Feature","geometry":{"type":"Point","coordinates":[-54.31214199999994,-22.43126899999993]},"properties":{"well_id":"3500073779","municipality":"Glória de Dourados","aquifer":"Bauru","available_fields":"pH | CONDUTIVIDADE_ELETRICA | TEMPERATURA | Solidos dissolvidos totais","available_count":4,"pH":6.69999981,"electrical_conductivity":10.3,"temperature":24.0,"chemical_parameter":"Solidos dissolvidos totais","chemical_concentration":6.7,"source":"SIAGAS_MS_20260814","evidence_code":"E10"}},{"type":"Feature","geometry":{"type":"Point","coordinates":[-51.13336099999998,-20.079805999999962]},"properties":{"well_id":"3500073791","municipality":"Aparecida do Taboado","aquifer":"Bauru","available_fields":"pH | CONDUTIVIDADE_ELETRICA | TEMPERATURA | Solidos dissolvidos totais","available_count":4,"pH":8.19999981,"electrical_conductivity":74.0,"temperature":24.0,"chemical_parameter":"Solidos dissolvidos totais","chemical_concentration":37.0,"source":"SIAGAS_MS_20260814","evidence_code":"E10"}},{"type":"Feature","geometry":{"type":"Point","coordinates":[-54.17027799999994,-22.524999999999977]},"properties":{"well_id":"3500073801","municipality":"Jateí","aquifer":"Bauru","available_fields":"pH | CONDUTIVIDADE_ELETRICA | TEMPERATURA | Solidos dissolvidos totais","available_count":4,"pH":6.69999981,"electrical_conductivity":95.3,"temperature":23.0,"chemical_parameter":"Solidos dissolvidos totais","chemical_concentration":61.2,"source":"SIAGAS_MS_20260814","evidence_code":"E10"}},{"type":"Feature","geometry":{"type":"Point","coordinates":[-54.370766999999944,-22.21858899999995]},"properties":{"well_id":"3500073819","municipality":"Dourados","aquifer":"Serra geral","available_fields":"pH | CONDUTIVIDADE_ELETRICA | TEMPERATURA | Solidos dissolvidos totais","available_count":4,"pH":6.13999987,"electrical_conductivity":40.39,"temperature":28.0,"chemical_parameter":"Solidos dissolvidos totais","chemical_concentration":30.0,"source":"SIAGAS_MS_20260814","evidence_code":"E10"}},{"type":"Feature","geometry":{"type":"Point","coordinates":[-54.17920799999996,-22.521680999999944]},"properties":{"well_id":"3500073816","municipality":"Jateí","aquifer":"Bauru","available_fields":"pH | CONDUTIVIDADE_ELETRICA | TEMPERATURA | Solidos dissolvidos totais","available_count":4,"pH":5.42000008,"electrical_conductivity":21.11,"temperature":24.0,"chemical_parameter":"Solidos dissolvidos totais","chemical_concentration":12.52,"source":"SIAGAS_MS_20260814","evidence_code":"E10"}},{"type":"Feature","geometry":{"type":"Point","coordinates":[-54.37083299999995,-18.866777999999954]},"properties":{"well_id":"3500073831","municipality":"São Gabriel do Oeste","aquifer":"Botucatu","available_fields":"pH | CONDUTIVIDADE_ELETRICA | TEMPERATURA | Solidos dissolvidos totais","available_count":4,"pH":6.05000019,"electrical_conductivity":28.91,"temperature":29.6000004,"chemical_parameter":"Solidos dissolvidos totais","chemical_concentration":160.0,"source":"SIAGAS_MS_20260814","evidence_code":"E10"}},{"type":"Feature","geometry":{"type":"Point","coordinates":[-53.776693999999964,-22.22048899999993]},"properties":{"well_id":"3500073826","municipality":"Angélica","aquifer":"Bauru","available_fields":"pH | CONDUTIVIDADE_ELETRICA | TEMPERATURA | Solidos dissolvidos totais","available_count":4,"pH":6.51000023,"electrical_conductivity":21.78,"temperature":23.0,"chemical_parameter":"Solidos dissolvidos totais","chemical_concentration":14.0,"source":"SIAGAS_MS_20260814","evidence_code":"E10"}},{"type":"Feature","geometry":{"type":"Point","coordinates":[-54.189277999999945,-22.381082999999933]},"properties":{"well_id":"3500073854","municipality":"Glória de Dourados","aquifer":"Bauru","available_fields":"pH | CONDUTIVIDADE_ELETRICA | TEMPERATURA | Solidos dissolvidos totais","available_count":4,"pH":5.53000021,"electrical_conductivity":12.8,"temperature":23.0,"chemical_parameter":"Solidos dissolvidos totais","chemical_concentration":5.0,"source":"SIAGAS_MS_20260814","evidence_code":"E10"}},{"type":"Feature","geometry":{"type":"Point","coordinates":[-56.117849999999976,-21.46257499999996]},"properties":{"well_id":"3500073846","municipality":"Guia Lopes da Laguna","aquifer":"Aquidauana","available_fields":"pH | TEMPERATURA | Solidos dissolvidos totais","available_count":3,"pH":6.0,"electrical_conductivity":null,"temperature":21.0,"chemical_parameter":"Solidos dissolvidos totais","chemical_concentration":229.0,"source":"SIAGAS_MS_20260814","evidence_code":"E10"}},{"type":"Feature","geometry":{"type":"Point","coordinates":[-52.00204699999995,-21.282652999999982]},"properties":{"well_id":"3500073865","municipality":"Brasilândia","aquifer":"Bauru","available_fields":"pH | CONDUTIVIDADE_ELETRICA | TEMPERATURA | Solidos dissolvidos totais","available_count":4,"pH":7.19999981,"electrical_conductivity":11.1,"temperature":24.7999992,"chemical_parameter":"Solidos dissolvidos totais","chemical_concentration":6.0,"source":"SIAGAS_MS_20260814","evidence_code":"E10"}},{"type":"Feature","geometry":{"type":"Point","coordinates":[-54.227555999999936,-22.41096699999997]},"properties":{"well_id":"3500073877","municipality":"Glória de Dourados","aquifer":"Bauru","available_fields":"pH | CONDUTIVIDADE_ELETRICA | TEMPERATURA | Solidos dissolvidos totais","available_count":4,"pH":3.8599999,"electrical_conductivity":301.0,"temperature":20.0,"chemical_parameter":"Solidos dissolvidos totais","chemical_concentration":175.0,"source":"SIAGAS_MS_20260814","evidence_code":"E10"}},{"type":"Feature","geometry":{"type":"Point","coordinates":[-54.22116699999998,-22.467749999999967]},"properties":{"well_id":"3500073884","municipality":"Glória de Dourados","aquifer":"Bauru","available_fields":"pH | CONDUTIVIDADE_ELETRICA | TEMPERATURA | Solidos dissolvidos totais","available_count":4,"pH":6.01999998,"electrical_conductivity":12.85,"temperature":24.1000004,"chemical_parameter":"Solidos dissolvidos totais","chemical_concentration":8.35,"source":"SIAGAS_MS_20260814","evidence_code":"E10"}},{"type":"Feature","geometry":{"type":"Point","coordinates":[-54.55018299999995,-20.43622199999993]},"properties":{"well_id":"3500073889","municipality":"Campo Grande","aquifer":"Bauru","available_fields":"pH | CONDUTIVIDADE_ELETRICA | TEMPERATURA","available_count":3,"pH":7.4000001,"electrical_conductivity":100.0,"temperature":26.0,"chemical_parameter":"","chemical_concentration":null,"source":"SIAGAS_MS_20260814","evidence_code":"E10"}},{"type":"Feature","geometry":{"type":"Point","coordinates":[-54.58256099999994,-20.458816999999954]},"properties":{"well_id":"3500073890","municipality":"Campo Grande","aquifer":"Serra geral","available_fields":"pH | CONDUTIVIDADE_ELETRICA | TEMPERATURA | Solidos dissolvidos totais","available_count":4,"pH":6.5999999,"electrical_conductivity":167.2,"temperature":26.2999992,"chemical_parameter":"Solidos dissolvidos totais","chemical_concentration":80.0,"source":"SIAGAS_MS_20260814","evidence_code":"E10"}},{"type":"Feature","geometry":{"type":"Point","coordinates":[-54.75998599999997,-22.221705999999983]},"properties":{"well_id":"3500073910","municipality":"Dourados","aquifer":"Serra geral","available_fields":"pH | CONDUTIVIDADE_ELETRICA | TEMPERATURA | Solidos dissolvidos totais","available_count":4,"pH":6.13000011,"electrical_conductivity":179.1,"temperature":24.0,"chemical_parameter":"Solidos dissolvidos totais","chemical_concentration":116.42,"source":"SIAGAS_MS_20260814","evidence_code":"E10"}},{"type":"Feature","geometry":{"type":"Point","coordinates":[-54.96327499999995,-21.77432799999997]},"properties":{"well_id":"3500073934","municipality":"Maracaju","aquifer":"Serra geral","available_fields":"pH | CONDUTIVIDADE_ELETRICA | TEMPERATURA | Solidos dissolvidos totais","available_count":4,"pH":6.88999987,"electrical_conductivity":62.1,"temperature":22.0,"chemical_parameter":"Solidos dissolvidos totais","chemical_concentration":52.0,"source":"SIAGAS_MS_20260814","evidence_code":"E10"}},{"type":"Feature","geometry":{"type":"Point","coordinates":[-54.438657999999975,-22.40778599999993]},"properties":{"well_id":"3500073939","municipality":"Vicentina","aquifer":"Serra geral","available_fields":"pH | CONDUTIVIDADE_ELETRICA | TEMPERATURA | Solidos dissolvidos totais","available_count":4,"pH":6.48000002,"electrical_conductivity":185.3,"temperature":20.0,"chemical_parameter":"Solidos dissolvidos totais","chemical_concentration":166.0,"source":"SIAGAS_MS_20260814","evidence_code":"E10"}},{"type":"Feature","geometry":{"type":"Point","coordinates":[-54.17038899999994,-22.369027999999958]},"properties":{"well_id":"3500073936","municipality":"Glória de Dourados","aquifer":"Bauru","available_fields":"pH | CONDUTIVIDADE_ELETRICA | TEMPERATURA | Solidos dissolvidos totais","available_count":4,"pH":6.82999992,"electrical_conductivity":98.7,"temperature":23.0,"chemical_parameter":"Solidos dissolvidos totais","chemical_concentration":64.15,"source":"SIAGAS_MS_20260814","evidence_code":"E10"}},{"type":"Feature","geometry":{"type":"Point","coordinates":[-52.87344399999995,-20.446527999999944]},"properties":{"well_id":"3500073942","municipality":"Água Clara","aquifer":"Bauru","available_fields":"pH | Solidos dissolvidos totais","available_count":2,"pH":7.30000019,"electrical_conductivity":null,"temperature":null,"chemical_parameter":"Solidos dissolvidos totais","chemical_concentration":141.1,"source":"SIAGAS_MS_20260814","evidence_code":"E10"}},{"type":"Feature","geometry":{"type":"Point","coordinates":[-55.017938999999956,-21.207424999999944]},"properties":{"well_id":"3500073941","municipality":"Sidrolândia","aquifer":"Botucatu","available_fields":"pH | CONDUTIVIDADE_ELETRICA | TEMPERATURA | Solidos dissolvidos totais","available_count":4,"pH":6.0999999,"electrical_conductivity":246.0,"temperature":20.0,"chemical_parameter":"Solidos dissolvidos totais","chemical_concentration":123.0,"source":"SIAGAS_MS_20260814","evidence_code":"E10"}},{"type":"Feature","geometry":{"type":"Point","coordinates":[-55.23289999999997,-20.843768999999952]},"properties":{"well_id":"3500072985","municipality":"Dois Irmãos do Buriti","aquifer":"Serra geral","available_fields":"pH | CONDUTIVIDADE_ELETRICA | TEMPERATURA | Solidos dissolvidos totais","available_count":4,"pH":7.0,"electrical_conductivity":110.0,"temperature":26.0,"chemical_parameter":"Solidos dissolvidos totais","chemical_concentration":40.0,"source":"SIAGAS_MS_20260814","evidence_code":"E10"}},{"type":"Feature","geometry":{"type":"Point","coordinates":[-54.86056899999994,-20.434927999999957]},"properties":{"well_id":"3500072976","municipality":"Terenos","aquifer":"Serra geral","available_fields":"pH | CONDUTIVIDADE_ELETRICA | Solidos dissolvidos totais","available_count":3,"pH":7.55999994,"electrical_conductivity":580.1,"temperature":null,"chemical_parameter":"Solidos dissolvidos totais","chemical_concentration":160.0,"source":"SIAGAS_MS_20260814","evidence_code":"E10"}},{"type":"Feature","geometry":{"type":"Point","coordinates":[-53.07442499999996,-20.296727999999973]},"properties":{"well_id":"3500072971","municipality":"Ribas do Rio Pardo","aquifer":"Serra geral","available_fields":"pH | CONDUTIVIDADE_ELETRICA | TEMPERATURA | Solidos dissolvidos totais","available_count":4,"pH":6.80000019,"electrical_conductivity":104.1,"temperature":28.0,"chemical_parameter":"Solidos dissolvidos totais","chemical_concentration":118.0,"source":"SIAGAS_MS_20260814","evidence_code":"E10"}},{"type":"Feature","geometry":{"type":"Point","coordinates":[-54.571421999999984,-19.439416999999935]},"properties":{"well_id":"3500072959","municipality":"São Gabriel do Oeste","aquifer":"Botucatu","available_fields":"pH | CONDUTIVIDADE_ELETRICA | TEMPERATURA | Solidos dissolvidos totais","available_count":4,"pH":6.19999981,"electrical_conductivity":25.85,"temperature":23.0,"chemical_parameter":"Solidos dissolvidos totais","chemical_concentration":0.01,"source":"SIAGAS_MS_20260814","evidence_code":"E10"}},{"type":"Feature","geometry":{"type":"Point","coordinates":[-54.15274999999997,-23.518943999999976]},"properties":{"well_id":"3500072918","municipality":"Itaquiraí","aquifer":"Bauru","available_fields":"pH | TEMPERATURA | Solidos dissolvidos totais","available_count":3,"pH":7.42000008,"electrical_conductivity":null,"temperature":25.0,"chemical_parameter":"Solidos dissolvidos totais","chemical_concentration":60.0,"source":"SIAGAS_MS_20260814","evidence_code":"E10"}},{"type":"Feature","geometry":{"type":"Point","coordinates":[-53.962838999999974,-23.242832999999962]},"properties":{"well_id":"3500072912","municipality":"Itaquiraí","aquifer":"Bauru","available_fields":"pH | TEMPERATURA | Solidos dissolvidos totais","available_count":3,"pH":6.98000002,"electrical_conductivity":null,"temperature":20.0,"chemical_parameter":"Solidos dissolvidos totais","chemical_concentration":62.0,"source":"SIAGAS_MS_20260814","evidence_code":"E10"}},{"type":"Feature","geometry":{"type":"Point","coordinates":[-55.69013599999994,-22.573855999999978]},"properties":{"well_id":"3500072892","municipality":"Ponta Porã","aquifer":"Serra geral","available_fields":"pH | Solidos dissolvidos totais","available_count":2,"pH":7.0,"electrical_conductivity":null,"temperature":null,"chemical_parameter":"Solidos dissolvidos totais","chemical_concentration":116.4,"source":"SIAGAS_MS_20260814","evidence_code":"E10"}},{"type":"Feature","geometry":{"type":"Point","coordinates":[-52.033991999999955,-21.252463999999975]},"properties":{"well_id":"3500072843","municipality":"Brasilândia","aquifer":"Bauru","available_fields":"pH | Solidos dissolvidos totais","available_count":2,"pH":6.19999981,"electrical_conductivity":null,"temperature":null,"chemical_parameter":"Solidos dissolvidos totais","chemical_concentration":40.9,"source":"SIAGAS_MS_20260814","evidence_code":"E10"}},{"type":"Feature","geometry":{"type":"Point","coordinates":[-54.797807999999975,-22.11358299999995]},"properties":{"well_id":"3500072832","municipality":"Itaporã","aquifer":"Botucatu","available_fields":"pH | TEMPERATURA | Solidos dissolvidos totais","available_count":3,"pH":7.07000017,"electrical_conductivity":null,"temperature":21.7000008,"chemical_parameter":"Solidos dissolvidos totais","chemical_concentration":223.0,"source":"SIAGAS_MS_20260814","evidence_code":"E10"}},{"type":"Feature","geometry":{"type":"Point","coordinates":[-54.67137799999995,-20.457138999999927]},"properties":{"well_id":"3500072771","municipality":"Campo Grande","aquifer":"Serra geral","available_fields":"pH | CONDUTIVIDADE_ELETRICA | TEMPERATURA | Solidos dissolvidos totais","available_count":4,"pH":6.75,"electrical_conductivity":76.69,"temperature":27.8999996,"chemical_parameter":"Solidos dissolvidos totais","chemical_concentration":76.0,"source":"SIAGAS_MS_20260814","evidence_code":"E10"}},{"type":"Feature","geometry":{"type":"Point","coordinates":[-54.86395299999998,-22.373702999999978]},"properties":{"well_id":"3500072769","municipality":"Dourados","aquifer":"Serra geral","available_fields":"pH | CONDUTIVIDADE_ELETRICA | TEMPERATURA | Solidos dissolvidos totais","available_count":4,"pH":6.82999992,"electrical_conductivity":120.8,"temperature":23.7999992,"chemical_parameter":"Solidos dissolvidos totais","chemical_concentration":78.52,"source":"SIAGAS_MS_20260814","evidence_code":"E10"}},{"type":"Feature","geometry":{"type":"Point","coordinates":[-54.70325799999995,-22.276824999999974]},"properties":{"well_id":"3500072767","municipality":"Dourados","aquifer":"Serra geral","available_fields":"pH | CONDUTIVIDADE_ELETRICA | TEMPERATURA | Solidos dissolvidos totais","available_count":4,"pH":6.30000019,"electrical_conductivity":146.3,"temperature":26.0,"chemical_parameter":"Solidos dissolvidos totais","chemical_concentration":95.1,"source":"SIAGAS_MS_20260814","evidence_code":"E10"}},{"type":"Feature","geometry":{"type":"Point","coordinates":[-55.12713899999994,-20.700805999999943]},"properties":{"well_id":"3500072765","municipality":"Sidrolândia","aquifer":"Serra geral","available_fields":"pH | CONDUTIVIDADE_ELETRICA | TEMPERATURA | Solidos dissolvidos totais","available_count":4,"pH":6.98999977,"electrical_conductivity":266.5,"temperature":23.0,"chemical_parameter":"Solidos dissolvidos totais","chemical_concentration":173.23,"source":"SIAGAS_MS_20260814","evidence_code":"E10"}},{"type":"Feature","geometry":{"type":"Point","coordinates":[-54.711082999999974,-21.51719399999996]},"properties":{"well_id":"3500072738","municipality":"Rio Brilhante","aquifer":"Botucatu","available_fields":"pH | TEMPERATURA | Solidos dissolvidos totais","available_count":3,"pH":7.0,"electrical_conductivity":null,"temperature":32.0,"chemical_parameter":"Solidos dissolvidos totais","chemical_concentration":144.0,"source":"SIAGAS_MS_20260814","evidence_code":"E10"}},{"type":"Feature","geometry":{"type":"Point","coordinates":[-54.39605599999993,-19.838888999999938]},"properties":{"well_id":"3500072713","municipality":"Bandeirantes","aquifer":"Serra geral","available_fields":"pH | CONDUTIVIDADE_ELETRICA | TEMPERATURA | Solidos dissolvidos totais","available_count":4,"pH":6.30000019,"electrical_conductivity":70.25,"temperature":20.0,"chemical_parameter":"Solidos dissolvidos totais","chemical_concentration":19.16,"source":"SIAGAS_MS_20260814","evidence_code":"E10"}},{"type":"Feature","geometry":{"type":"Point","coordinates":[-51.83056099999993,-21.00111099999998]},"properties":{"well_id":"3500072681","municipality":"Três Lagoas","aquifer":"Bauru","available_fields":"pH | CONDUTIVIDADE_ELETRICA | Solidos dissolvidos totais","available_count":3,"pH":6.11000013,"electrical_conductivity":5.12,"temperature":null,"chemical_parameter":"Solidos dissolvidos totais","chemical_concentration":88.0,"source":"SIAGAS_MS_20260814","evidence_code":"E10"}},{"type":"Feature","geometry":{"type":"Point","coordinates":[-54.21789699999994,-22.255796999999973]},"properties":{"well_id":"3500072612","municipality":"Deodápolis","aquifer":"Serra geral","available_fields":"pH | CONDUTIVIDADE_ELETRICA | TEMPERATURA | Solidos dissolvidos totais","available_count":4,"pH":6.65999985,"electrical_conductivity":155.1,"temperature":20.0,"chemical_parameter":"Solidos dissolvidos totais","chemical_concentration":214.0,"source":"SIAGAS_MS_20260814","evidence_code":"E10"}},{"type":"Feature","geometry":{"type":"Point","coordinates":[-54.48242499999998,-20.29714199999995]},"properties":{"well_id":"3500072569","municipality":"Jaraguari","aquifer":"Serra geral","available_fields":"pH | CONDUTIVIDADE_ELETRICA | TEMPERATURA","available_count":3,"pH":5.69999981,"electrical_conductivity":503.2,"temperature":26.0,"chemical_parameter":"","chemical_concentration":null,"source":"SIAGAS_MS_20260814","evidence_code":"E10"}},{"type":"Feature","geometry":{"type":"Point","coordinates":[-54.740557999999965,-22.28750599999995]},"properties":{"well_id":"3500072567","municipality":"Dourados","aquifer":"Serra geral","available_fields":"pH | CONDUTIVIDADE_ELETRICA | TEMPERATURA | Solidos dissolvidos totais","available_count":4,"pH":7.28999996,"electrical_conductivity":133.7,"temperature":21.0,"chemical_parameter":"Solidos dissolvidos totais","chemical_concentration":86.9,"source":"SIAGAS_MS_20260814","evidence_code":"E10"}},{"type":"Feature","geometry":{"type":"Point","coordinates":[-54.632541999999944,-20.484782999999936]},"properties":{"well_id":"3500072532","municipality":"Campo Grande","aquifer":"Serra geral","available_fields":"pH | CONDUTIVIDADE_ELETRICA | TEMPERATURA | Solidos dissolvidos totais","available_count":4,"pH":6.5999999,"electrical_conductivity":176.0,"temperature":27.0,"chemical_parameter":"Solidos dissolvidos totais","chemical_concentration":129.0,"source":"SIAGAS_MS_20260814","evidence_code":"E10"}},{"type":"Feature","geometry":{"type":"Point","coordinates":[-55.12660299999993,-20.698985999999934]},"properties":{"well_id":"3500072471","municipality":"Sidrolândia","aquifer":"Serra geral","available_fields":"pH | CONDUTIVIDADE_ELETRICA | TEMPERATURA | Solidos dissolvidos totais","available_count":4,"pH":6.51000023,"electrical_conductivity":192.5,"temperature":23.0,"chemical_parameter":"Solidos dissolvidos totais","chemical_concentration":125.12,"source":"SIAGAS_MS_20260814","evidence_code":"E10"}},{"type":"Feature","geometry":{"type":"Point","coordinates":[-54.99015799999995,-21.123568999999975]},"properties":{"well_id":"3500072464","municipality":"Sidrolândia","aquifer":"Serra geral","available_fields":"pH | CONDUTIVIDADE_ELETRICA | TEMPERATURA | Solidos dissolvidos totais","available_count":4,"pH":6.0999999,"electrical_conductivity":110.0,"temperature":28.0,"chemical_parameter":"Solidos dissolvidos totais","chemical_concentration":50.0,"source":"SIAGAS_MS_20260814","evidence_code":"E10"}},{"type":"Feature","geometry":{"type":"Point","coordinates":[-54.281871999999964,-23.92955799999993]},"properties":{"well_id":"3500072425","municipality":"Mundo Novo","aquifer":"Bauru","available_fields":"pH | CONDUTIVIDADE_ELETRICA | TEMPERATURA | Solidos dissolvidos totais","available_count":4,"pH":6.4000001,"electrical_conductivity":84.6,"temperature":25.3999996,"chemical_parameter":"Solidos dissolvidos totais","chemical_concentration":129.4,"source":"SIAGAS_MS_20260814","evidence_code":"E10"}},{"type":"Feature","geometry":{"type":"Point","coordinates":[-54.507735999999966,-22.20078899999993]},"properties":{"well_id":"3500072421","municipality":"Dourados","aquifer":"Serra geral","available_fields":"pH | CONDUTIVIDADE_ELETRICA | TEMPERATURA | Solidos dissolvidos totais","available_count":4,"pH":6.80000019,"electrical_conductivity":75.4,"temperature":26.0,"chemical_parameter":"Solidos dissolvidos totais","chemical_concentration":49.0,"source":"SIAGAS_MS_20260814","evidence_code":"E10"}},{"type":"Feature","geometry":{"type":"Point","coordinates":[-51.06536099999994,-20.085999999999956]},"properties":{"well_id":"3500072407","municipality":"Aparecida do Taboado","aquifer":"Bauru","available_fields":"TEMPERATURA | Solidos dissolvidos totais","available_count":2,"pH":null,"electrical_conductivity":null,"temperature":26.0,"chemical_parameter":"Solidos dissolvidos totais","chemical_concentration":409.0,"source":"SIAGAS_MS_20260814","evidence_code":"E10"}},{"type":"Feature","geometry":{"type":"Point","coordinates":[-55.75043299999999,-22.47612799999996]},"properties":{"well_id":"3500072374","municipality":"Ponta Porã","aquifer":"Serra geral","available_fields":"pH | Solidos dissolvidos totais","available_count":2,"pH":6.69999981,"electrical_conductivity":null,"temperature":null,"chemical_parameter":"Solidos dissolvidos totais","chemical_concentration":125.7,"source":"SIAGAS_MS_20260814","evidence_code":"E10"}},{"type":"Feature","geometry":{"type":"Point","coordinates":[-54.15633299999996,-23.51672199999996]},"properties":{"well_id":"3500072363","municipality":"Itaquiraí","aquifer":"Bauru","available_fields":"pH | TEMPERATURA | Solidos dissolvidos totais","available_count":3,"pH":8.0,"electrical_conductivity":null,"temperature":26.0,"chemical_parameter":"Solidos dissolvidos totais","chemical_concentration":30.0,"source":"SIAGAS_MS_20260814","evidence_code":"E10"}},{"type":"Feature","geometry":{"type":"Point","coordinates":[-51.17720799999995,-20.113841999999977]},"properties":{"well_id":"3500072343","municipality":"Aparecida do Taboado","aquifer":"Bauru","available_fields":"pH | CONDUTIVIDADE_ELETRICA | TEMPERATURA | Solidos dissolvidos totais","available_count":4,"pH":9.85999966,"electrical_conductivity":8560.0,"temperature":19.0,"chemical_parameter":"Solidos dissolvidos totais","chemical_concentration":332.0,"source":"SIAGAS_MS_20260814","evidence_code":"E10"}},{"type":"Feature","geometry":{"type":"Point","coordinates":[-53.843816999999945,-22.040482999999938]},"properties":{"well_id":"3500072331","municipality":"Angélica","aquifer":"Serra geral","available_fields":"pH | TEMPERATURA | Solidos dissolvidos totais","available_count":3,"pH":7.69999981,"electrical_conductivity":null,"temperature":25.0,"chemical_parameter":"Solidos dissolvidos totais","chemical_concentration":62.0,"source":"SIAGAS_MS_20260814","evidence_code":"E10"}},{"type":"Feature","geometry":{"type":"Point","coordinates":[-54.69374699999997,-21.92909199999997]},"properties":{"well_id":"3500072323","municipality":"Itaporã","aquifer":"Serra geral","available_fields":"pH | CONDUTIVIDADE_ELETRICA | TEMPERATURA | Solidos dissolvidos totais","available_count":4,"pH":7.55000019,"electrical_conductivity":230.7,"temperature":23.0,"chemical_parameter":"Solidos dissolvidos totais","chemical_concentration":149.96,"source":"SIAGAS_MS_20260814","evidence_code":"E10"}},{"type":"Feature","geometry":{"type":"Point","coordinates":[-54.742741999999964,-22.217138999999975]},"properties":{"well_id":"3500072321","municipality":"Dourados","aquifer":"Serra geral","available_fields":"pH | CONDUTIVIDADE_ELETRICA | Solidos dissolvidos totais","available_count":3,"pH":7.69999981,"electrical_conductivity":280.0,"temperature":null,"chemical_parameter":"Solidos dissolvidos totais","chemical_concentration":130.0,"source":"SIAGAS_MS_20260814","evidence_code":"E10"}},{"type":"Feature","geometry":{"type":"Point","coordinates":[-54.55645599999997,-20.442988999999955]},"properties":{"well_id":"3500072236","municipality":"Campo Grande","aquifer":"Serra geral","available_fields":"pH | CONDUTIVIDADE_ELETRICA | TEMPERATURA | Solidos dissolvidos totais","available_count":4,"pH":5.69999981,"electrical_conductivity":12.0,"temperature":25.0,"chemical_parameter":"Solidos dissolvidos totais","chemical_concentration":10.0,"source":"SIAGAS_MS_20260814","evidence_code":"E10"}},{"type":"Feature","geometry":{"type":"Point","coordinates":[-51.063016999999945,-20.084585999999945]},"properties":{"well_id":"3500072234","municipality":"Aparecida do Taboado","aquifer":"Bauru","available_fields":"pH | CONDUTIVIDADE_ELETRICA | TEMPERATURA | Solidos dissolvidos totais","available_count":4,"pH":8.39999962,"electrical_conductivity":110.0,"temperature":22.0,"chemical_parameter":"Solidos dissolvidos totais","chemical_concentration":50.0,"source":"SIAGAS_MS_20260814","evidence_code":"E10"}},{"type":"Feature","geometry":{"type":"Point","coordinates":[-53.16924999999998,-18.46358299999997]},"properties":{"well_id":"3500072218","municipality":"Costa Rica","aquifer":"Serra geral","available_fields":"pH | TEMPERATURA | Solidos dissolvidos totais","available_count":3,"pH":5.63999987,"electrical_conductivity":null,"temperature":26.0,"chemical_parameter":"Solidos dissolvidos totais","chemical_concentration":28.0,"source":"SIAGAS_MS_20260814","evidence_code":"E10"}},{"type":"Feature","geometry":{"type":"Point","coordinates":[-53.63638899999995,-18.68578599999995]},"properties":{"well_id":"3500072216","municipality":"Figueirão","aquifer":"Botucatu","available_fields":"pH | Solidos dissolvidos totais","available_count":2,"pH":7.19999981,"electrical_conductivity":null,"temperature":null,"chemical_parameter":"Solidos dissolvidos totais","chemical_concentration":106.2,"source":"SIAGAS_MS_20260814","evidence_code":"E10"}},{"type":"Feature","geometry":{"type":"Point","coordinates":[-55.21354199999996,-23.107655999999963]},"properties":{"well_id":"3500072211","municipality":"Amambai","aquifer":"Botucatu","available_fields":"pH | CONDUTIVIDADE_ELETRICA | TEMPERATURA | Solidos dissolvidos totais","available_count":4,"pH":5.5999999,"electrical_conductivity":50.2,"temperature":25.1000004,"chemical_parameter":"Solidos dissolvidos totais","chemical_concentration":76.8,"source":"SIAGAS_MS_20260814","evidence_code":"E10"}},{"type":"Feature","geometry":{"type":"Point","coordinates":[-54.75106899999997,-20.480199999999968]},"properties":{"well_id":"3500072087","municipality":"Campo Grande","aquifer":"Botucatu","available_fields":"pH | TEMPERATURA | Solidos dissolvidos totais","available_count":3,"pH":7.5,"electrical_conductivity":null,"temperature":28.0,"chemical_parameter":"Solidos dissolvidos totais","chemical_concentration":68.0,"source":"SIAGAS_MS_20260814","evidence_code":"E10"}},{"type":"Feature","geometry":{"type":"Point","coordinates":[-54.487221999999974,-22.141888999999935]},"properties":{"well_id":"3500072024","municipality":"Dourados","aquifer":"Serra geral","available_fields":"pH | Solidos dissolvidos totais","available_count":2,"pH":8.19999981,"electrical_conductivity":null,"temperature":null,"chemical_parameter":"Solidos dissolvidos totais","chemical_concentration":160.4,"source":"SIAGAS_MS_20260814","evidence_code":"E10"}},{"type":"Feature","geometry":{"type":"Point","coordinates":[-54.814021999999966,-22.22205299999996]},"properties":{"well_id":"3500071994","municipality":"Dourados","aquifer":"Serra geral","available_fields":"pH | CONDUTIVIDADE_ELETRICA | Solidos dissolvidos totais","available_count":3,"pH":6.30000019,"electrical_conductivity":62.7,"temperature":null,"chemical_parameter":"Solidos dissolvidos totais","chemical_concentration":40.8,"source":"SIAGAS_MS_20260814","evidence_code":"E10"}},{"type":"Feature","geometry":{"type":"Point","coordinates":[-54.695288999999946,-21.19120799999996]},"properties":{"well_id":"3500071964","municipality":"Sidrolândia","aquifer":"Botucatu","available_fields":"pH | CONDUTIVIDADE_ELETRICA | TEMPERATURA | Solidos dissolvidos totais","available_count":4,"pH":7.9000001,"electrical_conductivity":173.3,"temperature":32.4000015,"chemical_parameter":"Solidos dissolvidos totais","chemical_concentration":149.0,"source":"SIAGAS_MS_20260814","evidence_code":"E10"}},{"type":"Feature","geometry":{"type":"Point","coordinates":[-55.72078899999997,-22.539193999999952]},"properties":{"well_id":"3500071949","municipality":"Ponta Porã","aquifer":"Botucatu","available_fields":"pH | CONDUTIVIDADE_ELETRICA | TEMPERATURA | Solidos dissolvidos totais","available_count":4,"pH":6.9000001,"electrical_conductivity":99.9,"temperature":34.5999985,"chemical_parameter":"Solidos dissolvidos totais","chemical_concentration":152.8,"source":"SIAGAS_MS_20260814","evidence_code":"E10"}},{"type":"Feature","geometry":{"type":"Point","coordinates":[-54.822771999999986,-22.29509699999994]},"properties":{"well_id":"3500071905","municipality":"Dourados","aquifer":"Botucatu","available_fields":"pH | CONDUTIVIDADE_ELETRICA | TEMPERATURA | Solidos dissolvidos totais","available_count":4,"pH":7.80000019,"electrical_conductivity":162.2,"temperature":39.2999992,"chemical_parameter":"Solidos dissolvidos totais","chemical_concentration":139.5,"source":"SIAGAS_MS_20260814","evidence_code":"E10"}},{"type":"Feature","geometry":{"type":"Point","coordinates":[-54.82477199999994,-22.28341699999993]},"properties":{"well_id":"3500071892","municipality":"Dourados","aquifer":"Botucatu","available_fields":"pH | CONDUTIVIDADE_ELETRICA | TEMPERATURA | Solidos dissolvidos totais","available_count":4,"pH":7.4000001,"electrical_conductivity":167.4,"temperature":34.7000008,"chemical_parameter":"Solidos dissolvidos totais","chemical_concentration":144.0,"source":"SIAGAS_MS_20260814","evidence_code":"E10"}},{"type":"Feature","geometry":{"type":"Point","coordinates":[-54.66215799999998,-19.363316999999938]},"properties":{"well_id":"3500073020","municipality":"São Gabriel do Oeste","aquifer":"Botucatu","available_fields":"pH | CONDUTIVIDADE_ELETRICA | TEMPERATURA | Solidos dissolvidos totais","available_count":4,"pH":6.19999981,"electrical_conductivity":10.0,"temperature":24.0,"chemical_parameter":"Solidos dissolvidos totais","chemical_concentration":5.0,"source":"SIAGAS_MS_20260814","evidence_code":"E10"}},{"type":"Feature","geometry":{"type":"Point","coordinates":[-55.74569699999995,-22.47740799999997]},"properties":{"well_id":"3500073042","municipality":"Ponta Porã","aquifer":"Serra geral","available_fields":"pH | CONDUTIVIDADE_ELETRICA | Solidos dissolvidos totais","available_count":3,"pH":6.80000019,"electrical_conductivity":252.8,"temperature":null,"chemical_parameter":"Solidos dissolvidos totais","chemical_concentration":186.0,"source":"SIAGAS_MS_20260814","evidence_code":"E10"}},{"type":"Feature","geometry":{"type":"Point","coordinates":[-53.351249999999936,-22.249446999999975]},"properties":{"well_id":"3500073038","municipality":"Nova Andradina","aquifer":"Bauru","available_fields":"pH | CONDUTIVIDADE_ELETRICA | TEMPERATURA | Solidos dissolvidos totais","available_count":4,"pH":6.0,"electrical_conductivity":478.92,"temperature":25.0,"chemical_parameter":"Solidos dissolvidos totais","chemical_concentration":380.0,"source":"SIAGAS_MS_20260814","evidence_code":"E10"}},{"type":"Feature","geometry":{"type":"Point","coordinates":[-53.63833299999993,-21.860555999999974]},"properties":{"well_id":"3500073036","municipality":"Nova Andradina","aquifer":"Bauru","available_fields":"pH | CONDUTIVIDADE_ELETRICA | TEMPERATURA | Solidos dissolvidos totais","available_count":4,"pH":4.96999979,"electrical_conductivity":17.0,"temperature":22.0,"chemical_parameter":"Solidos dissolvidos totais","chemical_concentration":18.0,"source":"SIAGAS_MS_20260814","evidence_code":"E10"}},{"type":"Feature","geometry":{"type":"Point","coordinates":[-55.062963999999965,-20.96976399999994]},"properties":{"well_id":"3500073032","municipality":"Sidrolândia","aquifer":"Serra geral","available_fields":"pH | CONDUTIVIDADE_ELETRICA | TEMPERATURA | Solidos dissolvidos totais","available_count":4,"pH":6.4000001,"electrical_conductivity":50.0,"temperature":26.0,"chemical_parameter":"Solidos dissolvidos totais","chemical_concentration":10.0,"source":"SIAGAS_MS_20260814","evidence_code":"E10"}},{"type":"Feature","geometry":{"type":"Point","coordinates":[-54.86290799999995,-19.776907999999935]},"properties":{"well_id":"3500073050","municipality":"Corguinho","aquifer":"Botucatu","available_fields":"pH | CONDUTIVIDADE_ELETRICA | TEMPERATURA | Solidos dissolvidos totais","available_count":4,"pH":6.4000001,"electrical_conductivity":94.28,"temperature":23.0,"chemical_parameter":"Solidos dissolvidos totais","chemical_concentration":19.15,"source":"SIAGAS_MS_20260814","evidence_code":"E10"}},{"type":"Feature","geometry":{"type":"Point","coordinates":[-55.74693099999996,-22.46636099999995]},"properties":{"well_id":"3500073084","municipality":"Ponta Porã","aquifer":"Serra geral","available_fields":"pH | CONDUTIVIDADE_ELETRICA | TEMPERATURA | Solidos dissolvidos totais","available_count":4,"pH":6.46999979,"electrical_conductivity":102.2,"temperature":23.0,"chemical_parameter":"Solidos dissolvidos totais","chemical_concentration":66.43,"source":"SIAGAS_MS_20260814","evidence_code":"E10"}},{"type":"Feature","geometry":{"type":"Point","coordinates":[-54.71137799999997,-22.208563999999967]},"properties":{"well_id":"3500073078","municipality":"Dourados","aquifer":"Serra geral","available_fields":"pH | TEMPERATURA | Solidos dissolvidos totais","available_count":3,"pH":7.01999998,"electrical_conductivity":null,"temperature":24.2000008,"chemical_parameter":"Solidos dissolvidos totais","chemical_concentration":80.0,"source":"SIAGAS_MS_20260814","evidence_code":"E10"}},{"type":"Feature","geometry":{"type":"Point","coordinates":[-54.544546999999966,-21.805335999999954]},"properties":{"well_id":"3500073077","municipality":"Rio Brilhante","aquifer":"Serra geral","available_fields":"pH | CONDUTIVIDADE_ELETRICA | TEMPERATURA | Solidos dissolvidos totais","available_count":4,"pH":6.69999981,"electrical_conductivity":153.0,"temperature":28.0,"chemical_parameter":"Solidos dissolvidos totais","chemical_concentration":207.0,"source":"SIAGAS_MS_20260814","evidence_code":"E10"}},{"type":"Feature","geometry":{"type":"Point","coordinates":[-55.24418899999995,-20.295313999999962]},"properties":{"well_id":"3500073099","municipality":"Terenos","aquifer":"Botucatu","available_fields":"pH | CONDUTIVIDADE_ELETRICA | TEMPERATURA | Solidos dissolvidos totais","available_count":4,"pH":7.69999981,"electrical_conductivity":232.0,"temperature":29.0,"chemical_parameter":"Solidos dissolvidos totais","chemical_concentration":199.5,"source":"SIAGAS_MS_20260814","evidence_code":"E10"}},{"type":"Feature","geometry":{"type":"Point","coordinates":[-54.69027799999998,-22.02167799999995]},"properties":{"well_id":"3500073087","municipality":"Itaporã","aquifer":"Serra geral","available_fields":"pH | CONDUTIVIDADE_ELETRICA | TEMPERATURA | Solidos dissolvidos totais","available_count":4,"pH":6.90999985,"electrical_conductivity":185.0,"temperature":23.0,"chemical_parameter":"Solidos dissolvidos totais","chemical_concentration":120.25,"source":"SIAGAS_MS_20260814","evidence_code":"E10"}},{"type":"Feature","geometry":{"type":"Point","coordinates":[-53.13574699999998,-18.24868299999997]},"properties":{"well_id":"3500073123","municipality":"Costa Rica","aquifer":"Bauru","available_fields":"pH | CONDUTIVIDADE_ELETRICA | TEMPERATURA | Solidos dissolvidos totais","available_count":4,"pH":6.0999999,"electrical_conductivity":5.3,"temperature":22.6000004,"chemical_parameter":"Solidos dissolvidos totais","chemical_concentration":43.0,"source":"SIAGAS_MS_20260814","evidence_code":"E10"}},{"type":"Feature","geometry":{"type":"Point","coordinates":[-55.215821999999946,-23.111327999999958]},"properties":{"well_id":"3500073121","municipality":"Amambai","aquifer":"Botucatu","available_fields":"pH | CONDUTIVIDADE_ELETRICA | TEMPERATURA | Solidos dissolvidos totais","available_count":4,"pH":6.5,"electrical_conductivity":46.9,"temperature":24.7000008,"chemical_parameter":"Solidos dissolvidos totais","chemical_concentration":71.8,"source":"SIAGAS_MS_20260814","evidence_code":"E10"}},{"type":"Feature","geometry":{"type":"Point","coordinates":[-54.53055599999993,-20.47194399999995]},"properties":{"well_id":"3500073109","municipality":"Campo Grande","aquifer":"Serra geral","available_fields":"pH | TEMPERATURA | Solidos dissolvidos totais","available_count":3,"pH":6.5999999,"electrical_conductivity":null,"temperature":24.0,"chemical_parameter":"Solidos dissolvidos totais","chemical_concentration":34.0,"source":"SIAGAS_MS_20260814","evidence_code":"E10"}},{"type":"Feature","geometry":{"type":"Point","coordinates":[-54.566224999999974,-20.556302999999957]},"properties":{"well_id":"3500073108","municipality":"Campo Grande","aquifer":"Serra geral","available_fields":"pH | TEMPERATURA | Solidos dissolvidos totais","available_count":3,"pH":6.0999999,"electrical_conductivity":null,"temperature":25.0,"chemical_parameter":"Solidos dissolvidos totais","chemical_concentration":874.0,"source":"SIAGAS_MS_20260814","evidence_code":"E10"}},{"type":"Feature","geometry":{"type":"Point","coordinates":[-55.74510799999996,-22.46682499999997]},"properties":{"well_id":"3500073129","municipality":"Ponta Porã","aquifer":"Serra geral","available_fields":"pH | CONDUTIVIDADE_ELETRICA | TEMPERATURA | Solidos dissolvidos totais","available_count":4,"pH":7.30000019,"electrical_conductivity":177.4,"temperature":23.0,"chemical_parameter":"Solidos dissolvidos totais","chemical_concentration":115.31,"source":"SIAGAS_MS_20260814","evidence_code":"E10"}},{"type":"Feature","geometry":{"type":"Point","coordinates":[-54.936046999999974,-21.101616999999976]},"properties":{"well_id":"3500073142","municipality":"Sidrolândia","aquifer":"Serra geral","available_fields":"pH | CONDUTIVIDADE_ELETRICA | TEMPERATURA | Solidos dissolvidos totais","available_count":4,"pH":6.0999999,"electrical_conductivity":43.0,"temperature":27.0,"chemical_parameter":"Solidos dissolvidos totais","chemical_concentration":23.0,"source":"SIAGAS_MS_20260814","evidence_code":"E10"}},{"type":"Feature","geometry":{"type":"Point","coordinates":[-55.207221999999945,-22.17986099999996]},"properties":{"well_id":"3500073163","municipality":"Dourados","aquifer":"Serra geral","available_fields":"pH | CONDUTIVIDADE_ELETRICA | TEMPERATURA | Solidos dissolvidos totais","available_count":4,"pH":6.80000019,"electrical_conductivity":60.7,"temperature":24.0,"chemical_parameter":"Solidos dissolvidos totais","chemical_concentration":39.4,"source":"SIAGAS_MS_20260814","evidence_code":"E10"}},{"type":"Feature","geometry":{"type":"Point","coordinates":[-52.139471999999955,-21.441468999999927]},"properties":{"well_id":"3500073162","municipality":"Brasilândia","aquifer":"Bauru","available_fields":"pH | CONDUTIVIDADE_ELETRICA | TEMPERATURA | Solidos dissolvidos totais","available_count":4,"pH":7.19999981,"electrical_conductivity":29.8,"temperature":26.1000004,"chemical_parameter":"Solidos dissolvidos totais","chemical_concentration":14.0,"source":"SIAGAS_MS_20260814","evidence_code":"E10"}},{"type":"Feature","geometry":{"type":"Point","coordinates":[-52.71361099999996,-18.75472199999996]},"properties":{"well_id":"3500073159","municipality":"Chapadão do Sul","aquifer":"Bauru","available_fields":"pH | TEMPERATURA | Solidos dissolvidos totais","available_count":3,"pH":5.5999999,"electrical_conductivity":null,"temperature":19.7999992,"chemical_parameter":"Solidos dissolvidos totais","chemical_concentration":14.0,"source":"SIAGAS_MS_20260814","evidence_code":"E10"}},{"type":"Feature","geometry":{"type":"Point","coordinates":[-51.71238299999993,-20.76181699999995]},"properties":{"well_id":"3500073170","municipality":"Três Lagoas","aquifer":"Bauru","available_fields":"pH | TEMPERATURA | Solidos dissolvidos totais","available_count":3,"pH":5.86000013,"electrical_conductivity":null,"temperature":26.5,"chemical_parameter":"Solidos dissolvidos totais","chemical_concentration":24.0,"source":"SIAGAS_MS_20260814","evidence_code":"E10"}},{"type":"Feature","geometry":{"type":"Point","coordinates":[-54.36515799999995,-23.855271999999957]},"properties":{"well_id":"3500073192","municipality":"Mundo Novo","aquifer":"Bauru","available_fields":"pH | CONDUTIVIDADE_ELETRICA | TEMPERATURA | Solidos dissolvidos totais","available_count":4,"pH":5.0,"electrical_conductivity":9.49,"temperature":31.0,"chemical_parameter":"Solidos dissolvidos totais","chemical_concentration":6.0,"source":"SIAGAS_MS_20260814","evidence_code":"E10"}},{"type":"Feature","geometry":{"type":"Point","coordinates":[-54.61233299999998,-20.475368999999944]},"properties":{"well_id":"3500073212","municipality":"Campo Grande","aquifer":"Serra geral","available_fields":"pH | TEMPERATURA | Solidos dissolvidos totais","available_count":3,"pH":6.53000021,"electrical_conductivity":null,"temperature":24.0,"chemical_parameter":"Solidos dissolvidos totais","chemical_concentration":870.0,"source":"SIAGAS_MS_20260814","evidence_code":"E10"}},{"type":"Feature","geometry":{"type":"Point","coordinates":[-53.445735999999954,-20.122477999999944]},"properties":{"well_id":"3500073259","municipality":"Ribas do Rio Pardo","aquifer":"Bauru","available_fields":"pH | CONDUTIVIDADE_ELETRICA | TEMPERATURA | Solidos dissolvidos totais","available_count":4,"pH":6.75,"electrical_conductivity":63.0,"temperature":26.8999996,"chemical_parameter":"Solidos dissolvidos totais","chemical_concentration":65.0,"source":"SIAGAS_MS_20260814","evidence_code":"E10"}},{"type":"Feature","geometry":{"type":"Point","coordinates":[-54.51950599999998,-20.414641999999958]},"properties":{"well_id":"3500073246","municipality":"Campo Grande","aquifer":"Serra geral","available_fields":"pH | CONDUTIVIDADE_ELETRICA | TEMPERATURA | Solidos dissolvidos totais","available_count":4,"pH":7.36000013,"electrical_conductivity":9.27,"temperature":27.2999992,"chemical_parameter":"Solidos dissolvidos totais","chemical_concentration":102.0,"source":"SIAGAS_MS_20260814","evidence_code":"E10"}},{"type":"Feature","geometry":{"type":"Point","coordinates":[-55.20147199999997,-22.17124999999993]},"properties":{"well_id":"3500073284","municipality":"Dourados","aquifer":"Serra geral","available_fields":"pH | CONDUTIVIDADE_ELETRICA | TEMPERATURA | Solidos dissolvidos totais","available_count":4,"pH":6.5999999,"electrical_conductivity":56.6,"temperature":25.0,"chemical_parameter":"Solidos dissolvidos totais","chemical_concentration":36.1,"source":"SIAGAS_MS_20260814","evidence_code":"E10"}},{"type":"Feature","geometry":{"type":"Point","coordinates":[-55.20405599999998,-22.115971999999942]},"properties":{"well_id":"3500073280","municipality":"Dourados","aquifer":"Bauru","available_fields":"pH | CONDUTIVIDADE_ELETRICA | TEMPERATURA | Solidos dissolvidos totais","available_count":4,"pH":6.0,"electrical_conductivity":9.5,"temperature":23.0,"chemical_parameter":"Solidos dissolvidos totais","chemical_concentration":6.16,"source":"SIAGAS_MS_20260814","evidence_code":"E10"}},{"type":"Feature","geometry":{"type":"Point","coordinates":[-53.26537199999996,-21.155171999999936]},"properties":{"well_id":"3500073273","municipality":"Ribas do Rio Pardo","aquifer":"Bauru","available_fields":"pH | CONDUTIVIDADE_ELETRICA | TEMPERATURA | Solidos dissolvidos totais","available_count":4,"pH":7.5999999,"electrical_conductivity":32.7,"temperature":24.2999992,"chemical_parameter":"Solidos dissolvidos totais","chemical_concentration":15.0,"source":"SIAGAS_MS_20260814","evidence_code":"E10"}},{"type":"Feature","geometry":{"type":"Point","coordinates":[-54.802191999999934,-22.33387799999997]},"properties":{"well_id":"3500073293","municipality":"Dourados","aquifer":"Serra geral","available_fields":"pH | CONDUTIVIDADE_ELETRICA | TEMPERATURA | Solidos dissolvidos totais","available_count":4,"pH":7.53999996,"electrical_conductivity":98.31,"temperature":23.0,"chemical_parameter":"Solidos dissolvidos totais","chemical_concentration":63.9,"source":"SIAGAS_MS_20260814","evidence_code":"E10"}},{"type":"Feature","geometry":{"type":"Point","coordinates":[-54.78731399999998,-22.311566999999968]},"properties":{"well_id":"3500073291","municipality":"Dourados","aquifer":"Serra geral","available_fields":"pH | CONDUTIVIDADE_ELETRICA | TEMPERATURA | Solidos dissolvidos totais","available_count":4,"pH":6.90999985,"electrical_conductivity":164.4,"temperature":24.0,"chemical_parameter":"Solidos dissolvidos totais","chemical_concentration":175.0,"source":"SIAGAS_MS_20260814","evidence_code":"E10"}},{"type":"Feature","geometry":{"type":"Point","coordinates":[-54.636049999999955,-23.626541999999972]},"properties":{"well_id":"3500073304","municipality":"Iguatemi","aquifer":"Bauru","available_fields":"pH | CONDUTIVIDADE_ELETRICA | Solidos dissolvidos totais","available_count":3,"pH":6.26000023,"electrical_conductivity":55.41,"temperature":null,"chemical_parameter":"Solidos dissolvidos totais","chemical_concentration":144.0,"source":"SIAGAS_MS_20260814","evidence_code":"E10"}},{"type":"Feature","geometry":{"type":"Point","coordinates":[-54.22194399999995,-23.070293999999933]},"properties":{"well_id":"3500073301","municipality":"Naviraí","aquifer":"Bauru","available_fields":"pH | CONDUTIVIDADE_ELETRICA | TEMPERATURA | Solidos dissolvidos totais","available_count":4,"pH":6.0,"electrical_conductivity":0.02,"temperature":27.0,"chemical_parameter":"Solidos dissolvidos totais","chemical_concentration":0.5,"source":"SIAGAS_MS_20260814","evidence_code":"E10"}},{"type":"Feature","geometry":{"type":"Point","coordinates":[-53.69902799999994,-19.38030299999997]},"properties":{"well_id":"3500073312","municipality":"Camapuã","aquifer":"Bauru","available_fields":"pH | CONDUTIVIDADE_ELETRICA | TEMPERATURA | Solidos dissolvidos totais","available_count":4,"pH":6.0,"electrical_conductivity":86.07,"temperature":23.7000008,"chemical_parameter":"Solidos dissolvidos totais","chemical_concentration":35.0,"source":"SIAGAS_MS_20260814","evidence_code":"E10"}},{"type":"Feature","geometry":{"type":"Point","coordinates":[-55.12191699999994,-23.487168999999938]},"properties":{"well_id":"3500073345","municipality":"Tacuru","aquifer":"Bauru","available_fields":"pH | CONDUTIVIDADE_ELETRICA | TEMPERATURA | Solidos dissolvidos totais","available_count":4,"pH":4.67999983,"electrical_conductivity":12.76,"temperature":23.0,"chemical_parameter":"Solidos dissolvidos totais","chemical_concentration":8.29,"source":"SIAGAS_MS_20260814","evidence_code":"E10"}},{"type":"Feature","geometry":{"type":"Point","coordinates":[-53.67886699999997,-22.63401699999997]},"properties":{"well_id":"3500073340","municipality":"Novo Horizonte do Sul","aquifer":"Bauru","available_fields":"pH | CONDUTIVIDADE_ELETRICA | TEMPERATURA | Solidos dissolvidos totais","available_count":4,"pH":7.73000002,"electrical_conductivity":29.32,"temperature":19.0,"chemical_parameter":"Solidos dissolvidos totais","chemical_concentration":19.05,"source":"SIAGAS_MS_20260814","evidence_code":"E10"}},{"type":"Feature","geometry":{"type":"Point","coordinates":[-54.225468999999975,-22.408999999999935]},"properties":{"well_id":"3500073337","municipality":"Glória de Dourados","aquifer":"Serra geral","available_fields":"pH | CONDUTIVIDADE_ELETRICA | TEMPERATURA | Solidos dissolvidos totais","available_count":4,"pH":5.6500001,"electrical_conductivity":183.8,"temperature":24.0,"chemical_parameter":"Solidos dissolvidos totais","chemical_concentration":119.47,"source":"SIAGAS_MS_20260814","evidence_code":"E10"}},{"type":"Feature","geometry":{"type":"Point","coordinates":[-54.52986899999996,-22.06874399999998]},"properties":{"well_id":"3500073330","municipality":"Dourados","aquifer":"Serra geral","available_fields":"pH | CONDUTIVIDADE_ELETRICA | TEMPERATURA | Solidos dissolvidos totais","available_count":4,"pH":5.5,"electrical_conductivity":364.0,"temperature":19.0,"chemical_parameter":"Solidos dissolvidos totais","chemical_concentration":236.6,"source":"SIAGAS_MS_20260814","evidence_code":"E10"}},{"type":"Feature","geometry":{"type":"Point","coordinates":[-51.67646099999996,-20.736663999999962]},"properties":{"well_id":"3500073361","municipality":"Três Lagoas","aquifer":"Serra geral","available_fields":"pH | CONDUTIVIDADE_ELETRICA | TEMPERATURA | Solidos dissolvidos totais","available_count":4,"pH":7.0,"electrical_conductivity":56.4,"temperature":24.0,"chemical_parameter":"Solidos dissolvidos totais","chemical_concentration":15.0,"source":"SIAGAS_MS_20260814","evidence_code":"E10"}},{"type":"Feature","geometry":{"type":"Point","coordinates":[-54.591841999999986,-20.509796999999935]},"properties":{"well_id":"3500073359","municipality":"Campo Grande","aquifer":"Serra geral","available_fields":"pH | CONDUTIVIDADE_ELETRICA | TEMPERATURA | Solidos dissolvidos totais","available_count":4,"pH":7.28000021,"electrical_conductivity":218.2,"temperature":24.0,"chemical_parameter":"Solidos dissolvidos totais","chemical_concentration":244.0,"source":"SIAGAS_MS_20260814","evidence_code":"E10"}},{"type":"Feature","geometry":{"type":"Point","coordinates":[-53.77644699999996,-20.443218999999942]},"properties":{"well_id":"3500073355","municipality":"Ribas do Rio Pardo","aquifer":"Serra geral","available_fields":"pH | CONDUTIVIDADE_ELETRICA | TEMPERATURA | Solidos dissolvidos totais","available_count":4,"pH":6.0,"electrical_conductivity":63.0,"temperature":25.2999992,"chemical_parameter":"Solidos dissolvidos totais","chemical_concentration":43.0,"source":"SIAGAS_MS_20260814","evidence_code":"E10"}},{"type":"Feature","geometry":{"type":"Point","coordinates":[-51.08364999999998,-20.037999999999954]},"properties":{"well_id":"3500073354","municipality":"Aparecida do Taboado","aquifer":"Bauru","available_fields":"pH | CONDUTIVIDADE_ELETRICA | TEMPERATURA | Solidos dissolvidos totais","available_count":4,"pH":7.0999999,"electrical_conductivity":61.0,"temperature":25.0,"chemical_parameter":"Solidos dissolvidos totais","chemical_concentration":10.0,"source":"SIAGAS_MS_20260814","evidence_code":"E10"}},{"type":"Feature","geometry":{"type":"Point","coordinates":[-51.08626399999997,-20.034827999999948]},"properties":{"well_id":"3500073353","municipality":"Aparecida do Taboado","aquifer":"Bauru","available_fields":"pH | CONDUTIVIDADE_ELETRICA | TEMPERATURA | Solidos dissolvidos totais","available_count":4,"pH":6.0,"electrical_conductivity":73.0,"temperature":26.0,"chemical_parameter":"Solidos dissolvidos totais","chemical_concentration":11.0,"source":"SIAGAS_MS_20260814","evidence_code":"E10"}},{"type":"Feature","geometry":{"type":"Point","coordinates":[-54.02961699999997,-18.212918999999943]},"properties":{"well_id":"3500073346","municipality":"Alcinópolis","aquifer":"Botucatu","available_fields":"pH | CONDUTIVIDADE_ELETRICA | TEMPERATURA | Solidos dissolvidos totais","available_count":4,"pH":6.4000001,"electrical_conductivity":14.0,"temperature":22.0,"chemical_parameter":"Solidos dissolvidos totais","chemical_concentration":43.0,"source":"SIAGAS_MS_20260814","evidence_code":"E10"}},{"type":"Feature","geometry":{"type":"Point","coordinates":[-55.15045799999996,-20.44271699999996]},"properties":{"well_id":"3500073380","municipality":"Terenos","aquifer":"Serra geral","available_fields":"pH | CONDUTIVIDADE_ELETRICA | TEMPERATURA | Solidos dissolvidos totais","available_count":4,"pH":6.01000023,"electrical_conductivity":123.4,"temperature":22.0,"chemical_parameter":"Solidos dissolvidos totais","chemical_concentration":62.0,"source":"SIAGAS_MS_20260814","evidence_code":"E10"}},{"type":"Feature","geometry":{"type":"Point","coordinates":[-54.39205599999997,-23.16689699999995]},"properties":{"well_id":"3500073370","municipality":"Iguatemi","aquifer":"Bauru","available_fields":"pH | CONDUTIVIDADE_ELETRICA | TEMPERATURA | Solidos dissolvidos totais","available_count":4,"pH":8.43000031,"electrical_conductivity":121.8,"temperature":24.0,"chemical_parameter":"Solidos dissolvidos totais","chemical_concentration":214.0,"source":"SIAGAS_MS_20260814","evidence_code":"E10"}},{"type":"Feature","geometry":{"type":"Point","coordinates":[-54.52499999999998,-20.453610999999967]},"properties":{"well_id":"3500073394","municipality":"Campo Grande","aquifer":"Serra geral","available_fields":"pH | TEMPERATURA | Solidos dissolvidos totais","available_count":3,"pH":5.0999999,"electrical_conductivity":null,"temperature":25.0,"chemical_parameter":"Solidos dissolvidos totais","chemical_concentration":13.0,"source":"SIAGAS_MS_20260814","evidence_code":"E10"}},{"type":"Feature","geometry":{"type":"Point","coordinates":[-54.040276999999946,-19.558610999999928]},"properties":{"well_id":"3500023249","municipality":"Camapuã","aquifer":"Botucatu","available_fields":"pH | Solidos dissolvidos totais","available_count":2,"pH":7.5999999,"electrical_conductivity":null,"temperature":null,"chemical_parameter":"Solidos dissolvidos totais","chemical_concentration":221.2,"source":"SIAGAS_MS_20260814","evidence_code":"E10"}},{"type":"Feature","geometry":{"type":"Point","coordinates":[-53.06461099999996,-19.170068999999955]},"properties":{"well_id":"3500073403","municipality":"Paraíso das Águas","aquifer":"Bauru","available_fields":"pH | CONDUTIVIDADE_ELETRICA","available_count":2,"pH":5.0,"electrical_conductivity":16.2,"temperature":null,"chemical_parameter":"","chemical_concentration":null,"source":"SIAGAS_MS_20260814","evidence_code":"E10"}},{"type":"Feature","geometry":{"type":"Point","coordinates":[-54.93168899999995,-20.90547799999996]},"properties":{"well_id":"3500073419","municipality":"Sidrolândia","aquifer":"Serra geral","available_fields":"pH | CONDUTIVIDADE_ELETRICA | TEMPERATURA | Solidos dissolvidos totais","available_count":4,"pH":6.0999999,"electrical_conductivity":10.0,"temperature":26.0,"chemical_parameter":"Solidos dissolvidos totais","chemical_concentration":0.5,"source":"SIAGAS_MS_20260814","evidence_code":"E10"}},{"type":"Feature","geometry":{"type":"Point","coordinates":[-54.62873099999996,-20.449441999999976]},"properties":{"well_id":"3500073432","municipality":"Campo Grande","aquifer":"Serra geral","available_fields":"Solidos dissolvidos totais","available_count":1,"pH":null,"electrical_conductivity":null,"temperature":null,"chemical_parameter":"Solidos dissolvidos totais","chemical_concentration":96.0,"source":"SIAGAS_MS_20260814","evidence_code":"E10"}},{"type":"Feature","geometry":{"type":"Point","coordinates":[-54.219446999999946,-23.074457999999936]},"properties":{"well_id":"3500073442","municipality":"Naviraí","aquifer":"Bauru","available_fields":"pH | CONDUTIVIDADE_ELETRICA | TEMPERATURA | Solidos dissolvidos totais","available_count":4,"pH":6.0,"electrical_conductivity":0.2,"temperature":26.0,"chemical_parameter":"Solidos dissolvidos totais","chemical_concentration":0.5,"source":"SIAGAS_MS_20260814","evidence_code":"E10"}},{"type":"Feature","geometry":{"type":"Point","coordinates":[-54.70760299999995,-22.878946999999982]},"properties":{"well_id":"3500073436","municipality":"Juti","aquifer":"Serra geral","available_fields":"pH | CONDUTIVIDADE_ELETRICA | TEMPERATURA | Solidos dissolvidos totais","available_count":4,"pH":7.4000001,"electrical_conductivity":150.0,"temperature":24.0,"chemical_parameter":"Solidos dissolvidos totais","chemical_concentration":179.0,"source":"SIAGAS_MS_20260814","evidence_code":"E10"}},{"type":"Feature","geometry":{"type":"Point","coordinates":[-54.85819399999997,-21.93808299999995]},"properties":{"well_id":"3500073452","municipality":"Itaporã","aquifer":"Botucatu","available_fields":"pH | Solidos dissolvidos totais","available_count":2,"pH":6.30000019,"electrical_conductivity":null,"temperature":null,"chemical_parameter":"Solidos dissolvidos totais","chemical_concentration":98.3,"source":"SIAGAS_MS_20260814","evidence_code":"E10"}},{"type":"Feature","geometry":{"type":"Point","coordinates":[-53.47886099999994,-19.244721999999967]},"properties":{"well_id":"3500073448","municipality":"Paraíso das Águas","aquifer":"Bauru","available_fields":"pH | CONDUTIVIDADE_ELETRICA | TEMPERATURA | Solidos dissolvidos totais","available_count":4,"pH":6.30000019,"electrical_conductivity":12.0,"temperature":26.3999996,"chemical_parameter":"Solidos dissolvidos totais","chemical_concentration":43.0,"source":"SIAGAS_MS_20260814","evidence_code":"E10"}},{"type":"Feature","geometry":{"type":"Point","coordinates":[-54.96119699999997,-20.164613999999972]},"properties":{"well_id":"3500073484","municipality":"Rochedo","aquifer":"Botucatu","available_fields":"pH | CONDUTIVIDADE_ELETRICA | TEMPERATURA | Solidos dissolvidos totais","available_count":4,"pH":6.5999999,"electrical_conductivity":112.2,"temperature":26.2000008,"chemical_parameter":"Solidos dissolvidos totais","chemical_concentration":130.0,"source":"SIAGAS_MS_20260814","evidence_code":"E10"}},{"type":"Feature","geometry":{"type":"Point","coordinates":[-55.32026399999995,-22.13110599999993]},"properties":{"well_id":"3500073482","municipality":"Dourados","aquifer":"Serra geral","available_fields":"pH | CONDUTIVIDADE_ELETRICA | TEMPERATURA | Solidos dissolvidos totais","available_count":4,"pH":6.69999981,"electrical_conductivity":87.62,"temperature":24.0,"chemical_parameter":"Solidos dissolvidos totais","chemical_concentration":56.95,"source":"SIAGAS_MS_20260814","evidence_code":"E10"}},{"type":"Feature","geometry":{"type":"Point","coordinates":[-53.856168999999966,-19.43739199999993]},"properties":{"well_id":"3500073479","municipality":"Camapuã","aquifer":"Bauru","available_fields":"pH | CONDUTIVIDADE_ELETRICA | TEMPERATURA | Solidos dissolvidos totais","available_count":4,"pH":5.4000001,"electrical_conductivity":20.18,"temperature":23.0,"chemical_parameter":"Solidos dissolvidos totais","chemical_concentration":19.15,"source":"SIAGAS_MS_20260814","evidence_code":"E10"}},{"type":"Feature","geometry":{"type":"Point","coordinates":[-54.00389199999995,-22.262296999999933]},"properties":{"well_id":"3500073528","municipality":"Ivinhema","aquifer":"Bauru","available_fields":"pH | CONDUTIVIDADE_ELETRICA | TEMPERATURA | Solidos dissolvidos totais","available_count":4,"pH":6.05000019,"electrical_conductivity":21.14,"temperature":24.0,"chemical_parameter":"Solidos dissolvidos totais","chemical_concentration":14.0,"source":"SIAGAS_MS_20260814","evidence_code":"E10"}},{"type":"Feature","geometry":{"type":"Point","coordinates":[-54.54432499999996,-20.429088999999976]},"properties":{"well_id":"3500073524","municipality":"Campo Grande","aquifer":"Serra geral","available_fields":"pH | CONDUTIVIDADE_ELETRICA | TEMPERATURA | Solidos dissolvidos totais","available_count":4,"pH":6.9000001,"electrical_conductivity":195.44,"temperature":27.0,"chemical_parameter":"Solidos dissolvidos totais","chemical_concentration":70.0,"source":"SIAGAS_MS_20260814","evidence_code":"E10"}},{"type":"Feature","geometry":{"type":"Point","coordinates":[-54.76222199999995,-22.092499999999973]},"properties":{"well_id":"3500073532","municipality":"Itaporã","aquifer":"Serra geral","available_fields":"pH | TEMPERATURA | Solidos dissolvidos totais","available_count":3,"pH":6.94000006,"electrical_conductivity":null,"temperature":23.5,"chemical_parameter":"Solidos dissolvidos totais","chemical_concentration":283.0,"source":"SIAGAS_MS_20260814","evidence_code":"E10"}},{"type":"Feature","geometry":{"type":"Point","coordinates":[-51.69983899999994,-20.771202999999957]},"properties":{"well_id":"3500073530","municipality":"Três Lagoas","aquifer":"Bauru","available_fields":"pH | Solidos dissolvidos totais","available_count":2,"pH":5.19999981,"electrical_conductivity":null,"temperature":null,"chemical_parameter":"Solidos dissolvidos totais","chemical_concentration":98.1,"source":"SIAGAS_MS_20260814","evidence_code":"E10"}},{"type":"Feature","geometry":{"type":"Point","coordinates":[-51.70701399999996,-20.787060999999937]},"properties":{"well_id":"3500073539","municipality":"Três Lagoas","aquifer":"Bauru","available_fields":"pH | TEMPERATURA | Solidos dissolvidos totais","available_count":3,"pH":5.53999996,"electrical_conductivity":null,"temperature":27.1000004,"chemical_parameter":"Solidos dissolvidos totais","chemical_concentration":141.0,"source":"SIAGAS_MS_20260814","evidence_code":"E10"}},{"type":"Feature","geometry":{"type":"Point","coordinates":[-54.67886899999996,-22.652177999999935]},"properties":{"well_id":"3500073546","municipality":"Juti","aquifer":"Serra geral","available_fields":"pH | CONDUTIVIDADE_ELETRICA | TEMPERATURA | Solidos dissolvidos totais","available_count":4,"pH":7.76000023,"electrical_conductivity":101.0,"temperature":23.0,"chemical_parameter":"Solidos dissolvidos totais","chemical_concentration":65.65,"source":"SIAGAS_MS_20260814","evidence_code":"E10"}},{"type":"Feature","geometry":{"type":"Point","coordinates":[-54.09061399999996,-23.512380999999948]},"properties":{"well_id":"3500073544","municipality":"Itaquiraí","aquifer":"Bauru","available_fields":"pH | CONDUTIVIDADE_ELETRICA | TEMPERATURA | Solidos dissolvidos totais","available_count":4,"pH":6.01000023,"electrical_conductivity":41.14,"temperature":25.1000004,"chemical_parameter":"Solidos dissolvidos totais","chemical_concentration":12.0,"source":"SIAGAS_MS_20260814","evidence_code":"E10"}},{"type":"Feature","geometry":{"type":"Point","coordinates":[-54.59386099999995,-20.477141999999958]},"properties":{"well_id":"3500073554","municipality":"Campo Grande","aquifer":"Serra geral","available_fields":"pH | CONDUTIVIDADE_ELETRICA | TEMPERATURA | Solidos dissolvidos totais","available_count":4,"pH":7.19999981,"electrical_conductivity":128.0,"temperature":19.7999992,"chemical_parameter":"Solidos dissolvidos totais","chemical_concentration":138.0,"source":"SIAGAS_MS_20260814","evidence_code":"E10"}},{"type":"Feature","geometry":{"type":"Point","coordinates":[-53.412499999999966,-21.98111099999994]},"properties":{"well_id":"3500027318","municipality":"Nova Andradina","aquifer":"Caiua","available_fields":"pH | TEMPERATURA | TURBIDEZ","available_count":3,"pH":5.80000019,"electrical_conductivity":null,"temperature":16.0,"chemical_parameter":"","chemical_concentration":null,"source":"SIAGAS_MS_20260814","evidence_code":"E10"}},{"type":"Feature","geometry":{"type":"Point","coordinates":[-54.27027799999996,-21.864999999999952]},"properties":{"well_id":"3500045652","municipality":"Rio Brilhante","aquifer":"Serra geral","available_fields":"pH | TEMPERATURA | TURBIDEZ","available_count":3,"pH":7.82000017,"electrical_conductivity":null,"temperature":14.8000002,"chemical_parameter":"","chemical_concentration":null,"source":"SIAGAS_MS_20260814","evidence_code":"E10"}},{"type":"Feature","geometry":{"type":"Point","coordinates":[-54.74777799999998,-20.487499999999955]},"properties":{"well_id":"3500045677","municipality":"Campo Grande","aquifer":"Serra geral","available_fields":"pH | TEMPERATURA | TURBIDEZ","available_count":3,"pH":7.5999999,"electrical_conductivity":null,"temperature":27.0,"chemical_parameter":"","chemical_concentration":null,"source":"SIAGAS_MS_20260814","evidence_code":"E10"}},{"type":"Feature","geometry":{"type":"Point","coordinates":[-54.31416699999994,-22.432221999999967]},"properties":{"well_id":"3500053091","municipality":"Glória de Dourados","aquifer":"","available_fields":"pH | TEMPERATURA | TURBIDEZ","available_count":3,"pH":6.03000021,"electrical_conductivity":null,"temperature":20.0,"chemical_parameter":"","chemical_concentration":null,"source":"SIAGAS_MS_20260814","evidence_code":"E10"}},{"type":"Feature","geometry":{"type":"Point","coordinates":[-57.06611399999997,-21.99854199999993]},"properties":{"well_id":"3500072163","municipality":"Caracol","aquifer":"","available_fields":"pH | CONDUTIVIDADE_ELETRICA | TEMPERATURA | Solidos dissolvidos totais","available_count":4,"pH":6.19000006,"electrical_conductivity":88.0,"temperature":24.0,"chemical_parameter":"Solidos dissolvidos totais","chemical_concentration":40.0,"source":"SIAGAS_MS_20260814","evidence_code":"E10"}},{"type":"Feature","geometry":{"type":"Point","coordinates":[-56.71091899999993,-21.97667199999995]},"properties":{"well_id":"3500072511","municipality":"Bela Vista","aquifer":"","available_fields":"pH | TEMPERATURA | Solidos dissolvidos totais","available_count":3,"pH":6.88000011,"electrical_conductivity":null,"temperature":25.8999996,"chemical_parameter":"Solidos dissolvidos totais","chemical_concentration":230.0,"source":"SIAGAS_MS_20260814","evidence_code":"E10"}},{"type":"Feature","geometry":{"type":"Point","coordinates":[-57.06556899999998,-22.00003899999996]},"properties":{"well_id":"3500072655","municipality":"Caracol","aquifer":"","available_fields":"pH | CONDUTIVIDADE_ELETRICA | TEMPERATURA | Solidos dissolvidos totais","available_count":4,"pH":6.53999996,"electrical_conductivity":623.0,"temperature":24.0,"chemical_parameter":"Solidos dissolvidos totais","chemical_concentration":249.0,"source":"SIAGAS_MS_20260814","evidence_code":"E10"}},{"type":"Feature","geometry":{"type":"Point","coordinates":[-56.67413899999997,-20.55686099999997]},"properties":{"well_id":"3500073836","municipality":"Bodoquena","aquifer":"","available_fields":"pH | Solidos dissolvidos totais","available_count":2,"pH":7.9000001,"electrical_conductivity":null,"temperature":null,"chemical_parameter":"Solidos dissolvidos totais","chemical_concentration":420.5,"source":"SIAGAS_MS_20260814","evidence_code":"E10"}},{"type":"Feature","geometry":{"type":"Point","coordinates":[-57.618971999999985,-19.027518999999927]},"properties":{"well_id":"3500073310","municipality":"Ladário","aquifer":"","available_fields":"pH | CONDUTIVIDADE_ELETRICA | TEMPERATURA | Solidos dissolvidos totais","available_count":4,"pH":7.80000019,"electrical_conductivity":100.3,"temperature":28.0,"chemical_parameter":"Solidos dissolvidos totais","chemical_concentration":470.0,"source":"SIAGAS_MS_20260814","evidence_code":"E10"}},{"type":"Feature","geometry":{"type":"Point","coordinates":[-56.529357999999945,-22.10826899999995]},"properties":{"well_id":"3500073870","municipality":"Bela Vista","aquifer":"","available_fields":"pH | CONDUTIVIDADE_ELETRICA | TEMPERATURA | Solidos dissolvidos totais","available_count":4,"pH":6.30000019,"electrical_conductivity":0.2,"temperature":27.0,"chemical_parameter":"Solidos dissolvidos totais","chemical_concentration":0.09,"source":"SIAGAS_MS_20260814","evidence_code":"E10"}},{"type":"Feature","geometry":{"type":"Point","coordinates":[-54.70679199999995,-22.64157199999994]},"properties":{"well_id":"3500073797","municipality":"Caarapó","aquifer":"","available_fields":"pH | Solidos dissolvidos totais","available_count":2,"pH":5.46000004,"electrical_conductivity":null,"temperature":null,"chemical_parameter":"Solidos dissolvidos totais","chemical_concentration":60.3,"source":"SIAGAS_MS_20260814","evidence_code":"E10"}},{"type":"Feature","geometry":{"type":"Point","coordinates":[-56.76829699999996,-20.446002999999962]},"properties":{"well_id":"3500073729","municipality":"Bodoquena","aquifer":"","available_fields":"pH | CONDUTIVIDADE_ELETRICA | TEMPERATURA | Solidos dissolvidos totais","available_count":4,"pH":7.03999996,"electrical_conductivity":802.8,"temperature":23.0,"chemical_parameter":"Solidos dissolvidos totais","chemical_concentration":511.0,"source":"SIAGAS_MS_20260814","evidence_code":"E10"}},{"type":"Feature","geometry":{"type":"Point","coordinates":[-54.534366999999975,-19.439532999999926]},"properties":{"well_id":"3500073582","municipality":"São Gabriel do Oeste","aquifer":"","available_fields":"pH | CONDUTIVIDADE_ELETRICA | TEMPERATURA | Solidos dissolvidos totais","available_count":4,"pH":5.69000006,"electrical_conductivity":29.0,"temperature":23.7000008,"chemical_parameter":"Solidos dissolvidos totais","chemical_concentration":88.0,"source":"SIAGAS_MS_20260814","evidence_code":"E10"}},{"type":"Feature","geometry":{"type":"Point","coordinates":[-54.67364699999996,-20.39046399999995]},"properties":{"well_id":"3500072183","municipality":"Campo Grande","aquifer":"","available_fields":"pH | TEMPERATURA | Solidos dissolvidos totais","available_count":3,"pH":7.30000019,"electrical_conductivity":null,"temperature":25.1000004,"chemical_parameter":"Solidos dissolvidos totais","chemical_concentration":176.0,"source":"SIAGAS_MS_20260814","evidence_code":"E10"}},{"type":"Feature","geometry":{"type":"Point","coordinates":[-55.727082999999936,-20.393805999999927]},"properties":{"well_id":"3500073766","municipality":"Aquidauana","aquifer":"","available_fields":"pH | CONDUTIVIDADE_ELETRICA | TEMPERATURA","available_count":3,"pH":6.19999981,"electrical_conductivity":10.9,"temperature":27.1000004,"chemical_parameter":"","chemical_concentration":null,"source":"SIAGAS_MS_20260814","evidence_code":"E10"}},{"type":"Feature","geometry":{"type":"Point","coordinates":[-52.60333099999997,-18.72999999999996]},"properties":{"well_id":"3500073490","municipality":"Chapadão do Sul","aquifer":"","available_fields":"pH | CONDUTIVIDADE_ELETRICA | Solidos dissolvidos totais","available_count":3,"pH":6.42000008,"electrical_conductivity":31.84,"temperature":null,"chemical_parameter":"Solidos dissolvidos totais","chemical_concentration":0.3,"source":"SIAGAS_MS_20260814","evidence_code":"E10"}},{"type":"Feature","geometry":{"type":"Point","coordinates":[-54.506174999999985,-22.199130999999966]},"properties":{"well_id":"3500072161","municipality":"Dourados","aquifer":"","available_fields":"pH | CONDUTIVIDADE_ELETRICA | TEMPERATURA | Solidos dissolvidos totais","available_count":4,"pH":7.19999981,"electrical_conductivity":398.2,"temperature":26.0,"chemical_parameter":"Solidos dissolvidos totais","chemical_concentration":258.8,"source":"SIAGAS_MS_20260814","evidence_code":"E10"}},{"type":"Feature","geometry":{"type":"Point","coordinates":[-56.10370599999993,-21.449435999999935]},"properties":{"well_id":"3500073434","municipality":"Guia Lopes da Laguna","aquifer":"","available_fields":"pH | CONDUTIVIDADE_ELETRICA | TEMPERATURA | Solidos dissolvidos totais","available_count":4,"pH":6.13999987,"electrical_conductivity":46.74,"temperature":23.0,"chemical_parameter":"Solidos dissolvidos totais","chemical_concentration":30.0,"source":"SIAGAS_MS_20260814","evidence_code":"E10"}},{"type":"Feature","geometry":{"type":"Point","coordinates":[-54.738463999999965,-22.74877799999996]},"properties":{"well_id":"3500072022","municipality":"Caarapó","aquifer":"","available_fields":"pH | CONDUTIVIDADE_ELETRICA | TEMPERATURA | Solidos dissolvidos totais","available_count":4,"pH":7.6500001,"electrical_conductivity":143.1,"temperature":23.0,"chemical_parameter":"Solidos dissolvidos totais","chemical_concentration":96.0,"source":"SIAGAS_MS_20260814","evidence_code":"E10"}},{"type":"Feature","geometry":{"type":"Point","coordinates":[-54.79580599999997,-22.227277999999956]},"properties":{"well_id":"3500073475","municipality":"Dourados","aquifer":"","available_fields":"pH | CONDUTIVIDADE_ELETRICA | Solidos dissolvidos totais","available_count":3,"pH":6.13999987,"electrical_conductivity":127.0,"temperature":null,"chemical_parameter":"Solidos dissolvidos totais","chemical_concentration":82.55,"source":"SIAGAS_MS_20260814","evidence_code":"E10"}},{"type":"Feature","geometry":{"type":"Point","coordinates":[-57.03280599999994,-22.015443999999945]},"properties":{"well_id":"3500073594","municipality":"Caracol","aquifer":"","available_fields":"pH | CONDUTIVIDADE_ELETRICA | Solidos dissolvidos totais","available_count":3,"pH":6.4000001,"electrical_conductivity":188.7,"temperature":null,"chemical_parameter":"Solidos dissolvidos totais","chemical_concentration":122.6,"source":"SIAGAS_MS_20260814","evidence_code":"E10"}},{"type":"Feature","geometry":{"type":"Point","coordinates":[-54.675941999999964,-18.50938599999995]},"properties":{"well_id":"3500072947","municipality":"Coxim","aquifer":"","available_fields":"pH | CONDUTIVIDADE_ELETRICA | TEMPERATURA | Solidos dissolvidos totais","available_count":4,"pH":7.96999979,"electrical_conductivity":599.7,"temperature":22.0,"chemical_parameter":"Solidos dissolvidos totais","chemical_concentration":319.0,"source":"SIAGAS_MS_20260814","evidence_code":"E10"}},{"type":"Feature","geometry":{"type":"Point","coordinates":[-55.18669999999997,-21.646030999999937]},"properties":{"well_id":"3500072167","municipality":"Maracaju","aquifer":"","available_fields":"pH | CONDUTIVIDADE_ELETRICA | Solidos dissolvidos totais","available_count":3,"pH":7.92000008,"electrical_conductivity":101.6,"temperature":null,"chemical_parameter":"Solidos dissolvidos totais","chemical_concentration":146.0,"source":"SIAGAS_MS_20260814","evidence_code":"E10"}},{"type":"Feature","geometry":{"type":"Point","coordinates":[-54.66808299999997,-20.44824399999993]},"properties":{"well_id":"3500073824","municipality":"Campo Grande","aquifer":"","available_fields":"pH | CONDUTIVIDADE_ELETRICA | TEMPERATURA | Solidos dissolvidos totais","available_count":4,"pH":7.19999981,"electrical_conductivity":149.0,"temperature":26.2999992,"chemical_parameter":"Solidos dissolvidos totais","chemical_concentration":84.0,"source":"SIAGAS_MS_20260814","evidence_code":"E10"}},{"type":"Feature","geometry":{"type":"Point","coordinates":[-51.10027699999995,-20.07472199999995]},"properties":{"well_id":"3500023317","municipality":"Aparecida do Taboado","aquifer":"Serra geral","available_fields":"pH | TURBIDEZ","available_count":2,"pH":5.5999999,"electrical_conductivity":null,"temperature":null,"chemical_parameter":"","chemical_concentration":null,"source":"SIAGAS_MS_20260814","evidence_code":"E10"}},{"type":"Feature","geometry":{"type":"Point","coordinates":[-53.756388999999956,-20.440277999999978]},"properties":{"well_id":"3500045621","municipality":"Ribas do Rio Pardo","aquifer":"Serra geral","available_fields":"pH | TEMPERATURA | TURBIDEZ | Solidos dissolvidos totais","available_count":4,"pH":7.78999996,"electrical_conductivity":null,"temperature":25.2999992,"chemical_parameter":"Solidos dissolvidos totais","chemical_concentration":215.0,"source":"SIAGAS_MS_20260814","evidence_code":"E10"}},{"type":"Feature","geometry":{"type":"Point","coordinates":[-55.216943999999955,-23.103332999999964]},"properties":{"well_id":"3500023142","municipality":"Amambai","aquifer":"Guarani","available_fields":"pH | CONDUTIVIDADE_ELETRICA | TEMPERATURA | Solidos dissolvidos totais","available_count":4,"pH":6.53999996,"electrical_conductivity":101.1,"temperature":23.2999992,"chemical_parameter":"Solidos dissolvidos totais","chemical_concentration":102.38,"source":"SIAGAS_MS_20260814","evidence_code":"E10"}},{"type":"Feature","geometry":{"type":"Point","coordinates":[-53.96319999999997,-21.500949999999932]},"properties":{"well_id":"3500071758","municipality":"Campo Grande","aquifer":"Bauru_Caiua","available_fields":"pH | CONDUTIVIDADE_ELETRICA","available_count":2,"pH":7.0,"electrical_conductivity":179.3,"temperature":null,"chemical_parameter":"","chemical_concentration":null,"source":"SIAGAS_MS_20260814","evidence_code":"E10"}},{"type":"Feature","geometry":{"type":"Point","coordinates":[-57.52857499999993,-19.26754999999997]},"properties":{"well_id":"3500071741","municipality":"Corumbá","aquifer":"Não definido","available_fields":"pH | CONDUTIVIDADE_ELETRICA","available_count":2,"pH":7.0999999,"electrical_conductivity":21.19,"temperature":null,"chemical_parameter":"","chemical_concentration":null,"source":"SIAGAS_MS_20260814","evidence_code":"E10"}},{"type":"Feature","geometry":{"type":"Point","coordinates":[-55.088660999999945,-21.015405999999928]},"properties":{"well_id":"3500071715","municipality":"Sidrolândia","aquifer":"Serra geral","available_fields":"pH | CONDUTIVIDADE_ELETRICA | TEMPERATURA","available_count":3,"pH":6.5999999,"electrical_conductivity":40.0,"temperature":26.0,"chemical_parameter":"","chemical_concentration":null,"source":"SIAGAS_MS_20260814","evidence_code":"E10"}},{"type":"Feature","geometry":{"type":"Point","coordinates":[-54.340263999999934,-19.703266999999983]},"properties":{"well_id":"3500071658","municipality":"Bandeirantes","aquifer":"Bauru_Caiua","available_fields":"pH | CONDUTIVIDADE_ELETRICA | TEMPERATURA","available_count":3,"pH":5.5999999,"electrical_conductivity":28.55,"temperature":25.0,"chemical_parameter":"","chemical_concentration":null,"source":"SIAGAS_MS_20260814","evidence_code":"E10"}},{"type":"Feature","geometry":{"type":"Point","coordinates":[-55.15050299999996,-21.639407999999946]},"properties":{"well_id":"3500071565","municipality":"Maracaju","aquifer":"Serra geral","available_fields":"pH | TEMPERATURA","available_count":2,"pH":6.07999992,"electrical_conductivity":null,"temperature":35.5999985,"chemical_parameter":"","chemical_concentration":null,"source":"SIAGAS_MS_20260814","evidence_code":"E10"}},{"type":"Feature","geometry":{"type":"Point","coordinates":[-57.62231399999996,-19.011427999999967]},"properties":{"well_id":"3500071479","municipality":"Corumbá","aquifer":"Não definido","available_fields":"pH | CONDUTIVIDADE_ELETRICA | TEMPERATURA","available_count":3,"pH":7.4000001,"electrical_conductivity":660.0,"temperature":27.0,"chemical_parameter":"","chemical_concentration":null,"source":"SIAGAS_MS_20260814","evidence_code":"E10"}},{"type":"Feature","geometry":{"type":"Point","coordinates":[-54.245555999999965,-21.583055999999942]},"properties":{"well_id":"3500071351","municipality":"Nova Alvorada do Sul","aquifer":"Serra geral","available_fields":"pH | TEMPERATURA","available_count":2,"pH":6.0,"electrical_conductivity":null,"temperature":25.3999996,"chemical_parameter":"","chemical_concentration":null,"source":"SIAGAS_MS_20260814","evidence_code":"E10"}},{"type":"Feature","geometry":{"type":"Point","coordinates":[-54.96700599999997,-20.93021699999997]},"properties":{"well_id":"3500071330","municipality":"Sidrolândia","aquifer":"Guarani","available_fields":"pH | TEMPERATURA","available_count":2,"pH":7.19999981,"electrical_conductivity":null,"temperature":5.19999981,"chemical_parameter":"","chemical_concentration":null,"source":"SIAGAS_MS_20260814","evidence_code":"E10"}},{"type":"Feature","geometry":{"type":"Point","coordinates":[-54.74567799999994,-17.593680999999947]},"properties":{"well_id":"3500071308","municipality":"Sonora","aquifer":"Furnas","available_fields":"pH | CONDUTIVIDADE_ELETRICA | TEMPERATURA","available_count":3,"pH":5.4000001,"electrical_conductivity":8.61,"temperature":23.0,"chemical_parameter":"","chemical_concentration":null,"source":"SIAGAS_MS_20260814","evidence_code":"E10"}},{"type":"Feature","geometry":{"type":"Point","coordinates":[-54.433032999999966,-21.799713999999938]},"properties":{"well_id":"3500071249","municipality":"Rio Brilhante","aquifer":"Serra geral","available_fields":"pH | CONDUTIVIDADE_ELETRICA | TEMPERATURA","available_count":3,"pH":6.48000002,"electrical_conductivity":63.5,"temperature":25.0,"chemical_parameter":"","chemical_concentration":null,"source":"SIAGAS_MS_20260814","evidence_code":"E10"}},{"type":"Feature","geometry":{"type":"Point","coordinates":[-54.60528899999997,-19.29156699999993]},"properties":{"well_id":"3500071236","municipality":"São Gabriel do Oeste","aquifer":"Guarani","available_fields":"pH | CONDUTIVIDADE_ELETRICA | TEMPERATURA","available_count":3,"pH":6.19999981,"electrical_conductivity":200.0,"temperature":24.0,"chemical_parameter":"","chemical_concentration":null,"source":"SIAGAS_MS_20260814","evidence_code":"E10"}},{"type":"Feature","geometry":{"type":"Point","coordinates":[-51.67643899999996,-20.786791999999934]},"properties":{"well_id":"3500070954","municipality":"Três Lagoas","aquifer":"Bauru_Caiua","available_fields":"pH | TEMPERATURA","available_count":2,"pH":5.53000021,"electrical_conductivity":null,"temperature":30.1000004,"chemical_parameter":"","chemical_concentration":null,"source":"SIAGAS_MS_20260814","evidence_code":"E10"}},{"type":"Feature","geometry":{"type":"Point","coordinates":[-51.668691999999965,-19.146716999999967]},"properties":{"well_id":"3500070947","municipality":"Cassilândia","aquifer":"Guarani","available_fields":"pH | TEMPERATURA","available_count":2,"pH":6.36999989,"electrical_conductivity":null,"temperature":28.6000004,"chemical_parameter":"","chemical_concentration":null,"source":"SIAGAS_MS_20260814","evidence_code":"E10"}},{"type":"Feature","geometry":{"type":"Point","coordinates":[-54.58762799999994,-20.557343999999944]},"properties":{"well_id":"3500070917","municipality":"Campo Grande","aquifer":"Serra geral","available_fields":"pH","available_count":1,"pH":7.55999994,"electrical_conductivity":null,"temperature":null,"chemical_parameter":"","chemical_concentration":null,"source":"SIAGAS_MS_20260814","evidence_code":"E10"}},{"type":"Feature","geometry":{"type":"Point","coordinates":[-54.61344999999994,-20.490380999999957]},"properties":{"well_id":"3500070915","municipality":"Campo Grande","aquifer":"Serra geral","available_fields":"pH | CONDUTIVIDADE_ELETRICA | TEMPERATURA","available_count":3,"pH":7.19999981,"electrical_conductivity":179.59,"temperature":25.0,"chemical_parameter":"","chemical_concentration":null,"source":"SIAGAS_MS_20260814","evidence_code":"E10"}},{"type":"Feature","geometry":{"type":"Point","coordinates":[-54.58468899999997,-20.470388999999955]},"properties":{"well_id":"3500070879","municipality":"Campo Grande","aquifer":"Serra geral","available_fields":"pH | CONDUTIVIDADE_ELETRICA | TEMPERATURA","available_count":3,"pH":6.6500001,"electrical_conductivity":280.05,"temperature":24.0,"chemical_parameter":"","chemical_concentration":null,"source":"SIAGAS_MS_20260814","evidence_code":"E10"}},{"type":"Feature","geometry":{"type":"Point","coordinates":[-54.55353299999996,-20.39326099999994]},"properties":{"well_id":"3500070660","municipality":"Campo Grande","aquifer":"Serra geral","available_fields":"pH | CONDUTIVIDADE_ELETRICA | TEMPERATURA","available_count":3,"pH":6.9000001,"electrical_conductivity":80.0,"temperature":25.0,"chemical_parameter":"","chemical_concentration":null,"source":"SIAGAS_MS_20260814","evidence_code":"E10"}},{"type":"Feature","geometry":{"type":"Point","coordinates":[-54.792663999999945,-22.226932999999974]},"properties":{"well_id":"3500070624","municipality":"Dourados","aquifer":"Serra geral","available_fields":"pH | CONDUTIVIDADE_ELETRICA","available_count":2,"pH":7.11000013,"electrical_conductivity":257.89,"temperature":null,"chemical_parameter":"","chemical_concentration":null,"source":"SIAGAS_MS_20260814","evidence_code":"E10"}},{"type":"Feature","geometry":{"type":"Point","coordinates":[-54.97270599999996,-20.980888999999934]},"properties":{"well_id":"3500070578","municipality":"Sidrolândia","aquifer":"Serra geral","available_fields":"pH | CONDUTIVIDADE_ELETRICA | TEMPERATURA","available_count":3,"pH":6.21999979,"electrical_conductivity":70.09,"temperature":26.0,"chemical_parameter":"","chemical_concentration":null,"source":"SIAGAS_MS_20260814","evidence_code":"E10"}},{"type":"Feature","geometry":{"type":"Point","coordinates":[-54.64723099999998,-20.421355999999946]},"properties":{"well_id":"3500070031","municipality":"Campo Grande","aquifer":"Guarani","available_fields":"pH | CONDUTIVIDADE_ELETRICA | TEMPERATURA","available_count":3,"pH":7.9000001,"electrical_conductivity":130.0,"temperature":35.0,"chemical_parameter":"","chemical_concentration":null,"source":"SIAGAS_MS_20260814","evidence_code":"E10"}},{"type":"Feature","geometry":{"type":"Point","coordinates":[-54.66937199999995,-20.451082999999983]},"properties":{"well_id":"3500069558","municipality":"Campo Grande","aquifer":"Serra geral","available_fields":"pH | CONDUTIVIDADE_ELETRICA | TEMPERATURA","available_count":3,"pH":6.80000019,"electrical_conductivity":142.0,"temperature":27.0,"chemical_parameter":"","chemical_concentration":null,"source":"SIAGAS_MS_20260814","evidence_code":"E10"}},{"type":"Feature","geometry":{"type":"Point","coordinates":[-55.16638899999998,-21.631943999999976]},"properties":{"well_id":"3500027068","municipality":"Maracaju","aquifer":"Guarani","available_fields":"pH | TURBIDEZ | Solidos dissolvidos totais","available_count":3,"pH":7.9000001,"electrical_conductivity":null,"temperature":null,"chemical_parameter":"Solidos dissolvidos totais","chemical_concentration":150.0,"source":"SIAGAS_MS_20260814","evidence_code":"E10"}},{"type":"Feature","geometry":{"type":"Point","coordinates":[-55.16083299999997,-21.616943999999933]},"properties":{"well_id":"3500027076","municipality":"Maracaju","aquifer":"Guarani","available_fields":"pH | TURBIDEZ | Solidos dissolvidos totais","available_count":3,"pH":7.69999981,"electrical_conductivity":null,"temperature":null,"chemical_parameter":"Solidos dissolvidos totais","chemical_concentration":134.3,"source":"SIAGAS_MS_20260814","evidence_code":"E10"}},{"type":"Feature","geometry":{"type":"Point","coordinates":[-54.96166699999998,-20.936943999999983]},"properties":{"well_id":"3500027225","municipality":"Sidrolândia","aquifer":"Guarani","available_fields":"pH | TEMPERATURA | TURBIDEZ","available_count":3,"pH":2.0,"electrical_conductivity":null,"temperature":14.1999998,"chemical_parameter":"","chemical_concentration":null,"source":"SIAGAS_MS_20260814","evidence_code":"E10"}},{"type":"Feature","geometry":{"type":"Point","coordinates":[-54.590832999999975,-20.438332999999943]},"properties":{"well_id":"3500045157","municipality":"Campo Grande","aquifer":"Guarani","available_fields":"pH | CONDUTIVIDADE_ELETRICA | TURBIDEZ","available_count":3,"pH":6.0,"electrical_conductivity":125.0,"temperature":null,"chemical_parameter":"","chemical_concentration":null,"source":"SIAGAS_MS_20260814","evidence_code":"E10"}},{"type":"Feature","geometry":{"type":"Point","coordinates":[-52.87583299999994,-18.805555999999967]},"properties":{"well_id":"3500045618","municipality":"Chapadão do Sul","aquifer":"Serra geral","available_fields":"pH | TURBIDEZ","available_count":2,"pH":6.80000019,"electrical_conductivity":null,"temperature":null,"chemical_parameter":"","chemical_concentration":null,"source":"SIAGAS_MS_20260814","evidence_code":"E10"}},{"type":"Feature","geometry":{"type":"Point","coordinates":[-54.27966699999996,-22.44934999999998]},"properties":{"well_id":"3500069360","municipality":"Glória de Dourados","aquifer":"","available_fields":"pH | TEMPERATURA","available_count":2,"pH":5.46999979,"electrical_conductivity":null,"temperature":20.0,"chemical_parameter":"","chemical_concentration":null,"source":"SIAGAS_MS_20260814","evidence_code":"E10"}},{"type":"Feature","geometry":{"type":"Point","coordinates":[-54.321388999999954,-23.96138899999994]},"properties":{"well_id":"3500045643","municipality":"Mundo Novo","aquifer":"","available_fields":"pH | CONDUTIVIDADE_ELETRICA | TURBIDEZ","available_count":3,"pH":6.61000013,"electrical_conductivity":41.1,"temperature":null,"chemical_parameter":"","chemical_concentration":null,"source":"SIAGAS_MS_20260814","evidence_code":"E10"}},{"type":"Feature","geometry":{"type":"Point","coordinates":[-53.75138899999996,-20.47194399999995]},"properties":{"well_id":"3500045615","municipality":"Ribas do Rio Pardo","aquifer":"","available_fields":"pH | TURBIDEZ","available_count":2,"pH":5.65999985,"electrical_conductivity":null,"temperature":null,"chemical_parameter":"","chemical_concentration":null,"source":"SIAGAS_MS_20260814","evidence_code":"E10"}},{"type":"Feature","geometry":{"type":"Point","coordinates":[-54.79049399999997,-19.866055999999958]},"properties":{"well_id":"3500071743","municipality":"Rochedo","aquifer":"","available_fields":"pH | CONDUTIVIDADE_ELETRICA | TEMPERATURA","available_count":3,"pH":5.69999981,"electrical_conductivity":31.0,"temperature":25.0,"chemical_parameter":"","chemical_concentration":null,"source":"SIAGAS_MS_20260814","evidence_code":"E10"}},{"type":"Feature","geometry":{"type":"Point","coordinates":[-52.59777799999995,-18.801943999999935]},"properties":{"well_id":"3500027007","municipality":"Chapadão do Sul","aquifer":"","available_fields":"pH | TURBIDEZ","available_count":2,"pH":7.11000013,"electrical_conductivity":null,"temperature":null,"chemical_parameter":"","chemical_concentration":null,"source":"SIAGAS_MS_20260814","evidence_code":"E10"}},{"type":"Feature","geometry":{"type":"Point","coordinates":[-53.893055999999945,-22.395277999999962]},"properties":{"well_id":"3500045648","municipality":"Ivinhema","aquifer":"Guarani","available_fields":"pH | TEMPERATURA | TURBIDEZ","available_count":3,"pH":9.0,"electrical_conductivity":null,"temperature":45.0,"chemical_parameter":"","chemical_concentration":null,"source":"SIAGAS_MS_20260814","evidence_code":"E10"}},{"type":"Feature","geometry":{"type":"Point","coordinates":[-54.52486099999999,-19.44822199999993]},"properties":{"well_id":"3500069335","municipality":"São Gabriel do Oeste","aquifer":"Não definido","available_fields":"pH | TEMPERATURA","available_count":2,"pH":7.67000008,"electrical_conductivity":null,"temperature":24.2000008,"chemical_parameter":"","chemical_concentration":null,"source":"SIAGAS_MS_20260814","evidence_code":"E10"}},{"type":"Feature","geometry":{"type":"Point","coordinates":[-52.474999999999966,-21.74166699999995]},"properties":{"well_id":"3500045666","municipality":"Bataguassu","aquifer":"Bauru","available_fields":"pH | CONDUTIVIDADE_ELETRICA | TEMPERATURA | Solidos dissolvidos totais","available_count":4,"pH":6.13999987,"electrical_conductivity":33.9,"temperature":19.0,"chemical_parameter":"Solidos dissolvidos totais","chemical_concentration":70.0,"source":"SIAGAS_MS_20260814","evidence_code":"E10"}},{"type":"Feature","geometry":{"type":"Point","coordinates":[-51.17888899999997,-19.696110999999974]},"properties":{"well_id":"3500045628","municipality":"Paranaíba","aquifer":"Serra geral","available_fields":"pH | Solidos dissolvidos totais","available_count":2,"pH":7.48999977,"electrical_conductivity":null,"temperature":null,"chemical_parameter":"Solidos dissolvidos totais","chemical_concentration":95.0,"source":"SIAGAS_MS_20260814","evidence_code":"E10"}},{"type":"Feature","geometry":{"type":"Point","coordinates":[-53.433610999999985,-21.998055999999963]},"properties":{"well_id":"3500027316","municipality":"Nova Andradina","aquifer":"Caiua","available_fields":"pH | CONDUTIVIDADE_ELETRICA | TEMPERATURA | Solidos dissolvidos totais","available_count":4,"pH":6.73000002,"electrical_conductivity":93.7,"temperature":25.0,"chemical_parameter":"Solidos dissolvidos totais","chemical_concentration":102.0,"source":"SIAGAS_MS_20260814","evidence_code":"E10"}},{"type":"Feature","geometry":{"type":"Point","coordinates":[-56.287499999999966,-20.13999999999993]},"properties":{"well_id":"3500053085","municipality":"Miranda","aquifer":"Coluvionar","available_fields":"pH | TEMPERATURA | TURBIDEZ","available_count":3,"pH":7.86999989,"electrical_conductivity":null,"temperature":23.0,"chemical_parameter":"","chemical_concentration":null,"source":"SIAGAS_MS_20260814","evidence_code":"E10"}},{"type":"Feature","geometry":{"type":"Point","coordinates":[-53.92777799999993,-22.371110999999928]},"properties":{"well_id":"3500027157","municipality":"Ivinhema","aquifer":"Caiua","available_fields":"pH | TEMPERATURA | TURBIDEZ | Solidos dissolvidos totais","available_count":4,"pH":5.69999981,"electrical_conductivity":null,"temperature":26.0,"chemical_parameter":"Solidos dissolvidos totais","chemical_concentration":15.6,"source":"SIAGAS_MS_20260814","evidence_code":"E10"}},{"type":"Feature","geometry":{"type":"Point","coordinates":[-52.03333299999997,-21.25222199999996]},"properties":{"well_id":"3500023287","municipality":"Brasilândia","aquifer":"Caiua","available_fields":"pH | CONDUTIVIDADE_ELETRICA | TURBIDEZ","available_count":3,"pH":6.69999981,"electrical_conductivity":382.2,"temperature":null,"chemical_parameter":"","chemical_concentration":null,"source":"SIAGAS_MS_20260814","evidence_code":"E10"}},{"type":"Feature","geometry":{"type":"Point","coordinates":[-54.590555999999935,-20.468610999999953]},"properties":{"well_id":"3500026928","municipality":"Campo Grande","aquifer":"Serra geral","available_fields":"pH | TURBIDEZ","available_count":2,"pH":6.36000013,"electrical_conductivity":null,"temperature":null,"chemical_parameter":"","chemical_concentration":null,"source":"SIAGAS_MS_20260814","evidence_code":"E10"}},{"type":"Feature","geometry":{"type":"Point","coordinates":[-54.85861099999994,-22.080555999999945]},"properties":{"well_id":"3500045603","municipality":"Itaporã","aquifer":"Serra geral","available_fields":"pH | CONDUTIVIDADE_ELETRICA | TURBIDEZ","available_count":3,"pH":6.0999999,"electrical_conductivity":77.5,"temperature":null,"chemical_parameter":"","chemical_concentration":null,"source":"SIAGAS_MS_20260814","evidence_code":"E10"}},{"type":"Feature","geometry":{"type":"Point","coordinates":[-54.67194399999994,-20.459721999999942]},"properties":{"well_id":"3500045608","municipality":"Campo Grande","aquifer":"Guarani","available_fields":"pH | TURBIDEZ","available_count":2,"pH":7.3499999,"electrical_conductivity":null,"temperature":null,"chemical_parameter":"","chemical_concentration":null,"source":"SIAGAS_MS_20260814","evidence_code":"E10"}},{"type":"Feature","geometry":{"type":"Point","coordinates":[-54.20472199999995,-21.836666999999977]},"properties":{"well_id":"3500045675","municipality":"Rio Brilhante","aquifer":"Serra geral","available_fields":"pH | TEMPERATURA | TURBIDEZ","available_count":3,"pH":7.71999979,"electrical_conductivity":null,"temperature":14.1000004,"chemical_parameter":"","chemical_concentration":null,"source":"SIAGAS_MS_20260814","evidence_code":"E10"}},{"type":"Feature","geometry":{"type":"Point","coordinates":[-54.57111099999997,-20.37722199999996]},"properties":{"well_id":"3500045693","municipality":"Campo Grande","aquifer":"Caiua","available_fields":"pH | CONDUTIVIDADE_ELETRICA | TURBIDEZ","available_count":3,"pH":6.19999981,"electrical_conductivity":70.0,"temperature":null,"chemical_parameter":"","chemical_concentration":null,"source":"SIAGAS_MS_20260814","evidence_code":"E10"}},{"type":"Feature","geometry":{"type":"Point","coordinates":[-51.82111099999997,-20.988888999999972]},"properties":{"well_id":"3500045705","municipality":"Três Lagoas","aquifer":"Bauru","available_fields":"pH | CONDUTIVIDADE_ELETRICA | TEMPERATURA | TURBIDEZ","available_count":4,"pH":6.46999979,"electrical_conductivity":22.1,"temperature":26.0,"chemical_parameter":"","chemical_concentration":null,"source":"SIAGAS_MS_20260814","evidence_code":"E10"}},{"type":"Feature","geometry":{"type":"Point","coordinates":[-51.83527799999996,-20.997777999999983]},"properties":{"well_id":"3500045707","municipality":"Três Lagoas","aquifer":"Bauru","available_fields":"pH | CONDUTIVIDADE_ELETRICA | TURBIDEZ","available_count":3,"pH":5.82999992,"electrical_conductivity":5.69,"temperature":null,"chemical_parameter":"","chemical_concentration":null,"source":"SIAGAS_MS_20260814","evidence_code":"E10"}},{"type":"Feature","geometry":{"type":"Point","coordinates":[-54.72111099999995,-20.47888899999998]},"properties":{"well_id":"3500065038","municipality":"Campo Grande","aquifer":"Serra geral","available_fields":"pH | TEMPERATURA | Solidos dissolvidos totais","available_count":3,"pH":6.01000023,"electrical_conductivity":null,"temperature":19.0,"chemical_parameter":"Solidos dissolvidos totais","chemical_concentration":5.0,"source":"SIAGAS_MS_20260814","evidence_code":"E10"}},{"type":"Feature","geometry":{"type":"Point","coordinates":[-54.34722199999993,-22.32416699999993]},"properties":{"well_id":"3500065055","municipality":"Fátima do Sul","aquifer":"Serra geral","available_fields":"pH | TEMPERATURA | Solidos dissolvidos totais","available_count":3,"pH":6.4000001,"electrical_conductivity":null,"temperature":25.5,"chemical_parameter":"Solidos dissolvidos totais","chemical_concentration":165.4,"source":"SIAGAS_MS_20260814","evidence_code":"E10"}},{"type":"Feature","geometry":{"type":"Point","coordinates":[-54.40833299999997,-23.892777999999964]},"properties":{"well_id":"3500065062","municipality":"Japorã","aquifer":"Caiua","available_fields":"CONDUTIVIDADE_ELETRICA | Solidos dissolvidos totais","available_count":2,"pH":null,"electrical_conductivity":0.02,"temperature":null,"chemical_parameter":"Solidos dissolvidos totais","chemical_concentration":51.0,"source":"SIAGAS_MS_20260814","evidence_code":"E10"}},{"type":"Feature","geometry":{"type":"Point","coordinates":[-54.85722199999998,-18.925832999999955]},"properties":{"well_id":"3500065071","municipality":"Rio Verde de Mato Grosso","aquifer":"Furnas","available_fields":"pH | TEMPERATURA | Solidos dissolvidos totais","available_count":3,"pH":5.0999999,"electrical_conductivity":null,"temperature":9.0,"chemical_parameter":"Solidos dissolvidos totais","chemical_concentration":21.6,"source":"SIAGAS_MS_20260814","evidence_code":"E10"}},{"type":"Feature","geometry":{"type":"Point","coordinates":[-53.632221999999956,-18.678610999999933]},"properties":{"well_id":"3500065057","municipality":"Figueirão","aquifer":"Guarani","available_fields":"pH | TEMPERATURA | Solidos dissolvidos totais","available_count":3,"pH":7.19999981,"electrical_conductivity":null,"temperature":11.0,"chemical_parameter":"Solidos dissolvidos totais","chemical_concentration":103.5,"source":"SIAGAS_MS_20260814","evidence_code":"E10"}},{"type":"Feature","geometry":{"type":"Point","coordinates":[-53.708887999999945,-18.325832999999932]},"properties":{"well_id":"3500022590","municipality":"Alcinópolis","aquifer":"Guarani","available_fields":"pH | CONDUTIVIDADE_ELETRICA | TEMPERATURA | Solidos dissolvidos totais","available_count":4,"pH":6.21000004,"electrical_conductivity":124.0,"temperature":26.7000008,"chemical_parameter":"Solidos dissolvidos totais","chemical_concentration":124.39,"source":"SIAGAS_MS_20260814","evidence_code":"E10"}},{"type":"Feature","geometry":{"type":"Point","coordinates":[-54.79472199999998,-22.08722199999994]},"properties":{"well_id":"3500023068","municipality":"Itaporã","aquifer":"Guarani","available_fields":"pH | CONDUTIVIDADE_ELETRICA | TEMPERATURA | Solidos dissolvidos totais","available_count":4,"pH":6.46999979,"electrical_conductivity":112.0,"temperature":25.0,"chemical_parameter":"Solidos dissolvidos totais","chemical_concentration":104.03,"source":"SIAGAS_MS_20260814","evidence_code":"E10"}},{"type":"Feature","geometry":{"type":"Point","coordinates":[-56.601943999999946,-21.54249999999996]},"properties":{"well_id":"3500023124","municipality":"Jardim","aquifer":"Guarani","available_fields":"pH | CONDUTIVIDADE_ELETRICA | TEMPERATURA | Solidos dissolvidos totais","available_count":4,"pH":6.07000017,"electrical_conductivity":68.2,"temperature":25.6000004,"chemical_parameter":"Solidos dissolvidos totais","chemical_concentration":70.42,"source":"SIAGAS_MS_20260814","evidence_code":"E10"}},{"type":"Feature","geometry":{"type":"Point","coordinates":[-54.041110999999944,-19.53611099999995]},"properties":{"well_id":"3500065089","municipality":"Camapuã","aquifer":"Guarani","available_fields":"pH | CONDUTIVIDADE_ELETRICA | TEMPERATURA | Solidos dissolvidos totais","available_count":4,"pH":7.67000008,"electrical_conductivity":170.2,"temperature":26.8999996,"chemical_parameter":"Solidos dissolvidos totais","chemical_concentration":161.48,"source":"SIAGAS_MS_20260814","evidence_code":"E10"}},{"type":"Feature","geometry":{"type":"Point","coordinates":[-54.57611099999997,-19.394999999999982]},"properties":{"well_id":"3500065124","municipality":"São Gabriel do Oeste","aquifer":"Serra geral","available_fields":"pH | CONDUTIVIDADE_ELETRICA | TEMPERATURA | Solidos dissolvidos totais","available_count":4,"pH":5.51000023,"electrical_conductivity":8.5,"temperature":24.5,"chemical_parameter":"Solidos dissolvidos totais","chemical_concentration":11.01,"source":"SIAGAS_MS_20260814","evidence_code":"E10"}},{"type":"Feature","geometry":{"type":"Point","coordinates":[-54.03972199999998,-19.558055999999965]},"properties":{"well_id":"3500065023","municipality":"Camapuã","aquifer":"Guarani","available_fields":"pH | Solidos dissolvidos totais","available_count":2,"pH":7.5999999,"electrical_conductivity":null,"temperature":null,"chemical_parameter":"Solidos dissolvidos totais","chemical_concentration":221.2,"source":"SIAGAS_MS_20260814","evidence_code":"E10"}},{"type":"Feature","geometry":{"type":"Point","coordinates":[-52.87472199999996,-20.446943999999974]},"properties":{"well_id":"3500065001","municipality":"Água Clara","aquifer":"Bauru","available_fields":"pH | Solidos dissolvidos totais","available_count":2,"pH":6.9000001,"electrical_conductivity":null,"temperature":null,"chemical_parameter":"Solidos dissolvidos totais","chemical_concentration":166.4,"source":"SIAGAS_MS_20260814","evidence_code":"E10"}},{"type":"Feature","geometry":{"type":"Point","coordinates":[-55.95666699999998,-22.191943999999978]},"properties":{"well_id":"3500065006","municipality":"Antônio João","aquifer":"Serra geral","available_fields":"pH | TEMPERATURA | Solidos dissolvidos totais","available_count":3,"pH":6.9000001,"electrical_conductivity":null,"temperature":5.0,"chemical_parameter":"Solidos dissolvidos totais","chemical_concentration":146.6,"source":"SIAGAS_MS_20260814","evidence_code":"E10"}},{"type":"Feature","geometry":{"type":"Point","coordinates":[-52.40888899999993,-21.709443999999962]},"properties":{"well_id":"3500065014","municipality":"Bataguassu","aquifer":"Caiua","available_fields":"pH | Solidos dissolvidos totais","available_count":2,"pH":5.4000001,"electrical_conductivity":null,"temperature":null,"chemical_parameter":"Solidos dissolvidos totais","chemical_concentration":101.1,"source":"SIAGAS_MS_20260814","evidence_code":"E10"}},{"type":"Feature","geometry":{"type":"Point","coordinates":[-54.694443999999976,-22.60666699999996]},"properties":{"well_id":"3500065021","municipality":"Caarapó","aquifer":"Caiua","available_fields":"pH | TEMPERATURA","available_count":2,"pH":8.19999981,"electrical_conductivity":null,"temperature":24.2000008,"chemical_parameter":"","chemical_concentration":null,"source":"SIAGAS_MS_20260814","evidence_code":"E10"}},{"type":"Feature","geometry":{"type":"Point","coordinates":[-54.640832999999986,-20.48249999999996]},"properties":{"well_id":"3500065027","municipality":"Campo Grande","aquifer":"Bauru","available_fields":"pH | CONDUTIVIDADE_ELETRICA | Solidos dissolvidos totais","available_count":3,"pH":6.80000019,"electrical_conductivity":0.16,"temperature":null,"chemical_parameter":"Solidos dissolvidos totais","chemical_concentration":60.0,"source":"SIAGAS_MS_20260814","evidence_code":"E10"}},{"type":"Feature","geometry":{"type":"Point","coordinates":[-57.01396099999994,-19.478402999999958]},"properties":{"well_id":"3500071760","municipality":"Corumbá","aquifer":"Cobertura cenozoica","available_fields":"pH | TEMPERATURA","available_count":2,"pH":6.76999998,"electrical_conductivity":null,"temperature":20.0,"chemical_parameter":"","chemical_concentration":null,"source":"SIAGAS_MS_20260814","evidence_code":"E10"}},{"type":"Feature","geometry":{"type":"Point","coordinates":[-54.433002999999985,-19.549035999999944]},"properties":{"well_id":"3500071625","municipality":"São Gabriel do Oeste","aquifer":"Guarani","available_fields":"pH | CONDUTIVIDADE_ELETRICA | TEMPERATURA","available_count":3,"pH":5.69999981,"electrical_conductivity":53.46,"temperature":24.0,"chemical_parameter":"","chemical_concentration":null,"source":"SIAGAS_MS_20260814","evidence_code":"E10"}},{"type":"Feature","geometry":{"type":"Point","coordinates":[-54.70437499999997,-19.218343999999945]},"properties":{"well_id":"3500071619","municipality":"São Gabriel do Oeste","aquifer":"Guarani","available_fields":"pH | CONDUTIVIDADE_ELETRICA","available_count":2,"pH":7.63000011,"electrical_conductivity":115.59,"temperature":null,"chemical_parameter":"","chemical_concentration":null,"source":"SIAGAS_MS_20260814","evidence_code":"E10"}},{"type":"Feature","geometry":{"type":"Point","coordinates":[-54.73643099999998,-18.504099999999937]},"properties":{"well_id":"3500071235","municipality":"Coxim","aquifer":"Furnas","available_fields":"pH","available_count":1,"pH":6.05000019,"electrical_conductivity":null,"temperature":null,"chemical_parameter":"","chemical_concentration":null,"source":"SIAGAS_MS_20260814","evidence_code":"E10"}},{"type":"Feature","geometry":{"type":"Point","coordinates":[-54.042532999999935,-19.536877999999945]},"properties":{"well_id":"3500070738","municipality":"Camapuã","aquifer":"Guarani","available_fields":"pH | CONDUTIVIDADE_ELETRICA | TEMPERATURA","available_count":3,"pH":6.88000011,"electrical_conductivity":37.6,"temperature":24.2999992,"chemical_parameter":"","chemical_concentration":null,"source":"SIAGAS_MS_20260814","evidence_code":"E10"}},{"type":"Feature","geometry":{"type":"Point","coordinates":[-52.41184999999996,-21.69963599999994]},"properties":{"well_id":"3500070114","municipality":"Bataguassu","aquifer":"Bauru_Caiua","available_fields":"pH | TEMPERATURA","available_count":2,"pH":6.67999983,"electrical_conductivity":null,"temperature":6.69999981,"chemical_parameter":"","chemical_concentration":null,"source":"SIAGAS_MS_20260814","evidence_code":"E10"}},{"type":"Feature","geometry":{"type":"Point","coordinates":[-55.82385599999998,-21.142871999999954]},"properties":{"well_id":"3500069912","municipality":"Nioaque","aquifer":"Guarani","available_fields":"pH | TEMPERATURA","available_count":2,"pH":6.0,"electrical_conductivity":null,"temperature":21.0,"chemical_parameter":"","chemical_concentration":null,"source":"SIAGAS_MS_20260814","evidence_code":"E10"}},{"type":"Feature","geometry":{"type":"Point","coordinates":[-55.07778899999994,-22.737649999999974]},"properties":{"well_id":"3500069874","municipality":"Laguna Carapã","aquifer":"Serra geral","available_fields":"pH | CONDUTIVIDADE_ELETRICA | TEMPERATURA","available_count":3,"pH":5.32999992,"electrical_conductivity":59.39,"temperature":22.0,"chemical_parameter":"","chemical_concentration":null,"source":"SIAGAS_MS_20260814","evidence_code":"E10"}},{"type":"Feature","geometry":{"type":"Point","coordinates":[-54.81444399999998,-22.59583299999997]},"properties":{"well_id":"3500026956","municipality":"Caarapó","aquifer":"Serra geral","available_fields":"pH | CONDUTIVIDADE_ELETRICA | TURBIDEZ","available_count":3,"pH":8.69999981,"electrical_conductivity":156.0,"temperature":null,"chemical_parameter":"","chemical_concentration":null,"source":"SIAGAS_MS_20260814","evidence_code":"E10"}},{"type":"Feature","geometry":{"type":"Point","coordinates":[-53.331110999999964,-22.248332999999946]},"properties":{"well_id":"3500026987","municipality":"Nova Andradina","aquifer":"Bauru","available_fields":"pH | TEMPERATURA | TURBIDEZ | Solidos dissolvidos totais","available_count":4,"pH":6.01999998,"electrical_conductivity":null,"temperature":26.6000004,"chemical_parameter":"Solidos dissolvidos totais","chemical_concentration":39.1,"source":"SIAGAS_MS_20260814","evidence_code":"E10"}},{"type":"Feature","geometry":{"type":"Point","coordinates":[-55.15777799999995,-22.278332999999975]},"properties":{"well_id":"3500027010","municipality":"Ponta Porã","aquifer":"Serra geral","available_fields":"pH | TEMPERATURA | TURBIDEZ","available_count":3,"pH":5.53000021,"electrical_conductivity":null,"temperature":22.0,"chemical_parameter":"","chemical_concentration":null,"source":"SIAGAS_MS_20260814","evidence_code":"E10"}},{"type":"Feature","geometry":{"type":"Point","coordinates":[-54.79777799999994,-22.112499999999955]},"properties":{"well_id":"3500027022","municipality":"Itaporã","aquifer":"Serra geral","available_fields":"pH | TURBIDEZ","available_count":2,"pH":6.76999998,"electrical_conductivity":null,"temperature":null,"chemical_parameter":"","chemical_concentration":null,"source":"SIAGAS_MS_20260814","evidence_code":"E10"}},{"type":"Feature","geometry":{"type":"Point","coordinates":[-51.41472199999998,-20.359721999999977]},"properties":{"well_id":"3500027038","municipality":"Selvíria","aquifer":"Bauru","available_fields":"pH | TURBIDEZ","available_count":2,"pH":6.01000023,"electrical_conductivity":null,"temperature":null,"chemical_parameter":"","chemical_concentration":null,"source":"SIAGAS_MS_20260814","evidence_code":"E10"}},{"type":"Feature","geometry":{"type":"Point","coordinates":[-55.62527799999998,-21.69777799999997]},"properties":{"well_id":"3500027107","municipality":"Maracaju","aquifer":"Serra geral","available_fields":"pH | TEMPERATURA | TURBIDEZ","available_count":3,"pH":8.10000038,"electrical_conductivity":null,"temperature":30.0,"chemical_parameter":"","chemical_concentration":null,"source":"SIAGAS_MS_20260814","evidence_code":"E10"}},{"type":"Feature","geometry":{"type":"Point","coordinates":[-52.41888899999998,-21.71916699999997]},"properties":{"well_id":"3500027114","municipality":"Bataguassu","aquifer":"Caiua","available_fields":"pH | Solidos dissolvidos totais","available_count":2,"pH":6.5999999,"electrical_conductivity":null,"temperature":null,"chemical_parameter":"Solidos dissolvidos totais","chemical_concentration":51.4,"source":"SIAGAS_MS_20260814","evidence_code":"E10"}},{"type":"Feature","geometry":{"type":"Point","coordinates":[-54.79472199999998,-22.258055999999954]},"properties":{"well_id":"3500027140","municipality":"Dourados","aquifer":"Serra geral","available_fields":"pH | TURBIDEZ | Solidos dissolvidos totais","available_count":3,"pH":6.94999981,"electrical_conductivity":null,"temperature":null,"chemical_parameter":"Solidos dissolvidos totais","chemical_concentration":307.0,"source":"SIAGAS_MS_20260814","evidence_code":"E10"}},{"type":"Feature","geometry":{"type":"Point","coordinates":[-55.163332999999966,-21.609166999999957]},"properties":{"well_id":"3500027159","municipality":"Maracaju","aquifer":"Serra geral","available_fields":"pH | TURBIDEZ | Solidos dissolvidos totais","available_count":3,"pH":7.42000008,"electrical_conductivity":null,"temperature":null,"chemical_parameter":"Solidos dissolvidos totais","chemical_concentration":177.0,"source":"SIAGAS_MS_20260814","evidence_code":"E10"}},{"type":"Feature","geometry":{"type":"Point","coordinates":[-54.31416699999994,-22.214999999999975]},"properties":{"well_id":"3500045119","municipality":"Dourados","aquifer":"Caiua","available_fields":"pH | TEMPERATURA | TURBIDEZ","available_count":3,"pH":6.03000021,"electrical_conductivity":null,"temperature":20.0,"chemical_parameter":"","chemical_concentration":null,"source":"SIAGAS_MS_20260814","evidence_code":"E10"}},{"type":"Feature","geometry":{"type":"Point","coordinates":[-52.87944399999998,-20.444999999999936]},"properties":{"well_id":"3500045616","municipality":"Água Clara","aquifer":"Bauru","available_fields":"pH | TEMPERATURA | TURBIDEZ | Solidos dissolvidos totais","available_count":4,"pH":7.0999999,"electrical_conductivity":null,"temperature":23.7999992,"chemical_parameter":"Solidos dissolvidos totais","chemical_concentration":123.3,"source":"SIAGAS_MS_20260814","evidence_code":"E10"}},{"type":"Feature","geometry":{"type":"Point","coordinates":[-57.465277999999955,-22.030277999999953]},"properties":{"well_id":"3500053082","municipality":"Porto Murtinho","aquifer":"Rocha cristalina","available_fields":"pH | TEMPERATURA | TURBIDEZ","available_count":3,"pH":6.26999998,"electrical_conductivity":null,"temperature":37.2999992,"chemical_parameter":"","chemical_concentration":null,"source":"SIAGAS_MS_20260814","evidence_code":"E10"}},{"type":"Feature","geometry":{"type":"Point","coordinates":[-53.75333299999994,-20.437776999999983]},"properties":{"well_id":"3500023256","municipality":"Ribas do Rio Pardo","aquifer":"Serra geral","available_fields":"pH | CONDUTIVIDADE_ELETRICA | TEMPERATURA | Solidos dissolvidos totais","available_count":4,"pH":6.94999981,"electrical_conductivity":245.0,"temperature":26.1000004,"chemical_parameter":"Solidos dissolvidos totais","chemical_concentration":215.31,"source":"SIAGAS_MS_20260814","evidence_code":"E10"}},{"type":"Feature","geometry":{"type":"Point","coordinates":[-54.20055499999995,-23.05666599999995]},"properties":{"well_id":"3500023393","municipality":"Naviraí","aquifer":"Caiua","available_fields":"pH | TURBIDEZ","available_count":2,"pH":7.4000001,"electrical_conductivity":null,"temperature":null,"chemical_parameter":"","chemical_concentration":null,"source":"SIAGAS_MS_20260814","evidence_code":"E10"}}],"pih_metadata":{"code":"E10","name":"Evidência hidroquímica e físico-química parcial","scientific_question":"Onde existe pelo menos um campo físico-químico ou químico na extração atual","source_dataset":"SIAGAS_MS_20260814","inclusion_rule":"Pelo menos um entre pH, condutividade elétrica, temperatura, turbidez ou parâmetro químico exposto","limitations":"Não representa análise hidroquímica completa. O parâmetro químico massivo identificado é sólidos dissolvidos totais","feature_count":2053,"grid_readiness":"READY_FOR_GRID_COUNTS","aggregation_rule_provisional":"COUNT_DISTINCT(well_id); COUNT_BY(available_fields); não combinar analitos diferentes","cutoff_date":"2026-08-29"}}