well_id,dataset,field,value,flag_type,severity,reason,automatic_correction
3500071469,SIAGAS_MS_20260814,num_vazao_especifica,-0.039,OBJECTIVE_INVALID,INVALID,valor negativo para parâmetro que requer revisão,NONE
3500071469,SIAGAS_MS_20260814,ne|nd,NE=10.11; ND=5.09,HYDRAULIC_RELATION_REVIEW,REVIEW,ND menor que NE sob convenção de profundidade; coincide com vazão específica negativa nos registros detectados,NONE
3500071633,SIAGAS_MS_20260814,coordinates,"-20.517803,-54.683775000000004",EXACT_COORDINATE_SHARED,REVIEW,coordenada idêntica compartilhada por IDs distintos,NONE
3500069734,SIAGAS_MS_20260814,coordinates,"-22.221275,-54.813456",EXACT_COORDINATE_SHARED,REVIEW,coordenada idêntica compartilhada por IDs distintos,NONE
3500023237,SIAGAS_MS_20260814,coordinates,"-19.251943999999998,-54.326388",EXACT_COORDINATE_SHARED,REVIEW,coordenada idêntica compartilhada por IDs distintos,NONE
3500023171,SIAGAS_MS_20260814,coordinates,"-22.159166,-53.771387999999995",EXACT_COORDINATE_SHARED,REVIEW,coordenada idêntica compartilhada por IDs distintos,NONE
3500023266,SIAGAS_MS_20260814,coordinates,"-21.768055,-54.5675",EXACT_COORDINATE_SHARED,REVIEW,coordenada idêntica compartilhada por IDs distintos,NONE
3500067322,SIAGAS_MS_20260814,coordinates,"-18.516389,-53.1575",EXACT_COORDINATE_SHARED,REVIEW,coordenada idêntica compartilhada por IDs distintos,NONE
3500023081,SIAGAS_MS_20260814,coordinates,"-21.122222,-56.495555",EXACT_COORDINATE_SHARED,REVIEW,coordenada idêntica compartilhada por IDs distintos,NONE
3500022779,SIAGAS_MS_20260814,coordinates,"-22.018611,-57.017222000000004",EXACT_COORDINATE_SHARED,REVIEW,coordenada idêntica compartilhada por IDs distintos,NONE
3500022722,SIAGAS_MS_20260814,coordinates,"-23.067777,-54.188611",EXACT_COORDINATE_SHARED,REVIEW,coordenada idêntica compartilhada por IDs distintos,NONE
3500023108,SIAGAS_MS_20260814,coordinates,"-22.655555,-53.86",EXACT_COORDINATE_SHARED,REVIEW,coordenada idêntica compartilhada por IDs distintos,NONE
3500023267,SIAGAS_MS_20260814,coordinates,"-21.768055,-54.5675",EXACT_COORDINATE_SHARED,REVIEW,coordenada idêntica compartilhada por IDs distintos,NONE
3500023235,SIAGAS_MS_20260814,coordinates,"-19.4025,-54.584444000000005",EXACT_COORDINATE_SHARED,REVIEW,coordenada idêntica compartilhada por IDs distintos,NONE
3500023051,SIAGAS_MS_20260814,coordinates,"-22.254444,-53.340555",EXACT_COORDINATE_SHARED,REVIEW,coordenada idêntica compartilhada por IDs distintos,NONE
3500022784,SIAGAS_MS_20260814,coordinates,"-22.018611,-57.017222000000004",EXACT_COORDINATE_SHARED,REVIEW,coordenada idêntica compartilhada por IDs distintos,NONE
3500071019,SIAGAS_MS_20260814,num_vazao_especifica,-1.675,OBJECTIVE_INVALID,INVALID,valor negativo para parâmetro que requer revisão,NONE
3500071019,SIAGAS_MS_20260814,ne|nd,NE=10.77; ND=7.42,HYDRAULIC_RELATION_REVIEW,REVIEW,ND menor que NE sob convenção de profundidade; coincide com vazão específica negativa nos registros detectados,NONE
3500023234,SIAGAS_MS_20260814,coordinates,"-19.4025,-54.584444000000005",EXACT_COORDINATE_SHARED,REVIEW,coordenada idêntica compartilhada por IDs distintos,NONE
3500072379,SIAGAS_MS_20260814,coordinates,"-20.479581000000003,-54.758325",EXACT_COORDINATE_SHARED,REVIEW,coordenada idêntica compartilhada por IDs distintos,NONE
3500026978,SIAGAS_MS_20260814,coordinates,"-21.890278,-54.492222",EXACT_COORDINATE_SHARED,REVIEW,coordenada idêntica compartilhada por IDs distintos,NONE
3500073149,SIAGAS_MS_20260814,coordinates,"-20.517803,-54.683775000000004",EXACT_COORDINATE_SHARED,REVIEW,coordenada idêntica compartilhada por IDs distintos,NONE
3500067319,SIAGAS_MS_20260814,coordinates,"-18.887222,-53.004444",EXACT_COORDINATE_SHARED,REVIEW,coordenada idêntica compartilhada por IDs distintos,NONE
3500067321,SIAGAS_MS_20260814,coordinates,"-18.516389,-53.1575",EXACT_COORDINATE_SHARED,REVIEW,coordenada idêntica compartilhada por IDs distintos,NONE
3500023238,SIAGAS_MS_20260814,coordinates,"-19.251943999999998,-54.326388",EXACT_COORDINATE_SHARED,REVIEW,coordenada idêntica compartilhada por IDs distintos,NONE
3500027269,SIAGAS_MS_20260814,coordinates,"-20.453332999999997,-55.425",EXACT_COORDINATE_SHARED,REVIEW,coordenada idêntica compartilhada por IDs distintos,NONE
3500070928,SIAGAS_MS_20260814,coordinates,"-20.479581000000003,-54.758325",EXACT_COORDINATE_SHARED,REVIEW,coordenada idêntica compartilhada por IDs distintos,NONE
3500070831,SIAGAS_MS_20260814,num_vazao_especifica,-0.076,OBJECTIVE_INVALID,INVALID,valor negativo para parâmetro que requer revisão,NONE
3500070831,SIAGAS_MS_20260814,ne|nd,NE=13.9; ND=3.9,HYDRAULIC_RELATION_REVIEW,REVIEW,ND menor que NE sob convenção de profundidade; coincide com vazão específica negativa nos registros detectados,NONE
3500067320,SIAGAS_MS_20260814,coordinates,"-18.887222,-53.004444",EXACT_COORDINATE_SHARED,REVIEW,coordenada idêntica compartilhada por IDs distintos,NONE
3500023172,SIAGAS_MS_20260814,coordinates,"-22.159166,-53.771387999999995",EXACT_COORDINATE_SHARED,REVIEW,coordenada idêntica compartilhada por IDs distintos,NONE
3500023179,SIAGAS_MS_20260814,coordinates,"-22.178333,-52.718333",EXACT_COORDINATE_SHARED,REVIEW,coordenada idêntica compartilhada por IDs distintos,NONE
3500023109,SIAGAS_MS_20260814,coordinates,"-22.651666,-53.857777",EXACT_COORDINATE_SHARED,REVIEW,coordenada idêntica compartilhada por IDs distintos,NONE
3500022936,SIAGAS_MS_20260814,coordinates,"-22.156388000000003,-53.779166",EXACT_COORDINATE_SHARED,REVIEW,coordenada idêntica compartilhada por IDs distintos,NONE
3500023030,SIAGAS_MS_20260814,coordinates,"-23.067777,-54.188611",EXACT_COORDINATE_SHARED,REVIEW,coordenada idêntica compartilhada por IDs distintos,NONE
3500023083,SIAGAS_MS_20260814,coordinates,"-21.122222,-56.495555",EXACT_COORDINATE_SHARED,REVIEW,coordenada idêntica compartilhada por IDs distintos,NONE
3500022938,SIAGAS_MS_20260814,coordinates,"-22.156388000000003,-53.779166",EXACT_COORDINATE_SHARED,REVIEW,coordenada idêntica compartilhada por IDs distintos,NONE
3500023374,SIAGAS_MS_20260814,coordinates,"-22.655555,-53.86",EXACT_COORDINATE_SHARED,REVIEW,coordenada idêntica compartilhada por IDs distintos,NONE
3500023375,SIAGAS_MS_20260814,coordinates,"-22.651666,-53.857777",EXACT_COORDINATE_SHARED,REVIEW,coordenada idêntica compartilhada por IDs distintos,NONE
3500023178,SIAGAS_MS_20260814,coordinates,"-22.178333,-52.718333",EXACT_COORDINATE_SHARED,REVIEW,coordenada idêntica compartilhada por IDs distintos,NONE
3500022553,SIAGAS_MS_20260814,coordinates,"-22.254444,-53.340555",EXACT_COORDINATE_SHARED,REVIEW,coordenada idêntica compartilhada por IDs distintos,NONE
3500022612,SIAGAS_MS_20260814,coordinates,"-18.923888,-54.847222",EXACT_COORDINATE_SHARED,REVIEW,coordenada idêntica compartilhada por IDs distintos,NONE
3500022802,SIAGAS_MS_20260814,coordinates,"-20.453332999999997,-55.425",EXACT_COORDINATE_SHARED,REVIEW,coordenada idêntica compartilhada por IDs distintos,NONE
3500023006,SIAGAS_MS_20260814,coordinates,"-18.923888,-54.847222",EXACT_COORDINATE_SHARED,REVIEW,coordenada idêntica compartilhada por IDs distintos,NONE
3500072835,SIAGAS_MS_20260814,coordinates,"-22.221275,-54.813456",EXACT_COORDINATE_SHARED,REVIEW,coordenada idêntica compartilhada por IDs distintos,NONE
3500026976,SIAGAS_MS_20260814,coordinates,"-21.890278,-54.492222",EXACT_COORDINATE_SHARED,REVIEW,coordenada idêntica compartilhada por IDs distintos,NONE
3500071741,SIAGAS_MS_20260814,num_vazao_especifica,0.0,ZERO_REQUIRES_REVIEW,REVIEW,"zero preservado, não convertido em ausência",NONE
3500022467,SGB_HIDRO_MS_2024_POCOS,profundida,0.0,ZERO_REQUIRES_REVIEW,REVIEW,zero preservado; provável ausência administrativa em parte dos registros,NONE
3500022467,SGB_HIDRO_MS_2024_POCOS,Cond_Eletr,0.0,ZERO_REQUIRES_REVIEW,REVIEW,zero preservado e não assumido como medição válida,NONE
3500022468,SGB_HIDRO_MS_2024_POCOS,profundida,0.0,ZERO_REQUIRES_REVIEW,REVIEW,zero preservado; provável ausência administrativa em parte dos registros,NONE
3500022468,SGB_HIDRO_MS_2024_POCOS,Cond_Eletr,0.0,ZERO_REQUIRES_REVIEW,REVIEW,zero preservado e não assumido como medição válida,NONE
3500022469,SGB_HIDRO_MS_2024_POCOS,profundida,0.0,ZERO_REQUIRES_REVIEW,REVIEW,zero preservado; provável ausência administrativa em parte dos registros,NONE
3500022469,SGB_HIDRO_MS_2024_POCOS,Cond_Eletr,0.0,ZERO_REQUIRES_REVIEW,REVIEW,zero preservado e não assumido como medição válida,NONE
3500022470,SGB_HIDRO_MS_2024_POCOS,profundida,0.0,ZERO_REQUIRES_REVIEW,REVIEW,zero preservado; provável ausência administrativa em parte dos registros,NONE
3500022470,SGB_HIDRO_MS_2024_POCOS,Cond_Eletr,0.0,ZERO_REQUIRES_REVIEW,REVIEW,zero preservado e não assumido como medição válida,NONE
3500022471,SGB_HIDRO_MS_2024_POCOS,profundida,0.0,ZERO_REQUIRES_REVIEW,REVIEW,zero preservado; provável ausência administrativa em parte dos registros,NONE
3500022471,SGB_HIDRO_MS_2024_POCOS,Cond_Eletr,0.0,ZERO_REQUIRES_REVIEW,REVIEW,zero preservado e não assumido como medição válida,NONE
3500022472,SGB_HIDRO_MS_2024_POCOS,profundida,0.0,ZERO_REQUIRES_REVIEW,REVIEW,zero preservado; provável ausência administrativa em parte dos registros,NONE
3500022472,SGB_HIDRO_MS_2024_POCOS,Cond_Eletr,0.0,ZERO_REQUIRES_REVIEW,REVIEW,zero preservado e não assumido como medição válida,NONE
3500022473,SGB_HIDRO_MS_2024_POCOS,profundida,0.0,ZERO_REQUIRES_REVIEW,REVIEW,zero preservado; provável ausência administrativa em parte dos registros,NONE
3500022473,SGB_HIDRO_MS_2024_POCOS,Cond_Eletr,0.0,ZERO_REQUIRES_REVIEW,REVIEW,zero preservado e não assumido como medição válida,NONE
3500022474,SGB_HIDRO_MS_2024_POCOS,profundida,0.0,ZERO_REQUIRES_REVIEW,REVIEW,zero preservado; provável ausência administrativa em parte dos registros,NONE
3500022474,SGB_HIDRO_MS_2024_POCOS,Cond_Eletr,0.0,ZERO_REQUIRES_REVIEW,REVIEW,zero preservado e não assumido como medição válida,NONE
3500022475,SGB_HIDRO_MS_2024_POCOS,profundida,0.0,ZERO_REQUIRES_REVIEW,REVIEW,zero preservado; provável ausência administrativa em parte dos registros,NONE
3500022475,SGB_HIDRO_MS_2024_POCOS,Cond_Eletr,0.0,ZERO_REQUIRES_REVIEW,REVIEW,zero preservado e não assumido como medição válida,NONE
3500022476,SGB_HIDRO_MS_2024_POCOS,profundida,0.0,ZERO_REQUIRES_REVIEW,REVIEW,zero preservado; provável ausência administrativa em parte dos registros,NONE
3500022476,SGB_HIDRO_MS_2024_POCOS,Cond_Eletr,0.0,ZERO_REQUIRES_REVIEW,REVIEW,zero preservado e não assumido como medição válida,NONE
3500022477,SGB_HIDRO_MS_2024_POCOS,profundida,0.0,ZERO_REQUIRES_REVIEW,REVIEW,zero preservado; provável ausência administrativa em parte dos registros,NONE
3500022477,SGB_HIDRO_MS_2024_POCOS,Cond_Eletr,0.0,ZERO_REQUIRES_REVIEW,REVIEW,zero preservado e não assumido como medição válida,NONE
3500022478,SGB_HIDRO_MS_2024_POCOS,profundida,0.0,ZERO_REQUIRES_REVIEW,REVIEW,zero preservado; provável ausência administrativa em parte dos registros,NONE
3500022478,SGB_HIDRO_MS_2024_POCOS,Cond_Eletr,0.0,ZERO_REQUIRES_REVIEW,REVIEW,zero preservado e não assumido como medição válida,NONE
3500022479,SGB_HIDRO_MS_2024_POCOS,profundida,0.0,ZERO_REQUIRES_REVIEW,REVIEW,zero preservado; provável ausência administrativa em parte dos registros,NONE
3500022479,SGB_HIDRO_MS_2024_POCOS,Cond_Eletr,0.0,ZERO_REQUIRES_REVIEW,REVIEW,zero preservado e não assumido como medição válida,NONE
3500022480,SGB_HIDRO_MS_2024_POCOS,profundida,0.0,ZERO_REQUIRES_REVIEW,REVIEW,zero preservado; provável ausência administrativa em parte dos registros,NONE
3500022480,SGB_HIDRO_MS_2024_POCOS,Cond_Eletr,0.0,ZERO_REQUIRES_REVIEW,REVIEW,zero preservado e não assumido como medição válida,NONE
3500022481,SGB_HIDRO_MS_2024_POCOS,profundida,0.0,ZERO_REQUIRES_REVIEW,REVIEW,zero preservado; provável ausência administrativa em parte dos registros,NONE
3500022481,SGB_HIDRO_MS_2024_POCOS,Cond_Eletr,0.0,ZERO_REQUIRES_REVIEW,REVIEW,zero preservado e não assumido como medição válida,NONE
3500022482,SGB_HIDRO_MS_2024_POCOS,profundida,0.0,ZERO_REQUIRES_REVIEW,REVIEW,zero preservado; provável ausência administrativa em parte dos registros,NONE
3500022482,SGB_HIDRO_MS_2024_POCOS,Cond_Eletr,0.0,ZERO_REQUIRES_REVIEW,REVIEW,zero preservado e não assumido como medição válida,NONE
3500022483,SGB_HIDRO_MS_2024_POCOS,profundida,0.0,ZERO_REQUIRES_REVIEW,REVIEW,zero preservado; provável ausência administrativa em parte dos registros,NONE
3500022483,SGB_HIDRO_MS_2024_POCOS,Cond_Eletr,0.0,ZERO_REQUIRES_REVIEW,REVIEW,zero preservado e não assumido como medição válida,NONE
3500022484,SGB_HIDRO_MS_2024_POCOS,profundida,0.0,ZERO_REQUIRES_REVIEW,REVIEW,zero preservado; provável ausência administrativa em parte dos registros,NONE
3500022484,SGB_HIDRO_MS_2024_POCOS,Cond_Eletr,0.0,ZERO_REQUIRES_REVIEW,REVIEW,zero preservado e não assumido como medição válida,NONE
3500022485,SGB_HIDRO_MS_2024_POCOS,profundida,0.0,ZERO_REQUIRES_REVIEW,REVIEW,zero preservado; provável ausência administrativa em parte dos registros,NONE
3500022485,SGB_HIDRO_MS_2024_POCOS,Cond_Eletr,0.0,ZERO_REQUIRES_REVIEW,REVIEW,zero preservado e não assumido como medição válida,NONE
3500022486,SGB_HIDRO_MS_2024_POCOS,profundida,0.0,ZERO_REQUIRES_REVIEW,REVIEW,zero preservado; provável ausência administrativa em parte dos registros,NONE
3500022486,SGB_HIDRO_MS_2024_POCOS,Cond_Eletr,0.0,ZERO_REQUIRES_REVIEW,REVIEW,zero preservado e não assumido como medição válida,NONE
3500022487,SGB_HIDRO_MS_2024_POCOS,profundida,0.0,ZERO_REQUIRES_REVIEW,REVIEW,zero preservado; provável ausência administrativa em parte dos registros,NONE
3500022487,SGB_HIDRO_MS_2024_POCOS,Cond_Eletr,0.0,ZERO_REQUIRES_REVIEW,REVIEW,zero preservado e não assumido como medição válida,NONE
3500022488,SGB_HIDRO_MS_2024_POCOS,profundida,0.0,ZERO_REQUIRES_REVIEW,REVIEW,zero preservado; provável ausência administrativa em parte dos registros,NONE
3500022488,SGB_HIDRO_MS_2024_POCOS,Cond_Eletr,0.0,ZERO_REQUIRES_REVIEW,REVIEW,zero preservado e não assumido como medição válida,NONE
3500022489,SGB_HIDRO_MS_2024_POCOS,profundida,0.0,ZERO_REQUIRES_REVIEW,REVIEW,zero preservado; provável ausência administrativa em parte dos registros,NONE
3500022489,SGB_HIDRO_MS_2024_POCOS,Cond_Eletr,0.0,ZERO_REQUIRES_REVIEW,REVIEW,zero preservado e não assumido como medição válida,NONE
3500022490,SGB_HIDRO_MS_2024_POCOS,profundida,0.0,ZERO_REQUIRES_REVIEW,REVIEW,zero preservado; provável ausência administrativa em parte dos registros,NONE
3500022490,SGB_HIDRO_MS_2024_POCOS,Cond_Eletr,0.0,ZERO_REQUIRES_REVIEW,REVIEW,zero preservado e não assumido como medição válida,NONE
3500022491,SGB_HIDRO_MS_2024_POCOS,profundida,0.0,ZERO_REQUIRES_REVIEW,REVIEW,zero preservado; provável ausência administrativa em parte dos registros,NONE
3500022491,SGB_HIDRO_MS_2024_POCOS,Cond_Eletr,0.0,ZERO_REQUIRES_REVIEW,REVIEW,zero preservado e não assumido como medição válida,NONE
3500022492,SGB_HIDRO_MS_2024_POCOS,profundida,0.0,ZERO_REQUIRES_REVIEW,REVIEW,zero preservado; provável ausência administrativa em parte dos registros,NONE
3500022492,SGB_HIDRO_MS_2024_POCOS,Cond_Eletr,0.0,ZERO_REQUIRES_REVIEW,REVIEW,zero preservado e não assumido como medição válida,NONE
3500022493,SGB_HIDRO_MS_2024_POCOS,profundida,0.0,ZERO_REQUIRES_REVIEW,REVIEW,zero preservado; provável ausência administrativa em parte dos registros,NONE
3500022493,SGB_HIDRO_MS_2024_POCOS,Cond_Eletr,0.0,ZERO_REQUIRES_REVIEW,REVIEW,zero preservado e não assumido como medição válida,NONE
3500022494,SGB_HIDRO_MS_2024_POCOS,profundida,0.0,ZERO_REQUIRES_REVIEW,REVIEW,zero preservado; provável ausência administrativa em parte dos registros,NONE
3500022494,SGB_HIDRO_MS_2024_POCOS,Cond_Eletr,0.0,ZERO_REQUIRES_REVIEW,REVIEW,zero preservado e não assumido como medição válida,NONE
3500022495,SGB_HIDRO_MS_2024_POCOS,profundida,0.0,ZERO_REQUIRES_REVIEW,REVIEW,zero preservado; provável ausência administrativa em parte dos registros,NONE
3500022495,SGB_HIDRO_MS_2024_POCOS,Cond_Eletr,0.0,ZERO_REQUIRES_REVIEW,REVIEW,zero preservado e não assumido como medição válida,NONE
3500022496,SGB_HIDRO_MS_2024_POCOS,profundida,0.0,ZERO_REQUIRES_REVIEW,REVIEW,zero preservado; provável ausência administrativa em parte dos registros,NONE
3500022496,SGB_HIDRO_MS_2024_POCOS,Cond_Eletr,0.0,ZERO_REQUIRES_REVIEW,REVIEW,zero preservado e não assumido como medição válida,NONE
3500022497,SGB_HIDRO_MS_2024_POCOS,profundida,0.0,ZERO_REQUIRES_REVIEW,REVIEW,zero preservado; provável ausência administrativa em parte dos registros,NONE
3500022497,SGB_HIDRO_MS_2024_POCOS,Cond_Eletr,0.0,ZERO_REQUIRES_REVIEW,REVIEW,zero preservado e não assumido como medição válida,NONE
3500022498,SGB_HIDRO_MS_2024_POCOS,profundida,0.0,ZERO_REQUIRES_REVIEW,REVIEW,zero preservado; provável ausência administrativa em parte dos registros,NONE
3500022498,SGB_HIDRO_MS_2024_POCOS,Cond_Eletr,0.0,ZERO_REQUIRES_REVIEW,REVIEW,zero preservado e não assumido como medição válida,NONE
3500022499,SGB_HIDRO_MS_2024_POCOS,profundida,0.0,ZERO_REQUIRES_REVIEW,REVIEW,zero preservado; provável ausência administrativa em parte dos registros,NONE
3500022499,SGB_HIDRO_MS_2024_POCOS,Cond_Eletr,0.0,ZERO_REQUIRES_REVIEW,REVIEW,zero preservado e não assumido como medição válida,NONE
3500022500,SGB_HIDRO_MS_2024_POCOS,profundida,0.0,ZERO_REQUIRES_REVIEW,REVIEW,zero preservado; provável ausência administrativa em parte dos registros,NONE
3500022500,SGB_HIDRO_MS_2024_POCOS,Cond_Eletr,0.0,ZERO_REQUIRES_REVIEW,REVIEW,zero preservado e não assumido como medição válida,NONE
3500022501,SGB_HIDRO_MS_2024_POCOS,profundida,0.0,ZERO_REQUIRES_REVIEW,REVIEW,zero preservado; provável ausência administrativa em parte dos registros,NONE
3500022501,SGB_HIDRO_MS_2024_POCOS,Cond_Eletr,0.0,ZERO_REQUIRES_REVIEW,REVIEW,zero preservado e não assumido como medição válida,NONE
3500022502,SGB_HIDRO_MS_2024_POCOS,profundida,0.0,ZERO_REQUIRES_REVIEW,REVIEW,zero preservado; provável ausência administrativa em parte dos registros,NONE
3500022502,SGB_HIDRO_MS_2024_POCOS,Cond_Eletr,0.0,ZERO_REQUIRES_REVIEW,REVIEW,zero preservado e não assumido como medição válida,NONE
3500022503,SGB_HIDRO_MS_2024_POCOS,profundida,0.0,ZERO_REQUIRES_REVIEW,REVIEW,zero preservado; provável ausência administrativa em parte dos registros,NONE
3500022503,SGB_HIDRO_MS_2024_POCOS,Cond_Eletr,0.0,ZERO_REQUIRES_REVIEW,REVIEW,zero preservado e não assumido como medição válida,NONE
3500022504,SGB_HIDRO_MS_2024_POCOS,profundida,0.0,ZERO_REQUIRES_REVIEW,REVIEW,zero preservado; provável ausência administrativa em parte dos registros,NONE
3500022504,SGB_HIDRO_MS_2024_POCOS,Cond_Eletr,0.0,ZERO_REQUIRES_REVIEW,REVIEW,zero preservado e não assumido como medição válida,NONE
3500022505,SGB_HIDRO_MS_2024_POCOS,profundida,0.0,ZERO_REQUIRES_REVIEW,REVIEW,zero preservado; provável ausência administrativa em parte dos registros,NONE
3500022505,SGB_HIDRO_MS_2024_POCOS,Cond_Eletr,0.0,ZERO_REQUIRES_REVIEW,REVIEW,zero preservado e não assumido como medição válida,NONE
3500022506,SGB_HIDRO_MS_2024_POCOS,profundida,0.0,ZERO_REQUIRES_REVIEW,REVIEW,zero preservado; provável ausência administrativa em parte dos registros,NONE
3500022506,SGB_HIDRO_MS_2024_POCOS,Cond_Eletr,0.0,ZERO_REQUIRES_REVIEW,REVIEW,zero preservado e não assumido como medição válida,NONE
3500022507,SGB_HIDRO_MS_2024_POCOS,profundida,0.0,ZERO_REQUIRES_REVIEW,REVIEW,zero preservado; provável ausência administrativa em parte dos registros,NONE
3500022507,SGB_HIDRO_MS_2024_POCOS,Cond_Eletr,0.0,ZERO_REQUIRES_REVIEW,REVIEW,zero preservado e não assumido como medição válida,NONE
3500022508,SGB_HIDRO_MS_2024_POCOS,profundida,0.0,ZERO_REQUIRES_REVIEW,REVIEW,zero preservado; provável ausência administrativa em parte dos registros,NONE
3500022508,SGB_HIDRO_MS_2024_POCOS,Cond_Eletr,0.0,ZERO_REQUIRES_REVIEW,REVIEW,zero preservado e não assumido como medição válida,NONE
3500022509,SGB_HIDRO_MS_2024_POCOS,profundida,0.0,ZERO_REQUIRES_REVIEW,REVIEW,zero preservado; provável ausência administrativa em parte dos registros,NONE
3500022509,SGB_HIDRO_MS_2024_POCOS,Cond_Eletr,0.0,ZERO_REQUIRES_REVIEW,REVIEW,zero preservado e não assumido como medição válida,NONE
3500022510,SGB_HIDRO_MS_2024_POCOS,profundida,0.0,ZERO_REQUIRES_REVIEW,REVIEW,zero preservado; provável ausência administrativa em parte dos registros,NONE
3500022510,SGB_HIDRO_MS_2024_POCOS,Cond_Eletr,0.0,ZERO_REQUIRES_REVIEW,REVIEW,zero preservado e não assumido como medição válida,NONE
3500022511,SGB_HIDRO_MS_2024_POCOS,profundida,0.0,ZERO_REQUIRES_REVIEW,REVIEW,zero preservado; provável ausência administrativa em parte dos registros,NONE
3500022511,SGB_HIDRO_MS_2024_POCOS,Cond_Eletr,0.0,ZERO_REQUIRES_REVIEW,REVIEW,zero preservado e não assumido como medição válida,NONE
3500022512,SGB_HIDRO_MS_2024_POCOS,profundida,0.0,ZERO_REQUIRES_REVIEW,REVIEW,zero preservado; provável ausência administrativa em parte dos registros,NONE
3500022512,SGB_HIDRO_MS_2024_POCOS,Cond_Eletr,0.0,ZERO_REQUIRES_REVIEW,REVIEW,zero preservado e não assumido como medição válida,NONE
3500022513,SGB_HIDRO_MS_2024_POCOS,profundida,0.0,ZERO_REQUIRES_REVIEW,REVIEW,zero preservado; provável ausência administrativa em parte dos registros,NONE
3500022513,SGB_HIDRO_MS_2024_POCOS,Cond_Eletr,0.0,ZERO_REQUIRES_REVIEW,REVIEW,zero preservado e não assumido como medição válida,NONE
3500022514,SGB_HIDRO_MS_2024_POCOS,profundida,0.0,ZERO_REQUIRES_REVIEW,REVIEW,zero preservado; provável ausência administrativa em parte dos registros,NONE
3500022514,SGB_HIDRO_MS_2024_POCOS,Cond_Eletr,0.0,ZERO_REQUIRES_REVIEW,REVIEW,zero preservado e não assumido como medição válida,NONE
3500022515,SGB_HIDRO_MS_2024_POCOS,profundida,0.0,ZERO_REQUIRES_REVIEW,REVIEW,zero preservado; provável ausência administrativa em parte dos registros,NONE
3500022515,SGB_HIDRO_MS_2024_POCOS,Cond_Eletr,0.0,ZERO_REQUIRES_REVIEW,REVIEW,zero preservado e não assumido como medição válida,NONE
3500022516,SGB_HIDRO_MS_2024_POCOS,profundida,0.0,ZERO_REQUIRES_REVIEW,REVIEW,zero preservado; provável ausência administrativa em parte dos registros,NONE
3500022516,SGB_HIDRO_MS_2024_POCOS,Cond_Eletr,0.0,ZERO_REQUIRES_REVIEW,REVIEW,zero preservado e não assumido como medição válida,NONE
3500022517,SGB_HIDRO_MS_2024_POCOS,profundida,0.0,ZERO_REQUIRES_REVIEW,REVIEW,zero preservado; provável ausência administrativa em parte dos registros,NONE
3500022517,SGB_HIDRO_MS_2024_POCOS,Cond_Eletr,0.0,ZERO_REQUIRES_REVIEW,REVIEW,zero preservado e não assumido como medição válida,NONE
3500022518,SGB_HIDRO_MS_2024_POCOS,profundida,0.0,ZERO_REQUIRES_REVIEW,REVIEW,zero preservado; provável ausência administrativa em parte dos registros,NONE
3500022518,SGB_HIDRO_MS_2024_POCOS,Cond_Eletr,0.0,ZERO_REQUIRES_REVIEW,REVIEW,zero preservado e não assumido como medição válida,NONE
3500022519,SGB_HIDRO_MS_2024_POCOS,profundida,0.0,ZERO_REQUIRES_REVIEW,REVIEW,zero preservado; provável ausência administrativa em parte dos registros,NONE
3500022519,SGB_HIDRO_MS_2024_POCOS,Cond_Eletr,0.0,ZERO_REQUIRES_REVIEW,REVIEW,zero preservado e não assumido como medição válida,NONE
3500022520,SGB_HIDRO_MS_2024_POCOS,profundida,0.0,ZERO_REQUIRES_REVIEW,REVIEW,zero preservado; provável ausência administrativa em parte dos registros,NONE
3500022520,SGB_HIDRO_MS_2024_POCOS,Cond_Eletr,0.0,ZERO_REQUIRES_REVIEW,REVIEW,zero preservado e não assumido como medição válida,NONE
3500022521,SGB_HIDRO_MS_2024_POCOS,profundida,0.0,ZERO_REQUIRES_REVIEW,REVIEW,zero preservado; provável ausência administrativa em parte dos registros,NONE
3500022521,SGB_HIDRO_MS_2024_POCOS,Cond_Eletr,0.0,ZERO_REQUIRES_REVIEW,REVIEW,zero preservado e não assumido como medição válida,NONE
3500022522,SGB_HIDRO_MS_2024_POCOS,profundida,0.0,ZERO_REQUIRES_REVIEW,REVIEW,zero preservado; provável ausência administrativa em parte dos registros,NONE
3500022522,SGB_HIDRO_MS_2024_POCOS,Cond_Eletr,0.0,ZERO_REQUIRES_REVIEW,REVIEW,zero preservado e não assumido como medição válida,NONE
3500022523,SGB_HIDRO_MS_2024_POCOS,profundida,0.0,ZERO_REQUIRES_REVIEW,REVIEW,zero preservado; provável ausência administrativa em parte dos registros,NONE
3500022523,SGB_HIDRO_MS_2024_POCOS,Cond_Eletr,0.0,ZERO_REQUIRES_REVIEW,REVIEW,zero preservado e não assumido como medição válida,NONE
3500022524,SGB_HIDRO_MS_2024_POCOS,profundida,0.0,ZERO_REQUIRES_REVIEW,REVIEW,zero preservado; provável ausência administrativa em parte dos registros,NONE
3500022524,SGB_HIDRO_MS_2024_POCOS,Cond_Eletr,0.0,ZERO_REQUIRES_REVIEW,REVIEW,zero preservado e não assumido como medição válida,NONE
3500022525,SGB_HIDRO_MS_2024_POCOS,profundida,0.0,ZERO_REQUIRES_REVIEW,REVIEW,zero preservado; provável ausência administrativa em parte dos registros,NONE
3500022525,SGB_HIDRO_MS_2024_POCOS,Cond_Eletr,0.0,ZERO_REQUIRES_REVIEW,REVIEW,zero preservado e não assumido como medição válida,NONE
3500022526,SGB_HIDRO_MS_2024_POCOS,profundida,0.0,ZERO_REQUIRES_REVIEW,REVIEW,zero preservado; provável ausência administrativa em parte dos registros,NONE
3500022526,SGB_HIDRO_MS_2024_POCOS,Cond_Eletr,0.0,ZERO_REQUIRES_REVIEW,REVIEW,zero preservado e não assumido como medição válida,NONE
3500022527,SGB_HIDRO_MS_2024_POCOS,profundida,0.0,ZERO_REQUIRES_REVIEW,REVIEW,zero preservado; provável ausência administrativa em parte dos registros,NONE
3500022527,SGB_HIDRO_MS_2024_POCOS,Cond_Eletr,0.0,ZERO_REQUIRES_REVIEW,REVIEW,zero preservado e não assumido como medição válida,NONE
3500022528,SGB_HIDRO_MS_2024_POCOS,profundida,0.0,ZERO_REQUIRES_REVIEW,REVIEW,zero preservado; provável ausência administrativa em parte dos registros,NONE
3500022528,SGB_HIDRO_MS_2024_POCOS,Cond_Eletr,0.0,ZERO_REQUIRES_REVIEW,REVIEW,zero preservado e não assumido como medição válida,NONE
3500022529,SGB_HIDRO_MS_2024_POCOS,profundida,0.0,ZERO_REQUIRES_REVIEW,REVIEW,zero preservado; provável ausência administrativa em parte dos registros,NONE
3500022529,SGB_HIDRO_MS_2024_POCOS,Cond_Eletr,0.0,ZERO_REQUIRES_REVIEW,REVIEW,zero preservado e não assumido como medição válida,NONE
3500022530,SGB_HIDRO_MS_2024_POCOS,profundida,0.0,ZERO_REQUIRES_REVIEW,REVIEW,zero preservado; provável ausência administrativa em parte dos registros,NONE
3500022530,SGB_HIDRO_MS_2024_POCOS,Cond_Eletr,0.0,ZERO_REQUIRES_REVIEW,REVIEW,zero preservado e não assumido como medição válida,NONE
3500022531,SGB_HIDRO_MS_2024_POCOS,profundida,0.0,ZERO_REQUIRES_REVIEW,REVIEW,zero preservado; provável ausência administrativa em parte dos registros,NONE
3500022531,SGB_HIDRO_MS_2024_POCOS,Cond_Eletr,0.0,ZERO_REQUIRES_REVIEW,REVIEW,zero preservado e não assumido como medição válida,NONE
3500022532,SGB_HIDRO_MS_2024_POCOS,profundida,0.0,ZERO_REQUIRES_REVIEW,REVIEW,zero preservado; provável ausência administrativa em parte dos registros,NONE
3500022532,SGB_HIDRO_MS_2024_POCOS,Cond_Eletr,0.0,ZERO_REQUIRES_REVIEW,REVIEW,zero preservado e não assumido como medição válida,NONE
3500022533,SGB_HIDRO_MS_2024_POCOS,profundida,0.0,ZERO_REQUIRES_REVIEW,REVIEW,zero preservado; provável ausência administrativa em parte dos registros,NONE
3500022533,SGB_HIDRO_MS_2024_POCOS,Cond_Eletr,0.0,ZERO_REQUIRES_REVIEW,REVIEW,zero preservado e não assumido como medição válida,NONE
3500022534,SGB_HIDRO_MS_2024_POCOS,profundida,0.0,ZERO_REQUIRES_REVIEW,REVIEW,zero preservado; provável ausência administrativa em parte dos registros,NONE
3500022534,SGB_HIDRO_MS_2024_POCOS,Cond_Eletr,0.0,ZERO_REQUIRES_REVIEW,REVIEW,zero preservado e não assumido como medição válida,NONE
3500022535,SGB_HIDRO_MS_2024_POCOS,profundida,0.0,ZERO_REQUIRES_REVIEW,REVIEW,zero preservado; provável ausência administrativa em parte dos registros,NONE
3500022535,SGB_HIDRO_MS_2024_POCOS,Cond_Eletr,0.0,ZERO_REQUIRES_REVIEW,REVIEW,zero preservado e não assumido como medição válida,NONE
3500022536,SGB_HIDRO_MS_2024_POCOS,profundida,0.0,ZERO_REQUIRES_REVIEW,REVIEW,zero preservado; provável ausência administrativa em parte dos registros,NONE
3500022536,SGB_HIDRO_MS_2024_POCOS,Cond_Eletr,0.0,ZERO_REQUIRES_REVIEW,REVIEW,zero preservado e não assumido como medição válida,NONE
3500022537,SGB_HIDRO_MS_2024_POCOS,profundida,0.0,ZERO_REQUIRES_REVIEW,REVIEW,zero preservado; provável ausência administrativa em parte dos registros,NONE
3500022537,SGB_HIDRO_MS_2024_POCOS,Cond_Eletr,0.0,ZERO_REQUIRES_REVIEW,REVIEW,zero preservado e não assumido como medição válida,NONE
3500022538,SGB_HIDRO_MS_2024_POCOS,profundida,0.0,ZERO_REQUIRES_REVIEW,REVIEW,zero preservado; provável ausência administrativa em parte dos registros,NONE
3500022538,SGB_HIDRO_MS_2024_POCOS,Cond_Eletr,0.0,ZERO_REQUIRES_REVIEW,REVIEW,zero preservado e não assumido como medição válida,NONE
3500022539,SGB_HIDRO_MS_2024_POCOS,profundida,0.0,ZERO_REQUIRES_REVIEW,REVIEW,zero preservado; provável ausência administrativa em parte dos registros,NONE
3500022539,SGB_HIDRO_MS_2024_POCOS,Cond_Eletr,0.0,ZERO_REQUIRES_REVIEW,REVIEW,zero preservado e não assumido como medição válida,NONE
3500022540,SGB_HIDRO_MS_2024_POCOS,profundida,0.0,ZERO_REQUIRES_REVIEW,REVIEW,zero preservado; provável ausência administrativa em parte dos registros,NONE
3500022540,SGB_HIDRO_MS_2024_POCOS,Cond_Eletr,0.0,ZERO_REQUIRES_REVIEW,REVIEW,zero preservado e não assumido como medição válida,NONE
3500022541,SGB_HIDRO_MS_2024_POCOS,profundida,0.0,ZERO_REQUIRES_REVIEW,REVIEW,zero preservado; provável ausência administrativa em parte dos registros,NONE
3500022541,SGB_HIDRO_MS_2024_POCOS,Cond_Eletr,0.0,ZERO_REQUIRES_REVIEW,REVIEW,zero preservado e não assumido como medição válida,NONE
3500022542,SGB_HIDRO_MS_2024_POCOS,profundida,0.0,ZERO_REQUIRES_REVIEW,REVIEW,zero preservado; provável ausência administrativa em parte dos registros,NONE
3500022542,SGB_HIDRO_MS_2024_POCOS,Cond_Eletr,0.0,ZERO_REQUIRES_REVIEW,REVIEW,zero preservado e não assumido como medição válida,NONE
3500022543,SGB_HIDRO_MS_2024_POCOS,profundida,0.0,ZERO_REQUIRES_REVIEW,REVIEW,zero preservado; provável ausência administrativa em parte dos registros,NONE
3500022543,SGB_HIDRO_MS_2024_POCOS,Cond_Eletr,0.0,ZERO_REQUIRES_REVIEW,REVIEW,zero preservado e não assumido como medição válida,NONE
3500022544,SGB_HIDRO_MS_2024_POCOS,profundida,0.0,ZERO_REQUIRES_REVIEW,REVIEW,zero preservado; provável ausência administrativa em parte dos registros,NONE
3500022544,SGB_HIDRO_MS_2024_POCOS,Cond_Eletr,0.0,ZERO_REQUIRES_REVIEW,REVIEW,zero preservado e não assumido como medição válida,NONE
3500022545,SGB_HIDRO_MS_2024_POCOS,profundida,0.0,ZERO_REQUIRES_REVIEW,REVIEW,zero preservado; provável ausência administrativa em parte dos registros,NONE
3500022545,SGB_HIDRO_MS_2024_POCOS,Cond_Eletr,0.0,ZERO_REQUIRES_REVIEW,REVIEW,zero preservado e não assumido como medição válida,NONE
3500022546,SGB_HIDRO_MS_2024_POCOS,profundida,0.0,ZERO_REQUIRES_REVIEW,REVIEW,zero preservado; provável ausência administrativa em parte dos registros,NONE
3500022546,SGB_HIDRO_MS_2024_POCOS,Cond_Eletr,0.0,ZERO_REQUIRES_REVIEW,REVIEW,zero preservado e não assumido como medição válida,NONE
3500022547,SGB_HIDRO_MS_2024_POCOS,profundida,0.0,ZERO_REQUIRES_REVIEW,REVIEW,zero preservado; provável ausência administrativa em parte dos registros,NONE
3500022547,SGB_HIDRO_MS_2024_POCOS,Cond_Eletr,0.0,ZERO_REQUIRES_REVIEW,REVIEW,zero preservado e não assumido como medição válida,NONE
3500022548,SGB_HIDRO_MS_2024_POCOS,profundida,0.0,ZERO_REQUIRES_REVIEW,REVIEW,zero preservado; provável ausência administrativa em parte dos registros,NONE
3500022548,SGB_HIDRO_MS_2024_POCOS,Cond_Eletr,0.0,ZERO_REQUIRES_REVIEW,REVIEW,zero preservado e não assumido como medição válida,NONE
3500022549,SGB_HIDRO_MS_2024_POCOS,profundida,0.0,ZERO_REQUIRES_REVIEW,REVIEW,zero preservado; provável ausência administrativa em parte dos registros,NONE
3500022549,SGB_HIDRO_MS_2024_POCOS,Cond_Eletr,0.0,ZERO_REQUIRES_REVIEW,REVIEW,zero preservado e não assumido como medição válida,NONE
3500022550,SGB_HIDRO_MS_2024_POCOS,profundida,0.0,ZERO_REQUIRES_REVIEW,REVIEW,zero preservado; provável ausência administrativa em parte dos registros,NONE
3500022550,SGB_HIDRO_MS_2024_POCOS,Cond_Eletr,0.0,ZERO_REQUIRES_REVIEW,REVIEW,zero preservado e não assumido como medição válida,NONE
3500022551,SGB_HIDRO_MS_2024_POCOS,profundida,0.0,ZERO_REQUIRES_REVIEW,REVIEW,zero preservado; provável ausência administrativa em parte dos registros,NONE
3500022551,SGB_HIDRO_MS_2024_POCOS,Cond_Eletr,0.0,ZERO_REQUIRES_REVIEW,REVIEW,zero preservado e não assumido como medição válida,NONE
3500022552,SGB_HIDRO_MS_2024_POCOS,profundida,0.0,ZERO_REQUIRES_REVIEW,REVIEW,zero preservado; provável ausência administrativa em parte dos registros,NONE
3500022552,SGB_HIDRO_MS_2024_POCOS,Cond_Eletr,0.0,ZERO_REQUIRES_REVIEW,REVIEW,zero preservado e não assumido como medição válida,NONE
3500022553,SGB_HIDRO_MS_2024_POCOS,profundida,0.0,ZERO_REQUIRES_REVIEW,REVIEW,zero preservado; provável ausência administrativa em parte dos registros,NONE
3500022553,SGB_HIDRO_MS_2024_POCOS,Cond_Eletr,0.0,ZERO_REQUIRES_REVIEW,REVIEW,zero preservado e não assumido como medição válida,NONE
3500022554,SGB_HIDRO_MS_2024_POCOS,profundida,0.0,ZERO_REQUIRES_REVIEW,REVIEW,zero preservado; provável ausência administrativa em parte dos registros,NONE
3500022554,SGB_HIDRO_MS_2024_POCOS,Cond_Eletr,0.0,ZERO_REQUIRES_REVIEW,REVIEW,zero preservado e não assumido como medição válida,NONE
3500022555,SGB_HIDRO_MS_2024_POCOS,profundida,0.0,ZERO_REQUIRES_REVIEW,REVIEW,zero preservado; provável ausência administrativa em parte dos registros,NONE
3500022555,SGB_HIDRO_MS_2024_POCOS,Cond_Eletr,0.0,ZERO_REQUIRES_REVIEW,REVIEW,zero preservado e não assumido como medição válida,NONE
3500022556,SGB_HIDRO_MS_2024_POCOS,profundida,0.0,ZERO_REQUIRES_REVIEW,REVIEW,zero preservado; provável ausência administrativa em parte dos registros,NONE
3500022556,SGB_HIDRO_MS_2024_POCOS,Cond_Eletr,0.0,ZERO_REQUIRES_REVIEW,REVIEW,zero preservado e não assumido como medição válida,NONE
3500022557,SGB_HIDRO_MS_2024_POCOS,profundida,0.0,ZERO_REQUIRES_REVIEW,REVIEW,zero preservado; provável ausência administrativa em parte dos registros,NONE
3500022557,SGB_HIDRO_MS_2024_POCOS,Cond_Eletr,0.0,ZERO_REQUIRES_REVIEW,REVIEW,zero preservado e não assumido como medição válida,NONE
3500022558,SGB_HIDRO_MS_2024_POCOS,profundida,0.0,ZERO_REQUIRES_REVIEW,REVIEW,zero preservado; provável ausência administrativa em parte dos registros,NONE
3500022558,SGB_HIDRO_MS_2024_POCOS,Cond_Eletr,0.0,ZERO_REQUIRES_REVIEW,REVIEW,zero preservado e não assumido como medição válida,NONE
3500022559,SGB_HIDRO_MS_2024_POCOS,profundida,0.0,ZERO_REQUIRES_REVIEW,REVIEW,zero preservado; provável ausência administrativa em parte dos registros,NONE
3500022559,SGB_HIDRO_MS_2024_POCOS,Cond_Eletr,0.0,ZERO_REQUIRES_REVIEW,REVIEW,zero preservado e não assumido como medição válida,NONE
3500022560,SGB_HIDRO_MS_2024_POCOS,profundida,0.0,ZERO_REQUIRES_REVIEW,REVIEW,zero preservado; provável ausência administrativa em parte dos registros,NONE
3500022560,SGB_HIDRO_MS_2024_POCOS,Cond_Eletr,0.0,ZERO_REQUIRES_REVIEW,REVIEW,zero preservado e não assumido como medição válida,NONE
3500022561,SGB_HIDRO_MS_2024_POCOS,profundida,0.0,ZERO_REQUIRES_REVIEW,REVIEW,zero preservado; provável ausência administrativa em parte dos registros,NONE
3500022561,SGB_HIDRO_MS_2024_POCOS,vazao_espe,0.0,ZERO_REQUIRES_REVIEW,REVIEW,zero preservado e não assumido como medição válida,NONE
3500022562,SGB_HIDRO_MS_2024_POCOS,profundida,0.0,ZERO_REQUIRES_REVIEW,REVIEW,zero preservado; provável ausência administrativa em parte dos registros,NONE
3500022562,SGB_HIDRO_MS_2024_POCOS,Cond_Eletr,0.0,ZERO_REQUIRES_REVIEW,REVIEW,zero preservado e não assumido como medição válida,NONE
3500022563,SGB_HIDRO_MS_2024_POCOS,profundida,0.0,ZERO_REQUIRES_REVIEW,REVIEW,zero preservado; provável ausência administrativa em parte dos registros,NONE
3500022563,SGB_HIDRO_MS_2024_POCOS,Cond_Eletr,0.0,ZERO_REQUIRES_REVIEW,REVIEW,zero preservado e não assumido como medição válida,NONE
3500022564,SGB_HIDRO_MS_2024_POCOS,profundida,0.0,ZERO_REQUIRES_REVIEW,REVIEW,zero preservado; provável ausência administrativa em parte dos registros,NONE
3500022564,SGB_HIDRO_MS_2024_POCOS,Cond_Eletr,0.0,ZERO_REQUIRES_REVIEW,REVIEW,zero preservado e não assumido como medição válida,NONE
3500022565,SGB_HIDRO_MS_2024_POCOS,profundida,0.0,ZERO_REQUIRES_REVIEW,REVIEW,zero preservado; provável ausência administrativa em parte dos registros,NONE
3500022565,SGB_HIDRO_MS_2024_POCOS,Cond_Eletr,0.0,ZERO_REQUIRES_REVIEW,REVIEW,zero preservado e não assumido como medição válida,NONE
3500022566,SGB_HIDRO_MS_2024_POCOS,profundida,0.0,ZERO_REQUIRES_REVIEW,REVIEW,zero preservado; provável ausência administrativa em parte dos registros,NONE
3500022567,SGB_HIDRO_MS_2024_POCOS,profundida,0.0,ZERO_REQUIRES_REVIEW,REVIEW,zero preservado; provável ausência administrativa em parte dos registros,NONE
3500022568,SGB_HIDRO_MS_2024_POCOS,profundida,0.0,ZERO_REQUIRES_REVIEW,REVIEW,zero preservado; provável ausência administrativa em parte dos registros,NONE
3500022568,SGB_HIDRO_MS_2024_POCOS,Cond_Eletr,0.0,ZERO_REQUIRES_REVIEW,REVIEW,zero preservado e não assumido como medição válida,NONE
3500022569,SGB_HIDRO_MS_2024_POCOS,profundida,0.0,ZERO_REQUIRES_REVIEW,REVIEW,zero preservado; provável ausência administrativa em parte dos registros,NONE
3500022569,SGB_HIDRO_MS_2024_POCOS,Cond_Eletr,0.0,ZERO_REQUIRES_REVIEW,REVIEW,zero preservado e não assumido como medição válida,NONE
3500022570,SGB_HIDRO_MS_2024_POCOS,profundida,0.0,ZERO_REQUIRES_REVIEW,REVIEW,zero preservado; provável ausência administrativa em parte dos registros,NONE
3500022570,SGB_HIDRO_MS_2024_POCOS,Cond_Eletr,0.0,ZERO_REQUIRES_REVIEW,REVIEW,zero preservado e não assumido como medição válida,NONE
3500022571,SGB_HIDRO_MS_2024_POCOS,profundida,0.0,ZERO_REQUIRES_REVIEW,REVIEW,zero preservado; provável ausência administrativa em parte dos registros,NONE
3500022571,SGB_HIDRO_MS_2024_POCOS,Cond_Eletr,0.0,ZERO_REQUIRES_REVIEW,REVIEW,zero preservado e não assumido como medição válida,NONE
3500022572,SGB_HIDRO_MS_2024_POCOS,profundida,0.0,ZERO_REQUIRES_REVIEW,REVIEW,zero preservado; provável ausência administrativa em parte dos registros,NONE
3500022572,SGB_HIDRO_MS_2024_POCOS,Cond_Eletr,0.0,ZERO_REQUIRES_REVIEW,REVIEW,zero preservado e não assumido como medição válida,NONE
3500022573,SGB_HIDRO_MS_2024_POCOS,profundida,0.0,ZERO_REQUIRES_REVIEW,REVIEW,zero preservado; provável ausência administrativa em parte dos registros,NONE
3500022573,SGB_HIDRO_MS_2024_POCOS,Cond_Eletr,0.0,ZERO_REQUIRES_REVIEW,REVIEW,zero preservado e não assumido como medição válida,NONE
3500022574,SGB_HIDRO_MS_2024_POCOS,profundida,0.0,ZERO_REQUIRES_REVIEW,REVIEW,zero preservado; provável ausência administrativa em parte dos registros,NONE
3500022574,SGB_HIDRO_MS_2024_POCOS,Cond_Eletr,0.0,ZERO_REQUIRES_REVIEW,REVIEW,zero preservado e não assumido como medição válida,NONE
3500022575,SGB_HIDRO_MS_2024_POCOS,profundida,0.0,ZERO_REQUIRES_REVIEW,REVIEW,zero preservado; provável ausência administrativa em parte dos registros,NONE
3500022575,SGB_HIDRO_MS_2024_POCOS,Cond_Eletr,0.0,ZERO_REQUIRES_REVIEW,REVIEW,zero preservado e não assumido como medição válida,NONE
3500022576,SGB_HIDRO_MS_2024_POCOS,profundida,0.0,ZERO_REQUIRES_REVIEW,REVIEW,zero preservado; provável ausência administrativa em parte dos registros,NONE
3500022576,SGB_HIDRO_MS_2024_POCOS,Cond_Eletr,0.0,ZERO_REQUIRES_REVIEW,REVIEW,zero preservado e não assumido como medição válida,NONE
3500022577,SGB_HIDRO_MS_2024_POCOS,profundida,0.0,ZERO_REQUIRES_REVIEW,REVIEW,zero preservado; provável ausência administrativa em parte dos registros,NONE
3500022577,SGB_HIDRO_MS_2024_POCOS,Cond_Eletr,0.0,ZERO_REQUIRES_REVIEW,REVIEW,zero preservado e não assumido como medição válida,NONE
3500022578,SGB_HIDRO_MS_2024_POCOS,profundida,0.0,ZERO_REQUIRES_REVIEW,REVIEW,zero preservado; provável ausência administrativa em parte dos registros,NONE
3500022578,SGB_HIDRO_MS_2024_POCOS,Cond_Eletr,0.0,ZERO_REQUIRES_REVIEW,REVIEW,zero preservado e não assumido como medição válida,NONE
3500022579,SGB_HIDRO_MS_2024_POCOS,profundida,0.0,ZERO_REQUIRES_REVIEW,REVIEW,zero preservado; provável ausência administrativa em parte dos registros,NONE
3500022579,SGB_HIDRO_MS_2024_POCOS,Cond_Eletr,0.0,ZERO_REQUIRES_REVIEW,REVIEW,zero preservado e não assumido como medição válida,NONE
3500022580,SGB_HIDRO_MS_2024_POCOS,profundida,0.0,ZERO_REQUIRES_REVIEW,REVIEW,zero preservado; provável ausência administrativa em parte dos registros,NONE
3500022580,SGB_HIDRO_MS_2024_POCOS,Cond_Eletr,0.0,ZERO_REQUIRES_REVIEW,REVIEW,zero preservado e não assumido como medição válida,NONE
3500022581,SGB_HIDRO_MS_2024_POCOS,profundida,0.0,ZERO_REQUIRES_REVIEW,REVIEW,zero preservado; provável ausência administrativa em parte dos registros,NONE
3500022581,SGB_HIDRO_MS_2024_POCOS,Cond_Eletr,0.0,ZERO_REQUIRES_REVIEW,REVIEW,zero preservado e não assumido como medição válida,NONE
3500022582,SGB_HIDRO_MS_2024_POCOS,profundida,0.0,ZERO_REQUIRES_REVIEW,REVIEW,zero preservado; provável ausência administrativa em parte dos registros,NONE
3500022582,SGB_HIDRO_MS_2024_POCOS,Cond_Eletr,0.0,ZERO_REQUIRES_REVIEW,REVIEW,zero preservado e não assumido como medição válida,NONE
3500022583,SGB_HIDRO_MS_2024_POCOS,profundida,0.0,ZERO_REQUIRES_REVIEW,REVIEW,zero preservado; provável ausência administrativa em parte dos registros,NONE
3500022583,SGB_HIDRO_MS_2024_POCOS,Cond_Eletr,0.0,ZERO_REQUIRES_REVIEW,REVIEW,zero preservado e não assumido como medição válida,NONE
3500022584,SGB_HIDRO_MS_2024_POCOS,profundida,0.0,ZERO_REQUIRES_REVIEW,REVIEW,zero preservado; provável ausência administrativa em parte dos registros,NONE
3500022584,SGB_HIDRO_MS_2024_POCOS,Cond_Eletr,0.0,ZERO_REQUIRES_REVIEW,REVIEW,zero preservado e não assumido como medição válida,NONE
3500022585,SGB_HIDRO_MS_2024_POCOS,profundida,0.0,ZERO_REQUIRES_REVIEW,REVIEW,zero preservado; provável ausência administrativa em parte dos registros,NONE
3500022585,SGB_HIDRO_MS_2024_POCOS,Cond_Eletr,0.0,ZERO_REQUIRES_REVIEW,REVIEW,zero preservado e não assumido como medição válida,NONE
3500022586,SGB_HIDRO_MS_2024_POCOS,profundida,0.0,ZERO_REQUIRES_REVIEW,REVIEW,zero preservado; provável ausência administrativa em parte dos registros,NONE
3500022586,SGB_HIDRO_MS_2024_POCOS,Cond_Eletr,0.0,ZERO_REQUIRES_REVIEW,REVIEW,zero preservado e não assumido como medição válida,NONE
3500022587,SGB_HIDRO_MS_2024_POCOS,profundida,0.0,ZERO_REQUIRES_REVIEW,REVIEW,zero preservado; provável ausência administrativa em parte dos registros,NONE
3500022588,SGB_HIDRO_MS_2024_POCOS,profundida,0.0,ZERO_REQUIRES_REVIEW,REVIEW,zero preservado; provável ausência administrativa em parte dos registros,NONE
3500022588,SGB_HIDRO_MS_2024_POCOS,Cond_Eletr,0.0,ZERO_REQUIRES_REVIEW,REVIEW,zero preservado e não assumido como medição válida,NONE
3500022589,SGB_HIDRO_MS_2024_POCOS,profundida,0.0,ZERO_REQUIRES_REVIEW,REVIEW,zero preservado; provável ausência administrativa em parte dos registros,NONE
3500022589,SGB_HIDRO_MS_2024_POCOS,Cond_Eletr,0.0,ZERO_REQUIRES_REVIEW,REVIEW,zero preservado e não assumido como medição válida,NONE
3500022590,SGB_HIDRO_MS_2024_POCOS,profundida,0.0,ZERO_REQUIRES_REVIEW,REVIEW,zero preservado; provável ausência administrativa em parte dos registros,NONE
3500022591,SGB_HIDRO_MS_2024_POCOS,profundida,0.0,ZERO_REQUIRES_REVIEW,REVIEW,zero preservado; provável ausência administrativa em parte dos registros,NONE
3500022591,SGB_HIDRO_MS_2024_POCOS,Cond_Eletr,0.0,ZERO_REQUIRES_REVIEW,REVIEW,zero preservado e não assumido como medição válida,NONE
3500022592,SGB_HIDRO_MS_2024_POCOS,profundida,0.0,ZERO_REQUIRES_REVIEW,REVIEW,zero preservado; provável ausência administrativa em parte dos registros,NONE
3500022592,SGB_HIDRO_MS_2024_POCOS,Cond_Eletr,0.0,ZERO_REQUIRES_REVIEW,REVIEW,zero preservado e não assumido como medição válida,NONE
3500022593,SGB_HIDRO_MS_2024_POCOS,profundida,0.0,ZERO_REQUIRES_REVIEW,REVIEW,zero preservado; provável ausência administrativa em parte dos registros,NONE
3500022593,SGB_HIDRO_MS_2024_POCOS,Cond_Eletr,0.0,ZERO_REQUIRES_REVIEW,REVIEW,zero preservado e não assumido como medição válida,NONE
3500022594,SGB_HIDRO_MS_2024_POCOS,profundida,0.0,ZERO_REQUIRES_REVIEW,REVIEW,zero preservado; provável ausência administrativa em parte dos registros,NONE
3500022594,SGB_HIDRO_MS_2024_POCOS,Cond_Eletr,0.0,ZERO_REQUIRES_REVIEW,REVIEW,zero preservado e não assumido como medição válida,NONE
3500022595,SGB_HIDRO_MS_2024_POCOS,profundida,0.0,ZERO_REQUIRES_REVIEW,REVIEW,zero preservado; provável ausência administrativa em parte dos registros,NONE
3500022595,SGB_HIDRO_MS_2024_POCOS,Cond_Eletr,0.0,ZERO_REQUIRES_REVIEW,REVIEW,zero preservado e não assumido como medição válida,NONE
3500022596,SGB_HIDRO_MS_2024_POCOS,profundida,0.0,ZERO_REQUIRES_REVIEW,REVIEW,zero preservado; provável ausência administrativa em parte dos registros,NONE
3500022596,SGB_HIDRO_MS_2024_POCOS,Cond_Eletr,0.0,ZERO_REQUIRES_REVIEW,REVIEW,zero preservado e não assumido como medição válida,NONE
3500022597,SGB_HIDRO_MS_2024_POCOS,profundida,0.0,ZERO_REQUIRES_REVIEW,REVIEW,zero preservado; provável ausência administrativa em parte dos registros,NONE
3500022597,SGB_HIDRO_MS_2024_POCOS,Cond_Eletr,0.0,ZERO_REQUIRES_REVIEW,REVIEW,zero preservado e não assumido como medição válida,NONE
3500022598,SGB_HIDRO_MS_2024_POCOS,profundida,0.0,ZERO_REQUIRES_REVIEW,REVIEW,zero preservado; provável ausência administrativa em parte dos registros,NONE
3500022598,SGB_HIDRO_MS_2024_POCOS,Cond_Eletr,0.0,ZERO_REQUIRES_REVIEW,REVIEW,zero preservado e não assumido como medição válida,NONE
3500022599,SGB_HIDRO_MS_2024_POCOS,profundida,0.0,ZERO_REQUIRES_REVIEW,REVIEW,zero preservado; provável ausência administrativa em parte dos registros,NONE
3500022599,SGB_HIDRO_MS_2024_POCOS,Cond_Eletr,0.0,ZERO_REQUIRES_REVIEW,REVIEW,zero preservado e não assumido como medição válida,NONE
3500022600,SGB_HIDRO_MS_2024_POCOS,profundida,0.0,ZERO_REQUIRES_REVIEW,REVIEW,zero preservado; provável ausência administrativa em parte dos registros,NONE
3500022600,SGB_HIDRO_MS_2024_POCOS,Cond_Eletr,0.0,ZERO_REQUIRES_REVIEW,REVIEW,zero preservado e não assumido como medição válida,NONE
3500022601,SGB_HIDRO_MS_2024_POCOS,profundida,0.0,ZERO_REQUIRES_REVIEW,REVIEW,zero preservado; provável ausência administrativa em parte dos registros,NONE
3500022601,SGB_HIDRO_MS_2024_POCOS,Cond_Eletr,0.0,ZERO_REQUIRES_REVIEW,REVIEW,zero preservado e não assumido como medição válida,NONE
3500022602,SGB_HIDRO_MS_2024_POCOS,profundida,0.0,ZERO_REQUIRES_REVIEW,REVIEW,zero preservado; provável ausência administrativa em parte dos registros,NONE
3500022602,SGB_HIDRO_MS_2024_POCOS,Cond_Eletr,0.0,ZERO_REQUIRES_REVIEW,REVIEW,zero preservado e não assumido como medição válida,NONE
3500022603,SGB_HIDRO_MS_2024_POCOS,profundida,0.0,ZERO_REQUIRES_REVIEW,REVIEW,zero preservado; provável ausência administrativa em parte dos registros,NONE
3500022603,SGB_HIDRO_MS_2024_POCOS,Cond_Eletr,0.0,ZERO_REQUIRES_REVIEW,REVIEW,zero preservado e não assumido como medição válida,NONE
3500022604,SGB_HIDRO_MS_2024_POCOS,profundida,0.0,ZERO_REQUIRES_REVIEW,REVIEW,zero preservado; provável ausência administrativa em parte dos registros,NONE
3500022604,SGB_HIDRO_MS_2024_POCOS,Cond_Eletr,0.0,ZERO_REQUIRES_REVIEW,REVIEW,zero preservado e não assumido como medição válida,NONE
3500022605,SGB_HIDRO_MS_2024_POCOS,profundida,0.0,ZERO_REQUIRES_REVIEW,REVIEW,zero preservado; provável ausência administrativa em parte dos registros,NONE
3500022605,SGB_HIDRO_MS_2024_POCOS,Cond_Eletr,0.0,ZERO_REQUIRES_REVIEW,REVIEW,zero preservado e não assumido como medição válida,NONE
3500022606,SGB_HIDRO_MS_2024_POCOS,profundida,0.0,ZERO_REQUIRES_REVIEW,REVIEW,zero preservado; provável ausência administrativa em parte dos registros,NONE
3500022606,SGB_HIDRO_MS_2024_POCOS,Cond_Eletr,0.0,ZERO_REQUIRES_REVIEW,REVIEW,zero preservado e não assumido como medição válida,NONE
3500022607,SGB_HIDRO_MS_2024_POCOS,profundida,0.0,ZERO_REQUIRES_REVIEW,REVIEW,zero preservado; provável ausência administrativa em parte dos registros,NONE
3500022607,SGB_HIDRO_MS_2024_POCOS,Cond_Eletr,0.0,ZERO_REQUIRES_REVIEW,REVIEW,zero preservado e não assumido como medição válida,NONE
3500022608,SGB_HIDRO_MS_2024_POCOS,profundida,0.0,ZERO_REQUIRES_REVIEW,REVIEW,zero preservado; provável ausência administrativa em parte dos registros,NONE
3500022608,SGB_HIDRO_MS_2024_POCOS,Cond_Eletr,0.0,ZERO_REQUIRES_REVIEW,REVIEW,zero preservado e não assumido como medição válida,NONE
3500022609,SGB_HIDRO_MS_2024_POCOS,profundida,0.0,ZERO_REQUIRES_REVIEW,REVIEW,zero preservado; provável ausência administrativa em parte dos registros,NONE
3500022609,SGB_HIDRO_MS_2024_POCOS,Cond_Eletr,0.0,ZERO_REQUIRES_REVIEW,REVIEW,zero preservado e não assumido como medição válida,NONE
3500022610,SGB_HIDRO_MS_2024_POCOS,profundida,0.0,ZERO_REQUIRES_REVIEW,REVIEW,zero preservado; provável ausência administrativa em parte dos registros,NONE
3500022610,SGB_HIDRO_MS_2024_POCOS,Cond_Eletr,0.0,ZERO_REQUIRES_REVIEW,REVIEW,zero preservado e não assumido como medição válida,NONE
3500022611,SGB_HIDRO_MS_2024_POCOS,profundida,0.0,ZERO_REQUIRES_REVIEW,REVIEW,zero preservado; provável ausência administrativa em parte dos registros,NONE
3500022611,SGB_HIDRO_MS_2024_POCOS,Cond_Eletr,0.0,ZERO_REQUIRES_REVIEW,REVIEW,zero preservado e não assumido como medição válida,NONE
3500022612,SGB_HIDRO_MS_2024_POCOS,profundida,0.0,ZERO_REQUIRES_REVIEW,REVIEW,zero preservado; provável ausência administrativa em parte dos registros,NONE
3500022612,SGB_HIDRO_MS_2024_POCOS,Cond_Eletr,0.0,ZERO_REQUIRES_REVIEW,REVIEW,zero preservado e não assumido como medição válida,NONE
3500022614,SGB_HIDRO_MS_2024_POCOS,profundida,0.0,ZERO_REQUIRES_REVIEW,REVIEW,zero preservado; provável ausência administrativa em parte dos registros,NONE
3500022614,SGB_HIDRO_MS_2024_POCOS,Cond_Eletr,0.0,ZERO_REQUIRES_REVIEW,REVIEW,zero preservado e não assumido como medição válida,NONE
3500022615,SGB_HIDRO_MS_2024_POCOS,profundida,0.0,ZERO_REQUIRES_REVIEW,REVIEW,zero preservado; provável ausência administrativa em parte dos registros,NONE
3500022615,SGB_HIDRO_MS_2024_POCOS,Cond_Eletr,0.0,ZERO_REQUIRES_REVIEW,REVIEW,zero preservado e não assumido como medição válida,NONE
3500022616,SGB_HIDRO_MS_2024_POCOS,profundida,0.0,ZERO_REQUIRES_REVIEW,REVIEW,zero preservado; provável ausência administrativa em parte dos registros,NONE
3500022616,SGB_HIDRO_MS_2024_POCOS,Cond_Eletr,0.0,ZERO_REQUIRES_REVIEW,REVIEW,zero preservado e não assumido como medição válida,NONE
3500022617,SGB_HIDRO_MS_2024_POCOS,profundida,0.0,ZERO_REQUIRES_REVIEW,REVIEW,zero preservado; provável ausência administrativa em parte dos registros,NONE
3500022617,SGB_HIDRO_MS_2024_POCOS,Cond_Eletr,0.0,ZERO_REQUIRES_REVIEW,REVIEW,zero preservado e não assumido como medição válida,NONE
3500022618,SGB_HIDRO_MS_2024_POCOS,profundida,0.0,ZERO_REQUIRES_REVIEW,REVIEW,zero preservado; provável ausência administrativa em parte dos registros,NONE
3500022618,SGB_HIDRO_MS_2024_POCOS,Cond_Eletr,0.0,ZERO_REQUIRES_REVIEW,REVIEW,zero preservado e não assumido como medição válida,NONE
3500022619,SGB_HIDRO_MS_2024_POCOS,profundida,0.0,ZERO_REQUIRES_REVIEW,REVIEW,zero preservado; provável ausência administrativa em parte dos registros,NONE
3500022619,SGB_HIDRO_MS_2024_POCOS,vazao_espe,0.0,ZERO_REQUIRES_REVIEW,REVIEW,zero preservado e não assumido como medição válida,NONE
3500022619,SGB_HIDRO_MS_2024_POCOS,Cond_Eletr,0.0,ZERO_REQUIRES_REVIEW,REVIEW,zero preservado e não assumido como medição válida,NONE
3500022620,SGB_HIDRO_MS_2024_POCOS,profundida,0.0,ZERO_REQUIRES_REVIEW,REVIEW,zero preservado; provável ausência administrativa em parte dos registros,NONE
3500022620,SGB_HIDRO_MS_2024_POCOS,Cond_Eletr,0.0,ZERO_REQUIRES_REVIEW,REVIEW,zero preservado e não assumido como medição válida,NONE
3500022621,SGB_HIDRO_MS_2024_POCOS,profundida,0.0,ZERO_REQUIRES_REVIEW,REVIEW,zero preservado; provável ausência administrativa em parte dos registros,NONE
3500022621,SGB_HIDRO_MS_2024_POCOS,Cond_Eletr,0.0,ZERO_REQUIRES_REVIEW,REVIEW,zero preservado e não assumido como medição válida,NONE
3500022622,SGB_HIDRO_MS_2024_POCOS,profundida,0.0,ZERO_REQUIRES_REVIEW,REVIEW,zero preservado; provável ausência administrativa em parte dos registros,NONE
3500022622,SGB_HIDRO_MS_2024_POCOS,vazao_espe,0.0,ZERO_REQUIRES_REVIEW,REVIEW,zero preservado e não assumido como medição válida,NONE
3500022622,SGB_HIDRO_MS_2024_POCOS,Cond_Eletr,0.0,ZERO_REQUIRES_REVIEW,REVIEW,zero preservado e não assumido como medição válida,NONE
3500022623,SGB_HIDRO_MS_2024_POCOS,profundida,0.0,ZERO_REQUIRES_REVIEW,REVIEW,zero preservado; provável ausência administrativa em parte dos registros,NONE
3500022623,SGB_HIDRO_MS_2024_POCOS,vazao_espe,0.0,ZERO_REQUIRES_REVIEW,REVIEW,zero preservado e não assumido como medição válida,NONE
3500022623,SGB_HIDRO_MS_2024_POCOS,Cond_Eletr,0.0,ZERO_REQUIRES_REVIEW,REVIEW,zero preservado e não assumido como medição válida,NONE
3500022624,SGB_HIDRO_MS_2024_POCOS,profundida,0.0,ZERO_REQUIRES_REVIEW,REVIEW,zero preservado; provável ausência administrativa em parte dos registros,NONE
3500022624,SGB_HIDRO_MS_2024_POCOS,Cond_Eletr,0.0,ZERO_REQUIRES_REVIEW,REVIEW,zero preservado e não assumido como medição válida,NONE
3500022625,SGB_HIDRO_MS_2024_POCOS,profundida,0.0,ZERO_REQUIRES_REVIEW,REVIEW,zero preservado; provável ausência administrativa em parte dos registros,NONE
3500022625,SGB_HIDRO_MS_2024_POCOS,Cond_Eletr,0.0,ZERO_REQUIRES_REVIEW,REVIEW,zero preservado e não assumido como medição válida,NONE
3500022626,SGB_HIDRO_MS_2024_POCOS,profundida,0.0,ZERO_REQUIRES_REVIEW,REVIEW,zero preservado; provável ausência administrativa em parte dos registros,NONE
3500022626,SGB_HIDRO_MS_2024_POCOS,Cond_Eletr,0.0,ZERO_REQUIRES_REVIEW,REVIEW,zero preservado e não assumido como medição válida,NONE
3500022627,SGB_HIDRO_MS_2024_POCOS,profundida,0.0,ZERO_REQUIRES_REVIEW,REVIEW,zero preservado; provável ausência administrativa em parte dos registros,NONE
3500022627,SGB_HIDRO_MS_2024_POCOS,Cond_Eletr,0.0,ZERO_REQUIRES_REVIEW,REVIEW,zero preservado e não assumido como medição válida,NONE
3500022628,SGB_HIDRO_MS_2024_POCOS,profundida,0.0,ZERO_REQUIRES_REVIEW,REVIEW,zero preservado; provável ausência administrativa em parte dos registros,NONE
3500022628,SGB_HIDRO_MS_2024_POCOS,Cond_Eletr,0.0,ZERO_REQUIRES_REVIEW,REVIEW,zero preservado e não assumido como medição válida,NONE
3500022629,SGB_HIDRO_MS_2024_POCOS,profundida,0.0,ZERO_REQUIRES_REVIEW,REVIEW,zero preservado; provável ausência administrativa em parte dos registros,NONE
3500022629,SGB_HIDRO_MS_2024_POCOS,Cond_Eletr,0.0,ZERO_REQUIRES_REVIEW,REVIEW,zero preservado e não assumido como medição válida,NONE
3500022630,SGB_HIDRO_MS_2024_POCOS,profundida,0.0,ZERO_REQUIRES_REVIEW,REVIEW,zero preservado; provável ausência administrativa em parte dos registros,NONE
3500022630,SGB_HIDRO_MS_2024_POCOS,Cond_Eletr,0.0,ZERO_REQUIRES_REVIEW,REVIEW,zero preservado e não assumido como medição válida,NONE
3500022631,SGB_HIDRO_MS_2024_POCOS,profundida,0.0,ZERO_REQUIRES_REVIEW,REVIEW,zero preservado; provável ausência administrativa em parte dos registros,NONE
3500022631,SGB_HIDRO_MS_2024_POCOS,Cond_Eletr,0.0,ZERO_REQUIRES_REVIEW,REVIEW,zero preservado e não assumido como medição válida,NONE
3500022632,SGB_HIDRO_MS_2024_POCOS,profundida,0.0,ZERO_REQUIRES_REVIEW,REVIEW,zero preservado; provável ausência administrativa em parte dos registros,NONE
3500022632,SGB_HIDRO_MS_2024_POCOS,Cond_Eletr,0.0,ZERO_REQUIRES_REVIEW,REVIEW,zero preservado e não assumido como medição válida,NONE
3500022633,SGB_HIDRO_MS_2024_POCOS,profundida,0.0,ZERO_REQUIRES_REVIEW,REVIEW,zero preservado; provável ausência administrativa em parte dos registros,NONE
3500022633,SGB_HIDRO_MS_2024_POCOS,Cond_Eletr,0.0,ZERO_REQUIRES_REVIEW,REVIEW,zero preservado e não assumido como medição válida,NONE
3500022634,SGB_HIDRO_MS_2024_POCOS,profundida,0.0,ZERO_REQUIRES_REVIEW,REVIEW,zero preservado; provável ausência administrativa em parte dos registros,NONE
3500022634,SGB_HIDRO_MS_2024_POCOS,Cond_Eletr,0.0,ZERO_REQUIRES_REVIEW,REVIEW,zero preservado e não assumido como medição válida,NONE
3500022635,SGB_HIDRO_MS_2024_POCOS,profundida,0.0,ZERO_REQUIRES_REVIEW,REVIEW,zero preservado; provável ausência administrativa em parte dos registros,NONE
3500022635,SGB_HIDRO_MS_2024_POCOS,Cond_Eletr,0.0,ZERO_REQUIRES_REVIEW,REVIEW,zero preservado e não assumido como medição válida,NONE
3500022636,SGB_HIDRO_MS_2024_POCOS,profundida,0.0,ZERO_REQUIRES_REVIEW,REVIEW,zero preservado; provável ausência administrativa em parte dos registros,NONE
3500022636,SGB_HIDRO_MS_2024_POCOS,vazao_espe,0.0,ZERO_REQUIRES_REVIEW,REVIEW,zero preservado e não assumido como medição válida,NONE
3500022636,SGB_HIDRO_MS_2024_POCOS,Cond_Eletr,0.0,ZERO_REQUIRES_REVIEW,REVIEW,zero preservado e não assumido como medição válida,NONE
3500022637,SGB_HIDRO_MS_2024_POCOS,profundida,0.0,ZERO_REQUIRES_REVIEW,REVIEW,zero preservado; provável ausência administrativa em parte dos registros,NONE
3500022637,SGB_HIDRO_MS_2024_POCOS,Cond_Eletr,0.0,ZERO_REQUIRES_REVIEW,REVIEW,zero preservado e não assumido como medição válida,NONE
3500022638,SGB_HIDRO_MS_2024_POCOS,profundida,0.0,ZERO_REQUIRES_REVIEW,REVIEW,zero preservado; provável ausência administrativa em parte dos registros,NONE
3500022638,SGB_HIDRO_MS_2024_POCOS,Cond_Eletr,0.0,ZERO_REQUIRES_REVIEW,REVIEW,zero preservado e não assumido como medição válida,NONE
3500022639,SGB_HIDRO_MS_2024_POCOS,profundida,0.0,ZERO_REQUIRES_REVIEW,REVIEW,zero preservado; provável ausência administrativa em parte dos registros,NONE
3500022639,SGB_HIDRO_MS_2024_POCOS,Cond_Eletr,0.0,ZERO_REQUIRES_REVIEW,REVIEW,zero preservado e não assumido como medição válida,NONE
3500022640,SGB_HIDRO_MS_2024_POCOS,profundida,0.0,ZERO_REQUIRES_REVIEW,REVIEW,zero preservado; provável ausência administrativa em parte dos registros,NONE
3500022640,SGB_HIDRO_MS_2024_POCOS,Cond_Eletr,0.0,ZERO_REQUIRES_REVIEW,REVIEW,zero preservado e não assumido como medição válida,NONE
3500022641,SGB_HIDRO_MS_2024_POCOS,profundida,0.0,ZERO_REQUIRES_REVIEW,REVIEW,zero preservado; provável ausência administrativa em parte dos registros,NONE
3500022641,SGB_HIDRO_MS_2024_POCOS,Cond_Eletr,0.0,ZERO_REQUIRES_REVIEW,REVIEW,zero preservado e não assumido como medição válida,NONE
3500022642,SGB_HIDRO_MS_2024_POCOS,profundida,0.0,ZERO_REQUIRES_REVIEW,REVIEW,zero preservado; provável ausência administrativa em parte dos registros,NONE
3500022642,SGB_HIDRO_MS_2024_POCOS,Cond_Eletr,0.0,ZERO_REQUIRES_REVIEW,REVIEW,zero preservado e não assumido como medição válida,NONE
3500022643,SGB_HIDRO_MS_2024_POCOS,profundida,0.0,ZERO_REQUIRES_REVIEW,REVIEW,zero preservado; provável ausência administrativa em parte dos registros,NONE
3500022643,SGB_HIDRO_MS_2024_POCOS,vazao_espe,0.0,ZERO_REQUIRES_REVIEW,REVIEW,zero preservado e não assumido como medição válida,NONE
3500022643,SGB_HIDRO_MS_2024_POCOS,Cond_Eletr,0.0,ZERO_REQUIRES_REVIEW,REVIEW,zero preservado e não assumido como medição válida,NONE
3500022644,SGB_HIDRO_MS_2024_POCOS,profundida,0.0,ZERO_REQUIRES_REVIEW,REVIEW,zero preservado; provável ausência administrativa em parte dos registros,NONE
3500022644,SGB_HIDRO_MS_2024_POCOS,Cond_Eletr,0.0,ZERO_REQUIRES_REVIEW,REVIEW,zero preservado e não assumido como medição válida,NONE
3500022645,SGB_HIDRO_MS_2024_POCOS,profundida,0.0,ZERO_REQUIRES_REVIEW,REVIEW,zero preservado; provável ausência administrativa em parte dos registros,NONE
3500022645,SGB_HIDRO_MS_2024_POCOS,Cond_Eletr,0.0,ZERO_REQUIRES_REVIEW,REVIEW,zero preservado e não assumido como medição válida,NONE
3500022646,SGB_HIDRO_MS_2024_POCOS,profundida,0.0,ZERO_REQUIRES_REVIEW,REVIEW,zero preservado; provável ausência administrativa em parte dos registros,NONE
3500022646,SGB_HIDRO_MS_2024_POCOS,vazao_espe,0.0,ZERO_REQUIRES_REVIEW,REVIEW,zero preservado e não assumido como medição válida,NONE
3500022646,SGB_HIDRO_MS_2024_POCOS,Cond_Eletr,0.0,ZERO_REQUIRES_REVIEW,REVIEW,zero preservado e não assumido como medição válida,NONE
3500022647,SGB_HIDRO_MS_2024_POCOS,profundida,0.0,ZERO_REQUIRES_REVIEW,REVIEW,zero preservado; provável ausência administrativa em parte dos registros,NONE
3500022647,SGB_HIDRO_MS_2024_POCOS,Cond_Eletr,0.0,ZERO_REQUIRES_REVIEW,REVIEW,zero preservado e não assumido como medição válida,NONE
3500022648,SGB_HIDRO_MS_2024_POCOS,profundida,0.0,ZERO_REQUIRES_REVIEW,REVIEW,zero preservado; provável ausência administrativa em parte dos registros,NONE
3500022648,SGB_HIDRO_MS_2024_POCOS,Cond_Eletr,0.0,ZERO_REQUIRES_REVIEW,REVIEW,zero preservado e não assumido como medição válida,NONE
3500022649,SGB_HIDRO_MS_2024_POCOS,profundida,0.0,ZERO_REQUIRES_REVIEW,REVIEW,zero preservado; provável ausência administrativa em parte dos registros,NONE
3500022649,SGB_HIDRO_MS_2024_POCOS,Cond_Eletr,0.0,ZERO_REQUIRES_REVIEW,REVIEW,zero preservado e não assumido como medição válida,NONE
3500022650,SGB_HIDRO_MS_2024_POCOS,profundida,0.0,ZERO_REQUIRES_REVIEW,REVIEW,zero preservado; provável ausência administrativa em parte dos registros,NONE
3500022650,SGB_HIDRO_MS_2024_POCOS,Cond_Eletr,0.0,ZERO_REQUIRES_REVIEW,REVIEW,zero preservado e não assumido como medição válida,NONE
3500022651,SGB_HIDRO_MS_2024_POCOS,profundida,0.0,ZERO_REQUIRES_REVIEW,REVIEW,zero preservado; provável ausência administrativa em parte dos registros,NONE
3500022651,SGB_HIDRO_MS_2024_POCOS,Cond_Eletr,0.0,ZERO_REQUIRES_REVIEW,REVIEW,zero preservado e não assumido como medição válida,NONE
3500022652,SGB_HIDRO_MS_2024_POCOS,profundida,0.0,ZERO_REQUIRES_REVIEW,REVIEW,zero preservado; provável ausência administrativa em parte dos registros,NONE
3500022652,SGB_HIDRO_MS_2024_POCOS,Cond_Eletr,0.0,ZERO_REQUIRES_REVIEW,REVIEW,zero preservado e não assumido como medição válida,NONE
3500022653,SGB_HIDRO_MS_2024_POCOS,profundida,0.0,ZERO_REQUIRES_REVIEW,REVIEW,zero preservado; provável ausência administrativa em parte dos registros,NONE
3500022653,SGB_HIDRO_MS_2024_POCOS,Cond_Eletr,0.0,ZERO_REQUIRES_REVIEW,REVIEW,zero preservado e não assumido como medição válida,NONE
3500022654,SGB_HIDRO_MS_2024_POCOS,profundida,0.0,ZERO_REQUIRES_REVIEW,REVIEW,zero preservado; provável ausência administrativa em parte dos registros,NONE
3500022654,SGB_HIDRO_MS_2024_POCOS,Cond_Eletr,0.0,ZERO_REQUIRES_REVIEW,REVIEW,zero preservado e não assumido como medição válida,NONE
3500022655,SGB_HIDRO_MS_2024_POCOS,profundida,0.0,ZERO_REQUIRES_REVIEW,REVIEW,zero preservado; provável ausência administrativa em parte dos registros,NONE
3500022655,SGB_HIDRO_MS_2024_POCOS,Cond_Eletr,0.0,ZERO_REQUIRES_REVIEW,REVIEW,zero preservado e não assumido como medição válida,NONE
3500022656,SGB_HIDRO_MS_2024_POCOS,profundida,0.0,ZERO_REQUIRES_REVIEW,REVIEW,zero preservado; provável ausência administrativa em parte dos registros,NONE
3500022656,SGB_HIDRO_MS_2024_POCOS,Cond_Eletr,0.0,ZERO_REQUIRES_REVIEW,REVIEW,zero preservado e não assumido como medição válida,NONE
3500022657,SGB_HIDRO_MS_2024_POCOS,profundida,0.0,ZERO_REQUIRES_REVIEW,REVIEW,zero preservado; provável ausência administrativa em parte dos registros,NONE
3500022657,SGB_HIDRO_MS_2024_POCOS,Cond_Eletr,0.0,ZERO_REQUIRES_REVIEW,REVIEW,zero preservado e não assumido como medição válida,NONE
3500022658,SGB_HIDRO_MS_2024_POCOS,profundida,0.0,ZERO_REQUIRES_REVIEW,REVIEW,zero preservado; provável ausência administrativa em parte dos registros,NONE
3500022658,SGB_HIDRO_MS_2024_POCOS,Cond_Eletr,0.0,ZERO_REQUIRES_REVIEW,REVIEW,zero preservado e não assumido como medição válida,NONE
3500022659,SGB_HIDRO_MS_2024_POCOS,profundida,0.0,ZERO_REQUIRES_REVIEW,REVIEW,zero preservado; provável ausência administrativa em parte dos registros,NONE
3500022659,SGB_HIDRO_MS_2024_POCOS,Cond_Eletr,0.0,ZERO_REQUIRES_REVIEW,REVIEW,zero preservado e não assumido como medição válida,NONE
3500022660,SGB_HIDRO_MS_2024_POCOS,profundida,0.0,ZERO_REQUIRES_REVIEW,REVIEW,zero preservado; provável ausência administrativa em parte dos registros,NONE
3500022660,SGB_HIDRO_MS_2024_POCOS,Cond_Eletr,0.0,ZERO_REQUIRES_REVIEW,REVIEW,zero preservado e não assumido como medição válida,NONE
3500022661,SGB_HIDRO_MS_2024_POCOS,profundida,0.0,ZERO_REQUIRES_REVIEW,REVIEW,zero preservado; provável ausência administrativa em parte dos registros,NONE
3500022661,SGB_HIDRO_MS_2024_POCOS,Cond_Eletr,0.0,ZERO_REQUIRES_REVIEW,REVIEW,zero preservado e não assumido como medição válida,NONE
3500022662,SGB_HIDRO_MS_2024_POCOS,profundida,0.0,ZERO_REQUIRES_REVIEW,REVIEW,zero preservado; provável ausência administrativa em parte dos registros,NONE
3500022662,SGB_HIDRO_MS_2024_POCOS,Cond_Eletr,0.0,ZERO_REQUIRES_REVIEW,REVIEW,zero preservado e não assumido como medição válida,NONE
3500022663,SGB_HIDRO_MS_2024_POCOS,profundida,0.0,ZERO_REQUIRES_REVIEW,REVIEW,zero preservado; provável ausência administrativa em parte dos registros,NONE
3500022663,SGB_HIDRO_MS_2024_POCOS,Cond_Eletr,0.0,ZERO_REQUIRES_REVIEW,REVIEW,zero preservado e não assumido como medição válida,NONE
3500022664,SGB_HIDRO_MS_2024_POCOS,profundida,0.0,ZERO_REQUIRES_REVIEW,REVIEW,zero preservado; provável ausência administrativa em parte dos registros,NONE
3500022664,SGB_HIDRO_MS_2024_POCOS,Cond_Eletr,0.0,ZERO_REQUIRES_REVIEW,REVIEW,zero preservado e não assumido como medição válida,NONE
3500022665,SGB_HIDRO_MS_2024_POCOS,profundida,0.0,ZERO_REQUIRES_REVIEW,REVIEW,zero preservado; provável ausência administrativa em parte dos registros,NONE
3500022665,SGB_HIDRO_MS_2024_POCOS,Cond_Eletr,0.0,ZERO_REQUIRES_REVIEW,REVIEW,zero preservado e não assumido como medição válida,NONE
3500022666,SGB_HIDRO_MS_2024_POCOS,profundida,0.0,ZERO_REQUIRES_REVIEW,REVIEW,zero preservado; provável ausência administrativa em parte dos registros,NONE
3500022666,SGB_HIDRO_MS_2024_POCOS,Cond_Eletr,0.0,ZERO_REQUIRES_REVIEW,REVIEW,zero preservado e não assumido como medição válida,NONE
3500022667,SGB_HIDRO_MS_2024_POCOS,profundida,0.0,ZERO_REQUIRES_REVIEW,REVIEW,zero preservado; provável ausência administrativa em parte dos registros,NONE
3500022667,SGB_HIDRO_MS_2024_POCOS,Cond_Eletr,0.0,ZERO_REQUIRES_REVIEW,REVIEW,zero preservado e não assumido como medição válida,NONE
3500022668,SGB_HIDRO_MS_2024_POCOS,profundida,0.0,ZERO_REQUIRES_REVIEW,REVIEW,zero preservado; provável ausência administrativa em parte dos registros,NONE
3500022668,SGB_HIDRO_MS_2024_POCOS,Cond_Eletr,0.0,ZERO_REQUIRES_REVIEW,REVIEW,zero preservado e não assumido como medição válida,NONE
3500022669,SGB_HIDRO_MS_2024_POCOS,profundida,0.0,ZERO_REQUIRES_REVIEW,REVIEW,zero preservado; provável ausência administrativa em parte dos registros,NONE
3500022669,SGB_HIDRO_MS_2024_POCOS,Cond_Eletr,0.0,ZERO_REQUIRES_REVIEW,REVIEW,zero preservado e não assumido como medição válida,NONE
3500022670,SGB_HIDRO_MS_2024_POCOS,profundida,0.0,ZERO_REQUIRES_REVIEW,REVIEW,zero preservado; provável ausência administrativa em parte dos registros,NONE
3500022670,SGB_HIDRO_MS_2024_POCOS,Cond_Eletr,0.0,ZERO_REQUIRES_REVIEW,REVIEW,zero preservado e não assumido como medição válida,NONE
3500022671,SGB_HIDRO_MS_2024_POCOS,profundida,0.0,ZERO_REQUIRES_REVIEW,REVIEW,zero preservado; provável ausência administrativa em parte dos registros,NONE
3500022671,SGB_HIDRO_MS_2024_POCOS,Cond_Eletr,0.0,ZERO_REQUIRES_REVIEW,REVIEW,zero preservado e não assumido como medição válida,NONE
3500022672,SGB_HIDRO_MS_2024_POCOS,profundida,0.0,ZERO_REQUIRES_REVIEW,REVIEW,zero preservado; provável ausência administrativa em parte dos registros,NONE
3500022672,SGB_HIDRO_MS_2024_POCOS,Cond_Eletr,0.0,ZERO_REQUIRES_REVIEW,REVIEW,zero preservado e não assumido como medição válida,NONE
3500022673,SGB_HIDRO_MS_2024_POCOS,profundida,0.0,ZERO_REQUIRES_REVIEW,REVIEW,zero preservado; provável ausência administrativa em parte dos registros,NONE
3500022673,SGB_HIDRO_MS_2024_POCOS,Cond_Eletr,0.0,ZERO_REQUIRES_REVIEW,REVIEW,zero preservado e não assumido como medição válida,NONE
3500022674,SGB_HIDRO_MS_2024_POCOS,profundida,0.0,ZERO_REQUIRES_REVIEW,REVIEW,zero preservado; provável ausência administrativa em parte dos registros,NONE
3500022674,SGB_HIDRO_MS_2024_POCOS,Cond_Eletr,0.0,ZERO_REQUIRES_REVIEW,REVIEW,zero preservado e não assumido como medição válida,NONE
3500022675,SGB_HIDRO_MS_2024_POCOS,profundida,0.0,ZERO_REQUIRES_REVIEW,REVIEW,zero preservado; provável ausência administrativa em parte dos registros,NONE
3500022675,SGB_HIDRO_MS_2024_POCOS,Cond_Eletr,0.0,ZERO_REQUIRES_REVIEW,REVIEW,zero preservado e não assumido como medição válida,NONE
3500022676,SGB_HIDRO_MS_2024_POCOS,profundida,0.0,ZERO_REQUIRES_REVIEW,REVIEW,zero preservado; provável ausência administrativa em parte dos registros,NONE
3500022676,SGB_HIDRO_MS_2024_POCOS,Cond_Eletr,0.0,ZERO_REQUIRES_REVIEW,REVIEW,zero preservado e não assumido como medição válida,NONE
3500022677,SGB_HIDRO_MS_2024_POCOS,profundida,0.0,ZERO_REQUIRES_REVIEW,REVIEW,zero preservado; provável ausência administrativa em parte dos registros,NONE
3500022677,SGB_HIDRO_MS_2024_POCOS,Cond_Eletr,0.0,ZERO_REQUIRES_REVIEW,REVIEW,zero preservado e não assumido como medição válida,NONE
3500022678,SGB_HIDRO_MS_2024_POCOS,profundida,0.0,ZERO_REQUIRES_REVIEW,REVIEW,zero preservado; provável ausência administrativa em parte dos registros,NONE
3500022678,SGB_HIDRO_MS_2024_POCOS,Cond_Eletr,0.0,ZERO_REQUIRES_REVIEW,REVIEW,zero preservado e não assumido como medição válida,NONE
3500022679,SGB_HIDRO_MS_2024_POCOS,profundida,0.0,ZERO_REQUIRES_REVIEW,REVIEW,zero preservado; provável ausência administrativa em parte dos registros,NONE
3500022679,SGB_HIDRO_MS_2024_POCOS,Cond_Eletr,0.0,ZERO_REQUIRES_REVIEW,REVIEW,zero preservado e não assumido como medição válida,NONE
3500022680,SGB_HIDRO_MS_2024_POCOS,profundida,0.0,ZERO_REQUIRES_REVIEW,REVIEW,zero preservado; provável ausência administrativa em parte dos registros,NONE
3500022680,SGB_HIDRO_MS_2024_POCOS,Cond_Eletr,0.0,ZERO_REQUIRES_REVIEW,REVIEW,zero preservado e não assumido como medição válida,NONE
3500022681,SGB_HIDRO_MS_2024_POCOS,profundida,0.0,ZERO_REQUIRES_REVIEW,REVIEW,zero preservado; provável ausência administrativa em parte dos registros,NONE
3500022681,SGB_HIDRO_MS_2024_POCOS,Cond_Eletr,0.0,ZERO_REQUIRES_REVIEW,REVIEW,zero preservado e não assumido como medição válida,NONE
3500022682,SGB_HIDRO_MS_2024_POCOS,profundida,0.0,ZERO_REQUIRES_REVIEW,REVIEW,zero preservado; provável ausência administrativa em parte dos registros,NONE
3500022682,SGB_HIDRO_MS_2024_POCOS,Cond_Eletr,0.0,ZERO_REQUIRES_REVIEW,REVIEW,zero preservado e não assumido como medição válida,NONE
3500022683,SGB_HIDRO_MS_2024_POCOS,profundida,0.0,ZERO_REQUIRES_REVIEW,REVIEW,zero preservado; provável ausência administrativa em parte dos registros,NONE
3500022683,SGB_HIDRO_MS_2024_POCOS,Cond_Eletr,0.0,ZERO_REQUIRES_REVIEW,REVIEW,zero preservado e não assumido como medição válida,NONE
3500022684,SGB_HIDRO_MS_2024_POCOS,profundida,0.0,ZERO_REQUIRES_REVIEW,REVIEW,zero preservado; provável ausência administrativa em parte dos registros,NONE
3500022685,SGB_HIDRO_MS_2024_POCOS,profundida,0.0,ZERO_REQUIRES_REVIEW,REVIEW,zero preservado; provável ausência administrativa em parte dos registros,NONE
3500022685,SGB_HIDRO_MS_2024_POCOS,Cond_Eletr,0.0,ZERO_REQUIRES_REVIEW,REVIEW,zero preservado e não assumido como medição válida,NONE
3500022686,SGB_HIDRO_MS_2024_POCOS,profundida,0.0,ZERO_REQUIRES_REVIEW,REVIEW,zero preservado; provável ausência administrativa em parte dos registros,NONE
3500022686,SGB_HIDRO_MS_2024_POCOS,Cond_Eletr,0.0,ZERO_REQUIRES_REVIEW,REVIEW,zero preservado e não assumido como medição válida,NONE
3500022687,SGB_HIDRO_MS_2024_POCOS,profundida,0.0,ZERO_REQUIRES_REVIEW,REVIEW,zero preservado; provável ausência administrativa em parte dos registros,NONE
3500022687,SGB_HIDRO_MS_2024_POCOS,Cond_Eletr,0.0,ZERO_REQUIRES_REVIEW,REVIEW,zero preservado e não assumido como medição válida,NONE
3500022688,SGB_HIDRO_MS_2024_POCOS,profundida,0.0,ZERO_REQUIRES_REVIEW,REVIEW,zero preservado; provável ausência administrativa em parte dos registros,NONE
3500022688,SGB_HIDRO_MS_2024_POCOS,Cond_Eletr,0.0,ZERO_REQUIRES_REVIEW,REVIEW,zero preservado e não assumido como medição válida,NONE
3500022689,SGB_HIDRO_MS_2024_POCOS,profundida,0.0,ZERO_REQUIRES_REVIEW,REVIEW,zero preservado; provável ausência administrativa em parte dos registros,NONE
3500022689,SGB_HIDRO_MS_2024_POCOS,Cond_Eletr,0.0,ZERO_REQUIRES_REVIEW,REVIEW,zero preservado e não assumido como medição válida,NONE
3500022690,SGB_HIDRO_MS_2024_POCOS,profundida,0.0,ZERO_REQUIRES_REVIEW,REVIEW,zero preservado; provável ausência administrativa em parte dos registros,NONE
3500022690,SGB_HIDRO_MS_2024_POCOS,Cond_Eletr,0.0,ZERO_REQUIRES_REVIEW,REVIEW,zero preservado e não assumido como medição válida,NONE
3500022691,SGB_HIDRO_MS_2024_POCOS,profundida,0.0,ZERO_REQUIRES_REVIEW,REVIEW,zero preservado; provável ausência administrativa em parte dos registros,NONE
3500022691,SGB_HIDRO_MS_2024_POCOS,Cond_Eletr,0.0,ZERO_REQUIRES_REVIEW,REVIEW,zero preservado e não assumido como medição válida,NONE
3500022692,SGB_HIDRO_MS_2024_POCOS,profundida,0.0,ZERO_REQUIRES_REVIEW,REVIEW,zero preservado; provável ausência administrativa em parte dos registros,NONE
3500022692,SGB_HIDRO_MS_2024_POCOS,Cond_Eletr,0.0,ZERO_REQUIRES_REVIEW,REVIEW,zero preservado e não assumido como medição válida,NONE
3500022693,SGB_HIDRO_MS_2024_POCOS,profundida,0.0,ZERO_REQUIRES_REVIEW,REVIEW,zero preservado; provável ausência administrativa em parte dos registros,NONE
3500022693,SGB_HIDRO_MS_2024_POCOS,Cond_Eletr,0.0,ZERO_REQUIRES_REVIEW,REVIEW,zero preservado e não assumido como medição válida,NONE
3500022694,SGB_HIDRO_MS_2024_POCOS,profundida,0.0,ZERO_REQUIRES_REVIEW,REVIEW,zero preservado; provável ausência administrativa em parte dos registros,NONE
3500022694,SGB_HIDRO_MS_2024_POCOS,Cond_Eletr,0.0,ZERO_REQUIRES_REVIEW,REVIEW,zero preservado e não assumido como medição válida,NONE
3500022695,SGB_HIDRO_MS_2024_POCOS,profundida,0.0,ZERO_REQUIRES_REVIEW,REVIEW,zero preservado; provável ausência administrativa em parte dos registros,NONE
3500022695,SGB_HIDRO_MS_2024_POCOS,Cond_Eletr,0.0,ZERO_REQUIRES_REVIEW,REVIEW,zero preservado e não assumido como medição válida,NONE
3500022696,SGB_HIDRO_MS_2024_POCOS,profundida,0.0,ZERO_REQUIRES_REVIEW,REVIEW,zero preservado; provável ausência administrativa em parte dos registros,NONE
3500022696,SGB_HIDRO_MS_2024_POCOS,Cond_Eletr,0.0,ZERO_REQUIRES_REVIEW,REVIEW,zero preservado e não assumido como medição válida,NONE
3500022697,SGB_HIDRO_MS_2024_POCOS,profundida,0.0,ZERO_REQUIRES_REVIEW,REVIEW,zero preservado; provável ausência administrativa em parte dos registros,NONE
3500022697,SGB_HIDRO_MS_2024_POCOS,Cond_Eletr,0.0,ZERO_REQUIRES_REVIEW,REVIEW,zero preservado e não assumido como medição válida,NONE
3500022698,SGB_HIDRO_MS_2024_POCOS,profundida,0.0,ZERO_REQUIRES_REVIEW,REVIEW,zero preservado; provável ausência administrativa em parte dos registros,NONE
3500022698,SGB_HIDRO_MS_2024_POCOS,Cond_Eletr,0.0,ZERO_REQUIRES_REVIEW,REVIEW,zero preservado e não assumido como medição válida,NONE
3500022699,SGB_HIDRO_MS_2024_POCOS,profundida,0.0,ZERO_REQUIRES_REVIEW,REVIEW,zero preservado; provável ausência administrativa em parte dos registros,NONE
3500022699,SGB_HIDRO_MS_2024_POCOS,Cond_Eletr,0.0,ZERO_REQUIRES_REVIEW,REVIEW,zero preservado e não assumido como medição válida,NONE
3500022700,SGB_HIDRO_MS_2024_POCOS,profundida,0.0,ZERO_REQUIRES_REVIEW,REVIEW,zero preservado; provável ausência administrativa em parte dos registros,NONE
3500022700,SGB_HIDRO_MS_2024_POCOS,Cond_Eletr,0.0,ZERO_REQUIRES_REVIEW,REVIEW,zero preservado e não assumido como medição válida,NONE
3500022701,SGB_HIDRO_MS_2024_POCOS,profundida,0.0,ZERO_REQUIRES_REVIEW,REVIEW,zero preservado; provável ausência administrativa em parte dos registros,NONE
3500022701,SGB_HIDRO_MS_2024_POCOS,Cond_Eletr,0.0,ZERO_REQUIRES_REVIEW,REVIEW,zero preservado e não assumido como medição válida,NONE
3500022702,SGB_HIDRO_MS_2024_POCOS,profundida,0.0,ZERO_REQUIRES_REVIEW,REVIEW,zero preservado; provável ausência administrativa em parte dos registros,NONE
3500022702,SGB_HIDRO_MS_2024_POCOS,Cond_Eletr,0.0,ZERO_REQUIRES_REVIEW,REVIEW,zero preservado e não assumido como medição válida,NONE
3500022703,SGB_HIDRO_MS_2024_POCOS,profundida,0.0,ZERO_REQUIRES_REVIEW,REVIEW,zero preservado; provável ausência administrativa em parte dos registros,NONE
3500022703,SGB_HIDRO_MS_2024_POCOS,Cond_Eletr,0.0,ZERO_REQUIRES_REVIEW,REVIEW,zero preservado e não assumido como medição válida,NONE
3500022704,SGB_HIDRO_MS_2024_POCOS,profundida,0.0,ZERO_REQUIRES_REVIEW,REVIEW,zero preservado; provável ausência administrativa em parte dos registros,NONE
3500022704,SGB_HIDRO_MS_2024_POCOS,Cond_Eletr,0.0,ZERO_REQUIRES_REVIEW,REVIEW,zero preservado e não assumido como medição válida,NONE
3500022705,SGB_HIDRO_MS_2024_POCOS,profundida,0.0,ZERO_REQUIRES_REVIEW,REVIEW,zero preservado; provável ausência administrativa em parte dos registros,NONE
3500022705,SGB_HIDRO_MS_2024_POCOS,Cond_Eletr,0.0,ZERO_REQUIRES_REVIEW,REVIEW,zero preservado e não assumido como medição válida,NONE
3500022706,SGB_HIDRO_MS_2024_POCOS,profundida,0.0,ZERO_REQUIRES_REVIEW,REVIEW,zero preservado; provável ausência administrativa em parte dos registros,NONE
3500022706,SGB_HIDRO_MS_2024_POCOS,Cond_Eletr,0.0,ZERO_REQUIRES_REVIEW,REVIEW,zero preservado e não assumido como medição válida,NONE
3500022707,SGB_HIDRO_MS_2024_POCOS,profundida,0.0,ZERO_REQUIRES_REVIEW,REVIEW,zero preservado; provável ausência administrativa em parte dos registros,NONE
3500022707,SGB_HIDRO_MS_2024_POCOS,Cond_Eletr,0.0,ZERO_REQUIRES_REVIEW,REVIEW,zero preservado e não assumido como medição válida,NONE
3500022708,SGB_HIDRO_MS_2024_POCOS,profundida,0.0,ZERO_REQUIRES_REVIEW,REVIEW,zero preservado; provável ausência administrativa em parte dos registros,NONE
3500022708,SGB_HIDRO_MS_2024_POCOS,Cond_Eletr,0.0,ZERO_REQUIRES_REVIEW,REVIEW,zero preservado e não assumido como medição válida,NONE
3500022709,SGB_HIDRO_MS_2024_POCOS,profundida,0.0,ZERO_REQUIRES_REVIEW,REVIEW,zero preservado; provável ausência administrativa em parte dos registros,NONE
3500022709,SGB_HIDRO_MS_2024_POCOS,Cond_Eletr,0.0,ZERO_REQUIRES_REVIEW,REVIEW,zero preservado e não assumido como medição válida,NONE
3500022710,SGB_HIDRO_MS_2024_POCOS,profundida,0.0,ZERO_REQUIRES_REVIEW,REVIEW,zero preservado; provável ausência administrativa em parte dos registros,NONE
3500022710,SGB_HIDRO_MS_2024_POCOS,Cond_Eletr,0.0,ZERO_REQUIRES_REVIEW,REVIEW,zero preservado e não assumido como medição válida,NONE
3500022711,SGB_HIDRO_MS_2024_POCOS,profundida,0.0,ZERO_REQUIRES_REVIEW,REVIEW,zero preservado; provável ausência administrativa em parte dos registros,NONE
3500022711,SGB_HIDRO_MS_2024_POCOS,Cond_Eletr,0.0,ZERO_REQUIRES_REVIEW,REVIEW,zero preservado e não assumido como medição válida,NONE
3500022712,SGB_HIDRO_MS_2024_POCOS,profundida,0.0,ZERO_REQUIRES_REVIEW,REVIEW,zero preservado; provável ausência administrativa em parte dos registros,NONE
3500022713,SGB_HIDRO_MS_2024_POCOS,profundida,0.0,ZERO_REQUIRES_REVIEW,REVIEW,zero preservado; provável ausência administrativa em parte dos registros,NONE
3500022713,SGB_HIDRO_MS_2024_POCOS,Cond_Eletr,0.0,ZERO_REQUIRES_REVIEW,REVIEW,zero preservado e não assumido como medição válida,NONE
3500022714,SGB_HIDRO_MS_2024_POCOS,profundida,0.0,ZERO_REQUIRES_REVIEW,REVIEW,zero preservado; provável ausência administrativa em parte dos registros,NONE
3500022714,SGB_HIDRO_MS_2024_POCOS,Cond_Eletr,0.0,ZERO_REQUIRES_REVIEW,REVIEW,zero preservado e não assumido como medição válida,NONE
3500022715,SGB_HIDRO_MS_2024_POCOS,profundida,0.0,ZERO_REQUIRES_REVIEW,REVIEW,zero preservado; provável ausência administrativa em parte dos registros,NONE
3500022715,SGB_HIDRO_MS_2024_POCOS,Cond_Eletr,0.0,ZERO_REQUIRES_REVIEW,REVIEW,zero preservado e não assumido como medição válida,NONE
3500022716,SGB_HIDRO_MS_2024_POCOS,profundida,0.0,ZERO_REQUIRES_REVIEW,REVIEW,zero preservado; provável ausência administrativa em parte dos registros,NONE
3500022716,SGB_HIDRO_MS_2024_POCOS,Cond_Eletr,0.0,ZERO_REQUIRES_REVIEW,REVIEW,zero preservado e não assumido como medição válida,NONE
3500022717,SGB_HIDRO_MS_2024_POCOS,profundida,0.0,ZERO_REQUIRES_REVIEW,REVIEW,zero preservado; provável ausência administrativa em parte dos registros,NONE
3500022717,SGB_HIDRO_MS_2024_POCOS,Cond_Eletr,0.0,ZERO_REQUIRES_REVIEW,REVIEW,zero preservado e não assumido como medição válida,NONE
3500022718,SGB_HIDRO_MS_2024_POCOS,profundida,0.0,ZERO_REQUIRES_REVIEW,REVIEW,zero preservado; provável ausência administrativa em parte dos registros,NONE
3500022718,SGB_HIDRO_MS_2024_POCOS,Cond_Eletr,0.0,ZERO_REQUIRES_REVIEW,REVIEW,zero preservado e não assumido como medição válida,NONE
3500022719,SGB_HIDRO_MS_2024_POCOS,profundida,0.0,ZERO_REQUIRES_REVIEW,REVIEW,zero preservado; provável ausência administrativa em parte dos registros,NONE
3500022719,SGB_HIDRO_MS_2024_POCOS,Cond_Eletr,0.0,ZERO_REQUIRES_REVIEW,REVIEW,zero preservado e não assumido como medição válida,NONE
3500022720,SGB_HIDRO_MS_2024_POCOS,profundida,0.0,ZERO_REQUIRES_REVIEW,REVIEW,zero preservado; provável ausência administrativa em parte dos registros,NONE
3500022720,SGB_HIDRO_MS_2024_POCOS,Cond_Eletr,0.0,ZERO_REQUIRES_REVIEW,REVIEW,zero preservado e não assumido como medição válida,NONE
3500022721,SGB_HIDRO_MS_2024_POCOS,profundida,0.0,ZERO_REQUIRES_REVIEW,REVIEW,zero preservado; provável ausência administrativa em parte dos registros,NONE
3500022721,SGB_HIDRO_MS_2024_POCOS,Cond_Eletr,0.0,ZERO_REQUIRES_REVIEW,REVIEW,zero preservado e não assumido como medição válida,NONE
3500022722,SGB_HIDRO_MS_2024_POCOS,profundida,0.0,ZERO_REQUIRES_REVIEW,REVIEW,zero preservado; provável ausência administrativa em parte dos registros,NONE
3500022722,SGB_HIDRO_MS_2024_POCOS,Cond_Eletr,0.0,ZERO_REQUIRES_REVIEW,REVIEW,zero preservado e não assumido como medição válida,NONE
3500022723,SGB_HIDRO_MS_2024_POCOS,profundida,0.0,ZERO_REQUIRES_REVIEW,REVIEW,zero preservado; provável ausência administrativa em parte dos registros,NONE
3500022723,SGB_HIDRO_MS_2024_POCOS,Cond_Eletr,0.0,ZERO_REQUIRES_REVIEW,REVIEW,zero preservado e não assumido como medição válida,NONE
3500022724,SGB_HIDRO_MS_2024_POCOS,profundida,0.0,ZERO_REQUIRES_REVIEW,REVIEW,zero preservado; provável ausência administrativa em parte dos registros,NONE
3500022724,SGB_HIDRO_MS_2024_POCOS,Cond_Eletr,0.0,ZERO_REQUIRES_REVIEW,REVIEW,zero preservado e não assumido como medição válida,NONE
3500022725,SGB_HIDRO_MS_2024_POCOS,profundida,0.0,ZERO_REQUIRES_REVIEW,REVIEW,zero preservado; provável ausência administrativa em parte dos registros,NONE
3500022725,SGB_HIDRO_MS_2024_POCOS,Cond_Eletr,0.0,ZERO_REQUIRES_REVIEW,REVIEW,zero preservado e não assumido como medição válida,NONE
3500022726,SGB_HIDRO_MS_2024_POCOS,profundida,0.0,ZERO_REQUIRES_REVIEW,REVIEW,zero preservado; provável ausência administrativa em parte dos registros,NONE
3500022726,SGB_HIDRO_MS_2024_POCOS,Cond_Eletr,0.0,ZERO_REQUIRES_REVIEW,REVIEW,zero preservado e não assumido como medição válida,NONE
3500022727,SGB_HIDRO_MS_2024_POCOS,profundida,0.0,ZERO_REQUIRES_REVIEW,REVIEW,zero preservado; provável ausência administrativa em parte dos registros,NONE
3500022727,SGB_HIDRO_MS_2024_POCOS,Cond_Eletr,0.0,ZERO_REQUIRES_REVIEW,REVIEW,zero preservado e não assumido como medição válida,NONE
3500022728,SGB_HIDRO_MS_2024_POCOS,profundida,0.0,ZERO_REQUIRES_REVIEW,REVIEW,zero preservado; provável ausência administrativa em parte dos registros,NONE
3500022728,SGB_HIDRO_MS_2024_POCOS,Cond_Eletr,0.0,ZERO_REQUIRES_REVIEW,REVIEW,zero preservado e não assumido como medição válida,NONE
3500022729,SGB_HIDRO_MS_2024_POCOS,profundida,0.0,ZERO_REQUIRES_REVIEW,REVIEW,zero preservado; provável ausência administrativa em parte dos registros,NONE
3500022729,SGB_HIDRO_MS_2024_POCOS,Cond_Eletr,0.0,ZERO_REQUIRES_REVIEW,REVIEW,zero preservado e não assumido como medição válida,NONE
3500022730,SGB_HIDRO_MS_2024_POCOS,profundida,0.0,ZERO_REQUIRES_REVIEW,REVIEW,zero preservado; provável ausência administrativa em parte dos registros,NONE
3500022730,SGB_HIDRO_MS_2024_POCOS,Cond_Eletr,0.0,ZERO_REQUIRES_REVIEW,REVIEW,zero preservado e não assumido como medição válida,NONE
3500022731,SGB_HIDRO_MS_2024_POCOS,profundida,0.0,ZERO_REQUIRES_REVIEW,REVIEW,zero preservado; provável ausência administrativa em parte dos registros,NONE
3500022731,SGB_HIDRO_MS_2024_POCOS,Cond_Eletr,0.0,ZERO_REQUIRES_REVIEW,REVIEW,zero preservado e não assumido como medição válida,NONE
3500022732,SGB_HIDRO_MS_2024_POCOS,profundida,0.0,ZERO_REQUIRES_REVIEW,REVIEW,zero preservado; provável ausência administrativa em parte dos registros,NONE
3500022732,SGB_HIDRO_MS_2024_POCOS,Cond_Eletr,0.0,ZERO_REQUIRES_REVIEW,REVIEW,zero preservado e não assumido como medição válida,NONE
3500022733,SGB_HIDRO_MS_2024_POCOS,profundida,0.0,ZERO_REQUIRES_REVIEW,REVIEW,zero preservado; provável ausência administrativa em parte dos registros,NONE
3500022733,SGB_HIDRO_MS_2024_POCOS,Cond_Eletr,0.0,ZERO_REQUIRES_REVIEW,REVIEW,zero preservado e não assumido como medição válida,NONE
3500022734,SGB_HIDRO_MS_2024_POCOS,profundida,0.0,ZERO_REQUIRES_REVIEW,REVIEW,zero preservado; provável ausência administrativa em parte dos registros,NONE
3500022734,SGB_HIDRO_MS_2024_POCOS,Cond_Eletr,0.0,ZERO_REQUIRES_REVIEW,REVIEW,zero preservado e não assumido como medição válida,NONE
3500022735,SGB_HIDRO_MS_2024_POCOS,profundida,0.0,ZERO_REQUIRES_REVIEW,REVIEW,zero preservado; provável ausência administrativa em parte dos registros,NONE
3500022735,SGB_HIDRO_MS_2024_POCOS,Cond_Eletr,0.0,ZERO_REQUIRES_REVIEW,REVIEW,zero preservado e não assumido como medição válida,NONE
3500022736,SGB_HIDRO_MS_2024_POCOS,profundida,0.0,ZERO_REQUIRES_REVIEW,REVIEW,zero preservado; provável ausência administrativa em parte dos registros,NONE
3500022736,SGB_HIDRO_MS_2024_POCOS,Cond_Eletr,0.0,ZERO_REQUIRES_REVIEW,REVIEW,zero preservado e não assumido como medição válida,NONE
3500022737,SGB_HIDRO_MS_2024_POCOS,profundida,0.0,ZERO_REQUIRES_REVIEW,REVIEW,zero preservado; provável ausência administrativa em parte dos registros,NONE
3500022737,SGB_HIDRO_MS_2024_POCOS,Cond_Eletr,0.0,ZERO_REQUIRES_REVIEW,REVIEW,zero preservado e não assumido como medição válida,NONE
3500022738,SGB_HIDRO_MS_2024_POCOS,profundida,0.0,ZERO_REQUIRES_REVIEW,REVIEW,zero preservado; provável ausência administrativa em parte dos registros,NONE
3500022738,SGB_HIDRO_MS_2024_POCOS,Cond_Eletr,0.0,ZERO_REQUIRES_REVIEW,REVIEW,zero preservado e não assumido como medição válida,NONE
3500022739,SGB_HIDRO_MS_2024_POCOS,profundida,0.0,ZERO_REQUIRES_REVIEW,REVIEW,zero preservado; provável ausência administrativa em parte dos registros,NONE
3500022739,SGB_HIDRO_MS_2024_POCOS,Cond_Eletr,0.0,ZERO_REQUIRES_REVIEW,REVIEW,zero preservado e não assumido como medição válida,NONE
3500022740,SGB_HIDRO_MS_2024_POCOS,profundida,0.0,ZERO_REQUIRES_REVIEW,REVIEW,zero preservado; provável ausência administrativa em parte dos registros,NONE
3500022740,SGB_HIDRO_MS_2024_POCOS,Cond_Eletr,0.0,ZERO_REQUIRES_REVIEW,REVIEW,zero preservado e não assumido como medição válida,NONE
3500022741,SGB_HIDRO_MS_2024_POCOS,profundida,0.0,ZERO_REQUIRES_REVIEW,REVIEW,zero preservado; provável ausência administrativa em parte dos registros,NONE
3500022741,SGB_HIDRO_MS_2024_POCOS,Cond_Eletr,0.0,ZERO_REQUIRES_REVIEW,REVIEW,zero preservado e não assumido como medição válida,NONE
3500022742,SGB_HIDRO_MS_2024_POCOS,profundida,0.0,ZERO_REQUIRES_REVIEW,REVIEW,zero preservado; provável ausência administrativa em parte dos registros,NONE
3500022742,SGB_HIDRO_MS_2024_POCOS,Cond_Eletr,0.0,ZERO_REQUIRES_REVIEW,REVIEW,zero preservado e não assumido como medição válida,NONE
3500022743,SGB_HIDRO_MS_2024_POCOS,profundida,0.0,ZERO_REQUIRES_REVIEW,REVIEW,zero preservado; provável ausência administrativa em parte dos registros,NONE
3500022744,SGB_HIDRO_MS_2024_POCOS,profundida,0.0,ZERO_REQUIRES_REVIEW,REVIEW,zero preservado; provável ausência administrativa em parte dos registros,NONE
3500022744,SGB_HIDRO_MS_2024_POCOS,Cond_Eletr,0.0,ZERO_REQUIRES_REVIEW,REVIEW,zero preservado e não assumido como medição válida,NONE
3500022745,SGB_HIDRO_MS_2024_POCOS,profundida,0.0,ZERO_REQUIRES_REVIEW,REVIEW,zero preservado; provável ausência administrativa em parte dos registros,NONE
3500022745,SGB_HIDRO_MS_2024_POCOS,Cond_Eletr,0.0,ZERO_REQUIRES_REVIEW,REVIEW,zero preservado e não assumido como medição válida,NONE
3500022746,SGB_HIDRO_MS_2024_POCOS,profundida,0.0,ZERO_REQUIRES_REVIEW,REVIEW,zero preservado; provável ausência administrativa em parte dos registros,NONE
3500022746,SGB_HIDRO_MS_2024_POCOS,Cond_Eletr,0.0,ZERO_REQUIRES_REVIEW,REVIEW,zero preservado e não assumido como medição válida,NONE
3500022747,SGB_HIDRO_MS_2024_POCOS,profundida,0.0,ZERO_REQUIRES_REVIEW,REVIEW,zero preservado; provável ausência administrativa em parte dos registros,NONE
3500022747,SGB_HIDRO_MS_2024_POCOS,Cond_Eletr,0.0,ZERO_REQUIRES_REVIEW,REVIEW,zero preservado e não assumido como medição válida,NONE
3500022748,SGB_HIDRO_MS_2024_POCOS,profundida,0.0,ZERO_REQUIRES_REVIEW,REVIEW,zero preservado; provável ausência administrativa em parte dos registros,NONE
3500022748,SGB_HIDRO_MS_2024_POCOS,Cond_Eletr,0.0,ZERO_REQUIRES_REVIEW,REVIEW,zero preservado e não assumido como medição válida,NONE
3500022749,SGB_HIDRO_MS_2024_POCOS,profundida,0.0,ZERO_REQUIRES_REVIEW,REVIEW,zero preservado; provável ausência administrativa em parte dos registros,NONE
3500022749,SGB_HIDRO_MS_2024_POCOS,Cond_Eletr,0.0,ZERO_REQUIRES_REVIEW,REVIEW,zero preservado e não assumido como medição válida,NONE
3500022750,SGB_HIDRO_MS_2024_POCOS,profundida,0.0,ZERO_REQUIRES_REVIEW,REVIEW,zero preservado; provável ausência administrativa em parte dos registros,NONE
3500022750,SGB_HIDRO_MS_2024_POCOS,Cond_Eletr,0.0,ZERO_REQUIRES_REVIEW,REVIEW,zero preservado e não assumido como medição válida,NONE
3500022751,SGB_HIDRO_MS_2024_POCOS,profundida,0.0,ZERO_REQUIRES_REVIEW,REVIEW,zero preservado; provável ausência administrativa em parte dos registros,NONE
3500022751,SGB_HIDRO_MS_2024_POCOS,Cond_Eletr,0.0,ZERO_REQUIRES_REVIEW,REVIEW,zero preservado e não assumido como medição válida,NONE
3500022752,SGB_HIDRO_MS_2024_POCOS,profundida,0.0,ZERO_REQUIRES_REVIEW,REVIEW,zero preservado; provável ausência administrativa em parte dos registros,NONE
3500022752,SGB_HIDRO_MS_2024_POCOS,Cond_Eletr,0.0,ZERO_REQUIRES_REVIEW,REVIEW,zero preservado e não assumido como medição válida,NONE
3500022753,SGB_HIDRO_MS_2024_POCOS,profundida,0.0,ZERO_REQUIRES_REVIEW,REVIEW,zero preservado; provável ausência administrativa em parte dos registros,NONE
3500022753,SGB_HIDRO_MS_2024_POCOS,Cond_Eletr,0.0,ZERO_REQUIRES_REVIEW,REVIEW,zero preservado e não assumido como medição válida,NONE
3500022754,SGB_HIDRO_MS_2024_POCOS,profundida,0.0,ZERO_REQUIRES_REVIEW,REVIEW,zero preservado; provável ausência administrativa em parte dos registros,NONE
3500022754,SGB_HIDRO_MS_2024_POCOS,Cond_Eletr,0.0,ZERO_REQUIRES_REVIEW,REVIEW,zero preservado e não assumido como medição válida,NONE
3500022755,SGB_HIDRO_MS_2024_POCOS,profundida,0.0,ZERO_REQUIRES_REVIEW,REVIEW,zero preservado; provável ausência administrativa em parte dos registros,NONE
3500022755,SGB_HIDRO_MS_2024_POCOS,Cond_Eletr,0.0,ZERO_REQUIRES_REVIEW,REVIEW,zero preservado e não assumido como medição válida,NONE
3500022756,SGB_HIDRO_MS_2024_POCOS,profundida,0.0,ZERO_REQUIRES_REVIEW,REVIEW,zero preservado; provável ausência administrativa em parte dos registros,NONE
3500022756,SGB_HIDRO_MS_2024_POCOS,Cond_Eletr,0.0,ZERO_REQUIRES_REVIEW,REVIEW,zero preservado e não assumido como medição válida,NONE
3500022757,SGB_HIDRO_MS_2024_POCOS,profundida,0.0,ZERO_REQUIRES_REVIEW,REVIEW,zero preservado; provável ausência administrativa em parte dos registros,NONE
3500022757,SGB_HIDRO_MS_2024_POCOS,Cond_Eletr,0.0,ZERO_REQUIRES_REVIEW,REVIEW,zero preservado e não assumido como medição válida,NONE
3500022758,SGB_HIDRO_MS_2024_POCOS,profundida,0.0,ZERO_REQUIRES_REVIEW,REVIEW,zero preservado; provável ausência administrativa em parte dos registros,NONE
3500022758,SGB_HIDRO_MS_2024_POCOS,Cond_Eletr,0.0,ZERO_REQUIRES_REVIEW,REVIEW,zero preservado e não assumido como medição válida,NONE
3500022759,SGB_HIDRO_MS_2024_POCOS,profundida,0.0,ZERO_REQUIRES_REVIEW,REVIEW,zero preservado; provável ausência administrativa em parte dos registros,NONE
3500022759,SGB_HIDRO_MS_2024_POCOS,Cond_Eletr,0.0,ZERO_REQUIRES_REVIEW,REVIEW,zero preservado e não assumido como medição válida,NONE
3500022760,SGB_HIDRO_MS_2024_POCOS,profundida,0.0,ZERO_REQUIRES_REVIEW,REVIEW,zero preservado; provável ausência administrativa em parte dos registros,NONE
3500022760,SGB_HIDRO_MS_2024_POCOS,Cond_Eletr,0.0,ZERO_REQUIRES_REVIEW,REVIEW,zero preservado e não assumido como medição válida,NONE
3500022761,SGB_HIDRO_MS_2024_POCOS,profundida,0.0,ZERO_REQUIRES_REVIEW,REVIEW,zero preservado; provável ausência administrativa em parte dos registros,NONE
3500022761,SGB_HIDRO_MS_2024_POCOS,Cond_Eletr,0.0,ZERO_REQUIRES_REVIEW,REVIEW,zero preservado e não assumido como medição válida,NONE
3500022762,SGB_HIDRO_MS_2024_POCOS,profundida,0.0,ZERO_REQUIRES_REVIEW,REVIEW,zero preservado; provável ausência administrativa em parte dos registros,NONE
3500022762,SGB_HIDRO_MS_2024_POCOS,Cond_Eletr,0.0,ZERO_REQUIRES_REVIEW,REVIEW,zero preservado e não assumido como medição válida,NONE
3500022763,SGB_HIDRO_MS_2024_POCOS,profundida,0.0,ZERO_REQUIRES_REVIEW,REVIEW,zero preservado; provável ausência administrativa em parte dos registros,NONE
3500022763,SGB_HIDRO_MS_2024_POCOS,Cond_Eletr,0.0,ZERO_REQUIRES_REVIEW,REVIEW,zero preservado e não assumido como medição válida,NONE
3500022764,SGB_HIDRO_MS_2024_POCOS,profundida,0.0,ZERO_REQUIRES_REVIEW,REVIEW,zero preservado; provável ausência administrativa em parte dos registros,NONE
3500022764,SGB_HIDRO_MS_2024_POCOS,Cond_Eletr,0.0,ZERO_REQUIRES_REVIEW,REVIEW,zero preservado e não assumido como medição válida,NONE
3500022765,SGB_HIDRO_MS_2024_POCOS,profundida,0.0,ZERO_REQUIRES_REVIEW,REVIEW,zero preservado; provável ausência administrativa em parte dos registros,NONE
3500022765,SGB_HIDRO_MS_2024_POCOS,Cond_Eletr,0.0,ZERO_REQUIRES_REVIEW,REVIEW,zero preservado e não assumido como medição válida,NONE
3500022766,SGB_HIDRO_MS_2024_POCOS,profundida,0.0,ZERO_REQUIRES_REVIEW,REVIEW,zero preservado; provável ausência administrativa em parte dos registros,NONE
3500022766,SGB_HIDRO_MS_2024_POCOS,Cond_Eletr,0.0,ZERO_REQUIRES_REVIEW,REVIEW,zero preservado e não assumido como medição válida,NONE
3500022767,SGB_HIDRO_MS_2024_POCOS,profundida,0.0,ZERO_REQUIRES_REVIEW,REVIEW,zero preservado; provável ausência administrativa em parte dos registros,NONE
3500022767,SGB_HIDRO_MS_2024_POCOS,Cond_Eletr,0.0,ZERO_REQUIRES_REVIEW,REVIEW,zero preservado e não assumido como medição válida,NONE
3500022768,SGB_HIDRO_MS_2024_POCOS,profundida,0.0,ZERO_REQUIRES_REVIEW,REVIEW,zero preservado; provável ausência administrativa em parte dos registros,NONE
3500022768,SGB_HIDRO_MS_2024_POCOS,Cond_Eletr,0.0,ZERO_REQUIRES_REVIEW,REVIEW,zero preservado e não assumido como medição válida,NONE
3500022769,SGB_HIDRO_MS_2024_POCOS,profundida,0.0,ZERO_REQUIRES_REVIEW,REVIEW,zero preservado; provável ausência administrativa em parte dos registros,NONE
3500022769,SGB_HIDRO_MS_2024_POCOS,Cond_Eletr,0.0,ZERO_REQUIRES_REVIEW,REVIEW,zero preservado e não assumido como medição válida,NONE
3500022770,SGB_HIDRO_MS_2024_POCOS,profundida,0.0,ZERO_REQUIRES_REVIEW,REVIEW,zero preservado; provável ausência administrativa em parte dos registros,NONE
3500022770,SGB_HIDRO_MS_2024_POCOS,Cond_Eletr,0.0,ZERO_REQUIRES_REVIEW,REVIEW,zero preservado e não assumido como medição válida,NONE
3500022771,SGB_HIDRO_MS_2024_POCOS,profundida,0.0,ZERO_REQUIRES_REVIEW,REVIEW,zero preservado; provável ausência administrativa em parte dos registros,NONE
3500022771,SGB_HIDRO_MS_2024_POCOS,Cond_Eletr,0.0,ZERO_REQUIRES_REVIEW,REVIEW,zero preservado e não assumido como medição válida,NONE
3500022772,SGB_HIDRO_MS_2024_POCOS,profundida,0.0,ZERO_REQUIRES_REVIEW,REVIEW,zero preservado; provável ausência administrativa em parte dos registros,NONE
3500022772,SGB_HIDRO_MS_2024_POCOS,Cond_Eletr,0.0,ZERO_REQUIRES_REVIEW,REVIEW,zero preservado e não assumido como medição válida,NONE
3500022773,SGB_HIDRO_MS_2024_POCOS,profundida,0.0,ZERO_REQUIRES_REVIEW,REVIEW,zero preservado; provável ausência administrativa em parte dos registros,NONE
3500022773,SGB_HIDRO_MS_2024_POCOS,Cond_Eletr,0.0,ZERO_REQUIRES_REVIEW,REVIEW,zero preservado e não assumido como medição válida,NONE
3500022774,SGB_HIDRO_MS_2024_POCOS,profundida,0.0,ZERO_REQUIRES_REVIEW,REVIEW,zero preservado; provável ausência administrativa em parte dos registros,NONE
3500022774,SGB_HIDRO_MS_2024_POCOS,Cond_Eletr,0.0,ZERO_REQUIRES_REVIEW,REVIEW,zero preservado e não assumido como medição válida,NONE
3500022775,SGB_HIDRO_MS_2024_POCOS,profundida,0.0,ZERO_REQUIRES_REVIEW,REVIEW,zero preservado; provável ausência administrativa em parte dos registros,NONE
3500022775,SGB_HIDRO_MS_2024_POCOS,Cond_Eletr,0.0,ZERO_REQUIRES_REVIEW,REVIEW,zero preservado e não assumido como medição válida,NONE
3500022776,SGB_HIDRO_MS_2024_POCOS,profundida,0.0,ZERO_REQUIRES_REVIEW,REVIEW,zero preservado; provável ausência administrativa em parte dos registros,NONE
3500022776,SGB_HIDRO_MS_2024_POCOS,Cond_Eletr,0.0,ZERO_REQUIRES_REVIEW,REVIEW,zero preservado e não assumido como medição válida,NONE
3500022777,SGB_HIDRO_MS_2024_POCOS,profundida,0.0,ZERO_REQUIRES_REVIEW,REVIEW,zero preservado; provável ausência administrativa em parte dos registros,NONE
3500022777,SGB_HIDRO_MS_2024_POCOS,Cond_Eletr,0.0,ZERO_REQUIRES_REVIEW,REVIEW,zero preservado e não assumido como medição válida,NONE
3500022778,SGB_HIDRO_MS_2024_POCOS,profundida,0.0,ZERO_REQUIRES_REVIEW,REVIEW,zero preservado; provável ausência administrativa em parte dos registros,NONE
3500022778,SGB_HIDRO_MS_2024_POCOS,Cond_Eletr,0.0,ZERO_REQUIRES_REVIEW,REVIEW,zero preservado e não assumido como medição válida,NONE
3500022779,SGB_HIDRO_MS_2024_POCOS,profundida,0.0,ZERO_REQUIRES_REVIEW,REVIEW,zero preservado; provável ausência administrativa em parte dos registros,NONE
3500022779,SGB_HIDRO_MS_2024_POCOS,Cond_Eletr,0.0,ZERO_REQUIRES_REVIEW,REVIEW,zero preservado e não assumido como medição válida,NONE
3500022780,SGB_HIDRO_MS_2024_POCOS,profundida,0.0,ZERO_REQUIRES_REVIEW,REVIEW,zero preservado; provável ausência administrativa em parte dos registros,NONE
3500022780,SGB_HIDRO_MS_2024_POCOS,Cond_Eletr,0.0,ZERO_REQUIRES_REVIEW,REVIEW,zero preservado e não assumido como medição válida,NONE
3500022781,SGB_HIDRO_MS_2024_POCOS,profundida,0.0,ZERO_REQUIRES_REVIEW,REVIEW,zero preservado; provável ausência administrativa em parte dos registros,NONE
3500022781,SGB_HIDRO_MS_2024_POCOS,Cond_Eletr,0.0,ZERO_REQUIRES_REVIEW,REVIEW,zero preservado e não assumido como medição válida,NONE
3500022782,SGB_HIDRO_MS_2024_POCOS,profundida,0.0,ZERO_REQUIRES_REVIEW,REVIEW,zero preservado; provável ausência administrativa em parte dos registros,NONE
3500022782,SGB_HIDRO_MS_2024_POCOS,Cond_Eletr,0.0,ZERO_REQUIRES_REVIEW,REVIEW,zero preservado e não assumido como medição válida,NONE
3500022783,SGB_HIDRO_MS_2024_POCOS,profundida,0.0,ZERO_REQUIRES_REVIEW,REVIEW,zero preservado; provável ausência administrativa em parte dos registros,NONE
3500022783,SGB_HIDRO_MS_2024_POCOS,Cond_Eletr,0.0,ZERO_REQUIRES_REVIEW,REVIEW,zero preservado e não assumido como medição válida,NONE
3500022784,SGB_HIDRO_MS_2024_POCOS,profundida,0.0,ZERO_REQUIRES_REVIEW,REVIEW,zero preservado; provável ausência administrativa em parte dos registros,NONE
3500022784,SGB_HIDRO_MS_2024_POCOS,vazao_espe,0.0,ZERO_REQUIRES_REVIEW,REVIEW,zero preservado e não assumido como medição válida,NONE
3500022784,SGB_HIDRO_MS_2024_POCOS,Cond_Eletr,0.0,ZERO_REQUIRES_REVIEW,REVIEW,zero preservado e não assumido como medição válida,NONE
3500022785,SGB_HIDRO_MS_2024_POCOS,profundida,0.0,ZERO_REQUIRES_REVIEW,REVIEW,zero preservado; provável ausência administrativa em parte dos registros,NONE
3500022785,SGB_HIDRO_MS_2024_POCOS,Cond_Eletr,0.0,ZERO_REQUIRES_REVIEW,REVIEW,zero preservado e não assumido como medição válida,NONE
3500022786,SGB_HIDRO_MS_2024_POCOS,profundida,0.0,ZERO_REQUIRES_REVIEW,REVIEW,zero preservado; provável ausência administrativa em parte dos registros,NONE
3500022786,SGB_HIDRO_MS_2024_POCOS,Cond_Eletr,0.0,ZERO_REQUIRES_REVIEW,REVIEW,zero preservado e não assumido como medição válida,NONE
3500022787,SGB_HIDRO_MS_2024_POCOS,profundida,0.0,ZERO_REQUIRES_REVIEW,REVIEW,zero preservado; provável ausência administrativa em parte dos registros,NONE
3500022787,SGB_HIDRO_MS_2024_POCOS,Cond_Eletr,0.0,ZERO_REQUIRES_REVIEW,REVIEW,zero preservado e não assumido como medição válida,NONE
3500022788,SGB_HIDRO_MS_2024_POCOS,profundida,0.0,ZERO_REQUIRES_REVIEW,REVIEW,zero preservado; provável ausência administrativa em parte dos registros,NONE
3500022788,SGB_HIDRO_MS_2024_POCOS,Cond_Eletr,0.0,ZERO_REQUIRES_REVIEW,REVIEW,zero preservado e não assumido como medição válida,NONE
3500022789,SGB_HIDRO_MS_2024_POCOS,profundida,0.0,ZERO_REQUIRES_REVIEW,REVIEW,zero preservado; provável ausência administrativa em parte dos registros,NONE
3500022789,SGB_HIDRO_MS_2024_POCOS,Cond_Eletr,0.0,ZERO_REQUIRES_REVIEW,REVIEW,zero preservado e não assumido como medição válida,NONE
3500022790,SGB_HIDRO_MS_2024_POCOS,profundida,0.0,ZERO_REQUIRES_REVIEW,REVIEW,zero preservado; provável ausência administrativa em parte dos registros,NONE
3500022790,SGB_HIDRO_MS_2024_POCOS,Cond_Eletr,0.0,ZERO_REQUIRES_REVIEW,REVIEW,zero preservado e não assumido como medição válida,NONE
3500022791,SGB_HIDRO_MS_2024_POCOS,profundida,0.0,ZERO_REQUIRES_REVIEW,REVIEW,zero preservado; provável ausência administrativa em parte dos registros,NONE
3500022791,SGB_HIDRO_MS_2024_POCOS,Cond_Eletr,0.0,ZERO_REQUIRES_REVIEW,REVIEW,zero preservado e não assumido como medição válida,NONE
3500022792,SGB_HIDRO_MS_2024_POCOS,profundida,0.0,ZERO_REQUIRES_REVIEW,REVIEW,zero preservado; provável ausência administrativa em parte dos registros,NONE
3500022792,SGB_HIDRO_MS_2024_POCOS,Cond_Eletr,0.0,ZERO_REQUIRES_REVIEW,REVIEW,zero preservado e não assumido como medição válida,NONE
3500022793,SGB_HIDRO_MS_2024_POCOS,profundida,0.0,ZERO_REQUIRES_REVIEW,REVIEW,zero preservado; provável ausência administrativa em parte dos registros,NONE
3500022793,SGB_HIDRO_MS_2024_POCOS,Cond_Eletr,0.0,ZERO_REQUIRES_REVIEW,REVIEW,zero preservado e não assumido como medição válida,NONE
3500022794,SGB_HIDRO_MS_2024_POCOS,profundida,0.0,ZERO_REQUIRES_REVIEW,REVIEW,zero preservado; provável ausência administrativa em parte dos registros,NONE
3500022794,SGB_HIDRO_MS_2024_POCOS,Cond_Eletr,0.0,ZERO_REQUIRES_REVIEW,REVIEW,zero preservado e não assumido como medição válida,NONE
3500022795,SGB_HIDRO_MS_2024_POCOS,profundida,0.0,ZERO_REQUIRES_REVIEW,REVIEW,zero preservado; provável ausência administrativa em parte dos registros,NONE
3500022795,SGB_HIDRO_MS_2024_POCOS,Cond_Eletr,0.0,ZERO_REQUIRES_REVIEW,REVIEW,zero preservado e não assumido como medição válida,NONE
3500022796,SGB_HIDRO_MS_2024_POCOS,profundida,0.0,ZERO_REQUIRES_REVIEW,REVIEW,zero preservado; provável ausência administrativa em parte dos registros,NONE
3500022796,SGB_HIDRO_MS_2024_POCOS,Cond_Eletr,0.0,ZERO_REQUIRES_REVIEW,REVIEW,zero preservado e não assumido como medição válida,NONE
3500022797,SGB_HIDRO_MS_2024_POCOS,profundida,0.0,ZERO_REQUIRES_REVIEW,REVIEW,zero preservado; provável ausência administrativa em parte dos registros,NONE
3500022797,SGB_HIDRO_MS_2024_POCOS,Cond_Eletr,0.0,ZERO_REQUIRES_REVIEW,REVIEW,zero preservado e não assumido como medição válida,NONE
3500022798,SGB_HIDRO_MS_2024_POCOS,profundida,0.0,ZERO_REQUIRES_REVIEW,REVIEW,zero preservado; provável ausência administrativa em parte dos registros,NONE
3500022798,SGB_HIDRO_MS_2024_POCOS,Cond_Eletr,0.0,ZERO_REQUIRES_REVIEW,REVIEW,zero preservado e não assumido como medição válida,NONE
3500022799,SGB_HIDRO_MS_2024_POCOS,profundida,0.0,ZERO_REQUIRES_REVIEW,REVIEW,zero preservado; provável ausência administrativa em parte dos registros,NONE
3500022799,SGB_HIDRO_MS_2024_POCOS,Cond_Eletr,0.0,ZERO_REQUIRES_REVIEW,REVIEW,zero preservado e não assumido como medição válida,NONE
3500022800,SGB_HIDRO_MS_2024_POCOS,profundida,0.0,ZERO_REQUIRES_REVIEW,REVIEW,zero preservado; provável ausência administrativa em parte dos registros,NONE
3500022800,SGB_HIDRO_MS_2024_POCOS,Cond_Eletr,0.0,ZERO_REQUIRES_REVIEW,REVIEW,zero preservado e não assumido como medição válida,NONE
3500022801,SGB_HIDRO_MS_2024_POCOS,profundida,0.0,ZERO_REQUIRES_REVIEW,REVIEW,zero preservado; provável ausência administrativa em parte dos registros,NONE
3500022801,SGB_HIDRO_MS_2024_POCOS,Cond_Eletr,0.0,ZERO_REQUIRES_REVIEW,REVIEW,zero preservado e não assumido como medição válida,NONE
3500022802,SGB_HIDRO_MS_2024_POCOS,profundida,0.0,ZERO_REQUIRES_REVIEW,REVIEW,zero preservado; provável ausência administrativa em parte dos registros,NONE
3500022802,SGB_HIDRO_MS_2024_POCOS,Cond_Eletr,0.0,ZERO_REQUIRES_REVIEW,REVIEW,zero preservado e não assumido como medição válida,NONE
3500022803,SGB_HIDRO_MS_2024_POCOS,profundida,0.0,ZERO_REQUIRES_REVIEW,REVIEW,zero preservado; provável ausência administrativa em parte dos registros,NONE
3500022803,SGB_HIDRO_MS_2024_POCOS,Cond_Eletr,0.0,ZERO_REQUIRES_REVIEW,REVIEW,zero preservado e não assumido como medição válida,NONE
3500022804,SGB_HIDRO_MS_2024_POCOS,profundida,0.0,ZERO_REQUIRES_REVIEW,REVIEW,zero preservado; provável ausência administrativa em parte dos registros,NONE
3500022804,SGB_HIDRO_MS_2024_POCOS,Cond_Eletr,0.0,ZERO_REQUIRES_REVIEW,REVIEW,zero preservado e não assumido como medição válida,NONE
3500022805,SGB_HIDRO_MS_2024_POCOS,profundida,0.0,ZERO_REQUIRES_REVIEW,REVIEW,zero preservado; provável ausência administrativa em parte dos registros,NONE
3500022805,SGB_HIDRO_MS_2024_POCOS,Cond_Eletr,0.0,ZERO_REQUIRES_REVIEW,REVIEW,zero preservado e não assumido como medição válida,NONE
3500022806,SGB_HIDRO_MS_2024_POCOS,profundida,0.0,ZERO_REQUIRES_REVIEW,REVIEW,zero preservado; provável ausência administrativa em parte dos registros,NONE
3500022806,SGB_HIDRO_MS_2024_POCOS,Cond_Eletr,0.0,ZERO_REQUIRES_REVIEW,REVIEW,zero preservado e não assumido como medição válida,NONE
3500022807,SGB_HIDRO_MS_2024_POCOS,profundida,0.0,ZERO_REQUIRES_REVIEW,REVIEW,zero preservado; provável ausência administrativa em parte dos registros,NONE
3500022807,SGB_HIDRO_MS_2024_POCOS,Cond_Eletr,0.0,ZERO_REQUIRES_REVIEW,REVIEW,zero preservado e não assumido como medição válida,NONE
3500022808,SGB_HIDRO_MS_2024_POCOS,profundida,0.0,ZERO_REQUIRES_REVIEW,REVIEW,zero preservado; provável ausência administrativa em parte dos registros,NONE
3500022808,SGB_HIDRO_MS_2024_POCOS,Cond_Eletr,0.0,ZERO_REQUIRES_REVIEW,REVIEW,zero preservado e não assumido como medição válida,NONE
3500022809,SGB_HIDRO_MS_2024_POCOS,profundida,0.0,ZERO_REQUIRES_REVIEW,REVIEW,zero preservado; provável ausência administrativa em parte dos registros,NONE
3500022809,SGB_HIDRO_MS_2024_POCOS,Cond_Eletr,0.0,ZERO_REQUIRES_REVIEW,REVIEW,zero preservado e não assumido como medição válida,NONE
3500022810,SGB_HIDRO_MS_2024_POCOS,profundida,0.0,ZERO_REQUIRES_REVIEW,REVIEW,zero preservado; provável ausência administrativa em parte dos registros,NONE
3500022810,SGB_HIDRO_MS_2024_POCOS,Cond_Eletr,0.0,ZERO_REQUIRES_REVIEW,REVIEW,zero preservado e não assumido como medição válida,NONE
3500022811,SGB_HIDRO_MS_2024_POCOS,profundida,0.0,ZERO_REQUIRES_REVIEW,REVIEW,zero preservado; provável ausência administrativa em parte dos registros,NONE
3500022811,SGB_HIDRO_MS_2024_POCOS,Cond_Eletr,0.0,ZERO_REQUIRES_REVIEW,REVIEW,zero preservado e não assumido como medição válida,NONE
3500022812,SGB_HIDRO_MS_2024_POCOS,profundida,0.0,ZERO_REQUIRES_REVIEW,REVIEW,zero preservado; provável ausência administrativa em parte dos registros,NONE
3500022812,SGB_HIDRO_MS_2024_POCOS,Cond_Eletr,0.0,ZERO_REQUIRES_REVIEW,REVIEW,zero preservado e não assumido como medição válida,NONE
3500022813,SGB_HIDRO_MS_2024_POCOS,profundida,0.0,ZERO_REQUIRES_REVIEW,REVIEW,zero preservado; provável ausência administrativa em parte dos registros,NONE
3500022814,SGB_HIDRO_MS_2024_POCOS,profundida,0.0,ZERO_REQUIRES_REVIEW,REVIEW,zero preservado; provável ausência administrativa em parte dos registros,NONE
3500022814,SGB_HIDRO_MS_2024_POCOS,Cond_Eletr,0.0,ZERO_REQUIRES_REVIEW,REVIEW,zero preservado e não assumido como medição válida,NONE
3500022815,SGB_HIDRO_MS_2024_POCOS,profundida,0.0,ZERO_REQUIRES_REVIEW,REVIEW,zero preservado; provável ausência administrativa em parte dos registros,NONE
3500022815,SGB_HIDRO_MS_2024_POCOS,Cond_Eletr,0.0,ZERO_REQUIRES_REVIEW,REVIEW,zero preservado e não assumido como medição válida,NONE
3500022816,SGB_HIDRO_MS_2024_POCOS,profundida,0.0,ZERO_REQUIRES_REVIEW,REVIEW,zero preservado; provável ausência administrativa em parte dos registros,NONE
3500022817,SGB_HIDRO_MS_2024_POCOS,profundida,0.0,ZERO_REQUIRES_REVIEW,REVIEW,zero preservado; provável ausência administrativa em parte dos registros,NONE
3500022817,SGB_HIDRO_MS_2024_POCOS,Cond_Eletr,0.0,ZERO_REQUIRES_REVIEW,REVIEW,zero preservado e não assumido como medição válida,NONE
3500022818,SGB_HIDRO_MS_2024_POCOS,profundida,0.0,ZERO_REQUIRES_REVIEW,REVIEW,zero preservado; provável ausência administrativa em parte dos registros,NONE
3500022818,SGB_HIDRO_MS_2024_POCOS,Cond_Eletr,0.0,ZERO_REQUIRES_REVIEW,REVIEW,zero preservado e não assumido como medição válida,NONE
3500022819,SGB_HIDRO_MS_2024_POCOS,profundida,0.0,ZERO_REQUIRES_REVIEW,REVIEW,zero preservado; provável ausência administrativa em parte dos registros,NONE
3500022819,SGB_HIDRO_MS_2024_POCOS,Cond_Eletr,0.0,ZERO_REQUIRES_REVIEW,REVIEW,zero preservado e não assumido como medição válida,NONE
3500022820,SGB_HIDRO_MS_2024_POCOS,profundida,0.0,ZERO_REQUIRES_REVIEW,REVIEW,zero preservado; provável ausência administrativa em parte dos registros,NONE
3500022820,SGB_HIDRO_MS_2024_POCOS,Cond_Eletr,0.0,ZERO_REQUIRES_REVIEW,REVIEW,zero preservado e não assumido como medição válida,NONE
3500022821,SGB_HIDRO_MS_2024_POCOS,profundida,0.0,ZERO_REQUIRES_REVIEW,REVIEW,zero preservado; provável ausência administrativa em parte dos registros,NONE
3500022821,SGB_HIDRO_MS_2024_POCOS,Cond_Eletr,0.0,ZERO_REQUIRES_REVIEW,REVIEW,zero preservado e não assumido como medição válida,NONE
3500022822,SGB_HIDRO_MS_2024_POCOS,profundida,0.0,ZERO_REQUIRES_REVIEW,REVIEW,zero preservado; provável ausência administrativa em parte dos registros,NONE
3500022822,SGB_HIDRO_MS_2024_POCOS,Cond_Eletr,0.0,ZERO_REQUIRES_REVIEW,REVIEW,zero preservado e não assumido como medição válida,NONE
3500022823,SGB_HIDRO_MS_2024_POCOS,profundida,0.0,ZERO_REQUIRES_REVIEW,REVIEW,zero preservado; provável ausência administrativa em parte dos registros,NONE
3500022823,SGB_HIDRO_MS_2024_POCOS,Cond_Eletr,0.0,ZERO_REQUIRES_REVIEW,REVIEW,zero preservado e não assumido como medição válida,NONE
3500022824,SGB_HIDRO_MS_2024_POCOS,profundida,0.0,ZERO_REQUIRES_REVIEW,REVIEW,zero preservado; provável ausência administrativa em parte dos registros,NONE
3500022825,SGB_HIDRO_MS_2024_POCOS,profundida,0.0,ZERO_REQUIRES_REVIEW,REVIEW,zero preservado; provável ausência administrativa em parte dos registros,NONE
3500022825,SGB_HIDRO_MS_2024_POCOS,Cond_Eletr,0.0,ZERO_REQUIRES_REVIEW,REVIEW,zero preservado e não assumido como medição válida,NONE
3500022826,SGB_HIDRO_MS_2024_POCOS,profundida,0.0,ZERO_REQUIRES_REVIEW,REVIEW,zero preservado; provável ausência administrativa em parte dos registros,NONE
3500022826,SGB_HIDRO_MS_2024_POCOS,Cond_Eletr,0.0,ZERO_REQUIRES_REVIEW,REVIEW,zero preservado e não assumido como medição válida,NONE
3500022827,SGB_HIDRO_MS_2024_POCOS,profundida,0.0,ZERO_REQUIRES_REVIEW,REVIEW,zero preservado; provável ausência administrativa em parte dos registros,NONE
3500022827,SGB_HIDRO_MS_2024_POCOS,Cond_Eletr,0.0,ZERO_REQUIRES_REVIEW,REVIEW,zero preservado e não assumido como medição válida,NONE
3500022828,SGB_HIDRO_MS_2024_POCOS,profundida,0.0,ZERO_REQUIRES_REVIEW,REVIEW,zero preservado; provável ausência administrativa em parte dos registros,NONE
3500022828,SGB_HIDRO_MS_2024_POCOS,Cond_Eletr,0.0,ZERO_REQUIRES_REVIEW,REVIEW,zero preservado e não assumido como medição válida,NONE
3500022829,SGB_HIDRO_MS_2024_POCOS,profundida,0.0,ZERO_REQUIRES_REVIEW,REVIEW,zero preservado; provável ausência administrativa em parte dos registros,NONE
3500022829,SGB_HIDRO_MS_2024_POCOS,Cond_Eletr,0.0,ZERO_REQUIRES_REVIEW,REVIEW,zero preservado e não assumido como medição válida,NONE
3500022830,SGB_HIDRO_MS_2024_POCOS,profundida,0.0,ZERO_REQUIRES_REVIEW,REVIEW,zero preservado; provável ausência administrativa em parte dos registros,NONE
3500022830,SGB_HIDRO_MS_2024_POCOS,Cond_Eletr,0.0,ZERO_REQUIRES_REVIEW,REVIEW,zero preservado e não assumido como medição válida,NONE
3500022831,SGB_HIDRO_MS_2024_POCOS,profundida,0.0,ZERO_REQUIRES_REVIEW,REVIEW,zero preservado; provável ausência administrativa em parte dos registros,NONE
3500022831,SGB_HIDRO_MS_2024_POCOS,Cond_Eletr,0.0,ZERO_REQUIRES_REVIEW,REVIEW,zero preservado e não assumido como medição válida,NONE
3500022832,SGB_HIDRO_MS_2024_POCOS,profundida,0.0,ZERO_REQUIRES_REVIEW,REVIEW,zero preservado; provável ausência administrativa em parte dos registros,NONE
3500022832,SGB_HIDRO_MS_2024_POCOS,Cond_Eletr,0.0,ZERO_REQUIRES_REVIEW,REVIEW,zero preservado e não assumido como medição válida,NONE
3500022833,SGB_HIDRO_MS_2024_POCOS,profundida,0.0,ZERO_REQUIRES_REVIEW,REVIEW,zero preservado; provável ausência administrativa em parte dos registros,NONE
3500022833,SGB_HIDRO_MS_2024_POCOS,Cond_Eletr,0.0,ZERO_REQUIRES_REVIEW,REVIEW,zero preservado e não assumido como medição válida,NONE
3500022834,SGB_HIDRO_MS_2024_POCOS,profundida,0.0,ZERO_REQUIRES_REVIEW,REVIEW,zero preservado; provável ausência administrativa em parte dos registros,NONE
3500022834,SGB_HIDRO_MS_2024_POCOS,Cond_Eletr,0.0,ZERO_REQUIRES_REVIEW,REVIEW,zero preservado e não assumido como medição válida,NONE
3500022835,SGB_HIDRO_MS_2024_POCOS,profundida,0.0,ZERO_REQUIRES_REVIEW,REVIEW,zero preservado; provável ausência administrativa em parte dos registros,NONE
3500022835,SGB_HIDRO_MS_2024_POCOS,Cond_Eletr,0.0,ZERO_REQUIRES_REVIEW,REVIEW,zero preservado e não assumido como medição válida,NONE
3500022836,SGB_HIDRO_MS_2024_POCOS,profundida,0.0,ZERO_REQUIRES_REVIEW,REVIEW,zero preservado; provável ausência administrativa em parte dos registros,NONE
3500022836,SGB_HIDRO_MS_2024_POCOS,Cond_Eletr,0.0,ZERO_REQUIRES_REVIEW,REVIEW,zero preservado e não assumido como medição válida,NONE
3500022837,SGB_HIDRO_MS_2024_POCOS,profundida,0.0,ZERO_REQUIRES_REVIEW,REVIEW,zero preservado; provável ausência administrativa em parte dos registros,NONE
3500022837,SGB_HIDRO_MS_2024_POCOS,Cond_Eletr,0.0,ZERO_REQUIRES_REVIEW,REVIEW,zero preservado e não assumido como medição válida,NONE
3500022838,SGB_HIDRO_MS_2024_POCOS,profundida,0.0,ZERO_REQUIRES_REVIEW,REVIEW,zero preservado; provável ausência administrativa em parte dos registros,NONE
3500022838,SGB_HIDRO_MS_2024_POCOS,Cond_Eletr,0.0,ZERO_REQUIRES_REVIEW,REVIEW,zero preservado e não assumido como medição válida,NONE
3500022839,SGB_HIDRO_MS_2024_POCOS,profundida,0.0,ZERO_REQUIRES_REVIEW,REVIEW,zero preservado; provável ausência administrativa em parte dos registros,NONE
3500022839,SGB_HIDRO_MS_2024_POCOS,Cond_Eletr,0.0,ZERO_REQUIRES_REVIEW,REVIEW,zero preservado e não assumido como medição válida,NONE
3500022840,SGB_HIDRO_MS_2024_POCOS,profundida,0.0,ZERO_REQUIRES_REVIEW,REVIEW,zero preservado; provável ausência administrativa em parte dos registros,NONE
3500022840,SGB_HIDRO_MS_2024_POCOS,Cond_Eletr,0.0,ZERO_REQUIRES_REVIEW,REVIEW,zero preservado e não assumido como medição válida,NONE
3500022841,SGB_HIDRO_MS_2024_POCOS,profundida,0.0,ZERO_REQUIRES_REVIEW,REVIEW,zero preservado; provável ausência administrativa em parte dos registros,NONE
3500022841,SGB_HIDRO_MS_2024_POCOS,Cond_Eletr,0.0,ZERO_REQUIRES_REVIEW,REVIEW,zero preservado e não assumido como medição válida,NONE
3500022842,SGB_HIDRO_MS_2024_POCOS,profundida,0.0,ZERO_REQUIRES_REVIEW,REVIEW,zero preservado; provável ausência administrativa em parte dos registros,NONE
3500022842,SGB_HIDRO_MS_2024_POCOS,Cond_Eletr,0.0,ZERO_REQUIRES_REVIEW,REVIEW,zero preservado e não assumido como medição válida,NONE
3500022843,SGB_HIDRO_MS_2024_POCOS,profundida,0.0,ZERO_REQUIRES_REVIEW,REVIEW,zero preservado; provável ausência administrativa em parte dos registros,NONE
3500022843,SGB_HIDRO_MS_2024_POCOS,Cond_Eletr,0.0,ZERO_REQUIRES_REVIEW,REVIEW,zero preservado e não assumido como medição válida,NONE
3500022844,SGB_HIDRO_MS_2024_POCOS,profundida,0.0,ZERO_REQUIRES_REVIEW,REVIEW,zero preservado; provável ausência administrativa em parte dos registros,NONE
3500022844,SGB_HIDRO_MS_2024_POCOS,Cond_Eletr,0.0,ZERO_REQUIRES_REVIEW,REVIEW,zero preservado e não assumido como medição válida,NONE
3500022845,SGB_HIDRO_MS_2024_POCOS,profundida,0.0,ZERO_REQUIRES_REVIEW,REVIEW,zero preservado; provável ausência administrativa em parte dos registros,NONE
3500022845,SGB_HIDRO_MS_2024_POCOS,Cond_Eletr,0.0,ZERO_REQUIRES_REVIEW,REVIEW,zero preservado e não assumido como medição válida,NONE
3500022846,SGB_HIDRO_MS_2024_POCOS,profundida,0.0,ZERO_REQUIRES_REVIEW,REVIEW,zero preservado; provável ausência administrativa em parte dos registros,NONE
3500022846,SGB_HIDRO_MS_2024_POCOS,Cond_Eletr,0.0,ZERO_REQUIRES_REVIEW,REVIEW,zero preservado e não assumido como medição válida,NONE
3500022847,SGB_HIDRO_MS_2024_POCOS,profundida,0.0,ZERO_REQUIRES_REVIEW,REVIEW,zero preservado; provável ausência administrativa em parte dos registros,NONE
3500022847,SGB_HIDRO_MS_2024_POCOS,Cond_Eletr,0.0,ZERO_REQUIRES_REVIEW,REVIEW,zero preservado e não assumido como medição válida,NONE
3500022848,SGB_HIDRO_MS_2024_POCOS,profundida,0.0,ZERO_REQUIRES_REVIEW,REVIEW,zero preservado; provável ausência administrativa em parte dos registros,NONE
3500022848,SGB_HIDRO_MS_2024_POCOS,Cond_Eletr,0.0,ZERO_REQUIRES_REVIEW,REVIEW,zero preservado e não assumido como medição válida,NONE
3500022849,SGB_HIDRO_MS_2024_POCOS,profundida,0.0,ZERO_REQUIRES_REVIEW,REVIEW,zero preservado; provável ausência administrativa em parte dos registros,NONE
3500022849,SGB_HIDRO_MS_2024_POCOS,Cond_Eletr,0.0,ZERO_REQUIRES_REVIEW,REVIEW,zero preservado e não assumido como medição válida,NONE
3500022850,SGB_HIDRO_MS_2024_POCOS,profundida,0.0,ZERO_REQUIRES_REVIEW,REVIEW,zero preservado; provável ausência administrativa em parte dos registros,NONE
3500022850,SGB_HIDRO_MS_2024_POCOS,Cond_Eletr,0.0,ZERO_REQUIRES_REVIEW,REVIEW,zero preservado e não assumido como medição válida,NONE
3500022851,SGB_HIDRO_MS_2024_POCOS,profundida,0.0,ZERO_REQUIRES_REVIEW,REVIEW,zero preservado; provável ausência administrativa em parte dos registros,NONE
3500022851,SGB_HIDRO_MS_2024_POCOS,Cond_Eletr,0.0,ZERO_REQUIRES_REVIEW,REVIEW,zero preservado e não assumido como medição válida,NONE
3500022852,SGB_HIDRO_MS_2024_POCOS,profundida,0.0,ZERO_REQUIRES_REVIEW,REVIEW,zero preservado; provável ausência administrativa em parte dos registros,NONE
3500022852,SGB_HIDRO_MS_2024_POCOS,Cond_Eletr,0.0,ZERO_REQUIRES_REVIEW,REVIEW,zero preservado e não assumido como medição válida,NONE
3500022853,SGB_HIDRO_MS_2024_POCOS,profundida,0.0,ZERO_REQUIRES_REVIEW,REVIEW,zero preservado; provável ausência administrativa em parte dos registros,NONE
3500022853,SGB_HIDRO_MS_2024_POCOS,Cond_Eletr,0.0,ZERO_REQUIRES_REVIEW,REVIEW,zero preservado e não assumido como medição válida,NONE
3500022854,SGB_HIDRO_MS_2024_POCOS,profundida,0.0,ZERO_REQUIRES_REVIEW,REVIEW,zero preservado; provável ausência administrativa em parte dos registros,NONE
3500022854,SGB_HIDRO_MS_2024_POCOS,Cond_Eletr,0.0,ZERO_REQUIRES_REVIEW,REVIEW,zero preservado e não assumido como medição válida,NONE
3500022855,SGB_HIDRO_MS_2024_POCOS,profundida,0.0,ZERO_REQUIRES_REVIEW,REVIEW,zero preservado; provável ausência administrativa em parte dos registros,NONE
3500022855,SGB_HIDRO_MS_2024_POCOS,Cond_Eletr,0.0,ZERO_REQUIRES_REVIEW,REVIEW,zero preservado e não assumido como medição válida,NONE
3500022856,SGB_HIDRO_MS_2024_POCOS,profundida,0.0,ZERO_REQUIRES_REVIEW,REVIEW,zero preservado; provável ausência administrativa em parte dos registros,NONE
3500022856,SGB_HIDRO_MS_2024_POCOS,Cond_Eletr,0.0,ZERO_REQUIRES_REVIEW,REVIEW,zero preservado e não assumido como medição válida,NONE
3500022857,SGB_HIDRO_MS_2024_POCOS,profundida,0.0,ZERO_REQUIRES_REVIEW,REVIEW,zero preservado; provável ausência administrativa em parte dos registros,NONE
3500022857,SGB_HIDRO_MS_2024_POCOS,Cond_Eletr,0.0,ZERO_REQUIRES_REVIEW,REVIEW,zero preservado e não assumido como medição válida,NONE
3500022858,SGB_HIDRO_MS_2024_POCOS,profundida,0.0,ZERO_REQUIRES_REVIEW,REVIEW,zero preservado; provável ausência administrativa em parte dos registros,NONE
3500022858,SGB_HIDRO_MS_2024_POCOS,Cond_Eletr,0.0,ZERO_REQUIRES_REVIEW,REVIEW,zero preservado e não assumido como medição válida,NONE
3500022859,SGB_HIDRO_MS_2024_POCOS,profundida,0.0,ZERO_REQUIRES_REVIEW,REVIEW,zero preservado; provável ausência administrativa em parte dos registros,NONE
3500022859,SGB_HIDRO_MS_2024_POCOS,Cond_Eletr,0.0,ZERO_REQUIRES_REVIEW,REVIEW,zero preservado e não assumido como medição válida,NONE
3500022860,SGB_HIDRO_MS_2024_POCOS,profundida,0.0,ZERO_REQUIRES_REVIEW,REVIEW,zero preservado; provável ausência administrativa em parte dos registros,NONE
3500022861,SGB_HIDRO_MS_2024_POCOS,profundida,0.0,ZERO_REQUIRES_REVIEW,REVIEW,zero preservado; provável ausência administrativa em parte dos registros,NONE
3500022861,SGB_HIDRO_MS_2024_POCOS,Cond_Eletr,0.0,ZERO_REQUIRES_REVIEW,REVIEW,zero preservado e não assumido como medição válida,NONE
3500022862,SGB_HIDRO_MS_2024_POCOS,profundida,0.0,ZERO_REQUIRES_REVIEW,REVIEW,zero preservado; provável ausência administrativa em parte dos registros,NONE
3500022862,SGB_HIDRO_MS_2024_POCOS,Cond_Eletr,0.0,ZERO_REQUIRES_REVIEW,REVIEW,zero preservado e não assumido como medição válida,NONE
3500022863,SGB_HIDRO_MS_2024_POCOS,profundida,0.0,ZERO_REQUIRES_REVIEW,REVIEW,zero preservado; provável ausência administrativa em parte dos registros,NONE
3500022864,SGB_HIDRO_MS_2024_POCOS,profundida,0.0,ZERO_REQUIRES_REVIEW,REVIEW,zero preservado; provável ausência administrativa em parte dos registros,NONE
3500022864,SGB_HIDRO_MS_2024_POCOS,Cond_Eletr,0.0,ZERO_REQUIRES_REVIEW,REVIEW,zero preservado e não assumido como medição válida,NONE
3500022865,SGB_HIDRO_MS_2024_POCOS,profundida,0.0,ZERO_REQUIRES_REVIEW,REVIEW,zero preservado; provável ausência administrativa em parte dos registros,NONE
3500022865,SGB_HIDRO_MS_2024_POCOS,Cond_Eletr,0.0,ZERO_REQUIRES_REVIEW,REVIEW,zero preservado e não assumido como medição válida,NONE
3500022866,SGB_HIDRO_MS_2024_POCOS,profundida,0.0,ZERO_REQUIRES_REVIEW,REVIEW,zero preservado; provável ausência administrativa em parte dos registros,NONE
3500022866,SGB_HIDRO_MS_2024_POCOS,Cond_Eletr,0.0,ZERO_REQUIRES_REVIEW,REVIEW,zero preservado e não assumido como medição válida,NONE
3500022867,SGB_HIDRO_MS_2024_POCOS,profundida,0.0,ZERO_REQUIRES_REVIEW,REVIEW,zero preservado; provável ausência administrativa em parte dos registros,NONE
3500022867,SGB_HIDRO_MS_2024_POCOS,Cond_Eletr,0.0,ZERO_REQUIRES_REVIEW,REVIEW,zero preservado e não assumido como medição válida,NONE
3500022868,SGB_HIDRO_MS_2024_POCOS,profundida,0.0,ZERO_REQUIRES_REVIEW,REVIEW,zero preservado; provável ausência administrativa em parte dos registros,NONE
3500022869,SGB_HIDRO_MS_2024_POCOS,profundida,0.0,ZERO_REQUIRES_REVIEW,REVIEW,zero preservado; provável ausência administrativa em parte dos registros,NONE
3500022869,SGB_HIDRO_MS_2024_POCOS,Cond_Eletr,0.0,ZERO_REQUIRES_REVIEW,REVIEW,zero preservado e não assumido como medição válida,NONE
3500022870,SGB_HIDRO_MS_2024_POCOS,profundida,0.0,ZERO_REQUIRES_REVIEW,REVIEW,zero preservado; provável ausência administrativa em parte dos registros,NONE
3500022870,SGB_HIDRO_MS_2024_POCOS,Cond_Eletr,0.0,ZERO_REQUIRES_REVIEW,REVIEW,zero preservado e não assumido como medição válida,NONE
3500022871,SGB_HIDRO_MS_2024_POCOS,profundida,0.0,ZERO_REQUIRES_REVIEW,REVIEW,zero preservado; provável ausência administrativa em parte dos registros,NONE
3500022871,SGB_HIDRO_MS_2024_POCOS,Cond_Eletr,0.0,ZERO_REQUIRES_REVIEW,REVIEW,zero preservado e não assumido como medição válida,NONE
3500022872,SGB_HIDRO_MS_2024_POCOS,profundida,0.0,ZERO_REQUIRES_REVIEW,REVIEW,zero preservado; provável ausência administrativa em parte dos registros,NONE
3500022872,SGB_HIDRO_MS_2024_POCOS,Cond_Eletr,0.0,ZERO_REQUIRES_REVIEW,REVIEW,zero preservado e não assumido como medição válida,NONE
3500022873,SGB_HIDRO_MS_2024_POCOS,profundida,0.0,ZERO_REQUIRES_REVIEW,REVIEW,zero preservado; provável ausência administrativa em parte dos registros,NONE
3500022873,SGB_HIDRO_MS_2024_POCOS,Cond_Eletr,0.0,ZERO_REQUIRES_REVIEW,REVIEW,zero preservado e não assumido como medição válida,NONE
3500022874,SGB_HIDRO_MS_2024_POCOS,profundida,0.0,ZERO_REQUIRES_REVIEW,REVIEW,zero preservado; provável ausência administrativa em parte dos registros,NONE
3500022874,SGB_HIDRO_MS_2024_POCOS,Cond_Eletr,0.0,ZERO_REQUIRES_REVIEW,REVIEW,zero preservado e não assumido como medição válida,NONE
3500022875,SGB_HIDRO_MS_2024_POCOS,profundida,0.0,ZERO_REQUIRES_REVIEW,REVIEW,zero preservado; provável ausência administrativa em parte dos registros,NONE
3500022876,SGB_HIDRO_MS_2024_POCOS,profundida,0.0,ZERO_REQUIRES_REVIEW,REVIEW,zero preservado; provável ausência administrativa em parte dos registros,NONE
3500022876,SGB_HIDRO_MS_2024_POCOS,Cond_Eletr,0.0,ZERO_REQUIRES_REVIEW,REVIEW,zero preservado e não assumido como medição válida,NONE
3500022877,SGB_HIDRO_MS_2024_POCOS,profundida,0.0,ZERO_REQUIRES_REVIEW,REVIEW,zero preservado; provável ausência administrativa em parte dos registros,NONE
3500022877,SGB_HIDRO_MS_2024_POCOS,Cond_Eletr,0.0,ZERO_REQUIRES_REVIEW,REVIEW,zero preservado e não assumido como medição válida,NONE
3500022878,SGB_HIDRO_MS_2024_POCOS,profundida,0.0,ZERO_REQUIRES_REVIEW,REVIEW,zero preservado; provável ausência administrativa em parte dos registros,NONE
3500022878,SGB_HIDRO_MS_2024_POCOS,Cond_Eletr,0.0,ZERO_REQUIRES_REVIEW,REVIEW,zero preservado e não assumido como medição válida,NONE
3500022879,SGB_HIDRO_MS_2024_POCOS,profundida,0.0,ZERO_REQUIRES_REVIEW,REVIEW,zero preservado; provável ausência administrativa em parte dos registros,NONE
3500022879,SGB_HIDRO_MS_2024_POCOS,Cond_Eletr,0.0,ZERO_REQUIRES_REVIEW,REVIEW,zero preservado e não assumido como medição válida,NONE
3500022880,SGB_HIDRO_MS_2024_POCOS,profundida,0.0,ZERO_REQUIRES_REVIEW,REVIEW,zero preservado; provável ausência administrativa em parte dos registros,NONE
3500022880,SGB_HIDRO_MS_2024_POCOS,Cond_Eletr,0.0,ZERO_REQUIRES_REVIEW,REVIEW,zero preservado e não assumido como medição válida,NONE
3500022881,SGB_HIDRO_MS_2024_POCOS,profundida,0.0,ZERO_REQUIRES_REVIEW,REVIEW,zero preservado; provável ausência administrativa em parte dos registros,NONE
3500022881,SGB_HIDRO_MS_2024_POCOS,Cond_Eletr,0.0,ZERO_REQUIRES_REVIEW,REVIEW,zero preservado e não assumido como medição válida,NONE
3500022882,SGB_HIDRO_MS_2024_POCOS,profundida,0.0,ZERO_REQUIRES_REVIEW,REVIEW,zero preservado; provável ausência administrativa em parte dos registros,NONE
3500022882,SGB_HIDRO_MS_2024_POCOS,Cond_Eletr,0.0,ZERO_REQUIRES_REVIEW,REVIEW,zero preservado e não assumido como medição válida,NONE
3500022883,SGB_HIDRO_MS_2024_POCOS,profundida,0.0,ZERO_REQUIRES_REVIEW,REVIEW,zero preservado; provável ausência administrativa em parte dos registros,NONE
3500022884,SGB_HIDRO_MS_2024_POCOS,profundida,0.0,ZERO_REQUIRES_REVIEW,REVIEW,zero preservado; provável ausência administrativa em parte dos registros,NONE
3500022884,SGB_HIDRO_MS_2024_POCOS,Cond_Eletr,0.0,ZERO_REQUIRES_REVIEW,REVIEW,zero preservado e não assumido como medição válida,NONE
3500022885,SGB_HIDRO_MS_2024_POCOS,profundida,0.0,ZERO_REQUIRES_REVIEW,REVIEW,zero preservado; provável ausência administrativa em parte dos registros,NONE
3500022885,SGB_HIDRO_MS_2024_POCOS,Cond_Eletr,0.0,ZERO_REQUIRES_REVIEW,REVIEW,zero preservado e não assumido como medição válida,NONE
3500022886,SGB_HIDRO_MS_2024_POCOS,profundida,0.0,ZERO_REQUIRES_REVIEW,REVIEW,zero preservado; provável ausência administrativa em parte dos registros,NONE
3500022886,SGB_HIDRO_MS_2024_POCOS,Cond_Eletr,0.0,ZERO_REQUIRES_REVIEW,REVIEW,zero preservado e não assumido como medição válida,NONE
3500022887,SGB_HIDRO_MS_2024_POCOS,profundida,0.0,ZERO_REQUIRES_REVIEW,REVIEW,zero preservado; provável ausência administrativa em parte dos registros,NONE
3500022887,SGB_HIDRO_MS_2024_POCOS,Cond_Eletr,0.0,ZERO_REQUIRES_REVIEW,REVIEW,zero preservado e não assumido como medição válida,NONE
3500022888,SGB_HIDRO_MS_2024_POCOS,profundida,0.0,ZERO_REQUIRES_REVIEW,REVIEW,zero preservado; provável ausência administrativa em parte dos registros,NONE
3500022888,SGB_HIDRO_MS_2024_POCOS,Cond_Eletr,0.0,ZERO_REQUIRES_REVIEW,REVIEW,zero preservado e não assumido como medição válida,NONE
3500022889,SGB_HIDRO_MS_2024_POCOS,profundida,0.0,ZERO_REQUIRES_REVIEW,REVIEW,zero preservado; provável ausência administrativa em parte dos registros,NONE
3500022889,SGB_HIDRO_MS_2024_POCOS,Cond_Eletr,0.0,ZERO_REQUIRES_REVIEW,REVIEW,zero preservado e não assumido como medição válida,NONE
3500022890,SGB_HIDRO_MS_2024_POCOS,profundida,0.0,ZERO_REQUIRES_REVIEW,REVIEW,zero preservado; provável ausência administrativa em parte dos registros,NONE
3500022890,SGB_HIDRO_MS_2024_POCOS,Cond_Eletr,0.0,ZERO_REQUIRES_REVIEW,REVIEW,zero preservado e não assumido como medição válida,NONE
3500022891,SGB_HIDRO_MS_2024_POCOS,profundida,0.0,ZERO_REQUIRES_REVIEW,REVIEW,zero preservado; provável ausência administrativa em parte dos registros,NONE
3500022891,SGB_HIDRO_MS_2024_POCOS,Cond_Eletr,0.0,ZERO_REQUIRES_REVIEW,REVIEW,zero preservado e não assumido como medição válida,NONE
3500022892,SGB_HIDRO_MS_2024_POCOS,profundida,0.0,ZERO_REQUIRES_REVIEW,REVIEW,zero preservado; provável ausência administrativa em parte dos registros,NONE
3500022892,SGB_HIDRO_MS_2024_POCOS,Cond_Eletr,0.0,ZERO_REQUIRES_REVIEW,REVIEW,zero preservado e não assumido como medição válida,NONE
3500022893,SGB_HIDRO_MS_2024_POCOS,profundida,0.0,ZERO_REQUIRES_REVIEW,REVIEW,zero preservado; provável ausência administrativa em parte dos registros,NONE
3500022893,SGB_HIDRO_MS_2024_POCOS,Cond_Eletr,0.0,ZERO_REQUIRES_REVIEW,REVIEW,zero preservado e não assumido como medição válida,NONE
3500022894,SGB_HIDRO_MS_2024_POCOS,profundida,0.0,ZERO_REQUIRES_REVIEW,REVIEW,zero preservado; provável ausência administrativa em parte dos registros,NONE
3500022894,SGB_HIDRO_MS_2024_POCOS,Cond_Eletr,0.0,ZERO_REQUIRES_REVIEW,REVIEW,zero preservado e não assumido como medição válida,NONE
3500022895,SGB_HIDRO_MS_2024_POCOS,profundida,0.0,ZERO_REQUIRES_REVIEW,REVIEW,zero preservado; provável ausência administrativa em parte dos registros,NONE
3500022895,SGB_HIDRO_MS_2024_POCOS,Cond_Eletr,0.0,ZERO_REQUIRES_REVIEW,REVIEW,zero preservado e não assumido como medição válida,NONE
3500022896,SGB_HIDRO_MS_2024_POCOS,profundida,0.0,ZERO_REQUIRES_REVIEW,REVIEW,zero preservado; provável ausência administrativa em parte dos registros,NONE
3500022896,SGB_HIDRO_MS_2024_POCOS,Cond_Eletr,0.0,ZERO_REQUIRES_REVIEW,REVIEW,zero preservado e não assumido como medição válida,NONE
3500022897,SGB_HIDRO_MS_2024_POCOS,profundida,0.0,ZERO_REQUIRES_REVIEW,REVIEW,zero preservado; provável ausência administrativa em parte dos registros,NONE
3500022897,SGB_HIDRO_MS_2024_POCOS,Cond_Eletr,0.0,ZERO_REQUIRES_REVIEW,REVIEW,zero preservado e não assumido como medição válida,NONE
3500022898,SGB_HIDRO_MS_2024_POCOS,profundida,0.0,ZERO_REQUIRES_REVIEW,REVIEW,zero preservado; provável ausência administrativa em parte dos registros,NONE
3500022898,SGB_HIDRO_MS_2024_POCOS,Cond_Eletr,0.0,ZERO_REQUIRES_REVIEW,REVIEW,zero preservado e não assumido como medição válida,NONE
3500022899,SGB_HIDRO_MS_2024_POCOS,profundida,0.0,ZERO_REQUIRES_REVIEW,REVIEW,zero preservado; provável ausência administrativa em parte dos registros,NONE
3500022899,SGB_HIDRO_MS_2024_POCOS,Cond_Eletr,0.0,ZERO_REQUIRES_REVIEW,REVIEW,zero preservado e não assumido como medição válida,NONE
3500022900,SGB_HIDRO_MS_2024_POCOS,profundida,0.0,ZERO_REQUIRES_REVIEW,REVIEW,zero preservado; provável ausência administrativa em parte dos registros,NONE
3500022900,SGB_HIDRO_MS_2024_POCOS,Cond_Eletr,0.0,ZERO_REQUIRES_REVIEW,REVIEW,zero preservado e não assumido como medição válida,NONE
3500022901,SGB_HIDRO_MS_2024_POCOS,profundida,0.0,ZERO_REQUIRES_REVIEW,REVIEW,zero preservado; provável ausência administrativa em parte dos registros,NONE
3500022901,SGB_HIDRO_MS_2024_POCOS,Cond_Eletr,0.0,ZERO_REQUIRES_REVIEW,REVIEW,zero preservado e não assumido como medição válida,NONE
3500022902,SGB_HIDRO_MS_2024_POCOS,profundida,0.0,ZERO_REQUIRES_REVIEW,REVIEW,zero preservado; provável ausência administrativa em parte dos registros,NONE
3500022902,SGB_HIDRO_MS_2024_POCOS,Cond_Eletr,0.0,ZERO_REQUIRES_REVIEW,REVIEW,zero preservado e não assumido como medição válida,NONE
3500022903,SGB_HIDRO_MS_2024_POCOS,profundida,0.0,ZERO_REQUIRES_REVIEW,REVIEW,zero preservado; provável ausência administrativa em parte dos registros,NONE
3500022903,SGB_HIDRO_MS_2024_POCOS,Cond_Eletr,0.0,ZERO_REQUIRES_REVIEW,REVIEW,zero preservado e não assumido como medição válida,NONE
3500022904,SGB_HIDRO_MS_2024_POCOS,profundida,0.0,ZERO_REQUIRES_REVIEW,REVIEW,zero preservado; provável ausência administrativa em parte dos registros,NONE
3500022904,SGB_HIDRO_MS_2024_POCOS,Cond_Eletr,0.0,ZERO_REQUIRES_REVIEW,REVIEW,zero preservado e não assumido como medição válida,NONE
3500022905,SGB_HIDRO_MS_2024_POCOS,profundida,0.0,ZERO_REQUIRES_REVIEW,REVIEW,zero preservado; provável ausência administrativa em parte dos registros,NONE
3500022905,SGB_HIDRO_MS_2024_POCOS,Cond_Eletr,0.0,ZERO_REQUIRES_REVIEW,REVIEW,zero preservado e não assumido como medição válida,NONE
3500022906,SGB_HIDRO_MS_2024_POCOS,profundida,0.0,ZERO_REQUIRES_REVIEW,REVIEW,zero preservado; provável ausência administrativa em parte dos registros,NONE
3500022906,SGB_HIDRO_MS_2024_POCOS,Cond_Eletr,0.0,ZERO_REQUIRES_REVIEW,REVIEW,zero preservado e não assumido como medição válida,NONE
3500022907,SGB_HIDRO_MS_2024_POCOS,profundida,0.0,ZERO_REQUIRES_REVIEW,REVIEW,zero preservado; provável ausência administrativa em parte dos registros,NONE
3500022907,SGB_HIDRO_MS_2024_POCOS,Cond_Eletr,0.0,ZERO_REQUIRES_REVIEW,REVIEW,zero preservado e não assumido como medição válida,NONE
3500022908,SGB_HIDRO_MS_2024_POCOS,profundida,0.0,ZERO_REQUIRES_REVIEW,REVIEW,zero preservado; provável ausência administrativa em parte dos registros,NONE
3500022908,SGB_HIDRO_MS_2024_POCOS,Cond_Eletr,0.0,ZERO_REQUIRES_REVIEW,REVIEW,zero preservado e não assumido como medição válida,NONE
3500022909,SGB_HIDRO_MS_2024_POCOS,profundida,0.0,ZERO_REQUIRES_REVIEW,REVIEW,zero preservado; provável ausência administrativa em parte dos registros,NONE
3500022909,SGB_HIDRO_MS_2024_POCOS,Cond_Eletr,0.0,ZERO_REQUIRES_REVIEW,REVIEW,zero preservado e não assumido como medição válida,NONE
3500022910,SGB_HIDRO_MS_2024_POCOS,profundida,0.0,ZERO_REQUIRES_REVIEW,REVIEW,zero preservado; provável ausência administrativa em parte dos registros,NONE
3500022910,SGB_HIDRO_MS_2024_POCOS,Cond_Eletr,0.0,ZERO_REQUIRES_REVIEW,REVIEW,zero preservado e não assumido como medição válida,NONE
3500022911,SGB_HIDRO_MS_2024_POCOS,profundida,0.0,ZERO_REQUIRES_REVIEW,REVIEW,zero preservado; provável ausência administrativa em parte dos registros,NONE
3500022911,SGB_HIDRO_MS_2024_POCOS,Cond_Eletr,0.0,ZERO_REQUIRES_REVIEW,REVIEW,zero preservado e não assumido como medição válida,NONE
3500022912,SGB_HIDRO_MS_2024_POCOS,profundida,0.0,ZERO_REQUIRES_REVIEW,REVIEW,zero preservado; provável ausência administrativa em parte dos registros,NONE
3500022912,SGB_HIDRO_MS_2024_POCOS,Cond_Eletr,0.0,ZERO_REQUIRES_REVIEW,REVIEW,zero preservado e não assumido como medição válida,NONE
3500022913,SGB_HIDRO_MS_2024_POCOS,profundida,0.0,ZERO_REQUIRES_REVIEW,REVIEW,zero preservado; provável ausência administrativa em parte dos registros,NONE
3500022913,SGB_HIDRO_MS_2024_POCOS,Cond_Eletr,0.0,ZERO_REQUIRES_REVIEW,REVIEW,zero preservado e não assumido como medição válida,NONE
3500022914,SGB_HIDRO_MS_2024_POCOS,profundida,0.0,ZERO_REQUIRES_REVIEW,REVIEW,zero preservado; provável ausência administrativa em parte dos registros,NONE
3500022914,SGB_HIDRO_MS_2024_POCOS,Cond_Eletr,0.0,ZERO_REQUIRES_REVIEW,REVIEW,zero preservado e não assumido como medição válida,NONE
3500022915,SGB_HIDRO_MS_2024_POCOS,profundida,0.0,ZERO_REQUIRES_REVIEW,REVIEW,zero preservado; provável ausência administrativa em parte dos registros,NONE
3500022915,SGB_HIDRO_MS_2024_POCOS,Cond_Eletr,0.0,ZERO_REQUIRES_REVIEW,REVIEW,zero preservado e não assumido como medição válida,NONE
3500022916,SGB_HIDRO_MS_2024_POCOS,profundida,0.0,ZERO_REQUIRES_REVIEW,REVIEW,zero preservado; provável ausência administrativa em parte dos registros,NONE
3500022916,SGB_HIDRO_MS_2024_POCOS,Cond_Eletr,0.0,ZERO_REQUIRES_REVIEW,REVIEW,zero preservado e não assumido como medição válida,NONE
3500022917,SGB_HIDRO_MS_2024_POCOS,profundida,0.0,ZERO_REQUIRES_REVIEW,REVIEW,zero preservado; provável ausência administrativa em parte dos registros,NONE
3500022917,SGB_HIDRO_MS_2024_POCOS,Cond_Eletr,0.0,ZERO_REQUIRES_REVIEW,REVIEW,zero preservado e não assumido como medição válida,NONE
3500022918,SGB_HIDRO_MS_2024_POCOS,profundida,0.0,ZERO_REQUIRES_REVIEW,REVIEW,zero preservado; provável ausência administrativa em parte dos registros,NONE
3500022919,SGB_HIDRO_MS_2024_POCOS,profundida,0.0,ZERO_REQUIRES_REVIEW,REVIEW,zero preservado; provável ausência administrativa em parte dos registros,NONE
3500022919,SGB_HIDRO_MS_2024_POCOS,Cond_Eletr,0.0,ZERO_REQUIRES_REVIEW,REVIEW,zero preservado e não assumido como medição válida,NONE
3500022920,SGB_HIDRO_MS_2024_POCOS,profundida,0.0,ZERO_REQUIRES_REVIEW,REVIEW,zero preservado; provável ausência administrativa em parte dos registros,NONE
3500022920,SGB_HIDRO_MS_2024_POCOS,Cond_Eletr,0.0,ZERO_REQUIRES_REVIEW,REVIEW,zero preservado e não assumido como medição válida,NONE
3500022921,SGB_HIDRO_MS_2024_POCOS,profundida,0.0,ZERO_REQUIRES_REVIEW,REVIEW,zero preservado; provável ausência administrativa em parte dos registros,NONE
3500022921,SGB_HIDRO_MS_2024_POCOS,Cond_Eletr,0.0,ZERO_REQUIRES_REVIEW,REVIEW,zero preservado e não assumido como medição válida,NONE
3500022922,SGB_HIDRO_MS_2024_POCOS,profundida,0.0,ZERO_REQUIRES_REVIEW,REVIEW,zero preservado; provável ausência administrativa em parte dos registros,NONE
3500022922,SGB_HIDRO_MS_2024_POCOS,Cond_Eletr,0.0,ZERO_REQUIRES_REVIEW,REVIEW,zero preservado e não assumido como medição válida,NONE
3500022923,SGB_HIDRO_MS_2024_POCOS,profundida,0.0,ZERO_REQUIRES_REVIEW,REVIEW,zero preservado; provável ausência administrativa em parte dos registros,NONE
3500022923,SGB_HIDRO_MS_2024_POCOS,Cond_Eletr,0.0,ZERO_REQUIRES_REVIEW,REVIEW,zero preservado e não assumido como medição válida,NONE
3500022924,SGB_HIDRO_MS_2024_POCOS,profundida,0.0,ZERO_REQUIRES_REVIEW,REVIEW,zero preservado; provável ausência administrativa em parte dos registros,NONE
3500022924,SGB_HIDRO_MS_2024_POCOS,Cond_Eletr,0.0,ZERO_REQUIRES_REVIEW,REVIEW,zero preservado e não assumido como medição válida,NONE
3500022925,SGB_HIDRO_MS_2024_POCOS,profundida,0.0,ZERO_REQUIRES_REVIEW,REVIEW,zero preservado; provável ausência administrativa em parte dos registros,NONE
3500022925,SGB_HIDRO_MS_2024_POCOS,Cond_Eletr,0.0,ZERO_REQUIRES_REVIEW,REVIEW,zero preservado e não assumido como medição válida,NONE
3500022926,SGB_HIDRO_MS_2024_POCOS,profundida,0.0,ZERO_REQUIRES_REVIEW,REVIEW,zero preservado; provável ausência administrativa em parte dos registros,NONE
3500022926,SGB_HIDRO_MS_2024_POCOS,Cond_Eletr,0.0,ZERO_REQUIRES_REVIEW,REVIEW,zero preservado e não assumido como medição válida,NONE
3500022927,SGB_HIDRO_MS_2024_POCOS,profundida,0.0,ZERO_REQUIRES_REVIEW,REVIEW,zero preservado; provável ausência administrativa em parte dos registros,NONE
3500022927,SGB_HIDRO_MS_2024_POCOS,Cond_Eletr,0.0,ZERO_REQUIRES_REVIEW,REVIEW,zero preservado e não assumido como medição válida,NONE
3500022928,SGB_HIDRO_MS_2024_POCOS,profundida,0.0,ZERO_REQUIRES_REVIEW,REVIEW,zero preservado; provável ausência administrativa em parte dos registros,NONE
3500022929,SGB_HIDRO_MS_2024_POCOS,profundida,0.0,ZERO_REQUIRES_REVIEW,REVIEW,zero preservado; provável ausência administrativa em parte dos registros,NONE
3500022929,SGB_HIDRO_MS_2024_POCOS,Cond_Eletr,0.0,ZERO_REQUIRES_REVIEW,REVIEW,zero preservado e não assumido como medição válida,NONE
3500022930,SGB_HIDRO_MS_2024_POCOS,profundida,0.0,ZERO_REQUIRES_REVIEW,REVIEW,zero preservado; provável ausência administrativa em parte dos registros,NONE
3500022931,SGB_HIDRO_MS_2024_POCOS,profundida,0.0,ZERO_REQUIRES_REVIEW,REVIEW,zero preservado; provável ausência administrativa em parte dos registros,NONE
3500022931,SGB_HIDRO_MS_2024_POCOS,Cond_Eletr,0.0,ZERO_REQUIRES_REVIEW,REVIEW,zero preservado e não assumido como medição válida,NONE
3500022932,SGB_HIDRO_MS_2024_POCOS,profundida,0.0,ZERO_REQUIRES_REVIEW,REVIEW,zero preservado; provável ausência administrativa em parte dos registros,NONE
3500022932,SGB_HIDRO_MS_2024_POCOS,Cond_Eletr,0.0,ZERO_REQUIRES_REVIEW,REVIEW,zero preservado e não assumido como medição válida,NONE
3500022933,SGB_HIDRO_MS_2024_POCOS,profundida,0.0,ZERO_REQUIRES_REVIEW,REVIEW,zero preservado; provável ausência administrativa em parte dos registros,NONE
3500022933,SGB_HIDRO_MS_2024_POCOS,Cond_Eletr,0.0,ZERO_REQUIRES_REVIEW,REVIEW,zero preservado e não assumido como medição válida,NONE
3500022934,SGB_HIDRO_MS_2024_POCOS,profundida,0.0,ZERO_REQUIRES_REVIEW,REVIEW,zero preservado; provável ausência administrativa em parte dos registros,NONE
3500022934,SGB_HIDRO_MS_2024_POCOS,Cond_Eletr,0.0,ZERO_REQUIRES_REVIEW,REVIEW,zero preservado e não assumido como medição válida,NONE
3500022935,SGB_HIDRO_MS_2024_POCOS,profundida,0.0,ZERO_REQUIRES_REVIEW,REVIEW,zero preservado; provável ausência administrativa em parte dos registros,NONE
3500022935,SGB_HIDRO_MS_2024_POCOS,Cond_Eletr,0.0,ZERO_REQUIRES_REVIEW,REVIEW,zero preservado e não assumido como medição válida,NONE
3500022936,SGB_HIDRO_MS_2024_POCOS,profundida,0.0,ZERO_REQUIRES_REVIEW,REVIEW,zero preservado; provável ausência administrativa em parte dos registros,NONE
3500022936,SGB_HIDRO_MS_2024_POCOS,Cond_Eletr,0.0,ZERO_REQUIRES_REVIEW,REVIEW,zero preservado e não assumido como medição válida,NONE
3500022937,SGB_HIDRO_MS_2024_POCOS,profundida,0.0,ZERO_REQUIRES_REVIEW,REVIEW,zero preservado; provável ausência administrativa em parte dos registros,NONE
3500022937,SGB_HIDRO_MS_2024_POCOS,Cond_Eletr,0.0,ZERO_REQUIRES_REVIEW,REVIEW,zero preservado e não assumido como medição válida,NONE
3500022938,SGB_HIDRO_MS_2024_POCOS,profundida,0.0,ZERO_REQUIRES_REVIEW,REVIEW,zero preservado; provável ausência administrativa em parte dos registros,NONE
3500022938,SGB_HIDRO_MS_2024_POCOS,Cond_Eletr,0.0,ZERO_REQUIRES_REVIEW,REVIEW,zero preservado e não assumido como medição válida,NONE
3500022939,SGB_HIDRO_MS_2024_POCOS,profundida,0.0,ZERO_REQUIRES_REVIEW,REVIEW,zero preservado; provável ausência administrativa em parte dos registros,NONE
3500022939,SGB_HIDRO_MS_2024_POCOS,Cond_Eletr,0.0,ZERO_REQUIRES_REVIEW,REVIEW,zero preservado e não assumido como medição válida,NONE
3500022940,SGB_HIDRO_MS_2024_POCOS,profundida,0.0,ZERO_REQUIRES_REVIEW,REVIEW,zero preservado; provável ausência administrativa em parte dos registros,NONE
3500022940,SGB_HIDRO_MS_2024_POCOS,Cond_Eletr,0.0,ZERO_REQUIRES_REVIEW,REVIEW,zero preservado e não assumido como medição válida,NONE
3500022941,SGB_HIDRO_MS_2024_POCOS,profundida,0.0,ZERO_REQUIRES_REVIEW,REVIEW,zero preservado; provável ausência administrativa em parte dos registros,NONE
3500022941,SGB_HIDRO_MS_2024_POCOS,Cond_Eletr,0.0,ZERO_REQUIRES_REVIEW,REVIEW,zero preservado e não assumido como medição válida,NONE
3500022942,SGB_HIDRO_MS_2024_POCOS,profundida,0.0,ZERO_REQUIRES_REVIEW,REVIEW,zero preservado; provável ausência administrativa em parte dos registros,NONE
3500022942,SGB_HIDRO_MS_2024_POCOS,Cond_Eletr,0.0,ZERO_REQUIRES_REVIEW,REVIEW,zero preservado e não assumido como medição válida,NONE
3500022943,SGB_HIDRO_MS_2024_POCOS,profundida,0.0,ZERO_REQUIRES_REVIEW,REVIEW,zero preservado; provável ausência administrativa em parte dos registros,NONE
3500022943,SGB_HIDRO_MS_2024_POCOS,Cond_Eletr,0.0,ZERO_REQUIRES_REVIEW,REVIEW,zero preservado e não assumido como medição válida,NONE
3500022944,SGB_HIDRO_MS_2024_POCOS,profundida,0.0,ZERO_REQUIRES_REVIEW,REVIEW,zero preservado; provável ausência administrativa em parte dos registros,NONE
3500022944,SGB_HIDRO_MS_2024_POCOS,Cond_Eletr,0.0,ZERO_REQUIRES_REVIEW,REVIEW,zero preservado e não assumido como medição válida,NONE
3500022945,SGB_HIDRO_MS_2024_POCOS,profundida,0.0,ZERO_REQUIRES_REVIEW,REVIEW,zero preservado; provável ausência administrativa em parte dos registros,NONE
3500022945,SGB_HIDRO_MS_2024_POCOS,Cond_Eletr,0.0,ZERO_REQUIRES_REVIEW,REVIEW,zero preservado e não assumido como medição válida,NONE
3500022946,SGB_HIDRO_MS_2024_POCOS,profundida,0.0,ZERO_REQUIRES_REVIEW,REVIEW,zero preservado; provável ausência administrativa em parte dos registros,NONE
3500022946,SGB_HIDRO_MS_2024_POCOS,Cond_Eletr,0.0,ZERO_REQUIRES_REVIEW,REVIEW,zero preservado e não assumido como medição válida,NONE
3500022947,SGB_HIDRO_MS_2024_POCOS,profundida,0.0,ZERO_REQUIRES_REVIEW,REVIEW,zero preservado; provável ausência administrativa em parte dos registros,NONE
3500022947,SGB_HIDRO_MS_2024_POCOS,Cond_Eletr,0.0,ZERO_REQUIRES_REVIEW,REVIEW,zero preservado e não assumido como medição válida,NONE
3500022948,SGB_HIDRO_MS_2024_POCOS,profundida,0.0,ZERO_REQUIRES_REVIEW,REVIEW,zero preservado; provável ausência administrativa em parte dos registros,NONE
3500022948,SGB_HIDRO_MS_2024_POCOS,Cond_Eletr,0.0,ZERO_REQUIRES_REVIEW,REVIEW,zero preservado e não assumido como medição válida,NONE
3500022949,SGB_HIDRO_MS_2024_POCOS,profundida,0.0,ZERO_REQUIRES_REVIEW,REVIEW,zero preservado; provável ausência administrativa em parte dos registros,NONE
3500022949,SGB_HIDRO_MS_2024_POCOS,Cond_Eletr,0.0,ZERO_REQUIRES_REVIEW,REVIEW,zero preservado e não assumido como medição válida,NONE
3500022950,SGB_HIDRO_MS_2024_POCOS,profundida,0.0,ZERO_REQUIRES_REVIEW,REVIEW,zero preservado; provável ausência administrativa em parte dos registros,NONE
3500022950,SGB_HIDRO_MS_2024_POCOS,Cond_Eletr,0.0,ZERO_REQUIRES_REVIEW,REVIEW,zero preservado e não assumido como medição válida,NONE
3500022951,SGB_HIDRO_MS_2024_POCOS,profundida,0.0,ZERO_REQUIRES_REVIEW,REVIEW,zero preservado; provável ausência administrativa em parte dos registros,NONE
3500022951,SGB_HIDRO_MS_2024_POCOS,Cond_Eletr,0.0,ZERO_REQUIRES_REVIEW,REVIEW,zero preservado e não assumido como medição válida,NONE
3500022952,SGB_HIDRO_MS_2024_POCOS,profundida,0.0,ZERO_REQUIRES_REVIEW,REVIEW,zero preservado; provável ausência administrativa em parte dos registros,NONE
3500022952,SGB_HIDRO_MS_2024_POCOS,Cond_Eletr,0.0,ZERO_REQUIRES_REVIEW,REVIEW,zero preservado e não assumido como medição válida,NONE
3500022953,SGB_HIDRO_MS_2024_POCOS,profundida,0.0,ZERO_REQUIRES_REVIEW,REVIEW,zero preservado; provável ausência administrativa em parte dos registros,NONE
3500022953,SGB_HIDRO_MS_2024_POCOS,Cond_Eletr,0.0,ZERO_REQUIRES_REVIEW,REVIEW,zero preservado e não assumido como medição válida,NONE
3500022954,SGB_HIDRO_MS_2024_POCOS,profundida,0.0,ZERO_REQUIRES_REVIEW,REVIEW,zero preservado; provável ausência administrativa em parte dos registros,NONE
3500022954,SGB_HIDRO_MS_2024_POCOS,Cond_Eletr,0.0,ZERO_REQUIRES_REVIEW,REVIEW,zero preservado e não assumido como medição válida,NONE
3500022955,SGB_HIDRO_MS_2024_POCOS,profundida,0.0,ZERO_REQUIRES_REVIEW,REVIEW,zero preservado; provável ausência administrativa em parte dos registros,NONE
3500022955,SGB_HIDRO_MS_2024_POCOS,Cond_Eletr,0.0,ZERO_REQUIRES_REVIEW,REVIEW,zero preservado e não assumido como medição válida,NONE
3500022956,SGB_HIDRO_MS_2024_POCOS,profundida,0.0,ZERO_REQUIRES_REVIEW,REVIEW,zero preservado; provável ausência administrativa em parte dos registros,NONE
3500022956,SGB_HIDRO_MS_2024_POCOS,Cond_Eletr,0.0,ZERO_REQUIRES_REVIEW,REVIEW,zero preservado e não assumido como medição válida,NONE
3500022957,SGB_HIDRO_MS_2024_POCOS,profundida,0.0,ZERO_REQUIRES_REVIEW,REVIEW,zero preservado; provável ausência administrativa em parte dos registros,NONE
3500022957,SGB_HIDRO_MS_2024_POCOS,Cond_Eletr,0.0,ZERO_REQUIRES_REVIEW,REVIEW,zero preservado e não assumido como medição válida,NONE
3500022958,SGB_HIDRO_MS_2024_POCOS,profundida,0.0,ZERO_REQUIRES_REVIEW,REVIEW,zero preservado; provável ausência administrativa em parte dos registros,NONE
3500022958,SGB_HIDRO_MS_2024_POCOS,Cond_Eletr,0.0,ZERO_REQUIRES_REVIEW,REVIEW,zero preservado e não assumido como medição válida,NONE
3500022959,SGB_HIDRO_MS_2024_POCOS,profundida,0.0,ZERO_REQUIRES_REVIEW,REVIEW,zero preservado; provável ausência administrativa em parte dos registros,NONE
3500022959,SGB_HIDRO_MS_2024_POCOS,Cond_Eletr,0.0,ZERO_REQUIRES_REVIEW,REVIEW,zero preservado e não assumido como medição válida,NONE
3500022960,SGB_HIDRO_MS_2024_POCOS,profundida,0.0,ZERO_REQUIRES_REVIEW,REVIEW,zero preservado; provável ausência administrativa em parte dos registros,NONE
3500022960,SGB_HIDRO_MS_2024_POCOS,Cond_Eletr,0.0,ZERO_REQUIRES_REVIEW,REVIEW,zero preservado e não assumido como medição válida,NONE
3500022961,SGB_HIDRO_MS_2024_POCOS,profundida,0.0,ZERO_REQUIRES_REVIEW,REVIEW,zero preservado; provável ausência administrativa em parte dos registros,NONE
3500022961,SGB_HIDRO_MS_2024_POCOS,Cond_Eletr,0.0,ZERO_REQUIRES_REVIEW,REVIEW,zero preservado e não assumido como medição válida,NONE
3500022962,SGB_HIDRO_MS_2024_POCOS,profundida,0.0,ZERO_REQUIRES_REVIEW,REVIEW,zero preservado; provável ausência administrativa em parte dos registros,NONE
3500022962,SGB_HIDRO_MS_2024_POCOS,Cond_Eletr,0.0,ZERO_REQUIRES_REVIEW,REVIEW,zero preservado e não assumido como medição válida,NONE
3500022963,SGB_HIDRO_MS_2024_POCOS,profundida,0.0,ZERO_REQUIRES_REVIEW,REVIEW,zero preservado; provável ausência administrativa em parte dos registros,NONE
3500022963,SGB_HIDRO_MS_2024_POCOS,Cond_Eletr,0.0,ZERO_REQUIRES_REVIEW,REVIEW,zero preservado e não assumido como medição válida,NONE
3500022964,SGB_HIDRO_MS_2024_POCOS,profundida,0.0,ZERO_REQUIRES_REVIEW,REVIEW,zero preservado; provável ausência administrativa em parte dos registros,NONE
3500022964,SGB_HIDRO_MS_2024_POCOS,Cond_Eletr,0.0,ZERO_REQUIRES_REVIEW,REVIEW,zero preservado e não assumido como medição válida,NONE
3500022965,SGB_HIDRO_MS_2024_POCOS,profundida,0.0,ZERO_REQUIRES_REVIEW,REVIEW,zero preservado; provável ausência administrativa em parte dos registros,NONE
3500022965,SGB_HIDRO_MS_2024_POCOS,Cond_Eletr,0.0,ZERO_REQUIRES_REVIEW,REVIEW,zero preservado e não assumido como medição válida,NONE
3500022966,SGB_HIDRO_MS_2024_POCOS,profundida,0.0,ZERO_REQUIRES_REVIEW,REVIEW,zero preservado; provável ausência administrativa em parte dos registros,NONE
3500022966,SGB_HIDRO_MS_2024_POCOS,Cond_Eletr,0.0,ZERO_REQUIRES_REVIEW,REVIEW,zero preservado e não assumido como medição válida,NONE
3500022967,SGB_HIDRO_MS_2024_POCOS,profundida,0.0,ZERO_REQUIRES_REVIEW,REVIEW,zero preservado; provável ausência administrativa em parte dos registros,NONE
3500022967,SGB_HIDRO_MS_2024_POCOS,Cond_Eletr,0.0,ZERO_REQUIRES_REVIEW,REVIEW,zero preservado e não assumido como medição válida,NONE
3500022968,SGB_HIDRO_MS_2024_POCOS,profundida,0.0,ZERO_REQUIRES_REVIEW,REVIEW,zero preservado; provável ausência administrativa em parte dos registros,NONE
3500022968,SGB_HIDRO_MS_2024_POCOS,Cond_Eletr,0.0,ZERO_REQUIRES_REVIEW,REVIEW,zero preservado e não assumido como medição válida,NONE
3500022969,SGB_HIDRO_MS_2024_POCOS,profundida,0.0,ZERO_REQUIRES_REVIEW,REVIEW,zero preservado; provável ausência administrativa em parte dos registros,NONE
3500022969,SGB_HIDRO_MS_2024_POCOS,Cond_Eletr,0.0,ZERO_REQUIRES_REVIEW,REVIEW,zero preservado e não assumido como medição válida,NONE
3500022970,SGB_HIDRO_MS_2024_POCOS,profundida,0.0,ZERO_REQUIRES_REVIEW,REVIEW,zero preservado; provável ausência administrativa em parte dos registros,NONE
3500022970,SGB_HIDRO_MS_2024_POCOS,Cond_Eletr,0.0,ZERO_REQUIRES_REVIEW,REVIEW,zero preservado e não assumido como medição válida,NONE
3500022971,SGB_HIDRO_MS_2024_POCOS,profundida,0.0,ZERO_REQUIRES_REVIEW,REVIEW,zero preservado; provável ausência administrativa em parte dos registros,NONE
3500022971,SGB_HIDRO_MS_2024_POCOS,Cond_Eletr,0.0,ZERO_REQUIRES_REVIEW,REVIEW,zero preservado e não assumido como medição válida,NONE
3500022972,SGB_HIDRO_MS_2024_POCOS,profundida,0.0,ZERO_REQUIRES_REVIEW,REVIEW,zero preservado; provável ausência administrativa em parte dos registros,NONE
3500022972,SGB_HIDRO_MS_2024_POCOS,Cond_Eletr,0.0,ZERO_REQUIRES_REVIEW,REVIEW,zero preservado e não assumido como medição válida,NONE
3500022973,SGB_HIDRO_MS_2024_POCOS,profundida,0.0,ZERO_REQUIRES_REVIEW,REVIEW,zero preservado; provável ausência administrativa em parte dos registros,NONE
3500022973,SGB_HIDRO_MS_2024_POCOS,Cond_Eletr,0.0,ZERO_REQUIRES_REVIEW,REVIEW,zero preservado e não assumido como medição válida,NONE
3500022974,SGB_HIDRO_MS_2024_POCOS,profundida,0.0,ZERO_REQUIRES_REVIEW,REVIEW,zero preservado; provável ausência administrativa em parte dos registros,NONE
3500022974,SGB_HIDRO_MS_2024_POCOS,Cond_Eletr,0.0,ZERO_REQUIRES_REVIEW,REVIEW,zero preservado e não assumido como medição válida,NONE
3500022975,SGB_HIDRO_MS_2024_POCOS,profundida,0.0,ZERO_REQUIRES_REVIEW,REVIEW,zero preservado; provável ausência administrativa em parte dos registros,NONE
3500022975,SGB_HIDRO_MS_2024_POCOS,Cond_Eletr,0.0,ZERO_REQUIRES_REVIEW,REVIEW,zero preservado e não assumido como medição válida,NONE
3500022976,SGB_HIDRO_MS_2024_POCOS,profundida,0.0,ZERO_REQUIRES_REVIEW,REVIEW,zero preservado; provável ausência administrativa em parte dos registros,NONE
3500022976,SGB_HIDRO_MS_2024_POCOS,Cond_Eletr,0.0,ZERO_REQUIRES_REVIEW,REVIEW,zero preservado e não assumido como medição válida,NONE
3500022977,SGB_HIDRO_MS_2024_POCOS,profundida,0.0,ZERO_REQUIRES_REVIEW,REVIEW,zero preservado; provável ausência administrativa em parte dos registros,NONE
3500022977,SGB_HIDRO_MS_2024_POCOS,Cond_Eletr,0.0,ZERO_REQUIRES_REVIEW,REVIEW,zero preservado e não assumido como medição válida,NONE
3500022978,SGB_HIDRO_MS_2024_POCOS,profundida,0.0,ZERO_REQUIRES_REVIEW,REVIEW,zero preservado; provável ausência administrativa em parte dos registros,NONE
3500022978,SGB_HIDRO_MS_2024_POCOS,Cond_Eletr,0.0,ZERO_REQUIRES_REVIEW,REVIEW,zero preservado e não assumido como medição válida,NONE
3500022979,SGB_HIDRO_MS_2024_POCOS,profundida,0.0,ZERO_REQUIRES_REVIEW,REVIEW,zero preservado; provável ausência administrativa em parte dos registros,NONE
3500022979,SGB_HIDRO_MS_2024_POCOS,Cond_Eletr,0.0,ZERO_REQUIRES_REVIEW,REVIEW,zero preservado e não assumido como medição válida,NONE
3500022980,SGB_HIDRO_MS_2024_POCOS,profundida,0.0,ZERO_REQUIRES_REVIEW,REVIEW,zero preservado; provável ausência administrativa em parte dos registros,NONE
3500022980,SGB_HIDRO_MS_2024_POCOS,Cond_Eletr,0.0,ZERO_REQUIRES_REVIEW,REVIEW,zero preservado e não assumido como medição válida,NONE
3500022981,SGB_HIDRO_MS_2024_POCOS,profundida,0.0,ZERO_REQUIRES_REVIEW,REVIEW,zero preservado; provável ausência administrativa em parte dos registros,NONE
3500022981,SGB_HIDRO_MS_2024_POCOS,Cond_Eletr,0.0,ZERO_REQUIRES_REVIEW,REVIEW,zero preservado e não assumido como medição válida,NONE
3500022982,SGB_HIDRO_MS_2024_POCOS,profundida,0.0,ZERO_REQUIRES_REVIEW,REVIEW,zero preservado; provável ausência administrativa em parte dos registros,NONE
3500022982,SGB_HIDRO_MS_2024_POCOS,Cond_Eletr,0.0,ZERO_REQUIRES_REVIEW,REVIEW,zero preservado e não assumido como medição válida,NONE
3500022983,SGB_HIDRO_MS_2024_POCOS,profundida,0.0,ZERO_REQUIRES_REVIEW,REVIEW,zero preservado; provável ausência administrativa em parte dos registros,NONE
3500022983,SGB_HIDRO_MS_2024_POCOS,Cond_Eletr,0.0,ZERO_REQUIRES_REVIEW,REVIEW,zero preservado e não assumido como medição válida,NONE
3500022984,SGB_HIDRO_MS_2024_POCOS,profundida,0.0,ZERO_REQUIRES_REVIEW,REVIEW,zero preservado; provável ausência administrativa em parte dos registros,NONE
3500022984,SGB_HIDRO_MS_2024_POCOS,Cond_Eletr,0.0,ZERO_REQUIRES_REVIEW,REVIEW,zero preservado e não assumido como medição válida,NONE
3500022985,SGB_HIDRO_MS_2024_POCOS,profundida,0.0,ZERO_REQUIRES_REVIEW,REVIEW,zero preservado; provável ausência administrativa em parte dos registros,NONE
3500022985,SGB_HIDRO_MS_2024_POCOS,Cond_Eletr,0.0,ZERO_REQUIRES_REVIEW,REVIEW,zero preservado e não assumido como medição válida,NONE
3500022986,SGB_HIDRO_MS_2024_POCOS,profundida,0.0,ZERO_REQUIRES_REVIEW,REVIEW,zero preservado; provável ausência administrativa em parte dos registros,NONE
3500022986,SGB_HIDRO_MS_2024_POCOS,Cond_Eletr,0.0,ZERO_REQUIRES_REVIEW,REVIEW,zero preservado e não assumido como medição válida,NONE
3500022987,SGB_HIDRO_MS_2024_POCOS,profundida,0.0,ZERO_REQUIRES_REVIEW,REVIEW,zero preservado; provável ausência administrativa em parte dos registros,NONE
3500022987,SGB_HIDRO_MS_2024_POCOS,Cond_Eletr,0.0,ZERO_REQUIRES_REVIEW,REVIEW,zero preservado e não assumido como medição válida,NONE
3500022988,SGB_HIDRO_MS_2024_POCOS,profundida,0.0,ZERO_REQUIRES_REVIEW,REVIEW,zero preservado; provável ausência administrativa em parte dos registros,NONE
3500022988,SGB_HIDRO_MS_2024_POCOS,Cond_Eletr,0.0,ZERO_REQUIRES_REVIEW,REVIEW,zero preservado e não assumido como medição válida,NONE
3500022989,SGB_HIDRO_MS_2024_POCOS,profundida,0.0,ZERO_REQUIRES_REVIEW,REVIEW,zero preservado; provável ausência administrativa em parte dos registros,NONE
3500022989,SGB_HIDRO_MS_2024_POCOS,Cond_Eletr,0.0,ZERO_REQUIRES_REVIEW,REVIEW,zero preservado e não assumido como medição válida,NONE
3500022990,SGB_HIDRO_MS_2024_POCOS,profundida,0.0,ZERO_REQUIRES_REVIEW,REVIEW,zero preservado; provável ausência administrativa em parte dos registros,NONE
3500022990,SGB_HIDRO_MS_2024_POCOS,Cond_Eletr,0.0,ZERO_REQUIRES_REVIEW,REVIEW,zero preservado e não assumido como medição válida,NONE
3500022991,SGB_HIDRO_MS_2024_POCOS,profundida,0.0,ZERO_REQUIRES_REVIEW,REVIEW,zero preservado; provável ausência administrativa em parte dos registros,NONE
3500022991,SGB_HIDRO_MS_2024_POCOS,Cond_Eletr,0.0,ZERO_REQUIRES_REVIEW,REVIEW,zero preservado e não assumido como medição válida,NONE
3500022992,SGB_HIDRO_MS_2024_POCOS,profundida,0.0,ZERO_REQUIRES_REVIEW,REVIEW,zero preservado; provável ausência administrativa em parte dos registros,NONE
3500022992,SGB_HIDRO_MS_2024_POCOS,Cond_Eletr,0.0,ZERO_REQUIRES_REVIEW,REVIEW,zero preservado e não assumido como medição válida,NONE
3500022993,SGB_HIDRO_MS_2024_POCOS,profundida,0.0,ZERO_REQUIRES_REVIEW,REVIEW,zero preservado; provável ausência administrativa em parte dos registros,NONE
3500022993,SGB_HIDRO_MS_2024_POCOS,Cond_Eletr,0.0,ZERO_REQUIRES_REVIEW,REVIEW,zero preservado e não assumido como medição válida,NONE
3500022994,SGB_HIDRO_MS_2024_POCOS,profundida,0.0,ZERO_REQUIRES_REVIEW,REVIEW,zero preservado; provável ausência administrativa em parte dos registros,NONE
3500022994,SGB_HIDRO_MS_2024_POCOS,Cond_Eletr,0.0,ZERO_REQUIRES_REVIEW,REVIEW,zero preservado e não assumido como medição válida,NONE
3500022995,SGB_HIDRO_MS_2024_POCOS,profundida,0.0,ZERO_REQUIRES_REVIEW,REVIEW,zero preservado; provável ausência administrativa em parte dos registros,NONE
3500022995,SGB_HIDRO_MS_2024_POCOS,Cond_Eletr,0.0,ZERO_REQUIRES_REVIEW,REVIEW,zero preservado e não assumido como medição válida,NONE
3500022996,SGB_HIDRO_MS_2024_POCOS,profundida,0.0,ZERO_REQUIRES_REVIEW,REVIEW,zero preservado; provável ausência administrativa em parte dos registros,NONE
3500022996,SGB_HIDRO_MS_2024_POCOS,Cond_Eletr,0.0,ZERO_REQUIRES_REVIEW,REVIEW,zero preservado e não assumido como medição válida,NONE
3500022997,SGB_HIDRO_MS_2024_POCOS,profundida,0.0,ZERO_REQUIRES_REVIEW,REVIEW,zero preservado; provável ausência administrativa em parte dos registros,NONE
3500022997,SGB_HIDRO_MS_2024_POCOS,Cond_Eletr,0.0,ZERO_REQUIRES_REVIEW,REVIEW,zero preservado e não assumido como medição válida,NONE
3500022998,SGB_HIDRO_MS_2024_POCOS,profundida,0.0,ZERO_REQUIRES_REVIEW,REVIEW,zero preservado; provável ausência administrativa em parte dos registros,NONE
3500022998,SGB_HIDRO_MS_2024_POCOS,Cond_Eletr,0.0,ZERO_REQUIRES_REVIEW,REVIEW,zero preservado e não assumido como medição válida,NONE
3500022999,SGB_HIDRO_MS_2024_POCOS,profundida,0.0,ZERO_REQUIRES_REVIEW,REVIEW,zero preservado; provável ausência administrativa em parte dos registros,NONE
3500022999,SGB_HIDRO_MS_2024_POCOS,Cond_Eletr,0.0,ZERO_REQUIRES_REVIEW,REVIEW,zero preservado e não assumido como medição válida,NONE
3500023000,SGB_HIDRO_MS_2024_POCOS,profundida,0.0,ZERO_REQUIRES_REVIEW,REVIEW,zero preservado; provável ausência administrativa em parte dos registros,NONE
3500023000,SGB_HIDRO_MS_2024_POCOS,Cond_Eletr,0.0,ZERO_REQUIRES_REVIEW,REVIEW,zero preservado e não assumido como medição válida,NONE
3500023001,SGB_HIDRO_MS_2024_POCOS,profundida,0.0,ZERO_REQUIRES_REVIEW,REVIEW,zero preservado; provável ausência administrativa em parte dos registros,NONE
3500023001,SGB_HIDRO_MS_2024_POCOS,Cond_Eletr,0.0,ZERO_REQUIRES_REVIEW,REVIEW,zero preservado e não assumido como medição válida,NONE
3500023002,SGB_HIDRO_MS_2024_POCOS,profundida,0.0,ZERO_REQUIRES_REVIEW,REVIEW,zero preservado; provável ausência administrativa em parte dos registros,NONE
3500023002,SGB_HIDRO_MS_2024_POCOS,Cond_Eletr,0.0,ZERO_REQUIRES_REVIEW,REVIEW,zero preservado e não assumido como medição válida,NONE
3500023003,SGB_HIDRO_MS_2024_POCOS,profundida,0.0,ZERO_REQUIRES_REVIEW,REVIEW,zero preservado; provável ausência administrativa em parte dos registros,NONE
3500023003,SGB_HIDRO_MS_2024_POCOS,Cond_Eletr,0.0,ZERO_REQUIRES_REVIEW,REVIEW,zero preservado e não assumido como medição válida,NONE
3500023004,SGB_HIDRO_MS_2024_POCOS,profundida,0.0,ZERO_REQUIRES_REVIEW,REVIEW,zero preservado; provável ausência administrativa em parte dos registros,NONE
3500023004,SGB_HIDRO_MS_2024_POCOS,Cond_Eletr,0.0,ZERO_REQUIRES_REVIEW,REVIEW,zero preservado e não assumido como medição válida,NONE
3500023005,SGB_HIDRO_MS_2024_POCOS,profundida,0.0,ZERO_REQUIRES_REVIEW,REVIEW,zero preservado; provável ausência administrativa em parte dos registros,NONE
3500023005,SGB_HIDRO_MS_2024_POCOS,Cond_Eletr,0.0,ZERO_REQUIRES_REVIEW,REVIEW,zero preservado e não assumido como medição válida,NONE
3500023006,SGB_HIDRO_MS_2024_POCOS,profundida,0.0,ZERO_REQUIRES_REVIEW,REVIEW,zero preservado; provável ausência administrativa em parte dos registros,NONE
3500023006,SGB_HIDRO_MS_2024_POCOS,Cond_Eletr,0.0,ZERO_REQUIRES_REVIEW,REVIEW,zero preservado e não assumido como medição válida,NONE
3500023007,SGB_HIDRO_MS_2024_POCOS,profundida,0.0,ZERO_REQUIRES_REVIEW,REVIEW,zero preservado; provável ausência administrativa em parte dos registros,NONE
3500023007,SGB_HIDRO_MS_2024_POCOS,Cond_Eletr,0.0,ZERO_REQUIRES_REVIEW,REVIEW,zero preservado e não assumido como medição válida,NONE
3500023008,SGB_HIDRO_MS_2024_POCOS,profundida,0.0,ZERO_REQUIRES_REVIEW,REVIEW,zero preservado; provável ausência administrativa em parte dos registros,NONE
3500023008,SGB_HIDRO_MS_2024_POCOS,Cond_Eletr,0.0,ZERO_REQUIRES_REVIEW,REVIEW,zero preservado e não assumido como medição válida,NONE
3500023009,SGB_HIDRO_MS_2024_POCOS,profundida,0.0,ZERO_REQUIRES_REVIEW,REVIEW,zero preservado; provável ausência administrativa em parte dos registros,NONE
3500023009,SGB_HIDRO_MS_2024_POCOS,Cond_Eletr,0.0,ZERO_REQUIRES_REVIEW,REVIEW,zero preservado e não assumido como medição válida,NONE
3500023010,SGB_HIDRO_MS_2024_POCOS,profundida,0.0,ZERO_REQUIRES_REVIEW,REVIEW,zero preservado; provável ausência administrativa em parte dos registros,NONE
3500023010,SGB_HIDRO_MS_2024_POCOS,Cond_Eletr,0.0,ZERO_REQUIRES_REVIEW,REVIEW,zero preservado e não assumido como medição válida,NONE
3500023011,SGB_HIDRO_MS_2024_POCOS,profundida,0.0,ZERO_REQUIRES_REVIEW,REVIEW,zero preservado; provável ausência administrativa em parte dos registros,NONE
3500023011,SGB_HIDRO_MS_2024_POCOS,Cond_Eletr,0.0,ZERO_REQUIRES_REVIEW,REVIEW,zero preservado e não assumido como medição válida,NONE
3500023012,SGB_HIDRO_MS_2024_POCOS,profundida,0.0,ZERO_REQUIRES_REVIEW,REVIEW,zero preservado; provável ausência administrativa em parte dos registros,NONE
3500023012,SGB_HIDRO_MS_2024_POCOS,Cond_Eletr,0.0,ZERO_REQUIRES_REVIEW,REVIEW,zero preservado e não assumido como medição válida,NONE
3500023013,SGB_HIDRO_MS_2024_POCOS,profundida,0.0,ZERO_REQUIRES_REVIEW,REVIEW,zero preservado; provável ausência administrativa em parte dos registros,NONE
3500023013,SGB_HIDRO_MS_2024_POCOS,Cond_Eletr,0.0,ZERO_REQUIRES_REVIEW,REVIEW,zero preservado e não assumido como medição válida,NONE
3500023014,SGB_HIDRO_MS_2024_POCOS,profundida,0.0,ZERO_REQUIRES_REVIEW,REVIEW,zero preservado; provável ausência administrativa em parte dos registros,NONE
3500023014,SGB_HIDRO_MS_2024_POCOS,Cond_Eletr,0.0,ZERO_REQUIRES_REVIEW,REVIEW,zero preservado e não assumido como medição válida,NONE
3500023015,SGB_HIDRO_MS_2024_POCOS,profundida,0.0,ZERO_REQUIRES_REVIEW,REVIEW,zero preservado; provável ausência administrativa em parte dos registros,NONE
3500023015,SGB_HIDRO_MS_2024_POCOS,Cond_Eletr,0.0,ZERO_REQUIRES_REVIEW,REVIEW,zero preservado e não assumido como medição válida,NONE
3500023016,SGB_HIDRO_MS_2024_POCOS,profundida,0.0,ZERO_REQUIRES_REVIEW,REVIEW,zero preservado; provável ausência administrativa em parte dos registros,NONE
3500023016,SGB_HIDRO_MS_2024_POCOS,Cond_Eletr,0.0,ZERO_REQUIRES_REVIEW,REVIEW,zero preservado e não assumido como medição válida,NONE
3500023017,SGB_HIDRO_MS_2024_POCOS,profundida,0.0,ZERO_REQUIRES_REVIEW,REVIEW,zero preservado; provável ausência administrativa em parte dos registros,NONE
3500023017,SGB_HIDRO_MS_2024_POCOS,Cond_Eletr,0.0,ZERO_REQUIRES_REVIEW,REVIEW,zero preservado e não assumido como medição válida,NONE
3500023018,SGB_HIDRO_MS_2024_POCOS,profundida,0.0,ZERO_REQUIRES_REVIEW,REVIEW,zero preservado; provável ausência administrativa em parte dos registros,NONE
3500023018,SGB_HIDRO_MS_2024_POCOS,Cond_Eletr,0.0,ZERO_REQUIRES_REVIEW,REVIEW,zero preservado e não assumido como medição válida,NONE
3500023019,SGB_HIDRO_MS_2024_POCOS,profundida,0.0,ZERO_REQUIRES_REVIEW,REVIEW,zero preservado; provável ausência administrativa em parte dos registros,NONE
3500023019,SGB_HIDRO_MS_2024_POCOS,Cond_Eletr,0.0,ZERO_REQUIRES_REVIEW,REVIEW,zero preservado e não assumido como medição válida,NONE
3500023020,SGB_HIDRO_MS_2024_POCOS,profundida,0.0,ZERO_REQUIRES_REVIEW,REVIEW,zero preservado; provável ausência administrativa em parte dos registros,NONE
3500023020,SGB_HIDRO_MS_2024_POCOS,Cond_Eletr,0.0,ZERO_REQUIRES_REVIEW,REVIEW,zero preservado e não assumido como medição válida,NONE
3500023021,SGB_HIDRO_MS_2024_POCOS,profundida,0.0,ZERO_REQUIRES_REVIEW,REVIEW,zero preservado; provável ausência administrativa em parte dos registros,NONE
3500023021,SGB_HIDRO_MS_2024_POCOS,Cond_Eletr,0.0,ZERO_REQUIRES_REVIEW,REVIEW,zero preservado e não assumido como medição válida,NONE
3500023022,SGB_HIDRO_MS_2024_POCOS,profundida,0.0,ZERO_REQUIRES_REVIEW,REVIEW,zero preservado; provável ausência administrativa em parte dos registros,NONE
3500023022,SGB_HIDRO_MS_2024_POCOS,Cond_Eletr,0.0,ZERO_REQUIRES_REVIEW,REVIEW,zero preservado e não assumido como medição válida,NONE
3500023023,SGB_HIDRO_MS_2024_POCOS,profundida,0.0,ZERO_REQUIRES_REVIEW,REVIEW,zero preservado; provável ausência administrativa em parte dos registros,NONE
3500023023,SGB_HIDRO_MS_2024_POCOS,Cond_Eletr,0.0,ZERO_REQUIRES_REVIEW,REVIEW,zero preservado e não assumido como medição válida,NONE
3500023024,SGB_HIDRO_MS_2024_POCOS,profundida,0.0,ZERO_REQUIRES_REVIEW,REVIEW,zero preservado; provável ausência administrativa em parte dos registros,NONE
3500023024,SGB_HIDRO_MS_2024_POCOS,Cond_Eletr,0.0,ZERO_REQUIRES_REVIEW,REVIEW,zero preservado e não assumido como medição válida,NONE
3500023025,SGB_HIDRO_MS_2024_POCOS,profundida,0.0,ZERO_REQUIRES_REVIEW,REVIEW,zero preservado; provável ausência administrativa em parte dos registros,NONE
3500023025,SGB_HIDRO_MS_2024_POCOS,Cond_Eletr,0.0,ZERO_REQUIRES_REVIEW,REVIEW,zero preservado e não assumido como medição válida,NONE
3500023026,SGB_HIDRO_MS_2024_POCOS,profundida,0.0,ZERO_REQUIRES_REVIEW,REVIEW,zero preservado; provável ausência administrativa em parte dos registros,NONE
3500023026,SGB_HIDRO_MS_2024_POCOS,Cond_Eletr,0.0,ZERO_REQUIRES_REVIEW,REVIEW,zero preservado e não assumido como medição válida,NONE
3500023027,SGB_HIDRO_MS_2024_POCOS,profundida,0.0,ZERO_REQUIRES_REVIEW,REVIEW,zero preservado; provável ausência administrativa em parte dos registros,NONE
3500023028,SGB_HIDRO_MS_2024_POCOS,profundida,0.0,ZERO_REQUIRES_REVIEW,REVIEW,zero preservado; provável ausência administrativa em parte dos registros,NONE
3500023028,SGB_HIDRO_MS_2024_POCOS,Cond_Eletr,0.0,ZERO_REQUIRES_REVIEW,REVIEW,zero preservado e não assumido como medição válida,NONE
3500023029,SGB_HIDRO_MS_2024_POCOS,profundida,0.0,ZERO_REQUIRES_REVIEW,REVIEW,zero preservado; provável ausência administrativa em parte dos registros,NONE
3500023029,SGB_HIDRO_MS_2024_POCOS,Cond_Eletr,0.0,ZERO_REQUIRES_REVIEW,REVIEW,zero preservado e não assumido como medição válida,NONE
3500023030,SGB_HIDRO_MS_2024_POCOS,profundida,0.0,ZERO_REQUIRES_REVIEW,REVIEW,zero preservado; provável ausência administrativa em parte dos registros,NONE
3500023030,SGB_HIDRO_MS_2024_POCOS,Cond_Eletr,0.0,ZERO_REQUIRES_REVIEW,REVIEW,zero preservado e não assumido como medição válida,NONE
3500023031,SGB_HIDRO_MS_2024_POCOS,profundida,0.0,ZERO_REQUIRES_REVIEW,REVIEW,zero preservado; provável ausência administrativa em parte dos registros,NONE
3500023031,SGB_HIDRO_MS_2024_POCOS,Cond_Eletr,0.0,ZERO_REQUIRES_REVIEW,REVIEW,zero preservado e não assumido como medição válida,NONE
3500023032,SGB_HIDRO_MS_2024_POCOS,profundida,0.0,ZERO_REQUIRES_REVIEW,REVIEW,zero preservado; provável ausência administrativa em parte dos registros,NONE
3500023032,SGB_HIDRO_MS_2024_POCOS,Cond_Eletr,0.0,ZERO_REQUIRES_REVIEW,REVIEW,zero preservado e não assumido como medição válida,NONE
3500023033,SGB_HIDRO_MS_2024_POCOS,profundida,0.0,ZERO_REQUIRES_REVIEW,REVIEW,zero preservado; provável ausência administrativa em parte dos registros,NONE
3500023033,SGB_HIDRO_MS_2024_POCOS,vazao_espe,0.0,ZERO_REQUIRES_REVIEW,REVIEW,zero preservado e não assumido como medição válida,NONE
3500023033,SGB_HIDRO_MS_2024_POCOS,Cond_Eletr,0.0,ZERO_REQUIRES_REVIEW,REVIEW,zero preservado e não assumido como medição válida,NONE
3500023034,SGB_HIDRO_MS_2024_POCOS,profundida,0.0,ZERO_REQUIRES_REVIEW,REVIEW,zero preservado; provável ausência administrativa em parte dos registros,NONE
3500023034,SGB_HIDRO_MS_2024_POCOS,Cond_Eletr,0.0,ZERO_REQUIRES_REVIEW,REVIEW,zero preservado e não assumido como medição válida,NONE
3500023035,SGB_HIDRO_MS_2024_POCOS,profundida,0.0,ZERO_REQUIRES_REVIEW,REVIEW,zero preservado; provável ausência administrativa em parte dos registros,NONE
3500023035,SGB_HIDRO_MS_2024_POCOS,Cond_Eletr,0.0,ZERO_REQUIRES_REVIEW,REVIEW,zero preservado e não assumido como medição válida,NONE
3500023036,SGB_HIDRO_MS_2024_POCOS,profundida,0.0,ZERO_REQUIRES_REVIEW,REVIEW,zero preservado; provável ausência administrativa em parte dos registros,NONE
3500023036,SGB_HIDRO_MS_2024_POCOS,Cond_Eletr,0.0,ZERO_REQUIRES_REVIEW,REVIEW,zero preservado e não assumido como medição válida,NONE
3500023037,SGB_HIDRO_MS_2024_POCOS,profundida,0.0,ZERO_REQUIRES_REVIEW,REVIEW,zero preservado; provável ausência administrativa em parte dos registros,NONE
3500023037,SGB_HIDRO_MS_2024_POCOS,Cond_Eletr,0.0,ZERO_REQUIRES_REVIEW,REVIEW,zero preservado e não assumido como medição válida,NONE
3500023038,SGB_HIDRO_MS_2024_POCOS,profundida,0.0,ZERO_REQUIRES_REVIEW,REVIEW,zero preservado; provável ausência administrativa em parte dos registros,NONE
3500023038,SGB_HIDRO_MS_2024_POCOS,Cond_Eletr,0.0,ZERO_REQUIRES_REVIEW,REVIEW,zero preservado e não assumido como medição válida,NONE
3500023039,SGB_HIDRO_MS_2024_POCOS,profundida,0.0,ZERO_REQUIRES_REVIEW,REVIEW,zero preservado; provável ausência administrativa em parte dos registros,NONE
3500023039,SGB_HIDRO_MS_2024_POCOS,Cond_Eletr,0.0,ZERO_REQUIRES_REVIEW,REVIEW,zero preservado e não assumido como medição válida,NONE
3500023040,SGB_HIDRO_MS_2024_POCOS,profundida,0.0,ZERO_REQUIRES_REVIEW,REVIEW,zero preservado; provável ausência administrativa em parte dos registros,NONE
3500023040,SGB_HIDRO_MS_2024_POCOS,Cond_Eletr,0.0,ZERO_REQUIRES_REVIEW,REVIEW,zero preservado e não assumido como medição válida,NONE
3500023041,SGB_HIDRO_MS_2024_POCOS,profundida,0.0,ZERO_REQUIRES_REVIEW,REVIEW,zero preservado; provável ausência administrativa em parte dos registros,NONE
3500023041,SGB_HIDRO_MS_2024_POCOS,Cond_Eletr,0.0,ZERO_REQUIRES_REVIEW,REVIEW,zero preservado e não assumido como medição válida,NONE
3500023042,SGB_HIDRO_MS_2024_POCOS,profundida,0.0,ZERO_REQUIRES_REVIEW,REVIEW,zero preservado; provável ausência administrativa em parte dos registros,NONE
3500023042,SGB_HIDRO_MS_2024_POCOS,Cond_Eletr,0.0,ZERO_REQUIRES_REVIEW,REVIEW,zero preservado e não assumido como medição válida,NONE
3500023043,SGB_HIDRO_MS_2024_POCOS,profundida,0.0,ZERO_REQUIRES_REVIEW,REVIEW,zero preservado; provável ausência administrativa em parte dos registros,NONE
3500023043,SGB_HIDRO_MS_2024_POCOS,Cond_Eletr,0.0,ZERO_REQUIRES_REVIEW,REVIEW,zero preservado e não assumido como medição válida,NONE
3500023044,SGB_HIDRO_MS_2024_POCOS,profundida,0.0,ZERO_REQUIRES_REVIEW,REVIEW,zero preservado; provável ausência administrativa em parte dos registros,NONE
3500023044,SGB_HIDRO_MS_2024_POCOS,Cond_Eletr,0.0,ZERO_REQUIRES_REVIEW,REVIEW,zero preservado e não assumido como medição válida,NONE
3500023045,SGB_HIDRO_MS_2024_POCOS,profundida,0.0,ZERO_REQUIRES_REVIEW,REVIEW,zero preservado; provável ausência administrativa em parte dos registros,NONE
3500023045,SGB_HIDRO_MS_2024_POCOS,Cond_Eletr,0.0,ZERO_REQUIRES_REVIEW,REVIEW,zero preservado e não assumido como medição válida,NONE
3500023046,SGB_HIDRO_MS_2024_POCOS,profundida,0.0,ZERO_REQUIRES_REVIEW,REVIEW,zero preservado; provável ausência administrativa em parte dos registros,NONE
3500023046,SGB_HIDRO_MS_2024_POCOS,Cond_Eletr,0.0,ZERO_REQUIRES_REVIEW,REVIEW,zero preservado e não assumido como medição válida,NONE
3500023047,SGB_HIDRO_MS_2024_POCOS,profundida,0.0,ZERO_REQUIRES_REVIEW,REVIEW,zero preservado; provável ausência administrativa em parte dos registros,NONE
3500023047,SGB_HIDRO_MS_2024_POCOS,vazao_espe,0.0,ZERO_REQUIRES_REVIEW,REVIEW,zero preservado e não assumido como medição válida,NONE
3500023047,SGB_HIDRO_MS_2024_POCOS,Cond_Eletr,0.0,ZERO_REQUIRES_REVIEW,REVIEW,zero preservado e não assumido como medição válida,NONE
3500023048,SGB_HIDRO_MS_2024_POCOS,profundida,0.0,ZERO_REQUIRES_REVIEW,REVIEW,zero preservado; provável ausência administrativa em parte dos registros,NONE
3500023049,SGB_HIDRO_MS_2024_POCOS,profundida,0.0,ZERO_REQUIRES_REVIEW,REVIEW,zero preservado; provável ausência administrativa em parte dos registros,NONE
3500023049,SGB_HIDRO_MS_2024_POCOS,Cond_Eletr,0.0,ZERO_REQUIRES_REVIEW,REVIEW,zero preservado e não assumido como medição válida,NONE
3500023050,SGB_HIDRO_MS_2024_POCOS,profundida,0.0,ZERO_REQUIRES_REVIEW,REVIEW,zero preservado; provável ausência administrativa em parte dos registros,NONE
3500023050,SGB_HIDRO_MS_2024_POCOS,Cond_Eletr,0.0,ZERO_REQUIRES_REVIEW,REVIEW,zero preservado e não assumido como medição válida,NONE
3500023051,SGB_HIDRO_MS_2024_POCOS,profundida,0.0,ZERO_REQUIRES_REVIEW,REVIEW,zero preservado; provável ausência administrativa em parte dos registros,NONE
3500023051,SGB_HIDRO_MS_2024_POCOS,Cond_Eletr,0.0,ZERO_REQUIRES_REVIEW,REVIEW,zero preservado e não assumido como medição válida,NONE
3500023052,SGB_HIDRO_MS_2024_POCOS,profundida,0.0,ZERO_REQUIRES_REVIEW,REVIEW,zero preservado; provável ausência administrativa em parte dos registros,NONE
3500023052,SGB_HIDRO_MS_2024_POCOS,Cond_Eletr,0.0,ZERO_REQUIRES_REVIEW,REVIEW,zero preservado e não assumido como medição válida,NONE
3500023053,SGB_HIDRO_MS_2024_POCOS,profundida,0.0,ZERO_REQUIRES_REVIEW,REVIEW,zero preservado; provável ausência administrativa em parte dos registros,NONE
3500023053,SGB_HIDRO_MS_2024_POCOS,vazao_espe,0.0,ZERO_REQUIRES_REVIEW,REVIEW,zero preservado e não assumido como medição válida,NONE
3500023053,SGB_HIDRO_MS_2024_POCOS,Cond_Eletr,0.0,ZERO_REQUIRES_REVIEW,REVIEW,zero preservado e não assumido como medição válida,NONE
3500023054,SGB_HIDRO_MS_2024_POCOS,profundida,0.0,ZERO_REQUIRES_REVIEW,REVIEW,zero preservado; provável ausência administrativa em parte dos registros,NONE
3500023054,SGB_HIDRO_MS_2024_POCOS,Cond_Eletr,0.0,ZERO_REQUIRES_REVIEW,REVIEW,zero preservado e não assumido como medição válida,NONE
3500023055,SGB_HIDRO_MS_2024_POCOS,profundida,0.0,ZERO_REQUIRES_REVIEW,REVIEW,zero preservado; provável ausência administrativa em parte dos registros,NONE
3500023055,SGB_HIDRO_MS_2024_POCOS,Cond_Eletr,0.0,ZERO_REQUIRES_REVIEW,REVIEW,zero preservado e não assumido como medição válida,NONE
3500023056,SGB_HIDRO_MS_2024_POCOS,profundida,0.0,ZERO_REQUIRES_REVIEW,REVIEW,zero preservado; provável ausência administrativa em parte dos registros,NONE
3500023056,SGB_HIDRO_MS_2024_POCOS,Cond_Eletr,0.0,ZERO_REQUIRES_REVIEW,REVIEW,zero preservado e não assumido como medição válida,NONE
3500023057,SGB_HIDRO_MS_2024_POCOS,profundida,0.0,ZERO_REQUIRES_REVIEW,REVIEW,zero preservado; provável ausência administrativa em parte dos registros,NONE
3500023057,SGB_HIDRO_MS_2024_POCOS,Cond_Eletr,0.0,ZERO_REQUIRES_REVIEW,REVIEW,zero preservado e não assumido como medição válida,NONE
3500023058,SGB_HIDRO_MS_2024_POCOS,profundida,0.0,ZERO_REQUIRES_REVIEW,REVIEW,zero preservado; provável ausência administrativa em parte dos registros,NONE
3500023058,SGB_HIDRO_MS_2024_POCOS,Cond_Eletr,0.0,ZERO_REQUIRES_REVIEW,REVIEW,zero preservado e não assumido como medição válida,NONE
3500023059,SGB_HIDRO_MS_2024_POCOS,profundida,0.0,ZERO_REQUIRES_REVIEW,REVIEW,zero preservado; provável ausência administrativa em parte dos registros,NONE
3500023059,SGB_HIDRO_MS_2024_POCOS,vazao_espe,0.0,ZERO_REQUIRES_REVIEW,REVIEW,zero preservado e não assumido como medição válida,NONE
3500023059,SGB_HIDRO_MS_2024_POCOS,Cond_Eletr,0.0,ZERO_REQUIRES_REVIEW,REVIEW,zero preservado e não assumido como medição válida,NONE
3500023060,SGB_HIDRO_MS_2024_POCOS,profundida,0.0,ZERO_REQUIRES_REVIEW,REVIEW,zero preservado; provável ausência administrativa em parte dos registros,NONE
3500023060,SGB_HIDRO_MS_2024_POCOS,vazao_espe,0.0,ZERO_REQUIRES_REVIEW,REVIEW,zero preservado e não assumido como medição válida,NONE
3500023060,SGB_HIDRO_MS_2024_POCOS,Cond_Eletr,0.0,ZERO_REQUIRES_REVIEW,REVIEW,zero preservado e não assumido como medição válida,NONE
3500023061,SGB_HIDRO_MS_2024_POCOS,profundida,0.0,ZERO_REQUIRES_REVIEW,REVIEW,zero preservado; provável ausência administrativa em parte dos registros,NONE
3500023061,SGB_HIDRO_MS_2024_POCOS,Cond_Eletr,0.0,ZERO_REQUIRES_REVIEW,REVIEW,zero preservado e não assumido como medição válida,NONE
3500023062,SGB_HIDRO_MS_2024_POCOS,profundida,0.0,ZERO_REQUIRES_REVIEW,REVIEW,zero preservado; provável ausência administrativa em parte dos registros,NONE
3500023062,SGB_HIDRO_MS_2024_POCOS,vazao_espe,0.0,ZERO_REQUIRES_REVIEW,REVIEW,zero preservado e não assumido como medição válida,NONE
3500023062,SGB_HIDRO_MS_2024_POCOS,Cond_Eletr,0.0,ZERO_REQUIRES_REVIEW,REVIEW,zero preservado e não assumido como medição válida,NONE
3500023063,SGB_HIDRO_MS_2024_POCOS,profundida,0.0,ZERO_REQUIRES_REVIEW,REVIEW,zero preservado; provável ausência administrativa em parte dos registros,NONE
3500023063,SGB_HIDRO_MS_2024_POCOS,Cond_Eletr,0.0,ZERO_REQUIRES_REVIEW,REVIEW,zero preservado e não assumido como medição válida,NONE
3500023064,SGB_HIDRO_MS_2024_POCOS,profundida,0.0,ZERO_REQUIRES_REVIEW,REVIEW,zero preservado; provável ausência administrativa em parte dos registros,NONE
3500023064,SGB_HIDRO_MS_2024_POCOS,Cond_Eletr,0.0,ZERO_REQUIRES_REVIEW,REVIEW,zero preservado e não assumido como medição válida,NONE
3500023065,SGB_HIDRO_MS_2024_POCOS,profundida,0.0,ZERO_REQUIRES_REVIEW,REVIEW,zero preservado; provável ausência administrativa em parte dos registros,NONE
3500023065,SGB_HIDRO_MS_2024_POCOS,Cond_Eletr,0.0,ZERO_REQUIRES_REVIEW,REVIEW,zero preservado e não assumido como medição válida,NONE
3500023066,SGB_HIDRO_MS_2024_POCOS,profundida,0.0,ZERO_REQUIRES_REVIEW,REVIEW,zero preservado; provável ausência administrativa em parte dos registros,NONE
3500023066,SGB_HIDRO_MS_2024_POCOS,Cond_Eletr,0.0,ZERO_REQUIRES_REVIEW,REVIEW,zero preservado e não assumido como medição válida,NONE
3500023067,SGB_HIDRO_MS_2024_POCOS,profundida,0.0,ZERO_REQUIRES_REVIEW,REVIEW,zero preservado; provável ausência administrativa em parte dos registros,NONE
3500023067,SGB_HIDRO_MS_2024_POCOS,vazao_espe,0.0,ZERO_REQUIRES_REVIEW,REVIEW,zero preservado e não assumido como medição válida,NONE
3500023067,SGB_HIDRO_MS_2024_POCOS,Cond_Eletr,0.0,ZERO_REQUIRES_REVIEW,REVIEW,zero preservado e não assumido como medição válida,NONE
3500023068,SGB_HIDRO_MS_2024_POCOS,profundida,0.0,ZERO_REQUIRES_REVIEW,REVIEW,zero preservado; provável ausência administrativa em parte dos registros,NONE
3500023069,SGB_HIDRO_MS_2024_POCOS,profundida,0.0,ZERO_REQUIRES_REVIEW,REVIEW,zero preservado; provável ausência administrativa em parte dos registros,NONE
3500023069,SGB_HIDRO_MS_2024_POCOS,Cond_Eletr,0.0,ZERO_REQUIRES_REVIEW,REVIEW,zero preservado e não assumido como medição válida,NONE
3500023070,SGB_HIDRO_MS_2024_POCOS,profundida,0.0,ZERO_REQUIRES_REVIEW,REVIEW,zero preservado; provável ausência administrativa em parte dos registros,NONE
3500023070,SGB_HIDRO_MS_2024_POCOS,Cond_Eletr,0.0,ZERO_REQUIRES_REVIEW,REVIEW,zero preservado e não assumido como medição válida,NONE
3500023071,SGB_HIDRO_MS_2024_POCOS,profundida,0.0,ZERO_REQUIRES_REVIEW,REVIEW,zero preservado; provável ausência administrativa em parte dos registros,NONE
3500023071,SGB_HIDRO_MS_2024_POCOS,Cond_Eletr,0.0,ZERO_REQUIRES_REVIEW,REVIEW,zero preservado e não assumido como medição válida,NONE
3500023072,SGB_HIDRO_MS_2024_POCOS,profundida,0.0,ZERO_REQUIRES_REVIEW,REVIEW,zero preservado; provável ausência administrativa em parte dos registros,NONE
3500023072,SGB_HIDRO_MS_2024_POCOS,Cond_Eletr,0.0,ZERO_REQUIRES_REVIEW,REVIEW,zero preservado e não assumido como medição válida,NONE
3500023073,SGB_HIDRO_MS_2024_POCOS,profundida,0.0,ZERO_REQUIRES_REVIEW,REVIEW,zero preservado; provável ausência administrativa em parte dos registros,NONE
3500023073,SGB_HIDRO_MS_2024_POCOS,Cond_Eletr,0.0,ZERO_REQUIRES_REVIEW,REVIEW,zero preservado e não assumido como medição válida,NONE
3500023074,SGB_HIDRO_MS_2024_POCOS,profundida,0.0,ZERO_REQUIRES_REVIEW,REVIEW,zero preservado; provável ausência administrativa em parte dos registros,NONE
3500023074,SGB_HIDRO_MS_2024_POCOS,Cond_Eletr,0.0,ZERO_REQUIRES_REVIEW,REVIEW,zero preservado e não assumido como medição válida,NONE
3500023075,SGB_HIDRO_MS_2024_POCOS,profundida,0.0,ZERO_REQUIRES_REVIEW,REVIEW,zero preservado; provável ausência administrativa em parte dos registros,NONE
3500023075,SGB_HIDRO_MS_2024_POCOS,Cond_Eletr,0.0,ZERO_REQUIRES_REVIEW,REVIEW,zero preservado e não assumido como medição válida,NONE
3500023076,SGB_HIDRO_MS_2024_POCOS,profundida,0.0,ZERO_REQUIRES_REVIEW,REVIEW,zero preservado; provável ausência administrativa em parte dos registros,NONE
3500023076,SGB_HIDRO_MS_2024_POCOS,Cond_Eletr,0.0,ZERO_REQUIRES_REVIEW,REVIEW,zero preservado e não assumido como medição válida,NONE
3500023077,SGB_HIDRO_MS_2024_POCOS,profundida,0.0,ZERO_REQUIRES_REVIEW,REVIEW,zero preservado; provável ausência administrativa em parte dos registros,NONE
3500023077,SGB_HIDRO_MS_2024_POCOS,Cond_Eletr,0.0,ZERO_REQUIRES_REVIEW,REVIEW,zero preservado e não assumido como medição válida,NONE
3500023078,SGB_HIDRO_MS_2024_POCOS,profundida,0.0,ZERO_REQUIRES_REVIEW,REVIEW,zero preservado; provável ausência administrativa em parte dos registros,NONE
3500023078,SGB_HIDRO_MS_2024_POCOS,Cond_Eletr,0.0,ZERO_REQUIRES_REVIEW,REVIEW,zero preservado e não assumido como medição válida,NONE
3500023079,SGB_HIDRO_MS_2024_POCOS,profundida,0.0,ZERO_REQUIRES_REVIEW,REVIEW,zero preservado; provável ausência administrativa em parte dos registros,NONE
3500023079,SGB_HIDRO_MS_2024_POCOS,Cond_Eletr,0.0,ZERO_REQUIRES_REVIEW,REVIEW,zero preservado e não assumido como medição válida,NONE
3500023080,SGB_HIDRO_MS_2024_POCOS,profundida,0.0,ZERO_REQUIRES_REVIEW,REVIEW,zero preservado; provável ausência administrativa em parte dos registros,NONE
3500023080,SGB_HIDRO_MS_2024_POCOS,Cond_Eletr,0.0,ZERO_REQUIRES_REVIEW,REVIEW,zero preservado e não assumido como medição válida,NONE
3500023081,SGB_HIDRO_MS_2024_POCOS,profundida,0.0,ZERO_REQUIRES_REVIEW,REVIEW,zero preservado; provável ausência administrativa em parte dos registros,NONE
3500023081,SGB_HIDRO_MS_2024_POCOS,Cond_Eletr,0.0,ZERO_REQUIRES_REVIEW,REVIEW,zero preservado e não assumido como medição válida,NONE
3500023082,SGB_HIDRO_MS_2024_POCOS,profundida,0.0,ZERO_REQUIRES_REVIEW,REVIEW,zero preservado; provável ausência administrativa em parte dos registros,NONE
3500023082,SGB_HIDRO_MS_2024_POCOS,Cond_Eletr,0.0,ZERO_REQUIRES_REVIEW,REVIEW,zero preservado e não assumido como medição válida,NONE
3500023083,SGB_HIDRO_MS_2024_POCOS,profundida,0.0,ZERO_REQUIRES_REVIEW,REVIEW,zero preservado; provável ausência administrativa em parte dos registros,NONE
3500023083,SGB_HIDRO_MS_2024_POCOS,Cond_Eletr,0.0,ZERO_REQUIRES_REVIEW,REVIEW,zero preservado e não assumido como medição válida,NONE
3500023084,SGB_HIDRO_MS_2024_POCOS,profundida,0.0,ZERO_REQUIRES_REVIEW,REVIEW,zero preservado; provável ausência administrativa em parte dos registros,NONE
3500023084,SGB_HIDRO_MS_2024_POCOS,Cond_Eletr,0.0,ZERO_REQUIRES_REVIEW,REVIEW,zero preservado e não assumido como medição válida,NONE
3500023085,SGB_HIDRO_MS_2024_POCOS,profundida,0.0,ZERO_REQUIRES_REVIEW,REVIEW,zero preservado; provável ausência administrativa em parte dos registros,NONE
3500023085,SGB_HIDRO_MS_2024_POCOS,Cond_Eletr,0.0,ZERO_REQUIRES_REVIEW,REVIEW,zero preservado e não assumido como medição válida,NONE
3500023086,SGB_HIDRO_MS_2024_POCOS,profundida,0.0,ZERO_REQUIRES_REVIEW,REVIEW,zero preservado; provável ausência administrativa em parte dos registros,NONE
3500023086,SGB_HIDRO_MS_2024_POCOS,Cond_Eletr,0.0,ZERO_REQUIRES_REVIEW,REVIEW,zero preservado e não assumido como medição válida,NONE
3500023087,SGB_HIDRO_MS_2024_POCOS,profundida,0.0,ZERO_REQUIRES_REVIEW,REVIEW,zero preservado; provável ausência administrativa em parte dos registros,NONE
3500023087,SGB_HIDRO_MS_2024_POCOS,Cond_Eletr,0.0,ZERO_REQUIRES_REVIEW,REVIEW,zero preservado e não assumido como medição válida,NONE
3500023088,SGB_HIDRO_MS_2024_POCOS,profundida,0.0,ZERO_REQUIRES_REVIEW,REVIEW,zero preservado; provável ausência administrativa em parte dos registros,NONE
3500023088,SGB_HIDRO_MS_2024_POCOS,vazao_espe,0.0,ZERO_REQUIRES_REVIEW,REVIEW,zero preservado e não assumido como medição válida,NONE
3500023088,SGB_HIDRO_MS_2024_POCOS,Cond_Eletr,0.0,ZERO_REQUIRES_REVIEW,REVIEW,zero preservado e não assumido como medição válida,NONE
3500023089,SGB_HIDRO_MS_2024_POCOS,profundida,0.0,ZERO_REQUIRES_REVIEW,REVIEW,zero preservado; provável ausência administrativa em parte dos registros,NONE
3500023089,SGB_HIDRO_MS_2024_POCOS,Cond_Eletr,0.0,ZERO_REQUIRES_REVIEW,REVIEW,zero preservado e não assumido como medição válida,NONE
3500023090,SGB_HIDRO_MS_2024_POCOS,profundida,0.0,ZERO_REQUIRES_REVIEW,REVIEW,zero preservado; provável ausência administrativa em parte dos registros,NONE
3500023090,SGB_HIDRO_MS_2024_POCOS,Cond_Eletr,0.0,ZERO_REQUIRES_REVIEW,REVIEW,zero preservado e não assumido como medição válida,NONE
3500023091,SGB_HIDRO_MS_2024_POCOS,profundida,0.0,ZERO_REQUIRES_REVIEW,REVIEW,zero preservado; provável ausência administrativa em parte dos registros,NONE
3500023091,SGB_HIDRO_MS_2024_POCOS,Cond_Eletr,0.0,ZERO_REQUIRES_REVIEW,REVIEW,zero preservado e não assumido como medição válida,NONE
3500023092,SGB_HIDRO_MS_2024_POCOS,profundida,0.0,ZERO_REQUIRES_REVIEW,REVIEW,zero preservado; provável ausência administrativa em parte dos registros,NONE
3500023092,SGB_HIDRO_MS_2024_POCOS,Cond_Eletr,0.0,ZERO_REQUIRES_REVIEW,REVIEW,zero preservado e não assumido como medição válida,NONE
3500023093,SGB_HIDRO_MS_2024_POCOS,profundida,0.0,ZERO_REQUIRES_REVIEW,REVIEW,zero preservado; provável ausência administrativa em parte dos registros,NONE
3500023093,SGB_HIDRO_MS_2024_POCOS,Cond_Eletr,0.0,ZERO_REQUIRES_REVIEW,REVIEW,zero preservado e não assumido como medição válida,NONE
3500023094,SGB_HIDRO_MS_2024_POCOS,profundida,0.0,ZERO_REQUIRES_REVIEW,REVIEW,zero preservado; provável ausência administrativa em parte dos registros,NONE
3500023094,SGB_HIDRO_MS_2024_POCOS,vazao_espe,0.0,ZERO_REQUIRES_REVIEW,REVIEW,zero preservado e não assumido como medição válida,NONE
3500023094,SGB_HIDRO_MS_2024_POCOS,Cond_Eletr,0.0,ZERO_REQUIRES_REVIEW,REVIEW,zero preservado e não assumido como medição válida,NONE
3500023095,SGB_HIDRO_MS_2024_POCOS,profundida,0.0,ZERO_REQUIRES_REVIEW,REVIEW,zero preservado; provável ausência administrativa em parte dos registros,NONE
3500023095,SGB_HIDRO_MS_2024_POCOS,Cond_Eletr,0.0,ZERO_REQUIRES_REVIEW,REVIEW,zero preservado e não assumido como medição válida,NONE
3500023096,SGB_HIDRO_MS_2024_POCOS,profundida,0.0,ZERO_REQUIRES_REVIEW,REVIEW,zero preservado; provável ausência administrativa em parte dos registros,NONE
3500023096,SGB_HIDRO_MS_2024_POCOS,Cond_Eletr,0.0,ZERO_REQUIRES_REVIEW,REVIEW,zero preservado e não assumido como medição válida,NONE
3500023097,SGB_HIDRO_MS_2024_POCOS,profundida,0.0,ZERO_REQUIRES_REVIEW,REVIEW,zero preservado; provável ausência administrativa em parte dos registros,NONE
3500023097,SGB_HIDRO_MS_2024_POCOS,Cond_Eletr,0.0,ZERO_REQUIRES_REVIEW,REVIEW,zero preservado e não assumido como medição válida,NONE
3500023098,SGB_HIDRO_MS_2024_POCOS,profundida,0.0,ZERO_REQUIRES_REVIEW,REVIEW,zero preservado; provável ausência administrativa em parte dos registros,NONE
3500023098,SGB_HIDRO_MS_2024_POCOS,Cond_Eletr,0.0,ZERO_REQUIRES_REVIEW,REVIEW,zero preservado e não assumido como medição válida,NONE
3500023099,SGB_HIDRO_MS_2024_POCOS,profundida,0.0,ZERO_REQUIRES_REVIEW,REVIEW,zero preservado; provável ausência administrativa em parte dos registros,NONE
3500023099,SGB_HIDRO_MS_2024_POCOS,vazao_espe,0.0,ZERO_REQUIRES_REVIEW,REVIEW,zero preservado e não assumido como medição válida,NONE
3500023099,SGB_HIDRO_MS_2024_POCOS,Cond_Eletr,0.0,ZERO_REQUIRES_REVIEW,REVIEW,zero preservado e não assumido como medição válida,NONE
3500023100,SGB_HIDRO_MS_2024_POCOS,profundida,0.0,ZERO_REQUIRES_REVIEW,REVIEW,zero preservado; provável ausência administrativa em parte dos registros,NONE
3500023100,SGB_HIDRO_MS_2024_POCOS,Cond_Eletr,0.0,ZERO_REQUIRES_REVIEW,REVIEW,zero preservado e não assumido como medição válida,NONE
3500023101,SGB_HIDRO_MS_2024_POCOS,profundida,0.0,ZERO_REQUIRES_REVIEW,REVIEW,zero preservado; provável ausência administrativa em parte dos registros,NONE
3500023101,SGB_HIDRO_MS_2024_POCOS,Cond_Eletr,0.0,ZERO_REQUIRES_REVIEW,REVIEW,zero preservado e não assumido como medição válida,NONE
3500023102,SGB_HIDRO_MS_2024_POCOS,profundida,0.0,ZERO_REQUIRES_REVIEW,REVIEW,zero preservado; provável ausência administrativa em parte dos registros,NONE
3500023102,SGB_HIDRO_MS_2024_POCOS,Cond_Eletr,0.0,ZERO_REQUIRES_REVIEW,REVIEW,zero preservado e não assumido como medição válida,NONE
3500023103,SGB_HIDRO_MS_2024_POCOS,profundida,0.0,ZERO_REQUIRES_REVIEW,REVIEW,zero preservado; provável ausência administrativa em parte dos registros,NONE
3500023103,SGB_HIDRO_MS_2024_POCOS,Cond_Eletr,0.0,ZERO_REQUIRES_REVIEW,REVIEW,zero preservado e não assumido como medição válida,NONE
3500023104,SGB_HIDRO_MS_2024_POCOS,profundida,0.0,ZERO_REQUIRES_REVIEW,REVIEW,zero preservado; provável ausência administrativa em parte dos registros,NONE
3500023104,SGB_HIDRO_MS_2024_POCOS,Cond_Eletr,0.0,ZERO_REQUIRES_REVIEW,REVIEW,zero preservado e não assumido como medição válida,NONE
3500023105,SGB_HIDRO_MS_2024_POCOS,profundida,0.0,ZERO_REQUIRES_REVIEW,REVIEW,zero preservado; provável ausência administrativa em parte dos registros,NONE
3500023105,SGB_HIDRO_MS_2024_POCOS,Cond_Eletr,0.0,ZERO_REQUIRES_REVIEW,REVIEW,zero preservado e não assumido como medição válida,NONE
3500023106,SGB_HIDRO_MS_2024_POCOS,profundida,0.0,ZERO_REQUIRES_REVIEW,REVIEW,zero preservado; provável ausência administrativa em parte dos registros,NONE
3500023106,SGB_HIDRO_MS_2024_POCOS,Cond_Eletr,0.0,ZERO_REQUIRES_REVIEW,REVIEW,zero preservado e não assumido como medição válida,NONE
3500023107,SGB_HIDRO_MS_2024_POCOS,profundida,0.0,ZERO_REQUIRES_REVIEW,REVIEW,zero preservado; provável ausência administrativa em parte dos registros,NONE
3500023107,SGB_HIDRO_MS_2024_POCOS,Cond_Eletr,0.0,ZERO_REQUIRES_REVIEW,REVIEW,zero preservado e não assumido como medição válida,NONE
3500023108,SGB_HIDRO_MS_2024_POCOS,profundida,0.0,ZERO_REQUIRES_REVIEW,REVIEW,zero preservado; provável ausência administrativa em parte dos registros,NONE
3500023108,SGB_HIDRO_MS_2024_POCOS,Cond_Eletr,0.0,ZERO_REQUIRES_REVIEW,REVIEW,zero preservado e não assumido como medição válida,NONE
3500023109,SGB_HIDRO_MS_2024_POCOS,profundida,0.0,ZERO_REQUIRES_REVIEW,REVIEW,zero preservado; provável ausência administrativa em parte dos registros,NONE
3500023109,SGB_HIDRO_MS_2024_POCOS,Cond_Eletr,0.0,ZERO_REQUIRES_REVIEW,REVIEW,zero preservado e não assumido como medição válida,NONE
3500023110,SGB_HIDRO_MS_2024_POCOS,profundida,0.0,ZERO_REQUIRES_REVIEW,REVIEW,zero preservado; provável ausência administrativa em parte dos registros,NONE
3500023110,SGB_HIDRO_MS_2024_POCOS,Cond_Eletr,0.0,ZERO_REQUIRES_REVIEW,REVIEW,zero preservado e não assumido como medição válida,NONE
3500023111,SGB_HIDRO_MS_2024_POCOS,profundida,0.0,ZERO_REQUIRES_REVIEW,REVIEW,zero preservado; provável ausência administrativa em parte dos registros,NONE
3500023111,SGB_HIDRO_MS_2024_POCOS,Cond_Eletr,0.0,ZERO_REQUIRES_REVIEW,REVIEW,zero preservado e não assumido como medição válida,NONE
3500023112,SGB_HIDRO_MS_2024_POCOS,profundida,0.0,ZERO_REQUIRES_REVIEW,REVIEW,zero preservado; provável ausência administrativa em parte dos registros,NONE
3500023112,SGB_HIDRO_MS_2024_POCOS,Cond_Eletr,0.0,ZERO_REQUIRES_REVIEW,REVIEW,zero preservado e não assumido como medição válida,NONE
3500023113,SGB_HIDRO_MS_2024_POCOS,profundida,0.0,ZERO_REQUIRES_REVIEW,REVIEW,zero preservado; provável ausência administrativa em parte dos registros,NONE
3500023113,SGB_HIDRO_MS_2024_POCOS,Cond_Eletr,0.0,ZERO_REQUIRES_REVIEW,REVIEW,zero preservado e não assumido como medição válida,NONE
3500023114,SGB_HIDRO_MS_2024_POCOS,profundida,0.0,ZERO_REQUIRES_REVIEW,REVIEW,zero preservado; provável ausência administrativa em parte dos registros,NONE
3500023114,SGB_HIDRO_MS_2024_POCOS,Cond_Eletr,0.0,ZERO_REQUIRES_REVIEW,REVIEW,zero preservado e não assumido como medição válida,NONE
3500023115,SGB_HIDRO_MS_2024_POCOS,profundida,0.0,ZERO_REQUIRES_REVIEW,REVIEW,zero preservado; provável ausência administrativa em parte dos registros,NONE
3500023115,SGB_HIDRO_MS_2024_POCOS,Cond_Eletr,0.0,ZERO_REQUIRES_REVIEW,REVIEW,zero preservado e não assumido como medição válida,NONE
3500023116,SGB_HIDRO_MS_2024_POCOS,profundida,0.0,ZERO_REQUIRES_REVIEW,REVIEW,zero preservado; provável ausência administrativa em parte dos registros,NONE
3500023116,SGB_HIDRO_MS_2024_POCOS,Cond_Eletr,0.0,ZERO_REQUIRES_REVIEW,REVIEW,zero preservado e não assumido como medição válida,NONE
3500023117,SGB_HIDRO_MS_2024_POCOS,profundida,0.0,ZERO_REQUIRES_REVIEW,REVIEW,zero preservado; provável ausência administrativa em parte dos registros,NONE
3500023117,SGB_HIDRO_MS_2024_POCOS,Cond_Eletr,0.0,ZERO_REQUIRES_REVIEW,REVIEW,zero preservado e não assumido como medição válida,NONE
3500023118,SGB_HIDRO_MS_2024_POCOS,profundida,0.0,ZERO_REQUIRES_REVIEW,REVIEW,zero preservado; provável ausência administrativa em parte dos registros,NONE
3500023118,SGB_HIDRO_MS_2024_POCOS,Cond_Eletr,0.0,ZERO_REQUIRES_REVIEW,REVIEW,zero preservado e não assumido como medição válida,NONE
3500023119,SGB_HIDRO_MS_2024_POCOS,profundida,0.0,ZERO_REQUIRES_REVIEW,REVIEW,zero preservado; provável ausência administrativa em parte dos registros,NONE
3500023119,SGB_HIDRO_MS_2024_POCOS,Cond_Eletr,0.0,ZERO_REQUIRES_REVIEW,REVIEW,zero preservado e não assumido como medição válida,NONE
3500023120,SGB_HIDRO_MS_2024_POCOS,profundida,0.0,ZERO_REQUIRES_REVIEW,REVIEW,zero preservado; provável ausência administrativa em parte dos registros,NONE
3500023120,SGB_HIDRO_MS_2024_POCOS,Cond_Eletr,0.0,ZERO_REQUIRES_REVIEW,REVIEW,zero preservado e não assumido como medição válida,NONE
3500023121,SGB_HIDRO_MS_2024_POCOS,profundida,0.0,ZERO_REQUIRES_REVIEW,REVIEW,zero preservado; provável ausência administrativa em parte dos registros,NONE
3500023121,SGB_HIDRO_MS_2024_POCOS,Cond_Eletr,0.0,ZERO_REQUIRES_REVIEW,REVIEW,zero preservado e não assumido como medição válida,NONE
3500023122,SGB_HIDRO_MS_2024_POCOS,profundida,0.0,ZERO_REQUIRES_REVIEW,REVIEW,zero preservado; provável ausência administrativa em parte dos registros,NONE
3500023122,SGB_HIDRO_MS_2024_POCOS,Cond_Eletr,0.0,ZERO_REQUIRES_REVIEW,REVIEW,zero preservado e não assumido como medição válida,NONE
3500023123,SGB_HIDRO_MS_2024_POCOS,profundida,0.0,ZERO_REQUIRES_REVIEW,REVIEW,zero preservado; provável ausência administrativa em parte dos registros,NONE
3500023123,SGB_HIDRO_MS_2024_POCOS,Cond_Eletr,0.0,ZERO_REQUIRES_REVIEW,REVIEW,zero preservado e não assumido como medição válida,NONE
3500023124,SGB_HIDRO_MS_2024_POCOS,profundida,0.0,ZERO_REQUIRES_REVIEW,REVIEW,zero preservado; provável ausência administrativa em parte dos registros,NONE
3500023125,SGB_HIDRO_MS_2024_POCOS,profundida,0.0,ZERO_REQUIRES_REVIEW,REVIEW,zero preservado; provável ausência administrativa em parte dos registros,NONE
3500023125,SGB_HIDRO_MS_2024_POCOS,Cond_Eletr,0.0,ZERO_REQUIRES_REVIEW,REVIEW,zero preservado e não assumido como medição válida,NONE
3500023126,SGB_HIDRO_MS_2024_POCOS,profundida,0.0,ZERO_REQUIRES_REVIEW,REVIEW,zero preservado; provável ausência administrativa em parte dos registros,NONE
3500023126,SGB_HIDRO_MS_2024_POCOS,Cond_Eletr,0.0,ZERO_REQUIRES_REVIEW,REVIEW,zero preservado e não assumido como medição válida,NONE
3500023127,SGB_HIDRO_MS_2024_POCOS,profundida,0.0,ZERO_REQUIRES_REVIEW,REVIEW,zero preservado; provável ausência administrativa em parte dos registros,NONE
3500023127,SGB_HIDRO_MS_2024_POCOS,Cond_Eletr,0.0,ZERO_REQUIRES_REVIEW,REVIEW,zero preservado e não assumido como medição válida,NONE
3500023128,SGB_HIDRO_MS_2024_POCOS,profundida,0.0,ZERO_REQUIRES_REVIEW,REVIEW,zero preservado; provável ausência administrativa em parte dos registros,NONE
3500023128,SGB_HIDRO_MS_2024_POCOS,Cond_Eletr,0.0,ZERO_REQUIRES_REVIEW,REVIEW,zero preservado e não assumido como medição válida,NONE
3500023129,SGB_HIDRO_MS_2024_POCOS,profundida,0.0,ZERO_REQUIRES_REVIEW,REVIEW,zero preservado; provável ausência administrativa em parte dos registros,NONE
3500023129,SGB_HIDRO_MS_2024_POCOS,Cond_Eletr,0.0,ZERO_REQUIRES_REVIEW,REVIEW,zero preservado e não assumido como medição válida,NONE
3500023130,SGB_HIDRO_MS_2024_POCOS,profundida,0.0,ZERO_REQUIRES_REVIEW,REVIEW,zero preservado; provável ausência administrativa em parte dos registros,NONE
3500023130,SGB_HIDRO_MS_2024_POCOS,Cond_Eletr,0.0,ZERO_REQUIRES_REVIEW,REVIEW,zero preservado e não assumido como medição válida,NONE
3500023131,SGB_HIDRO_MS_2024_POCOS,profundida,0.0,ZERO_REQUIRES_REVIEW,REVIEW,zero preservado; provável ausência administrativa em parte dos registros,NONE
3500023131,SGB_HIDRO_MS_2024_POCOS,vazao_espe,0.0,ZERO_REQUIRES_REVIEW,REVIEW,zero preservado e não assumido como medição válida,NONE
3500023131,SGB_HIDRO_MS_2024_POCOS,Cond_Eletr,0.0,ZERO_REQUIRES_REVIEW,REVIEW,zero preservado e não assumido como medição válida,NONE
3500023132,SGB_HIDRO_MS_2024_POCOS,profundida,0.0,ZERO_REQUIRES_REVIEW,REVIEW,zero preservado; provável ausência administrativa em parte dos registros,NONE
3500023132,SGB_HIDRO_MS_2024_POCOS,vazao_espe,0.0,ZERO_REQUIRES_REVIEW,REVIEW,zero preservado e não assumido como medição válida,NONE
3500023132,SGB_HIDRO_MS_2024_POCOS,Cond_Eletr,0.0,ZERO_REQUIRES_REVIEW,REVIEW,zero preservado e não assumido como medição válida,NONE
3500023133,SGB_HIDRO_MS_2024_POCOS,profundida,0.0,ZERO_REQUIRES_REVIEW,REVIEW,zero preservado; provável ausência administrativa em parte dos registros,NONE
3500023133,SGB_HIDRO_MS_2024_POCOS,vazao_espe,0.0,ZERO_REQUIRES_REVIEW,REVIEW,zero preservado e não assumido como medição válida,NONE
3500023133,SGB_HIDRO_MS_2024_POCOS,Cond_Eletr,0.0,ZERO_REQUIRES_REVIEW,REVIEW,zero preservado e não assumido como medição válida,NONE
3500023134,SGB_HIDRO_MS_2024_POCOS,profundida,0.0,ZERO_REQUIRES_REVIEW,REVIEW,zero preservado; provável ausência administrativa em parte dos registros,NONE
3500023134,SGB_HIDRO_MS_2024_POCOS,vazao_espe,0.0,ZERO_REQUIRES_REVIEW,REVIEW,zero preservado e não assumido como medição válida,NONE
3500023134,SGB_HIDRO_MS_2024_POCOS,Cond_Eletr,0.0,ZERO_REQUIRES_REVIEW,REVIEW,zero preservado e não assumido como medição válida,NONE
3500023135,SGB_HIDRO_MS_2024_POCOS,profundida,0.0,ZERO_REQUIRES_REVIEW,REVIEW,zero preservado; provável ausência administrativa em parte dos registros,NONE
3500023135,SGB_HIDRO_MS_2024_POCOS,vazao_espe,0.0,ZERO_REQUIRES_REVIEW,REVIEW,zero preservado e não assumido como medição válida,NONE
3500023135,SGB_HIDRO_MS_2024_POCOS,Cond_Eletr,0.0,ZERO_REQUIRES_REVIEW,REVIEW,zero preservado e não assumido como medição válida,NONE
3500023136,SGB_HIDRO_MS_2024_POCOS,profundida,0.0,ZERO_REQUIRES_REVIEW,REVIEW,zero preservado; provável ausência administrativa em parte dos registros,NONE
3500023136,SGB_HIDRO_MS_2024_POCOS,Cond_Eletr,0.0,ZERO_REQUIRES_REVIEW,REVIEW,zero preservado e não assumido como medição válida,NONE
3500023137,SGB_HIDRO_MS_2024_POCOS,profundida,0.0,ZERO_REQUIRES_REVIEW,REVIEW,zero preservado; provável ausência administrativa em parte dos registros,NONE
3500023137,SGB_HIDRO_MS_2024_POCOS,Cond_Eletr,0.0,ZERO_REQUIRES_REVIEW,REVIEW,zero preservado e não assumido como medição válida,NONE
3500023138,SGB_HIDRO_MS_2024_POCOS,profundida,0.0,ZERO_REQUIRES_REVIEW,REVIEW,zero preservado; provável ausência administrativa em parte dos registros,NONE
3500023138,SGB_HIDRO_MS_2024_POCOS,Cond_Eletr,0.0,ZERO_REQUIRES_REVIEW,REVIEW,zero preservado e não assumido como medição válida,NONE
3500023139,SGB_HIDRO_MS_2024_POCOS,profundida,0.0,ZERO_REQUIRES_REVIEW,REVIEW,zero preservado; provável ausência administrativa em parte dos registros,NONE
3500023139,SGB_HIDRO_MS_2024_POCOS,Cond_Eletr,0.0,ZERO_REQUIRES_REVIEW,REVIEW,zero preservado e não assumido como medição válida,NONE
3500023140,SGB_HIDRO_MS_2024_POCOS,profundida,0.0,ZERO_REQUIRES_REVIEW,REVIEW,zero preservado; provável ausência administrativa em parte dos registros,NONE
3500023140,SGB_HIDRO_MS_2024_POCOS,profundi_1,0.0,ZERO_REQUIRES_REVIEW,REVIEW,zero preservado; provável ausência administrativa em parte dos registros,NONE
3500023140,SGB_HIDRO_MS_2024_POCOS,vazao_espe,0.0,ZERO_REQUIRES_REVIEW,REVIEW,zero preservado e não assumido como medição válida,NONE
3500023140,SGB_HIDRO_MS_2024_POCOS,Cond_Eletr,0.0,ZERO_REQUIRES_REVIEW,REVIEW,zero preservado e não assumido como medição válida,NONE
3500023141,SGB_HIDRO_MS_2024_POCOS,profundida,0.0,ZERO_REQUIRES_REVIEW,REVIEW,zero preservado; provável ausência administrativa em parte dos registros,NONE
3500023141,SGB_HIDRO_MS_2024_POCOS,Cond_Eletr,0.0,ZERO_REQUIRES_REVIEW,REVIEW,zero preservado e não assumido como medição válida,NONE
3500023142,SGB_HIDRO_MS_2024_POCOS,profundida,0.0,ZERO_REQUIRES_REVIEW,REVIEW,zero preservado; provável ausência administrativa em parte dos registros,NONE
3500023143,SGB_HIDRO_MS_2024_POCOS,profundida,0.0,ZERO_REQUIRES_REVIEW,REVIEW,zero preservado; provável ausência administrativa em parte dos registros,NONE
3500023143,SGB_HIDRO_MS_2024_POCOS,Cond_Eletr,0.0,ZERO_REQUIRES_REVIEW,REVIEW,zero preservado e não assumido como medição válida,NONE
3500023144,SGB_HIDRO_MS_2024_POCOS,profundida,0.0,ZERO_REQUIRES_REVIEW,REVIEW,zero preservado; provável ausência administrativa em parte dos registros,NONE
3500023144,SGB_HIDRO_MS_2024_POCOS,vazao_espe,0.0,ZERO_REQUIRES_REVIEW,REVIEW,zero preservado e não assumido como medição válida,NONE
3500023144,SGB_HIDRO_MS_2024_POCOS,Cond_Eletr,0.0,ZERO_REQUIRES_REVIEW,REVIEW,zero preservado e não assumido como medição válida,NONE
3500023145,SGB_HIDRO_MS_2024_POCOS,profundida,0.0,ZERO_REQUIRES_REVIEW,REVIEW,zero preservado; provável ausência administrativa em parte dos registros,NONE
3500023145,SGB_HIDRO_MS_2024_POCOS,vazao_espe,0.0,ZERO_REQUIRES_REVIEW,REVIEW,zero preservado e não assumido como medição válida,NONE
3500023145,SGB_HIDRO_MS_2024_POCOS,Cond_Eletr,0.0,ZERO_REQUIRES_REVIEW,REVIEW,zero preservado e não assumido como medição válida,NONE
3500023146,SGB_HIDRO_MS_2024_POCOS,profundida,0.0,ZERO_REQUIRES_REVIEW,REVIEW,zero preservado; provável ausência administrativa em parte dos registros,NONE
3500023146,SGB_HIDRO_MS_2024_POCOS,Cond_Eletr,0.0,ZERO_REQUIRES_REVIEW,REVIEW,zero preservado e não assumido como medição válida,NONE
3500023147,SGB_HIDRO_MS_2024_POCOS,profundida,0.0,ZERO_REQUIRES_REVIEW,REVIEW,zero preservado; provável ausência administrativa em parte dos registros,NONE
3500023147,SGB_HIDRO_MS_2024_POCOS,vazao_espe,0.0,ZERO_REQUIRES_REVIEW,REVIEW,zero preservado e não assumido como medição válida,NONE
3500023147,SGB_HIDRO_MS_2024_POCOS,Cond_Eletr,0.0,ZERO_REQUIRES_REVIEW,REVIEW,zero preservado e não assumido como medição válida,NONE
3500023148,SGB_HIDRO_MS_2024_POCOS,profundida,0.0,ZERO_REQUIRES_REVIEW,REVIEW,zero preservado; provável ausência administrativa em parte dos registros,NONE
3500023148,SGB_HIDRO_MS_2024_POCOS,vazao_espe,0.0,ZERO_REQUIRES_REVIEW,REVIEW,zero preservado e não assumido como medição válida,NONE
3500023148,SGB_HIDRO_MS_2024_POCOS,Cond_Eletr,0.0,ZERO_REQUIRES_REVIEW,REVIEW,zero preservado e não assumido como medição válida,NONE
3500023149,SGB_HIDRO_MS_2024_POCOS,profundida,0.0,ZERO_REQUIRES_REVIEW,REVIEW,zero preservado; provável ausência administrativa em parte dos registros,NONE
3500023149,SGB_HIDRO_MS_2024_POCOS,Cond_Eletr,0.0,ZERO_REQUIRES_REVIEW,REVIEW,zero preservado e não assumido como medição válida,NONE
3500023150,SGB_HIDRO_MS_2024_POCOS,profundida,0.0,ZERO_REQUIRES_REVIEW,REVIEW,zero preservado; provável ausência administrativa em parte dos registros,NONE
3500023150,SGB_HIDRO_MS_2024_POCOS,Cond_Eletr,0.0,ZERO_REQUIRES_REVIEW,REVIEW,zero preservado e não assumido como medição válida,NONE
3500023151,SGB_HIDRO_MS_2024_POCOS,profundida,0.0,ZERO_REQUIRES_REVIEW,REVIEW,zero preservado; provável ausência administrativa em parte dos registros,NONE
3500023151,SGB_HIDRO_MS_2024_POCOS,Cond_Eletr,0.0,ZERO_REQUIRES_REVIEW,REVIEW,zero preservado e não assumido como medição válida,NONE
3500023152,SGB_HIDRO_MS_2024_POCOS,profundida,0.0,ZERO_REQUIRES_REVIEW,REVIEW,zero preservado; provável ausência administrativa em parte dos registros,NONE
3500023152,SGB_HIDRO_MS_2024_POCOS,Cond_Eletr,0.0,ZERO_REQUIRES_REVIEW,REVIEW,zero preservado e não assumido como medição válida,NONE
3500023153,SGB_HIDRO_MS_2024_POCOS,profundida,0.0,ZERO_REQUIRES_REVIEW,REVIEW,zero preservado; provável ausência administrativa em parte dos registros,NONE
3500023153,SGB_HIDRO_MS_2024_POCOS,Cond_Eletr,0.0,ZERO_REQUIRES_REVIEW,REVIEW,zero preservado e não assumido como medição válida,NONE
3500023154,SGB_HIDRO_MS_2024_POCOS,profundida,0.0,ZERO_REQUIRES_REVIEW,REVIEW,zero preservado; provável ausência administrativa em parte dos registros,NONE
3500023154,SGB_HIDRO_MS_2024_POCOS,Cond_Eletr,0.0,ZERO_REQUIRES_REVIEW,REVIEW,zero preservado e não assumido como medição válida,NONE
3500023155,SGB_HIDRO_MS_2024_POCOS,profundida,0.0,ZERO_REQUIRES_REVIEW,REVIEW,zero preservado; provável ausência administrativa em parte dos registros,NONE
3500023155,SGB_HIDRO_MS_2024_POCOS,Cond_Eletr,0.0,ZERO_REQUIRES_REVIEW,REVIEW,zero preservado e não assumido como medição válida,NONE
3500023156,SGB_HIDRO_MS_2024_POCOS,profundida,0.0,ZERO_REQUIRES_REVIEW,REVIEW,zero preservado; provável ausência administrativa em parte dos registros,NONE
3500023156,SGB_HIDRO_MS_2024_POCOS,Cond_Eletr,0.0,ZERO_REQUIRES_REVIEW,REVIEW,zero preservado e não assumido como medição válida,NONE
3500023157,SGB_HIDRO_MS_2024_POCOS,profundida,0.0,ZERO_REQUIRES_REVIEW,REVIEW,zero preservado; provável ausência administrativa em parte dos registros,NONE
3500023157,SGB_HIDRO_MS_2024_POCOS,Cond_Eletr,0.0,ZERO_REQUIRES_REVIEW,REVIEW,zero preservado e não assumido como medição válida,NONE
3500023158,SGB_HIDRO_MS_2024_POCOS,profundida,0.0,ZERO_REQUIRES_REVIEW,REVIEW,zero preservado; provável ausência administrativa em parte dos registros,NONE
3500023158,SGB_HIDRO_MS_2024_POCOS,Cond_Eletr,0.0,ZERO_REQUIRES_REVIEW,REVIEW,zero preservado e não assumido como medição válida,NONE
3500023159,SGB_HIDRO_MS_2024_POCOS,profundida,0.0,ZERO_REQUIRES_REVIEW,REVIEW,zero preservado; provável ausência administrativa em parte dos registros,NONE
3500023159,SGB_HIDRO_MS_2024_POCOS,Cond_Eletr,0.0,ZERO_REQUIRES_REVIEW,REVIEW,zero preservado e não assumido como medição válida,NONE
3500023160,SGB_HIDRO_MS_2024_POCOS,profundida,0.0,ZERO_REQUIRES_REVIEW,REVIEW,zero preservado; provável ausência administrativa em parte dos registros,NONE
3500023160,SGB_HIDRO_MS_2024_POCOS,Cond_Eletr,0.0,ZERO_REQUIRES_REVIEW,REVIEW,zero preservado e não assumido como medição válida,NONE
3500023161,SGB_HIDRO_MS_2024_POCOS,profundida,0.0,ZERO_REQUIRES_REVIEW,REVIEW,zero preservado; provável ausência administrativa em parte dos registros,NONE
3500023161,SGB_HIDRO_MS_2024_POCOS,Cond_Eletr,0.0,ZERO_REQUIRES_REVIEW,REVIEW,zero preservado e não assumido como medição válida,NONE
3500023162,SGB_HIDRO_MS_2024_POCOS,profundida,0.0,ZERO_REQUIRES_REVIEW,REVIEW,zero preservado; provável ausência administrativa em parte dos registros,NONE
3500023162,SGB_HIDRO_MS_2024_POCOS,Cond_Eletr,0.0,ZERO_REQUIRES_REVIEW,REVIEW,zero preservado e não assumido como medição válida,NONE
3500023163,SGB_HIDRO_MS_2024_POCOS,profundida,0.0,ZERO_REQUIRES_REVIEW,REVIEW,zero preservado; provável ausência administrativa em parte dos registros,NONE
3500023163,SGB_HIDRO_MS_2024_POCOS,Cond_Eletr,0.0,ZERO_REQUIRES_REVIEW,REVIEW,zero preservado e não assumido como medição válida,NONE
3500023164,SGB_HIDRO_MS_2024_POCOS,profundida,0.0,ZERO_REQUIRES_REVIEW,REVIEW,zero preservado; provável ausência administrativa em parte dos registros,NONE
3500023164,SGB_HIDRO_MS_2024_POCOS,Cond_Eletr,0.0,ZERO_REQUIRES_REVIEW,REVIEW,zero preservado e não assumido como medição válida,NONE
3500023165,SGB_HIDRO_MS_2024_POCOS,profundida,0.0,ZERO_REQUIRES_REVIEW,REVIEW,zero preservado; provável ausência administrativa em parte dos registros,NONE
3500023165,SGB_HIDRO_MS_2024_POCOS,vazao_espe,0.0,ZERO_REQUIRES_REVIEW,REVIEW,zero preservado e não assumido como medição válida,NONE
3500023165,SGB_HIDRO_MS_2024_POCOS,Cond_Eletr,0.0,ZERO_REQUIRES_REVIEW,REVIEW,zero preservado e não assumido como medição válida,NONE
3500023166,SGB_HIDRO_MS_2024_POCOS,profundida,0.0,ZERO_REQUIRES_REVIEW,REVIEW,zero preservado; provável ausência administrativa em parte dos registros,NONE
3500023166,SGB_HIDRO_MS_2024_POCOS,Cond_Eletr,0.0,ZERO_REQUIRES_REVIEW,REVIEW,zero preservado e não assumido como medição válida,NONE
3500023167,SGB_HIDRO_MS_2024_POCOS,profundida,0.0,ZERO_REQUIRES_REVIEW,REVIEW,zero preservado; provável ausência administrativa em parte dos registros,NONE
3500023167,SGB_HIDRO_MS_2024_POCOS,vazao_espe,0.0,ZERO_REQUIRES_REVIEW,REVIEW,zero preservado e não assumido como medição válida,NONE
3500023167,SGB_HIDRO_MS_2024_POCOS,Cond_Eletr,0.0,ZERO_REQUIRES_REVIEW,REVIEW,zero preservado e não assumido como medição válida,NONE
3500023168,SGB_HIDRO_MS_2024_POCOS,profundida,0.0,ZERO_REQUIRES_REVIEW,REVIEW,zero preservado; provável ausência administrativa em parte dos registros,NONE
3500023168,SGB_HIDRO_MS_2024_POCOS,Cond_Eletr,0.0,ZERO_REQUIRES_REVIEW,REVIEW,zero preservado e não assumido como medição válida,NONE
3500023169,SGB_HIDRO_MS_2024_POCOS,profundida,0.0,ZERO_REQUIRES_REVIEW,REVIEW,zero preservado; provável ausência administrativa em parte dos registros,NONE
3500023169,SGB_HIDRO_MS_2024_POCOS,Cond_Eletr,0.0,ZERO_REQUIRES_REVIEW,REVIEW,zero preservado e não assumido como medição válida,NONE
3500023170,SGB_HIDRO_MS_2024_POCOS,profundida,0.0,ZERO_REQUIRES_REVIEW,REVIEW,zero preservado; provável ausência administrativa em parte dos registros,NONE
3500023170,SGB_HIDRO_MS_2024_POCOS,Cond_Eletr,0.0,ZERO_REQUIRES_REVIEW,REVIEW,zero preservado e não assumido como medição válida,NONE
3500023171,SGB_HIDRO_MS_2024_POCOS,profundida,0.0,ZERO_REQUIRES_REVIEW,REVIEW,zero preservado; provável ausência administrativa em parte dos registros,NONE
3500023171,SGB_HIDRO_MS_2024_POCOS,Cond_Eletr,0.0,ZERO_REQUIRES_REVIEW,REVIEW,zero preservado e não assumido como medição válida,NONE
3500023172,SGB_HIDRO_MS_2024_POCOS,profundida,0.0,ZERO_REQUIRES_REVIEW,REVIEW,zero preservado; provável ausência administrativa em parte dos registros,NONE
3500023172,SGB_HIDRO_MS_2024_POCOS,Cond_Eletr,0.0,ZERO_REQUIRES_REVIEW,REVIEW,zero preservado e não assumido como medição válida,NONE
3500023173,SGB_HIDRO_MS_2024_POCOS,profundida,0.0,ZERO_REQUIRES_REVIEW,REVIEW,zero preservado; provável ausência administrativa em parte dos registros,NONE
3500023173,SGB_HIDRO_MS_2024_POCOS,Cond_Eletr,0.0,ZERO_REQUIRES_REVIEW,REVIEW,zero preservado e não assumido como medição válida,NONE
3500023174,SGB_HIDRO_MS_2024_POCOS,profundida,0.0,ZERO_REQUIRES_REVIEW,REVIEW,zero preservado; provável ausência administrativa em parte dos registros,NONE
3500023174,SGB_HIDRO_MS_2024_POCOS,Cond_Eletr,0.0,ZERO_REQUIRES_REVIEW,REVIEW,zero preservado e não assumido como medição válida,NONE
3500023175,SGB_HIDRO_MS_2024_POCOS,profundida,0.0,ZERO_REQUIRES_REVIEW,REVIEW,zero preservado; provável ausência administrativa em parte dos registros,NONE
3500023175,SGB_HIDRO_MS_2024_POCOS,Cond_Eletr,0.0,ZERO_REQUIRES_REVIEW,REVIEW,zero preservado e não assumido como medição válida,NONE
3500023176,SGB_HIDRO_MS_2024_POCOS,profundida,0.0,ZERO_REQUIRES_REVIEW,REVIEW,zero preservado; provável ausência administrativa em parte dos registros,NONE
3500023176,SGB_HIDRO_MS_2024_POCOS,Cond_Eletr,0.0,ZERO_REQUIRES_REVIEW,REVIEW,zero preservado e não assumido como medição válida,NONE
3500023177,SGB_HIDRO_MS_2024_POCOS,profundida,0.0,ZERO_REQUIRES_REVIEW,REVIEW,zero preservado; provável ausência administrativa em parte dos registros,NONE
3500023177,SGB_HIDRO_MS_2024_POCOS,Cond_Eletr,0.0,ZERO_REQUIRES_REVIEW,REVIEW,zero preservado e não assumido como medição válida,NONE
3500023178,SGB_HIDRO_MS_2024_POCOS,profundida,0.0,ZERO_REQUIRES_REVIEW,REVIEW,zero preservado; provável ausência administrativa em parte dos registros,NONE
3500023178,SGB_HIDRO_MS_2024_POCOS,Cond_Eletr,0.0,ZERO_REQUIRES_REVIEW,REVIEW,zero preservado e não assumido como medição válida,NONE
3500023179,SGB_HIDRO_MS_2024_POCOS,profundida,0.0,ZERO_REQUIRES_REVIEW,REVIEW,zero preservado; provável ausência administrativa em parte dos registros,NONE
3500023179,SGB_HIDRO_MS_2024_POCOS,vazao_espe,0.0,ZERO_REQUIRES_REVIEW,REVIEW,zero preservado e não assumido como medição válida,NONE
3500023179,SGB_HIDRO_MS_2024_POCOS,Cond_Eletr,0.0,ZERO_REQUIRES_REVIEW,REVIEW,zero preservado e não assumido como medição válida,NONE
3500023180,SGB_HIDRO_MS_2024_POCOS,profundida,0.0,ZERO_REQUIRES_REVIEW,REVIEW,zero preservado; provável ausência administrativa em parte dos registros,NONE
3500023180,SGB_HIDRO_MS_2024_POCOS,Cond_Eletr,0.0,ZERO_REQUIRES_REVIEW,REVIEW,zero preservado e não assumido como medição válida,NONE
3500023181,SGB_HIDRO_MS_2024_POCOS,profundida,0.0,ZERO_REQUIRES_REVIEW,REVIEW,zero preservado; provável ausência administrativa em parte dos registros,NONE
3500023181,SGB_HIDRO_MS_2024_POCOS,Cond_Eletr,0.0,ZERO_REQUIRES_REVIEW,REVIEW,zero preservado e não assumido como medição válida,NONE
3500023182,SGB_HIDRO_MS_2024_POCOS,profundida,0.0,ZERO_REQUIRES_REVIEW,REVIEW,zero preservado; provável ausência administrativa em parte dos registros,NONE
3500023182,SGB_HIDRO_MS_2024_POCOS,Cond_Eletr,0.0,ZERO_REQUIRES_REVIEW,REVIEW,zero preservado e não assumido como medição válida,NONE
3500023183,SGB_HIDRO_MS_2024_POCOS,profundida,0.0,ZERO_REQUIRES_REVIEW,REVIEW,zero preservado; provável ausência administrativa em parte dos registros,NONE
3500023183,SGB_HIDRO_MS_2024_POCOS,Cond_Eletr,0.0,ZERO_REQUIRES_REVIEW,REVIEW,zero preservado e não assumido como medição válida,NONE
3500023184,SGB_HIDRO_MS_2024_POCOS,profundida,0.0,ZERO_REQUIRES_REVIEW,REVIEW,zero preservado; provável ausência administrativa em parte dos registros,NONE
3500023184,SGB_HIDRO_MS_2024_POCOS,Cond_Eletr,0.0,ZERO_REQUIRES_REVIEW,REVIEW,zero preservado e não assumido como medição válida,NONE
3500023185,SGB_HIDRO_MS_2024_POCOS,profundida,0.0,ZERO_REQUIRES_REVIEW,REVIEW,zero preservado; provável ausência administrativa em parte dos registros,NONE
3500023185,SGB_HIDRO_MS_2024_POCOS,vazao_espe,0.0,ZERO_REQUIRES_REVIEW,REVIEW,zero preservado e não assumido como medição válida,NONE
3500023185,SGB_HIDRO_MS_2024_POCOS,Cond_Eletr,0.0,ZERO_REQUIRES_REVIEW,REVIEW,zero preservado e não assumido como medição válida,NONE
3500023186,SGB_HIDRO_MS_2024_POCOS,profundida,0.0,ZERO_REQUIRES_REVIEW,REVIEW,zero preservado; provável ausência administrativa em parte dos registros,NONE
3500023186,SGB_HIDRO_MS_2024_POCOS,vazao_espe,0.0,ZERO_REQUIRES_REVIEW,REVIEW,zero preservado e não assumido como medição válida,NONE
3500023186,SGB_HIDRO_MS_2024_POCOS,Cond_Eletr,0.0,ZERO_REQUIRES_REVIEW,REVIEW,zero preservado e não assumido como medição válida,NONE
3500023187,SGB_HIDRO_MS_2024_POCOS,profundida,0.0,ZERO_REQUIRES_REVIEW,REVIEW,zero preservado; provável ausência administrativa em parte dos registros,NONE
3500023187,SGB_HIDRO_MS_2024_POCOS,Cond_Eletr,0.0,ZERO_REQUIRES_REVIEW,REVIEW,zero preservado e não assumido como medição válida,NONE
3500023188,SGB_HIDRO_MS_2024_POCOS,profundida,0.0,ZERO_REQUIRES_REVIEW,REVIEW,zero preservado; provável ausência administrativa em parte dos registros,NONE
3500023188,SGB_HIDRO_MS_2024_POCOS,Cond_Eletr,0.0,ZERO_REQUIRES_REVIEW,REVIEW,zero preservado e não assumido como medição válida,NONE
3500023189,SGB_HIDRO_MS_2024_POCOS,profundida,0.0,ZERO_REQUIRES_REVIEW,REVIEW,zero preservado; provável ausência administrativa em parte dos registros,NONE
3500023189,SGB_HIDRO_MS_2024_POCOS,Cond_Eletr,0.0,ZERO_REQUIRES_REVIEW,REVIEW,zero preservado e não assumido como medição válida,NONE
3500023190,SGB_HIDRO_MS_2024_POCOS,profundida,0.0,ZERO_REQUIRES_REVIEW,REVIEW,zero preservado; provável ausência administrativa em parte dos registros,NONE
3500023190,SGB_HIDRO_MS_2024_POCOS,Cond_Eletr,0.0,ZERO_REQUIRES_REVIEW,REVIEW,zero preservado e não assumido como medição válida,NONE
3500023191,SGB_HIDRO_MS_2024_POCOS,profundida,0.0,ZERO_REQUIRES_REVIEW,REVIEW,zero preservado; provável ausência administrativa em parte dos registros,NONE
3500023191,SGB_HIDRO_MS_2024_POCOS,Cond_Eletr,0.0,ZERO_REQUIRES_REVIEW,REVIEW,zero preservado e não assumido como medição válida,NONE
3500023192,SGB_HIDRO_MS_2024_POCOS,profundida,0.0,ZERO_REQUIRES_REVIEW,REVIEW,zero preservado; provável ausência administrativa em parte dos registros,NONE
3500023192,SGB_HIDRO_MS_2024_POCOS,Cond_Eletr,0.0,ZERO_REQUIRES_REVIEW,REVIEW,zero preservado e não assumido como medição válida,NONE
3500023193,SGB_HIDRO_MS_2024_POCOS,profundida,0.0,ZERO_REQUIRES_REVIEW,REVIEW,zero preservado; provável ausência administrativa em parte dos registros,NONE
3500023193,SGB_HIDRO_MS_2024_POCOS,Cond_Eletr,0.0,ZERO_REQUIRES_REVIEW,REVIEW,zero preservado e não assumido como medição válida,NONE
3500023194,SGB_HIDRO_MS_2024_POCOS,profundida,0.0,ZERO_REQUIRES_REVIEW,REVIEW,zero preservado; provável ausência administrativa em parte dos registros,NONE
3500023194,SGB_HIDRO_MS_2024_POCOS,vazao_espe,0.0,ZERO_REQUIRES_REVIEW,REVIEW,zero preservado e não assumido como medição válida,NONE
3500023194,SGB_HIDRO_MS_2024_POCOS,Cond_Eletr,0.0,ZERO_REQUIRES_REVIEW,REVIEW,zero preservado e não assumido como medição válida,NONE
3500023195,SGB_HIDRO_MS_2024_POCOS,profundida,0.0,ZERO_REQUIRES_REVIEW,REVIEW,zero preservado; provável ausência administrativa em parte dos registros,NONE
3500023195,SGB_HIDRO_MS_2024_POCOS,vazao_espe,0.0,ZERO_REQUIRES_REVIEW,REVIEW,zero preservado e não assumido como medição válida,NONE
3500023195,SGB_HIDRO_MS_2024_POCOS,Cond_Eletr,0.0,ZERO_REQUIRES_REVIEW,REVIEW,zero preservado e não assumido como medição válida,NONE
3500023196,SGB_HIDRO_MS_2024_POCOS,profundida,0.0,ZERO_REQUIRES_REVIEW,REVIEW,zero preservado; provável ausência administrativa em parte dos registros,NONE
3500023197,SGB_HIDRO_MS_2024_POCOS,profundida,0.0,ZERO_REQUIRES_REVIEW,REVIEW,zero preservado; provável ausência administrativa em parte dos registros,NONE
3500023197,SGB_HIDRO_MS_2024_POCOS,Cond_Eletr,0.0,ZERO_REQUIRES_REVIEW,REVIEW,zero preservado e não assumido como medição válida,NONE
3500023198,SGB_HIDRO_MS_2024_POCOS,profundida,0.0,ZERO_REQUIRES_REVIEW,REVIEW,zero preservado; provável ausência administrativa em parte dos registros,NONE
3500023198,SGB_HIDRO_MS_2024_POCOS,Cond_Eletr,0.0,ZERO_REQUIRES_REVIEW,REVIEW,zero preservado e não assumido como medição válida,NONE
3500023199,SGB_HIDRO_MS_2024_POCOS,profundida,0.0,ZERO_REQUIRES_REVIEW,REVIEW,zero preservado; provável ausência administrativa em parte dos registros,NONE
3500023199,SGB_HIDRO_MS_2024_POCOS,Cond_Eletr,0.0,ZERO_REQUIRES_REVIEW,REVIEW,zero preservado e não assumido como medição válida,NONE
3500023200,SGB_HIDRO_MS_2024_POCOS,profundida,0.0,ZERO_REQUIRES_REVIEW,REVIEW,zero preservado; provável ausência administrativa em parte dos registros,NONE
3500023200,SGB_HIDRO_MS_2024_POCOS,Cond_Eletr,0.0,ZERO_REQUIRES_REVIEW,REVIEW,zero preservado e não assumido como medição válida,NONE
3500023201,SGB_HIDRO_MS_2024_POCOS,profundida,0.0,ZERO_REQUIRES_REVIEW,REVIEW,zero preservado; provável ausência administrativa em parte dos registros,NONE
3500023201,SGB_HIDRO_MS_2024_POCOS,Cond_Eletr,0.0,ZERO_REQUIRES_REVIEW,REVIEW,zero preservado e não assumido como medição válida,NONE
3500023202,SGB_HIDRO_MS_2024_POCOS,profundida,0.0,ZERO_REQUIRES_REVIEW,REVIEW,zero preservado; provável ausência administrativa em parte dos registros,NONE
3500023202,SGB_HIDRO_MS_2024_POCOS,vazao_espe,0.0,ZERO_REQUIRES_REVIEW,REVIEW,zero preservado e não assumido como medição válida,NONE
3500023202,SGB_HIDRO_MS_2024_POCOS,Cond_Eletr,0.0,ZERO_REQUIRES_REVIEW,REVIEW,zero preservado e não assumido como medição válida,NONE
3500023203,SGB_HIDRO_MS_2024_POCOS,profundida,0.0,ZERO_REQUIRES_REVIEW,REVIEW,zero preservado; provável ausência administrativa em parte dos registros,NONE
3500023203,SGB_HIDRO_MS_2024_POCOS,Cond_Eletr,0.0,ZERO_REQUIRES_REVIEW,REVIEW,zero preservado e não assumido como medição válida,NONE
3500023204,SGB_HIDRO_MS_2024_POCOS,profundida,0.0,ZERO_REQUIRES_REVIEW,REVIEW,zero preservado; provável ausência administrativa em parte dos registros,NONE
3500023204,SGB_HIDRO_MS_2024_POCOS,Cond_Eletr,0.0,ZERO_REQUIRES_REVIEW,REVIEW,zero preservado e não assumido como medição válida,NONE
3500023205,SGB_HIDRO_MS_2024_POCOS,profundida,0.0,ZERO_REQUIRES_REVIEW,REVIEW,zero preservado; provável ausência administrativa em parte dos registros,NONE
3500023205,SGB_HIDRO_MS_2024_POCOS,vazao_espe,0.0,ZERO_REQUIRES_REVIEW,REVIEW,zero preservado e não assumido como medição válida,NONE
3500023205,SGB_HIDRO_MS_2024_POCOS,Cond_Eletr,0.0,ZERO_REQUIRES_REVIEW,REVIEW,zero preservado e não assumido como medição válida,NONE
3500023206,SGB_HIDRO_MS_2024_POCOS,profundida,0.0,ZERO_REQUIRES_REVIEW,REVIEW,zero preservado; provável ausência administrativa em parte dos registros,NONE
3500023206,SGB_HIDRO_MS_2024_POCOS,Cond_Eletr,0.0,ZERO_REQUIRES_REVIEW,REVIEW,zero preservado e não assumido como medição válida,NONE
3500023207,SGB_HIDRO_MS_2024_POCOS,profundida,0.0,ZERO_REQUIRES_REVIEW,REVIEW,zero preservado; provável ausência administrativa em parte dos registros,NONE
3500023207,SGB_HIDRO_MS_2024_POCOS,Cond_Eletr,0.0,ZERO_REQUIRES_REVIEW,REVIEW,zero preservado e não assumido como medição válida,NONE
3500023208,SGB_HIDRO_MS_2024_POCOS,profundida,0.0,ZERO_REQUIRES_REVIEW,REVIEW,zero preservado; provável ausência administrativa em parte dos registros,NONE
3500023208,SGB_HIDRO_MS_2024_POCOS,Cond_Eletr,0.0,ZERO_REQUIRES_REVIEW,REVIEW,zero preservado e não assumido como medição válida,NONE
3500023209,SGB_HIDRO_MS_2024_POCOS,profundida,0.0,ZERO_REQUIRES_REVIEW,REVIEW,zero preservado; provável ausência administrativa em parte dos registros,NONE
3500023209,SGB_HIDRO_MS_2024_POCOS,Cond_Eletr,0.0,ZERO_REQUIRES_REVIEW,REVIEW,zero preservado e não assumido como medição válida,NONE
3500023210,SGB_HIDRO_MS_2024_POCOS,profundida,0.0,ZERO_REQUIRES_REVIEW,REVIEW,zero preservado; provável ausência administrativa em parte dos registros,NONE
3500023210,SGB_HIDRO_MS_2024_POCOS,Cond_Eletr,0.0,ZERO_REQUIRES_REVIEW,REVIEW,zero preservado e não assumido como medição válida,NONE
3500023211,SGB_HIDRO_MS_2024_POCOS,profundida,0.0,ZERO_REQUIRES_REVIEW,REVIEW,zero preservado; provável ausência administrativa em parte dos registros,NONE
3500023211,SGB_HIDRO_MS_2024_POCOS,Cond_Eletr,0.0,ZERO_REQUIRES_REVIEW,REVIEW,zero preservado e não assumido como medição válida,NONE
3500023212,SGB_HIDRO_MS_2024_POCOS,profundida,0.0,ZERO_REQUIRES_REVIEW,REVIEW,zero preservado; provável ausência administrativa em parte dos registros,NONE
3500023212,SGB_HIDRO_MS_2024_POCOS,Cond_Eletr,0.0,ZERO_REQUIRES_REVIEW,REVIEW,zero preservado e não assumido como medição válida,NONE
3500023213,SGB_HIDRO_MS_2024_POCOS,profundida,0.0,ZERO_REQUIRES_REVIEW,REVIEW,zero preservado; provável ausência administrativa em parte dos registros,NONE
3500023213,SGB_HIDRO_MS_2024_POCOS,Cond_Eletr,0.0,ZERO_REQUIRES_REVIEW,REVIEW,zero preservado e não assumido como medição válida,NONE
3500023214,SGB_HIDRO_MS_2024_POCOS,profundida,0.0,ZERO_REQUIRES_REVIEW,REVIEW,zero preservado; provável ausência administrativa em parte dos registros,NONE
3500023214,SGB_HIDRO_MS_2024_POCOS,Cond_Eletr,0.0,ZERO_REQUIRES_REVIEW,REVIEW,zero preservado e não assumido como medição válida,NONE
3500023215,SGB_HIDRO_MS_2024_POCOS,profundida,0.0,ZERO_REQUIRES_REVIEW,REVIEW,zero preservado; provável ausência administrativa em parte dos registros,NONE
3500023215,SGB_HIDRO_MS_2024_POCOS,vazao_espe,0.0,ZERO_REQUIRES_REVIEW,REVIEW,zero preservado e não assumido como medição válida,NONE
3500023215,SGB_HIDRO_MS_2024_POCOS,Cond_Eletr,0.0,ZERO_REQUIRES_REVIEW,REVIEW,zero preservado e não assumido como medição válida,NONE
3500023216,SGB_HIDRO_MS_2024_POCOS,profundida,0.0,ZERO_REQUIRES_REVIEW,REVIEW,zero preservado; provável ausência administrativa em parte dos registros,NONE
3500023216,SGB_HIDRO_MS_2024_POCOS,Cond_Eletr,0.0,ZERO_REQUIRES_REVIEW,REVIEW,zero preservado e não assumido como medição válida,NONE
3500023217,SGB_HIDRO_MS_2024_POCOS,profundida,0.0,ZERO_REQUIRES_REVIEW,REVIEW,zero preservado; provável ausência administrativa em parte dos registros,NONE
3500023217,SGB_HIDRO_MS_2024_POCOS,Cond_Eletr,0.0,ZERO_REQUIRES_REVIEW,REVIEW,zero preservado e não assumido como medição válida,NONE
3500023218,SGB_HIDRO_MS_2024_POCOS,profundida,0.0,ZERO_REQUIRES_REVIEW,REVIEW,zero preservado; provável ausência administrativa em parte dos registros,NONE
3500023218,SGB_HIDRO_MS_2024_POCOS,Cond_Eletr,0.0,ZERO_REQUIRES_REVIEW,REVIEW,zero preservado e não assumido como medição válida,NONE
3500023219,SGB_HIDRO_MS_2024_POCOS,profundida,0.0,ZERO_REQUIRES_REVIEW,REVIEW,zero preservado; provável ausência administrativa em parte dos registros,NONE
3500023219,SGB_HIDRO_MS_2024_POCOS,Cond_Eletr,0.0,ZERO_REQUIRES_REVIEW,REVIEW,zero preservado e não assumido como medição válida,NONE
3500023220,SGB_HIDRO_MS_2024_POCOS,profundida,0.0,ZERO_REQUIRES_REVIEW,REVIEW,zero preservado; provável ausência administrativa em parte dos registros,NONE
3500023221,SGB_HIDRO_MS_2024_POCOS,profundida,0.0,ZERO_REQUIRES_REVIEW,REVIEW,zero preservado; provável ausência administrativa em parte dos registros,NONE
3500023221,SGB_HIDRO_MS_2024_POCOS,Cond_Eletr,0.0,ZERO_REQUIRES_REVIEW,REVIEW,zero preservado e não assumido como medição válida,NONE
3500023222,SGB_HIDRO_MS_2024_POCOS,profundida,0.0,ZERO_REQUIRES_REVIEW,REVIEW,zero preservado; provável ausência administrativa em parte dos registros,NONE
3500023222,SGB_HIDRO_MS_2024_POCOS,Cond_Eletr,0.0,ZERO_REQUIRES_REVIEW,REVIEW,zero preservado e não assumido como medição válida,NONE
3500023223,SGB_HIDRO_MS_2024_POCOS,profundida,0.0,ZERO_REQUIRES_REVIEW,REVIEW,zero preservado; provável ausência administrativa em parte dos registros,NONE
3500023223,SGB_HIDRO_MS_2024_POCOS,Cond_Eletr,0.0,ZERO_REQUIRES_REVIEW,REVIEW,zero preservado e não assumido como medição válida,NONE
3500023224,SGB_HIDRO_MS_2024_POCOS,profundida,0.0,ZERO_REQUIRES_REVIEW,REVIEW,zero preservado; provável ausência administrativa em parte dos registros,NONE
3500023224,SGB_HIDRO_MS_2024_POCOS,Cond_Eletr,0.0,ZERO_REQUIRES_REVIEW,REVIEW,zero preservado e não assumido como medição válida,NONE
3500023225,SGB_HIDRO_MS_2024_POCOS,profundida,0.0,ZERO_REQUIRES_REVIEW,REVIEW,zero preservado; provável ausência administrativa em parte dos registros,NONE
3500023225,SGB_HIDRO_MS_2024_POCOS,Cond_Eletr,0.0,ZERO_REQUIRES_REVIEW,REVIEW,zero preservado e não assumido como medição válida,NONE
3500023226,SGB_HIDRO_MS_2024_POCOS,profundida,0.0,ZERO_REQUIRES_REVIEW,REVIEW,zero preservado; provável ausência administrativa em parte dos registros,NONE
3500023226,SGB_HIDRO_MS_2024_POCOS,Cond_Eletr,0.0,ZERO_REQUIRES_REVIEW,REVIEW,zero preservado e não assumido como medição válida,NONE
3500023227,SGB_HIDRO_MS_2024_POCOS,profundida,0.0,ZERO_REQUIRES_REVIEW,REVIEW,zero preservado; provável ausência administrativa em parte dos registros,NONE
3500023227,SGB_HIDRO_MS_2024_POCOS,Cond_Eletr,0.0,ZERO_REQUIRES_REVIEW,REVIEW,zero preservado e não assumido como medição válida,NONE
3500023228,SGB_HIDRO_MS_2024_POCOS,profundida,0.0,ZERO_REQUIRES_REVIEW,REVIEW,zero preservado; provável ausência administrativa em parte dos registros,NONE
3500023228,SGB_HIDRO_MS_2024_POCOS,vazao_espe,0.0,ZERO_REQUIRES_REVIEW,REVIEW,zero preservado e não assumido como medição válida,NONE
3500023228,SGB_HIDRO_MS_2024_POCOS,Cond_Eletr,0.0,ZERO_REQUIRES_REVIEW,REVIEW,zero preservado e não assumido como medição válida,NONE
3500023229,SGB_HIDRO_MS_2024_POCOS,profundida,0.0,ZERO_REQUIRES_REVIEW,REVIEW,zero preservado; provável ausência administrativa em parte dos registros,NONE
3500023229,SGB_HIDRO_MS_2024_POCOS,Cond_Eletr,0.0,ZERO_REQUIRES_REVIEW,REVIEW,zero preservado e não assumido como medição válida,NONE
3500023230,SGB_HIDRO_MS_2024_POCOS,profundida,0.0,ZERO_REQUIRES_REVIEW,REVIEW,zero preservado; provável ausência administrativa em parte dos registros,NONE
3500023230,SGB_HIDRO_MS_2024_POCOS,vazao_espe,0.0,ZERO_REQUIRES_REVIEW,REVIEW,zero preservado e não assumido como medição válida,NONE
3500023230,SGB_HIDRO_MS_2024_POCOS,Cond_Eletr,0.0,ZERO_REQUIRES_REVIEW,REVIEW,zero preservado e não assumido como medição válida,NONE
3500023231,SGB_HIDRO_MS_2024_POCOS,profundida,0.0,ZERO_REQUIRES_REVIEW,REVIEW,zero preservado; provável ausência administrativa em parte dos registros,NONE
3500023231,SGB_HIDRO_MS_2024_POCOS,Cond_Eletr,0.0,ZERO_REQUIRES_REVIEW,REVIEW,zero preservado e não assumido como medição válida,NONE
3500023232,SGB_HIDRO_MS_2024_POCOS,profundida,0.0,ZERO_REQUIRES_REVIEW,REVIEW,zero preservado; provável ausência administrativa em parte dos registros,NONE
3500023232,SGB_HIDRO_MS_2024_POCOS,Cond_Eletr,0.0,ZERO_REQUIRES_REVIEW,REVIEW,zero preservado e não assumido como medição válida,NONE
3500023233,SGB_HIDRO_MS_2024_POCOS,profundida,0.0,ZERO_REQUIRES_REVIEW,REVIEW,zero preservado; provável ausência administrativa em parte dos registros,NONE
3500023233,SGB_HIDRO_MS_2024_POCOS,Cond_Eletr,0.0,ZERO_REQUIRES_REVIEW,REVIEW,zero preservado e não assumido como medição válida,NONE
3500023234,SGB_HIDRO_MS_2024_POCOS,profundida,0.0,ZERO_REQUIRES_REVIEW,REVIEW,zero preservado; provável ausência administrativa em parte dos registros,NONE
3500023234,SGB_HIDRO_MS_2024_POCOS,vazao_espe,0.0,ZERO_REQUIRES_REVIEW,REVIEW,zero preservado e não assumido como medição válida,NONE
3500023234,SGB_HIDRO_MS_2024_POCOS,Cond_Eletr,0.0,ZERO_REQUIRES_REVIEW,REVIEW,zero preservado e não assumido como medição válida,NONE
3500023235,SGB_HIDRO_MS_2024_POCOS,profundida,0.0,ZERO_REQUIRES_REVIEW,REVIEW,zero preservado; provável ausência administrativa em parte dos registros,NONE
3500023235,SGB_HIDRO_MS_2024_POCOS,Cond_Eletr,0.0,ZERO_REQUIRES_REVIEW,REVIEW,zero preservado e não assumido como medição válida,NONE
3500023236,SGB_HIDRO_MS_2024_POCOS,profundida,0.0,ZERO_REQUIRES_REVIEW,REVIEW,zero preservado; provável ausência administrativa em parte dos registros,NONE
3500023236,SGB_HIDRO_MS_2024_POCOS,Cond_Eletr,0.0,ZERO_REQUIRES_REVIEW,REVIEW,zero preservado e não assumido como medição válida,NONE
3500023237,SGB_HIDRO_MS_2024_POCOS,profundida,0.0,ZERO_REQUIRES_REVIEW,REVIEW,zero preservado; provável ausência administrativa em parte dos registros,NONE
3500023237,SGB_HIDRO_MS_2024_POCOS,Cond_Eletr,0.0,ZERO_REQUIRES_REVIEW,REVIEW,zero preservado e não assumido como medição válida,NONE
3500023238,SGB_HIDRO_MS_2024_POCOS,profundida,0.0,ZERO_REQUIRES_REVIEW,REVIEW,zero preservado; provável ausência administrativa em parte dos registros,NONE
3500023239,SGB_HIDRO_MS_2024_POCOS,profundida,0.0,ZERO_REQUIRES_REVIEW,REVIEW,zero preservado; provável ausência administrativa em parte dos registros,NONE
3500023239,SGB_HIDRO_MS_2024_POCOS,Cond_Eletr,0.0,ZERO_REQUIRES_REVIEW,REVIEW,zero preservado e não assumido como medição válida,NONE
3500023240,SGB_HIDRO_MS_2024_POCOS,profundida,0.0,ZERO_REQUIRES_REVIEW,REVIEW,zero preservado; provável ausência administrativa em parte dos registros,NONE
3500023240,SGB_HIDRO_MS_2024_POCOS,Cond_Eletr,0.0,ZERO_REQUIRES_REVIEW,REVIEW,zero preservado e não assumido como medição válida,NONE
3500023241,SGB_HIDRO_MS_2024_POCOS,profundida,0.0,ZERO_REQUIRES_REVIEW,REVIEW,zero preservado; provável ausência administrativa em parte dos registros,NONE
3500023241,SGB_HIDRO_MS_2024_POCOS,Cond_Eletr,0.0,ZERO_REQUIRES_REVIEW,REVIEW,zero preservado e não assumido como medição válida,NONE
3500023242,SGB_HIDRO_MS_2024_POCOS,profundida,0.0,ZERO_REQUIRES_REVIEW,REVIEW,zero preservado; provável ausência administrativa em parte dos registros,NONE
3500023243,SGB_HIDRO_MS_2024_POCOS,profundida,0.0,ZERO_REQUIRES_REVIEW,REVIEW,zero preservado; provável ausência administrativa em parte dos registros,NONE
3500023243,SGB_HIDRO_MS_2024_POCOS,Cond_Eletr,0.0,ZERO_REQUIRES_REVIEW,REVIEW,zero preservado e não assumido como medição válida,NONE
3500023244,SGB_HIDRO_MS_2024_POCOS,profundida,0.0,ZERO_REQUIRES_REVIEW,REVIEW,zero preservado; provável ausência administrativa em parte dos registros,NONE
3500023244,SGB_HIDRO_MS_2024_POCOS,Cond_Eletr,0.0,ZERO_REQUIRES_REVIEW,REVIEW,zero preservado e não assumido como medição válida,NONE
3500023245,SGB_HIDRO_MS_2024_POCOS,profundida,0.0,ZERO_REQUIRES_REVIEW,REVIEW,zero preservado; provável ausência administrativa em parte dos registros,NONE
3500023245,SGB_HIDRO_MS_2024_POCOS,Cond_Eletr,0.0,ZERO_REQUIRES_REVIEW,REVIEW,zero preservado e não assumido como medição válida,NONE
3500023246,SGB_HIDRO_MS_2024_POCOS,profundida,0.0,ZERO_REQUIRES_REVIEW,REVIEW,zero preservado; provável ausência administrativa em parte dos registros,NONE
3500023246,SGB_HIDRO_MS_2024_POCOS,Cond_Eletr,0.0,ZERO_REQUIRES_REVIEW,REVIEW,zero preservado e não assumido como medição válida,NONE
3500023247,SGB_HIDRO_MS_2024_POCOS,profundida,0.0,ZERO_REQUIRES_REVIEW,REVIEW,zero preservado; provável ausência administrativa em parte dos registros,NONE
3500023248,SGB_HIDRO_MS_2024_POCOS,profundida,0.0,ZERO_REQUIRES_REVIEW,REVIEW,zero preservado; provável ausência administrativa em parte dos registros,NONE
3500023248,SGB_HIDRO_MS_2024_POCOS,Cond_Eletr,0.0,ZERO_REQUIRES_REVIEW,REVIEW,zero preservado e não assumido como medição válida,NONE
3500023249,SGB_HIDRO_MS_2024_POCOS,profundida,0.0,ZERO_REQUIRES_REVIEW,REVIEW,zero preservado; provável ausência administrativa em parte dos registros,NONE
3500023249,SGB_HIDRO_MS_2024_POCOS,Cond_Eletr,0.0,ZERO_REQUIRES_REVIEW,REVIEW,zero preservado e não assumido como medição válida,NONE
3500023250,SGB_HIDRO_MS_2024_POCOS,profundida,0.0,ZERO_REQUIRES_REVIEW,REVIEW,zero preservado; provável ausência administrativa em parte dos registros,NONE
3500023250,SGB_HIDRO_MS_2024_POCOS,Cond_Eletr,0.0,ZERO_REQUIRES_REVIEW,REVIEW,zero preservado e não assumido como medição válida,NONE
3500023251,SGB_HIDRO_MS_2024_POCOS,profundida,0.0,ZERO_REQUIRES_REVIEW,REVIEW,zero preservado; provável ausência administrativa em parte dos registros,NONE
3500023251,SGB_HIDRO_MS_2024_POCOS,Cond_Eletr,0.0,ZERO_REQUIRES_REVIEW,REVIEW,zero preservado e não assumido como medição válida,NONE
3500023252,SGB_HIDRO_MS_2024_POCOS,profundida,0.0,ZERO_REQUIRES_REVIEW,REVIEW,zero preservado; provável ausência administrativa em parte dos registros,NONE
3500023252,SGB_HIDRO_MS_2024_POCOS,Cond_Eletr,0.0,ZERO_REQUIRES_REVIEW,REVIEW,zero preservado e não assumido como medição válida,NONE
3500023253,SGB_HIDRO_MS_2024_POCOS,profundida,0.0,ZERO_REQUIRES_REVIEW,REVIEW,zero preservado; provável ausência administrativa em parte dos registros,NONE
3500023253,SGB_HIDRO_MS_2024_POCOS,Cond_Eletr,0.0,ZERO_REQUIRES_REVIEW,REVIEW,zero preservado e não assumido como medição válida,NONE
3500023254,SGB_HIDRO_MS_2024_POCOS,profundida,0.0,ZERO_REQUIRES_REVIEW,REVIEW,zero preservado; provável ausência administrativa em parte dos registros,NONE
3500023254,SGB_HIDRO_MS_2024_POCOS,Cond_Eletr,0.0,ZERO_REQUIRES_REVIEW,REVIEW,zero preservado e não assumido como medição válida,NONE
3500023255,SGB_HIDRO_MS_2024_POCOS,profundida,0.0,ZERO_REQUIRES_REVIEW,REVIEW,zero preservado; provável ausência administrativa em parte dos registros,NONE
3500023255,SGB_HIDRO_MS_2024_POCOS,Cond_Eletr,0.0,ZERO_REQUIRES_REVIEW,REVIEW,zero preservado e não assumido como medição válida,NONE
3500023256,SGB_HIDRO_MS_2024_POCOS,profundida,0.0,ZERO_REQUIRES_REVIEW,REVIEW,zero preservado; provável ausência administrativa em parte dos registros,NONE
3500023257,SGB_HIDRO_MS_2024_POCOS,profundida,0.0,ZERO_REQUIRES_REVIEW,REVIEW,zero preservado; provável ausência administrativa em parte dos registros,NONE
3500023257,SGB_HIDRO_MS_2024_POCOS,Cond_Eletr,0.0,ZERO_REQUIRES_REVIEW,REVIEW,zero preservado e não assumido como medição válida,NONE
3500023258,SGB_HIDRO_MS_2024_POCOS,profundida,0.0,ZERO_REQUIRES_REVIEW,REVIEW,zero preservado; provável ausência administrativa em parte dos registros,NONE
3500023258,SGB_HIDRO_MS_2024_POCOS,Cond_Eletr,0.0,ZERO_REQUIRES_REVIEW,REVIEW,zero preservado e não assumido como medição válida,NONE
3500023259,SGB_HIDRO_MS_2024_POCOS,profundida,0.0,ZERO_REQUIRES_REVIEW,REVIEW,zero preservado; provável ausência administrativa em parte dos registros,NONE
3500023259,SGB_HIDRO_MS_2024_POCOS,Cond_Eletr,0.0,ZERO_REQUIRES_REVIEW,REVIEW,zero preservado e não assumido como medição válida,NONE
3500023260,SGB_HIDRO_MS_2024_POCOS,profundida,0.0,ZERO_REQUIRES_REVIEW,REVIEW,zero preservado; provável ausência administrativa em parte dos registros,NONE
3500023260,SGB_HIDRO_MS_2024_POCOS,Cond_Eletr,0.0,ZERO_REQUIRES_REVIEW,REVIEW,zero preservado e não assumido como medição válida,NONE
3500023261,SGB_HIDRO_MS_2024_POCOS,profundida,0.0,ZERO_REQUIRES_REVIEW,REVIEW,zero preservado; provável ausência administrativa em parte dos registros,NONE
3500023261,SGB_HIDRO_MS_2024_POCOS,Cond_Eletr,0.0,ZERO_REQUIRES_REVIEW,REVIEW,zero preservado e não assumido como medição válida,NONE
3500023262,SGB_HIDRO_MS_2024_POCOS,profundida,0.0,ZERO_REQUIRES_REVIEW,REVIEW,zero preservado; provável ausência administrativa em parte dos registros,NONE
3500023262,SGB_HIDRO_MS_2024_POCOS,Cond_Eletr,0.0,ZERO_REQUIRES_REVIEW,REVIEW,zero preservado e não assumido como medição válida,NONE
3500023263,SGB_HIDRO_MS_2024_POCOS,profundida,0.0,ZERO_REQUIRES_REVIEW,REVIEW,zero preservado; provável ausência administrativa em parte dos registros,NONE
3500023263,SGB_HIDRO_MS_2024_POCOS,Cond_Eletr,0.0,ZERO_REQUIRES_REVIEW,REVIEW,zero preservado e não assumido como medição válida,NONE
3500023264,SGB_HIDRO_MS_2024_POCOS,profundida,0.0,ZERO_REQUIRES_REVIEW,REVIEW,zero preservado; provável ausência administrativa em parte dos registros,NONE
3500023264,SGB_HIDRO_MS_2024_POCOS,vazao_espe,0.0,ZERO_REQUIRES_REVIEW,REVIEW,zero preservado e não assumido como medição válida,NONE
3500023264,SGB_HIDRO_MS_2024_POCOS,Cond_Eletr,0.0,ZERO_REQUIRES_REVIEW,REVIEW,zero preservado e não assumido como medição válida,NONE
3500023265,SGB_HIDRO_MS_2024_POCOS,profundida,0.0,ZERO_REQUIRES_REVIEW,REVIEW,zero preservado; provável ausência administrativa em parte dos registros,NONE
3500023265,SGB_HIDRO_MS_2024_POCOS,Cond_Eletr,0.0,ZERO_REQUIRES_REVIEW,REVIEW,zero preservado e não assumido como medição válida,NONE
3500023266,SGB_HIDRO_MS_2024_POCOS,profundida,0.0,ZERO_REQUIRES_REVIEW,REVIEW,zero preservado; provável ausência administrativa em parte dos registros,NONE
3500023266,SGB_HIDRO_MS_2024_POCOS,Cond_Eletr,0.0,ZERO_REQUIRES_REVIEW,REVIEW,zero preservado e não assumido como medição válida,NONE
3500023267,SGB_HIDRO_MS_2024_POCOS,profundida,0.0,ZERO_REQUIRES_REVIEW,REVIEW,zero preservado; provável ausência administrativa em parte dos registros,NONE
3500023267,SGB_HIDRO_MS_2024_POCOS,Cond_Eletr,0.0,ZERO_REQUIRES_REVIEW,REVIEW,zero preservado e não assumido como medição válida,NONE
3500023268,SGB_HIDRO_MS_2024_POCOS,profundida,0.0,ZERO_REQUIRES_REVIEW,REVIEW,zero preservado; provável ausência administrativa em parte dos registros,NONE
3500023268,SGB_HIDRO_MS_2024_POCOS,Cond_Eletr,0.0,ZERO_REQUIRES_REVIEW,REVIEW,zero preservado e não assumido como medição válida,NONE
3500023269,SGB_HIDRO_MS_2024_POCOS,profundida,0.0,ZERO_REQUIRES_REVIEW,REVIEW,zero preservado; provável ausência administrativa em parte dos registros,NONE
3500023269,SGB_HIDRO_MS_2024_POCOS,Cond_Eletr,0.0,ZERO_REQUIRES_REVIEW,REVIEW,zero preservado e não assumido como medição válida,NONE
3500023270,SGB_HIDRO_MS_2024_POCOS,profundida,0.0,ZERO_REQUIRES_REVIEW,REVIEW,zero preservado; provável ausência administrativa em parte dos registros,NONE
3500023270,SGB_HIDRO_MS_2024_POCOS,Cond_Eletr,0.0,ZERO_REQUIRES_REVIEW,REVIEW,zero preservado e não assumido como medição válida,NONE
3500023271,SGB_HIDRO_MS_2024_POCOS,profundida,0.0,ZERO_REQUIRES_REVIEW,REVIEW,zero preservado; provável ausência administrativa em parte dos registros,NONE
3500023271,SGB_HIDRO_MS_2024_POCOS,Cond_Eletr,0.0,ZERO_REQUIRES_REVIEW,REVIEW,zero preservado e não assumido como medição válida,NONE
3500023272,SGB_HIDRO_MS_2024_POCOS,profundida,0.0,ZERO_REQUIRES_REVIEW,REVIEW,zero preservado; provável ausência administrativa em parte dos registros,NONE
3500023272,SGB_HIDRO_MS_2024_POCOS,Cond_Eletr,0.0,ZERO_REQUIRES_REVIEW,REVIEW,zero preservado e não assumido como medição válida,NONE
3500023273,SGB_HIDRO_MS_2024_POCOS,profundida,0.0,ZERO_REQUIRES_REVIEW,REVIEW,zero preservado; provável ausência administrativa em parte dos registros,NONE
3500023273,SGB_HIDRO_MS_2024_POCOS,Cond_Eletr,0.0,ZERO_REQUIRES_REVIEW,REVIEW,zero preservado e não assumido como medição válida,NONE
3500023274,SGB_HIDRO_MS_2024_POCOS,profundida,0.0,ZERO_REQUIRES_REVIEW,REVIEW,zero preservado; provável ausência administrativa em parte dos registros,NONE
3500023274,SGB_HIDRO_MS_2024_POCOS,Cond_Eletr,0.0,ZERO_REQUIRES_REVIEW,REVIEW,zero preservado e não assumido como medição válida,NONE
3500023275,SGB_HIDRO_MS_2024_POCOS,profundida,0.0,ZERO_REQUIRES_REVIEW,REVIEW,zero preservado; provável ausência administrativa em parte dos registros,NONE
3500023275,SGB_HIDRO_MS_2024_POCOS,Cond_Eletr,0.0,ZERO_REQUIRES_REVIEW,REVIEW,zero preservado e não assumido como medição válida,NONE
3500023276,SGB_HIDRO_MS_2024_POCOS,profundida,0.0,ZERO_REQUIRES_REVIEW,REVIEW,zero preservado; provável ausência administrativa em parte dos registros,NONE
3500023276,SGB_HIDRO_MS_2024_POCOS,Cond_Eletr,0.0,ZERO_REQUIRES_REVIEW,REVIEW,zero preservado e não assumido como medição válida,NONE
3500023277,SGB_HIDRO_MS_2024_POCOS,profundida,0.0,ZERO_REQUIRES_REVIEW,REVIEW,zero preservado; provável ausência administrativa em parte dos registros,NONE
3500023277,SGB_HIDRO_MS_2024_POCOS,Cond_Eletr,0.0,ZERO_REQUIRES_REVIEW,REVIEW,zero preservado e não assumido como medição válida,NONE
3500023278,SGB_HIDRO_MS_2024_POCOS,profundida,0.0,ZERO_REQUIRES_REVIEW,REVIEW,zero preservado; provável ausência administrativa em parte dos registros,NONE
3500023278,SGB_HIDRO_MS_2024_POCOS,Cond_Eletr,0.0,ZERO_REQUIRES_REVIEW,REVIEW,zero preservado e não assumido como medição válida,NONE
3500023279,SGB_HIDRO_MS_2024_POCOS,profundida,0.0,ZERO_REQUIRES_REVIEW,REVIEW,zero preservado; provável ausência administrativa em parte dos registros,NONE
3500023279,SGB_HIDRO_MS_2024_POCOS,Cond_Eletr,0.0,ZERO_REQUIRES_REVIEW,REVIEW,zero preservado e não assumido como medição válida,NONE
3500023280,SGB_HIDRO_MS_2024_POCOS,profundida,0.0,ZERO_REQUIRES_REVIEW,REVIEW,zero preservado; provável ausência administrativa em parte dos registros,NONE
3500023280,SGB_HIDRO_MS_2024_POCOS,Cond_Eletr,0.0,ZERO_REQUIRES_REVIEW,REVIEW,zero preservado e não assumido como medição válida,NONE
3500023281,SGB_HIDRO_MS_2024_POCOS,profundida,0.0,ZERO_REQUIRES_REVIEW,REVIEW,zero preservado; provável ausência administrativa em parte dos registros,NONE
3500023281,SGB_HIDRO_MS_2024_POCOS,Cond_Eletr,0.0,ZERO_REQUIRES_REVIEW,REVIEW,zero preservado e não assumido como medição válida,NONE
3500023282,SGB_HIDRO_MS_2024_POCOS,profundida,0.0,ZERO_REQUIRES_REVIEW,REVIEW,zero preservado; provável ausência administrativa em parte dos registros,NONE
3500023282,SGB_HIDRO_MS_2024_POCOS,Cond_Eletr,0.0,ZERO_REQUIRES_REVIEW,REVIEW,zero preservado e não assumido como medição válida,NONE
3500023283,SGB_HIDRO_MS_2024_POCOS,profundida,0.0,ZERO_REQUIRES_REVIEW,REVIEW,zero preservado; provável ausência administrativa em parte dos registros,NONE
3500023283,SGB_HIDRO_MS_2024_POCOS,Cond_Eletr,0.0,ZERO_REQUIRES_REVIEW,REVIEW,zero preservado e não assumido como medição válida,NONE
3500023284,SGB_HIDRO_MS_2024_POCOS,profundida,0.0,ZERO_REQUIRES_REVIEW,REVIEW,zero preservado; provável ausência administrativa em parte dos registros,NONE
3500023284,SGB_HIDRO_MS_2024_POCOS,Cond_Eletr,0.0,ZERO_REQUIRES_REVIEW,REVIEW,zero preservado e não assumido como medição válida,NONE
3500023285,SGB_HIDRO_MS_2024_POCOS,profundida,0.0,ZERO_REQUIRES_REVIEW,REVIEW,zero preservado; provável ausência administrativa em parte dos registros,NONE
3500023285,SGB_HIDRO_MS_2024_POCOS,Cond_Eletr,0.0,ZERO_REQUIRES_REVIEW,REVIEW,zero preservado e não assumido como medição válida,NONE
3500023286,SGB_HIDRO_MS_2024_POCOS,profundida,0.0,ZERO_REQUIRES_REVIEW,REVIEW,zero preservado; provável ausência administrativa em parte dos registros,NONE
3500023286,SGB_HIDRO_MS_2024_POCOS,Cond_Eletr,0.0,ZERO_REQUIRES_REVIEW,REVIEW,zero preservado e não assumido como medição válida,NONE
3500023287,SGB_HIDRO_MS_2024_POCOS,profundida,0.0,ZERO_REQUIRES_REVIEW,REVIEW,zero preservado; provável ausência administrativa em parte dos registros,NONE
3500023288,SGB_HIDRO_MS_2024_POCOS,profundida,0.0,ZERO_REQUIRES_REVIEW,REVIEW,zero preservado; provável ausência administrativa em parte dos registros,NONE
3500023288,SGB_HIDRO_MS_2024_POCOS,Cond_Eletr,0.0,ZERO_REQUIRES_REVIEW,REVIEW,zero preservado e não assumido como medição válida,NONE
3500023289,SGB_HIDRO_MS_2024_POCOS,profundida,0.0,ZERO_REQUIRES_REVIEW,REVIEW,zero preservado; provável ausência administrativa em parte dos registros,NONE
3500023289,SGB_HIDRO_MS_2024_POCOS,Cond_Eletr,0.0,ZERO_REQUIRES_REVIEW,REVIEW,zero preservado e não assumido como medição válida,NONE
3500023290,SGB_HIDRO_MS_2024_POCOS,profundida,0.0,ZERO_REQUIRES_REVIEW,REVIEW,zero preservado; provável ausência administrativa em parte dos registros,NONE
3500023290,SGB_HIDRO_MS_2024_POCOS,Cond_Eletr,0.0,ZERO_REQUIRES_REVIEW,REVIEW,zero preservado e não assumido como medição válida,NONE
3500023291,SGB_HIDRO_MS_2024_POCOS,profundida,0.0,ZERO_REQUIRES_REVIEW,REVIEW,zero preservado; provável ausência administrativa em parte dos registros,NONE
3500023291,SGB_HIDRO_MS_2024_POCOS,Cond_Eletr,0.0,ZERO_REQUIRES_REVIEW,REVIEW,zero preservado e não assumido como medição válida,NONE
3500023292,SGB_HIDRO_MS_2024_POCOS,profundida,0.0,ZERO_REQUIRES_REVIEW,REVIEW,zero preservado; provável ausência administrativa em parte dos registros,NONE
3500023292,SGB_HIDRO_MS_2024_POCOS,Cond_Eletr,0.0,ZERO_REQUIRES_REVIEW,REVIEW,zero preservado e não assumido como medição válida,NONE
3500023293,SGB_HIDRO_MS_2024_POCOS,profundida,0.0,ZERO_REQUIRES_REVIEW,REVIEW,zero preservado; provável ausência administrativa em parte dos registros,NONE
3500023293,SGB_HIDRO_MS_2024_POCOS,Cond_Eletr,0.0,ZERO_REQUIRES_REVIEW,REVIEW,zero preservado e não assumido como medição válida,NONE
3500023294,SGB_HIDRO_MS_2024_POCOS,profundida,0.0,ZERO_REQUIRES_REVIEW,REVIEW,zero preservado; provável ausência administrativa em parte dos registros,NONE
3500023294,SGB_HIDRO_MS_2024_POCOS,Cond_Eletr,0.0,ZERO_REQUIRES_REVIEW,REVIEW,zero preservado e não assumido como medição válida,NONE
3500023295,SGB_HIDRO_MS_2024_POCOS,profundida,0.0,ZERO_REQUIRES_REVIEW,REVIEW,zero preservado; provável ausência administrativa em parte dos registros,NONE
3500023295,SGB_HIDRO_MS_2024_POCOS,Cond_Eletr,0.0,ZERO_REQUIRES_REVIEW,REVIEW,zero preservado e não assumido como medição válida,NONE
3500023296,SGB_HIDRO_MS_2024_POCOS,profundida,0.0,ZERO_REQUIRES_REVIEW,REVIEW,zero preservado; provável ausência administrativa em parte dos registros,NONE
3500023296,SGB_HIDRO_MS_2024_POCOS,Cond_Eletr,0.0,ZERO_REQUIRES_REVIEW,REVIEW,zero preservado e não assumido como medição válida,NONE
3500023297,SGB_HIDRO_MS_2024_POCOS,profundida,0.0,ZERO_REQUIRES_REVIEW,REVIEW,zero preservado; provável ausência administrativa em parte dos registros,NONE
3500023297,SGB_HIDRO_MS_2024_POCOS,Cond_Eletr,0.0,ZERO_REQUIRES_REVIEW,REVIEW,zero preservado e não assumido como medição válida,NONE
3500023298,SGB_HIDRO_MS_2024_POCOS,profundida,0.0,ZERO_REQUIRES_REVIEW,REVIEW,zero preservado; provável ausência administrativa em parte dos registros,NONE
3500023298,SGB_HIDRO_MS_2024_POCOS,Cond_Eletr,0.0,ZERO_REQUIRES_REVIEW,REVIEW,zero preservado e não assumido como medição válida,NONE
3500023299,SGB_HIDRO_MS_2024_POCOS,profundida,0.0,ZERO_REQUIRES_REVIEW,REVIEW,zero preservado; provável ausência administrativa em parte dos registros,NONE
3500023299,SGB_HIDRO_MS_2024_POCOS,vazao_espe,0.0,ZERO_REQUIRES_REVIEW,REVIEW,zero preservado e não assumido como medição válida,NONE
3500023299,SGB_HIDRO_MS_2024_POCOS,Cond_Eletr,0.0,ZERO_REQUIRES_REVIEW,REVIEW,zero preservado e não assumido como medição válida,NONE
3500023300,SGB_HIDRO_MS_2024_POCOS,profundida,0.0,ZERO_REQUIRES_REVIEW,REVIEW,zero preservado; provável ausência administrativa em parte dos registros,NONE
3500023300,SGB_HIDRO_MS_2024_POCOS,Cond_Eletr,0.0,ZERO_REQUIRES_REVIEW,REVIEW,zero preservado e não assumido como medição válida,NONE
3500023301,SGB_HIDRO_MS_2024_POCOS,profundida,0.0,ZERO_REQUIRES_REVIEW,REVIEW,zero preservado; provável ausência administrativa em parte dos registros,NONE
3500023301,SGB_HIDRO_MS_2024_POCOS,Cond_Eletr,0.0,ZERO_REQUIRES_REVIEW,REVIEW,zero preservado e não assumido como medição válida,NONE
3500023302,SGB_HIDRO_MS_2024_POCOS,profundida,0.0,ZERO_REQUIRES_REVIEW,REVIEW,zero preservado; provável ausência administrativa em parte dos registros,NONE
3500023302,SGB_HIDRO_MS_2024_POCOS,Cond_Eletr,0.0,ZERO_REQUIRES_REVIEW,REVIEW,zero preservado e não assumido como medição válida,NONE
3500023303,SGB_HIDRO_MS_2024_POCOS,profundida,0.0,ZERO_REQUIRES_REVIEW,REVIEW,zero preservado; provável ausência administrativa em parte dos registros,NONE
3500023303,SGB_HIDRO_MS_2024_POCOS,Cond_Eletr,0.0,ZERO_REQUIRES_REVIEW,REVIEW,zero preservado e não assumido como medição válida,NONE
3500023304,SGB_HIDRO_MS_2024_POCOS,profundida,0.0,ZERO_REQUIRES_REVIEW,REVIEW,zero preservado; provável ausência administrativa em parte dos registros,NONE
3500023304,SGB_HIDRO_MS_2024_POCOS,Cond_Eletr,0.0,ZERO_REQUIRES_REVIEW,REVIEW,zero preservado e não assumido como medição válida,NONE
3500023305,SGB_HIDRO_MS_2024_POCOS,profundida,0.0,ZERO_REQUIRES_REVIEW,REVIEW,zero preservado; provável ausência administrativa em parte dos registros,NONE
3500023305,SGB_HIDRO_MS_2024_POCOS,Cond_Eletr,0.0,ZERO_REQUIRES_REVIEW,REVIEW,zero preservado e não assumido como medição válida,NONE
3500023306,SGB_HIDRO_MS_2024_POCOS,profundida,0.0,ZERO_REQUIRES_REVIEW,REVIEW,zero preservado; provável ausência administrativa em parte dos registros,NONE
3500023306,SGB_HIDRO_MS_2024_POCOS,Cond_Eletr,0.0,ZERO_REQUIRES_REVIEW,REVIEW,zero preservado e não assumido como medição válida,NONE
3500023307,SGB_HIDRO_MS_2024_POCOS,profundida,0.0,ZERO_REQUIRES_REVIEW,REVIEW,zero preservado; provável ausência administrativa em parte dos registros,NONE
3500023308,SGB_HIDRO_MS_2024_POCOS,profundida,0.0,ZERO_REQUIRES_REVIEW,REVIEW,zero preservado; provável ausência administrativa em parte dos registros,NONE
3500023308,SGB_HIDRO_MS_2024_POCOS,Cond_Eletr,0.0,ZERO_REQUIRES_REVIEW,REVIEW,zero preservado e não assumido como medição válida,NONE
3500023309,SGB_HIDRO_MS_2024_POCOS,profundida,0.0,ZERO_REQUIRES_REVIEW,REVIEW,zero preservado; provável ausência administrativa em parte dos registros,NONE
3500023309,SGB_HIDRO_MS_2024_POCOS,Cond_Eletr,0.0,ZERO_REQUIRES_REVIEW,REVIEW,zero preservado e não assumido como medição válida,NONE
3500023310,SGB_HIDRO_MS_2024_POCOS,profundida,0.0,ZERO_REQUIRES_REVIEW,REVIEW,zero preservado; provável ausência administrativa em parte dos registros,NONE
3500023310,SGB_HIDRO_MS_2024_POCOS,Cond_Eletr,0.0,ZERO_REQUIRES_REVIEW,REVIEW,zero preservado e não assumido como medição válida,NONE
3500023311,SGB_HIDRO_MS_2024_POCOS,profundida,0.0,ZERO_REQUIRES_REVIEW,REVIEW,zero preservado; provável ausência administrativa em parte dos registros,NONE
3500023311,SGB_HIDRO_MS_2024_POCOS,vazao_espe,0.0,ZERO_REQUIRES_REVIEW,REVIEW,zero preservado e não assumido como medição válida,NONE
3500023311,SGB_HIDRO_MS_2024_POCOS,Cond_Eletr,0.0,ZERO_REQUIRES_REVIEW,REVIEW,zero preservado e não assumido como medição válida,NONE
3500023312,SGB_HIDRO_MS_2024_POCOS,profundida,0.0,ZERO_REQUIRES_REVIEW,REVIEW,zero preservado; provável ausência administrativa em parte dos registros,NONE
3500023312,SGB_HIDRO_MS_2024_POCOS,Cond_Eletr,0.0,ZERO_REQUIRES_REVIEW,REVIEW,zero preservado e não assumido como medição válida,NONE
3500023313,SGB_HIDRO_MS_2024_POCOS,profundida,0.0,ZERO_REQUIRES_REVIEW,REVIEW,zero preservado; provável ausência administrativa em parte dos registros,NONE
3500023313,SGB_HIDRO_MS_2024_POCOS,Cond_Eletr,0.0,ZERO_REQUIRES_REVIEW,REVIEW,zero preservado e não assumido como medição válida,NONE
3500023314,SGB_HIDRO_MS_2024_POCOS,profundida,0.0,ZERO_REQUIRES_REVIEW,REVIEW,zero preservado; provável ausência administrativa em parte dos registros,NONE
3500023314,SGB_HIDRO_MS_2024_POCOS,Cond_Eletr,0.0,ZERO_REQUIRES_REVIEW,REVIEW,zero preservado e não assumido como medição válida,NONE
3500023315,SGB_HIDRO_MS_2024_POCOS,profundida,0.0,ZERO_REQUIRES_REVIEW,REVIEW,zero preservado; provável ausência administrativa em parte dos registros,NONE
3500023315,SGB_HIDRO_MS_2024_POCOS,Cond_Eletr,0.0,ZERO_REQUIRES_REVIEW,REVIEW,zero preservado e não assumido como medição válida,NONE
3500023316,SGB_HIDRO_MS_2024_POCOS,profundida,0.0,ZERO_REQUIRES_REVIEW,REVIEW,zero preservado; provável ausência administrativa em parte dos registros,NONE
3500023316,SGB_HIDRO_MS_2024_POCOS,Cond_Eletr,0.0,ZERO_REQUIRES_REVIEW,REVIEW,zero preservado e não assumido como medição válida,NONE
3500023317,SGB_HIDRO_MS_2024_POCOS,profundida,0.0,ZERO_REQUIRES_REVIEW,REVIEW,zero preservado; provável ausência administrativa em parte dos registros,NONE
3500023317,SGB_HIDRO_MS_2024_POCOS,Cond_Eletr,0.0,ZERO_REQUIRES_REVIEW,REVIEW,zero preservado e não assumido como medição válida,NONE
3500023318,SGB_HIDRO_MS_2024_POCOS,profundida,0.0,ZERO_REQUIRES_REVIEW,REVIEW,zero preservado; provável ausência administrativa em parte dos registros,NONE
3500023318,SGB_HIDRO_MS_2024_POCOS,Cond_Eletr,0.0,ZERO_REQUIRES_REVIEW,REVIEW,zero preservado e não assumido como medição válida,NONE
3500023319,SGB_HIDRO_MS_2024_POCOS,profundida,0.0,ZERO_REQUIRES_REVIEW,REVIEW,zero preservado; provável ausência administrativa em parte dos registros,NONE
3500023319,SGB_HIDRO_MS_2024_POCOS,Cond_Eletr,0.0,ZERO_REQUIRES_REVIEW,REVIEW,zero preservado e não assumido como medição válida,NONE
3500023320,SGB_HIDRO_MS_2024_POCOS,profundida,0.0,ZERO_REQUIRES_REVIEW,REVIEW,zero preservado; provável ausência administrativa em parte dos registros,NONE
3500023320,SGB_HIDRO_MS_2024_POCOS,Cond_Eletr,0.0,ZERO_REQUIRES_REVIEW,REVIEW,zero preservado e não assumido como medição válida,NONE
3500023321,SGB_HIDRO_MS_2024_POCOS,profundida,0.0,ZERO_REQUIRES_REVIEW,REVIEW,zero preservado; provável ausência administrativa em parte dos registros,NONE
3500023321,SGB_HIDRO_MS_2024_POCOS,Cond_Eletr,0.0,ZERO_REQUIRES_REVIEW,REVIEW,zero preservado e não assumido como medição válida,NONE
3500023322,SGB_HIDRO_MS_2024_POCOS,profundida,0.0,ZERO_REQUIRES_REVIEW,REVIEW,zero preservado; provável ausência administrativa em parte dos registros,NONE
3500023322,SGB_HIDRO_MS_2024_POCOS,Cond_Eletr,0.0,ZERO_REQUIRES_REVIEW,REVIEW,zero preservado e não assumido como medição válida,NONE
3500023323,SGB_HIDRO_MS_2024_POCOS,profundida,0.0,ZERO_REQUIRES_REVIEW,REVIEW,zero preservado; provável ausência administrativa em parte dos registros,NONE
3500023323,SGB_HIDRO_MS_2024_POCOS,Cond_Eletr,0.0,ZERO_REQUIRES_REVIEW,REVIEW,zero preservado e não assumido como medição válida,NONE
3500023324,SGB_HIDRO_MS_2024_POCOS,profundida,0.0,ZERO_REQUIRES_REVIEW,REVIEW,zero preservado; provável ausência administrativa em parte dos registros,NONE
3500023324,SGB_HIDRO_MS_2024_POCOS,profundi_1,0.0,ZERO_REQUIRES_REVIEW,REVIEW,zero preservado; provável ausência administrativa em parte dos registros,NONE
3500023324,SGB_HIDRO_MS_2024_POCOS,vazao_espe,0.0,ZERO_REQUIRES_REVIEW,REVIEW,zero preservado e não assumido como medição válida,NONE
3500023324,SGB_HIDRO_MS_2024_POCOS,Cond_Eletr,0.0,ZERO_REQUIRES_REVIEW,REVIEW,zero preservado e não assumido como medição válida,NONE
3500023325,SGB_HIDRO_MS_2024_POCOS,profundida,0.0,ZERO_REQUIRES_REVIEW,REVIEW,zero preservado; provável ausência administrativa em parte dos registros,NONE
3500023325,SGB_HIDRO_MS_2024_POCOS,profundi_1,0.0,ZERO_REQUIRES_REVIEW,REVIEW,zero preservado; provável ausência administrativa em parte dos registros,NONE
3500023325,SGB_HIDRO_MS_2024_POCOS,vazao_espe,0.0,ZERO_REQUIRES_REVIEW,REVIEW,zero preservado e não assumido como medição válida,NONE
3500023325,SGB_HIDRO_MS_2024_POCOS,Cond_Eletr,0.0,ZERO_REQUIRES_REVIEW,REVIEW,zero preservado e não assumido como medição válida,NONE
3500023326,SGB_HIDRO_MS_2024_POCOS,profundida,0.0,ZERO_REQUIRES_REVIEW,REVIEW,zero preservado; provável ausência administrativa em parte dos registros,NONE
3500023326,SGB_HIDRO_MS_2024_POCOS,Cond_Eletr,0.0,ZERO_REQUIRES_REVIEW,REVIEW,zero preservado e não assumido como medição válida,NONE
3500023327,SGB_HIDRO_MS_2024_POCOS,profundida,0.0,ZERO_REQUIRES_REVIEW,REVIEW,zero preservado; provável ausência administrativa em parte dos registros,NONE
3500023327,SGB_HIDRO_MS_2024_POCOS,Cond_Eletr,0.0,ZERO_REQUIRES_REVIEW,REVIEW,zero preservado e não assumido como medição válida,NONE
3500023328,SGB_HIDRO_MS_2024_POCOS,profundida,0.0,ZERO_REQUIRES_REVIEW,REVIEW,zero preservado; provável ausência administrativa em parte dos registros,NONE
3500023328,SGB_HIDRO_MS_2024_POCOS,Cond_Eletr,0.0,ZERO_REQUIRES_REVIEW,REVIEW,zero preservado e não assumido como medição válida,NONE
3500023329,SGB_HIDRO_MS_2024_POCOS,profundida,0.0,ZERO_REQUIRES_REVIEW,REVIEW,zero preservado; provável ausência administrativa em parte dos registros,NONE
3500023329,SGB_HIDRO_MS_2024_POCOS,Cond_Eletr,0.0,ZERO_REQUIRES_REVIEW,REVIEW,zero preservado e não assumido como medição válida,NONE
3500023330,SGB_HIDRO_MS_2024_POCOS,profundida,0.0,ZERO_REQUIRES_REVIEW,REVIEW,zero preservado; provável ausência administrativa em parte dos registros,NONE
3500023330,SGB_HIDRO_MS_2024_POCOS,Cond_Eletr,0.0,ZERO_REQUIRES_REVIEW,REVIEW,zero preservado e não assumido como medição válida,NONE
3500023331,SGB_HIDRO_MS_2024_POCOS,profundida,0.0,ZERO_REQUIRES_REVIEW,REVIEW,zero preservado; provável ausência administrativa em parte dos registros,NONE
3500023331,SGB_HIDRO_MS_2024_POCOS,Cond_Eletr,0.0,ZERO_REQUIRES_REVIEW,REVIEW,zero preservado e não assumido como medição válida,NONE
3500023332,SGB_HIDRO_MS_2024_POCOS,profundida,0.0,ZERO_REQUIRES_REVIEW,REVIEW,zero preservado; provável ausência administrativa em parte dos registros,NONE
3500023332,SGB_HIDRO_MS_2024_POCOS,Cond_Eletr,0.0,ZERO_REQUIRES_REVIEW,REVIEW,zero preservado e não assumido como medição válida,NONE
3500023333,SGB_HIDRO_MS_2024_POCOS,profundida,0.0,ZERO_REQUIRES_REVIEW,REVIEW,zero preservado; provável ausência administrativa em parte dos registros,NONE
3500023333,SGB_HIDRO_MS_2024_POCOS,Cond_Eletr,0.0,ZERO_REQUIRES_REVIEW,REVIEW,zero preservado e não assumido como medição válida,NONE
3500023334,SGB_HIDRO_MS_2024_POCOS,profundida,0.0,ZERO_REQUIRES_REVIEW,REVIEW,zero preservado; provável ausência administrativa em parte dos registros,NONE
3500023334,SGB_HIDRO_MS_2024_POCOS,Cond_Eletr,0.0,ZERO_REQUIRES_REVIEW,REVIEW,zero preservado e não assumido como medição válida,NONE
3500023335,SGB_HIDRO_MS_2024_POCOS,profundida,0.0,ZERO_REQUIRES_REVIEW,REVIEW,zero preservado; provável ausência administrativa em parte dos registros,NONE
3500023335,SGB_HIDRO_MS_2024_POCOS,Cond_Eletr,0.0,ZERO_REQUIRES_REVIEW,REVIEW,zero preservado e não assumido como medição válida,NONE
3500023336,SGB_HIDRO_MS_2024_POCOS,profundida,0.0,ZERO_REQUIRES_REVIEW,REVIEW,zero preservado; provável ausência administrativa em parte dos registros,NONE
3500023336,SGB_HIDRO_MS_2024_POCOS,Cond_Eletr,0.0,ZERO_REQUIRES_REVIEW,REVIEW,zero preservado e não assumido como medição válida,NONE
3500023337,SGB_HIDRO_MS_2024_POCOS,profundida,0.0,ZERO_REQUIRES_REVIEW,REVIEW,zero preservado; provável ausência administrativa em parte dos registros,NONE
3500023337,SGB_HIDRO_MS_2024_POCOS,Cond_Eletr,0.0,ZERO_REQUIRES_REVIEW,REVIEW,zero preservado e não assumido como medição válida,NONE
3500023338,SGB_HIDRO_MS_2024_POCOS,profundida,0.0,ZERO_REQUIRES_REVIEW,REVIEW,zero preservado; provável ausência administrativa em parte dos registros,NONE
3500023338,SGB_HIDRO_MS_2024_POCOS,Cond_Eletr,0.0,ZERO_REQUIRES_REVIEW,REVIEW,zero preservado e não assumido como medição válida,NONE
3500023339,SGB_HIDRO_MS_2024_POCOS,profundida,0.0,ZERO_REQUIRES_REVIEW,REVIEW,zero preservado; provável ausência administrativa em parte dos registros,NONE
3500023339,SGB_HIDRO_MS_2024_POCOS,Cond_Eletr,0.0,ZERO_REQUIRES_REVIEW,REVIEW,zero preservado e não assumido como medição válida,NONE
3500023340,SGB_HIDRO_MS_2024_POCOS,profundida,0.0,ZERO_REQUIRES_REVIEW,REVIEW,zero preservado; provável ausência administrativa em parte dos registros,NONE
3500023340,SGB_HIDRO_MS_2024_POCOS,Cond_Eletr,0.0,ZERO_REQUIRES_REVIEW,REVIEW,zero preservado e não assumido como medição válida,NONE
3500023341,SGB_HIDRO_MS_2024_POCOS,profundida,0.0,ZERO_REQUIRES_REVIEW,REVIEW,zero preservado; provável ausência administrativa em parte dos registros,NONE
3500023341,SGB_HIDRO_MS_2024_POCOS,Cond_Eletr,0.0,ZERO_REQUIRES_REVIEW,REVIEW,zero preservado e não assumido como medição válida,NONE
3500023342,SGB_HIDRO_MS_2024_POCOS,profundida,0.0,ZERO_REQUIRES_REVIEW,REVIEW,zero preservado; provável ausência administrativa em parte dos registros,NONE
3500023342,SGB_HIDRO_MS_2024_POCOS,Cond_Eletr,0.0,ZERO_REQUIRES_REVIEW,REVIEW,zero preservado e não assumido como medição válida,NONE
3500023343,SGB_HIDRO_MS_2024_POCOS,profundida,0.0,ZERO_REQUIRES_REVIEW,REVIEW,zero preservado; provável ausência administrativa em parte dos registros,NONE
3500023343,SGB_HIDRO_MS_2024_POCOS,Cond_Eletr,0.0,ZERO_REQUIRES_REVIEW,REVIEW,zero preservado e não assumido como medição válida,NONE
3500023344,SGB_HIDRO_MS_2024_POCOS,profundida,0.0,ZERO_REQUIRES_REVIEW,REVIEW,zero preservado; provável ausência administrativa em parte dos registros,NONE
3500023344,SGB_HIDRO_MS_2024_POCOS,Cond_Eletr,0.0,ZERO_REQUIRES_REVIEW,REVIEW,zero preservado e não assumido como medição válida,NONE
3500023345,SGB_HIDRO_MS_2024_POCOS,profundida,0.0,ZERO_REQUIRES_REVIEW,REVIEW,zero preservado; provável ausência administrativa em parte dos registros,NONE
3500023345,SGB_HIDRO_MS_2024_POCOS,Cond_Eletr,0.0,ZERO_REQUIRES_REVIEW,REVIEW,zero preservado e não assumido como medição válida,NONE
3500023346,SGB_HIDRO_MS_2024_POCOS,profundida,0.0,ZERO_REQUIRES_REVIEW,REVIEW,zero preservado; provável ausência administrativa em parte dos registros,NONE
3500023346,SGB_HIDRO_MS_2024_POCOS,Cond_Eletr,0.0,ZERO_REQUIRES_REVIEW,REVIEW,zero preservado e não assumido como medição válida,NONE
3500023347,SGB_HIDRO_MS_2024_POCOS,profundida,0.0,ZERO_REQUIRES_REVIEW,REVIEW,zero preservado; provável ausência administrativa em parte dos registros,NONE
3500023347,SGB_HIDRO_MS_2024_POCOS,Cond_Eletr,0.0,ZERO_REQUIRES_REVIEW,REVIEW,zero preservado e não assumido como medição válida,NONE
3500023348,SGB_HIDRO_MS_2024_POCOS,profundida,0.0,ZERO_REQUIRES_REVIEW,REVIEW,zero preservado; provável ausência administrativa em parte dos registros,NONE
3500023348,SGB_HIDRO_MS_2024_POCOS,Cond_Eletr,0.0,ZERO_REQUIRES_REVIEW,REVIEW,zero preservado e não assumido como medição válida,NONE
3500023349,SGB_HIDRO_MS_2024_POCOS,profundida,0.0,ZERO_REQUIRES_REVIEW,REVIEW,zero preservado; provável ausência administrativa em parte dos registros,NONE
3500023349,SGB_HIDRO_MS_2024_POCOS,Cond_Eletr,0.0,ZERO_REQUIRES_REVIEW,REVIEW,zero preservado e não assumido como medição válida,NONE
3500023350,SGB_HIDRO_MS_2024_POCOS,profundida,0.0,ZERO_REQUIRES_REVIEW,REVIEW,zero preservado; provável ausência administrativa em parte dos registros,NONE
3500023350,SGB_HIDRO_MS_2024_POCOS,Cond_Eletr,0.0,ZERO_REQUIRES_REVIEW,REVIEW,zero preservado e não assumido como medição válida,NONE
3500023351,SGB_HIDRO_MS_2024_POCOS,profundida,0.0,ZERO_REQUIRES_REVIEW,REVIEW,zero preservado; provável ausência administrativa em parte dos registros,NONE
3500023351,SGB_HIDRO_MS_2024_POCOS,Cond_Eletr,0.0,ZERO_REQUIRES_REVIEW,REVIEW,zero preservado e não assumido como medição válida,NONE
3500023352,SGB_HIDRO_MS_2024_POCOS,profundida,0.0,ZERO_REQUIRES_REVIEW,REVIEW,zero preservado; provável ausência administrativa em parte dos registros,NONE
3500023352,SGB_HIDRO_MS_2024_POCOS,Cond_Eletr,0.0,ZERO_REQUIRES_REVIEW,REVIEW,zero preservado e não assumido como medição válida,NONE
3500023353,SGB_HIDRO_MS_2024_POCOS,profundida,0.0,ZERO_REQUIRES_REVIEW,REVIEW,zero preservado; provável ausência administrativa em parte dos registros,NONE
3500023353,SGB_HIDRO_MS_2024_POCOS,Cond_Eletr,0.0,ZERO_REQUIRES_REVIEW,REVIEW,zero preservado e não assumido como medição válida,NONE
3500023354,SGB_HIDRO_MS_2024_POCOS,profundida,0.0,ZERO_REQUIRES_REVIEW,REVIEW,zero preservado; provável ausência administrativa em parte dos registros,NONE
3500023354,SGB_HIDRO_MS_2024_POCOS,Cond_Eletr,0.0,ZERO_REQUIRES_REVIEW,REVIEW,zero preservado e não assumido como medição válida,NONE
3500023355,SGB_HIDRO_MS_2024_POCOS,profundida,0.0,ZERO_REQUIRES_REVIEW,REVIEW,zero preservado; provável ausência administrativa em parte dos registros,NONE
3500023355,SGB_HIDRO_MS_2024_POCOS,Cond_Eletr,0.0,ZERO_REQUIRES_REVIEW,REVIEW,zero preservado e não assumido como medição válida,NONE
3500023356,SGB_HIDRO_MS_2024_POCOS,profundida,0.0,ZERO_REQUIRES_REVIEW,REVIEW,zero preservado; provável ausência administrativa em parte dos registros,NONE
3500023356,SGB_HIDRO_MS_2024_POCOS,Cond_Eletr,0.0,ZERO_REQUIRES_REVIEW,REVIEW,zero preservado e não assumido como medição válida,NONE
3500023357,SGB_HIDRO_MS_2024_POCOS,profundida,0.0,ZERO_REQUIRES_REVIEW,REVIEW,zero preservado; provável ausência administrativa em parte dos registros,NONE
3500023357,SGB_HIDRO_MS_2024_POCOS,Cond_Eletr,0.0,ZERO_REQUIRES_REVIEW,REVIEW,zero preservado e não assumido como medição válida,NONE
3500023358,SGB_HIDRO_MS_2024_POCOS,profundida,0.0,ZERO_REQUIRES_REVIEW,REVIEW,zero preservado; provável ausência administrativa em parte dos registros,NONE
3500023358,SGB_HIDRO_MS_2024_POCOS,Cond_Eletr,0.0,ZERO_REQUIRES_REVIEW,REVIEW,zero preservado e não assumido como medição válida,NONE
3500023359,SGB_HIDRO_MS_2024_POCOS,profundida,0.0,ZERO_REQUIRES_REVIEW,REVIEW,zero preservado; provável ausência administrativa em parte dos registros,NONE
3500023359,SGB_HIDRO_MS_2024_POCOS,Cond_Eletr,0.0,ZERO_REQUIRES_REVIEW,REVIEW,zero preservado e não assumido como medição válida,NONE
3500023360,SGB_HIDRO_MS_2024_POCOS,profundida,0.0,ZERO_REQUIRES_REVIEW,REVIEW,zero preservado; provável ausência administrativa em parte dos registros,NONE
3500023360,SGB_HIDRO_MS_2024_POCOS,Cond_Eletr,0.0,ZERO_REQUIRES_REVIEW,REVIEW,zero preservado e não assumido como medição válida,NONE
3500023361,SGB_HIDRO_MS_2024_POCOS,profundida,0.0,ZERO_REQUIRES_REVIEW,REVIEW,zero preservado; provável ausência administrativa em parte dos registros,NONE
3500023361,SGB_HIDRO_MS_2024_POCOS,Cond_Eletr,0.0,ZERO_REQUIRES_REVIEW,REVIEW,zero preservado e não assumido como medição válida,NONE
3500023362,SGB_HIDRO_MS_2024_POCOS,profundida,0.0,ZERO_REQUIRES_REVIEW,REVIEW,zero preservado; provável ausência administrativa em parte dos registros,NONE
3500023362,SGB_HIDRO_MS_2024_POCOS,Cond_Eletr,0.0,ZERO_REQUIRES_REVIEW,REVIEW,zero preservado e não assumido como medição válida,NONE
3500023363,SGB_HIDRO_MS_2024_POCOS,profundida,0.0,ZERO_REQUIRES_REVIEW,REVIEW,zero preservado; provável ausência administrativa em parte dos registros,NONE
3500023363,SGB_HIDRO_MS_2024_POCOS,Cond_Eletr,0.0,ZERO_REQUIRES_REVIEW,REVIEW,zero preservado e não assumido como medição válida,NONE
3500023364,SGB_HIDRO_MS_2024_POCOS,profundida,0.0,ZERO_REQUIRES_REVIEW,REVIEW,zero preservado; provável ausência administrativa em parte dos registros,NONE
3500023364,SGB_HIDRO_MS_2024_POCOS,Cond_Eletr,0.0,ZERO_REQUIRES_REVIEW,REVIEW,zero preservado e não assumido como medição válida,NONE
3500023365,SGB_HIDRO_MS_2024_POCOS,profundida,0.0,ZERO_REQUIRES_REVIEW,REVIEW,zero preservado; provável ausência administrativa em parte dos registros,NONE
3500023365,SGB_HIDRO_MS_2024_POCOS,Cond_Eletr,0.0,ZERO_REQUIRES_REVIEW,REVIEW,zero preservado e não assumido como medição válida,NONE
3500023366,SGB_HIDRO_MS_2024_POCOS,profundida,0.0,ZERO_REQUIRES_REVIEW,REVIEW,zero preservado; provável ausência administrativa em parte dos registros,NONE
3500023366,SGB_HIDRO_MS_2024_POCOS,Cond_Eletr,0.0,ZERO_REQUIRES_REVIEW,REVIEW,zero preservado e não assumido como medição válida,NONE
3500023367,SGB_HIDRO_MS_2024_POCOS,profundida,0.0,ZERO_REQUIRES_REVIEW,REVIEW,zero preservado; provável ausência administrativa em parte dos registros,NONE
3500023367,SGB_HIDRO_MS_2024_POCOS,Cond_Eletr,0.0,ZERO_REQUIRES_REVIEW,REVIEW,zero preservado e não assumido como medição válida,NONE
3500023368,SGB_HIDRO_MS_2024_POCOS,profundida,0.0,ZERO_REQUIRES_REVIEW,REVIEW,zero preservado; provável ausência administrativa em parte dos registros,NONE
3500023368,SGB_HIDRO_MS_2024_POCOS,Cond_Eletr,0.0,ZERO_REQUIRES_REVIEW,REVIEW,zero preservado e não assumido como medição válida,NONE
3500023369,SGB_HIDRO_MS_2024_POCOS,profundida,0.0,ZERO_REQUIRES_REVIEW,REVIEW,zero preservado; provável ausência administrativa em parte dos registros,NONE
3500023369,SGB_HIDRO_MS_2024_POCOS,Cond_Eletr,0.0,ZERO_REQUIRES_REVIEW,REVIEW,zero preservado e não assumido como medição válida,NONE
3500023370,SGB_HIDRO_MS_2024_POCOS,profundida,0.0,ZERO_REQUIRES_REVIEW,REVIEW,zero preservado; provável ausência administrativa em parte dos registros,NONE
3500023370,SGB_HIDRO_MS_2024_POCOS,Cond_Eletr,0.0,ZERO_REQUIRES_REVIEW,REVIEW,zero preservado e não assumido como medição válida,NONE
3500023371,SGB_HIDRO_MS_2024_POCOS,profundida,0.0,ZERO_REQUIRES_REVIEW,REVIEW,zero preservado; provável ausência administrativa em parte dos registros,NONE
3500023371,SGB_HIDRO_MS_2024_POCOS,Cond_Eletr,0.0,ZERO_REQUIRES_REVIEW,REVIEW,zero preservado e não assumido como medição válida,NONE
3500023372,SGB_HIDRO_MS_2024_POCOS,profundida,0.0,ZERO_REQUIRES_REVIEW,REVIEW,zero preservado; provável ausência administrativa em parte dos registros,NONE
3500023372,SGB_HIDRO_MS_2024_POCOS,Cond_Eletr,0.0,ZERO_REQUIRES_REVIEW,REVIEW,zero preservado e não assumido como medição válida,NONE
3500023373,SGB_HIDRO_MS_2024_POCOS,profundida,0.0,ZERO_REQUIRES_REVIEW,REVIEW,zero preservado; provável ausência administrativa em parte dos registros,NONE
3500023373,SGB_HIDRO_MS_2024_POCOS,Cond_Eletr,0.0,ZERO_REQUIRES_REVIEW,REVIEW,zero preservado e não assumido como medição válida,NONE
3500023374,SGB_HIDRO_MS_2024_POCOS,profundida,0.0,ZERO_REQUIRES_REVIEW,REVIEW,zero preservado; provável ausência administrativa em parte dos registros,NONE
3500023374,SGB_HIDRO_MS_2024_POCOS,Cond_Eletr,0.0,ZERO_REQUIRES_REVIEW,REVIEW,zero preservado e não assumido como medição válida,NONE
3500023375,SGB_HIDRO_MS_2024_POCOS,profundida,0.0,ZERO_REQUIRES_REVIEW,REVIEW,zero preservado; provável ausência administrativa em parte dos registros,NONE
3500023375,SGB_HIDRO_MS_2024_POCOS,Cond_Eletr,0.0,ZERO_REQUIRES_REVIEW,REVIEW,zero preservado e não assumido como medição válida,NONE
3500023376,SGB_HIDRO_MS_2024_POCOS,profundida,0.0,ZERO_REQUIRES_REVIEW,REVIEW,zero preservado; provável ausência administrativa em parte dos registros,NONE
3500023376,SGB_HIDRO_MS_2024_POCOS,Cond_Eletr,0.0,ZERO_REQUIRES_REVIEW,REVIEW,zero preservado e não assumido como medição válida,NONE
3500023377,SGB_HIDRO_MS_2024_POCOS,profundida,0.0,ZERO_REQUIRES_REVIEW,REVIEW,zero preservado; provável ausência administrativa em parte dos registros,NONE
3500023377,SGB_HIDRO_MS_2024_POCOS,Cond_Eletr,0.0,ZERO_REQUIRES_REVIEW,REVIEW,zero preservado e não assumido como medição válida,NONE
3500023378,SGB_HIDRO_MS_2024_POCOS,profundida,0.0,ZERO_REQUIRES_REVIEW,REVIEW,zero preservado; provável ausência administrativa em parte dos registros,NONE
3500023378,SGB_HIDRO_MS_2024_POCOS,Cond_Eletr,0.0,ZERO_REQUIRES_REVIEW,REVIEW,zero preservado e não assumido como medição válida,NONE
3500023379,SGB_HIDRO_MS_2024_POCOS,profundida,0.0,ZERO_REQUIRES_REVIEW,REVIEW,zero preservado; provável ausência administrativa em parte dos registros,NONE
3500023379,SGB_HIDRO_MS_2024_POCOS,Cond_Eletr,0.0,ZERO_REQUIRES_REVIEW,REVIEW,zero preservado e não assumido como medição válida,NONE
3500023380,SGB_HIDRO_MS_2024_POCOS,profundida,0.0,ZERO_REQUIRES_REVIEW,REVIEW,zero preservado; provável ausência administrativa em parte dos registros,NONE
3500023380,SGB_HIDRO_MS_2024_POCOS,Cond_Eletr,0.0,ZERO_REQUIRES_REVIEW,REVIEW,zero preservado e não assumido como medição válida,NONE
3500023381,SGB_HIDRO_MS_2024_POCOS,profundida,0.0,ZERO_REQUIRES_REVIEW,REVIEW,zero preservado; provável ausência administrativa em parte dos registros,NONE
3500023381,SGB_HIDRO_MS_2024_POCOS,Cond_Eletr,0.0,ZERO_REQUIRES_REVIEW,REVIEW,zero preservado e não assumido como medição válida,NONE
3500023382,SGB_HIDRO_MS_2024_POCOS,profundida,0.0,ZERO_REQUIRES_REVIEW,REVIEW,zero preservado; provável ausência administrativa em parte dos registros,NONE
3500023382,SGB_HIDRO_MS_2024_POCOS,Cond_Eletr,0.0,ZERO_REQUIRES_REVIEW,REVIEW,zero preservado e não assumido como medição válida,NONE
3500023383,SGB_HIDRO_MS_2024_POCOS,profundida,0.0,ZERO_REQUIRES_REVIEW,REVIEW,zero preservado; provável ausência administrativa em parte dos registros,NONE
3500023383,SGB_HIDRO_MS_2024_POCOS,Cond_Eletr,0.0,ZERO_REQUIRES_REVIEW,REVIEW,zero preservado e não assumido como medição válida,NONE
3500023384,SGB_HIDRO_MS_2024_POCOS,profundida,0.0,ZERO_REQUIRES_REVIEW,REVIEW,zero preservado; provável ausência administrativa em parte dos registros,NONE
3500023384,SGB_HIDRO_MS_2024_POCOS,Cond_Eletr,0.0,ZERO_REQUIRES_REVIEW,REVIEW,zero preservado e não assumido como medição válida,NONE
3500023385,SGB_HIDRO_MS_2024_POCOS,profundida,0.0,ZERO_REQUIRES_REVIEW,REVIEW,zero preservado; provável ausência administrativa em parte dos registros,NONE
3500023385,SGB_HIDRO_MS_2024_POCOS,Cond_Eletr,0.0,ZERO_REQUIRES_REVIEW,REVIEW,zero preservado e não assumido como medição válida,NONE
3500023386,SGB_HIDRO_MS_2024_POCOS,profundida,0.0,ZERO_REQUIRES_REVIEW,REVIEW,zero preservado; provável ausência administrativa em parte dos registros,NONE
3500023387,SGB_HIDRO_MS_2024_POCOS,profundida,0.0,ZERO_REQUIRES_REVIEW,REVIEW,zero preservado; provável ausência administrativa em parte dos registros,NONE
3500023387,SGB_HIDRO_MS_2024_POCOS,Cond_Eletr,0.0,ZERO_REQUIRES_REVIEW,REVIEW,zero preservado e não assumido como medição válida,NONE
3500023388,SGB_HIDRO_MS_2024_POCOS,profundida,0.0,ZERO_REQUIRES_REVIEW,REVIEW,zero preservado; provável ausência administrativa em parte dos registros,NONE
3500023388,SGB_HIDRO_MS_2024_POCOS,vazao_espe,0.0,ZERO_REQUIRES_REVIEW,REVIEW,zero preservado e não assumido como medição válida,NONE
3500023388,SGB_HIDRO_MS_2024_POCOS,Cond_Eletr,0.0,ZERO_REQUIRES_REVIEW,REVIEW,zero preservado e não assumido como medição válida,NONE
3500023389,SGB_HIDRO_MS_2024_POCOS,profundida,0.0,ZERO_REQUIRES_REVIEW,REVIEW,zero preservado; provável ausência administrativa em parte dos registros,NONE
3500023389,SGB_HIDRO_MS_2024_POCOS,vazao_espe,0.0,ZERO_REQUIRES_REVIEW,REVIEW,zero preservado e não assumido como medição válida,NONE
3500023389,SGB_HIDRO_MS_2024_POCOS,Cond_Eletr,0.0,ZERO_REQUIRES_REVIEW,REVIEW,zero preservado e não assumido como medição válida,NONE
3500023390,SGB_HIDRO_MS_2024_POCOS,profundida,0.0,ZERO_REQUIRES_REVIEW,REVIEW,zero preservado; provável ausência administrativa em parte dos registros,NONE
3500023390,SGB_HIDRO_MS_2024_POCOS,vazao_espe,0.0,ZERO_REQUIRES_REVIEW,REVIEW,zero preservado e não assumido como medição válida,NONE
3500023390,SGB_HIDRO_MS_2024_POCOS,Cond_Eletr,0.0,ZERO_REQUIRES_REVIEW,REVIEW,zero preservado e não assumido como medição válida,NONE
3500023391,SGB_HIDRO_MS_2024_POCOS,profundida,0.0,ZERO_REQUIRES_REVIEW,REVIEW,zero preservado; provável ausência administrativa em parte dos registros,NONE
3500023391,SGB_HIDRO_MS_2024_POCOS,Cond_Eletr,0.0,ZERO_REQUIRES_REVIEW,REVIEW,zero preservado e não assumido como medição válida,NONE
3500023392,SGB_HIDRO_MS_2024_POCOS,profundida,0.0,ZERO_REQUIRES_REVIEW,REVIEW,zero preservado; provável ausência administrativa em parte dos registros,NONE
3500023392,SGB_HIDRO_MS_2024_POCOS,Cond_Eletr,0.0,ZERO_REQUIRES_REVIEW,REVIEW,zero preservado e não assumido como medição válida,NONE
3500023393,SGB_HIDRO_MS_2024_POCOS,profundida,0.0,ZERO_REQUIRES_REVIEW,REVIEW,zero preservado; provável ausência administrativa em parte dos registros,NONE
3500023393,SGB_HIDRO_MS_2024_POCOS,Cond_Eletr,0.0,ZERO_REQUIRES_REVIEW,REVIEW,zero preservado e não assumido como medição válida,NONE
3500023394,SGB_HIDRO_MS_2024_POCOS,profundida,0.0,ZERO_REQUIRES_REVIEW,REVIEW,zero preservado; provável ausência administrativa em parte dos registros,NONE
3500023394,SGB_HIDRO_MS_2024_POCOS,Cond_Eletr,0.0,ZERO_REQUIRES_REVIEW,REVIEW,zero preservado e não assumido como medição válida,NONE
3500026836,SGB_HIDRO_MS_2024_POCOS,profundida,0.0,ZERO_REQUIRES_REVIEW,REVIEW,zero preservado; provável ausência administrativa em parte dos registros,NONE
3500026837,SGB_HIDRO_MS_2024_POCOS,profundida,0.0,ZERO_REQUIRES_REVIEW,REVIEW,zero preservado; provável ausência administrativa em parte dos registros,NONE
3500026838,SGB_HIDRO_MS_2024_POCOS,profundida,0.0,ZERO_REQUIRES_REVIEW,REVIEW,zero preservado; provável ausência administrativa em parte dos registros,NONE
3500026839,SGB_HIDRO_MS_2024_POCOS,profundida,0.0,ZERO_REQUIRES_REVIEW,REVIEW,zero preservado; provável ausência administrativa em parte dos registros,NONE
3500026840,SGB_HIDRO_MS_2024_POCOS,profundida,0.0,ZERO_REQUIRES_REVIEW,REVIEW,zero preservado; provável ausência administrativa em parte dos registros,NONE
3500026912,SGB_HIDRO_MS_2024_POCOS,profundida,0.0,ZERO_REQUIRES_REVIEW,REVIEW,zero preservado; provável ausência administrativa em parte dos registros,NONE
3500026912,SGB_HIDRO_MS_2024_POCOS,vazao_espe,0.0,ZERO_REQUIRES_REVIEW,REVIEW,zero preservado e não assumido como medição válida,NONE
3500026912,SGB_HIDRO_MS_2024_POCOS,Cond_Eletr,0.0,ZERO_REQUIRES_REVIEW,REVIEW,zero preservado e não assumido como medição válida,NONE
3500026913,SGB_HIDRO_MS_2024_POCOS,profundida,0.0,ZERO_REQUIRES_REVIEW,REVIEW,zero preservado; provável ausência administrativa em parte dos registros,NONE
3500026913,SGB_HIDRO_MS_2024_POCOS,vazao_espe,0.0,ZERO_REQUIRES_REVIEW,REVIEW,zero preservado e não assumido como medição válida,NONE
3500026913,SGB_HIDRO_MS_2024_POCOS,Cond_Eletr,0.0,ZERO_REQUIRES_REVIEW,REVIEW,zero preservado e não assumido como medição válida,NONE
3500026914,SGB_HIDRO_MS_2024_POCOS,profundida,0.0,ZERO_REQUIRES_REVIEW,REVIEW,zero preservado; provável ausência administrativa em parte dos registros,NONE
3500026914,SGB_HIDRO_MS_2024_POCOS,vazao_espe,0.0,ZERO_REQUIRES_REVIEW,REVIEW,zero preservado e não assumido como medição válida,NONE
3500026914,SGB_HIDRO_MS_2024_POCOS,Cond_Eletr,0.0,ZERO_REQUIRES_REVIEW,REVIEW,zero preservado e não assumido como medição válida,NONE
3500026915,SGB_HIDRO_MS_2024_POCOS,profundida,0.0,ZERO_REQUIRES_REVIEW,REVIEW,zero preservado; provável ausência administrativa em parte dos registros,NONE
3500026915,SGB_HIDRO_MS_2024_POCOS,vazao_espe,0.0,ZERO_REQUIRES_REVIEW,REVIEW,zero preservado e não assumido como medição válida,NONE
3500026915,SGB_HIDRO_MS_2024_POCOS,Cond_Eletr,0.0,ZERO_REQUIRES_REVIEW,REVIEW,zero preservado e não assumido como medição válida,NONE
3500026916,SGB_HIDRO_MS_2024_POCOS,profundida,0.0,ZERO_REQUIRES_REVIEW,REVIEW,zero preservado; provável ausência administrativa em parte dos registros,NONE
3500026916,SGB_HIDRO_MS_2024_POCOS,vazao_espe,0.0,ZERO_REQUIRES_REVIEW,REVIEW,zero preservado e não assumido como medição válida,NONE
3500026916,SGB_HIDRO_MS_2024_POCOS,Cond_Eletr,0.0,ZERO_REQUIRES_REVIEW,REVIEW,zero preservado e não assumido como medição válida,NONE
3500026917,SGB_HIDRO_MS_2024_POCOS,profundida,0.0,ZERO_REQUIRES_REVIEW,REVIEW,zero preservado; provável ausência administrativa em parte dos registros,NONE
3500026917,SGB_HIDRO_MS_2024_POCOS,vazao_espe,0.0,ZERO_REQUIRES_REVIEW,REVIEW,zero preservado e não assumido como medição válida,NONE
3500026918,SGB_HIDRO_MS_2024_POCOS,profundida,0.0,ZERO_REQUIRES_REVIEW,REVIEW,zero preservado; provável ausência administrativa em parte dos registros,NONE
3500026918,SGB_HIDRO_MS_2024_POCOS,Cond_Eletr,0.0,ZERO_REQUIRES_REVIEW,REVIEW,zero preservado e não assumido como medição válida,NONE
3500026919,SGB_HIDRO_MS_2024_POCOS,profundida,0.0,ZERO_REQUIRES_REVIEW,REVIEW,zero preservado; provável ausência administrativa em parte dos registros,NONE
3500026919,SGB_HIDRO_MS_2024_POCOS,vazao_espe,0.0,ZERO_REQUIRES_REVIEW,REVIEW,zero preservado e não assumido como medição válida,NONE
3500026919,SGB_HIDRO_MS_2024_POCOS,Cond_Eletr,0.0,ZERO_REQUIRES_REVIEW,REVIEW,zero preservado e não assumido como medição válida,NONE
3500026920,SGB_HIDRO_MS_2024_POCOS,profundida,0.0,ZERO_REQUIRES_REVIEW,REVIEW,zero preservado; provável ausência administrativa em parte dos registros,NONE
3500026920,SGB_HIDRO_MS_2024_POCOS,vazao_espe,0.0,ZERO_REQUIRES_REVIEW,REVIEW,zero preservado e não assumido como medição válida,NONE
3500026920,SGB_HIDRO_MS_2024_POCOS,Cond_Eletr,0.0,ZERO_REQUIRES_REVIEW,REVIEW,zero preservado e não assumido como medição válida,NONE
3500026921,SGB_HIDRO_MS_2024_POCOS,profundida,0.0,ZERO_REQUIRES_REVIEW,REVIEW,zero preservado; provável ausência administrativa em parte dos registros,NONE
3500026921,SGB_HIDRO_MS_2024_POCOS,vazao_espe,0.0,ZERO_REQUIRES_REVIEW,REVIEW,zero preservado e não assumido como medição válida,NONE
3500026921,SGB_HIDRO_MS_2024_POCOS,Cond_Eletr,0.0,ZERO_REQUIRES_REVIEW,REVIEW,zero preservado e não assumido como medição válida,NONE
3500026922,SGB_HIDRO_MS_2024_POCOS,profundida,0.0,ZERO_REQUIRES_REVIEW,REVIEW,zero preservado; provável ausência administrativa em parte dos registros,NONE
3500026922,SGB_HIDRO_MS_2024_POCOS,vazao_espe,0.0,ZERO_REQUIRES_REVIEW,REVIEW,zero preservado e não assumido como medição válida,NONE
3500026922,SGB_HIDRO_MS_2024_POCOS,Cond_Eletr,0.0,ZERO_REQUIRES_REVIEW,REVIEW,zero preservado e não assumido como medição válida,NONE
3500026923,SGB_HIDRO_MS_2024_POCOS,profundida,0.0,ZERO_REQUIRES_REVIEW,REVIEW,zero preservado; provável ausência administrativa em parte dos registros,NONE
3500026923,SGB_HIDRO_MS_2024_POCOS,vazao_espe,0.0,ZERO_REQUIRES_REVIEW,REVIEW,zero preservado e não assumido como medição válida,NONE
3500026923,SGB_HIDRO_MS_2024_POCOS,Cond_Eletr,0.0,ZERO_REQUIRES_REVIEW,REVIEW,zero preservado e não assumido como medição válida,NONE
3500026924,SGB_HIDRO_MS_2024_POCOS,profundida,0.0,ZERO_REQUIRES_REVIEW,REVIEW,zero preservado; provável ausência administrativa em parte dos registros,NONE
3500026924,SGB_HIDRO_MS_2024_POCOS,vazao_espe,0.0,ZERO_REQUIRES_REVIEW,REVIEW,zero preservado e não assumido como medição válida,NONE
3500026924,SGB_HIDRO_MS_2024_POCOS,Cond_Eletr,0.0,ZERO_REQUIRES_REVIEW,REVIEW,zero preservado e não assumido como medição válida,NONE
3500026925,SGB_HIDRO_MS_2024_POCOS,profundida,0.0,ZERO_REQUIRES_REVIEW,REVIEW,zero preservado; provável ausência administrativa em parte dos registros,NONE
3500026925,SGB_HIDRO_MS_2024_POCOS,vazao_espe,0.0,ZERO_REQUIRES_REVIEW,REVIEW,zero preservado e não assumido como medição válida,NONE
3500026925,SGB_HIDRO_MS_2024_POCOS,Cond_Eletr,0.0,ZERO_REQUIRES_REVIEW,REVIEW,zero preservado e não assumido como medição válida,NONE
3500026926,SGB_HIDRO_MS_2024_POCOS,profundida,0.0,ZERO_REQUIRES_REVIEW,REVIEW,zero preservado; provável ausência administrativa em parte dos registros,NONE
3500026926,SGB_HIDRO_MS_2024_POCOS,vazao_espe,0.0,ZERO_REQUIRES_REVIEW,REVIEW,zero preservado e não assumido como medição válida,NONE
3500026926,SGB_HIDRO_MS_2024_POCOS,Cond_Eletr,0.0,ZERO_REQUIRES_REVIEW,REVIEW,zero preservado e não assumido como medição válida,NONE
3500026927,SGB_HIDRO_MS_2024_POCOS,profundida,0.0,ZERO_REQUIRES_REVIEW,REVIEW,zero preservado; provável ausência administrativa em parte dos registros,NONE
3500026927,SGB_HIDRO_MS_2024_POCOS,Cond_Eletr,0.0,ZERO_REQUIRES_REVIEW,REVIEW,zero preservado e não assumido como medição válida,NONE
3500026928,SGB_HIDRO_MS_2024_POCOS,profundida,0.0,ZERO_REQUIRES_REVIEW,REVIEW,zero preservado; provável ausência administrativa em parte dos registros,NONE
3500026928,SGB_HIDRO_MS_2024_POCOS,Cond_Eletr,0.0,ZERO_REQUIRES_REVIEW,REVIEW,zero preservado e não assumido como medição válida,NONE
3500026929,SGB_HIDRO_MS_2024_POCOS,profundida,0.0,ZERO_REQUIRES_REVIEW,REVIEW,zero preservado; provável ausência administrativa em parte dos registros,NONE
3500026929,SGB_HIDRO_MS_2024_POCOS,vazao_espe,0.0,ZERO_REQUIRES_REVIEW,REVIEW,zero preservado e não assumido como medição válida,NONE
3500026929,SGB_HIDRO_MS_2024_POCOS,Cond_Eletr,0.0,ZERO_REQUIRES_REVIEW,REVIEW,zero preservado e não assumido como medição válida,NONE
3500026930,SGB_HIDRO_MS_2024_POCOS,profundida,0.0,ZERO_REQUIRES_REVIEW,REVIEW,zero preservado; provável ausência administrativa em parte dos registros,NONE
3500026931,SGB_HIDRO_MS_2024_POCOS,profundida,0.0,ZERO_REQUIRES_REVIEW,REVIEW,zero preservado; provável ausência administrativa em parte dos registros,NONE
3500026931,SGB_HIDRO_MS_2024_POCOS,vazao_espe,0.0,ZERO_REQUIRES_REVIEW,REVIEW,zero preservado e não assumido como medição válida,NONE
3500026931,SGB_HIDRO_MS_2024_POCOS,Cond_Eletr,0.0,ZERO_REQUIRES_REVIEW,REVIEW,zero preservado e não assumido como medição válida,NONE
3500026932,SGB_HIDRO_MS_2024_POCOS,profundida,0.0,ZERO_REQUIRES_REVIEW,REVIEW,zero preservado; provável ausência administrativa em parte dos registros,NONE
3500026932,SGB_HIDRO_MS_2024_POCOS,Cond_Eletr,0.0,ZERO_REQUIRES_REVIEW,REVIEW,zero preservado e não assumido como medição válida,NONE
3500026933,SGB_HIDRO_MS_2024_POCOS,profundida,0.0,ZERO_REQUIRES_REVIEW,REVIEW,zero preservado; provável ausência administrativa em parte dos registros,NONE
3500026933,SGB_HIDRO_MS_2024_POCOS,Cond_Eletr,0.0,ZERO_REQUIRES_REVIEW,REVIEW,zero preservado e não assumido como medição válida,NONE
3500026934,SGB_HIDRO_MS_2024_POCOS,profundida,0.0,ZERO_REQUIRES_REVIEW,REVIEW,zero preservado; provável ausência administrativa em parte dos registros,NONE
3500026934,SGB_HIDRO_MS_2024_POCOS,Cond_Eletr,0.0,ZERO_REQUIRES_REVIEW,REVIEW,zero preservado e não assumido como medição válida,NONE
3500026935,SGB_HIDRO_MS_2024_POCOS,profundida,0.0,ZERO_REQUIRES_REVIEW,REVIEW,zero preservado; provável ausência administrativa em parte dos registros,NONE
3500026935,SGB_HIDRO_MS_2024_POCOS,Cond_Eletr,0.0,ZERO_REQUIRES_REVIEW,REVIEW,zero preservado e não assumido como medição válida,NONE
3500026936,SGB_HIDRO_MS_2024_POCOS,profundida,0.0,ZERO_REQUIRES_REVIEW,REVIEW,zero preservado; provável ausência administrativa em parte dos registros,NONE
3500026936,SGB_HIDRO_MS_2024_POCOS,vazao_espe,0.0,ZERO_REQUIRES_REVIEW,REVIEW,zero preservado e não assumido como medição válida,NONE
3500026936,SGB_HIDRO_MS_2024_POCOS,Cond_Eletr,0.0,ZERO_REQUIRES_REVIEW,REVIEW,zero preservado e não assumido como medição válida,NONE
3500026937,SGB_HIDRO_MS_2024_POCOS,profundida,0.0,ZERO_REQUIRES_REVIEW,REVIEW,zero preservado; provável ausência administrativa em parte dos registros,NONE
3500026937,SGB_HIDRO_MS_2024_POCOS,Cond_Eletr,0.0,ZERO_REQUIRES_REVIEW,REVIEW,zero preservado e não assumido como medição válida,NONE
3500026938,SGB_HIDRO_MS_2024_POCOS,profundida,0.0,ZERO_REQUIRES_REVIEW,REVIEW,zero preservado; provável ausência administrativa em parte dos registros,NONE
3500026938,SGB_HIDRO_MS_2024_POCOS,vazao_espe,0.0,ZERO_REQUIRES_REVIEW,REVIEW,zero preservado e não assumido como medição válida,NONE
3500026938,SGB_HIDRO_MS_2024_POCOS,Cond_Eletr,0.0,ZERO_REQUIRES_REVIEW,REVIEW,zero preservado e não assumido como medição válida,NONE
3500026939,SGB_HIDRO_MS_2024_POCOS,profundida,0.0,ZERO_REQUIRES_REVIEW,REVIEW,zero preservado; provável ausência administrativa em parte dos registros,NONE
3500026939,SGB_HIDRO_MS_2024_POCOS,Cond_Eletr,0.0,ZERO_REQUIRES_REVIEW,REVIEW,zero preservado e não assumido como medição válida,NONE
3500026940,SGB_HIDRO_MS_2024_POCOS,profundida,0.0,ZERO_REQUIRES_REVIEW,REVIEW,zero preservado; provável ausência administrativa em parte dos registros,NONE
3500026940,SGB_HIDRO_MS_2024_POCOS,vazao_espe,0.0,ZERO_REQUIRES_REVIEW,REVIEW,zero preservado e não assumido como medição válida,NONE
3500026940,SGB_HIDRO_MS_2024_POCOS,Cond_Eletr,0.0,ZERO_REQUIRES_REVIEW,REVIEW,zero preservado e não assumido como medição válida,NONE
3500026941,SGB_HIDRO_MS_2024_POCOS,profundida,0.0,ZERO_REQUIRES_REVIEW,REVIEW,zero preservado; provável ausência administrativa em parte dos registros,NONE
3500026941,SGB_HIDRO_MS_2024_POCOS,Cond_Eletr,0.0,ZERO_REQUIRES_REVIEW,REVIEW,zero preservado e não assumido como medição válida,NONE
3500026942,SGB_HIDRO_MS_2024_POCOS,profundida,0.0,ZERO_REQUIRES_REVIEW,REVIEW,zero preservado; provável ausência administrativa em parte dos registros,NONE
3500026942,SGB_HIDRO_MS_2024_POCOS,Cond_Eletr,0.0,ZERO_REQUIRES_REVIEW,REVIEW,zero preservado e não assumido como medição válida,NONE
3500026943,SGB_HIDRO_MS_2024_POCOS,profundida,0.0,ZERO_REQUIRES_REVIEW,REVIEW,zero preservado; provável ausência administrativa em parte dos registros,NONE
3500026943,SGB_HIDRO_MS_2024_POCOS,vazao_espe,0.0,ZERO_REQUIRES_REVIEW,REVIEW,zero preservado e não assumido como medição válida,NONE
3500026943,SGB_HIDRO_MS_2024_POCOS,Cond_Eletr,0.0,ZERO_REQUIRES_REVIEW,REVIEW,zero preservado e não assumido como medição válida,NONE
3500026944,SGB_HIDRO_MS_2024_POCOS,profundida,0.0,ZERO_REQUIRES_REVIEW,REVIEW,zero preservado; provável ausência administrativa em parte dos registros,NONE
3500026944,SGB_HIDRO_MS_2024_POCOS,Cond_Eletr,0.0,ZERO_REQUIRES_REVIEW,REVIEW,zero preservado e não assumido como medição válida,NONE
3500026945,SGB_HIDRO_MS_2024_POCOS,profundida,0.0,ZERO_REQUIRES_REVIEW,REVIEW,zero preservado; provável ausência administrativa em parte dos registros,NONE
3500026945,SGB_HIDRO_MS_2024_POCOS,vazao_espe,0.0,ZERO_REQUIRES_REVIEW,REVIEW,zero preservado e não assumido como medição válida,NONE
3500026945,SGB_HIDRO_MS_2024_POCOS,Cond_Eletr,0.0,ZERO_REQUIRES_REVIEW,REVIEW,zero preservado e não assumido como medição válida,NONE
3500026946,SGB_HIDRO_MS_2024_POCOS,profundida,0.0,ZERO_REQUIRES_REVIEW,REVIEW,zero preservado; provável ausência administrativa em parte dos registros,NONE
3500026946,SGB_HIDRO_MS_2024_POCOS,vazao_espe,0.0,ZERO_REQUIRES_REVIEW,REVIEW,zero preservado e não assumido como medição válida,NONE
3500026946,SGB_HIDRO_MS_2024_POCOS,Cond_Eletr,0.0,ZERO_REQUIRES_REVIEW,REVIEW,zero preservado e não assumido como medição válida,NONE
3500026947,SGB_HIDRO_MS_2024_POCOS,profundida,0.0,ZERO_REQUIRES_REVIEW,REVIEW,zero preservado; provável ausência administrativa em parte dos registros,NONE
3500026947,SGB_HIDRO_MS_2024_POCOS,Cond_Eletr,0.0,ZERO_REQUIRES_REVIEW,REVIEW,zero preservado e não assumido como medição válida,NONE
3500026948,SGB_HIDRO_MS_2024_POCOS,profundida,0.0,ZERO_REQUIRES_REVIEW,REVIEW,zero preservado; provável ausência administrativa em parte dos registros,NONE
3500026948,SGB_HIDRO_MS_2024_POCOS,vazao_espe,0.0,ZERO_REQUIRES_REVIEW,REVIEW,zero preservado e não assumido como medição válida,NONE
3500026949,SGB_HIDRO_MS_2024_POCOS,profundida,0.0,ZERO_REQUIRES_REVIEW,REVIEW,zero preservado; provável ausência administrativa em parte dos registros,NONE
3500026950,SGB_HIDRO_MS_2024_POCOS,profundida,0.0,ZERO_REQUIRES_REVIEW,REVIEW,zero preservado; provável ausência administrativa em parte dos registros,NONE
3500026950,SGB_HIDRO_MS_2024_POCOS,Cond_Eletr,0.0,ZERO_REQUIRES_REVIEW,REVIEW,zero preservado e não assumido como medição válida,NONE
3500026951,SGB_HIDRO_MS_2024_POCOS,profundida,0.0,ZERO_REQUIRES_REVIEW,REVIEW,zero preservado; provável ausência administrativa em parte dos registros,NONE
3500026951,SGB_HIDRO_MS_2024_POCOS,Cond_Eletr,0.0,ZERO_REQUIRES_REVIEW,REVIEW,zero preservado e não assumido como medição válida,NONE
3500026952,SGB_HIDRO_MS_2024_POCOS,profundida,0.0,ZERO_REQUIRES_REVIEW,REVIEW,zero preservado; provável ausência administrativa em parte dos registros,NONE
3500026952,SGB_HIDRO_MS_2024_POCOS,vazao_espe,0.0,ZERO_REQUIRES_REVIEW,REVIEW,zero preservado e não assumido como medição válida,NONE
3500026952,SGB_HIDRO_MS_2024_POCOS,Cond_Eletr,0.0,ZERO_REQUIRES_REVIEW,REVIEW,zero preservado e não assumido como medição válida,NONE
3500026953,SGB_HIDRO_MS_2024_POCOS,profundida,0.0,ZERO_REQUIRES_REVIEW,REVIEW,zero preservado; provável ausência administrativa em parte dos registros,NONE
3500026953,SGB_HIDRO_MS_2024_POCOS,vazao_espe,0.0,ZERO_REQUIRES_REVIEW,REVIEW,zero preservado e não assumido como medição válida,NONE
3500026953,SGB_HIDRO_MS_2024_POCOS,Cond_Eletr,0.0,ZERO_REQUIRES_REVIEW,REVIEW,zero preservado e não assumido como medição válida,NONE
3500026954,SGB_HIDRO_MS_2024_POCOS,profundida,0.0,ZERO_REQUIRES_REVIEW,REVIEW,zero preservado; provável ausência administrativa em parte dos registros,NONE
3500026954,SGB_HIDRO_MS_2024_POCOS,vazao_espe,0.0,ZERO_REQUIRES_REVIEW,REVIEW,zero preservado e não assumido como medição válida,NONE
3500026954,SGB_HIDRO_MS_2024_POCOS,Cond_Eletr,0.0,ZERO_REQUIRES_REVIEW,REVIEW,zero preservado e não assumido como medição válida,NONE
3500026955,SGB_HIDRO_MS_2024_POCOS,profundida,0.0,ZERO_REQUIRES_REVIEW,REVIEW,zero preservado; provável ausência administrativa em parte dos registros,NONE
3500026955,SGB_HIDRO_MS_2024_POCOS,Cond_Eletr,0.0,ZERO_REQUIRES_REVIEW,REVIEW,zero preservado e não assumido como medição válida,NONE
3500026956,SGB_HIDRO_MS_2024_POCOS,profundida,0.0,ZERO_REQUIRES_REVIEW,REVIEW,zero preservado; provável ausência administrativa em parte dos registros,NONE
3500026957,SGB_HIDRO_MS_2024_POCOS,profundida,0.0,ZERO_REQUIRES_REVIEW,REVIEW,zero preservado; provável ausência administrativa em parte dos registros,NONE
3500026958,SGB_HIDRO_MS_2024_POCOS,profundida,0.0,ZERO_REQUIRES_REVIEW,REVIEW,zero preservado; provável ausência administrativa em parte dos registros,NONE
3500026959,SGB_HIDRO_MS_2024_POCOS,profundida,0.0,ZERO_REQUIRES_REVIEW,REVIEW,zero preservado; provável ausência administrativa em parte dos registros,NONE
3500026959,SGB_HIDRO_MS_2024_POCOS,vazao_espe,0.0,ZERO_REQUIRES_REVIEW,REVIEW,zero preservado e não assumido como medição válida,NONE
3500026959,SGB_HIDRO_MS_2024_POCOS,Cond_Eletr,0.0,ZERO_REQUIRES_REVIEW,REVIEW,zero preservado e não assumido como medição válida,NONE
3500026960,SGB_HIDRO_MS_2024_POCOS,profundida,0.0,ZERO_REQUIRES_REVIEW,REVIEW,zero preservado; provável ausência administrativa em parte dos registros,NONE
3500026960,SGB_HIDRO_MS_2024_POCOS,Cond_Eletr,0.0,ZERO_REQUIRES_REVIEW,REVIEW,zero preservado e não assumido como medição válida,NONE
3500026961,SGB_HIDRO_MS_2024_POCOS,profundida,0.0,ZERO_REQUIRES_REVIEW,REVIEW,zero preservado; provável ausência administrativa em parte dos registros,NONE
3500026961,SGB_HIDRO_MS_2024_POCOS,Cond_Eletr,0.0,ZERO_REQUIRES_REVIEW,REVIEW,zero preservado e não assumido como medição válida,NONE
3500026962,SGB_HIDRO_MS_2024_POCOS,profundida,0.0,ZERO_REQUIRES_REVIEW,REVIEW,zero preservado; provável ausência administrativa em parte dos registros,NONE
3500026962,SGB_HIDRO_MS_2024_POCOS,vazao_espe,0.0,ZERO_REQUIRES_REVIEW,REVIEW,zero preservado e não assumido como medição válida,NONE
3500026962,SGB_HIDRO_MS_2024_POCOS,Cond_Eletr,0.0,ZERO_REQUIRES_REVIEW,REVIEW,zero preservado e não assumido como medição válida,NONE
3500026963,SGB_HIDRO_MS_2024_POCOS,profundida,0.0,ZERO_REQUIRES_REVIEW,REVIEW,zero preservado; provável ausência administrativa em parte dos registros,NONE
3500026963,SGB_HIDRO_MS_2024_POCOS,Cond_Eletr,0.0,ZERO_REQUIRES_REVIEW,REVIEW,zero preservado e não assumido como medição válida,NONE
3500026964,SGB_HIDRO_MS_2024_POCOS,profundida,0.0,ZERO_REQUIRES_REVIEW,REVIEW,zero preservado; provável ausência administrativa em parte dos registros,NONE
3500026964,SGB_HIDRO_MS_2024_POCOS,Cond_Eletr,0.0,ZERO_REQUIRES_REVIEW,REVIEW,zero preservado e não assumido como medição válida,NONE
3500026965,SGB_HIDRO_MS_2024_POCOS,profundida,0.0,ZERO_REQUIRES_REVIEW,REVIEW,zero preservado; provável ausência administrativa em parte dos registros,NONE
3500026965,SGB_HIDRO_MS_2024_POCOS,Cond_Eletr,0.0,ZERO_REQUIRES_REVIEW,REVIEW,zero preservado e não assumido como medição válida,NONE
3500026966,SGB_HIDRO_MS_2024_POCOS,profundida,0.0,ZERO_REQUIRES_REVIEW,REVIEW,zero preservado; provável ausência administrativa em parte dos registros,NONE
3500026966,SGB_HIDRO_MS_2024_POCOS,Cond_Eletr,0.0,ZERO_REQUIRES_REVIEW,REVIEW,zero preservado e não assumido como medição válida,NONE
3500026967,SGB_HIDRO_MS_2024_POCOS,profundida,0.0,ZERO_REQUIRES_REVIEW,REVIEW,zero preservado; provável ausência administrativa em parte dos registros,NONE
3500026967,SGB_HIDRO_MS_2024_POCOS,vazao_espe,0.0,ZERO_REQUIRES_REVIEW,REVIEW,zero preservado e não assumido como medição válida,NONE
3500026967,SGB_HIDRO_MS_2024_POCOS,Cond_Eletr,0.0,ZERO_REQUIRES_REVIEW,REVIEW,zero preservado e não assumido como medição válida,NONE
3500026968,SGB_HIDRO_MS_2024_POCOS,profundida,0.0,ZERO_REQUIRES_REVIEW,REVIEW,zero preservado; provável ausência administrativa em parte dos registros,NONE
3500026968,SGB_HIDRO_MS_2024_POCOS,vazao_espe,0.0,ZERO_REQUIRES_REVIEW,REVIEW,zero preservado e não assumido como medição válida,NONE
3500026968,SGB_HIDRO_MS_2024_POCOS,Cond_Eletr,0.0,ZERO_REQUIRES_REVIEW,REVIEW,zero preservado e não assumido como medição válida,NONE
3500026969,SGB_HIDRO_MS_2024_POCOS,profundida,0.0,ZERO_REQUIRES_REVIEW,REVIEW,zero preservado; provável ausência administrativa em parte dos registros,NONE
3500026969,SGB_HIDRO_MS_2024_POCOS,Cond_Eletr,0.0,ZERO_REQUIRES_REVIEW,REVIEW,zero preservado e não assumido como medição válida,NONE
3500026970,SGB_HIDRO_MS_2024_POCOS,profundida,0.0,ZERO_REQUIRES_REVIEW,REVIEW,zero preservado; provável ausência administrativa em parte dos registros,NONE
3500026970,SGB_HIDRO_MS_2024_POCOS,vazao_espe,0.0,ZERO_REQUIRES_REVIEW,REVIEW,zero preservado e não assumido como medição válida,NONE
3500026970,SGB_HIDRO_MS_2024_POCOS,Cond_Eletr,0.0,ZERO_REQUIRES_REVIEW,REVIEW,zero preservado e não assumido como medição válida,NONE
3500026971,SGB_HIDRO_MS_2024_POCOS,profundida,0.0,ZERO_REQUIRES_REVIEW,REVIEW,zero preservado; provável ausência administrativa em parte dos registros,NONE
3500026971,SGB_HIDRO_MS_2024_POCOS,vazao_espe,0.0,ZERO_REQUIRES_REVIEW,REVIEW,zero preservado e não assumido como medição válida,NONE
3500026971,SGB_HIDRO_MS_2024_POCOS,Cond_Eletr,0.0,ZERO_REQUIRES_REVIEW,REVIEW,zero preservado e não assumido como medição válida,NONE
3500026972,SGB_HIDRO_MS_2024_POCOS,profundida,0.0,ZERO_REQUIRES_REVIEW,REVIEW,zero preservado; provável ausência administrativa em parte dos registros,NONE
3500026972,SGB_HIDRO_MS_2024_POCOS,vazao_espe,0.0,ZERO_REQUIRES_REVIEW,REVIEW,zero preservado e não assumido como medição válida,NONE
3500026972,SGB_HIDRO_MS_2024_POCOS,Cond_Eletr,0.0,ZERO_REQUIRES_REVIEW,REVIEW,zero preservado e não assumido como medição válida,NONE
3500026973,SGB_HIDRO_MS_2024_POCOS,profundida,0.0,ZERO_REQUIRES_REVIEW,REVIEW,zero preservado; provável ausência administrativa em parte dos registros,NONE
3500026973,SGB_HIDRO_MS_2024_POCOS,vazao_espe,0.0,ZERO_REQUIRES_REVIEW,REVIEW,zero preservado e não assumido como medição válida,NONE
3500026974,SGB_HIDRO_MS_2024_POCOS,profundida,0.0,ZERO_REQUIRES_REVIEW,REVIEW,zero preservado; provável ausência administrativa em parte dos registros,NONE
3500026974,SGB_HIDRO_MS_2024_POCOS,vazao_espe,0.0,ZERO_REQUIRES_REVIEW,REVIEW,zero preservado e não assumido como medição válida,NONE
3500026974,SGB_HIDRO_MS_2024_POCOS,Cond_Eletr,0.0,ZERO_REQUIRES_REVIEW,REVIEW,zero preservado e não assumido como medição válida,NONE
3500026975,SGB_HIDRO_MS_2024_POCOS,profundida,0.0,ZERO_REQUIRES_REVIEW,REVIEW,zero preservado; provável ausência administrativa em parte dos registros,NONE
3500026975,SGB_HIDRO_MS_2024_POCOS,vazao_espe,0.0,ZERO_REQUIRES_REVIEW,REVIEW,zero preservado e não assumido como medição válida,NONE
3500026975,SGB_HIDRO_MS_2024_POCOS,Cond_Eletr,0.0,ZERO_REQUIRES_REVIEW,REVIEW,zero preservado e não assumido como medição válida,NONE
3500026976,SGB_HIDRO_MS_2024_POCOS,profundida,0.0,ZERO_REQUIRES_REVIEW,REVIEW,zero preservado; provável ausência administrativa em parte dos registros,NONE
3500026976,SGB_HIDRO_MS_2024_POCOS,Cond_Eletr,0.0,ZERO_REQUIRES_REVIEW,REVIEW,zero preservado e não assumido como medição válida,NONE
3500026977,SGB_HIDRO_MS_2024_POCOS,profundida,0.0,ZERO_REQUIRES_REVIEW,REVIEW,zero preservado; provável ausência administrativa em parte dos registros,NONE
3500026977,SGB_HIDRO_MS_2024_POCOS,vazao_espe,0.0,ZERO_REQUIRES_REVIEW,REVIEW,zero preservado e não assumido como medição válida,NONE
3500026977,SGB_HIDRO_MS_2024_POCOS,Cond_Eletr,0.0,ZERO_REQUIRES_REVIEW,REVIEW,zero preservado e não assumido como medição válida,NONE
3500026978,SGB_HIDRO_MS_2024_POCOS,profundida,0.0,ZERO_REQUIRES_REVIEW,REVIEW,zero preservado; provável ausência administrativa em parte dos registros,NONE
3500026978,SGB_HIDRO_MS_2024_POCOS,Cond_Eletr,0.0,ZERO_REQUIRES_REVIEW,REVIEW,zero preservado e não assumido como medição válida,NONE
3500026979,SGB_HIDRO_MS_2024_POCOS,profundida,0.0,ZERO_REQUIRES_REVIEW,REVIEW,zero preservado; provável ausência administrativa em parte dos registros,NONE
3500026980,SGB_HIDRO_MS_2024_POCOS,profundida,0.0,ZERO_REQUIRES_REVIEW,REVIEW,zero preservado; provável ausência administrativa em parte dos registros,NONE
3500026980,SGB_HIDRO_MS_2024_POCOS,profundi_1,0.0,ZERO_REQUIRES_REVIEW,REVIEW,zero preservado; provável ausência administrativa em parte dos registros,NONE
3500026980,SGB_HIDRO_MS_2024_POCOS,vazao_espe,0.0,ZERO_REQUIRES_REVIEW,REVIEW,zero preservado e não assumido como medição válida,NONE
3500026980,SGB_HIDRO_MS_2024_POCOS,Cond_Eletr,0.0,ZERO_REQUIRES_REVIEW,REVIEW,zero preservado e não assumido como medição válida,NONE
3500026981,SGB_HIDRO_MS_2024_POCOS,profundida,0.0,ZERO_REQUIRES_REVIEW,REVIEW,zero preservado; provável ausência administrativa em parte dos registros,NONE
3500026981,SGB_HIDRO_MS_2024_POCOS,Cond_Eletr,0.0,ZERO_REQUIRES_REVIEW,REVIEW,zero preservado e não assumido como medição válida,NONE
3500026982,SGB_HIDRO_MS_2024_POCOS,Cond_Eletr,0.0,ZERO_REQUIRES_REVIEW,REVIEW,zero preservado e não assumido como medição válida,NONE
3500026983,SGB_HIDRO_MS_2024_POCOS,Cond_Eletr,0.0,ZERO_REQUIRES_REVIEW,REVIEW,zero preservado e não assumido como medição válida,NONE
3500026984,SGB_HIDRO_MS_2024_POCOS,Cond_Eletr,0.0,ZERO_REQUIRES_REVIEW,REVIEW,zero preservado e não assumido como medição válida,NONE
3500026985,SGB_HIDRO_MS_2024_POCOS,profundida,0.0,ZERO_REQUIRES_REVIEW,REVIEW,zero preservado; provável ausência administrativa em parte dos registros,NONE
3500026985,SGB_HIDRO_MS_2024_POCOS,Cond_Eletr,0.0,ZERO_REQUIRES_REVIEW,REVIEW,zero preservado e não assumido como medição válida,NONE
3500026986,SGB_HIDRO_MS_2024_POCOS,profundida,0.0,ZERO_REQUIRES_REVIEW,REVIEW,zero preservado; provável ausência administrativa em parte dos registros,NONE
3500026986,SGB_HIDRO_MS_2024_POCOS,Cond_Eletr,0.0,ZERO_REQUIRES_REVIEW,REVIEW,zero preservado e não assumido como medição válida,NONE
3500026987,SGB_HIDRO_MS_2024_POCOS,profundida,0.0,ZERO_REQUIRES_REVIEW,REVIEW,zero preservado; provável ausência administrativa em parte dos registros,NONE
3500026987,SGB_HIDRO_MS_2024_POCOS,Cond_Eletr,0.0,ZERO_REQUIRES_REVIEW,REVIEW,zero preservado e não assumido como medição válida,NONE
3500026988,SGB_HIDRO_MS_2024_POCOS,Cond_Eletr,0.0,ZERO_REQUIRES_REVIEW,REVIEW,zero preservado e não assumido como medição válida,NONE
3500026989,SGB_HIDRO_MS_2024_POCOS,Cond_Eletr,0.0,ZERO_REQUIRES_REVIEW,REVIEW,zero preservado e não assumido como medição válida,NONE
3500026990,SGB_HIDRO_MS_2024_POCOS,profundida,0.0,ZERO_REQUIRES_REVIEW,REVIEW,zero preservado; provável ausência administrativa em parte dos registros,NONE
3500026990,SGB_HIDRO_MS_2024_POCOS,Cond_Eletr,0.0,ZERO_REQUIRES_REVIEW,REVIEW,zero preservado e não assumido como medição válida,NONE
3500026992,SGB_HIDRO_MS_2024_POCOS,Cond_Eletr,0.0,ZERO_REQUIRES_REVIEW,REVIEW,zero preservado e não assumido como medição válida,NONE
3500026993,SGB_HIDRO_MS_2024_POCOS,profundida,0.0,ZERO_REQUIRES_REVIEW,REVIEW,zero preservado; provável ausência administrativa em parte dos registros,NONE
3500026993,SGB_HIDRO_MS_2024_POCOS,Cond_Eletr,0.0,ZERO_REQUIRES_REVIEW,REVIEW,zero preservado e não assumido como medição válida,NONE
3500026994,SGB_HIDRO_MS_2024_POCOS,profundida,0.0,ZERO_REQUIRES_REVIEW,REVIEW,zero preservado; provável ausência administrativa em parte dos registros,NONE
3500026995,SGB_HIDRO_MS_2024_POCOS,vazao_espe,0.0,ZERO_REQUIRES_REVIEW,REVIEW,zero preservado e não assumido como medição válida,NONE
3500026995,SGB_HIDRO_MS_2024_POCOS,Cond_Eletr,0.0,ZERO_REQUIRES_REVIEW,REVIEW,zero preservado e não assumido como medição válida,NONE
3500026997,SGB_HIDRO_MS_2024_POCOS,Cond_Eletr,0.0,ZERO_REQUIRES_REVIEW,REVIEW,zero preservado e não assumido como medição válida,NONE
3500026999,SGB_HIDRO_MS_2024_POCOS,Cond_Eletr,0.0,ZERO_REQUIRES_REVIEW,REVIEW,zero preservado e não assumido como medição válida,NONE
3500027000,SGB_HIDRO_MS_2024_POCOS,profundida,0.0,ZERO_REQUIRES_REVIEW,REVIEW,zero preservado; provável ausência administrativa em parte dos registros,NONE
3500027000,SGB_HIDRO_MS_2024_POCOS,Cond_Eletr,0.0,ZERO_REQUIRES_REVIEW,REVIEW,zero preservado e não assumido como medição válida,NONE
3500027001,SGB_HIDRO_MS_2024_POCOS,profundida,0.0,ZERO_REQUIRES_REVIEW,REVIEW,zero preservado; provável ausência administrativa em parte dos registros,NONE
3500027001,SGB_HIDRO_MS_2024_POCOS,vazao_espe,0.0,ZERO_REQUIRES_REVIEW,REVIEW,zero preservado e não assumido como medição válida,NONE
3500027001,SGB_HIDRO_MS_2024_POCOS,Cond_Eletr,0.0,ZERO_REQUIRES_REVIEW,REVIEW,zero preservado e não assumido como medição válida,NONE
3500027002,SGB_HIDRO_MS_2024_POCOS,profundida,0.0,ZERO_REQUIRES_REVIEW,REVIEW,zero preservado; provável ausência administrativa em parte dos registros,NONE
3500027002,SGB_HIDRO_MS_2024_POCOS,vazao_espe,0.0,ZERO_REQUIRES_REVIEW,REVIEW,zero preservado e não assumido como medição válida,NONE
3500027002,SGB_HIDRO_MS_2024_POCOS,Cond_Eletr,0.0,ZERO_REQUIRES_REVIEW,REVIEW,zero preservado e não assumido como medição válida,NONE
3500027003,SGB_HIDRO_MS_2024_POCOS,vazao_espe,0.0,ZERO_REQUIRES_REVIEW,REVIEW,zero preservado e não assumido como medição válida,NONE
3500027003,SGB_HIDRO_MS_2024_POCOS,Cond_Eletr,0.0,ZERO_REQUIRES_REVIEW,REVIEW,zero preservado e não assumido como medição válida,NONE
3500027004,SGB_HIDRO_MS_2024_POCOS,profundida,0.0,ZERO_REQUIRES_REVIEW,REVIEW,zero preservado; provável ausência administrativa em parte dos registros,NONE
3500027004,SGB_HIDRO_MS_2024_POCOS,vazao_espe,0.0,ZERO_REQUIRES_REVIEW,REVIEW,zero preservado e não assumido como medição válida,NONE
3500027004,SGB_HIDRO_MS_2024_POCOS,Cond_Eletr,0.0,ZERO_REQUIRES_REVIEW,REVIEW,zero preservado e não assumido como medição válida,NONE
3500027005,SGB_HIDRO_MS_2024_POCOS,vazao_espe,0.0,ZERO_REQUIRES_REVIEW,REVIEW,zero preservado e não assumido como medição válida,NONE
3500027005,SGB_HIDRO_MS_2024_POCOS,Cond_Eletr,0.0,ZERO_REQUIRES_REVIEW,REVIEW,zero preservado e não assumido como medição válida,NONE
3500027006,SGB_HIDRO_MS_2024_POCOS,vazao_espe,0.0,ZERO_REQUIRES_REVIEW,REVIEW,zero preservado e não assumido como medição válida,NONE
3500027007,SGB_HIDRO_MS_2024_POCOS,Cond_Eletr,0.0,ZERO_REQUIRES_REVIEW,REVIEW,zero preservado e não assumido como medição válida,NONE
3500027008,SGB_HIDRO_MS_2024_POCOS,Cond_Eletr,0.0,ZERO_REQUIRES_REVIEW,REVIEW,zero preservado e não assumido como medição válida,NONE
3500027009,SGB_HIDRO_MS_2024_POCOS,Cond_Eletr,0.0,ZERO_REQUIRES_REVIEW,REVIEW,zero preservado e não assumido como medição válida,NONE
3500027010,SGB_HIDRO_MS_2024_POCOS,Cond_Eletr,0.0,ZERO_REQUIRES_REVIEW,REVIEW,zero preservado e não assumido como medição válida,NONE
3500027011,SGB_HIDRO_MS_2024_POCOS,profundida,0.0,ZERO_REQUIRES_REVIEW,REVIEW,zero preservado; provável ausência administrativa em parte dos registros,NONE
3500027011,SGB_HIDRO_MS_2024_POCOS,vazao_espe,0.0,ZERO_REQUIRES_REVIEW,REVIEW,zero preservado e não assumido como medição válida,NONE
3500027011,SGB_HIDRO_MS_2024_POCOS,Cond_Eletr,0.0,ZERO_REQUIRES_REVIEW,REVIEW,zero preservado e não assumido como medição válida,NONE
3500027012,SGB_HIDRO_MS_2024_POCOS,Cond_Eletr,0.0,ZERO_REQUIRES_REVIEW,REVIEW,zero preservado e não assumido como medição válida,NONE
3500027013,SGB_HIDRO_MS_2024_POCOS,profundida,0.0,ZERO_REQUIRES_REVIEW,REVIEW,zero preservado; provável ausência administrativa em parte dos registros,NONE
3500027013,SGB_HIDRO_MS_2024_POCOS,Cond_Eletr,0.0,ZERO_REQUIRES_REVIEW,REVIEW,zero preservado e não assumido como medição válida,NONE
3500027014,SGB_HIDRO_MS_2024_POCOS,Cond_Eletr,0.0,ZERO_REQUIRES_REVIEW,REVIEW,zero preservado e não assumido como medição válida,NONE
3500027015,SGB_HIDRO_MS_2024_POCOS,Cond_Eletr,0.0,ZERO_REQUIRES_REVIEW,REVIEW,zero preservado e não assumido como medição válida,NONE
3500027016,SGB_HIDRO_MS_2024_POCOS,Cond_Eletr,0.0,ZERO_REQUIRES_REVIEW,REVIEW,zero preservado e não assumido como medição válida,NONE
3500027017,SGB_HIDRO_MS_2024_POCOS,Cond_Eletr,0.0,ZERO_REQUIRES_REVIEW,REVIEW,zero preservado e não assumido como medição válida,NONE
3500027020,SGB_HIDRO_MS_2024_POCOS,Cond_Eletr,0.0,ZERO_REQUIRES_REVIEW,REVIEW,zero preservado e não assumido como medição válida,NONE
3500027021,SGB_HIDRO_MS_2024_POCOS,Cond_Eletr,0.0,ZERO_REQUIRES_REVIEW,REVIEW,zero preservado e não assumido como medição válida,NONE
3500027022,SGB_HIDRO_MS_2024_POCOS,Cond_Eletr,0.0,ZERO_REQUIRES_REVIEW,REVIEW,zero preservado e não assumido como medição válida,NONE
3500027023,SGB_HIDRO_MS_2024_POCOS,Cond_Eletr,0.0,ZERO_REQUIRES_REVIEW,REVIEW,zero preservado e não assumido como medição válida,NONE
3500027025,SGB_HIDRO_MS_2024_POCOS,Cond_Eletr,0.0,ZERO_REQUIRES_REVIEW,REVIEW,zero preservado e não assumido como medição válida,NONE
3500027026,SGB_HIDRO_MS_2024_POCOS,Cond_Eletr,0.0,ZERO_REQUIRES_REVIEW,REVIEW,zero preservado e não assumido como medição válida,NONE
3500027027,SGB_HIDRO_MS_2024_POCOS,profundida,0.0,ZERO_REQUIRES_REVIEW,REVIEW,zero preservado; provável ausência administrativa em parte dos registros,NONE
3500027027,SGB_HIDRO_MS_2024_POCOS,Cond_Eletr,0.0,ZERO_REQUIRES_REVIEW,REVIEW,zero preservado e não assumido como medição válida,NONE
3500027028,SGB_HIDRO_MS_2024_POCOS,Cond_Eletr,0.0,ZERO_REQUIRES_REVIEW,REVIEW,zero preservado e não assumido como medição válida,NONE
3500027029,SGB_HIDRO_MS_2024_POCOS,Cond_Eletr,0.0,ZERO_REQUIRES_REVIEW,REVIEW,zero preservado e não assumido como medição válida,NONE
3500027030,SGB_HIDRO_MS_2024_POCOS,profundida,0.0,ZERO_REQUIRES_REVIEW,REVIEW,zero preservado; provável ausência administrativa em parte dos registros,NONE
3500027030,SGB_HIDRO_MS_2024_POCOS,Cond_Eletr,0.0,ZERO_REQUIRES_REVIEW,REVIEW,zero preservado e não assumido como medição válida,NONE
3500027031,SGB_HIDRO_MS_2024_POCOS,Cond_Eletr,0.0,ZERO_REQUIRES_REVIEW,REVIEW,zero preservado e não assumido como medição válida,NONE
3500027032,SGB_HIDRO_MS_2024_POCOS,Cond_Eletr,0.0,ZERO_REQUIRES_REVIEW,REVIEW,zero preservado e não assumido como medição válida,NONE
3500027033,SGB_HIDRO_MS_2024_POCOS,Cond_Eletr,0.0,ZERO_REQUIRES_REVIEW,REVIEW,zero preservado e não assumido como medição válida,NONE
3500027034,SGB_HIDRO_MS_2024_POCOS,Cond_Eletr,0.0,ZERO_REQUIRES_REVIEW,REVIEW,zero preservado e não assumido como medição válida,NONE
3500027035,SGB_HIDRO_MS_2024_POCOS,Cond_Eletr,0.0,ZERO_REQUIRES_REVIEW,REVIEW,zero preservado e não assumido como medição válida,NONE
3500027036,SGB_HIDRO_MS_2024_POCOS,Cond_Eletr,0.0,ZERO_REQUIRES_REVIEW,REVIEW,zero preservado e não assumido como medição válida,NONE
3500027037,SGB_HIDRO_MS_2024_POCOS,Cond_Eletr,0.0,ZERO_REQUIRES_REVIEW,REVIEW,zero preservado e não assumido como medição válida,NONE
3500027038,SGB_HIDRO_MS_2024_POCOS,Cond_Eletr,0.0,ZERO_REQUIRES_REVIEW,REVIEW,zero preservado e não assumido como medição válida,NONE
3500027039,SGB_HIDRO_MS_2024_POCOS,Cond_Eletr,0.0,ZERO_REQUIRES_REVIEW,REVIEW,zero preservado e não assumido como medição válida,NONE
3500027040,SGB_HIDRO_MS_2024_POCOS,Cond_Eletr,0.0,ZERO_REQUIRES_REVIEW,REVIEW,zero preservado e não assumido como medição válida,NONE
3500027041,SGB_HIDRO_MS_2024_POCOS,Cond_Eletr,0.0,ZERO_REQUIRES_REVIEW,REVIEW,zero preservado e não assumido como medição válida,NONE
3500027043,SGB_HIDRO_MS_2024_POCOS,Cond_Eletr,0.0,ZERO_REQUIRES_REVIEW,REVIEW,zero preservado e não assumido como medição válida,NONE
3500027045,SGB_HIDRO_MS_2024_POCOS,Cond_Eletr,0.0,ZERO_REQUIRES_REVIEW,REVIEW,zero preservado e não assumido como medição válida,NONE
3500027046,SGB_HIDRO_MS_2024_POCOS,Cond_Eletr,0.0,ZERO_REQUIRES_REVIEW,REVIEW,zero preservado e não assumido como medição válida,NONE
3500027047,SGB_HIDRO_MS_2024_POCOS,profundida,0.0,ZERO_REQUIRES_REVIEW,REVIEW,zero preservado; provável ausência administrativa em parte dos registros,NONE
3500027047,SGB_HIDRO_MS_2024_POCOS,Cond_Eletr,0.0,ZERO_REQUIRES_REVIEW,REVIEW,zero preservado e não assumido como medição válida,NONE
3500027048,SGB_HIDRO_MS_2024_POCOS,profundida,0.0,ZERO_REQUIRES_REVIEW,REVIEW,zero preservado; provável ausência administrativa em parte dos registros,NONE
3500027048,SGB_HIDRO_MS_2024_POCOS,Cond_Eletr,0.0,ZERO_REQUIRES_REVIEW,REVIEW,zero preservado e não assumido como medição válida,NONE
3500027049,SGB_HIDRO_MS_2024_POCOS,Cond_Eletr,0.0,ZERO_REQUIRES_REVIEW,REVIEW,zero preservado e não assumido como medição válida,NONE
3500027050,SGB_HIDRO_MS_2024_POCOS,vazao_espe,0.0,ZERO_REQUIRES_REVIEW,REVIEW,zero preservado e não assumido como medição válida,NONE
3500027050,SGB_HIDRO_MS_2024_POCOS,Cond_Eletr,0.0,ZERO_REQUIRES_REVIEW,REVIEW,zero preservado e não assumido como medição válida,NONE
3500027051,SGB_HIDRO_MS_2024_POCOS,profundida,0.0,ZERO_REQUIRES_REVIEW,REVIEW,zero preservado; provável ausência administrativa em parte dos registros,NONE
3500027051,SGB_HIDRO_MS_2024_POCOS,Cond_Eletr,0.0,ZERO_REQUIRES_REVIEW,REVIEW,zero preservado e não assumido como medição válida,NONE
3500027052,SGB_HIDRO_MS_2024_POCOS,Cond_Eletr,0.0,ZERO_REQUIRES_REVIEW,REVIEW,zero preservado e não assumido como medição válida,NONE
3500027053,SGB_HIDRO_MS_2024_POCOS,profundida,0.0,ZERO_REQUIRES_REVIEW,REVIEW,zero preservado; provável ausência administrativa em parte dos registros,NONE
3500027053,SGB_HIDRO_MS_2024_POCOS,Cond_Eletr,0.0,ZERO_REQUIRES_REVIEW,REVIEW,zero preservado e não assumido como medição válida,NONE
3500027054,SGB_HIDRO_MS_2024_POCOS,Cond_Eletr,0.0,ZERO_REQUIRES_REVIEW,REVIEW,zero preservado e não assumido como medição válida,NONE
3500027055,SGB_HIDRO_MS_2024_POCOS,Cond_Eletr,0.0,ZERO_REQUIRES_REVIEW,REVIEW,zero preservado e não assumido como medição válida,NONE
3500027056,SGB_HIDRO_MS_2024_POCOS,Cond_Eletr,0.0,ZERO_REQUIRES_REVIEW,REVIEW,zero preservado e não assumido como medição válida,NONE
3500027057,SGB_HIDRO_MS_2024_POCOS,Cond_Eletr,0.0,ZERO_REQUIRES_REVIEW,REVIEW,zero preservado e não assumido como medição válida,NONE
3500027058,SGB_HIDRO_MS_2024_POCOS,Cond_Eletr,0.0,ZERO_REQUIRES_REVIEW,REVIEW,zero preservado e não assumido como medição válida,NONE
3500027059,SGB_HIDRO_MS_2024_POCOS,Cond_Eletr,0.0,ZERO_REQUIRES_REVIEW,REVIEW,zero preservado e não assumido como medição válida,NONE
3500027060,SGB_HIDRO_MS_2024_POCOS,Cond_Eletr,0.0,ZERO_REQUIRES_REVIEW,REVIEW,zero preservado e não assumido como medição válida,NONE
3500027061,SGB_HIDRO_MS_2024_POCOS,Cond_Eletr,0.0,ZERO_REQUIRES_REVIEW,REVIEW,zero preservado e não assumido como medição válida,NONE
3500027062,SGB_HIDRO_MS_2024_POCOS,profundida,0.0,ZERO_REQUIRES_REVIEW,REVIEW,zero preservado; provável ausência administrativa em parte dos registros,NONE
3500027062,SGB_HIDRO_MS_2024_POCOS,Cond_Eletr,0.0,ZERO_REQUIRES_REVIEW,REVIEW,zero preservado e não assumido como medição válida,NONE
3500027063,SGB_HIDRO_MS_2024_POCOS,Cond_Eletr,0.0,ZERO_REQUIRES_REVIEW,REVIEW,zero preservado e não assumido como medição válida,NONE
3500027064,SGB_HIDRO_MS_2024_POCOS,Cond_Eletr,0.0,ZERO_REQUIRES_REVIEW,REVIEW,zero preservado e não assumido como medição válida,NONE
3500027065,SGB_HIDRO_MS_2024_POCOS,Cond_Eletr,0.0,ZERO_REQUIRES_REVIEW,REVIEW,zero preservado e não assumido como medição válida,NONE
3500027066,SGB_HIDRO_MS_2024_POCOS,profundida,0.0,ZERO_REQUIRES_REVIEW,REVIEW,zero preservado; provável ausência administrativa em parte dos registros,NONE
3500027066,SGB_HIDRO_MS_2024_POCOS,Cond_Eletr,0.0,ZERO_REQUIRES_REVIEW,REVIEW,zero preservado e não assumido como medição válida,NONE
3500027067,SGB_HIDRO_MS_2024_POCOS,Cond_Eletr,0.0,ZERO_REQUIRES_REVIEW,REVIEW,zero preservado e não assumido como medição válida,NONE
3500027068,SGB_HIDRO_MS_2024_POCOS,profundida,0.0,ZERO_REQUIRES_REVIEW,REVIEW,zero preservado; provável ausência administrativa em parte dos registros,NONE
3500027068,SGB_HIDRO_MS_2024_POCOS,Cond_Eletr,0.0,ZERO_REQUIRES_REVIEW,REVIEW,zero preservado e não assumido como medição válida,NONE
3500027069,SGB_HIDRO_MS_2024_POCOS,profundida,0.0,ZERO_REQUIRES_REVIEW,REVIEW,zero preservado; provável ausência administrativa em parte dos registros,NONE
3500027069,SGB_HIDRO_MS_2024_POCOS,Cond_Eletr,0.0,ZERO_REQUIRES_REVIEW,REVIEW,zero preservado e não assumido como medição válida,NONE
3500027070,SGB_HIDRO_MS_2024_POCOS,profundida,0.0,ZERO_REQUIRES_REVIEW,REVIEW,zero preservado; provável ausência administrativa em parte dos registros,NONE
3500027070,SGB_HIDRO_MS_2024_POCOS,Cond_Eletr,0.0,ZERO_REQUIRES_REVIEW,REVIEW,zero preservado e não assumido como medição válida,NONE
3500027071,SGB_HIDRO_MS_2024_POCOS,profundida,0.0,ZERO_REQUIRES_REVIEW,REVIEW,zero preservado; provável ausência administrativa em parte dos registros,NONE
3500027071,SGB_HIDRO_MS_2024_POCOS,Cond_Eletr,0.0,ZERO_REQUIRES_REVIEW,REVIEW,zero preservado e não assumido como medição válida,NONE
3500027072,SGB_HIDRO_MS_2024_POCOS,profundida,0.0,ZERO_REQUIRES_REVIEW,REVIEW,zero preservado; provável ausência administrativa em parte dos registros,NONE
3500027072,SGB_HIDRO_MS_2024_POCOS,Cond_Eletr,0.0,ZERO_REQUIRES_REVIEW,REVIEW,zero preservado e não assumido como medição válida,NONE
3500027073,SGB_HIDRO_MS_2024_POCOS,profundida,0.0,ZERO_REQUIRES_REVIEW,REVIEW,zero preservado; provável ausência administrativa em parte dos registros,NONE
3500027073,SGB_HIDRO_MS_2024_POCOS,Cond_Eletr,0.0,ZERO_REQUIRES_REVIEW,REVIEW,zero preservado e não assumido como medição válida,NONE
3500027074,SGB_HIDRO_MS_2024_POCOS,Cond_Eletr,0.0,ZERO_REQUIRES_REVIEW,REVIEW,zero preservado e não assumido como medição válida,NONE
3500027075,SGB_HIDRO_MS_2024_POCOS,Cond_Eletr,0.0,ZERO_REQUIRES_REVIEW,REVIEW,zero preservado e não assumido como medição válida,NONE
3500027076,SGB_HIDRO_MS_2024_POCOS,Cond_Eletr,0.0,ZERO_REQUIRES_REVIEW,REVIEW,zero preservado e não assumido como medição válida,NONE
3500027077,SGB_HIDRO_MS_2024_POCOS,profundida,0.0,ZERO_REQUIRES_REVIEW,REVIEW,zero preservado; provável ausência administrativa em parte dos registros,NONE
3500027077,SGB_HIDRO_MS_2024_POCOS,Cond_Eletr,0.0,ZERO_REQUIRES_REVIEW,REVIEW,zero preservado e não assumido como medição válida,NONE
3500027078,SGB_HIDRO_MS_2024_POCOS,Cond_Eletr,0.0,ZERO_REQUIRES_REVIEW,REVIEW,zero preservado e não assumido como medição válida,NONE
3500027079,SGB_HIDRO_MS_2024_POCOS,Cond_Eletr,0.0,ZERO_REQUIRES_REVIEW,REVIEW,zero preservado e não assumido como medição válida,NONE
3500027080,SGB_HIDRO_MS_2024_POCOS,profundida,0.0,ZERO_REQUIRES_REVIEW,REVIEW,zero preservado; provável ausência administrativa em parte dos registros,NONE
3500027080,SGB_HIDRO_MS_2024_POCOS,Cond_Eletr,0.0,ZERO_REQUIRES_REVIEW,REVIEW,zero preservado e não assumido como medição válida,NONE
3500027081,SGB_HIDRO_MS_2024_POCOS,Cond_Eletr,0.0,ZERO_REQUIRES_REVIEW,REVIEW,zero preservado e não assumido como medição válida,NONE
3500027082,SGB_HIDRO_MS_2024_POCOS,profundida,0.0,ZERO_REQUIRES_REVIEW,REVIEW,zero preservado; provável ausência administrativa em parte dos registros,NONE
3500027082,SGB_HIDRO_MS_2024_POCOS,Cond_Eletr,0.0,ZERO_REQUIRES_REVIEW,REVIEW,zero preservado e não assumido como medição válida,NONE
3500027083,SGB_HIDRO_MS_2024_POCOS,Cond_Eletr,0.0,ZERO_REQUIRES_REVIEW,REVIEW,zero preservado e não assumido como medição válida,NONE
3500027084,SGB_HIDRO_MS_2024_POCOS,Cond_Eletr,0.0,ZERO_REQUIRES_REVIEW,REVIEW,zero preservado e não assumido como medição válida,NONE
3500027085,SGB_HIDRO_MS_2024_POCOS,Cond_Eletr,0.0,ZERO_REQUIRES_REVIEW,REVIEW,zero preservado e não assumido como medição válida,NONE
3500027086,SGB_HIDRO_MS_2024_POCOS,vazao_espe,0.0,ZERO_REQUIRES_REVIEW,REVIEW,zero preservado e não assumido como medição válida,NONE
3500027086,SGB_HIDRO_MS_2024_POCOS,Cond_Eletr,0.0,ZERO_REQUIRES_REVIEW,REVIEW,zero preservado e não assumido como medição válida,NONE
3500027087,SGB_HIDRO_MS_2024_POCOS,Cond_Eletr,0.0,ZERO_REQUIRES_REVIEW,REVIEW,zero preservado e não assumido como medição válida,NONE
3500027088,SGB_HIDRO_MS_2024_POCOS,Cond_Eletr,0.0,ZERO_REQUIRES_REVIEW,REVIEW,zero preservado e não assumido como medição válida,NONE
3500027089,SGB_HIDRO_MS_2024_POCOS,Cond_Eletr,0.0,ZERO_REQUIRES_REVIEW,REVIEW,zero preservado e não assumido como medição válida,NONE
3500027090,SGB_HIDRO_MS_2024_POCOS,profundida,0.0,ZERO_REQUIRES_REVIEW,REVIEW,zero preservado; provável ausência administrativa em parte dos registros,NONE
3500027090,SGB_HIDRO_MS_2024_POCOS,Cond_Eletr,0.0,ZERO_REQUIRES_REVIEW,REVIEW,zero preservado e não assumido como medição válida,NONE
3500027091,SGB_HIDRO_MS_2024_POCOS,profundida,0.0,ZERO_REQUIRES_REVIEW,REVIEW,zero preservado; provável ausência administrativa em parte dos registros,NONE
3500027091,SGB_HIDRO_MS_2024_POCOS,Cond_Eletr,0.0,ZERO_REQUIRES_REVIEW,REVIEW,zero preservado e não assumido como medição válida,NONE
3500027092,SGB_HIDRO_MS_2024_POCOS,Cond_Eletr,0.0,ZERO_REQUIRES_REVIEW,REVIEW,zero preservado e não assumido como medição válida,NONE
3500027094,SGB_HIDRO_MS_2024_POCOS,vazao_espe,0.0,ZERO_REQUIRES_REVIEW,REVIEW,zero preservado e não assumido como medição válida,NONE
3500027094,SGB_HIDRO_MS_2024_POCOS,Cond_Eletr,0.0,ZERO_REQUIRES_REVIEW,REVIEW,zero preservado e não assumido como medição válida,NONE
3500027095,SGB_HIDRO_MS_2024_POCOS,Cond_Eletr,0.0,ZERO_REQUIRES_REVIEW,REVIEW,zero preservado e não assumido como medição válida,NONE
3500027096,SGB_HIDRO_MS_2024_POCOS,profundida,0.0,ZERO_REQUIRES_REVIEW,REVIEW,zero preservado; provável ausência administrativa em parte dos registros,NONE
3500027096,SGB_HIDRO_MS_2024_POCOS,Cond_Eletr,0.0,ZERO_REQUIRES_REVIEW,REVIEW,zero preservado e não assumido como medição válida,NONE
3500027097,SGB_HIDRO_MS_2024_POCOS,profundida,0.0,ZERO_REQUIRES_REVIEW,REVIEW,zero preservado; provável ausência administrativa em parte dos registros,NONE
3500027097,SGB_HIDRO_MS_2024_POCOS,Cond_Eletr,0.0,ZERO_REQUIRES_REVIEW,REVIEW,zero preservado e não assumido como medição válida,NONE
3500027098,SGB_HIDRO_MS_2024_POCOS,profundida,0.0,ZERO_REQUIRES_REVIEW,REVIEW,zero preservado; provável ausência administrativa em parte dos registros,NONE
3500027099,SGB_HIDRO_MS_2024_POCOS,profundida,0.0,ZERO_REQUIRES_REVIEW,REVIEW,zero preservado; provável ausência administrativa em parte dos registros,NONE
3500027099,SGB_HIDRO_MS_2024_POCOS,Cond_Eletr,0.0,ZERO_REQUIRES_REVIEW,REVIEW,zero preservado e não assumido como medição válida,NONE
3500027100,SGB_HIDRO_MS_2024_POCOS,profundida,0.0,ZERO_REQUIRES_REVIEW,REVIEW,zero preservado; provável ausência administrativa em parte dos registros,NONE
3500027100,SGB_HIDRO_MS_2024_POCOS,Cond_Eletr,0.0,ZERO_REQUIRES_REVIEW,REVIEW,zero preservado e não assumido como medição válida,NONE
3500027101,SGB_HIDRO_MS_2024_POCOS,profundida,0.0,ZERO_REQUIRES_REVIEW,REVIEW,zero preservado; provável ausência administrativa em parte dos registros,NONE
3500027101,SGB_HIDRO_MS_2024_POCOS,Cond_Eletr,0.0,ZERO_REQUIRES_REVIEW,REVIEW,zero preservado e não assumido como medição válida,NONE
3500027102,SGB_HIDRO_MS_2024_POCOS,profundida,0.0,ZERO_REQUIRES_REVIEW,REVIEW,zero preservado; provável ausência administrativa em parte dos registros,NONE
3500027102,SGB_HIDRO_MS_2024_POCOS,Cond_Eletr,0.0,ZERO_REQUIRES_REVIEW,REVIEW,zero preservado e não assumido como medição válida,NONE
3500027103,SGB_HIDRO_MS_2024_POCOS,profundida,0.0,ZERO_REQUIRES_REVIEW,REVIEW,zero preservado; provável ausência administrativa em parte dos registros,NONE
3500027103,SGB_HIDRO_MS_2024_POCOS,Cond_Eletr,0.0,ZERO_REQUIRES_REVIEW,REVIEW,zero preservado e não assumido como medição válida,NONE
3500027104,SGB_HIDRO_MS_2024_POCOS,profundida,0.0,ZERO_REQUIRES_REVIEW,REVIEW,zero preservado; provável ausência administrativa em parte dos registros,NONE
3500027104,SGB_HIDRO_MS_2024_POCOS,Cond_Eletr,0.0,ZERO_REQUIRES_REVIEW,REVIEW,zero preservado e não assumido como medição válida,NONE
3500027105,SGB_HIDRO_MS_2024_POCOS,profundida,0.0,ZERO_REQUIRES_REVIEW,REVIEW,zero preservado; provável ausência administrativa em parte dos registros,NONE
3500027106,SGB_HIDRO_MS_2024_POCOS,profundida,0.0,ZERO_REQUIRES_REVIEW,REVIEW,zero preservado; provável ausência administrativa em parte dos registros,NONE
3500027106,SGB_HIDRO_MS_2024_POCOS,Cond_Eletr,0.0,ZERO_REQUIRES_REVIEW,REVIEW,zero preservado e não assumido como medição válida,NONE
3500027107,SGB_HIDRO_MS_2024_POCOS,profundida,0.0,ZERO_REQUIRES_REVIEW,REVIEW,zero preservado; provável ausência administrativa em parte dos registros,NONE
3500027107,SGB_HIDRO_MS_2024_POCOS,Cond_Eletr,0.0,ZERO_REQUIRES_REVIEW,REVIEW,zero preservado e não assumido como medição válida,NONE
3500027108,SGB_HIDRO_MS_2024_POCOS,profundida,0.0,ZERO_REQUIRES_REVIEW,REVIEW,zero preservado; provável ausência administrativa em parte dos registros,NONE
3500027108,SGB_HIDRO_MS_2024_POCOS,Cond_Eletr,0.0,ZERO_REQUIRES_REVIEW,REVIEW,zero preservado e não assumido como medição válida,NONE
3500027109,SGB_HIDRO_MS_2024_POCOS,profundida,0.0,ZERO_REQUIRES_REVIEW,REVIEW,zero preservado; provável ausência administrativa em parte dos registros,NONE
3500027109,SGB_HIDRO_MS_2024_POCOS,Cond_Eletr,0.0,ZERO_REQUIRES_REVIEW,REVIEW,zero preservado e não assumido como medição válida,NONE
3500027110,SGB_HIDRO_MS_2024_POCOS,profundida,0.0,ZERO_REQUIRES_REVIEW,REVIEW,zero preservado; provável ausência administrativa em parte dos registros,NONE
3500027110,SGB_HIDRO_MS_2024_POCOS,Cond_Eletr,0.0,ZERO_REQUIRES_REVIEW,REVIEW,zero preservado e não assumido como medição válida,NONE
3500027111,SGB_HIDRO_MS_2024_POCOS,profundida,0.0,ZERO_REQUIRES_REVIEW,REVIEW,zero preservado; provável ausência administrativa em parte dos registros,NONE
3500027111,SGB_HIDRO_MS_2024_POCOS,vazao_espe,0.0,ZERO_REQUIRES_REVIEW,REVIEW,zero preservado e não assumido como medição válida,NONE
3500027112,SGB_HIDRO_MS_2024_POCOS,profundida,0.0,ZERO_REQUIRES_REVIEW,REVIEW,zero preservado; provável ausência administrativa em parte dos registros,NONE
3500027112,SGB_HIDRO_MS_2024_POCOS,Cond_Eletr,0.0,ZERO_REQUIRES_REVIEW,REVIEW,zero preservado e não assumido como medição válida,NONE
3500027113,SGB_HIDRO_MS_2024_POCOS,profundida,0.0,ZERO_REQUIRES_REVIEW,REVIEW,zero preservado; provável ausência administrativa em parte dos registros,NONE
3500027113,SGB_HIDRO_MS_2024_POCOS,Cond_Eletr,0.0,ZERO_REQUIRES_REVIEW,REVIEW,zero preservado e não assumido como medição válida,NONE
3500027114,SGB_HIDRO_MS_2024_POCOS,profundida,0.0,ZERO_REQUIRES_REVIEW,REVIEW,zero preservado; provável ausência administrativa em parte dos registros,NONE
3500027114,SGB_HIDRO_MS_2024_POCOS,Cond_Eletr,0.0,ZERO_REQUIRES_REVIEW,REVIEW,zero preservado e não assumido como medição válida,NONE
3500027115,SGB_HIDRO_MS_2024_POCOS,profundida,0.0,ZERO_REQUIRES_REVIEW,REVIEW,zero preservado; provável ausência administrativa em parte dos registros,NONE
3500027115,SGB_HIDRO_MS_2024_POCOS,Cond_Eletr,0.0,ZERO_REQUIRES_REVIEW,REVIEW,zero preservado e não assumido como medição válida,NONE
3500027116,SGB_HIDRO_MS_2024_POCOS,profundida,0.0,ZERO_REQUIRES_REVIEW,REVIEW,zero preservado; provável ausência administrativa em parte dos registros,NONE
3500027116,SGB_HIDRO_MS_2024_POCOS,Cond_Eletr,0.0,ZERO_REQUIRES_REVIEW,REVIEW,zero preservado e não assumido como medição válida,NONE
3500027117,SGB_HIDRO_MS_2024_POCOS,profundida,0.0,ZERO_REQUIRES_REVIEW,REVIEW,zero preservado; provável ausência administrativa em parte dos registros,NONE
3500027117,SGB_HIDRO_MS_2024_POCOS,Cond_Eletr,0.0,ZERO_REQUIRES_REVIEW,REVIEW,zero preservado e não assumido como medição válida,NONE
3500027118,SGB_HIDRO_MS_2024_POCOS,profundida,0.0,ZERO_REQUIRES_REVIEW,REVIEW,zero preservado; provável ausência administrativa em parte dos registros,NONE
3500027118,SGB_HIDRO_MS_2024_POCOS,Cond_Eletr,0.0,ZERO_REQUIRES_REVIEW,REVIEW,zero preservado e não assumido como medição válida,NONE
3500027119,SGB_HIDRO_MS_2024_POCOS,profundida,0.0,ZERO_REQUIRES_REVIEW,REVIEW,zero preservado; provável ausência administrativa em parte dos registros,NONE
3500027119,SGB_HIDRO_MS_2024_POCOS,Cond_Eletr,0.0,ZERO_REQUIRES_REVIEW,REVIEW,zero preservado e não assumido como medição válida,NONE
3500027120,SGB_HIDRO_MS_2024_POCOS,profundida,0.0,ZERO_REQUIRES_REVIEW,REVIEW,zero preservado; provável ausência administrativa em parte dos registros,NONE
3500027120,SGB_HIDRO_MS_2024_POCOS,Cond_Eletr,0.0,ZERO_REQUIRES_REVIEW,REVIEW,zero preservado e não assumido como medição válida,NONE
3500027121,SGB_HIDRO_MS_2024_POCOS,profundida,0.0,ZERO_REQUIRES_REVIEW,REVIEW,zero preservado; provável ausência administrativa em parte dos registros,NONE
3500027121,SGB_HIDRO_MS_2024_POCOS,Cond_Eletr,0.0,ZERO_REQUIRES_REVIEW,REVIEW,zero preservado e não assumido como medição válida,NONE
3500027122,SGB_HIDRO_MS_2024_POCOS,profundida,0.0,ZERO_REQUIRES_REVIEW,REVIEW,zero preservado; provável ausência administrativa em parte dos registros,NONE
3500027122,SGB_HIDRO_MS_2024_POCOS,Cond_Eletr,0.0,ZERO_REQUIRES_REVIEW,REVIEW,zero preservado e não assumido como medição válida,NONE
3500027123,SGB_HIDRO_MS_2024_POCOS,profundida,0.0,ZERO_REQUIRES_REVIEW,REVIEW,zero preservado; provável ausência administrativa em parte dos registros,NONE
3500027123,SGB_HIDRO_MS_2024_POCOS,Cond_Eletr,0.0,ZERO_REQUIRES_REVIEW,REVIEW,zero preservado e não assumido como medição válida,NONE
3500027124,SGB_HIDRO_MS_2024_POCOS,profundida,0.0,ZERO_REQUIRES_REVIEW,REVIEW,zero preservado; provável ausência administrativa em parte dos registros,NONE
3500027124,SGB_HIDRO_MS_2024_POCOS,Cond_Eletr,0.0,ZERO_REQUIRES_REVIEW,REVIEW,zero preservado e não assumido como medição válida,NONE
3500027125,SGB_HIDRO_MS_2024_POCOS,profundida,0.0,ZERO_REQUIRES_REVIEW,REVIEW,zero preservado; provável ausência administrativa em parte dos registros,NONE
3500027125,SGB_HIDRO_MS_2024_POCOS,Cond_Eletr,0.0,ZERO_REQUIRES_REVIEW,REVIEW,zero preservado e não assumido como medição válida,NONE
3500027126,SGB_HIDRO_MS_2024_POCOS,profundida,0.0,ZERO_REQUIRES_REVIEW,REVIEW,zero preservado; provável ausência administrativa em parte dos registros,NONE
3500027126,SGB_HIDRO_MS_2024_POCOS,Cond_Eletr,0.0,ZERO_REQUIRES_REVIEW,REVIEW,zero preservado e não assumido como medição válida,NONE
3500027127,SGB_HIDRO_MS_2024_POCOS,profundida,0.0,ZERO_REQUIRES_REVIEW,REVIEW,zero preservado; provável ausência administrativa em parte dos registros,NONE
3500027127,SGB_HIDRO_MS_2024_POCOS,Cond_Eletr,0.0,ZERO_REQUIRES_REVIEW,REVIEW,zero preservado e não assumido como medição válida,NONE
3500027128,SGB_HIDRO_MS_2024_POCOS,profundida,0.0,ZERO_REQUIRES_REVIEW,REVIEW,zero preservado; provável ausência administrativa em parte dos registros,NONE
3500027128,SGB_HIDRO_MS_2024_POCOS,Cond_Eletr,0.0,ZERO_REQUIRES_REVIEW,REVIEW,zero preservado e não assumido como medição válida,NONE
3500027129,SGB_HIDRO_MS_2024_POCOS,profundida,0.0,ZERO_REQUIRES_REVIEW,REVIEW,zero preservado; provável ausência administrativa em parte dos registros,NONE
3500027129,SGB_HIDRO_MS_2024_POCOS,Cond_Eletr,0.0,ZERO_REQUIRES_REVIEW,REVIEW,zero preservado e não assumido como medição válida,NONE
3500027130,SGB_HIDRO_MS_2024_POCOS,profundida,0.0,ZERO_REQUIRES_REVIEW,REVIEW,zero preservado; provável ausência administrativa em parte dos registros,NONE
3500027130,SGB_HIDRO_MS_2024_POCOS,Cond_Eletr,0.0,ZERO_REQUIRES_REVIEW,REVIEW,zero preservado e não assumido como medição válida,NONE
3500027131,SGB_HIDRO_MS_2024_POCOS,profundida,0.0,ZERO_REQUIRES_REVIEW,REVIEW,zero preservado; provável ausência administrativa em parte dos registros,NONE
3500027131,SGB_HIDRO_MS_2024_POCOS,Cond_Eletr,0.0,ZERO_REQUIRES_REVIEW,REVIEW,zero preservado e não assumido como medição válida,NONE
3500027132,SGB_HIDRO_MS_2024_POCOS,profundida,0.0,ZERO_REQUIRES_REVIEW,REVIEW,zero preservado; provável ausência administrativa em parte dos registros,NONE
3500027132,SGB_HIDRO_MS_2024_POCOS,Cond_Eletr,0.0,ZERO_REQUIRES_REVIEW,REVIEW,zero preservado e não assumido como medição válida,NONE
3500027133,SGB_HIDRO_MS_2024_POCOS,profundida,0.0,ZERO_REQUIRES_REVIEW,REVIEW,zero preservado; provável ausência administrativa em parte dos registros,NONE
3500027133,SGB_HIDRO_MS_2024_POCOS,Cond_Eletr,0.0,ZERO_REQUIRES_REVIEW,REVIEW,zero preservado e não assumido como medição válida,NONE
3500027134,SGB_HIDRO_MS_2024_POCOS,profundida,0.0,ZERO_REQUIRES_REVIEW,REVIEW,zero preservado; provável ausência administrativa em parte dos registros,NONE
3500027134,SGB_HIDRO_MS_2024_POCOS,vazao_espe,0.0,ZERO_REQUIRES_REVIEW,REVIEW,zero preservado e não assumido como medição válida,NONE
3500027134,SGB_HIDRO_MS_2024_POCOS,Cond_Eletr,0.0,ZERO_REQUIRES_REVIEW,REVIEW,zero preservado e não assumido como medição válida,NONE
3500027135,SGB_HIDRO_MS_2024_POCOS,profundida,0.0,ZERO_REQUIRES_REVIEW,REVIEW,zero preservado; provável ausência administrativa em parte dos registros,NONE
3500027135,SGB_HIDRO_MS_2024_POCOS,Cond_Eletr,0.0,ZERO_REQUIRES_REVIEW,REVIEW,zero preservado e não assumido como medição válida,NONE
3500027136,SGB_HIDRO_MS_2024_POCOS,profundida,0.0,ZERO_REQUIRES_REVIEW,REVIEW,zero preservado; provável ausência administrativa em parte dos registros,NONE
3500027136,SGB_HIDRO_MS_2024_POCOS,Cond_Eletr,0.0,ZERO_REQUIRES_REVIEW,REVIEW,zero preservado e não assumido como medição válida,NONE
3500027137,SGB_HIDRO_MS_2024_POCOS,profundida,0.0,ZERO_REQUIRES_REVIEW,REVIEW,zero preservado; provável ausência administrativa em parte dos registros,NONE
3500027137,SGB_HIDRO_MS_2024_POCOS,Cond_Eletr,0.0,ZERO_REQUIRES_REVIEW,REVIEW,zero preservado e não assumido como medição válida,NONE
3500027138,SGB_HIDRO_MS_2024_POCOS,profundida,0.0,ZERO_REQUIRES_REVIEW,REVIEW,zero preservado; provável ausência administrativa em parte dos registros,NONE
3500027138,SGB_HIDRO_MS_2024_POCOS,Cond_Eletr,0.0,ZERO_REQUIRES_REVIEW,REVIEW,zero preservado e não assumido como medição válida,NONE
3500027139,SGB_HIDRO_MS_2024_POCOS,profundida,0.0,ZERO_REQUIRES_REVIEW,REVIEW,zero preservado; provável ausência administrativa em parte dos registros,NONE
3500027139,SGB_HIDRO_MS_2024_POCOS,Cond_Eletr,0.0,ZERO_REQUIRES_REVIEW,REVIEW,zero preservado e não assumido como medição válida,NONE
3500027140,SGB_HIDRO_MS_2024_POCOS,profundida,0.0,ZERO_REQUIRES_REVIEW,REVIEW,zero preservado; provável ausência administrativa em parte dos registros,NONE
3500027140,SGB_HIDRO_MS_2024_POCOS,Cond_Eletr,0.0,ZERO_REQUIRES_REVIEW,REVIEW,zero preservado e não assumido como medição válida,NONE
3500027141,SGB_HIDRO_MS_2024_POCOS,profundida,0.0,ZERO_REQUIRES_REVIEW,REVIEW,zero preservado; provável ausência administrativa em parte dos registros,NONE
3500027141,SGB_HIDRO_MS_2024_POCOS,Cond_Eletr,0.0,ZERO_REQUIRES_REVIEW,REVIEW,zero preservado e não assumido como medição válida,NONE
3500027142,SGB_HIDRO_MS_2024_POCOS,profundida,0.0,ZERO_REQUIRES_REVIEW,REVIEW,zero preservado; provável ausência administrativa em parte dos registros,NONE
3500027142,SGB_HIDRO_MS_2024_POCOS,Cond_Eletr,0.0,ZERO_REQUIRES_REVIEW,REVIEW,zero preservado e não assumido como medição válida,NONE
3500027143,SGB_HIDRO_MS_2024_POCOS,profundida,0.0,ZERO_REQUIRES_REVIEW,REVIEW,zero preservado; provável ausência administrativa em parte dos registros,NONE
3500027144,SGB_HIDRO_MS_2024_POCOS,profundida,0.0,ZERO_REQUIRES_REVIEW,REVIEW,zero preservado; provável ausência administrativa em parte dos registros,NONE
3500027144,SGB_HIDRO_MS_2024_POCOS,Cond_Eletr,0.0,ZERO_REQUIRES_REVIEW,REVIEW,zero preservado e não assumido como medição válida,NONE
3500027145,SGB_HIDRO_MS_2024_POCOS,profundida,0.0,ZERO_REQUIRES_REVIEW,REVIEW,zero preservado; provável ausência administrativa em parte dos registros,NONE
3500027145,SGB_HIDRO_MS_2024_POCOS,Cond_Eletr,0.0,ZERO_REQUIRES_REVIEW,REVIEW,zero preservado e não assumido como medição válida,NONE
3500027146,SGB_HIDRO_MS_2024_POCOS,profundida,0.0,ZERO_REQUIRES_REVIEW,REVIEW,zero preservado; provável ausência administrativa em parte dos registros,NONE
3500027146,SGB_HIDRO_MS_2024_POCOS,Cond_Eletr,0.0,ZERO_REQUIRES_REVIEW,REVIEW,zero preservado e não assumido como medição válida,NONE
3500027147,SGB_HIDRO_MS_2024_POCOS,profundida,0.0,ZERO_REQUIRES_REVIEW,REVIEW,zero preservado; provável ausência administrativa em parte dos registros,NONE
3500027147,SGB_HIDRO_MS_2024_POCOS,Cond_Eletr,0.0,ZERO_REQUIRES_REVIEW,REVIEW,zero preservado e não assumido como medição válida,NONE
3500027148,SGB_HIDRO_MS_2024_POCOS,profundida,0.0,ZERO_REQUIRES_REVIEW,REVIEW,zero preservado; provável ausência administrativa em parte dos registros,NONE
3500027148,SGB_HIDRO_MS_2024_POCOS,Cond_Eletr,0.0,ZERO_REQUIRES_REVIEW,REVIEW,zero preservado e não assumido como medição válida,NONE
3500027149,SGB_HIDRO_MS_2024_POCOS,profundida,0.0,ZERO_REQUIRES_REVIEW,REVIEW,zero preservado; provável ausência administrativa em parte dos registros,NONE
3500027149,SGB_HIDRO_MS_2024_POCOS,Cond_Eletr,0.0,ZERO_REQUIRES_REVIEW,REVIEW,zero preservado e não assumido como medição válida,NONE
3500027150,SGB_HIDRO_MS_2024_POCOS,profundida,0.0,ZERO_REQUIRES_REVIEW,REVIEW,zero preservado; provável ausência administrativa em parte dos registros,NONE
3500027150,SGB_HIDRO_MS_2024_POCOS,Cond_Eletr,0.0,ZERO_REQUIRES_REVIEW,REVIEW,zero preservado e não assumido como medição válida,NONE
3500027151,SGB_HIDRO_MS_2024_POCOS,profundida,0.0,ZERO_REQUIRES_REVIEW,REVIEW,zero preservado; provável ausência administrativa em parte dos registros,NONE
3500027151,SGB_HIDRO_MS_2024_POCOS,Cond_Eletr,0.0,ZERO_REQUIRES_REVIEW,REVIEW,zero preservado e não assumido como medição válida,NONE
3500027152,SGB_HIDRO_MS_2024_POCOS,profundida,0.0,ZERO_REQUIRES_REVIEW,REVIEW,zero preservado; provável ausência administrativa em parte dos registros,NONE
3500027152,SGB_HIDRO_MS_2024_POCOS,Cond_Eletr,0.0,ZERO_REQUIRES_REVIEW,REVIEW,zero preservado e não assumido como medição válida,NONE
3500027153,SGB_HIDRO_MS_2024_POCOS,profundida,0.0,ZERO_REQUIRES_REVIEW,REVIEW,zero preservado; provável ausência administrativa em parte dos registros,NONE
3500027153,SGB_HIDRO_MS_2024_POCOS,Cond_Eletr,0.0,ZERO_REQUIRES_REVIEW,REVIEW,zero preservado e não assumido como medição válida,NONE
3500027154,SGB_HIDRO_MS_2024_POCOS,profundida,0.0,ZERO_REQUIRES_REVIEW,REVIEW,zero preservado; provável ausência administrativa em parte dos registros,NONE
3500027154,SGB_HIDRO_MS_2024_POCOS,Cond_Eletr,0.0,ZERO_REQUIRES_REVIEW,REVIEW,zero preservado e não assumido como medição válida,NONE
3500027155,SGB_HIDRO_MS_2024_POCOS,profundida,0.0,ZERO_REQUIRES_REVIEW,REVIEW,zero preservado; provável ausência administrativa em parte dos registros,NONE
3500027155,SGB_HIDRO_MS_2024_POCOS,Cond_Eletr,0.0,ZERO_REQUIRES_REVIEW,REVIEW,zero preservado e não assumido como medição válida,NONE
3500027156,SGB_HIDRO_MS_2024_POCOS,profundida,0.0,ZERO_REQUIRES_REVIEW,REVIEW,zero preservado; provável ausência administrativa em parte dos registros,NONE
3500027156,SGB_HIDRO_MS_2024_POCOS,Cond_Eletr,0.0,ZERO_REQUIRES_REVIEW,REVIEW,zero preservado e não assumido como medição válida,NONE
3500027157,SGB_HIDRO_MS_2024_POCOS,profundida,0.0,ZERO_REQUIRES_REVIEW,REVIEW,zero preservado; provável ausência administrativa em parte dos registros,NONE
3500027157,SGB_HIDRO_MS_2024_POCOS,Cond_Eletr,0.0,ZERO_REQUIRES_REVIEW,REVIEW,zero preservado e não assumido como medição válida,NONE
3500027158,SGB_HIDRO_MS_2024_POCOS,profundida,0.0,ZERO_REQUIRES_REVIEW,REVIEW,zero preservado; provável ausência administrativa em parte dos registros,NONE
3500027158,SGB_HIDRO_MS_2024_POCOS,Cond_Eletr,0.0,ZERO_REQUIRES_REVIEW,REVIEW,zero preservado e não assumido como medição válida,NONE
3500027159,SGB_HIDRO_MS_2024_POCOS,profundida,0.0,ZERO_REQUIRES_REVIEW,REVIEW,zero preservado; provável ausência administrativa em parte dos registros,NONE
3500027159,SGB_HIDRO_MS_2024_POCOS,Cond_Eletr,0.0,ZERO_REQUIRES_REVIEW,REVIEW,zero preservado e não assumido como medição válida,NONE
3500027160,SGB_HIDRO_MS_2024_POCOS,profundida,0.0,ZERO_REQUIRES_REVIEW,REVIEW,zero preservado; provável ausência administrativa em parte dos registros,NONE
3500027160,SGB_HIDRO_MS_2024_POCOS,Cond_Eletr,0.0,ZERO_REQUIRES_REVIEW,REVIEW,zero preservado e não assumido como medição válida,NONE
3500027161,SGB_HIDRO_MS_2024_POCOS,profundida,0.0,ZERO_REQUIRES_REVIEW,REVIEW,zero preservado; provável ausência administrativa em parte dos registros,NONE
3500027161,SGB_HIDRO_MS_2024_POCOS,Cond_Eletr,0.0,ZERO_REQUIRES_REVIEW,REVIEW,zero preservado e não assumido como medição válida,NONE
3500027162,SGB_HIDRO_MS_2024_POCOS,profundida,0.0,ZERO_REQUIRES_REVIEW,REVIEW,zero preservado; provável ausência administrativa em parte dos registros,NONE
3500027162,SGB_HIDRO_MS_2024_POCOS,Cond_Eletr,0.0,ZERO_REQUIRES_REVIEW,REVIEW,zero preservado e não assumido como medição válida,NONE
3500027163,SGB_HIDRO_MS_2024_POCOS,profundida,0.0,ZERO_REQUIRES_REVIEW,REVIEW,zero preservado; provável ausência administrativa em parte dos registros,NONE
3500027163,SGB_HIDRO_MS_2024_POCOS,Cond_Eletr,0.0,ZERO_REQUIRES_REVIEW,REVIEW,zero preservado e não assumido como medição válida,NONE
3500027164,SGB_HIDRO_MS_2024_POCOS,profundida,0.0,ZERO_REQUIRES_REVIEW,REVIEW,zero preservado; provável ausência administrativa em parte dos registros,NONE
3500027164,SGB_HIDRO_MS_2024_POCOS,Cond_Eletr,0.0,ZERO_REQUIRES_REVIEW,REVIEW,zero preservado e não assumido como medição válida,NONE
3500027165,SGB_HIDRO_MS_2024_POCOS,profundida,0.0,ZERO_REQUIRES_REVIEW,REVIEW,zero preservado; provável ausência administrativa em parte dos registros,NONE
3500027165,SGB_HIDRO_MS_2024_POCOS,Cond_Eletr,0.0,ZERO_REQUIRES_REVIEW,REVIEW,zero preservado e não assumido como medição válida,NONE
3500027166,SGB_HIDRO_MS_2024_POCOS,profundida,0.0,ZERO_REQUIRES_REVIEW,REVIEW,zero preservado; provável ausência administrativa em parte dos registros,NONE
3500027166,SGB_HIDRO_MS_2024_POCOS,Cond_Eletr,0.0,ZERO_REQUIRES_REVIEW,REVIEW,zero preservado e não assumido como medição válida,NONE
3500027167,SGB_HIDRO_MS_2024_POCOS,profundida,0.0,ZERO_REQUIRES_REVIEW,REVIEW,zero preservado; provável ausência administrativa em parte dos registros,NONE
3500027167,SGB_HIDRO_MS_2024_POCOS,Cond_Eletr,0.0,ZERO_REQUIRES_REVIEW,REVIEW,zero preservado e não assumido como medição válida,NONE
3500027168,SGB_HIDRO_MS_2024_POCOS,profundida,0.0,ZERO_REQUIRES_REVIEW,REVIEW,zero preservado; provável ausência administrativa em parte dos registros,NONE
3500027168,SGB_HIDRO_MS_2024_POCOS,Cond_Eletr,0.0,ZERO_REQUIRES_REVIEW,REVIEW,zero preservado e não assumido como medição válida,NONE
3500027169,SGB_HIDRO_MS_2024_POCOS,profundida,0.0,ZERO_REQUIRES_REVIEW,REVIEW,zero preservado; provável ausência administrativa em parte dos registros,NONE
3500027169,SGB_HIDRO_MS_2024_POCOS,Cond_Eletr,0.0,ZERO_REQUIRES_REVIEW,REVIEW,zero preservado e não assumido como medição válida,NONE
3500027170,SGB_HIDRO_MS_2024_POCOS,profundida,0.0,ZERO_REQUIRES_REVIEW,REVIEW,zero preservado; provável ausência administrativa em parte dos registros,NONE
3500027170,SGB_HIDRO_MS_2024_POCOS,Cond_Eletr,0.0,ZERO_REQUIRES_REVIEW,REVIEW,zero preservado e não assumido como medição válida,NONE
3500027171,SGB_HIDRO_MS_2024_POCOS,profundida,0.0,ZERO_REQUIRES_REVIEW,REVIEW,zero preservado; provável ausência administrativa em parte dos registros,NONE
3500027171,SGB_HIDRO_MS_2024_POCOS,Cond_Eletr,0.0,ZERO_REQUIRES_REVIEW,REVIEW,zero preservado e não assumido como medição válida,NONE
3500027172,SGB_HIDRO_MS_2024_POCOS,profundida,0.0,ZERO_REQUIRES_REVIEW,REVIEW,zero preservado; provável ausência administrativa em parte dos registros,NONE
3500027172,SGB_HIDRO_MS_2024_POCOS,Cond_Eletr,0.0,ZERO_REQUIRES_REVIEW,REVIEW,zero preservado e não assumido como medição válida,NONE
3500027173,SGB_HIDRO_MS_2024_POCOS,profundida,0.0,ZERO_REQUIRES_REVIEW,REVIEW,zero preservado; provável ausência administrativa em parte dos registros,NONE
3500027173,SGB_HIDRO_MS_2024_POCOS,Cond_Eletr,0.0,ZERO_REQUIRES_REVIEW,REVIEW,zero preservado e não assumido como medição válida,NONE
3500027174,SGB_HIDRO_MS_2024_POCOS,profundida,0.0,ZERO_REQUIRES_REVIEW,REVIEW,zero preservado; provável ausência administrativa em parte dos registros,NONE
3500027174,SGB_HIDRO_MS_2024_POCOS,Cond_Eletr,0.0,ZERO_REQUIRES_REVIEW,REVIEW,zero preservado e não assumido como medição válida,NONE
3500027175,SGB_HIDRO_MS_2024_POCOS,profundida,0.0,ZERO_REQUIRES_REVIEW,REVIEW,zero preservado; provável ausência administrativa em parte dos registros,NONE
3500027175,SGB_HIDRO_MS_2024_POCOS,Cond_Eletr,0.0,ZERO_REQUIRES_REVIEW,REVIEW,zero preservado e não assumido como medição válida,NONE
3500027176,SGB_HIDRO_MS_2024_POCOS,profundida,0.0,ZERO_REQUIRES_REVIEW,REVIEW,zero preservado; provável ausência administrativa em parte dos registros,NONE
3500027176,SGB_HIDRO_MS_2024_POCOS,Cond_Eletr,0.0,ZERO_REQUIRES_REVIEW,REVIEW,zero preservado e não assumido como medição válida,NONE
3500027177,SGB_HIDRO_MS_2024_POCOS,profundida,0.0,ZERO_REQUIRES_REVIEW,REVIEW,zero preservado; provável ausência administrativa em parte dos registros,NONE
3500027177,SGB_HIDRO_MS_2024_POCOS,Cond_Eletr,0.0,ZERO_REQUIRES_REVIEW,REVIEW,zero preservado e não assumido como medição válida,NONE
3500027178,SGB_HIDRO_MS_2024_POCOS,profundida,0.0,ZERO_REQUIRES_REVIEW,REVIEW,zero preservado; provável ausência administrativa em parte dos registros,NONE
3500027178,SGB_HIDRO_MS_2024_POCOS,Cond_Eletr,0.0,ZERO_REQUIRES_REVIEW,REVIEW,zero preservado e não assumido como medição válida,NONE
3500027179,SGB_HIDRO_MS_2024_POCOS,profundida,0.0,ZERO_REQUIRES_REVIEW,REVIEW,zero preservado; provável ausência administrativa em parte dos registros,NONE
3500027179,SGB_HIDRO_MS_2024_POCOS,Cond_Eletr,0.0,ZERO_REQUIRES_REVIEW,REVIEW,zero preservado e não assumido como medição válida,NONE
3500027180,SGB_HIDRO_MS_2024_POCOS,profundida,0.0,ZERO_REQUIRES_REVIEW,REVIEW,zero preservado; provável ausência administrativa em parte dos registros,NONE
3500027180,SGB_HIDRO_MS_2024_POCOS,Cond_Eletr,0.0,ZERO_REQUIRES_REVIEW,REVIEW,zero preservado e não assumido como medição válida,NONE
3500027181,SGB_HIDRO_MS_2024_POCOS,profundida,0.0,ZERO_REQUIRES_REVIEW,REVIEW,zero preservado; provável ausência administrativa em parte dos registros,NONE
3500027181,SGB_HIDRO_MS_2024_POCOS,Cond_Eletr,0.0,ZERO_REQUIRES_REVIEW,REVIEW,zero preservado e não assumido como medição válida,NONE
3500027182,SGB_HIDRO_MS_2024_POCOS,profundida,0.0,ZERO_REQUIRES_REVIEW,REVIEW,zero preservado; provável ausência administrativa em parte dos registros,NONE
3500027182,SGB_HIDRO_MS_2024_POCOS,Cond_Eletr,0.0,ZERO_REQUIRES_REVIEW,REVIEW,zero preservado e não assumido como medição válida,NONE
3500027183,SGB_HIDRO_MS_2024_POCOS,profundida,0.0,ZERO_REQUIRES_REVIEW,REVIEW,zero preservado; provável ausência administrativa em parte dos registros,NONE
3500027183,SGB_HIDRO_MS_2024_POCOS,Cond_Eletr,0.0,ZERO_REQUIRES_REVIEW,REVIEW,zero preservado e não assumido como medição válida,NONE
3500027184,SGB_HIDRO_MS_2024_POCOS,profundida,0.0,ZERO_REQUIRES_REVIEW,REVIEW,zero preservado; provável ausência administrativa em parte dos registros,NONE
3500027184,SGB_HIDRO_MS_2024_POCOS,Cond_Eletr,0.0,ZERO_REQUIRES_REVIEW,REVIEW,zero preservado e não assumido como medição válida,NONE
3500027185,SGB_HIDRO_MS_2024_POCOS,profundida,0.0,ZERO_REQUIRES_REVIEW,REVIEW,zero preservado; provável ausência administrativa em parte dos registros,NONE
3500027185,SGB_HIDRO_MS_2024_POCOS,Cond_Eletr,0.0,ZERO_REQUIRES_REVIEW,REVIEW,zero preservado e não assumido como medição válida,NONE
3500027186,SGB_HIDRO_MS_2024_POCOS,profundida,0.0,ZERO_REQUIRES_REVIEW,REVIEW,zero preservado; provável ausência administrativa em parte dos registros,NONE
3500027186,SGB_HIDRO_MS_2024_POCOS,Cond_Eletr,0.0,ZERO_REQUIRES_REVIEW,REVIEW,zero preservado e não assumido como medição válida,NONE
3500027187,SGB_HIDRO_MS_2024_POCOS,profundida,0.0,ZERO_REQUIRES_REVIEW,REVIEW,zero preservado; provável ausência administrativa em parte dos registros,NONE
3500027187,SGB_HIDRO_MS_2024_POCOS,Cond_Eletr,0.0,ZERO_REQUIRES_REVIEW,REVIEW,zero preservado e não assumido como medição válida,NONE
3500027188,SGB_HIDRO_MS_2024_POCOS,profundida,0.0,ZERO_REQUIRES_REVIEW,REVIEW,zero preservado; provável ausência administrativa em parte dos registros,NONE
3500027188,SGB_HIDRO_MS_2024_POCOS,Cond_Eletr,0.0,ZERO_REQUIRES_REVIEW,REVIEW,zero preservado e não assumido como medição válida,NONE
3500027189,SGB_HIDRO_MS_2024_POCOS,profundida,0.0,ZERO_REQUIRES_REVIEW,REVIEW,zero preservado; provável ausência administrativa em parte dos registros,NONE
3500027189,SGB_HIDRO_MS_2024_POCOS,vazao_espe,0.0,ZERO_REQUIRES_REVIEW,REVIEW,zero preservado e não assumido como medição válida,NONE
3500027189,SGB_HIDRO_MS_2024_POCOS,Cond_Eletr,0.0,ZERO_REQUIRES_REVIEW,REVIEW,zero preservado e não assumido como medição válida,NONE
3500027190,SGB_HIDRO_MS_2024_POCOS,profundida,0.0,ZERO_REQUIRES_REVIEW,REVIEW,zero preservado; provável ausência administrativa em parte dos registros,NONE
3500027190,SGB_HIDRO_MS_2024_POCOS,Cond_Eletr,0.0,ZERO_REQUIRES_REVIEW,REVIEW,zero preservado e não assumido como medição válida,NONE
3500027191,SGB_HIDRO_MS_2024_POCOS,profundida,0.0,ZERO_REQUIRES_REVIEW,REVIEW,zero preservado; provável ausência administrativa em parte dos registros,NONE
3500027191,SGB_HIDRO_MS_2024_POCOS,Cond_Eletr,0.0,ZERO_REQUIRES_REVIEW,REVIEW,zero preservado e não assumido como medição válida,NONE
3500027192,SGB_HIDRO_MS_2024_POCOS,profundida,0.0,ZERO_REQUIRES_REVIEW,REVIEW,zero preservado; provável ausência administrativa em parte dos registros,NONE
3500027192,SGB_HIDRO_MS_2024_POCOS,Cond_Eletr,0.0,ZERO_REQUIRES_REVIEW,REVIEW,zero preservado e não assumido como medição válida,NONE
3500027193,SGB_HIDRO_MS_2024_POCOS,profundida,0.0,ZERO_REQUIRES_REVIEW,REVIEW,zero preservado; provável ausência administrativa em parte dos registros,NONE
3500027193,SGB_HIDRO_MS_2024_POCOS,Cond_Eletr,0.0,ZERO_REQUIRES_REVIEW,REVIEW,zero preservado e não assumido como medição válida,NONE
3500027194,SGB_HIDRO_MS_2024_POCOS,profundida,0.0,ZERO_REQUIRES_REVIEW,REVIEW,zero preservado; provável ausência administrativa em parte dos registros,NONE
3500027194,SGB_HIDRO_MS_2024_POCOS,Cond_Eletr,0.0,ZERO_REQUIRES_REVIEW,REVIEW,zero preservado e não assumido como medição válida,NONE
3500027195,SGB_HIDRO_MS_2024_POCOS,profundida,0.0,ZERO_REQUIRES_REVIEW,REVIEW,zero preservado; provável ausência administrativa em parte dos registros,NONE
3500027195,SGB_HIDRO_MS_2024_POCOS,Cond_Eletr,0.0,ZERO_REQUIRES_REVIEW,REVIEW,zero preservado e não assumido como medição válida,NONE
3500027196,SGB_HIDRO_MS_2024_POCOS,profundida,0.0,ZERO_REQUIRES_REVIEW,REVIEW,zero preservado; provável ausência administrativa em parte dos registros,NONE
3500027196,SGB_HIDRO_MS_2024_POCOS,Cond_Eletr,0.0,ZERO_REQUIRES_REVIEW,REVIEW,zero preservado e não assumido como medição válida,NONE
3500027197,SGB_HIDRO_MS_2024_POCOS,profundida,0.0,ZERO_REQUIRES_REVIEW,REVIEW,zero preservado; provável ausência administrativa em parte dos registros,NONE
3500027197,SGB_HIDRO_MS_2024_POCOS,Cond_Eletr,0.0,ZERO_REQUIRES_REVIEW,REVIEW,zero preservado e não assumido como medição válida,NONE
3500027198,SGB_HIDRO_MS_2024_POCOS,profundida,0.0,ZERO_REQUIRES_REVIEW,REVIEW,zero preservado; provável ausência administrativa em parte dos registros,NONE
3500027198,SGB_HIDRO_MS_2024_POCOS,Cond_Eletr,0.0,ZERO_REQUIRES_REVIEW,REVIEW,zero preservado e não assumido como medição válida,NONE
3500027199,SGB_HIDRO_MS_2024_POCOS,profundida,0.0,ZERO_REQUIRES_REVIEW,REVIEW,zero preservado; provável ausência administrativa em parte dos registros,NONE
3500027199,SGB_HIDRO_MS_2024_POCOS,Cond_Eletr,0.0,ZERO_REQUIRES_REVIEW,REVIEW,zero preservado e não assumido como medição válida,NONE
3500027200,SGB_HIDRO_MS_2024_POCOS,profundida,0.0,ZERO_REQUIRES_REVIEW,REVIEW,zero preservado; provável ausência administrativa em parte dos registros,NONE
3500027200,SGB_HIDRO_MS_2024_POCOS,Cond_Eletr,0.0,ZERO_REQUIRES_REVIEW,REVIEW,zero preservado e não assumido como medição válida,NONE
3500027201,SGB_HIDRO_MS_2024_POCOS,profundida,0.0,ZERO_REQUIRES_REVIEW,REVIEW,zero preservado; provável ausência administrativa em parte dos registros,NONE
3500027201,SGB_HIDRO_MS_2024_POCOS,Cond_Eletr,0.0,ZERO_REQUIRES_REVIEW,REVIEW,zero preservado e não assumido como medição válida,NONE
3500027202,SGB_HIDRO_MS_2024_POCOS,profundida,0.0,ZERO_REQUIRES_REVIEW,REVIEW,zero preservado; provável ausência administrativa em parte dos registros,NONE
3500027202,SGB_HIDRO_MS_2024_POCOS,Cond_Eletr,0.0,ZERO_REQUIRES_REVIEW,REVIEW,zero preservado e não assumido como medição válida,NONE
3500027203,SGB_HIDRO_MS_2024_POCOS,profundida,0.0,ZERO_REQUIRES_REVIEW,REVIEW,zero preservado; provável ausência administrativa em parte dos registros,NONE
3500027203,SGB_HIDRO_MS_2024_POCOS,Cond_Eletr,0.0,ZERO_REQUIRES_REVIEW,REVIEW,zero preservado e não assumido como medição válida,NONE
3500027204,SGB_HIDRO_MS_2024_POCOS,profundida,0.0,ZERO_REQUIRES_REVIEW,REVIEW,zero preservado; provável ausência administrativa em parte dos registros,NONE
3500027204,SGB_HIDRO_MS_2024_POCOS,Cond_Eletr,0.0,ZERO_REQUIRES_REVIEW,REVIEW,zero preservado e não assumido como medição válida,NONE
3500027205,SGB_HIDRO_MS_2024_POCOS,profundida,0.0,ZERO_REQUIRES_REVIEW,REVIEW,zero preservado; provável ausência administrativa em parte dos registros,NONE
3500027205,SGB_HIDRO_MS_2024_POCOS,Cond_Eletr,0.0,ZERO_REQUIRES_REVIEW,REVIEW,zero preservado e não assumido como medição válida,NONE
3500027206,SGB_HIDRO_MS_2024_POCOS,profundida,0.0,ZERO_REQUIRES_REVIEW,REVIEW,zero preservado; provável ausência administrativa em parte dos registros,NONE
3500027206,SGB_HIDRO_MS_2024_POCOS,Cond_Eletr,0.0,ZERO_REQUIRES_REVIEW,REVIEW,zero preservado e não assumido como medição válida,NONE
3500027207,SGB_HIDRO_MS_2024_POCOS,profundida,0.0,ZERO_REQUIRES_REVIEW,REVIEW,zero preservado; provável ausência administrativa em parte dos registros,NONE
3500027207,SGB_HIDRO_MS_2024_POCOS,Cond_Eletr,0.0,ZERO_REQUIRES_REVIEW,REVIEW,zero preservado e não assumido como medição válida,NONE
3500027208,SGB_HIDRO_MS_2024_POCOS,profundida,0.0,ZERO_REQUIRES_REVIEW,REVIEW,zero preservado; provável ausência administrativa em parte dos registros,NONE
3500027208,SGB_HIDRO_MS_2024_POCOS,Cond_Eletr,0.0,ZERO_REQUIRES_REVIEW,REVIEW,zero preservado e não assumido como medição válida,NONE
3500027209,SGB_HIDRO_MS_2024_POCOS,profundida,0.0,ZERO_REQUIRES_REVIEW,REVIEW,zero preservado; provável ausência administrativa em parte dos registros,NONE
3500027209,SGB_HIDRO_MS_2024_POCOS,Cond_Eletr,0.0,ZERO_REQUIRES_REVIEW,REVIEW,zero preservado e não assumido como medição válida,NONE
3500027210,SGB_HIDRO_MS_2024_POCOS,profundida,0.0,ZERO_REQUIRES_REVIEW,REVIEW,zero preservado; provável ausência administrativa em parte dos registros,NONE
3500027210,SGB_HIDRO_MS_2024_POCOS,Cond_Eletr,0.0,ZERO_REQUIRES_REVIEW,REVIEW,zero preservado e não assumido como medição válida,NONE
3500027211,SGB_HIDRO_MS_2024_POCOS,profundida,0.0,ZERO_REQUIRES_REVIEW,REVIEW,zero preservado; provável ausência administrativa em parte dos registros,NONE
3500027211,SGB_HIDRO_MS_2024_POCOS,Cond_Eletr,0.0,ZERO_REQUIRES_REVIEW,REVIEW,zero preservado e não assumido como medição válida,NONE
3500027212,SGB_HIDRO_MS_2024_POCOS,profundida,0.0,ZERO_REQUIRES_REVIEW,REVIEW,zero preservado; provável ausência administrativa em parte dos registros,NONE
3500027212,SGB_HIDRO_MS_2024_POCOS,Cond_Eletr,0.0,ZERO_REQUIRES_REVIEW,REVIEW,zero preservado e não assumido como medição válida,NONE
3500027213,SGB_HIDRO_MS_2024_POCOS,profundida,0.0,ZERO_REQUIRES_REVIEW,REVIEW,zero preservado; provável ausência administrativa em parte dos registros,NONE
3500027213,SGB_HIDRO_MS_2024_POCOS,Cond_Eletr,0.0,ZERO_REQUIRES_REVIEW,REVIEW,zero preservado e não assumido como medição válida,NONE
3500027214,SGB_HIDRO_MS_2024_POCOS,profundida,0.0,ZERO_REQUIRES_REVIEW,REVIEW,zero preservado; provável ausência administrativa em parte dos registros,NONE
3500027214,SGB_HIDRO_MS_2024_POCOS,Cond_Eletr,0.0,ZERO_REQUIRES_REVIEW,REVIEW,zero preservado e não assumido como medição válida,NONE
3500027215,SGB_HIDRO_MS_2024_POCOS,profundida,0.0,ZERO_REQUIRES_REVIEW,REVIEW,zero preservado; provável ausência administrativa em parte dos registros,NONE
3500027215,SGB_HIDRO_MS_2024_POCOS,Cond_Eletr,0.0,ZERO_REQUIRES_REVIEW,REVIEW,zero preservado e não assumido como medição válida,NONE
3500027216,SGB_HIDRO_MS_2024_POCOS,profundida,0.0,ZERO_REQUIRES_REVIEW,REVIEW,zero preservado; provável ausência administrativa em parte dos registros,NONE
3500027216,SGB_HIDRO_MS_2024_POCOS,Cond_Eletr,0.0,ZERO_REQUIRES_REVIEW,REVIEW,zero preservado e não assumido como medição válida,NONE
3500027217,SGB_HIDRO_MS_2024_POCOS,profundida,0.0,ZERO_REQUIRES_REVIEW,REVIEW,zero preservado; provável ausência administrativa em parte dos registros,NONE
3500027217,SGB_HIDRO_MS_2024_POCOS,Cond_Eletr,0.0,ZERO_REQUIRES_REVIEW,REVIEW,zero preservado e não assumido como medição válida,NONE
3500027218,SGB_HIDRO_MS_2024_POCOS,profundida,0.0,ZERO_REQUIRES_REVIEW,REVIEW,zero preservado; provável ausência administrativa em parte dos registros,NONE
3500027218,SGB_HIDRO_MS_2024_POCOS,Cond_Eletr,0.0,ZERO_REQUIRES_REVIEW,REVIEW,zero preservado e não assumido como medição válida,NONE
3500027219,SGB_HIDRO_MS_2024_POCOS,profundida,0.0,ZERO_REQUIRES_REVIEW,REVIEW,zero preservado; provável ausência administrativa em parte dos registros,NONE
3500027219,SGB_HIDRO_MS_2024_POCOS,Cond_Eletr,0.0,ZERO_REQUIRES_REVIEW,REVIEW,zero preservado e não assumido como medição válida,NONE
3500027220,SGB_HIDRO_MS_2024_POCOS,profundida,0.0,ZERO_REQUIRES_REVIEW,REVIEW,zero preservado; provável ausência administrativa em parte dos registros,NONE
3500027220,SGB_HIDRO_MS_2024_POCOS,Cond_Eletr,0.0,ZERO_REQUIRES_REVIEW,REVIEW,zero preservado e não assumido como medição válida,NONE
3500027221,SGB_HIDRO_MS_2024_POCOS,profundida,0.0,ZERO_REQUIRES_REVIEW,REVIEW,zero preservado; provável ausência administrativa em parte dos registros,NONE
3500027221,SGB_HIDRO_MS_2024_POCOS,Cond_Eletr,0.0,ZERO_REQUIRES_REVIEW,REVIEW,zero preservado e não assumido como medição válida,NONE
3500027222,SGB_HIDRO_MS_2024_POCOS,profundida,0.0,ZERO_REQUIRES_REVIEW,REVIEW,zero preservado; provável ausência administrativa em parte dos registros,NONE
3500027222,SGB_HIDRO_MS_2024_POCOS,Cond_Eletr,0.0,ZERO_REQUIRES_REVIEW,REVIEW,zero preservado e não assumido como medição válida,NONE
3500027223,SGB_HIDRO_MS_2024_POCOS,profundida,0.0,ZERO_REQUIRES_REVIEW,REVIEW,zero preservado; provável ausência administrativa em parte dos registros,NONE
3500027223,SGB_HIDRO_MS_2024_POCOS,Cond_Eletr,0.0,ZERO_REQUIRES_REVIEW,REVIEW,zero preservado e não assumido como medição válida,NONE
3500027224,SGB_HIDRO_MS_2024_POCOS,profundida,0.0,ZERO_REQUIRES_REVIEW,REVIEW,zero preservado; provável ausência administrativa em parte dos registros,NONE
3500027224,SGB_HIDRO_MS_2024_POCOS,Cond_Eletr,0.0,ZERO_REQUIRES_REVIEW,REVIEW,zero preservado e não assumido como medição válida,NONE
3500027225,SGB_HIDRO_MS_2024_POCOS,profundida,0.0,ZERO_REQUIRES_REVIEW,REVIEW,zero preservado; provável ausência administrativa em parte dos registros,NONE
3500027225,SGB_HIDRO_MS_2024_POCOS,Cond_Eletr,0.0,ZERO_REQUIRES_REVIEW,REVIEW,zero preservado e não assumido como medição válida,NONE
3500027226,SGB_HIDRO_MS_2024_POCOS,profundida,0.0,ZERO_REQUIRES_REVIEW,REVIEW,zero preservado; provável ausência administrativa em parte dos registros,NONE
3500027226,SGB_HIDRO_MS_2024_POCOS,Cond_Eletr,0.0,ZERO_REQUIRES_REVIEW,REVIEW,zero preservado e não assumido como medição válida,NONE
3500027227,SGB_HIDRO_MS_2024_POCOS,profundida,0.0,ZERO_REQUIRES_REVIEW,REVIEW,zero preservado; provável ausência administrativa em parte dos registros,NONE
3500027227,SGB_HIDRO_MS_2024_POCOS,Cond_Eletr,0.0,ZERO_REQUIRES_REVIEW,REVIEW,zero preservado e não assumido como medição válida,NONE
3500027228,SGB_HIDRO_MS_2024_POCOS,profundida,0.0,ZERO_REQUIRES_REVIEW,REVIEW,zero preservado; provável ausência administrativa em parte dos registros,NONE
3500027228,SGB_HIDRO_MS_2024_POCOS,Cond_Eletr,0.0,ZERO_REQUIRES_REVIEW,REVIEW,zero preservado e não assumido como medição válida,NONE
3500027229,SGB_HIDRO_MS_2024_POCOS,profundida,0.0,ZERO_REQUIRES_REVIEW,REVIEW,zero preservado; provável ausência administrativa em parte dos registros,NONE
3500027229,SGB_HIDRO_MS_2024_POCOS,Cond_Eletr,0.0,ZERO_REQUIRES_REVIEW,REVIEW,zero preservado e não assumido como medição válida,NONE
3500027230,SGB_HIDRO_MS_2024_POCOS,profundida,0.0,ZERO_REQUIRES_REVIEW,REVIEW,zero preservado; provável ausência administrativa em parte dos registros,NONE
3500027230,SGB_HIDRO_MS_2024_POCOS,Cond_Eletr,0.0,ZERO_REQUIRES_REVIEW,REVIEW,zero preservado e não assumido como medição válida,NONE
3500027231,SGB_HIDRO_MS_2024_POCOS,profundida,0.0,ZERO_REQUIRES_REVIEW,REVIEW,zero preservado; provável ausência administrativa em parte dos registros,NONE
3500027231,SGB_HIDRO_MS_2024_POCOS,Cond_Eletr,0.0,ZERO_REQUIRES_REVIEW,REVIEW,zero preservado e não assumido como medição válida,NONE
3500027232,SGB_HIDRO_MS_2024_POCOS,profundida,0.0,ZERO_REQUIRES_REVIEW,REVIEW,zero preservado; provável ausência administrativa em parte dos registros,NONE
3500027232,SGB_HIDRO_MS_2024_POCOS,Cond_Eletr,0.0,ZERO_REQUIRES_REVIEW,REVIEW,zero preservado e não assumido como medição válida,NONE
3500027233,SGB_HIDRO_MS_2024_POCOS,profundida,0.0,ZERO_REQUIRES_REVIEW,REVIEW,zero preservado; provável ausência administrativa em parte dos registros,NONE
3500027233,SGB_HIDRO_MS_2024_POCOS,Cond_Eletr,0.0,ZERO_REQUIRES_REVIEW,REVIEW,zero preservado e não assumido como medição válida,NONE
3500027234,SGB_HIDRO_MS_2024_POCOS,profundida,0.0,ZERO_REQUIRES_REVIEW,REVIEW,zero preservado; provável ausência administrativa em parte dos registros,NONE
3500027234,SGB_HIDRO_MS_2024_POCOS,Cond_Eletr,0.0,ZERO_REQUIRES_REVIEW,REVIEW,zero preservado e não assumido como medição válida,NONE
3500027235,SGB_HIDRO_MS_2024_POCOS,profundida,0.0,ZERO_REQUIRES_REVIEW,REVIEW,zero preservado; provável ausência administrativa em parte dos registros,NONE
3500027235,SGB_HIDRO_MS_2024_POCOS,Cond_Eletr,0.0,ZERO_REQUIRES_REVIEW,REVIEW,zero preservado e não assumido como medição válida,NONE
3500027236,SGB_HIDRO_MS_2024_POCOS,profundida,0.0,ZERO_REQUIRES_REVIEW,REVIEW,zero preservado; provável ausência administrativa em parte dos registros,NONE
3500027236,SGB_HIDRO_MS_2024_POCOS,Cond_Eletr,0.0,ZERO_REQUIRES_REVIEW,REVIEW,zero preservado e não assumido como medição válida,NONE
3500027237,SGB_HIDRO_MS_2024_POCOS,profundida,0.0,ZERO_REQUIRES_REVIEW,REVIEW,zero preservado; provável ausência administrativa em parte dos registros,NONE
3500027237,SGB_HIDRO_MS_2024_POCOS,Cond_Eletr,0.0,ZERO_REQUIRES_REVIEW,REVIEW,zero preservado e não assumido como medição válida,NONE
3500027238,SGB_HIDRO_MS_2024_POCOS,profundida,0.0,ZERO_REQUIRES_REVIEW,REVIEW,zero preservado; provável ausência administrativa em parte dos registros,NONE
3500027238,SGB_HIDRO_MS_2024_POCOS,Cond_Eletr,0.0,ZERO_REQUIRES_REVIEW,REVIEW,zero preservado e não assumido como medição válida,NONE
3500027239,SGB_HIDRO_MS_2024_POCOS,profundida,0.0,ZERO_REQUIRES_REVIEW,REVIEW,zero preservado; provável ausência administrativa em parte dos registros,NONE
3500027239,SGB_HIDRO_MS_2024_POCOS,Cond_Eletr,0.0,ZERO_REQUIRES_REVIEW,REVIEW,zero preservado e não assumido como medição válida,NONE
3500027240,SGB_HIDRO_MS_2024_POCOS,profundida,0.0,ZERO_REQUIRES_REVIEW,REVIEW,zero preservado; provável ausência administrativa em parte dos registros,NONE
3500027240,SGB_HIDRO_MS_2024_POCOS,Cond_Eletr,0.0,ZERO_REQUIRES_REVIEW,REVIEW,zero preservado e não assumido como medição válida,NONE
3500027241,SGB_HIDRO_MS_2024_POCOS,profundida,0.0,ZERO_REQUIRES_REVIEW,REVIEW,zero preservado; provável ausência administrativa em parte dos registros,NONE
3500027241,SGB_HIDRO_MS_2024_POCOS,Cond_Eletr,0.0,ZERO_REQUIRES_REVIEW,REVIEW,zero preservado e não assumido como medição válida,NONE
3500027242,SGB_HIDRO_MS_2024_POCOS,profundida,0.0,ZERO_REQUIRES_REVIEW,REVIEW,zero preservado; provável ausência administrativa em parte dos registros,NONE
3500027242,SGB_HIDRO_MS_2024_POCOS,Cond_Eletr,0.0,ZERO_REQUIRES_REVIEW,REVIEW,zero preservado e não assumido como medição válida,NONE
3500027243,SGB_HIDRO_MS_2024_POCOS,profundida,0.0,ZERO_REQUIRES_REVIEW,REVIEW,zero preservado; provável ausência administrativa em parte dos registros,NONE
3500027243,SGB_HIDRO_MS_2024_POCOS,Cond_Eletr,0.0,ZERO_REQUIRES_REVIEW,REVIEW,zero preservado e não assumido como medição válida,NONE
3500027244,SGB_HIDRO_MS_2024_POCOS,profundida,0.0,ZERO_REQUIRES_REVIEW,REVIEW,zero preservado; provável ausência administrativa em parte dos registros,NONE
3500027244,SGB_HIDRO_MS_2024_POCOS,Cond_Eletr,0.0,ZERO_REQUIRES_REVIEW,REVIEW,zero preservado e não assumido como medição válida,NONE
3500027245,SGB_HIDRO_MS_2024_POCOS,profundida,0.0,ZERO_REQUIRES_REVIEW,REVIEW,zero preservado; provável ausência administrativa em parte dos registros,NONE
3500027245,SGB_HIDRO_MS_2024_POCOS,Cond_Eletr,0.0,ZERO_REQUIRES_REVIEW,REVIEW,zero preservado e não assumido como medição válida,NONE
3500027246,SGB_HIDRO_MS_2024_POCOS,profundida,0.0,ZERO_REQUIRES_REVIEW,REVIEW,zero preservado; provável ausência administrativa em parte dos registros,NONE
3500027246,SGB_HIDRO_MS_2024_POCOS,Cond_Eletr,0.0,ZERO_REQUIRES_REVIEW,REVIEW,zero preservado e não assumido como medição válida,NONE
3500027247,SGB_HIDRO_MS_2024_POCOS,profundida,0.0,ZERO_REQUIRES_REVIEW,REVIEW,zero preservado; provável ausência administrativa em parte dos registros,NONE
3500027248,SGB_HIDRO_MS_2024_POCOS,profundida,0.0,ZERO_REQUIRES_REVIEW,REVIEW,zero preservado; provável ausência administrativa em parte dos registros,NONE
3500027248,SGB_HIDRO_MS_2024_POCOS,Cond_Eletr,0.0,ZERO_REQUIRES_REVIEW,REVIEW,zero preservado e não assumido como medição válida,NONE
3500027249,SGB_HIDRO_MS_2024_POCOS,profundida,0.0,ZERO_REQUIRES_REVIEW,REVIEW,zero preservado; provável ausência administrativa em parte dos registros,NONE
3500027249,SGB_HIDRO_MS_2024_POCOS,Cond_Eletr,0.0,ZERO_REQUIRES_REVIEW,REVIEW,zero preservado e não assumido como medição válida,NONE
3500027250,SGB_HIDRO_MS_2024_POCOS,profundida,0.0,ZERO_REQUIRES_REVIEW,REVIEW,zero preservado; provável ausência administrativa em parte dos registros,NONE
3500027250,SGB_HIDRO_MS_2024_POCOS,vazao_espe,0.0,ZERO_REQUIRES_REVIEW,REVIEW,zero preservado e não assumido como medição válida,NONE
3500027250,SGB_HIDRO_MS_2024_POCOS,Cond_Eletr,0.0,ZERO_REQUIRES_REVIEW,REVIEW,zero preservado e não assumido como medição válida,NONE
3500027251,SGB_HIDRO_MS_2024_POCOS,profundida,0.0,ZERO_REQUIRES_REVIEW,REVIEW,zero preservado; provável ausência administrativa em parte dos registros,NONE
3500027251,SGB_HIDRO_MS_2024_POCOS,Cond_Eletr,0.0,ZERO_REQUIRES_REVIEW,REVIEW,zero preservado e não assumido como medição válida,NONE
3500027252,SGB_HIDRO_MS_2024_POCOS,profundida,0.0,ZERO_REQUIRES_REVIEW,REVIEW,zero preservado; provável ausência administrativa em parte dos registros,NONE
3500027252,SGB_HIDRO_MS_2024_POCOS,vazao_espe,0.0,ZERO_REQUIRES_REVIEW,REVIEW,zero preservado e não assumido como medição válida,NONE
3500027252,SGB_HIDRO_MS_2024_POCOS,Cond_Eletr,0.0,ZERO_REQUIRES_REVIEW,REVIEW,zero preservado e não assumido como medição válida,NONE
3500027253,SGB_HIDRO_MS_2024_POCOS,profundida,0.0,ZERO_REQUIRES_REVIEW,REVIEW,zero preservado; provável ausência administrativa em parte dos registros,NONE
3500027253,SGB_HIDRO_MS_2024_POCOS,vazao_espe,0.0,ZERO_REQUIRES_REVIEW,REVIEW,zero preservado e não assumido como medição válida,NONE
3500027253,SGB_HIDRO_MS_2024_POCOS,Cond_Eletr,0.0,ZERO_REQUIRES_REVIEW,REVIEW,zero preservado e não assumido como medição válida,NONE
3500027254,SGB_HIDRO_MS_2024_POCOS,profundida,0.0,ZERO_REQUIRES_REVIEW,REVIEW,zero preservado; provável ausência administrativa em parte dos registros,NONE
3500027254,SGB_HIDRO_MS_2024_POCOS,vazao_espe,0.0,ZERO_REQUIRES_REVIEW,REVIEW,zero preservado e não assumido como medição válida,NONE
3500027254,SGB_HIDRO_MS_2024_POCOS,Cond_Eletr,0.0,ZERO_REQUIRES_REVIEW,REVIEW,zero preservado e não assumido como medição válida,NONE
3500027255,SGB_HIDRO_MS_2024_POCOS,profundida,0.0,ZERO_REQUIRES_REVIEW,REVIEW,zero preservado; provável ausência administrativa em parte dos registros,NONE
3500027255,SGB_HIDRO_MS_2024_POCOS,vazao_espe,0.0,ZERO_REQUIRES_REVIEW,REVIEW,zero preservado e não assumido como medição válida,NONE
3500027255,SGB_HIDRO_MS_2024_POCOS,Cond_Eletr,0.0,ZERO_REQUIRES_REVIEW,REVIEW,zero preservado e não assumido como medição válida,NONE
3500027256,SGB_HIDRO_MS_2024_POCOS,profundida,0.0,ZERO_REQUIRES_REVIEW,REVIEW,zero preservado; provável ausência administrativa em parte dos registros,NONE
3500027256,SGB_HIDRO_MS_2024_POCOS,vazao_espe,0.0,ZERO_REQUIRES_REVIEW,REVIEW,zero preservado e não assumido como medição válida,NONE
3500027256,SGB_HIDRO_MS_2024_POCOS,Cond_Eletr,0.0,ZERO_REQUIRES_REVIEW,REVIEW,zero preservado e não assumido como medição válida,NONE
3500027257,SGB_HIDRO_MS_2024_POCOS,profundida,0.0,ZERO_REQUIRES_REVIEW,REVIEW,zero preservado; provável ausência administrativa em parte dos registros,NONE
3500027257,SGB_HIDRO_MS_2024_POCOS,vazao_espe,0.0,ZERO_REQUIRES_REVIEW,REVIEW,zero preservado e não assumido como medição válida,NONE
3500027257,SGB_HIDRO_MS_2024_POCOS,Cond_Eletr,0.0,ZERO_REQUIRES_REVIEW,REVIEW,zero preservado e não assumido como medição válida,NONE
3500027258,SGB_HIDRO_MS_2024_POCOS,profundida,0.0,ZERO_REQUIRES_REVIEW,REVIEW,zero preservado; provável ausência administrativa em parte dos registros,NONE
3500027258,SGB_HIDRO_MS_2024_POCOS,vazao_espe,0.0,ZERO_REQUIRES_REVIEW,REVIEW,zero preservado e não assumido como medição válida,NONE
3500027258,SGB_HIDRO_MS_2024_POCOS,Cond_Eletr,0.0,ZERO_REQUIRES_REVIEW,REVIEW,zero preservado e não assumido como medição válida,NONE
3500027259,SGB_HIDRO_MS_2024_POCOS,profundida,0.0,ZERO_REQUIRES_REVIEW,REVIEW,zero preservado; provável ausência administrativa em parte dos registros,NONE
3500027259,SGB_HIDRO_MS_2024_POCOS,Cond_Eletr,0.0,ZERO_REQUIRES_REVIEW,REVIEW,zero preservado e não assumido como medição válida,NONE
3500027260,SGB_HIDRO_MS_2024_POCOS,profundida,0.0,ZERO_REQUIRES_REVIEW,REVIEW,zero preservado; provável ausência administrativa em parte dos registros,NONE
3500027260,SGB_HIDRO_MS_2024_POCOS,vazao_espe,0.0,ZERO_REQUIRES_REVIEW,REVIEW,zero preservado e não assumido como medição válida,NONE
3500027260,SGB_HIDRO_MS_2024_POCOS,Cond_Eletr,0.0,ZERO_REQUIRES_REVIEW,REVIEW,zero preservado e não assumido como medição válida,NONE
3500027261,SGB_HIDRO_MS_2024_POCOS,profundida,0.0,ZERO_REQUIRES_REVIEW,REVIEW,zero preservado; provável ausência administrativa em parte dos registros,NONE
3500027261,SGB_HIDRO_MS_2024_POCOS,vazao_espe,0.0,ZERO_REQUIRES_REVIEW,REVIEW,zero preservado e não assumido como medição válida,NONE
3500027261,SGB_HIDRO_MS_2024_POCOS,Cond_Eletr,0.0,ZERO_REQUIRES_REVIEW,REVIEW,zero preservado e não assumido como medição válida,NONE
3500027262,SGB_HIDRO_MS_2024_POCOS,profundida,0.0,ZERO_REQUIRES_REVIEW,REVIEW,zero preservado; provável ausência administrativa em parte dos registros,NONE
3500027262,SGB_HIDRO_MS_2024_POCOS,vazao_espe,0.0,ZERO_REQUIRES_REVIEW,REVIEW,zero preservado e não assumido como medição válida,NONE
3500027262,SGB_HIDRO_MS_2024_POCOS,Cond_Eletr,0.0,ZERO_REQUIRES_REVIEW,REVIEW,zero preservado e não assumido como medição válida,NONE
3500027263,SGB_HIDRO_MS_2024_POCOS,profundida,0.0,ZERO_REQUIRES_REVIEW,REVIEW,zero preservado; provável ausência administrativa em parte dos registros,NONE
3500027263,SGB_HIDRO_MS_2024_POCOS,vazao_espe,0.0,ZERO_REQUIRES_REVIEW,REVIEW,zero preservado e não assumido como medição válida,NONE
3500027263,SGB_HIDRO_MS_2024_POCOS,Cond_Eletr,0.0,ZERO_REQUIRES_REVIEW,REVIEW,zero preservado e não assumido como medição válida,NONE
3500027264,SGB_HIDRO_MS_2024_POCOS,profundida,0.0,ZERO_REQUIRES_REVIEW,REVIEW,zero preservado; provável ausência administrativa em parte dos registros,NONE
3500027264,SGB_HIDRO_MS_2024_POCOS,vazao_espe,0.0,ZERO_REQUIRES_REVIEW,REVIEW,zero preservado e não assumido como medição válida,NONE
3500027264,SGB_HIDRO_MS_2024_POCOS,Cond_Eletr,0.0,ZERO_REQUIRES_REVIEW,REVIEW,zero preservado e não assumido como medição válida,NONE
3500027265,SGB_HIDRO_MS_2024_POCOS,profundida,0.0,ZERO_REQUIRES_REVIEW,REVIEW,zero preservado; provável ausência administrativa em parte dos registros,NONE
3500027265,SGB_HIDRO_MS_2024_POCOS,vazao_espe,0.0,ZERO_REQUIRES_REVIEW,REVIEW,zero preservado e não assumido como medição válida,NONE
3500027265,SGB_HIDRO_MS_2024_POCOS,Cond_Eletr,0.0,ZERO_REQUIRES_REVIEW,REVIEW,zero preservado e não assumido como medição válida,NONE
3500027266,SGB_HIDRO_MS_2024_POCOS,profundida,0.0,ZERO_REQUIRES_REVIEW,REVIEW,zero preservado; provável ausência administrativa em parte dos registros,NONE
3500027266,SGB_HIDRO_MS_2024_POCOS,vazao_espe,0.0,ZERO_REQUIRES_REVIEW,REVIEW,zero preservado e não assumido como medição válida,NONE
3500027266,SGB_HIDRO_MS_2024_POCOS,Cond_Eletr,0.0,ZERO_REQUIRES_REVIEW,REVIEW,zero preservado e não assumido como medição válida,NONE
3500027267,SGB_HIDRO_MS_2024_POCOS,profundida,0.0,ZERO_REQUIRES_REVIEW,REVIEW,zero preservado; provável ausência administrativa em parte dos registros,NONE
3500027267,SGB_HIDRO_MS_2024_POCOS,Cond_Eletr,0.0,ZERO_REQUIRES_REVIEW,REVIEW,zero preservado e não assumido como medição válida,NONE
3500027268,SGB_HIDRO_MS_2024_POCOS,profundida,0.0,ZERO_REQUIRES_REVIEW,REVIEW,zero preservado; provável ausência administrativa em parte dos registros,NONE
3500027268,SGB_HIDRO_MS_2024_POCOS,vazao_espe,0.0,ZERO_REQUIRES_REVIEW,REVIEW,zero preservado e não assumido como medição válida,NONE
3500027268,SGB_HIDRO_MS_2024_POCOS,Cond_Eletr,0.0,ZERO_REQUIRES_REVIEW,REVIEW,zero preservado e não assumido como medição válida,NONE
3500027269,SGB_HIDRO_MS_2024_POCOS,profundida,0.0,ZERO_REQUIRES_REVIEW,REVIEW,zero preservado; provável ausência administrativa em parte dos registros,NONE
3500027269,SGB_HIDRO_MS_2024_POCOS,Cond_Eletr,0.0,ZERO_REQUIRES_REVIEW,REVIEW,zero preservado e não assumido como medição válida,NONE
3500027270,SGB_HIDRO_MS_2024_POCOS,profundida,0.0,ZERO_REQUIRES_REVIEW,REVIEW,zero preservado; provável ausência administrativa em parte dos registros,NONE
3500027270,SGB_HIDRO_MS_2024_POCOS,vazao_espe,0.0,ZERO_REQUIRES_REVIEW,REVIEW,zero preservado e não assumido como medição válida,NONE
3500027270,SGB_HIDRO_MS_2024_POCOS,Cond_Eletr,0.0,ZERO_REQUIRES_REVIEW,REVIEW,zero preservado e não assumido como medição válida,NONE
3500027271,SGB_HIDRO_MS_2024_POCOS,profundida,0.0,ZERO_REQUIRES_REVIEW,REVIEW,zero preservado; provável ausência administrativa em parte dos registros,NONE
3500027271,SGB_HIDRO_MS_2024_POCOS,vazao_espe,0.0,ZERO_REQUIRES_REVIEW,REVIEW,zero preservado e não assumido como medição válida,NONE
3500027271,SGB_HIDRO_MS_2024_POCOS,Cond_Eletr,0.0,ZERO_REQUIRES_REVIEW,REVIEW,zero preservado e não assumido como medição válida,NONE
3500027272,SGB_HIDRO_MS_2024_POCOS,profundida,0.0,ZERO_REQUIRES_REVIEW,REVIEW,zero preservado; provável ausência administrativa em parte dos registros,NONE
3500027272,SGB_HIDRO_MS_2024_POCOS,Cond_Eletr,0.0,ZERO_REQUIRES_REVIEW,REVIEW,zero preservado e não assumido como medição válida,NONE
3500027273,SGB_HIDRO_MS_2024_POCOS,profundida,0.0,ZERO_REQUIRES_REVIEW,REVIEW,zero preservado; provável ausência administrativa em parte dos registros,NONE
3500027273,SGB_HIDRO_MS_2024_POCOS,Cond_Eletr,0.0,ZERO_REQUIRES_REVIEW,REVIEW,zero preservado e não assumido como medição válida,NONE
3500027274,SGB_HIDRO_MS_2024_POCOS,profundida,0.0,ZERO_REQUIRES_REVIEW,REVIEW,zero preservado; provável ausência administrativa em parte dos registros,NONE
3500027274,SGB_HIDRO_MS_2024_POCOS,Cond_Eletr,0.0,ZERO_REQUIRES_REVIEW,REVIEW,zero preservado e não assumido como medição válida,NONE
3500027275,SGB_HIDRO_MS_2024_POCOS,profundida,0.0,ZERO_REQUIRES_REVIEW,REVIEW,zero preservado; provável ausência administrativa em parte dos registros,NONE
3500027275,SGB_HIDRO_MS_2024_POCOS,Cond_Eletr,0.0,ZERO_REQUIRES_REVIEW,REVIEW,zero preservado e não assumido como medição válida,NONE
3500027276,SGB_HIDRO_MS_2024_POCOS,profundida,0.0,ZERO_REQUIRES_REVIEW,REVIEW,zero preservado; provável ausência administrativa em parte dos registros,NONE
3500027276,SGB_HIDRO_MS_2024_POCOS,Cond_Eletr,0.0,ZERO_REQUIRES_REVIEW,REVIEW,zero preservado e não assumido como medição válida,NONE
3500027277,SGB_HIDRO_MS_2024_POCOS,profundida,0.0,ZERO_REQUIRES_REVIEW,REVIEW,zero preservado; provável ausência administrativa em parte dos registros,NONE
3500027277,SGB_HIDRO_MS_2024_POCOS,Cond_Eletr,0.0,ZERO_REQUIRES_REVIEW,REVIEW,zero preservado e não assumido como medição válida,NONE
3500027278,SGB_HIDRO_MS_2024_POCOS,profundida,0.0,ZERO_REQUIRES_REVIEW,REVIEW,zero preservado; provável ausência administrativa em parte dos registros,NONE
3500027278,SGB_HIDRO_MS_2024_POCOS,Cond_Eletr,0.0,ZERO_REQUIRES_REVIEW,REVIEW,zero preservado e não assumido como medição válida,NONE
3500027279,SGB_HIDRO_MS_2024_POCOS,profundida,0.0,ZERO_REQUIRES_REVIEW,REVIEW,zero preservado; provável ausência administrativa em parte dos registros,NONE
3500027279,SGB_HIDRO_MS_2024_POCOS,Cond_Eletr,0.0,ZERO_REQUIRES_REVIEW,REVIEW,zero preservado e não assumido como medição válida,NONE
3500027280,SGB_HIDRO_MS_2024_POCOS,profundida,0.0,ZERO_REQUIRES_REVIEW,REVIEW,zero preservado; provável ausência administrativa em parte dos registros,NONE
3500027280,SGB_HIDRO_MS_2024_POCOS,Cond_Eletr,0.0,ZERO_REQUIRES_REVIEW,REVIEW,zero preservado e não assumido como medição válida,NONE
3500027281,SGB_HIDRO_MS_2024_POCOS,profundida,0.0,ZERO_REQUIRES_REVIEW,REVIEW,zero preservado; provável ausência administrativa em parte dos registros,NONE
3500027281,SGB_HIDRO_MS_2024_POCOS,Cond_Eletr,0.0,ZERO_REQUIRES_REVIEW,REVIEW,zero preservado e não assumido como medição válida,NONE
3500027282,SGB_HIDRO_MS_2024_POCOS,profundida,0.0,ZERO_REQUIRES_REVIEW,REVIEW,zero preservado; provável ausência administrativa em parte dos registros,NONE
3500027282,SGB_HIDRO_MS_2024_POCOS,Cond_Eletr,0.0,ZERO_REQUIRES_REVIEW,REVIEW,zero preservado e não assumido como medição válida,NONE
3500027283,SGB_HIDRO_MS_2024_POCOS,profundida,0.0,ZERO_REQUIRES_REVIEW,REVIEW,zero preservado; provável ausência administrativa em parte dos registros,NONE
3500027283,SGB_HIDRO_MS_2024_POCOS,Cond_Eletr,0.0,ZERO_REQUIRES_REVIEW,REVIEW,zero preservado e não assumido como medição válida,NONE
3500027284,SGB_HIDRO_MS_2024_POCOS,profundida,0.0,ZERO_REQUIRES_REVIEW,REVIEW,zero preservado; provável ausência administrativa em parte dos registros,NONE
3500027284,SGB_HIDRO_MS_2024_POCOS,Cond_Eletr,0.0,ZERO_REQUIRES_REVIEW,REVIEW,zero preservado e não assumido como medição válida,NONE
3500027285,SGB_HIDRO_MS_2024_POCOS,profundida,0.0,ZERO_REQUIRES_REVIEW,REVIEW,zero preservado; provável ausência administrativa em parte dos registros,NONE
3500027285,SGB_HIDRO_MS_2024_POCOS,Cond_Eletr,0.0,ZERO_REQUIRES_REVIEW,REVIEW,zero preservado e não assumido como medição válida,NONE
3500027286,SGB_HIDRO_MS_2024_POCOS,profundida,0.0,ZERO_REQUIRES_REVIEW,REVIEW,zero preservado; provável ausência administrativa em parte dos registros,NONE
3500027286,SGB_HIDRO_MS_2024_POCOS,Cond_Eletr,0.0,ZERO_REQUIRES_REVIEW,REVIEW,zero preservado e não assumido como medição válida,NONE
3500027287,SGB_HIDRO_MS_2024_POCOS,profundida,0.0,ZERO_REQUIRES_REVIEW,REVIEW,zero preservado; provável ausência administrativa em parte dos registros,NONE
3500027287,SGB_HIDRO_MS_2024_POCOS,Cond_Eletr,0.0,ZERO_REQUIRES_REVIEW,REVIEW,zero preservado e não assumido como medição válida,NONE
3500027288,SGB_HIDRO_MS_2024_POCOS,profundida,0.0,ZERO_REQUIRES_REVIEW,REVIEW,zero preservado; provável ausência administrativa em parte dos registros,NONE
3500027288,SGB_HIDRO_MS_2024_POCOS,Cond_Eletr,0.0,ZERO_REQUIRES_REVIEW,REVIEW,zero preservado e não assumido como medição válida,NONE
3500027289,SGB_HIDRO_MS_2024_POCOS,profundida,0.0,ZERO_REQUIRES_REVIEW,REVIEW,zero preservado; provável ausência administrativa em parte dos registros,NONE
3500027289,SGB_HIDRO_MS_2024_POCOS,Cond_Eletr,0.0,ZERO_REQUIRES_REVIEW,REVIEW,zero preservado e não assumido como medição válida,NONE
3500027290,SGB_HIDRO_MS_2024_POCOS,profundida,0.0,ZERO_REQUIRES_REVIEW,REVIEW,zero preservado; provável ausência administrativa em parte dos registros,NONE
3500027290,SGB_HIDRO_MS_2024_POCOS,Cond_Eletr,0.0,ZERO_REQUIRES_REVIEW,REVIEW,zero preservado e não assumido como medição válida,NONE
3500027291,SGB_HIDRO_MS_2024_POCOS,profundida,0.0,ZERO_REQUIRES_REVIEW,REVIEW,zero preservado; provável ausência administrativa em parte dos registros,NONE
3500027291,SGB_HIDRO_MS_2024_POCOS,Cond_Eletr,0.0,ZERO_REQUIRES_REVIEW,REVIEW,zero preservado e não assumido como medição válida,NONE
3500027292,SGB_HIDRO_MS_2024_POCOS,profundida,0.0,ZERO_REQUIRES_REVIEW,REVIEW,zero preservado; provável ausência administrativa em parte dos registros,NONE
3500027292,SGB_HIDRO_MS_2024_POCOS,Cond_Eletr,0.0,ZERO_REQUIRES_REVIEW,REVIEW,zero preservado e não assumido como medição válida,NONE
3500027293,SGB_HIDRO_MS_2024_POCOS,profundida,0.0,ZERO_REQUIRES_REVIEW,REVIEW,zero preservado; provável ausência administrativa em parte dos registros,NONE
3500027293,SGB_HIDRO_MS_2024_POCOS,Cond_Eletr,0.0,ZERO_REQUIRES_REVIEW,REVIEW,zero preservado e não assumido como medição válida,NONE
3500027294,SGB_HIDRO_MS_2024_POCOS,profundida,0.0,ZERO_REQUIRES_REVIEW,REVIEW,zero preservado; provável ausência administrativa em parte dos registros,NONE
3500027294,SGB_HIDRO_MS_2024_POCOS,Cond_Eletr,0.0,ZERO_REQUIRES_REVIEW,REVIEW,zero preservado e não assumido como medição válida,NONE
3500027295,SGB_HIDRO_MS_2024_POCOS,profundida,0.0,ZERO_REQUIRES_REVIEW,REVIEW,zero preservado; provável ausência administrativa em parte dos registros,NONE
3500027295,SGB_HIDRO_MS_2024_POCOS,Cond_Eletr,0.0,ZERO_REQUIRES_REVIEW,REVIEW,zero preservado e não assumido como medição válida,NONE
3500027296,SGB_HIDRO_MS_2024_POCOS,profundida,0.0,ZERO_REQUIRES_REVIEW,REVIEW,zero preservado; provável ausência administrativa em parte dos registros,NONE
3500027296,SGB_HIDRO_MS_2024_POCOS,Cond_Eletr,0.0,ZERO_REQUIRES_REVIEW,REVIEW,zero preservado e não assumido como medição válida,NONE
3500027297,SGB_HIDRO_MS_2024_POCOS,profundida,0.0,ZERO_REQUIRES_REVIEW,REVIEW,zero preservado; provável ausência administrativa em parte dos registros,NONE
3500027297,SGB_HIDRO_MS_2024_POCOS,vazao_espe,0.0,ZERO_REQUIRES_REVIEW,REVIEW,zero preservado e não assumido como medição válida,NONE
3500027297,SGB_HIDRO_MS_2024_POCOS,Cond_Eletr,0.0,ZERO_REQUIRES_REVIEW,REVIEW,zero preservado e não assumido como medição válida,NONE
3500027298,SGB_HIDRO_MS_2024_POCOS,profundida,0.0,ZERO_REQUIRES_REVIEW,REVIEW,zero preservado; provável ausência administrativa em parte dos registros,NONE
3500027298,SGB_HIDRO_MS_2024_POCOS,Cond_Eletr,0.0,ZERO_REQUIRES_REVIEW,REVIEW,zero preservado e não assumido como medição válida,NONE
3500027299,SGB_HIDRO_MS_2024_POCOS,profundida,0.0,ZERO_REQUIRES_REVIEW,REVIEW,zero preservado; provável ausência administrativa em parte dos registros,NONE
3500027299,SGB_HIDRO_MS_2024_POCOS,Cond_Eletr,0.0,ZERO_REQUIRES_REVIEW,REVIEW,zero preservado e não assumido como medição válida,NONE
3500027300,SGB_HIDRO_MS_2024_POCOS,profundida,0.0,ZERO_REQUIRES_REVIEW,REVIEW,zero preservado; provável ausência administrativa em parte dos registros,NONE
3500027300,SGB_HIDRO_MS_2024_POCOS,Cond_Eletr,0.0,ZERO_REQUIRES_REVIEW,REVIEW,zero preservado e não assumido como medição válida,NONE
3500027301,SGB_HIDRO_MS_2024_POCOS,profundida,0.0,ZERO_REQUIRES_REVIEW,REVIEW,zero preservado; provável ausência administrativa em parte dos registros,NONE
3500027301,SGB_HIDRO_MS_2024_POCOS,Cond_Eletr,0.0,ZERO_REQUIRES_REVIEW,REVIEW,zero preservado e não assumido como medição válida,NONE
3500027302,SGB_HIDRO_MS_2024_POCOS,profundida,0.0,ZERO_REQUIRES_REVIEW,REVIEW,zero preservado; provável ausência administrativa em parte dos registros,NONE
3500027302,SGB_HIDRO_MS_2024_POCOS,Cond_Eletr,0.0,ZERO_REQUIRES_REVIEW,REVIEW,zero preservado e não assumido como medição válida,NONE
3500027303,SGB_HIDRO_MS_2024_POCOS,profundida,0.0,ZERO_REQUIRES_REVIEW,REVIEW,zero preservado; provável ausência administrativa em parte dos registros,NONE
3500027303,SGB_HIDRO_MS_2024_POCOS,Cond_Eletr,0.0,ZERO_REQUIRES_REVIEW,REVIEW,zero preservado e não assumido como medição válida,NONE
3500027304,SGB_HIDRO_MS_2024_POCOS,profundida,0.0,ZERO_REQUIRES_REVIEW,REVIEW,zero preservado; provável ausência administrativa em parte dos registros,NONE
3500027304,SGB_HIDRO_MS_2024_POCOS,Cond_Eletr,0.0,ZERO_REQUIRES_REVIEW,REVIEW,zero preservado e não assumido como medição válida,NONE
3500027305,SGB_HIDRO_MS_2024_POCOS,profundida,0.0,ZERO_REQUIRES_REVIEW,REVIEW,zero preservado; provável ausência administrativa em parte dos registros,NONE
3500027305,SGB_HIDRO_MS_2024_POCOS,Cond_Eletr,0.0,ZERO_REQUIRES_REVIEW,REVIEW,zero preservado e não assumido como medição válida,NONE
3500027306,SGB_HIDRO_MS_2024_POCOS,profundida,0.0,ZERO_REQUIRES_REVIEW,REVIEW,zero preservado; provável ausência administrativa em parte dos registros,NONE
3500027306,SGB_HIDRO_MS_2024_POCOS,Cond_Eletr,0.0,ZERO_REQUIRES_REVIEW,REVIEW,zero preservado e não assumido como medição válida,NONE
3500027307,SGB_HIDRO_MS_2024_POCOS,profundida,0.0,ZERO_REQUIRES_REVIEW,REVIEW,zero preservado; provável ausência administrativa em parte dos registros,NONE
3500027307,SGB_HIDRO_MS_2024_POCOS,Cond_Eletr,0.0,ZERO_REQUIRES_REVIEW,REVIEW,zero preservado e não assumido como medição válida,NONE
3500027308,SGB_HIDRO_MS_2024_POCOS,profundida,0.0,ZERO_REQUIRES_REVIEW,REVIEW,zero preservado; provável ausência administrativa em parte dos registros,NONE
3500027308,SGB_HIDRO_MS_2024_POCOS,Cond_Eletr,0.0,ZERO_REQUIRES_REVIEW,REVIEW,zero preservado e não assumido como medição válida,NONE
3500027309,SGB_HIDRO_MS_2024_POCOS,profundida,0.0,ZERO_REQUIRES_REVIEW,REVIEW,zero preservado; provável ausência administrativa em parte dos registros,NONE
3500027309,SGB_HIDRO_MS_2024_POCOS,Cond_Eletr,0.0,ZERO_REQUIRES_REVIEW,REVIEW,zero preservado e não assumido como medição válida,NONE
3500027310,SGB_HIDRO_MS_2024_POCOS,profundida,0.0,ZERO_REQUIRES_REVIEW,REVIEW,zero preservado; provável ausência administrativa em parte dos registros,NONE
3500027310,SGB_HIDRO_MS_2024_POCOS,Cond_Eletr,0.0,ZERO_REQUIRES_REVIEW,REVIEW,zero preservado e não assumido como medição válida,NONE
3500027311,SGB_HIDRO_MS_2024_POCOS,profundida,0.0,ZERO_REQUIRES_REVIEW,REVIEW,zero preservado; provável ausência administrativa em parte dos registros,NONE
3500027311,SGB_HIDRO_MS_2024_POCOS,Cond_Eletr,0.0,ZERO_REQUIRES_REVIEW,REVIEW,zero preservado e não assumido como medição válida,NONE
3500027312,SGB_HIDRO_MS_2024_POCOS,profundida,0.0,ZERO_REQUIRES_REVIEW,REVIEW,zero preservado; provável ausência administrativa em parte dos registros,NONE
3500027312,SGB_HIDRO_MS_2024_POCOS,Cond_Eletr,0.0,ZERO_REQUIRES_REVIEW,REVIEW,zero preservado e não assumido como medição válida,NONE
3500027313,SGB_HIDRO_MS_2024_POCOS,profundida,0.0,ZERO_REQUIRES_REVIEW,REVIEW,zero preservado; provável ausência administrativa em parte dos registros,NONE
3500027313,SGB_HIDRO_MS_2024_POCOS,Cond_Eletr,0.0,ZERO_REQUIRES_REVIEW,REVIEW,zero preservado e não assumido como medição válida,NONE
3500027314,SGB_HIDRO_MS_2024_POCOS,profundida,0.0,ZERO_REQUIRES_REVIEW,REVIEW,zero preservado; provável ausência administrativa em parte dos registros,NONE
3500027314,SGB_HIDRO_MS_2024_POCOS,Cond_Eletr,0.0,ZERO_REQUIRES_REVIEW,REVIEW,zero preservado e não assumido como medição válida,NONE
3500027315,SGB_HIDRO_MS_2024_POCOS,profundida,0.0,ZERO_REQUIRES_REVIEW,REVIEW,zero preservado; provável ausência administrativa em parte dos registros,NONE
3500027315,SGB_HIDRO_MS_2024_POCOS,Cond_Eletr,0.0,ZERO_REQUIRES_REVIEW,REVIEW,zero preservado e não assumido como medição válida,NONE
3500027316,SGB_HIDRO_MS_2024_POCOS,Cond_Eletr,0.0,ZERO_REQUIRES_REVIEW,REVIEW,zero preservado e não assumido como medição válida,NONE
3500027317,SGB_HIDRO_MS_2024_POCOS,profundida,0.0,ZERO_REQUIRES_REVIEW,REVIEW,zero preservado; provável ausência administrativa em parte dos registros,NONE
3500027318,SGB_HIDRO_MS_2024_POCOS,profundida,0.0,ZERO_REQUIRES_REVIEW,REVIEW,zero preservado; provável ausência administrativa em parte dos registros,NONE
3500027318,SGB_HIDRO_MS_2024_POCOS,Cond_Eletr,0.0,ZERO_REQUIRES_REVIEW,REVIEW,zero preservado e não assumido como medição válida,NONE
3500027319,SGB_HIDRO_MS_2024_POCOS,profundida,0.0,ZERO_REQUIRES_REVIEW,REVIEW,zero preservado; provável ausência administrativa em parte dos registros,NONE
3500027319,SGB_HIDRO_MS_2024_POCOS,vazao_espe,0.0,ZERO_REQUIRES_REVIEW,REVIEW,zero preservado e não assumido como medição válida,NONE
3500027319,SGB_HIDRO_MS_2024_POCOS,Cond_Eletr,0.0,ZERO_REQUIRES_REVIEW,REVIEW,zero preservado e não assumido como medição válida,NONE
3500028107,SGB_HIDRO_MS_2024_POCOS,profundida,0.0,ZERO_REQUIRES_REVIEW,REVIEW,zero preservado; provável ausência administrativa em parte dos registros,NONE
3500028108,SGB_HIDRO_MS_2024_POCOS,profundida,0.0,ZERO_REQUIRES_REVIEW,REVIEW,zero preservado; provável ausência administrativa em parte dos registros,NONE
3500028109,SGB_HIDRO_MS_2024_POCOS,profundida,0.0,ZERO_REQUIRES_REVIEW,REVIEW,zero preservado; provável ausência administrativa em parte dos registros,NONE
3500028110,SGB_HIDRO_MS_2024_POCOS,profundida,0.0,ZERO_REQUIRES_REVIEW,REVIEW,zero preservado; provável ausência administrativa em parte dos registros,NONE
3500028111,SGB_HIDRO_MS_2024_POCOS,profundida,0.0,ZERO_REQUIRES_REVIEW,REVIEW,zero preservado; provável ausência administrativa em parte dos registros,NONE
3500029178,SGB_HIDRO_MS_2024_POCOS,profundida,0.0,ZERO_REQUIRES_REVIEW,REVIEW,zero preservado; provável ausência administrativa em parte dos registros,NONE
3500029179,SGB_HIDRO_MS_2024_POCOS,profundida,0.0,ZERO_REQUIRES_REVIEW,REVIEW,zero preservado; provável ausência administrativa em parte dos registros,NONE
3500029180,SGB_HIDRO_MS_2024_POCOS,profundida,0.0,ZERO_REQUIRES_REVIEW,REVIEW,zero preservado; provável ausência administrativa em parte dos registros,NONE
3500030618,SGB_HIDRO_MS_2024_POCOS,profundida,0.0,ZERO_REQUIRES_REVIEW,REVIEW,zero preservado; provável ausência administrativa em parte dos registros,NONE
3500030618,SGB_HIDRO_MS_2024_POCOS,vazao_espe,0.0,ZERO_REQUIRES_REVIEW,REVIEW,zero preservado e não assumido como medição válida,NONE
3500030618,SGB_HIDRO_MS_2024_POCOS,Cond_Eletr,0.0,ZERO_REQUIRES_REVIEW,REVIEW,zero preservado e não assumido como medição válida,NONE
3500030619,SGB_HIDRO_MS_2024_POCOS,profundida,0.0,ZERO_REQUIRES_REVIEW,REVIEW,zero preservado; provável ausência administrativa em parte dos registros,NONE
3500030619,SGB_HIDRO_MS_2024_POCOS,Cond_Eletr,0.0,ZERO_REQUIRES_REVIEW,REVIEW,zero preservado e não assumido como medição válida,NONE
3500030620,SGB_HIDRO_MS_2024_POCOS,profundida,0.0,ZERO_REQUIRES_REVIEW,REVIEW,zero preservado; provável ausência administrativa em parte dos registros,NONE
3500030620,SGB_HIDRO_MS_2024_POCOS,Cond_Eletr,0.0,ZERO_REQUIRES_REVIEW,REVIEW,zero preservado e não assumido como medição válida,NONE
3500030621,SGB_HIDRO_MS_2024_POCOS,profundida,0.0,ZERO_REQUIRES_REVIEW,REVIEW,zero preservado; provável ausência administrativa em parte dos registros,NONE
3500030621,SGB_HIDRO_MS_2024_POCOS,Cond_Eletr,0.0,ZERO_REQUIRES_REVIEW,REVIEW,zero preservado e não assumido como medição válida,NONE
3500030622,SGB_HIDRO_MS_2024_POCOS,profundida,0.0,ZERO_REQUIRES_REVIEW,REVIEW,zero preservado; provável ausência administrativa em parte dos registros,NONE
3500030622,SGB_HIDRO_MS_2024_POCOS,Cond_Eletr,0.0,ZERO_REQUIRES_REVIEW,REVIEW,zero preservado e não assumido como medição válida,NONE
3500030623,SGB_HIDRO_MS_2024_POCOS,profundida,0.0,ZERO_REQUIRES_REVIEW,REVIEW,zero preservado; provável ausência administrativa em parte dos registros,NONE
3500030623,SGB_HIDRO_MS_2024_POCOS,Cond_Eletr,0.0,ZERO_REQUIRES_REVIEW,REVIEW,zero preservado e não assumido como medição válida,NONE
3500030624,SGB_HIDRO_MS_2024_POCOS,profundida,0.0,ZERO_REQUIRES_REVIEW,REVIEW,zero preservado; provável ausência administrativa em parte dos registros,NONE
3500030624,SGB_HIDRO_MS_2024_POCOS,Cond_Eletr,0.0,ZERO_REQUIRES_REVIEW,REVIEW,zero preservado e não assumido como medição válida,NONE
3500030625,SGB_HIDRO_MS_2024_POCOS,profundida,0.0,ZERO_REQUIRES_REVIEW,REVIEW,zero preservado; provável ausência administrativa em parte dos registros,NONE
3500030625,SGB_HIDRO_MS_2024_POCOS,Cond_Eletr,0.0,ZERO_REQUIRES_REVIEW,REVIEW,zero preservado e não assumido como medição válida,NONE
3500030626,SGB_HIDRO_MS_2024_POCOS,profundida,0.0,ZERO_REQUIRES_REVIEW,REVIEW,zero preservado; provável ausência administrativa em parte dos registros,NONE
3500030626,SGB_HIDRO_MS_2024_POCOS,Cond_Eletr,0.0,ZERO_REQUIRES_REVIEW,REVIEW,zero preservado e não assumido como medição válida,NONE
3500030627,SGB_HIDRO_MS_2024_POCOS,profundida,0.0,ZERO_REQUIRES_REVIEW,REVIEW,zero preservado; provável ausência administrativa em parte dos registros,NONE
3500030627,SGB_HIDRO_MS_2024_POCOS,Cond_Eletr,0.0,ZERO_REQUIRES_REVIEW,REVIEW,zero preservado e não assumido como medição válida,NONE
3500030628,SGB_HIDRO_MS_2024_POCOS,profundida,0.0,ZERO_REQUIRES_REVIEW,REVIEW,zero preservado; provável ausência administrativa em parte dos registros,NONE
3500030628,SGB_HIDRO_MS_2024_POCOS,Cond_Eletr,0.0,ZERO_REQUIRES_REVIEW,REVIEW,zero preservado e não assumido como medição válida,NONE
3500030629,SGB_HIDRO_MS_2024_POCOS,profundida,0.0,ZERO_REQUIRES_REVIEW,REVIEW,zero preservado; provável ausência administrativa em parte dos registros,NONE
3500030629,SGB_HIDRO_MS_2024_POCOS,Cond_Eletr,0.0,ZERO_REQUIRES_REVIEW,REVIEW,zero preservado e não assumido como medição válida,NONE
3500030630,SGB_HIDRO_MS_2024_POCOS,profundida,0.0,ZERO_REQUIRES_REVIEW,REVIEW,zero preservado; provável ausência administrativa em parte dos registros,NONE
3500030630,SGB_HIDRO_MS_2024_POCOS,Cond_Eletr,0.0,ZERO_REQUIRES_REVIEW,REVIEW,zero preservado e não assumido como medição válida,NONE
3500030631,SGB_HIDRO_MS_2024_POCOS,profundida,0.0,ZERO_REQUIRES_REVIEW,REVIEW,zero preservado; provável ausência administrativa em parte dos registros,NONE
3500030631,SGB_HIDRO_MS_2024_POCOS,Cond_Eletr,0.0,ZERO_REQUIRES_REVIEW,REVIEW,zero preservado e não assumido como medição válida,NONE
3500030632,SGB_HIDRO_MS_2024_POCOS,profundida,0.0,ZERO_REQUIRES_REVIEW,REVIEW,zero preservado; provável ausência administrativa em parte dos registros,NONE
3500030632,SGB_HIDRO_MS_2024_POCOS,Cond_Eletr,0.0,ZERO_REQUIRES_REVIEW,REVIEW,zero preservado e não assumido como medição válida,NONE
3500030633,SGB_HIDRO_MS_2024_POCOS,profundida,0.0,ZERO_REQUIRES_REVIEW,REVIEW,zero preservado; provável ausência administrativa em parte dos registros,NONE
3500030633,SGB_HIDRO_MS_2024_POCOS,Cond_Eletr,0.0,ZERO_REQUIRES_REVIEW,REVIEW,zero preservado e não assumido como medição válida,NONE
3500030634,SGB_HIDRO_MS_2024_POCOS,profundida,0.0,ZERO_REQUIRES_REVIEW,REVIEW,zero preservado; provável ausência administrativa em parte dos registros,NONE
3500030634,SGB_HIDRO_MS_2024_POCOS,Cond_Eletr,0.0,ZERO_REQUIRES_REVIEW,REVIEW,zero preservado e não assumido como medição válida,NONE
3500030635,SGB_HIDRO_MS_2024_POCOS,profundida,0.0,ZERO_REQUIRES_REVIEW,REVIEW,zero preservado; provável ausência administrativa em parte dos registros,NONE
3500030635,SGB_HIDRO_MS_2024_POCOS,Cond_Eletr,0.0,ZERO_REQUIRES_REVIEW,REVIEW,zero preservado e não assumido como medição válida,NONE
3500030636,SGB_HIDRO_MS_2024_POCOS,profundida,0.0,ZERO_REQUIRES_REVIEW,REVIEW,zero preservado; provável ausência administrativa em parte dos registros,NONE
3500030636,SGB_HIDRO_MS_2024_POCOS,Cond_Eletr,0.0,ZERO_REQUIRES_REVIEW,REVIEW,zero preservado e não assumido como medição válida,NONE
3500030637,SGB_HIDRO_MS_2024_POCOS,profundida,0.0,ZERO_REQUIRES_REVIEW,REVIEW,zero preservado; provável ausência administrativa em parte dos registros,NONE
3500030637,SGB_HIDRO_MS_2024_POCOS,Cond_Eletr,0.0,ZERO_REQUIRES_REVIEW,REVIEW,zero preservado e não assumido como medição válida,NONE
3500030638,SGB_HIDRO_MS_2024_POCOS,profundida,0.0,ZERO_REQUIRES_REVIEW,REVIEW,zero preservado; provável ausência administrativa em parte dos registros,NONE
3500030638,SGB_HIDRO_MS_2024_POCOS,Cond_Eletr,0.0,ZERO_REQUIRES_REVIEW,REVIEW,zero preservado e não assumido como medição válida,NONE
3500030639,SGB_HIDRO_MS_2024_POCOS,profundida,0.0,ZERO_REQUIRES_REVIEW,REVIEW,zero preservado; provável ausência administrativa em parte dos registros,NONE
3500030639,SGB_HIDRO_MS_2024_POCOS,Cond_Eletr,0.0,ZERO_REQUIRES_REVIEW,REVIEW,zero preservado e não assumido como medição válida,NONE
3500030640,SGB_HIDRO_MS_2024_POCOS,profundida,0.0,ZERO_REQUIRES_REVIEW,REVIEW,zero preservado; provável ausência administrativa em parte dos registros,NONE
3500030640,SGB_HIDRO_MS_2024_POCOS,Cond_Eletr,0.0,ZERO_REQUIRES_REVIEW,REVIEW,zero preservado e não assumido como medição válida,NONE
3500030641,SGB_HIDRO_MS_2024_POCOS,profundida,0.0,ZERO_REQUIRES_REVIEW,REVIEW,zero preservado; provável ausência administrativa em parte dos registros,NONE
3500030641,SGB_HIDRO_MS_2024_POCOS,Cond_Eletr,0.0,ZERO_REQUIRES_REVIEW,REVIEW,zero preservado e não assumido como medição válida,NONE
3500030642,SGB_HIDRO_MS_2024_POCOS,profundida,0.0,ZERO_REQUIRES_REVIEW,REVIEW,zero preservado; provável ausência administrativa em parte dos registros,NONE
3500030642,SGB_HIDRO_MS_2024_POCOS,Cond_Eletr,0.0,ZERO_REQUIRES_REVIEW,REVIEW,zero preservado e não assumido como medição válida,NONE
3500030643,SGB_HIDRO_MS_2024_POCOS,profundida,0.0,ZERO_REQUIRES_REVIEW,REVIEW,zero preservado; provável ausência administrativa em parte dos registros,NONE
3500030643,SGB_HIDRO_MS_2024_POCOS,vazao_espe,0.0,ZERO_REQUIRES_REVIEW,REVIEW,zero preservado e não assumido como medição válida,NONE
3500030643,SGB_HIDRO_MS_2024_POCOS,Cond_Eletr,0.0,ZERO_REQUIRES_REVIEW,REVIEW,zero preservado e não assumido como medição válida,NONE
3500030644,SGB_HIDRO_MS_2024_POCOS,profundida,0.0,ZERO_REQUIRES_REVIEW,REVIEW,zero preservado; provável ausência administrativa em parte dos registros,NONE
3500030644,SGB_HIDRO_MS_2024_POCOS,Cond_Eletr,0.0,ZERO_REQUIRES_REVIEW,REVIEW,zero preservado e não assumido como medição válida,NONE
3500030645,SGB_HIDRO_MS_2024_POCOS,profundida,0.0,ZERO_REQUIRES_REVIEW,REVIEW,zero preservado; provável ausência administrativa em parte dos registros,NONE
3500030645,SGB_HIDRO_MS_2024_POCOS,Cond_Eletr,0.0,ZERO_REQUIRES_REVIEW,REVIEW,zero preservado e não assumido como medição válida,NONE
3500034020,SGB_HIDRO_MS_2024_POCOS,profundida,0.0,ZERO_REQUIRES_REVIEW,REVIEW,zero preservado; provável ausência administrativa em parte dos registros,NONE
3500034022,SGB_HIDRO_MS_2024_POCOS,profundida,0.0,ZERO_REQUIRES_REVIEW,REVIEW,zero preservado; provável ausência administrativa em parte dos registros,NONE
3500034023,SGB_HIDRO_MS_2024_POCOS,profundida,0.0,ZERO_REQUIRES_REVIEW,REVIEW,zero preservado; provável ausência administrativa em parte dos registros,NONE
3500045117,SGB_HIDRO_MS_2024_POCOS,profundida,0.0,ZERO_REQUIRES_REVIEW,REVIEW,zero preservado; provável ausência administrativa em parte dos registros,NONE
3500045117,SGB_HIDRO_MS_2024_POCOS,vazao_espe,0.0,ZERO_REQUIRES_REVIEW,REVIEW,zero preservado e não assumido como medição válida,NONE
3500045117,SGB_HIDRO_MS_2024_POCOS,Cond_Eletr,0.0,ZERO_REQUIRES_REVIEW,REVIEW,zero preservado e não assumido como medição válida,NONE
3500045118,SGB_HIDRO_MS_2024_POCOS,profundida,0.0,ZERO_REQUIRES_REVIEW,REVIEW,zero preservado; provável ausência administrativa em parte dos registros,NONE
3500045118,SGB_HIDRO_MS_2024_POCOS,vazao_espe,0.0,ZERO_REQUIRES_REVIEW,REVIEW,zero preservado e não assumido como medição válida,NONE
3500045118,SGB_HIDRO_MS_2024_POCOS,Cond_Eletr,0.0,ZERO_REQUIRES_REVIEW,REVIEW,zero preservado e não assumido como medição válida,NONE
3500045119,SGB_HIDRO_MS_2024_POCOS,profundida,0.0,ZERO_REQUIRES_REVIEW,REVIEW,zero preservado; provável ausência administrativa em parte dos registros,NONE
3500045119,SGB_HIDRO_MS_2024_POCOS,Cond_Eletr,0.0,ZERO_REQUIRES_REVIEW,REVIEW,zero preservado e não assumido como medição válida,NONE
3500045120,SGB_HIDRO_MS_2024_POCOS,profundida,0.0,ZERO_REQUIRES_REVIEW,REVIEW,zero preservado; provável ausência administrativa em parte dos registros,NONE
3500045120,SGB_HIDRO_MS_2024_POCOS,profundi_1,0.0,ZERO_REQUIRES_REVIEW,REVIEW,zero preservado; provável ausência administrativa em parte dos registros,NONE
3500045120,SGB_HIDRO_MS_2024_POCOS,vazao_espe,0.0,ZERO_REQUIRES_REVIEW,REVIEW,zero preservado e não assumido como medição válida,NONE
3500045120,SGB_HIDRO_MS_2024_POCOS,Cond_Eletr,0.0,ZERO_REQUIRES_REVIEW,REVIEW,zero preservado e não assumido como medição válida,NONE
3500045121,SGB_HIDRO_MS_2024_POCOS,profundida,0.0,ZERO_REQUIRES_REVIEW,REVIEW,zero preservado; provável ausência administrativa em parte dos registros,NONE
3500045121,SGB_HIDRO_MS_2024_POCOS,profundi_1,0.0,ZERO_REQUIRES_REVIEW,REVIEW,zero preservado; provável ausência administrativa em parte dos registros,NONE
3500045121,SGB_HIDRO_MS_2024_POCOS,vazao_espe,0.0,ZERO_REQUIRES_REVIEW,REVIEW,zero preservado e não assumido como medição válida,NONE
3500045121,SGB_HIDRO_MS_2024_POCOS,Cond_Eletr,0.0,ZERO_REQUIRES_REVIEW,REVIEW,zero preservado e não assumido como medição válida,NONE
3500045122,SGB_HIDRO_MS_2024_POCOS,profundida,0.0,ZERO_REQUIRES_REVIEW,REVIEW,zero preservado; provável ausência administrativa em parte dos registros,NONE
3500045122,SGB_HIDRO_MS_2024_POCOS,profundi_1,0.0,ZERO_REQUIRES_REVIEW,REVIEW,zero preservado; provável ausência administrativa em parte dos registros,NONE
3500045122,SGB_HIDRO_MS_2024_POCOS,vazao_espe,0.0,ZERO_REQUIRES_REVIEW,REVIEW,zero preservado e não assumido como medição válida,NONE
3500045122,SGB_HIDRO_MS_2024_POCOS,Cond_Eletr,0.0,ZERO_REQUIRES_REVIEW,REVIEW,zero preservado e não assumido como medição válida,NONE
3500045123,SGB_HIDRO_MS_2024_POCOS,profundida,0.0,ZERO_REQUIRES_REVIEW,REVIEW,zero preservado; provável ausência administrativa em parte dos registros,NONE
3500045123,SGB_HIDRO_MS_2024_POCOS,profundi_1,0.0,ZERO_REQUIRES_REVIEW,REVIEW,zero preservado; provável ausência administrativa em parte dos registros,NONE
3500045123,SGB_HIDRO_MS_2024_POCOS,vazao_espe,0.0,ZERO_REQUIRES_REVIEW,REVIEW,zero preservado e não assumido como medição válida,NONE
3500045123,SGB_HIDRO_MS_2024_POCOS,Cond_Eletr,0.0,ZERO_REQUIRES_REVIEW,REVIEW,zero preservado e não assumido como medição válida,NONE
3500045124,SGB_HIDRO_MS_2024_POCOS,profundida,0.0,ZERO_REQUIRES_REVIEW,REVIEW,zero preservado; provável ausência administrativa em parte dos registros,NONE
3500045124,SGB_HIDRO_MS_2024_POCOS,profundi_1,0.0,ZERO_REQUIRES_REVIEW,REVIEW,zero preservado; provável ausência administrativa em parte dos registros,NONE
3500045124,SGB_HIDRO_MS_2024_POCOS,vazao_espe,0.0,ZERO_REQUIRES_REVIEW,REVIEW,zero preservado e não assumido como medição válida,NONE
3500045124,SGB_HIDRO_MS_2024_POCOS,Cond_Eletr,0.0,ZERO_REQUIRES_REVIEW,REVIEW,zero preservado e não assumido como medição válida,NONE
3500045125,SGB_HIDRO_MS_2024_POCOS,profundida,0.0,ZERO_REQUIRES_REVIEW,REVIEW,zero preservado; provável ausência administrativa em parte dos registros,NONE
3500045125,SGB_HIDRO_MS_2024_POCOS,profundi_1,0.0,ZERO_REQUIRES_REVIEW,REVIEW,zero preservado; provável ausência administrativa em parte dos registros,NONE
3500045125,SGB_HIDRO_MS_2024_POCOS,vazao_espe,0.0,ZERO_REQUIRES_REVIEW,REVIEW,zero preservado e não assumido como medição válida,NONE
3500045125,SGB_HIDRO_MS_2024_POCOS,Cond_Eletr,0.0,ZERO_REQUIRES_REVIEW,REVIEW,zero preservado e não assumido como medição válida,NONE
3500045126,SGB_HIDRO_MS_2024_POCOS,profundida,0.0,ZERO_REQUIRES_REVIEW,REVIEW,zero preservado; provável ausência administrativa em parte dos registros,NONE
3500045126,SGB_HIDRO_MS_2024_POCOS,profundi_1,0.0,ZERO_REQUIRES_REVIEW,REVIEW,zero preservado; provável ausência administrativa em parte dos registros,NONE
3500045126,SGB_HIDRO_MS_2024_POCOS,vazao_espe,0.0,ZERO_REQUIRES_REVIEW,REVIEW,zero preservado e não assumido como medição válida,NONE
3500045126,SGB_HIDRO_MS_2024_POCOS,Cond_Eletr,0.0,ZERO_REQUIRES_REVIEW,REVIEW,zero preservado e não assumido como medição válida,NONE
3500045127,SGB_HIDRO_MS_2024_POCOS,profundida,0.0,ZERO_REQUIRES_REVIEW,REVIEW,zero preservado; provável ausência administrativa em parte dos registros,NONE
3500045127,SGB_HIDRO_MS_2024_POCOS,profundi_1,0.0,ZERO_REQUIRES_REVIEW,REVIEW,zero preservado; provável ausência administrativa em parte dos registros,NONE
3500045127,SGB_HIDRO_MS_2024_POCOS,vazao_espe,0.0,ZERO_REQUIRES_REVIEW,REVIEW,zero preservado e não assumido como medição válida,NONE
3500045127,SGB_HIDRO_MS_2024_POCOS,Cond_Eletr,0.0,ZERO_REQUIRES_REVIEW,REVIEW,zero preservado e não assumido como medição válida,NONE
3500045128,SGB_HIDRO_MS_2024_POCOS,profundida,0.0,ZERO_REQUIRES_REVIEW,REVIEW,zero preservado; provável ausência administrativa em parte dos registros,NONE
3500045128,SGB_HIDRO_MS_2024_POCOS,profundi_1,0.0,ZERO_REQUIRES_REVIEW,REVIEW,zero preservado; provável ausência administrativa em parte dos registros,NONE
3500045128,SGB_HIDRO_MS_2024_POCOS,vazao_espe,0.0,ZERO_REQUIRES_REVIEW,REVIEW,zero preservado e não assumido como medição válida,NONE
3500045128,SGB_HIDRO_MS_2024_POCOS,Cond_Eletr,0.0,ZERO_REQUIRES_REVIEW,REVIEW,zero preservado e não assumido como medição válida,NONE
3500045129,SGB_HIDRO_MS_2024_POCOS,profundida,0.0,ZERO_REQUIRES_REVIEW,REVIEW,zero preservado; provável ausência administrativa em parte dos registros,NONE
3500045129,SGB_HIDRO_MS_2024_POCOS,profundi_1,0.0,ZERO_REQUIRES_REVIEW,REVIEW,zero preservado; provável ausência administrativa em parte dos registros,NONE
3500045129,SGB_HIDRO_MS_2024_POCOS,vazao_espe,0.0,ZERO_REQUIRES_REVIEW,REVIEW,zero preservado e não assumido como medição válida,NONE
3500045129,SGB_HIDRO_MS_2024_POCOS,Cond_Eletr,0.0,ZERO_REQUIRES_REVIEW,REVIEW,zero preservado e não assumido como medição válida,NONE
3500045130,SGB_HIDRO_MS_2024_POCOS,profundida,0.0,ZERO_REQUIRES_REVIEW,REVIEW,zero preservado; provável ausência administrativa em parte dos registros,NONE
3500045130,SGB_HIDRO_MS_2024_POCOS,profundi_1,0.0,ZERO_REQUIRES_REVIEW,REVIEW,zero preservado; provável ausência administrativa em parte dos registros,NONE
3500045130,SGB_HIDRO_MS_2024_POCOS,vazao_espe,0.0,ZERO_REQUIRES_REVIEW,REVIEW,zero preservado e não assumido como medição válida,NONE
3500045130,SGB_HIDRO_MS_2024_POCOS,Cond_Eletr,0.0,ZERO_REQUIRES_REVIEW,REVIEW,zero preservado e não assumido como medição válida,NONE
3500045131,SGB_HIDRO_MS_2024_POCOS,profundida,0.0,ZERO_REQUIRES_REVIEW,REVIEW,zero preservado; provável ausência administrativa em parte dos registros,NONE
3500045131,SGB_HIDRO_MS_2024_POCOS,profundi_1,0.0,ZERO_REQUIRES_REVIEW,REVIEW,zero preservado; provável ausência administrativa em parte dos registros,NONE
3500045131,SGB_HIDRO_MS_2024_POCOS,vazao_espe,0.0,ZERO_REQUIRES_REVIEW,REVIEW,zero preservado e não assumido como medição válida,NONE
3500045131,SGB_HIDRO_MS_2024_POCOS,Cond_Eletr,0.0,ZERO_REQUIRES_REVIEW,REVIEW,zero preservado e não assumido como medição válida,NONE
3500045132,SGB_HIDRO_MS_2024_POCOS,profundida,0.0,ZERO_REQUIRES_REVIEW,REVIEW,zero preservado; provável ausência administrativa em parte dos registros,NONE
3500045132,SGB_HIDRO_MS_2024_POCOS,profundi_1,0.0,ZERO_REQUIRES_REVIEW,REVIEW,zero preservado; provável ausência administrativa em parte dos registros,NONE
3500045132,SGB_HIDRO_MS_2024_POCOS,vazao_espe,0.0,ZERO_REQUIRES_REVIEW,REVIEW,zero preservado e não assumido como medição válida,NONE
3500045132,SGB_HIDRO_MS_2024_POCOS,Cond_Eletr,0.0,ZERO_REQUIRES_REVIEW,REVIEW,zero preservado e não assumido como medição válida,NONE
3500045133,SGB_HIDRO_MS_2024_POCOS,profundida,0.0,ZERO_REQUIRES_REVIEW,REVIEW,zero preservado; provável ausência administrativa em parte dos registros,NONE
3500045133,SGB_HIDRO_MS_2024_POCOS,profundi_1,0.0,ZERO_REQUIRES_REVIEW,REVIEW,zero preservado; provável ausência administrativa em parte dos registros,NONE
3500045133,SGB_HIDRO_MS_2024_POCOS,vazao_espe,0.0,ZERO_REQUIRES_REVIEW,REVIEW,zero preservado e não assumido como medição válida,NONE
3500045133,SGB_HIDRO_MS_2024_POCOS,Cond_Eletr,0.0,ZERO_REQUIRES_REVIEW,REVIEW,zero preservado e não assumido como medição válida,NONE
3500045134,SGB_HIDRO_MS_2024_POCOS,profundida,0.0,ZERO_REQUIRES_REVIEW,REVIEW,zero preservado; provável ausência administrativa em parte dos registros,NONE
3500045134,SGB_HIDRO_MS_2024_POCOS,profundi_1,0.0,ZERO_REQUIRES_REVIEW,REVIEW,zero preservado; provável ausência administrativa em parte dos registros,NONE
3500045134,SGB_HIDRO_MS_2024_POCOS,vazao_espe,0.0,ZERO_REQUIRES_REVIEW,REVIEW,zero preservado e não assumido como medição válida,NONE
3500045134,SGB_HIDRO_MS_2024_POCOS,Cond_Eletr,0.0,ZERO_REQUIRES_REVIEW,REVIEW,zero preservado e não assumido como medição válida,NONE
3500045135,SGB_HIDRO_MS_2024_POCOS,profundida,0.0,ZERO_REQUIRES_REVIEW,REVIEW,zero preservado; provável ausência administrativa em parte dos registros,NONE
3500045135,SGB_HIDRO_MS_2024_POCOS,profundi_1,0.0,ZERO_REQUIRES_REVIEW,REVIEW,zero preservado; provável ausência administrativa em parte dos registros,NONE
3500045135,SGB_HIDRO_MS_2024_POCOS,vazao_espe,0.0,ZERO_REQUIRES_REVIEW,REVIEW,zero preservado e não assumido como medição válida,NONE
3500045135,SGB_HIDRO_MS_2024_POCOS,Cond_Eletr,0.0,ZERO_REQUIRES_REVIEW,REVIEW,zero preservado e não assumido como medição válida,NONE
3500045136,SGB_HIDRO_MS_2024_POCOS,profundida,0.0,ZERO_REQUIRES_REVIEW,REVIEW,zero preservado; provável ausência administrativa em parte dos registros,NONE
3500045136,SGB_HIDRO_MS_2024_POCOS,profundi_1,0.0,ZERO_REQUIRES_REVIEW,REVIEW,zero preservado; provável ausência administrativa em parte dos registros,NONE
3500045136,SGB_HIDRO_MS_2024_POCOS,vazao_espe,0.0,ZERO_REQUIRES_REVIEW,REVIEW,zero preservado e não assumido como medição válida,NONE
3500045136,SGB_HIDRO_MS_2024_POCOS,Cond_Eletr,0.0,ZERO_REQUIRES_REVIEW,REVIEW,zero preservado e não assumido como medição válida,NONE
3500045137,SGB_HIDRO_MS_2024_POCOS,profundida,0.0,ZERO_REQUIRES_REVIEW,REVIEW,zero preservado; provável ausência administrativa em parte dos registros,NONE
3500045137,SGB_HIDRO_MS_2024_POCOS,profundi_1,0.0,ZERO_REQUIRES_REVIEW,REVIEW,zero preservado; provável ausência administrativa em parte dos registros,NONE
3500045137,SGB_HIDRO_MS_2024_POCOS,vazao_espe,0.0,ZERO_REQUIRES_REVIEW,REVIEW,zero preservado e não assumido como medição válida,NONE
3500045137,SGB_HIDRO_MS_2024_POCOS,Cond_Eletr,0.0,ZERO_REQUIRES_REVIEW,REVIEW,zero preservado e não assumido como medição válida,NONE
3500045138,SGB_HIDRO_MS_2024_POCOS,profundida,0.0,ZERO_REQUIRES_REVIEW,REVIEW,zero preservado; provável ausência administrativa em parte dos registros,NONE
3500045138,SGB_HIDRO_MS_2024_POCOS,profundi_1,0.0,ZERO_REQUIRES_REVIEW,REVIEW,zero preservado; provável ausência administrativa em parte dos registros,NONE
3500045138,SGB_HIDRO_MS_2024_POCOS,vazao_espe,0.0,ZERO_REQUIRES_REVIEW,REVIEW,zero preservado e não assumido como medição válida,NONE
3500045138,SGB_HIDRO_MS_2024_POCOS,Cond_Eletr,0.0,ZERO_REQUIRES_REVIEW,REVIEW,zero preservado e não assumido como medição válida,NONE
3500045139,SGB_HIDRO_MS_2024_POCOS,profundida,0.0,ZERO_REQUIRES_REVIEW,REVIEW,zero preservado; provável ausência administrativa em parte dos registros,NONE
3500045139,SGB_HIDRO_MS_2024_POCOS,profundi_1,0.0,ZERO_REQUIRES_REVIEW,REVIEW,zero preservado; provável ausência administrativa em parte dos registros,NONE
3500045139,SGB_HIDRO_MS_2024_POCOS,vazao_espe,0.0,ZERO_REQUIRES_REVIEW,REVIEW,zero preservado e não assumido como medição válida,NONE
3500045139,SGB_HIDRO_MS_2024_POCOS,Cond_Eletr,0.0,ZERO_REQUIRES_REVIEW,REVIEW,zero preservado e não assumido como medição válida,NONE
3500045140,SGB_HIDRO_MS_2024_POCOS,profundida,0.0,ZERO_REQUIRES_REVIEW,REVIEW,zero preservado; provável ausência administrativa em parte dos registros,NONE
3500045140,SGB_HIDRO_MS_2024_POCOS,profundi_1,0.0,ZERO_REQUIRES_REVIEW,REVIEW,zero preservado; provável ausência administrativa em parte dos registros,NONE
3500045140,SGB_HIDRO_MS_2024_POCOS,vazao_espe,0.0,ZERO_REQUIRES_REVIEW,REVIEW,zero preservado e não assumido como medição válida,NONE
3500045140,SGB_HIDRO_MS_2024_POCOS,Cond_Eletr,0.0,ZERO_REQUIRES_REVIEW,REVIEW,zero preservado e não assumido como medição válida,NONE
3500045141,SGB_HIDRO_MS_2024_POCOS,profundida,0.0,ZERO_REQUIRES_REVIEW,REVIEW,zero preservado; provável ausência administrativa em parte dos registros,NONE
3500045141,SGB_HIDRO_MS_2024_POCOS,profundi_1,0.0,ZERO_REQUIRES_REVIEW,REVIEW,zero preservado; provável ausência administrativa em parte dos registros,NONE
3500045141,SGB_HIDRO_MS_2024_POCOS,vazao_espe,0.0,ZERO_REQUIRES_REVIEW,REVIEW,zero preservado e não assumido como medição válida,NONE
3500045141,SGB_HIDRO_MS_2024_POCOS,Cond_Eletr,0.0,ZERO_REQUIRES_REVIEW,REVIEW,zero preservado e não assumido como medição válida,NONE
3500045142,SGB_HIDRO_MS_2024_POCOS,profundida,0.0,ZERO_REQUIRES_REVIEW,REVIEW,zero preservado; provável ausência administrativa em parte dos registros,NONE
3500045142,SGB_HIDRO_MS_2024_POCOS,profundi_1,0.0,ZERO_REQUIRES_REVIEW,REVIEW,zero preservado; provável ausência administrativa em parte dos registros,NONE
3500045142,SGB_HIDRO_MS_2024_POCOS,vazao_espe,0.0,ZERO_REQUIRES_REVIEW,REVIEW,zero preservado e não assumido como medição válida,NONE
3500045142,SGB_HIDRO_MS_2024_POCOS,Cond_Eletr,0.0,ZERO_REQUIRES_REVIEW,REVIEW,zero preservado e não assumido como medição válida,NONE
3500045143,SGB_HIDRO_MS_2024_POCOS,profundida,0.0,ZERO_REQUIRES_REVIEW,REVIEW,zero preservado; provável ausência administrativa em parte dos registros,NONE
3500045143,SGB_HIDRO_MS_2024_POCOS,profundi_1,0.0,ZERO_REQUIRES_REVIEW,REVIEW,zero preservado; provável ausência administrativa em parte dos registros,NONE
3500045143,SGB_HIDRO_MS_2024_POCOS,vazao_espe,0.0,ZERO_REQUIRES_REVIEW,REVIEW,zero preservado e não assumido como medição válida,NONE
3500045143,SGB_HIDRO_MS_2024_POCOS,Cond_Eletr,0.0,ZERO_REQUIRES_REVIEW,REVIEW,zero preservado e não assumido como medição válida,NONE
3500045144,SGB_HIDRO_MS_2024_POCOS,profundida,0.0,ZERO_REQUIRES_REVIEW,REVIEW,zero preservado; provável ausência administrativa em parte dos registros,NONE
3500045144,SGB_HIDRO_MS_2024_POCOS,profundi_1,0.0,ZERO_REQUIRES_REVIEW,REVIEW,zero preservado; provável ausência administrativa em parte dos registros,NONE
3500045144,SGB_HIDRO_MS_2024_POCOS,vazao_espe,0.0,ZERO_REQUIRES_REVIEW,REVIEW,zero preservado e não assumido como medição válida,NONE
3500045144,SGB_HIDRO_MS_2024_POCOS,Cond_Eletr,0.0,ZERO_REQUIRES_REVIEW,REVIEW,zero preservado e não assumido como medição válida,NONE
3500045145,SGB_HIDRO_MS_2024_POCOS,profundida,0.0,ZERO_REQUIRES_REVIEW,REVIEW,zero preservado; provável ausência administrativa em parte dos registros,NONE
3500045145,SGB_HIDRO_MS_2024_POCOS,profundi_1,0.0,ZERO_REQUIRES_REVIEW,REVIEW,zero preservado; provável ausência administrativa em parte dos registros,NONE
3500045145,SGB_HIDRO_MS_2024_POCOS,vazao_espe,0.0,ZERO_REQUIRES_REVIEW,REVIEW,zero preservado e não assumido como medição válida,NONE
3500045145,SGB_HIDRO_MS_2024_POCOS,Cond_Eletr,0.0,ZERO_REQUIRES_REVIEW,REVIEW,zero preservado e não assumido como medição válida,NONE
3500045146,SGB_HIDRO_MS_2024_POCOS,profundida,0.0,ZERO_REQUIRES_REVIEW,REVIEW,zero preservado; provável ausência administrativa em parte dos registros,NONE
3500045146,SGB_HIDRO_MS_2024_POCOS,profundi_1,0.0,ZERO_REQUIRES_REVIEW,REVIEW,zero preservado; provável ausência administrativa em parte dos registros,NONE
3500045146,SGB_HIDRO_MS_2024_POCOS,vazao_espe,0.0,ZERO_REQUIRES_REVIEW,REVIEW,zero preservado e não assumido como medição válida,NONE
3500045146,SGB_HIDRO_MS_2024_POCOS,Cond_Eletr,0.0,ZERO_REQUIRES_REVIEW,REVIEW,zero preservado e não assumido como medição válida,NONE
3500045147,SGB_HIDRO_MS_2024_POCOS,profundida,0.0,ZERO_REQUIRES_REVIEW,REVIEW,zero preservado; provável ausência administrativa em parte dos registros,NONE
3500045147,SGB_HIDRO_MS_2024_POCOS,profundi_1,0.0,ZERO_REQUIRES_REVIEW,REVIEW,zero preservado; provável ausência administrativa em parte dos registros,NONE
3500045147,SGB_HIDRO_MS_2024_POCOS,vazao_espe,0.0,ZERO_REQUIRES_REVIEW,REVIEW,zero preservado e não assumido como medição válida,NONE
3500045147,SGB_HIDRO_MS_2024_POCOS,Cond_Eletr,0.0,ZERO_REQUIRES_REVIEW,REVIEW,zero preservado e não assumido como medição válida,NONE
3500045148,SGB_HIDRO_MS_2024_POCOS,profundida,0.0,ZERO_REQUIRES_REVIEW,REVIEW,zero preservado; provável ausência administrativa em parte dos registros,NONE
3500045148,SGB_HIDRO_MS_2024_POCOS,profundi_1,0.0,ZERO_REQUIRES_REVIEW,REVIEW,zero preservado; provável ausência administrativa em parte dos registros,NONE
3500045148,SGB_HIDRO_MS_2024_POCOS,vazao_espe,0.0,ZERO_REQUIRES_REVIEW,REVIEW,zero preservado e não assumido como medição válida,NONE
3500045148,SGB_HIDRO_MS_2024_POCOS,Cond_Eletr,0.0,ZERO_REQUIRES_REVIEW,REVIEW,zero preservado e não assumido como medição válida,NONE
3500045149,SGB_HIDRO_MS_2024_POCOS,profundida,0.0,ZERO_REQUIRES_REVIEW,REVIEW,zero preservado; provável ausência administrativa em parte dos registros,NONE
3500045149,SGB_HIDRO_MS_2024_POCOS,profundi_1,0.0,ZERO_REQUIRES_REVIEW,REVIEW,zero preservado; provável ausência administrativa em parte dos registros,NONE
3500045149,SGB_HIDRO_MS_2024_POCOS,vazao_espe,0.0,ZERO_REQUIRES_REVIEW,REVIEW,zero preservado e não assumido como medição válida,NONE
3500045149,SGB_HIDRO_MS_2024_POCOS,Cond_Eletr,0.0,ZERO_REQUIRES_REVIEW,REVIEW,zero preservado e não assumido como medição válida,NONE
3500045150,SGB_HIDRO_MS_2024_POCOS,profundida,0.0,ZERO_REQUIRES_REVIEW,REVIEW,zero preservado; provável ausência administrativa em parte dos registros,NONE
3500045150,SGB_HIDRO_MS_2024_POCOS,profundi_1,0.0,ZERO_REQUIRES_REVIEW,REVIEW,zero preservado; provável ausência administrativa em parte dos registros,NONE
3500045150,SGB_HIDRO_MS_2024_POCOS,vazao_espe,0.0,ZERO_REQUIRES_REVIEW,REVIEW,zero preservado e não assumido como medição válida,NONE
3500045150,SGB_HIDRO_MS_2024_POCOS,Cond_Eletr,0.0,ZERO_REQUIRES_REVIEW,REVIEW,zero preservado e não assumido como medição válida,NONE
3500045151,SGB_HIDRO_MS_2024_POCOS,profundida,0.0,ZERO_REQUIRES_REVIEW,REVIEW,zero preservado; provável ausência administrativa em parte dos registros,NONE
3500045151,SGB_HIDRO_MS_2024_POCOS,profundi_1,0.0,ZERO_REQUIRES_REVIEW,REVIEW,zero preservado; provável ausência administrativa em parte dos registros,NONE
3500045151,SGB_HIDRO_MS_2024_POCOS,vazao_espe,0.0,ZERO_REQUIRES_REVIEW,REVIEW,zero preservado e não assumido como medição válida,NONE
3500045151,SGB_HIDRO_MS_2024_POCOS,Cond_Eletr,0.0,ZERO_REQUIRES_REVIEW,REVIEW,zero preservado e não assumido como medição válida,NONE
3500045152,SGB_HIDRO_MS_2024_POCOS,profundida,0.0,ZERO_REQUIRES_REVIEW,REVIEW,zero preservado; provável ausência administrativa em parte dos registros,NONE
3500045152,SGB_HIDRO_MS_2024_POCOS,profundi_1,0.0,ZERO_REQUIRES_REVIEW,REVIEW,zero preservado; provável ausência administrativa em parte dos registros,NONE
3500045152,SGB_HIDRO_MS_2024_POCOS,vazao_espe,0.0,ZERO_REQUIRES_REVIEW,REVIEW,zero preservado e não assumido como medição válida,NONE
3500045152,SGB_HIDRO_MS_2024_POCOS,Cond_Eletr,0.0,ZERO_REQUIRES_REVIEW,REVIEW,zero preservado e não assumido como medição válida,NONE
3500045153,SGB_HIDRO_MS_2024_POCOS,profundida,0.0,ZERO_REQUIRES_REVIEW,REVIEW,zero preservado; provável ausência administrativa em parte dos registros,NONE
3500045153,SGB_HIDRO_MS_2024_POCOS,profundi_1,0.0,ZERO_REQUIRES_REVIEW,REVIEW,zero preservado; provável ausência administrativa em parte dos registros,NONE
3500045153,SGB_HIDRO_MS_2024_POCOS,vazao_espe,0.0,ZERO_REQUIRES_REVIEW,REVIEW,zero preservado e não assumido como medição válida,NONE
3500045153,SGB_HIDRO_MS_2024_POCOS,Cond_Eletr,0.0,ZERO_REQUIRES_REVIEW,REVIEW,zero preservado e não assumido como medição válida,NONE
3500045154,SGB_HIDRO_MS_2024_POCOS,profundida,0.0,ZERO_REQUIRES_REVIEW,REVIEW,zero preservado; provável ausência administrativa em parte dos registros,NONE
3500045155,SGB_HIDRO_MS_2024_POCOS,profundida,0.0,ZERO_REQUIRES_REVIEW,REVIEW,zero preservado; provável ausência administrativa em parte dos registros,NONE
3500045156,SGB_HIDRO_MS_2024_POCOS,profundida,0.0,ZERO_REQUIRES_REVIEW,REVIEW,zero preservado; provável ausência administrativa em parte dos registros,NONE
3500045156,SGB_HIDRO_MS_2024_POCOS,profundi_1,0.0,ZERO_REQUIRES_REVIEW,REVIEW,zero preservado; provável ausência administrativa em parte dos registros,NONE
3500045156,SGB_HIDRO_MS_2024_POCOS,vazao_espe,0.0,ZERO_REQUIRES_REVIEW,REVIEW,zero preservado e não assumido como medição válida,NONE
3500045156,SGB_HIDRO_MS_2024_POCOS,Cond_Eletr,0.0,ZERO_REQUIRES_REVIEW,REVIEW,zero preservado e não assumido como medição válida,NONE
3500045157,SGB_HIDRO_MS_2024_POCOS,profundida,0.0,ZERO_REQUIRES_REVIEW,REVIEW,zero preservado; provável ausência administrativa em parte dos registros,NONE
3500045158,SGB_HIDRO_MS_2024_POCOS,profundida,0.0,ZERO_REQUIRES_REVIEW,REVIEW,zero preservado; provável ausência administrativa em parte dos registros,NONE
3500045158,SGB_HIDRO_MS_2024_POCOS,profundi_1,0.0,ZERO_REQUIRES_REVIEW,REVIEW,zero preservado; provável ausência administrativa em parte dos registros,NONE
3500045158,SGB_HIDRO_MS_2024_POCOS,vazao_espe,0.0,ZERO_REQUIRES_REVIEW,REVIEW,zero preservado e não assumido como medição válida,NONE
3500045158,SGB_HIDRO_MS_2024_POCOS,Cond_Eletr,0.0,ZERO_REQUIRES_REVIEW,REVIEW,zero preservado e não assumido como medição válida,NONE
3500045159,SGB_HIDRO_MS_2024_POCOS,profundida,0.0,ZERO_REQUIRES_REVIEW,REVIEW,zero preservado; provável ausência administrativa em parte dos registros,NONE
3500045159,SGB_HIDRO_MS_2024_POCOS,profundi_1,0.0,ZERO_REQUIRES_REVIEW,REVIEW,zero preservado; provável ausência administrativa em parte dos registros,NONE
3500045159,SGB_HIDRO_MS_2024_POCOS,vazao_espe,0.0,ZERO_REQUIRES_REVIEW,REVIEW,zero preservado e não assumido como medição válida,NONE
3500045159,SGB_HIDRO_MS_2024_POCOS,Cond_Eletr,0.0,ZERO_REQUIRES_REVIEW,REVIEW,zero preservado e não assumido como medição válida,NONE
3500045160,SGB_HIDRO_MS_2024_POCOS,profundida,0.0,ZERO_REQUIRES_REVIEW,REVIEW,zero preservado; provável ausência administrativa em parte dos registros,NONE
3500045160,SGB_HIDRO_MS_2024_POCOS,profundi_1,0.0,ZERO_REQUIRES_REVIEW,REVIEW,zero preservado; provável ausência administrativa em parte dos registros,NONE
3500045160,SGB_HIDRO_MS_2024_POCOS,vazao_espe,0.0,ZERO_REQUIRES_REVIEW,REVIEW,zero preservado e não assumido como medição válida,NONE
3500045160,SGB_HIDRO_MS_2024_POCOS,Cond_Eletr,0.0,ZERO_REQUIRES_REVIEW,REVIEW,zero preservado e não assumido como medição válida,NONE
3500045161,SGB_HIDRO_MS_2024_POCOS,profundida,0.0,ZERO_REQUIRES_REVIEW,REVIEW,zero preservado; provável ausência administrativa em parte dos registros,NONE
3500045161,SGB_HIDRO_MS_2024_POCOS,profundi_1,0.0,ZERO_REQUIRES_REVIEW,REVIEW,zero preservado; provável ausência administrativa em parte dos registros,NONE
3500045161,SGB_HIDRO_MS_2024_POCOS,vazao_espe,0.0,ZERO_REQUIRES_REVIEW,REVIEW,zero preservado e não assumido como medição válida,NONE
3500045161,SGB_HIDRO_MS_2024_POCOS,Cond_Eletr,0.0,ZERO_REQUIRES_REVIEW,REVIEW,zero preservado e não assumido como medição válida,NONE
3500045162,SGB_HIDRO_MS_2024_POCOS,profundida,0.0,ZERO_REQUIRES_REVIEW,REVIEW,zero preservado; provável ausência administrativa em parte dos registros,NONE
3500045162,SGB_HIDRO_MS_2024_POCOS,profundi_1,0.0,ZERO_REQUIRES_REVIEW,REVIEW,zero preservado; provável ausência administrativa em parte dos registros,NONE
3500045162,SGB_HIDRO_MS_2024_POCOS,vazao_espe,0.0,ZERO_REQUIRES_REVIEW,REVIEW,zero preservado e não assumido como medição válida,NONE
3500045162,SGB_HIDRO_MS_2024_POCOS,Cond_Eletr,0.0,ZERO_REQUIRES_REVIEW,REVIEW,zero preservado e não assumido como medição válida,NONE
3500045163,SGB_HIDRO_MS_2024_POCOS,profundida,0.0,ZERO_REQUIRES_REVIEW,REVIEW,zero preservado; provável ausência administrativa em parte dos registros,NONE
3500045163,SGB_HIDRO_MS_2024_POCOS,profundi_1,0.0,ZERO_REQUIRES_REVIEW,REVIEW,zero preservado; provável ausência administrativa em parte dos registros,NONE
3500045163,SGB_HIDRO_MS_2024_POCOS,vazao_espe,0.0,ZERO_REQUIRES_REVIEW,REVIEW,zero preservado e não assumido como medição válida,NONE
3500045163,SGB_HIDRO_MS_2024_POCOS,Cond_Eletr,0.0,ZERO_REQUIRES_REVIEW,REVIEW,zero preservado e não assumido como medição válida,NONE
3500045164,SGB_HIDRO_MS_2024_POCOS,profundida,0.0,ZERO_REQUIRES_REVIEW,REVIEW,zero preservado; provável ausência administrativa em parte dos registros,NONE
3500045164,SGB_HIDRO_MS_2024_POCOS,profundi_1,0.0,ZERO_REQUIRES_REVIEW,REVIEW,zero preservado; provável ausência administrativa em parte dos registros,NONE
3500045164,SGB_HIDRO_MS_2024_POCOS,vazao_espe,0.0,ZERO_REQUIRES_REVIEW,REVIEW,zero preservado e não assumido como medição válida,NONE
3500045164,SGB_HIDRO_MS_2024_POCOS,Cond_Eletr,0.0,ZERO_REQUIRES_REVIEW,REVIEW,zero preservado e não assumido como medição válida,NONE
3500045165,SGB_HIDRO_MS_2024_POCOS,profundida,0.0,ZERO_REQUIRES_REVIEW,REVIEW,zero preservado; provável ausência administrativa em parte dos registros,NONE
3500045165,SGB_HIDRO_MS_2024_POCOS,profundi_1,0.0,ZERO_REQUIRES_REVIEW,REVIEW,zero preservado; provável ausência administrativa em parte dos registros,NONE
3500045165,SGB_HIDRO_MS_2024_POCOS,vazao_espe,0.0,ZERO_REQUIRES_REVIEW,REVIEW,zero preservado e não assumido como medição válida,NONE
3500045165,SGB_HIDRO_MS_2024_POCOS,Cond_Eletr,0.0,ZERO_REQUIRES_REVIEW,REVIEW,zero preservado e não assumido como medição válida,NONE
3500045166,SGB_HIDRO_MS_2024_POCOS,profundida,0.0,ZERO_REQUIRES_REVIEW,REVIEW,zero preservado; provável ausência administrativa em parte dos registros,NONE
3500045166,SGB_HIDRO_MS_2024_POCOS,Cond_Eletr,0.0,ZERO_REQUIRES_REVIEW,REVIEW,zero preservado e não assumido como medição válida,NONE
3500045167,SGB_HIDRO_MS_2024_POCOS,profundida,0.0,ZERO_REQUIRES_REVIEW,REVIEW,zero preservado; provável ausência administrativa em parte dos registros,NONE
3500045167,SGB_HIDRO_MS_2024_POCOS,profundi_1,0.0,ZERO_REQUIRES_REVIEW,REVIEW,zero preservado; provável ausência administrativa em parte dos registros,NONE
3500045167,SGB_HIDRO_MS_2024_POCOS,vazao_espe,0.0,ZERO_REQUIRES_REVIEW,REVIEW,zero preservado e não assumido como medição válida,NONE
3500045167,SGB_HIDRO_MS_2024_POCOS,Cond_Eletr,0.0,ZERO_REQUIRES_REVIEW,REVIEW,zero preservado e não assumido como medição válida,NONE
3500045168,SGB_HIDRO_MS_2024_POCOS,profundida,0.0,ZERO_REQUIRES_REVIEW,REVIEW,zero preservado; provável ausência administrativa em parte dos registros,NONE
3500045168,SGB_HIDRO_MS_2024_POCOS,profundi_1,0.0,ZERO_REQUIRES_REVIEW,REVIEW,zero preservado; provável ausência administrativa em parte dos registros,NONE
3500045168,SGB_HIDRO_MS_2024_POCOS,vazao_espe,0.0,ZERO_REQUIRES_REVIEW,REVIEW,zero preservado e não assumido como medição válida,NONE
3500045168,SGB_HIDRO_MS_2024_POCOS,Cond_Eletr,0.0,ZERO_REQUIRES_REVIEW,REVIEW,zero preservado e não assumido como medição válida,NONE
3500045169,SGB_HIDRO_MS_2024_POCOS,profundida,0.0,ZERO_REQUIRES_REVIEW,REVIEW,zero preservado; provável ausência administrativa em parte dos registros,NONE
3500045169,SGB_HIDRO_MS_2024_POCOS,profundi_1,0.0,ZERO_REQUIRES_REVIEW,REVIEW,zero preservado; provável ausência administrativa em parte dos registros,NONE
3500045169,SGB_HIDRO_MS_2024_POCOS,vazao_espe,0.0,ZERO_REQUIRES_REVIEW,REVIEW,zero preservado e não assumido como medição válida,NONE
3500045169,SGB_HIDRO_MS_2024_POCOS,Cond_Eletr,0.0,ZERO_REQUIRES_REVIEW,REVIEW,zero preservado e não assumido como medição válida,NONE
3500045170,SGB_HIDRO_MS_2024_POCOS,profundida,0.0,ZERO_REQUIRES_REVIEW,REVIEW,zero preservado; provável ausência administrativa em parte dos registros,NONE
3500045170,SGB_HIDRO_MS_2024_POCOS,profundi_1,0.0,ZERO_REQUIRES_REVIEW,REVIEW,zero preservado; provável ausência administrativa em parte dos registros,NONE
3500045170,SGB_HIDRO_MS_2024_POCOS,vazao_espe,0.0,ZERO_REQUIRES_REVIEW,REVIEW,zero preservado e não assumido como medição válida,NONE
3500045170,SGB_HIDRO_MS_2024_POCOS,Cond_Eletr,0.0,ZERO_REQUIRES_REVIEW,REVIEW,zero preservado e não assumido como medição válida,NONE
3500045171,SGB_HIDRO_MS_2024_POCOS,profundida,0.0,ZERO_REQUIRES_REVIEW,REVIEW,zero preservado; provável ausência administrativa em parte dos registros,NONE
3500045171,SGB_HIDRO_MS_2024_POCOS,profundi_1,0.0,ZERO_REQUIRES_REVIEW,REVIEW,zero preservado; provável ausência administrativa em parte dos registros,NONE
3500045171,SGB_HIDRO_MS_2024_POCOS,vazao_espe,0.0,ZERO_REQUIRES_REVIEW,REVIEW,zero preservado e não assumido como medição válida,NONE
3500045171,SGB_HIDRO_MS_2024_POCOS,Cond_Eletr,0.0,ZERO_REQUIRES_REVIEW,REVIEW,zero preservado e não assumido como medição válida,NONE
3500045172,SGB_HIDRO_MS_2024_POCOS,profundida,0.0,ZERO_REQUIRES_REVIEW,REVIEW,zero preservado; provável ausência administrativa em parte dos registros,NONE
3500045172,SGB_HIDRO_MS_2024_POCOS,profundi_1,0.0,ZERO_REQUIRES_REVIEW,REVIEW,zero preservado; provável ausência administrativa em parte dos registros,NONE
3500045172,SGB_HIDRO_MS_2024_POCOS,vazao_espe,0.0,ZERO_REQUIRES_REVIEW,REVIEW,zero preservado e não assumido como medição válida,NONE
3500045172,SGB_HIDRO_MS_2024_POCOS,Cond_Eletr,0.0,ZERO_REQUIRES_REVIEW,REVIEW,zero preservado e não assumido como medição válida,NONE
3500045173,SGB_HIDRO_MS_2024_POCOS,profundida,0.0,ZERO_REQUIRES_REVIEW,REVIEW,zero preservado; provável ausência administrativa em parte dos registros,NONE
3500045173,SGB_HIDRO_MS_2024_POCOS,profundi_1,0.0,ZERO_REQUIRES_REVIEW,REVIEW,zero preservado; provável ausência administrativa em parte dos registros,NONE
3500045173,SGB_HIDRO_MS_2024_POCOS,vazao_espe,0.0,ZERO_REQUIRES_REVIEW,REVIEW,zero preservado e não assumido como medição válida,NONE
3500045173,SGB_HIDRO_MS_2024_POCOS,Cond_Eletr,0.0,ZERO_REQUIRES_REVIEW,REVIEW,zero preservado e não assumido como medição válida,NONE
3500045174,SGB_HIDRO_MS_2024_POCOS,profundida,0.0,ZERO_REQUIRES_REVIEW,REVIEW,zero preservado; provável ausência administrativa em parte dos registros,NONE
3500045174,SGB_HIDRO_MS_2024_POCOS,profundi_1,0.0,ZERO_REQUIRES_REVIEW,REVIEW,zero preservado; provável ausência administrativa em parte dos registros,NONE
3500045174,SGB_HIDRO_MS_2024_POCOS,vazao_espe,0.0,ZERO_REQUIRES_REVIEW,REVIEW,zero preservado e não assumido como medição válida,NONE
3500045174,SGB_HIDRO_MS_2024_POCOS,Cond_Eletr,0.0,ZERO_REQUIRES_REVIEW,REVIEW,zero preservado e não assumido como medição válida,NONE
3500045175,SGB_HIDRO_MS_2024_POCOS,profundida,0.0,ZERO_REQUIRES_REVIEW,REVIEW,zero preservado; provável ausência administrativa em parte dos registros,NONE
3500045175,SGB_HIDRO_MS_2024_POCOS,profundi_1,0.0,ZERO_REQUIRES_REVIEW,REVIEW,zero preservado; provável ausência administrativa em parte dos registros,NONE
3500045175,SGB_HIDRO_MS_2024_POCOS,vazao_espe,0.0,ZERO_REQUIRES_REVIEW,REVIEW,zero preservado e não assumido como medição válida,NONE
3500045175,SGB_HIDRO_MS_2024_POCOS,Cond_Eletr,0.0,ZERO_REQUIRES_REVIEW,REVIEW,zero preservado e não assumido como medição válida,NONE
3500045176,SGB_HIDRO_MS_2024_POCOS,profundida,0.0,ZERO_REQUIRES_REVIEW,REVIEW,zero preservado; provável ausência administrativa em parte dos registros,NONE
3500045176,SGB_HIDRO_MS_2024_POCOS,profundi_1,0.0,ZERO_REQUIRES_REVIEW,REVIEW,zero preservado; provável ausência administrativa em parte dos registros,NONE
3500045176,SGB_HIDRO_MS_2024_POCOS,vazao_espe,0.0,ZERO_REQUIRES_REVIEW,REVIEW,zero preservado e não assumido como medição válida,NONE
3500045176,SGB_HIDRO_MS_2024_POCOS,Cond_Eletr,0.0,ZERO_REQUIRES_REVIEW,REVIEW,zero preservado e não assumido como medição válida,NONE
3500045177,SGB_HIDRO_MS_2024_POCOS,profundida,0.0,ZERO_REQUIRES_REVIEW,REVIEW,zero preservado; provável ausência administrativa em parte dos registros,NONE
3500045177,SGB_HIDRO_MS_2024_POCOS,profundi_1,0.0,ZERO_REQUIRES_REVIEW,REVIEW,zero preservado; provável ausência administrativa em parte dos registros,NONE
3500045177,SGB_HIDRO_MS_2024_POCOS,vazao_espe,0.0,ZERO_REQUIRES_REVIEW,REVIEW,zero preservado e não assumido como medição válida,NONE
3500045177,SGB_HIDRO_MS_2024_POCOS,Cond_Eletr,0.0,ZERO_REQUIRES_REVIEW,REVIEW,zero preservado e não assumido como medição válida,NONE
3500045178,SGB_HIDRO_MS_2024_POCOS,profundida,0.0,ZERO_REQUIRES_REVIEW,REVIEW,zero preservado; provável ausência administrativa em parte dos registros,NONE
3500045178,SGB_HIDRO_MS_2024_POCOS,profundi_1,0.0,ZERO_REQUIRES_REVIEW,REVIEW,zero preservado; provável ausência administrativa em parte dos registros,NONE
3500045178,SGB_HIDRO_MS_2024_POCOS,vazao_espe,0.0,ZERO_REQUIRES_REVIEW,REVIEW,zero preservado e não assumido como medição válida,NONE
3500045178,SGB_HIDRO_MS_2024_POCOS,Cond_Eletr,0.0,ZERO_REQUIRES_REVIEW,REVIEW,zero preservado e não assumido como medição válida,NONE
3500045179,SGB_HIDRO_MS_2024_POCOS,profundida,0.0,ZERO_REQUIRES_REVIEW,REVIEW,zero preservado; provável ausência administrativa em parte dos registros,NONE
3500045179,SGB_HIDRO_MS_2024_POCOS,profundi_1,0.0,ZERO_REQUIRES_REVIEW,REVIEW,zero preservado; provável ausência administrativa em parte dos registros,NONE
3500045179,SGB_HIDRO_MS_2024_POCOS,vazao_espe,0.0,ZERO_REQUIRES_REVIEW,REVIEW,zero preservado e não assumido como medição válida,NONE
3500045179,SGB_HIDRO_MS_2024_POCOS,Cond_Eletr,0.0,ZERO_REQUIRES_REVIEW,REVIEW,zero preservado e não assumido como medição válida,NONE
3500045180,SGB_HIDRO_MS_2024_POCOS,profundida,0.0,ZERO_REQUIRES_REVIEW,REVIEW,zero preservado; provável ausência administrativa em parte dos registros,NONE
3500045180,SGB_HIDRO_MS_2024_POCOS,profundi_1,0.0,ZERO_REQUIRES_REVIEW,REVIEW,zero preservado; provável ausência administrativa em parte dos registros,NONE
3500045180,SGB_HIDRO_MS_2024_POCOS,vazao_espe,0.0,ZERO_REQUIRES_REVIEW,REVIEW,zero preservado e não assumido como medição válida,NONE
3500045180,SGB_HIDRO_MS_2024_POCOS,Cond_Eletr,0.0,ZERO_REQUIRES_REVIEW,REVIEW,zero preservado e não assumido como medição válida,NONE
3500045181,SGB_HIDRO_MS_2024_POCOS,profundida,0.0,ZERO_REQUIRES_REVIEW,REVIEW,zero preservado; provável ausência administrativa em parte dos registros,NONE
3500045181,SGB_HIDRO_MS_2024_POCOS,profundi_1,0.0,ZERO_REQUIRES_REVIEW,REVIEW,zero preservado; provável ausência administrativa em parte dos registros,NONE
3500045181,SGB_HIDRO_MS_2024_POCOS,vazao_espe,0.0,ZERO_REQUIRES_REVIEW,REVIEW,zero preservado e não assumido como medição válida,NONE
3500045181,SGB_HIDRO_MS_2024_POCOS,Cond_Eletr,0.0,ZERO_REQUIRES_REVIEW,REVIEW,zero preservado e não assumido como medição válida,NONE
3500045182,SGB_HIDRO_MS_2024_POCOS,profundida,0.0,ZERO_REQUIRES_REVIEW,REVIEW,zero preservado; provável ausência administrativa em parte dos registros,NONE
3500045182,SGB_HIDRO_MS_2024_POCOS,profundi_1,0.0,ZERO_REQUIRES_REVIEW,REVIEW,zero preservado; provável ausência administrativa em parte dos registros,NONE
3500045182,SGB_HIDRO_MS_2024_POCOS,vazao_espe,0.0,ZERO_REQUIRES_REVIEW,REVIEW,zero preservado e não assumido como medição válida,NONE
3500045182,SGB_HIDRO_MS_2024_POCOS,Cond_Eletr,0.0,ZERO_REQUIRES_REVIEW,REVIEW,zero preservado e não assumido como medição válida,NONE
3500045183,SGB_HIDRO_MS_2024_POCOS,profundida,0.0,ZERO_REQUIRES_REVIEW,REVIEW,zero preservado; provável ausência administrativa em parte dos registros,NONE
3500045183,SGB_HIDRO_MS_2024_POCOS,profundi_1,0.0,ZERO_REQUIRES_REVIEW,REVIEW,zero preservado; provável ausência administrativa em parte dos registros,NONE
3500045183,SGB_HIDRO_MS_2024_POCOS,vazao_espe,0.0,ZERO_REQUIRES_REVIEW,REVIEW,zero preservado e não assumido como medição válida,NONE
3500045183,SGB_HIDRO_MS_2024_POCOS,Cond_Eletr,0.0,ZERO_REQUIRES_REVIEW,REVIEW,zero preservado e não assumido como medição válida,NONE
3500045184,SGB_HIDRO_MS_2024_POCOS,profundida,0.0,ZERO_REQUIRES_REVIEW,REVIEW,zero preservado; provável ausência administrativa em parte dos registros,NONE
3500045184,SGB_HIDRO_MS_2024_POCOS,profundi_1,0.0,ZERO_REQUIRES_REVIEW,REVIEW,zero preservado; provável ausência administrativa em parte dos registros,NONE
3500045184,SGB_HIDRO_MS_2024_POCOS,vazao_espe,0.0,ZERO_REQUIRES_REVIEW,REVIEW,zero preservado e não assumido como medição válida,NONE
3500045184,SGB_HIDRO_MS_2024_POCOS,Cond_Eletr,0.0,ZERO_REQUIRES_REVIEW,REVIEW,zero preservado e não assumido como medição válida,NONE
3500045185,SGB_HIDRO_MS_2024_POCOS,profundida,0.0,ZERO_REQUIRES_REVIEW,REVIEW,zero preservado; provável ausência administrativa em parte dos registros,NONE
3500045185,SGB_HIDRO_MS_2024_POCOS,profundi_1,0.0,ZERO_REQUIRES_REVIEW,REVIEW,zero preservado; provável ausência administrativa em parte dos registros,NONE
3500045185,SGB_HIDRO_MS_2024_POCOS,vazao_espe,0.0,ZERO_REQUIRES_REVIEW,REVIEW,zero preservado e não assumido como medição válida,NONE
3500045185,SGB_HIDRO_MS_2024_POCOS,Cond_Eletr,0.0,ZERO_REQUIRES_REVIEW,REVIEW,zero preservado e não assumido como medição válida,NONE
3500045186,SGB_HIDRO_MS_2024_POCOS,profundida,0.0,ZERO_REQUIRES_REVIEW,REVIEW,zero preservado; provável ausência administrativa em parte dos registros,NONE
3500045186,SGB_HIDRO_MS_2024_POCOS,profundi_1,0.0,ZERO_REQUIRES_REVIEW,REVIEW,zero preservado; provável ausência administrativa em parte dos registros,NONE
3500045186,SGB_HIDRO_MS_2024_POCOS,vazao_espe,0.0,ZERO_REQUIRES_REVIEW,REVIEW,zero preservado e não assumido como medição válida,NONE
3500045186,SGB_HIDRO_MS_2024_POCOS,Cond_Eletr,0.0,ZERO_REQUIRES_REVIEW,REVIEW,zero preservado e não assumido como medição válida,NONE
3500045187,SGB_HIDRO_MS_2024_POCOS,profundida,0.0,ZERO_REQUIRES_REVIEW,REVIEW,zero preservado; provável ausência administrativa em parte dos registros,NONE
3500045187,SGB_HIDRO_MS_2024_POCOS,profundi_1,0.0,ZERO_REQUIRES_REVIEW,REVIEW,zero preservado; provável ausência administrativa em parte dos registros,NONE
3500045187,SGB_HIDRO_MS_2024_POCOS,vazao_espe,0.0,ZERO_REQUIRES_REVIEW,REVIEW,zero preservado e não assumido como medição válida,NONE
3500045187,SGB_HIDRO_MS_2024_POCOS,Cond_Eletr,0.0,ZERO_REQUIRES_REVIEW,REVIEW,zero preservado e não assumido como medição válida,NONE
3500045188,SGB_HIDRO_MS_2024_POCOS,profundida,0.0,ZERO_REQUIRES_REVIEW,REVIEW,zero preservado; provável ausência administrativa em parte dos registros,NONE
3500045188,SGB_HIDRO_MS_2024_POCOS,profundi_1,0.0,ZERO_REQUIRES_REVIEW,REVIEW,zero preservado; provável ausência administrativa em parte dos registros,NONE
3500045188,SGB_HIDRO_MS_2024_POCOS,vazao_espe,0.0,ZERO_REQUIRES_REVIEW,REVIEW,zero preservado e não assumido como medição válida,NONE
3500045188,SGB_HIDRO_MS_2024_POCOS,Cond_Eletr,0.0,ZERO_REQUIRES_REVIEW,REVIEW,zero preservado e não assumido como medição válida,NONE
3500045189,SGB_HIDRO_MS_2024_POCOS,profundida,0.0,ZERO_REQUIRES_REVIEW,REVIEW,zero preservado; provável ausência administrativa em parte dos registros,NONE
3500045189,SGB_HIDRO_MS_2024_POCOS,profundi_1,0.0,ZERO_REQUIRES_REVIEW,REVIEW,zero preservado; provável ausência administrativa em parte dos registros,NONE
3500045189,SGB_HIDRO_MS_2024_POCOS,vazao_espe,0.0,ZERO_REQUIRES_REVIEW,REVIEW,zero preservado e não assumido como medição válida,NONE
3500045189,SGB_HIDRO_MS_2024_POCOS,Cond_Eletr,0.0,ZERO_REQUIRES_REVIEW,REVIEW,zero preservado e não assumido como medição válida,NONE
3500045190,SGB_HIDRO_MS_2024_POCOS,profundida,0.0,ZERO_REQUIRES_REVIEW,REVIEW,zero preservado; provável ausência administrativa em parte dos registros,NONE
3500045190,SGB_HIDRO_MS_2024_POCOS,profundi_1,0.0,ZERO_REQUIRES_REVIEW,REVIEW,zero preservado; provável ausência administrativa em parte dos registros,NONE
3500045190,SGB_HIDRO_MS_2024_POCOS,vazao_espe,0.0,ZERO_REQUIRES_REVIEW,REVIEW,zero preservado e não assumido como medição válida,NONE
3500045190,SGB_HIDRO_MS_2024_POCOS,Cond_Eletr,0.0,ZERO_REQUIRES_REVIEW,REVIEW,zero preservado e não assumido como medição válida,NONE
3500045191,SGB_HIDRO_MS_2024_POCOS,profundida,0.0,ZERO_REQUIRES_REVIEW,REVIEW,zero preservado; provável ausência administrativa em parte dos registros,NONE
3500045191,SGB_HIDRO_MS_2024_POCOS,profundi_1,0.0,ZERO_REQUIRES_REVIEW,REVIEW,zero preservado; provável ausência administrativa em parte dos registros,NONE
3500045191,SGB_HIDRO_MS_2024_POCOS,vazao_espe,0.0,ZERO_REQUIRES_REVIEW,REVIEW,zero preservado e não assumido como medição válida,NONE
3500045191,SGB_HIDRO_MS_2024_POCOS,Cond_Eletr,0.0,ZERO_REQUIRES_REVIEW,REVIEW,zero preservado e não assumido como medição válida,NONE
3500045192,SGB_HIDRO_MS_2024_POCOS,profundida,0.0,ZERO_REQUIRES_REVIEW,REVIEW,zero preservado; provável ausência administrativa em parte dos registros,NONE
3500045192,SGB_HIDRO_MS_2024_POCOS,profundi_1,0.0,ZERO_REQUIRES_REVIEW,REVIEW,zero preservado; provável ausência administrativa em parte dos registros,NONE
3500045192,SGB_HIDRO_MS_2024_POCOS,vazao_espe,0.0,ZERO_REQUIRES_REVIEW,REVIEW,zero preservado e não assumido como medição válida,NONE
3500045192,SGB_HIDRO_MS_2024_POCOS,Cond_Eletr,0.0,ZERO_REQUIRES_REVIEW,REVIEW,zero preservado e não assumido como medição válida,NONE
3500045193,SGB_HIDRO_MS_2024_POCOS,profundida,0.0,ZERO_REQUIRES_REVIEW,REVIEW,zero preservado; provável ausência administrativa em parte dos registros,NONE
3500045193,SGB_HIDRO_MS_2024_POCOS,profundi_1,0.0,ZERO_REQUIRES_REVIEW,REVIEW,zero preservado; provável ausência administrativa em parte dos registros,NONE
3500045193,SGB_HIDRO_MS_2024_POCOS,vazao_espe,0.0,ZERO_REQUIRES_REVIEW,REVIEW,zero preservado e não assumido como medição válida,NONE
3500045193,SGB_HIDRO_MS_2024_POCOS,Cond_Eletr,0.0,ZERO_REQUIRES_REVIEW,REVIEW,zero preservado e não assumido como medição válida,NONE
3500045194,SGB_HIDRO_MS_2024_POCOS,profundida,0.0,ZERO_REQUIRES_REVIEW,REVIEW,zero preservado; provável ausência administrativa em parte dos registros,NONE
3500045194,SGB_HIDRO_MS_2024_POCOS,profundi_1,0.0,ZERO_REQUIRES_REVIEW,REVIEW,zero preservado; provável ausência administrativa em parte dos registros,NONE
3500045194,SGB_HIDRO_MS_2024_POCOS,vazao_espe,0.0,ZERO_REQUIRES_REVIEW,REVIEW,zero preservado e não assumido como medição válida,NONE
3500045194,SGB_HIDRO_MS_2024_POCOS,Cond_Eletr,0.0,ZERO_REQUIRES_REVIEW,REVIEW,zero preservado e não assumido como medição válida,NONE
3500045195,SGB_HIDRO_MS_2024_POCOS,profundida,0.0,ZERO_REQUIRES_REVIEW,REVIEW,zero preservado; provável ausência administrativa em parte dos registros,NONE
3500045195,SGB_HIDRO_MS_2024_POCOS,profundi_1,0.0,ZERO_REQUIRES_REVIEW,REVIEW,zero preservado; provável ausência administrativa em parte dos registros,NONE
3500045195,SGB_HIDRO_MS_2024_POCOS,vazao_espe,0.0,ZERO_REQUIRES_REVIEW,REVIEW,zero preservado e não assumido como medição válida,NONE
3500045195,SGB_HIDRO_MS_2024_POCOS,Cond_Eletr,0.0,ZERO_REQUIRES_REVIEW,REVIEW,zero preservado e não assumido como medição válida,NONE
3500045196,SGB_HIDRO_MS_2024_POCOS,profundida,0.0,ZERO_REQUIRES_REVIEW,REVIEW,zero preservado; provável ausência administrativa em parte dos registros,NONE
3500045196,SGB_HIDRO_MS_2024_POCOS,profundi_1,0.0,ZERO_REQUIRES_REVIEW,REVIEW,zero preservado; provável ausência administrativa em parte dos registros,NONE
3500045196,SGB_HIDRO_MS_2024_POCOS,vazao_espe,0.0,ZERO_REQUIRES_REVIEW,REVIEW,zero preservado e não assumido como medição válida,NONE
3500045196,SGB_HIDRO_MS_2024_POCOS,Cond_Eletr,0.0,ZERO_REQUIRES_REVIEW,REVIEW,zero preservado e não assumido como medição válida,NONE
3500045197,SGB_HIDRO_MS_2024_POCOS,profundida,0.0,ZERO_REQUIRES_REVIEW,REVIEW,zero preservado; provável ausência administrativa em parte dos registros,NONE
3500045197,SGB_HIDRO_MS_2024_POCOS,profundi_1,0.0,ZERO_REQUIRES_REVIEW,REVIEW,zero preservado; provável ausência administrativa em parte dos registros,NONE
3500045197,SGB_HIDRO_MS_2024_POCOS,vazao_espe,0.0,ZERO_REQUIRES_REVIEW,REVIEW,zero preservado e não assumido como medição válida,NONE
3500045197,SGB_HIDRO_MS_2024_POCOS,Cond_Eletr,0.0,ZERO_REQUIRES_REVIEW,REVIEW,zero preservado e não assumido como medição válida,NONE
3500045198,SGB_HIDRO_MS_2024_POCOS,profundida,0.0,ZERO_REQUIRES_REVIEW,REVIEW,zero preservado; provável ausência administrativa em parte dos registros,NONE
3500045198,SGB_HIDRO_MS_2024_POCOS,profundi_1,0.0,ZERO_REQUIRES_REVIEW,REVIEW,zero preservado; provável ausência administrativa em parte dos registros,NONE
3500045198,SGB_HIDRO_MS_2024_POCOS,vazao_espe,0.0,ZERO_REQUIRES_REVIEW,REVIEW,zero preservado e não assumido como medição válida,NONE
3500045198,SGB_HIDRO_MS_2024_POCOS,Cond_Eletr,0.0,ZERO_REQUIRES_REVIEW,REVIEW,zero preservado e não assumido como medição válida,NONE
3500045199,SGB_HIDRO_MS_2024_POCOS,profundida,0.0,ZERO_REQUIRES_REVIEW,REVIEW,zero preservado; provável ausência administrativa em parte dos registros,NONE
3500045199,SGB_HIDRO_MS_2024_POCOS,profundi_1,0.0,ZERO_REQUIRES_REVIEW,REVIEW,zero preservado; provável ausência administrativa em parte dos registros,NONE
3500045199,SGB_HIDRO_MS_2024_POCOS,vazao_espe,0.0,ZERO_REQUIRES_REVIEW,REVIEW,zero preservado e não assumido como medição válida,NONE
3500045199,SGB_HIDRO_MS_2024_POCOS,Cond_Eletr,0.0,ZERO_REQUIRES_REVIEW,REVIEW,zero preservado e não assumido como medição válida,NONE
3500045200,SGB_HIDRO_MS_2024_POCOS,profundida,0.0,ZERO_REQUIRES_REVIEW,REVIEW,zero preservado; provável ausência administrativa em parte dos registros,NONE
3500045200,SGB_HIDRO_MS_2024_POCOS,profundi_1,0.0,ZERO_REQUIRES_REVIEW,REVIEW,zero preservado; provável ausência administrativa em parte dos registros,NONE
3500045200,SGB_HIDRO_MS_2024_POCOS,vazao_espe,0.0,ZERO_REQUIRES_REVIEW,REVIEW,zero preservado e não assumido como medição válida,NONE
3500045200,SGB_HIDRO_MS_2024_POCOS,Cond_Eletr,0.0,ZERO_REQUIRES_REVIEW,REVIEW,zero preservado e não assumido como medição válida,NONE
3500045201,SGB_HIDRO_MS_2024_POCOS,profundida,0.0,ZERO_REQUIRES_REVIEW,REVIEW,zero preservado; provável ausência administrativa em parte dos registros,NONE
3500045201,SGB_HIDRO_MS_2024_POCOS,profundi_1,0.0,ZERO_REQUIRES_REVIEW,REVIEW,zero preservado; provável ausência administrativa em parte dos registros,NONE
3500045201,SGB_HIDRO_MS_2024_POCOS,vazao_espe,0.0,ZERO_REQUIRES_REVIEW,REVIEW,zero preservado e não assumido como medição válida,NONE
3500045201,SGB_HIDRO_MS_2024_POCOS,Cond_Eletr,0.0,ZERO_REQUIRES_REVIEW,REVIEW,zero preservado e não assumido como medição válida,NONE
3500045202,SGB_HIDRO_MS_2024_POCOS,profundida,0.0,ZERO_REQUIRES_REVIEW,REVIEW,zero preservado; provável ausência administrativa em parte dos registros,NONE
3500045202,SGB_HIDRO_MS_2024_POCOS,profundi_1,0.0,ZERO_REQUIRES_REVIEW,REVIEW,zero preservado; provável ausência administrativa em parte dos registros,NONE
3500045202,SGB_HIDRO_MS_2024_POCOS,vazao_espe,0.0,ZERO_REQUIRES_REVIEW,REVIEW,zero preservado e não assumido como medição válida,NONE
3500045202,SGB_HIDRO_MS_2024_POCOS,Cond_Eletr,0.0,ZERO_REQUIRES_REVIEW,REVIEW,zero preservado e não assumido como medição válida,NONE
3500045203,SGB_HIDRO_MS_2024_POCOS,profundida,0.0,ZERO_REQUIRES_REVIEW,REVIEW,zero preservado; provável ausência administrativa em parte dos registros,NONE
3500045203,SGB_HIDRO_MS_2024_POCOS,profundi_1,0.0,ZERO_REQUIRES_REVIEW,REVIEW,zero preservado; provável ausência administrativa em parte dos registros,NONE
3500045203,SGB_HIDRO_MS_2024_POCOS,vazao_espe,0.0,ZERO_REQUIRES_REVIEW,REVIEW,zero preservado e não assumido como medição válida,NONE
3500045203,SGB_HIDRO_MS_2024_POCOS,Cond_Eletr,0.0,ZERO_REQUIRES_REVIEW,REVIEW,zero preservado e não assumido como medição válida,NONE
3500045204,SGB_HIDRO_MS_2024_POCOS,profundida,0.0,ZERO_REQUIRES_REVIEW,REVIEW,zero preservado; provável ausência administrativa em parte dos registros,NONE
3500045204,SGB_HIDRO_MS_2024_POCOS,profundi_1,0.0,ZERO_REQUIRES_REVIEW,REVIEW,zero preservado; provável ausência administrativa em parte dos registros,NONE
3500045204,SGB_HIDRO_MS_2024_POCOS,vazao_espe,0.0,ZERO_REQUIRES_REVIEW,REVIEW,zero preservado e não assumido como medição válida,NONE
3500045204,SGB_HIDRO_MS_2024_POCOS,Cond_Eletr,0.0,ZERO_REQUIRES_REVIEW,REVIEW,zero preservado e não assumido como medição válida,NONE
3500045205,SGB_HIDRO_MS_2024_POCOS,profundida,0.0,ZERO_REQUIRES_REVIEW,REVIEW,zero preservado; provável ausência administrativa em parte dos registros,NONE
3500045205,SGB_HIDRO_MS_2024_POCOS,profundi_1,0.0,ZERO_REQUIRES_REVIEW,REVIEW,zero preservado; provável ausência administrativa em parte dos registros,NONE
3500045205,SGB_HIDRO_MS_2024_POCOS,vazao_espe,0.0,ZERO_REQUIRES_REVIEW,REVIEW,zero preservado e não assumido como medição válida,NONE
3500045205,SGB_HIDRO_MS_2024_POCOS,Cond_Eletr,0.0,ZERO_REQUIRES_REVIEW,REVIEW,zero preservado e não assumido como medição válida,NONE
3500045206,SGB_HIDRO_MS_2024_POCOS,profundida,0.0,ZERO_REQUIRES_REVIEW,REVIEW,zero preservado; provável ausência administrativa em parte dos registros,NONE
3500045206,SGB_HIDRO_MS_2024_POCOS,profundi_1,0.0,ZERO_REQUIRES_REVIEW,REVIEW,zero preservado; provável ausência administrativa em parte dos registros,NONE
3500045206,SGB_HIDRO_MS_2024_POCOS,vazao_espe,0.0,ZERO_REQUIRES_REVIEW,REVIEW,zero preservado e não assumido como medição válida,NONE
3500045206,SGB_HIDRO_MS_2024_POCOS,Cond_Eletr,0.0,ZERO_REQUIRES_REVIEW,REVIEW,zero preservado e não assumido como medição válida,NONE
3500045207,SGB_HIDRO_MS_2024_POCOS,profundida,0.0,ZERO_REQUIRES_REVIEW,REVIEW,zero preservado; provável ausência administrativa em parte dos registros,NONE
3500045207,SGB_HIDRO_MS_2024_POCOS,profundi_1,0.0,ZERO_REQUIRES_REVIEW,REVIEW,zero preservado; provável ausência administrativa em parte dos registros,NONE
3500045207,SGB_HIDRO_MS_2024_POCOS,vazao_espe,0.0,ZERO_REQUIRES_REVIEW,REVIEW,zero preservado e não assumido como medição válida,NONE
3500045207,SGB_HIDRO_MS_2024_POCOS,Cond_Eletr,0.0,ZERO_REQUIRES_REVIEW,REVIEW,zero preservado e não assumido como medição válida,NONE
3500045208,SGB_HIDRO_MS_2024_POCOS,profundida,0.0,ZERO_REQUIRES_REVIEW,REVIEW,zero preservado; provável ausência administrativa em parte dos registros,NONE
3500045208,SGB_HIDRO_MS_2024_POCOS,profundi_1,0.0,ZERO_REQUIRES_REVIEW,REVIEW,zero preservado; provável ausência administrativa em parte dos registros,NONE
3500045208,SGB_HIDRO_MS_2024_POCOS,vazao_espe,0.0,ZERO_REQUIRES_REVIEW,REVIEW,zero preservado e não assumido como medição válida,NONE
3500045208,SGB_HIDRO_MS_2024_POCOS,Cond_Eletr,0.0,ZERO_REQUIRES_REVIEW,REVIEW,zero preservado e não assumido como medição válida,NONE
3500045209,SGB_HIDRO_MS_2024_POCOS,profundida,0.0,ZERO_REQUIRES_REVIEW,REVIEW,zero preservado; provável ausência administrativa em parte dos registros,NONE
3500045209,SGB_HIDRO_MS_2024_POCOS,profundi_1,0.0,ZERO_REQUIRES_REVIEW,REVIEW,zero preservado; provável ausência administrativa em parte dos registros,NONE
3500045209,SGB_HIDRO_MS_2024_POCOS,vazao_espe,0.0,ZERO_REQUIRES_REVIEW,REVIEW,zero preservado e não assumido como medição válida,NONE
3500045209,SGB_HIDRO_MS_2024_POCOS,Cond_Eletr,0.0,ZERO_REQUIRES_REVIEW,REVIEW,zero preservado e não assumido como medição válida,NONE
3500045210,SGB_HIDRO_MS_2024_POCOS,profundida,0.0,ZERO_REQUIRES_REVIEW,REVIEW,zero preservado; provável ausência administrativa em parte dos registros,NONE
3500045210,SGB_HIDRO_MS_2024_POCOS,profundi_1,0.0,ZERO_REQUIRES_REVIEW,REVIEW,zero preservado; provável ausência administrativa em parte dos registros,NONE
3500045210,SGB_HIDRO_MS_2024_POCOS,vazao_espe,0.0,ZERO_REQUIRES_REVIEW,REVIEW,zero preservado e não assumido como medição válida,NONE
3500045210,SGB_HIDRO_MS_2024_POCOS,Cond_Eletr,0.0,ZERO_REQUIRES_REVIEW,REVIEW,zero preservado e não assumido como medição válida,NONE
3500045211,SGB_HIDRO_MS_2024_POCOS,profundida,0.0,ZERO_REQUIRES_REVIEW,REVIEW,zero preservado; provável ausência administrativa em parte dos registros,NONE
3500045211,SGB_HIDRO_MS_2024_POCOS,profundi_1,0.0,ZERO_REQUIRES_REVIEW,REVIEW,zero preservado; provável ausência administrativa em parte dos registros,NONE
3500045211,SGB_HIDRO_MS_2024_POCOS,vazao_espe,0.0,ZERO_REQUIRES_REVIEW,REVIEW,zero preservado e não assumido como medição válida,NONE
3500045211,SGB_HIDRO_MS_2024_POCOS,Cond_Eletr,0.0,ZERO_REQUIRES_REVIEW,REVIEW,zero preservado e não assumido como medição válida,NONE
3500045212,SGB_HIDRO_MS_2024_POCOS,profundida,0.0,ZERO_REQUIRES_REVIEW,REVIEW,zero preservado; provável ausência administrativa em parte dos registros,NONE
3500045212,SGB_HIDRO_MS_2024_POCOS,profundi_1,0.0,ZERO_REQUIRES_REVIEW,REVIEW,zero preservado; provável ausência administrativa em parte dos registros,NONE
3500045212,SGB_HIDRO_MS_2024_POCOS,vazao_espe,0.0,ZERO_REQUIRES_REVIEW,REVIEW,zero preservado e não assumido como medição válida,NONE
3500045212,SGB_HIDRO_MS_2024_POCOS,Cond_Eletr,0.0,ZERO_REQUIRES_REVIEW,REVIEW,zero preservado e não assumido como medição válida,NONE
3500045213,SGB_HIDRO_MS_2024_POCOS,profundida,0.0,ZERO_REQUIRES_REVIEW,REVIEW,zero preservado; provável ausência administrativa em parte dos registros,NONE
3500045213,SGB_HIDRO_MS_2024_POCOS,profundi_1,0.0,ZERO_REQUIRES_REVIEW,REVIEW,zero preservado; provável ausência administrativa em parte dos registros,NONE
3500045213,SGB_HIDRO_MS_2024_POCOS,vazao_espe,0.0,ZERO_REQUIRES_REVIEW,REVIEW,zero preservado e não assumido como medição válida,NONE
3500045213,SGB_HIDRO_MS_2024_POCOS,Cond_Eletr,0.0,ZERO_REQUIRES_REVIEW,REVIEW,zero preservado e não assumido como medição válida,NONE
3500045214,SGB_HIDRO_MS_2024_POCOS,profundida,0.0,ZERO_REQUIRES_REVIEW,REVIEW,zero preservado; provável ausência administrativa em parte dos registros,NONE
3500045214,SGB_HIDRO_MS_2024_POCOS,profundi_1,0.0,ZERO_REQUIRES_REVIEW,REVIEW,zero preservado; provável ausência administrativa em parte dos registros,NONE
3500045214,SGB_HIDRO_MS_2024_POCOS,vazao_espe,0.0,ZERO_REQUIRES_REVIEW,REVIEW,zero preservado e não assumido como medição válida,NONE
3500045214,SGB_HIDRO_MS_2024_POCOS,Cond_Eletr,0.0,ZERO_REQUIRES_REVIEW,REVIEW,zero preservado e não assumido como medição válida,NONE
3500045215,SGB_HIDRO_MS_2024_POCOS,profundida,0.0,ZERO_REQUIRES_REVIEW,REVIEW,zero preservado; provável ausência administrativa em parte dos registros,NONE
3500045215,SGB_HIDRO_MS_2024_POCOS,profundi_1,0.0,ZERO_REQUIRES_REVIEW,REVIEW,zero preservado; provável ausência administrativa em parte dos registros,NONE
3500045215,SGB_HIDRO_MS_2024_POCOS,vazao_espe,0.0,ZERO_REQUIRES_REVIEW,REVIEW,zero preservado e não assumido como medição válida,NONE
3500045215,SGB_HIDRO_MS_2024_POCOS,Cond_Eletr,0.0,ZERO_REQUIRES_REVIEW,REVIEW,zero preservado e não assumido como medição válida,NONE
3500045216,SGB_HIDRO_MS_2024_POCOS,profundida,0.0,ZERO_REQUIRES_REVIEW,REVIEW,zero preservado; provável ausência administrativa em parte dos registros,NONE
3500045216,SGB_HIDRO_MS_2024_POCOS,profundi_1,0.0,ZERO_REQUIRES_REVIEW,REVIEW,zero preservado; provável ausência administrativa em parte dos registros,NONE
3500045216,SGB_HIDRO_MS_2024_POCOS,vazao_espe,0.0,ZERO_REQUIRES_REVIEW,REVIEW,zero preservado e não assumido como medição válida,NONE
3500045216,SGB_HIDRO_MS_2024_POCOS,Cond_Eletr,0.0,ZERO_REQUIRES_REVIEW,REVIEW,zero preservado e não assumido como medição válida,NONE
3500045217,SGB_HIDRO_MS_2024_POCOS,profundida,0.0,ZERO_REQUIRES_REVIEW,REVIEW,zero preservado; provável ausência administrativa em parte dos registros,NONE
3500045217,SGB_HIDRO_MS_2024_POCOS,profundi_1,0.0,ZERO_REQUIRES_REVIEW,REVIEW,zero preservado; provável ausência administrativa em parte dos registros,NONE
3500045217,SGB_HIDRO_MS_2024_POCOS,vazao_espe,0.0,ZERO_REQUIRES_REVIEW,REVIEW,zero preservado e não assumido como medição válida,NONE
3500045217,SGB_HIDRO_MS_2024_POCOS,Cond_Eletr,0.0,ZERO_REQUIRES_REVIEW,REVIEW,zero preservado e não assumido como medição válida,NONE
3500045219,SGB_HIDRO_MS_2024_POCOS,profundida,0.0,ZERO_REQUIRES_REVIEW,REVIEW,zero preservado; provável ausência administrativa em parte dos registros,NONE
3500045219,SGB_HIDRO_MS_2024_POCOS,profundi_1,0.0,ZERO_REQUIRES_REVIEW,REVIEW,zero preservado; provável ausência administrativa em parte dos registros,NONE
3500045219,SGB_HIDRO_MS_2024_POCOS,vazao_espe,0.0,ZERO_REQUIRES_REVIEW,REVIEW,zero preservado e não assumido como medição válida,NONE
3500045219,SGB_HIDRO_MS_2024_POCOS,Cond_Eletr,0.0,ZERO_REQUIRES_REVIEW,REVIEW,zero preservado e não assumido como medição válida,NONE
3500045220,SGB_HIDRO_MS_2024_POCOS,profundida,0.0,ZERO_REQUIRES_REVIEW,REVIEW,zero preservado; provável ausência administrativa em parte dos registros,NONE
3500045220,SGB_HIDRO_MS_2024_POCOS,profundi_1,0.0,ZERO_REQUIRES_REVIEW,REVIEW,zero preservado; provável ausência administrativa em parte dos registros,NONE
3500045220,SGB_HIDRO_MS_2024_POCOS,vazao_espe,0.0,ZERO_REQUIRES_REVIEW,REVIEW,zero preservado e não assumido como medição válida,NONE
3500045220,SGB_HIDRO_MS_2024_POCOS,Cond_Eletr,0.0,ZERO_REQUIRES_REVIEW,REVIEW,zero preservado e não assumido como medição válida,NONE
3500045221,SGB_HIDRO_MS_2024_POCOS,profundida,0.0,ZERO_REQUIRES_REVIEW,REVIEW,zero preservado; provável ausência administrativa em parte dos registros,NONE
3500045221,SGB_HIDRO_MS_2024_POCOS,profundi_1,0.0,ZERO_REQUIRES_REVIEW,REVIEW,zero preservado; provável ausência administrativa em parte dos registros,NONE
3500045221,SGB_HIDRO_MS_2024_POCOS,vazao_espe,0.0,ZERO_REQUIRES_REVIEW,REVIEW,zero preservado e não assumido como medição válida,NONE
3500045221,SGB_HIDRO_MS_2024_POCOS,Cond_Eletr,0.0,ZERO_REQUIRES_REVIEW,REVIEW,zero preservado e não assumido como medição válida,NONE
3500045222,SGB_HIDRO_MS_2024_POCOS,profundida,0.0,ZERO_REQUIRES_REVIEW,REVIEW,zero preservado; provável ausência administrativa em parte dos registros,NONE
3500045222,SGB_HIDRO_MS_2024_POCOS,profundi_1,0.0,ZERO_REQUIRES_REVIEW,REVIEW,zero preservado; provável ausência administrativa em parte dos registros,NONE
3500045222,SGB_HIDRO_MS_2024_POCOS,vazao_espe,0.0,ZERO_REQUIRES_REVIEW,REVIEW,zero preservado e não assumido como medição válida,NONE
3500045222,SGB_HIDRO_MS_2024_POCOS,Cond_Eletr,0.0,ZERO_REQUIRES_REVIEW,REVIEW,zero preservado e não assumido como medição válida,NONE
3500045223,SGB_HIDRO_MS_2024_POCOS,profundida,0.0,ZERO_REQUIRES_REVIEW,REVIEW,zero preservado; provável ausência administrativa em parte dos registros,NONE
3500045223,SGB_HIDRO_MS_2024_POCOS,profundi_1,0.0,ZERO_REQUIRES_REVIEW,REVIEW,zero preservado; provável ausência administrativa em parte dos registros,NONE
3500045223,SGB_HIDRO_MS_2024_POCOS,vazao_espe,0.0,ZERO_REQUIRES_REVIEW,REVIEW,zero preservado e não assumido como medição válida,NONE
3500045223,SGB_HIDRO_MS_2024_POCOS,Cond_Eletr,0.0,ZERO_REQUIRES_REVIEW,REVIEW,zero preservado e não assumido como medição válida,NONE
3500045224,SGB_HIDRO_MS_2024_POCOS,profundida,0.0,ZERO_REQUIRES_REVIEW,REVIEW,zero preservado; provável ausência administrativa em parte dos registros,NONE
3500045224,SGB_HIDRO_MS_2024_POCOS,profundi_1,0.0,ZERO_REQUIRES_REVIEW,REVIEW,zero preservado; provável ausência administrativa em parte dos registros,NONE
3500045224,SGB_HIDRO_MS_2024_POCOS,vazao_espe,0.0,ZERO_REQUIRES_REVIEW,REVIEW,zero preservado e não assumido como medição válida,NONE
3500045224,SGB_HIDRO_MS_2024_POCOS,Cond_Eletr,0.0,ZERO_REQUIRES_REVIEW,REVIEW,zero preservado e não assumido como medição válida,NONE
3500045225,SGB_HIDRO_MS_2024_POCOS,profundida,0.0,ZERO_REQUIRES_REVIEW,REVIEW,zero preservado; provável ausência administrativa em parte dos registros,NONE
3500045225,SGB_HIDRO_MS_2024_POCOS,profundi_1,0.0,ZERO_REQUIRES_REVIEW,REVIEW,zero preservado; provável ausência administrativa em parte dos registros,NONE
3500045225,SGB_HIDRO_MS_2024_POCOS,vazao_espe,0.0,ZERO_REQUIRES_REVIEW,REVIEW,zero preservado e não assumido como medição válida,NONE
3500045225,SGB_HIDRO_MS_2024_POCOS,Cond_Eletr,0.0,ZERO_REQUIRES_REVIEW,REVIEW,zero preservado e não assumido como medição válida,NONE
3500045226,SGB_HIDRO_MS_2024_POCOS,profundida,0.0,ZERO_REQUIRES_REVIEW,REVIEW,zero preservado; provável ausência administrativa em parte dos registros,NONE
3500045226,SGB_HIDRO_MS_2024_POCOS,profundi_1,0.0,ZERO_REQUIRES_REVIEW,REVIEW,zero preservado; provável ausência administrativa em parte dos registros,NONE
3500045226,SGB_HIDRO_MS_2024_POCOS,vazao_espe,0.0,ZERO_REQUIRES_REVIEW,REVIEW,zero preservado e não assumido como medição válida,NONE
3500045226,SGB_HIDRO_MS_2024_POCOS,Cond_Eletr,0.0,ZERO_REQUIRES_REVIEW,REVIEW,zero preservado e não assumido como medição válida,NONE
3500045227,SGB_HIDRO_MS_2024_POCOS,profundida,0.0,ZERO_REQUIRES_REVIEW,REVIEW,zero preservado; provável ausência administrativa em parte dos registros,NONE
3500045227,SGB_HIDRO_MS_2024_POCOS,profundi_1,0.0,ZERO_REQUIRES_REVIEW,REVIEW,zero preservado; provável ausência administrativa em parte dos registros,NONE
3500045227,SGB_HIDRO_MS_2024_POCOS,vazao_espe,0.0,ZERO_REQUIRES_REVIEW,REVIEW,zero preservado e não assumido como medição válida,NONE
3500045227,SGB_HIDRO_MS_2024_POCOS,Cond_Eletr,0.0,ZERO_REQUIRES_REVIEW,REVIEW,zero preservado e não assumido como medição válida,NONE
3500045228,SGB_HIDRO_MS_2024_POCOS,profundida,0.0,ZERO_REQUIRES_REVIEW,REVIEW,zero preservado; provável ausência administrativa em parte dos registros,NONE
3500045228,SGB_HIDRO_MS_2024_POCOS,profundi_1,0.0,ZERO_REQUIRES_REVIEW,REVIEW,zero preservado; provável ausência administrativa em parte dos registros,NONE
3500045228,SGB_HIDRO_MS_2024_POCOS,vazao_espe,0.0,ZERO_REQUIRES_REVIEW,REVIEW,zero preservado e não assumido como medição válida,NONE
3500045228,SGB_HIDRO_MS_2024_POCOS,Cond_Eletr,0.0,ZERO_REQUIRES_REVIEW,REVIEW,zero preservado e não assumido como medição válida,NONE
3500045229,SGB_HIDRO_MS_2024_POCOS,profundida,0.0,ZERO_REQUIRES_REVIEW,REVIEW,zero preservado; provável ausência administrativa em parte dos registros,NONE
3500045229,SGB_HIDRO_MS_2024_POCOS,profundi_1,0.0,ZERO_REQUIRES_REVIEW,REVIEW,zero preservado; provável ausência administrativa em parte dos registros,NONE
3500045229,SGB_HIDRO_MS_2024_POCOS,vazao_espe,0.0,ZERO_REQUIRES_REVIEW,REVIEW,zero preservado e não assumido como medição válida,NONE
3500045229,SGB_HIDRO_MS_2024_POCOS,Cond_Eletr,0.0,ZERO_REQUIRES_REVIEW,REVIEW,zero preservado e não assumido como medição válida,NONE
3500045230,SGB_HIDRO_MS_2024_POCOS,profundida,0.0,ZERO_REQUIRES_REVIEW,REVIEW,zero preservado; provável ausência administrativa em parte dos registros,NONE
3500045230,SGB_HIDRO_MS_2024_POCOS,profundi_1,0.0,ZERO_REQUIRES_REVIEW,REVIEW,zero preservado; provável ausência administrativa em parte dos registros,NONE
3500045230,SGB_HIDRO_MS_2024_POCOS,vazao_espe,0.0,ZERO_REQUIRES_REVIEW,REVIEW,zero preservado e não assumido como medição válida,NONE
3500045230,SGB_HIDRO_MS_2024_POCOS,Cond_Eletr,0.0,ZERO_REQUIRES_REVIEW,REVIEW,zero preservado e não assumido como medição válida,NONE
3500045231,SGB_HIDRO_MS_2024_POCOS,profundida,0.0,ZERO_REQUIRES_REVIEW,REVIEW,zero preservado; provável ausência administrativa em parte dos registros,NONE
3500045231,SGB_HIDRO_MS_2024_POCOS,profundi_1,0.0,ZERO_REQUIRES_REVIEW,REVIEW,zero preservado; provável ausência administrativa em parte dos registros,NONE
3500045231,SGB_HIDRO_MS_2024_POCOS,vazao_espe,0.0,ZERO_REQUIRES_REVIEW,REVIEW,zero preservado e não assumido como medição válida,NONE
3500045231,SGB_HIDRO_MS_2024_POCOS,Cond_Eletr,0.0,ZERO_REQUIRES_REVIEW,REVIEW,zero preservado e não assumido como medição válida,NONE
3500045232,SGB_HIDRO_MS_2024_POCOS,profundida,0.0,ZERO_REQUIRES_REVIEW,REVIEW,zero preservado; provável ausência administrativa em parte dos registros,NONE
3500045232,SGB_HIDRO_MS_2024_POCOS,profundi_1,0.0,ZERO_REQUIRES_REVIEW,REVIEW,zero preservado; provável ausência administrativa em parte dos registros,NONE
3500045232,SGB_HIDRO_MS_2024_POCOS,vazao_espe,0.0,ZERO_REQUIRES_REVIEW,REVIEW,zero preservado e não assumido como medição válida,NONE
3500045232,SGB_HIDRO_MS_2024_POCOS,Cond_Eletr,0.0,ZERO_REQUIRES_REVIEW,REVIEW,zero preservado e não assumido como medição válida,NONE
3500045233,SGB_HIDRO_MS_2024_POCOS,profundida,0.0,ZERO_REQUIRES_REVIEW,REVIEW,zero preservado; provável ausência administrativa em parte dos registros,NONE
3500045233,SGB_HIDRO_MS_2024_POCOS,profundi_1,0.0,ZERO_REQUIRES_REVIEW,REVIEW,zero preservado; provável ausência administrativa em parte dos registros,NONE
3500045233,SGB_HIDRO_MS_2024_POCOS,vazao_espe,0.0,ZERO_REQUIRES_REVIEW,REVIEW,zero preservado e não assumido como medição válida,NONE
3500045233,SGB_HIDRO_MS_2024_POCOS,Cond_Eletr,0.0,ZERO_REQUIRES_REVIEW,REVIEW,zero preservado e não assumido como medição válida,NONE
3500045234,SGB_HIDRO_MS_2024_POCOS,profundida,0.0,ZERO_REQUIRES_REVIEW,REVIEW,zero preservado; provável ausência administrativa em parte dos registros,NONE
3500045234,SGB_HIDRO_MS_2024_POCOS,profundi_1,0.0,ZERO_REQUIRES_REVIEW,REVIEW,zero preservado; provável ausência administrativa em parte dos registros,NONE
3500045234,SGB_HIDRO_MS_2024_POCOS,vazao_espe,0.0,ZERO_REQUIRES_REVIEW,REVIEW,zero preservado e não assumido como medição válida,NONE
3500045234,SGB_HIDRO_MS_2024_POCOS,Cond_Eletr,0.0,ZERO_REQUIRES_REVIEW,REVIEW,zero preservado e não assumido como medição válida,NONE
3500045236,SGB_HIDRO_MS_2024_POCOS,profundida,0.0,ZERO_REQUIRES_REVIEW,REVIEW,zero preservado; provável ausência administrativa em parte dos registros,NONE
3500045236,SGB_HIDRO_MS_2024_POCOS,profundi_1,0.0,ZERO_REQUIRES_REVIEW,REVIEW,zero preservado; provável ausência administrativa em parte dos registros,NONE
3500045236,SGB_HIDRO_MS_2024_POCOS,vazao_espe,0.0,ZERO_REQUIRES_REVIEW,REVIEW,zero preservado e não assumido como medição válida,NONE
3500045236,SGB_HIDRO_MS_2024_POCOS,Cond_Eletr,0.0,ZERO_REQUIRES_REVIEW,REVIEW,zero preservado e não assumido como medição válida,NONE
3500045237,SGB_HIDRO_MS_2024_POCOS,profundida,0.0,ZERO_REQUIRES_REVIEW,REVIEW,zero preservado; provável ausência administrativa em parte dos registros,NONE
3500045237,SGB_HIDRO_MS_2024_POCOS,profundi_1,0.0,ZERO_REQUIRES_REVIEW,REVIEW,zero preservado; provável ausência administrativa em parte dos registros,NONE
3500045237,SGB_HIDRO_MS_2024_POCOS,vazao_espe,0.0,ZERO_REQUIRES_REVIEW,REVIEW,zero preservado e não assumido como medição válida,NONE
3500045237,SGB_HIDRO_MS_2024_POCOS,Cond_Eletr,0.0,ZERO_REQUIRES_REVIEW,REVIEW,zero preservado e não assumido como medição válida,NONE
3500045238,SGB_HIDRO_MS_2024_POCOS,profundida,0.0,ZERO_REQUIRES_REVIEW,REVIEW,zero preservado; provável ausência administrativa em parte dos registros,NONE
3500045238,SGB_HIDRO_MS_2024_POCOS,profundi_1,0.0,ZERO_REQUIRES_REVIEW,REVIEW,zero preservado; provável ausência administrativa em parte dos registros,NONE
3500045238,SGB_HIDRO_MS_2024_POCOS,vazao_espe,0.0,ZERO_REQUIRES_REVIEW,REVIEW,zero preservado e não assumido como medição válida,NONE
3500045238,SGB_HIDRO_MS_2024_POCOS,Cond_Eletr,0.0,ZERO_REQUIRES_REVIEW,REVIEW,zero preservado e não assumido como medição válida,NONE
3500045239,SGB_HIDRO_MS_2024_POCOS,profundida,0.0,ZERO_REQUIRES_REVIEW,REVIEW,zero preservado; provável ausência administrativa em parte dos registros,NONE
3500045239,SGB_HIDRO_MS_2024_POCOS,profundi_1,0.0,ZERO_REQUIRES_REVIEW,REVIEW,zero preservado; provável ausência administrativa em parte dos registros,NONE
3500045239,SGB_HIDRO_MS_2024_POCOS,vazao_espe,0.0,ZERO_REQUIRES_REVIEW,REVIEW,zero preservado e não assumido como medição válida,NONE
3500045239,SGB_HIDRO_MS_2024_POCOS,Cond_Eletr,0.0,ZERO_REQUIRES_REVIEW,REVIEW,zero preservado e não assumido como medição válida,NONE
3500045240,SGB_HIDRO_MS_2024_POCOS,profundida,0.0,ZERO_REQUIRES_REVIEW,REVIEW,zero preservado; provável ausência administrativa em parte dos registros,NONE
3500045240,SGB_HIDRO_MS_2024_POCOS,profundi_1,0.0,ZERO_REQUIRES_REVIEW,REVIEW,zero preservado; provável ausência administrativa em parte dos registros,NONE
3500045240,SGB_HIDRO_MS_2024_POCOS,vazao_espe,0.0,ZERO_REQUIRES_REVIEW,REVIEW,zero preservado e não assumido como medição válida,NONE
3500045240,SGB_HIDRO_MS_2024_POCOS,Cond_Eletr,0.0,ZERO_REQUIRES_REVIEW,REVIEW,zero preservado e não assumido como medição válida,NONE
3500045241,SGB_HIDRO_MS_2024_POCOS,profundida,0.0,ZERO_REQUIRES_REVIEW,REVIEW,zero preservado; provável ausência administrativa em parte dos registros,NONE
3500045241,SGB_HIDRO_MS_2024_POCOS,profundi_1,0.0,ZERO_REQUIRES_REVIEW,REVIEW,zero preservado; provável ausência administrativa em parte dos registros,NONE
3500045241,SGB_HIDRO_MS_2024_POCOS,vazao_espe,0.0,ZERO_REQUIRES_REVIEW,REVIEW,zero preservado e não assumido como medição válida,NONE
3500045241,SGB_HIDRO_MS_2024_POCOS,Cond_Eletr,0.0,ZERO_REQUIRES_REVIEW,REVIEW,zero preservado e não assumido como medição válida,NONE
3500045242,SGB_HIDRO_MS_2024_POCOS,profundida,0.0,ZERO_REQUIRES_REVIEW,REVIEW,zero preservado; provável ausência administrativa em parte dos registros,NONE
3500045242,SGB_HIDRO_MS_2024_POCOS,profundi_1,0.0,ZERO_REQUIRES_REVIEW,REVIEW,zero preservado; provável ausência administrativa em parte dos registros,NONE
3500045242,SGB_HIDRO_MS_2024_POCOS,vazao_espe,0.0,ZERO_REQUIRES_REVIEW,REVIEW,zero preservado e não assumido como medição válida,NONE
3500045242,SGB_HIDRO_MS_2024_POCOS,Cond_Eletr,0.0,ZERO_REQUIRES_REVIEW,REVIEW,zero preservado e não assumido como medição válida,NONE
3500045243,SGB_HIDRO_MS_2024_POCOS,profundida,0.0,ZERO_REQUIRES_REVIEW,REVIEW,zero preservado; provável ausência administrativa em parte dos registros,NONE
3500045243,SGB_HIDRO_MS_2024_POCOS,profundi_1,0.0,ZERO_REQUIRES_REVIEW,REVIEW,zero preservado; provável ausência administrativa em parte dos registros,NONE
3500045243,SGB_HIDRO_MS_2024_POCOS,vazao_espe,0.0,ZERO_REQUIRES_REVIEW,REVIEW,zero preservado e não assumido como medição válida,NONE
3500045243,SGB_HIDRO_MS_2024_POCOS,Cond_Eletr,0.0,ZERO_REQUIRES_REVIEW,REVIEW,zero preservado e não assumido como medição válida,NONE
3500045244,SGB_HIDRO_MS_2024_POCOS,profundida,0.0,ZERO_REQUIRES_REVIEW,REVIEW,zero preservado; provável ausência administrativa em parte dos registros,NONE
3500045244,SGB_HIDRO_MS_2024_POCOS,profundi_1,0.0,ZERO_REQUIRES_REVIEW,REVIEW,zero preservado; provável ausência administrativa em parte dos registros,NONE
3500045244,SGB_HIDRO_MS_2024_POCOS,vazao_espe,0.0,ZERO_REQUIRES_REVIEW,REVIEW,zero preservado e não assumido como medição válida,NONE
3500045244,SGB_HIDRO_MS_2024_POCOS,Cond_Eletr,0.0,ZERO_REQUIRES_REVIEW,REVIEW,zero preservado e não assumido como medição válida,NONE
3500045245,SGB_HIDRO_MS_2024_POCOS,profundida,0.0,ZERO_REQUIRES_REVIEW,REVIEW,zero preservado; provável ausência administrativa em parte dos registros,NONE
3500045245,SGB_HIDRO_MS_2024_POCOS,profundi_1,0.0,ZERO_REQUIRES_REVIEW,REVIEW,zero preservado; provável ausência administrativa em parte dos registros,NONE
3500045245,SGB_HIDRO_MS_2024_POCOS,vazao_espe,0.0,ZERO_REQUIRES_REVIEW,REVIEW,zero preservado e não assumido como medição válida,NONE
3500045245,SGB_HIDRO_MS_2024_POCOS,Cond_Eletr,0.0,ZERO_REQUIRES_REVIEW,REVIEW,zero preservado e não assumido como medição válida,NONE
3500045246,SGB_HIDRO_MS_2024_POCOS,profundida,0.0,ZERO_REQUIRES_REVIEW,REVIEW,zero preservado; provável ausência administrativa em parte dos registros,NONE
3500045246,SGB_HIDRO_MS_2024_POCOS,profundi_1,0.0,ZERO_REQUIRES_REVIEW,REVIEW,zero preservado; provável ausência administrativa em parte dos registros,NONE
3500045246,SGB_HIDRO_MS_2024_POCOS,vazao_espe,0.0,ZERO_REQUIRES_REVIEW,REVIEW,zero preservado e não assumido como medição válida,NONE
3500045246,SGB_HIDRO_MS_2024_POCOS,Cond_Eletr,0.0,ZERO_REQUIRES_REVIEW,REVIEW,zero preservado e não assumido como medição válida,NONE
3500045247,SGB_HIDRO_MS_2024_POCOS,profundida,0.0,ZERO_REQUIRES_REVIEW,REVIEW,zero preservado; provável ausência administrativa em parte dos registros,NONE
3500045247,SGB_HIDRO_MS_2024_POCOS,profundi_1,0.0,ZERO_REQUIRES_REVIEW,REVIEW,zero preservado; provável ausência administrativa em parte dos registros,NONE
3500045247,SGB_HIDRO_MS_2024_POCOS,vazao_espe,0.0,ZERO_REQUIRES_REVIEW,REVIEW,zero preservado e não assumido como medição válida,NONE
3500045247,SGB_HIDRO_MS_2024_POCOS,Cond_Eletr,0.0,ZERO_REQUIRES_REVIEW,REVIEW,zero preservado e não assumido como medição válida,NONE
3500045248,SGB_HIDRO_MS_2024_POCOS,profundida,0.0,ZERO_REQUIRES_REVIEW,REVIEW,zero preservado; provável ausência administrativa em parte dos registros,NONE
3500045248,SGB_HIDRO_MS_2024_POCOS,profundi_1,0.0,ZERO_REQUIRES_REVIEW,REVIEW,zero preservado; provável ausência administrativa em parte dos registros,NONE
3500045248,SGB_HIDRO_MS_2024_POCOS,vazao_espe,0.0,ZERO_REQUIRES_REVIEW,REVIEW,zero preservado e não assumido como medição válida,NONE
3500045248,SGB_HIDRO_MS_2024_POCOS,Cond_Eletr,0.0,ZERO_REQUIRES_REVIEW,REVIEW,zero preservado e não assumido como medição válida,NONE
3500045249,SGB_HIDRO_MS_2024_POCOS,profundida,0.0,ZERO_REQUIRES_REVIEW,REVIEW,zero preservado; provável ausência administrativa em parte dos registros,NONE
3500045249,SGB_HIDRO_MS_2024_POCOS,profundi_1,0.0,ZERO_REQUIRES_REVIEW,REVIEW,zero preservado; provável ausência administrativa em parte dos registros,NONE
3500045249,SGB_HIDRO_MS_2024_POCOS,vazao_espe,0.0,ZERO_REQUIRES_REVIEW,REVIEW,zero preservado e não assumido como medição válida,NONE
3500045249,SGB_HIDRO_MS_2024_POCOS,Cond_Eletr,0.0,ZERO_REQUIRES_REVIEW,REVIEW,zero preservado e não assumido como medição válida,NONE
3500045250,SGB_HIDRO_MS_2024_POCOS,profundida,0.0,ZERO_REQUIRES_REVIEW,REVIEW,zero preservado; provável ausência administrativa em parte dos registros,NONE
3500045250,SGB_HIDRO_MS_2024_POCOS,profundi_1,0.0,ZERO_REQUIRES_REVIEW,REVIEW,zero preservado; provável ausência administrativa em parte dos registros,NONE
3500045250,SGB_HIDRO_MS_2024_POCOS,vazao_espe,0.0,ZERO_REQUIRES_REVIEW,REVIEW,zero preservado e não assumido como medição válida,NONE
3500045250,SGB_HIDRO_MS_2024_POCOS,Cond_Eletr,0.0,ZERO_REQUIRES_REVIEW,REVIEW,zero preservado e não assumido como medição válida,NONE
3500045251,SGB_HIDRO_MS_2024_POCOS,profundida,0.0,ZERO_REQUIRES_REVIEW,REVIEW,zero preservado; provável ausência administrativa em parte dos registros,NONE
3500045251,SGB_HIDRO_MS_2024_POCOS,profundi_1,0.0,ZERO_REQUIRES_REVIEW,REVIEW,zero preservado; provável ausência administrativa em parte dos registros,NONE
3500045251,SGB_HIDRO_MS_2024_POCOS,vazao_espe,0.0,ZERO_REQUIRES_REVIEW,REVIEW,zero preservado e não assumido como medição válida,NONE
3500045251,SGB_HIDRO_MS_2024_POCOS,Cond_Eletr,0.0,ZERO_REQUIRES_REVIEW,REVIEW,zero preservado e não assumido como medição válida,NONE
3500045252,SGB_HIDRO_MS_2024_POCOS,Cond_Eletr,0.0,ZERO_REQUIRES_REVIEW,REVIEW,zero preservado e não assumido como medição válida,NONE
3500045253,SGB_HIDRO_MS_2024_POCOS,Cond_Eletr,0.0,ZERO_REQUIRES_REVIEW,REVIEW,zero preservado e não assumido como medição válida,NONE
3500045254,SGB_HIDRO_MS_2024_POCOS,profundida,0.0,ZERO_REQUIRES_REVIEW,REVIEW,zero preservado; provável ausência administrativa em parte dos registros,NONE
3500045254,SGB_HIDRO_MS_2024_POCOS,profundi_1,0.0,ZERO_REQUIRES_REVIEW,REVIEW,zero preservado; provável ausência administrativa em parte dos registros,NONE
3500045254,SGB_HIDRO_MS_2024_POCOS,vazao_espe,0.0,ZERO_REQUIRES_REVIEW,REVIEW,zero preservado e não assumido como medição válida,NONE
3500045254,SGB_HIDRO_MS_2024_POCOS,Cond_Eletr,0.0,ZERO_REQUIRES_REVIEW,REVIEW,zero preservado e não assumido como medição válida,NONE
3500045255,SGB_HIDRO_MS_2024_POCOS,profundida,0.0,ZERO_REQUIRES_REVIEW,REVIEW,zero preservado; provável ausência administrativa em parte dos registros,NONE
3500045255,SGB_HIDRO_MS_2024_POCOS,profundi_1,0.0,ZERO_REQUIRES_REVIEW,REVIEW,zero preservado; provável ausência administrativa em parte dos registros,NONE
3500045255,SGB_HIDRO_MS_2024_POCOS,vazao_espe,0.0,ZERO_REQUIRES_REVIEW,REVIEW,zero preservado e não assumido como medição válida,NONE
3500045255,SGB_HIDRO_MS_2024_POCOS,Cond_Eletr,0.0,ZERO_REQUIRES_REVIEW,REVIEW,zero preservado e não assumido como medição válida,NONE
3500045256,SGB_HIDRO_MS_2024_POCOS,profundida,0.0,ZERO_REQUIRES_REVIEW,REVIEW,zero preservado; provável ausência administrativa em parte dos registros,NONE
3500045256,SGB_HIDRO_MS_2024_POCOS,profundi_1,0.0,ZERO_REQUIRES_REVIEW,REVIEW,zero preservado; provável ausência administrativa em parte dos registros,NONE
3500045256,SGB_HIDRO_MS_2024_POCOS,vazao_espe,0.0,ZERO_REQUIRES_REVIEW,REVIEW,zero preservado e não assumido como medição válida,NONE
3500045256,SGB_HIDRO_MS_2024_POCOS,Cond_Eletr,0.0,ZERO_REQUIRES_REVIEW,REVIEW,zero preservado e não assumido como medição válida,NONE
3500045257,SGB_HIDRO_MS_2024_POCOS,profundida,0.0,ZERO_REQUIRES_REVIEW,REVIEW,zero preservado; provável ausência administrativa em parte dos registros,NONE
3500045257,SGB_HIDRO_MS_2024_POCOS,profundi_1,0.0,ZERO_REQUIRES_REVIEW,REVIEW,zero preservado; provável ausência administrativa em parte dos registros,NONE
3500045257,SGB_HIDRO_MS_2024_POCOS,vazao_espe,0.0,ZERO_REQUIRES_REVIEW,REVIEW,zero preservado e não assumido como medição válida,NONE
3500045257,SGB_HIDRO_MS_2024_POCOS,Cond_Eletr,0.0,ZERO_REQUIRES_REVIEW,REVIEW,zero preservado e não assumido como medição válida,NONE
3500045258,SGB_HIDRO_MS_2024_POCOS,profundida,0.0,ZERO_REQUIRES_REVIEW,REVIEW,zero preservado; provável ausência administrativa em parte dos registros,NONE
3500045258,SGB_HIDRO_MS_2024_POCOS,profundi_1,0.0,ZERO_REQUIRES_REVIEW,REVIEW,zero preservado; provável ausência administrativa em parte dos registros,NONE
3500045258,SGB_HIDRO_MS_2024_POCOS,vazao_espe,0.0,ZERO_REQUIRES_REVIEW,REVIEW,zero preservado e não assumido como medição válida,NONE
3500045258,SGB_HIDRO_MS_2024_POCOS,Cond_Eletr,0.0,ZERO_REQUIRES_REVIEW,REVIEW,zero preservado e não assumido como medição válida,NONE
3500045259,SGB_HIDRO_MS_2024_POCOS,profundida,0.0,ZERO_REQUIRES_REVIEW,REVIEW,zero preservado; provável ausência administrativa em parte dos registros,NONE
3500045259,SGB_HIDRO_MS_2024_POCOS,profundi_1,0.0,ZERO_REQUIRES_REVIEW,REVIEW,zero preservado; provável ausência administrativa em parte dos registros,NONE
3500045259,SGB_HIDRO_MS_2024_POCOS,vazao_espe,0.0,ZERO_REQUIRES_REVIEW,REVIEW,zero preservado e não assumido como medição válida,NONE
3500045259,SGB_HIDRO_MS_2024_POCOS,Cond_Eletr,0.0,ZERO_REQUIRES_REVIEW,REVIEW,zero preservado e não assumido como medição válida,NONE
3500045260,SGB_HIDRO_MS_2024_POCOS,profundida,0.0,ZERO_REQUIRES_REVIEW,REVIEW,zero preservado; provável ausência administrativa em parte dos registros,NONE
3500045260,SGB_HIDRO_MS_2024_POCOS,profundi_1,0.0,ZERO_REQUIRES_REVIEW,REVIEW,zero preservado; provável ausência administrativa em parte dos registros,NONE
3500045260,SGB_HIDRO_MS_2024_POCOS,vazao_espe,0.0,ZERO_REQUIRES_REVIEW,REVIEW,zero preservado e não assumido como medição válida,NONE
3500045260,SGB_HIDRO_MS_2024_POCOS,Cond_Eletr,0.0,ZERO_REQUIRES_REVIEW,REVIEW,zero preservado e não assumido como medição válida,NONE
3500045261,SGB_HIDRO_MS_2024_POCOS,profundida,0.0,ZERO_REQUIRES_REVIEW,REVIEW,zero preservado; provável ausência administrativa em parte dos registros,NONE
3500045261,SGB_HIDRO_MS_2024_POCOS,profundi_1,0.0,ZERO_REQUIRES_REVIEW,REVIEW,zero preservado; provável ausência administrativa em parte dos registros,NONE
3500045261,SGB_HIDRO_MS_2024_POCOS,vazao_espe,0.0,ZERO_REQUIRES_REVIEW,REVIEW,zero preservado e não assumido como medição válida,NONE
3500045261,SGB_HIDRO_MS_2024_POCOS,Cond_Eletr,0.0,ZERO_REQUIRES_REVIEW,REVIEW,zero preservado e não assumido como medição válida,NONE
3500045262,SGB_HIDRO_MS_2024_POCOS,profundida,0.0,ZERO_REQUIRES_REVIEW,REVIEW,zero preservado; provável ausência administrativa em parte dos registros,NONE
3500045262,SGB_HIDRO_MS_2024_POCOS,profundi_1,0.0,ZERO_REQUIRES_REVIEW,REVIEW,zero preservado; provável ausência administrativa em parte dos registros,NONE
3500045262,SGB_HIDRO_MS_2024_POCOS,vazao_espe,0.0,ZERO_REQUIRES_REVIEW,REVIEW,zero preservado e não assumido como medição válida,NONE
3500045262,SGB_HIDRO_MS_2024_POCOS,Cond_Eletr,0.0,ZERO_REQUIRES_REVIEW,REVIEW,zero preservado e não assumido como medição válida,NONE
3500045263,SGB_HIDRO_MS_2024_POCOS,profundida,0.0,ZERO_REQUIRES_REVIEW,REVIEW,zero preservado; provável ausência administrativa em parte dos registros,NONE
3500045263,SGB_HIDRO_MS_2024_POCOS,vazao_espe,0.0,ZERO_REQUIRES_REVIEW,REVIEW,zero preservado e não assumido como medição válida,NONE
3500045263,SGB_HIDRO_MS_2024_POCOS,Cond_Eletr,0.0,ZERO_REQUIRES_REVIEW,REVIEW,zero preservado e não assumido como medição válida,NONE
3500045264,SGB_HIDRO_MS_2024_POCOS,profundida,0.0,ZERO_REQUIRES_REVIEW,REVIEW,zero preservado; provável ausência administrativa em parte dos registros,NONE
3500045264,SGB_HIDRO_MS_2024_POCOS,profundi_1,0.0,ZERO_REQUIRES_REVIEW,REVIEW,zero preservado; provável ausência administrativa em parte dos registros,NONE
3500045264,SGB_HIDRO_MS_2024_POCOS,vazao_espe,0.0,ZERO_REQUIRES_REVIEW,REVIEW,zero preservado e não assumido como medição válida,NONE
3500045264,SGB_HIDRO_MS_2024_POCOS,Cond_Eletr,0.0,ZERO_REQUIRES_REVIEW,REVIEW,zero preservado e não assumido como medição válida,NONE
3500045265,SGB_HIDRO_MS_2024_POCOS,profundida,0.0,ZERO_REQUIRES_REVIEW,REVIEW,zero preservado; provável ausência administrativa em parte dos registros,NONE
3500045265,SGB_HIDRO_MS_2024_POCOS,profundi_1,0.0,ZERO_REQUIRES_REVIEW,REVIEW,zero preservado; provável ausência administrativa em parte dos registros,NONE
3500045265,SGB_HIDRO_MS_2024_POCOS,vazao_espe,0.0,ZERO_REQUIRES_REVIEW,REVIEW,zero preservado e não assumido como medição válida,NONE
3500045265,SGB_HIDRO_MS_2024_POCOS,Cond_Eletr,0.0,ZERO_REQUIRES_REVIEW,REVIEW,zero preservado e não assumido como medição válida,NONE
3500045266,SGB_HIDRO_MS_2024_POCOS,profundida,0.0,ZERO_REQUIRES_REVIEW,REVIEW,zero preservado; provável ausência administrativa em parte dos registros,NONE
3500045266,SGB_HIDRO_MS_2024_POCOS,profundi_1,0.0,ZERO_REQUIRES_REVIEW,REVIEW,zero preservado; provável ausência administrativa em parte dos registros,NONE
3500045266,SGB_HIDRO_MS_2024_POCOS,vazao_espe,0.0,ZERO_REQUIRES_REVIEW,REVIEW,zero preservado e não assumido como medição válida,NONE
3500045266,SGB_HIDRO_MS_2024_POCOS,Cond_Eletr,0.0,ZERO_REQUIRES_REVIEW,REVIEW,zero preservado e não assumido como medição válida,NONE
3500045267,SGB_HIDRO_MS_2024_POCOS,profundida,0.0,ZERO_REQUIRES_REVIEW,REVIEW,zero preservado; provável ausência administrativa em parte dos registros,NONE
3500045267,SGB_HIDRO_MS_2024_POCOS,profundi_1,0.0,ZERO_REQUIRES_REVIEW,REVIEW,zero preservado; provável ausência administrativa em parte dos registros,NONE
3500045267,SGB_HIDRO_MS_2024_POCOS,vazao_espe,0.0,ZERO_REQUIRES_REVIEW,REVIEW,zero preservado e não assumido como medição válida,NONE
3500045267,SGB_HIDRO_MS_2024_POCOS,Cond_Eletr,0.0,ZERO_REQUIRES_REVIEW,REVIEW,zero preservado e não assumido como medição válida,NONE
3500045268,SGB_HIDRO_MS_2024_POCOS,profundida,0.0,ZERO_REQUIRES_REVIEW,REVIEW,zero preservado; provável ausência administrativa em parte dos registros,NONE
3500045268,SGB_HIDRO_MS_2024_POCOS,profundi_1,0.0,ZERO_REQUIRES_REVIEW,REVIEW,zero preservado; provável ausência administrativa em parte dos registros,NONE
3500045268,SGB_HIDRO_MS_2024_POCOS,vazao_espe,0.0,ZERO_REQUIRES_REVIEW,REVIEW,zero preservado e não assumido como medição válida,NONE
3500045268,SGB_HIDRO_MS_2024_POCOS,Cond_Eletr,0.0,ZERO_REQUIRES_REVIEW,REVIEW,zero preservado e não assumido como medição válida,NONE
3500045269,SGB_HIDRO_MS_2024_POCOS,profundida,0.0,ZERO_REQUIRES_REVIEW,REVIEW,zero preservado; provável ausência administrativa em parte dos registros,NONE
3500045269,SGB_HIDRO_MS_2024_POCOS,profundi_1,0.0,ZERO_REQUIRES_REVIEW,REVIEW,zero preservado; provável ausência administrativa em parte dos registros,NONE
3500045269,SGB_HIDRO_MS_2024_POCOS,vazao_espe,0.0,ZERO_REQUIRES_REVIEW,REVIEW,zero preservado e não assumido como medição válida,NONE
3500045269,SGB_HIDRO_MS_2024_POCOS,Cond_Eletr,0.0,ZERO_REQUIRES_REVIEW,REVIEW,zero preservado e não assumido como medição válida,NONE
3500045270,SGB_HIDRO_MS_2024_POCOS,profundida,0.0,ZERO_REQUIRES_REVIEW,REVIEW,zero preservado; provável ausência administrativa em parte dos registros,NONE
3500045270,SGB_HIDRO_MS_2024_POCOS,profundi_1,0.0,ZERO_REQUIRES_REVIEW,REVIEW,zero preservado; provável ausência administrativa em parte dos registros,NONE
3500045270,SGB_HIDRO_MS_2024_POCOS,vazao_espe,0.0,ZERO_REQUIRES_REVIEW,REVIEW,zero preservado e não assumido como medição válida,NONE
3500045270,SGB_HIDRO_MS_2024_POCOS,Cond_Eletr,0.0,ZERO_REQUIRES_REVIEW,REVIEW,zero preservado e não assumido como medição válida,NONE
3500045271,SGB_HIDRO_MS_2024_POCOS,profundida,0.0,ZERO_REQUIRES_REVIEW,REVIEW,zero preservado; provável ausência administrativa em parte dos registros,NONE
3500045271,SGB_HIDRO_MS_2024_POCOS,profundi_1,0.0,ZERO_REQUIRES_REVIEW,REVIEW,zero preservado; provável ausência administrativa em parte dos registros,NONE
3500045271,SGB_HIDRO_MS_2024_POCOS,vazao_espe,0.0,ZERO_REQUIRES_REVIEW,REVIEW,zero preservado e não assumido como medição válida,NONE
3500045271,SGB_HIDRO_MS_2024_POCOS,Cond_Eletr,0.0,ZERO_REQUIRES_REVIEW,REVIEW,zero preservado e não assumido como medição válida,NONE
3500045272,SGB_HIDRO_MS_2024_POCOS,profundida,0.0,ZERO_REQUIRES_REVIEW,REVIEW,zero preservado; provável ausência administrativa em parte dos registros,NONE
3500045272,SGB_HIDRO_MS_2024_POCOS,Cond_Eletr,0.0,ZERO_REQUIRES_REVIEW,REVIEW,zero preservado e não assumido como medição válida,NONE
3500045273,SGB_HIDRO_MS_2024_POCOS,profundida,0.0,ZERO_REQUIRES_REVIEW,REVIEW,zero preservado; provável ausência administrativa em parte dos registros,NONE
3500045273,SGB_HIDRO_MS_2024_POCOS,profundi_1,0.0,ZERO_REQUIRES_REVIEW,REVIEW,zero preservado; provável ausência administrativa em parte dos registros,NONE
3500045273,SGB_HIDRO_MS_2024_POCOS,vazao_espe,0.0,ZERO_REQUIRES_REVIEW,REVIEW,zero preservado e não assumido como medição válida,NONE
3500045273,SGB_HIDRO_MS_2024_POCOS,Cond_Eletr,0.0,ZERO_REQUIRES_REVIEW,REVIEW,zero preservado e não assumido como medição válida,NONE
3500045274,SGB_HIDRO_MS_2024_POCOS,profundida,0.0,ZERO_REQUIRES_REVIEW,REVIEW,zero preservado; provável ausência administrativa em parte dos registros,NONE
3500045274,SGB_HIDRO_MS_2024_POCOS,profundi_1,0.0,ZERO_REQUIRES_REVIEW,REVIEW,zero preservado; provável ausência administrativa em parte dos registros,NONE
3500045274,SGB_HIDRO_MS_2024_POCOS,vazao_espe,0.0,ZERO_REQUIRES_REVIEW,REVIEW,zero preservado e não assumido como medição válida,NONE
3500045274,SGB_HIDRO_MS_2024_POCOS,Cond_Eletr,0.0,ZERO_REQUIRES_REVIEW,REVIEW,zero preservado e não assumido como medição válida,NONE
3500045275,SGB_HIDRO_MS_2024_POCOS,profundida,0.0,ZERO_REQUIRES_REVIEW,REVIEW,zero preservado; provável ausência administrativa em parte dos registros,NONE
3500045275,SGB_HIDRO_MS_2024_POCOS,profundi_1,0.0,ZERO_REQUIRES_REVIEW,REVIEW,zero preservado; provável ausência administrativa em parte dos registros,NONE
3500045275,SGB_HIDRO_MS_2024_POCOS,vazao_espe,0.0,ZERO_REQUIRES_REVIEW,REVIEW,zero preservado e não assumido como medição válida,NONE
3500045275,SGB_HIDRO_MS_2024_POCOS,Cond_Eletr,0.0,ZERO_REQUIRES_REVIEW,REVIEW,zero preservado e não assumido como medição válida,NONE
3500045276,SGB_HIDRO_MS_2024_POCOS,profundida,0.0,ZERO_REQUIRES_REVIEW,REVIEW,zero preservado; provável ausência administrativa em parte dos registros,NONE
3500045276,SGB_HIDRO_MS_2024_POCOS,profundi_1,0.0,ZERO_REQUIRES_REVIEW,REVIEW,zero preservado; provável ausência administrativa em parte dos registros,NONE
3500045276,SGB_HIDRO_MS_2024_POCOS,vazao_espe,0.0,ZERO_REQUIRES_REVIEW,REVIEW,zero preservado e não assumido como medição válida,NONE
3500045276,SGB_HIDRO_MS_2024_POCOS,Cond_Eletr,0.0,ZERO_REQUIRES_REVIEW,REVIEW,zero preservado e não assumido como medição válida,NONE
3500045277,SGB_HIDRO_MS_2024_POCOS,profundida,0.0,ZERO_REQUIRES_REVIEW,REVIEW,zero preservado; provável ausência administrativa em parte dos registros,NONE
3500045277,SGB_HIDRO_MS_2024_POCOS,profundi_1,0.0,ZERO_REQUIRES_REVIEW,REVIEW,zero preservado; provável ausência administrativa em parte dos registros,NONE
3500045277,SGB_HIDRO_MS_2024_POCOS,vazao_espe,0.0,ZERO_REQUIRES_REVIEW,REVIEW,zero preservado e não assumido como medição válida,NONE
3500045277,SGB_HIDRO_MS_2024_POCOS,Cond_Eletr,0.0,ZERO_REQUIRES_REVIEW,REVIEW,zero preservado e não assumido como medição válida,NONE
3500045278,SGB_HIDRO_MS_2024_POCOS,profundida,0.0,ZERO_REQUIRES_REVIEW,REVIEW,zero preservado; provável ausência administrativa em parte dos registros,NONE
3500045278,SGB_HIDRO_MS_2024_POCOS,profundi_1,0.0,ZERO_REQUIRES_REVIEW,REVIEW,zero preservado; provável ausência administrativa em parte dos registros,NONE
3500045278,SGB_HIDRO_MS_2024_POCOS,vazao_espe,0.0,ZERO_REQUIRES_REVIEW,REVIEW,zero preservado e não assumido como medição válida,NONE
3500045278,SGB_HIDRO_MS_2024_POCOS,Cond_Eletr,0.0,ZERO_REQUIRES_REVIEW,REVIEW,zero preservado e não assumido como medição válida,NONE
3500045279,SGB_HIDRO_MS_2024_POCOS,profundida,0.0,ZERO_REQUIRES_REVIEW,REVIEW,zero preservado; provável ausência administrativa em parte dos registros,NONE
3500045279,SGB_HIDRO_MS_2024_POCOS,profundi_1,0.0,ZERO_REQUIRES_REVIEW,REVIEW,zero preservado; provável ausência administrativa em parte dos registros,NONE
3500045279,SGB_HIDRO_MS_2024_POCOS,vazao_espe,0.0,ZERO_REQUIRES_REVIEW,REVIEW,zero preservado e não assumido como medição válida,NONE
3500045279,SGB_HIDRO_MS_2024_POCOS,Cond_Eletr,0.0,ZERO_REQUIRES_REVIEW,REVIEW,zero preservado e não assumido como medição válida,NONE
3500045280,SGB_HIDRO_MS_2024_POCOS,profundida,0.0,ZERO_REQUIRES_REVIEW,REVIEW,zero preservado; provável ausência administrativa em parte dos registros,NONE
3500045280,SGB_HIDRO_MS_2024_POCOS,profundi_1,0.0,ZERO_REQUIRES_REVIEW,REVIEW,zero preservado; provável ausência administrativa em parte dos registros,NONE
3500045280,SGB_HIDRO_MS_2024_POCOS,vazao_espe,0.0,ZERO_REQUIRES_REVIEW,REVIEW,zero preservado e não assumido como medição válida,NONE
3500045280,SGB_HIDRO_MS_2024_POCOS,Cond_Eletr,0.0,ZERO_REQUIRES_REVIEW,REVIEW,zero preservado e não assumido como medição válida,NONE
3500045281,SGB_HIDRO_MS_2024_POCOS,profundida,0.0,ZERO_REQUIRES_REVIEW,REVIEW,zero preservado; provável ausência administrativa em parte dos registros,NONE
3500045281,SGB_HIDRO_MS_2024_POCOS,profundi_1,0.0,ZERO_REQUIRES_REVIEW,REVIEW,zero preservado; provável ausência administrativa em parte dos registros,NONE
3500045281,SGB_HIDRO_MS_2024_POCOS,vazao_espe,0.0,ZERO_REQUIRES_REVIEW,REVIEW,zero preservado e não assumido como medição válida,NONE
3500045281,SGB_HIDRO_MS_2024_POCOS,Cond_Eletr,0.0,ZERO_REQUIRES_REVIEW,REVIEW,zero preservado e não assumido como medição válida,NONE
3500045282,SGB_HIDRO_MS_2024_POCOS,profundida,0.0,ZERO_REQUIRES_REVIEW,REVIEW,zero preservado; provável ausência administrativa em parte dos registros,NONE
3500045282,SGB_HIDRO_MS_2024_POCOS,profundi_1,0.0,ZERO_REQUIRES_REVIEW,REVIEW,zero preservado; provável ausência administrativa em parte dos registros,NONE
3500045282,SGB_HIDRO_MS_2024_POCOS,vazao_espe,0.0,ZERO_REQUIRES_REVIEW,REVIEW,zero preservado e não assumido como medição válida,NONE
3500045282,SGB_HIDRO_MS_2024_POCOS,Cond_Eletr,0.0,ZERO_REQUIRES_REVIEW,REVIEW,zero preservado e não assumido como medição válida,NONE
3500045283,SGB_HIDRO_MS_2024_POCOS,profundida,0.0,ZERO_REQUIRES_REVIEW,REVIEW,zero preservado; provável ausência administrativa em parte dos registros,NONE
3500045283,SGB_HIDRO_MS_2024_POCOS,profundi_1,0.0,ZERO_REQUIRES_REVIEW,REVIEW,zero preservado; provável ausência administrativa em parte dos registros,NONE
3500045283,SGB_HIDRO_MS_2024_POCOS,vazao_espe,0.0,ZERO_REQUIRES_REVIEW,REVIEW,zero preservado e não assumido como medição válida,NONE
3500045283,SGB_HIDRO_MS_2024_POCOS,Cond_Eletr,0.0,ZERO_REQUIRES_REVIEW,REVIEW,zero preservado e não assumido como medição válida,NONE
3500045284,SGB_HIDRO_MS_2024_POCOS,profundida,0.0,ZERO_REQUIRES_REVIEW,REVIEW,zero preservado; provável ausência administrativa em parte dos registros,NONE
3500045284,SGB_HIDRO_MS_2024_POCOS,profundi_1,0.0,ZERO_REQUIRES_REVIEW,REVIEW,zero preservado; provável ausência administrativa em parte dos registros,NONE
3500045284,SGB_HIDRO_MS_2024_POCOS,vazao_espe,0.0,ZERO_REQUIRES_REVIEW,REVIEW,zero preservado e não assumido como medição válida,NONE
3500045284,SGB_HIDRO_MS_2024_POCOS,Cond_Eletr,0.0,ZERO_REQUIRES_REVIEW,REVIEW,zero preservado e não assumido como medição válida,NONE
3500045285,SGB_HIDRO_MS_2024_POCOS,profundida,0.0,ZERO_REQUIRES_REVIEW,REVIEW,zero preservado; provável ausência administrativa em parte dos registros,NONE
3500045285,SGB_HIDRO_MS_2024_POCOS,profundi_1,0.0,ZERO_REQUIRES_REVIEW,REVIEW,zero preservado; provável ausência administrativa em parte dos registros,NONE
3500045285,SGB_HIDRO_MS_2024_POCOS,vazao_espe,0.0,ZERO_REQUIRES_REVIEW,REVIEW,zero preservado e não assumido como medição válida,NONE
3500045285,SGB_HIDRO_MS_2024_POCOS,Cond_Eletr,0.0,ZERO_REQUIRES_REVIEW,REVIEW,zero preservado e não assumido como medição válida,NONE
3500045286,SGB_HIDRO_MS_2024_POCOS,profundida,0.0,ZERO_REQUIRES_REVIEW,REVIEW,zero preservado; provável ausência administrativa em parte dos registros,NONE
3500045286,SGB_HIDRO_MS_2024_POCOS,profundi_1,0.0,ZERO_REQUIRES_REVIEW,REVIEW,zero preservado; provável ausência administrativa em parte dos registros,NONE
3500045286,SGB_HIDRO_MS_2024_POCOS,vazao_espe,0.0,ZERO_REQUIRES_REVIEW,REVIEW,zero preservado e não assumido como medição válida,NONE
3500045286,SGB_HIDRO_MS_2024_POCOS,Cond_Eletr,0.0,ZERO_REQUIRES_REVIEW,REVIEW,zero preservado e não assumido como medição válida,NONE
3500045287,SGB_HIDRO_MS_2024_POCOS,profundida,0.0,ZERO_REQUIRES_REVIEW,REVIEW,zero preservado; provável ausência administrativa em parte dos registros,NONE
3500045287,SGB_HIDRO_MS_2024_POCOS,Cond_Eletr,0.0,ZERO_REQUIRES_REVIEW,REVIEW,zero preservado e não assumido como medição válida,NONE
3500045288,SGB_HIDRO_MS_2024_POCOS,profundida,0.0,ZERO_REQUIRES_REVIEW,REVIEW,zero preservado; provável ausência administrativa em parte dos registros,NONE
3500045288,SGB_HIDRO_MS_2024_POCOS,profundi_1,0.0,ZERO_REQUIRES_REVIEW,REVIEW,zero preservado; provável ausência administrativa em parte dos registros,NONE
3500045288,SGB_HIDRO_MS_2024_POCOS,vazao_espe,0.0,ZERO_REQUIRES_REVIEW,REVIEW,zero preservado e não assumido como medição válida,NONE
3500045288,SGB_HIDRO_MS_2024_POCOS,Cond_Eletr,0.0,ZERO_REQUIRES_REVIEW,REVIEW,zero preservado e não assumido como medição válida,NONE
3500045289,SGB_HIDRO_MS_2024_POCOS,profundida,0.0,ZERO_REQUIRES_REVIEW,REVIEW,zero preservado; provável ausência administrativa em parte dos registros,NONE
3500045289,SGB_HIDRO_MS_2024_POCOS,profundi_1,0.0,ZERO_REQUIRES_REVIEW,REVIEW,zero preservado; provável ausência administrativa em parte dos registros,NONE
3500045289,SGB_HIDRO_MS_2024_POCOS,vazao_espe,0.0,ZERO_REQUIRES_REVIEW,REVIEW,zero preservado e não assumido como medição válida,NONE
3500045289,SGB_HIDRO_MS_2024_POCOS,Cond_Eletr,0.0,ZERO_REQUIRES_REVIEW,REVIEW,zero preservado e não assumido como medição válida,NONE
3500045290,SGB_HIDRO_MS_2024_POCOS,profundida,0.0,ZERO_REQUIRES_REVIEW,REVIEW,zero preservado; provável ausência administrativa em parte dos registros,NONE
3500045290,SGB_HIDRO_MS_2024_POCOS,profundi_1,0.0,ZERO_REQUIRES_REVIEW,REVIEW,zero preservado; provável ausência administrativa em parte dos registros,NONE
3500045290,SGB_HIDRO_MS_2024_POCOS,vazao_espe,0.0,ZERO_REQUIRES_REVIEW,REVIEW,zero preservado e não assumido como medição válida,NONE
3500045290,SGB_HIDRO_MS_2024_POCOS,Cond_Eletr,0.0,ZERO_REQUIRES_REVIEW,REVIEW,zero preservado e não assumido como medição válida,NONE
3500045291,SGB_HIDRO_MS_2024_POCOS,profundida,0.0,ZERO_REQUIRES_REVIEW,REVIEW,zero preservado; provável ausência administrativa em parte dos registros,NONE
3500045291,SGB_HIDRO_MS_2024_POCOS,profundi_1,0.0,ZERO_REQUIRES_REVIEW,REVIEW,zero preservado; provável ausência administrativa em parte dos registros,NONE
3500045291,SGB_HIDRO_MS_2024_POCOS,vazao_espe,0.0,ZERO_REQUIRES_REVIEW,REVIEW,zero preservado e não assumido como medição válida,NONE
3500045291,SGB_HIDRO_MS_2024_POCOS,Cond_Eletr,0.0,ZERO_REQUIRES_REVIEW,REVIEW,zero preservado e não assumido como medição válida,NONE
3500045292,SGB_HIDRO_MS_2024_POCOS,profundida,0.0,ZERO_REQUIRES_REVIEW,REVIEW,zero preservado; provável ausência administrativa em parte dos registros,NONE
3500045292,SGB_HIDRO_MS_2024_POCOS,profundi_1,0.0,ZERO_REQUIRES_REVIEW,REVIEW,zero preservado; provável ausência administrativa em parte dos registros,NONE
3500045292,SGB_HIDRO_MS_2024_POCOS,vazao_espe,0.0,ZERO_REQUIRES_REVIEW,REVIEW,zero preservado e não assumido como medição válida,NONE
3500045292,SGB_HIDRO_MS_2024_POCOS,Cond_Eletr,0.0,ZERO_REQUIRES_REVIEW,REVIEW,zero preservado e não assumido como medição válida,NONE
3500045293,SGB_HIDRO_MS_2024_POCOS,profundida,0.0,ZERO_REQUIRES_REVIEW,REVIEW,zero preservado; provável ausência administrativa em parte dos registros,NONE
3500045293,SGB_HIDRO_MS_2024_POCOS,profundi_1,0.0,ZERO_REQUIRES_REVIEW,REVIEW,zero preservado; provável ausência administrativa em parte dos registros,NONE
3500045293,SGB_HIDRO_MS_2024_POCOS,vazao_espe,0.0,ZERO_REQUIRES_REVIEW,REVIEW,zero preservado e não assumido como medição válida,NONE
3500045293,SGB_HIDRO_MS_2024_POCOS,Cond_Eletr,0.0,ZERO_REQUIRES_REVIEW,REVIEW,zero preservado e não assumido como medição válida,NONE
3500045294,SGB_HIDRO_MS_2024_POCOS,profundida,0.0,ZERO_REQUIRES_REVIEW,REVIEW,zero preservado; provável ausência administrativa em parte dos registros,NONE
3500045294,SGB_HIDRO_MS_2024_POCOS,profundi_1,0.0,ZERO_REQUIRES_REVIEW,REVIEW,zero preservado; provável ausência administrativa em parte dos registros,NONE
3500045294,SGB_HIDRO_MS_2024_POCOS,vazao_espe,0.0,ZERO_REQUIRES_REVIEW,REVIEW,zero preservado e não assumido como medição válida,NONE
3500045294,SGB_HIDRO_MS_2024_POCOS,Cond_Eletr,0.0,ZERO_REQUIRES_REVIEW,REVIEW,zero preservado e não assumido como medição válida,NONE
3500045295,SGB_HIDRO_MS_2024_POCOS,profundida,0.0,ZERO_REQUIRES_REVIEW,REVIEW,zero preservado; provável ausência administrativa em parte dos registros,NONE
3500045295,SGB_HIDRO_MS_2024_POCOS,profundi_1,0.0,ZERO_REQUIRES_REVIEW,REVIEW,zero preservado; provável ausência administrativa em parte dos registros,NONE
3500045295,SGB_HIDRO_MS_2024_POCOS,vazao_espe,0.0,ZERO_REQUIRES_REVIEW,REVIEW,zero preservado e não assumido como medição válida,NONE
3500045295,SGB_HIDRO_MS_2024_POCOS,Cond_Eletr,0.0,ZERO_REQUIRES_REVIEW,REVIEW,zero preservado e não assumido como medição válida,NONE
3500045296,SGB_HIDRO_MS_2024_POCOS,profundida,0.0,ZERO_REQUIRES_REVIEW,REVIEW,zero preservado; provável ausência administrativa em parte dos registros,NONE
3500045296,SGB_HIDRO_MS_2024_POCOS,profundi_1,0.0,ZERO_REQUIRES_REVIEW,REVIEW,zero preservado; provável ausência administrativa em parte dos registros,NONE
3500045296,SGB_HIDRO_MS_2024_POCOS,vazao_espe,0.0,ZERO_REQUIRES_REVIEW,REVIEW,zero preservado e não assumido como medição válida,NONE
3500045296,SGB_HIDRO_MS_2024_POCOS,Cond_Eletr,0.0,ZERO_REQUIRES_REVIEW,REVIEW,zero preservado e não assumido como medição válida,NONE
3500045297,SGB_HIDRO_MS_2024_POCOS,profundida,0.0,ZERO_REQUIRES_REVIEW,REVIEW,zero preservado; provável ausência administrativa em parte dos registros,NONE
3500045297,SGB_HIDRO_MS_2024_POCOS,profundi_1,0.0,ZERO_REQUIRES_REVIEW,REVIEW,zero preservado; provável ausência administrativa em parte dos registros,NONE
3500045297,SGB_HIDRO_MS_2024_POCOS,vazao_espe,0.0,ZERO_REQUIRES_REVIEW,REVIEW,zero preservado e não assumido como medição válida,NONE
3500045297,SGB_HIDRO_MS_2024_POCOS,Cond_Eletr,0.0,ZERO_REQUIRES_REVIEW,REVIEW,zero preservado e não assumido como medição válida,NONE
3500045298,SGB_HIDRO_MS_2024_POCOS,profundida,0.0,ZERO_REQUIRES_REVIEW,REVIEW,zero preservado; provável ausência administrativa em parte dos registros,NONE
3500045298,SGB_HIDRO_MS_2024_POCOS,profundi_1,0.0,ZERO_REQUIRES_REVIEW,REVIEW,zero preservado; provável ausência administrativa em parte dos registros,NONE
3500045298,SGB_HIDRO_MS_2024_POCOS,vazao_espe,0.0,ZERO_REQUIRES_REVIEW,REVIEW,zero preservado e não assumido como medição válida,NONE
3500045298,SGB_HIDRO_MS_2024_POCOS,Cond_Eletr,0.0,ZERO_REQUIRES_REVIEW,REVIEW,zero preservado e não assumido como medição válida,NONE
3500045299,SGB_HIDRO_MS_2024_POCOS,profundida,0.0,ZERO_REQUIRES_REVIEW,REVIEW,zero preservado; provável ausência administrativa em parte dos registros,NONE
3500045299,SGB_HIDRO_MS_2024_POCOS,profundi_1,0.0,ZERO_REQUIRES_REVIEW,REVIEW,zero preservado; provável ausência administrativa em parte dos registros,NONE
3500045299,SGB_HIDRO_MS_2024_POCOS,vazao_espe,0.0,ZERO_REQUIRES_REVIEW,REVIEW,zero preservado e não assumido como medição válida,NONE
3500045299,SGB_HIDRO_MS_2024_POCOS,Cond_Eletr,0.0,ZERO_REQUIRES_REVIEW,REVIEW,zero preservado e não assumido como medição válida,NONE
3500045300,SGB_HIDRO_MS_2024_POCOS,profundida,0.0,ZERO_REQUIRES_REVIEW,REVIEW,zero preservado; provável ausência administrativa em parte dos registros,NONE
3500045300,SGB_HIDRO_MS_2024_POCOS,profundi_1,0.0,ZERO_REQUIRES_REVIEW,REVIEW,zero preservado; provável ausência administrativa em parte dos registros,NONE
3500045300,SGB_HIDRO_MS_2024_POCOS,vazao_espe,0.0,ZERO_REQUIRES_REVIEW,REVIEW,zero preservado e não assumido como medição válida,NONE
3500045300,SGB_HIDRO_MS_2024_POCOS,Cond_Eletr,0.0,ZERO_REQUIRES_REVIEW,REVIEW,zero preservado e não assumido como medição válida,NONE
3500045301,SGB_HIDRO_MS_2024_POCOS,Cond_Eletr,0.0,ZERO_REQUIRES_REVIEW,REVIEW,zero preservado e não assumido como medição válida,NONE
3500045302,SGB_HIDRO_MS_2024_POCOS,profundida,0.0,ZERO_REQUIRES_REVIEW,REVIEW,zero preservado; provável ausência administrativa em parte dos registros,NONE
3500045302,SGB_HIDRO_MS_2024_POCOS,profundi_1,0.0,ZERO_REQUIRES_REVIEW,REVIEW,zero preservado; provável ausência administrativa em parte dos registros,NONE
3500045302,SGB_HIDRO_MS_2024_POCOS,vazao_espe,0.0,ZERO_REQUIRES_REVIEW,REVIEW,zero preservado e não assumido como medição válida,NONE
3500045302,SGB_HIDRO_MS_2024_POCOS,Cond_Eletr,0.0,ZERO_REQUIRES_REVIEW,REVIEW,zero preservado e não assumido como medição válida,NONE
3500045303,SGB_HIDRO_MS_2024_POCOS,profundida,0.0,ZERO_REQUIRES_REVIEW,REVIEW,zero preservado; provável ausência administrativa em parte dos registros,NONE
3500045303,SGB_HIDRO_MS_2024_POCOS,profundi_1,0.0,ZERO_REQUIRES_REVIEW,REVIEW,zero preservado; provável ausência administrativa em parte dos registros,NONE
3500045303,SGB_HIDRO_MS_2024_POCOS,vazao_espe,0.0,ZERO_REQUIRES_REVIEW,REVIEW,zero preservado e não assumido como medição válida,NONE
3500045303,SGB_HIDRO_MS_2024_POCOS,Cond_Eletr,0.0,ZERO_REQUIRES_REVIEW,REVIEW,zero preservado e não assumido como medição válida,NONE
3500045304,SGB_HIDRO_MS_2024_POCOS,profundida,0.0,ZERO_REQUIRES_REVIEW,REVIEW,zero preservado; provável ausência administrativa em parte dos registros,NONE
3500045304,SGB_HIDRO_MS_2024_POCOS,profundi_1,0.0,ZERO_REQUIRES_REVIEW,REVIEW,zero preservado; provável ausência administrativa em parte dos registros,NONE
3500045304,SGB_HIDRO_MS_2024_POCOS,vazao_espe,0.0,ZERO_REQUIRES_REVIEW,REVIEW,zero preservado e não assumido como medição válida,NONE
3500045304,SGB_HIDRO_MS_2024_POCOS,Cond_Eletr,0.0,ZERO_REQUIRES_REVIEW,REVIEW,zero preservado e não assumido como medição válida,NONE
3500045305,SGB_HIDRO_MS_2024_POCOS,profundida,0.0,ZERO_REQUIRES_REVIEW,REVIEW,zero preservado; provável ausência administrativa em parte dos registros,NONE
3500045305,SGB_HIDRO_MS_2024_POCOS,profundi_1,0.0,ZERO_REQUIRES_REVIEW,REVIEW,zero preservado; provável ausência administrativa em parte dos registros,NONE
3500045305,SGB_HIDRO_MS_2024_POCOS,vazao_espe,0.0,ZERO_REQUIRES_REVIEW,REVIEW,zero preservado e não assumido como medição válida,NONE
3500045305,SGB_HIDRO_MS_2024_POCOS,Cond_Eletr,0.0,ZERO_REQUIRES_REVIEW,REVIEW,zero preservado e não assumido como medição válida,NONE
3500045306,SGB_HIDRO_MS_2024_POCOS,profundida,0.0,ZERO_REQUIRES_REVIEW,REVIEW,zero preservado; provável ausência administrativa em parte dos registros,NONE
3500045306,SGB_HIDRO_MS_2024_POCOS,profundi_1,0.0,ZERO_REQUIRES_REVIEW,REVIEW,zero preservado; provável ausência administrativa em parte dos registros,NONE
3500045306,SGB_HIDRO_MS_2024_POCOS,vazao_espe,0.0,ZERO_REQUIRES_REVIEW,REVIEW,zero preservado e não assumido como medição válida,NONE
3500045306,SGB_HIDRO_MS_2024_POCOS,Cond_Eletr,0.0,ZERO_REQUIRES_REVIEW,REVIEW,zero preservado e não assumido como medição válida,NONE
3500045307,SGB_HIDRO_MS_2024_POCOS,profundida,0.0,ZERO_REQUIRES_REVIEW,REVIEW,zero preservado; provável ausência administrativa em parte dos registros,NONE
3500045307,SGB_HIDRO_MS_2024_POCOS,profundi_1,0.0,ZERO_REQUIRES_REVIEW,REVIEW,zero preservado; provável ausência administrativa em parte dos registros,NONE
3500045307,SGB_HIDRO_MS_2024_POCOS,vazao_espe,0.0,ZERO_REQUIRES_REVIEW,REVIEW,zero preservado e não assumido como medição válida,NONE
3500045307,SGB_HIDRO_MS_2024_POCOS,Cond_Eletr,0.0,ZERO_REQUIRES_REVIEW,REVIEW,zero preservado e não assumido como medição válida,NONE
3500045308,SGB_HIDRO_MS_2024_POCOS,profundida,0.0,ZERO_REQUIRES_REVIEW,REVIEW,zero preservado; provável ausência administrativa em parte dos registros,NONE
3500045308,SGB_HIDRO_MS_2024_POCOS,profundi_1,0.0,ZERO_REQUIRES_REVIEW,REVIEW,zero preservado; provável ausência administrativa em parte dos registros,NONE
3500045308,SGB_HIDRO_MS_2024_POCOS,vazao_espe,0.0,ZERO_REQUIRES_REVIEW,REVIEW,zero preservado e não assumido como medição válida,NONE
3500045308,SGB_HIDRO_MS_2024_POCOS,Cond_Eletr,0.0,ZERO_REQUIRES_REVIEW,REVIEW,zero preservado e não assumido como medição válida,NONE
3500045309,SGB_HIDRO_MS_2024_POCOS,profundida,0.0,ZERO_REQUIRES_REVIEW,REVIEW,zero preservado; provável ausência administrativa em parte dos registros,NONE
3500045309,SGB_HIDRO_MS_2024_POCOS,profundi_1,0.0,ZERO_REQUIRES_REVIEW,REVIEW,zero preservado; provável ausência administrativa em parte dos registros,NONE
3500045309,SGB_HIDRO_MS_2024_POCOS,vazao_espe,0.0,ZERO_REQUIRES_REVIEW,REVIEW,zero preservado e não assumido como medição válida,NONE
3500045309,SGB_HIDRO_MS_2024_POCOS,Cond_Eletr,0.0,ZERO_REQUIRES_REVIEW,REVIEW,zero preservado e não assumido como medição válida,NONE
3500045310,SGB_HIDRO_MS_2024_POCOS,profundida,0.0,ZERO_REQUIRES_REVIEW,REVIEW,zero preservado; provável ausência administrativa em parte dos registros,NONE
3500045310,SGB_HIDRO_MS_2024_POCOS,profundi_1,0.0,ZERO_REQUIRES_REVIEW,REVIEW,zero preservado; provável ausência administrativa em parte dos registros,NONE
3500045310,SGB_HIDRO_MS_2024_POCOS,vazao_espe,0.0,ZERO_REQUIRES_REVIEW,REVIEW,zero preservado e não assumido como medição válida,NONE
3500045310,SGB_HIDRO_MS_2024_POCOS,Cond_Eletr,0.0,ZERO_REQUIRES_REVIEW,REVIEW,zero preservado e não assumido como medição válida,NONE
3500045311,SGB_HIDRO_MS_2024_POCOS,profundida,0.0,ZERO_REQUIRES_REVIEW,REVIEW,zero preservado; provável ausência administrativa em parte dos registros,NONE
3500045311,SGB_HIDRO_MS_2024_POCOS,profundi_1,0.0,ZERO_REQUIRES_REVIEW,REVIEW,zero preservado; provável ausência administrativa em parte dos registros,NONE
3500045311,SGB_HIDRO_MS_2024_POCOS,vazao_espe,0.0,ZERO_REQUIRES_REVIEW,REVIEW,zero preservado e não assumido como medição válida,NONE
3500045311,SGB_HIDRO_MS_2024_POCOS,Cond_Eletr,0.0,ZERO_REQUIRES_REVIEW,REVIEW,zero preservado e não assumido como medição válida,NONE
3500045312,SGB_HIDRO_MS_2024_POCOS,profundida,0.0,ZERO_REQUIRES_REVIEW,REVIEW,zero preservado; provável ausência administrativa em parte dos registros,NONE
3500045312,SGB_HIDRO_MS_2024_POCOS,profundi_1,0.0,ZERO_REQUIRES_REVIEW,REVIEW,zero preservado; provável ausência administrativa em parte dos registros,NONE
3500045312,SGB_HIDRO_MS_2024_POCOS,vazao_espe,0.0,ZERO_REQUIRES_REVIEW,REVIEW,zero preservado e não assumido como medição válida,NONE
3500045312,SGB_HIDRO_MS_2024_POCOS,Cond_Eletr,0.0,ZERO_REQUIRES_REVIEW,REVIEW,zero preservado e não assumido como medição válida,NONE
3500045313,SGB_HIDRO_MS_2024_POCOS,profundida,0.0,ZERO_REQUIRES_REVIEW,REVIEW,zero preservado; provável ausência administrativa em parte dos registros,NONE
3500045313,SGB_HIDRO_MS_2024_POCOS,profundi_1,0.0,ZERO_REQUIRES_REVIEW,REVIEW,zero preservado; provável ausência administrativa em parte dos registros,NONE
3500045313,SGB_HIDRO_MS_2024_POCOS,vazao_espe,0.0,ZERO_REQUIRES_REVIEW,REVIEW,zero preservado e não assumido como medição válida,NONE
3500045313,SGB_HIDRO_MS_2024_POCOS,Cond_Eletr,0.0,ZERO_REQUIRES_REVIEW,REVIEW,zero preservado e não assumido como medição válida,NONE
3500045314,SGB_HIDRO_MS_2024_POCOS,profundida,0.0,ZERO_REQUIRES_REVIEW,REVIEW,zero preservado; provável ausência administrativa em parte dos registros,NONE
3500045314,SGB_HIDRO_MS_2024_POCOS,profundi_1,0.0,ZERO_REQUIRES_REVIEW,REVIEW,zero preservado; provável ausência administrativa em parte dos registros,NONE
3500045314,SGB_HIDRO_MS_2024_POCOS,vazao_espe,0.0,ZERO_REQUIRES_REVIEW,REVIEW,zero preservado e não assumido como medição válida,NONE
3500045314,SGB_HIDRO_MS_2024_POCOS,Cond_Eletr,0.0,ZERO_REQUIRES_REVIEW,REVIEW,zero preservado e não assumido como medição válida,NONE
3500045315,SGB_HIDRO_MS_2024_POCOS,profundida,0.0,ZERO_REQUIRES_REVIEW,REVIEW,zero preservado; provável ausência administrativa em parte dos registros,NONE
3500045315,SGB_HIDRO_MS_2024_POCOS,profundi_1,0.0,ZERO_REQUIRES_REVIEW,REVIEW,zero preservado; provável ausência administrativa em parte dos registros,NONE
3500045315,SGB_HIDRO_MS_2024_POCOS,vazao_espe,0.0,ZERO_REQUIRES_REVIEW,REVIEW,zero preservado e não assumido como medição válida,NONE
3500045315,SGB_HIDRO_MS_2024_POCOS,Cond_Eletr,0.0,ZERO_REQUIRES_REVIEW,REVIEW,zero preservado e não assumido como medição válida,NONE
3500045316,SGB_HIDRO_MS_2024_POCOS,profundida,0.0,ZERO_REQUIRES_REVIEW,REVIEW,zero preservado; provável ausência administrativa em parte dos registros,NONE
3500045316,SGB_HIDRO_MS_2024_POCOS,profundi_1,0.0,ZERO_REQUIRES_REVIEW,REVIEW,zero preservado; provável ausência administrativa em parte dos registros,NONE
3500045316,SGB_HIDRO_MS_2024_POCOS,vazao_espe,0.0,ZERO_REQUIRES_REVIEW,REVIEW,zero preservado e não assumido como medição válida,NONE
3500045316,SGB_HIDRO_MS_2024_POCOS,Cond_Eletr,0.0,ZERO_REQUIRES_REVIEW,REVIEW,zero preservado e não assumido como medição válida,NONE
3500045317,SGB_HIDRO_MS_2024_POCOS,profundida,0.0,ZERO_REQUIRES_REVIEW,REVIEW,zero preservado; provável ausência administrativa em parte dos registros,NONE
3500045317,SGB_HIDRO_MS_2024_POCOS,profundi_1,0.0,ZERO_REQUIRES_REVIEW,REVIEW,zero preservado; provável ausência administrativa em parte dos registros,NONE
3500045317,SGB_HIDRO_MS_2024_POCOS,vazao_espe,0.0,ZERO_REQUIRES_REVIEW,REVIEW,zero preservado e não assumido como medição válida,NONE
3500045317,SGB_HIDRO_MS_2024_POCOS,Cond_Eletr,0.0,ZERO_REQUIRES_REVIEW,REVIEW,zero preservado e não assumido como medição válida,NONE
3500045318,SGB_HIDRO_MS_2024_POCOS,profundida,0.0,ZERO_REQUIRES_REVIEW,REVIEW,zero preservado; provável ausência administrativa em parte dos registros,NONE
3500045318,SGB_HIDRO_MS_2024_POCOS,profundi_1,0.0,ZERO_REQUIRES_REVIEW,REVIEW,zero preservado; provável ausência administrativa em parte dos registros,NONE
3500045318,SGB_HIDRO_MS_2024_POCOS,vazao_espe,0.0,ZERO_REQUIRES_REVIEW,REVIEW,zero preservado e não assumido como medição válida,NONE
3500045318,SGB_HIDRO_MS_2024_POCOS,Cond_Eletr,0.0,ZERO_REQUIRES_REVIEW,REVIEW,zero preservado e não assumido como medição válida,NONE
3500045319,SGB_HIDRO_MS_2024_POCOS,profundida,0.0,ZERO_REQUIRES_REVIEW,REVIEW,zero preservado; provável ausência administrativa em parte dos registros,NONE
3500045319,SGB_HIDRO_MS_2024_POCOS,profundi_1,0.0,ZERO_REQUIRES_REVIEW,REVIEW,zero preservado; provável ausência administrativa em parte dos registros,NONE
3500045319,SGB_HIDRO_MS_2024_POCOS,vazao_espe,0.0,ZERO_REQUIRES_REVIEW,REVIEW,zero preservado e não assumido como medição válida,NONE
3500045319,SGB_HIDRO_MS_2024_POCOS,Cond_Eletr,0.0,ZERO_REQUIRES_REVIEW,REVIEW,zero preservado e não assumido como medição válida,NONE
3500045320,SGB_HIDRO_MS_2024_POCOS,profundida,0.0,ZERO_REQUIRES_REVIEW,REVIEW,zero preservado; provável ausência administrativa em parte dos registros,NONE
3500045320,SGB_HIDRO_MS_2024_POCOS,profundi_1,0.0,ZERO_REQUIRES_REVIEW,REVIEW,zero preservado; provável ausência administrativa em parte dos registros,NONE
3500045320,SGB_HIDRO_MS_2024_POCOS,vazao_espe,0.0,ZERO_REQUIRES_REVIEW,REVIEW,zero preservado e não assumido como medição válida,NONE
3500045320,SGB_HIDRO_MS_2024_POCOS,Cond_Eletr,0.0,ZERO_REQUIRES_REVIEW,REVIEW,zero preservado e não assumido como medição válida,NONE
3500045321,SGB_HIDRO_MS_2024_POCOS,profundida,0.0,ZERO_REQUIRES_REVIEW,REVIEW,zero preservado; provável ausência administrativa em parte dos registros,NONE
3500045321,SGB_HIDRO_MS_2024_POCOS,profundi_1,0.0,ZERO_REQUIRES_REVIEW,REVIEW,zero preservado; provável ausência administrativa em parte dos registros,NONE
3500045321,SGB_HIDRO_MS_2024_POCOS,vazao_espe,0.0,ZERO_REQUIRES_REVIEW,REVIEW,zero preservado e não assumido como medição válida,NONE
3500045321,SGB_HIDRO_MS_2024_POCOS,Cond_Eletr,0.0,ZERO_REQUIRES_REVIEW,REVIEW,zero preservado e não assumido como medição válida,NONE
3500045322,SGB_HIDRO_MS_2024_POCOS,profundida,0.0,ZERO_REQUIRES_REVIEW,REVIEW,zero preservado; provável ausência administrativa em parte dos registros,NONE
3500045322,SGB_HIDRO_MS_2024_POCOS,profundi_1,0.0,ZERO_REQUIRES_REVIEW,REVIEW,zero preservado; provável ausência administrativa em parte dos registros,NONE
3500045322,SGB_HIDRO_MS_2024_POCOS,vazao_espe,0.0,ZERO_REQUIRES_REVIEW,REVIEW,zero preservado e não assumido como medição válida,NONE
3500045322,SGB_HIDRO_MS_2024_POCOS,Cond_Eletr,0.0,ZERO_REQUIRES_REVIEW,REVIEW,zero preservado e não assumido como medição válida,NONE
3500045323,SGB_HIDRO_MS_2024_POCOS,profundida,0.0,ZERO_REQUIRES_REVIEW,REVIEW,zero preservado; provável ausência administrativa em parte dos registros,NONE
3500045323,SGB_HIDRO_MS_2024_POCOS,profundi_1,0.0,ZERO_REQUIRES_REVIEW,REVIEW,zero preservado; provável ausência administrativa em parte dos registros,NONE
3500045323,SGB_HIDRO_MS_2024_POCOS,vazao_espe,0.0,ZERO_REQUIRES_REVIEW,REVIEW,zero preservado e não assumido como medição válida,NONE
3500045323,SGB_HIDRO_MS_2024_POCOS,Cond_Eletr,0.0,ZERO_REQUIRES_REVIEW,REVIEW,zero preservado e não assumido como medição válida,NONE
3500045324,SGB_HIDRO_MS_2024_POCOS,profundida,0.0,ZERO_REQUIRES_REVIEW,REVIEW,zero preservado; provável ausência administrativa em parte dos registros,NONE
3500045324,SGB_HIDRO_MS_2024_POCOS,profundi_1,0.0,ZERO_REQUIRES_REVIEW,REVIEW,zero preservado; provável ausência administrativa em parte dos registros,NONE
3500045324,SGB_HIDRO_MS_2024_POCOS,vazao_espe,0.0,ZERO_REQUIRES_REVIEW,REVIEW,zero preservado e não assumido como medição válida,NONE
3500045324,SGB_HIDRO_MS_2024_POCOS,Cond_Eletr,0.0,ZERO_REQUIRES_REVIEW,REVIEW,zero preservado e não assumido como medição válida,NONE
3500045325,SGB_HIDRO_MS_2024_POCOS,profundida,0.0,ZERO_REQUIRES_REVIEW,REVIEW,zero preservado; provável ausência administrativa em parte dos registros,NONE
3500045325,SGB_HIDRO_MS_2024_POCOS,profundi_1,0.0,ZERO_REQUIRES_REVIEW,REVIEW,zero preservado; provável ausência administrativa em parte dos registros,NONE
3500045325,SGB_HIDRO_MS_2024_POCOS,vazao_espe,0.0,ZERO_REQUIRES_REVIEW,REVIEW,zero preservado e não assumido como medição válida,NONE
3500045325,SGB_HIDRO_MS_2024_POCOS,Cond_Eletr,0.0,ZERO_REQUIRES_REVIEW,REVIEW,zero preservado e não assumido como medição válida,NONE
3500045326,SGB_HIDRO_MS_2024_POCOS,profundida,0.0,ZERO_REQUIRES_REVIEW,REVIEW,zero preservado; provável ausência administrativa em parte dos registros,NONE
3500045326,SGB_HIDRO_MS_2024_POCOS,profundi_1,0.0,ZERO_REQUIRES_REVIEW,REVIEW,zero preservado; provável ausência administrativa em parte dos registros,NONE
3500045326,SGB_HIDRO_MS_2024_POCOS,vazao_espe,0.0,ZERO_REQUIRES_REVIEW,REVIEW,zero preservado e não assumido como medição válida,NONE
3500045326,SGB_HIDRO_MS_2024_POCOS,Cond_Eletr,0.0,ZERO_REQUIRES_REVIEW,REVIEW,zero preservado e não assumido como medição válida,NONE
3500045327,SGB_HIDRO_MS_2024_POCOS,profundida,0.0,ZERO_REQUIRES_REVIEW,REVIEW,zero preservado; provável ausência administrativa em parte dos registros,NONE
3500045327,SGB_HIDRO_MS_2024_POCOS,profundi_1,0.0,ZERO_REQUIRES_REVIEW,REVIEW,zero preservado; provável ausência administrativa em parte dos registros,NONE
3500045327,SGB_HIDRO_MS_2024_POCOS,vazao_espe,0.0,ZERO_REQUIRES_REVIEW,REVIEW,zero preservado e não assumido como medição válida,NONE
3500045327,SGB_HIDRO_MS_2024_POCOS,Cond_Eletr,0.0,ZERO_REQUIRES_REVIEW,REVIEW,zero preservado e não assumido como medição válida,NONE
3500045328,SGB_HIDRO_MS_2024_POCOS,profundida,0.0,ZERO_REQUIRES_REVIEW,REVIEW,zero preservado; provável ausência administrativa em parte dos registros,NONE
3500045328,SGB_HIDRO_MS_2024_POCOS,profundi_1,0.0,ZERO_REQUIRES_REVIEW,REVIEW,zero preservado; provável ausência administrativa em parte dos registros,NONE
3500045328,SGB_HIDRO_MS_2024_POCOS,vazao_espe,0.0,ZERO_REQUIRES_REVIEW,REVIEW,zero preservado e não assumido como medição válida,NONE
3500045328,SGB_HIDRO_MS_2024_POCOS,Cond_Eletr,0.0,ZERO_REQUIRES_REVIEW,REVIEW,zero preservado e não assumido como medição válida,NONE
3500045329,SGB_HIDRO_MS_2024_POCOS,profundida,0.0,ZERO_REQUIRES_REVIEW,REVIEW,zero preservado; provável ausência administrativa em parte dos registros,NONE
3500045330,SGB_HIDRO_MS_2024_POCOS,profundida,0.0,ZERO_REQUIRES_REVIEW,REVIEW,zero preservado; provável ausência administrativa em parte dos registros,NONE
3500045330,SGB_HIDRO_MS_2024_POCOS,profundi_1,0.0,ZERO_REQUIRES_REVIEW,REVIEW,zero preservado; provável ausência administrativa em parte dos registros,NONE
3500045330,SGB_HIDRO_MS_2024_POCOS,vazao_espe,0.0,ZERO_REQUIRES_REVIEW,REVIEW,zero preservado e não assumido como medição válida,NONE
3500045330,SGB_HIDRO_MS_2024_POCOS,Cond_Eletr,0.0,ZERO_REQUIRES_REVIEW,REVIEW,zero preservado e não assumido como medição válida,NONE
3500045331,SGB_HIDRO_MS_2024_POCOS,profundida,0.0,ZERO_REQUIRES_REVIEW,REVIEW,zero preservado; provável ausência administrativa em parte dos registros,NONE
3500045331,SGB_HIDRO_MS_2024_POCOS,profundi_1,0.0,ZERO_REQUIRES_REVIEW,REVIEW,zero preservado; provável ausência administrativa em parte dos registros,NONE
3500045331,SGB_HIDRO_MS_2024_POCOS,vazao_espe,0.0,ZERO_REQUIRES_REVIEW,REVIEW,zero preservado e não assumido como medição válida,NONE
3500045331,SGB_HIDRO_MS_2024_POCOS,Cond_Eletr,0.0,ZERO_REQUIRES_REVIEW,REVIEW,zero preservado e não assumido como medição válida,NONE
3500045332,SGB_HIDRO_MS_2024_POCOS,profundida,0.0,ZERO_REQUIRES_REVIEW,REVIEW,zero preservado; provável ausência administrativa em parte dos registros,NONE
3500045332,SGB_HIDRO_MS_2024_POCOS,profundi_1,0.0,ZERO_REQUIRES_REVIEW,REVIEW,zero preservado; provável ausência administrativa em parte dos registros,NONE
3500045332,SGB_HIDRO_MS_2024_POCOS,vazao_espe,0.0,ZERO_REQUIRES_REVIEW,REVIEW,zero preservado e não assumido como medição válida,NONE
3500045332,SGB_HIDRO_MS_2024_POCOS,Cond_Eletr,0.0,ZERO_REQUIRES_REVIEW,REVIEW,zero preservado e não assumido como medição válida,NONE
3500045333,SGB_HIDRO_MS_2024_POCOS,profundida,0.0,ZERO_REQUIRES_REVIEW,REVIEW,zero preservado; provável ausência administrativa em parte dos registros,NONE
3500045333,SGB_HIDRO_MS_2024_POCOS,profundi_1,0.0,ZERO_REQUIRES_REVIEW,REVIEW,zero preservado; provável ausência administrativa em parte dos registros,NONE
3500045333,SGB_HIDRO_MS_2024_POCOS,vazao_espe,0.0,ZERO_REQUIRES_REVIEW,REVIEW,zero preservado e não assumido como medição válida,NONE
3500045333,SGB_HIDRO_MS_2024_POCOS,Cond_Eletr,0.0,ZERO_REQUIRES_REVIEW,REVIEW,zero preservado e não assumido como medição válida,NONE
3500045334,SGB_HIDRO_MS_2024_POCOS,profundida,0.0,ZERO_REQUIRES_REVIEW,REVIEW,zero preservado; provável ausência administrativa em parte dos registros,NONE
3500045334,SGB_HIDRO_MS_2024_POCOS,profundi_1,0.0,ZERO_REQUIRES_REVIEW,REVIEW,zero preservado; provável ausência administrativa em parte dos registros,NONE
3500045334,SGB_HIDRO_MS_2024_POCOS,vazao_espe,0.0,ZERO_REQUIRES_REVIEW,REVIEW,zero preservado e não assumido como medição válida,NONE
3500045334,SGB_HIDRO_MS_2024_POCOS,Cond_Eletr,0.0,ZERO_REQUIRES_REVIEW,REVIEW,zero preservado e não assumido como medição válida,NONE
3500045335,SGB_HIDRO_MS_2024_POCOS,profundida,0.0,ZERO_REQUIRES_REVIEW,REVIEW,zero preservado; provável ausência administrativa em parte dos registros,NONE
3500045335,SGB_HIDRO_MS_2024_POCOS,profundi_1,0.0,ZERO_REQUIRES_REVIEW,REVIEW,zero preservado; provável ausência administrativa em parte dos registros,NONE
3500045335,SGB_HIDRO_MS_2024_POCOS,vazao_espe,0.0,ZERO_REQUIRES_REVIEW,REVIEW,zero preservado e não assumido como medição válida,NONE
3500045335,SGB_HIDRO_MS_2024_POCOS,Cond_Eletr,0.0,ZERO_REQUIRES_REVIEW,REVIEW,zero preservado e não assumido como medição válida,NONE
3500045336,SGB_HIDRO_MS_2024_POCOS,profundida,0.0,ZERO_REQUIRES_REVIEW,REVIEW,zero preservado; provável ausência administrativa em parte dos registros,NONE
3500045336,SGB_HIDRO_MS_2024_POCOS,profundi_1,0.0,ZERO_REQUIRES_REVIEW,REVIEW,zero preservado; provável ausência administrativa em parte dos registros,NONE
3500045336,SGB_HIDRO_MS_2024_POCOS,vazao_espe,0.0,ZERO_REQUIRES_REVIEW,REVIEW,zero preservado e não assumido como medição válida,NONE
3500045336,SGB_HIDRO_MS_2024_POCOS,Cond_Eletr,0.0,ZERO_REQUIRES_REVIEW,REVIEW,zero preservado e não assumido como medição válida,NONE
3500045337,SGB_HIDRO_MS_2024_POCOS,profundida,0.0,ZERO_REQUIRES_REVIEW,REVIEW,zero preservado; provável ausência administrativa em parte dos registros,NONE
3500045337,SGB_HIDRO_MS_2024_POCOS,profundi_1,0.0,ZERO_REQUIRES_REVIEW,REVIEW,zero preservado; provável ausência administrativa em parte dos registros,NONE
3500045337,SGB_HIDRO_MS_2024_POCOS,vazao_espe,0.0,ZERO_REQUIRES_REVIEW,REVIEW,zero preservado e não assumido como medição válida,NONE
3500045337,SGB_HIDRO_MS_2024_POCOS,Cond_Eletr,0.0,ZERO_REQUIRES_REVIEW,REVIEW,zero preservado e não assumido como medição válida,NONE
3500045338,SGB_HIDRO_MS_2024_POCOS,profundida,0.0,ZERO_REQUIRES_REVIEW,REVIEW,zero preservado; provável ausência administrativa em parte dos registros,NONE
3500045338,SGB_HIDRO_MS_2024_POCOS,profundi_1,0.0,ZERO_REQUIRES_REVIEW,REVIEW,zero preservado; provável ausência administrativa em parte dos registros,NONE
3500045338,SGB_HIDRO_MS_2024_POCOS,vazao_espe,0.0,ZERO_REQUIRES_REVIEW,REVIEW,zero preservado e não assumido como medição válida,NONE
3500045338,SGB_HIDRO_MS_2024_POCOS,Cond_Eletr,0.0,ZERO_REQUIRES_REVIEW,REVIEW,zero preservado e não assumido como medição válida,NONE
3500045339,SGB_HIDRO_MS_2024_POCOS,profundida,0.0,ZERO_REQUIRES_REVIEW,REVIEW,zero preservado; provável ausência administrativa em parte dos registros,NONE
3500045339,SGB_HIDRO_MS_2024_POCOS,profundi_1,0.0,ZERO_REQUIRES_REVIEW,REVIEW,zero preservado; provável ausência administrativa em parte dos registros,NONE
3500045339,SGB_HIDRO_MS_2024_POCOS,vazao_espe,0.0,ZERO_REQUIRES_REVIEW,REVIEW,zero preservado e não assumido como medição válida,NONE
3500045339,SGB_HIDRO_MS_2024_POCOS,Cond_Eletr,0.0,ZERO_REQUIRES_REVIEW,REVIEW,zero preservado e não assumido como medição válida,NONE
3500045340,SGB_HIDRO_MS_2024_POCOS,profundida,0.0,ZERO_REQUIRES_REVIEW,REVIEW,zero preservado; provável ausência administrativa em parte dos registros,NONE
3500045341,SGB_HIDRO_MS_2024_POCOS,profundida,0.0,ZERO_REQUIRES_REVIEW,REVIEW,zero preservado; provável ausência administrativa em parte dos registros,NONE
3500045341,SGB_HIDRO_MS_2024_POCOS,profundi_1,0.0,ZERO_REQUIRES_REVIEW,REVIEW,zero preservado; provável ausência administrativa em parte dos registros,NONE
3500045341,SGB_HIDRO_MS_2024_POCOS,vazao_espe,0.0,ZERO_REQUIRES_REVIEW,REVIEW,zero preservado e não assumido como medição válida,NONE
3500045341,SGB_HIDRO_MS_2024_POCOS,Cond_Eletr,0.0,ZERO_REQUIRES_REVIEW,REVIEW,zero preservado e não assumido como medição válida,NONE
3500045342,SGB_HIDRO_MS_2024_POCOS,profundida,0.0,ZERO_REQUIRES_REVIEW,REVIEW,zero preservado; provável ausência administrativa em parte dos registros,NONE
3500045342,SGB_HIDRO_MS_2024_POCOS,profundi_1,0.0,ZERO_REQUIRES_REVIEW,REVIEW,zero preservado; provável ausência administrativa em parte dos registros,NONE
3500045342,SGB_HIDRO_MS_2024_POCOS,vazao_espe,0.0,ZERO_REQUIRES_REVIEW,REVIEW,zero preservado e não assumido como medição válida,NONE
3500045342,SGB_HIDRO_MS_2024_POCOS,Cond_Eletr,0.0,ZERO_REQUIRES_REVIEW,REVIEW,zero preservado e não assumido como medição válida,NONE
3500045343,SGB_HIDRO_MS_2024_POCOS,profundida,0.0,ZERO_REQUIRES_REVIEW,REVIEW,zero preservado; provável ausência administrativa em parte dos registros,NONE
3500045343,SGB_HIDRO_MS_2024_POCOS,profundi_1,0.0,ZERO_REQUIRES_REVIEW,REVIEW,zero preservado; provável ausência administrativa em parte dos registros,NONE
3500045343,SGB_HIDRO_MS_2024_POCOS,vazao_espe,0.0,ZERO_REQUIRES_REVIEW,REVIEW,zero preservado e não assumido como medição válida,NONE
3500045343,SGB_HIDRO_MS_2024_POCOS,Cond_Eletr,0.0,ZERO_REQUIRES_REVIEW,REVIEW,zero preservado e não assumido como medição válida,NONE
3500045344,SGB_HIDRO_MS_2024_POCOS,profundida,0.0,ZERO_REQUIRES_REVIEW,REVIEW,zero preservado; provável ausência administrativa em parte dos registros,NONE
3500045344,SGB_HIDRO_MS_2024_POCOS,profundi_1,0.0,ZERO_REQUIRES_REVIEW,REVIEW,zero preservado; provável ausência administrativa em parte dos registros,NONE
3500045344,SGB_HIDRO_MS_2024_POCOS,vazao_espe,0.0,ZERO_REQUIRES_REVIEW,REVIEW,zero preservado e não assumido como medição válida,NONE
3500045344,SGB_HIDRO_MS_2024_POCOS,Cond_Eletr,0.0,ZERO_REQUIRES_REVIEW,REVIEW,zero preservado e não assumido como medição válida,NONE
3500045345,SGB_HIDRO_MS_2024_POCOS,profundida,0.0,ZERO_REQUIRES_REVIEW,REVIEW,zero preservado; provável ausência administrativa em parte dos registros,NONE
3500045345,SGB_HIDRO_MS_2024_POCOS,profundi_1,0.0,ZERO_REQUIRES_REVIEW,REVIEW,zero preservado; provável ausência administrativa em parte dos registros,NONE
3500045345,SGB_HIDRO_MS_2024_POCOS,vazao_espe,0.0,ZERO_REQUIRES_REVIEW,REVIEW,zero preservado e não assumido como medição válida,NONE
3500045345,SGB_HIDRO_MS_2024_POCOS,Cond_Eletr,0.0,ZERO_REQUIRES_REVIEW,REVIEW,zero preservado e não assumido como medição válida,NONE
3500045346,SGB_HIDRO_MS_2024_POCOS,profundida,0.0,ZERO_REQUIRES_REVIEW,REVIEW,zero preservado; provável ausência administrativa em parte dos registros,NONE
3500045346,SGB_HIDRO_MS_2024_POCOS,profundi_1,0.0,ZERO_REQUIRES_REVIEW,REVIEW,zero preservado; provável ausência administrativa em parte dos registros,NONE
3500045346,SGB_HIDRO_MS_2024_POCOS,vazao_espe,0.0,ZERO_REQUIRES_REVIEW,REVIEW,zero preservado e não assumido como medição válida,NONE
3500045346,SGB_HIDRO_MS_2024_POCOS,Cond_Eletr,0.0,ZERO_REQUIRES_REVIEW,REVIEW,zero preservado e não assumido como medição válida,NONE
3500045347,SGB_HIDRO_MS_2024_POCOS,profundida,0.0,ZERO_REQUIRES_REVIEW,REVIEW,zero preservado; provável ausência administrativa em parte dos registros,NONE
3500045347,SGB_HIDRO_MS_2024_POCOS,profundi_1,0.0,ZERO_REQUIRES_REVIEW,REVIEW,zero preservado; provável ausência administrativa em parte dos registros,NONE
3500045347,SGB_HIDRO_MS_2024_POCOS,vazao_espe,0.0,ZERO_REQUIRES_REVIEW,REVIEW,zero preservado e não assumido como medição válida,NONE
3500045347,SGB_HIDRO_MS_2024_POCOS,Cond_Eletr,0.0,ZERO_REQUIRES_REVIEW,REVIEW,zero preservado e não assumido como medição válida,NONE
3500045348,SGB_HIDRO_MS_2024_POCOS,profundida,0.0,ZERO_REQUIRES_REVIEW,REVIEW,zero preservado; provável ausência administrativa em parte dos registros,NONE
3500045348,SGB_HIDRO_MS_2024_POCOS,profundi_1,0.0,ZERO_REQUIRES_REVIEW,REVIEW,zero preservado; provável ausência administrativa em parte dos registros,NONE
3500045348,SGB_HIDRO_MS_2024_POCOS,vazao_espe,0.0,ZERO_REQUIRES_REVIEW,REVIEW,zero preservado e não assumido como medição válida,NONE
3500045348,SGB_HIDRO_MS_2024_POCOS,Cond_Eletr,0.0,ZERO_REQUIRES_REVIEW,REVIEW,zero preservado e não assumido como medição válida,NONE
3500045349,SGB_HIDRO_MS_2024_POCOS,profundida,0.0,ZERO_REQUIRES_REVIEW,REVIEW,zero preservado; provável ausência administrativa em parte dos registros,NONE
3500045349,SGB_HIDRO_MS_2024_POCOS,profundi_1,0.0,ZERO_REQUIRES_REVIEW,REVIEW,zero preservado; provável ausência administrativa em parte dos registros,NONE
3500045349,SGB_HIDRO_MS_2024_POCOS,vazao_espe,0.0,ZERO_REQUIRES_REVIEW,REVIEW,zero preservado e não assumido como medição válida,NONE
3500045349,SGB_HIDRO_MS_2024_POCOS,Cond_Eletr,0.0,ZERO_REQUIRES_REVIEW,REVIEW,zero preservado e não assumido como medição válida,NONE
3500045350,SGB_HIDRO_MS_2024_POCOS,profundida,0.0,ZERO_REQUIRES_REVIEW,REVIEW,zero preservado; provável ausência administrativa em parte dos registros,NONE
3500045350,SGB_HIDRO_MS_2024_POCOS,profundi_1,0.0,ZERO_REQUIRES_REVIEW,REVIEW,zero preservado; provável ausência administrativa em parte dos registros,NONE
3500045350,SGB_HIDRO_MS_2024_POCOS,vazao_espe,0.0,ZERO_REQUIRES_REVIEW,REVIEW,zero preservado e não assumido como medição válida,NONE
3500045350,SGB_HIDRO_MS_2024_POCOS,Cond_Eletr,0.0,ZERO_REQUIRES_REVIEW,REVIEW,zero preservado e não assumido como medição válida,NONE
3500045351,SGB_HIDRO_MS_2024_POCOS,profundida,0.0,ZERO_REQUIRES_REVIEW,REVIEW,zero preservado; provável ausência administrativa em parte dos registros,NONE
3500045351,SGB_HIDRO_MS_2024_POCOS,profundi_1,0.0,ZERO_REQUIRES_REVIEW,REVIEW,zero preservado; provável ausência administrativa em parte dos registros,NONE
3500045351,SGB_HIDRO_MS_2024_POCOS,vazao_espe,0.0,ZERO_REQUIRES_REVIEW,REVIEW,zero preservado e não assumido como medição válida,NONE
3500045351,SGB_HIDRO_MS_2024_POCOS,Cond_Eletr,0.0,ZERO_REQUIRES_REVIEW,REVIEW,zero preservado e não assumido como medição válida,NONE
3500045352,SGB_HIDRO_MS_2024_POCOS,profundida,0.0,ZERO_REQUIRES_REVIEW,REVIEW,zero preservado; provável ausência administrativa em parte dos registros,NONE
3500045352,SGB_HIDRO_MS_2024_POCOS,profundi_1,0.0,ZERO_REQUIRES_REVIEW,REVIEW,zero preservado; provável ausência administrativa em parte dos registros,NONE
3500045352,SGB_HIDRO_MS_2024_POCOS,vazao_espe,0.0,ZERO_REQUIRES_REVIEW,REVIEW,zero preservado e não assumido como medição válida,NONE
3500045352,SGB_HIDRO_MS_2024_POCOS,Cond_Eletr,0.0,ZERO_REQUIRES_REVIEW,REVIEW,zero preservado e não assumido como medição válida,NONE
3500045353,SGB_HIDRO_MS_2024_POCOS,profundida,0.0,ZERO_REQUIRES_REVIEW,REVIEW,zero preservado; provável ausência administrativa em parte dos registros,NONE
3500045353,SGB_HIDRO_MS_2024_POCOS,profundi_1,0.0,ZERO_REQUIRES_REVIEW,REVIEW,zero preservado; provável ausência administrativa em parte dos registros,NONE
3500045353,SGB_HIDRO_MS_2024_POCOS,vazao_espe,0.0,ZERO_REQUIRES_REVIEW,REVIEW,zero preservado e não assumido como medição válida,NONE
3500045353,SGB_HIDRO_MS_2024_POCOS,Cond_Eletr,0.0,ZERO_REQUIRES_REVIEW,REVIEW,zero preservado e não assumido como medição válida,NONE
3500045354,SGB_HIDRO_MS_2024_POCOS,profundida,0.0,ZERO_REQUIRES_REVIEW,REVIEW,zero preservado; provável ausência administrativa em parte dos registros,NONE
3500045354,SGB_HIDRO_MS_2024_POCOS,profundi_1,0.0,ZERO_REQUIRES_REVIEW,REVIEW,zero preservado; provável ausência administrativa em parte dos registros,NONE
3500045354,SGB_HIDRO_MS_2024_POCOS,vazao_espe,0.0,ZERO_REQUIRES_REVIEW,REVIEW,zero preservado e não assumido como medição válida,NONE
3500045354,SGB_HIDRO_MS_2024_POCOS,Cond_Eletr,0.0,ZERO_REQUIRES_REVIEW,REVIEW,zero preservado e não assumido como medição válida,NONE
3500045355,SGB_HIDRO_MS_2024_POCOS,profundida,0.0,ZERO_REQUIRES_REVIEW,REVIEW,zero preservado; provável ausência administrativa em parte dos registros,NONE
3500045355,SGB_HIDRO_MS_2024_POCOS,profundi_1,0.0,ZERO_REQUIRES_REVIEW,REVIEW,zero preservado; provável ausência administrativa em parte dos registros,NONE
3500045355,SGB_HIDRO_MS_2024_POCOS,vazao_espe,0.0,ZERO_REQUIRES_REVIEW,REVIEW,zero preservado e não assumido como medição válida,NONE
3500045355,SGB_HIDRO_MS_2024_POCOS,Cond_Eletr,0.0,ZERO_REQUIRES_REVIEW,REVIEW,zero preservado e não assumido como medição válida,NONE
3500045356,SGB_HIDRO_MS_2024_POCOS,profundida,0.0,ZERO_REQUIRES_REVIEW,REVIEW,zero preservado; provável ausência administrativa em parte dos registros,NONE
3500045356,SGB_HIDRO_MS_2024_POCOS,profundi_1,0.0,ZERO_REQUIRES_REVIEW,REVIEW,zero preservado; provável ausência administrativa em parte dos registros,NONE
3500045356,SGB_HIDRO_MS_2024_POCOS,vazao_espe,0.0,ZERO_REQUIRES_REVIEW,REVIEW,zero preservado e não assumido como medição válida,NONE
3500045356,SGB_HIDRO_MS_2024_POCOS,Cond_Eletr,0.0,ZERO_REQUIRES_REVIEW,REVIEW,zero preservado e não assumido como medição válida,NONE
3500045357,SGB_HIDRO_MS_2024_POCOS,profundida,0.0,ZERO_REQUIRES_REVIEW,REVIEW,zero preservado; provável ausência administrativa em parte dos registros,NONE
3500045357,SGB_HIDRO_MS_2024_POCOS,profundi_1,0.0,ZERO_REQUIRES_REVIEW,REVIEW,zero preservado; provável ausência administrativa em parte dos registros,NONE
3500045357,SGB_HIDRO_MS_2024_POCOS,vazao_espe,0.0,ZERO_REQUIRES_REVIEW,REVIEW,zero preservado e não assumido como medição válida,NONE
3500045357,SGB_HIDRO_MS_2024_POCOS,Cond_Eletr,0.0,ZERO_REQUIRES_REVIEW,REVIEW,zero preservado e não assumido como medição válida,NONE
3500045358,SGB_HIDRO_MS_2024_POCOS,profundida,0.0,ZERO_REQUIRES_REVIEW,REVIEW,zero preservado; provável ausência administrativa em parte dos registros,NONE
3500045358,SGB_HIDRO_MS_2024_POCOS,profundi_1,0.0,ZERO_REQUIRES_REVIEW,REVIEW,zero preservado; provável ausência administrativa em parte dos registros,NONE
3500045358,SGB_HIDRO_MS_2024_POCOS,vazao_espe,0.0,ZERO_REQUIRES_REVIEW,REVIEW,zero preservado e não assumido como medição válida,NONE
3500045358,SGB_HIDRO_MS_2024_POCOS,Cond_Eletr,0.0,ZERO_REQUIRES_REVIEW,REVIEW,zero preservado e não assumido como medição válida,NONE
3500045359,SGB_HIDRO_MS_2024_POCOS,profundida,0.0,ZERO_REQUIRES_REVIEW,REVIEW,zero preservado; provável ausência administrativa em parte dos registros,NONE
3500045359,SGB_HIDRO_MS_2024_POCOS,profundi_1,0.0,ZERO_REQUIRES_REVIEW,REVIEW,zero preservado; provável ausência administrativa em parte dos registros,NONE
3500045359,SGB_HIDRO_MS_2024_POCOS,vazao_espe,0.0,ZERO_REQUIRES_REVIEW,REVIEW,zero preservado e não assumido como medição válida,NONE
3500045359,SGB_HIDRO_MS_2024_POCOS,Cond_Eletr,0.0,ZERO_REQUIRES_REVIEW,REVIEW,zero preservado e não assumido como medição válida,NONE
3500045360,SGB_HIDRO_MS_2024_POCOS,profundida,0.0,ZERO_REQUIRES_REVIEW,REVIEW,zero preservado; provável ausência administrativa em parte dos registros,NONE
3500045360,SGB_HIDRO_MS_2024_POCOS,profundi_1,0.0,ZERO_REQUIRES_REVIEW,REVIEW,zero preservado; provável ausência administrativa em parte dos registros,NONE
3500045360,SGB_HIDRO_MS_2024_POCOS,vazao_espe,0.0,ZERO_REQUIRES_REVIEW,REVIEW,zero preservado e não assumido como medição válida,NONE
3500045360,SGB_HIDRO_MS_2024_POCOS,Cond_Eletr,0.0,ZERO_REQUIRES_REVIEW,REVIEW,zero preservado e não assumido como medição válida,NONE
3500045361,SGB_HIDRO_MS_2024_POCOS,profundida,0.0,ZERO_REQUIRES_REVIEW,REVIEW,zero preservado; provável ausência administrativa em parte dos registros,NONE
3500045361,SGB_HIDRO_MS_2024_POCOS,profundi_1,0.0,ZERO_REQUIRES_REVIEW,REVIEW,zero preservado; provável ausência administrativa em parte dos registros,NONE
3500045361,SGB_HIDRO_MS_2024_POCOS,vazao_espe,0.0,ZERO_REQUIRES_REVIEW,REVIEW,zero preservado e não assumido como medição válida,NONE
3500045361,SGB_HIDRO_MS_2024_POCOS,Cond_Eletr,0.0,ZERO_REQUIRES_REVIEW,REVIEW,zero preservado e não assumido como medição válida,NONE
3500045362,SGB_HIDRO_MS_2024_POCOS,profundida,0.0,ZERO_REQUIRES_REVIEW,REVIEW,zero preservado; provável ausência administrativa em parte dos registros,NONE
3500045362,SGB_HIDRO_MS_2024_POCOS,profundi_1,0.0,ZERO_REQUIRES_REVIEW,REVIEW,zero preservado; provável ausência administrativa em parte dos registros,NONE
3500045362,SGB_HIDRO_MS_2024_POCOS,vazao_espe,0.0,ZERO_REQUIRES_REVIEW,REVIEW,zero preservado e não assumido como medição válida,NONE
3500045362,SGB_HIDRO_MS_2024_POCOS,Cond_Eletr,0.0,ZERO_REQUIRES_REVIEW,REVIEW,zero preservado e não assumido como medição válida,NONE
3500045363,SGB_HIDRO_MS_2024_POCOS,profundida,0.0,ZERO_REQUIRES_REVIEW,REVIEW,zero preservado; provável ausência administrativa em parte dos registros,NONE
3500045363,SGB_HIDRO_MS_2024_POCOS,profundi_1,0.0,ZERO_REQUIRES_REVIEW,REVIEW,zero preservado; provável ausência administrativa em parte dos registros,NONE
3500045363,SGB_HIDRO_MS_2024_POCOS,vazao_espe,0.0,ZERO_REQUIRES_REVIEW,REVIEW,zero preservado e não assumido como medição válida,NONE
3500045363,SGB_HIDRO_MS_2024_POCOS,Cond_Eletr,0.0,ZERO_REQUIRES_REVIEW,REVIEW,zero preservado e não assumido como medição válida,NONE
3500045364,SGB_HIDRO_MS_2024_POCOS,profundida,0.0,ZERO_REQUIRES_REVIEW,REVIEW,zero preservado; provável ausência administrativa em parte dos registros,NONE
3500045364,SGB_HIDRO_MS_2024_POCOS,profundi_1,0.0,ZERO_REQUIRES_REVIEW,REVIEW,zero preservado; provável ausência administrativa em parte dos registros,NONE
3500045364,SGB_HIDRO_MS_2024_POCOS,vazao_espe,0.0,ZERO_REQUIRES_REVIEW,REVIEW,zero preservado e não assumido como medição válida,NONE
3500045364,SGB_HIDRO_MS_2024_POCOS,Cond_Eletr,0.0,ZERO_REQUIRES_REVIEW,REVIEW,zero preservado e não assumido como medição válida,NONE
3500045365,SGB_HIDRO_MS_2024_POCOS,profundida,0.0,ZERO_REQUIRES_REVIEW,REVIEW,zero preservado; provável ausência administrativa em parte dos registros,NONE
3500045365,SGB_HIDRO_MS_2024_POCOS,profundi_1,0.0,ZERO_REQUIRES_REVIEW,REVIEW,zero preservado; provável ausência administrativa em parte dos registros,NONE
3500045365,SGB_HIDRO_MS_2024_POCOS,vazao_espe,0.0,ZERO_REQUIRES_REVIEW,REVIEW,zero preservado e não assumido como medição válida,NONE
3500045365,SGB_HIDRO_MS_2024_POCOS,Cond_Eletr,0.0,ZERO_REQUIRES_REVIEW,REVIEW,zero preservado e não assumido como medição válida,NONE
3500045366,SGB_HIDRO_MS_2024_POCOS,profundida,0.0,ZERO_REQUIRES_REVIEW,REVIEW,zero preservado; provável ausência administrativa em parte dos registros,NONE
3500045366,SGB_HIDRO_MS_2024_POCOS,profundi_1,0.0,ZERO_REQUIRES_REVIEW,REVIEW,zero preservado; provável ausência administrativa em parte dos registros,NONE
3500045366,SGB_HIDRO_MS_2024_POCOS,vazao_espe,0.0,ZERO_REQUIRES_REVIEW,REVIEW,zero preservado e não assumido como medição válida,NONE
3500045366,SGB_HIDRO_MS_2024_POCOS,Cond_Eletr,0.0,ZERO_REQUIRES_REVIEW,REVIEW,zero preservado e não assumido como medição válida,NONE
3500045367,SGB_HIDRO_MS_2024_POCOS,profundida,0.0,ZERO_REQUIRES_REVIEW,REVIEW,zero preservado; provável ausência administrativa em parte dos registros,NONE
3500045367,SGB_HIDRO_MS_2024_POCOS,profundi_1,0.0,ZERO_REQUIRES_REVIEW,REVIEW,zero preservado; provável ausência administrativa em parte dos registros,NONE
3500045367,SGB_HIDRO_MS_2024_POCOS,vazao_espe,0.0,ZERO_REQUIRES_REVIEW,REVIEW,zero preservado e não assumido como medição válida,NONE
3500045367,SGB_HIDRO_MS_2024_POCOS,Cond_Eletr,0.0,ZERO_REQUIRES_REVIEW,REVIEW,zero preservado e não assumido como medição válida,NONE
3500045368,SGB_HIDRO_MS_2024_POCOS,profundida,0.0,ZERO_REQUIRES_REVIEW,REVIEW,zero preservado; provável ausência administrativa em parte dos registros,NONE
3500045368,SGB_HIDRO_MS_2024_POCOS,profundi_1,0.0,ZERO_REQUIRES_REVIEW,REVIEW,zero preservado; provável ausência administrativa em parte dos registros,NONE
3500045368,SGB_HIDRO_MS_2024_POCOS,vazao_espe,0.0,ZERO_REQUIRES_REVIEW,REVIEW,zero preservado e não assumido como medição válida,NONE
3500045368,SGB_HIDRO_MS_2024_POCOS,Cond_Eletr,0.0,ZERO_REQUIRES_REVIEW,REVIEW,zero preservado e não assumido como medição válida,NONE
3500045369,SGB_HIDRO_MS_2024_POCOS,profundida,0.0,ZERO_REQUIRES_REVIEW,REVIEW,zero preservado; provável ausência administrativa em parte dos registros,NONE
3500045369,SGB_HIDRO_MS_2024_POCOS,profundi_1,0.0,ZERO_REQUIRES_REVIEW,REVIEW,zero preservado; provável ausência administrativa em parte dos registros,NONE
3500045369,SGB_HIDRO_MS_2024_POCOS,vazao_espe,0.0,ZERO_REQUIRES_REVIEW,REVIEW,zero preservado e não assumido como medição válida,NONE
3500045369,SGB_HIDRO_MS_2024_POCOS,Cond_Eletr,0.0,ZERO_REQUIRES_REVIEW,REVIEW,zero preservado e não assumido como medição válida,NONE
3500045370,SGB_HIDRO_MS_2024_POCOS,profundida,0.0,ZERO_REQUIRES_REVIEW,REVIEW,zero preservado; provável ausência administrativa em parte dos registros,NONE
3500045370,SGB_HIDRO_MS_2024_POCOS,profundi_1,0.0,ZERO_REQUIRES_REVIEW,REVIEW,zero preservado; provável ausência administrativa em parte dos registros,NONE
3500045370,SGB_HIDRO_MS_2024_POCOS,vazao_espe,0.0,ZERO_REQUIRES_REVIEW,REVIEW,zero preservado e não assumido como medição válida,NONE
3500045370,SGB_HIDRO_MS_2024_POCOS,Cond_Eletr,0.0,ZERO_REQUIRES_REVIEW,REVIEW,zero preservado e não assumido como medição válida,NONE
3500045371,SGB_HIDRO_MS_2024_POCOS,profundida,0.0,ZERO_REQUIRES_REVIEW,REVIEW,zero preservado; provável ausência administrativa em parte dos registros,NONE
3500045371,SGB_HIDRO_MS_2024_POCOS,profundi_1,0.0,ZERO_REQUIRES_REVIEW,REVIEW,zero preservado; provável ausência administrativa em parte dos registros,NONE
3500045371,SGB_HIDRO_MS_2024_POCOS,vazao_espe,0.0,ZERO_REQUIRES_REVIEW,REVIEW,zero preservado e não assumido como medição válida,NONE
3500045371,SGB_HIDRO_MS_2024_POCOS,Cond_Eletr,0.0,ZERO_REQUIRES_REVIEW,REVIEW,zero preservado e não assumido como medição válida,NONE
3500045372,SGB_HIDRO_MS_2024_POCOS,profundida,0.0,ZERO_REQUIRES_REVIEW,REVIEW,zero preservado; provável ausência administrativa em parte dos registros,NONE
3500045372,SGB_HIDRO_MS_2024_POCOS,profundi_1,0.0,ZERO_REQUIRES_REVIEW,REVIEW,zero preservado; provável ausência administrativa em parte dos registros,NONE
3500045372,SGB_HIDRO_MS_2024_POCOS,vazao_espe,0.0,ZERO_REQUIRES_REVIEW,REVIEW,zero preservado e não assumido como medição válida,NONE
3500045372,SGB_HIDRO_MS_2024_POCOS,Cond_Eletr,0.0,ZERO_REQUIRES_REVIEW,REVIEW,zero preservado e não assumido como medição válida,NONE
3500045373,SGB_HIDRO_MS_2024_POCOS,profundida,0.0,ZERO_REQUIRES_REVIEW,REVIEW,zero preservado; provável ausência administrativa em parte dos registros,NONE
3500045373,SGB_HIDRO_MS_2024_POCOS,profundi_1,0.0,ZERO_REQUIRES_REVIEW,REVIEW,zero preservado; provável ausência administrativa em parte dos registros,NONE
3500045373,SGB_HIDRO_MS_2024_POCOS,vazao_espe,0.0,ZERO_REQUIRES_REVIEW,REVIEW,zero preservado e não assumido como medição válida,NONE
3500045373,SGB_HIDRO_MS_2024_POCOS,Cond_Eletr,0.0,ZERO_REQUIRES_REVIEW,REVIEW,zero preservado e não assumido como medição válida,NONE
3500045374,SGB_HIDRO_MS_2024_POCOS,profundida,0.0,ZERO_REQUIRES_REVIEW,REVIEW,zero preservado; provável ausência administrativa em parte dos registros,NONE
3500045374,SGB_HIDRO_MS_2024_POCOS,profundi_1,0.0,ZERO_REQUIRES_REVIEW,REVIEW,zero preservado; provável ausência administrativa em parte dos registros,NONE
3500045374,SGB_HIDRO_MS_2024_POCOS,vazao_espe,0.0,ZERO_REQUIRES_REVIEW,REVIEW,zero preservado e não assumido como medição válida,NONE
3500045374,SGB_HIDRO_MS_2024_POCOS,Cond_Eletr,0.0,ZERO_REQUIRES_REVIEW,REVIEW,zero preservado e não assumido como medição válida,NONE
3500045375,SGB_HIDRO_MS_2024_POCOS,profundida,0.0,ZERO_REQUIRES_REVIEW,REVIEW,zero preservado; provável ausência administrativa em parte dos registros,NONE
3500045375,SGB_HIDRO_MS_2024_POCOS,profundi_1,0.0,ZERO_REQUIRES_REVIEW,REVIEW,zero preservado; provável ausência administrativa em parte dos registros,NONE
3500045375,SGB_HIDRO_MS_2024_POCOS,vazao_espe,0.0,ZERO_REQUIRES_REVIEW,REVIEW,zero preservado e não assumido como medição válida,NONE
3500045375,SGB_HIDRO_MS_2024_POCOS,Cond_Eletr,0.0,ZERO_REQUIRES_REVIEW,REVIEW,zero preservado e não assumido como medição válida,NONE
3500045376,SGB_HIDRO_MS_2024_POCOS,profundida,0.0,ZERO_REQUIRES_REVIEW,REVIEW,zero preservado; provável ausência administrativa em parte dos registros,NONE
3500045376,SGB_HIDRO_MS_2024_POCOS,profundi_1,0.0,ZERO_REQUIRES_REVIEW,REVIEW,zero preservado; provável ausência administrativa em parte dos registros,NONE
3500045376,SGB_HIDRO_MS_2024_POCOS,vazao_espe,0.0,ZERO_REQUIRES_REVIEW,REVIEW,zero preservado e não assumido como medição válida,NONE
3500045376,SGB_HIDRO_MS_2024_POCOS,Cond_Eletr,0.0,ZERO_REQUIRES_REVIEW,REVIEW,zero preservado e não assumido como medição válida,NONE
3500045377,SGB_HIDRO_MS_2024_POCOS,profundida,0.0,ZERO_REQUIRES_REVIEW,REVIEW,zero preservado; provável ausência administrativa em parte dos registros,NONE
3500045377,SGB_HIDRO_MS_2024_POCOS,profundi_1,0.0,ZERO_REQUIRES_REVIEW,REVIEW,zero preservado; provável ausência administrativa em parte dos registros,NONE
3500045377,SGB_HIDRO_MS_2024_POCOS,vazao_espe,0.0,ZERO_REQUIRES_REVIEW,REVIEW,zero preservado e não assumido como medição válida,NONE
3500045377,SGB_HIDRO_MS_2024_POCOS,Cond_Eletr,0.0,ZERO_REQUIRES_REVIEW,REVIEW,zero preservado e não assumido como medição válida,NONE
3500045378,SGB_HIDRO_MS_2024_POCOS,profundida,0.0,ZERO_REQUIRES_REVIEW,REVIEW,zero preservado; provável ausência administrativa em parte dos registros,NONE
3500045378,SGB_HIDRO_MS_2024_POCOS,profundi_1,0.0,ZERO_REQUIRES_REVIEW,REVIEW,zero preservado; provável ausência administrativa em parte dos registros,NONE
3500045378,SGB_HIDRO_MS_2024_POCOS,vazao_espe,0.0,ZERO_REQUIRES_REVIEW,REVIEW,zero preservado e não assumido como medição válida,NONE
3500045378,SGB_HIDRO_MS_2024_POCOS,Cond_Eletr,0.0,ZERO_REQUIRES_REVIEW,REVIEW,zero preservado e não assumido como medição válida,NONE
3500045379,SGB_HIDRO_MS_2024_POCOS,profundida,0.0,ZERO_REQUIRES_REVIEW,REVIEW,zero preservado; provável ausência administrativa em parte dos registros,NONE
3500045379,SGB_HIDRO_MS_2024_POCOS,profundi_1,0.0,ZERO_REQUIRES_REVIEW,REVIEW,zero preservado; provável ausência administrativa em parte dos registros,NONE
3500045379,SGB_HIDRO_MS_2024_POCOS,vazao_espe,0.0,ZERO_REQUIRES_REVIEW,REVIEW,zero preservado e não assumido como medição válida,NONE
3500045379,SGB_HIDRO_MS_2024_POCOS,Cond_Eletr,0.0,ZERO_REQUIRES_REVIEW,REVIEW,zero preservado e não assumido como medição válida,NONE
3500045380,SGB_HIDRO_MS_2024_POCOS,profundida,0.0,ZERO_REQUIRES_REVIEW,REVIEW,zero preservado; provável ausência administrativa em parte dos registros,NONE
3500045380,SGB_HIDRO_MS_2024_POCOS,profundi_1,0.0,ZERO_REQUIRES_REVIEW,REVIEW,zero preservado; provável ausência administrativa em parte dos registros,NONE
3500045380,SGB_HIDRO_MS_2024_POCOS,vazao_espe,0.0,ZERO_REQUIRES_REVIEW,REVIEW,zero preservado e não assumido como medição válida,NONE
3500045380,SGB_HIDRO_MS_2024_POCOS,Cond_Eletr,0.0,ZERO_REQUIRES_REVIEW,REVIEW,zero preservado e não assumido como medição válida,NONE
3500045381,SGB_HIDRO_MS_2024_POCOS,profundida,0.0,ZERO_REQUIRES_REVIEW,REVIEW,zero preservado; provável ausência administrativa em parte dos registros,NONE
3500045381,SGB_HIDRO_MS_2024_POCOS,profundi_1,0.0,ZERO_REQUIRES_REVIEW,REVIEW,zero preservado; provável ausência administrativa em parte dos registros,NONE
3500045381,SGB_HIDRO_MS_2024_POCOS,vazao_espe,0.0,ZERO_REQUIRES_REVIEW,REVIEW,zero preservado e não assumido como medição válida,NONE
3500045381,SGB_HIDRO_MS_2024_POCOS,Cond_Eletr,0.0,ZERO_REQUIRES_REVIEW,REVIEW,zero preservado e não assumido como medição válida,NONE
3500045382,SGB_HIDRO_MS_2024_POCOS,profundida,0.0,ZERO_REQUIRES_REVIEW,REVIEW,zero preservado; provável ausência administrativa em parte dos registros,NONE
3500045382,SGB_HIDRO_MS_2024_POCOS,profundi_1,0.0,ZERO_REQUIRES_REVIEW,REVIEW,zero preservado; provável ausência administrativa em parte dos registros,NONE
3500045382,SGB_HIDRO_MS_2024_POCOS,vazao_espe,0.0,ZERO_REQUIRES_REVIEW,REVIEW,zero preservado e não assumido como medição válida,NONE
3500045382,SGB_HIDRO_MS_2024_POCOS,Cond_Eletr,0.0,ZERO_REQUIRES_REVIEW,REVIEW,zero preservado e não assumido como medição válida,NONE
3500045383,SGB_HIDRO_MS_2024_POCOS,profundida,0.0,ZERO_REQUIRES_REVIEW,REVIEW,zero preservado; provável ausência administrativa em parte dos registros,NONE
3500045383,SGB_HIDRO_MS_2024_POCOS,Cond_Eletr,0.0,ZERO_REQUIRES_REVIEW,REVIEW,zero preservado e não assumido como medição válida,NONE
3500045384,SGB_HIDRO_MS_2024_POCOS,profundida,0.0,ZERO_REQUIRES_REVIEW,REVIEW,zero preservado; provável ausência administrativa em parte dos registros,NONE
3500045384,SGB_HIDRO_MS_2024_POCOS,profundi_1,0.0,ZERO_REQUIRES_REVIEW,REVIEW,zero preservado; provável ausência administrativa em parte dos registros,NONE
3500045384,SGB_HIDRO_MS_2024_POCOS,vazao_espe,0.0,ZERO_REQUIRES_REVIEW,REVIEW,zero preservado e não assumido como medição válida,NONE
3500045384,SGB_HIDRO_MS_2024_POCOS,Cond_Eletr,0.0,ZERO_REQUIRES_REVIEW,REVIEW,zero preservado e não assumido como medição válida,NONE
3500045385,SGB_HIDRO_MS_2024_POCOS,profundida,0.0,ZERO_REQUIRES_REVIEW,REVIEW,zero preservado; provável ausência administrativa em parte dos registros,NONE
3500045385,SGB_HIDRO_MS_2024_POCOS,Cond_Eletr,0.0,ZERO_REQUIRES_REVIEW,REVIEW,zero preservado e não assumido como medição válida,NONE
3500045386,SGB_HIDRO_MS_2024_POCOS,profundida,0.0,ZERO_REQUIRES_REVIEW,REVIEW,zero preservado; provável ausência administrativa em parte dos registros,NONE
3500045386,SGB_HIDRO_MS_2024_POCOS,Cond_Eletr,0.0,ZERO_REQUIRES_REVIEW,REVIEW,zero preservado e não assumido como medição válida,NONE
3500045387,SGB_HIDRO_MS_2024_POCOS,profundida,0.0,ZERO_REQUIRES_REVIEW,REVIEW,zero preservado; provável ausência administrativa em parte dos registros,NONE
3500045387,SGB_HIDRO_MS_2024_POCOS,profundi_1,0.0,ZERO_REQUIRES_REVIEW,REVIEW,zero preservado; provável ausência administrativa em parte dos registros,NONE
3500045387,SGB_HIDRO_MS_2024_POCOS,vazao_espe,0.0,ZERO_REQUIRES_REVIEW,REVIEW,zero preservado e não assumido como medição válida,NONE
3500045387,SGB_HIDRO_MS_2024_POCOS,Cond_Eletr,0.0,ZERO_REQUIRES_REVIEW,REVIEW,zero preservado e não assumido como medição válida,NONE
3500045388,SGB_HIDRO_MS_2024_POCOS,profundida,0.0,ZERO_REQUIRES_REVIEW,REVIEW,zero preservado; provável ausência administrativa em parte dos registros,NONE
3500045388,SGB_HIDRO_MS_2024_POCOS,profundi_1,0.0,ZERO_REQUIRES_REVIEW,REVIEW,zero preservado; provável ausência administrativa em parte dos registros,NONE
3500045388,SGB_HIDRO_MS_2024_POCOS,vazao_espe,0.0,ZERO_REQUIRES_REVIEW,REVIEW,zero preservado e não assumido como medição válida,NONE
3500045388,SGB_HIDRO_MS_2024_POCOS,Cond_Eletr,0.0,ZERO_REQUIRES_REVIEW,REVIEW,zero preservado e não assumido como medição válida,NONE
3500045389,SGB_HIDRO_MS_2024_POCOS,profundida,0.0,ZERO_REQUIRES_REVIEW,REVIEW,zero preservado; provável ausência administrativa em parte dos registros,NONE
3500045389,SGB_HIDRO_MS_2024_POCOS,profundi_1,0.0,ZERO_REQUIRES_REVIEW,REVIEW,zero preservado; provável ausência administrativa em parte dos registros,NONE
3500045389,SGB_HIDRO_MS_2024_POCOS,vazao_espe,0.0,ZERO_REQUIRES_REVIEW,REVIEW,zero preservado e não assumido como medição válida,NONE
3500045389,SGB_HIDRO_MS_2024_POCOS,Cond_Eletr,0.0,ZERO_REQUIRES_REVIEW,REVIEW,zero preservado e não assumido como medição válida,NONE
3500045390,SGB_HIDRO_MS_2024_POCOS,profundida,0.0,ZERO_REQUIRES_REVIEW,REVIEW,zero preservado; provável ausência administrativa em parte dos registros,NONE
3500045390,SGB_HIDRO_MS_2024_POCOS,profundi_1,0.0,ZERO_REQUIRES_REVIEW,REVIEW,zero preservado; provável ausência administrativa em parte dos registros,NONE
3500045390,SGB_HIDRO_MS_2024_POCOS,vazao_espe,0.0,ZERO_REQUIRES_REVIEW,REVIEW,zero preservado e não assumido como medição válida,NONE
3500045390,SGB_HIDRO_MS_2024_POCOS,Cond_Eletr,0.0,ZERO_REQUIRES_REVIEW,REVIEW,zero preservado e não assumido como medição válida,NONE
3500045391,SGB_HIDRO_MS_2024_POCOS,profundida,0.0,ZERO_REQUIRES_REVIEW,REVIEW,zero preservado; provável ausência administrativa em parte dos registros,NONE
3500045391,SGB_HIDRO_MS_2024_POCOS,profundi_1,0.0,ZERO_REQUIRES_REVIEW,REVIEW,zero preservado; provável ausência administrativa em parte dos registros,NONE
3500045391,SGB_HIDRO_MS_2024_POCOS,vazao_espe,0.0,ZERO_REQUIRES_REVIEW,REVIEW,zero preservado e não assumido como medição válida,NONE
3500045391,SGB_HIDRO_MS_2024_POCOS,Cond_Eletr,0.0,ZERO_REQUIRES_REVIEW,REVIEW,zero preservado e não assumido como medição válida,NONE
3500045392,SGB_HIDRO_MS_2024_POCOS,profundida,0.0,ZERO_REQUIRES_REVIEW,REVIEW,zero preservado; provável ausência administrativa em parte dos registros,NONE
3500045392,SGB_HIDRO_MS_2024_POCOS,profundi_1,0.0,ZERO_REQUIRES_REVIEW,REVIEW,zero preservado; provável ausência administrativa em parte dos registros,NONE
3500045392,SGB_HIDRO_MS_2024_POCOS,vazao_espe,0.0,ZERO_REQUIRES_REVIEW,REVIEW,zero preservado e não assumido como medição válida,NONE
3500045392,SGB_HIDRO_MS_2024_POCOS,Cond_Eletr,0.0,ZERO_REQUIRES_REVIEW,REVIEW,zero preservado e não assumido como medição válida,NONE
3500045393,SGB_HIDRO_MS_2024_POCOS,profundida,0.0,ZERO_REQUIRES_REVIEW,REVIEW,zero preservado; provável ausência administrativa em parte dos registros,NONE
3500045393,SGB_HIDRO_MS_2024_POCOS,profundi_1,0.0,ZERO_REQUIRES_REVIEW,REVIEW,zero preservado; provável ausência administrativa em parte dos registros,NONE
3500045393,SGB_HIDRO_MS_2024_POCOS,vazao_espe,0.0,ZERO_REQUIRES_REVIEW,REVIEW,zero preservado e não assumido como medição válida,NONE
3500045393,SGB_HIDRO_MS_2024_POCOS,Cond_Eletr,0.0,ZERO_REQUIRES_REVIEW,REVIEW,zero preservado e não assumido como medição válida,NONE
3500045394,SGB_HIDRO_MS_2024_POCOS,profundida,0.0,ZERO_REQUIRES_REVIEW,REVIEW,zero preservado; provável ausência administrativa em parte dos registros,NONE
3500045394,SGB_HIDRO_MS_2024_POCOS,profundi_1,0.0,ZERO_REQUIRES_REVIEW,REVIEW,zero preservado; provável ausência administrativa em parte dos registros,NONE
3500045394,SGB_HIDRO_MS_2024_POCOS,vazao_espe,0.0,ZERO_REQUIRES_REVIEW,REVIEW,zero preservado e não assumido como medição válida,NONE
3500045394,SGB_HIDRO_MS_2024_POCOS,Cond_Eletr,0.0,ZERO_REQUIRES_REVIEW,REVIEW,zero preservado e não assumido como medição válida,NONE
3500045395,SGB_HIDRO_MS_2024_POCOS,profundida,0.0,ZERO_REQUIRES_REVIEW,REVIEW,zero preservado; provável ausência administrativa em parte dos registros,NONE
3500045395,SGB_HIDRO_MS_2024_POCOS,profundi_1,0.0,ZERO_REQUIRES_REVIEW,REVIEW,zero preservado; provável ausência administrativa em parte dos registros,NONE
3500045395,SGB_HIDRO_MS_2024_POCOS,vazao_espe,0.0,ZERO_REQUIRES_REVIEW,REVIEW,zero preservado e não assumido como medição válida,NONE
3500045395,SGB_HIDRO_MS_2024_POCOS,Cond_Eletr,0.0,ZERO_REQUIRES_REVIEW,REVIEW,zero preservado e não assumido como medição válida,NONE
3500045396,SGB_HIDRO_MS_2024_POCOS,profundida,0.0,ZERO_REQUIRES_REVIEW,REVIEW,zero preservado; provável ausência administrativa em parte dos registros,NONE
3500045396,SGB_HIDRO_MS_2024_POCOS,profundi_1,0.0,ZERO_REQUIRES_REVIEW,REVIEW,zero preservado; provável ausência administrativa em parte dos registros,NONE
3500045396,SGB_HIDRO_MS_2024_POCOS,vazao_espe,0.0,ZERO_REQUIRES_REVIEW,REVIEW,zero preservado e não assumido como medição válida,NONE
3500045396,SGB_HIDRO_MS_2024_POCOS,Cond_Eletr,0.0,ZERO_REQUIRES_REVIEW,REVIEW,zero preservado e não assumido como medição válida,NONE
3500045397,SGB_HIDRO_MS_2024_POCOS,profundida,0.0,ZERO_REQUIRES_REVIEW,REVIEW,zero preservado; provável ausência administrativa em parte dos registros,NONE
3500045397,SGB_HIDRO_MS_2024_POCOS,profundi_1,0.0,ZERO_REQUIRES_REVIEW,REVIEW,zero preservado; provável ausência administrativa em parte dos registros,NONE
3500045397,SGB_HIDRO_MS_2024_POCOS,vazao_espe,0.0,ZERO_REQUIRES_REVIEW,REVIEW,zero preservado e não assumido como medição válida,NONE
3500045397,SGB_HIDRO_MS_2024_POCOS,Cond_Eletr,0.0,ZERO_REQUIRES_REVIEW,REVIEW,zero preservado e não assumido como medição válida,NONE
3500045398,SGB_HIDRO_MS_2024_POCOS,profundida,0.0,ZERO_REQUIRES_REVIEW,REVIEW,zero preservado; provável ausência administrativa em parte dos registros,NONE
3500045398,SGB_HIDRO_MS_2024_POCOS,Cond_Eletr,0.0,ZERO_REQUIRES_REVIEW,REVIEW,zero preservado e não assumido como medição válida,NONE
3500045399,SGB_HIDRO_MS_2024_POCOS,profundida,0.0,ZERO_REQUIRES_REVIEW,REVIEW,zero preservado; provável ausência administrativa em parte dos registros,NONE
3500045399,SGB_HIDRO_MS_2024_POCOS,profundi_1,0.0,ZERO_REQUIRES_REVIEW,REVIEW,zero preservado; provável ausência administrativa em parte dos registros,NONE
3500045399,SGB_HIDRO_MS_2024_POCOS,vazao_espe,0.0,ZERO_REQUIRES_REVIEW,REVIEW,zero preservado e não assumido como medição válida,NONE
3500045399,SGB_HIDRO_MS_2024_POCOS,Cond_Eletr,0.0,ZERO_REQUIRES_REVIEW,REVIEW,zero preservado e não assumido como medição válida,NONE
3500045400,SGB_HIDRO_MS_2024_POCOS,profundida,0.0,ZERO_REQUIRES_REVIEW,REVIEW,zero preservado; provável ausência administrativa em parte dos registros,NONE
3500045400,SGB_HIDRO_MS_2024_POCOS,profundi_1,0.0,ZERO_REQUIRES_REVIEW,REVIEW,zero preservado; provável ausência administrativa em parte dos registros,NONE
3500045400,SGB_HIDRO_MS_2024_POCOS,vazao_espe,0.0,ZERO_REQUIRES_REVIEW,REVIEW,zero preservado e não assumido como medição válida,NONE
3500045400,SGB_HIDRO_MS_2024_POCOS,Cond_Eletr,0.0,ZERO_REQUIRES_REVIEW,REVIEW,zero preservado e não assumido como medição válida,NONE
3500045401,SGB_HIDRO_MS_2024_POCOS,profundida,0.0,ZERO_REQUIRES_REVIEW,REVIEW,zero preservado; provável ausência administrativa em parte dos registros,NONE
3500045401,SGB_HIDRO_MS_2024_POCOS,profundi_1,0.0,ZERO_REQUIRES_REVIEW,REVIEW,zero preservado; provável ausência administrativa em parte dos registros,NONE
3500045401,SGB_HIDRO_MS_2024_POCOS,vazao_espe,0.0,ZERO_REQUIRES_REVIEW,REVIEW,zero preservado e não assumido como medição válida,NONE
3500045401,SGB_HIDRO_MS_2024_POCOS,Cond_Eletr,0.0,ZERO_REQUIRES_REVIEW,REVIEW,zero preservado e não assumido como medição válida,NONE
3500045402,SGB_HIDRO_MS_2024_POCOS,profundida,0.0,ZERO_REQUIRES_REVIEW,REVIEW,zero preservado; provável ausência administrativa em parte dos registros,NONE
3500045402,SGB_HIDRO_MS_2024_POCOS,profundi_1,0.0,ZERO_REQUIRES_REVIEW,REVIEW,zero preservado; provável ausência administrativa em parte dos registros,NONE
3500045402,SGB_HIDRO_MS_2024_POCOS,vazao_espe,0.0,ZERO_REQUIRES_REVIEW,REVIEW,zero preservado e não assumido como medição válida,NONE
3500045402,SGB_HIDRO_MS_2024_POCOS,Cond_Eletr,0.0,ZERO_REQUIRES_REVIEW,REVIEW,zero preservado e não assumido como medição válida,NONE
3500045403,SGB_HIDRO_MS_2024_POCOS,profundida,0.0,ZERO_REQUIRES_REVIEW,REVIEW,zero preservado; provável ausência administrativa em parte dos registros,NONE
3500045403,SGB_HIDRO_MS_2024_POCOS,profundi_1,0.0,ZERO_REQUIRES_REVIEW,REVIEW,zero preservado; provável ausência administrativa em parte dos registros,NONE
3500045403,SGB_HIDRO_MS_2024_POCOS,vazao_espe,0.0,ZERO_REQUIRES_REVIEW,REVIEW,zero preservado e não assumido como medição válida,NONE
3500045403,SGB_HIDRO_MS_2024_POCOS,Cond_Eletr,0.0,ZERO_REQUIRES_REVIEW,REVIEW,zero preservado e não assumido como medição válida,NONE
3500045404,SGB_HIDRO_MS_2024_POCOS,profundida,0.0,ZERO_REQUIRES_REVIEW,REVIEW,zero preservado; provável ausência administrativa em parte dos registros,NONE
3500045404,SGB_HIDRO_MS_2024_POCOS,profundi_1,0.0,ZERO_REQUIRES_REVIEW,REVIEW,zero preservado; provável ausência administrativa em parte dos registros,NONE
3500045404,SGB_HIDRO_MS_2024_POCOS,vazao_espe,0.0,ZERO_REQUIRES_REVIEW,REVIEW,zero preservado e não assumido como medição válida,NONE
3500045404,SGB_HIDRO_MS_2024_POCOS,Cond_Eletr,0.0,ZERO_REQUIRES_REVIEW,REVIEW,zero preservado e não assumido como medição válida,NONE
3500045405,SGB_HIDRO_MS_2024_POCOS,profundida,0.0,ZERO_REQUIRES_REVIEW,REVIEW,zero preservado; provável ausência administrativa em parte dos registros,NONE
3500045405,SGB_HIDRO_MS_2024_POCOS,profundi_1,0.0,ZERO_REQUIRES_REVIEW,REVIEW,zero preservado; provável ausência administrativa em parte dos registros,NONE
3500045405,SGB_HIDRO_MS_2024_POCOS,vazao_espe,0.0,ZERO_REQUIRES_REVIEW,REVIEW,zero preservado e não assumido como medição válida,NONE
3500045405,SGB_HIDRO_MS_2024_POCOS,Cond_Eletr,0.0,ZERO_REQUIRES_REVIEW,REVIEW,zero preservado e não assumido como medição válida,NONE
3500045406,SGB_HIDRO_MS_2024_POCOS,profundida,0.0,ZERO_REQUIRES_REVIEW,REVIEW,zero preservado; provável ausência administrativa em parte dos registros,NONE
3500045406,SGB_HIDRO_MS_2024_POCOS,profundi_1,0.0,ZERO_REQUIRES_REVIEW,REVIEW,zero preservado; provável ausência administrativa em parte dos registros,NONE
3500045406,SGB_HIDRO_MS_2024_POCOS,vazao_espe,0.0,ZERO_REQUIRES_REVIEW,REVIEW,zero preservado e não assumido como medição válida,NONE
3500045406,SGB_HIDRO_MS_2024_POCOS,Cond_Eletr,0.0,ZERO_REQUIRES_REVIEW,REVIEW,zero preservado e não assumido como medição válida,NONE
3500045407,SGB_HIDRO_MS_2024_POCOS,profundida,0.0,ZERO_REQUIRES_REVIEW,REVIEW,zero preservado; provável ausência administrativa em parte dos registros,NONE
3500045407,SGB_HIDRO_MS_2024_POCOS,profundi_1,0.0,ZERO_REQUIRES_REVIEW,REVIEW,zero preservado; provável ausência administrativa em parte dos registros,NONE
3500045407,SGB_HIDRO_MS_2024_POCOS,vazao_espe,0.0,ZERO_REQUIRES_REVIEW,REVIEW,zero preservado e não assumido como medição válida,NONE
3500045407,SGB_HIDRO_MS_2024_POCOS,Cond_Eletr,0.0,ZERO_REQUIRES_REVIEW,REVIEW,zero preservado e não assumido como medição válida,NONE
3500045408,SGB_HIDRO_MS_2024_POCOS,profundida,0.0,ZERO_REQUIRES_REVIEW,REVIEW,zero preservado; provável ausência administrativa em parte dos registros,NONE
3500045408,SGB_HIDRO_MS_2024_POCOS,profundi_1,0.0,ZERO_REQUIRES_REVIEW,REVIEW,zero preservado; provável ausência administrativa em parte dos registros,NONE
3500045408,SGB_HIDRO_MS_2024_POCOS,vazao_espe,0.0,ZERO_REQUIRES_REVIEW,REVIEW,zero preservado e não assumido como medição válida,NONE
3500045408,SGB_HIDRO_MS_2024_POCOS,Cond_Eletr,0.0,ZERO_REQUIRES_REVIEW,REVIEW,zero preservado e não assumido como medição válida,NONE
3500045409,SGB_HIDRO_MS_2024_POCOS,profundida,0.0,ZERO_REQUIRES_REVIEW,REVIEW,zero preservado; provável ausência administrativa em parte dos registros,NONE
3500045409,SGB_HIDRO_MS_2024_POCOS,profundi_1,0.0,ZERO_REQUIRES_REVIEW,REVIEW,zero preservado; provável ausência administrativa em parte dos registros,NONE
3500045409,SGB_HIDRO_MS_2024_POCOS,vazao_espe,0.0,ZERO_REQUIRES_REVIEW,REVIEW,zero preservado e não assumido como medição válida,NONE
3500045409,SGB_HIDRO_MS_2024_POCOS,Cond_Eletr,0.0,ZERO_REQUIRES_REVIEW,REVIEW,zero preservado e não assumido como medição válida,NONE
3500045410,SGB_HIDRO_MS_2024_POCOS,profundida,0.0,ZERO_REQUIRES_REVIEW,REVIEW,zero preservado; provável ausência administrativa em parte dos registros,NONE
3500045410,SGB_HIDRO_MS_2024_POCOS,profundi_1,0.0,ZERO_REQUIRES_REVIEW,REVIEW,zero preservado; provável ausência administrativa em parte dos registros,NONE
3500045410,SGB_HIDRO_MS_2024_POCOS,vazao_espe,0.0,ZERO_REQUIRES_REVIEW,REVIEW,zero preservado e não assumido como medição válida,NONE
3500045410,SGB_HIDRO_MS_2024_POCOS,Cond_Eletr,0.0,ZERO_REQUIRES_REVIEW,REVIEW,zero preservado e não assumido como medição válida,NONE
3500045411,SGB_HIDRO_MS_2024_POCOS,profundida,0.0,ZERO_REQUIRES_REVIEW,REVIEW,zero preservado; provável ausência administrativa em parte dos registros,NONE
3500045411,SGB_HIDRO_MS_2024_POCOS,profundi_1,0.0,ZERO_REQUIRES_REVIEW,REVIEW,zero preservado; provável ausência administrativa em parte dos registros,NONE
3500045411,SGB_HIDRO_MS_2024_POCOS,vazao_espe,0.0,ZERO_REQUIRES_REVIEW,REVIEW,zero preservado e não assumido como medição válida,NONE
3500045411,SGB_HIDRO_MS_2024_POCOS,Cond_Eletr,0.0,ZERO_REQUIRES_REVIEW,REVIEW,zero preservado e não assumido como medição válida,NONE
3500045412,SGB_HIDRO_MS_2024_POCOS,profundida,0.0,ZERO_REQUIRES_REVIEW,REVIEW,zero preservado; provável ausência administrativa em parte dos registros,NONE
3500045412,SGB_HIDRO_MS_2024_POCOS,profundi_1,0.0,ZERO_REQUIRES_REVIEW,REVIEW,zero preservado; provável ausência administrativa em parte dos registros,NONE
3500045412,SGB_HIDRO_MS_2024_POCOS,vazao_espe,0.0,ZERO_REQUIRES_REVIEW,REVIEW,zero preservado e não assumido como medição válida,NONE
3500045412,SGB_HIDRO_MS_2024_POCOS,Cond_Eletr,0.0,ZERO_REQUIRES_REVIEW,REVIEW,zero preservado e não assumido como medição válida,NONE
3500045413,SGB_HIDRO_MS_2024_POCOS,profundida,0.0,ZERO_REQUIRES_REVIEW,REVIEW,zero preservado; provável ausência administrativa em parte dos registros,NONE
3500045413,SGB_HIDRO_MS_2024_POCOS,profundi_1,0.0,ZERO_REQUIRES_REVIEW,REVIEW,zero preservado; provável ausência administrativa em parte dos registros,NONE
3500045413,SGB_HIDRO_MS_2024_POCOS,vazao_espe,0.0,ZERO_REQUIRES_REVIEW,REVIEW,zero preservado e não assumido como medição válida,NONE
3500045413,SGB_HIDRO_MS_2024_POCOS,Cond_Eletr,0.0,ZERO_REQUIRES_REVIEW,REVIEW,zero preservado e não assumido como medição válida,NONE
3500045414,SGB_HIDRO_MS_2024_POCOS,profundida,0.0,ZERO_REQUIRES_REVIEW,REVIEW,zero preservado; provável ausência administrativa em parte dos registros,NONE
3500045414,SGB_HIDRO_MS_2024_POCOS,profundi_1,0.0,ZERO_REQUIRES_REVIEW,REVIEW,zero preservado; provável ausência administrativa em parte dos registros,NONE
3500045414,SGB_HIDRO_MS_2024_POCOS,vazao_espe,0.0,ZERO_REQUIRES_REVIEW,REVIEW,zero preservado e não assumido como medição válida,NONE
3500045414,SGB_HIDRO_MS_2024_POCOS,Cond_Eletr,0.0,ZERO_REQUIRES_REVIEW,REVIEW,zero preservado e não assumido como medição válida,NONE
3500045415,SGB_HIDRO_MS_2024_POCOS,profundida,0.0,ZERO_REQUIRES_REVIEW,REVIEW,zero preservado; provável ausência administrativa em parte dos registros,NONE
3500045415,SGB_HIDRO_MS_2024_POCOS,profundi_1,0.0,ZERO_REQUIRES_REVIEW,REVIEW,zero preservado; provável ausência administrativa em parte dos registros,NONE
3500045415,SGB_HIDRO_MS_2024_POCOS,vazao_espe,0.0,ZERO_REQUIRES_REVIEW,REVIEW,zero preservado e não assumido como medição válida,NONE
3500045415,SGB_HIDRO_MS_2024_POCOS,Cond_Eletr,0.0,ZERO_REQUIRES_REVIEW,REVIEW,zero preservado e não assumido como medição válida,NONE
3500045416,SGB_HIDRO_MS_2024_POCOS,profundida,0.0,ZERO_REQUIRES_REVIEW,REVIEW,zero preservado; provável ausência administrativa em parte dos registros,NONE
3500045416,SGB_HIDRO_MS_2024_POCOS,profundi_1,0.0,ZERO_REQUIRES_REVIEW,REVIEW,zero preservado; provável ausência administrativa em parte dos registros,NONE
3500045416,SGB_HIDRO_MS_2024_POCOS,vazao_espe,0.0,ZERO_REQUIRES_REVIEW,REVIEW,zero preservado e não assumido como medição válida,NONE
3500045416,SGB_HIDRO_MS_2024_POCOS,Cond_Eletr,0.0,ZERO_REQUIRES_REVIEW,REVIEW,zero preservado e não assumido como medição válida,NONE
3500045417,SGB_HIDRO_MS_2024_POCOS,profundida,0.0,ZERO_REQUIRES_REVIEW,REVIEW,zero preservado; provável ausência administrativa em parte dos registros,NONE
3500045417,SGB_HIDRO_MS_2024_POCOS,profundi_1,0.0,ZERO_REQUIRES_REVIEW,REVIEW,zero preservado; provável ausência administrativa em parte dos registros,NONE
3500045417,SGB_HIDRO_MS_2024_POCOS,vazao_espe,0.0,ZERO_REQUIRES_REVIEW,REVIEW,zero preservado e não assumido como medição válida,NONE
3500045417,SGB_HIDRO_MS_2024_POCOS,Cond_Eletr,0.0,ZERO_REQUIRES_REVIEW,REVIEW,zero preservado e não assumido como medição válida,NONE
3500045418,SGB_HIDRO_MS_2024_POCOS,profundida,0.0,ZERO_REQUIRES_REVIEW,REVIEW,zero preservado; provável ausência administrativa em parte dos registros,NONE
3500045418,SGB_HIDRO_MS_2024_POCOS,profundi_1,0.0,ZERO_REQUIRES_REVIEW,REVIEW,zero preservado; provável ausência administrativa em parte dos registros,NONE
3500045418,SGB_HIDRO_MS_2024_POCOS,vazao_espe,0.0,ZERO_REQUIRES_REVIEW,REVIEW,zero preservado e não assumido como medição válida,NONE
3500045418,SGB_HIDRO_MS_2024_POCOS,Cond_Eletr,0.0,ZERO_REQUIRES_REVIEW,REVIEW,zero preservado e não assumido como medição válida,NONE
3500045419,SGB_HIDRO_MS_2024_POCOS,profundida,0.0,ZERO_REQUIRES_REVIEW,REVIEW,zero preservado; provável ausência administrativa em parte dos registros,NONE
3500045419,SGB_HIDRO_MS_2024_POCOS,profundi_1,0.0,ZERO_REQUIRES_REVIEW,REVIEW,zero preservado; provável ausência administrativa em parte dos registros,NONE
3500045419,SGB_HIDRO_MS_2024_POCOS,vazao_espe,0.0,ZERO_REQUIRES_REVIEW,REVIEW,zero preservado e não assumido como medição válida,NONE
3500045419,SGB_HIDRO_MS_2024_POCOS,Cond_Eletr,0.0,ZERO_REQUIRES_REVIEW,REVIEW,zero preservado e não assumido como medição válida,NONE
3500045420,SGB_HIDRO_MS_2024_POCOS,profundida,0.0,ZERO_REQUIRES_REVIEW,REVIEW,zero preservado; provável ausência administrativa em parte dos registros,NONE
3500045420,SGB_HIDRO_MS_2024_POCOS,profundi_1,0.0,ZERO_REQUIRES_REVIEW,REVIEW,zero preservado; provável ausência administrativa em parte dos registros,NONE
3500045420,SGB_HIDRO_MS_2024_POCOS,vazao_espe,0.0,ZERO_REQUIRES_REVIEW,REVIEW,zero preservado e não assumido como medição válida,NONE
3500045420,SGB_HIDRO_MS_2024_POCOS,Cond_Eletr,0.0,ZERO_REQUIRES_REVIEW,REVIEW,zero preservado e não assumido como medição válida,NONE
3500045421,SGB_HIDRO_MS_2024_POCOS,profundida,0.0,ZERO_REQUIRES_REVIEW,REVIEW,zero preservado; provável ausência administrativa em parte dos registros,NONE
3500045421,SGB_HIDRO_MS_2024_POCOS,profundi_1,0.0,ZERO_REQUIRES_REVIEW,REVIEW,zero preservado; provável ausência administrativa em parte dos registros,NONE
3500045421,SGB_HIDRO_MS_2024_POCOS,vazao_espe,0.0,ZERO_REQUIRES_REVIEW,REVIEW,zero preservado e não assumido como medição válida,NONE
3500045421,SGB_HIDRO_MS_2024_POCOS,Cond_Eletr,0.0,ZERO_REQUIRES_REVIEW,REVIEW,zero preservado e não assumido como medição válida,NONE
3500045422,SGB_HIDRO_MS_2024_POCOS,profundida,0.0,ZERO_REQUIRES_REVIEW,REVIEW,zero preservado; provável ausência administrativa em parte dos registros,NONE
3500045422,SGB_HIDRO_MS_2024_POCOS,Cond_Eletr,0.0,ZERO_REQUIRES_REVIEW,REVIEW,zero preservado e não assumido como medição válida,NONE
3500045423,SGB_HIDRO_MS_2024_POCOS,profundida,0.0,ZERO_REQUIRES_REVIEW,REVIEW,zero preservado; provável ausência administrativa em parte dos registros,NONE
3500045423,SGB_HIDRO_MS_2024_POCOS,profundi_1,0.0,ZERO_REQUIRES_REVIEW,REVIEW,zero preservado; provável ausência administrativa em parte dos registros,NONE
3500045423,SGB_HIDRO_MS_2024_POCOS,vazao_espe,0.0,ZERO_REQUIRES_REVIEW,REVIEW,zero preservado e não assumido como medição válida,NONE
3500045423,SGB_HIDRO_MS_2024_POCOS,Cond_Eletr,0.0,ZERO_REQUIRES_REVIEW,REVIEW,zero preservado e não assumido como medição válida,NONE
3500045424,SGB_HIDRO_MS_2024_POCOS,profundida,0.0,ZERO_REQUIRES_REVIEW,REVIEW,zero preservado; provável ausência administrativa em parte dos registros,NONE
3500045424,SGB_HIDRO_MS_2024_POCOS,profundi_1,0.0,ZERO_REQUIRES_REVIEW,REVIEW,zero preservado; provável ausência administrativa em parte dos registros,NONE
3500045424,SGB_HIDRO_MS_2024_POCOS,vazao_espe,0.0,ZERO_REQUIRES_REVIEW,REVIEW,zero preservado e não assumido como medição válida,NONE
3500045424,SGB_HIDRO_MS_2024_POCOS,Cond_Eletr,0.0,ZERO_REQUIRES_REVIEW,REVIEW,zero preservado e não assumido como medição válida,NONE
3500045425,SGB_HIDRO_MS_2024_POCOS,profundida,0.0,ZERO_REQUIRES_REVIEW,REVIEW,zero preservado; provável ausência administrativa em parte dos registros,NONE
3500045425,SGB_HIDRO_MS_2024_POCOS,profundi_1,0.0,ZERO_REQUIRES_REVIEW,REVIEW,zero preservado; provável ausência administrativa em parte dos registros,NONE
3500045425,SGB_HIDRO_MS_2024_POCOS,vazao_espe,0.0,ZERO_REQUIRES_REVIEW,REVIEW,zero preservado e não assumido como medição válida,NONE
3500045425,SGB_HIDRO_MS_2024_POCOS,Cond_Eletr,0.0,ZERO_REQUIRES_REVIEW,REVIEW,zero preservado e não assumido como medição válida,NONE
3500045426,SGB_HIDRO_MS_2024_POCOS,profundida,0.0,ZERO_REQUIRES_REVIEW,REVIEW,zero preservado; provável ausência administrativa em parte dos registros,NONE
3500045426,SGB_HIDRO_MS_2024_POCOS,profundi_1,0.0,ZERO_REQUIRES_REVIEW,REVIEW,zero preservado; provável ausência administrativa em parte dos registros,NONE
3500045426,SGB_HIDRO_MS_2024_POCOS,vazao_espe,0.0,ZERO_REQUIRES_REVIEW,REVIEW,zero preservado e não assumido como medição válida,NONE
3500045426,SGB_HIDRO_MS_2024_POCOS,Cond_Eletr,0.0,ZERO_REQUIRES_REVIEW,REVIEW,zero preservado e não assumido como medição válida,NONE
3500045427,SGB_HIDRO_MS_2024_POCOS,profundida,0.0,ZERO_REQUIRES_REVIEW,REVIEW,zero preservado; provável ausência administrativa em parte dos registros,NONE
3500045427,SGB_HIDRO_MS_2024_POCOS,profundi_1,0.0,ZERO_REQUIRES_REVIEW,REVIEW,zero preservado; provável ausência administrativa em parte dos registros,NONE
3500045427,SGB_HIDRO_MS_2024_POCOS,vazao_espe,0.0,ZERO_REQUIRES_REVIEW,REVIEW,zero preservado e não assumido como medição válida,NONE
3500045427,SGB_HIDRO_MS_2024_POCOS,Cond_Eletr,0.0,ZERO_REQUIRES_REVIEW,REVIEW,zero preservado e não assumido como medição válida,NONE
3500045428,SGB_HIDRO_MS_2024_POCOS,profundida,0.0,ZERO_REQUIRES_REVIEW,REVIEW,zero preservado; provável ausência administrativa em parte dos registros,NONE
3500045428,SGB_HIDRO_MS_2024_POCOS,profundi_1,0.0,ZERO_REQUIRES_REVIEW,REVIEW,zero preservado; provável ausência administrativa em parte dos registros,NONE
3500045428,SGB_HIDRO_MS_2024_POCOS,vazao_espe,0.0,ZERO_REQUIRES_REVIEW,REVIEW,zero preservado e não assumido como medição válida,NONE
3500045428,SGB_HIDRO_MS_2024_POCOS,Cond_Eletr,0.0,ZERO_REQUIRES_REVIEW,REVIEW,zero preservado e não assumido como medição válida,NONE
3500045429,SGB_HIDRO_MS_2024_POCOS,profundida,0.0,ZERO_REQUIRES_REVIEW,REVIEW,zero preservado; provável ausência administrativa em parte dos registros,NONE
3500045429,SGB_HIDRO_MS_2024_POCOS,profundi_1,0.0,ZERO_REQUIRES_REVIEW,REVIEW,zero preservado; provável ausência administrativa em parte dos registros,NONE
3500045429,SGB_HIDRO_MS_2024_POCOS,vazao_espe,0.0,ZERO_REQUIRES_REVIEW,REVIEW,zero preservado e não assumido como medição válida,NONE
3500045429,SGB_HIDRO_MS_2024_POCOS,Cond_Eletr,0.0,ZERO_REQUIRES_REVIEW,REVIEW,zero preservado e não assumido como medição válida,NONE
3500045430,SGB_HIDRO_MS_2024_POCOS,profundida,0.0,ZERO_REQUIRES_REVIEW,REVIEW,zero preservado; provável ausência administrativa em parte dos registros,NONE
3500045430,SGB_HIDRO_MS_2024_POCOS,profundi_1,0.0,ZERO_REQUIRES_REVIEW,REVIEW,zero preservado; provável ausência administrativa em parte dos registros,NONE
3500045430,SGB_HIDRO_MS_2024_POCOS,vazao_espe,0.0,ZERO_REQUIRES_REVIEW,REVIEW,zero preservado e não assumido como medição válida,NONE
3500045430,SGB_HIDRO_MS_2024_POCOS,Cond_Eletr,0.0,ZERO_REQUIRES_REVIEW,REVIEW,zero preservado e não assumido como medição válida,NONE
3500045431,SGB_HIDRO_MS_2024_POCOS,profundida,0.0,ZERO_REQUIRES_REVIEW,REVIEW,zero preservado; provável ausência administrativa em parte dos registros,NONE
3500045431,SGB_HIDRO_MS_2024_POCOS,profundi_1,0.0,ZERO_REQUIRES_REVIEW,REVIEW,zero preservado; provável ausência administrativa em parte dos registros,NONE
3500045431,SGB_HIDRO_MS_2024_POCOS,vazao_espe,0.0,ZERO_REQUIRES_REVIEW,REVIEW,zero preservado e não assumido como medição válida,NONE
3500045431,SGB_HIDRO_MS_2024_POCOS,Cond_Eletr,0.0,ZERO_REQUIRES_REVIEW,REVIEW,zero preservado e não assumido como medição válida,NONE
3500045432,SGB_HIDRO_MS_2024_POCOS,profundida,0.0,ZERO_REQUIRES_REVIEW,REVIEW,zero preservado; provável ausência administrativa em parte dos registros,NONE
3500045432,SGB_HIDRO_MS_2024_POCOS,profundi_1,0.0,ZERO_REQUIRES_REVIEW,REVIEW,zero preservado; provável ausência administrativa em parte dos registros,NONE
3500045432,SGB_HIDRO_MS_2024_POCOS,vazao_espe,0.0,ZERO_REQUIRES_REVIEW,REVIEW,zero preservado e não assumido como medição válida,NONE
3500045432,SGB_HIDRO_MS_2024_POCOS,Cond_Eletr,0.0,ZERO_REQUIRES_REVIEW,REVIEW,zero preservado e não assumido como medição válida,NONE
3500045433,SGB_HIDRO_MS_2024_POCOS,profundida,0.0,ZERO_REQUIRES_REVIEW,REVIEW,zero preservado; provável ausência administrativa em parte dos registros,NONE
3500045433,SGB_HIDRO_MS_2024_POCOS,profundi_1,0.0,ZERO_REQUIRES_REVIEW,REVIEW,zero preservado; provável ausência administrativa em parte dos registros,NONE
3500045433,SGB_HIDRO_MS_2024_POCOS,vazao_espe,0.0,ZERO_REQUIRES_REVIEW,REVIEW,zero preservado e não assumido como medição válida,NONE
3500045433,SGB_HIDRO_MS_2024_POCOS,Cond_Eletr,0.0,ZERO_REQUIRES_REVIEW,REVIEW,zero preservado e não assumido como medição válida,NONE
3500045434,SGB_HIDRO_MS_2024_POCOS,profundida,0.0,ZERO_REQUIRES_REVIEW,REVIEW,zero preservado; provável ausência administrativa em parte dos registros,NONE
3500045434,SGB_HIDRO_MS_2024_POCOS,profundi_1,0.0,ZERO_REQUIRES_REVIEW,REVIEW,zero preservado; provável ausência administrativa em parte dos registros,NONE
3500045434,SGB_HIDRO_MS_2024_POCOS,vazao_espe,0.0,ZERO_REQUIRES_REVIEW,REVIEW,zero preservado e não assumido como medição válida,NONE
3500045434,SGB_HIDRO_MS_2024_POCOS,Cond_Eletr,0.0,ZERO_REQUIRES_REVIEW,REVIEW,zero preservado e não assumido como medição válida,NONE
3500045435,SGB_HIDRO_MS_2024_POCOS,profundida,0.0,ZERO_REQUIRES_REVIEW,REVIEW,zero preservado; provável ausência administrativa em parte dos registros,NONE
3500045435,SGB_HIDRO_MS_2024_POCOS,profundi_1,0.0,ZERO_REQUIRES_REVIEW,REVIEW,zero preservado; provável ausência administrativa em parte dos registros,NONE
3500045435,SGB_HIDRO_MS_2024_POCOS,vazao_espe,0.0,ZERO_REQUIRES_REVIEW,REVIEW,zero preservado e não assumido como medição válida,NONE
3500045435,SGB_HIDRO_MS_2024_POCOS,Cond_Eletr,0.0,ZERO_REQUIRES_REVIEW,REVIEW,zero preservado e não assumido como medição válida,NONE
3500045436,SGB_HIDRO_MS_2024_POCOS,profundida,0.0,ZERO_REQUIRES_REVIEW,REVIEW,zero preservado; provável ausência administrativa em parte dos registros,NONE
3500045436,SGB_HIDRO_MS_2024_POCOS,profundi_1,0.0,ZERO_REQUIRES_REVIEW,REVIEW,zero preservado; provável ausência administrativa em parte dos registros,NONE
3500045436,SGB_HIDRO_MS_2024_POCOS,vazao_espe,0.0,ZERO_REQUIRES_REVIEW,REVIEW,zero preservado e não assumido como medição válida,NONE
3500045436,SGB_HIDRO_MS_2024_POCOS,Cond_Eletr,0.0,ZERO_REQUIRES_REVIEW,REVIEW,zero preservado e não assumido como medição válida,NONE
3500045437,SGB_HIDRO_MS_2024_POCOS,profundida,0.0,ZERO_REQUIRES_REVIEW,REVIEW,zero preservado; provável ausência administrativa em parte dos registros,NONE
3500045437,SGB_HIDRO_MS_2024_POCOS,profundi_1,0.0,ZERO_REQUIRES_REVIEW,REVIEW,zero preservado; provável ausência administrativa em parte dos registros,NONE
3500045437,SGB_HIDRO_MS_2024_POCOS,vazao_espe,0.0,ZERO_REQUIRES_REVIEW,REVIEW,zero preservado e não assumido como medição válida,NONE
3500045437,SGB_HIDRO_MS_2024_POCOS,Cond_Eletr,0.0,ZERO_REQUIRES_REVIEW,REVIEW,zero preservado e não assumido como medição válida,NONE
3500045438,SGB_HIDRO_MS_2024_POCOS,profundida,0.0,ZERO_REQUIRES_REVIEW,REVIEW,zero preservado; provável ausência administrativa em parte dos registros,NONE
3500045438,SGB_HIDRO_MS_2024_POCOS,profundi_1,0.0,ZERO_REQUIRES_REVIEW,REVIEW,zero preservado; provável ausência administrativa em parte dos registros,NONE
3500045438,SGB_HIDRO_MS_2024_POCOS,vazao_espe,0.0,ZERO_REQUIRES_REVIEW,REVIEW,zero preservado e não assumido como medição válida,NONE
3500045438,SGB_HIDRO_MS_2024_POCOS,Cond_Eletr,0.0,ZERO_REQUIRES_REVIEW,REVIEW,zero preservado e não assumido como medição válida,NONE
3500045439,SGB_HIDRO_MS_2024_POCOS,profundida,0.0,ZERO_REQUIRES_REVIEW,REVIEW,zero preservado; provável ausência administrativa em parte dos registros,NONE
3500045439,SGB_HIDRO_MS_2024_POCOS,profundi_1,0.0,ZERO_REQUIRES_REVIEW,REVIEW,zero preservado; provável ausência administrativa em parte dos registros,NONE
3500045439,SGB_HIDRO_MS_2024_POCOS,vazao_espe,0.0,ZERO_REQUIRES_REVIEW,REVIEW,zero preservado e não assumido como medição válida,NONE
3500045439,SGB_HIDRO_MS_2024_POCOS,Cond_Eletr,0.0,ZERO_REQUIRES_REVIEW,REVIEW,zero preservado e não assumido como medição válida,NONE
3500045440,SGB_HIDRO_MS_2024_POCOS,profundida,0.0,ZERO_REQUIRES_REVIEW,REVIEW,zero preservado; provável ausência administrativa em parte dos registros,NONE
3500045440,SGB_HIDRO_MS_2024_POCOS,profundi_1,0.0,ZERO_REQUIRES_REVIEW,REVIEW,zero preservado; provável ausência administrativa em parte dos registros,NONE
3500045440,SGB_HIDRO_MS_2024_POCOS,vazao_espe,0.0,ZERO_REQUIRES_REVIEW,REVIEW,zero preservado e não assumido como medição válida,NONE
3500045440,SGB_HIDRO_MS_2024_POCOS,Cond_Eletr,0.0,ZERO_REQUIRES_REVIEW,REVIEW,zero preservado e não assumido como medição válida,NONE
3500045441,SGB_HIDRO_MS_2024_POCOS,profundida,0.0,ZERO_REQUIRES_REVIEW,REVIEW,zero preservado; provável ausência administrativa em parte dos registros,NONE
3500045441,SGB_HIDRO_MS_2024_POCOS,profundi_1,0.0,ZERO_REQUIRES_REVIEW,REVIEW,zero preservado; provável ausência administrativa em parte dos registros,NONE
3500045441,SGB_HIDRO_MS_2024_POCOS,vazao_espe,0.0,ZERO_REQUIRES_REVIEW,REVIEW,zero preservado e não assumido como medição válida,NONE
3500045441,SGB_HIDRO_MS_2024_POCOS,Cond_Eletr,0.0,ZERO_REQUIRES_REVIEW,REVIEW,zero preservado e não assumido como medição válida,NONE
3500045442,SGB_HIDRO_MS_2024_POCOS,profundida,0.0,ZERO_REQUIRES_REVIEW,REVIEW,zero preservado; provável ausência administrativa em parte dos registros,NONE
3500045442,SGB_HIDRO_MS_2024_POCOS,profundi_1,0.0,ZERO_REQUIRES_REVIEW,REVIEW,zero preservado; provável ausência administrativa em parte dos registros,NONE
3500045442,SGB_HIDRO_MS_2024_POCOS,vazao_espe,0.0,ZERO_REQUIRES_REVIEW,REVIEW,zero preservado e não assumido como medição válida,NONE
3500045442,SGB_HIDRO_MS_2024_POCOS,Cond_Eletr,0.0,ZERO_REQUIRES_REVIEW,REVIEW,zero preservado e não assumido como medição válida,NONE
3500045443,SGB_HIDRO_MS_2024_POCOS,profundida,0.0,ZERO_REQUIRES_REVIEW,REVIEW,zero preservado; provável ausência administrativa em parte dos registros,NONE
3500045443,SGB_HIDRO_MS_2024_POCOS,profundi_1,0.0,ZERO_REQUIRES_REVIEW,REVIEW,zero preservado; provável ausência administrativa em parte dos registros,NONE
3500045443,SGB_HIDRO_MS_2024_POCOS,vazao_espe,0.0,ZERO_REQUIRES_REVIEW,REVIEW,zero preservado e não assumido como medição válida,NONE
3500045443,SGB_HIDRO_MS_2024_POCOS,Cond_Eletr,0.0,ZERO_REQUIRES_REVIEW,REVIEW,zero preservado e não assumido como medição válida,NONE
3500045444,SGB_HIDRO_MS_2024_POCOS,profundida,0.0,ZERO_REQUIRES_REVIEW,REVIEW,zero preservado; provável ausência administrativa em parte dos registros,NONE
3500045444,SGB_HIDRO_MS_2024_POCOS,profundi_1,0.0,ZERO_REQUIRES_REVIEW,REVIEW,zero preservado; provável ausência administrativa em parte dos registros,NONE
3500045444,SGB_HIDRO_MS_2024_POCOS,vazao_espe,0.0,ZERO_REQUIRES_REVIEW,REVIEW,zero preservado e não assumido como medição válida,NONE
3500045444,SGB_HIDRO_MS_2024_POCOS,Cond_Eletr,0.0,ZERO_REQUIRES_REVIEW,REVIEW,zero preservado e não assumido como medição válida,NONE
3500045445,SGB_HIDRO_MS_2024_POCOS,profundida,0.0,ZERO_REQUIRES_REVIEW,REVIEW,zero preservado; provável ausência administrativa em parte dos registros,NONE
3500045445,SGB_HIDRO_MS_2024_POCOS,profundi_1,0.0,ZERO_REQUIRES_REVIEW,REVIEW,zero preservado; provável ausência administrativa em parte dos registros,NONE
3500045445,SGB_HIDRO_MS_2024_POCOS,vazao_espe,0.0,ZERO_REQUIRES_REVIEW,REVIEW,zero preservado e não assumido como medição válida,NONE
3500045445,SGB_HIDRO_MS_2024_POCOS,Cond_Eletr,0.0,ZERO_REQUIRES_REVIEW,REVIEW,zero preservado e não assumido como medição válida,NONE
3500045446,SGB_HIDRO_MS_2024_POCOS,profundida,0.0,ZERO_REQUIRES_REVIEW,REVIEW,zero preservado; provável ausência administrativa em parte dos registros,NONE
3500045446,SGB_HIDRO_MS_2024_POCOS,profundi_1,0.0,ZERO_REQUIRES_REVIEW,REVIEW,zero preservado; provável ausência administrativa em parte dos registros,NONE
3500045446,SGB_HIDRO_MS_2024_POCOS,vazao_espe,0.0,ZERO_REQUIRES_REVIEW,REVIEW,zero preservado e não assumido como medição válida,NONE
3500045446,SGB_HIDRO_MS_2024_POCOS,Cond_Eletr,0.0,ZERO_REQUIRES_REVIEW,REVIEW,zero preservado e não assumido como medição válida,NONE
3500045447,SGB_HIDRO_MS_2024_POCOS,profundida,0.0,ZERO_REQUIRES_REVIEW,REVIEW,zero preservado; provável ausência administrativa em parte dos registros,NONE
3500045447,SGB_HIDRO_MS_2024_POCOS,profundi_1,0.0,ZERO_REQUIRES_REVIEW,REVIEW,zero preservado; provável ausência administrativa em parte dos registros,NONE
3500045447,SGB_HIDRO_MS_2024_POCOS,vazao_espe,0.0,ZERO_REQUIRES_REVIEW,REVIEW,zero preservado e não assumido como medição válida,NONE
3500045447,SGB_HIDRO_MS_2024_POCOS,Cond_Eletr,0.0,ZERO_REQUIRES_REVIEW,REVIEW,zero preservado e não assumido como medição válida,NONE
3500045448,SGB_HIDRO_MS_2024_POCOS,profundida,0.0,ZERO_REQUIRES_REVIEW,REVIEW,zero preservado; provável ausência administrativa em parte dos registros,NONE
3500045448,SGB_HIDRO_MS_2024_POCOS,profundi_1,0.0,ZERO_REQUIRES_REVIEW,REVIEW,zero preservado; provável ausência administrativa em parte dos registros,NONE
3500045448,SGB_HIDRO_MS_2024_POCOS,vazao_espe,0.0,ZERO_REQUIRES_REVIEW,REVIEW,zero preservado e não assumido como medição válida,NONE
3500045448,SGB_HIDRO_MS_2024_POCOS,Cond_Eletr,0.0,ZERO_REQUIRES_REVIEW,REVIEW,zero preservado e não assumido como medição válida,NONE
3500045449,SGB_HIDRO_MS_2024_POCOS,profundida,0.0,ZERO_REQUIRES_REVIEW,REVIEW,zero preservado; provável ausência administrativa em parte dos registros,NONE
3500045449,SGB_HIDRO_MS_2024_POCOS,profundi_1,0.0,ZERO_REQUIRES_REVIEW,REVIEW,zero preservado; provável ausência administrativa em parte dos registros,NONE
3500045449,SGB_HIDRO_MS_2024_POCOS,vazao_espe,0.0,ZERO_REQUIRES_REVIEW,REVIEW,zero preservado e não assumido como medição válida,NONE
3500045449,SGB_HIDRO_MS_2024_POCOS,Cond_Eletr,0.0,ZERO_REQUIRES_REVIEW,REVIEW,zero preservado e não assumido como medição válida,NONE
3500045450,SGB_HIDRO_MS_2024_POCOS,profundida,0.0,ZERO_REQUIRES_REVIEW,REVIEW,zero preservado; provável ausência administrativa em parte dos registros,NONE
3500045450,SGB_HIDRO_MS_2024_POCOS,profundi_1,0.0,ZERO_REQUIRES_REVIEW,REVIEW,zero preservado; provável ausência administrativa em parte dos registros,NONE
3500045450,SGB_HIDRO_MS_2024_POCOS,vazao_espe,0.0,ZERO_REQUIRES_REVIEW,REVIEW,zero preservado e não assumido como medição válida,NONE
3500045450,SGB_HIDRO_MS_2024_POCOS,Cond_Eletr,0.0,ZERO_REQUIRES_REVIEW,REVIEW,zero preservado e não assumido como medição válida,NONE
3500045451,SGB_HIDRO_MS_2024_POCOS,profundida,0.0,ZERO_REQUIRES_REVIEW,REVIEW,zero preservado; provável ausência administrativa em parte dos registros,NONE
3500045451,SGB_HIDRO_MS_2024_POCOS,Cond_Eletr,0.0,ZERO_REQUIRES_REVIEW,REVIEW,zero preservado e não assumido como medição válida,NONE
3500045452,SGB_HIDRO_MS_2024_POCOS,profundida,0.0,ZERO_REQUIRES_REVIEW,REVIEW,zero preservado; provável ausência administrativa em parte dos registros,NONE
3500045452,SGB_HIDRO_MS_2024_POCOS,Cond_Eletr,0.0,ZERO_REQUIRES_REVIEW,REVIEW,zero preservado e não assumido como medição válida,NONE
3500045453,SGB_HIDRO_MS_2024_POCOS,profundida,0.0,ZERO_REQUIRES_REVIEW,REVIEW,zero preservado; provável ausência administrativa em parte dos registros,NONE
3500045453,SGB_HIDRO_MS_2024_POCOS,profundi_1,0.0,ZERO_REQUIRES_REVIEW,REVIEW,zero preservado; provável ausência administrativa em parte dos registros,NONE
3500045453,SGB_HIDRO_MS_2024_POCOS,vazao_espe,0.0,ZERO_REQUIRES_REVIEW,REVIEW,zero preservado e não assumido como medição válida,NONE
3500045453,SGB_HIDRO_MS_2024_POCOS,Cond_Eletr,0.0,ZERO_REQUIRES_REVIEW,REVIEW,zero preservado e não assumido como medição válida,NONE
3500045454,SGB_HIDRO_MS_2024_POCOS,profundida,0.0,ZERO_REQUIRES_REVIEW,REVIEW,zero preservado; provável ausência administrativa em parte dos registros,NONE
3500045454,SGB_HIDRO_MS_2024_POCOS,profundi_1,0.0,ZERO_REQUIRES_REVIEW,REVIEW,zero preservado; provável ausência administrativa em parte dos registros,NONE
3500045454,SGB_HIDRO_MS_2024_POCOS,vazao_espe,0.0,ZERO_REQUIRES_REVIEW,REVIEW,zero preservado e não assumido como medição válida,NONE
3500045454,SGB_HIDRO_MS_2024_POCOS,Cond_Eletr,0.0,ZERO_REQUIRES_REVIEW,REVIEW,zero preservado e não assumido como medição válida,NONE
3500045455,SGB_HIDRO_MS_2024_POCOS,profundida,0.0,ZERO_REQUIRES_REVIEW,REVIEW,zero preservado; provável ausência administrativa em parte dos registros,NONE
3500045455,SGB_HIDRO_MS_2024_POCOS,profundi_1,0.0,ZERO_REQUIRES_REVIEW,REVIEW,zero preservado; provável ausência administrativa em parte dos registros,NONE
3500045455,SGB_HIDRO_MS_2024_POCOS,vazao_espe,0.0,ZERO_REQUIRES_REVIEW,REVIEW,zero preservado e não assumido como medição válida,NONE
3500045455,SGB_HIDRO_MS_2024_POCOS,Cond_Eletr,0.0,ZERO_REQUIRES_REVIEW,REVIEW,zero preservado e não assumido como medição válida,NONE
3500045456,SGB_HIDRO_MS_2024_POCOS,profundida,0.0,ZERO_REQUIRES_REVIEW,REVIEW,zero preservado; provável ausência administrativa em parte dos registros,NONE
3500045456,SGB_HIDRO_MS_2024_POCOS,profundi_1,0.0,ZERO_REQUIRES_REVIEW,REVIEW,zero preservado; provável ausência administrativa em parte dos registros,NONE
3500045456,SGB_HIDRO_MS_2024_POCOS,vazao_espe,0.0,ZERO_REQUIRES_REVIEW,REVIEW,zero preservado e não assumido como medição válida,NONE
3500045456,SGB_HIDRO_MS_2024_POCOS,Cond_Eletr,0.0,ZERO_REQUIRES_REVIEW,REVIEW,zero preservado e não assumido como medição válida,NONE
3500045457,SGB_HIDRO_MS_2024_POCOS,profundida,0.0,ZERO_REQUIRES_REVIEW,REVIEW,zero preservado; provável ausência administrativa em parte dos registros,NONE
3500045457,SGB_HIDRO_MS_2024_POCOS,profundi_1,0.0,ZERO_REQUIRES_REVIEW,REVIEW,zero preservado; provável ausência administrativa em parte dos registros,NONE
3500045457,SGB_HIDRO_MS_2024_POCOS,vazao_espe,0.0,ZERO_REQUIRES_REVIEW,REVIEW,zero preservado e não assumido como medição válida,NONE
3500045457,SGB_HIDRO_MS_2024_POCOS,Cond_Eletr,0.0,ZERO_REQUIRES_REVIEW,REVIEW,zero preservado e não assumido como medição válida,NONE
3500045458,SGB_HIDRO_MS_2024_POCOS,profundida,0.0,ZERO_REQUIRES_REVIEW,REVIEW,zero preservado; provável ausência administrativa em parte dos registros,NONE
3500045458,SGB_HIDRO_MS_2024_POCOS,profundi_1,0.0,ZERO_REQUIRES_REVIEW,REVIEW,zero preservado; provável ausência administrativa em parte dos registros,NONE
3500045458,SGB_HIDRO_MS_2024_POCOS,vazao_espe,0.0,ZERO_REQUIRES_REVIEW,REVIEW,zero preservado e não assumido como medição válida,NONE
3500045458,SGB_HIDRO_MS_2024_POCOS,Cond_Eletr,0.0,ZERO_REQUIRES_REVIEW,REVIEW,zero preservado e não assumido como medição válida,NONE
3500045459,SGB_HIDRO_MS_2024_POCOS,profundida,0.0,ZERO_REQUIRES_REVIEW,REVIEW,zero preservado; provável ausência administrativa em parte dos registros,NONE
3500045459,SGB_HIDRO_MS_2024_POCOS,profundi_1,0.0,ZERO_REQUIRES_REVIEW,REVIEW,zero preservado; provável ausência administrativa em parte dos registros,NONE
3500045459,SGB_HIDRO_MS_2024_POCOS,vazao_espe,0.0,ZERO_REQUIRES_REVIEW,REVIEW,zero preservado e não assumido como medição válida,NONE
3500045459,SGB_HIDRO_MS_2024_POCOS,Cond_Eletr,0.0,ZERO_REQUIRES_REVIEW,REVIEW,zero preservado e não assumido como medição válida,NONE
3500045460,SGB_HIDRO_MS_2024_POCOS,profundida,0.0,ZERO_REQUIRES_REVIEW,REVIEW,zero preservado; provável ausência administrativa em parte dos registros,NONE
3500045460,SGB_HIDRO_MS_2024_POCOS,profundi_1,0.0,ZERO_REQUIRES_REVIEW,REVIEW,zero preservado; provável ausência administrativa em parte dos registros,NONE
3500045460,SGB_HIDRO_MS_2024_POCOS,vazao_espe,0.0,ZERO_REQUIRES_REVIEW,REVIEW,zero preservado e não assumido como medição válida,NONE
3500045460,SGB_HIDRO_MS_2024_POCOS,Cond_Eletr,0.0,ZERO_REQUIRES_REVIEW,REVIEW,zero preservado e não assumido como medição válida,NONE
3500045461,SGB_HIDRO_MS_2024_POCOS,profundida,0.0,ZERO_REQUIRES_REVIEW,REVIEW,zero preservado; provável ausência administrativa em parte dos registros,NONE
3500045461,SGB_HIDRO_MS_2024_POCOS,profundi_1,0.0,ZERO_REQUIRES_REVIEW,REVIEW,zero preservado; provável ausência administrativa em parte dos registros,NONE
3500045461,SGB_HIDRO_MS_2024_POCOS,vazao_espe,0.0,ZERO_REQUIRES_REVIEW,REVIEW,zero preservado e não assumido como medição válida,NONE
3500045461,SGB_HIDRO_MS_2024_POCOS,Cond_Eletr,0.0,ZERO_REQUIRES_REVIEW,REVIEW,zero preservado e não assumido como medição válida,NONE
3500045462,SGB_HIDRO_MS_2024_POCOS,profundida,0.0,ZERO_REQUIRES_REVIEW,REVIEW,zero preservado; provável ausência administrativa em parte dos registros,NONE
3500045462,SGB_HIDRO_MS_2024_POCOS,profundi_1,0.0,ZERO_REQUIRES_REVIEW,REVIEW,zero preservado; provável ausência administrativa em parte dos registros,NONE
3500045462,SGB_HIDRO_MS_2024_POCOS,vazao_espe,0.0,ZERO_REQUIRES_REVIEW,REVIEW,zero preservado e não assumido como medição válida,NONE
3500045462,SGB_HIDRO_MS_2024_POCOS,Cond_Eletr,0.0,ZERO_REQUIRES_REVIEW,REVIEW,zero preservado e não assumido como medição válida,NONE
3500045463,SGB_HIDRO_MS_2024_POCOS,profundida,0.0,ZERO_REQUIRES_REVIEW,REVIEW,zero preservado; provável ausência administrativa em parte dos registros,NONE
3500045463,SGB_HIDRO_MS_2024_POCOS,profundi_1,0.0,ZERO_REQUIRES_REVIEW,REVIEW,zero preservado; provável ausência administrativa em parte dos registros,NONE
3500045463,SGB_HIDRO_MS_2024_POCOS,vazao_espe,0.0,ZERO_REQUIRES_REVIEW,REVIEW,zero preservado e não assumido como medição válida,NONE
3500045463,SGB_HIDRO_MS_2024_POCOS,Cond_Eletr,0.0,ZERO_REQUIRES_REVIEW,REVIEW,zero preservado e não assumido como medição válida,NONE
3500045464,SGB_HIDRO_MS_2024_POCOS,profundida,0.0,ZERO_REQUIRES_REVIEW,REVIEW,zero preservado; provável ausência administrativa em parte dos registros,NONE
3500045464,SGB_HIDRO_MS_2024_POCOS,profundi_1,0.0,ZERO_REQUIRES_REVIEW,REVIEW,zero preservado; provável ausência administrativa em parte dos registros,NONE
3500045464,SGB_HIDRO_MS_2024_POCOS,vazao_espe,0.0,ZERO_REQUIRES_REVIEW,REVIEW,zero preservado e não assumido como medição válida,NONE
3500045464,SGB_HIDRO_MS_2024_POCOS,Cond_Eletr,0.0,ZERO_REQUIRES_REVIEW,REVIEW,zero preservado e não assumido como medição válida,NONE
3500045465,SGB_HIDRO_MS_2024_POCOS,profundida,0.0,ZERO_REQUIRES_REVIEW,REVIEW,zero preservado; provável ausência administrativa em parte dos registros,NONE
3500045465,SGB_HIDRO_MS_2024_POCOS,Cond_Eletr,0.0,ZERO_REQUIRES_REVIEW,REVIEW,zero preservado e não assumido como medição válida,NONE
3500045466,SGB_HIDRO_MS_2024_POCOS,profundida,0.0,ZERO_REQUIRES_REVIEW,REVIEW,zero preservado; provável ausência administrativa em parte dos registros,NONE
3500045466,SGB_HIDRO_MS_2024_POCOS,vazao_espe,0.0,ZERO_REQUIRES_REVIEW,REVIEW,zero preservado e não assumido como medição válida,NONE
3500045466,SGB_HIDRO_MS_2024_POCOS,Cond_Eletr,0.0,ZERO_REQUIRES_REVIEW,REVIEW,zero preservado e não assumido como medição válida,NONE
3500045467,SGB_HIDRO_MS_2024_POCOS,profundida,0.0,ZERO_REQUIRES_REVIEW,REVIEW,zero preservado; provável ausência administrativa em parte dos registros,NONE
3500045467,SGB_HIDRO_MS_2024_POCOS,profundi_1,0.0,ZERO_REQUIRES_REVIEW,REVIEW,zero preservado; provável ausência administrativa em parte dos registros,NONE
3500045467,SGB_HIDRO_MS_2024_POCOS,vazao_espe,0.0,ZERO_REQUIRES_REVIEW,REVIEW,zero preservado e não assumido como medição válida,NONE
3500045467,SGB_HIDRO_MS_2024_POCOS,Cond_Eletr,0.0,ZERO_REQUIRES_REVIEW,REVIEW,zero preservado e não assumido como medição válida,NONE
3500045468,SGB_HIDRO_MS_2024_POCOS,profundida,0.0,ZERO_REQUIRES_REVIEW,REVIEW,zero preservado; provável ausência administrativa em parte dos registros,NONE
3500045468,SGB_HIDRO_MS_2024_POCOS,profundi_1,0.0,ZERO_REQUIRES_REVIEW,REVIEW,zero preservado; provável ausência administrativa em parte dos registros,NONE
3500045468,SGB_HIDRO_MS_2024_POCOS,vazao_espe,0.0,ZERO_REQUIRES_REVIEW,REVIEW,zero preservado e não assumido como medição válida,NONE
3500045468,SGB_HIDRO_MS_2024_POCOS,Cond_Eletr,0.0,ZERO_REQUIRES_REVIEW,REVIEW,zero preservado e não assumido como medição válida,NONE
3500045469,SGB_HIDRO_MS_2024_POCOS,profundida,0.0,ZERO_REQUIRES_REVIEW,REVIEW,zero preservado; provável ausência administrativa em parte dos registros,NONE
3500045469,SGB_HIDRO_MS_2024_POCOS,profundi_1,0.0,ZERO_REQUIRES_REVIEW,REVIEW,zero preservado; provável ausência administrativa em parte dos registros,NONE
3500045469,SGB_HIDRO_MS_2024_POCOS,vazao_espe,0.0,ZERO_REQUIRES_REVIEW,REVIEW,zero preservado e não assumido como medição válida,NONE
3500045469,SGB_HIDRO_MS_2024_POCOS,Cond_Eletr,0.0,ZERO_REQUIRES_REVIEW,REVIEW,zero preservado e não assumido como medição válida,NONE
3500045470,SGB_HIDRO_MS_2024_POCOS,profundida,0.0,ZERO_REQUIRES_REVIEW,REVIEW,zero preservado; provável ausência administrativa em parte dos registros,NONE
3500045470,SGB_HIDRO_MS_2024_POCOS,profundi_1,0.0,ZERO_REQUIRES_REVIEW,REVIEW,zero preservado; provável ausência administrativa em parte dos registros,NONE
3500045470,SGB_HIDRO_MS_2024_POCOS,vazao_espe,0.0,ZERO_REQUIRES_REVIEW,REVIEW,zero preservado e não assumido como medição válida,NONE
3500045470,SGB_HIDRO_MS_2024_POCOS,Cond_Eletr,0.0,ZERO_REQUIRES_REVIEW,REVIEW,zero preservado e não assumido como medição válida,NONE
3500045471,SGB_HIDRO_MS_2024_POCOS,profundida,0.0,ZERO_REQUIRES_REVIEW,REVIEW,zero preservado; provável ausência administrativa em parte dos registros,NONE
3500045471,SGB_HIDRO_MS_2024_POCOS,profundi_1,0.0,ZERO_REQUIRES_REVIEW,REVIEW,zero preservado; provável ausência administrativa em parte dos registros,NONE
3500045471,SGB_HIDRO_MS_2024_POCOS,vazao_espe,0.0,ZERO_REQUIRES_REVIEW,REVIEW,zero preservado e não assumido como medição válida,NONE
3500045471,SGB_HIDRO_MS_2024_POCOS,Cond_Eletr,0.0,ZERO_REQUIRES_REVIEW,REVIEW,zero preservado e não assumido como medição válida,NONE
3500045472,SGB_HIDRO_MS_2024_POCOS,profundida,0.0,ZERO_REQUIRES_REVIEW,REVIEW,zero preservado; provável ausência administrativa em parte dos registros,NONE
3500045472,SGB_HIDRO_MS_2024_POCOS,profundi_1,0.0,ZERO_REQUIRES_REVIEW,REVIEW,zero preservado; provável ausência administrativa em parte dos registros,NONE
3500045472,SGB_HIDRO_MS_2024_POCOS,vazao_espe,0.0,ZERO_REQUIRES_REVIEW,REVIEW,zero preservado e não assumido como medição válida,NONE
3500045472,SGB_HIDRO_MS_2024_POCOS,Cond_Eletr,0.0,ZERO_REQUIRES_REVIEW,REVIEW,zero preservado e não assumido como medição válida,NONE
3500045473,SGB_HIDRO_MS_2024_POCOS,profundida,0.0,ZERO_REQUIRES_REVIEW,REVIEW,zero preservado; provável ausência administrativa em parte dos registros,NONE
3500045473,SGB_HIDRO_MS_2024_POCOS,profundi_1,0.0,ZERO_REQUIRES_REVIEW,REVIEW,zero preservado; provável ausência administrativa em parte dos registros,NONE
3500045473,SGB_HIDRO_MS_2024_POCOS,vazao_espe,0.0,ZERO_REQUIRES_REVIEW,REVIEW,zero preservado e não assumido como medição válida,NONE
3500045473,SGB_HIDRO_MS_2024_POCOS,Cond_Eletr,0.0,ZERO_REQUIRES_REVIEW,REVIEW,zero preservado e não assumido como medição válida,NONE
3500045474,SGB_HIDRO_MS_2024_POCOS,profundida,0.0,ZERO_REQUIRES_REVIEW,REVIEW,zero preservado; provável ausência administrativa em parte dos registros,NONE
3500045474,SGB_HIDRO_MS_2024_POCOS,profundi_1,0.0,ZERO_REQUIRES_REVIEW,REVIEW,zero preservado; provável ausência administrativa em parte dos registros,NONE
3500045474,SGB_HIDRO_MS_2024_POCOS,vazao_espe,0.0,ZERO_REQUIRES_REVIEW,REVIEW,zero preservado e não assumido como medição válida,NONE
3500045474,SGB_HIDRO_MS_2024_POCOS,Cond_Eletr,0.0,ZERO_REQUIRES_REVIEW,REVIEW,zero preservado e não assumido como medição válida,NONE
3500045475,SGB_HIDRO_MS_2024_POCOS,profundida,0.0,ZERO_REQUIRES_REVIEW,REVIEW,zero preservado; provável ausência administrativa em parte dos registros,NONE
3500045475,SGB_HIDRO_MS_2024_POCOS,profundi_1,0.0,ZERO_REQUIRES_REVIEW,REVIEW,zero preservado; provável ausência administrativa em parte dos registros,NONE
3500045475,SGB_HIDRO_MS_2024_POCOS,vazao_espe,0.0,ZERO_REQUIRES_REVIEW,REVIEW,zero preservado e não assumido como medição válida,NONE
3500045475,SGB_HIDRO_MS_2024_POCOS,Cond_Eletr,0.0,ZERO_REQUIRES_REVIEW,REVIEW,zero preservado e não assumido como medição válida,NONE
3500045476,SGB_HIDRO_MS_2024_POCOS,profundida,0.0,ZERO_REQUIRES_REVIEW,REVIEW,zero preservado; provável ausência administrativa em parte dos registros,NONE
3500045476,SGB_HIDRO_MS_2024_POCOS,profundi_1,0.0,ZERO_REQUIRES_REVIEW,REVIEW,zero preservado; provável ausência administrativa em parte dos registros,NONE
3500045476,SGB_HIDRO_MS_2024_POCOS,vazao_espe,0.0,ZERO_REQUIRES_REVIEW,REVIEW,zero preservado e não assumido como medição válida,NONE
3500045476,SGB_HIDRO_MS_2024_POCOS,Cond_Eletr,0.0,ZERO_REQUIRES_REVIEW,REVIEW,zero preservado e não assumido como medição válida,NONE
3500045477,SGB_HIDRO_MS_2024_POCOS,profundida,0.0,ZERO_REQUIRES_REVIEW,REVIEW,zero preservado; provável ausência administrativa em parte dos registros,NONE
3500045477,SGB_HIDRO_MS_2024_POCOS,profundi_1,0.0,ZERO_REQUIRES_REVIEW,REVIEW,zero preservado; provável ausência administrativa em parte dos registros,NONE
3500045477,SGB_HIDRO_MS_2024_POCOS,vazao_espe,0.0,ZERO_REQUIRES_REVIEW,REVIEW,zero preservado e não assumido como medição válida,NONE
3500045477,SGB_HIDRO_MS_2024_POCOS,Cond_Eletr,0.0,ZERO_REQUIRES_REVIEW,REVIEW,zero preservado e não assumido como medição válida,NONE
3500045478,SGB_HIDRO_MS_2024_POCOS,profundida,0.0,ZERO_REQUIRES_REVIEW,REVIEW,zero preservado; provável ausência administrativa em parte dos registros,NONE
3500045478,SGB_HIDRO_MS_2024_POCOS,profundi_1,0.0,ZERO_REQUIRES_REVIEW,REVIEW,zero preservado; provável ausência administrativa em parte dos registros,NONE
3500045478,SGB_HIDRO_MS_2024_POCOS,vazao_espe,0.0,ZERO_REQUIRES_REVIEW,REVIEW,zero preservado e não assumido como medição válida,NONE
3500045478,SGB_HIDRO_MS_2024_POCOS,Cond_Eletr,0.0,ZERO_REQUIRES_REVIEW,REVIEW,zero preservado e não assumido como medição válida,NONE
3500045479,SGB_HIDRO_MS_2024_POCOS,profundida,0.0,ZERO_REQUIRES_REVIEW,REVIEW,zero preservado; provável ausência administrativa em parte dos registros,NONE
3500045479,SGB_HIDRO_MS_2024_POCOS,profundi_1,0.0,ZERO_REQUIRES_REVIEW,REVIEW,zero preservado; provável ausência administrativa em parte dos registros,NONE
3500045479,SGB_HIDRO_MS_2024_POCOS,vazao_espe,0.0,ZERO_REQUIRES_REVIEW,REVIEW,zero preservado e não assumido como medição válida,NONE
3500045479,SGB_HIDRO_MS_2024_POCOS,Cond_Eletr,0.0,ZERO_REQUIRES_REVIEW,REVIEW,zero preservado e não assumido como medição válida,NONE
3500045480,SGB_HIDRO_MS_2024_POCOS,profundida,0.0,ZERO_REQUIRES_REVIEW,REVIEW,zero preservado; provável ausência administrativa em parte dos registros,NONE
3500045480,SGB_HIDRO_MS_2024_POCOS,profundi_1,0.0,ZERO_REQUIRES_REVIEW,REVIEW,zero preservado; provável ausência administrativa em parte dos registros,NONE
3500045480,SGB_HIDRO_MS_2024_POCOS,vazao_espe,0.0,ZERO_REQUIRES_REVIEW,REVIEW,zero preservado e não assumido como medição válida,NONE
3500045480,SGB_HIDRO_MS_2024_POCOS,Cond_Eletr,0.0,ZERO_REQUIRES_REVIEW,REVIEW,zero preservado e não assumido como medição válida,NONE
3500045481,SGB_HIDRO_MS_2024_POCOS,profundida,0.0,ZERO_REQUIRES_REVIEW,REVIEW,zero preservado; provável ausência administrativa em parte dos registros,NONE
3500045481,SGB_HIDRO_MS_2024_POCOS,profundi_1,0.0,ZERO_REQUIRES_REVIEW,REVIEW,zero preservado; provável ausência administrativa em parte dos registros,NONE
3500045481,SGB_HIDRO_MS_2024_POCOS,vazao_espe,0.0,ZERO_REQUIRES_REVIEW,REVIEW,zero preservado e não assumido como medição válida,NONE
3500045481,SGB_HIDRO_MS_2024_POCOS,Cond_Eletr,0.0,ZERO_REQUIRES_REVIEW,REVIEW,zero preservado e não assumido como medição válida,NONE
3500045482,SGB_HIDRO_MS_2024_POCOS,profundida,0.0,ZERO_REQUIRES_REVIEW,REVIEW,zero preservado; provável ausência administrativa em parte dos registros,NONE
3500045482,SGB_HIDRO_MS_2024_POCOS,profundi_1,0.0,ZERO_REQUIRES_REVIEW,REVIEW,zero preservado; provável ausência administrativa em parte dos registros,NONE
3500045482,SGB_HIDRO_MS_2024_POCOS,vazao_espe,0.0,ZERO_REQUIRES_REVIEW,REVIEW,zero preservado e não assumido como medição válida,NONE
3500045482,SGB_HIDRO_MS_2024_POCOS,Cond_Eletr,0.0,ZERO_REQUIRES_REVIEW,REVIEW,zero preservado e não assumido como medição válida,NONE
3500045483,SGB_HIDRO_MS_2024_POCOS,profundida,0.0,ZERO_REQUIRES_REVIEW,REVIEW,zero preservado; provável ausência administrativa em parte dos registros,NONE
3500045483,SGB_HIDRO_MS_2024_POCOS,profundi_1,0.0,ZERO_REQUIRES_REVIEW,REVIEW,zero preservado; provável ausência administrativa em parte dos registros,NONE
3500045483,SGB_HIDRO_MS_2024_POCOS,vazao_espe,0.0,ZERO_REQUIRES_REVIEW,REVIEW,zero preservado e não assumido como medição válida,NONE
3500045483,SGB_HIDRO_MS_2024_POCOS,Cond_Eletr,0.0,ZERO_REQUIRES_REVIEW,REVIEW,zero preservado e não assumido como medição válida,NONE
3500045484,SGB_HIDRO_MS_2024_POCOS,profundida,0.0,ZERO_REQUIRES_REVIEW,REVIEW,zero preservado; provável ausência administrativa em parte dos registros,NONE
3500045484,SGB_HIDRO_MS_2024_POCOS,profundi_1,0.0,ZERO_REQUIRES_REVIEW,REVIEW,zero preservado; provável ausência administrativa em parte dos registros,NONE
3500045484,SGB_HIDRO_MS_2024_POCOS,vazao_espe,0.0,ZERO_REQUIRES_REVIEW,REVIEW,zero preservado e não assumido como medição válida,NONE
3500045484,SGB_HIDRO_MS_2024_POCOS,Cond_Eletr,0.0,ZERO_REQUIRES_REVIEW,REVIEW,zero preservado e não assumido como medição válida,NONE
3500045485,SGB_HIDRO_MS_2024_POCOS,profundida,0.0,ZERO_REQUIRES_REVIEW,REVIEW,zero preservado; provável ausência administrativa em parte dos registros,NONE
3500045485,SGB_HIDRO_MS_2024_POCOS,profundi_1,0.0,ZERO_REQUIRES_REVIEW,REVIEW,zero preservado; provável ausência administrativa em parte dos registros,NONE
3500045485,SGB_HIDRO_MS_2024_POCOS,vazao_espe,0.0,ZERO_REQUIRES_REVIEW,REVIEW,zero preservado e não assumido como medição válida,NONE
3500045485,SGB_HIDRO_MS_2024_POCOS,Cond_Eletr,0.0,ZERO_REQUIRES_REVIEW,REVIEW,zero preservado e não assumido como medição válida,NONE
3500045486,SGB_HIDRO_MS_2024_POCOS,profundida,0.0,ZERO_REQUIRES_REVIEW,REVIEW,zero preservado; provável ausência administrativa em parte dos registros,NONE
3500045486,SGB_HIDRO_MS_2024_POCOS,profundi_1,0.0,ZERO_REQUIRES_REVIEW,REVIEW,zero preservado; provável ausência administrativa em parte dos registros,NONE
3500045486,SGB_HIDRO_MS_2024_POCOS,vazao_espe,0.0,ZERO_REQUIRES_REVIEW,REVIEW,zero preservado e não assumido como medição válida,NONE
3500045486,SGB_HIDRO_MS_2024_POCOS,Cond_Eletr,0.0,ZERO_REQUIRES_REVIEW,REVIEW,zero preservado e não assumido como medição válida,NONE
3500045487,SGB_HIDRO_MS_2024_POCOS,profundida,0.0,ZERO_REQUIRES_REVIEW,REVIEW,zero preservado; provável ausência administrativa em parte dos registros,NONE
3500045487,SGB_HIDRO_MS_2024_POCOS,profundi_1,0.0,ZERO_REQUIRES_REVIEW,REVIEW,zero preservado; provável ausência administrativa em parte dos registros,NONE
3500045487,SGB_HIDRO_MS_2024_POCOS,vazao_espe,0.0,ZERO_REQUIRES_REVIEW,REVIEW,zero preservado e não assumido como medição válida,NONE
3500045487,SGB_HIDRO_MS_2024_POCOS,Cond_Eletr,0.0,ZERO_REQUIRES_REVIEW,REVIEW,zero preservado e não assumido como medição válida,NONE
3500045488,SGB_HIDRO_MS_2024_POCOS,profundida,0.0,ZERO_REQUIRES_REVIEW,REVIEW,zero preservado; provável ausência administrativa em parte dos registros,NONE
3500045488,SGB_HIDRO_MS_2024_POCOS,profundi_1,0.0,ZERO_REQUIRES_REVIEW,REVIEW,zero preservado; provável ausência administrativa em parte dos registros,NONE
3500045488,SGB_HIDRO_MS_2024_POCOS,vazao_espe,0.0,ZERO_REQUIRES_REVIEW,REVIEW,zero preservado e não assumido como medição válida,NONE
3500045488,SGB_HIDRO_MS_2024_POCOS,Cond_Eletr,0.0,ZERO_REQUIRES_REVIEW,REVIEW,zero preservado e não assumido como medição válida,NONE
3500045489,SGB_HIDRO_MS_2024_POCOS,profundida,0.0,ZERO_REQUIRES_REVIEW,REVIEW,zero preservado; provável ausência administrativa em parte dos registros,NONE
3500045489,SGB_HIDRO_MS_2024_POCOS,profundi_1,0.0,ZERO_REQUIRES_REVIEW,REVIEW,zero preservado; provável ausência administrativa em parte dos registros,NONE
3500045489,SGB_HIDRO_MS_2024_POCOS,vazao_espe,0.0,ZERO_REQUIRES_REVIEW,REVIEW,zero preservado e não assumido como medição válida,NONE
3500045489,SGB_HIDRO_MS_2024_POCOS,Cond_Eletr,0.0,ZERO_REQUIRES_REVIEW,REVIEW,zero preservado e não assumido como medição válida,NONE
3500045490,SGB_HIDRO_MS_2024_POCOS,profundida,0.0,ZERO_REQUIRES_REVIEW,REVIEW,zero preservado; provável ausência administrativa em parte dos registros,NONE
3500045490,SGB_HIDRO_MS_2024_POCOS,profundi_1,0.0,ZERO_REQUIRES_REVIEW,REVIEW,zero preservado; provável ausência administrativa em parte dos registros,NONE
3500045490,SGB_HIDRO_MS_2024_POCOS,vazao_espe,0.0,ZERO_REQUIRES_REVIEW,REVIEW,zero preservado e não assumido como medição válida,NONE
3500045490,SGB_HIDRO_MS_2024_POCOS,Cond_Eletr,0.0,ZERO_REQUIRES_REVIEW,REVIEW,zero preservado e não assumido como medição válida,NONE
3500045491,SGB_HIDRO_MS_2024_POCOS,profundida,0.0,ZERO_REQUIRES_REVIEW,REVIEW,zero preservado; provável ausência administrativa em parte dos registros,NONE
3500045491,SGB_HIDRO_MS_2024_POCOS,profundi_1,0.0,ZERO_REQUIRES_REVIEW,REVIEW,zero preservado; provável ausência administrativa em parte dos registros,NONE
3500045491,SGB_HIDRO_MS_2024_POCOS,vazao_espe,0.0,ZERO_REQUIRES_REVIEW,REVIEW,zero preservado e não assumido como medição válida,NONE
3500045491,SGB_HIDRO_MS_2024_POCOS,Cond_Eletr,0.0,ZERO_REQUIRES_REVIEW,REVIEW,zero preservado e não assumido como medição válida,NONE
3500045492,SGB_HIDRO_MS_2024_POCOS,profundida,0.0,ZERO_REQUIRES_REVIEW,REVIEW,zero preservado; provável ausência administrativa em parte dos registros,NONE
3500045492,SGB_HIDRO_MS_2024_POCOS,profundi_1,0.0,ZERO_REQUIRES_REVIEW,REVIEW,zero preservado; provável ausência administrativa em parte dos registros,NONE
3500045492,SGB_HIDRO_MS_2024_POCOS,vazao_espe,0.0,ZERO_REQUIRES_REVIEW,REVIEW,zero preservado e não assumido como medição válida,NONE
3500045492,SGB_HIDRO_MS_2024_POCOS,Cond_Eletr,0.0,ZERO_REQUIRES_REVIEW,REVIEW,zero preservado e não assumido como medição válida,NONE
3500045493,SGB_HIDRO_MS_2024_POCOS,profundida,0.0,ZERO_REQUIRES_REVIEW,REVIEW,zero preservado; provável ausência administrativa em parte dos registros,NONE
3500045493,SGB_HIDRO_MS_2024_POCOS,profundi_1,0.0,ZERO_REQUIRES_REVIEW,REVIEW,zero preservado; provável ausência administrativa em parte dos registros,NONE
3500045493,SGB_HIDRO_MS_2024_POCOS,vazao_espe,0.0,ZERO_REQUIRES_REVIEW,REVIEW,zero preservado e não assumido como medição válida,NONE
3500045493,SGB_HIDRO_MS_2024_POCOS,Cond_Eletr,0.0,ZERO_REQUIRES_REVIEW,REVIEW,zero preservado e não assumido como medição válida,NONE
3500045494,SGB_HIDRO_MS_2024_POCOS,profundida,0.0,ZERO_REQUIRES_REVIEW,REVIEW,zero preservado; provável ausência administrativa em parte dos registros,NONE
3500045494,SGB_HIDRO_MS_2024_POCOS,profundi_1,0.0,ZERO_REQUIRES_REVIEW,REVIEW,zero preservado; provável ausência administrativa em parte dos registros,NONE
3500045494,SGB_HIDRO_MS_2024_POCOS,vazao_espe,0.0,ZERO_REQUIRES_REVIEW,REVIEW,zero preservado e não assumido como medição válida,NONE
3500045494,SGB_HIDRO_MS_2024_POCOS,Cond_Eletr,0.0,ZERO_REQUIRES_REVIEW,REVIEW,zero preservado e não assumido como medição válida,NONE
3500045495,SGB_HIDRO_MS_2024_POCOS,profundida,0.0,ZERO_REQUIRES_REVIEW,REVIEW,zero preservado; provável ausência administrativa em parte dos registros,NONE
3500045495,SGB_HIDRO_MS_2024_POCOS,profundi_1,0.0,ZERO_REQUIRES_REVIEW,REVIEW,zero preservado; provável ausência administrativa em parte dos registros,NONE
3500045495,SGB_HIDRO_MS_2024_POCOS,vazao_espe,0.0,ZERO_REQUIRES_REVIEW,REVIEW,zero preservado e não assumido como medição válida,NONE
3500045495,SGB_HIDRO_MS_2024_POCOS,Cond_Eletr,0.0,ZERO_REQUIRES_REVIEW,REVIEW,zero preservado e não assumido como medição válida,NONE
3500045496,SGB_HIDRO_MS_2024_POCOS,profundida,0.0,ZERO_REQUIRES_REVIEW,REVIEW,zero preservado; provável ausência administrativa em parte dos registros,NONE
3500045496,SGB_HIDRO_MS_2024_POCOS,profundi_1,0.0,ZERO_REQUIRES_REVIEW,REVIEW,zero preservado; provável ausência administrativa em parte dos registros,NONE
3500045496,SGB_HIDRO_MS_2024_POCOS,vazao_espe,0.0,ZERO_REQUIRES_REVIEW,REVIEW,zero preservado e não assumido como medição válida,NONE
3500045496,SGB_HIDRO_MS_2024_POCOS,Cond_Eletr,0.0,ZERO_REQUIRES_REVIEW,REVIEW,zero preservado e não assumido como medição válida,NONE
3500045497,SGB_HIDRO_MS_2024_POCOS,profundida,0.0,ZERO_REQUIRES_REVIEW,REVIEW,zero preservado; provável ausência administrativa em parte dos registros,NONE
3500045497,SGB_HIDRO_MS_2024_POCOS,profundi_1,0.0,ZERO_REQUIRES_REVIEW,REVIEW,zero preservado; provável ausência administrativa em parte dos registros,NONE
3500045497,SGB_HIDRO_MS_2024_POCOS,vazao_espe,0.0,ZERO_REQUIRES_REVIEW,REVIEW,zero preservado e não assumido como medição válida,NONE
3500045497,SGB_HIDRO_MS_2024_POCOS,Cond_Eletr,0.0,ZERO_REQUIRES_REVIEW,REVIEW,zero preservado e não assumido como medição válida,NONE
3500045498,SGB_HIDRO_MS_2024_POCOS,profundida,0.0,ZERO_REQUIRES_REVIEW,REVIEW,zero preservado; provável ausência administrativa em parte dos registros,NONE
3500045498,SGB_HIDRO_MS_2024_POCOS,profundi_1,0.0,ZERO_REQUIRES_REVIEW,REVIEW,zero preservado; provável ausência administrativa em parte dos registros,NONE
3500045498,SGB_HIDRO_MS_2024_POCOS,vazao_espe,0.0,ZERO_REQUIRES_REVIEW,REVIEW,zero preservado e não assumido como medição válida,NONE
3500045498,SGB_HIDRO_MS_2024_POCOS,Cond_Eletr,0.0,ZERO_REQUIRES_REVIEW,REVIEW,zero preservado e não assumido como medição válida,NONE
3500045499,SGB_HIDRO_MS_2024_POCOS,profundida,0.0,ZERO_REQUIRES_REVIEW,REVIEW,zero preservado; provável ausência administrativa em parte dos registros,NONE
3500045499,SGB_HIDRO_MS_2024_POCOS,profundi_1,0.0,ZERO_REQUIRES_REVIEW,REVIEW,zero preservado; provável ausência administrativa em parte dos registros,NONE
3500045499,SGB_HIDRO_MS_2024_POCOS,vazao_espe,0.0,ZERO_REQUIRES_REVIEW,REVIEW,zero preservado e não assumido como medição válida,NONE
3500045499,SGB_HIDRO_MS_2024_POCOS,Cond_Eletr,0.0,ZERO_REQUIRES_REVIEW,REVIEW,zero preservado e não assumido como medição válida,NONE
3500045500,SGB_HIDRO_MS_2024_POCOS,profundida,0.0,ZERO_REQUIRES_REVIEW,REVIEW,zero preservado; provável ausência administrativa em parte dos registros,NONE
3500045500,SGB_HIDRO_MS_2024_POCOS,profundi_1,0.0,ZERO_REQUIRES_REVIEW,REVIEW,zero preservado; provável ausência administrativa em parte dos registros,NONE
3500045500,SGB_HIDRO_MS_2024_POCOS,vazao_espe,0.0,ZERO_REQUIRES_REVIEW,REVIEW,zero preservado e não assumido como medição válida,NONE
3500045500,SGB_HIDRO_MS_2024_POCOS,Cond_Eletr,0.0,ZERO_REQUIRES_REVIEW,REVIEW,zero preservado e não assumido como medição válida,NONE
3500045501,SGB_HIDRO_MS_2024_POCOS,profundida,0.0,ZERO_REQUIRES_REVIEW,REVIEW,zero preservado; provável ausência administrativa em parte dos registros,NONE
3500045501,SGB_HIDRO_MS_2024_POCOS,profundi_1,0.0,ZERO_REQUIRES_REVIEW,REVIEW,zero preservado; provável ausência administrativa em parte dos registros,NONE
3500045501,SGB_HIDRO_MS_2024_POCOS,vazao_espe,0.0,ZERO_REQUIRES_REVIEW,REVIEW,zero preservado e não assumido como medição válida,NONE
3500045501,SGB_HIDRO_MS_2024_POCOS,Cond_Eletr,0.0,ZERO_REQUIRES_REVIEW,REVIEW,zero preservado e não assumido como medição válida,NONE
3500045502,SGB_HIDRO_MS_2024_POCOS,profundida,0.0,ZERO_REQUIRES_REVIEW,REVIEW,zero preservado; provável ausência administrativa em parte dos registros,NONE
3500045502,SGB_HIDRO_MS_2024_POCOS,profundi_1,0.0,ZERO_REQUIRES_REVIEW,REVIEW,zero preservado; provável ausência administrativa em parte dos registros,NONE
3500045502,SGB_HIDRO_MS_2024_POCOS,vazao_espe,0.0,ZERO_REQUIRES_REVIEW,REVIEW,zero preservado e não assumido como medição válida,NONE
3500045502,SGB_HIDRO_MS_2024_POCOS,Cond_Eletr,0.0,ZERO_REQUIRES_REVIEW,REVIEW,zero preservado e não assumido como medição válida,NONE
3500045503,SGB_HIDRO_MS_2024_POCOS,profundida,0.0,ZERO_REQUIRES_REVIEW,REVIEW,zero preservado; provável ausência administrativa em parte dos registros,NONE
3500045503,SGB_HIDRO_MS_2024_POCOS,profundi_1,0.0,ZERO_REQUIRES_REVIEW,REVIEW,zero preservado; provável ausência administrativa em parte dos registros,NONE
3500045503,SGB_HIDRO_MS_2024_POCOS,vazao_espe,0.0,ZERO_REQUIRES_REVIEW,REVIEW,zero preservado e não assumido como medição válida,NONE
3500045503,SGB_HIDRO_MS_2024_POCOS,Cond_Eletr,0.0,ZERO_REQUIRES_REVIEW,REVIEW,zero preservado e não assumido como medição válida,NONE
3500045504,SGB_HIDRO_MS_2024_POCOS,profundida,0.0,ZERO_REQUIRES_REVIEW,REVIEW,zero preservado; provável ausência administrativa em parte dos registros,NONE
3500045504,SGB_HIDRO_MS_2024_POCOS,profundi_1,0.0,ZERO_REQUIRES_REVIEW,REVIEW,zero preservado; provável ausência administrativa em parte dos registros,NONE
3500045504,SGB_HIDRO_MS_2024_POCOS,vazao_espe,0.0,ZERO_REQUIRES_REVIEW,REVIEW,zero preservado e não assumido como medição válida,NONE
3500045504,SGB_HIDRO_MS_2024_POCOS,Cond_Eletr,0.0,ZERO_REQUIRES_REVIEW,REVIEW,zero preservado e não assumido como medição válida,NONE
3500045505,SGB_HIDRO_MS_2024_POCOS,profundida,0.0,ZERO_REQUIRES_REVIEW,REVIEW,zero preservado; provável ausência administrativa em parte dos registros,NONE
3500045505,SGB_HIDRO_MS_2024_POCOS,profundi_1,0.0,ZERO_REQUIRES_REVIEW,REVIEW,zero preservado; provável ausência administrativa em parte dos registros,NONE
3500045505,SGB_HIDRO_MS_2024_POCOS,vazao_espe,0.0,ZERO_REQUIRES_REVIEW,REVIEW,zero preservado e não assumido como medição válida,NONE
3500045505,SGB_HIDRO_MS_2024_POCOS,Cond_Eletr,0.0,ZERO_REQUIRES_REVIEW,REVIEW,zero preservado e não assumido como medição válida,NONE
3500045506,SGB_HIDRO_MS_2024_POCOS,profundida,0.0,ZERO_REQUIRES_REVIEW,REVIEW,zero preservado; provável ausência administrativa em parte dos registros,NONE
3500045506,SGB_HIDRO_MS_2024_POCOS,profundi_1,0.0,ZERO_REQUIRES_REVIEW,REVIEW,zero preservado; provável ausência administrativa em parte dos registros,NONE
3500045506,SGB_HIDRO_MS_2024_POCOS,vazao_espe,0.0,ZERO_REQUIRES_REVIEW,REVIEW,zero preservado e não assumido como medição válida,NONE
3500045506,SGB_HIDRO_MS_2024_POCOS,Cond_Eletr,0.0,ZERO_REQUIRES_REVIEW,REVIEW,zero preservado e não assumido como medição válida,NONE
3500045507,SGB_HIDRO_MS_2024_POCOS,profundida,0.0,ZERO_REQUIRES_REVIEW,REVIEW,zero preservado; provável ausência administrativa em parte dos registros,NONE
3500045507,SGB_HIDRO_MS_2024_POCOS,profundi_1,0.0,ZERO_REQUIRES_REVIEW,REVIEW,zero preservado; provável ausência administrativa em parte dos registros,NONE
3500045507,SGB_HIDRO_MS_2024_POCOS,vazao_espe,0.0,ZERO_REQUIRES_REVIEW,REVIEW,zero preservado e não assumido como medição válida,NONE
3500045507,SGB_HIDRO_MS_2024_POCOS,Cond_Eletr,0.0,ZERO_REQUIRES_REVIEW,REVIEW,zero preservado e não assumido como medição válida,NONE
3500045508,SGB_HIDRO_MS_2024_POCOS,profundida,0.0,ZERO_REQUIRES_REVIEW,REVIEW,zero preservado; provável ausência administrativa em parte dos registros,NONE
3500045508,SGB_HIDRO_MS_2024_POCOS,profundi_1,0.0,ZERO_REQUIRES_REVIEW,REVIEW,zero preservado; provável ausência administrativa em parte dos registros,NONE
3500045508,SGB_HIDRO_MS_2024_POCOS,vazao_espe,0.0,ZERO_REQUIRES_REVIEW,REVIEW,zero preservado e não assumido como medição válida,NONE
3500045508,SGB_HIDRO_MS_2024_POCOS,Cond_Eletr,0.0,ZERO_REQUIRES_REVIEW,REVIEW,zero preservado e não assumido como medição válida,NONE
3500045509,SGB_HIDRO_MS_2024_POCOS,profundida,0.0,ZERO_REQUIRES_REVIEW,REVIEW,zero preservado; provável ausência administrativa em parte dos registros,NONE
3500045509,SGB_HIDRO_MS_2024_POCOS,profundi_1,0.0,ZERO_REQUIRES_REVIEW,REVIEW,zero preservado; provável ausência administrativa em parte dos registros,NONE
3500045509,SGB_HIDRO_MS_2024_POCOS,vazao_espe,0.0,ZERO_REQUIRES_REVIEW,REVIEW,zero preservado e não assumido como medição válida,NONE
3500045509,SGB_HIDRO_MS_2024_POCOS,Cond_Eletr,0.0,ZERO_REQUIRES_REVIEW,REVIEW,zero preservado e não assumido como medição válida,NONE
3500045510,SGB_HIDRO_MS_2024_POCOS,profundida,0.0,ZERO_REQUIRES_REVIEW,REVIEW,zero preservado; provável ausência administrativa em parte dos registros,NONE
3500045510,SGB_HIDRO_MS_2024_POCOS,profundi_1,0.0,ZERO_REQUIRES_REVIEW,REVIEW,zero preservado; provável ausência administrativa em parte dos registros,NONE
3500045510,SGB_HIDRO_MS_2024_POCOS,vazao_espe,0.0,ZERO_REQUIRES_REVIEW,REVIEW,zero preservado e não assumido como medição válida,NONE
3500045510,SGB_HIDRO_MS_2024_POCOS,Cond_Eletr,0.0,ZERO_REQUIRES_REVIEW,REVIEW,zero preservado e não assumido como medição válida,NONE
3500045511,SGB_HIDRO_MS_2024_POCOS,profundida,0.0,ZERO_REQUIRES_REVIEW,REVIEW,zero preservado; provável ausência administrativa em parte dos registros,NONE
3500045511,SGB_HIDRO_MS_2024_POCOS,profundi_1,0.0,ZERO_REQUIRES_REVIEW,REVIEW,zero preservado; provável ausência administrativa em parte dos registros,NONE
3500045511,SGB_HIDRO_MS_2024_POCOS,vazao_espe,0.0,ZERO_REQUIRES_REVIEW,REVIEW,zero preservado e não assumido como medição válida,NONE
3500045511,SGB_HIDRO_MS_2024_POCOS,Cond_Eletr,0.0,ZERO_REQUIRES_REVIEW,REVIEW,zero preservado e não assumido como medição válida,NONE
3500045512,SGB_HIDRO_MS_2024_POCOS,profundida,0.0,ZERO_REQUIRES_REVIEW,REVIEW,zero preservado; provável ausência administrativa em parte dos registros,NONE
3500045512,SGB_HIDRO_MS_2024_POCOS,profundi_1,0.0,ZERO_REQUIRES_REVIEW,REVIEW,zero preservado; provável ausência administrativa em parte dos registros,NONE
3500045512,SGB_HIDRO_MS_2024_POCOS,vazao_espe,0.0,ZERO_REQUIRES_REVIEW,REVIEW,zero preservado e não assumido como medição válida,NONE
3500045512,SGB_HIDRO_MS_2024_POCOS,Cond_Eletr,0.0,ZERO_REQUIRES_REVIEW,REVIEW,zero preservado e não assumido como medição válida,NONE
3500045513,SGB_HIDRO_MS_2024_POCOS,profundida,0.0,ZERO_REQUIRES_REVIEW,REVIEW,zero preservado; provável ausência administrativa em parte dos registros,NONE
3500045513,SGB_HIDRO_MS_2024_POCOS,profundi_1,0.0,ZERO_REQUIRES_REVIEW,REVIEW,zero preservado; provável ausência administrativa em parte dos registros,NONE
3500045513,SGB_HIDRO_MS_2024_POCOS,vazao_espe,0.0,ZERO_REQUIRES_REVIEW,REVIEW,zero preservado e não assumido como medição válida,NONE
3500045513,SGB_HIDRO_MS_2024_POCOS,Cond_Eletr,0.0,ZERO_REQUIRES_REVIEW,REVIEW,zero preservado e não assumido como medição válida,NONE
3500045514,SGB_HIDRO_MS_2024_POCOS,profundida,0.0,ZERO_REQUIRES_REVIEW,REVIEW,zero preservado; provável ausência administrativa em parte dos registros,NONE
3500045514,SGB_HIDRO_MS_2024_POCOS,profundi_1,0.0,ZERO_REQUIRES_REVIEW,REVIEW,zero preservado; provável ausência administrativa em parte dos registros,NONE
3500045514,SGB_HIDRO_MS_2024_POCOS,vazao_espe,0.0,ZERO_REQUIRES_REVIEW,REVIEW,zero preservado e não assumido como medição válida,NONE
3500045514,SGB_HIDRO_MS_2024_POCOS,Cond_Eletr,0.0,ZERO_REQUIRES_REVIEW,REVIEW,zero preservado e não assumido como medição válida,NONE
3500045515,SGB_HIDRO_MS_2024_POCOS,profundida,0.0,ZERO_REQUIRES_REVIEW,REVIEW,zero preservado; provável ausência administrativa em parte dos registros,NONE
3500045515,SGB_HIDRO_MS_2024_POCOS,profundi_1,0.0,ZERO_REQUIRES_REVIEW,REVIEW,zero preservado; provável ausência administrativa em parte dos registros,NONE
3500045515,SGB_HIDRO_MS_2024_POCOS,vazao_espe,0.0,ZERO_REQUIRES_REVIEW,REVIEW,zero preservado e não assumido como medição válida,NONE
3500045515,SGB_HIDRO_MS_2024_POCOS,Cond_Eletr,0.0,ZERO_REQUIRES_REVIEW,REVIEW,zero preservado e não assumido como medição válida,NONE
3500045516,SGB_HIDRO_MS_2024_POCOS,profundida,0.0,ZERO_REQUIRES_REVIEW,REVIEW,zero preservado; provável ausência administrativa em parte dos registros,NONE
3500045516,SGB_HIDRO_MS_2024_POCOS,profundi_1,0.0,ZERO_REQUIRES_REVIEW,REVIEW,zero preservado; provável ausência administrativa em parte dos registros,NONE
3500045516,SGB_HIDRO_MS_2024_POCOS,vazao_espe,0.0,ZERO_REQUIRES_REVIEW,REVIEW,zero preservado e não assumido como medição válida,NONE
3500045516,SGB_HIDRO_MS_2024_POCOS,Cond_Eletr,0.0,ZERO_REQUIRES_REVIEW,REVIEW,zero preservado e não assumido como medição válida,NONE
3500045517,SGB_HIDRO_MS_2024_POCOS,profundida,0.0,ZERO_REQUIRES_REVIEW,REVIEW,zero preservado; provável ausência administrativa em parte dos registros,NONE
3500045517,SGB_HIDRO_MS_2024_POCOS,profundi_1,0.0,ZERO_REQUIRES_REVIEW,REVIEW,zero preservado; provável ausência administrativa em parte dos registros,NONE
3500045517,SGB_HIDRO_MS_2024_POCOS,vazao_espe,0.0,ZERO_REQUIRES_REVIEW,REVIEW,zero preservado e não assumido como medição válida,NONE
3500045517,SGB_HIDRO_MS_2024_POCOS,Cond_Eletr,0.0,ZERO_REQUIRES_REVIEW,REVIEW,zero preservado e não assumido como medição válida,NONE
3500045518,SGB_HIDRO_MS_2024_POCOS,profundida,0.0,ZERO_REQUIRES_REVIEW,REVIEW,zero preservado; provável ausência administrativa em parte dos registros,NONE
3500045518,SGB_HIDRO_MS_2024_POCOS,profundi_1,0.0,ZERO_REQUIRES_REVIEW,REVIEW,zero preservado; provável ausência administrativa em parte dos registros,NONE
3500045518,SGB_HIDRO_MS_2024_POCOS,vazao_espe,0.0,ZERO_REQUIRES_REVIEW,REVIEW,zero preservado e não assumido como medição válida,NONE
3500045518,SGB_HIDRO_MS_2024_POCOS,Cond_Eletr,0.0,ZERO_REQUIRES_REVIEW,REVIEW,zero preservado e não assumido como medição válida,NONE
3500045519,SGB_HIDRO_MS_2024_POCOS,profundida,0.0,ZERO_REQUIRES_REVIEW,REVIEW,zero preservado; provável ausência administrativa em parte dos registros,NONE
3500045519,SGB_HIDRO_MS_2024_POCOS,profundi_1,0.0,ZERO_REQUIRES_REVIEW,REVIEW,zero preservado; provável ausência administrativa em parte dos registros,NONE
3500045519,SGB_HIDRO_MS_2024_POCOS,vazao_espe,0.0,ZERO_REQUIRES_REVIEW,REVIEW,zero preservado e não assumido como medição válida,NONE
3500045519,SGB_HIDRO_MS_2024_POCOS,Cond_Eletr,0.0,ZERO_REQUIRES_REVIEW,REVIEW,zero preservado e não assumido como medição válida,NONE
3500045520,SGB_HIDRO_MS_2024_POCOS,profundida,0.0,ZERO_REQUIRES_REVIEW,REVIEW,zero preservado; provável ausência administrativa em parte dos registros,NONE
3500045520,SGB_HIDRO_MS_2024_POCOS,profundi_1,0.0,ZERO_REQUIRES_REVIEW,REVIEW,zero preservado; provável ausência administrativa em parte dos registros,NONE
3500045520,SGB_HIDRO_MS_2024_POCOS,vazao_espe,0.0,ZERO_REQUIRES_REVIEW,REVIEW,zero preservado e não assumido como medição válida,NONE
3500045520,SGB_HIDRO_MS_2024_POCOS,Cond_Eletr,0.0,ZERO_REQUIRES_REVIEW,REVIEW,zero preservado e não assumido como medição válida,NONE
3500045521,SGB_HIDRO_MS_2024_POCOS,profundida,0.0,ZERO_REQUIRES_REVIEW,REVIEW,zero preservado; provável ausência administrativa em parte dos registros,NONE
3500045521,SGB_HIDRO_MS_2024_POCOS,profundi_1,0.0,ZERO_REQUIRES_REVIEW,REVIEW,zero preservado; provável ausência administrativa em parte dos registros,NONE
3500045521,SGB_HIDRO_MS_2024_POCOS,vazao_espe,0.0,ZERO_REQUIRES_REVIEW,REVIEW,zero preservado e não assumido como medição válida,NONE
3500045521,SGB_HIDRO_MS_2024_POCOS,Cond_Eletr,0.0,ZERO_REQUIRES_REVIEW,REVIEW,zero preservado e não assumido como medição válida,NONE
3500045522,SGB_HIDRO_MS_2024_POCOS,profundida,0.0,ZERO_REQUIRES_REVIEW,REVIEW,zero preservado; provável ausência administrativa em parte dos registros,NONE
3500045522,SGB_HIDRO_MS_2024_POCOS,profundi_1,0.0,ZERO_REQUIRES_REVIEW,REVIEW,zero preservado; provável ausência administrativa em parte dos registros,NONE
3500045522,SGB_HIDRO_MS_2024_POCOS,vazao_espe,0.0,ZERO_REQUIRES_REVIEW,REVIEW,zero preservado e não assumido como medição válida,NONE
3500045522,SGB_HIDRO_MS_2024_POCOS,Cond_Eletr,0.0,ZERO_REQUIRES_REVIEW,REVIEW,zero preservado e não assumido como medição válida,NONE
3500045523,SGB_HIDRO_MS_2024_POCOS,profundida,0.0,ZERO_REQUIRES_REVIEW,REVIEW,zero preservado; provável ausência administrativa em parte dos registros,NONE
3500045523,SGB_HIDRO_MS_2024_POCOS,profundi_1,0.0,ZERO_REQUIRES_REVIEW,REVIEW,zero preservado; provável ausência administrativa em parte dos registros,NONE
3500045523,SGB_HIDRO_MS_2024_POCOS,vazao_espe,0.0,ZERO_REQUIRES_REVIEW,REVIEW,zero preservado e não assumido como medição válida,NONE
3500045523,SGB_HIDRO_MS_2024_POCOS,Cond_Eletr,0.0,ZERO_REQUIRES_REVIEW,REVIEW,zero preservado e não assumido como medição válida,NONE
3500045524,SGB_HIDRO_MS_2024_POCOS,profundida,0.0,ZERO_REQUIRES_REVIEW,REVIEW,zero preservado; provável ausência administrativa em parte dos registros,NONE
3500045524,SGB_HIDRO_MS_2024_POCOS,profundi_1,0.0,ZERO_REQUIRES_REVIEW,REVIEW,zero preservado; provável ausência administrativa em parte dos registros,NONE
3500045524,SGB_HIDRO_MS_2024_POCOS,vazao_espe,0.0,ZERO_REQUIRES_REVIEW,REVIEW,zero preservado e não assumido como medição válida,NONE
3500045524,SGB_HIDRO_MS_2024_POCOS,Cond_Eletr,0.0,ZERO_REQUIRES_REVIEW,REVIEW,zero preservado e não assumido como medição válida,NONE
3500045525,SGB_HIDRO_MS_2024_POCOS,profundida,0.0,ZERO_REQUIRES_REVIEW,REVIEW,zero preservado; provável ausência administrativa em parte dos registros,NONE
3500045525,SGB_HIDRO_MS_2024_POCOS,profundi_1,0.0,ZERO_REQUIRES_REVIEW,REVIEW,zero preservado; provável ausência administrativa em parte dos registros,NONE
3500045525,SGB_HIDRO_MS_2024_POCOS,vazao_espe,0.0,ZERO_REQUIRES_REVIEW,REVIEW,zero preservado e não assumido como medição válida,NONE
3500045525,SGB_HIDRO_MS_2024_POCOS,Cond_Eletr,0.0,ZERO_REQUIRES_REVIEW,REVIEW,zero preservado e não assumido como medição válida,NONE
3500045526,SGB_HIDRO_MS_2024_POCOS,profundida,0.0,ZERO_REQUIRES_REVIEW,REVIEW,zero preservado; provável ausência administrativa em parte dos registros,NONE
3500045526,SGB_HIDRO_MS_2024_POCOS,profundi_1,0.0,ZERO_REQUIRES_REVIEW,REVIEW,zero preservado; provável ausência administrativa em parte dos registros,NONE
3500045526,SGB_HIDRO_MS_2024_POCOS,vazao_espe,0.0,ZERO_REQUIRES_REVIEW,REVIEW,zero preservado e não assumido como medição válida,NONE
3500045527,SGB_HIDRO_MS_2024_POCOS,profundida,0.0,ZERO_REQUIRES_REVIEW,REVIEW,zero preservado; provável ausência administrativa em parte dos registros,NONE
3500045527,SGB_HIDRO_MS_2024_POCOS,profundi_1,0.0,ZERO_REQUIRES_REVIEW,REVIEW,zero preservado; provável ausência administrativa em parte dos registros,NONE
3500045527,SGB_HIDRO_MS_2024_POCOS,vazao_espe,0.0,ZERO_REQUIRES_REVIEW,REVIEW,zero preservado e não assumido como medição válida,NONE
3500045527,SGB_HIDRO_MS_2024_POCOS,Cond_Eletr,0.0,ZERO_REQUIRES_REVIEW,REVIEW,zero preservado e não assumido como medição válida,NONE
3500045528,SGB_HIDRO_MS_2024_POCOS,profundida,0.0,ZERO_REQUIRES_REVIEW,REVIEW,zero preservado; provável ausência administrativa em parte dos registros,NONE
3500045528,SGB_HIDRO_MS_2024_POCOS,profundi_1,0.0,ZERO_REQUIRES_REVIEW,REVIEW,zero preservado; provável ausência administrativa em parte dos registros,NONE
3500045528,SGB_HIDRO_MS_2024_POCOS,vazao_espe,0.0,ZERO_REQUIRES_REVIEW,REVIEW,zero preservado e não assumido como medição válida,NONE
3500045528,SGB_HIDRO_MS_2024_POCOS,Cond_Eletr,0.0,ZERO_REQUIRES_REVIEW,REVIEW,zero preservado e não assumido como medição válida,NONE
3500045529,SGB_HIDRO_MS_2024_POCOS,profundida,0.0,ZERO_REQUIRES_REVIEW,REVIEW,zero preservado; provável ausência administrativa em parte dos registros,NONE
3500045529,SGB_HIDRO_MS_2024_POCOS,profundi_1,0.0,ZERO_REQUIRES_REVIEW,REVIEW,zero preservado; provável ausência administrativa em parte dos registros,NONE
3500045529,SGB_HIDRO_MS_2024_POCOS,vazao_espe,0.0,ZERO_REQUIRES_REVIEW,REVIEW,zero preservado e não assumido como medição válida,NONE
3500045529,SGB_HIDRO_MS_2024_POCOS,Cond_Eletr,0.0,ZERO_REQUIRES_REVIEW,REVIEW,zero preservado e não assumido como medição válida,NONE
3500045530,SGB_HIDRO_MS_2024_POCOS,profundida,0.0,ZERO_REQUIRES_REVIEW,REVIEW,zero preservado; provável ausência administrativa em parte dos registros,NONE
3500045530,SGB_HIDRO_MS_2024_POCOS,profundi_1,0.0,ZERO_REQUIRES_REVIEW,REVIEW,zero preservado; provável ausência administrativa em parte dos registros,NONE
3500045530,SGB_HIDRO_MS_2024_POCOS,vazao_espe,0.0,ZERO_REQUIRES_REVIEW,REVIEW,zero preservado e não assumido como medição válida,NONE
3500045530,SGB_HIDRO_MS_2024_POCOS,Cond_Eletr,0.0,ZERO_REQUIRES_REVIEW,REVIEW,zero preservado e não assumido como medição válida,NONE
3500045531,SGB_HIDRO_MS_2024_POCOS,profundida,0.0,ZERO_REQUIRES_REVIEW,REVIEW,zero preservado; provável ausência administrativa em parte dos registros,NONE
3500045531,SGB_HIDRO_MS_2024_POCOS,profundi_1,0.0,ZERO_REQUIRES_REVIEW,REVIEW,zero preservado; provável ausência administrativa em parte dos registros,NONE
3500045531,SGB_HIDRO_MS_2024_POCOS,vazao_espe,0.0,ZERO_REQUIRES_REVIEW,REVIEW,zero preservado e não assumido como medição válida,NONE
3500045531,SGB_HIDRO_MS_2024_POCOS,Cond_Eletr,0.0,ZERO_REQUIRES_REVIEW,REVIEW,zero preservado e não assumido como medição válida,NONE
3500045532,SGB_HIDRO_MS_2024_POCOS,profundida,0.0,ZERO_REQUIRES_REVIEW,REVIEW,zero preservado; provável ausência administrativa em parte dos registros,NONE
3500045532,SGB_HIDRO_MS_2024_POCOS,profundi_1,0.0,ZERO_REQUIRES_REVIEW,REVIEW,zero preservado; provável ausência administrativa em parte dos registros,NONE
3500045532,SGB_HIDRO_MS_2024_POCOS,vazao_espe,0.0,ZERO_REQUIRES_REVIEW,REVIEW,zero preservado e não assumido como medição válida,NONE
3500045532,SGB_HIDRO_MS_2024_POCOS,Cond_Eletr,0.0,ZERO_REQUIRES_REVIEW,REVIEW,zero preservado e não assumido como medição válida,NONE
3500045533,SGB_HIDRO_MS_2024_POCOS,profundida,0.0,ZERO_REQUIRES_REVIEW,REVIEW,zero preservado; provável ausência administrativa em parte dos registros,NONE
3500045533,SGB_HIDRO_MS_2024_POCOS,profundi_1,0.0,ZERO_REQUIRES_REVIEW,REVIEW,zero preservado; provável ausência administrativa em parte dos registros,NONE
3500045533,SGB_HIDRO_MS_2024_POCOS,vazao_espe,0.0,ZERO_REQUIRES_REVIEW,REVIEW,zero preservado e não assumido como medição válida,NONE
3500045533,SGB_HIDRO_MS_2024_POCOS,Cond_Eletr,0.0,ZERO_REQUIRES_REVIEW,REVIEW,zero preservado e não assumido como medição válida,NONE
3500045534,SGB_HIDRO_MS_2024_POCOS,profundida,0.0,ZERO_REQUIRES_REVIEW,REVIEW,zero preservado; provável ausência administrativa em parte dos registros,NONE
3500045534,SGB_HIDRO_MS_2024_POCOS,profundi_1,0.0,ZERO_REQUIRES_REVIEW,REVIEW,zero preservado; provável ausência administrativa em parte dos registros,NONE
3500045534,SGB_HIDRO_MS_2024_POCOS,vazao_espe,0.0,ZERO_REQUIRES_REVIEW,REVIEW,zero preservado e não assumido como medição válida,NONE
3500045534,SGB_HIDRO_MS_2024_POCOS,Cond_Eletr,0.0,ZERO_REQUIRES_REVIEW,REVIEW,zero preservado e não assumido como medição válida,NONE
3500045535,SGB_HIDRO_MS_2024_POCOS,profundida,0.0,ZERO_REQUIRES_REVIEW,REVIEW,zero preservado; provável ausência administrativa em parte dos registros,NONE
3500045535,SGB_HIDRO_MS_2024_POCOS,profundi_1,0.0,ZERO_REQUIRES_REVIEW,REVIEW,zero preservado; provável ausência administrativa em parte dos registros,NONE
3500045535,SGB_HIDRO_MS_2024_POCOS,vazao_espe,0.0,ZERO_REQUIRES_REVIEW,REVIEW,zero preservado e não assumido como medição válida,NONE
3500045535,SGB_HIDRO_MS_2024_POCOS,Cond_Eletr,0.0,ZERO_REQUIRES_REVIEW,REVIEW,zero preservado e não assumido como medição válida,NONE
3500045536,SGB_HIDRO_MS_2024_POCOS,profundida,0.0,ZERO_REQUIRES_REVIEW,REVIEW,zero preservado; provável ausência administrativa em parte dos registros,NONE
3500045536,SGB_HIDRO_MS_2024_POCOS,profundi_1,0.0,ZERO_REQUIRES_REVIEW,REVIEW,zero preservado; provável ausência administrativa em parte dos registros,NONE
3500045536,SGB_HIDRO_MS_2024_POCOS,vazao_espe,0.0,ZERO_REQUIRES_REVIEW,REVIEW,zero preservado e não assumido como medição válida,NONE
3500045536,SGB_HIDRO_MS_2024_POCOS,Cond_Eletr,0.0,ZERO_REQUIRES_REVIEW,REVIEW,zero preservado e não assumido como medição válida,NONE
3500045537,SGB_HIDRO_MS_2024_POCOS,profundida,0.0,ZERO_REQUIRES_REVIEW,REVIEW,zero preservado; provável ausência administrativa em parte dos registros,NONE
3500045537,SGB_HIDRO_MS_2024_POCOS,profundi_1,0.0,ZERO_REQUIRES_REVIEW,REVIEW,zero preservado; provável ausência administrativa em parte dos registros,NONE
3500045537,SGB_HIDRO_MS_2024_POCOS,vazao_espe,0.0,ZERO_REQUIRES_REVIEW,REVIEW,zero preservado e não assumido como medição válida,NONE
3500045537,SGB_HIDRO_MS_2024_POCOS,Cond_Eletr,0.0,ZERO_REQUIRES_REVIEW,REVIEW,zero preservado e não assumido como medição válida,NONE
3500045538,SGB_HIDRO_MS_2024_POCOS,profundida,0.0,ZERO_REQUIRES_REVIEW,REVIEW,zero preservado; provável ausência administrativa em parte dos registros,NONE
3500045538,SGB_HIDRO_MS_2024_POCOS,profundi_1,0.0,ZERO_REQUIRES_REVIEW,REVIEW,zero preservado; provável ausência administrativa em parte dos registros,NONE
3500045538,SGB_HIDRO_MS_2024_POCOS,vazao_espe,0.0,ZERO_REQUIRES_REVIEW,REVIEW,zero preservado e não assumido como medição válida,NONE
3500045538,SGB_HIDRO_MS_2024_POCOS,Cond_Eletr,0.0,ZERO_REQUIRES_REVIEW,REVIEW,zero preservado e não assumido como medição válida,NONE
3500045539,SGB_HIDRO_MS_2024_POCOS,profundida,0.0,ZERO_REQUIRES_REVIEW,REVIEW,zero preservado; provável ausência administrativa em parte dos registros,NONE
3500045539,SGB_HIDRO_MS_2024_POCOS,profundi_1,0.0,ZERO_REQUIRES_REVIEW,REVIEW,zero preservado; provável ausência administrativa em parte dos registros,NONE
3500045539,SGB_HIDRO_MS_2024_POCOS,vazao_espe,0.0,ZERO_REQUIRES_REVIEW,REVIEW,zero preservado e não assumido como medição válida,NONE
3500045539,SGB_HIDRO_MS_2024_POCOS,Cond_Eletr,0.0,ZERO_REQUIRES_REVIEW,REVIEW,zero preservado e não assumido como medição válida,NONE
3500045540,SGB_HIDRO_MS_2024_POCOS,profundida,0.0,ZERO_REQUIRES_REVIEW,REVIEW,zero preservado; provável ausência administrativa em parte dos registros,NONE
3500045540,SGB_HIDRO_MS_2024_POCOS,profundi_1,0.0,ZERO_REQUIRES_REVIEW,REVIEW,zero preservado; provável ausência administrativa em parte dos registros,NONE
3500045540,SGB_HIDRO_MS_2024_POCOS,vazao_espe,0.0,ZERO_REQUIRES_REVIEW,REVIEW,zero preservado e não assumido como medição válida,NONE
3500045540,SGB_HIDRO_MS_2024_POCOS,Cond_Eletr,0.0,ZERO_REQUIRES_REVIEW,REVIEW,zero preservado e não assumido como medição válida,NONE
3500045541,SGB_HIDRO_MS_2024_POCOS,profundida,0.0,ZERO_REQUIRES_REVIEW,REVIEW,zero preservado; provável ausência administrativa em parte dos registros,NONE
3500045541,SGB_HIDRO_MS_2024_POCOS,profundi_1,0.0,ZERO_REQUIRES_REVIEW,REVIEW,zero preservado; provável ausência administrativa em parte dos registros,NONE
3500045541,SGB_HIDRO_MS_2024_POCOS,vazao_espe,0.0,ZERO_REQUIRES_REVIEW,REVIEW,zero preservado e não assumido como medição válida,NONE
3500045541,SGB_HIDRO_MS_2024_POCOS,Cond_Eletr,0.0,ZERO_REQUIRES_REVIEW,REVIEW,zero preservado e não assumido como medição válida,NONE
3500045542,SGB_HIDRO_MS_2024_POCOS,profundida,0.0,ZERO_REQUIRES_REVIEW,REVIEW,zero preservado; provável ausência administrativa em parte dos registros,NONE
3500045542,SGB_HIDRO_MS_2024_POCOS,profundi_1,0.0,ZERO_REQUIRES_REVIEW,REVIEW,zero preservado; provável ausência administrativa em parte dos registros,NONE
3500045542,SGB_HIDRO_MS_2024_POCOS,vazao_espe,0.0,ZERO_REQUIRES_REVIEW,REVIEW,zero preservado e não assumido como medição válida,NONE
3500045542,SGB_HIDRO_MS_2024_POCOS,Cond_Eletr,0.0,ZERO_REQUIRES_REVIEW,REVIEW,zero preservado e não assumido como medição válida,NONE
3500045543,SGB_HIDRO_MS_2024_POCOS,profundida,0.0,ZERO_REQUIRES_REVIEW,REVIEW,zero preservado; provável ausência administrativa em parte dos registros,NONE
3500045543,SGB_HIDRO_MS_2024_POCOS,profundi_1,0.0,ZERO_REQUIRES_REVIEW,REVIEW,zero preservado; provável ausência administrativa em parte dos registros,NONE
3500045543,SGB_HIDRO_MS_2024_POCOS,vazao_espe,0.0,ZERO_REQUIRES_REVIEW,REVIEW,zero preservado e não assumido como medição válida,NONE
3500045543,SGB_HIDRO_MS_2024_POCOS,Cond_Eletr,0.0,ZERO_REQUIRES_REVIEW,REVIEW,zero preservado e não assumido como medição válida,NONE
3500045544,SGB_HIDRO_MS_2024_POCOS,profundida,0.0,ZERO_REQUIRES_REVIEW,REVIEW,zero preservado; provável ausência administrativa em parte dos registros,NONE
3500045544,SGB_HIDRO_MS_2024_POCOS,profundi_1,0.0,ZERO_REQUIRES_REVIEW,REVIEW,zero preservado; provável ausência administrativa em parte dos registros,NONE
3500045544,SGB_HIDRO_MS_2024_POCOS,vazao_espe,0.0,ZERO_REQUIRES_REVIEW,REVIEW,zero preservado e não assumido como medição válida,NONE
3500045544,SGB_HIDRO_MS_2024_POCOS,Cond_Eletr,0.0,ZERO_REQUIRES_REVIEW,REVIEW,zero preservado e não assumido como medição válida,NONE
3500045545,SGB_HIDRO_MS_2024_POCOS,profundida,0.0,ZERO_REQUIRES_REVIEW,REVIEW,zero preservado; provável ausência administrativa em parte dos registros,NONE
3500045545,SGB_HIDRO_MS_2024_POCOS,profundi_1,0.0,ZERO_REQUIRES_REVIEW,REVIEW,zero preservado; provável ausência administrativa em parte dos registros,NONE
3500045545,SGB_HIDRO_MS_2024_POCOS,vazao_espe,0.0,ZERO_REQUIRES_REVIEW,REVIEW,zero preservado e não assumido como medição válida,NONE
3500045545,SGB_HIDRO_MS_2024_POCOS,Cond_Eletr,0.0,ZERO_REQUIRES_REVIEW,REVIEW,zero preservado e não assumido como medição válida,NONE
3500045546,SGB_HIDRO_MS_2024_POCOS,profundida,0.0,ZERO_REQUIRES_REVIEW,REVIEW,zero preservado; provável ausência administrativa em parte dos registros,NONE
3500045546,SGB_HIDRO_MS_2024_POCOS,profundi_1,0.0,ZERO_REQUIRES_REVIEW,REVIEW,zero preservado; provável ausência administrativa em parte dos registros,NONE
3500045546,SGB_HIDRO_MS_2024_POCOS,vazao_espe,0.0,ZERO_REQUIRES_REVIEW,REVIEW,zero preservado e não assumido como medição válida,NONE
3500045546,SGB_HIDRO_MS_2024_POCOS,Cond_Eletr,0.0,ZERO_REQUIRES_REVIEW,REVIEW,zero preservado e não assumido como medição válida,NONE
3500045547,SGB_HIDRO_MS_2024_POCOS,profundida,0.0,ZERO_REQUIRES_REVIEW,REVIEW,zero preservado; provável ausência administrativa em parte dos registros,NONE
3500045547,SGB_HIDRO_MS_2024_POCOS,profundi_1,0.0,ZERO_REQUIRES_REVIEW,REVIEW,zero preservado; provável ausência administrativa em parte dos registros,NONE
3500045547,SGB_HIDRO_MS_2024_POCOS,vazao_espe,0.0,ZERO_REQUIRES_REVIEW,REVIEW,zero preservado e não assumido como medição válida,NONE
3500045547,SGB_HIDRO_MS_2024_POCOS,Cond_Eletr,0.0,ZERO_REQUIRES_REVIEW,REVIEW,zero preservado e não assumido como medição válida,NONE
3500045548,SGB_HIDRO_MS_2024_POCOS,profundida,0.0,ZERO_REQUIRES_REVIEW,REVIEW,zero preservado; provável ausência administrativa em parte dos registros,NONE
3500045548,SGB_HIDRO_MS_2024_POCOS,profundi_1,0.0,ZERO_REQUIRES_REVIEW,REVIEW,zero preservado; provável ausência administrativa em parte dos registros,NONE
3500045548,SGB_HIDRO_MS_2024_POCOS,vazao_espe,0.0,ZERO_REQUIRES_REVIEW,REVIEW,zero preservado e não assumido como medição válida,NONE
3500045548,SGB_HIDRO_MS_2024_POCOS,Cond_Eletr,0.0,ZERO_REQUIRES_REVIEW,REVIEW,zero preservado e não assumido como medição válida,NONE
3500045549,SGB_HIDRO_MS_2024_POCOS,profundida,0.0,ZERO_REQUIRES_REVIEW,REVIEW,zero preservado; provável ausência administrativa em parte dos registros,NONE
3500045549,SGB_HIDRO_MS_2024_POCOS,profundi_1,0.0,ZERO_REQUIRES_REVIEW,REVIEW,zero preservado; provável ausência administrativa em parte dos registros,NONE
3500045549,SGB_HIDRO_MS_2024_POCOS,vazao_espe,0.0,ZERO_REQUIRES_REVIEW,REVIEW,zero preservado e não assumido como medição válida,NONE
3500045549,SGB_HIDRO_MS_2024_POCOS,Cond_Eletr,0.0,ZERO_REQUIRES_REVIEW,REVIEW,zero preservado e não assumido como medição válida,NONE
3500045550,SGB_HIDRO_MS_2024_POCOS,profundida,0.0,ZERO_REQUIRES_REVIEW,REVIEW,zero preservado; provável ausência administrativa em parte dos registros,NONE
3500045550,SGB_HIDRO_MS_2024_POCOS,profundi_1,0.0,ZERO_REQUIRES_REVIEW,REVIEW,zero preservado; provável ausência administrativa em parte dos registros,NONE
3500045550,SGB_HIDRO_MS_2024_POCOS,vazao_espe,0.0,ZERO_REQUIRES_REVIEW,REVIEW,zero preservado e não assumido como medição válida,NONE
3500045550,SGB_HIDRO_MS_2024_POCOS,Cond_Eletr,0.0,ZERO_REQUIRES_REVIEW,REVIEW,zero preservado e não assumido como medição válida,NONE
3500045551,SGB_HIDRO_MS_2024_POCOS,profundida,0.0,ZERO_REQUIRES_REVIEW,REVIEW,zero preservado; provável ausência administrativa em parte dos registros,NONE
3500045551,SGB_HIDRO_MS_2024_POCOS,profundi_1,0.0,ZERO_REQUIRES_REVIEW,REVIEW,zero preservado; provável ausência administrativa em parte dos registros,NONE
3500045551,SGB_HIDRO_MS_2024_POCOS,vazao_espe,0.0,ZERO_REQUIRES_REVIEW,REVIEW,zero preservado e não assumido como medição válida,NONE
3500045551,SGB_HIDRO_MS_2024_POCOS,Cond_Eletr,0.0,ZERO_REQUIRES_REVIEW,REVIEW,zero preservado e não assumido como medição válida,NONE
3500045552,SGB_HIDRO_MS_2024_POCOS,profundida,0.0,ZERO_REQUIRES_REVIEW,REVIEW,zero preservado; provável ausência administrativa em parte dos registros,NONE
3500045552,SGB_HIDRO_MS_2024_POCOS,Cond_Eletr,0.0,ZERO_REQUIRES_REVIEW,REVIEW,zero preservado e não assumido como medição válida,NONE
3500045553,SGB_HIDRO_MS_2024_POCOS,profundida,0.0,ZERO_REQUIRES_REVIEW,REVIEW,zero preservado; provável ausência administrativa em parte dos registros,NONE
3500045553,SGB_HIDRO_MS_2024_POCOS,profundi_1,0.0,ZERO_REQUIRES_REVIEW,REVIEW,zero preservado; provável ausência administrativa em parte dos registros,NONE
3500045553,SGB_HIDRO_MS_2024_POCOS,vazao_espe,0.0,ZERO_REQUIRES_REVIEW,REVIEW,zero preservado e não assumido como medição válida,NONE
3500045553,SGB_HIDRO_MS_2024_POCOS,Cond_Eletr,0.0,ZERO_REQUIRES_REVIEW,REVIEW,zero preservado e não assumido como medição válida,NONE
3500045554,SGB_HIDRO_MS_2024_POCOS,profundida,0.0,ZERO_REQUIRES_REVIEW,REVIEW,zero preservado; provável ausência administrativa em parte dos registros,NONE
3500045554,SGB_HIDRO_MS_2024_POCOS,profundi_1,0.0,ZERO_REQUIRES_REVIEW,REVIEW,zero preservado; provável ausência administrativa em parte dos registros,NONE
3500045554,SGB_HIDRO_MS_2024_POCOS,vazao_espe,0.0,ZERO_REQUIRES_REVIEW,REVIEW,zero preservado e não assumido como medição válida,NONE
3500045554,SGB_HIDRO_MS_2024_POCOS,Cond_Eletr,0.0,ZERO_REQUIRES_REVIEW,REVIEW,zero preservado e não assumido como medição válida,NONE
3500045555,SGB_HIDRO_MS_2024_POCOS,profundida,0.0,ZERO_REQUIRES_REVIEW,REVIEW,zero preservado; provável ausência administrativa em parte dos registros,NONE
3500045555,SGB_HIDRO_MS_2024_POCOS,profundi_1,0.0,ZERO_REQUIRES_REVIEW,REVIEW,zero preservado; provável ausência administrativa em parte dos registros,NONE
3500045555,SGB_HIDRO_MS_2024_POCOS,vazao_espe,0.0,ZERO_REQUIRES_REVIEW,REVIEW,zero preservado e não assumido como medição válida,NONE
3500045555,SGB_HIDRO_MS_2024_POCOS,Cond_Eletr,0.0,ZERO_REQUIRES_REVIEW,REVIEW,zero preservado e não assumido como medição válida,NONE
3500045556,SGB_HIDRO_MS_2024_POCOS,profundida,0.0,ZERO_REQUIRES_REVIEW,REVIEW,zero preservado; provável ausência administrativa em parte dos registros,NONE
3500045556,SGB_HIDRO_MS_2024_POCOS,profundi_1,0.0,ZERO_REQUIRES_REVIEW,REVIEW,zero preservado; provável ausência administrativa em parte dos registros,NONE
3500045556,SGB_HIDRO_MS_2024_POCOS,vazao_espe,0.0,ZERO_REQUIRES_REVIEW,REVIEW,zero preservado e não assumido como medição válida,NONE
3500045556,SGB_HIDRO_MS_2024_POCOS,Cond_Eletr,0.0,ZERO_REQUIRES_REVIEW,REVIEW,zero preservado e não assumido como medição válida,NONE
3500045557,SGB_HIDRO_MS_2024_POCOS,profundida,0.0,ZERO_REQUIRES_REVIEW,REVIEW,zero preservado; provável ausência administrativa em parte dos registros,NONE
3500045557,SGB_HIDRO_MS_2024_POCOS,profundi_1,0.0,ZERO_REQUIRES_REVIEW,REVIEW,zero preservado; provável ausência administrativa em parte dos registros,NONE
3500045557,SGB_HIDRO_MS_2024_POCOS,vazao_espe,0.0,ZERO_REQUIRES_REVIEW,REVIEW,zero preservado e não assumido como medição válida,NONE
3500045557,SGB_HIDRO_MS_2024_POCOS,Cond_Eletr,0.0,ZERO_REQUIRES_REVIEW,REVIEW,zero preservado e não assumido como medição válida,NONE
3500045558,SGB_HIDRO_MS_2024_POCOS,profundida,0.0,ZERO_REQUIRES_REVIEW,REVIEW,zero preservado; provável ausência administrativa em parte dos registros,NONE
3500045558,SGB_HIDRO_MS_2024_POCOS,profundi_1,0.0,ZERO_REQUIRES_REVIEW,REVIEW,zero preservado; provável ausência administrativa em parte dos registros,NONE
3500045558,SGB_HIDRO_MS_2024_POCOS,vazao_espe,0.0,ZERO_REQUIRES_REVIEW,REVIEW,zero preservado e não assumido como medição válida,NONE
3500045558,SGB_HIDRO_MS_2024_POCOS,Cond_Eletr,0.0,ZERO_REQUIRES_REVIEW,REVIEW,zero preservado e não assumido como medição válida,NONE
3500045559,SGB_HIDRO_MS_2024_POCOS,profundida,0.0,ZERO_REQUIRES_REVIEW,REVIEW,zero preservado; provável ausência administrativa em parte dos registros,NONE
3500045559,SGB_HIDRO_MS_2024_POCOS,profundi_1,0.0,ZERO_REQUIRES_REVIEW,REVIEW,zero preservado; provável ausência administrativa em parte dos registros,NONE
3500045559,SGB_HIDRO_MS_2024_POCOS,vazao_espe,0.0,ZERO_REQUIRES_REVIEW,REVIEW,zero preservado e não assumido como medição válida,NONE
3500045559,SGB_HIDRO_MS_2024_POCOS,Cond_Eletr,0.0,ZERO_REQUIRES_REVIEW,REVIEW,zero preservado e não assumido como medição válida,NONE
3500045560,SGB_HIDRO_MS_2024_POCOS,profundida,0.0,ZERO_REQUIRES_REVIEW,REVIEW,zero preservado; provável ausência administrativa em parte dos registros,NONE
3500045560,SGB_HIDRO_MS_2024_POCOS,profundi_1,0.0,ZERO_REQUIRES_REVIEW,REVIEW,zero preservado; provável ausência administrativa em parte dos registros,NONE
3500045560,SGB_HIDRO_MS_2024_POCOS,vazao_espe,0.0,ZERO_REQUIRES_REVIEW,REVIEW,zero preservado e não assumido como medição válida,NONE
3500045560,SGB_HIDRO_MS_2024_POCOS,Cond_Eletr,0.0,ZERO_REQUIRES_REVIEW,REVIEW,zero preservado e não assumido como medição válida,NONE
3500045561,SGB_HIDRO_MS_2024_POCOS,profundida,0.0,ZERO_REQUIRES_REVIEW,REVIEW,zero preservado; provável ausência administrativa em parte dos registros,NONE
3500045561,SGB_HIDRO_MS_2024_POCOS,profundi_1,0.0,ZERO_REQUIRES_REVIEW,REVIEW,zero preservado; provável ausência administrativa em parte dos registros,NONE
3500045561,SGB_HIDRO_MS_2024_POCOS,vazao_espe,0.0,ZERO_REQUIRES_REVIEW,REVIEW,zero preservado e não assumido como medição válida,NONE
3500045561,SGB_HIDRO_MS_2024_POCOS,Cond_Eletr,0.0,ZERO_REQUIRES_REVIEW,REVIEW,zero preservado e não assumido como medição válida,NONE
3500045562,SGB_HIDRO_MS_2024_POCOS,profundida,0.0,ZERO_REQUIRES_REVIEW,REVIEW,zero preservado; provável ausência administrativa em parte dos registros,NONE
3500045562,SGB_HIDRO_MS_2024_POCOS,profundi_1,0.0,ZERO_REQUIRES_REVIEW,REVIEW,zero preservado; provável ausência administrativa em parte dos registros,NONE
3500045562,SGB_HIDRO_MS_2024_POCOS,vazao_espe,0.0,ZERO_REQUIRES_REVIEW,REVIEW,zero preservado e não assumido como medição válida,NONE
3500045562,SGB_HIDRO_MS_2024_POCOS,Cond_Eletr,0.0,ZERO_REQUIRES_REVIEW,REVIEW,zero preservado e não assumido como medição válida,NONE
3500045563,SGB_HIDRO_MS_2024_POCOS,profundida,0.0,ZERO_REQUIRES_REVIEW,REVIEW,zero preservado; provável ausência administrativa em parte dos registros,NONE
3500045563,SGB_HIDRO_MS_2024_POCOS,profundi_1,0.0,ZERO_REQUIRES_REVIEW,REVIEW,zero preservado; provável ausência administrativa em parte dos registros,NONE
3500045563,SGB_HIDRO_MS_2024_POCOS,vazao_espe,0.0,ZERO_REQUIRES_REVIEW,REVIEW,zero preservado e não assumido como medição válida,NONE
3500045563,SGB_HIDRO_MS_2024_POCOS,Cond_Eletr,0.0,ZERO_REQUIRES_REVIEW,REVIEW,zero preservado e não assumido como medição válida,NONE
3500045564,SGB_HIDRO_MS_2024_POCOS,profundida,0.0,ZERO_REQUIRES_REVIEW,REVIEW,zero preservado; provável ausência administrativa em parte dos registros,NONE
3500045564,SGB_HIDRO_MS_2024_POCOS,profundi_1,0.0,ZERO_REQUIRES_REVIEW,REVIEW,zero preservado; provável ausência administrativa em parte dos registros,NONE
3500045564,SGB_HIDRO_MS_2024_POCOS,vazao_espe,0.0,ZERO_REQUIRES_REVIEW,REVIEW,zero preservado e não assumido como medição válida,NONE
3500045564,SGB_HIDRO_MS_2024_POCOS,Cond_Eletr,0.0,ZERO_REQUIRES_REVIEW,REVIEW,zero preservado e não assumido como medição válida,NONE
3500045565,SGB_HIDRO_MS_2024_POCOS,profundida,0.0,ZERO_REQUIRES_REVIEW,REVIEW,zero preservado; provável ausência administrativa em parte dos registros,NONE
3500045565,SGB_HIDRO_MS_2024_POCOS,profundi_1,0.0,ZERO_REQUIRES_REVIEW,REVIEW,zero preservado; provável ausência administrativa em parte dos registros,NONE
3500045565,SGB_HIDRO_MS_2024_POCOS,vazao_espe,0.0,ZERO_REQUIRES_REVIEW,REVIEW,zero preservado e não assumido como medição válida,NONE
3500045565,SGB_HIDRO_MS_2024_POCOS,Cond_Eletr,0.0,ZERO_REQUIRES_REVIEW,REVIEW,zero preservado e não assumido como medição válida,NONE
3500045566,SGB_HIDRO_MS_2024_POCOS,profundida,0.0,ZERO_REQUIRES_REVIEW,REVIEW,zero preservado; provável ausência administrativa em parte dos registros,NONE
3500045566,SGB_HIDRO_MS_2024_POCOS,profundi_1,0.0,ZERO_REQUIRES_REVIEW,REVIEW,zero preservado; provável ausência administrativa em parte dos registros,NONE
3500045566,SGB_HIDRO_MS_2024_POCOS,vazao_espe,0.0,ZERO_REQUIRES_REVIEW,REVIEW,zero preservado e não assumido como medição válida,NONE
3500045566,SGB_HIDRO_MS_2024_POCOS,Cond_Eletr,0.0,ZERO_REQUIRES_REVIEW,REVIEW,zero preservado e não assumido como medição válida,NONE
3500045567,SGB_HIDRO_MS_2024_POCOS,profundida,0.0,ZERO_REQUIRES_REVIEW,REVIEW,zero preservado; provável ausência administrativa em parte dos registros,NONE
3500045567,SGB_HIDRO_MS_2024_POCOS,profundi_1,0.0,ZERO_REQUIRES_REVIEW,REVIEW,zero preservado; provável ausência administrativa em parte dos registros,NONE
3500045567,SGB_HIDRO_MS_2024_POCOS,vazao_espe,0.0,ZERO_REQUIRES_REVIEW,REVIEW,zero preservado e não assumido como medição válida,NONE
3500045567,SGB_HIDRO_MS_2024_POCOS,Cond_Eletr,0.0,ZERO_REQUIRES_REVIEW,REVIEW,zero preservado e não assumido como medição válida,NONE
3500045568,SGB_HIDRO_MS_2024_POCOS,profundida,0.0,ZERO_REQUIRES_REVIEW,REVIEW,zero preservado; provável ausência administrativa em parte dos registros,NONE
3500045568,SGB_HIDRO_MS_2024_POCOS,profundi_1,0.0,ZERO_REQUIRES_REVIEW,REVIEW,zero preservado; provável ausência administrativa em parte dos registros,NONE
3500045568,SGB_HIDRO_MS_2024_POCOS,vazao_espe,0.0,ZERO_REQUIRES_REVIEW,REVIEW,zero preservado e não assumido como medição válida,NONE
3500045568,SGB_HIDRO_MS_2024_POCOS,Cond_Eletr,0.0,ZERO_REQUIRES_REVIEW,REVIEW,zero preservado e não assumido como medição válida,NONE
3500045569,SGB_HIDRO_MS_2024_POCOS,profundida,0.0,ZERO_REQUIRES_REVIEW,REVIEW,zero preservado; provável ausência administrativa em parte dos registros,NONE
3500045569,SGB_HIDRO_MS_2024_POCOS,profundi_1,0.0,ZERO_REQUIRES_REVIEW,REVIEW,zero preservado; provável ausência administrativa em parte dos registros,NONE
3500045569,SGB_HIDRO_MS_2024_POCOS,vazao_espe,0.0,ZERO_REQUIRES_REVIEW,REVIEW,zero preservado e não assumido como medição válida,NONE
3500045569,SGB_HIDRO_MS_2024_POCOS,Cond_Eletr,0.0,ZERO_REQUIRES_REVIEW,REVIEW,zero preservado e não assumido como medição válida,NONE
3500045570,SGB_HIDRO_MS_2024_POCOS,profundida,0.0,ZERO_REQUIRES_REVIEW,REVIEW,zero preservado; provável ausência administrativa em parte dos registros,NONE
3500045570,SGB_HIDRO_MS_2024_POCOS,profundi_1,0.0,ZERO_REQUIRES_REVIEW,REVIEW,zero preservado; provável ausência administrativa em parte dos registros,NONE
3500045570,SGB_HIDRO_MS_2024_POCOS,vazao_espe,0.0,ZERO_REQUIRES_REVIEW,REVIEW,zero preservado e não assumido como medição válida,NONE
3500045570,SGB_HIDRO_MS_2024_POCOS,Cond_Eletr,0.0,ZERO_REQUIRES_REVIEW,REVIEW,zero preservado e não assumido como medição válida,NONE
3500045571,SGB_HIDRO_MS_2024_POCOS,profundida,0.0,ZERO_REQUIRES_REVIEW,REVIEW,zero preservado; provável ausência administrativa em parte dos registros,NONE
3500045571,SGB_HIDRO_MS_2024_POCOS,profundi_1,0.0,ZERO_REQUIRES_REVIEW,REVIEW,zero preservado; provável ausência administrativa em parte dos registros,NONE
3500045571,SGB_HIDRO_MS_2024_POCOS,vazao_espe,0.0,ZERO_REQUIRES_REVIEW,REVIEW,zero preservado e não assumido como medição válida,NONE
3500045571,SGB_HIDRO_MS_2024_POCOS,Cond_Eletr,0.0,ZERO_REQUIRES_REVIEW,REVIEW,zero preservado e não assumido como medição válida,NONE
3500045572,SGB_HIDRO_MS_2024_POCOS,profundida,0.0,ZERO_REQUIRES_REVIEW,REVIEW,zero preservado; provável ausência administrativa em parte dos registros,NONE
3500045572,SGB_HIDRO_MS_2024_POCOS,profundi_1,0.0,ZERO_REQUIRES_REVIEW,REVIEW,zero preservado; provável ausência administrativa em parte dos registros,NONE
3500045572,SGB_HIDRO_MS_2024_POCOS,vazao_espe,0.0,ZERO_REQUIRES_REVIEW,REVIEW,zero preservado e não assumido como medição válida,NONE
3500045572,SGB_HIDRO_MS_2024_POCOS,Cond_Eletr,0.0,ZERO_REQUIRES_REVIEW,REVIEW,zero preservado e não assumido como medição válida,NONE
3500045573,SGB_HIDRO_MS_2024_POCOS,profundida,0.0,ZERO_REQUIRES_REVIEW,REVIEW,zero preservado; provável ausência administrativa em parte dos registros,NONE
3500045573,SGB_HIDRO_MS_2024_POCOS,profundi_1,0.0,ZERO_REQUIRES_REVIEW,REVIEW,zero preservado; provável ausência administrativa em parte dos registros,NONE
3500045573,SGB_HIDRO_MS_2024_POCOS,vazao_espe,0.0,ZERO_REQUIRES_REVIEW,REVIEW,zero preservado e não assumido como medição válida,NONE
3500045573,SGB_HIDRO_MS_2024_POCOS,Cond_Eletr,0.0,ZERO_REQUIRES_REVIEW,REVIEW,zero preservado e não assumido como medição válida,NONE
3500045574,SGB_HIDRO_MS_2024_POCOS,profundida,0.0,ZERO_REQUIRES_REVIEW,REVIEW,zero preservado; provável ausência administrativa em parte dos registros,NONE
3500045574,SGB_HIDRO_MS_2024_POCOS,profundi_1,0.0,ZERO_REQUIRES_REVIEW,REVIEW,zero preservado; provável ausência administrativa em parte dos registros,NONE
3500045574,SGB_HIDRO_MS_2024_POCOS,vazao_espe,0.0,ZERO_REQUIRES_REVIEW,REVIEW,zero preservado e não assumido como medição válida,NONE
3500045574,SGB_HIDRO_MS_2024_POCOS,Cond_Eletr,0.0,ZERO_REQUIRES_REVIEW,REVIEW,zero preservado e não assumido como medição válida,NONE
3500045575,SGB_HIDRO_MS_2024_POCOS,profundida,0.0,ZERO_REQUIRES_REVIEW,REVIEW,zero preservado; provável ausência administrativa em parte dos registros,NONE
3500045575,SGB_HIDRO_MS_2024_POCOS,profundi_1,0.0,ZERO_REQUIRES_REVIEW,REVIEW,zero preservado; provável ausência administrativa em parte dos registros,NONE
3500045575,SGB_HIDRO_MS_2024_POCOS,vazao_espe,0.0,ZERO_REQUIRES_REVIEW,REVIEW,zero preservado e não assumido como medição válida,NONE
3500045575,SGB_HIDRO_MS_2024_POCOS,Cond_Eletr,0.0,ZERO_REQUIRES_REVIEW,REVIEW,zero preservado e não assumido como medição válida,NONE
3500045576,SGB_HIDRO_MS_2024_POCOS,profundida,0.0,ZERO_REQUIRES_REVIEW,REVIEW,zero preservado; provável ausência administrativa em parte dos registros,NONE
3500045576,SGB_HIDRO_MS_2024_POCOS,profundi_1,0.0,ZERO_REQUIRES_REVIEW,REVIEW,zero preservado; provável ausência administrativa em parte dos registros,NONE
3500045576,SGB_HIDRO_MS_2024_POCOS,vazao_espe,0.0,ZERO_REQUIRES_REVIEW,REVIEW,zero preservado e não assumido como medição válida,NONE
3500045576,SGB_HIDRO_MS_2024_POCOS,Cond_Eletr,0.0,ZERO_REQUIRES_REVIEW,REVIEW,zero preservado e não assumido como medição válida,NONE
3500045577,SGB_HIDRO_MS_2024_POCOS,profundida,0.0,ZERO_REQUIRES_REVIEW,REVIEW,zero preservado; provável ausência administrativa em parte dos registros,NONE
3500045577,SGB_HIDRO_MS_2024_POCOS,profundi_1,0.0,ZERO_REQUIRES_REVIEW,REVIEW,zero preservado; provável ausência administrativa em parte dos registros,NONE
3500045577,SGB_HIDRO_MS_2024_POCOS,vazao_espe,0.0,ZERO_REQUIRES_REVIEW,REVIEW,zero preservado e não assumido como medição válida,NONE
3500045577,SGB_HIDRO_MS_2024_POCOS,Cond_Eletr,0.0,ZERO_REQUIRES_REVIEW,REVIEW,zero preservado e não assumido como medição válida,NONE
3500045578,SGB_HIDRO_MS_2024_POCOS,profundida,0.0,ZERO_REQUIRES_REVIEW,REVIEW,zero preservado; provável ausência administrativa em parte dos registros,NONE
3500045578,SGB_HIDRO_MS_2024_POCOS,profundi_1,0.0,ZERO_REQUIRES_REVIEW,REVIEW,zero preservado; provável ausência administrativa em parte dos registros,NONE
3500045578,SGB_HIDRO_MS_2024_POCOS,vazao_espe,0.0,ZERO_REQUIRES_REVIEW,REVIEW,zero preservado e não assumido como medição válida,NONE
3500045578,SGB_HIDRO_MS_2024_POCOS,Cond_Eletr,0.0,ZERO_REQUIRES_REVIEW,REVIEW,zero preservado e não assumido como medição válida,NONE
3500045579,SGB_HIDRO_MS_2024_POCOS,profundida,0.0,ZERO_REQUIRES_REVIEW,REVIEW,zero preservado; provável ausência administrativa em parte dos registros,NONE
3500045579,SGB_HIDRO_MS_2024_POCOS,profundi_1,0.0,ZERO_REQUIRES_REVIEW,REVIEW,zero preservado; provável ausência administrativa em parte dos registros,NONE
3500045579,SGB_HIDRO_MS_2024_POCOS,vazao_espe,0.0,ZERO_REQUIRES_REVIEW,REVIEW,zero preservado e não assumido como medição válida,NONE
3500045579,SGB_HIDRO_MS_2024_POCOS,Cond_Eletr,0.0,ZERO_REQUIRES_REVIEW,REVIEW,zero preservado e não assumido como medição válida,NONE
3500045580,SGB_HIDRO_MS_2024_POCOS,profundida,0.0,ZERO_REQUIRES_REVIEW,REVIEW,zero preservado; provável ausência administrativa em parte dos registros,NONE
3500045580,SGB_HIDRO_MS_2024_POCOS,profundi_1,0.0,ZERO_REQUIRES_REVIEW,REVIEW,zero preservado; provável ausência administrativa em parte dos registros,NONE
3500045580,SGB_HIDRO_MS_2024_POCOS,vazao_espe,0.0,ZERO_REQUIRES_REVIEW,REVIEW,zero preservado e não assumido como medição válida,NONE
3500045580,SGB_HIDRO_MS_2024_POCOS,Cond_Eletr,0.0,ZERO_REQUIRES_REVIEW,REVIEW,zero preservado e não assumido como medição válida,NONE
3500045581,SGB_HIDRO_MS_2024_POCOS,profundida,0.0,ZERO_REQUIRES_REVIEW,REVIEW,zero preservado; provável ausência administrativa em parte dos registros,NONE
3500045581,SGB_HIDRO_MS_2024_POCOS,profundi_1,0.0,ZERO_REQUIRES_REVIEW,REVIEW,zero preservado; provável ausência administrativa em parte dos registros,NONE
3500045581,SGB_HIDRO_MS_2024_POCOS,vazao_espe,0.0,ZERO_REQUIRES_REVIEW,REVIEW,zero preservado e não assumido como medição válida,NONE
3500045581,SGB_HIDRO_MS_2024_POCOS,Cond_Eletr,0.0,ZERO_REQUIRES_REVIEW,REVIEW,zero preservado e não assumido como medição válida,NONE
3500045582,SGB_HIDRO_MS_2024_POCOS,profundida,0.0,ZERO_REQUIRES_REVIEW,REVIEW,zero preservado; provável ausência administrativa em parte dos registros,NONE
3500045582,SGB_HIDRO_MS_2024_POCOS,profundi_1,0.0,ZERO_REQUIRES_REVIEW,REVIEW,zero preservado; provável ausência administrativa em parte dos registros,NONE
3500045582,SGB_HIDRO_MS_2024_POCOS,vazao_espe,0.0,ZERO_REQUIRES_REVIEW,REVIEW,zero preservado e não assumido como medição válida,NONE
3500045582,SGB_HIDRO_MS_2024_POCOS,Cond_Eletr,0.0,ZERO_REQUIRES_REVIEW,REVIEW,zero preservado e não assumido como medição válida,NONE
3500045583,SGB_HIDRO_MS_2024_POCOS,profundida,0.0,ZERO_REQUIRES_REVIEW,REVIEW,zero preservado; provável ausência administrativa em parte dos registros,NONE
3500045583,SGB_HIDRO_MS_2024_POCOS,profundi_1,0.0,ZERO_REQUIRES_REVIEW,REVIEW,zero preservado; provável ausência administrativa em parte dos registros,NONE
3500045583,SGB_HIDRO_MS_2024_POCOS,vazao_espe,0.0,ZERO_REQUIRES_REVIEW,REVIEW,zero preservado e não assumido como medição válida,NONE
3500045583,SGB_HIDRO_MS_2024_POCOS,Cond_Eletr,0.0,ZERO_REQUIRES_REVIEW,REVIEW,zero preservado e não assumido como medição válida,NONE
3500045584,SGB_HIDRO_MS_2024_POCOS,profundida,0.0,ZERO_REQUIRES_REVIEW,REVIEW,zero preservado; provável ausência administrativa em parte dos registros,NONE
3500045584,SGB_HIDRO_MS_2024_POCOS,profundi_1,0.0,ZERO_REQUIRES_REVIEW,REVIEW,zero preservado; provável ausência administrativa em parte dos registros,NONE
3500045584,SGB_HIDRO_MS_2024_POCOS,vazao_espe,0.0,ZERO_REQUIRES_REVIEW,REVIEW,zero preservado e não assumido como medição válida,NONE
3500045584,SGB_HIDRO_MS_2024_POCOS,Cond_Eletr,0.0,ZERO_REQUIRES_REVIEW,REVIEW,zero preservado e não assumido como medição válida,NONE
3500045585,SGB_HIDRO_MS_2024_POCOS,profundida,0.0,ZERO_REQUIRES_REVIEW,REVIEW,zero preservado; provável ausência administrativa em parte dos registros,NONE
3500045585,SGB_HIDRO_MS_2024_POCOS,profundi_1,0.0,ZERO_REQUIRES_REVIEW,REVIEW,zero preservado; provável ausência administrativa em parte dos registros,NONE
3500045585,SGB_HIDRO_MS_2024_POCOS,vazao_espe,0.0,ZERO_REQUIRES_REVIEW,REVIEW,zero preservado e não assumido como medição válida,NONE
3500045585,SGB_HIDRO_MS_2024_POCOS,Cond_Eletr,0.0,ZERO_REQUIRES_REVIEW,REVIEW,zero preservado e não assumido como medição válida,NONE
3500045586,SGB_HIDRO_MS_2024_POCOS,profundida,0.0,ZERO_REQUIRES_REVIEW,REVIEW,zero preservado; provável ausência administrativa em parte dos registros,NONE
3500045586,SGB_HIDRO_MS_2024_POCOS,profundi_1,0.0,ZERO_REQUIRES_REVIEW,REVIEW,zero preservado; provável ausência administrativa em parte dos registros,NONE
3500045586,SGB_HIDRO_MS_2024_POCOS,vazao_espe,0.0,ZERO_REQUIRES_REVIEW,REVIEW,zero preservado e não assumido como medição válida,NONE
3500045586,SGB_HIDRO_MS_2024_POCOS,Cond_Eletr,0.0,ZERO_REQUIRES_REVIEW,REVIEW,zero preservado e não assumido como medição válida,NONE
3500045587,SGB_HIDRO_MS_2024_POCOS,profundida,0.0,ZERO_REQUIRES_REVIEW,REVIEW,zero preservado; provável ausência administrativa em parte dos registros,NONE
3500045587,SGB_HIDRO_MS_2024_POCOS,profundi_1,0.0,ZERO_REQUIRES_REVIEW,REVIEW,zero preservado; provável ausência administrativa em parte dos registros,NONE
3500045587,SGB_HIDRO_MS_2024_POCOS,vazao_espe,0.0,ZERO_REQUIRES_REVIEW,REVIEW,zero preservado e não assumido como medição válida,NONE
3500045587,SGB_HIDRO_MS_2024_POCOS,Cond_Eletr,0.0,ZERO_REQUIRES_REVIEW,REVIEW,zero preservado e não assumido como medição válida,NONE
3500045588,SGB_HIDRO_MS_2024_POCOS,profundida,0.0,ZERO_REQUIRES_REVIEW,REVIEW,zero preservado; provável ausência administrativa em parte dos registros,NONE
3500045588,SGB_HIDRO_MS_2024_POCOS,profundi_1,0.0,ZERO_REQUIRES_REVIEW,REVIEW,zero preservado; provável ausência administrativa em parte dos registros,NONE
3500045588,SGB_HIDRO_MS_2024_POCOS,vazao_espe,0.0,ZERO_REQUIRES_REVIEW,REVIEW,zero preservado e não assumido como medição válida,NONE
3500045588,SGB_HIDRO_MS_2024_POCOS,Cond_Eletr,0.0,ZERO_REQUIRES_REVIEW,REVIEW,zero preservado e não assumido como medição válida,NONE
3500045589,SGB_HIDRO_MS_2024_POCOS,profundida,0.0,ZERO_REQUIRES_REVIEW,REVIEW,zero preservado; provável ausência administrativa em parte dos registros,NONE
3500045589,SGB_HIDRO_MS_2024_POCOS,profundi_1,0.0,ZERO_REQUIRES_REVIEW,REVIEW,zero preservado; provável ausência administrativa em parte dos registros,NONE
3500045589,SGB_HIDRO_MS_2024_POCOS,vazao_espe,0.0,ZERO_REQUIRES_REVIEW,REVIEW,zero preservado e não assumido como medição válida,NONE
3500045589,SGB_HIDRO_MS_2024_POCOS,Cond_Eletr,0.0,ZERO_REQUIRES_REVIEW,REVIEW,zero preservado e não assumido como medição válida,NONE
3500045590,SGB_HIDRO_MS_2024_POCOS,profundida,0.0,ZERO_REQUIRES_REVIEW,REVIEW,zero preservado; provável ausência administrativa em parte dos registros,NONE
3500045590,SGB_HIDRO_MS_2024_POCOS,profundi_1,0.0,ZERO_REQUIRES_REVIEW,REVIEW,zero preservado; provável ausência administrativa em parte dos registros,NONE
3500045590,SGB_HIDRO_MS_2024_POCOS,vazao_espe,0.0,ZERO_REQUIRES_REVIEW,REVIEW,zero preservado e não assumido como medição válida,NONE
3500045590,SGB_HIDRO_MS_2024_POCOS,Cond_Eletr,0.0,ZERO_REQUIRES_REVIEW,REVIEW,zero preservado e não assumido como medição válida,NONE
3500045591,SGB_HIDRO_MS_2024_POCOS,profundida,0.0,ZERO_REQUIRES_REVIEW,REVIEW,zero preservado; provável ausência administrativa em parte dos registros,NONE
3500045591,SGB_HIDRO_MS_2024_POCOS,profundi_1,0.0,ZERO_REQUIRES_REVIEW,REVIEW,zero preservado; provável ausência administrativa em parte dos registros,NONE
3500045591,SGB_HIDRO_MS_2024_POCOS,vazao_espe,0.0,ZERO_REQUIRES_REVIEW,REVIEW,zero preservado e não assumido como medição válida,NONE
3500045591,SGB_HIDRO_MS_2024_POCOS,Cond_Eletr,0.0,ZERO_REQUIRES_REVIEW,REVIEW,zero preservado e não assumido como medição válida,NONE
3500045593,SGB_HIDRO_MS_2024_POCOS,profundida,0.0,ZERO_REQUIRES_REVIEW,REVIEW,zero preservado; provável ausência administrativa em parte dos registros,NONE
3500045593,SGB_HIDRO_MS_2024_POCOS,profundi_1,0.0,ZERO_REQUIRES_REVIEW,REVIEW,zero preservado; provável ausência administrativa em parte dos registros,NONE
3500045593,SGB_HIDRO_MS_2024_POCOS,vazao_espe,0.0,ZERO_REQUIRES_REVIEW,REVIEW,zero preservado e não assumido como medição válida,NONE
3500045593,SGB_HIDRO_MS_2024_POCOS,Cond_Eletr,0.0,ZERO_REQUIRES_REVIEW,REVIEW,zero preservado e não assumido como medição válida,NONE
3500045594,SGB_HIDRO_MS_2024_POCOS,profundida,0.0,ZERO_REQUIRES_REVIEW,REVIEW,zero preservado; provável ausência administrativa em parte dos registros,NONE
3500045594,SGB_HIDRO_MS_2024_POCOS,profundi_1,0.0,ZERO_REQUIRES_REVIEW,REVIEW,zero preservado; provável ausência administrativa em parte dos registros,NONE
3500045594,SGB_HIDRO_MS_2024_POCOS,vazao_espe,0.0,ZERO_REQUIRES_REVIEW,REVIEW,zero preservado e não assumido como medição válida,NONE
3500045594,SGB_HIDRO_MS_2024_POCOS,Cond_Eletr,0.0,ZERO_REQUIRES_REVIEW,REVIEW,zero preservado e não assumido como medição válida,NONE
3500045595,SGB_HIDRO_MS_2024_POCOS,profundida,0.0,ZERO_REQUIRES_REVIEW,REVIEW,zero preservado; provável ausência administrativa em parte dos registros,NONE
3500045595,SGB_HIDRO_MS_2024_POCOS,profundi_1,0.0,ZERO_REQUIRES_REVIEW,REVIEW,zero preservado; provável ausência administrativa em parte dos registros,NONE
3500045595,SGB_HIDRO_MS_2024_POCOS,vazao_espe,0.0,ZERO_REQUIRES_REVIEW,REVIEW,zero preservado e não assumido como medição válida,NONE
3500045595,SGB_HIDRO_MS_2024_POCOS,Cond_Eletr,0.0,ZERO_REQUIRES_REVIEW,REVIEW,zero preservado e não assumido como medição válida,NONE
3500045596,SGB_HIDRO_MS_2024_POCOS,profundida,0.0,ZERO_REQUIRES_REVIEW,REVIEW,zero preservado; provável ausência administrativa em parte dos registros,NONE
3500045596,SGB_HIDRO_MS_2024_POCOS,profundi_1,0.0,ZERO_REQUIRES_REVIEW,REVIEW,zero preservado; provável ausência administrativa em parte dos registros,NONE
3500045596,SGB_HIDRO_MS_2024_POCOS,vazao_espe,0.0,ZERO_REQUIRES_REVIEW,REVIEW,zero preservado e não assumido como medição válida,NONE
3500045596,SGB_HIDRO_MS_2024_POCOS,Cond_Eletr,0.0,ZERO_REQUIRES_REVIEW,REVIEW,zero preservado e não assumido como medição válida,NONE
3500045597,SGB_HIDRO_MS_2024_POCOS,profundida,0.0,ZERO_REQUIRES_REVIEW,REVIEW,zero preservado; provável ausência administrativa em parte dos registros,NONE
3500045597,SGB_HIDRO_MS_2024_POCOS,profundi_1,0.0,ZERO_REQUIRES_REVIEW,REVIEW,zero preservado; provável ausência administrativa em parte dos registros,NONE
3500045597,SGB_HIDRO_MS_2024_POCOS,vazao_espe,0.0,ZERO_REQUIRES_REVIEW,REVIEW,zero preservado e não assumido como medição válida,NONE
3500045597,SGB_HIDRO_MS_2024_POCOS,Cond_Eletr,0.0,ZERO_REQUIRES_REVIEW,REVIEW,zero preservado e não assumido como medição válida,NONE
3500045598,SGB_HIDRO_MS_2024_POCOS,profundida,0.0,ZERO_REQUIRES_REVIEW,REVIEW,zero preservado; provável ausência administrativa em parte dos registros,NONE
3500045598,SGB_HIDRO_MS_2024_POCOS,profundi_1,0.0,ZERO_REQUIRES_REVIEW,REVIEW,zero preservado; provável ausência administrativa em parte dos registros,NONE
3500045598,SGB_HIDRO_MS_2024_POCOS,vazao_espe,0.0,ZERO_REQUIRES_REVIEW,REVIEW,zero preservado e não assumido como medição válida,NONE
3500045598,SGB_HIDRO_MS_2024_POCOS,Cond_Eletr,0.0,ZERO_REQUIRES_REVIEW,REVIEW,zero preservado e não assumido como medição válida,NONE
3500045599,SGB_HIDRO_MS_2024_POCOS,profundida,0.0,ZERO_REQUIRES_REVIEW,REVIEW,zero preservado; provável ausência administrativa em parte dos registros,NONE
3500045599,SGB_HIDRO_MS_2024_POCOS,profundi_1,0.0,ZERO_REQUIRES_REVIEW,REVIEW,zero preservado; provável ausência administrativa em parte dos registros,NONE
3500045599,SGB_HIDRO_MS_2024_POCOS,vazao_espe,0.0,ZERO_REQUIRES_REVIEW,REVIEW,zero preservado e não assumido como medição válida,NONE
3500045599,SGB_HIDRO_MS_2024_POCOS,Cond_Eletr,0.0,ZERO_REQUIRES_REVIEW,REVIEW,zero preservado e não assumido como medição válida,NONE
3500045600,SGB_HIDRO_MS_2024_POCOS,profundida,0.0,ZERO_REQUIRES_REVIEW,REVIEW,zero preservado; provável ausência administrativa em parte dos registros,NONE
3500045600,SGB_HIDRO_MS_2024_POCOS,profundi_1,0.0,ZERO_REQUIRES_REVIEW,REVIEW,zero preservado; provável ausência administrativa em parte dos registros,NONE
3500045600,SGB_HIDRO_MS_2024_POCOS,vazao_espe,0.0,ZERO_REQUIRES_REVIEW,REVIEW,zero preservado e não assumido como medição válida,NONE
3500045600,SGB_HIDRO_MS_2024_POCOS,Cond_Eletr,0.0,ZERO_REQUIRES_REVIEW,REVIEW,zero preservado e não assumido como medição válida,NONE
3500045601,SGB_HIDRO_MS_2024_POCOS,profundida,0.0,ZERO_REQUIRES_REVIEW,REVIEW,zero preservado; provável ausência administrativa em parte dos registros,NONE
3500045602,SGB_HIDRO_MS_2024_POCOS,Cond_Eletr,0.0,ZERO_REQUIRES_REVIEW,REVIEW,zero preservado e não assumido como medição válida,NONE
3500045605,SGB_HIDRO_MS_2024_POCOS,profundida,0.0,ZERO_REQUIRES_REVIEW,REVIEW,zero preservado; provável ausência administrativa em parte dos registros,NONE
3500045605,SGB_HIDRO_MS_2024_POCOS,Cond_Eletr,0.0,ZERO_REQUIRES_REVIEW,REVIEW,zero preservado e não assumido como medição válida,NONE
3500045606,SGB_HIDRO_MS_2024_POCOS,profundida,0.0,ZERO_REQUIRES_REVIEW,REVIEW,zero preservado; provável ausência administrativa em parte dos registros,NONE
3500045606,SGB_HIDRO_MS_2024_POCOS,Cond_Eletr,0.0,ZERO_REQUIRES_REVIEW,REVIEW,zero preservado e não assumido como medição válida,NONE
3500045607,SGB_HIDRO_MS_2024_POCOS,profundida,0.0,ZERO_REQUIRES_REVIEW,REVIEW,zero preservado; provável ausência administrativa em parte dos registros,NONE
3500045607,SGB_HIDRO_MS_2024_POCOS,Cond_Eletr,0.0,ZERO_REQUIRES_REVIEW,REVIEW,zero preservado e não assumido como medição válida,NONE
3500045608,SGB_HIDRO_MS_2024_POCOS,profundida,0.0,ZERO_REQUIRES_REVIEW,REVIEW,zero preservado; provável ausência administrativa em parte dos registros,NONE
3500045608,SGB_HIDRO_MS_2024_POCOS,vazao_espe,0.0,ZERO_REQUIRES_REVIEW,REVIEW,zero preservado e não assumido como medição válida,NONE
3500045608,SGB_HIDRO_MS_2024_POCOS,Cond_Eletr,0.0,ZERO_REQUIRES_REVIEW,REVIEW,zero preservado e não assumido como medição válida,NONE
3500045609,SGB_HIDRO_MS_2024_POCOS,profundida,0.0,ZERO_REQUIRES_REVIEW,REVIEW,zero preservado; provável ausência administrativa em parte dos registros,NONE
3500045609,SGB_HIDRO_MS_2024_POCOS,vazao_espe,0.0,ZERO_REQUIRES_REVIEW,REVIEW,zero preservado e não assumido como medição válida,NONE
3500045609,SGB_HIDRO_MS_2024_POCOS,Cond_Eletr,0.0,ZERO_REQUIRES_REVIEW,REVIEW,zero preservado e não assumido como medição válida,NONE
3500045610,SGB_HIDRO_MS_2024_POCOS,profundida,0.0,ZERO_REQUIRES_REVIEW,REVIEW,zero preservado; provável ausência administrativa em parte dos registros,NONE
3500045610,SGB_HIDRO_MS_2024_POCOS,vazao_espe,0.0,ZERO_REQUIRES_REVIEW,REVIEW,zero preservado e não assumido como medição válida,NONE
3500045610,SGB_HIDRO_MS_2024_POCOS,Cond_Eletr,0.0,ZERO_REQUIRES_REVIEW,REVIEW,zero preservado e não assumido como medição válida,NONE
3500045611,SGB_HIDRO_MS_2024_POCOS,profundida,0.0,ZERO_REQUIRES_REVIEW,REVIEW,zero preservado; provável ausência administrativa em parte dos registros,NONE
3500045611,SGB_HIDRO_MS_2024_POCOS,Cond_Eletr,0.0,ZERO_REQUIRES_REVIEW,REVIEW,zero preservado e não assumido como medição válida,NONE
3500045612,SGB_HIDRO_MS_2024_POCOS,profundida,0.0,ZERO_REQUIRES_REVIEW,REVIEW,zero preservado; provável ausência administrativa em parte dos registros,NONE
3500045612,SGB_HIDRO_MS_2024_POCOS,Cond_Eletr,0.0,ZERO_REQUIRES_REVIEW,REVIEW,zero preservado e não assumido como medição válida,NONE
3500045613,SGB_HIDRO_MS_2024_POCOS,profundida,0.0,ZERO_REQUIRES_REVIEW,REVIEW,zero preservado; provável ausência administrativa em parte dos registros,NONE
3500045613,SGB_HIDRO_MS_2024_POCOS,Cond_Eletr,0.0,ZERO_REQUIRES_REVIEW,REVIEW,zero preservado e não assumido como medição válida,NONE
3500045614,SGB_HIDRO_MS_2024_POCOS,profundida,0.0,ZERO_REQUIRES_REVIEW,REVIEW,zero preservado; provável ausência administrativa em parte dos registros,NONE
3500045614,SGB_HIDRO_MS_2024_POCOS,Cond_Eletr,0.0,ZERO_REQUIRES_REVIEW,REVIEW,zero preservado e não assumido como medição válida,NONE
3500045615,SGB_HIDRO_MS_2024_POCOS,profundida,0.0,ZERO_REQUIRES_REVIEW,REVIEW,zero preservado; provável ausência administrativa em parte dos registros,NONE
3500045615,SGB_HIDRO_MS_2024_POCOS,Cond_Eletr,0.0,ZERO_REQUIRES_REVIEW,REVIEW,zero preservado e não assumido como medição válida,NONE
3500045616,SGB_HIDRO_MS_2024_POCOS,profundida,0.0,ZERO_REQUIRES_REVIEW,REVIEW,zero preservado; provável ausência administrativa em parte dos registros,NONE
3500045616,SGB_HIDRO_MS_2024_POCOS,Cond_Eletr,0.0,ZERO_REQUIRES_REVIEW,REVIEW,zero preservado e não assumido como medição válida,NONE
3500045617,SGB_HIDRO_MS_2024_POCOS,profundida,0.0,ZERO_REQUIRES_REVIEW,REVIEW,zero preservado; provável ausência administrativa em parte dos registros,NONE
3500045617,SGB_HIDRO_MS_2024_POCOS,Cond_Eletr,0.0,ZERO_REQUIRES_REVIEW,REVIEW,zero preservado e não assumido como medição válida,NONE
3500045618,SGB_HIDRO_MS_2024_POCOS,profundida,0.0,ZERO_REQUIRES_REVIEW,REVIEW,zero preservado; provável ausência administrativa em parte dos registros,NONE
3500045618,SGB_HIDRO_MS_2024_POCOS,Cond_Eletr,0.0,ZERO_REQUIRES_REVIEW,REVIEW,zero preservado e não assumido como medição válida,NONE
3500045619,SGB_HIDRO_MS_2024_POCOS,profundida,0.0,ZERO_REQUIRES_REVIEW,REVIEW,zero preservado; provável ausência administrativa em parte dos registros,NONE
3500045619,SGB_HIDRO_MS_2024_POCOS,Cond_Eletr,0.0,ZERO_REQUIRES_REVIEW,REVIEW,zero preservado e não assumido como medição válida,NONE
3500045620,SGB_HIDRO_MS_2024_POCOS,profundida,0.0,ZERO_REQUIRES_REVIEW,REVIEW,zero preservado; provável ausência administrativa em parte dos registros,NONE
3500045620,SGB_HIDRO_MS_2024_POCOS,Cond_Eletr,0.0,ZERO_REQUIRES_REVIEW,REVIEW,zero preservado e não assumido como medição válida,NONE
3500045621,SGB_HIDRO_MS_2024_POCOS,profundida,0.0,ZERO_REQUIRES_REVIEW,REVIEW,zero preservado; provável ausência administrativa em parte dos registros,NONE
3500045621,SGB_HIDRO_MS_2024_POCOS,Cond_Eletr,0.0,ZERO_REQUIRES_REVIEW,REVIEW,zero preservado e não assumido como medição válida,NONE
3500045622,SGB_HIDRO_MS_2024_POCOS,profundida,0.0,ZERO_REQUIRES_REVIEW,REVIEW,zero preservado; provável ausência administrativa em parte dos registros,NONE
3500045622,SGB_HIDRO_MS_2024_POCOS,Cond_Eletr,0.0,ZERO_REQUIRES_REVIEW,REVIEW,zero preservado e não assumido como medição válida,NONE
3500045623,SGB_HIDRO_MS_2024_POCOS,profundida,0.0,ZERO_REQUIRES_REVIEW,REVIEW,zero preservado; provável ausência administrativa em parte dos registros,NONE
3500045623,SGB_HIDRO_MS_2024_POCOS,Cond_Eletr,0.0,ZERO_REQUIRES_REVIEW,REVIEW,zero preservado e não assumido como medição válida,NONE
3500045624,SGB_HIDRO_MS_2024_POCOS,profundida,0.0,ZERO_REQUIRES_REVIEW,REVIEW,zero preservado; provável ausência administrativa em parte dos registros,NONE
3500045625,SGB_HIDRO_MS_2024_POCOS,profundida,0.0,ZERO_REQUIRES_REVIEW,REVIEW,zero preservado; provável ausência administrativa em parte dos registros,NONE
3500045625,SGB_HIDRO_MS_2024_POCOS,Cond_Eletr,0.0,ZERO_REQUIRES_REVIEW,REVIEW,zero preservado e não assumido como medição válida,NONE
3500045626,SGB_HIDRO_MS_2024_POCOS,profundida,0.0,ZERO_REQUIRES_REVIEW,REVIEW,zero preservado; provável ausência administrativa em parte dos registros,NONE
3500045626,SGB_HIDRO_MS_2024_POCOS,Cond_Eletr,0.0,ZERO_REQUIRES_REVIEW,REVIEW,zero preservado e não assumido como medição válida,NONE
3500045627,SGB_HIDRO_MS_2024_POCOS,profundida,0.0,ZERO_REQUIRES_REVIEW,REVIEW,zero preservado; provável ausência administrativa em parte dos registros,NONE
3500045627,SGB_HIDRO_MS_2024_POCOS,Cond_Eletr,0.0,ZERO_REQUIRES_REVIEW,REVIEW,zero preservado e não assumido como medição válida,NONE
3500045629,SGB_HIDRO_MS_2024_POCOS,profundida,0.0,ZERO_REQUIRES_REVIEW,REVIEW,zero preservado; provável ausência administrativa em parte dos registros,NONE
3500045629,SGB_HIDRO_MS_2024_POCOS,vazao_espe,0.0,ZERO_REQUIRES_REVIEW,REVIEW,zero preservado e não assumido como medição válida,NONE
3500045629,SGB_HIDRO_MS_2024_POCOS,Cond_Eletr,0.0,ZERO_REQUIRES_REVIEW,REVIEW,zero preservado e não assumido como medição válida,NONE
3500045630,SGB_HIDRO_MS_2024_POCOS,profundida,0.0,ZERO_REQUIRES_REVIEW,REVIEW,zero preservado; provável ausência administrativa em parte dos registros,NONE
3500045630,SGB_HIDRO_MS_2024_POCOS,vazao_espe,0.0,ZERO_REQUIRES_REVIEW,REVIEW,zero preservado e não assumido como medição válida,NONE
3500045630,SGB_HIDRO_MS_2024_POCOS,Cond_Eletr,0.0,ZERO_REQUIRES_REVIEW,REVIEW,zero preservado e não assumido como medição válida,NONE
3500045631,SGB_HIDRO_MS_2024_POCOS,profundida,0.0,ZERO_REQUIRES_REVIEW,REVIEW,zero preservado; provável ausência administrativa em parte dos registros,NONE
3500045631,SGB_HIDRO_MS_2024_POCOS,vazao_espe,0.0,ZERO_REQUIRES_REVIEW,REVIEW,zero preservado e não assumido como medição válida,NONE
3500045631,SGB_HIDRO_MS_2024_POCOS,Cond_Eletr,0.0,ZERO_REQUIRES_REVIEW,REVIEW,zero preservado e não assumido como medição válida,NONE
3500045632,SGB_HIDRO_MS_2024_POCOS,profundida,0.0,ZERO_REQUIRES_REVIEW,REVIEW,zero preservado; provável ausência administrativa em parte dos registros,NONE
3500045632,SGB_HIDRO_MS_2024_POCOS,vazao_espe,0.0,ZERO_REQUIRES_REVIEW,REVIEW,zero preservado e não assumido como medição válida,NONE
3500045632,SGB_HIDRO_MS_2024_POCOS,Cond_Eletr,0.0,ZERO_REQUIRES_REVIEW,REVIEW,zero preservado e não assumido como medição válida,NONE
3500045633,SGB_HIDRO_MS_2024_POCOS,profundida,0.0,ZERO_REQUIRES_REVIEW,REVIEW,zero preservado; provável ausência administrativa em parte dos registros,NONE
3500045633,SGB_HIDRO_MS_2024_POCOS,Cond_Eletr,0.0,ZERO_REQUIRES_REVIEW,REVIEW,zero preservado e não assumido como medição válida,NONE
3500045634,SGB_HIDRO_MS_2024_POCOS,profundida,0.0,ZERO_REQUIRES_REVIEW,REVIEW,zero preservado; provável ausência administrativa em parte dos registros,NONE
3500045635,SGB_HIDRO_MS_2024_POCOS,profundida,0.0,ZERO_REQUIRES_REVIEW,REVIEW,zero preservado; provável ausência administrativa em parte dos registros,NONE
3500045635,SGB_HIDRO_MS_2024_POCOS,Cond_Eletr,0.0,ZERO_REQUIRES_REVIEW,REVIEW,zero preservado e não assumido como medição válida,NONE
3500045636,SGB_HIDRO_MS_2024_POCOS,profundida,0.0,ZERO_REQUIRES_REVIEW,REVIEW,zero preservado; provável ausência administrativa em parte dos registros,NONE
3500045636,SGB_HIDRO_MS_2024_POCOS,Cond_Eletr,0.0,ZERO_REQUIRES_REVIEW,REVIEW,zero preservado e não assumido como medição válida,NONE
3500045637,SGB_HIDRO_MS_2024_POCOS,profundida,0.0,ZERO_REQUIRES_REVIEW,REVIEW,zero preservado; provável ausência administrativa em parte dos registros,NONE
3500045637,SGB_HIDRO_MS_2024_POCOS,Cond_Eletr,0.0,ZERO_REQUIRES_REVIEW,REVIEW,zero preservado e não assumido como medição válida,NONE
3500045638,SGB_HIDRO_MS_2024_POCOS,profundida,0.0,ZERO_REQUIRES_REVIEW,REVIEW,zero preservado; provável ausência administrativa em parte dos registros,NONE
3500045638,SGB_HIDRO_MS_2024_POCOS,Cond_Eletr,0.0,ZERO_REQUIRES_REVIEW,REVIEW,zero preservado e não assumido como medição válida,NONE
3500045639,SGB_HIDRO_MS_2024_POCOS,profundida,0.0,ZERO_REQUIRES_REVIEW,REVIEW,zero preservado; provável ausência administrativa em parte dos registros,NONE
3500045640,SGB_HIDRO_MS_2024_POCOS,profundida,0.0,ZERO_REQUIRES_REVIEW,REVIEW,zero preservado; provável ausência administrativa em parte dos registros,NONE
3500045640,SGB_HIDRO_MS_2024_POCOS,Cond_Eletr,0.0,ZERO_REQUIRES_REVIEW,REVIEW,zero preservado e não assumido como medição válida,NONE
3500045641,SGB_HIDRO_MS_2024_POCOS,profundida,0.0,ZERO_REQUIRES_REVIEW,REVIEW,zero preservado; provável ausência administrativa em parte dos registros,NONE
3500045641,SGB_HIDRO_MS_2024_POCOS,Cond_Eletr,0.0,ZERO_REQUIRES_REVIEW,REVIEW,zero preservado e não assumido como medição válida,NONE
3500045642,SGB_HIDRO_MS_2024_POCOS,profundida,0.0,ZERO_REQUIRES_REVIEW,REVIEW,zero preservado; provável ausência administrativa em parte dos registros,NONE
3500045643,SGB_HIDRO_MS_2024_POCOS,profundida,0.0,ZERO_REQUIRES_REVIEW,REVIEW,zero preservado; provável ausência administrativa em parte dos registros,NONE
3500045644,SGB_HIDRO_MS_2024_POCOS,profundida,0.0,ZERO_REQUIRES_REVIEW,REVIEW,zero preservado; provável ausência administrativa em parte dos registros,NONE
3500045644,SGB_HIDRO_MS_2024_POCOS,Cond_Eletr,0.0,ZERO_REQUIRES_REVIEW,REVIEW,zero preservado e não assumido como medição válida,NONE
3500045645,SGB_HIDRO_MS_2024_POCOS,profundida,0.0,ZERO_REQUIRES_REVIEW,REVIEW,zero preservado; provável ausência administrativa em parte dos registros,NONE
3500045645,SGB_HIDRO_MS_2024_POCOS,profundi_1,0.0,ZERO_REQUIRES_REVIEW,REVIEW,zero preservado; provável ausência administrativa em parte dos registros,NONE
3500045645,SGB_HIDRO_MS_2024_POCOS,vazao_espe,0.0,ZERO_REQUIRES_REVIEW,REVIEW,zero preservado e não assumido como medição válida,NONE
3500045645,SGB_HIDRO_MS_2024_POCOS,Cond_Eletr,0.0,ZERO_REQUIRES_REVIEW,REVIEW,zero preservado e não assumido como medição válida,NONE
3500045646,SGB_HIDRO_MS_2024_POCOS,profundida,0.0,ZERO_REQUIRES_REVIEW,REVIEW,zero preservado; provável ausência administrativa em parte dos registros,NONE
3500045646,SGB_HIDRO_MS_2024_POCOS,Cond_Eletr,0.0,ZERO_REQUIRES_REVIEW,REVIEW,zero preservado e não assumido como medição válida,NONE
3500045647,SGB_HIDRO_MS_2024_POCOS,profundida,0.0,ZERO_REQUIRES_REVIEW,REVIEW,zero preservado; provável ausência administrativa em parte dos registros,NONE
3500045647,SGB_HIDRO_MS_2024_POCOS,vazao_espe,0.0,ZERO_REQUIRES_REVIEW,REVIEW,zero preservado e não assumido como medição válida,NONE
3500045647,SGB_HIDRO_MS_2024_POCOS,Cond_Eletr,0.0,ZERO_REQUIRES_REVIEW,REVIEW,zero preservado e não assumido como medição válida,NONE
3500045648,SGB_HIDRO_MS_2024_POCOS,profundida,0.0,ZERO_REQUIRES_REVIEW,REVIEW,zero preservado; provável ausência administrativa em parte dos registros,NONE
3500045648,SGB_HIDRO_MS_2024_POCOS,Cond_Eletr,0.0,ZERO_REQUIRES_REVIEW,REVIEW,zero preservado e não assumido como medição válida,NONE
3500045649,SGB_HIDRO_MS_2024_POCOS,profundida,0.0,ZERO_REQUIRES_REVIEW,REVIEW,zero preservado; provável ausência administrativa em parte dos registros,NONE
3500045649,SGB_HIDRO_MS_2024_POCOS,vazao_espe,0.0,ZERO_REQUIRES_REVIEW,REVIEW,zero preservado e não assumido como medição válida,NONE
3500045649,SGB_HIDRO_MS_2024_POCOS,Cond_Eletr,0.0,ZERO_REQUIRES_REVIEW,REVIEW,zero preservado e não assumido como medição válida,NONE
3500045650,SGB_HIDRO_MS_2024_POCOS,profundida,0.0,ZERO_REQUIRES_REVIEW,REVIEW,zero preservado; provável ausência administrativa em parte dos registros,NONE
3500045650,SGB_HIDRO_MS_2024_POCOS,vazao_espe,0.0,ZERO_REQUIRES_REVIEW,REVIEW,zero preservado e não assumido como medição válida,NONE
3500045650,SGB_HIDRO_MS_2024_POCOS,Cond_Eletr,0.0,ZERO_REQUIRES_REVIEW,REVIEW,zero preservado e não assumido como medição válida,NONE
3500045651,SGB_HIDRO_MS_2024_POCOS,vazao_espe,0.0,ZERO_REQUIRES_REVIEW,REVIEW,zero preservado e não assumido como medição válida,NONE
3500045651,SGB_HIDRO_MS_2024_POCOS,Cond_Eletr,0.0,ZERO_REQUIRES_REVIEW,REVIEW,zero preservado e não assumido como medição válida,NONE
3500045652,SGB_HIDRO_MS_2024_POCOS,profundida,0.0,ZERO_REQUIRES_REVIEW,REVIEW,zero preservado; provável ausência administrativa em parte dos registros,NONE
3500045652,SGB_HIDRO_MS_2024_POCOS,vazao_espe,0.0,ZERO_REQUIRES_REVIEW,REVIEW,zero preservado e não assumido como medição válida,NONE
3500045652,SGB_HIDRO_MS_2024_POCOS,Cond_Eletr,0.0,ZERO_REQUIRES_REVIEW,REVIEW,zero preservado e não assumido como medição válida,NONE
3500045653,SGB_HIDRO_MS_2024_POCOS,profundida,0.0,ZERO_REQUIRES_REVIEW,REVIEW,zero preservado; provável ausência administrativa em parte dos registros,NONE
3500045653,SGB_HIDRO_MS_2024_POCOS,Cond_Eletr,0.0,ZERO_REQUIRES_REVIEW,REVIEW,zero preservado e não assumido como medição válida,NONE
3500045654,SGB_HIDRO_MS_2024_POCOS,profundida,0.0,ZERO_REQUIRES_REVIEW,REVIEW,zero preservado; provável ausência administrativa em parte dos registros,NONE
3500045654,SGB_HIDRO_MS_2024_POCOS,vazao_espe,0.0,ZERO_REQUIRES_REVIEW,REVIEW,zero preservado e não assumido como medição válida,NONE
3500045654,SGB_HIDRO_MS_2024_POCOS,Cond_Eletr,0.0,ZERO_REQUIRES_REVIEW,REVIEW,zero preservado e não assumido como medição válida,NONE
3500045655,SGB_HIDRO_MS_2024_POCOS,profundida,0.0,ZERO_REQUIRES_REVIEW,REVIEW,zero preservado; provável ausência administrativa em parte dos registros,NONE
3500045655,SGB_HIDRO_MS_2024_POCOS,vazao_espe,0.0,ZERO_REQUIRES_REVIEW,REVIEW,zero preservado e não assumido como medição válida,NONE
3500045655,SGB_HIDRO_MS_2024_POCOS,Cond_Eletr,0.0,ZERO_REQUIRES_REVIEW,REVIEW,zero preservado e não assumido como medição válida,NONE
3500045656,SGB_HIDRO_MS_2024_POCOS,profundida,0.0,ZERO_REQUIRES_REVIEW,REVIEW,zero preservado; provável ausência administrativa em parte dos registros,NONE
3500045656,SGB_HIDRO_MS_2024_POCOS,vazao_espe,0.0,ZERO_REQUIRES_REVIEW,REVIEW,zero preservado e não assumido como medição válida,NONE
3500045656,SGB_HIDRO_MS_2024_POCOS,Cond_Eletr,0.0,ZERO_REQUIRES_REVIEW,REVIEW,zero preservado e não assumido como medição válida,NONE
3500045657,SGB_HIDRO_MS_2024_POCOS,profundida,0.0,ZERO_REQUIRES_REVIEW,REVIEW,zero preservado; provável ausência administrativa em parte dos registros,NONE
3500045657,SGB_HIDRO_MS_2024_POCOS,Cond_Eletr,0.0,ZERO_REQUIRES_REVIEW,REVIEW,zero preservado e não assumido como medição válida,NONE
3500045658,SGB_HIDRO_MS_2024_POCOS,profundida,0.0,ZERO_REQUIRES_REVIEW,REVIEW,zero preservado; provável ausência administrativa em parte dos registros,NONE
3500045658,SGB_HIDRO_MS_2024_POCOS,Cond_Eletr,0.0,ZERO_REQUIRES_REVIEW,REVIEW,zero preservado e não assumido como medição válida,NONE
3500045659,SGB_HIDRO_MS_2024_POCOS,profundida,0.0,ZERO_REQUIRES_REVIEW,REVIEW,zero preservado; provável ausência administrativa em parte dos registros,NONE
3500045659,SGB_HIDRO_MS_2024_POCOS,vazao_espe,0.0,ZERO_REQUIRES_REVIEW,REVIEW,zero preservado e não assumido como medição válida,NONE
3500045659,SGB_HIDRO_MS_2024_POCOS,Cond_Eletr,0.0,ZERO_REQUIRES_REVIEW,REVIEW,zero preservado e não assumido como medição válida,NONE
3500045660,SGB_HIDRO_MS_2024_POCOS,profundida,0.0,ZERO_REQUIRES_REVIEW,REVIEW,zero preservado; provável ausência administrativa em parte dos registros,NONE
3500045660,SGB_HIDRO_MS_2024_POCOS,Cond_Eletr,0.0,ZERO_REQUIRES_REVIEW,REVIEW,zero preservado e não assumido como medição válida,NONE
3500045661,SGB_HIDRO_MS_2024_POCOS,profundida,0.0,ZERO_REQUIRES_REVIEW,REVIEW,zero preservado; provável ausência administrativa em parte dos registros,NONE
3500045661,SGB_HIDRO_MS_2024_POCOS,vazao_espe,0.0,ZERO_REQUIRES_REVIEW,REVIEW,zero preservado e não assumido como medição válida,NONE
3500045661,SGB_HIDRO_MS_2024_POCOS,Cond_Eletr,0.0,ZERO_REQUIRES_REVIEW,REVIEW,zero preservado e não assumido como medição válida,NONE
3500045662,SGB_HIDRO_MS_2024_POCOS,profundida,0.0,ZERO_REQUIRES_REVIEW,REVIEW,zero preservado; provável ausência administrativa em parte dos registros,NONE
3500045662,SGB_HIDRO_MS_2024_POCOS,Cond_Eletr,0.0,ZERO_REQUIRES_REVIEW,REVIEW,zero preservado e não assumido como medição válida,NONE
3500045663,SGB_HIDRO_MS_2024_POCOS,profundida,0.0,ZERO_REQUIRES_REVIEW,REVIEW,zero preservado; provável ausência administrativa em parte dos registros,NONE
3500045663,SGB_HIDRO_MS_2024_POCOS,Cond_Eletr,0.0,ZERO_REQUIRES_REVIEW,REVIEW,zero preservado e não assumido como medição válida,NONE
3500045664,SGB_HIDRO_MS_2024_POCOS,profundida,0.0,ZERO_REQUIRES_REVIEW,REVIEW,zero preservado; provável ausência administrativa em parte dos registros,NONE
3500045664,SGB_HIDRO_MS_2024_POCOS,vazao_espe,0.0,ZERO_REQUIRES_REVIEW,REVIEW,zero preservado e não assumido como medição válida,NONE
3500045664,SGB_HIDRO_MS_2024_POCOS,Cond_Eletr,0.0,ZERO_REQUIRES_REVIEW,REVIEW,zero preservado e não assumido como medição válida,NONE
3500045665,SGB_HIDRO_MS_2024_POCOS,profundida,0.0,ZERO_REQUIRES_REVIEW,REVIEW,zero preservado; provável ausência administrativa em parte dos registros,NONE
3500045665,SGB_HIDRO_MS_2024_POCOS,Cond_Eletr,0.0,ZERO_REQUIRES_REVIEW,REVIEW,zero preservado e não assumido como medição válida,NONE
3500045666,SGB_HIDRO_MS_2024_POCOS,profundida,0.0,ZERO_REQUIRES_REVIEW,REVIEW,zero preservado; provável ausência administrativa em parte dos registros,NONE
3500045666,SGB_HIDRO_MS_2024_POCOS,Cond_Eletr,0.0,ZERO_REQUIRES_REVIEW,REVIEW,zero preservado e não assumido como medição válida,NONE
3500045667,SGB_HIDRO_MS_2024_POCOS,profundida,0.0,ZERO_REQUIRES_REVIEW,REVIEW,zero preservado; provável ausência administrativa em parte dos registros,NONE
3500045667,SGB_HIDRO_MS_2024_POCOS,Cond_Eletr,0.0,ZERO_REQUIRES_REVIEW,REVIEW,zero preservado e não assumido como medição válida,NONE
3500045668,SGB_HIDRO_MS_2024_POCOS,profundida,0.0,ZERO_REQUIRES_REVIEW,REVIEW,zero preservado; provável ausência administrativa em parte dos registros,NONE
3500045668,SGB_HIDRO_MS_2024_POCOS,Cond_Eletr,0.0,ZERO_REQUIRES_REVIEW,REVIEW,zero preservado e não assumido como medição válida,NONE
3500045669,SGB_HIDRO_MS_2024_POCOS,profundida,0.0,ZERO_REQUIRES_REVIEW,REVIEW,zero preservado; provável ausência administrativa em parte dos registros,NONE
3500045669,SGB_HIDRO_MS_2024_POCOS,vazao_espe,0.0,ZERO_REQUIRES_REVIEW,REVIEW,zero preservado e não assumido como medição válida,NONE
3500045669,SGB_HIDRO_MS_2024_POCOS,Cond_Eletr,0.0,ZERO_REQUIRES_REVIEW,REVIEW,zero preservado e não assumido como medição válida,NONE
3500045670,SGB_HIDRO_MS_2024_POCOS,profundida,0.0,ZERO_REQUIRES_REVIEW,REVIEW,zero preservado; provável ausência administrativa em parte dos registros,NONE
3500045670,SGB_HIDRO_MS_2024_POCOS,Cond_Eletr,0.0,ZERO_REQUIRES_REVIEW,REVIEW,zero preservado e não assumido como medição válida,NONE
3500045671,SGB_HIDRO_MS_2024_POCOS,profundida,0.0,ZERO_REQUIRES_REVIEW,REVIEW,zero preservado; provável ausência administrativa em parte dos registros,NONE
3500045671,SGB_HIDRO_MS_2024_POCOS,Cond_Eletr,0.0,ZERO_REQUIRES_REVIEW,REVIEW,zero preservado e não assumido como medição válida,NONE
3500045672,SGB_HIDRO_MS_2024_POCOS,profundida,0.0,ZERO_REQUIRES_REVIEW,REVIEW,zero preservado; provável ausência administrativa em parte dos registros,NONE
3500045672,SGB_HIDRO_MS_2024_POCOS,Cond_Eletr,0.0,ZERO_REQUIRES_REVIEW,REVIEW,zero preservado e não assumido como medição válida,NONE
3500045673,SGB_HIDRO_MS_2024_POCOS,profundida,0.0,ZERO_REQUIRES_REVIEW,REVIEW,zero preservado; provável ausência administrativa em parte dos registros,NONE
3500045673,SGB_HIDRO_MS_2024_POCOS,Cond_Eletr,0.0,ZERO_REQUIRES_REVIEW,REVIEW,zero preservado e não assumido como medição válida,NONE
3500045674,SGB_HIDRO_MS_2024_POCOS,profundida,0.0,ZERO_REQUIRES_REVIEW,REVIEW,zero preservado; provável ausência administrativa em parte dos registros,NONE
3500045674,SGB_HIDRO_MS_2024_POCOS,Cond_Eletr,0.0,ZERO_REQUIRES_REVIEW,REVIEW,zero preservado e não assumido como medição válida,NONE
3500045675,SGB_HIDRO_MS_2024_POCOS,profundida,0.0,ZERO_REQUIRES_REVIEW,REVIEW,zero preservado; provável ausência administrativa em parte dos registros,NONE
3500045675,SGB_HIDRO_MS_2024_POCOS,Cond_Eletr,0.0,ZERO_REQUIRES_REVIEW,REVIEW,zero preservado e não assumido como medição válida,NONE
3500045676,SGB_HIDRO_MS_2024_POCOS,profundida,0.0,ZERO_REQUIRES_REVIEW,REVIEW,zero preservado; provável ausência administrativa em parte dos registros,NONE
3500045676,SGB_HIDRO_MS_2024_POCOS,vazao_espe,0.0,ZERO_REQUIRES_REVIEW,REVIEW,zero preservado e não assumido como medição válida,NONE
3500045676,SGB_HIDRO_MS_2024_POCOS,Cond_Eletr,0.0,ZERO_REQUIRES_REVIEW,REVIEW,zero preservado e não assumido como medição válida,NONE
3500045677,SGB_HIDRO_MS_2024_POCOS,profundida,0.0,ZERO_REQUIRES_REVIEW,REVIEW,zero preservado; provável ausência administrativa em parte dos registros,NONE
3500045677,SGB_HIDRO_MS_2024_POCOS,vazao_espe,0.0,ZERO_REQUIRES_REVIEW,REVIEW,zero preservado e não assumido como medição válida,NONE
3500045677,SGB_HIDRO_MS_2024_POCOS,Cond_Eletr,0.0,ZERO_REQUIRES_REVIEW,REVIEW,zero preservado e não assumido como medição válida,NONE
3500045678,SGB_HIDRO_MS_2024_POCOS,profundida,0.0,ZERO_REQUIRES_REVIEW,REVIEW,zero preservado; provável ausência administrativa em parte dos registros,NONE
3500045678,SGB_HIDRO_MS_2024_POCOS,Cond_Eletr,0.0,ZERO_REQUIRES_REVIEW,REVIEW,zero preservado e não assumido como medição válida,NONE
3500045679,SGB_HIDRO_MS_2024_POCOS,profundida,0.0,ZERO_REQUIRES_REVIEW,REVIEW,zero preservado; provável ausência administrativa em parte dos registros,NONE
3500045679,SGB_HIDRO_MS_2024_POCOS,Cond_Eletr,0.0,ZERO_REQUIRES_REVIEW,REVIEW,zero preservado e não assumido como medição válida,NONE
3500045680,SGB_HIDRO_MS_2024_POCOS,profundida,0.0,ZERO_REQUIRES_REVIEW,REVIEW,zero preservado; provável ausência administrativa em parte dos registros,NONE
3500045680,SGB_HIDRO_MS_2024_POCOS,vazao_espe,0.0,ZERO_REQUIRES_REVIEW,REVIEW,zero preservado e não assumido como medição válida,NONE
3500045680,SGB_HIDRO_MS_2024_POCOS,Cond_Eletr,0.0,ZERO_REQUIRES_REVIEW,REVIEW,zero preservado e não assumido como medição válida,NONE
3500045681,SGB_HIDRO_MS_2024_POCOS,profundida,0.0,ZERO_REQUIRES_REVIEW,REVIEW,zero preservado; provável ausência administrativa em parte dos registros,NONE
3500045681,SGB_HIDRO_MS_2024_POCOS,vazao_espe,0.0,ZERO_REQUIRES_REVIEW,REVIEW,zero preservado e não assumido como medição válida,NONE
3500045681,SGB_HIDRO_MS_2024_POCOS,Cond_Eletr,0.0,ZERO_REQUIRES_REVIEW,REVIEW,zero preservado e não assumido como medição válida,NONE
3500045682,SGB_HIDRO_MS_2024_POCOS,profundida,0.0,ZERO_REQUIRES_REVIEW,REVIEW,zero preservado; provável ausência administrativa em parte dos registros,NONE
3500045682,SGB_HIDRO_MS_2024_POCOS,Cond_Eletr,0.0,ZERO_REQUIRES_REVIEW,REVIEW,zero preservado e não assumido como medição válida,NONE
3500045683,SGB_HIDRO_MS_2024_POCOS,profundida,0.0,ZERO_REQUIRES_REVIEW,REVIEW,zero preservado; provável ausência administrativa em parte dos registros,NONE
3500045684,SGB_HIDRO_MS_2024_POCOS,profundida,0.0,ZERO_REQUIRES_REVIEW,REVIEW,zero preservado; provável ausência administrativa em parte dos registros,NONE
3500045684,SGB_HIDRO_MS_2024_POCOS,Cond_Eletr,0.0,ZERO_REQUIRES_REVIEW,REVIEW,zero preservado e não assumido como medição válida,NONE
3500045685,SGB_HIDRO_MS_2024_POCOS,profundida,0.0,ZERO_REQUIRES_REVIEW,REVIEW,zero preservado; provável ausência administrativa em parte dos registros,NONE
3500045685,SGB_HIDRO_MS_2024_POCOS,vazao_espe,0.0,ZERO_REQUIRES_REVIEW,REVIEW,zero preservado e não assumido como medição válida,NONE
3500045685,SGB_HIDRO_MS_2024_POCOS,Cond_Eletr,0.0,ZERO_REQUIRES_REVIEW,REVIEW,zero preservado e não assumido como medição válida,NONE
3500045686,SGB_HIDRO_MS_2024_POCOS,profundida,0.0,ZERO_REQUIRES_REVIEW,REVIEW,zero preservado; provável ausência administrativa em parte dos registros,NONE
3500045686,SGB_HIDRO_MS_2024_POCOS,vazao_espe,0.0,ZERO_REQUIRES_REVIEW,REVIEW,zero preservado e não assumido como medição válida,NONE
3500045687,SGB_HIDRO_MS_2024_POCOS,profundida,0.0,ZERO_REQUIRES_REVIEW,REVIEW,zero preservado; provável ausência administrativa em parte dos registros,NONE
3500045688,SGB_HIDRO_MS_2024_POCOS,profundida,0.0,ZERO_REQUIRES_REVIEW,REVIEW,zero preservado; provável ausência administrativa em parte dos registros,NONE
3500045688,SGB_HIDRO_MS_2024_POCOS,Cond_Eletr,0.0,ZERO_REQUIRES_REVIEW,REVIEW,zero preservado e não assumido como medição válida,NONE
3500045689,SGB_HIDRO_MS_2024_POCOS,profundida,0.0,ZERO_REQUIRES_REVIEW,REVIEW,zero preservado; provável ausência administrativa em parte dos registros,NONE
3500045689,SGB_HIDRO_MS_2024_POCOS,profundi_1,0.0,ZERO_REQUIRES_REVIEW,REVIEW,zero preservado; provável ausência administrativa em parte dos registros,NONE
3500045689,SGB_HIDRO_MS_2024_POCOS,vazao_espe,0.0,ZERO_REQUIRES_REVIEW,REVIEW,zero preservado e não assumido como medição válida,NONE
3500045689,SGB_HIDRO_MS_2024_POCOS,Cond_Eletr,0.0,ZERO_REQUIRES_REVIEW,REVIEW,zero preservado e não assumido como medição válida,NONE
3500045690,SGB_HIDRO_MS_2024_POCOS,profundida,0.0,ZERO_REQUIRES_REVIEW,REVIEW,zero preservado; provável ausência administrativa em parte dos registros,NONE
3500045690,SGB_HIDRO_MS_2024_POCOS,Cond_Eletr,0.0,ZERO_REQUIRES_REVIEW,REVIEW,zero preservado e não assumido como medição válida,NONE
3500045691,SGB_HIDRO_MS_2024_POCOS,profundida,0.0,ZERO_REQUIRES_REVIEW,REVIEW,zero preservado; provável ausência administrativa em parte dos registros,NONE
3500045691,SGB_HIDRO_MS_2024_POCOS,Cond_Eletr,0.0,ZERO_REQUIRES_REVIEW,REVIEW,zero preservado e não assumido como medição válida,NONE
3500045692,SGB_HIDRO_MS_2024_POCOS,profundida,0.0,ZERO_REQUIRES_REVIEW,REVIEW,zero preservado; provável ausência administrativa em parte dos registros,NONE
3500045692,SGB_HIDRO_MS_2024_POCOS,Cond_Eletr,0.0,ZERO_REQUIRES_REVIEW,REVIEW,zero preservado e não assumido como medição válida,NONE
3500045693,SGB_HIDRO_MS_2024_POCOS,profundida,0.0,ZERO_REQUIRES_REVIEW,REVIEW,zero preservado; provável ausência administrativa em parte dos registros,NONE
3500045694,SGB_HIDRO_MS_2024_POCOS,profundida,0.0,ZERO_REQUIRES_REVIEW,REVIEW,zero preservado; provável ausência administrativa em parte dos registros,NONE
3500045694,SGB_HIDRO_MS_2024_POCOS,Cond_Eletr,0.0,ZERO_REQUIRES_REVIEW,REVIEW,zero preservado e não assumido como medição válida,NONE
3500045695,SGB_HIDRO_MS_2024_POCOS,profundida,0.0,ZERO_REQUIRES_REVIEW,REVIEW,zero preservado; provável ausência administrativa em parte dos registros,NONE
3500045695,SGB_HIDRO_MS_2024_POCOS,vazao_espe,0.0,ZERO_REQUIRES_REVIEW,REVIEW,zero preservado e não assumido como medição válida,NONE
3500045696,SGB_HIDRO_MS_2024_POCOS,profundida,0.0,ZERO_REQUIRES_REVIEW,REVIEW,zero preservado; provável ausência administrativa em parte dos registros,NONE
3500045696,SGB_HIDRO_MS_2024_POCOS,vazao_espe,0.0,ZERO_REQUIRES_REVIEW,REVIEW,zero preservado e não assumido como medição válida,NONE
3500045697,SGB_HIDRO_MS_2024_POCOS,profundida,0.0,ZERO_REQUIRES_REVIEW,REVIEW,zero preservado; provável ausência administrativa em parte dos registros,NONE
3500045697,SGB_HIDRO_MS_2024_POCOS,Cond_Eletr,0.0,ZERO_REQUIRES_REVIEW,REVIEW,zero preservado e não assumido como medição válida,NONE
3500045698,SGB_HIDRO_MS_2024_POCOS,profundida,0.0,ZERO_REQUIRES_REVIEW,REVIEW,zero preservado; provável ausência administrativa em parte dos registros,NONE
3500045699,SGB_HIDRO_MS_2024_POCOS,profundida,0.0,ZERO_REQUIRES_REVIEW,REVIEW,zero preservado; provável ausência administrativa em parte dos registros,NONE
3500045699,SGB_HIDRO_MS_2024_POCOS,Cond_Eletr,0.0,ZERO_REQUIRES_REVIEW,REVIEW,zero preservado e não assumido como medição válida,NONE
3500045700,SGB_HIDRO_MS_2024_POCOS,profundida,0.0,ZERO_REQUIRES_REVIEW,REVIEW,zero preservado; provável ausência administrativa em parte dos registros,NONE
3500045700,SGB_HIDRO_MS_2024_POCOS,Cond_Eletr,0.0,ZERO_REQUIRES_REVIEW,REVIEW,zero preservado e não assumido como medição válida,NONE
3500045701,SGB_HIDRO_MS_2024_POCOS,profundida,0.0,ZERO_REQUIRES_REVIEW,REVIEW,zero preservado; provável ausência administrativa em parte dos registros,NONE
3500045701,SGB_HIDRO_MS_2024_POCOS,Cond_Eletr,0.0,ZERO_REQUIRES_REVIEW,REVIEW,zero preservado e não assumido como medição válida,NONE
3500045702,SGB_HIDRO_MS_2024_POCOS,profundida,0.0,ZERO_REQUIRES_REVIEW,REVIEW,zero preservado; provável ausência administrativa em parte dos registros,NONE
3500045702,SGB_HIDRO_MS_2024_POCOS,Cond_Eletr,0.0,ZERO_REQUIRES_REVIEW,REVIEW,zero preservado e não assumido como medição válida,NONE
3500045703,SGB_HIDRO_MS_2024_POCOS,profundida,0.0,ZERO_REQUIRES_REVIEW,REVIEW,zero preservado; provável ausência administrativa em parte dos registros,NONE
3500045704,SGB_HIDRO_MS_2024_POCOS,profundida,0.0,ZERO_REQUIRES_REVIEW,REVIEW,zero preservado; provável ausência administrativa em parte dos registros,NONE
3500045705,SGB_HIDRO_MS_2024_POCOS,profundida,0.0,ZERO_REQUIRES_REVIEW,REVIEW,zero preservado; provável ausência administrativa em parte dos registros,NONE
3500045706,SGB_HIDRO_MS_2024_POCOS,profundida,0.0,ZERO_REQUIRES_REVIEW,REVIEW,zero preservado; provável ausência administrativa em parte dos registros,NONE
3500045707,SGB_HIDRO_MS_2024_POCOS,profundida,0.0,ZERO_REQUIRES_REVIEW,REVIEW,zero preservado; provável ausência administrativa em parte dos registros,NONE
3500045708,SGB_HIDRO_MS_2024_POCOS,profundida,0.0,ZERO_REQUIRES_REVIEW,REVIEW,zero preservado; provável ausência administrativa em parte dos registros,NONE
3500045709,SGB_HIDRO_MS_2024_POCOS,profundida,0.0,ZERO_REQUIRES_REVIEW,REVIEW,zero preservado; provável ausência administrativa em parte dos registros,NONE
3500045709,SGB_HIDRO_MS_2024_POCOS,vazao_espe,0.0,ZERO_REQUIRES_REVIEW,REVIEW,zero preservado e não assumido como medição válida,NONE
3500045710,SGB_HIDRO_MS_2024_POCOS,profundida,0.0,ZERO_REQUIRES_REVIEW,REVIEW,zero preservado; provável ausência administrativa em parte dos registros,NONE
3500045710,SGB_HIDRO_MS_2024_POCOS,vazao_espe,0.0,ZERO_REQUIRES_REVIEW,REVIEW,zero preservado e não assumido como medição válida,NONE
3500045711,SGB_HIDRO_MS_2024_POCOS,profundida,0.0,ZERO_REQUIRES_REVIEW,REVIEW,zero preservado; provável ausência administrativa em parte dos registros,NONE
3500045712,SGB_HIDRO_MS_2024_POCOS,profundida,0.0,ZERO_REQUIRES_REVIEW,REVIEW,zero preservado; provável ausência administrativa em parte dos registros,NONE
3500045713,SGB_HIDRO_MS_2024_POCOS,profundida,0.0,ZERO_REQUIRES_REVIEW,REVIEW,zero preservado; provável ausência administrativa em parte dos registros,NONE
3500045714,SGB_HIDRO_MS_2024_POCOS,profundida,0.0,ZERO_REQUIRES_REVIEW,REVIEW,zero preservado; provável ausência administrativa em parte dos registros,NONE
3500045714,SGB_HIDRO_MS_2024_POCOS,vazao_espe,0.0,ZERO_REQUIRES_REVIEW,REVIEW,zero preservado e não assumido como medição válida,NONE
3500045714,SGB_HIDRO_MS_2024_POCOS,Cond_Eletr,0.0,ZERO_REQUIRES_REVIEW,REVIEW,zero preservado e não assumido como medição válida,NONE
3500053078,SGB_HIDRO_MS_2024_POCOS,profundida,0.0,ZERO_REQUIRES_REVIEW,REVIEW,zero preservado; provável ausência administrativa em parte dos registros,NONE
3500053078,SGB_HIDRO_MS_2024_POCOS,Cond_Eletr,0.0,ZERO_REQUIRES_REVIEW,REVIEW,zero preservado e não assumido como medição válida,NONE
3500053079,SGB_HIDRO_MS_2024_POCOS,profundida,0.0,ZERO_REQUIRES_REVIEW,REVIEW,zero preservado; provável ausência administrativa em parte dos registros,NONE
3500053080,SGB_HIDRO_MS_2024_POCOS,profundida,0.0,ZERO_REQUIRES_REVIEW,REVIEW,zero preservado; provável ausência administrativa em parte dos registros,NONE
3500053080,SGB_HIDRO_MS_2024_POCOS,vazao_espe,0.0,ZERO_REQUIRES_REVIEW,REVIEW,zero preservado e não assumido como medição válida,NONE
3500053080,SGB_HIDRO_MS_2024_POCOS,Cond_Eletr,0.0,ZERO_REQUIRES_REVIEW,REVIEW,zero preservado e não assumido como medição válida,NONE
3500053081,SGB_HIDRO_MS_2024_POCOS,profundida,0.0,ZERO_REQUIRES_REVIEW,REVIEW,zero preservado; provável ausência administrativa em parte dos registros,NONE
3500053081,SGB_HIDRO_MS_2024_POCOS,vazao_espe,0.0,ZERO_REQUIRES_REVIEW,REVIEW,zero preservado e não assumido como medição válida,NONE
3500053081,SGB_HIDRO_MS_2024_POCOS,Cond_Eletr,0.0,ZERO_REQUIRES_REVIEW,REVIEW,zero preservado e não assumido como medição válida,NONE
3500053082,SGB_HIDRO_MS_2024_POCOS,profundida,0.0,ZERO_REQUIRES_REVIEW,REVIEW,zero preservado; provável ausência administrativa em parte dos registros,NONE
3500053082,SGB_HIDRO_MS_2024_POCOS,vazao_espe,0.0,ZERO_REQUIRES_REVIEW,REVIEW,zero preservado e não assumido como medição válida,NONE
3500053082,SGB_HIDRO_MS_2024_POCOS,Cond_Eletr,0.0,ZERO_REQUIRES_REVIEW,REVIEW,zero preservado e não assumido como medição válida,NONE
3500053083,SGB_HIDRO_MS_2024_POCOS,profundida,0.0,ZERO_REQUIRES_REVIEW,REVIEW,zero preservado; provável ausência administrativa em parte dos registros,NONE
3500053083,SGB_HIDRO_MS_2024_POCOS,Cond_Eletr,0.0,ZERO_REQUIRES_REVIEW,REVIEW,zero preservado e não assumido como medição válida,NONE
3500053084,SGB_HIDRO_MS_2024_POCOS,profundida,0.0,ZERO_REQUIRES_REVIEW,REVIEW,zero preservado; provável ausência administrativa em parte dos registros,NONE
3500053084,SGB_HIDRO_MS_2024_POCOS,Cond_Eletr,0.0,ZERO_REQUIRES_REVIEW,REVIEW,zero preservado e não assumido como medição válida,NONE
3500053085,SGB_HIDRO_MS_2024_POCOS,profundida,0.0,ZERO_REQUIRES_REVIEW,REVIEW,zero preservado; provável ausência administrativa em parte dos registros,NONE
3500053085,SGB_HIDRO_MS_2024_POCOS,Cond_Eletr,0.0,ZERO_REQUIRES_REVIEW,REVIEW,zero preservado e não assumido como medição válida,NONE
3500053086,SGB_HIDRO_MS_2024_POCOS,profundida,0.0,ZERO_REQUIRES_REVIEW,REVIEW,zero preservado; provável ausência administrativa em parte dos registros,NONE
3500053086,SGB_HIDRO_MS_2024_POCOS,Cond_Eletr,0.0,ZERO_REQUIRES_REVIEW,REVIEW,zero preservado e não assumido como medição válida,NONE
3500053087,SGB_HIDRO_MS_2024_POCOS,profundida,0.0,ZERO_REQUIRES_REVIEW,REVIEW,zero preservado; provável ausência administrativa em parte dos registros,NONE
3500053087,SGB_HIDRO_MS_2024_POCOS,vazao_espe,0.0,ZERO_REQUIRES_REVIEW,REVIEW,zero preservado e não assumido como medição válida,NONE
3500053087,SGB_HIDRO_MS_2024_POCOS,Cond_Eletr,0.0,ZERO_REQUIRES_REVIEW,REVIEW,zero preservado e não assumido como medição válida,NONE
3500053088,SGB_HIDRO_MS_2024_POCOS,profundida,0.0,ZERO_REQUIRES_REVIEW,REVIEW,zero preservado; provável ausência administrativa em parte dos registros,NONE
3500053088,SGB_HIDRO_MS_2024_POCOS,vazao_espe,0.0,ZERO_REQUIRES_REVIEW,REVIEW,zero preservado e não assumido como medição válida,NONE
3500053088,SGB_HIDRO_MS_2024_POCOS,Cond_Eletr,0.0,ZERO_REQUIRES_REVIEW,REVIEW,zero preservado e não assumido como medição válida,NONE
3500053089,SGB_HIDRO_MS_2024_POCOS,profundida,0.0,ZERO_REQUIRES_REVIEW,REVIEW,zero preservado; provável ausência administrativa em parte dos registros,NONE
3500053090,SGB_HIDRO_MS_2024_POCOS,profundida,0.0,ZERO_REQUIRES_REVIEW,REVIEW,zero preservado; provável ausência administrativa em parte dos registros,NONE
3500053091,SGB_HIDRO_MS_2024_POCOS,profundida,0.0,ZERO_REQUIRES_REVIEW,REVIEW,zero preservado; provável ausência administrativa em parte dos registros,NONE
3500053091,SGB_HIDRO_MS_2024_POCOS,Cond_Eletr,0.0,ZERO_REQUIRES_REVIEW,REVIEW,zero preservado e não assumido como medição válida,NONE
3500053092,SGB_HIDRO_MS_2024_POCOS,profundida,0.0,ZERO_REQUIRES_REVIEW,REVIEW,zero preservado; provável ausência administrativa em parte dos registros,NONE
3500053092,SGB_HIDRO_MS_2024_POCOS,vazao_espe,0.0,ZERO_REQUIRES_REVIEW,REVIEW,zero preservado e não assumido como medição válida,NONE
3500053092,SGB_HIDRO_MS_2024_POCOS,Cond_Eletr,0.0,ZERO_REQUIRES_REVIEW,REVIEW,zero preservado e não assumido como medição válida,NONE
3500053093,SGB_HIDRO_MS_2024_POCOS,profundida,0.0,ZERO_REQUIRES_REVIEW,REVIEW,zero preservado; provável ausência administrativa em parte dos registros,NONE
3500053093,SGB_HIDRO_MS_2024_POCOS,vazao_espe,0.0,ZERO_REQUIRES_REVIEW,REVIEW,zero preservado e não assumido como medição válida,NONE
3500053094,SGB_HIDRO_MS_2024_POCOS,profundida,0.0,ZERO_REQUIRES_REVIEW,REVIEW,zero preservado; provável ausência administrativa em parte dos registros,NONE
3500053094,SGB_HIDRO_MS_2024_POCOS,Cond_Eletr,0.0,ZERO_REQUIRES_REVIEW,REVIEW,zero preservado e não assumido como medição válida,NONE
3500053095,SGB_HIDRO_MS_2024_POCOS,profundida,0.0,ZERO_REQUIRES_REVIEW,REVIEW,zero preservado; provável ausência administrativa em parte dos registros,NONE
3500053095,SGB_HIDRO_MS_2024_POCOS,vazao_espe,0.0,ZERO_REQUIRES_REVIEW,REVIEW,zero preservado e não assumido como medição válida,NONE
3500053095,SGB_HIDRO_MS_2024_POCOS,Cond_Eletr,0.0,ZERO_REQUIRES_REVIEW,REVIEW,zero preservado e não assumido como medição válida,NONE
3500053096,SGB_HIDRO_MS_2024_POCOS,profundida,0.0,ZERO_REQUIRES_REVIEW,REVIEW,zero preservado; provável ausência administrativa em parte dos registros,NONE
3500053096,SGB_HIDRO_MS_2024_POCOS,vazao_espe,0.0,ZERO_REQUIRES_REVIEW,REVIEW,zero preservado e não assumido como medição válida,NONE
3500053097,SGB_HIDRO_MS_2024_POCOS,profundida,0.0,ZERO_REQUIRES_REVIEW,REVIEW,zero preservado; provável ausência administrativa em parte dos registros,NONE
3500053097,SGB_HIDRO_MS_2024_POCOS,vazao_espe,0.0,ZERO_REQUIRES_REVIEW,REVIEW,zero preservado e não assumido como medição válida,NONE
3500053097,SGB_HIDRO_MS_2024_POCOS,Cond_Eletr,0.0,ZERO_REQUIRES_REVIEW,REVIEW,zero preservado e não assumido como medição válida,NONE
3500053098,SGB_HIDRO_MS_2024_POCOS,profundida,0.0,ZERO_REQUIRES_REVIEW,REVIEW,zero preservado; provável ausência administrativa em parte dos registros,NONE
3500053098,SGB_HIDRO_MS_2024_POCOS,vazao_espe,0.0,ZERO_REQUIRES_REVIEW,REVIEW,zero preservado e não assumido como medição válida,NONE
3500053098,SGB_HIDRO_MS_2024_POCOS,Cond_Eletr,0.0,ZERO_REQUIRES_REVIEW,REVIEW,zero preservado e não assumido como medição válida,NONE
3500064999,SGB_HIDRO_MS_2024_POCOS,profundida,0.0,ZERO_REQUIRES_REVIEW,REVIEW,zero preservado; provável ausência administrativa em parte dos registros,NONE
3500064999,SGB_HIDRO_MS_2024_POCOS,vazao_espe,0.0,ZERO_REQUIRES_REVIEW,REVIEW,zero preservado e não assumido como medição válida,NONE
3500064999,SGB_HIDRO_MS_2024_POCOS,Cond_Eletr,0.0,ZERO_REQUIRES_REVIEW,REVIEW,zero preservado e não assumido como medição válida,NONE
3500065000,SGB_HIDRO_MS_2024_POCOS,profundida,0.0,ZERO_REQUIRES_REVIEW,REVIEW,zero preservado; provável ausência administrativa em parte dos registros,NONE
3500065000,SGB_HIDRO_MS_2024_POCOS,Cond_Eletr,0.0,ZERO_REQUIRES_REVIEW,REVIEW,zero preservado e não assumido como medição válida,NONE
3500065001,SGB_HIDRO_MS_2024_POCOS,profundida,0.0,ZERO_REQUIRES_REVIEW,REVIEW,zero preservado; provável ausência administrativa em parte dos registros,NONE
3500065001,SGB_HIDRO_MS_2024_POCOS,Cond_Eletr,0.0,ZERO_REQUIRES_REVIEW,REVIEW,zero preservado e não assumido como medição válida,NONE
3500065002,SGB_HIDRO_MS_2024_POCOS,profundida,0.0,ZERO_REQUIRES_REVIEW,REVIEW,zero preservado; provável ausência administrativa em parte dos registros,NONE
3500065003,SGB_HIDRO_MS_2024_POCOS,profundida,0.0,ZERO_REQUIRES_REVIEW,REVIEW,zero preservado; provável ausência administrativa em parte dos registros,NONE
3500065003,SGB_HIDRO_MS_2024_POCOS,Cond_Eletr,0.0,ZERO_REQUIRES_REVIEW,REVIEW,zero preservado e não assumido como medição válida,NONE
3500065004,SGB_HIDRO_MS_2024_POCOS,profundida,0.0,ZERO_REQUIRES_REVIEW,REVIEW,zero preservado; provável ausência administrativa em parte dos registros,NONE
3500065004,SGB_HIDRO_MS_2024_POCOS,Cond_Eletr,0.0,ZERO_REQUIRES_REVIEW,REVIEW,zero preservado e não assumido como medição válida,NONE
3500065005,SGB_HIDRO_MS_2024_POCOS,profundida,0.0,ZERO_REQUIRES_REVIEW,REVIEW,zero preservado; provável ausência administrativa em parte dos registros,NONE
3500065005,SGB_HIDRO_MS_2024_POCOS,Cond_Eletr,0.0,ZERO_REQUIRES_REVIEW,REVIEW,zero preservado e não assumido como medição válida,NONE
3500065006,SGB_HIDRO_MS_2024_POCOS,profundida,0.0,ZERO_REQUIRES_REVIEW,REVIEW,zero preservado; provável ausência administrativa em parte dos registros,NONE
3500065006,SGB_HIDRO_MS_2024_POCOS,Cond_Eletr,0.0,ZERO_REQUIRES_REVIEW,REVIEW,zero preservado e não assumido como medição válida,NONE
3500065007,SGB_HIDRO_MS_2024_POCOS,profundida,0.0,ZERO_REQUIRES_REVIEW,REVIEW,zero preservado; provável ausência administrativa em parte dos registros,NONE
3500065007,SGB_HIDRO_MS_2024_POCOS,Cond_Eletr,0.0,ZERO_REQUIRES_REVIEW,REVIEW,zero preservado e não assumido como medição válida,NONE
3500065008,SGB_HIDRO_MS_2024_POCOS,profundida,0.0,ZERO_REQUIRES_REVIEW,REVIEW,zero preservado; provável ausência administrativa em parte dos registros,NONE
3500065008,SGB_HIDRO_MS_2024_POCOS,Cond_Eletr,0.0,ZERO_REQUIRES_REVIEW,REVIEW,zero preservado e não assumido como medição válida,NONE
3500065009,SGB_HIDRO_MS_2024_POCOS,profundida,0.0,ZERO_REQUIRES_REVIEW,REVIEW,zero preservado; provável ausência administrativa em parte dos registros,NONE
3500065009,SGB_HIDRO_MS_2024_POCOS,Cond_Eletr,0.0,ZERO_REQUIRES_REVIEW,REVIEW,zero preservado e não assumido como medição válida,NONE
3500065010,SGB_HIDRO_MS_2024_POCOS,profundida,0.0,ZERO_REQUIRES_REVIEW,REVIEW,zero preservado; provável ausência administrativa em parte dos registros,NONE
3500065010,SGB_HIDRO_MS_2024_POCOS,Cond_Eletr,0.0,ZERO_REQUIRES_REVIEW,REVIEW,zero preservado e não assumido como medição válida,NONE
3500065011,SGB_HIDRO_MS_2024_POCOS,profundida,0.0,ZERO_REQUIRES_REVIEW,REVIEW,zero preservado; provável ausência administrativa em parte dos registros,NONE
3500065011,SGB_HIDRO_MS_2024_POCOS,Cond_Eletr,0.0,ZERO_REQUIRES_REVIEW,REVIEW,zero preservado e não assumido como medição válida,NONE
3500065012,SGB_HIDRO_MS_2024_POCOS,profundida,0.0,ZERO_REQUIRES_REVIEW,REVIEW,zero preservado; provável ausência administrativa em parte dos registros,NONE
3500065012,SGB_HIDRO_MS_2024_POCOS,Cond_Eletr,0.0,ZERO_REQUIRES_REVIEW,REVIEW,zero preservado e não assumido como medição válida,NONE
3500065013,SGB_HIDRO_MS_2024_POCOS,profundida,0.0,ZERO_REQUIRES_REVIEW,REVIEW,zero preservado; provável ausência administrativa em parte dos registros,NONE
3500065013,SGB_HIDRO_MS_2024_POCOS,Cond_Eletr,0.0,ZERO_REQUIRES_REVIEW,REVIEW,zero preservado e não assumido como medição válida,NONE
3500065014,SGB_HIDRO_MS_2024_POCOS,profundida,0.0,ZERO_REQUIRES_REVIEW,REVIEW,zero preservado; provável ausência administrativa em parte dos registros,NONE
3500065014,SGB_HIDRO_MS_2024_POCOS,Cond_Eletr,0.0,ZERO_REQUIRES_REVIEW,REVIEW,zero preservado e não assumido como medição válida,NONE
3500065015,SGB_HIDRO_MS_2024_POCOS,profundida,0.0,ZERO_REQUIRES_REVIEW,REVIEW,zero preservado; provável ausência administrativa em parte dos registros,NONE
3500065015,SGB_HIDRO_MS_2024_POCOS,Cond_Eletr,0.0,ZERO_REQUIRES_REVIEW,REVIEW,zero preservado e não assumido como medição válida,NONE
3500065016,SGB_HIDRO_MS_2024_POCOS,profundida,0.0,ZERO_REQUIRES_REVIEW,REVIEW,zero preservado; provável ausência administrativa em parte dos registros,NONE
3500065016,SGB_HIDRO_MS_2024_POCOS,Cond_Eletr,0.0,ZERO_REQUIRES_REVIEW,REVIEW,zero preservado e não assumido como medição válida,NONE
3500065017,SGB_HIDRO_MS_2024_POCOS,profundida,0.0,ZERO_REQUIRES_REVIEW,REVIEW,zero preservado; provável ausência administrativa em parte dos registros,NONE
3500065017,SGB_HIDRO_MS_2024_POCOS,Cond_Eletr,0.0,ZERO_REQUIRES_REVIEW,REVIEW,zero preservado e não assumido como medição válida,NONE
3500065018,SGB_HIDRO_MS_2024_POCOS,profundida,0.0,ZERO_REQUIRES_REVIEW,REVIEW,zero preservado; provável ausência administrativa em parte dos registros,NONE
3500065018,SGB_HIDRO_MS_2024_POCOS,Cond_Eletr,0.0,ZERO_REQUIRES_REVIEW,REVIEW,zero preservado e não assumido como medição válida,NONE
3500065019,SGB_HIDRO_MS_2024_POCOS,profundida,0.0,ZERO_REQUIRES_REVIEW,REVIEW,zero preservado; provável ausência administrativa em parte dos registros,NONE
3500065019,SGB_HIDRO_MS_2024_POCOS,Cond_Eletr,0.0,ZERO_REQUIRES_REVIEW,REVIEW,zero preservado e não assumido como medição válida,NONE
3500065020,SGB_HIDRO_MS_2024_POCOS,profundida,0.0,ZERO_REQUIRES_REVIEW,REVIEW,zero preservado; provável ausência administrativa em parte dos registros,NONE
3500065020,SGB_HIDRO_MS_2024_POCOS,Cond_Eletr,0.0,ZERO_REQUIRES_REVIEW,REVIEW,zero preservado e não assumido como medição válida,NONE
3500065021,SGB_HIDRO_MS_2024_POCOS,profundida,0.0,ZERO_REQUIRES_REVIEW,REVIEW,zero preservado; provável ausência administrativa em parte dos registros,NONE
3500065021,SGB_HIDRO_MS_2024_POCOS,vazao_espe,0.0,ZERO_REQUIRES_REVIEW,REVIEW,zero preservado e não assumido como medição válida,NONE
3500065021,SGB_HIDRO_MS_2024_POCOS,Cond_Eletr,0.0,ZERO_REQUIRES_REVIEW,REVIEW,zero preservado e não assumido como medição válida,NONE
3500065022,SGB_HIDRO_MS_2024_POCOS,profundida,0.0,ZERO_REQUIRES_REVIEW,REVIEW,zero preservado; provável ausência administrativa em parte dos registros,NONE
3500065022,SGB_HIDRO_MS_2024_POCOS,Cond_Eletr,0.0,ZERO_REQUIRES_REVIEW,REVIEW,zero preservado e não assumido como medição válida,NONE
3500065023,SGB_HIDRO_MS_2024_POCOS,profundida,0.0,ZERO_REQUIRES_REVIEW,REVIEW,zero preservado; provável ausência administrativa em parte dos registros,NONE
3500065023,SGB_HIDRO_MS_2024_POCOS,Cond_Eletr,0.0,ZERO_REQUIRES_REVIEW,REVIEW,zero preservado e não assumido como medição válida,NONE
3500065024,SGB_HIDRO_MS_2024_POCOS,profundida,0.0,ZERO_REQUIRES_REVIEW,REVIEW,zero preservado; provável ausência administrativa em parte dos registros,NONE
3500065024,SGB_HIDRO_MS_2024_POCOS,Cond_Eletr,0.0,ZERO_REQUIRES_REVIEW,REVIEW,zero preservado e não assumido como medição válida,NONE
3500065025,SGB_HIDRO_MS_2024_POCOS,profundida,0.0,ZERO_REQUIRES_REVIEW,REVIEW,zero preservado; provável ausência administrativa em parte dos registros,NONE
3500065025,SGB_HIDRO_MS_2024_POCOS,Cond_Eletr,0.0,ZERO_REQUIRES_REVIEW,REVIEW,zero preservado e não assumido como medição válida,NONE
3500065026,SGB_HIDRO_MS_2024_POCOS,profundida,0.0,ZERO_REQUIRES_REVIEW,REVIEW,zero preservado; provável ausência administrativa em parte dos registros,NONE
3500065027,SGB_HIDRO_MS_2024_POCOS,profundida,0.0,ZERO_REQUIRES_REVIEW,REVIEW,zero preservado; provável ausência administrativa em parte dos registros,NONE
3500065028,SGB_HIDRO_MS_2024_POCOS,profundida,0.0,ZERO_REQUIRES_REVIEW,REVIEW,zero preservado; provável ausência administrativa em parte dos registros,NONE
3500065028,SGB_HIDRO_MS_2024_POCOS,Cond_Eletr,0.0,ZERO_REQUIRES_REVIEW,REVIEW,zero preservado e não assumido como medição válida,NONE
3500065029,SGB_HIDRO_MS_2024_POCOS,profundida,0.0,ZERO_REQUIRES_REVIEW,REVIEW,zero preservado; provável ausência administrativa em parte dos registros,NONE
3500065030,SGB_HIDRO_MS_2024_POCOS,profundida,0.0,ZERO_REQUIRES_REVIEW,REVIEW,zero preservado; provável ausência administrativa em parte dos registros,NONE
3500065031,SGB_HIDRO_MS_2024_POCOS,profundida,0.0,ZERO_REQUIRES_REVIEW,REVIEW,zero preservado; provável ausência administrativa em parte dos registros,NONE
3500065032,SGB_HIDRO_MS_2024_POCOS,profundida,0.0,ZERO_REQUIRES_REVIEW,REVIEW,zero preservado; provável ausência administrativa em parte dos registros,NONE
3500065033,SGB_HIDRO_MS_2024_POCOS,profundida,0.0,ZERO_REQUIRES_REVIEW,REVIEW,zero preservado; provável ausência administrativa em parte dos registros,NONE
3500065033,SGB_HIDRO_MS_2024_POCOS,Cond_Eletr,0.0,ZERO_REQUIRES_REVIEW,REVIEW,zero preservado e não assumido como medição válida,NONE
3500065034,SGB_HIDRO_MS_2024_POCOS,profundida,0.0,ZERO_REQUIRES_REVIEW,REVIEW,zero preservado; provável ausência administrativa em parte dos registros,NONE
3500065035,SGB_HIDRO_MS_2024_POCOS,profundida,0.0,ZERO_REQUIRES_REVIEW,REVIEW,zero preservado; provável ausência administrativa em parte dos registros,NONE
3500065036,SGB_HIDRO_MS_2024_POCOS,profundida,0.0,ZERO_REQUIRES_REVIEW,REVIEW,zero preservado; provável ausência administrativa em parte dos registros,NONE
3500065037,SGB_HIDRO_MS_2024_POCOS,profundida,0.0,ZERO_REQUIRES_REVIEW,REVIEW,zero preservado; provável ausência administrativa em parte dos registros,NONE
3500065038,SGB_HIDRO_MS_2024_POCOS,profundida,0.0,ZERO_REQUIRES_REVIEW,REVIEW,zero preservado; provável ausência administrativa em parte dos registros,NONE
3500065038,SGB_HIDRO_MS_2024_POCOS,Cond_Eletr,0.0,ZERO_REQUIRES_REVIEW,REVIEW,zero preservado e não assumido como medição válida,NONE
3500065039,SGB_HIDRO_MS_2024_POCOS,profundida,0.0,ZERO_REQUIRES_REVIEW,REVIEW,zero preservado; provável ausência administrativa em parte dos registros,NONE
3500065040,SGB_HIDRO_MS_2024_POCOS,profundida,0.0,ZERO_REQUIRES_REVIEW,REVIEW,zero preservado; provável ausência administrativa em parte dos registros,NONE
3500065040,SGB_HIDRO_MS_2024_POCOS,Cond_Eletr,0.0,ZERO_REQUIRES_REVIEW,REVIEW,zero preservado e não assumido como medição válida,NONE
3500065041,SGB_HIDRO_MS_2024_POCOS,profundida,0.0,ZERO_REQUIRES_REVIEW,REVIEW,zero preservado; provável ausência administrativa em parte dos registros,NONE
3500065042,SGB_HIDRO_MS_2024_POCOS,profundida,0.0,ZERO_REQUIRES_REVIEW,REVIEW,zero preservado; provável ausência administrativa em parte dos registros,NONE
3500065043,SGB_HIDRO_MS_2024_POCOS,profundida,0.0,ZERO_REQUIRES_REVIEW,REVIEW,zero preservado; provável ausência administrativa em parte dos registros,NONE
3500065044,SGB_HIDRO_MS_2024_POCOS,profundida,0.0,ZERO_REQUIRES_REVIEW,REVIEW,zero preservado; provável ausência administrativa em parte dos registros,NONE
3500065044,SGB_HIDRO_MS_2024_POCOS,Cond_Eletr,0.0,ZERO_REQUIRES_REVIEW,REVIEW,zero preservado e não assumido como medição válida,NONE
3500065045,SGB_HIDRO_MS_2024_POCOS,profundida,0.0,ZERO_REQUIRES_REVIEW,REVIEW,zero preservado; provável ausência administrativa em parte dos registros,NONE
3500065046,SGB_HIDRO_MS_2024_POCOS,profundida,0.0,ZERO_REQUIRES_REVIEW,REVIEW,zero preservado; provável ausência administrativa em parte dos registros,NONE
3500065047,SGB_HIDRO_MS_2024_POCOS,profundida,0.0,ZERO_REQUIRES_REVIEW,REVIEW,zero preservado; provável ausência administrativa em parte dos registros,NONE
3500065048,SGB_HIDRO_MS_2024_POCOS,profundida,0.0,ZERO_REQUIRES_REVIEW,REVIEW,zero preservado; provável ausência administrativa em parte dos registros,NONE
3500065049,SGB_HIDRO_MS_2024_POCOS,profundida,0.0,ZERO_REQUIRES_REVIEW,REVIEW,zero preservado; provável ausência administrativa em parte dos registros,NONE
3500065049,SGB_HIDRO_MS_2024_POCOS,vazao_espe,0.0,ZERO_REQUIRES_REVIEW,REVIEW,zero preservado e não assumido como medição válida,NONE
3500065049,SGB_HIDRO_MS_2024_POCOS,Cond_Eletr,0.0,ZERO_REQUIRES_REVIEW,REVIEW,zero preservado e não assumido como medição válida,NONE
3500065050,SGB_HIDRO_MS_2024_POCOS,profundida,0.0,ZERO_REQUIRES_REVIEW,REVIEW,zero preservado; provável ausência administrativa em parte dos registros,NONE
3500065050,SGB_HIDRO_MS_2024_POCOS,Cond_Eletr,0.0,ZERO_REQUIRES_REVIEW,REVIEW,zero preservado e não assumido como medição válida,NONE
3500065051,SGB_HIDRO_MS_2024_POCOS,profundida,0.0,ZERO_REQUIRES_REVIEW,REVIEW,zero preservado; provável ausência administrativa em parte dos registros,NONE
3500065052,SGB_HIDRO_MS_2024_POCOS,profundida,0.0,ZERO_REQUIRES_REVIEW,REVIEW,zero preservado; provável ausência administrativa em parte dos registros,NONE
3500065052,SGB_HIDRO_MS_2024_POCOS,Cond_Eletr,0.0,ZERO_REQUIRES_REVIEW,REVIEW,zero preservado e não assumido como medição válida,NONE
3500065053,SGB_HIDRO_MS_2024_POCOS,profundida,0.0,ZERO_REQUIRES_REVIEW,REVIEW,zero preservado; provável ausência administrativa em parte dos registros,NONE
3500065053,SGB_HIDRO_MS_2024_POCOS,Cond_Eletr,0.0,ZERO_REQUIRES_REVIEW,REVIEW,zero preservado e não assumido como medição válida,NONE
3500065054,SGB_HIDRO_MS_2024_POCOS,profundida,0.0,ZERO_REQUIRES_REVIEW,REVIEW,zero preservado; provável ausência administrativa em parte dos registros,NONE
3500065054,SGB_HIDRO_MS_2024_POCOS,Cond_Eletr,0.0,ZERO_REQUIRES_REVIEW,REVIEW,zero preservado e não assumido como medição válida,NONE
3500065055,SGB_HIDRO_MS_2024_POCOS,profundida,0.0,ZERO_REQUIRES_REVIEW,REVIEW,zero preservado; provável ausência administrativa em parte dos registros,NONE
3500065055,SGB_HIDRO_MS_2024_POCOS,Cond_Eletr,0.0,ZERO_REQUIRES_REVIEW,REVIEW,zero preservado e não assumido como medição válida,NONE
3500065056,SGB_HIDRO_MS_2024_POCOS,profundida,0.0,ZERO_REQUIRES_REVIEW,REVIEW,zero preservado; provável ausência administrativa em parte dos registros,NONE
3500065056,SGB_HIDRO_MS_2024_POCOS,Cond_Eletr,0.0,ZERO_REQUIRES_REVIEW,REVIEW,zero preservado e não assumido como medição válida,NONE
3500065057,SGB_HIDRO_MS_2024_POCOS,profundida,0.0,ZERO_REQUIRES_REVIEW,REVIEW,zero preservado; provável ausência administrativa em parte dos registros,NONE
3500065057,SGB_HIDRO_MS_2024_POCOS,Cond_Eletr,0.0,ZERO_REQUIRES_REVIEW,REVIEW,zero preservado e não assumido como medição válida,NONE
3500065058,SGB_HIDRO_MS_2024_POCOS,profundida,0.0,ZERO_REQUIRES_REVIEW,REVIEW,zero preservado; provável ausência administrativa em parte dos registros,NONE
3500065058,SGB_HIDRO_MS_2024_POCOS,Cond_Eletr,0.0,ZERO_REQUIRES_REVIEW,REVIEW,zero preservado e não assumido como medição válida,NONE
3500065059,SGB_HIDRO_MS_2024_POCOS,profundida,0.0,ZERO_REQUIRES_REVIEW,REVIEW,zero preservado; provável ausência administrativa em parte dos registros,NONE
3500065059,SGB_HIDRO_MS_2024_POCOS,Cond_Eletr,0.0,ZERO_REQUIRES_REVIEW,REVIEW,zero preservado e não assumido como medição válida,NONE
3500065060,SGB_HIDRO_MS_2024_POCOS,profundida,0.0,ZERO_REQUIRES_REVIEW,REVIEW,zero preservado; provável ausência administrativa em parte dos registros,NONE
3500065061,SGB_HIDRO_MS_2024_POCOS,profundida,0.0,ZERO_REQUIRES_REVIEW,REVIEW,zero preservado; provável ausência administrativa em parte dos registros,NONE
3500065061,SGB_HIDRO_MS_2024_POCOS,Cond_Eletr,0.0,ZERO_REQUIRES_REVIEW,REVIEW,zero preservado e não assumido como medição válida,NONE
3500065062,SGB_HIDRO_MS_2024_POCOS,profundida,0.0,ZERO_REQUIRES_REVIEW,REVIEW,zero preservado; provável ausência administrativa em parte dos registros,NONE
3500065063,SGB_HIDRO_MS_2024_POCOS,profundida,0.0,ZERO_REQUIRES_REVIEW,REVIEW,zero preservado; provável ausência administrativa em parte dos registros,NONE
3500065064,SGB_HIDRO_MS_2024_POCOS,profundida,0.0,ZERO_REQUIRES_REVIEW,REVIEW,zero preservado; provável ausência administrativa em parte dos registros,NONE
3500065064,SGB_HIDRO_MS_2024_POCOS,Cond_Eletr,0.0,ZERO_REQUIRES_REVIEW,REVIEW,zero preservado e não assumido como medição válida,NONE
3500065065,SGB_HIDRO_MS_2024_POCOS,profundida,0.0,ZERO_REQUIRES_REVIEW,REVIEW,zero preservado; provável ausência administrativa em parte dos registros,NONE
3500065065,SGB_HIDRO_MS_2024_POCOS,Cond_Eletr,0.0,ZERO_REQUIRES_REVIEW,REVIEW,zero preservado e não assumido como medição válida,NONE
3500065066,SGB_HIDRO_MS_2024_POCOS,profundida,0.0,ZERO_REQUIRES_REVIEW,REVIEW,zero preservado; provável ausência administrativa em parte dos registros,NONE
3500065067,SGB_HIDRO_MS_2024_POCOS,profundida,0.0,ZERO_REQUIRES_REVIEW,REVIEW,zero preservado; provável ausência administrativa em parte dos registros,NONE
3500065068,SGB_HIDRO_MS_2024_POCOS,profundida,0.0,ZERO_REQUIRES_REVIEW,REVIEW,zero preservado; provável ausência administrativa em parte dos registros,NONE
3500065068,SGB_HIDRO_MS_2024_POCOS,Cond_Eletr,0.0,ZERO_REQUIRES_REVIEW,REVIEW,zero preservado e não assumido como medição válida,NONE
3500065069,SGB_HIDRO_MS_2024_POCOS,profundida,0.0,ZERO_REQUIRES_REVIEW,REVIEW,zero preservado; provável ausência administrativa em parte dos registros,NONE
3500065069,SGB_HIDRO_MS_2024_POCOS,Cond_Eletr,0.0,ZERO_REQUIRES_REVIEW,REVIEW,zero preservado e não assumido como medição válida,NONE
3500065070,SGB_HIDRO_MS_2024_POCOS,profundida,0.0,ZERO_REQUIRES_REVIEW,REVIEW,zero preservado; provável ausência administrativa em parte dos registros,NONE
3500065070,SGB_HIDRO_MS_2024_POCOS,Cond_Eletr,0.0,ZERO_REQUIRES_REVIEW,REVIEW,zero preservado e não assumido como medição válida,NONE
3500065071,SGB_HIDRO_MS_2024_POCOS,profundida,0.0,ZERO_REQUIRES_REVIEW,REVIEW,zero preservado; provável ausência administrativa em parte dos registros,NONE
3500065071,SGB_HIDRO_MS_2024_POCOS,Cond_Eletr,0.0,ZERO_REQUIRES_REVIEW,REVIEW,zero preservado e não assumido como medição válida,NONE
3500065072,SGB_HIDRO_MS_2024_POCOS,profundida,0.0,ZERO_REQUIRES_REVIEW,REVIEW,zero preservado; provável ausência administrativa em parte dos registros,NONE
3500065072,SGB_HIDRO_MS_2024_POCOS,Cond_Eletr,0.0,ZERO_REQUIRES_REVIEW,REVIEW,zero preservado e não assumido como medição válida,NONE
3500065073,SGB_HIDRO_MS_2024_POCOS,profundida,0.0,ZERO_REQUIRES_REVIEW,REVIEW,zero preservado; provável ausência administrativa em parte dos registros,NONE
3500065073,SGB_HIDRO_MS_2024_POCOS,Cond_Eletr,0.0,ZERO_REQUIRES_REVIEW,REVIEW,zero preservado e não assumido como medição válida,NONE
3500065074,SGB_HIDRO_MS_2024_POCOS,profundida,0.0,ZERO_REQUIRES_REVIEW,REVIEW,zero preservado; provável ausência administrativa em parte dos registros,NONE
3500065075,SGB_HIDRO_MS_2024_POCOS,profundida,0.0,ZERO_REQUIRES_REVIEW,REVIEW,zero preservado; provável ausência administrativa em parte dos registros,NONE
3500065075,SGB_HIDRO_MS_2024_POCOS,Cond_Eletr,0.0,ZERO_REQUIRES_REVIEW,REVIEW,zero preservado e não assumido como medição válida,NONE
3500065076,SGB_HIDRO_MS_2024_POCOS,profundida,0.0,ZERO_REQUIRES_REVIEW,REVIEW,zero preservado; provável ausência administrativa em parte dos registros,NONE
3500065076,SGB_HIDRO_MS_2024_POCOS,Cond_Eletr,0.0,ZERO_REQUIRES_REVIEW,REVIEW,zero preservado e não assumido como medição válida,NONE
3500065077,SGB_HIDRO_MS_2024_POCOS,profundida,0.0,ZERO_REQUIRES_REVIEW,REVIEW,zero preservado; provável ausência administrativa em parte dos registros,NONE
3500065077,SGB_HIDRO_MS_2024_POCOS,Cond_Eletr,0.0,ZERO_REQUIRES_REVIEW,REVIEW,zero preservado e não assumido como medição válida,NONE
3500065078,SGB_HIDRO_MS_2024_POCOS,profundida,0.0,ZERO_REQUIRES_REVIEW,REVIEW,zero preservado; provável ausência administrativa em parte dos registros,NONE
3500065078,SGB_HIDRO_MS_2024_POCOS,Cond_Eletr,0.0,ZERO_REQUIRES_REVIEW,REVIEW,zero preservado e não assumido como medição válida,NONE
3500065079,SGB_HIDRO_MS_2024_POCOS,profundida,0.0,ZERO_REQUIRES_REVIEW,REVIEW,zero preservado; provável ausência administrativa em parte dos registros,NONE
3500065079,SGB_HIDRO_MS_2024_POCOS,Cond_Eletr,0.0,ZERO_REQUIRES_REVIEW,REVIEW,zero preservado e não assumido como medição válida,NONE
3500065080,SGB_HIDRO_MS_2024_POCOS,profundida,0.0,ZERO_REQUIRES_REVIEW,REVIEW,zero preservado; provável ausência administrativa em parte dos registros,NONE
3500065080,SGB_HIDRO_MS_2024_POCOS,Cond_Eletr,0.0,ZERO_REQUIRES_REVIEW,REVIEW,zero preservado e não assumido como medição válida,NONE
3500065081,SGB_HIDRO_MS_2024_POCOS,profundida,0.0,ZERO_REQUIRES_REVIEW,REVIEW,zero preservado; provável ausência administrativa em parte dos registros,NONE
3500065081,SGB_HIDRO_MS_2024_POCOS,Cond_Eletr,0.0,ZERO_REQUIRES_REVIEW,REVIEW,zero preservado e não assumido como medição válida,NONE
3500065082,SGB_HIDRO_MS_2024_POCOS,profundida,0.0,ZERO_REQUIRES_REVIEW,REVIEW,zero preservado; provável ausência administrativa em parte dos registros,NONE
3500065083,SGB_HIDRO_MS_2024_POCOS,profundida,0.0,ZERO_REQUIRES_REVIEW,REVIEW,zero preservado; provável ausência administrativa em parte dos registros,NONE
3500065083,SGB_HIDRO_MS_2024_POCOS,Cond_Eletr,0.0,ZERO_REQUIRES_REVIEW,REVIEW,zero preservado e não assumido como medição válida,NONE
3500065084,SGB_HIDRO_MS_2024_POCOS,profundida,0.0,ZERO_REQUIRES_REVIEW,REVIEW,zero preservado; provável ausência administrativa em parte dos registros,NONE
3500065084,SGB_HIDRO_MS_2024_POCOS,Cond_Eletr,0.0,ZERO_REQUIRES_REVIEW,REVIEW,zero preservado e não assumido como medição válida,NONE
3500065085,SGB_HIDRO_MS_2024_POCOS,profundida,0.0,ZERO_REQUIRES_REVIEW,REVIEW,zero preservado; provável ausência administrativa em parte dos registros,NONE
3500065086,SGB_HIDRO_MS_2024_POCOS,profundida,0.0,ZERO_REQUIRES_REVIEW,REVIEW,zero preservado; provável ausência administrativa em parte dos registros,NONE
3500065087,SGB_HIDRO_MS_2024_POCOS,profundida,0.0,ZERO_REQUIRES_REVIEW,REVIEW,zero preservado; provável ausência administrativa em parte dos registros,NONE
3500065087,SGB_HIDRO_MS_2024_POCOS,profundi_1,0.0,ZERO_REQUIRES_REVIEW,REVIEW,zero preservado; provável ausência administrativa em parte dos registros,NONE
3500065087,SGB_HIDRO_MS_2024_POCOS,vazao_espe,0.0,ZERO_REQUIRES_REVIEW,REVIEW,zero preservado e não assumido como medição válida,NONE
3500065087,SGB_HIDRO_MS_2024_POCOS,Cond_Eletr,0.0,ZERO_REQUIRES_REVIEW,REVIEW,zero preservado e não assumido como medição válida,NONE
3500065088,SGB_HIDRO_MS_2024_POCOS,profundida,0.0,ZERO_REQUIRES_REVIEW,REVIEW,zero preservado; provável ausência administrativa em parte dos registros,NONE
3500065088,SGB_HIDRO_MS_2024_POCOS,vazao_espe,0.0,ZERO_REQUIRES_REVIEW,REVIEW,zero preservado e não assumido como medição válida,NONE
3500065089,SGB_HIDRO_MS_2024_POCOS,profundida,0.0,ZERO_REQUIRES_REVIEW,REVIEW,zero preservado; provável ausência administrativa em parte dos registros,NONE
3500065090,SGB_HIDRO_MS_2024_POCOS,profundida,0.0,ZERO_REQUIRES_REVIEW,REVIEW,zero preservado; provável ausência administrativa em parte dos registros,NONE
3500065090,SGB_HIDRO_MS_2024_POCOS,Cond_Eletr,0.0,ZERO_REQUIRES_REVIEW,REVIEW,zero preservado e não assumido como medição válida,NONE
3500065091,SGB_HIDRO_MS_2024_POCOS,profundida,0.0,ZERO_REQUIRES_REVIEW,REVIEW,zero preservado; provável ausência administrativa em parte dos registros,NONE
3500065091,SGB_HIDRO_MS_2024_POCOS,Cond_Eletr,0.0,ZERO_REQUIRES_REVIEW,REVIEW,zero preservado e não assumido como medição válida,NONE
3500065092,SGB_HIDRO_MS_2024_POCOS,profundida,0.0,ZERO_REQUIRES_REVIEW,REVIEW,zero preservado; provável ausência administrativa em parte dos registros,NONE
3500065092,SGB_HIDRO_MS_2024_POCOS,Cond_Eletr,0.0,ZERO_REQUIRES_REVIEW,REVIEW,zero preservado e não assumido como medição válida,NONE
3500065093,SGB_HIDRO_MS_2024_POCOS,profundida,0.0,ZERO_REQUIRES_REVIEW,REVIEW,zero preservado; provável ausência administrativa em parte dos registros,NONE
3500065093,SGB_HIDRO_MS_2024_POCOS,Cond_Eletr,0.0,ZERO_REQUIRES_REVIEW,REVIEW,zero preservado e não assumido como medição válida,NONE
3500065094,SGB_HIDRO_MS_2024_POCOS,profundida,0.0,ZERO_REQUIRES_REVIEW,REVIEW,zero preservado; provável ausência administrativa em parte dos registros,NONE
3500065094,SGB_HIDRO_MS_2024_POCOS,Cond_Eletr,0.0,ZERO_REQUIRES_REVIEW,REVIEW,zero preservado e não assumido como medição válida,NONE
3500065095,SGB_HIDRO_MS_2024_POCOS,profundida,0.0,ZERO_REQUIRES_REVIEW,REVIEW,zero preservado; provável ausência administrativa em parte dos registros,NONE
3500065095,SGB_HIDRO_MS_2024_POCOS,Cond_Eletr,0.0,ZERO_REQUIRES_REVIEW,REVIEW,zero preservado e não assumido como medição válida,NONE
3500065096,SGB_HIDRO_MS_2024_POCOS,profundida,0.0,ZERO_REQUIRES_REVIEW,REVIEW,zero preservado; provável ausência administrativa em parte dos registros,NONE
3500065096,SGB_HIDRO_MS_2024_POCOS,vazao_espe,0.0,ZERO_REQUIRES_REVIEW,REVIEW,zero preservado e não assumido como medição válida,NONE
3500065096,SGB_HIDRO_MS_2024_POCOS,Cond_Eletr,0.0,ZERO_REQUIRES_REVIEW,REVIEW,zero preservado e não assumido como medição válida,NONE
3500065097,SGB_HIDRO_MS_2024_POCOS,profundida,0.0,ZERO_REQUIRES_REVIEW,REVIEW,zero preservado; provável ausência administrativa em parte dos registros,NONE
3500065097,SGB_HIDRO_MS_2024_POCOS,Cond_Eletr,0.0,ZERO_REQUIRES_REVIEW,REVIEW,zero preservado e não assumido como medição válida,NONE
3500065098,SGB_HIDRO_MS_2024_POCOS,profundida,0.0,ZERO_REQUIRES_REVIEW,REVIEW,zero preservado; provável ausência administrativa em parte dos registros,NONE
3500065098,SGB_HIDRO_MS_2024_POCOS,Cond_Eletr,0.0,ZERO_REQUIRES_REVIEW,REVIEW,zero preservado e não assumido como medição válida,NONE
3500065099,SGB_HIDRO_MS_2024_POCOS,profundida,0.0,ZERO_REQUIRES_REVIEW,REVIEW,zero preservado; provável ausência administrativa em parte dos registros,NONE
3500065099,SGB_HIDRO_MS_2024_POCOS,Cond_Eletr,0.0,ZERO_REQUIRES_REVIEW,REVIEW,zero preservado e não assumido como medição válida,NONE
3500065100,SGB_HIDRO_MS_2024_POCOS,profundida,0.0,ZERO_REQUIRES_REVIEW,REVIEW,zero preservado; provável ausência administrativa em parte dos registros,NONE
3500065100,SGB_HIDRO_MS_2024_POCOS,Cond_Eletr,0.0,ZERO_REQUIRES_REVIEW,REVIEW,zero preservado e não assumido como medição válida,NONE
3500065101,SGB_HIDRO_MS_2024_POCOS,profundida,0.0,ZERO_REQUIRES_REVIEW,REVIEW,zero preservado; provável ausência administrativa em parte dos registros,NONE
3500065101,SGB_HIDRO_MS_2024_POCOS,Cond_Eletr,0.0,ZERO_REQUIRES_REVIEW,REVIEW,zero preservado e não assumido como medição válida,NONE
3500065102,SGB_HIDRO_MS_2024_POCOS,profundida,0.0,ZERO_REQUIRES_REVIEW,REVIEW,zero preservado; provável ausência administrativa em parte dos registros,NONE
3500065102,SGB_HIDRO_MS_2024_POCOS,vazao_espe,0.0,ZERO_REQUIRES_REVIEW,REVIEW,zero preservado e não assumido como medição válida,NONE
3500065103,SGB_HIDRO_MS_2024_POCOS,profundida,0.0,ZERO_REQUIRES_REVIEW,REVIEW,zero preservado; provável ausência administrativa em parte dos registros,NONE
3500065103,SGB_HIDRO_MS_2024_POCOS,vazao_espe,0.0,ZERO_REQUIRES_REVIEW,REVIEW,zero preservado e não assumido como medição válida,NONE
3500065103,SGB_HIDRO_MS_2024_POCOS,Cond_Eletr,0.0,ZERO_REQUIRES_REVIEW,REVIEW,zero preservado e não assumido como medição válida,NONE
3500065104,SGB_HIDRO_MS_2024_POCOS,profundida,0.0,ZERO_REQUIRES_REVIEW,REVIEW,zero preservado; provável ausência administrativa em parte dos registros,NONE
3500065104,SGB_HIDRO_MS_2024_POCOS,vazao_espe,0.0,ZERO_REQUIRES_REVIEW,REVIEW,zero preservado e não assumido como medição válida,NONE
3500065104,SGB_HIDRO_MS_2024_POCOS,Cond_Eletr,0.0,ZERO_REQUIRES_REVIEW,REVIEW,zero preservado e não assumido como medição válida,NONE
3500065105,SGB_HIDRO_MS_2024_POCOS,profundida,0.0,ZERO_REQUIRES_REVIEW,REVIEW,zero preservado; provável ausência administrativa em parte dos registros,NONE
3500065105,SGB_HIDRO_MS_2024_POCOS,vazao_espe,0.0,ZERO_REQUIRES_REVIEW,REVIEW,zero preservado e não assumido como medição válida,NONE
3500065105,SGB_HIDRO_MS_2024_POCOS,Cond_Eletr,0.0,ZERO_REQUIRES_REVIEW,REVIEW,zero preservado e não assumido como medição válida,NONE
3500065106,SGB_HIDRO_MS_2024_POCOS,profundida,0.0,ZERO_REQUIRES_REVIEW,REVIEW,zero preservado; provável ausência administrativa em parte dos registros,NONE
3500065106,SGB_HIDRO_MS_2024_POCOS,vazao_espe,0.0,ZERO_REQUIRES_REVIEW,REVIEW,zero preservado e não assumido como medição válida,NONE
3500065107,SGB_HIDRO_MS_2024_POCOS,profundida,0.0,ZERO_REQUIRES_REVIEW,REVIEW,zero preservado; provável ausência administrativa em parte dos registros,NONE
3500065107,SGB_HIDRO_MS_2024_POCOS,vazao_espe,0.0,ZERO_REQUIRES_REVIEW,REVIEW,zero preservado e não assumido como medição válida,NONE
3500065107,SGB_HIDRO_MS_2024_POCOS,Cond_Eletr,0.0,ZERO_REQUIRES_REVIEW,REVIEW,zero preservado e não assumido como medição válida,NONE
3500065108,SGB_HIDRO_MS_2024_POCOS,profundida,0.0,ZERO_REQUIRES_REVIEW,REVIEW,zero preservado; provável ausência administrativa em parte dos registros,NONE
3500065108,SGB_HIDRO_MS_2024_POCOS,vazao_espe,0.0,ZERO_REQUIRES_REVIEW,REVIEW,zero preservado e não assumido como medição válida,NONE
3500065108,SGB_HIDRO_MS_2024_POCOS,Cond_Eletr,0.0,ZERO_REQUIRES_REVIEW,REVIEW,zero preservado e não assumido como medição válida,NONE
3500065109,SGB_HIDRO_MS_2024_POCOS,profundida,0.0,ZERO_REQUIRES_REVIEW,REVIEW,zero preservado; provável ausência administrativa em parte dos registros,NONE
3500065109,SGB_HIDRO_MS_2024_POCOS,vazao_espe,0.0,ZERO_REQUIRES_REVIEW,REVIEW,zero preservado e não assumido como medição válida,NONE
3500065109,SGB_HIDRO_MS_2024_POCOS,Cond_Eletr,0.0,ZERO_REQUIRES_REVIEW,REVIEW,zero preservado e não assumido como medição válida,NONE
3500065110,SGB_HIDRO_MS_2024_POCOS,profundida,0.0,ZERO_REQUIRES_REVIEW,REVIEW,zero preservado; provável ausência administrativa em parte dos registros,NONE
3500065111,SGB_HIDRO_MS_2024_POCOS,profundida,0.0,ZERO_REQUIRES_REVIEW,REVIEW,zero preservado; provável ausência administrativa em parte dos registros,NONE
3500065111,SGB_HIDRO_MS_2024_POCOS,Cond_Eletr,0.0,ZERO_REQUIRES_REVIEW,REVIEW,zero preservado e não assumido como medição válida,NONE
3500065112,SGB_HIDRO_MS_2024_POCOS,profundida,0.0,ZERO_REQUIRES_REVIEW,REVIEW,zero preservado; provável ausência administrativa em parte dos registros,NONE
3500065112,SGB_HIDRO_MS_2024_POCOS,profundi_1,0.0,ZERO_REQUIRES_REVIEW,REVIEW,zero preservado; provável ausência administrativa em parte dos registros,NONE
3500065112,SGB_HIDRO_MS_2024_POCOS,vazao_espe,0.0,ZERO_REQUIRES_REVIEW,REVIEW,zero preservado e não assumido como medição válida,NONE
3500065113,SGB_HIDRO_MS_2024_POCOS,profundida,0.0,ZERO_REQUIRES_REVIEW,REVIEW,zero preservado; provável ausência administrativa em parte dos registros,NONE
3500065113,SGB_HIDRO_MS_2024_POCOS,profundi_1,0.0,ZERO_REQUIRES_REVIEW,REVIEW,zero preservado; provável ausência administrativa em parte dos registros,NONE
3500065113,SGB_HIDRO_MS_2024_POCOS,vazao_espe,0.0,ZERO_REQUIRES_REVIEW,REVIEW,zero preservado e não assumido como medição válida,NONE
3500065114,SGB_HIDRO_MS_2024_POCOS,profundida,0.0,ZERO_REQUIRES_REVIEW,REVIEW,zero preservado; provável ausência administrativa em parte dos registros,NONE
3500065115,SGB_HIDRO_MS_2024_POCOS,profundida,0.0,ZERO_REQUIRES_REVIEW,REVIEW,zero preservado; provável ausência administrativa em parte dos registros,NONE
3500065115,SGB_HIDRO_MS_2024_POCOS,Cond_Eletr,0.0,ZERO_REQUIRES_REVIEW,REVIEW,zero preservado e não assumido como medição válida,NONE
3500065116,SGB_HIDRO_MS_2024_POCOS,profundida,0.0,ZERO_REQUIRES_REVIEW,REVIEW,zero preservado; provável ausência administrativa em parte dos registros,NONE
3500065116,SGB_HIDRO_MS_2024_POCOS,vazao_espe,0.0,ZERO_REQUIRES_REVIEW,REVIEW,zero preservado e não assumido como medição válida,NONE
3500065116,SGB_HIDRO_MS_2024_POCOS,Cond_Eletr,0.0,ZERO_REQUIRES_REVIEW,REVIEW,zero preservado e não assumido como medição válida,NONE
3500065117,SGB_HIDRO_MS_2024_POCOS,profundida,0.0,ZERO_REQUIRES_REVIEW,REVIEW,zero preservado; provável ausência administrativa em parte dos registros,NONE
3500065117,SGB_HIDRO_MS_2024_POCOS,Cond_Eletr,0.0,ZERO_REQUIRES_REVIEW,REVIEW,zero preservado e não assumido como medição válida,NONE
3500065118,SGB_HIDRO_MS_2024_POCOS,profundida,0.0,ZERO_REQUIRES_REVIEW,REVIEW,zero preservado; provável ausência administrativa em parte dos registros,NONE
3500065118,SGB_HIDRO_MS_2024_POCOS,vazao_espe,0.0,ZERO_REQUIRES_REVIEW,REVIEW,zero preservado e não assumido como medição válida,NONE
3500065118,SGB_HIDRO_MS_2024_POCOS,Cond_Eletr,0.0,ZERO_REQUIRES_REVIEW,REVIEW,zero preservado e não assumido como medição válida,NONE
3500065119,SGB_HIDRO_MS_2024_POCOS,profundida,0.0,ZERO_REQUIRES_REVIEW,REVIEW,zero preservado; provável ausência administrativa em parte dos registros,NONE
3500065120,SGB_HIDRO_MS_2024_POCOS,profundida,0.0,ZERO_REQUIRES_REVIEW,REVIEW,zero preservado; provável ausência administrativa em parte dos registros,NONE
3500065120,SGB_HIDRO_MS_2024_POCOS,Cond_Eletr,0.0,ZERO_REQUIRES_REVIEW,REVIEW,zero preservado e não assumido como medição válida,NONE
3500065121,SGB_HIDRO_MS_2024_POCOS,profundida,0.0,ZERO_REQUIRES_REVIEW,REVIEW,zero preservado; provável ausência administrativa em parte dos registros,NONE
3500065121,SGB_HIDRO_MS_2024_POCOS,Cond_Eletr,0.0,ZERO_REQUIRES_REVIEW,REVIEW,zero preservado e não assumido como medição válida,NONE
3500065122,SGB_HIDRO_MS_2024_POCOS,profundida,0.0,ZERO_REQUIRES_REVIEW,REVIEW,zero preservado; provável ausência administrativa em parte dos registros,NONE
3500065122,SGB_HIDRO_MS_2024_POCOS,Cond_Eletr,0.0,ZERO_REQUIRES_REVIEW,REVIEW,zero preservado e não assumido como medição válida,NONE
3500065123,SGB_HIDRO_MS_2024_POCOS,profundida,0.0,ZERO_REQUIRES_REVIEW,REVIEW,zero preservado; provável ausência administrativa em parte dos registros,NONE
3500065123,SGB_HIDRO_MS_2024_POCOS,Cond_Eletr,0.0,ZERO_REQUIRES_REVIEW,REVIEW,zero preservado e não assumido como medição válida,NONE
3500065124,SGB_HIDRO_MS_2024_POCOS,profundida,0.0,ZERO_REQUIRES_REVIEW,REVIEW,zero preservado; provável ausência administrativa em parte dos registros,NONE
3500065124,SGB_HIDRO_MS_2024_POCOS,vazao_espe,0.0,ZERO_REQUIRES_REVIEW,REVIEW,zero preservado e não assumido como medição válida,NONE
3500065125,SGB_HIDRO_MS_2024_POCOS,profundida,0.0,ZERO_REQUIRES_REVIEW,REVIEW,zero preservado; provável ausência administrativa em parte dos registros,NONE
3500065125,SGB_HIDRO_MS_2024_POCOS,vazao_espe,0.0,ZERO_REQUIRES_REVIEW,REVIEW,zero preservado e não assumido como medição válida,NONE
3500065126,SGB_HIDRO_MS_2024_POCOS,profundida,0.0,ZERO_REQUIRES_REVIEW,REVIEW,zero preservado; provável ausência administrativa em parte dos registros,NONE
3500065126,SGB_HIDRO_MS_2024_POCOS,vazao_espe,0.0,ZERO_REQUIRES_REVIEW,REVIEW,zero preservado e não assumido como medição válida,NONE
3500065126,SGB_HIDRO_MS_2024_POCOS,Cond_Eletr,0.0,ZERO_REQUIRES_REVIEW,REVIEW,zero preservado e não assumido como medição válida,NONE
3500065127,SGB_HIDRO_MS_2024_POCOS,profundida,0.0,ZERO_REQUIRES_REVIEW,REVIEW,zero preservado; provável ausência administrativa em parte dos registros,NONE
3500065127,SGB_HIDRO_MS_2024_POCOS,vazao_espe,0.0,ZERO_REQUIRES_REVIEW,REVIEW,zero preservado e não assumido como medição válida,NONE
3500065127,SGB_HIDRO_MS_2024_POCOS,Cond_Eletr,0.0,ZERO_REQUIRES_REVIEW,REVIEW,zero preservado e não assumido como medição válida,NONE
3500065128,SGB_HIDRO_MS_2024_POCOS,profundida,0.0,ZERO_REQUIRES_REVIEW,REVIEW,zero preservado; provável ausência administrativa em parte dos registros,NONE
3500065129,SGB_HIDRO_MS_2024_POCOS,profundida,0.0,ZERO_REQUIRES_REVIEW,REVIEW,zero preservado; provável ausência administrativa em parte dos registros,NONE
3500065130,SGB_HIDRO_MS_2024_POCOS,profundida,0.0,ZERO_REQUIRES_REVIEW,REVIEW,zero preservado; provável ausência administrativa em parte dos registros,NONE
3500065130,SGB_HIDRO_MS_2024_POCOS,Cond_Eletr,0.0,ZERO_REQUIRES_REVIEW,REVIEW,zero preservado e não assumido como medição válida,NONE
3500065131,SGB_HIDRO_MS_2024_POCOS,profundida,0.0,ZERO_REQUIRES_REVIEW,REVIEW,zero preservado; provável ausência administrativa em parte dos registros,NONE
3500065131,SGB_HIDRO_MS_2024_POCOS,Cond_Eletr,0.0,ZERO_REQUIRES_REVIEW,REVIEW,zero preservado e não assumido como medição válida,NONE
3500065132,SGB_HIDRO_MS_2024_POCOS,profundida,0.0,ZERO_REQUIRES_REVIEW,REVIEW,zero preservado; provável ausência administrativa em parte dos registros,NONE
3500065133,SGB_HIDRO_MS_2024_POCOS,profundida,0.0,ZERO_REQUIRES_REVIEW,REVIEW,zero preservado; provável ausência administrativa em parte dos registros,NONE
3500065133,SGB_HIDRO_MS_2024_POCOS,vazao_espe,0.0,ZERO_REQUIRES_REVIEW,REVIEW,zero preservado e não assumido como medição válida,NONE
3500065134,SGB_HIDRO_MS_2024_POCOS,profundida,0.0,ZERO_REQUIRES_REVIEW,REVIEW,zero preservado; provável ausência administrativa em parte dos registros,NONE
3500065134,SGB_HIDRO_MS_2024_POCOS,vazao_espe,0.0,ZERO_REQUIRES_REVIEW,REVIEW,zero preservado e não assumido como medição válida,NONE
3500065135,SGB_HIDRO_MS_2024_POCOS,profundida,0.0,ZERO_REQUIRES_REVIEW,REVIEW,zero preservado; provável ausência administrativa em parte dos registros,NONE
3500065135,SGB_HIDRO_MS_2024_POCOS,vazao_espe,0.0,ZERO_REQUIRES_REVIEW,REVIEW,zero preservado e não assumido como medição válida,NONE
3500065135,SGB_HIDRO_MS_2024_POCOS,Cond_Eletr,0.0,ZERO_REQUIRES_REVIEW,REVIEW,zero preservado e não assumido como medição válida,NONE
3500065136,SGB_HIDRO_MS_2024_POCOS,profundida,0.0,ZERO_REQUIRES_REVIEW,REVIEW,zero preservado; provável ausência administrativa em parte dos registros,NONE
3500065136,SGB_HIDRO_MS_2024_POCOS,vazao_espe,0.0,ZERO_REQUIRES_REVIEW,REVIEW,zero preservado e não assumido como medição válida,NONE
3500065136,SGB_HIDRO_MS_2024_POCOS,Cond_Eletr,0.0,ZERO_REQUIRES_REVIEW,REVIEW,zero preservado e não assumido como medição válida,NONE
3500065137,SGB_HIDRO_MS_2024_POCOS,profundida,0.0,ZERO_REQUIRES_REVIEW,REVIEW,zero preservado; provável ausência administrativa em parte dos registros,NONE
3500065137,SGB_HIDRO_MS_2024_POCOS,vazao_espe,0.0,ZERO_REQUIRES_REVIEW,REVIEW,zero preservado e não assumido como medição válida,NONE
3500065137,SGB_HIDRO_MS_2024_POCOS,Cond_Eletr,0.0,ZERO_REQUIRES_REVIEW,REVIEW,zero preservado e não assumido como medição válida,NONE
3500065138,SGB_HIDRO_MS_2024_POCOS,profundida,0.0,ZERO_REQUIRES_REVIEW,REVIEW,zero preservado; provável ausência administrativa em parte dos registros,NONE
3500065138,SGB_HIDRO_MS_2024_POCOS,vazao_espe,0.0,ZERO_REQUIRES_REVIEW,REVIEW,zero preservado e não assumido como medição válida,NONE
3500065138,SGB_HIDRO_MS_2024_POCOS,Cond_Eletr,0.0,ZERO_REQUIRES_REVIEW,REVIEW,zero preservado e não assumido como medição válida,NONE
3500065139,SGB_HIDRO_MS_2024_POCOS,profundida,0.0,ZERO_REQUIRES_REVIEW,REVIEW,zero preservado; provável ausência administrativa em parte dos registros,NONE
3500065139,SGB_HIDRO_MS_2024_POCOS,vazao_espe,0.0,ZERO_REQUIRES_REVIEW,REVIEW,zero preservado e não assumido como medição válida,NONE
3500065139,SGB_HIDRO_MS_2024_POCOS,Cond_Eletr,0.0,ZERO_REQUIRES_REVIEW,REVIEW,zero preservado e não assumido como medição válida,NONE
3500065140,SGB_HIDRO_MS_2024_POCOS,profundida,0.0,ZERO_REQUIRES_REVIEW,REVIEW,zero preservado; provável ausência administrativa em parte dos registros,NONE
3500065140,SGB_HIDRO_MS_2024_POCOS,vazao_espe,0.0,ZERO_REQUIRES_REVIEW,REVIEW,zero preservado e não assumido como medição válida,NONE
3500065165,SGB_HIDRO_MS_2024_POCOS,profundida,0.0,ZERO_REQUIRES_REVIEW,REVIEW,zero preservado; provável ausência administrativa em parte dos registros,NONE
3500065165,SGB_HIDRO_MS_2024_POCOS,vazao_espe,0.0,ZERO_REQUIRES_REVIEW,REVIEW,zero preservado e não assumido como medição válida,NONE
3500067279,SGB_HIDRO_MS_2024_POCOS,profundida,0.0,ZERO_REQUIRES_REVIEW,REVIEW,zero preservado; provável ausência administrativa em parte dos registros,NONE
3500067279,SGB_HIDRO_MS_2024_POCOS,vazao_espe,0.0,ZERO_REQUIRES_REVIEW,REVIEW,zero preservado e não assumido como medição válida,NONE
3500067279,SGB_HIDRO_MS_2024_POCOS,Cond_Eletr,0.0,ZERO_REQUIRES_REVIEW,REVIEW,zero preservado e não assumido como medição válida,NONE
3500067280,SGB_HIDRO_MS_2024_POCOS,profundida,0.0,ZERO_REQUIRES_REVIEW,REVIEW,zero preservado; provável ausência administrativa em parte dos registros,NONE
3500067280,SGB_HIDRO_MS_2024_POCOS,vazao_espe,0.0,ZERO_REQUIRES_REVIEW,REVIEW,zero preservado e não assumido como medição válida,NONE
3500067280,SGB_HIDRO_MS_2024_POCOS,Cond_Eletr,0.0,ZERO_REQUIRES_REVIEW,REVIEW,zero preservado e não assumido como medição válida,NONE
3500067281,SGB_HIDRO_MS_2024_POCOS,profundida,0.0,ZERO_REQUIRES_REVIEW,REVIEW,zero preservado; provável ausência administrativa em parte dos registros,NONE
3500067281,SGB_HIDRO_MS_2024_POCOS,vazao_espe,0.0,ZERO_REQUIRES_REVIEW,REVIEW,zero preservado e não assumido como medição válida,NONE
3500067281,SGB_HIDRO_MS_2024_POCOS,Cond_Eletr,0.0,ZERO_REQUIRES_REVIEW,REVIEW,zero preservado e não assumido como medição válida,NONE
3500067282,SGB_HIDRO_MS_2024_POCOS,profundida,0.0,ZERO_REQUIRES_REVIEW,REVIEW,zero preservado; provável ausência administrativa em parte dos registros,NONE
3500067282,SGB_HIDRO_MS_2024_POCOS,vazao_espe,0.0,ZERO_REQUIRES_REVIEW,REVIEW,zero preservado e não assumido como medição válida,NONE
3500067282,SGB_HIDRO_MS_2024_POCOS,Cond_Eletr,0.0,ZERO_REQUIRES_REVIEW,REVIEW,zero preservado e não assumido como medição válida,NONE
3500067283,SGB_HIDRO_MS_2024_POCOS,profundida,0.0,ZERO_REQUIRES_REVIEW,REVIEW,zero preservado; provável ausência administrativa em parte dos registros,NONE
3500067283,SGB_HIDRO_MS_2024_POCOS,Cond_Eletr,0.0,ZERO_REQUIRES_REVIEW,REVIEW,zero preservado e não assumido como medição válida,NONE
3500067284,SGB_HIDRO_MS_2024_POCOS,profundida,0.0,ZERO_REQUIRES_REVIEW,REVIEW,zero preservado; provável ausência administrativa em parte dos registros,NONE
3500067284,SGB_HIDRO_MS_2024_POCOS,vazao_espe,0.0,ZERO_REQUIRES_REVIEW,REVIEW,zero preservado e não assumido como medição válida,NONE
3500067284,SGB_HIDRO_MS_2024_POCOS,Cond_Eletr,0.0,ZERO_REQUIRES_REVIEW,REVIEW,zero preservado e não assumido como medição válida,NONE
3500067285,SGB_HIDRO_MS_2024_POCOS,profundida,0.0,ZERO_REQUIRES_REVIEW,REVIEW,zero preservado; provável ausência administrativa em parte dos registros,NONE
3500067285,SGB_HIDRO_MS_2024_POCOS,Cond_Eletr,0.0,ZERO_REQUIRES_REVIEW,REVIEW,zero preservado e não assumido como medição válida,NONE
3500067286,SGB_HIDRO_MS_2024_POCOS,profundida,0.0,ZERO_REQUIRES_REVIEW,REVIEW,zero preservado; provável ausência administrativa em parte dos registros,NONE
3500067286,SGB_HIDRO_MS_2024_POCOS,Cond_Eletr,0.0,ZERO_REQUIRES_REVIEW,REVIEW,zero preservado e não assumido como medição válida,NONE
3500067287,SGB_HIDRO_MS_2024_POCOS,profundida,0.0,ZERO_REQUIRES_REVIEW,REVIEW,zero preservado; provável ausência administrativa em parte dos registros,NONE
3500067287,SGB_HIDRO_MS_2024_POCOS,Cond_Eletr,0.0,ZERO_REQUIRES_REVIEW,REVIEW,zero preservado e não assumido como medição válida,NONE
3500067288,SGB_HIDRO_MS_2024_POCOS,profundida,0.0,ZERO_REQUIRES_REVIEW,REVIEW,zero preservado; provável ausência administrativa em parte dos registros,NONE
3500067288,SGB_HIDRO_MS_2024_POCOS,vazao_espe,0.0,ZERO_REQUIRES_REVIEW,REVIEW,zero preservado e não assumido como medição válida,NONE
3500067288,SGB_HIDRO_MS_2024_POCOS,Cond_Eletr,0.0,ZERO_REQUIRES_REVIEW,REVIEW,zero preservado e não assumido como medição válida,NONE
3500067319,SGB_HIDRO_MS_2024_POCOS,profundida,0.0,ZERO_REQUIRES_REVIEW,REVIEW,zero preservado; provável ausência administrativa em parte dos registros,NONE
3500067319,SGB_HIDRO_MS_2024_POCOS,vazao_espe,0.0,ZERO_REQUIRES_REVIEW,REVIEW,zero preservado e não assumido como medição válida,NONE
3500067319,SGB_HIDRO_MS_2024_POCOS,Cond_Eletr,0.0,ZERO_REQUIRES_REVIEW,REVIEW,zero preservado e não assumido como medição válida,NONE
3500067320,SGB_HIDRO_MS_2024_POCOS,profundida,0.0,ZERO_REQUIRES_REVIEW,REVIEW,zero preservado; provável ausência administrativa em parte dos registros,NONE
3500067320,SGB_HIDRO_MS_2024_POCOS,Cond_Eletr,0.0,ZERO_REQUIRES_REVIEW,REVIEW,zero preservado e não assumido como medição válida,NONE
3500067321,SGB_HIDRO_MS_2024_POCOS,profundida,0.0,ZERO_REQUIRES_REVIEW,REVIEW,zero preservado; provável ausência administrativa em parte dos registros,NONE
3500067321,SGB_HIDRO_MS_2024_POCOS,vazao_espe,0.0,ZERO_REQUIRES_REVIEW,REVIEW,zero preservado e não assumido como medição válida,NONE
3500067321,SGB_HIDRO_MS_2024_POCOS,Cond_Eletr,0.0,ZERO_REQUIRES_REVIEW,REVIEW,zero preservado e não assumido como medição válida,NONE
3500067322,SGB_HIDRO_MS_2024_POCOS,profundida,0.0,ZERO_REQUIRES_REVIEW,REVIEW,zero preservado; provável ausência administrativa em parte dos registros,NONE
3500067322,SGB_HIDRO_MS_2024_POCOS,Cond_Eletr,0.0,ZERO_REQUIRES_REVIEW,REVIEW,zero preservado e não assumido como medição válida,NONE
3500067323,SGB_HIDRO_MS_2024_POCOS,profundida,0.0,ZERO_REQUIRES_REVIEW,REVIEW,zero preservado; provável ausência administrativa em parte dos registros,NONE
3500067323,SGB_HIDRO_MS_2024_POCOS,Cond_Eletr,0.0,ZERO_REQUIRES_REVIEW,REVIEW,zero preservado e não assumido como medição válida,NONE
3500067384,SGB_HIDRO_MS_2024_POCOS,profundida,0.0,ZERO_REQUIRES_REVIEW,REVIEW,zero preservado; provável ausência administrativa em parte dos registros,NONE
3500067384,SGB_HIDRO_MS_2024_POCOS,Cond_Eletr,0.0,ZERO_REQUIRES_REVIEW,REVIEW,zero preservado e não assumido como medição válida,NONE
3500067385,SGB_HIDRO_MS_2024_POCOS,profundida,0.0,ZERO_REQUIRES_REVIEW,REVIEW,zero preservado; provável ausência administrativa em parte dos registros,NONE
3500067385,SGB_HIDRO_MS_2024_POCOS,vazao_espe,0.0,ZERO_REQUIRES_REVIEW,REVIEW,zero preservado e não assumido como medição válida,NONE
3500067385,SGB_HIDRO_MS_2024_POCOS,Cond_Eletr,0.0,ZERO_REQUIRES_REVIEW,REVIEW,zero preservado e não assumido como medição válida,NONE
3500067386,SGB_HIDRO_MS_2024_POCOS,profundida,0.0,ZERO_REQUIRES_REVIEW,REVIEW,zero preservado; provável ausência administrativa em parte dos registros,NONE
3500067386,SGB_HIDRO_MS_2024_POCOS,Cond_Eletr,0.0,ZERO_REQUIRES_REVIEW,REVIEW,zero preservado e não assumido como medição válida,NONE
3500067387,SGB_HIDRO_MS_2024_POCOS,profundida,0.0,ZERO_REQUIRES_REVIEW,REVIEW,zero preservado; provável ausência administrativa em parte dos registros,NONE
3500067387,SGB_HIDRO_MS_2024_POCOS,Cond_Eletr,0.0,ZERO_REQUIRES_REVIEW,REVIEW,zero preservado e não assumido como medição válida,NONE
3500067388,SGB_HIDRO_MS_2024_POCOS,profundida,0.0,ZERO_REQUIRES_REVIEW,REVIEW,zero preservado; provável ausência administrativa em parte dos registros,NONE
3500067388,SGB_HIDRO_MS_2024_POCOS,Cond_Eletr,0.0,ZERO_REQUIRES_REVIEW,REVIEW,zero preservado e não assumido como medição válida,NONE
3500067494,SGB_HIDRO_MS_2024_POCOS,profundida,0.0,ZERO_REQUIRES_REVIEW,REVIEW,zero preservado; provável ausência administrativa em parte dos registros,NONE
3500067494,SGB_HIDRO_MS_2024_POCOS,Cond_Eletr,0.0,ZERO_REQUIRES_REVIEW,REVIEW,zero preservado e não assumido como medição válida,NONE
3500067495,SGB_HIDRO_MS_2024_POCOS,profundida,0.0,ZERO_REQUIRES_REVIEW,REVIEW,zero preservado; provável ausência administrativa em parte dos registros,NONE
3500067495,SGB_HIDRO_MS_2024_POCOS,vazao_espe,0.0,ZERO_REQUIRES_REVIEW,REVIEW,zero preservado e não assumido como medição válida,NONE
3500067495,SGB_HIDRO_MS_2024_POCOS,Cond_Eletr,0.0,ZERO_REQUIRES_REVIEW,REVIEW,zero preservado e não assumido como medição válida,NONE
3500067496,SGB_HIDRO_MS_2024_POCOS,profundida,0.0,ZERO_REQUIRES_REVIEW,REVIEW,zero preservado; provável ausência administrativa em parte dos registros,NONE
3500067496,SGB_HIDRO_MS_2024_POCOS,vazao_espe,0.0,ZERO_REQUIRES_REVIEW,REVIEW,zero preservado e não assumido como medição válida,NONE
3500067496,SGB_HIDRO_MS_2024_POCOS,Cond_Eletr,0.0,ZERO_REQUIRES_REVIEW,REVIEW,zero preservado e não assumido como medição válida,NONE
3500067497,SGB_HIDRO_MS_2024_POCOS,profundida,0.0,ZERO_REQUIRES_REVIEW,REVIEW,zero preservado; provável ausência administrativa em parte dos registros,NONE
3500067497,SGB_HIDRO_MS_2024_POCOS,Cond_Eletr,0.0,ZERO_REQUIRES_REVIEW,REVIEW,zero preservado e não assumido como medição válida,NONE
3500067498,SGB_HIDRO_MS_2024_POCOS,profundida,0.0,ZERO_REQUIRES_REVIEW,REVIEW,zero preservado; provável ausência administrativa em parte dos registros,NONE
3500067498,SGB_HIDRO_MS_2024_POCOS,vazao_espe,0.0,ZERO_REQUIRES_REVIEW,REVIEW,zero preservado e não assumido como medição válida,NONE
3500067498,SGB_HIDRO_MS_2024_POCOS,Cond_Eletr,0.0,ZERO_REQUIRES_REVIEW,REVIEW,zero preservado e não assumido como medição válida,NONE
3500067664,SGB_HIDRO_MS_2024_POCOS,profundida,0.0,ZERO_REQUIRES_REVIEW,REVIEW,zero preservado; provável ausência administrativa em parte dos registros,NONE
3500067664,SGB_HIDRO_MS_2024_POCOS,Cond_Eletr,0.0,ZERO_REQUIRES_REVIEW,REVIEW,zero preservado e não assumido como medição válida,NONE
3500067665,SGB_HIDRO_MS_2024_POCOS,profundida,0.0,ZERO_REQUIRES_REVIEW,REVIEW,zero preservado; provável ausência administrativa em parte dos registros,NONE
3500067665,SGB_HIDRO_MS_2024_POCOS,Cond_Eletr,0.0,ZERO_REQUIRES_REVIEW,REVIEW,zero preservado e não assumido como medição válida,NONE
3500067666,SGB_HIDRO_MS_2024_POCOS,profundida,0.0,ZERO_REQUIRES_REVIEW,REVIEW,zero preservado; provável ausência administrativa em parte dos registros,NONE
3500067666,SGB_HIDRO_MS_2024_POCOS,Cond_Eletr,0.0,ZERO_REQUIRES_REVIEW,REVIEW,zero preservado e não assumido como medição válida,NONE
3500067667,SGB_HIDRO_MS_2024_POCOS,profundida,0.0,ZERO_REQUIRES_REVIEW,REVIEW,zero preservado; provável ausência administrativa em parte dos registros,NONE
3500067667,SGB_HIDRO_MS_2024_POCOS,Cond_Eletr,0.0,ZERO_REQUIRES_REVIEW,REVIEW,zero preservado e não assumido como medição válida,NONE
3500067668,SGB_HIDRO_MS_2024_POCOS,profundida,0.0,ZERO_REQUIRES_REVIEW,REVIEW,zero preservado; provável ausência administrativa em parte dos registros,NONE
3500067668,SGB_HIDRO_MS_2024_POCOS,Cond_Eletr,0.0,ZERO_REQUIRES_REVIEW,REVIEW,zero preservado e não assumido como medição válida,NONE
3500067699,SGB_HIDRO_MS_2024_POCOS,profundida,0.0,ZERO_REQUIRES_REVIEW,REVIEW,zero preservado; provável ausência administrativa em parte dos registros,NONE
3500067699,SGB_HIDRO_MS_2024_POCOS,Cond_Eletr,0.0,ZERO_REQUIRES_REVIEW,REVIEW,zero preservado e não assumido como medição válida,NONE
3500067700,SGB_HIDRO_MS_2024_POCOS,profundida,0.0,ZERO_REQUIRES_REVIEW,REVIEW,zero preservado; provável ausência administrativa em parte dos registros,NONE
3500067700,SGB_HIDRO_MS_2024_POCOS,Cond_Eletr,0.0,ZERO_REQUIRES_REVIEW,REVIEW,zero preservado e não assumido como medição válida,NONE
3500067701,SGB_HIDRO_MS_2024_POCOS,profundida,0.0,ZERO_REQUIRES_REVIEW,REVIEW,zero preservado; provável ausência administrativa em parte dos registros,NONE
3500067701,SGB_HIDRO_MS_2024_POCOS,Cond_Eletr,0.0,ZERO_REQUIRES_REVIEW,REVIEW,zero preservado e não assumido como medição válida,NONE
3500067702,SGB_HIDRO_MS_2024_POCOS,profundida,0.0,ZERO_REQUIRES_REVIEW,REVIEW,zero preservado; provável ausência administrativa em parte dos registros,NONE
3500067702,SGB_HIDRO_MS_2024_POCOS,Cond_Eletr,0.0,ZERO_REQUIRES_REVIEW,REVIEW,zero preservado e não assumido como medição válida,NONE
3500067703,SGB_HIDRO_MS_2024_POCOS,profundida,0.0,ZERO_REQUIRES_REVIEW,REVIEW,zero preservado; provável ausência administrativa em parte dos registros,NONE
3500067703,SGB_HIDRO_MS_2024_POCOS,Cond_Eletr,0.0,ZERO_REQUIRES_REVIEW,REVIEW,zero preservado e não assumido como medição válida,NONE
3500067704,SGB_HIDRO_MS_2024_POCOS,profundida,0.0,ZERO_REQUIRES_REVIEW,REVIEW,zero preservado; provável ausência administrativa em parte dos registros,NONE
3500067704,SGB_HIDRO_MS_2024_POCOS,Cond_Eletr,0.0,ZERO_REQUIRES_REVIEW,REVIEW,zero preservado e não assumido como medição válida,NONE
3500067705,SGB_HIDRO_MS_2024_POCOS,profundida,0.0,ZERO_REQUIRES_REVIEW,REVIEW,zero preservado; provável ausência administrativa em parte dos registros,NONE
3500067705,SGB_HIDRO_MS_2024_POCOS,Cond_Eletr,0.0,ZERO_REQUIRES_REVIEW,REVIEW,zero preservado e não assumido como medição válida,NONE
3500067706,SGB_HIDRO_MS_2024_POCOS,profundida,0.0,ZERO_REQUIRES_REVIEW,REVIEW,zero preservado; provável ausência administrativa em parte dos registros,NONE
3500067706,SGB_HIDRO_MS_2024_POCOS,Cond_Eletr,0.0,ZERO_REQUIRES_REVIEW,REVIEW,zero preservado e não assumido como medição válida,NONE
3500067707,SGB_HIDRO_MS_2024_POCOS,profundida,0.0,ZERO_REQUIRES_REVIEW,REVIEW,zero preservado; provável ausência administrativa em parte dos registros,NONE
3500067707,SGB_HIDRO_MS_2024_POCOS,vazao_espe,0.0,ZERO_REQUIRES_REVIEW,REVIEW,zero preservado e não assumido como medição válida,NONE
3500067707,SGB_HIDRO_MS_2024_POCOS,Cond_Eletr,0.0,ZERO_REQUIRES_REVIEW,REVIEW,zero preservado e não assumido como medição válida,NONE
3500067708,SGB_HIDRO_MS_2024_POCOS,profundida,0.0,ZERO_REQUIRES_REVIEW,REVIEW,zero preservado; provável ausência administrativa em parte dos registros,NONE
3500067708,SGB_HIDRO_MS_2024_POCOS,vazao_espe,0.0,ZERO_REQUIRES_REVIEW,REVIEW,zero preservado e não assumido como medição válida,NONE
3500067708,SGB_HIDRO_MS_2024_POCOS,Cond_Eletr,0.0,ZERO_REQUIRES_REVIEW,REVIEW,zero preservado e não assumido como medição válida,NONE
3500067709,SGB_HIDRO_MS_2024_POCOS,profundida,0.0,ZERO_REQUIRES_REVIEW,REVIEW,zero preservado; provável ausência administrativa em parte dos registros,NONE
3500067709,SGB_HIDRO_MS_2024_POCOS,vazao_espe,0.0,ZERO_REQUIRES_REVIEW,REVIEW,zero preservado e não assumido como medição válida,NONE
3500067709,SGB_HIDRO_MS_2024_POCOS,Cond_Eletr,0.0,ZERO_REQUIRES_REVIEW,REVIEW,zero preservado e não assumido como medição válida,NONE
3500067710,SGB_HIDRO_MS_2024_POCOS,profundida,0.0,ZERO_REQUIRES_REVIEW,REVIEW,zero preservado; provável ausência administrativa em parte dos registros,NONE
3500067710,SGB_HIDRO_MS_2024_POCOS,Cond_Eletr,0.0,ZERO_REQUIRES_REVIEW,REVIEW,zero preservado e não assumido como medição válida,NONE
3500067711,SGB_HIDRO_MS_2024_POCOS,profundida,0.0,ZERO_REQUIRES_REVIEW,REVIEW,zero preservado; provável ausência administrativa em parte dos registros,NONE
3500067711,SGB_HIDRO_MS_2024_POCOS,vazao_espe,0.0,ZERO_REQUIRES_REVIEW,REVIEW,zero preservado e não assumido como medição válida,NONE
3500067711,SGB_HIDRO_MS_2024_POCOS,Cond_Eletr,0.0,ZERO_REQUIRES_REVIEW,REVIEW,zero preservado e não assumido como medição válida,NONE
3500067712,SGB_HIDRO_MS_2024_POCOS,profundida,0.0,ZERO_REQUIRES_REVIEW,REVIEW,zero preservado; provável ausência administrativa em parte dos registros,NONE
3500067712,SGB_HIDRO_MS_2024_POCOS,Cond_Eletr,0.0,ZERO_REQUIRES_REVIEW,REVIEW,zero preservado e não assumido como medição válida,NONE
3500067713,SGB_HIDRO_MS_2024_POCOS,profundida,0.0,ZERO_REQUIRES_REVIEW,REVIEW,zero preservado; provável ausência administrativa em parte dos registros,NONE
3500067713,SGB_HIDRO_MS_2024_POCOS,Cond_Eletr,0.0,ZERO_REQUIRES_REVIEW,REVIEW,zero preservado e não assumido como medição válida,NONE
3500067714,SGB_HIDRO_MS_2024_POCOS,profundida,0.0,ZERO_REQUIRES_REVIEW,REVIEW,zero preservado; provável ausência administrativa em parte dos registros,NONE
3500067714,SGB_HIDRO_MS_2024_POCOS,Cond_Eletr,0.0,ZERO_REQUIRES_REVIEW,REVIEW,zero preservado e não assumido como medição válida,NONE
3500067715,SGB_HIDRO_MS_2024_POCOS,profundida,0.0,ZERO_REQUIRES_REVIEW,REVIEW,zero preservado; provável ausência administrativa em parte dos registros,NONE
3500067715,SGB_HIDRO_MS_2024_POCOS,Cond_Eletr,0.0,ZERO_REQUIRES_REVIEW,REVIEW,zero preservado e não assumido como medição válida,NONE
3500067716,SGB_HIDRO_MS_2024_POCOS,profundida,0.0,ZERO_REQUIRES_REVIEW,REVIEW,zero preservado; provável ausência administrativa em parte dos registros,NONE
3500067716,SGB_HIDRO_MS_2024_POCOS,Cond_Eletr,0.0,ZERO_REQUIRES_REVIEW,REVIEW,zero preservado e não assumido como medição válida,NONE
3500067717,SGB_HIDRO_MS_2024_POCOS,profundida,0.0,ZERO_REQUIRES_REVIEW,REVIEW,zero preservado; provável ausência administrativa em parte dos registros,NONE
3500067717,SGB_HIDRO_MS_2024_POCOS,Cond_Eletr,0.0,ZERO_REQUIRES_REVIEW,REVIEW,zero preservado e não assumido como medição válida,NONE
3500068739,SGB_HIDRO_MS_2024_POCOS,profundida,0.0,ZERO_REQUIRES_REVIEW,REVIEW,zero preservado; provável ausência administrativa em parte dos registros,NONE
3500068739,SGB_HIDRO_MS_2024_POCOS,transmissi,0.0,ZERO_REQUIRES_REVIEW,REVIEW,zero preservado e não assumido como medição válida,NONE
3500068739,SGB_HIDRO_MS_2024_POCOS,Cond_Eletr,0.0,ZERO_REQUIRES_REVIEW,REVIEW,zero preservado e não assumido como medição válida,NONE
3500068740,SGB_HIDRO_MS_2024_POCOS,profundida,0.0,ZERO_REQUIRES_REVIEW,REVIEW,zero preservado; provável ausência administrativa em parte dos registros,NONE
3500068740,SGB_HIDRO_MS_2024_POCOS,Cond_Eletr,0.0,ZERO_REQUIRES_REVIEW,REVIEW,zero preservado e não assumido como medição válida,NONE
3500068741,SGB_HIDRO_MS_2024_POCOS,profundida,0.0,ZERO_REQUIRES_REVIEW,REVIEW,zero preservado; provável ausência administrativa em parte dos registros,NONE
3500068741,SGB_HIDRO_MS_2024_POCOS,Cond_Eletr,0.0,ZERO_REQUIRES_REVIEW,REVIEW,zero preservado e não assumido como medição válida,NONE
3500068742,SGB_HIDRO_MS_2024_POCOS,profundida,0.0,ZERO_REQUIRES_REVIEW,REVIEW,zero preservado; provável ausência administrativa em parte dos registros,NONE
3500068742,SGB_HIDRO_MS_2024_POCOS,Cond_Eletr,0.0,ZERO_REQUIRES_REVIEW,REVIEW,zero preservado e não assumido como medição válida,NONE
3500068743,SGB_HIDRO_MS_2024_POCOS,profundida,0.0,ZERO_REQUIRES_REVIEW,REVIEW,zero preservado; provável ausência administrativa em parte dos registros,NONE
3500068743,SGB_HIDRO_MS_2024_POCOS,Cond_Eletr,0.0,ZERO_REQUIRES_REVIEW,REVIEW,zero preservado e não assumido como medição válida,NONE
3500068745,SGB_HIDRO_MS_2024_POCOS,profundida,0.0,ZERO_REQUIRES_REVIEW,REVIEW,zero preservado; provável ausência administrativa em parte dos registros,NONE
3500068745,SGB_HIDRO_MS_2024_POCOS,Cond_Eletr,0.0,ZERO_REQUIRES_REVIEW,REVIEW,zero preservado e não assumido como medição válida,NONE
