{"type":"FeatureCollection","features":[{"type":"Feature","geometry":{"type":"Point","coordinates":[-54.69222199999996,-22.19166699999994]},"properties":{"well_id":"3500065054","municipality":"Dourados","hydro_unit":"Formação Serra Geral","domain":"Fraturada","layer_code":"T04","layer_name":"Evidência hidrogeológica datada","latest_evidence_date":"2016-10-24","latest_evidence_age_years":9.845513597130672,"dated_domains_n":2,"time_series_status":"UNKNOWN_SERIE_TEMPORAL_NAO_ADQUIRIDA"}},{"type":"Feature","geometry":{"type":"Point","coordinates":[-56.28333299999997,-20.143332999999927]},"properties":{"well_id":"3500053084","municipality":"Miranda","hydro_unit":"Grupo Cuiaba","domain":"Fraturada","layer_code":"T04","layer_name":"Evidência hidrogeológica datada","latest_evidence_date":"2009-09-22","latest_evidence_age_years":16.93395483822392,"dated_domains_n":2,"time_series_status":"UNKNOWN_SERIE_TEMPORAL_NAO_ADQUIRIDA"}},{"type":"Feature","geometry":{"type":"Point","coordinates":[-54.82416699999993,-22.642499999999927]},"properties":{"well_id":"3500027119","municipality":"Caarapó","hydro_unit":"Grupo Caiuá","domain":"Granular","layer_code":"T04","layer_name":"Evidência hidrogeológica datada","latest_evidence_date":"2009-08-27","latest_evidence_age_years":17.00514042040562,"dated_domains_n":2,"time_series_status":"UNKNOWN_SERIE_TEMPORAL_NAO_ADQUIRIDA"}},{"type":"Feature","geometry":{"type":"Point","coordinates":[-51.839166999999975,-20.97083299999997]},"properties":{"well_id":"3500026917","municipality":"Três Lagoas","hydro_unit":"Grupo Caiuá","domain":"Granular","layer_code":"T04","layer_name":"Evidência hidrogeológica datada","latest_evidence_date":"2008-01-08","latest_evidence_age_years":18.63967090357776,"dated_domains_n":2,"time_series_status":"UNKNOWN_SERIE_TEMPORAL_NAO_ADQUIRIDA"}},{"type":"Feature","geometry":{"type":"Point","coordinates":[-52.62555599999996,-18.807777999999928]},"properties":{"well_id":"3500027282","municipality":"Chapadão do Sul","hydro_unit":"Formação Cachoeirinha","domain":"Granular","layer_code":"T04","layer_name":"Evidência hidrogeológica datada","latest_evidence_date":"2010-05-10","latest_evidence_age_years":16.304236226616563,"dated_domains_n":2,"time_series_status":"UNKNOWN_SERIE_TEMPORAL_NAO_ADQUIRIDA"}},{"type":"Feature","geometry":{"type":"Point","coordinates":[-55.08277799999996,-19.677221999999972]},"properties":{"well_id":"3500045668","municipality":"Corguinho","hydro_unit":"Formação Aquidauana","domain":"Granular","layer_code":"T04","layer_name":"Evidência hidrogeológica datada","latest_evidence_date":"2010-10-03","latest_evidence_age_years":15.90450180359624,"dated_domains_n":2,"time_series_status":"UNKNOWN_SERIE_TEMPORAL_NAO_ADQUIRIDA"}},{"type":"Feature","geometry":{"type":"Point","coordinates":[-54.57472199999995,-23.67972199999997]},"properties":{"well_id":"3500045682","municipality":"Iguatemi","hydro_unit":"Grupo Caiuá","domain":"Granular","layer_code":"T04","layer_name":"Evidência hidrogeológica datada","latest_evidence_date":"2014-02-18","latest_evidence_age_years":12.525924556972422,"dated_domains_n":2,"time_series_status":"UNKNOWN_SERIE_TEMPORAL_NAO_ADQUIRIDA"}},{"type":"Feature","geometry":{"type":"Point","coordinates":[-55.194999999999936,-21.613888999999972]},"properties":{"well_id":"3500053090","municipality":"Maracaju","hydro_unit":"Formação Serra Geral","domain":"Fraturada","layer_code":"T04","layer_name":"Evidência hidrogeológica datada","latest_evidence_date":"2008-06-12","latest_evidence_age_years":18.212557410487552,"dated_domains_n":2,"time_series_status":"UNKNOWN_SERIE_TEMPORAL_NAO_ADQUIRIDA"}},{"type":"Feature","geometry":{"type":"Point","coordinates":[-54.61638899999997,-20.46222199999994]},"properties":{"well_id":"3500065040","municipality":"Campo Grande","hydro_unit":"Formação Serra Geral","domain":"Fraturada","layer_code":"T04","layer_name":"Evidência hidrogeológica datada","latest_evidence_date":"2016-01-21","latest_evidence_age_years":10.60391383806649,"dated_domains_n":2,"time_series_status":"UNKNOWN_SERIE_TEMPORAL_NAO_ADQUIRIDA"}},{"type":"Feature","geometry":{"type":"Point","coordinates":[-54.716388999999936,-20.468610999999953]},"properties":{"well_id":"3500065045","municipality":"Campo Grande","hydro_unit":"Formação Serra Geral","domain":"Fraturada","layer_code":"T04","layer_name":"Evidência hidrogeológica datada","latest_evidence_date":"2016-02-01","latest_evidence_age_years":10.573796860989617,"dated_domains_n":2,"time_series_status":"UNKNOWN_SERIE_TEMPORAL_NAO_ADQUIRIDA"}},{"type":"Feature","geometry":{"type":"Point","coordinates":[-54.67277799999994,-20.44222199999996]},"properties":{"well_id":"3500065046","municipality":"Campo Grande","hydro_unit":"Formação Serra Geral","domain":"Fraturada","layer_code":"T04","layer_name":"Evidência hidrogeológica datada","latest_evidence_date":"2016-12-12","latest_evidence_age_years":9.711356153788236,"dated_domains_n":2,"time_series_status":"UNKNOWN_SERIE_TEMPORAL_NAO_ADQUIRIDA"}},{"type":"Feature","geometry":{"type":"Point","coordinates":[-54.74916699999994,-20.484166999999957]},"properties":{"well_id":"3500065047","municipality":"Campo Grande","hydro_unit":"Formação Serra Geral","domain":"Fraturada","layer_code":"T04","layer_name":"Evidência hidrogeológica datada","latest_evidence_date":"2016-09-29","latest_evidence_age_years":9.913961272305386,"dated_domains_n":2,"time_series_status":"UNKNOWN_SERIE_TEMPORAL_NAO_ADQUIRIDA"}},{"type":"Feature","geometry":{"type":"Point","coordinates":[-53.84249999999997,-22.338888999999938]},"properties":{"well_id":"3500065060","municipality":"Ivinhema","hydro_unit":"Grupo Caiuá","domain":"Granular","layer_code":"T04","layer_name":"Evidência hidrogeológica datada","latest_evidence_date":"2016-07-09","latest_evidence_age_years":10.138469646878443,"dated_domains_n":2,"time_series_status":"UNKNOWN_SERIE_TEMPORAL_NAO_ADQUIRIDA"}},{"type":"Feature","geometry":{"type":"Point","coordinates":[-51.426943999999935,-20.361943999999937]},"properties":{"well_id":"3500065072","municipality":"Selvíria","hydro_unit":"Grupo Caiuá","domain":"Granular","layer_code":"T04","layer_name":"Evidência hidrogeológica datada","latest_evidence_date":"2016-02-16","latest_evidence_age_years":10.53272825588479,"dated_domains_n":2,"time_series_status":"UNKNOWN_SERIE_TEMPORAL_NAO_ADQUIRIDA"}},{"type":"Feature","geometry":{"type":"Point","coordinates":[-54.35972199999998,-18.64027699999997]},"properties":{"well_id":"3500023027","municipality":"Coxim","hydro_unit":"Formação Palermo","domain":"Granular","layer_code":"T04","layer_name":"Evidência hidrogeológica datada","latest_evidence_date":"2004-08-02","latest_evidence_age_years":22.073006290341347,"dated_domains_n":2,"time_series_status":"UNKNOWN_SERIE_TEMPORAL_NAO_ADQUIRIDA"}},{"type":"Feature","geometry":{"type":"Point","coordinates":[-55.634721999999954,-22.944166999999936]},"properties":{"well_id":"3500065009","municipality":"Aral Moreira","hydro_unit":"Formação Serra Geral","domain":"Fraturada","layer_code":"T04","layer_name":"Evidência hidrogeológica datada","latest_evidence_date":"2016-01-26","latest_evidence_age_years":10.590224303031547,"dated_domains_n":2,"time_series_status":"UNKNOWN_SERIE_TEMPORAL_NAO_ADQUIRIDA"}},{"type":"Feature","geometry":{"type":"Point","coordinates":[-53.29814399999998,-20.012241999999958]},"properties":{"well_id":"3500068739","municipality":"Ribas do Rio Pardo","hydro_unit":"Grupo Caiuá","domain":"Granular","layer_code":"T04","layer_name":"Evidência hidrogeológica datada","latest_evidence_date":"2023-04-26","latest_evidence_age_years":3.3429844555329677,"dated_domains_n":1,"time_series_status":"UNKNOWN_SERIE_TEMPORAL_NAO_ADQUIRIDA"}},{"type":"Feature","geometry":{"type":"Point","coordinates":[-54.17444399999994,-22.464721999999938]},"properties":{"well_id":"3500026934","municipality":"Glória de Dourados","hydro_unit":"Grupo Caiuá","domain":"Granular","layer_code":"T04","layer_name":"Evidência hidrogeológica datada","latest_evidence_date":"2008-10-10","latest_evidence_age_years":17.88400856964893,"dated_domains_n":2,"time_series_status":"UNKNOWN_SERIE_TEMPORAL_NAO_ADQUIRIDA"}},{"type":"Feature","geometry":{"type":"Point","coordinates":[-53.371110999999985,-22.277221999999938]},"properties":{"well_id":"3500026935","municipality":"Nova Andradina","hydro_unit":"Grupo Caiuá","domain":"Granular","layer_code":"T04","layer_name":"Evidência hidrogeológica datada","latest_evidence_date":"2009-01-26","latest_evidence_age_years":17.588314612894173,"dated_domains_n":2,"time_series_status":"UNKNOWN_SERIE_TEMPORAL_NAO_ADQUIRIDA"}},{"type":"Feature","geometry":{"type":"Point","coordinates":[-53.37944399999998,-22.284999999999968]},"properties":{"well_id":"3500026939","municipality":"Nova Andradina","hydro_unit":"Grupo Caiuá","domain":"Granular","layer_code":"T04","layer_name":"Evidência hidrogeológica datada","latest_evidence_date":"2008-09-22","latest_evidence_age_years":17.933290895774725,"dated_domains_n":2,"time_series_status":"UNKNOWN_SERIE_TEMPORAL_NAO_ADQUIRIDA"}},{"type":"Feature","geometry":{"type":"Point","coordinates":[-54.81555599999996,-22.59555599999993]},"properties":{"well_id":"3500026957","municipality":"Caarapó","hydro_unit":"Grupo Caiuá","domain":"Granular","layer_code":"T04","layer_name":"Evidência hidrogeológica datada","latest_evidence_date":"2009-03-20","latest_evidence_age_years":17.44320554152378,"dated_domains_n":2,"time_series_status":"UNKNOWN_SERIE_TEMPORAL_NAO_ADQUIRIDA"}},{"type":"Feature","geometry":{"type":"Point","coordinates":[-54.36694399999993,-21.94805599999995]},"properties":{"well_id":"3500026979","municipality":"Dourados","hydro_unit":"Formação Serra Geral","domain":"Fraturada","layer_code":"T04","layer_name":"Evidência hidrogeológica datada","latest_evidence_date":"2009-03-30","latest_evidence_age_years":17.415826471453897,"dated_domains_n":2,"time_series_status":"UNKNOWN_SERIE_TEMPORAL_NAO_ADQUIRIDA"}},{"type":"Feature","geometry":{"type":"Point","coordinates":[-51.16999999999996,-19.700832999999932]},"properties":{"well_id":"3500026997","municipality":"Paranaíba","hydro_unit":"Grupo Bauru","domain":"Granular","layer_code":"T04","layer_name":"Evidência hidrogeológica datada","latest_evidence_date":"2009-08-24","latest_evidence_age_years":17.013354141426586,"dated_domains_n":2,"time_series_status":"UNKNOWN_SERIE_TEMPORAL_NAO_ADQUIRIDA"}},{"type":"Feature","geometry":{"type":"Point","coordinates":[-54.381110999999976,-21.452777999999967]},"properties":{"well_id":"3500027019","municipality":"Nova Alvorada do Sul","hydro_unit":"Formação Serra Geral","domain":"Fraturada","layer_code":"T04","layer_name":"Evidência hidrogeológica datada","latest_evidence_date":"2009-11-05","latest_evidence_age_years":16.813486929916426,"dated_domains_n":2,"time_series_status":"UNKNOWN_SERIE_TEMPORAL_NAO_ADQUIRIDA"}},{"type":"Feature","geometry":{"type":"Point","coordinates":[-51.66555599999998,-20.765555999999947]},"properties":{"well_id":"3500027044","municipality":"Três Lagoas","hydro_unit":"Formação Serra Geral","domain":"Fraturada","layer_code":"T04","layer_name":"Evidência hidrogeológica datada","latest_evidence_date":"2009-07-27","latest_evidence_age_years":17.090015537622264,"dated_domains_n":2,"time_series_status":"UNKNOWN_SERIE_TEMPORAL_NAO_ADQUIRIDA"}},{"type":"Feature","geometry":{"type":"Point","coordinates":[-55.100832999999966,-21.654166999999973]},"properties":{"well_id":"3500027149","municipality":"Maracaju","hydro_unit":"Formação Serra Geral","domain":"Fraturada","layer_code":"T04","layer_name":"Evidência hidrogeológica datada","latest_evidence_date":"2009-12-30","latest_evidence_age_years":16.662902044532057,"dated_domains_n":2,"time_series_status":"UNKNOWN_SERIE_TEMPORAL_NAO_ADQUIRIDA"}},{"type":"Feature","geometry":{"type":"Point","coordinates":[-54.04833299999996,-19.513332999999932]},"properties":{"well_id":"3500027154","municipality":"Camapuã","hydro_unit":"Formação Botucatu","domain":"Granular","layer_code":"T04","layer_name":"Evidência hidrogeológica datada","latest_evidence_date":"2009-08-27","latest_evidence_age_years":17.00514042040562,"dated_domains_n":1,"time_series_status":"UNKNOWN_SERIE_TEMPORAL_NAO_ADQUIRIDA"}},{"type":"Feature","geometry":{"type":"Point","coordinates":[-54.549721999999974,-21.807777999999928]},"properties":{"well_id":"3500027162","municipality":"Rio Brilhante","hydro_unit":"Formação Serra Geral","domain":"Fraturada","layer_code":"T04","layer_name":"Evidência hidrogeológica datada","latest_evidence_date":"2009-08-31","latest_evidence_age_years":16.994188792377667,"dated_domains_n":2,"time_series_status":"UNKNOWN_SERIE_TEMPORAL_NAO_ADQUIRIDA"}},{"type":"Feature","geometry":{"type":"Point","coordinates":[-51.66416699999996,-20.776943999999958]},"properties":{"well_id":"3500027173","municipality":"Três Lagoas","hydro_unit":"Formação Serra Geral","domain":"Fraturada","layer_code":"T04","layer_name":"Evidência hidrogeológica datada","latest_evidence_date":"2009-11-09","latest_evidence_age_years":16.802535301888472,"dated_domains_n":2,"time_series_status":"UNKNOWN_SERIE_TEMPORAL_NAO_ADQUIRIDA"}},{"type":"Feature","geometry":{"type":"Point","coordinates":[-51.737499999999955,-20.77249999999998]},"properties":{"well_id":"3500027176","municipality":"Três Lagoas","hydro_unit":"Grupo Caiuá","domain":"Granular","layer_code":"T04","layer_name":"Evidência hidrogeológica datada","latest_evidence_date":"2009-10-06","latest_evidence_age_years":16.89562414012608,"dated_domains_n":1,"time_series_status":"UNKNOWN_SERIE_TEMPORAL_NAO_ADQUIRIDA"}},{"type":"Feature","geometry":{"type":"Point","coordinates":[-55.622221999999965,-22.94888899999995]},"properties":{"well_id":"3500027212","municipality":"Aral Moreira","hydro_unit":"Formação Serra Geral","domain":"Fraturada","layer_code":"T04","layer_name":"Evidência hidrogeológica datada","latest_evidence_date":"2009-10-06","latest_evidence_age_years":16.89562414012608,"dated_domains_n":1,"time_series_status":"UNKNOWN_SERIE_TEMPORAL_NAO_ADQUIRIDA"}},{"type":"Feature","geometry":{"type":"Point","coordinates":[-51.299721999999974,-20.088610999999958]},"properties":{"well_id":"3500027286","municipality":"Aparecida do Taboado","hydro_unit":"Grupo Caiuá","domain":"Granular","layer_code":"T04","layer_name":"Evidência hidrogeológica datada","latest_evidence_date":"2009-10-15","latest_evidence_age_years":16.870982977063182,"dated_domains_n":2,"time_series_status":"UNKNOWN_SERIE_TEMPORAL_NAO_ADQUIRIDA"}},{"type":"Feature","geometry":{"type":"Point","coordinates":[-51.71138899999994,-20.797221999999977]},"properties":{"well_id":"3500027294","municipality":"Três Lagoas","hydro_unit":"Grupo Caiuá","domain":"Granular","layer_code":"T04","layer_name":"Evidência hidrogeológica datada","latest_evidence_date":"2009-10-06","latest_evidence_age_years":16.89562414012608,"dated_domains_n":1,"time_series_status":"UNKNOWN_SERIE_TEMPORAL_NAO_ADQUIRIDA"}},{"type":"Feature","geometry":{"type":"Point","coordinates":[-51.66555599999998,-20.65861099999995]},"properties":{"well_id":"3500045287","municipality":"Três Lagoas","hydro_unit":"Formação Serra Geral","domain":"Fraturada","layer_code":"T04","layer_name":"Evidência hidrogeológica datada","latest_evidence_date":"2009-07-25","latest_evidence_age_years":17.09549135163624,"dated_domains_n":2,"time_series_status":"UNKNOWN_SERIE_TEMPORAL_NAO_ADQUIRIDA"}},{"type":"Feature","geometry":{"type":"Point","coordinates":[-55.17944399999993,-21.578055999999947]},"properties":{"well_id":"3500045398","municipality":"Maracaju","hydro_unit":"Formação Serra Geral","domain":"Fraturada","layer_code":"T04","layer_name":"Evidência hidrogeológica datada","latest_evidence_date":"2009-12-29","latest_evidence_age_years":16.665639951539045,"dated_domains_n":2,"time_series_status":"UNKNOWN_SERIE_TEMPORAL_NAO_ADQUIRIDA"}},{"type":"Feature","geometry":{"type":"Point","coordinates":[-54.59249999999997,-20.44972199999995]},"properties":{"well_id":"3500045626","municipality":"Campo Grande","hydro_unit":"Formação Serra Geral","domain":"Fraturada","layer_code":"T04","layer_name":"Evidência hidrogeológica datada","latest_evidence_date":"2009-10-13","latest_evidence_age_years":16.876458791077162,"dated_domains_n":2,"time_series_status":"UNKNOWN_SERIE_TEMPORAL_NAO_ADQUIRIDA"}},{"type":"Feature","geometry":{"type":"Point","coordinates":[-55.05638799999997,-23.968332999999973]},"properties":{"well_id":"3500023356","municipality":"Sete Quedas","hydro_unit":"Grupo Caiuá","domain":"Granular","layer_code":"T04","layer_name":"Evidência hidrogeológica datada","latest_evidence_date":"1981-03-30","latest_evidence_age_years":45.416401431925365,"dated_domains_n":2,"time_series_status":"UNKNOWN_SERIE_TEMPORAL_NAO_ADQUIRIDA"}},{"type":"Feature","geometry":{"type":"Point","coordinates":[-54.81583299999994,-22.641943999999967]},"properties":{"well_id":"3500023368","municipality":"Caarapó","hydro_unit":"Grupo Caiuá","domain":"Granular","layer_code":"T04","layer_name":"Evidência hidrogeológica datada","latest_evidence_date":"1980-12-09","latest_evidence_age_years":45.72030910970109,"dated_domains_n":2,"time_series_status":"UNKNOWN_SERIE_TEMPORAL_NAO_ADQUIRIDA"}},{"type":"Feature","geometry":{"type":"Point","coordinates":[-54.670555999999976,-20.534999999999968]},"properties":{"well_id":"3500045694","municipality":"Campo Grande","hydro_unit":"Formação Serra Geral","domain":"Fraturada","layer_code":"T04","layer_name":"Evidência hidrogeológica datada","latest_evidence_date":"2008-01-01","latest_evidence_age_years":18.658836252626678,"dated_domains_n":2,"time_series_status":"UNKNOWN_SERIE_TEMPORAL_NAO_ADQUIRIDA"}},{"type":"Feature","geometry":{"type":"Point","coordinates":[-55.03499999999997,-23.97388799999993]},"properties":{"well_id":"3500023355","municipality":"Sete Quedas","hydro_unit":"Grupo Caiuá","domain":"Granular","layer_code":"T04","layer_name":"Evidência hidrogeológica datada","latest_evidence_date":"1987-02-26","latest_evidence_age_years":39.505260203837175,"dated_domains_n":1,"time_series_status":"UNKNOWN_SERIE_TEMPORAL_NAO_ADQUIRIDA"}},{"type":"Feature","geometry":{"type":"Point","coordinates":[-51.11472199999997,-20.04166699999996]},"properties":{"well_id":"3500027045","municipality":"Aparecida do Taboado","hydro_unit":"Grupo Bauru","domain":"Granular","layer_code":"T04","layer_name":"Evidência hidrogeológica datada","latest_evidence_date":"2009-08-28","latest_evidence_age_years":17.002402513398632,"dated_domains_n":2,"time_series_status":"UNKNOWN_SERIE_TEMPORAL_NAO_ADQUIRIDA"}},{"type":"Feature","geometry":{"type":"Point","coordinates":[-51.864443999999935,-19.73166599999996]},"properties":{"well_id":"3500023312","municipality":"Inocência","hydro_unit":"Grupo Bauru","domain":"Granular","layer_code":"T04","layer_name":"Evidência hidrogeológica datada","latest_evidence_date":"1985-05-22","latest_evidence_age_years":41.27121022334477,"dated_domains_n":1,"time_series_status":"UNKNOWN_SERIE_TEMPORAL_NAO_ADQUIRIDA"}},{"type":"Feature","geometry":{"type":"Point","coordinates":[-54.64694399999996,-20.42083299999996]},"properties":{"well_id":"3500022928","municipality":"Campo Grande","hydro_unit":"Formação Serra Geral","domain":"Fraturada","layer_code":"T04","layer_name":"Evidência hidrogeológica datada","latest_evidence_date":"2003-08-20","latest_evidence_age_years":23.02579792877335,"dated_domains_n":2,"time_series_status":"UNKNOWN_SERIE_TEMPORAL_NAO_ADQUIRIDA"}},{"type":"Feature","geometry":{"type":"Point","coordinates":[-51.77472199999994,-20.97888899999998]},"properties":{"well_id":"3500045646","municipality":"Três Lagoas","hydro_unit":"Grupo Caiuá","domain":"Granular","layer_code":"T04","layer_name":"Evidência hidrogeológica datada","latest_evidence_date":"2011-01-12","latest_evidence_age_years":15.627973195890402,"dated_domains_n":2,"time_series_status":"UNKNOWN_SERIE_TEMPORAL_NAO_ADQUIRIDA"}},{"type":"Feature","geometry":{"type":"Point","coordinates":[-54.86777699999993,-20.48444399999994]},"properties":{"well_id":"3500022824","municipality":"Terenos","hydro_unit":"Formação Serra Geral","domain":"Fraturada","layer_code":"T04","layer_name":"Evidência hidrogeológica datada","latest_evidence_date":"2004-07-28","latest_evidence_age_years":22.086695825376292,"dated_domains_n":2,"time_series_status":"UNKNOWN_SERIE_TEMPORAL_NAO_ADQUIRIDA"}},{"type":"Feature","geometry":{"type":"Point","coordinates":[-54.96361099999996,-20.923054999999977]},"properties":{"well_id":"3500022816","municipality":"Sidrolândia","hydro_unit":"Formação Serra Geral","domain":"Fraturada","layer_code":"T04","layer_name":"Evidência hidrogeológica datada","latest_evidence_date":"2004-12-01","latest_evidence_age_years":21.741719542495737,"dated_domains_n":2,"time_series_status":"UNKNOWN_SERIE_TEMPORAL_NAO_ADQUIRIDA"}},{"type":"Feature","geometry":{"type":"Point","coordinates":[-53.13972199999995,-18.54472199999998]},"properties":{"well_id":"3500022567","municipality":"Costa Rica","hydro_unit":"Formação Serra Geral","domain":"Fraturada","layer_code":"T04","layer_name":"Evidência hidrogeológica datada","latest_evidence_date":"2003-03-18","latest_evidence_age_years":23.450173514856566,"dated_domains_n":2,"time_series_status":"UNKNOWN_SERIE_TEMPORAL_NAO_ADQUIRIDA"}},{"type":"Feature","geometry":{"type":"Point","coordinates":[-54.65111099999996,-20.558887999999968]},"properties":{"well_id":"3500022930","municipality":"Campo Grande","hydro_unit":"Formação Serra Geral","domain":"Fraturada","layer_code":"T04","layer_name":"Evidência hidrogeológica datada","latest_evidence_date":"2003-08-20","latest_evidence_age_years":23.02579792877335,"dated_domains_n":2,"time_series_status":"UNKNOWN_SERIE_TEMPORAL_NAO_ADQUIRIDA"}},{"type":"Feature","geometry":{"type":"Point","coordinates":[-51.72249999999997,-20.79416699999996]},"properties":{"well_id":"3500045612","municipality":"Três Lagoas","hydro_unit":"Grupo Caiuá","domain":"Granular","layer_code":"T04","layer_name":"Evidência hidrogeológica datada","latest_evidence_date":"2010-11-22","latest_evidence_age_years":15.767606453246815,"dated_domains_n":2,"time_series_status":"UNKNOWN_SERIE_TEMPORAL_NAO_ADQUIRIDA"}},{"type":"Feature","geometry":{"type":"Point","coordinates":[-51.839999999999975,-20.994721999999967]},"properties":{"well_id":"3500045709","municipality":"Três Lagoas","hydro_unit":"Grupo Caiuá","domain":"Granular","layer_code":"T04","layer_name":"Evidência hidrogeológica datada","latest_evidence_date":"2012-07-05","latest_evidence_age_years":14.149503412116607,"dated_domains_n":2,"time_series_status":"UNKNOWN_SERIE_TEMPORAL_NAO_ADQUIRIDA"}},{"type":"Feature","geometry":{"type":"Point","coordinates":[-54.67277799999994,-20.485832999999957]},"properties":{"well_id":"3500045635","municipality":"Campo Grande","hydro_unit":"Formação Serra Geral","domain":"Fraturada","layer_code":"T04","layer_name":"Evidência hidrogeológica datada","latest_evidence_date":"2006-12-27","latest_evidence_age_years":19.671861845212426,"dated_domains_n":2,"time_series_status":"UNKNOWN_SERIE_TEMPORAL_NAO_ADQUIRIDA"}},{"type":"Feature","geometry":{"type":"Point","coordinates":[-54.143055999999945,-22.54222199999998]},"properties":{"well_id":"3500026937","municipality":"Jateí","hydro_unit":"Grupo Caiuá","domain":"Granular","layer_code":"T04","layer_name":"Evidência hidrogeológica datada","latest_evidence_date":"2009-03-20","latest_evidence_age_years":17.44320554152378,"dated_domains_n":2,"time_series_status":"UNKNOWN_SERIE_TEMPORAL_NAO_ADQUIRIDA"}},{"type":"Feature","geometry":{"type":"Point","coordinates":[-53.389999999999986,-22.29499999999996]},"properties":{"well_id":"3500045640","municipality":"Nova Andradina","hydro_unit":"Grupo Caiuá","domain":"Granular","layer_code":"T04","layer_name":"Evidência hidrogeológica datada","latest_evidence_date":"2008-07-23","latest_evidence_age_years":18.100303223201024,"dated_domains_n":2,"time_series_status":"UNKNOWN_SERIE_TEMPORAL_NAO_ADQUIRIDA"}},{"type":"Feature","geometry":{"type":"Point","coordinates":[-51.643888999999945,-20.797499999999957]},"properties":{"well_id":"3500045639","municipality":"Três Lagoas","hydro_unit":"Depósitos aluvionares","domain":"Granular","layer_code":"T04","layer_name":"Evidência hidrogeológica datada","latest_evidence_date":"2008-10-31","latest_evidence_age_years":17.826512522502174,"dated_domains_n":2,"time_series_status":"UNKNOWN_SERIE_TEMPORAL_NAO_ADQUIRIDA"}},{"type":"Feature","geometry":{"type":"Point","coordinates":[-51.87805599999996,-20.797499999999957]},"properties":{"well_id":"3500045662","municipality":"Três Lagoas","hydro_unit":"Grupo Caiuá","domain":"Granular","layer_code":"T04","layer_name":"Evidência hidrogeológica datada","latest_evidence_date":"2010-09-16","latest_evidence_age_years":15.951046222715044,"dated_domains_n":2,"time_series_status":"UNKNOWN_SERIE_TEMPORAL_NAO_ADQUIRIDA"}},{"type":"Feature","geometry":{"type":"Point","coordinates":[-56.30611099999999,-19.97277799999995]},"properties":{"well_id":"3500045671","municipality":"Miranda","hydro_unit":"Grupo Cuiaba","domain":"Fraturada","layer_code":"T04","layer_name":"Evidência hidrogeológica datada","latest_evidence_date":"2009-09-22","latest_evidence_age_years":16.93395483822392,"dated_domains_n":2,"time_series_status":"UNKNOWN_SERIE_TEMPORAL_NAO_ADQUIRIDA"}},{"type":"Feature","geometry":{"type":"Point","coordinates":[-54.56444399999998,-20.631388999999956]},"properties":{"well_id":"3500045700","municipality":"Campo Grande","hydro_unit":"Formação Serra Geral","domain":"Fraturada","layer_code":"T04","layer_name":"Evidência hidrogeológica datada","latest_evidence_date":"2012-05-10","latest_evidence_age_years":14.302826204507964,"dated_domains_n":2,"time_series_status":"UNKNOWN_SERIE_TEMPORAL_NAO_ADQUIRIDA"}},{"type":"Feature","geometry":{"type":"Point","coordinates":[-54.60583299999996,-20.45333299999993]},"properties":{"well_id":"3500065031","municipality":"Campo Grande","hydro_unit":"Formação Serra Geral","domain":"Fraturada","layer_code":"T04","layer_name":"Evidência hidrogeológica datada","latest_evidence_date":"2016-03-24","latest_evidence_age_years":10.431425696626214,"dated_domains_n":2,"time_series_status":"UNKNOWN_SERIE_TEMPORAL_NAO_ADQUIRIDA"}},{"type":"Feature","geometry":{"type":"Point","coordinates":[-54.67277799999994,-20.554443999999933]},"properties":{"well_id":"3500065039","municipality":"Campo Grande","hydro_unit":"Formação Serra Geral","domain":"Fraturada","layer_code":"T04","layer_name":"Evidência hidrogeológica datada","latest_evidence_date":"2016-07-03","latest_evidence_age_years":10.154897088920375,"dated_domains_n":2,"time_series_status":"UNKNOWN_SERIE_TEMPORAL_NAO_ADQUIRIDA"}},{"type":"Feature","geometry":{"type":"Point","coordinates":[-55.11916699999995,-20.74166699999995]},"properties":{"well_id":"3500045691","municipality":"Sidrolândia","hydro_unit":"Formação Serra Geral","domain":"Fraturada","layer_code":"T04","layer_name":"Evidência hidrogeológica datada","latest_evidence_date":"2009-08-03","latest_evidence_age_years":17.070850188573345,"dated_domains_n":2,"time_series_status":"UNKNOWN_SERIE_TEMPORAL_NAO_ADQUIRIDA"}},{"type":"Feature","geometry":{"type":"Point","coordinates":[-56.35305599999998,-19.955832999999927]},"properties":{"well_id":"3500053083","municipality":"Miranda","hydro_unit":"Grupo Cuiaba","domain":"Fraturada","layer_code":"T04","layer_name":"Evidência hidrogeológica datada","latest_evidence_date":"2009-09-22","latest_evidence_age_years":16.93395483822392,"dated_domains_n":2,"time_series_status":"UNKNOWN_SERIE_TEMPORAL_NAO_ADQUIRIDA"}},{"type":"Feature","geometry":{"type":"Point","coordinates":[-56.52111099999996,-19.869166999999948]},"properties":{"well_id":"3500053086","municipality":"Miranda","hydro_unit":"Formação Pantanal","domain":"Granular","layer_code":"T04","layer_name":"Evidência hidrogeológica datada","latest_evidence_date":"2010-01-01","latest_evidence_age_years":16.65742623051808,"dated_domains_n":2,"time_series_status":"UNKNOWN_SERIE_TEMPORAL_NAO_ADQUIRIDA"}},{"type":"Feature","geometry":{"type":"Point","coordinates":[-53.997221999999965,-22.281388999999933]},"properties":{"well_id":"3500026918","municipality":"Ivinhema","hydro_unit":"Grupo Caiuá","domain":"Granular","layer_code":"T04","layer_name":"Evidência hidrogeológica datada","latest_evidence_date":"2008-12-05","latest_evidence_age_years":17.730685777257577,"dated_domains_n":2,"time_series_status":"UNKNOWN_SERIE_TEMPORAL_NAO_ADQUIRIDA"}},{"type":"Feature","geometry":{"type":"Point","coordinates":[-54.82583299999993,-22.621666999999945]},"properties":{"well_id":"3500027077","municipality":"Caarapó","hydro_unit":"Grupo Caiuá","domain":"Granular","layer_code":"T04","layer_name":"Evidência hidrogeológica datada","latest_evidence_date":"2008-03-03","latest_evidence_age_years":18.48908601819339,"dated_domains_n":2,"time_series_status":"UNKNOWN_SERIE_TEMPORAL_NAO_ADQUIRIDA"}},{"type":"Feature","geometry":{"type":"Point","coordinates":[-53.268055999999945,-22.284166999999968]},"properties":{"well_id":"3500045670","municipality":"Batayporã","hydro_unit":"Grupo Caiuá","domain":"Granular","layer_code":"T04","layer_name":"Evidência hidrogeológica datada","latest_evidence_date":"2009-01-01","latest_evidence_age_years":17.656762288068887,"dated_domains_n":2,"time_series_status":"UNKNOWN_SERIE_TEMPORAL_NAO_ADQUIRIDA"}},{"type":"Feature","geometry":{"type":"Point","coordinates":[-51.830555999999945,-20.64666699999998]},"properties":{"well_id":"3500045703","municipality":"Três Lagoas","hydro_unit":"Grupo Caiuá","domain":"Granular","layer_code":"T04","layer_name":"Evidência hidrogeológica datada","latest_evidence_date":"2012-07-30","latest_evidence_age_years":14.081055736941895,"dated_domains_n":2,"time_series_status":"UNKNOWN_SERIE_TEMPORAL_NAO_ADQUIRIDA"}},{"type":"Feature","geometry":{"type":"Point","coordinates":[-51.87527799999998,-20.984166999999957]},"properties":{"well_id":"3500045711","municipality":"Três Lagoas","hydro_unit":"Grupo Caiuá","domain":"Granular","layer_code":"T04","layer_name":"Evidência hidrogeológica datada","latest_evidence_date":"2012-02-29","latest_evidence_age_years":14.497217602004147,"dated_domains_n":2,"time_series_status":"UNKNOWN_SERIE_TEMPORAL_NAO_ADQUIRIDA"}},{"type":"Feature","geometry":{"type":"Point","coordinates":[-54.56166699999994,-20.53527799999995]},"properties":{"well_id":"3500065044","municipality":"Campo Grande","hydro_unit":"Formação Serra Geral","domain":"Fraturada","layer_code":"T04","layer_name":"Evidência hidrogeológica datada","latest_evidence_date":"2016-07-28","latest_evidence_age_years":10.086449413745662,"dated_domains_n":2,"time_series_status":"UNKNOWN_SERIE_TEMPORAL_NAO_ADQUIRIDA"}},{"type":"Feature","geometry":{"type":"Point","coordinates":[-54.853332999999964,-18.92805599999997]},"properties":{"well_id":"3500065070","municipality":"Rio Verde de Mato Grosso","hydro_unit":"Formação Ponta Grossa","domain":"Granular","layer_code":"T04","layer_name":"Evidência hidrogeológica datada","latest_evidence_date":"2015-11-17","latest_evidence_age_years":10.781877793520742,"dated_domains_n":2,"time_series_status":"UNKNOWN_SERIE_TEMPORAL_NAO_ADQUIRIDA"}},{"type":"Feature","geometry":{"type":"Point","coordinates":[-51.66861099999994,-20.788888999999926]},"properties":{"well_id":"3500065082","municipality":"Três Lagoas","hydro_unit":"Grupo Caiuá","domain":"Granular","layer_code":"T04","layer_name":"Evidência hidrogeológica datada","latest_evidence_date":"2016-10-21","latest_evidence_age_years":9.85372731815164,"dated_domains_n":2,"time_series_status":"UNKNOWN_SERIE_TEMPORAL_NAO_ADQUIRIDA"}},{"type":"Feature","geometry":{"type":"Point","coordinates":[-53.636665999999934,-18.677221999999972]},"properties":{"well_id":"3500023242","municipality":"Figueirão","hydro_unit":"Formação Botucatu","domain":"Granular","layer_code":"T04","layer_name":"Evidência hidrogeológica datada","latest_evidence_date":"2003-03-18","latest_evidence_age_years":23.450173514856566,"dated_domains_n":1,"time_series_status":"UNKNOWN_SERIE_TEMPORAL_NAO_ADQUIRIDA"}},{"type":"Feature","geometry":{"type":"Point","coordinates":[-54.03888899999998,-18.25111099999998]},"properties":{"well_id":"3500065133","municipality":"Alcinópolis","hydro_unit":"Grupo Caiuá","domain":"Granular","layer_code":"T04","layer_name":"Evidência hidrogeológica datada","latest_evidence_date":"2019-09-09","latest_evidence_age_years":6.97071123979274,"dated_domains_n":2,"time_series_status":"UNKNOWN_SERIE_TEMPORAL_NAO_ADQUIRIDA"}},{"type":"Feature","geometry":{"type":"Point","coordinates":[-52.25166699999994,-21.72388899999993]},"properties":{"well_id":"3500065013","municipality":"Bataguassu","hydro_unit":"Depósitos aluvionares","domain":"Granular","layer_code":"T04","layer_name":"Evidência hidrogeológica datada","latest_evidence_date":"2016-05-09","latest_evidence_age_years":10.305481974304742,"dated_domains_n":2,"time_series_status":"UNKNOWN_SERIE_TEMPORAL_NAO_ADQUIRIDA"}},{"type":"Feature","geometry":{"type":"Point","coordinates":[-52.41833299999996,-21.718610999999953]},"properties":{"well_id":"3500065016","municipality":"Bataguassu","hydro_unit":"Grupo Caiuá","domain":"Granular","layer_code":"T04","layer_name":"Evidência hidrogeológica datada","latest_evidence_date":"2016-01-26","latest_evidence_age_years":10.590224303031547,"dated_domains_n":2,"time_series_status":"UNKNOWN_SERIE_TEMPORAL_NAO_ADQUIRIDA"}},{"type":"Feature","geometry":{"type":"Point","coordinates":[-56.67361099999994,-20.556388999999967]},"properties":{"well_id":"3500065018","municipality":"Bodoquena","hydro_unit":"Grupo Cuiaba","domain":"Fraturada","layer_code":"T04","layer_name":"Evidência hidrogeológica datada","latest_evidence_date":"2015-10-19","latest_evidence_age_years":10.86127709672341,"dated_domains_n":2,"time_series_status":"UNKNOWN_SERIE_TEMPORAL_NAO_ADQUIRIDA"}},{"type":"Feature","geometry":{"type":"Point","coordinates":[-54.55666699999995,-21.789721999999927]},"properties":{"well_id":"3500065068","municipality":"Rio Brilhante","hydro_unit":"Formação Serra Geral","domain":"Fraturada","layer_code":"T04","layer_name":"Evidência hidrogeológica datada","latest_evidence_date":"2016-02-16","latest_evidence_age_years":10.53272825588479,"dated_domains_n":2,"time_series_status":"UNKNOWN_SERIE_TEMPORAL_NAO_ADQUIRIDA"}},{"type":"Feature","geometry":{"type":"Point","coordinates":[-51.689952999999946,-19.325046999999927]},"properties":{"well_id":"3500068743","municipality":"Paranaíba","hydro_unit":"Grupo Bauru","domain":"Granular","layer_code":"T04","layer_name":"Evidência hidrogeológica datada","latest_evidence_date":"2023-05-29","latest_evidence_age_years":3.252633524302347,"dated_domains_n":1,"time_series_status":"UNKNOWN_SERIE_TEMPORAL_NAO_ADQUIRIDA"}},{"type":"Feature","geometry":{"type":"Point","coordinates":[-52.28885299999996,-19.99198599999994]},"properties":{"well_id":"3500068742","municipality":"Três Lagoas","hydro_unit":"Grupo Caiuá","domain":"Granular","layer_code":"T04","layer_name":"Evidência hidrogeológica datada","latest_evidence_date":"2023-05-19","latest_evidence_age_years":3.280012594372232,"dated_domains_n":1,"time_series_status":"UNKNOWN_SERIE_TEMPORAL_NAO_ADQUIRIDA"}},{"type":"Feature","geometry":{"type":"Point","coordinates":[-54.75527699999998,-18.50583299999994]},"properties":{"well_id":"3500022591","municipality":"Coxim","hydro_unit":"Formação Furnas","domain":"Granular","layer_code":"T04","layer_name":"Evidência hidrogeológica datada","latest_evidence_date":"1999-05-08","latest_evidence_age_years":27.310622394710364,"dated_domains_n":1,"time_series_status":"UNKNOWN_SERIE_TEMPORAL_NAO_ADQUIRIDA"}},{"type":"Feature","geometry":{"type":"Point","coordinates":[-53.80555599999997,-22.28388899999993]},"properties":{"well_id":"3500026944","municipality":"Ivinhema","hydro_unit":"Grupo Caiuá","domain":"Granular","layer_code":"T04","layer_name":"Evidência hidrogeológica datada","latest_evidence_date":"2009-01-20","latest_evidence_age_years":17.604742054936104,"dated_domains_n":2,"time_series_status":"UNKNOWN_SERIE_TEMPORAL_NAO_ADQUIRIDA"}},{"type":"Feature","geometry":{"type":"Point","coordinates":[-54.19083299999994,-23.099999999999966]},"properties":{"well_id":"3500026950","municipality":"Naviraí","hydro_unit":"Grupo Caiuá","domain":"Granular","layer_code":"T04","layer_name":"Evidência hidrogeológica datada","latest_evidence_date":"2009-01-12","latest_evidence_age_years":17.62664531099201,"dated_domains_n":2,"time_series_status":"UNKNOWN_SERIE_TEMPORAL_NAO_ADQUIRIDA"}},{"type":"Feature","geometry":{"type":"Point","coordinates":[-54.29527799999994,-22.459443999999962]},"properties":{"well_id":"3500026951","municipality":"Glória de Dourados","hydro_unit":"Grupo Caiuá","domain":"Granular","layer_code":"T04","layer_name":"Evidência hidrogeológica datada","latest_evidence_date":"2009-01-12","latest_evidence_age_years":17.62664531099201,"dated_domains_n":2,"time_series_status":"UNKNOWN_SERIE_TEMPORAL_NAO_ADQUIRIDA"}},{"type":"Feature","geometry":{"type":"Point","coordinates":[-53.808055999999965,-21.966666999999973]},"properties":{"well_id":"3500027020","municipality":"Angélica","hydro_unit":"Grupo Caiuá","domain":"Granular","layer_code":"T04","layer_name":"Evidência hidrogeológica datada","latest_evidence_date":"2009-10-21","latest_evidence_age_years":16.85455553502125,"dated_domains_n":2,"time_series_status":"UNKNOWN_SERIE_TEMPORAL_NAO_ADQUIRIDA"}},{"type":"Feature","geometry":{"type":"Point","coordinates":[-51.70055599999995,-20.79611099999994]},"properties":{"well_id":"3500027043","municipality":"Três Lagoas","hydro_unit":"Grupo Caiuá","domain":"Granular","layer_code":"T04","layer_name":"Evidência hidrogeológica datada","latest_evidence_date":"2009-09-16","latest_evidence_age_years":16.95038228026585,"dated_domains_n":2,"time_series_status":"UNKNOWN_SERIE_TEMPORAL_NAO_ADQUIRIDA"}},{"type":"Feature","geometry":{"type":"Point","coordinates":[-53.43861099999998,-21.996666999999945]},"properties":{"well_id":"3500027145","municipality":"Nova Andradina","hydro_unit":"Grupo Caiuá","domain":"Granular","layer_code":"T04","layer_name":"Evidência hidrogeológica datada","latest_evidence_date":"2009-10-01","latest_evidence_age_years":16.909313675161023,"dated_domains_n":2,"time_series_status":"UNKNOWN_SERIE_TEMPORAL_NAO_ADQUIRIDA"}},{"type":"Feature","geometry":{"type":"Point","coordinates":[-51.66722199999998,-20.79333299999996]},"properties":{"well_id":"3500027199","municipality":"Três Lagoas","hydro_unit":"Grupo Caiuá","domain":"Granular","layer_code":"T04","layer_name":"Evidência hidrogeológica datada","latest_evidence_date":"2010-01-25","latest_evidence_age_years":16.591716462350355,"dated_domains_n":2,"time_series_status":"UNKNOWN_SERIE_TEMPORAL_NAO_ADQUIRIDA"}},{"type":"Feature","geometry":{"type":"Point","coordinates":[-51.73583299999996,-20.77166699999998]},"properties":{"well_id":"3500027213","municipality":"Três Lagoas","hydro_unit":"Grupo Caiuá","domain":"Granular","layer_code":"T04","layer_name":"Evidência hidrogeológica datada","latest_evidence_date":"2009-11-16","latest_evidence_age_years":16.78336995283955,"dated_domains_n":2,"time_series_status":"UNKNOWN_SERIE_TEMPORAL_NAO_ADQUIRIDA"}},{"type":"Feature","geometry":{"type":"Point","coordinates":[-51.70749999999998,-20.78583299999997]},"properties":{"well_id":"3500027214","municipality":"Três Lagoas","hydro_unit":"Grupo Caiuá","domain":"Granular","layer_code":"T04","layer_name":"Evidência hidrogeológica datada","latest_evidence_date":"2010-01-25","latest_evidence_age_years":16.591716462350355,"dated_domains_n":2,"time_series_status":"UNKNOWN_SERIE_TEMPORAL_NAO_ADQUIRIDA"}},{"type":"Feature","geometry":{"type":"Point","coordinates":[-54.61861099999999,-22.134443999999974]},"properties":{"well_id":"3500027215","municipality":"Dourados","hydro_unit":"Formação Serra Geral","domain":"Fraturada","layer_code":"T04","layer_name":"Evidência hidrogeológica datada","latest_evidence_date":"2009-11-30","latest_evidence_age_years":16.745039254741712,"dated_domains_n":2,"time_series_status":"UNKNOWN_SERIE_TEMPORAL_NAO_ADQUIRIDA"}},{"type":"Feature","geometry":{"type":"Point","coordinates":[-54.67861099999993,-20.269443999999964]},"properties":{"well_id":"3500045422","municipality":"Campo Grande","hydro_unit":"Formação Serra Geral","domain":"Fraturada","layer_code":"T04","layer_name":"Evidência hidrogeológica datada","latest_evidence_date":"2009-12-28","latest_evidence_age_years":16.668377858546034,"dated_domains_n":2,"time_series_status":"UNKNOWN_SERIE_TEMPORAL_NAO_ADQUIRIDA"}},{"type":"Feature","geometry":{"type":"Point","coordinates":[-54.745555999999965,-17.78249999999997]},"properties":{"well_id":"3500053093","municipality":"Pedro Gomes","hydro_unit":"Formação Cachoeirinha","domain":"Granular","layer_code":"T04","layer_name":"Evidência hidrogeológica datada","latest_evidence_date":"2008-06-06","latest_evidence_age_years":18.228984852529482,"dated_domains_n":2,"time_series_status":"UNKNOWN_SERIE_TEMPORAL_NAO_ADQUIRIDA"}},{"type":"Feature","geometry":{"type":"Point","coordinates":[-53.35027699999995,-22.246665999999948]},"properties":{"well_id":"3500023386","municipality":"Nova Andradina","hydro_unit":"Grupo Caiuá","domain":"Granular","layer_code":"T04","layer_name":"Evidência hidrogeológica datada","latest_evidence_date":"1995-11-30","latest_evidence_age_years":30.74669568848094,"dated_domains_n":2,"time_series_status":"UNKNOWN_SERIE_TEMPORAL_NAO_ADQUIRIDA"}},{"type":"Feature","geometry":{"type":"Point","coordinates":[-55.62277799999998,-22.622777999999983]},"properties":{"well_id":"3500045692","municipality":"Ponta Porã","hydro_unit":"Grupo Caiuá","domain":"Granular","layer_code":"T04","layer_name":"Evidência hidrogeológica datada","latest_evidence_date":"2009-09-21","latest_evidence_age_years":16.936692745230907,"dated_domains_n":2,"time_series_status":"UNKNOWN_SERIE_TEMPORAL_NAO_ADQUIRIDA"}},{"type":"Feature","geometry":{"type":"Point","coordinates":[-55.230276999999944,-23.09972199999993]},"properties":{"well_id":"3500023143","municipality":"Amambai","hydro_unit":"Formação Serra Geral","domain":"Fraturada","layer_code":"T04","layer_name":"Evidência hidrogeológica datada","latest_evidence_date":"1987-07-03","latest_evidence_age_years":39.157546013949634,"dated_domains_n":1,"time_series_status":"UNKNOWN_SERIE_TEMPORAL_NAO_ADQUIRIDA"}},{"type":"Feature","geometry":{"type":"Point","coordinates":[-55.049999999999955,-22.798610999999937]},"properties":{"well_id":"3500026991","municipality":"Laguna Carapã","hydro_unit":"Formação Serra Geral","domain":"Fraturada","layer_code":"T04","layer_name":"Evidência hidrogeológica datada","latest_evidence_date":"2009-07-15","latest_evidence_age_years":17.122870421706125,"dated_domains_n":2,"time_series_status":"UNKNOWN_SERIE_TEMPORAL_NAO_ADQUIRIDA"}},{"type":"Feature","geometry":{"type":"Point","coordinates":[-52.41749999999996,-21.716943999999955]},"properties":{"well_id":"3500023279","municipality":"Bataguassu","hydro_unit":"Grupo Caiuá","domain":"Granular","layer_code":"T04","layer_name":"Evidência hidrogeológica datada","latest_evidence_date":"1993-07-26","latest_evidence_age_years":33.09308199347009,"dated_domains_n":1,"time_series_status":"UNKNOWN_SERIE_TEMPORAL_NAO_ADQUIRIDA"}},{"type":"Feature","geometry":{"type":"Point","coordinates":[-52.622776999999985,-18.803332999999952]},"properties":{"well_id":"3500023327","municipality":"Chapadão do Sul","hydro_unit":"Formação Cachoeirinha","domain":"Granular","layer_code":"T04","layer_name":"Evidência hidrogeológica datada","latest_evidence_date":"1985-05-25","latest_evidence_age_years":41.262996502323794,"dated_domains_n":1,"time_series_status":"UNKNOWN_SERIE_TEMPORAL_NAO_ADQUIRIDA"}},{"type":"Feature","geometry":{"type":"Point","coordinates":[-55.059443999999985,-23.97444399999995]},"properties":{"well_id":"3500023357","municipality":"Sete Quedas","hydro_unit":"Grupo Caiuá","domain":"Granular","layer_code":"T04","layer_name":"Evidência hidrogeológica datada","latest_evidence_date":"1981-08-31","latest_evidence_age_years":44.99476375284913,"dated_domains_n":1,"time_series_status":"UNKNOWN_SERIE_TEMPORAL_NAO_ADQUIRIDA"}},{"type":"Feature","geometry":{"type":"Point","coordinates":[-51.92944399999993,-19.728610999999944]},"properties":{"well_id":"3500023307","municipality":"Inocência","hydro_unit":"Grupo Bauru","domain":"Granular","layer_code":"T04","layer_name":"Evidência hidrogeológica datada","latest_evidence_date":"1978-08-14","latest_evidence_age_years":48.04205425162734,"dated_domains_n":2,"time_series_status":"UNKNOWN_SERIE_TEMPORAL_NAO_ADQUIRIDA"}},{"type":"Feature","geometry":{"type":"Point","coordinates":[-53.76694399999997,-22.144999999999982]},"properties":{"well_id":"3500027240","municipality":"Angélica","hydro_unit":"Grupo Caiuá","domain":"Granular","layer_code":"T04","layer_name":"Evidência hidrogeológica datada","latest_evidence_date":"2010-01-25","latest_evidence_age_years":16.591716462350355,"dated_domains_n":2,"time_series_status":"UNKNOWN_SERIE_TEMPORAL_NAO_ADQUIRIDA"}},{"type":"Feature","geometry":{"type":"Point","coordinates":[-54.567777999999976,-20.374166999999943]},"properties":{"well_id":"3500045154","municipality":"Campo Grande","hydro_unit":"Formação Serra Geral","domain":"Fraturada","layer_code":"T04","layer_name":"Evidência hidrogeológica datada","latest_evidence_date":"2009-09-09","latest_evidence_age_years":16.96954762931477,"dated_domains_n":2,"time_series_status":"UNKNOWN_SERIE_TEMPORAL_NAO_ADQUIRIDA"}},{"type":"Feature","geometry":{"type":"Point","coordinates":[-54.75444399999998,-20.47333299999997]},"properties":{"well_id":"3500053094","municipality":"Campo Grande","hydro_unit":"Formação Serra Geral","domain":"Fraturada","layer_code":"T04","layer_name":"Evidência hidrogeológica datada","latest_evidence_date":"2011-11-22","latest_evidence_age_years":14.76827039569601,"dated_domains_n":2,"time_series_status":"UNKNOWN_SERIE_TEMPORAL_NAO_ADQUIRIDA"}},{"type":"Feature","geometry":{"type":"Point","coordinates":[-55.17166599999996,-21.617776999999933]},"properties":{"well_id":"3500022863","municipality":"Maracaju","hydro_unit":"Formação Serra Geral","domain":"Fraturada","layer_code":"T04","layer_name":"Evidência hidrogeológica datada","latest_evidence_date":"2004-07-17","latest_evidence_age_years":22.116812802453165,"dated_domains_n":2,"time_series_status":"UNKNOWN_SERIE_TEMPORAL_NAO_ADQUIRIDA"}},{"type":"Feature","geometry":{"type":"Point","coordinates":[-55.49944399999998,-21.72277699999995]},"properties":{"well_id":"3500022883","municipality":"Maracaju","hydro_unit":"Formação Serra Geral","domain":"Fraturada","layer_code":"T04","layer_name":"Evidência hidrogeológica datada","latest_evidence_date":"2003-10-17","latest_evidence_age_years":22.866999322368017,"dated_domains_n":2,"time_series_status":"UNKNOWN_SERIE_TEMPORAL_NAO_ADQUIRIDA"}},{"type":"Feature","geometry":{"type":"Point","coordinates":[-54.778888999999936,-22.214999999999975]},"properties":{"well_id":"3500065119","municipality":"Dourados","hydro_unit":"Formação Serra Geral","domain":"Fraturada","layer_code":"T04","layer_name":"Evidência hidrogeológica datada","latest_evidence_date":"2019-09-06","latest_evidence_age_years":6.978924960813706,"dated_domains_n":2,"time_series_status":"UNKNOWN_SERIE_TEMPORAL_NAO_ADQUIRIDA"}},{"type":"Feature","geometry":{"type":"Point","coordinates":[-55.17111099999994,-21.61722199999997]},"properties":{"well_id":"3500027069","municipality":"Maracaju","hydro_unit":"Formação Serra Geral","domain":"Fraturada","layer_code":"T04","layer_name":"Evidência hidrogeológica datada","latest_evidence_date":"2007-07-03","latest_evidence_age_years":19.157135327898587,"dated_domains_n":2,"time_series_status":"UNKNOWN_SERIE_TEMPORAL_NAO_ADQUIRIDA"}},{"type":"Feature","geometry":{"type":"Point","coordinates":[-54.505277999999976,-20.943888999999956]},"properties":{"well_id":"3500045644","municipality":"Campo Grande","hydro_unit":"Formação Serra Geral","domain":"Fraturada","layer_code":"T04","layer_name":"Evidência hidrogeológica datada","latest_evidence_date":"2010-04-30","latest_evidence_age_years":16.331615296686447,"dated_domains_n":2,"time_series_status":"UNKNOWN_SERIE_TEMPORAL_NAO_ADQUIRIDA"}},{"type":"Feature","geometry":{"type":"Point","coordinates":[-54.558610999999985,-20.392499999999927]},"properties":{"well_id":"3500045617","municipality":"Campo Grande","hydro_unit":"Formação Serra Geral","domain":"Fraturada","layer_code":"T04","layer_name":"Evidência hidrogeológica datada","latest_evidence_date":"2012-03-23","latest_evidence_age_years":14.434245740843412,"dated_domains_n":2,"time_series_status":"UNKNOWN_SERIE_TEMPORAL_NAO_ADQUIRIDA"}},{"type":"Feature","geometry":{"type":"Point","coordinates":[-54.03694399999995,-19.539165999999966]},"properties":{"well_id":"3500023250","municipality":"Camapuã","hydro_unit":"Formação Botucatu","domain":"Granular","layer_code":"T04","layer_name":"Evidência hidrogeológica datada","latest_evidence_date":"1998-05-30","latest_evidence_age_years":28.249724498107422,"dated_domains_n":1,"time_series_status":"UNKNOWN_SERIE_TEMPORAL_NAO_ADQUIRIDA"}},{"type":"Feature","geometry":{"type":"Point","coordinates":[-53.81138899999996,-22.29277799999994]},"properties":{"well_id":"3500045663","municipality":"Ivinhema","hydro_unit":"Grupo Caiuá","domain":"Granular","layer_code":"T04","layer_name":"Evidência hidrogeológica datada","latest_evidence_date":"2012-11-13","latest_evidence_age_years":13.790837594201113,"dated_domains_n":2,"time_series_status":"UNKNOWN_SERIE_TEMPORAL_NAO_ADQUIRIDA"}},{"type":"Feature","geometry":{"type":"Point","coordinates":[-55.23555499999998,-23.103887999999927]},"properties":{"well_id":"3500023138","municipality":"Amambai","hydro_unit":"Formação Serra Geral","domain":"Fraturada","layer_code":"T04","layer_name":"Evidência hidrogeológica datada","latest_evidence_date":"1982-04-22","latest_evidence_age_years":44.354093513213826,"dated_domains_n":2,"time_series_status":"UNKNOWN_SERIE_TEMPORAL_NAO_ADQUIRIDA"}},{"type":"Feature","geometry":{"type":"Point","coordinates":[-52.71333299999998,-22.183888999999965]},"properties":{"well_id":"3500027167","municipality":"Anaurilândia","hydro_unit":"Grupo Caiuá","domain":"Granular","layer_code":"T04","layer_name":"Evidência hidrogeológica datada","latest_evidence_date":"2010-01-25","latest_evidence_age_years":16.591716462350355,"dated_domains_n":2,"time_series_status":"UNKNOWN_SERIE_TEMPORAL_NAO_ADQUIRIDA"}},{"type":"Feature","geometry":{"type":"Point","coordinates":[-54.558610999999985,-23.676387999999974]},"properties":{"well_id":"3500023358","municipality":"Iguatemi","hydro_unit":"Grupo Caiuá","domain":"Granular","layer_code":"T04","layer_name":"Evidência hidrogeológica datada","latest_evidence_date":"1991-12-17","latest_evidence_age_years":34.700233406572345,"dated_domains_n":2,"time_series_status":"UNKNOWN_SERIE_TEMPORAL_NAO_ADQUIRIDA"}},{"type":"Feature","geometry":{"type":"Point","coordinates":[-51.66805599999998,-20.747499999999945]},"properties":{"well_id":"3500026925","municipality":"Três Lagoas","hydro_unit":"Formação Serra Geral","domain":"Fraturada","layer_code":"T04","layer_name":"Evidência hidrogeológica datada","latest_evidence_date":"2008-02-13","latest_evidence_age_years":18.541106251326173,"dated_domains_n":1,"time_series_status":"UNKNOWN_SERIE_TEMPORAL_NAO_ADQUIRIDA"}},{"type":"Feature","geometry":{"type":"Point","coordinates":[-54.52472199999994,-19.30583299999995]},"properties":{"well_id":"3500026970","municipality":"São Gabriel do Oeste","hydro_unit":"Grupo Bauru","domain":"Granular","layer_code":"T04","layer_name":"Evidência hidrogeológica datada","latest_evidence_date":"2008-06-17","latest_evidence_age_years":18.19886787545261,"dated_domains_n":1,"time_series_status":"UNKNOWN_SERIE_TEMPORAL_NAO_ADQUIRIDA"}},{"type":"Feature","geometry":{"type":"Point","coordinates":[-53.383332999999936,-22.288332999999966]},"properties":{"well_id":"3500026938","municipality":"Nova Andradina","hydro_unit":"Grupo Caiuá","domain":"Granular","layer_code":"T04","layer_name":"Evidência hidrogeológica datada","latest_evidence_date":"2008-06-25","latest_evidence_age_years":18.176964619396703,"dated_domains_n":1,"time_series_status":"UNKNOWN_SERIE_TEMPORAL_NAO_ADQUIRIDA"}},{"type":"Feature","geometry":{"type":"Point","coordinates":[-52.73999999999995,-18.735832999999957]},"properties":{"well_id":"3500026972","municipality":"Chapadão do Sul","hydro_unit":"Formação Cachoeirinha","domain":"Granular","layer_code":"T04","layer_name":"Evidência hidrogeológica datada","latest_evidence_date":"2008-06-13","latest_evidence_age_years":18.209819503480563,"dated_domains_n":1,"time_series_status":"UNKNOWN_SERIE_TEMPORAL_NAO_ADQUIRIDA"}},{"type":"Feature","geometry":{"type":"Point","coordinates":[-54.79249999999996,-22.225832999999966]},"properties":{"well_id":"3500027094","municipality":"Dourados","hydro_unit":"Formação Serra Geral","domain":"Fraturada","layer_code":"T04","layer_name":"Evidência hidrogeológica datada","latest_evidence_date":"2009-07-31","latest_evidence_age_years":17.07906390959431,"dated_domains_n":1,"time_series_status":"UNKNOWN_SERIE_TEMPORAL_NAO_ADQUIRIDA"}},{"type":"Feature","geometry":{"type":"Point","coordinates":[-55.58555599999994,-23.02361099999996]},"properties":{"well_id":"3500027313","municipality":"Aral Moreira","hydro_unit":"Formação Serra Geral","domain":"Fraturada","layer_code":"T04","layer_name":"Evidência hidrogeológica datada","latest_evidence_date":"2009-10-28","latest_evidence_age_years":16.835390185972333,"dated_domains_n":1,"time_series_status":"UNKNOWN_SERIE_TEMPORAL_NAO_ADQUIRIDA"}},{"type":"Feature","geometry":{"type":"Point","coordinates":[-55.24166599999995,-23.09944399999995]},"properties":{"well_id":"3500023150","municipality":"Amambai","hydro_unit":"Formação Serra Geral","domain":"Fraturada","layer_code":"T04","layer_name":"Evidência hidrogeológica datada","latest_evidence_date":"1981-07-08","latest_evidence_age_years":45.14261073122651,"dated_domains_n":1,"time_series_status":"UNKNOWN_SERIE_TEMPORAL_NAO_ADQUIRIDA"}},{"type":"Feature","geometry":{"type":"Point","coordinates":[-54.32638799999995,-19.25194399999998]},"properties":{"well_id":"3500023237","municipality":"São Gabriel do Oeste","hydro_unit":"Formação Botucatu","domain":"Granular","layer_code":"T04","layer_name":"Evidência hidrogeológica datada","latest_evidence_date":"1992-10-28","latest_evidence_age_years":33.83505479236398,"dated_domains_n":1,"time_series_status":"UNKNOWN_SERIE_TEMPORAL_NAO_ADQUIRIDA"}},{"type":"Feature","geometry":{"type":"Point","coordinates":[-54.03333299999997,-19.53416599999997]},"properties":{"well_id":"3500023244","municipality":"Camapuã","hydro_unit":"Formação Botucatu","domain":"Granular","layer_code":"T04","layer_name":"Evidência hidrogeológica datada","latest_evidence_date":"1989-09-07","latest_evidence_age_years":36.97543412937979,"dated_domains_n":1,"time_series_status":"UNKNOWN_SERIE_TEMPORAL_NAO_ADQUIRIDA"}},{"type":"Feature","geometry":{"type":"Point","coordinates":[-54.038610999999946,-19.561387999999965]},"properties":{"well_id":"3500023245","municipality":"Camapuã","hydro_unit":"Formação Botucatu","domain":"Granular","layer_code":"T04","layer_name":"Evidência hidrogeológica datada","latest_evidence_date":"1986-12-05","latest_evidence_age_years":39.732506485417225,"dated_domains_n":1,"time_series_status":"UNKNOWN_SERIE_TEMPORAL_NAO_ADQUIRIDA"}},{"type":"Feature","geometry":{"type":"Point","coordinates":[-54.58472199999994,-19.402221999999938]},"properties":{"well_id":"3500023236","municipality":"São Gabriel do Oeste","hydro_unit":"Grupo Bauru","domain":"Granular","layer_code":"T04","layer_name":"Evidência hidrogeológica datada","latest_evidence_date":"1998-05-10","latest_evidence_age_years":28.30448263824719,"dated_domains_n":1,"time_series_status":"UNKNOWN_SERIE_TEMPORAL_NAO_ADQUIRIDA"}},{"type":"Feature","geometry":{"type":"Point","coordinates":[-55.863887999999974,-21.16999999999996]},"properties":{"well_id":"3500023343","municipality":"Nioaque","hydro_unit":"Formação Botucatu","domain":"Granular","layer_code":"T04","layer_name":"Evidência hidrogeológica datada","latest_evidence_date":"1995-10-01","latest_evidence_age_years":30.91097010890025,"dated_domains_n":1,"time_series_status":"UNKNOWN_SERIE_TEMPORAL_NAO_ADQUIRIDA"}},{"type":"Feature","geometry":{"type":"Point","coordinates":[-54.23638799999998,-22.406110999999953]},"properties":{"well_id":"3500023379","municipality":"Glória de Dourados","hydro_unit":"Formação Serra Geral","domain":"Fraturada","layer_code":"T04","layer_name":"Evidência hidrogeológica datada","latest_evidence_date":"1987-07-22","latest_evidence_age_years":39.105525780816855,"dated_domains_n":1,"time_series_status":"UNKNOWN_SERIE_TEMPORAL_NAO_ADQUIRIDA"}},{"type":"Feature","geometry":{"type":"Point","coordinates":[-54.69027799999998,-22.61861099999993]},"properties":{"well_id":"3500045606","municipality":"Caarapó","hydro_unit":"Grupo Caiuá","domain":"Granular","layer_code":"T04","layer_name":"Evidência hidrogeológica datada","latest_evidence_date":"2009-04-27","latest_evidence_age_years":17.33916507525822,"dated_domains_n":1,"time_series_status":"UNKNOWN_SERIE_TEMPORAL_NAO_ADQUIRIDA"}},{"type":"Feature","geometry":{"type":"Point","coordinates":[-54.75861099999997,-20.48361099999994]},"properties":{"well_id":"3500022488","municipality":"Campo Grande","hydro_unit":"Formação Serra Geral","domain":"Fraturada","layer_code":"T04","layer_name":"Evidência hidrogeológica datada","latest_evidence_date":"1998-03-16","latest_evidence_age_years":28.45506752363156,"dated_domains_n":1,"time_series_status":"UNKNOWN_SERIE_TEMPORAL_NAO_ADQUIRIDA"}},{"type":"Feature","geometry":{"type":"Point","coordinates":[-54.62527699999998,-20.51499999999993]},"properties":{"well_id":"3500022506","municipality":"Campo Grande","hydro_unit":"Formação Serra Geral","domain":"Fraturada","layer_code":"T04","layer_name":"Evidência hidrogeológica datada","latest_evidence_date":"1985-09-23","latest_evidence_age_years":40.93170975447819,"dated_domains_n":1,"time_series_status":"UNKNOWN_SERIE_TEMPORAL_NAO_ADQUIRIDA"}},{"type":"Feature","geometry":{"type":"Point","coordinates":[-53.90083299999998,-19.01472199999995]},"properties":{"well_id":"3500022996","municipality":"Camapuã","hydro_unit":"Formação Botucatu","domain":"Granular","layer_code":"T04","layer_name":"Evidência hidrogeológica datada","latest_evidence_date":"1984-05-04","latest_evidence_age_years":42.319828607021364,"dated_domains_n":1,"time_series_status":"UNKNOWN_SERIE_TEMPORAL_NAO_ADQUIRIDA"}},{"type":"Feature","geometry":{"type":"Point","coordinates":[-54.35388899999998,-19.91999999999996]},"properties":{"well_id":"3500065092","municipality":"Bandeirantes","hydro_unit":"Formação Serra Geral","domain":"Fraturada","layer_code":"T04","layer_name":"Evidência hidrogeológica datada","latest_evidence_date":"2019-09-05","latest_evidence_age_years":6.9816628678206945,"dated_domains_n":1,"time_series_status":"UNKNOWN_SERIE_TEMPORAL_NAO_ADQUIRIDA"}},{"type":"Feature","geometry":{"type":"Point","coordinates":[-54.36888899999997,-19.926110999999935]},"properties":{"well_id":"3500065093","municipality":"Bandeirantes","hydro_unit":"Formação Serra Geral","domain":"Fraturada","layer_code":"T04","layer_name":"Evidência hidrogeológica datada","latest_evidence_date":"2019-09-05","latest_evidence_age_years":6.9816628678206945,"dated_domains_n":1,"time_series_status":"UNKNOWN_SERIE_TEMPORAL_NAO_ADQUIRIDA"}},{"type":"Feature","geometry":{"type":"Point","coordinates":[-54.58499999999998,-19.403888999999936]},"properties":{"well_id":"3500065126","municipality":"São Gabriel do Oeste","hydro_unit":"Grupo Bauru","domain":"Granular","layer_code":"T04","layer_name":"Evidência hidrogeológica datada","latest_evidence_date":"2019-09-09","latest_evidence_age_years":6.97071123979274,"dated_domains_n":1,"time_series_status":"UNKNOWN_SERIE_TEMPORAL_NAO_ADQUIRIDA"}},{"type":"Feature","geometry":{"type":"Point","coordinates":[-56.214999999999975,-21.58499999999998]},"properties":{"well_id":"3500065130","municipality":"Jardim","hydro_unit":"Formação Aquidauana","domain":"Granular","layer_code":"T04","layer_name":"Evidência hidrogeológica datada","latest_evidence_date":"2019-09-09","latest_evidence_age_years":6.97071123979274,"dated_domains_n":1,"time_series_status":"UNKNOWN_SERIE_TEMPORAL_NAO_ADQUIRIDA"}},{"type":"Feature","geometry":{"type":"Point","coordinates":[-51.143888999999945,-20.144999999999982]},"properties":{"well_id":"3500026837","municipality":"Aparecida do Taboado","hydro_unit":"Grupo Caiuá","domain":"Granular","layer_code":"T04","layer_name":"Evidência hidrogeológica datada","latest_evidence_date":"2023-03-13","latest_evidence_age_years":3.463452363840462,"dated_domains_n":3,"time_series_status":"UNKNOWN_SERIE_TEMPORAL_NAO_ADQUIRIDA"}},{"type":"Feature","geometry":{"type":"Point","coordinates":[-53.75111099999998,-20.478332999999964]},"properties":{"well_id":"3500028111","municipality":"Ribas do Rio Pardo","hydro_unit":"Grupo Caiuá","domain":"Granular","layer_code":"T04","layer_name":"Evidência hidrogeológica datada","latest_evidence_date":"2023-11-30","latest_evidence_age_years":2.746120728009473,"dated_domains_n":3,"time_series_status":"UNKNOWN_SERIE_TEMPORAL_NAO_ADQUIRIDA"}},{"type":"Feature","geometry":{"type":"Point","coordinates":[-53.63638899999995,-18.682777999999928]},"properties":{"well_id":"3500034022","municipality":"Figueirão","hydro_unit":"Formação Botucatu","domain":"Granular","layer_code":"T04","layer_name":"Evidência hidrogeológica datada","latest_evidence_date":"2023-12-01","latest_evidence_age_years":2.7433828210024847,"dated_domains_n":3,"time_series_status":"UNKNOWN_SERIE_TEMPORAL_NAO_ADQUIRIDA"}},{"type":"Feature","geometry":{"type":"Point","coordinates":[-54.676665999999955,-20.441110999999978]},"properties":{"well_id":"3500022485","municipality":"Campo Grande","hydro_unit":"Formação Serra Geral","domain":"Fraturada","layer_code":"T04","layer_name":"Evidência hidrogeológica datada","latest_evidence_date":"1984-01-02","latest_evidence_age_years":42.65659116888095,"dated_domains_n":1,"time_series_status":"UNKNOWN_SERIE_TEMPORAL_NAO_ADQUIRIDA"}},{"type":"Feature","geometry":{"type":"Point","coordinates":[-54.64499999999998,-20.530832999999973]},"properties":{"well_id":"3500022497","municipality":"Campo Grande","hydro_unit":"Formação Serra Geral","domain":"Fraturada","layer_code":"T04","layer_name":"Evidência hidrogeológica datada","latest_evidence_date":"1997-06-20","latest_evidence_age_years":29.19156450851147,"dated_domains_n":1,"time_series_status":"UNKNOWN_SERIE_TEMPORAL_NAO_ADQUIRIDA"}},{"type":"Feature","geometry":{"type":"Point","coordinates":[-54.663887999999986,-20.444443999999976]},"properties":{"well_id":"3500022502","municipality":"Campo Grande","hydro_unit":"Formação Serra Geral","domain":"Fraturada","layer_code":"T04","layer_name":"Evidência hidrogeológica datada","latest_evidence_date":"1984-06-09","latest_evidence_age_years":42.221263954769775,"dated_domains_n":1,"time_series_status":"UNKNOWN_SERIE_TEMPORAL_NAO_ADQUIRIDA"}},{"type":"Feature","geometry":{"type":"Point","coordinates":[-54.591943999999955,-20.446943999999974]},"properties":{"well_id":"3500022513","municipality":"Campo Grande","hydro_unit":"Formação Serra Geral","domain":"Fraturada","layer_code":"T04","layer_name":"Evidência hidrogeológica datada","latest_evidence_date":"1976-06-14","latest_evidence_age_years":50.20773869415525,"dated_domains_n":1,"time_series_status":"UNKNOWN_SERIE_TEMPORAL_NAO_ADQUIRIDA"}},{"type":"Feature","geometry":{"type":"Point","coordinates":[-54.583887999999945,-20.529721999999936]},"properties":{"well_id":"3500022529","municipality":"Campo Grande","hydro_unit":"Formação Serra Geral","domain":"Fraturada","layer_code":"T04","layer_name":"Evidência hidrogeológica datada","latest_evidence_date":"1997-08-29","latest_evidence_age_years":28.99991101802227,"dated_domains_n":1,"time_series_status":"UNKNOWN_SERIE_TEMPORAL_NAO_ADQUIRIDA"}},{"type":"Feature","geometry":{"type":"Point","coordinates":[-53.823332999999934,-22.313887999999963]},"properties":{"well_id":"3500022547","municipality":"Ivinhema","hydro_unit":"Grupo Caiuá","domain":"Granular","layer_code":"T04","layer_name":"Evidência hidrogeológica datada","latest_evidence_date":"1980-04-07","latest_evidence_age_years":46.393834233420264,"dated_domains_n":1,"time_series_status":"UNKNOWN_SERIE_TEMPORAL_NAO_ADQUIRIDA"}},{"type":"Feature","geometry":{"type":"Point","coordinates":[-53.841110999999955,-22.308332999999948]},"properties":{"well_id":"3500022549","municipality":"Ivinhema","hydro_unit":"Grupo Caiuá","domain":"Granular","layer_code":"T04","layer_name":"Evidência hidrogeológica datada","latest_evidence_date":"2004-09-02","latest_evidence_age_years":21.988131173124703,"dated_domains_n":1,"time_series_status":"UNKNOWN_SERIE_TEMPORAL_NAO_ADQUIRIDA"}},{"type":"Feature","geometry":{"type":"Point","coordinates":[-53.34722199999993,-22.241665999999952]},"properties":{"well_id":"3500022552","municipality":"Nova Andradina","hydro_unit":"Grupo Caiuá","domain":"Granular","layer_code":"T04","layer_name":"Evidência hidrogeológica datada","latest_evidence_date":"1987-03-02","latest_evidence_age_years":39.49430857580922,"dated_domains_n":1,"time_series_status":"UNKNOWN_SERIE_TEMPORAL_NAO_ADQUIRIDA"}},{"type":"Feature","geometry":{"type":"Point","coordinates":[-53.34861099999995,-22.485832999999957]},"properties":{"well_id":"3500022559","municipality":"Taquarussu","hydro_unit":"Grupo Caiuá","domain":"Granular","layer_code":"T04","layer_name":"Evidência hidrogeológica datada","latest_evidence_date":"2001-05-17","latest_evidence_age_years":25.284571209538868,"dated_domains_n":1,"time_series_status":"UNKNOWN_SERIE_TEMPORAL_NAO_ADQUIRIDA"}},{"type":"Feature","geometry":{"type":"Point","coordinates":[-51.70833299999998,-20.78472199999993]},"properties":{"well_id":"3500022583","municipality":"Três Lagoas","hydro_unit":"Grupo Caiuá","domain":"Granular","layer_code":"T04","layer_name":"Evidência hidrogeológica datada","latest_evidence_date":"2003-05-27","latest_evidence_age_years":23.25852002436737,"dated_domains_n":1,"time_series_status":"UNKNOWN_SERIE_TEMPORAL_NAO_ADQUIRIDA"}},{"type":"Feature","geometry":{"type":"Point","coordinates":[-52.62555499999996,-18.801110999999935]},"properties":{"well_id":"3500022608","municipality":"Chapadão do Sul","hydro_unit":"Formação Cachoeirinha","domain":"Granular","layer_code":"T04","layer_name":"Evidência hidrogeológica datada","latest_evidence_date":"2000-06-25","latest_evidence_age_years":26.17712889381712,"dated_domains_n":1,"time_series_status":"UNKNOWN_SERIE_TEMPORAL_NAO_ADQUIRIDA"}},{"type":"Feature","geometry":{"type":"Point","coordinates":[-55.54416599999996,-22.188054999999963]},"properties":{"well_id":"3500022620","municipality":"Ponta Porã","hydro_unit":"Formação Serra Geral","domain":"Fraturada","layer_code":"T04","layer_name":"Evidência hidrogeológica datada","latest_evidence_date":"2002-04-02","latest_evidence_age_years":24.408440967302546,"dated_domains_n":1,"time_series_status":"UNKNOWN_SERIE_TEMPORAL_NAO_ADQUIRIDA"}},{"type":"Feature","geometry":{"type":"Point","coordinates":[-54.20222199999995,-23.06888799999996]},"properties":{"well_id":"3500022634","municipality":"Naviraí","hydro_unit":"Grupo Caiuá","domain":"Granular","layer_code":"T04","layer_name":"Evidência hidrogeológica datada","latest_evidence_date":"2000-10-10","latest_evidence_age_years":25.88417284406935,"dated_domains_n":1,"time_series_status":"UNKNOWN_SERIE_TEMPORAL_NAO_ADQUIRIDA"}},{"type":"Feature","geometry":{"type":"Point","coordinates":[-52.70972199999994,-21.849999999999966]},"properties":{"well_id":"3500022671","municipality":"Anaurilândia","hydro_unit":"Grupo Caiuá","domain":"Granular","layer_code":"T04","layer_name":"Evidência hidrogeológica datada","latest_evidence_date":"1995-10-16","latest_evidence_age_years":30.869901503795422,"dated_domains_n":1,"time_series_status":"UNKNOWN_SERIE_TEMPORAL_NAO_ADQUIRIDA"}},{"type":"Feature","geometry":{"type":"Point","coordinates":[-55.142499999999984,-22.56361099999998]},"properties":{"well_id":"3500022713","municipality":"Laguna Carapã","hydro_unit":"Formação Serra Geral","domain":"Fraturada","layer_code":"T04","layer_name":"Evidência hidrogeológica datada","latest_evidence_date":"1983-12-16","latest_evidence_age_years":42.70313558799975,"dated_domains_n":1,"time_series_status":"UNKNOWN_SERIE_TEMPORAL_NAO_ADQUIRIDA"}},{"type":"Feature","geometry":{"type":"Point","coordinates":[-54.18222199999997,-23.05666599999995]},"properties":{"well_id":"3500022718","municipality":"Naviraí","hydro_unit":"Grupo Caiuá","domain":"Granular","layer_code":"T04","layer_name":"Evidência hidrogeológica datada","latest_evidence_date":"1998-11-27","latest_evidence_age_years":27.754163329842502,"dated_domains_n":1,"time_series_status":"UNKNOWN_SERIE_TEMPORAL_NAO_ADQUIRIDA"}},{"type":"Feature","geometry":{"type":"Point","coordinates":[-54.17888799999997,-23.053332999999952]},"properties":{"well_id":"3500022724","municipality":"Naviraí","hydro_unit":"Grupo Caiuá","domain":"Granular","layer_code":"T04","layer_name":"Evidência hidrogeológica datada","latest_evidence_date":"2000-10-08","latest_evidence_age_years":25.889648658083328,"dated_domains_n":1,"time_series_status":"UNKNOWN_SERIE_TEMPORAL_NAO_ADQUIRIDA"}},{"type":"Feature","geometry":{"type":"Point","coordinates":[-55.73222199999998,-22.518610999999964]},"properties":{"well_id":"3500022744","municipality":"Ponta Porã","hydro_unit":"Grupo Caiuá","domain":"Granular","layer_code":"T04","layer_name":"Evidência hidrogeológica datada","latest_evidence_date":"1975-01-21","latest_evidence_age_years":51.60407126771939,"dated_domains_n":1,"time_series_status":"UNKNOWN_SERIE_TEMPORAL_NAO_ADQUIRIDA"}},{"type":"Feature","geometry":{"type":"Point","coordinates":[-55.739443999999935,-22.498054999999965]},"properties":{"well_id":"3500022745","municipality":"Ponta Porã","hydro_unit":"Grupo Caiuá","domain":"Granular","layer_code":"T04","layer_name":"Evidência hidrogeológica datada","latest_evidence_date":"1984-07-31","latest_evidence_age_years":42.07889279040637,"dated_domains_n":1,"time_series_status":"UNKNOWN_SERIE_TEMPORAL_NAO_ADQUIRIDA"}},{"type":"Feature","geometry":{"type":"Point","coordinates":[-55.73361099999994,-22.487776999999937]},"properties":{"well_id":"3500022746","municipality":"Ponta Porã","hydro_unit":"Grupo Caiuá","domain":"Granular","layer_code":"T04","layer_name":"Evidência hidrogeológica datada","latest_evidence_date":"1984-03-07","latest_evidence_age_years":42.4786272134267,"dated_domains_n":1,"time_series_status":"UNKNOWN_SERIE_TEMPORAL_NAO_ADQUIRIDA"}},{"type":"Feature","geometry":{"type":"Point","coordinates":[-55.79944399999994,-20.490554999999972]},"properties":{"well_id":"3500022757","municipality":"Anastácio","hydro_unit":"Formação Aquidauana","domain":"Granular","layer_code":"T04","layer_name":"Evidência hidrogeológica datada","latest_evidence_date":"1977-01-02","latest_evidence_age_years":49.654681478743576,"dated_domains_n":1,"time_series_status":"UNKNOWN_SERIE_TEMPORAL_NAO_ADQUIRIDA"}},{"type":"Feature","geometry":{"type":"Point","coordinates":[-55.78666599999997,-20.456110999999964]},"properties":{"well_id":"3500022763","municipality":"Aquidauana","hydro_unit":"Formação Aquidauana","domain":"Granular","layer_code":"T04","layer_name":"Evidência hidrogeológica datada","latest_evidence_date":"1981-01-02","latest_evidence_age_years":45.65459934153336,"dated_domains_n":1,"time_series_status":"UNKNOWN_SERIE_TEMPORAL_NAO_ADQUIRIDA"}},{"type":"Feature","geometry":{"type":"Point","coordinates":[-55.77555499999994,-20.47194399999995]},"properties":{"well_id":"3500022769","municipality":"Aquidauana","hydro_unit":"Formação Aquidauana","domain":"Granular","layer_code":"T04","layer_name":"Evidência hidrogeológica datada","latest_evidence_date":"1966-01-02","latest_evidence_age_years":60.6555918328234,"dated_domains_n":1,"time_series_status":"UNKNOWN_SERIE_TEMPORAL_NAO_ADQUIRIDA"}},{"type":"Feature","geometry":{"type":"Point","coordinates":[-57.02249999999998,-22.01194399999997]},"properties":{"well_id":"3500022777","municipality":"Caracol","hydro_unit":"Embasamento Indiferenciado","domain":"Fraturada","layer_code":"T04","layer_name":"Evidência hidrogeológica datada","latest_evidence_date":"1981-04-24","latest_evidence_age_years":45.34795375675065,"dated_domains_n":1,"time_series_status":"UNKNOWN_SERIE_TEMPORAL_NAO_ADQUIRIDA"}},{"type":"Feature","geometry":{"type":"Point","coordinates":[-55.27444399999996,-20.683887999999968]},"properties":{"well_id":"3500022785","municipality":"Dois Irmãos do Buriti","hydro_unit":"Formação Serra Geral","domain":"Fraturada","layer_code":"T04","layer_name":"Evidência hidrogeológica datada","latest_evidence_date":"1997-11-01","latest_evidence_age_years":28.824684969575006,"dated_domains_n":1,"time_series_status":"UNKNOWN_SERIE_TEMPORAL_NAO_ADQUIRIDA"}},{"type":"Feature","geometry":{"type":"Point","coordinates":[-56.14111099999997,-21.486387999999977]},"properties":{"well_id":"3500022790","municipality":"Jardim","hydro_unit":"Formação Aquidauana","domain":"Granular","layer_code":"T04","layer_name":"Evidência hidrogeológica datada","latest_evidence_date":"1973-10-10","latest_evidence_age_years":52.885411746990016,"dated_domains_n":1,"time_series_status":"UNKNOWN_SERIE_TEMPORAL_NAO_ADQUIRIDA"}},{"type":"Feature","geometry":{"type":"Point","coordinates":[-54.79944399999994,-22.22194399999995]},"properties":{"well_id":"3500022839","municipality":"Dourados","hydro_unit":"Formação Serra Geral","domain":"Fraturada","layer_code":"T04","layer_name":"Evidência hidrogeológica datada","latest_evidence_date":"1977-12-12","latest_evidence_age_years":48.712841468339526,"dated_domains_n":1,"time_series_status":"UNKNOWN_SERIE_TEMPORAL_NAO_ADQUIRIDA"}},{"type":"Feature","geometry":{"type":"Point","coordinates":[-54.81249999999994,-22.26111099999997]},"properties":{"well_id":"3500022841","municipality":"Dourados","hydro_unit":"Formação Serra Geral","domain":"Fraturada","layer_code":"T04","layer_name":"Evidência hidrogeológica datada","latest_evidence_date":"1999-02-05","latest_evidence_age_years":27.562509839353307,"dated_domains_n":1,"time_series_status":"UNKNOWN_SERIE_TEMPORAL_NAO_ADQUIRIDA"}},{"type":"Feature","geometry":{"type":"Point","coordinates":[-54.84361099999995,-22.22999999999996]},"properties":{"well_id":"3500022845","municipality":"Dourados","hydro_unit":"Formação Serra Geral","domain":"Fraturada","layer_code":"T04","layer_name":"Evidência hidrogeológica datada","latest_evidence_date":"1977-01-02","latest_evidence_age_years":49.654681478743576,"dated_domains_n":1,"time_series_status":"UNKNOWN_SERIE_TEMPORAL_NAO_ADQUIRIDA"}},{"type":"Feature","geometry":{"type":"Point","coordinates":[-54.52305499999994,-22.37972199999996]},"properties":{"well_id":"3500022847","municipality":"Fátima do Sul","hydro_unit":"Formação Serra Geral","domain":"Fraturada","layer_code":"T04","layer_name":"Evidência hidrogeológica datada","latest_evidence_date":"1962-01-02","latest_evidence_age_years":64.6556739700336,"dated_domains_n":1,"time_series_status":"UNKNOWN_SERIE_TEMPORAL_NAO_ADQUIRIDA"}},{"type":"Feature","geometry":{"type":"Point","coordinates":[-54.52416599999998,-22.375554999999963]},"properties":{"well_id":"3500022848","municipality":"Fátima do Sul","hydro_unit":"Formação Serra Geral","domain":"Fraturada","layer_code":"T04","layer_name":"Evidência hidrogeológica datada","latest_evidence_date":"2001-04-10","latest_evidence_age_years":25.385873768797442,"dated_domains_n":1,"time_series_status":"UNKNOWN_SERIE_TEMPORAL_NAO_ADQUIRIDA"}},{"type":"Feature","geometry":{"type":"Point","coordinates":[-54.37611099999998,-21.451665999999932]},"properties":{"well_id":"3500022866","municipality":"Nova Alvorada do Sul","hydro_unit":"Formação Serra Geral","domain":"Fraturada","layer_code":"T04","layer_name":"Evidência hidrogeológica datada","latest_evidence_date":"2001-03-07","latest_evidence_age_years":25.47896260703505,"dated_domains_n":1,"time_series_status":"UNKNOWN_SERIE_TEMPORAL_NAO_ADQUIRIDA"}},{"type":"Feature","geometry":{"type":"Point","coordinates":[-54.34833299999997,-22.32527699999997]},"properties":{"well_id":"3500022869","municipality":"Fátima do Sul","hydro_unit":"Formação Serra Geral","domain":"Fraturada","layer_code":"T04","layer_name":"Evidência hidrogeológica datada","latest_evidence_date":"1987-04-01","latest_evidence_age_years":39.41217136559957,"dated_domains_n":1,"time_series_status":"UNKNOWN_SERIE_TEMPORAL_NAO_ADQUIRIDA"}},{"type":"Feature","geometry":{"type":"Point","coordinates":[-54.61916599999995,-22.134999999999934]},"properties":{"well_id":"3500022881","municipality":"Dourados","hydro_unit":"Formação Serra Geral","domain":"Fraturada","layer_code":"T04","layer_name":"Evidência hidrogeológica datada","latest_evidence_date":"1987-04-22","latest_evidence_age_years":39.354675318452806,"dated_domains_n":1,"time_series_status":"UNKNOWN_SERIE_TEMPORAL_NAO_ADQUIRIDA"}},{"type":"Feature","geometry":{"type":"Point","coordinates":[-54.62777699999998,-20.438054999999963]},"properties":{"well_id":"3500022888","municipality":"Campo Grande","hydro_unit":"Formação Serra Geral","domain":"Fraturada","layer_code":"T04","layer_name":"Evidência hidrogeológica datada","latest_evidence_date":"1985-07-19","latest_evidence_age_years":41.11241161693943,"dated_domains_n":1,"time_series_status":"UNKNOWN_SERIE_TEMPORAL_NAO_ADQUIRIDA"}},{"type":"Feature","geometry":{"type":"Point","coordinates":[-54.63916599999993,-20.469165999999973]},"properties":{"well_id":"3500022896","municipality":"Campo Grande","hydro_unit":"Formação Serra Geral","domain":"Fraturada","layer_code":"T04","layer_name":"Evidência hidrogeológica datada","latest_evidence_date":"1978-05-02","latest_evidence_age_years":48.32679658035415,"dated_domains_n":1,"time_series_status":"UNKNOWN_SERIE_TEMPORAL_NAO_ADQUIRIDA"}},{"type":"Feature","geometry":{"type":"Point","coordinates":[-54.66833299999996,-20.45194399999997]},"properties":{"well_id":"3500022898","municipality":"Campo Grande","hydro_unit":"Formação Serra Geral","domain":"Fraturada","layer_code":"T04","layer_name":"Evidência hidrogeológica datada","latest_evidence_date":"1979-11-29","latest_evidence_age_years":46.74976214432877,"dated_domains_n":1,"time_series_status":"UNKNOWN_SERIE_TEMPORAL_NAO_ADQUIRIDA"}},{"type":"Feature","geometry":{"type":"Point","coordinates":[-54.66138799999993,-20.49527699999993]},"properties":{"well_id":"3500022899","municipality":"Campo Grande","hydro_unit":"Formação Serra Geral","domain":"Fraturada","layer_code":"T04","layer_name":"Evidência hidrogeológica datada","latest_evidence_date":"1993-04-20","latest_evidence_age_years":33.358658973147975,"dated_domains_n":1,"time_series_status":"UNKNOWN_SERIE_TEMPORAL_NAO_ADQUIRIDA"}},{"type":"Feature","geometry":{"type":"Point","coordinates":[-54.55694399999999,-20.41722199999998]},"properties":{"well_id":"3500022915","municipality":"Campo Grande","hydro_unit":"Grupo Caiuá","domain":"Granular","layer_code":"T04","layer_name":"Evidência hidrogeológica datada","latest_evidence_date":"1992-11-26","latest_evidence_age_years":33.75565548916131,"dated_domains_n":1,"time_series_status":"UNKNOWN_SERIE_TEMPORAL_NAO_ADQUIRIDA"}},{"type":"Feature","geometry":{"type":"Point","coordinates":[-54.56472199999996,-20.506110999999976]},"properties":{"well_id":"3500022924","municipality":"Campo Grande","hydro_unit":"Formação Serra Geral","domain":"Fraturada","layer_code":"T04","layer_name":"Evidência hidrogeológica datada","latest_evidence_date":"1995-02-13","latest_evidence_age_years":31.540688720507607,"dated_domains_n":1,"time_series_status":"UNKNOWN_SERIE_TEMPORAL_NAO_ADQUIRIDA"}},{"type":"Feature","geometry":{"type":"Point","coordinates":[-52.05222199999997,-20.78527699999995]},"properties":{"well_id":"3500022958","municipality":"Três Lagoas","hydro_unit":"Grupo Caiuá","domain":"Granular","layer_code":"T04","layer_name":"Evidência hidrogeológica datada","latest_evidence_date":"2003-05-01","latest_evidence_age_years":23.329705606549073,"dated_domains_n":1,"time_series_status":"UNKNOWN_SERIE_TEMPORAL_NAO_ADQUIRIDA"}},{"type":"Feature","geometry":{"type":"Point","coordinates":[-52.264999999999986,-21.72416599999997]},"properties":{"well_id":"3500022972","municipality":"Bataguassu","hydro_unit":"Depósitos aluvionares","domain":"Granular","layer_code":"T04","layer_name":"Evidência hidrogeológica datada","latest_evidence_date":"2005-08-17","latest_evidence_age_years":21.032601627685715,"dated_domains_n":1,"time_series_status":"UNKNOWN_SERIE_TEMPORAL_NAO_ADQUIRIDA"}},{"type":"Feature","geometry":{"type":"Point","coordinates":[-54.104165999999964,-23.798887999999977]},"properties":{"well_id":"3500023021","municipality":"Eldorado","hydro_unit":"Grupo Caiuá","domain":"Granular","layer_code":"T04","layer_name":"Evidência hidrogeológica datada","latest_evidence_date":"1986-03-28","latest_evidence_age_years":40.42245905117833,"dated_domains_n":1,"time_series_status":"UNKNOWN_SERIE_TEMPORAL_NAO_ADQUIRIDA"}},{"type":"Feature","geometry":{"type":"Point","coordinates":[-54.75222199999996,-22.215832999999975]},"properties":{"well_id":"3500023038","municipality":"Dourados","hydro_unit":"Formação Serra Geral","domain":"Fraturada","layer_code":"T04","layer_name":"Evidência hidrogeológica datada","latest_evidence_date":"2001-06-04","latest_evidence_age_years":25.235288883413073,"dated_domains_n":1,"time_series_status":"UNKNOWN_SERIE_TEMPORAL_NAO_ADQUIRIDA"}},{"type":"Feature","geometry":{"type":"Point","coordinates":[-56.49527699999999,-21.114165999999955]},"properties":{"well_id":"3500023084","municipality":"Bonito","hydro_unit":"Grupo Cuiaba","domain":"Fraturada","layer_code":"T04","layer_name":"Evidência hidrogeológica datada","latest_evidence_date":"1997-02-01","latest_evidence_age_years":29.57213358248287,"dated_domains_n":1,"time_series_status":"UNKNOWN_SERIE_TEMPORAL_NAO_ADQUIRIDA"}},{"type":"Feature","geometry":{"type":"Point","coordinates":[-54.75166599999994,-21.849999999999966]},"properties":{"well_id":"3500023116","municipality":"Rio Brilhante","hydro_unit":"Formação Serra Geral","domain":"Fraturada","layer_code":"T04","layer_name":"Evidência hidrogeológica datada","latest_evidence_date":"2001-02-24","latest_evidence_age_years":25.509079584111927,"dated_domains_n":1,"time_series_status":"UNKNOWN_SERIE_TEMPORAL_NAO_ADQUIRIDA"}},{"type":"Feature","geometry":{"type":"Point","coordinates":[-54.75166599999994,-21.78555499999993]},"properties":{"well_id":"3500023117","municipality":"Rio Brilhante","hydro_unit":"Formação Serra Geral","domain":"Fraturada","layer_code":"T04","layer_name":"Evidência hidrogeológica datada","latest_evidence_date":"2001-02-27","latest_evidence_age_years":25.500865863090958,"dated_domains_n":1,"time_series_status":"UNKNOWN_SERIE_TEMPORAL_NAO_ADQUIRIDA"}},{"type":"Feature","geometry":{"type":"Point","coordinates":[-55.95055499999995,-21.20027699999997]},"properties":{"well_id":"3500023118","municipality":"Nioaque","hydro_unit":"Formação Botucatu","domain":"Granular","layer_code":"T04","layer_name":"Evidência hidrogeológica datada","latest_evidence_date":"2002-01-12","latest_evidence_age_years":24.627473527861625,"dated_domains_n":1,"time_series_status":"UNKNOWN_SERIE_TEMPORAL_NAO_ADQUIRIDA"}},{"type":"Feature","geometry":{"type":"Point","coordinates":[-57.466943999999955,-19.31833299999994]},"properties":{"well_id":"3500023121","municipality":"Corumbá","hydro_unit":"Grupo Corumbá","domain":"Cárstica","layer_code":"T04","layer_name":"Evidência hidrogeológica datada","latest_evidence_date":"1990-10-10","latest_evidence_age_years":35.88574714059837,"dated_domains_n":1,"time_series_status":"UNKNOWN_SERIE_TEMPORAL_NAO_ADQUIRIDA"}},{"type":"Feature","geometry":{"type":"Point","coordinates":[-52.03305599999993,-21.25138899999996]},"properties":{"well_id":"3500026986","municipality":"Brasilândia","hydro_unit":"Grupo Caiuá","domain":"Granular","layer_code":"T04","layer_name":"Evidência hidrogeológica datada","latest_evidence_date":"2010-09-13","latest_evidence_age_years":15.959259943736011,"dated_domains_n":2,"time_series_status":"UNKNOWN_SERIE_TEMPORAL_NAO_ADQUIRIDA"}},{"type":"Feature","geometry":{"type":"Point","coordinates":[-57.63777799999997,-19.178332999999952]},"properties":{"well_id":"3500027012","municipality":"Ladário","hydro_unit":"Embasamento Indiferenciado","domain":"Fraturada","layer_code":"T04","layer_name":"Evidência hidrogeológica datada","latest_evidence_date":"2002-10-18","latest_evidence_age_years":23.86359747291183,"dated_domains_n":1,"time_series_status":"UNKNOWN_SERIE_TEMPORAL_NAO_ADQUIRIDA"}},{"type":"Feature","geometry":{"type":"Point","coordinates":[-54.56611099999998,-23.66749999999996]},"properties":{"well_id":"3500027035","municipality":"Iguatemi","hydro_unit":"Grupo Caiuá","domain":"Granular","layer_code":"T04","layer_name":"Evidência hidrogeológica datada","latest_evidence_date":"2009-08-27","latest_evidence_age_years":17.00514042040562,"dated_domains_n":1,"time_series_status":"UNKNOWN_SERIE_TEMPORAL_NAO_ADQUIRIDA"}},{"type":"Feature","geometry":{"type":"Point","coordinates":[-54.75472199999996,-18.499721999999963]},"properties":{"well_id":"3500027063","municipality":"Coxim","hydro_unit":"Formação Furnas","domain":"Granular","layer_code":"T04","layer_name":"Evidência hidrogeológica datada","latest_evidence_date":"1987-11-15","latest_evidence_age_years":38.78792856800619,"dated_domains_n":1,"time_series_status":"UNKNOWN_SERIE_TEMPORAL_NAO_ADQUIRIDA"}},{"type":"Feature","geometry":{"type":"Point","coordinates":[-54.06694399999998,-22.05388899999997]},"properties":{"well_id":"3500027067","municipality":"Angélica","hydro_unit":"Grupo Caiuá","domain":"Granular","layer_code":"T04","layer_name":"Evidência hidrogeológica datada","latest_evidence_date":"1990-12-12","latest_evidence_age_years":35.71325899915809,"dated_domains_n":1,"time_series_status":"UNKNOWN_SERIE_TEMPORAL_NAO_ADQUIRIDA"}},{"type":"Feature","geometry":{"type":"Point","coordinates":[-54.81361099999998,-22.22999999999996]},"properties":{"well_id":"3500027081","municipality":"Dourados","hydro_unit":"Formação Serra Geral","domain":"Fraturada","layer_code":"T04","layer_name":"Evidência hidrogeológica datada","latest_evidence_date":"2001-06-16","latest_evidence_age_years":25.202433999329212,"dated_domains_n":1,"time_series_status":"UNKNOWN_SERIE_TEMPORAL_NAO_ADQUIRIDA"}},{"type":"Feature","geometry":{"type":"Point","coordinates":[-52.66083299999997,-18.771943999999962]},"properties":{"well_id":"3500027096","municipality":"Chapadão do Sul","hydro_unit":"Formação Cachoeirinha","domain":"Granular","layer_code":"T04","layer_name":"Evidência hidrogeológica datada","latest_evidence_date":"2009-08-27","latest_evidence_age_years":17.00514042040562,"dated_domains_n":1,"time_series_status":"UNKNOWN_SERIE_TEMPORAL_NAO_ADQUIRIDA"}},{"type":"Feature","geometry":{"type":"Point","coordinates":[-54.03583299999997,-19.538610999999946]},"properties":{"well_id":"3500027153","municipality":"Camapuã","hydro_unit":"Formação Botucatu","domain":"Granular","layer_code":"T04","layer_name":"Evidência hidrogeológica datada","latest_evidence_date":"2009-08-27","latest_evidence_age_years":17.00514042040562,"dated_domains_n":1,"time_series_status":"UNKNOWN_SERIE_TEMPORAL_NAO_ADQUIRIDA"}},{"type":"Feature","geometry":{"type":"Point","coordinates":[-52.40944399999995,-21.70999999999998]},"properties":{"well_id":"3500027158","municipality":"Bataguassu","hydro_unit":"Grupo Caiuá","domain":"Granular","layer_code":"T04","layer_name":"Evidência hidrogeológica datada","latest_evidence_date":"2009-08-27","latest_evidence_age_years":17.00514042040562,"dated_domains_n":1,"time_series_status":"UNKNOWN_SERIE_TEMPORAL_NAO_ADQUIRIDA"}},{"type":"Feature","geometry":{"type":"Point","coordinates":[-55.15138899999994,-22.559721999999965]},"properties":{"well_id":"3500027182","municipality":"Laguna Carapã","hydro_unit":"Formação Serra Geral","domain":"Fraturada","layer_code":"T04","layer_name":"Evidência hidrogeológica datada","latest_evidence_date":"2009-10-06","latest_evidence_age_years":16.89562414012608,"dated_domains_n":1,"time_series_status":"UNKNOWN_SERIE_TEMPORAL_NAO_ADQUIRIDA"}},{"type":"Feature","geometry":{"type":"Point","coordinates":[-54.29444399999994,-23.92916699999995]},"properties":{"well_id":"3500027184","municipality":"Mundo Novo","hydro_unit":"Grupo Caiuá","domain":"Granular","layer_code":"T04","layer_name":"Evidência hidrogeológica datada","latest_evidence_date":"2009-08-27","latest_evidence_age_years":17.00514042040562,"dated_domains_n":1,"time_series_status":"UNKNOWN_SERIE_TEMPORAL_NAO_ADQUIRIDA"}},{"type":"Feature","geometry":{"type":"Point","coordinates":[-55.81638899999996,-21.18999999999994]},"properties":{"well_id":"3500027188","municipality":"Nioaque","hydro_unit":"Formação Serra Geral","domain":"Fraturada","layer_code":"T04","layer_name":"Evidência hidrogeológica datada","latest_evidence_date":"2009-10-06","latest_evidence_age_years":16.89562414012608,"dated_domains_n":1,"time_series_status":"UNKNOWN_SERIE_TEMPORAL_NAO_ADQUIRIDA"}},{"type":"Feature","geometry":{"type":"Point","coordinates":[-54.370277999999985,-21.446666999999934]},"properties":{"well_id":"3500027192","municipality":"Nova Alvorada do Sul","hydro_unit":"Formação Serra Geral","domain":"Fraturada","layer_code":"T04","layer_name":"Evidência hidrogeológica datada","latest_evidence_date":"2009-10-06","latest_evidence_age_years":16.89562414012608,"dated_domains_n":1,"time_series_status":"UNKNOWN_SERIE_TEMPORAL_NAO_ADQUIRIDA"}},{"type":"Feature","geometry":{"type":"Point","coordinates":[-54.94805599999995,-20.93777799999998]},"properties":{"well_id":"3500027195","municipality":"Sidrolândia","hydro_unit":"Formação Serra Geral","domain":"Fraturada","layer_code":"T04","layer_name":"Evidência hidrogeológica datada","latest_evidence_date":"2009-10-06","latest_evidence_age_years":16.89562414012608,"dated_domains_n":1,"time_series_status":"UNKNOWN_SERIE_TEMPORAL_NAO_ADQUIRIDA"}},{"type":"Feature","geometry":{"type":"Point","coordinates":[-51.74111099999993,-20.776666999999975]},"properties":{"well_id":"3500027200","municipality":"Três Lagoas","hydro_unit":"Grupo Caiuá","domain":"Granular","layer_code":"T04","layer_name":"Evidência hidrogeológica datada","latest_evidence_date":"2009-11-16","latest_evidence_age_years":16.78336995283955,"dated_domains_n":2,"time_series_status":"UNKNOWN_SERIE_TEMPORAL_NAO_ADQUIRIDA"}},{"type":"Feature","geometry":{"type":"Point","coordinates":[-51.92722199999997,-19.73277799999994]},"properties":{"well_id":"3500027208","municipality":"Inocência","hydro_unit":"Grupo Bauru","domain":"Granular","layer_code":"T04","layer_name":"Evidência hidrogeológica datada","latest_evidence_date":"2009-10-06","latest_evidence_age_years":16.89562414012608,"dated_domains_n":1,"time_series_status":"UNKNOWN_SERIE_TEMPORAL_NAO_ADQUIRIDA"}},{"type":"Feature","geometry":{"type":"Point","coordinates":[-55.633888999999954,-22.944166999999936]},"properties":{"well_id":"3500027211","municipality":"Aral Moreira","hydro_unit":"Formação Serra Geral","domain":"Fraturada","layer_code":"T04","layer_name":"Evidência hidrogeológica datada","latest_evidence_date":"2009-10-06","latest_evidence_age_years":16.89562414012608,"dated_domains_n":1,"time_series_status":"UNKNOWN_SERIE_TEMPORAL_NAO_ADQUIRIDA"}},{"type":"Feature","geometry":{"type":"Point","coordinates":[-55.11916699999995,-20.744166999999948]},"properties":{"well_id":"3500027219","municipality":"Sidrolândia","hydro_unit":"Formação Serra Geral","domain":"Fraturada","layer_code":"T04","layer_name":"Evidência hidrogeológica datada","latest_evidence_date":"2009-10-06","latest_evidence_age_years":16.89562414012608,"dated_domains_n":1,"time_series_status":"UNKNOWN_SERIE_TEMPORAL_NAO_ADQUIRIDA"}},{"type":"Feature","geometry":{"type":"Point","coordinates":[-55.21472199999994,-23.111943999999937]},"properties":{"well_id":"3500027221","municipality":"Amambai","hydro_unit":"Formação Serra Geral","domain":"Fraturada","layer_code":"T04","layer_name":"Evidência hidrogeológica datada","latest_evidence_date":"2009-10-06","latest_evidence_age_years":16.89562414012608,"dated_domains_n":1,"time_series_status":"UNKNOWN_SERIE_TEMPORAL_NAO_ADQUIRIDA"}},{"type":"Feature","geometry":{"type":"Point","coordinates":[-54.86499999999995,-20.44138899999996]},"properties":{"well_id":"3500027235","municipality":"Terenos","hydro_unit":"Formação Serra Geral","domain":"Fraturada","layer_code":"T04","layer_name":"Evidência hidrogeológica datada","latest_evidence_date":"2009-10-06","latest_evidence_age_years":16.89562414012608,"dated_domains_n":1,"time_series_status":"UNKNOWN_SERIE_TEMPORAL_NAO_ADQUIRIDA"}},{"type":"Feature","geometry":{"type":"Point","coordinates":[-57.02166699999998,-22.01166699999993]},"properties":{"well_id":"3500027246","municipality":"Caracol","hydro_unit":"Embasamento Indiferenciado","domain":"Fraturada","layer_code":"T04","layer_name":"Evidência hidrogeológica datada","latest_evidence_date":"2009-10-06","latest_evidence_age_years":16.89562414012608,"dated_domains_n":1,"time_series_status":"UNKNOWN_SERIE_TEMPORAL_NAO_ADQUIRIDA"}},{"type":"Feature","geometry":{"type":"Point","coordinates":[-55.16888899999998,-21.600555999999983]},"properties":{"well_id":"3500027297","municipality":"Maracaju","hydro_unit":"Formação Serra Geral","domain":"Fraturada","layer_code":"T04","layer_name":"Evidência hidrogeológica datada","latest_evidence_date":"2009-10-06","latest_evidence_age_years":16.89562414012608,"dated_domains_n":1,"time_series_status":"UNKNOWN_SERIE_TEMPORAL_NAO_ADQUIRIDA"}},{"type":"Feature","geometry":{"type":"Point","coordinates":[-55.235555999999974,-23.096666999999968]},"properties":{"well_id":"3500027303","municipality":"Amambai","hydro_unit":"Formação Serra Geral","domain":"Fraturada","layer_code":"T04","layer_name":"Evidência hidrogeológica datada","latest_evidence_date":"2009-10-28","latest_evidence_age_years":16.835390185972333,"dated_domains_n":1,"time_series_status":"UNKNOWN_SERIE_TEMPORAL_NAO_ADQUIRIDA"}},{"type":"Feature","geometry":{"type":"Point","coordinates":[-56.278055999999935,-21.68888899999996]},"properties":{"well_id":"3500027305","municipality":"Jardim","hydro_unit":"Formação Botucatu","domain":"Granular","layer_code":"T04","layer_name":"Evidência hidrogeológica datada","latest_evidence_date":"2009-10-28","latest_evidence_age_years":16.835390185972333,"dated_domains_n":1,"time_series_status":"UNKNOWN_SERIE_TEMPORAL_NAO_ADQUIRIDA"}},{"type":"Feature","geometry":{"type":"Point","coordinates":[-57.43694399999998,-19.601110999999946]},"properties":{"well_id":"3500027312","municipality":"Corumbá","hydro_unit":"Formação Pantanal","domain":"Granular","layer_code":"T04","layer_name":"Evidência hidrogeológica datada","latest_evidence_date":"2009-10-28","latest_evidence_age_years":16.835390185972333,"dated_domains_n":1,"time_series_status":"UNKNOWN_SERIE_TEMPORAL_NAO_ADQUIRIDA"}},{"type":"Feature","geometry":{"type":"Point","coordinates":[-55.48249999999996,-22.746110999999928]},"properties":{"well_id":"3500027314","municipality":"Aral Moreira","hydro_unit":"Formação Serra Geral","domain":"Fraturada","layer_code":"T04","layer_name":"Evidência hidrogeológica datada","latest_evidence_date":"2009-10-28","latest_evidence_age_years":16.835390185972333,"dated_domains_n":1,"time_series_status":"UNKNOWN_SERIE_TEMPORAL_NAO_ADQUIRIDA"}},{"type":"Feature","geometry":{"type":"Point","coordinates":[-52.42055499999998,-21.72222199999993]},"properties":{"well_id":"3500023276","municipality":"Bataguassu","hydro_unit":"Grupo Caiuá","domain":"Granular","layer_code":"T04","layer_name":"Evidência hidrogeológica datada","latest_evidence_date":"1980-02-10","latest_evidence_age_years":46.5498949328186,"dated_domains_n":1,"time_series_status":"UNKNOWN_SERIE_TEMPORAL_NAO_ADQUIRIDA"}},{"type":"Feature","geometry":{"type":"Point","coordinates":[-52.748887999999965,-21.31833299999994]},"properties":{"well_id":"3500023285","municipality":"Santa Rita do Pardo","hydro_unit":"Grupo Caiuá","domain":"Granular","layer_code":"T04","layer_name":"Evidência hidrogeológica datada","latest_evidence_date":"1979-12-11","latest_evidence_age_years":46.7169072602449,"dated_domains_n":1,"time_series_status":"UNKNOWN_SERIE_TEMPORAL_NAO_ADQUIRIDA"}},{"type":"Feature","geometry":{"type":"Point","coordinates":[-52.61972199999997,-18.791665999999964]},"properties":{"well_id":"3500023330","municipality":"Chapadão do Sul","hydro_unit":"Formação Cachoeirinha","domain":"Granular","layer_code":"T04","layer_name":"Evidência hidrogeológica datada","latest_evidence_date":"1989-04-18","latest_evidence_age_years":37.364216924372165,"dated_domains_n":1,"time_series_status":"UNKNOWN_SERIE_TEMPORAL_NAO_ADQUIRIDA"}},{"type":"Feature","geometry":{"type":"Point","coordinates":[-54.41833299999996,-23.902499999999975]},"properties":{"well_id":"3500023362","municipality":"Japorã","hydro_unit":"Grupo Caiuá","domain":"Granular","layer_code":"T04","layer_name":"Evidência hidrogeológica datada","latest_evidence_date":"1993-04-01","latest_evidence_age_years":33.41067920628076,"dated_domains_n":1,"time_series_status":"UNKNOWN_SERIE_TEMPORAL_NAO_ADQUIRIDA"}},{"type":"Feature","geometry":{"type":"Point","coordinates":[-54.39777699999996,-23.893610999999964]},"properties":{"well_id":"3500023363","municipality":"Japorã","hydro_unit":"Grupo Caiuá","domain":"Granular","layer_code":"T04","layer_name":"Evidência hidrogeológica datada","latest_evidence_date":"1993-04-26","latest_evidence_age_years":33.342231531106044,"dated_domains_n":1,"time_series_status":"UNKNOWN_SERIE_TEMPORAL_NAO_ADQUIRIDA"}},{"type":"Feature","geometry":{"type":"Point","coordinates":[-51.10305499999998,-20.083054999999945]},"properties":{"well_id":"3500023313","municipality":"Aparecida do Taboado","hydro_unit":"Grupo Caiuá","domain":"Granular","layer_code":"T04","layer_name":"Evidência hidrogeológica datada","latest_evidence_date":"1985-11-23","latest_evidence_age_years":40.76469742705189,"dated_domains_n":1,"time_series_status":"UNKNOWN_SERIE_TEMPORAL_NAO_ADQUIRIDA"}},{"type":"Feature","geometry":{"type":"Point","coordinates":[-51.103332999999964,-20.08666599999998]},"properties":{"well_id":"3500023316","municipality":"Aparecida do Taboado","hydro_unit":"Grupo Caiuá","domain":"Granular","layer_code":"T04","layer_name":"Evidência hidrogeológica datada","latest_evidence_date":"1973-10-10","latest_evidence_age_years":52.885411746990016,"dated_domains_n":1,"time_series_status":"UNKNOWN_SERIE_TEMPORAL_NAO_ADQUIRIDA"}},{"type":"Feature","geometry":{"type":"Point","coordinates":[-54.069721999999956,-22.965276999999958]},"properties":{"well_id":"3500023373","municipality":"Naviraí","hydro_unit":"Grupo Caiuá","domain":"Granular","layer_code":"T04","layer_name":"Evidência hidrogeológica datada","latest_evidence_date":"1978-11-23","latest_evidence_age_years":47.76552564392151,"dated_domains_n":1,"time_series_status":"UNKNOWN_SERIE_TEMPORAL_NAO_ADQUIRIDA"}},{"type":"Feature","geometry":{"type":"Point","coordinates":[-54.81194399999998,-22.21166599999998]},"properties":{"well_id":"3500022843","municipality":"Dourados","hydro_unit":"Formação Serra Geral","domain":"Fraturada","layer_code":"T04","layer_name":"Evidência hidrogeológica datada","latest_evidence_date":"1982-05-04","latest_evidence_age_years":44.32123862912996,"dated_domains_n":1,"time_series_status":"UNKNOWN_SERIE_TEMPORAL_NAO_ADQUIRIDA"}},{"type":"Feature","geometry":{"type":"Point","coordinates":[-54.622499999999945,-20.457776999999965]},"properties":{"well_id":"3500022484","municipality":"Campo Grande","hydro_unit":"Formação Serra Geral","domain":"Fraturada","layer_code":"T04","layer_name":"Evidência hidrogeológica datada","latest_evidence_date":"1983-12-18","latest_evidence_age_years":42.69765977398578,"dated_domains_n":1,"time_series_status":"UNKNOWN_SERIE_TEMPORAL_NAO_ADQUIRIDA"}},{"type":"Feature","geometry":{"type":"Point","coordinates":[-54.58138799999995,-20.40055499999994]},"properties":{"well_id":"3500022508","municipality":"Campo Grande","hydro_unit":"Formação Serra Geral","domain":"Fraturada","layer_code":"T04","layer_name":"Evidência hidrogeológica datada","latest_evidence_date":"1992-02-28","latest_evidence_age_years":34.500366195062185,"dated_domains_n":1,"time_series_status":"UNKNOWN_SERIE_TEMPORAL_NAO_ADQUIRIDA"}},{"type":"Feature","geometry":{"type":"Point","coordinates":[-54.61055499999998,-20.50583299999994]},"properties":{"well_id":"3500022538","municipality":"Campo Grande","hydro_unit":"Formação Serra Geral","domain":"Fraturada","layer_code":"T04","layer_name":"Evidência hidrogeológica datada","latest_evidence_date":"1990-08-15","latest_evidence_age_years":36.039069932989726,"dated_domains_n":1,"time_series_status":"UNKNOWN_SERIE_TEMPORAL_NAO_ADQUIRIDA"}},{"type":"Feature","geometry":{"type":"Point","coordinates":[-53.13916599999993,-18.807499999999948]},"properties":{"well_id":"3500022568","municipality":"Costa Rica","hydro_unit":"Grupo Caiuá","domain":"Granular","layer_code":"T04","layer_name":"Evidência hidrogeológica datada","latest_evidence_date":"1992-02-02","latest_evidence_age_years":34.57155177724388,"dated_domains_n":1,"time_series_status":"UNKNOWN_SERIE_TEMPORAL_NAO_ADQUIRIDA"}},{"type":"Feature","geometry":{"type":"Point","coordinates":[-54.68694399999998,-20.394721999999945]},"properties":{"well_id":"3500022912","municipality":"Campo Grande","hydro_unit":"Formação Serra Geral","domain":"Fraturada","layer_code":"T04","layer_name":"Evidência hidrogeológica datada","latest_evidence_date":"1995-05-31","latest_evidence_age_years":31.247732670759838,"dated_domains_n":1,"time_series_status":"UNKNOWN_SERIE_TEMPORAL_NAO_ADQUIRIDA"}},{"type":"Feature","geometry":{"type":"Point","coordinates":[-54.61888899999997,-20.518055999999945]},"properties":{"well_id":"3500065101","municipality":"Campo Grande","hydro_unit":"Formação Serra Geral","domain":"Fraturada","layer_code":"T04","layer_name":"Evidência hidrogeológica datada","latest_evidence_date":"2019-09-05","latest_evidence_age_years":6.9816628678206945,"dated_domains_n":1,"time_series_status":"UNKNOWN_SERIE_TEMPORAL_NAO_ADQUIRIDA"}},{"type":"Feature","geometry":{"type":"Point","coordinates":[-54.84388899999993,-22.333888999999942]},"properties":{"well_id":"3500065117","municipality":"Dourados","hydro_unit":"Formação Serra Geral","domain":"Fraturada","layer_code":"T04","layer_name":"Evidência hidrogeológica datada","latest_evidence_date":"2019-09-06","latest_evidence_age_years":6.978924960813706,"dated_domains_n":1,"time_series_status":"UNKNOWN_SERIE_TEMPORAL_NAO_ADQUIRIDA"}},{"type":"Feature","geometry":{"type":"Point","coordinates":[-54.56222199999996,-20.383887999999956]},"properties":{"well_id":"3500022530","municipality":"Campo Grande","hydro_unit":"Formação Serra Geral","domain":"Fraturada","layer_code":"T04","layer_name":"Evidência hidrogeológica datada","latest_evidence_date":"1998-01-07","latest_evidence_age_years":28.641245200106777,"dated_domains_n":1,"time_series_status":"UNKNOWN_SERIE_TEMPORAL_NAO_ADQUIRIDA"}},{"type":"Feature","geometry":{"type":"Point","coordinates":[-54.24111099999993,-22.42166599999996]},"properties":{"well_id":"3500022540","municipality":"Glória de Dourados","hydro_unit":"Formação Serra Geral","domain":"Fraturada","layer_code":"T04","layer_name":"Evidência hidrogeológica datada","latest_evidence_date":"1978-06-04","latest_evidence_age_years":48.236445649123525,"dated_domains_n":1,"time_series_status":"UNKNOWN_SERIE_TEMPORAL_NAO_ADQUIRIDA"}},{"type":"Feature","geometry":{"type":"Point","coordinates":[-51.66472199999998,-20.777499999999975]},"properties":{"well_id":"3500022582","municipality":"Três Lagoas","hydro_unit":"Formação Serra Geral","domain":"Fraturada","layer_code":"T04","layer_name":"Evidência hidrogeológica datada","latest_evidence_date":"2003-03-05","latest_evidence_age_years":23.48576630594742,"dated_domains_n":1,"time_series_status":"UNKNOWN_SERIE_TEMPORAL_NAO_ADQUIRIDA"}},{"type":"Feature","geometry":{"type":"Point","coordinates":[-54.58333299999998,-20.49444399999993]},"properties":{"well_id":"3500022654","municipality":"Campo Grande","hydro_unit":"Formação Serra Geral","domain":"Fraturada","layer_code":"T04","layer_name":"Evidência hidrogeológica datada","latest_evidence_date":"1985-12-20","latest_evidence_age_years":40.6907739378632,"dated_domains_n":1,"time_series_status":"UNKNOWN_SERIE_TEMPORAL_NAO_ADQUIRIDA"}},{"type":"Feature","geometry":{"type":"Point","coordinates":[-54.06833299999994,-22.052221999999972]},"properties":{"well_id":"3500022674","municipality":"Angélica","hydro_unit":"Grupo Caiuá","domain":"Granular","layer_code":"T04","layer_name":"Evidência hidrogeológica datada","latest_evidence_date":"2005-04-18","latest_evidence_age_years":21.363888375531324,"dated_domains_n":1,"time_series_status":"UNKNOWN_SERIE_TEMPORAL_NAO_ADQUIRIDA"}},{"type":"Feature","geometry":{"type":"Point","coordinates":[-55.166943999999944,-21.632221999999956]},"properties":{"well_id":"3500022859","municipality":"Maracaju","hydro_unit":"Formação Serra Geral","domain":"Fraturada","layer_code":"T04","layer_name":"Evidência hidrogeológica datada","latest_evidence_date":"2005-03-18","latest_evidence_age_years":21.44876349274797,"dated_domains_n":1,"time_series_status":"UNKNOWN_SERIE_TEMPORAL_NAO_ADQUIRIDA"}},{"type":"Feature","geometry":{"type":"Point","coordinates":[-51.72305499999993,-20.79472199999998]},"properties":{"well_id":"3500022984","municipality":"Três Lagoas","hydro_unit":"Grupo Caiuá","domain":"Granular","layer_code":"T04","layer_name":"Evidência hidrogeológica datada","latest_evidence_date":"2005-02-22","latest_evidence_age_years":21.514473260915693,"dated_domains_n":1,"time_series_status":"UNKNOWN_SERIE_TEMPORAL_NAO_ADQUIRIDA"}},{"type":"Feature","geometry":{"type":"Point","coordinates":[-54.550832999999955,-18.115276999999935]},"properties":{"well_id":"3500023029","municipality":"Pedro Gomes","hydro_unit":"Formação Ponta Grossa","domain":"Granular","layer_code":"T04","layer_name":"Evidência hidrogeológica datada","latest_evidence_date":"1984-11-25","latest_evidence_age_years":41.758557670588715,"dated_domains_n":1,"time_series_status":"UNKNOWN_SERIE_TEMPORAL_NAO_ADQUIRIDA"}},{"type":"Feature","geometry":{"type":"Point","coordinates":[-54.06611099999998,-22.051666999999952]},"properties":{"well_id":"3500027083","municipality":"Angélica","hydro_unit":"Grupo Caiuá","domain":"Granular","layer_code":"T04","layer_name":"Evidência hidrogeológica datada","latest_evidence_date":"2005-03-31","latest_evidence_age_years":21.41317070165712,"dated_domains_n":1,"time_series_status":"UNKNOWN_SERIE_TEMPORAL_NAO_ADQUIRIDA"}},{"type":"Feature","geometry":{"type":"Point","coordinates":[-55.00222199999996,-19.49055599999997]},"properties":{"well_id":"3500027300","municipality":"Rio Negro","hydro_unit":"Formação Ponta Grossa","domain":"Granular","layer_code":"T04","layer_name":"Evidência hidrogeológica datada","latest_evidence_date":"2009-10-06","latest_evidence_age_years":16.89562414012608,"dated_domains_n":1,"time_series_status":"UNKNOWN_SERIE_TEMPORAL_NAO_ADQUIRIDA"}},{"type":"Feature","geometry":{"type":"Point","coordinates":[-54.71749999999997,-22.09416699999997]},"properties":{"well_id":"3500045629","municipality":"Itaporã","hydro_unit":"Formação Serra Geral","domain":"Fraturada","layer_code":"T04","layer_name":"Evidência hidrogeológica datada","latest_evidence_date":"2012-06-25","latest_evidence_age_years":14.176882482186492,"dated_domains_n":1,"time_series_status":"UNKNOWN_SERIE_TEMPORAL_NAO_ADQUIRIDA"}},{"type":"Feature","geometry":{"type":"Point","coordinates":[-51.10555499999998,-20.08611099999996]},"properties":{"well_id":"3500023314","municipality":"Aparecida do Taboado","hydro_unit":"Grupo Bauru","domain":"Granular","layer_code":"T04","layer_name":"Evidência hidrogeológica datada","latest_evidence_date":"1971-01-01","latest_evidence_age_years":55.65891154506937,"dated_domains_n":1,"time_series_status":"UNKNOWN_SERIE_TEMPORAL_NAO_ADQUIRIDA"}},{"type":"Feature","geometry":{"type":"Point","coordinates":[-51.926665999999955,-19.73305499999998]},"properties":{"well_id":"3500023311","municipality":"Inocência","hydro_unit":"Grupo Bauru","domain":"Granular","layer_code":"T04","layer_name":"Evidência hidrogeológica datada","latest_evidence_date":"1997-01-01","latest_evidence_age_years":29.657008699699514,"dated_domains_n":1,"time_series_status":"UNKNOWN_SERIE_TEMPORAL_NAO_ADQUIRIDA"}},{"type":"Feature","geometry":{"type":"Point","coordinates":[-54.58722199999994,-20.426387999999974]},"properties":{"well_id":"3500022925","municipality":"Campo Grande","hydro_unit":"Formação Serra Geral","domain":"Fraturada","layer_code":"T04","layer_name":"Evidência hidrogeológica datada","latest_evidence_date":"1994-11-01","latest_evidence_age_years":31.825431049234414,"dated_domains_n":1,"time_series_status":"UNKNOWN_SERIE_TEMPORAL_NAO_ADQUIRIDA"}},{"type":"Feature","geometry":{"type":"Point","coordinates":[-55.22888799999998,-23.09722199999993]},"properties":{"well_id":"3500022683","municipality":"Amambai","hydro_unit":"Formação Serra Geral","domain":"Fraturada","layer_code":"T04","layer_name":"Evidência hidrogeológica datada","latest_evidence_date":"1978-08-05","latest_evidence_age_years":48.06669541469024,"dated_domains_n":1,"time_series_status":"UNKNOWN_SERIE_TEMPORAL_NAO_ADQUIRIDA"}},{"type":"Feature","geometry":{"type":"Point","coordinates":[-55.23638799999998,-23.094721999999933]},"properties":{"well_id":"3500022686","municipality":"Amambai","hydro_unit":"Formação Serra Geral","domain":"Fraturada","layer_code":"T04","layer_name":"Evidência hidrogeológica datada","latest_evidence_date":"1982-03-31","latest_evidence_age_years":44.41432746736757,"dated_domains_n":1,"time_series_status":"UNKNOWN_SERIE_TEMPORAL_NAO_ADQUIRIDA"}},{"type":"Feature","geometry":{"type":"Point","coordinates":[-55.811387999999965,-20.47388799999993]},"properties":{"well_id":"3500022755","municipality":"Anastácio","hydro_unit":"Formação Aquidauana","domain":"Granular","layer_code":"T04","layer_name":"Evidência hidrogeológica datada","latest_evidence_date":"1978-01-02","latest_evidence_age_years":48.65534542119277,"dated_domains_n":1,"time_series_status":"UNKNOWN_SERIE_TEMPORAL_NAO_ADQUIRIDA"}},{"type":"Feature","geometry":{"type":"Point","coordinates":[-54.66972199999998,-20.435554999999965]},"properties":{"well_id":"3500022926","municipality":"Campo Grande","hydro_unit":"Formação Serra Geral","domain":"Fraturada","layer_code":"T04","layer_name":"Evidência hidrogeológica datada","latest_evidence_date":"2003-08-20","latest_evidence_age_years":23.02579792877335,"dated_domains_n":1,"time_series_status":"UNKNOWN_SERIE_TEMPORAL_NAO_ADQUIRIDA"}},{"type":"Feature","geometry":{"type":"Point","coordinates":[-55.791943999999944,-20.46388799999994]},"properties":{"well_id":"3500022943","municipality":"Aquidauana","hydro_unit":"Formação Aquidauana","domain":"Granular","layer_code":"T04","layer_name":"Evidência hidrogeológica datada","latest_evidence_date":"1980-01-02","latest_evidence_age_years":46.65667330609116,"dated_domains_n":1,"time_series_status":"UNKNOWN_SERIE_TEMPORAL_NAO_ADQUIRIDA"}},{"type":"Feature","geometry":{"type":"Point","coordinates":[-54.58416699999998,-20.371943999999928]},"properties":{"well_id":"3500026913","municipality":"Campo Grande","hydro_unit":"Formação Serra Geral","domain":"Fraturada","layer_code":"T04","layer_name":"Evidência hidrogeológica datada","latest_evidence_date":"2008-06-25","latest_evidence_age_years":18.176964619396703,"dated_domains_n":1,"time_series_status":"UNKNOWN_SERIE_TEMPORAL_NAO_ADQUIRIDA"}},{"type":"Feature","geometry":{"type":"Point","coordinates":[-54.86555499999997,-20.407776999999953]},"properties":{"well_id":"3500023391","municipality":"Terenos","hydro_unit":"Formação Serra Geral","domain":"Fraturada","layer_code":"T04","layer_name":"Evidência hidrogeológica datada","latest_evidence_date":"1988-07-16","latest_evidence_age_years":38.11987925830099,"dated_domains_n":1,"time_series_status":"UNKNOWN_SERIE_TEMPORAL_NAO_ADQUIRIDA"}},{"type":"Feature","geometry":{"type":"Point","coordinates":[-55.23277699999994,-23.10055499999993]},"properties":{"well_id":"3500022685","municipality":"Amambai","hydro_unit":"Formação Serra Geral","domain":"Fraturada","layer_code":"T04","layer_name":"Evidência hidrogeológica datada","latest_evidence_date":"2006-10-27","latest_evidence_age_years":19.838874172638725,"dated_domains_n":1,"time_series_status":"UNKNOWN_SERIE_TEMPORAL_NAO_ADQUIRIDA"}},{"type":"Feature","geometry":{"type":"Point","coordinates":[-51.417776999999944,-20.365554999999972]},"properties":{"well_id":"3500022987","municipality":"Selvíria","hydro_unit":"Grupo Caiuá","domain":"Granular","layer_code":"T04","layer_name":"Evidência hidrogeológica datada","latest_evidence_date":"1997-11-28","latest_evidence_age_years":28.75076148038632,"dated_domains_n":1,"time_series_status":"UNKNOWN_SERIE_TEMPORAL_NAO_ADQUIRIDA"}},{"type":"Feature","geometry":{"type":"Point","coordinates":[-55.14222199999995,-19.906943999999953]},"properties":{"well_id":"3500067710","municipality":"Corguinho","hydro_unit":"Formação Aquidauana","domain":"Granular","layer_code":"T04","layer_name":"Evidência hidrogeológica datada","latest_evidence_date":"2021-11-19","latest_evidence_age_years":4.774909820187958,"dated_domains_n":1,"time_series_status":"UNKNOWN_SERIE_TEMPORAL_NAO_ADQUIRIDA"}},{"type":"Feature","geometry":{"type":"Point","coordinates":[-55.184443999999985,-19.839721999999938]},"properties":{"well_id":"3500067712","municipality":"Corguinho","hydro_unit":"Formação Aquidauana","domain":"Granular","layer_code":"T04","layer_name":"Evidência hidrogeológica datada","latest_evidence_date":"2021-12-01","latest_evidence_age_years":4.742054936104095,"dated_domains_n":1,"time_series_status":"UNKNOWN_SERIE_TEMPORAL_NAO_ADQUIRIDA"}},{"type":"Feature","geometry":{"type":"Point","coordinates":[-54.92944399999993,-20.708610999999962]},"properties":{"well_id":"3500067286","municipality":"Terenos","hydro_unit":"Formação Serra Geral","domain":"Fraturada","layer_code":"T04","layer_name":"Evidência hidrogeológica datada","latest_evidence_date":"2016-07-23","latest_evidence_age_years":10.100138948780604,"dated_domains_n":1,"time_series_status":"UNKNOWN_SERIE_TEMPORAL_NAO_ADQUIRIDA"}},{"type":"Feature","geometry":{"type":"Point","coordinates":[-52.62027699999993,-18.79249999999996]},"properties":{"well_id":"3500023041","municipality":"Chapadão do Sul","hydro_unit":"Formação Cachoeirinha","domain":"Granular","layer_code":"T04","layer_name":"Evidência hidrogeológica datada","latest_evidence_date":"2001-01-30","latest_evidence_age_years":25.577527259286637,"dated_domains_n":1,"time_series_status":"UNKNOWN_SERIE_TEMPORAL_NAO_ADQUIRIDA"}},{"type":"Feature","geometry":{"type":"Point","coordinates":[-54.04305499999998,-19.526665999999977]},"properties":{"well_id":"3500023248","municipality":"Camapuã","hydro_unit":"Formação Botucatu","domain":"Granular","layer_code":"T04","layer_name":"Evidência hidrogeológica datada","latest_evidence_date":"1989-05-12","latest_evidence_age_years":37.29850715620444,"dated_domains_n":1,"time_series_status":"UNKNOWN_SERIE_TEMPORAL_NAO_ADQUIRIDA"}},{"type":"Feature","geometry":{"type":"Point","coordinates":[-54.28166599999997,-23.78444399999995]},"properties":{"well_id":"3500022699","municipality":"Eldorado","hydro_unit":"Grupo Caiuá","domain":"Granular","layer_code":"T04","layer_name":"Evidência hidrogeológica datada","latest_evidence_date":"1995-09-21","latest_evidence_age_years":30.938349178970135,"dated_domains_n":1,"time_series_status":"UNKNOWN_SERIE_TEMPORAL_NAO_ADQUIRIDA"}},{"type":"Feature","geometry":{"type":"Point","coordinates":[-55.72305499999993,-22.484999999999957]},"properties":{"well_id":"3500022738","municipality":"Ponta Porã","hydro_unit":"Grupo Caiuá","domain":"Granular","layer_code":"T04","layer_name":"Evidência hidrogeológica datada","latest_evidence_date":"1987-01-15","latest_evidence_age_years":39.620252298130694,"dated_domains_n":1,"time_series_status":"UNKNOWN_SERIE_TEMPORAL_NAO_ADQUIRIDA"}},{"type":"Feature","geometry":{"type":"Point","coordinates":[-55.706943999999964,-22.516943999999967]},"properties":{"well_id":"3500022740","municipality":"Ponta Porã","hydro_unit":"Grupo Caiuá","domain":"Granular","layer_code":"T04","layer_name":"Evidência hidrogeológica datada","latest_evidence_date":"1990-11-05","latest_evidence_age_years":35.81456155841667,"dated_domains_n":1,"time_series_status":"UNKNOWN_SERIE_TEMPORAL_NAO_ADQUIRIDA"}},{"type":"Feature","geometry":{"type":"Point","coordinates":[-54.84833299999997,-18.920276999999942]},"properties":{"well_id":"3500023002","municipality":"Rio Verde de Mato Grosso","hydro_unit":"Formação Furnas","domain":"Granular","layer_code":"T04","layer_name":"Evidência hidrogeológica datada","latest_evidence_date":"1966-09-30","latest_evidence_age_years":59.913619033929514,"dated_domains_n":1,"time_series_status":"UNKNOWN_SERIE_TEMPORAL_NAO_ADQUIRIDA"}},{"type":"Feature","geometry":{"type":"Point","coordinates":[-54.74416599999995,-17.587499999999977]},"properties":{"well_id":"3500023004","municipality":"Sonora","hydro_unit":"Formação Furnas","domain":"Granular","layer_code":"T04","layer_name":"Evidência hidrogeológica datada","latest_evidence_date":"2001-10-14","latest_evidence_age_years":24.87388515849059,"dated_domains_n":1,"time_series_status":"UNKNOWN_SERIE_TEMPORAL_NAO_ADQUIRIDA"}},{"type":"Feature","geometry":{"type":"Point","coordinates":[-57.49527699999999,-19.133610999999974]},"properties":{"well_id":"3500023042","municipality":"Corumbá","hydro_unit":"Embasamento Indiferenciado","domain":"Fraturada","layer_code":"T04","layer_name":"Evidência hidrogeológica datada","latest_evidence_date":"2003-03-10","latest_evidence_age_years":23.472076770912476,"dated_domains_n":1,"time_series_status":"UNKNOWN_SERIE_TEMPORAL_NAO_ADQUIRIDA"}},{"type":"Feature","geometry":{"type":"Point","coordinates":[-56.49277699999993,-21.11027699999994]},"properties":{"well_id":"3500023065","municipality":"Bonito","hydro_unit":"Grupo Cuiaba","domain":"Fraturada","layer_code":"T04","layer_name":"Evidência hidrogeológica datada","latest_evidence_date":"1993-03-31","latest_evidence_age_years":33.41341711328775,"dated_domains_n":1,"time_series_status":"UNKNOWN_SERIE_TEMPORAL_NAO_ADQUIRIDA"}},{"type":"Feature","geometry":{"type":"Point","coordinates":[-56.49638799999997,-21.112776999999937]},"properties":{"well_id":"3500023074","municipality":"Bonito","hydro_unit":"Grupo Cuiaba","domain":"Fraturada","layer_code":"T04","layer_name":"Evidência hidrogeológica datada","latest_evidence_date":"1981-01-05","latest_evidence_age_years":45.6463856205124,"dated_domains_n":1,"time_series_status":"UNKNOWN_SERIE_TEMPORAL_NAO_ADQUIRIDA"}},{"type":"Feature","geometry":{"type":"Point","coordinates":[-56.49555499999997,-21.113332999999955]},"properties":{"well_id":"3500023078","municipality":"Bonito","hydro_unit":"Grupo Cuiaba","domain":"Fraturada","layer_code":"T04","layer_name":"Evidência hidrogeológica datada","latest_evidence_date":"1977-06-03","latest_evidence_age_years":49.23851961368132,"dated_domains_n":1,"time_series_status":"UNKNOWN_SERIE_TEMPORAL_NAO_ADQUIRIDA"}},{"type":"Feature","geometry":{"type":"Point","coordinates":[-54.89666699999998,-19.93777799999998]},"properties":{"well_id":"3500067713","municipality":"Corguinho","hydro_unit":"Formação Botucatu","domain":"Granular","layer_code":"T04","layer_name":"Evidência hidrogeológica datada","latest_evidence_date":"2021-06-14","latest_evidence_age_years":5.207499127292142,"dated_domains_n":1,"time_series_status":"UNKNOWN_SERIE_TEMPORAL_NAO_ADQUIRIDA"}},{"type":"Feature","geometry":{"type":"Point","coordinates":[-52.72194399999995,-22.19138899999996]},"properties":{"well_id":"3500027027","municipality":"Anaurilândia","hydro_unit":"Grupo Caiuá","domain":"Granular","layer_code":"T04","layer_name":"Evidência hidrogeológica datada","latest_evidence_date":"2007-01-23","latest_evidence_age_years":19.597938356023736,"dated_domains_n":2,"time_series_status":"UNKNOWN_SERIE_TEMPORAL_NAO_ADQUIRIDA"}},{"type":"Feature","geometry":{"type":"Point","coordinates":[-54.29333299999996,-23.929165999999952]},"properties":{"well_id":"3500022715","municipality":"Mundo Novo","hydro_unit":"Grupo Caiuá","domain":"Granular","layer_code":"T04","layer_name":"Evidência hidrogeológica datada","latest_evidence_date":"1987-08-25","latest_evidence_age_years":39.01243694257924,"dated_domains_n":1,"time_series_status":"UNKNOWN_SERIE_TEMPORAL_NAO_ADQUIRIDA"}},{"type":"Feature","geometry":{"type":"Point","coordinates":[-54.602499999999964,-20.56638899999996]},"properties":{"well_id":"3500026916","municipality":"Campo Grande","hydro_unit":"Formação Serra Geral","domain":"Fraturada","layer_code":"T04","layer_name":"Evidência hidrogeológica datada","latest_evidence_date":"2007-10-09","latest_evidence_age_years":18.888820441213714,"dated_domains_n":1,"time_series_status":"UNKNOWN_SERIE_TEMPORAL_NAO_ADQUIRIDA"}},{"type":"Feature","geometry":{"type":"Point","coordinates":[-54.58499999999998,-20.370555999999965]},"properties":{"well_id":"3500026919","municipality":"Campo Grande","hydro_unit":"Formação Serra Geral","domain":"Fraturada","layer_code":"T04","layer_name":"Evidência hidrogeológica datada","latest_evidence_date":"2008-06-26","latest_evidence_age_years":18.174226712389714,"dated_domains_n":1,"time_series_status":"UNKNOWN_SERIE_TEMPORAL_NAO_ADQUIRIDA"}},{"type":"Feature","geometry":{"type":"Point","coordinates":[-54.71166699999998,-21.50111099999998]},"properties":{"well_id":"3500026974","municipality":"Rio Brilhante","hydro_unit":"Formação Serra Geral","domain":"Fraturada","layer_code":"T04","layer_name":"Evidência hidrogeológica datada","latest_evidence_date":"2007-07-17","latest_evidence_age_years":19.11880462980075,"dated_domains_n":1,"time_series_status":"UNKNOWN_SERIE_TEMPORAL_NAO_ADQUIRIDA"}},{"type":"Feature","geometry":{"type":"Point","coordinates":[-54.35472199999998,-19.921666999999957]},"properties":{"well_id":"3500026977","municipality":"Bandeirantes","hydro_unit":"Formação Serra Geral","domain":"Fraturada","layer_code":"T04","layer_name":"Evidência hidrogeológica datada","latest_evidence_date":"2008-10-16","latest_evidence_age_years":17.867581127607,"dated_domains_n":1,"time_series_status":"UNKNOWN_SERIE_TEMPORAL_NAO_ADQUIRIDA"}},{"type":"Feature","geometry":{"type":"Point","coordinates":[-52.72194399999995,-22.19055499999996]},"properties":{"well_id":"3500023183","municipality":"Anaurilândia","hydro_unit":"Grupo Caiuá","domain":"Granular","layer_code":"T04","layer_name":"Evidência hidrogeológica datada","latest_evidence_date":"1994-02-22","latest_evidence_age_years":32.515383614995514,"dated_domains_n":2,"time_series_status":"UNKNOWN_SERIE_TEMPORAL_NAO_ADQUIRIDA"}},{"type":"Feature","geometry":{"type":"Point","coordinates":[-51.73444399999994,-20.780832999999973]},"properties":{"well_id":"3500023298","municipality":"Três Lagoas","hydro_unit":"Grupo Caiuá","domain":"Granular","layer_code":"T04","layer_name":"Evidência hidrogeológica datada","latest_evidence_date":"1981-07-28","latest_evidence_age_years":45.087852591086744,"dated_domains_n":2,"time_series_status":"UNKNOWN_SERIE_TEMPORAL_NAO_ADQUIRIDA"}},{"type":"Feature","geometry":{"type":"Point","coordinates":[-54.18888799999996,-23.04361099999994]},"properties":{"well_id":"3500023371","municipality":"Naviraí","hydro_unit":"Grupo Caiuá","domain":"Granular","layer_code":"T04","layer_name":"Evidência hidrogeológica datada","latest_evidence_date":"1993-04-01","latest_evidence_age_years":33.41067920628076,"dated_domains_n":2,"time_series_status":"UNKNOWN_SERIE_TEMPORAL_NAO_ADQUIRIDA"}},{"type":"Feature","geometry":{"type":"Point","coordinates":[-55.33749999999998,-22.991387999999972]},"properties":{"well_id":"3500023154","municipality":"Amambai","hydro_unit":"Formação Serra Geral","domain":"Fraturada","layer_code":"T04","layer_name":"Evidência hidrogeológica datada","latest_evidence_date":"1987-10-31","latest_evidence_age_years":38.82899717311101,"dated_domains_n":1,"time_series_status":"UNKNOWN_SERIE_TEMPORAL_NAO_ADQUIRIDA"}},{"type":"Feature","geometry":{"type":"Point","coordinates":[-55.36611099999993,-20.549165999999957]},"properties":{"well_id":"3500023212","municipality":"Dois Irmãos do Buriti","hydro_unit":"Formação Botucatu","domain":"Granular","layer_code":"T04","layer_name":"Evidência hidrogeológica datada","latest_evidence_date":"1997-03-01","latest_evidence_age_years":29.49547218628719,"dated_domains_n":1,"time_series_status":"UNKNOWN_SERIE_TEMPORAL_NAO_ADQUIRIDA"}},{"type":"Feature","geometry":{"type":"Point","coordinates":[-53.60555599999998,-20.645832999999982]},"properties":{"well_id":"3500045622","municipality":"Ribas do Rio Pardo","hydro_unit":"Grupo Caiuá","domain":"Granular","layer_code":"T04","layer_name":"Evidência hidrogeológica datada","latest_evidence_date":"2011-08-15","latest_evidence_age_years":15.039323189387872,"dated_domains_n":2,"time_series_status":"UNKNOWN_SERIE_TEMPORAL_NAO_ADQUIRIDA"}},{"type":"Feature","geometry":{"type":"Point","coordinates":[-54.599721999999986,-20.416387999999927]},"properties":{"well_id":"3500022669","municipality":"Campo Grande","hydro_unit":"Formação Serra Geral","domain":"Fraturada","layer_code":"T04","layer_name":"Evidência hidrogeológica datada","latest_evidence_date":"1998-06-01","latest_evidence_age_years":28.244248684093446,"dated_domains_n":1,"time_series_status":"UNKNOWN_SERIE_TEMPORAL_NAO_ADQUIRIDA"}},{"type":"Feature","geometry":{"type":"Point","coordinates":[-55.11027699999994,-20.741943999999933]},"properties":{"well_id":"3500022806","municipality":"Sidrolândia","hydro_unit":"Formação Serra Geral","domain":"Fraturada","layer_code":"T04","layer_name":"Evidência hidrogeológica datada","latest_evidence_date":"2001-07-01","latest_evidence_age_years":25.161365394224386,"dated_domains_n":1,"time_series_status":"UNKNOWN_SERIE_TEMPORAL_NAO_ADQUIRIDA"}},{"type":"Feature","geometry":{"type":"Point","coordinates":[-54.550554999999974,-21.808332999999948]},"properties":{"well_id":"3500022874","municipality":"Rio Brilhante","hydro_unit":"Formação Serra Geral","domain":"Fraturada","layer_code":"T04","layer_name":"Evidência hidrogeológica datada","latest_evidence_date":"1991-06-10","latest_evidence_age_years":35.22043573790016,"dated_domains_n":1,"time_series_status":"UNKNOWN_SERIE_TEMPORAL_NAO_ADQUIRIDA"}},{"type":"Feature","geometry":{"type":"Point","coordinates":[-54.039165999999966,-19.559165999999948]},"properties":{"well_id":"3500023016","municipality":"Camapuã","hydro_unit":"Formação Botucatu","domain":"Granular","layer_code":"T04","layer_name":"Evidência hidrogeológica datada","latest_evidence_date":"1982-05-20","latest_evidence_age_years":44.277432117018144,"dated_domains_n":1,"time_series_status":"UNKNOWN_SERIE_TEMPORAL_NAO_ADQUIRIDA"}},{"type":"Feature","geometry":{"type":"Point","coordinates":[-53.91916699999996,-22.369166999999948]},"properties":{"well_id":"3500026836","municipality":"Ivinhema","hydro_unit":"Grupo Caiuá","domain":"Granular","layer_code":"T04","layer_name":"Evidência hidrogeológica datada","latest_evidence_date":"2023-11-27","latest_evidence_age_years":2.7543344490304387,"dated_domains_n":3,"time_series_status":"UNKNOWN_SERIE_TEMPORAL_NAO_ADQUIRIDA"}},{"type":"Feature","geometry":{"type":"Point","coordinates":[-54.326666999999986,-19.25499999999994]},"properties":{"well_id":"3500028109","municipality":"São Gabriel do Oeste","hydro_unit":"Formação Botucatu","domain":"Granular","layer_code":"T04","layer_name":"Evidência hidrogeológica datada","latest_evidence_date":"2023-12-01","latest_evidence_age_years":2.7433828210024847,"dated_domains_n":3,"time_series_status":"UNKNOWN_SERIE_TEMPORAL_NAO_ADQUIRIDA"}},{"type":"Feature","geometry":{"type":"Point","coordinates":[-52.819721999999956,-20.46111099999996]},"properties":{"well_id":"3500029180","municipality":"Água Clara","hydro_unit":"Grupo Caiuá","domain":"Granular","layer_code":"T04","layer_name":"Evidência hidrogeológica datada","latest_evidence_date":"2023-11-30","latest_evidence_age_years":2.746120728009473,"dated_domains_n":3,"time_series_status":"UNKNOWN_SERIE_TEMPORAL_NAO_ADQUIRIDA"}},{"type":"Feature","geometry":{"type":"Point","coordinates":[-54.62777699999998,-20.476943999999946]},"properties":{"well_id":"3500022478","municipality":"Campo Grande","hydro_unit":"Formação Serra Geral","domain":"Fraturada","layer_code":"T04","layer_name":"Evidência hidrogeológica datada","latest_evidence_date":"1983-05-17","latest_evidence_age_years":43.2863097804883,"dated_domains_n":1,"time_series_status":"UNKNOWN_SERIE_TEMPORAL_NAO_ADQUIRIDA"}},{"type":"Feature","geometry":{"type":"Point","coordinates":[-54.644165999999984,-20.41277699999995]},"properties":{"well_id":"3500022504","municipality":"Campo Grande","hydro_unit":"Formação Serra Geral","domain":"Fraturada","layer_code":"T04","layer_name":"Evidência hidrogeológica datada","latest_evidence_date":"1994-05-23","latest_evidence_age_years":32.26897198436655,"dated_domains_n":1,"time_series_status":"UNKNOWN_SERIE_TEMPORAL_NAO_ADQUIRIDA"}},{"type":"Feature","geometry":{"type":"Point","coordinates":[-54.64888799999994,-20.437221999999963]},"properties":{"well_id":"3500022516","municipality":"Campo Grande","hydro_unit":"Formação Serra Geral","domain":"Fraturada","layer_code":"T04","layer_name":"Evidência hidrogeológica datada","latest_evidence_date":"1995-11-22","latest_evidence_age_years":30.768598944536848,"dated_domains_n":1,"time_series_status":"UNKNOWN_SERIE_TEMPORAL_NAO_ADQUIRIDA"}},{"type":"Feature","geometry":{"type":"Point","coordinates":[-54.581665999999984,-20.444721999999956]},"properties":{"well_id":"3500022528","municipality":"Campo Grande","hydro_unit":"Formação Serra Geral","domain":"Fraturada","layer_code":"T04","layer_name":"Evidência hidrogeológica datada","latest_evidence_date":"1981-01-04","latest_evidence_age_years":45.649123527519386,"dated_domains_n":1,"time_series_status":"UNKNOWN_SERIE_TEMPORAL_NAO_ADQUIRIDA"}},{"type":"Feature","geometry":{"type":"Point","coordinates":[-53.82888799999995,-22.309721999999965]},"properties":{"well_id":"3500022543","municipality":"Ivinhema","hydro_unit":"Grupo Caiuá","domain":"Granular","layer_code":"T04","layer_name":"Evidência hidrogeológica datada","latest_evidence_date":"1982-09-19","latest_evidence_age_years":43.943407462165545,"dated_domains_n":1,"time_series_status":"UNKNOWN_SERIE_TEMPORAL_NAO_ADQUIRIDA"}},{"type":"Feature","geometry":{"type":"Point","coordinates":[-53.33749999999998,-22.238887999999974]},"properties":{"well_id":"3500022556","municipality":"Nova Andradina","hydro_unit":"Grupo Caiuá","domain":"Granular","layer_code":"T04","layer_name":"Evidência hidrogeológica datada","latest_evidence_date":"2006-11-28","latest_evidence_age_years":19.751261148415093,"dated_domains_n":1,"time_series_status":"UNKNOWN_SERIE_TEMPORAL_NAO_ADQUIRIDA"}},{"type":"Feature","geometry":{"type":"Point","coordinates":[-51.73111099999994,-20.79305499999998]},"properties":{"well_id":"3500022579","municipality":"Três Lagoas","hydro_unit":"Grupo Caiuá","domain":"Granular","layer_code":"T04","layer_name":"Evidência hidrogeológica datada","latest_evidence_date":"2005-08-17","latest_evidence_age_years":21.032601627685715,"dated_domains_n":1,"time_series_status":"UNKNOWN_SERIE_TEMPORAL_NAO_ADQUIRIDA"}},{"type":"Feature","geometry":{"type":"Point","coordinates":[-51.74138799999997,-20.777221999999938]},"properties":{"well_id":"3500022584","municipality":"Três Lagoas","hydro_unit":"Grupo Caiuá","domain":"Granular","layer_code":"T04","layer_name":"Evidência hidrogeológica datada","latest_evidence_date":"2005-06-21","latest_evidence_age_years":21.18866232708406,"dated_domains_n":1,"time_series_status":"UNKNOWN_SERIE_TEMPORAL_NAO_ADQUIRIDA"}},{"type":"Feature","geometry":{"type":"Point","coordinates":[-55.06444399999998,-23.568610999999976]},"properties":{"well_id":"3500022621","municipality":"Tacuru","hydro_unit":"Grupo Caiuá","domain":"Granular","layer_code":"T04","layer_name":"Evidência hidrogeológica datada","latest_evidence_date":"2002-02-02","latest_evidence_age_years":24.56997748071487,"dated_domains_n":1,"time_series_status":"UNKNOWN_SERIE_TEMPORAL_NAO_ADQUIRIDA"}},{"type":"Feature","geometry":{"type":"Point","coordinates":[-55.614443999999935,-22.21999999999997]},"properties":{"well_id":"3500022622","municipality":"Ponta Porã","hydro_unit":"Formação Serra Geral","domain":"Fraturada","layer_code":"T04","layer_name":"Evidência hidrogeológica datada","latest_evidence_date":"2002-02-02","latest_evidence_age_years":24.56997748071487,"dated_domains_n":1,"time_series_status":"UNKNOWN_SERIE_TEMPORAL_NAO_ADQUIRIDA"}},{"type":"Feature","geometry":{"type":"Point","coordinates":[-54.68222199999997,-18.50194399999998]},"properties":{"well_id":"3500022638","municipality":"Coxim","hydro_unit":"Formação Furnas","domain":"Granular","layer_code":"T04","layer_name":"Evidência hidrogeológica datada","latest_evidence_date":"1984-05-15","latest_evidence_age_years":42.289711629944485,"dated_domains_n":1,"time_series_status":"UNKNOWN_SERIE_TEMPORAL_NAO_ADQUIRIDA"}},{"type":"Feature","geometry":{"type":"Point","coordinates":[-55.50249999999994,-22.23444399999994]},"properties":{"well_id":"3500022643","municipality":"Ponta Porã","hydro_unit":"Formação Serra Geral","domain":"Fraturada","layer_code":"T04","layer_name":"Evidência hidrogeológica datada","latest_evidence_date":"2002-10-31","latest_evidence_age_years":23.828004681820982,"dated_domains_n":1,"time_series_status":"UNKNOWN_SERIE_TEMPORAL_NAO_ADQUIRIDA"}},{"type":"Feature","geometry":{"type":"Point","coordinates":[-55.580832999999984,-22.206387999999947]},"properties":{"well_id":"3500022646","municipality":"Ponta Porã","hydro_unit":"Formação Serra Geral","domain":"Fraturada","layer_code":"T04","layer_name":"Evidência hidrogeológica datada","latest_evidence_date":"2002-09-14","latest_evidence_age_years":23.95668631114944,"dated_domains_n":1,"time_series_status":"UNKNOWN_SERIE_TEMPORAL_NAO_ADQUIRIDA"}},{"type":"Feature","geometry":{"type":"Point","coordinates":[-54.57472199999995,-20.392499999999927]},"properties":{"well_id":"3500022659","municipality":"Campo Grande","hydro_unit":"Formação Serra Geral","domain":"Fraturada","layer_code":"T04","layer_name":"Evidência hidrogeológica datada","latest_evidence_date":"1992-02-23","latest_evidence_age_years":34.51405573009713,"dated_domains_n":1,"time_series_status":"UNKNOWN_SERIE_TEMPORAL_NAO_ADQUIRIDA"}},{"type":"Feature","geometry":{"type":"Point","coordinates":[-55.82638799999995,-21.15749999999997]},"properties":{"well_id":"3500022661","municipality":"Nioaque","hydro_unit":"Formação Botucatu","domain":"Granular","layer_code":"T04","layer_name":"Evidência hidrogeológica datada","latest_evidence_date":"1978-02-02","latest_evidence_age_years":48.57047030397612,"dated_domains_n":1,"time_series_status":"UNKNOWN_SERIE_TEMPORAL_NAO_ADQUIRIDA"}},{"type":"Feature","geometry":{"type":"Point","coordinates":[-55.82638799999995,-21.166387999999927]},"properties":{"well_id":"3500022662","municipality":"Nioaque","hydro_unit":"Formação Botucatu","domain":"Granular","layer_code":"T04","layer_name":"Evidência hidrogeológica datada","latest_evidence_date":"2002-06-15","latest_evidence_age_years":24.205835848785394,"dated_domains_n":1,"time_series_status":"UNKNOWN_SERIE_TEMPORAL_NAO_ADQUIRIDA"}},{"type":"Feature","geometry":{"type":"Point","coordinates":[-53.27333299999998,-22.29361099999994]},"properties":{"well_id":"3500022672","municipality":"Batayporã","hydro_unit":"Grupo Caiuá","domain":"Granular","layer_code":"T04","layer_name":"Evidência hidrogeológica datada","latest_evidence_date":"1998-04-09","latest_evidence_age_years":28.389357755463834,"dated_domains_n":1,"time_series_status":"UNKNOWN_SERIE_TEMPORAL_NAO_ADQUIRIDA"}},{"type":"Feature","geometry":{"type":"Point","coordinates":[-54.56416599999994,-23.664443999999946]},"properties":{"well_id":"3500022706","municipality":"Iguatemi","hydro_unit":"Grupo Caiuá","domain":"Granular","layer_code":"T04","layer_name":"Evidência hidrogeológica datada","latest_evidence_date":"2000-10-21","latest_evidence_age_years":25.85405586699248,"dated_domains_n":1,"time_series_status":"UNKNOWN_SERIE_TEMPORAL_NAO_ADQUIRIDA"}},{"type":"Feature","geometry":{"type":"Point","coordinates":[-57.029443999999955,-22.009999999999934]},"properties":{"well_id":"3500022780","municipality":"Caracol","hydro_unit":"Embasamento Indiferenciado","domain":"Fraturada","layer_code":"T04","layer_name":"Evidência hidrogeológica datada","latest_evidence_date":"2002-04-01","latest_evidence_age_years":24.411178874309535,"dated_domains_n":1,"time_series_status":"UNKNOWN_SERIE_TEMPORAL_NAO_ADQUIRIDA"}},{"type":"Feature","geometry":{"type":"Point","coordinates":[-54.79361099999994,-22.256943999999976]},"properties":{"well_id":"3500022833","municipality":"Dourados","hydro_unit":"Formação Serra Geral","domain":"Fraturada","layer_code":"T04","layer_name":"Evidência hidrogeológica datada","latest_evidence_date":"2001-04-08","latest_evidence_age_years":25.39134958281142,"dated_domains_n":1,"time_series_status":"UNKNOWN_SERIE_TEMPORAL_NAO_ADQUIRIDA"}},{"type":"Feature","geometry":{"type":"Point","coordinates":[-54.79444399999994,-22.225832999999966]},"properties":{"well_id":"3500022846","municipality":"Dourados","hydro_unit":"Formação Serra Geral","domain":"Fraturada","layer_code":"T04","layer_name":"Evidência hidrogeológica datada","latest_evidence_date":"1994-04-30","latest_evidence_age_years":32.331943845527285,"dated_domains_n":1,"time_series_status":"UNKNOWN_SERIE_TEMPORAL_NAO_ADQUIRIDA"}},{"type":"Feature","geometry":{"type":"Point","coordinates":[-54.51416599999993,-22.379443999999978]},"properties":{"well_id":"3500022849","municipality":"Fátima do Sul","hydro_unit":"Formação Serra Geral","domain":"Fraturada","layer_code":"T04","layer_name":"Evidência hidrogeológica datada","latest_evidence_date":"1969-01-10","latest_evidence_age_years":57.63294249710808,"dated_domains_n":1,"time_series_status":"UNKNOWN_SERIE_TEMPORAL_NAO_ADQUIRIDA"}},{"type":"Feature","geometry":{"type":"Point","coordinates":[-54.666943999999944,-22.175276999999937]},"properties":{"well_id":"3500022880","municipality":"Dourados","hydro_unit":"Formação Serra Geral","domain":"Fraturada","layer_code":"T04","layer_name":"Evidência hidrogeológica datada","latest_evidence_date":"1991-09-28","latest_evidence_age_years":34.91926596713142,"dated_domains_n":1,"time_series_status":"UNKNOWN_SERIE_TEMPORAL_NAO_ADQUIRIDA"}},{"type":"Feature","geometry":{"type":"Point","coordinates":[-54.63972199999995,-20.496110999999928]},"properties":{"well_id":"3500022904","municipality":"Campo Grande","hydro_unit":"Formação Serra Geral","domain":"Fraturada","layer_code":"T04","layer_name":"Evidência hidrogeológica datada","latest_evidence_date":"1986-02-05","latest_evidence_age_years":40.56209230853474,"dated_domains_n":1,"time_series_status":"UNKNOWN_SERIE_TEMPORAL_NAO_ADQUIRIDA"}},{"type":"Feature","geometry":{"type":"Point","coordinates":[-54.67388799999998,-20.489721999999972]},"properties":{"well_id":"3500022953","municipality":"Campo Grande","hydro_unit":"Formação Serra Geral","domain":"Fraturada","layer_code":"T04","layer_name":"Evidência hidrogeológica datada","latest_evidence_date":"1997-08-29","latest_evidence_age_years":28.99991101802227,"dated_domains_n":1,"time_series_status":"UNKNOWN_SERIE_TEMPORAL_NAO_ADQUIRIDA"}},{"type":"Feature","geometry":{"type":"Point","coordinates":[-52.413887999999986,-21.809999999999945]},"properties":{"well_id":"3500022973","municipality":"Bataguassu","hydro_unit":"Grupo Caiuá","domain":"Granular","layer_code":"T04","layer_name":"Evidência hidrogeológica datada","latest_evidence_date":"2002-05-25","latest_evidence_age_years":24.263331895932154,"dated_domains_n":1,"time_series_status":"UNKNOWN_SERIE_TEMPORAL_NAO_ADQUIRIDA"}},{"type":"Feature","geometry":{"type":"Point","coordinates":[-54.75555499999996,-18.499999999999943]},"properties":{"well_id":"3500022993","municipality":"Coxim","hydro_unit":"Formação Furnas","domain":"Granular","layer_code":"T04","layer_name":"Evidência hidrogeológica datada","latest_evidence_date":"1997-11-15","latest_evidence_age_years":28.78635427147717,"dated_domains_n":1,"time_series_status":"UNKNOWN_SERIE_TEMPORAL_NAO_ADQUIRIDA"}},{"type":"Feature","geometry":{"type":"Point","coordinates":[-54.404721999999936,-23.893610999999964]},"properties":{"well_id":"3500023023","municipality":"Japorã","hydro_unit":"Grupo Caiuá","domain":"Granular","layer_code":"T04","layer_name":"Evidência hidrogeológica datada","latest_evidence_date":"1982-03-23","latest_evidence_age_years":44.43623072342348,"dated_domains_n":1,"time_series_status":"UNKNOWN_SERIE_TEMPORAL_NAO_ADQUIRIDA"}},{"type":"Feature","geometry":{"type":"Point","coordinates":[-54.38722199999995,-23.892499999999927]},"properties":{"well_id":"3500023024","municipality":"Japorã","hydro_unit":"Grupo Caiuá","domain":"Granular","layer_code":"T04","layer_name":"Evidência hidrogeológica datada","latest_evidence_date":"1986-03-23","latest_evidence_age_years":40.43614858621327,"dated_domains_n":1,"time_series_status":"UNKNOWN_SERIE_TEMPORAL_NAO_ADQUIRIDA"}},{"type":"Feature","geometry":{"type":"Point","coordinates":[-56.444999999999936,-21.11833299999995]},"properties":{"well_id":"3500023089","municipality":"Bonito","hydro_unit":"Grupo Cuiaba","domain":"Cárstica","layer_code":"T04","layer_name":"Evidência hidrogeológica datada","latest_evidence_date":"1977-01-31","latest_evidence_age_years":49.575282175540906,"dated_domains_n":1,"time_series_status":"UNKNOWN_SERIE_TEMPORAL_NAO_ADQUIRIDA"}},{"type":"Feature","geometry":{"type":"Point","coordinates":[-56.453332999999986,-21.121110999999928]},"properties":{"well_id":"3500023091","municipality":"Bonito","hydro_unit":"Grupo Cuiaba","domain":"Cárstica","layer_code":"T04","layer_name":"Evidência hidrogeológica datada","latest_evidence_date":"2005-05-25","latest_evidence_age_years":21.26258581627275,"dated_domains_n":1,"time_series_status":"UNKNOWN_SERIE_TEMPORAL_NAO_ADQUIRIDA"}},{"type":"Feature","geometry":{"type":"Point","coordinates":[-56.49388799999997,-21.11944399999993]},"properties":{"well_id":"3500023096","municipality":"Bonito","hydro_unit":"Grupo Cuiaba","domain":"Fraturada","layer_code":"T04","layer_name":"Evidência hidrogeológica datada","latest_evidence_date":"1993-03-08","latest_evidence_age_years":33.47638897444848,"dated_domains_n":1,"time_series_status":"UNKNOWN_SERIE_TEMPORAL_NAO_ADQUIRIDA"}},{"type":"Feature","geometry":{"type":"Point","coordinates":[-56.496110999999985,-21.11916599999995]},"properties":{"well_id":"3500023107","municipality":"Bonito","hydro_unit":"Grupo Cuiaba","domain":"Fraturada","layer_code":"T04","layer_name":"Evidência hidrogeológica datada","latest_evidence_date":"1992-01-29","latest_evidence_age_years":34.58250340527184,"dated_domains_n":1,"time_series_status":"UNKNOWN_SERIE_TEMPORAL_NAO_ADQUIRIDA"}},{"type":"Feature","geometry":{"type":"Point","coordinates":[-56.185554999999965,-20.533887999999934]},"properties":{"well_id":"3500023123","municipality":"Miranda","hydro_unit":"Grupo Cuiaba","domain":"Fraturada","layer_code":"T04","layer_name":"Evidência hidrogeológica datada","latest_evidence_date":"2001-09-29","latest_evidence_age_years":24.91495376359542,"dated_domains_n":1,"time_series_status":"UNKNOWN_SERIE_TEMPORAL_NAO_ADQUIRIDA"}},{"type":"Feature","geometry":{"type":"Point","coordinates":[-55.61611099999993,-22.946110999999974]},"properties":{"well_id":"3500023161","municipality":"Aral Moreira","hydro_unit":"Formação Serra Geral","domain":"Fraturada","layer_code":"T04","layer_name":"Evidência hidrogeológica datada","latest_evidence_date":"1988-06-18","latest_evidence_age_years":38.19654065449667,"dated_domains_n":1,"time_series_status":"UNKNOWN_SERIE_TEMPORAL_NAO_ADQUIRIDA"}},{"type":"Feature","geometry":{"type":"Point","coordinates":[-53.78083299999997,-22.164999999999964]},"properties":{"well_id":"3500026990","municipality":"Angélica","hydro_unit":"Grupo Caiuá","domain":"Granular","layer_code":"T04","layer_name":"Evidência hidrogeológica datada","latest_evidence_date":"2010-03-08","latest_evidence_age_years":16.47672436805684,"dated_domains_n":2,"time_series_status":"UNKNOWN_SERIE_TEMPORAL_NAO_ADQUIRIDA"}},{"type":"Feature","geometry":{"type":"Point","coordinates":[-56.328332999999986,-20.009166999999934]},"properties":{"well_id":"3500027015","municipality":"Miranda","hydro_unit":"Grupo Cuiaba","domain":"Fraturada","layer_code":"T04","layer_name":"Evidência hidrogeológica datada","latest_evidence_date":"2009-08-10","latest_evidence_age_years":17.051684839524427,"dated_domains_n":1,"time_series_status":"UNKNOWN_SERIE_TEMPORAL_NAO_ADQUIRIDA"}},{"type":"Feature","geometry":{"type":"Point","coordinates":[-56.46972199999993,-20.101110999999946]},"properties":{"well_id":"3500027016","municipality":"Miranda","hydro_unit":"Grupo Cuiaba","domain":"Fraturada","layer_code":"T04","layer_name":"Evidência hidrogeológica datada","latest_evidence_date":"2009-08-10","latest_evidence_age_years":17.051684839524427,"dated_domains_n":1,"time_series_status":"UNKNOWN_SERIE_TEMPORAL_NAO_ADQUIRIDA"}},{"type":"Feature","geometry":{"type":"Point","coordinates":[-54.826666999999986,-22.62888899999996]},"properties":{"well_id":"3500027046","municipality":"Caarapó","hydro_unit":"Grupo Caiuá","domain":"Granular","layer_code":"T04","layer_name":"Evidência hidrogeológica datada","latest_evidence_date":"2007-08-29","latest_evidence_age_years":19.00107462850024,"dated_domains_n":1,"time_series_status":"UNKNOWN_SERIE_TEMPORAL_NAO_ADQUIRIDA"}},{"type":"Feature","geometry":{"type":"Point","coordinates":[-54.786666999999966,-22.07666699999993]},"properties":{"well_id":"3500027049","municipality":"Itaporã","hydro_unit":"Formação Serra Geral","domain":"Fraturada","layer_code":"T04","layer_name":"Evidência hidrogeológica datada","latest_evidence_date":"2009-08-27","latest_evidence_age_years":17.00514042040562,"dated_domains_n":1,"time_series_status":"UNKNOWN_SERIE_TEMPORAL_NAO_ADQUIRIDA"}},{"type":"Feature","geometry":{"type":"Point","coordinates":[-54.75472199999996,-18.505277999999976]},"properties":{"well_id":"3500027061","municipality":"Coxim","hydro_unit":"Formação Furnas","domain":"Granular","layer_code":"T04","layer_name":"Evidência hidrogeológica datada","latest_evidence_date":"1999-05-08","latest_evidence_age_years":27.310622394710364,"dated_domains_n":1,"time_series_status":"UNKNOWN_SERIE_TEMPORAL_NAO_ADQUIRIDA"}},{"type":"Feature","geometry":{"type":"Point","coordinates":[-54.78694399999995,-22.081388999999945]},"properties":{"well_id":"3500027075","municipality":"Itaporã","hydro_unit":"Formação Serra Geral","domain":"Fraturada","layer_code":"T04","layer_name":"Evidência hidrogeológica datada","latest_evidence_date":"2003-10-16","latest_evidence_age_years":22.869737229375005,"dated_domains_n":1,"time_series_status":"UNKNOWN_SERIE_TEMPORAL_NAO_ADQUIRIDA"}},{"type":"Feature","geometry":{"type":"Point","coordinates":[-54.68222199999997,-18.499721999999963]},"properties":{"well_id":"3500027078","municipality":"Coxim","hydro_unit":"Formação Furnas","domain":"Granular","layer_code":"T04","layer_name":"Evidência hidrogeológica datada","latest_evidence_date":"2000-07-09","latest_evidence_age_years":26.138798195719282,"dated_domains_n":1,"time_series_status":"UNKNOWN_SERIE_TEMPORAL_NAO_ADQUIRIDA"}},{"type":"Feature","geometry":{"type":"Point","coordinates":[-52.04277799999994,-21.248055999999963]},"properties":{"well_id":"3500027122","municipality":"Brasilândia","hydro_unit":"Grupo Caiuá","domain":"Granular","layer_code":"T04","layer_name":"Evidência hidrogeológica datada","latest_evidence_date":"2009-08-27","latest_evidence_age_years":17.00514042040562,"dated_domains_n":1,"time_series_status":"UNKNOWN_SERIE_TEMPORAL_NAO_ADQUIRIDA"}},{"type":"Feature","geometry":{"type":"Point","coordinates":[-55.16666699999996,-21.62638899999996]},"properties":{"well_id":"3500027127","municipality":"Maracaju","hydro_unit":"Formação Serra Geral","domain":"Fraturada","layer_code":"T04","layer_name":"Evidência hidrogeológica datada","latest_evidence_date":"2009-08-27","latest_evidence_age_years":17.00514042040562,"dated_domains_n":1,"time_series_status":"UNKNOWN_SERIE_TEMPORAL_NAO_ADQUIRIDA"}},{"type":"Feature","geometry":{"type":"Point","coordinates":[-55.716943999999955,-22.51388899999995]},"properties":{"well_id":"3500027177","municipality":"Ponta Porã","hydro_unit":"Grupo Caiuá","domain":"Granular","layer_code":"T04","layer_name":"Evidência hidrogeológica datada","latest_evidence_date":"2009-10-06","latest_evidence_age_years":16.89562414012608,"dated_domains_n":1,"time_series_status":"UNKNOWN_SERIE_TEMPORAL_NAO_ADQUIRIDA"}},{"type":"Feature","geometry":{"type":"Point","coordinates":[-54.74083299999995,-22.03694399999995]},"properties":{"well_id":"3500027183","municipality":"Itaporã","hydro_unit":"Formação Serra Geral","domain":"Fraturada","layer_code":"T04","layer_name":"Evidência hidrogeológica datada","latest_evidence_date":"2009-10-06","latest_evidence_age_years":16.89562414012608,"dated_domains_n":1,"time_series_status":"UNKNOWN_SERIE_TEMPORAL_NAO_ADQUIRIDA"}},{"type":"Feature","geometry":{"type":"Point","coordinates":[-54.370277999999985,-21.446943999999974]},"properties":{"well_id":"3500027191","municipality":"Nova Alvorada do Sul","hydro_unit":"Formação Serra Geral","domain":"Fraturada","layer_code":"T04","layer_name":"Evidência hidrogeológica datada","latest_evidence_date":"2009-10-06","latest_evidence_age_years":16.89562414012608,"dated_domains_n":1,"time_series_status":"UNKNOWN_SERIE_TEMPORAL_NAO_ADQUIRIDA"}},{"type":"Feature","geometry":{"type":"Point","coordinates":[-54.38527799999997,-21.45111099999997]},"properties":{"well_id":"3500027201","municipality":"Nova Alvorada do Sul","hydro_unit":"Formação Serra Geral","domain":"Fraturada","layer_code":"T04","layer_name":"Evidência hidrogeológica datada","latest_evidence_date":"2009-10-06","latest_evidence_age_years":16.89562414012608,"dated_domains_n":1,"time_series_status":"UNKNOWN_SERIE_TEMPORAL_NAO_ADQUIRIDA"}},{"type":"Feature","geometry":{"type":"Point","coordinates":[-56.07555599999995,-20.288888999999926]},"properties":{"well_id":"3500027205","municipality":"Aquidauana","hydro_unit":"Grupo Cuiaba","domain":"Fraturada","layer_code":"T04","layer_name":"Evidência hidrogeológica datada","latest_evidence_date":"2009-10-06","latest_evidence_age_years":16.89562414012608,"dated_domains_n":1,"time_series_status":"UNKNOWN_SERIE_TEMPORAL_NAO_ADQUIRIDA"}},{"type":"Feature","geometry":{"type":"Point","coordinates":[-55.278055999999935,-20.68805599999996]},"properties":{"well_id":"3500027224","municipality":"Dois Irmãos do Buriti","hydro_unit":"Formação Serra Geral","domain":"Fraturada","layer_code":"T04","layer_name":"Evidência hidrogeológica datada","latest_evidence_date":"2009-10-06","latest_evidence_age_years":16.89562414012608,"dated_domains_n":1,"time_series_status":"UNKNOWN_SERIE_TEMPORAL_NAO_ADQUIRIDA"}},{"type":"Feature","geometry":{"type":"Point","coordinates":[-54.17777799999993,-23.475555999999983]},"properties":{"well_id":"3500027236","municipality":"Itaquiraí","hydro_unit":"Grupo Caiuá","domain":"Granular","layer_code":"T04","layer_name":"Evidência hidrogeológica datada","latest_evidence_date":"2009-08-27","latest_evidence_age_years":17.00514042040562,"dated_domains_n":1,"time_series_status":"UNKNOWN_SERIE_TEMPORAL_NAO_ADQUIRIDA"}},{"type":"Feature","geometry":{"type":"Point","coordinates":[-56.67555599999997,-20.551388999999972]},"properties":{"well_id":"3500027244","municipality":"Bodoquena","hydro_unit":"Grupo Cuiaba","domain":"Fraturada","layer_code":"T04","layer_name":"Evidência hidrogeológica datada","latest_evidence_date":"2009-10-06","latest_evidence_age_years":16.89562414012608,"dated_domains_n":1,"time_series_status":"UNKNOWN_SERIE_TEMPORAL_NAO_ADQUIRIDA"}},{"type":"Feature","geometry":{"type":"Point","coordinates":[-52.62499999999994,-18.800555999999972]},"properties":{"well_id":"3500027248","municipality":"Chapadão do Sul","hydro_unit":"Formação Cachoeirinha","domain":"Granular","layer_code":"T04","layer_name":"Evidência hidrogeológica datada","latest_evidence_date":"2009-10-06","latest_evidence_age_years":16.89562414012608,"dated_domains_n":2,"time_series_status":"UNKNOWN_SERIE_TEMPORAL_NAO_ADQUIRIDA"}},{"type":"Feature","geometry":{"type":"Point","coordinates":[-55.714999999999975,-22.507221999999956]},"properties":{"well_id":"3500027272","municipality":"Ponta Porã","hydro_unit":"Grupo Caiuá","domain":"Granular","layer_code":"T04","layer_name":"Evidência hidrogeológica datada","latest_evidence_date":"2009-10-06","latest_evidence_age_years":16.89562414012608,"dated_domains_n":1,"time_series_status":"UNKNOWN_SERIE_TEMPORAL_NAO_ADQUIRIDA"}},{"type":"Feature","geometry":{"type":"Point","coordinates":[-55.10583299999996,-20.74166699999995]},"properties":{"well_id":"3500027274","municipality":"Sidrolândia","hydro_unit":"Formação Serra Geral","domain":"Fraturada","layer_code":"T04","layer_name":"Evidência hidrogeológica datada","latest_evidence_date":"2009-10-06","latest_evidence_age_years":16.89562414012608,"dated_domains_n":1,"time_series_status":"UNKNOWN_SERIE_TEMPORAL_NAO_ADQUIRIDA"}},{"type":"Feature","geometry":{"type":"Point","coordinates":[-54.59249999999997,-23.675277999999935]},"properties":{"well_id":"3500027284","municipality":"Iguatemi","hydro_unit":"Grupo Caiuá","domain":"Granular","layer_code":"T04","layer_name":"Evidência hidrogeológica datada","latest_evidence_date":"2009-10-06","latest_evidence_age_years":16.89562414012608,"dated_domains_n":1,"time_series_status":"UNKNOWN_SERIE_TEMPORAL_NAO_ADQUIRIDA"}},{"type":"Feature","geometry":{"type":"Point","coordinates":[-55.42444399999994,-20.452777999999967]},"properties":{"well_id":"3500027308","municipality":"Dois Irmãos do Buriti","hydro_unit":"Formação Aquidauana","domain":"Granular","layer_code":"T04","layer_name":"Evidência hidrogeológica datada","latest_evidence_date":"2009-10-28","latest_evidence_age_years":16.835390185972333,"dated_domains_n":1,"time_series_status":"UNKNOWN_SERIE_TEMPORAL_NAO_ADQUIRIDA"}},{"type":"Feature","geometry":{"type":"Point","coordinates":[-55.78527699999995,-20.455554999999947]},"properties":{"well_id":"3500023188","municipality":"Aquidauana","hydro_unit":"Formação Aquidauana","domain":"Granular","layer_code":"T04","layer_name":"Evidência hidrogeológica datada","latest_evidence_date":"1981-05-12","latest_evidence_age_years":45.29867143062486,"dated_domains_n":1,"time_series_status":"UNKNOWN_SERIE_TEMPORAL_NAO_ADQUIRIDA"}},{"type":"Feature","geometry":{"type":"Point","coordinates":[-53.771387999999945,-22.15916599999997]},"properties":{"well_id":"3500023171","municipality":"Angélica","hydro_unit":"Grupo Caiuá","domain":"Granular","layer_code":"T04","layer_name":"Evidência hidrogeológica datada","latest_evidence_date":"1981-11-04","latest_evidence_age_years":44.81679979739488,"dated_domains_n":1,"time_series_status":"UNKNOWN_SERIE_TEMPORAL_NAO_ADQUIRIDA"}},{"type":"Feature","geometry":{"type":"Point","coordinates":[-54.737221999999974,-19.726665999999966]},"properties":{"well_id":"3500023225","municipality":"Corguinho","hydro_unit":"Formação Botucatu","domain":"Granular","layer_code":"T04","layer_name":"Evidência hidrogeológica datada","latest_evidence_date":"1993-05-12","latest_evidence_age_years":33.29842501899423,"dated_domains_n":1,"time_series_status":"UNKNOWN_SERIE_TEMPORAL_NAO_ADQUIRIDA"}},{"type":"Feature","geometry":{"type":"Point","coordinates":[-54.427776999999935,-21.651943999999958]},"properties":{"well_id":"3500023262","municipality":"Rio Brilhante","hydro_unit":"Formação Serra Geral","domain":"Fraturada","layer_code":"T04","layer_name":"Evidência hidrogeológica datada","latest_evidence_date":"1984-06-17","latest_evidence_age_years":42.19936069871387,"dated_domains_n":1,"time_series_status":"UNKNOWN_SERIE_TEMPORAL_NAO_ADQUIRIDA"}},{"type":"Feature","geometry":{"type":"Point","coordinates":[-54.39194399999997,-21.76666599999993]},"properties":{"well_id":"3500023268","municipality":"Rio Brilhante","hydro_unit":"Formação Serra Geral","domain":"Fraturada","layer_code":"T04","layer_name":"Evidência hidrogeológica datada","latest_evidence_date":"1988-10-08","latest_evidence_age_years":37.88989506971396,"dated_domains_n":1,"time_series_status":"UNKNOWN_SERIE_TEMPORAL_NAO_ADQUIRIDA"}},{"type":"Feature","geometry":{"type":"Point","coordinates":[-54.44222199999996,-21.447776999999974]},"properties":{"well_id":"3500023271","municipality":"Nova Alvorada do Sul","hydro_unit":"Formação Serra Geral","domain":"Fraturada","layer_code":"T04","layer_name":"Evidência hidrogeológica datada","latest_evidence_date":"1990-07-01","latest_evidence_age_years":36.16227574830421,"dated_domains_n":1,"time_series_status":"UNKNOWN_SERIE_TEMPORAL_NAO_ADQUIRIDA"}},{"type":"Feature","geometry":{"type":"Point","coordinates":[-53.143332999999984,-18.530276999999955]},"properties":{"well_id":"3500023335","municipality":"Costa Rica","hydro_unit":"Grupo Caiuá","domain":"Granular","layer_code":"T04","layer_name":"Evidência hidrogeológica datada","latest_evidence_date":"1991-08-30","latest_evidence_age_years":34.998665270334094,"dated_domains_n":1,"time_series_status":"UNKNOWN_SERIE_TEMPORAL_NAO_ADQUIRIDA"}},{"type":"Feature","geometry":{"type":"Point","coordinates":[-53.27416599999998,-22.300276999999937]},"properties":{"well_id":"3500023382","municipality":"Batayporã","hydro_unit":"Grupo Caiuá","domain":"Granular","layer_code":"T04","layer_name":"Evidência hidrogeológica datada","latest_evidence_date":"1994-09-17","latest_evidence_age_years":31.948636864548895,"dated_domains_n":1,"time_series_status":"UNKNOWN_SERIE_TEMPORAL_NAO_ADQUIRIDA"}},{"type":"Feature","geometry":{"type":"Point","coordinates":[-54.56749999999994,-21.768054999999947]},"properties":{"well_id":"3500023266","municipality":"Rio Brilhante","hydro_unit":"Formação Serra Geral","domain":"Fraturada","layer_code":"T04","layer_name":"Evidência hidrogeológica datada","latest_evidence_date":"1995-12-28","latest_evidence_age_years":30.670034292285262,"dated_domains_n":1,"time_series_status":"UNKNOWN_SERIE_TEMPORAL_NAO_ADQUIRIDA"}},{"type":"Feature","geometry":{"type":"Point","coordinates":[-54.58527799999996,-20.52388899999994]},"properties":{"well_id":"3500045697","municipality":"Campo Grande","hydro_unit":"Formação Serra Geral","domain":"Fraturada","layer_code":"T04","layer_name":"Evidência hidrogeológica datada","latest_evidence_date":"2006-01-01","latest_evidence_age_years":20.65750836772829,"dated_domains_n":1,"time_series_status":"UNKNOWN_SERIE_TEMPORAL_NAO_ADQUIRIDA"}},{"type":"Feature","geometry":{"type":"Point","coordinates":[-54.653332999999975,-20.51555499999995]},"properties":{"well_id":"3500022534","municipality":"Campo Grande","hydro_unit":"Formação Serra Geral","domain":"Fraturada","layer_code":"T04","layer_name":"Evidência hidrogeológica datada","latest_evidence_date":"1995-09-26","latest_evidence_age_years":30.924659643935193,"dated_domains_n":1,"time_series_status":"UNKNOWN_SERIE_TEMPORAL_NAO_ADQUIRIDA"}},{"type":"Feature","geometry":{"type":"Point","coordinates":[-55.20055499999995,-23.09888799999993]},"properties":{"well_id":"3500022682","municipality":"Amambai","hydro_unit":"Formação Serra Geral","domain":"Fraturada","layer_code":"T04","layer_name":"Evidência hidrogeológica datada","latest_evidence_date":"1984-08-07","latest_evidence_age_years":42.05972744135745,"dated_domains_n":1,"time_series_status":"UNKNOWN_SERIE_TEMPORAL_NAO_ADQUIRIDA"}},{"type":"Feature","geometry":{"type":"Point","coordinates":[-54.64694399999996,-20.486110999999937]},"properties":{"well_id":"3500022886","municipality":"Campo Grande","hydro_unit":"Formação Serra Geral","domain":"Fraturada","layer_code":"T04","layer_name":"Evidência hidrogeológica datada","latest_evidence_date":"1998-01-02","latest_evidence_age_years":28.65493473514172,"dated_domains_n":1,"time_series_status":"UNKNOWN_SERIE_TEMPORAL_NAO_ADQUIRIDA"}},{"type":"Feature","geometry":{"type":"Point","coordinates":[-54.52333299999998,-20.463332999999977]},"properties":{"well_id":"3500022942","municipality":"Campo Grande","hydro_unit":"Grupo Caiuá","domain":"Granular","layer_code":"T04","layer_name":"Evidência hidrogeológica datada","latest_evidence_date":"1982-10-30","latest_evidence_age_years":43.83115327487902,"dated_domains_n":1,"time_series_status":"UNKNOWN_SERIE_TEMPORAL_NAO_ADQUIRIDA"}},{"type":"Feature","geometry":{"type":"Point","coordinates":[-54.81166699999994,-22.267221999999947]},"properties":{"well_id":"3500027143","municipality":"Dourados","hydro_unit":"Formação Serra Geral","domain":"Fraturada","layer_code":"T04","layer_name":"Evidência hidrogeológica datada","latest_evidence_date":"2019-09-12","latest_evidence_age_years":6.962497518771775,"dated_domains_n":2,"time_series_status":"UNKNOWN_SERIE_TEMPORAL_NAO_ADQUIRIDA"}},{"type":"Feature","geometry":{"type":"Point","coordinates":[-54.61111099999994,-22.04388899999998]},"properties":{"well_id":"3500065121","municipality":"Douradina","hydro_unit":"Formação Serra Geral","domain":"Fraturada","layer_code":"T04","layer_name":"Evidência hidrogeológica datada","latest_evidence_date":"2019-09-06","latest_evidence_age_years":6.978924960813706,"dated_domains_n":1,"time_series_status":"UNKNOWN_SERIE_TEMPORAL_NAO_ADQUIRIDA"}},{"type":"Feature","geometry":{"type":"Point","coordinates":[-54.66722199999998,-20.498054999999965]},"properties":{"well_id":"3500022467","municipality":"Campo Grande","hydro_unit":"Formação Serra Geral","domain":"Fraturada","layer_code":"T04","layer_name":"Evidência hidrogeológica datada","latest_evidence_date":"2003-05-02","latest_evidence_age_years":23.326967699542084,"dated_domains_n":1,"time_series_status":"UNKNOWN_SERIE_TEMPORAL_NAO_ADQUIRIDA"}},{"type":"Feature","geometry":{"type":"Point","coordinates":[-54.67305499999998,-20.491665999999952]},"properties":{"well_id":"3500022468","municipality":"Campo Grande","hydro_unit":"Formação Serra Geral","domain":"Fraturada","layer_code":"T04","layer_name":"Evidência hidrogeológica datada","latest_evidence_date":"1990-05-11","latest_evidence_age_years":36.30190900566062,"dated_domains_n":1,"time_series_status":"UNKNOWN_SERIE_TEMPORAL_NAO_ADQUIRIDA"}},{"type":"Feature","geometry":{"type":"Point","coordinates":[-54.56749999999994,-20.450832999999932]},"properties":{"well_id":"3500022471","municipality":"Campo Grande","hydro_unit":"Formação Serra Geral","domain":"Fraturada","layer_code":"T04","layer_name":"Evidência hidrogeológica datada","latest_evidence_date":"1983-12-02","latest_evidence_age_years":42.74146628609759,"dated_domains_n":1,"time_series_status":"UNKNOWN_SERIE_TEMPORAL_NAO_ADQUIRIDA"}},{"type":"Feature","geometry":{"type":"Point","coordinates":[-54.55555499999997,-20.423610999999937]},"properties":{"well_id":"3500022493","municipality":"Campo Grande","hydro_unit":"Grupo Caiuá","domain":"Granular","layer_code":"T04","layer_name":"Evidência hidrogeológica datada","latest_evidence_date":"1997-07-22","latest_evidence_age_years":29.103951484287837,"dated_domains_n":1,"time_series_status":"UNKNOWN_SERIE_TEMPORAL_NAO_ADQUIRIDA"}},{"type":"Feature","geometry":{"type":"Point","coordinates":[-54.58722199999994,-20.55499999999995]},"properties":{"well_id":"3500022499","municipality":"Campo Grande","hydro_unit":"Formação Serra Geral","domain":"Fraturada","layer_code":"T04","layer_name":"Evidência hidrogeológica datada","latest_evidence_date":"1985-08-23","latest_evidence_age_years":41.01658487169483,"dated_domains_n":1,"time_series_status":"UNKNOWN_SERIE_TEMPORAL_NAO_ADQUIRIDA"}},{"type":"Feature","geometry":{"type":"Point","coordinates":[-54.57722199999995,-20.551387999999974]},"properties":{"well_id":"3500022518","municipality":"Campo Grande","hydro_unit":"Formação Serra Geral","domain":"Fraturada","layer_code":"T04","layer_name":"Evidência hidrogeológica datada","latest_evidence_date":"1981-09-10","latest_evidence_age_years":44.96738468277925,"dated_domains_n":1,"time_series_status":"UNKNOWN_SERIE_TEMPORAL_NAO_ADQUIRIDA"}},{"type":"Feature","geometry":{"type":"Point","coordinates":[-53.12805499999996,-18.53527699999995]},"properties":{"well_id":"3500022563","municipality":"Costa Rica","hydro_unit":"Grupo Caiuá","domain":"Granular","layer_code":"T04","layer_name":"Evidência hidrogeológica datada","latest_evidence_date":"1980-02-02","latest_evidence_age_years":46.57179818887452,"dated_domains_n":1,"time_series_status":"UNKNOWN_SERIE_TEMPORAL_NAO_ADQUIRIDA"}},{"type":"Feature","geometry":{"type":"Point","coordinates":[-52.227776999999946,-20.679443999999933]},"properties":{"well_id":"3500022575","municipality":"Três Lagoas","hydro_unit":"Grupo Bauru","domain":"Granular","layer_code":"T04","layer_name":"Evidência hidrogeológica datada","latest_evidence_date":"1978-03-28","latest_evidence_age_years":48.42262332559874,"dated_domains_n":1,"time_series_status":"UNKNOWN_SERIE_TEMPORAL_NAO_ADQUIRIDA"}},{"type":"Feature","geometry":{"type":"Point","coordinates":[-51.70027699999997,-20.776665999999977]},"properties":{"well_id":"3500022576","municipality":"Três Lagoas","hydro_unit":"Grupo Caiuá","domain":"Granular","layer_code":"T04","layer_name":"Evidência hidrogeológica datada","latest_evidence_date":"1974-08-12","latest_evidence_age_years":52.04761220285153,"dated_domains_n":1,"time_series_status":"UNKNOWN_SERIE_TEMPORAL_NAO_ADQUIRIDA"}},{"type":"Feature","geometry":{"type":"Point","coordinates":[-57.57722199999995,-19.07555499999995]},"properties":{"well_id":"3500022624","municipality":"Ladário","hydro_unit":"Embasamento Indiferenciado","domain":"Fraturada","layer_code":"T04","layer_name":"Evidência hidrogeológica datada","latest_evidence_date":"2003-03-02","latest_evidence_age_years":23.493980026968384,"dated_domains_n":1,"time_series_status":"UNKNOWN_SERIE_TEMPORAL_NAO_ADQUIRIDA"}},{"type":"Feature","geometry":{"type":"Point","coordinates":[-55.790832999999964,-20.459165999999982]},"properties":{"well_id":"3500022764","municipality":"Aquidauana","hydro_unit":"Formação Aquidauana","domain":"Granular","layer_code":"T04","layer_name":"Evidência hidrogeológica datada","latest_evidence_date":"1981-05-31","latest_evidence_age_years":45.24665119749208,"dated_domains_n":1,"time_series_status":"UNKNOWN_SERIE_TEMPORAL_NAO_ADQUIRIDA"}},{"type":"Feature","geometry":{"type":"Point","coordinates":[-51.699165999999934,-20.778887999999938]},"properties":{"well_id":"3500023019","municipality":"Três Lagoas","hydro_unit":"Grupo Caiuá","domain":"Granular","layer_code":"T04","layer_name":"Evidência hidrogeológica datada","latest_evidence_date":"1991-12-01","latest_evidence_age_years":34.74403991868416,"dated_domains_n":1,"time_series_status":"UNKNOWN_SERIE_TEMPORAL_NAO_ADQUIRIDA"}},{"type":"Feature","geometry":{"type":"Point","coordinates":[-54.56805499999996,-19.531665999999973]},"properties":{"well_id":"3500023101","municipality":"São Gabriel do Oeste","hydro_unit":"Grupo Bauru","domain":"Granular","layer_code":"T04","layer_name":"Evidência hidrogeológica datada","latest_evidence_date":"1979-03-11","latest_evidence_age_years":47.469831687166746,"dated_domains_n":1,"time_series_status":"UNKNOWN_SERIE_TEMPORAL_NAO_ADQUIRIDA"}},{"type":"Feature","geometry":{"type":"Point","coordinates":[-54.66972199999998,-19.34499999999997]},"properties":{"well_id":"3500023104","municipality":"São Gabriel do Oeste","hydro_unit":"Grupo Bauru","domain":"Granular","layer_code":"T04","layer_name":"Evidência hidrogeológica datada","latest_evidence_date":"2003-10-31","latest_evidence_age_years":22.828668624270176,"dated_domains_n":1,"time_series_status":"UNKNOWN_SERIE_TEMPORAL_NAO_ADQUIRIDA"}},{"type":"Feature","geometry":{"type":"Point","coordinates":[-55.77388799999994,-20.47194399999995]},"properties":{"well_id":"3500023192","municipality":"Aquidauana","hydro_unit":"Formação Aquidauana","domain":"Granular","layer_code":"T04","layer_name":"Evidência hidrogeológica datada","latest_evidence_date":"1998-05-14","latest_evidence_age_years":28.293531010219237,"dated_domains_n":1,"time_series_status":"UNKNOWN_SERIE_TEMPORAL_NAO_ADQUIRIDA"}},{"type":"Feature","geometry":{"type":"Point","coordinates":[-55.22249999999997,-23.099999999999966]},"properties":{"well_id":"3500023151","municipality":"Amambai","hydro_unit":"Formação Serra Geral","domain":"Fraturada","layer_code":"T04","layer_name":"Evidência hidrogeológica datada","latest_evidence_date":"1981-01-11","latest_evidence_age_years":45.62995817847047,"dated_domains_n":1,"time_series_status":"UNKNOWN_SERIE_TEMPORAL_NAO_ADQUIRIDA"}},{"type":"Feature","geometry":{"type":"Point","coordinates":[-53.70138799999995,-19.87694399999998]},"properties":{"well_id":"3500023255","municipality":"Ribas do Rio Pardo","hydro_unit":"Formação Serra Geral","domain":"Fraturada","layer_code":"T04","layer_name":"Evidência hidrogeológica datada","latest_evidence_date":"1988-10-11","latest_evidence_age_years":37.88168134869299,"dated_domains_n":1,"time_series_status":"UNKNOWN_SERIE_TEMPORAL_NAO_ADQUIRIDA"}},{"type":"Feature","geometry":{"type":"Point","coordinates":[-55.787499999999966,-20.48111099999994]},"properties":{"well_id":"3500023190","municipality":"Aquidauana","hydro_unit":"Formação Aquidauana","domain":"Granular","layer_code":"T04","layer_name":"Evidência hidrogeológica datada","latest_evidence_date":"1982-03-15","latest_evidence_age_years":44.458133979479385,"dated_domains_n":1,"time_series_status":"UNKNOWN_SERIE_TEMPORAL_NAO_ADQUIRIDA"}},{"type":"Feature","geometry":{"type":"Point","coordinates":[-54.64583299999998,-20.47305499999993]},"properties":{"well_id":"3500022473","municipality":"Campo Grande","hydro_unit":"Formação Serra Geral","domain":"Fraturada","layer_code":"T04","layer_name":"Evidência hidrogeológica datada","latest_evidence_date":"1982-10-26","latest_evidence_age_years":43.842104902906975,"dated_domains_n":1,"time_series_status":"UNKNOWN_SERIE_TEMPORAL_NAO_ADQUIRIDA"}},{"type":"Feature","geometry":{"type":"Point","coordinates":[-54.654721999999936,-20.522221999999942]},"properties":{"well_id":"3500022535","municipality":"Campo Grande","hydro_unit":"Formação Serra Geral","domain":"Fraturada","layer_code":"T04","layer_name":"Evidência hidrogeológica datada","latest_evidence_date":"1993-02-20","latest_evidence_age_years":33.5201954865603,"dated_domains_n":1,"time_series_status":"UNKNOWN_SERIE_TEMPORAL_NAO_ADQUIRIDA"}},{"type":"Feature","geometry":{"type":"Point","coordinates":[-53.76111099999997,-20.463055999999938]},"properties":{"well_id":"3500065140","municipality":"Ribas do Rio Pardo","hydro_unit":"Grupo Caiuá","domain":"Granular","layer_code":"T04","layer_name":"Evidência hidrogeológica datada","latest_evidence_date":"2004-07-27","latest_evidence_age_years":22.08943373238328,"dated_domains_n":1,"time_series_status":"UNKNOWN_SERIE_TEMPORAL_NAO_ADQUIRIDA"}},{"type":"Feature","geometry":{"type":"Point","coordinates":[-54.485555999999974,-19.559721999999965]},"properties":{"well_id":"3500026929","municipality":"São Gabriel do Oeste","hydro_unit":"Grupo Bauru","domain":"Granular","layer_code":"T04","layer_name":"Evidência hidrogeológica datada","latest_evidence_date":"2008-03-03","latest_evidence_age_years":18.48908601819339,"dated_domains_n":1,"time_series_status":"UNKNOWN_SERIE_TEMPORAL_NAO_ADQUIRIDA"}},{"type":"Feature","geometry":{"type":"Point","coordinates":[-54.06611099999998,-22.052776999999935]},"properties":{"well_id":"3500023176","municipality":"Angélica","hydro_unit":"Grupo Caiuá","domain":"Granular","layer_code":"T04","layer_name":"Evidência hidrogeológica datada","latest_evidence_date":"1981-09-24","latest_evidence_age_years":44.92905398468141,"dated_domains_n":2,"time_series_status":"UNKNOWN_SERIE_TEMPORAL_NAO_ADQUIRIDA"}},{"type":"Feature","geometry":{"type":"Point","coordinates":[-53.28249999999997,-22.284999999999968]},"properties":{"well_id":"3500045661","municipality":"Batayporã","hydro_unit":"Grupo Caiuá","domain":"Granular","layer_code":"T04","layer_name":"Evidência hidrogeológica datada","latest_evidence_date":"2008-02-01","latest_evidence_age_years":18.573961135410034,"dated_domains_n":1,"time_series_status":"UNKNOWN_SERIE_TEMPORAL_NAO_ADQUIRIDA"}},{"type":"Feature","geometry":{"type":"Point","coordinates":[-54.757221999999956,-22.49527699999993]},"properties":{"well_id":"3500022696","municipality":"Caarapó","hydro_unit":"Formação Serra Geral","domain":"Fraturada","layer_code":"T04","layer_name":"Evidência hidrogeológica datada","latest_evidence_date":"1984-06-10","latest_evidence_age_years":42.218526047762786,"dated_domains_n":1,"time_series_status":"UNKNOWN_SERIE_TEMPORAL_NAO_ADQUIRIDA"}},{"type":"Feature","geometry":{"type":"Point","coordinates":[-54.974166999999966,-20.941110999999978]},"properties":{"well_id":"3500067664","municipality":"Sidrolândia","hydro_unit":"Formação Serra Geral","domain":"Fraturada","layer_code":"T04","layer_name":"Evidência hidrogeológica datada","latest_evidence_date":"2017-03-07","latest_evidence_age_years":9.478634058194213,"dated_domains_n":1,"time_series_status":"UNKNOWN_SERIE_TEMPORAL_NAO_ADQUIRIDA"}},{"type":"Feature","geometry":{"type":"Point","coordinates":[-55.02138899999994,-20.717777999999953]},"properties":{"well_id":"3500067287","municipality":"Terenos","hydro_unit":"Formação Serra Geral","domain":"Fraturada","layer_code":"T04","layer_name":"Evidência hidrogeológica datada","latest_evidence_date":"2016-09-28","latest_evidence_age_years":9.916699179312374,"dated_domains_n":1,"time_series_status":"UNKNOWN_SERIE_TEMPORAL_NAO_ADQUIRIDA"}},{"type":"Feature","geometry":{"type":"Point","coordinates":[-53.15749999999997,-18.516388999999947]},"properties":{"well_id":"3500067322","municipality":"Costa Rica","hydro_unit":"Grupo Caiuá","domain":"Granular","layer_code":"T04","layer_name":"Evidência hidrogeológica datada","latest_evidence_date":"2016-11-30","latest_evidence_age_years":9.744211037872098,"dated_domains_n":1,"time_series_status":"UNKNOWN_SERIE_TEMPORAL_NAO_ADQUIRIDA"}},{"type":"Feature","geometry":{"type":"Point","coordinates":[-52.51888799999995,-22.018887999999947]},"properties":{"well_id":"3500023184","municipality":"Anaurilândia","hydro_unit":"Grupo Caiuá","domain":"Granular","layer_code":"T04","layer_name":"Evidência hidrogeológica datada","latest_evidence_date":"1983-10-24","latest_evidence_age_years":42.848244659370145,"dated_domains_n":2,"time_series_status":"UNKNOWN_SERIE_TEMPORAL_NAO_ADQUIRIDA"}},{"type":"Feature","geometry":{"type":"Point","coordinates":[-54.61777799999999,-20.486388999999974]},"properties":{"well_id":"3500026946","municipality":"Campo Grande","hydro_unit":"Formação Serra Geral","domain":"Fraturada","layer_code":"T04","layer_name":"Evidência hidrogeológica datada","latest_evidence_date":"2008-03-08","latest_evidence_age_years":18.47539648315845,"dated_domains_n":1,"time_series_status":"UNKNOWN_SERIE_TEMPORAL_NAO_ADQUIRIDA"}},{"type":"Feature","geometry":{"type":"Point","coordinates":[-54.56694399999998,-19.383888999999954]},"properties":{"well_id":"3500030630","municipality":"São Gabriel do Oeste","hydro_unit":"Grupo Bauru","domain":"Granular","layer_code":"T04","layer_name":"Evidência hidrogeológica datada","latest_evidence_date":"2009-05-04","latest_evidence_age_years":17.3199997262093,"dated_domains_n":1,"time_series_status":"UNKNOWN_SERIE_TEMPORAL_NAO_ADQUIRIDA"}},{"type":"Feature","geometry":{"type":"Point","coordinates":[-54.84833299999997,-18.920555999999976]},"properties":{"well_id":"3500030632","municipality":"Rio Verde de Mato Grosso","hydro_unit":"Formação Furnas","domain":"Granular","layer_code":"T04","layer_name":"Evidência hidrogeológica datada","latest_evidence_date":"1997-10-19","latest_evidence_age_years":28.86027776066586,"dated_domains_n":1,"time_series_status":"UNKNOWN_SERIE_TEMPORAL_NAO_ADQUIRIDA"}},{"type":"Feature","geometry":{"type":"Point","coordinates":[-54.35388899999998,-19.67916699999995]},"properties":{"well_id":"3500030639","municipality":"Bandeirantes","hydro_unit":"Formação Serra Geral","domain":"Fraturada","layer_code":"T04","layer_name":"Evidência hidrogeológica datada","latest_evidence_date":"2000-11-05","latest_evidence_age_years":25.81298726188765,"dated_domains_n":1,"time_series_status":"UNKNOWN_SERIE_TEMPORAL_NAO_ADQUIRIDA"}},{"type":"Feature","geometry":{"type":"Point","coordinates":[-55.22972199999998,-20.377777999999978]},"properties":{"well_id":"3500067384","municipality":"Terenos","hydro_unit":"Formação Botucatu","domain":"Granular","layer_code":"T04","layer_name":"Evidência hidrogeológica datada","latest_evidence_date":"2017-07-31","latest_evidence_age_years":9.078899635173892,"dated_domains_n":1,"time_series_status":"UNKNOWN_SERIE_TEMPORAL_NAO_ADQUIRIDA"}},{"type":"Feature","geometry":{"type":"Point","coordinates":[-55.94388799999996,-22.196943999999974]},"properties":{"well_id":"3500022687","municipality":"Antônio João","hydro_unit":"Formação Serra Geral","domain":"Fraturada","layer_code":"T04","layer_name":"Evidência hidrogeológica datada","latest_evidence_date":"1975-11-18","latest_evidence_age_years":50.77996125861585,"dated_domains_n":1,"time_series_status":"UNKNOWN_SERIE_TEMPORAL_NAO_ADQUIRIDA"}},{"type":"Feature","geometry":{"type":"Point","coordinates":[-54.28416599999997,-23.788610999999946]},"properties":{"well_id":"3500022700","municipality":"Eldorado","hydro_unit":"Grupo Caiuá","domain":"Granular","layer_code":"T04","layer_name":"Evidência hidrogeológica datada","latest_evidence_date":"2001-01-14","latest_evidence_age_years":25.621333771398454,"dated_domains_n":1,"time_series_status":"UNKNOWN_SERIE_TEMPORAL_NAO_ADQUIRIDA"}},{"type":"Feature","geometry":{"type":"Point","coordinates":[-54.27694399999996,-23.782776999999953]},"properties":{"well_id":"3500022704","municipality":"Eldorado","hydro_unit":"Grupo Caiuá","domain":"Granular","layer_code":"T04","layer_name":"Evidência hidrogeológica datada","latest_evidence_date":"1995-03-15","latest_evidence_age_years":31.45855151029795,"dated_domains_n":1,"time_series_status":"UNKNOWN_SERIE_TEMPORAL_NAO_ADQUIRIDA"}},{"type":"Feature","geometry":{"type":"Point","coordinates":[-55.72249999999997,-22.497776999999928]},"properties":{"well_id":"3500022741","municipality":"Ponta Porã","hydro_unit":"Grupo Caiuá","domain":"Granular","layer_code":"T04","layer_name":"Evidência hidrogeológica datada","latest_evidence_date":"2000-01-02","latest_evidence_age_years":26.65626262004011,"dated_domains_n":1,"time_series_status":"UNKNOWN_SERIE_TEMPORAL_NAO_ADQUIRIDA"}},{"type":"Feature","geometry":{"type":"Point","coordinates":[-51.699165999999934,-20.72555499999993]},"properties":{"well_id":"3500023012","municipality":"Três Lagoas","hydro_unit":"Grupo Caiuá","domain":"Granular","layer_code":"T04","layer_name":"Evidência hidrogeológica datada","latest_evidence_date":"2006-08-25","latest_evidence_age_years":20.011362314079,"dated_domains_n":1,"time_series_status":"UNKNOWN_SERIE_TEMPORAL_NAO_ADQUIRIDA"}},{"type":"Feature","geometry":{"type":"Point","coordinates":[-55.48055499999998,-22.195554999999956]},"properties":{"well_id":"3500023015","municipality":"Ponta Porã","hydro_unit":"Formação Serra Geral","domain":"Fraturada","layer_code":"T04","layer_name":"Evidência hidrogeológica datada","latest_evidence_date":"2002-04-07","latest_evidence_age_years":24.394751432267604,"dated_domains_n":1,"time_series_status":"UNKNOWN_SERIE_TEMPORAL_NAO_ADQUIRIDA"}},{"type":"Feature","geometry":{"type":"Point","coordinates":[-56.49555499999997,-21.122221999999965]},"properties":{"well_id":"3500023081","municipality":"Bonito","hydro_unit":"Grupo Cuiaba","domain":"Fraturada","layer_code":"T04","layer_name":"Evidência hidrogeológica datada","latest_evidence_date":"1987-07-07","latest_evidence_age_years":39.14659438592168,"dated_domains_n":1,"time_series_status":"UNKNOWN_SERIE_TEMPORAL_NAO_ADQUIRIDA"}},{"type":"Feature","geometry":{"type":"Point","coordinates":[-56.497221999999965,-21.113610999999935]},"properties":{"well_id":"3500023082","municipality":"Bonito","hydro_unit":"Grupo Cuiaba","domain":"Fraturada","layer_code":"T04","layer_name":"Evidência hidrogeológica datada","latest_evidence_date":"1980-02-19","latest_evidence_age_years":46.52525376975571,"dated_domains_n":1,"time_series_status":"UNKNOWN_SERIE_TEMPORAL_NAO_ADQUIRIDA"}},{"type":"Feature","geometry":{"type":"Point","coordinates":[-55.20111099999997,-22.837777999999958]},"properties":{"well_id":"3500067699","municipality":"Laguna Carapã","hydro_unit":"Formação Serra Geral","domain":"Fraturada","layer_code":"T04","layer_name":"Evidência hidrogeológica datada","latest_evidence_date":"2018-06-15","latest_evidence_age_years":8.205507299944557,"dated_domains_n":1,"time_series_status":"UNKNOWN_SERIE_TEMPORAL_NAO_ADQUIRIDA"}},{"type":"Feature","geometry":{"type":"Point","coordinates":[-54.91305599999998,-21.194721999999956]},"properties":{"well_id":"3500027247","municipality":"Sidrolândia","hydro_unit":"Grupo Caiuá","domain":"Granular","layer_code":"T04","layer_name":"Evidência hidrogeológica datada","latest_evidence_date":"2019-09-12","latest_evidence_age_years":6.962497518771775,"dated_domains_n":2,"time_series_status":"UNKNOWN_SERIE_TEMPORAL_NAO_ADQUIRIDA"}},{"type":"Feature","geometry":{"type":"Point","coordinates":[-55.51611099999997,-20.778887999999938]},"properties":{"well_id":"3500023200","municipality":"Anastácio","hydro_unit":"Formação Serra Geral","domain":"Fraturada","layer_code":"T04","layer_name":"Evidência hidrogeológica datada","latest_evidence_date":"1987-11-14","latest_evidence_age_years":38.790666475013175,"dated_domains_n":1,"time_series_status":"UNKNOWN_SERIE_TEMPORAL_NAO_ADQUIRIDA"}},{"type":"Feature","geometry":{"type":"Point","coordinates":[-55.48499999999996,-20.756943999999976]},"properties":{"well_id":"3500023201","municipality":"Dois Irmãos do Buriti","hydro_unit":"Formação Botucatu","domain":"Granular","layer_code":"T04","layer_name":"Evidência hidrogeológica datada","latest_evidence_date":"1987-11-26","latest_evidence_age_years":38.757811590929315,"dated_domains_n":1,"time_series_status":"UNKNOWN_SERIE_TEMPORAL_NAO_ADQUIRIDA"}},{"type":"Feature","geometry":{"type":"Point","coordinates":[-55.46083299999998,-20.688332999999943]},"properties":{"well_id":"3500023206","municipality":"Dois Irmãos do Buriti","hydro_unit":"Formação Botucatu","domain":"Granular","layer_code":"T04","layer_name":"Evidência hidrogeológica datada","latest_evidence_date":"1997-02-15","latest_evidence_age_years":29.533802884385032,"dated_domains_n":1,"time_series_status":"UNKNOWN_SERIE_TEMPORAL_NAO_ADQUIRIDA"}},{"type":"Feature","geometry":{"type":"Point","coordinates":[-55.05361099999993,-20.644721999999945]},"properties":{"well_id":"3500023211","municipality":"Terenos","hydro_unit":"Formação Serra Geral","domain":"Fraturada","layer_code":"T04","layer_name":"Evidência hidrogeológica datada","latest_evidence_date":"1985-08-09","latest_evidence_age_years":41.05491556979267,"dated_domains_n":1,"time_series_status":"UNKNOWN_SERIE_TEMPORAL_NAO_ADQUIRIDA"}},{"type":"Feature","geometry":{"type":"Point","coordinates":[-54.61138799999998,-19.394165999999927]},"properties":{"well_id":"3500023226","municipality":"São Gabriel do Oeste","hydro_unit":"Grupo Bauru","domain":"Granular","layer_code":"T04","layer_name":"Evidência hidrogeológica datada","latest_evidence_date":"1988-06-11","latest_evidence_age_years":38.21570600354559,"dated_domains_n":1,"time_series_status":"UNKNOWN_SERIE_TEMPORAL_NAO_ADQUIRIDA"}},{"type":"Feature","geometry":{"type":"Point","coordinates":[-52.41888799999998,-21.718332999999973]},"properties":{"well_id":"3500023273","municipality":"Bataguassu","hydro_unit":"Grupo Caiuá","domain":"Granular","layer_code":"T04","layer_name":"Evidência hidrogeológica datada","latest_evidence_date":"1975-10-27","latest_evidence_age_years":50.8401952127696,"dated_domains_n":1,"time_series_status":"UNKNOWN_SERIE_TEMPORAL_NAO_ADQUIRIDA"}},{"type":"Feature","geometry":{"type":"Point","coordinates":[-53.828332999999986,-22.304443999999933]},"properties":{"well_id":"3500027072","municipality":"Ivinhema","hydro_unit":"Grupo Caiuá","domain":"Granular","layer_code":"T04","layer_name":"Evidência hidrogeológica datada","latest_evidence_date":"2009-10-06","latest_evidence_age_years":16.89562414012608,"dated_domains_n":2,"time_series_status":"UNKNOWN_SERIE_TEMPORAL_NAO_ADQUIRIDA"}},{"type":"Feature","geometry":{"type":"Point","coordinates":[-54.227776999999946,-22.407221999999933]},"properties":{"well_id":"3500023378","municipality":"Glória de Dourados","hydro_unit":"Grupo Caiuá","domain":"Granular","layer_code":"T04","layer_name":"Evidência hidrogeológica datada","latest_evidence_date":"1978-11-20","latest_evidence_age_years":47.77373936494247,"dated_domains_n":1,"time_series_status":"UNKNOWN_SERIE_TEMPORAL_NAO_ADQUIRIDA"}},{"type":"Feature","geometry":{"type":"Point","coordinates":[-53.71222199999994,-18.32361099999997]},"properties":{"well_id":"3500022589","municipality":"Alcinópolis","hydro_unit":"Grupo Caiuá","domain":"Granular","layer_code":"T04","layer_name":"Evidência hidrogeológica datada","latest_evidence_date":"2002-02-08","latest_evidence_age_years":24.553550038672935,"dated_domains_n":1,"time_series_status":"UNKNOWN_SERIE_TEMPORAL_NAO_ADQUIRIDA"}},{"type":"Feature","geometry":{"type":"Point","coordinates":[-54.61944399999999,-20.51666599999993]},"properties":{"well_id":"3500022653","municipality":"Campo Grande","hydro_unit":"Formação Serra Geral","domain":"Fraturada","layer_code":"T04","layer_name":"Evidência hidrogeológica datada","latest_evidence_date":"1997-11-11","latest_evidence_age_years":28.797305899505123,"dated_domains_n":1,"time_series_status":"UNKNOWN_SERIE_TEMPORAL_NAO_ADQUIRIDA"}},{"type":"Feature","geometry":{"type":"Point","coordinates":[-54.507499999999936,-20.99333299999995]},"properties":{"well_id":"3500022885","municipality":"Campo Grande","hydro_unit":"Formação Serra Geral","domain":"Fraturada","layer_code":"T04","layer_name":"Evidência hidrogeológica datada","latest_evidence_date":"1982-02-19","latest_evidence_age_years":44.52384374764711,"dated_domains_n":1,"time_series_status":"UNKNOWN_SERIE_TEMPORAL_NAO_ADQUIRIDA"}},{"type":"Feature","geometry":{"type":"Point","coordinates":[-54.636387999999954,-20.42083299999996]},"properties":{"well_id":"3500022890","municipality":"Campo Grande","hydro_unit":"Formação Serra Geral","domain":"Fraturada","layer_code":"T04","layer_name":"Evidência hidrogeológica datada","latest_evidence_date":"1976-02-06","latest_evidence_age_years":50.56092869805677,"dated_domains_n":1,"time_series_status":"UNKNOWN_SERIE_TEMPORAL_NAO_ADQUIRIDA"}},{"type":"Feature","geometry":{"type":"Point","coordinates":[-54.65083299999998,-20.496387999999968]},"properties":{"well_id":"3500022901","municipality":"Campo Grande","hydro_unit":"Formação Serra Geral","domain":"Fraturada","layer_code":"T04","layer_name":"Evidência hidrogeológica datada","latest_evidence_date":"1994-01-17","latest_evidence_age_years":32.6139482672471,"dated_domains_n":1,"time_series_status":"UNKNOWN_SERIE_TEMPORAL_NAO_ADQUIRIDA"}},{"type":"Feature","geometry":{"type":"Point","coordinates":[-54.04333299999996,-19.528332999999975]},"properties":{"well_id":"3500022989","municipality":"Camapuã","hydro_unit":"Formação Botucatu","domain":"Granular","layer_code":"T04","layer_name":"Evidência hidrogeológica datada","latest_evidence_date":"1965-02-10","latest_evidence_age_years":61.54814951710165,"dated_domains_n":1,"time_series_status":"UNKNOWN_SERIE_TEMPORAL_NAO_ADQUIRIDA"}},{"type":"Feature","geometry":{"type":"Point","coordinates":[-53.76777699999997,-20.44083299999994]},"properties":{"well_id":"3500023017","municipality":"Ribas do Rio Pardo","hydro_unit":"Grupo Caiuá","domain":"Granular","layer_code":"T04","layer_name":"Evidência hidrogeológica datada","latest_evidence_date":"2001-06-27","latest_evidence_age_years":25.17231702225234,"dated_domains_n":1,"time_series_status":"UNKNOWN_SERIE_TEMPORAL_NAO_ADQUIRIDA"}},{"type":"Feature","geometry":{"type":"Point","coordinates":[-54.082221999999945,-19.63777799999997]},"properties":{"well_id":"3500026838","municipality":"Camapuã","hydro_unit":"Formação Serra Geral","domain":"Fraturada","layer_code":"T04","layer_name":"Evidência hidrogeológica datada","latest_evidence_date":"2023-12-01","latest_evidence_age_years":2.7433828210024847,"dated_domains_n":3,"time_series_status":"UNKNOWN_SERIE_TEMPORAL_NAO_ADQUIRIDA"}},{"type":"Feature","geometry":{"type":"Point","coordinates":[-54.632776999999976,-18.562776999999983]},"properties":{"well_id":"3500023011","municipality":"Coxim","hydro_unit":"Formação Ponta Grossa","domain":"Granular","layer_code":"T04","layer_name":"Evidência hidrogeológica datada","latest_evidence_date":"1985-07-23","latest_evidence_age_years":41.10145998891148,"dated_domains_n":1,"time_series_status":"UNKNOWN_SERIE_TEMPORAL_NAO_ADQUIRIDA"}},{"type":"Feature","geometry":{"type":"Point","coordinates":[-54.577499999999986,-20.500832999999943]},"properties":{"well_id":"3500022507","municipality":"Campo Grande","hydro_unit":"Formação Serra Geral","domain":"Fraturada","layer_code":"T04","layer_name":"Evidência hidrogeológica datada","latest_evidence_date":"1993-12-14","latest_evidence_age_years":32.70703710548471,"dated_domains_n":1,"time_series_status":"UNKNOWN_SERIE_TEMPORAL_NAO_ADQUIRIDA"}},{"type":"Feature","geometry":{"type":"Point","coordinates":[-53.82861099999997,-22.31361099999998]},"properties":{"well_id":"3500022544","municipality":"Ivinhema","hydro_unit":"Grupo Caiuá","domain":"Granular","layer_code":"T04","layer_name":"Evidência hidrogeológica datada","latest_evidence_date":"1980-06-02","latest_evidence_age_years":46.24051144102891,"dated_domains_n":1,"time_series_status":"UNKNOWN_SERIE_TEMPORAL_NAO_ADQUIRIDA"}},{"type":"Feature","geometry":{"type":"Point","coordinates":[-53.850554999999986,-22.30583299999995]},"properties":{"well_id":"3500022548","municipality":"Ivinhema","hydro_unit":"Grupo Caiuá","domain":"Granular","layer_code":"T04","layer_name":"Evidência hidrogeológica datada","latest_evidence_date":"2001-05-10","latest_evidence_age_years":25.303736558587786,"dated_domains_n":1,"time_series_status":"UNKNOWN_SERIE_TEMPORAL_NAO_ADQUIRIDA"}},{"type":"Feature","geometry":{"type":"Point","coordinates":[-53.92749999999995,-22.370832999999948]},"properties":{"well_id":"3500022550","municipality":"Ivinhema","hydro_unit":"Grupo Caiuá","domain":"Granular","layer_code":"T04","layer_name":"Evidência hidrogeológica datada","latest_evidence_date":"2001-05-13","latest_evidence_age_years":25.29552283756682,"dated_domains_n":1,"time_series_status":"UNKNOWN_SERIE_TEMPORAL_NAO_ADQUIRIDA"}},{"type":"Feature","geometry":{"type":"Point","coordinates":[-51.74416599999995,-20.78444399999995]},"properties":{"well_id":"3500022581","municipality":"Três Lagoas","hydro_unit":"Grupo Caiuá","domain":"Granular","layer_code":"T04","layer_name":"Evidência hidrogeológica datada","latest_evidence_date":"2003-08-10","latest_evidence_age_years":23.053176998843234,"dated_domains_n":1,"time_series_status":"UNKNOWN_SERIE_TEMPORAL_NAO_ADQUIRIDA"}},{"type":"Feature","geometry":{"type":"Point","coordinates":[-51.68833299999994,-20.776943999999958]},"properties":{"well_id":"3500022585","municipality":"Três Lagoas","hydro_unit":"Grupo Caiuá","domain":"Granular","layer_code":"T04","layer_name":"Evidência hidrogeológica datada","latest_evidence_date":"2005-01-09","latest_evidence_age_years":21.634941169223186,"dated_domains_n":1,"time_series_status":"UNKNOWN_SERIE_TEMPORAL_NAO_ADQUIRIDA"}},{"type":"Feature","geometry":{"type":"Point","coordinates":[-54.03777699999995,-19.519721999999945]},"properties":{"well_id":"3500022599","municipality":"Camapuã","hydro_unit":"Formação Botucatu","domain":"Granular","layer_code":"T04","layer_name":"Evidência hidrogeológica datada","latest_evidence_date":"1994-02-02","latest_evidence_age_years":32.57014175513529,"dated_domains_n":1,"time_series_status":"UNKNOWN_SERIE_TEMPORAL_NAO_ADQUIRIDA"}},{"type":"Feature","geometry":{"type":"Point","coordinates":[-57.81194399999998,-19.09611099999995]},"properties":{"well_id":"3500022641","municipality":"Corumbá","hydro_unit":"Grupo Corumbá","domain":"Cárstica","layer_code":"T04","layer_name":"Evidência hidrogeológica datada","latest_evidence_date":"1995-10-31","latest_evidence_age_years":30.828832898690596,"dated_domains_n":1,"time_series_status":"UNKNOWN_SERIE_TEMPORAL_NAO_ADQUIRIDA"}},{"type":"Feature","geometry":{"type":"Point","coordinates":[-55.79138799999998,-20.465276999999958]},"properties":{"well_id":"3500022655","municipality":"Aquidauana","hydro_unit":"Formação Aquidauana","domain":"Granular","layer_code":"T04","layer_name":"Evidência hidrogeológica datada","latest_evidence_date":"1961-02-02","latest_evidence_age_years":65.57013491036777,"dated_domains_n":1,"time_series_status":"UNKNOWN_SERIE_TEMPORAL_NAO_ADQUIRIDA"}},{"type":"Feature","geometry":{"type":"Point","coordinates":[-54.17999999999995,-23.05777699999993]},"properties":{"well_id":"3500022723","municipality":"Naviraí","hydro_unit":"Grupo Caiuá","domain":"Granular","layer_code":"T04","layer_name":"Evidência hidrogeológica datada","latest_evidence_date":"2000-10-04","latest_evidence_age_years":25.90060028611128,"dated_domains_n":1,"time_series_status":"UNKNOWN_SERIE_TEMPORAL_NAO_ADQUIRIDA"}},{"type":"Feature","geometry":{"type":"Point","coordinates":[-55.74194399999993,-22.491665999999952]},"properties":{"well_id":"3500022747","municipality":"Ponta Porã","hydro_unit":"Grupo Caiuá","domain":"Granular","layer_code":"T04","layer_name":"Evidência hidrogeológica datada","latest_evidence_date":"1991-09-07","latest_evidence_age_years":34.97676201427819,"dated_domains_n":1,"time_series_status":"UNKNOWN_SERIE_TEMPORAL_NAO_ADQUIRIDA"}},{"type":"Feature","geometry":{"type":"Point","coordinates":[-55.62138799999997,-22.62611099999998]},"properties":{"well_id":"3500022750","municipality":"Ponta Porã","hydro_unit":"Grupo Caiuá","domain":"Granular","layer_code":"T04","layer_name":"Evidência hidrogeológica datada","latest_evidence_date":"1980-05-09","latest_evidence_age_years":46.30622120919663,"dated_domains_n":1,"time_series_status":"UNKNOWN_SERIE_TEMPORAL_NAO_ADQUIRIDA"}},{"type":"Feature","geometry":{"type":"Point","coordinates":[-55.81388799999996,-20.496110999999928]},"properties":{"well_id":"3500022758","municipality":"Anastácio","hydro_unit":"Formação Aquidauana","domain":"Granular","layer_code":"T04","layer_name":"Evidência hidrogeológica datada","latest_evidence_date":"1977-05-05","latest_evidence_age_years":49.31791891688399,"dated_domains_n":1,"time_series_status":"UNKNOWN_SERIE_TEMPORAL_NAO_ADQUIRIDA"}},{"type":"Feature","geometry":{"type":"Point","coordinates":[-56.508887999999956,-21.115832999999952]},"properties":{"well_id":"3500022775","municipality":"Bonito","hydro_unit":"Grupo Corumbá","domain":"Cárstica","layer_code":"T04","layer_name":"Evidência hidrogeológica datada","latest_evidence_date":"2003-08-13","latest_evidence_age_years":23.04496327782227,"dated_domains_n":1,"time_series_status":"UNKNOWN_SERIE_TEMPORAL_NAO_ADQUIRIDA"}},{"type":"Feature","geometry":{"type":"Point","coordinates":[-57.01722199999995,-22.018610999999964]},"properties":{"well_id":"3500022779","municipality":"Caracol","hydro_unit":"Embasamento Indiferenciado","domain":"Fraturada","layer_code":"T04","layer_name":"Evidência hidrogeológica datada","latest_evidence_date":"2002-10-01","latest_evidence_age_years":23.910141892030637,"dated_domains_n":1,"time_series_status":"UNKNOWN_SERIE_TEMPORAL_NAO_ADQUIRIDA"}},{"type":"Feature","geometry":{"type":"Point","coordinates":[-56.14222199999995,-21.484999999999957]},"properties":{"well_id":"3500022792","municipality":"Jardim","hydro_unit":"Formação Aquidauana","domain":"Granular","layer_code":"T04","layer_name":"Evidência hidrogeológica datada","latest_evidence_date":"1976-01-03","latest_evidence_age_years":50.654017536294376,"dated_domains_n":1,"time_series_status":"UNKNOWN_SERIE_TEMPORAL_NAO_ADQUIRIDA"}},{"type":"Feature","geometry":{"type":"Point","coordinates":[-55.636665999999934,-20.48444399999994]},"properties":{"well_id":"3500022799","municipality":"Aquidauana","hydro_unit":"Formação Aquidauana","domain":"Granular","layer_code":"T04","layer_name":"Evidência hidrogeológica datada","latest_evidence_date":"1988-07-13","latest_evidence_age_years":38.128092979321956,"dated_domains_n":1,"time_series_status":"UNKNOWN_SERIE_TEMPORAL_NAO_ADQUIRIDA"}},{"type":"Feature","geometry":{"type":"Point","coordinates":[-54.77694399999996,-22.22444399999995]},"properties":{"well_id":"3500022826","municipality":"Dourados","hydro_unit":"Formação Serra Geral","domain":"Fraturada","layer_code":"T04","layer_name":"Evidência hidrogeológica datada","latest_evidence_date":"2001-06-15","latest_evidence_age_years":25.2051719063362,"dated_domains_n":1,"time_series_status":"UNKNOWN_SERIE_TEMPORAL_NAO_ADQUIRIDA"}},{"type":"Feature","geometry":{"type":"Point","coordinates":[-54.81499999999994,-22.23083299999996]},"properties":{"well_id":"3500022827","municipality":"Dourados","hydro_unit":"Formação Serra Geral","domain":"Fraturada","layer_code":"T04","layer_name":"Evidência hidrogeológica datada","latest_evidence_date":"1990-02-01","latest_evidence_age_years":36.572961799352484,"dated_domains_n":1,"time_series_status":"UNKNOWN_SERIE_TEMPORAL_NAO_ADQUIRIDA"}},{"type":"Feature","geometry":{"type":"Point","coordinates":[-54.79944399999994,-22.239443999999935]},"properties":{"well_id":"3500022828","municipality":"Dourados","hydro_unit":"Formação Serra Geral","domain":"Fraturada","layer_code":"T04","layer_name":"Evidência hidrogeológica datada","latest_evidence_date":"1997-04-13","latest_evidence_age_years":29.377742184986687,"dated_domains_n":1,"time_series_status":"UNKNOWN_SERIE_TEMPORAL_NAO_ADQUIRIDA"}},{"type":"Feature","geometry":{"type":"Point","coordinates":[-54.81694399999998,-22.258610999999974]},"properties":{"well_id":"3500022831","municipality":"Dourados","hydro_unit":"Formação Serra Geral","domain":"Fraturada","layer_code":"T04","layer_name":"Evidência hidrogeológica datada","latest_evidence_date":"1990-04-23","latest_evidence_age_years":36.35119133178642,"dated_domains_n":1,"time_series_status":"UNKNOWN_SERIE_TEMPORAL_NAO_ADQUIRIDA"}},{"type":"Feature","geometry":{"type":"Point","coordinates":[-54.81194399999998,-22.266110999999967]},"properties":{"well_id":"3500022840","municipality":"Dourados","hydro_unit":"Formação Serra Geral","domain":"Fraturada","layer_code":"T04","layer_name":"Evidência hidrogeológica datada","latest_evidence_date":"1982-04-14","latest_evidence_age_years":44.37599676926973,"dated_domains_n":1,"time_series_status":"UNKNOWN_SERIE_TEMPORAL_NAO_ADQUIRIDA"}},{"type":"Feature","geometry":{"type":"Point","coordinates":[-54.79805499999998,-22.25583299999994]},"properties":{"well_id":"3500022842","municipality":"Dourados","hydro_unit":"Formação Serra Geral","domain":"Fraturada","layer_code":"T04","layer_name":"Evidência hidrogeológica datada","latest_evidence_date":"1982-04-12","latest_evidence_age_years":44.38147258328371,"dated_domains_n":1,"time_series_status":"UNKNOWN_SERIE_TEMPORAL_NAO_ADQUIRIDA"}},{"type":"Feature","geometry":{"type":"Point","coordinates":[-54.65138799999994,-22.208610999999962]},"properties":{"well_id":"3500022850","municipality":"Dourados","hydro_unit":"Formação Serra Geral","domain":"Fraturada","layer_code":"T04","layer_name":"Evidência hidrogeológica datada","latest_evidence_date":"1980-08-03","latest_evidence_age_years":46.07076120659562,"dated_domains_n":1,"time_series_status":"UNKNOWN_SERIE_TEMPORAL_NAO_ADQUIRIDA"}},{"type":"Feature","geometry":{"type":"Point","coordinates":[-54.67138799999998,-22.183054999999968]},"properties":{"well_id":"3500022879","municipality":"Dourados","hydro_unit":"Formação Serra Geral","domain":"Fraturada","layer_code":"T04","layer_name":"Evidência hidrogeológica datada","latest_evidence_date":"1966-11-18","latest_evidence_age_years":59.779461590587076,"dated_domains_n":1,"time_series_status":"UNKNOWN_SERIE_TEMPORAL_NAO_ADQUIRIDA"}},{"type":"Feature","geometry":{"type":"Point","coordinates":[-54.62666599999994,-20.447499999999934]},"properties":{"well_id":"3500022889","municipality":"Campo Grande","hydro_unit":"Formação Serra Geral","domain":"Fraturada","layer_code":"T04","layer_name":"Evidência hidrogeológica datada","latest_evidence_date":"1975-07-08","latest_evidence_age_years":51.14410289054532,"dated_domains_n":1,"time_series_status":"UNKNOWN_SERIE_TEMPORAL_NAO_ADQUIRIDA"}},{"type":"Feature","geometry":{"type":"Point","coordinates":[-54.644165999999984,-20.451665999999932]},"properties":{"well_id":"3500022897","municipality":"Campo Grande","hydro_unit":"Formação Serra Geral","domain":"Fraturada","layer_code":"T04","layer_name":"Evidência hidrogeológica datada","latest_evidence_date":"1996-08-01","latest_evidence_age_years":30.075908471768756,"dated_domains_n":1,"time_series_status":"UNKNOWN_SERIE_TEMPORAL_NAO_ADQUIRIDA"}},{"type":"Feature","geometry":{"type":"Point","coordinates":[-54.572499999999934,-20.548610999999937]},"properties":{"well_id":"3500022909","municipality":"Campo Grande","hydro_unit":"Formação Serra Geral","domain":"Fraturada","layer_code":"T04","layer_name":"Evidência hidrogeológica datada","latest_evidence_date":"1995-03-16","latest_evidence_age_years":31.455813603290963,"dated_domains_n":1,"time_series_status":"UNKNOWN_SERIE_TEMPORAL_NAO_ADQUIRIDA"}},{"type":"Feature","geometry":{"type":"Point","coordinates":[-54.583054999999945,-20.553054999999972]},"properties":{"well_id":"3500022922","municipality":"Campo Grande","hydro_unit":"Formação Serra Geral","domain":"Fraturada","layer_code":"T04","layer_name":"Evidência hidrogeológica datada","latest_evidence_date":"1994-07-28","latest_evidence_age_years":32.08827012190531,"dated_domains_n":1,"time_series_status":"UNKNOWN_SERIE_TEMPORAL_NAO_ADQUIRIDA"}},{"type":"Feature","geometry":{"type":"Point","coordinates":[-53.75666599999994,-22.150832999999977]},"properties":{"well_id":"3500022934","municipality":"Angélica","hydro_unit":"Grupo Caiuá","domain":"Granular","layer_code":"T04","layer_name":"Evidência hidrogeológica datada","latest_evidence_date":"2006-03-01","latest_evidence_age_years":20.495971854315968,"dated_domains_n":1,"time_series_status":"UNKNOWN_SERIE_TEMPORAL_NAO_ADQUIRIDA"}},{"type":"Feature","geometry":{"type":"Point","coordinates":[-54.601387999999986,-20.533054999999933]},"properties":{"well_id":"3500022945","municipality":"Campo Grande","hydro_unit":"Formação Serra Geral","domain":"Fraturada","layer_code":"T04","layer_name":"Evidência hidrogeológica datada","latest_evidence_date":"1997-02-13","latest_evidence_age_years":29.53927869839901,"dated_domains_n":1,"time_series_status":"UNKNOWN_SERIE_TEMPORAL_NAO_ADQUIRIDA"}},{"type":"Feature","geometry":{"type":"Point","coordinates":[-52.41861099999994,-21.72305499999993]},"properties":{"well_id":"3500022974","municipality":"Bataguassu","hydro_unit":"Grupo Caiuá","domain":"Granular","layer_code":"T04","layer_name":"Evidência hidrogeológica datada","latest_evidence_date":"2005-08-17","latest_evidence_age_years":21.032601627685715,"dated_domains_n":1,"time_series_status":"UNKNOWN_SERIE_TEMPORAL_NAO_ADQUIRIDA"}},{"type":"Feature","geometry":{"type":"Point","coordinates":[-52.42999999999995,-21.73222199999998]},"properties":{"well_id":"3500022975","municipality":"Bataguassu","hydro_unit":"Grupo Caiuá","domain":"Granular","layer_code":"T04","layer_name":"Evidência hidrogeológica datada","latest_evidence_date":"2004-07-13","latest_evidence_age_years":22.12776443048112,"dated_domains_n":1,"time_series_status":"UNKNOWN_SERIE_TEMPORAL_NAO_ADQUIRIDA"}},{"type":"Feature","geometry":{"type":"Point","coordinates":[-52.83138799999995,-21.30583299999995]},"properties":{"well_id":"3500022977","municipality":"Santa Rita do Pardo","hydro_unit":"Grupo Caiuá","domain":"Granular","layer_code":"T04","layer_name":"Evidência hidrogeológica datada","latest_evidence_date":"1982-02-10","latest_evidence_age_years":44.54848491071001,"dated_domains_n":1,"time_series_status":"UNKNOWN_SERIE_TEMPORAL_NAO_ADQUIRIDA"}},{"type":"Feature","geometry":{"type":"Point","coordinates":[-54.756943999999976,-18.511665999999934]},"properties":{"well_id":"3500022992","municipality":"Coxim","hydro_unit":"Formação Furnas","domain":"Granular","layer_code":"T04","layer_name":"Evidência hidrogeológica datada","latest_evidence_date":"2001-02-13","latest_evidence_age_years":25.5391965611888,"dated_domains_n":1,"time_series_status":"UNKNOWN_SERIE_TEMPORAL_NAO_ADQUIRIDA"}},{"type":"Feature","geometry":{"type":"Point","coordinates":[-52.623054999999965,-18.803610999999933]},"properties":{"well_id":"3500023001","municipality":"Chapadão do Sul","hydro_unit":"Formação Cachoeirinha","domain":"Granular","layer_code":"T04","layer_name":"Evidência hidrogeológica datada","latest_evidence_date":"1997-05-09","latest_evidence_age_years":29.306556602804985,"dated_domains_n":1,"time_series_status":"UNKNOWN_SERIE_TEMPORAL_NAO_ADQUIRIDA"}},{"type":"Feature","geometry":{"type":"Point","coordinates":[-54.68305499999997,-18.500276999999983]},"properties":{"well_id":"3500023009","municipality":"Coxim","hydro_unit":"Formação Furnas","domain":"Granular","layer_code":"T04","layer_name":"Evidência hidrogeológica datada","latest_evidence_date":"2000-07-09","latest_evidence_age_years":26.138798195719282,"dated_domains_n":1,"time_series_status":"UNKNOWN_SERIE_TEMPORAL_NAO_ADQUIRIDA"}},{"type":"Feature","geometry":{"type":"Point","coordinates":[-53.831665999999984,-22.308887999999968]},"properties":{"well_id":"3500023032","municipality":"Ivinhema","hydro_unit":"Grupo Caiuá","domain":"Granular","layer_code":"T04","layer_name":"Evidência hidrogeológica datada","latest_evidence_date":"1986-08-06","latest_evidence_age_years":40.06379323326283,"dated_domains_n":1,"time_series_status":"UNKNOWN_SERIE_TEMPORAL_NAO_ADQUIRIDA"}},{"type":"Feature","geometry":{"type":"Point","coordinates":[-57.749165999999946,-19.10944399999994]},"properties":{"well_id":"3500023034","municipality":"Corumbá","hydro_unit":"Formação Xaraiés","domain":"Cárstica","layer_code":"T04","layer_name":"Evidência hidrogeológica datada","latest_evidence_date":"2003-03-20","latest_evidence_age_years":23.44469770084259,"dated_domains_n":1,"time_series_status":"UNKNOWN_SERIE_TEMPORAL_NAO_ADQUIRIDA"}},{"type":"Feature","geometry":{"type":"Point","coordinates":[-53.851387999999986,-22.307221999999967]},"properties":{"well_id":"3500023049","municipality":"Ivinhema","hydro_unit":"Grupo Caiuá","domain":"Granular","layer_code":"T04","layer_name":"Evidência hidrogeológica datada","latest_evidence_date":"1990-09-30","latest_evidence_age_years":35.91312621066825,"dated_domains_n":1,"time_series_status":"UNKNOWN_SERIE_TEMPORAL_NAO_ADQUIRIDA"}},{"type":"Feature","geometry":{"type":"Point","coordinates":[-56.49527699999999,-21.121387999999968]},"properties":{"well_id":"3500023087","municipality":"Bonito","hydro_unit":"Grupo Cuiaba","domain":"Fraturada","layer_code":"T04","layer_name":"Evidência hidrogeológica datada","latest_evidence_date":"2001-01-13","latest_evidence_age_years":25.624071678405443,"dated_domains_n":1,"time_series_status":"UNKNOWN_SERIE_TEMPORAL_NAO_ADQUIRIDA"}},{"type":"Feature","geometry":{"type":"Point","coordinates":[-56.49555499999997,-21.11944399999993]},"properties":{"well_id":"3500023095","municipality":"Bonito","hydro_unit":"Grupo Cuiaba","domain":"Fraturada","layer_code":"T04","layer_name":"Evidência hidrogeológica datada","latest_evidence_date":"1989-02-24","latest_evidence_age_years":37.50932599574256,"dated_domains_n":1,"time_series_status":"UNKNOWN_SERIE_TEMPORAL_NAO_ADQUIRIDA"}},{"type":"Feature","geometry":{"type":"Point","coordinates":[-54.60944399999994,-20.520276999999965]},"properties":{"well_id":"3500023097","municipality":"Campo Grande","hydro_unit":"Formação Serra Geral","domain":"Fraturada","layer_code":"T04","layer_name":"Evidência hidrogeológica datada","latest_evidence_date":"2001-07-01","latest_evidence_age_years":25.161365394224386,"dated_domains_n":1,"time_series_status":"UNKNOWN_SERIE_TEMPORAL_NAO_ADQUIRIDA"}},{"type":"Feature","geometry":{"type":"Point","coordinates":[-57.70916599999998,-19.06444399999998]},"properties":{"well_id":"3500023112","municipality":"Corumbá","hydro_unit":"Grupo Corumbá","domain":"Cárstica","layer_code":"T04","layer_name":"Evidência hidrogeológica datada","latest_evidence_date":"2001-10-10","latest_evidence_age_years":24.884836786518544,"dated_domains_n":1,"time_series_status":"UNKNOWN_SERIE_TEMPORAL_NAO_ADQUIRIDA"}},{"type":"Feature","geometry":{"type":"Point","coordinates":[-57.724999999999966,-19.084443999999962]},"properties":{"well_id":"3500023113","municipality":"Corumbá","hydro_unit":"Grupo Corumbá","domain":"Cárstica","layer_code":"T04","layer_name":"Evidência hidrogeológica datada","latest_evidence_date":"2001-10-10","latest_evidence_age_years":24.884836786518544,"dated_domains_n":1,"time_series_status":"UNKNOWN_SERIE_TEMPORAL_NAO_ADQUIRIDA"}},{"type":"Feature","geometry":{"type":"Point","coordinates":[-57.44972199999995,-19.31888799999996]},"properties":{"well_id":"3500023119","municipality":"Corumbá","hydro_unit":"Grupo Corumbá","domain":"Cárstica","layer_code":"T04","layer_name":"Evidência hidrogeológica datada","latest_evidence_date":"1992-07-12","latest_evidence_age_years":34.13074874911874,"dated_domains_n":1,"time_series_status":"UNKNOWN_SERIE_TEMPORAL_NAO_ADQUIRIDA"}},{"type":"Feature","geometry":{"type":"Point","coordinates":[-55.22027699999995,-23.052499999999952]},"properties":{"well_id":"3500023152","municipality":"Amambai","hydro_unit":"Formação Serra Geral","domain":"Fraturada","layer_code":"T04","layer_name":"Evidência hidrogeológica datada","latest_evidence_date":"1988-06-20","latest_evidence_age_years":38.191064840482696,"dated_domains_n":1,"time_series_status":"UNKNOWN_SERIE_TEMPORAL_NAO_ADQUIRIDA"}},{"type":"Feature","geometry":{"type":"Point","coordinates":[-54.202499999999986,-23.103610999999944]},"properties":{"well_id":"3500026960","municipality":"Naviraí","hydro_unit":"Grupo Caiuá","domain":"Granular","layer_code":"T04","layer_name":"Evidência hidrogeológica datada","latest_evidence_date":"2002-04-25","latest_evidence_age_years":24.34546910614181,"dated_domains_n":1,"time_series_status":"UNKNOWN_SERIE_TEMPORAL_NAO_ADQUIRIDA"}},{"type":"Feature","geometry":{"type":"Point","coordinates":[-54.75166699999994,-17.58583299999998]},"properties":{"well_id":"3500026983","municipality":"Sonora","hydro_unit":"Formação Furnas","domain":"Granular","layer_code":"T04","layer_name":"Evidência hidrogeológica datada","latest_evidence_date":"2000-07-21","latest_evidence_age_years":26.10594331163542,"dated_domains_n":1,"time_series_status":"UNKNOWN_SERIE_TEMPORAL_NAO_ADQUIRIDA"}},{"type":"Feature","geometry":{"type":"Point","coordinates":[-52.694166999999936,-22.17111099999994]},"properties":{"well_id":"3500027028","municipality":"Anaurilândia","hydro_unit":"Grupo Caiuá","domain":"Granular","layer_code":"T04","layer_name":"Evidência hidrogeológica datada","latest_evidence_date":"1996-03-15","latest_evidence_age_years":30.456477545740157,"dated_domains_n":1,"time_series_status":"UNKNOWN_SERIE_TEMPORAL_NAO_ADQUIRIDA"}},{"type":"Feature","geometry":{"type":"Point","coordinates":[-54.853332999999964,-18.914999999999964]},"properties":{"well_id":"3500027033","municipality":"Rio Verde de Mato Grosso","hydro_unit":"Formação Furnas","domain":"Granular","layer_code":"T04","layer_name":"Evidência hidrogeológica datada","latest_evidence_date":"2009-08-27","latest_evidence_age_years":17.00514042040562,"dated_domains_n":1,"time_series_status":"UNKNOWN_SERIE_TEMPORAL_NAO_ADQUIRIDA"}},{"type":"Feature","geometry":{"type":"Point","coordinates":[-54.83694399999996,-18.90944399999995]},"properties":{"well_id":"3500027037","municipality":"Rio Verde de Mato Grosso","hydro_unit":"Formação Furnas","domain":"Granular","layer_code":"T04","layer_name":"Evidência hidrogeológica datada","latest_evidence_date":"2009-08-27","latest_evidence_age_years":17.00514042040562,"dated_domains_n":1,"time_series_status":"UNKNOWN_SERIE_TEMPORAL_NAO_ADQUIRIDA"}},{"type":"Feature","geometry":{"type":"Point","coordinates":[-54.75277799999998,-17.579166999999927]},"properties":{"well_id":"3500027057","municipality":"Sonora","hydro_unit":"Formação Furnas","domain":"Granular","layer_code":"T04","layer_name":"Evidência hidrogeológica datada","latest_evidence_date":"2009-08-27","latest_evidence_age_years":17.00514042040562,"dated_domains_n":1,"time_series_status":"UNKNOWN_SERIE_TEMPORAL_NAO_ADQUIRIDA"}},{"type":"Feature","geometry":{"type":"Point","coordinates":[-54.04249999999996,-19.516666999999927]},"properties":{"well_id":"3500027059","municipality":"Camapuã","hydro_unit":"Formação Botucatu","domain":"Granular","layer_code":"T04","layer_name":"Evidência hidrogeológica datada","latest_evidence_date":"2009-08-27","latest_evidence_age_years":17.00514042040562,"dated_domains_n":1,"time_series_status":"UNKNOWN_SERIE_TEMPORAL_NAO_ADQUIRIDA"}},{"type":"Feature","geometry":{"type":"Point","coordinates":[-54.28111099999995,-23.78388899999993]},"properties":{"well_id":"3500027084","municipality":"Eldorado","hydro_unit":"Grupo Caiuá","domain":"Granular","layer_code":"T04","layer_name":"Evidência hidrogeológica datada","latest_evidence_date":"1995-09-21","latest_evidence_age_years":30.938349178970135,"dated_domains_n":1,"time_series_status":"UNKNOWN_SERIE_TEMPORAL_NAO_ADQUIRIDA"}},{"type":"Feature","geometry":{"type":"Point","coordinates":[-54.33472199999994,-22.30472199999997]},"properties":{"well_id":"3500027089","municipality":"Fátima do Sul","hydro_unit":"Formação Serra Geral","domain":"Fraturada","layer_code":"T04","layer_name":"Evidência hidrogeológica datada","latest_evidence_date":"1980-06-25","latest_evidence_age_years":46.17753957986817,"dated_domains_n":1,"time_series_status":"UNKNOWN_SERIE_TEMPORAL_NAO_ADQUIRIDA"}},{"type":"Feature","geometry":{"type":"Point","coordinates":[-53.349166999999966,-22.486110999999937]},"properties":{"well_id":"3500027168","municipality":"Taquarussu","hydro_unit":"Grupo Caiuá","domain":"Granular","layer_code":"T04","layer_name":"Evidência hidrogeológica datada","latest_evidence_date":"2009-08-27","latest_evidence_age_years":17.00514042040562,"dated_domains_n":1,"time_series_status":"UNKNOWN_SERIE_TEMPORAL_NAO_ADQUIRIDA"}},{"type":"Feature","geometry":{"type":"Point","coordinates":[-54.52277799999996,-22.374999999999943]},"properties":{"well_id":"3500027227","municipality":"Fátima do Sul","hydro_unit":"Formação Serra Geral","domain":"Fraturada","layer_code":"T04","layer_name":"Evidência hidrogeológica datada","latest_evidence_date":"2009-10-06","latest_evidence_age_years":16.89562414012608,"dated_domains_n":1,"time_series_status":"UNKNOWN_SERIE_TEMPORAL_NAO_ADQUIRIDA"}},{"type":"Feature","geometry":{"type":"Point","coordinates":[-55.723888999999986,-22.537499999999966]},"properties":{"well_id":"3500027232","municipality":"Ponta Porã","hydro_unit":"Grupo Caiuá","domain":"Granular","layer_code":"T04","layer_name":"Evidência hidrogeológica datada","latest_evidence_date":"2009-10-06","latest_evidence_age_years":16.89562414012608,"dated_domains_n":1,"time_series_status":"UNKNOWN_SERIE_TEMPORAL_NAO_ADQUIRIDA"}},{"type":"Feature","geometry":{"type":"Point","coordinates":[-51.42666699999995,-20.358888999999976]},"properties":{"well_id":"3500027301","municipality":"Selvíria","hydro_unit":"Grupo Caiuá","domain":"Granular","layer_code":"T04","layer_name":"Evidência hidrogeológica datada","latest_evidence_date":"2009-10-06","latest_evidence_age_years":16.89562414012608,"dated_domains_n":1,"time_series_status":"UNKNOWN_SERIE_TEMPORAL_NAO_ADQUIRIDA"}},{"type":"Feature","geometry":{"type":"Point","coordinates":[-52.25222199999996,-21.72444399999995]},"properties":{"well_id":"3500027304","municipality":"Bataguassu","hydro_unit":"Depósitos aluvionares","domain":"Granular","layer_code":"T04","layer_name":"Evidência hidrogeológica datada","latest_evidence_date":"2009-10-28","latest_evidence_age_years":16.835390185972333,"dated_domains_n":1,"time_series_status":"UNKNOWN_SERIE_TEMPORAL_NAO_ADQUIRIDA"}},{"type":"Feature","geometry":{"type":"Point","coordinates":[-54.42944399999993,-21.64972199999994]},"properties":{"well_id":"3500027311","municipality":"Rio Brilhante","hydro_unit":"Formação Serra Geral","domain":"Fraturada","layer_code":"T04","layer_name":"Evidência hidrogeológica datada","latest_evidence_date":"2009-10-28","latest_evidence_age_years":16.835390185972333,"dated_domains_n":1,"time_series_status":"UNKNOWN_SERIE_TEMPORAL_NAO_ADQUIRIDA"}},{"type":"Feature","geometry":{"type":"Point","coordinates":[-55.426943999999935,-23.89055499999995]},"properties":{"well_id":"3500023352","municipality":"Paranhos","hydro_unit":"Grupo Caiuá","domain":"Granular","layer_code":"T04","layer_name":"Evidência hidrogeológica datada","latest_evidence_date":"1989-03-18","latest_evidence_age_years":37.449092041588806,"dated_domains_n":1,"time_series_status":"UNKNOWN_SERIE_TEMPORAL_NAO_ADQUIRIDA"}},{"type":"Feature","geometry":{"type":"Point","coordinates":[-53.59611099999995,-22.383332999999936]},"properties":{"well_id":"3500023177","municipality":"Ivinhema","hydro_unit":"Grupo Caiuá","domain":"Granular","layer_code":"T04","layer_name":"Evidência hidrogeológica datada","latest_evidence_date":"1993-11-18","latest_evidence_age_years":32.778222687666414,"dated_domains_n":1,"time_series_status":"UNKNOWN_SERIE_TEMPORAL_NAO_ADQUIRIDA"}},{"type":"Feature","geometry":{"type":"Point","coordinates":[-54.75472199999996,-21.760276999999974]},"properties":{"well_id":"3500023263","municipality":"Rio Brilhante","hydro_unit":"Formação Serra Geral","domain":"Fraturada","layer_code":"T04","layer_name":"Evidência hidrogeológica datada","latest_evidence_date":"1986-07-03","latest_evidence_age_years":40.15688207150044,"dated_domains_n":1,"time_series_status":"UNKNOWN_SERIE_TEMPORAL_NAO_ADQUIRIDA"}},{"type":"Feature","geometry":{"type":"Point","coordinates":[-54.60833299999996,-21.76111099999997]},"properties":{"well_id":"3500023265","municipality":"Rio Brilhante","hydro_unit":"Formação Serra Geral","domain":"Fraturada","layer_code":"T04","layer_name":"Evidência hidrogeológica datada","latest_evidence_date":"1995-05-12","latest_evidence_age_years":31.299752903892617,"dated_domains_n":1,"time_series_status":"UNKNOWN_SERIE_TEMPORAL_NAO_ADQUIRIDA"}},{"type":"Feature","geometry":{"type":"Point","coordinates":[-51.42833299999995,-20.361665999999957]},"properties":{"well_id":"3500023305","municipality":"Selvíria","hydro_unit":"Grupo Caiuá","domain":"Granular","layer_code":"T04","layer_name":"Evidência hidrogeológica datada","latest_evidence_date":"1990-08-06","latest_evidence_age_years":36.06371109605262,"dated_domains_n":1,"time_series_status":"UNKNOWN_SERIE_TEMPORAL_NAO_ADQUIRIDA"}},{"type":"Feature","geometry":{"type":"Point","coordinates":[-51.927776999999935,-19.72527699999995]},"properties":{"well_id":"3500023308","municipality":"Inocência","hydro_unit":"Grupo Bauru","domain":"Granular","layer_code":"T04","layer_name":"Evidência hidrogeológica datada","latest_evidence_date":"1982-06-16","latest_evidence_age_years":44.20350862782946,"dated_domains_n":1,"time_series_status":"UNKNOWN_SERIE_TEMPORAL_NAO_ADQUIRIDA"}},{"type":"Feature","geometry":{"type":"Point","coordinates":[-52.93861099999998,-18.969443999999953]},"properties":{"well_id":"3500023333","municipality":"Paraíso das Águas","hydro_unit":"Grupo Caiuá","domain":"Granular","layer_code":"T04","layer_name":"Evidência hidrogeológica datada","latest_evidence_date":"1989-01-12","latest_evidence_age_years":37.62705599704306,"dated_domains_n":1,"time_series_status":"UNKNOWN_SERIE_TEMPORAL_NAO_ADQUIRIDA"}},{"type":"Feature","geometry":{"type":"Point","coordinates":[-54.17833299999995,-23.476110999999946]},"properties":{"well_id":"3500023364","municipality":"Itaquiraí","hydro_unit":"Grupo Caiuá","domain":"Granular","layer_code":"T04","layer_name":"Evidência hidrogeológica datada","latest_evidence_date":"1989-10-25","latest_evidence_age_years":36.84401459304435,"dated_domains_n":1,"time_series_status":"UNKNOWN_SERIE_TEMPORAL_NAO_ADQUIRIDA"}},{"type":"Feature","geometry":{"type":"Point","coordinates":[-57.63805599999995,-19.177777999999932]},"properties":{"well_id":"3500045188","municipality":"Ladário","hydro_unit":"Embasamento Indiferenciado","domain":"Fraturada","layer_code":"T04","layer_name":"Evidência hidrogeológica datada","latest_evidence_date":"2008-09-11","latest_evidence_age_years":17.963407872851597,"dated_domains_n":1,"time_series_status":"UNKNOWN_SERIE_TEMPORAL_NAO_ADQUIRIDA"}},{"type":"Feature","geometry":{"type":"Point","coordinates":[-53.01388899999995,-19.028888999999936]},"properties":{"well_id":"3500065113","municipality":"Paraíso das Águas","hydro_unit":"Grupo Caiuá","domain":"Granular","layer_code":"T04","layer_name":"Evidência hidrogeológica datada","latest_evidence_date":"2003-03-17","latest_evidence_age_years":23.452911421863558,"dated_domains_n":1,"time_series_status":"UNKNOWN_SERIE_TEMPORAL_NAO_ADQUIRIDA"}},{"type":"Feature","geometry":{"type":"Point","coordinates":[-57.621666999999945,-19.049443999999937]},"properties":{"well_id":"3500045198","municipality":"Ladário","hydro_unit":"Grupo Corumbá","domain":"Cárstica","layer_code":"T04","layer_name":"Evidência hidrogeológica datada","latest_evidence_date":"2009-03-17","latest_evidence_age_years":17.451419262544746,"dated_domains_n":1,"time_series_status":"UNKNOWN_SERIE_TEMPORAL_NAO_ADQUIRIDA"}},{"type":"Feature","geometry":{"type":"Point","coordinates":[-55.18805599999996,-20.43916699999994]},"properties":{"well_id":"3500027129","municipality":"Terenos","hydro_unit":"Formação Serra Geral","domain":"Fraturada","layer_code":"T04","layer_name":"Evidência hidrogeológica datada","latest_evidence_date":"2011-01-16","latest_evidence_age_years":15.617021567862448,"dated_domains_n":2,"time_series_status":"UNKNOWN_SERIE_TEMPORAL_NAO_ADQUIRIDA"}},{"type":"Feature","geometry":{"type":"Point","coordinates":[-54.59527799999995,-20.414999999999964]},"properties":{"well_id":"3500045678","municipality":"Campo Grande","hydro_unit":"Formação Serra Geral","domain":"Fraturada","layer_code":"T04","layer_name":"Evidência hidrogeológica datada","latest_evidence_date":"2008-01-01","latest_evidence_age_years":18.658836252626678,"dated_domains_n":1,"time_series_status":"UNKNOWN_SERIE_TEMPORAL_NAO_ADQUIRIDA"}},{"type":"Feature","geometry":{"type":"Point","coordinates":[-54.67805599999997,-20.453055999999947]},"properties":{"well_id":"3500026912","municipality":"Campo Grande","hydro_unit":"Formação Serra Geral","domain":"Fraturada","layer_code":"T04","layer_name":"Evidência hidrogeológica datada","latest_evidence_date":"2008-10-29","latest_evidence_age_years":17.83198833651615,"dated_domains_n":1,"time_series_status":"UNKNOWN_SERIE_TEMPORAL_NAO_ADQUIRIDA"}},{"type":"Feature","geometry":{"type":"Point","coordinates":[-54.97194399999995,-20.98027799999994]},"properties":{"well_id":"3500026915","municipality":"Sidrolândia","hydro_unit":"Formação Serra Geral","domain":"Fraturada","layer_code":"T04","layer_name":"Evidência hidrogeológica datada","latest_evidence_date":"2008-01-16","latest_evidence_age_years":18.617767647521852,"dated_domains_n":1,"time_series_status":"UNKNOWN_SERIE_TEMPORAL_NAO_ADQUIRIDA"}},{"type":"Feature","geometry":{"type":"Point","coordinates":[-54.787499999999966,-22.05694399999993]},"properties":{"well_id":"3500026931","municipality":"Itaporã","hydro_unit":"Formação Serra Geral","domain":"Fraturada","layer_code":"T04","layer_name":"Evidência hidrogeológica datada","latest_evidence_date":"2008-10-19","latest_evidence_age_years":17.859367406586035,"dated_domains_n":1,"time_series_status":"UNKNOWN_SERIE_TEMPORAL_NAO_ADQUIRIDA"}},{"type":"Feature","geometry":{"type":"Point","coordinates":[-54.52611099999996,-19.30583299999995]},"properties":{"well_id":"3500027001","municipality":"São Gabriel do Oeste","hydro_unit":"Grupo Bauru","domain":"Granular","layer_code":"T04","layer_name":"Evidência hidrogeológica datada","latest_evidence_date":"2008-06-17","latest_evidence_age_years":18.19886787545261,"dated_domains_n":1,"time_series_status":"UNKNOWN_SERIE_TEMPORAL_NAO_ADQUIRIDA"}},{"type":"Feature","geometry":{"type":"Point","coordinates":[-53.817777999999976,-22.315277999999978]},"properties":{"well_id":"3500027073","municipality":"Ivinhema","hydro_unit":"Grupo Caiuá","domain":"Granular","layer_code":"T04","layer_name":"Evidência hidrogeológica datada","latest_evidence_date":"2010-12-13","latest_evidence_age_years":15.710110406100057,"dated_domains_n":2,"time_series_status":"UNKNOWN_SERIE_TEMPORAL_NAO_ADQUIRIDA"}},{"type":"Feature","geometry":{"type":"Point","coordinates":[-53.34499999999997,-22.23361099999994]},"properties":{"well_id":"3500027137","municipality":"Nova Andradina","hydro_unit":"Grupo Caiuá","domain":"Granular","layer_code":"T04","layer_name":"Evidência hidrogeológica datada","latest_evidence_date":"2010-01-25","latest_evidence_age_years":16.591716462350355,"dated_domains_n":2,"time_series_status":"UNKNOWN_SERIE_TEMPORAL_NAO_ADQUIRIDA"}},{"type":"Feature","geometry":{"type":"Point","coordinates":[-52.03305499999993,-21.255276999999978]},"properties":{"well_id":"3500023286","municipality":"Brasilândia","hydro_unit":"Grupo Caiuá","domain":"Granular","layer_code":"T04","layer_name":"Evidência hidrogeológica datada","latest_evidence_date":"1981-02-10","latest_evidence_age_years":45.547820968260815,"dated_domains_n":2,"time_series_status":"UNKNOWN_SERIE_TEMPORAL_NAO_ADQUIRIDA"}},{"type":"Feature","geometry":{"type":"Point","coordinates":[-54.572776999999974,-23.70055499999995]},"properties":{"well_id":"3500023360","municipality":"Iguatemi","hydro_unit":"Grupo Caiuá","domain":"Granular","layer_code":"T04","layer_name":"Evidência hidrogeológica datada","latest_evidence_date":"1989-05-30","latest_evidence_age_years":37.249224830078646,"dated_domains_n":2,"time_series_status":"UNKNOWN_SERIE_TEMPORAL_NAO_ADQUIRIDA"}},{"type":"Feature","geometry":{"type":"Point","coordinates":[-54.121943999999985,-22.177221999999972]},"properties":{"well_id":"3500027217","municipality":"Deodápolis","hydro_unit":"Grupo Caiuá","domain":"Granular","layer_code":"T04","layer_name":"Evidência hidrogeológica datada","latest_evidence_date":"2010-01-25","latest_evidence_age_years":16.591716462350355,"dated_domains_n":2,"time_series_status":"UNKNOWN_SERIE_TEMPORAL_NAO_ADQUIRIDA"}},{"type":"Feature","geometry":{"type":"Point","coordinates":[-54.60222199999998,-20.527776999999958]},"properties":{"well_id":"3500022910","municipality":"Campo Grande","hydro_unit":"Formação Serra Geral","domain":"Fraturada","layer_code":"T04","layer_name":"Evidência hidrogeológica datada","latest_evidence_date":"1995-10-23","latest_evidence_age_years":30.850736154746503,"dated_domains_n":1,"time_series_status":"UNKNOWN_SERIE_TEMPORAL_NAO_ADQUIRIDA"}},{"type":"Feature","geometry":{"type":"Point","coordinates":[-55.21249999999998,-23.142776999999967]},"properties":{"well_id":"3500023144","municipality":"Amambai","hydro_unit":"Formação Serra Geral","domain":"Fraturada","layer_code":"T04","layer_name":"Evidência hidrogeológica datada","latest_evidence_date":"2019-09-10","latest_evidence_age_years":6.967973332785752,"dated_domains_n":1,"time_series_status":"UNKNOWN_SERIE_TEMPORAL_NAO_ADQUIRIDA"}},{"type":"Feature","geometry":{"type":"Point","coordinates":[-54.43111099999999,-21.651943999999958]},"properties":{"well_id":"3500065134","municipality":"Rio Brilhante","hydro_unit":"Formação Serra Geral","domain":"Fraturada","layer_code":"T04","layer_name":"Evidência hidrogeológica datada","latest_evidence_date":"2003-10-24","latest_evidence_age_years":22.847833973319094,"dated_domains_n":1,"time_series_status":"UNKNOWN_SERIE_TEMPORAL_NAO_ADQUIRIDA"}},{"type":"Feature","geometry":{"type":"Point","coordinates":[-54.56666599999994,-20.460554999999943]},"properties":{"well_id":"3500022469","municipality":"Campo Grande","hydro_unit":"Formação Serra Geral","domain":"Fraturada","layer_code":"T04","layer_name":"Evidência hidrogeológica datada","latest_evidence_date":"1989-10-26","latest_evidence_age_years":36.84127668603736,"dated_domains_n":1,"time_series_status":"UNKNOWN_SERIE_TEMPORAL_NAO_ADQUIRIDA"}},{"type":"Feature","geometry":{"type":"Point","coordinates":[-51.54527799999994,-20.05527799999993]},"properties":{"well_id":"3500045117","municipality":"Aparecida do Taboado","hydro_unit":"Grupo Caiuá","domain":"Granular","layer_code":"T04","layer_name":"Evidência hidrogeológica datada","latest_evidence_date":"2008-08-21","latest_evidence_age_years":18.020903919998357,"dated_domains_n":1,"time_series_status":"UNKNOWN_SERIE_TEMPORAL_NAO_ADQUIRIDA"}},{"type":"Feature","geometry":{"type":"Point","coordinates":[-54.95361099999997,-20.924443999999937]},"properties":{"well_id":"3500022812","municipality":"Sidrolândia","hydro_unit":"Formação Serra Geral","domain":"Fraturada","layer_code":"T04","layer_name":"Evidência hidrogeológica datada","latest_evidence_date":"1997-07-08","latest_evidence_age_years":29.142282182385674,"dated_domains_n":1,"time_series_status":"UNKNOWN_SERIE_TEMPORAL_NAO_ADQUIRIDA"}},{"type":"Feature","geometry":{"type":"Point","coordinates":[-54.57361099999997,-20.507499999999936]},"properties":{"well_id":"3500022913","municipality":"Campo Grande","hydro_unit":"Formação Serra Geral","domain":"Fraturada","layer_code":"T04","layer_name":"Evidência hidrogeológica datada","latest_evidence_date":"1992-05-20","latest_evidence_age_years":34.27585782048913,"dated_domains_n":1,"time_series_status":"UNKNOWN_SERIE_TEMPORAL_NAO_ADQUIRIDA"}},{"type":"Feature","geometry":{"type":"Point","coordinates":[-54.926387999999974,-20.898054999999943]},"properties":{"well_id":"3500022814","municipality":"Sidrolândia","hydro_unit":"Formação Serra Geral","domain":"Fraturada","layer_code":"T04","layer_name":"Evidência hidrogeológica datada","latest_evidence_date":"1992-01-24","latest_evidence_age_years":34.59619294030678,"dated_domains_n":1,"time_series_status":"UNKNOWN_SERIE_TEMPORAL_NAO_ADQUIRIDA"}},{"type":"Feature","geometry":{"type":"Point","coordinates":[-54.966665999999975,-20.937221999999963]},"properties":{"well_id":"3500022809","municipality":"Sidrolândia","hydro_unit":"Formação Serra Geral","domain":"Fraturada","layer_code":"T04","layer_name":"Evidência hidrogeológica datada","latest_evidence_date":"2001-07-27","latest_evidence_age_years":25.090179812042685,"dated_domains_n":1,"time_series_status":"UNKNOWN_SERIE_TEMPORAL_NAO_ADQUIRIDA"}},{"type":"Feature","geometry":{"type":"Point","coordinates":[-54.674999999999955,-21.975832999999966]},"properties":{"well_id":"3500022870","municipality":"Itaporã","hydro_unit":"Formação Serra Geral","domain":"Fraturada","layer_code":"T04","layer_name":"Evidência hidrogeológica datada","latest_evidence_date":"1983-12-15","latest_evidence_age_years":42.70587349500674,"dated_domains_n":1,"time_series_status":"UNKNOWN_SERIE_TEMPORAL_NAO_ADQUIRIDA"}},{"type":"Feature","geometry":{"type":"Point","coordinates":[-54.63166599999994,-20.455554999999947]},"properties":{"well_id":"3500022892","municipality":"Campo Grande","hydro_unit":"Formação Serra Geral","domain":"Fraturada","layer_code":"T04","layer_name":"Evidência hidrogeológica datada","latest_evidence_date":"1975-08-21","latest_evidence_age_years":51.02363498223783,"dated_domains_n":1,"time_series_status":"UNKNOWN_SERIE_TEMPORAL_NAO_ADQUIRIDA"}},{"type":"Feature","geometry":{"type":"Point","coordinates":[-55.19388799999996,-23.09583299999997]},"properties":{"well_id":"3500023146","municipality":"Amambai","hydro_unit":"Formação Serra Geral","domain":"Fraturada","layer_code":"T04","layer_name":"Evidência hidrogeológica datada","latest_evidence_date":"2019-09-10","latest_evidence_age_years":6.967973332785752,"dated_domains_n":1,"time_series_status":"UNKNOWN_SERIE_TEMPORAL_NAO_ADQUIRIDA"}},{"type":"Feature","geometry":{"type":"Point","coordinates":[-54.702499999999986,-20.44944399999997]},"properties":{"well_id":"3500022501","municipality":"Campo Grande","hydro_unit":"Formação Serra Geral","domain":"Fraturada","layer_code":"T04","layer_name":"Evidência hidrogeológica datada","latest_evidence_date":"1985-10-12","latest_evidence_age_years":40.879689521345405,"dated_domains_n":1,"time_series_status":"UNKNOWN_SERIE_TEMPORAL_NAO_ADQUIRIDA"}},{"type":"Feature","geometry":{"type":"Point","coordinates":[-53.14111099999997,-18.539721999999927]},"properties":{"well_id":"3500022569","municipality":"Costa Rica","hydro_unit":"Grupo Caiuá","domain":"Granular","layer_code":"T04","layer_name":"Evidência hidrogeológica datada","latest_evidence_date":"1993-02-02","latest_evidence_age_years":33.56947781268609,"dated_domains_n":1,"time_series_status":"UNKNOWN_SERIE_TEMPORAL_NAO_ADQUIRIDA"}},{"type":"Feature","geometry":{"type":"Point","coordinates":[-54.74944399999998,-17.582776999999965]},"properties":{"well_id":"3500022606","municipality":"Sonora","hydro_unit":"Formação Furnas","domain":"Granular","layer_code":"T04","layer_name":"Evidência hidrogeológica datada","latest_evidence_date":"2004-07-02","latest_evidence_age_years":22.15788140755799,"dated_domains_n":1,"time_series_status":"UNKNOWN_SERIE_TEMPORAL_NAO_ADQUIRIDA"}},{"type":"Feature","geometry":{"type":"Point","coordinates":[-55.55611099999999,-21.01277699999997]},"properties":{"well_id":"3500022615","municipality":"Nioaque","hydro_unit":"Formação Serra Geral","domain":"Fraturada","layer_code":"T04","layer_name":"Evidência hidrogeológica datada","latest_evidence_date":"2001-10-31","latest_evidence_age_years":24.827340739371788,"dated_domains_n":1,"time_series_status":"UNKNOWN_SERIE_TEMPORAL_NAO_ADQUIRIDA"}},{"type":"Feature","geometry":{"type":"Point","coordinates":[-57.561665999999946,-19.010832999999934]},"properties":{"well_id":"3500022644","municipality":"Corumbá","hydro_unit":"Formação Pantanal","domain":"Granular","layer_code":"T04","layer_name":"Evidência hidrogeológica datada","latest_evidence_date":"2003-03-03","latest_evidence_age_years":23.491242119961395,"dated_domains_n":1,"time_series_status":"UNKNOWN_SERIE_TEMPORAL_NAO_ADQUIRIDA"}},{"type":"Feature","geometry":{"type":"Point","coordinates":[-51.696943999999974,-20.771110999999962]},"properties":{"well_id":"3500022651","municipality":"Três Lagoas","hydro_unit":"Grupo Caiuá","domain":"Granular","layer_code":"T04","layer_name":"Evidência hidrogeológica datada","latest_evidence_date":"2003-10-07","latest_evidence_age_years":22.8943783924379,"dated_domains_n":1,"time_series_status":"UNKNOWN_SERIE_TEMPORAL_NAO_ADQUIRIDA"}},{"type":"Feature","geometry":{"type":"Point","coordinates":[-52.872221999999965,-20.446665999999937]},"properties":{"well_id":"3500022967","municipality":"Água Clara","hydro_unit":"Grupo Caiuá","domain":"Granular","layer_code":"T04","layer_name":"Evidência hidrogeológica datada","latest_evidence_date":"1987-06-06","latest_evidence_age_years":39.23146950313833,"dated_domains_n":1,"time_series_status":"UNKNOWN_SERIE_TEMPORAL_NAO_ADQUIRIDA"}},{"type":"Feature","geometry":{"type":"Point","coordinates":[-51.667776999999944,-20.79388799999998]},"properties":{"well_id":"3500022983","municipality":"Três Lagoas","hydro_unit":"Grupo Caiuá","domain":"Granular","layer_code":"T04","layer_name":"Evidência hidrogeológica datada","latest_evidence_date":"2000-10-03","latest_evidence_age_years":25.90333819311827,"dated_domains_n":1,"time_series_status":"UNKNOWN_SERIE_TEMPORAL_NAO_ADQUIRIDA"}},{"type":"Feature","geometry":{"type":"Point","coordinates":[-54.45194399999997,-20.063054999999963]},"properties":{"well_id":"3500023100","municipality":"Jaraguari","hydro_unit":"Formação Serra Geral","domain":"Fraturada","layer_code":"T04","layer_name":"Evidência hidrogeológica datada","latest_evidence_date":"1996-04-29","latest_evidence_age_years":30.333271730425675,"dated_domains_n":1,"time_series_status":"UNKNOWN_SERIE_TEMPORAL_NAO_ADQUIRIDA"}},{"type":"Feature","geometry":{"type":"Point","coordinates":[-52.872499999999945,-20.445832999999936]},"properties":{"well_id":"3500023126","municipality":"Água Clara","hydro_unit":"Grupo Caiuá","domain":"Granular","layer_code":"T04","layer_name":"Evidência hidrogeológica datada","latest_evidence_date":"1993-11-06","latest_evidence_age_years":32.811077571750275,"dated_domains_n":1,"time_series_status":"UNKNOWN_SERIE_TEMPORAL_NAO_ADQUIRIDA"}},{"type":"Feature","geometry":{"type":"Point","coordinates":[-55.310276999999985,-21.250832999999943]},"properties":{"well_id":"3500023342","municipality":"Maracaju","hydro_unit":"Formação Serra Geral","domain":"Fraturada","layer_code":"T04","layer_name":"Evidência hidrogeológica datada","latest_evidence_date":"1995-09-23","latest_evidence_age_years":30.93287336495616,"dated_domains_n":1,"time_series_status":"UNKNOWN_SERIE_TEMPORAL_NAO_ADQUIRIDA"}},{"type":"Feature","geometry":{"type":"Point","coordinates":[-55.279443999999955,-20.68861099999998]},"properties":{"well_id":"3500023197","municipality":"Dois Irmãos do Buriti","hydro_unit":"Formação Serra Geral","domain":"Fraturada","layer_code":"T04","layer_name":"Evidência hidrogeológica datada","latest_evidence_date":"1998-04-30","latest_evidence_age_years":28.331861708317078,"dated_domains_n":1,"time_series_status":"UNKNOWN_SERIE_TEMPORAL_NAO_ADQUIRIDA"}},{"type":"Feature","geometry":{"type":"Point","coordinates":[-52.50472199999996,-19.352777999999944]},"properties":{"well_id":"3500067705","municipality":"Chapadão do Sul","hydro_unit":"Grupo Caiuá","domain":"Granular","layer_code":"T04","layer_name":"Evidência hidrogeológica datada","latest_evidence_date":"2018-12-09","latest_evidence_age_years":7.720897759707591,"dated_domains_n":1,"time_series_status":"UNKNOWN_SERIE_TEMPORAL_NAO_ADQUIRIDA"}},{"type":"Feature","geometry":{"type":"Point","coordinates":[-53.09583299999997,-18.57749999999993]},"properties":{"well_id":"3500067716","municipality":"Costa Rica","hydro_unit":"Grupo Caiuá","domain":"Granular","layer_code":"T04","layer_name":"Evidência hidrogeológica datada","latest_evidence_date":"2012-10-31","latest_evidence_age_years":13.826430385291964,"dated_domains_n":1,"time_series_status":"UNKNOWN_SERIE_TEMPORAL_NAO_ADQUIRIDA"}},{"type":"Feature","geometry":{"type":"Point","coordinates":[-54.757499999999936,-22.497221999999965]},"properties":{"well_id":"3500022697","municipality":"Caarapó","hydro_unit":"Formação Serra Geral","domain":"Fraturada","layer_code":"T04","layer_name":"Evidência hidrogeológica datada","latest_evidence_date":"1988-09-03","latest_evidence_age_years":37.98572181495855,"dated_domains_n":1,"time_series_status":"UNKNOWN_SERIE_TEMPORAL_NAO_ADQUIRIDA"}},{"type":"Feature","geometry":{"type":"Point","coordinates":[-55.00277699999998,-19.491110999999933]},"properties":{"well_id":"3500022997","municipality":"Rio Negro","hydro_unit":"Formação Ponta Grossa","domain":"Granular","layer_code":"T04","layer_name":"Evidência hidrogeológica datada","latest_evidence_date":"1987-07-15","latest_evidence_age_years":39.124691129865774,"dated_domains_n":1,"time_series_status":"UNKNOWN_SERIE_TEMPORAL_NAO_ADQUIRIDA"}},{"type":"Feature","geometry":{"type":"Point","coordinates":[-54.66472199999998,-20.561943999999983]},"properties":{"well_id":"3500045647","municipality":"Campo Grande","hydro_unit":"Formação Serra Geral","domain":"Fraturada","layer_code":"T04","layer_name":"Evidência hidrogeológica datada","latest_evidence_date":"2004-11-25","latest_evidence_age_years":21.75814698453767,"dated_domains_n":1,"time_series_status":"UNKNOWN_SERIE_TEMPORAL_NAO_ADQUIRIDA"}},{"type":"Feature","geometry":{"type":"Point","coordinates":[-54.36638899999997,-19.66999999999996]},"properties":{"well_id":"3500030641","municipality":"Bandeirantes","hydro_unit":"Formação Serra Geral","domain":"Fraturada","layer_code":"T04","layer_name":"Evidência hidrogeológica datada","latest_evidence_date":"2006-05-04","latest_evidence_age_years":20.320745805868704,"dated_domains_n":1,"time_series_status":"UNKNOWN_SERIE_TEMPORAL_NAO_ADQUIRIDA"}},{"type":"Feature","geometry":{"type":"Point","coordinates":[-54.604443999999944,-19.36749999999995]},"properties":{"well_id":"3500030623","municipality":"São Gabriel do Oeste","hydro_unit":"Grupo Bauru","domain":"Granular","layer_code":"T04","layer_name":"Evidência hidrogeológica datada","latest_evidence_date":"2008-06-03","latest_evidence_age_years":18.237198573550447,"dated_domains_n":1,"time_series_status":"UNKNOWN_SERIE_TEMPORAL_NAO_ADQUIRIDA"}},{"type":"Feature","geometry":{"type":"Point","coordinates":[-54.83472199999994,-19.828610999999967]},"properties":{"well_id":"3500030638","municipality":"Corguinho","hydro_unit":"Formação Botucatu","domain":"Granular","layer_code":"T04","layer_name":"Evidência hidrogeológica datada","latest_evidence_date":"2009-05-04","latest_evidence_age_years":17.3199997262093,"dated_domains_n":1,"time_series_status":"UNKNOWN_SERIE_TEMPORAL_NAO_ADQUIRIDA"}},{"type":"Feature","geometry":{"type":"Point","coordinates":[-54.40194399999996,-21.434443999999928]},"properties":{"well_id":"3500022668","municipality":"Nova Alvorada do Sul","hydro_unit":"Formação Serra Geral","domain":"Fraturada","layer_code":"T04","layer_name":"Evidência hidrogeológica datada","latest_evidence_date":"2005-04-11","latest_evidence_age_years":21.383053724580243,"dated_domains_n":1,"time_series_status":"UNKNOWN_SERIE_TEMPORAL_NAO_ADQUIRIDA"}},{"type":"Feature","geometry":{"type":"Point","coordinates":[-54.56583299999994,-23.66722199999998]},"properties":{"well_id":"3500022707","municipality":"Iguatemi","hydro_unit":"Grupo Caiuá","domain":"Granular","layer_code":"T04","layer_name":"Evidência hidrogeológica datada","latest_evidence_date":"2000-10-23","latest_evidence_age_years":25.8485800529785,"dated_domains_n":1,"time_series_status":"UNKNOWN_SERIE_TEMPORAL_NAO_ADQUIRIDA"}},{"type":"Feature","geometry":{"type":"Point","coordinates":[-55.71916599999997,-22.539165999999966]},"properties":{"well_id":"3500022726","municipality":"Ponta Porã","hydro_unit":"Grupo Caiuá","domain":"Granular","layer_code":"T04","layer_name":"Evidência hidrogeológica datada","latest_evidence_date":"1964-01-02","latest_evidence_age_years":62.657001854932,"dated_domains_n":1,"time_series_status":"UNKNOWN_SERIE_TEMPORAL_NAO_ADQUIRIDA"}},{"type":"Feature","geometry":{"type":"Point","coordinates":[-55.72444399999995,-22.53805499999993]},"properties":{"well_id":"3500022728","municipality":"Ponta Porã","hydro_unit":"Grupo Caiuá","domain":"Granular","layer_code":"T04","layer_name":"Evidência hidrogeológica datada","latest_evidence_date":"1973-03-01","latest_evidence_age_years":53.49596500954845,"dated_domains_n":1,"time_series_status":"UNKNOWN_SERIE_TEMPORAL_NAO_ADQUIRIDA"}},{"type":"Feature","geometry":{"type":"Point","coordinates":[-55.71916599999997,-22.508332999999936]},"properties":{"well_id":"3500022735","municipality":"Ponta Porã","hydro_unit":"Grupo Caiuá","domain":"Granular","layer_code":"T04","layer_name":"Evidência hidrogeológica datada","latest_evidence_date":"1991-09-23","latest_evidence_age_years":34.932955502166365,"dated_domains_n":1,"time_series_status":"UNKNOWN_SERIE_TEMPORAL_NAO_ADQUIRIDA"}},{"type":"Feature","geometry":{"type":"Point","coordinates":[-55.68999999999994,-22.574999999999932]},"properties":{"well_id":"3500022736","municipality":"Ponta Porã","hydro_unit":"Grupo Caiuá","domain":"Granular","layer_code":"T04","layer_name":"Evidência hidrogeológica datada","latest_evidence_date":"1987-04-08","latest_evidence_age_years":39.39300601655065,"dated_domains_n":1,"time_series_status":"UNKNOWN_SERIE_TEMPORAL_NAO_ADQUIRIDA"}},{"type":"Feature","geometry":{"type":"Point","coordinates":[-54.511387999999954,-23.839721999999938]},"properties":{"well_id":"3500023014","municipality":"Japorã","hydro_unit":"Grupo Caiuá","domain":"Granular","layer_code":"T04","layer_name":"Evidência hidrogeológica datada","latest_evidence_date":"2002-02-10","latest_evidence_age_years":24.548074224658958,"dated_domains_n":1,"time_series_status":"UNKNOWN_SERIE_TEMPORAL_NAO_ADQUIRIDA"}},{"type":"Feature","geometry":{"type":"Point","coordinates":[-56.45222199999995,-21.08888799999994]},"properties":{"well_id":"3500023054","municipality":"Bonito","hydro_unit":"Grupo Cuiaba","domain":"Cárstica","layer_code":"T04","layer_name":"Evidência hidrogeológica datada","latest_evidence_date":"1983-03-13","latest_evidence_age_years":43.464273735942555,"dated_domains_n":1,"time_series_status":"UNKNOWN_SERIE_TEMPORAL_NAO_ADQUIRIDA"}},{"type":"Feature","geometry":{"type":"Point","coordinates":[-56.49472199999997,-21.111665999999957]},"properties":{"well_id":"3500023070","municipality":"Bonito","hydro_unit":"Grupo Cuiaba","domain":"Fraturada","layer_code":"T04","layer_name":"Evidência hidrogeológica datada","latest_evidence_date":"1994-04-04","latest_evidence_age_years":32.40312942770899,"dated_domains_n":1,"time_series_status":"UNKNOWN_SERIE_TEMPORAL_NAO_ADQUIRIDA"}},{"type":"Feature","geometry":{"type":"Point","coordinates":[-56.49555499999997,-21.124443999999983]},"properties":{"well_id":"3500023075","municipality":"Bonito","hydro_unit":"Grupo Cuiaba","domain":"Fraturada","layer_code":"T04","layer_name":"Evidência hidrogeológica datada","latest_evidence_date":"2005-05-05","latest_evidence_age_years":21.317343956412522,"dated_domains_n":1,"time_series_status":"UNKNOWN_SERIE_TEMPORAL_NAO_ADQUIRIDA"}},{"type":"Feature","geometry":{"type":"Point","coordinates":[-55.17666699999995,-22.749721999999963]},"properties":{"well_id":"3500067700","municipality":"Laguna Carapã","hydro_unit":"Formação Serra Geral","domain":"Fraturada","layer_code":"T04","layer_name":"Evidência hidrogeológica datada","latest_evidence_date":"2018-06-29","latest_evidence_age_years":8.167176601846718,"dated_domains_n":1,"time_series_status":"UNKNOWN_SERIE_TEMPORAL_NAO_ADQUIRIDA"}},{"type":"Feature","geometry":{"type":"Point","coordinates":[-54.85388899999998,-18.928610999999933]},"properties":{"well_id":"3500030633","municipality":"Rio Verde de Mato Grosso","hydro_unit":"Formação Ponta Grossa","domain":"Granular","layer_code":"T04","layer_name":"Evidência hidrogeológica datada","latest_evidence_date":"1976-06-30","latest_evidence_age_years":50.16393218204344,"dated_domains_n":1,"time_series_status":"UNKNOWN_SERIE_TEMPORAL_NAO_ADQUIRIDA"}},{"type":"Feature","geometry":{"type":"Point","coordinates":[-54.81444399999998,-22.23027799999994]},"properties":{"well_id":"3500045263","municipality":"Dourados","hydro_unit":"Formação Serra Geral","domain":"Fraturada","layer_code":"T04","layer_name":"Evidência hidrogeológica datada","latest_evidence_date":"2009-04-14","latest_evidence_age_years":17.374757866349068,"dated_domains_n":1,"time_series_status":"UNKNOWN_SERIE_TEMPORAL_NAO_ADQUIRIDA"}},{"type":"Feature","geometry":{"type":"Point","coordinates":[-54.30055599999997,-21.88916699999993]},"properties":{"well_id":"3500045649","municipality":"Rio Brilhante","hydro_unit":"Formação Serra Geral","domain":"Fraturada","layer_code":"T04","layer_name":"Evidência hidrogeológica datada","latest_evidence_date":"2010-03-26","latest_evidence_age_years":16.427442041931045,"dated_domains_n":1,"time_series_status":"UNKNOWN_SERIE_TEMPORAL_NAO_ADQUIRIDA"}},{"type":"Feature","geometry":{"type":"Point","coordinates":[-51.74972199999996,-19.10694399999994]},"properties":{"well_id":"3500023324","municipality":"Cassilândia","hydro_unit":"Grupo Bauru","domain":"Granular","layer_code":"T04","layer_name":"Evidência hidrogeológica datada","latest_evidence_date":"1985-01-01","latest_evidence_age_years":41.657255111330144,"dated_domains_n":1,"time_series_status":"UNKNOWN_SERIE_TEMPORAL_NAO_ADQUIRIDA"}},{"type":"Feature","geometry":{"type":"Point","coordinates":[-54.76277699999997,-19.68083299999995]},"properties":{"well_id":"3500023224","municipality":"Corguinho","hydro_unit":"Formação Botucatu","domain":"Granular","layer_code":"T04","layer_name":"Evidência hidrogeológica datada","latest_evidence_date":"1997-08-15","latest_evidence_age_years":29.038241716120112,"dated_domains_n":1,"time_series_status":"UNKNOWN_SERIE_TEMPORAL_NAO_ADQUIRIDA"}},{"type":"Feature","geometry":{"type":"Point","coordinates":[-54.040276999999946,-19.526665999999977]},"properties":{"well_id":"3500023254","municipality":"Camapuã","hydro_unit":"Formação Botucatu","domain":"Granular","layer_code":"T04","layer_name":"Evidência hidrogeológica datada","latest_evidence_date":"1987-07-10","latest_evidence_age_years":39.138380664900716,"dated_domains_n":1,"time_series_status":"UNKNOWN_SERIE_TEMPORAL_NAO_ADQUIRIDA"}},{"type":"Feature","geometry":{"type":"Point","coordinates":[-51.92194399999994,-19.72361099999995]},"properties":{"well_id":"3500023310","municipality":"Inocência","hydro_unit":"Grupo Bauru","domain":"Granular","layer_code":"T04","layer_name":"Evidência hidrogeológica datada","latest_evidence_date":"1985-05-21","latest_evidence_age_years":41.273948130351755,"dated_domains_n":1,"time_series_status":"UNKNOWN_SERIE_TEMPORAL_NAO_ADQUIRIDA"}},{"type":"Feature","geometry":{"type":"Point","coordinates":[-53.39166599999999,-22.562499999999943]},"properties":{"well_id":"3500023385","municipality":"Taquarussu","hydro_unit":"Grupo Caiuá","domain":"Granular","layer_code":"T04","layer_name":"Evidência hidrogeológica datada","latest_evidence_date":"1990-06-22","latest_evidence_age_years":36.186916911367106,"dated_domains_n":1,"time_series_status":"UNKNOWN_SERIE_TEMPORAL_NAO_ADQUIRIDA"}},{"type":"Feature","geometry":{"type":"Point","coordinates":[-53.71333299999998,-18.32361099999997]},"properties":{"well_id":"3500022588","municipality":"Alcinópolis","hydro_unit":"Grupo Caiuá","domain":"Granular","layer_code":"T04","layer_name":"Evidência hidrogeológica datada","latest_evidence_date":"1982-03-05","latest_evidence_age_years":44.48551304954927,"dated_domains_n":1,"time_series_status":"UNKNOWN_SERIE_TEMPORAL_NAO_ADQUIRIDA"}},{"type":"Feature","geometry":{"type":"Point","coordinates":[-54.041943999999944,-19.53361099999995]},"properties":{"well_id":"3500022593","municipality":"Camapuã","hydro_unit":"Formação Botucatu","domain":"Granular","layer_code":"T04","layer_name":"Evidência hidrogeológica datada","latest_evidence_date":"1965-02-02","latest_evidence_age_years":61.570052773157556,"dated_domains_n":1,"time_series_status":"UNKNOWN_SERIE_TEMPORAL_NAO_ADQUIRIDA"}},{"type":"Feature","geometry":{"type":"Point","coordinates":[-54.04333299999996,-19.517221999999947]},"properties":{"well_id":"3500022595","municipality":"Camapuã","hydro_unit":"Formação Botucatu","domain":"Granular","layer_code":"T04","layer_name":"Evidência hidrogeológica datada","latest_evidence_date":"1989-02-02","latest_evidence_age_years":37.5695599498963,"dated_domains_n":1,"time_series_status":"UNKNOWN_SERIE_TEMPORAL_NAO_ADQUIRIDA"}},{"type":"Feature","geometry":{"type":"Point","coordinates":[-54.82638799999995,-22.621943999999928]},"properties":{"well_id":"3500022633","municipality":"Caarapó","hydro_unit":"Grupo Caiuá","domain":"Granular","layer_code":"T04","layer_name":"Evidência hidrogeológica datada","latest_evidence_date":"1987-06-26","latest_evidence_age_years":39.17671136299855,"dated_domains_n":1,"time_series_status":"UNKNOWN_SERIE_TEMPORAL_NAO_ADQUIRIDA"}},{"type":"Feature","geometry":{"type":"Point","coordinates":[-54.00638799999996,-19.49527699999993]},"properties":{"well_id":"3500023043","municipality":"Camapuã","hydro_unit":"Grupo Caiuá","domain":"Granular","layer_code":"T04","layer_name":"Evidência hidrogeológica datada","latest_evidence_date":"1989-09-07","latest_evidence_age_years":36.97543412937979,"dated_domains_n":1,"time_series_status":"UNKNOWN_SERIE_TEMPORAL_NAO_ADQUIRIDA"}},{"type":"Feature","geometry":{"type":"Point","coordinates":[-55.62527699999998,-22.958887999999945]},"properties":{"well_id":"3500023158","municipality":"Aral Moreira","hydro_unit":"Formação Serra Geral","domain":"Fraturada","layer_code":"T04","layer_name":"Evidência hidrogeológica datada","latest_evidence_date":"1986-10-23","latest_evidence_age_years":39.850236486717726,"dated_domains_n":1,"time_series_status":"UNKNOWN_SERIE_TEMPORAL_NAO_ADQUIRIDA"}},{"type":"Feature","geometry":{"type":"Point","coordinates":[-54.348888999999986,-19.68194399999993]},"properties":{"well_id":"3500065091","municipality":"Bandeirantes","hydro_unit":"Formação Serra Geral","domain":"Fraturada","layer_code":"T04","layer_name":"Evidência hidrogeológica datada","latest_evidence_date":"2019-09-05","latest_evidence_age_years":6.9816628678206945,"dated_domains_n":1,"time_series_status":"UNKNOWN_SERIE_TEMPORAL_NAO_ADQUIRIDA"}},{"type":"Feature","geometry":{"type":"Point","coordinates":[-54.04305599999998,-19.528055999999935]},"properties":{"well_id":"3500065095","municipality":"Camapuã","hydro_unit":"Formação Botucatu","domain":"Granular","layer_code":"T04","layer_name":"Evidência hidrogeológica datada","latest_evidence_date":"2019-09-05","latest_evidence_age_years":6.9816628678206945,"dated_domains_n":1,"time_series_status":"UNKNOWN_SERIE_TEMPORAL_NAO_ADQUIRIDA"}},{"type":"Feature","geometry":{"type":"Point","coordinates":[-55.819721999999956,-21.159999999999968]},"properties":{"well_id":"3500028107","municipality":"Nioaque","hydro_unit":"Formação Botucatu","domain":"Granular","layer_code":"T04","layer_name":"Evidência hidrogeológica datada","latest_evidence_date":"2023-07-17","latest_evidence_age_years":3.11847608095991,"dated_domains_n":3,"time_series_status":"UNKNOWN_SERIE_TEMPORAL_NAO_ADQUIRIDA"}},{"type":"Feature","geometry":{"type":"Point","coordinates":[-54.631943999999976,-20.48444399999994]},"properties":{"well_id":"3500022477","municipality":"Campo Grande","hydro_unit":"Formação Serra Geral","domain":"Fraturada","layer_code":"T04","layer_name":"Evidência hidrogeológica datada","latest_evidence_date":"1993-09-10","latest_evidence_age_years":32.96713827114862,"dated_domains_n":1,"time_series_status":"UNKNOWN_SERIE_TEMPORAL_NAO_ADQUIRIDA"}},{"type":"Feature","geometry":{"type":"Point","coordinates":[-54.69083299999994,-20.459443999999962]},"properties":{"well_id":"3500022512","municipality":"Campo Grande","hydro_unit":"Formação Serra Geral","domain":"Fraturada","layer_code":"T04","layer_name":"Evidência hidrogeológica datada","latest_evidence_date":"1977-08-03","latest_evidence_age_years":49.07150728625502,"dated_domains_n":1,"time_series_status":"UNKNOWN_SERIE_TEMPORAL_NAO_ADQUIRIDA"}},{"type":"Feature","geometry":{"type":"Point","coordinates":[-54.511665999999934,-20.54777699999994]},"properties":{"well_id":"3500022520","municipality":"Campo Grande","hydro_unit":"Formação Serra Geral","domain":"Fraturada","layer_code":"T04","layer_name":"Evidência hidrogeológica datada","latest_evidence_date":"1995-08-16","latest_evidence_age_years":31.03691383122172,"dated_domains_n":1,"time_series_status":"UNKNOWN_SERIE_TEMPORAL_NAO_ADQUIRIDA"}},{"type":"Feature","geometry":{"type":"Point","coordinates":[-54.663054999999986,-20.415276999999946]},"properties":{"well_id":"3500022524","municipality":"Campo Grande","hydro_unit":"Formação Serra Geral","domain":"Fraturada","layer_code":"T04","layer_name":"Evidência hidrogeológica datada","latest_evidence_date":"1982-01-27","latest_evidence_age_years":44.586815608807846,"dated_domains_n":1,"time_series_status":"UNKNOWN_SERIE_TEMPORAL_NAO_ADQUIRIDA"}},{"type":"Feature","geometry":{"type":"Point","coordinates":[-53.33611099999996,-22.300832999999955]},"properties":{"well_id":"3500022557","municipality":"Nova Andradina","hydro_unit":"Grupo Caiuá","domain":"Granular","layer_code":"T04","layer_name":"Evidência hidrogeológica datada","latest_evidence_date":"2002-08-02","latest_evidence_age_years":24.074416312449948,"dated_domains_n":1,"time_series_status":"UNKNOWN_SERIE_TEMPORAL_NAO_ADQUIRIDA"}},{"type":"Feature","geometry":{"type":"Point","coordinates":[-54.85388799999998,-18.915554999999927]},"properties":{"well_id":"3500022610","municipality":"Rio Verde de Mato Grosso","hydro_unit":"Formação Furnas","domain":"Granular","layer_code":"T04","layer_name":"Evidência hidrogeológica datada","latest_evidence_date":"2000-08-14","latest_evidence_age_years":26.040233543467696,"dated_domains_n":1,"time_series_status":"UNKNOWN_SERIE_TEMPORAL_NAO_ADQUIRIDA"}},{"type":"Feature","geometry":{"type":"Point","coordinates":[-55.497776999999985,-22.179443999999933]},"properties":{"well_id":"3500022619","municipality":"Ponta Porã","hydro_unit":"Formação Serra Geral","domain":"Fraturada","layer_code":"T04","layer_name":"Evidência hidrogeológica datada","latest_evidence_date":"2002-04-02","latest_evidence_age_years":24.408440967302546,"dated_domains_n":1,"time_series_status":"UNKNOWN_SERIE_TEMPORAL_NAO_ADQUIRIDA"}},{"type":"Feature","geometry":{"type":"Point","coordinates":[-57.74305499999997,-19.06833299999994]},"properties":{"well_id":"3500022627","municipality":"Corumbá","hydro_unit":"Embasamento Indiferenciado","domain":"Fraturada","layer_code":"T04","layer_name":"Evidência hidrogeológica datada","latest_evidence_date":"1992-02-24","latest_evidence_age_years":34.51131782309014,"dated_domains_n":1,"time_series_status":"UNKNOWN_SERIE_TEMPORAL_NAO_ADQUIRIDA"}},{"type":"Feature","geometry":{"type":"Point","coordinates":[-56.577499999999986,-22.082221999999945]},"properties":{"well_id":"3500022631","municipality":"Bela Vista","hydro_unit":"Formação Aquidauana","domain":"Granular","layer_code":"T04","layer_name":"Evidência hidrogeológica datada","latest_evidence_date":"2006-01-18","latest_evidence_age_years":20.610963948609484,"dated_domains_n":1,"time_series_status":"UNKNOWN_SERIE_TEMPORAL_NAO_ADQUIRIDA"}},{"type":"Feature","geometry":{"type":"Point","coordinates":[-55.82361099999997,-21.15916599999997]},"properties":{"well_id":"3500022650","municipality":"Nioaque","hydro_unit":"Formação Botucatu","domain":"Granular","layer_code":"T04","layer_name":"Evidência hidrogeológica datada","latest_evidence_date":"2002-06-13","latest_evidence_age_years":24.21131166279937,"dated_domains_n":1,"time_series_status":"UNKNOWN_SERIE_TEMPORAL_NAO_ADQUIRIDA"}},{"type":"Feature","geometry":{"type":"Point","coordinates":[-55.78777699999995,-20.478887999999927]},"properties":{"well_id":"3500022665","municipality":"Aquidauana","hydro_unit":"Formação Aquidauana","domain":"Granular","layer_code":"T04","layer_name":"Evidência hidrogeológica datada","latest_evidence_date":"1969-02-02","latest_evidence_age_years":57.56997063594735,"dated_domains_n":1,"time_series_status":"UNKNOWN_SERIE_TEMPORAL_NAO_ADQUIRIDA"}},{"type":"Feature","geometry":{"type":"Point","coordinates":[-53.823887999999954,-22.319443999999976]},"properties":{"well_id":"3500022675","municipality":"Ivinhema","hydro_unit":"Grupo Caiuá","domain":"Granular","layer_code":"T04","layer_name":"Evidência hidrogeológica datada","latest_evidence_date":"1988-03-15","latest_evidence_age_years":38.45664182016058,"dated_domains_n":1,"time_series_status":"UNKNOWN_SERIE_TEMPORAL_NAO_ADQUIRIDA"}},{"type":"Feature","geometry":{"type":"Point","coordinates":[-53.333887999999945,-22.240554999999972]},"properties":{"well_id":"3500022678","municipality":"Nova Andradina","hydro_unit":"Grupo Caiuá","domain":"Granular","layer_code":"T04","layer_name":"Evidência hidrogeológica datada","latest_evidence_date":"1994-04-07","latest_evidence_age_years":32.394915706688025,"dated_domains_n":1,"time_series_status":"UNKNOWN_SERIE_TEMPORAL_NAO_ADQUIRIDA"}},{"type":"Feature","geometry":{"type":"Point","coordinates":[-54.18805499999996,-23.05583299999995]},"properties":{"well_id":"3500022719","municipality":"Naviraí","hydro_unit":"Grupo Caiuá","domain":"Granular","layer_code":"T04","layer_name":"Evidência hidrogeológica datada","latest_evidence_date":"1978-01-02","latest_evidence_age_years":48.65534542119277,"dated_domains_n":1,"time_series_status":"UNKNOWN_SERIE_TEMPORAL_NAO_ADQUIRIDA"}},{"type":"Feature","geometry":{"type":"Point","coordinates":[-54.18861099999998,-23.067776999999978]},"properties":{"well_id":"3500022722","municipality":"Naviraí","hydro_unit":"Grupo Caiuá","domain":"Granular","layer_code":"T04","layer_name":"Evidência hidrogeológica datada","latest_evidence_date":"1995-04-25","latest_evidence_age_years":31.346297323011424,"dated_domains_n":1,"time_series_status":"UNKNOWN_SERIE_TEMPORAL_NAO_ADQUIRIDA"}},{"type":"Feature","geometry":{"type":"Point","coordinates":[-55.809443999999985,-20.48527699999994]},"properties":{"well_id":"3500022759","municipality":"Anastácio","hydro_unit":"Formação Aquidauana","domain":"Granular","layer_code":"T04","layer_name":"Evidência hidrogeológica datada","latest_evidence_date":"1977-06-06","latest_evidence_age_years":49.230305892660354,"dated_domains_n":1,"time_series_status":"UNKNOWN_SERIE_TEMPORAL_NAO_ADQUIRIDA"}},{"type":"Feature","geometry":{"type":"Point","coordinates":[-55.788054999999986,-20.48111099999994]},"properties":{"well_id":"3500022768","municipality":"Aquidauana","hydro_unit":"Formação Aquidauana","domain":"Granular","layer_code":"T04","layer_name":"Evidência hidrogeológica datada","latest_evidence_date":"1969-01-02","latest_evidence_age_years":57.65484575316399,"dated_domains_n":1,"time_series_status":"UNKNOWN_SERIE_TEMPORAL_NAO_ADQUIRIDA"}},{"type":"Feature","geometry":{"type":"Point","coordinates":[-55.791110999999944,-20.46194399999996]},"properties":{"well_id":"3500022770","municipality":"Aquidauana","hydro_unit":"Formação Aquidauana","domain":"Granular","layer_code":"T04","layer_name":"Evidência hidrogeológica datada","latest_evidence_date":"1965-01-03","latest_evidence_age_years":61.652189983367215,"dated_domains_n":1,"time_series_status":"UNKNOWN_SERIE_TEMPORAL_NAO_ADQUIRIDA"}},{"type":"Feature","geometry":{"type":"Point","coordinates":[-56.50083299999994,-21.12722199999996]},"properties":{"well_id":"3500022774","municipality":"Bonito","hydro_unit":"Embasamento Indiferenciado","domain":"Fraturada","layer_code":"T04","layer_name":"Evidência hidrogeológica datada","latest_evidence_date":"2003-08-13","latest_evidence_age_years":23.04496327782227,"dated_domains_n":1,"time_series_status":"UNKNOWN_SERIE_TEMPORAL_NAO_ADQUIRIDA"}},{"type":"Feature","geometry":{"type":"Point","coordinates":[-57.02194399999996,-22.018610999999964]},"properties":{"well_id":"3500022781","municipality":"Caracol","hydro_unit":"Embasamento Indiferenciado","domain":"Fraturada","layer_code":"T04","layer_name":"Evidência hidrogeológica datada","latest_evidence_date":"2002-01-02","latest_evidence_age_years":24.654852597931512,"dated_domains_n":1,"time_series_status":"UNKNOWN_SERIE_TEMPORAL_NAO_ADQUIRIDA"}},{"type":"Feature","geometry":{"type":"Point","coordinates":[-55.824165999999934,-21.157776999999953]},"properties":{"well_id":"3500022800","municipality":"Nioaque","hydro_unit":"Formação Botucatu","domain":"Granular","layer_code":"T04","layer_name":"Evidência hidrogeológica datada","latest_evidence_date":"2004-10-01","latest_evidence_age_years":21.908731869922036,"dated_domains_n":1,"time_series_status":"UNKNOWN_SERIE_TEMPORAL_NAO_ADQUIRIDA"}},{"type":"Feature","geometry":{"type":"Point","coordinates":[-56.06472199999996,-20.29611099999994]},"properties":{"well_id":"3500022817","municipality":"Aquidauana","hydro_unit":"Formação Pantanal","domain":"Granular","layer_code":"T04","layer_name":"Evidência hidrogeológica datada","latest_evidence_date":"1970-10-08","latest_evidence_age_years":55.89163364066339,"dated_domains_n":1,"time_series_status":"UNKNOWN_SERIE_TEMPORAL_NAO_ADQUIRIDA"}},{"type":"Feature","geometry":{"type":"Point","coordinates":[-54.85944399999994,-20.441943999999978]},"properties":{"well_id":"3500022820","municipality":"Terenos","hydro_unit":"Formação Serra Geral","domain":"Fraturada","layer_code":"T04","layer_name":"Evidência hidrogeológica datada","latest_evidence_date":"1980-01-30","latest_evidence_age_years":46.58001190989548,"dated_domains_n":1,"time_series_status":"UNKNOWN_SERIE_TEMPORAL_NAO_ADQUIRIDA"}},{"type":"Feature","geometry":{"type":"Point","coordinates":[-54.81416599999994,-22.23055499999998]},"properties":{"well_id":"3500022825","municipality":"Dourados","hydro_unit":"Formação Serra Geral","domain":"Fraturada","layer_code":"T04","layer_name":"Evidência hidrogeológica datada","latest_evidence_date":"1990-02-01","latest_evidence_age_years":36.572961799352484,"dated_domains_n":1,"time_series_status":"UNKNOWN_SERIE_TEMPORAL_NAO_ADQUIRIDA"}},{"type":"Feature","geometry":{"type":"Point","coordinates":[-54.799999999999955,-22.228887999999927]},"properties":{"well_id":"3500022829","municipality":"Dourados","hydro_unit":"Formação Serra Geral","domain":"Fraturada","layer_code":"T04","layer_name":"Evidência hidrogeológica datada","latest_evidence_date":"2000-12-17","latest_evidence_age_years":25.697995167594133,"dated_domains_n":1,"time_series_status":"UNKNOWN_SERIE_TEMPORAL_NAO_ADQUIRIDA"}},{"type":"Feature","geometry":{"type":"Point","coordinates":[-54.581665999999984,-20.446665999999937]},"properties":{"well_id":"3500022900","municipality":"Campo Grande","hydro_unit":"Formação Serra Geral","domain":"Fraturada","layer_code":"T04","layer_name":"Evidência hidrogeológica datada","latest_evidence_date":"1996-01-02","latest_evidence_age_years":30.65634475725032,"dated_domains_n":1,"time_series_status":"UNKNOWN_SERIE_TEMPORAL_NAO_ADQUIRIDA"}},{"type":"Feature","geometry":{"type":"Point","coordinates":[-54.64499999999998,-20.495554999999968]},"properties":{"well_id":"3500022903","municipality":"Campo Grande","hydro_unit":"Formação Serra Geral","domain":"Fraturada","layer_code":"T04","layer_name":"Evidência hidrogeológica datada","latest_evidence_date":"1979-10-01","latest_evidence_age_years":46.91129865774109,"dated_domains_n":1,"time_series_status":"UNKNOWN_SERIE_TEMPORAL_NAO_ADQUIRIDA"}},{"type":"Feature","geometry":{"type":"Point","coordinates":[-54.67249999999996,-20.53444399999995]},"properties":{"well_id":"3500022906","municipality":"Campo Grande","hydro_unit":"Formação Serra Geral","domain":"Fraturada","layer_code":"T04","layer_name":"Evidência hidrogeológica datada","latest_evidence_date":"1996-09-09","latest_evidence_age_years":29.969130098496205,"dated_domains_n":1,"time_series_status":"UNKNOWN_SERIE_TEMPORAL_NAO_ADQUIRIDA"}},{"type":"Feature","geometry":{"type":"Point","coordinates":[-52.694721999999956,-22.17166599999996]},"properties":{"well_id":"3500022931","municipality":"Anaurilândia","hydro_unit":"Grupo Caiuá","domain":"Granular","layer_code":"T04","layer_name":"Evidência hidrogeológica datada","latest_evidence_date":"1996-03-15","latest_evidence_age_years":30.456477545740157,"dated_domains_n":1,"time_series_status":"UNKNOWN_SERIE_TEMPORAL_NAO_ADQUIRIDA"}},{"type":"Feature","geometry":{"type":"Point","coordinates":[-54.60916599999996,-20.51222199999995]},"properties":{"well_id":"3500022955","municipality":"Campo Grande","hydro_unit":"Formação Serra Geral","domain":"Fraturada","layer_code":"T04","layer_name":"Evidência hidrogeológica datada","latest_evidence_date":"1996-01-26","latest_evidence_age_years":30.590634989082595,"dated_domains_n":1,"time_series_status":"UNKNOWN_SERIE_TEMPORAL_NAO_ADQUIRIDA"}},{"type":"Feature","geometry":{"type":"Point","coordinates":[-52.05416599999995,-20.78444399999995]},"properties":{"well_id":"3500022957","municipality":"Três Lagoas","hydro_unit":"Grupo Caiuá","domain":"Granular","layer_code":"T04","layer_name":"Evidência hidrogeológica datada","latest_evidence_date":"1998-04-03","latest_evidence_age_years":28.405785197505764,"dated_domains_n":1,"time_series_status":"UNKNOWN_SERIE_TEMPORAL_NAO_ADQUIRIDA"}},{"type":"Feature","geometry":{"type":"Point","coordinates":[-52.031387999999936,-21.25583299999994]},"properties":{"well_id":"3500022959","municipality":"Brasilândia","hydro_unit":"Grupo Caiuá","domain":"Granular","layer_code":"T04","layer_name":"Evidência hidrogeológica datada","latest_evidence_date":"1981-01-28","latest_evidence_age_years":45.583413759351664,"dated_domains_n":1,"time_series_status":"UNKNOWN_SERIE_TEMPORAL_NAO_ADQUIRIDA"}},{"type":"Feature","geometry":{"type":"Point","coordinates":[-52.41944399999994,-21.719443999999953]},"properties":{"well_id":"3500022961","municipality":"Bataguassu","hydro_unit":"Grupo Caiuá","domain":"Granular","layer_code":"T04","layer_name":"Evidência hidrogeológica datada","latest_evidence_date":"2002-05-15","latest_evidence_age_years":24.290710966002038,"dated_domains_n":1,"time_series_status":"UNKNOWN_SERIE_TEMPORAL_NAO_ADQUIRIDA"}},{"type":"Feature","geometry":{"type":"Point","coordinates":[-52.40999999999997,-21.710554999999943]},"properties":{"well_id":"3500022963","municipality":"Bataguassu","hydro_unit":"Grupo Caiuá","domain":"Granular","layer_code":"T04","layer_name":"Evidência hidrogeológica datada","latest_evidence_date":"2002-05-17","latest_evidence_age_years":24.28523515198806,"dated_domains_n":1,"time_series_status":"UNKNOWN_SERIE_TEMPORAL_NAO_ADQUIRIDA"}},{"type":"Feature","geometry":{"type":"Point","coordinates":[-53.34666599999997,-22.236943999999937]},"properties":{"well_id":"3500023037","municipality":"Nova Andradina","hydro_unit":"Grupo Caiuá","domain":"Granular","layer_code":"T04","layer_name":"Evidência hidrogeológica datada","latest_evidence_date":"1997-01-09","latest_evidence_age_years":29.635105443643607,"dated_domains_n":1,"time_series_status":"UNKNOWN_SERIE_TEMPORAL_NAO_ADQUIRIDA"}},{"type":"Feature","geometry":{"type":"Point","coordinates":[-55.167776999999944,-21.601665999999966]},"properties":{"well_id":"3500023071","municipality":"Maracaju","hydro_unit":"Formação Serra Geral","domain":"Fraturada","layer_code":"T04","layer_name":"Evidência hidrogeológica datada","latest_evidence_date":"2007-10-21","latest_evidence_age_years":18.855965557129853,"dated_domains_n":1,"time_series_status":"UNKNOWN_SERIE_TEMPORAL_NAO_ADQUIRIDA"}},{"type":"Feature","geometry":{"type":"Point","coordinates":[-53.85999999999996,-22.655554999999936]},"properties":{"well_id":"3500023108","municipality":"Novo Horizonte do Sul","hydro_unit":"Grupo Caiuá","domain":"Granular","layer_code":"T04","layer_name":"Evidência hidrogeológica datada","latest_evidence_date":"1989-04-18","latest_evidence_age_years":37.364216924372165,"dated_domains_n":1,"time_series_status":"UNKNOWN_SERIE_TEMPORAL_NAO_ADQUIRIDA"}},{"type":"Feature","geometry":{"type":"Point","coordinates":[-53.635276999999974,-18.683054999999968]},"properties":{"well_id":"3500023110","municipality":"Figueirão","hydro_unit":"Formação Botucatu","domain":"Granular","layer_code":"T04","layer_name":"Evidência hidrogeológica datada","latest_evidence_date":"2005-11-15","latest_evidence_age_years":20.78618999705675,"dated_domains_n":1,"time_series_status":"UNKNOWN_SERIE_TEMPORAL_NAO_ADQUIRIDA"}},{"type":"Feature","geometry":{"type":"Point","coordinates":[-53.37833299999994,-22.28333299999997]},"properties":{"well_id":"3500026926","municipality":"Nova Andradina","hydro_unit":"Grupo Caiuá","domain":"Granular","layer_code":"T04","layer_name":"Evidência hidrogeológica datada","latest_evidence_date":"2008-09-22","latest_evidence_age_years":17.933290895774725,"dated_domains_n":2,"time_series_status":"UNKNOWN_SERIE_TEMPORAL_NAO_ADQUIRIDA"}},{"type":"Feature","geometry":{"type":"Point","coordinates":[-53.831943999999964,-22.309443999999928]},"properties":{"well_id":"3500026982","municipality":"Ivinhema","hydro_unit":"Grupo Caiuá","domain":"Granular","layer_code":"T04","layer_name":"Evidência hidrogeológica datada","latest_evidence_date":"2009-08-27","latest_evidence_age_years":17.00514042040562,"dated_domains_n":1,"time_series_status":"UNKNOWN_SERIE_TEMPORAL_NAO_ADQUIRIDA"}},{"type":"Feature","geometry":{"type":"Point","coordinates":[-56.33361099999996,-20.00194399999998]},"properties":{"well_id":"3500027008","municipality":"Miranda","hydro_unit":"Grupo Cuiaba","domain":"Fraturada","layer_code":"T04","layer_name":"Evidência hidrogeológica datada","latest_evidence_date":"2009-10-05","latest_evidence_age_years":16.89836204713307,"dated_domains_n":1,"time_series_status":"UNKNOWN_SERIE_TEMPORAL_NAO_ADQUIRIDA"}},{"type":"Feature","geometry":{"type":"Point","coordinates":[-56.46388899999994,-19.994721999999967]},"properties":{"well_id":"3500027017","municipality":"Miranda","hydro_unit":"Formação Pantanal","domain":"Granular","layer_code":"T04","layer_name":"Evidência hidrogeológica datada","latest_evidence_date":"2009-08-10","latest_evidence_age_years":17.051684839524427,"dated_domains_n":1,"time_series_status":"UNKNOWN_SERIE_TEMPORAL_NAO_ADQUIRIDA"}},{"type":"Feature","geometry":{"type":"Point","coordinates":[-54.404721999999936,-23.891666999999927]},"properties":{"well_id":"3500027031","municipality":"Japorã","hydro_unit":"Grupo Caiuá","domain":"Granular","layer_code":"T04","layer_name":"Evidência hidrogeológica datada","latest_evidence_date":"2009-08-27","latest_evidence_age_years":17.00514042040562,"dated_domains_n":1,"time_series_status":"UNKNOWN_SERIE_TEMPORAL_NAO_ADQUIRIDA"}},{"type":"Feature","geometry":{"type":"Point","coordinates":[-54.286388999999986,-23.78527799999995]},"properties":{"well_id":"3500027032","municipality":"Eldorado","hydro_unit":"Grupo Caiuá","domain":"Granular","layer_code":"T04","layer_name":"Evidência hidrogeológica datada","latest_evidence_date":"2009-08-27","latest_evidence_age_years":17.00514042040562,"dated_domains_n":1,"time_series_status":"UNKNOWN_SERIE_TEMPORAL_NAO_ADQUIRIDA"}},{"type":"Feature","geometry":{"type":"Point","coordinates":[-54.74388899999997,-18.51138899999995]},"properties":{"well_id":"3500027054","municipality":"Coxim","hydro_unit":"Formação Furnas","domain":"Granular","layer_code":"T04","layer_name":"Evidência hidrogeológica datada","latest_evidence_date":"2009-08-27","latest_evidence_age_years":17.00514042040562,"dated_domains_n":1,"time_series_status":"UNKNOWN_SERIE_TEMPORAL_NAO_ADQUIRIDA"}},{"type":"Feature","geometry":{"type":"Point","coordinates":[-54.853332999999964,-18.928332999999952]},"properties":{"well_id":"3500027108","municipality":"Rio Verde de Mato Grosso","hydro_unit":"Formação Ponta Grossa","domain":"Granular","layer_code":"T04","layer_name":"Evidência hidrogeológica datada","latest_evidence_date":"2009-09-27","latest_evidence_age_years":16.920265303188977,"dated_domains_n":1,"time_series_status":"UNKNOWN_SERIE_TEMPORAL_NAO_ADQUIRIDA"}},{"type":"Feature","geometry":{"type":"Point","coordinates":[-54.79388899999998,-22.08583299999998]},"properties":{"well_id":"3500027126","municipality":"Itaporã","hydro_unit":"Formação Serra Geral","domain":"Fraturada","layer_code":"T04","layer_name":"Evidência hidrogeológica datada","latest_evidence_date":"2009-08-27","latest_evidence_age_years":17.00514042040562,"dated_domains_n":1,"time_series_status":"UNKNOWN_SERIE_TEMPORAL_NAO_ADQUIRIDA"}},{"type":"Feature","geometry":{"type":"Point","coordinates":[-54.81611099999998,-22.258055999999954]},"properties":{"well_id":"3500027139","municipality":"Dourados","hydro_unit":"Formação Serra Geral","domain":"Fraturada","layer_code":"T04","layer_name":"Evidência hidrogeológica datada","latest_evidence_date":"2009-08-27","latest_evidence_age_years":17.00514042040562,"dated_domains_n":1,"time_series_status":"UNKNOWN_SERIE_TEMPORAL_NAO_ADQUIRIDA"}},{"type":"Feature","geometry":{"type":"Point","coordinates":[-54.039443999999946,-19.557777999999928]},"properties":{"well_id":"3500027152","municipality":"Camapuã","hydro_unit":"Formação Botucatu","domain":"Granular","layer_code":"T04","layer_name":"Evidência hidrogeológica datada","latest_evidence_date":"2009-08-27","latest_evidence_age_years":17.00514042040562,"dated_domains_n":1,"time_series_status":"UNKNOWN_SERIE_TEMPORAL_NAO_ADQUIRIDA"}},{"type":"Feature","geometry":{"type":"Point","coordinates":[-54.04055599999998,-19.53305599999993]},"properties":{"well_id":"3500027156","municipality":"Camapuã","hydro_unit":"Formação Botucatu","domain":"Granular","layer_code":"T04","layer_name":"Evidência hidrogeológica datada","latest_evidence_date":"2009-08-27","latest_evidence_age_years":17.00514042040562,"dated_domains_n":1,"time_series_status":"UNKNOWN_SERIE_TEMPORAL_NAO_ADQUIRIDA"}},{"type":"Feature","geometry":{"type":"Point","coordinates":[-54.18888899999996,-22.077777999999967]},"properties":{"well_id":"3500027179","municipality":"Deodápolis","hydro_unit":"Formação Serra Geral","domain":"Fraturada","layer_code":"T04","layer_name":"Evidência hidrogeológica datada","latest_evidence_date":"2009-10-06","latest_evidence_age_years":16.89562414012608,"dated_domains_n":1,"time_series_status":"UNKNOWN_SERIE_TEMPORAL_NAO_ADQUIRIDA"}},{"type":"Feature","geometry":{"type":"Point","coordinates":[-54.37555599999996,-21.45138899999995]},"properties":{"well_id":"3500027190","municipality":"Nova Alvorada do Sul","hydro_unit":"Formação Serra Geral","domain":"Fraturada","layer_code":"T04","layer_name":"Evidência hidrogeológica datada","latest_evidence_date":"2009-10-06","latest_evidence_age_years":16.89562414012608,"dated_domains_n":1,"time_series_status":"UNKNOWN_SERIE_TEMPORAL_NAO_ADQUIRIDA"}},{"type":"Feature","geometry":{"type":"Point","coordinates":[-52.830832999999984,-21.30527799999993]},"properties":{"well_id":"3500027202","municipality":"Santa Rita do Pardo","hydro_unit":"Grupo Caiuá","domain":"Granular","layer_code":"T04","layer_name":"Evidência hidrogeológica datada","latest_evidence_date":"2009-10-06","latest_evidence_age_years":16.89562414012608,"dated_domains_n":1,"time_series_status":"UNKNOWN_SERIE_TEMPORAL_NAO_ADQUIRIDA"}},{"type":"Feature","geometry":{"type":"Point","coordinates":[-53.33472199999994,-22.247221999999965]},"properties":{"well_id":"3500027229","municipality":"Nova Andradina","hydro_unit":"Grupo Caiuá","domain":"Granular","layer_code":"T04","layer_name":"Evidência hidrogeológica datada","latest_evidence_date":"2009-10-06","latest_evidence_age_years":16.89562414012608,"dated_domains_n":1,"time_series_status":"UNKNOWN_SERIE_TEMPORAL_NAO_ADQUIRIDA"}},{"type":"Feature","geometry":{"type":"Point","coordinates":[-55.22805599999998,-23.096666999999968]},"properties":{"well_id":"3500027277","municipality":"Amambai","hydro_unit":"Formação Serra Geral","domain":"Fraturada","layer_code":"T04","layer_name":"Evidência hidrogeológica datada","latest_evidence_date":"2009-10-06","latest_evidence_age_years":16.89562414012608,"dated_domains_n":1,"time_series_status":"UNKNOWN_SERIE_TEMPORAL_NAO_ADQUIRIDA"}},{"type":"Feature","geometry":{"type":"Point","coordinates":[-55.71833299999997,-22.508055999999954]},"properties":{"well_id":"3500027295","municipality":"Ponta Porã","hydro_unit":"Grupo Caiuá","domain":"Granular","layer_code":"T04","layer_name":"Evidência hidrogeológica datada","latest_evidence_date":"2009-10-06","latest_evidence_age_years":16.89562414012608,"dated_domains_n":1,"time_series_status":"UNKNOWN_SERIE_TEMPORAL_NAO_ADQUIRIDA"}},{"type":"Feature","geometry":{"type":"Point","coordinates":[-57.403332999999975,-19.391943999999967]},"properties":{"well_id":"3500027302","municipality":"Corumbá","hydro_unit":"Grupo Corumbá","domain":"Cárstica","layer_code":"T04","layer_name":"Evidência hidrogeológica datada","latest_evidence_date":"2009-10-28","latest_evidence_age_years":16.835390185972333,"dated_domains_n":1,"time_series_status":"UNKNOWN_SERIE_TEMPORAL_NAO_ADQUIRIDA"}},{"type":"Feature","geometry":{"type":"Point","coordinates":[-55.684721999999965,-22.565277999999978]},"properties":{"well_id":"3500027306","municipality":"Ponta Porã","hydro_unit":"Grupo Caiuá","domain":"Granular","layer_code":"T04","layer_name":"Evidência hidrogeológica datada","latest_evidence_date":"2009-10-28","latest_evidence_age_years":16.835390185972333,"dated_domains_n":1,"time_series_status":"UNKNOWN_SERIE_TEMPORAL_NAO_ADQUIRIDA"}},{"type":"Feature","geometry":{"type":"Point","coordinates":[-55.706388999999945,-22.516388999999947]},"properties":{"well_id":"3500027307","municipality":"Ponta Porã","hydro_unit":"Grupo Caiuá","domain":"Granular","layer_code":"T04","layer_name":"Evidência hidrogeológica datada","latest_evidence_date":"2009-10-28","latest_evidence_age_years":16.835390185972333,"dated_domains_n":1,"time_series_status":"UNKNOWN_SERIE_TEMPORAL_NAO_ADQUIRIDA"}},{"type":"Feature","geometry":{"type":"Point","coordinates":[-54.47194399999995,-21.914165999999966]},"properties":{"well_id":"3500023264","municipality":"Dourados","hydro_unit":"Formação Serra Geral","domain":"Fraturada","layer_code":"T04","layer_name":"Evidência hidrogeológica datada","latest_evidence_date":"1986-04-01","latest_evidence_age_years":40.411507423150375,"dated_domains_n":1,"time_series_status":"UNKNOWN_SERIE_TEMPORAL_NAO_ADQUIRIDA"}},{"type":"Feature","geometry":{"type":"Point","coordinates":[-54.56749999999994,-21.768054999999947]},"properties":{"well_id":"3500023267","municipality":"Rio Brilhante","hydro_unit":"Formação Serra Geral","domain":"Fraturada","layer_code":"T04","layer_name":"Evidência hidrogeológica datada","latest_evidence_date":"1995-03-03","latest_evidence_age_years":31.491406394381816,"dated_domains_n":1,"time_series_status":"UNKNOWN_SERIE_TEMPORAL_NAO_ADQUIRIDA"}},{"type":"Feature","geometry":{"type":"Point","coordinates":[-54.37499999999994,-21.45138799999995]},"properties":{"well_id":"3500023270","municipality":"Nova Alvorada do Sul","hydro_unit":"Formação Serra Geral","domain":"Fraturada","layer_code":"T04","layer_name":"Evidência hidrogeológica datada","latest_evidence_date":"1986-04-04","latest_evidence_age_years":40.4032937021294,"dated_domains_n":1,"time_series_status":"UNKNOWN_SERIE_TEMPORAL_NAO_ADQUIRIDA"}},{"type":"Feature","geometry":{"type":"Point","coordinates":[-52.26527699999997,-21.72388799999993]},"properties":{"well_id":"3500023278","municipality":"Bataguassu","hydro_unit":"Depósitos aluvionares","domain":"Granular","layer_code":"T04","layer_name":"Evidência hidrogeológica datada","latest_evidence_date":"1987-03-25","latest_evidence_age_years":39.43133671464849,"dated_domains_n":1,"time_series_status":"UNKNOWN_SERIE_TEMPORAL_NAO_ADQUIRIDA"}},{"type":"Feature","geometry":{"type":"Point","coordinates":[-55.28361099999995,-23.91027699999995]},"properties":{"well_id":"3500023353","municipality":"Paranhos","hydro_unit":"Grupo Caiuá","domain":"Granular","layer_code":"T04","layer_name":"Evidência hidrogeológica datada","latest_evidence_date":"1989-03-17","latest_evidence_age_years":37.451829948595794,"dated_domains_n":1,"time_series_status":"UNKNOWN_SERIE_TEMPORAL_NAO_ADQUIRIDA"}},{"type":"Feature","geometry":{"type":"Point","coordinates":[-53.16916699999996,-18.463332999999977]},"properties":{"well_id":"3500045665","municipality":"Costa Rica","hydro_unit":"Grupo Caiuá","domain":"Granular","layer_code":"T04","layer_name":"Evidência hidrogeológica datada","latest_evidence_date":"2008-01-01","latest_evidence_age_years":18.658836252626678,"dated_domains_n":1,"time_series_status":"UNKNOWN_SERIE_TEMPORAL_NAO_ADQUIRIDA"}},{"type":"Feature","geometry":{"type":"Point","coordinates":[-57.62083299999995,-19.02249999999998]},"properties":{"well_id":"3500045312","municipality":"Corumbá","hydro_unit":"Grupo Corumbá","domain":"Cárstica","layer_code":"T04","layer_name":"Evidência hidrogeológica datada","latest_evidence_date":"2008-05-06","latest_evidence_age_years":18.313859969746126,"dated_domains_n":1,"time_series_status":"UNKNOWN_SERIE_TEMPORAL_NAO_ADQUIRIDA"}},{"type":"Feature","geometry":{"type":"Point","coordinates":[-54.67444399999994,-21.975277999999946]},"properties":{"well_id":"3500027051","municipality":"Itaporã","hydro_unit":"Formação Serra Geral","domain":"Fraturada","layer_code":"T04","layer_name":"Evidência hidrogeológica datada","latest_evidence_date":"2010-01-25","latest_evidence_age_years":16.591716462350355,"dated_domains_n":2,"time_series_status":"UNKNOWN_SERIE_TEMPORAL_NAO_ADQUIRIDA"}},{"type":"Feature","geometry":{"type":"Point","coordinates":[-54.819721999999956,-22.63861099999997]},"properties":{"well_id":"3500027116","municipality":"Caarapó","hydro_unit":"Grupo Caiuá","domain":"Granular","layer_code":"T04","layer_name":"Evidência hidrogeológica datada","latest_evidence_date":"2010-01-25","latest_evidence_age_years":16.591716462350355,"dated_domains_n":2,"time_series_status":"UNKNOWN_SERIE_TEMPORAL_NAO_ADQUIRIDA"}},{"type":"Feature","geometry":{"type":"Point","coordinates":[-54.62861099999998,-20.48249999999996]},"properties":{"well_id":"3500022476","municipality":"Campo Grande","hydro_unit":"Formação Serra Geral","domain":"Fraturada","layer_code":"T04","layer_name":"Evidência hidrogeológica datada","latest_evidence_date":"1990-12-19","latest_evidence_age_years":35.694093650109174,"dated_domains_n":1,"time_series_status":"UNKNOWN_SERIE_TEMPORAL_NAO_ADQUIRIDA"}},{"type":"Feature","geometry":{"type":"Point","coordinates":[-55.48305499999998,-22.746665999999948]},"properties":{"well_id":"3500022752","municipality":"Aral Moreira","hydro_unit":"Formação Serra Geral","domain":"Fraturada","layer_code":"T04","layer_name":"Evidência hidrogeológica datada","latest_evidence_date":"2001-01-18","latest_evidence_age_years":25.6103821433705,"dated_domains_n":1,"time_series_status":"UNKNOWN_SERIE_TEMPORAL_NAO_ADQUIRIDA"}},{"type":"Feature","geometry":{"type":"Point","coordinates":[-54.56361099999998,-19.49138899999997]},"properties":{"well_id":"3500026945","municipality":"São Gabriel do Oeste","hydro_unit":"Grupo Bauru","domain":"Granular","layer_code":"T04","layer_name":"Evidência hidrogeológica datada","latest_evidence_date":"2008-06-17","latest_evidence_age_years":18.19886787545261,"dated_domains_n":1,"time_series_status":"UNKNOWN_SERIE_TEMPORAL_NAO_ADQUIRIDA"}},{"type":"Feature","geometry":{"type":"Point","coordinates":[-52.73027799999994,-18.74361099999993]},"properties":{"well_id":"3500026973","municipality":"Chapadão do Sul","hydro_unit":"Formação Cachoeirinha","domain":"Granular","layer_code":"T04","layer_name":"Evidência hidrogeológica datada","latest_evidence_date":"2008-06-06","latest_evidence_age_years":18.228984852529482,"dated_domains_n":1,"time_series_status":"UNKNOWN_SERIE_TEMPORAL_NAO_ADQUIRIDA"}},{"type":"Feature","geometry":{"type":"Point","coordinates":[-55.019443999999964,-23.62972199999996]},"properties":{"well_id":"3500023349","municipality":"Tacuru","hydro_unit":"Grupo Caiuá","domain":"Granular","layer_code":"T04","layer_name":"Evidência hidrogeológica datada","latest_evidence_date":"1981-05-06","latest_evidence_age_years":45.31509887266679,"dated_domains_n":2,"time_series_status":"UNKNOWN_SERIE_TEMPORAL_NAO_ADQUIRIDA"}},{"type":"Feature","geometry":{"type":"Point","coordinates":[-55.23472199999998,-23.10611099999994]},"properties":{"well_id":"3500022681","municipality":"Amambai","hydro_unit":"Formação Serra Geral","domain":"Fraturada","layer_code":"T04","layer_name":"Evidência hidrogeológica datada","latest_evidence_date":"1978-11-21","latest_evidence_age_years":47.77100145793548,"dated_domains_n":1,"time_series_status":"UNKNOWN_SERIE_TEMPORAL_NAO_ADQUIRIDA"}},{"type":"Feature","geometry":{"type":"Point","coordinates":[-51.74194399999993,-20.85916599999996]},"properties":{"well_id":"3500023299","municipality":"Três Lagoas","hydro_unit":"Grupo Caiuá","domain":"Granular","layer_code":"T04","layer_name":"Evidência hidrogeológica datada","latest_evidence_date":"1998-06-29","latest_evidence_age_years":28.167587287897767,"dated_domains_n":1,"time_series_status":"UNKNOWN_SERIE_TEMPORAL_NAO_ADQUIRIDA"}},{"type":"Feature","geometry":{"type":"Point","coordinates":[-51.798055999999974,-20.99222199999997]},"properties":{"well_id":"3500045680","municipality":"Três Lagoas","hydro_unit":"Grupo Caiuá","domain":"Granular","layer_code":"T04","layer_name":"Evidência hidrogeológica datada","latest_evidence_date":"2010-01-01","latest_evidence_age_years":16.65742623051808,"dated_domains_n":2,"time_series_status":"UNKNOWN_SERIE_TEMPORAL_NAO_ADQUIRIDA"}},{"type":"Feature","geometry":{"type":"Point","coordinates":[-52.822776999999974,-21.299165999999957]},"properties":{"well_id":"3500023283","municipality":"Santa Rita do Pardo","hydro_unit":"Grupo Caiuá","domain":"Granular","layer_code":"T04","layer_name":"Evidência hidrogeológica datada","latest_evidence_date":"1981-07-27","latest_evidence_age_years":45.09059049809373,"dated_domains_n":2,"time_series_status":"UNKNOWN_SERIE_TEMPORAL_NAO_ADQUIRIDA"}},{"type":"Feature","geometry":{"type":"Point","coordinates":[-54.508055999999954,-22.416110999999944]},"properties":{"well_id":"3500026968","municipality":"Fátima do Sul","hydro_unit":"Formação Serra Geral","domain":"Fraturada","layer_code":"T04","layer_name":"Evidência hidrogeológica datada","latest_evidence_date":"2008-12-16","latest_evidence_age_years":17.7005688001807,"dated_domains_n":1,"time_series_status":"UNKNOWN_SERIE_TEMPORAL_NAO_ADQUIRIDA"}},{"type":"Feature","geometry":{"type":"Point","coordinates":[-54.58361099999996,-20.371666999999945]},"properties":{"well_id":"3500026914","municipality":"Campo Grande","hydro_unit":"Formação Serra Geral","domain":"Fraturada","layer_code":"T04","layer_name":"Evidência hidrogeológica datada","latest_evidence_date":"2008-06-25","latest_evidence_age_years":18.176964619396703,"dated_domains_n":1,"time_series_status":"UNKNOWN_SERIE_TEMPORAL_NAO_ADQUIRIDA"}},{"type":"Feature","geometry":{"type":"Point","coordinates":[-51.09361099999995,-20.086666999999977]},"properties":{"well_id":"3500026971","municipality":"Aparecida do Taboado","hydro_unit":"Grupo Caiuá","domain":"Granular","layer_code":"T04","layer_name":"Evidência hidrogeológica datada","latest_evidence_date":"2008-04-04","latest_evidence_age_years":18.401472993969758,"dated_domains_n":1,"time_series_status":"UNKNOWN_SERIE_TEMPORAL_NAO_ADQUIRIDA"}},{"type":"Feature","geometry":{"type":"Point","coordinates":[-55.352776999999946,-20.68083299999995]},"properties":{"well_id":"3500023208","municipality":"Dois Irmãos do Buriti","hydro_unit":"Formação Botucatu","domain":"Granular","layer_code":"T04","layer_name":"Evidência hidrogeológica datada","latest_evidence_date":"1987-01-07","latest_evidence_age_years":39.6421555541866,"dated_domains_n":1,"time_series_status":"UNKNOWN_SERIE_TEMPORAL_NAO_ADQUIRIDA"}},{"type":"Feature","geometry":{"type":"Point","coordinates":[-54.48611099999994,-22.138332999999932]},"properties":{"well_id":"3500022856","municipality":"Dourados","hydro_unit":"Formação Serra Geral","domain":"Fraturada","layer_code":"T04","layer_name":"Evidência hidrogeológica datada","latest_evidence_date":"1981-09-04","latest_evidence_age_years":44.98381212482118,"dated_domains_n":1,"time_series_status":"UNKNOWN_SERIE_TEMPORAL_NAO_ADQUIRIDA"}},{"type":"Feature","geometry":{"type":"Point","coordinates":[-54.787221999999986,-22.07722199999995]},"properties":{"well_id":"3500022852","municipality":"Itaporã","hydro_unit":"Formação Serra Geral","domain":"Fraturada","layer_code":"T04","layer_name":"Evidência hidrogeológica datada","latest_evidence_date":"2003-10-16","latest_evidence_age_years":22.869737229375005,"dated_domains_n":1,"time_series_status":"UNKNOWN_SERIE_TEMPORAL_NAO_ADQUIRIDA"}},{"type":"Feature","geometry":{"type":"Point","coordinates":[-54.58694399999996,-20.52444399999996]},"properties":{"well_id":"3500022500","municipality":"Campo Grande","hydro_unit":"Formação Serra Geral","domain":"Fraturada","layer_code":"T04","layer_name":"Evidência hidrogeológica datada","latest_evidence_date":"1995-09-12","latest_evidence_age_years":30.96299034203303,"dated_domains_n":1,"time_series_status":"UNKNOWN_SERIE_TEMPORAL_NAO_ADQUIRIDA"}},{"type":"Feature","geometry":{"type":"Point","coordinates":[-54.82638799999995,-22.62805499999996]},"properties":{"well_id":"3500022694","municipality":"Caarapó","hydro_unit":"Grupo Caiuá","domain":"Granular","layer_code":"T04","layer_name":"Evidência hidrogeológica datada","latest_evidence_date":"1986-11-29","latest_evidence_age_years":39.748933927459156,"dated_domains_n":1,"time_series_status":"UNKNOWN_SERIE_TEMPORAL_NAO_ADQUIRIDA"}},{"type":"Feature","geometry":{"type":"Point","coordinates":[-54.956943999999964,-20.91388799999993]},"properties":{"well_id":"3500022810","municipality":"Sidrolândia","hydro_unit":"Formação Serra Geral","domain":"Fraturada","layer_code":"T04","layer_name":"Evidência hidrogeológica datada","latest_evidence_date":"1981-11-16","latest_evidence_age_years":44.78394491331102,"dated_domains_n":1,"time_series_status":"UNKNOWN_SERIE_TEMPORAL_NAO_ADQUIRIDA"}},{"type":"Feature","geometry":{"type":"Point","coordinates":[-54.633332999999936,-20.459443999999962]},"properties":{"well_id":"3500022893","municipality":"Campo Grande","hydro_unit":"Formação Serra Geral","domain":"Fraturada","layer_code":"T04","layer_name":"Evidência hidrogeológica datada","latest_evidence_date":"1978-05-08","latest_evidence_age_years":48.31036913831222,"dated_domains_n":1,"time_series_status":"UNKNOWN_SERIE_TEMPORAL_NAO_ADQUIRIDA"}},{"type":"Feature","geometry":{"type":"Point","coordinates":[-54.60888799999998,-20.520276999999965]},"properties":{"well_id":"3500022929","municipality":"Campo Grande","hydro_unit":"Formação Serra Geral","domain":"Fraturada","layer_code":"T04","layer_name":"Evidência hidrogeológica datada","latest_evidence_date":"2003-08-20","latest_evidence_age_years":23.02579792877335,"dated_domains_n":1,"time_series_status":"UNKNOWN_SERIE_TEMPORAL_NAO_ADQUIRIDA"}},{"type":"Feature","geometry":{"type":"Point","coordinates":[-54.633055999999954,-20.50499999999994]},"properties":{"well_id":"3500065099","municipality":"Campo Grande","hydro_unit":"Formação Serra Geral","domain":"Fraturada","layer_code":"T04","layer_name":"Evidência hidrogeológica datada","latest_evidence_date":"2019-09-05","latest_evidence_age_years":6.9816628678206945,"dated_domains_n":1,"time_series_status":"UNKNOWN_SERIE_TEMPORAL_NAO_ADQUIRIDA"}},{"type":"Feature","geometry":{"type":"Point","coordinates":[-54.63888899999995,-20.46999999999997]},"properties":{"well_id":"3500065106","municipality":"Campo Grande","hydro_unit":"Formação Serra Geral","domain":"Fraturada","layer_code":"T04","layer_name":"Evidência hidrogeológica datada","latest_evidence_date":"2003-03-14","latest_evidence_age_years":23.461125142884523,"dated_domains_n":1,"time_series_status":"UNKNOWN_SERIE_TEMPORAL_NAO_ADQUIRIDA"}},{"type":"Feature","geometry":{"type":"Point","coordinates":[-54.74888899999996,-22.038055999999983]},"properties":{"well_id":"3500065131","municipality":"Itaporã","hydro_unit":"Formação Serra Geral","domain":"Fraturada","layer_code":"T04","layer_name":"Evidência hidrogeológica datada","latest_evidence_date":"2019-09-09","latest_evidence_age_years":6.97071123979274,"dated_domains_n":1,"time_series_status":"UNKNOWN_SERIE_TEMPORAL_NAO_ADQUIRIDA"}},{"type":"Feature","geometry":{"type":"Point","coordinates":[-54.572221999999954,-20.478332999999964]},"properties":{"well_id":"3500022503","municipality":"Campo Grande","hydro_unit":"Formação Serra Geral","domain":"Fraturada","layer_code":"T04","layer_name":"Evidência hidrogeológica datada","latest_evidence_date":"1985-04-02","latest_evidence_age_years":41.408105573694186,"dated_domains_n":1,"time_series_status":"UNKNOWN_SERIE_TEMPORAL_NAO_ADQUIRIDA"}},{"type":"Feature","geometry":{"type":"Point","coordinates":[-54.57777699999997,-20.540554999999927]},"properties":{"well_id":"3500022519","municipality":"Campo Grande","hydro_unit":"Formação Serra Geral","domain":"Fraturada","layer_code":"T04","layer_name":"Evidência hidrogeológica datada","latest_evidence_date":"1994-10-24","latest_evidence_age_years":31.84733430529032,"dated_domains_n":1,"time_series_status":"UNKNOWN_SERIE_TEMPORAL_NAO_ADQUIRIDA"}},{"type":"Feature","geometry":{"type":"Point","coordinates":[-54.75583299999994,-20.480276999999944]},"properties":{"well_id":"3500022531","municipality":"Campo Grande","hydro_unit":"Formação Serra Geral","domain":"Fraturada","layer_code":"T04","layer_name":"Evidência hidrogeológica datada","latest_evidence_date":"1992-10-09","latest_evidence_age_years":33.887075025496756,"dated_domains_n":1,"time_series_status":"UNKNOWN_SERIE_TEMPORAL_NAO_ADQUIRIDA"}},{"type":"Feature","geometry":{"type":"Point","coordinates":[-51.92833299999995,-19.724999999999966]},"properties":{"well_id":"3500022571","municipality":"Inocência","hydro_unit":"Grupo Bauru","domain":"Granular","layer_code":"T04","layer_name":"Evidência hidrogeológica datada","latest_evidence_date":"1995-03-17","latest_evidence_age_years":31.453075696283975,"dated_domains_n":1,"time_series_status":"UNKNOWN_SERIE_TEMPORAL_NAO_ADQUIRIDA"}},{"type":"Feature","geometry":{"type":"Point","coordinates":[-51.93055499999997,-19.73222199999998]},"properties":{"well_id":"3500022572","municipality":"Inocência","hydro_unit":"Grupo Bauru","domain":"Granular","layer_code":"T04","layer_name":"Evidência hidrogeológica datada","latest_evidence_date":"1987-06-18","latest_evidence_age_years":39.19861461905446,"dated_domains_n":1,"time_series_status":"UNKNOWN_SERIE_TEMPORAL_NAO_ADQUIRIDA"}},{"type":"Feature","geometry":{"type":"Point","coordinates":[-55.80472199999997,-20.451665999999932]},"properties":{"well_id":"3500022765","municipality":"Aquidauana","hydro_unit":"Formação Aquidauana","domain":"Granular","layer_code":"T04","layer_name":"Evidência hidrogeológica datada","latest_evidence_date":"1982-09-25","latest_evidence_age_years":43.926980020123615,"dated_domains_n":1,"time_series_status":"UNKNOWN_SERIE_TEMPORAL_NAO_ADQUIRIDA"}},{"type":"Feature","geometry":{"type":"Point","coordinates":[-54.56472199999996,-20.46999999999997]},"properties":{"well_id":"3500022954","municipality":"Campo Grande","hydro_unit":"Formação Serra Geral","domain":"Fraturada","layer_code":"T04","layer_name":"Evidência hidrogeológica datada","latest_evidence_date":"1994-08-23","latest_evidence_age_years":32.017084539723605,"dated_domains_n":1,"time_series_status":"UNKNOWN_SERIE_TEMPORAL_NAO_ADQUIRIDA"}},{"type":"Feature","geometry":{"type":"Point","coordinates":[-54.59027699999996,-18.235832999999957]},"properties":{"well_id":"3500023000","municipality":"Pedro Gomes","hydro_unit":"Formação Ponta Grossa","domain":"Granular","layer_code":"T04","layer_name":"Evidência hidrogeológica datada","latest_evidence_date":"1994-10-16","latest_evidence_age_years":31.869237561346228,"dated_domains_n":1,"time_series_status":"UNKNOWN_SERIE_TEMPORAL_NAO_ADQUIRIDA"}},{"type":"Feature","geometry":{"type":"Point","coordinates":[-54.631110999999976,-18.55666599999995]},"properties":{"well_id":"3500023010","municipality":"Coxim","hydro_unit":"Formação Ponta Grossa","domain":"Granular","layer_code":"T04","layer_name":"Evidência hidrogeológica datada","latest_evidence_date":"1998-09-17","latest_evidence_age_years":27.948554727338685,"dated_domains_n":1,"time_series_status":"UNKNOWN_SERIE_TEMPORAL_NAO_ADQUIRIDA"}},{"type":"Feature","geometry":{"type":"Point","coordinates":[-54.95138799999995,-19.41916599999996]},"properties":{"well_id":"3500023111","municipality":"Rio Negro","hydro_unit":"Formação Ponta Grossa","domain":"Granular","layer_code":"T04","layer_name":"Evidência hidrogeológica datada","latest_evidence_date":"2007-06-11","latest_evidence_age_years":19.217369282052335,"dated_domains_n":1,"time_series_status":"UNKNOWN_SERIE_TEMPORAL_NAO_ADQUIRIDA"}},{"type":"Feature","geometry":{"type":"Point","coordinates":[-54.30611099999999,-22.48166699999996]},"properties":{"well_id":"3500027074","municipality":"Jateí","hydro_unit":"Grupo Caiuá","domain":"Granular","layer_code":"T04","layer_name":"Evidência hidrogeológica datada","latest_evidence_date":"2000-03-02","latest_evidence_age_years":26.4919881996208,"dated_domains_n":1,"time_series_status":"UNKNOWN_SERIE_TEMPORAL_NAO_ADQUIRIDA"}},{"type":"Feature","geometry":{"type":"Point","coordinates":[-54.22361099999995,-22.267499999999927]},"properties":{"well_id":"3500027091","municipality":"Deodápolis","hydro_unit":"Formação Serra Geral","domain":"Fraturada","layer_code":"T04","layer_name":"Evidência hidrogeológica datada","latest_evidence_date":"2000-05-03","latest_evidence_age_years":26.32223796518751,"dated_domains_n":1,"time_series_status":"UNKNOWN_SERIE_TEMPORAL_NAO_ADQUIRIDA"}},{"type":"Feature","geometry":{"type":"Point","coordinates":[-54.559721999999965,-18.100555999999926]},"properties":{"well_id":"3500027134","municipality":"Pedro Gomes","hydro_unit":"Formação Ponta Grossa","domain":"Granular","layer_code":"T04","layer_name":"Evidência hidrogeológica datada","latest_evidence_date":"2009-08-30","latest_evidence_age_years":16.996926699384655,"dated_domains_n":1,"time_series_status":"UNKNOWN_SERIE_TEMPORAL_NAO_ADQUIRIDA"}},{"type":"Feature","geometry":{"type":"Point","coordinates":[-54.038332999999966,-21.515555999999947]},"properties":{"well_id":"3500045253","municipality":"Nova Alvorada do Sul","hydro_unit":"Grupo Caiuá","domain":"Granular","layer_code":"T04","layer_name":"Evidência hidrogeológica datada","latest_evidence_date":"2009-11-05","latest_evidence_age_years":16.813486929916426,"dated_domains_n":1,"time_series_status":"UNKNOWN_SERIE_TEMPORAL_NAO_ADQUIRIDA"}},{"type":"Feature","geometry":{"type":"Point","coordinates":[-56.11833299999995,-21.46222199999994]},"properties":{"well_id":"3500026940","municipality":"Guia Lopes da Laguna","hydro_unit":"Formação Aquidauana","domain":"Granular","layer_code":"T04","layer_name":"Evidência hidrogeológica datada","latest_evidence_date":"2009-02-15","latest_evidence_age_years":17.5335564727544,"dated_domains_n":1,"time_series_status":"UNKNOWN_SERIE_TEMPORAL_NAO_ADQUIRIDA"}},{"type":"Feature","geometry":{"type":"Point","coordinates":[-54.58444399999996,-19.402499999999975]},"properties":{"well_id":"3500023235","municipality":"São Gabriel do Oeste","hydro_unit":"Grupo Bauru","domain":"Granular","layer_code":"T04","layer_name":"Evidência hidrogeológica datada","latest_evidence_date":"1995-07-10","latest_evidence_age_years":31.138216390480295,"dated_domains_n":1,"time_series_status":"UNKNOWN_SERIE_TEMPORAL_NAO_ADQUIRIDA"}},{"type":"Feature","geometry":{"type":"Point","coordinates":[-55.62861099999998,-22.948054999999954]},"properties":{"well_id":"3500023157","municipality":"Aral Moreira","hydro_unit":"Formação Serra Geral","domain":"Fraturada","layer_code":"T04","layer_name":"Evidência hidrogeológica datada","latest_evidence_date":"1978-12-01","latest_evidence_age_years":47.74362238786559,"dated_domains_n":1,"time_series_status":"UNKNOWN_SERIE_TEMPORAL_NAO_ADQUIRIDA"}},{"type":"Feature","geometry":{"type":"Point","coordinates":[-54.519721999999945,-20.551943999999935]},"properties":{"well_id":"3500067386","municipality":"Campo Grande","hydro_unit":"Formação Serra Geral","domain":"Fraturada","layer_code":"T04","layer_name":"Evidência hidrogeológica datada","latest_evidence_date":"2017-08-18","latest_evidence_age_years":9.029617309048097,"dated_domains_n":1,"time_series_status":"UNKNOWN_SERIE_TEMPORAL_NAO_ADQUIRIDA"}},{"type":"Feature","geometry":{"type":"Point","coordinates":[-53.98611099999994,-19.87833299999994]},"properties":{"well_id":"3500067388","municipality":"Bandeirantes","hydro_unit":"Grupo Caiuá","domain":"Granular","layer_code":"T04","layer_name":"Evidência hidrogeológica datada","latest_evidence_date":"2007-11-13","latest_evidence_age_years":18.792993695969116,"dated_domains_n":1,"time_series_status":"UNKNOWN_SERIE_TEMPORAL_NAO_ADQUIRIDA"}},{"type":"Feature","geometry":{"type":"Point","coordinates":[-54.120555999999965,-19.874721999999963]},"properties":{"well_id":"3500067494","municipality":"Bandeirantes","hydro_unit":"Grupo Caiuá","domain":"Granular","layer_code":"T04","layer_name":"Evidência hidrogeológica datada","latest_evidence_date":"2017-11-01","latest_evidence_age_years":8.82427428352396,"dated_domains_n":1,"time_series_status":"UNKNOWN_SERIE_TEMPORAL_NAO_ADQUIRIDA"}},{"type":"Feature","geometry":{"type":"Point","coordinates":[-54.88361099999997,-19.95666699999998]},"properties":{"well_id":"3500030645","municipality":"Rochedo","hydro_unit":"Formação Botucatu","domain":"Granular","layer_code":"T04","layer_name":"Evidência hidrogeológica datada","latest_evidence_date":"1995-01-24","latest_evidence_age_years":31.595446860647378,"dated_domains_n":1,"time_series_status":"UNKNOWN_SERIE_TEMPORAL_NAO_ADQUIRIDA"}},{"type":"Feature","geometry":{"type":"Point","coordinates":[-56.23583299999996,-21.643055999999945]},"properties":{"well_id":"3500030621","municipality":"Jardim","hydro_unit":"Formação Botucatu","domain":"Granular","layer_code":"T04","layer_name":"Evidência hidrogeológica datada","latest_evidence_date":"2011-09-06","latest_evidence_age_years":14.979089235234126,"dated_domains_n":1,"time_series_status":"UNKNOWN_SERIE_TEMPORAL_NAO_ADQUIRIDA"}},{"type":"Feature","geometry":{"type":"Point","coordinates":[-54.84694399999995,-18.924166999999954]},"properties":{"well_id":"3500030636","municipality":"Rio Verde de Mato Grosso","hydro_unit":"Formação Ponta Grossa","domain":"Granular","layer_code":"T04","layer_name":"Evidência hidrogeológica datada","latest_evidence_date":"1992-09-20","latest_evidence_age_years":33.93909525862954,"dated_domains_n":1,"time_series_status":"UNKNOWN_SERIE_TEMPORAL_NAO_ADQUIRIDA"}},{"type":"Feature","geometry":{"type":"Point","coordinates":[-57.40388799999994,-19.392499999999927]},"properties":{"well_id":"3500022679","municipality":"Corumbá","hydro_unit":"Grupo Corumbá","domain":"Cárstica","layer_code":"T04","layer_name":"Evidência hidrogeológica datada","latest_evidence_date":"1958-06-05","latest_evidence_age_years":68.23411842816759,"dated_domains_n":1,"time_series_status":"UNKNOWN_SERIE_TEMPORAL_NAO_ADQUIRIDA"}},{"type":"Feature","geometry":{"type":"Point","coordinates":[-54.53111099999995,-23.803332999999952]},"properties":{"well_id":"3500022710","municipality":"Japorã","hydro_unit":"Grupo Caiuá","domain":"Granular","layer_code":"T04","layer_name":"Evidência hidrogeológica datada","latest_evidence_date":"1986-03-13","latest_evidence_age_years":40.463527656283155,"dated_domains_n":1,"time_series_status":"UNKNOWN_SERIE_TEMPORAL_NAO_ADQUIRIDA"}},{"type":"Feature","geometry":{"type":"Point","coordinates":[-54.405276999999955,-23.892776999999967]},"properties":{"well_id":"3500022711","municipality":"Japorã","hydro_unit":"Grupo Caiuá","domain":"Granular","layer_code":"T04","layer_name":"Evidência hidrogeológica datada","latest_evidence_date":"1982-03-23","latest_evidence_age_years":44.43623072342348,"dated_domains_n":1,"time_series_status":"UNKNOWN_SERIE_TEMPORAL_NAO_ADQUIRIDA"}},{"type":"Feature","geometry":{"type":"Point","coordinates":[-55.726665999999966,-22.531665999999973]},"properties":{"well_id":"3500022729","municipality":"Ponta Porã","hydro_unit":"Grupo Caiuá","domain":"Granular","layer_code":"T04","layer_name":"Evidência hidrogeológica datada","latest_evidence_date":"1978-08-01","latest_evidence_age_years":48.07764704271819,"dated_domains_n":1,"time_series_status":"UNKNOWN_SERIE_TEMPORAL_NAO_ADQUIRIDA"}},{"type":"Feature","geometry":{"type":"Point","coordinates":[-55.71749999999997,-22.51444399999997]},"properties":{"well_id":"3500022733","municipality":"Ponta Porã","hydro_unit":"Grupo Caiuá","domain":"Granular","layer_code":"T04","layer_name":"Evidência hidrogeológica datada","latest_evidence_date":"1981-11-27","latest_evidence_age_years":44.753827936234146,"dated_domains_n":1,"time_series_status":"UNKNOWN_SERIE_TEMPORAL_NAO_ADQUIRIDA"}},{"type":"Feature","geometry":{"type":"Point","coordinates":[-55.72972199999998,-22.48222199999998]},"properties":{"well_id":"3500022737","municipality":"Ponta Porã","hydro_unit":"Grupo Caiuá","domain":"Granular","layer_code":"T04","layer_name":"Evidência hidrogeológica datada","latest_evidence_date":"1986-11-30","latest_evidence_age_years":39.74619602045217,"dated_domains_n":1,"time_series_status":"UNKNOWN_SERIE_TEMPORAL_NAO_ADQUIRIDA"}},{"type":"Feature","geometry":{"type":"Point","coordinates":[-52.62138799999997,-18.798610999999937]},"properties":{"well_id":"3500023003","municipality":"Chapadão do Sul","hydro_unit":"Formação Cachoeirinha","domain":"Granular","layer_code":"T04","layer_name":"Evidência hidrogeológica datada","latest_evidence_date":"2001-10-26","latest_evidence_age_years":24.84103027440673,"dated_domains_n":1,"time_series_status":"UNKNOWN_SERIE_TEMPORAL_NAO_ADQUIRIDA"}},{"type":"Feature","geometry":{"type":"Point","coordinates":[-55.02583299999998,-20.685276999999928]},"properties":{"well_id":"3500023013","municipality":"Terenos","hydro_unit":"Formação Serra Geral","domain":"Fraturada","layer_code":"T04","layer_name":"Evidência hidrogeológica datada","latest_evidence_date":"2002-03-08","latest_evidence_age_years":24.476888642477256,"dated_domains_n":1,"time_series_status":"UNKNOWN_SERIE_TEMPORAL_NAO_ADQUIRIDA"}},{"type":"Feature","geometry":{"type":"Point","coordinates":[-53.34055499999994,-22.254443999999978]},"properties":{"well_id":"3500023051","municipality":"Nova Andradina","hydro_unit":"Grupo Caiuá","domain":"Granular","layer_code":"T04","layer_name":"Evidência hidrogeológica datada","latest_evidence_date":"1991-01-12","latest_evidence_age_years":35.62838388194145,"dated_domains_n":1,"time_series_status":"UNKNOWN_SERIE_TEMPORAL_NAO_ADQUIRIDA"}},{"type":"Feature","geometry":{"type":"Point","coordinates":[-57.50027699999998,-19.309721999999965]},"properties":{"well_id":"3500023120","municipality":"Corumbá","hydro_unit":"Grupo Corumbá","domain":"Cárstica","layer_code":"T04","layer_name":"Evidência hidrogeológica datada","latest_evidence_date":"1989-04-12","latest_evidence_age_years":37.380644366414096,"dated_domains_n":1,"time_series_status":"UNKNOWN_SERIE_TEMPORAL_NAO_ADQUIRIDA"}},{"type":"Feature","geometry":{"type":"Point","coordinates":[-54.955277999999964,-23.64888899999994]},"properties":{"well_id":"3500067703","municipality":"Tacuru","hydro_unit":"Grupo Caiuá","domain":"Granular","layer_code":"T04","layer_name":"Evidência hidrogeológica datada","latest_evidence_date":"2018-10-24","latest_evidence_age_years":7.846841482029062,"dated_domains_n":1,"time_series_status":"UNKNOWN_SERIE_TEMPORAL_NAO_ADQUIRIDA"}},{"type":"Feature","geometry":{"type":"Point","coordinates":[-52.582221999999945,-19.11666699999995]},"properties":{"well_id":"3500067706","municipality":"Chapadão do Sul","hydro_unit":"Grupo Caiuá","domain":"Granular","layer_code":"T04","layer_name":"Evidência hidrogeológica datada","latest_evidence_date":"2018-12-20","latest_evidence_age_years":7.690780782630718,"dated_domains_n":1,"time_series_status":"UNKNOWN_SERIE_TEMPORAL_NAO_ADQUIRIDA"}},{"type":"Feature","geometry":{"type":"Point","coordinates":[-54.56666699999994,-19.268610999999964]},"properties":{"well_id":"3500026924","municipality":"São Gabriel do Oeste","hydro_unit":"Grupo Bauru","domain":"Granular","layer_code":"T04","layer_name":"Evidência hidrogeológica datada","latest_evidence_date":"2008-06-17","latest_evidence_age_years":18.19886787545261,"dated_domains_n":1,"time_series_status":"UNKNOWN_SERIE_TEMPORAL_NAO_ADQUIRIDA"}},{"type":"Feature","geometry":{"type":"Point","coordinates":[-56.27666599999998,-21.688887999999963]},"properties":{"well_id":"3500023348","municipality":"Jardim","hydro_unit":"Formação Botucatu","domain":"Granular","layer_code":"T04","layer_name":"Evidência hidrogeológica datada","latest_evidence_date":"1987-02-19","latest_evidence_age_years":39.52442555288609,"dated_domains_n":1,"time_series_status":"UNKNOWN_SERIE_TEMPORAL_NAO_ADQUIRIDA"}},{"type":"Feature","geometry":{"type":"Point","coordinates":[-53.63749999999993,-18.67999999999995]},"properties":{"well_id":"3500023239","municipality":"Figueirão","hydro_unit":"Formação Botucatu","domain":"Granular","layer_code":"T04","layer_name":"Evidência hidrogeológica datada","latest_evidence_date":"1984-06-09","latest_evidence_age_years":42.221263954769775,"dated_domains_n":1,"time_series_status":"UNKNOWN_SERIE_TEMPORAL_NAO_ADQUIRIDA"}},{"type":"Feature","geometry":{"type":"Point","coordinates":[-52.25055499999996,-21.726110999999946]},"properties":{"well_id":"3500023281","municipality":"Bataguassu","hydro_unit":"Depósitos aluvionares","domain":"Granular","layer_code":"T04","layer_name":"Evidência hidrogeológica datada","latest_evidence_date":"1986-02-24","latest_evidence_age_years":40.51007207540196,"dated_domains_n":1,"time_series_status":"UNKNOWN_SERIE_TEMPORAL_NAO_ADQUIRIDA"}},{"type":"Feature","geometry":{"type":"Point","coordinates":[-51.74361099999993,-20.783887999999934]},"properties":{"well_id":"3500023301","municipality":"Três Lagoas","hydro_unit":"Grupo Caiuá","domain":"Granular","layer_code":"T04","layer_name":"Evidência hidrogeológica datada","latest_evidence_date":"1997-12-03","latest_evidence_age_years":28.737071945351374,"dated_domains_n":1,"time_series_status":"UNKNOWN_SERIE_TEMPORAL_NAO_ADQUIRIDA"}},{"type":"Feature","geometry":{"type":"Point","coordinates":[-54.819443999999976,-22.64138799999995]},"properties":{"well_id":"3500023367","municipality":"Caarapó","hydro_unit":"Grupo Caiuá","domain":"Granular","layer_code":"T04","layer_name":"Evidência hidrogeológica datada","latest_evidence_date":"1978-07-20","latest_evidence_age_years":48.11050192680206,"dated_domains_n":1,"time_series_status":"UNKNOWN_SERIE_TEMPORAL_NAO_ADQUIRIDA"}},{"type":"Feature","geometry":{"type":"Point","coordinates":[-54.81166699999994,-22.611388999999974]},"properties":{"well_id":"3500026930","municipality":"Caarapó","hydro_unit":"Grupo Caiuá","domain":"Granular","layer_code":"T04","layer_name":"Evidência hidrogeológica datada","latest_evidence_date":"2008-03-24","latest_evidence_age_years":18.431589971046634,"dated_domains_n":2,"time_series_status":"UNKNOWN_SERIE_TEMPORAL_NAO_ADQUIRIDA"}},{"type":"Feature","geometry":{"type":"Point","coordinates":[-54.48333299999996,-22.545555999999976]},"properties":{"well_id":"3500027013","municipality":"Caarapó","hydro_unit":"Grupo Caiuá","domain":"Granular","layer_code":"T04","layer_name":"Evidência hidrogeológica datada","latest_evidence_date":"2009-09-17","latest_evidence_age_years":16.94764437325886,"dated_domains_n":2,"time_series_status":"UNKNOWN_SERIE_TEMPORAL_NAO_ADQUIRIDA"}},{"type":"Feature","geometry":{"type":"Point","coordinates":[-52.87083299999995,-20.445832999999936]},"properties":{"well_id":"3500027053","municipality":"Água Clara","hydro_unit":"Grupo Caiuá","domain":"Granular","layer_code":"T04","layer_name":"Evidência hidrogeológica datada","latest_evidence_date":"2008-01-07","latest_evidence_age_years":18.642408810584747,"dated_domains_n":2,"time_series_status":"UNKNOWN_SERIE_TEMPORAL_NAO_ADQUIRIDA"}},{"type":"Feature","geometry":{"type":"Point","coordinates":[-54.069166999999936,-22.05388899999997]},"properties":{"well_id":"3500045607","municipality":"Angélica","hydro_unit":"Grupo Caiuá","domain":"Granular","layer_code":"T04","layer_name":"Evidência hidrogeológica datada","latest_evidence_date":"2010-05-10","latest_evidence_age_years":16.304236226616563,"dated_domains_n":2,"time_series_status":"UNKNOWN_SERIE_TEMPORAL_NAO_ADQUIRIDA"}},{"type":"Feature","geometry":{"type":"Point","coordinates":[-54.53027799999995,-20.47055599999993]},"properties":{"well_id":"3500045683","municipality":"Campo Grande","hydro_unit":"Formação Serra Geral","domain":"Fraturada","layer_code":"T04","layer_name":"Evidência hidrogeológica datada","latest_evidence_date":"2011-07-18","latest_evidence_age_years":15.11598458558355,"dated_domains_n":2,"time_series_status":"UNKNOWN_SERIE_TEMPORAL_NAO_ADQUIRIDA"}},{"type":"Feature","geometry":{"type":"Point","coordinates":[-52.31277799999998,-21.682777999999928]},"properties":{"well_id":"3500045687","municipality":"Bataguassu","hydro_unit":"Grupo Caiuá","domain":"Granular","layer_code":"T04","layer_name":"Evidência hidrogeológica datada","latest_evidence_date":"2011-01-01","latest_evidence_age_years":15.658090172967276,"dated_domains_n":2,"time_series_status":"UNKNOWN_SERIE_TEMPORAL_NAO_ADQUIRIDA"}},{"type":"Feature","geometry":{"type":"Point","coordinates":[-54.622221999999965,-20.521388999999942]},"properties":{"well_id":"3500065049","municipality":"Campo Grande","hydro_unit":"Formação Serra Geral","domain":"Fraturada","layer_code":"T04","layer_name":"Evidência hidrogeológica datada","latest_evidence_date":"2016-05-02","latest_evidence_age_years":10.324647323353663,"dated_domains_n":2,"time_series_status":"UNKNOWN_SERIE_TEMPORAL_NAO_ADQUIRIDA"}},{"type":"Feature","geometry":{"type":"Point","coordinates":[-53.34861099999995,-22.485555999999974]},"properties":{"well_id":"3500065073","municipality":"Taquarussu","hydro_unit":"Grupo Caiuá","domain":"Granular","layer_code":"T04","layer_name":"Evidência hidrogeológica datada","latest_evidence_date":"2015-08-03","latest_evidence_age_years":11.072095936261524,"dated_domains_n":2,"time_series_status":"UNKNOWN_SERIE_TEMPORAL_NAO_ADQUIRIDA"}},{"type":"Feature","geometry":{"type":"Point","coordinates":[-53.393332999999984,-22.563332999999943]},"properties":{"well_id":"3500065076","municipality":"Taquarussu","hydro_unit":"Grupo Caiuá","domain":"Granular","layer_code":"T04","layer_name":"Evidência hidrogeológica datada","latest_evidence_date":"2016-02-01","latest_evidence_age_years":10.573796860989617,"dated_domains_n":2,"time_series_status":"UNKNOWN_SERIE_TEMPORAL_NAO_ADQUIRIDA"}},{"type":"Feature","geometry":{"type":"Point","coordinates":[-54.86111099999994,-20.427777999999932]},"properties":{"well_id":"3500065077","municipality":"Terenos","hydro_unit":"Formação Serra Geral","domain":"Fraturada","layer_code":"T04","layer_name":"Evidência hidrogeológica datada","latest_evidence_date":"2016-10-14","latest_evidence_age_years":9.872892667200558,"dated_domains_n":2,"time_series_status":"UNKNOWN_SERIE_TEMPORAL_NAO_ADQUIRIDA"}},{"type":"Feature","geometry":{"type":"Point","coordinates":[-51.723888999999986,-20.807221999999967]},"properties":{"well_id":"3500065083","municipality":"Três Lagoas","hydro_unit":"Grupo Caiuá","domain":"Granular","layer_code":"T04","layer_name":"Evidência hidrogeológica datada","latest_evidence_date":"2015-08-03","latest_evidence_age_years":11.072095936261524,"dated_domains_n":2,"time_series_status":"UNKNOWN_SERIE_TEMPORAL_NAO_ADQUIRIDA"}},{"type":"Feature","geometry":{"type":"Point","coordinates":[-54.04138799999998,-19.526665999999977]},"properties":{"well_id":"3500022594","municipality":"Camapuã","hydro_unit":"Formação Botucatu","domain":"Granular","layer_code":"T04","layer_name":"Evidência hidrogeológica datada","latest_evidence_date":"1988-10-01","latest_evidence_age_years":37.90906041876288,"dated_domains_n":1,"time_series_status":"UNKNOWN_SERIE_TEMPORAL_NAO_ADQUIRIDA"}},{"type":"Feature","geometry":{"type":"Point","coordinates":[-55.82305599999995,-21.16111099999995]},"properties":{"well_id":"3500065132","municipality":"Nioaque","hydro_unit":"Formação Botucatu","domain":"Granular","layer_code":"T04","layer_name":"Evidência hidrogeológica datada","latest_evidence_date":"2019-09-09","latest_evidence_age_years":6.97071123979274,"dated_domains_n":2,"time_series_status":"UNKNOWN_SERIE_TEMPORAL_NAO_ADQUIRIDA"}},{"type":"Feature","geometry":{"type":"Point","coordinates":[-54.041110999999944,-19.526110999999958]},"properties":{"well_id":"3500065022","municipality":"Camapuã","hydro_unit":"Formação Botucatu","domain":"Granular","layer_code":"T04","layer_name":"Evidência hidrogeológica datada","latest_evidence_date":"2016-01-25","latest_evidence_age_years":10.592962210038536,"dated_domains_n":2,"time_series_status":"UNKNOWN_SERIE_TEMPORAL_NAO_ADQUIRIDA"}},{"type":"Feature","geometry":{"type":"Point","coordinates":[-54.04277799999994,-19.524166999999977]},"properties":{"well_id":"3500065024","municipality":"Camapuã","hydro_unit":"Formação Botucatu","domain":"Granular","layer_code":"T04","layer_name":"Evidência hidrogeológica datada","latest_evidence_date":"2016-07-11","latest_evidence_age_years":10.132993832864466,"dated_domains_n":2,"time_series_status":"UNKNOWN_SERIE_TEMPORAL_NAO_ADQUIRIDA"}},{"type":"Feature","geometry":{"type":"Point","coordinates":[-55.96055599999994,-22.183888999999965]},"properties":{"well_id":"3500065007","municipality":"Antônio João","hydro_unit":"Formação Serra Geral","domain":"Fraturada","layer_code":"T04","layer_name":"Evidência hidrogeológica datada","latest_evidence_date":"2016-05-23","latest_evidence_age_years":10.267151276206903,"dated_domains_n":2,"time_series_status":"UNKNOWN_SERIE_TEMPORAL_NAO_ADQUIRIDA"}},{"type":"Feature","geometry":{"type":"Point","coordinates":[-54.61805599999997,-20.445555999999954]},"properties":{"well_id":"3500065028","municipality":"Campo Grande","hydro_unit":"Formação Serra Geral","domain":"Fraturada","layer_code":"T04","layer_name":"Evidência hidrogeológica datada","latest_evidence_date":"2016-10-04","latest_evidence_age_years":9.900271737270444,"dated_domains_n":2,"time_series_status":"UNKNOWN_SERIE_TEMPORAL_NAO_ADQUIRIDA"}},{"type":"Feature","geometry":{"type":"Point","coordinates":[-54.37999999999994,-21.459721999999942]},"properties":{"well_id":"3500026932","municipality":"Nova Alvorada do Sul","hydro_unit":"Formação Serra Geral","domain":"Fraturada","layer_code":"T04","layer_name":"Evidência hidrogeológica datada","latest_evidence_date":"2008-11-01","latest_evidence_age_years":17.823774615495186,"dated_domains_n":2,"time_series_status":"UNKNOWN_SERIE_TEMPORAL_NAO_ADQUIRIDA"}},{"type":"Feature","geometry":{"type":"Point","coordinates":[-53.39944399999996,-22.312499999999943]},"properties":{"well_id":"3500026949","municipality":"Nova Andradina","hydro_unit":"Grupo Caiuá","domain":"Granular","layer_code":"T04","layer_name":"Evidência hidrogeológica datada","latest_evidence_date":"2008-07-16","latest_evidence_age_years":18.119468572249943,"dated_domains_n":2,"time_series_status":"UNKNOWN_SERIE_TEMPORAL_NAO_ADQUIRIDA"}},{"type":"Feature","geometry":{"type":"Point","coordinates":[-54.81388899999996,-22.59499999999997]},"properties":{"well_id":"3500026958","municipality":"Caarapó","hydro_unit":"Grupo Caiuá","domain":"Granular","layer_code":"T04","layer_name":"Evidência hidrogeológica datada","latest_evidence_date":"2009-03-20","latest_evidence_age_years":17.44320554152378,"dated_domains_n":2,"time_series_status":"UNKNOWN_SERIE_TEMPORAL_NAO_ADQUIRIDA"}},{"type":"Feature","geometry":{"type":"Point","coordinates":[-52.411388999999986,-21.69916699999993]},"properties":{"well_id":"3500026963","municipality":"Bataguassu","hydro_unit":"Grupo Caiuá","domain":"Granular","layer_code":"T04","layer_name":"Evidência hidrogeológica datada","latest_evidence_date":"2006-10-26","latest_evidence_age_years":19.841612079645714,"dated_domains_n":2,"time_series_status":"UNKNOWN_SERIE_TEMPORAL_NAO_ADQUIRIDA"}},{"type":"Feature","geometry":{"type":"Point","coordinates":[-54.12972199999996,-22.18777799999998]},"properties":{"well_id":"3500026964","municipality":"Deodápolis","hydro_unit":"Grupo Caiuá","domain":"Granular","layer_code":"T04","layer_name":"Evidência hidrogeológica datada","latest_evidence_date":"2006-10-26","latest_evidence_age_years":19.841612079645714,"dated_domains_n":2,"time_series_status":"UNKNOWN_SERIE_TEMPORAL_NAO_ADQUIRIDA"}},{"type":"Feature","geometry":{"type":"Point","coordinates":[-54.67638899999997,-20.440277999999978]},"properties":{"well_id":"3500026994","municipality":"Campo Grande","hydro_unit":"Formação Serra Geral","domain":"Fraturada","layer_code":"T04","layer_name":"Evidência hidrogeológica datada","latest_evidence_date":"2010-03-16","latest_evidence_age_years":16.454821112000932,"dated_domains_n":2,"time_series_status":"UNKNOWN_SERIE_TEMPORAL_NAO_ADQUIRIDA"}},{"type":"Feature","geometry":{"type":"Point","coordinates":[-55.11666699999995,-22.301388999999972]},"properties":{"well_id":"3500027003","municipality":"Ponta Porã","hydro_unit":"Formação Serra Geral","domain":"Fraturada","layer_code":"T04","layer_name":"Evidência hidrogeológica datada","latest_evidence_date":"2009-07-09","latest_evidence_age_years":17.13929786374806,"dated_domains_n":2,"time_series_status":"UNKNOWN_SERIE_TEMPORAL_NAO_ADQUIRIDA"}},{"type":"Feature","geometry":{"type":"Point","coordinates":[-51.912499999999966,-19.758610999999974]},"properties":{"well_id":"3500027004","municipality":"Inocência","hydro_unit":"Grupo Bauru","domain":"Granular","layer_code":"T04","layer_name":"Evidência hidrogeológica datada","latest_evidence_date":"2009-08-01","latest_evidence_age_years":17.076326002587322,"dated_domains_n":2,"time_series_status":"UNKNOWN_SERIE_TEMPORAL_NAO_ADQUIRIDA"}},{"type":"Feature","geometry":{"type":"Point","coordinates":[-54.83722199999994,-22.08416699999998]},"properties":{"well_id":"3500027005","municipality":"Itaporã","hydro_unit":"Formação Serra Geral","domain":"Fraturada","layer_code":"T04","layer_name":"Evidência hidrogeológica datada","latest_evidence_date":"2009-06-08","latest_evidence_age_years":17.224172980964703,"dated_domains_n":2,"time_series_status":"UNKNOWN_SERIE_TEMPORAL_NAO_ADQUIRIDA"}},{"type":"Feature","geometry":{"type":"Point","coordinates":[-55.746388999999965,-22.478610999999944]},"properties":{"well_id":"3500027041","municipality":"Ponta Porã","hydro_unit":"Grupo Caiuá","domain":"Granular","layer_code":"T04","layer_name":"Evidência hidrogeológica datada","latest_evidence_date":"2009-08-28","latest_evidence_age_years":17.002402513398632,"dated_domains_n":2,"time_series_status":"UNKNOWN_SERIE_TEMPORAL_NAO_ADQUIRIDA"}},{"type":"Feature","geometry":{"type":"Point","coordinates":[-55.15722199999993,-21.62555599999996]},"properties":{"well_id":"3500027048","municipality":"Maracaju","hydro_unit":"Formação Serra Geral","domain":"Fraturada","layer_code":"T04","layer_name":"Evidência hidrogeológica datada","latest_evidence_date":"2009-08-27","latest_evidence_age_years":17.00514042040562,"dated_domains_n":2,"time_series_status":"UNKNOWN_SERIE_TEMPORAL_NAO_ADQUIRIDA"}},{"type":"Feature","geometry":{"type":"Point","coordinates":[-54.61805599999997,-20.434721999999965]},"properties":{"well_id":"3500027102","municipality":"Campo Grande","hydro_unit":"Formação Serra Geral","domain":"Fraturada","layer_code":"T04","layer_name":"Evidência hidrogeológica datada","latest_evidence_date":"2009-12-29","latest_evidence_age_years":16.665639951539045,"dated_domains_n":2,"time_series_status":"UNKNOWN_SERIE_TEMPORAL_NAO_ADQUIRIDA"}},{"type":"Feature","geometry":{"type":"Point","coordinates":[-54.61749999999995,-20.435555999999963]},"properties":{"well_id":"3500027104","municipality":"Campo Grande","hydro_unit":"Formação Serra Geral","domain":"Fraturada","layer_code":"T04","layer_name":"Evidência hidrogeológica datada","latest_evidence_date":"2009-12-23","latest_evidence_age_years":16.682067393580976,"dated_domains_n":2,"time_series_status":"UNKNOWN_SERIE_TEMPORAL_NAO_ADQUIRIDA"}},{"type":"Feature","geometry":{"type":"Point","coordinates":[-53.33777799999996,-22.235832999999957]},"properties":{"well_id":"3500027105","municipality":"Nova Andradina","hydro_unit":"Grupo Caiuá","domain":"Granular","layer_code":"T04","layer_name":"Evidência hidrogeológica datada","latest_evidence_date":"2010-01-20","latest_evidence_age_years":16.605405997385297,"dated_domains_n":2,"time_series_status":"UNKNOWN_SERIE_TEMPORAL_NAO_ADQUIRIDA"}},{"type":"Feature","geometry":{"type":"Point","coordinates":[-55.77555599999994,-20.471666999999968]},"properties":{"well_id":"3500027257","municipality":"Aquidauana","hydro_unit":"Formação Aquidauana","domain":"Granular","layer_code":"T04","layer_name":"Evidência hidrogeológica datada","latest_evidence_date":"2009-01-26","latest_evidence_age_years":17.588314612894173,"dated_domains_n":2,"time_series_status":"UNKNOWN_SERIE_TEMPORAL_NAO_ADQUIRIDA"}},{"type":"Feature","geometry":{"type":"Point","coordinates":[-55.16833299999996,-21.62638899999996]},"properties":{"well_id":"3500045610","municipality":"Maracaju","hydro_unit":"Formação Serra Geral","domain":"Fraturada","layer_code":"T04","layer_name":"Evidência hidrogeológica datada","latest_evidence_date":"2009-06-01","latest_evidence_age_years":17.24333833001362,"dated_domains_n":2,"time_series_status":"UNKNOWN_SERIE_TEMPORAL_NAO_ADQUIRIDA"}},{"type":"Feature","geometry":{"type":"Point","coordinates":[-53.16805599999998,-18.469721999999933]},"properties":{"well_id":"3500045633","municipality":"Costa Rica","hydro_unit":"Grupo Caiuá","domain":"Granular","layer_code":"T04","layer_name":"Evidência hidrogeológica datada","latest_evidence_date":"2012-05-25","latest_evidence_age_years":14.261757599403136,"dated_domains_n":2,"time_series_status":"UNKNOWN_SERIE_TEMPORAL_NAO_ADQUIRIDA"}},{"type":"Feature","geometry":{"type":"Point","coordinates":[-54.602499999999964,-22.864165999999955]},"properties":{"well_id":"3500023366","municipality":"Juti","hydro_unit":"Grupo Caiuá","domain":"Granular","layer_code":"T04","layer_name":"Evidência hidrogeológica datada","latest_evidence_date":"1980-09-10","latest_evidence_age_years":45.966720740330054,"dated_domains_n":2,"time_series_status":"UNKNOWN_SERIE_TEMPORAL_NAO_ADQUIRIDA"}},{"type":"Feature","geometry":{"type":"Point","coordinates":[-51.41805499999998,-20.366387999999972]},"properties":{"well_id":"3500023304","municipality":"Selvíria","hydro_unit":"Grupo Caiuá","domain":"Granular","layer_code":"T04","layer_name":"Evidência hidrogeológica datada","latest_evidence_date":"1980-04-11","latest_evidence_age_years":46.382882605392304,"dated_domains_n":2,"time_series_status":"UNKNOWN_SERIE_TEMPORAL_NAO_ADQUIRIDA"}},{"type":"Feature","geometry":{"type":"Point","coordinates":[-51.10499999999996,-20.073887999999954]},"properties":{"well_id":"3500023318","municipality":"Aparecida do Taboado","hydro_unit":"Grupo Caiuá","domain":"Granular","layer_code":"T04","layer_name":"Evidência hidrogeológica datada","latest_evidence_date":"1981-07-29","latest_evidence_age_years":45.085114684079755,"dated_domains_n":2,"time_series_status":"UNKNOWN_SERIE_TEMPORAL_NAO_ADQUIRIDA"}},{"type":"Feature","geometry":{"type":"Point","coordinates":[-55.72805499999998,-22.530832999999973]},"properties":{"well_id":"3500022743","municipality":"Ponta Porã","hydro_unit":"Grupo Caiuá","domain":"Granular","layer_code":"T04","layer_name":"Evidência hidrogeológica datada","latest_evidence_date":"2004-08-05","latest_evidence_age_years":22.06479256932038,"dated_domains_n":2,"time_series_status":"UNKNOWN_SERIE_TEMPORAL_NAO_ADQUIRIDA"}},{"type":"Feature","geometry":{"type":"Point","coordinates":[-54.36666699999995,-21.466666999999973]},"properties":{"well_id":"3500026933","municipality":"Nova Alvorada do Sul","hydro_unit":"Formação Serra Geral","domain":"Fraturada","layer_code":"T04","layer_name":"Evidência hidrogeológica datada","latest_evidence_date":"2008-10-14","latest_evidence_age_years":17.873056941620977,"dated_domains_n":2,"time_series_status":"UNKNOWN_SERIE_TEMPORAL_NAO_ADQUIRIDA"}},{"type":"Feature","geometry":{"type":"Point","coordinates":[-54.485555999999974,-22.13777799999997]},"properties":{"well_id":"3500027071","municipality":"Dourados","hydro_unit":"Formação Serra Geral","domain":"Fraturada","layer_code":"T04","layer_name":"Evidência hidrogeológica datada","latest_evidence_date":"2007-07-03","latest_evidence_age_years":19.157135327898587,"dated_domains_n":2,"time_series_status":"UNKNOWN_SERIE_TEMPORAL_NAO_ADQUIRIDA"}},{"type":"Feature","geometry":{"type":"Point","coordinates":[-51.643055999999945,-20.802221999999972]},"properties":{"well_id":"3500045601","municipality":"Três Lagoas","hydro_unit":"Depósitos aluvionares","domain":"Granular","layer_code":"T04","layer_name":"Evidência hidrogeológica datada","latest_evidence_date":"2008-10-31","latest_evidence_age_years":17.826512522502174,"dated_domains_n":2,"time_series_status":"UNKNOWN_SERIE_TEMPORAL_NAO_ADQUIRIDA"}},{"type":"Feature","geometry":{"type":"Point","coordinates":[-55.759721999999954,-20.45305499999995]},"properties":{"well_id":"3500023193","municipality":"Aquidauana","hydro_unit":"Formação Aquidauana","domain":"Granular","layer_code":"T04","layer_name":"Evidência hidrogeológica datada","latest_evidence_date":"1982-07-15","latest_evidence_age_years":44.12410932462679,"dated_domains_n":2,"time_series_status":"UNKNOWN_SERIE_TEMPORAL_NAO_ADQUIRIDA"}},{"type":"Feature","geometry":{"type":"Point","coordinates":[-52.873887999999965,-20.446665999999937]},"properties":{"well_id":"3500023125","municipality":"Água Clara","hydro_unit":"Grupo Caiuá","domain":"Granular","layer_code":"T04","layer_name":"Evidência hidrogeológica datada","latest_evidence_date":"1980-01-07","latest_evidence_age_years":46.642983771056215,"dated_domains_n":2,"time_series_status":"UNKNOWN_SERIE_TEMPORAL_NAO_ADQUIRIDA"}},{"type":"Feature","geometry":{"type":"Point","coordinates":[-54.89027699999997,-19.95305499999995]},"properties":{"well_id":"3500023213","municipality":"Rochedo","hydro_unit":"Formação Botucatu","domain":"Granular","layer_code":"T04","layer_name":"Evidência hidrogeológica datada","latest_evidence_date":"1979-05-17","latest_evidence_age_years":47.286391917698516,"dated_domains_n":2,"time_series_status":"UNKNOWN_SERIE_TEMPORAL_NAO_ADQUIRIDA"}},{"type":"Feature","geometry":{"type":"Point","coordinates":[-54.78249999999997,-22.245832999999948]},"properties":{"well_id":"3500026999","municipality":"Dourados","hydro_unit":"Formação Serra Geral","domain":"Fraturada","layer_code":"T04","layer_name":"Evidência hidrogeológica datada","latest_evidence_date":"2009-07-01","latest_evidence_age_years":17.161201119803966,"dated_domains_n":2,"time_series_status":"UNKNOWN_SERIE_TEMPORAL_NAO_ADQUIRIDA"}},{"type":"Feature","geometry":{"type":"Point","coordinates":[-51.811665999999946,-19.095554999999933]},"properties":{"well_id":"3500023326","municipality":"Cassilândia","hydro_unit":"Grupo Bauru","domain":"Granular","layer_code":"T04","layer_name":"Evidência hidrogeológica datada","latest_evidence_date":"1987-12-01","latest_evidence_age_years":38.74412205589437,"dated_domains_n":1,"time_series_status":"UNKNOWN_SERIE_TEMPORAL_NAO_ADQUIRIDA"}},{"type":"Feature","geometry":{"type":"Point","coordinates":[-52.09722199999993,-21.249999999999943]},"properties":{"well_id":"3500045686","municipality":"Brasilândia","hydro_unit":"Grupo Caiuá","domain":"Granular","layer_code":"T04","layer_name":"Evidência hidrogeológica datada","latest_evidence_date":"2010-12-10","latest_evidence_age_years":15.718324127121022,"dated_domains_n":2,"time_series_status":"UNKNOWN_SERIE_TEMPORAL_NAO_ADQUIRIDA"}},{"type":"Feature","geometry":{"type":"Point","coordinates":[-52.47249999999997,-21.74166699999995]},"properties":{"well_id":"3500045624","municipality":"Bataguassu","hydro_unit":"Grupo Caiuá","domain":"Granular","layer_code":"T04","layer_name":"Evidência hidrogeológica datada","latest_evidence_date":"2012-02-20","latest_evidence_age_years":14.521858765067044,"dated_domains_n":2,"time_series_status":"UNKNOWN_SERIE_TEMPORAL_NAO_ADQUIRIDA"}},{"type":"Feature","geometry":{"type":"Point","coordinates":[-56.256943999999976,-20.381388999999956]},"properties":{"well_id":"3500045660","municipality":"Miranda","hydro_unit":"Grupo Cuiaba","domain":"Fraturada","layer_code":"T04","layer_name":"Evidência hidrogeológica datada","latest_evidence_date":"2009-09-22","latest_evidence_age_years":16.93395483822392,"dated_domains_n":2,"time_series_status":"UNKNOWN_SERIE_TEMPORAL_NAO_ADQUIRIDA"}},{"type":"Feature","geometry":{"type":"Point","coordinates":[-52.82111099999997,-21.304443999999933]},"properties":{"well_id":"3500023284","municipality":"Santa Rita do Pardo","hydro_unit":"Grupo Caiuá","domain":"Granular","layer_code":"T04","layer_name":"Evidência hidrogeológica datada","latest_evidence_date":"1994-07-10","latest_evidence_age_years":32.1375524480311,"dated_domains_n":1,"time_series_status":"UNKNOWN_SERIE_TEMPORAL_NAO_ADQUIRIDA"}},{"type":"Feature","geometry":{"type":"Point","coordinates":[-51.665832999999964,-20.789443999999946]},"properties":{"well_id":"3500023295","municipality":"Três Lagoas","hydro_unit":"Grupo Caiuá","domain":"Granular","layer_code":"T04","layer_name":"Evidência hidrogeológica datada","latest_evidence_date":"1994-04-23","latest_evidence_age_years":32.3511091945762,"dated_domains_n":1,"time_series_status":"UNKNOWN_SERIE_TEMPORAL_NAO_ADQUIRIDA"}},{"type":"Feature","geometry":{"type":"Point","coordinates":[-55.27305499999994,-20.684165999999948]},"properties":{"well_id":"3500023196","municipality":"Dois Irmãos do Buriti","hydro_unit":"Formação Serra Geral","domain":"Fraturada","layer_code":"T04","layer_name":"Evidência hidrogeológica datada","latest_evidence_date":"2004-07-29","latest_evidence_age_years":22.0839579183693,"dated_domains_n":2,"time_series_status":"UNKNOWN_SERIE_TEMPORAL_NAO_ADQUIRIDA"}},{"type":"Feature","geometry":{"type":"Point","coordinates":[-51.09944399999995,-20.07833299999993]},"properties":{"well_id":"3500023319","municipality":"Aparecida do Taboado","hydro_unit":"Grupo Caiuá","domain":"Granular","layer_code":"T04","layer_name":"Evidência hidrogeológica datada","latest_evidence_date":"1984-03-21","latest_evidence_age_years":42.44029651532885,"dated_domains_n":2,"time_series_status":"UNKNOWN_SERIE_TEMPORAL_NAO_ADQUIRIDA"}},{"type":"Feature","geometry":{"type":"Point","coordinates":[-55.34277799999995,-20.643888999999945]},"properties":{"well_id":"3500027110","municipality":"Dois Irmãos do Buriti","hydro_unit":"Formação Serra Geral","domain":"Fraturada","layer_code":"T04","layer_name":"Evidência hidrogeológica datada","latest_evidence_date":"2009-12-11","latest_evidence_age_years":16.71492227766484,"dated_domains_n":2,"time_series_status":"UNKNOWN_SERIE_TEMPORAL_NAO_ADQUIRIDA"}},{"type":"Feature","geometry":{"type":"Point","coordinates":[-54.861388999999974,-20.436943999999983]},"properties":{"well_id":"3500027233","municipality":"Terenos","hydro_unit":"Formação Serra Geral","domain":"Fraturada","layer_code":"T04","layer_name":"Evidência hidrogeológica datada","latest_evidence_date":"2009-10-06","latest_evidence_age_years":16.89562414012608,"dated_domains_n":2,"time_series_status":"UNKNOWN_SERIE_TEMPORAL_NAO_ADQUIRIDA"}},{"type":"Feature","geometry":{"type":"Point","coordinates":[-54.55222199999997,-21.79444399999994]},"properties":{"well_id":"3500045619","municipality":"Rio Brilhante","hydro_unit":"Formação Serra Geral","domain":"Fraturada","layer_code":"T04","layer_name":"Evidência hidrogeológica datada","latest_evidence_date":"2010-01-25","latest_evidence_age_years":16.591716462350355,"dated_domains_n":2,"time_series_status":"UNKNOWN_SERIE_TEMPORAL_NAO_ADQUIRIDA"}},{"type":"Feature","geometry":{"type":"Point","coordinates":[-54.31111099999998,-21.86944399999993]},"properties":{"well_id":"3500045674","municipality":"Rio Brilhante","hydro_unit":"Formação Serra Geral","domain":"Fraturada","layer_code":"T04","layer_name":"Evidência hidrogeológica datada","latest_evidence_date":"2010-03-26","latest_evidence_age_years":16.427442041931045,"dated_domains_n":2,"time_series_status":"UNKNOWN_SERIE_TEMPORAL_NAO_ADQUIRIDA"}},{"type":"Feature","geometry":{"type":"Point","coordinates":[-54.62416699999994,-20.53527799999995]},"properties":{"well_id":"3500045679","municipality":"Campo Grande","hydro_unit":"Formação Serra Geral","domain":"Fraturada","layer_code":"T04","layer_name":"Evidência hidrogeológica datada","latest_evidence_date":"2008-01-01","latest_evidence_age_years":18.658836252626678,"dated_domains_n":2,"time_series_status":"UNKNOWN_SERIE_TEMPORAL_NAO_ADQUIRIDA"}},{"type":"Feature","geometry":{"type":"Point","coordinates":[-56.70027799999997,-20.133332999999936]},"properties":{"well_id":"3500045684","municipality":"Miranda","hydro_unit":"Formação Pantanal","domain":"Granular","layer_code":"T04","layer_name":"Evidência hidrogeológica datada","latest_evidence_date":"2010-03-04","latest_evidence_age_years":16.487675996084793,"dated_domains_n":2,"time_series_status":"UNKNOWN_SERIE_TEMPORAL_NAO_ADQUIRIDA"}},{"type":"Feature","geometry":{"type":"Point","coordinates":[-54.89138899999995,-20.35583299999996]},"properties":{"well_id":"3500045688","municipality":"Terenos","hydro_unit":"Formação Serra Geral","domain":"Fraturada","layer_code":"T04","layer_name":"Evidência hidrogeológica datada","latest_evidence_date":"2011-06-21","latest_evidence_age_years":15.18990807477224,"dated_domains_n":2,"time_series_status":"UNKNOWN_SERIE_TEMPORAL_NAO_ADQUIRIDA"}},{"type":"Feature","geometry":{"type":"Point","coordinates":[-51.829999999999984,-20.98194399999994]},"properties":{"well_id":"3500045706","municipality":"Três Lagoas","hydro_unit":"Grupo Caiuá","domain":"Granular","layer_code":"T04","layer_name":"Evidência hidrogeológica datada","latest_evidence_date":"2012-10-03","latest_evidence_age_years":13.90309178148764,"dated_domains_n":2,"time_series_status":"UNKNOWN_SERIE_TEMPORAL_NAO_ADQUIRIDA"}},{"type":"Feature","geometry":{"type":"Point","coordinates":[-51.822499999999934,-20.993888999999967]},"properties":{"well_id":"3500045712","municipality":"Três Lagoas","hydro_unit":"Grupo Caiuá","domain":"Granular","layer_code":"T04","layer_name":"Evidência hidrogeológica datada","latest_evidence_date":"2012-08-27","latest_evidence_age_years":14.004394340746217,"dated_domains_n":2,"time_series_status":"UNKNOWN_SERIE_TEMPORAL_NAO_ADQUIRIDA"}},{"type":"Feature","geometry":{"type":"Point","coordinates":[-54.788332999999966,-22.312499999999943]},"properties":{"well_id":"3500053079","municipality":"Dourados","hydro_unit":"Formação Serra Geral","domain":"Fraturada","layer_code":"T04","layer_name":"Evidência hidrogeológica datada","latest_evidence_date":"2007-06-11","latest_evidence_age_years":19.217369282052335,"dated_domains_n":2,"time_series_status":"UNKNOWN_SERIE_TEMPORAL_NAO_ADQUIRIDA"}},{"type":"Feature","geometry":{"type":"Point","coordinates":[-54.791110999999944,-22.676388999999972]},"properties":{"well_id":"3500053089","municipality":"Caarapó","hydro_unit":"Grupo Caiuá","domain":"Granular","layer_code":"T04","layer_name":"Evidência hidrogeológica datada","latest_evidence_date":"2010-01-01","latest_evidence_age_years":16.65742623051808,"dated_domains_n":2,"time_series_status":"UNKNOWN_SERIE_TEMPORAL_NAO_ADQUIRIDA"}},{"type":"Feature","geometry":{"type":"Point","coordinates":[-54.559166999999945,-20.459443999999962]},"properties":{"well_id":"3500065030","municipality":"Campo Grande","hydro_unit":"Formação Serra Geral","domain":"Fraturada","layer_code":"T04","layer_name":"Evidência hidrogeológica datada","latest_evidence_date":"2016-07-01","latest_evidence_age_years":10.160372902934352,"dated_domains_n":2,"time_series_status":"UNKNOWN_SERIE_TEMPORAL_NAO_ADQUIRIDA"}},{"type":"Feature","geometry":{"type":"Point","coordinates":[-54.57583299999993,-20.464443999999958]},"properties":{"well_id":"3500065032","municipality":"Campo Grande","hydro_unit":"Formação Serra Geral","domain":"Fraturada","layer_code":"T04","layer_name":"Evidência hidrogeológica datada","latest_evidence_date":"2016-04-01","latest_evidence_age_years":10.409522440570306,"dated_domains_n":2,"time_series_status":"UNKNOWN_SERIE_TEMPORAL_NAO_ADQUIRIDA"}},{"type":"Feature","geometry":{"type":"Point","coordinates":[-53.59694399999995,-22.383055999999954]},"properties":{"well_id":"3500065061","municipality":"Ivinhema","hydro_unit":"Grupo Caiuá","domain":"Granular","layer_code":"T04","layer_name":"Evidência hidrogeológica datada","latest_evidence_date":"2015-11-23","latest_evidence_age_years":10.765450351478812,"dated_domains_n":2,"time_series_status":"UNKNOWN_SERIE_TEMPORAL_NAO_ADQUIRIDA"}},{"type":"Feature","geometry":{"type":"Point","coordinates":[-53.850277999999946,-22.655555999999933]},"properties":{"well_id":"3500065065","municipality":"Novo Horizonte do Sul","hydro_unit":"Grupo Caiuá","domain":"Granular","layer_code":"T04","layer_name":"Evidência hidrogeológica datada","latest_evidence_date":"2015-11-23","latest_evidence_age_years":10.765450351478812,"dated_domains_n":2,"time_series_status":"UNKNOWN_SERIE_TEMPORAL_NAO_ADQUIRIDA"}},{"type":"Feature","geometry":{"type":"Point","coordinates":[-54.535555999999985,-21.808888999999965]},"properties":{"well_id":"3500065069","municipality":"Rio Brilhante","hydro_unit":"Formação Serra Geral","domain":"Fraturada","layer_code":"T04","layer_name":"Evidência hidrogeológica datada","latest_evidence_date":"2016-01-12","latest_evidence_age_years":10.628555001129387,"dated_domains_n":2,"time_series_status":"UNKNOWN_SERIE_TEMPORAL_NAO_ADQUIRIDA"}},{"type":"Feature","geometry":{"type":"Point","coordinates":[-51.414999999999964,-20.359721999999977]},"properties":{"well_id":"3500065074","municipality":"Selvíria","hydro_unit":"Grupo Caiuá","domain":"Granular","layer_code":"T04","layer_name":"Evidência hidrogeológica datada","latest_evidence_date":"2016-07-27","latest_evidence_age_years":10.08918732075265,"dated_domains_n":2,"time_series_status":"UNKNOWN_SERIE_TEMPORAL_NAO_ADQUIRIDA"}},{"type":"Feature","geometry":{"type":"Point","coordinates":[-53.63777799999997,-18.676943999999935]},"properties":{"well_id":"3500065056","municipality":"Figueirão","hydro_unit":"Formação Botucatu","domain":"Granular","layer_code":"T04","layer_name":"Evidência hidrogeológica datada","latest_evidence_date":"2016-07-04","latest_evidence_age_years":10.152159181913387,"dated_domains_n":2,"time_series_status":"UNKNOWN_SERIE_TEMPORAL_NAO_ADQUIRIDA"}},{"type":"Feature","geometry":{"type":"Point","coordinates":[-52.87583299999994,-20.43027799999993]},"properties":{"well_id":"3500064999","municipality":"Água Clara","hydro_unit":"Grupo Caiuá","domain":"Granular","layer_code":"T04","layer_name":"Evidência hidrogeológica datada","latest_evidence_date":"2016-01-19","latest_evidence_age_years":10.609389652080466,"dated_domains_n":2,"time_series_status":"UNKNOWN_SERIE_TEMPORAL_NAO_ADQUIRIDA"}},{"type":"Feature","geometry":{"type":"Point","coordinates":[-52.87472199999996,-20.43999999999994]},"properties":{"well_id":"3500065000","municipality":"Água Clara","hydro_unit":"Grupo Caiuá","domain":"Granular","layer_code":"T04","layer_name":"Evidência hidrogeológica datada","latest_evidence_date":"2015-09-15","latest_evidence_age_years":10.954365934961018,"dated_domains_n":2,"time_series_status":"UNKNOWN_SERIE_TEMPORAL_NAO_ADQUIRIDA"}},{"type":"Feature","geometry":{"type":"Point","coordinates":[-52.87277799999998,-20.445832999999936]},"properties":{"well_id":"3500065003","municipality":"Água Clara","hydro_unit":"Grupo Caiuá","domain":"Granular","layer_code":"T04","layer_name":"Evidência hidrogeológica datada","latest_evidence_date":"2015-09-15","latest_evidence_age_years":10.954365934961018,"dated_domains_n":2,"time_series_status":"UNKNOWN_SERIE_TEMPORAL_NAO_ADQUIRIDA"}},{"type":"Feature","geometry":{"type":"Point","coordinates":[-52.41777799999994,-21.722499999999968]},"properties":{"well_id":"3500065015","municipality":"Bataguassu","hydro_unit":"Grupo Caiuá","domain":"Granular","layer_code":"T04","layer_name":"Evidência hidrogeológica datada","latest_evidence_date":"2016-10-18","latest_evidence_age_years":9.861941039172605,"dated_domains_n":2,"time_series_status":"UNKNOWN_SERIE_TEMPORAL_NAO_ADQUIRIDA"}},{"type":"Feature","geometry":{"type":"Point","coordinates":[-56.45027799999997,-21.13999999999993]},"properties":{"well_id":"3500065019","municipality":"Bonito","hydro_unit":"Grupo Cuiaba","domain":"Cárstica","layer_code":"T04","layer_name":"Evidência hidrogeológica datada","latest_evidence_date":"2016-03-28","latest_evidence_age_years":10.42047406859826,"dated_domains_n":2,"time_series_status":"UNKNOWN_SERIE_TEMPORAL_NAO_ADQUIRIDA"}},{"type":"Feature","geometry":{"type":"Point","coordinates":[-56.49555499999997,-21.122499999999945]},"properties":{"well_id":"3500022773","municipality":"Bonito","hydro_unit":"Grupo Cuiaba","domain":"Fraturada","layer_code":"T04","layer_name":"Evidência hidrogeológica datada","latest_evidence_date":"2003-09-11","latest_evidence_age_years":22.965563974619602,"dated_domains_n":1,"time_series_status":"UNKNOWN_SERIE_TEMPORAL_NAO_ADQUIRIDA"}},{"type":"Feature","geometry":{"type":"Point","coordinates":[-53.38555599999995,-22.286666999999966]},"properties":{"well_id":"3500026927","municipality":"Nova Andradina","hydro_unit":"Grupo Caiuá","domain":"Granular","layer_code":"T04","layer_name":"Evidência hidrogeológica datada","latest_evidence_date":"2008-09-22","latest_evidence_age_years":17.933290895774725,"dated_domains_n":3,"time_series_status":"UNKNOWN_SERIE_TEMPORAL_NAO_ADQUIRIDA"}},{"type":"Feature","geometry":{"type":"Point","coordinates":[-53.75166699999994,-22.271388999999942]},"properties":{"well_id":"3500026942","municipality":"Ivinhema","hydro_unit":"Grupo Caiuá","domain":"Granular","layer_code":"T04","layer_name":"Evidência hidrogeológica datada","latest_evidence_date":"2008-12-05","latest_evidence_age_years":17.730685777257577,"dated_domains_n":2,"time_series_status":"UNKNOWN_SERIE_TEMPORAL_NAO_ADQUIRIDA"}},{"type":"Feature","geometry":{"type":"Point","coordinates":[-54.19111099999998,-23.101388999999983]},"properties":{"well_id":"3500026955","municipality":"Naviraí","hydro_unit":"Grupo Caiuá","domain":"Granular","layer_code":"T04","layer_name":"Evidência hidrogeológica datada","latest_evidence_date":"2009-01-12","latest_evidence_age_years":17.62664531099201,"dated_domains_n":2,"time_series_status":"UNKNOWN_SERIE_TEMPORAL_NAO_ADQUIRIDA"}},{"type":"Feature","geometry":{"type":"Point","coordinates":[-54.12944399999998,-22.187499999999943]},"properties":{"well_id":"3500026961","municipality":"Deodápolis","hydro_unit":"Grupo Caiuá","domain":"Granular","layer_code":"T04","layer_name":"Evidência hidrogeológica datada","latest_evidence_date":"2006-10-26","latest_evidence_age_years":19.841612079645714,"dated_domains_n":2,"time_series_status":"UNKNOWN_SERIE_TEMPORAL_NAO_ADQUIRIDA"}},{"type":"Feature","geometry":{"type":"Point","coordinates":[-53.256666999999936,-21.757221999999956]},"properties":{"well_id":"3500026969","municipality":"Nova Andradina","hydro_unit":"Grupo Caiuá","domain":"Granular","layer_code":"T04","layer_name":"Evidência hidrogeológica datada","latest_evidence_date":"2008-12-08","latest_evidence_age_years":17.722472056236608,"dated_domains_n":2,"time_series_status":"UNKNOWN_SERIE_TEMPORAL_NAO_ADQUIRIDA"}},{"type":"Feature","geometry":{"type":"Point","coordinates":[-54.49222199999997,-21.890277999999967]},"properties":{"well_id":"3500026978","municipality":"Rio Brilhante","hydro_unit":"Formação Serra Geral","domain":"Fraturada","layer_code":"T04","layer_name":"Evidência hidrogeológica datada","latest_evidence_date":"2008-10-16","latest_evidence_age_years":17.867581127607,"dated_domains_n":2,"time_series_status":"UNKNOWN_SERIE_TEMPORAL_NAO_ADQUIRIDA"}},{"type":"Feature","geometry":{"type":"Point","coordinates":[-54.841110999999955,-20.495277999999928]},"properties":{"well_id":"3500026995","municipality":"Terenos","hydro_unit":"Formação Serra Geral","domain":"Fraturada","layer_code":"T04","layer_name":"Evidência hidrogeológica datada","latest_evidence_date":"2009-06-01","latest_evidence_age_years":17.24333833001362,"dated_domains_n":2,"time_series_status":"UNKNOWN_SERIE_TEMPORAL_NAO_ADQUIRIDA"}},{"type":"Feature","geometry":{"type":"Point","coordinates":[-57.639166999999986,-19.173888999999974]},"properties":{"well_id":"3500026996","municipality":"Ladário","hydro_unit":"Embasamento Indiferenciado","domain":"Fraturada","layer_code":"T04","layer_name":"Evidência hidrogeológica datada","latest_evidence_date":"2006-10-03","latest_evidence_age_years":19.90458394080645,"dated_domains_n":2,"time_series_status":"UNKNOWN_SERIE_TEMPORAL_NAO_ADQUIRIDA"}},{"type":"Feature","geometry":{"type":"Point","coordinates":[-54.58722199999994,-20.63638899999995]},"properties":{"well_id":"3500027021","municipality":"Campo Grande","hydro_unit":"Formação Serra Geral","domain":"Fraturada","layer_code":"T04","layer_name":"Evidência hidrogeológica datada","latest_evidence_date":"2009-09-03","latest_evidence_age_years":16.9859750713567,"dated_domains_n":2,"time_series_status":"UNKNOWN_SERIE_TEMPORAL_NAO_ADQUIRIDA"}},{"type":"Feature","geometry":{"type":"Point","coordinates":[-51.66888899999998,-20.77277799999996]},"properties":{"well_id":"3500027029","municipality":"Três Lagoas","hydro_unit":"Formação Serra Geral","domain":"Fraturada","layer_code":"T04","layer_name":"Evidência hidrogeológica datada","latest_evidence_date":"2009-06-30","latest_evidence_age_years":17.163939026810954,"dated_domains_n":2,"time_series_status":"UNKNOWN_SERIE_TEMPORAL_NAO_ADQUIRIDA"}},{"type":"Feature","geometry":{"type":"Point","coordinates":[-54.79944399999994,-22.228610999999944]},"properties":{"well_id":"3500027062","municipality":"Dourados","hydro_unit":"Formação Serra Geral","domain":"Fraturada","layer_code":"T04","layer_name":"Evidência hidrogeológica datada","latest_evidence_date":"2008-04-08","latest_evidence_age_years":18.390521365941805,"dated_domains_n":2,"time_series_status":"UNKNOWN_SERIE_TEMPORAL_NAO_ADQUIRIDA"}},{"type":"Feature","geometry":{"type":"Point","coordinates":[-53.340832999999975,-22.25472199999996]},"properties":{"well_id":"3500027090","municipality":"Nova Andradina","hydro_unit":"Grupo Caiuá","domain":"Granular","layer_code":"T04","layer_name":"Evidência hidrogeológica datada","latest_evidence_date":"2009-07-06","latest_evidence_age_years":17.147511584769024,"dated_domains_n":2,"time_series_status":"UNKNOWN_SERIE_TEMPORAL_NAO_ADQUIRIDA"}},{"type":"Feature","geometry":{"type":"Point","coordinates":[-53.414443999999946,-21.990277999999932]},"properties":{"well_id":"3500027146","municipality":"Nova Andradina","hydro_unit":"Grupo Caiuá","domain":"Granular","layer_code":"T04","layer_name":"Evidência hidrogeológica datada","latest_evidence_date":"2009-10-01","latest_evidence_age_years":16.909313675161023,"dated_domains_n":2,"time_series_status":"UNKNOWN_SERIE_TEMPORAL_NAO_ADQUIRIDA"}},{"type":"Feature","geometry":{"type":"Point","coordinates":[-54.60944399999994,-20.552221999999972]},"properties":{"well_id":"3500027170","municipality":"Campo Grande","hydro_unit":"Formação Serra Geral","domain":"Fraturada","layer_code":"T04","layer_name":"Evidência hidrogeológica datada","latest_evidence_date":"2009-08-28","latest_evidence_age_years":17.002402513398632,"dated_domains_n":2,"time_series_status":"UNKNOWN_SERIE_TEMPORAL_NAO_ADQUIRIDA"}},{"type":"Feature","geometry":{"type":"Point","coordinates":[-54.340832999999975,-18.837777999999958]},"properties":{"well_id":"3500027287","municipality":"São Gabriel do Oeste","hydro_unit":"Formação Botucatu","domain":"Granular","layer_code":"T04","layer_name":"Evidência hidrogeológica datada","latest_evidence_date":"2010-03-15","latest_evidence_age_years":16.45755901900792,"dated_domains_n":2,"time_series_status":"UNKNOWN_SERIE_TEMPORAL_NAO_ADQUIRIDA"}},{"type":"Feature","geometry":{"type":"Point","coordinates":[-54.96944399999995,-22.88777799999997]},"properties":{"well_id":"3500045235","municipality":"Laguna Carapã","hydro_unit":"Formação Serra Geral","domain":"Fraturada","layer_code":"T04","layer_name":"Evidência hidrogeológica datada","latest_evidence_date":"2009-07-15","latest_evidence_age_years":17.122870421706125,"dated_domains_n":2,"time_series_status":"UNKNOWN_SERIE_TEMPORAL_NAO_ADQUIRIDA"}},{"type":"Feature","geometry":{"type":"Point","coordinates":[-52.72361099999995,-18.744721999999967]},"properties":{"well_id":"3500053096","municipality":"Chapadão do Sul","hydro_unit":"Formação Cachoeirinha","domain":"Granular","layer_code":"T04","layer_name":"Evidência hidrogeológica datada","latest_evidence_date":"2007-12-14","latest_evidence_age_years":18.708118578752472,"dated_domains_n":2,"time_series_status":"UNKNOWN_SERIE_TEMPORAL_NAO_ADQUIRIDA"}},{"type":"Feature","geometry":{"type":"Point","coordinates":[-51.41722199999998,-20.364999999999952]},"properties":{"well_id":"3500045614","municipality":"Selvíria","hydro_unit":"Grupo Caiuá","domain":"Granular","layer_code":"T04","layer_name":"Evidência hidrogeológica datada","latest_evidence_date":"2010-01-25","latest_evidence_age_years":16.591716462350355,"dated_domains_n":2,"time_series_status":"UNKNOWN_SERIE_TEMPORAL_NAO_ADQUIRIDA"}},{"type":"Feature","geometry":{"type":"Point","coordinates":[-52.87055499999997,-20.444721999999956]},"properties":{"well_id":"3500023128","municipality":"Água Clara","hydro_unit":"Grupo Caiuá","domain":"Granular","layer_code":"T04","layer_name":"Evidência hidrogeológica datada","latest_evidence_date":"1980-01-07","latest_evidence_age_years":46.642983771056215,"dated_domains_n":2,"time_series_status":"UNKNOWN_SERIE_TEMPORAL_NAO_ADQUIRIDA"}},{"type":"Feature","geometry":{"type":"Point","coordinates":[-52.71249999999998,-22.184443999999928]},"properties":{"well_id":"3500023181","municipality":"Anaurilândia","hydro_unit":"Grupo Caiuá","domain":"Granular","layer_code":"T04","layer_name":"Evidência hidrogeológica datada","latest_evidence_date":"1996-03-15","latest_evidence_age_years":30.456477545740157,"dated_domains_n":2,"time_series_status":"UNKNOWN_SERIE_TEMPORAL_NAO_ADQUIRIDA"}},{"type":"Feature","geometry":{"type":"Point","coordinates":[-53.56361099999998,-22.64972199999994]},"properties":{"well_id":"3500045642","municipality":"Novo Horizonte do Sul","hydro_unit":"Depósitos aluvionares","domain":"Granular","layer_code":"T04","layer_name":"Evidência hidrogeológica datada","latest_evidence_date":"2011-11-17","latest_evidence_age_years":14.781959930730952,"dated_domains_n":2,"time_series_status":"UNKNOWN_SERIE_TEMPORAL_NAO_ADQUIRIDA"}},{"type":"Feature","geometry":{"type":"Point","coordinates":[-52.87972199999996,-20.444999999999936]},"properties":{"well_id":"3500023127","municipality":"Água Clara","hydro_unit":"Grupo Caiuá","domain":"Granular","layer_code":"T04","layer_name":"Evidência hidrogeológica datada","latest_evidence_date":"1980-01-18","latest_evidence_age_years":46.61286679397934,"dated_domains_n":2,"time_series_status":"UNKNOWN_SERIE_TEMPORAL_NAO_ADQUIRIDA"}},{"type":"Feature","geometry":{"type":"Point","coordinates":[-54.49138899999997,-20.93111099999993]},"properties":{"well_id":"3500045552","municipality":"Campo Grande","hydro_unit":"Formação Serra Geral","domain":"Fraturada","layer_code":"T04","layer_name":"Evidência hidrogeológica datada","latest_evidence_date":"2010-04-30","latest_evidence_age_years":16.331615296686447,"dated_domains_n":2,"time_series_status":"UNKNOWN_SERIE_TEMPORAL_NAO_ADQUIRIDA"}},{"type":"Feature","geometry":{"type":"Point","coordinates":[-54.62416699999994,-20.413888999999926]},"properties":{"well_id":"3500045698","municipality":"Campo Grande","hydro_unit":"Formação Serra Geral","domain":"Fraturada","layer_code":"T04","layer_name":"Evidência hidrogeológica datada","latest_evidence_date":"2009-09-10","latest_evidence_age_years":16.966809722307783,"dated_domains_n":2,"time_series_status":"UNKNOWN_SERIE_TEMPORAL_NAO_ADQUIRIDA"}},{"type":"Feature","geometry":{"type":"Point","coordinates":[-54.67861099999993,-20.557221999999967]},"properties":{"well_id":"3500045627","municipality":"Campo Grande","hydro_unit":"Formação Serra Geral","domain":"Fraturada","layer_code":"T04","layer_name":"Evidência hidrogeológica datada","latest_evidence_date":"2008-04-18","latest_evidence_age_years":18.36314229587192,"dated_domains_n":2,"time_series_status":"UNKNOWN_SERIE_TEMPORAL_NAO_ADQUIRIDA"}},{"type":"Feature","geometry":{"type":"Point","coordinates":[-51.82555599999995,-20.985277999999937]},"properties":{"well_id":"3500045710","municipality":"Três Lagoas","hydro_unit":"Grupo Caiuá","domain":"Granular","layer_code":"T04","layer_name":"Evidência hidrogeológica datada","latest_evidence_date":"2012-09-20","latest_evidence_age_years":13.938684572578492,"dated_domains_n":2,"time_series_status":"UNKNOWN_SERIE_TEMPORAL_NAO_ADQUIRIDA"}},{"type":"Feature","geometry":{"type":"Point","coordinates":[-56.14138799999995,-21.490832999999952]},"properties":{"well_id":"3500023347","municipality":"Jardim","hydro_unit":"Formação Aquidauana","domain":"Granular","layer_code":"T04","layer_name":"Evidência hidrogeológica datada","latest_evidence_date":"1988-10-20","latest_evidence_age_years":37.8570401856301,"dated_domains_n":1,"time_series_status":"UNKNOWN_SERIE_TEMPORAL_NAO_ADQUIRIDA"}},{"type":"Feature","geometry":{"type":"Point","coordinates":[-53.89861099999996,-22.38777799999997]},"properties":{"well_id":"3500045702","municipality":"Ivinhema","hydro_unit":"Grupo Caiuá","domain":"Granular","layer_code":"T04","layer_name":"Evidência hidrogeológica datada","latest_evidence_date":"2012-10-02","latest_evidence_age_years":13.90582968849463,"dated_domains_n":2,"time_series_status":"UNKNOWN_SERIE_TEMPORAL_NAO_ADQUIRIDA"}},{"type":"Feature","geometry":{"type":"Point","coordinates":[-54.61805599999997,-20.436943999999983]},"properties":{"well_id":"3500027103","municipality":"Campo Grande","hydro_unit":"Formação Serra Geral","domain":"Fraturada","layer_code":"T04","layer_name":"Evidência hidrogeológica datada","latest_evidence_date":"2009-12-23","latest_evidence_age_years":16.682067393580976,"dated_domains_n":2,"time_series_status":"UNKNOWN_SERIE_TEMPORAL_NAO_ADQUIRIDA"}},{"type":"Feature","geometry":{"type":"Point","coordinates":[-54.52222199999994,-22.372499999999945]},"properties":{"well_id":"3500027251","municipality":"Fátima do Sul","hydro_unit":"Formação Serra Geral","domain":"Fraturada","layer_code":"T04","layer_name":"Evidência hidrogeológica datada","latest_evidence_date":"2010-10-25","latest_evidence_age_years":15.844267849442494,"dated_domains_n":2,"time_series_status":"UNKNOWN_SERIE_TEMPORAL_NAO_ADQUIRIDA"}},{"type":"Feature","geometry":{"type":"Point","coordinates":[-54.54249999999996,-20.423610999999937]},"properties":{"well_id":"3500045340","municipality":"Campo Grande","hydro_unit":"Grupo Caiuá","domain":"Granular","layer_code":"T04","layer_name":"Evidência hidrogeológica datada","latest_evidence_date":"2010-11-29","latest_evidence_age_years":15.748441104197896,"dated_domains_n":2,"time_series_status":"UNKNOWN_SERIE_TEMPORAL_NAO_ADQUIRIDA"}},{"type":"Feature","geometry":{"type":"Point","coordinates":[-55.207776999999965,-23.061665999999946]},"properties":{"well_id":"3500023149","municipality":"Amambai","hydro_unit":"Formação Serra Geral","domain":"Fraturada","layer_code":"T04","layer_name":"Evidência hidrogeológica datada","latest_evidence_date":"1994-04-08","latest_evidence_age_years":32.392177799681036,"dated_domains_n":1,"time_series_status":"UNKNOWN_SERIE_TEMPORAL_NAO_ADQUIRIDA"}},{"type":"Feature","geometry":{"type":"Point","coordinates":[-51.927776999999935,-19.73333299999996]},"properties":{"well_id":"3500022587","municipality":"Inocência","hydro_unit":"Grupo Bauru","domain":"Granular","layer_code":"T04","layer_name":"Evidência hidrogeológica datada","latest_evidence_date":"2005-10-22","latest_evidence_age_years":20.851899765224474,"dated_domains_n":2,"time_series_status":"UNKNOWN_SERIE_TEMPORAL_NAO_ADQUIRIDA"}},{"type":"Feature","geometry":{"type":"Point","coordinates":[-54.68138899999997,-20.55472199999997]},"properties":{"well_id":"3500026993","municipality":"Campo Grande","hydro_unit":"Formação Serra Geral","domain":"Fraturada","layer_code":"T04","layer_name":"Evidência hidrogeológica datada","latest_evidence_date":"2009-07-07","latest_evidence_age_years":17.144773677762036,"dated_domains_n":2,"time_series_status":"UNKNOWN_SERIE_TEMPORAL_NAO_ADQUIRIDA"}},{"type":"Feature","geometry":{"type":"Point","coordinates":[-54.60861099999994,-20.551943999999935]},"properties":{"well_id":"3500022918","municipality":"Campo Grande","hydro_unit":"Formação Serra Geral","domain":"Fraturada","layer_code":"T04","layer_name":"Evidência hidrogeológica datada","latest_evidence_date":"2003-08-20","latest_evidence_age_years":23.02579792877335,"dated_domains_n":2,"time_series_status":"UNKNOWN_SERIE_TEMPORAL_NAO_ADQUIRIDA"}},{"type":"Feature","geometry":{"type":"Point","coordinates":[-55.23638799999998,-23.09722199999993]},"properties":{"well_id":"3500022684","municipality":"Amambai","hydro_unit":"Formação Serra Geral","domain":"Fraturada","layer_code":"T04","layer_name":"Evidência hidrogeológica datada","latest_evidence_date":"2004-08-05","latest_evidence_age_years":22.06479256932038,"dated_domains_n":2,"time_series_status":"UNKNOWN_SERIE_TEMPORAL_NAO_ADQUIRIDA"}},{"type":"Feature","geometry":{"type":"Point","coordinates":[-55.165832999999964,-22.52638799999994]},"properties":{"well_id":"3500022712","municipality":"Laguna Carapã","hydro_unit":"Formação Serra Geral","domain":"Fraturada","layer_code":"T04","layer_name":"Evidência hidrogeológica datada","latest_evidence_date":"2004-08-04","latest_evidence_age_years":22.06753047632737,"dated_domains_n":2,"time_series_status":"UNKNOWN_SERIE_TEMPORAL_NAO_ADQUIRIDA"}},{"type":"Feature","geometry":{"type":"Point","coordinates":[-55.35499999999996,-22.08611099999996]},"properties":{"well_id":"3500065128","municipality":"Dourados","hydro_unit":"Grupo Caiuá","domain":"Granular","layer_code":"T04","layer_name":"Evidência hidrogeológica datada","latest_evidence_date":"2019-09-09","latest_evidence_age_years":6.97071123979274,"dated_domains_n":2,"time_series_status":"UNKNOWN_SERIE_TEMPORAL_NAO_ADQUIRIDA"}},{"type":"Feature","geometry":{"type":"Point","coordinates":[-51.665277999999944,-20.788888999999926]},"properties":{"well_id":"3500045613","municipality":"Três Lagoas","hydro_unit":"Formação Serra Geral","domain":"Fraturada","layer_code":"T04","layer_name":"Evidência hidrogeológica datada","latest_evidence_date":"2010-01-25","latest_evidence_age_years":16.591716462350355,"dated_domains_n":2,"time_series_status":"UNKNOWN_SERIE_TEMPORAL_NAO_ADQUIRIDA"}},{"type":"Feature","geometry":{"type":"Point","coordinates":[-56.350277999999946,-19.966666999999973]},"properties":{"well_id":"3500053087","municipality":"Miranda","hydro_unit":"Grupo Cuiaba","domain":"Fraturada","layer_code":"T04","layer_name":"Evidência hidrogeológica datada","latest_evidence_date":"2009-09-08","latest_evidence_age_years":16.97228553632176,"dated_domains_n":2,"time_series_status":"UNKNOWN_SERIE_TEMPORAL_NAO_ADQUIRIDA"}},{"type":"Feature","geometry":{"type":"Point","coordinates":[-54.69055599999996,-22.614443999999935]},"properties":{"well_id":"3500045634","municipality":"Caarapó","hydro_unit":"Grupo Caiuá","domain":"Granular","layer_code":"T04","layer_name":"Evidência hidrogeológica datada","latest_evidence_date":"2009-06-08","latest_evidence_age_years":17.224172980964703,"dated_domains_n":2,"time_series_status":"UNKNOWN_SERIE_TEMPORAL_NAO_ADQUIRIDA"}},{"type":"Feature","geometry":{"type":"Point","coordinates":[-54.571387999999956,-19.39138799999995]},"properties":{"well_id":"3500023233","municipality":"São Gabriel do Oeste","hydro_unit":"Grupo Bauru","domain":"Granular","layer_code":"T04","layer_name":"Evidência hidrogeológica datada","latest_evidence_date":"1998-05-02","latest_evidence_age_years":28.3263858943031,"dated_domains_n":2,"time_series_status":"UNKNOWN_SERIE_TEMPORAL_NAO_ADQUIRIDA"}},{"type":"Feature","geometry":{"type":"Point","coordinates":[-51.53277799999995,-20.476388999999926]},"properties":{"well_id":"3500045641","municipality":"Selvíria","hydro_unit":"Grupo Caiuá","domain":"Granular","layer_code":"T04","layer_name":"Evidência hidrogeológica datada","latest_evidence_date":"2009-10-21","latest_evidence_age_years":16.85455553502125,"dated_domains_n":2,"time_series_status":"UNKNOWN_SERIE_TEMPORAL_NAO_ADQUIRIDA"}},{"type":"Feature","geometry":{"type":"Point","coordinates":[-55.634999999999934,-22.94388799999996]},"properties":{"well_id":"3500023156","municipality":"Aral Moreira","hydro_unit":"Formação Serra Geral","domain":"Fraturada","layer_code":"T04","layer_name":"Evidência hidrogeológica datada","latest_evidence_date":"1980-07-14","latest_evidence_age_years":46.12551934673539,"dated_domains_n":2,"time_series_status":"UNKNOWN_SERIE_TEMPORAL_NAO_ADQUIRIDA"}},{"type":"Feature","geometry":{"type":"Point","coordinates":[-57.61944399999999,-19.037777999999946]},"properties":{"well_id":"3500065063","municipality":"Ladário","hydro_unit":"Grupo Corumbá","domain":"Cárstica","layer_code":"T04","layer_name":"Evidência hidrogeológica datada","latest_evidence_date":"2016-05-05","latest_evidence_age_years":10.316433602332697,"dated_domains_n":2,"time_series_status":"UNKNOWN_SERIE_TEMPORAL_NAO_ADQUIRIDA"}},{"type":"Feature","geometry":{"type":"Point","coordinates":[-51.84305599999993,-20.99277799999993]},"properties":{"well_id":"3500045704","municipality":"Três Lagoas","hydro_unit":"Grupo Caiuá","domain":"Granular","layer_code":"T04","layer_name":"Evidência hidrogeológica datada","latest_evidence_date":"2012-07-02","latest_evidence_age_years":14.157717133137572,"dated_domains_n":2,"time_series_status":"UNKNOWN_SERIE_TEMPORAL_NAO_ADQUIRIDA"}},{"type":"Feature","geometry":{"type":"Point","coordinates":[-54.54388899999998,-20.500832999999943]},"properties":{"well_id":"3500065035","municipality":"Campo Grande","hydro_unit":"Formação Serra Geral","domain":"Fraturada","layer_code":"T04","layer_name":"Evidência hidrogeológica datada","latest_evidence_date":"2016-06-15","latest_evidence_age_years":10.204179415046168,"dated_domains_n":2,"time_series_status":"UNKNOWN_SERIE_TEMPORAL_NAO_ADQUIRIDA"}},{"type":"Feature","geometry":{"type":"Point","coordinates":[-54.64055599999995,-20.48333299999996]},"properties":{"well_id":"3500065037","municipality":"Campo Grande","hydro_unit":"Formação Serra Geral","domain":"Fraturada","layer_code":"T04","layer_name":"Evidência hidrogeológica datada","latest_evidence_date":"2016-04-15","latest_evidence_age_years":10.371191742472467,"dated_domains_n":2,"time_series_status":"UNKNOWN_SERIE_TEMPORAL_NAO_ADQUIRIDA"}},{"type":"Feature","geometry":{"type":"Point","coordinates":[-54.61666699999995,-20.51499999999993]},"properties":{"well_id":"3500065042","municipality":"Campo Grande","hydro_unit":"Formação Serra Geral","domain":"Fraturada","layer_code":"T04","layer_name":"Evidência hidrogeológica datada","latest_evidence_date":"2016-07-11","latest_evidence_age_years":10.132993832864466,"dated_domains_n":2,"time_series_status":"UNKNOWN_SERIE_TEMPORAL_NAO_ADQUIRIDA"}},{"type":"Feature","geometry":{"type":"Point","coordinates":[-54.16888899999998,-22.288332999999966]},"properties":{"well_id":"3500065052","municipality":"Deodápolis","hydro_unit":"Grupo Caiuá","domain":"Granular","layer_code":"T04","layer_name":"Evidência hidrogeológica datada","latest_evidence_date":"2015-09-22","latest_evidence_age_years":10.9352005859121,"dated_domains_n":2,"time_series_status":"UNKNOWN_SERIE_TEMPORAL_NAO_ADQUIRIDA"}},{"type":"Feature","geometry":{"type":"Point","coordinates":[-51.84333299999997,-20.986388999999974]},"properties":{"well_id":"3500065079","municipality":"Três Lagoas","hydro_unit":"Grupo Caiuá","domain":"Granular","layer_code":"T04","layer_name":"Evidência hidrogeológica datada","latest_evidence_date":"2011-05-12","latest_evidence_age_years":15.29942435505178,"dated_domains_n":2,"time_series_status":"UNKNOWN_SERIE_TEMPORAL_NAO_ADQUIRIDA"}},{"type":"Feature","geometry":{"type":"Point","coordinates":[-54.44916699999993,-22.53305599999993]},"properties":{"well_id":"3500065084","municipality":"Vicentina","hydro_unit":"Grupo Caiuá","domain":"Granular","layer_code":"T04","layer_name":"Evidência hidrogeológica datada","latest_evidence_date":"2015-11-16","latest_evidence_age_years":10.78461570052773,"dated_domains_n":2,"time_series_status":"UNKNOWN_SERIE_TEMPORAL_NAO_ADQUIRIDA"}},{"type":"Feature","geometry":{"type":"Point","coordinates":[-54.85749999999996,-21.937499999999943]},"properties":{"well_id":"3500065059","municipality":"Itaporã","hydro_unit":"Formação Serra Geral","domain":"Fraturada","layer_code":"T04","layer_name":"Evidência hidrogeológica datada","latest_evidence_date":"2016-10-24","latest_evidence_age_years":9.845513597130672,"dated_domains_n":2,"time_series_status":"UNKNOWN_SERIE_TEMPORAL_NAO_ADQUIRIDA"}},{"type":"Feature","geometry":{"type":"Point","coordinates":[-54.83055499999995,-19.831387999999947]},"properties":{"well_id":"3500023220","municipality":"Corguinho","hydro_unit":"Formação Botucatu","domain":"Granular","layer_code":"T04","layer_name":"Evidência hidrogeológica datada","latest_evidence_date":"2003-10-18","latest_evidence_age_years":22.864261415361028,"dated_domains_n":1,"time_series_status":"UNKNOWN_SERIE_TEMPORAL_NAO_ADQUIRIDA"}},{"type":"Feature","geometry":{"type":"Point","coordinates":[-54.32638799999995,-19.25194399999998]},"properties":{"well_id":"3500023238","municipality":"São Gabriel do Oeste","hydro_unit":"Formação Botucatu","domain":"Granular","layer_code":"T04","layer_name":"Evidência hidrogeológica datada","latest_evidence_date":"2003-03-17","latest_evidence_age_years":23.452911421863558,"dated_domains_n":2,"time_series_status":"UNKNOWN_SERIE_TEMPORAL_NAO_ADQUIRIDA"}},{"type":"Feature","geometry":{"type":"Point","coordinates":[-56.15194399999996,-21.67999999999995]},"properties":{"well_id":"3500065129","municipality":"Jardim","hydro_unit":"Formação Botucatu","domain":"Granular","layer_code":"T04","layer_name":"Evidência hidrogeológica datada","latest_evidence_date":"2019-09-09","latest_evidence_age_years":6.97071123979274,"dated_domains_n":2,"time_series_status":"UNKNOWN_SERIE_TEMPORAL_NAO_ADQUIRIDA"}},{"type":"Feature","geometry":{"type":"Point","coordinates":[-54.728332999999964,-18.477499999999964]},"properties":{"well_id":"3500026839","municipality":"Coxim","hydro_unit":"Formação Furnas","domain":"Granular","layer_code":"T04","layer_name":"Evidência hidrogeológica datada","latest_evidence_date":"2020-09-12","latest_evidence_age_years":5.960423554213981,"dated_domains_n":3,"time_series_status":"UNKNOWN_SERIE_TEMPORAL_NAO_ADQUIRIDA"}},{"type":"Feature","geometry":{"type":"Point","coordinates":[-53.36027799999994,-19.87527799999998]},"properties":{"well_id":"3500065002","municipality":"Água Clara","hydro_unit":"Formação Serra Geral","domain":"Fraturada","layer_code":"T04","layer_name":"Evidência hidrogeológica datada","latest_evidence_date":"2016-03-28","latest_evidence_age_years":10.42047406859826,"dated_domains_n":2,"time_series_status":"UNKNOWN_SERIE_TEMPORAL_NAO_ADQUIRIDA"}},{"type":"Feature","geometry":{"type":"Point","coordinates":[-55.943055999999956,-22.195555999999954]},"properties":{"well_id":"3500065005","municipality":"Antônio João","hydro_unit":"Formação Serra Geral","domain":"Fraturada","layer_code":"T04","layer_name":"Evidência hidrogeológica datada","latest_evidence_date":"2016-02-22","latest_evidence_age_years":10.516300813842857,"dated_domains_n":2,"time_series_status":"UNKNOWN_SERIE_TEMPORAL_NAO_ADQUIRIDA"}},{"type":"Feature","geometry":{"type":"Point","coordinates":[-55.621666999999945,-22.948332999999934]},"properties":{"well_id":"3500065010","municipality":"Aral Moreira","hydro_unit":"Formação Serra Geral","domain":"Fraturada","layer_code":"T04","layer_name":"Evidência hidrogeológica datada","latest_evidence_date":"2016-03-10","latest_evidence_age_years":10.469756394724053,"dated_domains_n":2,"time_series_status":"UNKNOWN_SERIE_TEMPORAL_NAO_ADQUIRIDA"}},{"type":"Feature","geometry":{"type":"Point","coordinates":[-54.75305599999996,-20.48194399999994]},"properties":{"well_id":"3500065048","municipality":"Campo Grande","hydro_unit":"Formação Serra Geral","domain":"Fraturada","layer_code":"T04","layer_name":"Evidência hidrogeológica datada","latest_evidence_date":"2016-07-12","latest_evidence_age_years":10.130255925857478,"dated_domains_n":2,"time_series_status":"UNKNOWN_SERIE_TEMPORAL_NAO_ADQUIRIDA"}},{"type":"Feature","geometry":{"type":"Point","coordinates":[-54.58333299999998,-20.477777999999944]},"properties":{"well_id":"3500026965","municipality":"Campo Grande","hydro_unit":"Formação Serra Geral","domain":"Fraturada","layer_code":"T04","layer_name":"Evidência hidrogeológica datada","latest_evidence_date":"2009-02-12","latest_evidence_age_years":17.541770193775367,"dated_domains_n":2,"time_series_status":"UNKNOWN_SERIE_TEMPORAL_NAO_ADQUIRIDA"}},{"type":"Feature","geometry":{"type":"Point","coordinates":[-57.63944399999997,-19.176666999999952]},"properties":{"well_id":"3500027006","municipality":"Ladário","hydro_unit":"Embasamento Indiferenciado","domain":"Fraturada","layer_code":"T04","layer_name":"Evidência hidrogeológica datada","latest_evidence_date":"2006-10-03","latest_evidence_age_years":19.90458394080645,"dated_domains_n":2,"time_series_status":"UNKNOWN_SERIE_TEMPORAL_NAO_ADQUIRIDA"}},{"type":"Feature","geometry":{"type":"Point","coordinates":[-54.73499999999996,-22.226388999999983]},"properties":{"well_id":"3500027011","municipality":"Dourados","hydro_unit":"Formação Serra Geral","domain":"Fraturada","layer_code":"T04","layer_name":"Evidência hidrogeológica datada","latest_evidence_date":"2009-07-20","latest_evidence_age_years":17.109180886671183,"dated_domains_n":2,"time_series_status":"UNKNOWN_SERIE_TEMPORAL_NAO_ADQUIRIDA"}},{"type":"Feature","geometry":{"type":"Point","coordinates":[-51.66916699999996,-20.789166999999964]},"properties":{"well_id":"3500027023","municipality":"Três Lagoas","hydro_unit":"Grupo Caiuá","domain":"Granular","layer_code":"T04","layer_name":"Evidência hidrogeológica datada","latest_evidence_date":"2009-10-08","latest_evidence_age_years":16.890148326112104,"dated_domains_n":2,"time_series_status":"UNKNOWN_SERIE_TEMPORAL_NAO_ADQUIRIDA"}},{"type":"Feature","geometry":{"type":"Point","coordinates":[-57.63944399999997,-19.173332999999957]},"properties":{"well_id":"3500027042","municipality":"Ladário","hydro_unit":"Formação Pantanal","domain":"Granular","layer_code":"T04","layer_name":"Evidência hidrogeológica datada","latest_evidence_date":"2006-10-03","latest_evidence_age_years":19.90458394080645,"dated_domains_n":2,"time_series_status":"UNKNOWN_SERIE_TEMPORAL_NAO_ADQUIRIDA"}},{"type":"Feature","geometry":{"type":"Point","coordinates":[-57.62083299999995,-19.02305599999994]},"properties":{"well_id":"3500027088","municipality":"Ladário","hydro_unit":"Grupo Corumbá","domain":"Cárstica","layer_code":"T04","layer_name":"Evidência hidrogeológica datada","latest_evidence_date":"2008-05-06","latest_evidence_age_years":18.313859969746126,"dated_domains_n":2,"time_series_status":"UNKNOWN_SERIE_TEMPORAL_NAO_ADQUIRIDA"}},{"type":"Feature","geometry":{"type":"Point","coordinates":[-56.153888999999936,-20.99138899999997]},"properties":{"well_id":"3500027093","municipality":"Nioaque","hydro_unit":"Formação Aquidauana","domain":"Granular","layer_code":"T04","layer_name":"Evidência hidrogeológica datada","latest_evidence_date":"2009-07-03","latest_evidence_age_years":17.15572530578999,"dated_domains_n":2,"time_series_status":"UNKNOWN_SERIE_TEMPORAL_NAO_ADQUIRIDA"}},{"type":"Feature","geometry":{"type":"Point","coordinates":[-54.77388899999994,-21.65861099999995]},"properties":{"well_id":"3500027148","municipality":"Rio Brilhante","hydro_unit":"Formação Serra Geral","domain":"Fraturada","layer_code":"T04","layer_name":"Evidência hidrogeológica datada","latest_evidence_date":"2009-12-30","latest_evidence_age_years":16.662902044532057,"dated_domains_n":2,"time_series_status":"UNKNOWN_SERIE_TEMPORAL_NAO_ADQUIRIDA"}},{"type":"Feature","geometry":{"type":"Point","coordinates":[-51.715277999999955,-20.79138899999998]},"properties":{"well_id":"3500027175","municipality":"Três Lagoas","hydro_unit":"Grupo Caiuá","domain":"Granular","layer_code":"T04","layer_name":"Evidência hidrogeológica datada","latest_evidence_date":"2009-11-23","latest_evidence_age_years":16.76420460379063,"dated_domains_n":2,"time_series_status":"UNKNOWN_SERIE_TEMPORAL_NAO_ADQUIRIDA"}},{"type":"Feature","geometry":{"type":"Point","coordinates":[-54.68527799999998,-18.032221999999933]},"properties":{"well_id":"3500027239","municipality":"Coxim","hydro_unit":"Formação Furnas","domain":"Granular","layer_code":"T04","layer_name":"Evidência hidrogeológica datada","latest_evidence_date":"2010-02-02","latest_evidence_age_years":16.569813206294448,"dated_domains_n":2,"time_series_status":"UNKNOWN_SERIE_TEMPORAL_NAO_ADQUIRIDA"}},{"type":"Feature","geometry":{"type":"Point","coordinates":[-55.424999999999955,-20.45333299999993]},"properties":{"well_id":"3500027269","municipality":"Dois Irmãos do Buriti","hydro_unit":"Formação Aquidauana","domain":"Granular","layer_code":"T04","layer_name":"Evidência hidrogeológica datada","latest_evidence_date":"2010-01-25","latest_evidence_age_years":16.591716462350355,"dated_domains_n":2,"time_series_status":"UNKNOWN_SERIE_TEMPORAL_NAO_ADQUIRIDA"}},{"type":"Feature","geometry":{"type":"Point","coordinates":[-54.21861099999995,-22.41138899999993]},"properties":{"well_id":"3500027290","municipality":"Glória de Dourados","hydro_unit":"Grupo Caiuá","domain":"Granular","layer_code":"T04","layer_name":"Evidência hidrogeológica datada","latest_evidence_date":"2010-02-08","latest_evidence_age_years":16.553385764252518,"dated_domains_n":2,"time_series_status":"UNKNOWN_SERIE_TEMPORAL_NAO_ADQUIRIDA"}},{"type":"Feature","geometry":{"type":"Point","coordinates":[-54.63777799999997,-20.44805599999995]},"properties":{"well_id":"3500045155","municipality":"Campo Grande","hydro_unit":"Formação Serra Geral","domain":"Fraturada","layer_code":"T04","layer_name":"Evidência hidrogeológica datada","latest_evidence_date":"2009-11-10","latest_evidence_age_years":16.799797394881484,"dated_domains_n":2,"time_series_status":"UNKNOWN_SERIE_TEMPORAL_NAO_ADQUIRIDA"}},{"type":"Feature","geometry":{"type":"Point","coordinates":[-54.68055599999997,-20.468888999999933]},"properties":{"well_id":"3500045609","municipality":"Campo Grande","hydro_unit":"Formação Serra Geral","domain":"Fraturada","layer_code":"T04","layer_name":"Evidência hidrogeológica datada","latest_evidence_date":"2010-05-11","latest_evidence_age_years":16.301498319609575,"dated_domains_n":2,"time_series_status":"UNKNOWN_SERIE_TEMPORAL_NAO_ADQUIRIDA"}},{"type":"Feature","geometry":{"type":"Point","coordinates":[-54.433610999999985,-22.40749999999997]},"properties":{"well_id":"3500045611","municipality":"Vicentina","hydro_unit":"Formação Serra Geral","domain":"Fraturada","layer_code":"T04","layer_name":"Evidência hidrogeológica datada","latest_evidence_date":"2010-01-25","latest_evidence_age_years":16.591716462350355,"dated_domains_n":2,"time_series_status":"UNKNOWN_SERIE_TEMPORAL_NAO_ADQUIRIDA"}},{"type":"Feature","geometry":{"type":"Point","coordinates":[-54.54833299999996,-19.423610999999937]},"properties":{"well_id":"3500053095","municipality":"São Gabriel do Oeste","hydro_unit":"Grupo Bauru","domain":"Granular","layer_code":"T04","layer_name":"Evidência hidrogeológica datada","latest_evidence_date":"2008-06-06","latest_evidence_age_years":18.228984852529482,"dated_domains_n":2,"time_series_status":"UNKNOWN_SERIE_TEMPORAL_NAO_ADQUIRIDA"}},{"type":"Feature","geometry":{"type":"Point","coordinates":[-52.03305499999993,-21.25555499999996]},"properties":{"well_id":"3500023290","municipality":"Brasilândia","hydro_unit":"Grupo Caiuá","domain":"Granular","layer_code":"T04","layer_name":"Evidência hidrogeológica datada","latest_evidence_date":"1994-08-12","latest_evidence_age_years":32.047201516800484,"dated_domains_n":1,"time_series_status":"UNKNOWN_SERIE_TEMPORAL_NAO_ADQUIRIDA"}},{"type":"Feature","geometry":{"type":"Point","coordinates":[-51.66638799999998,-20.79416599999996]},"properties":{"well_id":"3500023293","municipality":"Três Lagoas","hydro_unit":"Grupo Caiuá","domain":"Granular","layer_code":"T04","layer_name":"Evidência hidrogeológica datada","latest_evidence_date":"1991-07-23","latest_evidence_age_years":35.10270573659965,"dated_domains_n":1,"time_series_status":"UNKNOWN_SERIE_TEMPORAL_NAO_ADQUIRIDA"}},{"type":"Feature","geometry":{"type":"Point","coordinates":[-54.58555599999994,-21.997777999999983]},"properties":{"well_id":"3500027080","municipality":"Douradina","hydro_unit":"Formação Serra Geral","domain":"Fraturada","layer_code":"T04","layer_name":"Evidência hidrogeológica datada","latest_evidence_date":"2010-06-14","latest_evidence_age_years":16.208409481371966,"dated_domains_n":2,"time_series_status":"UNKNOWN_SERIE_TEMPORAL_NAO_ADQUIRIDA"}},{"type":"Feature","geometry":{"type":"Point","coordinates":[-54.538610999999946,-21.803332999999952]},"properties":{"well_id":"3500023258","municipality":"Rio Brilhante","hydro_unit":"Formação Serra Geral","domain":"Fraturada","layer_code":"T04","layer_name":"Evidência hidrogeológica datada","latest_evidence_date":"1986-02-14","latest_evidence_age_years":40.53745114547184,"dated_domains_n":1,"time_series_status":"UNKNOWN_SERIE_TEMPORAL_NAO_ADQUIRIDA"}},{"type":"Feature","geometry":{"type":"Point","coordinates":[-51.69611099999997,-20.778332999999975]},"properties":{"well_id":"3500023303","municipality":"Três Lagoas","hydro_unit":"Grupo Caiuá","domain":"Granular","layer_code":"T04","layer_name":"Evidência hidrogeológica datada","latest_evidence_date":"1998-06-29","latest_evidence_age_years":28.167587287897767,"dated_domains_n":1,"time_series_status":"UNKNOWN_SERIE_TEMPORAL_NAO_ADQUIRIDA"}},{"type":"Feature","geometry":{"type":"Point","coordinates":[-56.485555999999974,-21.132221999999956]},"properties":{"well_id":"3500030619","municipality":"Bonito","hydro_unit":"Grupo Cuiaba","domain":"Fraturada","layer_code":"T04","layer_name":"Evidência hidrogeológica datada","latest_evidence_date":"2011-05-25","latest_evidence_age_years":15.26383156396093,"dated_domains_n":2,"time_series_status":"UNKNOWN_SERIE_TEMPORAL_NAO_ADQUIRIDA"}},{"type":"Feature","geometry":{"type":"Point","coordinates":[-53.698332999999934,-18.325832999999932]},"properties":{"well_id":"3500045653","municipality":"Alcinópolis","hydro_unit":"Grupo Caiuá","domain":"Granular","layer_code":"T04","layer_name":"Evidência hidrogeológica datada","latest_evidence_date":"2012-09-03","latest_evidence_age_years":13.985228991697296,"dated_domains_n":2,"time_series_status":"UNKNOWN_SERIE_TEMPORAL_NAO_ADQUIRIDA"}},{"type":"Feature","geometry":{"type":"Point","coordinates":[-54.269443999999964,-21.868055999999967]},"properties":{"well_id":"3500045650","municipality":"Rio Brilhante","hydro_unit":"Formação Serra Geral","domain":"Fraturada","layer_code":"T04","layer_name":"Evidência hidrogeológica datada","latest_evidence_date":"2010-03-26","latest_evidence_age_years":16.427442041931045,"dated_domains_n":2,"time_series_status":"UNKNOWN_SERIE_TEMPORAL_NAO_ADQUIRIDA"}},{"type":"Feature","geometry":{"type":"Point","coordinates":[-54.04138799999998,-19.533887999999934]},"properties":{"well_id":"3500023247","municipality":"Camapuã","hydro_unit":"Formação Botucatu","domain":"Granular","layer_code":"T04","layer_name":"Evidência hidrogeológica datada","latest_evidence_date":"2003-03-17","latest_evidence_age_years":23.452911421863558,"dated_domains_n":2,"time_series_status":"UNKNOWN_SERIE_TEMPORAL_NAO_ADQUIRIDA"}},{"type":"Feature","geometry":{"type":"Point","coordinates":[-56.145554999999945,-21.490554999999972]},"properties":{"well_id":"3500023345","municipality":"Jardim","hydro_unit":"Formação Aquidauana","domain":"Granular","layer_code":"T04","layer_name":"Evidência hidrogeológica datada","latest_evidence_date":"1991-07-27","latest_evidence_age_years":35.0917541085717,"dated_domains_n":1,"time_series_status":"UNKNOWN_SERIE_TEMPORAL_NAO_ADQUIRIDA"}},{"type":"Feature","geometry":{"type":"Point","coordinates":[-54.85777799999994,-18.926388999999972]},"properties":{"well_id":"3500045654","municipality":"Rio Verde de Mato Grosso","hydro_unit":"Formação Furnas","domain":"Granular","layer_code":"T04","layer_name":"Evidência hidrogeológica datada","latest_evidence_date":"2012-02-28","latest_evidence_age_years":14.499955509011135,"dated_domains_n":2,"time_series_status":"UNKNOWN_SERIE_TEMPORAL_NAO_ADQUIRIDA"}},{"type":"Feature","geometry":{"type":"Point","coordinates":[-54.925277999999935,-20.89416699999998]},"properties":{"well_id":"3500045669","municipality":"Sidrolândia","hydro_unit":"Formação Serra Geral","domain":"Fraturada","layer_code":"T04","layer_name":"Evidência hidrogeológica datada","latest_evidence_date":"2010-12-13","latest_evidence_age_years":15.710110406100057,"dated_domains_n":2,"time_series_status":"UNKNOWN_SERIE_TEMPORAL_NAO_ADQUIRIDA"}},{"type":"Feature","geometry":{"type":"Point","coordinates":[-53.84361099999995,-22.049999999999955]},"properties":{"well_id":"3500053078","municipality":"Angélica","hydro_unit":"Grupo Caiuá","domain":"Granular","layer_code":"T04","layer_name":"Evidência hidrogeológica datada","latest_evidence_date":"2010-04-13","latest_evidence_age_years":16.378159715805253,"dated_domains_n":2,"time_series_status":"UNKNOWN_SERIE_TEMPORAL_NAO_ADQUIRIDA"}},{"type":"Feature","geometry":{"type":"Point","coordinates":[-54.55611099999999,-21.789166999999964]},"properties":{"well_id":"3500027163","municipality":"Rio Brilhante","hydro_unit":"Formação Serra Geral","domain":"Fraturada","layer_code":"T04","layer_name":"Evidência hidrogeológica datada","latest_evidence_date":"2009-08-31","latest_evidence_age_years":16.994188792377667,"dated_domains_n":2,"time_series_status":"UNKNOWN_SERIE_TEMPORAL_NAO_ADQUIRIDA"}},{"type":"Feature","geometry":{"type":"Point","coordinates":[-54.684999999999945,-22.610832999999957]},"properties":{"well_id":"3500045604","municipality":"Caarapó","hydro_unit":"Grupo Caiuá","domain":"Granular","layer_code":"T04","layer_name":"Evidência hidrogeológica datada","latest_evidence_date":"2007-12-20","latest_evidence_age_years":18.691691136710542,"dated_domains_n":2,"time_series_status":"UNKNOWN_SERIE_TEMPORAL_NAO_ADQUIRIDA"}},{"type":"Feature","geometry":{"type":"Point","coordinates":[-54.95944399999996,-20.938054999999963]},"properties":{"well_id":"3500022813","municipality":"Sidrolândia","hydro_unit":"Formação Serra Geral","domain":"Fraturada","layer_code":"T04","layer_name":"Evidência hidrogeológica datada","latest_evidence_date":"2003-08-20","latest_evidence_age_years":23.02579792877335,"dated_domains_n":2,"time_series_status":"UNKNOWN_SERIE_TEMPORAL_NAO_ADQUIRIDA"}},{"type":"Feature","geometry":{"type":"Point","coordinates":[-53.14194399999997,-18.531665999999973]},"properties":{"well_id":"3500022566","municipality":"Costa Rica","hydro_unit":"Grupo Caiuá","domain":"Granular","layer_code":"T04","layer_name":"Evidência hidrogeológica datada","latest_evidence_date":"2003-03-18","latest_evidence_age_years":23.450173514856566,"dated_domains_n":2,"time_series_status":"UNKNOWN_SERIE_TEMPORAL_NAO_ADQUIRIDA"}},{"type":"Feature","geometry":{"type":"Point","coordinates":[-54.55694399999999,-21.789721999999927]},"properties":{"well_id":"3500022875","municipality":"Rio Brilhante","hydro_unit":"Formação Serra Geral","domain":"Fraturada","layer_code":"T04","layer_name":"Evidência hidrogeológica datada","latest_evidence_date":"2003-10-24","latest_evidence_age_years":22.847833973319094,"dated_domains_n":2,"time_series_status":"UNKNOWN_SERIE_TEMPORAL_NAO_ADQUIRIDA"}},{"type":"Feature","geometry":{"type":"Point","coordinates":[-54.90611099999995,-20.33611099999996]},"properties":{"well_id":"3500065110","municipality":"Terenos","hydro_unit":"Formação Serra Geral","domain":"Fraturada","layer_code":"T04","layer_name":"Evidência hidrogeológica datada","latest_evidence_date":"2019-09-06","latest_evidence_age_years":6.978924960813706,"dated_domains_n":2,"time_series_status":"UNKNOWN_SERIE_TEMPORAL_NAO_ADQUIRIDA"}},{"type":"Feature","geometry":{"type":"Point","coordinates":[-51.716110999999955,-20.791943999999944]},"properties":{"well_id":"3500023020","municipality":"Três Lagoas","hydro_unit":"Grupo Caiuá","domain":"Granular","layer_code":"T04","layer_name":"Evidência hidrogeológica datada","latest_evidence_date":"2002-06-03","latest_evidence_age_years":24.23869073286926,"dated_domains_n":1,"time_series_status":"UNKNOWN_SERIE_TEMPORAL_NAO_ADQUIRIDA"}},{"type":"Feature","geometry":{"type":"Point","coordinates":[-55.94222199999996,-22.195832999999936]},"properties":{"well_id":"3500023163","municipality":"Antônio João","hydro_unit":"Formação Serra Geral","domain":"Fraturada","layer_code":"T04","layer_name":"Evidência hidrogeológica datada","latest_evidence_date":"1979-10-09","latest_evidence_age_years":46.88939540168518,"dated_domains_n":2,"time_series_status":"UNKNOWN_SERIE_TEMPORAL_NAO_ADQUIRIDA"}},{"type":"Feature","geometry":{"type":"Point","coordinates":[-54.571666999999934,-20.427777999999932]},"properties":{"well_id":"3500045636","municipality":"Campo Grande","hydro_unit":"Formação Serra Geral","domain":"Fraturada","layer_code":"T04","layer_name":"Evidência hidrogeológica datada","latest_evidence_date":"2006-10-21","latest_evidence_age_years":19.855301614680656,"dated_domains_n":2,"time_series_status":"UNKNOWN_SERIE_TEMPORAL_NAO_ADQUIRIDA"}},{"type":"Feature","geometry":{"type":"Point","coordinates":[-55.791665999999964,-20.46166599999998]},"properties":{"well_id":"3500023187","municipality":"Aquidauana","hydro_unit":"Formação Aquidauana","domain":"Granular","layer_code":"T04","layer_name":"Evidência hidrogeológica datada","latest_evidence_date":"1981-03-27","latest_evidence_age_years":45.42461515294633,"dated_domains_n":2,"time_series_status":"UNKNOWN_SERIE_TEMPORAL_NAO_ADQUIRIDA"}},{"type":"Feature","geometry":{"type":"Point","coordinates":[-53.78166599999997,-22.165832999999964]},"properties":{"well_id":"3500023173","municipality":"Angélica","hydro_unit":"Grupo Caiuá","domain":"Granular","layer_code":"T04","layer_name":"Evidência hidrogeológica datada","latest_evidence_date":"1994-03-24","latest_evidence_age_years":32.43324640478586,"dated_domains_n":2,"time_series_status":"UNKNOWN_SERIE_TEMPORAL_NAO_ADQUIRIDA"}},{"type":"Feature","geometry":{"type":"Point","coordinates":[-57.62444399999998,-19.093332999999973]},"properties":{"well_id":"3500045701","municipality":"Ladário","hydro_unit":"Grupo Corumbá","domain":"Cárstica","layer_code":"T04","layer_name":"Evidência hidrogeológica datada","latest_evidence_date":"2008-01-01","latest_evidence_age_years":18.658836252626678,"dated_domains_n":2,"time_series_status":"UNKNOWN_SERIE_TEMPORAL_NAO_ADQUIRIDA"}},{"type":"Feature","geometry":{"type":"Point","coordinates":[-54.778055999999935,-22.212499999999977]},"properties":{"well_id":"3500027144","municipality":"Dourados","hydro_unit":"Formação Serra Geral","domain":"Fraturada","layer_code":"T04","layer_name":"Evidência hidrogeológica datada","latest_evidence_date":"2009-10-19","latest_evidence_age_years":16.86003134903523,"dated_domains_n":2,"time_series_status":"UNKNOWN_SERIE_TEMPORAL_NAO_ADQUIRIDA"}},{"type":"Feature","geometry":{"type":"Point","coordinates":[-53.57638899999995,-22.41138899999993]},"properties":{"well_id":"3500045673","municipality":"Ivinhema","hydro_unit":"Grupo Caiuá","domain":"Granular","layer_code":"T04","layer_name":"Evidência hidrogeológica datada","latest_evidence_date":"2010-06-28","latest_evidence_age_years":16.170078783274125,"dated_domains_n":2,"time_series_status":"UNKNOWN_SERIE_TEMPORAL_NAO_ADQUIRIDA"}},{"type":"Feature","geometry":{"type":"Point","coordinates":[-51.82583299999993,-20.998055999999963]},"properties":{"well_id":"3500045708","municipality":"Três Lagoas","hydro_unit":"Grupo Caiuá","domain":"Granular","layer_code":"T04","layer_name":"Evidência hidrogeológica datada","latest_evidence_date":"2012-08-09","latest_evidence_age_years":14.05367666687201,"dated_domains_n":2,"time_series_status":"UNKNOWN_SERIE_TEMPORAL_NAO_ADQUIRIDA"}},{"type":"Feature","geometry":{"type":"Point","coordinates":[-54.67027799999994,-20.550277999999935]},"properties":{"well_id":"3500065034","municipality":"Campo Grande","hydro_unit":"Formação Serra Geral","domain":"Fraturada","layer_code":"T04","layer_name":"Evidência hidrogeológica datada","latest_evidence_date":"2016-05-02","latest_evidence_age_years":10.324647323353663,"dated_domains_n":2,"time_series_status":"UNKNOWN_SERIE_TEMPORAL_NAO_ADQUIRIDA"}},{"type":"Feature","geometry":{"type":"Point","coordinates":[-54.62749999999994,-20.456388999999945]},"properties":{"well_id":"3500065041","municipality":"Campo Grande","hydro_unit":"Formação Serra Geral","domain":"Fraturada","layer_code":"T04","layer_name":"Evidência hidrogeológica datada","latest_evidence_date":"2016-06-23","latest_evidence_age_years":10.182276158990259,"dated_domains_n":2,"time_series_status":"UNKNOWN_SERIE_TEMPORAL_NAO_ADQUIRIDA"}},{"type":"Feature","geometry":{"type":"Point","coordinates":[-54.62361099999998,-20.521943999999962]},"properties":{"well_id":"3500065050","municipality":"Campo Grande","hydro_unit":"Formação Serra Geral","domain":"Fraturada","layer_code":"T04","layer_name":"Evidência hidrogeológica datada","latest_evidence_date":"2016-05-02","latest_evidence_age_years":10.324647323353663,"dated_domains_n":2,"time_series_status":"UNKNOWN_SERIE_TEMPORAL_NAO_ADQUIRIDA"}},{"type":"Feature","geometry":{"type":"Point","coordinates":[-54.75361099999998,-20.48055599999998]},"properties":{"well_id":"3500065051","municipality":"Campo Grande","hydro_unit":"Formação Serra Geral","domain":"Fraturada","layer_code":"T04","layer_name":"Evidência hidrogeológica datada","latest_evidence_date":"2016-06-28","latest_evidence_age_years":10.168586623955317,"dated_domains_n":2,"time_series_status":"UNKNOWN_SERIE_TEMPORAL_NAO_ADQUIRIDA"}},{"type":"Feature","geometry":{"type":"Point","coordinates":[-51.79166699999996,-20.99333299999995]},"properties":{"well_id":"3500065080","municipality":"Três Lagoas","hydro_unit":"Grupo Caiuá","domain":"Granular","layer_code":"T04","layer_name":"Evidência hidrogeológica datada","latest_evidence_date":"2015-12-14","latest_evidence_age_years":10.707954304332054,"dated_domains_n":2,"time_series_status":"UNKNOWN_SERIE_TEMPORAL_NAO_ADQUIRIDA"}},{"type":"Feature","geometry":{"type":"Point","coordinates":[-54.73694399999994,-19.72888899999998]},"properties":{"well_id":"3500065088","municipality":"Corguinho","hydro_unit":"Formação Botucatu","domain":"Granular","layer_code":"T04","layer_name":"Evidência hidrogeológica datada","latest_evidence_date":"2019-09-05","latest_evidence_age_years":6.9816628678206945,"dated_domains_n":2,"time_series_status":"UNKNOWN_SERIE_TEMPORAL_NAO_ADQUIRIDA"}},{"type":"Feature","geometry":{"type":"Point","coordinates":[-54.57611099999997,-19.401943999999958]},"properties":{"well_id":"3500065125","municipality":"São Gabriel do Oeste","hydro_unit":"Grupo Bauru","domain":"Granular","layer_code":"T04","layer_name":"Evidência hidrogeológica datada","latest_evidence_date":"2019-09-09","latest_evidence_age_years":6.97071123979274,"dated_domains_n":2,"time_series_status":"UNKNOWN_SERIE_TEMPORAL_NAO_ADQUIRIDA"}},{"type":"Feature","geometry":{"type":"Point","coordinates":[-55.94805599999995,-22.198332999999934]},"properties":{"well_id":"3500065004","municipality":"Antônio João","hydro_unit":"Formação Serra Geral","domain":"Fraturada","layer_code":"T04","layer_name":"Evidência hidrogeológica datada","latest_evidence_date":"2015-06-23","latest_evidence_age_years":11.184350123548054,"dated_domains_n":2,"time_series_status":"UNKNOWN_SERIE_TEMPORAL_NAO_ADQUIRIDA"}},{"type":"Feature","geometry":{"type":"Point","coordinates":[-51.10999999999996,-20.065277999999978]},"properties":{"well_id":"3500065008","municipality":"Aparecida do Taboado","hydro_unit":"Grupo Caiuá","domain":"Granular","layer_code":"T04","layer_name":"Evidência hidrogeológica datada","latest_evidence_date":"2016-04-05","latest_evidence_age_years":10.398570812542351,"dated_domains_n":2,"time_series_status":"UNKNOWN_SERIE_TEMPORAL_NAO_ADQUIRIDA"}},{"type":"Feature","geometry":{"type":"Point","coordinates":[-52.264166999999986,-21.72361099999995]},"properties":{"well_id":"3500065011","municipality":"Bataguassu","hydro_unit":"Depósitos aluvionares","domain":"Granular","layer_code":"T04","layer_name":"Evidência hidrogeológica datada","latest_evidence_date":"2016-05-09","latest_evidence_age_years":10.305481974304742,"dated_domains_n":2,"time_series_status":"UNKNOWN_SERIE_TEMPORAL_NAO_ADQUIRIDA"}},{"type":"Feature","geometry":{"type":"Point","coordinates":[-52.41638899999998,-21.717777999999953]},"properties":{"well_id":"3500065012","municipality":"Bataguassu","hydro_unit":"Grupo Caiuá","domain":"Granular","layer_code":"T04","layer_name":"Evidência hidrogeológica datada","latest_evidence_date":"2015-11-16","latest_evidence_age_years":10.78461570052773,"dated_domains_n":2,"time_series_status":"UNKNOWN_SERIE_TEMPORAL_NAO_ADQUIRIDA"}},{"type":"Feature","geometry":{"type":"Point","coordinates":[-56.49499999999995,-21.121943999999928]},"properties":{"well_id":"3500065020","municipality":"Bonito","hydro_unit":"Grupo Cuiaba","domain":"Fraturada","layer_code":"T04","layer_name":"Evidência hidrogeológica datada","latest_evidence_date":"2016-01-25","latest_evidence_age_years":10.592962210038536,"dated_domains_n":2,"time_series_status":"UNKNOWN_SERIE_TEMPORAL_NAO_ADQUIRIDA"}},{"type":"Feature","geometry":{"type":"Point","coordinates":[-51.933055999999965,-19.738332999999955]},"properties":{"well_id":"3500034020","municipality":"Inocência","hydro_unit":"Grupo Bauru","domain":"Granular","layer_code":"T04","layer_name":"Evidência hidrogeológica datada","latest_evidence_date":"2023-12-04","latest_evidence_age_years":2.735169099981519,"dated_domains_n":3,"time_series_status":"UNKNOWN_SERIE_TEMPORAL_NAO_ADQUIRIDA"}},{"type":"Feature","geometry":{"type":"Point","coordinates":[-54.716110999999955,-20.466110999999955]},"properties":{"well_id":"3500065033","municipality":"Campo Grande","hydro_unit":"Formação Serra Geral","domain":"Fraturada","layer_code":"T04","layer_name":"Evidência hidrogeológica datada","latest_evidence_date":"2016-04-06","latest_evidence_age_years":10.395832905535363,"dated_domains_n":2,"time_series_status":"UNKNOWN_SERIE_TEMPORAL_NAO_ADQUIRIDA"}},{"type":"Feature","geometry":{"type":"Point","coordinates":[-53.53642499999995,-21.02227799999997]},"properties":{"well_id":"3500068740","municipality":"Ribas do Rio Pardo","hydro_unit":"Grupo Caiuá","domain":"Granular","layer_code":"T04","layer_name":"Evidência hidrogeológica datada","latest_evidence_date":"2023-04-20","latest_evidence_age_years":3.359411897574899,"dated_domains_n":1,"time_series_status":"UNKNOWN_SERIE_TEMPORAL_NAO_ADQUIRIDA"}},{"type":"Feature","geometry":{"type":"Point","coordinates":[-56.67277699999994,-20.55499999999995]},"properties":{"well_id":"3500022652","municipality":"Bodoquena","hydro_unit":"Grupo Cuiaba","domain":"Fraturada","layer_code":"T04","layer_name":"Evidência hidrogeológica datada","latest_evidence_date":"2004-06-03","latest_evidence_age_years":22.237280710760658,"dated_domains_n":1,"time_series_status":"UNKNOWN_SERIE_TEMPORAL_NAO_ADQUIRIDA"}},{"type":"Feature","geometry":{"type":"Point","coordinates":[-53.37749999999994,-22.286666999999966]},"properties":{"well_id":"3500026941","municipality":"Nova Andradina","hydro_unit":"Grupo Caiuá","domain":"Granular","layer_code":"T04","layer_name":"Evidência hidrogeológica datada","latest_evidence_date":"2008-09-22","latest_evidence_age_years":17.933290895774725,"dated_domains_n":2,"time_series_status":"UNKNOWN_SERIE_TEMPORAL_NAO_ADQUIRIDA"}},{"type":"Feature","geometry":{"type":"Point","coordinates":[-54.60888899999998,-21.84611099999995]},"properties":{"well_id":"3500026947","municipality":"Rio Brilhante","hydro_unit":"Formação Serra Geral","domain":"Fraturada","layer_code":"T04","layer_name":"Evidência hidrogeológica datada","latest_evidence_date":"2009-01-12","latest_evidence_age_years":17.62664531099201,"dated_domains_n":2,"time_series_status":"UNKNOWN_SERIE_TEMPORAL_NAO_ADQUIRIDA"}},{"type":"Feature","geometry":{"type":"Point","coordinates":[-53.45861099999996,-22.07749999999993]},"properties":{"well_id":"3500026966","municipality":"Nova Andradina","hydro_unit":"Grupo Caiuá","domain":"Granular","layer_code":"T04","layer_name":"Evidência hidrogeológica datada","latest_evidence_date":"2009-03-17","latest_evidence_age_years":17.451419262544746,"dated_domains_n":2,"time_series_status":"UNKNOWN_SERIE_TEMPORAL_NAO_ADQUIRIDA"}},{"type":"Feature","geometry":{"type":"Point","coordinates":[-57.63944399999997,-19.175832999999955]},"properties":{"well_id":"3500026998","municipality":"Ladário","hydro_unit":"Embasamento Indiferenciado","domain":"Fraturada","layer_code":"T04","layer_name":"Evidência hidrogeológica datada","latest_evidence_date":"2006-10-03","latest_evidence_age_years":19.90458394080645,"dated_domains_n":2,"time_series_status":"UNKNOWN_SERIE_TEMPORAL_NAO_ADQUIRIDA"}},{"type":"Feature","geometry":{"type":"Point","coordinates":[-54.37888899999996,-21.45138899999995]},"properties":{"well_id":"3500027018","municipality":"Nova Alvorada do Sul","hydro_unit":"Formação Serra Geral","domain":"Fraturada","layer_code":"T04","layer_name":"Evidência hidrogeológica datada","latest_evidence_date":"2009-11-05","latest_evidence_age_years":16.813486929916426,"dated_domains_n":2,"time_series_status":"UNKNOWN_SERIE_TEMPORAL_NAO_ADQUIRIDA"}},{"type":"Feature","geometry":{"type":"Point","coordinates":[-54.568610999999976,-20.503055999999958]},"properties":{"well_id":"3500027024","municipality":"Campo Grande","hydro_unit":"Formação Serra Geral","domain":"Fraturada","layer_code":"T04","layer_name":"Evidência hidrogeológica datada","latest_evidence_date":"2009-10-13","latest_evidence_age_years":16.876458791077162,"dated_domains_n":2,"time_series_status":"UNKNOWN_SERIE_TEMPORAL_NAO_ADQUIRIDA"}},{"type":"Feature","geometry":{"type":"Point","coordinates":[-54.34777799999995,-22.32472199999995]},"properties":{"well_id":"3500027095","municipality":"Fátima do Sul","hydro_unit":"Formação Serra Geral","domain":"Fraturada","layer_code":"T04","layer_name":"Evidência hidrogeológica datada","latest_evidence_date":"2009-08-27","latest_evidence_age_years":17.00514042040562,"dated_domains_n":1,"time_series_status":"UNKNOWN_SERIE_TEMPORAL_NAO_ADQUIRIDA"}},{"type":"Feature","geometry":{"type":"Point","coordinates":[-54.913610999999946,-22.516388999999947]},"properties":{"well_id":"3500027106","municipality":"Caarapó","hydro_unit":"Formação Serra Geral","domain":"Fraturada","layer_code":"T04","layer_name":"Evidência hidrogeológica datada","latest_evidence_date":"2009-12-16","latest_evidence_age_years":16.701232742629895,"dated_domains_n":2,"time_series_status":"UNKNOWN_SERIE_TEMPORAL_NAO_ADQUIRIDA"}},{"type":"Feature","geometry":{"type":"Point","coordinates":[-55.957221999999945,-22.19249999999994]},"properties":{"well_id":"3500027209","municipality":"Antônio João","hydro_unit":"Formação Serra Geral","domain":"Fraturada","layer_code":"T04","layer_name":"Evidência hidrogeológica datada","latest_evidence_date":"2009-10-06","latest_evidence_age_years":16.89562414012608,"dated_domains_n":1,"time_series_status":"UNKNOWN_SERIE_TEMPORAL_NAO_ADQUIRIDA"}},{"type":"Feature","geometry":{"type":"Point","coordinates":[-54.202499999999986,-22.41222199999993]},"properties":{"well_id":"3500027292","municipality":"Glória de Dourados","hydro_unit":"Grupo Caiuá","domain":"Granular","layer_code":"T04","layer_name":"Evidência hidrogeológica datada","latest_evidence_date":"2010-02-08","latest_evidence_age_years":16.553385764252518,"dated_domains_n":2,"time_series_status":"UNKNOWN_SERIE_TEMPORAL_NAO_ADQUIRIDA"}},{"type":"Feature","geometry":{"type":"Point","coordinates":[-54.53611099999995,-21.809443999999928]},"properties":{"well_id":"3500027299","municipality":"Rio Brilhante","hydro_unit":"Formação Serra Geral","domain":"Fraturada","layer_code":"T04","layer_name":"Evidência hidrogeológica datada","latest_evidence_date":"2009-10-06","latest_evidence_age_years":16.89562414012608,"dated_domains_n":1,"time_series_status":"UNKNOWN_SERIE_TEMPORAL_NAO_ADQUIRIDA"}},{"type":"Feature","geometry":{"type":"Point","coordinates":[-53.881388999999956,-22.641666999999927]},"properties":{"well_id":"3500027315","municipality":"Novo Horizonte do Sul","hydro_unit":"Grupo Caiuá","domain":"Granular","layer_code":"T04","layer_name":"Evidência hidrogeológica datada","latest_evidence_date":"2010-03-19","latest_evidence_age_years":16.446607390979967,"dated_domains_n":2,"time_series_status":"UNKNOWN_SERIE_TEMPORAL_NAO_ADQUIRIDA"}},{"type":"Feature","geometry":{"type":"Point","coordinates":[-54.59694399999995,-20.44916699999993]},"properties":{"well_id":"3500045166","municipality":"Campo Grande","hydro_unit":"Formação Serra Geral","domain":"Fraturada","layer_code":"T04","layer_name":"Evidência hidrogeológica datada","latest_evidence_date":"2009-07-01","latest_evidence_age_years":17.161201119803966,"dated_domains_n":2,"time_series_status":"UNKNOWN_SERIE_TEMPORAL_NAO_ADQUIRIDA"}},{"type":"Feature","geometry":{"type":"Point","coordinates":[-57.63749999999993,-19.177777999999932]},"properties":{"well_id":"3500045218","municipality":"Ladário","hydro_unit":"Embasamento Indiferenciado","domain":"Fraturada","layer_code":"T04","layer_name":"Evidência hidrogeológica datada","latest_evidence_date":"2006-10-03","latest_evidence_age_years":19.90458394080645,"dated_domains_n":2,"time_series_status":"UNKNOWN_SERIE_TEMPORAL_NAO_ADQUIRIDA"}},{"type":"Feature","geometry":{"type":"Point","coordinates":[-56.35861099999994,-19.962777999999958]},"properties":{"well_id":"3500053088","municipality":"Miranda","hydro_unit":"Grupo Cuiaba","domain":"Fraturada","layer_code":"T04","layer_name":"Evidência hidrogeológica datada","latest_evidence_date":"2009-09-22","latest_evidence_age_years":16.93395483822392,"dated_domains_n":2,"time_series_status":"UNKNOWN_SERIE_TEMPORAL_NAO_ADQUIRIDA"}},{"type":"Feature","geometry":{"type":"Point","coordinates":[-55.79055499999998,-20.459443999999962]},"properties":{"well_id":"3500023189","municipality":"Aquidauana","hydro_unit":"Formação Aquidauana","domain":"Granular","layer_code":"T04","layer_name":"Evidência hidrogeológica datada","latest_evidence_date":"1998-05-14","latest_evidence_age_years":28.293531010219237,"dated_domains_n":2,"time_series_status":"UNKNOWN_SERIE_TEMPORAL_NAO_ADQUIRIDA"}},{"type":"Feature","geometry":{"type":"Point","coordinates":[-53.35805499999998,-22.486110999999937]},"properties":{"well_id":"3500023383","municipality":"Taquarussu","hydro_unit":"Grupo Caiuá","domain":"Granular","layer_code":"T04","layer_name":"Evidência hidrogeológica datada","latest_evidence_date":"1991-09-11","latest_evidence_age_years":34.96581038625023,"dated_domains_n":2,"time_series_status":"UNKNOWN_SERIE_TEMPORAL_NAO_ADQUIRIDA"}},{"type":"Feature","geometry":{"type":"Point","coordinates":[-54.756666999999936,-22.494721999999967]},"properties":{"well_id":"3500027259","municipality":"Caarapó","hydro_unit":"Formação Serra Geral","domain":"Fraturada","layer_code":"T04","layer_name":"Evidência hidrogeológica datada","latest_evidence_date":"2010-01-01","latest_evidence_age_years":16.65742623051808,"dated_domains_n":2,"time_series_status":"UNKNOWN_SERIE_TEMPORAL_NAO_ADQUIRIDA"}},{"type":"Feature","geometry":{"type":"Point","coordinates":[-54.039165999999966,-19.55638799999997]},"properties":{"well_id":"3500023243","municipality":"Camapuã","hydro_unit":"Formação Botucatu","domain":"Granular","layer_code":"T04","layer_name":"Evidência hidrogeológica datada","latest_evidence_date":"1995-09-28","latest_evidence_age_years":30.919183829921216,"dated_domains_n":1,"time_series_status":"UNKNOWN_SERIE_TEMPORAL_NAO_ADQUIRIDA"}},{"type":"Feature","geometry":{"type":"Point","coordinates":[-51.730276999999944,-20.79249999999996]},"properties":{"well_id":"3500023296","municipality":"Três Lagoas","hydro_unit":"Grupo Caiuá","domain":"Granular","layer_code":"T04","layer_name":"Evidência hidrogeológica datada","latest_evidence_date":"1995-08-17","latest_evidence_age_years":31.034175924214733,"dated_domains_n":1,"time_series_status":"UNKNOWN_SERIE_TEMPORAL_NAO_ADQUIRIDA"}},{"type":"Feature","geometry":{"type":"Point","coordinates":[-52.61166599999996,-18.803887999999972]},"properties":{"well_id":"3500023328","municipality":"Chapadão do Sul","hydro_unit":"Formação Cachoeirinha","domain":"Granular","layer_code":"T04","layer_name":"Evidência hidrogeológica datada","latest_evidence_date":"1987-06-17","latest_evidence_age_years":39.20135252606145,"dated_domains_n":1,"time_series_status":"UNKNOWN_SERIE_TEMPORAL_NAO_ADQUIRIDA"}},{"type":"Feature","geometry":{"type":"Point","coordinates":[-54.56611099999998,-23.666943999999944]},"properties":{"well_id":"3500023359","municipality":"Iguatemi","hydro_unit":"Grupo Caiuá","domain":"Granular","layer_code":"T04","layer_name":"Evidência hidrogeológica datada","latest_evidence_date":"1993-08-10","latest_evidence_age_years":33.05201338836526,"dated_domains_n":1,"time_series_status":"UNKNOWN_SERIE_TEMPORAL_NAO_ADQUIRIDA"}},{"type":"Feature","geometry":{"type":"Point","coordinates":[-54.579999999999984,-19.41055599999993]},"properties":{"well_id":"3500030624","municipality":"São Gabriel do Oeste","hydro_unit":"Grupo Bauru","domain":"Granular","layer_code":"T04","layer_name":"Evidência hidrogeológica datada","latest_evidence_date":"2009-03-06","latest_evidence_age_years":17.481536239621622,"dated_domains_n":1,"time_series_status":"UNKNOWN_SERIE_TEMPORAL_NAO_ADQUIRIDA"}},{"type":"Feature","geometry":{"type":"Point","coordinates":[-54.571666999999934,-19.391666999999927]},"properties":{"well_id":"3500030625","municipality":"São Gabriel do Oeste","hydro_unit":"Grupo Bauru","domain":"Granular","layer_code":"T04","layer_name":"Evidência hidrogeológica datada","latest_evidence_date":"2011-10-14","latest_evidence_age_years":14.875048768968561,"dated_domains_n":1,"time_series_status":"UNKNOWN_SERIE_TEMPORAL_NAO_ADQUIRIDA"}},{"type":"Feature","geometry":{"type":"Point","coordinates":[-54.52611099999996,-19.446943999999974]},"properties":{"well_id":"3500030627","municipality":"São Gabriel do Oeste","hydro_unit":"Grupo Bauru","domain":"Granular","layer_code":"T04","layer_name":"Evidência hidrogeológica datada","latest_evidence_date":"2009-03-04","latest_evidence_age_years":17.4870120536356,"dated_domains_n":1,"time_series_status":"UNKNOWN_SERIE_TEMPORAL_NAO_ADQUIRIDA"}},{"type":"Feature","geometry":{"type":"Point","coordinates":[-54.604443999999944,-19.392499999999927]},"properties":{"well_id":"3500030631","municipality":"São Gabriel do Oeste","hydro_unit":"Grupo Bauru","domain":"Granular","layer_code":"T04","layer_name":"Evidência hidrogeológica datada","latest_evidence_date":"2009-04-12","latest_evidence_age_years":17.380233680363045,"dated_domains_n":1,"time_series_status":"UNKNOWN_SERIE_TEMPORAL_NAO_ADQUIRIDA"}},{"type":"Feature","geometry":{"type":"Point","coordinates":[-54.041110999999944,-19.526943999999958]},"properties":{"well_id":"3500023253","municipality":"Camapuã","hydro_unit":"Formação Botucatu","domain":"Granular","layer_code":"T04","layer_name":"Evidência hidrogeológica datada","latest_evidence_date":"1988-10-01","latest_evidence_age_years":37.90906041876288,"dated_domains_n":1,"time_series_status":"UNKNOWN_SERIE_TEMPORAL_NAO_ADQUIRIDA"}},{"type":"Feature","geometry":{"type":"Point","coordinates":[-55.685276999999985,-22.56583299999994]},"properties":{"well_id":"3500022739","municipality":"Ponta Porã","hydro_unit":"Grupo Caiuá","domain":"Granular","layer_code":"T04","layer_name":"Evidência hidrogeológica datada","latest_evidence_date":"1990-11-21","latest_evidence_age_years":35.77075504630485,"dated_domains_n":1,"time_series_status":"UNKNOWN_SERIE_TEMPORAL_NAO_ADQUIRIDA"}},{"type":"Feature","geometry":{"type":"Point","coordinates":[-54.63055499999996,-22.859999999999957]},"properties":{"well_id":"3500023035","municipality":"Juti","hydro_unit":"Formação Serra Geral","domain":"Fraturada","layer_code":"T04","layer_name":"Evidência hidrogeológica datada","latest_evidence_date":"1983-12-11","latest_evidence_age_years":42.716825123034695,"dated_domains_n":1,"time_series_status":"UNKNOWN_SERIE_TEMPORAL_NAO_ADQUIRIDA"}},{"type":"Feature","geometry":{"type":"Point","coordinates":[-56.443610999999976,-21.08888799999994]},"properties":{"well_id":"3500023052","municipality":"Bonito","hydro_unit":"Grupo Cuiaba","domain":"Cárstica","layer_code":"T04","layer_name":"Evidência hidrogeológica datada","latest_evidence_date":"1982-02-20","latest_evidence_age_years":44.521105840640125,"dated_domains_n":1,"time_series_status":"UNKNOWN_SERIE_TEMPORAL_NAO_ADQUIRIDA"}},{"type":"Feature","geometry":{"type":"Point","coordinates":[-56.476110999999946,-21.113332999999955]},"properties":{"well_id":"3500023076","municipality":"Bonito","hydro_unit":"Grupo Cuiaba","domain":"Fraturada","layer_code":"T04","layer_name":"Evidência hidrogeológica datada","latest_evidence_date":"2002-02-25","latest_evidence_age_years":24.507005619554132,"dated_domains_n":1,"time_series_status":"UNKNOWN_SERIE_TEMPORAL_NAO_ADQUIRIDA"}},{"type":"Feature","geometry":{"type":"Point","coordinates":[-56.49416599999995,-21.122499999999945]},"properties":{"well_id":"3500023077","municipality":"Bonito","hydro_unit":"Grupo Cuiaba","domain":"Fraturada","layer_code":"T04","layer_name":"Evidência hidrogeológica datada","latest_evidence_date":"1988-06-11","latest_evidence_age_years":38.21570600354559,"dated_domains_n":1,"time_series_status":"UNKNOWN_SERIE_TEMPORAL_NAO_ADQUIRIDA"}},{"type":"Feature","geometry":{"type":"Point","coordinates":[-55.43138899999997,-23.058888999999965]},"properties":{"well_id":"3500067714","municipality":"Aral Moreira","hydro_unit":"Formação Serra Geral","domain":"Fraturada","layer_code":"T04","layer_name":"Evidência hidrogeológica datada","latest_evidence_date":"2022-03-10","latest_evidence_age_years":4.471002142412233,"dated_domains_n":1,"time_series_status":"UNKNOWN_SERIE_TEMPORAL_NAO_ADQUIRIDA"}},{"type":"Feature","geometry":{"type":"Point","coordinates":[-53.12944399999998,-21.811943999999983]},"properties":{"well_id":"3500023392","municipality":"Nova Andradina","hydro_unit":"Grupo Caiuá","domain":"Granular","layer_code":"T04","layer_name":"Evidência hidrogeológica datada","latest_evidence_date":"1987-03-31","latest_evidence_age_years":39.41490927260656,"dated_domains_n":1,"time_series_status":"UNKNOWN_SERIE_TEMPORAL_NAO_ADQUIRIDA"}},{"type":"Feature","geometry":{"type":"Point","coordinates":[-51.197499999999934,-19.675554999999974]},"properties":{"well_id":"3500022982","municipality":"Paranaíba","hydro_unit":"Grupo Bauru","domain":"Granular","layer_code":"T04","layer_name":"Evidência hidrogeológica datada","latest_evidence_date":"1988-12-29","latest_evidence_age_years":37.665386695140896,"dated_domains_n":1,"time_series_status":"UNKNOWN_SERIE_TEMPORAL_NAO_ADQUIRIDA"}},{"type":"Feature","geometry":{"type":"Point","coordinates":[-53.14555599999994,-18.53305599999993]},"properties":{"well_id":"3500067717","municipality":"Costa Rica","hydro_unit":"Grupo Caiuá","domain":"Granular","layer_code":"T04","layer_name":"Evidência hidrogeológica datada","latest_evidence_date":"2022-05-06","latest_evidence_age_years":4.314941443013888,"dated_domains_n":1,"time_series_status":"UNKNOWN_SERIE_TEMPORAL_NAO_ADQUIRIDA"}},{"type":"Feature","geometry":{"type":"Point","coordinates":[-53.153610999999955,-18.522221999999942]},"properties":{"well_id":"3500067715","municipality":"Costa Rica","hydro_unit":"Grupo Caiuá","domain":"Granular","layer_code":"T04","layer_name":"Evidência hidrogeológica datada","latest_evidence_date":"2016-12-17","latest_evidence_age_years":9.697666618753294,"dated_domains_n":1,"time_series_status":"UNKNOWN_SERIE_TEMPORAL_NAO_ADQUIRIDA"}},{"type":"Feature","geometry":{"type":"Point","coordinates":[-53.28333299999997,-22.28361099999995]},"properties":{"well_id":"3500045664","municipality":"Batayporã","hydro_unit":"Grupo Caiuá","domain":"Granular","layer_code":"T04","layer_name":"Evidência hidrogeológica datada","latest_evidence_date":"2009-01-10","latest_evidence_age_years":17.632121125005987,"dated_domains_n":1,"time_series_status":"UNKNOWN_SERIE_TEMPORAL_NAO_ADQUIRIDA"}},{"type":"Feature","geometry":{"type":"Point","coordinates":[-54.353332999999964,-19.91722199999998]},"properties":{"well_id":"3500030643","municipality":"Bandeirantes","hydro_unit":"Formação Serra Geral","domain":"Fraturada","layer_code":"T04","layer_name":"Evidência hidrogeológica datada","latest_evidence_date":"1987-11-20","latest_evidence_age_years":38.774239032971245,"dated_domains_n":1,"time_series_status":"UNKNOWN_SERIE_TEMPORAL_NAO_ADQUIRIDA"}},{"type":"Feature","geometry":{"type":"Point","coordinates":[-53.00444399999998,-18.88722199999995]},"properties":{"well_id":"3500067320","municipality":"Paraíso das Águas","hydro_unit":"Grupo Caiuá","domain":"Granular","layer_code":"T04","layer_name":"Evidência hidrogeológica datada","latest_evidence_date":"2016-09-13","latest_evidence_age_years":9.957767784417202,"dated_domains_n":1,"time_series_status":"UNKNOWN_SERIE_TEMPORAL_NAO_ADQUIRIDA"}},{"type":"Feature","geometry":{"type":"Point","coordinates":[-54.58861099999996,-20.686388999999963]},"properties":{"well_id":"3500045368","municipality":"Campo Grande","hydro_unit":"Formação Serra Geral","domain":"Fraturada","layer_code":"T04","layer_name":"Evidência hidrogeológica datada","latest_evidence_date":"2010-02-24","latest_evidence_age_years":16.5095792521407,"dated_domains_n":1,"time_series_status":"UNKNOWN_SERIE_TEMPORAL_NAO_ADQUIRIDA"}},{"type":"Feature","geometry":{"type":"Point","coordinates":[-54.55583299999995,-21.789443999999946]},"properties":{"well_id":"3500023260","municipality":"Rio Brilhante","hydro_unit":"Formação Serra Geral","domain":"Fraturada","layer_code":"T04","layer_name":"Evidência hidrogeológica datada","latest_evidence_date":"1996-07-01","latest_evidence_age_years":30.1607835889854,"dated_domains_n":1,"time_series_status":"UNKNOWN_SERIE_TEMPORAL_NAO_ADQUIRIDA"}},{"type":"Feature","geometry":{"type":"Point","coordinates":[-54.30472199999997,-22.48111099999994]},"properties":{"well_id":"3500023380","municipality":"Jateí","hydro_unit":"Grupo Caiuá","domain":"Granular","layer_code":"T04","layer_name":"Evidência hidrogeológica datada","latest_evidence_date":"1972-12-11","latest_evidence_age_years":53.71499757010753,"dated_domains_n":1,"time_series_status":"UNKNOWN_SERIE_TEMPORAL_NAO_ADQUIRIDA"}},{"type":"Feature","geometry":{"type":"Point","coordinates":[-54.86722199999997,-20.434999999999945]},"properties":{"well_id":"3500022823","municipality":"Terenos","hydro_unit":"Formação Serra Geral","domain":"Fraturada","layer_code":"T04","layer_name":"Evidência hidrogeológica datada","latest_evidence_date":"1997-06-09","latest_evidence_age_years":29.22168148558834,"dated_domains_n":1,"time_series_status":"UNKNOWN_SERIE_TEMPORAL_NAO_ADQUIRIDA"}},{"type":"Feature","geometry":{"type":"Point","coordinates":[-54.787499999999966,-22.081943999999964]},"properties":{"well_id":"3500022851","municipality":"Itaporã","hydro_unit":"Formação Serra Geral","domain":"Fraturada","layer_code":"T04","layer_name":"Evidência hidrogeológica datada","latest_evidence_date":"2003-10-16","latest_evidence_age_years":22.869737229375005,"dated_domains_n":1,"time_series_status":"UNKNOWN_SERIE_TEMPORAL_NAO_ADQUIRIDA"}},{"type":"Feature","geometry":{"type":"Point","coordinates":[-55.11722199999997,-20.750276999999983]},"properties":{"well_id":"3500022805","municipality":"Sidrolândia","hydro_unit":"Formação Serra Geral","domain":"Fraturada","layer_code":"T04","layer_name":"Evidência hidrogeológica datada","latest_evidence_date":"1989-04-10","latest_evidence_age_years":37.38612018042807,"dated_domains_n":1,"time_series_status":"UNKNOWN_SERIE_TEMPORAL_NAO_ADQUIRIDA"}},{"type":"Feature","geometry":{"type":"Point","coordinates":[-54.65111099999996,-20.559999999999945]},"properties":{"well_id":"3500065165","municipality":"Campo Grande","hydro_unit":"Formação Serra Geral","domain":"Fraturada","layer_code":"T04","layer_name":"Evidência hidrogeológica datada","latest_evidence_date":"2003-03-15","latest_evidence_age_years":23.458387235877534,"dated_domains_n":1,"time_series_status":"UNKNOWN_SERIE_TEMPORAL_NAO_ADQUIRIDA"}},{"type":"Feature","geometry":{"type":"Point","coordinates":[-56.29305599999998,-21.770832999999982]},"properties":{"well_id":"3500065094","municipality":"Bela Vista","hydro_unit":"Formação Aquidauana","domain":"Granular","layer_code":"T04","layer_name":"Evidência hidrogeológica datada","latest_evidence_date":"2019-09-05","latest_evidence_age_years":6.9816628678206945,"dated_domains_n":1,"time_series_status":"UNKNOWN_SERIE_TEMPORAL_NAO_ADQUIRIDA"}},{"type":"Feature","geometry":{"type":"Point","coordinates":[-55.46055499999994,-20.716110999999955]},"properties":{"well_id":"3500023204","municipality":"Dois Irmãos do Buriti","hydro_unit":"Formação Serra Geral","domain":"Fraturada","layer_code":"T04","layer_name":"Evidência hidrogeológica datada","latest_evidence_date":"1990-08-05","latest_evidence_age_years":36.06644900305961,"dated_domains_n":1,"time_series_status":"UNKNOWN_SERIE_TEMPORAL_NAO_ADQUIRIDA"}},{"type":"Feature","geometry":{"type":"Point","coordinates":[-51.92972199999997,-19.727776999999946]},"properties":{"well_id":"3500022570","municipality":"Inocência","hydro_unit":"Grupo Bauru","domain":"Granular","layer_code":"T04","layer_name":"Evidência hidrogeológica datada","latest_evidence_date":"1973-05-28","latest_evidence_age_years":53.25502919293346,"dated_domains_n":1,"time_series_status":"UNKNOWN_SERIE_TEMPORAL_NAO_ADQUIRIDA"}},{"type":"Feature","geometry":{"type":"Point","coordinates":[-51.70388799999995,-20.78694399999995]},"properties":{"well_id":"3500022574","municipality":"Três Lagoas","hydro_unit":"Grupo Caiuá","domain":"Granular","layer_code":"T04","layer_name":"Evidência hidrogeológica datada","latest_evidence_date":"1974-09-05","latest_evidence_age_years":51.9819024346838,"dated_domains_n":1,"time_series_status":"UNKNOWN_SERIE_TEMPORAL_NAO_ADQUIRIDA"}},{"type":"Feature","geometry":{"type":"Point","coordinates":[-55.32527699999997,-22.080832999999927]},"properties":{"well_id":"3500022618","municipality":"Dourados","hydro_unit":"Grupo Caiuá","domain":"Granular","layer_code":"T04","layer_name":"Evidência hidrogeológica datada","latest_evidence_date":"2001-04-17","latest_evidence_age_years":25.366708419748523,"dated_domains_n":1,"time_series_status":"UNKNOWN_SERIE_TEMPORAL_NAO_ADQUIRIDA"}},{"type":"Feature","geometry":{"type":"Point","coordinates":[-51.11027699999994,-20.06583299999994]},"properties":{"well_id":"3500022636","municipality":"Aparecida do Taboado","hydro_unit":"Grupo Caiuá","domain":"Granular","layer_code":"T04","layer_name":"Evidência hidrogeológica datada","latest_evidence_date":"2005-12-07","latest_evidence_age_years":20.725956042903004,"dated_domains_n":1,"time_series_status":"UNKNOWN_SERIE_TEMPORAL_NAO_ADQUIRIDA"}},{"type":"Feature","geometry":{"type":"Point","coordinates":[-54.55527699999993,-20.44416599999994]},"properties":{"well_id":"3500022657","municipality":"Campo Grande","hydro_unit":"Formação Serra Geral","domain":"Fraturada","layer_code":"T04","layer_name":"Evidência hidrogeológica datada","latest_evidence_date":"1982-03-27","latest_evidence_age_years":44.425279095395524,"dated_domains_n":1,"time_series_status":"UNKNOWN_SERIE_TEMPORAL_NAO_ADQUIRIDA"}},{"type":"Feature","geometry":{"type":"Point","coordinates":[-56.11972199999997,-21.463332999999977]},"properties":{"well_id":"3500022666","municipality":"Guia Lopes da Laguna","hydro_unit":"Formação Aquidauana","domain":"Granular","layer_code":"T04","layer_name":"Evidência hidrogeológica datada","latest_evidence_date":"1978-02-02","latest_evidence_age_years":48.57047030397612,"dated_domains_n":1,"time_series_status":"UNKNOWN_SERIE_TEMPORAL_NAO_ADQUIRIDA"}},{"type":"Feature","geometry":{"type":"Point","coordinates":[-55.15805499999993,-21.62611099999998]},"properties":{"well_id":"3500022857","municipality":"Maracaju","hydro_unit":"Formação Serra Geral","domain":"Fraturada","layer_code":"T04","layer_name":"Evidência hidrogeológica datada","latest_evidence_date":"2004-04-16","latest_evidence_age_years":22.368700247096108,"dated_domains_n":1,"time_series_status":"UNKNOWN_SERIE_TEMPORAL_NAO_ADQUIRIDA"}},{"type":"Feature","geometry":{"type":"Point","coordinates":[-54.654721999999936,-20.499999999999943]},"properties":{"well_id":"3500022887","municipality":"Campo Grande","hydro_unit":"Formação Serra Geral","domain":"Fraturada","layer_code":"T04","layer_name":"Evidência hidrogeológica datada","latest_evidence_date":"1976-11-13","latest_evidence_age_years":49.791576829092996,"dated_domains_n":1,"time_series_status":"UNKNOWN_SERIE_TEMPORAL_NAO_ADQUIRIDA"}},{"type":"Feature","geometry":{"type":"Point","coordinates":[-54.56888799999996,-20.466943999999955]},"properties":{"well_id":"3500022920","municipality":"Campo Grande","hydro_unit":"Formação Serra Geral","domain":"Fraturada","layer_code":"T04","layer_name":"Evidência hidrogeológica datada","latest_evidence_date":"1994-01-14","latest_evidence_age_years":32.62216198826807,"dated_domains_n":1,"time_series_status":"UNKNOWN_SERIE_TEMPORAL_NAO_ADQUIRIDA"}},{"type":"Feature","geometry":{"type":"Point","coordinates":[-53.767499999999984,-22.144721999999945]},"properties":{"well_id":"3500022937","municipality":"Angélica","hydro_unit":"Grupo Caiuá","domain":"Granular","layer_code":"T04","layer_name":"Evidência hidrogeológica datada","latest_evidence_date":"1978-03-17","latest_evidence_age_years":48.45274030267562,"dated_domains_n":1,"time_series_status":"UNKNOWN_SERIE_TEMPORAL_NAO_ADQUIRIDA"}},{"type":"Feature","geometry":{"type":"Point","coordinates":[-54.572221999999954,-20.402499999999975]},"properties":{"well_id":"3500022952","municipality":"Campo Grande","hydro_unit":"Formação Serra Geral","domain":"Fraturada","layer_code":"T04","layer_name":"Evidência hidrogeológica datada","latest_evidence_date":"1982-06-25","latest_evidence_age_years":44.17886746476656,"dated_domains_n":1,"time_series_status":"UNKNOWN_SERIE_TEMPORAL_NAO_ADQUIRIDA"}},{"type":"Feature","geometry":{"type":"Point","coordinates":[-52.87138799999997,-20.446387999999956]},"properties":{"well_id":"3500022960","municipality":"Água Clara","hydro_unit":"Grupo Caiuá","domain":"Granular","layer_code":"T04","layer_name":"Evidência hidrogeológica datada","latest_evidence_date":"2002-03-19","latest_evidence_age_years":24.446771665400384,"dated_domains_n":1,"time_series_status":"UNKNOWN_SERIE_TEMPORAL_NAO_ADQUIRIDA"}},{"type":"Feature","geometry":{"type":"Point","coordinates":[-52.872221999999965,-20.446387999999956]},"properties":{"well_id":"3500022969","municipality":"Água Clara","hydro_unit":"Grupo Caiuá","domain":"Granular","layer_code":"T04","layer_name":"Evidência hidrogeológica datada","latest_evidence_date":"2002-03-24","latest_evidence_age_years":24.43308213036544,"dated_domains_n":1,"time_series_status":"UNKNOWN_SERIE_TEMPORAL_NAO_ADQUIRIDA"}},{"type":"Feature","geometry":{"type":"Point","coordinates":[-54.84694399999995,-18.914999999999964]},"properties":{"well_id":"3500023007","municipality":"Rio Verde de Mato Grosso","hydro_unit":"Formação Furnas","domain":"Granular","layer_code":"T04","layer_name":"Evidência hidrogeológica datada","latest_evidence_date":"2002-05-12","latest_evidence_age_years":24.298924687023003,"dated_domains_n":1,"time_series_status":"UNKNOWN_SERIE_TEMPORAL_NAO_ADQUIRIDA"}},{"type":"Feature","geometry":{"type":"Point","coordinates":[-53.872499999999945,-20.42111099999994]},"properties":{"well_id":"3500023099","municipality":"Ribas do Rio Pardo","hydro_unit":"Grupo Caiuá","domain":"Granular","layer_code":"T04","layer_name":"Evidência hidrogeológica datada","latest_evidence_date":"1992-02-09","latest_evidence_age_years":34.552386428194964,"dated_domains_n":1,"time_series_status":"UNKNOWN_SERIE_TEMPORAL_NAO_ADQUIRIDA"}},{"type":"Feature","geometry":{"type":"Point","coordinates":[-54.57472199999995,-19.383332999999936]},"properties":{"well_id":"3500023102","municipality":"São Gabriel do Oeste","hydro_unit":"Grupo Bauru","domain":"Granular","layer_code":"T04","layer_name":"Evidência hidrogeológica datada","latest_evidence_date":"1980-02-20","latest_evidence_age_years":46.52251586274872,"dated_domains_n":1,"time_series_status":"UNKNOWN_SERIE_TEMPORAL_NAO_ADQUIRIDA"}},{"type":"Feature","geometry":{"type":"Point","coordinates":[-54.550277999999935,-18.114721999999972]},"properties":{"well_id":"3500027135","municipality":"Pedro Gomes","hydro_unit":"Formação Ponta Grossa","domain":"Granular","layer_code":"T04","layer_name":"Evidência hidrogeológica datada","latest_evidence_date":"2009-08-27","latest_evidence_age_years":17.00514042040562,"dated_domains_n":1,"time_series_status":"UNKNOWN_SERIE_TEMPORAL_NAO_ADQUIRIDA"}},{"type":"Feature","geometry":{"type":"Point","coordinates":[-53.771387999999945,-22.15916599999997]},"properties":{"well_id":"3500023172","municipality":"Angélica","hydro_unit":"Grupo Caiuá","domain":"Granular","layer_code":"T04","layer_name":"Evidência hidrogeológica datada","latest_evidence_date":"1978-03-21","latest_evidence_age_years":48.44178867464766,"dated_domains_n":1,"time_series_status":"UNKNOWN_SERIE_TEMPORAL_NAO_ADQUIRIDA"}},{"type":"Feature","geometry":{"type":"Point","coordinates":[-54.84777699999995,-18.92194399999994]},"properties":{"well_id":"3500023008","municipality":"Rio Verde de Mato Grosso","hydro_unit":"Formação Furnas","domain":"Granular","layer_code":"T04","layer_name":"Evidência hidrogeológica datada","latest_evidence_date":"1974-09-01","latest_evidence_age_years":51.99285406271176,"dated_domains_n":1,"time_series_status":"UNKNOWN_SERIE_TEMPORAL_NAO_ADQUIRIDA"}},{"type":"Feature","geometry":{"type":"Point","coordinates":[-54.165832999999964,-23.488887999999974]},"properties":{"well_id":"3500023365","municipality":"Itaquiraí","hydro_unit":"Grupo Caiuá","domain":"Granular","layer_code":"T04","layer_name":"Evidência hidrogeológica datada","latest_evidence_date":"1992-08-06","latest_evidence_age_years":34.06230107394402,"dated_domains_n":1,"time_series_status":"UNKNOWN_SERIE_TEMPORAL_NAO_ADQUIRIDA"}},{"type":"Feature","geometry":{"type":"Point","coordinates":[-54.83416699999998,-22.35527799999994]},"properties":{"well_id":"3500045632","municipality":"Dourados","hydro_unit":"Formação Serra Geral","domain":"Fraturada","layer_code":"T04","layer_name":"Evidência hidrogeológica datada","latest_evidence_date":"2012-06-20","latest_evidence_age_years":14.190572017221434,"dated_domains_n":1,"time_series_status":"UNKNOWN_SERIE_TEMPORAL_NAO_ADQUIRIDA"}},{"type":"Feature","geometry":{"type":"Point","coordinates":[-53.76722199999995,-20.440277999999978]},"properties":{"well_id":"3500027124","municipality":"Ribas do Rio Pardo","hydro_unit":"Grupo Caiuá","domain":"Granular","layer_code":"T04","layer_name":"Evidência hidrogeológica datada","latest_evidence_date":"2011-11-16","latest_evidence_age_years":14.78469783773794,"dated_domains_n":2,"time_series_status":"UNKNOWN_SERIE_TEMPORAL_NAO_ADQUIRIDA"}},{"type":"Feature","geometry":{"type":"Point","coordinates":[-51.73361099999994,-19.123054999999965]},"properties":{"well_id":"3500022561","municipality":"Cassilândia","hydro_unit":"Grupo Bauru","domain":"Granular","layer_code":"T04","layer_name":"Evidência hidrogeológica datada","latest_evidence_date":"2003-03-21","latest_evidence_age_years":23.4419597938356,"dated_domains_n":1,"time_series_status":"UNKNOWN_SERIE_TEMPORAL_NAO_ADQUIRIDA"}},{"type":"Feature","geometry":{"type":"Point","coordinates":[-54.639999999999986,-20.41888799999998]},"properties":{"well_id":"3500022927","municipality":"Campo Grande","hydro_unit":"Formação Serra Geral","domain":"Fraturada","layer_code":"T04","layer_name":"Evidência hidrogeológica datada","latest_evidence_date":"2003-08-20","latest_evidence_age_years":23.02579792877335,"dated_domains_n":1,"time_series_status":"UNKNOWN_SERIE_TEMPORAL_NAO_ADQUIRIDA"}},{"type":"Feature","geometry":{"type":"Point","coordinates":[-54.64694399999996,-20.42194399999994]},"properties":{"well_id":"3500065108","municipality":"Campo Grande","hydro_unit":"Formação Serra Geral","domain":"Fraturada","layer_code":"T04","layer_name":"Evidência hidrogeológica datada","latest_evidence_date":"2019-09-06","latest_evidence_age_years":6.978924960813706,"dated_domains_n":1,"time_series_status":"UNKNOWN_SERIE_TEMPORAL_NAO_ADQUIRIDA"}},{"type":"Feature","geometry":{"type":"Point","coordinates":[-54.630555999999956,-18.55611099999993]},"properties":{"well_id":"3500027166","municipality":"Coxim","hydro_unit":"Formação Ponta Grossa","domain":"Granular","layer_code":"T04","layer_name":"Evidência hidrogeológica datada","latest_evidence_date":"2009-08-27","latest_evidence_age_years":17.00514042040562,"dated_domains_n":1,"time_series_status":"UNKNOWN_SERIE_TEMPORAL_NAO_ADQUIRIDA"}},{"type":"Feature","geometry":{"type":"Point","coordinates":[-54.550832999999955,-20.47111099999995]},"properties":{"well_id":"3500045329","municipality":"Campo Grande","hydro_unit":"Formação Serra Geral","domain":"Fraturada","layer_code":"T04","layer_name":"Evidência hidrogeológica datada","latest_evidence_date":"2009-09-24","latest_evidence_age_years":16.928479024209942,"dated_domains_n":2,"time_series_status":"UNKNOWN_SERIE_TEMPORAL_NAO_ADQUIRIDA"}},{"type":"Feature","geometry":{"type":"Point","coordinates":[-55.291110999999944,-20.71111099999996]},"properties":{"well_id":"3500026953","municipality":"Dois Irmãos do Buriti","hydro_unit":"Formação Serra Geral","domain":"Fraturada","layer_code":"T04","layer_name":"Evidência hidrogeológica datada","latest_evidence_date":"2008-10-20","latest_evidence_age_years":17.856629499579046,"dated_domains_n":1,"time_series_status":"UNKNOWN_SERIE_TEMPORAL_NAO_ADQUIRIDA"}},{"type":"Feature","geometry":{"type":"Point","coordinates":[-54.52583299999998,-19.30583299999995]},"properties":{"well_id":"3500026921","municipality":"São Gabriel do Oeste","hydro_unit":"Grupo Bauru","domain":"Granular","layer_code":"T04","layer_name":"Evidência hidrogeológica datada","latest_evidence_date":"2008-06-17","latest_evidence_age_years":18.19886787545261,"dated_domains_n":1,"time_series_status":"UNKNOWN_SERIE_TEMPORAL_NAO_ADQUIRIDA"}},{"type":"Feature","geometry":{"type":"Point","coordinates":[-55.58611099999996,-23.023887999999943]},"properties":{"well_id":"3500023159","municipality":"Aral Moreira","hydro_unit":"Formação Serra Geral","domain":"Fraturada","layer_code":"T04","layer_name":"Evidência hidrogeológica datada","latest_evidence_date":"1981-05-08","latest_evidence_age_years":45.30962305865281,"dated_domains_n":2,"time_series_status":"UNKNOWN_SERIE_TEMPORAL_NAO_ADQUIRIDA"}},{"type":"Feature","geometry":{"type":"Point","coordinates":[-51.67749999999995,-20.78444399999995]},"properties":{"well_id":"3500026943","municipality":"Três Lagoas","hydro_unit":"Grupo Caiuá","domain":"Granular","layer_code":"T04","layer_name":"Evidência hidrogeológica datada","latest_evidence_date":"2008-10-09","latest_evidence_age_years":17.88674647665592,"dated_domains_n":1,"time_series_status":"UNKNOWN_SERIE_TEMPORAL_NAO_ADQUIRIDA"}},{"type":"Feature","geometry":{"type":"Point","coordinates":[-54.701666999999986,-21.52472199999994]},"properties":{"well_id":"3500026975","municipality":"Rio Brilhante","hydro_unit":"Formação Serra Geral","domain":"Fraturada","layer_code":"T04","layer_name":"Evidência hidrogeológica datada","latest_evidence_date":"2007-07-17","latest_evidence_age_years":19.11880462980075,"dated_domains_n":1,"time_series_status":"UNKNOWN_SERIE_TEMPORAL_NAO_ADQUIRIDA"}},{"type":"Feature","geometry":{"type":"Point","coordinates":[-54.78972199999998,-22.056666999999948]},"properties":{"well_id":"3500027002","municipality":"Itaporã","hydro_unit":"Formação Serra Geral","domain":"Fraturada","layer_code":"T04","layer_name":"Evidência hidrogeológica datada","latest_evidence_date":"2008-10-19","latest_evidence_age_years":17.859367406586035,"dated_domains_n":1,"time_series_status":"UNKNOWN_SERIE_TEMPORAL_NAO_ADQUIRIDA"}},{"type":"Feature","geometry":{"type":"Point","coordinates":[-52.61999999999995,-18.813332999999943]},"properties":{"well_id":"3500027280","municipality":"Chapadão do Sul","hydro_unit":"Formação Cachoeirinha","domain":"Granular","layer_code":"T04","layer_name":"Evidência hidrogeológica datada","latest_evidence_date":"2011-04-12","latest_evidence_age_years":15.381561565261435,"dated_domains_n":2,"time_series_status":"UNKNOWN_SERIE_TEMPORAL_NAO_ADQUIRIDA"}},{"type":"Feature","geometry":{"type":"Point","coordinates":[-55.426387999999974,-23.88999999999993]},"properties":{"well_id":"3500023351","municipality":"Paranhos","hydro_unit":"Grupo Caiuá","domain":"Granular","layer_code":"T04","layer_name":"Evidência hidrogeológica datada","latest_evidence_date":"1981-10-13","latest_evidence_age_years":44.87703375154863,"dated_domains_n":2,"time_series_status":"UNKNOWN_SERIE_TEMPORAL_NAO_ADQUIRIDA"}},{"type":"Feature","geometry":{"type":"Point","coordinates":[-54.82111099999997,-22.631943999999976]},"properties":{"well_id":"3500023369","municipality":"Caarapó","hydro_unit":"Grupo Caiuá","domain":"Granular","layer_code":"T04","layer_name":"Evidência hidrogeológica datada","latest_evidence_date":"1980-10-21","latest_evidence_age_years":45.85446655304352,"dated_domains_n":2,"time_series_status":"UNKNOWN_SERIE_TEMPORAL_NAO_ADQUIRIDA"}},{"type":"Feature","geometry":{"type":"Point","coordinates":[-54.82361099999997,-22.642499999999927]},"properties":{"well_id":"3500023370","municipality":"Caarapó","hydro_unit":"Grupo Caiuá","domain":"Granular","layer_code":"T04","layer_name":"Evidência hidrogeológica datada","latest_evidence_date":"1984-07-23","latest_evidence_age_years":42.10079604646228,"dated_domains_n":2,"time_series_status":"UNKNOWN_SERIE_TEMPORAL_NAO_ADQUIRIDA"}},{"type":"Feature","geometry":{"type":"Point","coordinates":[-51.40833299999997,-19.184721999999965]},"properties":{"well_id":"3500023388","municipality":"Paranaíba","hydro_unit":"Formação Serra Geral","domain":"Fraturada","layer_code":"T04","layer_name":"Evidência hidrogeológica datada","latest_evidence_date":"1987-07-05","latest_evidence_age_years":39.15207019993566,"dated_domains_n":1,"time_series_status":"UNKNOWN_SERIE_TEMPORAL_NAO_ADQUIRIDA"}},{"type":"Feature","geometry":{"type":"Point","coordinates":[-55.05388799999997,-20.644443999999964]},"properties":{"well_id":"3500023209","municipality":"Terenos","hydro_unit":"Formação Serra Geral","domain":"Fraturada","layer_code":"T04","layer_name":"Evidência hidrogeológica datada","latest_evidence_date":"1985-07-14","latest_evidence_age_years":41.126101151974375,"dated_domains_n":1,"time_series_status":"UNKNOWN_SERIE_TEMPORAL_NAO_ADQUIRIDA"}},{"type":"Feature","geometry":{"type":"Point","coordinates":[-54.636387999999954,-19.110554999999977]},"properties":{"well_id":"3500023232","municipality":"São Gabriel do Oeste","hydro_unit":"Grupo Bauru","domain":"Granular","layer_code":"T04","layer_name":"Evidência hidrogeológica datada","latest_evidence_date":"1988-07-08","latest_evidence_age_years":38.1417825143569,"dated_domains_n":1,"time_series_status":"UNKNOWN_SERIE_TEMPORAL_NAO_ADQUIRIDA"}},{"type":"Feature","geometry":{"type":"Point","coordinates":[-51.17027699999994,-19.699165999999934]},"properties":{"well_id":"3500023323","municipality":"Paranaíba","hydro_unit":"Grupo Bauru","domain":"Granular","layer_code":"T04","layer_name":"Evidência hidrogeológica datada","latest_evidence_date":"1987-07-01","latest_evidence_age_years":39.16302182796361,"dated_domains_n":1,"time_series_status":"UNKNOWN_SERIE_TEMPORAL_NAO_ADQUIRIDA"}},{"type":"Feature","geometry":{"type":"Point","coordinates":[-54.64027699999997,-20.41888799999998]},"properties":{"well_id":"3500023394","municipality":"Campo Grande","hydro_unit":"Formação Serra Geral","domain":"Fraturada","layer_code":"T04","layer_name":"Evidência hidrogeológica datada","latest_evidence_date":"1997-04-30","latest_evidence_age_years":29.33119776586788,"dated_domains_n":1,"time_series_status":"UNKNOWN_SERIE_TEMPORAL_NAO_ADQUIRIDA"}},{"type":"Feature","geometry":{"type":"Point","coordinates":[-55.03416599999997,-23.97361099999995]},"properties":{"well_id":"3500023354","municipality":"Sete Quedas","hydro_unit":"Grupo Caiuá","domain":"Granular","layer_code":"T04","layer_name":"Evidência hidrogeológica datada","latest_evidence_date":"1992-10-15","latest_evidence_age_years":33.870647583454826,"dated_domains_n":1,"time_series_status":"UNKNOWN_SERIE_TEMPORAL_NAO_ADQUIRIDA"}},{"type":"Feature","geometry":{"type":"Point","coordinates":[-53.362221999999974,-22.256388999999956]},"properties":{"well_id":"3500027267","municipality":"Nova Andradina","hydro_unit":"Grupo Caiuá","domain":"Granular","layer_code":"T04","layer_name":"Evidência hidrogeológica datada","latest_evidence_date":"2010-01-26","latest_evidence_age_years":16.588978555343367,"dated_domains_n":2,"time_series_status":"UNKNOWN_SERIE_TEMPORAL_NAO_ADQUIRIDA"}},{"type":"Feature","geometry":{"type":"Point","coordinates":[-54.87055499999997,-20.439165999999943]},"properties":{"well_id":"3500022822","municipality":"Terenos","hydro_unit":"Formação Serra Geral","domain":"Fraturada","layer_code":"T04","layer_name":"Evidência hidrogeológica datada","latest_evidence_date":"1984-07-16","latest_evidence_age_years":42.119961395511204,"dated_domains_n":1,"time_series_status":"UNKNOWN_SERIE_TEMPORAL_NAO_ADQUIRIDA"}},{"type":"Feature","geometry":{"type":"Point","coordinates":[-54.64305499999995,-20.468332999999973]},"properties":{"well_id":"3500022472","municipality":"Campo Grande","hydro_unit":"Formação Serra Geral","domain":"Fraturada","layer_code":"T04","layer_name":"Evidência hidrogeológica datada","latest_evidence_date":"1992-08-27","latest_evidence_age_years":34.004805026797264,"dated_domains_n":1,"time_series_status":"UNKNOWN_SERIE_TEMPORAL_NAO_ADQUIRIDA"}},{"type":"Feature","geometry":{"type":"Point","coordinates":[-54.039999999999964,-19.558332999999948]},"properties":{"well_id":"3500022596","municipality":"Camapuã","hydro_unit":"Formação Botucatu","domain":"Granular","layer_code":"T04","layer_name":"Evidência hidrogeológica datada","latest_evidence_date":"1994-10-01","latest_evidence_age_years":31.910306166451058,"dated_domains_n":1,"time_series_status":"UNKNOWN_SERIE_TEMPORAL_NAO_ADQUIRIDA"}},{"type":"Feature","geometry":{"type":"Point","coordinates":[-55.82361099999997,-21.143332999999927]},"properties":{"well_id":"3500022801","municipality":"Nioaque","hydro_unit":"Formação Botucatu","domain":"Granular","layer_code":"T04","layer_name":"Evidência hidrogeológica datada","latest_evidence_date":"1987-05-15","latest_evidence_age_years":39.29170345729207,"dated_domains_n":1,"time_series_status":"UNKNOWN_SERIE_TEMPORAL_NAO_ADQUIRIDA"}},{"type":"Feature","geometry":{"type":"Point","coordinates":[-54.539443999999946,-21.803610999999933]},"properties":{"well_id":"3500022873","municipality":"Rio Brilhante","hydro_unit":"Formação Serra Geral","domain":"Fraturada","layer_code":"T04","layer_name":"Evidência hidrogeológica datada","latest_evidence_date":"1987-04-29","latest_evidence_age_years":39.33550996940389,"dated_domains_n":1,"time_series_status":"UNKNOWN_SERIE_TEMPORAL_NAO_ADQUIRIDA"}},{"type":"Feature","geometry":{"type":"Point","coordinates":[-54.61666599999995,-22.13166599999994]},"properties":{"well_id":"3500022882","municipality":"Dourados","hydro_unit":"Formação Serra Geral","domain":"Fraturada","layer_code":"T04","layer_name":"Evidência hidrogeológica datada","latest_evidence_date":"1973-03-07","latest_evidence_age_years":53.47953756750652,"dated_domains_n":1,"time_series_status":"UNKNOWN_SERIE_TEMPORAL_NAO_ADQUIRIDA"}},{"type":"Feature","geometry":{"type":"Point","coordinates":[-53.75583299999994,-20.43999999999994]},"properties":{"well_id":"3500022980","municipality":"Ribas do Rio Pardo","hydro_unit":"Grupo Caiuá","domain":"Granular","layer_code":"T04","layer_name":"Evidência hidrogeológica datada","latest_evidence_date":"1979-08-31","latest_evidence_age_years":46.99617377495773,"dated_domains_n":1,"time_series_status":"UNKNOWN_SERIE_TEMPORAL_NAO_ADQUIRIDA"}},{"type":"Feature","geometry":{"type":"Point","coordinates":[-53.640832999999986,-18.675554999999974]},"properties":{"well_id":"3500023241","municipality":"Figueirão","hydro_unit":"Formação Botucatu","domain":"Granular","layer_code":"T04","layer_name":"Evidência hidrogeológica datada","latest_evidence_date":"1984-06-03","latest_evidence_age_years":42.237691396811705,"dated_domains_n":1,"time_series_status":"UNKNOWN_SERIE_TEMPORAL_NAO_ADQUIRIDA"}},{"type":"Feature","geometry":{"type":"Point","coordinates":[-54.758888999999954,-19.646110999999962]},"properties":{"well_id":"3500065127","municipality":"Corguinho","hydro_unit":"Formação Botucatu","domain":"Granular","layer_code":"T04","layer_name":"Evidência hidrogeológica datada","latest_evidence_date":"2019-09-09","latest_evidence_age_years":6.97071123979274,"dated_domains_n":1,"time_series_status":"UNKNOWN_SERIE_TEMPORAL_NAO_ADQUIRIDA"}},{"type":"Feature","geometry":{"type":"Point","coordinates":[-51.87305599999996,-20.79333299999996]},"properties":{"well_id":"3500045623","municipality":"Três Lagoas","hydro_unit":"Grupo Caiuá","domain":"Granular","layer_code":"T04","layer_name":"Evidência hidrogeológica datada","latest_evidence_date":"2010-11-16","latest_evidence_age_years":15.784033895288745,"dated_domains_n":2,"time_series_status":"UNKNOWN_SERIE_TEMPORAL_NAO_ADQUIRIDA"}},{"type":"Feature","geometry":{"type":"Point","coordinates":[-54.66194399999995,-20.48138799999998]},"properties":{"well_id":"3500022487","municipality":"Campo Grande","hydro_unit":"Formação Serra Geral","domain":"Fraturada","layer_code":"T04","layer_name":"Evidência hidrogeológica datada","latest_evidence_date":"1996-07-04","latest_evidence_age_years":30.152569867964434,"dated_domains_n":1,"time_series_status":"UNKNOWN_SERIE_TEMPORAL_NAO_ADQUIRIDA"}},{"type":"Feature","geometry":{"type":"Point","coordinates":[-54.623054999999965,-20.436665999999946]},"properties":{"well_id":"3500022495","municipality":"Campo Grande","hydro_unit":"Formação Serra Geral","domain":"Fraturada","layer_code":"T04","layer_name":"Evidência hidrogeológica datada","latest_evidence_date":"1984-12-13","latest_evidence_age_years":41.709275344462924,"dated_domains_n":1,"time_series_status":"UNKNOWN_SERIE_TEMPORAL_NAO_ADQUIRIDA"}},{"type":"Feature","geometry":{"type":"Point","coordinates":[-54.66083299999997,-20.41916599999996]},"properties":{"well_id":"3500022523","municipality":"Campo Grande","hydro_unit":"Formação Serra Geral","domain":"Fraturada","layer_code":"T04","layer_name":"Evidência hidrogeológica datada","latest_evidence_date":"1994-12-15","latest_evidence_age_years":31.704963140926917,"dated_domains_n":1,"time_series_status":"UNKNOWN_SERIE_TEMPORAL_NAO_ADQUIRIDA"}},{"type":"Feature","geometry":{"type":"Point","coordinates":[-54.582221999999945,-20.685276999999928]},"properties":{"well_id":"3500022532","municipality":"Campo Grande","hydro_unit":"Formação Serra Geral","domain":"Fraturada","layer_code":"T04","layer_name":"Evidência hidrogeológica datada","latest_evidence_date":"1997-06-26","latest_evidence_age_years":29.175137066469535,"dated_domains_n":1,"time_series_status":"UNKNOWN_SERIE_TEMPORAL_NAO_ADQUIRIDA"}},{"type":"Feature","geometry":{"type":"Point","coordinates":[-54.65611099999995,-20.53361099999995]},"properties":{"well_id":"3500022536","municipality":"Campo Grande","hydro_unit":"Formação Serra Geral","domain":"Fraturada","layer_code":"T04","layer_name":"Evidência hidrogeológica datada","latest_evidence_date":"1996-01-27","latest_evidence_age_years":30.587897082075607,"dated_domains_n":1,"time_series_status":"UNKNOWN_SERIE_TEMPORAL_NAO_ADQUIRIDA"}},{"type":"Feature","geometry":{"type":"Point","coordinates":[-53.83666599999998,-22.309721999999965]},"properties":{"well_id":"3500022545","municipality":"Ivinhema","hydro_unit":"Grupo Caiuá","domain":"Granular","layer_code":"T04","layer_name":"Evidência hidrogeológica datada","latest_evidence_date":"1978-04-10","latest_evidence_age_years":48.38703053450789,"dated_domains_n":1,"time_series_status":"UNKNOWN_SERIE_TEMPORAL_NAO_ADQUIRIDA"}},{"type":"Feature","geometry":{"type":"Point","coordinates":[-51.74999999999994,-19.10749999999996]},"properties":{"well_id":"3500022562","municipality":"Cassilândia","hydro_unit":"Grupo Bauru","domain":"Granular","layer_code":"T04","layer_name":"Evidência hidrogeológica datada","latest_evidence_date":"1984-01-23","latest_evidence_age_years":42.59909512173419,"dated_domains_n":1,"time_series_status":"UNKNOWN_SERIE_TEMPORAL_NAO_ADQUIRIDA"}},{"type":"Feature","geometry":{"type":"Point","coordinates":[-55.45083299999993,-22.22277699999995]},"properties":{"well_id":"3500022623","municipality":"Ponta Porã","hydro_unit":"Formação Serra Geral","domain":"Fraturada","layer_code":"T04","layer_name":"Evidência hidrogeológica datada","latest_evidence_date":"2002-02-04","latest_evidence_age_years":24.56450166670089,"dated_domains_n":1,"time_series_status":"UNKNOWN_SERIE_TEMPORAL_NAO_ADQUIRIDA"}},{"type":"Feature","geometry":{"type":"Point","coordinates":[-57.73999999999995,-19.071665999999937]},"properties":{"well_id":"3500022625","municipality":"Corumbá","hydro_unit":"Embasamento Indiferenciado","domain":"Fraturada","layer_code":"T04","layer_name":"Evidência hidrogeológica datada","latest_evidence_date":"1994-02-24","latest_evidence_age_years":32.50990780098154,"dated_domains_n":1,"time_series_status":"UNKNOWN_SERIE_TEMPORAL_NAO_ADQUIRIDA"}},{"type":"Feature","geometry":{"type":"Point","coordinates":[-54.96444399999996,-19.29472199999998]},"properties":{"well_id":"3500022639","municipality":"Rio Negro","hydro_unit":"Formação Furnas","domain":"Granular","layer_code":"T04","layer_name":"Evidência hidrogeológica datada","latest_evidence_date":"1984-05-03","latest_evidence_age_years":42.32256651402835,"dated_domains_n":1,"time_series_status":"UNKNOWN_SERIE_TEMPORAL_NAO_ADQUIRIDA"}},{"type":"Feature","geometry":{"type":"Point","coordinates":[-53.59805499999993,-22.383332999999936]},"properties":{"well_id":"3500022645","municipality":"Ivinhema","hydro_unit":"Grupo Caiuá","domain":"Granular","layer_code":"T04","layer_name":"Evidência hidrogeológica datada","latest_evidence_date":"2001-11-28","latest_evidence_age_years":24.75067934317611,"dated_domains_n":1,"time_series_status":"UNKNOWN_SERIE_TEMPORAL_NAO_ADQUIRIDA"}},{"type":"Feature","geometry":{"type":"Point","coordinates":[-54.371110999999985,-21.447499999999934]},"properties":{"well_id":"3500022648","municipality":"Nova Alvorada do Sul","hydro_unit":"Formação Serra Geral","domain":"Fraturada","layer_code":"T04","layer_name":"Evidência hidrogeológica datada","latest_evidence_date":"2002-03-06","latest_evidence_age_years":24.482364456491236,"dated_domains_n":1,"time_series_status":"UNKNOWN_SERIE_TEMPORAL_NAO_ADQUIRIDA"}},{"type":"Feature","geometry":{"type":"Point","coordinates":[-54.55416599999995,-20.441110999999978]},"properties":{"well_id":"3500022670","municipality":"Campo Grande","hydro_unit":"Formação Serra Geral","domain":"Fraturada","layer_code":"T04","layer_name":"Evidência hidrogeológica datada","latest_evidence_date":"1997-01-06","latest_evidence_age_years":29.64331916466457,"dated_domains_n":1,"time_series_status":"UNKNOWN_SERIE_TEMPORAL_NAO_ADQUIRIDA"}},{"type":"Feature","geometry":{"type":"Point","coordinates":[-53.82805499999995,-22.304165999999952]},"properties":{"well_id":"3500022676","municipality":"Ivinhema","hydro_unit":"Grupo Caiuá","domain":"Granular","layer_code":"T04","layer_name":"Evidência hidrogeológica datada","latest_evidence_date":"1991-06-11","latest_evidence_age_years":35.21769783089317,"dated_domains_n":1,"time_series_status":"UNKNOWN_SERIE_TEMPORAL_NAO_ADQUIRIDA"}},{"type":"Feature","geometry":{"type":"Point","coordinates":[-54.19222199999996,-23.052776999999935]},"properties":{"well_id":"3500022721","municipality":"Naviraí","hydro_unit":"Grupo Caiuá","domain":"Granular","layer_code":"T04","layer_name":"Evidência hidrogeológica datada","latest_evidence_date":"1993-12-14","latest_evidence_age_years":32.70703710548471,"dated_domains_n":1,"time_series_status":"UNKNOWN_SERIE_TEMPORAL_NAO_ADQUIRIDA"}},{"type":"Feature","geometry":{"type":"Point","coordinates":[-55.77777699999996,-20.47194399999995]},"properties":{"well_id":"3500022761","municipality":"Aquidauana","hydro_unit":"Formação Aquidauana","domain":"Granular","layer_code":"T04","layer_name":"Evidência hidrogeológica datada","latest_evidence_date":"1969-01-02","latest_evidence_age_years":57.65484575316399,"dated_domains_n":1,"time_series_status":"UNKNOWN_SERIE_TEMPORAL_NAO_ADQUIRIDA"}},{"type":"Feature","geometry":{"type":"Point","coordinates":[-55.76333299999993,-20.47305499999993]},"properties":{"well_id":"3500022771","municipality":"Aquidauana","hydro_unit":"Formação Aquidauana","domain":"Granular","layer_code":"T04","layer_name":"Evidência hidrogeológica datada","latest_evidence_date":"1981-01-02","latest_evidence_age_years":45.65459934153336,"dated_domains_n":1,"time_series_status":"UNKNOWN_SERIE_TEMPORAL_NAO_ADQUIRIDA"}},{"type":"Feature","geometry":{"type":"Point","coordinates":[-56.69027699999998,-20.553332999999952]},"properties":{"well_id":"3500022772","municipality":"Bodoquena","hydro_unit":"Grupo Cuiaba","domain":"Fraturada","layer_code":"T04","layer_name":"Evidência hidrogeológica datada","latest_evidence_date":"2005-02-25","latest_evidence_age_years":21.506259539894728,"dated_domains_n":1,"time_series_status":"UNKNOWN_SERIE_TEMPORAL_NAO_ADQUIRIDA"}},{"type":"Feature","geometry":{"type":"Point","coordinates":[-56.37999999999994,-20.258610999999974]},"properties":{"well_id":"3500022793","municipality":"Miranda","hydro_unit":"Grupo Cuiaba","domain":"Fraturada","layer_code":"T04","layer_name":"Evidência hidrogeológica datada","latest_evidence_date":"1991-06-01","latest_evidence_age_years":35.245076900963056,"dated_domains_n":1,"time_series_status":"UNKNOWN_SERIE_TEMPORAL_NAO_ADQUIRIDA"}},{"type":"Feature","geometry":{"type":"Point","coordinates":[-56.884999999999934,-20.538610999999946]},"properties":{"well_id":"3500022795","municipality":"Bodoquena","hydro_unit":"Grupo Corumbá","domain":"Cárstica","layer_code":"T04","layer_name":"Evidência hidrogeológica datada","latest_evidence_date":"1981-04-25","latest_evidence_age_years":45.34521584974366,"dated_domains_n":1,"time_series_status":"UNKNOWN_SERIE_TEMPORAL_NAO_ADQUIRIDA"}},{"type":"Feature","geometry":{"type":"Point","coordinates":[-54.81555499999996,-22.206943999999964]},"properties":{"well_id":"3500022836","municipality":"Dourados","hydro_unit":"Formação Serra Geral","domain":"Fraturada","layer_code":"T04","layer_name":"Evidência hidrogeológica datada","latest_evidence_date":"1981-01-02","latest_evidence_age_years":45.65459934153336,"dated_domains_n":1,"time_series_status":"UNKNOWN_SERIE_TEMPORAL_NAO_ADQUIRIDA"}},{"type":"Feature","geometry":{"type":"Point","coordinates":[-54.79916599999996,-22.079721999999947]},"properties":{"well_id":"3500022853","municipality":"Itaporã","hydro_unit":"Formação Serra Geral","domain":"Fraturada","layer_code":"T04","layer_name":"Evidência hidrogeológica datada","latest_evidence_date":"2003-10-16","latest_evidence_age_years":22.869737229375005,"dated_domains_n":1,"time_series_status":"UNKNOWN_SERIE_TEMPORAL_NAO_ADQUIRIDA"}},{"type":"Feature","geometry":{"type":"Point","coordinates":[-55.163887999999986,-21.609721999999977]},"properties":{"well_id":"3500022861","municipality":"Maracaju","hydro_unit":"Formação Serra Geral","domain":"Fraturada","layer_code":"T04","layer_name":"Evidência hidrogeológica datada","latest_evidence_date":"2005-03-15","latest_evidence_age_years":21.456977213768933,"dated_domains_n":1,"time_series_status":"UNKNOWN_SERIE_TEMPORAL_NAO_ADQUIRIDA"}},{"type":"Feature","geometry":{"type":"Point","coordinates":[-55.16749999999996,-21.62694399999998]},"properties":{"well_id":"3500022862","municipality":"Maracaju","hydro_unit":"Formação Serra Geral","domain":"Fraturada","layer_code":"T04","layer_name":"Evidência hidrogeológica datada","latest_evidence_date":"2006-01-30","latest_evidence_age_years":20.578109064525623,"dated_domains_n":1,"time_series_status":"UNKNOWN_SERIE_TEMPORAL_NAO_ADQUIRIDA"}},{"type":"Feature","geometry":{"type":"Point","coordinates":[-54.542776999999944,-21.801943999999935]},"properties":{"well_id":"3500022876","municipality":"Rio Brilhante","hydro_unit":"Formação Serra Geral","domain":"Fraturada","layer_code":"T04","layer_name":"Evidência hidrogeológica datada","latest_evidence_date":"1975-02-27","latest_evidence_age_years":51.50276870846081,"dated_domains_n":1,"time_series_status":"UNKNOWN_SERIE_TEMPORAL_NAO_ADQUIRIDA"}},{"type":"Feature","geometry":{"type":"Point","coordinates":[-54.569999999999936,-20.484999999999957]},"properties":{"well_id":"3500022917","municipality":"Campo Grande","hydro_unit":"Formação Serra Geral","domain":"Fraturada","layer_code":"T04","layer_name":"Evidência hidrogeológica datada","latest_evidence_date":"1995-04-12","latest_evidence_age_years":31.381890114102273,"dated_domains_n":1,"time_series_status":"UNKNOWN_SERIE_TEMPORAL_NAO_ADQUIRIDA"}},{"type":"Feature","geometry":{"type":"Point","coordinates":[-54.57166599999994,-20.559721999999965]},"properties":{"well_id":"3500022921","municipality":"Campo Grande","hydro_unit":"Formação Serra Geral","domain":"Fraturada","layer_code":"T04","layer_name":"Evidência hidrogeológica datada","latest_evidence_date":"1994-06-26","latest_evidence_age_years":32.17588314612894,"dated_domains_n":1,"time_series_status":"UNKNOWN_SERIE_TEMPORAL_NAO_ADQUIRIDA"}},{"type":"Feature","geometry":{"type":"Point","coordinates":[-54.61722199999997,-20.552499999999952]},"properties":{"well_id":"3500022923","municipality":"Campo Grande","hydro_unit":"Formação Serra Geral","domain":"Fraturada","layer_code":"T04","layer_name":"Evidência hidrogeológica datada","latest_evidence_date":"1993-11-25","latest_evidence_age_years":32.759057338617495,"dated_domains_n":1,"time_series_status":"UNKNOWN_SERIE_TEMPORAL_NAO_ADQUIRIDA"}},{"type":"Feature","geometry":{"type":"Point","coordinates":[-54.62555499999996,-20.436110999999983]},"properties":{"well_id":"3500022951","municipality":"Campo Grande","hydro_unit":"Formação Serra Geral","domain":"Fraturada","layer_code":"T04","layer_name":"Evidência hidrogeológica datada","latest_evidence_date":"1982-10-20","latest_evidence_age_years":43.858532344948905,"dated_domains_n":1,"time_series_status":"UNKNOWN_SERIE_TEMPORAL_NAO_ADQUIRIDA"}},{"type":"Feature","geometry":{"type":"Point","coordinates":[-52.87999999999994,-20.445554999999956]},"properties":{"well_id":"3500022966","municipality":"Água Clara","hydro_unit":"Grupo Caiuá","domain":"Granular","layer_code":"T04","layer_name":"Evidência hidrogeológica datada","latest_evidence_date":"1979-12-23","latest_evidence_age_years":46.68405237616104,"dated_domains_n":1,"time_series_status":"UNKNOWN_SERIE_TEMPORAL_NAO_ADQUIRIDA"}},{"type":"Feature","geometry":{"type":"Point","coordinates":[-54.405554999999936,-23.893610999999964]},"properties":{"well_id":"3500023025","municipality":"Japorã","hydro_unit":"Grupo Caiuá","domain":"Granular","layer_code":"T04","layer_name":"Evidência hidrogeológica datada","latest_evidence_date":"1986-11-28","latest_evidence_age_years":39.751671834466144,"dated_domains_n":1,"time_series_status":"UNKNOWN_SERIE_TEMPORAL_NAO_ADQUIRIDA"}},{"type":"Feature","geometry":{"type":"Point","coordinates":[-53.85777699999994,-22.651665999999977]},"properties":{"well_id":"3500023109","municipality":"Novo Horizonte do Sul","hydro_unit":"Grupo Caiuá","domain":"Granular","layer_code":"T04","layer_name":"Evidência hidrogeológica datada","latest_evidence_date":"1990-11-07","latest_evidence_age_years":35.809085744402694,"dated_domains_n":1,"time_series_status":"UNKNOWN_SERIE_TEMPORAL_NAO_ADQUIRIDA"}},{"type":"Feature","geometry":{"type":"Point","coordinates":[-57.694443999999976,-19.090554999999938]},"properties":{"well_id":"3500023115","municipality":"Corumbá","hydro_unit":"Embasamento Indiferenciado","domain":"Fraturada","layer_code":"T04","layer_name":"Evidência hidrogeológica datada","latest_evidence_date":"2001-10-10","latest_evidence_age_years":24.884836786518544,"dated_domains_n":1,"time_series_status":"UNKNOWN_SERIE_TEMPORAL_NAO_ADQUIRIDA"}},{"type":"Feature","geometry":{"type":"Point","coordinates":[-53.26333299999993,-22.29499999999996]},"properties":{"well_id":"3500027026","municipality":"Batayporã","hydro_unit":"Grupo Caiuá","domain":"Granular","layer_code":"T04","layer_name":"Evidência hidrogeológica datada","latest_evidence_date":"2009-08-27","latest_evidence_age_years":17.00514042040562,"dated_domains_n":1,"time_series_status":"UNKNOWN_SERIE_TEMPORAL_NAO_ADQUIRIDA"}},{"type":"Feature","geometry":{"type":"Point","coordinates":[-54.74999999999994,-17.583610999999962]},"properties":{"well_id":"3500027058","municipality":"Sonora","hydro_unit":"Formação Furnas","domain":"Granular","layer_code":"T04","layer_name":"Evidência hidrogeológica datada","latest_evidence_date":"2009-08-27","latest_evidence_age_years":17.00514042040562,"dated_domains_n":1,"time_series_status":"UNKNOWN_SERIE_TEMPORAL_NAO_ADQUIRIDA"}},{"type":"Feature","geometry":{"type":"Point","coordinates":[-54.16722199999998,-22.291943999999944]},"properties":{"well_id":"3500027082","municipality":"Deodápolis","hydro_unit":"Grupo Caiuá","domain":"Granular","layer_code":"T04","layer_name":"Evidência hidrogeológica datada","latest_evidence_date":"2009-11-23","latest_evidence_age_years":16.76420460379063,"dated_domains_n":2,"time_series_status":"UNKNOWN_SERIE_TEMPORAL_NAO_ADQUIRIDA"}},{"type":"Feature","geometry":{"type":"Point","coordinates":[-52.412499999999966,-21.716388999999936]},"properties":{"well_id":"3500027085","municipality":"Bataguassu","hydro_unit":"Grupo Caiuá","domain":"Granular","layer_code":"T04","layer_name":"Evidência hidrogeológica datada","latest_evidence_date":"2002-05-25","latest_evidence_age_years":24.263331895932154,"dated_domains_n":1,"time_series_status":"UNKNOWN_SERIE_TEMPORAL_NAO_ADQUIRIDA"}},{"type":"Feature","geometry":{"type":"Point","coordinates":[-54.81555599999996,-22.25166699999994]},"properties":{"well_id":"3500027115","municipality":"Dourados","hydro_unit":"Formação Serra Geral","domain":"Fraturada","layer_code":"T04","layer_name":"Evidência hidrogeológica datada","latest_evidence_date":"2009-08-27","latest_evidence_age_years":17.00514042040562,"dated_domains_n":1,"time_series_status":"UNKNOWN_SERIE_TEMPORAL_NAO_ADQUIRIDA"}},{"type":"Feature","geometry":{"type":"Point","coordinates":[-54.04138899999998,-19.529443999999955]},"properties":{"well_id":"3500027117","municipality":"Camapuã","hydro_unit":"Formação Botucatu","domain":"Granular","layer_code":"T04","layer_name":"Evidência hidrogeológica datada","latest_evidence_date":"2009-08-27","latest_evidence_age_years":17.00514042040562,"dated_domains_n":1,"time_series_status":"UNKNOWN_SERIE_TEMPORAL_NAO_ADQUIRIDA"}},{"type":"Feature","geometry":{"type":"Point","coordinates":[-54.28361099999995,-23.788055999999983]},"properties":{"well_id":"3500027120","municipality":"Eldorado","hydro_unit":"Grupo Caiuá","domain":"Granular","layer_code":"T04","layer_name":"Evidência hidrogeológica datada","latest_evidence_date":"2009-08-27","latest_evidence_age_years":17.00514042040562,"dated_domains_n":1,"time_series_status":"UNKNOWN_SERIE_TEMPORAL_NAO_ADQUIRIDA"}},{"type":"Feature","geometry":{"type":"Point","coordinates":[-52.881388999999956,-20.438332999999943]},"properties":{"well_id":"3500027130","municipality":"Água Clara","hydro_unit":"Grupo Caiuá","domain":"Granular","layer_code":"T04","layer_name":"Evidência hidrogeológica datada","latest_evidence_date":"2009-08-27","latest_evidence_age_years":17.00514042040562,"dated_domains_n":1,"time_series_status":"UNKNOWN_SERIE_TEMPORAL_NAO_ADQUIRIDA"}},{"type":"Feature","geometry":{"type":"Point","coordinates":[-53.903332999999975,-19.01416699999993]},"properties":{"well_id":"3500027133","municipality":"Camapuã","hydro_unit":"Formação Botucatu","domain":"Granular","layer_code":"T04","layer_name":"Evidência hidrogeológica datada","latest_evidence_date":"2009-08-27","latest_evidence_age_years":17.00514042040562,"dated_domains_n":1,"time_series_status":"UNKNOWN_SERIE_TEMPORAL_NAO_ADQUIRIDA"}},{"type":"Feature","geometry":{"type":"Point","coordinates":[-53.26388899999995,-22.300277999999935]},"properties":{"well_id":"3500027136","municipality":"Batayporã","hydro_unit":"Grupo Caiuá","domain":"Granular","layer_code":"T04","layer_name":"Evidência hidrogeológica datada","latest_evidence_date":"2009-08-27","latest_evidence_age_years":17.00514042040562,"dated_domains_n":1,"time_series_status":"UNKNOWN_SERIE_TEMPORAL_NAO_ADQUIRIDA"}},{"type":"Feature","geometry":{"type":"Point","coordinates":[-54.79527799999994,-22.238332999999955]},"properties":{"well_id":"3500027142","municipality":"Dourados","hydro_unit":"Formação Serra Geral","domain":"Fraturada","layer_code":"T04","layer_name":"Evidência hidrogeológica datada","latest_evidence_date":"2009-08-27","latest_evidence_age_years":17.00514042040562,"dated_domains_n":1,"time_series_status":"UNKNOWN_SERIE_TEMPORAL_NAO_ADQUIRIDA"}},{"type":"Feature","geometry":{"type":"Point","coordinates":[-55.42666699999995,-23.88999999999993]},"properties":{"well_id":"3500027180","municipality":"Paranhos","hydro_unit":"Grupo Caiuá","domain":"Granular","layer_code":"T04","layer_name":"Evidência hidrogeológica datada","latest_evidence_date":"2009-10-06","latest_evidence_age_years":16.89562414012608,"dated_domains_n":1,"time_series_status":"UNKNOWN_SERIE_TEMPORAL_NAO_ADQUIRIDA"}},{"type":"Feature","geometry":{"type":"Point","coordinates":[-54.63361099999997,-22.85555599999998]},"properties":{"well_id":"3500027181","municipality":"Juti","hydro_unit":"Formação Serra Geral","domain":"Fraturada","layer_code":"T04","layer_name":"Evidência hidrogeológica datada","latest_evidence_date":"2009-08-27","latest_evidence_age_years":17.00514042040562,"dated_domains_n":1,"time_series_status":"UNKNOWN_SERIE_TEMPORAL_NAO_ADQUIRIDA"}},{"type":"Feature","geometry":{"type":"Point","coordinates":[-54.95666699999998,-20.913888999999926]},"properties":{"well_id":"3500027194","municipality":"Sidrolândia","hydro_unit":"Formação Serra Geral","domain":"Fraturada","layer_code":"T04","layer_name":"Evidência hidrogeológica datada","latest_evidence_date":"2009-10-06","latest_evidence_age_years":16.89562414012608,"dated_domains_n":1,"time_series_status":"UNKNOWN_SERIE_TEMPORAL_NAO_ADQUIRIDA"}},{"type":"Feature","geometry":{"type":"Point","coordinates":[-55.01722199999995,-23.631666999999936]},"properties":{"well_id":"3500027204","municipality":"Tacuru","hydro_unit":"Grupo Caiuá","domain":"Granular","layer_code":"T04","layer_name":"Evidência hidrogeológica datada","latest_evidence_date":"2009-08-27","latest_evidence_age_years":17.00514042040562,"dated_domains_n":1,"time_series_status":"UNKNOWN_SERIE_TEMPORAL_NAO_ADQUIRIDA"}},{"type":"Feature","geometry":{"type":"Point","coordinates":[-51.707221999999945,-20.788332999999966]},"properties":{"well_id":"3500027206","municipality":"Três Lagoas","hydro_unit":"Grupo Caiuá","domain":"Granular","layer_code":"T04","layer_name":"Evidência hidrogeológica datada","latest_evidence_date":"2009-10-06","latest_evidence_age_years":16.89562414012608,"dated_domains_n":1,"time_series_status":"UNKNOWN_SERIE_TEMPORAL_NAO_ADQUIRIDA"}},{"type":"Feature","geometry":{"type":"Point","coordinates":[-51.66833299999996,-20.796388999999976]},"properties":{"well_id":"3500027207","municipality":"Três Lagoas","hydro_unit":"Grupo Caiuá","domain":"Granular","layer_code":"T04","layer_name":"Evidência hidrogeológica datada","latest_evidence_date":"2009-10-06","latest_evidence_age_years":16.89562414012608,"dated_domains_n":1,"time_series_status":"UNKNOWN_SERIE_TEMPORAL_NAO_ADQUIRIDA"}},{"type":"Feature","geometry":{"type":"Point","coordinates":[-55.43111099999999,-23.89666699999998]},"properties":{"well_id":"3500027218","municipality":"Paranhos","hydro_unit":"Grupo Caiuá","domain":"Granular","layer_code":"T04","layer_name":"Evidência hidrogeológica datada","latest_evidence_date":"2009-10-06","latest_evidence_age_years":16.89562414012608,"dated_domains_n":1,"time_series_status":"UNKNOWN_SERIE_TEMPORAL_NAO_ADQUIRIDA"}},{"type":"Feature","geometry":{"type":"Point","coordinates":[-55.00305599999996,-19.435555999999963]},"properties":{"well_id":"3500027222","municipality":"Rio Negro","hydro_unit":"Formação Ponta Grossa","domain":"Granular","layer_code":"T04","layer_name":"Evidência hidrogeológica datada","latest_evidence_date":"2009-10-06","latest_evidence_age_years":16.89562414012608,"dated_domains_n":1,"time_series_status":"UNKNOWN_SERIE_TEMPORAL_NAO_ADQUIRIDA"}},{"type":"Feature","geometry":{"type":"Point","coordinates":[-51.17027799999994,-19.69861099999997]},"properties":{"well_id":"3500027230","municipality":"Paranaíba","hydro_unit":"Grupo Bauru","domain":"Granular","layer_code":"T04","layer_name":"Evidência hidrogeológica datada","latest_evidence_date":"2009-10-06","latest_evidence_age_years":16.89562414012608,"dated_domains_n":1,"time_series_status":"UNKNOWN_SERIE_TEMPORAL_NAO_ADQUIRIDA"}},{"type":"Feature","geometry":{"type":"Point","coordinates":[-54.183610999999985,-23.49277799999993]},"properties":{"well_id":"3500027237","municipality":"Itaquiraí","hydro_unit":"Grupo Caiuá","domain":"Granular","layer_code":"T04","layer_name":"Evidência hidrogeológica datada","latest_evidence_date":"2009-08-27","latest_evidence_age_years":17.00514042040562,"dated_domains_n":1,"time_series_status":"UNKNOWN_SERIE_TEMPORAL_NAO_ADQUIRIDA"}},{"type":"Feature","geometry":{"type":"Point","coordinates":[-52.26444399999997,-21.72361099999995]},"properties":{"well_id":"3500027243","municipality":"Bataguassu","hydro_unit":"Depósitos aluvionares","domain":"Granular","layer_code":"T04","layer_name":"Evidência hidrogeológica datada","latest_evidence_date":"2009-10-06","latest_evidence_age_years":16.89562414012608,"dated_domains_n":1,"time_series_status":"UNKNOWN_SERIE_TEMPORAL_NAO_ADQUIRIDA"}},{"type":"Feature","geometry":{"type":"Point","coordinates":[-56.87861099999998,-21.737221999999974]},"properties":{"well_id":"3500027275","municipality":"Caracol","hydro_unit":"Embasamento Indiferenciado","domain":"Fraturada","layer_code":"T04","layer_name":"Evidência hidrogeológica datada","latest_evidence_date":"2009-10-06","latest_evidence_age_years":16.89562414012608,"dated_domains_n":1,"time_series_status":"UNKNOWN_SERIE_TEMPORAL_NAO_ADQUIRIDA"}},{"type":"Feature","geometry":{"type":"Point","coordinates":[-55.23388899999998,-23.10583299999996]},"properties":{"well_id":"3500027276","municipality":"Amambai","hydro_unit":"Formação Serra Geral","domain":"Fraturada","layer_code":"T04","layer_name":"Evidência hidrogeológica datada","latest_evidence_date":"2009-10-06","latest_evidence_age_years":16.89562414012608,"dated_domains_n":1,"time_series_status":"UNKNOWN_SERIE_TEMPORAL_NAO_ADQUIRIDA"}},{"type":"Feature","geometry":{"type":"Point","coordinates":[-52.60583299999996,-18.798055999999974]},"properties":{"well_id":"3500027281","municipality":"Chapadão do Sul","hydro_unit":"Formação Cachoeirinha","domain":"Granular","layer_code":"T04","layer_name":"Evidência hidrogeológica datada","latest_evidence_date":"2009-10-06","latest_evidence_age_years":16.89562414012608,"dated_domains_n":1,"time_series_status":"UNKNOWN_SERIE_TEMPORAL_NAO_ADQUIRIDA"}},{"type":"Feature","geometry":{"type":"Point","coordinates":[-54.601943999999946,-20.39666699999998]},"properties":{"well_id":"3500027288","municipality":"Campo Grande","hydro_unit":"Formação Serra Geral","domain":"Fraturada","layer_code":"T04","layer_name":"Evidência hidrogeológica datada","latest_evidence_date":"2009-12-09","latest_evidence_age_years":16.720398091678817,"dated_domains_n":1,"time_series_status":"UNKNOWN_SERIE_TEMPORAL_NAO_ADQUIRIDA"}},{"type":"Feature","geometry":{"type":"Point","coordinates":[-56.89722199999994,-20.53583299999997]},"properties":{"well_id":"3500027298","municipality":"Bodoquena","hydro_unit":"Grupo Corumbá","domain":"Cárstica","layer_code":"T04","layer_name":"Evidência hidrogeológica datada","latest_evidence_date":"2009-10-06","latest_evidence_age_years":16.89562414012608,"dated_domains_n":1,"time_series_status":"UNKNOWN_SERIE_TEMPORAL_NAO_ADQUIRIDA"}},{"type":"Feature","geometry":{"type":"Point","coordinates":[-54.45805599999994,-21.54416699999996]},"properties":{"well_id":"3500045252","municipality":"Nova Alvorada do Sul","hydro_unit":"Formação Serra Geral","domain":"Fraturada","layer_code":"T04","layer_name":"Evidência hidrogeológica datada","latest_evidence_date":"2009-11-05","latest_evidence_age_years":16.813486929916426,"dated_domains_n":1,"time_series_status":"UNKNOWN_SERIE_TEMPORAL_NAO_ADQUIRIDA"}},{"type":"Feature","geometry":{"type":"Point","coordinates":[-53.63611099999997,-19.002777999999978]},"properties":{"well_id":"3500045272","municipality":"Camapuã","hydro_unit":"Grupo Caiuá","domain":"Granular","layer_code":"T04","layer_name":"Evidência hidrogeológica datada","latest_evidence_date":"2009-11-03","latest_evidence_age_years":16.818962743930403,"dated_domains_n":2,"time_series_status":"UNKNOWN_SERIE_TEMPORAL_NAO_ADQUIRIDA"}},{"type":"Feature","geometry":{"type":"Point","coordinates":[-52.73999999999995,-20.43999999999994]},"properties":{"well_id":"3500045383","municipality":"Água Clara","hydro_unit":"Grupo Caiuá","domain":"Granular","layer_code":"T04","layer_name":"Evidência hidrogeológica datada","latest_evidence_date":"2009-08-27","latest_evidence_age_years":17.00514042040562,"dated_domains_n":1,"time_series_status":"UNKNOWN_SERIE_TEMPORAL_NAO_ADQUIRIDA"}},{"type":"Feature","geometry":{"type":"Point","coordinates":[-53.348055999999985,-22.238888999999972]},"properties":{"well_id":"3500045602","municipality":"Nova Andradina","hydro_unit":"Grupo Caiuá","domain":"Granular","layer_code":"T04","layer_name":"Evidência hidrogeológica datada","latest_evidence_date":"1997-01-09","latest_evidence_age_years":29.635105443643607,"dated_domains_n":1,"time_series_status":"UNKNOWN_SERIE_TEMPORAL_NAO_ADQUIRIDA"}},{"type":"Feature","geometry":{"type":"Point","coordinates":[-53.144443999999964,-18.529721999999936]},"properties":{"well_id":"3500023341","municipality":"Costa Rica","hydro_unit":"Grupo Caiuá","domain":"Granular","layer_code":"T04","layer_name":"Evidência hidrogeológica datada","latest_evidence_date":"1988-05-02","latest_evidence_age_years":38.32522228382513,"dated_domains_n":1,"time_series_status":"UNKNOWN_SERIE_TEMPORAL_NAO_ADQUIRIDA"}},{"type":"Feature","geometry":{"type":"Point","coordinates":[-53.77416599999998,-22.158054999999933]},"properties":{"well_id":"3500023175","municipality":"Angélica","hydro_unit":"Grupo Caiuá","domain":"Granular","layer_code":"T04","layer_name":"Evidência hidrogeológica datada","latest_evidence_date":"1973-08-24","latest_evidence_age_years":53.01409337631847,"dated_domains_n":1,"time_series_status":"UNKNOWN_SERIE_TEMPORAL_NAO_ADQUIRIDA"}},{"type":"Feature","geometry":{"type":"Point","coordinates":[-55.49861099999998,-20.78472199999993]},"properties":{"well_id":"3500023207","municipality":"Anastácio","hydro_unit":"Formação Serra Geral","domain":"Fraturada","layer_code":"T04","layer_name":"Evidência hidrogeológica datada","latest_evidence_date":"1997-02-14","latest_evidence_age_years":29.53654079139202,"dated_domains_n":1,"time_series_status":"UNKNOWN_SERIE_TEMPORAL_NAO_ADQUIRIDA"}},{"type":"Feature","geometry":{"type":"Point","coordinates":[-51.708054999999945,-20.78638799999993]},"properties":{"well_id":"3500023302","municipality":"Três Lagoas","hydro_unit":"Grupo Caiuá","domain":"Granular","layer_code":"T04","layer_name":"Evidência hidrogeológica datada","latest_evidence_date":"1996-08-06","latest_evidence_age_years":30.062218936733814,"dated_domains_n":1,"time_series_status":"UNKNOWN_SERIE_TEMPORAL_NAO_ADQUIRIDA"}},{"type":"Feature","geometry":{"type":"Point","coordinates":[-53.885832999999934,-22.616665999999952]},"properties":{"well_id":"3500023376","municipality":"Novo Horizonte do Sul","hydro_unit":"Grupo Caiuá","domain":"Granular","layer_code":"T04","layer_name":"Evidência hidrogeológica datada","latest_evidence_date":"1989-04-17","latest_evidence_age_years":37.366954831379154,"dated_domains_n":1,"time_series_status":"UNKNOWN_SERIE_TEMPORAL_NAO_ADQUIRIDA"}},{"type":"Feature","geometry":{"type":"Point","coordinates":[-54.52499999999998,-19.448332999999934]},"properties":{"well_id":"3500045526","municipality":"São Gabriel do Oeste","hydro_unit":"Grupo Bauru","domain":"Granular","layer_code":"T04","layer_name":"Evidência hidrogeológica datada","latest_evidence_date":"2010-03-05","latest_evidence_age_years":16.484938089077804,"dated_domains_n":1,"time_series_status":"UNKNOWN_SERIE_TEMPORAL_NAO_ADQUIRIDA"}},{"type":"Feature","geometry":{"type":"Point","coordinates":[-55.778888999999936,-21.18944399999998]},"properties":{"well_id":"3500045577","municipality":"Nioaque","hydro_unit":"Formação Botucatu","domain":"Granular","layer_code":"T04","layer_name":"Evidência hidrogeológica datada","latest_evidence_date":"2009-09-28","latest_evidence_age_years":16.91752739618199,"dated_domains_n":1,"time_series_status":"UNKNOWN_SERIE_TEMPORAL_NAO_ADQUIRIDA"}},{"type":"Feature","geometry":{"type":"Point","coordinates":[-53.01611099999997,-19.018888999999945]},"properties":{"well_id":"3500065112","municipality":"Paraíso das Águas","hydro_unit":"Grupo Caiuá","domain":"Granular","layer_code":"T04","layer_name":"Evidência hidrogeológica datada","latest_evidence_date":"2003-03-17","latest_evidence_age_years":23.452911421863558,"dated_domains_n":1,"time_series_status":"UNKNOWN_SERIE_TEMPORAL_NAO_ADQUIRIDA"}},{"type":"Feature","geometry":{"type":"Point","coordinates":[-53.14499999999998,-22.328055999999947]},"properties":{"well_id":"3500026959","municipality":"Batayporã","hydro_unit":"Grupo Caiuá","domain":"Granular","layer_code":"T04","layer_name":"Evidência hidrogeológica datada","latest_evidence_date":"2008-08-20","latest_evidence_age_years":18.023641827005346,"dated_domains_n":1,"time_series_status":"UNKNOWN_SERIE_TEMPORAL_NAO_ADQUIRIDA"}},{"type":"Feature","geometry":{"type":"Point","coordinates":[-54.61111099999994,-19.28277799999995]},"properties":{"well_id":"3500030628","municipality":"São Gabriel do Oeste","hydro_unit":"Grupo Bauru","domain":"Granular","layer_code":"T04","layer_name":"Evidência hidrogeológica datada","latest_evidence_date":"2009-04-10","latest_evidence_age_years":17.38570949437702,"dated_domains_n":1,"time_series_status":"UNKNOWN_SERIE_TEMPORAL_NAO_ADQUIRIDA"}},{"type":"Feature","geometry":{"type":"Point","coordinates":[-54.04888799999998,-19.51555499999995]},"properties":{"well_id":"3500023251","municipality":"Camapuã","hydro_unit":"Formação Botucatu","domain":"Granular","layer_code":"T04","layer_name":"Evidência hidrogeológica datada","latest_evidence_date":"1991-09-21","latest_evidence_age_years":34.93843131618034,"dated_domains_n":1,"time_series_status":"UNKNOWN_SERIE_TEMPORAL_NAO_ADQUIRIDA"}},{"type":"Feature","geometry":{"type":"Point","coordinates":[-54.75083299999994,-22.51388899999995]},"properties":{"well_id":"3500027249","municipality":"Caarapó","hydro_unit":"Formação Serra Geral","domain":"Fraturada","layer_code":"T04","layer_name":"Evidência hidrogeológica datada","latest_evidence_date":"2011-08-15","latest_evidence_age_years":15.039323189387872,"dated_domains_n":2,"time_series_status":"UNKNOWN_SERIE_TEMPORAL_NAO_ADQUIRIDA"}},{"type":"Feature","geometry":{"type":"Point","coordinates":[-54.28416599999997,-23.781387999999936]},"properties":{"well_id":"3500022703","municipality":"Eldorado","hydro_unit":"Grupo Caiuá","domain":"Granular","layer_code":"T04","layer_name":"Evidência hidrogeológica datada","latest_evidence_date":"1979-01-02","latest_evidence_age_years":47.656009363641964,"dated_domains_n":1,"time_series_status":"UNKNOWN_SERIE_TEMPORAL_NAO_ADQUIRIDA"}},{"type":"Feature","geometry":{"type":"Point","coordinates":[-54.559721999999965,-23.68138799999997]},"properties":{"well_id":"3500022705","municipality":"Iguatemi","hydro_unit":"Grupo Caiuá","domain":"Granular","layer_code":"T04","layer_name":"Evidência hidrogeológica datada","latest_evidence_date":"2004-09-15","latest_evidence_age_years":21.952538382033854,"dated_domains_n":1,"time_series_status":"UNKNOWN_SERIE_TEMPORAL_NAO_ADQUIRIDA"}},{"type":"Feature","geometry":{"type":"Point","coordinates":[-55.36833299999995,-22.59888799999993]},"properties":{"well_id":"3500022716","municipality":"Ponta Porã","hydro_unit":"Formação Serra Geral","domain":"Fraturada","layer_code":"T04","layer_name":"Evidência hidrogeológica datada","latest_evidence_date":"1996-12-23","latest_evidence_age_years":29.68164986276241,"dated_domains_n":1,"time_series_status":"UNKNOWN_SERIE_TEMPORAL_NAO_ADQUIRIDA"}},{"type":"Feature","geometry":{"type":"Point","coordinates":[-55.70055499999995,-22.558610999999928]},"properties":{"well_id":"3500022732","municipality":"Ponta Porã","hydro_unit":"Grupo Caiuá","domain":"Granular","layer_code":"T04","layer_name":"Evidência hidrogeológica datada","latest_evidence_date":"1975-01-31","latest_evidence_age_years":51.57669219764951,"dated_domains_n":1,"time_series_status":"UNKNOWN_SERIE_TEMPORAL_NAO_ADQUIRIDA"}},{"type":"Feature","geometry":{"type":"Point","coordinates":[-55.71555499999994,-22.507499999999936]},"properties":{"well_id":"3500022734","municipality":"Ponta Porã","hydro_unit":"Grupo Caiuá","domain":"Granular","layer_code":"T04","layer_name":"Evidência hidrogeológica datada","latest_evidence_date":"1981-07-20","latest_evidence_age_years":45.10975584714265,"dated_domains_n":1,"time_series_status":"UNKNOWN_SERIE_TEMPORAL_NAO_ADQUIRIDA"}},{"type":"Feature","geometry":{"type":"Point","coordinates":[-55.69111099999998,-22.573887999999954]},"properties":{"well_id":"3500022742","municipality":"Ponta Porã","hydro_unit":"Grupo Caiuá","domain":"Granular","layer_code":"T04","layer_name":"Evidência hidrogeológica datada","latest_evidence_date":"1997-01-02","latest_evidence_age_years":29.654270792692525,"dated_domains_n":1,"time_series_status":"UNKNOWN_SERIE_TEMPORAL_NAO_ADQUIRIDA"}},{"type":"Feature","geometry":{"type":"Point","coordinates":[-56.44999999999993,-21.08888799999994]},"properties":{"well_id":"3500023050","municipality":"Bonito","hydro_unit":"Grupo Cuiaba","domain":"Cárstica","layer_code":"T04","layer_name":"Evidência hidrogeológica datada","latest_evidence_date":"1990-01-15","latest_evidence_age_years":36.61950621847129,"dated_domains_n":1,"time_series_status":"UNKNOWN_SERIE_TEMPORAL_NAO_ADQUIRIDA"}},{"type":"Feature","geometry":{"type":"Point","coordinates":[-56.47305499999993,-21.09972199999993]},"properties":{"well_id":"3500023057","municipality":"Bonito","hydro_unit":"Grupo Cuiaba","domain":"Fraturada","layer_code":"T04","layer_name":"Evidência hidrogeológica datada","latest_evidence_date":"2000-01-01","latest_evidence_age_years":26.659000527047098,"dated_domains_n":1,"time_series_status":"UNKNOWN_SERIE_TEMPORAL_NAO_ADQUIRIDA"}},{"type":"Feature","geometry":{"type":"Point","coordinates":[-56.49527699999999,-21.109721999999977]},"properties":{"well_id":"3500023061","municipality":"Bonito","hydro_unit":"Grupo Cuiaba","domain":"Fraturada","layer_code":"T04","layer_name":"Evidência hidrogeológica datada","latest_evidence_date":"2000-03-07","latest_evidence_age_years":26.478298664585857,"dated_domains_n":1,"time_series_status":"UNKNOWN_SERIE_TEMPORAL_NAO_ADQUIRIDA"}},{"type":"Feature","geometry":{"type":"Point","coordinates":[-56.496943999999985,-21.13166599999994]},"properties":{"well_id":"3500023073","municipality":"Bonito","hydro_unit":"Grupo Cuiaba","domain":"Fraturada","layer_code":"T04","layer_name":"Evidência hidrogeológica datada","latest_evidence_date":"2001-04-20","latest_evidence_age_years":25.358494698727558,"dated_domains_n":1,"time_series_status":"UNKNOWN_SERIE_TEMPORAL_NAO_ADQUIRIDA"}},{"type":"Feature","geometry":{"type":"Point","coordinates":[-56.498054999999965,-21.122499999999945]},"properties":{"well_id":"3500023079","municipality":"Bonito","hydro_unit":"Grupo Cuiaba","domain":"Fraturada","layer_code":"T04","layer_name":"Evidência hidrogeológica datada","latest_evidence_date":"1970-07-15","latest_evidence_age_years":56.124355736257414,"dated_domains_n":1,"time_series_status":"UNKNOWN_SERIE_TEMPORAL_NAO_ADQUIRIDA"}},{"type":"Feature","geometry":{"type":"Point","coordinates":[-52.61972199999997,-18.791943999999944]},"properties":{"well_id":"3500045465","municipality":"Chapadão do Sul","hydro_unit":"Formação Cachoeirinha","domain":"Granular","layer_code":"T04","layer_name":"Evidência hidrogeológica datada","latest_evidence_date":"2010-01-25","latest_evidence_age_years":16.591716462350355,"dated_domains_n":2,"time_series_status":"UNKNOWN_SERIE_TEMPORAL_NAO_ADQUIRIDA"}},{"type":"Feature","geometry":{"type":"Point","coordinates":[-54.22972199999998,-22.406665999999973]},"properties":{"well_id":"3500023036","municipality":"Glória de Dourados","hydro_unit":"Grupo Caiuá","domain":"Granular","layer_code":"T04","layer_name":"Evidência hidrogeológica datada","latest_evidence_date":"1978-11-20","latest_evidence_age_years":47.77373936494247,"dated_domains_n":1,"time_series_status":"UNKNOWN_SERIE_TEMPORAL_NAO_ADQUIRIDA"}},{"type":"Feature","geometry":{"type":"Point","coordinates":[-53.72888899999998,-20.277499999999975]},"properties":{"well_id":"3500067702","municipality":"Ribas do Rio Pardo","hydro_unit":"Grupo Caiuá","domain":"Granular","layer_code":"T04","layer_name":"Evidência hidrogeológica datada","latest_evidence_date":"2018-07-30","latest_evidence_age_years":8.082301484630074,"dated_domains_n":1,"time_series_status":"UNKNOWN_SERIE_TEMPORAL_NAO_ADQUIRIDA"}},{"type":"Feature","geometry":{"type":"Point","coordinates":[-54.35749999999996,-19.929443999999933]},"properties":{"well_id":"3500030642","municipality":"Bandeirantes","hydro_unit":"Formação Serra Geral","domain":"Fraturada","layer_code":"T04","layer_name":"Evidência hidrogeológica datada","latest_evidence_date":"1983-07-19","latest_evidence_age_years":43.11382163904803,"dated_domains_n":1,"time_series_status":"UNKNOWN_SERIE_TEMPORAL_NAO_ADQUIRIDA"}},{"type":"Feature","geometry":{"type":"Point","coordinates":[-54.36861099999999,-19.90861099999995]},"properties":{"well_id":"3500067667","municipality":"Bandeirantes","hydro_unit":"Grupo Caiuá","domain":"Granular","layer_code":"T04","layer_name":"Evidência hidrogeológica datada","latest_evidence_date":"2017-03-21","latest_evidence_age_years":9.440303360096374,"dated_domains_n":1,"time_series_status":"UNKNOWN_SERIE_TEMPORAL_NAO_ADQUIRIDA"}},{"type":"Feature","geometry":{"type":"Point","coordinates":[-57.59611099999995,-19.01194399999997]},"properties":{"well_id":"3500022680","municipality":"Ladário","hydro_unit":"Grupo Corumbá","domain":"Cárstica","layer_code":"T04","layer_name":"Evidência hidrogeológica datada","latest_evidence_date":"1995-09-03","latest_evidence_age_years":30.98763150509593,"dated_domains_n":1,"time_series_status":"UNKNOWN_SERIE_TEMPORAL_NAO_ADQUIRIDA"}},{"type":"Feature","geometry":{"type":"Point","coordinates":[-53.28472199999993,-22.28583299999997]},"properties":{"well_id":"3500045656","municipality":"Batayporã","hydro_unit":"Grupo Caiuá","domain":"Granular","layer_code":"T04","layer_name":"Evidência hidrogeológica datada","latest_evidence_date":"1997-01-01","latest_evidence_age_years":29.657008699699514,"dated_domains_n":1,"time_series_status":"UNKNOWN_SERIE_TEMPORAL_NAO_ADQUIRIDA"}},{"type":"Feature","geometry":{"type":"Point","coordinates":[-54.830277999999964,-18.364999999999952]},"properties":{"well_id":"3500067666","municipality":"Coxim","hydro_unit":"Formação Furnas","domain":"Granular","layer_code":"T04","layer_name":"Evidência hidrogeológica datada","latest_evidence_date":"2017-12-07","latest_evidence_age_years":8.725709631272373,"dated_domains_n":1,"time_series_status":"UNKNOWN_SERIE_TEMPORAL_NAO_ADQUIRIDA"}},{"type":"Feature","geometry":{"type":"Point","coordinates":[-53.56638899999996,-21.030832999999973]},"properties":{"well_id":"3500067283","municipality":"Bonito","hydro_unit":"Grupo Caiuá","domain":"Granular","layer_code":"T04","layer_name":"Evidência hidrogeológica datada","latest_evidence_date":"2016-07-22","latest_evidence_age_years":10.102876855787594,"dated_domains_n":1,"time_series_status":"UNKNOWN_SERIE_TEMPORAL_NAO_ADQUIRIDA"}},{"type":"Feature","geometry":{"type":"Point","coordinates":[-54.843887999999936,-22.332776999999965]},"properties":{"well_id":"3500023046","municipality":"Dourados","hydro_unit":"Formação Serra Geral","domain":"Fraturada","layer_code":"T04","layer_name":"Evidência hidrogeológica datada","latest_evidence_date":"1963-07-13","latest_evidence_age_years":63.130659767141005,"dated_domains_n":1,"time_series_status":"UNKNOWN_SERIE_TEMPORAL_NAO_ADQUIRIDA"}},{"type":"Feature","geometry":{"type":"Point","coordinates":[-51.79777799999994,-20.99138899999997]},"properties":{"well_id":"3500045651","municipality":"Três Lagoas","hydro_unit":"Grupo Caiuá","domain":"Granular","layer_code":"T04","layer_name":"Evidência hidrogeológica datada","latest_evidence_date":"2007-05-08","latest_evidence_age_years":19.310458120289944,"dated_domains_n":1,"time_series_status":"UNKNOWN_SERIE_TEMPORAL_NAO_ADQUIRIDA"}},{"type":"Feature","geometry":{"type":"Point","coordinates":[-53.11555499999997,-18.52249999999998]},"properties":{"well_id":"3500023338","municipality":"Costa Rica","hydro_unit":"Formação Serra Geral","domain":"Fraturada","layer_code":"T04","layer_name":"Evidência hidrogeológica datada","latest_evidence_date":"1996-08-27","latest_evidence_age_years":30.004722889587054,"dated_domains_n":1,"time_series_status":"UNKNOWN_SERIE_TEMPORAL_NAO_ADQUIRIDA"}},{"type":"Feature","geometry":{"type":"Point","coordinates":[-54.86194399999994,-20.437221999999963]},"properties":{"well_id":"3500022821","municipality":"Terenos","hydro_unit":"Formação Serra Geral","domain":"Fraturada","layer_code":"T04","layer_name":"Evidência hidrogeológica datada","latest_evidence_date":"1978-12-06","latest_evidence_age_years":47.72993285283065,"dated_domains_n":1,"time_series_status":"UNKNOWN_SERIE_TEMPORAL_NAO_ADQUIRIDA"}},{"type":"Feature","geometry":{"type":"Point","coordinates":[-54.966665999999975,-20.94083299999994]},"properties":{"well_id":"3500022815","municipality":"Sidrolândia","hydro_unit":"Formação Serra Geral","domain":"Fraturada","layer_code":"T04","layer_name":"Evidência hidrogeológica datada","latest_evidence_date":"2002-06-21","latest_evidence_age_years":24.189408406743464,"dated_domains_n":1,"time_series_status":"UNKNOWN_SERIE_TEMPORAL_NAO_ADQUIRIDA"}},{"type":"Feature","geometry":{"type":"Point","coordinates":[-54.82611099999997,-22.20999999999998]},"properties":{"well_id":"3500022844","municipality":"Dourados","hydro_unit":"Formação Serra Geral","domain":"Fraturada","layer_code":"T04","layer_name":"Evidência hidrogeológica datada","latest_evidence_date":"1982-12-08","latest_evidence_age_years":43.72437490160647,"dated_domains_n":1,"time_series_status":"UNKNOWN_SERIE_TEMPORAL_NAO_ADQUIRIDA"}},{"type":"Feature","geometry":{"type":"Point","coordinates":[-54.56499999999994,-20.38972199999995]},"properties":{"well_id":"3500022537","municipality":"Campo Grande","hydro_unit":"Formação Serra Geral","domain":"Fraturada","layer_code":"T04","layer_name":"Evidência hidrogeológica datada","latest_evidence_date":"1996-03-05","latest_evidence_age_years":30.483856615810044,"dated_domains_n":1,"time_series_status":"UNKNOWN_SERIE_TEMPORAL_NAO_ADQUIRIDA"}},{"type":"Feature","geometry":{"type":"Point","coordinates":[-54.95111099999997,-21.105276999999944]},"properties":{"well_id":"3500022807","municipality":"Sidrolândia","hydro_unit":"Grupo Caiuá","domain":"Granular","layer_code":"T04","layer_name":"Evidência hidrogeológica datada","latest_evidence_date":"2000-03-18","latest_evidence_age_years":26.448181687508985,"dated_domains_n":1,"time_series_status":"UNKNOWN_SERIE_TEMPORAL_NAO_ADQUIRIDA"}},{"type":"Feature","geometry":{"type":"Point","coordinates":[-54.61111099999994,-22.03611099999995]},"properties":{"well_id":"3500065123","municipality":"Douradina","hydro_unit":"Formação Serra Geral","domain":"Fraturada","layer_code":"T04","layer_name":"Evidência hidrogeológica datada","latest_evidence_date":"2019-09-09","latest_evidence_age_years":6.97071123979274,"dated_domains_n":1,"time_series_status":"UNKNOWN_SERIE_TEMPORAL_NAO_ADQUIRIDA"}},{"type":"Feature","geometry":{"type":"Point","coordinates":[-53.73111099999994,-20.426943999999935]},"properties":{"well_id":"3500065139","municipality":"Ribas do Rio Pardo","hydro_unit":"Formação Serra Geral","domain":"Fraturada","layer_code":"T04","layer_name":"Evidência hidrogeológica datada","latest_evidence_date":"2019-09-09","latest_evidence_age_years":6.97071123979274,"dated_domains_n":1,"time_series_status":"UNKNOWN_SERIE_TEMPORAL_NAO_ADQUIRIDA"}},{"type":"Feature","geometry":{"type":"Point","coordinates":[-54.60388799999998,-20.526110999999958]},"properties":{"well_id":"3500022481","municipality":"Campo Grande","hydro_unit":"Formação Serra Geral","domain":"Fraturada","layer_code":"T04","layer_name":"Evidência hidrogeológica datada","latest_evidence_date":"1992-06-20","latest_evidence_age_years":34.19098270327248,"dated_domains_n":1,"time_series_status":"UNKNOWN_SERIE_TEMPORAL_NAO_ADQUIRIDA"}},{"type":"Feature","geometry":{"type":"Point","coordinates":[-54.60805499999998,-20.521387999999945]},"properties":{"well_id":"3500022482","municipality":"Campo Grande","hydro_unit":"Formação Serra Geral","domain":"Fraturada","layer_code":"T04","layer_name":"Evidência hidrogeológica datada","latest_evidence_date":"1993-10-03","latest_evidence_age_years":32.90416640998789,"dated_domains_n":1,"time_series_status":"UNKNOWN_SERIE_TEMPORAL_NAO_ADQUIRIDA"}},{"type":"Feature","geometry":{"type":"Point","coordinates":[-54.57805499999995,-20.552776999999935]},"properties":{"well_id":"3500022517","municipality":"Campo Grande","hydro_unit":"Formação Serra Geral","domain":"Fraturada","layer_code":"T04","layer_name":"Evidência hidrogeológica datada","latest_evidence_date":"1981-05-26","latest_evidence_age_years":45.26034073252702,"dated_domains_n":1,"time_series_status":"UNKNOWN_SERIE_TEMPORAL_NAO_ADQUIRIDA"}},{"type":"Feature","geometry":{"type":"Point","coordinates":[-51.17083299999996,-19.699165999999934]},"properties":{"well_id":"3500022560","municipality":"Paranaíba","hydro_unit":"Grupo Bauru","domain":"Granular","layer_code":"T04","layer_name":"Evidência hidrogeológica datada","latest_evidence_date":"1987-07-09","latest_evidence_age_years":39.141118571907704,"dated_domains_n":1,"time_series_status":"UNKNOWN_SERIE_TEMPORAL_NAO_ADQUIRIDA"}},{"type":"Feature","geometry":{"type":"Point","coordinates":[-53.14305499999995,-18.531110999999953]},"properties":{"well_id":"3500022565","municipality":"Costa Rica","hydro_unit":"Grupo Caiuá","domain":"Granular","layer_code":"T04","layer_name":"Evidência hidrogeológica datada","latest_evidence_date":"1991-02-02","latest_evidence_age_years":35.57088783479469,"dated_domains_n":1,"time_series_status":"UNKNOWN_SERIE_TEMPORAL_NAO_ADQUIRIDA"}},{"type":"Feature","geometry":{"type":"Point","coordinates":[-54.54472199999998,-18.09972199999993]},"properties":{"well_id":"3500022637","municipality":"Pedro Gomes","hydro_unit":"Formação Ponta Grossa","domain":"Granular","layer_code":"T04","layer_name":"Evidência hidrogeológica datada","latest_evidence_date":"1988-01-29","latest_evidence_age_years":38.58258554248205,"dated_domains_n":1,"time_series_status":"UNKNOWN_SERIE_TEMPORAL_NAO_ADQUIRIDA"}},{"type":"Feature","geometry":{"type":"Point","coordinates":[-55.15222199999994,-22.560276999999928]},"properties":{"well_id":"3500022714","municipality":"Laguna Carapã","hydro_unit":"Formação Serra Geral","domain":"Fraturada","layer_code":"T04","layer_name":"Evidência hidrogeológica datada","latest_evidence_date":"1988-03-12","latest_evidence_age_years":38.46485554118154,"dated_domains_n":1,"time_series_status":"UNKNOWN_SERIE_TEMPORAL_NAO_ADQUIRIDA"}},{"type":"Feature","geometry":{"type":"Point","coordinates":[-55.739165999999955,-22.498054999999965]},"properties":{"well_id":"3500022748","municipality":"Ponta Porã","hydro_unit":"Grupo Caiuá","domain":"Granular","layer_code":"T04","layer_name":"Evidência hidrogeológica datada","latest_evidence_date":"1991-12-02","latest_evidence_age_years":34.74130201167717,"dated_domains_n":1,"time_series_status":"UNKNOWN_SERIE_TEMPORAL_NAO_ADQUIRIDA"}},{"type":"Feature","geometry":{"type":"Point","coordinates":[-55.79305499999998,-20.465832999999975]},"properties":{"well_id":"3500022760","municipality":"Aquidauana","hydro_unit":"Formação Aquidauana","domain":"Granular","layer_code":"T04","layer_name":"Evidência hidrogeológica datada","latest_evidence_date":"1976-01-02","latest_evidence_age_years":50.656755443301364,"dated_domains_n":1,"time_series_status":"UNKNOWN_SERIE_TEMPORAL_NAO_ADQUIRIDA"}},{"type":"Feature","geometry":{"type":"Point","coordinates":[-55.76194399999997,-20.45055499999995]},"properties":{"well_id":"3500022766","municipality":"Aquidauana","hydro_unit":"Formação Aquidauana","domain":"Granular","layer_code":"T04","layer_name":"Evidência hidrogeológica datada","latest_evidence_date":"1984-11-09","latest_evidence_age_years":41.802364182700536,"dated_domains_n":1,"time_series_status":"UNKNOWN_SERIE_TEMPORAL_NAO_ADQUIRIDA"}},{"type":"Feature","geometry":{"type":"Point","coordinates":[-56.113054999999974,-21.46083299999998]},"properties":{"well_id":"3500022789","municipality":"Guia Lopes da Laguna","hydro_unit":"Formação Aquidauana","domain":"Granular","layer_code":"T04","layer_name":"Evidência hidrogeológica datada","latest_evidence_date":"1988-01-02","latest_evidence_age_years":38.65650903167074,"dated_domains_n":1,"time_series_status":"UNKNOWN_SERIE_TEMPORAL_NAO_ADQUIRIDA"}},{"type":"Feature","geometry":{"type":"Point","coordinates":[-54.45277699999997,-22.35833299999996]},"properties":{"well_id":"3500022884","municipality":"Fátima do Sul","hydro_unit":"Formação Serra Geral","domain":"Fraturada","layer_code":"T04","layer_name":"Evidência hidrogeológica datada","latest_evidence_date":"2002-07-25","latest_evidence_age_years":24.096319568505855,"dated_domains_n":1,"time_series_status":"UNKNOWN_SERIE_TEMPORAL_NAO_ADQUIRIDA"}},{"type":"Feature","geometry":{"type":"Point","coordinates":[-54.55416599999995,-20.43999999999994]},"properties":{"well_id":"3500022947","municipality":"Campo Grande","hydro_unit":"Formação Serra Geral","domain":"Fraturada","layer_code":"T04","layer_name":"Evidência hidrogeológica datada","latest_evidence_date":"1981-06-11","latest_evidence_age_years":45.216534220415205,"dated_domains_n":1,"time_series_status":"UNKNOWN_SERIE_TEMPORAL_NAO_ADQUIRIDA"}},{"type":"Feature","geometry":{"type":"Point","coordinates":[-54.675832999999955,-20.453610999999967]},"properties":{"well_id":"3500022950","municipality":"Campo Grande","hydro_unit":"Formação Serra Geral","domain":"Fraturada","layer_code":"T04","layer_name":"Evidência hidrogeológica datada","latest_evidence_date":"1982-10-30","latest_evidence_age_years":43.83115327487902,"dated_domains_n":1,"time_series_status":"UNKNOWN_SERIE_TEMPORAL_NAO_ADQUIRIDA"}},{"type":"Feature","geometry":{"type":"Point","coordinates":[-54.602776999999946,-20.53361099999995]},"properties":{"well_id":"3500022956","municipality":"Campo Grande","hydro_unit":"Formação Serra Geral","domain":"Fraturada","layer_code":"T04","layer_name":"Evidência hidrogeológica datada","latest_evidence_date":"1995-08-13","latest_evidence_age_years":31.045127552242686,"dated_domains_n":1,"time_series_status":"UNKNOWN_SERIE_TEMPORAL_NAO_ADQUIRIDA"}},{"type":"Feature","geometry":{"type":"Point","coordinates":[-52.03166599999997,-21.26499999999993]},"properties":{"well_id":"3500022970","municipality":"Brasilândia","hydro_unit":"Grupo Caiuá","domain":"Granular","layer_code":"T04","layer_name":"Evidência hidrogeológica datada","latest_evidence_date":"1995-07-11","latest_evidence_age_years":31.135478483473307,"dated_domains_n":1,"time_series_status":"UNKNOWN_SERIE_TEMPORAL_NAO_ADQUIRIDA"}},{"type":"Feature","geometry":{"type":"Point","coordinates":[-51.194721999999956,-19.67999999999995]},"properties":{"well_id":"3500022981","municipality":"Paranaíba","hydro_unit":"Grupo Bauru","domain":"Granular","layer_code":"T04","layer_name":"Evidência hidrogeológica datada","latest_evidence_date":"1978-10-25","latest_evidence_age_years":47.84492494712417,"dated_domains_n":1,"time_series_status":"UNKNOWN_SERIE_TEMPORAL_NAO_ADQUIRIDA"}},{"type":"Feature","geometry":{"type":"Point","coordinates":[-51.41722199999998,-20.35833299999996]},"properties":{"well_id":"3500022986","municipality":"Selvíria","hydro_unit":"Grupo Caiuá","domain":"Granular","layer_code":"T04","layer_name":"Evidência hidrogeológica datada","latest_evidence_date":"1960-05-23","latest_evidence_age_years":66.26830119714984,"dated_domains_n":1,"time_series_status":"UNKNOWN_SERIE_TEMPORAL_NAO_ADQUIRIDA"}},{"type":"Feature","geometry":{"type":"Point","coordinates":[-54.560554999999965,-18.100832999999966]},"properties":{"well_id":"3500023028","municipality":"Pedro Gomes","hydro_unit":"Formação Ponta Grossa","domain":"Granular","layer_code":"T04","layer_name":"Evidência hidrogeológica datada","latest_evidence_date":"1978-06-05","latest_evidence_age_years":48.233707742116536,"dated_domains_n":1,"time_series_status":"UNKNOWN_SERIE_TEMPORAL_NAO_ADQUIRIDA"}},{"type":"Feature","geometry":{"type":"Point","coordinates":[-54.75361099999998,-18.508887999999956]},"properties":{"well_id":"3500023039","municipality":"Coxim","hydro_unit":"Formação Furnas","domain":"Granular","layer_code":"T04","layer_name":"Evidência hidrogeológica datada","latest_evidence_date":"2000-07-07","latest_evidence_age_years":26.14427400973326,"dated_domains_n":1,"time_series_status":"UNKNOWN_SERIE_TEMPORAL_NAO_ADQUIRIDA"}},{"type":"Feature","geometry":{"type":"Point","coordinates":[-54.77888799999994,-22.21305499999994]},"properties":{"well_id":"3500023058","municipality":"Dourados","hydro_unit":"Formação Serra Geral","domain":"Fraturada","layer_code":"T04","layer_name":"Evidência hidrogeológica datada","latest_evidence_date":"2003-04-30","latest_evidence_age_years":23.33244351355606,"dated_domains_n":1,"time_series_status":"UNKNOWN_SERIE_TEMPORAL_NAO_ADQUIRIDA"}},{"type":"Feature","geometry":{"type":"Point","coordinates":[-54.76111099999997,-17.584721999999942]},"properties":{"well_id":"3500023105","municipality":"Sonora","hydro_unit":"Formação Furnas","domain":"Granular","layer_code":"T04","layer_name":"Evidência hidrogeológica datada","latest_evidence_date":"1998-05-15","latest_evidence_age_years":28.29079310321225,"dated_domains_n":1,"time_series_status":"UNKNOWN_SERIE_TEMPORAL_NAO_ADQUIRIDA"}},{"type":"Feature","geometry":{"type":"Point","coordinates":[-53.13861099999997,-18.532221999999933]},"properties":{"well_id":"3500023336","municipality":"Costa Rica","hydro_unit":"Grupo Caiuá","domain":"Granular","layer_code":"T04","layer_name":"Evidência hidrogeológica datada","latest_evidence_date":"1993-10-16","latest_evidence_age_years":32.86857361889703,"dated_domains_n":1,"time_series_status":"UNKNOWN_SERIE_TEMPORAL_NAO_ADQUIRIDA"}},{"type":"Feature","geometry":{"type":"Point","coordinates":[-54.74944399999998,-17.58555599999994]},"properties":{"well_id":"3500027165","municipality":"Sonora","hydro_unit":"Formação Furnas","domain":"Granular","layer_code":"T04","layer_name":"Evidência hidrogeológica datada","latest_evidence_date":"2009-08-27","latest_evidence_age_years":17.00514042040562,"dated_domains_n":1,"time_series_status":"UNKNOWN_SERIE_TEMPORAL_NAO_ADQUIRIDA"}},{"type":"Feature","geometry":{"type":"Point","coordinates":[-54.29527699999994,-23.92972199999997]},"properties":{"well_id":"3500023026","municipality":"Mundo Novo","hydro_unit":"Grupo Caiuá","domain":"Granular","layer_code":"T04","layer_name":"Evidência hidrogeológica datada","latest_evidence_date":"1991-02-14","latest_evidence_age_years":35.53803295071083,"dated_domains_n":1,"time_series_status":"UNKNOWN_SERIE_TEMPORAL_NAO_ADQUIRIDA"}},{"type":"Feature","geometry":{"type":"Point","coordinates":[-55.02444399999996,-22.461666999999977]},"properties":{"well_id":"3500045631","municipality":"Laguna Carapã","hydro_unit":"Formação Serra Geral","domain":"Fraturada","layer_code":"T04","layer_name":"Evidência hidrogeológica datada","latest_evidence_date":"2012-06-20","latest_evidence_age_years":14.190572017221434,"dated_domains_n":1,"time_series_status":"UNKNOWN_SERIE_TEMPORAL_NAO_ADQUIRIDA"}},{"type":"Feature","geometry":{"type":"Point","coordinates":[-51.445554999999956,-20.37749999999994]},"properties":{"well_id":"3500023306","municipality":"Selvíria","hydro_unit":"Grupo Caiuá","domain":"Granular","layer_code":"T04","layer_name":"Evidência hidrogeológica datada","latest_evidence_date":"1987-09-12","latest_evidence_age_years":38.96315461645345,"dated_domains_n":1,"time_series_status":"UNKNOWN_SERIE_TEMPORAL_NAO_ADQUIRIDA"}},{"type":"Feature","geometry":{"type":"Point","coordinates":[-54.60833299999996,-20.551110999999935]},"properties":{"well_id":"3500022919","municipality":"Campo Grande","hydro_unit":"Formação Serra Geral","domain":"Fraturada","layer_code":"T04","layer_name":"Evidência hidrogeológica datada","latest_evidence_date":"1993-11-26","latest_evidence_age_years":32.75631943161051,"dated_domains_n":1,"time_series_status":"UNKNOWN_SERIE_TEMPORAL_NAO_ADQUIRIDA"}},{"type":"Feature","geometry":{"type":"Point","coordinates":[-53.01388899999995,-19.028055999999935]},"properties":{"well_id":"3500065111","municipality":"Paraíso das Águas","hydro_unit":"Grupo Caiuá","domain":"Granular","layer_code":"T04","layer_name":"Evidência hidrogeológica datada","latest_evidence_date":"2019-09-06","latest_evidence_age_years":6.978924960813706,"dated_domains_n":1,"time_series_status":"UNKNOWN_SERIE_TEMPORAL_NAO_ADQUIRIDA"}},{"type":"Feature","geometry":{"type":"Point","coordinates":[-54.572499999999934,-20.428054999999972]},"properties":{"well_id":"3500022490","municipality":"Campo Grande","hydro_unit":"Formação Serra Geral","domain":"Fraturada","layer_code":"T04","layer_name":"Evidência hidrogeológica datada","latest_evidence_date":"1997-09-19","latest_evidence_age_years":28.942414970875515,"dated_domains_n":1,"time_series_status":"UNKNOWN_SERIE_TEMPORAL_NAO_ADQUIRIDA"}},{"type":"Feature","geometry":{"type":"Point","coordinates":[-54.769721999999945,-22.72277799999995]},"properties":{"well_id":"3500026967","municipality":"Caarapó","hydro_unit":"Grupo Caiuá","domain":"Granular","layer_code":"T04","layer_name":"Evidência hidrogeológica datada","latest_evidence_date":"2009-03-31","latest_evidence_age_years":17.41308856444691,"dated_domains_n":1,"time_series_status":"UNKNOWN_SERIE_TEMPORAL_NAO_ADQUIRIDA"}},{"type":"Feature","geometry":{"type":"Point","coordinates":[-54.55638899999997,-20.442777999999976]},"properties":{"well_id":"3500045695","municipality":"Campo Grande","hydro_unit":"Formação Serra Geral","domain":"Fraturada","layer_code":"T04","layer_name":"Evidência hidrogeológica datada","latest_evidence_date":"2010-06-21","latest_evidence_age_years":16.189244132323044,"dated_domains_n":1,"time_series_status":"UNKNOWN_SERIE_TEMPORAL_NAO_ADQUIRIDA"}},{"type":"Feature","geometry":{"type":"Point","coordinates":[-54.57527699999997,-19.399999999999977]},"properties":{"well_id":"3500023227","municipality":"São Gabriel do Oeste","hydro_unit":"Grupo Bauru","domain":"Granular","layer_code":"T04","layer_name":"Evidência hidrogeológica datada","latest_evidence_date":"1984-11-05","latest_evidence_age_years":41.81331581072849,"dated_domains_n":2,"time_series_status":"UNKNOWN_SERIE_TEMPORAL_NAO_ADQUIRIDA"}},{"type":"Feature","geometry":{"type":"Point","coordinates":[-53.778332999999975,-22.155832999999973]},"properties":{"well_id":"3500027241","municipality":"Angélica","hydro_unit":"Grupo Caiuá","domain":"Granular","layer_code":"T04","layer_name":"Evidência hidrogeológica datada","latest_evidence_date":"2010-01-25","latest_evidence_age_years":16.591716462350355,"dated_domains_n":2,"time_series_status":"UNKNOWN_SERIE_TEMPORAL_NAO_ADQUIRIDA"}},{"type":"Feature","geometry":{"type":"Point","coordinates":[-54.485555999999974,-19.45111099999997]},"properties":{"well_id":"3500045118","municipality":"São Gabriel do Oeste","hydro_unit":"Grupo Bauru","domain":"Granular","layer_code":"T04","layer_name":"Evidência hidrogeológica datada","latest_evidence_date":"2009-01-06","latest_evidence_age_years":17.643072753033945,"dated_domains_n":1,"time_series_status":"UNKNOWN_SERIE_TEMPORAL_NAO_ADQUIRIDA"}},{"type":"Feature","geometry":{"type":"Point","coordinates":[-52.62055499999997,-18.813887999999963]},"properties":{"well_id":"3500022607","municipality":"Chapadão do Sul","hydro_unit":"Formação Cachoeirinha","domain":"Granular","layer_code":"T04","layer_name":"Evidência hidrogeológica datada","latest_evidence_date":"2001-11-02","latest_evidence_age_years":24.82186492535781,"dated_domains_n":1,"time_series_status":"UNKNOWN_SERIE_TEMPORAL_NAO_ADQUIRIDA"}},{"type":"Feature","geometry":{"type":"Point","coordinates":[-54.621943999999985,-20.533054999999933]},"properties":{"well_id":"3500022908","municipality":"Campo Grande","hydro_unit":"Formação Serra Geral","domain":"Fraturada","layer_code":"T04","layer_name":"Evidência hidrogeológica datada","latest_evidence_date":"1998-03-06","latest_evidence_age_years":28.482446593701443,"dated_domains_n":1,"time_series_status":"UNKNOWN_SERIE_TEMPORAL_NAO_ADQUIRIDA"}},{"type":"Feature","geometry":{"type":"Point","coordinates":[-55.20111099999997,-23.09833299999997]},"properties":{"well_id":"3500023141","municipality":"Amambai","hydro_unit":"Formação Serra Geral","domain":"Fraturada","layer_code":"T04","layer_name":"Evidência hidrogeológica datada","latest_evidence_date":"1984-08-16","latest_evidence_age_years":42.03508627829456,"dated_domains_n":1,"time_series_status":"UNKNOWN_SERIE_TEMPORAL_NAO_ADQUIRIDA"}},{"type":"Feature","geometry":{"type":"Point","coordinates":[-51.73472199999998,-19.123054999999965]},"properties":{"well_id":"3500023186","municipality":"Cassilândia","hydro_unit":"Grupo Bauru","domain":"Granular","layer_code":"T04","layer_name":"Evidência hidrogeológica datada","latest_evidence_date":"1998-04-21","latest_evidence_age_years":28.356502871379973,"dated_domains_n":1,"time_series_status":"UNKNOWN_SERIE_TEMPORAL_NAO_ADQUIRIDA"}},{"type":"Feature","geometry":{"type":"Point","coordinates":[-54.75277699999998,-20.094443999999953]},"properties":{"well_id":"3500023216","municipality":"Jaraguari","hydro_unit":"Formação Botucatu","domain":"Granular","layer_code":"T04","layer_name":"Evidência hidrogeológica datada","latest_evidence_date":"1987-05-25","latest_evidence_age_years":39.26432438722219,"dated_domains_n":1,"time_series_status":"UNKNOWN_SERIE_TEMPORAL_NAO_ADQUIRIDA"}},{"type":"Feature","geometry":{"type":"Point","coordinates":[-54.16194399999995,-21.541943999999944]},"properties":{"well_id":"3500023272","municipality":"Nova Alvorada do Sul","hydro_unit":"Formação Serra Geral","domain":"Fraturada","layer_code":"T04","layer_name":"Evidência hidrogeológica datada","latest_evidence_date":"1995-03-05","latest_evidence_age_years":31.48593058036784,"dated_domains_n":1,"time_series_status":"UNKNOWN_SERIE_TEMPORAL_NAO_ADQUIRIDA"}},{"type":"Feature","geometry":{"type":"Point","coordinates":[-53.12638799999996,-18.549165999999957]},"properties":{"well_id":"3500023337","municipality":"Costa Rica","hydro_unit":"Formação Serra Geral","domain":"Fraturada","layer_code":"T04","layer_name":"Evidência hidrogeológica datada","latest_evidence_date":"1991-08-15","latest_evidence_age_years":35.03973387543892,"dated_domains_n":1,"time_series_status":"UNKNOWN_SERIE_TEMPORAL_NAO_ADQUIRIDA"}},{"type":"Feature","geometry":{"type":"Point","coordinates":[-53.82416699999993,-22.31444399999998]},"properties":{"well_id":"3500026981","municipality":"Ivinhema","hydro_unit":"Grupo Caiuá","domain":"Granular","layer_code":"T04","layer_name":"Evidência hidrogeológica datada","latest_evidence_date":"2009-10-06","latest_evidence_age_years":16.89562414012608,"dated_domains_n":2,"time_series_status":"UNKNOWN_SERIE_TEMPORAL_NAO_ADQUIRIDA"}},{"type":"Feature","geometry":{"type":"Point","coordinates":[-54.79861099999994,-22.079166999999927]},"properties":{"well_id":"3500027066","municipality":"Itaporã","hydro_unit":"Formação Serra Geral","domain":"Fraturada","layer_code":"T04","layer_name":"Evidência hidrogeológica datada","latest_evidence_date":"2009-09-14","latest_evidence_age_years":16.955858094279826,"dated_domains_n":2,"time_series_status":"UNKNOWN_SERIE_TEMPORAL_NAO_ADQUIRIDA"}},{"type":"Feature","geometry":{"type":"Point","coordinates":[-54.70138899999995,-22.614999999999952]},"properties":{"well_id":"3500045605","municipality":"Caarapó","hydro_unit":"Grupo Caiuá","domain":"Granular","layer_code":"T04","layer_name":"Evidência hidrogeológica datada","latest_evidence_date":"2009-09-22","latest_evidence_age_years":16.93395483822392,"dated_domains_n":1,"time_series_status":"UNKNOWN_SERIE_TEMPORAL_NAO_ADQUIRIDA"}},{"type":"Feature","geometry":{"type":"Point","coordinates":[-54.57111099999997,-20.37972199999996]},"properties":{"well_id":"3500045699","municipality":"Campo Grande","hydro_unit":"Formação Serra Geral","domain":"Fraturada","layer_code":"T04","layer_name":"Evidência hidrogeológica datada","latest_evidence_date":"2000-05-25","latest_evidence_age_years":26.262004011033763,"dated_domains_n":1,"time_series_status":"UNKNOWN_SERIE_TEMPORAL_NAO_ADQUIRIDA"}},{"type":"Feature","geometry":{"type":"Point","coordinates":[-54.59694399999995,-20.449165999999934]},"properties":{"well_id":"3500022510","municipality":"Campo Grande","hydro_unit":"Formação Serra Geral","domain":"Fraturada","layer_code":"T04","layer_name":"Evidência hidrogeológica datada","latest_evidence_date":"1971-03-22","latest_evidence_age_years":55.43987898451029,"dated_domains_n":1,"time_series_status":"UNKNOWN_SERIE_TEMPORAL_NAO_ADQUIRIDA"}},{"type":"Feature","geometry":{"type":"Point","coordinates":[-54.03666599999997,-19.53888799999993]},"properties":{"well_id":"3500022597","municipality":"Camapuã","hydro_unit":"Formação Botucatu","domain":"Granular","layer_code":"T04","layer_name":"Evidência hidrogeológica datada","latest_evidence_date":"1991-02-14","latest_evidence_age_years":35.53803295071083,"dated_domains_n":1,"time_series_status":"UNKNOWN_SERIE_TEMPORAL_NAO_ADQUIRIDA"}},{"type":"Feature","geometry":{"type":"Point","coordinates":[-54.04305499999998,-19.52444399999996]},"properties":{"well_id":"3500022600","municipality":"Camapuã","hydro_unit":"Formação Botucatu","domain":"Granular","layer_code":"T04","layer_name":"Evidência hidrogeológica datada","latest_evidence_date":"2003-03-24","latest_evidence_age_years":23.433746072814635,"dated_domains_n":1,"time_series_status":"UNKNOWN_SERIE_TEMPORAL_NAO_ADQUIRIDA"}},{"type":"Feature","geometry":{"type":"Point","coordinates":[-55.63861099999997,-22.529165999999975]},"properties":{"well_id":"3500022730","municipality":"Ponta Porã","hydro_unit":"Grupo Caiuá","domain":"Granular","layer_code":"T04","layer_name":"Evidência hidrogeológica datada","latest_evidence_date":"1980-12-14","latest_evidence_age_years":45.70661957466614,"dated_domains_n":1,"time_series_status":"UNKNOWN_SERIE_TEMPORAL_NAO_ADQUIRIDA"}},{"type":"Feature","geometry":{"type":"Point","coordinates":[-54.633887999999956,-20.41888799999998]},"properties":{"well_id":"3500022891","municipality":"Campo Grande","hydro_unit":"Formação Serra Geral","domain":"Fraturada","layer_code":"T04","layer_name":"Evidência hidrogeológica datada","latest_evidence_date":"1977-03-08","latest_evidence_age_years":49.476717523289324,"dated_domains_n":1,"time_series_status":"UNKNOWN_SERIE_TEMPORAL_NAO_ADQUIRIDA"}},{"type":"Feature","geometry":{"type":"Point","coordinates":[-54.03694399999995,-19.541943999999944]},"properties":{"well_id":"3500023044","municipality":"Camapuã","hydro_unit":"Formação Botucatu","domain":"Granular","layer_code":"T04","layer_name":"Evidência hidrogeológica datada","latest_evidence_date":"1987-03-08","latest_evidence_age_years":39.47788113376729,"dated_domains_n":1,"time_series_status":"UNKNOWN_SERIE_TEMPORAL_NAO_ADQUIRIDA"}},{"type":"Feature","geometry":{"type":"Point","coordinates":[-54.006110999999976,-19.496110999999928]},"properties":{"well_id":"3500065097","municipality":"Camapuã","hydro_unit":"Grupo Caiuá","domain":"Granular","layer_code":"T04","layer_name":"Evidência hidrogeológica datada","latest_evidence_date":"2019-09-05","latest_evidence_age_years":6.9816628678206945,"dated_domains_n":1,"time_series_status":"UNKNOWN_SERIE_TEMPORAL_NAO_ADQUIRIDA"}},{"type":"Feature","geometry":{"type":"Point","coordinates":[-54.801943999999935,-20.146110999999962]},"properties":{"well_id":"3500065136","municipality":"Rochedo","hydro_unit":"Formação Botucatu","domain":"Granular","layer_code":"T04","layer_name":"Evidência hidrogeológica datada","latest_evidence_date":"2019-09-09","latest_evidence_age_years":6.97071123979274,"dated_domains_n":1,"time_series_status":"UNKNOWN_SERIE_TEMPORAL_NAO_ADQUIRIDA"}},{"type":"Feature","geometry":{"type":"Point","coordinates":[-56.17888899999997,-22.151943999999958]},"properties":{"well_id":"3500065090","municipality":"Antônio João","hydro_unit":"Formação Botucatu","domain":"Granular","layer_code":"T04","layer_name":"Evidência hidrogeológica datada","latest_evidence_date":"2019-09-05","latest_evidence_age_years":6.9816628678206945,"dated_domains_n":1,"time_series_status":"UNKNOWN_SERIE_TEMPORAL_NAO_ADQUIRIDA"}},{"type":"Feature","geometry":{"type":"Point","coordinates":[-54.831110999999964,-20.115832999999952]},"properties":{"well_id":"3500065137","municipality":"Rochedo","hydro_unit":"Formação Botucatu","domain":"Granular","layer_code":"T04","layer_name":"Evidência hidrogeológica datada","latest_evidence_date":"2019-09-09","latest_evidence_age_years":6.97071123979274,"dated_domains_n":1,"time_series_status":"UNKNOWN_SERIE_TEMPORAL_NAO_ADQUIRIDA"}},{"type":"Feature","geometry":{"type":"Point","coordinates":[-54.787777999999946,-19.987777999999935]},"properties":{"well_id":"3500028108","municipality":"Rochedo","hydro_unit":"Formação Botucatu","domain":"Granular","layer_code":"T04","layer_name":"Evidência hidrogeológica datada","latest_evidence_date":"2023-11-29","latest_evidence_age_years":2.7488586350164614,"dated_domains_n":3,"time_series_status":"UNKNOWN_SERIE_TEMPORAL_NAO_ADQUIRIDA"}},{"type":"Feature","geometry":{"type":"Point","coordinates":[-52.06722199999996,-21.296666999999957]},"properties":{"well_id":"3500029179","municipality":"Brasilândia","hydro_unit":"Grupo Caiuá","domain":"Granular","layer_code":"T04","layer_name":"Evidência hidrogeológica datada","latest_evidence_date":"2023-11-28","latest_evidence_age_years":2.7515965420234503,"dated_domains_n":3,"time_series_status":"UNKNOWN_SERIE_TEMPORAL_NAO_ADQUIRIDA"}},{"type":"Feature","geometry":{"type":"Point","coordinates":[-54.58138799999995,-20.45277699999997]},"properties":{"well_id":"3500022483","municipality":"Campo Grande","hydro_unit":"Formação Serra Geral","domain":"Fraturada","layer_code":"T04","layer_name":"Evidência hidrogeológica datada","latest_evidence_date":"1983-06-17","latest_evidence_age_years":43.20143466327166,"dated_domains_n":1,"time_series_status":"UNKNOWN_SERIE_TEMPORAL_NAO_ADQUIRIDA"}},{"type":"Feature","geometry":{"type":"Point","coordinates":[-54.677776999999935,-20.552499999999952]},"properties":{"well_id":"3500022498","municipality":"Campo Grande","hydro_unit":"Formação Serra Geral","domain":"Fraturada","layer_code":"T04","layer_name":"Evidência hidrogeológica datada","latest_evidence_date":"1997-11-11","latest_evidence_age_years":28.797305899505123,"dated_domains_n":1,"time_series_status":"UNKNOWN_SERIE_TEMPORAL_NAO_ADQUIRIDA"}},{"type":"Feature","geometry":{"type":"Point","coordinates":[-54.64805499999994,-20.436387999999965]},"properties":{"well_id":"3500022515","municipality":"Campo Grande","hydro_unit":"Formação Serra Geral","domain":"Fraturada","layer_code":"T04","layer_name":"Evidência hidrogeológica datada","latest_evidence_date":"1980-06-05","latest_evidence_age_years":46.23229772000794,"dated_domains_n":1,"time_series_status":"UNKNOWN_SERIE_TEMPORAL_NAO_ADQUIRIDA"}},{"type":"Feature","geometry":{"type":"Point","coordinates":[-54.59861099999995,-20.416110999999944]},"properties":{"well_id":"3500022521","municipality":"Campo Grande","hydro_unit":"Formação Serra Geral","domain":"Fraturada","layer_code":"T04","layer_name":"Evidência hidrogeológica datada","latest_evidence_date":"1995-12-13","latest_evidence_age_years":30.711102897390088,"dated_domains_n":1,"time_series_status":"UNKNOWN_SERIE_TEMPORAL_NAO_ADQUIRIDA"}},{"type":"Feature","geometry":{"type":"Point","coordinates":[-54.573054999999954,-20.425832999999955]},"properties":{"well_id":"3500022526","municipality":"Campo Grande","hydro_unit":"Formação Serra Geral","domain":"Fraturada","layer_code":"T04","layer_name":"Evidência hidrogeológica datada","latest_evidence_date":"1997-05-15","latest_evidence_age_years":29.290129160763055,"dated_domains_n":1,"time_series_status":"UNKNOWN_SERIE_TEMPORAL_NAO_ADQUIRIDA"}},{"type":"Feature","geometry":{"type":"Point","coordinates":[-53.82805499999995,-22.310276999999928]},"properties":{"well_id":"3500022546","municipality":"Ivinhema","hydro_unit":"Grupo Caiuá","domain":"Granular","layer_code":"T04","layer_name":"Evidência hidrogeológica datada","latest_evidence_date":"1980-04-02","latest_evidence_age_years":46.407523768455206,"dated_domains_n":1,"time_series_status":"UNKNOWN_SERIE_TEMPORAL_NAO_ADQUIRIDA"}},{"type":"Feature","geometry":{"type":"Point","coordinates":[-53.850832999999966,-22.64861099999996]},"properties":{"well_id":"3500022551","municipality":"Novo Horizonte do Sul","hydro_unit":"Grupo Caiuá","domain":"Granular","layer_code":"T04","layer_name":"Evidência hidrogeológica datada","latest_evidence_date":"1998-08-25","latest_evidence_age_years":28.01152658849942,"dated_domains_n":1,"time_series_status":"UNKNOWN_SERIE_TEMPORAL_NAO_ADQUIRIDA"}},{"type":"Feature","geometry":{"type":"Point","coordinates":[-53.33694399999996,-22.236665999999957]},"properties":{"well_id":"3500022554","municipality":"Nova Andradina","hydro_unit":"Grupo Caiuá","domain":"Granular","layer_code":"T04","layer_name":"Evidência hidrogeológica datada","latest_evidence_date":"1981-09-16","latest_evidence_age_years":44.95095724073732,"dated_domains_n":1,"time_series_status":"UNKNOWN_SERIE_TEMPORAL_NAO_ADQUIRIDA"}},{"type":"Feature","geometry":{"type":"Point","coordinates":[-54.842221999999936,-18.91999999999996]},"properties":{"well_id":"3500022609","municipality":"Rio Verde de Mato Grosso","hydro_unit":"Formação Furnas","domain":"Granular","layer_code":"T04","layer_name":"Evidência hidrogeológica datada","latest_evidence_date":"1966-10-15","latest_evidence_age_years":59.87255042882468,"dated_domains_n":1,"time_series_status":"UNKNOWN_SERIE_TEMPORAL_NAO_ADQUIRIDA"}},{"type":"Feature","geometry":{"type":"Point","coordinates":[-57.781387999999936,-19.04222199999998]},"properties":{"well_id":"3500022614","municipality":"Corumbá","hydro_unit":"Grupo Corumbá","domain":"Cárstica","layer_code":"T04","layer_name":"Evidência hidrogeológica datada","latest_evidence_date":"2003-04-02","latest_evidence_age_years":23.40910490975174,"dated_domains_n":1,"time_series_status":"UNKNOWN_SERIE_TEMPORAL_NAO_ADQUIRIDA"}},{"type":"Feature","geometry":{"type":"Point","coordinates":[-53.27722199999994,-22.301665999999955]},"properties":{"well_id":"3500022640","municipality":"Batayporã","hydro_unit":"Grupo Caiuá","domain":"Granular","layer_code":"T04","layer_name":"Evidência hidrogeológica datada","latest_evidence_date":"1974-12-03","latest_evidence_age_years":51.73822871106183,"dated_domains_n":1,"time_series_status":"UNKNOWN_SERIE_TEMPORAL_NAO_ADQUIRIDA"}},{"type":"Feature","geometry":{"type":"Point","coordinates":[-57.809721999999965,-19.091110999999955]},"properties":{"well_id":"3500022642","municipality":"Corumbá","hydro_unit":"Grupo Corumbá","domain":"Cárstica","layer_code":"T04","layer_name":"Evidência hidrogeológica datada","latest_evidence_date":"1996-10-31","latest_evidence_age_years":29.8267589341328,"dated_domains_n":1,"time_series_status":"UNKNOWN_SERIE_TEMPORAL_NAO_ADQUIRIDA"}},{"type":"Feature","geometry":{"type":"Point","coordinates":[-54.18222199999997,-23.052776999999935]},"properties":{"well_id":"3500022725","municipality":"Naviraí","hydro_unit":"Grupo Caiuá","domain":"Granular","layer_code":"T04","layer_name":"Evidência hidrogeológica datada","latest_evidence_date":"1980-09-08","latest_evidence_age_years":45.97219655434403,"dated_domains_n":1,"time_series_status":"UNKNOWN_SERIE_TEMPORAL_NAO_ADQUIRIDA"}},{"type":"Feature","geometry":{"type":"Point","coordinates":[-54.104165999999964,-23.800832999999955]},"properties":{"well_id":"3500022749","municipality":"Eldorado","hydro_unit":"Grupo Caiuá","domain":"Granular","layer_code":"T04","layer_name":"Evidência hidrogeológica datada","latest_evidence_date":"1984-12-10","latest_evidence_age_years":41.71748906548389,"dated_domains_n":1,"time_series_status":"UNKNOWN_SERIE_TEMPORAL_NAO_ADQUIRIDA"}},{"type":"Feature","geometry":{"type":"Point","coordinates":[-55.63694399999997,-20.484721999999977]},"properties":{"well_id":"3500022798","municipality":"Aquidauana","hydro_unit":"Formação Aquidauana","domain":"Granular","layer_code":"T04","layer_name":"Evidência hidrogeológica datada","latest_evidence_date":"1991-05-24","latest_evidence_age_years":35.26698015701896,"dated_domains_n":1,"time_series_status":"UNKNOWN_SERIE_TEMPORAL_NAO_ADQUIRIDA"}},{"type":"Feature","geometry":{"type":"Point","coordinates":[-55.539999999999964,-20.476665999999966]},"properties":{"well_id":"3500022803","municipality":"Aquidauana","hydro_unit":"Formação Aquidauana","domain":"Granular","layer_code":"T04","layer_name":"Evidência hidrogeológica datada","latest_evidence_date":"1987-09-11","latest_evidence_age_years":38.96589252346044,"dated_domains_n":1,"time_series_status":"UNKNOWN_SERIE_TEMPORAL_NAO_ADQUIRIDA"}},{"type":"Feature","geometry":{"type":"Point","coordinates":[-54.79527699999994,-22.258610999999974]},"properties":{"well_id":"3500022832","municipality":"Dourados","hydro_unit":"Formação Serra Geral","domain":"Fraturada","layer_code":"T04","layer_name":"Evidência hidrogeológica datada","latest_evidence_date":"1990-03-23","latest_evidence_age_years":36.43606644900306,"dated_domains_n":1,"time_series_status":"UNKNOWN_SERIE_TEMPORAL_NAO_ADQUIRIDA"}},{"type":"Feature","geometry":{"type":"Point","coordinates":[-54.79472199999998,-22.08694399999996]},"properties":{"well_id":"3500022855","municipality":"Itaporã","hydro_unit":"Formação Serra Geral","domain":"Fraturada","layer_code":"T04","layer_name":"Evidência hidrogeológica datada","latest_evidence_date":"2003-10-16","latest_evidence_age_years":22.869737229375005,"dated_domains_n":1,"time_series_status":"UNKNOWN_SERIE_TEMPORAL_NAO_ADQUIRIDA"}},{"type":"Feature","geometry":{"type":"Point","coordinates":[-54.53694399999995,-21.809999999999945]},"properties":{"well_id":"3500022877","municipality":"Rio Brilhante","hydro_unit":"Formação Serra Geral","domain":"Fraturada","layer_code":"T04","layer_name":"Evidência hidrogeológica datada","latest_evidence_date":"1989-09-21","latest_evidence_age_years":36.937103431281955,"dated_domains_n":1,"time_series_status":"UNKNOWN_SERIE_TEMPORAL_NAO_ADQUIRIDA"}},{"type":"Feature","geometry":{"type":"Point","coordinates":[-54.64277699999997,-20.449999999999932]},"properties":{"well_id":"3500022894","municipality":"Campo Grande","hydro_unit":"Formação Serra Geral","domain":"Fraturada","layer_code":"T04","layer_name":"Evidência hidrogeológica datada","latest_evidence_date":"1977-10-11","latest_evidence_age_years":48.882591702772814,"dated_domains_n":1,"time_series_status":"UNKNOWN_SERIE_TEMPORAL_NAO_ADQUIRIDA"}},{"type":"Feature","geometry":{"type":"Point","coordinates":[-54.635276999999974,-20.457221999999945]},"properties":{"well_id":"3500022895","municipality":"Campo Grande","hydro_unit":"Formação Serra Geral","domain":"Fraturada","layer_code":"T04","layer_name":"Evidência hidrogeológica datada","latest_evidence_date":"1997-10-25","latest_evidence_age_years":28.84385031862393,"dated_domains_n":1,"time_series_status":"UNKNOWN_SERIE_TEMPORAL_NAO_ADQUIRIDA"}},{"type":"Feature","geometry":{"type":"Point","coordinates":[-53.779165999999975,-22.156387999999936]},"properties":{"well_id":"3500022936","municipality":"Angélica","hydro_unit":"Grupo Caiuá","domain":"Granular","layer_code":"T04","layer_name":"Evidência hidrogeológica datada","latest_evidence_date":"2001-03-09","latest_evidence_age_years":25.473486793021074,"dated_domains_n":1,"time_series_status":"UNKNOWN_SERIE_TEMPORAL_NAO_ADQUIRIDA"}},{"type":"Feature","geometry":{"type":"Point","coordinates":[-54.613332999999955,-20.517499999999927]},"properties":{"well_id":"3500022949","municipality":"Campo Grande","hydro_unit":"Formação Serra Geral","domain":"Fraturada","layer_code":"T04","layer_name":"Evidência hidrogeológica datada","latest_evidence_date":"1982-10-10","latest_evidence_age_years":43.88591141501879,"dated_domains_n":1,"time_series_status":"UNKNOWN_SERIE_TEMPORAL_NAO_ADQUIRIDA"}},{"type":"Feature","geometry":{"type":"Point","coordinates":[-51.10583299999996,-20.083332999999982]},"properties":{"well_id":"3500022962","municipality":"Aparecida do Taboado","hydro_unit":"Grupo Bauru","domain":"Granular","layer_code":"T04","layer_name":"Evidência hidrogeológica datada","latest_evidence_date":"1971-09-03","latest_evidence_age_years":54.98812432835719,"dated_domains_n":1,"time_series_status":"UNKNOWN_SERIE_TEMPORAL_NAO_ADQUIRIDA"}},{"type":"Feature","geometry":{"type":"Point","coordinates":[-54.740276999999935,-18.519999999999982]},"properties":{"well_id":"3500022991","municipality":"Coxim","hydro_unit":"Formação Furnas","domain":"Granular","layer_code":"T04","layer_name":"Evidência hidrogeológica datada","latest_evidence_date":"1999-08-27","latest_evidence_age_years":27.00671471693464,"dated_domains_n":1,"time_series_status":"UNKNOWN_SERIE_TEMPORAL_NAO_ADQUIRIDA"}},{"type":"Feature","geometry":{"type":"Point","coordinates":[-54.728610999999944,-18.47555499999993]},"properties":{"well_id":"3500022994","municipality":"Coxim","hydro_unit":"Formação Furnas","domain":"Granular","layer_code":"T04","layer_name":"Evidência hidrogeológica datada","latest_evidence_date":"1991-07-16","latest_evidence_age_years":35.12187108564858,"dated_domains_n":1,"time_series_status":"UNKNOWN_SERIE_TEMPORAL_NAO_ADQUIRIDA"}},{"type":"Feature","geometry":{"type":"Point","coordinates":[-54.73527699999994,-18.465832999999975]},"properties":{"well_id":"3500022995","municipality":"Coxim","hydro_unit":"Formação Furnas","domain":"Granular","layer_code":"T04","layer_name":"Evidência hidrogeológica datada","latest_evidence_date":"2002-08-15","latest_evidence_age_years":24.038823521359095,"dated_domains_n":1,"time_series_status":"UNKNOWN_SERIE_TEMPORAL_NAO_ADQUIRIDA"}},{"type":"Feature","geometry":{"type":"Point","coordinates":[-54.83749999999998,-18.91027699999995]},"properties":{"well_id":"3500023005","municipality":"Rio Verde de Mato Grosso","hydro_unit":"Formação Furnas","domain":"Granular","layer_code":"T04","layer_name":"Evidência hidrogeológica datada","latest_evidence_date":"1978-08-05","latest_evidence_age_years":48.06669541469024,"dated_domains_n":1,"time_series_status":"UNKNOWN_SERIE_TEMPORAL_NAO_ADQUIRIDA"}},{"type":"Feature","geometry":{"type":"Point","coordinates":[-54.18861099999998,-23.067776999999978]},"properties":{"well_id":"3500023030","municipality":"Naviraí","hydro_unit":"Grupo Caiuá","domain":"Granular","layer_code":"T04","layer_name":"Evidência hidrogeológica datada","latest_evidence_date":"1994-06-11","latest_evidence_age_years":32.21695175123377,"dated_domains_n":1,"time_series_status":"UNKNOWN_SERIE_TEMPORAL_NAO_ADQUIRIDA"}},{"type":"Feature","geometry":{"type":"Point","coordinates":[-53.82777699999997,-22.311110999999983]},"properties":{"well_id":"3500023031","municipality":"Ivinhema","hydro_unit":"Grupo Caiuá","domain":"Granular","layer_code":"T04","layer_name":"Evidência hidrogeológica datada","latest_evidence_date":"1981-04-10","latest_evidence_age_years":45.38628445484849,"dated_domains_n":1,"time_series_status":"UNKNOWN_SERIE_TEMPORAL_NAO_ADQUIRIDA"}},{"type":"Feature","geometry":{"type":"Point","coordinates":[-56.809721999999965,-22.178054999999972]},"properties":{"well_id":"3500023064","municipality":"Bela Vista","hydro_unit":"Embasamento Indiferenciado","domain":"Fraturada","layer_code":"T04","layer_name":"Evidência hidrogeológica datada","latest_evidence_date":"2002-09-09","latest_evidence_age_years":23.970375846184385,"dated_domains_n":1,"time_series_status":"UNKNOWN_SERIE_TEMPORAL_NAO_ADQUIRIDA"}},{"type":"Feature","geometry":{"type":"Point","coordinates":[-56.49555499999997,-21.122221999999965]},"properties":{"well_id":"3500023083","municipality":"Bonito","hydro_unit":"Grupo Cuiaba","domain":"Fraturada","layer_code":"T04","layer_name":"Evidência hidrogeológica datada","latest_evidence_date":"1994-04-10","latest_evidence_age_years":32.38670198566706,"dated_domains_n":1,"time_series_status":"UNKNOWN_SERIE_TEMPORAL_NAO_ADQUIRIDA"}},{"type":"Feature","geometry":{"type":"Point","coordinates":[-56.49555499999997,-21.115554999999972]},"properties":{"well_id":"3500023086","municipality":"Bonito","hydro_unit":"Grupo Cuiaba","domain":"Fraturada","layer_code":"T04","layer_name":"Evidência hidrogeológica datada","latest_evidence_date":"1980-01-17","latest_evidence_age_years":46.61560470098633,"dated_domains_n":1,"time_series_status":"UNKNOWN_SERIE_TEMPORAL_NAO_ADQUIRIDA"}},{"type":"Feature","geometry":{"type":"Point","coordinates":[-56.67888799999997,-21.119721999999967]},"properties":{"well_id":"3500023094","municipality":"Bonito","hydro_unit":"Grupo Corumbá","domain":"Cárstica","layer_code":"T04","layer_name":"Evidência hidrogeológica datada","latest_evidence_date":"1979-05-15","latest_evidence_age_years":47.29186773171249,"dated_domains_n":1,"time_series_status":"UNKNOWN_SERIE_TEMPORAL_NAO_ADQUIRIDA"}},{"type":"Feature","geometry":{"type":"Point","coordinates":[-55.63027699999998,-22.95333299999993]},"properties":{"well_id":"3500023155","municipality":"Aral Moreira","hydro_unit":"Formação Serra Geral","domain":"Fraturada","layer_code":"T04","layer_name":"Evidência hidrogeológica datada","latest_evidence_date":"1978-03-21","latest_evidence_age_years":48.44178867464766,"dated_domains_n":1,"time_series_status":"UNKNOWN_SERIE_TEMPORAL_NAO_ADQUIRIDA"}},{"type":"Feature","geometry":{"type":"Point","coordinates":[-55.48333299999996,-22.74305499999997]},"properties":{"well_id":"3500023162","municipality":"Aral Moreira","hydro_unit":"Formação Serra Geral","domain":"Fraturada","layer_code":"T04","layer_name":"Evidência hidrogeológica datada","latest_evidence_date":"1994-04-07","latest_evidence_age_years":32.394915706688025,"dated_domains_n":1,"time_series_status":"UNKNOWN_SERIE_TEMPORAL_NAO_ADQUIRIDA"}},{"type":"Feature","geometry":{"type":"Point","coordinates":[-53.27277799999996,-22.29305599999998]},"properties":{"well_id":"3500026989","municipality":"Batayporã","hydro_unit":"Grupo Caiuá","domain":"Granular","layer_code":"T04","layer_name":"Evidência hidrogeológica datada","latest_evidence_date":"2009-08-27","latest_evidence_age_years":17.00514042040562,"dated_domains_n":1,"time_series_status":"UNKNOWN_SERIE_TEMPORAL_NAO_ADQUIRIDA"}},{"type":"Feature","geometry":{"type":"Point","coordinates":[-54.84666699999997,-18.923055999999974]},"properties":{"well_id":"3500027025","municipality":"Rio Verde de Mato Grosso","hydro_unit":"Formação Ponta Grossa","domain":"Granular","layer_code":"T04","layer_name":"Evidência hidrogeológica datada","latest_evidence_date":"2009-08-27","latest_evidence_age_years":17.00514042040562,"dated_domains_n":1,"time_series_status":"UNKNOWN_SERIE_TEMPORAL_NAO_ADQUIRIDA"}},{"type":"Feature","geometry":{"type":"Point","coordinates":[-54.96361099999996,-19.29416699999996]},"properties":{"well_id":"3500027039","municipality":"Rio Negro","hydro_unit":"Formação Furnas","domain":"Granular","layer_code":"T04","layer_name":"Evidência hidrogeológica datada","latest_evidence_date":"2009-08-27","latest_evidence_age_years":17.00514042040562,"dated_domains_n":1,"time_series_status":"UNKNOWN_SERIE_TEMPORAL_NAO_ADQUIRIDA"}},{"type":"Feature","geometry":{"type":"Point","coordinates":[-53.70833299999998,-18.32527799999997]},"properties":{"well_id":"3500027079","municipality":"Alcinópolis","hydro_unit":"Grupo Caiuá","domain":"Granular","layer_code":"T04","layer_name":"Evidência hidrogeológica datada","latest_evidence_date":"2004-01-27","latest_evidence_age_years":22.587732807655186,"dated_domains_n":1,"time_series_status":"UNKNOWN_SERIE_TEMPORAL_NAO_ADQUIRIDA"}},{"type":"Feature","geometry":{"type":"Point","coordinates":[-52.05333299999995,-20.789721999999927]},"properties":{"well_id":"3500027087","municipality":"Três Lagoas","hydro_unit":"Grupo Caiuá","domain":"Granular","layer_code":"T04","layer_name":"Evidência hidrogeológica datada","latest_evidence_date":"1998-04-03","latest_evidence_age_years":28.405785197505764,"dated_domains_n":1,"time_series_status":"UNKNOWN_SERIE_TEMPORAL_NAO_ADQUIRIDA"}},{"type":"Feature","geometry":{"type":"Point","coordinates":[-54.56444399999998,-23.664721999999983]},"properties":{"well_id":"3500027101","municipality":"Iguatemi","hydro_unit":"Grupo Caiuá","domain":"Granular","layer_code":"T04","layer_name":"Evidência hidrogeológica datada","latest_evidence_date":"2009-08-27","latest_evidence_age_years":17.00514042040562,"dated_domains_n":1,"time_series_status":"UNKNOWN_SERIE_TEMPORAL_NAO_ADQUIRIDA"}},{"type":"Feature","geometry":{"type":"Point","coordinates":[-53.85833299999996,-22.652221999999938]},"properties":{"well_id":"3500027113","municipality":"Novo Horizonte do Sul","hydro_unit":"Grupo Caiuá","domain":"Granular","layer_code":"T04","layer_name":"Evidência hidrogeológica datada","latest_evidence_date":"2009-08-27","latest_evidence_age_years":17.00514042040562,"dated_domains_n":1,"time_series_status":"UNKNOWN_SERIE_TEMPORAL_NAO_ADQUIRIDA"}},{"type":"Feature","geometry":{"type":"Point","coordinates":[-54.74333299999995,-17.58583299999998]},"properties":{"well_id":"3500027121","municipality":"Sonora","hydro_unit":"Formação Furnas","domain":"Granular","layer_code":"T04","layer_name":"Evidência hidrogeológica datada","latest_evidence_date":"2009-08-27","latest_evidence_age_years":17.00514042040562,"dated_domains_n":1,"time_series_status":"UNKNOWN_SERIE_TEMPORAL_NAO_ADQUIRIDA"}},{"type":"Feature","geometry":{"type":"Point","coordinates":[-54.40499999999997,-23.893055999999945]},"properties":{"well_id":"3500027132","municipality":"Japorã","hydro_unit":"Grupo Caiuá","domain":"Granular","layer_code":"T04","layer_name":"Evidência hidrogeológica datada","latest_evidence_date":"2009-08-27","latest_evidence_age_years":17.00514042040562,"dated_domains_n":1,"time_series_status":"UNKNOWN_SERIE_TEMPORAL_NAO_ADQUIRIDA"}},{"type":"Feature","geometry":{"type":"Point","coordinates":[-54.04249999999996,-19.52388899999994]},"properties":{"well_id":"3500027155","municipality":"Camapuã","hydro_unit":"Formação Botucatu","domain":"Granular","layer_code":"T04","layer_name":"Evidência hidrogeológica datada","latest_evidence_date":"2009-08-27","latest_evidence_age_years":17.00514042040562,"dated_domains_n":1,"time_series_status":"UNKNOWN_SERIE_TEMPORAL_NAO_ADQUIRIDA"}},{"type":"Feature","geometry":{"type":"Point","coordinates":[-54.538610999999946,-21.80305599999997]},"properties":{"well_id":"3500027161","municipality":"Rio Brilhante","hydro_unit":"Formação Serra Geral","domain":"Fraturada","layer_code":"T04","layer_name":"Evidência hidrogeológica datada","latest_evidence_date":"2009-08-27","latest_evidence_age_years":17.00514042040562,"dated_domains_n":1,"time_series_status":"UNKNOWN_SERIE_TEMPORAL_NAO_ADQUIRIDA"}},{"type":"Feature","geometry":{"type":"Point","coordinates":[-55.79472199999998,-20.478332999999964]},"properties":{"well_id":"3500027172","municipality":"Aquidauana","hydro_unit":"Formação Aquidauana","domain":"Granular","layer_code":"T04","layer_name":"Evidência hidrogeológica datada","latest_evidence_date":"2009-09-25","latest_evidence_age_years":16.925741117202953,"dated_domains_n":1,"time_series_status":"UNKNOWN_SERIE_TEMPORAL_NAO_ADQUIRIDA"}},{"type":"Feature","geometry":{"type":"Point","coordinates":[-55.68916699999994,-22.57444399999997]},"properties":{"well_id":"3500027178","municipality":"Ponta Porã","hydro_unit":"Grupo Caiuá","domain":"Granular","layer_code":"T04","layer_name":"Evidência hidrogeológica datada","latest_evidence_date":"2009-10-06","latest_evidence_age_years":16.89562414012608,"dated_domains_n":1,"time_series_status":"UNKNOWN_SERIE_TEMPORAL_NAO_ADQUIRIDA"}},{"type":"Feature","geometry":{"type":"Point","coordinates":[-54.19999999999993,-23.061388999999963]},"properties":{"well_id":"3500027187","municipality":"Naviraí","hydro_unit":"Grupo Caiuá","domain":"Granular","layer_code":"T04","layer_name":"Evidência hidrogeológica datada","latest_evidence_date":"2009-10-06","latest_evidence_age_years":16.89562414012608,"dated_domains_n":1,"time_series_status":"UNKNOWN_SERIE_TEMPORAL_NAO_ADQUIRIDA"}},{"type":"Feature","geometry":{"type":"Point","coordinates":[-55.73138899999998,-22.518055999999945]},"properties":{"well_id":"3500027193","municipality":"Ponta Porã","hydro_unit":"Grupo Caiuá","domain":"Granular","layer_code":"T04","layer_name":"Evidência hidrogeológica datada","latest_evidence_date":"2009-10-06","latest_evidence_age_years":16.89562414012608,"dated_domains_n":1,"time_series_status":"UNKNOWN_SERIE_TEMPORAL_NAO_ADQUIRIDA"}},{"type":"Feature","geometry":{"type":"Point","coordinates":[-52.822221999999954,-21.301943999999935]},"properties":{"well_id":"3500027203","municipality":"Santa Rita do Pardo","hydro_unit":"Grupo Caiuá","domain":"Granular","layer_code":"T04","layer_name":"Evidência hidrogeológica datada","latest_evidence_date":"2009-10-06","latest_evidence_age_years":16.89562414012608,"dated_domains_n":1,"time_series_status":"UNKNOWN_SERIE_TEMPORAL_NAO_ADQUIRIDA"}},{"type":"Feature","geometry":{"type":"Point","coordinates":[-55.62472199999996,-22.958055999999942]},"properties":{"well_id":"3500027238","municipality":"Aral Moreira","hydro_unit":"Formação Serra Geral","domain":"Fraturada","layer_code":"T04","layer_name":"Evidência hidrogeológica datada","latest_evidence_date":"2009-10-06","latest_evidence_age_years":16.89562414012608,"dated_domains_n":1,"time_series_status":"UNKNOWN_SERIE_TEMPORAL_NAO_ADQUIRIDA"}},{"type":"Feature","geometry":{"type":"Point","coordinates":[-54.50583299999994,-22.08499999999998]},"properties":{"well_id":"3500027273","municipality":"Dourados","hydro_unit":"Formação Serra Geral","domain":"Fraturada","layer_code":"T04","layer_name":"Evidência hidrogeológica datada","latest_evidence_date":"2009-10-06","latest_evidence_age_years":16.89562414012608,"dated_domains_n":1,"time_series_status":"UNKNOWN_SERIE_TEMPORAL_NAO_ADQUIRIDA"}},{"type":"Feature","geometry":{"type":"Point","coordinates":[-55.63611099999997,-20.483888999999976]},"properties":{"well_id":"3500027279","municipality":"Aquidauana","hydro_unit":"Formação Aquidauana","domain":"Granular","layer_code":"T04","layer_name":"Evidência hidrogeológica datada","latest_evidence_date":"2009-10-06","latest_evidence_age_years":16.89562414012608,"dated_domains_n":1,"time_series_status":"UNKNOWN_SERIE_TEMPORAL_NAO_ADQUIRIDA"}},{"type":"Feature","geometry":{"type":"Point","coordinates":[-54.966943999999955,-20.943888999999956]},"properties":{"well_id":"3500027283","municipality":"Sidrolândia","hydro_unit":"Formação Serra Geral","domain":"Fraturada","layer_code":"T04","layer_name":"Evidência hidrogeológica datada","latest_evidence_date":"2009-10-06","latest_evidence_age_years":16.89562414012608,"dated_domains_n":1,"time_series_status":"UNKNOWN_SERIE_TEMPORAL_NAO_ADQUIRIDA"}},{"type":"Feature","geometry":{"type":"Point","coordinates":[-54.17944399999993,-23.12888899999996]},"properties":{"well_id":"3500027285","municipality":"Naviraí","hydro_unit":"Grupo Caiuá","domain":"Granular","layer_code":"T04","layer_name":"Evidência hidrogeológica datada","latest_evidence_date":"2009-10-28","latest_evidence_age_years":16.835390185972333,"dated_domains_n":1,"time_series_status":"UNKNOWN_SERIE_TEMPORAL_NAO_ADQUIRIDA"}},{"type":"Feature","geometry":{"type":"Point","coordinates":[-51.695832999999936,-20.778055999999935]},"properties":{"well_id":"3500027293","municipality":"Três Lagoas","hydro_unit":"Grupo Caiuá","domain":"Granular","layer_code":"T04","layer_name":"Evidência hidrogeológica datada","latest_evidence_date":"2009-10-06","latest_evidence_age_years":16.89562414012608,"dated_domains_n":1,"time_series_status":"UNKNOWN_SERIE_TEMPORAL_NAO_ADQUIRIDA"}},{"type":"Feature","geometry":{"type":"Point","coordinates":[-55.164999999999964,-22.525832999999977]},"properties":{"well_id":"3500027296","municipality":"Laguna Carapã","hydro_unit":"Formação Serra Geral","domain":"Fraturada","layer_code":"T04","layer_name":"Evidência hidrogeológica datada","latest_evidence_date":"2009-10-06","latest_evidence_age_years":16.89562414012608,"dated_domains_n":1,"time_series_status":"UNKNOWN_SERIE_TEMPORAL_NAO_ADQUIRIDA"}},{"type":"Feature","geometry":{"type":"Point","coordinates":[-55.73416699999996,-22.53166699999997]},"properties":{"well_id":"3500045451","municipality":"Ponta Porã","hydro_unit":"Grupo Caiuá","domain":"Granular","layer_code":"T04","layer_name":"Evidência hidrogeológica datada","latest_evidence_date":"2009-10-06","latest_evidence_age_years":16.89562414012608,"dated_domains_n":1,"time_series_status":"UNKNOWN_SERIE_TEMPORAL_NAO_ADQUIRIDA"}},{"type":"Feature","geometry":{"type":"Point","coordinates":[-55.706388999999945,-22.540277999999944]},"properties":{"well_id":"3500045452","municipality":"Ponta Porã","hydro_unit":"Grupo Caiuá","domain":"Granular","layer_code":"T04","layer_name":"Evidência hidrogeológica datada","latest_evidence_date":"2009-10-06","latest_evidence_age_years":16.89562414012608,"dated_domains_n":1,"time_series_status":"UNKNOWN_SERIE_TEMPORAL_NAO_ADQUIRIDA"}},{"type":"Feature","geometry":{"type":"Point","coordinates":[-54.55249999999995,-21.79472199999998]},"properties":{"well_id":"3500023257","municipality":"Rio Brilhante","hydro_unit":"Formação Serra Geral","domain":"Fraturada","layer_code":"T04","layer_name":"Evidência hidrogeológica datada","latest_evidence_date":"1987-04-29","latest_evidence_age_years":39.33550996940389,"dated_domains_n":1,"time_series_status":"UNKNOWN_SERIE_TEMPORAL_NAO_ADQUIRIDA"}},{"type":"Feature","geometry":{"type":"Point","coordinates":[-52.41722199999998,-21.72333299999997]},"properties":{"well_id":"3500023280","municipality":"Bataguassu","hydro_unit":"Grupo Caiuá","domain":"Granular","layer_code":"T04","layer_name":"Evidência hidrogeológica datada","latest_evidence_date":"1994-07-21","latest_evidence_age_years":32.10743547095423,"dated_domains_n":1,"time_series_status":"UNKNOWN_SERIE_TEMPORAL_NAO_ADQUIRIDA"}},{"type":"Feature","geometry":{"type":"Point","coordinates":[-51.195832999999936,-19.676110999999935]},"properties":{"well_id":"3500023322","municipality":"Paranaíba","hydro_unit":"Grupo Bauru","domain":"Granular","layer_code":"T04","layer_name":"Evidência hidrogeológica datada","latest_evidence_date":"1978-10-25","latest_evidence_age_years":47.84492494712417,"dated_domains_n":1,"time_series_status":"UNKNOWN_SERIE_TEMPORAL_NAO_ADQUIRIDA"}},{"type":"Feature","geometry":{"type":"Point","coordinates":[-52.55694399999993,-18.820832999999936]},"properties":{"well_id":"3500023332","municipality":"Chapadão do Sul","hydro_unit":"Formação Cachoeirinha","domain":"Granular","layer_code":"T04","layer_name":"Evidência hidrogeológica datada","latest_evidence_date":"1995-08-27","latest_evidence_age_years":31.00679685414485,"dated_domains_n":1,"time_series_status":"UNKNOWN_SERIE_TEMPORAL_NAO_ADQUIRIDA"}},{"type":"Feature","geometry":{"type":"Point","coordinates":[-53.009999999999934,-18.531665999999973]},"properties":{"well_id":"3500023340","municipality":"Costa Rica","hydro_unit":"Grupo Caiuá","domain":"Granular","layer_code":"T04","layer_name":"Evidência hidrogeológica datada","latest_evidence_date":"1996-05-27","latest_evidence_age_years":30.256610334229997,"dated_domains_n":1,"time_series_status":"UNKNOWN_SERIE_TEMPORAL_NAO_ADQUIRIDA"}},{"type":"Feature","geometry":{"type":"Point","coordinates":[-56.09277799999995,-20.76138899999995]},"properties":{"well_id":"3500030622","municipality":"Bonito","hydro_unit":"Depósitos aluvionares","domain":"Granular","layer_code":"T04","layer_name":"Evidência hidrogeológica datada","latest_evidence_date":"2011-03-05","latest_evidence_age_years":15.485602031527,"dated_domains_n":1,"time_series_status":"UNKNOWN_SERIE_TEMPORAL_NAO_ADQUIRIDA"}},{"type":"Feature","geometry":{"type":"Point","coordinates":[-54.57583299999993,-19.400555999999938]},"properties":{"well_id":"3500030626","municipality":"São Gabriel do Oeste","hydro_unit":"Grupo Bauru","domain":"Granular","layer_code":"T04","layer_name":"Evidência hidrogeológica datada","latest_evidence_date":"2009-04-06","latest_evidence_age_years":17.39666112240498,"dated_domains_n":1,"time_series_status":"UNKNOWN_SERIE_TEMPORAL_NAO_ADQUIRIDA"}},{"type":"Feature","geometry":{"type":"Point","coordinates":[-54.58472199999994,-19.402499999999975]},"properties":{"well_id":"3500030629","municipality":"São Gabriel do Oeste","hydro_unit":"Grupo Bauru","domain":"Granular","layer_code":"T04","layer_name":"Evidência hidrogeológica datada","latest_evidence_date":"2009-05-04","latest_evidence_age_years":17.3199997262093,"dated_domains_n":1,"time_series_status":"UNKNOWN_SERIE_TEMPORAL_NAO_ADQUIRIDA"}},{"type":"Feature","geometry":{"type":"Point","coordinates":[-55.623054999999965,-22.94944399999997]},"properties":{"well_id":"3500022691","municipality":"Aral Moreira","hydro_unit":"Formação Serra Geral","domain":"Fraturada","layer_code":"T04","layer_name":"Evidência hidrogeológica datada","latest_evidence_date":"1977-12-10","latest_evidence_age_years":48.7183172823535,"dated_domains_n":1,"time_series_status":"UNKNOWN_SERIE_TEMPORAL_NAO_ADQUIRIDA"}},{"type":"Feature","geometry":{"type":"Point","coordinates":[-54.75055499999996,-22.508332999999936]},"properties":{"well_id":"3500022698","municipality":"Caarapó","hydro_unit":"Formação Serra Geral","domain":"Fraturada","layer_code":"T04","layer_name":"Evidência hidrogeológica datada","latest_evidence_date":"2005-07-01","latest_evidence_age_years":21.161283257014176,"dated_domains_n":1,"time_series_status":"UNKNOWN_SERIE_TEMPORAL_NAO_ADQUIRIDA"}},{"type":"Feature","geometry":{"type":"Point","coordinates":[-54.56777699999998,-23.683054999999968]},"properties":{"well_id":"3500022708","municipality":"Iguatemi","hydro_unit":"Grupo Caiuá","domain":"Granular","layer_code":"T04","layer_name":"Evidência hidrogeológica datada","latest_evidence_date":"1980-09-09","latest_evidence_age_years":45.96945864733704,"dated_domains_n":1,"time_series_status":"UNKNOWN_SERIE_TEMPORAL_NAO_ADQUIRIDA"}},{"type":"Feature","geometry":{"type":"Point","coordinates":[-56.49499999999995,-21.111387999999977]},"properties":{"well_id":"3500023069","municipality":"Bonito","hydro_unit":"Grupo Cuiaba","domain":"Fraturada","layer_code":"T04","layer_name":"Evidência hidrogeológica datada","latest_evidence_date":"1988-05-22","latest_evidence_age_years":38.27046414368536,"dated_domains_n":1,"time_series_status":"UNKNOWN_SERIE_TEMPORAL_NAO_ADQUIRIDA"}},{"type":"Feature","geometry":{"type":"Point","coordinates":[-56.49499999999995,-21.111943999999937]},"properties":{"well_id":"3500023072","municipality":"Bonito","hydro_unit":"Grupo Cuiaba","domain":"Fraturada","layer_code":"T04","layer_name":"Evidência hidrogeológica datada","latest_evidence_date":"1985-05-27","latest_evidence_age_years":41.25752068830982,"dated_domains_n":1,"time_series_status":"UNKNOWN_SERIE_TEMPORAL_NAO_ADQUIRIDA"}},{"type":"Feature","geometry":{"type":"Point","coordinates":[-56.49444399999999,-21.113610999999935]},"properties":{"well_id":"3500023080","municipality":"Bonito","hydro_unit":"Grupo Cuiaba","domain":"Fraturada","layer_code":"T04","layer_name":"Evidência hidrogeológica datada","latest_evidence_date":"1990-08-03","latest_evidence_age_years":36.07192481707359,"dated_domains_n":1,"time_series_status":"UNKNOWN_SERIE_TEMPORAL_NAO_ADQUIRIDA"}},{"type":"Feature","geometry":{"type":"Point","coordinates":[-55.49111099999993,-23.06444399999998]},"properties":{"well_id":"3500067668","municipality":"Aral Moreira","hydro_unit":"Formação Serra Geral","domain":"Fraturada","layer_code":"T04","layer_name":"Evidência hidrogeológica datada","latest_evidence_date":"2018-05-10","latest_evidence_age_years":8.304071952196143,"dated_domains_n":1,"time_series_status":"UNKNOWN_SERIE_TEMPORAL_NAO_ADQUIRIDA"}},{"type":"Feature","geometry":{"type":"Point","coordinates":[-55.81222199999996,-20.487499999999955]},"properties":{"well_id":"3500022754","municipality":"Anastácio","hydro_unit":"Formação Aquidauana","domain":"Granular","layer_code":"T04","layer_name":"Evidência hidrogeológica datada","latest_evidence_date":"1982-01-02","latest_evidence_age_years":44.655263283982556,"dated_domains_n":1,"time_series_status":"UNKNOWN_SERIE_TEMPORAL_NAO_ADQUIRIDA"}},{"type":"Feature","geometry":{"type":"Point","coordinates":[-55.00416599999994,-19.434999999999945]},"properties":{"well_id":"3500022998","municipality":"Rio Negro","hydro_unit":"Formação Ponta Grossa","domain":"Granular","layer_code":"T04","layer_name":"Evidência hidrogeológica datada","latest_evidence_date":"2003-06-10","latest_evidence_age_years":23.220189326269534,"dated_domains_n":1,"time_series_status":"UNKNOWN_SERIE_TEMPORAL_NAO_ADQUIRIDA"}},{"type":"Feature","geometry":{"type":"Point","coordinates":[-54.926110999999935,-20.902776999999958]},"properties":{"well_id":"3500023045","municipality":"Sidrolândia","hydro_unit":"Formação Serra Geral","domain":"Fraturada","layer_code":"T04","layer_name":"Evidência hidrogeológica datada","latest_evidence_date":"1992-01-24","latest_evidence_age_years":34.59619294030678,"dated_domains_n":1,"time_series_status":"UNKNOWN_SERIE_TEMPORAL_NAO_ADQUIRIDA"}},{"type":"Feature","geometry":{"type":"Point","coordinates":[-53.134166999999934,-18.53361099999995]},"properties":{"well_id":"3500067323","municipality":"Costa Rica","hydro_unit":"Grupo Caiuá","domain":"Granular","layer_code":"T04","layer_name":"Evidência hidrogeológica datada","latest_evidence_date":"2016-12-11","latest_evidence_age_years":9.714094060795224,"dated_domains_n":1,"time_series_status":"UNKNOWN_SERIE_TEMPORAL_NAO_ADQUIRIDA"}},{"type":"Feature","geometry":{"type":"Point","coordinates":[-54.58749999999998,-19.905832999999973]},"properties":{"well_id":"3500067387","municipality":"Rochedo","hydro_unit":"Formação Serra Geral","domain":"Fraturada","layer_code":"T04","layer_name":"Evidência hidrogeológica datada","latest_evidence_date":"2017-11-22","latest_evidence_age_years":8.7667782363772,"dated_domains_n":1,"time_series_status":"UNKNOWN_SERIE_TEMPORAL_NAO_ADQUIRIDA"}},{"type":"Feature","geometry":{"type":"Point","coordinates":[-53.010832999999934,-19.036666999999966]},"properties":{"well_id":"3500067704","municipality":"Paraíso das Águas","hydro_unit":"Grupo Caiuá","domain":"Granular","layer_code":"T04","layer_name":"Evidência hidrogeológica datada","latest_evidence_date":"2018-08-25","latest_evidence_age_years":8.011115902448374,"dated_domains_n":1,"time_series_status":"UNKNOWN_SERIE_TEMPORAL_NAO_ADQUIRIDA"}},{"type":"Feature","geometry":{"type":"Point","coordinates":[-54.49888899999996,-21.72916699999996]},"properties":{"well_id":"3500053098","municipality":"Rio Brilhante","hydro_unit":"Formação Serra Geral","domain":"Fraturada","layer_code":"T04","layer_name":"Evidência hidrogeológica datada","latest_evidence_date":"2008-04-10","latest_evidence_age_years":18.385045551927828,"dated_domains_n":1,"time_series_status":"UNKNOWN_SERIE_TEMPORAL_NAO_ADQUIRIDA"}},{"type":"Feature","geometry":{"type":"Point","coordinates":[-54.65694399999995,-18.250832999999943]},"properties":{"well_id":"3500067665","municipality":"Coxim","hydro_unit":"Formação Furnas","domain":"Granular","layer_code":"T04","layer_name":"Evidência hidrogeológica datada","latest_evidence_date":"2017-11-27","latest_evidence_age_years":8.753088701342259,"dated_domains_n":1,"time_series_status":"UNKNOWN_SERIE_TEMPORAL_NAO_ADQUIRIDA"}},{"type":"Feature","geometry":{"type":"Point","coordinates":[-53.77166699999998,-20.45111099999997]},"properties":{"well_id":"3500027223","municipality":"Ribas do Rio Pardo","hydro_unit":"Grupo Caiuá","domain":"Granular","layer_code":"T04","layer_name":"Evidência hidrogeológica datada","latest_evidence_date":"2010-01-25","latest_evidence_age_years":16.591716462350355,"dated_domains_n":2,"time_series_status":"UNKNOWN_SERIE_TEMPORAL_NAO_ADQUIRIDA"}},{"type":"Feature","geometry":{"type":"Point","coordinates":[-54.81222199999996,-22.267776999999967]},"properties":{"well_id":"3500022663","municipality":"Dourados","hydro_unit":"Formação Serra Geral","domain":"Fraturada","layer_code":"T04","layer_name":"Evidência hidrogeológica datada","latest_evidence_date":"1990-07-23","latest_evidence_age_years":36.10204179415046,"dated_domains_n":1,"time_series_status":"UNKNOWN_SERIE_TEMPORAL_NAO_ADQUIRIDA"}},{"type":"Feature","geometry":{"type":"Point","coordinates":[-55.27888799999994,-20.68861099999998]},"properties":{"well_id":"3500022786","municipality":"Dois Irmãos do Buriti","hydro_unit":"Formação Serra Geral","domain":"Fraturada","layer_code":"T04","layer_name":"Evidência hidrogeológica datada","latest_evidence_date":"1994-07-05","latest_evidence_age_years":32.15124198306604,"dated_domains_n":1,"time_series_status":"UNKNOWN_SERIE_TEMPORAL_NAO_ADQUIRIDA"}},{"type":"Feature","geometry":{"type":"Point","coordinates":[-55.23055499999998,-23.103887999999927]},"properties":{"well_id":"3500023153","municipality":"Amambai","hydro_unit":"Formação Serra Geral","domain":"Fraturada","layer_code":"T04","layer_name":"Evidência hidrogeológica datada","latest_evidence_date":"1981-12-01","latest_evidence_age_years":44.74287630820619,"dated_domains_n":1,"time_series_status":"UNKNOWN_SERIE_TEMPORAL_NAO_ADQUIRIDA"}},{"type":"Feature","geometry":{"type":"Point","coordinates":[-54.589999999999975,-20.41027699999995]},"properties":{"well_id":"3500022916","municipality":"Campo Grande","hydro_unit":"Formação Serra Geral","domain":"Fraturada","layer_code":"T04","layer_name":"Evidência hidrogeológica datada","latest_evidence_date":"1993-08-06","latest_evidence_age_years":33.062965016393214,"dated_domains_n":1,"time_series_status":"UNKNOWN_SERIE_TEMPORAL_NAO_ADQUIRIDA"}},{"type":"Feature","geometry":{"type":"Point","coordinates":[-55.16138799999993,-21.61749999999995]},"properties":{"well_id":"3500022858","municipality":"Maracaju","hydro_unit":"Formação Serra Geral","domain":"Fraturada","layer_code":"T04","layer_name":"Evidência hidrogeológica datada","latest_evidence_date":"2005-05-15","latest_evidence_age_years":21.289964886342634,"dated_domains_n":1,"time_series_status":"UNKNOWN_SERIE_TEMPORAL_NAO_ADQUIRIDA"}},{"type":"Feature","geometry":{"type":"Point","coordinates":[-55.15999999999997,-21.59888799999993]},"properties":{"well_id":"3500022864","municipality":"Maracaju","hydro_unit":"Formação Serra Geral","domain":"Fraturada","layer_code":"T04","layer_name":"Evidência hidrogeológica datada","latest_evidence_date":"1989-10-23","latest_evidence_age_years":36.849490407058326,"dated_domains_n":1,"time_series_status":"UNKNOWN_SERIE_TEMPORAL_NAO_ADQUIRIDA"}},{"type":"Feature","geometry":{"type":"Point","coordinates":[-54.58138799999995,-20.41805499999998]},"properties":{"well_id":"3500022941","municipality":"Campo Grande","hydro_unit":"Formação Serra Geral","domain":"Fraturada","layer_code":"T04","layer_name":"Evidência hidrogeológica datada","latest_evidence_date":"1997-07-17","latest_evidence_age_years":29.11764101932278,"dated_domains_n":1,"time_series_status":"UNKNOWN_SERIE_TEMPORAL_NAO_ADQUIRIDA"}},{"type":"Feature","geometry":{"type":"Point","coordinates":[-54.571943999999974,-20.549999999999955]},"properties":{"well_id":"3500065100","municipality":"Campo Grande","hydro_unit":"Formação Serra Geral","domain":"Fraturada","layer_code":"T04","layer_name":"Evidência hidrogeológica datada","latest_evidence_date":"2019-09-05","latest_evidence_age_years":6.9816628678206945,"dated_domains_n":1,"time_series_status":"UNKNOWN_SERIE_TEMPORAL_NAO_ADQUIRIDA"}},{"type":"Feature","geometry":{"type":"Point","coordinates":[-54.81194399999998,-22.226110999999946]},"properties":{"well_id":"3500065115","municipality":"Dourados","hydro_unit":"Formação Serra Geral","domain":"Fraturada","layer_code":"T04","layer_name":"Evidência hidrogeológica datada","latest_evidence_date":"2019-09-06","latest_evidence_age_years":6.978924960813706,"dated_domains_n":1,"time_series_status":"UNKNOWN_SERIE_TEMPORAL_NAO_ADQUIRIDA"}},{"type":"Feature","geometry":{"type":"Point","coordinates":[-54.81305599999996,-22.22111099999995]},"properties":{"well_id":"3500065120","municipality":"Dourados","hydro_unit":"Formação Serra Geral","domain":"Fraturada","layer_code":"T04","layer_name":"Evidência hidrogeológica datada","latest_evidence_date":"2019-09-06","latest_evidence_age_years":6.978924960813706,"dated_domains_n":1,"time_series_status":"UNKNOWN_SERIE_TEMPORAL_NAO_ADQUIRIDA"}},{"type":"Feature","geometry":{"type":"Point","coordinates":[-54.61388899999997,-22.039999999999964]},"properties":{"well_id":"3500065122","municipality":"Douradina","hydro_unit":"Formação Serra Geral","domain":"Fraturada","layer_code":"T04","layer_name":"Evidência hidrogeológica datada","latest_evidence_date":"2019-09-06","latest_evidence_age_years":6.978924960813706,"dated_domains_n":1,"time_series_status":"UNKNOWN_SERIE_TEMPORAL_NAO_ADQUIRIDA"}},{"type":"Feature","geometry":{"type":"Point","coordinates":[-54.58833299999998,-20.52361099999996]},"properties":{"well_id":"3500022480","municipality":"Campo Grande","hydro_unit":"Formação Serra Geral","domain":"Fraturada","layer_code":"T04","layer_name":"Evidência hidrogeológica datada","latest_evidence_date":"1990-01-30","latest_evidence_age_years":36.57843761336646,"dated_domains_n":1,"time_series_status":"UNKNOWN_SERIE_TEMPORAL_NAO_ADQUIRIDA"}},{"type":"Feature","geometry":{"type":"Point","coordinates":[-54.572499999999934,-20.46999999999997]},"properties":{"well_id":"3500022496","municipality":"Campo Grande","hydro_unit":"Formação Serra Geral","domain":"Fraturada","layer_code":"T04","layer_name":"Evidência hidrogeológica datada","latest_evidence_date":"1997-07-02","latest_evidence_age_years":29.158709624427605,"dated_domains_n":1,"time_series_status":"UNKNOWN_SERIE_TEMPORAL_NAO_ADQUIRIDA"}},{"type":"Feature","geometry":{"type":"Point","coordinates":[-54.30555499999997,-22.482776999999942]},"properties":{"well_id":"3500022541","municipality":"Jateí","hydro_unit":"Grupo Caiuá","domain":"Granular","layer_code":"T04","layer_name":"Evidência hidrogeológica datada","latest_evidence_date":"2000-03-02","latest_evidence_age_years":26.4919881996208,"dated_domains_n":1,"time_series_status":"UNKNOWN_SERIE_TEMPORAL_NAO_ADQUIRIDA"}},{"type":"Feature","geometry":{"type":"Point","coordinates":[-53.134443999999974,-18.53555499999993]},"properties":{"well_id":"3500022564","municipality":"Costa Rica","hydro_unit":"Grupo Caiuá","domain":"Granular","layer_code":"T04","layer_name":"Evidência hidrogeológica datada","latest_evidence_date":"1986-02-02","latest_evidence_age_years":40.5703060295557,"dated_domains_n":1,"time_series_status":"UNKNOWN_SERIE_TEMPORAL_NAO_ADQUIRIDA"}},{"type":"Feature","geometry":{"type":"Point","coordinates":[-51.71555499999994,-20.78805499999993]},"properties":{"well_id":"3500022578","municipality":"Três Lagoas","hydro_unit":"Grupo Caiuá","domain":"Granular","layer_code":"T04","layer_name":"Evidência hidrogeológica datada","latest_evidence_date":"1979-05-16","latest_evidence_age_years":47.289129824705505,"dated_domains_n":1,"time_series_status":"UNKNOWN_SERIE_TEMPORAL_NAO_ADQUIRIDA"}},{"type":"Feature","geometry":{"type":"Point","coordinates":[-52.37083299999995,-18.991943999999933]},"properties":{"well_id":"3500022586","municipality":"Cassilândia","hydro_unit":"Grupo Caiuá","domain":"Granular","layer_code":"T04","layer_name":"Evidência hidrogeológica datada","latest_evidence_date":"1990-06-29","latest_evidence_age_years":36.16775156231819,"dated_domains_n":1,"time_series_status":"UNKNOWN_SERIE_TEMPORAL_NAO_ADQUIRIDA"}},{"type":"Feature","geometry":{"type":"Point","coordinates":[-54.74999999999994,-17.58611099999996]},"properties":{"well_id":"3500022604","municipality":"Sonora","hydro_unit":"Formação Furnas","domain":"Granular","layer_code":"T04","layer_name":"Evidência hidrogeológica datada","latest_evidence_date":"1999-05-10","latest_evidence_age_years":27.305146580696388,"dated_domains_n":1,"time_series_status":"UNKNOWN_SERIE_TEMPORAL_NAO_ADQUIRIDA"}},{"type":"Feature","geometry":{"type":"Point","coordinates":[-54.83749999999998,-18.909999999999968]},"properties":{"well_id":"3500022611","municipality":"Rio Verde de Mato Grosso","hydro_unit":"Formação Furnas","domain":"Granular","layer_code":"T04","layer_name":"Evidência hidrogeológica datada","latest_evidence_date":"2001-05-11","latest_evidence_age_years":25.300998651580798,"dated_domains_n":1,"time_series_status":"UNKNOWN_SERIE_TEMPORAL_NAO_ADQUIRIDA"}},{"type":"Feature","geometry":{"type":"Point","coordinates":[-54.822221999999954,-21.241943999999933]},"properties":{"well_id":"3500022649","municipality":"Sidrolândia","hydro_unit":"Grupo Caiuá","domain":"Granular","layer_code":"T04","layer_name":"Evidência hidrogeológica datada","latest_evidence_date":"2002-02-02","latest_evidence_age_years":24.56997748071487,"dated_domains_n":1,"time_series_status":"UNKNOWN_SERIE_TEMPORAL_NAO_ADQUIRIDA"}},{"type":"Feature","geometry":{"type":"Point","coordinates":[-54.96111099999996,-20.937221999999963]},"properties":{"well_id":"3500022808","municipality":"Sidrolândia","hydro_unit":"Formação Serra Geral","domain":"Fraturada","layer_code":"T04","layer_name":"Evidência hidrogeológica datada","latest_evidence_date":"1999-10-10","latest_evidence_age_years":26.886246808627146,"dated_domains_n":1,"time_series_status":"UNKNOWN_SERIE_TEMPORAL_NAO_ADQUIRIDA"}},{"type":"Feature","geometry":{"type":"Point","coordinates":[-54.86861099999999,-20.448054999999954]},"properties":{"well_id":"3500022819","municipality":"Terenos","hydro_unit":"Formação Serra Geral","domain":"Fraturada","layer_code":"T04","layer_name":"Evidência hidrogeológica datada","latest_evidence_date":"1978-07-06","latest_evidence_age_years":48.148832624899896,"dated_domains_n":1,"time_series_status":"UNKNOWN_SERIE_TEMPORAL_NAO_ADQUIRIDA"}},{"type":"Feature","geometry":{"type":"Point","coordinates":[-54.444721999999956,-21.35861099999994]},"properties":{"well_id":"3500022865","municipality":"Nova Alvorada do Sul","hydro_unit":"Grupo Caiuá","domain":"Granular","layer_code":"T04","layer_name":"Evidência hidrogeológica datada","latest_evidence_date":"2005-12-21","latest_evidence_age_years":20.687625344805163,"dated_domains_n":1,"time_series_status":"UNKNOWN_SERIE_TEMPORAL_NAO_ADQUIRIDA"}},{"type":"Feature","geometry":{"type":"Point","coordinates":[-54.35861099999994,-21.455276999999967]},"properties":{"well_id":"3500022867","municipality":"Nova Alvorada do Sul","hydro_unit":"Formação Serra Geral","domain":"Fraturada","layer_code":"T04","layer_name":"Evidência hidrogeológica datada","latest_evidence_date":"1998-11-25","latest_evidence_age_years":27.75963914385648,"dated_domains_n":1,"time_series_status":"UNKNOWN_SERIE_TEMPORAL_NAO_ADQUIRIDA"}},{"type":"Feature","geometry":{"type":"Point","coordinates":[-54.59916599999997,-20.489443999999935]},"properties":{"well_id":"3500022946","municipality":"Campo Grande","hydro_unit":"Formação Serra Geral","domain":"Fraturada","layer_code":"T04","layer_name":"Evidência hidrogeológica datada","latest_evidence_date":"1985-10-19","latest_evidence_age_years":40.860524172296486,"dated_domains_n":1,"time_series_status":"UNKNOWN_SERIE_TEMPORAL_NAO_ADQUIRIDA"}},{"type":"Feature","geometry":{"type":"Point","coordinates":[-51.42722199999997,-20.35944399999994]},"properties":{"well_id":"3500022976","municipality":"Selvíria","hydro_unit":"Grupo Caiuá","domain":"Granular","layer_code":"T04","layer_name":"Evidência hidrogeológica datada","latest_evidence_date":"1990-08-01","latest_evidence_age_years":36.07740063108756,"dated_domains_n":1,"time_series_status":"UNKNOWN_SERIE_TEMPORAL_NAO_ADQUIRIDA"}},{"type":"Feature","geometry":{"type":"Point","coordinates":[-54.81222199999996,-22.219165999999973]},"properties":{"well_id":"3500023056","municipality":"Dourados","hydro_unit":"Formação Serra Geral","domain":"Fraturada","layer_code":"T04","layer_name":"Evidência hidrogeológica datada","latest_evidence_date":"2003-02-10","latest_evidence_age_years":23.548738167108155,"dated_domains_n":1,"time_series_status":"UNKNOWN_SERIE_TEMPORAL_NAO_ADQUIRIDA"}},{"type":"Feature","geometry":{"type":"Point","coordinates":[-54.66277699999995,-19.359999999999957]},"properties":{"well_id":"3500023103","municipality":"São Gabriel do Oeste","hydro_unit":"Grupo Bauru","domain":"Granular","layer_code":"T04","layer_name":"Evidência hidrogeológica datada","latest_evidence_date":"2006-04-08","latest_evidence_age_years":20.391931388050406,"dated_domains_n":1,"time_series_status":"UNKNOWN_SERIE_TEMPORAL_NAO_ADQUIRIDA"}},{"type":"Feature","geometry":{"type":"Point","coordinates":[-54.75583299999994,-17.579999999999927]},"properties":{"well_id":"3500023106","municipality":"Sonora","hydro_unit":"Formação Furnas","domain":"Granular","layer_code":"T04","layer_name":"Evidência hidrogeológica datada","latest_evidence_date":"1998-07-30","latest_evidence_age_years":28.082712170681123,"dated_domains_n":1,"time_series_status":"UNKNOWN_SERIE_TEMPORAL_NAO_ADQUIRIDA"}},{"type":"Feature","geometry":{"type":"Point","coordinates":[-54.84666699999997,-18.923332999999957]},"properties":{"well_id":"3500026984","municipality":"Rio Verde de Mato Grosso","hydro_unit":"Formação Ponta Grossa","domain":"Granular","layer_code":"T04","layer_name":"Evidência hidrogeológica datada","latest_evidence_date":"2009-08-27","latest_evidence_age_years":17.00514042040562,"dated_domains_n":1,"time_series_status":"UNKNOWN_SERIE_TEMPORAL_NAO_ADQUIRIDA"}},{"type":"Feature","geometry":{"type":"Point","coordinates":[-54.81249999999994,-22.218610999999953]},"properties":{"well_id":"3500027131","municipality":"Dourados","hydro_unit":"Formação Serra Geral","domain":"Fraturada","layer_code":"T04","layer_name":"Evidência hidrogeológica datada","latest_evidence_date":"2009-08-27","latest_evidence_age_years":17.00514042040562,"dated_domains_n":1,"time_series_status":"UNKNOWN_SERIE_TEMPORAL_NAO_ADQUIRIDA"}},{"type":"Feature","geometry":{"type":"Point","coordinates":[-54.801110999999935,-22.33416699999998]},"properties":{"well_id":"3500045630","municipality":"Dourados","hydro_unit":"Formação Serra Geral","domain":"Fraturada","layer_code":"T04","layer_name":"Evidência hidrogeológica datada","latest_evidence_date":"2012-06-20","latest_evidence_age_years":14.190572017221434,"dated_domains_n":1,"time_series_status":"UNKNOWN_SERIE_TEMPORAL_NAO_ADQUIRIDA"}},{"type":"Feature","geometry":{"type":"Point","coordinates":[-52.42055499999998,-21.722499999999968]},"properties":{"well_id":"3500022968","municipality":"Bataguassu","hydro_unit":"Grupo Caiuá","domain":"Granular","layer_code":"T04","layer_name":"Evidência hidrogeológica datada","latest_evidence_date":"2002-05-19","latest_evidence_age_years":24.279759337974085,"dated_domains_n":1,"time_series_status":"UNKNOWN_SERIE_TEMPORAL_NAO_ADQUIRIDA"}},{"type":"Feature","geometry":{"type":"Point","coordinates":[-54.17361099999994,-23.486387999999977]},"properties":{"well_id":"3500022709","municipality":"Itaquiraí","hydro_unit":"Grupo Caiuá","domain":"Granular","layer_code":"T04","layer_name":"Evidência hidrogeológica datada","latest_evidence_date":"1981-04-24","latest_evidence_age_years":45.34795375675065,"dated_domains_n":1,"time_series_status":"UNKNOWN_SERIE_TEMPORAL_NAO_ADQUIRIDA"}},{"type":"Feature","geometry":{"type":"Point","coordinates":[-54.65972199999993,-19.266110999999967]},"properties":{"well_id":"3500023231","municipality":"São Gabriel do Oeste","hydro_unit":"Grupo Bauru","domain":"Granular","layer_code":"T04","layer_name":"Evidência hidrogeológica datada","latest_evidence_date":"1986-06-03","latest_evidence_age_years":40.23901928171009,"dated_domains_n":1,"time_series_status":"UNKNOWN_SERIE_TEMPORAL_NAO_ADQUIRIDA"}},{"type":"Feature","geometry":{"type":"Point","coordinates":[-54.75472199999996,-20.09916599999997]},"properties":{"well_id":"3500023217","municipality":"Jaraguari","hydro_unit":"Formação Botucatu","domain":"Granular","layer_code":"T04","layer_name":"Evidência hidrogeológica datada","latest_evidence_date":"1988-09-10","latest_evidence_age_years":37.96655646590963,"dated_domains_n":1,"time_series_status":"UNKNOWN_SERIE_TEMPORAL_NAO_ADQUIRIDA"}},{"type":"Feature","geometry":{"type":"Point","coordinates":[-54.64694399999996,-19.281110999999953]},"properties":{"well_id":"3500023229","municipality":"São Gabriel do Oeste","hydro_unit":"Grupo Bauru","domain":"Granular","layer_code":"T04","layer_name":"Evidência hidrogeológica datada","latest_evidence_date":"1988-05-02","latest_evidence_age_years":38.32522228382513,"dated_domains_n":1,"time_series_status":"UNKNOWN_SERIE_TEMPORAL_NAO_ADQUIRIDA"}},{"type":"Feature","geometry":{"type":"Point","coordinates":[-54.77277799999996,-22.079721999999947]},"properties":{"well_id":"3500027125","municipality":"Itaporã","hydro_unit":"Formação Serra Geral","domain":"Fraturada","layer_code":"T04","layer_name":"Evidência hidrogeológica datada","latest_evidence_date":"2012-03-20","latest_evidence_age_years":14.442459461864377,"dated_domains_n":2,"time_series_status":"UNKNOWN_SERIE_TEMPORAL_NAO_ADQUIRIDA"}},{"type":"Feature","geometry":{"type":"Point","coordinates":[-54.77333299999998,-22.080276999999967]},"properties":{"well_id":"3500022854","municipality":"Itaporã","hydro_unit":"Formação Serra Geral","domain":"Fraturada","layer_code":"T04","layer_name":"Evidência hidrogeológica datada","latest_evidence_date":"2003-10-16","latest_evidence_age_years":22.869737229375005,"dated_domains_n":1,"time_series_status":"UNKNOWN_SERIE_TEMPORAL_NAO_ADQUIRIDA"}},{"type":"Feature","geometry":{"type":"Point","coordinates":[-54.04888799999998,-19.51388799999995]},"properties":{"well_id":"3500022598","municipality":"Camapuã","hydro_unit":"Formação Botucatu","domain":"Granular","layer_code":"T04","layer_name":"Evidência hidrogeológica datada","latest_evidence_date":"1993-02-02","latest_evidence_age_years":33.56947781268609,"dated_domains_n":1,"time_series_status":"UNKNOWN_SERIE_TEMPORAL_NAO_ADQUIRIDA"}},{"type":"Feature","geometry":{"type":"Point","coordinates":[-55.94944399999997,-22.197776999999974]},"properties":{"well_id":"3500022689","municipality":"Antônio João","hydro_unit":"Formação Serra Geral","domain":"Fraturada","layer_code":"T04","layer_name":"Evidência hidrogeológica datada","latest_evidence_date":"1988-02-01","latest_evidence_age_years":38.574371821461085,"dated_domains_n":1,"time_series_status":"UNKNOWN_SERIE_TEMPORAL_NAO_ADQUIRIDA"}},{"type":"Feature","geometry":{"type":"Point","coordinates":[-54.69111099999998,-19.40666699999997]},"properties":{"well_id":"3500028110","municipality":"São Gabriel do Oeste","hydro_unit":"Formação Serra Geral","domain":"Fraturada","layer_code":"T04","layer_name":"Evidência hidrogeológica datada","latest_evidence_date":"2023-12-01","latest_evidence_age_years":2.7433828210024847,"dated_domains_n":3,"time_series_status":"UNKNOWN_SERIE_TEMPORAL_NAO_ADQUIRIDA"}},{"type":"Feature","geometry":{"type":"Point","coordinates":[-54.599721999999986,-20.464443999999958]},"properties":{"well_id":"3500022470","municipality":"Campo Grande","hydro_unit":"Formação Serra Geral","domain":"Fraturada","layer_code":"T04","layer_name":"Evidência hidrogeológica datada","latest_evidence_date":"1982-09-28","latest_evidence_age_years":43.91876629910265,"dated_domains_n":1,"time_series_status":"UNKNOWN_SERIE_TEMPORAL_NAO_ADQUIRIDA"}},{"type":"Feature","geometry":{"type":"Point","coordinates":[-54.60722199999998,-20.41805499999998]},"properties":{"well_id":"3500022491","municipality":"Campo Grande","hydro_unit":"Formação Serra Geral","domain":"Fraturada","layer_code":"T04","layer_name":"Evidência hidrogeológica datada","latest_evidence_date":"1996-08-10","latest_evidence_age_years":30.05126730870586,"dated_domains_n":1,"time_series_status":"UNKNOWN_SERIE_TEMPORAL_NAO_ADQUIRIDA"}},{"type":"Feature","geometry":{"type":"Point","coordinates":[-54.54499999999996,-20.423332999999957]},"properties":{"well_id":"3500022492","municipality":"Campo Grande","hydro_unit":"Grupo Caiuá","domain":"Granular","layer_code":"T04","layer_name":"Evidência hidrogeológica datada","latest_evidence_date":"1997-05-22","latest_evidence_age_years":29.270963811714136,"dated_domains_n":1,"time_series_status":"UNKNOWN_SERIE_TEMPORAL_NAO_ADQUIRIDA"}},{"type":"Feature","geometry":{"type":"Point","coordinates":[-54.64916599999998,-20.435832999999946]},"properties":{"well_id":"3500022514","municipality":"Campo Grande","hydro_unit":"Formação Serra Geral","domain":"Fraturada","layer_code":"T04","layer_name":"Evidência hidrogeológica datada","latest_evidence_date":"1996-08-21","latest_evidence_age_years":30.021150331628984,"dated_domains_n":1,"time_series_status":"UNKNOWN_SERIE_TEMPORAL_NAO_ADQUIRIDA"}},{"type":"Feature","geometry":{"type":"Point","coordinates":[-54.56888799999996,-20.50277699999998]},"properties":{"well_id":"3500022533","municipality":"Campo Grande","hydro_unit":"Formação Serra Geral","domain":"Fraturada","layer_code":"T04","layer_name":"Evidência hidrogeológica datada","latest_evidence_date":"1984-04-06","latest_evidence_age_years":42.39649000321704,"dated_domains_n":1,"time_series_status":"UNKNOWN_SERIE_TEMPORAL_NAO_ADQUIRIDA"}},{"type":"Feature","geometry":{"type":"Point","coordinates":[-53.829999999999984,-22.29305499999998]},"properties":{"well_id":"3500022542","municipality":"Ivinhema","hydro_unit":"Grupo Caiuá","domain":"Granular","layer_code":"T04","layer_name":"Evidência hidrogeológica datada","latest_evidence_date":"1982-06-14","latest_evidence_age_years":44.208984441843434,"dated_domains_n":1,"time_series_status":"UNKNOWN_SERIE_TEMPORAL_NAO_ADQUIRIDA"}},{"type":"Feature","geometry":{"type":"Point","coordinates":[-53.34805499999993,-22.236943999999937]},"properties":{"well_id":"3500022555","municipality":"Nova Andradina","hydro_unit":"Grupo Caiuá","domain":"Granular","layer_code":"T04","layer_name":"Evidência hidrogeológica datada","latest_evidence_date":"2006-01-02","latest_evidence_age_years":20.654770460721302,"dated_domains_n":1,"time_series_status":"UNKNOWN_SERIE_TEMPORAL_NAO_ADQUIRIDA"}},{"type":"Feature","geometry":{"type":"Point","coordinates":[-51.74166599999995,-20.777221999999938]},"properties":{"well_id":"3500022580","municipality":"Três Lagoas","hydro_unit":"Grupo Caiuá","domain":"Granular","layer_code":"T04","layer_name":"Evidência hidrogeológica datada","latest_evidence_date":"2003-06-01","latest_evidence_age_years":23.24483048933243,"dated_domains_n":1,"time_series_status":"UNKNOWN_SERIE_TEMPORAL_NAO_ADQUIRIDA"}},{"type":"Feature","geometry":{"type":"Point","coordinates":[-54.54861099999994,-23.839721999999938]},"properties":{"well_id":"3500022617","municipality":"Japorã","hydro_unit":"Grupo Caiuá","domain":"Granular","layer_code":"T04","layer_name":"Evidência hidrogeológica datada","latest_evidence_date":"2001-02-02","latest_evidence_age_years":25.56931353826567,"dated_domains_n":1,"time_series_status":"UNKNOWN_SERIE_TEMPORAL_NAO_ADQUIRIDA"}},{"type":"Feature","geometry":{"type":"Point","coordinates":[-57.758887999999956,-19.070554999999956]},"properties":{"well_id":"3500022626","municipality":"Corumbá","hydro_unit":"Grupo Corumbá","domain":"Cárstica","layer_code":"T04","layer_name":"Evidência hidrogeológica datada","latest_evidence_date":"2001-09-02","latest_evidence_age_years":24.988877252784107,"dated_domains_n":1,"time_series_status":"UNKNOWN_SERIE_TEMPORAL_NAO_ADQUIRIDA"}},{"type":"Feature","geometry":{"type":"Point","coordinates":[-54.18416599999995,-23.49333299999995]},"properties":{"well_id":"3500022629","municipality":"Itaquiraí","hydro_unit":"Grupo Caiuá","domain":"Granular","layer_code":"T04","layer_name":"Evidência hidrogeológica datada","latest_evidence_date":"1994-06-10","latest_evidence_age_years":32.21968965824076,"dated_domains_n":1,"time_series_status":"UNKNOWN_SERIE_TEMPORAL_NAO_ADQUIRIDA"}},{"type":"Feature","geometry":{"type":"Point","coordinates":[-54.20111099999997,-23.03416599999997]},"properties":{"well_id":"3500022635","municipality":"Naviraí","hydro_unit":"Grupo Caiuá","domain":"Granular","layer_code":"T04","layer_name":"Evidência hidrogeológica datada","latest_evidence_date":"1984-02-25","latest_evidence_age_years":42.50874419050357,"dated_domains_n":1,"time_series_status":"UNKNOWN_SERIE_TEMPORAL_NAO_ADQUIRIDA"}},{"type":"Feature","geometry":{"type":"Point","coordinates":[-54.70416599999999,-20.453610999999967]},"properties":{"well_id":"3500022656","municipality":"Campo Grande","hydro_unit":"Formação Serra Geral","domain":"Fraturada","layer_code":"T04","layer_name":"Evidência hidrogeológica datada","latest_evidence_date":"1982-09-20","latest_evidence_age_years":43.94066955515856,"dated_domains_n":1,"time_series_status":"UNKNOWN_SERIE_TEMPORAL_NAO_ADQUIRIDA"}},{"type":"Feature","geometry":{"type":"Point","coordinates":[-54.62611099999998,-20.43972199999996]},"properties":{"well_id":"3500022658","municipality":"Campo Grande","hydro_unit":"Formação Serra Geral","domain":"Fraturada","layer_code":"T04","layer_name":"Evidência hidrogeológica datada","latest_evidence_date":"1995-11-27","latest_evidence_age_years":30.754909409501906,"dated_domains_n":1,"time_series_status":"UNKNOWN_SERIE_TEMPORAL_NAO_ADQUIRIDA"}},{"type":"Feature","geometry":{"type":"Point","coordinates":[-57.06888799999996,-21.999443999999983]},"properties":{"well_id":"3500022664","municipality":"Caracol","hydro_unit":"Embasamento Indiferenciado","domain":"Fraturada","layer_code":"T04","layer_name":"Evidência hidrogeológica datada","latest_evidence_date":"2004-05-05","latest_evidence_age_years":22.316680013963325,"dated_domains_n":1,"time_series_status":"UNKNOWN_SERIE_TEMPORAL_NAO_ADQUIRIDA"}},{"type":"Feature","geometry":{"type":"Point","coordinates":[-53.26388799999995,-22.29555499999998]},"properties":{"well_id":"3500022673","municipality":"Batayporã","hydro_unit":"Grupo Caiuá","domain":"Granular","layer_code":"T04","layer_name":"Evidência hidrogeológica datada","latest_evidence_date":"1995-11-17","latest_evidence_age_years":30.78228847957179,"dated_domains_n":1,"time_series_status":"UNKNOWN_SERIE_TEMPORAL_NAO_ADQUIRIDA"}},{"type":"Feature","geometry":{"type":"Point","coordinates":[-54.186387999999965,-23.048054999999977]},"properties":{"well_id":"3500022720","municipality":"Naviraí","hydro_unit":"Grupo Caiuá","domain":"Granular","layer_code":"T04","layer_name":"Evidência hidrogeológica datada","latest_evidence_date":"1991-09-23","latest_evidence_age_years":34.932955502166365,"dated_domains_n":1,"time_series_status":"UNKNOWN_SERIE_TEMPORAL_NAO_ADQUIRIDA"}},{"type":"Feature","geometry":{"type":"Point","coordinates":[-55.58638799999994,-23.02416599999998]},"properties":{"well_id":"3500022751","municipality":"Aral Moreira","hydro_unit":"Formação Serra Geral","domain":"Fraturada","layer_code":"T04","layer_name":"Evidência hidrogeológica datada","latest_evidence_date":"1981-04-03","latest_evidence_age_years":45.40544980389741,"dated_domains_n":1,"time_series_status":"UNKNOWN_SERIE_TEMPORAL_NAO_ADQUIRIDA"}},{"type":"Feature","geometry":{"type":"Point","coordinates":[-55.760832999999934,-20.45277699999997]},"properties":{"well_id":"3500022762","municipality":"Aquidauana","hydro_unit":"Formação Aquidauana","domain":"Granular","layer_code":"T04","layer_name":"Evidência hidrogeológica datada","latest_evidence_date":"1969-01-02","latest_evidence_age_years":57.65484575316399,"dated_domains_n":1,"time_series_status":"UNKNOWN_SERIE_TEMPORAL_NAO_ADQUIRIDA"}},{"type":"Feature","geometry":{"type":"Point","coordinates":[-55.79249999999996,-20.466387999999938]},"properties":{"well_id":"3500022767","municipality":"Aquidauana","hydro_unit":"Formação Aquidauana","domain":"Granular","layer_code":"T04","layer_name":"Evidência hidrogeológica datada","latest_evidence_date":"1961-01-02","latest_evidence_age_years":65.65501002758441,"dated_domains_n":1,"time_series_status":"UNKNOWN_SERIE_TEMPORAL_NAO_ADQUIRIDA"}},{"type":"Feature","geometry":{"type":"Point","coordinates":[-56.45055499999995,-21.14027699999997]},"properties":{"well_id":"3500022776","municipality":"Bonito","hydro_unit":"Grupo Cuiaba","domain":"Cárstica","layer_code":"T04","layer_name":"Evidência hidrogeológica datada","latest_evidence_date":"2003-01-02","latest_evidence_age_years":23.655516540380706,"dated_domains_n":1,"time_series_status":"UNKNOWN_SERIE_TEMPORAL_NAO_ADQUIRIDA"}},{"type":"Feature","geometry":{"type":"Point","coordinates":[-57.030554999999936,-22.019999999999982]},"properties":{"well_id":"3500022783","municipality":"Caracol","hydro_unit":"Embasamento Indiferenciado","domain":"Fraturada","layer_code":"T04","layer_name":"Evidência hidrogeológica datada","latest_evidence_date":"2003-01-02","latest_evidence_age_years":23.655516540380706,"dated_domains_n":1,"time_series_status":"UNKNOWN_SERIE_TEMPORAL_NAO_ADQUIRIDA"}},{"type":"Feature","geometry":{"type":"Point","coordinates":[-55.27499999999998,-20.685554999999965]},"properties":{"well_id":"3500022787","municipality":"Dois Irmãos do Buriti","hydro_unit":"Formação Serra Geral","domain":"Fraturada","layer_code":"T04","layer_name":"Evidência hidrogeológica datada","latest_evidence_date":"1980-04-17","latest_evidence_age_years":46.36645516335037,"dated_domains_n":1,"time_series_status":"UNKNOWN_SERIE_TEMPORAL_NAO_ADQUIRIDA"}},{"type":"Feature","geometry":{"type":"Point","coordinates":[-55.11055499999998,-20.782221999999933]},"properties":{"well_id":"3500022804","municipality":"Sidrolândia","hydro_unit":"Formação Serra Geral","domain":"Fraturada","layer_code":"T04","layer_name":"Evidência hidrogeológica datada","latest_evidence_date":"2001-04-11","latest_evidence_age_years":25.383135861790453,"dated_domains_n":1,"time_series_status":"UNKNOWN_SERIE_TEMPORAL_NAO_ADQUIRIDA"}},{"type":"Feature","geometry":{"type":"Point","coordinates":[-54.81611099999998,-22.25222199999996]},"properties":{"well_id":"3500022830","municipality":"Dourados","hydro_unit":"Formação Serra Geral","domain":"Fraturada","layer_code":"T04","layer_name":"Evidência hidrogeológica datada","latest_evidence_date":"1990-04-23","latest_evidence_age_years":36.35119133178642,"dated_domains_n":1,"time_series_status":"UNKNOWN_SERIE_TEMPORAL_NAO_ADQUIRIDA"}},{"type":"Feature","geometry":{"type":"Point","coordinates":[-54.79583299999996,-22.238887999999974]},"properties":{"well_id":"3500022834","municipality":"Dourados","hydro_unit":"Formação Serra Geral","domain":"Fraturada","layer_code":"T04","layer_name":"Evidência hidrogeológica datada","latest_evidence_date":"2002-09-25","latest_evidence_age_years":23.926569334072568,"dated_domains_n":1,"time_series_status":"UNKNOWN_SERIE_TEMPORAL_NAO_ADQUIRIDA"}},{"type":"Feature","geometry":{"type":"Point","coordinates":[-54.78194399999995,-22.20027699999997]},"properties":{"well_id":"3500022837","municipality":"Dourados","hydro_unit":"Formação Serra Geral","domain":"Fraturada","layer_code":"T04","layer_name":"Evidência hidrogeológica datada","latest_evidence_date":"1982-03-23","latest_evidence_age_years":44.43623072342348,"dated_domains_n":1,"time_series_status":"UNKNOWN_SERIE_TEMPORAL_NAO_ADQUIRIDA"}},{"type":"Feature","geometry":{"type":"Point","coordinates":[-54.42944399999993,-21.651943999999958]},"properties":{"well_id":"3500022871","municipality":"Rio Brilhante","hydro_unit":"Formação Serra Geral","domain":"Fraturada","layer_code":"T04","layer_name":"Evidência hidrogeológica datada","latest_evidence_date":"1984-06-18","latest_evidence_age_years":42.19662279170688,"dated_domains_n":1,"time_series_status":"UNKNOWN_SERIE_TEMPORAL_NAO_ADQUIRIDA"}},{"type":"Feature","geometry":{"type":"Point","coordinates":[-54.66972199999998,-20.537499999999966]},"properties":{"well_id":"3500022905","municipality":"Campo Grande","hydro_unit":"Formação Serra Geral","domain":"Fraturada","layer_code":"T04","layer_name":"Evidência hidrogeológica datada","latest_evidence_date":"1995-11-30","latest_evidence_age_years":30.74669568848094,"dated_domains_n":1,"time_series_status":"UNKNOWN_SERIE_TEMPORAL_NAO_ADQUIRIDA"}},{"type":"Feature","geometry":{"type":"Point","coordinates":[-53.779165999999975,-22.156387999999936]},"properties":{"well_id":"3500022938","municipality":"Angélica","hydro_unit":"Grupo Caiuá","domain":"Granular","layer_code":"T04","layer_name":"Evidência hidrogeológica datada","latest_evidence_date":"1987-08-13","latest_evidence_age_years":39.04529182666311,"dated_domains_n":1,"time_series_status":"UNKNOWN_SERIE_TEMPORAL_NAO_ADQUIRIDA"}},{"type":"Feature","geometry":{"type":"Point","coordinates":[-52.43055499999997,-21.715276999999958]},"properties":{"well_id":"3500022971","municipality":"Bataguassu","hydro_unit":"Grupo Caiuá","domain":"Granular","layer_code":"T04","layer_name":"Evidência hidrogeológica datada","latest_evidence_date":"2002-05-21","latest_evidence_age_years":24.274283523960108,"dated_domains_n":1,"time_series_status":"UNKNOWN_SERIE_TEMPORAL_NAO_ADQUIRIDA"}},{"type":"Feature","geometry":{"type":"Point","coordinates":[-52.823054999999954,-21.302499999999952]},"properties":{"well_id":"3500022978","municipality":"Santa Rita do Pardo","hydro_unit":"Grupo Caiuá","domain":"Granular","layer_code":"T04","layer_name":"Evidência hidrogeológica datada","latest_evidence_date":"1994-05-04","latest_evidence_age_years":32.32099221749933,"dated_domains_n":1,"time_series_status":"UNKNOWN_SERIE_TEMPORAL_NAO_ADQUIRIDA"}},{"type":"Feature","geometry":{"type":"Point","coordinates":[-54.74138799999997,-18.50666599999994]},"properties":{"well_id":"3500022990","municipality":"Coxim","hydro_unit":"Formação Furnas","domain":"Granular","layer_code":"T04","layer_name":"Evidência hidrogeológica datada","latest_evidence_date":"1974-06-05","latest_evidence_age_years":52.23378987932675,"dated_domains_n":1,"time_series_status":"UNKNOWN_SERIE_TEMPORAL_NAO_ADQUIRIDA"}},{"type":"Feature","geometry":{"type":"Point","coordinates":[-54.281387999999936,-23.78444399999995]},"properties":{"well_id":"3500023022","municipality":"Eldorado","hydro_unit":"Grupo Caiuá","domain":"Granular","layer_code":"T04","layer_name":"Evidência hidrogeológica datada","latest_evidence_date":"1978-07-08","latest_evidence_age_years":48.14335681088592,"dated_domains_n":1,"time_series_status":"UNKNOWN_SERIE_TEMPORAL_NAO_ADQUIRIDA"}},{"type":"Feature","geometry":{"type":"Point","coordinates":[-54.75444399999998,-18.509165999999937]},"properties":{"well_id":"3500023040","municipality":"Coxim","hydro_unit":"Formação Furnas","domain":"Granular","layer_code":"T04","layer_name":"Evidência hidrogeológica datada","latest_evidence_date":"1981-06-13","latest_evidence_age_years":45.21105840640123,"dated_domains_n":1,"time_series_status":"UNKNOWN_SERIE_TEMPORAL_NAO_ADQUIRIDA"}},{"type":"Feature","geometry":{"type":"Point","coordinates":[-56.49416599999995,-21.121387999999968]},"properties":{"well_id":"3500023085","municipality":"Bonito","hydro_unit":"Grupo Cuiaba","domain":"Fraturada","layer_code":"T04","layer_name":"Evidência hidrogeológica datada","latest_evidence_date":"1994-04-14","latest_evidence_age_years":32.3757503576391,"dated_domains_n":1,"time_series_status":"UNKNOWN_SERIE_TEMPORAL_NAO_ADQUIRIDA"}},{"type":"Feature","geometry":{"type":"Point","coordinates":[-56.45361099999997,-21.121110999999928]},"properties":{"well_id":"3500023090","municipality":"Bonito","hydro_unit":"Grupo Cuiaba","domain":"Cárstica","layer_code":"T04","layer_name":"Evidência hidrogeológica datada","latest_evidence_date":"1980-05-15","latest_evidence_age_years":46.2897937671547,"dated_domains_n":1,"time_series_status":"UNKNOWN_SERIE_TEMPORAL_NAO_ADQUIRIDA"}},{"type":"Feature","geometry":{"type":"Point","coordinates":[-56.48499999999996,-21.11888799999997]},"properties":{"well_id":"3500023092","municipality":"Bonito","hydro_unit":"Grupo Cuiaba","domain":"Fraturada","layer_code":"T04","layer_name":"Evidência hidrogeológica datada","latest_evidence_date":"1993-03-13","latest_evidence_age_years":33.46269943941354,"dated_domains_n":1,"time_series_status":"UNKNOWN_SERIE_TEMPORAL_NAO_ADQUIRIDA"}},{"type":"Feature","geometry":{"type":"Point","coordinates":[-56.49444399999999,-21.119721999999967]},"properties":{"well_id":"3500023093","municipality":"Bonito","hydro_unit":"Grupo Cuiaba","domain":"Fraturada","layer_code":"T04","layer_name":"Evidência hidrogeológica datada","latest_evidence_date":"1991-05-07","latest_evidence_age_years":35.31352457613777,"dated_domains_n":1,"time_series_status":"UNKNOWN_SERIE_TEMPORAL_NAO_ADQUIRIDA"}},{"type":"Feature","geometry":{"type":"Point","coordinates":[-55.76249999999993,-20.464165999999977]},"properties":{"well_id":"3500023098","municipality":"Aquidauana","hydro_unit":"Formação Aquidauana","domain":"Granular","layer_code":"T04","layer_name":"Evidência hidrogeológica datada","latest_evidence_date":"1975-01-10","latest_evidence_age_years":51.63418824479626,"dated_domains_n":1,"time_series_status":"UNKNOWN_SERIE_TEMPORAL_NAO_ADQUIRIDA"}},{"type":"Feature","geometry":{"type":"Point","coordinates":[-54.610555999999974,-22.041943999999944]},"properties":{"well_id":"3500026985","municipality":"Douradina","hydro_unit":"Formação Serra Geral","domain":"Fraturada","layer_code":"T04","layer_name":"Evidência hidrogeológica datada","latest_evidence_date":"2009-08-27","latest_evidence_age_years":17.00514042040562,"dated_domains_n":1,"time_series_status":"UNKNOWN_SERIE_TEMPORAL_NAO_ADQUIRIDA"}},{"type":"Feature","geometry":{"type":"Point","coordinates":[-54.73972199999997,-18.519443999999964]},"properties":{"well_id":"3500027052","municipality":"Coxim","hydro_unit":"Formação Furnas","domain":"Granular","layer_code":"T04","layer_name":"Evidência hidrogeológica datada","latest_evidence_date":"2009-08-27","latest_evidence_age_years":17.00514042040562,"dated_domains_n":1,"time_series_status":"UNKNOWN_SERIE_TEMPORAL_NAO_ADQUIRIDA"}},{"type":"Feature","geometry":{"type":"Point","coordinates":[-54.798888999999974,-22.239166999999952]},"properties":{"well_id":"3500027060","municipality":"Dourados","hydro_unit":"Formação Serra Geral","domain":"Fraturada","layer_code":"T04","layer_name":"Evidência hidrogeológica datada","latest_evidence_date":"1997-04-13","latest_evidence_age_years":29.377742184986687,"dated_domains_n":1,"time_series_status":"UNKNOWN_SERIE_TEMPORAL_NAO_ADQUIRIDA"}},{"type":"Feature","geometry":{"type":"Point","coordinates":[-54.75277799999998,-18.508332999999936]},"properties":{"well_id":"3500027064","municipality":"Coxim","hydro_unit":"Formação Furnas","domain":"Granular","layer_code":"T04","layer_name":"Evidência hidrogeológica datada","latest_evidence_date":"2000-07-07","latest_evidence_age_years":26.14427400973326,"dated_domains_n":1,"time_series_status":"UNKNOWN_SERIE_TEMPORAL_NAO_ADQUIRIDA"}},{"type":"Feature","geometry":{"type":"Point","coordinates":[-54.28333299999997,-23.780832999999973]},"properties":{"well_id":"3500027099","municipality":"Eldorado","hydro_unit":"Grupo Caiuá","domain":"Granular","layer_code":"T04","layer_name":"Evidência hidrogeológica datada","latest_evidence_date":"2009-08-27","latest_evidence_age_years":17.00514042040562,"dated_domains_n":1,"time_series_status":"UNKNOWN_SERIE_TEMPORAL_NAO_ADQUIRIDA"}},{"type":"Feature","geometry":{"type":"Point","coordinates":[-54.276666999999975,-23.78305599999993]},"properties":{"well_id":"3500027100","municipality":"Eldorado","hydro_unit":"Grupo Caiuá","domain":"Granular","layer_code":"T04","layer_name":"Evidência hidrogeológica datada","latest_evidence_date":"2009-08-27","latest_evidence_age_years":17.00514042040562,"dated_domains_n":1,"time_series_status":"UNKNOWN_SERIE_TEMPORAL_NAO_ADQUIRIDA"}},{"type":"Feature","geometry":{"type":"Point","coordinates":[-54.82861099999997,-22.63638899999995]},"properties":{"well_id":"3500027118","municipality":"Caarapó","hydro_unit":"Grupo Caiuá","domain":"Granular","layer_code":"T04","layer_name":"Evidência hidrogeológica datada","latest_evidence_date":"2009-08-27","latest_evidence_age_years":17.00514042040562,"dated_domains_n":1,"time_series_status":"UNKNOWN_SERIE_TEMPORAL_NAO_ADQUIRIDA"}},{"type":"Feature","geometry":{"type":"Point","coordinates":[-52.03083299999997,-21.26444399999997]},"properties":{"well_id":"3500027123","municipality":"Brasilândia","hydro_unit":"Grupo Caiuá","domain":"Granular","layer_code":"T04","layer_name":"Evidência hidrogeológica datada","latest_evidence_date":"2009-08-27","latest_evidence_age_years":17.00514042040562,"dated_domains_n":1,"time_series_status":"UNKNOWN_SERIE_TEMPORAL_NAO_ADQUIRIDA"}},{"type":"Feature","geometry":{"type":"Point","coordinates":[-54.79305599999998,-22.256666999999936]},"properties":{"well_id":"3500027141","municipality":"Dourados","hydro_unit":"Formação Serra Geral","domain":"Fraturada","layer_code":"T04","layer_name":"Evidência hidrogeológica datada","latest_evidence_date":"2009-08-27","latest_evidence_age_years":17.00514042040562,"dated_domains_n":1,"time_series_status":"UNKNOWN_SERIE_TEMPORAL_NAO_ADQUIRIDA"}},{"type":"Feature","geometry":{"type":"Point","coordinates":[-54.538332999999966,-19.365832999999952]},"properties":{"well_id":"3500027147","municipality":"São Gabriel do Oeste","hydro_unit":"Grupo Bauru","domain":"Granular","layer_code":"T04","layer_name":"Evidência hidrogeológica datada","latest_evidence_date":"2009-08-31","latest_evidence_age_years":16.994188792377667,"dated_domains_n":1,"time_series_status":"UNKNOWN_SERIE_TEMPORAL_NAO_ADQUIRIDA"}},{"type":"Feature","geometry":{"type":"Point","coordinates":[-54.84777799999995,-18.91999999999996]},"properties":{"well_id":"3500027164","municipality":"Rio Verde de Mato Grosso","hydro_unit":"Formação Furnas","domain":"Granular","layer_code":"T04","layer_name":"Evidência hidrogeológica datada","latest_evidence_date":"2009-08-27","latest_evidence_age_years":17.00514042040562,"dated_domains_n":1,"time_series_status":"UNKNOWN_SERIE_TEMPORAL_NAO_ADQUIRIDA"}},{"type":"Feature","geometry":{"type":"Point","coordinates":[-55.787499999999966,-20.463332999999977]},"properties":{"well_id":"3500027171","municipality":"Aquidauana","hydro_unit":"Formação Aquidauana","domain":"Granular","layer_code":"T04","layer_name":"Evidência hidrogeológica datada","latest_evidence_date":"2009-09-25","latest_evidence_age_years":16.925741117202953,"dated_domains_n":1,"time_series_status":"UNKNOWN_SERIE_TEMPORAL_NAO_ADQUIRIDA"}},{"type":"Feature","geometry":{"type":"Point","coordinates":[-54.17944399999993,-23.057221999999967]},"properties":{"well_id":"3500027185","municipality":"Naviraí","hydro_unit":"Grupo Caiuá","domain":"Granular","layer_code":"T04","layer_name":"Evidência hidrogeológica datada","latest_evidence_date":"2009-08-27","latest_evidence_age_years":17.00514042040562,"dated_domains_n":1,"time_series_status":"UNKNOWN_SERIE_TEMPORAL_NAO_ADQUIRIDA"}},{"type":"Feature","geometry":{"type":"Point","coordinates":[-54.17833299999995,-23.052777999999932]},"properties":{"well_id":"3500027186","municipality":"Naviraí","hydro_unit":"Grupo Caiuá","domain":"Granular","layer_code":"T04","layer_name":"Evidência hidrogeológica datada","latest_evidence_date":"2009-08-27","latest_evidence_age_years":17.00514042040562,"dated_domains_n":1,"time_series_status":"UNKNOWN_SERIE_TEMPORAL_NAO_ADQUIRIDA"}},{"type":"Feature","geometry":{"type":"Point","coordinates":[-51.72055599999993,-20.819166999999936]},"properties":{"well_id":"3500027189","municipality":"Três Lagoas","hydro_unit":"Grupo Caiuá","domain":"Granular","layer_code":"T04","layer_name":"Evidência hidrogeológica datada","latest_evidence_date":"2009-10-06","latest_evidence_age_years":16.89562414012608,"dated_domains_n":1,"time_series_status":"UNKNOWN_SERIE_TEMPORAL_NAO_ADQUIRIDA"}},{"type":"Feature","geometry":{"type":"Point","coordinates":[-55.94861099999997,-22.197221999999954]},"properties":{"well_id":"3500027210","municipality":"Antônio João","hydro_unit":"Formação Serra Geral","domain":"Fraturada","layer_code":"T04","layer_name":"Evidência hidrogeológica datada","latest_evidence_date":"2009-10-06","latest_evidence_age_years":16.89562414012608,"dated_domains_n":1,"time_series_status":"UNKNOWN_SERIE_TEMPORAL_NAO_ADQUIRIDA"}},{"type":"Feature","geometry":{"type":"Point","coordinates":[-54.51361099999997,-22.37888899999996]},"properties":{"well_id":"3500027226","municipality":"Fátima do Sul","hydro_unit":"Formação Serra Geral","domain":"Fraturada","layer_code":"T04","layer_name":"Evidência hidrogeológica datada","latest_evidence_date":"2009-10-06","latest_evidence_age_years":16.89562414012608,"dated_domains_n":1,"time_series_status":"UNKNOWN_SERIE_TEMPORAL_NAO_ADQUIRIDA"}},{"type":"Feature","geometry":{"type":"Point","coordinates":[-54.86583299999995,-20.437221999999963]},"properties":{"well_id":"3500027234","municipality":"Terenos","hydro_unit":"Formação Serra Geral","domain":"Fraturada","layer_code":"T04","layer_name":"Evidência hidrogeológica datada","latest_evidence_date":"2009-10-06","latest_evidence_age_years":16.89562414012608,"dated_domains_n":1,"time_series_status":"UNKNOWN_SERIE_TEMPORAL_NAO_ADQUIRIDA"}},{"type":"Feature","geometry":{"type":"Point","coordinates":[-52.42972199999997,-21.714721999999938]},"properties":{"well_id":"3500027242","municipality":"Bataguassu","hydro_unit":"Grupo Caiuá","domain":"Granular","layer_code":"T04","layer_name":"Evidência hidrogeológica datada","latest_evidence_date":"2009-10-06","latest_evidence_age_years":16.89562414012608,"dated_domains_n":1,"time_series_status":"UNKNOWN_SERIE_TEMPORAL_NAO_ADQUIRIDA"}},{"type":"Feature","geometry":{"type":"Point","coordinates":[-54.42749999999995,-21.651666999999975]},"properties":{"well_id":"3500027310","municipality":"Rio Brilhante","hydro_unit":"Formação Serra Geral","domain":"Fraturada","layer_code":"T04","layer_name":"Evidência hidrogeológica datada","latest_evidence_date":"2009-10-28","latest_evidence_age_years":16.835390185972333,"dated_domains_n":1,"time_series_status":"UNKNOWN_SERIE_TEMPORAL_NAO_ADQUIRIDA"}},{"type":"Feature","geometry":{"type":"Point","coordinates":[-53.009999999999934,-21.722499999999968]},"properties":{"well_id":"3500045301","municipality":"Bataguassu","hydro_unit":"Grupo Caiuá","domain":"Granular","layer_code":"T04","layer_name":"Evidência hidrogeológica datada","latest_evidence_date":"2002-05-27","latest_evidence_age_years":24.257856081918177,"dated_domains_n":1,"time_series_status":"UNKNOWN_SERIE_TEMPORAL_NAO_ADQUIRIDA"}},{"type":"Feature","geometry":{"type":"Point","coordinates":[-53.800832999999955,-21.34416699999997]},"properties":{"well_id":"3500045385","municipality":"Campo Grande","hydro_unit":"Grupo Caiuá","domain":"Granular","layer_code":"T04","layer_name":"Evidência hidrogeológica datada","latest_evidence_date":"2009-08-27","latest_evidence_age_years":17.00514042040562,"dated_domains_n":1,"time_series_status":"UNKNOWN_SERIE_TEMPORAL_NAO_ADQUIRIDA"}},{"type":"Feature","geometry":{"type":"Point","coordinates":[-54.37888899999996,-20.934443999999928]},"properties":{"well_id":"3500053092","municipality":"Campo Grande","hydro_unit":"Grupo Caiuá","domain":"Granular","layer_code":"T04","layer_name":"Evidência hidrogeológica datada","latest_evidence_date":"2009-01-01","latest_evidence_age_years":17.656762288068887,"dated_domains_n":1,"time_series_status":"UNKNOWN_SERIE_TEMPORAL_NAO_ADQUIRIDA"}},{"type":"Feature","geometry":{"type":"Point","coordinates":[-54.549999999999955,-21.808332999999948]},"properties":{"well_id":"3500023259","municipality":"Rio Brilhante","hydro_unit":"Formação Serra Geral","domain":"Fraturada","layer_code":"T04","layer_name":"Evidência hidrogeológica datada","latest_evidence_date":"1991-07-13","latest_evidence_age_years":35.130084806669544,"dated_domains_n":1,"time_series_status":"UNKNOWN_SERIE_TEMPORAL_NAO_ADQUIRIDA"}},{"type":"Feature","geometry":{"type":"Point","coordinates":[-54.551387999999974,-21.80694399999993]},"properties":{"well_id":"3500023261","municipality":"Rio Brilhante","hydro_unit":"Formação Serra Geral","domain":"Fraturada","layer_code":"T04","layer_name":"Evidência hidrogeológica datada","latest_evidence_date":"1991-07-11","latest_evidence_age_years":35.13556062068352,"dated_domains_n":1,"time_series_status":"UNKNOWN_SERIE_TEMPORAL_NAO_ADQUIRIDA"}},{"type":"Feature","geometry":{"type":"Point","coordinates":[-52.43749999999994,-21.686943999999983]},"properties":{"well_id":"3500023277","municipality":"Bataguassu","hydro_unit":"Depósitos aluvionares","domain":"Granular","layer_code":"T04","layer_name":"Evidência hidrogeológica datada","latest_evidence_date":"1987-03-22","latest_evidence_age_years":39.43955043566945,"dated_domains_n":1,"time_series_status":"UNKNOWN_SERIE_TEMPORAL_NAO_ADQUIRIDA"}},{"type":"Feature","geometry":{"type":"Point","coordinates":[-52.029721999999936,-21.251387999999963]},"properties":{"well_id":"3500023288","municipality":"Brasilândia","hydro_unit":"Grupo Caiuá","domain":"Granular","layer_code":"T04","layer_name":"Evidência hidrogeológica datada","latest_evidence_date":"1986-03-09","latest_evidence_age_years":40.47447928431111,"dated_domains_n":1,"time_series_status":"UNKNOWN_SERIE_TEMPORAL_NAO_ADQUIRIDA"}},{"type":"Feature","geometry":{"type":"Point","coordinates":[-51.66555499999998,-20.79472199999998]},"properties":{"well_id":"3500023294","municipality":"Três Lagoas","hydro_unit":"Grupo Caiuá","domain":"Granular","layer_code":"T04","layer_name":"Evidência hidrogeológica datada","latest_evidence_date":"1998-04-22","latest_evidence_age_years":28.353764964372985,"dated_domains_n":1,"time_series_status":"UNKNOWN_SERIE_TEMPORAL_NAO_ADQUIRIDA"}},{"type":"Feature","geometry":{"type":"Point","coordinates":[-53.85999999999996,-22.655554999999936]},"properties":{"well_id":"3500023374","municipality":"Novo Horizonte do Sul","hydro_unit":"Grupo Caiuá","domain":"Granular","layer_code":"T04","layer_name":"Evidência hidrogeológica datada","latest_evidence_date":"1995-02-16","latest_evidence_age_years":31.53247499948664,"dated_domains_n":1,"time_series_status":"UNKNOWN_SERIE_TEMPORAL_NAO_ADQUIRIDA"}},{"type":"Feature","geometry":{"type":"Point","coordinates":[-53.85777699999994,-22.651665999999977]},"properties":{"well_id":"3500023375","municipality":"Novo Horizonte do Sul","hydro_unit":"Grupo Caiuá","domain":"Granular","layer_code":"T04","layer_name":"Evidência hidrogeológica datada","latest_evidence_date":"1996-02-06","latest_evidence_age_years":30.560518012005723,"dated_domains_n":1,"time_series_status":"UNKNOWN_SERIE_TEMPORAL_NAO_ADQUIRIDA"}},{"type":"Feature","geometry":{"type":"Point","coordinates":[-54.84527799999995,-20.800277999999935]},"properties":{"well_id":"3500045184","municipality":"Sidrolândia","hydro_unit":"Formação Serra Geral","domain":"Fraturada","layer_code":"T04","layer_name":"Evidência hidrogeológica datada","latest_evidence_date":"2009-07-03","latest_evidence_age_years":17.15572530578999,"dated_domains_n":1,"time_series_status":"UNKNOWN_SERIE_TEMPORAL_NAO_ADQUIRIDA"}},{"type":"Feature","geometry":{"type":"Point","coordinates":[-54.52555599999994,-19.30583299999995]},"properties":{"well_id":"3500026920","municipality":"São Gabriel do Oeste","hydro_unit":"Grupo Bauru","domain":"Granular","layer_code":"T04","layer_name":"Evidência hidrogeológica datada","latest_evidence_date":"2008-06-17","latest_evidence_age_years":18.19886787545261,"dated_domains_n":1,"time_series_status":"UNKNOWN_SERIE_TEMPORAL_NAO_ADQUIRIDA"}},{"type":"Feature","geometry":{"type":"Point","coordinates":[-54.65277699999996,-20.475832999999966]},"properties":{"well_id":"3500022474","municipality":"Campo Grande","hydro_unit":"Formação Serra Geral","domain":"Fraturada","layer_code":"T04","layer_name":"Evidência hidrogeológica datada","latest_evidence_date":"1989-07-14","latest_evidence_age_years":37.12601901476416,"dated_domains_n":1,"time_series_status":"UNKNOWN_SERIE_TEMPORAL_NAO_ADQUIRIDA"}},{"type":"Feature","geometry":{"type":"Point","coordinates":[-51.705277999999964,-20.784999999999968]},"properties":{"well_id":"3500027198","municipality":"Três Lagoas","hydro_unit":"Grupo Caiuá","domain":"Granular","layer_code":"T04","layer_name":"Evidência hidrogeológica datada","latest_evidence_date":"2010-10-25","latest_evidence_age_years":15.844267849442494,"dated_domains_n":2,"time_series_status":"UNKNOWN_SERIE_TEMPORAL_NAO_ADQUIRIDA"}},{"type":"Feature","geometry":{"type":"Point","coordinates":[-52.41749999999996,-21.71388799999994]},"properties":{"well_id":"3500023274","municipality":"Bataguassu","hydro_unit":"Grupo Caiuá","domain":"Granular","layer_code":"T04","layer_name":"Evidência hidrogeológica datada","latest_evidence_date":"1984-07-06","latest_evidence_age_years":42.14734046558109,"dated_domains_n":2,"time_series_status":"UNKNOWN_SERIE_TEMPORAL_NAO_ADQUIRIDA"}},{"type":"Feature","geometry":{"type":"Point","coordinates":[-54.853610999999944,-18.915277999999944]},"properties":{"well_id":"3500030634","municipality":"Rio Verde de Mato Grosso","hydro_unit":"Formação Furnas","domain":"Granular","layer_code":"T04","layer_name":"Evidência hidrogeológica datada","latest_evidence_date":"1986-07-27","latest_evidence_age_years":40.09117230333272,"dated_domains_n":1,"time_series_status":"UNKNOWN_SERIE_TEMPORAL_NAO_ADQUIRIDA"}},{"type":"Feature","geometry":{"type":"Point","coordinates":[-54.83749999999998,-18.90944399999995]},"properties":{"well_id":"3500030635","municipality":"Rio Verde de Mato Grosso","hydro_unit":"Formação Furnas","domain":"Granular","layer_code":"T04","layer_name":"Evidência hidrogeológica datada","latest_evidence_date":"1989-08-19","latest_evidence_age_years":37.02745436251258,"dated_domains_n":1,"time_series_status":"UNKNOWN_SERIE_TEMPORAL_NAO_ADQUIRIDA"}},{"type":"Feature","geometry":{"type":"Point","coordinates":[-54.831388999999945,-19.831110999999964]},"properties":{"well_id":"3500030637","municipality":"Corguinho","hydro_unit":"Formação Botucatu","domain":"Granular","layer_code":"T04","layer_name":"Evidência hidrogeológica datada","latest_evidence_date":"1979-03-27","latest_evidence_age_years":47.42602517505493,"dated_domains_n":1,"time_series_status":"UNKNOWN_SERIE_TEMPORAL_NAO_ADQUIRIDA"}},{"type":"Feature","geometry":{"type":"Point","coordinates":[-55.957776999999965,-22.19305499999996]},"properties":{"well_id":"3500022688","municipality":"Antônio João","hydro_unit":"Formação Serra Geral","domain":"Fraturada","layer_code":"T04","layer_name":"Evidência hidrogeológica datada","latest_evidence_date":"1979-10-05","latest_evidence_age_years":46.90034702971313,"dated_domains_n":1,"time_series_status":"UNKNOWN_SERIE_TEMPORAL_NAO_ADQUIRIDA"}},{"type":"Feature","geometry":{"type":"Point","coordinates":[-55.634443999999974,-22.944721999999956]},"properties":{"well_id":"3500022690","municipality":"Aral Moreira","hydro_unit":"Formação Serra Geral","domain":"Fraturada","layer_code":"T04","layer_name":"Evidência hidrogeológica datada","latest_evidence_date":"1980-07-07","latest_evidence_age_years":46.144684695784306,"dated_domains_n":1,"time_series_status":"UNKNOWN_SERIE_TEMPORAL_NAO_ADQUIRIDA"}},{"type":"Feature","geometry":{"type":"Point","coordinates":[-54.287221999999986,-23.78583299999997]},"properties":{"well_id":"3500022701","municipality":"Eldorado","hydro_unit":"Grupo Caiuá","domain":"Granular","layer_code":"T04","layer_name":"Evidência hidrogeológica datada","latest_evidence_date":"1995-09-02","latest_evidence_age_years":30.99036941210292,"dated_domains_n":1,"time_series_status":"UNKNOWN_SERIE_TEMPORAL_NAO_ADQUIRIDA"}},{"type":"Feature","geometry":{"type":"Point","coordinates":[-54.27722199999994,-23.78361099999995]},"properties":{"well_id":"3500022702","municipality":"Eldorado","hydro_unit":"Grupo Caiuá","domain":"Granular","layer_code":"T04","layer_name":"Evidência hidrogeológica datada","latest_evidence_date":"1997-01-14","latest_evidence_age_years":29.621415908608665,"dated_domains_n":1,"time_series_status":"UNKNOWN_SERIE_TEMPORAL_NAO_ADQUIRIDA"}},{"type":"Feature","geometry":{"type":"Point","coordinates":[-55.718887999999936,-22.542776999999944]},"properties":{"well_id":"3500022727","municipality":"Ponta Porã","hydro_unit":"Grupo Caiuá","domain":"Granular","layer_code":"T04","layer_name":"Evidência hidrogeológica datada","latest_evidence_date":"1973-03-01","latest_evidence_age_years":53.49596500954845,"dated_domains_n":1,"time_series_status":"UNKNOWN_SERIE_TEMPORAL_NAO_ADQUIRIDA"}},{"type":"Feature","geometry":{"type":"Point","coordinates":[-55.706943999999964,-22.552221999999972]},"properties":{"well_id":"3500022731","municipality":"Ponta Porã","hydro_unit":"Grupo Caiuá","domain":"Granular","layer_code":"T04","layer_name":"Evidência hidrogeológica datada","latest_evidence_date":"1976-05-15","latest_evidence_age_years":50.289875904364905,"dated_domains_n":1,"time_series_status":"UNKNOWN_SERIE_TEMPORAL_NAO_ADQUIRIDA"}},{"type":"Feature","geometry":{"type":"Point","coordinates":[-55.81527699999998,-20.48083299999996]},"properties":{"well_id":"3500022753","municipality":"Anastácio","hydro_unit":"Formação Aquidauana","domain":"Granular","layer_code":"T04","layer_name":"Evidência hidrogeológica datada","latest_evidence_date":"1987-06-12","latest_evidence_age_years":39.2150420610964,"dated_domains_n":1,"time_series_status":"UNKNOWN_SERIE_TEMPORAL_NAO_ADQUIRIDA"}},{"type":"Feature","geometry":{"type":"Point","coordinates":[-52.82583299999993,-21.292776999999944]},"properties":{"well_id":"3500022979","municipality":"Santa Rita do Pardo","hydro_unit":"Grupo Caiuá","domain":"Granular","layer_code":"T04","layer_name":"Evidência hidrogeológica datada","latest_evidence_date":"1989-10-10","latest_evidence_age_years":36.885083198149175,"dated_domains_n":1,"time_series_status":"UNKNOWN_SERIE_TEMPORAL_NAO_ADQUIRIDA"}},{"type":"Feature","geometry":{"type":"Point","coordinates":[-56.458887999999945,-21.109999999999957]},"properties":{"well_id":"3500023063","municipality":"Bonito","hydro_unit":"Grupo Cuiaba","domain":"Cárstica","layer_code":"T04","layer_name":"Evidência hidrogeológica datada","latest_evidence_date":"1991-01-18","latest_evidence_age_years":35.611956439899515,"dated_domains_n":1,"time_series_status":"UNKNOWN_SERIE_TEMPORAL_NAO_ADQUIRIDA"}},{"type":"Feature","geometry":{"type":"Point","coordinates":[-54.696387999999956,-22.11722199999997]},"properties":{"well_id":"3500023066","municipality":"Dourados","hydro_unit":"Formação Serra Geral","domain":"Fraturada","layer_code":"T04","layer_name":"Evidência hidrogeológica datada","latest_evidence_date":"1973-06-03","latest_evidence_age_years":53.23860175089153,"dated_domains_n":1,"time_series_status":"UNKNOWN_SERIE_TEMPORAL_NAO_ADQUIRIDA"}},{"type":"Feature","geometry":{"type":"Point","coordinates":[-54.82555599999995,-22.186110999999983]},"properties":{"well_id":"3500067285","municipality":"Dourados","hydro_unit":"Formação Serra Geral","domain":"Fraturada","layer_code":"T04","layer_name":"Evidência hidrogeológica datada","latest_evidence_date":"2016-08-08","latest_evidence_age_years":10.056332436668788,"dated_domains_n":1,"time_series_status":"UNKNOWN_SERIE_TEMPORAL_NAO_ADQUIRIDA"}},{"type":"Feature","geometry":{"type":"Point","coordinates":[-51.66555599999998,-20.76444399999997]},"properties":{"well_id":"3500045659","municipality":"Três Lagoas","hydro_unit":"Formação Serra Geral","domain":"Fraturada","layer_code":"T04","layer_name":"Evidência hidrogeológica datada","latest_evidence_date":"2009-06-29","latest_evidence_age_years":17.166676933817943,"dated_domains_n":1,"time_series_status":"UNKNOWN_SERIE_TEMPORAL_NAO_ADQUIRIDA"}},{"type":"Feature","geometry":{"type":"Point","coordinates":[-53.38638899999995,-22.298888999999974]},"properties":{"well_id":"3500026954","municipality":"Nova Andradina","hydro_unit":"Grupo Caiuá","domain":"Granular","layer_code":"T04","layer_name":"Evidência hidrogeológica datada","latest_evidence_date":"2007-11-08","latest_evidence_age_years":18.806683231004058,"dated_domains_n":1,"time_series_status":"UNKNOWN_SERIE_TEMPORAL_NAO_ADQUIRIDA"}},{"type":"Feature","geometry":{"type":"Point","coordinates":[-51.666665999999964,-19.14833299999998]},"properties":{"well_id":"3500023325","municipality":"Cassilândia","hydro_unit":"Grupo Bauru","domain":"Granular","layer_code":"T04","layer_name":"Evidência hidrogeológica datada","latest_evidence_date":"1985-01-01","latest_evidence_age_years":41.657255111330144,"dated_domains_n":1,"time_series_status":"UNKNOWN_SERIE_TEMPORAL_NAO_ADQUIRIDA"}},{"type":"Feature","geometry":{"type":"Point","coordinates":[-54.819721999999956,-22.633610999999974]},"properties":{"well_id":"3500022695","municipality":"Caarapó","hydro_unit":"Grupo Caiuá","domain":"Granular","layer_code":"T04","layer_name":"Evidência hidrogeológica datada","latest_evidence_date":"1989-05-07","latest_evidence_age_years":37.31219669123938,"dated_domains_n":1,"time_series_status":"UNKNOWN_SERIE_TEMPORAL_NAO_ADQUIRIDA"}},{"type":"Feature","geometry":{"type":"Point","coordinates":[-51.708054999999945,-20.78888799999993]},"properties":{"well_id":"3500022985","municipality":"Três Lagoas","hydro_unit":"Grupo Caiuá","domain":"Granular","layer_code":"T04","layer_name":"Evidência hidrogeológica datada","latest_evidence_date":"2003-05-25","latest_evidence_age_years":23.263995838381348,"dated_domains_n":1,"time_series_status":"UNKNOWN_SERIE_TEMPORAL_NAO_ADQUIRIDA"}},{"type":"Feature","geometry":{"type":"Point","coordinates":[-55.041665999999964,-19.436387999999965]},"properties":{"well_id":"3500022999","municipality":"Rio Negro","hydro_unit":"Formação Furnas","domain":"Granular","layer_code":"T04","layer_name":"Evidência hidrogeológica datada","latest_evidence_date":"1989-07-15","latest_evidence_age_years":37.12328110775717,"dated_domains_n":1,"time_series_status":"UNKNOWN_SERIE_TEMPORAL_NAO_ADQUIRIDA"}},{"type":"Feature","geometry":{"type":"Point","coordinates":[-54.037221999999986,-19.589165999999977]},"properties":{"well_id":"3500023252","municipality":"Camapuã","hydro_unit":"Formação Serra Geral","domain":"Fraturada","layer_code":"T04","layer_name":"Evidência hidrogeológica datada","latest_evidence_date":"1988-03-25","latest_evidence_age_years":38.42926275009069,"dated_domains_n":1,"time_series_status":"UNKNOWN_SERIE_TEMPORAL_NAO_ADQUIRIDA"}},{"type":"Feature","geometry":{"type":"Point","coordinates":[-54.651666999999975,-20.053332999999952]},"properties":{"well_id":"3500067497","municipality":"Jaraguari","hydro_unit":"Formação Serra Geral","domain":"Fraturada","layer_code":"T04","layer_name":"Evidência hidrogeológica datada","latest_evidence_date":"2017-04-02","latest_evidence_age_years":9.407448476012512,"dated_domains_n":1,"time_series_status":"UNKNOWN_SERIE_TEMPORAL_NAO_ADQUIRIDA"}},{"type":"Feature","geometry":{"type":"Point","coordinates":[-53.72638899999998,-20.27444399999996]},"properties":{"well_id":"3500067701","municipality":"Ribas do Rio Pardo","hydro_unit":"Grupo Caiuá","domain":"Granular","layer_code":"T04","layer_name":"Evidência hidrogeológica datada","latest_evidence_date":"2018-07-22","latest_evidence_age_years":8.104204740685983,"dated_domains_n":1,"time_series_status":"UNKNOWN_SERIE_TEMPORAL_NAO_ADQUIRIDA"}},{"type":"Feature","geometry":{"type":"Point","coordinates":[-55.00583299999994,-20.690277999999978]},"properties":{"well_id":"3500030644","municipality":"Terenos","hydro_unit":"Formação Serra Geral","domain":"Fraturada","layer_code":"T04","layer_name":"Evidência hidrogeológica datada","latest_evidence_date":"2008-05-01","latest_evidence_age_years":18.32754950478107,"dated_domains_n":1,"time_series_status":"UNKNOWN_SERIE_TEMPORAL_NAO_ADQUIRIDA"}},{"type":"Feature","geometry":{"type":"Point","coordinates":[-54.550277999999935,-20.443610999999976]},"properties":{"well_id":"3500045685","municipality":"Campo Grande","hydro_unit":"Formação Serra Geral","domain":"Fraturada","layer_code":"T04","layer_name":"Evidência hidrogeológica datada","latest_evidence_date":"2001-08-02","latest_evidence_age_years":25.07375237000075,"dated_domains_n":1,"time_series_status":"UNKNOWN_SERIE_TEMPORAL_NAO_ADQUIRIDA"}},{"type":"Feature","geometry":{"type":"Point","coordinates":[-56.27277799999996,-20.00416699999994]},"properties":{"well_id":"3500053080","municipality":"Miranda","hydro_unit":"Formação Pantanal","domain":"Granular","layer_code":"T04","layer_name":"Evidência hidrogeológica datada","latest_evidence_date":"2009-01-01","latest_evidence_age_years":17.656762288068887,"dated_domains_n":1,"time_series_status":"UNKNOWN_SERIE_TEMPORAL_NAO_ADQUIRIDA"}},{"type":"Feature","geometry":{"type":"Point","coordinates":[-54.03666599999997,-19.58888799999994]},"properties":{"well_id":"3500022602","municipality":"Camapuã","hydro_unit":"Formação Serra Geral","domain":"Fraturada","layer_code":"T04","layer_name":"Evidência hidrogeológica datada","latest_evidence_date":"1989-02-02","latest_evidence_age_years":37.5695599498963,"dated_domains_n":1,"time_series_status":"UNKNOWN_SERIE_TEMPORAL_NAO_ADQUIRIDA"}},{"type":"Feature","geometry":{"type":"Point","coordinates":[-54.81222199999996,-22.639165999999932]},"properties":{"well_id":"3500022692","municipality":"Caarapó","hydro_unit":"Grupo Caiuá","domain":"Granular","layer_code":"T04","layer_name":"Evidência hidrogeológica datada","latest_evidence_date":"1980-10-22","latest_evidence_age_years":45.851728646036534,"dated_domains_n":1,"time_series_status":"UNKNOWN_SERIE_TEMPORAL_NAO_ADQUIRIDA"}},{"type":"Feature","geometry":{"type":"Point","coordinates":[-54.948887999999954,-20.938332999999943]},"properties":{"well_id":"3500022811","municipality":"Sidrolândia","hydro_unit":"Formação Serra Geral","domain":"Fraturada","layer_code":"T04","layer_name":"Evidência hidrogeológica datada","latest_evidence_date":"2001-08-02","latest_evidence_age_years":25.07375237000075,"dated_domains_n":1,"time_series_status":"UNKNOWN_SERIE_TEMPORAL_NAO_ADQUIRIDA"}},{"type":"Feature","geometry":{"type":"Point","coordinates":[-54.63416599999994,-20.414999999999964]},"properties":{"well_id":"3500022940","municipality":"Campo Grande","hydro_unit":"Formação Serra Geral","domain":"Fraturada","layer_code":"T04","layer_name":"Evidência hidrogeológica datada","latest_evidence_date":"1998-01-06","latest_evidence_age_years":28.643983107113765,"dated_domains_n":1,"time_series_status":"UNKNOWN_SERIE_TEMPORAL_NAO_ADQUIRIDA"}},{"type":"Feature","geometry":{"type":"Point","coordinates":[-54.62805499999996,-20.480276999999944]},"properties":{"well_id":"3500022475","municipality":"Campo Grande","hydro_unit":"Formação Serra Geral","domain":"Fraturada","layer_code":"T04","layer_name":"Evidência hidrogeológica datada","latest_evidence_date":"1993-08-24","latest_evidence_age_years":33.01368269026742,"dated_domains_n":1,"time_series_status":"UNKNOWN_SERIE_TEMPORAL_NAO_ADQUIRIDA"}},{"type":"Feature","geometry":{"type":"Point","coordinates":[-54.551387999999974,-20.47194399999995]},"properties":{"well_id":"3500022479","municipality":"Campo Grande","hydro_unit":"Formação Serra Geral","domain":"Fraturada","layer_code":"T04","layer_name":"Evidência hidrogeológica datada","latest_evidence_date":"1994-02-22","latest_evidence_age_years":32.515383614995514,"dated_domains_n":1,"time_series_status":"UNKNOWN_SERIE_TEMPORAL_NAO_ADQUIRIDA"}},{"type":"Feature","geometry":{"type":"Point","coordinates":[-54.56777699999998,-20.393887999999947]},"properties":{"well_id":"3500022489","municipality":"Campo Grande","hydro_unit":"Formação Serra Geral","domain":"Fraturada","layer_code":"T04","layer_name":"Evidência hidrogeológica datada","latest_evidence_date":"1997-02-21","latest_evidence_age_years":29.5173754423431,"dated_domains_n":1,"time_series_status":"UNKNOWN_SERIE_TEMPORAL_NAO_ADQUIRIDA"}},{"type":"Feature","geometry":{"type":"Point","coordinates":[-54.57444399999997,-20.428610999999933]},"properties":{"well_id":"3500022505","municipality":"Campo Grande","hydro_unit":"Formação Serra Geral","domain":"Fraturada","layer_code":"T04","layer_name":"Evidência hidrogeológica datada","latest_evidence_date":"1997-04-28","latest_evidence_age_years":29.336673579881857,"dated_domains_n":1,"time_series_status":"UNKNOWN_SERIE_TEMPORAL_NAO_ADQUIRIDA"}},{"type":"Feature","geometry":{"type":"Point","coordinates":[-54.67277699999994,-20.537499999999966]},"properties":{"well_id":"3500022509","municipality":"Campo Grande","hydro_unit":"Formação Serra Geral","domain":"Fraturada","layer_code":"T04","layer_name":"Evidência hidrogeológica datada","latest_evidence_date":"1989-04-22","latest_evidence_age_years":37.35326529634421,"dated_domains_n":1,"time_series_status":"UNKNOWN_SERIE_TEMPORAL_NAO_ADQUIRIDA"}},{"type":"Feature","geometry":{"type":"Point","coordinates":[-54.56888799999996,-20.42111099999994]},"properties":{"well_id":"3500022527","municipality":"Campo Grande","hydro_unit":"Formação Serra Geral","domain":"Fraturada","layer_code":"T04","layer_name":"Evidência hidrogeológica datada","latest_evidence_date":"1984-05-30","latest_evidence_age_years":42.24864302483966,"dated_domains_n":1,"time_series_status":"UNKNOWN_SERIE_TEMPORAL_NAO_ADQUIRIDA"}},{"type":"Feature","geometry":{"type":"Point","coordinates":[-53.354443999999944,-22.487221999999974]},"properties":{"well_id":"3500022558","municipality":"Taquarussu","hydro_unit":"Grupo Caiuá","domain":"Granular","layer_code":"T04","layer_name":"Evidência hidrogeológica datada","latest_evidence_date":"2001-05-27","latest_evidence_age_years":25.257192139468984,"dated_domains_n":1,"time_series_status":"UNKNOWN_SERIE_TEMPORAL_NAO_ADQUIRIDA"}},{"type":"Feature","geometry":{"type":"Point","coordinates":[-51.92249999999996,-19.72388799999993]},"properties":{"well_id":"3500022573","municipality":"Inocência","hydro_unit":"Grupo Bauru","domain":"Granular","layer_code":"T04","layer_name":"Evidência hidrogeológica datada","latest_evidence_date":"1989-04-05","latest_evidence_age_years":37.399809715463014,"dated_domains_n":1,"time_series_status":"UNKNOWN_SERIE_TEMPORAL_NAO_ADQUIRIDA"}},{"type":"Feature","geometry":{"type":"Point","coordinates":[-51.66888799999998,-20.79694399999994]},"properties":{"well_id":"3500022577","municipality":"Três Lagoas","hydro_unit":"Grupo Caiuá","domain":"Granular","layer_code":"T04","layer_name":"Evidência hidrogeológica datada","latest_evidence_date":"1978-01-22","latest_evidence_age_years":48.600587281052995,"dated_domains_n":1,"time_series_status":"UNKNOWN_SERIE_TEMPORAL_NAO_ADQUIRIDA"}},{"type":"Feature","geometry":{"type":"Point","coordinates":[-54.75055499999996,-17.586387999999943]},"properties":{"well_id":"3500022603","municipality":"Sonora","hydro_unit":"Formação Furnas","domain":"Granular","layer_code":"T04","layer_name":"Evidência hidrogeológica datada","latest_evidence_date":"2000-07-21","latest_evidence_age_years":26.10594331163542,"dated_domains_n":1,"time_series_status":"UNKNOWN_SERIE_TEMPORAL_NAO_ADQUIRIDA"}},{"type":"Feature","geometry":{"type":"Point","coordinates":[-54.75083299999994,-17.584165999999982]},"properties":{"well_id":"3500022605","municipality":"Sonora","hydro_unit":"Formação Furnas","domain":"Granular","layer_code":"T04","layer_name":"Evidência hidrogeológica datada","latest_evidence_date":"1999-05-14","latest_evidence_age_years":27.29419495266843,"dated_domains_n":1,"time_series_status":"UNKNOWN_SERIE_TEMPORAL_NAO_ADQUIRIDA"}},{"type":"Feature","geometry":{"type":"Point","coordinates":[-54.634721999999954,-22.85694399999994]},"properties":{"well_id":"3500022628","municipality":"Juti","hydro_unit":"Formação Serra Geral","domain":"Fraturada","layer_code":"T04","layer_name":"Evidência hidrogeológica datada","latest_evidence_date":"1984-05-13","latest_evidence_age_years":42.29518744395847,"dated_domains_n":1,"time_series_status":"UNKNOWN_SERIE_TEMPORAL_NAO_ADQUIRIDA"}},{"type":"Feature","geometry":{"type":"Point","coordinates":[-54.81722199999996,-22.631943999999976]},"properties":{"well_id":"3500022630","municipality":"Caarapó","hydro_unit":"Grupo Caiuá","domain":"Granular","layer_code":"T04","layer_name":"Evidência hidrogeológica datada","latest_evidence_date":"1978-08-21","latest_evidence_age_years":48.02288890257842,"dated_domains_n":1,"time_series_status":"UNKNOWN_SERIE_TEMPORAL_NAO_ADQUIRIDA"}},{"type":"Feature","geometry":{"type":"Point","coordinates":[-54.82944399999997,-22.636387999999954]},"properties":{"well_id":"3500022632","municipality":"Caarapó","hydro_unit":"Grupo Caiuá","domain":"Granular","layer_code":"T04","layer_name":"Evidência hidrogeológica datada","latest_evidence_date":"2003-03-02","latest_evidence_age_years":23.493980026968384,"dated_domains_n":1,"time_series_status":"UNKNOWN_SERIE_TEMPORAL_NAO_ADQUIRIDA"}},{"type":"Feature","geometry":{"type":"Point","coordinates":[-54.592776999999955,-20.51388799999995]},"properties":{"well_id":"3500022948","municipality":"Campo Grande","hydro_unit":"Formação Serra Geral","domain":"Fraturada","layer_code":"T04","layer_name":"Evidência hidrogeológica datada","latest_evidence_date":"1996-10-20","latest_evidence_age_years":29.856875911209674,"dated_domains_n":1,"time_series_status":"UNKNOWN_SERIE_TEMPORAL_NAO_ADQUIRIDA"}},{"type":"Feature","geometry":{"type":"Point","coordinates":[-52.03361099999995,-21.25194399999998]},"properties":{"well_id":"3500022964","municipality":"Brasilândia","hydro_unit":"Grupo Caiuá","domain":"Granular","layer_code":"T04","layer_name":"Evidência hidrogeológica datada","latest_evidence_date":"1978-09-10","latest_evidence_age_years":47.968130762438655,"dated_domains_n":1,"time_series_status":"UNKNOWN_SERIE_TEMPORAL_NAO_ADQUIRIDA"}},{"type":"Feature","geometry":{"type":"Point","coordinates":[-51.74388799999997,-20.78361099999995]},"properties":{"well_id":"3500023018","municipality":"Três Lagoas","hydro_unit":"Grupo Caiuá","domain":"Granular","layer_code":"T04","layer_name":"Evidência hidrogeológica datada","latest_evidence_date":"1981-10-23","latest_evidence_age_years":44.84965468147874,"dated_domains_n":1,"time_series_status":"UNKNOWN_SERIE_TEMPORAL_NAO_ADQUIRIDA"}},{"type":"Feature","geometry":{"type":"Point","coordinates":[-54.54416699999996,-18.09944399999995]},"properties":{"well_id":"3500027040","municipality":"Pedro Gomes","hydro_unit":"Formação Ponta Grossa","domain":"Granular","layer_code":"T04","layer_name":"Evidência hidrogeológica datada","latest_evidence_date":"2009-08-27","latest_evidence_age_years":17.00514042040562,"dated_domains_n":1,"time_series_status":"UNKNOWN_SERIE_TEMPORAL_NAO_ADQUIRIDA"}},{"type":"Feature","geometry":{"type":"Point","coordinates":[-54.310832999999946,-22.476388999999983]},"properties":{"well_id":"3500027092","municipality":"Jateí","hydro_unit":"Grupo Caiuá","domain":"Granular","layer_code":"T04","layer_name":"Evidência hidrogeológica datada","latest_evidence_date":"2008-07-10","latest_evidence_age_years":18.135896014291873,"dated_domains_n":1,"time_series_status":"UNKNOWN_SERIE_TEMPORAL_NAO_ADQUIRIDA"}},{"type":"Feature","geometry":{"type":"Point","coordinates":[-52.71833299999997,-22.178332999999952]},"properties":{"well_id":"3500023178","municipality":"Anaurilândia","hydro_unit":"Grupo Caiuá","domain":"Granular","layer_code":"T04","layer_name":"Evidência hidrogeológica datada","latest_evidence_date":"1992-07-16","latest_evidence_age_years":34.119797121090784,"dated_domains_n":1,"time_series_status":"UNKNOWN_SERIE_TEMPORAL_NAO_ADQUIRIDA"}},{"type":"Feature","geometry":{"type":"Point","coordinates":[-55.97361099999995,-21.25333299999994]},"properties":{"well_id":"3500023344","municipality":"Nioaque","hydro_unit":"Formação Botucatu","domain":"Granular","layer_code":"T04","layer_name":"Evidência hidrogeológica datada","latest_evidence_date":"1985-03-19","latest_evidence_age_years":41.44643627179203,"dated_domains_n":1,"time_series_status":"UNKNOWN_SERIE_TEMPORAL_NAO_ADQUIRIDA"}},{"type":"Feature","geometry":{"type":"Point","coordinates":[-55.226943999999946,-23.104443999999944]},"properties":{"well_id":"3500023139","municipality":"Amambai","hydro_unit":"Formação Serra Geral","domain":"Fraturada","layer_code":"T04","layer_name":"Evidência hidrogeológica datada","latest_evidence_date":"1987-11-28","latest_evidence_age_years":38.75233577691534,"dated_domains_n":1,"time_series_status":"UNKNOWN_SERIE_TEMPORAL_NAO_ADQUIRIDA"}},{"type":"Feature","geometry":{"type":"Point","coordinates":[-55.23055499999998,-23.10694399999994]},"properties":{"well_id":"3500023137","municipality":"Amambai","hydro_unit":"Formação Serra Geral","domain":"Fraturada","layer_code":"T04","layer_name":"Evidência hidrogeológica datada","latest_evidence_date":"1978-11-11","latest_evidence_age_years":47.79838052800537,"dated_domains_n":1,"time_series_status":"UNKNOWN_SERIE_TEMPORAL_NAO_ADQUIRIDA"}},{"type":"Feature","geometry":{"type":"Point","coordinates":[-54.62722199999996,-19.881943999999976]},"properties":{"well_id":"3500023219","municipality":"Rochedo","hydro_unit":"Formação Serra Geral","domain":"Fraturada","layer_code":"T04","layer_name":"Evidência hidrogeológica datada","latest_evidence_date":"1997-08-14","latest_evidence_age_years":29.0409796231271,"dated_domains_n":1,"time_series_status":"UNKNOWN_SERIE_TEMPORAL_NAO_ADQUIRIDA"}},{"type":"Feature","geometry":{"type":"Point","coordinates":[-54.038610999999946,-19.559999999999945]},"properties":{"well_id":"3500023246","municipality":"Camapuã","hydro_unit":"Formação Botucatu","domain":"Granular","layer_code":"T04","layer_name":"Evidência hidrogeológica datada","latest_evidence_date":"1989-01-23","latest_evidence_age_years":37.596939019966186,"dated_domains_n":1,"time_series_status":"UNKNOWN_SERIE_TEMPORAL_NAO_ADQUIRIDA"}},{"type":"Feature","geometry":{"type":"Point","coordinates":[-51.09944399999995,-20.084443999999962]},"properties":{"well_id":"3500023315","municipality":"Aparecida do Taboado","hydro_unit":"Grupo Caiuá","domain":"Granular","layer_code":"T04","layer_name":"Evidência hidrogeológica datada","latest_evidence_date":"1978-10-05","latest_evidence_age_years":47.89968308726394,"dated_domains_n":1,"time_series_status":"UNKNOWN_SERIE_TEMPORAL_NAO_ADQUIRIDA"}},{"type":"Feature","geometry":{"type":"Point","coordinates":[-51.028332999999975,-20.09499999999997]},"properties":{"well_id":"3500023320","municipality":"Aparecida do Taboado","hydro_unit":"Grupo Caiuá","domain":"Granular","layer_code":"T04","layer_name":"Evidência hidrogeológica datada","latest_evidence_date":"1983-10-23","latest_evidence_age_years":42.850982566377134,"dated_domains_n":1,"time_series_status":"UNKNOWN_SERIE_TEMPORAL_NAO_ADQUIRIDA"}},{"type":"Feature","geometry":{"type":"Point","coordinates":[-54.58527699999996,-20.472499999999968]},"properties":{"well_id":"3500022486","municipality":"Campo Grande","hydro_unit":"Formação Serra Geral","domain":"Fraturada","layer_code":"T04","layer_name":"Evidência hidrogeológica datada","latest_evidence_date":"1996-05-27","latest_evidence_age_years":30.256610334229997,"dated_domains_n":1,"time_series_status":"UNKNOWN_SERIE_TEMPORAL_NAO_ADQUIRIDA"}},{"type":"Feature","geometry":{"type":"Point","coordinates":[-54.59666599999997,-20.415554999999927]},"properties":{"well_id":"3500022522","municipality":"Campo Grande","hydro_unit":"Formação Serra Geral","domain":"Fraturada","layer_code":"T04","layer_name":"Evidência hidrogeológica datada","latest_evidence_date":"1995-07-04","latest_evidence_age_years":31.15464383252223,"dated_domains_n":1,"time_series_status":"UNKNOWN_SERIE_TEMPORAL_NAO_ADQUIRIDA"}},{"type":"Feature","geometry":{"type":"Point","coordinates":[-54.82444399999997,-22.642499999999927]},"properties":{"well_id":"3500022693","municipality":"Caarapó","hydro_unit":"Grupo Caiuá","domain":"Granular","layer_code":"T04","layer_name":"Evidência hidrogeológica datada","latest_evidence_date":"1984-07-11","latest_evidence_age_years":42.133650930546146,"dated_domains_n":1,"time_series_status":"UNKNOWN_SERIE_TEMPORAL_NAO_ADQUIRIDA"}},{"type":"Feature","geometry":{"type":"Point","coordinates":[-54.552776999999935,-21.79499999999996]},"properties":{"well_id":"3500022872","municipality":"Rio Brilhante","hydro_unit":"Formação Serra Geral","domain":"Fraturada","layer_code":"T04","layer_name":"Evidência hidrogeológica datada","latest_evidence_date":"1986-02-14","latest_evidence_age_years":40.53745114547184,"dated_domains_n":1,"time_series_status":"UNKNOWN_SERIE_TEMPORAL_NAO_ADQUIRIDA"}},{"type":"Feature","geometry":{"type":"Point","coordinates":[-54.70388899999995,-20.454999999999927]},"properties":{"well_id":"3500065098","municipality":"Campo Grande","hydro_unit":"Formação Serra Geral","domain":"Fraturada","layer_code":"T04","layer_name":"Evidência hidrogeológica datada","latest_evidence_date":"2019-09-05","latest_evidence_age_years":6.9816628678206945,"dated_domains_n":1,"time_series_status":"UNKNOWN_SERIE_TEMPORAL_NAO_ADQUIRIDA"}},{"type":"Feature","geometry":{"type":"Point","coordinates":[-54.56499999999994,-23.66972199999998]},"properties":{"well_id":"3500026840","municipality":"Iguatemi","hydro_unit":"Grupo Caiuá","domain":"Granular","layer_code":"T04","layer_name":"Evidência hidrogeológica datada","latest_evidence_date":"2022-11-25","latest_evidence_age_years":3.759146320595221,"dated_domains_n":3,"time_series_status":"UNKNOWN_SERIE_TEMPORAL_NAO_ADQUIRIDA"}},{"type":"Feature","geometry":{"type":"Point","coordinates":[-52.818888999999956,-21.300555999999972]},"properties":{"well_id":"3500029178","municipality":"Santa Rita do Pardo","hydro_unit":"Grupo Caiuá","domain":"Granular","layer_code":"T04","layer_name":"Evidência hidrogeológica datada","latest_evidence_date":"2023-11-28","latest_evidence_age_years":2.7515965420234503,"dated_domains_n":3,"time_series_status":"UNKNOWN_SERIE_TEMPORAL_NAO_ADQUIRIDA"}},{"type":"Feature","geometry":{"type":"Point","coordinates":[-54.623332999999946,-20.42111099999994]},"properties":{"well_id":"3500022494","municipality":"Campo Grande","hydro_unit":"Formação Serra Geral","domain":"Fraturada","layer_code":"T04","layer_name":"Evidência hidrogeológica datada","latest_evidence_date":"1984-01-02","latest_evidence_age_years":42.65659116888095,"dated_domains_n":1,"time_series_status":"UNKNOWN_SERIE_TEMPORAL_NAO_ADQUIRIDA"}},{"type":"Feature","geometry":{"type":"Point","coordinates":[-54.636665999999934,-20.460276999999962]},"properties":{"well_id":"3500022511","municipality":"Campo Grande","hydro_unit":"Formação Serra Geral","domain":"Fraturada","layer_code":"T04","layer_name":"Evidência hidrogeológica datada","latest_evidence_date":"1995-11-26","latest_evidence_age_years":30.757647316508894,"dated_domains_n":1,"time_series_status":"UNKNOWN_SERIE_TEMPORAL_NAO_ADQUIRIDA"}},{"type":"Feature","geometry":{"type":"Point","coordinates":[-53.26444399999997,-22.300554999999974]},"properties":{"well_id":"3500022539","municipality":"Batayporã","hydro_unit":"Grupo Caiuá","domain":"Granular","layer_code":"T04","layer_name":"Evidência hidrogeológica datada","latest_evidence_date":"2001-07-10","latest_evidence_age_years":25.136724231161487,"dated_domains_n":1,"time_series_status":"UNKNOWN_SERIE_TEMPORAL_NAO_ADQUIRIDA"}},{"type":"Feature","geometry":{"type":"Point","coordinates":[-53.34055499999994,-22.254443999999978]},"properties":{"well_id":"3500022553","municipality":"Nova Andradina","hydro_unit":"Grupo Caiuá","domain":"Granular","layer_code":"T04","layer_name":"Evidência hidrogeológica datada","latest_evidence_date":"1981-08-05","latest_evidence_age_years":45.06594933503084,"dated_domains_n":1,"time_series_status":"UNKNOWN_SERIE_TEMPORAL_NAO_ADQUIRIDA"}},{"type":"Feature","geometry":{"type":"Point","coordinates":[-54.74444399999999,-18.51194399999997]},"properties":{"well_id":"3500022592","municipality":"Coxim","hydro_unit":"Formação Furnas","domain":"Granular","layer_code":"T04","layer_name":"Evidência hidrogeológica datada","latest_evidence_date":"2000-04-04","latest_evidence_age_years":26.40163726839018,"dated_domains_n":1,"time_series_status":"UNKNOWN_SERIE_TEMPORAL_NAO_ADQUIRIDA"}},{"type":"Feature","geometry":{"type":"Point","coordinates":[-54.04305499999998,-19.528332999999975]},"properties":{"well_id":"3500022601","municipality":"Camapuã","hydro_unit":"Formação Botucatu","domain":"Granular","layer_code":"T04","layer_name":"Evidência hidrogeológica datada","latest_evidence_date":"2003-02-02","latest_evidence_age_years":23.570641423164062,"dated_domains_n":1,"time_series_status":"UNKNOWN_SERIE_TEMPORAL_NAO_ADQUIRIDA"}},{"type":"Feature","geometry":{"type":"Point","coordinates":[-54.84722199999993,-18.923887999999977]},"properties":{"well_id":"3500022612","municipality":"Rio Verde de Mato Grosso","hydro_unit":"Formação Ponta Grossa","domain":"Granular","layer_code":"T04","layer_name":"Evidência hidrogeológica datada","latest_evidence_date":"2000-08-17","latest_evidence_age_years":26.03201982244673,"dated_domains_n":1,"time_series_status":"UNKNOWN_SERIE_TEMPORAL_NAO_ADQUIRIDA"}},{"type":"Feature","geometry":{"type":"Point","coordinates":[-52.55249999999995,-21.76222199999995]},"properties":{"well_id":"3500022616","municipality":"Bataguassu","hydro_unit":"Grupo Caiuá","domain":"Granular","layer_code":"T04","layer_name":"Evidência hidrogeológica datada","latest_evidence_date":"2002-02-02","latest_evidence_age_years":24.56997748071487,"dated_domains_n":1,"time_series_status":"UNKNOWN_SERIE_TEMPORAL_NAO_ADQUIRIDA"}},{"type":"Feature","geometry":{"type":"Point","coordinates":[-53.77249999999998,-22.15972199999993]},"properties":{"well_id":"3500022647","municipality":"Angélica","hydro_unit":"Grupo Caiuá","domain":"Granular","layer_code":"T04","layer_name":"Evidência hidrogeológica datada","latest_evidence_date":"1981-10-20","latest_evidence_age_years":44.85786840249971,"dated_domains_n":1,"time_series_status":"UNKNOWN_SERIE_TEMPORAL_NAO_ADQUIRIDA"}},{"type":"Feature","geometry":{"type":"Point","coordinates":[-56.447776999999974,-21.24249999999995]},"properties":{"well_id":"3500022660","municipality":"Bonito","hydro_unit":"Grupo Cuiaba","domain":"Fraturada","layer_code":"T04","layer_name":"Evidência hidrogeológica datada","latest_evidence_date":"2004-04-04","latest_evidence_age_years":22.40155513117997,"dated_domains_n":1,"time_series_status":"UNKNOWN_SERIE_TEMPORAL_NAO_ADQUIRIDA"}},{"type":"Feature","geometry":{"type":"Point","coordinates":[-55.62722199999996,-22.771110999999962]},"properties":{"well_id":"3500022667","municipality":"Aral Moreira","hydro_unit":"Formação Serra Geral","domain":"Fraturada","layer_code":"T04","layer_name":"Evidência hidrogeológica datada","latest_evidence_date":"1981-02-02","latest_evidence_age_years":45.56972422431672,"dated_domains_n":1,"time_series_status":"UNKNOWN_SERIE_TEMPORAL_NAO_ADQUIRIDA"}},{"type":"Feature","geometry":{"type":"Point","coordinates":[-53.33666599999998,-22.23111099999994]},"properties":{"well_id":"3500022677","municipality":"Nova Andradina","hydro_unit":"Grupo Caiuá","domain":"Granular","layer_code":"T04","layer_name":"Evidência hidrogeológica datada","latest_evidence_date":"2000-08-26","latest_evidence_age_years":26.007378659383832,"dated_domains_n":1,"time_series_status":"UNKNOWN_SERIE_TEMPORAL_NAO_ADQUIRIDA"}},{"type":"Feature","geometry":{"type":"Point","coordinates":[-54.29222199999998,-23.924721999999974]},"properties":{"well_id":"3500022717","municipality":"Mundo Novo","hydro_unit":"Grupo Caiuá","domain":"Granular","layer_code":"T04","layer_name":"Evidência hidrogeológica datada","latest_evidence_date":"1987-08-25","latest_evidence_age_years":39.01243694257924,"dated_domains_n":1,"time_series_status":"UNKNOWN_SERIE_TEMPORAL_NAO_ADQUIRIDA"}},{"type":"Feature","geometry":{"type":"Point","coordinates":[-55.811665999999946,-20.47472199999993]},"properties":{"well_id":"3500022756","municipality":"Anastácio","hydro_unit":"Formação Aquidauana","domain":"Granular","layer_code":"T04","layer_name":"Evidência hidrogeológica datada","latest_evidence_date":"1978-05-05","latest_evidence_age_years":48.31858285933318,"dated_domains_n":1,"time_series_status":"UNKNOWN_SERIE_TEMPORAL_NAO_ADQUIRIDA"}},{"type":"Feature","geometry":{"type":"Point","coordinates":[-57.028332999999975,-22.01277699999997]},"properties":{"well_id":"3500022778","municipality":"Caracol","hydro_unit":"Embasamento Indiferenciado","domain":"Fraturada","layer_code":"T04","layer_name":"Evidência hidrogeológica datada","latest_evidence_date":"1984-09-19","latest_evidence_age_years":41.941997440056944,"dated_domains_n":1,"time_series_status":"UNKNOWN_SERIE_TEMPORAL_NAO_ADQUIRIDA"}},{"type":"Feature","geometry":{"type":"Point","coordinates":[-57.02166599999998,-22.011387999999954]},"properties":{"well_id":"3500022782","municipality":"Caracol","hydro_unit":"Embasamento Indiferenciado","domain":"Fraturada","layer_code":"T04","layer_name":"Evidência hidrogeológica datada","latest_evidence_date":"2002-01-02","latest_evidence_age_years":24.654852597931512,"dated_domains_n":1,"time_series_status":"UNKNOWN_SERIE_TEMPORAL_NAO_ADQUIRIDA"}},{"type":"Feature","geometry":{"type":"Point","coordinates":[-55.27083299999998,-20.688332999999943]},"properties":{"well_id":"3500022788","municipality":"Dois Irmãos do Buriti","hydro_unit":"Formação Serra Geral","domain":"Fraturada","layer_code":"T04","layer_name":"Evidência hidrogeológica datada","latest_evidence_date":"2003-01-02","latest_evidence_age_years":23.655516540380706,"dated_domains_n":1,"time_series_status":"UNKNOWN_SERIE_TEMPORAL_NAO_ADQUIRIDA"}},{"type":"Feature","geometry":{"type":"Point","coordinates":[-56.14166599999999,-21.486387999999977]},"properties":{"well_id":"3500022791","municipality":"Jardim","hydro_unit":"Formação Aquidauana","domain":"Granular","layer_code":"T04","layer_name":"Evidência hidrogeológica datada","latest_evidence_date":"1975-01-02","latest_evidence_age_years":51.65609150085217,"dated_domains_n":1,"time_series_status":"UNKNOWN_SERIE_TEMPORAL_NAO_ADQUIRIDA"}},{"type":"Feature","geometry":{"type":"Point","coordinates":[-56.90194399999996,-20.53472199999993]},"properties":{"well_id":"3500022794","municipality":"Bodoquena","hydro_unit":"Grupo Corumbá","domain":"Cárstica","layer_code":"T04","layer_name":"Evidência hidrogeológica datada","latest_evidence_date":"1988-07-25","latest_evidence_age_years":38.095238095238095,"dated_domains_n":1,"time_series_status":"UNKNOWN_SERIE_TEMPORAL_NAO_ADQUIRIDA"}},{"type":"Feature","geometry":{"type":"Point","coordinates":[-56.89916599999998,-20.533887999999934]},"properties":{"well_id":"3500022796","municipality":"Bodoquena","hydro_unit":"Grupo Corumbá","domain":"Cárstica","layer_code":"T04","layer_name":"Evidência hidrogeológica datada","latest_evidence_date":"1987-05-13","latest_evidence_age_years":39.29717927130605,"dated_domains_n":1,"time_series_status":"UNKNOWN_SERIE_TEMPORAL_NAO_ADQUIRIDA"}},{"type":"Feature","geometry":{"type":"Point","coordinates":[-55.39583299999998,-20.12833299999994]},"properties":{"well_id":"3500022797","municipality":"Aquidauana","hydro_unit":"Formação Aquidauana","domain":"Granular","layer_code":"T04","layer_name":"Evidência hidrogeológica datada","latest_evidence_date":"1984-05-05","latest_evidence_age_years":42.317090700014376,"dated_domains_n":1,"time_series_status":"UNKNOWN_SERIE_TEMPORAL_NAO_ADQUIRIDA"}},{"type":"Feature","geometry":{"type":"Point","coordinates":[-55.424999999999955,-20.45333299999993]},"properties":{"well_id":"3500022802","municipality":"Dois Irmãos do Buriti","hydro_unit":"Formação Aquidauana","domain":"Granular","layer_code":"T04","layer_name":"Evidência hidrogeológica datada","latest_evidence_date":"1992-07-13","latest_evidence_age_years":34.12801084211175,"dated_domains_n":1,"time_series_status":"UNKNOWN_SERIE_TEMPORAL_NAO_ADQUIRIDA"}},{"type":"Feature","geometry":{"type":"Point","coordinates":[-54.86027699999994,-20.44333299999994]},"properties":{"well_id":"3500022818","municipality":"Terenos","hydro_unit":"Formação Serra Geral","domain":"Fraturada","layer_code":"T04","layer_name":"Evidência hidrogeológica datada","latest_evidence_date":"1978-06-04","latest_evidence_age_years":48.236445649123525,"dated_domains_n":1,"time_series_status":"UNKNOWN_SERIE_TEMPORAL_NAO_ADQUIRIDA"}},{"type":"Feature","geometry":{"type":"Point","coordinates":[-54.79222199999998,-22.24361099999993]},"properties":{"well_id":"3500022835","municipality":"Dourados","hydro_unit":"Formação Serra Geral","domain":"Fraturada","layer_code":"T04","layer_name":"Evidência hidrogeológica datada","latest_evidence_date":"1997-05-04","latest_evidence_age_years":29.320246137839927,"dated_domains_n":1,"time_series_status":"UNKNOWN_SERIE_TEMPORAL_NAO_ADQUIRIDA"}},{"type":"Feature","geometry":{"type":"Point","coordinates":[-54.78638799999993,-22.228610999999944]},"properties":{"well_id":"3500022838","municipality":"Dourados","hydro_unit":"Formação Serra Geral","domain":"Fraturada","layer_code":"T04","layer_name":"Evidência hidrogeológica datada","latest_evidence_date":"1981-10-23","latest_evidence_age_years":44.84965468147874,"dated_domains_n":1,"time_series_status":"UNKNOWN_SERIE_TEMPORAL_NAO_ADQUIRIDA"}},{"type":"Feature","geometry":{"type":"Point","coordinates":[-54.50638799999996,-22.085554999999943]},"properties":{"well_id":"3500022878","municipality":"Dourados","hydro_unit":"Formação Serra Geral","domain":"Fraturada","layer_code":"T04","layer_name":"Evidência hidrogeológica datada","latest_evidence_date":"1984-07-01","latest_evidence_age_years":42.16103000061603,"dated_domains_n":1,"time_series_status":"UNKNOWN_SERIE_TEMPORAL_NAO_ADQUIRIDA"}},{"type":"Feature","geometry":{"type":"Point","coordinates":[-54.593054999999936,-20.50555499999996]},"properties":{"well_id":"3500022902","municipality":"Campo Grande","hydro_unit":"Formação Serra Geral","domain":"Fraturada","layer_code":"T04","layer_name":"Evidência hidrogeológica datada","latest_evidence_date":"1997-07-29","latest_evidence_age_years":29.084786135238915,"dated_domains_n":1,"time_series_status":"UNKNOWN_SERIE_TEMPORAL_NAO_ADQUIRIDA"}},{"type":"Feature","geometry":{"type":"Point","coordinates":[-54.623887999999965,-20.534999999999968]},"properties":{"well_id":"3500022907","municipality":"Campo Grande","hydro_unit":"Formação Serra Geral","domain":"Fraturada","layer_code":"T04","layer_name":"Evidência hidrogeológica datada","latest_evidence_date":"1982-01-15","latest_evidence_age_years":44.61967049289171,"dated_domains_n":1,"time_series_status":"UNKNOWN_SERIE_TEMPORAL_NAO_ADQUIRIDA"}},{"type":"Feature","geometry":{"type":"Point","coordinates":[-54.57972199999995,-20.560276999999928]},"properties":{"well_id":"3500022911","municipality":"Campo Grande","hydro_unit":"Formação Serra Geral","domain":"Fraturada","layer_code":"T04","layer_name":"Evidência hidrogeológica datada","latest_evidence_date":"1991-05-18","latest_evidence_age_years":35.283407599060894,"dated_domains_n":1,"time_series_status":"UNKNOWN_SERIE_TEMPORAL_NAO_ADQUIRIDA"}},{"type":"Feature","geometry":{"type":"Point","coordinates":[-54.558610999999985,-20.39055499999995]},"properties":{"well_id":"3500022914","municipality":"Campo Grande","hydro_unit":"Formação Serra Geral","domain":"Fraturada","layer_code":"T04","layer_name":"Evidência hidrogeológica datada","latest_evidence_date":"1998-01-01","latest_evidence_age_years":28.657672642148707,"dated_domains_n":1,"time_series_status":"UNKNOWN_SERIE_TEMPORAL_NAO_ADQUIRIDA"}},{"type":"Feature","geometry":{"type":"Point","coordinates":[-52.72166599999997,-22.191110999999978]},"properties":{"well_id":"3500022932","municipality":"Anaurilândia","hydro_unit":"Grupo Caiuá","domain":"Granular","layer_code":"T04","layer_name":"Evidência hidrogeológica datada","latest_evidence_date":"1997-06-04","latest_evidence_age_years":29.235371020623283,"dated_domains_n":1,"time_series_status":"UNKNOWN_SERIE_TEMPORAL_NAO_ADQUIRIDA"}},{"type":"Feature","geometry":{"type":"Point","coordinates":[-52.72111099999995,-22.182221999999967]},"properties":{"well_id":"3500022933","municipality":"Anaurilândia","hydro_unit":"Grupo Caiuá","domain":"Granular","layer_code":"T04","layer_name":"Evidência hidrogeológica datada","latest_evidence_date":"1974-08-26","latest_evidence_age_years":52.00928150475369,"dated_domains_n":1,"time_series_status":"UNKNOWN_SERIE_TEMPORAL_NAO_ADQUIRIDA"}},{"type":"Feature","geometry":{"type":"Point","coordinates":[-53.78111099999995,-22.14749999999998]},"properties":{"well_id":"3500022935","municipality":"Angélica","hydro_unit":"Grupo Caiuá","domain":"Granular","layer_code":"T04","layer_name":"Evidência hidrogeológica datada","latest_evidence_date":"1996-03-01","latest_evidence_age_years":30.494808243837998,"dated_domains_n":1,"time_series_status":"UNKNOWN_SERIE_TEMPORAL_NAO_ADQUIRIDA"}},{"type":"Feature","geometry":{"type":"Point","coordinates":[-53.77888799999994,-22.156387999999936]},"properties":{"well_id":"3500022939","municipality":"Angélica","hydro_unit":"Grupo Caiuá","domain":"Granular","layer_code":"T04","layer_name":"Evidência hidrogeológica datada","latest_evidence_date":"2001-05-02","latest_evidence_age_years":25.325639814643694,"dated_domains_n":1,"time_series_status":"UNKNOWN_SERIE_TEMPORAL_NAO_ADQUIRIDA"}},{"type":"Feature","geometry":{"type":"Point","coordinates":[-54.65611099999995,-20.456943999999964]},"properties":{"well_id":"3500022944","municipality":"Campo Grande","hydro_unit":"Formação Serra Geral","domain":"Fraturada","layer_code":"T04","layer_name":"Evidência hidrogeológica datada","latest_evidence_date":"1984-10-21","latest_evidence_age_years":41.854384415833316,"dated_domains_n":1,"time_series_status":"UNKNOWN_SERIE_TEMPORAL_NAO_ADQUIRIDA"}},{"type":"Feature","geometry":{"type":"Point","coordinates":[-52.425832999999955,-21.714721999999938]},"properties":{"well_id":"3500022965","municipality":"Bataguassu","hydro_unit":"Grupo Caiuá","domain":"Granular","layer_code":"T04","layer_name":"Evidência hidrogeológica datada","latest_evidence_date":"1978-01-02","latest_evidence_age_years":48.65534542119277,"dated_domains_n":1,"time_series_status":"UNKNOWN_SERIE_TEMPORAL_NAO_ADQUIRIDA"}},{"type":"Feature","geometry":{"type":"Point","coordinates":[-52.039443999999946,-21.257221999999956]},"properties":{"well_id":"3500022988","municipality":"Brasilândia","hydro_unit":"Grupo Caiuá","domain":"Granular","layer_code":"T04","layer_name":"Evidência hidrogeológica datada","latest_evidence_date":"1984-09-26","latest_evidence_age_years":41.922832091008026,"dated_domains_n":1,"time_series_status":"UNKNOWN_SERIE_TEMPORAL_NAO_ADQUIRIDA"}},{"type":"Feature","geometry":{"type":"Point","coordinates":[-54.84722199999993,-18.923887999999977]},"properties":{"well_id":"3500023006","municipality":"Rio Verde de Mato Grosso","hydro_unit":"Formação Ponta Grossa","domain":"Granular","layer_code":"T04","layer_name":"Evidência hidrogeológica datada","latest_evidence_date":"1986-06-30","latest_evidence_age_years":40.165095792521406,"dated_domains_n":1,"time_series_status":"UNKNOWN_SERIE_TEMPORAL_NAO_ADQUIRIDA"}},{"type":"Feature","geometry":{"type":"Point","coordinates":[-53.340832999999975,-22.235832999999957]},"properties":{"well_id":"3500023055","municipality":"Nova Andradina","hydro_unit":"Grupo Caiuá","domain":"Granular","layer_code":"T04","layer_name":"Evidência hidrogeológica datada","latest_evidence_date":"1990-07-07","latest_evidence_age_years":36.14584830626228,"dated_domains_n":1,"time_series_status":"UNKNOWN_SERIE_TEMPORAL_NAO_ADQUIRIDA"}},{"type":"Feature","geometry":{"type":"Point","coordinates":[-57.685832999999946,-19.09916599999997]},"properties":{"well_id":"3500023114","municipality":"Corumbá","hydro_unit":"Embasamento Indiferenciado","domain":"Fraturada","layer_code":"T04","layer_name":"Evidência hidrogeológica datada","latest_evidence_date":"2001-10-10","latest_evidence_age_years":24.884836786518544,"dated_domains_n":1,"time_series_status":"UNKNOWN_SERIE_TEMPORAL_NAO_ADQUIRIDA"}},{"type":"Feature","geometry":{"type":"Point","coordinates":[-57.47249999999997,-19.317776999999978]},"properties":{"well_id":"3500023122","municipality":"Corumbá","hydro_unit":"Grupo Corumbá","domain":"Cárstica","layer_code":"T04","layer_name":"Evidência hidrogeológica datada","latest_evidence_date":"1990-02-02","latest_evidence_age_years":36.570223892345496,"dated_domains_n":1,"time_series_status":"UNKNOWN_SERIE_TEMPORAL_NAO_ADQUIRIDA"}},{"type":"Feature","geometry":{"type":"Point","coordinates":[-55.623332999999946,-22.94944399999997]},"properties":{"well_id":"3500023160","municipality":"Aral Moreira","hydro_unit":"Formação Serra Geral","domain":"Fraturada","layer_code":"T04","layer_name":"Evidência hidrogeológica datada","latest_evidence_date":"1980-03-10","latest_evidence_age_years":46.47049562961594,"dated_domains_n":1,"time_series_status":"UNKNOWN_SERIE_TEMPORAL_NAO_ADQUIRIDA"}},{"type":"Feature","geometry":{"type":"Point","coordinates":[-53.827499999999986,-22.309721999999965]},"properties":{"well_id":"3500026988","municipality":"Ivinhema","hydro_unit":"Grupo Caiuá","domain":"Granular","layer_code":"T04","layer_name":"Evidência hidrogeológica datada","latest_evidence_date":"2009-08-27","latest_evidence_age_years":17.00514042040562,"dated_domains_n":1,"time_series_status":"UNKNOWN_SERIE_TEMPORAL_NAO_ADQUIRIDA"}},{"type":"Feature","geometry":{"type":"Point","coordinates":[-56.32972199999995,-20.009721999999954]},"properties":{"well_id":"3500027009","municipality":"Miranda","hydro_unit":"Grupo Cuiaba","domain":"Fraturada","layer_code":"T04","layer_name":"Evidência hidrogeológica datada","latest_evidence_date":"2009-10-05","latest_evidence_age_years":16.89836204713307,"dated_domains_n":1,"time_series_status":"UNKNOWN_SERIE_TEMPORAL_NAO_ADQUIRIDA"}},{"type":"Feature","geometry":{"type":"Point","coordinates":[-55.11305599999997,-23.124166999999943]},"properties":{"well_id":"3500027014","municipality":"Amambai","hydro_unit":"Grupo Caiuá","domain":"Granular","layer_code":"T04","layer_name":"Evidência hidrogeológica datada","latest_evidence_date":"2009-11-16","latest_evidence_age_years":16.78336995283955,"dated_domains_n":1,"time_series_status":"UNKNOWN_SERIE_TEMPORAL_NAO_ADQUIRIDA"}},{"type":"Feature","geometry":{"type":"Point","coordinates":[-53.850277999999946,-22.64805599999994]},"properties":{"well_id":"3500027034","municipality":"Novo Horizonte do Sul","hydro_unit":"Grupo Caiuá","domain":"Granular","layer_code":"T04","layer_name":"Evidência hidrogeológica datada","latest_evidence_date":"2009-08-27","latest_evidence_age_years":17.00514042040562,"dated_domains_n":1,"time_series_status":"UNKNOWN_SERIE_TEMPORAL_NAO_ADQUIRIDA"}},{"type":"Feature","geometry":{"type":"Point","coordinates":[-54.573332999999934,-23.70111099999997]},"properties":{"well_id":"3500027036","municipality":"Iguatemi","hydro_unit":"Grupo Caiuá","domain":"Granular","layer_code":"T04","layer_name":"Evidência hidrogeológica datada","latest_evidence_date":"2009-08-27","latest_evidence_age_years":17.00514042040562,"dated_domains_n":1,"time_series_status":"UNKNOWN_SERIE_TEMPORAL_NAO_ADQUIRIDA"}},{"type":"Feature","geometry":{"type":"Point","coordinates":[-54.03611099999995,-19.588610999999958]},"properties":{"well_id":"3500027055","municipality":"Camapuã","hydro_unit":"Formação Serra Geral","domain":"Fraturada","layer_code":"T04","layer_name":"Evidência hidrogeológica datada","latest_evidence_date":"2009-08-27","latest_evidence_age_years":17.00514042040562,"dated_domains_n":1,"time_series_status":"UNKNOWN_SERIE_TEMPORAL_NAO_ADQUIRIDA"}},{"type":"Feature","geometry":{"type":"Point","coordinates":[-54.040832999999964,-19.526110999999958]},"properties":{"well_id":"3500027056","municipality":"Camapuã","hydro_unit":"Formação Botucatu","domain":"Granular","layer_code":"T04","layer_name":"Evidência hidrogeológica datada","latest_evidence_date":"2009-08-27","latest_evidence_age_years":17.00514042040562,"dated_domains_n":1,"time_series_status":"UNKNOWN_SERIE_TEMPORAL_NAO_ADQUIRIDA"}},{"type":"Feature","geometry":{"type":"Point","coordinates":[-54.756388999999956,-18.51111099999997]},"properties":{"well_id":"3500027065","municipality":"Coxim","hydro_unit":"Formação Furnas","domain":"Granular","layer_code":"T04","layer_name":"Evidência hidrogeológica datada","latest_evidence_date":"2001-02-13","latest_evidence_age_years":25.5391965611888,"dated_domains_n":1,"time_series_status":"UNKNOWN_SERIE_TEMPORAL_NAO_ADQUIRIDA"}},{"type":"Feature","geometry":{"type":"Point","coordinates":[-51.11499999999995,-20.03388899999993]},"properties":{"well_id":"3500027097","municipality":"Aparecida do Taboado","hydro_unit":"Grupo Bauru","domain":"Granular","layer_code":"T04","layer_name":"Evidência hidrogeológica datada","latest_evidence_date":"2009-08-18","latest_evidence_age_years":17.029781583468516,"dated_domains_n":1,"time_series_status":"UNKNOWN_SERIE_TEMPORAL_NAO_ADQUIRIDA"}},{"type":"Feature","geometry":{"type":"Point","coordinates":[-54.29611099999994,-22.557777999999928]},"properties":{"well_id":"3500027112","municipality":"Jateí","hydro_unit":"Grupo Caiuá","domain":"Granular","layer_code":"T04","layer_name":"Evidência hidrogeológica datada","latest_evidence_date":"2009-08-27","latest_evidence_age_years":17.00514042040562,"dated_domains_n":1,"time_series_status":"UNKNOWN_SERIE_TEMPORAL_NAO_ADQUIRIDA"}},{"type":"Feature","geometry":{"type":"Point","coordinates":[-53.71166699999998,-18.32305599999995]},"properties":{"well_id":"3500027150","municipality":"Alcinópolis","hydro_unit":"Grupo Caiuá","domain":"Granular","layer_code":"T04","layer_name":"Evidência hidrogeológica datada","latest_evidence_date":"2009-08-27","latest_evidence_age_years":17.00514042040562,"dated_domains_n":1,"time_series_status":"UNKNOWN_SERIE_TEMPORAL_NAO_ADQUIRIDA"}},{"type":"Feature","geometry":{"type":"Point","coordinates":[-54.758888999999954,-18.509721999999954]},"properties":{"well_id":"3500027151","municipality":"Coxim","hydro_unit":"Formação Furnas","domain":"Granular","layer_code":"T04","layer_name":"Evidência hidrogeológica datada","latest_evidence_date":"2009-08-27","latest_evidence_age_years":17.00514042040562,"dated_domains_n":1,"time_series_status":"UNKNOWN_SERIE_TEMPORAL_NAO_ADQUIRIDA"}},{"type":"Feature","geometry":{"type":"Point","coordinates":[-54.695832999999936,-22.119166999999948]},"properties":{"well_id":"3500027160","municipality":"Dourados","hydro_unit":"Formação Serra Geral","domain":"Fraturada","layer_code":"T04","layer_name":"Evidência hidrogeológica datada","latest_evidence_date":"2009-08-27","latest_evidence_age_years":17.00514042040562,"dated_domains_n":1,"time_series_status":"UNKNOWN_SERIE_TEMPORAL_NAO_ADQUIRIDA"}},{"type":"Feature","geometry":{"type":"Point","coordinates":[-53.35472199999998,-22.487499999999955]},"properties":{"well_id":"3500027169","municipality":"Taquarussu","hydro_unit":"Grupo Caiuá","domain":"Granular","layer_code":"T04","layer_name":"Evidência hidrogeológica datada","latest_evidence_date":"2009-08-27","latest_evidence_age_years":17.00514042040562,"dated_domains_n":1,"time_series_status":"UNKNOWN_SERIE_TEMPORAL_NAO_ADQUIRIDA"}},{"type":"Feature","geometry":{"type":"Point","coordinates":[-54.67194399999994,-22.18111099999993]},"properties":{"well_id":"3500027197","municipality":"Dourados","hydro_unit":"Formação Serra Geral","domain":"Fraturada","layer_code":"T04","layer_name":"Evidência hidrogeológica datada","latest_evidence_date":"2009-10-06","latest_evidence_age_years":16.89562414012608,"dated_domains_n":1,"time_series_status":"UNKNOWN_SERIE_TEMPORAL_NAO_ADQUIRIDA"}},{"type":"Feature","geometry":{"type":"Point","coordinates":[-55.72916699999996,-22.48194399999994]},"properties":{"well_id":"3500027216","municipality":"Ponta Porã","hydro_unit":"Grupo Caiuá","domain":"Granular","layer_code":"T04","layer_name":"Evidência hidrogeológica datada","latest_evidence_date":"2009-10-06","latest_evidence_age_years":16.89562414012608,"dated_domains_n":1,"time_series_status":"UNKNOWN_SERIE_TEMPORAL_NAO_ADQUIRIDA"}},{"type":"Feature","geometry":{"type":"Point","coordinates":[-55.224999999999966,-23.103610999999944]},"properties":{"well_id":"3500027220","municipality":"Amambai","hydro_unit":"Formação Serra Geral","domain":"Fraturada","layer_code":"T04","layer_name":"Evidência hidrogeológica datada","latest_evidence_date":"2009-10-06","latest_evidence_age_years":16.89562414012608,"dated_domains_n":1,"time_series_status":"UNKNOWN_SERIE_TEMPORAL_NAO_ADQUIRIDA"}},{"type":"Feature","geometry":{"type":"Point","coordinates":[-54.36416699999995,-21.44888899999995]},"properties":{"well_id":"3500027228","municipality":"Nova Alvorada do Sul","hydro_unit":"Formação Serra Geral","domain":"Fraturada","layer_code":"T04","layer_name":"Evidência hidrogeológica datada","latest_evidence_date":"2009-10-06","latest_evidence_age_years":16.89562414012608,"dated_domains_n":1,"time_series_status":"UNKNOWN_SERIE_TEMPORAL_NAO_ADQUIRIDA"}},{"type":"Feature","geometry":{"type":"Point","coordinates":[-54.103332999999964,-23.798610999999937]},"properties":{"well_id":"3500027231","municipality":"Eldorado","hydro_unit":"Grupo Caiuá","domain":"Granular","layer_code":"T04","layer_name":"Evidência hidrogeológica datada","latest_evidence_date":"2009-08-27","latest_evidence_age_years":17.00514042040562,"dated_domains_n":1,"time_series_status":"UNKNOWN_SERIE_TEMPORAL_NAO_ADQUIRIDA"}},{"type":"Feature","geometry":{"type":"Point","coordinates":[-56.68138899999997,-20.551110999999935]},"properties":{"well_id":"3500027245","municipality":"Bodoquena","hydro_unit":"Grupo Cuiaba","domain":"Fraturada","layer_code":"T04","layer_name":"Evidência hidrogeológica datada","latest_evidence_date":"2009-10-06","latest_evidence_age_years":16.89562414012608,"dated_domains_n":1,"time_series_status":"UNKNOWN_SERIE_TEMPORAL_NAO_ADQUIRIDA"}},{"type":"Feature","geometry":{"type":"Point","coordinates":[-55.72166699999997,-22.497221999999965]},"properties":{"well_id":"3500027309","municipality":"Ponta Porã","hydro_unit":"Grupo Caiuá","domain":"Granular","layer_code":"T04","layer_name":"Evidência hidrogeológica datada","latest_evidence_date":"2009-10-28","latest_evidence_age_years":16.835390185972333,"dated_domains_n":1,"time_series_status":"UNKNOWN_SERIE_TEMPORAL_NAO_ADQUIRIDA"}},{"type":"Feature","geometry":{"type":"Point","coordinates":[-53.39861099999996,-22.488332999999955]},"properties":{"well_id":"3500045386","municipality":"Taquarussu","hydro_unit":"Grupo Caiuá","domain":"Granular","layer_code":"T04","layer_name":"Evidência hidrogeológica datada","latest_evidence_date":"2009-08-27","latest_evidence_age_years":17.00514042040562,"dated_domains_n":1,"time_series_status":"UNKNOWN_SERIE_TEMPORAL_NAO_ADQUIRIDA"}},{"type":"Feature","geometry":{"type":"Point","coordinates":[-54.60722199999998,-20.464443999999958]},"properties":{"well_id":"3500053081","municipality":"Campo Grande","hydro_unit":"Formação Serra Geral","domain":"Fraturada","layer_code":"T04","layer_name":"Evidência hidrogeológica datada","latest_evidence_date":"2002-12-10","latest_evidence_age_years":23.718488401541443,"dated_domains_n":1,"time_series_status":"UNKNOWN_SERIE_TEMPORAL_NAO_ADQUIRIDA"}},{"type":"Feature","geometry":{"type":"Point","coordinates":[-54.883332999999936,-19.956665999999927]},"properties":{"well_id":"3500023214","municipality":"Rochedo","hydro_unit":"Formação Botucatu","domain":"Granular","layer_code":"T04","layer_name":"Evidência hidrogeológica datada","latest_evidence_date":"1995-02-20","latest_evidence_age_years":31.521523371458688,"dated_domains_n":1,"time_series_status":"UNKNOWN_SERIE_TEMPORAL_NAO_ADQUIRIDA"}},{"type":"Feature","geometry":{"type":"Point","coordinates":[-52.03305499999993,-21.25222199999996]},"properties":{"well_id":"3500023289","municipality":"Brasilândia","hydro_unit":"Grupo Caiuá","domain":"Granular","layer_code":"T04","layer_name":"Evidência hidrogeológica datada","latest_evidence_date":"1991-03-17","latest_evidence_age_years":35.45315783349418,"dated_domains_n":1,"time_series_status":"UNKNOWN_SERIE_TEMPORAL_NAO_ADQUIRIDA"}},{"type":"Feature","geometry":{"type":"Point","coordinates":[-51.706110999999964,-20.78611099999995]},"properties":{"well_id":"3500023292","municipality":"Três Lagoas","hydro_unit":"Grupo Caiuá","domain":"Granular","layer_code":"T04","layer_name":"Evidência hidrogeológica datada","latest_evidence_date":"1974-08-12","latest_evidence_age_years":52.04761220285153,"dated_domains_n":1,"time_series_status":"UNKNOWN_SERIE_TEMPORAL_NAO_ADQUIRIDA"}},{"type":"Feature","geometry":{"type":"Point","coordinates":[-51.664999999999964,-20.777499999999975]},"properties":{"well_id":"3500023300","municipality":"Três Lagoas","hydro_unit":"Formação Serra Geral","domain":"Fraturada","layer_code":"T04","layer_name":"Evidência hidrogeológica datada","latest_evidence_date":"1996-01-05","latest_evidence_age_years":30.648131036229355,"dated_domains_n":1,"time_series_status":"UNKNOWN_SERIE_TEMPORAL_NAO_ADQUIRIDA"}},{"type":"Feature","geometry":{"type":"Point","coordinates":[-51.92944399999993,-19.73249999999996]},"properties":{"well_id":"3500023309","municipality":"Inocência","hydro_unit":"Grupo Bauru","domain":"Granular","layer_code":"T04","layer_name":"Evidência hidrogeológica datada","latest_evidence_date":"1987-07-15","latest_evidence_age_years":39.124691129865774,"dated_domains_n":1,"time_series_status":"UNKNOWN_SERIE_TEMPORAL_NAO_ADQUIRIDA"}},{"type":"Feature","geometry":{"type":"Point","coordinates":[-52.62444399999998,-18.79777699999994]},"properties":{"well_id":"3500023329","municipality":"Chapadão do Sul","hydro_unit":"Formação Cachoeirinha","domain":"Granular","layer_code":"T04","layer_name":"Evidência hidrogeológica datada","latest_evidence_date":"1989-08-05","latest_evidence_age_years":37.065785060610416,"dated_domains_n":1,"time_series_status":"UNKNOWN_SERIE_TEMPORAL_NAO_ADQUIRIDA"}},{"type":"Feature","geometry":{"type":"Point","coordinates":[-53.12805499999996,-18.534999999999968]},"properties":{"well_id":"3500023334","municipality":"Costa Rica","hydro_unit":"Grupo Caiuá","domain":"Granular","layer_code":"T04","layer_name":"Evidência hidrogeológica datada","latest_evidence_date":"1987-07-11","latest_evidence_age_years":39.13564275789373,"dated_domains_n":1,"time_series_status":"UNKNOWN_SERIE_TEMPORAL_NAO_ADQUIRIDA"}},{"type":"Feature","geometry":{"type":"Point","coordinates":[-54.186387999999965,-23.048332999999957]},"properties":{"well_id":"3500023372","municipality":"Naviraí","hydro_unit":"Grupo Caiuá","domain":"Granular","layer_code":"T04","layer_name":"Evidência hidrogeológica datada","latest_evidence_date":"1991-09-23","latest_evidence_age_years":34.932955502166365,"dated_domains_n":1,"time_series_status":"UNKNOWN_SERIE_TEMPORAL_NAO_ADQUIRIDA"}},{"type":"Feature","geometry":{"type":"Point","coordinates":[-54.23194399999994,-22.42166599999996]},"properties":{"well_id":"3500023377","municipality":"Glória de Dourados","hydro_unit":"Grupo Caiuá","domain":"Granular","layer_code":"T04","layer_name":"Evidência hidrogeológica datada","latest_evidence_date":"1963-09-01","latest_evidence_age_years":62.993764416791585,"dated_domains_n":1,"time_series_status":"UNKNOWN_SERIE_TEMPORAL_NAO_ADQUIRIDA"}},{"type":"Feature","geometry":{"type":"Point","coordinates":[-53.82361099999997,-22.313887999999963]},"properties":{"well_id":"3500023381","municipality":"Ivinhema","hydro_unit":"Grupo Caiuá","domain":"Granular","layer_code":"T04","layer_name":"Evidência hidrogeológica datada","latest_evidence_date":"1995-05-26","latest_evidence_age_years":31.26142220579478,"dated_domains_n":1,"time_series_status":"UNKNOWN_SERIE_TEMPORAL_NAO_ADQUIRIDA"}},{"type":"Feature","geometry":{"type":"Point","coordinates":[-54.57861099999997,-19.383887999999956]},"properties":{"well_id":"3500023228","municipality":"São Gabriel do Oeste","hydro_unit":"Grupo Bauru","domain":"Granular","layer_code":"T04","layer_name":"Evidência hidrogeológica datada","latest_evidence_date":"1986-10-28","latest_evidence_age_years":39.836546951682784,"dated_domains_n":2,"time_series_status":"UNKNOWN_SERIE_TEMPORAL_NAO_ADQUIRIDA"}},{"type":"Feature","geometry":{"type":"Point","coordinates":[-54.56388899999996,-19.26444399999997]},"properties":{"well_id":"3500026923","municipality":"São Gabriel do Oeste","hydro_unit":"Grupo Bauru","domain":"Granular","layer_code":"T04","layer_name":"Evidência hidrogeológica datada","latest_evidence_date":"2008-06-17","latest_evidence_age_years":18.19886787545261,"dated_domains_n":1,"time_series_status":"UNKNOWN_SERIE_TEMPORAL_NAO_ADQUIRIDA"}},{"type":"Feature","geometry":{"type":"Point","coordinates":[-54.53583299999997,-21.78555599999993]},"properties":{"well_id":"3500045620","municipality":"Rio Brilhante","hydro_unit":"Formação Serra Geral","domain":"Fraturada","layer_code":"T04","layer_name":"Evidência hidrogeológica datada","latest_evidence_date":"2010-01-25","latest_evidence_age_years":16.591716462350355,"dated_domains_n":2,"time_series_status":"UNKNOWN_SERIE_TEMPORAL_NAO_ADQUIRIDA"}},{"type":"Feature","geometry":{"type":"Point","coordinates":[-54.57583299999993,-20.424721999999974]},"properties":{"well_id":"3500022525","municipality":"Campo Grande","hydro_unit":"Formação Serra Geral","domain":"Fraturada","layer_code":"T04","layer_name":"Evidência hidrogeológica datada","latest_evidence_date":"1990-05-31","latest_evidence_age_years":36.24715086552085,"dated_domains_n":1,"time_series_status":"UNKNOWN_SERIE_TEMPORAL_NAO_ADQUIRIDA"}},{"type":"Feature","geometry":{"type":"Point","coordinates":[-55.174721999999974,-21.613610999999935]},"properties":{"well_id":"3500026952","municipality":"Maracaju","hydro_unit":"Formação Serra Geral","domain":"Fraturada","layer_code":"T04","layer_name":"Evidência hidrogeológica datada","latest_evidence_date":"2009-02-27","latest_evidence_age_years":17.50070158867054,"dated_domains_n":1,"time_series_status":"UNKNOWN_SERIE_TEMPORAL_NAO_ADQUIRIDA"}},{"type":"Feature","geometry":{"type":"Point","coordinates":[-51.698332999999934,-20.778332999999975]},"properties":{"well_id":"3500027174","municipality":"Três Lagoas","hydro_unit":"Grupo Caiuá","domain":"Granular","layer_code":"T04","layer_name":"Evidência hidrogeológica datada","latest_evidence_date":"2009-11-16","latest_evidence_age_years":16.78336995283955,"dated_domains_n":2,"time_series_status":"UNKNOWN_SERIE_TEMPORAL_NAO_ADQUIRIDA"}},{"type":"Feature","geometry":{"type":"Point","coordinates":[-54.37972199999996,-21.464443999999958]},"properties":{"well_id":"3500023269","municipality":"Nova Alvorada do Sul","hydro_unit":"Formação Serra Geral","domain":"Fraturada","layer_code":"T04","layer_name":"Evidência hidrogeológica datada","latest_evidence_date":"1982-03-08","latest_evidence_age_years":44.477299328528304,"dated_domains_n":2,"time_series_status":"UNKNOWN_SERIE_TEMPORAL_NAO_ADQUIRIDA"}},{"type":"Feature","geometry":{"type":"Point","coordinates":[-52.83138799999995,-21.30666599999995]},"properties":{"well_id":"3500023282","municipality":"Santa Rita do Pardo","hydro_unit":"Grupo Caiuá","domain":"Granular","layer_code":"T04","layer_name":"Evidência hidrogeológica datada","latest_evidence_date":"1982-02-02","latest_evidence_age_years":44.570388166765916,"dated_domains_n":2,"time_series_status":"UNKNOWN_SERIE_TEMPORAL_NAO_ADQUIRIDA"}},{"type":"Feature","geometry":{"type":"Point","coordinates":[-51.70555499999995,-20.78527699999995]},"properties":{"well_id":"3500023291","municipality":"Três Lagoas","hydro_unit":"Grupo Caiuá","domain":"Granular","layer_code":"T04","layer_name":"Evidência hidrogeológica datada","latest_evidence_date":"1997-03-16","latest_evidence_age_years":29.454403581182365,"dated_domains_n":2,"time_series_status":"UNKNOWN_SERIE_TEMPORAL_NAO_ADQUIRIDA"}},{"type":"Feature","geometry":{"type":"Point","coordinates":[-53.41555599999998,-21.995277999999928]},"properties":{"well_id":"3500027319","municipality":"Nova Andradina","hydro_unit":"Grupo Caiuá","domain":"Granular","layer_code":"T04","layer_name":"Evidência hidrogeológica datada","latest_evidence_date":"2009-08-10","latest_evidence_age_years":17.051684839524427,"dated_domains_n":2,"time_series_status":"UNKNOWN_SERIE_TEMPORAL_NAO_ADQUIRIDA"}},{"type":"Feature","geometry":{"type":"Point","coordinates":[-56.50111099999998,-21.123332999999946]},"properties":{"well_id":"3500030620","municipality":"Bonito","hydro_unit":"Embasamento Indiferenciado","domain":"Fraturada","layer_code":"T04","layer_name":"Evidência hidrogeológica datada","latest_evidence_date":"2011-06-04","latest_evidence_age_years":15.236452493891045,"dated_domains_n":2,"time_series_status":"UNKNOWN_SERIE_TEMPORAL_NAO_ADQUIRIDA"}},{"type":"Feature","geometry":{"type":"Point","coordinates":[-55.15722199999993,-21.620555999999965]},"properties":{"well_id":"3500027070","municipality":"Maracaju","hydro_unit":"Formação Serra Geral","domain":"Fraturada","layer_code":"T04","layer_name":"Evidência hidrogeológica datada","latest_evidence_date":"2009-06-01","latest_evidence_age_years":17.24333833001362,"dated_domains_n":2,"time_series_status":"UNKNOWN_SERIE_TEMPORAL_NAO_ADQUIRIDA"}},{"type":"Feature","geometry":{"type":"Point","coordinates":[-51.84361099999995,-20.986388999999974]},"properties":{"well_id":"3500045657","municipality":"Três Lagoas","hydro_unit":"Grupo Caiuá","domain":"Granular","layer_code":"T04","layer_name":"Evidência hidrogeológica datada","latest_evidence_date":"2011-05-12","latest_evidence_age_years":15.29942435505178,"dated_domains_n":2,"time_series_status":"UNKNOWN_SERIE_TEMPORAL_NAO_ADQUIRIDA"}},{"type":"Feature","geometry":{"type":"Point","coordinates":[-54.50444399999998,-20.434166999999945]},"properties":{"well_id":"3500045696","municipality":"Campo Grande","hydro_unit":"Grupo Caiuá","domain":"Granular","layer_code":"T04","layer_name":"Evidência hidrogeológica datada","latest_evidence_date":"2009-11-23","latest_evidence_age_years":16.76420460379063,"dated_domains_n":2,"time_series_status":"UNKNOWN_SERIE_TEMPORAL_NAO_ADQUIRIDA"}},{"type":"Feature","geometry":{"type":"Point","coordinates":[-55.15777699999995,-21.621110999999928]},"properties":{"well_id":"3500022860","municipality":"Maracaju","hydro_unit":"Formação Serra Geral","domain":"Fraturada","layer_code":"T04","layer_name":"Evidência hidrogeológica datada","latest_evidence_date":"2004-09-11","latest_evidence_age_years":21.963490010061808,"dated_domains_n":2,"time_series_status":"UNKNOWN_SERIE_TEMPORAL_NAO_ADQUIRIDA"}},{"type":"Feature","geometry":{"type":"Point","coordinates":[-54.865276999999935,-22.498332999999946]},"properties":{"well_id":"3500022868","municipality":"Caarapó","hydro_unit":"Formação Serra Geral","domain":"Fraturada","layer_code":"T04","layer_name":"Evidência hidrogeológica datada","latest_evidence_date":"2004-08-04","latest_evidence_age_years":22.06753047632737,"dated_domains_n":2,"time_series_status":"UNKNOWN_SERIE_TEMPORAL_NAO_ADQUIRIDA"}},{"type":"Feature","geometry":{"type":"Point","coordinates":[-53.76361099999997,-22.15027699999996]},"properties":{"well_id":"3500023170","municipality":"Angélica","hydro_unit":"Grupo Caiuá","domain":"Granular","layer_code":"T04","layer_name":"Evidência hidrogeológica datada","latest_evidence_date":"1996-03-15","latest_evidence_age_years":30.456477545740157,"dated_domains_n":2,"time_series_status":"UNKNOWN_SERIE_TEMPORAL_NAO_ADQUIRIDA"}},{"type":"Feature","geometry":{"type":"Point","coordinates":[-54.666943999999944,-20.497499999999945]},"properties":{"well_id":"3500045638","municipality":"Campo Grande","hydro_unit":"Formação Serra Geral","domain":"Fraturada","layer_code":"T04","layer_name":"Evidência hidrogeológica datada","latest_evidence_date":"2006-12-27","latest_evidence_age_years":19.671861845212426,"dated_domains_n":2,"time_series_status":"UNKNOWN_SERIE_TEMPORAL_NAO_ADQUIRIDA"}},{"type":"Feature","geometry":{"type":"Point","coordinates":[-55.42944399999993,-23.897221999999942]},"properties":{"well_id":"3500023350","municipality":"Paranhos","hydro_unit":"Grupo Caiuá","domain":"Granular","layer_code":"T04","layer_name":"Evidência hidrogeológica datada","latest_evidence_date":"1991-08-15","latest_evidence_age_years":35.03973387543892,"dated_domains_n":2,"time_series_status":"UNKNOWN_SERIE_TEMPORAL_NAO_ADQUIRIDA"}},{"type":"Feature","geometry":{"type":"Point","coordinates":[-54.59944399999995,-21.802221999999972]},"properties":{"well_id":"3500045637","municipality":"Rio Brilhante","hydro_unit":"Formação Serra Geral","domain":"Fraturada","layer_code":"T04","layer_name":"Evidência hidrogeológica datada","latest_evidence_date":"2008-09-02","latest_evidence_age_years":17.988049035914496,"dated_domains_n":2,"time_series_status":"UNKNOWN_SERIE_TEMPORAL_NAO_ADQUIRIDA"}},{"type":"Feature","geometry":{"type":"Point","coordinates":[-54.57499999999993,-20.393888999999945]},"properties":{"well_id":"3500065102","municipality":"Campo Grande","hydro_unit":"Formação Serra Geral","domain":"Fraturada","layer_code":"T04","layer_name":"Evidência hidrogeológica datada","latest_evidence_date":"2019-09-05","latest_evidence_age_years":6.9816628678206945,"dated_domains_n":2,"time_series_status":"UNKNOWN_SERIE_TEMPORAL_NAO_ADQUIRIDA"}},{"type":"Feature","geometry":{"type":"Point","coordinates":[-54.23333299999996,-23.084165999999982]},"properties":{"well_id":"3500023048","municipality":"Naviraí","hydro_unit":"Grupo Caiuá","domain":"Granular","layer_code":"T04","layer_name":"Evidência hidrogeológica datada","latest_evidence_date":"2005-10-20","latest_evidence_age_years":20.85737557923845,"dated_domains_n":2,"time_series_status":"UNKNOWN_SERIE_TEMPORAL_NAO_ADQUIRIDA"}},{"type":"Feature","geometry":{"type":"Point","coordinates":[-54.54611099999994,-20.38777799999997]},"properties":{"well_id":"3500027098","municipality":"Campo Grande","hydro_unit":"Formação Serra Geral","domain":"Fraturada","layer_code":"T04","layer_name":"Evidência hidrogeológica datada","latest_evidence_date":"2009-08-28","latest_evidence_age_years":17.002402513398632,"dated_domains_n":2,"time_series_status":"UNKNOWN_SERIE_TEMPORAL_NAO_ADQUIRIDA"}},{"type":"Feature","geometry":{"type":"Point","coordinates":[-51.73638799999998,-20.772221999999942]},"properties":{"well_id":"3500023297","municipality":"Três Lagoas","hydro_unit":"Grupo Caiuá","domain":"Granular","layer_code":"T04","layer_name":"Evidência hidrogeológica datada","latest_evidence_date":"1993-12-18","latest_evidence_age_years":32.696085477456755,"dated_domains_n":1,"time_series_status":"UNKNOWN_SERIE_TEMPORAL_NAO_ADQUIRIDA"}},{"type":"Feature","geometry":{"type":"Point","coordinates":[-54.613610999999935,-22.038332999999966]},"properties":{"well_id":"3500027030","municipality":"Douradina","hydro_unit":"Formação Serra Geral","domain":"Fraturada","layer_code":"T04","layer_name":"Evidência hidrogeológica datada","latest_evidence_date":"2010-02-22","latest_evidence_age_years":16.515055066154677,"dated_domains_n":2,"time_series_status":"UNKNOWN_SERIE_TEMPORAL_NAO_ADQUIRIDA"}},{"type":"Feature","geometry":{"type":"Point","coordinates":[-53.12472199999996,-18.54388799999998]},"properties":{"well_id":"3500023339","municipality":"Costa Rica","hydro_unit":"Formação Serra Geral","domain":"Fraturada","layer_code":"T04","layer_name":"Evidência hidrogeológica datada","latest_evidence_date":"1989-08-11","latest_evidence_age_years":37.049357618568486,"dated_domains_n":2,"time_series_status":"UNKNOWN_SERIE_TEMPORAL_NAO_ADQUIRIDA"}},{"type":"Feature","geometry":{"type":"Point","coordinates":[-52.27694399999996,-21.673610999999937]},"properties":{"well_id":"3500045658","municipality":"Bataguassu","hydro_unit":"Grupo Caiuá","domain":"Granular","layer_code":"T04","layer_name":"Evidência hidrogeológica datada","latest_evidence_date":"2010-12-10","latest_evidence_age_years":15.718324127121022,"dated_domains_n":2,"time_series_status":"UNKNOWN_SERIE_TEMPORAL_NAO_ADQUIRIDA"}},{"type":"Feature","geometry":{"type":"Point","coordinates":[-55.81277799999998,-21.66027799999995]},"properties":{"well_id":"3500045667","municipality":"Maracaju","hydro_unit":"Formação Serra Geral","domain":"Fraturada","layer_code":"T04","layer_name":"Evidência hidrogeológica datada","latest_evidence_date":"2011-08-17","latest_evidence_age_years":15.033847375373895,"dated_domains_n":2,"time_series_status":"UNKNOWN_SERIE_TEMPORAL_NAO_ADQUIRIDA"}},{"type":"Feature","geometry":{"type":"Point","coordinates":[-55.174721999999974,-21.60555599999998]},"properties":{"well_id":"3500045690","municipality":"Maracaju","hydro_unit":"Formação Serra Geral","domain":"Fraturada","layer_code":"T04","layer_name":"Evidência hidrogeológica datada","latest_evidence_date":"2010-06-28","latest_evidence_age_years":16.170078783274125,"dated_domains_n":2,"time_series_status":"UNKNOWN_SERIE_TEMPORAL_NAO_ADQUIRIDA"}},{"type":"Feature","geometry":{"type":"Point","coordinates":[-51.83472199999994,-20.978332999999964]},"properties":{"well_id":"3500045713","municipality":"Três Lagoas","hydro_unit":"Grupo Caiuá","domain":"Granular","layer_code":"T04","layer_name":"Evidência hidrogeológica datada","latest_evidence_date":"2012-10-18","latest_evidence_age_years":13.862023176382815,"dated_domains_n":2,"time_series_status":"UNKNOWN_SERIE_TEMPORAL_NAO_ADQUIRIDA"}},{"type":"Feature","geometry":{"type":"Point","coordinates":[-54.75055599999996,-20.484166999999957]},"properties":{"well_id":"3500065043","municipality":"Campo Grande","hydro_unit":"Formação Serra Geral","domain":"Fraturada","layer_code":"T04","layer_name":"Evidência hidrogeológica datada","latest_evidence_date":"2015-10-29","latest_evidence_age_years":10.833898026653525,"dated_domains_n":2,"time_series_status":"UNKNOWN_SERIE_TEMPORAL_NAO_ADQUIRIDA"}},{"type":"Feature","geometry":{"type":"Point","coordinates":[-54.728332999999964,-20.47361099999995]},"properties":{"well_id":"3500065029","municipality":"Campo Grande","hydro_unit":"Formação Serra Geral","domain":"Fraturada","layer_code":"T04","layer_name":"Evidência hidrogeológica datada","latest_evidence_date":"2016-08-24","latest_evidence_age_years":10.012525924556972,"dated_domains_n":2,"time_series_status":"UNKNOWN_SERIE_TEMPORAL_NAO_ADQUIRIDA"}},{"type":"Feature","geometry":{"type":"Point","coordinates":[-54.74222199999997,-20.39749999999998]},"properties":{"well_id":"3500065036","municipality":"Campo Grande","hydro_unit":"Formação Serra Geral","domain":"Fraturada","layer_code":"T04","layer_name":"Evidência hidrogeológica datada","latest_evidence_date":"2016-03-09","latest_evidence_age_years":10.472494301731041,"dated_domains_n":2,"time_series_status":"UNKNOWN_SERIE_TEMPORAL_NAO_ADQUIRIDA"}},{"type":"Feature","geometry":{"type":"Point","coordinates":[-54.486666999999954,-22.141388999999947]},"properties":{"well_id":"3500065053","municipality":"Dourados","hydro_unit":"Formação Serra Geral","domain":"Fraturada","layer_code":"T04","layer_name":"Evidência hidrogeológica datada","latest_evidence_date":"2016-01-19","latest_evidence_age_years":10.609389652080466,"dated_domains_n":2,"time_series_status":"UNKNOWN_SERIE_TEMPORAL_NAO_ADQUIRIDA"}},{"type":"Feature","geometry":{"type":"Point","coordinates":[-55.73694399999994,-22.462499999999977]},"properties":{"well_id":"3500065066","municipality":"Ponta Porã","hydro_unit":"Grupo Caiuá","domain":"Granular","layer_code":"T04","layer_name":"Evidência hidrogeológica datada","latest_evidence_date":"2016-05-06","latest_evidence_age_years":10.313695695325707,"dated_domains_n":2,"time_series_status":"UNKNOWN_SERIE_TEMPORAL_NAO_ADQUIRIDA"}},{"type":"Feature","geometry":{"type":"Point","coordinates":[-55.736388999999974,-22.463332999999977]},"properties":{"well_id":"3500065067","municipality":"Ponta Porã","hydro_unit":"Grupo Caiuá","domain":"Granular","layer_code":"T04","layer_name":"Evidência hidrogeológica datada","latest_evidence_date":"2016-05-06","latest_evidence_age_years":10.313695695325707,"dated_domains_n":2,"time_series_status":"UNKNOWN_SERIE_TEMPORAL_NAO_ADQUIRIDA"}},{"type":"Feature","geometry":{"type":"Point","coordinates":[-53.358055999999976,-22.486388999999974]},"properties":{"well_id":"3500065075","municipality":"Taquarussu","hydro_unit":"Grupo Caiuá","domain":"Granular","layer_code":"T04","layer_name":"Evidência hidrogeológica datada","latest_evidence_date":"2016-01-26","latest_evidence_age_years":10.590224303031547,"dated_domains_n":2,"time_series_status":"UNKNOWN_SERIE_TEMPORAL_NAO_ADQUIRIDA"}},{"type":"Feature","geometry":{"type":"Point","coordinates":[-51.70666699999998,-20.787777999999946]},"properties":{"well_id":"3500065078","municipality":"Três Lagoas","hydro_unit":"Grupo Caiuá","domain":"Granular","layer_code":"T04","layer_name":"Evidência hidrogeológica datada","latest_evidence_date":"2016-03-04","latest_evidence_age_years":10.486183836765983,"dated_domains_n":2,"time_series_status":"UNKNOWN_SERIE_TEMPORAL_NAO_ADQUIRIDA"}},{"type":"Feature","geometry":{"type":"Point","coordinates":[-51.728332999999964,-20.789721999999927]},"properties":{"well_id":"3500065081","municipality":"Três Lagoas","hydro_unit":"Grupo Caiuá","domain":"Granular","layer_code":"T04","layer_name":"Evidência hidrogeológica datada","latest_evidence_date":"2016-03-14","latest_evidence_age_years":10.4588047666961,"dated_domains_n":2,"time_series_status":"UNKNOWN_SERIE_TEMPORAL_NAO_ADQUIRIDA"}},{"type":"Feature","geometry":{"type":"Point","coordinates":[-54.654443999999955,-20.654166999999973]},"properties":{"well_id":"3500065085","municipality":"Campo Grande","hydro_unit":"Formação Serra Geral","domain":"Fraturada","layer_code":"T04","layer_name":"Evidência hidrogeológica datada","latest_evidence_date":"2011-07-01","latest_evidence_age_years":15.162529004702355,"dated_domains_n":2,"time_series_status":"UNKNOWN_SERIE_TEMPORAL_NAO_ADQUIRIDA"}},{"type":"Feature","geometry":{"type":"Point","coordinates":[-54.590832999999975,-20.43861099999998]},"properties":{"well_id":"3500065086","municipality":"Campo Grande","hydro_unit":"Formação Serra Geral","domain":"Fraturada","layer_code":"T04","layer_name":"Evidência hidrogeológica datada","latest_evidence_date":"2011-07-01","latest_evidence_age_years":15.162529004702355,"dated_domains_n":2,"time_series_status":"UNKNOWN_SERIE_TEMPORAL_NAO_ADQUIRIDA"}},{"type":"Feature","geometry":{"type":"Point","coordinates":[-53.635832999999934,-18.685277999999983]},"properties":{"well_id":"3500065058","municipality":"Figueirão","hydro_unit":"Formação Botucatu","domain":"Granular","layer_code":"T04","layer_name":"Evidência hidrogeológica datada","latest_evidence_date":"2015-11-23","latest_evidence_age_years":10.765450351478812,"dated_domains_n":2,"time_series_status":"UNKNOWN_SERIE_TEMPORAL_NAO_ADQUIRIDA"}},{"type":"Feature","geometry":{"type":"Point","coordinates":[-55.51249999999993,-21.73277799999994]},"properties":{"well_id":"3500065064","municipality":"Maracaju","hydro_unit":"Formação Serra Geral","domain":"Fraturada","layer_code":"T04","layer_name":"Evidência hidrogeológica datada","latest_evidence_date":"2016-05-30","latest_evidence_age_years":10.247985927157984,"dated_domains_n":2,"time_series_status":"UNKNOWN_SERIE_TEMPORAL_NAO_ADQUIRIDA"}},{"type":"Feature","geometry":{"type":"Point","coordinates":[-55.301110999999935,-20.63694399999997]},"properties":{"well_id":"3500065114","municipality":"Dois Irmãos do Buriti","hydro_unit":"Formação Botucatu","domain":"Granular","layer_code":"T04","layer_name":"Evidência hidrogeológica datada","latest_evidence_date":"2019-09-06","latest_evidence_age_years":6.978924960813706,"dated_domains_n":2,"time_series_status":"UNKNOWN_SERIE_TEMPORAL_NAO_ADQUIRIDA"}},{"type":"Feature","geometry":{"type":"Point","coordinates":[-54.04777799999994,-19.51277799999997]},"properties":{"well_id":"3500065025","municipality":"Camapuã","hydro_unit":"Formação Botucatu","domain":"Granular","layer_code":"T04","layer_name":"Evidência hidrogeológica datada","latest_evidence_date":"2016-08-01","latest_evidence_age_years":10.075497785717708,"dated_domains_n":2,"time_series_status":"UNKNOWN_SERIE_TEMPORAL_NAO_ADQUIRIDA"}},{"type":"Feature","geometry":{"type":"Point","coordinates":[-56.67194399999994,-20.55416699999995]},"properties":{"well_id":"3500065017","municipality":"Bodoquena","hydro_unit":"Grupo Cuiaba","domain":"Fraturada","layer_code":"T04","layer_name":"Evidência hidrogeológica datada","latest_evidence_date":"2016-04-05","latest_evidence_age_years":10.398570812542351,"dated_domains_n":2,"time_series_status":"UNKNOWN_SERIE_TEMPORAL_NAO_ADQUIRIDA"}},{"type":"Feature","geometry":{"type":"Point","coordinates":[-54.59833299999997,-20.421388999999976]},"properties":{"well_id":"3500065026","municipality":"Campo Grande","hydro_unit":"Formação Serra Geral","domain":"Fraturada","layer_code":"T04","layer_name":"Evidência hidrogeológica datada","latest_evidence_date":"2016-05-03","latest_evidence_age_years":10.321909416346674,"dated_domains_n":2,"time_series_status":"UNKNOWN_SERIE_TEMPORAL_NAO_ADQUIRIDA"}},{"type":"Feature","geometry":{"type":"Point","coordinates":[-53.36888899999997,-22.07416699999993]},"properties":{"well_id":"3500034023","municipality":"Nova Andradina","hydro_unit":"Grupo Caiuá","domain":"Granular","layer_code":"T04","layer_name":"Evidência hidrogeológica datada","latest_evidence_date":"2023-11-27","latest_evidence_age_years":2.7543344490304387,"dated_domains_n":3,"time_series_status":"UNKNOWN_SERIE_TEMPORAL_NAO_ADQUIRIDA"}},{"type":"Feature","geometry":{"type":"Point","coordinates":[-53.01424999999995,-18.892105999999956]},"properties":{"well_id":"3500068745","municipality":"Paraíso das Águas","hydro_unit":"Grupo Caiuá","domain":"Granular","layer_code":"T04","layer_name":"Evidência hidrogeológica datada","latest_evidence_date":"2023-05-24","latest_evidence_age_years":3.2663230593372896,"dated_domains_n":1,"time_series_status":"UNKNOWN_SERIE_TEMPORAL_NAO_ADQUIRIDA"}},{"type":"Feature","geometry":{"type":"Point","coordinates":[-54.28233299999994,-22.915724999999952]},"properties":{"well_id":"3500068741","municipality":"Naviraí","hydro_unit":"Grupo Caiuá","domain":"Granular","layer_code":"T04","layer_name":"Evidência hidrogeológica datada","latest_evidence_date":"2023-04-14","latest_evidence_age_years":3.37583933961683,"dated_domains_n":1,"time_series_status":"UNKNOWN_SERIE_TEMPORAL_NAO_ADQUIRIDA"}},{"type":"Feature","geometry":{"type":"Point","coordinates":[-55.953332999999986,-22.192776999999978]},"properties":{"well_id":"3500023164","municipality":"Antônio João","hydro_unit":"Formação Serra Geral","domain":"Fraturada","layer_code":"T04","layer_name":"Evidência hidrogeológica datada","latest_evidence_date":"1979-10-05","latest_evidence_age_years":46.90034702971313,"dated_domains_n":2,"time_series_status":"UNKNOWN_SERIE_TEMPORAL_NAO_ADQUIRIDA"}},{"type":"Feature","geometry":{"type":"Point","coordinates":[-54.24916699999994,-21.589721999999938]},"properties":{"well_id":"3500026948","municipality":"Nova Alvorada do Sul","hydro_unit":"Formação Serra Geral","domain":"Fraturada","layer_code":"T04","layer_name":"Evidência hidrogeológica datada","latest_evidence_date":"2009-02-13","latest_evidence_age_years":17.53903228676838,"dated_domains_n":2,"time_series_status":"UNKNOWN_SERIE_TEMPORAL_NAO_ADQUIRIDA"}},{"type":"Feature","geometry":{"type":"Point","coordinates":[-54.49222199999997,-21.890277999999967]},"properties":{"well_id":"3500026976","municipality":"Rio Brilhante","hydro_unit":"Formação Serra Geral","domain":"Fraturada","layer_code":"T04","layer_name":"Evidência hidrogeológica datada","latest_evidence_date":"2008-10-16","latest_evidence_age_years":17.867581127607,"dated_domains_n":2,"time_series_status":"UNKNOWN_SERIE_TEMPORAL_NAO_ADQUIRIDA"}},{"type":"Feature","geometry":{"type":"Point","coordinates":[-55.01388899999995,-22.829999999999927]},"properties":{"well_id":"3500026992","municipality":"Laguna Carapã","hydro_unit":"Formação Serra Geral","domain":"Fraturada","layer_code":"T04","layer_name":"Evidência hidrogeológica datada","latest_evidence_date":"2009-07-15","latest_evidence_age_years":17.122870421706125,"dated_domains_n":2,"time_series_status":"UNKNOWN_SERIE_TEMPORAL_NAO_ADQUIRIDA"}},{"type":"Feature","geometry":{"type":"Point","coordinates":[-51.102777999999944,-20.059443999999928]},"properties":{"well_id":"3500027000","municipality":"Aparecida do Taboado","hydro_unit":"Grupo Caiuá","domain":"Granular","layer_code":"T04","layer_name":"Evidência hidrogeológica datada","latest_evidence_date":"2008-05-05","latest_evidence_age_years":18.316597876753114,"dated_domains_n":2,"time_series_status":"UNKNOWN_SERIE_TEMPORAL_NAO_ADQUIRIDA"}},{"type":"Feature","geometry":{"type":"Point","coordinates":[-54.65055599999994,-22.208055999999942]},"properties":{"well_id":"3500027047","municipality":"Dourados","hydro_unit":"Formação Serra Geral","domain":"Fraturada","layer_code":"T04","layer_name":"Evidência hidrogeológica datada","latest_evidence_date":"2011-03-15","latest_evidence_age_years":15.458222961457114,"dated_domains_n":2,"time_series_status":"UNKNOWN_SERIE_TEMPORAL_NAO_ADQUIRIDA"}},{"type":"Feature","geometry":{"type":"Point","coordinates":[-53.59722199999993,-22.383055999999954]},"properties":{"well_id":"3500027109","municipality":"Ivinhema","hydro_unit":"Grupo Caiuá","domain":"Granular","layer_code":"T04","layer_name":"Evidência hidrogeológica datada","latest_evidence_date":"2009-09-27","latest_evidence_age_years":16.920265303188977,"dated_domains_n":2,"time_series_status":"UNKNOWN_SERIE_TEMPORAL_NAO_ADQUIRIDA"}},{"type":"Feature","geometry":{"type":"Point","coordinates":[-54.184999999999945,-23.034999999999968]},"properties":{"well_id":"3500027111","municipality":"Naviraí","hydro_unit":"Grupo Caiuá","domain":"Granular","layer_code":"T04","layer_name":"Evidência hidrogeológica datada","latest_evidence_date":"2009-07-01","latest_evidence_age_years":17.161201119803966,"dated_domains_n":2,"time_series_status":"UNKNOWN_SERIE_TEMPORAL_NAO_ADQUIRIDA"}},{"type":"Feature","geometry":{"type":"Point","coordinates":[-55.17916699999995,-20.437221999999963]},"properties":{"well_id":"3500027128","municipality":"Terenos","hydro_unit":"Formação Serra Geral","domain":"Fraturada","layer_code":"T04","layer_name":"Evidência hidrogeológica datada","latest_evidence_date":"2009-12-11","latest_evidence_age_years":16.71492227766484,"dated_domains_n":2,"time_series_status":"UNKNOWN_SERIE_TEMPORAL_NAO_ADQUIRIDA"}},{"type":"Feature","geometry":{"type":"Point","coordinates":[-54.166943999999944,-22.289999999999964]},"properties":{"well_id":"3500027138","municipality":"Deodápolis","hydro_unit":"Grupo Caiuá","domain":"Granular","layer_code":"T04","layer_name":"Evidência hidrogeológica datada","latest_evidence_date":"2009-11-30","latest_evidence_age_years":16.745039254741712,"dated_domains_n":2,"time_series_status":"UNKNOWN_SERIE_TEMPORAL_NAO_ADQUIRIDA"}},{"type":"Feature","geometry":{"type":"Point","coordinates":[-54.46194399999996,-22.49055599999997]},"properties":{"well_id":"3500027196","municipality":"Vicentina","hydro_unit":"Formação Serra Geral","domain":"Fraturada","layer_code":"T04","layer_name":"Evidência hidrogeológica datada","latest_evidence_date":"2009-10-06","latest_evidence_age_years":16.89562414012608,"dated_domains_n":2,"time_series_status":"UNKNOWN_SERIE_TEMPORAL_NAO_ADQUIRIDA"}},{"type":"Feature","geometry":{"type":"Point","coordinates":[-54.621388999999965,-18.43944399999998]},"properties":{"well_id":"3500027278","municipality":"Coxim","hydro_unit":"Formação Ponta Grossa","domain":"Granular","layer_code":"T04","layer_name":"Evidência hidrogeológica datada","latest_evidence_date":"2009-10-06","latest_evidence_age_years":16.89562414012608,"dated_domains_n":1,"time_series_status":"UNKNOWN_SERIE_TEMPORAL_NAO_ADQUIRIDA"}},{"type":"Feature","geometry":{"type":"Point","coordinates":[-54.21861099999995,-22.41111099999995]},"properties":{"well_id":"3500027289","municipality":"Glória de Dourados","hydro_unit":"Grupo Caiuá","domain":"Granular","layer_code":"T04","layer_name":"Evidência hidrogeológica datada","latest_evidence_date":"2010-02-08","latest_evidence_age_years":16.553385764252518,"dated_domains_n":2,"time_series_status":"UNKNOWN_SERIE_TEMPORAL_NAO_ADQUIRIDA"}},{"type":"Feature","geometry":{"type":"Point","coordinates":[-54.22055599999993,-22.41138899999993]},"properties":{"well_id":"3500027291","municipality":"Glória de Dourados","hydro_unit":"Grupo Caiuá","domain":"Granular","layer_code":"T04","layer_name":"Evidência hidrogeológica datada","latest_evidence_date":"2010-02-08","latest_evidence_age_years":16.553385764252518,"dated_domains_n":2,"time_series_status":"UNKNOWN_SERIE_TEMPORAL_NAO_ADQUIRIDA"}},{"type":"Feature","geometry":{"type":"Point","coordinates":[-54.96749999999997,-20.94777799999997]},"properties":{"well_id":"3500027317","municipality":"Sidrolândia","hydro_unit":"Formação Serra Geral","domain":"Fraturada","layer_code":"T04","layer_name":"Evidência hidrogeológica datada","latest_evidence_date":"2007-12-14","latest_evidence_age_years":18.708118578752472,"dated_domains_n":2,"time_series_status":"UNKNOWN_SERIE_TEMPORAL_NAO_ADQUIRIDA"}},{"type":"Feature","geometry":{"type":"Point","coordinates":[-52.475277999999946,-21.744721999999967]},"properties":{"well_id":"3500053097","municipality":"Bataguassu","hydro_unit":"Grupo Caiuá","domain":"Granular","layer_code":"T04","layer_name":"Evidência hidrogeológica datada","latest_evidence_date":"2007-09-13","latest_evidence_age_years":18.960006023395415,"dated_domains_n":2,"time_series_status":"UNKNOWN_SERIE_TEMPORAL_NAO_ADQUIRIDA"}},{"type":"Feature","geometry":{"type":"Point","coordinates":[-52.71749999999997,-22.17972199999997]},"properties":{"well_id":"3500023182","municipality":"Anaurilândia","hydro_unit":"Grupo Caiuá","domain":"Granular","layer_code":"T04","layer_name":"Evidência hidrogeológica datada","latest_evidence_date":"1980-07-17","latest_evidence_age_years":46.11730562571442,"dated_domains_n":2,"time_series_status":"UNKNOWN_SERIE_TEMPORAL_NAO_ADQUIRIDA"}},{"type":"Feature","geometry":{"type":"Point","coordinates":[-51.194443999999976,-19.678610999999933]},"properties":{"well_id":"3500023321","municipality":"Paranaíba","hydro_unit":"Grupo Bauru","domain":"Granular","layer_code":"T04","layer_name":"Evidência hidrogeológica datada","latest_evidence_date":"1982-03-23","latest_evidence_age_years":44.43623072342348,"dated_domains_n":2,"time_series_status":"UNKNOWN_SERIE_TEMPORAL_NAO_ADQUIRIDA"}},{"type":"Feature","geometry":{"type":"Point","coordinates":[-52.31166699999994,-20.893610999999964]},"properties":{"well_id":"3500045672","municipality":"Três Lagoas","hydro_unit":"Grupo Caiuá","domain":"Granular","layer_code":"T04","layer_name":"Evidência hidrogeológica datada","latest_evidence_date":"2011-12-16","latest_evidence_age_years":14.702560627528285,"dated_domains_n":2,"time_series_status":"UNKNOWN_SERIE_TEMPORAL_NAO_ADQUIRIDA"}},{"type":"Feature","geometry":{"type":"Point","coordinates":[-54.352777999999944,-19.923888999999974]},"properties":{"well_id":"3500030640","municipality":"Bandeirantes","hydro_unit":"Formação Serra Geral","domain":"Fraturada","layer_code":"T04","layer_name":"Evidência hidrogeológica datada","latest_evidence_date":"2009-12-15","latest_evidence_age_years":16.703970649636886,"dated_domains_n":2,"time_series_status":"UNKNOWN_SERIE_TEMPORAL_NAO_ADQUIRIDA"}},{"type":"Feature","geometry":{"type":"Point","coordinates":[-51.87722199999996,-20.798888999999974]},"properties":{"well_id":"3500045625","municipality":"Três Lagoas","hydro_unit":"Grupo Caiuá","domain":"Granular","layer_code":"T04","layer_name":"Evidência hidrogeológica datada","latest_evidence_date":"2011-01-24","latest_evidence_age_years":15.595118311806539,"dated_domains_n":2,"time_series_status":"UNKNOWN_SERIE_TEMPORAL_NAO_ADQUIRIDA"}},{"type":"Feature","geometry":{"type":"Point","coordinates":[-54.040276999999946,-19.558610999999928]},"properties":{"well_id":"3500023249","municipality":"Camapuã","hydro_unit":"Formação Botucatu","domain":"Granular","layer_code":"T04","layer_name":"Evidência hidrogeológica datada","latest_evidence_date":"1992-02-04","latest_evidence_age_years":34.566075963229906,"dated_domains_n":1,"time_series_status":"UNKNOWN_SERIE_TEMPORAL_NAO_ADQUIRIDA"}},{"type":"Feature","geometry":{"type":"Point","coordinates":[-53.412499999999966,-21.98111099999994]},"properties":{"well_id":"3500027318","municipality":"Nova Andradina","hydro_unit":"Grupo Caiuá","domain":"Granular","layer_code":"T04","layer_name":"Evidência hidrogeológica datada","latest_evidence_date":"2009-09-01","latest_evidence_age_years":16.99145088537068,"dated_domains_n":2,"time_series_status":"UNKNOWN_SERIE_TEMPORAL_NAO_ADQUIRIDA"}},{"type":"Feature","geometry":{"type":"Point","coordinates":[-54.27027799999996,-21.864999999999952]},"properties":{"well_id":"3500045652","municipality":"Rio Brilhante","hydro_unit":"Formação Serra Geral","domain":"Fraturada","layer_code":"T04","layer_name":"Evidência hidrogeológica datada","latest_evidence_date":"2010-03-26","latest_evidence_age_years":16.427442041931045,"dated_domains_n":2,"time_series_status":"UNKNOWN_SERIE_TEMPORAL_NAO_ADQUIRIDA"}},{"type":"Feature","geometry":{"type":"Point","coordinates":[-54.74777799999998,-20.487499999999955]},"properties":{"well_id":"3500045677","municipality":"Campo Grande","hydro_unit":"Formação Serra Geral","domain":"Fraturada","layer_code":"T04","layer_name":"Evidência hidrogeológica datada","latest_evidence_date":"2007-08-21","latest_evidence_age_years":19.022977884556152,"dated_domains_n":2,"time_series_status":"UNKNOWN_SERIE_TEMPORAL_NAO_ADQUIRIDA"}},{"type":"Feature","geometry":{"type":"Point","coordinates":[-54.31416699999994,-22.432221999999967]},"properties":{"well_id":"3500053091","municipality":"Glória de Dourados","hydro_unit":"Formação Serra Geral","domain":"Fraturada","layer_code":"T04","layer_name":"Evidência hidrogeológica datada","latest_evidence_date":"2008-05-06","latest_evidence_age_years":18.313859969746126,"dated_domains_n":2,"time_series_status":"UNKNOWN_SERIE_TEMPORAL_NAO_ADQUIRIDA"}},{"type":"Feature","geometry":{"type":"Point","coordinates":[-51.10027699999995,-20.07472199999995]},"properties":{"well_id":"3500023317","municipality":"Aparecida do Taboado","hydro_unit":"Grupo Caiuá","domain":"Granular","layer_code":"T04","layer_name":"Evidência hidrogeológica datada","latest_evidence_date":"1980-10-20","latest_evidence_age_years":45.85720446005051,"dated_domains_n":2,"time_series_status":"UNKNOWN_SERIE_TEMPORAL_NAO_ADQUIRIDA"}},{"type":"Feature","geometry":{"type":"Point","coordinates":[-53.756388999999956,-20.440277999999978]},"properties":{"well_id":"3500045621","municipality":"Ribas do Rio Pardo","hydro_unit":"Grupo Caiuá","domain":"Granular","layer_code":"T04","layer_name":"Evidência hidrogeológica datada","latest_evidence_date":"2010-01-25","latest_evidence_age_years":16.591716462350355,"dated_domains_n":2,"time_series_status":"UNKNOWN_SERIE_TEMPORAL_NAO_ADQUIRIDA"}},{"type":"Feature","geometry":{"type":"Point","coordinates":[-55.216943999999955,-23.103332999999964]},"properties":{"well_id":"3500023142","municipality":"Amambai","hydro_unit":"Formação Serra Geral","domain":"Fraturada","layer_code":"T04","layer_name":"Evidência hidrogeológica datada","latest_evidence_date":"2019-09-10","latest_evidence_age_years":6.967973332785752,"dated_domains_n":2,"time_series_status":"UNKNOWN_SERIE_TEMPORAL_NAO_ADQUIRIDA"}},{"type":"Feature","geometry":{"type":"Point","coordinates":[-55.16638899999998,-21.631943999999976]},"properties":{"well_id":"3500027068","municipality":"Maracaju","hydro_unit":"Formação Serra Geral","domain":"Fraturada","layer_code":"T04","layer_name":"Evidência hidrogeológica datada","latest_evidence_date":"2007-07-03","latest_evidence_age_years":19.157135327898587,"dated_domains_n":2,"time_series_status":"UNKNOWN_SERIE_TEMPORAL_NAO_ADQUIRIDA"}},{"type":"Feature","geometry":{"type":"Point","coordinates":[-55.16083299999997,-21.616943999999933]},"properties":{"well_id":"3500027076","municipality":"Maracaju","hydro_unit":"Formação Serra Geral","domain":"Fraturada","layer_code":"T04","layer_name":"Evidência hidrogeológica datada","latest_evidence_date":"2007-07-03","latest_evidence_age_years":19.157135327898587,"dated_domains_n":2,"time_series_status":"UNKNOWN_SERIE_TEMPORAL_NAO_ADQUIRIDA"}},{"type":"Feature","geometry":{"type":"Point","coordinates":[-54.96166699999998,-20.936943999999983]},"properties":{"well_id":"3500027225","municipality":"Sidrolândia","hydro_unit":"Formação Serra Geral","domain":"Fraturada","layer_code":"T04","layer_name":"Evidência hidrogeológica datada","latest_evidence_date":"2009-10-06","latest_evidence_age_years":16.89562414012608,"dated_domains_n":2,"time_series_status":"UNKNOWN_SERIE_TEMPORAL_NAO_ADQUIRIDA"}},{"type":"Feature","geometry":{"type":"Point","coordinates":[-54.590832999999975,-20.438332999999943]},"properties":{"well_id":"3500045157","municipality":"Campo Grande","hydro_unit":"Formação Serra Geral","domain":"Fraturada","layer_code":"T04","layer_name":"Evidência hidrogeológica datada","latest_evidence_date":"2009-09-14","latest_evidence_age_years":16.955858094279826,"dated_domains_n":2,"time_series_status":"UNKNOWN_SERIE_TEMPORAL_NAO_ADQUIRIDA"}},{"type":"Feature","geometry":{"type":"Point","coordinates":[-52.87583299999994,-18.805555999999967]},"properties":{"well_id":"3500045618","municipality":"Chapadão do Sul","hydro_unit":"Grupo Caiuá","domain":"Granular","layer_code":"T04","layer_name":"Evidência hidrogeológica datada","latest_evidence_date":"2011-03-04","latest_evidence_age_years":15.488339938533988,"dated_domains_n":2,"time_series_status":"UNKNOWN_SERIE_TEMPORAL_NAO_ADQUIRIDA"}},{"type":"Feature","geometry":{"type":"Point","coordinates":[-54.321388999999954,-23.96138899999994]},"properties":{"well_id":"3500045643","municipality":"Mundo Novo","hydro_unit":"Grupo Caiuá","domain":"Granular","layer_code":"T04","layer_name":"Evidência hidrogeológica datada","latest_evidence_date":"2009-03-18","latest_evidence_age_years":17.448681355537758,"dated_domains_n":2,"time_series_status":"UNKNOWN_SERIE_TEMPORAL_NAO_ADQUIRIDA"}},{"type":"Feature","geometry":{"type":"Point","coordinates":[-53.75138899999996,-20.47194399999995]},"properties":{"well_id":"3500045615","municipality":"Ribas do Rio Pardo","hydro_unit":"Grupo Caiuá","domain":"Granular","layer_code":"T04","layer_name":"Evidência hidrogeológica datada","latest_evidence_date":"2009-07-30","latest_evidence_age_years":17.0818018166013,"dated_domains_n":3,"time_series_status":"UNKNOWN_SERIE_TEMPORAL_NAO_ADQUIRIDA"}},{"type":"Feature","geometry":{"type":"Point","coordinates":[-52.59777799999995,-18.801943999999935]},"properties":{"well_id":"3500027007","municipality":"Chapadão do Sul","hydro_unit":"Formação Cachoeirinha","domain":"Granular","layer_code":"T04","layer_name":"Evidência hidrogeológica datada","latest_evidence_date":"2009-06-06","latest_evidence_age_years":17.22964879497868,"dated_domains_n":2,"time_series_status":"UNKNOWN_SERIE_TEMPORAL_NAO_ADQUIRIDA"}},{"type":"Feature","geometry":{"type":"Point","coordinates":[-53.893055999999945,-22.395277999999962]},"properties":{"well_id":"3500045648","municipality":"Ivinhema","hydro_unit":"Grupo Caiuá","domain":"Granular","layer_code":"T04","layer_name":"Evidência hidrogeológica datada","latest_evidence_date":"2013-08-14","latest_evidence_age_years":13.040651074286261,"dated_domains_n":2,"time_series_status":"UNKNOWN_SERIE_TEMPORAL_NAO_ADQUIRIDA"}},{"type":"Feature","geometry":{"type":"Point","coordinates":[-56.03638799999993,-22.204721999999947]},"properties":{"well_id":"3500023166","municipality":"Antônio João","hydro_unit":"Formação Serra Geral","domain":"Fraturada","layer_code":"T04","layer_name":"Evidência hidrogeológica datada","latest_evidence_date":"1991-11-11","latest_evidence_age_years":34.798798058823934,"dated_domains_n":1,"time_series_status":"UNKNOWN_SERIE_TEMPORAL_NAO_ADQUIRIDA"}},{"type":"Feature","geometry":{"type":"Point","coordinates":[-53.63722199999995,-18.682221999999967]},"properties":{"well_id":"3500023240","municipality":"Figueirão","hydro_unit":"Formação Botucatu","domain":"Granular","layer_code":"T04","layer_name":"Evidência hidrogeológica datada","latest_evidence_date":"1988-10-31","latest_evidence_age_years":37.82692320855322,"dated_domains_n":1,"time_series_status":"UNKNOWN_SERIE_TEMPORAL_NAO_ADQUIRIDA"}},{"type":"Feature","geometry":{"type":"Point","coordinates":[-52.474999999999966,-21.74166699999995]},"properties":{"well_id":"3500045666","municipality":"Bataguassu","hydro_unit":"Grupo Caiuá","domain":"Granular","layer_code":"T04","layer_name":"Evidência hidrogeológica datada","latest_evidence_date":"2010-05-24","latest_evidence_age_years":16.265905528518722,"dated_domains_n":2,"time_series_status":"UNKNOWN_SERIE_TEMPORAL_NAO_ADQUIRIDA"}},{"type":"Feature","geometry":{"type":"Point","coordinates":[-53.433610999999985,-21.998055999999963]},"properties":{"well_id":"3500027316","municipality":"Nova Andradina","hydro_unit":"Grupo Caiuá","domain":"Granular","layer_code":"T04","layer_name":"Evidência hidrogeológica datada","latest_evidence_date":"2009-09-01","latest_evidence_age_years":16.99145088537068,"dated_domains_n":2,"time_series_status":"UNKNOWN_SERIE_TEMPORAL_NAO_ADQUIRIDA"}},{"type":"Feature","geometry":{"type":"Point","coordinates":[-53.341110999999955,-22.235554999999977]},"properties":{"well_id":"3500023387","municipality":"Nova Andradina","hydro_unit":"Grupo Caiuá","domain":"Granular","layer_code":"T04","layer_name":"Evidência hidrogeológica datada","latest_evidence_date":"1994-08-22","latest_evidence_age_years":32.01982244673059,"dated_domains_n":1,"time_series_status":"UNKNOWN_SERIE_TEMPORAL_NAO_ADQUIRIDA"}},{"type":"Feature","geometry":{"type":"Point","coordinates":[-52.385276999999974,-21.717221999999936]},"properties":{"well_id":"3500023275","municipality":"Bataguassu","hydro_unit":"Grupo Caiuá","domain":"Granular","layer_code":"T04","layer_name":"Evidência hidrogeológica datada","latest_evidence_date":"1985-02-24","latest_evidence_age_years":41.509408132952764,"dated_domains_n":1,"time_series_status":"UNKNOWN_SERIE_TEMPORAL_NAO_ADQUIRIDA"}},{"type":"Feature","geometry":{"type":"Point","coordinates":[-53.34944399999995,-22.485554999999977]},"properties":{"well_id":"3500023384","municipality":"Taquarussu","hydro_unit":"Grupo Caiuá","domain":"Granular","layer_code":"T04","layer_name":"Evidência hidrogeológica datada","latest_evidence_date":"1995-04-06","latest_evidence_age_years":31.398317556144207,"dated_domains_n":1,"time_series_status":"UNKNOWN_SERIE_TEMPORAL_NAO_ADQUIRIDA"}},{"type":"Feature","geometry":{"type":"Point","coordinates":[-56.287499999999966,-20.13999999999993]},"properties":{"well_id":"3500053085","municipality":"Miranda","hydro_unit":"Grupo Cuiaba","domain":"Fraturada","layer_code":"T04","layer_name":"Evidência hidrogeológica datada","latest_evidence_date":"2010-01-01","latest_evidence_age_years":16.65742623051808,"dated_domains_n":2,"time_series_status":"UNKNOWN_SERIE_TEMPORAL_NAO_ADQUIRIDA"}},{"type":"Feature","geometry":{"type":"Point","coordinates":[-53.92777799999993,-22.371110999999928]},"properties":{"well_id":"3500027157","municipality":"Ivinhema","hydro_unit":"Grupo Caiuá","domain":"Granular","layer_code":"T04","layer_name":"Evidência hidrogeológica datada","latest_evidence_date":"2009-08-27","latest_evidence_age_years":17.00514042040562,"dated_domains_n":2,"time_series_status":"UNKNOWN_SERIE_TEMPORAL_NAO_ADQUIRIDA"}},{"type":"Feature","geometry":{"type":"Point","coordinates":[-52.03333299999997,-21.25222199999996]},"properties":{"well_id":"3500023287","municipality":"Brasilândia","hydro_unit":"Grupo Caiuá","domain":"Granular","layer_code":"T04","layer_name":"Evidência hidrogeológica datada","latest_evidence_date":"1978-09-29","latest_evidence_age_years":47.91611052930587,"dated_domains_n":2,"time_series_status":"UNKNOWN_SERIE_TEMPORAL_NAO_ADQUIRIDA"}},{"type":"Feature","geometry":{"type":"Point","coordinates":[-54.590555999999935,-20.468610999999953]},"properties":{"well_id":"3500026928","municipality":"Campo Grande","hydro_unit":"Formação Serra Geral","domain":"Fraturada","layer_code":"T04","layer_name":"Evidência hidrogeológica datada","latest_evidence_date":"2008-12-09","latest_evidence_age_years":17.71973414922962,"dated_domains_n":2,"time_series_status":"UNKNOWN_SERIE_TEMPORAL_NAO_ADQUIRIDA"}},{"type":"Feature","geometry":{"type":"Point","coordinates":[-54.85861099999994,-22.080555999999945]},"properties":{"well_id":"3500045603","municipality":"Itaporã","hydro_unit":"Formação Serra Geral","domain":"Fraturada","layer_code":"T04","layer_name":"Evidência hidrogeológica datada","latest_evidence_date":"2012-07-05","latest_evidence_age_years":14.149503412116607,"dated_domains_n":3,"time_series_status":"UNKNOWN_SERIE_TEMPORAL_NAO_ADQUIRIDA"}},{"type":"Feature","geometry":{"type":"Point","coordinates":[-54.67194399999994,-20.459721999999942]},"properties":{"well_id":"3500045608","municipality":"Campo Grande","hydro_unit":"Formação Serra Geral","domain":"Fraturada","layer_code":"T04","layer_name":"Evidência hidrogeológica datada","latest_evidence_date":"2010-05-11","latest_evidence_age_years":16.301498319609575,"dated_domains_n":2,"time_series_status":"UNKNOWN_SERIE_TEMPORAL_NAO_ADQUIRIDA"}},{"type":"Feature","geometry":{"type":"Point","coordinates":[-54.20472199999995,-21.836666999999977]},"properties":{"well_id":"3500045675","municipality":"Rio Brilhante","hydro_unit":"Grupo Caiuá","domain":"Granular","layer_code":"T04","layer_name":"Evidência hidrogeológica datada","latest_evidence_date":"2010-03-26","latest_evidence_age_years":16.427442041931045,"dated_domains_n":2,"time_series_status":"UNKNOWN_SERIE_TEMPORAL_NAO_ADQUIRIDA"}},{"type":"Feature","geometry":{"type":"Point","coordinates":[-54.57111099999997,-20.37722199999996]},"properties":{"well_id":"3500045693","municipality":"Campo Grande","hydro_unit":"Formação Serra Geral","domain":"Fraturada","layer_code":"T04","layer_name":"Evidência hidrogeológica datada","latest_evidence_date":"2009-09-28","latest_evidence_age_years":16.91752739618199,"dated_domains_n":2,"time_series_status":"UNKNOWN_SERIE_TEMPORAL_NAO_ADQUIRIDA"}},{"type":"Feature","geometry":{"type":"Point","coordinates":[-51.82111099999997,-20.988888999999972]},"properties":{"well_id":"3500045705","municipality":"Três Lagoas","hydro_unit":"Grupo Caiuá","domain":"Granular","layer_code":"T04","layer_name":"Evidência hidrogeológica datada","latest_evidence_date":"2012-09-04","latest_evidence_age_years":13.982491084690308,"dated_domains_n":2,"time_series_status":"UNKNOWN_SERIE_TEMPORAL_NAO_ADQUIRIDA"}},{"type":"Feature","geometry":{"type":"Point","coordinates":[-51.83527799999996,-20.997777999999983]},"properties":{"well_id":"3500045707","municipality":"Três Lagoas","hydro_unit":"Grupo Caiuá","domain":"Granular","layer_code":"T04","layer_name":"Evidência hidrogeológica datada","latest_evidence_date":"2012-07-10","latest_evidence_age_years":14.135813877081665,"dated_domains_n":2,"time_series_status":"UNKNOWN_SERIE_TEMPORAL_NAO_ADQUIRIDA"}},{"type":"Feature","geometry":{"type":"Point","coordinates":[-54.72111099999995,-20.47888899999998]},"properties":{"well_id":"3500065038","municipality":"Campo Grande","hydro_unit":"Formação Serra Geral","domain":"Fraturada","layer_code":"T04","layer_name":"Evidência hidrogeológica datada","latest_evidence_date":"2016-07-18","latest_evidence_age_years":10.113828483815547,"dated_domains_n":2,"time_series_status":"UNKNOWN_SERIE_TEMPORAL_NAO_ADQUIRIDA"}},{"type":"Feature","geometry":{"type":"Point","coordinates":[-54.34722199999993,-22.32416699999993]},"properties":{"well_id":"3500065055","municipality":"Fátima do Sul","hydro_unit":"Formação Serra Geral","domain":"Fraturada","layer_code":"T04","layer_name":"Evidência hidrogeológica datada","latest_evidence_date":"2016-06-13","latest_evidence_age_years":10.209655229060145,"dated_domains_n":2,"time_series_status":"UNKNOWN_SERIE_TEMPORAL_NAO_ADQUIRIDA"}},{"type":"Feature","geometry":{"type":"Point","coordinates":[-54.40833299999997,-23.892777999999964]},"properties":{"well_id":"3500065062","municipality":"Japorã","hydro_unit":"Grupo Caiuá","domain":"Granular","layer_code":"T04","layer_name":"Evidência hidrogeológica datada","latest_evidence_date":"2016-05-02","latest_evidence_age_years":10.324647323353663,"dated_domains_n":2,"time_series_status":"UNKNOWN_SERIE_TEMPORAL_NAO_ADQUIRIDA"}},{"type":"Feature","geometry":{"type":"Point","coordinates":[-54.85722199999998,-18.925832999999955]},"properties":{"well_id":"3500065071","municipality":"Rio Verde de Mato Grosso","hydro_unit":"Formação Furnas","domain":"Granular","layer_code":"T04","layer_name":"Evidência hidrogeológica datada","latest_evidence_date":"2015-08-17","latest_evidence_age_years":11.033765238163685,"dated_domains_n":2,"time_series_status":"UNKNOWN_SERIE_TEMPORAL_NAO_ADQUIRIDA"}},{"type":"Feature","geometry":{"type":"Point","coordinates":[-53.632221999999956,-18.678610999999933]},"properties":{"well_id":"3500065057","municipality":"Figueirão","hydro_unit":"Formação Botucatu","domain":"Granular","layer_code":"T04","layer_name":"Evidência hidrogeológica datada","latest_evidence_date":"2015-11-23","latest_evidence_age_years":10.765450351478812,"dated_domains_n":2,"time_series_status":"UNKNOWN_SERIE_TEMPORAL_NAO_ADQUIRIDA"}},{"type":"Feature","geometry":{"type":"Point","coordinates":[-53.708887999999945,-18.325832999999932]},"properties":{"well_id":"3500022590","municipality":"Alcinópolis","hydro_unit":"Grupo Caiuá","domain":"Granular","layer_code":"T04","layer_name":"Evidência hidrogeológica datada","latest_evidence_date":"2004-08-02","latest_evidence_age_years":22.073006290341347,"dated_domains_n":2,"time_series_status":"UNKNOWN_SERIE_TEMPORAL_NAO_ADQUIRIDA"}},{"type":"Feature","geometry":{"type":"Point","coordinates":[-54.79472199999998,-22.08722199999994]},"properties":{"well_id":"3500023068","municipality":"Itaporã","hydro_unit":"Formação Serra Geral","domain":"Fraturada","layer_code":"T04","layer_name":"Evidência hidrogeológica datada","latest_evidence_date":"2003-10-23","latest_evidence_age_years":22.850571880326083,"dated_domains_n":2,"time_series_status":"UNKNOWN_SERIE_TEMPORAL_NAO_ADQUIRIDA"}},{"type":"Feature","geometry":{"type":"Point","coordinates":[-56.601943999999946,-21.54249999999996]},"properties":{"well_id":"3500023124","municipality":"Jardim","hydro_unit":"Grupo Cuiaba","domain":"Cárstica","layer_code":"T04","layer_name":"Evidência hidrogeológica datada","latest_evidence_date":"2004-08-06","latest_evidence_age_years":22.062054662313393,"dated_domains_n":2,"time_series_status":"UNKNOWN_SERIE_TEMPORAL_NAO_ADQUIRIDA"}},{"type":"Feature","geometry":{"type":"Point","coordinates":[-54.041110999999944,-19.53611099999995]},"properties":{"well_id":"3500065089","municipality":"Camapuã","hydro_unit":"Formação Botucatu","domain":"Granular","layer_code":"T04","layer_name":"Evidência hidrogeológica datada","latest_evidence_date":"2019-09-05","latest_evidence_age_years":6.9816628678206945,"dated_domains_n":2,"time_series_status":"UNKNOWN_SERIE_TEMPORAL_NAO_ADQUIRIDA"}},{"type":"Feature","geometry":{"type":"Point","coordinates":[-54.57611099999997,-19.394999999999982]},"properties":{"well_id":"3500065124","municipality":"São Gabriel do Oeste","hydro_unit":"Grupo Bauru","domain":"Granular","layer_code":"T04","layer_name":"Evidência hidrogeológica datada","latest_evidence_date":"2019-09-09","latest_evidence_age_years":6.97071123979274,"dated_domains_n":2,"time_series_status":"UNKNOWN_SERIE_TEMPORAL_NAO_ADQUIRIDA"}},{"type":"Feature","geometry":{"type":"Point","coordinates":[-54.03972199999998,-19.558055999999965]},"properties":{"well_id":"3500065023","municipality":"Camapuã","hydro_unit":"Formação Botucatu","domain":"Granular","layer_code":"T04","layer_name":"Evidência hidrogeológica datada","latest_evidence_date":"2016-01-19","latest_evidence_age_years":10.609389652080466,"dated_domains_n":2,"time_series_status":"UNKNOWN_SERIE_TEMPORAL_NAO_ADQUIRIDA"}},{"type":"Feature","geometry":{"type":"Point","coordinates":[-52.87472199999996,-20.446943999999974]},"properties":{"well_id":"3500065001","municipality":"Água Clara","hydro_unit":"Grupo Caiuá","domain":"Granular","layer_code":"T04","layer_name":"Evidência hidrogeológica datada","latest_evidence_date":"2016-12-23","latest_evidence_age_years":9.681239176711363,"dated_domains_n":2,"time_series_status":"UNKNOWN_SERIE_TEMPORAL_NAO_ADQUIRIDA"}},{"type":"Feature","geometry":{"type":"Point","coordinates":[-55.95666699999998,-22.191943999999978]},"properties":{"well_id":"3500065006","municipality":"Antônio João","hydro_unit":"Formação Serra Geral","domain":"Fraturada","layer_code":"T04","layer_name":"Evidência hidrogeológica datada","latest_evidence_date":"2016-02-22","latest_evidence_age_years":10.516300813842857,"dated_domains_n":2,"time_series_status":"UNKNOWN_SERIE_TEMPORAL_NAO_ADQUIRIDA"}},{"type":"Feature","geometry":{"type":"Point","coordinates":[-52.40888899999993,-21.709443999999962]},"properties":{"well_id":"3500065014","municipality":"Bataguassu","hydro_unit":"Grupo Caiuá","domain":"Granular","layer_code":"T04","layer_name":"Evidência hidrogeológica datada","latest_evidence_date":"2016-02-22","latest_evidence_age_years":10.516300813842857,"dated_domains_n":2,"time_series_status":"UNKNOWN_SERIE_TEMPORAL_NAO_ADQUIRIDA"}},{"type":"Feature","geometry":{"type":"Point","coordinates":[-54.694443999999976,-22.60666699999996]},"properties":{"well_id":"3500065021","municipality":"Caarapó","hydro_unit":"Grupo Caiuá","domain":"Granular","layer_code":"T04","layer_name":"Evidência hidrogeológica datada","latest_evidence_date":"2016-06-30","latest_evidence_age_years":10.16311080994134,"dated_domains_n":2,"time_series_status":"UNKNOWN_SERIE_TEMPORAL_NAO_ADQUIRIDA"}},{"type":"Feature","geometry":{"type":"Point","coordinates":[-54.640832999999986,-20.48249999999996]},"properties":{"well_id":"3500065027","municipality":"Campo Grande","hydro_unit":"Formação Serra Geral","domain":"Fraturada","layer_code":"T04","layer_name":"Evidência hidrogeológica datada","latest_evidence_date":"2016-04-14","latest_evidence_age_years":10.373929649479456,"dated_domains_n":2,"time_series_status":"UNKNOWN_SERIE_TEMPORAL_NAO_ADQUIRIDA"}},{"type":"Feature","geometry":{"type":"Point","coordinates":[-54.81444399999998,-22.59583299999997]},"properties":{"well_id":"3500026956","municipality":"Caarapó","hydro_unit":"Grupo Caiuá","domain":"Granular","layer_code":"T04","layer_name":"Evidência hidrogeológica datada","latest_evidence_date":"2009-03-20","latest_evidence_age_years":17.44320554152378,"dated_domains_n":2,"time_series_status":"UNKNOWN_SERIE_TEMPORAL_NAO_ADQUIRIDA"}},{"type":"Feature","geometry":{"type":"Point","coordinates":[-53.331110999999964,-22.248332999999946]},"properties":{"well_id":"3500026987","municipality":"Nova Andradina","hydro_unit":"Grupo Caiuá","domain":"Granular","layer_code":"T04","layer_name":"Evidência hidrogeológica datada","latest_evidence_date":"2009-08-27","latest_evidence_age_years":17.00514042040562,"dated_domains_n":2,"time_series_status":"UNKNOWN_SERIE_TEMPORAL_NAO_ADQUIRIDA"}},{"type":"Feature","geometry":{"type":"Point","coordinates":[-55.15777799999995,-22.278332999999975]},"properties":{"well_id":"3500027010","municipality":"Ponta Porã","hydro_unit":"Formação Serra Geral","domain":"Fraturada","layer_code":"T04","layer_name":"Evidência hidrogeológica datada","latest_evidence_date":"2009-07-15","latest_evidence_age_years":17.122870421706125,"dated_domains_n":2,"time_series_status":"UNKNOWN_SERIE_TEMPORAL_NAO_ADQUIRIDA"}},{"type":"Feature","geometry":{"type":"Point","coordinates":[-54.79777799999994,-22.112499999999955]},"properties":{"well_id":"3500027022","municipality":"Itaporã","hydro_unit":"Formação Serra Geral","domain":"Fraturada","layer_code":"T04","layer_name":"Evidência hidrogeológica datada","latest_evidence_date":"2009-10-26","latest_evidence_age_years":16.84086599998631,"dated_domains_n":2,"time_series_status":"UNKNOWN_SERIE_TEMPORAL_NAO_ADQUIRIDA"}},{"type":"Feature","geometry":{"type":"Point","coordinates":[-51.41472199999998,-20.359721999999977]},"properties":{"well_id":"3500027038","municipality":"Selvíria","hydro_unit":"Grupo Caiuá","domain":"Granular","layer_code":"T04","layer_name":"Evidência hidrogeológica datada","latest_evidence_date":"2009-08-28","latest_evidence_age_years":17.002402513398632,"dated_domains_n":2,"time_series_status":"UNKNOWN_SERIE_TEMPORAL_NAO_ADQUIRIDA"}},{"type":"Feature","geometry":{"type":"Point","coordinates":[-55.62527799999998,-21.69777799999997]},"properties":{"well_id":"3500027107","municipality":"Maracaju","hydro_unit":"Formação Serra Geral","domain":"Fraturada","layer_code":"T04","layer_name":"Evidência hidrogeológica datada","latest_evidence_date":"2010-01-13","latest_evidence_age_years":16.62457134643422,"dated_domains_n":2,"time_series_status":"UNKNOWN_SERIE_TEMPORAL_NAO_ADQUIRIDA"}},{"type":"Feature","geometry":{"type":"Point","coordinates":[-52.41888899999998,-21.71916699999997]},"properties":{"well_id":"3500027114","municipality":"Bataguassu","hydro_unit":"Grupo Caiuá","domain":"Granular","layer_code":"T04","layer_name":"Evidência hidrogeológica datada","latest_evidence_date":"2009-08-27","latest_evidence_age_years":17.00514042040562,"dated_domains_n":1,"time_series_status":"UNKNOWN_SERIE_TEMPORAL_NAO_ADQUIRIDA"}},{"type":"Feature","geometry":{"type":"Point","coordinates":[-54.79472199999998,-22.258055999999954]},"properties":{"well_id":"3500027140","municipality":"Dourados","hydro_unit":"Formação Serra Geral","domain":"Fraturada","layer_code":"T04","layer_name":"Evidência hidrogeológica datada","latest_evidence_date":"2010-05-10","latest_evidence_age_years":16.304236226616563,"dated_domains_n":2,"time_series_status":"UNKNOWN_SERIE_TEMPORAL_NAO_ADQUIRIDA"}},{"type":"Feature","geometry":{"type":"Point","coordinates":[-55.163332999999966,-21.609166999999957]},"properties":{"well_id":"3500027159","municipality":"Maracaju","hydro_unit":"Formação Serra Geral","domain":"Fraturada","layer_code":"T04","layer_name":"Evidência hidrogeológica datada","latest_evidence_date":"2010-04-26","latest_evidence_age_years":16.3425669247144,"dated_domains_n":2,"time_series_status":"UNKNOWN_SERIE_TEMPORAL_NAO_ADQUIRIDA"}},{"type":"Feature","geometry":{"type":"Point","coordinates":[-54.31416699999994,-22.214999999999975]},"properties":{"well_id":"3500045119","municipality":"Dourados","hydro_unit":"Formação Serra Geral","domain":"Fraturada","layer_code":"T04","layer_name":"Evidência hidrogeológica datada","latest_evidence_date":"2008-05-06","latest_evidence_age_years":18.313859969746126,"dated_domains_n":2,"time_series_status":"UNKNOWN_SERIE_TEMPORAL_NAO_ADQUIRIDA"}},{"type":"Feature","geometry":{"type":"Point","coordinates":[-52.87944399999998,-20.444999999999936]},"properties":{"well_id":"3500045616","municipality":"Água Clara","hydro_unit":"Grupo Caiuá","domain":"Granular","layer_code":"T04","layer_name":"Evidência hidrogeológica datada","latest_evidence_date":"2010-10-25","latest_evidence_age_years":15.844267849442494,"dated_domains_n":2,"time_series_status":"UNKNOWN_SERIE_TEMPORAL_NAO_ADQUIRIDA"}},{"type":"Feature","geometry":{"type":"Point","coordinates":[-57.465277999999955,-22.030277999999953]},"properties":{"well_id":"3500053082","municipality":"Porto Murtinho","hydro_unit":"Formação Pantanal","domain":"Granular","layer_code":"T04","layer_name":"Evidência hidrogeológica datada","latest_evidence_date":"2010-12-09","latest_evidence_age_years":15.72106203412801,"dated_domains_n":2,"time_series_status":"UNKNOWN_SERIE_TEMPORAL_NAO_ADQUIRIDA"}},{"type":"Feature","geometry":{"type":"Point","coordinates":[-53.75333299999994,-20.437776999999983]},"properties":{"well_id":"3500023256","municipality":"Ribas do Rio Pardo","hydro_unit":"Formação Serra Geral","domain":"Fraturada","layer_code":"T04","layer_name":"Evidência hidrogeológica datada","latest_evidence_date":"2019-04-27","latest_evidence_age_years":7.340328685736189,"dated_domains_n":2,"time_series_status":"UNKNOWN_SERIE_TEMPORAL_NAO_ADQUIRIDA"}},{"type":"Feature","geometry":{"type":"Point","coordinates":[-54.20055499999995,-23.05666599999995]},"properties":{"well_id":"3500023393","municipality":"Naviraí","hydro_unit":"Grupo Caiuá","domain":"Granular","layer_code":"T04","layer_name":"Evidência hidrogeológica datada","latest_evidence_date":"1975-02-10","latest_evidence_age_years":51.54931312757962,"dated_domains_n":2,"time_series_status":"UNKNOWN_SERIE_TEMPORAL_NAO_ADQUIRIDA"}}]}