{"type":"FeatureCollection","features":[{"type":"Feature","geometry":{"type":"Point","coordinates":[-56.28333299999997,-20.143332999999927]},"properties":{"well_id":"3500053084","municipality":"Miranda","hydro_unit":"Grupo Cuiaba","domain":"Fraturada","layer_code":"V05","layer_name":"Tipo de captação documentado","depth_m":30.0,"vertical_metadata_n":6,"capture_interval_status":"UNKNOWN_SEM_INTERVALO_DE_FILTRO_DEMONSTRADO"}},{"type":"Feature","geometry":{"type":"Point","coordinates":[-54.82416699999993,-22.642499999999927]},"properties":{"well_id":"3500027119","municipality":"Caarapó","hydro_unit":"Grupo Caiuá","domain":"Granular","layer_code":"V05","layer_name":"Tipo de captação documentado","depth_m":150.0,"vertical_metadata_n":6,"capture_interval_status":"UNKNOWN_SEM_INTERVALO_DE_FILTRO_DEMONSTRADO"}},{"type":"Feature","geometry":{"type":"Point","coordinates":[-51.839166999999975,-20.97083299999997]},"properties":{"well_id":"3500026917","municipality":"Três Lagoas","hydro_unit":"Grupo Caiuá","domain":"Granular","layer_code":"V05","layer_name":"Tipo de captação documentado","depth_m":34.0,"vertical_metadata_n":6,"capture_interval_status":"UNKNOWN_SEM_INTERVALO_DE_FILTRO_DEMONSTRADO"}},{"type":"Feature","geometry":{"type":"Point","coordinates":[-52.62555599999996,-18.807777999999928]},"properties":{"well_id":"3500027282","municipality":"Chapadão do Sul","hydro_unit":"Formação Cachoeirinha","domain":"Granular","layer_code":"V05","layer_name":"Tipo de captação documentado","depth_m":100.0,"vertical_metadata_n":5,"capture_interval_status":"UNKNOWN_SEM_INTERVALO_DE_FILTRO_DEMONSTRADO"}},{"type":"Feature","geometry":{"type":"Point","coordinates":[-55.08277799999996,-19.677221999999972]},"properties":{"well_id":"3500045668","municipality":"Corguinho","hydro_unit":"Formação Aquidauana","domain":"Granular","layer_code":"V05","layer_name":"Tipo de captação documentado","depth_m":90.0,"vertical_metadata_n":5,"capture_interval_status":"UNKNOWN_SEM_INTERVALO_DE_FILTRO_DEMONSTRADO"}},{"type":"Feature","geometry":{"type":"Point","coordinates":[-54.57472199999995,-23.67972199999997]},"properties":{"well_id":"3500045682","municipality":"Iguatemi","hydro_unit":"Grupo Caiuá","domain":"Granular","layer_code":"V05","layer_name":"Tipo de captação documentado","depth_m":160.0,"vertical_metadata_n":5,"capture_interval_status":"UNKNOWN_SEM_INTERVALO_DE_FILTRO_DEMONSTRADO"}},{"type":"Feature","geometry":{"type":"Point","coordinates":[-55.194999999999936,-21.613888999999972]},"properties":{"well_id":"3500053090","municipality":"Maracaju","hydro_unit":"Formação Serra Geral","domain":"Fraturada","layer_code":"V05","layer_name":"Tipo de captação documentado","depth_m":105.0,"vertical_metadata_n":5,"capture_interval_status":"UNKNOWN_SEM_INTERVALO_DE_FILTRO_DEMONSTRADO"}},{"type":"Feature","geometry":{"type":"Point","coordinates":[-55.634721999999954,-22.944166999999936]},"properties":{"well_id":"3500065009","municipality":"Aral Moreira","hydro_unit":"Formação Serra Geral","domain":"Fraturada","layer_code":"V05","layer_name":"Tipo de captação documentado","depth_m":130.0,"vertical_metadata_n":5,"capture_interval_status":"UNKNOWN_SEM_INTERVALO_DE_FILTRO_DEMONSTRADO"}},{"type":"Feature","geometry":{"type":"Point","coordinates":[-53.29814399999998,-20.012241999999958]},"properties":{"well_id":"3500068739","municipality":"Ribas do Rio Pardo","hydro_unit":"Grupo Caiuá","domain":"Granular","layer_code":"V05","layer_name":"Tipo de captação documentado","depth_m":74.0,"vertical_metadata_n":4,"capture_interval_status":"UNKNOWN_SEM_INTERVALO_DE_FILTRO_DEMONSTRADO"}},{"type":"Feature","geometry":{"type":"Point","coordinates":[-55.05638799999997,-23.968332999999973]},"properties":{"well_id":"3500023356","municipality":"Sete Quedas","hydro_unit":"Grupo Caiuá","domain":"Granular","layer_code":"V05","layer_name":"Tipo de captação documentado","depth_m":150.0,"vertical_metadata_n":6,"capture_interval_status":"UNKNOWN_SEM_INTERVALO_DE_FILTRO_DEMONSTRADO"}},{"type":"Feature","geometry":{"type":"Point","coordinates":[-54.81583299999994,-22.641943999999967]},"properties":{"well_id":"3500023368","municipality":"Caarapó","hydro_unit":"Grupo Caiuá","domain":"Granular","layer_code":"V05","layer_name":"Tipo de captação documentado","depth_m":150.0,"vertical_metadata_n":6,"capture_interval_status":"UNKNOWN_SEM_INTERVALO_DE_FILTRO_DEMONSTRADO"}},{"type":"Feature","geometry":{"type":"Point","coordinates":[-54.670555999999976,-20.534999999999968]},"properties":{"well_id":"3500045694","municipality":"Campo Grande","hydro_unit":"Formação Serra Geral","domain":"Fraturada","layer_code":"V05","layer_name":"Tipo de captação documentado","depth_m":116.0,"vertical_metadata_n":5,"capture_interval_status":"UNKNOWN_SEM_INTERVALO_DE_FILTRO_DEMONSTRADO"}},{"type":"Feature","geometry":{"type":"Point","coordinates":[-55.51444399999997,-20.744721999999967]},"properties":{"well_id":"3500023202","municipality":"Anastácio","hydro_unit":"Formação Botucatu","domain":"Granular","layer_code":"V05","layer_name":"Tipo de captação documentado","depth_m":100.0,"vertical_metadata_n":5,"capture_interval_status":"UNKNOWN_SEM_INTERVALO_DE_FILTRO_DEMONSTRADO"}},{"type":"Feature","geometry":{"type":"Point","coordinates":[-55.03499999999997,-23.97388799999993]},"properties":{"well_id":"3500023355","municipality":"Sete Quedas","hydro_unit":"Grupo Caiuá","domain":"Granular","layer_code":"V05","layer_name":"Tipo de captação documentado","depth_m":150.0,"vertical_metadata_n":5,"capture_interval_status":"UNKNOWN_SEM_INTERVALO_DE_FILTRO_DEMONSTRADO"}},{"type":"Feature","geometry":{"type":"Point","coordinates":[-51.864443999999935,-19.73166599999996]},"properties":{"well_id":"3500023312","municipality":"Inocência","hydro_unit":"Grupo Bauru","domain":"Granular","layer_code":"V05","layer_name":"Tipo de captação documentado","depth_m":115.0,"vertical_metadata_n":5,"capture_interval_status":"UNKNOWN_SEM_INTERVALO_DE_FILTRO_DEMONSTRADO"}},{"type":"Feature","geometry":{"type":"Point","coordinates":[-51.77472199999994,-20.97888899999998]},"properties":{"well_id":"3500045646","municipality":"Três Lagoas","hydro_unit":"Grupo Caiuá","domain":"Granular","layer_code":"V05","layer_name":"Tipo de captação documentado","depth_m":100.0,"vertical_metadata_n":5,"capture_interval_status":"UNKNOWN_SEM_INTERVALO_DE_FILTRO_DEMONSTRADO"}},{"type":"Feature","geometry":{"type":"Point","coordinates":[-51.87805599999996,-20.797499999999957]},"properties":{"well_id":"3500045662","municipality":"Três Lagoas","hydro_unit":"Grupo Caiuá","domain":"Granular","layer_code":"V05","layer_name":"Tipo de captação documentado","depth_m":200.0,"vertical_metadata_n":5,"capture_interval_status":"UNKNOWN_SEM_INTERVALO_DE_FILTRO_DEMONSTRADO"}},{"type":"Feature","geometry":{"type":"Point","coordinates":[-54.56444399999998,-20.631388999999956]},"properties":{"well_id":"3500045700","municipality":"Campo Grande","hydro_unit":"Formação Serra Geral","domain":"Fraturada","layer_code":"V05","layer_name":"Tipo de captação documentado","depth_m":78.0,"vertical_metadata_n":5,"capture_interval_status":"UNKNOWN_SEM_INTERVALO_DE_FILTRO_DEMONSTRADO"}},{"type":"Feature","geometry":{"type":"Point","coordinates":[-56.48361099999994,-21.01111099999997]},"properties":{"well_id":"3500030618","municipality":"Bonito","hydro_unit":"Grupo Cuiaba","domain":"Fraturada","layer_code":"V05","layer_name":"Tipo de captação documentado","depth_m":35.0,"vertical_metadata_n":3,"capture_interval_status":"UNKNOWN_SEM_INTERVALO_DE_FILTRO_DEMONSTRADO"}},{"type":"Feature","geometry":{"type":"Point","coordinates":[-55.11916699999995,-20.74166699999995]},"properties":{"well_id":"3500045691","municipality":"Sidrolândia","hydro_unit":"Formação Serra Geral","domain":"Fraturada","layer_code":"V05","layer_name":"Tipo de captação documentado","depth_m":120.0,"vertical_metadata_n":4,"capture_interval_status":"UNKNOWN_SEM_INTERVALO_DE_FILTRO_DEMONSTRADO"}},{"type":"Feature","geometry":{"type":"Point","coordinates":[-56.35305599999998,-19.955832999999927]},"properties":{"well_id":"3500053083","municipality":"Miranda","hydro_unit":"Grupo Cuiaba","domain":"Fraturada","layer_code":"V05","layer_name":"Tipo de captação documentado","depth_m":38.0,"vertical_metadata_n":6,"capture_interval_status":"UNKNOWN_SEM_INTERVALO_DE_FILTRO_DEMONSTRADO"}},{"type":"Feature","geometry":{"type":"Point","coordinates":[-56.52111099999996,-19.869166999999948]},"properties":{"well_id":"3500053086","municipality":"Miranda","hydro_unit":"Formação Pantanal","domain":"Granular","layer_code":"V05","layer_name":"Tipo de captação documentado","depth_m":40.0,"vertical_metadata_n":5,"capture_interval_status":"UNKNOWN_SEM_INTERVALO_DE_FILTRO_DEMONSTRADO"}},{"type":"Feature","geometry":{"type":"Point","coordinates":[-53.997221999999965,-22.281388999999933]},"properties":{"well_id":"3500026918","municipality":"Ivinhema","hydro_unit":"Grupo Caiuá","domain":"Granular","layer_code":"V05","layer_name":"Tipo de captação documentado","depth_m":80.0,"vertical_metadata_n":4,"capture_interval_status":"UNKNOWN_SEM_INTERVALO_DE_FILTRO_DEMONSTRADO"}},{"type":"Feature","geometry":{"type":"Point","coordinates":[-54.82583299999993,-22.621666999999945]},"properties":{"well_id":"3500027077","municipality":"Caarapó","hydro_unit":"Grupo Caiuá","domain":"Granular","layer_code":"V05","layer_name":"Tipo de captação documentado","depth_m":100.0,"vertical_metadata_n":5,"capture_interval_status":"UNKNOWN_SEM_INTERVALO_DE_FILTRO_DEMONSTRADO"}},{"type":"Feature","geometry":{"type":"Point","coordinates":[-53.268055999999945,-22.284166999999968]},"properties":{"well_id":"3500045670","municipality":"Batayporã","hydro_unit":"Grupo Caiuá","domain":"Granular","layer_code":"V05","layer_name":"Tipo de captação documentado","depth_m":120.0,"vertical_metadata_n":5,"capture_interval_status":"UNKNOWN_SEM_INTERVALO_DE_FILTRO_DEMONSTRADO"}},{"type":"Feature","geometry":{"type":"Point","coordinates":[-51.830555999999945,-20.64666699999998]},"properties":{"well_id":"3500045703","municipality":"Três Lagoas","hydro_unit":"Grupo Caiuá","domain":"Granular","layer_code":"V05","layer_name":"Tipo de captação documentado","depth_m":138.26,"vertical_metadata_n":6,"capture_interval_status":"UNKNOWN_SEM_INTERVALO_DE_FILTRO_DEMONSTRADO"}},{"type":"Feature","geometry":{"type":"Point","coordinates":[-51.87527799999998,-20.984166999999957]},"properties":{"well_id":"3500045711","municipality":"Três Lagoas","hydro_unit":"Grupo Caiuá","domain":"Granular","layer_code":"V05","layer_name":"Tipo de captação documentado","depth_m":162.0,"vertical_metadata_n":5,"capture_interval_status":"UNKNOWN_SEM_INTERVALO_DE_FILTRO_DEMONSTRADO"}},{"type":"Feature","geometry":{"type":"Point","coordinates":[-53.636665999999934,-18.677221999999972]},"properties":{"well_id":"3500023242","municipality":"Figueirão","hydro_unit":"Formação Botucatu","domain":"Granular","layer_code":"V05","layer_name":"Tipo de captação documentado","depth_m":150.0,"vertical_metadata_n":5,"capture_interval_status":"UNKNOWN_SEM_INTERVALO_DE_FILTRO_DEMONSTRADO"}},{"type":"Feature","geometry":{"type":"Point","coordinates":[-52.25166699999994,-21.72388899999993]},"properties":{"well_id":"3500065013","municipality":"Bataguassu","hydro_unit":"Depósitos aluvionares","domain":"Granular","layer_code":"V05","layer_name":"Tipo de captação documentado","depth_m":77.5,"vertical_metadata_n":4,"capture_interval_status":"UNKNOWN_SEM_INTERVALO_DE_FILTRO_DEMONSTRADO"}},{"type":"Feature","geometry":{"type":"Point","coordinates":[-52.41833299999996,-21.718610999999953]},"properties":{"well_id":"3500065016","municipality":"Bataguassu","hydro_unit":"Grupo Caiuá","domain":"Granular","layer_code":"V05","layer_name":"Tipo de captação documentado","depth_m":100.0,"vertical_metadata_n":4,"capture_interval_status":"UNKNOWN_SEM_INTERVALO_DE_FILTRO_DEMONSTRADO"}},{"type":"Feature","geometry":{"type":"Point","coordinates":[-56.67361099999994,-20.556388999999967]},"properties":{"well_id":"3500065018","municipality":"Bodoquena","hydro_unit":"Grupo Cuiaba","domain":"Fraturada","layer_code":"V05","layer_name":"Tipo de captação documentado","depth_m":60.0,"vertical_metadata_n":5,"capture_interval_status":"UNKNOWN_SEM_INTERVALO_DE_FILTRO_DEMONSTRADO"}},{"type":"Feature","geometry":{"type":"Point","coordinates":[-51.689952999999946,-19.325046999999927]},"properties":{"well_id":"3500068743","municipality":"Paranaíba","hydro_unit":"Grupo Bauru","domain":"Granular","layer_code":"V05","layer_name":"Tipo de captação documentado","depth_m":60.0,"vertical_metadata_n":4,"capture_interval_status":"UNKNOWN_SEM_INTERVALO_DE_FILTRO_DEMONSTRADO"}},{"type":"Feature","geometry":{"type":"Point","coordinates":[-52.28885299999996,-19.99198599999994]},"properties":{"well_id":"3500068742","municipality":"Três Lagoas","hydro_unit":"Grupo Caiuá","domain":"Granular","layer_code":"V05","layer_name":"Tipo de captação documentado","depth_m":76.0,"vertical_metadata_n":4,"capture_interval_status":"UNKNOWN_SEM_INTERVALO_DE_FILTRO_DEMONSTRADO"}},{"type":"Feature","geometry":{"type":"Point","coordinates":[-53.35027699999995,-22.246665999999948]},"properties":{"well_id":"3500023386","municipality":"Nova Andradina","hydro_unit":"Grupo Caiuá","domain":"Granular","layer_code":"V05","layer_name":"Tipo de captação documentado","depth_m":150.0,"vertical_metadata_n":5,"capture_interval_status":"UNKNOWN_SEM_INTERVALO_DE_FILTRO_DEMONSTRADO"}},{"type":"Feature","geometry":{"type":"Point","coordinates":[-55.62277799999998,-22.622777999999983]},"properties":{"well_id":"3500045692","municipality":"Ponta Porã","hydro_unit":"Grupo Caiuá","domain":"Granular","layer_code":"V05","layer_name":"Tipo de captação documentado","depth_m":150.0,"vertical_metadata_n":5,"capture_interval_status":"UNKNOWN_SEM_INTERVALO_DE_FILTRO_DEMONSTRADO"}},{"type":"Feature","geometry":{"type":"Point","coordinates":[-55.230276999999944,-23.09972199999993]},"properties":{"well_id":"3500023143","municipality":"Amambai","hydro_unit":"Formação Serra Geral","domain":"Fraturada","layer_code":"V05","layer_name":"Tipo de captação documentado","depth_m":148.0,"vertical_metadata_n":6,"capture_interval_status":"UNKNOWN_SEM_INTERVALO_DE_FILTRO_DEMONSTRADO"}},{"type":"Feature","geometry":{"type":"Point","coordinates":[-52.41749999999996,-21.716943999999955]},"properties":{"well_id":"3500023279","municipality":"Bataguassu","hydro_unit":"Grupo Caiuá","domain":"Granular","layer_code":"V05","layer_name":"Tipo de captação documentado","depth_m":94.0,"vertical_metadata_n":5,"capture_interval_status":"UNKNOWN_SEM_INTERVALO_DE_FILTRO_DEMONSTRADO"}},{"type":"Feature","geometry":{"type":"Point","coordinates":[-52.622776999999985,-18.803332999999952]},"properties":{"well_id":"3500023327","municipality":"Chapadão do Sul","hydro_unit":"Formação Cachoeirinha","domain":"Granular","layer_code":"V05","layer_name":"Tipo de captação documentado","depth_m":145.0,"vertical_metadata_n":5,"capture_interval_status":"UNKNOWN_SEM_INTERVALO_DE_FILTRO_DEMONSTRADO"}},{"type":"Feature","geometry":{"type":"Point","coordinates":[-55.059443999999985,-23.97444399999995]},"properties":{"well_id":"3500023357","municipality":"Sete Quedas","hydro_unit":"Grupo Caiuá","domain":"Granular","layer_code":"V05","layer_name":"Tipo de captação documentado","depth_m":150.0,"vertical_metadata_n":6,"capture_interval_status":"UNKNOWN_SEM_INTERVALO_DE_FILTRO_DEMONSTRADO"}},{"type":"Feature","geometry":{"type":"Point","coordinates":[-54.75444399999998,-20.47333299999997]},"properties":{"well_id":"3500053094","municipality":"Campo Grande","hydro_unit":"Formação Serra Geral","domain":"Fraturada","layer_code":"V05","layer_name":"Tipo de captação documentado","depth_m":215.0,"vertical_metadata_n":5,"capture_interval_status":"UNKNOWN_SEM_INTERVALO_DE_FILTRO_DEMONSTRADO"}},{"type":"Feature","geometry":{"type":"Point","coordinates":[-54.03694399999995,-19.539165999999966]},"properties":{"well_id":"3500023250","municipality":"Camapuã","hydro_unit":"Formação Botucatu","domain":"Granular","layer_code":"V05","layer_name":"Tipo de captação documentado","depth_m":160.0,"vertical_metadata_n":5,"capture_interval_status":"UNKNOWN_SEM_INTERVALO_DE_FILTRO_DEMONSTRADO"}},{"type":"Feature","geometry":{"type":"Point","coordinates":[-53.81138899999996,-22.29277799999994]},"properties":{"well_id":"3500045663","municipality":"Ivinhema","hydro_unit":"Grupo Caiuá","domain":"Granular","layer_code":"V05","layer_name":"Tipo de captação documentado","depth_m":90.0,"vertical_metadata_n":5,"capture_interval_status":"UNKNOWN_SEM_INTERVALO_DE_FILTRO_DEMONSTRADO"}},{"type":"Feature","geometry":{"type":"Point","coordinates":[-55.23555499999998,-23.103887999999927]},"properties":{"well_id":"3500023138","municipality":"Amambai","hydro_unit":"Formação Serra Geral","domain":"Fraturada","layer_code":"V05","layer_name":"Tipo de captação documentado","depth_m":150.0,"vertical_metadata_n":6,"capture_interval_status":"UNKNOWN_SEM_INTERVALO_DE_FILTRO_DEMONSTRADO"}},{"type":"Feature","geometry":{"type":"Point","coordinates":[-55.24166599999995,-23.09944399999995]},"properties":{"well_id":"3500023150","municipality":"Amambai","hydro_unit":"Formação Serra Geral","domain":"Fraturada","layer_code":"V05","layer_name":"Tipo de captação documentado","depth_m":140.0,"vertical_metadata_n":6,"capture_interval_status":"UNKNOWN_SEM_INTERVALO_DE_FILTRO_DEMONSTRADO"}},{"type":"Feature","geometry":{"type":"Point","coordinates":[-55.24222199999997,-22.73222199999998]},"properties":{"well_id":"3500023136","municipality":"Laguna Carapã","hydro_unit":"Formação Serra Geral","domain":"Fraturada","layer_code":"V05","layer_name":"Tipo de captação documentado","depth_m":150.0,"vertical_metadata_n":6,"capture_interval_status":"UNKNOWN_SEM_INTERVALO_DE_FILTRO_DEMONSTRADO"}},{"type":"Feature","geometry":{"type":"Point","coordinates":[-54.32638799999995,-19.25194399999998]},"properties":{"well_id":"3500023237","municipality":"São Gabriel do Oeste","hydro_unit":"Formação Botucatu","domain":"Granular","layer_code":"V05","layer_name":"Tipo de captação documentado","depth_m":135.0,"vertical_metadata_n":5,"capture_interval_status":"UNKNOWN_SEM_INTERVALO_DE_FILTRO_DEMONSTRADO"}},{"type":"Feature","geometry":{"type":"Point","coordinates":[-54.03333299999997,-19.53416599999997]},"properties":{"well_id":"3500023244","municipality":"Camapuã","hydro_unit":"Formação Botucatu","domain":"Granular","layer_code":"V05","layer_name":"Tipo de captação documentado","depth_m":136.0,"vertical_metadata_n":5,"capture_interval_status":"UNKNOWN_SEM_INTERVALO_DE_FILTRO_DEMONSTRADO"}},{"type":"Feature","geometry":{"type":"Point","coordinates":[-54.038610999999946,-19.561387999999965]},"properties":{"well_id":"3500023245","municipality":"Camapuã","hydro_unit":"Formação Botucatu","domain":"Granular","layer_code":"V05","layer_name":"Tipo de captação documentado","depth_m":110.0,"vertical_metadata_n":6,"capture_interval_status":"UNKNOWN_SEM_INTERVALO_DE_FILTRO_DEMONSTRADO"}},{"type":"Feature","geometry":{"type":"Point","coordinates":[-54.58472199999994,-19.402221999999938]},"properties":{"well_id":"3500023236","municipality":"São Gabriel do Oeste","hydro_unit":"Grupo Bauru","domain":"Granular","layer_code":"V05","layer_name":"Tipo de captação documentado","depth_m":83.0,"vertical_metadata_n":6,"capture_interval_status":"UNKNOWN_SEM_INTERVALO_DE_FILTRO_DEMONSTRADO"}},{"type":"Feature","geometry":{"type":"Point","coordinates":[-55.863887999999974,-21.16999999999996]},"properties":{"well_id":"3500023343","municipality":"Nioaque","hydro_unit":"Formação Botucatu","domain":"Granular","layer_code":"V05","layer_name":"Tipo de captação documentado","depth_m":86.0,"vertical_metadata_n":5,"capture_interval_status":"UNKNOWN_SEM_INTERVALO_DE_FILTRO_DEMONSTRADO"}},{"type":"Feature","geometry":{"type":"Point","coordinates":[-54.23638799999998,-22.406110999999953]},"properties":{"well_id":"3500023379","municipality":"Glória de Dourados","hydro_unit":"Formação Serra Geral","domain":"Fraturada","layer_code":"V05","layer_name":"Tipo de captação documentado","depth_m":82.2,"vertical_metadata_n":5,"capture_interval_status":"UNKNOWN_SEM_INTERVALO_DE_FILTRO_DEMONSTRADO"}},{"type":"Feature","geometry":{"type":"Point","coordinates":[-54.69027799999998,-22.61861099999993]},"properties":{"well_id":"3500045606","municipality":"Caarapó","hydro_unit":"Grupo Caiuá","domain":"Granular","layer_code":"V05","layer_name":"Tipo de captação documentado","depth_m":722.0,"vertical_metadata_n":6,"capture_interval_status":"UNKNOWN_SEM_INTERVALO_DE_FILTRO_DEMONSTRADO"}},{"type":"Feature","geometry":{"type":"Point","coordinates":[-51.143888999999945,-20.144999999999982]},"properties":{"well_id":"3500026837","municipality":"Aparecida do Taboado","hydro_unit":"Grupo Caiuá","domain":"Granular","layer_code":"V05","layer_name":"Tipo de captação documentado","depth_m":52.0,"vertical_metadata_n":5,"capture_interval_status":"UNKNOWN_SEM_INTERVALO_DE_FILTRO_DEMONSTRADO"}},{"type":"Feature","geometry":{"type":"Point","coordinates":[-53.75111099999998,-20.478332999999964]},"properties":{"well_id":"3500028111","municipality":"Ribas do Rio Pardo","hydro_unit":"Grupo Caiuá","domain":"Granular","layer_code":"V05","layer_name":"Tipo de captação documentado","depth_m":50.0,"vertical_metadata_n":5,"capture_interval_status":"UNKNOWN_SEM_INTERVALO_DE_FILTRO_DEMONSTRADO"}},{"type":"Feature","geometry":{"type":"Point","coordinates":[-53.63638899999995,-18.682777999999928]},"properties":{"well_id":"3500034022","municipality":"Figueirão","hydro_unit":"Formação Botucatu","domain":"Granular","layer_code":"V05","layer_name":"Tipo de captação documentado","depth_m":60.0,"vertical_metadata_n":4,"capture_interval_status":"UNKNOWN_SEM_INTERVALO_DE_FILTRO_DEMONSTRADO"}},{"type":"Feature","geometry":{"type":"Point","coordinates":[-52.42055499999998,-21.72222199999993]},"properties":{"well_id":"3500023276","municipality":"Bataguassu","hydro_unit":"Grupo Caiuá","domain":"Granular","layer_code":"V05","layer_name":"Tipo de captação documentado","depth_m":110.0,"vertical_metadata_n":5,"capture_interval_status":"UNKNOWN_SEM_INTERVALO_DE_FILTRO_DEMONSTRADO"}},{"type":"Feature","geometry":{"type":"Point","coordinates":[-52.748887999999965,-21.31833299999994]},"properties":{"well_id":"3500023285","municipality":"Santa Rita do Pardo","hydro_unit":"Grupo Caiuá","domain":"Granular","layer_code":"V05","layer_name":"Tipo de captação documentado","depth_m":122.0,"vertical_metadata_n":5,"capture_interval_status":"UNKNOWN_SEM_INTERVALO_DE_FILTRO_DEMONSTRADO"}},{"type":"Feature","geometry":{"type":"Point","coordinates":[-52.61972199999997,-18.791665999999964]},"properties":{"well_id":"3500023330","municipality":"Chapadão do Sul","hydro_unit":"Formação Cachoeirinha","domain":"Granular","layer_code":"V05","layer_name":"Tipo de captação documentado","depth_m":130.0,"vertical_metadata_n":4,"capture_interval_status":"UNKNOWN_SEM_INTERVALO_DE_FILTRO_DEMONSTRADO"}},{"type":"Feature","geometry":{"type":"Point","coordinates":[-54.41833299999996,-23.902499999999975]},"properties":{"well_id":"3500023362","municipality":"Japorã","hydro_unit":"Grupo Caiuá","domain":"Granular","layer_code":"V05","layer_name":"Tipo de captação documentado","depth_m":103.5,"vertical_metadata_n":5,"capture_interval_status":"UNKNOWN_SEM_INTERVALO_DE_FILTRO_DEMONSTRADO"}},{"type":"Feature","geometry":{"type":"Point","coordinates":[-54.39777699999996,-23.893610999999964]},"properties":{"well_id":"3500023363","municipality":"Japorã","hydro_unit":"Grupo Caiuá","domain":"Granular","layer_code":"V05","layer_name":"Tipo de captação documentado","depth_m":102.0,"vertical_metadata_n":5,"capture_interval_status":"UNKNOWN_SEM_INTERVALO_DE_FILTRO_DEMONSTRADO"}},{"type":"Feature","geometry":{"type":"Point","coordinates":[-51.10305499999998,-20.083054999999945]},"properties":{"well_id":"3500023313","municipality":"Aparecida do Taboado","hydro_unit":"Grupo Caiuá","domain":"Granular","layer_code":"V05","layer_name":"Tipo de captação documentado","depth_m":105.0,"vertical_metadata_n":5,"capture_interval_status":"UNKNOWN_SEM_INTERVALO_DE_FILTRO_DEMONSTRADO"}},{"type":"Feature","geometry":{"type":"Point","coordinates":[-51.103332999999964,-20.08666599999998]},"properties":{"well_id":"3500023316","municipality":"Aparecida do Taboado","hydro_unit":"Grupo Caiuá","domain":"Granular","layer_code":"V05","layer_name":"Tipo de captação documentado","depth_m":300.0,"vertical_metadata_n":5,"capture_interval_status":"UNKNOWN_SEM_INTERVALO_DE_FILTRO_DEMONSTRADO"}},{"type":"Feature","geometry":{"type":"Point","coordinates":[-54.069721999999956,-22.965276999999958]},"properties":{"well_id":"3500023373","municipality":"Naviraí","hydro_unit":"Grupo Caiuá","domain":"Granular","layer_code":"V05","layer_name":"Tipo de captação documentado","depth_m":120.0,"vertical_metadata_n":6,"capture_interval_status":"UNKNOWN_SEM_INTERVALO_DE_FILTRO_DEMONSTRADO"}},{"type":"Feature","geometry":{"type":"Point","coordinates":[-54.86555499999997,-20.407776999999953]},"properties":{"well_id":"3500023391","municipality":"Terenos","hydro_unit":"Formação Serra Geral","domain":"Fraturada","layer_code":"V05","layer_name":"Tipo de captação documentado","depth_m":150.0,"vertical_metadata_n":6,"capture_interval_status":"UNKNOWN_SEM_INTERVALO_DE_FILTRO_DEMONSTRADO"}},{"type":"Feature","geometry":{"type":"Point","coordinates":[-54.04305499999998,-19.526665999999977]},"properties":{"well_id":"3500023248","municipality":"Camapuã","hydro_unit":"Formação Botucatu","domain":"Granular","layer_code":"V05","layer_name":"Tipo de captação documentado","depth_m":156.0,"vertical_metadata_n":5,"capture_interval_status":"UNKNOWN_SEM_INTERVALO_DE_FILTRO_DEMONSTRADO"}},{"type":"Feature","geometry":{"type":"Point","coordinates":[-52.72194399999995,-22.19055499999996]},"properties":{"well_id":"3500023183","municipality":"Anaurilândia","hydro_unit":"Grupo Caiuá","domain":"Granular","layer_code":"V05","layer_name":"Tipo de captação documentado","depth_m":103.0,"vertical_metadata_n":5,"capture_interval_status":"UNKNOWN_SEM_INTERVALO_DE_FILTRO_DEMONSTRADO"}},{"type":"Feature","geometry":{"type":"Point","coordinates":[-51.73444399999994,-20.780832999999973]},"properties":{"well_id":"3500023298","municipality":"Três Lagoas","hydro_unit":"Grupo Caiuá","domain":"Granular","layer_code":"V05","layer_name":"Tipo de captação documentado","depth_m":118.0,"vertical_metadata_n":5,"capture_interval_status":"UNKNOWN_SEM_INTERVALO_DE_FILTRO_DEMONSTRADO"}},{"type":"Feature","geometry":{"type":"Point","coordinates":[-54.18888799999996,-23.04361099999994]},"properties":{"well_id":"3500023371","municipality":"Naviraí","hydro_unit":"Grupo Caiuá","domain":"Granular","layer_code":"V05","layer_name":"Tipo de captação documentado","depth_m":102.0,"vertical_metadata_n":4,"capture_interval_status":"UNKNOWN_SEM_INTERVALO_DE_FILTRO_DEMONSTRADO"}},{"type":"Feature","geometry":{"type":"Point","coordinates":[-55.33749999999998,-22.991387999999972]},"properties":{"well_id":"3500023154","municipality":"Amambai","hydro_unit":"Formação Serra Geral","domain":"Fraturada","layer_code":"V05","layer_name":"Tipo de captação documentado","depth_m":114.5,"vertical_metadata_n":5,"capture_interval_status":"UNKNOWN_SEM_INTERVALO_DE_FILTRO_DEMONSTRADO"}},{"type":"Feature","geometry":{"type":"Point","coordinates":[-55.50861099999997,-20.74361099999993]},"properties":{"well_id":"3500023199","municipality":"Dois Irmãos do Buriti","hydro_unit":"Formação Botucatu","domain":"Granular","layer_code":"V05","layer_name":"Tipo de captação documentado","depth_m":100.0,"vertical_metadata_n":5,"capture_interval_status":"UNKNOWN_SEM_INTERVALO_DE_FILTRO_DEMONSTRADO"}},{"type":"Feature","geometry":{"type":"Point","coordinates":[-55.36611099999993,-20.549165999999957]},"properties":{"well_id":"3500023212","municipality":"Dois Irmãos do Buriti","hydro_unit":"Formação Botucatu","domain":"Granular","layer_code":"V05","layer_name":"Tipo de captação documentado","depth_m":100.0,"vertical_metadata_n":5,"capture_interval_status":"UNKNOWN_SEM_INTERVALO_DE_FILTRO_DEMONSTRADO"}},{"type":"Feature","geometry":{"type":"Point","coordinates":[-54.78111099999995,-19.68083299999995]},"properties":{"well_id":"3500023223","municipality":"Corguinho","hydro_unit":"Formação Botucatu","domain":"Granular","layer_code":"V05","layer_name":"Tipo de captação documentado","depth_m":85.5,"vertical_metadata_n":5,"capture_interval_status":"UNKNOWN_SEM_INTERVALO_DE_FILTRO_DEMONSTRADO"}},{"type":"Feature","geometry":{"type":"Point","coordinates":[-53.91916699999996,-22.369166999999948]},"properties":{"well_id":"3500026836","municipality":"Ivinhema","hydro_unit":"Grupo Caiuá","domain":"Granular","layer_code":"V05","layer_name":"Tipo de captação documentado","depth_m":60.0,"vertical_metadata_n":5,"capture_interval_status":"UNKNOWN_SEM_INTERVALO_DE_FILTRO_DEMONSTRADO"}},{"type":"Feature","geometry":{"type":"Point","coordinates":[-54.326666999999986,-19.25499999999994]},"properties":{"well_id":"3500028109","municipality":"São Gabriel do Oeste","hydro_unit":"Formação Botucatu","domain":"Granular","layer_code":"V05","layer_name":"Tipo de captação documentado","depth_m":66.0,"vertical_metadata_n":5,"capture_interval_status":"UNKNOWN_SEM_INTERVALO_DE_FILTRO_DEMONSTRADO"}},{"type":"Feature","geometry":{"type":"Point","coordinates":[-52.819721999999956,-20.46111099999996]},"properties":{"well_id":"3500029180","municipality":"Água Clara","hydro_unit":"Grupo Caiuá","domain":"Granular","layer_code":"V05","layer_name":"Tipo de captação documentado","depth_m":58.0,"vertical_metadata_n":5,"capture_interval_status":"UNKNOWN_SEM_INTERVALO_DE_FILTRO_DEMONSTRADO"}},{"type":"Feature","geometry":{"type":"Point","coordinates":[-55.78527699999995,-20.455554999999947]},"properties":{"well_id":"3500023188","municipality":"Aquidauana","hydro_unit":"Formação Aquidauana","domain":"Granular","layer_code":"V05","layer_name":"Tipo de captação documentado","depth_m":120.0,"vertical_metadata_n":5,"capture_interval_status":"UNKNOWN_SEM_INTERVALO_DE_FILTRO_DEMONSTRADO"}},{"type":"Feature","geometry":{"type":"Point","coordinates":[-53.771387999999945,-22.15916599999997]},"properties":{"well_id":"3500023171","municipality":"Angélica","hydro_unit":"Grupo Caiuá","domain":"Granular","layer_code":"V05","layer_name":"Tipo de captação documentado","depth_m":96.0,"vertical_metadata_n":5,"capture_interval_status":"UNKNOWN_SEM_INTERVALO_DE_FILTRO_DEMONSTRADO"}},{"type":"Feature","geometry":{"type":"Point","coordinates":[-54.737221999999974,-19.726665999999966]},"properties":{"well_id":"3500023225","municipality":"Corguinho","hydro_unit":"Formação Botucatu","domain":"Granular","layer_code":"V05","layer_name":"Tipo de captação documentado","depth_m":60.0,"vertical_metadata_n":5,"capture_interval_status":"UNKNOWN_SEM_INTERVALO_DE_FILTRO_DEMONSTRADO"}},{"type":"Feature","geometry":{"type":"Point","coordinates":[-54.427776999999935,-21.651943999999958]},"properties":{"well_id":"3500023262","municipality":"Rio Brilhante","hydro_unit":"Formação Serra Geral","domain":"Fraturada","layer_code":"V05","layer_name":"Tipo de captação documentado","depth_m":150.0,"vertical_metadata_n":5,"capture_interval_status":"UNKNOWN_SEM_INTERVALO_DE_FILTRO_DEMONSTRADO"}},{"type":"Feature","geometry":{"type":"Point","coordinates":[-54.39194399999997,-21.76666599999993]},"properties":{"well_id":"3500023268","municipality":"Rio Brilhante","hydro_unit":"Formação Serra Geral","domain":"Fraturada","layer_code":"V05","layer_name":"Tipo de captação documentado","depth_m":100.0,"vertical_metadata_n":5,"capture_interval_status":"UNKNOWN_SEM_INTERVALO_DE_FILTRO_DEMONSTRADO"}},{"type":"Feature","geometry":{"type":"Point","coordinates":[-54.44222199999996,-21.447776999999974]},"properties":{"well_id":"3500023271","municipality":"Nova Alvorada do Sul","hydro_unit":"Formação Serra Geral","domain":"Fraturada","layer_code":"V05","layer_name":"Tipo de captação documentado","depth_m":57.0,"vertical_metadata_n":5,"capture_interval_status":"UNKNOWN_SEM_INTERVALO_DE_FILTRO_DEMONSTRADO"}},{"type":"Feature","geometry":{"type":"Point","coordinates":[-52.61999999999995,-18.81361099999998]},"properties":{"well_id":"3500023331","municipality":"Chapadão do Sul","hydro_unit":"Formação Cachoeirinha","domain":"Granular","layer_code":"V05","layer_name":"Tipo de captação documentado","depth_m":158.0,"vertical_metadata_n":5,"capture_interval_status":"UNKNOWN_SEM_INTERVALO_DE_FILTRO_DEMONSTRADO"}},{"type":"Feature","geometry":{"type":"Point","coordinates":[-53.143332999999984,-18.530276999999955]},"properties":{"well_id":"3500023335","municipality":"Costa Rica","hydro_unit":"Grupo Caiuá","domain":"Granular","layer_code":"V05","layer_name":"Tipo de captação documentado","depth_m":90.0,"vertical_metadata_n":6,"capture_interval_status":"UNKNOWN_SEM_INTERVALO_DE_FILTRO_DEMONSTRADO"}},{"type":"Feature","geometry":{"type":"Point","coordinates":[-53.27416599999998,-22.300276999999937]},"properties":{"well_id":"3500023382","municipality":"Batayporã","hydro_unit":"Grupo Caiuá","domain":"Granular","layer_code":"V05","layer_name":"Tipo de captação documentado","depth_m":112.0,"vertical_metadata_n":5,"capture_interval_status":"UNKNOWN_SEM_INTERVALO_DE_FILTRO_DEMONSTRADO"}},{"type":"Feature","geometry":{"type":"Point","coordinates":[-54.56749999999994,-21.768054999999947]},"properties":{"well_id":"3500023266","municipality":"Rio Brilhante","hydro_unit":"Formação Serra Geral","domain":"Fraturada","layer_code":"V05","layer_name":"Tipo de captação documentado","depth_m":306.0,"vertical_metadata_n":6,"capture_interval_status":"UNKNOWN_SEM_INTERVALO_DE_FILTRO_DEMONSTRADO"}},{"type":"Feature","geometry":{"type":"Point","coordinates":[-54.58527799999996,-20.52388899999994]},"properties":{"well_id":"3500045697","municipality":"Campo Grande","hydro_unit":"Formação Serra Geral","domain":"Fraturada","layer_code":"V05","layer_name":"Tipo de captação documentado","depth_m":123.0,"vertical_metadata_n":5,"capture_interval_status":"UNKNOWN_SEM_INTERVALO_DE_FILTRO_DEMONSTRADO"}},{"type":"Feature","geometry":{"type":"Point","coordinates":[-53.28249999999997,-22.284999999999968]},"properties":{"well_id":"3500045661","municipality":"Batayporã","hydro_unit":"Grupo Caiuá","domain":"Granular","layer_code":"V05","layer_name":"Tipo de captação documentado","depth_m":120.0,"vertical_metadata_n":4,"capture_interval_status":"UNKNOWN_SEM_INTERVALO_DE_FILTRO_DEMONSTRADO"}},{"type":"Feature","geometry":{"type":"Point","coordinates":[-54.56694399999998,-19.383888999999954]},"properties":{"well_id":"3500030630","municipality":"São Gabriel do Oeste","hydro_unit":"Grupo Bauru","domain":"Granular","layer_code":"V05","layer_name":"Tipo de captação documentado","depth_m":35.0,"vertical_metadata_n":3,"capture_interval_status":"UNKNOWN_SEM_INTERVALO_DE_FILTRO_DEMONSTRADO"}},{"type":"Feature","geometry":{"type":"Point","coordinates":[-54.84833299999997,-18.920555999999976]},"properties":{"well_id":"3500030632","municipality":"Rio Verde de Mato Grosso","hydro_unit":"Formação Furnas","domain":"Granular","layer_code":"V05","layer_name":"Tipo de captação documentado","depth_m":62.2,"vertical_metadata_n":3,"capture_interval_status":"UNKNOWN_SEM_INTERVALO_DE_FILTRO_DEMONSTRADO"}},{"type":"Feature","geometry":{"type":"Point","coordinates":[-54.35388899999998,-19.67916699999995]},"properties":{"well_id":"3500030639","municipality":"Bandeirantes","hydro_unit":"Formação Serra Geral","domain":"Fraturada","layer_code":"V05","layer_name":"Tipo de captação documentado","depth_m":150.0,"vertical_metadata_n":3,"capture_interval_status":"UNKNOWN_SEM_INTERVALO_DE_FILTRO_DEMONSTRADO"}},{"type":"Feature","geometry":{"type":"Point","coordinates":[-55.22972199999998,-20.377777999999978]},"properties":{"well_id":"3500067384","municipality":"Terenos","hydro_unit":"Formação Botucatu","domain":"Granular","layer_code":"V05","layer_name":"Tipo de captação documentado","depth_m":112.7,"vertical_metadata_n":3,"capture_interval_status":"UNKNOWN_SEM_INTERVALO_DE_FILTRO_DEMONSTRADO"}},{"type":"Feature","geometry":{"type":"Point","coordinates":[-54.91305599999998,-21.194721999999956]},"properties":{"well_id":"3500027247","municipality":"Sidrolândia","hydro_unit":"Grupo Caiuá","domain":"Granular","layer_code":"V05","layer_name":"Tipo de captação documentado","depth_m":88.0,"vertical_metadata_n":5,"capture_interval_status":"UNKNOWN_SEM_INTERVALO_DE_FILTRO_DEMONSTRADO"}},{"type":"Feature","geometry":{"type":"Point","coordinates":[-55.51611099999997,-20.778887999999938]},"properties":{"well_id":"3500023200","municipality":"Anastácio","hydro_unit":"Formação Serra Geral","domain":"Fraturada","layer_code":"V05","layer_name":"Tipo de captação documentado","depth_m":150.0,"vertical_metadata_n":5,"capture_interval_status":"UNKNOWN_SEM_INTERVALO_DE_FILTRO_DEMONSTRADO"}},{"type":"Feature","geometry":{"type":"Point","coordinates":[-55.48499999999996,-20.756943999999976]},"properties":{"well_id":"3500023201","municipality":"Dois Irmãos do Buriti","hydro_unit":"Formação Botucatu","domain":"Granular","layer_code":"V05","layer_name":"Tipo de captação documentado","depth_m":100.0,"vertical_metadata_n":5,"capture_interval_status":"UNKNOWN_SEM_INTERVALO_DE_FILTRO_DEMONSTRADO"}},{"type":"Feature","geometry":{"type":"Point","coordinates":[-55.46083299999998,-20.688332999999943]},"properties":{"well_id":"3500023206","municipality":"Dois Irmãos do Buriti","hydro_unit":"Formação Botucatu","domain":"Granular","layer_code":"V05","layer_name":"Tipo de captação documentado","depth_m":120.0,"vertical_metadata_n":5,"capture_interval_status":"UNKNOWN_SEM_INTERVALO_DE_FILTRO_DEMONSTRADO"}},{"type":"Feature","geometry":{"type":"Point","coordinates":[-55.05361099999993,-20.644721999999945]},"properties":{"well_id":"3500023211","municipality":"Terenos","hydro_unit":"Formação Serra Geral","domain":"Fraturada","layer_code":"V05","layer_name":"Tipo de captação documentado","depth_m":152.5,"vertical_metadata_n":5,"capture_interval_status":"UNKNOWN_SEM_INTERVALO_DE_FILTRO_DEMONSTRADO"}},{"type":"Feature","geometry":{"type":"Point","coordinates":[-54.61138799999998,-19.394165999999927]},"properties":{"well_id":"3500023226","municipality":"São Gabriel do Oeste","hydro_unit":"Grupo Bauru","domain":"Granular","layer_code":"V05","layer_name":"Tipo de captação documentado","depth_m":115.0,"vertical_metadata_n":5,"capture_interval_status":"UNKNOWN_SEM_INTERVALO_DE_FILTRO_DEMONSTRADO"}},{"type":"Feature","geometry":{"type":"Point","coordinates":[-54.227776999999946,-22.407221999999933]},"properties":{"well_id":"3500023378","municipality":"Glória de Dourados","hydro_unit":"Grupo Caiuá","domain":"Granular","layer_code":"V05","layer_name":"Tipo de captação documentado","depth_m":150.0,"vertical_metadata_n":6,"capture_interval_status":"UNKNOWN_SEM_INTERVALO_DE_FILTRO_DEMONSTRADO"}},{"type":"Feature","geometry":{"type":"Point","coordinates":[-54.082221999999945,-19.63777799999997]},"properties":{"well_id":"3500026838","municipality":"Camapuã","hydro_unit":"Formação Serra Geral","domain":"Fraturada","layer_code":"V05","layer_name":"Tipo de captação documentado","depth_m":60.0,"vertical_metadata_n":5,"capture_interval_status":"UNKNOWN_SEM_INTERVALO_DE_FILTRO_DEMONSTRADO"}},{"type":"Feature","geometry":{"type":"Point","coordinates":[-55.426943999999935,-23.89055499999995]},"properties":{"well_id":"3500023352","municipality":"Paranhos","hydro_unit":"Grupo Caiuá","domain":"Granular","layer_code":"V05","layer_name":"Tipo de captação documentado","depth_m":92.0,"vertical_metadata_n":5,"capture_interval_status":"UNKNOWN_SEM_INTERVALO_DE_FILTRO_DEMONSTRADO"}},{"type":"Feature","geometry":{"type":"Point","coordinates":[-55.86805499999997,-22.281665999999973]},"properties":{"well_id":"3500023167","municipality":"Antônio João","hydro_unit":"Grupo Caiuá","domain":"Granular","layer_code":"V05","layer_name":"Tipo de captação documentado","depth_m":90.0,"vertical_metadata_n":6,"capture_interval_status":"UNKNOWN_SEM_INTERVALO_DE_FILTRO_DEMONSTRADO"}},{"type":"Feature","geometry":{"type":"Point","coordinates":[-53.59611099999995,-22.383332999999936]},"properties":{"well_id":"3500023177","municipality":"Ivinhema","hydro_unit":"Grupo Caiuá","domain":"Granular","layer_code":"V05","layer_name":"Tipo de captação documentado","depth_m":112.0,"vertical_metadata_n":5,"capture_interval_status":"UNKNOWN_SEM_INTERVALO_DE_FILTRO_DEMONSTRADO"}},{"type":"Feature","geometry":{"type":"Point","coordinates":[-54.75472199999996,-21.760276999999974]},"properties":{"well_id":"3500023263","municipality":"Rio Brilhante","hydro_unit":"Formação Serra Geral","domain":"Fraturada","layer_code":"V05","layer_name":"Tipo de captação documentado","depth_m":182.1,"vertical_metadata_n":5,"capture_interval_status":"UNKNOWN_SEM_INTERVALO_DE_FILTRO_DEMONSTRADO"}},{"type":"Feature","geometry":{"type":"Point","coordinates":[-54.60833299999996,-21.76111099999997]},"properties":{"well_id":"3500023265","municipality":"Rio Brilhante","hydro_unit":"Formação Serra Geral","domain":"Fraturada","layer_code":"V05","layer_name":"Tipo de captação documentado","depth_m":102.0,"vertical_metadata_n":5,"capture_interval_status":"UNKNOWN_SEM_INTERVALO_DE_FILTRO_DEMONSTRADO"}},{"type":"Feature","geometry":{"type":"Point","coordinates":[-51.42833299999995,-20.361665999999957]},"properties":{"well_id":"3500023305","municipality":"Selvíria","hydro_unit":"Grupo Caiuá","domain":"Granular","layer_code":"V05","layer_name":"Tipo de captação documentado","depth_m":96.0,"vertical_metadata_n":5,"capture_interval_status":"UNKNOWN_SEM_INTERVALO_DE_FILTRO_DEMONSTRADO"}},{"type":"Feature","geometry":{"type":"Point","coordinates":[-51.927776999999935,-19.72527699999995]},"properties":{"well_id":"3500023308","municipality":"Inocência","hydro_unit":"Grupo Bauru","domain":"Granular","layer_code":"V05","layer_name":"Tipo de captação documentado","depth_m":150.0,"vertical_metadata_n":5,"capture_interval_status":"UNKNOWN_SEM_INTERVALO_DE_FILTRO_DEMONSTRADO"}},{"type":"Feature","geometry":{"type":"Point","coordinates":[-52.93861099999998,-18.969443999999953]},"properties":{"well_id":"3500023333","municipality":"Paraíso das Águas","hydro_unit":"Grupo Caiuá","domain":"Granular","layer_code":"V05","layer_name":"Tipo de captação documentado","depth_m":165.0,"vertical_metadata_n":5,"capture_interval_status":"UNKNOWN_SEM_INTERVALO_DE_FILTRO_DEMONSTRADO"}},{"type":"Feature","geometry":{"type":"Point","coordinates":[-54.72416599999997,-23.865554999999972]},"properties":{"well_id":"3500023361","municipality":"Sete Quedas","hydro_unit":"Grupo Caiuá","domain":"Granular","layer_code":"V05","layer_name":"Tipo de captação documentado","depth_m":155.0,"vertical_metadata_n":5,"capture_interval_status":"UNKNOWN_SEM_INTERVALO_DE_FILTRO_DEMONSTRADO"}},{"type":"Feature","geometry":{"type":"Point","coordinates":[-54.17833299999995,-23.476110999999946]},"properties":{"well_id":"3500023364","municipality":"Itaquiraí","hydro_unit":"Grupo Caiuá","domain":"Granular","layer_code":"V05","layer_name":"Tipo de captação documentado","depth_m":135.0,"vertical_metadata_n":5,"capture_interval_status":"UNKNOWN_SEM_INTERVALO_DE_FILTRO_DEMONSTRADO"}},{"type":"Feature","geometry":{"type":"Point","coordinates":[-54.59527799999995,-20.414999999999964]},"properties":{"well_id":"3500045678","municipality":"Campo Grande","hydro_unit":"Formação Serra Geral","domain":"Fraturada","layer_code":"V05","layer_name":"Tipo de captação documentado","depth_m":150.0,"vertical_metadata_n":6,"capture_interval_status":"UNKNOWN_SEM_INTERVALO_DE_FILTRO_DEMONSTRADO"}},{"type":"Feature","geometry":{"type":"Point","coordinates":[-52.03305499999993,-21.255276999999978]},"properties":{"well_id":"3500023286","municipality":"Brasilândia","hydro_unit":"Grupo Caiuá","domain":"Granular","layer_code":"V05","layer_name":"Tipo de captação documentado","depth_m":95.0,"vertical_metadata_n":5,"capture_interval_status":"UNKNOWN_SEM_INTERVALO_DE_FILTRO_DEMONSTRADO"}},{"type":"Feature","geometry":{"type":"Point","coordinates":[-54.572776999999974,-23.70055499999995]},"properties":{"well_id":"3500023360","municipality":"Iguatemi","hydro_unit":"Grupo Caiuá","domain":"Granular","layer_code":"V05","layer_name":"Tipo de captação documentado","depth_m":150.0,"vertical_metadata_n":5,"capture_interval_status":"UNKNOWN_SEM_INTERVALO_DE_FILTRO_DEMONSTRADO"}},{"type":"Feature","geometry":{"type":"Point","coordinates":[-54.604443999999944,-19.36749999999995]},"properties":{"well_id":"3500030623","municipality":"São Gabriel do Oeste","hydro_unit":"Grupo Bauru","domain":"Granular","layer_code":"V05","layer_name":"Tipo de captação documentado","depth_m":88.2,"vertical_metadata_n":3,"capture_interval_status":"UNKNOWN_SEM_INTERVALO_DE_FILTRO_DEMONSTRADO"}},{"type":"Feature","geometry":{"type":"Point","coordinates":[-54.83472199999994,-19.828610999999967]},"properties":{"well_id":"3500030638","municipality":"Corguinho","hydro_unit":"Formação Botucatu","domain":"Granular","layer_code":"V05","layer_name":"Tipo de captação documentado","depth_m":112.0,"vertical_metadata_n":3,"capture_interval_status":"UNKNOWN_SEM_INTERVALO_DE_FILTRO_DEMONSTRADO"}},{"type":"Feature","geometry":{"type":"Point","coordinates":[-54.85388899999998,-18.928610999999933]},"properties":{"well_id":"3500030633","municipality":"Rio Verde de Mato Grosso","hydro_unit":"Formação Ponta Grossa","domain":"Granular","layer_code":"V05","layer_name":"Tipo de captação documentado","depth_m":150.0,"vertical_metadata_n":4,"capture_interval_status":"UNKNOWN_SEM_INTERVALO_DE_FILTRO_DEMONSTRADO"}},{"type":"Feature","geometry":{"type":"Point","coordinates":[-55.45416599999999,-20.734999999999957]},"properties":{"well_id":"3500023203","municipality":"Dois Irmãos do Buriti","hydro_unit":"Formação Serra Geral","domain":"Fraturada","layer_code":"V05","layer_name":"Tipo de captação documentado","depth_m":90.0,"vertical_metadata_n":6,"capture_interval_status":"UNKNOWN_SEM_INTERVALO_DE_FILTRO_DEMONSTRADO"}},{"type":"Feature","geometry":{"type":"Point","coordinates":[-53.78083299999997,-22.167776999999944]},"properties":{"well_id":"3500023169","municipality":"Angélica","hydro_unit":"Grupo Caiuá","domain":"Granular","layer_code":"V05","layer_name":"Tipo de captação documentado","depth_m":94.0,"vertical_metadata_n":4,"capture_interval_status":"UNKNOWN_SEM_INTERVALO_DE_FILTRO_DEMONSTRADO"}},{"type":"Feature","geometry":{"type":"Point","coordinates":[-54.76277699999997,-19.68083299999995]},"properties":{"well_id":"3500023224","municipality":"Corguinho","hydro_unit":"Formação Botucatu","domain":"Granular","layer_code":"V05","layer_name":"Tipo de captação documentado","depth_m":68.0,"vertical_metadata_n":5,"capture_interval_status":"UNKNOWN_SEM_INTERVALO_DE_FILTRO_DEMONSTRADO"}},{"type":"Feature","geometry":{"type":"Point","coordinates":[-54.040276999999946,-19.526665999999977]},"properties":{"well_id":"3500023254","municipality":"Camapuã","hydro_unit":"Formação Botucatu","domain":"Granular","layer_code":"V05","layer_name":"Tipo de captação documentado","depth_m":150.0,"vertical_metadata_n":5,"capture_interval_status":"UNKNOWN_SEM_INTERVALO_DE_FILTRO_DEMONSTRADO"}},{"type":"Feature","geometry":{"type":"Point","coordinates":[-53.39166599999999,-22.562499999999943]},"properties":{"well_id":"3500023385","municipality":"Taquarussu","hydro_unit":"Grupo Caiuá","domain":"Granular","layer_code":"V05","layer_name":"Tipo de captação documentado","depth_m":114.0,"vertical_metadata_n":6,"capture_interval_status":"UNKNOWN_SEM_INTERVALO_DE_FILTRO_DEMONSTRADO"}},{"type":"Feature","geometry":{"type":"Point","coordinates":[-55.819721999999956,-21.159999999999968]},"properties":{"well_id":"3500028107","municipality":"Nioaque","hydro_unit":"Formação Botucatu","domain":"Granular","layer_code":"V05","layer_name":"Tipo de captação documentado","depth_m":50.0,"vertical_metadata_n":6,"capture_interval_status":"UNKNOWN_SEM_INTERVALO_DE_FILTRO_DEMONSTRADO"}},{"type":"Feature","geometry":{"type":"Point","coordinates":[-54.47194399999995,-21.914165999999966]},"properties":{"well_id":"3500023264","municipality":"Dourados","hydro_unit":"Formação Serra Geral","domain":"Fraturada","layer_code":"V05","layer_name":"Tipo de captação documentado","depth_m":70.0,"vertical_metadata_n":5,"capture_interval_status":"UNKNOWN_SEM_INTERVALO_DE_FILTRO_DEMONSTRADO"}},{"type":"Feature","geometry":{"type":"Point","coordinates":[-54.56749999999994,-21.768054999999947]},"properties":{"well_id":"3500023267","municipality":"Rio Brilhante","hydro_unit":"Formação Serra Geral","domain":"Fraturada","layer_code":"V05","layer_name":"Tipo de captação documentado","depth_m":90.0,"vertical_metadata_n":5,"capture_interval_status":"UNKNOWN_SEM_INTERVALO_DE_FILTRO_DEMONSTRADO"}},{"type":"Feature","geometry":{"type":"Point","coordinates":[-54.37499999999994,-21.45138799999995]},"properties":{"well_id":"3500023270","municipality":"Nova Alvorada do Sul","hydro_unit":"Formação Serra Geral","domain":"Fraturada","layer_code":"V05","layer_name":"Tipo de captação documentado","depth_m":100.5,"vertical_metadata_n":4,"capture_interval_status":"UNKNOWN_SEM_INTERVALO_DE_FILTRO_DEMONSTRADO"}},{"type":"Feature","geometry":{"type":"Point","coordinates":[-52.26527699999997,-21.72388799999993]},"properties":{"well_id":"3500023278","municipality":"Bataguassu","hydro_unit":"Depósitos aluvionares","domain":"Granular","layer_code":"V05","layer_name":"Tipo de captação documentado","depth_m":94.0,"vertical_metadata_n":5,"capture_interval_status":"UNKNOWN_SEM_INTERVALO_DE_FILTRO_DEMONSTRADO"}},{"type":"Feature","geometry":{"type":"Point","coordinates":[-55.28361099999995,-23.91027699999995]},"properties":{"well_id":"3500023353","municipality":"Paranhos","hydro_unit":"Grupo Caiuá","domain":"Granular","layer_code":"V05","layer_name":"Tipo de captação documentado","depth_m":90.0,"vertical_metadata_n":5,"capture_interval_status":"UNKNOWN_SEM_INTERVALO_DE_FILTRO_DEMONSTRADO"}},{"type":"Feature","geometry":{"type":"Point","coordinates":[-53.16916699999996,-18.463332999999977]},"properties":{"well_id":"3500045665","municipality":"Costa Rica","hydro_unit":"Grupo Caiuá","domain":"Granular","layer_code":"V05","layer_name":"Tipo de captação documentado","depth_m":120.0,"vertical_metadata_n":5,"capture_interval_status":"UNKNOWN_SEM_INTERVALO_DE_FILTRO_DEMONSTRADO"}},{"type":"Feature","geometry":{"type":"Point","coordinates":[-55.019443999999964,-23.62972199999996]},"properties":{"well_id":"3500023349","municipality":"Tacuru","hydro_unit":"Grupo Caiuá","domain":"Granular","layer_code":"V05","layer_name":"Tipo de captação documentado","depth_m":103.0,"vertical_metadata_n":5,"capture_interval_status":"UNKNOWN_SEM_INTERVALO_DE_FILTRO_DEMONSTRADO"}},{"type":"Feature","geometry":{"type":"Point","coordinates":[-51.798055999999974,-20.99222199999997]},"properties":{"well_id":"3500045680","municipality":"Três Lagoas","hydro_unit":"Grupo Caiuá","domain":"Granular","layer_code":"V05","layer_name":"Tipo de captação documentado","depth_m":132.0,"vertical_metadata_n":5,"capture_interval_status":"UNKNOWN_SEM_INTERVALO_DE_FILTRO_DEMONSTRADO"}},{"type":"Feature","geometry":{"type":"Point","coordinates":[-55.352776999999946,-20.68083299999995]},"properties":{"well_id":"3500023208","municipality":"Dois Irmãos do Buriti","hydro_unit":"Formação Botucatu","domain":"Granular","layer_code":"V05","layer_name":"Tipo de captação documentado","depth_m":100.0,"vertical_metadata_n":6,"capture_interval_status":"UNKNOWN_SEM_INTERVALO_DE_FILTRO_DEMONSTRADO"}},{"type":"Feature","geometry":{"type":"Point","coordinates":[-56.23583299999996,-21.643055999999945]},"properties":{"well_id":"3500030621","municipality":"Jardim","hydro_unit":"Formação Botucatu","domain":"Granular","layer_code":"V05","layer_name":"Tipo de captação documentado","depth_m":71.0,"vertical_metadata_n":3,"capture_interval_status":"UNKNOWN_SEM_INTERVALO_DE_FILTRO_DEMONSTRADO"}},{"type":"Feature","geometry":{"type":"Point","coordinates":[-54.84694399999995,-18.924166999999954]},"properties":{"well_id":"3500030636","municipality":"Rio Verde de Mato Grosso","hydro_unit":"Formação Ponta Grossa","domain":"Granular","layer_code":"V05","layer_name":"Tipo de captação documentado","depth_m":102.0,"vertical_metadata_n":3,"capture_interval_status":"UNKNOWN_SEM_INTERVALO_DE_FILTRO_DEMONSTRADO"}},{"type":"Feature","geometry":{"type":"Point","coordinates":[-54.56666699999994,-19.268610999999964]},"properties":{"well_id":"3500026924","municipality":"São Gabriel do Oeste","hydro_unit":"Grupo Bauru","domain":"Granular","layer_code":"V05","layer_name":"Tipo de captação documentado","depth_m":78.0,"vertical_metadata_n":3,"capture_interval_status":"UNKNOWN_SEM_INTERVALO_DE_FILTRO_DEMONSTRADO"}},{"type":"Feature","geometry":{"type":"Point","coordinates":[-54.76472199999995,-19.970276999999953]},"properties":{"well_id":"3500023215","municipality":"Rochedo","hydro_unit":"Formação Botucatu","domain":"Granular","layer_code":"V05","layer_name":"Tipo de captação documentado","depth_m":125.0,"vertical_metadata_n":5,"capture_interval_status":"UNKNOWN_SEM_INTERVALO_DE_FILTRO_DEMONSTRADO"}},{"type":"Feature","geometry":{"type":"Point","coordinates":[-56.27666599999998,-21.688887999999963]},"properties":{"well_id":"3500023348","municipality":"Jardim","hydro_unit":"Formação Botucatu","domain":"Granular","layer_code":"V05","layer_name":"Tipo de captação documentado","depth_m":93.0,"vertical_metadata_n":5,"capture_interval_status":"UNKNOWN_SEM_INTERVALO_DE_FILTRO_DEMONSTRADO"}},{"type":"Feature","geometry":{"type":"Point","coordinates":[-54.60833299999996,-19.29611099999994]},"properties":{"well_id":"3500026922","municipality":"São Gabriel do Oeste","hydro_unit":"Grupo Bauru","domain":"Granular","layer_code":"V05","layer_name":"Tipo de captação documentado","depth_m":26.0,"vertical_metadata_n":3,"capture_interval_status":"UNKNOWN_SEM_INTERVALO_DE_FILTRO_DEMONSTRADO"}},{"type":"Feature","geometry":{"type":"Point","coordinates":[-52.25055499999996,-21.726110999999946]},"properties":{"well_id":"3500023281","municipality":"Bataguassu","hydro_unit":"Depósitos aluvionares","domain":"Granular","layer_code":"V05","layer_name":"Tipo de captação documentado","depth_m":86.0,"vertical_metadata_n":5,"capture_interval_status":"UNKNOWN_SEM_INTERVALO_DE_FILTRO_DEMONSTRADO"}},{"type":"Feature","geometry":{"type":"Point","coordinates":[-51.74361099999993,-20.783887999999934]},"properties":{"well_id":"3500023301","municipality":"Três Lagoas","hydro_unit":"Grupo Caiuá","domain":"Granular","layer_code":"V05","layer_name":"Tipo de captação documentado","depth_m":168.0,"vertical_metadata_n":5,"capture_interval_status":"UNKNOWN_SEM_INTERVALO_DE_FILTRO_DEMONSTRADO"}},{"type":"Feature","geometry":{"type":"Point","coordinates":[-54.819443999999976,-22.64138799999995]},"properties":{"well_id":"3500023367","municipality":"Caarapó","hydro_unit":"Grupo Caiuá","domain":"Granular","layer_code":"V05","layer_name":"Tipo de captação documentado","depth_m":150.0,"vertical_metadata_n":6,"capture_interval_status":"UNKNOWN_SEM_INTERVALO_DE_FILTRO_DEMONSTRADO"}},{"type":"Feature","geometry":{"type":"Point","coordinates":[-54.81166699999994,-22.611388999999974]},"properties":{"well_id":"3500026930","municipality":"Caarapó","hydro_unit":"Grupo Caiuá","domain":"Granular","layer_code":"V05","layer_name":"Tipo de captação documentado","depth_m":105.0,"vertical_metadata_n":4,"capture_interval_status":"UNKNOWN_SEM_INTERVALO_DE_FILTRO_DEMONSTRADO"}},{"type":"Feature","geometry":{"type":"Point","coordinates":[-54.48333299999996,-22.545555999999976]},"properties":{"well_id":"3500027013","municipality":"Caarapó","hydro_unit":"Grupo Caiuá","domain":"Granular","layer_code":"V05","layer_name":"Tipo de captação documentado","depth_m":79.0,"vertical_metadata_n":4,"capture_interval_status":"UNKNOWN_SEM_INTERVALO_DE_FILTRO_DEMONSTRADO"}},{"type":"Feature","geometry":{"type":"Point","coordinates":[-54.53027799999995,-20.47055599999993]},"properties":{"well_id":"3500045683","municipality":"Campo Grande","hydro_unit":"Formação Serra Geral","domain":"Fraturada","layer_code":"V05","layer_name":"Tipo de captação documentado","depth_m":91.0,"vertical_metadata_n":5,"capture_interval_status":"UNKNOWN_SEM_INTERVALO_DE_FILTRO_DEMONSTRADO"}},{"type":"Feature","geometry":{"type":"Point","coordinates":[-52.31277799999998,-21.682777999999928]},"properties":{"well_id":"3500045687","municipality":"Bataguassu","hydro_unit":"Grupo Caiuá","domain":"Granular","layer_code":"V05","layer_name":"Tipo de captação documentado","depth_m":60.0,"vertical_metadata_n":5,"capture_interval_status":"UNKNOWN_SEM_INTERVALO_DE_FILTRO_DEMONSTRADO"}},{"type":"Feature","geometry":{"type":"Point","coordinates":[-54.041110999999944,-19.526110999999958]},"properties":{"well_id":"3500065022","municipality":"Camapuã","hydro_unit":"Formação Botucatu","domain":"Granular","layer_code":"V05","layer_name":"Tipo de captação documentado","depth_m":124.0,"vertical_metadata_n":4,"capture_interval_status":"UNKNOWN_SEM_INTERVALO_DE_FILTRO_DEMONSTRADO"}},{"type":"Feature","geometry":{"type":"Point","coordinates":[-54.04277799999994,-19.524166999999977]},"properties":{"well_id":"3500065024","municipality":"Camapuã","hydro_unit":"Formação Botucatu","domain":"Granular","layer_code":"V05","layer_name":"Tipo de captação documentado","depth_m":150.0,"vertical_metadata_n":4,"capture_interval_status":"UNKNOWN_SEM_INTERVALO_DE_FILTRO_DEMONSTRADO"}},{"type":"Feature","geometry":{"type":"Point","coordinates":[-54.61805599999997,-20.445555999999954]},"properties":{"well_id":"3500065028","municipality":"Campo Grande","hydro_unit":"Formação Serra Geral","domain":"Fraturada","layer_code":"V05","layer_name":"Tipo de captação documentado","depth_m":102.0,"vertical_metadata_n":5,"capture_interval_status":"UNKNOWN_SEM_INTERVALO_DE_FILTRO_DEMONSTRADO"}},{"type":"Feature","geometry":{"type":"Point","coordinates":[-54.602499999999964,-22.864165999999955]},"properties":{"well_id":"3500023366","municipality":"Juti","hydro_unit":"Grupo Caiuá","domain":"Granular","layer_code":"V05","layer_name":"Tipo de captação documentado","depth_m":205.0,"vertical_metadata_n":5,"capture_interval_status":"UNKNOWN_SEM_INTERVALO_DE_FILTRO_DEMONSTRADO"}},{"type":"Feature","geometry":{"type":"Point","coordinates":[-51.41805499999998,-20.366387999999972]},"properties":{"well_id":"3500023304","municipality":"Selvíria","hydro_unit":"Grupo Caiuá","domain":"Granular","layer_code":"V05","layer_name":"Tipo de captação documentado","depth_m":160.0,"vertical_metadata_n":6,"capture_interval_status":"UNKNOWN_SEM_INTERVALO_DE_FILTRO_DEMONSTRADO"}},{"type":"Feature","geometry":{"type":"Point","coordinates":[-51.10499999999996,-20.073887999999954]},"properties":{"well_id":"3500023318","municipality":"Aparecida do Taboado","hydro_unit":"Grupo Caiuá","domain":"Granular","layer_code":"V05","layer_name":"Tipo de captação documentado","depth_m":121.5,"vertical_metadata_n":6,"capture_interval_status":"UNKNOWN_SEM_INTERVALO_DE_FILTRO_DEMONSTRADO"}},{"type":"Feature","geometry":{"type":"Point","coordinates":[-51.811665999999946,-19.095554999999933]},"properties":{"well_id":"3500023326","municipality":"Cassilândia","hydro_unit":"Grupo Bauru","domain":"Granular","layer_code":"V05","layer_name":"Tipo de captação documentado","depth_m":205.0,"vertical_metadata_n":6,"capture_interval_status":"UNKNOWN_SEM_INTERVALO_DE_FILTRO_DEMONSTRADO"}},{"type":"Feature","geometry":{"type":"Point","coordinates":[-56.256943999999976,-20.381388999999956]},"properties":{"well_id":"3500045660","municipality":"Miranda","hydro_unit":"Grupo Cuiaba","domain":"Fraturada","layer_code":"V05","layer_name":"Tipo de captação documentado","depth_m":40.0,"vertical_metadata_n":4,"capture_interval_status":"UNKNOWN_SEM_INTERVALO_DE_FILTRO_DEMONSTRADO"}},{"type":"Feature","geometry":{"type":"Point","coordinates":[-52.82111099999997,-21.304443999999933]},"properties":{"well_id":"3500023284","municipality":"Santa Rita do Pardo","hydro_unit":"Grupo Caiuá","domain":"Granular","layer_code":"V05","layer_name":"Tipo de captação documentado","depth_m":153.0,"vertical_metadata_n":5,"capture_interval_status":"UNKNOWN_SEM_INTERVALO_DE_FILTRO_DEMONSTRADO"}},{"type":"Feature","geometry":{"type":"Point","coordinates":[-51.665832999999964,-20.789443999999946]},"properties":{"well_id":"3500023295","municipality":"Três Lagoas","hydro_unit":"Grupo Caiuá","domain":"Granular","layer_code":"V05","layer_name":"Tipo de captação documentado","depth_m":101.0,"vertical_metadata_n":5,"capture_interval_status":"UNKNOWN_SEM_INTERVALO_DE_FILTRO_DEMONSTRADO"}},{"type":"Feature","geometry":{"type":"Point","coordinates":[-55.27305499999994,-20.684165999999948]},"properties":{"well_id":"3500023196","municipality":"Dois Irmãos do Buriti","hydro_unit":"Formação Serra Geral","domain":"Fraturada","layer_code":"V05","layer_name":"Tipo de captação documentado","depth_m":132.0,"vertical_metadata_n":5,"capture_interval_status":"UNKNOWN_SEM_INTERVALO_DE_FILTRO_DEMONSTRADO"}},{"type":"Feature","geometry":{"type":"Point","coordinates":[-51.09944399999995,-20.07833299999993]},"properties":{"well_id":"3500023319","municipality":"Aparecida do Taboado","hydro_unit":"Grupo Caiuá","domain":"Granular","layer_code":"V05","layer_name":"Tipo de captação documentado","depth_m":120.0,"vertical_metadata_n":4,"capture_interval_status":"UNKNOWN_SEM_INTERVALO_DE_FILTRO_DEMONSTRADO"}},{"type":"Feature","geometry":{"type":"Point","coordinates":[-54.31111099999998,-21.86944399999993]},"properties":{"well_id":"3500045674","municipality":"Rio Brilhante","hydro_unit":"Formação Serra Geral","domain":"Fraturada","layer_code":"V05","layer_name":"Tipo de captação documentado","depth_m":60.0,"vertical_metadata_n":5,"capture_interval_status":"UNKNOWN_SEM_INTERVALO_DE_FILTRO_DEMONSTRADO"}},{"type":"Feature","geometry":{"type":"Point","coordinates":[-54.62416699999994,-20.53527799999995]},"properties":{"well_id":"3500045679","municipality":"Campo Grande","hydro_unit":"Formação Serra Geral","domain":"Fraturada","layer_code":"V05","layer_name":"Tipo de captação documentado","depth_m":195.5,"vertical_metadata_n":6,"capture_interval_status":"UNKNOWN_SEM_INTERVALO_DE_FILTRO_DEMONSTRADO"}},{"type":"Feature","geometry":{"type":"Point","coordinates":[-56.70027799999997,-20.133332999999936]},"properties":{"well_id":"3500045684","municipality":"Miranda","hydro_unit":"Formação Pantanal","domain":"Granular","layer_code":"V05","layer_name":"Tipo de captação documentado","depth_m":108.0,"vertical_metadata_n":5,"capture_interval_status":"UNKNOWN_SEM_INTERVALO_DE_FILTRO_DEMONSTRADO"}},{"type":"Feature","geometry":{"type":"Point","coordinates":[-54.89138899999995,-20.35583299999996]},"properties":{"well_id":"3500045688","municipality":"Terenos","hydro_unit":"Formação Serra Geral","domain":"Fraturada","layer_code":"V05","layer_name":"Tipo de captação documentado","depth_m":110.0,"vertical_metadata_n":5,"capture_interval_status":"UNKNOWN_SEM_INTERVALO_DE_FILTRO_DEMONSTRADO"}},{"type":"Feature","geometry":{"type":"Point","coordinates":[-51.829999999999984,-20.98194399999994]},"properties":{"well_id":"3500045706","municipality":"Três Lagoas","hydro_unit":"Grupo Caiuá","domain":"Granular","layer_code":"V05","layer_name":"Tipo de captação documentado","depth_m":122.0,"vertical_metadata_n":5,"capture_interval_status":"UNKNOWN_SEM_INTERVALO_DE_FILTRO_DEMONSTRADO"}},{"type":"Feature","geometry":{"type":"Point","coordinates":[-51.822499999999934,-20.993888999999967]},"properties":{"well_id":"3500045712","municipality":"Três Lagoas","hydro_unit":"Grupo Caiuá","domain":"Granular","layer_code":"V05","layer_name":"Tipo de captação documentado","depth_m":116.0,"vertical_metadata_n":5,"capture_interval_status":"UNKNOWN_SEM_INTERVALO_DE_FILTRO_DEMONSTRADO"}},{"type":"Feature","geometry":{"type":"Point","coordinates":[-54.788332999999966,-22.312499999999943]},"properties":{"well_id":"3500053079","municipality":"Dourados","hydro_unit":"Formação Serra Geral","domain":"Fraturada","layer_code":"V05","layer_name":"Tipo de captação documentado","depth_m":72.0,"vertical_metadata_n":5,"capture_interval_status":"UNKNOWN_SEM_INTERVALO_DE_FILTRO_DEMONSTRADO"}},{"type":"Feature","geometry":{"type":"Point","coordinates":[-54.791110999999944,-22.676388999999972]},"properties":{"well_id":"3500053089","municipality":"Caarapó","hydro_unit":"Grupo Caiuá","domain":"Granular","layer_code":"V05","layer_name":"Tipo de captação documentado","depth_m":110.0,"vertical_metadata_n":5,"capture_interval_status":"UNKNOWN_SEM_INTERVALO_DE_FILTRO_DEMONSTRADO"}},{"type":"Feature","geometry":{"type":"Point","coordinates":[-52.87583299999994,-20.43027799999993]},"properties":{"well_id":"3500064999","municipality":"Água Clara","hydro_unit":"Grupo Caiuá","domain":"Granular","layer_code":"V05","layer_name":"Tipo de captação documentado","depth_m":150.0,"vertical_metadata_n":5,"capture_interval_status":"UNKNOWN_SEM_INTERVALO_DE_FILTRO_DEMONSTRADO"}},{"type":"Feature","geometry":{"type":"Point","coordinates":[-52.87472199999996,-20.43999999999994]},"properties":{"well_id":"3500065000","municipality":"Água Clara","hydro_unit":"Grupo Caiuá","domain":"Granular","layer_code":"V05","layer_name":"Tipo de captação documentado","depth_m":62.0,"vertical_metadata_n":4,"capture_interval_status":"UNKNOWN_SEM_INTERVALO_DE_FILTRO_DEMONSTRADO"}},{"type":"Feature","geometry":{"type":"Point","coordinates":[-52.87277799999998,-20.445832999999936]},"properties":{"well_id":"3500065003","municipality":"Água Clara","hydro_unit":"Grupo Caiuá","domain":"Granular","layer_code":"V05","layer_name":"Tipo de captação documentado","depth_m":57.5,"vertical_metadata_n":4,"capture_interval_status":"UNKNOWN_SEM_INTERVALO_DE_FILTRO_DEMONSTRADO"}},{"type":"Feature","geometry":{"type":"Point","coordinates":[-52.41777799999994,-21.722499999999968]},"properties":{"well_id":"3500065015","municipality":"Bataguassu","hydro_unit":"Grupo Caiuá","domain":"Granular","layer_code":"V05","layer_name":"Tipo de captação documentado","depth_m":148.0,"vertical_metadata_n":4,"capture_interval_status":"UNKNOWN_SEM_INTERVALO_DE_FILTRO_DEMONSTRADO"}},{"type":"Feature","geometry":{"type":"Point","coordinates":[-56.45027799999997,-21.13999999999993]},"properties":{"well_id":"3500065019","municipality":"Bonito","hydro_unit":"Grupo Cuiaba","domain":"Cárstica","layer_code":"V05","layer_name":"Tipo de captação documentado","depth_m":82.0,"vertical_metadata_n":5,"capture_interval_status":"UNKNOWN_SEM_INTERVALO_DE_FILTRO_DEMONSTRADO"}},{"type":"Feature","geometry":{"type":"Point","coordinates":[-54.62416699999994,-20.413888999999926]},"properties":{"well_id":"3500045698","municipality":"Campo Grande","hydro_unit":"Formação Serra Geral","domain":"Fraturada","layer_code":"V05","layer_name":"Tipo de captação documentado","depth_m":120.0,"vertical_metadata_n":6,"capture_interval_status":"UNKNOWN_SEM_INTERVALO_DE_FILTRO_DEMONSTRADO"}},{"type":"Feature","geometry":{"type":"Point","coordinates":[-56.14138799999995,-21.490832999999952]},"properties":{"well_id":"3500023347","municipality":"Jardim","hydro_unit":"Formação Aquidauana","domain":"Granular","layer_code":"V05","layer_name":"Tipo de captação documentado","depth_m":166.0,"vertical_metadata_n":6,"capture_interval_status":"UNKNOWN_SEM_INTERVALO_DE_FILTRO_DEMONSTRADO"}},{"type":"Feature","geometry":{"type":"Point","coordinates":[-53.89861099999996,-22.38777799999997]},"properties":{"well_id":"3500045702","municipality":"Ivinhema","hydro_unit":"Grupo Caiuá","domain":"Granular","layer_code":"V05","layer_name":"Tipo de captação documentado","depth_m":1100.0,"vertical_metadata_n":5,"capture_interval_status":"UNKNOWN_SEM_INTERVALO_DE_FILTRO_DEMONSTRADO"}},{"type":"Feature","geometry":{"type":"Point","coordinates":[-55.207776999999965,-23.061665999999946]},"properties":{"well_id":"3500023149","municipality":"Amambai","hydro_unit":"Formação Serra Geral","domain":"Fraturada","layer_code":"V05","layer_name":"Tipo de captação documentado","depth_m":114.0,"vertical_metadata_n":6,"capture_interval_status":"UNKNOWN_SEM_INTERVALO_DE_FILTRO_DEMONSTRADO"}},{"type":"Feature","geometry":{"type":"Point","coordinates":[-51.84305599999993,-20.99277799999993]},"properties":{"well_id":"3500045704","municipality":"Três Lagoas","hydro_unit":"Grupo Caiuá","domain":"Granular","layer_code":"V05","layer_name":"Tipo de captação documentado","depth_m":166.0,"vertical_metadata_n":5,"capture_interval_status":"UNKNOWN_SEM_INTERVALO_DE_FILTRO_DEMONSTRADO"}},{"type":"Feature","geometry":{"type":"Point","coordinates":[-54.728332999999964,-18.477499999999964]},"properties":{"well_id":"3500026839","municipality":"Coxim","hydro_unit":"Formação Furnas","domain":"Granular","layer_code":"V05","layer_name":"Tipo de captação documentado","depth_m":20.0,"vertical_metadata_n":5,"capture_interval_status":"UNKNOWN_SEM_INTERVALO_DE_FILTRO_DEMONSTRADO"}},{"type":"Feature","geometry":{"type":"Point","coordinates":[-53.36027799999994,-19.87527799999998]},"properties":{"well_id":"3500065002","municipality":"Água Clara","hydro_unit":"Formação Serra Geral","domain":"Fraturada","layer_code":"V05","layer_name":"Tipo de captação documentado","depth_m":168.0,"vertical_metadata_n":5,"capture_interval_status":"UNKNOWN_SEM_INTERVALO_DE_FILTRO_DEMONSTRADO"}},{"type":"Feature","geometry":{"type":"Point","coordinates":[-55.943055999999956,-22.195555999999954]},"properties":{"well_id":"3500065005","municipality":"Antônio João","hydro_unit":"Formação Serra Geral","domain":"Fraturada","layer_code":"V05","layer_name":"Tipo de captação documentado","depth_m":146.0,"vertical_metadata_n":5,"capture_interval_status":"UNKNOWN_SEM_INTERVALO_DE_FILTRO_DEMONSTRADO"}},{"type":"Feature","geometry":{"type":"Point","coordinates":[-55.621666999999945,-22.948332999999934]},"properties":{"well_id":"3500065010","municipality":"Aral Moreira","hydro_unit":"Formação Serra Geral","domain":"Fraturada","layer_code":"V05","layer_name":"Tipo de captação documentado","depth_m":213.0,"vertical_metadata_n":5,"capture_interval_status":"UNKNOWN_SEM_INTERVALO_DE_FILTRO_DEMONSTRADO"}},{"type":"Feature","geometry":{"type":"Point","coordinates":[-52.03305499999993,-21.25555499999996]},"properties":{"well_id":"3500023290","municipality":"Brasilândia","hydro_unit":"Grupo Caiuá","domain":"Granular","layer_code":"V05","layer_name":"Tipo de captação documentado","depth_m":120.0,"vertical_metadata_n":5,"capture_interval_status":"UNKNOWN_SEM_INTERVALO_DE_FILTRO_DEMONSTRADO"}},{"type":"Feature","geometry":{"type":"Point","coordinates":[-54.538610999999946,-21.803332999999952]},"properties":{"well_id":"3500023258","municipality":"Rio Brilhante","hydro_unit":"Formação Serra Geral","domain":"Fraturada","layer_code":"V05","layer_name":"Tipo de captação documentado","depth_m":146.0,"vertical_metadata_n":5,"capture_interval_status":"UNKNOWN_SEM_INTERVALO_DE_FILTRO_DEMONSTRADO"}},{"type":"Feature","geometry":{"type":"Point","coordinates":[-51.69611099999997,-20.778332999999975]},"properties":{"well_id":"3500023303","municipality":"Três Lagoas","hydro_unit":"Grupo Caiuá","domain":"Granular","layer_code":"V05","layer_name":"Tipo de captação documentado","depth_m":86.0,"vertical_metadata_n":5,"capture_interval_status":"UNKNOWN_SEM_INTERVALO_DE_FILTRO_DEMONSTRADO"}},{"type":"Feature","geometry":{"type":"Point","coordinates":[-56.485555999999974,-21.132221999999956]},"properties":{"well_id":"3500030619","municipality":"Bonito","hydro_unit":"Grupo Cuiaba","domain":"Fraturada","layer_code":"V05","layer_name":"Tipo de captação documentado","depth_m":28.0,"vertical_metadata_n":3,"capture_interval_status":"UNKNOWN_SEM_INTERVALO_DE_FILTRO_DEMONSTRADO"}},{"type":"Feature","geometry":{"type":"Point","coordinates":[-53.698332999999934,-18.325832999999932]},"properties":{"well_id":"3500045653","municipality":"Alcinópolis","hydro_unit":"Grupo Caiuá","domain":"Granular","layer_code":"V05","layer_name":"Tipo de captação documentado","depth_m":154.0,"vertical_metadata_n":5,"capture_interval_status":"UNKNOWN_SEM_INTERVALO_DE_FILTRO_DEMONSTRADO"}},{"type":"Feature","geometry":{"type":"Point","coordinates":[-54.04138799999998,-19.533887999999934]},"properties":{"well_id":"3500023247","municipality":"Camapuã","hydro_unit":"Formação Botucatu","domain":"Granular","layer_code":"V05","layer_name":"Tipo de captação documentado","depth_m":150.0,"vertical_metadata_n":5,"capture_interval_status":"UNKNOWN_SEM_INTERVALO_DE_FILTRO_DEMONSTRADO"}},{"type":"Feature","geometry":{"type":"Point","coordinates":[-56.145554999999945,-21.490554999999972]},"properties":{"well_id":"3500023345","municipality":"Jardim","hydro_unit":"Formação Aquidauana","domain":"Granular","layer_code":"V05","layer_name":"Tipo de captação documentado","depth_m":100.0,"vertical_metadata_n":6,"capture_interval_status":"UNKNOWN_SEM_INTERVALO_DE_FILTRO_DEMONSTRADO"}},{"type":"Feature","geometry":{"type":"Point","coordinates":[-54.85777799999994,-18.926388999999972]},"properties":{"well_id":"3500045654","municipality":"Rio Verde de Mato Grosso","hydro_unit":"Formação Furnas","domain":"Granular","layer_code":"V05","layer_name":"Tipo de captação documentado","depth_m":161.0,"vertical_metadata_n":5,"capture_interval_status":"UNKNOWN_SEM_INTERVALO_DE_FILTRO_DEMONSTRADO"}},{"type":"Feature","geometry":{"type":"Point","coordinates":[-54.684999999999945,-22.610832999999957]},"properties":{"well_id":"3500045604","municipality":"Caarapó","hydro_unit":"Grupo Caiuá","domain":"Granular","layer_code":"V05","layer_name":"Tipo de captação documentado","depth_m":78.0,"vertical_metadata_n":6,"capture_interval_status":"UNKNOWN_SEM_INTERVALO_DE_FILTRO_DEMONSTRADO"}},{"type":"Feature","geometry":{"type":"Point","coordinates":[-53.57638899999995,-22.41138899999993]},"properties":{"well_id":"3500045673","municipality":"Ivinhema","hydro_unit":"Grupo Caiuá","domain":"Granular","layer_code":"V05","layer_name":"Tipo de captação documentado","depth_m":60.0,"vertical_metadata_n":6,"capture_interval_status":"UNKNOWN_SEM_INTERVALO_DE_FILTRO_DEMONSTRADO"}},{"type":"Feature","geometry":{"type":"Point","coordinates":[-51.82583299999993,-20.998055999999963]},"properties":{"well_id":"3500045708","municipality":"Três Lagoas","hydro_unit":"Grupo Caiuá","domain":"Granular","layer_code":"V05","layer_name":"Tipo de captação documentado","depth_m":120.0,"vertical_metadata_n":5,"capture_interval_status":"UNKNOWN_SEM_INTERVALO_DE_FILTRO_DEMONSTRADO"}},{"type":"Feature","geometry":{"type":"Point","coordinates":[-55.94805599999995,-22.198332999999934]},"properties":{"well_id":"3500065004","municipality":"Antônio João","hydro_unit":"Formação Serra Geral","domain":"Fraturada","layer_code":"V05","layer_name":"Tipo de captação documentado","depth_m":120.0,"vertical_metadata_n":5,"capture_interval_status":"UNKNOWN_SEM_INTERVALO_DE_FILTRO_DEMONSTRADO"}},{"type":"Feature","geometry":{"type":"Point","coordinates":[-51.10999999999996,-20.065277999999978]},"properties":{"well_id":"3500065008","municipality":"Aparecida do Taboado","hydro_unit":"Grupo Caiuá","domain":"Granular","layer_code":"V05","layer_name":"Tipo de captação documentado","depth_m":53.0,"vertical_metadata_n":5,"capture_interval_status":"UNKNOWN_SEM_INTERVALO_DE_FILTRO_DEMONSTRADO"}},{"type":"Feature","geometry":{"type":"Point","coordinates":[-52.264166999999986,-21.72361099999995]},"properties":{"well_id":"3500065011","municipality":"Bataguassu","hydro_unit":"Depósitos aluvionares","domain":"Granular","layer_code":"V05","layer_name":"Tipo de captação documentado","depth_m":94.0,"vertical_metadata_n":4,"capture_interval_status":"UNKNOWN_SEM_INTERVALO_DE_FILTRO_DEMONSTRADO"}},{"type":"Feature","geometry":{"type":"Point","coordinates":[-52.41638899999998,-21.717777999999953]},"properties":{"well_id":"3500065012","municipality":"Bataguassu","hydro_unit":"Grupo Caiuá","domain":"Granular","layer_code":"V05","layer_name":"Tipo de captação documentado","depth_m":155.0,"vertical_metadata_n":5,"capture_interval_status":"UNKNOWN_SEM_INTERVALO_DE_FILTRO_DEMONSTRADO"}},{"type":"Feature","geometry":{"type":"Point","coordinates":[-56.49499999999995,-21.121943999999928]},"properties":{"well_id":"3500065020","municipality":"Bonito","hydro_unit":"Grupo Cuiaba","domain":"Fraturada","layer_code":"V05","layer_name":"Tipo de captação documentado","depth_m":193.0,"vertical_metadata_n":5,"capture_interval_status":"UNKNOWN_SEM_INTERVALO_DE_FILTRO_DEMONSTRADO"}},{"type":"Feature","geometry":{"type":"Point","coordinates":[-51.933055999999965,-19.738332999999955]},"properties":{"well_id":"3500034020","municipality":"Inocência","hydro_unit":"Grupo Bauru","domain":"Granular","layer_code":"V05","layer_name":"Tipo de captação documentado","depth_m":64.0,"vertical_metadata_n":5,"capture_interval_status":"UNKNOWN_SEM_INTERVALO_DE_FILTRO_DEMONSTRADO"}},{"type":"Feature","geometry":{"type":"Point","coordinates":[-53.53642499999995,-21.02227799999997]},"properties":{"well_id":"3500068740","municipality":"Ribas do Rio Pardo","hydro_unit":"Grupo Caiuá","domain":"Granular","layer_code":"V05","layer_name":"Tipo de captação documentado","depth_m":60.0,"vertical_metadata_n":4,"capture_interval_status":"UNKNOWN_SEM_INTERVALO_DE_FILTRO_DEMONSTRADO"}},{"type":"Feature","geometry":{"type":"Point","coordinates":[-55.79055499999998,-20.459443999999962]},"properties":{"well_id":"3500023189","municipality":"Aquidauana","hydro_unit":"Formação Aquidauana","domain":"Granular","layer_code":"V05","layer_name":"Tipo de captação documentado","depth_m":49.0,"vertical_metadata_n":5,"capture_interval_status":"UNKNOWN_SEM_INTERVALO_DE_FILTRO_DEMONSTRADO"}},{"type":"Feature","geometry":{"type":"Point","coordinates":[-53.35805499999998,-22.486110999999937]},"properties":{"well_id":"3500023383","municipality":"Taquarussu","hydro_unit":"Grupo Caiuá","domain":"Granular","layer_code":"V05","layer_name":"Tipo de captação documentado","depth_m":80.0,"vertical_metadata_n":5,"capture_interval_status":"UNKNOWN_SEM_INTERVALO_DE_FILTRO_DEMONSTRADO"}},{"type":"Feature","geometry":{"type":"Point","coordinates":[-54.756666999999936,-22.494721999999967]},"properties":{"well_id":"3500027259","municipality":"Caarapó","hydro_unit":"Formação Serra Geral","domain":"Fraturada","layer_code":"V05","layer_name":"Tipo de captação documentado","depth_m":150.0,"vertical_metadata_n":5,"capture_interval_status":"UNKNOWN_SEM_INTERVALO_DE_FILTRO_DEMONSTRADO"}},{"type":"Feature","geometry":{"type":"Point","coordinates":[-54.039165999999966,-19.55638799999997]},"properties":{"well_id":"3500023243","municipality":"Camapuã","hydro_unit":"Formação Botucatu","domain":"Granular","layer_code":"V05","layer_name":"Tipo de captação documentado","depth_m":152.0,"vertical_metadata_n":5,"capture_interval_status":"UNKNOWN_SEM_INTERVALO_DE_FILTRO_DEMONSTRADO"}},{"type":"Feature","geometry":{"type":"Point","coordinates":[-51.730276999999944,-20.79249999999996]},"properties":{"well_id":"3500023296","municipality":"Três Lagoas","hydro_unit":"Grupo Caiuá","domain":"Granular","layer_code":"V05","layer_name":"Tipo de captação documentado","depth_m":140.0,"vertical_metadata_n":5,"capture_interval_status":"UNKNOWN_SEM_INTERVALO_DE_FILTRO_DEMONSTRADO"}},{"type":"Feature","geometry":{"type":"Point","coordinates":[-52.61166599999996,-18.803887999999972]},"properties":{"well_id":"3500023328","municipality":"Chapadão do Sul","hydro_unit":"Formação Cachoeirinha","domain":"Granular","layer_code":"V05","layer_name":"Tipo de captação documentado","depth_m":138.0,"vertical_metadata_n":5,"capture_interval_status":"UNKNOWN_SEM_INTERVALO_DE_FILTRO_DEMONSTRADO"}},{"type":"Feature","geometry":{"type":"Point","coordinates":[-54.56611099999998,-23.666943999999944]},"properties":{"well_id":"3500023359","municipality":"Iguatemi","hydro_unit":"Grupo Caiuá","domain":"Granular","layer_code":"V05","layer_name":"Tipo de captação documentado","depth_m":155.0,"vertical_metadata_n":5,"capture_interval_status":"UNKNOWN_SEM_INTERVALO_DE_FILTRO_DEMONSTRADO"}},{"type":"Feature","geometry":{"type":"Point","coordinates":[-54.579999999999984,-19.41055599999993]},"properties":{"well_id":"3500030624","municipality":"São Gabriel do Oeste","hydro_unit":"Grupo Bauru","domain":"Granular","layer_code":"V05","layer_name":"Tipo de captação documentado","depth_m":80.0,"vertical_metadata_n":4,"capture_interval_status":"UNKNOWN_SEM_INTERVALO_DE_FILTRO_DEMONSTRADO"}},{"type":"Feature","geometry":{"type":"Point","coordinates":[-54.571666999999934,-19.391666999999927]},"properties":{"well_id":"3500030625","municipality":"São Gabriel do Oeste","hydro_unit":"Grupo Bauru","domain":"Granular","layer_code":"V05","layer_name":"Tipo de captação documentado","depth_m":40.0,"vertical_metadata_n":3,"capture_interval_status":"UNKNOWN_SEM_INTERVALO_DE_FILTRO_DEMONSTRADO"}},{"type":"Feature","geometry":{"type":"Point","coordinates":[-54.52611099999996,-19.446943999999974]},"properties":{"well_id":"3500030627","municipality":"São Gabriel do Oeste","hydro_unit":"Grupo Bauru","domain":"Granular","layer_code":"V05","layer_name":"Tipo de captação documentado","depth_m":71.0,"vertical_metadata_n":3,"capture_interval_status":"UNKNOWN_SEM_INTERVALO_DE_FILTRO_DEMONSTRADO"}},{"type":"Feature","geometry":{"type":"Point","coordinates":[-54.604443999999944,-19.392499999999927]},"properties":{"well_id":"3500030631","municipality":"São Gabriel do Oeste","hydro_unit":"Grupo Bauru","domain":"Granular","layer_code":"V05","layer_name":"Tipo de captação documentado","depth_m":40.0,"vertical_metadata_n":3,"capture_interval_status":"UNKNOWN_SEM_INTERVALO_DE_FILTRO_DEMONSTRADO"}},{"type":"Feature","geometry":{"type":"Point","coordinates":[-54.041110999999944,-19.526943999999958]},"properties":{"well_id":"3500023253","municipality":"Camapuã","hydro_unit":"Formação Botucatu","domain":"Granular","layer_code":"V05","layer_name":"Tipo de captação documentado","depth_m":124.8,"vertical_metadata_n":4,"capture_interval_status":"UNKNOWN_SEM_INTERVALO_DE_FILTRO_DEMONSTRADO"}},{"type":"Feature","geometry":{"type":"Point","coordinates":[-53.12944399999998,-21.811943999999983]},"properties":{"well_id":"3500023392","municipality":"Nova Andradina","hydro_unit":"Grupo Caiuá","domain":"Granular","layer_code":"V05","layer_name":"Tipo de captação documentado","depth_m":120.0,"vertical_metadata_n":5,"capture_interval_status":"UNKNOWN_SEM_INTERVALO_DE_FILTRO_DEMONSTRADO"}},{"type":"Feature","geometry":{"type":"Point","coordinates":[-54.55583299999995,-21.789443999999946]},"properties":{"well_id":"3500023260","municipality":"Rio Brilhante","hydro_unit":"Formação Serra Geral","domain":"Fraturada","layer_code":"V05","layer_name":"Tipo de captação documentado","depth_m":267.0,"vertical_metadata_n":6,"capture_interval_status":"UNKNOWN_SEM_INTERVALO_DE_FILTRO_DEMONSTRADO"}},{"type":"Feature","geometry":{"type":"Point","coordinates":[-54.30472199999997,-22.48111099999994]},"properties":{"well_id":"3500023380","municipality":"Jateí","hydro_unit":"Grupo Caiuá","domain":"Granular","layer_code":"V05","layer_name":"Tipo de captação documentado","depth_m":120.0,"vertical_metadata_n":6,"capture_interval_status":"UNKNOWN_SEM_INTERVALO_DE_FILTRO_DEMONSTRADO"}},{"type":"Feature","geometry":{"type":"Point","coordinates":[-55.46055499999994,-20.716110999999955]},"properties":{"well_id":"3500023204","municipality":"Dois Irmãos do Buriti","hydro_unit":"Formação Serra Geral","domain":"Fraturada","layer_code":"V05","layer_name":"Tipo de captação documentado","depth_m":130.0,"vertical_metadata_n":5,"capture_interval_status":"UNKNOWN_SEM_INTERVALO_DE_FILTRO_DEMONSTRADO"}},{"type":"Feature","geometry":{"type":"Point","coordinates":[-54.52583299999998,-19.30583299999995]},"properties":{"well_id":"3500026921","municipality":"São Gabriel do Oeste","hydro_unit":"Grupo Bauru","domain":"Granular","layer_code":"V05","layer_name":"Tipo de captação documentado","depth_m":25.0,"vertical_metadata_n":4,"capture_interval_status":"UNKNOWN_SEM_INTERVALO_DE_FILTRO_DEMONSTRADO"}},{"type":"Feature","geometry":{"type":"Point","coordinates":[-55.426387999999974,-23.88999999999993]},"properties":{"well_id":"3500023351","municipality":"Paranhos","hydro_unit":"Grupo Caiuá","domain":"Granular","layer_code":"V05","layer_name":"Tipo de captação documentado","depth_m":120.0,"vertical_metadata_n":5,"capture_interval_status":"UNKNOWN_SEM_INTERVALO_DE_FILTRO_DEMONSTRADO"}},{"type":"Feature","geometry":{"type":"Point","coordinates":[-54.82111099999997,-22.631943999999976]},"properties":{"well_id":"3500023369","municipality":"Caarapó","hydro_unit":"Grupo Caiuá","domain":"Granular","layer_code":"V05","layer_name":"Tipo de captação documentado","depth_m":161.0,"vertical_metadata_n":6,"capture_interval_status":"UNKNOWN_SEM_INTERVALO_DE_FILTRO_DEMONSTRADO"}},{"type":"Feature","geometry":{"type":"Point","coordinates":[-54.82361099999997,-22.642499999999927]},"properties":{"well_id":"3500023370","municipality":"Caarapó","hydro_unit":"Grupo Caiuá","domain":"Granular","layer_code":"V05","layer_name":"Tipo de captação documentado","depth_m":150.0,"vertical_metadata_n":6,"capture_interval_status":"UNKNOWN_SEM_INTERVALO_DE_FILTRO_DEMONSTRADO"}},{"type":"Feature","geometry":{"type":"Point","coordinates":[-51.40833299999997,-19.184721999999965]},"properties":{"well_id":"3500023388","municipality":"Paranaíba","hydro_unit":"Formação Serra Geral","domain":"Fraturada","layer_code":"V05","layer_name":"Tipo de captação documentado","depth_m":90.0,"vertical_metadata_n":6,"capture_interval_status":"UNKNOWN_SEM_INTERVALO_DE_FILTRO_DEMONSTRADO"}},{"type":"Feature","geometry":{"type":"Point","coordinates":[-53.77694399999996,-22.165832999999964]},"properties":{"well_id":"3500023168","municipality":"Angélica","hydro_unit":"Grupo Caiuá","domain":"Granular","layer_code":"V05","layer_name":"Tipo de captação documentado","depth_m":112.0,"vertical_metadata_n":5,"capture_interval_status":"UNKNOWN_SEM_INTERVALO_DE_FILTRO_DEMONSTRADO"}},{"type":"Feature","geometry":{"type":"Point","coordinates":[-55.05388799999997,-20.644443999999964]},"properties":{"well_id":"3500023209","municipality":"Terenos","hydro_unit":"Formação Serra Geral","domain":"Fraturada","layer_code":"V05","layer_name":"Tipo de captação documentado","depth_m":102.0,"vertical_metadata_n":5,"capture_interval_status":"UNKNOWN_SEM_INTERVALO_DE_FILTRO_DEMONSTRADO"}},{"type":"Feature","geometry":{"type":"Point","coordinates":[-54.636387999999954,-19.110554999999977]},"properties":{"well_id":"3500023232","municipality":"São Gabriel do Oeste","hydro_unit":"Grupo Bauru","domain":"Granular","layer_code":"V05","layer_name":"Tipo de captação documentado","depth_m":125.0,"vertical_metadata_n":6,"capture_interval_status":"UNKNOWN_SEM_INTERVALO_DE_FILTRO_DEMONSTRADO"}},{"type":"Feature","geometry":{"type":"Point","coordinates":[-51.17027699999994,-19.699165999999934]},"properties":{"well_id":"3500023323","municipality":"Paranaíba","hydro_unit":"Grupo Bauru","domain":"Granular","layer_code":"V05","layer_name":"Tipo de captação documentado","depth_m":77.2,"vertical_metadata_n":5,"capture_interval_status":"UNKNOWN_SEM_INTERVALO_DE_FILTRO_DEMONSTRADO"}},{"type":"Feature","geometry":{"type":"Point","coordinates":[-54.64027699999997,-20.41888799999998]},"properties":{"well_id":"3500023394","municipality":"Campo Grande","hydro_unit":"Formação Serra Geral","domain":"Fraturada","layer_code":"V05","layer_name":"Tipo de captação documentado","depth_m":638.0,"vertical_metadata_n":6,"capture_interval_status":"UNKNOWN_SEM_INTERVALO_DE_FILTRO_DEMONSTRADO"}},{"type":"Feature","geometry":{"type":"Point","coordinates":[-55.03416599999997,-23.97361099999995]},"properties":{"well_id":"3500023354","municipality":"Sete Quedas","hydro_unit":"Grupo Caiuá","domain":"Granular","layer_code":"V05","layer_name":"Tipo de captação documentado","depth_m":594.0,"vertical_metadata_n":5,"capture_interval_status":"UNKNOWN_SEM_INTERVALO_DE_FILTRO_DEMONSTRADO"}},{"type":"Feature","geometry":{"type":"Point","coordinates":[-53.144443999999964,-18.529721999999936]},"properties":{"well_id":"3500023341","municipality":"Costa Rica","hydro_unit":"Grupo Caiuá","domain":"Granular","layer_code":"V05","layer_name":"Tipo de captação documentado","depth_m":50.5,"vertical_metadata_n":5,"capture_interval_status":"UNKNOWN_SEM_INTERVALO_DE_FILTRO_DEMONSTRADO"}},{"type":"Feature","geometry":{"type":"Point","coordinates":[-53.77416599999998,-22.158054999999933]},"properties":{"well_id":"3500023175","municipality":"Angélica","hydro_unit":"Grupo Caiuá","domain":"Granular","layer_code":"V05","layer_name":"Tipo de captação documentado","depth_m":350.0,"vertical_metadata_n":5,"capture_interval_status":"UNKNOWN_SEM_INTERVALO_DE_FILTRO_DEMONSTRADO"}},{"type":"Feature","geometry":{"type":"Point","coordinates":[-55.49861099999998,-20.78472199999993]},"properties":{"well_id":"3500023207","municipality":"Anastácio","hydro_unit":"Formação Serra Geral","domain":"Fraturada","layer_code":"V05","layer_name":"Tipo de captação documentado","depth_m":120.0,"vertical_metadata_n":5,"capture_interval_status":"UNKNOWN_SEM_INTERVALO_DE_FILTRO_DEMONSTRADO"}},{"type":"Feature","geometry":{"type":"Point","coordinates":[-51.708054999999945,-20.78638799999993]},"properties":{"well_id":"3500023302","municipality":"Três Lagoas","hydro_unit":"Grupo Caiuá","domain":"Granular","layer_code":"V05","layer_name":"Tipo de captação documentado","depth_m":86.0,"vertical_metadata_n":5,"capture_interval_status":"UNKNOWN_SEM_INTERVALO_DE_FILTRO_DEMONSTRADO"}},{"type":"Feature","geometry":{"type":"Point","coordinates":[-53.885832999999934,-22.616665999999952]},"properties":{"well_id":"3500023376","municipality":"Novo Horizonte do Sul","hydro_unit":"Grupo Caiuá","domain":"Granular","layer_code":"V05","layer_name":"Tipo de captação documentado","depth_m":102.0,"vertical_metadata_n":5,"capture_interval_status":"UNKNOWN_SEM_INTERVALO_DE_FILTRO_DEMONSTRADO"}},{"type":"Feature","geometry":{"type":"Point","coordinates":[-53.78222199999993,-22.16222199999993]},"properties":{"well_id":"3500023174","municipality":"Angélica","hydro_unit":"Grupo Caiuá","domain":"Granular","layer_code":"V05","layer_name":"Tipo de captação documentado","depth_m":97.7,"vertical_metadata_n":5,"capture_interval_status":"UNKNOWN_SEM_INTERVALO_DE_FILTRO_DEMONSTRADO"}},{"type":"Feature","geometry":{"type":"Point","coordinates":[-54.61111099999994,-19.28277799999995]},"properties":{"well_id":"3500030628","municipality":"São Gabriel do Oeste","hydro_unit":"Grupo Bauru","domain":"Granular","layer_code":"V05","layer_name":"Tipo de captação documentado","depth_m":60.0,"vertical_metadata_n":4,"capture_interval_status":"UNKNOWN_SEM_INTERVALO_DE_FILTRO_DEMONSTRADO"}},{"type":"Feature","geometry":{"type":"Point","coordinates":[-54.04888799999998,-19.51555499999995]},"properties":{"well_id":"3500023251","municipality":"Camapuã","hydro_unit":"Formação Botucatu","domain":"Granular","layer_code":"V05","layer_name":"Tipo de captação documentado","depth_m":160.0,"vertical_metadata_n":5,"capture_interval_status":"UNKNOWN_SEM_INTERVALO_DE_FILTRO_DEMONSTRADO"}},{"type":"Feature","geometry":{"type":"Point","coordinates":[-53.11555499999997,-18.52249999999998]},"properties":{"well_id":"3500023338","municipality":"Costa Rica","hydro_unit":"Formação Serra Geral","domain":"Fraturada","layer_code":"V05","layer_name":"Tipo de captação documentado","depth_m":105.0,"vertical_metadata_n":6,"capture_interval_status":"UNKNOWN_SEM_INTERVALO_DE_FILTRO_DEMONSTRADO"}},{"type":"Feature","geometry":{"type":"Point","coordinates":[-54.57527699999997,-19.399999999999977]},"properties":{"well_id":"3500023227","municipality":"São Gabriel do Oeste","hydro_unit":"Grupo Bauru","domain":"Granular","layer_code":"V05","layer_name":"Tipo de captação documentado","depth_m":65.0,"vertical_metadata_n":6,"capture_interval_status":"UNKNOWN_SEM_INTERVALO_DE_FILTRO_DEMONSTRADO"}},{"type":"Feature","geometry":{"type":"Point","coordinates":[-54.485555999999974,-19.45111099999997]},"properties":{"well_id":"3500045118","municipality":"São Gabriel do Oeste","hydro_unit":"Grupo Bauru","domain":"Granular","layer_code":"V05","layer_name":"Tipo de captação documentado","depth_m":112.0,"vertical_metadata_n":3,"capture_interval_status":"UNKNOWN_SEM_INTERVALO_DE_FILTRO_DEMONSTRADO"}},{"type":"Feature","geometry":{"type":"Point","coordinates":[-55.20111099999997,-23.09833299999997]},"properties":{"well_id":"3500023141","municipality":"Amambai","hydro_unit":"Formação Serra Geral","domain":"Fraturada","layer_code":"V05","layer_name":"Tipo de captação documentado","depth_m":105.0,"vertical_metadata_n":6,"capture_interval_status":"UNKNOWN_SEM_INTERVALO_DE_FILTRO_DEMONSTRADO"}},{"type":"Feature","geometry":{"type":"Point","coordinates":[-51.73472199999998,-19.123054999999965]},"properties":{"well_id":"3500023186","municipality":"Cassilândia","hydro_unit":"Grupo Bauru","domain":"Granular","layer_code":"V05","layer_name":"Tipo de captação documentado","depth_m":215.0,"vertical_metadata_n":6,"capture_interval_status":"UNKNOWN_SEM_INTERVALO_DE_FILTRO_DEMONSTRADO"}},{"type":"Feature","geometry":{"type":"Point","coordinates":[-54.75277699999998,-20.094443999999953]},"properties":{"well_id":"3500023216","municipality":"Jaraguari","hydro_unit":"Formação Botucatu","domain":"Granular","layer_code":"V05","layer_name":"Tipo de captação documentado","depth_m":75.5,"vertical_metadata_n":6,"capture_interval_status":"UNKNOWN_SEM_INTERVALO_DE_FILTRO_DEMONSTRADO"}},{"type":"Feature","geometry":{"type":"Point","coordinates":[-54.16194399999995,-21.541943999999944]},"properties":{"well_id":"3500023272","municipality":"Nova Alvorada do Sul","hydro_unit":"Formação Serra Geral","domain":"Fraturada","layer_code":"V05","layer_name":"Tipo de captação documentado","depth_m":160.0,"vertical_metadata_n":6,"capture_interval_status":"UNKNOWN_SEM_INTERVALO_DE_FILTRO_DEMONSTRADO"}},{"type":"Feature","geometry":{"type":"Point","coordinates":[-53.12638799999996,-18.549165999999957]},"properties":{"well_id":"3500023337","municipality":"Costa Rica","hydro_unit":"Formação Serra Geral","domain":"Fraturada","layer_code":"V05","layer_name":"Tipo de captação documentado","depth_m":93.0,"vertical_metadata_n":5,"capture_interval_status":"UNKNOWN_SEM_INTERVALO_DE_FILTRO_DEMONSTRADO"}},{"type":"Feature","geometry":{"type":"Point","coordinates":[-54.70138899999995,-22.614999999999952]},"properties":{"well_id":"3500045605","municipality":"Caarapó","hydro_unit":"Grupo Caiuá","domain":"Granular","layer_code":"V05","layer_name":"Tipo de captação documentado","depth_m":644.0,"vertical_metadata_n":6,"capture_interval_status":"UNKNOWN_SEM_INTERVALO_DE_FILTRO_DEMONSTRADO"}},{"type":"Feature","geometry":{"type":"Point","coordinates":[-54.57111099999997,-20.37972199999996]},"properties":{"well_id":"3500045699","municipality":"Campo Grande","hydro_unit":"Formação Serra Geral","domain":"Fraturada","layer_code":"V05","layer_name":"Tipo de captação documentado","depth_m":55.0,"vertical_metadata_n":5,"capture_interval_status":"UNKNOWN_SEM_INTERVALO_DE_FILTRO_DEMONSTRADO"}},{"type":"Feature","geometry":{"type":"Point","coordinates":[-54.787777999999946,-19.987777999999935]},"properties":{"well_id":"3500028108","municipality":"Rochedo","hydro_unit":"Formação Botucatu","domain":"Granular","layer_code":"V05","layer_name":"Tipo de captação documentado","depth_m":66.0,"vertical_metadata_n":5,"capture_interval_status":"UNKNOWN_SEM_INTERVALO_DE_FILTRO_DEMONSTRADO"}},{"type":"Feature","geometry":{"type":"Point","coordinates":[-52.06722199999996,-21.296666999999957]},"properties":{"well_id":"3500029179","municipality":"Brasilândia","hydro_unit":"Grupo Caiuá","domain":"Granular","layer_code":"V05","layer_name":"Tipo de captação documentado","depth_m":58.0,"vertical_metadata_n":5,"capture_interval_status":"UNKNOWN_SEM_INTERVALO_DE_FILTRO_DEMONSTRADO"}},{"type":"Feature","geometry":{"type":"Point","coordinates":[-54.55249999999995,-21.79472199999998]},"properties":{"well_id":"3500023257","municipality":"Rio Brilhante","hydro_unit":"Formação Serra Geral","domain":"Fraturada","layer_code":"V05","layer_name":"Tipo de captação documentado","depth_m":92.0,"vertical_metadata_n":5,"capture_interval_status":"UNKNOWN_SEM_INTERVALO_DE_FILTRO_DEMONSTRADO"}},{"type":"Feature","geometry":{"type":"Point","coordinates":[-52.41722199999998,-21.72333299999997]},"properties":{"well_id":"3500023280","municipality":"Bataguassu","hydro_unit":"Grupo Caiuá","domain":"Granular","layer_code":"V05","layer_name":"Tipo de captação documentado","depth_m":148.0,"vertical_metadata_n":5,"capture_interval_status":"UNKNOWN_SEM_INTERVALO_DE_FILTRO_DEMONSTRADO"}},{"type":"Feature","geometry":{"type":"Point","coordinates":[-51.195832999999936,-19.676110999999935]},"properties":{"well_id":"3500023322","municipality":"Paranaíba","hydro_unit":"Grupo Bauru","domain":"Granular","layer_code":"V05","layer_name":"Tipo de captação documentado","depth_m":180.0,"vertical_metadata_n":6,"capture_interval_status":"UNKNOWN_SEM_INTERVALO_DE_FILTRO_DEMONSTRADO"}},{"type":"Feature","geometry":{"type":"Point","coordinates":[-52.55694399999993,-18.820832999999936]},"properties":{"well_id":"3500023332","municipality":"Chapadão do Sul","hydro_unit":"Formação Cachoeirinha","domain":"Granular","layer_code":"V05","layer_name":"Tipo de captação documentado","depth_m":120.0,"vertical_metadata_n":4,"capture_interval_status":"UNKNOWN_SEM_INTERVALO_DE_FILTRO_DEMONSTRADO"}},{"type":"Feature","geometry":{"type":"Point","coordinates":[-53.009999999999934,-18.531665999999973]},"properties":{"well_id":"3500023340","municipality":"Costa Rica","hydro_unit":"Grupo Caiuá","domain":"Granular","layer_code":"V05","layer_name":"Tipo de captação documentado","depth_m":119.0,"vertical_metadata_n":5,"capture_interval_status":"UNKNOWN_SEM_INTERVALO_DE_FILTRO_DEMONSTRADO"}},{"type":"Feature","geometry":{"type":"Point","coordinates":[-56.09277799999995,-20.76138899999995]},"properties":{"well_id":"3500030622","municipality":"Bonito","hydro_unit":"Depósitos aluvionares","domain":"Granular","layer_code":"V05","layer_name":"Tipo de captação documentado","depth_m":260.0,"vertical_metadata_n":3,"capture_interval_status":"UNKNOWN_SEM_INTERVALO_DE_FILTRO_DEMONSTRADO"}},{"type":"Feature","geometry":{"type":"Point","coordinates":[-54.57583299999993,-19.400555999999938]},"properties":{"well_id":"3500030626","municipality":"São Gabriel do Oeste","hydro_unit":"Grupo Bauru","domain":"Granular","layer_code":"V05","layer_name":"Tipo de captação documentado","depth_m":65.0,"vertical_metadata_n":3,"capture_interval_status":"UNKNOWN_SEM_INTERVALO_DE_FILTRO_DEMONSTRADO"}},{"type":"Feature","geometry":{"type":"Point","coordinates":[-54.58472199999994,-19.402499999999975]},"properties":{"well_id":"3500030629","municipality":"São Gabriel do Oeste","hydro_unit":"Grupo Bauru","domain":"Granular","layer_code":"V05","layer_name":"Tipo de captação documentado","depth_m":100.0,"vertical_metadata_n":3,"capture_interval_status":"UNKNOWN_SEM_INTERVALO_DE_FILTRO_DEMONSTRADO"}},{"type":"Feature","geometry":{"type":"Point","coordinates":[-54.65972199999993,-19.266110999999967]},"properties":{"well_id":"3500023231","municipality":"São Gabriel do Oeste","hydro_unit":"Grupo Bauru","domain":"Granular","layer_code":"V05","layer_name":"Tipo de captação documentado","depth_m":104.0,"vertical_metadata_n":5,"capture_interval_status":"UNKNOWN_SEM_INTERVALO_DE_FILTRO_DEMONSTRADO"}},{"type":"Feature","geometry":{"type":"Point","coordinates":[-55.498887999999965,-20.749165999999946]},"properties":{"well_id":"3500023198","municipality":"Dois Irmãos do Buriti","hydro_unit":"Formação Botucatu","domain":"Granular","layer_code":"V05","layer_name":"Tipo de captação documentado","depth_m":115.0,"vertical_metadata_n":5,"capture_interval_status":"UNKNOWN_SEM_INTERVALO_DE_FILTRO_DEMONSTRADO"}},{"type":"Feature","geometry":{"type":"Point","coordinates":[-54.75472199999996,-20.09916599999997]},"properties":{"well_id":"3500023217","municipality":"Jaraguari","hydro_unit":"Formação Botucatu","domain":"Granular","layer_code":"V05","layer_name":"Tipo de captação documentado","depth_m":109.1,"vertical_metadata_n":6,"capture_interval_status":"UNKNOWN_SEM_INTERVALO_DE_FILTRO_DEMONSTRADO"}},{"type":"Feature","geometry":{"type":"Point","coordinates":[-54.64694399999996,-19.281110999999953]},"properties":{"well_id":"3500023229","municipality":"São Gabriel do Oeste","hydro_unit":"Grupo Bauru","domain":"Granular","layer_code":"V05","layer_name":"Tipo de captação documentado","depth_m":100.0,"vertical_metadata_n":6,"capture_interval_status":"UNKNOWN_SEM_INTERVALO_DE_FILTRO_DEMONSTRADO"}},{"type":"Feature","geometry":{"type":"Point","coordinates":[-54.69111099999998,-19.40666699999997]},"properties":{"well_id":"3500028110","municipality":"São Gabriel do Oeste","hydro_unit":"Formação Serra Geral","domain":"Fraturada","layer_code":"V05","layer_name":"Tipo de captação documentado","depth_m":58.0,"vertical_metadata_n":5,"capture_interval_status":"UNKNOWN_SEM_INTERVALO_DE_FILTRO_DEMONSTRADO"}},{"type":"Feature","geometry":{"type":"Point","coordinates":[-55.15611099999995,-22.560832999999946]},"properties":{"well_id":"3500023129","municipality":"Laguna Carapã","hydro_unit":"Formação Serra Geral","domain":"Fraturada","layer_code":"V05","layer_name":"Tipo de captação documentado","depth_m":81.0,"vertical_metadata_n":5,"capture_interval_status":"UNKNOWN_SEM_INTERVALO_DE_FILTRO_DEMONSTRADO"}},{"type":"Feature","geometry":{"type":"Point","coordinates":[-54.549999999999955,-21.808332999999948]},"properties":{"well_id":"3500023259","municipality":"Rio Brilhante","hydro_unit":"Formação Serra Geral","domain":"Fraturada","layer_code":"V05","layer_name":"Tipo de captação documentado","depth_m":95.0,"vertical_metadata_n":5,"capture_interval_status":"UNKNOWN_SEM_INTERVALO_DE_FILTRO_DEMONSTRADO"}},{"type":"Feature","geometry":{"type":"Point","coordinates":[-54.551387999999974,-21.80694399999993]},"properties":{"well_id":"3500023261","municipality":"Rio Brilhante","hydro_unit":"Formação Serra Geral","domain":"Fraturada","layer_code":"V05","layer_name":"Tipo de captação documentado","depth_m":54.0,"vertical_metadata_n":5,"capture_interval_status":"UNKNOWN_SEM_INTERVALO_DE_FILTRO_DEMONSTRADO"}},{"type":"Feature","geometry":{"type":"Point","coordinates":[-52.43749999999994,-21.686943999999983]},"properties":{"well_id":"3500023277","municipality":"Bataguassu","hydro_unit":"Depósitos aluvionares","domain":"Granular","layer_code":"V05","layer_name":"Tipo de captação documentado","depth_m":115.0,"vertical_metadata_n":5,"capture_interval_status":"UNKNOWN_SEM_INTERVALO_DE_FILTRO_DEMONSTRADO"}},{"type":"Feature","geometry":{"type":"Point","coordinates":[-52.029721999999936,-21.251387999999963]},"properties":{"well_id":"3500023288","municipality":"Brasilândia","hydro_unit":"Grupo Caiuá","domain":"Granular","layer_code":"V05","layer_name":"Tipo de captação documentado","depth_m":109.15,"vertical_metadata_n":5,"capture_interval_status":"UNKNOWN_SEM_INTERVALO_DE_FILTRO_DEMONSTRADO"}},{"type":"Feature","geometry":{"type":"Point","coordinates":[-51.66555499999998,-20.79472199999998]},"properties":{"well_id":"3500023294","municipality":"Três Lagoas","hydro_unit":"Grupo Caiuá","domain":"Granular","layer_code":"V05","layer_name":"Tipo de captação documentado","depth_m":94.0,"vertical_metadata_n":5,"capture_interval_status":"UNKNOWN_SEM_INTERVALO_DE_FILTRO_DEMONSTRADO"}},{"type":"Feature","geometry":{"type":"Point","coordinates":[-53.85999999999996,-22.655554999999936]},"properties":{"well_id":"3500023374","municipality":"Novo Horizonte do Sul","hydro_unit":"Grupo Caiuá","domain":"Granular","layer_code":"V05","layer_name":"Tipo de captação documentado","depth_m":120.5,"vertical_metadata_n":5,"capture_interval_status":"UNKNOWN_SEM_INTERVALO_DE_FILTRO_DEMONSTRADO"}},{"type":"Feature","geometry":{"type":"Point","coordinates":[-53.85777699999994,-22.651665999999977]},"properties":{"well_id":"3500023375","municipality":"Novo Horizonte do Sul","hydro_unit":"Grupo Caiuá","domain":"Granular","layer_code":"V05","layer_name":"Tipo de captação documentado","depth_m":115.0,"vertical_metadata_n":5,"capture_interval_status":"UNKNOWN_SEM_INTERVALO_DE_FILTRO_DEMONSTRADO"}},{"type":"Feature","geometry":{"type":"Point","coordinates":[-54.52555599999994,-19.30583299999995]},"properties":{"well_id":"3500026920","municipality":"São Gabriel do Oeste","hydro_unit":"Grupo Bauru","domain":"Granular","layer_code":"V05","layer_name":"Tipo de captação documentado","depth_m":32.0,"vertical_metadata_n":3,"capture_interval_status":"UNKNOWN_SEM_INTERVALO_DE_FILTRO_DEMONSTRADO"}},{"type":"Feature","geometry":{"type":"Point","coordinates":[-52.41749999999996,-21.71388799999994]},"properties":{"well_id":"3500023274","municipality":"Bataguassu","hydro_unit":"Grupo Caiuá","domain":"Granular","layer_code":"V05","layer_name":"Tipo de captação documentado","depth_m":110.0,"vertical_metadata_n":5,"capture_interval_status":"UNKNOWN_SEM_INTERVALO_DE_FILTRO_DEMONSTRADO"}},{"type":"Feature","geometry":{"type":"Point","coordinates":[-54.853610999999944,-18.915277999999944]},"properties":{"well_id":"3500030634","municipality":"Rio Verde de Mato Grosso","hydro_unit":"Formação Furnas","domain":"Granular","layer_code":"V05","layer_name":"Tipo de captação documentado","depth_m":150.0,"vertical_metadata_n":3,"capture_interval_status":"UNKNOWN_SEM_INTERVALO_DE_FILTRO_DEMONSTRADO"}},{"type":"Feature","geometry":{"type":"Point","coordinates":[-54.83749999999998,-18.90944399999995]},"properties":{"well_id":"3500030635","municipality":"Rio Verde de Mato Grosso","hydro_unit":"Formação Furnas","domain":"Granular","layer_code":"V05","layer_name":"Tipo de captação documentado","depth_m":150.0,"vertical_metadata_n":3,"capture_interval_status":"UNKNOWN_SEM_INTERVALO_DE_FILTRO_DEMONSTRADO"}},{"type":"Feature","geometry":{"type":"Point","coordinates":[-54.831388999999945,-19.831110999999964]},"properties":{"well_id":"3500030637","municipality":"Corguinho","hydro_unit":"Formação Botucatu","domain":"Granular","layer_code":"V05","layer_name":"Tipo de captação documentado","depth_m":150.0,"vertical_metadata_n":3,"capture_interval_status":"UNKNOWN_SEM_INTERVALO_DE_FILTRO_DEMONSTRADO"}},{"type":"Feature","geometry":{"type":"Point","coordinates":[-56.081110999999964,-21.526943999999958]},"properties":{"well_id":"3500023346","municipality":"Guia Lopes da Laguna","hydro_unit":"Formação Botucatu","domain":"Granular","layer_code":"V05","layer_name":"Tipo de captação documentado","depth_m":100.0,"vertical_metadata_n":4,"capture_interval_status":"UNKNOWN_SEM_INTERVALO_DE_FILTRO_DEMONSTRADO"}},{"type":"Feature","geometry":{"type":"Point","coordinates":[-51.66555599999998,-20.76444399999997]},"properties":{"well_id":"3500045659","municipality":"Três Lagoas","hydro_unit":"Formação Serra Geral","domain":"Fraturada","layer_code":"V05","layer_name":"Tipo de captação documentado","depth_m":50.0,"vertical_metadata_n":5,"capture_interval_status":"UNKNOWN_SEM_INTERVALO_DE_FILTRO_DEMONSTRADO"}},{"type":"Feature","geometry":{"type":"Point","coordinates":[-55.97361099999995,-21.25333299999994]},"properties":{"well_id":"3500023344","municipality":"Nioaque","hydro_unit":"Formação Botucatu","domain":"Granular","layer_code":"V05","layer_name":"Tipo de captação documentado","depth_m":105.0,"vertical_metadata_n":5,"capture_interval_status":"UNKNOWN_SEM_INTERVALO_DE_FILTRO_DEMONSTRADO"}},{"type":"Feature","geometry":{"type":"Point","coordinates":[-55.226943999999946,-23.104443999999944]},"properties":{"well_id":"3500023139","municipality":"Amambai","hydro_unit":"Formação Serra Geral","domain":"Fraturada","layer_code":"V05","layer_name":"Tipo de captação documentado","depth_m":160.0,"vertical_metadata_n":6,"capture_interval_status":"UNKNOWN_SEM_INTERVALO_DE_FILTRO_DEMONSTRADO"}},{"type":"Feature","geometry":{"type":"Point","coordinates":[-55.23055499999998,-23.10694399999994]},"properties":{"well_id":"3500023137","municipality":"Amambai","hydro_unit":"Formação Serra Geral","domain":"Fraturada","layer_code":"V05","layer_name":"Tipo de captação documentado","depth_m":150.0,"vertical_metadata_n":6,"capture_interval_status":"UNKNOWN_SEM_INTERVALO_DE_FILTRO_DEMONSTRADO"}},{"type":"Feature","geometry":{"type":"Point","coordinates":[-54.62722199999996,-19.881943999999976]},"properties":{"well_id":"3500023219","municipality":"Rochedo","hydro_unit":"Formação Serra Geral","domain":"Fraturada","layer_code":"V05","layer_name":"Tipo de captação documentado","depth_m":100.0,"vertical_metadata_n":5,"capture_interval_status":"UNKNOWN_SEM_INTERVALO_DE_FILTRO_DEMONSTRADO"}},{"type":"Feature","geometry":{"type":"Point","coordinates":[-54.038610999999946,-19.559999999999945]},"properties":{"well_id":"3500023246","municipality":"Camapuã","hydro_unit":"Formação Botucatu","domain":"Granular","layer_code":"V05","layer_name":"Tipo de captação documentado","depth_m":184.0,"vertical_metadata_n":6,"capture_interval_status":"UNKNOWN_SEM_INTERVALO_DE_FILTRO_DEMONSTRADO"}},{"type":"Feature","geometry":{"type":"Point","coordinates":[-51.09944399999995,-20.084443999999962]},"properties":{"well_id":"3500023315","municipality":"Aparecida do Taboado","hydro_unit":"Grupo Caiuá","domain":"Granular","layer_code":"V05","layer_name":"Tipo de captação documentado","depth_m":150.0,"vertical_metadata_n":6,"capture_interval_status":"UNKNOWN_SEM_INTERVALO_DE_FILTRO_DEMONSTRADO"}},{"type":"Feature","geometry":{"type":"Point","coordinates":[-51.028332999999975,-20.09499999999997]},"properties":{"well_id":"3500023320","municipality":"Aparecida do Taboado","hydro_unit":"Grupo Caiuá","domain":"Granular","layer_code":"V05","layer_name":"Tipo de captação documentado","depth_m":50.0,"vertical_metadata_n":4,"capture_interval_status":"UNKNOWN_SEM_INTERVALO_DE_FILTRO_DEMONSTRADO"}},{"type":"Feature","geometry":{"type":"Point","coordinates":[-54.56499999999994,-23.66972199999998]},"properties":{"well_id":"3500026840","municipality":"Iguatemi","hydro_unit":"Grupo Caiuá","domain":"Granular","layer_code":"V05","layer_name":"Tipo de captação documentado","depth_m":62.0,"vertical_metadata_n":5,"capture_interval_status":"UNKNOWN_SEM_INTERVALO_DE_FILTRO_DEMONSTRADO"}},{"type":"Feature","geometry":{"type":"Point","coordinates":[-52.818888999999956,-21.300555999999972]},"properties":{"well_id":"3500029178","municipality":"Santa Rita do Pardo","hydro_unit":"Grupo Caiuá","domain":"Granular","layer_code":"V05","layer_name":"Tipo de captação documentado","depth_m":58.0,"vertical_metadata_n":5,"capture_interval_status":"UNKNOWN_SEM_INTERVALO_DE_FILTRO_DEMONSTRADO"}},{"type":"Feature","geometry":{"type":"Point","coordinates":[-54.883332999999936,-19.956665999999927]},"properties":{"well_id":"3500023214","municipality":"Rochedo","hydro_unit":"Formação Botucatu","domain":"Granular","layer_code":"V05","layer_name":"Tipo de captação documentado","depth_m":150.0,"vertical_metadata_n":5,"capture_interval_status":"UNKNOWN_SEM_INTERVALO_DE_FILTRO_DEMONSTRADO"}},{"type":"Feature","geometry":{"type":"Point","coordinates":[-52.03305499999993,-21.25222199999996]},"properties":{"well_id":"3500023289","municipality":"Brasilândia","hydro_unit":"Grupo Caiuá","domain":"Granular","layer_code":"V05","layer_name":"Tipo de captação documentado","depth_m":121.0,"vertical_metadata_n":4,"capture_interval_status":"UNKNOWN_SEM_INTERVALO_DE_FILTRO_DEMONSTRADO"}},{"type":"Feature","geometry":{"type":"Point","coordinates":[-51.706110999999964,-20.78611099999995]},"properties":{"well_id":"3500023292","municipality":"Três Lagoas","hydro_unit":"Grupo Caiuá","domain":"Granular","layer_code":"V05","layer_name":"Tipo de captação documentado","depth_m":88.5,"vertical_metadata_n":5,"capture_interval_status":"UNKNOWN_SEM_INTERVALO_DE_FILTRO_DEMONSTRADO"}},{"type":"Feature","geometry":{"type":"Point","coordinates":[-51.664999999999964,-20.777499999999975]},"properties":{"well_id":"3500023300","municipality":"Três Lagoas","hydro_unit":"Formação Serra Geral","domain":"Fraturada","layer_code":"V05","layer_name":"Tipo de captação documentado","depth_m":86.2,"vertical_metadata_n":5,"capture_interval_status":"UNKNOWN_SEM_INTERVALO_DE_FILTRO_DEMONSTRADO"}},{"type":"Feature","geometry":{"type":"Point","coordinates":[-51.92944399999993,-19.73249999999996]},"properties":{"well_id":"3500023309","municipality":"Inocência","hydro_unit":"Grupo Bauru","domain":"Granular","layer_code":"V05","layer_name":"Tipo de captação documentado","depth_m":150.0,"vertical_metadata_n":5,"capture_interval_status":"UNKNOWN_SEM_INTERVALO_DE_FILTRO_DEMONSTRADO"}},{"type":"Feature","geometry":{"type":"Point","coordinates":[-52.62444399999998,-18.79777699999994]},"properties":{"well_id":"3500023329","municipality":"Chapadão do Sul","hydro_unit":"Formação Cachoeirinha","domain":"Granular","layer_code":"V05","layer_name":"Tipo de captação documentado","depth_m":135.0,"vertical_metadata_n":4,"capture_interval_status":"UNKNOWN_SEM_INTERVALO_DE_FILTRO_DEMONSTRADO"}},{"type":"Feature","geometry":{"type":"Point","coordinates":[-53.12805499999996,-18.534999999999968]},"properties":{"well_id":"3500023334","municipality":"Costa Rica","hydro_unit":"Grupo Caiuá","domain":"Granular","layer_code":"V05","layer_name":"Tipo de captação documentado","depth_m":50.7,"vertical_metadata_n":6,"capture_interval_status":"UNKNOWN_SEM_INTERVALO_DE_FILTRO_DEMONSTRADO"}},{"type":"Feature","geometry":{"type":"Point","coordinates":[-54.186387999999965,-23.048332999999957]},"properties":{"well_id":"3500023372","municipality":"Naviraí","hydro_unit":"Grupo Caiuá","domain":"Granular","layer_code":"V05","layer_name":"Tipo de captação documentado","depth_m":121.3,"vertical_metadata_n":5,"capture_interval_status":"UNKNOWN_SEM_INTERVALO_DE_FILTRO_DEMONSTRADO"}},{"type":"Feature","geometry":{"type":"Point","coordinates":[-54.23194399999994,-22.42166599999996]},"properties":{"well_id":"3500023377","municipality":"Glória de Dourados","hydro_unit":"Grupo Caiuá","domain":"Granular","layer_code":"V05","layer_name":"Tipo de captação documentado","depth_m":72.0,"vertical_metadata_n":5,"capture_interval_status":"UNKNOWN_SEM_INTERVALO_DE_FILTRO_DEMONSTRADO"}},{"type":"Feature","geometry":{"type":"Point","coordinates":[-53.82361099999997,-22.313887999999963]},"properties":{"well_id":"3500023381","municipality":"Ivinhema","hydro_unit":"Grupo Caiuá","domain":"Granular","layer_code":"V05","layer_name":"Tipo de captação documentado","depth_m":128.0,"vertical_metadata_n":5,"capture_interval_status":"UNKNOWN_SEM_INTERVALO_DE_FILTRO_DEMONSTRADO"}},{"type":"Feature","geometry":{"type":"Point","coordinates":[-54.57861099999997,-19.383887999999956]},"properties":{"well_id":"3500023228","municipality":"São Gabriel do Oeste","hydro_unit":"Grupo Bauru","domain":"Granular","layer_code":"V05","layer_name":"Tipo de captação documentado","depth_m":45.0,"vertical_metadata_n":6,"capture_interval_status":"UNKNOWN_SEM_INTERVALO_DE_FILTRO_DEMONSTRADO"}},{"type":"Feature","geometry":{"type":"Point","coordinates":[-54.56388899999996,-19.26444399999997]},"properties":{"well_id":"3500026923","municipality":"São Gabriel do Oeste","hydro_unit":"Grupo Bauru","domain":"Granular","layer_code":"V05","layer_name":"Tipo de captação documentado","depth_m":42.0,"vertical_metadata_n":3,"capture_interval_status":"UNKNOWN_SEM_INTERVALO_DE_FILTRO_DEMONSTRADO"}},{"type":"Feature","geometry":{"type":"Point","coordinates":[-54.37972199999996,-21.464443999999958]},"properties":{"well_id":"3500023269","municipality":"Nova Alvorada do Sul","hydro_unit":"Formação Serra Geral","domain":"Fraturada","layer_code":"V05","layer_name":"Tipo de captação documentado","depth_m":150.0,"vertical_metadata_n":5,"capture_interval_status":"UNKNOWN_SEM_INTERVALO_DE_FILTRO_DEMONSTRADO"}},{"type":"Feature","geometry":{"type":"Point","coordinates":[-52.83138799999995,-21.30666599999995]},"properties":{"well_id":"3500023282","municipality":"Santa Rita do Pardo","hydro_unit":"Grupo Caiuá","domain":"Granular","layer_code":"V05","layer_name":"Tipo de captação documentado","depth_m":150.0,"vertical_metadata_n":5,"capture_interval_status":"UNKNOWN_SEM_INTERVALO_DE_FILTRO_DEMONSTRADO"}},{"type":"Feature","geometry":{"type":"Point","coordinates":[-51.70555499999995,-20.78527699999995]},"properties":{"well_id":"3500023291","municipality":"Três Lagoas","hydro_unit":"Grupo Caiuá","domain":"Granular","layer_code":"V05","layer_name":"Tipo de captação documentado","depth_m":82.0,"vertical_metadata_n":5,"capture_interval_status":"UNKNOWN_SEM_INTERVALO_DE_FILTRO_DEMONSTRADO"}},{"type":"Feature","geometry":{"type":"Point","coordinates":[-56.50111099999998,-21.123332999999946]},"properties":{"well_id":"3500030620","municipality":"Bonito","hydro_unit":"Embasamento Indiferenciado","domain":"Fraturada","layer_code":"V05","layer_name":"Tipo de captação documentado","depth_m":17.0,"vertical_metadata_n":3,"capture_interval_status":"UNKNOWN_SEM_INTERVALO_DE_FILTRO_DEMONSTRADO"}},{"type":"Feature","geometry":{"type":"Point","coordinates":[-51.73638799999998,-20.772221999999942]},"properties":{"well_id":"3500023297","municipality":"Três Lagoas","hydro_unit":"Grupo Caiuá","domain":"Granular","layer_code":"V05","layer_name":"Tipo de captação documentado","depth_m":174.0,"vertical_metadata_n":4,"capture_interval_status":"UNKNOWN_SEM_INTERVALO_DE_FILTRO_DEMONSTRADO"}},{"type":"Feature","geometry":{"type":"Point","coordinates":[-53.12472199999996,-18.54388799999998]},"properties":{"well_id":"3500023339","municipality":"Costa Rica","hydro_unit":"Formação Serra Geral","domain":"Fraturada","layer_code":"V05","layer_name":"Tipo de captação documentado","depth_m":65.0,"vertical_metadata_n":5,"capture_interval_status":"UNKNOWN_SEM_INTERVALO_DE_FILTRO_DEMONSTRADO"}},{"type":"Feature","geometry":{"type":"Point","coordinates":[-52.27694399999996,-21.673610999999937]},"properties":{"well_id":"3500045658","municipality":"Bataguassu","hydro_unit":"Grupo Caiuá","domain":"Granular","layer_code":"V05","layer_name":"Tipo de captação documentado","depth_m":71.0,"vertical_metadata_n":5,"capture_interval_status":"UNKNOWN_SEM_INTERVALO_DE_FILTRO_DEMONSTRADO"}},{"type":"Feature","geometry":{"type":"Point","coordinates":[-55.81277799999998,-21.66027799999995]},"properties":{"well_id":"3500045667","municipality":"Maracaju","hydro_unit":"Formação Serra Geral","domain":"Fraturada","layer_code":"V05","layer_name":"Tipo de captação documentado","depth_m":100.0,"vertical_metadata_n":5,"capture_interval_status":"UNKNOWN_SEM_INTERVALO_DE_FILTRO_DEMONSTRADO"}},{"type":"Feature","geometry":{"type":"Point","coordinates":[-55.174721999999974,-21.60555599999998]},"properties":{"well_id":"3500045690","municipality":"Maracaju","hydro_unit":"Formação Serra Geral","domain":"Fraturada","layer_code":"V05","layer_name":"Tipo de captação documentado","depth_m":132.0,"vertical_metadata_n":6,"capture_interval_status":"UNKNOWN_SEM_INTERVALO_DE_FILTRO_DEMONSTRADO"}},{"type":"Feature","geometry":{"type":"Point","coordinates":[-51.83472199999994,-20.978332999999964]},"properties":{"well_id":"3500045713","municipality":"Três Lagoas","hydro_unit":"Grupo Caiuá","domain":"Granular","layer_code":"V05","layer_name":"Tipo de captação documentado","depth_m":149.0,"vertical_metadata_n":5,"capture_interval_status":"UNKNOWN_SEM_INTERVALO_DE_FILTRO_DEMONSTRADO"}},{"type":"Feature","geometry":{"type":"Point","coordinates":[-54.04777799999994,-19.51277799999997]},"properties":{"well_id":"3500065025","municipality":"Camapuã","hydro_unit":"Formação Botucatu","domain":"Granular","layer_code":"V05","layer_name":"Tipo de captação documentado","depth_m":160.0,"vertical_metadata_n":4,"capture_interval_status":"UNKNOWN_SEM_INTERVALO_DE_FILTRO_DEMONSTRADO"}},{"type":"Feature","geometry":{"type":"Point","coordinates":[-56.67194399999994,-20.55416699999995]},"properties":{"well_id":"3500065017","municipality":"Bodoquena","hydro_unit":"Grupo Cuiaba","domain":"Fraturada","layer_code":"V05","layer_name":"Tipo de captação documentado","depth_m":150.0,"vertical_metadata_n":5,"capture_interval_status":"UNKNOWN_SEM_INTERVALO_DE_FILTRO_DEMONSTRADO"}},{"type":"Feature","geometry":{"type":"Point","coordinates":[-54.59833299999997,-20.421388999999976]},"properties":{"well_id":"3500065026","municipality":"Campo Grande","hydro_unit":"Formação Serra Geral","domain":"Fraturada","layer_code":"V05","layer_name":"Tipo de captação documentado","depth_m":89.0,"vertical_metadata_n":5,"capture_interval_status":"UNKNOWN_SEM_INTERVALO_DE_FILTRO_DEMONSTRADO"}},{"type":"Feature","geometry":{"type":"Point","coordinates":[-53.36888899999997,-22.07416699999993]},"properties":{"well_id":"3500034023","municipality":"Nova Andradina","hydro_unit":"Grupo Caiuá","domain":"Granular","layer_code":"V05","layer_name":"Tipo de captação documentado","depth_m":61.4,"vertical_metadata_n":5,"capture_interval_status":"UNKNOWN_SEM_INTERVALO_DE_FILTRO_DEMONSTRADO"}},{"type":"Feature","geometry":{"type":"Point","coordinates":[-53.01424999999995,-18.892105999999956]},"properties":{"well_id":"3500068745","municipality":"Paraíso das Águas","hydro_unit":"Grupo Caiuá","domain":"Granular","layer_code":"V05","layer_name":"Tipo de captação documentado","depth_m":53.0,"vertical_metadata_n":4,"capture_interval_status":"UNKNOWN_SEM_INTERVALO_DE_FILTRO_DEMONSTRADO"}},{"type":"Feature","geometry":{"type":"Point","coordinates":[-54.28233299999994,-22.915724999999952]},"properties":{"well_id":"3500068741","municipality":"Naviraí","hydro_unit":"Grupo Caiuá","domain":"Granular","layer_code":"V05","layer_name":"Tipo de captação documentado","depth_m":66.0,"vertical_metadata_n":4,"capture_interval_status":"UNKNOWN_SEM_INTERVALO_DE_FILTRO_DEMONSTRADO"}},{"type":"Feature","geometry":{"type":"Point","coordinates":[-52.71749999999997,-22.17972199999997]},"properties":{"well_id":"3500023182","municipality":"Anaurilândia","hydro_unit":"Grupo Caiuá","domain":"Granular","layer_code":"V05","layer_name":"Tipo de captação documentado","depth_m":120.0,"vertical_metadata_n":5,"capture_interval_status":"UNKNOWN_SEM_INTERVALO_DE_FILTRO_DEMONSTRADO"}},{"type":"Feature","geometry":{"type":"Point","coordinates":[-51.194443999999976,-19.678610999999933]},"properties":{"well_id":"3500023321","municipality":"Paranaíba","hydro_unit":"Grupo Bauru","domain":"Granular","layer_code":"V05","layer_name":"Tipo de captação documentado","depth_m":180.0,"vertical_metadata_n":6,"capture_interval_status":"UNKNOWN_SEM_INTERVALO_DE_FILTRO_DEMONSTRADO"}},{"type":"Feature","geometry":{"type":"Point","coordinates":[-52.31166699999994,-20.893610999999964]},"properties":{"well_id":"3500045672","municipality":"Três Lagoas","hydro_unit":"Grupo Caiuá","domain":"Granular","layer_code":"V05","layer_name":"Tipo de captação documentado","depth_m":80.0,"vertical_metadata_n":5,"capture_interval_status":"UNKNOWN_SEM_INTERVALO_DE_FILTRO_DEMONSTRADO"}},{"type":"Feature","geometry":{"type":"Point","coordinates":[-54.352777999999944,-19.923888999999974]},"properties":{"well_id":"3500030640","municipality":"Bandeirantes","hydro_unit":"Formação Serra Geral","domain":"Fraturada","layer_code":"V05","layer_name":"Tipo de captação documentado","depth_m":96.0,"vertical_metadata_n":3,"capture_interval_status":"UNKNOWN_SEM_INTERVALO_DE_FILTRO_DEMONSTRADO"}},{"type":"Feature","geometry":{"type":"Point","coordinates":[-53.893055999999945,-22.395277999999962]},"properties":{"well_id":"3500045648","municipality":"Ivinhema","hydro_unit":"Grupo Caiuá","domain":"Granular","layer_code":"V05","layer_name":"Tipo de captação documentado","depth_m":1300.0,"vertical_metadata_n":5,"capture_interval_status":"UNKNOWN_SEM_INTERVALO_DE_FILTRO_DEMONSTRADO"}},{"type":"Feature","geometry":{"type":"Point","coordinates":[-56.03638799999993,-22.204721999999947]},"properties":{"well_id":"3500023166","municipality":"Antônio João","hydro_unit":"Formação Serra Geral","domain":"Fraturada","layer_code":"V05","layer_name":"Tipo de captação documentado","depth_m":185.0,"vertical_metadata_n":4,"capture_interval_status":"UNKNOWN_SEM_INTERVALO_DE_FILTRO_DEMONSTRADO"}},{"type":"Feature","geometry":{"type":"Point","coordinates":[-53.63722199999995,-18.682221999999967]},"properties":{"well_id":"3500023240","municipality":"Figueirão","hydro_unit":"Formação Botucatu","domain":"Granular","layer_code":"V05","layer_name":"Tipo de captação documentado","depth_m":158.0,"vertical_metadata_n":4,"capture_interval_status":"UNKNOWN_SEM_INTERVALO_DE_FILTRO_DEMONSTRADO"}},{"type":"Feature","geometry":{"type":"Point","coordinates":[-53.341110999999955,-22.235554999999977]},"properties":{"well_id":"3500023387","municipality":"Nova Andradina","hydro_unit":"Grupo Caiuá","domain":"Granular","layer_code":"V05","layer_name":"Tipo de captação documentado","depth_m":152.0,"vertical_metadata_n":5,"capture_interval_status":"UNKNOWN_SEM_INTERVALO_DE_FILTRO_DEMONSTRADO"}},{"type":"Feature","geometry":{"type":"Point","coordinates":[-52.385276999999974,-21.717221999999936]},"properties":{"well_id":"3500023275","municipality":"Bataguassu","hydro_unit":"Grupo Caiuá","domain":"Granular","layer_code":"V05","layer_name":"Tipo de captação documentado","depth_m":130.0,"vertical_metadata_n":5,"capture_interval_status":"UNKNOWN_SEM_INTERVALO_DE_FILTRO_DEMONSTRADO"}},{"type":"Feature","geometry":{"type":"Point","coordinates":[-53.34944399999995,-22.485554999999977]},"properties":{"well_id":"3500023384","municipality":"Taquarussu","hydro_unit":"Grupo Caiuá","domain":"Granular","layer_code":"V05","layer_name":"Tipo de captação documentado","depth_m":74.0,"vertical_metadata_n":5,"capture_interval_status":"UNKNOWN_SEM_INTERVALO_DE_FILTRO_DEMONSTRADO"}},{"type":"Feature","geometry":{"type":"Point","coordinates":[-56.287499999999966,-20.13999999999993]},"properties":{"well_id":"3500053085","municipality":"Miranda","hydro_unit":"Grupo Cuiaba","domain":"Fraturada","layer_code":"V05","layer_name":"Tipo de captação documentado","depth_m":30.0,"vertical_metadata_n":6,"capture_interval_status":"UNKNOWN_SEM_INTERVALO_DE_FILTRO_DEMONSTRADO"}},{"type":"Feature","geometry":{"type":"Point","coordinates":[-52.03333299999997,-21.25222199999996]},"properties":{"well_id":"3500023287","municipality":"Brasilândia","hydro_unit":"Grupo Caiuá","domain":"Granular","layer_code":"V05","layer_name":"Tipo de captação documentado","depth_m":126.0,"vertical_metadata_n":5,"capture_interval_status":"UNKNOWN_SEM_INTERVALO_DE_FILTRO_DEMONSTRADO"}},{"type":"Feature","geometry":{"type":"Point","coordinates":[-54.590555999999935,-20.468610999999953]},"properties":{"well_id":"3500026928","municipality":"Campo Grande","hydro_unit":"Formação Serra Geral","domain":"Fraturada","layer_code":"V05","layer_name":"Tipo de captação documentado","depth_m":80.0,"vertical_metadata_n":3,"capture_interval_status":"UNKNOWN_SEM_INTERVALO_DE_FILTRO_DEMONSTRADO"}},{"type":"Feature","geometry":{"type":"Point","coordinates":[-54.85861099999994,-22.080555999999945]},"properties":{"well_id":"3500045603","municipality":"Itaporã","hydro_unit":"Formação Serra Geral","domain":"Fraturada","layer_code":"V05","layer_name":"Tipo de captação documentado","depth_m":110.0,"vertical_metadata_n":5,"capture_interval_status":"UNKNOWN_SEM_INTERVALO_DE_FILTRO_DEMONSTRADO"}},{"type":"Feature","geometry":{"type":"Point","coordinates":[-54.20472199999995,-21.836666999999977]},"properties":{"well_id":"3500045675","municipality":"Rio Brilhante","hydro_unit":"Grupo Caiuá","domain":"Granular","layer_code":"V05","layer_name":"Tipo de captação documentado","depth_m":60.0,"vertical_metadata_n":5,"capture_interval_status":"UNKNOWN_SEM_INTERVALO_DE_FILTRO_DEMONSTRADO"}},{"type":"Feature","geometry":{"type":"Point","coordinates":[-54.57111099999997,-20.37722199999996]},"properties":{"well_id":"3500045693","municipality":"Campo Grande","hydro_unit":"Formação Serra Geral","domain":"Fraturada","layer_code":"V05","layer_name":"Tipo de captação documentado","depth_m":132.0,"vertical_metadata_n":5,"capture_interval_status":"UNKNOWN_SEM_INTERVALO_DE_FILTRO_DEMONSTRADO"}},{"type":"Feature","geometry":{"type":"Point","coordinates":[-51.82111099999997,-20.988888999999972]},"properties":{"well_id":"3500045705","municipality":"Três Lagoas","hydro_unit":"Grupo Caiuá","domain":"Granular","layer_code":"V05","layer_name":"Tipo de captação documentado","depth_m":111.0,"vertical_metadata_n":5,"capture_interval_status":"UNKNOWN_SEM_INTERVALO_DE_FILTRO_DEMONSTRADO"}},{"type":"Feature","geometry":{"type":"Point","coordinates":[-51.83527799999996,-20.997777999999983]},"properties":{"well_id":"3500045707","municipality":"Três Lagoas","hydro_unit":"Grupo Caiuá","domain":"Granular","layer_code":"V05","layer_name":"Tipo de captação documentado","depth_m":146.84,"vertical_metadata_n":5,"capture_interval_status":"UNKNOWN_SEM_INTERVALO_DE_FILTRO_DEMONSTRADO"}},{"type":"Feature","geometry":{"type":"Point","coordinates":[-54.03972199999998,-19.558055999999965]},"properties":{"well_id":"3500065023","municipality":"Camapuã","hydro_unit":"Formação Botucatu","domain":"Granular","layer_code":"V05","layer_name":"Tipo de captação documentado","depth_m":170.0,"vertical_metadata_n":4,"capture_interval_status":"UNKNOWN_SEM_INTERVALO_DE_FILTRO_DEMONSTRADO"}},{"type":"Feature","geometry":{"type":"Point","coordinates":[-52.87472199999996,-20.446943999999974]},"properties":{"well_id":"3500065001","municipality":"Água Clara","hydro_unit":"Grupo Caiuá","domain":"Granular","layer_code":"V05","layer_name":"Tipo de captação documentado","depth_m":54.0,"vertical_metadata_n":4,"capture_interval_status":"UNKNOWN_SEM_INTERVALO_DE_FILTRO_DEMONSTRADO"}},{"type":"Feature","geometry":{"type":"Point","coordinates":[-55.95666699999998,-22.191943999999978]},"properties":{"well_id":"3500065006","municipality":"Antônio João","hydro_unit":"Formação Serra Geral","domain":"Fraturada","layer_code":"V05","layer_name":"Tipo de captação documentado","depth_m":150.0,"vertical_metadata_n":5,"capture_interval_status":"UNKNOWN_SEM_INTERVALO_DE_FILTRO_DEMONSTRADO"}},{"type":"Feature","geometry":{"type":"Point","coordinates":[-52.40888899999993,-21.709443999999962]},"properties":{"well_id":"3500065014","municipality":"Bataguassu","hydro_unit":"Grupo Caiuá","domain":"Granular","layer_code":"V05","layer_name":"Tipo de captação documentado","depth_m":110.0,"vertical_metadata_n":4,"capture_interval_status":"UNKNOWN_SEM_INTERVALO_DE_FILTRO_DEMONSTRADO"}},{"type":"Feature","geometry":{"type":"Point","coordinates":[-54.694443999999976,-22.60666699999996]},"properties":{"well_id":"3500065021","municipality":"Caarapó","hydro_unit":"Grupo Caiuá","domain":"Granular","layer_code":"V05","layer_name":"Tipo de captação documentado","depth_m":667.0,"vertical_metadata_n":5,"capture_interval_status":"UNKNOWN_SEM_INTERVALO_DE_FILTRO_DEMONSTRADO"}},{"type":"Feature","geometry":{"type":"Point","coordinates":[-54.640832999999986,-20.48249999999996]},"properties":{"well_id":"3500065027","municipality":"Campo Grande","hydro_unit":"Formação Serra Geral","domain":"Fraturada","layer_code":"V05","layer_name":"Tipo de captação documentado","depth_m":25.0,"vertical_metadata_n":5,"capture_interval_status":"UNKNOWN_SEM_INTERVALO_DE_FILTRO_DEMONSTRADO"}},{"type":"Feature","geometry":{"type":"Point","coordinates":[-53.75333299999994,-20.437776999999983]},"properties":{"well_id":"3500023256","municipality":"Ribas do Rio Pardo","hydro_unit":"Formação Serra Geral","domain":"Fraturada","layer_code":"V05","layer_name":"Tipo de captação documentado","depth_m":136.0,"vertical_metadata_n":5,"capture_interval_status":"UNKNOWN_SEM_INTERVALO_DE_FILTRO_DEMONSTRADO"}},{"type":"Feature","geometry":{"type":"Point","coordinates":[-54.20055499999995,-23.05666599999995]},"properties":{"well_id":"3500023393","municipality":"Naviraí","hydro_unit":"Grupo Caiuá","domain":"Granular","layer_code":"V05","layer_name":"Tipo de captação documentado","depth_m":128.0,"vertical_metadata_n":5,"capture_interval_status":"UNKNOWN_SEM_INTERVALO_DE_FILTRO_DEMONSTRADO"}}]}