cell_id,scale_km2,variant,area_effective_km2,n_wells,analysis_status,spatial_gap_E01_p90_km,hydrostrat_units_n,hydrostrat_dominant_unit,hydrostrat_dominant_unit_pct,hydrostrat_domains_n,hydrostrat_dominant_domain,hydrostrat_dominant_domain_pct,hydrostrat_E01_unit_masked,hydrostrat_E01_domain_masked,spatial_coordinate_review_n,spatial_coordinate_review_pct,spatial_municipality_mismatch_n,spatial_municipality_mismatch_pct,hydrostrat_unknown_n,hydrostrat_unknown_pct,hydrostrat_review_n,hydrostrat_review_pct,vertical_depth_positive_n,vertical_depth_positive_pct,vertical_metadata_present_n,vertical_metadata_present_pct,vertical_top_base_raw_coherent_n,vertical_top_base_raw_coherent_pct,vertical_capture_interval_demonstrated_n,hydraulic_static_level_n,hydraulic_static_level_pct,hydraulic_dynamic_level_n,hydraulic_dynamic_level_pct,hydraulic_specific_capacity_nonnegative_n,hydraulic_specific_capacity_nonnegative_pct,hydraulic_test_registered_n,hydraulic_test_registered_pct,hydraulic_test_minimum_metadata_n,hydraulic_test_minimum_metadata_pct,hydraulic_transmissivity_reported_n,hydraulic_transmissivity_reported_pct,hydrochemical_partial_evidence_n,hydrochemical_partial_evidence_pct,hydrochemical_dated_n,hydrochemical_dated_pct,hydrochemical_samples_n,hydrochemical_results_n,hydrochemical_parameter_types_n,temporal_any_dated_n,temporal_any_dated_pct,temporal_multiple_domains_n,temporal_multiple_domains_pct,temporal_latest_evidence_age_median_years,temporal_time_series_demonstrated_n,independence_duplicate_candidate_n,independence_duplicate_candidate_pct,independence_exact_colocation_n,independence_exact_colocation_pct,independence_nn_lt_500m_n,independence_nn_lt_500m_pct,independence_source_snapshot_overlap_n,independence_source_snapshot_overlap_pct,documentary_flagged_wells_n,documentary_flagged_wells_pct,documentary_invalid_wells_n,documentary_invalid_wells_pct,documentary_domains_median,spatial_state,hydrostrat_state,vertical_state,hydraulic_state,hydrochemical_state,temporal_state,independence_state,documentary_state,uncertainty_state,uncertainty_codes,dimension_vector_json
SCALE-1000-O00-00001,1000,O00,1.403442840943237,0,SEM_POCO_NO_CONJUNTO_AUDITADO,,1,Grupo Caiuá,100.00000000000001,1,Granular (Gr),100.00000000000001,False,False,0,,0,,0,,0,,0,,0,,0,,0,0,,0,,0,,0,,0,,0,,0,,0,,0,0,0,0,,0,,,0,0,,0,,0,,0,,0,,0,,,SEM_POCO_NO_CONJUNTO_AUDITADO,UNKNOWN_SEM_POCO_PARA_AVALIACAO_LOCAL,UNKNOWN_SEM_POCO_PARA_AVALIACAO_VERTICAL,UNKNOWN_SEM_POCO_PARA_AVALIACAO_HIDRAULICA,UNKNOWN_SEM_POCO_PARA_AVALIACAO_HIDROQUIMICA,UNKNOWN_SEM_POCO_PARA_AVALIACAO_TEMPORAL,UNKNOWN_INDEPENDENCIA_HIDROGEOLOGICA_NAO_DEMONSTRADA,UNKNOWN_SEM_POCO_PARA_AVALIACAO_DOCUMENTAL,INCERTEZA_EXPLICITA_NAO_AGREGADA,UNKNOWN_SEM_POCO_NO_CONJUNTO_AUDITADO,"{""espacial"":""SEM_POCO_NO_CONJUNTO_AUDITADO"",""hidraulica"":""UNKNOWN_SEM_POCO_PARA_AVALIACAO_HIDRAULICA"",""hidroestratigrafica"":""UNKNOWN_SEM_POCO_PARA_AVALIACAO_LOCAL"",""hidroquimica"":""UNKNOWN_SEM_POCO_PARA_AVALIACAO_HIDROQUIMICA"",""incerteza"":""INCERTEZA_EXPLICITA_NAO_AGREGADA"",""independencia"":""UNKNOWN_INDEPENDENCIA_HIDROGEOLOGICA_NAO_DEMONSTRADA"",""qualidade_documental"":""UNKNOWN_SEM_POCO_PARA_AVALIACAO_DOCUMENTAL"",""temporal"":""UNKNOWN_SEM_POCO_PARA_AVALIACAO_TEMPORAL"",""vertical"":""UNKNOWN_SEM_POCO_PARA_AVALIACAO_VERTICAL""}"
SCALE-1000-O00-00002,1000,O00,3.210240193438637,0,SEM_POCO_NO_CONJUNTO_AUDITADO,,1,Grupo Caiuá,100.0,1,Granular (Gr),100.0,False,False,0,,0,,0,,0,,0,,0,,0,,0,0,,0,,0,,0,,0,,0,,0,,0,,0,0,0,0,,0,,,0,0,,0,,0,,0,,0,,0,,,SEM_POCO_NO_CONJUNTO_AUDITADO,UNKNOWN_SEM_POCO_PARA_AVALIACAO_LOCAL,UNKNOWN_SEM_POCO_PARA_AVALIACAO_VERTICAL,UNKNOWN_SEM_POCO_PARA_AVALIACAO_HIDRAULICA,UNKNOWN_SEM_POCO_PARA_AVALIACAO_HIDROQUIMICA,UNKNOWN_SEM_POCO_PARA_AVALIACAO_TEMPORAL,UNKNOWN_INDEPENDENCIA_HIDROGEOLOGICA_NAO_DEMONSTRADA,UNKNOWN_SEM_POCO_PARA_AVALIACAO_DOCUMENTAL,INCERTEZA_EXPLICITA_NAO_AGREGADA,UNKNOWN_SEM_POCO_NO_CONJUNTO_AUDITADO,"{""espacial"":""SEM_POCO_NO_CONJUNTO_AUDITADO"",""hidraulica"":""UNKNOWN_SEM_POCO_PARA_AVALIACAO_HIDRAULICA"",""hidroestratigrafica"":""UNKNOWN_SEM_POCO_PARA_AVALIACAO_LOCAL"",""hidroquimica"":""UNKNOWN_SEM_POCO_PARA_AVALIACAO_HIDROQUIMICA"",""incerteza"":""INCERTEZA_EXPLICITA_NAO_AGREGADA"",""independencia"":""UNKNOWN_INDEPENDENCIA_HIDROGEOLOGICA_NAO_DEMONSTRADA"",""qualidade_documental"":""UNKNOWN_SEM_POCO_PARA_AVALIACAO_DOCUMENTAL"",""temporal"":""UNKNOWN_SEM_POCO_PARA_AVALIACAO_TEMPORAL"",""vertical"":""UNKNOWN_SEM_POCO_PARA_AVALIACAO_VERTICAL""}"
SCALE-1000-O00-00003,1000,O00,28.644078713823372,0,SEM_POCO_NO_CONJUNTO_AUDITADO,6.424187854182392,2,Depósitos aluvionares,91.42895850216081,1,Granular (Gr),100.0,False,False,0,,0,,0,,0,,0,,0,,0,,0,0,,0,,0,,0,,0,,0,,0,,0,,0,0,0,0,,0,,,0,0,,0,,0,,0,,0,,0,,,SEM_POCO_NO_CONJUNTO_AUDITADO,UNKNOWN_SEM_POCO_PARA_AVALIACAO_LOCAL,UNKNOWN_SEM_POCO_PARA_AVALIACAO_VERTICAL,UNKNOWN_SEM_POCO_PARA_AVALIACAO_HIDRAULICA,UNKNOWN_SEM_POCO_PARA_AVALIACAO_HIDROQUIMICA,UNKNOWN_SEM_POCO_PARA_AVALIACAO_TEMPORAL,UNKNOWN_INDEPENDENCIA_HIDROGEOLOGICA_NAO_DEMONSTRADA,UNKNOWN_SEM_POCO_PARA_AVALIACAO_DOCUMENTAL,INCERTEZA_EXPLICITA_NAO_AGREGADA,UNKNOWN_SEM_POCO_NO_CONJUNTO_AUDITADO,"{""espacial"":""SEM_POCO_NO_CONJUNTO_AUDITADO"",""hidraulica"":""UNKNOWN_SEM_POCO_PARA_AVALIACAO_HIDRAULICA"",""hidroestratigrafica"":""UNKNOWN_SEM_POCO_PARA_AVALIACAO_LOCAL"",""hidroquimica"":""UNKNOWN_SEM_POCO_PARA_AVALIACAO_HIDROQUIMICA"",""incerteza"":""INCERTEZA_EXPLICITA_NAO_AGREGADA"",""independencia"":""UNKNOWN_INDEPENDENCIA_HIDROGEOLOGICA_NAO_DEMONSTRADA"",""qualidade_documental"":""UNKNOWN_SEM_POCO_PARA_AVALIACAO_DOCUMENTAL"",""temporal"":""UNKNOWN_SEM_POCO_PARA_AVALIACAO_TEMPORAL"",""vertical"":""UNKNOWN_SEM_POCO_PARA_AVALIACAO_VERTICAL""}"
SCALE-1000-O00-00004,1000,O00,116.32899926364401,8,COM_POCO_NO_CONJUNTO_AUDITADO,5.781764308022798,1,Grupo Caiuá,100.0,1,Granular (Gr),100.0,False,False,0,0.0,0,0.0,1,12.5,5,62.5,8,100.0,5,62.5,0,0.0,0,8,100.0,8,100.0,8,100.0,3,37.5,3,37.5,0,0.0,5,62.5,2,25.0,3,5,3,5,62.5,2,25.0,35.03973387543892,0,0,0.0,0,0.0,5,62.5,5,62.5,5,62.5,0,0.0,4.0,SEM_ALERTA_OBJETIVO_DE_LOCALIZACAO,REVISAO_OU_UNKNOWN_PRESENTE,PARCIAL_SEM_INTERVALO_CAPTADO_DEMONSTRADO,ENSAIO_COM_METADADOS_MINIMOS_PRESENTE,EVIDENCIA_HIDROQUIMICA_PARCIAL_PRESENTE_SEM_QA_COMPLETO,EVIDENCIA_DATADA_PRESENTE_SEM_SERIE,UNKNOWN_INDEPENDENCIA_HIDROGEOLOGICA_NAO_DEMONSTRADA,ALERTAS_DE_REVISAO_PRESENTES,INCERTEZA_EXPLICITA_NAO_AGREGADA,UNKNOWN_HIDROESTRATIGRAFIA_EM_PARTE_DOS_POCOS|UNKNOWN_INDEPENDENCIA_HIDROGEOLOGICA|UNKNOWN_INTERVALO_CAPTADO|UNKNOWN_QA_HIDROQUIMICO_COMPLETO|UNKNOWN_SERIE_TEMPORAL,"{""espacial"":""SEM_ALERTA_OBJETIVO_DE_LOCALIZACAO"",""hidraulica"":""ENSAIO_COM_METADADOS_MINIMOS_PRESENTE"",""hidroestratigrafica"":""REVISAO_OU_UNKNOWN_PRESENTE"",""hidroquimica"":""EVIDENCIA_HIDROQUIMICA_PARCIAL_PRESENTE_SEM_QA_COMPLETO"",""incerteza"":""INCERTEZA_EXPLICITA_NAO_AGREGADA"",""independencia"":""UNKNOWN_INDEPENDENCIA_HIDROGEOLOGICA_NAO_DEMONSTRADA"",""qualidade_documental"":""ALERTAS_DE_REVISAO_PRESENTES"",""temporal"":""EVIDENCIA_DATADA_PRESENTE_SEM_SERIE"",""vertical"":""PARCIAL_SEM_INTERVALO_CAPTADO_DEMONSTRADO""}"
SCALE-1000-O00-00005,1000,O00,882.424123183556,3,COM_POCO_NO_CONJUNTO_AUDITADO,18.167209630558006,1,Grupo Caiuá,100.0,1,Granular (Gr),100.0,False,False,0,0.0,0,0.0,0,0.0,3,100.0,3,100.0,3,100.0,2,66.66666666666667,0,3,100.0,3,100.0,3,100.0,3,100.0,3,100.0,0,0.0,1,33.333333333333336,1,33.333333333333336,1,2,2,3,100.0,1,33.333333333333336,44.99476375284913,0,0,0.0,0,0.0,0,0.0,3,100.0,3,100.0,0,0.0,4.0,SEM_ALERTA_OBJETIVO_DE_LOCALIZACAO,REVISAO_OU_UNKNOWN_PRESENTE,PARCIAL_SEM_INTERVALO_CAPTADO_DEMONSTRADO,ENSAIO_COM_METADADOS_MINIMOS_PRESENTE,EVIDENCIA_HIDROQUIMICA_PARCIAL_PRESENTE_SEM_QA_COMPLETO,EVIDENCIA_DATADA_PRESENTE_SEM_SERIE,UNKNOWN_INDEPENDENCIA_HIDROGEOLOGICA_NAO_DEMONSTRADA,ALERTAS_DE_REVISAO_PRESENTES,INCERTEZA_EXPLICITA_NAO_AGREGADA,UNKNOWN_INDEPENDENCIA_HIDROGEOLOGICA|UNKNOWN_INTERVALO_CAPTADO|UNKNOWN_QA_HIDROQUIMICO_COMPLETO|UNKNOWN_SERIE_TEMPORAL,"{""espacial"":""SEM_ALERTA_OBJETIVO_DE_LOCALIZACAO"",""hidraulica"":""ENSAIO_COM_METADADOS_MINIMOS_PRESENTE"",""hidroestratigrafica"":""REVISAO_OU_UNKNOWN_PRESENTE"",""hidroquimica"":""EVIDENCIA_HIDROQUIMICA_PARCIAL_PRESENTE_SEM_QA_COMPLETO"",""incerteza"":""INCERTEZA_EXPLICITA_NAO_AGREGADA"",""independencia"":""UNKNOWN_INDEPENDENCIA_HIDROGEOLOGICA_NAO_DEMONSTRADA"",""qualidade_documental"":""ALERTAS_DE_REVISAO_PRESENTES"",""temporal"":""EVIDENCIA_DATADA_PRESENTE_SEM_SERIE"",""vertical"":""PARCIAL_SEM_INTERVALO_CAPTADO_DEMONSTRADO""}"
SCALE-1000-O00-00006,1000,O00,613.0405743185787,5,COM_POCO_NO_CONJUNTO_AUDITADO,16.475857386342813,1,Grupo Caiuá,100.0,1,Granular (Gr),100.0,False,False,0,0.0,0,0.0,0,0.0,4,80.0,5,100.0,3,60.0,1,20.0,0,5,100.0,5,100.0,5,100.0,2,40.0,1,20.0,0,0.0,2,40.0,0,0.0,1,1,1,2,40.0,0,0.0,36.687953893646,0,0,0.0,0,0.0,3,60.0,3,60.0,3,60.0,0,0.0,4.0,SEM_ALERTA_OBJETIVO_DE_LOCALIZACAO,REVISAO_OU_UNKNOWN_PRESENTE,PARCIAL_SEM_INTERVALO_CAPTADO_DEMONSTRADO,ENSAIO_COM_METADADOS_MINIMOS_PRESENTE,EVIDENCIA_HIDROQUIMICA_PARCIAL_PRESENTE_SEM_QA_COMPLETO,EVIDENCIA_DATADA_PRESENTE_SEM_SERIE,UNKNOWN_INDEPENDENCIA_HIDROGEOLOGICA_NAO_DEMONSTRADA,ALERTAS_DE_REVISAO_PRESENTES,INCERTEZA_EXPLICITA_NAO_AGREGADA,UNKNOWN_INDEPENDENCIA_HIDROGEOLOGICA|UNKNOWN_INTERVALO_CAPTADO|UNKNOWN_QA_HIDROQUIMICO_COMPLETO|UNKNOWN_SERIE_TEMPORAL,"{""espacial"":""SEM_ALERTA_OBJETIVO_DE_LOCALIZACAO"",""hidraulica"":""ENSAIO_COM_METADADOS_MINIMOS_PRESENTE"",""hidroestratigrafica"":""REVISAO_OU_UNKNOWN_PRESENTE"",""hidroquimica"":""EVIDENCIA_HIDROQUIMICA_PARCIAL_PRESENTE_SEM_QA_COMPLETO"",""incerteza"":""INCERTEZA_EXPLICITA_NAO_AGREGADA"",""independencia"":""UNKNOWN_INDEPENDENCIA_HIDROGEOLOGICA_NAO_DEMONSTRADA"",""qualidade_documental"":""ALERTAS_DE_REVISAO_PRESENTES"",""temporal"":""EVIDENCIA_DATADA_PRESENTE_SEM_SERIE"",""vertical"":""PARCIAL_SEM_INTERVALO_CAPTADO_DEMONSTRADO""}"
SCALE-1000-O00-00007,1000,O00,457.10667930018633,13,COM_POCO_NO_CONJUNTO_AUDITADO,8.426210264280762,2,Grupo Caiuá,96.86981368821998,1,Granular (Gr),100.0,False,False,0,0.0,0,0.0,0,0.0,1,7.6923076923076925,13,100.0,12,92.3076923076923,0,0.0,0,13,100.0,13,100.0,13,100.0,9,69.23076923076923,9,69.23076923076923,1,7.6923076923076925,2,15.384615384615385,1,7.6923076923076925,3,3,2,12,92.3076923076923,1,7.6923076923076925,33.3764553686934,0,0,0.0,0,0.0,6,46.15384615384615,12,92.3076923076923,12,92.3076923076923,0,0.0,4.0,SEM_ALERTA_OBJETIVO_DE_LOCALIZACAO,REVISAO_OU_UNKNOWN_PRESENTE,PARCIAL_SEM_INTERVALO_CAPTADO_DEMONSTRADO,TRANSMISSIVIDADE_INFORMADA_NAO_VALIDADA_PRESENTE,EVIDENCIA_HIDROQUIMICA_PARCIAL_PRESENTE_SEM_QA_COMPLETO,EVIDENCIA_DATADA_PRESENTE_SEM_SERIE,UNKNOWN_INDEPENDENCIA_HIDROGEOLOGICA_NAO_DEMONSTRADA,ALERTAS_DE_REVISAO_PRESENTES,INCERTEZA_EXPLICITA_NAO_AGREGADA,UNKNOWN_INDEPENDENCIA_HIDROGEOLOGICA|UNKNOWN_INTERVALO_CAPTADO|UNKNOWN_QA_HIDROQUIMICO_COMPLETO|UNKNOWN_SERIE_TEMPORAL,"{""espacial"":""SEM_ALERTA_OBJETIVO_DE_LOCALIZACAO"",""hidraulica"":""TRANSMISSIVIDADE_INFORMADA_NAO_VALIDADA_PRESENTE"",""hidroestratigrafica"":""REVISAO_OU_UNKNOWN_PRESENTE"",""hidroquimica"":""EVIDENCIA_HIDROQUIMICA_PARCIAL_PRESENTE_SEM_QA_COMPLETO"",""incerteza"":""INCERTEZA_EXPLICITA_NAO_AGREGADA"",""independencia"":""UNKNOWN_INDEPENDENCIA_HIDROGEOLOGICA_NAO_DEMONSTRADA"",""qualidade_documental"":""ALERTAS_DE_REVISAO_PRESENTES"",""temporal"":""EVIDENCIA_DATADA_PRESENTE_SEM_SERIE"",""vertical"":""PARCIAL_SEM_INTERVALO_CAPTADO_DEMONSTRADO""}"
SCALE-1000-O00-00008,1000,O00,847.9687751622524,42,COM_POCO_NO_CONJUNTO_AUDITADO,9.077087567469968,2,Grupo Caiuá,86.2816196092117,1,Granular (Gr),100.00000000000001,False,False,0,0.0,0,0.0,3,7.142857142857143,19,45.23809523809524,41,97.61904761904762,18,42.857142857142854,0,0.0,0,41,97.61904761904762,41,97.61904761904762,39,92.85714285714286,12,28.571428571428573,12,28.571428571428573,0,0.0,19,45.23809523809524,1,2.380952380952381,15,16,3,20,47.61904761904762,1,2.380952380952381,30.93834917897013,0,0,0.0,0,0.0,29,69.04761904761905,21,50.0,21,50.0,0,0.0,4.0,SEM_ALERTA_OBJETIVO_DE_LOCALIZACAO,REVISAO_OU_UNKNOWN_PRESENTE,PARCIAL_SEM_INTERVALO_CAPTADO_DEMONSTRADO,ENSAIO_COM_METADADOS_MINIMOS_PRESENTE,EVIDENCIA_HIDROQUIMICA_PARCIAL_PRESENTE_SEM_QA_COMPLETO,EVIDENCIA_DATADA_PRESENTE_SEM_SERIE,UNKNOWN_INDEPENDENCIA_HIDROGEOLOGICA_NAO_DEMONSTRADA,ALERTAS_DE_REVISAO_PRESENTES,INCERTEZA_EXPLICITA_NAO_AGREGADA,UNKNOWN_HIDROESTRATIGRAFIA_EM_PARTE_DOS_POCOS|UNKNOWN_INDEPENDENCIA_HIDROGEOLOGICA|UNKNOWN_INTERVALO_CAPTADO|UNKNOWN_QA_HIDROQUIMICO_COMPLETO|UNKNOWN_SERIE_TEMPORAL,"{""espacial"":""SEM_ALERTA_OBJETIVO_DE_LOCALIZACAO"",""hidraulica"":""ENSAIO_COM_METADADOS_MINIMOS_PRESENTE"",""hidroestratigrafica"":""REVISAO_OU_UNKNOWN_PRESENTE"",""hidroquimica"":""EVIDENCIA_HIDROQUIMICA_PARCIAL_PRESENTE_SEM_QA_COMPLETO"",""incerteza"":""INCERTEZA_EXPLICITA_NAO_AGREGADA"",""independencia"":""UNKNOWN_INDEPENDENCIA_HIDROGEOLOGICA_NAO_DEMONSTRADA"",""qualidade_documental"":""ALERTAS_DE_REVISAO_PRESENTES"",""temporal"":""EVIDENCIA_DATADA_PRESENTE_SEM_SERIE"",""vertical"":""PARCIAL_SEM_INTERVALO_CAPTADO_DEMONSTRADO""}"
SCALE-1000-O00-00009,1000,O00,899.0093507174781,0,SEM_POCO_NO_CONJUNTO_AUDITADO,31.35570753084381,1,Grupo Caiuá,100.0,1,Granular (Gr),100.0,False,False,0,,0,,0,,0,,0,,0,,0,,0,0,,0,,0,,0,,0,,0,,0,,0,,0,0,0,0,,0,,,0,0,,0,,0,,0,,0,,0,,,SEM_POCO_NO_CONJUNTO_AUDITADO,UNKNOWN_SEM_POCO_PARA_AVALIACAO_LOCAL,UNKNOWN_SEM_POCO_PARA_AVALIACAO_VERTICAL,UNKNOWN_SEM_POCO_PARA_AVALIACAO_HIDRAULICA,UNKNOWN_SEM_POCO_PARA_AVALIACAO_HIDROQUIMICA,UNKNOWN_SEM_POCO_PARA_AVALIACAO_TEMPORAL,UNKNOWN_INDEPENDENCIA_HIDROGEOLOGICA_NAO_DEMONSTRADA,UNKNOWN_SEM_POCO_PARA_AVALIACAO_DOCUMENTAL,INCERTEZA_EXPLICITA_NAO_AGREGADA,UNKNOWN_SEM_POCO_NO_CONJUNTO_AUDITADO,"{""espacial"":""SEM_POCO_NO_CONJUNTO_AUDITADO"",""hidraulica"":""UNKNOWN_SEM_POCO_PARA_AVALIACAO_HIDRAULICA"",""hidroestratigrafica"":""UNKNOWN_SEM_POCO_PARA_AVALIACAO_LOCAL"",""hidroquimica"":""UNKNOWN_SEM_POCO_PARA_AVALIACAO_HIDROQUIMICA"",""incerteza"":""INCERTEZA_EXPLICITA_NAO_AGREGADA"",""independencia"":""UNKNOWN_INDEPENDENCIA_HIDROGEOLOGICA_NAO_DEMONSTRADA"",""qualidade_documental"":""UNKNOWN_SEM_POCO_PARA_AVALIACAO_DOCUMENTAL"",""temporal"":""UNKNOWN_SEM_POCO_PARA_AVALIACAO_TEMPORAL"",""vertical"":""UNKNOWN_SEM_POCO_PARA_AVALIACAO_VERTICAL""}"
SCALE-1000-O00-00010,1000,O00,1000.0000000000462,9,COM_POCO_NO_CONJUNTO_AUDITADO,15.075680492734062,1,Grupo Caiuá,100.0,1,Granular (Gr),100.0,False,False,0,0.0,0,0.0,0,0.0,4,44.44444444444444,9,100.0,4,44.44444444444444,0,0.0,0,9,100.0,9,100.0,9,100.0,3,33.333333333333336,3,33.333333333333336,0,0.0,6,66.66666666666667,1,11.11111111111111,5,6,3,4,44.44444444444444,1,11.11111111111111,20.787558950560246,0,0,0.0,0,0.0,3,33.333333333333336,4,44.44444444444444,4,44.44444444444444,0,0.0,4.0,SEM_ALERTA_OBJETIVO_DE_LOCALIZACAO,REVISAO_OU_UNKNOWN_PRESENTE,PARCIAL_SEM_INTERVALO_CAPTADO_DEMONSTRADO,ENSAIO_COM_METADADOS_MINIMOS_PRESENTE,EVIDENCIA_HIDROQUIMICA_PARCIAL_PRESENTE_SEM_QA_COMPLETO,EVIDENCIA_DATADA_PRESENTE_SEM_SERIE,UNKNOWN_INDEPENDENCIA_HIDROGEOLOGICA_NAO_DEMONSTRADA,ALERTAS_DE_REVISAO_PRESENTES,INCERTEZA_EXPLICITA_NAO_AGREGADA,UNKNOWN_INDEPENDENCIA_HIDROGEOLOGICA|UNKNOWN_INTERVALO_CAPTADO|UNKNOWN_QA_HIDROQUIMICO_COMPLETO|UNKNOWN_SERIE_TEMPORAL,"{""espacial"":""SEM_ALERTA_OBJETIVO_DE_LOCALIZACAO"",""hidraulica"":""ENSAIO_COM_METADADOS_MINIMOS_PRESENTE"",""hidroestratigrafica"":""REVISAO_OU_UNKNOWN_PRESENTE"",""hidroquimica"":""EVIDENCIA_HIDROQUIMICA_PARCIAL_PRESENTE_SEM_QA_COMPLETO"",""incerteza"":""INCERTEZA_EXPLICITA_NAO_AGREGADA"",""independencia"":""UNKNOWN_INDEPENDENCIA_HIDROGEOLOGICA_NAO_DEMONSTRADA"",""qualidade_documental"":""ALERTAS_DE_REVISAO_PRESENTES"",""temporal"":""EVIDENCIA_DATADA_PRESENTE_SEM_SERIE"",""vertical"":""PARCIAL_SEM_INTERVALO_CAPTADO_DEMONSTRADO""}"
SCALE-1000-O00-00011,1000,O00,1000.0000000000462,19,COM_POCO_NO_CONJUNTO_AUDITADO,15.54522258597115,1,Grupo Caiuá,100.0,1,Granular (Gr),100.0,False,False,0,0.0,0,0.0,2,10.526315789473685,4,21.05263157894737,18,94.73684210526316,13,68.42105263157895,1,5.2631578947368425,0,17,89.47368421052632,17,89.47368421052632,17,89.47368421052632,8,42.10526315789474,8,42.10526315789474,0,0.0,8,42.10526315789474,4,21.05263157894737,8,12,5,13,68.42105263157895,4,21.05263157894737,21.95253838203385,0,0,0.0,0,0.0,14,73.6842105263158,14,73.6842105263158,14,73.6842105263158,0,0.0,4.0,SEM_ALERTA_OBJETIVO_DE_LOCALIZACAO,REVISAO_OU_UNKNOWN_PRESENTE,PARCIAL_SEM_INTERVALO_CAPTADO_DEMONSTRADO,ENSAIO_COM_METADADOS_MINIMOS_PRESENTE,EVIDENCIA_HIDROQUIMICA_PARCIAL_PRESENTE_SEM_QA_COMPLETO,EVIDENCIA_DATADA_PRESENTE_SEM_SERIE,UNKNOWN_INDEPENDENCIA_HIDROGEOLOGICA_NAO_DEMONSTRADA,ALERTAS_DE_REVISAO_PRESENTES,INCERTEZA_EXPLICITA_NAO_AGREGADA,UNKNOWN_HIDROESTRATIGRAFIA_EM_PARTE_DOS_POCOS|UNKNOWN_INDEPENDENCIA_HIDROGEOLOGICA|UNKNOWN_INTERVALO_CAPTADO|UNKNOWN_QA_HIDROQUIMICO_COMPLETO|UNKNOWN_SERIE_TEMPORAL,"{""espacial"":""SEM_ALERTA_OBJETIVO_DE_LOCALIZACAO"",""hidraulica"":""ENSAIO_COM_METADADOS_MINIMOS_PRESENTE"",""hidroestratigrafica"":""REVISAO_OU_UNKNOWN_PRESENTE"",""hidroquimica"":""EVIDENCIA_HIDROQUIMICA_PARCIAL_PRESENTE_SEM_QA_COMPLETO"",""incerteza"":""INCERTEZA_EXPLICITA_NAO_AGREGADA"",""independencia"":""UNKNOWN_INDEPENDENCIA_HIDROGEOLOGICA_NAO_DEMONSTRADA"",""qualidade_documental"":""ALERTAS_DE_REVISAO_PRESENTES"",""temporal"":""EVIDENCIA_DATADA_PRESENTE_SEM_SERIE"",""vertical"":""PARCIAL_SEM_INTERVALO_CAPTADO_DEMONSTRADO""}"
SCALE-1000-O00-00012,1000,O00,1000.0000000000462,3,COM_POCO_NO_CONJUNTO_AUDITADO,16.577997353546422,1,Grupo Caiuá,100.0,1,Granular (Gr),100.0,False,False,0,0.0,0,0.0,1,33.333333333333336,2,66.66666666666667,2,66.66666666666667,0,0.0,0,0.0,0,2,66.66666666666667,2,66.66666666666667,2,66.66666666666667,0,0.0,0,0.0,0,0.0,2,66.66666666666667,0,0.0,2,2,1,0,0.0,0,0.0,,0,0,0.0,0,0.0,0,0.0,1,33.333333333333336,1,33.333333333333336,0,0.0,4.0,SEM_ALERTA_OBJETIVO_DE_LOCALIZACAO,REVISAO_OU_UNKNOWN_PRESENTE,PARCIAL_SEM_INTERVALO_CAPTADO_DEMONSTRADO,EVIDENCIA_HIDRAULICA_PARCIAL_PRESENTE,EVIDENCIA_HIDROQUIMICA_PARCIAL_PRESENTE_SEM_QA_COMPLETO,UNKNOWN_SEM_EVIDENCIA_DATADA_E_SEM_SERIE,UNKNOWN_INDEPENDENCIA_HIDROGEOLOGICA_NAO_DEMONSTRADA,ALERTAS_DE_REVISAO_PRESENTES,INCERTEZA_EXPLICITA_NAO_AGREGADA,UNKNOWN_EVIDENCIA_DATADA|UNKNOWN_HIDROESTRATIGRAFIA_EM_PARTE_DOS_POCOS|UNKNOWN_INDEPENDENCIA_HIDROGEOLOGICA|UNKNOWN_INTERVALO_CAPTADO|UNKNOWN_QA_HIDROQUIMICO_COMPLETO|UNKNOWN_SERIE_TEMPORAL,"{""espacial"":""SEM_ALERTA_OBJETIVO_DE_LOCALIZACAO"",""hidraulica"":""EVIDENCIA_HIDRAULICA_PARCIAL_PRESENTE"",""hidroestratigrafica"":""REVISAO_OU_UNKNOWN_PRESENTE"",""hidroquimica"":""EVIDENCIA_HIDROQUIMICA_PARCIAL_PRESENTE_SEM_QA_COMPLETO"",""incerteza"":""INCERTEZA_EXPLICITA_NAO_AGREGADA"",""independencia"":""UNKNOWN_INDEPENDENCIA_HIDROGEOLOGICA_NAO_DEMONSTRADA"",""qualidade_documental"":""ALERTAS_DE_REVISAO_PRESENTES"",""temporal"":""UNKNOWN_SEM_EVIDENCIA_DATADA_E_SEM_SERIE"",""vertical"":""PARCIAL_SEM_INTERVALO_CAPTADO_DEMONSTRADO""}"
SCALE-1000-O00-00013,1000,O00,556.6526560683305,20,COM_POCO_NO_CONJUNTO_AUDITADO,8.925600597442907,2,Grupo Caiuá,93.37019368508632,1,Granular (Gr),100.0,False,False,0,0.0,0,0.0,2,10.0,16,80.0,18,90.0,0,0.0,0,0.0,0,18,90.0,18,90.0,16,80.0,0,0.0,0,0.0,0,0.0,17,85.0,0,0.0,14,14,1,0,0.0,0,0.0,,0,0,0.0,0,0.0,14,70.0,2,10.0,2,10.0,0,0.0,4.0,SEM_ALERTA_OBJETIVO_DE_LOCALIZACAO,REVISAO_OU_UNKNOWN_PRESENTE,PARCIAL_SEM_INTERVALO_CAPTADO_DEMONSTRADO,EVIDENCIA_HIDRAULICA_PARCIAL_PRESENTE,EVIDENCIA_HIDROQUIMICA_PARCIAL_PRESENTE_SEM_QA_COMPLETO,UNKNOWN_SEM_EVIDENCIA_DATADA_E_SEM_SERIE,UNKNOWN_INDEPENDENCIA_HIDROGEOLOGICA_NAO_DEMONSTRADA,ALERTAS_DE_REVISAO_PRESENTES,INCERTEZA_EXPLICITA_NAO_AGREGADA,UNKNOWN_EVIDENCIA_DATADA|UNKNOWN_HIDROESTRATIGRAFIA_EM_PARTE_DOS_POCOS|UNKNOWN_INDEPENDENCIA_HIDROGEOLOGICA|UNKNOWN_INTERVALO_CAPTADO|UNKNOWN_QA_HIDROQUIMICO_COMPLETO|UNKNOWN_SERIE_TEMPORAL,"{""espacial"":""SEM_ALERTA_OBJETIVO_DE_LOCALIZACAO"",""hidraulica"":""EVIDENCIA_HIDRAULICA_PARCIAL_PRESENTE"",""hidroestratigrafica"":""REVISAO_OU_UNKNOWN_PRESENTE"",""hidroquimica"":""EVIDENCIA_HIDROQUIMICA_PARCIAL_PRESENTE_SEM_QA_COMPLETO"",""incerteza"":""INCERTEZA_EXPLICITA_NAO_AGREGADA"",""independencia"":""UNKNOWN_INDEPENDENCIA_HIDROGEOLOGICA_NAO_DEMONSTRADA"",""qualidade_documental"":""ALERTAS_DE_REVISAO_PRESENTES"",""temporal"":""UNKNOWN_SEM_EVIDENCIA_DATADA_E_SEM_SERIE"",""vertical"":""PARCIAL_SEM_INTERVALO_CAPTADO_DEMONSTRADO""}"
SCALE-1000-O00-00014,1000,O00,472.30636329660996,0,SEM_POCO_NO_CONJUNTO_AUDITADO,35.908877765816825,2,Formação Serra Geral,65.23648526149671,2,Fraturada (Fr),65.23648526149671,False,False,0,,0,,0,,0,,0,,0,,0,,0,0,,0,,0,,0,,0,,0,,0,,0,,0,0,0,0,,0,,,0,0,,0,,0,,0,,0,,0,,,SEM_POCO_NO_CONJUNTO_AUDITADO,UNKNOWN_SEM_POCO_PARA_AVALIACAO_LOCAL,UNKNOWN_SEM_POCO_PARA_AVALIACAO_VERTICAL,UNKNOWN_SEM_POCO_PARA_AVALIACAO_HIDRAULICA,UNKNOWN_SEM_POCO_PARA_AVALIACAO_HIDROQUIMICA,UNKNOWN_SEM_POCO_PARA_AVALIACAO_TEMPORAL,UNKNOWN_INDEPENDENCIA_HIDROGEOLOGICA_NAO_DEMONSTRADA,UNKNOWN_SEM_POCO_PARA_AVALIACAO_DOCUMENTAL,INCERTEZA_EXPLICITA_NAO_AGREGADA,UNKNOWN_SEM_POCO_NO_CONJUNTO_AUDITADO,"{""espacial"":""SEM_POCO_NO_CONJUNTO_AUDITADO"",""hidraulica"":""UNKNOWN_SEM_POCO_PARA_AVALIACAO_HIDRAULICA"",""hidroestratigrafica"":""UNKNOWN_SEM_POCO_PARA_AVALIACAO_LOCAL"",""hidroquimica"":""UNKNOWN_SEM_POCO_PARA_AVALIACAO_HIDROQUIMICA"",""incerteza"":""INCERTEZA_EXPLICITA_NAO_AGREGADA"",""independencia"":""UNKNOWN_INDEPENDENCIA_HIDROGEOLOGICA_NAO_DEMONSTRADA"",""qualidade_documental"":""UNKNOWN_SEM_POCO_PARA_AVALIACAO_DOCUMENTAL"",""temporal"":""UNKNOWN_SEM_POCO_PARA_AVALIACAO_TEMPORAL"",""vertical"":""UNKNOWN_SEM_POCO_PARA_AVALIACAO_VERTICAL""}"
SCALE-1000-O00-00015,1000,O00,1000.0000000000462,0,SEM_POCO_NO_CONJUNTO_AUDITADO,19.01890935733905,2,Grupo Caiuá,91.16575340058947,2,Granular (Gr),91.16575340058947,False,False,0,,0,,0,,0,,0,,0,,0,,0,0,,0,,0,,0,,0,,0,,0,,0,,0,0,0,0,,0,,,0,0,,0,,0,,0,,0,,0,,,SEM_POCO_NO_CONJUNTO_AUDITADO,UNKNOWN_SEM_POCO_PARA_AVALIACAO_LOCAL,UNKNOWN_SEM_POCO_PARA_AVALIACAO_VERTICAL,UNKNOWN_SEM_POCO_PARA_AVALIACAO_HIDRAULICA,UNKNOWN_SEM_POCO_PARA_AVALIACAO_HIDROQUIMICA,UNKNOWN_SEM_POCO_PARA_AVALIACAO_TEMPORAL,UNKNOWN_INDEPENDENCIA_HIDROGEOLOGICA_NAO_DEMONSTRADA,UNKNOWN_SEM_POCO_PARA_AVALIACAO_DOCUMENTAL,INCERTEZA_EXPLICITA_NAO_AGREGADA,UNKNOWN_SEM_POCO_NO_CONJUNTO_AUDITADO,"{""espacial"":""SEM_POCO_NO_CONJUNTO_AUDITADO"",""hidraulica"":""UNKNOWN_SEM_POCO_PARA_AVALIACAO_HIDRAULICA"",""hidroestratigrafica"":""UNKNOWN_SEM_POCO_PARA_AVALIACAO_LOCAL"",""hidroquimica"":""UNKNOWN_SEM_POCO_PARA_AVALIACAO_HIDROQUIMICA"",""incerteza"":""INCERTEZA_EXPLICITA_NAO_AGREGADA"",""independencia"":""UNKNOWN_INDEPENDENCIA_HIDROGEOLOGICA_NAO_DEMONSTRADA"",""qualidade_documental"":""UNKNOWN_SEM_POCO_PARA_AVALIACAO_DOCUMENTAL"",""temporal"":""UNKNOWN_SEM_POCO_PARA_AVALIACAO_TEMPORAL"",""vertical"":""UNKNOWN_SEM_POCO_PARA_AVALIACAO_VERTICAL""}"
SCALE-1000-O00-00016,1000,O00,1000.0000000000462,0,SEM_POCO_NO_CONJUNTO_AUDITADO,33.19890635103978,1,Grupo Caiuá,100.0,1,Granular (Gr),100.0,False,False,0,,0,,0,,0,,0,,0,,0,,0,0,,0,,0,,0,,0,,0,,0,,0,,0,0,0,0,,0,,,0,0,,0,,0,,0,,0,,0,,,SEM_POCO_NO_CONJUNTO_AUDITADO,UNKNOWN_SEM_POCO_PARA_AVALIACAO_LOCAL,UNKNOWN_SEM_POCO_PARA_AVALIACAO_VERTICAL,UNKNOWN_SEM_POCO_PARA_AVALIACAO_HIDRAULICA,UNKNOWN_SEM_POCO_PARA_AVALIACAO_HIDROQUIMICA,UNKNOWN_SEM_POCO_PARA_AVALIACAO_TEMPORAL,UNKNOWN_INDEPENDENCIA_HIDROGEOLOGICA_NAO_DEMONSTRADA,UNKNOWN_SEM_POCO_PARA_AVALIACAO_DOCUMENTAL,INCERTEZA_EXPLICITA_NAO_AGREGADA,UNKNOWN_SEM_POCO_NO_CONJUNTO_AUDITADO,"{""espacial"":""SEM_POCO_NO_CONJUNTO_AUDITADO"",""hidraulica"":""UNKNOWN_SEM_POCO_PARA_AVALIACAO_HIDRAULICA"",""hidroestratigrafica"":""UNKNOWN_SEM_POCO_PARA_AVALIACAO_LOCAL"",""hidroquimica"":""UNKNOWN_SEM_POCO_PARA_AVALIACAO_HIDROQUIMICA"",""incerteza"":""INCERTEZA_EXPLICITA_NAO_AGREGADA"",""independencia"":""UNKNOWN_INDEPENDENCIA_HIDROGEOLOGICA_NAO_DEMONSTRADA"",""qualidade_documental"":""UNKNOWN_SEM_POCO_PARA_AVALIACAO_DOCUMENTAL"",""temporal"":""UNKNOWN_SEM_POCO_PARA_AVALIACAO_TEMPORAL"",""vertical"":""UNKNOWN_SEM_POCO_PARA_AVALIACAO_VERTICAL""}"
SCALE-1000-O00-00017,1000,O00,1000.0000000000462,0,SEM_POCO_NO_CONJUNTO_AUDITADO,29.6157537937716,1,Grupo Caiuá,100.0,1,Granular (Gr),100.0,False,False,0,,0,,0,,0,,0,,0,,0,,0,0,,0,,0,,0,,0,,0,,0,,0,,0,0,0,0,,0,,,0,0,,0,,0,,0,,0,,0,,,SEM_POCO_NO_CONJUNTO_AUDITADO,UNKNOWN_SEM_POCO_PARA_AVALIACAO_LOCAL,UNKNOWN_SEM_POCO_PARA_AVALIACAO_VERTICAL,UNKNOWN_SEM_POCO_PARA_AVALIACAO_HIDRAULICA,UNKNOWN_SEM_POCO_PARA_AVALIACAO_HIDROQUIMICA,UNKNOWN_SEM_POCO_PARA_AVALIACAO_TEMPORAL,UNKNOWN_INDEPENDENCIA_HIDROGEOLOGICA_NAO_DEMONSTRADA,UNKNOWN_SEM_POCO_PARA_AVALIACAO_DOCUMENTAL,INCERTEZA_EXPLICITA_NAO_AGREGADA,UNKNOWN_SEM_POCO_NO_CONJUNTO_AUDITADO,"{""espacial"":""SEM_POCO_NO_CONJUNTO_AUDITADO"",""hidraulica"":""UNKNOWN_SEM_POCO_PARA_AVALIACAO_HIDRAULICA"",""hidroestratigrafica"":""UNKNOWN_SEM_POCO_PARA_AVALIACAO_LOCAL"",""hidroquimica"":""UNKNOWN_SEM_POCO_PARA_AVALIACAO_HIDROQUIMICA"",""incerteza"":""INCERTEZA_EXPLICITA_NAO_AGREGADA"",""independencia"":""UNKNOWN_INDEPENDENCIA_HIDROGEOLOGICA_NAO_DEMONSTRADA"",""qualidade_documental"":""UNKNOWN_SEM_POCO_PARA_AVALIACAO_DOCUMENTAL"",""temporal"":""UNKNOWN_SEM_POCO_PARA_AVALIACAO_TEMPORAL"",""vertical"":""UNKNOWN_SEM_POCO_PARA_AVALIACAO_VERTICAL""}"
SCALE-1000-O00-00018,1000,O00,1000.0000000000462,26,COM_POCO_NO_CONJUNTO_AUDITADO,11.29268171586601,1,Grupo Caiuá,100.0,1,Granular (Gr),100.0,False,False,0,0.0,0,0.0,6,23.076923076923077,15,57.69230769230769,24,92.3076923076923,5,19.23076923076923,0,0.0,0,24,92.3076923076923,24,92.3076923076923,23,88.46153846153847,4,15.384615384615385,4,15.384615384615385,0,0.0,18,69.23076923076923,0,0.0,16,16,1,6,23.076923076923077,0,0.0,33.14099536609239,0,0,0.0,0,0.0,14,53.84615384615385,8,30.76923076923077,8,30.76923076923077,0,0.0,4.0,SEM_ALERTA_OBJETIVO_DE_LOCALIZACAO,REVISAO_OU_UNKNOWN_PRESENTE,PARCIAL_SEM_INTERVALO_CAPTADO_DEMONSTRADO,ENSAIO_COM_METADADOS_MINIMOS_PRESENTE,EVIDENCIA_HIDROQUIMICA_PARCIAL_PRESENTE_SEM_QA_COMPLETO,EVIDENCIA_DATADA_PRESENTE_SEM_SERIE,UNKNOWN_INDEPENDENCIA_HIDROGEOLOGICA_NAO_DEMONSTRADA,ALERTAS_DE_REVISAO_PRESENTES,INCERTEZA_EXPLICITA_NAO_AGREGADA,UNKNOWN_HIDROESTRATIGRAFIA_EM_PARTE_DOS_POCOS|UNKNOWN_INDEPENDENCIA_HIDROGEOLOGICA|UNKNOWN_INTERVALO_CAPTADO|UNKNOWN_QA_HIDROQUIMICO_COMPLETO|UNKNOWN_SERIE_TEMPORAL,"{""espacial"":""SEM_ALERTA_OBJETIVO_DE_LOCALIZACAO"",""hidraulica"":""ENSAIO_COM_METADADOS_MINIMOS_PRESENTE"",""hidroestratigrafica"":""REVISAO_OU_UNKNOWN_PRESENTE"",""hidroquimica"":""EVIDENCIA_HIDROQUIMICA_PARCIAL_PRESENTE_SEM_QA_COMPLETO"",""incerteza"":""INCERTEZA_EXPLICITA_NAO_AGREGADA"",""independencia"":""UNKNOWN_INDEPENDENCIA_HIDROGEOLOGICA_NAO_DEMONSTRADA"",""qualidade_documental"":""ALERTAS_DE_REVISAO_PRESENTES"",""temporal"":""EVIDENCIA_DATADA_PRESENTE_SEM_SERIE"",""vertical"":""PARCIAL_SEM_INTERVALO_CAPTADO_DEMONSTRADO""}"
SCALE-1000-O00-00019,1000,O00,703.1974532685759,1,COM_POCO_NO_CONJUNTO_AUDITADO,18.831460233219566,2,Grupo Caiuá,56.55249843636896,1,Granular (Gr),100.0,False,False,0,0.0,0,0.0,0,0.0,1,100.0,1,100.0,0,0.0,0,0.0,0,1,100.0,1,100.0,1,100.0,0,0.0,0,0.0,0,0.0,1,100.0,0,0.0,1,1,1,0,0.0,0,0.0,,0,0,0.0,0,0.0,0,0.0,0,0.0,0,0.0,0,0.0,4.0,SEM_ALERTA_OBJETIVO_DE_LOCALIZACAO,REVISAO_OU_UNKNOWN_PRESENTE,PARCIAL_SEM_INTERVALO_CAPTADO_DEMONSTRADO,EVIDENCIA_HIDRAULICA_PARCIAL_PRESENTE,EVIDENCIA_HIDROQUIMICA_PARCIAL_PRESENTE_SEM_QA_COMPLETO,UNKNOWN_SEM_EVIDENCIA_DATADA_E_SEM_SERIE,UNKNOWN_INDEPENDENCIA_HIDROGEOLOGICA_NAO_DEMONSTRADA,SEM_ALERTA_OBJETIVO_NAS_REGRAS_ATUAIS,INCERTEZA_EXPLICITA_NAO_AGREGADA,UNKNOWN_EVIDENCIA_DATADA|UNKNOWN_INDEPENDENCIA_HIDROGEOLOGICA|UNKNOWN_INTERVALO_CAPTADO|UNKNOWN_QA_HIDROQUIMICO_COMPLETO|UNKNOWN_SERIE_TEMPORAL,"{""espacial"":""SEM_ALERTA_OBJETIVO_DE_LOCALIZACAO"",""hidraulica"":""EVIDENCIA_HIDRAULICA_PARCIAL_PRESENTE"",""hidroestratigrafica"":""REVISAO_OU_UNKNOWN_PRESENTE"",""hidroquimica"":""EVIDENCIA_HIDROQUIMICA_PARCIAL_PRESENTE_SEM_QA_COMPLETO"",""incerteza"":""INCERTEZA_EXPLICITA_NAO_AGREGADA"",""independencia"":""UNKNOWN_INDEPENDENCIA_HIDROGEOLOGICA_NAO_DEMONSTRADA"",""qualidade_documental"":""SEM_ALERTA_OBJETIVO_NAS_REGRAS_ATUAIS"",""temporal"":""UNKNOWN_SEM_EVIDENCIA_DATADA_E_SEM_SERIE"",""vertical"":""PARCIAL_SEM_INTERVALO_CAPTADO_DEMONSTRADO""}"
SCALE-1000-O00-00020,1000,O00,0.7868386305493345,0,SEM_POCO_NO_CONJUNTO_AUDITADO,,1,Depósitos aluvionares,100.00000000000001,1,Granular (Gr),100.00000000000001,False,False,0,,0,,0,,0,,0,,0,,0,,0,0,,0,,0,,0,,0,,0,,0,,0,,0,0,0,0,,0,,,0,0,,0,,0,,0,,0,,0,,,SEM_POCO_NO_CONJUNTO_AUDITADO,UNKNOWN_SEM_POCO_PARA_AVALIACAO_LOCAL,UNKNOWN_SEM_POCO_PARA_AVALIACAO_VERTICAL,UNKNOWN_SEM_POCO_PARA_AVALIACAO_HIDRAULICA,UNKNOWN_SEM_POCO_PARA_AVALIACAO_HIDROQUIMICA,UNKNOWN_SEM_POCO_PARA_AVALIACAO_TEMPORAL,UNKNOWN_INDEPENDENCIA_HIDROGEOLOGICA_NAO_DEMONSTRADA,UNKNOWN_SEM_POCO_PARA_AVALIACAO_DOCUMENTAL,INCERTEZA_EXPLICITA_NAO_AGREGADA,UNKNOWN_SEM_POCO_NO_CONJUNTO_AUDITADO,"{""espacial"":""SEM_POCO_NO_CONJUNTO_AUDITADO"",""hidraulica"":""UNKNOWN_SEM_POCO_PARA_AVALIACAO_HIDRAULICA"",""hidroestratigrafica"":""UNKNOWN_SEM_POCO_PARA_AVALIACAO_LOCAL"",""hidroquimica"":""UNKNOWN_SEM_POCO_PARA_AVALIACAO_HIDROQUIMICA"",""incerteza"":""INCERTEZA_EXPLICITA_NAO_AGREGADA"",""independencia"":""UNKNOWN_INDEPENDENCIA_HIDROGEOLOGICA_NAO_DEMONSTRADA"",""qualidade_documental"":""UNKNOWN_SEM_POCO_PARA_AVALIACAO_DOCUMENTAL"",""temporal"":""UNKNOWN_SEM_POCO_PARA_AVALIACAO_TEMPORAL"",""vertical"":""UNKNOWN_SEM_POCO_PARA_AVALIACAO_VERTICAL""}"
SCALE-1000-O00-00021,1000,O00,158.23825009377998,16,COM_POCO_NO_CONJUNTO_AUDITADO,7.400073802304764,2,Formação Serra Geral,93.56228401927802,2,Fraturada (Fr),93.56228401927802,False,False,0,0.0,0,0.0,3,18.75,0,0.0,15,93.75,13,81.25,1,6.25,0,15,93.75,15,93.75,15,93.75,10,62.5,10,62.5,0,0.0,6,37.5,3,18.75,6,11,5,13,81.25,3,18.75,45.40544980389741,0,0,0.0,0,0.0,14,87.5,14,87.5,14,87.5,0,0.0,4.0,SEM_ALERTA_OBJETIVO_DE_LOCALIZACAO,REVISAO_OU_UNKNOWN_PRESENTE,PARCIAL_SEM_INTERVALO_CAPTADO_DEMONSTRADO,ENSAIO_COM_METADADOS_MINIMOS_PRESENTE,EVIDENCIA_HIDROQUIMICA_PARCIAL_PRESENTE_SEM_QA_COMPLETO,EVIDENCIA_DATADA_PRESENTE_SEM_SERIE,UNKNOWN_INDEPENDENCIA_HIDROGEOLOGICA_NAO_DEMONSTRADA,ALERTAS_DE_REVISAO_PRESENTES,INCERTEZA_EXPLICITA_NAO_AGREGADA,UNKNOWN_HIDROESTRATIGRAFIA_EM_PARTE_DOS_POCOS|UNKNOWN_INDEPENDENCIA_HIDROGEOLOGICA|UNKNOWN_INTERVALO_CAPTADO|UNKNOWN_QA_HIDROQUIMICO_COMPLETO|UNKNOWN_SERIE_TEMPORAL,"{""espacial"":""SEM_ALERTA_OBJETIVO_DE_LOCALIZACAO"",""hidraulica"":""ENSAIO_COM_METADADOS_MINIMOS_PRESENTE"",""hidroestratigrafica"":""REVISAO_OU_UNKNOWN_PRESENTE"",""hidroquimica"":""EVIDENCIA_HIDROQUIMICA_PARCIAL_PRESENTE_SEM_QA_COMPLETO"",""incerteza"":""INCERTEZA_EXPLICITA_NAO_AGREGADA"",""independencia"":""UNKNOWN_INDEPENDENCIA_HIDROGEOLOGICA_NAO_DEMONSTRADA"",""qualidade_documental"":""ALERTAS_DE_REVISAO_PRESENTES"",""temporal"":""EVIDENCIA_DATADA_PRESENTE_SEM_SERIE"",""vertical"":""PARCIAL_SEM_INTERVALO_CAPTADO_DEMONSTRADO""}"
SCALE-1000-O00-00022,1000,O00,999.9999783244283,38,COM_POCO_NO_CONJUNTO_AUDITADO,10.190043184074847,2,Formação Serra Geral,88.92608539417239,2,Fraturada (Fr),88.92608539417239,False,False,0,0.0,0,0.0,6,15.789473684210526,1,2.6315789473684212,34,89.47368421052632,26,68.42105263157895,14,36.8421052631579,0,31,81.57894736842105,30,78.94736842105263,29,76.3157894736842,17,44.73684210526316,17,44.73684210526316,0,0.0,10,26.31578947368421,3,7.894736842105263,11,14,5,24,63.1578947368421,3,7.894736842105263,35.29162132008187,0,0,0.0,0,0.0,28,73.6842105263158,29,76.3157894736842,29,76.3157894736842,0,0.0,4.0,SEM_ALERTA_OBJETIVO_DE_LOCALIZACAO,REVISAO_OU_UNKNOWN_PRESENTE,PARCIAL_SEM_INTERVALO_CAPTADO_DEMONSTRADO,ENSAIO_COM_METADADOS_MINIMOS_PRESENTE,EVIDENCIA_HIDROQUIMICA_PARCIAL_PRESENTE_SEM_QA_COMPLETO,EVIDENCIA_DATADA_PRESENTE_SEM_SERIE,UNKNOWN_INDEPENDENCIA_HIDROGEOLOGICA_NAO_DEMONSTRADA,ALERTAS_DE_REVISAO_PRESENTES,INCERTEZA_EXPLICITA_NAO_AGREGADA,UNKNOWN_HIDROESTRATIGRAFIA_EM_PARTE_DOS_POCOS|UNKNOWN_INDEPENDENCIA_HIDROGEOLOGICA|UNKNOWN_INTERVALO_CAPTADO|UNKNOWN_QA_HIDROQUIMICO_COMPLETO|UNKNOWN_SERIE_TEMPORAL,"{""espacial"":""SEM_ALERTA_OBJETIVO_DE_LOCALIZACAO"",""hidraulica"":""ENSAIO_COM_METADADOS_MINIMOS_PRESENTE"",""hidroestratigrafica"":""REVISAO_OU_UNKNOWN_PRESENTE"",""hidroquimica"":""EVIDENCIA_HIDROQUIMICA_PARCIAL_PRESENTE_SEM_QA_COMPLETO"",""incerteza"":""INCERTEZA_EXPLICITA_NAO_AGREGADA"",""independencia"":""UNKNOWN_INDEPENDENCIA_HIDROGEOLOGICA_NAO_DEMONSTRADA"",""qualidade_documental"":""ALERTAS_DE_REVISAO_PRESENTES"",""temporal"":""EVIDENCIA_DATADA_PRESENTE_SEM_SERIE"",""vertical"":""PARCIAL_SEM_INTERVALO_CAPTADO_DEMONSTRADO""}"
SCALE-1000-O00-00023,1000,O00,1000.0000000000462,12,COM_POCO_NO_CONJUNTO_AUDITADO,16.55284215912183,2,Grupo Caiuá,67.10244496011302,2,Granular (Gr),67.10244496011302,False,False,0,0.0,0,0.0,2,16.666666666666668,0,0.0,12,100.0,6,50.0,3,25.0,0,9,75.0,9,75.0,9,75.0,2,16.666666666666668,2,16.666666666666668,0,0.0,5,41.666666666666664,0,0.0,3,3,1,4,33.333333333333336,0,0.0,29.409228115567053,0,0,0.0,0,0.0,7,58.333333333333336,7,58.333333333333336,7,58.333333333333336,0,0.0,4.0,SEM_ALERTA_OBJETIVO_DE_LOCALIZACAO,REVISAO_OU_UNKNOWN_PRESENTE,PARCIAL_SEM_INTERVALO_CAPTADO_DEMONSTRADO,ENSAIO_COM_METADADOS_MINIMOS_PRESENTE,EVIDENCIA_HIDROQUIMICA_PARCIAL_PRESENTE_SEM_QA_COMPLETO,EVIDENCIA_DATADA_PRESENTE_SEM_SERIE,UNKNOWN_INDEPENDENCIA_HIDROGEOLOGICA_NAO_DEMONSTRADA,ALERTAS_DE_REVISAO_PRESENTES,INCERTEZA_EXPLICITA_NAO_AGREGADA,UNKNOWN_HIDROESTRATIGRAFIA_EM_PARTE_DOS_POCOS|UNKNOWN_INDEPENDENCIA_HIDROGEOLOGICA|UNKNOWN_INTERVALO_CAPTADO|UNKNOWN_QA_HIDROQUIMICO_COMPLETO|UNKNOWN_SERIE_TEMPORAL,"{""espacial"":""SEM_ALERTA_OBJETIVO_DE_LOCALIZACAO"",""hidraulica"":""ENSAIO_COM_METADADOS_MINIMOS_PRESENTE"",""hidroestratigrafica"":""REVISAO_OU_UNKNOWN_PRESENTE"",""hidroquimica"":""EVIDENCIA_HIDROQUIMICA_PARCIAL_PRESENTE_SEM_QA_COMPLETO"",""incerteza"":""INCERTEZA_EXPLICITA_NAO_AGREGADA"",""independencia"":""UNKNOWN_INDEPENDENCIA_HIDROGEOLOGICA_NAO_DEMONSTRADA"",""qualidade_documental"":""ALERTAS_DE_REVISAO_PRESENTES"",""temporal"":""EVIDENCIA_DATADA_PRESENTE_SEM_SERIE"",""vertical"":""PARCIAL_SEM_INTERVALO_CAPTADO_DEMONSTRADO""}"
SCALE-1000-O00-00024,1000,O00,1000.0000000000462,0,SEM_POCO_NO_CONJUNTO_AUDITADO,31.108989381844122,2,Grupo Caiuá,99.61738714328254,2,Granular (Gr),99.61738714328254,False,False,0,,0,,0,,0,,0,,0,,0,,0,0,,0,,0,,0,,0,,0,,0,,0,,0,0,0,0,,0,,,0,0,,0,,0,,0,,0,,0,,,SEM_POCO_NO_CONJUNTO_AUDITADO,UNKNOWN_SEM_POCO_PARA_AVALIACAO_LOCAL,UNKNOWN_SEM_POCO_PARA_AVALIACAO_VERTICAL,UNKNOWN_SEM_POCO_PARA_AVALIACAO_HIDRAULICA,UNKNOWN_SEM_POCO_PARA_AVALIACAO_HIDROQUIMICA,UNKNOWN_SEM_POCO_PARA_AVALIACAO_TEMPORAL,UNKNOWN_INDEPENDENCIA_HIDROGEOLOGICA_NAO_DEMONSTRADA,UNKNOWN_SEM_POCO_PARA_AVALIACAO_DOCUMENTAL,INCERTEZA_EXPLICITA_NAO_AGREGADA,UNKNOWN_SEM_POCO_NO_CONJUNTO_AUDITADO,"{""espacial"":""SEM_POCO_NO_CONJUNTO_AUDITADO"",""hidraulica"":""UNKNOWN_SEM_POCO_PARA_AVALIACAO_HIDRAULICA"",""hidroestratigrafica"":""UNKNOWN_SEM_POCO_PARA_AVALIACAO_LOCAL"",""hidroquimica"":""UNKNOWN_SEM_POCO_PARA_AVALIACAO_HIDROQUIMICA"",""incerteza"":""INCERTEZA_EXPLICITA_NAO_AGREGADA"",""independencia"":""UNKNOWN_INDEPENDENCIA_HIDROGEOLOGICA_NAO_DEMONSTRADA"",""qualidade_documental"":""UNKNOWN_SEM_POCO_PARA_AVALIACAO_DOCUMENTAL"",""temporal"":""UNKNOWN_SEM_POCO_PARA_AVALIACAO_TEMPORAL"",""vertical"":""UNKNOWN_SEM_POCO_PARA_AVALIACAO_VERTICAL""}"
SCALE-1000-O00-00025,1000,O00,1000.0000000000462,15,COM_POCO_NO_CONJUNTO_AUDITADO,9.789428478520406,2,Grupo Caiuá,96.7151803440742,2,Granular (Gr),96.7151803440742,False,False,0,0.0,0,0.0,1,6.666666666666667,12,80.0,14,93.33333333333333,1,6.666666666666667,0,0.0,0,14,93.33333333333333,14,93.33333333333333,14,93.33333333333333,1,6.666666666666667,1,6.666666666666667,0,0.0,13,86.66666666666667,1,6.666666666666667,13,14,3,1,6.666666666666667,1,6.666666666666667,20.85737557923845,0,0,0.0,0,0.0,2,13.333333333333334,2,13.333333333333334,2,13.333333333333334,0,0.0,4.0,SEM_ALERTA_OBJETIVO_DE_LOCALIZACAO,REVISAO_OU_UNKNOWN_PRESENTE,PARCIAL_SEM_INTERVALO_CAPTADO_DEMONSTRADO,ENSAIO_COM_METADADOS_MINIMOS_PRESENTE,EVIDENCIA_HIDROQUIMICA_PARCIAL_PRESENTE_SEM_QA_COMPLETO,EVIDENCIA_DATADA_PRESENTE_SEM_SERIE,UNKNOWN_INDEPENDENCIA_HIDROGEOLOGICA_NAO_DEMONSTRADA,ALERTAS_DE_REVISAO_PRESENTES,INCERTEZA_EXPLICITA_NAO_AGREGADA,UNKNOWN_HIDROESTRATIGRAFIA_EM_PARTE_DOS_POCOS|UNKNOWN_INDEPENDENCIA_HIDROGEOLOGICA|UNKNOWN_INTERVALO_CAPTADO|UNKNOWN_QA_HIDROQUIMICO_COMPLETO|UNKNOWN_SERIE_TEMPORAL,"{""espacial"":""SEM_ALERTA_OBJETIVO_DE_LOCALIZACAO"",""hidraulica"":""ENSAIO_COM_METADADOS_MINIMOS_PRESENTE"",""hidroestratigrafica"":""REVISAO_OU_UNKNOWN_PRESENTE"",""hidroquimica"":""EVIDENCIA_HIDROQUIMICA_PARCIAL_PRESENTE_SEM_QA_COMPLETO"",""incerteza"":""INCERTEZA_EXPLICITA_NAO_AGREGADA"",""independencia"":""UNKNOWN_INDEPENDENCIA_HIDROGEOLOGICA_NAO_DEMONSTRADA"",""qualidade_documental"":""ALERTAS_DE_REVISAO_PRESENTES"",""temporal"":""EVIDENCIA_DATADA_PRESENTE_SEM_SERIE"",""vertical"":""PARCIAL_SEM_INTERVALO_CAPTADO_DEMONSTRADO""}"
SCALE-1000-O00-00026,1000,O00,1000.0000000000462,43,COM_POCO_NO_CONJUNTO_AUDITADO,7.920345288108035,3,Grupo Caiuá,90.28254237730792,2,Granular (Gr),92.39285734038626,False,False,2,4.651162790697675,0,0.0,2,4.651162790697675,15,34.883720930232556,41,95.34883720930233,25,58.13953488372093,1,2.3255813953488373,0,37,86.04651162790698,36,83.72093023255815,36,83.72093023255815,17,39.53488372093023,17,39.53488372093023,0,0.0,20,46.51162790697674,5,11.627906976744185,15,24,5,23,53.48837209302326,5,11.627906976744185,27.754163329842505,0,2,4.651162790697675,2,4.651162790697675,26,60.46511627906977,27,62.7906976744186,27,62.7906976744186,0,0.0,4.0,COM_COORDENADA_OU_MUNICIPIO_EM_REVISAO,REVISAO_OU_UNKNOWN_PRESENTE,PARCIAL_SEM_INTERVALO_CAPTADO_DEMONSTRADO,ENSAIO_COM_METADADOS_MINIMOS_PRESENTE,EVIDENCIA_HIDROQUIMICA_PARCIAL_PRESENTE_SEM_QA_COMPLETO,EVIDENCIA_DATADA_PRESENTE_SEM_SERIE,UNKNOWN_INDEPENDENCIA_HIDROGEOLOGICA_NAO_DEMONSTRADA,ALERTAS_DE_REVISAO_PRESENTES,INCERTEZA_EXPLICITA_NAO_AGREGADA,UNKNOWN_HIDROESTRATIGRAFIA_EM_PARTE_DOS_POCOS|UNKNOWN_INDEPENDENCIA_HIDROGEOLOGICA|UNKNOWN_INTERVALO_CAPTADO|UNKNOWN_QA_HIDROQUIMICO_COMPLETO|UNKNOWN_SERIE_TEMPORAL,"{""espacial"":""COM_COORDENADA_OU_MUNICIPIO_EM_REVISAO"",""hidraulica"":""ENSAIO_COM_METADADOS_MINIMOS_PRESENTE"",""hidroestratigrafica"":""REVISAO_OU_UNKNOWN_PRESENTE"",""hidroquimica"":""EVIDENCIA_HIDROQUIMICA_PARCIAL_PRESENTE_SEM_QA_COMPLETO"",""incerteza"":""INCERTEZA_EXPLICITA_NAO_AGREGADA"",""independencia"":""UNKNOWN_INDEPENDENCIA_HIDROGEOLOGICA_NAO_DEMONSTRADA"",""qualidade_documental"":""ALERTAS_DE_REVISAO_PRESENTES"",""temporal"":""EVIDENCIA_DATADA_PRESENTE_SEM_SERIE"",""vertical"":""PARCIAL_SEM_INTERVALO_CAPTADO_DEMONSTRADO""}"
SCALE-1000-O00-00027,1000,O00,741.3026227986777,4,COM_POCO_NO_CONJUNTO_AUDITADO,18.258509028529957,3,Depósitos aluvionares,68.75009155930383,2,Granular (Gr),95.00574842534796,True,False,0,0.0,0,0.0,0,0.0,4,100.0,4,100.0,0,0.0,0,0.0,0,4,100.0,4,100.0,4,100.0,0,0.0,0,0.0,0,0.0,4,100.0,0,0.0,4,4,1,0,0.0,0,0.0,,0,0,0.0,0,0.0,2,50.0,0,0.0,0,0.0,0,0.0,4.0,SEM_ALERTA_OBJETIVO_DE_LOCALIZACAO,REVISAO_OU_UNKNOWN_PRESENTE,PARCIAL_SEM_INTERVALO_CAPTADO_DEMONSTRADO,EVIDENCIA_HIDRAULICA_PARCIAL_PRESENTE,EVIDENCIA_HIDROQUIMICA_PARCIAL_PRESENTE_SEM_QA_COMPLETO,UNKNOWN_SEM_EVIDENCIA_DATADA_E_SEM_SERIE,UNKNOWN_INDEPENDENCIA_HIDROGEOLOGICA_NAO_DEMONSTRADA,SEM_ALERTA_OBJETIVO_NAS_REGRAS_ATUAIS,INCERTEZA_EXPLICITA_NAO_AGREGADA,MASCARAMENTO_HIDROESTRATIGRAFICO_POSSIVEL|UNKNOWN_EVIDENCIA_DATADA|UNKNOWN_INDEPENDENCIA_HIDROGEOLOGICA|UNKNOWN_INTERVALO_CAPTADO|UNKNOWN_QA_HIDROQUIMICO_COMPLETO|UNKNOWN_SERIE_TEMPORAL,"{""espacial"":""SEM_ALERTA_OBJETIVO_DE_LOCALIZACAO"",""hidraulica"":""EVIDENCIA_HIDRAULICA_PARCIAL_PRESENTE"",""hidroestratigrafica"":""REVISAO_OU_UNKNOWN_PRESENTE"",""hidroquimica"":""EVIDENCIA_HIDROQUIMICA_PARCIAL_PRESENTE_SEM_QA_COMPLETO"",""incerteza"":""INCERTEZA_EXPLICITA_NAO_AGREGADA"",""independencia"":""UNKNOWN_INDEPENDENCIA_HIDROGEOLOGICA_NAO_DEMONSTRADA"",""qualidade_documental"":""SEM_ALERTA_OBJETIVO_NAS_REGRAS_ATUAIS"",""temporal"":""UNKNOWN_SEM_EVIDENCIA_DATADA_E_SEM_SERIE"",""vertical"":""PARCIAL_SEM_INTERVALO_CAPTADO_DEMONSTRADO""}"
SCALE-1000-O00-00028,1000,O00,855.9995402673668,12,COM_POCO_NO_CONJUNTO_AUDITADO,9.640602957475817,2,Formação Serra Geral,92.11266366520749,2,Fraturada (Fr),92.11266366520749,False,False,1,8.333333333333334,0,0.0,0,0.0,0,0.0,12,100.0,8,66.66666666666667,1,8.333333333333334,0,11,91.66666666666667,11,91.66666666666667,10,83.33333333333333,5,41.666666666666664,5,41.666666666666664,0,0.0,7,58.333333333333336,1,8.333333333333334,7,7,1,7,58.333333333333336,1,8.333333333333334,25.6103821433705,0,0,0.0,0,0.0,7,58.333333333333336,8,66.66666666666667,8,66.66666666666667,0,0.0,4.0,COM_COORDENADA_OU_MUNICIPIO_EM_REVISAO,DOCUMENTACAO_HIDROESTRATIGRAFICA_SEM_ALERTA_OBJETIVO,PARCIAL_SEM_INTERVALO_CAPTADO_DEMONSTRADO,ENSAIO_COM_METADADOS_MINIMOS_PRESENTE,EVIDENCIA_HIDROQUIMICA_PARCIAL_PRESENTE_SEM_QA_COMPLETO,EVIDENCIA_DATADA_PRESENTE_SEM_SERIE,UNKNOWN_INDEPENDENCIA_HIDROGEOLOGICA_NAO_DEMONSTRADA,ALERTAS_DE_REVISAO_PRESENTES,INCERTEZA_EXPLICITA_NAO_AGREGADA,UNKNOWN_INDEPENDENCIA_HIDROGEOLOGICA|UNKNOWN_INTERVALO_CAPTADO|UNKNOWN_QA_HIDROQUIMICO_COMPLETO|UNKNOWN_SERIE_TEMPORAL,"{""espacial"":""COM_COORDENADA_OU_MUNICIPIO_EM_REVISAO"",""hidraulica"":""ENSAIO_COM_METADADOS_MINIMOS_PRESENTE"",""hidroestratigrafica"":""DOCUMENTACAO_HIDROESTRATIGRAFICA_SEM_ALERTA_OBJETIVO"",""hidroquimica"":""EVIDENCIA_HIDROQUIMICA_PARCIAL_PRESENTE_SEM_QA_COMPLETO"",""incerteza"":""INCERTEZA_EXPLICITA_NAO_AGREGADA"",""independencia"":""UNKNOWN_INDEPENDENCIA_HIDROGEOLOGICA_NAO_DEMONSTRADA"",""qualidade_documental"":""ALERTAS_DE_REVISAO_PRESENTES"",""temporal"":""EVIDENCIA_DATADA_PRESENTE_SEM_SERIE"",""vertical"":""PARCIAL_SEM_INTERVALO_CAPTADO_DEMONSTRADO""}"
SCALE-1000-O00-00029,1000,O00,1000.0000000000462,10,COM_POCO_NO_CONJUNTO_AUDITADO,9.420369501445611,1,Formação Serra Geral,100.0,1,Fraturada (Fr),100.0,False,False,9,90.0,9,90.0,4,40.0,0,0.0,6,60.0,4,40.0,1,10.0,0,6,60.0,6,60.0,5,50.0,2,20.0,2,20.0,0,0.0,3,30.0,1,10.0,2,3,3,3,30.0,1,10.0,8.205507299944557,0,0,0.0,0,0.0,4,40.0,8,80.0,7,70.0,0,0.0,3.0,COM_COORDENADA_OU_MUNICIPIO_EM_REVISAO,REVISAO_OU_UNKNOWN_PRESENTE,PARCIAL_SEM_INTERVALO_CAPTADO_DEMONSTRADO,ENSAIO_COM_METADADOS_MINIMOS_PRESENTE,EVIDENCIA_HIDROQUIMICA_PARCIAL_PRESENTE_SEM_QA_COMPLETO,EVIDENCIA_DATADA_PRESENTE_SEM_SERIE,UNKNOWN_INDEPENDENCIA_HIDROGEOLOGICA_NAO_DEMONSTRADA,ALERTAS_DE_REVISAO_PRESENTES,INCERTEZA_EXPLICITA_NAO_AGREGADA,UNKNOWN_HIDROESTRATIGRAFIA_EM_PARTE_DOS_POCOS|UNKNOWN_INDEPENDENCIA_HIDROGEOLOGICA|UNKNOWN_INTERVALO_CAPTADO|UNKNOWN_QA_HIDROQUIMICO_COMPLETO|UNKNOWN_SERIE_TEMPORAL,"{""espacial"":""COM_COORDENADA_OU_MUNICIPIO_EM_REVISAO"",""hidraulica"":""ENSAIO_COM_METADADOS_MINIMOS_PRESENTE"",""hidroestratigrafica"":""REVISAO_OU_UNKNOWN_PRESENTE"",""hidroquimica"":""EVIDENCIA_HIDROQUIMICA_PARCIAL_PRESENTE_SEM_QA_COMPLETO"",""incerteza"":""INCERTEZA_EXPLICITA_NAO_AGREGADA"",""independencia"":""UNKNOWN_INDEPENDENCIA_HIDROGEOLOGICA_NAO_DEMONSTRADA"",""qualidade_documental"":""ALERTAS_DE_REVISAO_PRESENTES"",""temporal"":""EVIDENCIA_DATADA_PRESENTE_SEM_SERIE"",""vertical"":""PARCIAL_SEM_INTERVALO_CAPTADO_DEMONSTRADO""}"
SCALE-1000-O00-00030,1000,O00,1000.0000000000462,11,COM_POCO_NO_CONJUNTO_AUDITADO,10.33106802055266,2,Formação Serra Geral,76.84529879299221,2,Fraturada (Fr),76.84529879299221,False,False,5,45.45454545454545,5,45.45454545454545,4,36.36363636363637,1,9.090909090909092,9,81.81818181818181,2,18.181818181818183,0,0.0,0,8,72.72727272727273,8,72.72727272727273,8,72.72727272727273,0,0.0,0,0.0,0,0.0,8,72.72727272727273,3,27.272727272727273,8,9,3,3,27.272727272727273,2,18.181818181818183,17.122870421706125,0,0,0.0,0,0.0,4,36.36363636363637,5,45.45454545454545,4,36.36363636363637,0,0.0,4.0,COM_COORDENADA_OU_MUNICIPIO_EM_REVISAO,REVISAO_OU_UNKNOWN_PRESENTE,PARCIAL_SEM_INTERVALO_CAPTADO_DEMONSTRADO,EVIDENCIA_HIDRAULICA_PARCIAL_PRESENTE,EVIDENCIA_HIDROQUIMICA_PARCIAL_PRESENTE_SEM_QA_COMPLETO,EVIDENCIA_DATADA_PRESENTE_SEM_SERIE,UNKNOWN_INDEPENDENCIA_HIDROGEOLOGICA_NAO_DEMONSTRADA,ALERTAS_DE_REVISAO_PRESENTES,INCERTEZA_EXPLICITA_NAO_AGREGADA,UNKNOWN_HIDROESTRATIGRAFIA_EM_PARTE_DOS_POCOS|UNKNOWN_INDEPENDENCIA_HIDROGEOLOGICA|UNKNOWN_INTERVALO_CAPTADO|UNKNOWN_QA_HIDROQUIMICO_COMPLETO|UNKNOWN_SERIE_TEMPORAL,"{""espacial"":""COM_COORDENADA_OU_MUNICIPIO_EM_REVISAO"",""hidraulica"":""EVIDENCIA_HIDRAULICA_PARCIAL_PRESENTE"",""hidroestratigrafica"":""REVISAO_OU_UNKNOWN_PRESENTE"",""hidroquimica"":""EVIDENCIA_HIDROQUIMICA_PARCIAL_PRESENTE_SEM_QA_COMPLETO"",""incerteza"":""INCERTEZA_EXPLICITA_NAO_AGREGADA"",""independencia"":""UNKNOWN_INDEPENDENCIA_HIDROGEOLOGICA_NAO_DEMONSTRADA"",""qualidade_documental"":""ALERTAS_DE_REVISAO_PRESENTES"",""temporal"":""EVIDENCIA_DATADA_PRESENTE_SEM_SERIE"",""vertical"":""PARCIAL_SEM_INTERVALO_CAPTADO_DEMONSTRADO""}"
SCALE-1000-O00-00031,1000,O00,1000.0000000000462,9,COM_POCO_NO_CONJUNTO_AUDITADO,13.972693145432975,2,Grupo Caiuá,75.7731036015816,2,Granular (Gr),75.7731036015816,False,False,0,0.0,0,0.0,3,33.333333333333336,1,11.11111111111111,6,66.66666666666667,4,44.44444444444444,0,0.0,0,6,66.66666666666667,6,66.66666666666667,6,66.66666666666667,3,33.333333333333336,3,33.333333333333336,0,0.0,3,33.333333333333336,1,11.11111111111111,2,3,3,4,44.44444444444444,1,11.11111111111111,42.50600628349658,0,0,0.0,0,0.0,4,44.44444444444444,7,77.77777777777777,7,77.77777777777777,0,0.0,4.0,SEM_ALERTA_OBJETIVO_DE_LOCALIZACAO,REVISAO_OU_UNKNOWN_PRESENTE,PARCIAL_SEM_INTERVALO_CAPTADO_DEMONSTRADO,ENSAIO_COM_METADADOS_MINIMOS_PRESENTE,EVIDENCIA_HIDROQUIMICA_PARCIAL_PRESENTE_SEM_QA_COMPLETO,EVIDENCIA_DATADA_PRESENTE_SEM_SERIE,UNKNOWN_INDEPENDENCIA_HIDROGEOLOGICA_NAO_DEMONSTRADA,ALERTAS_DE_REVISAO_PRESENTES,INCERTEZA_EXPLICITA_NAO_AGREGADA,UNKNOWN_HIDROESTRATIGRAFIA_EM_PARTE_DOS_POCOS|UNKNOWN_INDEPENDENCIA_HIDROGEOLOGICA|UNKNOWN_INTERVALO_CAPTADO|UNKNOWN_QA_HIDROQUIMICO_COMPLETO|UNKNOWN_SERIE_TEMPORAL,"{""espacial"":""SEM_ALERTA_OBJETIVO_DE_LOCALIZACAO"",""hidraulica"":""ENSAIO_COM_METADADOS_MINIMOS_PRESENTE"",""hidroestratigrafica"":""REVISAO_OU_UNKNOWN_PRESENTE"",""hidroquimica"":""EVIDENCIA_HIDROQUIMICA_PARCIAL_PRESENTE_SEM_QA_COMPLETO"",""incerteza"":""INCERTEZA_EXPLICITA_NAO_AGREGADA"",""independencia"":""UNKNOWN_INDEPENDENCIA_HIDROGEOLOGICA_NAO_DEMONSTRADA"",""qualidade_documental"":""ALERTAS_DE_REVISAO_PRESENTES"",""temporal"":""EVIDENCIA_DATADA_PRESENTE_SEM_SERIE"",""vertical"":""PARCIAL_SEM_INTERVALO_CAPTADO_DEMONSTRADO""}"
SCALE-1000-O00-00032,1000,O00,1000.0000000000462,2,COM_POCO_NO_CONJUNTO_AUDITADO,18.867561955607663,1,Grupo Caiuá,100.0,1,Granular (Gr),100.0,False,False,0,0.0,0,0.0,0,0.0,2,100.0,2,100.0,1,50.0,0,0.0,0,1,50.0,1,50.0,1,50.0,1,50.0,1,50.0,0,0.0,1,50.0,0,0.0,0,0,0,1,50.0,0,0.0,3.37583933961683,0,0,0.0,0,0.0,0,0.0,1,50.0,1,50.0,0,0.0,2.5,SEM_ALERTA_OBJETIVO_DE_LOCALIZACAO,REVISAO_OU_UNKNOWN_PRESENTE,PARCIAL_SEM_INTERVALO_CAPTADO_DEMONSTRADO,ENSAIO_COM_METADADOS_MINIMOS_PRESENTE,EVIDENCIA_HIDROQUIMICA_PARCIAL_PRESENTE_SEM_QA_COMPLETO,EVIDENCIA_DATADA_PRESENTE_SEM_SERIE,UNKNOWN_INDEPENDENCIA_HIDROGEOLOGICA_NAO_DEMONSTRADA,ALERTAS_DE_REVISAO_PRESENTES,INCERTEZA_EXPLICITA_NAO_AGREGADA,UNKNOWN_INDEPENDENCIA_HIDROGEOLOGICA|UNKNOWN_INTERVALO_CAPTADO|UNKNOWN_QA_HIDROQUIMICO_COMPLETO|UNKNOWN_SERIE_TEMPORAL,"{""espacial"":""SEM_ALERTA_OBJETIVO_DE_LOCALIZACAO"",""hidraulica"":""ENSAIO_COM_METADADOS_MINIMOS_PRESENTE"",""hidroestratigrafica"":""REVISAO_OU_UNKNOWN_PRESENTE"",""hidroquimica"":""EVIDENCIA_HIDROQUIMICA_PARCIAL_PRESENTE_SEM_QA_COMPLETO"",""incerteza"":""INCERTEZA_EXPLICITA_NAO_AGREGADA"",""independencia"":""UNKNOWN_INDEPENDENCIA_HIDROGEOLOGICA_NAO_DEMONSTRADA"",""qualidade_documental"":""ALERTAS_DE_REVISAO_PRESENTES"",""temporal"":""EVIDENCIA_DATADA_PRESENTE_SEM_SERIE"",""vertical"":""PARCIAL_SEM_INTERVALO_CAPTADO_DEMONSTRADO""}"
SCALE-1000-O00-00033,1000,O00,1000.0000000000462,4,COM_POCO_NO_CONJUNTO_AUDITADO,14.003612760426176,2,Grupo Caiuá,94.82222379258093,1,Granular (Gr),100.0,False,False,0,0.0,0,0.0,1,25.0,3,75.0,4,100.0,0,0.0,0,0.0,0,3,75.0,3,75.0,3,75.0,0,0.0,0,0.0,0,0.0,1,25.0,0,0.0,1,1,1,0,0.0,0,0.0,,0,0,0.0,0,0.0,2,50.0,0,0.0,0,0.0,0,0.0,3.0,SEM_ALERTA_OBJETIVO_DE_LOCALIZACAO,REVISAO_OU_UNKNOWN_PRESENTE,PARCIAL_SEM_INTERVALO_CAPTADO_DEMONSTRADO,EVIDENCIA_HIDRAULICA_PARCIAL_PRESENTE,EVIDENCIA_HIDROQUIMICA_PARCIAL_PRESENTE_SEM_QA_COMPLETO,UNKNOWN_SEM_EVIDENCIA_DATADA_E_SEM_SERIE,UNKNOWN_INDEPENDENCIA_HIDROGEOLOGICA_NAO_DEMONSTRADA,SEM_ALERTA_OBJETIVO_NAS_REGRAS_ATUAIS,INCERTEZA_EXPLICITA_NAO_AGREGADA,UNKNOWN_EVIDENCIA_DATADA|UNKNOWN_HIDROESTRATIGRAFIA_EM_PARTE_DOS_POCOS|UNKNOWN_INDEPENDENCIA_HIDROGEOLOGICA|UNKNOWN_INTERVALO_CAPTADO|UNKNOWN_QA_HIDROQUIMICO_COMPLETO|UNKNOWN_SERIE_TEMPORAL,"{""espacial"":""SEM_ALERTA_OBJETIVO_DE_LOCALIZACAO"",""hidraulica"":""EVIDENCIA_HIDRAULICA_PARCIAL_PRESENTE"",""hidroestratigrafica"":""REVISAO_OU_UNKNOWN_PRESENTE"",""hidroquimica"":""EVIDENCIA_HIDROQUIMICA_PARCIAL_PRESENTE_SEM_QA_COMPLETO"",""incerteza"":""INCERTEZA_EXPLICITA_NAO_AGREGADA"",""independencia"":""UNKNOWN_INDEPENDENCIA_HIDROGEOLOGICA_NAO_DEMONSTRADA"",""qualidade_documental"":""SEM_ALERTA_OBJETIVO_NAS_REGRAS_ATUAIS"",""temporal"":""UNKNOWN_SEM_EVIDENCIA_DATADA_E_SEM_SERIE"",""vertical"":""PARCIAL_SEM_INTERVALO_CAPTADO_DEMONSTRADO""}"
SCALE-1000-O00-00034,1000,O00,759.3230198416803,0,SEM_POCO_NO_CONJUNTO_AUDITADO,21.119387677732767,2,Depósitos aluvionares,97.41722326584474,1,Granular (Gr),100.00000000000001,False,False,0,,0,,0,,0,,0,,0,,0,,0,0,,0,,0,,0,,0,,0,,0,,0,,0,0,0,0,,0,,,0,0,,0,,0,,0,,0,,0,,,SEM_POCO_NO_CONJUNTO_AUDITADO,UNKNOWN_SEM_POCO_PARA_AVALIACAO_LOCAL,UNKNOWN_SEM_POCO_PARA_AVALIACAO_VERTICAL,UNKNOWN_SEM_POCO_PARA_AVALIACAO_HIDRAULICA,UNKNOWN_SEM_POCO_PARA_AVALIACAO_HIDROQUIMICA,UNKNOWN_SEM_POCO_PARA_AVALIACAO_TEMPORAL,UNKNOWN_INDEPENDENCIA_HIDROGEOLOGICA_NAO_DEMONSTRADA,UNKNOWN_SEM_POCO_PARA_AVALIACAO_DOCUMENTAL,INCERTEZA_EXPLICITA_NAO_AGREGADA,UNKNOWN_SEM_POCO_NO_CONJUNTO_AUDITADO,"{""espacial"":""SEM_POCO_NO_CONJUNTO_AUDITADO"",""hidraulica"":""UNKNOWN_SEM_POCO_PARA_AVALIACAO_HIDRAULICA"",""hidroestratigrafica"":""UNKNOWN_SEM_POCO_PARA_AVALIACAO_LOCAL"",""hidroquimica"":""UNKNOWN_SEM_POCO_PARA_AVALIACAO_HIDROQUIMICA"",""incerteza"":""INCERTEZA_EXPLICITA_NAO_AGREGADA"",""independencia"":""UNKNOWN_INDEPENDENCIA_HIDROGEOLOGICA_NAO_DEMONSTRADA"",""qualidade_documental"":""UNKNOWN_SEM_POCO_PARA_AVALIACAO_DOCUMENTAL"",""temporal"":""UNKNOWN_SEM_POCO_PARA_AVALIACAO_TEMPORAL"",""vertical"":""UNKNOWN_SEM_POCO_PARA_AVALIACAO_VERTICAL""}"
SCALE-1000-O00-00035,1000,O00,164.5403024555691,0,SEM_POCO_NO_CONJUNTO_AUDITADO,24.322246654081006,1,Depósitos aluvionares,100.00000000000001,1,Granular (Gr),100.00000000000001,False,False,0,,0,,0,,0,,0,,0,,0,,0,0,,0,,0,,0,,0,,0,,0,,0,,0,0,0,0,,0,,,0,0,,0,,0,,0,,0,,0,,,SEM_POCO_NO_CONJUNTO_AUDITADO,UNKNOWN_SEM_POCO_PARA_AVALIACAO_LOCAL,UNKNOWN_SEM_POCO_PARA_AVALIACAO_VERTICAL,UNKNOWN_SEM_POCO_PARA_AVALIACAO_HIDRAULICA,UNKNOWN_SEM_POCO_PARA_AVALIACAO_HIDROQUIMICA,UNKNOWN_SEM_POCO_PARA_AVALIACAO_TEMPORAL,UNKNOWN_INDEPENDENCIA_HIDROGEOLOGICA_NAO_DEMONSTRADA,UNKNOWN_SEM_POCO_PARA_AVALIACAO_DOCUMENTAL,INCERTEZA_EXPLICITA_NAO_AGREGADA,UNKNOWN_SEM_POCO_NO_CONJUNTO_AUDITADO,"{""espacial"":""SEM_POCO_NO_CONJUNTO_AUDITADO"",""hidraulica"":""UNKNOWN_SEM_POCO_PARA_AVALIACAO_HIDRAULICA"",""hidroestratigrafica"":""UNKNOWN_SEM_POCO_PARA_AVALIACAO_LOCAL"",""hidroquimica"":""UNKNOWN_SEM_POCO_PARA_AVALIACAO_HIDROQUIMICA"",""incerteza"":""INCERTEZA_EXPLICITA_NAO_AGREGADA"",""independencia"":""UNKNOWN_INDEPENDENCIA_HIDROGEOLOGICA_NAO_DEMONSTRADA"",""qualidade_documental"":""UNKNOWN_SEM_POCO_PARA_AVALIACAO_DOCUMENTAL"",""temporal"":""UNKNOWN_SEM_POCO_PARA_AVALIACAO_TEMPORAL"",""vertical"":""UNKNOWN_SEM_POCO_PARA_AVALIACAO_VERTICAL""}"
SCALE-1000-O00-00036,1000,O00,487.2536918854983,61,COM_POCO_NO_CONJUNTO_AUDITADO,7.685734627973259,2,Formação Serra Geral,56.80811041909624,2,Fraturada (Fr),56.80811041909624,False,False,5,8.19672131147541,0,0.0,2,3.278688524590164,53,86.88524590163935,59,96.72131147540983,42,68.85245901639344,4,6.557377049180328,0,57,93.44262295081967,57,93.44262295081967,55,90.1639344262295,27,44.26229508196721,27,44.26229508196721,2,3.278688524590164,18,29.508196721311474,5,8.19672131147541,21,27,5,40,65.57377049180327,5,8.19672131147541,34.83712875692177,0,0,0.0,0,0.0,50,81.9672131147541,44,72.1311475409836,44,72.1311475409836,0,0.0,4.0,COM_COORDENADA_OU_MUNICIPIO_EM_REVISAO,REVISAO_OU_UNKNOWN_PRESENTE,PARCIAL_SEM_INTERVALO_CAPTADO_DEMONSTRADO,TRANSMISSIVIDADE_INFORMADA_NAO_VALIDADA_PRESENTE,EVIDENCIA_HIDROQUIMICA_PARCIAL_PRESENTE_SEM_QA_COMPLETO,EVIDENCIA_DATADA_PRESENTE_SEM_SERIE,UNKNOWN_INDEPENDENCIA_HIDROGEOLOGICA_NAO_DEMONSTRADA,ALERTAS_DE_REVISAO_PRESENTES,INCERTEZA_EXPLICITA_NAO_AGREGADA,UNKNOWN_HIDROESTRATIGRAFIA_EM_PARTE_DOS_POCOS|UNKNOWN_INDEPENDENCIA_HIDROGEOLOGICA|UNKNOWN_INTERVALO_CAPTADO|UNKNOWN_QA_HIDROQUIMICO_COMPLETO|UNKNOWN_SERIE_TEMPORAL,"{""espacial"":""COM_COORDENADA_OU_MUNICIPIO_EM_REVISAO"",""hidraulica"":""TRANSMISSIVIDADE_INFORMADA_NAO_VALIDADA_PRESENTE"",""hidroestratigrafica"":""REVISAO_OU_UNKNOWN_PRESENTE"",""hidroquimica"":""EVIDENCIA_HIDROQUIMICA_PARCIAL_PRESENTE_SEM_QA_COMPLETO"",""incerteza"":""INCERTEZA_EXPLICITA_NAO_AGREGADA"",""independencia"":""UNKNOWN_INDEPENDENCIA_HIDROGEOLOGICA_NAO_DEMONSTRADA"",""qualidade_documental"":""ALERTAS_DE_REVISAO_PRESENTES"",""temporal"":""EVIDENCIA_DATADA_PRESENTE_SEM_SERIE"",""vertical"":""PARCIAL_SEM_INTERVALO_CAPTADO_DEMONSTRADO""}"
SCALE-1000-O00-00037,1000,O00,1000.0000000000462,2,COM_POCO_NO_CONJUNTO_AUDITADO,13.15152173728882,1,Formação Serra Geral,100.0,1,Fraturada (Fr),100.0,False,False,0,0.0,0,0.0,1,50.0,0,0.0,2,100.0,2,100.0,0,0.0,0,1,50.0,1,50.0,1,50.0,1,50.0,1,50.0,0,0.0,0,0.0,0,0.0,0,0,0,1,50.0,0,0.0,29.68164986276241,0,0,0.0,0,0.0,2,100.0,2,100.0,2,100.0,0,0.0,2.5,SEM_ALERTA_OBJETIVO_DE_LOCALIZACAO,REVISAO_OU_UNKNOWN_PRESENTE,PARCIAL_SEM_INTERVALO_CAPTADO_DEMONSTRADO,ENSAIO_COM_METADADOS_MINIMOS_PRESENTE,UNKNOWN_SEM_EVIDENCIA_HIDROQUIMICA_NO_CONJUNTO,EVIDENCIA_DATADA_PRESENTE_SEM_SERIE,UNKNOWN_INDEPENDENCIA_HIDROGEOLOGICA_NAO_DEMONSTRADA,ALERTAS_DE_REVISAO_PRESENTES,INCERTEZA_EXPLICITA_NAO_AGREGADA,UNKNOWN_EVIDENCIA_HIDROQUIMICA|UNKNOWN_HIDROESTRATIGRAFIA_EM_PARTE_DOS_POCOS|UNKNOWN_INDEPENDENCIA_HIDROGEOLOGICA|UNKNOWN_INTERVALO_CAPTADO|UNKNOWN_QA_HIDROQUIMICO_COMPLETO|UNKNOWN_SERIE_TEMPORAL,"{""espacial"":""SEM_ALERTA_OBJETIVO_DE_LOCALIZACAO"",""hidraulica"":""ENSAIO_COM_METADADOS_MINIMOS_PRESENTE"",""hidroestratigrafica"":""REVISAO_OU_UNKNOWN_PRESENTE"",""hidroquimica"":""UNKNOWN_SEM_EVIDENCIA_HIDROQUIMICA_NO_CONJUNTO"",""incerteza"":""INCERTEZA_EXPLICITA_NAO_AGREGADA"",""independencia"":""UNKNOWN_INDEPENDENCIA_HIDROGEOLOGICA_NAO_DEMONSTRADA"",""qualidade_documental"":""ALERTAS_DE_REVISAO_PRESENTES"",""temporal"":""EVIDENCIA_DATADA_PRESENTE_SEM_SERIE"",""vertical"":""PARCIAL_SEM_INTERVALO_CAPTADO_DEMONSTRADO""}"
SCALE-1000-O00-00038,1000,O00,1000.0000000000462,28,COM_POCO_NO_CONJUNTO_AUDITADO,7.689880567615715,2,Formação Serra Geral,86.0828876264152,2,Fraturada (Fr),86.0828876264152,False,False,23,82.14285714285714,23,82.14285714285714,6,21.428571428571427,0,0.0,27,96.42857142857143,11,39.285714285714285,1,3.5714285714285716,0,23,82.14285714285714,22,78.57142857142857,20,71.42857142857143,3,10.714285714285714,3,10.714285714285714,0,0.0,16,57.142857142857146,2,7.142857142857143,16,18,4,7,25.0,2,7.142857142857143,16.89562414012608,0,0,0.0,0,0.0,16,57.142857142857146,14,50.0,14,50.0,0,0.0,4.0,COM_COORDENADA_OU_MUNICIPIO_EM_REVISAO,REVISAO_OU_UNKNOWN_PRESENTE,PARCIAL_SEM_INTERVALO_CAPTADO_DEMONSTRADO,ENSAIO_COM_METADADOS_MINIMOS_PRESENTE,EVIDENCIA_HIDROQUIMICA_PARCIAL_PRESENTE_SEM_QA_COMPLETO,EVIDENCIA_DATADA_PRESENTE_SEM_SERIE,UNKNOWN_INDEPENDENCIA_HIDROGEOLOGICA_NAO_DEMONSTRADA,ALERTAS_DE_REVISAO_PRESENTES,INCERTEZA_EXPLICITA_NAO_AGREGADA,UNKNOWN_HIDROESTRATIGRAFIA_EM_PARTE_DOS_POCOS|UNKNOWN_INDEPENDENCIA_HIDROGEOLOGICA|UNKNOWN_INTERVALO_CAPTADO|UNKNOWN_QA_HIDROQUIMICO_COMPLETO|UNKNOWN_SERIE_TEMPORAL,"{""espacial"":""COM_COORDENADA_OU_MUNICIPIO_EM_REVISAO"",""hidraulica"":""ENSAIO_COM_METADADOS_MINIMOS_PRESENTE"",""hidroestratigrafica"":""REVISAO_OU_UNKNOWN_PRESENTE"",""hidroquimica"":""EVIDENCIA_HIDROQUIMICA_PARCIAL_PRESENTE_SEM_QA_COMPLETO"",""incerteza"":""INCERTEZA_EXPLICITA_NAO_AGREGADA"",""independencia"":""UNKNOWN_INDEPENDENCIA_HIDROGEOLOGICA_NAO_DEMONSTRADA"",""qualidade_documental"":""ALERTAS_DE_REVISAO_PRESENTES"",""temporal"":""EVIDENCIA_DATADA_PRESENTE_SEM_SERIE"",""vertical"":""PARCIAL_SEM_INTERVALO_CAPTADO_DEMONSTRADO""}"
SCALE-1000-O00-00039,1000,O00,1000.0000000000462,66,COM_POCO_NO_CONJUNTO_AUDITADO,7.160749895478722,2,Grupo Caiuá,54.18156634025114,2,Granular (Gr),54.18156634025114,False,False,0,0.0,0,0.0,9,13.636363636363637,34,51.515151515151516,62,93.93939393939394,32,48.484848484848484,17,25.757575757575758,0,60,90.9090909090909,60,90.9090909090909,55,83.33333333333333,28,42.42424242424242,28,42.42424242424242,1,1.5151515151515151,45,68.18181818181819,17,25.757575757575758,46,69,5,32,48.484848484848484,17,25.757575757575758,18.846382882605393,0,0,0.0,0,0.0,52,78.78787878787878,37,56.06060606060606,36,54.54545454545455,0,0.0,4.0,SEM_ALERTA_OBJETIVO_DE_LOCALIZACAO,REVISAO_OU_UNKNOWN_PRESENTE,PARCIAL_SEM_INTERVALO_CAPTADO_DEMONSTRADO,TRANSMISSIVIDADE_INFORMADA_NAO_VALIDADA_PRESENTE,EVIDENCIA_HIDROQUIMICA_PARCIAL_PRESENTE_SEM_QA_COMPLETO,EVIDENCIA_DATADA_PRESENTE_SEM_SERIE,UNKNOWN_INDEPENDENCIA_HIDROGEOLOGICA_NAO_DEMONSTRADA,ALERTAS_DE_REVISAO_PRESENTES,INCERTEZA_EXPLICITA_NAO_AGREGADA,UNKNOWN_HIDROESTRATIGRAFIA_EM_PARTE_DOS_POCOS|UNKNOWN_INDEPENDENCIA_HIDROGEOLOGICA|UNKNOWN_INTERVALO_CAPTADO|UNKNOWN_QA_HIDROQUIMICO_COMPLETO|UNKNOWN_SERIE_TEMPORAL,"{""espacial"":""SEM_ALERTA_OBJETIVO_DE_LOCALIZACAO"",""hidraulica"":""TRANSMISSIVIDADE_INFORMADA_NAO_VALIDADA_PRESENTE"",""hidroestratigrafica"":""REVISAO_OU_UNKNOWN_PRESENTE"",""hidroquimica"":""EVIDENCIA_HIDROQUIMICA_PARCIAL_PRESENTE_SEM_QA_COMPLETO"",""incerteza"":""INCERTEZA_EXPLICITA_NAO_AGREGADA"",""independencia"":""UNKNOWN_INDEPENDENCIA_HIDROGEOLOGICA_NAO_DEMONSTRADA"",""qualidade_documental"":""ALERTAS_DE_REVISAO_PRESENTES"",""temporal"":""EVIDENCIA_DATADA_PRESENTE_SEM_SERIE"",""vertical"":""PARCIAL_SEM_INTERVALO_CAPTADO_DEMONSTRADO""}"
SCALE-1000-O00-00040,1000,O00,1000.0000000000462,54,COM_POCO_NO_CONJUNTO_AUDITADO,13.207197532024782,2,Grupo Caiuá,77.34822607236782,2,Granular (Gr),77.34822607236782,False,False,0,0.0,0,0.0,3,5.555555555555555,35,64.81481481481481,53,98.14814814814815,9,16.666666666666668,2,3.7037037037037037,0,53,98.14814814814815,53,98.14814814814815,53,98.14814814814815,5,9.25925925925926,5,9.25925925925926,1,1.8518518518518519,42,77.77777777777777,5,9.25925925925926,38,45,4,10,18.51851851851852,5,9.25925925925926,17.881270662641946,0,0,0.0,0,0.0,27,50.0,11,20.37037037037037,11,20.37037037037037,0,0.0,4.0,SEM_ALERTA_OBJETIVO_DE_LOCALIZACAO,REVISAO_OU_UNKNOWN_PRESENTE,PARCIAL_SEM_INTERVALO_CAPTADO_DEMONSTRADO,TRANSMISSIVIDADE_INFORMADA_NAO_VALIDADA_PRESENTE,EVIDENCIA_HIDROQUIMICA_PARCIAL_PRESENTE_SEM_QA_COMPLETO,EVIDENCIA_DATADA_PRESENTE_SEM_SERIE,UNKNOWN_INDEPENDENCIA_HIDROGEOLOGICA_NAO_DEMONSTRADA,ALERTAS_DE_REVISAO_PRESENTES,INCERTEZA_EXPLICITA_NAO_AGREGADA,UNKNOWN_HIDROESTRATIGRAFIA_EM_PARTE_DOS_POCOS|UNKNOWN_INDEPENDENCIA_HIDROGEOLOGICA|UNKNOWN_INTERVALO_CAPTADO|UNKNOWN_QA_HIDROQUIMICO_COMPLETO|UNKNOWN_SERIE_TEMPORAL,"{""espacial"":""SEM_ALERTA_OBJETIVO_DE_LOCALIZACAO"",""hidraulica"":""TRANSMISSIVIDADE_INFORMADA_NAO_VALIDADA_PRESENTE"",""hidroestratigrafica"":""REVISAO_OU_UNKNOWN_PRESENTE"",""hidroquimica"":""EVIDENCIA_HIDROQUIMICA_PARCIAL_PRESENTE_SEM_QA_COMPLETO"",""incerteza"":""INCERTEZA_EXPLICITA_NAO_AGREGADA"",""independencia"":""UNKNOWN_INDEPENDENCIA_HIDROGEOLOGICA_NAO_DEMONSTRADA"",""qualidade_documental"":""ALERTAS_DE_REVISAO_PRESENTES"",""temporal"":""EVIDENCIA_DATADA_PRESENTE_SEM_SERIE"",""vertical"":""PARCIAL_SEM_INTERVALO_CAPTADO_DEMONSTRADO""}"
SCALE-1000-O00-00041,1000,O00,1000.0000000000462,44,COM_POCO_NO_CONJUNTO_AUDITADO,13.16131535843362,1,Grupo Caiuá,100.0,1,Granular (Gr),100.0,False,False,0,0.0,0,0.0,8,18.181818181818183,31,70.45454545454545,41,93.18181818181819,2,4.545454545454546,0,0.0,0,41,93.18181818181819,41,93.18181818181819,41,93.18181818181819,3,6.818181818181818,3,6.818181818181818,0,0.0,35,79.54545454545455,2,4.545454545454546,30,34,4,3,6.818181818181818,2,4.545454545454546,17.88400856964893,0,0,0.0,0,0.0,25,56.81818181818182,6,13.636363636363637,6,13.636363636363637,0,0.0,4.0,SEM_ALERTA_OBJETIVO_DE_LOCALIZACAO,REVISAO_OU_UNKNOWN_PRESENTE,PARCIAL_SEM_INTERVALO_CAPTADO_DEMONSTRADO,ENSAIO_COM_METADADOS_MINIMOS_PRESENTE,EVIDENCIA_HIDROQUIMICA_PARCIAL_PRESENTE_SEM_QA_COMPLETO,EVIDENCIA_DATADA_PRESENTE_SEM_SERIE,UNKNOWN_INDEPENDENCIA_HIDROGEOLOGICA_NAO_DEMONSTRADA,ALERTAS_DE_REVISAO_PRESENTES,INCERTEZA_EXPLICITA_NAO_AGREGADA,UNKNOWN_HIDROESTRATIGRAFIA_EM_PARTE_DOS_POCOS|UNKNOWN_INDEPENDENCIA_HIDROGEOLOGICA|UNKNOWN_INTERVALO_CAPTADO|UNKNOWN_QA_HIDROQUIMICO_COMPLETO|UNKNOWN_SERIE_TEMPORAL,"{""espacial"":""SEM_ALERTA_OBJETIVO_DE_LOCALIZACAO"",""hidraulica"":""ENSAIO_COM_METADADOS_MINIMOS_PRESENTE"",""hidroestratigrafica"":""REVISAO_OU_UNKNOWN_PRESENTE"",""hidroquimica"":""EVIDENCIA_HIDROQUIMICA_PARCIAL_PRESENTE_SEM_QA_COMPLETO"",""incerteza"":""INCERTEZA_EXPLICITA_NAO_AGREGADA"",""independencia"":""UNKNOWN_INDEPENDENCIA_HIDROGEOLOGICA_NAO_DEMONSTRADA"",""qualidade_documental"":""ALERTAS_DE_REVISAO_PRESENTES"",""temporal"":""EVIDENCIA_DATADA_PRESENTE_SEM_SERIE"",""vertical"":""PARCIAL_SEM_INTERVALO_CAPTADO_DEMONSTRADO""}"
SCALE-1000-O00-00042,1000,O00,1000.0000000000462,12,COM_POCO_NO_CONJUNTO_AUDITADO,12.428325281057305,2,Grupo Caiuá,93.18268917601047,1,Granular (Gr),100.0,False,False,4,33.333333333333336,0,0.0,1,8.333333333333334,2,16.666666666666668,12,100.0,9,75.0,0,0.0,0,12,100.0,12,100.0,12,100.0,6,50.0,6,50.0,1,8.333333333333334,5,41.666666666666664,3,25.0,4,5,4,10,83.33333333333333,3,25.0,22.508333504452523,0,4,33.333333333333336,4,33.333333333333336,9,75.0,10,83.33333333333333,10,83.33333333333333,0,0.0,4.0,COM_COORDENADA_OU_MUNICIPIO_EM_REVISAO,REVISAO_OU_UNKNOWN_PRESENTE,PARCIAL_SEM_INTERVALO_CAPTADO_DEMONSTRADO,TRANSMISSIVIDADE_INFORMADA_NAO_VALIDADA_PRESENTE,EVIDENCIA_HIDROQUIMICA_PARCIAL_PRESENTE_SEM_QA_COMPLETO,EVIDENCIA_DATADA_PRESENTE_SEM_SERIE,UNKNOWN_INDEPENDENCIA_HIDROGEOLOGICA_NAO_DEMONSTRADA,ALERTAS_DE_REVISAO_PRESENTES,INCERTEZA_EXPLICITA_NAO_AGREGADA,UNKNOWN_HIDROESTRATIGRAFIA_EM_PARTE_DOS_POCOS|UNKNOWN_INDEPENDENCIA_HIDROGEOLOGICA|UNKNOWN_INTERVALO_CAPTADO|UNKNOWN_QA_HIDROQUIMICO_COMPLETO|UNKNOWN_SERIE_TEMPORAL,"{""espacial"":""COM_COORDENADA_OU_MUNICIPIO_EM_REVISAO"",""hidraulica"":""TRANSMISSIVIDADE_INFORMADA_NAO_VALIDADA_PRESENTE"",""hidroestratigrafica"":""REVISAO_OU_UNKNOWN_PRESENTE"",""hidroquimica"":""EVIDENCIA_HIDROQUIMICA_PARCIAL_PRESENTE_SEM_QA_COMPLETO"",""incerteza"":""INCERTEZA_EXPLICITA_NAO_AGREGADA"",""independencia"":""UNKNOWN_INDEPENDENCIA_HIDROGEOLOGICA_NAO_DEMONSTRADA"",""qualidade_documental"":""ALERTAS_DE_REVISAO_PRESENTES"",""temporal"":""EVIDENCIA_DATADA_PRESENTE_SEM_SERIE"",""vertical"":""PARCIAL_SEM_INTERVALO_CAPTADO_DEMONSTRADO""}"
SCALE-1000-O00-00043,1000,O00,1000.0000000000462,16,COM_POCO_NO_CONJUNTO_AUDITADO,13.818230691941933,2,Grupo Caiuá,66.51918222800727,1,Granular (Gr),99.99999999999999,False,False,0,0.0,0,0.0,1,6.25,8,50.0,16,100.0,11,68.75,1,6.25,0,16,100.0,16,100.0,16,100.0,8,50.0,8,50.0,1,6.25,9,56.25,4,25.0,8,8,2,11,68.75,4,25.0,17.00514042040562,0,0,0.0,0,0.0,13,81.25,11,68.75,11,68.75,0,0.0,4.0,SEM_ALERTA_OBJETIVO_DE_LOCALIZACAO,REVISAO_OU_UNKNOWN_PRESENTE,PARCIAL_SEM_INTERVALO_CAPTADO_DEMONSTRADO,TRANSMISSIVIDADE_INFORMADA_NAO_VALIDADA_PRESENTE,EVIDENCIA_HIDROQUIMICA_PARCIAL_PRESENTE_SEM_QA_COMPLETO,EVIDENCIA_DATADA_PRESENTE_SEM_SERIE,UNKNOWN_INDEPENDENCIA_HIDROGEOLOGICA_NAO_DEMONSTRADA,ALERTAS_DE_REVISAO_PRESENTES,INCERTEZA_EXPLICITA_NAO_AGREGADA,UNKNOWN_HIDROESTRATIGRAFIA_EM_PARTE_DOS_POCOS|UNKNOWN_INDEPENDENCIA_HIDROGEOLOGICA|UNKNOWN_INTERVALO_CAPTADO|UNKNOWN_QA_HIDROQUIMICO_COMPLETO|UNKNOWN_SERIE_TEMPORAL,"{""espacial"":""SEM_ALERTA_OBJETIVO_DE_LOCALIZACAO"",""hidraulica"":""TRANSMISSIVIDADE_INFORMADA_NAO_VALIDADA_PRESENTE"",""hidroestratigrafica"":""REVISAO_OU_UNKNOWN_PRESENTE"",""hidroquimica"":""EVIDENCIA_HIDROQUIMICA_PARCIAL_PRESENTE_SEM_QA_COMPLETO"",""incerteza"":""INCERTEZA_EXPLICITA_NAO_AGREGADA"",""independencia"":""UNKNOWN_INDEPENDENCIA_HIDROGEOLOGICA_NAO_DEMONSTRADA"",""qualidade_documental"":""ALERTAS_DE_REVISAO_PRESENTES"",""temporal"":""EVIDENCIA_DATADA_PRESENTE_SEM_SERIE"",""vertical"":""PARCIAL_SEM_INTERVALO_CAPTADO_DEMONSTRADO""}"
SCALE-1000-O00-00044,1000,O00,509.8801644694341,0,SEM_POCO_NO_CONJUNTO_AUDITADO,24.04374969891313,2,Depósitos aluvionares,80.49120611732695,1,Granular (Gr),100.0,False,False,0,,0,,0,,0,,0,,0,,0,,0,0,,0,,0,,0,,0,,0,,0,,0,,0,0,0,0,,0,,,0,0,,0,,0,,0,,0,,0,,,SEM_POCO_NO_CONJUNTO_AUDITADO,UNKNOWN_SEM_POCO_PARA_AVALIACAO_LOCAL,UNKNOWN_SEM_POCO_PARA_AVALIACAO_VERTICAL,UNKNOWN_SEM_POCO_PARA_AVALIACAO_HIDRAULICA,UNKNOWN_SEM_POCO_PARA_AVALIACAO_HIDROQUIMICA,UNKNOWN_SEM_POCO_PARA_AVALIACAO_TEMPORAL,UNKNOWN_INDEPENDENCIA_HIDROGEOLOGICA_NAO_DEMONSTRADA,UNKNOWN_SEM_POCO_PARA_AVALIACAO_DOCUMENTAL,INCERTEZA_EXPLICITA_NAO_AGREGADA,UNKNOWN_SEM_POCO_NO_CONJUNTO_AUDITADO,"{""espacial"":""SEM_POCO_NO_CONJUNTO_AUDITADO"",""hidraulica"":""UNKNOWN_SEM_POCO_PARA_AVALIACAO_HIDRAULICA"",""hidroestratigrafica"":""UNKNOWN_SEM_POCO_PARA_AVALIACAO_LOCAL"",""hidroquimica"":""UNKNOWN_SEM_POCO_PARA_AVALIACAO_HIDROQUIMICA"",""incerteza"":""INCERTEZA_EXPLICITA_NAO_AGREGADA"",""independencia"":""UNKNOWN_INDEPENDENCIA_HIDROGEOLOGICA_NAO_DEMONSTRADA"",""qualidade_documental"":""UNKNOWN_SEM_POCO_PARA_AVALIACAO_DOCUMENTAL"",""temporal"":""UNKNOWN_SEM_POCO_PARA_AVALIACAO_TEMPORAL"",""vertical"":""UNKNOWN_SEM_POCO_PARA_AVALIACAO_VERTICAL""}"
SCALE-1000-O00-00045,1000,O00,71.683396346674,0,SEM_POCO_NO_CONJUNTO_AUDITADO,44.72679155163979,2,Formação Pantanal,63.29232472739614,1,Granular (Gr),100.0,False,False,0,,0,,0,,0,,0,,0,,0,,0,0,,0,,0,,0,,0,,0,,0,,0,,0,0,0,0,,0,,,0,0,,0,,0,,0,,0,,0,,,SEM_POCO_NO_CONJUNTO_AUDITADO,UNKNOWN_SEM_POCO_PARA_AVALIACAO_LOCAL,UNKNOWN_SEM_POCO_PARA_AVALIACAO_VERTICAL,UNKNOWN_SEM_POCO_PARA_AVALIACAO_HIDRAULICA,UNKNOWN_SEM_POCO_PARA_AVALIACAO_HIDROQUIMICA,UNKNOWN_SEM_POCO_PARA_AVALIACAO_TEMPORAL,UNKNOWN_INDEPENDENCIA_HIDROGEOLOGICA_NAO_DEMONSTRADA,UNKNOWN_SEM_POCO_PARA_AVALIACAO_DOCUMENTAL,INCERTEZA_EXPLICITA_NAO_AGREGADA,UNKNOWN_SEM_POCO_NO_CONJUNTO_AUDITADO,"{""espacial"":""SEM_POCO_NO_CONJUNTO_AUDITADO"",""hidraulica"":""UNKNOWN_SEM_POCO_PARA_AVALIACAO_HIDRAULICA"",""hidroestratigrafica"":""UNKNOWN_SEM_POCO_PARA_AVALIACAO_LOCAL"",""hidroquimica"":""UNKNOWN_SEM_POCO_PARA_AVALIACAO_HIDROQUIMICA"",""incerteza"":""INCERTEZA_EXPLICITA_NAO_AGREGADA"",""independencia"":""UNKNOWN_INDEPENDENCIA_HIDROGEOLOGICA_NAO_DEMONSTRADA"",""qualidade_documental"":""UNKNOWN_SEM_POCO_PARA_AVALIACAO_DOCUMENTAL"",""temporal"":""UNKNOWN_SEM_POCO_PARA_AVALIACAO_TEMPORAL"",""vertical"":""UNKNOWN_SEM_POCO_PARA_AVALIACAO_VERTICAL""}"
SCALE-1000-O00-00046,1000,O00,219.65543640649295,0,SEM_POCO_NO_CONJUNTO_AUDITADO,19.670967361817418,3,Embasamento Indiferenciado,41.03425808885062,2,Granular (Gr),58.96574191114938,False,False,0,,0,,0,,0,,0,,0,,0,,0,0,,0,,0,,0,,0,,0,,0,,0,,0,0,0,0,,0,,,0,0,,0,,0,,0,,0,,0,,,SEM_POCO_NO_CONJUNTO_AUDITADO,UNKNOWN_SEM_POCO_PARA_AVALIACAO_LOCAL,UNKNOWN_SEM_POCO_PARA_AVALIACAO_VERTICAL,UNKNOWN_SEM_POCO_PARA_AVALIACAO_HIDRAULICA,UNKNOWN_SEM_POCO_PARA_AVALIACAO_HIDROQUIMICA,UNKNOWN_SEM_POCO_PARA_AVALIACAO_TEMPORAL,UNKNOWN_INDEPENDENCIA_HIDROGEOLOGICA_NAO_DEMONSTRADA,UNKNOWN_SEM_POCO_PARA_AVALIACAO_DOCUMENTAL,INCERTEZA_EXPLICITA_NAO_AGREGADA,UNKNOWN_SEM_POCO_NO_CONJUNTO_AUDITADO,"{""espacial"":""SEM_POCO_NO_CONJUNTO_AUDITADO"",""hidraulica"":""UNKNOWN_SEM_POCO_PARA_AVALIACAO_HIDRAULICA"",""hidroestratigrafica"":""UNKNOWN_SEM_POCO_PARA_AVALIACAO_LOCAL"",""hidroquimica"":""UNKNOWN_SEM_POCO_PARA_AVALIACAO_HIDROQUIMICA"",""incerteza"":""INCERTEZA_EXPLICITA_NAO_AGREGADA"",""independencia"":""UNKNOWN_INDEPENDENCIA_HIDROGEOLOGICA_NAO_DEMONSTRADA"",""qualidade_documental"":""UNKNOWN_SEM_POCO_PARA_AVALIACAO_DOCUMENTAL"",""temporal"":""UNKNOWN_SEM_POCO_PARA_AVALIACAO_TEMPORAL"",""vertical"":""UNKNOWN_SEM_POCO_PARA_AVALIACAO_VERTICAL""}"
SCALE-1000-O00-00047,1000,O00,392.69547573888127,0,SEM_POCO_NO_CONJUNTO_AUDITADO,28.110473736343398,2,Embasamento Indiferenciado,89.21712955496358,2,Fraturada (Fr),89.21712955496358,False,False,0,,0,,0,,0,,0,,0,,0,,0,0,,0,,0,,0,,0,,0,,0,,0,,0,0,0,0,,0,,,0,0,,0,,0,,0,,0,,0,,,SEM_POCO_NO_CONJUNTO_AUDITADO,UNKNOWN_SEM_POCO_PARA_AVALIACAO_LOCAL,UNKNOWN_SEM_POCO_PARA_AVALIACAO_VERTICAL,UNKNOWN_SEM_POCO_PARA_AVALIACAO_HIDRAULICA,UNKNOWN_SEM_POCO_PARA_AVALIACAO_HIDROQUIMICA,UNKNOWN_SEM_POCO_PARA_AVALIACAO_TEMPORAL,UNKNOWN_INDEPENDENCIA_HIDROGEOLOGICA_NAO_DEMONSTRADA,UNKNOWN_SEM_POCO_PARA_AVALIACAO_DOCUMENTAL,INCERTEZA_EXPLICITA_NAO_AGREGADA,UNKNOWN_SEM_POCO_NO_CONJUNTO_AUDITADO,"{""espacial"":""SEM_POCO_NO_CONJUNTO_AUDITADO"",""hidraulica"":""UNKNOWN_SEM_POCO_PARA_AVALIACAO_HIDRAULICA"",""hidroestratigrafica"":""UNKNOWN_SEM_POCO_PARA_AVALIACAO_LOCAL"",""hidroquimica"":""UNKNOWN_SEM_POCO_PARA_AVALIACAO_HIDROQUIMICA"",""incerteza"":""INCERTEZA_EXPLICITA_NAO_AGREGADA"",""independencia"":""UNKNOWN_INDEPENDENCIA_HIDROGEOLOGICA_NAO_DEMONSTRADA"",""qualidade_documental"":""UNKNOWN_SEM_POCO_PARA_AVALIACAO_DOCUMENTAL"",""temporal"":""UNKNOWN_SEM_POCO_PARA_AVALIACAO_TEMPORAL"",""vertical"":""UNKNOWN_SEM_POCO_PARA_AVALIACAO_VERTICAL""}"
SCALE-1000-O00-00048,1000,O00,450.9830104803676,1,COM_POCO_NO_CONJUNTO_AUDITADO,14.930054562685013,4,Embasamento Indiferenciado,65.04151500451097,3,Fraturada (Fr),65.04151500451098,False,False,0,0.0,0,0.0,1,100.0,0,0.0,1,100.0,1,100.0,0,0.0,0,1,100.0,1,100.0,1,100.0,1,100.0,1,100.0,0,0.0,0,0.0,0,0.0,0,0,0,1,100.0,0,0.0,23.970375846184385,0,0,0.0,0,0.0,0,0.0,1,100.0,1,100.0,0,0.0,4.0,SEM_ALERTA_OBJETIVO_DE_LOCALIZACAO,REVISAO_OU_UNKNOWN_PRESENTE,PARCIAL_SEM_INTERVALO_CAPTADO_DEMONSTRADO,ENSAIO_COM_METADADOS_MINIMOS_PRESENTE,UNKNOWN_SEM_EVIDENCIA_HIDROQUIMICA_NO_CONJUNTO,EVIDENCIA_DATADA_PRESENTE_SEM_SERIE,UNKNOWN_INDEPENDENCIA_HIDROGEOLOGICA_NAO_DEMONSTRADA,ALERTAS_DE_REVISAO_PRESENTES,INCERTEZA_EXPLICITA_NAO_AGREGADA,UNKNOWN_EVIDENCIA_HIDROQUIMICA|UNKNOWN_HIDROESTRATIGRAFIA_EM_PARTE_DOS_POCOS|UNKNOWN_INDEPENDENCIA_HIDROGEOLOGICA|UNKNOWN_INTERVALO_CAPTADO|UNKNOWN_QA_HIDROQUIMICO_COMPLETO|UNKNOWN_SERIE_TEMPORAL,"{""espacial"":""SEM_ALERTA_OBJETIVO_DE_LOCALIZACAO"",""hidraulica"":""ENSAIO_COM_METADADOS_MINIMOS_PRESENTE"",""hidroestratigrafica"":""REVISAO_OU_UNKNOWN_PRESENTE"",""hidroquimica"":""UNKNOWN_SEM_EVIDENCIA_HIDROQUIMICA_NO_CONJUNTO"",""incerteza"":""INCERTEZA_EXPLICITA_NAO_AGREGADA"",""independencia"":""UNKNOWN_INDEPENDENCIA_HIDROGEOLOGICA_NAO_DEMONSTRADA"",""qualidade_documental"":""ALERTAS_DE_REVISAO_PRESENTES"",""temporal"":""EVIDENCIA_DATADA_PRESENTE_SEM_SERIE"",""vertical"":""PARCIAL_SEM_INTERVALO_CAPTADO_DEMONSTRADO""}"
SCALE-1000-O00-00049,1000,O00,136.95310343382133,1,COM_POCO_NO_CONJUNTO_AUDITADO,16.605768894734457,1,Formação Aquidauana,100.0,1,Granular (Gr),100.0,False,False,0,0.0,0,0.0,1,100.0,0,0.0,1,100.0,0,0.0,0,0.0,0,1,100.0,1,100.0,1,100.0,0,0.0,0,0.0,0,0.0,1,100.0,0,0.0,1,1,1,0,0.0,0,0.0,,0,0,0.0,0,0.0,0,0.0,0,0.0,0,0.0,0,0.0,3.0,SEM_ALERTA_OBJETIVO_DE_LOCALIZACAO,REVISAO_OU_UNKNOWN_PRESENTE,PARCIAL_SEM_INTERVALO_CAPTADO_DEMONSTRADO,EVIDENCIA_HIDRAULICA_PARCIAL_PRESENTE,EVIDENCIA_HIDROQUIMICA_PARCIAL_PRESENTE_SEM_QA_COMPLETO,UNKNOWN_SEM_EVIDENCIA_DATADA_E_SEM_SERIE,UNKNOWN_INDEPENDENCIA_HIDROGEOLOGICA_NAO_DEMONSTRADA,SEM_ALERTA_OBJETIVO_NAS_REGRAS_ATUAIS,INCERTEZA_EXPLICITA_NAO_AGREGADA,UNKNOWN_EVIDENCIA_DATADA|UNKNOWN_HIDROESTRATIGRAFIA_EM_PARTE_DOS_POCOS|UNKNOWN_INDEPENDENCIA_HIDROGEOLOGICA|UNKNOWN_INTERVALO_CAPTADO|UNKNOWN_QA_HIDROQUIMICO_COMPLETO|UNKNOWN_SERIE_TEMPORAL,"{""espacial"":""SEM_ALERTA_OBJETIVO_DE_LOCALIZACAO"",""hidraulica"":""EVIDENCIA_HIDRAULICA_PARCIAL_PRESENTE"",""hidroestratigrafica"":""REVISAO_OU_UNKNOWN_PRESENTE"",""hidroquimica"":""EVIDENCIA_HIDROQUIMICA_PARCIAL_PRESENTE_SEM_QA_COMPLETO"",""incerteza"":""INCERTEZA_EXPLICITA_NAO_AGREGADA"",""independencia"":""UNKNOWN_INDEPENDENCIA_HIDROGEOLOGICA_NAO_DEMONSTRADA"",""qualidade_documental"":""SEM_ALERTA_OBJETIVO_NAS_REGRAS_ATUAIS"",""temporal"":""UNKNOWN_SEM_EVIDENCIA_DATADA_E_SEM_SERIE"",""vertical"":""PARCIAL_SEM_INTERVALO_CAPTADO_DEMONSTRADO""}"
SCALE-1000-O00-00050,1000,O00,417.9599590003437,3,COM_POCO_NO_CONJUNTO_AUDITADO,8.56666659963047,3,Formação Botucatu,70.61824717307496,2,Granular (Gr),90.31908811499613,False,False,1,33.333333333333336,1,33.333333333333336,1,33.333333333333336,0,0.0,2,66.66666666666667,2,66.66666666666667,0,0.0,0,2,66.66666666666667,2,66.66666666666667,2,66.66666666666667,1,33.333333333333336,1,33.333333333333336,0,0.0,0,0.0,0,0.0,0,0,0,2,66.66666666666667,0,0.0,20.890230463322315,0,0,0.0,0,0.0,0,0.0,3,100.0,3,100.0,0,0.0,4.0,COM_COORDENADA_OU_MUNICIPIO_EM_REVISAO,REVISAO_OU_UNKNOWN_PRESENTE,PARCIAL_SEM_INTERVALO_CAPTADO_DEMONSTRADO,ENSAIO_COM_METADADOS_MINIMOS_PRESENTE,UNKNOWN_SEM_EVIDENCIA_HIDROQUIMICA_NO_CONJUNTO,EVIDENCIA_DATADA_PRESENTE_SEM_SERIE,UNKNOWN_INDEPENDENCIA_HIDROGEOLOGICA_NAO_DEMONSTRADA,ALERTAS_DE_REVISAO_PRESENTES,INCERTEZA_EXPLICITA_NAO_AGREGADA,UNKNOWN_EVIDENCIA_HIDROQUIMICA|UNKNOWN_HIDROESTRATIGRAFIA_EM_PARTE_DOS_POCOS|UNKNOWN_INDEPENDENCIA_HIDROGEOLOGICA|UNKNOWN_INTERVALO_CAPTADO|UNKNOWN_QA_HIDROQUIMICO_COMPLETO|UNKNOWN_SERIE_TEMPORAL,"{""espacial"":""COM_COORDENADA_OU_MUNICIPIO_EM_REVISAO"",""hidraulica"":""ENSAIO_COM_METADADOS_MINIMOS_PRESENTE"",""hidroestratigrafica"":""REVISAO_OU_UNKNOWN_PRESENTE"",""hidroquimica"":""UNKNOWN_SEM_EVIDENCIA_HIDROQUIMICA_NO_CONJUNTO"",""incerteza"":""INCERTEZA_EXPLICITA_NAO_AGREGADA"",""independencia"":""UNKNOWN_INDEPENDENCIA_HIDROGEOLOGICA_NAO_DEMONSTRADA"",""qualidade_documental"":""ALERTAS_DE_REVISAO_PRESENTES"",""temporal"":""EVIDENCIA_DATADA_PRESENTE_SEM_SERIE"",""vertical"":""PARCIAL_SEM_INTERVALO_CAPTADO_DEMONSTRADO""}"
SCALE-1000-O00-00051,1000,O00,648.000189463494,17,COM_POCO_NO_CONJUNTO_AUDITADO,12.558738916248101,2,Formação Serra Geral,50.491339341961144,2,Fraturada (Fr),50.491339341961144,False,False,1,5.882352941176471,0,0.0,3,17.647058823529413,1,5.882352941176471,16,94.11764705882354,14,82.3529411764706,5,29.41176470588235,0,13,76.47058823529412,13,76.47058823529412,13,76.47058823529412,8,47.05882352941177,8,47.05882352941177,4,23.529411764705884,9,52.94117647058823,6,35.294117647058826,10,12,4,11,64.70588235294117,6,35.294117647058826,16.89562414012608,0,0,0.0,0,0.0,15,88.23529411764706,15,88.23529411764706,15,88.23529411764706,0,0.0,4.0,COM_COORDENADA_OU_MUNICIPIO_EM_REVISAO,REVISAO_OU_UNKNOWN_PRESENTE,PARCIAL_SEM_INTERVALO_CAPTADO_DEMONSTRADO,TRANSMISSIVIDADE_INFORMADA_NAO_VALIDADA_PRESENTE,EVIDENCIA_HIDROQUIMICA_PARCIAL_PRESENTE_SEM_QA_COMPLETO,EVIDENCIA_DATADA_PRESENTE_SEM_SERIE,UNKNOWN_INDEPENDENCIA_HIDROGEOLOGICA_NAO_DEMONSTRADA,ALERTAS_DE_REVISAO_PRESENTES,INCERTEZA_EXPLICITA_NAO_AGREGADA,UNKNOWN_HIDROESTRATIGRAFIA_EM_PARTE_DOS_POCOS|UNKNOWN_INDEPENDENCIA_HIDROGEOLOGICA|UNKNOWN_INTERVALO_CAPTADO|UNKNOWN_QA_HIDROQUIMICO_COMPLETO|UNKNOWN_SERIE_TEMPORAL,"{""espacial"":""COM_COORDENADA_OU_MUNICIPIO_EM_REVISAO"",""hidraulica"":""TRANSMISSIVIDADE_INFORMADA_NAO_VALIDADA_PRESENTE"",""hidroestratigrafica"":""REVISAO_OU_UNKNOWN_PRESENTE"",""hidroquimica"":""EVIDENCIA_HIDROQUIMICA_PARCIAL_PRESENTE_SEM_QA_COMPLETO"",""incerteza"":""INCERTEZA_EXPLICITA_NAO_AGREGADA"",""independencia"":""UNKNOWN_INDEPENDENCIA_HIDROGEOLOGICA_NAO_DEMONSTRADA"",""qualidade_documental"":""ALERTAS_DE_REVISAO_PRESENTES"",""temporal"":""EVIDENCIA_DATADA_PRESENTE_SEM_SERIE"",""vertical"":""PARCIAL_SEM_INTERVALO_CAPTADO_DEMONSTRADO""}"
SCALE-1000-O00-00052,1000,O00,1000.0000000000462,13,COM_POCO_NO_CONJUNTO_AUDITADO,10.486575824889906,1,Formação Serra Geral,100.0,1,Fraturada (Fr),100.0,False,False,0,0.0,0,0.0,4,30.76923076923077,1,7.6923076923076925,11,84.61538461538461,10,76.92307692307692,0,0.0,0,8,61.53846153846154,3,23.076923076923077,3,23.076923076923077,7,53.84615384615385,7,53.84615384615385,0,0.0,1,7.6923076923076925,0,0.0,1,1,1,7,53.84615384615385,0,0.0,24.408440967302543,0,0,0.0,0,0.0,0,0.0,12,92.3076923076923,12,92.3076923076923,0,0.0,4.0,SEM_ALERTA_OBJETIVO_DE_LOCALIZACAO,REVISAO_OU_UNKNOWN_PRESENTE,PARCIAL_SEM_INTERVALO_CAPTADO_DEMONSTRADO,ENSAIO_COM_METADADOS_MINIMOS_PRESENTE,EVIDENCIA_HIDROQUIMICA_PARCIAL_PRESENTE_SEM_QA_COMPLETO,EVIDENCIA_DATADA_PRESENTE_SEM_SERIE,UNKNOWN_INDEPENDENCIA_HIDROGEOLOGICA_NAO_DEMONSTRADA,ALERTAS_DE_REVISAO_PRESENTES,INCERTEZA_EXPLICITA_NAO_AGREGADA,UNKNOWN_HIDROESTRATIGRAFIA_EM_PARTE_DOS_POCOS|UNKNOWN_INDEPENDENCIA_HIDROGEOLOGICA|UNKNOWN_INTERVALO_CAPTADO|UNKNOWN_QA_HIDROQUIMICO_COMPLETO|UNKNOWN_SERIE_TEMPORAL,"{""espacial"":""SEM_ALERTA_OBJETIVO_DE_LOCALIZACAO"",""hidraulica"":""ENSAIO_COM_METADADOS_MINIMOS_PRESENTE"",""hidroestratigrafica"":""REVISAO_OU_UNKNOWN_PRESENTE"",""hidroquimica"":""EVIDENCIA_HIDROQUIMICA_PARCIAL_PRESENTE_SEM_QA_COMPLETO"",""incerteza"":""INCERTEZA_EXPLICITA_NAO_AGREGADA"",""independencia"":""UNKNOWN_INDEPENDENCIA_HIDROGEOLOGICA_NAO_DEMONSTRADA"",""qualidade_documental"":""ALERTAS_DE_REVISAO_PRESENTES"",""temporal"":""EVIDENCIA_DATADA_PRESENTE_SEM_SERIE"",""vertical"":""PARCIAL_SEM_INTERVALO_CAPTADO_DEMONSTRADO""}"
SCALE-1000-O00-00053,1000,O00,1000.0000000000462,22,COM_POCO_NO_CONJUNTO_AUDITADO,11.796070247373642,1,Formação Serra Geral,100.0,1,Fraturada (Fr),100.0,False,False,0,0.0,0,0.0,6,27.272727272727273,6,27.272727272727273,16,72.72727272727273,2,9.090909090909092,0,0.0,0,16,72.72727272727273,16,72.72727272727273,13,59.09090909090909,0,0.0,0,0.0,0,0.0,16,72.72727272727273,2,9.090909090909092,13,17,4,2,9.090909090909092,2,9.090909090909092,17.13108414272709,0,0,0.0,0,0.0,15,68.18181818181819,8,36.36363636363637,8,36.36363636363637,0,0.0,3.5,SEM_ALERTA_OBJETIVO_DE_LOCALIZACAO,REVISAO_OU_UNKNOWN_PRESENTE,PARCIAL_SEM_INTERVALO_CAPTADO_DEMONSTRADO,EVIDENCIA_HIDRAULICA_PARCIAL_PRESENTE,EVIDENCIA_HIDROQUIMICA_PARCIAL_PRESENTE_SEM_QA_COMPLETO,EVIDENCIA_DATADA_PRESENTE_SEM_SERIE,UNKNOWN_INDEPENDENCIA_HIDROGEOLOGICA_NAO_DEMONSTRADA,ALERTAS_DE_REVISAO_PRESENTES,INCERTEZA_EXPLICITA_NAO_AGREGADA,UNKNOWN_HIDROESTRATIGRAFIA_EM_PARTE_DOS_POCOS|UNKNOWN_INDEPENDENCIA_HIDROGEOLOGICA|UNKNOWN_INTERVALO_CAPTADO|UNKNOWN_QA_HIDROQUIMICO_COMPLETO|UNKNOWN_SERIE_TEMPORAL,"{""espacial"":""SEM_ALERTA_OBJETIVO_DE_LOCALIZACAO"",""hidraulica"":""EVIDENCIA_HIDRAULICA_PARCIAL_PRESENTE"",""hidroestratigrafica"":""REVISAO_OU_UNKNOWN_PRESENTE"",""hidroquimica"":""EVIDENCIA_HIDROQUIMICA_PARCIAL_PRESENTE_SEM_QA_COMPLETO"",""incerteza"":""INCERTEZA_EXPLICITA_NAO_AGREGADA"",""independencia"":""UNKNOWN_INDEPENDENCIA_HIDROGEOLOGICA_NAO_DEMONSTRADA"",""qualidade_documental"":""ALERTAS_DE_REVISAO_PRESENTES"",""temporal"":""EVIDENCIA_DATADA_PRESENTE_SEM_SERIE"",""vertical"":""PARCIAL_SEM_INTERVALO_CAPTADO_DEMONSTRADO""}"
SCALE-1000-O00-00054,1000,O00,1000.0000000000462,171,COM_POCO_NO_CONJUNTO_AUDITADO,5.186915711783405,1,Formação Serra Geral,99.99999999999999,1,Fraturada (Fr),99.99999999999999,False,False,3,1.7543859649122806,1,0.5847953216374269,29,16.95906432748538,0,0.0,156,91.2280701754386,50,29.239766081871345,10,5.847953216374269,0,143,83.62573099415205,141,82.45614035087719,134,78.3625730994152,29,16.95906432748538,29,16.95906432748538,0,0.0,89,52.046783625730995,10,5.847953216374269,83,95,5,50,29.239766081871345,8,4.678362573099415,25.203802952832703,0,2,1.1695906432748537,2,1.1695906432748537,127,74.26900584795321,68,39.76608187134503,70,40.93567251461988,0,0.0,4.0,COM_COORDENADA_OU_MUNICIPIO_EM_REVISAO,REVISAO_OU_UNKNOWN_PRESENTE,PARCIAL_SEM_INTERVALO_CAPTADO_DEMONSTRADO,ENSAIO_COM_METADADOS_MINIMOS_PRESENTE,EVIDENCIA_HIDROQUIMICA_PARCIAL_PRESENTE_SEM_QA_COMPLETO,EVIDENCIA_DATADA_PRESENTE_SEM_SERIE,UNKNOWN_INDEPENDENCIA_HIDROGEOLOGICA_NAO_DEMONSTRADA,ALERTAS_DE_REVISAO_PRESENTES,INCERTEZA_EXPLICITA_NAO_AGREGADA,UNKNOWN_HIDROESTRATIGRAFIA_EM_PARTE_DOS_POCOS|UNKNOWN_INDEPENDENCIA_HIDROGEOLOGICA|UNKNOWN_INTERVALO_CAPTADO|UNKNOWN_QA_HIDROQUIMICO_COMPLETO|UNKNOWN_SERIE_TEMPORAL,"{""espacial"":""COM_COORDENADA_OU_MUNICIPIO_EM_REVISAO"",""hidraulica"":""ENSAIO_COM_METADADOS_MINIMOS_PRESENTE"",""hidroestratigrafica"":""REVISAO_OU_UNKNOWN_PRESENTE"",""hidroquimica"":""EVIDENCIA_HIDROQUIMICA_PARCIAL_PRESENTE_SEM_QA_COMPLETO"",""incerteza"":""INCERTEZA_EXPLICITA_NAO_AGREGADA"",""independencia"":""UNKNOWN_INDEPENDENCIA_HIDROGEOLOGICA_NAO_DEMONSTRADA"",""qualidade_documental"":""ALERTAS_DE_REVISAO_PRESENTES"",""temporal"":""EVIDENCIA_DATADA_PRESENTE_SEM_SERIE"",""vertical"":""PARCIAL_SEM_INTERVALO_CAPTADO_DEMONSTRADO""}"
SCALE-1000-O00-00055,1000,O00,1000.0000000000462,51,COM_POCO_NO_CONJUNTO_AUDITADO,5.398175683293789,1,Formação Serra Geral,100.0,1,Fraturada (Fr),100.0,False,False,0,0.0,0,0.0,11,21.568627450980394,0,0.0,46,90.19607843137256,11,21.568627450980394,1,1.9607843137254901,0,44,86.27450980392157,44,86.27450980392157,44,86.27450980392157,6,11.764705882352942,6,11.764705882352942,0,0.0,35,68.62745098039215,4,7.8431372549019605,33,37,4,11,21.568627450980394,3,5.882352941176471,17.7005688001807,0,0,0.0,0,0.0,28,54.90196078431372,17,33.333333333333336,17,33.333333333333336,0,0.0,4.0,SEM_ALERTA_OBJETIVO_DE_LOCALIZACAO,REVISAO_OU_UNKNOWN_PRESENTE,PARCIAL_SEM_INTERVALO_CAPTADO_DEMONSTRADO,ENSAIO_COM_METADADOS_MINIMOS_PRESENTE,EVIDENCIA_HIDROQUIMICA_PARCIAL_PRESENTE_SEM_QA_COMPLETO,EVIDENCIA_DATADA_PRESENTE_SEM_SERIE,UNKNOWN_INDEPENDENCIA_HIDROGEOLOGICA_NAO_DEMONSTRADA,ALERTAS_DE_REVISAO_PRESENTES,INCERTEZA_EXPLICITA_NAO_AGREGADA,UNKNOWN_HIDROESTRATIGRAFIA_EM_PARTE_DOS_POCOS|UNKNOWN_INDEPENDENCIA_HIDROGEOLOGICA|UNKNOWN_INTERVALO_CAPTADO|UNKNOWN_QA_HIDROQUIMICO_COMPLETO|UNKNOWN_SERIE_TEMPORAL,"{""espacial"":""SEM_ALERTA_OBJETIVO_DE_LOCALIZACAO"",""hidraulica"":""ENSAIO_COM_METADADOS_MINIMOS_PRESENTE"",""hidroestratigrafica"":""REVISAO_OU_UNKNOWN_PRESENTE"",""hidroquimica"":""EVIDENCIA_HIDROQUIMICA_PARCIAL_PRESENTE_SEM_QA_COMPLETO"",""incerteza"":""INCERTEZA_EXPLICITA_NAO_AGREGADA"",""independencia"":""UNKNOWN_INDEPENDENCIA_HIDROGEOLOGICA_NAO_DEMONSTRADA"",""qualidade_documental"":""ALERTAS_DE_REVISAO_PRESENTES"",""temporal"":""EVIDENCIA_DATADA_PRESENTE_SEM_SERIE"",""vertical"":""PARCIAL_SEM_INTERVALO_CAPTADO_DEMONSTRADO""}"
SCALE-1000-O00-00056,1000,O00,1000.0000000000462,75,COM_POCO_NO_CONJUNTO_AUDITADO,5.269760568274101,2,Formação Serra Geral,58.48145791798936,2,Fraturada (Fr),58.48145791798936,False,False,0,0.0,0,0.0,8,10.666666666666666,47,62.666666666666664,69,92.0,21,28.0,4,5.333333333333333,0,69,92.0,69,92.0,69,92.0,9,12.0,9,12.0,1,1.3333333333333333,49,65.33333333333333,12,16.0,48,64,4,21,28.0,12,16.0,18.31385996974613,0,0,0.0,0,0.0,46,61.333333333333336,27,36.0,27,36.0,0,0.0,4.0,SEM_ALERTA_OBJETIVO_DE_LOCALIZACAO,REVISAO_OU_UNKNOWN_PRESENTE,PARCIAL_SEM_INTERVALO_CAPTADO_DEMONSTRADO,TRANSMISSIVIDADE_INFORMADA_NAO_VALIDADA_PRESENTE,EVIDENCIA_HIDROQUIMICA_PARCIAL_PRESENTE_SEM_QA_COMPLETO,EVIDENCIA_DATADA_PRESENTE_SEM_SERIE,UNKNOWN_INDEPENDENCIA_HIDROGEOLOGICA_NAO_DEMONSTRADA,ALERTAS_DE_REVISAO_PRESENTES,INCERTEZA_EXPLICITA_NAO_AGREGADA,UNKNOWN_HIDROESTRATIGRAFIA_EM_PARTE_DOS_POCOS|UNKNOWN_INDEPENDENCIA_HIDROGEOLOGICA|UNKNOWN_INTERVALO_CAPTADO|UNKNOWN_QA_HIDROQUIMICO_COMPLETO|UNKNOWN_SERIE_TEMPORAL,"{""espacial"":""SEM_ALERTA_OBJETIVO_DE_LOCALIZACAO"",""hidraulica"":""TRANSMISSIVIDADE_INFORMADA_NAO_VALIDADA_PRESENTE"",""hidroestratigrafica"":""REVISAO_OU_UNKNOWN_PRESENTE"",""hidroquimica"":""EVIDENCIA_HIDROQUIMICA_PARCIAL_PRESENTE_SEM_QA_COMPLETO"",""incerteza"":""INCERTEZA_EXPLICITA_NAO_AGREGADA"",""independencia"":""UNKNOWN_INDEPENDENCIA_HIDROGEOLOGICA_NAO_DEMONSTRADA"",""qualidade_documental"":""ALERTAS_DE_REVISAO_PRESENTES"",""temporal"":""EVIDENCIA_DATADA_PRESENTE_SEM_SERIE"",""vertical"":""PARCIAL_SEM_INTERVALO_CAPTADO_DEMONSTRADO""}"
SCALE-1000-O00-00057,1000,O00,1000.0000000000462,59,COM_POCO_NO_CONJUNTO_AUDITADO,6.081734824146959,1,Grupo Caiuá,100.0,1,Granular (Gr),100.0,False,False,0,0.0,0,0.0,5,8.474576271186441,19,32.20338983050848,54,91.52542372881356,29,49.152542372881356,5,8.474576271186441,0,54,91.52542372881356,54,91.52542372881356,50,84.7457627118644,22,37.28813559322034,22,37.28813559322034,1,1.694915254237288,37,62.71186440677966,12,20.338983050847457,36,49,5,29,49.152542372881356,12,20.338983050847457,21.988131173124703,0,0,0.0,0,0.0,40,67.79661016949153,34,57.6271186440678,34,57.6271186440678,0,0.0,4.0,SEM_ALERTA_OBJETIVO_DE_LOCALIZACAO,REVISAO_OU_UNKNOWN_PRESENTE,PARCIAL_SEM_INTERVALO_CAPTADO_DEMONSTRADO,TRANSMISSIVIDADE_INFORMADA_NAO_VALIDADA_PRESENTE,EVIDENCIA_HIDROQUIMICA_PARCIAL_PRESENTE_SEM_QA_COMPLETO,EVIDENCIA_DATADA_PRESENTE_SEM_SERIE,UNKNOWN_INDEPENDENCIA_HIDROGEOLOGICA_NAO_DEMONSTRADA,ALERTAS_DE_REVISAO_PRESENTES,INCERTEZA_EXPLICITA_NAO_AGREGADA,UNKNOWN_HIDROESTRATIGRAFIA_EM_PARTE_DOS_POCOS|UNKNOWN_INDEPENDENCIA_HIDROGEOLOGICA|UNKNOWN_INTERVALO_CAPTADO|UNKNOWN_QA_HIDROQUIMICO_COMPLETO|UNKNOWN_SERIE_TEMPORAL,"{""espacial"":""SEM_ALERTA_OBJETIVO_DE_LOCALIZACAO"",""hidraulica"":""TRANSMISSIVIDADE_INFORMADA_NAO_VALIDADA_PRESENTE"",""hidroestratigrafica"":""REVISAO_OU_UNKNOWN_PRESENTE"",""hidroquimica"":""EVIDENCIA_HIDROQUIMICA_PARCIAL_PRESENTE_SEM_QA_COMPLETO"",""incerteza"":""INCERTEZA_EXPLICITA_NAO_AGREGADA"",""independencia"":""UNKNOWN_INDEPENDENCIA_HIDROGEOLOGICA_NAO_DEMONSTRADA"",""qualidade_documental"":""ALERTAS_DE_REVISAO_PRESENTES"",""temporal"":""EVIDENCIA_DATADA_PRESENTE_SEM_SERIE"",""vertical"":""PARCIAL_SEM_INTERVALO_CAPTADO_DEMONSTRADO""}"
SCALE-1000-O00-00058,1000,O00,1000.0000000000393,9,COM_POCO_NO_CONJUNTO_AUDITADO,13.534541961298814,2,Grupo Caiuá,99.75910418412552,1,Granular (Gr),100.0,False,False,0,0.0,0,0.0,2,22.22222222222222,0,0.0,9,100.0,6,66.66666666666667,1,11.11111111111111,0,8,88.88888888888889,8,88.88888888888889,8,88.88888888888889,5,55.55555555555556,5,55.55555555555556,1,11.11111111111111,6,66.66666666666667,5,55.55555555555556,7,13,6,7,77.77777777777777,5,55.55555555555556,18.100303223201024,0,0,0.0,0,0.0,6,66.66666666666667,7,77.77777777777777,7,77.77777777777777,0,0.0,4.0,SEM_ALERTA_OBJETIVO_DE_LOCALIZACAO,REVISAO_OU_UNKNOWN_PRESENTE,PARCIAL_SEM_INTERVALO_CAPTADO_DEMONSTRADO,TRANSMISSIVIDADE_INFORMADA_NAO_VALIDADA_PRESENTE,EVIDENCIA_HIDROQUIMICA_PARCIAL_PRESENTE_SEM_QA_COMPLETO,EVIDENCIA_DATADA_PRESENTE_SEM_SERIE,UNKNOWN_INDEPENDENCIA_HIDROGEOLOGICA_NAO_DEMONSTRADA,ALERTAS_DE_REVISAO_PRESENTES,INCERTEZA_EXPLICITA_NAO_AGREGADA,UNKNOWN_HIDROESTRATIGRAFIA_EM_PARTE_DOS_POCOS|UNKNOWN_INDEPENDENCIA_HIDROGEOLOGICA|UNKNOWN_INTERVALO_CAPTADO|UNKNOWN_QA_HIDROQUIMICO_COMPLETO|UNKNOWN_SERIE_TEMPORAL,"{""espacial"":""SEM_ALERTA_OBJETIVO_DE_LOCALIZACAO"",""hidraulica"":""TRANSMISSIVIDADE_INFORMADA_NAO_VALIDADA_PRESENTE"",""hidroestratigrafica"":""REVISAO_OU_UNKNOWN_PRESENTE"",""hidroquimica"":""EVIDENCIA_HIDROQUIMICA_PARCIAL_PRESENTE_SEM_QA_COMPLETO"",""incerteza"":""INCERTEZA_EXPLICITA_NAO_AGREGADA"",""independencia"":""UNKNOWN_INDEPENDENCIA_HIDROGEOLOGICA_NAO_DEMONSTRADA"",""qualidade_documental"":""ALERTAS_DE_REVISAO_PRESENTES"",""temporal"":""EVIDENCIA_DATADA_PRESENTE_SEM_SERIE"",""vertical"":""PARCIAL_SEM_INTERVALO_CAPTADO_DEMONSTRADO""}"
SCALE-1000-O00-00059,1000,O00,1000.0000000000462,72,COM_POCO_NO_CONJUNTO_AUDITADO,12.203786038058789,2,Grupo Caiuá,98.69987571001738,1,Granular (Gr),100.0,False,False,5,6.944444444444445,0,0.0,8,11.11111111111111,39,54.166666666666664,71,98.61111111111111,42,58.333333333333336,1,1.3888888888888888,0,65,90.27777777777777,65,90.27777777777777,60,83.33333333333333,25,34.72222222222222,25,34.72222222222222,0,0.0,39,54.166666666666664,15,20.833333333333332,38,67,6,40,55.55555555555556,12,16.666666666666668,19.278972189709574,0,4,5.555555555555555,2,2.7777777777777777,63,87.5,44,61.111111111111114,44,61.111111111111114,0,0.0,4.0,COM_COORDENADA_OU_MUNICIPIO_EM_REVISAO,REVISAO_OU_UNKNOWN_PRESENTE,PARCIAL_SEM_INTERVALO_CAPTADO_DEMONSTRADO,ENSAIO_COM_METADADOS_MINIMOS_PRESENTE,EVIDENCIA_HIDROQUIMICA_PARCIAL_PRESENTE_SEM_QA_COMPLETO,EVIDENCIA_DATADA_PRESENTE_SEM_SERIE,UNKNOWN_INDEPENDENCIA_HIDROGEOLOGICA_NAO_DEMONSTRADA,ALERTAS_DE_REVISAO_PRESENTES,INCERTEZA_EXPLICITA_NAO_AGREGADA,UNKNOWN_HIDROESTRATIGRAFIA_EM_PARTE_DOS_POCOS|UNKNOWN_INDEPENDENCIA_HIDROGEOLOGICA|UNKNOWN_INTERVALO_CAPTADO|UNKNOWN_QA_HIDROQUIMICO_COMPLETO|UNKNOWN_SERIE_TEMPORAL,"{""espacial"":""COM_COORDENADA_OU_MUNICIPIO_EM_REVISAO"",""hidraulica"":""ENSAIO_COM_METADADOS_MINIMOS_PRESENTE"",""hidroestratigrafica"":""REVISAO_OU_UNKNOWN_PRESENTE"",""hidroquimica"":""EVIDENCIA_HIDROQUIMICA_PARCIAL_PRESENTE_SEM_QA_COMPLETO"",""incerteza"":""INCERTEZA_EXPLICITA_NAO_AGREGADA"",""independencia"":""UNKNOWN_INDEPENDENCIA_HIDROGEOLOGICA_NAO_DEMONSTRADA"",""qualidade_documental"":""ALERTAS_DE_REVISAO_PRESENTES"",""temporal"":""EVIDENCIA_DATADA_PRESENTE_SEM_SERIE"",""vertical"":""PARCIAL_SEM_INTERVALO_CAPTADO_DEMONSTRADO""}"
SCALE-1000-O00-00060,1000,O00,943.5329997275843,2,COM_POCO_NO_CONJUNTO_AUDITADO,16.747627699502832,2,Grupo Caiuá,65.70545157455467,1,Granular (Gr),100.0,False,False,0,0.0,0,0.0,0,0.0,2,100.0,2,100.0,0,0.0,0,0.0,0,2,100.0,2,100.0,1,50.0,0,0.0,0,0.0,0,0.0,2,100.0,0,0.0,2,2,1,0,0.0,0,0.0,,0,0,0.0,0,0.0,0,0.0,0,0.0,0,0.0,0,0.0,3.5,SEM_ALERTA_OBJETIVO_DE_LOCALIZACAO,REVISAO_OU_UNKNOWN_PRESENTE,PARCIAL_SEM_INTERVALO_CAPTADO_DEMONSTRADO,EVIDENCIA_HIDRAULICA_PARCIAL_PRESENTE,EVIDENCIA_HIDROQUIMICA_PARCIAL_PRESENTE_SEM_QA_COMPLETO,UNKNOWN_SEM_EVIDENCIA_DATADA_E_SEM_SERIE,UNKNOWN_INDEPENDENCIA_HIDROGEOLOGICA_NAO_DEMONSTRADA,SEM_ALERTA_OBJETIVO_NAS_REGRAS_ATUAIS,INCERTEZA_EXPLICITA_NAO_AGREGADA,UNKNOWN_EVIDENCIA_DATADA|UNKNOWN_INDEPENDENCIA_HIDROGEOLOGICA|UNKNOWN_INTERVALO_CAPTADO|UNKNOWN_QA_HIDROQUIMICO_COMPLETO|UNKNOWN_SERIE_TEMPORAL,"{""espacial"":""SEM_ALERTA_OBJETIVO_DE_LOCALIZACAO"",""hidraulica"":""EVIDENCIA_HIDRAULICA_PARCIAL_PRESENTE"",""hidroestratigrafica"":""REVISAO_OU_UNKNOWN_PRESENTE"",""hidroquimica"":""EVIDENCIA_HIDROQUIMICA_PARCIAL_PRESENTE_SEM_QA_COMPLETO"",""incerteza"":""INCERTEZA_EXPLICITA_NAO_AGREGADA"",""independencia"":""UNKNOWN_INDEPENDENCIA_HIDROGEOLOGICA_NAO_DEMONSTRADA"",""qualidade_documental"":""SEM_ALERTA_OBJETIVO_NAS_REGRAS_ATUAIS"",""temporal"":""UNKNOWN_SEM_EVIDENCIA_DATADA_E_SEM_SERIE"",""vertical"":""PARCIAL_SEM_INTERVALO_CAPTADO_DEMONSTRADO""}"
SCALE-1000-O00-00061,1000,O00,360.4977730914926,1,COM_POCO_NO_CONJUNTO_AUDITADO,14.141857221420699,2,Depósitos aluvionares,78.33767842814184,1,Granular (Gr),100.0,True,False,0,0.0,0,0.0,0,0.0,1,100.0,1,100.0,0,0.0,0,0.0,0,1,100.0,1,100.0,1,100.0,0,0.0,0,0.0,0,0.0,1,100.0,0,0.0,1,1,1,0,0.0,0,0.0,,0,0,0.0,0,0.0,0,0.0,0,0.0,0,0.0,0,0.0,4.0,SEM_ALERTA_OBJETIVO_DE_LOCALIZACAO,REVISAO_OU_UNKNOWN_PRESENTE,PARCIAL_SEM_INTERVALO_CAPTADO_DEMONSTRADO,EVIDENCIA_HIDRAULICA_PARCIAL_PRESENTE,EVIDENCIA_HIDROQUIMICA_PARCIAL_PRESENTE_SEM_QA_COMPLETO,UNKNOWN_SEM_EVIDENCIA_DATADA_E_SEM_SERIE,UNKNOWN_INDEPENDENCIA_HIDROGEOLOGICA_NAO_DEMONSTRADA,SEM_ALERTA_OBJETIVO_NAS_REGRAS_ATUAIS,INCERTEZA_EXPLICITA_NAO_AGREGADA,MASCARAMENTO_HIDROESTRATIGRAFICO_POSSIVEL|UNKNOWN_EVIDENCIA_DATADA|UNKNOWN_INDEPENDENCIA_HIDROGEOLOGICA|UNKNOWN_INTERVALO_CAPTADO|UNKNOWN_QA_HIDROQUIMICO_COMPLETO|UNKNOWN_SERIE_TEMPORAL,"{""espacial"":""SEM_ALERTA_OBJETIVO_DE_LOCALIZACAO"",""hidraulica"":""EVIDENCIA_HIDRAULICA_PARCIAL_PRESENTE"",""hidroestratigrafica"":""REVISAO_OU_UNKNOWN_PRESENTE"",""hidroquimica"":""EVIDENCIA_HIDROQUIMICA_PARCIAL_PRESENTE_SEM_QA_COMPLETO"",""incerteza"":""INCERTEZA_EXPLICITA_NAO_AGREGADA"",""independencia"":""UNKNOWN_INDEPENDENCIA_HIDROGEOLOGICA_NAO_DEMONSTRADA"",""qualidade_documental"":""SEM_ALERTA_OBJETIVO_NAS_REGRAS_ATUAIS"",""temporal"":""UNKNOWN_SEM_EVIDENCIA_DATADA_E_SEM_SERIE"",""vertical"":""PARCIAL_SEM_INTERVALO_CAPTADO_DEMONSTRADO""}"
SCALE-1000-O00-00062,1000,O00,353.03593296457507,0,SEM_POCO_NO_CONJUNTO_AUDITADO,51.973357027036634,3,Depósitos aluvionares,61.43573977388115,2,Granular (Gr),97.00778740494849,False,False,0,,0,,0,,0,,0,,0,,0,,0,0,,0,,0,,0,,0,,0,,0,,0,,0,0,0,0,,0,,,0,0,,0,,0,,0,,0,,0,,,SEM_POCO_NO_CONJUNTO_AUDITADO,UNKNOWN_SEM_POCO_PARA_AVALIACAO_LOCAL,UNKNOWN_SEM_POCO_PARA_AVALIACAO_VERTICAL,UNKNOWN_SEM_POCO_PARA_AVALIACAO_HIDRAULICA,UNKNOWN_SEM_POCO_PARA_AVALIACAO_HIDROQUIMICA,UNKNOWN_SEM_POCO_PARA_AVALIACAO_TEMPORAL,UNKNOWN_INDEPENDENCIA_HIDROGEOLOGICA_NAO_DEMONSTRADA,UNKNOWN_SEM_POCO_PARA_AVALIACAO_DOCUMENTAL,INCERTEZA_EXPLICITA_NAO_AGREGADA,UNKNOWN_SEM_POCO_NO_CONJUNTO_AUDITADO,"{""espacial"":""SEM_POCO_NO_CONJUNTO_AUDITADO"",""hidraulica"":""UNKNOWN_SEM_POCO_PARA_AVALIACAO_HIDRAULICA"",""hidroestratigrafica"":""UNKNOWN_SEM_POCO_PARA_AVALIACAO_LOCAL"",""hidroquimica"":""UNKNOWN_SEM_POCO_PARA_AVALIACAO_HIDROQUIMICA"",""incerteza"":""INCERTEZA_EXPLICITA_NAO_AGREGADA"",""independencia"":""UNKNOWN_INDEPENDENCIA_HIDROGEOLOGICA_NAO_DEMONSTRADA"",""qualidade_documental"":""UNKNOWN_SEM_POCO_PARA_AVALIACAO_DOCUMENTAL"",""temporal"":""UNKNOWN_SEM_POCO_PARA_AVALIACAO_TEMPORAL"",""vertical"":""UNKNOWN_SEM_POCO_PARA_AVALIACAO_VERTICAL""}"
SCALE-1000-O00-00063,1000,O00,932.8256835049933,0,SEM_POCO_NO_CONJUNTO_AUDITADO,35.03020040952699,3,Formação Pantanal,70.87623448898321,2,Granular (Gr),77.25983021243569,False,False,0,,0,,0,,0,,0,,0,,0,,0,0,,0,,0,,0,,0,,0,,0,,0,,0,0,0,0,,0,,,0,0,,0,,0,,0,,0,,0,,,SEM_POCO_NO_CONJUNTO_AUDITADO,UNKNOWN_SEM_POCO_PARA_AVALIACAO_LOCAL,UNKNOWN_SEM_POCO_PARA_AVALIACAO_VERTICAL,UNKNOWN_SEM_POCO_PARA_AVALIACAO_HIDRAULICA,UNKNOWN_SEM_POCO_PARA_AVALIACAO_HIDROQUIMICA,UNKNOWN_SEM_POCO_PARA_AVALIACAO_TEMPORAL,UNKNOWN_INDEPENDENCIA_HIDROGEOLOGICA_NAO_DEMONSTRADA,UNKNOWN_SEM_POCO_PARA_AVALIACAO_DOCUMENTAL,INCERTEZA_EXPLICITA_NAO_AGREGADA,UNKNOWN_SEM_POCO_NO_CONJUNTO_AUDITADO,"{""espacial"":""SEM_POCO_NO_CONJUNTO_AUDITADO"",""hidraulica"":""UNKNOWN_SEM_POCO_PARA_AVALIACAO_HIDRAULICA"",""hidroestratigrafica"":""UNKNOWN_SEM_POCO_PARA_AVALIACAO_LOCAL"",""hidroquimica"":""UNKNOWN_SEM_POCO_PARA_AVALIACAO_HIDROQUIMICA"",""incerteza"":""INCERTEZA_EXPLICITA_NAO_AGREGADA"",""independencia"":""UNKNOWN_INDEPENDENCIA_HIDROGEOLOGICA_NAO_DEMONSTRADA"",""qualidade_documental"":""UNKNOWN_SEM_POCO_PARA_AVALIACAO_DOCUMENTAL"",""temporal"":""UNKNOWN_SEM_POCO_PARA_AVALIACAO_TEMPORAL"",""vertical"":""UNKNOWN_SEM_POCO_PARA_AVALIACAO_VERTICAL""}"
SCALE-1000-O00-00064,1000,O00,1000.0000000000462,1,COM_POCO_NO_CONJUNTO_AUDITADO,21.251668673385797,3,Embasamento Indiferenciado,68.45766320012936,2,Fraturada (Fr),68.45766320012935,True,True,0,0.0,0,0.0,0,0.0,1,100.0,1,100.0,1,100.0,0,0.0,0,1,100.0,1,100.0,0,0.0,0,0.0,0,0.0,0,0.0,1,100.0,1,100.0,1,2,2,1,100.0,1,100.0,15.72106203412801,0,0,0.0,0,0.0,0,0.0,1,100.0,1,100.0,0,0.0,4.0,SEM_ALERTA_OBJETIVO_DE_LOCALIZACAO,REVISAO_OU_UNKNOWN_PRESENTE,PARCIAL_SEM_INTERVALO_CAPTADO_DEMONSTRADO,EVIDENCIA_HIDRAULICA_PARCIAL_PRESENTE,EVIDENCIA_HIDROQUIMICA_PARCIAL_PRESENTE_SEM_QA_COMPLETO,EVIDENCIA_DATADA_PRESENTE_SEM_SERIE,UNKNOWN_INDEPENDENCIA_HIDROGEOLOGICA_NAO_DEMONSTRADA,ALERTAS_DE_REVISAO_PRESENTES,INCERTEZA_EXPLICITA_NAO_AGREGADA,MASCARAMENTO_HIDROESTRATIGRAFICO_POSSIVEL|UNKNOWN_INDEPENDENCIA_HIDROGEOLOGICA|UNKNOWN_INTERVALO_CAPTADO|UNKNOWN_QA_HIDROQUIMICO_COMPLETO|UNKNOWN_SERIE_TEMPORAL,"{""espacial"":""SEM_ALERTA_OBJETIVO_DE_LOCALIZACAO"",""hidraulica"":""EVIDENCIA_HIDRAULICA_PARCIAL_PRESENTE"",""hidroestratigrafica"":""REVISAO_OU_UNKNOWN_PRESENTE"",""hidroquimica"":""EVIDENCIA_HIDROQUIMICA_PARCIAL_PRESENTE_SEM_QA_COMPLETO"",""incerteza"":""INCERTEZA_EXPLICITA_NAO_AGREGADA"",""independencia"":""UNKNOWN_INDEPENDENCIA_HIDROGEOLOGICA_NAO_DEMONSTRADA"",""qualidade_documental"":""ALERTAS_DE_REVISAO_PRESENTES"",""temporal"":""EVIDENCIA_DATADA_PRESENTE_SEM_SERIE"",""vertical"":""PARCIAL_SEM_INTERVALO_CAPTADO_DEMONSTRADO""}"
SCALE-1000-O00-00065,1000,O00,1000.0000000000462,16,COM_POCO_NO_CONJUNTO_AUDITADO,14.816538940500646,1,Embasamento Indiferenciado,100.0,1,Fraturada (Fr),100.0,False,False,2,12.5,0,0.0,6,37.5,0,0.0,16,100.0,11,68.75,0,0.0,0,14,87.5,14,87.5,14,87.5,8,50.0,8,50.0,0,0.0,5,31.25,0,0.0,4,4,1,9,56.25,0,0.0,24.41117887430953,0,4,25.0,2,12.5,13,81.25,11,68.75,11,68.75,0,0.0,3.5,COM_COORDENADA_OU_MUNICIPIO_EM_REVISAO,REVISAO_OU_UNKNOWN_PRESENTE,PARCIAL_SEM_INTERVALO_CAPTADO_DEMONSTRADO,ENSAIO_COM_METADADOS_MINIMOS_PRESENTE,EVIDENCIA_HIDROQUIMICA_PARCIAL_PRESENTE_SEM_QA_COMPLETO,EVIDENCIA_DATADA_PRESENTE_SEM_SERIE,UNKNOWN_INDEPENDENCIA_HIDROGEOLOGICA_NAO_DEMONSTRADA,ALERTAS_DE_REVISAO_PRESENTES,INCERTEZA_EXPLICITA_NAO_AGREGADA,UNKNOWN_HIDROESTRATIGRAFIA_EM_PARTE_DOS_POCOS|UNKNOWN_INDEPENDENCIA_HIDROGEOLOGICA|UNKNOWN_INTERVALO_CAPTADO|UNKNOWN_QA_HIDROQUIMICO_COMPLETO|UNKNOWN_SERIE_TEMPORAL,"{""espacial"":""COM_COORDENADA_OU_MUNICIPIO_EM_REVISAO"",""hidraulica"":""ENSAIO_COM_METADADOS_MINIMOS_PRESENTE"",""hidroestratigrafica"":""REVISAO_OU_UNKNOWN_PRESENTE"",""hidroquimica"":""EVIDENCIA_HIDROQUIMICA_PARCIAL_PRESENTE_SEM_QA_COMPLETO"",""incerteza"":""INCERTEZA_EXPLICITA_NAO_AGREGADA"",""independencia"":""UNKNOWN_INDEPENDENCIA_HIDROGEOLOGICA_NAO_DEMONSTRADA"",""qualidade_documental"":""ALERTAS_DE_REVISAO_PRESENTES"",""temporal"":""EVIDENCIA_DATADA_PRESENTE_SEM_SERIE"",""vertical"":""PARCIAL_SEM_INTERVALO_CAPTADO_DEMONSTRADO""}"
SCALE-1000-O00-00066,1000,O00,1000.0000000000462,2,COM_POCO_NO_CONJUNTO_AUDITADO,13.503710351312217,3,Formação Aquidauana,52.338973777197246,3,Granular (Gr),52.338973777197246,False,False,0,0.0,0,0.0,1,50.0,0,0.0,2,100.0,1,50.0,0,0.0,0,2,100.0,2,100.0,2,100.0,1,50.0,1,50.0,0,0.0,1,50.0,0,0.0,1,1,1,1,50.0,0,0.0,20.610963948609484,0,0,0.0,0,0.0,0,0.0,1,50.0,1,50.0,0,0.0,3.5,SEM_ALERTA_OBJETIVO_DE_LOCALIZACAO,REVISAO_OU_UNKNOWN_PRESENTE,PARCIAL_SEM_INTERVALO_CAPTADO_DEMONSTRADO,ENSAIO_COM_METADADOS_MINIMOS_PRESENTE,EVIDENCIA_HIDROQUIMICA_PARCIAL_PRESENTE_SEM_QA_COMPLETO,EVIDENCIA_DATADA_PRESENTE_SEM_SERIE,UNKNOWN_INDEPENDENCIA_HIDROGEOLOGICA_NAO_DEMONSTRADA,ALERTAS_DE_REVISAO_PRESENTES,INCERTEZA_EXPLICITA_NAO_AGREGADA,UNKNOWN_HIDROESTRATIGRAFIA_EM_PARTE_DOS_POCOS|UNKNOWN_INDEPENDENCIA_HIDROGEOLOGICA|UNKNOWN_INTERVALO_CAPTADO|UNKNOWN_QA_HIDROQUIMICO_COMPLETO|UNKNOWN_SERIE_TEMPORAL,"{""espacial"":""SEM_ALERTA_OBJETIVO_DE_LOCALIZACAO"",""hidraulica"":""ENSAIO_COM_METADADOS_MINIMOS_PRESENTE"",""hidroestratigrafica"":""REVISAO_OU_UNKNOWN_PRESENTE"",""hidroquimica"":""EVIDENCIA_HIDROQUIMICA_PARCIAL_PRESENTE_SEM_QA_COMPLETO"",""incerteza"":""INCERTEZA_EXPLICITA_NAO_AGREGADA"",""independencia"":""UNKNOWN_INDEPENDENCIA_HIDROGEOLOGICA_NAO_DEMONSTRADA"",""qualidade_documental"":""ALERTAS_DE_REVISAO_PRESENTES"",""temporal"":""EVIDENCIA_DATADA_PRESENTE_SEM_SERIE"",""vertical"":""PARCIAL_SEM_INTERVALO_CAPTADO_DEMONSTRADO""}"
SCALE-1000-O00-00067,1000,O00,916.1050630474981,3,COM_POCO_NO_CONJUNTO_AUDITADO,17.18873995995337,2,Formação Aquidauana,81.73442648820223,1,Granular (Gr),100.0,False,False,0,0.0,0,0.0,3,100.0,0,0.0,3,100.0,0,0.0,0,0.0,0,3,100.0,3,100.0,3,100.0,0,0.0,0,0.0,0,0.0,3,100.0,0,0.0,2,2,1,0,0.0,0,0.0,,0,0,0.0,0,0.0,0,0.0,0,0.0,0,0.0,0,0.0,3.0,SEM_ALERTA_OBJETIVO_DE_LOCALIZACAO,REVISAO_OU_UNKNOWN_PRESENTE,PARCIAL_SEM_INTERVALO_CAPTADO_DEMONSTRADO,EVIDENCIA_HIDRAULICA_PARCIAL_PRESENTE,EVIDENCIA_HIDROQUIMICA_PARCIAL_PRESENTE_SEM_QA_COMPLETO,UNKNOWN_SEM_EVIDENCIA_DATADA_E_SEM_SERIE,UNKNOWN_INDEPENDENCIA_HIDROGEOLOGICA_NAO_DEMONSTRADA,SEM_ALERTA_OBJETIVO_NAS_REGRAS_ATUAIS,INCERTEZA_EXPLICITA_NAO_AGREGADA,UNKNOWN_EVIDENCIA_DATADA|UNKNOWN_HIDROESTRATIGRAFIA_EM_PARTE_DOS_POCOS|UNKNOWN_INDEPENDENCIA_HIDROGEOLOGICA|UNKNOWN_INTERVALO_CAPTADO|UNKNOWN_QA_HIDROQUIMICO_COMPLETO|UNKNOWN_SERIE_TEMPORAL,"{""espacial"":""SEM_ALERTA_OBJETIVO_DE_LOCALIZACAO"",""hidraulica"":""EVIDENCIA_HIDRAULICA_PARCIAL_PRESENTE"",""hidroestratigrafica"":""REVISAO_OU_UNKNOWN_PRESENTE"",""hidroquimica"":""EVIDENCIA_HIDROQUIMICA_PARCIAL_PRESENTE_SEM_QA_COMPLETO"",""incerteza"":""INCERTEZA_EXPLICITA_NAO_AGREGADA"",""independencia"":""UNKNOWN_INDEPENDENCIA_HIDROGEOLOGICA_NAO_DEMONSTRADA"",""qualidade_documental"":""SEM_ALERTA_OBJETIVO_NAS_REGRAS_ATUAIS"",""temporal"":""UNKNOWN_SEM_EVIDENCIA_DATADA_E_SEM_SERIE"",""vertical"":""PARCIAL_SEM_INTERVALO_CAPTADO_DEMONSTRADO""}"
SCALE-1000-O00-00068,1000,O00,1000.0000000000462,2,COM_POCO_NO_CONJUNTO_AUDITADO,16.18530535949902,3,Formação Serra Geral,74.4938587109459,2,Fraturada (Fr),74.4938587109459,False,False,0,0.0,0,0.0,1,50.0,0,0.0,1,50.0,0,0.0,0,0.0,0,1,50.0,1,50.0,1,50.0,0,0.0,0,0.0,0,0.0,1,50.0,0,0.0,1,1,1,0,0.0,0,0.0,,0,0,0.0,0,0.0,0,0.0,1,50.0,1,50.0,0,0.0,2.0,SEM_ALERTA_OBJETIVO_DE_LOCALIZACAO,REVISAO_OU_UNKNOWN_PRESENTE,PARCIAL_SEM_INTERVALO_CAPTADO_DEMONSTRADO,EVIDENCIA_HIDRAULICA_PARCIAL_PRESENTE,EVIDENCIA_HIDROQUIMICA_PARCIAL_PRESENTE_SEM_QA_COMPLETO,UNKNOWN_SEM_EVIDENCIA_DATADA_E_SEM_SERIE,UNKNOWN_INDEPENDENCIA_HIDROGEOLOGICA_NAO_DEMONSTRADA,ALERTAS_DE_REVISAO_PRESENTES,INCERTEZA_EXPLICITA_NAO_AGREGADA,UNKNOWN_EVIDENCIA_DATADA|UNKNOWN_HIDROESTRATIGRAFIA_EM_PARTE_DOS_POCOS|UNKNOWN_INDEPENDENCIA_HIDROGEOLOGICA|UNKNOWN_INTERVALO_CAPTADO|UNKNOWN_QA_HIDROQUIMICO_COMPLETO|UNKNOWN_SERIE_TEMPORAL,"{""espacial"":""SEM_ALERTA_OBJETIVO_DE_LOCALIZACAO"",""hidraulica"":""EVIDENCIA_HIDRAULICA_PARCIAL_PRESENTE"",""hidroestratigrafica"":""REVISAO_OU_UNKNOWN_PRESENTE"",""hidroquimica"":""EVIDENCIA_HIDROQUIMICA_PARCIAL_PRESENTE_SEM_QA_COMPLETO"",""incerteza"":""INCERTEZA_EXPLICITA_NAO_AGREGADA"",""independencia"":""UNKNOWN_INDEPENDENCIA_HIDROGEOLOGICA_NAO_DEMONSTRADA"",""qualidade_documental"":""ALERTAS_DE_REVISAO_PRESENTES"",""temporal"":""UNKNOWN_SEM_EVIDENCIA_DATADA_E_SEM_SERIE"",""vertical"":""PARCIAL_SEM_INTERVALO_CAPTADO_DEMONSTRADO""}"
SCALE-1000-O00-00069,1000,O00,1000.0000000000462,0,SEM_POCO_NO_CONJUNTO_AUDITADO,19.127014757639902,2,Grupo Caiuá,61.61287610447249,2,Granular (Gr),61.61287610447249,False,False,0,,0,,0,,0,,0,,0,,0,,0,0,,0,,0,,0,,0,,0,,0,,0,,0,0,0,0,,0,,,0,0,,0,,0,,0,,0,,0,,,SEM_POCO_NO_CONJUNTO_AUDITADO,UNKNOWN_SEM_POCO_PARA_AVALIACAO_LOCAL,UNKNOWN_SEM_POCO_PARA_AVALIACAO_VERTICAL,UNKNOWN_SEM_POCO_PARA_AVALIACAO_HIDRAULICA,UNKNOWN_SEM_POCO_PARA_AVALIACAO_HIDROQUIMICA,UNKNOWN_SEM_POCO_PARA_AVALIACAO_TEMPORAL,UNKNOWN_INDEPENDENCIA_HIDROGEOLOGICA_NAO_DEMONSTRADA,UNKNOWN_SEM_POCO_PARA_AVALIACAO_DOCUMENTAL,INCERTEZA_EXPLICITA_NAO_AGREGADA,UNKNOWN_SEM_POCO_NO_CONJUNTO_AUDITADO,"{""espacial"":""SEM_POCO_NO_CONJUNTO_AUDITADO"",""hidraulica"":""UNKNOWN_SEM_POCO_PARA_AVALIACAO_HIDRAULICA"",""hidroestratigrafica"":""UNKNOWN_SEM_POCO_PARA_AVALIACAO_LOCAL"",""hidroquimica"":""UNKNOWN_SEM_POCO_PARA_AVALIACAO_HIDROQUIMICA"",""incerteza"":""INCERTEZA_EXPLICITA_NAO_AGREGADA"",""independencia"":""UNKNOWN_INDEPENDENCIA_HIDROGEOLOGICA_NAO_DEMONSTRADA"",""qualidade_documental"":""UNKNOWN_SEM_POCO_PARA_AVALIACAO_DOCUMENTAL"",""temporal"":""UNKNOWN_SEM_POCO_PARA_AVALIACAO_TEMPORAL"",""vertical"":""UNKNOWN_SEM_POCO_PARA_AVALIACAO_VERTICAL""}"
SCALE-1000-O00-00070,1000,O00,1000.0000000000462,4,COM_POCO_NO_CONJUNTO_AUDITADO,12.6424252779905,2,Formação Serra Geral,64.1798896135911,2,Fraturada (Fr),64.1798896135911,False,False,0,0.0,0,0.0,0,0.0,1,25.0,4,100.0,2,50.0,1,25.0,0,4,100.0,4,100.0,4,100.0,1,25.0,1,25.0,0,0.0,3,75.0,1,25.0,4,5,3,2,50.0,1,25.0,16.16870982977063,0,0,0.0,0,0.0,1,25.0,2,50.0,2,50.0,0,0.0,4.0,SEM_ALERTA_OBJETIVO_DE_LOCALIZACAO,REVISAO_OU_UNKNOWN_PRESENTE,PARCIAL_SEM_INTERVALO_CAPTADO_DEMONSTRADO,ENSAIO_COM_METADADOS_MINIMOS_PRESENTE,EVIDENCIA_HIDROQUIMICA_PARCIAL_PRESENTE_SEM_QA_COMPLETO,EVIDENCIA_DATADA_PRESENTE_SEM_SERIE,UNKNOWN_INDEPENDENCIA_HIDROGEOLOGICA_NAO_DEMONSTRADA,ALERTAS_DE_REVISAO_PRESENTES,INCERTEZA_EXPLICITA_NAO_AGREGADA,UNKNOWN_INDEPENDENCIA_HIDROGEOLOGICA|UNKNOWN_INTERVALO_CAPTADO|UNKNOWN_QA_HIDROQUIMICO_COMPLETO|UNKNOWN_SERIE_TEMPORAL,"{""espacial"":""SEM_ALERTA_OBJETIVO_DE_LOCALIZACAO"",""hidraulica"":""ENSAIO_COM_METADADOS_MINIMOS_PRESENTE"",""hidroestratigrafica"":""REVISAO_OU_UNKNOWN_PRESENTE"",""hidroquimica"":""EVIDENCIA_HIDROQUIMICA_PARCIAL_PRESENTE_SEM_QA_COMPLETO"",""incerteza"":""INCERTEZA_EXPLICITA_NAO_AGREGADA"",""independencia"":""UNKNOWN_INDEPENDENCIA_HIDROGEOLOGICA_NAO_DEMONSTRADA"",""qualidade_documental"":""ALERTAS_DE_REVISAO_PRESENTES"",""temporal"":""EVIDENCIA_DATADA_PRESENTE_SEM_SERIE"",""vertical"":""PARCIAL_SEM_INTERVALO_CAPTADO_DEMONSTRADO""}"
SCALE-1000-O00-00071,1000,O00,1000.0000000000462,7,COM_POCO_NO_CONJUNTO_AUDITADO,10.462069388732228,2,Formação Serra Geral,85.76970763465143,2,Fraturada (Fr),85.76970763465143,False,False,0,0.0,0,0.0,0,0.0,5,71.42857142857143,7,100.0,0,0.0,0,0.0,0,7,100.0,7,100.0,7,100.0,0,0.0,0,0.0,0,0.0,6,85.71428571428571,0,0.0,6,6,1,0,0.0,0,0.0,,0,0,0.0,0,0.0,3,42.857142857142854,0,0.0,0,0.0,0,0.0,4.0,SEM_ALERTA_OBJETIVO_DE_LOCALIZACAO,REVISAO_OU_UNKNOWN_PRESENTE,PARCIAL_SEM_INTERVALO_CAPTADO_DEMONSTRADO,EVIDENCIA_HIDRAULICA_PARCIAL_PRESENTE,EVIDENCIA_HIDROQUIMICA_PARCIAL_PRESENTE_SEM_QA_COMPLETO,UNKNOWN_SEM_EVIDENCIA_DATADA_E_SEM_SERIE,UNKNOWN_INDEPENDENCIA_HIDROGEOLOGICA_NAO_DEMONSTRADA,SEM_ALERTA_OBJETIVO_NAS_REGRAS_ATUAIS,INCERTEZA_EXPLICITA_NAO_AGREGADA,UNKNOWN_EVIDENCIA_DATADA|UNKNOWN_INDEPENDENCIA_HIDROGEOLOGICA|UNKNOWN_INTERVALO_CAPTADO|UNKNOWN_QA_HIDROQUIMICO_COMPLETO|UNKNOWN_SERIE_TEMPORAL,"{""espacial"":""SEM_ALERTA_OBJETIVO_DE_LOCALIZACAO"",""hidraulica"":""EVIDENCIA_HIDRAULICA_PARCIAL_PRESENTE"",""hidroestratigrafica"":""REVISAO_OU_UNKNOWN_PRESENTE"",""hidroquimica"":""EVIDENCIA_HIDROQUIMICA_PARCIAL_PRESENTE_SEM_QA_COMPLETO"",""incerteza"":""INCERTEZA_EXPLICITA_NAO_AGREGADA"",""independencia"":""UNKNOWN_INDEPENDENCIA_HIDROGEOLOGICA_NAO_DEMONSTRADA"",""qualidade_documental"":""SEM_ALERTA_OBJETIVO_NAS_REGRAS_ATUAIS"",""temporal"":""UNKNOWN_SEM_EVIDENCIA_DATADA_E_SEM_SERIE"",""vertical"":""PARCIAL_SEM_INTERVALO_CAPTADO_DEMONSTRADO""}"
SCALE-1000-O00-00072,1000,O00,1000.0000000000462,105,COM_POCO_NO_CONJUNTO_AUDITADO,4.611905157396581,1,Formação Serra Geral,100.0,1,Fraturada (Fr),100.0,False,False,0,0.0,0,0.0,10,9.523809523809524,3,2.857142857142857,96,91.42857142857143,36,34.285714285714285,11,10.476190476190476,0,94,89.52380952380952,93,88.57142857142857,89,84.76190476190476,15,14.285714285714286,15,14.285714285714286,0,0.0,63,60.0,14,13.333333333333334,59,73,5,37,35.23809523809524,12,11.428571428571429,17.00514042040562,0,0,0.0,0,0.0,69,65.71428571428571,47,44.76190476190476,46,43.80952380952381,0,0.0,4.0,SEM_ALERTA_OBJETIVO_DE_LOCALIZACAO,REVISAO_OU_UNKNOWN_PRESENTE,PARCIAL_SEM_INTERVALO_CAPTADO_DEMONSTRADO,ENSAIO_COM_METADADOS_MINIMOS_PRESENTE,EVIDENCIA_HIDROQUIMICA_PARCIAL_PRESENTE_SEM_QA_COMPLETO,EVIDENCIA_DATADA_PRESENTE_SEM_SERIE,UNKNOWN_INDEPENDENCIA_HIDROGEOLOGICA_NAO_DEMONSTRADA,ALERTAS_DE_REVISAO_PRESENTES,INCERTEZA_EXPLICITA_NAO_AGREGADA,UNKNOWN_HIDROESTRATIGRAFIA_EM_PARTE_DOS_POCOS|UNKNOWN_INDEPENDENCIA_HIDROGEOLOGICA|UNKNOWN_INTERVALO_CAPTADO|UNKNOWN_QA_HIDROQUIMICO_COMPLETO|UNKNOWN_SERIE_TEMPORAL,"{""espacial"":""SEM_ALERTA_OBJETIVO_DE_LOCALIZACAO"",""hidraulica"":""ENSAIO_COM_METADADOS_MINIMOS_PRESENTE"",""hidroestratigrafica"":""REVISAO_OU_UNKNOWN_PRESENTE"",""hidroquimica"":""EVIDENCIA_HIDROQUIMICA_PARCIAL_PRESENTE_SEM_QA_COMPLETO"",""incerteza"":""INCERTEZA_EXPLICITA_NAO_AGREGADA"",""independencia"":""UNKNOWN_INDEPENDENCIA_HIDROGEOLOGICA_NAO_DEMONSTRADA"",""qualidade_documental"":""ALERTAS_DE_REVISAO_PRESENTES"",""temporal"":""EVIDENCIA_DATADA_PRESENTE_SEM_SERIE"",""vertical"":""PARCIAL_SEM_INTERVALO_CAPTADO_DEMONSTRADO""}"
SCALE-1000-O00-00073,1000,O00,1000.0000000000462,31,COM_POCO_NO_CONJUNTO_AUDITADO,6.536656456376625,2,Formação Serra Geral,99.81124374635623,2,Fraturada (Fr),99.81124374635623,False,False,0,0.0,0,0.0,14,45.16129032258065,0,0.0,17,54.83870967741935,7,22.580645161290324,2,6.451612903225806,0,17,54.83870967741935,16,51.61290322580645,16,51.61290322580645,4,12.903225806451612,4,12.903225806451612,1,3.225806451612903,12,38.70967741935484,3,9.67741935483871,13,14,4,7,22.580645161290324,3,9.67741935483871,19.157135327898587,0,0,0.0,0,0.0,16,51.61290322580645,21,67.74193548387096,21,67.74193548387096,0,0.0,3.0,SEM_ALERTA_OBJETIVO_DE_LOCALIZACAO,REVISAO_OU_UNKNOWN_PRESENTE,PARCIAL_SEM_INTERVALO_CAPTADO_DEMONSTRADO,TRANSMISSIVIDADE_INFORMADA_NAO_VALIDADA_PRESENTE,EVIDENCIA_HIDROQUIMICA_PARCIAL_PRESENTE_SEM_QA_COMPLETO,EVIDENCIA_DATADA_PRESENTE_SEM_SERIE,UNKNOWN_INDEPENDENCIA_HIDROGEOLOGICA_NAO_DEMONSTRADA,ALERTAS_DE_REVISAO_PRESENTES,INCERTEZA_EXPLICITA_NAO_AGREGADA,UNKNOWN_HIDROESTRATIGRAFIA_EM_PARTE_DOS_POCOS|UNKNOWN_INDEPENDENCIA_HIDROGEOLOGICA|UNKNOWN_INTERVALO_CAPTADO|UNKNOWN_QA_HIDROQUIMICO_COMPLETO|UNKNOWN_SERIE_TEMPORAL,"{""espacial"":""SEM_ALERTA_OBJETIVO_DE_LOCALIZACAO"",""hidraulica"":""TRANSMISSIVIDADE_INFORMADA_NAO_VALIDADA_PRESENTE"",""hidroestratigrafica"":""REVISAO_OU_UNKNOWN_PRESENTE"",""hidroquimica"":""EVIDENCIA_HIDROQUIMICA_PARCIAL_PRESENTE_SEM_QA_COMPLETO"",""incerteza"":""INCERTEZA_EXPLICITA_NAO_AGREGADA"",""independencia"":""UNKNOWN_INDEPENDENCIA_HIDROGEOLOGICA_NAO_DEMONSTRADA"",""qualidade_documental"":""ALERTAS_DE_REVISAO_PRESENTES"",""temporal"":""EVIDENCIA_DATADA_PRESENTE_SEM_SERIE"",""vertical"":""PARCIAL_SEM_INTERVALO_CAPTADO_DEMONSTRADO""}"
SCALE-1000-O00-00074,1000,O00,1000.0000000000462,8,COM_POCO_NO_CONJUNTO_AUDITADO,10.894091254021825,2,Grupo Caiuá,68.14020332145338,2,Granular (Gr),68.14020332145338,False,False,0,0.0,0,0.0,1,12.5,4,50.0,8,100.0,6,75.0,1,12.5,0,8,100.0,8,100.0,8,100.0,2,25.0,2,25.0,0,0.0,4,50.0,2,25.0,4,6,3,6,75.0,2,25.0,21.38852953859422,0,0,0.0,0,0.0,5,62.5,6,75.0,6,75.0,0,0.0,4.0,SEM_ALERTA_OBJETIVO_DE_LOCALIZACAO,REVISAO_OU_UNKNOWN_PRESENTE,PARCIAL_SEM_INTERVALO_CAPTADO_DEMONSTRADO,ENSAIO_COM_METADADOS_MINIMOS_PRESENTE,EVIDENCIA_HIDROQUIMICA_PARCIAL_PRESENTE_SEM_QA_COMPLETO,EVIDENCIA_DATADA_PRESENTE_SEM_SERIE,UNKNOWN_INDEPENDENCIA_HIDROGEOLOGICA_NAO_DEMONSTRADA,ALERTAS_DE_REVISAO_PRESENTES,INCERTEZA_EXPLICITA_NAO_AGREGADA,UNKNOWN_HIDROESTRATIGRAFIA_EM_PARTE_DOS_POCOS|UNKNOWN_INDEPENDENCIA_HIDROGEOLOGICA|UNKNOWN_INTERVALO_CAPTADO|UNKNOWN_QA_HIDROQUIMICO_COMPLETO|UNKNOWN_SERIE_TEMPORAL,"{""espacial"":""SEM_ALERTA_OBJETIVO_DE_LOCALIZACAO"",""hidraulica"":""ENSAIO_COM_METADADOS_MINIMOS_PRESENTE"",""hidroestratigrafica"":""REVISAO_OU_UNKNOWN_PRESENTE"",""hidroquimica"":""EVIDENCIA_HIDROQUIMICA_PARCIAL_PRESENTE_SEM_QA_COMPLETO"",""incerteza"":""INCERTEZA_EXPLICITA_NAO_AGREGADA"",""independencia"":""UNKNOWN_INDEPENDENCIA_HIDROGEOLOGICA_NAO_DEMONSTRADA"",""qualidade_documental"":""ALERTAS_DE_REVISAO_PRESENTES"",""temporal"":""EVIDENCIA_DATADA_PRESENTE_SEM_SERIE"",""vertical"":""PARCIAL_SEM_INTERVALO_CAPTADO_DEMONSTRADO""}"
SCALE-1000-O00-00075,1000,O00,1000.0000000000462,31,COM_POCO_NO_CONJUNTO_AUDITADO,11.412730836190375,2,Grupo Caiuá,99.61814243509592,2,Granular (Gr),99.61814243509592,False,False,4,12.903225806451612,0,0.0,5,16.129032258064516,12,38.70967741935484,30,96.7741935483871,19,61.29032258064516,2,6.451612903225806,0,28,90.3225806451613,28,90.3225806451613,28,90.3225806451613,17,54.83870967741935,14,45.16129032258065,0,0.0,16,51.61290322580645,7,22.580645161290324,18,29,4,17,54.83870967741935,7,22.580645161290324,30.45647754574016,0,4,12.903225806451612,4,12.903225806451612,22,70.96774193548387,21,67.74193548387096,21,67.74193548387096,0,0.0,4.0,COM_COORDENADA_OU_MUNICIPIO_EM_REVISAO,REVISAO_OU_UNKNOWN_PRESENTE,PARCIAL_SEM_INTERVALO_CAPTADO_DEMONSTRADO,ENSAIO_COM_METADADOS_MINIMOS_PRESENTE,EVIDENCIA_HIDROQUIMICA_PARCIAL_PRESENTE_SEM_QA_COMPLETO,EVIDENCIA_DATADA_PRESENTE_SEM_SERIE,UNKNOWN_INDEPENDENCIA_HIDROGEOLOGICA_NAO_DEMONSTRADA,ALERTAS_DE_REVISAO_PRESENTES,INCERTEZA_EXPLICITA_NAO_AGREGADA,UNKNOWN_HIDROESTRATIGRAFIA_EM_PARTE_DOS_POCOS|UNKNOWN_INDEPENDENCIA_HIDROGEOLOGICA|UNKNOWN_INTERVALO_CAPTADO|UNKNOWN_QA_HIDROQUIMICO_COMPLETO|UNKNOWN_SERIE_TEMPORAL,"{""espacial"":""COM_COORDENADA_OU_MUNICIPIO_EM_REVISAO"",""hidraulica"":""ENSAIO_COM_METADADOS_MINIMOS_PRESENTE"",""hidroestratigrafica"":""REVISAO_OU_UNKNOWN_PRESENTE"",""hidroquimica"":""EVIDENCIA_HIDROQUIMICA_PARCIAL_PRESENTE_SEM_QA_COMPLETO"",""incerteza"":""INCERTEZA_EXPLICITA_NAO_AGREGADA"",""independencia"":""UNKNOWN_INDEPENDENCIA_HIDROGEOLOGICA_NAO_DEMONSTRADA"",""qualidade_documental"":""ALERTAS_DE_REVISAO_PRESENTES"",""temporal"":""EVIDENCIA_DATADA_PRESENTE_SEM_SERIE"",""vertical"":""PARCIAL_SEM_INTERVALO_CAPTADO_DEMONSTRADO""}"
SCALE-1000-O00-00076,1000,O00,1000.0000000000462,11,COM_POCO_NO_CONJUNTO_AUDITADO,12.59052852203581,1,Grupo Caiuá,100.0,1,Granular (Gr),100.0,False,False,0,0.0,0,0.0,0,0.0,4,36.36363636363637,11,100.0,7,63.63636363636363,0,0.0,0,11,100.0,11,100.0,10,90.9090909090909,2,18.181818181818183,2,18.181818181818183,0,0.0,11,100.0,7,63.63636363636363,13,26,5,7,63.63636363636363,7,63.63636363636363,16.99145088537068,0,0,0.0,0,0.0,6,54.54545454545455,7,63.63636363636363,7,63.63636363636363,0,0.0,5.0,SEM_ALERTA_OBJETIVO_DE_LOCALIZACAO,REVISAO_OU_UNKNOWN_PRESENTE,PARCIAL_SEM_INTERVALO_CAPTADO_DEMONSTRADO,ENSAIO_COM_METADADOS_MINIMOS_PRESENTE,EVIDENCIA_HIDROQUIMICA_PARCIAL_PRESENTE_SEM_QA_COMPLETO,EVIDENCIA_DATADA_PRESENTE_SEM_SERIE,UNKNOWN_INDEPENDENCIA_HIDROGEOLOGICA_NAO_DEMONSTRADA,ALERTAS_DE_REVISAO_PRESENTES,INCERTEZA_EXPLICITA_NAO_AGREGADA,UNKNOWN_INDEPENDENCIA_HIDROGEOLOGICA|UNKNOWN_INTERVALO_CAPTADO|UNKNOWN_QA_HIDROQUIMICO_COMPLETO|UNKNOWN_SERIE_TEMPORAL,"{""espacial"":""SEM_ALERTA_OBJETIVO_DE_LOCALIZACAO"",""hidraulica"":""ENSAIO_COM_METADADOS_MINIMOS_PRESENTE"",""hidroestratigrafica"":""REVISAO_OU_UNKNOWN_PRESENTE"",""hidroquimica"":""EVIDENCIA_HIDROQUIMICA_PARCIAL_PRESENTE_SEM_QA_COMPLETO"",""incerteza"":""INCERTEZA_EXPLICITA_NAO_AGREGADA"",""independencia"":""UNKNOWN_INDEPENDENCIA_HIDROGEOLOGICA_NAO_DEMONSTRADA"",""qualidade_documental"":""ALERTAS_DE_REVISAO_PRESENTES"",""temporal"":""EVIDENCIA_DATADA_PRESENTE_SEM_SERIE"",""vertical"":""PARCIAL_SEM_INTERVALO_CAPTADO_DEMONSTRADO""}"
SCALE-1000-O00-00077,1000,O00,1000.0000000000462,0,SEM_POCO_NO_CONJUNTO_AUDITADO,22.9609766300204,1,Grupo Caiuá,100.0,1,Granular (Gr),100.0,False,False,0,,0,,0,,0,,0,,0,,0,,0,0,,0,,0,,0,,0,,0,,0,,0,,0,0,0,0,,0,,,0,0,,0,,0,,0,,0,,0,,,SEM_POCO_NO_CONJUNTO_AUDITADO,UNKNOWN_SEM_POCO_PARA_AVALIACAO_LOCAL,UNKNOWN_SEM_POCO_PARA_AVALIACAO_VERTICAL,UNKNOWN_SEM_POCO_PARA_AVALIACAO_HIDRAULICA,UNKNOWN_SEM_POCO_PARA_AVALIACAO_HIDROQUIMICA,UNKNOWN_SEM_POCO_PARA_AVALIACAO_TEMPORAL,UNKNOWN_INDEPENDENCIA_HIDROGEOLOGICA_NAO_DEMONSTRADA,UNKNOWN_SEM_POCO_PARA_AVALIACAO_DOCUMENTAL,INCERTEZA_EXPLICITA_NAO_AGREGADA,UNKNOWN_SEM_POCO_NO_CONJUNTO_AUDITADO,"{""espacial"":""SEM_POCO_NO_CONJUNTO_AUDITADO"",""hidraulica"":""UNKNOWN_SEM_POCO_PARA_AVALIACAO_HIDRAULICA"",""hidroestratigrafica"":""UNKNOWN_SEM_POCO_PARA_AVALIACAO_LOCAL"",""hidroquimica"":""UNKNOWN_SEM_POCO_PARA_AVALIACAO_HIDROQUIMICA"",""incerteza"":""INCERTEZA_EXPLICITA_NAO_AGREGADA"",""independencia"":""UNKNOWN_INDEPENDENCIA_HIDROGEOLOGICA_NAO_DEMONSTRADA"",""qualidade_documental"":""UNKNOWN_SEM_POCO_PARA_AVALIACAO_DOCUMENTAL"",""temporal"":""UNKNOWN_SEM_POCO_PARA_AVALIACAO_TEMPORAL"",""vertical"":""UNKNOWN_SEM_POCO_PARA_AVALIACAO_VERTICAL""}"
SCALE-1000-O00-00078,1000,O00,1000.0000000000462,14,COM_POCO_NO_CONJUNTO_AUDITADO,18.325586839910528,1,Grupo Caiuá,100.0,1,Granular (Gr),100.0,False,False,2,14.285714285714286,0,0.0,4,28.571428571428573,2,14.285714285714286,14,100.0,11,78.57142857142857,0,0.0,0,13,92.85714285714286,13,92.85714285714286,13,92.85714285714286,7,50.0,7,50.0,0,0.0,7,50.0,5,35.714285714285715,8,11,3,10,71.42857142857143,5,35.714285714285715,30.45647754574016,0,2,14.285714285714286,2,14.285714285714286,12,85.71428571428571,12,85.71428571428571,12,85.71428571428571,0,0.0,4.0,COM_COORDENADA_OU_MUNICIPIO_EM_REVISAO,REVISAO_OU_UNKNOWN_PRESENTE,PARCIAL_SEM_INTERVALO_CAPTADO_DEMONSTRADO,ENSAIO_COM_METADADOS_MINIMOS_PRESENTE,EVIDENCIA_HIDROQUIMICA_PARCIAL_PRESENTE_SEM_QA_COMPLETO,EVIDENCIA_DATADA_PRESENTE_SEM_SERIE,UNKNOWN_INDEPENDENCIA_HIDROGEOLOGICA_NAO_DEMONSTRADA,ALERTAS_DE_REVISAO_PRESENTES,INCERTEZA_EXPLICITA_NAO_AGREGADA,UNKNOWN_HIDROESTRATIGRAFIA_EM_PARTE_DOS_POCOS|UNKNOWN_INDEPENDENCIA_HIDROGEOLOGICA|UNKNOWN_INTERVALO_CAPTADO|UNKNOWN_QA_HIDROQUIMICO_COMPLETO|UNKNOWN_SERIE_TEMPORAL,"{""espacial"":""COM_COORDENADA_OU_MUNICIPIO_EM_REVISAO"",""hidraulica"":""ENSAIO_COM_METADADOS_MINIMOS_PRESENTE"",""hidroestratigrafica"":""REVISAO_OU_UNKNOWN_PRESENTE"",""hidroquimica"":""EVIDENCIA_HIDROQUIMICA_PARCIAL_PRESENTE_SEM_QA_COMPLETO"",""incerteza"":""INCERTEZA_EXPLICITA_NAO_AGREGADA"",""independencia"":""UNKNOWN_INDEPENDENCIA_HIDROGEOLOGICA_NAO_DEMONSTRADA"",""qualidade_documental"":""ALERTAS_DE_REVISAO_PRESENTES"",""temporal"":""EVIDENCIA_DATADA_PRESENTE_SEM_SERIE"",""vertical"":""PARCIAL_SEM_INTERVALO_CAPTADO_DEMONSTRADO""}"
SCALE-1000-O00-00079,1000,O00,698.7739665584388,3,COM_POCO_NO_CONJUNTO_AUDITADO,15.491351586084694,2,Depósitos aluvionares,51.64130518558783,1,Granular (Gr),100.0,True,False,0,0.0,0,0.0,1,33.333333333333336,1,33.333333333333336,3,100.0,1,33.333333333333336,0,0.0,0,3,100.0,3,100.0,3,100.0,1,33.333333333333336,1,33.333333333333336,0,0.0,3,100.0,1,33.333333333333336,3,4,3,1,33.333333333333336,1,33.333333333333336,42.84824465937015,0,0,0.0,0,0.0,2,66.66666666666667,1,33.333333333333336,1,33.333333333333336,0,0.0,4.0,SEM_ALERTA_OBJETIVO_DE_LOCALIZACAO,REVISAO_OU_UNKNOWN_PRESENTE,PARCIAL_SEM_INTERVALO_CAPTADO_DEMONSTRADO,ENSAIO_COM_METADADOS_MINIMOS_PRESENTE,EVIDENCIA_HIDROQUIMICA_PARCIAL_PRESENTE_SEM_QA_COMPLETO,EVIDENCIA_DATADA_PRESENTE_SEM_SERIE,UNKNOWN_INDEPENDENCIA_HIDROGEOLOGICA_NAO_DEMONSTRADA,ALERTAS_DE_REVISAO_PRESENTES,INCERTEZA_EXPLICITA_NAO_AGREGADA,MASCARAMENTO_HIDROESTRATIGRAFICO_POSSIVEL|UNKNOWN_HIDROESTRATIGRAFIA_EM_PARTE_DOS_POCOS|UNKNOWN_INDEPENDENCIA_HIDROGEOLOGICA|UNKNOWN_INTERVALO_CAPTADO|UNKNOWN_QA_HIDROQUIMICO_COMPLETO|UNKNOWN_SERIE_TEMPORAL,"{""espacial"":""SEM_ALERTA_OBJETIVO_DE_LOCALIZACAO"",""hidraulica"":""ENSAIO_COM_METADADOS_MINIMOS_PRESENTE"",""hidroestratigrafica"":""REVISAO_OU_UNKNOWN_PRESENTE"",""hidroquimica"":""EVIDENCIA_HIDROQUIMICA_PARCIAL_PRESENTE_SEM_QA_COMPLETO"",""incerteza"":""INCERTEZA_EXPLICITA_NAO_AGREGADA"",""independencia"":""UNKNOWN_INDEPENDENCIA_HIDROGEOLOGICA_NAO_DEMONSTRADA"",""qualidade_documental"":""ALERTAS_DE_REVISAO_PRESENTES"",""temporal"":""EVIDENCIA_DATADA_PRESENTE_SEM_SERIE"",""vertical"":""PARCIAL_SEM_INTERVALO_CAPTADO_DEMONSTRADO""}"
SCALE-1000-O00-00080,1000,O00,842.6840263248815,0,SEM_POCO_NO_CONJUNTO_AUDITADO,62.30102120417425,3,Formação Pantanal,67.85850760275459,2,Granular (Gr),99.92864643799332,False,False,0,,0,,0,,0,,0,,0,,0,,0,0,,0,,0,,0,,0,,0,,0,,0,,0,0,0,0,,0,,,0,0,,0,,0,,0,,0,,0,,,SEM_POCO_NO_CONJUNTO_AUDITADO,UNKNOWN_SEM_POCO_PARA_AVALIACAO_LOCAL,UNKNOWN_SEM_POCO_PARA_AVALIACAO_VERTICAL,UNKNOWN_SEM_POCO_PARA_AVALIACAO_HIDRAULICA,UNKNOWN_SEM_POCO_PARA_AVALIACAO_HIDROQUIMICA,UNKNOWN_SEM_POCO_PARA_AVALIACAO_TEMPORAL,UNKNOWN_INDEPENDENCIA_HIDROGEOLOGICA_NAO_DEMONSTRADA,UNKNOWN_SEM_POCO_PARA_AVALIACAO_DOCUMENTAL,INCERTEZA_EXPLICITA_NAO_AGREGADA,UNKNOWN_SEM_POCO_NO_CONJUNTO_AUDITADO,"{""espacial"":""SEM_POCO_NO_CONJUNTO_AUDITADO"",""hidraulica"":""UNKNOWN_SEM_POCO_PARA_AVALIACAO_HIDRAULICA"",""hidroestratigrafica"":""UNKNOWN_SEM_POCO_PARA_AVALIACAO_LOCAL"",""hidroquimica"":""UNKNOWN_SEM_POCO_PARA_AVALIACAO_HIDROQUIMICA"",""incerteza"":""INCERTEZA_EXPLICITA_NAO_AGREGADA"",""independencia"":""UNKNOWN_INDEPENDENCIA_HIDROGEOLOGICA_NAO_DEMONSTRADA"",""qualidade_documental"":""UNKNOWN_SEM_POCO_PARA_AVALIACAO_DOCUMENTAL"",""temporal"":""UNKNOWN_SEM_POCO_PARA_AVALIACAO_TEMPORAL"",""vertical"":""UNKNOWN_SEM_POCO_PARA_AVALIACAO_VERTICAL""}"
SCALE-1000-O00-00081,1000,O00,1000.0000000000462,0,SEM_POCO_NO_CONJUNTO_AUDITADO,46.14048582223811,2,Embasamento Indiferenciado,63.91994885894009,2,Fraturada (Fr),63.91994885894009,False,False,0,,0,,0,,0,,0,,0,,0,,0,0,,0,,0,,0,,0,,0,,0,,0,,0,0,0,0,,0,,,0,0,,0,,0,,0,,0,,0,,,SEM_POCO_NO_CONJUNTO_AUDITADO,UNKNOWN_SEM_POCO_PARA_AVALIACAO_LOCAL,UNKNOWN_SEM_POCO_PARA_AVALIACAO_VERTICAL,UNKNOWN_SEM_POCO_PARA_AVALIACAO_HIDRAULICA,UNKNOWN_SEM_POCO_PARA_AVALIACAO_HIDROQUIMICA,UNKNOWN_SEM_POCO_PARA_AVALIACAO_TEMPORAL,UNKNOWN_INDEPENDENCIA_HIDROGEOLOGICA_NAO_DEMONSTRADA,UNKNOWN_SEM_POCO_PARA_AVALIACAO_DOCUMENTAL,INCERTEZA_EXPLICITA_NAO_AGREGADA,UNKNOWN_SEM_POCO_NO_CONJUNTO_AUDITADO,"{""espacial"":""SEM_POCO_NO_CONJUNTO_AUDITADO"",""hidraulica"":""UNKNOWN_SEM_POCO_PARA_AVALIACAO_HIDRAULICA"",""hidroestratigrafica"":""UNKNOWN_SEM_POCO_PARA_AVALIACAO_LOCAL"",""hidroquimica"":""UNKNOWN_SEM_POCO_PARA_AVALIACAO_HIDROQUIMICA"",""incerteza"":""INCERTEZA_EXPLICITA_NAO_AGREGADA"",""independencia"":""UNKNOWN_INDEPENDENCIA_HIDROGEOLOGICA_NAO_DEMONSTRADA"",""qualidade_documental"":""UNKNOWN_SEM_POCO_PARA_AVALIACAO_DOCUMENTAL"",""temporal"":""UNKNOWN_SEM_POCO_PARA_AVALIACAO_TEMPORAL"",""vertical"":""UNKNOWN_SEM_POCO_PARA_AVALIACAO_VERTICAL""}"
SCALE-1000-O00-00082,1000,O00,1000.0000000000462,0,SEM_POCO_NO_CONJUNTO_AUDITADO,37.81234246309567,2,Embasamento Indiferenciado,92.98355002864696,2,Fraturada (Fr),92.98355002864696,False,False,0,,0,,0,,0,,0,,0,,0,,0,0,,0,,0,,0,,0,,0,,0,,0,,0,0,0,0,,0,,,0,0,,0,,0,,0,,0,,0,,,SEM_POCO_NO_CONJUNTO_AUDITADO,UNKNOWN_SEM_POCO_PARA_AVALIACAO_LOCAL,UNKNOWN_SEM_POCO_PARA_AVALIACAO_VERTICAL,UNKNOWN_SEM_POCO_PARA_AVALIACAO_HIDRAULICA,UNKNOWN_SEM_POCO_PARA_AVALIACAO_HIDROQUIMICA,UNKNOWN_SEM_POCO_PARA_AVALIACAO_TEMPORAL,UNKNOWN_INDEPENDENCIA_HIDROGEOLOGICA_NAO_DEMONSTRADA,UNKNOWN_SEM_POCO_PARA_AVALIACAO_DOCUMENTAL,INCERTEZA_EXPLICITA_NAO_AGREGADA,UNKNOWN_SEM_POCO_NO_CONJUNTO_AUDITADO,"{""espacial"":""SEM_POCO_NO_CONJUNTO_AUDITADO"",""hidraulica"":""UNKNOWN_SEM_POCO_PARA_AVALIACAO_HIDRAULICA"",""hidroestratigrafica"":""UNKNOWN_SEM_POCO_PARA_AVALIACAO_LOCAL"",""hidroquimica"":""UNKNOWN_SEM_POCO_PARA_AVALIACAO_HIDROQUIMICA"",""incerteza"":""INCERTEZA_EXPLICITA_NAO_AGREGADA"",""independencia"":""UNKNOWN_INDEPENDENCIA_HIDROGEOLOGICA_NAO_DEMONSTRADA"",""qualidade_documental"":""UNKNOWN_SEM_POCO_PARA_AVALIACAO_DOCUMENTAL"",""temporal"":""UNKNOWN_SEM_POCO_PARA_AVALIACAO_TEMPORAL"",""vertical"":""UNKNOWN_SEM_POCO_PARA_AVALIACAO_VERTICAL""}"
SCALE-1000-O00-00083,1000,O00,1000.0000000000462,1,COM_POCO_NO_CONJUNTO_AUDITADO,16.08434477947741,2,Embasamento Indiferenciado,74.64558245745197,2,Fraturada (Fr),74.64558245745197,False,False,0,0.0,0,0.0,0,0.0,1,100.0,1,100.0,1,100.0,0,0.0,0,1,100.0,1,100.0,1,100.0,0,0.0,0,0.0,0,0.0,0,0.0,0,0.0,0,0,0,1,100.0,0,0.0,16.89562414012608,0,0,0.0,0,0.0,0,0.0,1,100.0,1,100.0,0,0.0,4.0,SEM_ALERTA_OBJETIVO_DE_LOCALIZACAO,REVISAO_OU_UNKNOWN_PRESENTE,PARCIAL_SEM_INTERVALO_CAPTADO_DEMONSTRADO,EVIDENCIA_HIDRAULICA_PARCIAL_PRESENTE,UNKNOWN_SEM_EVIDENCIA_HIDROQUIMICA_NO_CONJUNTO,EVIDENCIA_DATADA_PRESENTE_SEM_SERIE,UNKNOWN_INDEPENDENCIA_HIDROGEOLOGICA_NAO_DEMONSTRADA,ALERTAS_DE_REVISAO_PRESENTES,INCERTEZA_EXPLICITA_NAO_AGREGADA,UNKNOWN_EVIDENCIA_HIDROQUIMICA|UNKNOWN_INDEPENDENCIA_HIDROGEOLOGICA|UNKNOWN_INTERVALO_CAPTADO|UNKNOWN_QA_HIDROQUIMICO_COMPLETO|UNKNOWN_SERIE_TEMPORAL,"{""espacial"":""SEM_ALERTA_OBJETIVO_DE_LOCALIZACAO"",""hidraulica"":""EVIDENCIA_HIDRAULICA_PARCIAL_PRESENTE"",""hidroestratigrafica"":""REVISAO_OU_UNKNOWN_PRESENTE"",""hidroquimica"":""UNKNOWN_SEM_EVIDENCIA_HIDROQUIMICA_NO_CONJUNTO"",""incerteza"":""INCERTEZA_EXPLICITA_NAO_AGREGADA"",""independencia"":""UNKNOWN_INDEPENDENCIA_HIDROGEOLOGICA_NAO_DEMONSTRADA"",""qualidade_documental"":""ALERTAS_DE_REVISAO_PRESENTES"",""temporal"":""EVIDENCIA_DATADA_PRESENTE_SEM_SERIE"",""vertical"":""PARCIAL_SEM_INTERVALO_CAPTADO_DEMONSTRADO""}"
SCALE-1000-O00-00084,1000,O00,1000.0000000000462,0,SEM_POCO_NO_CONJUNTO_AUDITADO,22.86518874248747,4,Formação Aquidauana,76.83640932077363,2,Granular (Gr),78.19902178392438,False,False,0,,0,,0,,0,,0,,0,,0,,0,0,,0,,0,,0,,0,,0,,0,,0,,0,0,0,0,,0,,,0,0,,0,,0,,0,,0,,0,,,SEM_POCO_NO_CONJUNTO_AUDITADO,UNKNOWN_SEM_POCO_PARA_AVALIACAO_LOCAL,UNKNOWN_SEM_POCO_PARA_AVALIACAO_VERTICAL,UNKNOWN_SEM_POCO_PARA_AVALIACAO_HIDRAULICA,UNKNOWN_SEM_POCO_PARA_AVALIACAO_HIDROQUIMICA,UNKNOWN_SEM_POCO_PARA_AVALIACAO_TEMPORAL,UNKNOWN_INDEPENDENCIA_HIDROGEOLOGICA_NAO_DEMONSTRADA,UNKNOWN_SEM_POCO_PARA_AVALIACAO_DOCUMENTAL,INCERTEZA_EXPLICITA_NAO_AGREGADA,UNKNOWN_SEM_POCO_NO_CONJUNTO_AUDITADO,"{""espacial"":""SEM_POCO_NO_CONJUNTO_AUDITADO"",""hidraulica"":""UNKNOWN_SEM_POCO_PARA_AVALIACAO_HIDRAULICA"",""hidroestratigrafica"":""UNKNOWN_SEM_POCO_PARA_AVALIACAO_LOCAL"",""hidroquimica"":""UNKNOWN_SEM_POCO_PARA_AVALIACAO_HIDROQUIMICA"",""incerteza"":""INCERTEZA_EXPLICITA_NAO_AGREGADA"",""independencia"":""UNKNOWN_INDEPENDENCIA_HIDROGEOLOGICA_NAO_DEMONSTRADA"",""qualidade_documental"":""UNKNOWN_SEM_POCO_PARA_AVALIACAO_DOCUMENTAL"",""temporal"":""UNKNOWN_SEM_POCO_PARA_AVALIACAO_TEMPORAL"",""vertical"":""UNKNOWN_SEM_POCO_PARA_AVALIACAO_VERTICAL""}"
SCALE-1000-O00-00085,1000,O00,1000.0000000000462,6,COM_POCO_NO_CONJUNTO_AUDITADO,10.491986217988316,3,Formação Serra Geral,39.350769976250966,2,Granular (Gr),60.64923002374903,False,False,2,33.333333333333336,2,33.333333333333336,0,0.0,2,33.333333333333336,6,100.0,4,66.66666666666667,1,16.666666666666668,0,5,83.33333333333333,5,83.33333333333333,5,83.33333333333333,2,33.333333333333336,2,33.333333333333336,0,0.0,1,16.666666666666668,1,16.666666666666668,2,3,3,5,83.33333333333333,1,16.666666666666668,14.979089235234126,0,0,0.0,0,0.0,2,33.333333333333336,5,83.33333333333333,5,83.33333333333333,0,0.0,4.0,COM_COORDENADA_OU_MUNICIPIO_EM_REVISAO,REVISAO_OU_UNKNOWN_PRESENTE,PARCIAL_SEM_INTERVALO_CAPTADO_DEMONSTRADO,ENSAIO_COM_METADADOS_MINIMOS_PRESENTE,EVIDENCIA_HIDROQUIMICA_PARCIAL_PRESENTE_SEM_QA_COMPLETO,EVIDENCIA_DATADA_PRESENTE_SEM_SERIE,UNKNOWN_INDEPENDENCIA_HIDROGEOLOGICA_NAO_DEMONSTRADA,ALERTAS_DE_REVISAO_PRESENTES,INCERTEZA_EXPLICITA_NAO_AGREGADA,UNKNOWN_INDEPENDENCIA_HIDROGEOLOGICA|UNKNOWN_INTERVALO_CAPTADO|UNKNOWN_QA_HIDROQUIMICO_COMPLETO|UNKNOWN_SERIE_TEMPORAL,"{""espacial"":""COM_COORDENADA_OU_MUNICIPIO_EM_REVISAO"",""hidraulica"":""ENSAIO_COM_METADADOS_MINIMOS_PRESENTE"",""hidroestratigrafica"":""REVISAO_OU_UNKNOWN_PRESENTE"",""hidroquimica"":""EVIDENCIA_HIDROQUIMICA_PARCIAL_PRESENTE_SEM_QA_COMPLETO"",""incerteza"":""INCERTEZA_EXPLICITA_NAO_AGREGADA"",""independencia"":""UNKNOWN_INDEPENDENCIA_HIDROGEOLOGICA_NAO_DEMONSTRADA"",""qualidade_documental"":""ALERTAS_DE_REVISAO_PRESENTES"",""temporal"":""EVIDENCIA_DATADA_PRESENTE_SEM_SERIE"",""vertical"":""PARCIAL_SEM_INTERVALO_CAPTADO_DEMONSTRADO""}"
SCALE-1000-O00-00086,1000,O00,1000.0000000000462,2,COM_POCO_NO_CONJUNTO_AUDITADO,14.644375099553631,2,Formação Serra Geral,90.10416859981667,2,Fraturada (Fr),90.10416859981667,False,False,0,0.0,0,0.0,0,0.0,1,50.0,2,100.0,1,50.0,1,50.0,0,2,100.0,2,100.0,2,100.0,1,50.0,1,50.0,0,0.0,1,50.0,1,50.0,1,2,2,1,50.0,1,50.0,15.033847375373895,0,0,0.0,0,0.0,0,0.0,1,50.0,1,50.0,0,0.0,4.0,SEM_ALERTA_OBJETIVO_DE_LOCALIZACAO,REVISAO_OU_UNKNOWN_PRESENTE,PARCIAL_SEM_INTERVALO_CAPTADO_DEMONSTRADO,ENSAIO_COM_METADADOS_MINIMOS_PRESENTE,EVIDENCIA_HIDROQUIMICA_PARCIAL_PRESENTE_SEM_QA_COMPLETO,EVIDENCIA_DATADA_PRESENTE_SEM_SERIE,UNKNOWN_INDEPENDENCIA_HIDROGEOLOGICA_NAO_DEMONSTRADA,ALERTAS_DE_REVISAO_PRESENTES,INCERTEZA_EXPLICITA_NAO_AGREGADA,UNKNOWN_INDEPENDENCIA_HIDROGEOLOGICA|UNKNOWN_INTERVALO_CAPTADO|UNKNOWN_QA_HIDROQUIMICO_COMPLETO|UNKNOWN_SERIE_TEMPORAL,"{""espacial"":""SEM_ALERTA_OBJETIVO_DE_LOCALIZACAO"",""hidraulica"":""ENSAIO_COM_METADADOS_MINIMOS_PRESENTE"",""hidroestratigrafica"":""REVISAO_OU_UNKNOWN_PRESENTE"",""hidroquimica"":""EVIDENCIA_HIDROQUIMICA_PARCIAL_PRESENTE_SEM_QA_COMPLETO"",""incerteza"":""INCERTEZA_EXPLICITA_NAO_AGREGADA"",""independencia"":""UNKNOWN_INDEPENDENCIA_HIDROGEOLOGICA_NAO_DEMONSTRADA"",""qualidade_documental"":""ALERTAS_DE_REVISAO_PRESENTES"",""temporal"":""EVIDENCIA_DATADA_PRESENTE_SEM_SERIE"",""vertical"":""PARCIAL_SEM_INTERVALO_CAPTADO_DEMONSTRADO""}"
SCALE-1000-O00-00087,1000,O00,1000.0000000000462,11,COM_POCO_NO_CONJUNTO_AUDITADO,8.915664864712063,2,Formação Serra Geral,87.61684206252056,2,Fraturada (Fr),87.61684206252056,False,False,0,0.0,0,0.0,3,27.272727272727273,0,0.0,8,72.72727272727273,3,27.272727272727273,2,18.181818181818183,0,8,72.72727272727273,8,72.72727272727273,8,72.72727272727273,2,18.181818181818183,2,18.181818181818183,1,9.090909090909092,8,72.72727272727273,3,27.272727272727273,9,11,4,3,27.272727272727273,3,27.272727272727273,16.62457134643422,0,0,0.0,0,0.0,4,36.36363636363637,6,54.54545454545455,6,54.54545454545455,0,0.0,4.0,SEM_ALERTA_OBJETIVO_DE_LOCALIZACAO,REVISAO_OU_UNKNOWN_PRESENTE,PARCIAL_SEM_INTERVALO_CAPTADO_DEMONSTRADO,TRANSMISSIVIDADE_INFORMADA_NAO_VALIDADA_PRESENTE,EVIDENCIA_HIDROQUIMICA_PARCIAL_PRESENTE_SEM_QA_COMPLETO,EVIDENCIA_DATADA_PRESENTE_SEM_SERIE,UNKNOWN_INDEPENDENCIA_HIDROGEOLOGICA_NAO_DEMONSTRADA,ALERTAS_DE_REVISAO_PRESENTES,INCERTEZA_EXPLICITA_NAO_AGREGADA,UNKNOWN_HIDROESTRATIGRAFIA_EM_PARTE_DOS_POCOS|UNKNOWN_INDEPENDENCIA_HIDROGEOLOGICA|UNKNOWN_INTERVALO_CAPTADO|UNKNOWN_QA_HIDROQUIMICO_COMPLETO|UNKNOWN_SERIE_TEMPORAL,"{""espacial"":""SEM_ALERTA_OBJETIVO_DE_LOCALIZACAO"",""hidraulica"":""TRANSMISSIVIDADE_INFORMADA_NAO_VALIDADA_PRESENTE"",""hidroestratigrafica"":""REVISAO_OU_UNKNOWN_PRESENTE"",""hidroquimica"":""EVIDENCIA_HIDROQUIMICA_PARCIAL_PRESENTE_SEM_QA_COMPLETO"",""incerteza"":""INCERTEZA_EXPLICITA_NAO_AGREGADA"",""independencia"":""UNKNOWN_INDEPENDENCIA_HIDROGEOLOGICA_NAO_DEMONSTRADA"",""qualidade_documental"":""ALERTAS_DE_REVISAO_PRESENTES"",""temporal"":""EVIDENCIA_DATADA_PRESENTE_SEM_SERIE"",""vertical"":""PARCIAL_SEM_INTERVALO_CAPTADO_DEMONSTRADO""}"
SCALE-1000-O00-00088,1000,O00,1000.0000000000462,30,COM_POCO_NO_CONJUNTO_AUDITADO,10.246640067014525,2,Formação Serra Geral,62.1952716520252,2,Fraturada (Fr),62.1952716520252,False,False,0,0.0,0,0.0,2,6.666666666666667,1,3.3333333333333335,29,96.66666666666667,21,70.0,6,20.0,0,28,93.33333333333333,28,93.33333333333333,26,86.66666666666667,10,33.333333333333336,10,33.333333333333336,0,0.0,21,70.0,13,43.333333333333336,27,42,6,21,70.0,12,40.0,18.855965557129853,0,0,0.0,0,0.0,22,73.33333333333333,22,73.33333333333333,22,73.33333333333333,0,0.0,4.0,SEM_ALERTA_OBJETIVO_DE_LOCALIZACAO,REVISAO_OU_UNKNOWN_PRESENTE,PARCIAL_SEM_INTERVALO_CAPTADO_DEMONSTRADO,ENSAIO_COM_METADADOS_MINIMOS_PRESENTE,EVIDENCIA_HIDROQUIMICA_PARCIAL_PRESENTE_SEM_QA_COMPLETO,EVIDENCIA_DATADA_PRESENTE_SEM_SERIE,UNKNOWN_INDEPENDENCIA_HIDROGEOLOGICA_NAO_DEMONSTRADA,ALERTAS_DE_REVISAO_PRESENTES,INCERTEZA_EXPLICITA_NAO_AGREGADA,UNKNOWN_HIDROESTRATIGRAFIA_EM_PARTE_DOS_POCOS|UNKNOWN_INDEPENDENCIA_HIDROGEOLOGICA|UNKNOWN_INTERVALO_CAPTADO|UNKNOWN_QA_HIDROQUIMICO_COMPLETO|UNKNOWN_SERIE_TEMPORAL,"{""espacial"":""SEM_ALERTA_OBJETIVO_DE_LOCALIZACAO"",""hidraulica"":""ENSAIO_COM_METADADOS_MINIMOS_PRESENTE"",""hidroestratigrafica"":""REVISAO_OU_UNKNOWN_PRESENTE"",""hidroquimica"":""EVIDENCIA_HIDROQUIMICA_PARCIAL_PRESENTE_SEM_QA_COMPLETO"",""incerteza"":""INCERTEZA_EXPLICITA_NAO_AGREGADA"",""independencia"":""UNKNOWN_INDEPENDENCIA_HIDROGEOLOGICA_NAO_DEMONSTRADA"",""qualidade_documental"":""ALERTAS_DE_REVISAO_PRESENTES"",""temporal"":""EVIDENCIA_DATADA_PRESENTE_SEM_SERIE"",""vertical"":""PARCIAL_SEM_INTERVALO_CAPTADO_DEMONSTRADO""}"
SCALE-1000-O00-00089,1000,O00,1000.0000000000462,14,COM_POCO_NO_CONJUNTO_AUDITADO,10.93119185433025,2,Formação Serra Geral,99.02624010562552,2,Fraturada (Fr),99.02624010562552,False,False,0,0.0,0,0.0,3,21.428571428571427,0,0.0,11,78.57142857142857,4,28.571428571428573,0,0.0,0,11,78.57142857142857,11,78.57142857142857,11,78.57142857142857,2,14.285714285714286,2,14.285714285714286,0,0.0,8,57.142857142857146,1,7.142857142857143,8,10,4,4,28.571428571428573,1,7.142857142857143,25.504972723601444,0,0,0.0,0,0.0,8,57.142857142857146,7,50.0,7,50.0,0,0.0,4.0,SEM_ALERTA_OBJETIVO_DE_LOCALIZACAO,REVISAO_OU_UNKNOWN_PRESENTE,PARCIAL_SEM_INTERVALO_CAPTADO_DEMONSTRADO,ENSAIO_COM_METADADOS_MINIMOS_PRESENTE,EVIDENCIA_HIDROQUIMICA_PARCIAL_PRESENTE_SEM_QA_COMPLETO,EVIDENCIA_DATADA_PRESENTE_SEM_SERIE,UNKNOWN_INDEPENDENCIA_HIDROGEOLOGICA_NAO_DEMONSTRADA,ALERTAS_DE_REVISAO_PRESENTES,INCERTEZA_EXPLICITA_NAO_AGREGADA,UNKNOWN_HIDROESTRATIGRAFIA_EM_PARTE_DOS_POCOS|UNKNOWN_INDEPENDENCIA_HIDROGEOLOGICA|UNKNOWN_INTERVALO_CAPTADO|UNKNOWN_QA_HIDROQUIMICO_COMPLETO|UNKNOWN_SERIE_TEMPORAL,"{""espacial"":""SEM_ALERTA_OBJETIVO_DE_LOCALIZACAO"",""hidraulica"":""ENSAIO_COM_METADADOS_MINIMOS_PRESENTE"",""hidroestratigrafica"":""REVISAO_OU_UNKNOWN_PRESENTE"",""hidroquimica"":""EVIDENCIA_HIDROQUIMICA_PARCIAL_PRESENTE_SEM_QA_COMPLETO"",""incerteza"":""INCERTEZA_EXPLICITA_NAO_AGREGADA"",""independencia"":""UNKNOWN_INDEPENDENCIA_HIDROGEOLOGICA_NAO_DEMONSTRADA"",""qualidade_documental"":""ALERTAS_DE_REVISAO_PRESENTES"",""temporal"":""EVIDENCIA_DATADA_PRESENTE_SEM_SERIE"",""vertical"":""PARCIAL_SEM_INTERVALO_CAPTADO_DEMONSTRADO""}"
SCALE-1000-O00-00090,1000,O00,1000.0000000000462,60,COM_POCO_NO_CONJUNTO_AUDITADO,6.747611349727529,2,Formação Serra Geral,96.5942832379834,2,Fraturada (Fr),96.5942832379834,False,False,4,6.666666666666667,0,0.0,9,15.0,1,1.6666666666666667,56,93.33333333333333,31,51.666666666666664,8,13.333333333333334,0,53,88.33333333333333,53,88.33333333333333,51,85.0,21,35.0,21,35.0,0,0.0,34,56.666666666666664,12,20.0,34,48,5,33,55.0,11,18.333333333333332,22.84783397331909,0,4,6.666666666666667,4,6.666666666666667,38,63.333333333333336,38,63.333333333333336,38,63.333333333333336,0,0.0,4.0,COM_COORDENADA_OU_MUNICIPIO_EM_REVISAO,REVISAO_OU_UNKNOWN_PRESENTE,PARCIAL_SEM_INTERVALO_CAPTADO_DEMONSTRADO,ENSAIO_COM_METADADOS_MINIMOS_PRESENTE,EVIDENCIA_HIDROQUIMICA_PARCIAL_PRESENTE_SEM_QA_COMPLETO,EVIDENCIA_DATADA_PRESENTE_SEM_SERIE,UNKNOWN_INDEPENDENCIA_HIDROGEOLOGICA_NAO_DEMONSTRADA,ALERTAS_DE_REVISAO_PRESENTES,INCERTEZA_EXPLICITA_NAO_AGREGADA,UNKNOWN_HIDROESTRATIGRAFIA_EM_PARTE_DOS_POCOS|UNKNOWN_INDEPENDENCIA_HIDROGEOLOGICA|UNKNOWN_INTERVALO_CAPTADO|UNKNOWN_QA_HIDROQUIMICO_COMPLETO|UNKNOWN_SERIE_TEMPORAL,"{""espacial"":""COM_COORDENADA_OU_MUNICIPIO_EM_REVISAO"",""hidraulica"":""ENSAIO_COM_METADADOS_MINIMOS_PRESENTE"",""hidroestratigrafica"":""REVISAO_OU_UNKNOWN_PRESENTE"",""hidroquimica"":""EVIDENCIA_HIDROQUIMICA_PARCIAL_PRESENTE_SEM_QA_COMPLETO"",""incerteza"":""INCERTEZA_EXPLICITA_NAO_AGREGADA"",""independencia"":""UNKNOWN_INDEPENDENCIA_HIDROGEOLOGICA_NAO_DEMONSTRADA"",""qualidade_documental"":""ALERTAS_DE_REVISAO_PRESENTES"",""temporal"":""EVIDENCIA_DATADA_PRESENTE_SEM_SERIE"",""vertical"":""PARCIAL_SEM_INTERVALO_CAPTADO_DEMONSTRADO""}"
SCALE-1000-O00-00091,1000,O00,1000.0000000000462,10,COM_POCO_NO_CONJUNTO_AUDITADO,8.681638871365061,2,Formação Serra Geral,64.90605722703705,2,Fraturada (Fr),64.90605722703705,False,False,0,0.0,0,0.0,5,50.0,1,10.0,7,70.0,5,50.0,2,20.0,0,5,50.0,5,50.0,3,30.0,3,30.0,3,30.0,0,0.0,6,60.0,5,50.0,5,12,3,5,50.0,4,40.0,16.427442041931045,0,0,0.0,0,0.0,2,20.0,9,90.0,9,90.0,0,0.0,2.5,SEM_ALERTA_OBJETIVO_DE_LOCALIZACAO,REVISAO_OU_UNKNOWN_PRESENTE,PARCIAL_SEM_INTERVALO_CAPTADO_DEMONSTRADO,ENSAIO_COM_METADADOS_MINIMOS_PRESENTE,EVIDENCIA_HIDROQUIMICA_PARCIAL_PRESENTE_SEM_QA_COMPLETO,EVIDENCIA_DATADA_PRESENTE_SEM_SERIE,UNKNOWN_INDEPENDENCIA_HIDROGEOLOGICA_NAO_DEMONSTRADA,ALERTAS_DE_REVISAO_PRESENTES,INCERTEZA_EXPLICITA_NAO_AGREGADA,UNKNOWN_HIDROESTRATIGRAFIA_EM_PARTE_DOS_POCOS|UNKNOWN_INDEPENDENCIA_HIDROGEOLOGICA|UNKNOWN_INTERVALO_CAPTADO|UNKNOWN_QA_HIDROQUIMICO_COMPLETO|UNKNOWN_SERIE_TEMPORAL,"{""espacial"":""SEM_ALERTA_OBJETIVO_DE_LOCALIZACAO"",""hidraulica"":""ENSAIO_COM_METADADOS_MINIMOS_PRESENTE"",""hidroestratigrafica"":""REVISAO_OU_UNKNOWN_PRESENTE"",""hidroquimica"":""EVIDENCIA_HIDROQUIMICA_PARCIAL_PRESENTE_SEM_QA_COMPLETO"",""incerteza"":""INCERTEZA_EXPLICITA_NAO_AGREGADA"",""independencia"":""UNKNOWN_INDEPENDENCIA_HIDROGEOLOGICA_NAO_DEMONSTRADA"",""qualidade_documental"":""ALERTAS_DE_REVISAO_PRESENTES"",""temporal"":""EVIDENCIA_DATADA_PRESENTE_SEM_SERIE"",""vertical"":""PARCIAL_SEM_INTERVALO_CAPTADO_DEMONSTRADO""}"
SCALE-1000-O00-00092,1000,O00,1000.0000000000462,2,COM_POCO_NO_CONJUNTO_AUDITADO,17.909079304357267,2,Formação Serra Geral,63.59869483986897,2,Fraturada (Fr),63.59869483986897,False,False,0,0.0,0,0.0,1,50.0,0,0.0,2,100.0,1,50.0,1,50.0,0,0,0.0,0,0.0,0,0.0,0,0.0,0,0.0,0,0.0,0,0.0,0,0.0,0,0,0,0,0.0,0,0.0,,0,0,0.0,0,0.0,0,0.0,1,50.0,1,50.0,0,0.0,1.0,SEM_ALERTA_OBJETIVO_DE_LOCALIZACAO,REVISAO_OU_UNKNOWN_PRESENTE,PARCIAL_SEM_INTERVALO_CAPTADO_DEMONSTRADO,UNKNOWN_SEM_EVIDENCIA_HIDRAULICA_NO_CONJUNTO,UNKNOWN_SEM_EVIDENCIA_HIDROQUIMICA_NO_CONJUNTO,UNKNOWN_SEM_EVIDENCIA_DATADA_E_SEM_SERIE,UNKNOWN_INDEPENDENCIA_HIDROGEOLOGICA_NAO_DEMONSTRADA,ALERTAS_DE_REVISAO_PRESENTES,INCERTEZA_EXPLICITA_NAO_AGREGADA,UNKNOWN_EVIDENCIA_DATADA|UNKNOWN_EVIDENCIA_HIDRAULICA|UNKNOWN_EVIDENCIA_HIDROQUIMICA|UNKNOWN_HIDROESTRATIGRAFIA_EM_PARTE_DOS_POCOS|UNKNOWN_INDEPENDENCIA_HIDROGEOLOGICA|UNKNOWN_INTERVALO_CAPTADO|UNKNOWN_QA_HIDROQUIMICO_COMPLETO|UNKNOWN_SERIE_TEMPORAL,"{""espacial"":""SEM_ALERTA_OBJETIVO_DE_LOCALIZACAO"",""hidraulica"":""UNKNOWN_SEM_EVIDENCIA_HIDRAULICA_NO_CONJUNTO"",""hidroestratigrafica"":""REVISAO_OU_UNKNOWN_PRESENTE"",""hidroquimica"":""UNKNOWN_SEM_EVIDENCIA_HIDROQUIMICA_NO_CONJUNTO"",""incerteza"":""INCERTEZA_EXPLICITA_NAO_AGREGADA"",""independencia"":""UNKNOWN_INDEPENDENCIA_HIDROGEOLOGICA_NAO_DEMONSTRADA"",""qualidade_documental"":""ALERTAS_DE_REVISAO_PRESENTES"",""temporal"":""UNKNOWN_SEM_EVIDENCIA_DATADA_E_SEM_SERIE"",""vertical"":""PARCIAL_SEM_INTERVALO_CAPTADO_DEMONSTRADO""}"
SCALE-1000-O00-00093,1000,O00,1000.0000000000462,1,COM_POCO_NO_CONJUNTO_AUDITADO,23.223433429527667,1,Grupo Caiuá,100.0,1,Granular (Gr),100.0,False,False,0,0.0,0,0.0,0,0.0,1,100.0,1,100.0,0,0.0,0,0.0,0,1,100.0,1,100.0,1,100.0,0,0.0,0,0.0,0,0.0,1,100.0,0,0.0,1,1,1,0,0.0,0,0.0,,0,0,0.0,0,0.0,0,0.0,0,0.0,0,0.0,0,0.0,4.0,SEM_ALERTA_OBJETIVO_DE_LOCALIZACAO,REVISAO_OU_UNKNOWN_PRESENTE,PARCIAL_SEM_INTERVALO_CAPTADO_DEMONSTRADO,EVIDENCIA_HIDRAULICA_PARCIAL_PRESENTE,EVIDENCIA_HIDROQUIMICA_PARCIAL_PRESENTE_SEM_QA_COMPLETO,UNKNOWN_SEM_EVIDENCIA_DATADA_E_SEM_SERIE,UNKNOWN_INDEPENDENCIA_HIDROGEOLOGICA_NAO_DEMONSTRADA,SEM_ALERTA_OBJETIVO_NAS_REGRAS_ATUAIS,INCERTEZA_EXPLICITA_NAO_AGREGADA,UNKNOWN_EVIDENCIA_DATADA|UNKNOWN_INDEPENDENCIA_HIDROGEOLOGICA|UNKNOWN_INTERVALO_CAPTADO|UNKNOWN_QA_HIDROQUIMICO_COMPLETO|UNKNOWN_SERIE_TEMPORAL,"{""espacial"":""SEM_ALERTA_OBJETIVO_DE_LOCALIZACAO"",""hidraulica"":""EVIDENCIA_HIDRAULICA_PARCIAL_PRESENTE"",""hidroestratigrafica"":""REVISAO_OU_UNKNOWN_PRESENTE"",""hidroquimica"":""EVIDENCIA_HIDROQUIMICA_PARCIAL_PRESENTE_SEM_QA_COMPLETO"",""incerteza"":""INCERTEZA_EXPLICITA_NAO_AGREGADA"",""independencia"":""UNKNOWN_INDEPENDENCIA_HIDROGEOLOGICA_NAO_DEMONSTRADA"",""qualidade_documental"":""SEM_ALERTA_OBJETIVO_NAS_REGRAS_ATUAIS"",""temporal"":""UNKNOWN_SEM_EVIDENCIA_DATADA_E_SEM_SERIE"",""vertical"":""PARCIAL_SEM_INTERVALO_CAPTADO_DEMONSTRADO""}"
SCALE-1000-O00-00094,1000,O00,1000.0000000000462,4,COM_POCO_NO_CONJUNTO_AUDITADO,14.707298064364515,1,Grupo Caiuá,100.0,1,Granular (Gr),100.0,False,False,0,0.0,0,0.0,1,25.0,0,0.0,3,75.0,2,50.0,0,0.0,0,3,75.0,3,75.0,3,75.0,2,50.0,2,50.0,0,0.0,2,50.0,1,25.0,1,2,2,2,50.0,1,25.0,28.56869066442158,0,0,0.0,0,0.0,0,0.0,3,75.0,3,75.0,0,0.0,3.5,SEM_ALERTA_OBJETIVO_DE_LOCALIZACAO,REVISAO_OU_UNKNOWN_PRESENTE,PARCIAL_SEM_INTERVALO_CAPTADO_DEMONSTRADO,ENSAIO_COM_METADADOS_MINIMOS_PRESENTE,EVIDENCIA_HIDROQUIMICA_PARCIAL_PRESENTE_SEM_QA_COMPLETO,EVIDENCIA_DATADA_PRESENTE_SEM_SERIE,UNKNOWN_INDEPENDENCIA_HIDROGEOLOGICA_NAO_DEMONSTRADA,ALERTAS_DE_REVISAO_PRESENTES,INCERTEZA_EXPLICITA_NAO_AGREGADA,UNKNOWN_HIDROESTRATIGRAFIA_EM_PARTE_DOS_POCOS|UNKNOWN_INDEPENDENCIA_HIDROGEOLOGICA|UNKNOWN_INTERVALO_CAPTADO|UNKNOWN_QA_HIDROQUIMICO_COMPLETO|UNKNOWN_SERIE_TEMPORAL,"{""espacial"":""SEM_ALERTA_OBJETIVO_DE_LOCALIZACAO"",""hidraulica"":""ENSAIO_COM_METADADOS_MINIMOS_PRESENTE"",""hidroestratigrafica"":""REVISAO_OU_UNKNOWN_PRESENTE"",""hidroquimica"":""EVIDENCIA_HIDROQUIMICA_PARCIAL_PRESENTE_SEM_QA_COMPLETO"",""incerteza"":""INCERTEZA_EXPLICITA_NAO_AGREGADA"",""independencia"":""UNKNOWN_INDEPENDENCIA_HIDROGEOLOGICA_NAO_DEMONSTRADA"",""qualidade_documental"":""ALERTAS_DE_REVISAO_PRESENTES"",""temporal"":""EVIDENCIA_DATADA_PRESENTE_SEM_SERIE"",""vertical"":""PARCIAL_SEM_INTERVALO_CAPTADO_DEMONSTRADO""}"
SCALE-1000-O00-00095,1000,O00,1000.0000000000462,3,COM_POCO_NO_CONJUNTO_AUDITADO,16.570374919982562,2,Grupo Caiuá,98.61813701599056,1,Granular (Gr),100.0,False,False,0,0.0,0,0.0,2,66.66666666666667,0,0.0,1,33.333333333333336,1,33.333333333333336,0,0.0,0,1,33.333333333333336,1,33.333333333333336,1,33.333333333333336,0,0.0,0,0.0,0,0.0,0,0.0,0,0.0,0,0,0,1,33.333333333333336,0,0.0,24.257856081918177,0,0,0.0,0,0.0,0,0.0,3,100.0,3,100.0,0,0.0,0.0,SEM_ALERTA_OBJETIVO_DE_LOCALIZACAO,REVISAO_OU_UNKNOWN_PRESENTE,PARCIAL_SEM_INTERVALO_CAPTADO_DEMONSTRADO,EVIDENCIA_HIDRAULICA_PARCIAL_PRESENTE,UNKNOWN_SEM_EVIDENCIA_HIDROQUIMICA_NO_CONJUNTO,EVIDENCIA_DATADA_PRESENTE_SEM_SERIE,UNKNOWN_INDEPENDENCIA_HIDROGEOLOGICA_NAO_DEMONSTRADA,ALERTAS_DE_REVISAO_PRESENTES,INCERTEZA_EXPLICITA_NAO_AGREGADA,UNKNOWN_EVIDENCIA_HIDROQUIMICA|UNKNOWN_HIDROESTRATIGRAFIA_EM_PARTE_DOS_POCOS|UNKNOWN_INDEPENDENCIA_HIDROGEOLOGICA|UNKNOWN_INTERVALO_CAPTADO|UNKNOWN_QA_HIDROQUIMICO_COMPLETO|UNKNOWN_SERIE_TEMPORAL,"{""espacial"":""SEM_ALERTA_OBJETIVO_DE_LOCALIZACAO"",""hidraulica"":""EVIDENCIA_HIDRAULICA_PARCIAL_PRESENTE"",""hidroestratigrafica"":""REVISAO_OU_UNKNOWN_PRESENTE"",""hidroquimica"":""UNKNOWN_SEM_EVIDENCIA_HIDROQUIMICA_NO_CONJUNTO"",""incerteza"":""INCERTEZA_EXPLICITA_NAO_AGREGADA"",""independencia"":""UNKNOWN_INDEPENDENCIA_HIDROGEOLOGICA_NAO_DEMONSTRADA"",""qualidade_documental"":""ALERTAS_DE_REVISAO_PRESENTES"",""temporal"":""EVIDENCIA_DATADA_PRESENTE_SEM_SERIE"",""vertical"":""PARCIAL_SEM_INTERVALO_CAPTADO_DEMONSTRADO""}"
SCALE-1000-O00-00096,1000,O00,1000.0000000000462,45,COM_POCO_NO_CONJUNTO_AUDITADO,12.884242111186593,2,Grupo Caiuá,92.44176769870843,1,Granular (Gr),100.0,False,False,0,0.0,0,0.0,2,4.444444444444445,19,42.22222222222222,45,100.0,26,57.77777777777778,1,2.2222222222222223,0,44,97.77777777777777,44,97.77777777777777,40,88.88888888888889,22,48.888888888888886,22,48.888888888888886,3,6.666666666666667,22,48.888888888888886,9,20.0,21,26,5,28,62.22222222222222,9,20.0,24.263331895932154,0,0,0.0,0,0.0,38,84.44444444444444,29,64.44444444444444,29,64.44444444444444,0,0.0,4.0,SEM_ALERTA_OBJETIVO_DE_LOCALIZACAO,REVISAO_OU_UNKNOWN_PRESENTE,PARCIAL_SEM_INTERVALO_CAPTADO_DEMONSTRADO,TRANSMISSIVIDADE_INFORMADA_NAO_VALIDADA_PRESENTE,EVIDENCIA_HIDROQUIMICA_PARCIAL_PRESENTE_SEM_QA_COMPLETO,EVIDENCIA_DATADA_PRESENTE_SEM_SERIE,UNKNOWN_INDEPENDENCIA_HIDROGEOLOGICA_NAO_DEMONSTRADA,ALERTAS_DE_REVISAO_PRESENTES,INCERTEZA_EXPLICITA_NAO_AGREGADA,UNKNOWN_HIDROESTRATIGRAFIA_EM_PARTE_DOS_POCOS|UNKNOWN_INDEPENDENCIA_HIDROGEOLOGICA|UNKNOWN_INTERVALO_CAPTADO|UNKNOWN_QA_HIDROQUIMICO_COMPLETO|UNKNOWN_SERIE_TEMPORAL,"{""espacial"":""SEM_ALERTA_OBJETIVO_DE_LOCALIZACAO"",""hidraulica"":""TRANSMISSIVIDADE_INFORMADA_NAO_VALIDADA_PRESENTE"",""hidroestratigrafica"":""REVISAO_OU_UNKNOWN_PRESENTE"",""hidroquimica"":""EVIDENCIA_HIDROQUIMICA_PARCIAL_PRESENTE_SEM_QA_COMPLETO"",""incerteza"":""INCERTEZA_EXPLICITA_NAO_AGREGADA"",""independencia"":""UNKNOWN_INDEPENDENCIA_HIDROGEOLOGICA_NAO_DEMONSTRADA"",""qualidade_documental"":""ALERTAS_DE_REVISAO_PRESENTES"",""temporal"":""EVIDENCIA_DATADA_PRESENTE_SEM_SERIE"",""vertical"":""PARCIAL_SEM_INTERVALO_CAPTADO_DEMONSTRADO""}"
SCALE-1000-O00-00097,1000,O00,818.1438938012211,18,COM_POCO_NO_CONJUNTO_AUDITADO,13.279225252382437,2,Depósitos aluvionares,69.83875350522791,1,Granular (Gr),100.0,False,False,0,0.0,0,0.0,0,0.0,16,88.88888888888889,18,100.0,10,55.55555555555556,2,11.11111111111111,0,18,100.0,18,100.0,18,100.0,8,44.44444444444444,8,44.44444444444444,2,11.11111111111111,11,61.111111111111114,4,22.22222222222222,10,14,5,10,55.55555555555556,4,22.22222222222222,16.86550716304921,0,0,0.0,0,0.0,13,72.22222222222223,10,55.55555555555556,10,55.55555555555556,0,0.0,4.0,SEM_ALERTA_OBJETIVO_DE_LOCALIZACAO,REVISAO_OU_UNKNOWN_PRESENTE,PARCIAL_SEM_INTERVALO_CAPTADO_DEMONSTRADO,TRANSMISSIVIDADE_INFORMADA_NAO_VALIDADA_PRESENTE,EVIDENCIA_HIDROQUIMICA_PARCIAL_PRESENTE_SEM_QA_COMPLETO,EVIDENCIA_DATADA_PRESENTE_SEM_SERIE,UNKNOWN_INDEPENDENCIA_HIDROGEOLOGICA_NAO_DEMONSTRADA,ALERTAS_DE_REVISAO_PRESENTES,INCERTEZA_EXPLICITA_NAO_AGREGADA,UNKNOWN_INDEPENDENCIA_HIDROGEOLOGICA|UNKNOWN_INTERVALO_CAPTADO|UNKNOWN_QA_HIDROQUIMICO_COMPLETO|UNKNOWN_SERIE_TEMPORAL,"{""espacial"":""SEM_ALERTA_OBJETIVO_DE_LOCALIZACAO"",""hidraulica"":""TRANSMISSIVIDADE_INFORMADA_NAO_VALIDADA_PRESENTE"",""hidroestratigrafica"":""REVISAO_OU_UNKNOWN_PRESENTE"",""hidroquimica"":""EVIDENCIA_HIDROQUIMICA_PARCIAL_PRESENTE_SEM_QA_COMPLETO"",""incerteza"":""INCERTEZA_EXPLICITA_NAO_AGREGADA"",""independencia"":""UNKNOWN_INDEPENDENCIA_HIDROGEOLOGICA_NAO_DEMONSTRADA"",""qualidade_documental"":""ALERTAS_DE_REVISAO_PRESENTES"",""temporal"":""EVIDENCIA_DATADA_PRESENTE_SEM_SERIE"",""vertical"":""PARCIAL_SEM_INTERVALO_CAPTADO_DEMONSTRADO""}"
SCALE-1000-O00-00098,1000,O00,10.651757013366339,0,SEM_POCO_NO_CONJUNTO_AUDITADO,,1,Depósitos aluvionares,100.00000000000001,1,Granular (Gr),100.00000000000001,False,False,0,,0,,0,,0,,0,,0,,0,,0,0,,0,,0,,0,,0,,0,,0,,0,,0,0,0,0,,0,,,0,0,,0,,0,,0,,0,,0,,,SEM_POCO_NO_CONJUNTO_AUDITADO,UNKNOWN_SEM_POCO_PARA_AVALIACAO_LOCAL,UNKNOWN_SEM_POCO_PARA_AVALIACAO_VERTICAL,UNKNOWN_SEM_POCO_PARA_AVALIACAO_HIDRAULICA,UNKNOWN_SEM_POCO_PARA_AVALIACAO_HIDROQUIMICA,UNKNOWN_SEM_POCO_PARA_AVALIACAO_TEMPORAL,UNKNOWN_INDEPENDENCIA_HIDROGEOLOGICA_NAO_DEMONSTRADA,UNKNOWN_SEM_POCO_PARA_AVALIACAO_DOCUMENTAL,INCERTEZA_EXPLICITA_NAO_AGREGADA,UNKNOWN_SEM_POCO_NO_CONJUNTO_AUDITADO,"{""espacial"":""SEM_POCO_NO_CONJUNTO_AUDITADO"",""hidraulica"":""UNKNOWN_SEM_POCO_PARA_AVALIACAO_HIDRAULICA"",""hidroestratigrafica"":""UNKNOWN_SEM_POCO_PARA_AVALIACAO_LOCAL"",""hidroquimica"":""UNKNOWN_SEM_POCO_PARA_AVALIACAO_HIDROQUIMICA"",""incerteza"":""INCERTEZA_EXPLICITA_NAO_AGREGADA"",""independencia"":""UNKNOWN_INDEPENDENCIA_HIDROGEOLOGICA_NAO_DEMONSTRADA"",""qualidade_documental"":""UNKNOWN_SEM_POCO_PARA_AVALIACAO_DOCUMENTAL"",""temporal"":""UNKNOWN_SEM_POCO_PARA_AVALIACAO_TEMPORAL"",""vertical"":""UNKNOWN_SEM_POCO_PARA_AVALIACAO_VERTICAL""}"
SCALE-1000-O00-00099,1000,O00,276.91442647106874,0,SEM_POCO_NO_CONJUNTO_AUDITADO,82.01203912541658,3,Formação Pantanal,69.21870929441623,2,Granular (Gr),85.44639832594936,False,False,0,,0,,0,,0,,0,,0,,0,,0,0,,0,,0,,0,,0,,0,,0,,0,,0,0,0,0,,0,,,0,0,,0,,0,,0,,0,,0,,,SEM_POCO_NO_CONJUNTO_AUDITADO,UNKNOWN_SEM_POCO_PARA_AVALIACAO_LOCAL,UNKNOWN_SEM_POCO_PARA_AVALIACAO_VERTICAL,UNKNOWN_SEM_POCO_PARA_AVALIACAO_HIDRAULICA,UNKNOWN_SEM_POCO_PARA_AVALIACAO_HIDROQUIMICA,UNKNOWN_SEM_POCO_PARA_AVALIACAO_TEMPORAL,UNKNOWN_INDEPENDENCIA_HIDROGEOLOGICA_NAO_DEMONSTRADA,UNKNOWN_SEM_POCO_PARA_AVALIACAO_DOCUMENTAL,INCERTEZA_EXPLICITA_NAO_AGREGADA,UNKNOWN_SEM_POCO_NO_CONJUNTO_AUDITADO,"{""espacial"":""SEM_POCO_NO_CONJUNTO_AUDITADO"",""hidraulica"":""UNKNOWN_SEM_POCO_PARA_AVALIACAO_HIDRAULICA"",""hidroestratigrafica"":""UNKNOWN_SEM_POCO_PARA_AVALIACAO_LOCAL"",""hidroquimica"":""UNKNOWN_SEM_POCO_PARA_AVALIACAO_HIDROQUIMICA"",""incerteza"":""INCERTEZA_EXPLICITA_NAO_AGREGADA"",""independencia"":""UNKNOWN_INDEPENDENCIA_HIDROGEOLOGICA_NAO_DEMONSTRADA"",""qualidade_documental"":""UNKNOWN_SEM_POCO_PARA_AVALIACAO_DOCUMENTAL"",""temporal"":""UNKNOWN_SEM_POCO_PARA_AVALIACAO_TEMPORAL"",""vertical"":""UNKNOWN_SEM_POCO_PARA_AVALIACAO_VERTICAL""}"
SCALE-1000-O00-00100,1000,O00,1000.0000000000462,0,SEM_POCO_NO_CONJUNTO_AUDITADO,79.49745688711212,3,Formação Pantanal,60.94896979016715,2,Granular (Gr),86.33021753651786,False,False,0,,0,,0,,0,,0,,0,,0,,0,0,,0,,0,,0,,0,,0,,0,,0,,0,0,0,0,,0,,,0,0,,0,,0,,0,,0,,0,,,SEM_POCO_NO_CONJUNTO_AUDITADO,UNKNOWN_SEM_POCO_PARA_AVALIACAO_LOCAL,UNKNOWN_SEM_POCO_PARA_AVALIACAO_VERTICAL,UNKNOWN_SEM_POCO_PARA_AVALIACAO_HIDRAULICA,UNKNOWN_SEM_POCO_PARA_AVALIACAO_HIDROQUIMICA,UNKNOWN_SEM_POCO_PARA_AVALIACAO_TEMPORAL,UNKNOWN_INDEPENDENCIA_HIDROGEOLOGICA_NAO_DEMONSTRADA,UNKNOWN_SEM_POCO_PARA_AVALIACAO_DOCUMENTAL,INCERTEZA_EXPLICITA_NAO_AGREGADA,UNKNOWN_SEM_POCO_NO_CONJUNTO_AUDITADO,"{""espacial"":""SEM_POCO_NO_CONJUNTO_AUDITADO"",""hidraulica"":""UNKNOWN_SEM_POCO_PARA_AVALIACAO_HIDRAULICA"",""hidroestratigrafica"":""UNKNOWN_SEM_POCO_PARA_AVALIACAO_LOCAL"",""hidroquimica"":""UNKNOWN_SEM_POCO_PARA_AVALIACAO_HIDROQUIMICA"",""incerteza"":""INCERTEZA_EXPLICITA_NAO_AGREGADA"",""independencia"":""UNKNOWN_INDEPENDENCIA_HIDROGEOLOGICA_NAO_DEMONSTRADA"",""qualidade_documental"":""UNKNOWN_SEM_POCO_PARA_AVALIACAO_DOCUMENTAL"",""temporal"":""UNKNOWN_SEM_POCO_PARA_AVALIACAO_TEMPORAL"",""vertical"":""UNKNOWN_SEM_POCO_PARA_AVALIACAO_VERTICAL""}"
SCALE-1000-O00-00101,1000,O00,1000.0000000000462,0,SEM_POCO_NO_CONJUNTO_AUDITADO,65.99321268166187,2,Embasamento Indiferenciado,61.41800692579242,2,Fraturada (Fr),61.41800692579242,False,False,0,,0,,0,,0,,0,,0,,0,,0,0,,0,,0,,0,,0,,0,,0,,0,,0,0,0,0,,0,,,0,0,,0,,0,,0,,0,,0,,,SEM_POCO_NO_CONJUNTO_AUDITADO,UNKNOWN_SEM_POCO_PARA_AVALIACAO_LOCAL,UNKNOWN_SEM_POCO_PARA_AVALIACAO_VERTICAL,UNKNOWN_SEM_POCO_PARA_AVALIACAO_HIDRAULICA,UNKNOWN_SEM_POCO_PARA_AVALIACAO_HIDROQUIMICA,UNKNOWN_SEM_POCO_PARA_AVALIACAO_TEMPORAL,UNKNOWN_INDEPENDENCIA_HIDROGEOLOGICA_NAO_DEMONSTRADA,UNKNOWN_SEM_POCO_PARA_AVALIACAO_DOCUMENTAL,INCERTEZA_EXPLICITA_NAO_AGREGADA,UNKNOWN_SEM_POCO_NO_CONJUNTO_AUDITADO,"{""espacial"":""SEM_POCO_NO_CONJUNTO_AUDITADO"",""hidraulica"":""UNKNOWN_SEM_POCO_PARA_AVALIACAO_HIDRAULICA"",""hidroestratigrafica"":""UNKNOWN_SEM_POCO_PARA_AVALIACAO_LOCAL"",""hidroquimica"":""UNKNOWN_SEM_POCO_PARA_AVALIACAO_HIDROQUIMICA"",""incerteza"":""INCERTEZA_EXPLICITA_NAO_AGREGADA"",""independencia"":""UNKNOWN_INDEPENDENCIA_HIDROGEOLOGICA_NAO_DEMONSTRADA"",""qualidade_documental"":""UNKNOWN_SEM_POCO_PARA_AVALIACAO_DOCUMENTAL"",""temporal"":""UNKNOWN_SEM_POCO_PARA_AVALIACAO_TEMPORAL"",""vertical"":""UNKNOWN_SEM_POCO_PARA_AVALIACAO_VERTICAL""}"
SCALE-1000-O00-00102,1000,O00,1000.0000000000462,0,SEM_POCO_NO_CONJUNTO_AUDITADO,42.82881463111222,2,Embasamento Indiferenciado,99.26946100550674,2,Fraturada (Fr),99.26946100550674,False,False,0,,0,,0,,0,,0,,0,,0,,0,0,,0,,0,,0,,0,,0,,0,,0,,0,0,0,0,,0,,,0,0,,0,,0,,0,,0,,0,,,SEM_POCO_NO_CONJUNTO_AUDITADO,UNKNOWN_SEM_POCO_PARA_AVALIACAO_LOCAL,UNKNOWN_SEM_POCO_PARA_AVALIACAO_VERTICAL,UNKNOWN_SEM_POCO_PARA_AVALIACAO_HIDRAULICA,UNKNOWN_SEM_POCO_PARA_AVALIACAO_HIDROQUIMICA,UNKNOWN_SEM_POCO_PARA_AVALIACAO_TEMPORAL,UNKNOWN_INDEPENDENCIA_HIDROGEOLOGICA_NAO_DEMONSTRADA,UNKNOWN_SEM_POCO_PARA_AVALIACAO_DOCUMENTAL,INCERTEZA_EXPLICITA_NAO_AGREGADA,UNKNOWN_SEM_POCO_NO_CONJUNTO_AUDITADO,"{""espacial"":""SEM_POCO_NO_CONJUNTO_AUDITADO"",""hidraulica"":""UNKNOWN_SEM_POCO_PARA_AVALIACAO_HIDRAULICA"",""hidroestratigrafica"":""UNKNOWN_SEM_POCO_PARA_AVALIACAO_LOCAL"",""hidroquimica"":""UNKNOWN_SEM_POCO_PARA_AVALIACAO_HIDROQUIMICA"",""incerteza"":""INCERTEZA_EXPLICITA_NAO_AGREGADA"",""independencia"":""UNKNOWN_INDEPENDENCIA_HIDROGEOLOGICA_NAO_DEMONSTRADA"",""qualidade_documental"":""UNKNOWN_SEM_POCO_PARA_AVALIACAO_DOCUMENTAL"",""temporal"":""UNKNOWN_SEM_POCO_PARA_AVALIACAO_TEMPORAL"",""vertical"":""UNKNOWN_SEM_POCO_PARA_AVALIACAO_VERTICAL""}"
SCALE-1000-O00-00103,1000,O00,1000.0000000000462,2,COM_POCO_NO_CONJUNTO_AUDITADO,22.7241222257925,5,Grupo Corumbá,55.61596053323654,3,Cárstica (K),87.56101705985618,False,False,0,0.0,0,0.0,1,50.0,1,50.0,2,100.0,1,50.0,0,0.0,0,2,100.0,2,100.0,2,100.0,1,50.0,1,50.0,0,0.0,1,50.0,1,50.0,2,3,3,1,50.0,1,50.0,22.062054662313397,0,0,0.0,0,0.0,0,0.0,1,50.0,1,50.0,0,0.0,3.5,SEM_ALERTA_OBJETIVO_DE_LOCALIZACAO,REVISAO_OU_UNKNOWN_PRESENTE,PARCIAL_SEM_INTERVALO_CAPTADO_DEMONSTRADO,ENSAIO_COM_METADADOS_MINIMOS_PRESENTE,EVIDENCIA_HIDROQUIMICA_PARCIAL_PRESENTE_SEM_QA_COMPLETO,EVIDENCIA_DATADA_PRESENTE_SEM_SERIE,UNKNOWN_INDEPENDENCIA_HIDROGEOLOGICA_NAO_DEMONSTRADA,ALERTAS_DE_REVISAO_PRESENTES,INCERTEZA_EXPLICITA_NAO_AGREGADA,UNKNOWN_HIDROESTRATIGRAFIA_EM_PARTE_DOS_POCOS|UNKNOWN_INDEPENDENCIA_HIDROGEOLOGICA|UNKNOWN_INTERVALO_CAPTADO|UNKNOWN_QA_HIDROQUIMICO_COMPLETO|UNKNOWN_SERIE_TEMPORAL,"{""espacial"":""SEM_ALERTA_OBJETIVO_DE_LOCALIZACAO"",""hidraulica"":""ENSAIO_COM_METADADOS_MINIMOS_PRESENTE"",""hidroestratigrafica"":""REVISAO_OU_UNKNOWN_PRESENTE"",""hidroquimica"":""EVIDENCIA_HIDROQUIMICA_PARCIAL_PRESENTE_SEM_QA_COMPLETO"",""incerteza"":""INCERTEZA_EXPLICITA_NAO_AGREGADA"",""independencia"":""UNKNOWN_INDEPENDENCIA_HIDROGEOLOGICA_NAO_DEMONSTRADA"",""qualidade_documental"":""ALERTAS_DE_REVISAO_PRESENTES"",""temporal"":""EVIDENCIA_DATADA_PRESENTE_SEM_SERIE"",""vertical"":""PARCIAL_SEM_INTERVALO_CAPTADO_DEMONSTRADO""}"
SCALE-1000-O00-00104,1000,O00,1000.0000000000462,4,COM_POCO_NO_CONJUNTO_AUDITADO,11.674363707765238,4,Formação Aquidauana,88.28508572792737,3,Granular (Gr),93.91819534605655,False,False,0,0.0,0,0.0,3,75.0,1,25.0,4,100.0,0,0.0,0,0.0,0,3,75.0,3,75.0,3,75.0,0,0.0,0,0.0,0,0.0,2,50.0,0,0.0,2,2,1,1,25.0,0,0.0,6.97071123979274,0,0,0.0,0,0.0,0,0.0,2,50.0,2,50.0,0,0.0,3.0,SEM_ALERTA_OBJETIVO_DE_LOCALIZACAO,REVISAO_OU_UNKNOWN_PRESENTE,PARCIAL_SEM_INTERVALO_CAPTADO_DEMONSTRADO,EVIDENCIA_HIDRAULICA_PARCIAL_PRESENTE,EVIDENCIA_HIDROQUIMICA_PARCIAL_PRESENTE_SEM_QA_COMPLETO,EVIDENCIA_DATADA_PRESENTE_SEM_SERIE,UNKNOWN_INDEPENDENCIA_HIDROGEOLOGICA_NAO_DEMONSTRADA,ALERTAS_DE_REVISAO_PRESENTES,INCERTEZA_EXPLICITA_NAO_AGREGADA,UNKNOWN_HIDROESTRATIGRAFIA_EM_PARTE_DOS_POCOS|UNKNOWN_INDEPENDENCIA_HIDROGEOLOGICA|UNKNOWN_INTERVALO_CAPTADO|UNKNOWN_QA_HIDROQUIMICO_COMPLETO|UNKNOWN_SERIE_TEMPORAL,"{""espacial"":""SEM_ALERTA_OBJETIVO_DE_LOCALIZACAO"",""hidraulica"":""EVIDENCIA_HIDRAULICA_PARCIAL_PRESENTE"",""hidroestratigrafica"":""REVISAO_OU_UNKNOWN_PRESENTE"",""hidroquimica"":""EVIDENCIA_HIDROQUIMICA_PARCIAL_PRESENTE_SEM_QA_COMPLETO"",""incerteza"":""INCERTEZA_EXPLICITA_NAO_AGREGADA"",""independencia"":""UNKNOWN_INDEPENDENCIA_HIDROGEOLOGICA_NAO_DEMONSTRADA"",""qualidade_documental"":""ALERTAS_DE_REVISAO_PRESENTES"",""temporal"":""EVIDENCIA_DATADA_PRESENTE_SEM_SERIE"",""vertical"":""PARCIAL_SEM_INTERVALO_CAPTADO_DEMONSTRADO""}"
SCALE-1000-O00-00105,1000,O00,1000.0000000000462,17,COM_POCO_NO_CONJUNTO_AUDITADO,11.386806668684512,3,Formação Serra Geral,40.41236320967488,2,Granular (Gr),59.58763679032513,False,False,0,0.0,0,0.0,6,35.294117647058826,1,5.882352941176471,17,100.0,8,47.05882352941177,2,11.764705882352942,0,17,100.0,17,100.0,16,94.11764705882354,9,52.94117647058823,8,47.05882352941177,0,0.0,6,35.294117647058826,0,0.0,5,5,1,8,47.05882352941177,0,0.0,43.61348966782343,0,0,0.0,0,0.0,9,52.94117647058823,9,52.94117647058823,9,52.94117647058823,0,0.0,4.0,SEM_ALERTA_OBJETIVO_DE_LOCALIZACAO,REVISAO_OU_UNKNOWN_PRESENTE,PARCIAL_SEM_INTERVALO_CAPTADO_DEMONSTRADO,ENSAIO_COM_METADADOS_MINIMOS_PRESENTE,EVIDENCIA_HIDROQUIMICA_PARCIAL_PRESENTE_SEM_QA_COMPLETO,EVIDENCIA_DATADA_PRESENTE_SEM_SERIE,UNKNOWN_INDEPENDENCIA_HIDROGEOLOGICA_NAO_DEMONSTRADA,ALERTAS_DE_REVISAO_PRESENTES,INCERTEZA_EXPLICITA_NAO_AGREGADA,UNKNOWN_HIDROESTRATIGRAFIA_EM_PARTE_DOS_POCOS|UNKNOWN_INDEPENDENCIA_HIDROGEOLOGICA|UNKNOWN_INTERVALO_CAPTADO|UNKNOWN_QA_HIDROQUIMICO_COMPLETO|UNKNOWN_SERIE_TEMPORAL,"{""espacial"":""SEM_ALERTA_OBJETIVO_DE_LOCALIZACAO"",""hidraulica"":""ENSAIO_COM_METADADOS_MINIMOS_PRESENTE"",""hidroestratigrafica"":""REVISAO_OU_UNKNOWN_PRESENTE"",""hidroquimica"":""EVIDENCIA_HIDROQUIMICA_PARCIAL_PRESENTE_SEM_QA_COMPLETO"",""incerteza"":""INCERTEZA_EXPLICITA_NAO_AGREGADA"",""independencia"":""UNKNOWN_INDEPENDENCIA_HIDROGEOLOGICA_NAO_DEMONSTRADA"",""qualidade_documental"":""ALERTAS_DE_REVISAO_PRESENTES"",""temporal"":""EVIDENCIA_DATADA_PRESENTE_SEM_SERIE"",""vertical"":""PARCIAL_SEM_INTERVALO_CAPTADO_DEMONSTRADO""}"
SCALE-1000-O00-00106,1000,O00,1000.0000000000462,1,COM_POCO_NO_CONJUNTO_AUDITADO,16.88598944326238,1,Formação Serra Geral,100.0,1,Fraturada (Fr),100.0,False,False,0,0.0,0,0.0,0,0.0,0,0.0,1,100.0,0,0.0,0,0.0,0,1,100.0,1,100.0,1,100.0,0,0.0,0,0.0,0,0.0,1,100.0,0,0.0,0,0,0,0,0.0,0,0.0,,0,0,0.0,0,0.0,0,0.0,0,0.0,0,0.0,0,0.0,3.0,SEM_ALERTA_OBJETIVO_DE_LOCALIZACAO,DOCUMENTACAO_HIDROESTRATIGRAFICA_SEM_ALERTA_OBJETIVO,PARCIAL_SEM_INTERVALO_CAPTADO_DEMONSTRADO,EVIDENCIA_HIDRAULICA_PARCIAL_PRESENTE,EVIDENCIA_HIDROQUIMICA_PARCIAL_PRESENTE_SEM_QA_COMPLETO,UNKNOWN_SEM_EVIDENCIA_DATADA_E_SEM_SERIE,UNKNOWN_INDEPENDENCIA_HIDROGEOLOGICA_NAO_DEMONSTRADA,SEM_ALERTA_OBJETIVO_NAS_REGRAS_ATUAIS,INCERTEZA_EXPLICITA_NAO_AGREGADA,UNKNOWN_EVIDENCIA_DATADA|UNKNOWN_INDEPENDENCIA_HIDROGEOLOGICA|UNKNOWN_INTERVALO_CAPTADO|UNKNOWN_QA_HIDROQUIMICO_COMPLETO|UNKNOWN_SERIE_TEMPORAL,"{""espacial"":""SEM_ALERTA_OBJETIVO_DE_LOCALIZACAO"",""hidraulica"":""EVIDENCIA_HIDRAULICA_PARCIAL_PRESENTE"",""hidroestratigrafica"":""DOCUMENTACAO_HIDROESTRATIGRAFICA_SEM_ALERTA_OBJETIVO"",""hidroquimica"":""EVIDENCIA_HIDROQUIMICA_PARCIAL_PRESENTE_SEM_QA_COMPLETO"",""incerteza"":""INCERTEZA_EXPLICITA_NAO_AGREGADA"",""independencia"":""UNKNOWN_INDEPENDENCIA_HIDROGEOLOGICA_NAO_DEMONSTRADA"",""qualidade_documental"":""SEM_ALERTA_OBJETIVO_NAS_REGRAS_ATUAIS"",""temporal"":""UNKNOWN_SEM_EVIDENCIA_DATADA_E_SEM_SERIE"",""vertical"":""PARCIAL_SEM_INTERVALO_CAPTADO_DEMONSTRADO""}"
SCALE-1000-O00-00107,1000,O00,1000.0000000000462,9,COM_POCO_NO_CONJUNTO_AUDITADO,11.378375396479727,1,Formação Serra Geral,100.0,1,Fraturada (Fr),100.0,False,False,0,0.0,0,0.0,4,44.44444444444444,0,0.0,5,55.55555555555556,0,0.0,0,0.0,0,5,55.55555555555556,5,55.55555555555556,5,55.55555555555556,0,0.0,0,0.0,0,0.0,5,55.55555555555556,0,0.0,4,4,1,0,0.0,0,0.0,,0,0,0.0,0,0.0,2,22.22222222222222,4,44.44444444444444,4,44.44444444444444,0,0.0,3.0,SEM_ALERTA_OBJETIVO_DE_LOCALIZACAO,REVISAO_OU_UNKNOWN_PRESENTE,PARCIAL_SEM_INTERVALO_CAPTADO_DEMONSTRADO,EVIDENCIA_HIDRAULICA_PARCIAL_PRESENTE,EVIDENCIA_HIDROQUIMICA_PARCIAL_PRESENTE_SEM_QA_COMPLETO,UNKNOWN_SEM_EVIDENCIA_DATADA_E_SEM_SERIE,UNKNOWN_INDEPENDENCIA_HIDROGEOLOGICA_NAO_DEMONSTRADA,ALERTAS_DE_REVISAO_PRESENTES,INCERTEZA_EXPLICITA_NAO_AGREGADA,UNKNOWN_EVIDENCIA_DATADA|UNKNOWN_HIDROESTRATIGRAFIA_EM_PARTE_DOS_POCOS|UNKNOWN_INDEPENDENCIA_HIDROGEOLOGICA|UNKNOWN_INTERVALO_CAPTADO|UNKNOWN_QA_HIDROQUIMICO_COMPLETO|UNKNOWN_SERIE_TEMPORAL,"{""espacial"":""SEM_ALERTA_OBJETIVO_DE_LOCALIZACAO"",""hidraulica"":""EVIDENCIA_HIDRAULICA_PARCIAL_PRESENTE"",""hidroestratigrafica"":""REVISAO_OU_UNKNOWN_PRESENTE"",""hidroquimica"":""EVIDENCIA_HIDROQUIMICA_PARCIAL_PRESENTE_SEM_QA_COMPLETO"",""incerteza"":""INCERTEZA_EXPLICITA_NAO_AGREGADA"",""independencia"":""UNKNOWN_INDEPENDENCIA_HIDROGEOLOGICA_NAO_DEMONSTRADA"",""qualidade_documental"":""ALERTAS_DE_REVISAO_PRESENTES"",""temporal"":""UNKNOWN_SEM_EVIDENCIA_DATADA_E_SEM_SERIE"",""vertical"":""PARCIAL_SEM_INTERVALO_CAPTADO_DEMONSTRADO""}"
SCALE-1000-O00-00108,1000,O00,1000.0000000000462,7,COM_POCO_NO_CONJUNTO_AUDITADO,12.483072622114678,1,Formação Serra Geral,100.0,1,Fraturada (Fr),100.0,False,False,0,0.0,0,0.0,4,57.142857142857146,0,0.0,3,42.857142857142854,2,28.571428571428573,1,14.285714285714286,0,3,42.857142857142854,3,42.857142857142854,3,42.857142857142854,1,14.285714285714286,1,14.285714285714286,0,0.0,2,28.571428571428573,1,14.285714285714286,1,4,4,2,28.571428571428573,1,14.285714285714286,26.757565179298687,0,0,0.0,0,0.0,0,0.0,6,85.71428571428571,6,85.71428571428571,0,0.0,0.0,SEM_ALERTA_OBJETIVO_DE_LOCALIZACAO,REVISAO_OU_UNKNOWN_PRESENTE,PARCIAL_SEM_INTERVALO_CAPTADO_DEMONSTRADO,ENSAIO_COM_METADADOS_MINIMOS_PRESENTE,EVIDENCIA_HIDROQUIMICA_PARCIAL_PRESENTE_SEM_QA_COMPLETO,EVIDENCIA_DATADA_PRESENTE_SEM_SERIE,UNKNOWN_INDEPENDENCIA_HIDROGEOLOGICA_NAO_DEMONSTRADA,ALERTAS_DE_REVISAO_PRESENTES,INCERTEZA_EXPLICITA_NAO_AGREGADA,UNKNOWN_HIDROESTRATIGRAFIA_EM_PARTE_DOS_POCOS|UNKNOWN_INDEPENDENCIA_HIDROGEOLOGICA|UNKNOWN_INTERVALO_CAPTADO|UNKNOWN_QA_HIDROQUIMICO_COMPLETO|UNKNOWN_SERIE_TEMPORAL,"{""espacial"":""SEM_ALERTA_OBJETIVO_DE_LOCALIZACAO"",""hidraulica"":""ENSAIO_COM_METADADOS_MINIMOS_PRESENTE"",""hidroestratigrafica"":""REVISAO_OU_UNKNOWN_PRESENTE"",""hidroquimica"":""EVIDENCIA_HIDROQUIMICA_PARCIAL_PRESENTE_SEM_QA_COMPLETO"",""incerteza"":""INCERTEZA_EXPLICITA_NAO_AGREGADA"",""independencia"":""UNKNOWN_INDEPENDENCIA_HIDROGEOLOGICA_NAO_DEMONSTRADA"",""qualidade_documental"":""ALERTAS_DE_REVISAO_PRESENTES"",""temporal"":""EVIDENCIA_DATADA_PRESENTE_SEM_SERIE"",""vertical"":""PARCIAL_SEM_INTERVALO_CAPTADO_DEMONSTRADO""}"
SCALE-1000-O00-00109,1000,O00,1000.0000000000462,8,COM_POCO_NO_CONJUNTO_AUDITADO,11.30827391883495,2,Formação Serra Geral,97.46083472041751,2,Fraturada (Fr),97.46083472041751,False,False,0,0.0,0,0.0,2,25.0,0,0.0,6,75.0,2,25.0,0,0.0,0,4,50.0,4,50.0,4,50.0,0,0.0,0,0.0,0,0.0,6,75.0,2,25.0,6,10,4,2,25.0,0,0.0,19.11880462980075,0,0,0.0,0,0.0,4,50.0,4,50.0,4,50.0,0,0.0,3.0,SEM_ALERTA_OBJETIVO_DE_LOCALIZACAO,REVISAO_OU_UNKNOWN_PRESENTE,PARCIAL_SEM_INTERVALO_CAPTADO_DEMONSTRADO,EVIDENCIA_HIDRAULICA_PARCIAL_PRESENTE,EVIDENCIA_HIDROQUIMICA_PARCIAL_PRESENTE_SEM_QA_COMPLETO,EVIDENCIA_DATADA_PRESENTE_SEM_SERIE,UNKNOWN_INDEPENDENCIA_HIDROGEOLOGICA_NAO_DEMONSTRADA,ALERTAS_DE_REVISAO_PRESENTES,INCERTEZA_EXPLICITA_NAO_AGREGADA,UNKNOWN_HIDROESTRATIGRAFIA_EM_PARTE_DOS_POCOS|UNKNOWN_INDEPENDENCIA_HIDROGEOLOGICA|UNKNOWN_INTERVALO_CAPTADO|UNKNOWN_QA_HIDROQUIMICO_COMPLETO|UNKNOWN_SERIE_TEMPORAL,"{""espacial"":""SEM_ALERTA_OBJETIVO_DE_LOCALIZACAO"",""hidraulica"":""EVIDENCIA_HIDRAULICA_PARCIAL_PRESENTE"",""hidroestratigrafica"":""REVISAO_OU_UNKNOWN_PRESENTE"",""hidroquimica"":""EVIDENCIA_HIDROQUIMICA_PARCIAL_PRESENTE_SEM_QA_COMPLETO"",""incerteza"":""INCERTEZA_EXPLICITA_NAO_AGREGADA"",""independencia"":""UNKNOWN_INDEPENDENCIA_HIDROGEOLOGICA_NAO_DEMONSTRADA"",""qualidade_documental"":""ALERTAS_DE_REVISAO_PRESENTES"",""temporal"":""EVIDENCIA_DATADA_PRESENTE_SEM_SERIE"",""vertical"":""PARCIAL_SEM_INTERVALO_CAPTADO_DEMONSTRADO""}"
SCALE-1000-O00-00110,1000,O00,1000.0000000000462,25,COM_POCO_NO_CONJUNTO_AUDITADO,9.27416380207508,2,Formação Serra Geral,87.32164362181207,2,Fraturada (Fr),87.32164362181207,False,False,0,0.0,0,0.0,0,0.0,2,8.0,25,100.0,19,76.0,0,0.0,0,25,100.0,25,100.0,24,96.0,11,44.0,11,44.0,0,0.0,11,44.0,6,24.0,9,15,6,19,76.0,6,24.0,17.823774615495186,0,2,8.0,0,0.0,13,52.0,19,76.0,17,68.0,0,0.0,4.0,SEM_ALERTA_OBJETIVO_DE_LOCALIZACAO,REVISAO_OU_UNKNOWN_PRESENTE,PARCIAL_SEM_INTERVALO_CAPTADO_DEMONSTRADO,ENSAIO_COM_METADADOS_MINIMOS_PRESENTE,EVIDENCIA_HIDROQUIMICA_PARCIAL_PRESENTE_SEM_QA_COMPLETO,EVIDENCIA_DATADA_PRESENTE_SEM_SERIE,UNKNOWN_INDEPENDENCIA_HIDROGEOLOGICA_NAO_DEMONSTRADA,ALERTAS_DE_REVISAO_PRESENTES,INCERTEZA_EXPLICITA_NAO_AGREGADA,UNKNOWN_INDEPENDENCIA_HIDROGEOLOGICA|UNKNOWN_INTERVALO_CAPTADO|UNKNOWN_QA_HIDROQUIMICO_COMPLETO|UNKNOWN_SERIE_TEMPORAL,"{""espacial"":""SEM_ALERTA_OBJETIVO_DE_LOCALIZACAO"",""hidraulica"":""ENSAIO_COM_METADADOS_MINIMOS_PRESENTE"",""hidroestratigrafica"":""REVISAO_OU_UNKNOWN_PRESENTE"",""hidroquimica"":""EVIDENCIA_HIDROQUIMICA_PARCIAL_PRESENTE_SEM_QA_COMPLETO"",""incerteza"":""INCERTEZA_EXPLICITA_NAO_AGREGADA"",""independencia"":""UNKNOWN_INDEPENDENCIA_HIDROGEOLOGICA_NAO_DEMONSTRADA"",""qualidade_documental"":""ALERTAS_DE_REVISAO_PRESENTES"",""temporal"":""EVIDENCIA_DATADA_PRESENTE_SEM_SERIE"",""vertical"":""PARCIAL_SEM_INTERVALO_CAPTADO_DEMONSTRADO""}"
SCALE-1000-O00-00111,1000,O00,1000.0000000000462,3,COM_POCO_NO_CONJUNTO_AUDITADO,14.599334580908438,2,Grupo Caiuá,51.416507360230604,2,Granular (Gr),51.41650755935996,False,False,0,0.0,0,0.0,0,0.0,1,33.333333333333336,3,100.0,2,66.66666666666667,1,33.333333333333336,0,3,100.0,3,100.0,3,100.0,1,33.333333333333336,1,33.333333333333336,0,0.0,1,33.333333333333336,0,0.0,0,0,0,2,66.66666666666667,0,0.0,24.149708755142132,0,0,0.0,0,0.0,0,0.0,2,66.66666666666667,2,66.66666666666667,0,0.0,4.0,SEM_ALERTA_OBJETIVO_DE_LOCALIZACAO,REVISAO_OU_UNKNOWN_PRESENTE,PARCIAL_SEM_INTERVALO_CAPTADO_DEMONSTRADO,ENSAIO_COM_METADADOS_MINIMOS_PRESENTE,EVIDENCIA_HIDROQUIMICA_PARCIAL_PRESENTE_SEM_QA_COMPLETO,EVIDENCIA_DATADA_PRESENTE_SEM_SERIE,UNKNOWN_INDEPENDENCIA_HIDROGEOLOGICA_NAO_DEMONSTRADA,ALERTAS_DE_REVISAO_PRESENTES,INCERTEZA_EXPLICITA_NAO_AGREGADA,UNKNOWN_INDEPENDENCIA_HIDROGEOLOGICA|UNKNOWN_INTERVALO_CAPTADO|UNKNOWN_QA_HIDROQUIMICO_COMPLETO|UNKNOWN_SERIE_TEMPORAL,"{""espacial"":""SEM_ALERTA_OBJETIVO_DE_LOCALIZACAO"",""hidraulica"":""ENSAIO_COM_METADADOS_MINIMOS_PRESENTE"",""hidroestratigrafica"":""REVISAO_OU_UNKNOWN_PRESENTE"",""hidroquimica"":""EVIDENCIA_HIDROQUIMICA_PARCIAL_PRESENTE_SEM_QA_COMPLETO"",""incerteza"":""INCERTEZA_EXPLICITA_NAO_AGREGADA"",""independencia"":""UNKNOWN_INDEPENDENCIA_HIDROGEOLOGICA_NAO_DEMONSTRADA"",""qualidade_documental"":""ALERTAS_DE_REVISAO_PRESENTES"",""temporal"":""EVIDENCIA_DATADA_PRESENTE_SEM_SERIE"",""vertical"":""PARCIAL_SEM_INTERVALO_CAPTADO_DEMONSTRADO""}"
SCALE-1000-O00-00112,1000,O00,1000.0000000000462,0,SEM_POCO_NO_CONJUNTO_AUDITADO,27.254851664119847,1,Grupo Caiuá,100.0,1,Granular (Gr),100.0,False,False,0,,0,,0,,0,,0,,0,,0,,0,0,,0,,0,,0,,0,,0,,0,,0,,0,0,0,0,,0,,,0,0,,0,,0,,0,,0,,0,,,SEM_POCO_NO_CONJUNTO_AUDITADO,UNKNOWN_SEM_POCO_PARA_AVALIACAO_LOCAL,UNKNOWN_SEM_POCO_PARA_AVALIACAO_VERTICAL,UNKNOWN_SEM_POCO_PARA_AVALIACAO_HIDRAULICA,UNKNOWN_SEM_POCO_PARA_AVALIACAO_HIDROQUIMICA,UNKNOWN_SEM_POCO_PARA_AVALIACAO_TEMPORAL,UNKNOWN_INDEPENDENCIA_HIDROGEOLOGICA_NAO_DEMONSTRADA,UNKNOWN_SEM_POCO_PARA_AVALIACAO_DOCUMENTAL,INCERTEZA_EXPLICITA_NAO_AGREGADA,UNKNOWN_SEM_POCO_NO_CONJUNTO_AUDITADO,"{""espacial"":""SEM_POCO_NO_CONJUNTO_AUDITADO"",""hidraulica"":""UNKNOWN_SEM_POCO_PARA_AVALIACAO_HIDRAULICA"",""hidroestratigrafica"":""UNKNOWN_SEM_POCO_PARA_AVALIACAO_LOCAL"",""hidroquimica"":""UNKNOWN_SEM_POCO_PARA_AVALIACAO_HIDROQUIMICA"",""incerteza"":""INCERTEZA_EXPLICITA_NAO_AGREGADA"",""independencia"":""UNKNOWN_INDEPENDENCIA_HIDROGEOLOGICA_NAO_DEMONSTRADA"",""qualidade_documental"":""UNKNOWN_SEM_POCO_PARA_AVALIACAO_DOCUMENTAL"",""temporal"":""UNKNOWN_SEM_POCO_PARA_AVALIACAO_TEMPORAL"",""vertical"":""UNKNOWN_SEM_POCO_PARA_AVALIACAO_VERTICAL""}"
SCALE-1000-O00-00113,1000,O00,1000.0000000000462,0,SEM_POCO_NO_CONJUNTO_AUDITADO,34.26765366661451,1,Grupo Caiuá,100.0,1,Granular (Gr),100.0,False,False,0,,0,,0,,0,,0,,0,,0,,0,0,,0,,0,,0,,0,,0,,0,,0,,0,0,0,0,,0,,,0,0,,0,,0,,0,,0,,0,,,SEM_POCO_NO_CONJUNTO_AUDITADO,UNKNOWN_SEM_POCO_PARA_AVALIACAO_LOCAL,UNKNOWN_SEM_POCO_PARA_AVALIACAO_VERTICAL,UNKNOWN_SEM_POCO_PARA_AVALIACAO_HIDRAULICA,UNKNOWN_SEM_POCO_PARA_AVALIACAO_HIDROQUIMICA,UNKNOWN_SEM_POCO_PARA_AVALIACAO_TEMPORAL,UNKNOWN_INDEPENDENCIA_HIDROGEOLOGICA_NAO_DEMONSTRADA,UNKNOWN_SEM_POCO_PARA_AVALIACAO_DOCUMENTAL,INCERTEZA_EXPLICITA_NAO_AGREGADA,UNKNOWN_SEM_POCO_NO_CONJUNTO_AUDITADO,"{""espacial"":""SEM_POCO_NO_CONJUNTO_AUDITADO"",""hidraulica"":""UNKNOWN_SEM_POCO_PARA_AVALIACAO_HIDRAULICA"",""hidroestratigrafica"":""UNKNOWN_SEM_POCO_PARA_AVALIACAO_LOCAL"",""hidroquimica"":""UNKNOWN_SEM_POCO_PARA_AVALIACAO_HIDROQUIMICA"",""incerteza"":""INCERTEZA_EXPLICITA_NAO_AGREGADA"",""independencia"":""UNKNOWN_INDEPENDENCIA_HIDROGEOLOGICA_NAO_DEMONSTRADA"",""qualidade_documental"":""UNKNOWN_SEM_POCO_PARA_AVALIACAO_DOCUMENTAL"",""temporal"":""UNKNOWN_SEM_POCO_PARA_AVALIACAO_TEMPORAL"",""vertical"":""UNKNOWN_SEM_POCO_PARA_AVALIACAO_VERTICAL""}"
SCALE-1000-O00-00114,1000,O00,1000.0000000000462,1,COM_POCO_NO_CONJUNTO_AUDITADO,18.11897611202897,1,Grupo Caiuá,100.0,1,Granular (Gr),100.0,False,False,0,0.0,0,0.0,0,0.0,1,100.0,1,100.0,0,0.0,0,0.0,0,1,100.0,1,100.0,1,100.0,0,0.0,0,0.0,0,0.0,1,100.0,0,0.0,1,1,1,0,0.0,0,0.0,,0,0,0.0,0,0.0,0,0.0,0,0.0,0,0.0,0,0.0,4.0,SEM_ALERTA_OBJETIVO_DE_LOCALIZACAO,REVISAO_OU_UNKNOWN_PRESENTE,PARCIAL_SEM_INTERVALO_CAPTADO_DEMONSTRADO,EVIDENCIA_HIDRAULICA_PARCIAL_PRESENTE,EVIDENCIA_HIDROQUIMICA_PARCIAL_PRESENTE_SEM_QA_COMPLETO,UNKNOWN_SEM_EVIDENCIA_DATADA_E_SEM_SERIE,UNKNOWN_INDEPENDENCIA_HIDROGEOLOGICA_NAO_DEMONSTRADA,SEM_ALERTA_OBJETIVO_NAS_REGRAS_ATUAIS,INCERTEZA_EXPLICITA_NAO_AGREGADA,UNKNOWN_EVIDENCIA_DATADA|UNKNOWN_INDEPENDENCIA_HIDROGEOLOGICA|UNKNOWN_INTERVALO_CAPTADO|UNKNOWN_QA_HIDROQUIMICO_COMPLETO|UNKNOWN_SERIE_TEMPORAL,"{""espacial"":""SEM_ALERTA_OBJETIVO_DE_LOCALIZACAO"",""hidraulica"":""EVIDENCIA_HIDRAULICA_PARCIAL_PRESENTE"",""hidroestratigrafica"":""REVISAO_OU_UNKNOWN_PRESENTE"",""hidroquimica"":""EVIDENCIA_HIDROQUIMICA_PARCIAL_PRESENTE_SEM_QA_COMPLETO"",""incerteza"":""INCERTEZA_EXPLICITA_NAO_AGREGADA"",""independencia"":""UNKNOWN_INDEPENDENCIA_HIDROGEOLOGICA_NAO_DEMONSTRADA"",""qualidade_documental"":""SEM_ALERTA_OBJETIVO_NAS_REGRAS_ATUAIS"",""temporal"":""UNKNOWN_SEM_EVIDENCIA_DATADA_E_SEM_SERIE"",""vertical"":""PARCIAL_SEM_INTERVALO_CAPTADO_DEMONSTRADO""}"
SCALE-1000-O00-00115,1000,O00,1000.0000000000462,0,SEM_POCO_NO_CONJUNTO_AUDITADO,19.417128253831937,1,Grupo Caiuá,100.0,1,Granular (Gr),100.0,False,False,0,,0,,0,,0,,0,,0,,0,,0,0,,0,,0,,0,,0,,0,,0,,0,,0,0,0,0,,0,,,0,0,,0,,0,,0,,0,,0,,,SEM_POCO_NO_CONJUNTO_AUDITADO,UNKNOWN_SEM_POCO_PARA_AVALIACAO_LOCAL,UNKNOWN_SEM_POCO_PARA_AVALIACAO_VERTICAL,UNKNOWN_SEM_POCO_PARA_AVALIACAO_HIDRAULICA,UNKNOWN_SEM_POCO_PARA_AVALIACAO_HIDROQUIMICA,UNKNOWN_SEM_POCO_PARA_AVALIACAO_TEMPORAL,UNKNOWN_INDEPENDENCIA_HIDROGEOLOGICA_NAO_DEMONSTRADA,UNKNOWN_SEM_POCO_PARA_AVALIACAO_DOCUMENTAL,INCERTEZA_EXPLICITA_NAO_AGREGADA,UNKNOWN_SEM_POCO_NO_CONJUNTO_AUDITADO,"{""espacial"":""SEM_POCO_NO_CONJUNTO_AUDITADO"",""hidraulica"":""UNKNOWN_SEM_POCO_PARA_AVALIACAO_HIDRAULICA"",""hidroestratigrafica"":""UNKNOWN_SEM_POCO_PARA_AVALIACAO_LOCAL"",""hidroquimica"":""UNKNOWN_SEM_POCO_PARA_AVALIACAO_HIDROQUIMICA"",""incerteza"":""INCERTEZA_EXPLICITA_NAO_AGREGADA"",""independencia"":""UNKNOWN_INDEPENDENCIA_HIDROGEOLOGICA_NAO_DEMONSTRADA"",""qualidade_documental"":""UNKNOWN_SEM_POCO_PARA_AVALIACAO_DOCUMENTAL"",""temporal"":""UNKNOWN_SEM_POCO_PARA_AVALIACAO_TEMPORAL"",""vertical"":""UNKNOWN_SEM_POCO_PARA_AVALIACAO_VERTICAL""}"
SCALE-1000-O00-00116,1000,O00,1000.0000000000462,4,COM_POCO_NO_CONJUNTO_AUDITADO,14.735041789104027,2,Grupo Caiuá,97.8350140863313,1,Granular (Gr),100.0,False,False,0,0.0,0,0.0,0,0.0,4,100.0,4,100.0,0,0.0,0,0.0,0,4,100.0,4,100.0,4,100.0,0,0.0,0,0.0,0,0.0,4,100.0,0,0.0,3,3,1,0,0.0,0,0.0,,0,0,0.0,0,0.0,0,0.0,0,0.0,0,0.0,0,0.0,4.0,SEM_ALERTA_OBJETIVO_DE_LOCALIZACAO,REVISAO_OU_UNKNOWN_PRESENTE,PARCIAL_SEM_INTERVALO_CAPTADO_DEMONSTRADO,EVIDENCIA_HIDRAULICA_PARCIAL_PRESENTE,EVIDENCIA_HIDROQUIMICA_PARCIAL_PRESENTE_SEM_QA_COMPLETO,UNKNOWN_SEM_EVIDENCIA_DATADA_E_SEM_SERIE,UNKNOWN_INDEPENDENCIA_HIDROGEOLOGICA_NAO_DEMONSTRADA,SEM_ALERTA_OBJETIVO_NAS_REGRAS_ATUAIS,INCERTEZA_EXPLICITA_NAO_AGREGADA,UNKNOWN_EVIDENCIA_DATADA|UNKNOWN_INDEPENDENCIA_HIDROGEOLOGICA|UNKNOWN_INTERVALO_CAPTADO|UNKNOWN_QA_HIDROQUIMICO_COMPLETO|UNKNOWN_SERIE_TEMPORAL,"{""espacial"":""SEM_ALERTA_OBJETIVO_DE_LOCALIZACAO"",""hidraulica"":""EVIDENCIA_HIDRAULICA_PARCIAL_PRESENTE"",""hidroestratigrafica"":""REVISAO_OU_UNKNOWN_PRESENTE"",""hidroquimica"":""EVIDENCIA_HIDROQUIMICA_PARCIAL_PRESENTE_SEM_QA_COMPLETO"",""incerteza"":""INCERTEZA_EXPLICITA_NAO_AGREGADA"",""independencia"":""UNKNOWN_INDEPENDENCIA_HIDROGEOLOGICA_NAO_DEMONSTRADA"",""qualidade_documental"":""SEM_ALERTA_OBJETIVO_NAS_REGRAS_ATUAIS"",""temporal"":""UNKNOWN_SEM_EVIDENCIA_DATADA_E_SEM_SERIE"",""vertical"":""PARCIAL_SEM_INTERVALO_CAPTADO_DEMONSTRADO""}"
SCALE-1000-O00-00117,1000,O00,768.9104443560392,13,COM_POCO_NO_CONJUNTO_AUDITADO,13.933371036902916,2,Grupo Caiuá,67.10953725533645,1,Granular (Gr),100.00000000000001,False,False,0,0.0,0,0.0,0,0.0,13,100.0,13,100.0,0,0.0,0,0.0,0,13,100.0,13,100.0,8,61.53846153846154,0,0.0,0,0.0,0,0.0,12,92.3076923076923,0,0.0,12,12,1,0,0.0,0,0.0,,0,0,0.0,0,0.0,2,15.384615384615385,0,0.0,0,0.0,0,0.0,4.0,SEM_ALERTA_OBJETIVO_DE_LOCALIZACAO,REVISAO_OU_UNKNOWN_PRESENTE,PARCIAL_SEM_INTERVALO_CAPTADO_DEMONSTRADO,EVIDENCIA_HIDRAULICA_PARCIAL_PRESENTE,EVIDENCIA_HIDROQUIMICA_PARCIAL_PRESENTE_SEM_QA_COMPLETO,UNKNOWN_SEM_EVIDENCIA_DATADA_E_SEM_SERIE,UNKNOWN_INDEPENDENCIA_HIDROGEOLOGICA_NAO_DEMONSTRADA,SEM_ALERTA_OBJETIVO_NAS_REGRAS_ATUAIS,INCERTEZA_EXPLICITA_NAO_AGREGADA,UNKNOWN_EVIDENCIA_DATADA|UNKNOWN_INDEPENDENCIA_HIDROGEOLOGICA|UNKNOWN_INTERVALO_CAPTADO|UNKNOWN_QA_HIDROQUIMICO_COMPLETO|UNKNOWN_SERIE_TEMPORAL,"{""espacial"":""SEM_ALERTA_OBJETIVO_DE_LOCALIZACAO"",""hidraulica"":""EVIDENCIA_HIDRAULICA_PARCIAL_PRESENTE"",""hidroestratigrafica"":""REVISAO_OU_UNKNOWN_PRESENTE"",""hidroquimica"":""EVIDENCIA_HIDROQUIMICA_PARCIAL_PRESENTE_SEM_QA_COMPLETO"",""incerteza"":""INCERTEZA_EXPLICITA_NAO_AGREGADA"",""independencia"":""UNKNOWN_INDEPENDENCIA_HIDROGEOLOGICA_NAO_DEMONSTRADA"",""qualidade_documental"":""SEM_ALERTA_OBJETIVO_NAS_REGRAS_ATUAIS"",""temporal"":""UNKNOWN_SEM_EVIDENCIA_DATADA_E_SEM_SERIE"",""vertical"":""PARCIAL_SEM_INTERVALO_CAPTADO_DEMONSTRADO""}"
SCALE-1000-O00-00118,1000,O00,0.3151328324884543,0,SEM_POCO_NO_CONJUNTO_AUDITADO,,1,Depósitos aluvionares,100.0,1,Granular (Gr),100.0,False,False,0,,0,,0,,0,,0,,0,,0,,0,0,,0,,0,,0,,0,,0,,0,,0,,0,0,0,0,,0,,,0,0,,0,,0,,0,,0,,0,,,SEM_POCO_NO_CONJUNTO_AUDITADO,UNKNOWN_SEM_POCO_PARA_AVALIACAO_LOCAL,UNKNOWN_SEM_POCO_PARA_AVALIACAO_VERTICAL,UNKNOWN_SEM_POCO_PARA_AVALIACAO_HIDRAULICA,UNKNOWN_SEM_POCO_PARA_AVALIACAO_HIDROQUIMICA,UNKNOWN_SEM_POCO_PARA_AVALIACAO_TEMPORAL,UNKNOWN_INDEPENDENCIA_HIDROGEOLOGICA_NAO_DEMONSTRADA,UNKNOWN_SEM_POCO_PARA_AVALIACAO_DOCUMENTAL,INCERTEZA_EXPLICITA_NAO_AGREGADA,UNKNOWN_SEM_POCO_NO_CONJUNTO_AUDITADO,"{""espacial"":""SEM_POCO_NO_CONJUNTO_AUDITADO"",""hidraulica"":""UNKNOWN_SEM_POCO_PARA_AVALIACAO_HIDRAULICA"",""hidroestratigrafica"":""UNKNOWN_SEM_POCO_PARA_AVALIACAO_LOCAL"",""hidroquimica"":""UNKNOWN_SEM_POCO_PARA_AVALIACAO_HIDROQUIMICA"",""incerteza"":""INCERTEZA_EXPLICITA_NAO_AGREGADA"",""independencia"":""UNKNOWN_INDEPENDENCIA_HIDROGEOLOGICA_NAO_DEMONSTRADA"",""qualidade_documental"":""UNKNOWN_SEM_POCO_PARA_AVALIACAO_DOCUMENTAL"",""temporal"":""UNKNOWN_SEM_POCO_PARA_AVALIACAO_TEMPORAL"",""vertical"":""UNKNOWN_SEM_POCO_PARA_AVALIACAO_VERTICAL""}"
SCALE-1000-O00-00119,1000,O00,713.8699249666943,0,SEM_POCO_NO_CONJUNTO_AUDITADO,101.55670499452688,2,Formação Pantanal,92.35164252342251,1,Granular (Gr),100.0,False,False,0,,0,,0,,0,,0,,0,,0,,0,0,,0,,0,,0,,0,,0,,0,,0,,0,0,0,0,,0,,,0,0,,0,,0,,0,,0,,0,,,SEM_POCO_NO_CONJUNTO_AUDITADO,UNKNOWN_SEM_POCO_PARA_AVALIACAO_LOCAL,UNKNOWN_SEM_POCO_PARA_AVALIACAO_VERTICAL,UNKNOWN_SEM_POCO_PARA_AVALIACAO_HIDRAULICA,UNKNOWN_SEM_POCO_PARA_AVALIACAO_HIDROQUIMICA,UNKNOWN_SEM_POCO_PARA_AVALIACAO_TEMPORAL,UNKNOWN_INDEPENDENCIA_HIDROGEOLOGICA_NAO_DEMONSTRADA,UNKNOWN_SEM_POCO_PARA_AVALIACAO_DOCUMENTAL,INCERTEZA_EXPLICITA_NAO_AGREGADA,UNKNOWN_SEM_POCO_NO_CONJUNTO_AUDITADO,"{""espacial"":""SEM_POCO_NO_CONJUNTO_AUDITADO"",""hidraulica"":""UNKNOWN_SEM_POCO_PARA_AVALIACAO_HIDRAULICA"",""hidroestratigrafica"":""UNKNOWN_SEM_POCO_PARA_AVALIACAO_LOCAL"",""hidroquimica"":""UNKNOWN_SEM_POCO_PARA_AVALIACAO_HIDROQUIMICA"",""incerteza"":""INCERTEZA_EXPLICITA_NAO_AGREGADA"",""independencia"":""UNKNOWN_INDEPENDENCIA_HIDROGEOLOGICA_NAO_DEMONSTRADA"",""qualidade_documental"":""UNKNOWN_SEM_POCO_PARA_AVALIACAO_DOCUMENTAL"",""temporal"":""UNKNOWN_SEM_POCO_PARA_AVALIACAO_TEMPORAL"",""vertical"":""UNKNOWN_SEM_POCO_PARA_AVALIACAO_VERTICAL""}"
SCALE-1000-O00-00120,1000,O00,1000.0000000000462,0,SEM_POCO_NO_CONJUNTO_AUDITADO,85.18163994135665,3,Formação Pantanal,74.10187124835768,2,Granular (Gr),81.3979046048869,False,False,0,,0,,0,,0,,0,,0,,0,,0,0,,0,,0,,0,,0,,0,,0,,0,,0,0,0,0,,0,,,0,0,,0,,0,,0,,0,,0,,,SEM_POCO_NO_CONJUNTO_AUDITADO,UNKNOWN_SEM_POCO_PARA_AVALIACAO_LOCAL,UNKNOWN_SEM_POCO_PARA_AVALIACAO_VERTICAL,UNKNOWN_SEM_POCO_PARA_AVALIACAO_HIDRAULICA,UNKNOWN_SEM_POCO_PARA_AVALIACAO_HIDROQUIMICA,UNKNOWN_SEM_POCO_PARA_AVALIACAO_TEMPORAL,UNKNOWN_INDEPENDENCIA_HIDROGEOLOGICA_NAO_DEMONSTRADA,UNKNOWN_SEM_POCO_PARA_AVALIACAO_DOCUMENTAL,INCERTEZA_EXPLICITA_NAO_AGREGADA,UNKNOWN_SEM_POCO_NO_CONJUNTO_AUDITADO,"{""espacial"":""SEM_POCO_NO_CONJUNTO_AUDITADO"",""hidraulica"":""UNKNOWN_SEM_POCO_PARA_AVALIACAO_HIDRAULICA"",""hidroestratigrafica"":""UNKNOWN_SEM_POCO_PARA_AVALIACAO_LOCAL"",""hidroquimica"":""UNKNOWN_SEM_POCO_PARA_AVALIACAO_HIDROQUIMICA"",""incerteza"":""INCERTEZA_EXPLICITA_NAO_AGREGADA"",""independencia"":""UNKNOWN_INDEPENDENCIA_HIDROGEOLOGICA_NAO_DEMONSTRADA"",""qualidade_documental"":""UNKNOWN_SEM_POCO_PARA_AVALIACAO_DOCUMENTAL"",""temporal"":""UNKNOWN_SEM_POCO_PARA_AVALIACAO_TEMPORAL"",""vertical"":""UNKNOWN_SEM_POCO_PARA_AVALIACAO_VERTICAL""}"
SCALE-1000-O00-00121,1000,O00,1000.0000000000462,0,SEM_POCO_NO_CONJUNTO_AUDITADO,57.733013155194485,3,Embasamento Indiferenciado,78.51449489422674,2,Fraturada (Fr),78.51449489422673,False,False,0,,0,,0,,0,,0,,0,,0,,0,0,,0,,0,,0,,0,,0,,0,,0,,0,0,0,0,,0,,,0,0,,0,,0,,0,,0,,0,,,SEM_POCO_NO_CONJUNTO_AUDITADO,UNKNOWN_SEM_POCO_PARA_AVALIACAO_LOCAL,UNKNOWN_SEM_POCO_PARA_AVALIACAO_VERTICAL,UNKNOWN_SEM_POCO_PARA_AVALIACAO_HIDRAULICA,UNKNOWN_SEM_POCO_PARA_AVALIACAO_HIDROQUIMICA,UNKNOWN_SEM_POCO_PARA_AVALIACAO_TEMPORAL,UNKNOWN_INDEPENDENCIA_HIDROGEOLOGICA_NAO_DEMONSTRADA,UNKNOWN_SEM_POCO_PARA_AVALIACAO_DOCUMENTAL,INCERTEZA_EXPLICITA_NAO_AGREGADA,UNKNOWN_SEM_POCO_NO_CONJUNTO_AUDITADO,"{""espacial"":""SEM_POCO_NO_CONJUNTO_AUDITADO"",""hidraulica"":""UNKNOWN_SEM_POCO_PARA_AVALIACAO_HIDRAULICA"",""hidroestratigrafica"":""UNKNOWN_SEM_POCO_PARA_AVALIACAO_LOCAL"",""hidroquimica"":""UNKNOWN_SEM_POCO_PARA_AVALIACAO_HIDROQUIMICA"",""incerteza"":""INCERTEZA_EXPLICITA_NAO_AGREGADA"",""independencia"":""UNKNOWN_INDEPENDENCIA_HIDROGEOLOGICA_NAO_DEMONSTRADA"",""qualidade_documental"":""UNKNOWN_SEM_POCO_PARA_AVALIACAO_DOCUMENTAL"",""temporal"":""UNKNOWN_SEM_POCO_PARA_AVALIACAO_TEMPORAL"",""vertical"":""UNKNOWN_SEM_POCO_PARA_AVALIACAO_VERTICAL""}"
SCALE-1000-O00-00122,1000,O00,1000.0000000000462,1,COM_POCO_NO_CONJUNTO_AUDITADO,30.60421488789339,3,Grupo Corumbá,49.19836720410106,3,Cárstica (K),49.19836720410106,False,False,0,0.0,0,0.0,0,0.0,1,100.0,1,100.0,1,100.0,0,0.0,0,1,100.0,0,0.0,0,0.0,1,100.0,1,100.0,0,0.0,0,0.0,0,0.0,0,0,0,1,100.0,0,0.0,47.29186773171249,0,0,0.0,0,0.0,0,0.0,1,100.0,1,100.0,0,0.0,4.0,SEM_ALERTA_OBJETIVO_DE_LOCALIZACAO,REVISAO_OU_UNKNOWN_PRESENTE,PARCIAL_SEM_INTERVALO_CAPTADO_DEMONSTRADO,ENSAIO_COM_METADADOS_MINIMOS_PRESENTE,UNKNOWN_SEM_EVIDENCIA_HIDROQUIMICA_NO_CONJUNTO,EVIDENCIA_DATADA_PRESENTE_SEM_SERIE,UNKNOWN_INDEPENDENCIA_HIDROGEOLOGICA_NAO_DEMONSTRADA,ALERTAS_DE_REVISAO_PRESENTES,INCERTEZA_EXPLICITA_NAO_AGREGADA,UNKNOWN_EVIDENCIA_HIDROQUIMICA|UNKNOWN_INDEPENDENCIA_HIDROGEOLOGICA|UNKNOWN_INTERVALO_CAPTADO|UNKNOWN_QA_HIDROQUIMICO_COMPLETO|UNKNOWN_SERIE_TEMPORAL,"{""espacial"":""SEM_ALERTA_OBJETIVO_DE_LOCALIZACAO"",""hidraulica"":""ENSAIO_COM_METADADOS_MINIMOS_PRESENTE"",""hidroestratigrafica"":""REVISAO_OU_UNKNOWN_PRESENTE"",""hidroquimica"":""UNKNOWN_SEM_EVIDENCIA_HIDROQUIMICA_NO_CONJUNTO"",""incerteza"":""INCERTEZA_EXPLICITA_NAO_AGREGADA"",""independencia"":""UNKNOWN_INDEPENDENCIA_HIDROGEOLOGICA_NAO_DEMONSTRADA"",""qualidade_documental"":""ALERTAS_DE_REVISAO_PRESENTES"",""temporal"":""EVIDENCIA_DATADA_PRESENTE_SEM_SERIE"",""vertical"":""PARCIAL_SEM_INTERVALO_CAPTADO_DEMONSTRADO""}"
SCALE-1000-O00-00123,1000,O00,1000.0000000000462,58,COM_POCO_NO_CONJUNTO_AUDITADO,14.04923823043511,5,Grupo Cuiaba,45.838785336392476,3,Cárstica (K),55.111126041001384,False,False,2,3.4482758620689653,0,0.0,12,20.689655172413794,3,5.172413793103448,57,98.27586206896552,46,79.3103448275862,2,3.4482758620689653,0,53,91.37931034482759,53,91.37931034482759,53,91.37931034482759,42,72.41379310344827,42,72.41379310344827,1,1.7241379310344827,15,25.862068965517242,4,6.896551724137931,14,14,2,42,72.41379310344827,4,6.896551724137931,33.438058276350645,0,2,3.4482758620689653,2,3.4482758620689653,44,75.86206896551724,47,81.03448275862068,47,81.03448275862068,0,0.0,4.0,COM_COORDENADA_OU_MUNICIPIO_EM_REVISAO,REVISAO_OU_UNKNOWN_PRESENTE,PARCIAL_SEM_INTERVALO_CAPTADO_DEMONSTRADO,TRANSMISSIVIDADE_INFORMADA_NAO_VALIDADA_PRESENTE,EVIDENCIA_HIDROQUIMICA_PARCIAL_PRESENTE_SEM_QA_COMPLETO,EVIDENCIA_DATADA_PRESENTE_SEM_SERIE,UNKNOWN_INDEPENDENCIA_HIDROGEOLOGICA_NAO_DEMONSTRADA,ALERTAS_DE_REVISAO_PRESENTES,INCERTEZA_EXPLICITA_NAO_AGREGADA,UNKNOWN_HIDROESTRATIGRAFIA_EM_PARTE_DOS_POCOS|UNKNOWN_INDEPENDENCIA_HIDROGEOLOGICA|UNKNOWN_INTERVALO_CAPTADO|UNKNOWN_QA_HIDROQUIMICO_COMPLETO|UNKNOWN_SERIE_TEMPORAL,"{""espacial"":""COM_COORDENADA_OU_MUNICIPIO_EM_REVISAO"",""hidraulica"":""TRANSMISSIVIDADE_INFORMADA_NAO_VALIDADA_PRESENTE"",""hidroestratigrafica"":""REVISAO_OU_UNKNOWN_PRESENTE"",""hidroquimica"":""EVIDENCIA_HIDROQUIMICA_PARCIAL_PRESENTE_SEM_QA_COMPLETO"",""incerteza"":""INCERTEZA_EXPLICITA_NAO_AGREGADA"",""independencia"":""UNKNOWN_INDEPENDENCIA_HIDROGEOLOGICA_NAO_DEMONSTRADA"",""qualidade_documental"":""ALERTAS_DE_REVISAO_PRESENTES"",""temporal"":""EVIDENCIA_DATADA_PRESENTE_SEM_SERIE"",""vertical"":""PARCIAL_SEM_INTERVALO_CAPTADO_DEMONSTRADO""}"
SCALE-1000-O00-00124,1000,O00,1000.0000000000462,3,COM_POCO_NO_CONJUNTO_AUDITADO,15.296933487074297,4,Formação Aquidauana,78.34214734747538,2,Granular (Gr),94.0955400141338,False,False,2,66.66666666666667,0,0.0,3,100.0,0,0.0,3,100.0,0,0.0,0,0.0,0,2,66.66666666666667,2,66.66666666666667,2,66.66666666666667,0,0.0,0,0.0,0,0.0,2,66.66666666666667,0,0.0,2,2,1,0,0.0,0,0.0,,0,0,0.0,0,0.0,3,100.0,0,0.0,0,0.0,0,0.0,3.0,COM_COORDENADA_OU_MUNICIPIO_EM_REVISAO,REVISAO_OU_UNKNOWN_PRESENTE,PARCIAL_SEM_INTERVALO_CAPTADO_DEMONSTRADO,EVIDENCIA_HIDRAULICA_PARCIAL_PRESENTE,EVIDENCIA_HIDROQUIMICA_PARCIAL_PRESENTE_SEM_QA_COMPLETO,UNKNOWN_SEM_EVIDENCIA_DATADA_E_SEM_SERIE,UNKNOWN_INDEPENDENCIA_HIDROGEOLOGICA_NAO_DEMONSTRADA,SEM_ALERTA_OBJETIVO_NAS_REGRAS_ATUAIS,INCERTEZA_EXPLICITA_NAO_AGREGADA,UNKNOWN_EVIDENCIA_DATADA|UNKNOWN_HIDROESTRATIGRAFIA_EM_PARTE_DOS_POCOS|UNKNOWN_INDEPENDENCIA_HIDROGEOLOGICA|UNKNOWN_INTERVALO_CAPTADO|UNKNOWN_QA_HIDROQUIMICO_COMPLETO|UNKNOWN_SERIE_TEMPORAL,"{""espacial"":""COM_COORDENADA_OU_MUNICIPIO_EM_REVISAO"",""hidraulica"":""EVIDENCIA_HIDRAULICA_PARCIAL_PRESENTE"",""hidroestratigrafica"":""REVISAO_OU_UNKNOWN_PRESENTE"",""hidroquimica"":""EVIDENCIA_HIDROQUIMICA_PARCIAL_PRESENTE_SEM_QA_COMPLETO"",""incerteza"":""INCERTEZA_EXPLICITA_NAO_AGREGADA"",""independencia"":""UNKNOWN_INDEPENDENCIA_HIDROGEOLOGICA_NAO_DEMONSTRADA"",""qualidade_documental"":""SEM_ALERTA_OBJETIVO_NAS_REGRAS_ATUAIS"",""temporal"":""UNKNOWN_SEM_EVIDENCIA_DATADA_E_SEM_SERIE"",""vertical"":""PARCIAL_SEM_INTERVALO_CAPTADO_DEMONSTRADO""}"
SCALE-1000-O00-00125,1000,O00,1000.0000000000462,18,COM_POCO_NO_CONJUNTO_AUDITADO,8.986698171544864,3,Formação Botucatu,52.65110055371374,2,Granular (Gr),60.27326275457108,False,False,0,0.0,0,0.0,2,11.11111111111111,1,5.555555555555555,17,94.44444444444444,12,66.66666666666667,1,5.555555555555555,0,16,88.88888888888889,16,88.88888888888889,16,88.88888888888889,9,50.0,9,50.0,0,0.0,8,44.44444444444444,3,16.666666666666668,7,11,5,12,66.66666666666667,2,11.11111111111111,24.208573755792383,0,0,0.0,0,0.0,11,61.111111111111114,13,72.22222222222223,13,72.22222222222223,0,0.0,4.0,SEM_ALERTA_OBJETIVO_DE_LOCALIZACAO,REVISAO_OU_UNKNOWN_PRESENTE,PARCIAL_SEM_INTERVALO_CAPTADO_DEMONSTRADO,ENSAIO_COM_METADADOS_MINIMOS_PRESENTE,EVIDENCIA_HIDROQUIMICA_PARCIAL_PRESENTE_SEM_QA_COMPLETO,EVIDENCIA_DATADA_PRESENTE_SEM_SERIE,UNKNOWN_INDEPENDENCIA_HIDROGEOLOGICA_NAO_DEMONSTRADA,ALERTAS_DE_REVISAO_PRESENTES,INCERTEZA_EXPLICITA_NAO_AGREGADA,UNKNOWN_HIDROESTRATIGRAFIA_EM_PARTE_DOS_POCOS|UNKNOWN_INDEPENDENCIA_HIDROGEOLOGICA|UNKNOWN_INTERVALO_CAPTADO|UNKNOWN_QA_HIDROQUIMICO_COMPLETO|UNKNOWN_SERIE_TEMPORAL,"{""espacial"":""SEM_ALERTA_OBJETIVO_DE_LOCALIZACAO"",""hidraulica"":""ENSAIO_COM_METADADOS_MINIMOS_PRESENTE"",""hidroestratigrafica"":""REVISAO_OU_UNKNOWN_PRESENTE"",""hidroquimica"":""EVIDENCIA_HIDROQUIMICA_PARCIAL_PRESENTE_SEM_QA_COMPLETO"",""incerteza"":""INCERTEZA_EXPLICITA_NAO_AGREGADA"",""independencia"":""UNKNOWN_INDEPENDENCIA_HIDROGEOLOGICA_NAO_DEMONSTRADA"",""qualidade_documental"":""ALERTAS_DE_REVISAO_PRESENTES"",""temporal"":""EVIDENCIA_DATADA_PRESENTE_SEM_SERIE"",""vertical"":""PARCIAL_SEM_INTERVALO_CAPTADO_DEMONSTRADO""}"
SCALE-1000-O00-00126,1000,O00,1000.0000000000462,3,COM_POCO_NO_CONJUNTO_AUDITADO,15.048899997649997,1,Formação Serra Geral,100.0,1,Fraturada (Fr),100.0,False,False,0,0.0,0,0.0,2,66.66666666666667,0,0.0,2,66.66666666666667,0,0.0,0,0.0,0,1,33.333333333333336,1,33.333333333333336,1,33.333333333333336,0,0.0,0,0.0,0,0.0,1,33.333333333333336,0,0.0,1,1,1,0,0.0,0,0.0,,0,0,0.0,0,0.0,2,66.66666666666667,1,33.333333333333336,1,33.333333333333336,0,0.0,0.0,SEM_ALERTA_OBJETIVO_DE_LOCALIZACAO,REVISAO_OU_UNKNOWN_PRESENTE,PARCIAL_SEM_INTERVALO_CAPTADO_DEMONSTRADO,EVIDENCIA_HIDRAULICA_PARCIAL_PRESENTE,EVIDENCIA_HIDROQUIMICA_PARCIAL_PRESENTE_SEM_QA_COMPLETO,UNKNOWN_SEM_EVIDENCIA_DATADA_E_SEM_SERIE,UNKNOWN_INDEPENDENCIA_HIDROGEOLOGICA_NAO_DEMONSTRADA,ALERTAS_DE_REVISAO_PRESENTES,INCERTEZA_EXPLICITA_NAO_AGREGADA,UNKNOWN_EVIDENCIA_DATADA|UNKNOWN_HIDROESTRATIGRAFIA_EM_PARTE_DOS_POCOS|UNKNOWN_INDEPENDENCIA_HIDROGEOLOGICA|UNKNOWN_INTERVALO_CAPTADO|UNKNOWN_QA_HIDROQUIMICO_COMPLETO|UNKNOWN_SERIE_TEMPORAL,"{""espacial"":""SEM_ALERTA_OBJETIVO_DE_LOCALIZACAO"",""hidraulica"":""EVIDENCIA_HIDRAULICA_PARCIAL_PRESENTE"",""hidroestratigrafica"":""REVISAO_OU_UNKNOWN_PRESENTE"",""hidroquimica"":""EVIDENCIA_HIDROQUIMICA_PARCIAL_PRESENTE_SEM_QA_COMPLETO"",""incerteza"":""INCERTEZA_EXPLICITA_NAO_AGREGADA"",""independencia"":""UNKNOWN_INDEPENDENCIA_HIDROGEOLOGICA_NAO_DEMONSTRADA"",""qualidade_documental"":""ALERTAS_DE_REVISAO_PRESENTES"",""temporal"":""UNKNOWN_SEM_EVIDENCIA_DATADA_E_SEM_SERIE"",""vertical"":""PARCIAL_SEM_INTERVALO_CAPTADO_DEMONSTRADO""}"
SCALE-1000-O00-00127,1000,O00,1000.0000000000462,33,COM_POCO_NO_CONJUNTO_AUDITADO,4.877551587557238,2,Formação Serra Geral,85.43918179859034,2,Fraturada (Fr),85.43918179859034,False,False,0,0.0,0,0.0,21,63.63636363636363,7,21.21212121212121,14,42.42424242424242,1,3.0303030303030303,0,0.0,0,14,42.42424242424242,14,42.42424242424242,14,42.42424242424242,0,0.0,0,0.0,0,0.0,6,18.181818181818183,0,0.0,4,4,1,1,3.0303030303030303,0,0.0,30.93287336495616,0,0,0.0,0,0.0,10,30.303030303030305,20,60.60606060606061,20,60.60606060606061,0,0.0,0.0,SEM_ALERTA_OBJETIVO_DE_LOCALIZACAO,REVISAO_OU_UNKNOWN_PRESENTE,PARCIAL_SEM_INTERVALO_CAPTADO_DEMONSTRADO,EVIDENCIA_HIDRAULICA_PARCIAL_PRESENTE,EVIDENCIA_HIDROQUIMICA_PARCIAL_PRESENTE_SEM_QA_COMPLETO,EVIDENCIA_DATADA_PRESENTE_SEM_SERIE,UNKNOWN_INDEPENDENCIA_HIDROGEOLOGICA_NAO_DEMONSTRADA,ALERTAS_DE_REVISAO_PRESENTES,INCERTEZA_EXPLICITA_NAO_AGREGADA,UNKNOWN_HIDROESTRATIGRAFIA_EM_PARTE_DOS_POCOS|UNKNOWN_INDEPENDENCIA_HIDROGEOLOGICA|UNKNOWN_INTERVALO_CAPTADO|UNKNOWN_QA_HIDROQUIMICO_COMPLETO|UNKNOWN_SERIE_TEMPORAL,"{""espacial"":""SEM_ALERTA_OBJETIVO_DE_LOCALIZACAO"",""hidraulica"":""EVIDENCIA_HIDRAULICA_PARCIAL_PRESENTE"",""hidroestratigrafica"":""REVISAO_OU_UNKNOWN_PRESENTE"",""hidroquimica"":""EVIDENCIA_HIDROQUIMICA_PARCIAL_PRESENTE_SEM_QA_COMPLETO"",""incerteza"":""INCERTEZA_EXPLICITA_NAO_AGREGADA"",""independencia"":""UNKNOWN_INDEPENDENCIA_HIDROGEOLOGICA_NAO_DEMONSTRADA"",""qualidade_documental"":""ALERTAS_DE_REVISAO_PRESENTES"",""temporal"":""EVIDENCIA_DATADA_PRESENTE_SEM_SERIE"",""vertical"":""PARCIAL_SEM_INTERVALO_CAPTADO_DEMONSTRADO""}"
SCALE-1000-O00-00128,1000,O00,1000.0000000000462,27,COM_POCO_NO_CONJUNTO_AUDITADO,6.086981119570881,2,Formação Serra Geral,63.83092658235372,2,Fraturada (Fr),63.83092658235372,False,False,0,0.0,0,0.0,13,48.148148148148145,3,11.11111111111111,14,51.851851851851855,3,11.11111111111111,2,7.407407407407407,0,14,51.851851851851855,14,51.851851851851855,14,51.851851851851855,2,7.407407407407407,2,7.407407407407407,0,0.0,9,33.333333333333336,1,3.7037037037037037,10,11,3,3,11.11111111111111,1,3.7037037037037037,24.56997748071487,0,0,0.0,0,0.0,6,22.22222222222222,16,59.25925925925926,16,59.25925925925926,0,0.0,3.0,SEM_ALERTA_OBJETIVO_DE_LOCALIZACAO,REVISAO_OU_UNKNOWN_PRESENTE,PARCIAL_SEM_INTERVALO_CAPTADO_DEMONSTRADO,ENSAIO_COM_METADADOS_MINIMOS_PRESENTE,EVIDENCIA_HIDROQUIMICA_PARCIAL_PRESENTE_SEM_QA_COMPLETO,EVIDENCIA_DATADA_PRESENTE_SEM_SERIE,UNKNOWN_INDEPENDENCIA_HIDROGEOLOGICA_NAO_DEMONSTRADA,ALERTAS_DE_REVISAO_PRESENTES,INCERTEZA_EXPLICITA_NAO_AGREGADA,UNKNOWN_HIDROESTRATIGRAFIA_EM_PARTE_DOS_POCOS|UNKNOWN_INDEPENDENCIA_HIDROGEOLOGICA|UNKNOWN_INTERVALO_CAPTADO|UNKNOWN_QA_HIDROQUIMICO_COMPLETO|UNKNOWN_SERIE_TEMPORAL,"{""espacial"":""SEM_ALERTA_OBJETIVO_DE_LOCALIZACAO"",""hidraulica"":""ENSAIO_COM_METADADOS_MINIMOS_PRESENTE"",""hidroestratigrafica"":""REVISAO_OU_UNKNOWN_PRESENTE"",""hidroquimica"":""EVIDENCIA_HIDROQUIMICA_PARCIAL_PRESENTE_SEM_QA_COMPLETO"",""incerteza"":""INCERTEZA_EXPLICITA_NAO_AGREGADA"",""independencia"":""UNKNOWN_INDEPENDENCIA_HIDROGEOLOGICA_NAO_DEMONSTRADA"",""qualidade_documental"":""ALERTAS_DE_REVISAO_PRESENTES"",""temporal"":""EVIDENCIA_DATADA_PRESENTE_SEM_SERIE"",""vertical"":""PARCIAL_SEM_INTERVALO_CAPTADO_DEMONSTRADO""}"
SCALE-1000-O00-00129,1000,O00,1000.0000000000462,28,COM_POCO_NO_CONJUNTO_AUDITADO,7.332065740872951,2,Formação Serra Geral,56.892840587637906,2,Fraturada (Fr),56.892840587637906,False,False,0,0.0,0,0.0,26,92.85714285714286,0,0.0,2,7.142857142857143,0,0.0,0,0.0,0,2,7.142857142857143,2,7.142857142857143,1,3.5714285714285716,0,0.0,0,0.0,0,0.0,2,7.142857142857143,0,0.0,2,2,1,0,0.0,0,0.0,,0,0,0.0,0,0.0,0,0.0,26,92.85714285714286,26,92.85714285714286,0,0.0,0.0,SEM_ALERTA_OBJETIVO_DE_LOCALIZACAO,REVISAO_OU_UNKNOWN_PRESENTE,PARCIAL_SEM_INTERVALO_CAPTADO_DEMONSTRADO,EVIDENCIA_HIDRAULICA_PARCIAL_PRESENTE,EVIDENCIA_HIDROQUIMICA_PARCIAL_PRESENTE_SEM_QA_COMPLETO,UNKNOWN_SEM_EVIDENCIA_DATADA_E_SEM_SERIE,UNKNOWN_INDEPENDENCIA_HIDROGEOLOGICA_NAO_DEMONSTRADA,ALERTAS_DE_REVISAO_PRESENTES,INCERTEZA_EXPLICITA_NAO_AGREGADA,UNKNOWN_EVIDENCIA_DATADA|UNKNOWN_HIDROESTRATIGRAFIA_EM_PARTE_DOS_POCOS|UNKNOWN_INDEPENDENCIA_HIDROGEOLOGICA|UNKNOWN_INTERVALO_CAPTADO|UNKNOWN_QA_HIDROQUIMICO_COMPLETO|UNKNOWN_SERIE_TEMPORAL,"{""espacial"":""SEM_ALERTA_OBJETIVO_DE_LOCALIZACAO"",""hidraulica"":""EVIDENCIA_HIDRAULICA_PARCIAL_PRESENTE"",""hidroestratigrafica"":""REVISAO_OU_UNKNOWN_PRESENTE"",""hidroquimica"":""EVIDENCIA_HIDROQUIMICA_PARCIAL_PRESENTE_SEM_QA_COMPLETO"",""incerteza"":""INCERTEZA_EXPLICITA_NAO_AGREGADA"",""independencia"":""UNKNOWN_INDEPENDENCIA_HIDROGEOLOGICA_NAO_DEMONSTRADA"",""qualidade_documental"":""ALERTAS_DE_REVISAO_PRESENTES"",""temporal"":""UNKNOWN_SEM_EVIDENCIA_DATADA_E_SEM_SERIE"",""vertical"":""PARCIAL_SEM_INTERVALO_CAPTADO_DEMONSTRADO""}"
SCALE-1000-O00-00130,1000,O00,1000.0000000000462,4,COM_POCO_NO_CONJUNTO_AUDITADO,13.067100708333742,2,Grupo Caiuá,72.84445040442583,2,Granular (Gr),72.84445040442581,False,False,0,0.0,0,0.0,3,75.0,1,25.0,1,25.0,0,0.0,0,0.0,0,1,25.0,1,25.0,1,25.0,0,0.0,0,0.0,0,0.0,0,0.0,0,0.0,0,0,0,0,0.0,0,0.0,,0,0,0.0,0,0.0,0,0.0,3,75.0,3,75.0,0,0.0,0.0,SEM_ALERTA_OBJETIVO_DE_LOCALIZACAO,REVISAO_OU_UNKNOWN_PRESENTE,PARCIAL_SEM_INTERVALO_CAPTADO_DEMONSTRADO,EVIDENCIA_HIDRAULICA_PARCIAL_PRESENTE,UNKNOWN_SEM_EVIDENCIA_HIDROQUIMICA_NO_CONJUNTO,UNKNOWN_SEM_EVIDENCIA_DATADA_E_SEM_SERIE,UNKNOWN_INDEPENDENCIA_HIDROGEOLOGICA_NAO_DEMONSTRADA,ALERTAS_DE_REVISAO_PRESENTES,INCERTEZA_EXPLICITA_NAO_AGREGADA,UNKNOWN_EVIDENCIA_DATADA|UNKNOWN_EVIDENCIA_HIDROQUIMICA|UNKNOWN_HIDROESTRATIGRAFIA_EM_PARTE_DOS_POCOS|UNKNOWN_INDEPENDENCIA_HIDROGEOLOGICA|UNKNOWN_INTERVALO_CAPTADO|UNKNOWN_QA_HIDROQUIMICO_COMPLETO|UNKNOWN_SERIE_TEMPORAL,"{""espacial"":""SEM_ALERTA_OBJETIVO_DE_LOCALIZACAO"",""hidraulica"":""EVIDENCIA_HIDRAULICA_PARCIAL_PRESENTE"",""hidroestratigrafica"":""REVISAO_OU_UNKNOWN_PRESENTE"",""hidroquimica"":""UNKNOWN_SEM_EVIDENCIA_HIDROQUIMICA_NO_CONJUNTO"",""incerteza"":""INCERTEZA_EXPLICITA_NAO_AGREGADA"",""independencia"":""UNKNOWN_INDEPENDENCIA_HIDROGEOLOGICA_NAO_DEMONSTRADA"",""qualidade_documental"":""ALERTAS_DE_REVISAO_PRESENTES"",""temporal"":""UNKNOWN_SEM_EVIDENCIA_DATADA_E_SEM_SERIE"",""vertical"":""PARCIAL_SEM_INTERVALO_CAPTADO_DEMONSTRADO""}"
SCALE-1000-O00-00131,1000,O00,1000.0000000000462,2,COM_POCO_NO_CONJUNTO_AUDITADO,15.608542983136433,2,Grupo Caiuá,91.39317377441274,2,Granular (Gr),91.39317377441274,False,False,0,0.0,0,0.0,1,50.0,0,0.0,2,100.0,1,50.0,0,0.0,0,2,100.0,2,100.0,2,100.0,0,0.0,0,0.0,0,0.0,0,0.0,0,0.0,0,0,0,1,50.0,0,0.0,17.00514042040562,0,0,0.0,0,0.0,0,0.0,1,50.0,1,50.0,0,0.0,3.0,SEM_ALERTA_OBJETIVO_DE_LOCALIZACAO,REVISAO_OU_UNKNOWN_PRESENTE,PARCIAL_SEM_INTERVALO_CAPTADO_DEMONSTRADO,EVIDENCIA_HIDRAULICA_PARCIAL_PRESENTE,UNKNOWN_SEM_EVIDENCIA_HIDROQUIMICA_NO_CONJUNTO,EVIDENCIA_DATADA_PRESENTE_SEM_SERIE,UNKNOWN_INDEPENDENCIA_HIDROGEOLOGICA_NAO_DEMONSTRADA,ALERTAS_DE_REVISAO_PRESENTES,INCERTEZA_EXPLICITA_NAO_AGREGADA,UNKNOWN_EVIDENCIA_HIDROQUIMICA|UNKNOWN_HIDROESTRATIGRAFIA_EM_PARTE_DOS_POCOS|UNKNOWN_INDEPENDENCIA_HIDROGEOLOGICA|UNKNOWN_INTERVALO_CAPTADO|UNKNOWN_QA_HIDROQUIMICO_COMPLETO|UNKNOWN_SERIE_TEMPORAL,"{""espacial"":""SEM_ALERTA_OBJETIVO_DE_LOCALIZACAO"",""hidraulica"":""EVIDENCIA_HIDRAULICA_PARCIAL_PRESENTE"",""hidroestratigrafica"":""REVISAO_OU_UNKNOWN_PRESENTE"",""hidroquimica"":""UNKNOWN_SEM_EVIDENCIA_HIDROQUIMICA_NO_CONJUNTO"",""incerteza"":""INCERTEZA_EXPLICITA_NAO_AGREGADA"",""independencia"":""UNKNOWN_INDEPENDENCIA_HIDROGEOLOGICA_NAO_DEMONSTRADA"",""qualidade_documental"":""ALERTAS_DE_REVISAO_PRESENTES"",""temporal"":""EVIDENCIA_DATADA_PRESENTE_SEM_SERIE"",""vertical"":""PARCIAL_SEM_INTERVALO_CAPTADO_DEMONSTRADO""}"
SCALE-1000-O00-00132,1000,O00,1000.0000000000462,1,COM_POCO_NO_CONJUNTO_AUDITADO,21.070982691239934,1,Grupo Caiuá,100.0,1,Granular (Gr),100.0,False,False,0,0.0,0,0.0,1,100.0,0,0.0,0,0.0,0,0.0,0,0.0,0,0,0.0,0,0.0,0,0.0,0,0.0,0,0.0,0,0.0,0,0.0,0,0.0,0,0,0,0,0.0,0,0.0,,0,0,0.0,0,0.0,0,0.0,1,100.0,1,100.0,0,0.0,0.0,SEM_ALERTA_OBJETIVO_DE_LOCALIZACAO,REVISAO_OU_UNKNOWN_PRESENTE,PARCIAL_SEM_INTERVALO_CAPTADO_DEMONSTRADO,UNKNOWN_SEM_EVIDENCIA_HIDRAULICA_NO_CONJUNTO,UNKNOWN_SEM_EVIDENCIA_HIDROQUIMICA_NO_CONJUNTO,UNKNOWN_SEM_EVIDENCIA_DATADA_E_SEM_SERIE,UNKNOWN_INDEPENDENCIA_HIDROGEOLOGICA_NAO_DEMONSTRADA,ALERTAS_DE_REVISAO_PRESENTES,INCERTEZA_EXPLICITA_NAO_AGREGADA,UNKNOWN_EVIDENCIA_DATADA|UNKNOWN_EVIDENCIA_HIDRAULICA|UNKNOWN_EVIDENCIA_HIDROQUIMICA|UNKNOWN_HIDROESTRATIGRAFIA_EM_PARTE_DOS_POCOS|UNKNOWN_INDEPENDENCIA_HIDROGEOLOGICA|UNKNOWN_INTERVALO_CAPTADO|UNKNOWN_QA_HIDROQUIMICO_COMPLETO|UNKNOWN_SERIE_TEMPORAL,"{""espacial"":""SEM_ALERTA_OBJETIVO_DE_LOCALIZACAO"",""hidraulica"":""UNKNOWN_SEM_EVIDENCIA_HIDRAULICA_NO_CONJUNTO"",""hidroestratigrafica"":""REVISAO_OU_UNKNOWN_PRESENTE"",""hidroquimica"":""UNKNOWN_SEM_EVIDENCIA_HIDROQUIMICA_NO_CONJUNTO"",""incerteza"":""INCERTEZA_EXPLICITA_NAO_AGREGADA"",""independencia"":""UNKNOWN_INDEPENDENCIA_HIDROGEOLOGICA_NAO_DEMONSTRADA"",""qualidade_documental"":""ALERTAS_DE_REVISAO_PRESENTES"",""temporal"":""UNKNOWN_SEM_EVIDENCIA_DATADA_E_SEM_SERIE"",""vertical"":""PARCIAL_SEM_INTERVALO_CAPTADO_DEMONSTRADO""}"
SCALE-1000-O00-00133,1000,O00,1000.0000000000462,5,COM_POCO_NO_CONJUNTO_AUDITADO,13.902341998658947,1,Grupo Caiuá,100.0,1,Granular (Gr),100.0,False,False,0,0.0,0,0.0,1,20.0,3,60.0,4,80.0,0,0.0,0,0.0,0,4,80.0,4,80.0,4,80.0,0,0.0,0,0.0,0,0.0,4,80.0,0,0.0,3,3,1,0,0.0,0,0.0,,0,0,0.0,0,0.0,0,0.0,1,20.0,1,20.0,0,0.0,4.0,SEM_ALERTA_OBJETIVO_DE_LOCALIZACAO,REVISAO_OU_UNKNOWN_PRESENTE,PARCIAL_SEM_INTERVALO_CAPTADO_DEMONSTRADO,EVIDENCIA_HIDRAULICA_PARCIAL_PRESENTE,EVIDENCIA_HIDROQUIMICA_PARCIAL_PRESENTE_SEM_QA_COMPLETO,UNKNOWN_SEM_EVIDENCIA_DATADA_E_SEM_SERIE,UNKNOWN_INDEPENDENCIA_HIDROGEOLOGICA_NAO_DEMONSTRADA,ALERTAS_DE_REVISAO_PRESENTES,INCERTEZA_EXPLICITA_NAO_AGREGADA,UNKNOWN_EVIDENCIA_DATADA|UNKNOWN_HIDROESTRATIGRAFIA_EM_PARTE_DOS_POCOS|UNKNOWN_INDEPENDENCIA_HIDROGEOLOGICA|UNKNOWN_INTERVALO_CAPTADO|UNKNOWN_QA_HIDROQUIMICO_COMPLETO|UNKNOWN_SERIE_TEMPORAL,"{""espacial"":""SEM_ALERTA_OBJETIVO_DE_LOCALIZACAO"",""hidraulica"":""EVIDENCIA_HIDRAULICA_PARCIAL_PRESENTE"",""hidroestratigrafica"":""REVISAO_OU_UNKNOWN_PRESENTE"",""hidroquimica"":""EVIDENCIA_HIDROQUIMICA_PARCIAL_PRESENTE_SEM_QA_COMPLETO"",""incerteza"":""INCERTEZA_EXPLICITA_NAO_AGREGADA"",""independencia"":""UNKNOWN_INDEPENDENCIA_HIDROGEOLOGICA_NAO_DEMONSTRADA"",""qualidade_documental"":""ALERTAS_DE_REVISAO_PRESENTES"",""temporal"":""UNKNOWN_SEM_EVIDENCIA_DATADA_E_SEM_SERIE"",""vertical"":""PARCIAL_SEM_INTERVALO_CAPTADO_DEMONSTRADO""}"
SCALE-1000-O00-00134,1000,O00,1000.0000000000462,12,COM_POCO_NO_CONJUNTO_AUDITADO,19.020058605252398,1,Grupo Caiuá,100.0,1,Granular (Gr),100.0,False,False,0,0.0,0,0.0,1,8.333333333333334,4,33.333333333333336,12,100.0,10,83.33333333333333,0,0.0,0,12,100.0,12,100.0,12,100.0,7,58.333333333333336,7,58.333333333333336,0,0.0,5,41.666666666666664,3,25.0,5,9,4,10,83.33333333333333,3,25.0,34.60303770782426,0,0,0.0,0,0.0,10,83.33333333333333,10,83.33333333333333,10,83.33333333333333,0,0.0,4.0,SEM_ALERTA_OBJETIVO_DE_LOCALIZACAO,REVISAO_OU_UNKNOWN_PRESENTE,PARCIAL_SEM_INTERVALO_CAPTADO_DEMONSTRADO,ENSAIO_COM_METADADOS_MINIMOS_PRESENTE,EVIDENCIA_HIDROQUIMICA_PARCIAL_PRESENTE_SEM_QA_COMPLETO,EVIDENCIA_DATADA_PRESENTE_SEM_SERIE,UNKNOWN_INDEPENDENCIA_HIDROGEOLOGICA_NAO_DEMONSTRADA,ALERTAS_DE_REVISAO_PRESENTES,INCERTEZA_EXPLICITA_NAO_AGREGADA,UNKNOWN_HIDROESTRATIGRAFIA_EM_PARTE_DOS_POCOS|UNKNOWN_INDEPENDENCIA_HIDROGEOLOGICA|UNKNOWN_INTERVALO_CAPTADO|UNKNOWN_QA_HIDROQUIMICO_COMPLETO|UNKNOWN_SERIE_TEMPORAL,"{""espacial"":""SEM_ALERTA_OBJETIVO_DE_LOCALIZACAO"",""hidraulica"":""ENSAIO_COM_METADADOS_MINIMOS_PRESENTE"",""hidroestratigrafica"":""REVISAO_OU_UNKNOWN_PRESENTE"",""hidroquimica"":""EVIDENCIA_HIDROQUIMICA_PARCIAL_PRESENTE_SEM_QA_COMPLETO"",""incerteza"":""INCERTEZA_EXPLICITA_NAO_AGREGADA"",""independencia"":""UNKNOWN_INDEPENDENCIA_HIDROGEOLOGICA_NAO_DEMONSTRADA"",""qualidade_documental"":""ALERTAS_DE_REVISAO_PRESENTES"",""temporal"":""EVIDENCIA_DATADA_PRESENTE_SEM_SERIE"",""vertical"":""PARCIAL_SEM_INTERVALO_CAPTADO_DEMONSTRADO""}"
SCALE-1000-O00-00135,1000,O00,1000.0000000000462,3,COM_POCO_NO_CONJUNTO_AUDITADO,17.5181334677034,1,Grupo Caiuá,100.0,1,Granular (Gr),100.0,False,False,0,0.0,0,0.0,2,66.66666666666667,0,0.0,2,66.66666666666667,0,0.0,0,0.0,0,1,33.333333333333336,1,33.333333333333336,1,33.333333333333336,0,0.0,0,0.0,0,0.0,1,33.333333333333336,0,0.0,0,0,0,0,0.0,0,0.0,,0,0,0.0,0,0.0,0,0.0,2,66.66666666666667,2,66.66666666666667,0,0.0,0.0,SEM_ALERTA_OBJETIVO_DE_LOCALIZACAO,REVISAO_OU_UNKNOWN_PRESENTE,PARCIAL_SEM_INTERVALO_CAPTADO_DEMONSTRADO,EVIDENCIA_HIDRAULICA_PARCIAL_PRESENTE,EVIDENCIA_HIDROQUIMICA_PARCIAL_PRESENTE_SEM_QA_COMPLETO,UNKNOWN_SEM_EVIDENCIA_DATADA_E_SEM_SERIE,UNKNOWN_INDEPENDENCIA_HIDROGEOLOGICA_NAO_DEMONSTRADA,ALERTAS_DE_REVISAO_PRESENTES,INCERTEZA_EXPLICITA_NAO_AGREGADA,UNKNOWN_EVIDENCIA_DATADA|UNKNOWN_HIDROESTRATIGRAFIA_EM_PARTE_DOS_POCOS|UNKNOWN_INDEPENDENCIA_HIDROGEOLOGICA|UNKNOWN_INTERVALO_CAPTADO|UNKNOWN_QA_HIDROQUIMICO_COMPLETO|UNKNOWN_SERIE_TEMPORAL,"{""espacial"":""SEM_ALERTA_OBJETIVO_DE_LOCALIZACAO"",""hidraulica"":""EVIDENCIA_HIDRAULICA_PARCIAL_PRESENTE"",""hidroestratigrafica"":""REVISAO_OU_UNKNOWN_PRESENTE"",""hidroquimica"":""EVIDENCIA_HIDROQUIMICA_PARCIAL_PRESENTE_SEM_QA_COMPLETO"",""incerteza"":""INCERTEZA_EXPLICITA_NAO_AGREGADA"",""independencia"":""UNKNOWN_INDEPENDENCIA_HIDROGEOLOGICA_NAO_DEMONSTRADA"",""qualidade_documental"":""ALERTAS_DE_REVISAO_PRESENTES"",""temporal"":""UNKNOWN_SEM_EVIDENCIA_DATADA_E_SEM_SERIE"",""vertical"":""PARCIAL_SEM_INTERVALO_CAPTADO_DEMONSTRADO""}"
SCALE-1000-O00-00136,1000,O00,1000.0000000000462,4,COM_POCO_NO_CONJUNTO_AUDITADO,13.212667217715486,2,Grupo Caiuá,99.99993266735616,1,Granular (Gr),100.0,False,False,0,0.0,0,0.0,0,0.0,2,50.0,4,100.0,1,25.0,0,0.0,0,4,100.0,4,100.0,3,75.0,0,0.0,0,0.0,0,0.0,4,100.0,1,25.0,4,5,3,1,25.0,1,25.0,15.718324127121022,0,0,0.0,0,0.0,0,0.0,1,25.0,1,25.0,0,0.0,4.0,SEM_ALERTA_OBJETIVO_DE_LOCALIZACAO,REVISAO_OU_UNKNOWN_PRESENTE,PARCIAL_SEM_INTERVALO_CAPTADO_DEMONSTRADO,EVIDENCIA_HIDRAULICA_PARCIAL_PRESENTE,EVIDENCIA_HIDROQUIMICA_PARCIAL_PRESENTE_SEM_QA_COMPLETO,EVIDENCIA_DATADA_PRESENTE_SEM_SERIE,UNKNOWN_INDEPENDENCIA_HIDROGEOLOGICA_NAO_DEMONSTRADA,ALERTAS_DE_REVISAO_PRESENTES,INCERTEZA_EXPLICITA_NAO_AGREGADA,UNKNOWN_INDEPENDENCIA_HIDROGEOLOGICA|UNKNOWN_INTERVALO_CAPTADO|UNKNOWN_QA_HIDROQUIMICO_COMPLETO|UNKNOWN_SERIE_TEMPORAL,"{""espacial"":""SEM_ALERTA_OBJETIVO_DE_LOCALIZACAO"",""hidraulica"":""EVIDENCIA_HIDRAULICA_PARCIAL_PRESENTE"",""hidroestratigrafica"":""REVISAO_OU_UNKNOWN_PRESENTE"",""hidroquimica"":""EVIDENCIA_HIDROQUIMICA_PARCIAL_PRESENTE_SEM_QA_COMPLETO"",""incerteza"":""INCERTEZA_EXPLICITA_NAO_AGREGADA"",""independencia"":""UNKNOWN_INDEPENDENCIA_HIDROGEOLOGICA_NAO_DEMONSTRADA"",""qualidade_documental"":""ALERTAS_DE_REVISAO_PRESENTES"",""temporal"":""EVIDENCIA_DATADA_PRESENTE_SEM_SERIE"",""vertical"":""PARCIAL_SEM_INTERVALO_CAPTADO_DEMONSTRADO""}"
SCALE-1000-O00-00137,1000,O00,721.6784058311302,29,COM_POCO_NO_CONJUNTO_AUDITADO,10.160630495912672,2,Grupo Caiuá,52.173154889514926,1,Granular (Gr),100.0,False,False,0,0.0,0,0.0,0,0.0,17,58.62068965517241,29,100.0,13,44.827586206896555,0,0.0,0,29,100.0,29,100.0,28,96.55172413793103,8,27.586206896551722,8,27.586206896551722,0,0.0,20,68.96551724137932,4,13.793103448275861,18,25,6,13,44.827586206896555,4,13.793103448275861,35.45315783349418,0,0,0.0,0,0.0,15,51.724137931034484,13,44.827586206896555,13,44.827586206896555,0,0.0,4.0,SEM_ALERTA_OBJETIVO_DE_LOCALIZACAO,REVISAO_OU_UNKNOWN_PRESENTE,PARCIAL_SEM_INTERVALO_CAPTADO_DEMONSTRADO,ENSAIO_COM_METADADOS_MINIMOS_PRESENTE,EVIDENCIA_HIDROQUIMICA_PARCIAL_PRESENTE_SEM_QA_COMPLETO,EVIDENCIA_DATADA_PRESENTE_SEM_SERIE,UNKNOWN_INDEPENDENCIA_HIDROGEOLOGICA_NAO_DEMONSTRADA,ALERTAS_DE_REVISAO_PRESENTES,INCERTEZA_EXPLICITA_NAO_AGREGADA,UNKNOWN_INDEPENDENCIA_HIDROGEOLOGICA|UNKNOWN_INTERVALO_CAPTADO|UNKNOWN_QA_HIDROQUIMICO_COMPLETO|UNKNOWN_SERIE_TEMPORAL,"{""espacial"":""SEM_ALERTA_OBJETIVO_DE_LOCALIZACAO"",""hidraulica"":""ENSAIO_COM_METADADOS_MINIMOS_PRESENTE"",""hidroestratigrafica"":""REVISAO_OU_UNKNOWN_PRESENTE"",""hidroquimica"":""EVIDENCIA_HIDROQUIMICA_PARCIAL_PRESENTE_SEM_QA_COMPLETO"",""incerteza"":""INCERTEZA_EXPLICITA_NAO_AGREGADA"",""independencia"":""UNKNOWN_INDEPENDENCIA_HIDROGEOLOGICA_NAO_DEMONSTRADA"",""qualidade_documental"":""ALERTAS_DE_REVISAO_PRESENTES"",""temporal"":""EVIDENCIA_DATADA_PRESENTE_SEM_SERIE"",""vertical"":""PARCIAL_SEM_INTERVALO_CAPTADO_DEMONSTRADO""}"
SCALE-1000-O00-00138,1000,O00,167.51814125898233,0,SEM_POCO_NO_CONJUNTO_AUDITADO,103.89817610342726,2,Depósitos aluvionares,54.05268348400229,1,Granular (Gr),100.0,False,False,0,,0,,0,,0,,0,,0,,0,,0,0,,0,,0,,0,,0,,0,,0,,0,,0,0,0,0,,0,,,0,0,,0,,0,,0,,0,,0,,,SEM_POCO_NO_CONJUNTO_AUDITADO,UNKNOWN_SEM_POCO_PARA_AVALIACAO_LOCAL,UNKNOWN_SEM_POCO_PARA_AVALIACAO_VERTICAL,UNKNOWN_SEM_POCO_PARA_AVALIACAO_HIDRAULICA,UNKNOWN_SEM_POCO_PARA_AVALIACAO_HIDROQUIMICA,UNKNOWN_SEM_POCO_PARA_AVALIACAO_TEMPORAL,UNKNOWN_INDEPENDENCIA_HIDROGEOLOGICA_NAO_DEMONSTRADA,UNKNOWN_SEM_POCO_PARA_AVALIACAO_DOCUMENTAL,INCERTEZA_EXPLICITA_NAO_AGREGADA,UNKNOWN_SEM_POCO_NO_CONJUNTO_AUDITADO,"{""espacial"":""SEM_POCO_NO_CONJUNTO_AUDITADO"",""hidraulica"":""UNKNOWN_SEM_POCO_PARA_AVALIACAO_HIDRAULICA"",""hidroestratigrafica"":""UNKNOWN_SEM_POCO_PARA_AVALIACAO_LOCAL"",""hidroquimica"":""UNKNOWN_SEM_POCO_PARA_AVALIACAO_HIDROQUIMICA"",""incerteza"":""INCERTEZA_EXPLICITA_NAO_AGREGADA"",""independencia"":""UNKNOWN_INDEPENDENCIA_HIDROGEOLOGICA_NAO_DEMONSTRADA"",""qualidade_documental"":""UNKNOWN_SEM_POCO_PARA_AVALIACAO_DOCUMENTAL"",""temporal"":""UNKNOWN_SEM_POCO_PARA_AVALIACAO_TEMPORAL"",""vertical"":""UNKNOWN_SEM_POCO_PARA_AVALIACAO_VERTICAL""}"
SCALE-1000-O00-00139,1000,O00,1000.0000000000462,0,SEM_POCO_NO_CONJUNTO_AUDITADO,91.81051622566717,3,Formação Pantanal,75.15882303840402,2,Granular (Gr),99.15747308709322,False,False,0,,0,,0,,0,,0,,0,,0,,0,0,,0,,0,,0,,0,,0,,0,,0,,0,0,0,0,,0,,,0,0,,0,,0,,0,,0,,0,,,SEM_POCO_NO_CONJUNTO_AUDITADO,UNKNOWN_SEM_POCO_PARA_AVALIACAO_LOCAL,UNKNOWN_SEM_POCO_PARA_AVALIACAO_VERTICAL,UNKNOWN_SEM_POCO_PARA_AVALIACAO_HIDRAULICA,UNKNOWN_SEM_POCO_PARA_AVALIACAO_HIDROQUIMICA,UNKNOWN_SEM_POCO_PARA_AVALIACAO_TEMPORAL,UNKNOWN_INDEPENDENCIA_HIDROGEOLOGICA_NAO_DEMONSTRADA,UNKNOWN_SEM_POCO_PARA_AVALIACAO_DOCUMENTAL,INCERTEZA_EXPLICITA_NAO_AGREGADA,UNKNOWN_SEM_POCO_NO_CONJUNTO_AUDITADO,"{""espacial"":""SEM_POCO_NO_CONJUNTO_AUDITADO"",""hidraulica"":""UNKNOWN_SEM_POCO_PARA_AVALIACAO_HIDRAULICA"",""hidroestratigrafica"":""UNKNOWN_SEM_POCO_PARA_AVALIACAO_LOCAL"",""hidroquimica"":""UNKNOWN_SEM_POCO_PARA_AVALIACAO_HIDROQUIMICA"",""incerteza"":""INCERTEZA_EXPLICITA_NAO_AGREGADA"",""independencia"":""UNKNOWN_INDEPENDENCIA_HIDROGEOLOGICA_NAO_DEMONSTRADA"",""qualidade_documental"":""UNKNOWN_SEM_POCO_PARA_AVALIACAO_DOCUMENTAL"",""temporal"":""UNKNOWN_SEM_POCO_PARA_AVALIACAO_TEMPORAL"",""vertical"":""UNKNOWN_SEM_POCO_PARA_AVALIACAO_VERTICAL""}"
SCALE-1000-O00-00140,1000,O00,1000.0000000000462,0,SEM_POCO_NO_CONJUNTO_AUDITADO,58.79066936100778,3,Embasamento Indiferenciado,58.952277985702096,2,Fraturada (Fr),58.952277985702096,False,False,0,,0,,0,,0,,0,,0,,0,,0,0,,0,,0,,0,,0,,0,,0,,0,,0,0,0,0,,0,,,0,0,,0,,0,,0,,0,,0,,,SEM_POCO_NO_CONJUNTO_AUDITADO,UNKNOWN_SEM_POCO_PARA_AVALIACAO_LOCAL,UNKNOWN_SEM_POCO_PARA_AVALIACAO_VERTICAL,UNKNOWN_SEM_POCO_PARA_AVALIACAO_HIDRAULICA,UNKNOWN_SEM_POCO_PARA_AVALIACAO_HIDROQUIMICA,UNKNOWN_SEM_POCO_PARA_AVALIACAO_TEMPORAL,UNKNOWN_INDEPENDENCIA_HIDROGEOLOGICA_NAO_DEMONSTRADA,UNKNOWN_SEM_POCO_PARA_AVALIACAO_DOCUMENTAL,INCERTEZA_EXPLICITA_NAO_AGREGADA,UNKNOWN_SEM_POCO_NO_CONJUNTO_AUDITADO,"{""espacial"":""SEM_POCO_NO_CONJUNTO_AUDITADO"",""hidraulica"":""UNKNOWN_SEM_POCO_PARA_AVALIACAO_HIDRAULICA"",""hidroestratigrafica"":""UNKNOWN_SEM_POCO_PARA_AVALIACAO_LOCAL"",""hidroquimica"":""UNKNOWN_SEM_POCO_PARA_AVALIACAO_HIDROQUIMICA"",""incerteza"":""INCERTEZA_EXPLICITA_NAO_AGREGADA"",""independencia"":""UNKNOWN_INDEPENDENCIA_HIDROGEOLOGICA_NAO_DEMONSTRADA"",""qualidade_documental"":""UNKNOWN_SEM_POCO_PARA_AVALIACAO_DOCUMENTAL"",""temporal"":""UNKNOWN_SEM_POCO_PARA_AVALIACAO_TEMPORAL"",""vertical"":""UNKNOWN_SEM_POCO_PARA_AVALIACAO_VERTICAL""}"
SCALE-1000-O00-00141,1000,O00,1000.0000000000462,1,COM_POCO_NO_CONJUNTO_AUDITADO,29.601071541710898,4,Embasamento Indiferenciado,79.63542647048703,3,Fraturada (Fr),79.63542647048703,False,False,0,0.0,0,0.0,1,100.0,0,0.0,1,100.0,0,0.0,0,0.0,0,1,100.0,1,100.0,1,100.0,0,0.0,0,0.0,0,0.0,1,100.0,0,0.0,1,1,1,0,0.0,0,0.0,,0,0,0.0,0,0.0,0,0.0,0,0.0,0,0.0,0,0.0,3.0,SEM_ALERTA_OBJETIVO_DE_LOCALIZACAO,REVISAO_OU_UNKNOWN_PRESENTE,PARCIAL_SEM_INTERVALO_CAPTADO_DEMONSTRADO,EVIDENCIA_HIDRAULICA_PARCIAL_PRESENTE,EVIDENCIA_HIDROQUIMICA_PARCIAL_PRESENTE_SEM_QA_COMPLETO,UNKNOWN_SEM_EVIDENCIA_DATADA_E_SEM_SERIE,UNKNOWN_INDEPENDENCIA_HIDROGEOLOGICA_NAO_DEMONSTRADA,SEM_ALERTA_OBJETIVO_NAS_REGRAS_ATUAIS,INCERTEZA_EXPLICITA_NAO_AGREGADA,UNKNOWN_EVIDENCIA_DATADA|UNKNOWN_HIDROESTRATIGRAFIA_EM_PARTE_DOS_POCOS|UNKNOWN_INDEPENDENCIA_HIDROGEOLOGICA|UNKNOWN_INTERVALO_CAPTADO|UNKNOWN_QA_HIDROQUIMICO_COMPLETO|UNKNOWN_SERIE_TEMPORAL,"{""espacial"":""SEM_ALERTA_OBJETIVO_DE_LOCALIZACAO"",""hidraulica"":""EVIDENCIA_HIDRAULICA_PARCIAL_PRESENTE"",""hidroestratigrafica"":""REVISAO_OU_UNKNOWN_PRESENTE"",""hidroquimica"":""EVIDENCIA_HIDROQUIMICA_PARCIAL_PRESENTE_SEM_QA_COMPLETO"",""incerteza"":""INCERTEZA_EXPLICITA_NAO_AGREGADA"",""independencia"":""UNKNOWN_INDEPENDENCIA_HIDROGEOLOGICA_NAO_DEMONSTRADA"",""qualidade_documental"":""SEM_ALERTA_OBJETIVO_NAS_REGRAS_ATUAIS"",""temporal"":""UNKNOWN_SEM_EVIDENCIA_DATADA_E_SEM_SERIE"",""vertical"":""PARCIAL_SEM_INTERVALO_CAPTADO_DEMONSTRADO""}"
SCALE-1000-O00-00142,1000,O00,1000.0000000000462,2,COM_POCO_NO_CONJUNTO_AUDITADO,16.481115612460513,4,Grupo Corumbá,80.01572593037866,2,Cárstica (K),85.9647238938781,True,True,0,0.0,0,0.0,2,100.0,0,0.0,1,50.0,0,0.0,0,0.0,0,0,0.0,0,0.0,0,0.0,0,0.0,0,0.0,0,0.0,1,50.0,0,0.0,1,1,1,0,0.0,0,0.0,,0,0,0.0,0,0.0,0,0.0,1,50.0,1,50.0,0,0.0,0.5,SEM_ALERTA_OBJETIVO_DE_LOCALIZACAO,REVISAO_OU_UNKNOWN_PRESENTE,PARCIAL_SEM_INTERVALO_CAPTADO_DEMONSTRADO,UNKNOWN_SEM_EVIDENCIA_HIDRAULICA_NO_CONJUNTO,EVIDENCIA_HIDROQUIMICA_PARCIAL_PRESENTE_SEM_QA_COMPLETO,UNKNOWN_SEM_EVIDENCIA_DATADA_E_SEM_SERIE,UNKNOWN_INDEPENDENCIA_HIDROGEOLOGICA_NAO_DEMONSTRADA,ALERTAS_DE_REVISAO_PRESENTES,INCERTEZA_EXPLICITA_NAO_AGREGADA,MASCARAMENTO_HIDROESTRATIGRAFICO_POSSIVEL|UNKNOWN_EVIDENCIA_DATADA|UNKNOWN_EVIDENCIA_HIDRAULICA|UNKNOWN_HIDROESTRATIGRAFIA_EM_PARTE_DOS_POCOS|UNKNOWN_INDEPENDENCIA_HIDROGEOLOGICA|UNKNOWN_INTERVALO_CAPTADO|UNKNOWN_QA_HIDROQUIMICO_COMPLETO|UNKNOWN_SERIE_TEMPORAL,"{""espacial"":""SEM_ALERTA_OBJETIVO_DE_LOCALIZACAO"",""hidraulica"":""UNKNOWN_SEM_EVIDENCIA_HIDRAULICA_NO_CONJUNTO"",""hidroestratigrafica"":""REVISAO_OU_UNKNOWN_PRESENTE"",""hidroquimica"":""EVIDENCIA_HIDROQUIMICA_PARCIAL_PRESENTE_SEM_QA_COMPLETO"",""incerteza"":""INCERTEZA_EXPLICITA_NAO_AGREGADA"",""independencia"":""UNKNOWN_INDEPENDENCIA_HIDROGEOLOGICA_NAO_DEMONSTRADA"",""qualidade_documental"":""ALERTAS_DE_REVISAO_PRESENTES"",""temporal"":""UNKNOWN_SEM_EVIDENCIA_DATADA_E_SEM_SERIE"",""vertical"":""PARCIAL_SEM_INTERVALO_CAPTADO_DEMONSTRADO""}"
SCALE-1000-O00-00143,1000,O00,1000.0000000000462,2,COM_POCO_NO_CONJUNTO_AUDITADO,14.942601837387985,4,Grupo Cuiaba,81.93470978696146,3,Fraturada (Fr),81.1041570582199,False,False,0,0.0,0,0.0,1,50.0,0,0.0,1,50.0,1,50.0,0,0.0,0,0,0.0,0,0.0,0,0.0,0,0.0,0,0.0,0,0.0,0,0.0,0,0.0,0,0,0,0,0.0,0,0.0,,0,0,0.0,0,0.0,0,0.0,2,100.0,2,100.0,0,0.0,1.0,SEM_ALERTA_OBJETIVO_DE_LOCALIZACAO,REVISAO_OU_UNKNOWN_PRESENTE,PARCIAL_SEM_INTERVALO_CAPTADO_DEMONSTRADO,UNKNOWN_SEM_EVIDENCIA_HIDRAULICA_NO_CONJUNTO,UNKNOWN_SEM_EVIDENCIA_HIDROQUIMICA_NO_CONJUNTO,UNKNOWN_SEM_EVIDENCIA_DATADA_E_SEM_SERIE,UNKNOWN_INDEPENDENCIA_HIDROGEOLOGICA_NAO_DEMONSTRADA,ALERTAS_DE_REVISAO_PRESENTES,INCERTEZA_EXPLICITA_NAO_AGREGADA,UNKNOWN_EVIDENCIA_DATADA|UNKNOWN_EVIDENCIA_HIDRAULICA|UNKNOWN_EVIDENCIA_HIDROQUIMICA|UNKNOWN_HIDROESTRATIGRAFIA_EM_PARTE_DOS_POCOS|UNKNOWN_INDEPENDENCIA_HIDROGEOLOGICA|UNKNOWN_INTERVALO_CAPTADO|UNKNOWN_QA_HIDROQUIMICO_COMPLETO|UNKNOWN_SERIE_TEMPORAL,"{""espacial"":""SEM_ALERTA_OBJETIVO_DE_LOCALIZACAO"",""hidraulica"":""UNKNOWN_SEM_EVIDENCIA_HIDRAULICA_NO_CONJUNTO"",""hidroestratigrafica"":""REVISAO_OU_UNKNOWN_PRESENTE"",""hidroquimica"":""UNKNOWN_SEM_EVIDENCIA_HIDROQUIMICA_NO_CONJUNTO"",""incerteza"":""INCERTEZA_EXPLICITA_NAO_AGREGADA"",""independencia"":""UNKNOWN_INDEPENDENCIA_HIDROGEOLOGICA_NAO_DEMONSTRADA"",""qualidade_documental"":""ALERTAS_DE_REVISAO_PRESENTES"",""temporal"":""UNKNOWN_SEM_EVIDENCIA_DATADA_E_SEM_SERIE"",""vertical"":""PARCIAL_SEM_INTERVALO_CAPTADO_DEMONSTRADO""}"
SCALE-1000-O00-00144,1000,O00,1000.0000000000462,3,COM_POCO_NO_CONJUNTO_AUDITADO,11.854500447225307,4,Formação Aquidauana,91.70320580967777,2,Granular (Gr),97.69231284287572,False,False,0,0.0,0,0.0,2,66.66666666666667,1,33.333333333333336,1,33.333333333333336,1,33.333333333333336,0,0.0,0,1,33.333333333333336,1,33.333333333333336,1,33.333333333333336,0,0.0,0,0.0,0,0.0,1,33.333333333333336,1,33.333333333333336,1,3,3,1,33.333333333333336,1,33.333333333333336,17.15572530578999,0,0,0.0,0,0.0,0,0.0,3,100.0,2,66.66666666666667,0,0.0,0.0,SEM_ALERTA_OBJETIVO_DE_LOCALIZACAO,REVISAO_OU_UNKNOWN_PRESENTE,PARCIAL_SEM_INTERVALO_CAPTADO_DEMONSTRADO,EVIDENCIA_HIDRAULICA_PARCIAL_PRESENTE,EVIDENCIA_HIDROQUIMICA_PARCIAL_PRESENTE_SEM_QA_COMPLETO,EVIDENCIA_DATADA_PRESENTE_SEM_SERIE,UNKNOWN_INDEPENDENCIA_HIDROGEOLOGICA_NAO_DEMONSTRADA,ALERTAS_DE_REVISAO_PRESENTES,INCERTEZA_EXPLICITA_NAO_AGREGADA,UNKNOWN_HIDROESTRATIGRAFIA_EM_PARTE_DOS_POCOS|UNKNOWN_INDEPENDENCIA_HIDROGEOLOGICA|UNKNOWN_INTERVALO_CAPTADO|UNKNOWN_QA_HIDROQUIMICO_COMPLETO|UNKNOWN_SERIE_TEMPORAL,"{""espacial"":""SEM_ALERTA_OBJETIVO_DE_LOCALIZACAO"",""hidraulica"":""EVIDENCIA_HIDRAULICA_PARCIAL_PRESENTE"",""hidroestratigrafica"":""REVISAO_OU_UNKNOWN_PRESENTE"",""hidroquimica"":""EVIDENCIA_HIDROQUIMICA_PARCIAL_PRESENTE_SEM_QA_COMPLETO"",""incerteza"":""INCERTEZA_EXPLICITA_NAO_AGREGADA"",""independencia"":""UNKNOWN_INDEPENDENCIA_HIDROGEOLOGICA_NAO_DEMONSTRADA"",""qualidade_documental"":""ALERTAS_DE_REVISAO_PRESENTES"",""temporal"":""EVIDENCIA_DATADA_PRESENTE_SEM_SERIE"",""vertical"":""PARCIAL_SEM_INTERVALO_CAPTADO_DEMONSTRADO""}"
SCALE-1000-O00-00145,1000,O00,1000.0000000000462,2,COM_POCO_NO_CONJUNTO_AUDITADO,18.115325261987493,4,Formação Botucatu,54.98153472535848,2,Granular (Gr),70.27660179738704,False,False,0,0.0,0,0.0,1,50.0,0,0.0,1,50.0,1,50.0,0,0.0,0,1,50.0,1,50.0,1,50.0,1,50.0,1,50.0,0,0.0,0,0.0,0,0.0,0,0,0,1,50.0,0,0.0,24.827340739371788,0,0,0.0,0,0.0,0,0.0,2,100.0,2,100.0,0,0.0,2.0,SEM_ALERTA_OBJETIVO_DE_LOCALIZACAO,REVISAO_OU_UNKNOWN_PRESENTE,PARCIAL_SEM_INTERVALO_CAPTADO_DEMONSTRADO,ENSAIO_COM_METADADOS_MINIMOS_PRESENTE,UNKNOWN_SEM_EVIDENCIA_HIDROQUIMICA_NO_CONJUNTO,EVIDENCIA_DATADA_PRESENTE_SEM_SERIE,UNKNOWN_INDEPENDENCIA_HIDROGEOLOGICA_NAO_DEMONSTRADA,ALERTAS_DE_REVISAO_PRESENTES,INCERTEZA_EXPLICITA_NAO_AGREGADA,UNKNOWN_EVIDENCIA_HIDROQUIMICA|UNKNOWN_HIDROESTRATIGRAFIA_EM_PARTE_DOS_POCOS|UNKNOWN_INDEPENDENCIA_HIDROGEOLOGICA|UNKNOWN_INTERVALO_CAPTADO|UNKNOWN_QA_HIDROQUIMICO_COMPLETO|UNKNOWN_SERIE_TEMPORAL,"{""espacial"":""SEM_ALERTA_OBJETIVO_DE_LOCALIZACAO"",""hidraulica"":""ENSAIO_COM_METADADOS_MINIMOS_PRESENTE"",""hidroestratigrafica"":""REVISAO_OU_UNKNOWN_PRESENTE"",""hidroquimica"":""UNKNOWN_SEM_EVIDENCIA_HIDROQUIMICA_NO_CONJUNTO"",""incerteza"":""INCERTEZA_EXPLICITA_NAO_AGREGADA"",""independencia"":""UNKNOWN_INDEPENDENCIA_HIDROGEOLOGICA_NAO_DEMONSTRADA"",""qualidade_documental"":""ALERTAS_DE_REVISAO_PRESENTES"",""temporal"":""EVIDENCIA_DATADA_PRESENTE_SEM_SERIE"",""vertical"":""PARCIAL_SEM_INTERVALO_CAPTADO_DEMONSTRADO""}"
SCALE-1000-O00-00146,1000,O00,1000.0000000000462,3,COM_POCO_NO_CONJUNTO_AUDITADO,11.381497524464118,3,Formação Serra Geral,87.05687009545954,2,Fraturada (Fr),87.05687009545954,False,False,0,0.0,0,0.0,2,66.66666666666667,0,0.0,3,100.0,0,0.0,0,0.0,0,3,100.0,3,100.0,3,100.0,0,0.0,0,0.0,0,0.0,3,100.0,0,0.0,3,3,1,0,0.0,0,0.0,,0,0,0.0,0,0.0,2,66.66666666666667,0,0.0,0,0.0,0,0.0,3.0,SEM_ALERTA_OBJETIVO_DE_LOCALIZACAO,REVISAO_OU_UNKNOWN_PRESENTE,PARCIAL_SEM_INTERVALO_CAPTADO_DEMONSTRADO,EVIDENCIA_HIDRAULICA_PARCIAL_PRESENTE,EVIDENCIA_HIDROQUIMICA_PARCIAL_PRESENTE_SEM_QA_COMPLETO,UNKNOWN_SEM_EVIDENCIA_DATADA_E_SEM_SERIE,UNKNOWN_INDEPENDENCIA_HIDROGEOLOGICA_NAO_DEMONSTRADA,SEM_ALERTA_OBJETIVO_NAS_REGRAS_ATUAIS,INCERTEZA_EXPLICITA_NAO_AGREGADA,UNKNOWN_EVIDENCIA_DATADA|UNKNOWN_HIDROESTRATIGRAFIA_EM_PARTE_DOS_POCOS|UNKNOWN_INDEPENDENCIA_HIDROGEOLOGICA|UNKNOWN_INTERVALO_CAPTADO|UNKNOWN_QA_HIDROQUIMICO_COMPLETO|UNKNOWN_SERIE_TEMPORAL,"{""espacial"":""SEM_ALERTA_OBJETIVO_DE_LOCALIZACAO"",""hidraulica"":""EVIDENCIA_HIDRAULICA_PARCIAL_PRESENTE"",""hidroestratigrafica"":""REVISAO_OU_UNKNOWN_PRESENTE"",""hidroquimica"":""EVIDENCIA_HIDROQUIMICA_PARCIAL_PRESENTE_SEM_QA_COMPLETO"",""incerteza"":""INCERTEZA_EXPLICITA_NAO_AGREGADA"",""independencia"":""UNKNOWN_INDEPENDENCIA_HIDROGEOLOGICA_NAO_DEMONSTRADA"",""qualidade_documental"":""SEM_ALERTA_OBJETIVO_NAS_REGRAS_ATUAIS"",""temporal"":""UNKNOWN_SEM_EVIDENCIA_DATADA_E_SEM_SERIE"",""vertical"":""PARCIAL_SEM_INTERVALO_CAPTADO_DEMONSTRADO""}"
SCALE-1000-O00-00147,1000,O00,1000.0000000000462,63,COM_POCO_NO_CONJUNTO_AUDITADO,6.9786406729405215,2,Formação Serra Geral,98.58041051895044,2,Fraturada (Fr),98.58041051895044,False,False,0,0.0,0,0.0,8,12.698412698412698,0,0.0,57,90.47619047619048,19,30.158730158730158,8,12.698412698412698,0,54,85.71428571428571,54,85.71428571428571,53,84.12698412698413,11,17.46031746031746,11,17.46031746031746,0,0.0,40,63.492063492063494,6,9.523809523809524,35,43,5,18,28.571428571428573,5,7.936507936507937,22.383758735634544,0,0,0.0,0,0.0,45,71.42857142857143,25,39.682539682539684,25,39.682539682539684,0,0.0,4.0,SEM_ALERTA_OBJETIVO_DE_LOCALIZACAO,REVISAO_OU_UNKNOWN_PRESENTE,PARCIAL_SEM_INTERVALO_CAPTADO_DEMONSTRADO,ENSAIO_COM_METADADOS_MINIMOS_PRESENTE,EVIDENCIA_HIDROQUIMICA_PARCIAL_PRESENTE_SEM_QA_COMPLETO,EVIDENCIA_DATADA_PRESENTE_SEM_SERIE,UNKNOWN_INDEPENDENCIA_HIDROGEOLOGICA_NAO_DEMONSTRADA,ALERTAS_DE_REVISAO_PRESENTES,INCERTEZA_EXPLICITA_NAO_AGREGADA,UNKNOWN_HIDROESTRATIGRAFIA_EM_PARTE_DOS_POCOS|UNKNOWN_INDEPENDENCIA_HIDROGEOLOGICA|UNKNOWN_INTERVALO_CAPTADO|UNKNOWN_QA_HIDROQUIMICO_COMPLETO|UNKNOWN_SERIE_TEMPORAL,"{""espacial"":""SEM_ALERTA_OBJETIVO_DE_LOCALIZACAO"",""hidraulica"":""ENSAIO_COM_METADADOS_MINIMOS_PRESENTE"",""hidroestratigrafica"":""REVISAO_OU_UNKNOWN_PRESENTE"",""hidroquimica"":""EVIDENCIA_HIDROQUIMICA_PARCIAL_PRESENTE_SEM_QA_COMPLETO"",""incerteza"":""INCERTEZA_EXPLICITA_NAO_AGREGADA"",""independencia"":""UNKNOWN_INDEPENDENCIA_HIDROGEOLOGICA_NAO_DEMONSTRADA"",""qualidade_documental"":""ALERTAS_DE_REVISAO_PRESENTES"",""temporal"":""EVIDENCIA_DATADA_PRESENTE_SEM_SERIE"",""vertical"":""PARCIAL_SEM_INTERVALO_CAPTADO_DEMONSTRADO""}"
SCALE-1000-O00-00148,1000,O00,1000.0000000000462,25,COM_POCO_NO_CONJUNTO_AUDITADO,6.912092356704435,2,Formação Serra Geral,90.01954791616933,2,Fraturada (Fr),90.01954791616933,False,False,0,0.0,0,0.0,16,64.0,0,0.0,10,40.0,0,0.0,0,0.0,0,9,36.0,9,36.0,9,36.0,0,0.0,0,0.0,0,0.0,9,36.0,0,0.0,6,6,1,0,0.0,0,0.0,,0,0,0.0,0,0.0,9,36.0,15,60.0,15,60.0,0,0.0,0.0,SEM_ALERTA_OBJETIVO_DE_LOCALIZACAO,REVISAO_OU_UNKNOWN_PRESENTE,PARCIAL_SEM_INTERVALO_CAPTADO_DEMONSTRADO,EVIDENCIA_HIDRAULICA_PARCIAL_PRESENTE,EVIDENCIA_HIDROQUIMICA_PARCIAL_PRESENTE_SEM_QA_COMPLETO,UNKNOWN_SEM_EVIDENCIA_DATADA_E_SEM_SERIE,UNKNOWN_INDEPENDENCIA_HIDROGEOLOGICA_NAO_DEMONSTRADA,ALERTAS_DE_REVISAO_PRESENTES,INCERTEZA_EXPLICITA_NAO_AGREGADA,UNKNOWN_EVIDENCIA_DATADA|UNKNOWN_HIDROESTRATIGRAFIA_EM_PARTE_DOS_POCOS|UNKNOWN_INDEPENDENCIA_HIDROGEOLOGICA|UNKNOWN_INTERVALO_CAPTADO|UNKNOWN_QA_HIDROQUIMICO_COMPLETO|UNKNOWN_SERIE_TEMPORAL,"{""espacial"":""SEM_ALERTA_OBJETIVO_DE_LOCALIZACAO"",""hidraulica"":""EVIDENCIA_HIDRAULICA_PARCIAL_PRESENTE"",""hidroestratigrafica"":""REVISAO_OU_UNKNOWN_PRESENTE"",""hidroquimica"":""EVIDENCIA_HIDROQUIMICA_PARCIAL_PRESENTE_SEM_QA_COMPLETO"",""incerteza"":""INCERTEZA_EXPLICITA_NAO_AGREGADA"",""independencia"":""UNKNOWN_INDEPENDENCIA_HIDROGEOLOGICA_NAO_DEMONSTRADA"",""qualidade_documental"":""ALERTAS_DE_REVISAO_PRESENTES"",""temporal"":""UNKNOWN_SEM_EVIDENCIA_DATADA_E_SEM_SERIE"",""vertical"":""PARCIAL_SEM_INTERVALO_CAPTADO_DEMONSTRADO""}"
SCALE-1000-O00-00149,1000,O00,1000.0000000000462,8,COM_POCO_NO_CONJUNTO_AUDITADO,13.704270015236952,2,Grupo Caiuá,60.24292840243968,2,Granular (Gr),60.24292840243968,False,False,0,0.0,0,0.0,3,37.5,1,12.5,7,87.5,2,25.0,0,0.0,0,7,87.5,7,87.5,6,75.0,1,12.5,1,12.5,0,0.0,5,62.5,2,25.0,4,8,4,4,50.0,2,25.0,16.994188792377667,0,0,0.0,0,0.0,0,0.0,5,62.5,5,62.5,0,0.0,3.0,SEM_ALERTA_OBJETIVO_DE_LOCALIZACAO,REVISAO_OU_UNKNOWN_PRESENTE,PARCIAL_SEM_INTERVALO_CAPTADO_DEMONSTRADO,ENSAIO_COM_METADADOS_MINIMOS_PRESENTE,EVIDENCIA_HIDROQUIMICA_PARCIAL_PRESENTE_SEM_QA_COMPLETO,EVIDENCIA_DATADA_PRESENTE_SEM_SERIE,UNKNOWN_INDEPENDENCIA_HIDROGEOLOGICA_NAO_DEMONSTRADA,ALERTAS_DE_REVISAO_PRESENTES,INCERTEZA_EXPLICITA_NAO_AGREGADA,UNKNOWN_HIDROESTRATIGRAFIA_EM_PARTE_DOS_POCOS|UNKNOWN_INDEPENDENCIA_HIDROGEOLOGICA|UNKNOWN_INTERVALO_CAPTADO|UNKNOWN_QA_HIDROQUIMICO_COMPLETO|UNKNOWN_SERIE_TEMPORAL,"{""espacial"":""SEM_ALERTA_OBJETIVO_DE_LOCALIZACAO"",""hidraulica"":""ENSAIO_COM_METADADOS_MINIMOS_PRESENTE"",""hidroestratigrafica"":""REVISAO_OU_UNKNOWN_PRESENTE"",""hidroquimica"":""EVIDENCIA_HIDROQUIMICA_PARCIAL_PRESENTE_SEM_QA_COMPLETO"",""incerteza"":""INCERTEZA_EXPLICITA_NAO_AGREGADA"",""independencia"":""UNKNOWN_INDEPENDENCIA_HIDROGEOLOGICA_NAO_DEMONSTRADA"",""qualidade_documental"":""ALERTAS_DE_REVISAO_PRESENTES"",""temporal"":""EVIDENCIA_DATADA_PRESENTE_SEM_SERIE"",""vertical"":""PARCIAL_SEM_INTERVALO_CAPTADO_DEMONSTRADO""}"
SCALE-1000-O00-00150,1000,O00,1000.0000000000462,0,SEM_POCO_NO_CONJUNTO_AUDITADO,24.498950552531575,2,Grupo Caiuá,90.0109202704828,2,Granular (Gr),90.0109202704828,False,False,0,,0,,0,,0,,0,,0,,0,,0,0,,0,,0,,0,,0,,0,,0,,0,,0,0,0,0,,0,,,0,0,,0,,0,,0,,0,,0,,,SEM_POCO_NO_CONJUNTO_AUDITADO,UNKNOWN_SEM_POCO_PARA_AVALIACAO_LOCAL,UNKNOWN_SEM_POCO_PARA_AVALIACAO_VERTICAL,UNKNOWN_SEM_POCO_PARA_AVALIACAO_HIDRAULICA,UNKNOWN_SEM_POCO_PARA_AVALIACAO_HIDROQUIMICA,UNKNOWN_SEM_POCO_PARA_AVALIACAO_TEMPORAL,UNKNOWN_INDEPENDENCIA_HIDROGEOLOGICA_NAO_DEMONSTRADA,UNKNOWN_SEM_POCO_PARA_AVALIACAO_DOCUMENTAL,INCERTEZA_EXPLICITA_NAO_AGREGADA,UNKNOWN_SEM_POCO_NO_CONJUNTO_AUDITADO,"{""espacial"":""SEM_POCO_NO_CONJUNTO_AUDITADO"",""hidraulica"":""UNKNOWN_SEM_POCO_PARA_AVALIACAO_HIDRAULICA"",""hidroestratigrafica"":""UNKNOWN_SEM_POCO_PARA_AVALIACAO_LOCAL"",""hidroquimica"":""UNKNOWN_SEM_POCO_PARA_AVALIACAO_HIDROQUIMICA"",""incerteza"":""INCERTEZA_EXPLICITA_NAO_AGREGADA"",""independencia"":""UNKNOWN_INDEPENDENCIA_HIDROGEOLOGICA_NAO_DEMONSTRADA"",""qualidade_documental"":""UNKNOWN_SEM_POCO_PARA_AVALIACAO_DOCUMENTAL"",""temporal"":""UNKNOWN_SEM_POCO_PARA_AVALIACAO_TEMPORAL"",""vertical"":""UNKNOWN_SEM_POCO_PARA_AVALIACAO_VERTICAL""}"
SCALE-1000-O00-00151,1000,O00,1000.0000000000462,5,COM_POCO_NO_CONJUNTO_AUDITADO,11.851287337319668,1,Grupo Caiuá,100.0,1,Granular (Gr),100.0,False,False,1,20.0,1,20.0,4,80.0,1,20.0,2,40.0,0,0.0,0,0.0,0,2,40.0,2,40.0,2,40.0,1,20.0,1,20.0,0,0.0,1,20.0,0,0.0,1,1,1,1,20.0,0,0.0,10.102876855787594,0,0,0.0,0,0.0,0,0.0,3,60.0,3,60.0,0,0.0,0.0,COM_COORDENADA_OU_MUNICIPIO_EM_REVISAO,REVISAO_OU_UNKNOWN_PRESENTE,PARCIAL_SEM_INTERVALO_CAPTADO_DEMONSTRADO,ENSAIO_COM_METADADOS_MINIMOS_PRESENTE,EVIDENCIA_HIDROQUIMICA_PARCIAL_PRESENTE_SEM_QA_COMPLETO,EVIDENCIA_DATADA_PRESENTE_SEM_SERIE,UNKNOWN_INDEPENDENCIA_HIDROGEOLOGICA_NAO_DEMONSTRADA,ALERTAS_DE_REVISAO_PRESENTES,INCERTEZA_EXPLICITA_NAO_AGREGADA,UNKNOWN_HIDROESTRATIGRAFIA_EM_PARTE_DOS_POCOS|UNKNOWN_INDEPENDENCIA_HIDROGEOLOGICA|UNKNOWN_INTERVALO_CAPTADO|UNKNOWN_QA_HIDROQUIMICO_COMPLETO|UNKNOWN_SERIE_TEMPORAL,"{""espacial"":""COM_COORDENADA_OU_MUNICIPIO_EM_REVISAO"",""hidraulica"":""ENSAIO_COM_METADADOS_MINIMOS_PRESENTE"",""hidroestratigrafica"":""REVISAO_OU_UNKNOWN_PRESENTE"",""hidroquimica"":""EVIDENCIA_HIDROQUIMICA_PARCIAL_PRESENTE_SEM_QA_COMPLETO"",""incerteza"":""INCERTEZA_EXPLICITA_NAO_AGREGADA"",""independencia"":""UNKNOWN_INDEPENDENCIA_HIDROGEOLOGICA_NAO_DEMONSTRADA"",""qualidade_documental"":""ALERTAS_DE_REVISAO_PRESENTES"",""temporal"":""EVIDENCIA_DATADA_PRESENTE_SEM_SERIE"",""vertical"":""PARCIAL_SEM_INTERVALO_CAPTADO_DEMONSTRADO""}"
SCALE-1000-O00-00152,1000,O00,1000.0000000000462,1,COM_POCO_NO_CONJUNTO_AUDITADO,27.18417052796692,1,Grupo Caiuá,100.0,1,Granular (Gr),100.0,False,False,0,0.0,0,0.0,0,0.0,1,100.0,1,100.0,1,100.0,0,0.0,0,1,100.0,1,100.0,1,100.0,1,100.0,1,100.0,0,0.0,1,100.0,0,0.0,0,0,0,1,100.0,0,0.0,3.359411897574899,0,0,0.0,0,0.0,0,0.0,1,100.0,1,100.0,0,0.0,4.0,SEM_ALERTA_OBJETIVO_DE_LOCALIZACAO,REVISAO_OU_UNKNOWN_PRESENTE,PARCIAL_SEM_INTERVALO_CAPTADO_DEMONSTRADO,ENSAIO_COM_METADADOS_MINIMOS_PRESENTE,EVIDENCIA_HIDROQUIMICA_PARCIAL_PRESENTE_SEM_QA_COMPLETO,EVIDENCIA_DATADA_PRESENTE_SEM_SERIE,UNKNOWN_INDEPENDENCIA_HIDROGEOLOGICA_NAO_DEMONSTRADA,ALERTAS_DE_REVISAO_PRESENTES,INCERTEZA_EXPLICITA_NAO_AGREGADA,UNKNOWN_INDEPENDENCIA_HIDROGEOLOGICA|UNKNOWN_INTERVALO_CAPTADO|UNKNOWN_QA_HIDROQUIMICO_COMPLETO|UNKNOWN_SERIE_TEMPORAL,"{""espacial"":""SEM_ALERTA_OBJETIVO_DE_LOCALIZACAO"",""hidraulica"":""ENSAIO_COM_METADADOS_MINIMOS_PRESENTE"",""hidroestratigrafica"":""REVISAO_OU_UNKNOWN_PRESENTE"",""hidroquimica"":""EVIDENCIA_HIDROQUIMICA_PARCIAL_PRESENTE_SEM_QA_COMPLETO"",""incerteza"":""INCERTEZA_EXPLICITA_NAO_AGREGADA"",""independencia"":""UNKNOWN_INDEPENDENCIA_HIDROGEOLOGICA_NAO_DEMONSTRADA"",""qualidade_documental"":""ALERTAS_DE_REVISAO_PRESENTES"",""temporal"":""EVIDENCIA_DATADA_PRESENTE_SEM_SERIE"",""vertical"":""PARCIAL_SEM_INTERVALO_CAPTADO_DEMONSTRADO""}"
SCALE-1000-O00-00153,1000,O00,1000.0000000000462,0,SEM_POCO_NO_CONJUNTO_AUDITADO,30.45417112020168,1,Grupo Caiuá,100.0,1,Granular (Gr),100.0,False,False,0,,0,,0,,0,,0,,0,,0,,0,0,,0,,0,,0,,0,,0,,0,,0,,0,0,0,0,,0,,,0,0,,0,,0,,0,,0,,0,,,SEM_POCO_NO_CONJUNTO_AUDITADO,UNKNOWN_SEM_POCO_PARA_AVALIACAO_LOCAL,UNKNOWN_SEM_POCO_PARA_AVALIACAO_VERTICAL,UNKNOWN_SEM_POCO_PARA_AVALIACAO_HIDRAULICA,UNKNOWN_SEM_POCO_PARA_AVALIACAO_HIDROQUIMICA,UNKNOWN_SEM_POCO_PARA_AVALIACAO_TEMPORAL,UNKNOWN_INDEPENDENCIA_HIDROGEOLOGICA_NAO_DEMONSTRADA,UNKNOWN_SEM_POCO_PARA_AVALIACAO_DOCUMENTAL,INCERTEZA_EXPLICITA_NAO_AGREGADA,UNKNOWN_SEM_POCO_NO_CONJUNTO_AUDITADO,"{""espacial"":""SEM_POCO_NO_CONJUNTO_AUDITADO"",""hidraulica"":""UNKNOWN_SEM_POCO_PARA_AVALIACAO_HIDRAULICA"",""hidroestratigrafica"":""UNKNOWN_SEM_POCO_PARA_AVALIACAO_LOCAL"",""hidroquimica"":""UNKNOWN_SEM_POCO_PARA_AVALIACAO_HIDROQUIMICA"",""incerteza"":""INCERTEZA_EXPLICITA_NAO_AGREGADA"",""independencia"":""UNKNOWN_INDEPENDENCIA_HIDROGEOLOGICA_NAO_DEMONSTRADA"",""qualidade_documental"":""UNKNOWN_SEM_POCO_PARA_AVALIACAO_DOCUMENTAL"",""temporal"":""UNKNOWN_SEM_POCO_PARA_AVALIACAO_TEMPORAL"",""vertical"":""UNKNOWN_SEM_POCO_PARA_AVALIACAO_VERTICAL""}"
SCALE-1000-O00-00154,1000,O00,1000.0000000000462,2,COM_POCO_NO_CONJUNTO_AUDITADO,17.48888536335643,1,Grupo Caiuá,100.0,1,Granular (Gr),100.0,False,False,0,0.0,0,0.0,0,0.0,2,100.0,2,100.0,0,0.0,0,0.0,0,2,100.0,2,100.0,2,100.0,0,0.0,0,0.0,0,0.0,2,100.0,0,0.0,2,2,1,0,0.0,0,0.0,,0,0,0.0,0,0.0,0,0.0,0,0.0,0,0.0,0,0.0,4.0,SEM_ALERTA_OBJETIVO_DE_LOCALIZACAO,REVISAO_OU_UNKNOWN_PRESENTE,PARCIAL_SEM_INTERVALO_CAPTADO_DEMONSTRADO,EVIDENCIA_HIDRAULICA_PARCIAL_PRESENTE,EVIDENCIA_HIDROQUIMICA_PARCIAL_PRESENTE_SEM_QA_COMPLETO,UNKNOWN_SEM_EVIDENCIA_DATADA_E_SEM_SERIE,UNKNOWN_INDEPENDENCIA_HIDROGEOLOGICA_NAO_DEMONSTRADA,SEM_ALERTA_OBJETIVO_NAS_REGRAS_ATUAIS,INCERTEZA_EXPLICITA_NAO_AGREGADA,UNKNOWN_EVIDENCIA_DATADA|UNKNOWN_INDEPENDENCIA_HIDROGEOLOGICA|UNKNOWN_INTERVALO_CAPTADO|UNKNOWN_QA_HIDROQUIMICO_COMPLETO|UNKNOWN_SERIE_TEMPORAL,"{""espacial"":""SEM_ALERTA_OBJETIVO_DE_LOCALIZACAO"",""hidraulica"":""EVIDENCIA_HIDRAULICA_PARCIAL_PRESENTE"",""hidroestratigrafica"":""REVISAO_OU_UNKNOWN_PRESENTE"",""hidroquimica"":""EVIDENCIA_HIDROQUIMICA_PARCIAL_PRESENTE_SEM_QA_COMPLETO"",""incerteza"":""INCERTEZA_EXPLICITA_NAO_AGREGADA"",""independencia"":""UNKNOWN_INDEPENDENCIA_HIDROGEOLOGICA_NAO_DEMONSTRADA"",""qualidade_documental"":""SEM_ALERTA_OBJETIVO_NAS_REGRAS_ATUAIS"",""temporal"":""UNKNOWN_SEM_EVIDENCIA_DATADA_E_SEM_SERIE"",""vertical"":""PARCIAL_SEM_INTERVALO_CAPTADO_DEMONSTRADO""}"
SCALE-1000-O00-00155,1000,O00,1000.0000000000462,2,COM_POCO_NO_CONJUNTO_AUDITADO,13.257426078058845,2,Grupo Caiuá,98.7213099812923,1,Granular (Gr),100.0,False,False,0,0.0,0,0.0,0,0.0,2,100.0,2,100.0,1,50.0,1,50.0,0,2,100.0,2,100.0,2,100.0,1,50.0,1,50.0,0,0.0,2,100.0,1,50.0,1,1,1,1,50.0,1,50.0,14.702560627528284,0,0,0.0,0,0.0,0,0.0,1,50.0,1,50.0,0,0.0,4.0,SEM_ALERTA_OBJETIVO_DE_LOCALIZACAO,REVISAO_OU_UNKNOWN_PRESENTE,PARCIAL_SEM_INTERVALO_CAPTADO_DEMONSTRADO,ENSAIO_COM_METADADOS_MINIMOS_PRESENTE,EVIDENCIA_HIDROQUIMICA_PARCIAL_PRESENTE_SEM_QA_COMPLETO,EVIDENCIA_DATADA_PRESENTE_SEM_SERIE,UNKNOWN_INDEPENDENCIA_HIDROGEOLOGICA_NAO_DEMONSTRADA,ALERTAS_DE_REVISAO_PRESENTES,INCERTEZA_EXPLICITA_NAO_AGREGADA,UNKNOWN_INDEPENDENCIA_HIDROGEOLOGICA|UNKNOWN_INTERVALO_CAPTADO|UNKNOWN_QA_HIDROQUIMICO_COMPLETO|UNKNOWN_SERIE_TEMPORAL,"{""espacial"":""SEM_ALERTA_OBJETIVO_DE_LOCALIZACAO"",""hidraulica"":""ENSAIO_COM_METADADOS_MINIMOS_PRESENTE"",""hidroestratigrafica"":""REVISAO_OU_UNKNOWN_PRESENTE"",""hidroquimica"":""EVIDENCIA_HIDROQUIMICA_PARCIAL_PRESENTE_SEM_QA_COMPLETO"",""incerteza"":""INCERTEZA_EXPLICITA_NAO_AGREGADA"",""independencia"":""UNKNOWN_INDEPENDENCIA_HIDROGEOLOGICA_NAO_DEMONSTRADA"",""qualidade_documental"":""ALERTAS_DE_REVISAO_PRESENTES"",""temporal"":""EVIDENCIA_DATADA_PRESENTE_SEM_SERIE"",""vertical"":""PARCIAL_SEM_INTERVALO_CAPTADO_DEMONSTRADO""}"
SCALE-1000-O00-00156,1000,O00,1000.0000000000462,0,SEM_POCO_NO_CONJUNTO_AUDITADO,18.342361106903265,2,Grupo Caiuá,92.7291025326181,1,Granular (Gr),100.0,False,False,0,,0,,0,,0,,0,,0,,0,,0,0,,0,,0,,0,,0,,0,,0,,0,,0,0,0,0,,0,,,0,0,,0,,0,,0,,0,,0,,,SEM_POCO_NO_CONJUNTO_AUDITADO,UNKNOWN_SEM_POCO_PARA_AVALIACAO_LOCAL,UNKNOWN_SEM_POCO_PARA_AVALIACAO_VERTICAL,UNKNOWN_SEM_POCO_PARA_AVALIACAO_HIDRAULICA,UNKNOWN_SEM_POCO_PARA_AVALIACAO_HIDROQUIMICA,UNKNOWN_SEM_POCO_PARA_AVALIACAO_TEMPORAL,UNKNOWN_INDEPENDENCIA_HIDROGEOLOGICA_NAO_DEMONSTRADA,UNKNOWN_SEM_POCO_PARA_AVALIACAO_DOCUMENTAL,INCERTEZA_EXPLICITA_NAO_AGREGADA,UNKNOWN_SEM_POCO_NO_CONJUNTO_AUDITADO,"{""espacial"":""SEM_POCO_NO_CONJUNTO_AUDITADO"",""hidraulica"":""UNKNOWN_SEM_POCO_PARA_AVALIACAO_HIDRAULICA"",""hidroestratigrafica"":""UNKNOWN_SEM_POCO_PARA_AVALIACAO_LOCAL"",""hidroquimica"":""UNKNOWN_SEM_POCO_PARA_AVALIACAO_HIDROQUIMICA"",""incerteza"":""INCERTEZA_EXPLICITA_NAO_AGREGADA"",""independencia"":""UNKNOWN_INDEPENDENCIA_HIDROGEOLOGICA_NAO_DEMONSTRADA"",""qualidade_documental"":""UNKNOWN_SEM_POCO_PARA_AVALIACAO_DOCUMENTAL"",""temporal"":""UNKNOWN_SEM_POCO_PARA_AVALIACAO_TEMPORAL"",""vertical"":""UNKNOWN_SEM_POCO_PARA_AVALIACAO_VERTICAL""}"
SCALE-1000-O00-00157,1000,O00,739.2845471885776,43,COM_POCO_NO_CONJUNTO_AUDITADO,8.011007394917868,2,Grupo Caiuá,70.74959102739388,1,Granular (Gr),100.0,False,False,0,0.0,0,0.0,10,23.25581395348837,27,62.7906976744186,38,88.37209302325581,28,65.11627906976744,14,32.55813953488372,0,35,81.3953488372093,33,76.74418604651163,28,65.11627906976744,20,46.51162790697674,20,46.51162790697674,0,0.0,26,60.46511627906977,18,41.86046511627907,30,62,5,27,62.7906976744186,18,41.86046511627907,15.29942435505178,0,0,0.0,0,0.0,25,58.13953488372093,33,76.74418604651163,33,76.74418604651163,0,0.0,4.0,SEM_ALERTA_OBJETIVO_DE_LOCALIZACAO,REVISAO_OU_UNKNOWN_PRESENTE,PARCIAL_SEM_INTERVALO_CAPTADO_DEMONSTRADO,ENSAIO_COM_METADADOS_MINIMOS_PRESENTE,EVIDENCIA_HIDROQUIMICA_PARCIAL_PRESENTE_SEM_QA_COMPLETO,EVIDENCIA_DATADA_PRESENTE_SEM_SERIE,UNKNOWN_INDEPENDENCIA_HIDROGEOLOGICA_NAO_DEMONSTRADA,ALERTAS_DE_REVISAO_PRESENTES,INCERTEZA_EXPLICITA_NAO_AGREGADA,UNKNOWN_HIDROESTRATIGRAFIA_EM_PARTE_DOS_POCOS|UNKNOWN_INDEPENDENCIA_HIDROGEOLOGICA|UNKNOWN_INTERVALO_CAPTADO|UNKNOWN_QA_HIDROQUIMICO_COMPLETO|UNKNOWN_SERIE_TEMPORAL,"{""espacial"":""SEM_ALERTA_OBJETIVO_DE_LOCALIZACAO"",""hidraulica"":""ENSAIO_COM_METADADOS_MINIMOS_PRESENTE"",""hidroestratigrafica"":""REVISAO_OU_UNKNOWN_PRESENTE"",""hidroquimica"":""EVIDENCIA_HIDROQUIMICA_PARCIAL_PRESENTE_SEM_QA_COMPLETO"",""incerteza"":""INCERTEZA_EXPLICITA_NAO_AGREGADA"",""independencia"":""UNKNOWN_INDEPENDENCIA_HIDROGEOLOGICA_NAO_DEMONSTRADA"",""qualidade_documental"":""ALERTAS_DE_REVISAO_PRESENTES"",""temporal"":""EVIDENCIA_DATADA_PRESENTE_SEM_SERIE"",""vertical"":""PARCIAL_SEM_INTERVALO_CAPTADO_DEMONSTRADO""}"
SCALE-1000-O00-00158,1000,O00,62.098208657580926,0,SEM_POCO_NO_CONJUNTO_AUDITADO,99.6243316637487,1,Formação Pantanal,100.0,1,Granular (Gr),100.0,False,False,0,,0,,0,,0,,0,,0,,0,,0,0,,0,,0,,0,,0,,0,,0,,0,,0,0,0,0,,0,,,0,0,,0,,0,,0,,0,,0,,,SEM_POCO_NO_CONJUNTO_AUDITADO,UNKNOWN_SEM_POCO_PARA_AVALIACAO_LOCAL,UNKNOWN_SEM_POCO_PARA_AVALIACAO_VERTICAL,UNKNOWN_SEM_POCO_PARA_AVALIACAO_HIDRAULICA,UNKNOWN_SEM_POCO_PARA_AVALIACAO_HIDROQUIMICA,UNKNOWN_SEM_POCO_PARA_AVALIACAO_TEMPORAL,UNKNOWN_INDEPENDENCIA_HIDROGEOLOGICA_NAO_DEMONSTRADA,UNKNOWN_SEM_POCO_PARA_AVALIACAO_DOCUMENTAL,INCERTEZA_EXPLICITA_NAO_AGREGADA,UNKNOWN_SEM_POCO_NO_CONJUNTO_AUDITADO,"{""espacial"":""SEM_POCO_NO_CONJUNTO_AUDITADO"",""hidraulica"":""UNKNOWN_SEM_POCO_PARA_AVALIACAO_HIDRAULICA"",""hidroestratigrafica"":""UNKNOWN_SEM_POCO_PARA_AVALIACAO_LOCAL"",""hidroquimica"":""UNKNOWN_SEM_POCO_PARA_AVALIACAO_HIDROQUIMICA"",""incerteza"":""INCERTEZA_EXPLICITA_NAO_AGREGADA"",""independencia"":""UNKNOWN_INDEPENDENCIA_HIDROGEOLOGICA_NAO_DEMONSTRADA"",""qualidade_documental"":""UNKNOWN_SEM_POCO_PARA_AVALIACAO_DOCUMENTAL"",""temporal"":""UNKNOWN_SEM_POCO_PARA_AVALIACAO_TEMPORAL"",""vertical"":""UNKNOWN_SEM_POCO_PARA_AVALIACAO_VERTICAL""}"
SCALE-1000-O00-00159,1000,O00,937.6437113513293,0,SEM_POCO_NO_CONJUNTO_AUDITADO,103.84057728773442,3,Formação Pantanal,88.52259855920892,2,Granular (Gr),99.26149740050933,False,False,0,,0,,0,,0,,0,,0,,0,,0,0,,0,,0,,0,,0,,0,,0,,0,,0,0,0,0,,0,,,0,0,,0,,0,,0,,0,,0,,,SEM_POCO_NO_CONJUNTO_AUDITADO,UNKNOWN_SEM_POCO_PARA_AVALIACAO_LOCAL,UNKNOWN_SEM_POCO_PARA_AVALIACAO_VERTICAL,UNKNOWN_SEM_POCO_PARA_AVALIACAO_HIDRAULICA,UNKNOWN_SEM_POCO_PARA_AVALIACAO_HIDROQUIMICA,UNKNOWN_SEM_POCO_PARA_AVALIACAO_TEMPORAL,UNKNOWN_INDEPENDENCIA_HIDROGEOLOGICA_NAO_DEMONSTRADA,UNKNOWN_SEM_POCO_PARA_AVALIACAO_DOCUMENTAL,INCERTEZA_EXPLICITA_NAO_AGREGADA,UNKNOWN_SEM_POCO_NO_CONJUNTO_AUDITADO,"{""espacial"":""SEM_POCO_NO_CONJUNTO_AUDITADO"",""hidraulica"":""UNKNOWN_SEM_POCO_PARA_AVALIACAO_HIDRAULICA"",""hidroestratigrafica"":""UNKNOWN_SEM_POCO_PARA_AVALIACAO_LOCAL"",""hidroquimica"":""UNKNOWN_SEM_POCO_PARA_AVALIACAO_HIDROQUIMICA"",""incerteza"":""INCERTEZA_EXPLICITA_NAO_AGREGADA"",""independencia"":""UNKNOWN_INDEPENDENCIA_HIDROGEOLOGICA_NAO_DEMONSTRADA"",""qualidade_documental"":""UNKNOWN_SEM_POCO_PARA_AVALIACAO_DOCUMENTAL"",""temporal"":""UNKNOWN_SEM_POCO_PARA_AVALIACAO_TEMPORAL"",""vertical"":""UNKNOWN_SEM_POCO_PARA_AVALIACAO_VERTICAL""}"
SCALE-1000-O00-00160,1000,O00,1000.0000000000462,0,SEM_POCO_NO_CONJUNTO_AUDITADO,74.22353989344863,3,Embasamento Indiferenciado,51.77503176435459,2,Fraturada (Fr),51.77503176435459,False,False,0,,0,,0,,0,,0,,0,,0,,0,0,,0,,0,,0,,0,,0,,0,,0,,0,0,0,0,,0,,,0,0,,0,,0,,0,,0,,0,,,SEM_POCO_NO_CONJUNTO_AUDITADO,UNKNOWN_SEM_POCO_PARA_AVALIACAO_LOCAL,UNKNOWN_SEM_POCO_PARA_AVALIACAO_VERTICAL,UNKNOWN_SEM_POCO_PARA_AVALIACAO_HIDRAULICA,UNKNOWN_SEM_POCO_PARA_AVALIACAO_HIDROQUIMICA,UNKNOWN_SEM_POCO_PARA_AVALIACAO_TEMPORAL,UNKNOWN_INDEPENDENCIA_HIDROGEOLOGICA_NAO_DEMONSTRADA,UNKNOWN_SEM_POCO_PARA_AVALIACAO_DOCUMENTAL,INCERTEZA_EXPLICITA_NAO_AGREGADA,UNKNOWN_SEM_POCO_NO_CONJUNTO_AUDITADO,"{""espacial"":""SEM_POCO_NO_CONJUNTO_AUDITADO"",""hidraulica"":""UNKNOWN_SEM_POCO_PARA_AVALIACAO_HIDRAULICA"",""hidroestratigrafica"":""UNKNOWN_SEM_POCO_PARA_AVALIACAO_LOCAL"",""hidroquimica"":""UNKNOWN_SEM_POCO_PARA_AVALIACAO_HIDROQUIMICA"",""incerteza"":""INCERTEZA_EXPLICITA_NAO_AGREGADA"",""independencia"":""UNKNOWN_INDEPENDENCIA_HIDROGEOLOGICA_NAO_DEMONSTRADA"",""qualidade_documental"":""UNKNOWN_SEM_POCO_PARA_AVALIACAO_DOCUMENTAL"",""temporal"":""UNKNOWN_SEM_POCO_PARA_AVALIACAO_TEMPORAL"",""vertical"":""UNKNOWN_SEM_POCO_PARA_AVALIACAO_VERTICAL""}"
SCALE-1000-O00-00161,1000,O00,1000.0000000000462,0,SEM_POCO_NO_CONJUNTO_AUDITADO,40.65656592985321,3,Embasamento Indiferenciado,69.41114178595123,2,Fraturada (Fr),69.41114178595123,False,False,0,,0,,0,,0,,0,,0,,0,,0,0,,0,,0,,0,,0,,0,,0,,0,,0,0,0,0,,0,,,0,0,,0,,0,,0,,0,,0,,,SEM_POCO_NO_CONJUNTO_AUDITADO,UNKNOWN_SEM_POCO_PARA_AVALIACAO_LOCAL,UNKNOWN_SEM_POCO_PARA_AVALIACAO_VERTICAL,UNKNOWN_SEM_POCO_PARA_AVALIACAO_HIDRAULICA,UNKNOWN_SEM_POCO_PARA_AVALIACAO_HIDROQUIMICA,UNKNOWN_SEM_POCO_PARA_AVALIACAO_TEMPORAL,UNKNOWN_INDEPENDENCIA_HIDROGEOLOGICA_NAO_DEMONSTRADA,UNKNOWN_SEM_POCO_PARA_AVALIACAO_DOCUMENTAL,INCERTEZA_EXPLICITA_NAO_AGREGADA,UNKNOWN_SEM_POCO_NO_CONJUNTO_AUDITADO,"{""espacial"":""SEM_POCO_NO_CONJUNTO_AUDITADO"",""hidraulica"":""UNKNOWN_SEM_POCO_PARA_AVALIACAO_HIDRAULICA"",""hidroestratigrafica"":""UNKNOWN_SEM_POCO_PARA_AVALIACAO_LOCAL"",""hidroquimica"":""UNKNOWN_SEM_POCO_PARA_AVALIACAO_HIDROQUIMICA"",""incerteza"":""INCERTEZA_EXPLICITA_NAO_AGREGADA"",""independencia"":""UNKNOWN_INDEPENDENCIA_HIDROGEOLOGICA_NAO_DEMONSTRADA"",""qualidade_documental"":""UNKNOWN_SEM_POCO_PARA_AVALIACAO_DOCUMENTAL"",""temporal"":""UNKNOWN_SEM_POCO_PARA_AVALIACAO_TEMPORAL"",""vertical"":""UNKNOWN_SEM_POCO_PARA_AVALIACAO_VERTICAL""}"
SCALE-1000-O00-00162,1000,O00,1000.0000000000462,2,COM_POCO_NO_CONJUNTO_AUDITADO,17.715839741214243,5,Grupo Corumbá,54.64352677232469,3,Cárstica (K),56.30934770980817,False,False,0,0.0,0,0.0,1,50.0,1,50.0,2,100.0,1,50.0,0,0.0,0,2,100.0,2,100.0,2,100.0,1,50.0,1,50.0,0,0.0,1,50.0,0,0.0,1,1,1,1,50.0,0,0.0,45.34521584974366,0,0,0.0,0,0.0,0,0.0,1,50.0,1,50.0,0,0.0,3.5,SEM_ALERTA_OBJETIVO_DE_LOCALIZACAO,REVISAO_OU_UNKNOWN_PRESENTE,PARCIAL_SEM_INTERVALO_CAPTADO_DEMONSTRADO,ENSAIO_COM_METADADOS_MINIMOS_PRESENTE,EVIDENCIA_HIDROQUIMICA_PARCIAL_PRESENTE_SEM_QA_COMPLETO,EVIDENCIA_DATADA_PRESENTE_SEM_SERIE,UNKNOWN_INDEPENDENCIA_HIDROGEOLOGICA_NAO_DEMONSTRADA,ALERTAS_DE_REVISAO_PRESENTES,INCERTEZA_EXPLICITA_NAO_AGREGADA,UNKNOWN_HIDROESTRATIGRAFIA_EM_PARTE_DOS_POCOS|UNKNOWN_INDEPENDENCIA_HIDROGEOLOGICA|UNKNOWN_INTERVALO_CAPTADO|UNKNOWN_QA_HIDROQUIMICO_COMPLETO|UNKNOWN_SERIE_TEMPORAL,"{""espacial"":""SEM_ALERTA_OBJETIVO_DE_LOCALIZACAO"",""hidraulica"":""ENSAIO_COM_METADADOS_MINIMOS_PRESENTE"",""hidroestratigrafica"":""REVISAO_OU_UNKNOWN_PRESENTE"",""hidroquimica"":""EVIDENCIA_HIDROQUIMICA_PARCIAL_PRESENTE_SEM_QA_COMPLETO"",""incerteza"":""INCERTEZA_EXPLICITA_NAO_AGREGADA"",""independencia"":""UNKNOWN_INDEPENDENCIA_HIDROGEOLOGICA_NAO_DEMONSTRADA"",""qualidade_documental"":""ALERTAS_DE_REVISAO_PRESENTES"",""temporal"":""EVIDENCIA_DATADA_PRESENTE_SEM_SERIE"",""vertical"":""PARCIAL_SEM_INTERVALO_CAPTADO_DEMONSTRADO""}"
SCALE-1000-O00-00163,1000,O00,1000.0000000000462,2,COM_POCO_NO_CONJUNTO_AUDITADO,18.924103300997817,5,Grupo Cuiaba,80.46337315922017,3,Fraturada (Fr),79.08392001665467,False,False,0,0.0,0,0.0,2,100.0,0,0.0,0,0.0,0,0.0,0,0.0,0,0,0.0,0,0.0,0,0.0,0,0.0,0,0.0,0,0.0,0,0.0,0,0.0,0,0,0,0,0.0,0,0.0,,0,0,0.0,0,0.0,0,0.0,2,100.0,2,100.0,0,0.0,0.0,SEM_ALERTA_OBJETIVO_DE_LOCALIZACAO,REVISAO_OU_UNKNOWN_PRESENTE,PARCIAL_SEM_INTERVALO_CAPTADO_DEMONSTRADO,UNKNOWN_SEM_EVIDENCIA_HIDRAULICA_NO_CONJUNTO,UNKNOWN_SEM_EVIDENCIA_HIDROQUIMICA_NO_CONJUNTO,UNKNOWN_SEM_EVIDENCIA_DATADA_E_SEM_SERIE,UNKNOWN_INDEPENDENCIA_HIDROGEOLOGICA_NAO_DEMONSTRADA,ALERTAS_DE_REVISAO_PRESENTES,INCERTEZA_EXPLICITA_NAO_AGREGADA,UNKNOWN_EVIDENCIA_DATADA|UNKNOWN_EVIDENCIA_HIDRAULICA|UNKNOWN_EVIDENCIA_HIDROQUIMICA|UNKNOWN_HIDROESTRATIGRAFIA_EM_PARTE_DOS_POCOS|UNKNOWN_INDEPENDENCIA_HIDROGEOLOGICA|UNKNOWN_INTERVALO_CAPTADO|UNKNOWN_QA_HIDROQUIMICO_COMPLETO|UNKNOWN_SERIE_TEMPORAL,"{""espacial"":""SEM_ALERTA_OBJETIVO_DE_LOCALIZACAO"",""hidraulica"":""UNKNOWN_SEM_EVIDENCIA_HIDRAULICA_NO_CONJUNTO"",""hidroestratigrafica"":""REVISAO_OU_UNKNOWN_PRESENTE"",""hidroquimica"":""UNKNOWN_SEM_EVIDENCIA_HIDROQUIMICA_NO_CONJUNTO"",""incerteza"":""INCERTEZA_EXPLICITA_NAO_AGREGADA"",""independencia"":""UNKNOWN_INDEPENDENCIA_HIDROGEOLOGICA_NAO_DEMONSTRADA"",""qualidade_documental"":""ALERTAS_DE_REVISAO_PRESENTES"",""temporal"":""UNKNOWN_SEM_EVIDENCIA_DATADA_E_SEM_SERIE"",""vertical"":""PARCIAL_SEM_INTERVALO_CAPTADO_DEMONSTRADO""}"
SCALE-1000-O00-00164,1000,O00,1000.0000000000462,4,COM_POCO_NO_CONJUNTO_AUDITADO,11.306609880936136,4,Grupo Cuiaba,78.2710180556859,3,Fraturada (Fr),77.40510747876323,False,False,1,25.0,1,25.0,2,50.0,1,25.0,3,75.0,2,50.0,0,0.0,0,2,50.0,2,50.0,2,50.0,2,50.0,2,50.0,0,0.0,0,0.0,0,0.0,0,0,0,2,50.0,0,0.0,20.20027789756121,0,0,0.0,0,0.0,2,50.0,3,75.0,3,75.0,0,0.0,2.0,COM_COORDENADA_OU_MUNICIPIO_EM_REVISAO,REVISAO_OU_UNKNOWN_PRESENTE,PARCIAL_SEM_INTERVALO_CAPTADO_DEMONSTRADO,ENSAIO_COM_METADADOS_MINIMOS_PRESENTE,UNKNOWN_SEM_EVIDENCIA_HIDROQUIMICA_NO_CONJUNTO,EVIDENCIA_DATADA_PRESENTE_SEM_SERIE,UNKNOWN_INDEPENDENCIA_HIDROGEOLOGICA_NAO_DEMONSTRADA,ALERTAS_DE_REVISAO_PRESENTES,INCERTEZA_EXPLICITA_NAO_AGREGADA,UNKNOWN_EVIDENCIA_HIDROQUIMICA|UNKNOWN_HIDROESTRATIGRAFIA_EM_PARTE_DOS_POCOS|UNKNOWN_INDEPENDENCIA_HIDROGEOLOGICA|UNKNOWN_INTERVALO_CAPTADO|UNKNOWN_QA_HIDROQUIMICO_COMPLETO|UNKNOWN_SERIE_TEMPORAL,"{""espacial"":""COM_COORDENADA_OU_MUNICIPIO_EM_REVISAO"",""hidraulica"":""ENSAIO_COM_METADADOS_MINIMOS_PRESENTE"",""hidroestratigrafica"":""REVISAO_OU_UNKNOWN_PRESENTE"",""hidroquimica"":""UNKNOWN_SEM_EVIDENCIA_HIDROQUIMICA_NO_CONJUNTO"",""incerteza"":""INCERTEZA_EXPLICITA_NAO_AGREGADA"",""independencia"":""UNKNOWN_INDEPENDENCIA_HIDROGEOLOGICA_NAO_DEMONSTRADA"",""qualidade_documental"":""ALERTAS_DE_REVISAO_PRESENTES"",""temporal"":""EVIDENCIA_DATADA_PRESENTE_SEM_SERIE"",""vertical"":""PARCIAL_SEM_INTERVALO_CAPTADO_DEMONSTRADO""}"
SCALE-1000-O00-00165,1000,O00,1000.0000000000462,0,SEM_POCO_NO_CONJUNTO_AUDITADO,24.173641287317338,3,Formação Aquidauana,94.06533792397647,2,Granular (Gr),98.98169214887653,False,False,0,,0,,0,,0,,0,,0,,0,,0,0,,0,,0,,0,,0,,0,,0,,0,,0,0,0,0,,0,,,0,0,,0,,0,,0,,0,,0,,,SEM_POCO_NO_CONJUNTO_AUDITADO,UNKNOWN_SEM_POCO_PARA_AVALIACAO_LOCAL,UNKNOWN_SEM_POCO_PARA_AVALIACAO_VERTICAL,UNKNOWN_SEM_POCO_PARA_AVALIACAO_HIDRAULICA,UNKNOWN_SEM_POCO_PARA_AVALIACAO_HIDROQUIMICA,UNKNOWN_SEM_POCO_PARA_AVALIACAO_TEMPORAL,UNKNOWN_INDEPENDENCIA_HIDROGEOLOGICA_NAO_DEMONSTRADA,UNKNOWN_SEM_POCO_PARA_AVALIACAO_DOCUMENTAL,INCERTEZA_EXPLICITA_NAO_AGREGADA,UNKNOWN_SEM_POCO_NO_CONJUNTO_AUDITADO,"{""espacial"":""SEM_POCO_NO_CONJUNTO_AUDITADO"",""hidraulica"":""UNKNOWN_SEM_POCO_PARA_AVALIACAO_HIDRAULICA"",""hidroestratigrafica"":""UNKNOWN_SEM_POCO_PARA_AVALIACAO_LOCAL"",""hidroquimica"":""UNKNOWN_SEM_POCO_PARA_AVALIACAO_HIDROQUIMICA"",""incerteza"":""INCERTEZA_EXPLICITA_NAO_AGREGADA"",""independencia"":""UNKNOWN_INDEPENDENCIA_HIDROGEOLOGICA_NAO_DEMONSTRADA"",""qualidade_documental"":""UNKNOWN_SEM_POCO_PARA_AVALIACAO_DOCUMENTAL"",""temporal"":""UNKNOWN_SEM_POCO_PARA_AVALIACAO_TEMPORAL"",""vertical"":""UNKNOWN_SEM_POCO_PARA_AVALIACAO_VERTICAL""}"
SCALE-1000-O00-00166,1000,O00,1000.0000000000462,11,COM_POCO_NO_CONJUNTO_AUDITADO,14.78901602601603,3,Formação Botucatu,53.39358184202891,2,Granular (Gr),85.55479744842525,False,False,1,9.090909090909092,1,9.090909090909092,1,9.090909090909092,2,18.181818181818183,11,100.0,10,90.9090909090909,3,27.272727272727273,0,9,81.81818181818181,9,81.81818181818181,9,81.81818181818181,9,81.81818181818181,6,54.54545454545455,0,0.0,0,0.0,0,0.0,0,0,0,6,54.54545454545455,0,0.0,37.41213029699446,0,0,0.0,0,0.0,2,18.181818181818183,11,100.0,11,100.0,0,0.0,4.0,COM_COORDENADA_OU_MUNICIPIO_EM_REVISAO,REVISAO_OU_UNKNOWN_PRESENTE,PARCIAL_SEM_INTERVALO_CAPTADO_DEMONSTRADO,ENSAIO_COM_METADADOS_MINIMOS_PRESENTE,UNKNOWN_SEM_EVIDENCIA_HIDROQUIMICA_NO_CONJUNTO,EVIDENCIA_DATADA_PRESENTE_SEM_SERIE,UNKNOWN_INDEPENDENCIA_HIDROGEOLOGICA_NAO_DEMONSTRADA,ALERTAS_DE_REVISAO_PRESENTES,INCERTEZA_EXPLICITA_NAO_AGREGADA,UNKNOWN_EVIDENCIA_HIDROQUIMICA|UNKNOWN_HIDROESTRATIGRAFIA_EM_PARTE_DOS_POCOS|UNKNOWN_INDEPENDENCIA_HIDROGEOLOGICA|UNKNOWN_INTERVALO_CAPTADO|UNKNOWN_QA_HIDROQUIMICO_COMPLETO|UNKNOWN_SERIE_TEMPORAL,"{""espacial"":""COM_COORDENADA_OU_MUNICIPIO_EM_REVISAO"",""hidraulica"":""ENSAIO_COM_METADADOS_MINIMOS_PRESENTE"",""hidroestratigrafica"":""REVISAO_OU_UNKNOWN_PRESENTE"",""hidroquimica"":""UNKNOWN_SEM_EVIDENCIA_HIDROQUIMICA_NO_CONJUNTO"",""incerteza"":""INCERTEZA_EXPLICITA_NAO_AGREGADA"",""independencia"":""UNKNOWN_INDEPENDENCIA_HIDROGEOLOGICA_NAO_DEMONSTRADA"",""qualidade_documental"":""ALERTAS_DE_REVISAO_PRESENTES"",""temporal"":""EVIDENCIA_DATADA_PRESENTE_SEM_SERIE"",""vertical"":""PARCIAL_SEM_INTERVALO_CAPTADO_DEMONSTRADO""}"
SCALE-1000-O00-00167,1000,O00,1000.0000000000462,45,COM_POCO_NO_CONJUNTO_AUDITADO,7.3620817131158045,2,Formação Serra Geral,86.26553739163138,2,Fraturada (Fr),86.26553739163138,False,False,0,0.0,0,0.0,9,20.0,1,2.2222222222222223,41,91.11111111111111,21,46.666666666666664,2,4.444444444444445,0,38,84.44444444444444,38,84.44444444444444,37,82.22222222222223,11,24.444444444444443,11,24.444444444444443,0,0.0,24,53.333333333333336,5,11.11111111111111,24,29,5,19,42.22222222222222,4,8.88888888888889,24.476888642477256,0,0,0.0,0,0.0,27,60.0,26,57.77777777777778,26,57.77777777777778,0,0.0,4.0,SEM_ALERTA_OBJETIVO_DE_LOCALIZACAO,REVISAO_OU_UNKNOWN_PRESENTE,PARCIAL_SEM_INTERVALO_CAPTADO_DEMONSTRADO,ENSAIO_COM_METADADOS_MINIMOS_PRESENTE,EVIDENCIA_HIDROQUIMICA_PARCIAL_PRESENTE_SEM_QA_COMPLETO,EVIDENCIA_DATADA_PRESENTE_SEM_SERIE,UNKNOWN_INDEPENDENCIA_HIDROGEOLOGICA_NAO_DEMONSTRADA,ALERTAS_DE_REVISAO_PRESENTES,INCERTEZA_EXPLICITA_NAO_AGREGADA,UNKNOWN_HIDROESTRATIGRAFIA_EM_PARTE_DOS_POCOS|UNKNOWN_INDEPENDENCIA_HIDROGEOLOGICA|UNKNOWN_INTERVALO_CAPTADO|UNKNOWN_QA_HIDROQUIMICO_COMPLETO|UNKNOWN_SERIE_TEMPORAL,"{""espacial"":""SEM_ALERTA_OBJETIVO_DE_LOCALIZACAO"",""hidraulica"":""ENSAIO_COM_METADADOS_MINIMOS_PRESENTE"",""hidroestratigrafica"":""REVISAO_OU_UNKNOWN_PRESENTE"",""hidroquimica"":""EVIDENCIA_HIDROQUIMICA_PARCIAL_PRESENTE_SEM_QA_COMPLETO"",""incerteza"":""INCERTEZA_EXPLICITA_NAO_AGREGADA"",""independencia"":""UNKNOWN_INDEPENDENCIA_HIDROGEOLOGICA_NAO_DEMONSTRADA"",""qualidade_documental"":""ALERTAS_DE_REVISAO_PRESENTES"",""temporal"":""EVIDENCIA_DATADA_PRESENTE_SEM_SERIE"",""vertical"":""PARCIAL_SEM_INTERVALO_CAPTADO_DEMONSTRADO""}"
SCALE-1000-O00-00168,1000,O00,1000.0000000000462,23,COM_POCO_NO_CONJUNTO_AUDITADO,6.773404665621059,1,Formação Serra Geral,100.0,1,Fraturada (Fr),100.0,False,False,1,4.3478260869565215,1,4.3478260869565215,15,65.21739130434783,0,0.0,11,47.82608695652174,0,0.0,0,0.0,0,11,47.82608695652174,11,47.82608695652174,11,47.82608695652174,3,13.043478260869565,3,13.043478260869565,0,0.0,9,39.130434782608695,1,4.3478260869565215,5,7,4,4,17.391304347826086,0,0.0,13.627932127285296,0,2,8.695652173913043,0,0.0,7,30.434782608695652,15,65.21739130434783,15,65.21739130434783,0,0.0,1.0,COM_COORDENADA_OU_MUNICIPIO_EM_REVISAO,REVISAO_OU_UNKNOWN_PRESENTE,PARCIAL_SEM_INTERVALO_CAPTADO_DEMONSTRADO,ENSAIO_COM_METADADOS_MINIMOS_PRESENTE,EVIDENCIA_HIDROQUIMICA_PARCIAL_PRESENTE_SEM_QA_COMPLETO,EVIDENCIA_DATADA_PRESENTE_SEM_SERIE,UNKNOWN_INDEPENDENCIA_HIDROGEOLOGICA_NAO_DEMONSTRADA,ALERTAS_DE_REVISAO_PRESENTES,INCERTEZA_EXPLICITA_NAO_AGREGADA,UNKNOWN_HIDROESTRATIGRAFIA_EM_PARTE_DOS_POCOS|UNKNOWN_INDEPENDENCIA_HIDROGEOLOGICA|UNKNOWN_INTERVALO_CAPTADO|UNKNOWN_QA_HIDROQUIMICO_COMPLETO|UNKNOWN_SERIE_TEMPORAL,"{""espacial"":""COM_COORDENADA_OU_MUNICIPIO_EM_REVISAO"",""hidraulica"":""ENSAIO_COM_METADADOS_MINIMOS_PRESENTE"",""hidroestratigrafica"":""REVISAO_OU_UNKNOWN_PRESENTE"",""hidroquimica"":""EVIDENCIA_HIDROQUIMICA_PARCIAL_PRESENTE_SEM_QA_COMPLETO"",""incerteza"":""INCERTEZA_EXPLICITA_NAO_AGREGADA"",""independencia"":""UNKNOWN_INDEPENDENCIA_HIDROGEOLOGICA_NAO_DEMONSTRADA"",""qualidade_documental"":""ALERTAS_DE_REVISAO_PRESENTES"",""temporal"":""EVIDENCIA_DATADA_PRESENTE_SEM_SERIE"",""vertical"":""PARCIAL_SEM_INTERVALO_CAPTADO_DEMONSTRADO""}"
SCALE-1000-O00-00169,1000,O00,1000.0000000000462,41,COM_POCO_NO_CONJUNTO_AUDITADO,7.872404682429121,2,Formação Serra Geral,73.97580735699633,2,Fraturada (Fr),73.97580735699633,False,False,0,0.0,0,0.0,8,19.51219512195122,3,7.317073170731708,34,82.92682926829268,15,36.58536585365854,3,7.317073170731708,0,32,78.04878048780488,32,78.04878048780488,31,75.60975609756098,10,24.390243902439025,10,24.390243902439025,0,0.0,22,53.65853658536585,5,12.195121951219512,18,25,5,16,39.02439024390244,3,7.317073170731708,30.106025448845628,0,2,4.878048780487805,0,0.0,19,46.34146341463415,23,56.09756097560975,23,56.09756097560975,0,0.0,4.0,SEM_ALERTA_OBJETIVO_DE_LOCALIZACAO,REVISAO_OU_UNKNOWN_PRESENTE,PARCIAL_SEM_INTERVALO_CAPTADO_DEMONSTRADO,ENSAIO_COM_METADADOS_MINIMOS_PRESENTE,EVIDENCIA_HIDROQUIMICA_PARCIAL_PRESENTE_SEM_QA_COMPLETO,EVIDENCIA_DATADA_PRESENTE_SEM_SERIE,UNKNOWN_INDEPENDENCIA_HIDROGEOLOGICA_NAO_DEMONSTRADA,ALERTAS_DE_REVISAO_PRESENTES,INCERTEZA_EXPLICITA_NAO_AGREGADA,UNKNOWN_HIDROESTRATIGRAFIA_EM_PARTE_DOS_POCOS|UNKNOWN_INDEPENDENCIA_HIDROGEOLOGICA|UNKNOWN_INTERVALO_CAPTADO|UNKNOWN_QA_HIDROQUIMICO_COMPLETO|UNKNOWN_SERIE_TEMPORAL,"{""espacial"":""SEM_ALERTA_OBJETIVO_DE_LOCALIZACAO"",""hidraulica"":""ENSAIO_COM_METADADOS_MINIMOS_PRESENTE"",""hidroestratigrafica"":""REVISAO_OU_UNKNOWN_PRESENTE"",""hidroquimica"":""EVIDENCIA_HIDROQUIMICA_PARCIAL_PRESENTE_SEM_QA_COMPLETO"",""incerteza"":""INCERTEZA_EXPLICITA_NAO_AGREGADA"",""independencia"":""UNKNOWN_INDEPENDENCIA_HIDROGEOLOGICA_NAO_DEMONSTRADA"",""qualidade_documental"":""ALERTAS_DE_REVISAO_PRESENTES"",""temporal"":""EVIDENCIA_DATADA_PRESENTE_SEM_SERIE"",""vertical"":""PARCIAL_SEM_INTERVALO_CAPTADO_DEMONSTRADO""}"
SCALE-1000-O00-00170,1000,O00,1000.0000000000462,3,COM_POCO_NO_CONJUNTO_AUDITADO,19.290556057528427,1,Grupo Caiuá,100.0,1,Granular (Gr),100.0,False,False,0,0.0,0,0.0,1,33.333333333333336,2,66.66666666666667,2,66.66666666666667,0,0.0,0,0.0,0,2,66.66666666666667,2,66.66666666666667,2,66.66666666666667,0,0.0,0,0.0,0,0.0,2,66.66666666666667,0,0.0,2,2,1,0,0.0,0,0.0,,0,0,0.0,0,0.0,0,0.0,1,33.333333333333336,1,33.333333333333336,0,0.0,4.0,SEM_ALERTA_OBJETIVO_DE_LOCALIZACAO,REVISAO_OU_UNKNOWN_PRESENTE,PARCIAL_SEM_INTERVALO_CAPTADO_DEMONSTRADO,EVIDENCIA_HIDRAULICA_PARCIAL_PRESENTE,EVIDENCIA_HIDROQUIMICA_PARCIAL_PRESENTE_SEM_QA_COMPLETO,UNKNOWN_SEM_EVIDENCIA_DATADA_E_SEM_SERIE,UNKNOWN_INDEPENDENCIA_HIDROGEOLOGICA_NAO_DEMONSTRADA,ALERTAS_DE_REVISAO_PRESENTES,INCERTEZA_EXPLICITA_NAO_AGREGADA,UNKNOWN_EVIDENCIA_DATADA|UNKNOWN_HIDROESTRATIGRAFIA_EM_PARTE_DOS_POCOS|UNKNOWN_INDEPENDENCIA_HIDROGEOLOGICA|UNKNOWN_INTERVALO_CAPTADO|UNKNOWN_QA_HIDROQUIMICO_COMPLETO|UNKNOWN_SERIE_TEMPORAL,"{""espacial"":""SEM_ALERTA_OBJETIVO_DE_LOCALIZACAO"",""hidraulica"":""EVIDENCIA_HIDRAULICA_PARCIAL_PRESENTE"",""hidroestratigrafica"":""REVISAO_OU_UNKNOWN_PRESENTE"",""hidroquimica"":""EVIDENCIA_HIDROQUIMICA_PARCIAL_PRESENTE_SEM_QA_COMPLETO"",""incerteza"":""INCERTEZA_EXPLICITA_NAO_AGREGADA"",""independencia"":""UNKNOWN_INDEPENDENCIA_HIDROGEOLOGICA_NAO_DEMONSTRADA"",""qualidade_documental"":""ALERTAS_DE_REVISAO_PRESENTES"",""temporal"":""UNKNOWN_SEM_EVIDENCIA_DATADA_E_SEM_SERIE"",""vertical"":""PARCIAL_SEM_INTERVALO_CAPTADO_DEMONSTRADO""}"
SCALE-1000-O00-00171,1000,O00,1000.0000000000462,0,SEM_POCO_NO_CONJUNTO_AUDITADO,25.25429587937076,1,Grupo Caiuá,100.0,1,Granular (Gr),100.0,False,False,0,,0,,0,,0,,0,,0,,0,,0,0,,0,,0,,0,,0,,0,,0,,0,,0,0,0,0,,0,,,0,0,,0,,0,,0,,0,,0,,,SEM_POCO_NO_CONJUNTO_AUDITADO,UNKNOWN_SEM_POCO_PARA_AVALIACAO_LOCAL,UNKNOWN_SEM_POCO_PARA_AVALIACAO_VERTICAL,UNKNOWN_SEM_POCO_PARA_AVALIACAO_HIDRAULICA,UNKNOWN_SEM_POCO_PARA_AVALIACAO_HIDROQUIMICA,UNKNOWN_SEM_POCO_PARA_AVALIACAO_TEMPORAL,UNKNOWN_INDEPENDENCIA_HIDROGEOLOGICA_NAO_DEMONSTRADA,UNKNOWN_SEM_POCO_PARA_AVALIACAO_DOCUMENTAL,INCERTEZA_EXPLICITA_NAO_AGREGADA,UNKNOWN_SEM_POCO_NO_CONJUNTO_AUDITADO,"{""espacial"":""SEM_POCO_NO_CONJUNTO_AUDITADO"",""hidraulica"":""UNKNOWN_SEM_POCO_PARA_AVALIACAO_HIDRAULICA"",""hidroestratigrafica"":""UNKNOWN_SEM_POCO_PARA_AVALIACAO_LOCAL"",""hidroquimica"":""UNKNOWN_SEM_POCO_PARA_AVALIACAO_HIDROQUIMICA"",""incerteza"":""INCERTEZA_EXPLICITA_NAO_AGREGADA"",""independencia"":""UNKNOWN_INDEPENDENCIA_HIDROGEOLOGICA_NAO_DEMONSTRADA"",""qualidade_documental"":""UNKNOWN_SEM_POCO_PARA_AVALIACAO_DOCUMENTAL"",""temporal"":""UNKNOWN_SEM_POCO_PARA_AVALIACAO_TEMPORAL"",""vertical"":""UNKNOWN_SEM_POCO_PARA_AVALIACAO_VERTICAL""}"
SCALE-1000-O00-00172,1000,O00,1000.0000000000462,1,COM_POCO_NO_CONJUNTO_AUDITADO,21.691833462172973,1,Grupo Caiuá,100.0,1,Granular (Gr),100.0,False,False,0,0.0,0,0.0,0,0.0,0,0.0,1,100.0,0,0.0,0,0.0,0,1,100.0,1,100.0,1,100.0,0,0.0,0,0.0,0,0.0,0,0.0,1,100.0,0,0,0,1,100.0,1,100.0,15.039323189387872,0,0,0.0,0,0.0,0,0.0,1,100.0,1,100.0,0,0.0,3.0,SEM_ALERTA_OBJETIVO_DE_LOCALIZACAO,DOCUMENTACAO_HIDROESTRATIGRAFICA_SEM_ALERTA_OBJETIVO,PARCIAL_SEM_INTERVALO_CAPTADO_DEMONSTRADO,EVIDENCIA_HIDRAULICA_PARCIAL_PRESENTE,UNKNOWN_SEM_EVIDENCIA_HIDROQUIMICA_NO_CONJUNTO,EVIDENCIA_DATADA_PRESENTE_SEM_SERIE,UNKNOWN_INDEPENDENCIA_HIDROGEOLOGICA_NAO_DEMONSTRADA,ALERTAS_DE_REVISAO_PRESENTES,INCERTEZA_EXPLICITA_NAO_AGREGADA,UNKNOWN_EVIDENCIA_HIDROQUIMICA|UNKNOWN_INDEPENDENCIA_HIDROGEOLOGICA|UNKNOWN_INTERVALO_CAPTADO|UNKNOWN_QA_HIDROQUIMICO_COMPLETO|UNKNOWN_SERIE_TEMPORAL,"{""espacial"":""SEM_ALERTA_OBJETIVO_DE_LOCALIZACAO"",""hidraulica"":""EVIDENCIA_HIDRAULICA_PARCIAL_PRESENTE"",""hidroestratigrafica"":""DOCUMENTACAO_HIDROESTRATIGRAFICA_SEM_ALERTA_OBJETIVO"",""hidroquimica"":""UNKNOWN_SEM_EVIDENCIA_HIDROQUIMICA_NO_CONJUNTO"",""incerteza"":""INCERTEZA_EXPLICITA_NAO_AGREGADA"",""independencia"":""UNKNOWN_INDEPENDENCIA_HIDROGEOLOGICA_NAO_DEMONSTRADA"",""qualidade_documental"":""ALERTAS_DE_REVISAO_PRESENTES"",""temporal"":""EVIDENCIA_DATADA_PRESENTE_SEM_SERIE"",""vertical"":""PARCIAL_SEM_INTERVALO_CAPTADO_DEMONSTRADO""}"
SCALE-1000-O00-00173,1000,O00,1000.0000000000462,0,SEM_POCO_NO_CONJUNTO_AUDITADO,35.83064082627863,1,Grupo Caiuá,100.0,1,Granular (Gr),100.0,False,False,0,,0,,0,,0,,0,,0,,0,,0,0,,0,,0,,0,,0,,0,,0,,0,,0,0,0,0,,0,,,0,0,,0,,0,,0,,0,,0,,,SEM_POCO_NO_CONJUNTO_AUDITADO,UNKNOWN_SEM_POCO_PARA_AVALIACAO_LOCAL,UNKNOWN_SEM_POCO_PARA_AVALIACAO_VERTICAL,UNKNOWN_SEM_POCO_PARA_AVALIACAO_HIDRAULICA,UNKNOWN_SEM_POCO_PARA_AVALIACAO_HIDROQUIMICA,UNKNOWN_SEM_POCO_PARA_AVALIACAO_TEMPORAL,UNKNOWN_INDEPENDENCIA_HIDROGEOLOGICA_NAO_DEMONSTRADA,UNKNOWN_SEM_POCO_PARA_AVALIACAO_DOCUMENTAL,INCERTEZA_EXPLICITA_NAO_AGREGADA,UNKNOWN_SEM_POCO_NO_CONJUNTO_AUDITADO,"{""espacial"":""SEM_POCO_NO_CONJUNTO_AUDITADO"",""hidraulica"":""UNKNOWN_SEM_POCO_PARA_AVALIACAO_HIDRAULICA"",""hidroestratigrafica"":""UNKNOWN_SEM_POCO_PARA_AVALIACAO_LOCAL"",""hidroquimica"":""UNKNOWN_SEM_POCO_PARA_AVALIACAO_HIDROQUIMICA"",""incerteza"":""INCERTEZA_EXPLICITA_NAO_AGREGADA"",""independencia"":""UNKNOWN_INDEPENDENCIA_HIDROGEOLOGICA_NAO_DEMONSTRADA"",""qualidade_documental"":""UNKNOWN_SEM_POCO_PARA_AVALIACAO_DOCUMENTAL"",""temporal"":""UNKNOWN_SEM_POCO_PARA_AVALIACAO_TEMPORAL"",""vertical"":""UNKNOWN_SEM_POCO_PARA_AVALIACAO_VERTICAL""}"
SCALE-1000-O00-00174,1000,O00,1000.0000000000462,3,COM_POCO_NO_CONJUNTO_AUDITADO,20.592040294167404,1,Grupo Caiuá,100.0,1,Granular (Gr),100.0,False,False,0,0.0,0,0.0,0,0.0,3,100.0,3,100.0,0,0.0,0,0.0,0,3,100.0,3,100.0,3,100.0,0,0.0,0,0.0,0,0.0,3,100.0,0,0.0,3,3,1,0,0.0,0,0.0,,0,0,0.0,0,0.0,2,66.66666666666667,0,0.0,0,0.0,0,0.0,4.0,SEM_ALERTA_OBJETIVO_DE_LOCALIZACAO,REVISAO_OU_UNKNOWN_PRESENTE,PARCIAL_SEM_INTERVALO_CAPTADO_DEMONSTRADO,EVIDENCIA_HIDRAULICA_PARCIAL_PRESENTE,EVIDENCIA_HIDROQUIMICA_PARCIAL_PRESENTE_SEM_QA_COMPLETO,UNKNOWN_SEM_EVIDENCIA_DATADA_E_SEM_SERIE,UNKNOWN_INDEPENDENCIA_HIDROGEOLOGICA_NAO_DEMONSTRADA,SEM_ALERTA_OBJETIVO_NAS_REGRAS_ATUAIS,INCERTEZA_EXPLICITA_NAO_AGREGADA,UNKNOWN_EVIDENCIA_DATADA|UNKNOWN_INDEPENDENCIA_HIDROGEOLOGICA|UNKNOWN_INTERVALO_CAPTADO|UNKNOWN_QA_HIDROQUIMICO_COMPLETO|UNKNOWN_SERIE_TEMPORAL,"{""espacial"":""SEM_ALERTA_OBJETIVO_DE_LOCALIZACAO"",""hidraulica"":""EVIDENCIA_HIDRAULICA_PARCIAL_PRESENTE"",""hidroestratigrafica"":""REVISAO_OU_UNKNOWN_PRESENTE"",""hidroquimica"":""EVIDENCIA_HIDROQUIMICA_PARCIAL_PRESENTE_SEM_QA_COMPLETO"",""incerteza"":""INCERTEZA_EXPLICITA_NAO_AGREGADA"",""independencia"":""UNKNOWN_INDEPENDENCIA_HIDROGEOLOGICA_NAO_DEMONSTRADA"",""qualidade_documental"":""SEM_ALERTA_OBJETIVO_NAS_REGRAS_ATUAIS"",""temporal"":""UNKNOWN_SEM_EVIDENCIA_DATADA_E_SEM_SERIE"",""vertical"":""PARCIAL_SEM_INTERVALO_CAPTADO_DEMONSTRADO""}"
SCALE-1000-O00-00175,1000,O00,1000.0000000000462,1,COM_POCO_NO_CONJUNTO_AUDITADO,21.98261489766131,1,Grupo Caiuá,100.0,1,Granular (Gr),100.0,False,False,0,0.0,0,0.0,0,0.0,1,100.0,1,100.0,0,0.0,0,0.0,0,1,100.0,1,100.0,1,100.0,0,0.0,0,0.0,0,0.0,1,100.0,0,0.0,1,1,1,0,0.0,0,0.0,,0,0,0.0,0,0.0,0,0.0,0,0.0,0,0.0,0,0.0,4.0,SEM_ALERTA_OBJETIVO_DE_LOCALIZACAO,REVISAO_OU_UNKNOWN_PRESENTE,PARCIAL_SEM_INTERVALO_CAPTADO_DEMONSTRADO,EVIDENCIA_HIDRAULICA_PARCIAL_PRESENTE,EVIDENCIA_HIDROQUIMICA_PARCIAL_PRESENTE_SEM_QA_COMPLETO,UNKNOWN_SEM_EVIDENCIA_DATADA_E_SEM_SERIE,UNKNOWN_INDEPENDENCIA_HIDROGEOLOGICA_NAO_DEMONSTRADA,SEM_ALERTA_OBJETIVO_NAS_REGRAS_ATUAIS,INCERTEZA_EXPLICITA_NAO_AGREGADA,UNKNOWN_EVIDENCIA_DATADA|UNKNOWN_INDEPENDENCIA_HIDROGEOLOGICA|UNKNOWN_INTERVALO_CAPTADO|UNKNOWN_QA_HIDROQUIMICO_COMPLETO|UNKNOWN_SERIE_TEMPORAL,"{""espacial"":""SEM_ALERTA_OBJETIVO_DE_LOCALIZACAO"",""hidraulica"":""EVIDENCIA_HIDRAULICA_PARCIAL_PRESENTE"",""hidroestratigrafica"":""REVISAO_OU_UNKNOWN_PRESENTE"",""hidroquimica"":""EVIDENCIA_HIDROQUIMICA_PARCIAL_PRESENTE_SEM_QA_COMPLETO"",""incerteza"":""INCERTEZA_EXPLICITA_NAO_AGREGADA"",""independencia"":""UNKNOWN_INDEPENDENCIA_HIDROGEOLOGICA_NAO_DEMONSTRADA"",""qualidade_documental"":""SEM_ALERTA_OBJETIVO_NAS_REGRAS_ATUAIS"",""temporal"":""UNKNOWN_SEM_EVIDENCIA_DATADA_E_SEM_SERIE"",""vertical"":""PARCIAL_SEM_INTERVALO_CAPTADO_DEMONSTRADO""}"
SCALE-1000-O00-00176,1000,O00,1000.0000000000462,1,COM_POCO_NO_CONJUNTO_AUDITADO,16.488315429926136,2,Grupo Caiuá,85.35463387047604,1,Granular (Gr),100.0,True,False,0,0.0,0,0.0,0,0.0,0,0.0,1,100.0,1,100.0,0,0.0,0,1,100.0,1,100.0,1,100.0,1,100.0,1,100.0,0,0.0,0,0.0,0,0.0,0,0,0,1,100.0,0,0.0,48.42262332559874,0,0,0.0,0,0.0,0,0.0,1,100.0,1,100.0,0,0.0,4.0,SEM_ALERTA_OBJETIVO_DE_LOCALIZACAO,DOCUMENTACAO_HIDROESTRATIGRAFICA_SEM_ALERTA_OBJETIVO,PARCIAL_SEM_INTERVALO_CAPTADO_DEMONSTRADO,ENSAIO_COM_METADADOS_MINIMOS_PRESENTE,UNKNOWN_SEM_EVIDENCIA_HIDROQUIMICA_NO_CONJUNTO,EVIDENCIA_DATADA_PRESENTE_SEM_SERIE,UNKNOWN_INDEPENDENCIA_HIDROGEOLOGICA_NAO_DEMONSTRADA,ALERTAS_DE_REVISAO_PRESENTES,INCERTEZA_EXPLICITA_NAO_AGREGADA,MASCARAMENTO_HIDROESTRATIGRAFICO_POSSIVEL|UNKNOWN_EVIDENCIA_HIDROQUIMICA|UNKNOWN_INDEPENDENCIA_HIDROGEOLOGICA|UNKNOWN_INTERVALO_CAPTADO|UNKNOWN_QA_HIDROQUIMICO_COMPLETO|UNKNOWN_SERIE_TEMPORAL,"{""espacial"":""SEM_ALERTA_OBJETIVO_DE_LOCALIZACAO"",""hidraulica"":""ENSAIO_COM_METADADOS_MINIMOS_PRESENTE"",""hidroestratigrafica"":""DOCUMENTACAO_HIDROESTRATIGRAFICA_SEM_ALERTA_OBJETIVO"",""hidroquimica"":""UNKNOWN_SEM_EVIDENCIA_HIDROQUIMICA_NO_CONJUNTO"",""incerteza"":""INCERTEZA_EXPLICITA_NAO_AGREGADA"",""independencia"":""UNKNOWN_INDEPENDENCIA_HIDROGEOLOGICA_NAO_DEMONSTRADA"",""qualidade_documental"":""ALERTAS_DE_REVISAO_PRESENTES"",""temporal"":""EVIDENCIA_DATADA_PRESENTE_SEM_SERIE"",""vertical"":""PARCIAL_SEM_INTERVALO_CAPTADO_DEMONSTRADO""}"
SCALE-1000-O00-00177,1000,O00,1000.0000000000462,16,COM_POCO_NO_CONJUNTO_AUDITADO,9.82238154569849,2,Grupo Caiuá,98.79964115226032,2,Granular (Gr),98.79964115226032,False,False,0,0.0,0,0.0,2,12.5,13,81.25,14,87.5,6,37.5,2,12.5,0,14,87.5,14,87.5,13,81.25,4,25.0,4,25.0,0,0.0,11,68.75,4,25.0,13,19,5,7,43.75,4,25.0,15.951046222715044,0,0,0.0,0,0.0,8,50.0,9,56.25,9,56.25,0,0.0,4.0,SEM_ALERTA_OBJETIVO_DE_LOCALIZACAO,REVISAO_OU_UNKNOWN_PRESENTE,PARCIAL_SEM_INTERVALO_CAPTADO_DEMONSTRADO,ENSAIO_COM_METADADOS_MINIMOS_PRESENTE,EVIDENCIA_HIDROQUIMICA_PARCIAL_PRESENTE_SEM_QA_COMPLETO,EVIDENCIA_DATADA_PRESENTE_SEM_SERIE,UNKNOWN_INDEPENDENCIA_HIDROGEOLOGICA_NAO_DEMONSTRADA,ALERTAS_DE_REVISAO_PRESENTES,INCERTEZA_EXPLICITA_NAO_AGREGADA,UNKNOWN_HIDROESTRATIGRAFIA_EM_PARTE_DOS_POCOS|UNKNOWN_INDEPENDENCIA_HIDROGEOLOGICA|UNKNOWN_INTERVALO_CAPTADO|UNKNOWN_QA_HIDROQUIMICO_COMPLETO|UNKNOWN_SERIE_TEMPORAL,"{""espacial"":""SEM_ALERTA_OBJETIVO_DE_LOCALIZACAO"",""hidraulica"":""ENSAIO_COM_METADADOS_MINIMOS_PRESENTE"",""hidroestratigrafica"":""REVISAO_OU_UNKNOWN_PRESENTE"",""hidroquimica"":""EVIDENCIA_HIDROQUIMICA_PARCIAL_PRESENTE_SEM_QA_COMPLETO"",""incerteza"":""INCERTEZA_EXPLICITA_NAO_AGREGADA"",""independencia"":""UNKNOWN_INDEPENDENCIA_HIDROGEOLOGICA_NAO_DEMONSTRADA"",""qualidade_documental"":""ALERTAS_DE_REVISAO_PRESENTES"",""temporal"":""EVIDENCIA_DATADA_PRESENTE_SEM_SERIE"",""vertical"":""PARCIAL_SEM_INTERVALO_CAPTADO_DEMONSTRADO""}"
SCALE-1000-O00-00178,1000,O00,530.7755009896389,96,COM_POCO_NO_CONJUNTO_AUDITADO,8.285911889113324,3,Formação Serra Geral,53.73765241346918,2,Fraturada (Fr),53.73765241346918,False,False,0,0.0,0,0.0,13,13.541666666666666,59,61.458333333333336,86,89.58333333333333,51,53.125,5,5.208333333333333,0,83,86.45833333333333,83,86.45833333333333,83,86.45833333333333,25,26.041666666666668,25,26.041666666666668,2,2.0833333333333335,56,58.333333333333336,24,25.0,61,96,5,52,54.166666666666664,21,21.875,18.213926363991046,0,2,2.0833333333333335,0,0.0,82,85.41666666666667,62,64.58333333333333,61,63.541666666666664,0,0.0,4.0,SEM_ALERTA_OBJETIVO_DE_LOCALIZACAO,REVISAO_OU_UNKNOWN_PRESENTE,PARCIAL_SEM_INTERVALO_CAPTADO_DEMONSTRADO,TRANSMISSIVIDADE_INFORMADA_NAO_VALIDADA_PRESENTE,EVIDENCIA_HIDROQUIMICA_PARCIAL_PRESENTE_SEM_QA_COMPLETO,EVIDENCIA_DATADA_PRESENTE_SEM_SERIE,UNKNOWN_INDEPENDENCIA_HIDROGEOLOGICA_NAO_DEMONSTRADA,ALERTAS_DE_REVISAO_PRESENTES,INCERTEZA_EXPLICITA_NAO_AGREGADA,UNKNOWN_HIDROESTRATIGRAFIA_EM_PARTE_DOS_POCOS|UNKNOWN_INDEPENDENCIA_HIDROGEOLOGICA|UNKNOWN_INTERVALO_CAPTADO|UNKNOWN_QA_HIDROQUIMICO_COMPLETO|UNKNOWN_SERIE_TEMPORAL,"{""espacial"":""SEM_ALERTA_OBJETIVO_DE_LOCALIZACAO"",""hidraulica"":""TRANSMISSIVIDADE_INFORMADA_NAO_VALIDADA_PRESENTE"",""hidroestratigrafica"":""REVISAO_OU_UNKNOWN_PRESENTE"",""hidroquimica"":""EVIDENCIA_HIDROQUIMICA_PARCIAL_PRESENTE_SEM_QA_COMPLETO"",""incerteza"":""INCERTEZA_EXPLICITA_NAO_AGREGADA"",""independencia"":""UNKNOWN_INDEPENDENCIA_HIDROGEOLOGICA_NAO_DEMONSTRADA"",""qualidade_documental"":""ALERTAS_DE_REVISAO_PRESENTES"",""temporal"":""EVIDENCIA_DATADA_PRESENTE_SEM_SERIE"",""vertical"":""PARCIAL_SEM_INTERVALO_CAPTADO_DEMONSTRADO""}"
SCALE-1000-O00-00179,1000,O00,839.3623949331442,0,SEM_POCO_NO_CONJUNTO_AUDITADO,89.02382351921402,1,Formação Pantanal,100.0,1,Granular (Gr),100.0,False,False,0,,0,,0,,0,,0,,0,,0,,0,0,,0,,0,,0,,0,,0,,0,,0,,0,0,0,0,,0,,,0,0,,0,,0,,0,,0,,0,,,SEM_POCO_NO_CONJUNTO_AUDITADO,UNKNOWN_SEM_POCO_PARA_AVALIACAO_LOCAL,UNKNOWN_SEM_POCO_PARA_AVALIACAO_VERTICAL,UNKNOWN_SEM_POCO_PARA_AVALIACAO_HIDRAULICA,UNKNOWN_SEM_POCO_PARA_AVALIACAO_HIDROQUIMICA,UNKNOWN_SEM_POCO_PARA_AVALIACAO_TEMPORAL,UNKNOWN_INDEPENDENCIA_HIDROGEOLOGICA_NAO_DEMONSTRADA,UNKNOWN_SEM_POCO_PARA_AVALIACAO_DOCUMENTAL,INCERTEZA_EXPLICITA_NAO_AGREGADA,UNKNOWN_SEM_POCO_NO_CONJUNTO_AUDITADO,"{""espacial"":""SEM_POCO_NO_CONJUNTO_AUDITADO"",""hidraulica"":""UNKNOWN_SEM_POCO_PARA_AVALIACAO_HIDRAULICA"",""hidroestratigrafica"":""UNKNOWN_SEM_POCO_PARA_AVALIACAO_LOCAL"",""hidroquimica"":""UNKNOWN_SEM_POCO_PARA_AVALIACAO_HIDROQUIMICA"",""incerteza"":""INCERTEZA_EXPLICITA_NAO_AGREGADA"",""independencia"":""UNKNOWN_INDEPENDENCIA_HIDROGEOLOGICA_NAO_DEMONSTRADA"",""qualidade_documental"":""UNKNOWN_SEM_POCO_PARA_AVALIACAO_DOCUMENTAL"",""temporal"":""UNKNOWN_SEM_POCO_PARA_AVALIACAO_TEMPORAL"",""vertical"":""UNKNOWN_SEM_POCO_PARA_AVALIACAO_VERTICAL""}"
SCALE-1000-O00-00180,1000,O00,1000.0000000000462,0,SEM_POCO_NO_CONJUNTO_AUDITADO,80.15944790748877,2,Formação Pantanal,83.05577359447514,1,Granular (Gr),100.0,False,False,0,,0,,0,,0,,0,,0,,0,,0,0,,0,,0,,0,,0,,0,,0,,0,,0,0,0,0,,0,,,0,0,,0,,0,,0,,0,,0,,,SEM_POCO_NO_CONJUNTO_AUDITADO,UNKNOWN_SEM_POCO_PARA_AVALIACAO_LOCAL,UNKNOWN_SEM_POCO_PARA_AVALIACAO_VERTICAL,UNKNOWN_SEM_POCO_PARA_AVALIACAO_HIDRAULICA,UNKNOWN_SEM_POCO_PARA_AVALIACAO_HIDROQUIMICA,UNKNOWN_SEM_POCO_PARA_AVALIACAO_TEMPORAL,UNKNOWN_INDEPENDENCIA_HIDROGEOLOGICA_NAO_DEMONSTRADA,UNKNOWN_SEM_POCO_PARA_AVALIACAO_DOCUMENTAL,INCERTEZA_EXPLICITA_NAO_AGREGADA,UNKNOWN_SEM_POCO_NO_CONJUNTO_AUDITADO,"{""espacial"":""SEM_POCO_NO_CONJUNTO_AUDITADO"",""hidraulica"":""UNKNOWN_SEM_POCO_PARA_AVALIACAO_HIDRAULICA"",""hidroestratigrafica"":""UNKNOWN_SEM_POCO_PARA_AVALIACAO_LOCAL"",""hidroquimica"":""UNKNOWN_SEM_POCO_PARA_AVALIACAO_HIDROQUIMICA"",""incerteza"":""INCERTEZA_EXPLICITA_NAO_AGREGADA"",""independencia"":""UNKNOWN_INDEPENDENCIA_HIDROGEOLOGICA_NAO_DEMONSTRADA"",""qualidade_documental"":""UNKNOWN_SEM_POCO_PARA_AVALIACAO_DOCUMENTAL"",""temporal"":""UNKNOWN_SEM_POCO_PARA_AVALIACAO_TEMPORAL"",""vertical"":""UNKNOWN_SEM_POCO_PARA_AVALIACAO_VERTICAL""}"
SCALE-1000-O00-00181,1000,O00,1000.0000000000462,0,SEM_POCO_NO_CONJUNTO_AUDITADO,55.53757646491347,3,Formação Pantanal,70.90031292190727,2,Granular (Gr),71.46813470446334,False,False,0,,0,,0,,0,,0,,0,,0,,0,0,,0,,0,,0,,0,,0,,0,,0,,0,0,0,0,,0,,,0,0,,0,,0,,0,,0,,0,,,SEM_POCO_NO_CONJUNTO_AUDITADO,UNKNOWN_SEM_POCO_PARA_AVALIACAO_LOCAL,UNKNOWN_SEM_POCO_PARA_AVALIACAO_VERTICAL,UNKNOWN_SEM_POCO_PARA_AVALIACAO_HIDRAULICA,UNKNOWN_SEM_POCO_PARA_AVALIACAO_HIDROQUIMICA,UNKNOWN_SEM_POCO_PARA_AVALIACAO_TEMPORAL,UNKNOWN_INDEPENDENCIA_HIDROGEOLOGICA_NAO_DEMONSTRADA,UNKNOWN_SEM_POCO_PARA_AVALIACAO_DOCUMENTAL,INCERTEZA_EXPLICITA_NAO_AGREGADA,UNKNOWN_SEM_POCO_NO_CONJUNTO_AUDITADO,"{""espacial"":""SEM_POCO_NO_CONJUNTO_AUDITADO"",""hidraulica"":""UNKNOWN_SEM_POCO_PARA_AVALIACAO_HIDRAULICA"",""hidroestratigrafica"":""UNKNOWN_SEM_POCO_PARA_AVALIACAO_LOCAL"",""hidroquimica"":""UNKNOWN_SEM_POCO_PARA_AVALIACAO_HIDROQUIMICA"",""incerteza"":""INCERTEZA_EXPLICITA_NAO_AGREGADA"",""independencia"":""UNKNOWN_INDEPENDENCIA_HIDROGEOLOGICA_NAO_DEMONSTRADA"",""qualidade_documental"":""UNKNOWN_SEM_POCO_PARA_AVALIACAO_DOCUMENTAL"",""temporal"":""UNKNOWN_SEM_POCO_PARA_AVALIACAO_TEMPORAL"",""vertical"":""UNKNOWN_SEM_POCO_PARA_AVALIACAO_VERTICAL""}"
SCALE-1000-O00-00182,1000,O00,1000.0000000000462,3,COM_POCO_NO_CONJUNTO_AUDITADO,26.65054433395395,4,Embasamento Indiferenciado,53.2681072003658,3,Fraturada (Fr),53.2681072003658,True,True,1,33.333333333333336,1,33.333333333333336,1,33.333333333333336,2,66.66666666666667,3,100.0,3,100.0,0,0.0,0,3,100.0,3,100.0,3,100.0,2,66.66666666666667,2,66.66666666666667,0,0.0,0,0.0,0,0.0,0,0,0,3,100.0,0,0.0,38.095238095238095,0,0,0.0,0,0.0,3,100.0,3,100.0,3,100.0,0,0.0,4.0,COM_COORDENADA_OU_MUNICIPIO_EM_REVISAO,REVISAO_OU_UNKNOWN_PRESENTE,PARCIAL_SEM_INTERVALO_CAPTADO_DEMONSTRADO,ENSAIO_COM_METADADOS_MINIMOS_PRESENTE,UNKNOWN_SEM_EVIDENCIA_HIDROQUIMICA_NO_CONJUNTO,EVIDENCIA_DATADA_PRESENTE_SEM_SERIE,UNKNOWN_INDEPENDENCIA_HIDROGEOLOGICA_NAO_DEMONSTRADA,ALERTAS_DE_REVISAO_PRESENTES,INCERTEZA_EXPLICITA_NAO_AGREGADA,MASCARAMENTO_HIDROESTRATIGRAFICO_POSSIVEL|UNKNOWN_EVIDENCIA_HIDROQUIMICA|UNKNOWN_HIDROESTRATIGRAFIA_EM_PARTE_DOS_POCOS|UNKNOWN_INDEPENDENCIA_HIDROGEOLOGICA|UNKNOWN_INTERVALO_CAPTADO|UNKNOWN_QA_HIDROQUIMICO_COMPLETO|UNKNOWN_SERIE_TEMPORAL,"{""espacial"":""COM_COORDENADA_OU_MUNICIPIO_EM_REVISAO"",""hidraulica"":""ENSAIO_COM_METADADOS_MINIMOS_PRESENTE"",""hidroestratigrafica"":""REVISAO_OU_UNKNOWN_PRESENTE"",""hidroquimica"":""UNKNOWN_SEM_EVIDENCIA_HIDROQUIMICA_NO_CONJUNTO"",""incerteza"":""INCERTEZA_EXPLICITA_NAO_AGREGADA"",""independencia"":""UNKNOWN_INDEPENDENCIA_HIDROGEOLOGICA_NAO_DEMONSTRADA"",""qualidade_documental"":""ALERTAS_DE_REVISAO_PRESENTES"",""temporal"":""EVIDENCIA_DATADA_PRESENTE_SEM_SERIE"",""vertical"":""PARCIAL_SEM_INTERVALO_CAPTADO_DEMONSTRADO""}"
SCALE-1000-O00-00183,1000,O00,1000.0000000000462,13,COM_POCO_NO_CONJUNTO_AUDITADO,13.944530078488825,5,Grupo Cuiaba,55.30966530821262,3,Fraturada (Fr),53.393928355638096,False,False,0,0.0,0,0.0,9,69.23076923076923,2,15.384615384615385,11,84.61538461538461,6,46.15384615384615,2,15.384615384615385,0,9,69.23076923076923,9,69.23076923076923,9,69.23076923076923,4,30.76923076923077,4,30.76923076923077,2,15.384615384615385,6,46.15384615384615,2,15.384615384615385,6,6,1,6,46.15384615384615,2,15.384615384615385,16.89562414012608,0,0,0.0,0,0.0,10,76.92307692307692,8,61.53846153846154,8,61.53846153846154,0,0.0,3.0,SEM_ALERTA_OBJETIVO_DE_LOCALIZACAO,REVISAO_OU_UNKNOWN_PRESENTE,PARCIAL_SEM_INTERVALO_CAPTADO_DEMONSTRADO,TRANSMISSIVIDADE_INFORMADA_NAO_VALIDADA_PRESENTE,EVIDENCIA_HIDROQUIMICA_PARCIAL_PRESENTE_SEM_QA_COMPLETO,EVIDENCIA_DATADA_PRESENTE_SEM_SERIE,UNKNOWN_INDEPENDENCIA_HIDROGEOLOGICA_NAO_DEMONSTRADA,ALERTAS_DE_REVISAO_PRESENTES,INCERTEZA_EXPLICITA_NAO_AGREGADA,UNKNOWN_HIDROESTRATIGRAFIA_EM_PARTE_DOS_POCOS|UNKNOWN_INDEPENDENCIA_HIDROGEOLOGICA|UNKNOWN_INTERVALO_CAPTADO|UNKNOWN_QA_HIDROQUIMICO_COMPLETO|UNKNOWN_SERIE_TEMPORAL,"{""espacial"":""SEM_ALERTA_OBJETIVO_DE_LOCALIZACAO"",""hidraulica"":""TRANSMISSIVIDADE_INFORMADA_NAO_VALIDADA_PRESENTE"",""hidroestratigrafica"":""REVISAO_OU_UNKNOWN_PRESENTE"",""hidroquimica"":""EVIDENCIA_HIDROQUIMICA_PARCIAL_PRESENTE_SEM_QA_COMPLETO"",""incerteza"":""INCERTEZA_EXPLICITA_NAO_AGREGADA"",""independencia"":""UNKNOWN_INDEPENDENCIA_HIDROGEOLOGICA_NAO_DEMONSTRADA"",""qualidade_documental"":""ALERTAS_DE_REVISAO_PRESENTES"",""temporal"":""EVIDENCIA_DATADA_PRESENTE_SEM_SERIE"",""vertical"":""PARCIAL_SEM_INTERVALO_CAPTADO_DEMONSTRADO""}"
SCALE-1000-O00-00184,1000,O00,1000.0000000000462,2,COM_POCO_NO_CONJUNTO_AUDITADO,11.562132875076644,5,Grupo Cuiaba,68.70764979740672,3,Fraturada (Fr),66.38102803229494,False,False,0,0.0,0,0.0,2,100.0,0,0.0,1,50.0,1,50.0,0,0.0,0,1,50.0,1,50.0,1,50.0,0,0.0,0,0.0,0,0.0,1,50.0,1,50.0,1,2,2,1,50.0,1,50.0,16.93395483822392,0,0,0.0,0,0.0,0,0.0,2,100.0,2,100.0,0,0.0,2.5,SEM_ALERTA_OBJETIVO_DE_LOCALIZACAO,REVISAO_OU_UNKNOWN_PRESENTE,PARCIAL_SEM_INTERVALO_CAPTADO_DEMONSTRADO,EVIDENCIA_HIDRAULICA_PARCIAL_PRESENTE,EVIDENCIA_HIDROQUIMICA_PARCIAL_PRESENTE_SEM_QA_COMPLETO,EVIDENCIA_DATADA_PRESENTE_SEM_SERIE,UNKNOWN_INDEPENDENCIA_HIDROGEOLOGICA_NAO_DEMONSTRADA,ALERTAS_DE_REVISAO_PRESENTES,INCERTEZA_EXPLICITA_NAO_AGREGADA,UNKNOWN_HIDROESTRATIGRAFIA_EM_PARTE_DOS_POCOS|UNKNOWN_INDEPENDENCIA_HIDROGEOLOGICA|UNKNOWN_INTERVALO_CAPTADO|UNKNOWN_QA_HIDROQUIMICO_COMPLETO|UNKNOWN_SERIE_TEMPORAL,"{""espacial"":""SEM_ALERTA_OBJETIVO_DE_LOCALIZACAO"",""hidraulica"":""EVIDENCIA_HIDRAULICA_PARCIAL_PRESENTE"",""hidroestratigrafica"":""REVISAO_OU_UNKNOWN_PRESENTE"",""hidroquimica"":""EVIDENCIA_HIDROQUIMICA_PARCIAL_PRESENTE_SEM_QA_COMPLETO"",""incerteza"":""INCERTEZA_EXPLICITA_NAO_AGREGADA"",""independencia"":""UNKNOWN_INDEPENDENCIA_HIDROGEOLOGICA_NAO_DEMONSTRADA"",""qualidade_documental"":""ALERTAS_DE_REVISAO_PRESENTES"",""temporal"":""EVIDENCIA_DATADA_PRESENTE_SEM_SERIE"",""vertical"":""PARCIAL_SEM_INTERVALO_CAPTADO_DEMONSTRADO""}"
SCALE-1000-O00-00185,1000,O00,1000.0000000000462,5,COM_POCO_NO_CONJUNTO_AUDITADO,14.832778459163553,4,Grupo Cuiaba,51.899788008065,3,Fraturada (Fr),51.31954153513329,False,False,0,0.0,0,0.0,2,40.0,3,60.0,5,100.0,2,40.0,0,0.0,0,5,100.0,5,100.0,5,100.0,1,20.0,1,20.0,0,0.0,3,60.0,0,0.0,3,3,1,2,40.0,0,0.0,36.39362889039474,0,0,0.0,0,0.0,3,60.0,2,40.0,2,40.0,0,0.0,4.0,SEM_ALERTA_OBJETIVO_DE_LOCALIZACAO,REVISAO_OU_UNKNOWN_PRESENTE,PARCIAL_SEM_INTERVALO_CAPTADO_DEMONSTRADO,ENSAIO_COM_METADADOS_MINIMOS_PRESENTE,EVIDENCIA_HIDROQUIMICA_PARCIAL_PRESENTE_SEM_QA_COMPLETO,EVIDENCIA_DATADA_PRESENTE_SEM_SERIE,UNKNOWN_INDEPENDENCIA_HIDROGEOLOGICA_NAO_DEMONSTRADA,ALERTAS_DE_REVISAO_PRESENTES,INCERTEZA_EXPLICITA_NAO_AGREGADA,UNKNOWN_HIDROESTRATIGRAFIA_EM_PARTE_DOS_POCOS|UNKNOWN_INDEPENDENCIA_HIDROGEOLOGICA|UNKNOWN_INTERVALO_CAPTADO|UNKNOWN_QA_HIDROQUIMICO_COMPLETO|UNKNOWN_SERIE_TEMPORAL,"{""espacial"":""SEM_ALERTA_OBJETIVO_DE_LOCALIZACAO"",""hidraulica"":""ENSAIO_COM_METADADOS_MINIMOS_PRESENTE"",""hidroestratigrafica"":""REVISAO_OU_UNKNOWN_PRESENTE"",""hidroquimica"":""EVIDENCIA_HIDROQUIMICA_PARCIAL_PRESENTE_SEM_QA_COMPLETO"",""incerteza"":""INCERTEZA_EXPLICITA_NAO_AGREGADA"",""independencia"":""UNKNOWN_INDEPENDENCIA_HIDROGEOLOGICA_NAO_DEMONSTRADA"",""qualidade_documental"":""ALERTAS_DE_REVISAO_PRESENTES"",""temporal"":""EVIDENCIA_DATADA_PRESENTE_SEM_SERIE"",""vertical"":""PARCIAL_SEM_INTERVALO_CAPTADO_DEMONSTRADO""}"
SCALE-1000-O00-00186,1000,O00,1000.0000000000462,59,COM_POCO_NO_CONJUNTO_AUDITADO,9.711725891869474,5,Formação Aquidauana,82.9877357427447,2,Granular (Gr),94.988590412199,False,False,1,1.694915254237288,1,1.694915254237288,21,35.59322033898305,11,18.64406779661017,58,98.30508474576271,41,69.49152542372882,0,0.0,0,47,79.66101694915254,47,79.66101694915254,45,76.27118644067797,33,55.932203389830505,32,54.23728813559322,0,0.0,15,25.423728813559322,4,6.779661016949152,15,19,4,36,61.016949152542374,4,6.779661016949152,45.53960724723984,0,2,3.389830508474576,0,0.0,50,84.7457627118644,43,72.88135593220339,43,72.88135593220339,0,0.0,4.0,COM_COORDENADA_OU_MUNICIPIO_EM_REVISAO,REVISAO_OU_UNKNOWN_PRESENTE,PARCIAL_SEM_INTERVALO_CAPTADO_DEMONSTRADO,ENSAIO_COM_METADADOS_MINIMOS_PRESENTE,EVIDENCIA_HIDROQUIMICA_PARCIAL_PRESENTE_SEM_QA_COMPLETO,EVIDENCIA_DATADA_PRESENTE_SEM_SERIE,UNKNOWN_INDEPENDENCIA_HIDROGEOLOGICA_NAO_DEMONSTRADA,ALERTAS_DE_REVISAO_PRESENTES,INCERTEZA_EXPLICITA_NAO_AGREGADA,UNKNOWN_HIDROESTRATIGRAFIA_EM_PARTE_DOS_POCOS|UNKNOWN_INDEPENDENCIA_HIDROGEOLOGICA|UNKNOWN_INTERVALO_CAPTADO|UNKNOWN_QA_HIDROQUIMICO_COMPLETO|UNKNOWN_SERIE_TEMPORAL,"{""espacial"":""COM_COORDENADA_OU_MUNICIPIO_EM_REVISAO"",""hidraulica"":""ENSAIO_COM_METADADOS_MINIMOS_PRESENTE"",""hidroestratigrafica"":""REVISAO_OU_UNKNOWN_PRESENTE"",""hidroquimica"":""EVIDENCIA_HIDROQUIMICA_PARCIAL_PRESENTE_SEM_QA_COMPLETO"",""incerteza"":""INCERTEZA_EXPLICITA_NAO_AGREGADA"",""independencia"":""UNKNOWN_INDEPENDENCIA_HIDROGEOLOGICA_NAO_DEMONSTRADA"",""qualidade_documental"":""ALERTAS_DE_REVISAO_PRESENTES"",""temporal"":""EVIDENCIA_DATADA_PRESENTE_SEM_SERIE"",""vertical"":""PARCIAL_SEM_INTERVALO_CAPTADO_DEMONSTRADO""}"
SCALE-1000-O00-00187,1000,O00,1000.0000000000462,11,COM_POCO_NO_CONJUNTO_AUDITADO,10.363713876569054,3,Formação Aquidauana,49.273634040383314,2,Granular (Gr),97.82615073046362,False,False,2,18.181818181818183,0,0.0,4,36.36363636363637,0,0.0,8,72.72727272727273,6,54.54545454545455,0,0.0,0,8,72.72727272727273,8,72.72727272727273,8,72.72727272727273,3,27.272727272727273,3,27.272727272727273,0,0.0,4,36.36363636363637,2,18.181818181818183,5,8,4,6,54.54545454545455,2,18.181818181818183,16.713553324161346,0,2,18.181818181818183,2,18.181818181818183,3,27.272727272727273,9,81.81818181818181,9,81.81818181818181,0,0.0,4.0,COM_COORDENADA_OU_MUNICIPIO_EM_REVISAO,REVISAO_OU_UNKNOWN_PRESENTE,PARCIAL_SEM_INTERVALO_CAPTADO_DEMONSTRADO,ENSAIO_COM_METADADOS_MINIMOS_PRESENTE,EVIDENCIA_HIDROQUIMICA_PARCIAL_PRESENTE_SEM_QA_COMPLETO,EVIDENCIA_DATADA_PRESENTE_SEM_SERIE,UNKNOWN_INDEPENDENCIA_HIDROGEOLOGICA_NAO_DEMONSTRADA,ALERTAS_DE_REVISAO_PRESENTES,INCERTEZA_EXPLICITA_NAO_AGREGADA,UNKNOWN_HIDROESTRATIGRAFIA_EM_PARTE_DOS_POCOS|UNKNOWN_INDEPENDENCIA_HIDROGEOLOGICA|UNKNOWN_INTERVALO_CAPTADO|UNKNOWN_QA_HIDROQUIMICO_COMPLETO|UNKNOWN_SERIE_TEMPORAL,"{""espacial"":""COM_COORDENADA_OU_MUNICIPIO_EM_REVISAO"",""hidraulica"":""ENSAIO_COM_METADADOS_MINIMOS_PRESENTE"",""hidroestratigrafica"":""REVISAO_OU_UNKNOWN_PRESENTE"",""hidroquimica"":""EVIDENCIA_HIDROQUIMICA_PARCIAL_PRESENTE_SEM_QA_COMPLETO"",""incerteza"":""INCERTEZA_EXPLICITA_NAO_AGREGADA"",""independencia"":""UNKNOWN_INDEPENDENCIA_HIDROGEOLOGICA_NAO_DEMONSTRADA"",""qualidade_documental"":""ALERTAS_DE_REVISAO_PRESENTES"",""temporal"":""EVIDENCIA_DATADA_PRESENTE_SEM_SERIE"",""vertical"":""PARCIAL_SEM_INTERVALO_CAPTADO_DEMONSTRADO""}"
SCALE-1000-O00-00188,1000,O00,1000.0000000000462,38,COM_POCO_NO_CONJUNTO_AUDITADO,9.97637695670248,2,Formação Serra Geral,73.47686498499202,2,Fraturada (Fr),73.47686498499202,False,False,0,0.0,0,0.0,14,36.8421052631579,0,0.0,26,68.42105263157895,14,36.8421052631579,7,18.42105263157895,0,24,63.1578947368421,24,63.1578947368421,24,63.1578947368421,9,23.68421052631579,9,23.68421052631579,1,2.6315789473684212,16,42.10526315789474,6,15.789473684210526,18,23,5,14,36.8421052631579,6,15.789473684210526,19.491159982751185,0,0,0.0,0,0.0,19,50.0,26,68.42105263157895,26,68.42105263157895,0,0.0,4.0,SEM_ALERTA_OBJETIVO_DE_LOCALIZACAO,REVISAO_OU_UNKNOWN_PRESENTE,PARCIAL_SEM_INTERVALO_CAPTADO_DEMONSTRADO,TRANSMISSIVIDADE_INFORMADA_NAO_VALIDADA_PRESENTE,EVIDENCIA_HIDROQUIMICA_PARCIAL_PRESENTE_SEM_QA_COMPLETO,EVIDENCIA_DATADA_PRESENTE_SEM_SERIE,UNKNOWN_INDEPENDENCIA_HIDROGEOLOGICA_NAO_DEMONSTRADA,ALERTAS_DE_REVISAO_PRESENTES,INCERTEZA_EXPLICITA_NAO_AGREGADA,UNKNOWN_HIDROESTRATIGRAFIA_EM_PARTE_DOS_POCOS|UNKNOWN_INDEPENDENCIA_HIDROGEOLOGICA|UNKNOWN_INTERVALO_CAPTADO|UNKNOWN_QA_HIDROQUIMICO_COMPLETO|UNKNOWN_SERIE_TEMPORAL,"{""espacial"":""SEM_ALERTA_OBJETIVO_DE_LOCALIZACAO"",""hidraulica"":""TRANSMISSIVIDADE_INFORMADA_NAO_VALIDADA_PRESENTE"",""hidroestratigrafica"":""REVISAO_OU_UNKNOWN_PRESENTE"",""hidroquimica"":""EVIDENCIA_HIDROQUIMICA_PARCIAL_PRESENTE_SEM_QA_COMPLETO"",""incerteza"":""INCERTEZA_EXPLICITA_NAO_AGREGADA"",""independencia"":""UNKNOWN_INDEPENDENCIA_HIDROGEOLOGICA_NAO_DEMONSTRADA"",""qualidade_documental"":""ALERTAS_DE_REVISAO_PRESENTES"",""temporal"":""EVIDENCIA_DATADA_PRESENTE_SEM_SERIE"",""vertical"":""PARCIAL_SEM_INTERVALO_CAPTADO_DEMONSTRADO""}"
SCALE-1000-O00-00189,1000,O00,1000.0000000000462,474,COM_POCO_NO_CONJUNTO_AUDITADO,3.8219481411408123,2,Formação Serra Geral,98.24075207169989,2,Fraturada (Fr),98.24075207169989,False,False,4,0.8438818565400844,0,0.0,45,9.49367088607595,33,6.962025316455696,452,95.35864978902954,213,44.936708860759495,73,15.40084388185654,0,431,90.92827004219409,428,90.29535864978902,405,85.44303797468355,174,36.70886075949367,174,36.70886075949367,8,1.6877637130801688,291,61.392405063291136,71,14.978902953586498,290,354,6,213,44.936708860759495,63,13.291139240506329,29.29012916076305,0,6,1.2658227848101267,4,0.8438818565400844,383,80.80168776371308,242,51.0548523206751,246,51.89873417721519,1,0.2109704641350211,4.0,COM_COORDENADA_OU_MUNICIPIO_EM_REVISAO,REVISAO_OU_UNKNOWN_PRESENTE,PARCIAL_SEM_INTERVALO_CAPTADO_DEMONSTRADO,TRANSMISSIVIDADE_INFORMADA_NAO_VALIDADA_PRESENTE,EVIDENCIA_HIDROQUIMICA_PARCIAL_PRESENTE_SEM_QA_COMPLETO,EVIDENCIA_DATADA_PRESENTE_SEM_SERIE,UNKNOWN_INDEPENDENCIA_HIDROGEOLOGICA_NAO_DEMONSTRADA,VALOR_INVALIDO_PRESERVADO,INCERTEZA_EXPLICITA_NAO_AGREGADA,UNKNOWN_HIDROESTRATIGRAFIA_EM_PARTE_DOS_POCOS|UNKNOWN_INDEPENDENCIA_HIDROGEOLOGICA|UNKNOWN_INTERVALO_CAPTADO|UNKNOWN_QA_HIDROQUIMICO_COMPLETO|UNKNOWN_SERIE_TEMPORAL,"{""espacial"":""COM_COORDENADA_OU_MUNICIPIO_EM_REVISAO"",""hidraulica"":""TRANSMISSIVIDADE_INFORMADA_NAO_VALIDADA_PRESENTE"",""hidroestratigrafica"":""REVISAO_OU_UNKNOWN_PRESENTE"",""hidroquimica"":""EVIDENCIA_HIDROQUIMICA_PARCIAL_PRESENTE_SEM_QA_COMPLETO"",""incerteza"":""INCERTEZA_EXPLICITA_NAO_AGREGADA"",""independencia"":""UNKNOWN_INDEPENDENCIA_HIDROGEOLOGICA_NAO_DEMONSTRADA"",""qualidade_documental"":""VALOR_INVALIDO_PRESERVADO"",""temporal"":""EVIDENCIA_DATADA_PRESENTE_SEM_SERIE"",""vertical"":""PARCIAL_SEM_INTERVALO_CAPTADO_DEMONSTRADO""}"
SCALE-1000-O00-00190,1000,O00,1000.0000000000462,23,COM_POCO_NO_CONJUNTO_AUDITADO,12.037236181955242,2,Grupo Caiuá,57.497011836297304,2,Granular (Gr),57.497011836297304,False,False,0,0.0,0,0.0,3,13.043478260869565,16,69.56521739130434,23,100.0,2,8.695652173913043,2,8.695652173913043,0,23,100.0,23,100.0,20,86.95652173913044,2,8.695652173913043,2,8.695652173913043,0,0.0,22,95.65217391304348,2,8.695652173913043,17,20,4,3,13.043478260869565,2,8.695652173913043,16.76420460379063,0,0,0.0,0,0.0,17,73.91304347826087,3,13.043478260869565,3,13.043478260869565,0,0.0,4.0,SEM_ALERTA_OBJETIVO_DE_LOCALIZACAO,REVISAO_OU_UNKNOWN_PRESENTE,PARCIAL_SEM_INTERVALO_CAPTADO_DEMONSTRADO,ENSAIO_COM_METADADOS_MINIMOS_PRESENTE,EVIDENCIA_HIDROQUIMICA_PARCIAL_PRESENTE_SEM_QA_COMPLETO,EVIDENCIA_DATADA_PRESENTE_SEM_SERIE,UNKNOWN_INDEPENDENCIA_HIDROGEOLOGICA_NAO_DEMONSTRADA,ALERTAS_DE_REVISAO_PRESENTES,INCERTEZA_EXPLICITA_NAO_AGREGADA,UNKNOWN_HIDROESTRATIGRAFIA_EM_PARTE_DOS_POCOS|UNKNOWN_INDEPENDENCIA_HIDROGEOLOGICA|UNKNOWN_INTERVALO_CAPTADO|UNKNOWN_QA_HIDROQUIMICO_COMPLETO|UNKNOWN_SERIE_TEMPORAL,"{""espacial"":""SEM_ALERTA_OBJETIVO_DE_LOCALIZACAO"",""hidraulica"":""ENSAIO_COM_METADADOS_MINIMOS_PRESENTE"",""hidroestratigrafica"":""REVISAO_OU_UNKNOWN_PRESENTE"",""hidroquimica"":""EVIDENCIA_HIDROQUIMICA_PARCIAL_PRESENTE_SEM_QA_COMPLETO"",""incerteza"":""INCERTEZA_EXPLICITA_NAO_AGREGADA"",""independencia"":""UNKNOWN_INDEPENDENCIA_HIDROGEOLOGICA_NAO_DEMONSTRADA"",""qualidade_documental"":""ALERTAS_DE_REVISAO_PRESENTES"",""temporal"":""EVIDENCIA_DATADA_PRESENTE_SEM_SERIE"",""vertical"":""PARCIAL_SEM_INTERVALO_CAPTADO_DEMONSTRADO""}"
SCALE-1000-O00-00191,1000,O00,1000.0000000000462,5,COM_POCO_NO_CONJUNTO_AUDITADO,14.012246747828968,2,Grupo Caiuá,70.74795638418873,2,Granular (Gr),70.74795638418873,False,False,0,0.0,0,0.0,0,0.0,5,100.0,5,100.0,0,0.0,0,0.0,0,5,100.0,5,100.0,5,100.0,0,0.0,0,0.0,0,0.0,4,80.0,0,0.0,4,4,1,0,0.0,0,0.0,,0,0,0.0,0,0.0,0,0.0,0,0.0,0,0.0,0,0.0,4.0,SEM_ALERTA_OBJETIVO_DE_LOCALIZACAO,REVISAO_OU_UNKNOWN_PRESENTE,PARCIAL_SEM_INTERVALO_CAPTADO_DEMONSTRADO,EVIDENCIA_HIDRAULICA_PARCIAL_PRESENTE,EVIDENCIA_HIDROQUIMICA_PARCIAL_PRESENTE_SEM_QA_COMPLETO,UNKNOWN_SEM_EVIDENCIA_DATADA_E_SEM_SERIE,UNKNOWN_INDEPENDENCIA_HIDROGEOLOGICA_NAO_DEMONSTRADA,SEM_ALERTA_OBJETIVO_NAS_REGRAS_ATUAIS,INCERTEZA_EXPLICITA_NAO_AGREGADA,UNKNOWN_EVIDENCIA_DATADA|UNKNOWN_INDEPENDENCIA_HIDROGEOLOGICA|UNKNOWN_INTERVALO_CAPTADO|UNKNOWN_QA_HIDROQUIMICO_COMPLETO|UNKNOWN_SERIE_TEMPORAL,"{""espacial"":""SEM_ALERTA_OBJETIVO_DE_LOCALIZACAO"",""hidraulica"":""EVIDENCIA_HIDRAULICA_PARCIAL_PRESENTE"",""hidroestratigrafica"":""REVISAO_OU_UNKNOWN_PRESENTE"",""hidroquimica"":""EVIDENCIA_HIDROQUIMICA_PARCIAL_PRESENTE_SEM_QA_COMPLETO"",""incerteza"":""INCERTEZA_EXPLICITA_NAO_AGREGADA"",""independencia"":""UNKNOWN_INDEPENDENCIA_HIDROGEOLOGICA_NAO_DEMONSTRADA"",""qualidade_documental"":""SEM_ALERTA_OBJETIVO_NAS_REGRAS_ATUAIS"",""temporal"":""UNKNOWN_SEM_EVIDENCIA_DATADA_E_SEM_SERIE"",""vertical"":""PARCIAL_SEM_INTERVALO_CAPTADO_DEMONSTRADO""}"
SCALE-1000-O00-00192,1000,O00,1000.0000000000462,32,COM_POCO_NO_CONJUNTO_AUDITADO,10.734335053731431,2,Grupo Caiuá,82.64467976024751,2,Granular (Gr),82.64467976024751,False,False,0,0.0,0,0.0,5,15.625,13,40.625,29,90.625,12,37.5,5,15.625,0,22,68.75,20,62.5,20,62.5,8,25.0,8,25.0,0,0.0,21,65.625,7,21.875,24,35,5,13,40.625,6,18.75,16.591716462350355,0,0,0.0,0,0.0,22,68.75,16,50.0,16,50.0,0,0.0,4.0,SEM_ALERTA_OBJETIVO_DE_LOCALIZACAO,REVISAO_OU_UNKNOWN_PRESENTE,PARCIAL_SEM_INTERVALO_CAPTADO_DEMONSTRADO,ENSAIO_COM_METADADOS_MINIMOS_PRESENTE,EVIDENCIA_HIDROQUIMICA_PARCIAL_PRESENTE_SEM_QA_COMPLETO,EVIDENCIA_DATADA_PRESENTE_SEM_SERIE,UNKNOWN_INDEPENDENCIA_HIDROGEOLOGICA_NAO_DEMONSTRADA,ALERTAS_DE_REVISAO_PRESENTES,INCERTEZA_EXPLICITA_NAO_AGREGADA,UNKNOWN_HIDROESTRATIGRAFIA_EM_PARTE_DOS_POCOS|UNKNOWN_INDEPENDENCIA_HIDROGEOLOGICA|UNKNOWN_INTERVALO_CAPTADO|UNKNOWN_QA_HIDROQUIMICO_COMPLETO|UNKNOWN_SERIE_TEMPORAL,"{""espacial"":""SEM_ALERTA_OBJETIVO_DE_LOCALIZACAO"",""hidraulica"":""ENSAIO_COM_METADADOS_MINIMOS_PRESENTE"",""hidroestratigrafica"":""REVISAO_OU_UNKNOWN_PRESENTE"",""hidroquimica"":""EVIDENCIA_HIDROQUIMICA_PARCIAL_PRESENTE_SEM_QA_COMPLETO"",""incerteza"":""INCERTEZA_EXPLICITA_NAO_AGREGADA"",""independencia"":""UNKNOWN_INDEPENDENCIA_HIDROGEOLOGICA_NAO_DEMONSTRADA"",""qualidade_documental"":""ALERTAS_DE_REVISAO_PRESENTES"",""temporal"":""EVIDENCIA_DATADA_PRESENTE_SEM_SERIE"",""vertical"":""PARCIAL_SEM_INTERVALO_CAPTADO_DEMONSTRADO""}"
SCALE-1000-O00-00193,1000,O00,1000.0000000000462,2,COM_POCO_NO_CONJUNTO_AUDITADO,22.357959891277098,1,Grupo Caiuá,100.0,1,Granular (Gr),100.0,False,False,0,0.0,0,0.0,2,100.0,0,0.0,0,0.0,0,0.0,0,0.0,0,0,0.0,0,0.0,0,0.0,0,0.0,0,0.0,0,0.0,0,0.0,0,0.0,0,0,0,0,0.0,0,0.0,,0,0,0.0,0,0.0,0,0.0,2,100.0,2,100.0,0,0.0,0.0,SEM_ALERTA_OBJETIVO_DE_LOCALIZACAO,REVISAO_OU_UNKNOWN_PRESENTE,PARCIAL_SEM_INTERVALO_CAPTADO_DEMONSTRADO,UNKNOWN_SEM_EVIDENCIA_HIDRAULICA_NO_CONJUNTO,UNKNOWN_SEM_EVIDENCIA_HIDROQUIMICA_NO_CONJUNTO,UNKNOWN_SEM_EVIDENCIA_DATADA_E_SEM_SERIE,UNKNOWN_INDEPENDENCIA_HIDROGEOLOGICA_NAO_DEMONSTRADA,ALERTAS_DE_REVISAO_PRESENTES,INCERTEZA_EXPLICITA_NAO_AGREGADA,UNKNOWN_EVIDENCIA_DATADA|UNKNOWN_EVIDENCIA_HIDRAULICA|UNKNOWN_EVIDENCIA_HIDROQUIMICA|UNKNOWN_HIDROESTRATIGRAFIA_EM_PARTE_DOS_POCOS|UNKNOWN_INDEPENDENCIA_HIDROGEOLOGICA|UNKNOWN_INTERVALO_CAPTADO|UNKNOWN_QA_HIDROQUIMICO_COMPLETO|UNKNOWN_SERIE_TEMPORAL,"{""espacial"":""SEM_ALERTA_OBJETIVO_DE_LOCALIZACAO"",""hidraulica"":""UNKNOWN_SEM_EVIDENCIA_HIDRAULICA_NO_CONJUNTO"",""hidroestratigrafica"":""REVISAO_OU_UNKNOWN_PRESENTE"",""hidroquimica"":""UNKNOWN_SEM_EVIDENCIA_HIDROQUIMICA_NO_CONJUNTO"",""incerteza"":""INCERTEZA_EXPLICITA_NAO_AGREGADA"",""independencia"":""UNKNOWN_INDEPENDENCIA_HIDROGEOLOGICA_NAO_DEMONSTRADA"",""qualidade_documental"":""ALERTAS_DE_REVISAO_PRESENTES"",""temporal"":""UNKNOWN_SEM_EVIDENCIA_DATADA_E_SEM_SERIE"",""vertical"":""PARCIAL_SEM_INTERVALO_CAPTADO_DEMONSTRADO""}"
SCALE-1000-O00-00194,1000,O00,1000.0000000000462,8,COM_POCO_NO_CONJUNTO_AUDITADO,15.429366144520223,1,Grupo Caiuá,100.0,1,Granular (Gr),100.0,False,False,0,0.0,0,0.0,1,12.5,7,87.5,7,87.5,0,0.0,0,0.0,0,7,87.5,7,87.5,7,87.5,0,0.0,0,0.0,0,0.0,7,87.5,0,0.0,7,7,1,0,0.0,0,0.0,,0,0,0.0,0,0.0,3,37.5,1,12.5,1,12.5,0,0.0,4.0,SEM_ALERTA_OBJETIVO_DE_LOCALIZACAO,REVISAO_OU_UNKNOWN_PRESENTE,PARCIAL_SEM_INTERVALO_CAPTADO_DEMONSTRADO,EVIDENCIA_HIDRAULICA_PARCIAL_PRESENTE,EVIDENCIA_HIDROQUIMICA_PARCIAL_PRESENTE_SEM_QA_COMPLETO,UNKNOWN_SEM_EVIDENCIA_DATADA_E_SEM_SERIE,UNKNOWN_INDEPENDENCIA_HIDROGEOLOGICA_NAO_DEMONSTRADA,ALERTAS_DE_REVISAO_PRESENTES,INCERTEZA_EXPLICITA_NAO_AGREGADA,UNKNOWN_EVIDENCIA_DATADA|UNKNOWN_HIDROESTRATIGRAFIA_EM_PARTE_DOS_POCOS|UNKNOWN_INDEPENDENCIA_HIDROGEOLOGICA|UNKNOWN_INTERVALO_CAPTADO|UNKNOWN_QA_HIDROQUIMICO_COMPLETO|UNKNOWN_SERIE_TEMPORAL,"{""espacial"":""SEM_ALERTA_OBJETIVO_DE_LOCALIZACAO"",""hidraulica"":""EVIDENCIA_HIDRAULICA_PARCIAL_PRESENTE"",""hidroestratigrafica"":""REVISAO_OU_UNKNOWN_PRESENTE"",""hidroquimica"":""EVIDENCIA_HIDROQUIMICA_PARCIAL_PRESENTE_SEM_QA_COMPLETO"",""incerteza"":""INCERTEZA_EXPLICITA_NAO_AGREGADA"",""independencia"":""UNKNOWN_INDEPENDENCIA_HIDROGEOLOGICA_NAO_DEMONSTRADA"",""qualidade_documental"":""ALERTAS_DE_REVISAO_PRESENTES"",""temporal"":""UNKNOWN_SEM_EVIDENCIA_DATADA_E_SEM_SERIE"",""vertical"":""PARCIAL_SEM_INTERVALO_CAPTADO_DEMONSTRADO""}"
SCALE-1000-O00-00195,1000,O00,1000.0000000000462,35,COM_POCO_NO_CONJUNTO_AUDITADO,15.509802741607254,1,Grupo Caiuá,100.0,1,Granular (Gr),100.0,False,False,0,0.0,0,0.0,4,11.428571428571429,28,80.0,35,100.0,18,51.42857142857143,2,5.714285714285714,0,34,97.14285714285714,34,97.14285714285714,32,91.42857142857143,14,40.0,14,40.0,4,11.428571428571429,27,77.14285714285714,10,28.571428571428573,27,33,5,17,48.57142857142857,10,28.571428571428573,18.642408810584747,0,0,0.0,0,0.0,31,88.57142857142857,18,51.42857142857143,18,51.42857142857143,0,0.0,4.0,SEM_ALERTA_OBJETIVO_DE_LOCALIZACAO,REVISAO_OU_UNKNOWN_PRESENTE,PARCIAL_SEM_INTERVALO_CAPTADO_DEMONSTRADO,TRANSMISSIVIDADE_INFORMADA_NAO_VALIDADA_PRESENTE,EVIDENCIA_HIDROQUIMICA_PARCIAL_PRESENTE_SEM_QA_COMPLETO,EVIDENCIA_DATADA_PRESENTE_SEM_SERIE,UNKNOWN_INDEPENDENCIA_HIDROGEOLOGICA_NAO_DEMONSTRADA,ALERTAS_DE_REVISAO_PRESENTES,INCERTEZA_EXPLICITA_NAO_AGREGADA,UNKNOWN_HIDROESTRATIGRAFIA_EM_PARTE_DOS_POCOS|UNKNOWN_INDEPENDENCIA_HIDROGEOLOGICA|UNKNOWN_INTERVALO_CAPTADO|UNKNOWN_QA_HIDROQUIMICO_COMPLETO|UNKNOWN_SERIE_TEMPORAL,"{""espacial"":""SEM_ALERTA_OBJETIVO_DE_LOCALIZACAO"",""hidraulica"":""TRANSMISSIVIDADE_INFORMADA_NAO_VALIDADA_PRESENTE"",""hidroestratigrafica"":""REVISAO_OU_UNKNOWN_PRESENTE"",""hidroquimica"":""EVIDENCIA_HIDROQUIMICA_PARCIAL_PRESENTE_SEM_QA_COMPLETO"",""incerteza"":""INCERTEZA_EXPLICITA_NAO_AGREGADA"",""independencia"":""UNKNOWN_INDEPENDENCIA_HIDROGEOLOGICA_NAO_DEMONSTRADA"",""qualidade_documental"":""ALERTAS_DE_REVISAO_PRESENTES"",""temporal"":""EVIDENCIA_DATADA_PRESENTE_SEM_SERIE"",""vertical"":""PARCIAL_SEM_INTERVALO_CAPTADO_DEMONSTRADO""}"
SCALE-1000-O00-00196,1000,O00,1000.0000000000462,1,COM_POCO_NO_CONJUNTO_AUDITADO,20.52021638705341,2,Grupo Caiuá,99.35361883432907,1,Granular (Gr),100.0,False,False,0,0.0,0,0.0,1,100.0,0,0.0,0,0.0,0,0.0,0,0.0,0,0,0.0,0,0.0,0,0.0,0,0.0,0,0.0,0,0.0,0,0.0,0,0.0,0,0,0,0,0.0,0,0.0,,0,0,0.0,0,0.0,0,0.0,1,100.0,1,100.0,0,0.0,0.0,SEM_ALERTA_OBJETIVO_DE_LOCALIZACAO,REVISAO_OU_UNKNOWN_PRESENTE,PARCIAL_SEM_INTERVALO_CAPTADO_DEMONSTRADO,UNKNOWN_SEM_EVIDENCIA_HIDRAULICA_NO_CONJUNTO,UNKNOWN_SEM_EVIDENCIA_HIDROQUIMICA_NO_CONJUNTO,UNKNOWN_SEM_EVIDENCIA_DATADA_E_SEM_SERIE,UNKNOWN_INDEPENDENCIA_HIDROGEOLOGICA_NAO_DEMONSTRADA,ALERTAS_DE_REVISAO_PRESENTES,INCERTEZA_EXPLICITA_NAO_AGREGADA,UNKNOWN_EVIDENCIA_DATADA|UNKNOWN_EVIDENCIA_HIDRAULICA|UNKNOWN_EVIDENCIA_HIDROQUIMICA|UNKNOWN_HIDROESTRATIGRAFIA_EM_PARTE_DOS_POCOS|UNKNOWN_INDEPENDENCIA_HIDROGEOLOGICA|UNKNOWN_INTERVALO_CAPTADO|UNKNOWN_QA_HIDROQUIMICO_COMPLETO|UNKNOWN_SERIE_TEMPORAL,"{""espacial"":""SEM_ALERTA_OBJETIVO_DE_LOCALIZACAO"",""hidraulica"":""UNKNOWN_SEM_EVIDENCIA_HIDRAULICA_NO_CONJUNTO"",""hidroestratigrafica"":""REVISAO_OU_UNKNOWN_PRESENTE"",""hidroquimica"":""UNKNOWN_SEM_EVIDENCIA_HIDROQUIMICA_NO_CONJUNTO"",""incerteza"":""INCERTEZA_EXPLICITA_NAO_AGREGADA"",""independencia"":""UNKNOWN_INDEPENDENCIA_HIDROGEOLOGICA_NAO_DEMONSTRADA"",""qualidade_documental"":""ALERTAS_DE_REVISAO_PRESENTES"",""temporal"":""UNKNOWN_SEM_EVIDENCIA_DATADA_E_SEM_SERIE"",""vertical"":""PARCIAL_SEM_INTERVALO_CAPTADO_DEMONSTRADO""}"
SCALE-1000-O00-00197,1000,O00,1000.0000000000462,0,SEM_POCO_NO_CONJUNTO_AUDITADO,32.748576995671094,2,Grupo Caiuá,98.60193372259292,1,Granular (Gr),100.0,False,False,0,,0,,0,,0,,0,,0,,0,,0,0,,0,,0,,0,,0,,0,,0,,0,,0,0,0,0,,0,,,0,0,,0,,0,,0,,0,,0,,,SEM_POCO_NO_CONJUNTO_AUDITADO,UNKNOWN_SEM_POCO_PARA_AVALIACAO_LOCAL,UNKNOWN_SEM_POCO_PARA_AVALIACAO_VERTICAL,UNKNOWN_SEM_POCO_PARA_AVALIACAO_HIDRAULICA,UNKNOWN_SEM_POCO_PARA_AVALIACAO_HIDROQUIMICA,UNKNOWN_SEM_POCO_PARA_AVALIACAO_TEMPORAL,UNKNOWN_INDEPENDENCIA_HIDROGEOLOGICA_NAO_DEMONSTRADA,UNKNOWN_SEM_POCO_PARA_AVALIACAO_DOCUMENTAL,INCERTEZA_EXPLICITA_NAO_AGREGADA,UNKNOWN_SEM_POCO_NO_CONJUNTO_AUDITADO,"{""espacial"":""SEM_POCO_NO_CONJUNTO_AUDITADO"",""hidraulica"":""UNKNOWN_SEM_POCO_PARA_AVALIACAO_HIDRAULICA"",""hidroestratigrafica"":""UNKNOWN_SEM_POCO_PARA_AVALIACAO_LOCAL"",""hidroquimica"":""UNKNOWN_SEM_POCO_PARA_AVALIACAO_HIDROQUIMICA"",""incerteza"":""INCERTEZA_EXPLICITA_NAO_AGREGADA"",""independencia"":""UNKNOWN_INDEPENDENCIA_HIDROGEOLOGICA_NAO_DEMONSTRADA"",""qualidade_documental"":""UNKNOWN_SEM_POCO_PARA_AVALIACAO_DOCUMENTAL"",""temporal"":""UNKNOWN_SEM_POCO_PARA_AVALIACAO_TEMPORAL"",""vertical"":""UNKNOWN_SEM_POCO_PARA_AVALIACAO_VERTICAL""}"
SCALE-1000-O00-00198,1000,O00,1000.0000000000462,1,COM_POCO_NO_CONJUNTO_AUDITADO,25.878407647267217,2,Grupo Caiuá,86.71801697711092,1,Granular (Gr),100.00000000000001,False,False,0,0.0,0,0.0,0,0.0,1,100.0,1,100.0,0,0.0,0,0.0,0,1,100.0,1,100.0,1,100.0,0,0.0,0,0.0,0,0.0,1,100.0,0,0.0,1,1,1,0,0.0,0,0.0,,0,0,0.0,0,0.0,0,0.0,0,0.0,0,0.0,0,0.0,4.0,SEM_ALERTA_OBJETIVO_DE_LOCALIZACAO,REVISAO_OU_UNKNOWN_PRESENTE,PARCIAL_SEM_INTERVALO_CAPTADO_DEMONSTRADO,EVIDENCIA_HIDRAULICA_PARCIAL_PRESENTE,EVIDENCIA_HIDROQUIMICA_PARCIAL_PRESENTE_SEM_QA_COMPLETO,UNKNOWN_SEM_EVIDENCIA_DATADA_E_SEM_SERIE,UNKNOWN_INDEPENDENCIA_HIDROGEOLOGICA_NAO_DEMONSTRADA,SEM_ALERTA_OBJETIVO_NAS_REGRAS_ATUAIS,INCERTEZA_EXPLICITA_NAO_AGREGADA,UNKNOWN_EVIDENCIA_DATADA|UNKNOWN_INDEPENDENCIA_HIDROGEOLOGICA|UNKNOWN_INTERVALO_CAPTADO|UNKNOWN_QA_HIDROQUIMICO_COMPLETO|UNKNOWN_SERIE_TEMPORAL,"{""espacial"":""SEM_ALERTA_OBJETIVO_DE_LOCALIZACAO"",""hidraulica"":""EVIDENCIA_HIDRAULICA_PARCIAL_PRESENTE"",""hidroestratigrafica"":""REVISAO_OU_UNKNOWN_PRESENTE"",""hidroquimica"":""EVIDENCIA_HIDROQUIMICA_PARCIAL_PRESENTE_SEM_QA_COMPLETO"",""incerteza"":""INCERTEZA_EXPLICITA_NAO_AGREGADA"",""independencia"":""UNKNOWN_INDEPENDENCIA_HIDROGEOLOGICA_NAO_DEMONSTRADA"",""qualidade_documental"":""SEM_ALERTA_OBJETIVO_NAS_REGRAS_ATUAIS"",""temporal"":""UNKNOWN_SEM_EVIDENCIA_DATADA_E_SEM_SERIE"",""vertical"":""PARCIAL_SEM_INTERVALO_CAPTADO_DEMONSTRADO""}"
SCALE-1000-O00-00199,1000,O00,663.6663658598551,14,COM_POCO_NO_CONJUNTO_AUDITADO,11.239983820201118,2,Grupo Caiuá,95.14828049308123,2,Granular (Gr),95.14828049308123,False,False,0,0.0,0,0.0,2,14.285714285714286,11,78.57142857142857,14,100.0,11,78.57142857142857,2,14.285714285714286,0,14,100.0,14,100.0,14,100.0,6,42.857142857142854,6,42.857142857142854,2,14.285714285714286,8,57.142857142857146,6,42.857142857142854,12,15,5,12,85.71428571428571,6,42.857142857142854,22.876581996892476,0,0,0.0,0,0.0,11,78.57142857142857,12,85.71428571428571,12,85.71428571428571,0,0.0,4.0,SEM_ALERTA_OBJETIVO_DE_LOCALIZACAO,REVISAO_OU_UNKNOWN_PRESENTE,PARCIAL_SEM_INTERVALO_CAPTADO_DEMONSTRADO,TRANSMISSIVIDADE_INFORMADA_NAO_VALIDADA_PRESENTE,EVIDENCIA_HIDROQUIMICA_PARCIAL_PRESENTE_SEM_QA_COMPLETO,EVIDENCIA_DATADA_PRESENTE_SEM_SERIE,UNKNOWN_INDEPENDENCIA_HIDROGEOLOGICA_NAO_DEMONSTRADA,ALERTAS_DE_REVISAO_PRESENTES,INCERTEZA_EXPLICITA_NAO_AGREGADA,UNKNOWN_HIDROESTRATIGRAFIA_EM_PARTE_DOS_POCOS|UNKNOWN_INDEPENDENCIA_HIDROGEOLOGICA|UNKNOWN_INTERVALO_CAPTADO|UNKNOWN_QA_HIDROQUIMICO_COMPLETO|UNKNOWN_SERIE_TEMPORAL,"{""espacial"":""SEM_ALERTA_OBJETIVO_DE_LOCALIZACAO"",""hidraulica"":""TRANSMISSIVIDADE_INFORMADA_NAO_VALIDADA_PRESENTE"",""hidroestratigrafica"":""REVISAO_OU_UNKNOWN_PRESENTE"",""hidroquimica"":""EVIDENCIA_HIDROQUIMICA_PARCIAL_PRESENTE_SEM_QA_COMPLETO"",""incerteza"":""INCERTEZA_EXPLICITA_NAO_AGREGADA"",""independencia"":""UNKNOWN_INDEPENDENCIA_HIDROGEOLOGICA_NAO_DEMONSTRADA"",""qualidade_documental"":""ALERTAS_DE_REVISAO_PRESENTES"",""temporal"":""EVIDENCIA_DATADA_PRESENTE_SEM_SERIE"",""vertical"":""PARCIAL_SEM_INTERVALO_CAPTADO_DEMONSTRADO""}"
SCALE-1000-O00-00200,1000,O00,74.29815856461967,0,SEM_POCO_NO_CONJUNTO_AUDITADO,16.53796459253088,1,Grupo Caiuá,100.0,1,Granular (Gr),100.0,False,False,0,,0,,0,,0,,0,,0,,0,,0,0,,0,,0,,0,,0,,0,,0,,0,,0,0,0,0,,0,,,0,0,,0,,0,,0,,0,,0,,,SEM_POCO_NO_CONJUNTO_AUDITADO,UNKNOWN_SEM_POCO_PARA_AVALIACAO_LOCAL,UNKNOWN_SEM_POCO_PARA_AVALIACAO_VERTICAL,UNKNOWN_SEM_POCO_PARA_AVALIACAO_HIDRAULICA,UNKNOWN_SEM_POCO_PARA_AVALIACAO_HIDROQUIMICA,UNKNOWN_SEM_POCO_PARA_AVALIACAO_TEMPORAL,UNKNOWN_INDEPENDENCIA_HIDROGEOLOGICA_NAO_DEMONSTRADA,UNKNOWN_SEM_POCO_PARA_AVALIACAO_DOCUMENTAL,INCERTEZA_EXPLICITA_NAO_AGREGADA,UNKNOWN_SEM_POCO_NO_CONJUNTO_AUDITADO,"{""espacial"":""SEM_POCO_NO_CONJUNTO_AUDITADO"",""hidraulica"":""UNKNOWN_SEM_POCO_PARA_AVALIACAO_HIDRAULICA"",""hidroestratigrafica"":""UNKNOWN_SEM_POCO_PARA_AVALIACAO_LOCAL"",""hidroquimica"":""UNKNOWN_SEM_POCO_PARA_AVALIACAO_HIDROQUIMICA"",""incerteza"":""INCERTEZA_EXPLICITA_NAO_AGREGADA"",""independencia"":""UNKNOWN_INDEPENDENCIA_HIDROGEOLOGICA_NAO_DEMONSTRADA"",""qualidade_documental"":""UNKNOWN_SEM_POCO_PARA_AVALIACAO_DOCUMENTAL"",""temporal"":""UNKNOWN_SEM_POCO_PARA_AVALIACAO_TEMPORAL"",""vertical"":""UNKNOWN_SEM_POCO_PARA_AVALIACAO_VERTICAL""}"
SCALE-1000-O00-00201,1000,O00,382.95408137572844,0,SEM_POCO_NO_CONJUNTO_AUDITADO,65.76012676884575,1,Formação Pantanal,100.0,1,Granular (Gr),100.0,False,False,0,,0,,0,,0,,0,,0,,0,,0,0,,0,,0,,0,,0,,0,,0,,0,,0,0,0,0,,0,,,0,0,,0,,0,,0,,0,,0,,,SEM_POCO_NO_CONJUNTO_AUDITADO,UNKNOWN_SEM_POCO_PARA_AVALIACAO_LOCAL,UNKNOWN_SEM_POCO_PARA_AVALIACAO_VERTICAL,UNKNOWN_SEM_POCO_PARA_AVALIACAO_HIDRAULICA,UNKNOWN_SEM_POCO_PARA_AVALIACAO_HIDROQUIMICA,UNKNOWN_SEM_POCO_PARA_AVALIACAO_TEMPORAL,UNKNOWN_INDEPENDENCIA_HIDROGEOLOGICA_NAO_DEMONSTRADA,UNKNOWN_SEM_POCO_PARA_AVALIACAO_DOCUMENTAL,INCERTEZA_EXPLICITA_NAO_AGREGADA,UNKNOWN_SEM_POCO_NO_CONJUNTO_AUDITADO,"{""espacial"":""SEM_POCO_NO_CONJUNTO_AUDITADO"",""hidraulica"":""UNKNOWN_SEM_POCO_PARA_AVALIACAO_HIDRAULICA"",""hidroestratigrafica"":""UNKNOWN_SEM_POCO_PARA_AVALIACAO_LOCAL"",""hidroquimica"":""UNKNOWN_SEM_POCO_PARA_AVALIACAO_HIDROQUIMICA"",""incerteza"":""INCERTEZA_EXPLICITA_NAO_AGREGADA"",""independencia"":""UNKNOWN_INDEPENDENCIA_HIDROGEOLOGICA_NAO_DEMONSTRADA"",""qualidade_documental"":""UNKNOWN_SEM_POCO_PARA_AVALIACAO_DOCUMENTAL"",""temporal"":""UNKNOWN_SEM_POCO_PARA_AVALIACAO_TEMPORAL"",""vertical"":""UNKNOWN_SEM_POCO_PARA_AVALIACAO_VERTICAL""}"
SCALE-1000-O00-00202,1000,O00,991.6285400809039,0,SEM_POCO_NO_CONJUNTO_AUDITADO,59.60334008117268,2,Formação Pantanal,97.60378342604706,1,Granular (Gr),100.0,False,False,0,,0,,0,,0,,0,,0,,0,,0,0,,0,,0,,0,,0,,0,,0,,0,,0,0,0,0,,0,,,0,0,,0,,0,,0,,0,,0,,,SEM_POCO_NO_CONJUNTO_AUDITADO,UNKNOWN_SEM_POCO_PARA_AVALIACAO_LOCAL,UNKNOWN_SEM_POCO_PARA_AVALIACAO_VERTICAL,UNKNOWN_SEM_POCO_PARA_AVALIACAO_HIDRAULICA,UNKNOWN_SEM_POCO_PARA_AVALIACAO_HIDROQUIMICA,UNKNOWN_SEM_POCO_PARA_AVALIACAO_TEMPORAL,UNKNOWN_INDEPENDENCIA_HIDROGEOLOGICA_NAO_DEMONSTRADA,UNKNOWN_SEM_POCO_PARA_AVALIACAO_DOCUMENTAL,INCERTEZA_EXPLICITA_NAO_AGREGADA,UNKNOWN_SEM_POCO_NO_CONJUNTO_AUDITADO,"{""espacial"":""SEM_POCO_NO_CONJUNTO_AUDITADO"",""hidraulica"":""UNKNOWN_SEM_POCO_PARA_AVALIACAO_HIDRAULICA"",""hidroestratigrafica"":""UNKNOWN_SEM_POCO_PARA_AVALIACAO_LOCAL"",""hidroquimica"":""UNKNOWN_SEM_POCO_PARA_AVALIACAO_HIDROQUIMICA"",""incerteza"":""INCERTEZA_EXPLICITA_NAO_AGREGADA"",""independencia"":""UNKNOWN_INDEPENDENCIA_HIDROGEOLOGICA_NAO_DEMONSTRADA"",""qualidade_documental"":""UNKNOWN_SEM_POCO_PARA_AVALIACAO_DOCUMENTAL"",""temporal"":""UNKNOWN_SEM_POCO_PARA_AVALIACAO_TEMPORAL"",""vertical"":""UNKNOWN_SEM_POCO_PARA_AVALIACAO_VERTICAL""}"
SCALE-1000-O00-00203,1000,O00,1000.0000000000462,0,SEM_POCO_NO_CONJUNTO_AUDITADO,65.69707979997226,3,Formação Pantanal,87.16695631332384,2,Granular (Gr),96.77440330064218,False,False,0,,0,,0,,0,,0,,0,,0,,0,0,,0,,0,,0,,0,,0,,0,,0,,0,0,0,0,,0,,,0,0,,0,,0,,0,,0,,0,,,SEM_POCO_NO_CONJUNTO_AUDITADO,UNKNOWN_SEM_POCO_PARA_AVALIACAO_LOCAL,UNKNOWN_SEM_POCO_PARA_AVALIACAO_VERTICAL,UNKNOWN_SEM_POCO_PARA_AVALIACAO_HIDRAULICA,UNKNOWN_SEM_POCO_PARA_AVALIACAO_HIDROQUIMICA,UNKNOWN_SEM_POCO_PARA_AVALIACAO_TEMPORAL,UNKNOWN_INDEPENDENCIA_HIDROGEOLOGICA_NAO_DEMONSTRADA,UNKNOWN_SEM_POCO_PARA_AVALIACAO_DOCUMENTAL,INCERTEZA_EXPLICITA_NAO_AGREGADA,UNKNOWN_SEM_POCO_NO_CONJUNTO_AUDITADO,"{""espacial"":""SEM_POCO_NO_CONJUNTO_AUDITADO"",""hidraulica"":""UNKNOWN_SEM_POCO_PARA_AVALIACAO_HIDRAULICA"",""hidroestratigrafica"":""UNKNOWN_SEM_POCO_PARA_AVALIACAO_LOCAL"",""hidroquimica"":""UNKNOWN_SEM_POCO_PARA_AVALIACAO_HIDROQUIMICA"",""incerteza"":""INCERTEZA_EXPLICITA_NAO_AGREGADA"",""independencia"":""UNKNOWN_INDEPENDENCIA_HIDROGEOLOGICA_NAO_DEMONSTRADA"",""qualidade_documental"":""UNKNOWN_SEM_POCO_PARA_AVALIACAO_DOCUMENTAL"",""temporal"":""UNKNOWN_SEM_POCO_PARA_AVALIACAO_TEMPORAL"",""vertical"":""UNKNOWN_SEM_POCO_PARA_AVALIACAO_VERTICAL""}"
SCALE-1000-O00-00204,1000,O00,1000.0000000000462,0,SEM_POCO_NO_CONJUNTO_AUDITADO,47.53785518676495,2,Embasamento Indiferenciado,51.99742394492749,2,Fraturada (Fr),51.99742394492749,False,False,0,,0,,0,,0,,0,,0,,0,,0,0,,0,,0,,0,,0,,0,,0,,0,,0,0,0,0,,0,,,0,0,,0,,0,,0,,0,,0,,,SEM_POCO_NO_CONJUNTO_AUDITADO,UNKNOWN_SEM_POCO_PARA_AVALIACAO_LOCAL,UNKNOWN_SEM_POCO_PARA_AVALIACAO_VERTICAL,UNKNOWN_SEM_POCO_PARA_AVALIACAO_HIDRAULICA,UNKNOWN_SEM_POCO_PARA_AVALIACAO_HIDROQUIMICA,UNKNOWN_SEM_POCO_PARA_AVALIACAO_TEMPORAL,UNKNOWN_INDEPENDENCIA_HIDROGEOLOGICA_NAO_DEMONSTRADA,UNKNOWN_SEM_POCO_PARA_AVALIACAO_DOCUMENTAL,INCERTEZA_EXPLICITA_NAO_AGREGADA,UNKNOWN_SEM_POCO_NO_CONJUNTO_AUDITADO,"{""espacial"":""SEM_POCO_NO_CONJUNTO_AUDITADO"",""hidraulica"":""UNKNOWN_SEM_POCO_PARA_AVALIACAO_HIDRAULICA"",""hidroestratigrafica"":""UNKNOWN_SEM_POCO_PARA_AVALIACAO_LOCAL"",""hidroquimica"":""UNKNOWN_SEM_POCO_PARA_AVALIACAO_HIDROQUIMICA"",""incerteza"":""INCERTEZA_EXPLICITA_NAO_AGREGADA"",""independencia"":""UNKNOWN_INDEPENDENCIA_HIDROGEOLOGICA_NAO_DEMONSTRADA"",""qualidade_documental"":""UNKNOWN_SEM_POCO_PARA_AVALIACAO_DOCUMENTAL"",""temporal"":""UNKNOWN_SEM_POCO_PARA_AVALIACAO_TEMPORAL"",""vertical"":""UNKNOWN_SEM_POCO_PARA_AVALIACAO_VERTICAL""}"
SCALE-1000-O00-00205,1000,O00,1000.0000000000462,5,COM_POCO_NO_CONJUNTO_AUDITADO,16.5381298387334,5,Embasamento Indiferenciado,59.584814238098566,3,Fraturada (Fr),71.80831545633501,False,False,0,0.0,0,0.0,4,80.0,1,20.0,4,80.0,1,20.0,1,20.0,0,4,80.0,4,80.0,4,80.0,1,20.0,1,20.0,0,0.0,4,80.0,1,20.0,4,5,3,1,20.0,1,20.0,16.487675996084793,0,0,0.0,0,0.0,2,40.0,2,40.0,2,40.0,0,0.0,3.0,SEM_ALERTA_OBJETIVO_DE_LOCALIZACAO,REVISAO_OU_UNKNOWN_PRESENTE,PARCIAL_SEM_INTERVALO_CAPTADO_DEMONSTRADO,ENSAIO_COM_METADADOS_MINIMOS_PRESENTE,EVIDENCIA_HIDROQUIMICA_PARCIAL_PRESENTE_SEM_QA_COMPLETO,EVIDENCIA_DATADA_PRESENTE_SEM_SERIE,UNKNOWN_INDEPENDENCIA_HIDROGEOLOGICA_NAO_DEMONSTRADA,ALERTAS_DE_REVISAO_PRESENTES,INCERTEZA_EXPLICITA_NAO_AGREGADA,UNKNOWN_HIDROESTRATIGRAFIA_EM_PARTE_DOS_POCOS|UNKNOWN_INDEPENDENCIA_HIDROGEOLOGICA|UNKNOWN_INTERVALO_CAPTADO|UNKNOWN_QA_HIDROQUIMICO_COMPLETO|UNKNOWN_SERIE_TEMPORAL,"{""espacial"":""SEM_ALERTA_OBJETIVO_DE_LOCALIZACAO"",""hidraulica"":""ENSAIO_COM_METADADOS_MINIMOS_PRESENTE"",""hidroestratigrafica"":""REVISAO_OU_UNKNOWN_PRESENTE"",""hidroquimica"":""EVIDENCIA_HIDROQUIMICA_PARCIAL_PRESENTE_SEM_QA_COMPLETO"",""incerteza"":""INCERTEZA_EXPLICITA_NAO_AGREGADA"",""independencia"":""UNKNOWN_INDEPENDENCIA_HIDROGEOLOGICA_NAO_DEMONSTRADA"",""qualidade_documental"":""ALERTAS_DE_REVISAO_PRESENTES"",""temporal"":""EVIDENCIA_DATADA_PRESENTE_SEM_SERIE"",""vertical"":""PARCIAL_SEM_INTERVALO_CAPTADO_DEMONSTRADO""}"
SCALE-1000-O00-00206,1000,O00,1000.0000000000462,11,COM_POCO_NO_CONJUNTO_AUDITADO,13.184134937424723,3,Formação Pantanal,45.316604748974214,3,Granular (Gr),61.26630213824488,False,False,0,0.0,0,0.0,7,63.63636363636363,2,18.181818181818183,7,63.63636363636363,4,36.36363636363637,0,0.0,0,6,54.54545454545455,6,54.54545454545455,6,54.54545454545455,1,9.090909090909092,1,9.090909090909092,0,0.0,3,27.272727272727273,0,0.0,1,1,1,3,27.272727272727273,0,0.0,17.051684839524427,0,0,0.0,0,0.0,4,36.36363636363637,8,72.72727272727273,8,72.72727272727273,0,0.0,2.0,SEM_ALERTA_OBJETIVO_DE_LOCALIZACAO,REVISAO_OU_UNKNOWN_PRESENTE,PARCIAL_SEM_INTERVALO_CAPTADO_DEMONSTRADO,ENSAIO_COM_METADADOS_MINIMOS_PRESENTE,EVIDENCIA_HIDROQUIMICA_PARCIAL_PRESENTE_SEM_QA_COMPLETO,EVIDENCIA_DATADA_PRESENTE_SEM_SERIE,UNKNOWN_INDEPENDENCIA_HIDROGEOLOGICA_NAO_DEMONSTRADA,ALERTAS_DE_REVISAO_PRESENTES,INCERTEZA_EXPLICITA_NAO_AGREGADA,UNKNOWN_HIDROESTRATIGRAFIA_EM_PARTE_DOS_POCOS|UNKNOWN_INDEPENDENCIA_HIDROGEOLOGICA|UNKNOWN_INTERVALO_CAPTADO|UNKNOWN_QA_HIDROQUIMICO_COMPLETO|UNKNOWN_SERIE_TEMPORAL,"{""espacial"":""SEM_ALERTA_OBJETIVO_DE_LOCALIZACAO"",""hidraulica"":""ENSAIO_COM_METADADOS_MINIMOS_PRESENTE"",""hidroestratigrafica"":""REVISAO_OU_UNKNOWN_PRESENTE"",""hidroquimica"":""EVIDENCIA_HIDROQUIMICA_PARCIAL_PRESENTE_SEM_QA_COMPLETO"",""incerteza"":""INCERTEZA_EXPLICITA_NAO_AGREGADA"",""independencia"":""UNKNOWN_INDEPENDENCIA_HIDROGEOLOGICA_NAO_DEMONSTRADA"",""qualidade_documental"":""ALERTAS_DE_REVISAO_PRESENTES"",""temporal"":""EVIDENCIA_DATADA_PRESENTE_SEM_SERIE"",""vertical"":""PARCIAL_SEM_INTERVALO_CAPTADO_DEMONSTRADO""}"
SCALE-1000-O00-00207,1000,O00,1000.0000000000462,2,COM_POCO_NO_CONJUNTO_AUDITADO,18.121742885683144,2,Grupo Cuiaba,58.17587763628835,3,Fraturada (Fr),57.16804734708716,False,False,0,0.0,0,0.0,2,100.0,0,0.0,2,100.0,2,100.0,2,100.0,0,2,100.0,2,100.0,2,100.0,2,100.0,2,100.0,0,0.0,2,100.0,2,100.0,2,4,2,2,100.0,2,100.0,16.795690534370998,0,0,0.0,0,0.0,0,0.0,2,100.0,2,100.0,0,0.0,5.0,SEM_ALERTA_OBJETIVO_DE_LOCALIZACAO,REVISAO_OU_UNKNOWN_PRESENTE,PARCIAL_SEM_INTERVALO_CAPTADO_DEMONSTRADO,ENSAIO_COM_METADADOS_MINIMOS_PRESENTE,EVIDENCIA_HIDROQUIMICA_PARCIAL_PRESENTE_SEM_QA_COMPLETO,EVIDENCIA_DATADA_PRESENTE_SEM_SERIE,UNKNOWN_INDEPENDENCIA_HIDROGEOLOGICA_NAO_DEMONSTRADA,ALERTAS_DE_REVISAO_PRESENTES,INCERTEZA_EXPLICITA_NAO_AGREGADA,UNKNOWN_HIDROESTRATIGRAFIA_EM_PARTE_DOS_POCOS|UNKNOWN_INDEPENDENCIA_HIDROGEOLOGICA|UNKNOWN_INTERVALO_CAPTADO|UNKNOWN_QA_HIDROQUIMICO_COMPLETO|UNKNOWN_SERIE_TEMPORAL,"{""espacial"":""SEM_ALERTA_OBJETIVO_DE_LOCALIZACAO"",""hidraulica"":""ENSAIO_COM_METADADOS_MINIMOS_PRESENTE"",""hidroestratigrafica"":""REVISAO_OU_UNKNOWN_PRESENTE"",""hidroquimica"":""EVIDENCIA_HIDROQUIMICA_PARCIAL_PRESENTE_SEM_QA_COMPLETO"",""incerteza"":""INCERTEZA_EXPLICITA_NAO_AGREGADA"",""independencia"":""UNKNOWN_INDEPENDENCIA_HIDROGEOLOGICA_NAO_DEMONSTRADA"",""qualidade_documental"":""ALERTAS_DE_REVISAO_PRESENTES"",""temporal"":""EVIDENCIA_DATADA_PRESENTE_SEM_SERIE"",""vertical"":""PARCIAL_SEM_INTERVALO_CAPTADO_DEMONSTRADO""}"
SCALE-1000-O00-00208,1000,O00,1000.0000000000462,0,SEM_POCO_NO_CONJUNTO_AUDITADO,32.59620260261801,5,Formação Pantanal,84.10021294354137,2,Granular (Gr),93.44713721647345,False,False,0,,0,,0,,0,,0,,0,,0,,0,0,,0,,0,,0,,0,,0,,0,,0,,0,0,0,0,,0,,,0,0,,0,,0,,0,,0,,0,,,SEM_POCO_NO_CONJUNTO_AUDITADO,UNKNOWN_SEM_POCO_PARA_AVALIACAO_LOCAL,UNKNOWN_SEM_POCO_PARA_AVALIACAO_VERTICAL,UNKNOWN_SEM_POCO_PARA_AVALIACAO_HIDRAULICA,UNKNOWN_SEM_POCO_PARA_AVALIACAO_HIDROQUIMICA,UNKNOWN_SEM_POCO_PARA_AVALIACAO_TEMPORAL,UNKNOWN_INDEPENDENCIA_HIDROGEOLOGICA_NAO_DEMONSTRADA,UNKNOWN_SEM_POCO_PARA_AVALIACAO_DOCUMENTAL,INCERTEZA_EXPLICITA_NAO_AGREGADA,UNKNOWN_SEM_POCO_NO_CONJUNTO_AUDITADO,"{""espacial"":""SEM_POCO_NO_CONJUNTO_AUDITADO"",""hidraulica"":""UNKNOWN_SEM_POCO_PARA_AVALIACAO_HIDRAULICA"",""hidroestratigrafica"":""UNKNOWN_SEM_POCO_PARA_AVALIACAO_LOCAL"",""hidroquimica"":""UNKNOWN_SEM_POCO_PARA_AVALIACAO_HIDROQUIMICA"",""incerteza"":""INCERTEZA_EXPLICITA_NAO_AGREGADA"",""independencia"":""UNKNOWN_INDEPENDENCIA_HIDROGEOLOGICA_NAO_DEMONSTRADA"",""qualidade_documental"":""UNKNOWN_SEM_POCO_PARA_AVALIACAO_DOCUMENTAL"",""temporal"":""UNKNOWN_SEM_POCO_PARA_AVALIACAO_TEMPORAL"",""vertical"":""UNKNOWN_SEM_POCO_PARA_AVALIACAO_VERTICAL""}"
SCALE-1000-O00-00209,1000,O00,1000.0000000000474,3,COM_POCO_NO_CONJUNTO_AUDITADO,18.3186550774088,6,Formação Aquidauana,48.642948342683646,2,Granular (Gr),83.64144404374856,False,False,0,0.0,0,0.0,1,33.333333333333336,1,33.333333333333336,2,66.66666666666667,1,33.333333333333336,0,0.0,0,1,33.333333333333336,1,33.333333333333336,1,33.333333333333336,1,33.333333333333336,1,33.333333333333336,0,0.0,1,33.333333333333336,0,0.0,1,1,1,1,33.333333333333336,0,0.0,42.317090700014376,0,0,0.0,0,0.0,2,66.66666666666667,2,66.66666666666667,2,66.66666666666667,0,0.0,2.0,SEM_ALERTA_OBJETIVO_DE_LOCALIZACAO,REVISAO_OU_UNKNOWN_PRESENTE,PARCIAL_SEM_INTERVALO_CAPTADO_DEMONSTRADO,ENSAIO_COM_METADADOS_MINIMOS_PRESENTE,EVIDENCIA_HIDROQUIMICA_PARCIAL_PRESENTE_SEM_QA_COMPLETO,EVIDENCIA_DATADA_PRESENTE_SEM_SERIE,UNKNOWN_INDEPENDENCIA_HIDROGEOLOGICA_NAO_DEMONSTRADA,ALERTAS_DE_REVISAO_PRESENTES,INCERTEZA_EXPLICITA_NAO_AGREGADA,UNKNOWN_HIDROESTRATIGRAFIA_EM_PARTE_DOS_POCOS|UNKNOWN_INDEPENDENCIA_HIDROGEOLOGICA|UNKNOWN_INTERVALO_CAPTADO|UNKNOWN_QA_HIDROQUIMICO_COMPLETO|UNKNOWN_SERIE_TEMPORAL,"{""espacial"":""SEM_ALERTA_OBJETIVO_DE_LOCALIZACAO"",""hidraulica"":""ENSAIO_COM_METADADOS_MINIMOS_PRESENTE"",""hidroestratigrafica"":""REVISAO_OU_UNKNOWN_PRESENTE"",""hidroquimica"":""EVIDENCIA_HIDROQUIMICA_PARCIAL_PRESENTE_SEM_QA_COMPLETO"",""incerteza"":""INCERTEZA_EXPLICITA_NAO_AGREGADA"",""independencia"":""UNKNOWN_INDEPENDENCIA_HIDROGEOLOGICA_NAO_DEMONSTRADA"",""qualidade_documental"":""ALERTAS_DE_REVISAO_PRESENTES"",""temporal"":""EVIDENCIA_DATADA_PRESENTE_SEM_SERIE"",""vertical"":""PARCIAL_SEM_INTERVALO_CAPTADO_DEMONSTRADO""}"
SCALE-1000-O00-00210,1000,O00,1000.0000000000462,3,COM_POCO_NO_CONJUNTO_AUDITADO,16.57373801769544,3,Formação Aquidauana,52.77597421779929,1,Granular (Gr),100.0,False,False,1,33.333333333333336,1,33.333333333333336,1,33.333333333333336,2,66.66666666666667,3,100.0,1,33.333333333333336,0,0.0,0,2,66.66666666666667,2,66.66666666666667,2,66.66666666666667,0,0.0,0,0.0,0,0.0,2,66.66666666666667,0,0.0,2,2,1,0,0.0,0,0.0,,0,0,0.0,0,0.0,0,0.0,1,33.333333333333336,1,33.333333333333336,0,0.0,3.0,COM_COORDENADA_OU_MUNICIPIO_EM_REVISAO,REVISAO_OU_UNKNOWN_PRESENTE,PARCIAL_SEM_INTERVALO_CAPTADO_DEMONSTRADO,EVIDENCIA_HIDRAULICA_PARCIAL_PRESENTE,EVIDENCIA_HIDROQUIMICA_PARCIAL_PRESENTE_SEM_QA_COMPLETO,UNKNOWN_SEM_EVIDENCIA_DATADA_E_SEM_SERIE,UNKNOWN_INDEPENDENCIA_HIDROGEOLOGICA_NAO_DEMONSTRADA,ALERTAS_DE_REVISAO_PRESENTES,INCERTEZA_EXPLICITA_NAO_AGREGADA,UNKNOWN_EVIDENCIA_DATADA|UNKNOWN_HIDROESTRATIGRAFIA_EM_PARTE_DOS_POCOS|UNKNOWN_INDEPENDENCIA_HIDROGEOLOGICA|UNKNOWN_INTERVALO_CAPTADO|UNKNOWN_QA_HIDROQUIMICO_COMPLETO|UNKNOWN_SERIE_TEMPORAL,"{""espacial"":""COM_COORDENADA_OU_MUNICIPIO_EM_REVISAO"",""hidraulica"":""EVIDENCIA_HIDRAULICA_PARCIAL_PRESENTE"",""hidroestratigrafica"":""REVISAO_OU_UNKNOWN_PRESENTE"",""hidroquimica"":""EVIDENCIA_HIDROQUIMICA_PARCIAL_PRESENTE_SEM_QA_COMPLETO"",""incerteza"":""INCERTEZA_EXPLICITA_NAO_AGREGADA"",""independencia"":""UNKNOWN_INDEPENDENCIA_HIDROGEOLOGICA_NAO_DEMONSTRADA"",""qualidade_documental"":""ALERTAS_DE_REVISAO_PRESENTES"",""temporal"":""UNKNOWN_SEM_EVIDENCIA_DATADA_E_SEM_SERIE"",""vertical"":""PARCIAL_SEM_INTERVALO_CAPTADO_DEMONSTRADO""}"
SCALE-1000-O00-00211,1000,O00,1000.0000000000462,14,COM_POCO_NO_CONJUNTO_AUDITADO,8.43580516037581,2,Formação Botucatu,65.05698906413623,2,Granular (Gr),65.05698906413623,False,False,0,0.0,0,0.0,1,7.142857142857143,0,0.0,13,92.85714285714286,3,21.428571428571427,2,14.285714285714286,0,13,92.85714285714286,11,78.57142857142857,11,78.57142857142857,0,0.0,0,0.0,0,0.0,9,64.28571428571429,0,0.0,8,8,1,4,28.571428571428573,0,0.0,22.468633852851188,0,0,0.0,0,0.0,3,21.428571428571427,5,35.714285714285715,5,35.714285714285715,0,0.0,4.0,SEM_ALERTA_OBJETIVO_DE_LOCALIZACAO,REVISAO_OU_UNKNOWN_PRESENTE,PARCIAL_SEM_INTERVALO_CAPTADO_DEMONSTRADO,EVIDENCIA_HIDRAULICA_PARCIAL_PRESENTE,EVIDENCIA_HIDROQUIMICA_PARCIAL_PRESENTE_SEM_QA_COMPLETO,EVIDENCIA_DATADA_PRESENTE_SEM_SERIE,UNKNOWN_INDEPENDENCIA_HIDROGEOLOGICA_NAO_DEMONSTRADA,ALERTAS_DE_REVISAO_PRESENTES,INCERTEZA_EXPLICITA_NAO_AGREGADA,UNKNOWN_HIDROESTRATIGRAFIA_EM_PARTE_DOS_POCOS|UNKNOWN_INDEPENDENCIA_HIDROGEOLOGICA|UNKNOWN_INTERVALO_CAPTADO|UNKNOWN_QA_HIDROQUIMICO_COMPLETO|UNKNOWN_SERIE_TEMPORAL,"{""espacial"":""SEM_ALERTA_OBJETIVO_DE_LOCALIZACAO"",""hidraulica"":""EVIDENCIA_HIDRAULICA_PARCIAL_PRESENTE"",""hidroestratigrafica"":""REVISAO_OU_UNKNOWN_PRESENTE"",""hidroquimica"":""EVIDENCIA_HIDROQUIMICA_PARCIAL_PRESENTE_SEM_QA_COMPLETO"",""incerteza"":""INCERTEZA_EXPLICITA_NAO_AGREGADA"",""independencia"":""UNKNOWN_INDEPENDENCIA_HIDROGEOLOGICA_NAO_DEMONSTRADA"",""qualidade_documental"":""ALERTAS_DE_REVISAO_PRESENTES"",""temporal"":""EVIDENCIA_DATADA_PRESENTE_SEM_SERIE"",""vertical"":""PARCIAL_SEM_INTERVALO_CAPTADO_DEMONSTRADO""}"
SCALE-1000-O00-00212,1000,O00,1000.0000000000462,11,COM_POCO_NO_CONJUNTO_AUDITADO,7.584676647864802,3,Formação Serra Geral,84.66045668246988,2,Fraturada (Fr),84.6604566824699,False,False,0,0.0,0,0.0,2,18.181818181818183,1,9.090909090909092,10,90.9090909090909,3,27.272727272727273,0,0.0,0,7,63.63636363636363,7,63.63636363636363,7,63.63636363636363,1,9.090909090909092,1,9.090909090909092,0,0.0,6,54.54545454545455,0,0.0,4,4,1,1,9.090909090909092,0,0.0,30.333271730425675,0,0,0.0,0,0.0,0,0.0,5,45.45454545454545,5,45.45454545454545,0,0.0,3.0,SEM_ALERTA_OBJETIVO_DE_LOCALIZACAO,REVISAO_OU_UNKNOWN_PRESENTE,PARCIAL_SEM_INTERVALO_CAPTADO_DEMONSTRADO,ENSAIO_COM_METADADOS_MINIMOS_PRESENTE,EVIDENCIA_HIDROQUIMICA_PARCIAL_PRESENTE_SEM_QA_COMPLETO,EVIDENCIA_DATADA_PRESENTE_SEM_SERIE,UNKNOWN_INDEPENDENCIA_HIDROGEOLOGICA_NAO_DEMONSTRADA,ALERTAS_DE_REVISAO_PRESENTES,INCERTEZA_EXPLICITA_NAO_AGREGADA,UNKNOWN_HIDROESTRATIGRAFIA_EM_PARTE_DOS_POCOS|UNKNOWN_INDEPENDENCIA_HIDROGEOLOGICA|UNKNOWN_INTERVALO_CAPTADO|UNKNOWN_QA_HIDROQUIMICO_COMPLETO|UNKNOWN_SERIE_TEMPORAL,"{""espacial"":""SEM_ALERTA_OBJETIVO_DE_LOCALIZACAO"",""hidraulica"":""ENSAIO_COM_METADADOS_MINIMOS_PRESENTE"",""hidroestratigrafica"":""REVISAO_OU_UNKNOWN_PRESENTE"",""hidroquimica"":""EVIDENCIA_HIDROQUIMICA_PARCIAL_PRESENTE_SEM_QA_COMPLETO"",""incerteza"":""INCERTEZA_EXPLICITA_NAO_AGREGADA"",""independencia"":""UNKNOWN_INDEPENDENCIA_HIDROGEOLOGICA_NAO_DEMONSTRADA"",""qualidade_documental"":""ALERTAS_DE_REVISAO_PRESENTES"",""temporal"":""EVIDENCIA_DATADA_PRESENTE_SEM_SERIE"",""vertical"":""PARCIAL_SEM_INTERVALO_CAPTADO_DEMONSTRADO""}"
SCALE-1000-O00-00213,1000,O00,1000.0000000000466,2,COM_POCO_NO_CONJUNTO_AUDITADO,17.422017539546513,2,Grupo Caiuá,51.66909468072057,2,Granular (Gr),51.66909468072057,False,False,0,0.0,0,0.0,1,50.0,1,50.0,1,50.0,0,0.0,0,0.0,0,1,50.0,1,50.0,1,50.0,0,0.0,0,0.0,0,0.0,1,50.0,0,0.0,0,0,0,0,0.0,0,0.0,,0,0,0.0,0,0.0,0,0.0,1,50.0,1,50.0,0,0.0,1.5,SEM_ALERTA_OBJETIVO_DE_LOCALIZACAO,REVISAO_OU_UNKNOWN_PRESENTE,PARCIAL_SEM_INTERVALO_CAPTADO_DEMONSTRADO,EVIDENCIA_HIDRAULICA_PARCIAL_PRESENTE,EVIDENCIA_HIDROQUIMICA_PARCIAL_PRESENTE_SEM_QA_COMPLETO,UNKNOWN_SEM_EVIDENCIA_DATADA_E_SEM_SERIE,UNKNOWN_INDEPENDENCIA_HIDROGEOLOGICA_NAO_DEMONSTRADA,ALERTAS_DE_REVISAO_PRESENTES,INCERTEZA_EXPLICITA_NAO_AGREGADA,UNKNOWN_EVIDENCIA_DATADA|UNKNOWN_HIDROESTRATIGRAFIA_EM_PARTE_DOS_POCOS|UNKNOWN_INDEPENDENCIA_HIDROGEOLOGICA|UNKNOWN_INTERVALO_CAPTADO|UNKNOWN_QA_HIDROQUIMICO_COMPLETO|UNKNOWN_SERIE_TEMPORAL,"{""espacial"":""SEM_ALERTA_OBJETIVO_DE_LOCALIZACAO"",""hidraulica"":""EVIDENCIA_HIDRAULICA_PARCIAL_PRESENTE"",""hidroestratigrafica"":""REVISAO_OU_UNKNOWN_PRESENTE"",""hidroquimica"":""EVIDENCIA_HIDROQUIMICA_PARCIAL_PRESENTE_SEM_QA_COMPLETO"",""incerteza"":""INCERTEZA_EXPLICITA_NAO_AGREGADA"",""independencia"":""UNKNOWN_INDEPENDENCIA_HIDROGEOLOGICA_NAO_DEMONSTRADA"",""qualidade_documental"":""ALERTAS_DE_REVISAO_PRESENTES"",""temporal"":""UNKNOWN_SEM_EVIDENCIA_DATADA_E_SEM_SERIE"",""vertical"":""PARCIAL_SEM_INTERVALO_CAPTADO_DEMONSTRADO""}"
SCALE-1000-O00-00214,1000,O00,1000.0000000000462,1,COM_POCO_NO_CONJUNTO_AUDITADO,19.280559065045534,2,Grupo Caiuá,79.1628148153662,2,Granular (Gr),79.1628148153662,False,False,0,0.0,0,0.0,0,0.0,1,100.0,1,100.0,0,0.0,0,0.0,0,1,100.0,1,100.0,1,100.0,0,0.0,0,0.0,0,0.0,1,100.0,0,0.0,1,1,1,0,0.0,0,0.0,,0,0,0.0,0,0.0,0,0.0,0,0.0,0,0.0,0,0.0,4.0,SEM_ALERTA_OBJETIVO_DE_LOCALIZACAO,REVISAO_OU_UNKNOWN_PRESENTE,PARCIAL_SEM_INTERVALO_CAPTADO_DEMONSTRADO,EVIDENCIA_HIDRAULICA_PARCIAL_PRESENTE,EVIDENCIA_HIDROQUIMICA_PARCIAL_PRESENTE_SEM_QA_COMPLETO,UNKNOWN_SEM_EVIDENCIA_DATADA_E_SEM_SERIE,UNKNOWN_INDEPENDENCIA_HIDROGEOLOGICA_NAO_DEMONSTRADA,SEM_ALERTA_OBJETIVO_NAS_REGRAS_ATUAIS,INCERTEZA_EXPLICITA_NAO_AGREGADA,UNKNOWN_EVIDENCIA_DATADA|UNKNOWN_INDEPENDENCIA_HIDROGEOLOGICA|UNKNOWN_INTERVALO_CAPTADO|UNKNOWN_QA_HIDROQUIMICO_COMPLETO|UNKNOWN_SERIE_TEMPORAL,"{""espacial"":""SEM_ALERTA_OBJETIVO_DE_LOCALIZACAO"",""hidraulica"":""EVIDENCIA_HIDRAULICA_PARCIAL_PRESENTE"",""hidroestratigrafica"":""REVISAO_OU_UNKNOWN_PRESENTE"",""hidroquimica"":""EVIDENCIA_HIDROQUIMICA_PARCIAL_PRESENTE_SEM_QA_COMPLETO"",""incerteza"":""INCERTEZA_EXPLICITA_NAO_AGREGADA"",""independencia"":""UNKNOWN_INDEPENDENCIA_HIDROGEOLOGICA_NAO_DEMONSTRADA"",""qualidade_documental"":""SEM_ALERTA_OBJETIVO_NAS_REGRAS_ATUAIS"",""temporal"":""UNKNOWN_SEM_EVIDENCIA_DATADA_E_SEM_SERIE"",""vertical"":""PARCIAL_SEM_INTERVALO_CAPTADO_DEMONSTRADO""}"
SCALE-1000-O00-00215,1000,O00,1000.0000000000462,1,COM_POCO_NO_CONJUNTO_AUDITADO,17.65042230011253,2,Grupo Caiuá,72.66778107756663,2,Granular (Gr),72.66778107756663,False,False,0,0.0,0,0.0,0,0.0,1,100.0,1,100.0,0,0.0,0,0.0,0,1,100.0,1,100.0,1,100.0,0,0.0,0,0.0,0,0.0,1,100.0,0,0.0,1,1,1,0,0.0,0,0.0,,0,0,0.0,0,0.0,0,0.0,0,0.0,0,0.0,0,0.0,4.0,SEM_ALERTA_OBJETIVO_DE_LOCALIZACAO,REVISAO_OU_UNKNOWN_PRESENTE,PARCIAL_SEM_INTERVALO_CAPTADO_DEMONSTRADO,EVIDENCIA_HIDRAULICA_PARCIAL_PRESENTE,EVIDENCIA_HIDROQUIMICA_PARCIAL_PRESENTE_SEM_QA_COMPLETO,UNKNOWN_SEM_EVIDENCIA_DATADA_E_SEM_SERIE,UNKNOWN_INDEPENDENCIA_HIDROGEOLOGICA_NAO_DEMONSTRADA,SEM_ALERTA_OBJETIVO_NAS_REGRAS_ATUAIS,INCERTEZA_EXPLICITA_NAO_AGREGADA,UNKNOWN_EVIDENCIA_DATADA|UNKNOWN_INDEPENDENCIA_HIDROGEOLOGICA|UNKNOWN_INTERVALO_CAPTADO|UNKNOWN_QA_HIDROQUIMICO_COMPLETO|UNKNOWN_SERIE_TEMPORAL,"{""espacial"":""SEM_ALERTA_OBJETIVO_DE_LOCALIZACAO"",""hidraulica"":""EVIDENCIA_HIDRAULICA_PARCIAL_PRESENTE"",""hidroestratigrafica"":""REVISAO_OU_UNKNOWN_PRESENTE"",""hidroquimica"":""EVIDENCIA_HIDROQUIMICA_PARCIAL_PRESENTE_SEM_QA_COMPLETO"",""incerteza"":""INCERTEZA_EXPLICITA_NAO_AGREGADA"",""independencia"":""UNKNOWN_INDEPENDENCIA_HIDROGEOLOGICA_NAO_DEMONSTRADA"",""qualidade_documental"":""SEM_ALERTA_OBJETIVO_NAS_REGRAS_ATUAIS"",""temporal"":""UNKNOWN_SEM_EVIDENCIA_DATADA_E_SEM_SERIE"",""vertical"":""PARCIAL_SEM_INTERVALO_CAPTADO_DEMONSTRADO""}"
SCALE-1000-O00-00216,1000,O00,1000.0000000000462,0,SEM_POCO_NO_CONJUNTO_AUDITADO,16.427275118547243,2,Grupo Caiuá,96.49741193581595,2,Granular (Gr),96.49741193581595,False,False,0,,0,,0,,0,,0,,0,,0,,0,0,,0,,0,,0,,0,,0,,0,,0,,0,0,0,0,,0,,,0,0,,0,,0,,0,,0,,0,,,SEM_POCO_NO_CONJUNTO_AUDITADO,UNKNOWN_SEM_POCO_PARA_AVALIACAO_LOCAL,UNKNOWN_SEM_POCO_PARA_AVALIACAO_VERTICAL,UNKNOWN_SEM_POCO_PARA_AVALIACAO_HIDRAULICA,UNKNOWN_SEM_POCO_PARA_AVALIACAO_HIDROQUIMICA,UNKNOWN_SEM_POCO_PARA_AVALIACAO_TEMPORAL,UNKNOWN_INDEPENDENCIA_HIDROGEOLOGICA_NAO_DEMONSTRADA,UNKNOWN_SEM_POCO_PARA_AVALIACAO_DOCUMENTAL,INCERTEZA_EXPLICITA_NAO_AGREGADA,UNKNOWN_SEM_POCO_NO_CONJUNTO_AUDITADO,"{""espacial"":""SEM_POCO_NO_CONJUNTO_AUDITADO"",""hidraulica"":""UNKNOWN_SEM_POCO_PARA_AVALIACAO_HIDRAULICA"",""hidroestratigrafica"":""UNKNOWN_SEM_POCO_PARA_AVALIACAO_LOCAL"",""hidroquimica"":""UNKNOWN_SEM_POCO_PARA_AVALIACAO_HIDROQUIMICA"",""incerteza"":""INCERTEZA_EXPLICITA_NAO_AGREGADA"",""independencia"":""UNKNOWN_INDEPENDENCIA_HIDROGEOLOGICA_NAO_DEMONSTRADA"",""qualidade_documental"":""UNKNOWN_SEM_POCO_PARA_AVALIACAO_DOCUMENTAL"",""temporal"":""UNKNOWN_SEM_POCO_PARA_AVALIACAO_TEMPORAL"",""vertical"":""UNKNOWN_SEM_POCO_PARA_AVALIACAO_VERTICAL""}"
SCALE-1000-O00-00217,1000,O00,1000.0000000000462,1,COM_POCO_NO_CONJUNTO_AUDITADO,18.135884072057785,1,Grupo Caiuá,100.0,1,Granular (Gr),100.0,False,False,0,0.0,0,0.0,0,0.0,1,100.0,1,100.0,0,0.0,0,0.0,0,1,100.0,1,100.0,1,100.0,0,0.0,0,0.0,0,0.0,1,100.0,0,0.0,1,1,1,0,0.0,0,0.0,,0,0,0.0,0,0.0,0,0.0,0,0.0,0,0.0,0,0.0,4.0,SEM_ALERTA_OBJETIVO_DE_LOCALIZACAO,REVISAO_OU_UNKNOWN_PRESENTE,PARCIAL_SEM_INTERVALO_CAPTADO_DEMONSTRADO,EVIDENCIA_HIDRAULICA_PARCIAL_PRESENTE,EVIDENCIA_HIDROQUIMICA_PARCIAL_PRESENTE_SEM_QA_COMPLETO,UNKNOWN_SEM_EVIDENCIA_DATADA_E_SEM_SERIE,UNKNOWN_INDEPENDENCIA_HIDROGEOLOGICA_NAO_DEMONSTRADA,SEM_ALERTA_OBJETIVO_NAS_REGRAS_ATUAIS,INCERTEZA_EXPLICITA_NAO_AGREGADA,UNKNOWN_EVIDENCIA_DATADA|UNKNOWN_INDEPENDENCIA_HIDROGEOLOGICA|UNKNOWN_INTERVALO_CAPTADO|UNKNOWN_QA_HIDROQUIMICO_COMPLETO|UNKNOWN_SERIE_TEMPORAL,"{""espacial"":""SEM_ALERTA_OBJETIVO_DE_LOCALIZACAO"",""hidraulica"":""EVIDENCIA_HIDRAULICA_PARCIAL_PRESENTE"",""hidroestratigrafica"":""REVISAO_OU_UNKNOWN_PRESENTE"",""hidroquimica"":""EVIDENCIA_HIDROQUIMICA_PARCIAL_PRESENTE_SEM_QA_COMPLETO"",""incerteza"":""INCERTEZA_EXPLICITA_NAO_AGREGADA"",""independencia"":""UNKNOWN_INDEPENDENCIA_HIDROGEOLOGICA_NAO_DEMONSTRADA"",""qualidade_documental"":""SEM_ALERTA_OBJETIVO_NAS_REGRAS_ATUAIS"",""temporal"":""UNKNOWN_SEM_EVIDENCIA_DATADA_E_SEM_SERIE"",""vertical"":""PARCIAL_SEM_INTERVALO_CAPTADO_DEMONSTRADO""}"
SCALE-1000-O00-00218,1000,O00,1000.0000000000462,1,COM_POCO_NO_CONJUNTO_AUDITADO,20.81874295521318,1,Grupo Caiuá,100.0,1,Granular (Gr),100.0,False,False,0,0.0,0,0.0,0,0.0,1,100.0,1,100.0,0,0.0,0,0.0,0,1,100.0,1,100.0,0,0.0,0,0.0,0,0.0,0,0.0,1,100.0,0,0.0,1,1,1,0,0.0,0,0.0,,0,0,0.0,0,0.0,0,0.0,0,0.0,0,0.0,0,0.0,3.0,SEM_ALERTA_OBJETIVO_DE_LOCALIZACAO,REVISAO_OU_UNKNOWN_PRESENTE,PARCIAL_SEM_INTERVALO_CAPTADO_DEMONSTRADO,EVIDENCIA_HIDRAULICA_PARCIAL_PRESENTE,EVIDENCIA_HIDROQUIMICA_PARCIAL_PRESENTE_SEM_QA_COMPLETO,UNKNOWN_SEM_EVIDENCIA_DATADA_E_SEM_SERIE,UNKNOWN_INDEPENDENCIA_HIDROGEOLOGICA_NAO_DEMONSTRADA,SEM_ALERTA_OBJETIVO_NAS_REGRAS_ATUAIS,INCERTEZA_EXPLICITA_NAO_AGREGADA,UNKNOWN_EVIDENCIA_DATADA|UNKNOWN_INDEPENDENCIA_HIDROGEOLOGICA|UNKNOWN_INTERVALO_CAPTADO|UNKNOWN_QA_HIDROQUIMICO_COMPLETO|UNKNOWN_SERIE_TEMPORAL,"{""espacial"":""SEM_ALERTA_OBJETIVO_DE_LOCALIZACAO"",""hidraulica"":""EVIDENCIA_HIDRAULICA_PARCIAL_PRESENTE"",""hidroestratigrafica"":""REVISAO_OU_UNKNOWN_PRESENTE"",""hidroquimica"":""EVIDENCIA_HIDROQUIMICA_PARCIAL_PRESENTE_SEM_QA_COMPLETO"",""incerteza"":""INCERTEZA_EXPLICITA_NAO_AGREGADA"",""independencia"":""UNKNOWN_INDEPENDENCIA_HIDROGEOLOGICA_NAO_DEMONSTRADA"",""qualidade_documental"":""SEM_ALERTA_OBJETIVO_NAS_REGRAS_ATUAIS"",""temporal"":""UNKNOWN_SEM_EVIDENCIA_DATADA_E_SEM_SERIE"",""vertical"":""PARCIAL_SEM_INTERVALO_CAPTADO_DEMONSTRADO""}"
SCALE-1000-O00-00219,1000,O00,1000.0000000000462,0,SEM_POCO_NO_CONJUNTO_AUDITADO,27.27366014370461,2,Grupo Caiuá,93.83171561612278,2,Granular (Gr),93.83171561612278,False,False,0,,0,,0,,0,,0,,0,,0,,0,0,,0,,0,,0,,0,,0,,0,,0,,0,0,0,0,,0,,,0,0,,0,,0,,0,,0,,0,,,SEM_POCO_NO_CONJUNTO_AUDITADO,UNKNOWN_SEM_POCO_PARA_AVALIACAO_LOCAL,UNKNOWN_SEM_POCO_PARA_AVALIACAO_VERTICAL,UNKNOWN_SEM_POCO_PARA_AVALIACAO_HIDRAULICA,UNKNOWN_SEM_POCO_PARA_AVALIACAO_HIDROQUIMICA,UNKNOWN_SEM_POCO_PARA_AVALIACAO_TEMPORAL,UNKNOWN_INDEPENDENCIA_HIDROGEOLOGICA_NAO_DEMONSTRADA,UNKNOWN_SEM_POCO_PARA_AVALIACAO_DOCUMENTAL,INCERTEZA_EXPLICITA_NAO_AGREGADA,UNKNOWN_SEM_POCO_NO_CONJUNTO_AUDITADO,"{""espacial"":""SEM_POCO_NO_CONJUNTO_AUDITADO"",""hidraulica"":""UNKNOWN_SEM_POCO_PARA_AVALIACAO_HIDRAULICA"",""hidroestratigrafica"":""UNKNOWN_SEM_POCO_PARA_AVALIACAO_LOCAL"",""hidroquimica"":""UNKNOWN_SEM_POCO_PARA_AVALIACAO_HIDROQUIMICA"",""incerteza"":""INCERTEZA_EXPLICITA_NAO_AGREGADA"",""independencia"":""UNKNOWN_INDEPENDENCIA_HIDROGEOLOGICA_NAO_DEMONSTRADA"",""qualidade_documental"":""UNKNOWN_SEM_POCO_PARA_AVALIACAO_DOCUMENTAL"",""temporal"":""UNKNOWN_SEM_POCO_PARA_AVALIACAO_TEMPORAL"",""vertical"":""UNKNOWN_SEM_POCO_PARA_AVALIACAO_VERTICAL""}"
SCALE-1000-O00-00220,1000,O00,1000.0000000000462,0,SEM_POCO_NO_CONJUNTO_AUDITADO,34.6035369198366,2,Grupo Caiuá,60.999295359433,1,Granular (Gr),100.0,False,False,0,,0,,0,,0,,0,,0,,0,,0,0,,0,,0,,0,,0,,0,,0,,0,,0,0,0,0,,0,,,0,0,,0,,0,,0,,0,,0,,,SEM_POCO_NO_CONJUNTO_AUDITADO,UNKNOWN_SEM_POCO_PARA_AVALIACAO_LOCAL,UNKNOWN_SEM_POCO_PARA_AVALIACAO_VERTICAL,UNKNOWN_SEM_POCO_PARA_AVALIACAO_HIDRAULICA,UNKNOWN_SEM_POCO_PARA_AVALIACAO_HIDROQUIMICA,UNKNOWN_SEM_POCO_PARA_AVALIACAO_TEMPORAL,UNKNOWN_INDEPENDENCIA_HIDROGEOLOGICA_NAO_DEMONSTRADA,UNKNOWN_SEM_POCO_PARA_AVALIACAO_DOCUMENTAL,INCERTEZA_EXPLICITA_NAO_AGREGADA,UNKNOWN_SEM_POCO_NO_CONJUNTO_AUDITADO,"{""espacial"":""SEM_POCO_NO_CONJUNTO_AUDITADO"",""hidraulica"":""UNKNOWN_SEM_POCO_PARA_AVALIACAO_HIDRAULICA"",""hidroestratigrafica"":""UNKNOWN_SEM_POCO_PARA_AVALIACAO_LOCAL"",""hidroquimica"":""UNKNOWN_SEM_POCO_PARA_AVALIACAO_HIDROQUIMICA"",""incerteza"":""INCERTEZA_EXPLICITA_NAO_AGREGADA"",""independencia"":""UNKNOWN_INDEPENDENCIA_HIDROGEOLOGICA_NAO_DEMONSTRADA"",""qualidade_documental"":""UNKNOWN_SEM_POCO_PARA_AVALIACAO_DOCUMENTAL"",""temporal"":""UNKNOWN_SEM_POCO_PARA_AVALIACAO_TEMPORAL"",""vertical"":""UNKNOWN_SEM_POCO_PARA_AVALIACAO_VERTICAL""}"
SCALE-1000-O00-00221,1000,O00,1000.0000000000462,3,COM_POCO_NO_CONJUNTO_AUDITADO,16.903541665365474,2,Grupo Caiuá,75.29189911208377,1,Granular (Gr),100.0,False,False,0,0.0,0,0.0,2,66.66666666666667,1,33.333333333333336,2,66.66666666666667,1,33.333333333333336,0,0.0,0,1,33.333333333333336,1,33.333333333333336,1,33.333333333333336,0,0.0,0,0.0,0,0.0,2,66.66666666666667,1,33.333333333333336,2,4,4,1,33.333333333333336,0,0.0,18.02090391999836,0,0,0.0,0,0.0,0,0.0,2,66.66666666666667,2,66.66666666666667,0,0.0,2.0,SEM_ALERTA_OBJETIVO_DE_LOCALIZACAO,REVISAO_OU_UNKNOWN_PRESENTE,PARCIAL_SEM_INTERVALO_CAPTADO_DEMONSTRADO,EVIDENCIA_HIDRAULICA_PARCIAL_PRESENTE,EVIDENCIA_HIDROQUIMICA_PARCIAL_PRESENTE_SEM_QA_COMPLETO,EVIDENCIA_DATADA_PRESENTE_SEM_SERIE,UNKNOWN_INDEPENDENCIA_HIDROGEOLOGICA_NAO_DEMONSTRADA,ALERTAS_DE_REVISAO_PRESENTES,INCERTEZA_EXPLICITA_NAO_AGREGADA,UNKNOWN_HIDROESTRATIGRAFIA_EM_PARTE_DOS_POCOS|UNKNOWN_INDEPENDENCIA_HIDROGEOLOGICA|UNKNOWN_INTERVALO_CAPTADO|UNKNOWN_QA_HIDROQUIMICO_COMPLETO|UNKNOWN_SERIE_TEMPORAL,"{""espacial"":""SEM_ALERTA_OBJETIVO_DE_LOCALIZACAO"",""hidraulica"":""EVIDENCIA_HIDRAULICA_PARCIAL_PRESENTE"",""hidroestratigrafica"":""REVISAO_OU_UNKNOWN_PRESENTE"",""hidroquimica"":""EVIDENCIA_HIDROQUIMICA_PARCIAL_PRESENTE_SEM_QA_COMPLETO"",""incerteza"":""INCERTEZA_EXPLICITA_NAO_AGREGADA"",""independencia"":""UNKNOWN_INDEPENDENCIA_HIDROGEOLOGICA_NAO_DEMONSTRADA"",""qualidade_documental"":""ALERTAS_DE_REVISAO_PRESENTES"",""temporal"":""EVIDENCIA_DATADA_PRESENTE_SEM_SERIE"",""vertical"":""PARCIAL_SEM_INTERVALO_CAPTADO_DEMONSTRADO""}"
SCALE-1000-O00-00222,1000,O00,1000.0000000000462,8,COM_POCO_NO_CONJUNTO_AUDITADO,15.992430155083548,2,Grupo Caiuá,78.129786764844,1,Granular (Gr),100.0,False,False,0,0.0,0,0.0,0,0.0,5,62.5,8,100.0,2,25.0,0,0.0,0,8,100.0,8,100.0,8,100.0,1,12.5,1,12.5,0,0.0,8,100.0,2,25.0,9,11,4,2,25.0,2,25.0,10.167217670451823,0,0,0.0,0,0.0,6,75.0,2,25.0,2,25.0,0,0.0,4.0,SEM_ALERTA_OBJETIVO_DE_LOCALIZACAO,REVISAO_OU_UNKNOWN_PRESENTE,PARCIAL_SEM_INTERVALO_CAPTADO_DEMONSTRADO,ENSAIO_COM_METADADOS_MINIMOS_PRESENTE,EVIDENCIA_HIDROQUIMICA_PARCIAL_PRESENTE_SEM_QA_COMPLETO,EVIDENCIA_DATADA_PRESENTE_SEM_SERIE,UNKNOWN_INDEPENDENCIA_HIDROGEOLOGICA_NAO_DEMONSTRADA,ALERTAS_DE_REVISAO_PRESENTES,INCERTEZA_EXPLICITA_NAO_AGREGADA,UNKNOWN_INDEPENDENCIA_HIDROGEOLOGICA|UNKNOWN_INTERVALO_CAPTADO|UNKNOWN_QA_HIDROQUIMICO_COMPLETO|UNKNOWN_SERIE_TEMPORAL,"{""espacial"":""SEM_ALERTA_OBJETIVO_DE_LOCALIZACAO"",""hidraulica"":""ENSAIO_COM_METADADOS_MINIMOS_PRESENTE"",""hidroestratigrafica"":""REVISAO_OU_UNKNOWN_PRESENTE"",""hidroquimica"":""EVIDENCIA_HIDROQUIMICA_PARCIAL_PRESENTE_SEM_QA_COMPLETO"",""incerteza"":""INCERTEZA_EXPLICITA_NAO_AGREGADA"",""independencia"":""UNKNOWN_INDEPENDENCIA_HIDROGEOLOGICA_NAO_DEMONSTRADA"",""qualidade_documental"":""ALERTAS_DE_REVISAO_PRESENTES"",""temporal"":""EVIDENCIA_DATADA_PRESENTE_SEM_SERIE"",""vertical"":""PARCIAL_SEM_INTERVALO_CAPTADO_DEMONSTRADO""}"
SCALE-1000-O00-00223,1000,O00,242.41057506617918,35,COM_POCO_NO_CONJUNTO_AUDITADO,4.069022517942259,3,Grupo Caiuá,81.78957774530816,2,Granular (Gr),82.99320522440826,False,False,0,0.0,0,0.0,10,28.571428571428573,19,54.285714285714285,35,100.0,12,34.285714285714285,5,14.285714285714286,0,31,88.57142857142857,30,85.71428571428571,30,85.71428571428571,10,28.571428571428573,10,28.571428571428573,1,2.857142857142857,24,68.57142857142857,6,17.142857142857142,23,27,4,13,37.142857142857146,5,14.285714285714286,42.850982566377134,0,0,0.0,0,0.0,29,82.85714285714286,13,37.142857142857146,13,37.142857142857146,0,0.0,4.0,SEM_ALERTA_OBJETIVO_DE_LOCALIZACAO,REVISAO_OU_UNKNOWN_PRESENTE,PARCIAL_SEM_INTERVALO_CAPTADO_DEMONSTRADO,TRANSMISSIVIDADE_INFORMADA_NAO_VALIDADA_PRESENTE,EVIDENCIA_HIDROQUIMICA_PARCIAL_PRESENTE_SEM_QA_COMPLETO,EVIDENCIA_DATADA_PRESENTE_SEM_SERIE,UNKNOWN_INDEPENDENCIA_HIDROGEOLOGICA_NAO_DEMONSTRADA,ALERTAS_DE_REVISAO_PRESENTES,INCERTEZA_EXPLICITA_NAO_AGREGADA,UNKNOWN_HIDROESTRATIGRAFIA_EM_PARTE_DOS_POCOS|UNKNOWN_INDEPENDENCIA_HIDROGEOLOGICA|UNKNOWN_INTERVALO_CAPTADO|UNKNOWN_QA_HIDROQUIMICO_COMPLETO|UNKNOWN_SERIE_TEMPORAL,"{""espacial"":""SEM_ALERTA_OBJETIVO_DE_LOCALIZACAO"",""hidraulica"":""TRANSMISSIVIDADE_INFORMADA_NAO_VALIDADA_PRESENTE"",""hidroestratigrafica"":""REVISAO_OU_UNKNOWN_PRESENTE"",""hidroquimica"":""EVIDENCIA_HIDROQUIMICA_PARCIAL_PRESENTE_SEM_QA_COMPLETO"",""incerteza"":""INCERTEZA_EXPLICITA_NAO_AGREGADA"",""independencia"":""UNKNOWN_INDEPENDENCIA_HIDROGEOLOGICA_NAO_DEMONSTRADA"",""qualidade_documental"":""ALERTAS_DE_REVISAO_PRESENTES"",""temporal"":""EVIDENCIA_DATADA_PRESENTE_SEM_SERIE"",""vertical"":""PARCIAL_SEM_INTERVALO_CAPTADO_DEMONSTRADO""}"
SCALE-1000-O00-00224,1000,O00,5.181756305886222,0,SEM_POCO_NO_CONJUNTO_AUDITADO,,1,Formação Pantanal,100.0,1,Granular (Gr),100.0,False,False,0,,0,,0,,0,,0,,0,,0,,0,0,,0,,0,,0,,0,,0,,0,,0,,0,0,0,0,,0,,,0,0,,0,,0,,0,,0,,0,,,SEM_POCO_NO_CONJUNTO_AUDITADO,UNKNOWN_SEM_POCO_PARA_AVALIACAO_LOCAL,UNKNOWN_SEM_POCO_PARA_AVALIACAO_VERTICAL,UNKNOWN_SEM_POCO_PARA_AVALIACAO_HIDRAULICA,UNKNOWN_SEM_POCO_PARA_AVALIACAO_HIDROQUIMICA,UNKNOWN_SEM_POCO_PARA_AVALIACAO_TEMPORAL,UNKNOWN_INDEPENDENCIA_HIDROGEOLOGICA_NAO_DEMONSTRADA,UNKNOWN_SEM_POCO_PARA_AVALIACAO_DOCUMENTAL,INCERTEZA_EXPLICITA_NAO_AGREGADA,UNKNOWN_SEM_POCO_NO_CONJUNTO_AUDITADO,"{""espacial"":""SEM_POCO_NO_CONJUNTO_AUDITADO"",""hidraulica"":""UNKNOWN_SEM_POCO_PARA_AVALIACAO_HIDRAULICA"",""hidroestratigrafica"":""UNKNOWN_SEM_POCO_PARA_AVALIACAO_LOCAL"",""hidroquimica"":""UNKNOWN_SEM_POCO_PARA_AVALIACAO_HIDROQUIMICA"",""incerteza"":""INCERTEZA_EXPLICITA_NAO_AGREGADA"",""independencia"":""UNKNOWN_INDEPENDENCIA_HIDROGEOLOGICA_NAO_DEMONSTRADA"",""qualidade_documental"":""UNKNOWN_SEM_POCO_PARA_AVALIACAO_DOCUMENTAL"",""temporal"":""UNKNOWN_SEM_POCO_PARA_AVALIACAO_TEMPORAL"",""vertical"":""UNKNOWN_SEM_POCO_PARA_AVALIACAO_VERTICAL""}"
SCALE-1000-O00-00225,1000,O00,664.1985420900731,0,SEM_POCO_NO_CONJUNTO_AUDITADO,24.749861726506342,2,Formação Pantanal,98.99747563526564,2,Granular (Gr),98.99747563526564,False,False,0,,0,,0,,0,,0,,0,,0,,0,0,,0,,0,,0,,0,,0,,0,,0,,0,0,0,0,,0,,,0,0,,0,,0,,0,,0,,0,,,SEM_POCO_NO_CONJUNTO_AUDITADO,UNKNOWN_SEM_POCO_PARA_AVALIACAO_LOCAL,UNKNOWN_SEM_POCO_PARA_AVALIACAO_VERTICAL,UNKNOWN_SEM_POCO_PARA_AVALIACAO_HIDRAULICA,UNKNOWN_SEM_POCO_PARA_AVALIACAO_HIDROQUIMICA,UNKNOWN_SEM_POCO_PARA_AVALIACAO_TEMPORAL,UNKNOWN_INDEPENDENCIA_HIDROGEOLOGICA_NAO_DEMONSTRADA,UNKNOWN_SEM_POCO_PARA_AVALIACAO_DOCUMENTAL,INCERTEZA_EXPLICITA_NAO_AGREGADA,UNKNOWN_SEM_POCO_NO_CONJUNTO_AUDITADO,"{""espacial"":""SEM_POCO_NO_CONJUNTO_AUDITADO"",""hidraulica"":""UNKNOWN_SEM_POCO_PARA_AVALIACAO_HIDRAULICA"",""hidroestratigrafica"":""UNKNOWN_SEM_POCO_PARA_AVALIACAO_LOCAL"",""hidroquimica"":""UNKNOWN_SEM_POCO_PARA_AVALIACAO_HIDROQUIMICA"",""incerteza"":""INCERTEZA_EXPLICITA_NAO_AGREGADA"",""independencia"":""UNKNOWN_INDEPENDENCIA_HIDROGEOLOGICA_NAO_DEMONSTRADA"",""qualidade_documental"":""UNKNOWN_SEM_POCO_PARA_AVALIACAO_DOCUMENTAL"",""temporal"":""UNKNOWN_SEM_POCO_PARA_AVALIACAO_TEMPORAL"",""vertical"":""UNKNOWN_SEM_POCO_PARA_AVALIACAO_VERTICAL""}"
SCALE-1000-O00-00226,1000,O00,1000.0000000000462,0,SEM_POCO_NO_CONJUNTO_AUDITADO,38.97921540421884,3,Formação Pantanal,78.43063410001578,2,Granular (Gr),99.27287491901612,False,False,0,,0,,0,,0,,0,,0,,0,,0,0,,0,,0,,0,,0,,0,,0,,0,,0,0,0,0,,0,,,0,0,,0,,0,,0,,0,,0,,,SEM_POCO_NO_CONJUNTO_AUDITADO,UNKNOWN_SEM_POCO_PARA_AVALIACAO_LOCAL,UNKNOWN_SEM_POCO_PARA_AVALIACAO_VERTICAL,UNKNOWN_SEM_POCO_PARA_AVALIACAO_HIDRAULICA,UNKNOWN_SEM_POCO_PARA_AVALIACAO_HIDROQUIMICA,UNKNOWN_SEM_POCO_PARA_AVALIACAO_TEMPORAL,UNKNOWN_INDEPENDENCIA_HIDROGEOLOGICA_NAO_DEMONSTRADA,UNKNOWN_SEM_POCO_PARA_AVALIACAO_DOCUMENTAL,INCERTEZA_EXPLICITA_NAO_AGREGADA,UNKNOWN_SEM_POCO_NO_CONJUNTO_AUDITADO,"{""espacial"":""SEM_POCO_NO_CONJUNTO_AUDITADO"",""hidraulica"":""UNKNOWN_SEM_POCO_PARA_AVALIACAO_HIDRAULICA"",""hidroestratigrafica"":""UNKNOWN_SEM_POCO_PARA_AVALIACAO_LOCAL"",""hidroquimica"":""UNKNOWN_SEM_POCO_PARA_AVALIACAO_HIDROQUIMICA"",""incerteza"":""INCERTEZA_EXPLICITA_NAO_AGREGADA"",""independencia"":""UNKNOWN_INDEPENDENCIA_HIDROGEOLOGICA_NAO_DEMONSTRADA"",""qualidade_documental"":""UNKNOWN_SEM_POCO_PARA_AVALIACAO_DOCUMENTAL"",""temporal"":""UNKNOWN_SEM_POCO_PARA_AVALIACAO_TEMPORAL"",""vertical"":""UNKNOWN_SEM_POCO_PARA_AVALIACAO_VERTICAL""}"
SCALE-1000-O00-00227,1000,O00,1000.0000000000462,0,SEM_POCO_NO_CONJUNTO_AUDITADO,43.12945309059977,3,Formação Pantanal,75.59315044208475,3,Granular (Gr),75.59315044208475,False,False,0,,0,,0,,0,,0,,0,,0,,0,0,,0,,0,,0,,0,,0,,0,,0,,0,0,0,0,,0,,,0,0,,0,,0,,0,,0,,0,,,SEM_POCO_NO_CONJUNTO_AUDITADO,UNKNOWN_SEM_POCO_PARA_AVALIACAO_LOCAL,UNKNOWN_SEM_POCO_PARA_AVALIACAO_VERTICAL,UNKNOWN_SEM_POCO_PARA_AVALIACAO_HIDRAULICA,UNKNOWN_SEM_POCO_PARA_AVALIACAO_HIDROQUIMICA,UNKNOWN_SEM_POCO_PARA_AVALIACAO_TEMPORAL,UNKNOWN_INDEPENDENCIA_HIDROGEOLOGICA_NAO_DEMONSTRADA,UNKNOWN_SEM_POCO_PARA_AVALIACAO_DOCUMENTAL,INCERTEZA_EXPLICITA_NAO_AGREGADA,UNKNOWN_SEM_POCO_NO_CONJUNTO_AUDITADO,"{""espacial"":""SEM_POCO_NO_CONJUNTO_AUDITADO"",""hidraulica"":""UNKNOWN_SEM_POCO_PARA_AVALIACAO_HIDRAULICA"",""hidroestratigrafica"":""UNKNOWN_SEM_POCO_PARA_AVALIACAO_LOCAL"",""hidroquimica"":""UNKNOWN_SEM_POCO_PARA_AVALIACAO_HIDROQUIMICA"",""incerteza"":""INCERTEZA_EXPLICITA_NAO_AGREGADA"",""independencia"":""UNKNOWN_INDEPENDENCIA_HIDROGEOLOGICA_NAO_DEMONSTRADA"",""qualidade_documental"":""UNKNOWN_SEM_POCO_PARA_AVALIACAO_DOCUMENTAL"",""temporal"":""UNKNOWN_SEM_POCO_PARA_AVALIACAO_TEMPORAL"",""vertical"":""UNKNOWN_SEM_POCO_PARA_AVALIACAO_VERTICAL""}"
SCALE-1000-O00-00228,1000,O00,1000.0000000000462,0,SEM_POCO_NO_CONJUNTO_AUDITADO,30.094812820445647,5,Embasamento Indiferenciado,70.50994776583848,3,Fraturada (Fr),70.50994776583848,False,False,0,,0,,0,,0,,0,,0,,0,,0,0,,0,,0,,0,,0,,0,,0,,0,,0,0,0,0,,0,,,0,0,,0,,0,,0,,0,,0,,,SEM_POCO_NO_CONJUNTO_AUDITADO,UNKNOWN_SEM_POCO_PARA_AVALIACAO_LOCAL,UNKNOWN_SEM_POCO_PARA_AVALIACAO_VERTICAL,UNKNOWN_SEM_POCO_PARA_AVALIACAO_HIDRAULICA,UNKNOWN_SEM_POCO_PARA_AVALIACAO_HIDROQUIMICA,UNKNOWN_SEM_POCO_PARA_AVALIACAO_TEMPORAL,UNKNOWN_INDEPENDENCIA_HIDROGEOLOGICA_NAO_DEMONSTRADA,UNKNOWN_SEM_POCO_PARA_AVALIACAO_DOCUMENTAL,INCERTEZA_EXPLICITA_NAO_AGREGADA,UNKNOWN_SEM_POCO_NO_CONJUNTO_AUDITADO,"{""espacial"":""SEM_POCO_NO_CONJUNTO_AUDITADO"",""hidraulica"":""UNKNOWN_SEM_POCO_PARA_AVALIACAO_HIDRAULICA"",""hidroestratigrafica"":""UNKNOWN_SEM_POCO_PARA_AVALIACAO_LOCAL"",""hidroquimica"":""UNKNOWN_SEM_POCO_PARA_AVALIACAO_HIDROQUIMICA"",""incerteza"":""INCERTEZA_EXPLICITA_NAO_AGREGADA"",""independencia"":""UNKNOWN_INDEPENDENCIA_HIDROGEOLOGICA_NAO_DEMONSTRADA"",""qualidade_documental"":""UNKNOWN_SEM_POCO_PARA_AVALIACAO_DOCUMENTAL"",""temporal"":""UNKNOWN_SEM_POCO_PARA_AVALIACAO_TEMPORAL"",""vertical"":""UNKNOWN_SEM_POCO_PARA_AVALIACAO_VERTICAL""}"
SCALE-1000-O00-00229,1000,O00,1000.0000000000462,1,COM_POCO_NO_CONJUNTO_AUDITADO,20.609443657140368,3,Formação Pantanal,90.41303330466204,2,Granular (Gr),95.67430717480315,False,False,0,0.0,0,0.0,1,100.0,0,0.0,1,100.0,1,100.0,1,100.0,0,1,100.0,1,100.0,1,100.0,1,100.0,1,100.0,0,0.0,1,100.0,1,100.0,1,2,2,1,100.0,1,100.0,16.65742623051808,0,0,0.0,0,0.0,0,0.0,1,100.0,1,100.0,0,0.0,5.0,SEM_ALERTA_OBJETIVO_DE_LOCALIZACAO,REVISAO_OU_UNKNOWN_PRESENTE,PARCIAL_SEM_INTERVALO_CAPTADO_DEMONSTRADO,ENSAIO_COM_METADADOS_MINIMOS_PRESENTE,EVIDENCIA_HIDROQUIMICA_PARCIAL_PRESENTE_SEM_QA_COMPLETO,EVIDENCIA_DATADA_PRESENTE_SEM_SERIE,UNKNOWN_INDEPENDENCIA_HIDROGEOLOGICA_NAO_DEMONSTRADA,ALERTAS_DE_REVISAO_PRESENTES,INCERTEZA_EXPLICITA_NAO_AGREGADA,UNKNOWN_HIDROESTRATIGRAFIA_EM_PARTE_DOS_POCOS|UNKNOWN_INDEPENDENCIA_HIDROGEOLOGICA|UNKNOWN_INTERVALO_CAPTADO|UNKNOWN_QA_HIDROQUIMICO_COMPLETO|UNKNOWN_SERIE_TEMPORAL,"{""espacial"":""SEM_ALERTA_OBJETIVO_DE_LOCALIZACAO"",""hidraulica"":""ENSAIO_COM_METADADOS_MINIMOS_PRESENTE"",""hidroestratigrafica"":""REVISAO_OU_UNKNOWN_PRESENTE"",""hidroquimica"":""EVIDENCIA_HIDROQUIMICA_PARCIAL_PRESENTE_SEM_QA_COMPLETO"",""incerteza"":""INCERTEZA_EXPLICITA_NAO_AGREGADA"",""independencia"":""UNKNOWN_INDEPENDENCIA_HIDROGEOLOGICA_NAO_DEMONSTRADA"",""qualidade_documental"":""ALERTAS_DE_REVISAO_PRESENTES"",""temporal"":""EVIDENCIA_DATADA_PRESENTE_SEM_SERIE"",""vertical"":""PARCIAL_SEM_INTERVALO_CAPTADO_DEMONSTRADO""}"
SCALE-1000-O00-00230,1000,O00,1000.0000000000462,11,COM_POCO_NO_CONJUNTO_AUDITADO,20.641687132060024,3,Formação Pantanal,65.22263271742783,2,Granular (Gr),70.10444006506275,False,False,0,0.0,0,0.0,8,72.72727272727273,1,9.090909090909092,11,100.0,5,45.45454545454545,1,9.090909090909092,0,11,100.0,11,100.0,8,72.72727272727273,2,18.181818181818183,2,18.181818181818183,0,0.0,7,63.63636363636363,4,36.36363636363637,7,11,3,8,72.72727272727273,4,36.36363636363637,16.93395483822392,0,0,0.0,0,0.0,4,36.36363636363637,8,72.72727272727273,8,72.72727272727273,0,0.0,3.0,SEM_ALERTA_OBJETIVO_DE_LOCALIZACAO,REVISAO_OU_UNKNOWN_PRESENTE,PARCIAL_SEM_INTERVALO_CAPTADO_DEMONSTRADO,ENSAIO_COM_METADADOS_MINIMOS_PRESENTE,EVIDENCIA_HIDROQUIMICA_PARCIAL_PRESENTE_SEM_QA_COMPLETO,EVIDENCIA_DATADA_PRESENTE_SEM_SERIE,UNKNOWN_INDEPENDENCIA_HIDROGEOLOGICA_NAO_DEMONSTRADA,ALERTAS_DE_REVISAO_PRESENTES,INCERTEZA_EXPLICITA_NAO_AGREGADA,UNKNOWN_HIDROESTRATIGRAFIA_EM_PARTE_DOS_POCOS|UNKNOWN_INDEPENDENCIA_HIDROGEOLOGICA|UNKNOWN_INTERVALO_CAPTADO|UNKNOWN_QA_HIDROQUIMICO_COMPLETO|UNKNOWN_SERIE_TEMPORAL,"{""espacial"":""SEM_ALERTA_OBJETIVO_DE_LOCALIZACAO"",""hidraulica"":""ENSAIO_COM_METADADOS_MINIMOS_PRESENTE"",""hidroestratigrafica"":""REVISAO_OU_UNKNOWN_PRESENTE"",""hidroquimica"":""EVIDENCIA_HIDROQUIMICA_PARCIAL_PRESENTE_SEM_QA_COMPLETO"",""incerteza"":""INCERTEZA_EXPLICITA_NAO_AGREGADA"",""independencia"":""UNKNOWN_INDEPENDENCIA_HIDROGEOLOGICA_NAO_DEMONSTRADA"",""qualidade_documental"":""ALERTAS_DE_REVISAO_PRESENTES"",""temporal"":""EVIDENCIA_DATADA_PRESENTE_SEM_SERIE"",""vertical"":""PARCIAL_SEM_INTERVALO_CAPTADO_DEMONSTRADO""}"
SCALE-1000-O00-00231,1000,O00,1000.0000000000462,0,SEM_POCO_NO_CONJUNTO_AUDITADO,43.69728766686534,2,Formação Pantanal,94.23604715249837,1,Granular (Gr),100.0,False,False,0,,0,,0,,0,,0,,0,,0,,0,0,,0,,0,,0,,0,,0,,0,,0,,0,0,0,0,,0,,,0,0,,0,,0,,0,,0,,0,,,SEM_POCO_NO_CONJUNTO_AUDITADO,UNKNOWN_SEM_POCO_PARA_AVALIACAO_LOCAL,UNKNOWN_SEM_POCO_PARA_AVALIACAO_VERTICAL,UNKNOWN_SEM_POCO_PARA_AVALIACAO_HIDRAULICA,UNKNOWN_SEM_POCO_PARA_AVALIACAO_HIDROQUIMICA,UNKNOWN_SEM_POCO_PARA_AVALIACAO_TEMPORAL,UNKNOWN_INDEPENDENCIA_HIDROGEOLOGICA_NAO_DEMONSTRADA,UNKNOWN_SEM_POCO_PARA_AVALIACAO_DOCUMENTAL,INCERTEZA_EXPLICITA_NAO_AGREGADA,UNKNOWN_SEM_POCO_NO_CONJUNTO_AUDITADO,"{""espacial"":""SEM_POCO_NO_CONJUNTO_AUDITADO"",""hidraulica"":""UNKNOWN_SEM_POCO_PARA_AVALIACAO_HIDRAULICA"",""hidroestratigrafica"":""UNKNOWN_SEM_POCO_PARA_AVALIACAO_LOCAL"",""hidroquimica"":""UNKNOWN_SEM_POCO_PARA_AVALIACAO_HIDROQUIMICA"",""incerteza"":""INCERTEZA_EXPLICITA_NAO_AGREGADA"",""independencia"":""UNKNOWN_INDEPENDENCIA_HIDROGEOLOGICA_NAO_DEMONSTRADA"",""qualidade_documental"":""UNKNOWN_SEM_POCO_PARA_AVALIACAO_DOCUMENTAL"",""temporal"":""UNKNOWN_SEM_POCO_PARA_AVALIACAO_TEMPORAL"",""vertical"":""UNKNOWN_SEM_POCO_PARA_AVALIACAO_VERTICAL""}"
SCALE-1000-O00-00232,1000,O00,1000.0000000000492,0,SEM_POCO_NO_CONJUNTO_AUDITADO,50.07358294486427,3,Formação Pantanal,95.01673574500299,2,Granular (Gr),99.51365649257494,False,False,0,,0,,0,,0,,0,,0,,0,,0,0,,0,,0,,0,,0,,0,,0,,0,,0,0,0,0,,0,,,0,0,,0,,0,,0,,0,,0,,,SEM_POCO_NO_CONJUNTO_AUDITADO,UNKNOWN_SEM_POCO_PARA_AVALIACAO_LOCAL,UNKNOWN_SEM_POCO_PARA_AVALIACAO_VERTICAL,UNKNOWN_SEM_POCO_PARA_AVALIACAO_HIDRAULICA,UNKNOWN_SEM_POCO_PARA_AVALIACAO_HIDROQUIMICA,UNKNOWN_SEM_POCO_PARA_AVALIACAO_TEMPORAL,UNKNOWN_INDEPENDENCIA_HIDROGEOLOGICA_NAO_DEMONSTRADA,UNKNOWN_SEM_POCO_PARA_AVALIACAO_DOCUMENTAL,INCERTEZA_EXPLICITA_NAO_AGREGADA,UNKNOWN_SEM_POCO_NO_CONJUNTO_AUDITADO,"{""espacial"":""SEM_POCO_NO_CONJUNTO_AUDITADO"",""hidraulica"":""UNKNOWN_SEM_POCO_PARA_AVALIACAO_HIDRAULICA"",""hidroestratigrafica"":""UNKNOWN_SEM_POCO_PARA_AVALIACAO_LOCAL"",""hidroquimica"":""UNKNOWN_SEM_POCO_PARA_AVALIACAO_HIDROQUIMICA"",""incerteza"":""INCERTEZA_EXPLICITA_NAO_AGREGADA"",""independencia"":""UNKNOWN_INDEPENDENCIA_HIDROGEOLOGICA_NAO_DEMONSTRADA"",""qualidade_documental"":""UNKNOWN_SEM_POCO_PARA_AVALIACAO_DOCUMENTAL"",""temporal"":""UNKNOWN_SEM_POCO_PARA_AVALIACAO_TEMPORAL"",""vertical"":""UNKNOWN_SEM_POCO_PARA_AVALIACAO_VERTICAL""}"
SCALE-1000-O00-00233,1000,O00,1000.0000000000462,1,COM_POCO_NO_CONJUNTO_AUDITADO,27.204610828530637,7,Formação Furnas,35.51106958592212,2,Granular (Gr),84.92725378718963,True,False,0,0.0,0,0.0,0,0.0,1,100.0,1,100.0,1,100.0,0,0.0,0,1,100.0,1,100.0,1,100.0,1,100.0,1,100.0,0,0.0,0,0.0,0,0.0,0,0,0,1,100.0,0,0.0,4.742054936104095,0,0,0.0,0,0.0,0,0.0,1,100.0,1,100.0,0,0.0,4.0,SEM_ALERTA_OBJETIVO_DE_LOCALIZACAO,REVISAO_OU_UNKNOWN_PRESENTE,PARCIAL_SEM_INTERVALO_CAPTADO_DEMONSTRADO,ENSAIO_COM_METADADOS_MINIMOS_PRESENTE,UNKNOWN_SEM_EVIDENCIA_HIDROQUIMICA_NO_CONJUNTO,EVIDENCIA_DATADA_PRESENTE_SEM_SERIE,UNKNOWN_INDEPENDENCIA_HIDROGEOLOGICA_NAO_DEMONSTRADA,ALERTAS_DE_REVISAO_PRESENTES,INCERTEZA_EXPLICITA_NAO_AGREGADA,MASCARAMENTO_HIDROESTRATIGRAFICO_POSSIVEL|UNKNOWN_EVIDENCIA_HIDROQUIMICA|UNKNOWN_INDEPENDENCIA_HIDROGEOLOGICA|UNKNOWN_INTERVALO_CAPTADO|UNKNOWN_QA_HIDROQUIMICO_COMPLETO|UNKNOWN_SERIE_TEMPORAL,"{""espacial"":""SEM_ALERTA_OBJETIVO_DE_LOCALIZACAO"",""hidraulica"":""ENSAIO_COM_METADADOS_MINIMOS_PRESENTE"",""hidroestratigrafica"":""REVISAO_OU_UNKNOWN_PRESENTE"",""hidroquimica"":""UNKNOWN_SEM_EVIDENCIA_HIDROQUIMICA_NO_CONJUNTO"",""incerteza"":""INCERTEZA_EXPLICITA_NAO_AGREGADA"",""independencia"":""UNKNOWN_INDEPENDENCIA_HIDROGEOLOGICA_NAO_DEMONSTRADA"",""qualidade_documental"":""ALERTAS_DE_REVISAO_PRESENTES"",""temporal"":""EVIDENCIA_DATADA_PRESENTE_SEM_SERIE"",""vertical"":""PARCIAL_SEM_INTERVALO_CAPTADO_DEMONSTRADO""}"
SCALE-1000-O00-00234,1000,O00,1000.0000000000462,9,COM_POCO_NO_CONJUNTO_AUDITADO,11.172294844556,3,Formação Botucatu,50.376299005883176,1,Granular (Gr),100.0,False,False,0,0.0,0,0.0,3,33.333333333333336,2,22.22222222222222,9,100.0,6,66.66666666666667,0,0.0,0,8,88.88888888888889,8,88.88888888888889,8,88.88888888888889,5,55.55555555555556,5,55.55555555555556,0,0.0,3,33.333333333333336,1,11.11111111111111,3,3,2,5,55.55555555555556,1,11.11111111111111,31.521523371458688,0,0,0.0,0,0.0,4,44.44444444444444,7,77.77777777777777,7,77.77777777777777,0,0.0,4.0,SEM_ALERTA_OBJETIVO_DE_LOCALIZACAO,REVISAO_OU_UNKNOWN_PRESENTE,PARCIAL_SEM_INTERVALO_CAPTADO_DEMONSTRADO,ENSAIO_COM_METADADOS_MINIMOS_PRESENTE,EVIDENCIA_HIDROQUIMICA_PARCIAL_PRESENTE_SEM_QA_COMPLETO,EVIDENCIA_DATADA_PRESENTE_SEM_SERIE,UNKNOWN_INDEPENDENCIA_HIDROGEOLOGICA_NAO_DEMONSTRADA,ALERTAS_DE_REVISAO_PRESENTES,INCERTEZA_EXPLICITA_NAO_AGREGADA,UNKNOWN_HIDROESTRATIGRAFIA_EM_PARTE_DOS_POCOS|UNKNOWN_INDEPENDENCIA_HIDROGEOLOGICA|UNKNOWN_INTERVALO_CAPTADO|UNKNOWN_QA_HIDROQUIMICO_COMPLETO|UNKNOWN_SERIE_TEMPORAL,"{""espacial"":""SEM_ALERTA_OBJETIVO_DE_LOCALIZACAO"",""hidraulica"":""ENSAIO_COM_METADADOS_MINIMOS_PRESENTE"",""hidroestratigrafica"":""REVISAO_OU_UNKNOWN_PRESENTE"",""hidroquimica"":""EVIDENCIA_HIDROQUIMICA_PARCIAL_PRESENTE_SEM_QA_COMPLETO"",""incerteza"":""INCERTEZA_EXPLICITA_NAO_AGREGADA"",""independencia"":""UNKNOWN_INDEPENDENCIA_HIDROGEOLOGICA_NAO_DEMONSTRADA"",""qualidade_documental"":""ALERTAS_DE_REVISAO_PRESENTES"",""temporal"":""EVIDENCIA_DATADA_PRESENTE_SEM_SERIE"",""vertical"":""PARCIAL_SEM_INTERVALO_CAPTADO_DEMONSTRADO""}"
SCALE-1000-O00-00235,1000,O00,1000.0000000000462,18,COM_POCO_NO_CONJUNTO_AUDITADO,8.059039971031524,3,Formação Botucatu,66.56419749711014,2,Granular (Gr),66.88239945469799,False,False,0,0.0,0,0.0,5,27.77777777777778,2,11.11111111111111,18,100.0,10,55.55555555555556,0,0.0,0,16,88.88888888888889,16,88.88888888888889,16,88.88888888888889,6,33.333333333333336,6,33.333333333333336,0,0.0,9,50.0,2,11.11111111111111,7,10,5,7,38.888888888888886,1,5.555555555555555,17.3199997262093,0,0,0.0,0,0.0,7,38.888888888888886,11,61.111111111111114,11,61.111111111111114,0,0.0,4.0,SEM_ALERTA_OBJETIVO_DE_LOCALIZACAO,REVISAO_OU_UNKNOWN_PRESENTE,PARCIAL_SEM_INTERVALO_CAPTADO_DEMONSTRADO,ENSAIO_COM_METADADOS_MINIMOS_PRESENTE,EVIDENCIA_HIDROQUIMICA_PARCIAL_PRESENTE_SEM_QA_COMPLETO,EVIDENCIA_DATADA_PRESENTE_SEM_SERIE,UNKNOWN_INDEPENDENCIA_HIDROGEOLOGICA_NAO_DEMONSTRADA,ALERTAS_DE_REVISAO_PRESENTES,INCERTEZA_EXPLICITA_NAO_AGREGADA,UNKNOWN_HIDROESTRATIGRAFIA_EM_PARTE_DOS_POCOS|UNKNOWN_INDEPENDENCIA_HIDROGEOLOGICA|UNKNOWN_INTERVALO_CAPTADO|UNKNOWN_QA_HIDROQUIMICO_COMPLETO|UNKNOWN_SERIE_TEMPORAL,"{""espacial"":""SEM_ALERTA_OBJETIVO_DE_LOCALIZACAO"",""hidraulica"":""ENSAIO_COM_METADADOS_MINIMOS_PRESENTE"",""hidroestratigrafica"":""REVISAO_OU_UNKNOWN_PRESENTE"",""hidroquimica"":""EVIDENCIA_HIDROQUIMICA_PARCIAL_PRESENTE_SEM_QA_COMPLETO"",""incerteza"":""INCERTEZA_EXPLICITA_NAO_AGREGADA"",""independencia"":""UNKNOWN_INDEPENDENCIA_HIDROGEOLOGICA_NAO_DEMONSTRADA"",""qualidade_documental"":""ALERTAS_DE_REVISAO_PRESENTES"",""temporal"":""EVIDENCIA_DATADA_PRESENTE_SEM_SERIE"",""vertical"":""PARCIAL_SEM_INTERVALO_CAPTADO_DEMONSTRADO""}"
SCALE-1000-O00-00236,1000,O00,1000.0000000000415,18,COM_POCO_NO_CONJUNTO_AUDITADO,9.578121077390758,3,Formação Serra Geral,73.057304174066,2,Fraturada (Fr),73.057304174066,False,False,0,0.0,0,0.0,4,22.22222222222222,2,11.11111111111111,18,100.0,4,22.22222222222222,0,0.0,0,16,88.88888888888889,15,83.33333333333333,14,77.77777777777777,4,22.22222222222222,4,22.22222222222222,0,0.0,11,61.111111111111114,2,11.11111111111111,9,9,2,7,38.888888888888886,1,5.555555555555555,16.703970649636886,0,0,0.0,0,0.0,6,33.333333333333336,8,44.44444444444444,8,44.44444444444444,0,0.0,4.0,SEM_ALERTA_OBJETIVO_DE_LOCALIZACAO,REVISAO_OU_UNKNOWN_PRESENTE,PARCIAL_SEM_INTERVALO_CAPTADO_DEMONSTRADO,ENSAIO_COM_METADADOS_MINIMOS_PRESENTE,EVIDENCIA_HIDROQUIMICA_PARCIAL_PRESENTE_SEM_QA_COMPLETO,EVIDENCIA_DATADA_PRESENTE_SEM_SERIE,UNKNOWN_INDEPENDENCIA_HIDROGEOLOGICA_NAO_DEMONSTRADA,ALERTAS_DE_REVISAO_PRESENTES,INCERTEZA_EXPLICITA_NAO_AGREGADA,UNKNOWN_HIDROESTRATIGRAFIA_EM_PARTE_DOS_POCOS|UNKNOWN_INDEPENDENCIA_HIDROGEOLOGICA|UNKNOWN_INTERVALO_CAPTADO|UNKNOWN_QA_HIDROQUIMICO_COMPLETO|UNKNOWN_SERIE_TEMPORAL,"{""espacial"":""SEM_ALERTA_OBJETIVO_DE_LOCALIZACAO"",""hidraulica"":""ENSAIO_COM_METADADOS_MINIMOS_PRESENTE"",""hidroestratigrafica"":""REVISAO_OU_UNKNOWN_PRESENTE"",""hidroquimica"":""EVIDENCIA_HIDROQUIMICA_PARCIAL_PRESENTE_SEM_QA_COMPLETO"",""incerteza"":""INCERTEZA_EXPLICITA_NAO_AGREGADA"",""independencia"":""UNKNOWN_INDEPENDENCIA_HIDROGEOLOGICA_NAO_DEMONSTRADA"",""qualidade_documental"":""ALERTAS_DE_REVISAO_PRESENTES"",""temporal"":""EVIDENCIA_DATADA_PRESENTE_SEM_SERIE"",""vertical"":""PARCIAL_SEM_INTERVALO_CAPTADO_DEMONSTRADO""}"
SCALE-1000-O00-00237,1000,O00,1000.0000000000417,3,COM_POCO_NO_CONJUNTO_AUDITADO,11.154654869826569,2,Grupo Caiuá,69.5798841138767,2,Granular (Gr),69.5798841138767,False,False,0,0.0,0,0.0,0,0.0,1,33.333333333333336,3,100.0,2,66.66666666666667,0,0.0,0,2,66.66666666666667,2,66.66666666666667,2,66.66666666666667,2,66.66666666666667,2,66.66666666666667,0,0.0,1,33.333333333333336,0,0.0,1,1,1,2,66.66666666666667,0,0.0,13.80863398974654,0,0,0.0,0,0.0,0,0.0,2,66.66666666666667,2,66.66666666666667,0,0.0,4.0,SEM_ALERTA_OBJETIVO_DE_LOCALIZACAO,REVISAO_OU_UNKNOWN_PRESENTE,PARCIAL_SEM_INTERVALO_CAPTADO_DEMONSTRADO,ENSAIO_COM_METADADOS_MINIMOS_PRESENTE,EVIDENCIA_HIDROQUIMICA_PARCIAL_PRESENTE_SEM_QA_COMPLETO,EVIDENCIA_DATADA_PRESENTE_SEM_SERIE,UNKNOWN_INDEPENDENCIA_HIDROGEOLOGICA_NAO_DEMONSTRADA,ALERTAS_DE_REVISAO_PRESENTES,INCERTEZA_EXPLICITA_NAO_AGREGADA,UNKNOWN_INDEPENDENCIA_HIDROGEOLOGICA|UNKNOWN_INTERVALO_CAPTADO|UNKNOWN_QA_HIDROQUIMICO_COMPLETO|UNKNOWN_SERIE_TEMPORAL,"{""espacial"":""SEM_ALERTA_OBJETIVO_DE_LOCALIZACAO"",""hidraulica"":""ENSAIO_COM_METADADOS_MINIMOS_PRESENTE"",""hidroestratigrafica"":""REVISAO_OU_UNKNOWN_PRESENTE"",""hidroquimica"":""EVIDENCIA_HIDROQUIMICA_PARCIAL_PRESENTE_SEM_QA_COMPLETO"",""incerteza"":""INCERTEZA_EXPLICITA_NAO_AGREGADA"",""independencia"":""UNKNOWN_INDEPENDENCIA_HIDROGEOLOGICA_NAO_DEMONSTRADA"",""qualidade_documental"":""ALERTAS_DE_REVISAO_PRESENTES"",""temporal"":""EVIDENCIA_DATADA_PRESENTE_SEM_SERIE"",""vertical"":""PARCIAL_SEM_INTERVALO_CAPTADO_DEMONSTRADO""}"
SCALE-1000-O00-00238,1000,O00,1000.0000000000462,3,COM_POCO_NO_CONJUNTO_AUDITADO,16.436739483389797,2,Grupo Caiuá,59.93355412565048,2,Granular (Gr),59.93355412565048,False,False,0,0.0,0,0.0,1,33.333333333333336,2,66.66666666666667,3,100.0,1,33.333333333333336,0,0.0,0,3,100.0,3,100.0,3,100.0,0,0.0,0,0.0,0,0.0,0,0.0,0,0.0,0,0,0,1,33.333333333333336,0,0.0,37.88168134869299,0,0,0.0,0,0.0,0,0.0,1,33.333333333333336,1,33.333333333333336,0,0.0,3.0,SEM_ALERTA_OBJETIVO_DE_LOCALIZACAO,REVISAO_OU_UNKNOWN_PRESENTE,PARCIAL_SEM_INTERVALO_CAPTADO_DEMONSTRADO,EVIDENCIA_HIDRAULICA_PARCIAL_PRESENTE,UNKNOWN_SEM_EVIDENCIA_HIDROQUIMICA_NO_CONJUNTO,EVIDENCIA_DATADA_PRESENTE_SEM_SERIE,UNKNOWN_INDEPENDENCIA_HIDROGEOLOGICA_NAO_DEMONSTRADA,ALERTAS_DE_REVISAO_PRESENTES,INCERTEZA_EXPLICITA_NAO_AGREGADA,UNKNOWN_EVIDENCIA_HIDROQUIMICA|UNKNOWN_HIDROESTRATIGRAFIA_EM_PARTE_DOS_POCOS|UNKNOWN_INDEPENDENCIA_HIDROGEOLOGICA|UNKNOWN_INTERVALO_CAPTADO|UNKNOWN_QA_HIDROQUIMICO_COMPLETO|UNKNOWN_SERIE_TEMPORAL,"{""espacial"":""SEM_ALERTA_OBJETIVO_DE_LOCALIZACAO"",""hidraulica"":""EVIDENCIA_HIDRAULICA_PARCIAL_PRESENTE"",""hidroestratigrafica"":""REVISAO_OU_UNKNOWN_PRESENTE"",""hidroquimica"":""UNKNOWN_SEM_EVIDENCIA_HIDROQUIMICA_NO_CONJUNTO"",""incerteza"":""INCERTEZA_EXPLICITA_NAO_AGREGADA"",""independencia"":""UNKNOWN_INDEPENDENCIA_HIDROGEOLOGICA_NAO_DEMONSTRADA"",""qualidade_documental"":""ALERTAS_DE_REVISAO_PRESENTES"",""temporal"":""EVIDENCIA_DATADA_PRESENTE_SEM_SERIE"",""vertical"":""PARCIAL_SEM_INTERVALO_CAPTADO_DEMONSTRADO""}"
SCALE-1000-O00-00239,1000,O00,1000.0000000000462,4,COM_POCO_NO_CONJUNTO_AUDITADO,16.14272589492992,2,Grupo Caiuá,88.15042350912204,2,Granular (Gr),88.15042350912204,False,False,0,0.0,0,0.0,0,0.0,3,75.0,4,100.0,2,50.0,1,25.0,0,4,100.0,4,100.0,4,100.0,2,50.0,2,50.0,1,25.0,4,100.0,1,25.0,4,5,3,2,50.0,1,25.0,6.881729262065614,0,0,0.0,0,0.0,2,50.0,2,50.0,2,50.0,0,0.0,4.0,SEM_ALERTA_OBJETIVO_DE_LOCALIZACAO,REVISAO_OU_UNKNOWN_PRESENTE,PARCIAL_SEM_INTERVALO_CAPTADO_DEMONSTRADO,TRANSMISSIVIDADE_INFORMADA_NAO_VALIDADA_PRESENTE,EVIDENCIA_HIDROQUIMICA_PARCIAL_PRESENTE_SEM_QA_COMPLETO,EVIDENCIA_DATADA_PRESENTE_SEM_SERIE,UNKNOWN_INDEPENDENCIA_HIDROGEOLOGICA_NAO_DEMONSTRADA,ALERTAS_DE_REVISAO_PRESENTES,INCERTEZA_EXPLICITA_NAO_AGREGADA,UNKNOWN_INDEPENDENCIA_HIDROGEOLOGICA|UNKNOWN_INTERVALO_CAPTADO|UNKNOWN_QA_HIDROQUIMICO_COMPLETO|UNKNOWN_SERIE_TEMPORAL,"{""espacial"":""SEM_ALERTA_OBJETIVO_DE_LOCALIZACAO"",""hidraulica"":""TRANSMISSIVIDADE_INFORMADA_NAO_VALIDADA_PRESENTE"",""hidroestratigrafica"":""REVISAO_OU_UNKNOWN_PRESENTE"",""hidroquimica"":""EVIDENCIA_HIDROQUIMICA_PARCIAL_PRESENTE_SEM_QA_COMPLETO"",""incerteza"":""INCERTEZA_EXPLICITA_NAO_AGREGADA"",""independencia"":""UNKNOWN_INDEPENDENCIA_HIDROGEOLOGICA_NAO_DEMONSTRADA"",""qualidade_documental"":""ALERTAS_DE_REVISAO_PRESENTES"",""temporal"":""EVIDENCIA_DATADA_PRESENTE_SEM_SERIE"",""vertical"":""PARCIAL_SEM_INTERVALO_CAPTADO_DEMONSTRADO""}"
SCALE-1000-O00-00240,1000,O00,1000.0000000000462,0,SEM_POCO_NO_CONJUNTO_AUDITADO,29.469304449617542,2,Grupo Caiuá,92.67747649681914,2,Granular (Gr),92.67747649681914,False,False,0,,0,,0,,0,,0,,0,,0,,0,0,,0,,0,,0,,0,,0,,0,,0,,0,0,0,0,,0,,,0,0,,0,,0,,0,,0,,0,,,SEM_POCO_NO_CONJUNTO_AUDITADO,UNKNOWN_SEM_POCO_PARA_AVALIACAO_LOCAL,UNKNOWN_SEM_POCO_PARA_AVALIACAO_VERTICAL,UNKNOWN_SEM_POCO_PARA_AVALIACAO_HIDRAULICA,UNKNOWN_SEM_POCO_PARA_AVALIACAO_HIDROQUIMICA,UNKNOWN_SEM_POCO_PARA_AVALIACAO_TEMPORAL,UNKNOWN_INDEPENDENCIA_HIDROGEOLOGICA_NAO_DEMONSTRADA,UNKNOWN_SEM_POCO_PARA_AVALIACAO_DOCUMENTAL,INCERTEZA_EXPLICITA_NAO_AGREGADA,UNKNOWN_SEM_POCO_NO_CONJUNTO_AUDITADO,"{""espacial"":""SEM_POCO_NO_CONJUNTO_AUDITADO"",""hidraulica"":""UNKNOWN_SEM_POCO_PARA_AVALIACAO_HIDRAULICA"",""hidroestratigrafica"":""UNKNOWN_SEM_POCO_PARA_AVALIACAO_LOCAL"",""hidroquimica"":""UNKNOWN_SEM_POCO_PARA_AVALIACAO_HIDROQUIMICA"",""incerteza"":""INCERTEZA_EXPLICITA_NAO_AGREGADA"",""independencia"":""UNKNOWN_INDEPENDENCIA_HIDROGEOLOGICA_NAO_DEMONSTRADA"",""qualidade_documental"":""UNKNOWN_SEM_POCO_PARA_AVALIACAO_DOCUMENTAL"",""temporal"":""UNKNOWN_SEM_POCO_PARA_AVALIACAO_TEMPORAL"",""vertical"":""UNKNOWN_SEM_POCO_PARA_AVALIACAO_VERTICAL""}"
SCALE-1000-O00-00241,1000,O00,1000.0000000000462,1,COM_POCO_NO_CONJUNTO_AUDITADO,22.412471867725376,1,Grupo Caiuá,100.0,1,Granular (Gr),100.0,False,False,0,0.0,0,0.0,0,0.0,1,100.0,1,100.0,0,0.0,0,0.0,0,1,100.0,1,100.0,1,100.0,0,0.0,0,0.0,0,0.0,1,100.0,0,0.0,1,1,1,0,0.0,0,0.0,,0,0,0.0,0,0.0,0,0.0,0,0.0,0,0.0,0,0.0,4.0,SEM_ALERTA_OBJETIVO_DE_LOCALIZACAO,REVISAO_OU_UNKNOWN_PRESENTE,PARCIAL_SEM_INTERVALO_CAPTADO_DEMONSTRADO,EVIDENCIA_HIDRAULICA_PARCIAL_PRESENTE,EVIDENCIA_HIDROQUIMICA_PARCIAL_PRESENTE_SEM_QA_COMPLETO,UNKNOWN_SEM_EVIDENCIA_DATADA_E_SEM_SERIE,UNKNOWN_INDEPENDENCIA_HIDROGEOLOGICA_NAO_DEMONSTRADA,SEM_ALERTA_OBJETIVO_NAS_REGRAS_ATUAIS,INCERTEZA_EXPLICITA_NAO_AGREGADA,UNKNOWN_EVIDENCIA_DATADA|UNKNOWN_INDEPENDENCIA_HIDROGEOLOGICA|UNKNOWN_INTERVALO_CAPTADO|UNKNOWN_QA_HIDROQUIMICO_COMPLETO|UNKNOWN_SERIE_TEMPORAL,"{""espacial"":""SEM_ALERTA_OBJETIVO_DE_LOCALIZACAO"",""hidraulica"":""EVIDENCIA_HIDRAULICA_PARCIAL_PRESENTE"",""hidroestratigrafica"":""REVISAO_OU_UNKNOWN_PRESENTE"",""hidroquimica"":""EVIDENCIA_HIDROQUIMICA_PARCIAL_PRESENTE_SEM_QA_COMPLETO"",""incerteza"":""INCERTEZA_EXPLICITA_NAO_AGREGADA"",""independencia"":""UNKNOWN_INDEPENDENCIA_HIDROGEOLOGICA_NAO_DEMONSTRADA"",""qualidade_documental"":""SEM_ALERTA_OBJETIVO_NAS_REGRAS_ATUAIS"",""temporal"":""UNKNOWN_SEM_EVIDENCIA_DATADA_E_SEM_SERIE"",""vertical"":""PARCIAL_SEM_INTERVALO_CAPTADO_DEMONSTRADO""}"
SCALE-1000-O00-00242,1000,O00,1000.0000000000462,1,COM_POCO_NO_CONJUNTO_AUDITADO,23.884266744568947,2,Grupo Caiuá,98.3544789310216,2,Granular (Gr),98.3544789310216,False,False,0,0.0,0,0.0,0,0.0,1,100.0,1,100.0,1,100.0,0,0.0,0,1,100.0,1,100.0,1,100.0,1,100.0,1,100.0,0,0.0,1,100.0,0,0.0,0,0,0,1,100.0,0,0.0,3.280012594372232,0,0,0.0,0,0.0,0,0.0,1,100.0,1,100.0,0,0.0,4.0,SEM_ALERTA_OBJETIVO_DE_LOCALIZACAO,REVISAO_OU_UNKNOWN_PRESENTE,PARCIAL_SEM_INTERVALO_CAPTADO_DEMONSTRADO,ENSAIO_COM_METADADOS_MINIMOS_PRESENTE,EVIDENCIA_HIDROQUIMICA_PARCIAL_PRESENTE_SEM_QA_COMPLETO,EVIDENCIA_DATADA_PRESENTE_SEM_SERIE,UNKNOWN_INDEPENDENCIA_HIDROGEOLOGICA_NAO_DEMONSTRADA,ALERTAS_DE_REVISAO_PRESENTES,INCERTEZA_EXPLICITA_NAO_AGREGADA,UNKNOWN_INDEPENDENCIA_HIDROGEOLOGICA|UNKNOWN_INTERVALO_CAPTADO|UNKNOWN_QA_HIDROQUIMICO_COMPLETO|UNKNOWN_SERIE_TEMPORAL,"{""espacial"":""SEM_ALERTA_OBJETIVO_DE_LOCALIZACAO"",""hidraulica"":""ENSAIO_COM_METADADOS_MINIMOS_PRESENTE"",""hidroestratigrafica"":""REVISAO_OU_UNKNOWN_PRESENTE"",""hidroquimica"":""EVIDENCIA_HIDROQUIMICA_PARCIAL_PRESENTE_SEM_QA_COMPLETO"",""incerteza"":""INCERTEZA_EXPLICITA_NAO_AGREGADA"",""independencia"":""UNKNOWN_INDEPENDENCIA_HIDROGEOLOGICA_NAO_DEMONSTRADA"",""qualidade_documental"":""ALERTAS_DE_REVISAO_PRESENTES"",""temporal"":""EVIDENCIA_DATADA_PRESENTE_SEM_SERIE"",""vertical"":""PARCIAL_SEM_INTERVALO_CAPTADO_DEMONSTRADO""}"
SCALE-1000-O00-00243,1000,O00,1000.0000000000462,0,SEM_POCO_NO_CONJUNTO_AUDITADO,23.979945380871822,3,Grupo Caiuá,78.4518246161523,2,Granular (Gr),81.88539381124063,False,False,0,,0,,0,,0,,0,,0,,0,,0,0,,0,,0,,0,,0,,0,,0,,0,,0,0,0,0,,0,,,0,0,,0,,0,,0,,0,,0,,,SEM_POCO_NO_CONJUNTO_AUDITADO,UNKNOWN_SEM_POCO_PARA_AVALIACAO_LOCAL,UNKNOWN_SEM_POCO_PARA_AVALIACAO_VERTICAL,UNKNOWN_SEM_POCO_PARA_AVALIACAO_HIDRAULICA,UNKNOWN_SEM_POCO_PARA_AVALIACAO_HIDROQUIMICA,UNKNOWN_SEM_POCO_PARA_AVALIACAO_TEMPORAL,UNKNOWN_INDEPENDENCIA_HIDROGEOLOGICA_NAO_DEMONSTRADA,UNKNOWN_SEM_POCO_PARA_AVALIACAO_DOCUMENTAL,INCERTEZA_EXPLICITA_NAO_AGREGADA,UNKNOWN_SEM_POCO_NO_CONJUNTO_AUDITADO,"{""espacial"":""SEM_POCO_NO_CONJUNTO_AUDITADO"",""hidraulica"":""UNKNOWN_SEM_POCO_PARA_AVALIACAO_HIDRAULICA"",""hidroestratigrafica"":""UNKNOWN_SEM_POCO_PARA_AVALIACAO_LOCAL"",""hidroquimica"":""UNKNOWN_SEM_POCO_PARA_AVALIACAO_HIDROQUIMICA"",""incerteza"":""INCERTEZA_EXPLICITA_NAO_AGREGADA"",""independencia"":""UNKNOWN_INDEPENDENCIA_HIDROGEOLOGICA_NAO_DEMONSTRADA"",""qualidade_documental"":""UNKNOWN_SEM_POCO_PARA_AVALIACAO_DOCUMENTAL"",""temporal"":""UNKNOWN_SEM_POCO_PARA_AVALIACAO_TEMPORAL"",""vertical"":""UNKNOWN_SEM_POCO_PARA_AVALIACAO_VERTICAL""}"
SCALE-1000-O00-00244,1000,O00,1000.0000000000462,1,COM_POCO_NO_CONJUNTO_AUDITADO,20.535155656399805,2,Grupo Bauru,72.15237331143697,1,Granular (Gr),100.0,False,False,0,0.0,0,0.0,0,0.0,0,0.0,1,100.0,0,0.0,0,0.0,0,1,100.0,1,100.0,1,100.0,0,0.0,0,0.0,0,0.0,1,100.0,0,0.0,1,1,1,0,0.0,0,0.0,,0,0,0.0,0,0.0,0,0.0,0,0.0,0,0.0,0,0.0,4.0,SEM_ALERTA_OBJETIVO_DE_LOCALIZACAO,DOCUMENTACAO_HIDROESTRATIGRAFICA_SEM_ALERTA_OBJETIVO,PARCIAL_SEM_INTERVALO_CAPTADO_DEMONSTRADO,EVIDENCIA_HIDRAULICA_PARCIAL_PRESENTE,EVIDENCIA_HIDROQUIMICA_PARCIAL_PRESENTE_SEM_QA_COMPLETO,UNKNOWN_SEM_EVIDENCIA_DATADA_E_SEM_SERIE,UNKNOWN_INDEPENDENCIA_HIDROGEOLOGICA_NAO_DEMONSTRADA,SEM_ALERTA_OBJETIVO_NAS_REGRAS_ATUAIS,INCERTEZA_EXPLICITA_NAO_AGREGADA,UNKNOWN_EVIDENCIA_DATADA|UNKNOWN_INDEPENDENCIA_HIDROGEOLOGICA|UNKNOWN_INTERVALO_CAPTADO|UNKNOWN_QA_HIDROQUIMICO_COMPLETO|UNKNOWN_SERIE_TEMPORAL,"{""espacial"":""SEM_ALERTA_OBJETIVO_DE_LOCALIZACAO"",""hidraulica"":""EVIDENCIA_HIDRAULICA_PARCIAL_PRESENTE"",""hidroestratigrafica"":""DOCUMENTACAO_HIDROESTRATIGRAFICA_SEM_ALERTA_OBJETIVO"",""hidroquimica"":""EVIDENCIA_HIDROQUIMICA_PARCIAL_PRESENTE_SEM_QA_COMPLETO"",""incerteza"":""INCERTEZA_EXPLICITA_NAO_AGREGADA"",""independencia"":""UNKNOWN_INDEPENDENCIA_HIDROGEOLOGICA_NAO_DEMONSTRADA"",""qualidade_documental"":""SEM_ALERTA_OBJETIVO_NAS_REGRAS_ATUAIS"",""temporal"":""UNKNOWN_SEM_EVIDENCIA_DATADA_E_SEM_SERIE"",""vertical"":""PARCIAL_SEM_INTERVALO_CAPTADO_DEMONSTRADO""}"
SCALE-1000-O00-00245,1000,O00,1000.0000000000462,0,SEM_POCO_NO_CONJUNTO_AUDITADO,27.86662387403316,2,Grupo Bauru,97.20887071963074,1,Granular (Gr),100.0,False,False,0,,0,,0,,0,,0,,0,,0,,0,0,,0,,0,,0,,0,,0,,0,,0,,0,0,0,0,,0,,,0,0,,0,,0,,0,,0,,0,,,SEM_POCO_NO_CONJUNTO_AUDITADO,UNKNOWN_SEM_POCO_PARA_AVALIACAO_LOCAL,UNKNOWN_SEM_POCO_PARA_AVALIACAO_VERTICAL,UNKNOWN_SEM_POCO_PARA_AVALIACAO_HIDRAULICA,UNKNOWN_SEM_POCO_PARA_AVALIACAO_HIDROQUIMICA,UNKNOWN_SEM_POCO_PARA_AVALIACAO_TEMPORAL,UNKNOWN_INDEPENDENCIA_HIDROGEOLOGICA_NAO_DEMONSTRADA,UNKNOWN_SEM_POCO_PARA_AVALIACAO_DOCUMENTAL,INCERTEZA_EXPLICITA_NAO_AGREGADA,UNKNOWN_SEM_POCO_NO_CONJUNTO_AUDITADO,"{""espacial"":""SEM_POCO_NO_CONJUNTO_AUDITADO"",""hidraulica"":""UNKNOWN_SEM_POCO_PARA_AVALIACAO_HIDRAULICA"",""hidroestratigrafica"":""UNKNOWN_SEM_POCO_PARA_AVALIACAO_LOCAL"",""hidroquimica"":""UNKNOWN_SEM_POCO_PARA_AVALIACAO_HIDROQUIMICA"",""incerteza"":""INCERTEZA_EXPLICITA_NAO_AGREGADA"",""independencia"":""UNKNOWN_INDEPENDENCIA_HIDROGEOLOGICA_NAO_DEMONSTRADA"",""qualidade_documental"":""UNKNOWN_SEM_POCO_PARA_AVALIACAO_DOCUMENTAL"",""temporal"":""UNKNOWN_SEM_POCO_PARA_AVALIACAO_TEMPORAL"",""vertical"":""UNKNOWN_SEM_POCO_PARA_AVALIACAO_VERTICAL""}"
SCALE-1000-O00-00246,1000,O00,868.6357660273628,13,COM_POCO_NO_CONJUNTO_AUDITADO,11.01426563735444,3,Grupo Bauru,73.67407259179363,2,Granular (Gr),79.64378150750429,False,False,0,0.0,0,0.0,3,23.076923076923077,2,15.384615384615385,12,92.3076923076923,2,15.384615384615385,0,0.0,0,12,92.3076923076923,12,92.3076923076923,11,84.61538461538461,0,0.0,0,0.0,0,0.0,10,76.92307692307692,1,7.6923076923076925,10,11,3,2,15.384615384615385,1,7.6923076923076925,17.016092048433574,0,0,0.0,0,0.0,10,76.92307692307692,3,23.076923076923077,3,23.076923076923077,0,0.0,4.0,SEM_ALERTA_OBJETIVO_DE_LOCALIZACAO,REVISAO_OU_UNKNOWN_PRESENTE,PARCIAL_SEM_INTERVALO_CAPTADO_DEMONSTRADO,EVIDENCIA_HIDRAULICA_PARCIAL_PRESENTE,EVIDENCIA_HIDROQUIMICA_PARCIAL_PRESENTE_SEM_QA_COMPLETO,EVIDENCIA_DATADA_PRESENTE_SEM_SERIE,UNKNOWN_INDEPENDENCIA_HIDROGEOLOGICA_NAO_DEMONSTRADA,ALERTAS_DE_REVISAO_PRESENTES,INCERTEZA_EXPLICITA_NAO_AGREGADA,UNKNOWN_HIDROESTRATIGRAFIA_EM_PARTE_DOS_POCOS|UNKNOWN_INDEPENDENCIA_HIDROGEOLOGICA|UNKNOWN_INTERVALO_CAPTADO|UNKNOWN_QA_HIDROQUIMICO_COMPLETO|UNKNOWN_SERIE_TEMPORAL,"{""espacial"":""SEM_ALERTA_OBJETIVO_DE_LOCALIZACAO"",""hidraulica"":""EVIDENCIA_HIDRAULICA_PARCIAL_PRESENTE"",""hidroestratigrafica"":""REVISAO_OU_UNKNOWN_PRESENTE"",""hidroquimica"":""EVIDENCIA_HIDROQUIMICA_PARCIAL_PRESENTE_SEM_QA_COMPLETO"",""incerteza"":""INCERTEZA_EXPLICITA_NAO_AGREGADA"",""independencia"":""UNKNOWN_INDEPENDENCIA_HIDROGEOLOGICA_NAO_DEMONSTRADA"",""qualidade_documental"":""ALERTAS_DE_REVISAO_PRESENTES"",""temporal"":""EVIDENCIA_DATADA_PRESENTE_SEM_SERIE"",""vertical"":""PARCIAL_SEM_INTERVALO_CAPTADO_DEMONSTRADO""}"
SCALE-1000-O00-00247,1000,O00,352.3645767885835,0,SEM_POCO_NO_CONJUNTO_AUDITADO,26.228716027939665,1,Formação Pantanal,100.0,1,Granular (Gr),100.0,False,False,0,,0,,0,,0,,0,,0,,0,,0,0,,0,,0,,0,,0,,0,,0,,0,,0,0,0,0,,0,,,0,0,,0,,0,,0,,0,,0,,,SEM_POCO_NO_CONJUNTO_AUDITADO,UNKNOWN_SEM_POCO_PARA_AVALIACAO_LOCAL,UNKNOWN_SEM_POCO_PARA_AVALIACAO_VERTICAL,UNKNOWN_SEM_POCO_PARA_AVALIACAO_HIDRAULICA,UNKNOWN_SEM_POCO_PARA_AVALIACAO_HIDROQUIMICA,UNKNOWN_SEM_POCO_PARA_AVALIACAO_TEMPORAL,UNKNOWN_INDEPENDENCIA_HIDROGEOLOGICA_NAO_DEMONSTRADA,UNKNOWN_SEM_POCO_PARA_AVALIACAO_DOCUMENTAL,INCERTEZA_EXPLICITA_NAO_AGREGADA,UNKNOWN_SEM_POCO_NO_CONJUNTO_AUDITADO,"{""espacial"":""SEM_POCO_NO_CONJUNTO_AUDITADO"",""hidraulica"":""UNKNOWN_SEM_POCO_PARA_AVALIACAO_HIDRAULICA"",""hidroestratigrafica"":""UNKNOWN_SEM_POCO_PARA_AVALIACAO_LOCAL"",""hidroquimica"":""UNKNOWN_SEM_POCO_PARA_AVALIACAO_HIDROQUIMICA"",""incerteza"":""INCERTEZA_EXPLICITA_NAO_AGREGADA"",""independencia"":""UNKNOWN_INDEPENDENCIA_HIDROGEOLOGICA_NAO_DEMONSTRADA"",""qualidade_documental"":""UNKNOWN_SEM_POCO_PARA_AVALIACAO_DOCUMENTAL"",""temporal"":""UNKNOWN_SEM_POCO_PARA_AVALIACAO_TEMPORAL"",""vertical"":""UNKNOWN_SEM_POCO_PARA_AVALIACAO_VERTICAL""}"
SCALE-1000-O00-00248,1000,O00,1000.0000000000462,1,COM_POCO_NO_CONJUNTO_AUDITADO,23.86307419093852,2,Formação Pantanal,98.89621970426651,2,Granular (Gr),98.89621970426651,False,False,0,0.0,0,0.0,1,100.0,0,0.0,1,100.0,0,0.0,0,0.0,0,1,100.0,1,100.0,1,100.0,0,0.0,0,0.0,0,0.0,0,0.0,0,0.0,0,0,0,0,0.0,0,0.0,,0,0,0.0,0,0.0,0,0.0,0,0.0,0,0.0,0,0.0,2.0,SEM_ALERTA_OBJETIVO_DE_LOCALIZACAO,REVISAO_OU_UNKNOWN_PRESENTE,PARCIAL_SEM_INTERVALO_CAPTADO_DEMONSTRADO,EVIDENCIA_HIDRAULICA_PARCIAL_PRESENTE,UNKNOWN_SEM_EVIDENCIA_HIDROQUIMICA_NO_CONJUNTO,UNKNOWN_SEM_EVIDENCIA_DATADA_E_SEM_SERIE,UNKNOWN_INDEPENDENCIA_HIDROGEOLOGICA_NAO_DEMONSTRADA,SEM_ALERTA_OBJETIVO_NAS_REGRAS_ATUAIS,INCERTEZA_EXPLICITA_NAO_AGREGADA,UNKNOWN_EVIDENCIA_DATADA|UNKNOWN_EVIDENCIA_HIDROQUIMICA|UNKNOWN_HIDROESTRATIGRAFIA_EM_PARTE_DOS_POCOS|UNKNOWN_INDEPENDENCIA_HIDROGEOLOGICA|UNKNOWN_INTERVALO_CAPTADO|UNKNOWN_QA_HIDROQUIMICO_COMPLETO|UNKNOWN_SERIE_TEMPORAL,"{""espacial"":""SEM_ALERTA_OBJETIVO_DE_LOCALIZACAO"",""hidraulica"":""EVIDENCIA_HIDRAULICA_PARCIAL_PRESENTE"",""hidroestratigrafica"":""REVISAO_OU_UNKNOWN_PRESENTE"",""hidroquimica"":""UNKNOWN_SEM_EVIDENCIA_HIDROQUIMICA_NO_CONJUNTO"",""incerteza"":""INCERTEZA_EXPLICITA_NAO_AGREGADA"",""independencia"":""UNKNOWN_INDEPENDENCIA_HIDROGEOLOGICA_NAO_DEMONSTRADA"",""qualidade_documental"":""SEM_ALERTA_OBJETIVO_NAS_REGRAS_ATUAIS"",""temporal"":""UNKNOWN_SEM_EVIDENCIA_DATADA_E_SEM_SERIE"",""vertical"":""PARCIAL_SEM_INTERVALO_CAPTADO_DEMONSTRADO""}"
SCALE-1000-O00-00249,1000,O00,1000.0000000000462,1,COM_POCO_NO_CONJUNTO_AUDITADO,17.140753654077727,3,Formação Pantanal,90.3420214089995,2,Granular (Gr),97.25997442628014,False,False,0,0.0,0,0.0,1,100.0,0,0.0,1,100.0,1,100.0,0,0.0,0,1,100.0,1,100.0,1,100.0,0,0.0,0,0.0,0,0.0,0,0.0,0,0.0,0,0,0,1,100.0,0,0.0,16.835390185972333,0,0,0.0,0,0.0,0,0.0,1,100.0,1,100.0,0,0.0,4.0,SEM_ALERTA_OBJETIVO_DE_LOCALIZACAO,REVISAO_OU_UNKNOWN_PRESENTE,PARCIAL_SEM_INTERVALO_CAPTADO_DEMONSTRADO,EVIDENCIA_HIDRAULICA_PARCIAL_PRESENTE,UNKNOWN_SEM_EVIDENCIA_HIDROQUIMICA_NO_CONJUNTO,EVIDENCIA_DATADA_PRESENTE_SEM_SERIE,UNKNOWN_INDEPENDENCIA_HIDROGEOLOGICA_NAO_DEMONSTRADA,ALERTAS_DE_REVISAO_PRESENTES,INCERTEZA_EXPLICITA_NAO_AGREGADA,UNKNOWN_EVIDENCIA_HIDROQUIMICA|UNKNOWN_HIDROESTRATIGRAFIA_EM_PARTE_DOS_POCOS|UNKNOWN_INDEPENDENCIA_HIDROGEOLOGICA|UNKNOWN_INTERVALO_CAPTADO|UNKNOWN_QA_HIDROQUIMICO_COMPLETO|UNKNOWN_SERIE_TEMPORAL,"{""espacial"":""SEM_ALERTA_OBJETIVO_DE_LOCALIZACAO"",""hidraulica"":""EVIDENCIA_HIDRAULICA_PARCIAL_PRESENTE"",""hidroestratigrafica"":""REVISAO_OU_UNKNOWN_PRESENTE"",""hidroquimica"":""UNKNOWN_SEM_EVIDENCIA_HIDROQUIMICA_NO_CONJUNTO"",""incerteza"":""INCERTEZA_EXPLICITA_NAO_AGREGADA"",""independencia"":""UNKNOWN_INDEPENDENCIA_HIDROGEOLOGICA_NAO_DEMONSTRADA"",""qualidade_documental"":""ALERTAS_DE_REVISAO_PRESENTES"",""temporal"":""EVIDENCIA_DATADA_PRESENTE_SEM_SERIE"",""vertical"":""PARCIAL_SEM_INTERVALO_CAPTADO_DEMONSTRADO""}"
SCALE-1000-O00-00250,1000,O00,1000.0000000000462,2,COM_POCO_NO_CONJUNTO_AUDITADO,20.95530349287576,2,Formação Pantanal,81.52521073172463,1,Granular (Gr),100.00000000000001,True,False,0,0.0,0,0.0,2,100.0,0,0.0,0,0.0,0,0.0,0,0.0,0,0,0.0,0,0.0,0,0.0,0,0.0,0,0.0,0,0.0,0,0.0,0,0.0,0,0,0,0,0.0,0,0.0,,0,0,0.0,0,0.0,0,0.0,2,100.0,2,100.0,0,0.0,0.0,SEM_ALERTA_OBJETIVO_DE_LOCALIZACAO,REVISAO_OU_UNKNOWN_PRESENTE,PARCIAL_SEM_INTERVALO_CAPTADO_DEMONSTRADO,UNKNOWN_SEM_EVIDENCIA_HIDRAULICA_NO_CONJUNTO,UNKNOWN_SEM_EVIDENCIA_HIDROQUIMICA_NO_CONJUNTO,UNKNOWN_SEM_EVIDENCIA_DATADA_E_SEM_SERIE,UNKNOWN_INDEPENDENCIA_HIDROGEOLOGICA_NAO_DEMONSTRADA,ALERTAS_DE_REVISAO_PRESENTES,INCERTEZA_EXPLICITA_NAO_AGREGADA,MASCARAMENTO_HIDROESTRATIGRAFICO_POSSIVEL|UNKNOWN_EVIDENCIA_DATADA|UNKNOWN_EVIDENCIA_HIDRAULICA|UNKNOWN_EVIDENCIA_HIDROQUIMICA|UNKNOWN_HIDROESTRATIGRAFIA_EM_PARTE_DOS_POCOS|UNKNOWN_INDEPENDENCIA_HIDROGEOLOGICA|UNKNOWN_INTERVALO_CAPTADO|UNKNOWN_QA_HIDROQUIMICO_COMPLETO|UNKNOWN_SERIE_TEMPORAL,"{""espacial"":""SEM_ALERTA_OBJETIVO_DE_LOCALIZACAO"",""hidraulica"":""UNKNOWN_SEM_EVIDENCIA_HIDRAULICA_NO_CONJUNTO"",""hidroestratigrafica"":""REVISAO_OU_UNKNOWN_PRESENTE"",""hidroquimica"":""UNKNOWN_SEM_EVIDENCIA_HIDROQUIMICA_NO_CONJUNTO"",""incerteza"":""INCERTEZA_EXPLICITA_NAO_AGREGADA"",""independencia"":""UNKNOWN_INDEPENDENCIA_HIDROGEOLOGICA_NAO_DEMONSTRADA"",""qualidade_documental"":""ALERTAS_DE_REVISAO_PRESENTES"",""temporal"":""UNKNOWN_SEM_EVIDENCIA_DATADA_E_SEM_SERIE"",""vertical"":""PARCIAL_SEM_INTERVALO_CAPTADO_DEMONSTRADO""}"
SCALE-1000-O00-00251,1000,O00,1000.0000000000462,0,SEM_POCO_NO_CONJUNTO_AUDITADO,33.13452731162338,2,Formação Pantanal,80.81422496948447,1,Granular (Gr),100.0,False,False,0,,0,,0,,0,,0,,0,,0,,0,0,,0,,0,,0,,0,,0,,0,,0,,0,0,0,0,,0,,,0,0,,0,,0,,0,,0,,0,,,SEM_POCO_NO_CONJUNTO_AUDITADO,UNKNOWN_SEM_POCO_PARA_AVALIACAO_LOCAL,UNKNOWN_SEM_POCO_PARA_AVALIACAO_VERTICAL,UNKNOWN_SEM_POCO_PARA_AVALIACAO_HIDRAULICA,UNKNOWN_SEM_POCO_PARA_AVALIACAO_HIDROQUIMICA,UNKNOWN_SEM_POCO_PARA_AVALIACAO_TEMPORAL,UNKNOWN_INDEPENDENCIA_HIDROGEOLOGICA_NAO_DEMONSTRADA,UNKNOWN_SEM_POCO_PARA_AVALIACAO_DOCUMENTAL,INCERTEZA_EXPLICITA_NAO_AGREGADA,UNKNOWN_SEM_POCO_NO_CONJUNTO_AUDITADO,"{""espacial"":""SEM_POCO_NO_CONJUNTO_AUDITADO"",""hidraulica"":""UNKNOWN_SEM_POCO_PARA_AVALIACAO_HIDRAULICA"",""hidroestratigrafica"":""UNKNOWN_SEM_POCO_PARA_AVALIACAO_LOCAL"",""hidroquimica"":""UNKNOWN_SEM_POCO_PARA_AVALIACAO_HIDROQUIMICA"",""incerteza"":""INCERTEZA_EXPLICITA_NAO_AGREGADA"",""independencia"":""UNKNOWN_INDEPENDENCIA_HIDROGEOLOGICA_NAO_DEMONSTRADA"",""qualidade_documental"":""UNKNOWN_SEM_POCO_PARA_AVALIACAO_DOCUMENTAL"",""temporal"":""UNKNOWN_SEM_POCO_PARA_AVALIACAO_TEMPORAL"",""vertical"":""UNKNOWN_SEM_POCO_PARA_AVALIACAO_VERTICAL""}"
SCALE-1000-O00-00252,1000,O00,1000.0000000000462,0,SEM_POCO_NO_CONJUNTO_AUDITADO,41.46538603658858,2,Formação Pantanal,85.92266015198773,1,Granular (Gr),100.0,False,False,0,,0,,0,,0,,0,,0,,0,,0,0,,0,,0,,0,,0,,0,,0,,0,,0,0,0,0,,0,,,0,0,,0,,0,,0,,0,,0,,,SEM_POCO_NO_CONJUNTO_AUDITADO,UNKNOWN_SEM_POCO_PARA_AVALIACAO_LOCAL,UNKNOWN_SEM_POCO_PARA_AVALIACAO_VERTICAL,UNKNOWN_SEM_POCO_PARA_AVALIACAO_HIDRAULICA,UNKNOWN_SEM_POCO_PARA_AVALIACAO_HIDROQUIMICA,UNKNOWN_SEM_POCO_PARA_AVALIACAO_TEMPORAL,UNKNOWN_INDEPENDENCIA_HIDROGEOLOGICA_NAO_DEMONSTRADA,UNKNOWN_SEM_POCO_PARA_AVALIACAO_DOCUMENTAL,INCERTEZA_EXPLICITA_NAO_AGREGADA,UNKNOWN_SEM_POCO_NO_CONJUNTO_AUDITADO,"{""espacial"":""SEM_POCO_NO_CONJUNTO_AUDITADO"",""hidraulica"":""UNKNOWN_SEM_POCO_PARA_AVALIACAO_HIDRAULICA"",""hidroestratigrafica"":""UNKNOWN_SEM_POCO_PARA_AVALIACAO_LOCAL"",""hidroquimica"":""UNKNOWN_SEM_POCO_PARA_AVALIACAO_HIDROQUIMICA"",""incerteza"":""INCERTEZA_EXPLICITA_NAO_AGREGADA"",""independencia"":""UNKNOWN_INDEPENDENCIA_HIDROGEOLOGICA_NAO_DEMONSTRADA"",""qualidade_documental"":""UNKNOWN_SEM_POCO_PARA_AVALIACAO_DOCUMENTAL"",""temporal"":""UNKNOWN_SEM_POCO_PARA_AVALIACAO_TEMPORAL"",""vertical"":""UNKNOWN_SEM_POCO_PARA_AVALIACAO_VERTICAL""}"
SCALE-1000-O00-00253,1000,O00,1000.0000000000462,0,SEM_POCO_NO_CONJUNTO_AUDITADO,52.8065024318227,2,Formação Pantanal,86.5665604483967,1,Granular (Gr),100.0,False,False,0,,0,,0,,0,,0,,0,,0,,0,0,,0,,0,,0,,0,,0,,0,,0,,0,0,0,0,,0,,,0,0,,0,,0,,0,,0,,0,,,SEM_POCO_NO_CONJUNTO_AUDITADO,UNKNOWN_SEM_POCO_PARA_AVALIACAO_LOCAL,UNKNOWN_SEM_POCO_PARA_AVALIACAO_VERTICAL,UNKNOWN_SEM_POCO_PARA_AVALIACAO_HIDRAULICA,UNKNOWN_SEM_POCO_PARA_AVALIACAO_HIDROQUIMICA,UNKNOWN_SEM_POCO_PARA_AVALIACAO_TEMPORAL,UNKNOWN_INDEPENDENCIA_HIDROGEOLOGICA_NAO_DEMONSTRADA,UNKNOWN_SEM_POCO_PARA_AVALIACAO_DOCUMENTAL,INCERTEZA_EXPLICITA_NAO_AGREGADA,UNKNOWN_SEM_POCO_NO_CONJUNTO_AUDITADO,"{""espacial"":""SEM_POCO_NO_CONJUNTO_AUDITADO"",""hidraulica"":""UNKNOWN_SEM_POCO_PARA_AVALIACAO_HIDRAULICA"",""hidroestratigrafica"":""UNKNOWN_SEM_POCO_PARA_AVALIACAO_LOCAL"",""hidroquimica"":""UNKNOWN_SEM_POCO_PARA_AVALIACAO_HIDROQUIMICA"",""incerteza"":""INCERTEZA_EXPLICITA_NAO_AGREGADA"",""independencia"":""UNKNOWN_INDEPENDENCIA_HIDROGEOLOGICA_NAO_DEMONSTRADA"",""qualidade_documental"":""UNKNOWN_SEM_POCO_PARA_AVALIACAO_DOCUMENTAL"",""temporal"":""UNKNOWN_SEM_POCO_PARA_AVALIACAO_TEMPORAL"",""vertical"":""UNKNOWN_SEM_POCO_PARA_AVALIACAO_VERTICAL""}"
SCALE-1000-O00-00254,1000,O00,1000.0000000000462,0,SEM_POCO_NO_CONJUNTO_AUDITADO,66.65058199246133,2,Formação Pantanal,84.8136985763636,1,Granular (Gr),100.0,False,False,0,,0,,0,,0,,0,,0,,0,,0,0,,0,,0,,0,,0,,0,,0,,0,,0,0,0,0,,0,,,0,0,,0,,0,,0,,0,,0,,,SEM_POCO_NO_CONJUNTO_AUDITADO,UNKNOWN_SEM_POCO_PARA_AVALIACAO_LOCAL,UNKNOWN_SEM_POCO_PARA_AVALIACAO_VERTICAL,UNKNOWN_SEM_POCO_PARA_AVALIACAO_HIDRAULICA,UNKNOWN_SEM_POCO_PARA_AVALIACAO_HIDROQUIMICA,UNKNOWN_SEM_POCO_PARA_AVALIACAO_TEMPORAL,UNKNOWN_INDEPENDENCIA_HIDROGEOLOGICA_NAO_DEMONSTRADA,UNKNOWN_SEM_POCO_PARA_AVALIACAO_DOCUMENTAL,INCERTEZA_EXPLICITA_NAO_AGREGADA,UNKNOWN_SEM_POCO_NO_CONJUNTO_AUDITADO,"{""espacial"":""SEM_POCO_NO_CONJUNTO_AUDITADO"",""hidraulica"":""UNKNOWN_SEM_POCO_PARA_AVALIACAO_HIDRAULICA"",""hidroestratigrafica"":""UNKNOWN_SEM_POCO_PARA_AVALIACAO_LOCAL"",""hidroquimica"":""UNKNOWN_SEM_POCO_PARA_AVALIACAO_HIDROQUIMICA"",""incerteza"":""INCERTEZA_EXPLICITA_NAO_AGREGADA"",""independencia"":""UNKNOWN_INDEPENDENCIA_HIDROGEOLOGICA_NAO_DEMONSTRADA"",""qualidade_documental"":""UNKNOWN_SEM_POCO_PARA_AVALIACAO_DOCUMENTAL"",""temporal"":""UNKNOWN_SEM_POCO_PARA_AVALIACAO_TEMPORAL"",""vertical"":""UNKNOWN_SEM_POCO_PARA_AVALIACAO_VERTICAL""}"
SCALE-1000-O00-00255,1000,O00,1000.0000000000462,0,SEM_POCO_NO_CONJUNTO_AUDITADO,51.512201230635526,3,Formação Pantanal,93.1605204745276,2,Granular (Gr),99.50621725032478,False,False,0,,0,,0,,0,,0,,0,,0,,0,0,,0,,0,,0,,0,,0,,0,,0,,0,0,0,0,,0,,,0,0,,0,,0,,0,,0,,0,,,SEM_POCO_NO_CONJUNTO_AUDITADO,UNKNOWN_SEM_POCO_PARA_AVALIACAO_LOCAL,UNKNOWN_SEM_POCO_PARA_AVALIACAO_VERTICAL,UNKNOWN_SEM_POCO_PARA_AVALIACAO_HIDRAULICA,UNKNOWN_SEM_POCO_PARA_AVALIACAO_HIDROQUIMICA,UNKNOWN_SEM_POCO_PARA_AVALIACAO_TEMPORAL,UNKNOWN_INDEPENDENCIA_HIDROGEOLOGICA_NAO_DEMONSTRADA,UNKNOWN_SEM_POCO_PARA_AVALIACAO_DOCUMENTAL,INCERTEZA_EXPLICITA_NAO_AGREGADA,UNKNOWN_SEM_POCO_NO_CONJUNTO_AUDITADO,"{""espacial"":""SEM_POCO_NO_CONJUNTO_AUDITADO"",""hidraulica"":""UNKNOWN_SEM_POCO_PARA_AVALIACAO_HIDRAULICA"",""hidroestratigrafica"":""UNKNOWN_SEM_POCO_PARA_AVALIACAO_LOCAL"",""hidroquimica"":""UNKNOWN_SEM_POCO_PARA_AVALIACAO_HIDROQUIMICA"",""incerteza"":""INCERTEZA_EXPLICITA_NAO_AGREGADA"",""independencia"":""UNKNOWN_INDEPENDENCIA_HIDROGEOLOGICA_NAO_DEMONSTRADA"",""qualidade_documental"":""UNKNOWN_SEM_POCO_PARA_AVALIACAO_DOCUMENTAL"",""temporal"":""UNKNOWN_SEM_POCO_PARA_AVALIACAO_TEMPORAL"",""vertical"":""UNKNOWN_SEM_POCO_PARA_AVALIACAO_VERTICAL""}"
SCALE-1000-O00-00256,1000,O00,1000.0000000000462,1,COM_POCO_NO_CONJUNTO_AUDITADO,22.18597320408644,7,Formação Furnas,37.380627145855996,2,Granular (Gr),94.64729910114174,True,False,0,0.0,0,0.0,0,0.0,0,0.0,1,100.0,1,100.0,1,100.0,0,1,100.0,1,100.0,1,100.0,1,100.0,1,100.0,0,0.0,1,100.0,1,100.0,1,2,2,1,100.0,1,100.0,15.90450180359624,0,0,0.0,0,0.0,0,0.0,1,100.0,1,100.0,0,0.0,5.0,SEM_ALERTA_OBJETIVO_DE_LOCALIZACAO,DOCUMENTACAO_HIDROESTRATIGRAFICA_SEM_ALERTA_OBJETIVO,PARCIAL_SEM_INTERVALO_CAPTADO_DEMONSTRADO,ENSAIO_COM_METADADOS_MINIMOS_PRESENTE,EVIDENCIA_HIDROQUIMICA_PARCIAL_PRESENTE_SEM_QA_COMPLETO,EVIDENCIA_DATADA_PRESENTE_SEM_SERIE,UNKNOWN_INDEPENDENCIA_HIDROGEOLOGICA_NAO_DEMONSTRADA,ALERTAS_DE_REVISAO_PRESENTES,INCERTEZA_EXPLICITA_NAO_AGREGADA,MASCARAMENTO_HIDROESTRATIGRAFICO_POSSIVEL|UNKNOWN_INDEPENDENCIA_HIDROGEOLOGICA|UNKNOWN_INTERVALO_CAPTADO|UNKNOWN_QA_HIDROQUIMICO_COMPLETO|UNKNOWN_SERIE_TEMPORAL,"{""espacial"":""SEM_ALERTA_OBJETIVO_DE_LOCALIZACAO"",""hidraulica"":""ENSAIO_COM_METADADOS_MINIMOS_PRESENTE"",""hidroestratigrafica"":""DOCUMENTACAO_HIDROESTRATIGRAFICA_SEM_ALERTA_OBJETIVO"",""hidroquimica"":""EVIDENCIA_HIDROQUIMICA_PARCIAL_PRESENTE_SEM_QA_COMPLETO"",""incerteza"":""INCERTEZA_EXPLICITA_NAO_AGREGADA"",""independencia"":""UNKNOWN_INDEPENDENCIA_HIDROGEOLOGICA_NAO_DEMONSTRADA"",""qualidade_documental"":""ALERTAS_DE_REVISAO_PRESENTES"",""temporal"":""EVIDENCIA_DATADA_PRESENTE_SEM_SERIE"",""vertical"":""PARCIAL_SEM_INTERVALO_CAPTADO_DEMONSTRADO""}"
SCALE-1000-O00-00257,1000,O00,1000.0000000000462,9,COM_POCO_NO_CONJUNTO_AUDITADO,12.455761259324126,3,Formação Aquidauana,53.67881775961059,1,Granular (Gr),100.0,False,False,0,0.0,0,0.0,3,33.333333333333336,2,22.22222222222222,7,77.77777777777777,5,55.55555555555556,0,0.0,0,7,77.77777777777777,5,55.55555555555556,5,55.55555555555556,1,11.11111111111111,1,11.11111111111111,0,0.0,3,33.333333333333336,1,11.11111111111111,4,5,3,4,44.44444444444444,1,11.11111111111111,18.009952291970404,0,0,0.0,0,0.0,2,22.22222222222222,7,77.77777777777777,7,77.77777777777777,0,0.0,4.0,SEM_ALERTA_OBJETIVO_DE_LOCALIZACAO,REVISAO_OU_UNKNOWN_PRESENTE,PARCIAL_SEM_INTERVALO_CAPTADO_DEMONSTRADO,ENSAIO_COM_METADADOS_MINIMOS_PRESENTE,EVIDENCIA_HIDROQUIMICA_PARCIAL_PRESENTE_SEM_QA_COMPLETO,EVIDENCIA_DATADA_PRESENTE_SEM_SERIE,UNKNOWN_INDEPENDENCIA_HIDROGEOLOGICA_NAO_DEMONSTRADA,ALERTAS_DE_REVISAO_PRESENTES,INCERTEZA_EXPLICITA_NAO_AGREGADA,UNKNOWN_HIDROESTRATIGRAFIA_EM_PARTE_DOS_POCOS|UNKNOWN_INDEPENDENCIA_HIDROGEOLOGICA|UNKNOWN_INTERVALO_CAPTADO|UNKNOWN_QA_HIDROQUIMICO_COMPLETO|UNKNOWN_SERIE_TEMPORAL,"{""espacial"":""SEM_ALERTA_OBJETIVO_DE_LOCALIZACAO"",""hidraulica"":""ENSAIO_COM_METADADOS_MINIMOS_PRESENTE"",""hidroestratigrafica"":""REVISAO_OU_UNKNOWN_PRESENTE"",""hidroquimica"":""EVIDENCIA_HIDROQUIMICA_PARCIAL_PRESENTE_SEM_QA_COMPLETO"",""incerteza"":""INCERTEZA_EXPLICITA_NAO_AGREGADA"",""independencia"":""UNKNOWN_INDEPENDENCIA_HIDROGEOLOGICA_NAO_DEMONSTRADA"",""qualidade_documental"":""ALERTAS_DE_REVISAO_PRESENTES"",""temporal"":""EVIDENCIA_DATADA_PRESENTE_SEM_SERIE"",""vertical"":""PARCIAL_SEM_INTERVALO_CAPTADO_DEMONSTRADO""}"
SCALE-1000-O00-00258,1000,O00,1000.0000000000462,25,COM_POCO_NO_CONJUNTO_AUDITADO,14.428471752038844,4,Formação Botucatu,40.68710612828073,2,Granular (Gr),67.9880312006555,True,False,3,12.0,3,12.0,8,32.0,6,24.0,21,84.0,2,8.0,0,0.0,0,19,76.0,19,76.0,17,68.0,1,4.0,1,4.0,0,0.0,18,72.0,2,8.0,14,14,3,3,12.0,0,0.0,18.48908601819339,0,0,0.0,0,0.0,9,36.0,7,28.0,7,28.0,0,0.0,3.0,COM_COORDENADA_OU_MUNICIPIO_EM_REVISAO,REVISAO_OU_UNKNOWN_PRESENTE,PARCIAL_SEM_INTERVALO_CAPTADO_DEMONSTRADO,ENSAIO_COM_METADADOS_MINIMOS_PRESENTE,EVIDENCIA_HIDROQUIMICA_PARCIAL_PRESENTE_SEM_QA_COMPLETO,EVIDENCIA_DATADA_PRESENTE_SEM_SERIE,UNKNOWN_INDEPENDENCIA_HIDROGEOLOGICA_NAO_DEMONSTRADA,ALERTAS_DE_REVISAO_PRESENTES,INCERTEZA_EXPLICITA_NAO_AGREGADA,MASCARAMENTO_HIDROESTRATIGRAFICO_POSSIVEL|UNKNOWN_HIDROESTRATIGRAFIA_EM_PARTE_DOS_POCOS|UNKNOWN_INDEPENDENCIA_HIDROGEOLOGICA|UNKNOWN_INTERVALO_CAPTADO|UNKNOWN_QA_HIDROQUIMICO_COMPLETO|UNKNOWN_SERIE_TEMPORAL,"{""espacial"":""COM_COORDENADA_OU_MUNICIPIO_EM_REVISAO"",""hidraulica"":""ENSAIO_COM_METADADOS_MINIMOS_PRESENTE"",""hidroestratigrafica"":""REVISAO_OU_UNKNOWN_PRESENTE"",""hidroquimica"":""EVIDENCIA_HIDROQUIMICA_PARCIAL_PRESENTE_SEM_QA_COMPLETO"",""incerteza"":""INCERTEZA_EXPLICITA_NAO_AGREGADA"",""independencia"":""UNKNOWN_INDEPENDENCIA_HIDROGEOLOGICA_NAO_DEMONSTRADA"",""qualidade_documental"":""ALERTAS_DE_REVISAO_PRESENTES"",""temporal"":""EVIDENCIA_DATADA_PRESENTE_SEM_SERIE"",""vertical"":""PARCIAL_SEM_INTERVALO_CAPTADO_DEMONSTRADO""}"
SCALE-1000-O00-00259,1000,O00,1000.0000000000462,12,COM_POCO_NO_CONJUNTO_AUDITADO,10.461100602591888,3,Grupo Caiuá,58.658974290069786,2,Granular (Gr),75.01035434493477,False,False,0,0.0,0,0.0,1,8.333333333333334,5,41.666666666666664,12,100.0,3,25.0,0,0.0,0,12,100.0,12,100.0,11,91.66666666666667,3,25.0,3,25.0,0,0.0,8,66.66666666666667,1,8.333333333333334,7,8,3,4,33.333333333333336,1,8.333333333333334,13.6512043368447,0,0,0.0,0,0.0,2,16.666666666666668,4,33.333333333333336,4,33.333333333333336,0,0.0,4.0,SEM_ALERTA_OBJETIVO_DE_LOCALIZACAO,REVISAO_OU_UNKNOWN_PRESENTE,PARCIAL_SEM_INTERVALO_CAPTADO_DEMONSTRADO,ENSAIO_COM_METADADOS_MINIMOS_PRESENTE,EVIDENCIA_HIDROQUIMICA_PARCIAL_PRESENTE_SEM_QA_COMPLETO,EVIDENCIA_DATADA_PRESENTE_SEM_SERIE,UNKNOWN_INDEPENDENCIA_HIDROGEOLOGICA_NAO_DEMONSTRADA,ALERTAS_DE_REVISAO_PRESENTES,INCERTEZA_EXPLICITA_NAO_AGREGADA,UNKNOWN_HIDROESTRATIGRAFIA_EM_PARTE_DOS_POCOS|UNKNOWN_INDEPENDENCIA_HIDROGEOLOGICA|UNKNOWN_INTERVALO_CAPTADO|UNKNOWN_QA_HIDROQUIMICO_COMPLETO|UNKNOWN_SERIE_TEMPORAL,"{""espacial"":""SEM_ALERTA_OBJETIVO_DE_LOCALIZACAO"",""hidraulica"":""ENSAIO_COM_METADADOS_MINIMOS_PRESENTE"",""hidroestratigrafica"":""REVISAO_OU_UNKNOWN_PRESENTE"",""hidroquimica"":""EVIDENCIA_HIDROQUIMICA_PARCIAL_PRESENTE_SEM_QA_COMPLETO"",""incerteza"":""INCERTEZA_EXPLICITA_NAO_AGREGADA"",""independencia"":""UNKNOWN_INDEPENDENCIA_HIDROGEOLOGICA_NAO_DEMONSTRADA"",""qualidade_documental"":""ALERTAS_DE_REVISAO_PRESENTES"",""temporal"":""EVIDENCIA_DATADA_PRESENTE_SEM_SERIE"",""vertical"":""PARCIAL_SEM_INTERVALO_CAPTADO_DEMONSTRADO""}"
SCALE-1000-O00-00260,1000,O00,1000.0000000000462,15,COM_POCO_NO_CONJUNTO_AUDITADO,12.63775626539822,3,Grupo Caiuá,90.52126442900443,2,Granular (Gr),92.71539063281094,False,False,0,0.0,0,0.0,2,13.333333333333334,1,6.666666666666667,14,93.33333333333333,11,73.33333333333333,3,20.0,0,13,86.66666666666667,13,86.66666666666667,12,80.0,9,60.0,9,60.0,1,6.666666666666667,3,20.0,1,6.666666666666667,3,3,1,11,73.33333333333333,1,6.666666666666667,34.566075963229906,0,0,0.0,0,0.0,12,80.0,12,80.0,12,80.0,0,0.0,4.0,SEM_ALERTA_OBJETIVO_DE_LOCALIZACAO,REVISAO_OU_UNKNOWN_PRESENTE,PARCIAL_SEM_INTERVALO_CAPTADO_DEMONSTRADO,TRANSMISSIVIDADE_INFORMADA_NAO_VALIDADA_PRESENTE,EVIDENCIA_HIDROQUIMICA_PARCIAL_PRESENTE_SEM_QA_COMPLETO,EVIDENCIA_DATADA_PRESENTE_SEM_SERIE,UNKNOWN_INDEPENDENCIA_HIDROGEOLOGICA_NAO_DEMONSTRADA,ALERTAS_DE_REVISAO_PRESENTES,INCERTEZA_EXPLICITA_NAO_AGREGADA,UNKNOWN_HIDROESTRATIGRAFIA_EM_PARTE_DOS_POCOS|UNKNOWN_INDEPENDENCIA_HIDROGEOLOGICA|UNKNOWN_INTERVALO_CAPTADO|UNKNOWN_QA_HIDROQUIMICO_COMPLETO|UNKNOWN_SERIE_TEMPORAL,"{""espacial"":""SEM_ALERTA_OBJETIVO_DE_LOCALIZACAO"",""hidraulica"":""TRANSMISSIVIDADE_INFORMADA_NAO_VALIDADA_PRESENTE"",""hidroestratigrafica"":""REVISAO_OU_UNKNOWN_PRESENTE"",""hidroquimica"":""EVIDENCIA_HIDROQUIMICA_PARCIAL_PRESENTE_SEM_QA_COMPLETO"",""incerteza"":""INCERTEZA_EXPLICITA_NAO_AGREGADA"",""independencia"":""UNKNOWN_INDEPENDENCIA_HIDROGEOLOGICA_NAO_DEMONSTRADA"",""qualidade_documental"":""ALERTAS_DE_REVISAO_PRESENTES"",""temporal"":""EVIDENCIA_DATADA_PRESENTE_SEM_SERIE"",""vertical"":""PARCIAL_SEM_INTERVALO_CAPTADO_DEMONSTRADO""}"
SCALE-1000-O00-00261,1000,O00,1000.0000000000462,1,COM_POCO_NO_CONJUNTO_AUDITADO,17.389816695183484,2,Grupo Caiuá,94.54777401265189,2,Granular (Gr),94.54777401265189,False,False,0,0.0,0,0.0,1,100.0,0,0.0,0,0.0,0,0.0,0,0.0,0,0,0.0,0,0.0,0,0.0,0,0.0,0,0.0,0,0.0,0,0.0,0,0.0,0,0,0,0,0.0,0,0.0,,0,0,0.0,0,0.0,0,0.0,1,100.0,1,100.0,0,0.0,0.0,SEM_ALERTA_OBJETIVO_DE_LOCALIZACAO,REVISAO_OU_UNKNOWN_PRESENTE,PARCIAL_SEM_INTERVALO_CAPTADO_DEMONSTRADO,UNKNOWN_SEM_EVIDENCIA_HIDRAULICA_NO_CONJUNTO,UNKNOWN_SEM_EVIDENCIA_HIDROQUIMICA_NO_CONJUNTO,UNKNOWN_SEM_EVIDENCIA_DATADA_E_SEM_SERIE,UNKNOWN_INDEPENDENCIA_HIDROGEOLOGICA_NAO_DEMONSTRADA,ALERTAS_DE_REVISAO_PRESENTES,INCERTEZA_EXPLICITA_NAO_AGREGADA,UNKNOWN_EVIDENCIA_DATADA|UNKNOWN_EVIDENCIA_HIDRAULICA|UNKNOWN_EVIDENCIA_HIDROQUIMICA|UNKNOWN_HIDROESTRATIGRAFIA_EM_PARTE_DOS_POCOS|UNKNOWN_INDEPENDENCIA_HIDROGEOLOGICA|UNKNOWN_INTERVALO_CAPTADO|UNKNOWN_QA_HIDROQUIMICO_COMPLETO|UNKNOWN_SERIE_TEMPORAL,"{""espacial"":""SEM_ALERTA_OBJETIVO_DE_LOCALIZACAO"",""hidraulica"":""UNKNOWN_SEM_EVIDENCIA_HIDRAULICA_NO_CONJUNTO"",""hidroestratigrafica"":""REVISAO_OU_UNKNOWN_PRESENTE"",""hidroquimica"":""UNKNOWN_SEM_EVIDENCIA_HIDROQUIMICA_NO_CONJUNTO"",""incerteza"":""INCERTEZA_EXPLICITA_NAO_AGREGADA"",""independencia"":""UNKNOWN_INDEPENDENCIA_HIDROGEOLOGICA_NAO_DEMONSTRADA"",""qualidade_documental"":""ALERTAS_DE_REVISAO_PRESENTES"",""temporal"":""UNKNOWN_SEM_EVIDENCIA_DATADA_E_SEM_SERIE"",""vertical"":""PARCIAL_SEM_INTERVALO_CAPTADO_DEMONSTRADO""}"
SCALE-1000-O00-00262,1000,O00,1000.0000000000462,1,COM_POCO_NO_CONJUNTO_AUDITADO,20.622120834875123,2,Grupo Caiuá,95.98310264810576,2,Granular (Gr),95.98310264810576,False,False,0,0.0,0,0.0,1,100.0,0,0.0,0,0.0,0,0.0,0,0.0,0,0,0.0,0,0.0,0,0.0,0,0.0,0,0.0,0,0.0,0,0.0,0,0.0,0,0,0,0,0.0,0,0.0,,0,0,0.0,0,0.0,0,0.0,1,100.0,1,100.0,0,0.0,0.0,SEM_ALERTA_OBJETIVO_DE_LOCALIZACAO,REVISAO_OU_UNKNOWN_PRESENTE,PARCIAL_SEM_INTERVALO_CAPTADO_DEMONSTRADO,UNKNOWN_SEM_EVIDENCIA_HIDRAULICA_NO_CONJUNTO,UNKNOWN_SEM_EVIDENCIA_HIDROQUIMICA_NO_CONJUNTO,UNKNOWN_SEM_EVIDENCIA_DATADA_E_SEM_SERIE,UNKNOWN_INDEPENDENCIA_HIDROGEOLOGICA_NAO_DEMONSTRADA,ALERTAS_DE_REVISAO_PRESENTES,INCERTEZA_EXPLICITA_NAO_AGREGADA,UNKNOWN_EVIDENCIA_DATADA|UNKNOWN_EVIDENCIA_HIDRAULICA|UNKNOWN_EVIDENCIA_HIDROQUIMICA|UNKNOWN_HIDROESTRATIGRAFIA_EM_PARTE_DOS_POCOS|UNKNOWN_INDEPENDENCIA_HIDROGEOLOGICA|UNKNOWN_INTERVALO_CAPTADO|UNKNOWN_QA_HIDROQUIMICO_COMPLETO|UNKNOWN_SERIE_TEMPORAL,"{""espacial"":""SEM_ALERTA_OBJETIVO_DE_LOCALIZACAO"",""hidraulica"":""UNKNOWN_SEM_EVIDENCIA_HIDRAULICA_NO_CONJUNTO"",""hidroestratigrafica"":""REVISAO_OU_UNKNOWN_PRESENTE"",""hidroquimica"":""UNKNOWN_SEM_EVIDENCIA_HIDROQUIMICA_NO_CONJUNTO"",""incerteza"":""INCERTEZA_EXPLICITA_NAO_AGREGADA"",""independencia"":""UNKNOWN_INDEPENDENCIA_HIDROGEOLOGICA_NAO_DEMONSTRADA"",""qualidade_documental"":""ALERTAS_DE_REVISAO_PRESENTES"",""temporal"":""UNKNOWN_SEM_EVIDENCIA_DATADA_E_SEM_SERIE"",""vertical"":""PARCIAL_SEM_INTERVALO_CAPTADO_DEMONSTRADO""}"
SCALE-1000-O00-00263,1000,O00,1000.0000000000462,0,SEM_POCO_NO_CONJUNTO_AUDITADO,27.340437860511013,1,Grupo Caiuá,100.0,1,Granular (Gr),100.0,False,False,0,,0,,0,,0,,0,,0,,0,,0,0,,0,,0,,0,,0,,0,,0,,0,,0,0,0,0,,0,,,0,0,,0,,0,,0,,0,,0,,,SEM_POCO_NO_CONJUNTO_AUDITADO,UNKNOWN_SEM_POCO_PARA_AVALIACAO_LOCAL,UNKNOWN_SEM_POCO_PARA_AVALIACAO_VERTICAL,UNKNOWN_SEM_POCO_PARA_AVALIACAO_HIDRAULICA,UNKNOWN_SEM_POCO_PARA_AVALIACAO_HIDROQUIMICA,UNKNOWN_SEM_POCO_PARA_AVALIACAO_TEMPORAL,UNKNOWN_INDEPENDENCIA_HIDROGEOLOGICA_NAO_DEMONSTRADA,UNKNOWN_SEM_POCO_PARA_AVALIACAO_DOCUMENTAL,INCERTEZA_EXPLICITA_NAO_AGREGADA,UNKNOWN_SEM_POCO_NO_CONJUNTO_AUDITADO,"{""espacial"":""SEM_POCO_NO_CONJUNTO_AUDITADO"",""hidraulica"":""UNKNOWN_SEM_POCO_PARA_AVALIACAO_HIDRAULICA"",""hidroestratigrafica"":""UNKNOWN_SEM_POCO_PARA_AVALIACAO_LOCAL"",""hidroquimica"":""UNKNOWN_SEM_POCO_PARA_AVALIACAO_HIDROQUIMICA"",""incerteza"":""INCERTEZA_EXPLICITA_NAO_AGREGADA"",""independencia"":""UNKNOWN_INDEPENDENCIA_HIDROGEOLOGICA_NAO_DEMONSTRADA"",""qualidade_documental"":""UNKNOWN_SEM_POCO_PARA_AVALIACAO_DOCUMENTAL"",""temporal"":""UNKNOWN_SEM_POCO_PARA_AVALIACAO_TEMPORAL"",""vertical"":""UNKNOWN_SEM_POCO_PARA_AVALIACAO_VERTICAL""}"
SCALE-1000-O00-00264,1000,O00,1000.0000000000462,2,COM_POCO_NO_CONJUNTO_AUDITADO,25.038301189198023,2,Grupo Caiuá,92.93852317039793,2,Granular (Gr),92.93852317039793,False,False,0,0.0,0,0.0,0,0.0,2,100.0,2,100.0,0,0.0,0,0.0,0,2,100.0,2,100.0,2,100.0,0,0.0,0,0.0,0,0.0,2,100.0,0,0.0,2,2,1,0,0.0,0,0.0,,0,0,0.0,0,0.0,0,0.0,0,0.0,0,0.0,0,0.0,4.0,SEM_ALERTA_OBJETIVO_DE_LOCALIZACAO,REVISAO_OU_UNKNOWN_PRESENTE,PARCIAL_SEM_INTERVALO_CAPTADO_DEMONSTRADO,EVIDENCIA_HIDRAULICA_PARCIAL_PRESENTE,EVIDENCIA_HIDROQUIMICA_PARCIAL_PRESENTE_SEM_QA_COMPLETO,UNKNOWN_SEM_EVIDENCIA_DATADA_E_SEM_SERIE,UNKNOWN_INDEPENDENCIA_HIDROGEOLOGICA_NAO_DEMONSTRADA,SEM_ALERTA_OBJETIVO_NAS_REGRAS_ATUAIS,INCERTEZA_EXPLICITA_NAO_AGREGADA,UNKNOWN_EVIDENCIA_DATADA|UNKNOWN_INDEPENDENCIA_HIDROGEOLOGICA|UNKNOWN_INTERVALO_CAPTADO|UNKNOWN_QA_HIDROQUIMICO_COMPLETO|UNKNOWN_SERIE_TEMPORAL,"{""espacial"":""SEM_ALERTA_OBJETIVO_DE_LOCALIZACAO"",""hidraulica"":""EVIDENCIA_HIDRAULICA_PARCIAL_PRESENTE"",""hidroestratigrafica"":""REVISAO_OU_UNKNOWN_PRESENTE"",""hidroquimica"":""EVIDENCIA_HIDROQUIMICA_PARCIAL_PRESENTE_SEM_QA_COMPLETO"",""incerteza"":""INCERTEZA_EXPLICITA_NAO_AGREGADA"",""independencia"":""UNKNOWN_INDEPENDENCIA_HIDROGEOLOGICA_NAO_DEMONSTRADA"",""qualidade_documental"":""SEM_ALERTA_OBJETIVO_NAS_REGRAS_ATUAIS"",""temporal"":""UNKNOWN_SEM_EVIDENCIA_DATADA_E_SEM_SERIE"",""vertical"":""PARCIAL_SEM_INTERVALO_CAPTADO_DEMONSTRADO""}"
SCALE-1000-O00-00265,1000,O00,1000.0000000000462,0,SEM_POCO_NO_CONJUNTO_AUDITADO,35.506895472949914,2,Grupo Caiuá,79.21049563671767,2,Granular (Gr),79.21049563671767,False,False,0,,0,,0,,0,,0,,0,,0,,0,0,,0,,0,,0,,0,,0,,0,,0,,0,0,0,0,,0,,,0,0,,0,,0,,0,,0,,0,,,SEM_POCO_NO_CONJUNTO_AUDITADO,UNKNOWN_SEM_POCO_PARA_AVALIACAO_LOCAL,UNKNOWN_SEM_POCO_PARA_AVALIACAO_VERTICAL,UNKNOWN_SEM_POCO_PARA_AVALIACAO_HIDRAULICA,UNKNOWN_SEM_POCO_PARA_AVALIACAO_HIDROQUIMICA,UNKNOWN_SEM_POCO_PARA_AVALIACAO_TEMPORAL,UNKNOWN_INDEPENDENCIA_HIDROGEOLOGICA_NAO_DEMONSTRADA,UNKNOWN_SEM_POCO_PARA_AVALIACAO_DOCUMENTAL,INCERTEZA_EXPLICITA_NAO_AGREGADA,UNKNOWN_SEM_POCO_NO_CONJUNTO_AUDITADO,"{""espacial"":""SEM_POCO_NO_CONJUNTO_AUDITADO"",""hidraulica"":""UNKNOWN_SEM_POCO_PARA_AVALIACAO_HIDRAULICA"",""hidroestratigrafica"":""UNKNOWN_SEM_POCO_PARA_AVALIACAO_LOCAL"",""hidroquimica"":""UNKNOWN_SEM_POCO_PARA_AVALIACAO_HIDROQUIMICA"",""incerteza"":""INCERTEZA_EXPLICITA_NAO_AGREGADA"",""independencia"":""UNKNOWN_INDEPENDENCIA_HIDROGEOLOGICA_NAO_DEMONSTRADA"",""qualidade_documental"":""UNKNOWN_SEM_POCO_PARA_AVALIACAO_DOCUMENTAL"",""temporal"":""UNKNOWN_SEM_POCO_PARA_AVALIACAO_TEMPORAL"",""vertical"":""UNKNOWN_SEM_POCO_PARA_AVALIACAO_VERTICAL""}"
SCALE-1000-O00-00266,1000,O00,1000.0000000000462,17,COM_POCO_NO_CONJUNTO_AUDITADO,23.769832461726654,3,Grupo Bauru,54.140749868238885,2,Granular (Gr),98.05428949884454,False,False,0,0.0,0,0.0,2,11.764705882352942,7,41.1764705882353,17,100.0,14,82.3529411764706,2,11.764705882352942,0,15,88.23529411764706,15,88.23529411764706,14,82.3529411764706,10,58.8235294117647,10,58.8235294117647,0,0.0,6,35.294117647058826,4,23.529411764705884,7,13,5,14,82.3529411764706,4,23.529411764705884,38.262250422664394,0,0,0.0,0,0.0,15,88.23529411764706,14,82.3529411764706,14,82.3529411764706,0,0.0,4.0,SEM_ALERTA_OBJETIVO_DE_LOCALIZACAO,REVISAO_OU_UNKNOWN_PRESENTE,PARCIAL_SEM_INTERVALO_CAPTADO_DEMONSTRADO,ENSAIO_COM_METADADOS_MINIMOS_PRESENTE,EVIDENCIA_HIDROQUIMICA_PARCIAL_PRESENTE_SEM_QA_COMPLETO,EVIDENCIA_DATADA_PRESENTE_SEM_SERIE,UNKNOWN_INDEPENDENCIA_HIDROGEOLOGICA_NAO_DEMONSTRADA,ALERTAS_DE_REVISAO_PRESENTES,INCERTEZA_EXPLICITA_NAO_AGREGADA,UNKNOWN_HIDROESTRATIGRAFIA_EM_PARTE_DOS_POCOS|UNKNOWN_INDEPENDENCIA_HIDROGEOLOGICA|UNKNOWN_INTERVALO_CAPTADO|UNKNOWN_QA_HIDROQUIMICO_COMPLETO|UNKNOWN_SERIE_TEMPORAL,"{""espacial"":""SEM_ALERTA_OBJETIVO_DE_LOCALIZACAO"",""hidraulica"":""ENSAIO_COM_METADADOS_MINIMOS_PRESENTE"",""hidroestratigrafica"":""REVISAO_OU_UNKNOWN_PRESENTE"",""hidroquimica"":""EVIDENCIA_HIDROQUIMICA_PARCIAL_PRESENTE_SEM_QA_COMPLETO"",""incerteza"":""INCERTEZA_EXPLICITA_NAO_AGREGADA"",""independencia"":""UNKNOWN_INDEPENDENCIA_HIDROGEOLOGICA_NAO_DEMONSTRADA"",""qualidade_documental"":""ALERTAS_DE_REVISAO_PRESENTES"",""temporal"":""EVIDENCIA_DATADA_PRESENTE_SEM_SERIE"",""vertical"":""PARCIAL_SEM_INTERVALO_CAPTADO_DEMONSTRADO""}"
SCALE-1000-O00-00267,1000,O00,1000.0000000000462,0,SEM_POCO_NO_CONJUNTO_AUDITADO,29.76823938840904,1,Grupo Bauru,100.0,1,Granular (Gr),100.0,False,False,0,,0,,0,,0,,0,,0,,0,,0,0,,0,,0,,0,,0,,0,,0,,0,,0,0,0,0,,0,,,0,0,,0,,0,,0,,0,,0,,,SEM_POCO_NO_CONJUNTO_AUDITADO,UNKNOWN_SEM_POCO_PARA_AVALIACAO_LOCAL,UNKNOWN_SEM_POCO_PARA_AVALIACAO_VERTICAL,UNKNOWN_SEM_POCO_PARA_AVALIACAO_HIDRAULICA,UNKNOWN_SEM_POCO_PARA_AVALIACAO_HIDROQUIMICA,UNKNOWN_SEM_POCO_PARA_AVALIACAO_TEMPORAL,UNKNOWN_INDEPENDENCIA_HIDROGEOLOGICA_NAO_DEMONSTRADA,UNKNOWN_SEM_POCO_PARA_AVALIACAO_DOCUMENTAL,INCERTEZA_EXPLICITA_NAO_AGREGADA,UNKNOWN_SEM_POCO_NO_CONJUNTO_AUDITADO,"{""espacial"":""SEM_POCO_NO_CONJUNTO_AUDITADO"",""hidraulica"":""UNKNOWN_SEM_POCO_PARA_AVALIACAO_HIDRAULICA"",""hidroestratigrafica"":""UNKNOWN_SEM_POCO_PARA_AVALIACAO_LOCAL"",""hidroquimica"":""UNKNOWN_SEM_POCO_PARA_AVALIACAO_HIDROQUIMICA"",""incerteza"":""INCERTEZA_EXPLICITA_NAO_AGREGADA"",""independencia"":""UNKNOWN_INDEPENDENCIA_HIDROGEOLOGICA_NAO_DEMONSTRADA"",""qualidade_documental"":""UNKNOWN_SEM_POCO_PARA_AVALIACAO_DOCUMENTAL"",""temporal"":""UNKNOWN_SEM_POCO_PARA_AVALIACAO_TEMPORAL"",""vertical"":""UNKNOWN_SEM_POCO_PARA_AVALIACAO_VERTICAL""}"
SCALE-1000-O00-00268,1000,O00,1000.0000000000462,21,COM_POCO_NO_CONJUNTO_AUDITADO,24.628094024933382,2,Grupo Bauru,90.38680879756947,2,Granular (Gr),90.38680879756947,False,False,0,0.0,0,0.0,8,38.095238095238095,9,42.857142857142854,20,95.23809523809524,8,38.095238095238095,2,9.523809523809524,0,14,66.66666666666667,14,66.66666666666667,13,61.904761904761905,4,19.047619047619047,4,19.047619047619047,0,0.0,8,38.095238095238095,2,9.523809523809524,8,9,3,8,38.095238095238095,2,9.523809523809524,39.15207019993565,0,0,0.0,0,0.0,17,80.95238095238095,9,42.857142857142854,9,42.857142857142854,0,0.0,4.0,SEM_ALERTA_OBJETIVO_DE_LOCALIZACAO,REVISAO_OU_UNKNOWN_PRESENTE,PARCIAL_SEM_INTERVALO_CAPTADO_DEMONSTRADO,ENSAIO_COM_METADADOS_MINIMOS_PRESENTE,EVIDENCIA_HIDROQUIMICA_PARCIAL_PRESENTE_SEM_QA_COMPLETO,EVIDENCIA_DATADA_PRESENTE_SEM_SERIE,UNKNOWN_INDEPENDENCIA_HIDROGEOLOGICA_NAO_DEMONSTRADA,ALERTAS_DE_REVISAO_PRESENTES,INCERTEZA_EXPLICITA_NAO_AGREGADA,UNKNOWN_HIDROESTRATIGRAFIA_EM_PARTE_DOS_POCOS|UNKNOWN_INDEPENDENCIA_HIDROGEOLOGICA|UNKNOWN_INTERVALO_CAPTADO|UNKNOWN_QA_HIDROQUIMICO_COMPLETO|UNKNOWN_SERIE_TEMPORAL,"{""espacial"":""SEM_ALERTA_OBJETIVO_DE_LOCALIZACAO"",""hidraulica"":""ENSAIO_COM_METADADOS_MINIMOS_PRESENTE"",""hidroestratigrafica"":""REVISAO_OU_UNKNOWN_PRESENTE"",""hidroquimica"":""EVIDENCIA_HIDROQUIMICA_PARCIAL_PRESENTE_SEM_QA_COMPLETO"",""incerteza"":""INCERTEZA_EXPLICITA_NAO_AGREGADA"",""independencia"":""UNKNOWN_INDEPENDENCIA_HIDROGEOLOGICA_NAO_DEMONSTRADA"",""qualidade_documental"":""ALERTAS_DE_REVISAO_PRESENTES"",""temporal"":""EVIDENCIA_DATADA_PRESENTE_SEM_SERIE"",""vertical"":""PARCIAL_SEM_INTERVALO_CAPTADO_DEMONSTRADO""}"
SCALE-1000-O00-00269,1000,O00,431.18479971050954,4,COM_POCO_NO_CONJUNTO_AUDITADO,8.656422757735127,2,Grupo Bauru,53.765409678033265,2,Granular (Gr),53.765409678033265,False,False,0,0.0,0,0.0,1,25.0,0,0.0,4,100.0,0,0.0,0,0.0,0,4,100.0,4,100.0,3,75.0,0,0.0,0,0.0,0,0.0,3,75.0,0,0.0,3,3,1,0,0.0,0,0.0,,0,0,0.0,0,0.0,0,0.0,0,0.0,0,0.0,0,0.0,4.0,SEM_ALERTA_OBJETIVO_DE_LOCALIZACAO,REVISAO_OU_UNKNOWN_PRESENTE,PARCIAL_SEM_INTERVALO_CAPTADO_DEMONSTRADO,EVIDENCIA_HIDRAULICA_PARCIAL_PRESENTE,EVIDENCIA_HIDROQUIMICA_PARCIAL_PRESENTE_SEM_QA_COMPLETO,UNKNOWN_SEM_EVIDENCIA_DATADA_E_SEM_SERIE,UNKNOWN_INDEPENDENCIA_HIDROGEOLOGICA_NAO_DEMONSTRADA,SEM_ALERTA_OBJETIVO_NAS_REGRAS_ATUAIS,INCERTEZA_EXPLICITA_NAO_AGREGADA,UNKNOWN_EVIDENCIA_DATADA|UNKNOWN_HIDROESTRATIGRAFIA_EM_PARTE_DOS_POCOS|UNKNOWN_INDEPENDENCIA_HIDROGEOLOGICA|UNKNOWN_INTERVALO_CAPTADO|UNKNOWN_QA_HIDROQUIMICO_COMPLETO|UNKNOWN_SERIE_TEMPORAL,"{""espacial"":""SEM_ALERTA_OBJETIVO_DE_LOCALIZACAO"",""hidraulica"":""EVIDENCIA_HIDRAULICA_PARCIAL_PRESENTE"",""hidroestratigrafica"":""REVISAO_OU_UNKNOWN_PRESENTE"",""hidroquimica"":""EVIDENCIA_HIDROQUIMICA_PARCIAL_PRESENTE_SEM_QA_COMPLETO"",""incerteza"":""INCERTEZA_EXPLICITA_NAO_AGREGADA"",""independencia"":""UNKNOWN_INDEPENDENCIA_HIDROGEOLOGICA_NAO_DEMONSTRADA"",""qualidade_documental"":""SEM_ALERTA_OBJETIVO_NAS_REGRAS_ATUAIS"",""temporal"":""UNKNOWN_SEM_EVIDENCIA_DATADA_E_SEM_SERIE"",""vertical"":""PARCIAL_SEM_INTERVALO_CAPTADO_DEMONSTRADO""}"
SCALE-1000-O00-00270,1000,O00,491.7892672589889,0,SEM_POCO_NO_CONJUNTO_AUDITADO,31.766910295320635,3,Formação Pantanal,81.62806997487056,3,Granular (Gr),81.62806997487056,False,False,0,,0,,0,,0,,0,,0,,0,,0,0,,0,,0,,0,,0,,0,,0,,0,,0,0,0,0,,0,,,0,0,,0,,0,,0,,0,,0,,,SEM_POCO_NO_CONJUNTO_AUDITADO,UNKNOWN_SEM_POCO_PARA_AVALIACAO_LOCAL,UNKNOWN_SEM_POCO_PARA_AVALIACAO_VERTICAL,UNKNOWN_SEM_POCO_PARA_AVALIACAO_HIDRAULICA,UNKNOWN_SEM_POCO_PARA_AVALIACAO_HIDROQUIMICA,UNKNOWN_SEM_POCO_PARA_AVALIACAO_TEMPORAL,UNKNOWN_INDEPENDENCIA_HIDROGEOLOGICA_NAO_DEMONSTRADA,UNKNOWN_SEM_POCO_PARA_AVALIACAO_DOCUMENTAL,INCERTEZA_EXPLICITA_NAO_AGREGADA,UNKNOWN_SEM_POCO_NO_CONJUNTO_AUDITADO,"{""espacial"":""SEM_POCO_NO_CONJUNTO_AUDITADO"",""hidraulica"":""UNKNOWN_SEM_POCO_PARA_AVALIACAO_HIDRAULICA"",""hidroestratigrafica"":""UNKNOWN_SEM_POCO_PARA_AVALIACAO_LOCAL"",""hidroquimica"":""UNKNOWN_SEM_POCO_PARA_AVALIACAO_HIDROQUIMICA"",""incerteza"":""INCERTEZA_EXPLICITA_NAO_AGREGADA"",""independencia"":""UNKNOWN_INDEPENDENCIA_HIDROGEOLOGICA_NAO_DEMONSTRADA"",""qualidade_documental"":""UNKNOWN_SEM_POCO_PARA_AVALIACAO_DOCUMENTAL"",""temporal"":""UNKNOWN_SEM_POCO_PARA_AVALIACAO_TEMPORAL"",""vertical"":""UNKNOWN_SEM_POCO_PARA_AVALIACAO_VERTICAL""}"
SCALE-1000-O00-00271,1000,O00,1000.0000000000462,14,COM_POCO_NO_CONJUNTO_AUDITADO,17.676344022349753,4,Formação Pantanal,56.46847036247414,3,Granular (Gr),56.46847036247414,False,False,0,0.0,0,0.0,14,100.0,0,0.0,14,100.0,6,42.857142857142854,0,0.0,0,12,85.71428571428571,12,85.71428571428571,11,78.57142857142857,4,28.571428571428573,4,28.571428571428573,0,0.0,9,64.28571428571429,1,7.142857142857143,7,9,4,6,42.857142857142854,1,7.142857142857143,35.00824794485855,0,0,0.0,0,0.0,7,50.0,6,42.857142857142854,6,42.857142857142854,0,0.0,3.0,SEM_ALERTA_OBJETIVO_DE_LOCALIZACAO,REVISAO_OU_UNKNOWN_PRESENTE,PARCIAL_SEM_INTERVALO_CAPTADO_DEMONSTRADO,ENSAIO_COM_METADADOS_MINIMOS_PRESENTE,EVIDENCIA_HIDROQUIMICA_PARCIAL_PRESENTE_SEM_QA_COMPLETO,EVIDENCIA_DATADA_PRESENTE_SEM_SERIE,UNKNOWN_INDEPENDENCIA_HIDROGEOLOGICA_NAO_DEMONSTRADA,ALERTAS_DE_REVISAO_PRESENTES,INCERTEZA_EXPLICITA_NAO_AGREGADA,UNKNOWN_HIDROESTRATIGRAFIA_EM_PARTE_DOS_POCOS|UNKNOWN_INDEPENDENCIA_HIDROGEOLOGICA|UNKNOWN_INTERVALO_CAPTADO|UNKNOWN_QA_HIDROQUIMICO_COMPLETO|UNKNOWN_SERIE_TEMPORAL,"{""espacial"":""SEM_ALERTA_OBJETIVO_DE_LOCALIZACAO"",""hidraulica"":""ENSAIO_COM_METADADOS_MINIMOS_PRESENTE"",""hidroestratigrafica"":""REVISAO_OU_UNKNOWN_PRESENTE"",""hidroquimica"":""EVIDENCIA_HIDROQUIMICA_PARCIAL_PRESENTE_SEM_QA_COMPLETO"",""incerteza"":""INCERTEZA_EXPLICITA_NAO_AGREGADA"",""independencia"":""UNKNOWN_INDEPENDENCIA_HIDROGEOLOGICA_NAO_DEMONSTRADA"",""qualidade_documental"":""ALERTAS_DE_REVISAO_PRESENTES"",""temporal"":""EVIDENCIA_DATADA_PRESENTE_SEM_SERIE"",""vertical"":""PARCIAL_SEM_INTERVALO_CAPTADO_DEMONSTRADO""}"
SCALE-1000-O00-00272,1000,O00,1000.0000000000462,2,COM_POCO_NO_CONJUNTO_AUDITADO,21.50190773446474,4,Formação Pantanal,72.69638100399517,2,Granular (Gr),92.59618541512965,True,True,0,0.0,0,0.0,2,100.0,0,0.0,2,100.0,2,100.0,0,0.0,0,2,100.0,2,100.0,2,100.0,1,50.0,1,50.0,0,0.0,0,0.0,0,0.0,0,0,0,2,100.0,0,0.0,42.53475430706996,0,0,0.0,0,0.0,2,100.0,2,100.0,2,100.0,0,0.0,3.5,SEM_ALERTA_OBJETIVO_DE_LOCALIZACAO,REVISAO_OU_UNKNOWN_PRESENTE,PARCIAL_SEM_INTERVALO_CAPTADO_DEMONSTRADO,ENSAIO_COM_METADADOS_MINIMOS_PRESENTE,UNKNOWN_SEM_EVIDENCIA_HIDROQUIMICA_NO_CONJUNTO,EVIDENCIA_DATADA_PRESENTE_SEM_SERIE,UNKNOWN_INDEPENDENCIA_HIDROGEOLOGICA_NAO_DEMONSTRADA,ALERTAS_DE_REVISAO_PRESENTES,INCERTEZA_EXPLICITA_NAO_AGREGADA,MASCARAMENTO_HIDROESTRATIGRAFICO_POSSIVEL|UNKNOWN_EVIDENCIA_HIDROQUIMICA|UNKNOWN_HIDROESTRATIGRAFIA_EM_PARTE_DOS_POCOS|UNKNOWN_INDEPENDENCIA_HIDROGEOLOGICA|UNKNOWN_INTERVALO_CAPTADO|UNKNOWN_QA_HIDROQUIMICO_COMPLETO|UNKNOWN_SERIE_TEMPORAL,"{""espacial"":""SEM_ALERTA_OBJETIVO_DE_LOCALIZACAO"",""hidraulica"":""ENSAIO_COM_METADADOS_MINIMOS_PRESENTE"",""hidroestratigrafica"":""REVISAO_OU_UNKNOWN_PRESENTE"",""hidroquimica"":""UNKNOWN_SEM_EVIDENCIA_HIDROQUIMICA_NO_CONJUNTO"",""incerteza"":""INCERTEZA_EXPLICITA_NAO_AGREGADA"",""independencia"":""UNKNOWN_INDEPENDENCIA_HIDROGEOLOGICA_NAO_DEMONSTRADA"",""qualidade_documental"":""ALERTAS_DE_REVISAO_PRESENTES"",""temporal"":""EVIDENCIA_DATADA_PRESENTE_SEM_SERIE"",""vertical"":""PARCIAL_SEM_INTERVALO_CAPTADO_DEMONSTRADO""}"
SCALE-1000-O00-00273,1000,O00,1000.0000000000462,2,COM_POCO_NO_CONJUNTO_AUDITADO,22.70361011700623,2,Formação Pantanal,87.87217964859816,1,Granular (Gr),100.0,False,False,0,0.0,0,0.0,2,100.0,0,0.0,1,50.0,0,0.0,0,0.0,0,1,50.0,1,50.0,1,50.0,0,0.0,0,0.0,0,0.0,1,50.0,0,0.0,0,0,0,0,0.0,0,0.0,,0,0,0.0,0,0.0,0,0.0,1,50.0,1,50.0,0,0.0,1.5,SEM_ALERTA_OBJETIVO_DE_LOCALIZACAO,REVISAO_OU_UNKNOWN_PRESENTE,PARCIAL_SEM_INTERVALO_CAPTADO_DEMONSTRADO,EVIDENCIA_HIDRAULICA_PARCIAL_PRESENTE,EVIDENCIA_HIDROQUIMICA_PARCIAL_PRESENTE_SEM_QA_COMPLETO,UNKNOWN_SEM_EVIDENCIA_DATADA_E_SEM_SERIE,UNKNOWN_INDEPENDENCIA_HIDROGEOLOGICA_NAO_DEMONSTRADA,ALERTAS_DE_REVISAO_PRESENTES,INCERTEZA_EXPLICITA_NAO_AGREGADA,UNKNOWN_EVIDENCIA_DATADA|UNKNOWN_HIDROESTRATIGRAFIA_EM_PARTE_DOS_POCOS|UNKNOWN_INDEPENDENCIA_HIDROGEOLOGICA|UNKNOWN_INTERVALO_CAPTADO|UNKNOWN_QA_HIDROQUIMICO_COMPLETO|UNKNOWN_SERIE_TEMPORAL,"{""espacial"":""SEM_ALERTA_OBJETIVO_DE_LOCALIZACAO"",""hidraulica"":""EVIDENCIA_HIDRAULICA_PARCIAL_PRESENTE"",""hidroestratigrafica"":""REVISAO_OU_UNKNOWN_PRESENTE"",""hidroquimica"":""EVIDENCIA_HIDROQUIMICA_PARCIAL_PRESENTE_SEM_QA_COMPLETO"",""incerteza"":""INCERTEZA_EXPLICITA_NAO_AGREGADA"",""independencia"":""UNKNOWN_INDEPENDENCIA_HIDROGEOLOGICA_NAO_DEMONSTRADA"",""qualidade_documental"":""ALERTAS_DE_REVISAO_PRESENTES"",""temporal"":""UNKNOWN_SEM_EVIDENCIA_DATADA_E_SEM_SERIE"",""vertical"":""PARCIAL_SEM_INTERVALO_CAPTADO_DEMONSTRADO""}"
SCALE-1000-O00-00274,1000,O00,1000.0000000000462,0,SEM_POCO_NO_CONJUNTO_AUDITADO,52.80512339476093,2,Formação Pantanal,97.16673560835865,1,Granular (Gr),100.0,False,False,0,,0,,0,,0,,0,,0,,0,,0,0,,0,,0,,0,,0,,0,,0,,0,,0,0,0,0,,0,,,0,0,,0,,0,,0,,0,,0,,,SEM_POCO_NO_CONJUNTO_AUDITADO,UNKNOWN_SEM_POCO_PARA_AVALIACAO_LOCAL,UNKNOWN_SEM_POCO_PARA_AVALIACAO_VERTICAL,UNKNOWN_SEM_POCO_PARA_AVALIACAO_HIDRAULICA,UNKNOWN_SEM_POCO_PARA_AVALIACAO_HIDROQUIMICA,UNKNOWN_SEM_POCO_PARA_AVALIACAO_TEMPORAL,UNKNOWN_INDEPENDENCIA_HIDROGEOLOGICA_NAO_DEMONSTRADA,UNKNOWN_SEM_POCO_PARA_AVALIACAO_DOCUMENTAL,INCERTEZA_EXPLICITA_NAO_AGREGADA,UNKNOWN_SEM_POCO_NO_CONJUNTO_AUDITADO,"{""espacial"":""SEM_POCO_NO_CONJUNTO_AUDITADO"",""hidraulica"":""UNKNOWN_SEM_POCO_PARA_AVALIACAO_HIDRAULICA"",""hidroestratigrafica"":""UNKNOWN_SEM_POCO_PARA_AVALIACAO_LOCAL"",""hidroquimica"":""UNKNOWN_SEM_POCO_PARA_AVALIACAO_HIDROQUIMICA"",""incerteza"":""INCERTEZA_EXPLICITA_NAO_AGREGADA"",""independencia"":""UNKNOWN_INDEPENDENCIA_HIDROGEOLOGICA_NAO_DEMONSTRADA"",""qualidade_documental"":""UNKNOWN_SEM_POCO_PARA_AVALIACAO_DOCUMENTAL"",""temporal"":""UNKNOWN_SEM_POCO_PARA_AVALIACAO_TEMPORAL"",""vertical"":""UNKNOWN_SEM_POCO_PARA_AVALIACAO_VERTICAL""}"
SCALE-1000-O00-00275,1000,O00,1000.0000000000462,0,SEM_POCO_NO_CONJUNTO_AUDITADO,74.22204666156622,1,Formação Pantanal,100.0,1,Granular (Gr),100.0,False,False,0,,0,,0,,0,,0,,0,,0,,0,0,,0,,0,,0,,0,,0,,0,,0,,0,0,0,0,,0,,,0,0,,0,,0,,0,,0,,0,,,SEM_POCO_NO_CONJUNTO_AUDITADO,UNKNOWN_SEM_POCO_PARA_AVALIACAO_LOCAL,UNKNOWN_SEM_POCO_PARA_AVALIACAO_VERTICAL,UNKNOWN_SEM_POCO_PARA_AVALIACAO_HIDRAULICA,UNKNOWN_SEM_POCO_PARA_AVALIACAO_HIDROQUIMICA,UNKNOWN_SEM_POCO_PARA_AVALIACAO_TEMPORAL,UNKNOWN_INDEPENDENCIA_HIDROGEOLOGICA_NAO_DEMONSTRADA,UNKNOWN_SEM_POCO_PARA_AVALIACAO_DOCUMENTAL,INCERTEZA_EXPLICITA_NAO_AGREGADA,UNKNOWN_SEM_POCO_NO_CONJUNTO_AUDITADO,"{""espacial"":""SEM_POCO_NO_CONJUNTO_AUDITADO"",""hidraulica"":""UNKNOWN_SEM_POCO_PARA_AVALIACAO_HIDRAULICA"",""hidroestratigrafica"":""UNKNOWN_SEM_POCO_PARA_AVALIACAO_LOCAL"",""hidroquimica"":""UNKNOWN_SEM_POCO_PARA_AVALIACAO_HIDROQUIMICA"",""incerteza"":""INCERTEZA_EXPLICITA_NAO_AGREGADA"",""independencia"":""UNKNOWN_INDEPENDENCIA_HIDROGEOLOGICA_NAO_DEMONSTRADA"",""qualidade_documental"":""UNKNOWN_SEM_POCO_PARA_AVALIACAO_DOCUMENTAL"",""temporal"":""UNKNOWN_SEM_POCO_PARA_AVALIACAO_TEMPORAL"",""vertical"":""UNKNOWN_SEM_POCO_PARA_AVALIACAO_VERTICAL""}"
SCALE-1000-O00-00276,1000,O00,1000.0000000000462,0,SEM_POCO_NO_CONJUNTO_AUDITADO,84.40752013411014,1,Formação Pantanal,100.0,1,Granular (Gr),100.0,False,False,0,,0,,0,,0,,0,,0,,0,,0,0,,0,,0,,0,,0,,0,,0,,0,,0,0,0,0,,0,,,0,0,,0,,0,,0,,0,,0,,,SEM_POCO_NO_CONJUNTO_AUDITADO,UNKNOWN_SEM_POCO_PARA_AVALIACAO_LOCAL,UNKNOWN_SEM_POCO_PARA_AVALIACAO_VERTICAL,UNKNOWN_SEM_POCO_PARA_AVALIACAO_HIDRAULICA,UNKNOWN_SEM_POCO_PARA_AVALIACAO_HIDROQUIMICA,UNKNOWN_SEM_POCO_PARA_AVALIACAO_TEMPORAL,UNKNOWN_INDEPENDENCIA_HIDROGEOLOGICA_NAO_DEMONSTRADA,UNKNOWN_SEM_POCO_PARA_AVALIACAO_DOCUMENTAL,INCERTEZA_EXPLICITA_NAO_AGREGADA,UNKNOWN_SEM_POCO_NO_CONJUNTO_AUDITADO,"{""espacial"":""SEM_POCO_NO_CONJUNTO_AUDITADO"",""hidraulica"":""UNKNOWN_SEM_POCO_PARA_AVALIACAO_HIDRAULICA"",""hidroestratigrafica"":""UNKNOWN_SEM_POCO_PARA_AVALIACAO_LOCAL"",""hidroquimica"":""UNKNOWN_SEM_POCO_PARA_AVALIACAO_HIDROQUIMICA"",""incerteza"":""INCERTEZA_EXPLICITA_NAO_AGREGADA"",""independencia"":""UNKNOWN_INDEPENDENCIA_HIDROGEOLOGICA_NAO_DEMONSTRADA"",""qualidade_documental"":""UNKNOWN_SEM_POCO_PARA_AVALIACAO_DOCUMENTAL"",""temporal"":""UNKNOWN_SEM_POCO_PARA_AVALIACAO_TEMPORAL"",""vertical"":""UNKNOWN_SEM_POCO_PARA_AVALIACAO_VERTICAL""}"
SCALE-1000-O00-00277,1000,O00,1000.0000000000462,0,SEM_POCO_NO_CONJUNTO_AUDITADO,72.98349603604626,2,Formação Pantanal,80.1981714415405,1,Granular (Gr),100.0,False,False,0,,0,,0,,0,,0,,0,,0,,0,0,,0,,0,,0,,0,,0,,0,,0,,0,0,0,0,,0,,,0,0,,0,,0,,0,,0,,0,,,SEM_POCO_NO_CONJUNTO_AUDITADO,UNKNOWN_SEM_POCO_PARA_AVALIACAO_LOCAL,UNKNOWN_SEM_POCO_PARA_AVALIACAO_VERTICAL,UNKNOWN_SEM_POCO_PARA_AVALIACAO_HIDRAULICA,UNKNOWN_SEM_POCO_PARA_AVALIACAO_HIDROQUIMICA,UNKNOWN_SEM_POCO_PARA_AVALIACAO_TEMPORAL,UNKNOWN_INDEPENDENCIA_HIDROGEOLOGICA_NAO_DEMONSTRADA,UNKNOWN_SEM_POCO_PARA_AVALIACAO_DOCUMENTAL,INCERTEZA_EXPLICITA_NAO_AGREGADA,UNKNOWN_SEM_POCO_NO_CONJUNTO_AUDITADO,"{""espacial"":""SEM_POCO_NO_CONJUNTO_AUDITADO"",""hidraulica"":""UNKNOWN_SEM_POCO_PARA_AVALIACAO_HIDRAULICA"",""hidroestratigrafica"":""UNKNOWN_SEM_POCO_PARA_AVALIACAO_LOCAL"",""hidroquimica"":""UNKNOWN_SEM_POCO_PARA_AVALIACAO_HIDROQUIMICA"",""incerteza"":""INCERTEZA_EXPLICITA_NAO_AGREGADA"",""independencia"":""UNKNOWN_INDEPENDENCIA_HIDROGEOLOGICA_NAO_DEMONSTRADA"",""qualidade_documental"":""UNKNOWN_SEM_POCO_PARA_AVALIACAO_DOCUMENTAL"",""temporal"":""UNKNOWN_SEM_POCO_PARA_AVALIACAO_TEMPORAL"",""vertical"":""UNKNOWN_SEM_POCO_PARA_AVALIACAO_VERTICAL""}"
SCALE-1000-O00-00278,1000,O00,1000.0000000000462,0,SEM_POCO_NO_CONJUNTO_AUDITADO,41.05882492088318,5,Formação Pantanal,86.26347111380194,2,Granular (Gr),97.94098941871819,False,False,0,,0,,0,,0,,0,,0,,0,,0,0,,0,,0,,0,,0,,0,,0,,0,,0,0,0,0,,0,,,0,0,,0,,0,,0,,0,,0,,,SEM_POCO_NO_CONJUNTO_AUDITADO,UNKNOWN_SEM_POCO_PARA_AVALIACAO_LOCAL,UNKNOWN_SEM_POCO_PARA_AVALIACAO_VERTICAL,UNKNOWN_SEM_POCO_PARA_AVALIACAO_HIDRAULICA,UNKNOWN_SEM_POCO_PARA_AVALIACAO_HIDROQUIMICA,UNKNOWN_SEM_POCO_PARA_AVALIACAO_TEMPORAL,UNKNOWN_INDEPENDENCIA_HIDROGEOLOGICA_NAO_DEMONSTRADA,UNKNOWN_SEM_POCO_PARA_AVALIACAO_DOCUMENTAL,INCERTEZA_EXPLICITA_NAO_AGREGADA,UNKNOWN_SEM_POCO_NO_CONJUNTO_AUDITADO,"{""espacial"":""SEM_POCO_NO_CONJUNTO_AUDITADO"",""hidraulica"":""UNKNOWN_SEM_POCO_PARA_AVALIACAO_HIDRAULICA"",""hidroestratigrafica"":""UNKNOWN_SEM_POCO_PARA_AVALIACAO_LOCAL"",""hidroquimica"":""UNKNOWN_SEM_POCO_PARA_AVALIACAO_HIDROQUIMICA"",""incerteza"":""INCERTEZA_EXPLICITA_NAO_AGREGADA"",""independencia"":""UNKNOWN_INDEPENDENCIA_HIDROGEOLOGICA_NAO_DEMONSTRADA"",""qualidade_documental"":""UNKNOWN_SEM_POCO_PARA_AVALIACAO_DOCUMENTAL"",""temporal"":""UNKNOWN_SEM_POCO_PARA_AVALIACAO_TEMPORAL"",""vertical"":""UNKNOWN_SEM_POCO_PARA_AVALIACAO_VERTICAL""}"
SCALE-1000-O00-00279,1000,O00,1000.0000000000462,10,COM_POCO_NO_CONJUNTO_AUDITADO,11.323932541994877,9,Formação Furnas,43.66829641123209,2,Granular (Gr),95.35930846796991,False,False,0,0.0,0,0.0,0,0.0,0,0.0,10,100.0,8,80.0,0,0.0,0,10,100.0,10,100.0,10,100.0,5,50.0,5,50.0,0,0.0,2,20.0,0,0.0,2,2,1,8,80.0,0,0.0,21.218779304160932,0,0,0.0,0,0.0,8,80.0,8,80.0,8,80.0,0,0.0,4.0,SEM_ALERTA_OBJETIVO_DE_LOCALIZACAO,DOCUMENTACAO_HIDROESTRATIGRAFICA_SEM_ALERTA_OBJETIVO,PARCIAL_SEM_INTERVALO_CAPTADO_DEMONSTRADO,ENSAIO_COM_METADADOS_MINIMOS_PRESENTE,EVIDENCIA_HIDROQUIMICA_PARCIAL_PRESENTE_SEM_QA_COMPLETO,EVIDENCIA_DATADA_PRESENTE_SEM_SERIE,UNKNOWN_INDEPENDENCIA_HIDROGEOLOGICA_NAO_DEMONSTRADA,ALERTAS_DE_REVISAO_PRESENTES,INCERTEZA_EXPLICITA_NAO_AGREGADA,UNKNOWN_INDEPENDENCIA_HIDROGEOLOGICA|UNKNOWN_INTERVALO_CAPTADO|UNKNOWN_QA_HIDROQUIMICO_COMPLETO|UNKNOWN_SERIE_TEMPORAL,"{""espacial"":""SEM_ALERTA_OBJETIVO_DE_LOCALIZACAO"",""hidraulica"":""ENSAIO_COM_METADADOS_MINIMOS_PRESENTE"",""hidroestratigrafica"":""DOCUMENTACAO_HIDROESTRATIGRAFICA_SEM_ALERTA_OBJETIVO"",""hidroquimica"":""EVIDENCIA_HIDROQUIMICA_PARCIAL_PRESENTE_SEM_QA_COMPLETO"",""incerteza"":""INCERTEZA_EXPLICITA_NAO_AGREGADA"",""independencia"":""UNKNOWN_INDEPENDENCIA_HIDROGEOLOGICA_NAO_DEMONSTRADA"",""qualidade_documental"":""ALERTAS_DE_REVISAO_PRESENTES"",""temporal"":""EVIDENCIA_DATADA_PRESENTE_SEM_SERIE"",""vertical"":""PARCIAL_SEM_INTERVALO_CAPTADO_DEMONSTRADO""}"
SCALE-1000-O00-00280,1000,O00,1000.0000000000462,126,COM_POCO_NO_CONJUNTO_AUDITADO,11.417986437943602,4,Grupo Bauru,56.438724648869076,2,Granular (Gr),91.41220295635065,False,False,3,2.380952380952381,1,0.7936507936507936,68,53.96825396825397,13,10.317460317460318,64,50.79365079365079,30,23.80952380952381,11,8.73015873015873,0,57,45.23809523809524,56,44.44444444444444,52,41.26984126984127,19,15.079365079365079,19,15.079365079365079,0,0.0,42,33.333333333333336,9,7.142857142857143,36,46,5,27,21.428571428571427,7,5.555555555555555,18.19886787545261,0,2,1.5873015873015872,2,1.5873015873015872,81,64.28571428571429,93,73.80952380952381,93,73.80952380952381,0,0.0,0.5,COM_COORDENADA_OU_MUNICIPIO_EM_REVISAO,REVISAO_OU_UNKNOWN_PRESENTE,PARCIAL_SEM_INTERVALO_CAPTADO_DEMONSTRADO,ENSAIO_COM_METADADOS_MINIMOS_PRESENTE,EVIDENCIA_HIDROQUIMICA_PARCIAL_PRESENTE_SEM_QA_COMPLETO,EVIDENCIA_DATADA_PRESENTE_SEM_SERIE,UNKNOWN_INDEPENDENCIA_HIDROGEOLOGICA_NAO_DEMONSTRADA,ALERTAS_DE_REVISAO_PRESENTES,INCERTEZA_EXPLICITA_NAO_AGREGADA,UNKNOWN_HIDROESTRATIGRAFIA_EM_PARTE_DOS_POCOS|UNKNOWN_INDEPENDENCIA_HIDROGEOLOGICA|UNKNOWN_INTERVALO_CAPTADO|UNKNOWN_QA_HIDROQUIMICO_COMPLETO|UNKNOWN_SERIE_TEMPORAL,"{""espacial"":""COM_COORDENADA_OU_MUNICIPIO_EM_REVISAO"",""hidraulica"":""ENSAIO_COM_METADADOS_MINIMOS_PRESENTE"",""hidroestratigrafica"":""REVISAO_OU_UNKNOWN_PRESENTE"",""hidroquimica"":""EVIDENCIA_HIDROQUIMICA_PARCIAL_PRESENTE_SEM_QA_COMPLETO"",""incerteza"":""INCERTEZA_EXPLICITA_NAO_AGREGADA"",""independencia"":""UNKNOWN_INDEPENDENCIA_HIDROGEOLOGICA_NAO_DEMONSTRADA"",""qualidade_documental"":""ALERTAS_DE_REVISAO_PRESENTES"",""temporal"":""EVIDENCIA_DATADA_PRESENTE_SEM_SERIE"",""vertical"":""PARCIAL_SEM_INTERVALO_CAPTADO_DEMONSTRADO""}"
SCALE-1000-O00-00281,1000,O00,1000.0000000000462,27,COM_POCO_NO_CONJUNTO_AUDITADO,15.484010462760333,4,Formação Botucatu,53.09891436278526,2,Granular (Gr),78.84462627248321,False,False,2,7.407407407407407,0,0.0,13,48.148148148148145,5,18.51851851851852,15,55.55555555555556,9,33.333333333333336,4,14.814814814814815,0,10,37.03703703703704,10,37.03703703703704,10,37.03703703703704,4,14.814814814814815,4,14.814814814814815,0,0.0,14,51.851851851851855,8,29.62962962962963,14,22,5,10,37.03703703703704,2,7.407407407407407,18.19886787545261,0,2,7.407407407407407,2,7.407407407407407,14,51.851851851851855,21,77.77777777777777,21,77.77777777777777,0,0.0,3.0,COM_COORDENADA_OU_MUNICIPIO_EM_REVISAO,REVISAO_OU_UNKNOWN_PRESENTE,PARCIAL_SEM_INTERVALO_CAPTADO_DEMONSTRADO,ENSAIO_COM_METADADOS_MINIMOS_PRESENTE,EVIDENCIA_HIDROQUIMICA_PARCIAL_PRESENTE_SEM_QA_COMPLETO,EVIDENCIA_DATADA_PRESENTE_SEM_SERIE,UNKNOWN_INDEPENDENCIA_HIDROGEOLOGICA_NAO_DEMONSTRADA,ALERTAS_DE_REVISAO_PRESENTES,INCERTEZA_EXPLICITA_NAO_AGREGADA,UNKNOWN_HIDROESTRATIGRAFIA_EM_PARTE_DOS_POCOS|UNKNOWN_INDEPENDENCIA_HIDROGEOLOGICA|UNKNOWN_INTERVALO_CAPTADO|UNKNOWN_QA_HIDROQUIMICO_COMPLETO|UNKNOWN_SERIE_TEMPORAL,"{""espacial"":""COM_COORDENADA_OU_MUNICIPIO_EM_REVISAO"",""hidraulica"":""ENSAIO_COM_METADADOS_MINIMOS_PRESENTE"",""hidroestratigrafica"":""REVISAO_OU_UNKNOWN_PRESENTE"",""hidroquimica"":""EVIDENCIA_HIDROQUIMICA_PARCIAL_PRESENTE_SEM_QA_COMPLETO"",""incerteza"":""INCERTEZA_EXPLICITA_NAO_AGREGADA"",""independencia"":""UNKNOWN_INDEPENDENCIA_HIDROGEOLOGICA_NAO_DEMONSTRADA"",""qualidade_documental"":""ALERTAS_DE_REVISAO_PRESENTES"",""temporal"":""EVIDENCIA_DATADA_PRESENTE_SEM_SERIE"",""vertical"":""PARCIAL_SEM_INTERVALO_CAPTADO_DEMONSTRADO""}"
SCALE-1000-O00-00282,1000,O00,1000.0000000000462,38,COM_POCO_NO_CONJUNTO_AUDITADO,24.327508743037065,2,Formação Botucatu,75.1835870787356,1,Granular (Gr),100.0,False,False,0,0.0,0,0.0,2,5.2631578947368425,0,0.0,38,100.0,32,84.21052631578948,0,0.0,0,37,97.36842105263158,37,97.36842105263158,37,97.36842105263158,19,50.0,19,50.0,2,5.2631578947368425,14,36.8421052631579,5,13.157894736842104,15,17,3,31,81.57894736842105,5,13.157894736842104,23.570641423164066,0,0,0.0,0,0.0,36,94.73684210526316,32,84.21052631578948,32,84.21052631578948,0,0.0,4.0,SEM_ALERTA_OBJETIVO_DE_LOCALIZACAO,REVISAO_OU_UNKNOWN_PRESENTE,PARCIAL_SEM_INTERVALO_CAPTADO_DEMONSTRADO,TRANSMISSIVIDADE_INFORMADA_NAO_VALIDADA_PRESENTE,EVIDENCIA_HIDROQUIMICA_PARCIAL_PRESENTE_SEM_QA_COMPLETO,EVIDENCIA_DATADA_PRESENTE_SEM_SERIE,UNKNOWN_INDEPENDENCIA_HIDROGEOLOGICA_NAO_DEMONSTRADA,ALERTAS_DE_REVISAO_PRESENTES,INCERTEZA_EXPLICITA_NAO_AGREGADA,UNKNOWN_HIDROESTRATIGRAFIA_EM_PARTE_DOS_POCOS|UNKNOWN_INDEPENDENCIA_HIDROGEOLOGICA|UNKNOWN_INTERVALO_CAPTADO|UNKNOWN_QA_HIDROQUIMICO_COMPLETO|UNKNOWN_SERIE_TEMPORAL,"{""espacial"":""SEM_ALERTA_OBJETIVO_DE_LOCALIZACAO"",""hidraulica"":""TRANSMISSIVIDADE_INFORMADA_NAO_VALIDADA_PRESENTE"",""hidroestratigrafica"":""REVISAO_OU_UNKNOWN_PRESENTE"",""hidroquimica"":""EVIDENCIA_HIDROQUIMICA_PARCIAL_PRESENTE_SEM_QA_COMPLETO"",""incerteza"":""INCERTEZA_EXPLICITA_NAO_AGREGADA"",""independencia"":""UNKNOWN_INDEPENDENCIA_HIDROGEOLOGICA_NAO_DEMONSTRADA"",""qualidade_documental"":""ALERTAS_DE_REVISAO_PRESENTES"",""temporal"":""EVIDENCIA_DATADA_PRESENTE_SEM_SERIE"",""vertical"":""PARCIAL_SEM_INTERVALO_CAPTADO_DEMONSTRADO""}"
SCALE-1000-O00-00283,1000,O00,1000.0000000000462,5,COM_POCO_NO_CONJUNTO_AUDITADO,12.821357581960553,1,Grupo Caiuá,100.0,1,Granular (Gr),100.0,False,False,0,0.0,0,0.0,0,0.0,5,100.0,5,100.0,0,0.0,0,0.0,0,5,100.0,5,100.0,5,100.0,0,0.0,0,0.0,0,0.0,5,100.0,0,0.0,5,5,1,0,0.0,0,0.0,,0,0,0.0,0,0.0,2,40.0,0,0.0,0,0.0,0,0.0,4.0,SEM_ALERTA_OBJETIVO_DE_LOCALIZACAO,REVISAO_OU_UNKNOWN_PRESENTE,PARCIAL_SEM_INTERVALO_CAPTADO_DEMONSTRADO,EVIDENCIA_HIDRAULICA_PARCIAL_PRESENTE,EVIDENCIA_HIDROQUIMICA_PARCIAL_PRESENTE_SEM_QA_COMPLETO,UNKNOWN_SEM_EVIDENCIA_DATADA_E_SEM_SERIE,UNKNOWN_INDEPENDENCIA_HIDROGEOLOGICA_NAO_DEMONSTRADA,SEM_ALERTA_OBJETIVO_NAS_REGRAS_ATUAIS,INCERTEZA_EXPLICITA_NAO_AGREGADA,UNKNOWN_EVIDENCIA_DATADA|UNKNOWN_INDEPENDENCIA_HIDROGEOLOGICA|UNKNOWN_INTERVALO_CAPTADO|UNKNOWN_QA_HIDROQUIMICO_COMPLETO|UNKNOWN_SERIE_TEMPORAL,"{""espacial"":""SEM_ALERTA_OBJETIVO_DE_LOCALIZACAO"",""hidraulica"":""EVIDENCIA_HIDRAULICA_PARCIAL_PRESENTE"",""hidroestratigrafica"":""REVISAO_OU_UNKNOWN_PRESENTE"",""hidroquimica"":""EVIDENCIA_HIDROQUIMICA_PARCIAL_PRESENTE_SEM_QA_COMPLETO"",""incerteza"":""INCERTEZA_EXPLICITA_NAO_AGREGADA"",""independencia"":""UNKNOWN_INDEPENDENCIA_HIDROGEOLOGICA_NAO_DEMONSTRADA"",""qualidade_documental"":""SEM_ALERTA_OBJETIVO_NAS_REGRAS_ATUAIS"",""temporal"":""UNKNOWN_SEM_EVIDENCIA_DATADA_E_SEM_SERIE"",""vertical"":""PARCIAL_SEM_INTERVALO_CAPTADO_DEMONSTRADO""}"
SCALE-1000-O00-00284,1000,O00,1000.0000000000462,3,COM_POCO_NO_CONJUNTO_AUDITADO,18.230593864388236,1,Grupo Caiuá,100.0,1,Granular (Gr),100.0,False,False,0,0.0,0,0.0,0,0.0,3,100.0,3,100.0,0,0.0,0,0.0,0,3,100.0,3,100.0,3,100.0,0,0.0,0,0.0,0,0.0,3,100.0,0,0.0,3,3,1,0,0.0,0,0.0,,0,0,0.0,0,0.0,0,0.0,0,0.0,0,0.0,0,0.0,4.0,SEM_ALERTA_OBJETIVO_DE_LOCALIZACAO,REVISAO_OU_UNKNOWN_PRESENTE,PARCIAL_SEM_INTERVALO_CAPTADO_DEMONSTRADO,EVIDENCIA_HIDRAULICA_PARCIAL_PRESENTE,EVIDENCIA_HIDROQUIMICA_PARCIAL_PRESENTE_SEM_QA_COMPLETO,UNKNOWN_SEM_EVIDENCIA_DATADA_E_SEM_SERIE,UNKNOWN_INDEPENDENCIA_HIDROGEOLOGICA_NAO_DEMONSTRADA,SEM_ALERTA_OBJETIVO_NAS_REGRAS_ATUAIS,INCERTEZA_EXPLICITA_NAO_AGREGADA,UNKNOWN_EVIDENCIA_DATADA|UNKNOWN_INDEPENDENCIA_HIDROGEOLOGICA|UNKNOWN_INTERVALO_CAPTADO|UNKNOWN_QA_HIDROQUIMICO_COMPLETO|UNKNOWN_SERIE_TEMPORAL,"{""espacial"":""SEM_ALERTA_OBJETIVO_DE_LOCALIZACAO"",""hidraulica"":""EVIDENCIA_HIDRAULICA_PARCIAL_PRESENTE"",""hidroestratigrafica"":""REVISAO_OU_UNKNOWN_PRESENTE"",""hidroquimica"":""EVIDENCIA_HIDROQUIMICA_PARCIAL_PRESENTE_SEM_QA_COMPLETO"",""incerteza"":""INCERTEZA_EXPLICITA_NAO_AGREGADA"",""independencia"":""UNKNOWN_INDEPENDENCIA_HIDROGEOLOGICA_NAO_DEMONSTRADA"",""qualidade_documental"":""SEM_ALERTA_OBJETIVO_NAS_REGRAS_ATUAIS"",""temporal"":""UNKNOWN_SEM_EVIDENCIA_DATADA_E_SEM_SERIE"",""vertical"":""PARCIAL_SEM_INTERVALO_CAPTADO_DEMONSTRADO""}"
SCALE-1000-O00-00285,1000,O00,1000.0000000000462,2,COM_POCO_NO_CONJUNTO_AUDITADO,19.319820673440816,1,Grupo Caiuá,100.0,1,Granular (Gr),100.0,False,False,0,0.0,0,0.0,0,0.0,2,100.0,2,100.0,0,0.0,0,0.0,0,2,100.0,2,100.0,2,100.0,0,0.0,0,0.0,0,0.0,2,100.0,0,0.0,2,2,1,0,0.0,0,0.0,,0,0,0.0,0,0.0,0,0.0,0,0.0,0,0.0,0,0.0,4.0,SEM_ALERTA_OBJETIVO_DE_LOCALIZACAO,REVISAO_OU_UNKNOWN_PRESENTE,PARCIAL_SEM_INTERVALO_CAPTADO_DEMONSTRADO,EVIDENCIA_HIDRAULICA_PARCIAL_PRESENTE,EVIDENCIA_HIDROQUIMICA_PARCIAL_PRESENTE_SEM_QA_COMPLETO,UNKNOWN_SEM_EVIDENCIA_DATADA_E_SEM_SERIE,UNKNOWN_INDEPENDENCIA_HIDROGEOLOGICA_NAO_DEMONSTRADA,SEM_ALERTA_OBJETIVO_NAS_REGRAS_ATUAIS,INCERTEZA_EXPLICITA_NAO_AGREGADA,UNKNOWN_EVIDENCIA_DATADA|UNKNOWN_INDEPENDENCIA_HIDROGEOLOGICA|UNKNOWN_INTERVALO_CAPTADO|UNKNOWN_QA_HIDROQUIMICO_COMPLETO|UNKNOWN_SERIE_TEMPORAL,"{""espacial"":""SEM_ALERTA_OBJETIVO_DE_LOCALIZACAO"",""hidraulica"":""EVIDENCIA_HIDRAULICA_PARCIAL_PRESENTE"",""hidroestratigrafica"":""REVISAO_OU_UNKNOWN_PRESENTE"",""hidroquimica"":""EVIDENCIA_HIDROQUIMICA_PARCIAL_PRESENTE_SEM_QA_COMPLETO"",""incerteza"":""INCERTEZA_EXPLICITA_NAO_AGREGADA"",""independencia"":""UNKNOWN_INDEPENDENCIA_HIDROGEOLOGICA_NAO_DEMONSTRADA"",""qualidade_documental"":""SEM_ALERTA_OBJETIVO_NAS_REGRAS_ATUAIS"",""temporal"":""UNKNOWN_SEM_EVIDENCIA_DATADA_E_SEM_SERIE"",""vertical"":""PARCIAL_SEM_INTERVALO_CAPTADO_DEMONSTRADO""}"
SCALE-1000-O00-00286,1000,O00,1000.0000000000462,0,SEM_POCO_NO_CONJUNTO_AUDITADO,20.985916874395823,2,Grupo Caiuá,82.88120911548233,2,Granular (Gr),82.88120911548233,False,False,0,,0,,0,,0,,0,,0,,0,,0,0,,0,,0,,0,,0,,0,,0,,0,,0,0,0,0,,0,,,0,0,,0,,0,,0,,0,,0,,,SEM_POCO_NO_CONJUNTO_AUDITADO,UNKNOWN_SEM_POCO_PARA_AVALIACAO_LOCAL,UNKNOWN_SEM_POCO_PARA_AVALIACAO_VERTICAL,UNKNOWN_SEM_POCO_PARA_AVALIACAO_HIDRAULICA,UNKNOWN_SEM_POCO_PARA_AVALIACAO_HIDROQUIMICA,UNKNOWN_SEM_POCO_PARA_AVALIACAO_TEMPORAL,UNKNOWN_INDEPENDENCIA_HIDROGEOLOGICA_NAO_DEMONSTRADA,UNKNOWN_SEM_POCO_PARA_AVALIACAO_DOCUMENTAL,INCERTEZA_EXPLICITA_NAO_AGREGADA,UNKNOWN_SEM_POCO_NO_CONJUNTO_AUDITADO,"{""espacial"":""SEM_POCO_NO_CONJUNTO_AUDITADO"",""hidraulica"":""UNKNOWN_SEM_POCO_PARA_AVALIACAO_HIDRAULICA"",""hidroestratigrafica"":""UNKNOWN_SEM_POCO_PARA_AVALIACAO_LOCAL"",""hidroquimica"":""UNKNOWN_SEM_POCO_PARA_AVALIACAO_HIDROQUIMICA"",""incerteza"":""INCERTEZA_EXPLICITA_NAO_AGREGADA"",""independencia"":""UNKNOWN_INDEPENDENCIA_HIDROGEOLOGICA_NAO_DEMONSTRADA"",""qualidade_documental"":""UNKNOWN_SEM_POCO_PARA_AVALIACAO_DOCUMENTAL"",""temporal"":""UNKNOWN_SEM_POCO_PARA_AVALIACAO_TEMPORAL"",""vertical"":""UNKNOWN_SEM_POCO_PARA_AVALIACAO_VERTICAL""}"
SCALE-1000-O00-00287,1000,O00,1000.0000000000462,1,COM_POCO_NO_CONJUNTO_AUDITADO,20.922260863687484,2,Grupo Caiuá,75.20092811741321,2,Granular (Gr),75.20092811741321,False,False,0,0.0,0,0.0,0,0.0,0,0.0,1,100.0,1,100.0,0,0.0,0,1,100.0,1,100.0,1,100.0,1,100.0,1,100.0,0,0.0,0,0.0,0,0.0,0,0,0,1,100.0,0,0.0,7.720897759707591,0,0,0.0,0,0.0,0,0.0,1,100.0,1,100.0,0,0.0,4.0,SEM_ALERTA_OBJETIVO_DE_LOCALIZACAO,DOCUMENTACAO_HIDROESTRATIGRAFICA_SEM_ALERTA_OBJETIVO,PARCIAL_SEM_INTERVALO_CAPTADO_DEMONSTRADO,ENSAIO_COM_METADADOS_MINIMOS_PRESENTE,UNKNOWN_SEM_EVIDENCIA_HIDROQUIMICA_NO_CONJUNTO,EVIDENCIA_DATADA_PRESENTE_SEM_SERIE,UNKNOWN_INDEPENDENCIA_HIDROGEOLOGICA_NAO_DEMONSTRADA,ALERTAS_DE_REVISAO_PRESENTES,INCERTEZA_EXPLICITA_NAO_AGREGADA,UNKNOWN_EVIDENCIA_HIDROQUIMICA|UNKNOWN_INDEPENDENCIA_HIDROGEOLOGICA|UNKNOWN_INTERVALO_CAPTADO|UNKNOWN_QA_HIDROQUIMICO_COMPLETO|UNKNOWN_SERIE_TEMPORAL,"{""espacial"":""SEM_ALERTA_OBJETIVO_DE_LOCALIZACAO"",""hidraulica"":""ENSAIO_COM_METADADOS_MINIMOS_PRESENTE"",""hidroestratigrafica"":""DOCUMENTACAO_HIDROESTRATIGRAFICA_SEM_ALERTA_OBJETIVO"",""hidroquimica"":""UNKNOWN_SEM_EVIDENCIA_HIDROQUIMICA_NO_CONJUNTO"",""incerteza"":""INCERTEZA_EXPLICITA_NAO_AGREGADA"",""independencia"":""UNKNOWN_INDEPENDENCIA_HIDROGEOLOGICA_NAO_DEMONSTRADA"",""qualidade_documental"":""ALERTAS_DE_REVISAO_PRESENTES"",""temporal"":""EVIDENCIA_DATADA_PRESENTE_SEM_SERIE"",""vertical"":""PARCIAL_SEM_INTERVALO_CAPTADO_DEMONSTRADO""}"
SCALE-1000-O00-00288,1000,O00,1000.0000000000462,0,SEM_POCO_NO_CONJUNTO_AUDITADO,29.101623338076944,3,Grupo Caiuá,80.71950167517043,2,Granular (Gr),96.80185506546638,False,False,0,,0,,0,,0,,0,,0,,0,,0,0,,0,,0,,0,,0,,0,,0,,0,,0,0,0,0,,0,,,0,0,,0,,0,,0,,0,,0,,,SEM_POCO_NO_CONJUNTO_AUDITADO,UNKNOWN_SEM_POCO_PARA_AVALIACAO_LOCAL,UNKNOWN_SEM_POCO_PARA_AVALIACAO_VERTICAL,UNKNOWN_SEM_POCO_PARA_AVALIACAO_HIDRAULICA,UNKNOWN_SEM_POCO_PARA_AVALIACAO_HIDROQUIMICA,UNKNOWN_SEM_POCO_PARA_AVALIACAO_TEMPORAL,UNKNOWN_INDEPENDENCIA_HIDROGEOLOGICA_NAO_DEMONSTRADA,UNKNOWN_SEM_POCO_PARA_AVALIACAO_DOCUMENTAL,INCERTEZA_EXPLICITA_NAO_AGREGADA,UNKNOWN_SEM_POCO_NO_CONJUNTO_AUDITADO,"{""espacial"":""SEM_POCO_NO_CONJUNTO_AUDITADO"",""hidraulica"":""UNKNOWN_SEM_POCO_PARA_AVALIACAO_HIDRAULICA"",""hidroestratigrafica"":""UNKNOWN_SEM_POCO_PARA_AVALIACAO_LOCAL"",""hidroquimica"":""UNKNOWN_SEM_POCO_PARA_AVALIACAO_HIDROQUIMICA"",""incerteza"":""INCERTEZA_EXPLICITA_NAO_AGREGADA"",""independencia"":""UNKNOWN_INDEPENDENCIA_HIDROGEOLOGICA_NAO_DEMONSTRADA"",""qualidade_documental"":""UNKNOWN_SEM_POCO_PARA_AVALIACAO_DOCUMENTAL"",""temporal"":""UNKNOWN_SEM_POCO_PARA_AVALIACAO_TEMPORAL"",""vertical"":""UNKNOWN_SEM_POCO_PARA_AVALIACAO_VERTICAL""}"
SCALE-1000-O00-00289,1000,O00,1000.0000000000462,2,COM_POCO_NO_CONJUNTO_AUDITADO,20.50240847841656,2,Grupo Bauru,93.17282253675151,1,Granular (Gr),100.0,False,False,0,0.0,0,0.0,0,0.0,1,50.0,2,100.0,1,50.0,0,0.0,0,2,100.0,2,100.0,2,100.0,1,50.0,1,50.0,0,0.0,1,50.0,0,0.0,0,0,0,1,50.0,0,0.0,3.252633524302347,0,0,0.0,0,0.0,0,0.0,1,50.0,1,50.0,0,0.0,3.5,SEM_ALERTA_OBJETIVO_DE_LOCALIZACAO,REVISAO_OU_UNKNOWN_PRESENTE,PARCIAL_SEM_INTERVALO_CAPTADO_DEMONSTRADO,ENSAIO_COM_METADADOS_MINIMOS_PRESENTE,EVIDENCIA_HIDROQUIMICA_PARCIAL_PRESENTE_SEM_QA_COMPLETO,EVIDENCIA_DATADA_PRESENTE_SEM_SERIE,UNKNOWN_INDEPENDENCIA_HIDROGEOLOGICA_NAO_DEMONSTRADA,ALERTAS_DE_REVISAO_PRESENTES,INCERTEZA_EXPLICITA_NAO_AGREGADA,UNKNOWN_INDEPENDENCIA_HIDROGEOLOGICA|UNKNOWN_INTERVALO_CAPTADO|UNKNOWN_QA_HIDROQUIMICO_COMPLETO|UNKNOWN_SERIE_TEMPORAL,"{""espacial"":""SEM_ALERTA_OBJETIVO_DE_LOCALIZACAO"",""hidraulica"":""ENSAIO_COM_METADADOS_MINIMOS_PRESENTE"",""hidroestratigrafica"":""REVISAO_OU_UNKNOWN_PRESENTE"",""hidroquimica"":""EVIDENCIA_HIDROQUIMICA_PARCIAL_PRESENTE_SEM_QA_COMPLETO"",""incerteza"":""INCERTEZA_EXPLICITA_NAO_AGREGADA"",""independencia"":""UNKNOWN_INDEPENDENCIA_HIDROGEOLOGICA_NAO_DEMONSTRADA"",""qualidade_documental"":""ALERTAS_DE_REVISAO_PRESENTES"",""temporal"":""EVIDENCIA_DATADA_PRESENTE_SEM_SERIE"",""vertical"":""PARCIAL_SEM_INTERVALO_CAPTADO_DEMONSTRADO""}"
SCALE-1000-O00-00290,1000,O00,1000.0000000000462,0,SEM_POCO_NO_CONJUNTO_AUDITADO,23.942757481021253,3,Grupo Bauru,98.15577362278283,2,Granular (Gr),99.57148686679201,False,False,0,,0,,0,,0,,0,,0,,0,,0,0,,0,,0,,0,,0,,0,,0,,0,,0,0,0,0,,0,,,0,0,,0,,0,,0,,0,,0,,,SEM_POCO_NO_CONJUNTO_AUDITADO,UNKNOWN_SEM_POCO_PARA_AVALIACAO_LOCAL,UNKNOWN_SEM_POCO_PARA_AVALIACAO_VERTICAL,UNKNOWN_SEM_POCO_PARA_AVALIACAO_HIDRAULICA,UNKNOWN_SEM_POCO_PARA_AVALIACAO_HIDROQUIMICA,UNKNOWN_SEM_POCO_PARA_AVALIACAO_TEMPORAL,UNKNOWN_INDEPENDENCIA_HIDROGEOLOGICA_NAO_DEMONSTRADA,UNKNOWN_SEM_POCO_PARA_AVALIACAO_DOCUMENTAL,INCERTEZA_EXPLICITA_NAO_AGREGADA,UNKNOWN_SEM_POCO_NO_CONJUNTO_AUDITADO,"{""espacial"":""SEM_POCO_NO_CONJUNTO_AUDITADO"",""hidraulica"":""UNKNOWN_SEM_POCO_PARA_AVALIACAO_HIDRAULICA"",""hidroestratigrafica"":""UNKNOWN_SEM_POCO_PARA_AVALIACAO_LOCAL"",""hidroquimica"":""UNKNOWN_SEM_POCO_PARA_AVALIACAO_HIDROQUIMICA"",""incerteza"":""INCERTEZA_EXPLICITA_NAO_AGREGADA"",""independencia"":""UNKNOWN_INDEPENDENCIA_HIDROGEOLOGICA_NAO_DEMONSTRADA"",""qualidade_documental"":""UNKNOWN_SEM_POCO_PARA_AVALIACAO_DOCUMENTAL"",""temporal"":""UNKNOWN_SEM_POCO_PARA_AVALIACAO_TEMPORAL"",""vertical"":""UNKNOWN_SEM_POCO_PARA_AVALIACAO_VERTICAL""}"
SCALE-1000-O00-00291,1000,O00,636.8224105744032,1,COM_POCO_NO_CONJUNTO_AUDITADO,23.713229646155597,2,Grupo Bauru,82.79022030561727,2,Granular (Gr),82.79022030561727,True,True,0,0.0,0,0.0,0,0.0,1,100.0,1,100.0,0,0.0,0,0.0,0,1,100.0,1,100.0,1,100.0,0,0.0,0,0.0,0,0.0,1,100.0,0,0.0,1,1,1,0,0.0,0,0.0,,0,0,0.0,0,0.0,0,0.0,0,0.0,0,0.0,0,0.0,4.0,SEM_ALERTA_OBJETIVO_DE_LOCALIZACAO,REVISAO_OU_UNKNOWN_PRESENTE,PARCIAL_SEM_INTERVALO_CAPTADO_DEMONSTRADO,EVIDENCIA_HIDRAULICA_PARCIAL_PRESENTE,EVIDENCIA_HIDROQUIMICA_PARCIAL_PRESENTE_SEM_QA_COMPLETO,UNKNOWN_SEM_EVIDENCIA_DATADA_E_SEM_SERIE,UNKNOWN_INDEPENDENCIA_HIDROGEOLOGICA_NAO_DEMONSTRADA,SEM_ALERTA_OBJETIVO_NAS_REGRAS_ATUAIS,INCERTEZA_EXPLICITA_NAO_AGREGADA,MASCARAMENTO_HIDROESTRATIGRAFICO_POSSIVEL|UNKNOWN_EVIDENCIA_DATADA|UNKNOWN_INDEPENDENCIA_HIDROGEOLOGICA|UNKNOWN_INTERVALO_CAPTADO|UNKNOWN_QA_HIDROQUIMICO_COMPLETO|UNKNOWN_SERIE_TEMPORAL,"{""espacial"":""SEM_ALERTA_OBJETIVO_DE_LOCALIZACAO"",""hidraulica"":""EVIDENCIA_HIDRAULICA_PARCIAL_PRESENTE"",""hidroestratigrafica"":""REVISAO_OU_UNKNOWN_PRESENTE"",""hidroquimica"":""EVIDENCIA_HIDROQUIMICA_PARCIAL_PRESENTE_SEM_QA_COMPLETO"",""incerteza"":""INCERTEZA_EXPLICITA_NAO_AGREGADA"",""independencia"":""UNKNOWN_INDEPENDENCIA_HIDROGEOLOGICA_NAO_DEMONSTRADA"",""qualidade_documental"":""SEM_ALERTA_OBJETIVO_NAS_REGRAS_ATUAIS"",""temporal"":""UNKNOWN_SEM_EVIDENCIA_DATADA_E_SEM_SERIE"",""vertical"":""PARCIAL_SEM_INTERVALO_CAPTADO_DEMONSTRADO""}"
SCALE-1000-O00-00292,1000,O00,0.07401579624620185,0,SEM_POCO_NO_CONJUNTO_AUDITADO,,1,Formação Serra Geral,100.0,1,Fraturada (Fr),100.0,False,False,0,,0,,0,,0,,0,,0,,0,,0,0,,0,,0,,0,,0,,0,,0,,0,,0,0,0,0,,0,,,0,0,,0,,0,,0,,0,,0,,,SEM_POCO_NO_CONJUNTO_AUDITADO,UNKNOWN_SEM_POCO_PARA_AVALIACAO_LOCAL,UNKNOWN_SEM_POCO_PARA_AVALIACAO_VERTICAL,UNKNOWN_SEM_POCO_PARA_AVALIACAO_HIDRAULICA,UNKNOWN_SEM_POCO_PARA_AVALIACAO_HIDROQUIMICA,UNKNOWN_SEM_POCO_PARA_AVALIACAO_TEMPORAL,UNKNOWN_INDEPENDENCIA_HIDROGEOLOGICA_NAO_DEMONSTRADA,UNKNOWN_SEM_POCO_PARA_AVALIACAO_DOCUMENTAL,INCERTEZA_EXPLICITA_NAO_AGREGADA,UNKNOWN_SEM_POCO_NO_CONJUNTO_AUDITADO,"{""espacial"":""SEM_POCO_NO_CONJUNTO_AUDITADO"",""hidraulica"":""UNKNOWN_SEM_POCO_PARA_AVALIACAO_HIDRAULICA"",""hidroestratigrafica"":""UNKNOWN_SEM_POCO_PARA_AVALIACAO_LOCAL"",""hidroquimica"":""UNKNOWN_SEM_POCO_PARA_AVALIACAO_HIDROQUIMICA"",""incerteza"":""INCERTEZA_EXPLICITA_NAO_AGREGADA"",""independencia"":""UNKNOWN_INDEPENDENCIA_HIDROGEOLOGICA_NAO_DEMONSTRADA"",""qualidade_documental"":""UNKNOWN_SEM_POCO_PARA_AVALIACAO_DOCUMENTAL"",""temporal"":""UNKNOWN_SEM_POCO_PARA_AVALIACAO_TEMPORAL"",""vertical"":""UNKNOWN_SEM_POCO_PARA_AVALIACAO_VERTICAL""}"
SCALE-1000-O00-00293,1000,O00,571.1353688201744,28,COM_POCO_NO_CONJUNTO_AUDITADO,6.065370947712547,5,Formação Pantanal,37.738921359258164,3,Cárstica (K),45.25731709274144,False,False,2,7.142857142857143,2,7.142857142857143,23,82.14285714285714,2,7.142857142857143,25,89.28571428571429,17,60.714285714285715,0,0.0,0,25,89.28571428571429,25,89.28571428571429,24,85.71428571428571,12,42.857142857142854,12,42.857142857142854,1,3.5714285714285716,17,60.714285714285715,10,35.714285714285715,20,32,5,21,75.0,7,25.0,23.40910490975174,0,0,0.0,0,0.0,10,35.714285714285715,21,75.0,18,64.28571428571429,0,0.0,3.0,COM_COORDENADA_OU_MUNICIPIO_EM_REVISAO,REVISAO_OU_UNKNOWN_PRESENTE,PARCIAL_SEM_INTERVALO_CAPTADO_DEMONSTRADO,TRANSMISSIVIDADE_INFORMADA_NAO_VALIDADA_PRESENTE,EVIDENCIA_HIDROQUIMICA_PARCIAL_PRESENTE_SEM_QA_COMPLETO,EVIDENCIA_DATADA_PRESENTE_SEM_SERIE,UNKNOWN_INDEPENDENCIA_HIDROGEOLOGICA_NAO_DEMONSTRADA,ALERTAS_DE_REVISAO_PRESENTES,INCERTEZA_EXPLICITA_NAO_AGREGADA,UNKNOWN_HIDROESTRATIGRAFIA_EM_PARTE_DOS_POCOS|UNKNOWN_INDEPENDENCIA_HIDROGEOLOGICA|UNKNOWN_INTERVALO_CAPTADO|UNKNOWN_QA_HIDROQUIMICO_COMPLETO|UNKNOWN_SERIE_TEMPORAL,"{""espacial"":""COM_COORDENADA_OU_MUNICIPIO_EM_REVISAO"",""hidraulica"":""TRANSMISSIVIDADE_INFORMADA_NAO_VALIDADA_PRESENTE"",""hidroestratigrafica"":""REVISAO_OU_UNKNOWN_PRESENTE"",""hidroquimica"":""EVIDENCIA_HIDROQUIMICA_PARCIAL_PRESENTE_SEM_QA_COMPLETO"",""incerteza"":""INCERTEZA_EXPLICITA_NAO_AGREGADA"",""independencia"":""UNKNOWN_INDEPENDENCIA_HIDROGEOLOGICA_NAO_DEMONSTRADA"",""qualidade_documental"":""ALERTAS_DE_REVISAO_PRESENTES"",""temporal"":""EVIDENCIA_DATADA_PRESENTE_SEM_SERIE"",""vertical"":""PARCIAL_SEM_INTERVALO_CAPTADO_DEMONSTRADO""}"
SCALE-1000-O00-00294,1000,O00,1000.0000000000462,6,COM_POCO_NO_CONJUNTO_AUDITADO,20.37649236898753,5,Formação Pantanal,51.940834067478775,3,Granular (Gr),86.85717114147994,False,False,1,16.666666666666668,1,16.666666666666668,3,50.0,1,16.666666666666668,5,83.33333333333333,3,50.0,0,0.0,0,5,83.33333333333333,5,83.33333333333333,5,83.33333333333333,3,50.0,3,50.0,0,0.0,1,16.666666666666668,0,0.0,1,1,1,4,66.66666666666667,0,0.0,23.49261107346489,0,0,0.0,0,0.0,0,0.0,5,83.33333333333333,5,83.33333333333333,0,0.0,3.5,COM_COORDENADA_OU_MUNICIPIO_EM_REVISAO,REVISAO_OU_UNKNOWN_PRESENTE,PARCIAL_SEM_INTERVALO_CAPTADO_DEMONSTRADO,ENSAIO_COM_METADADOS_MINIMOS_PRESENTE,EVIDENCIA_HIDROQUIMICA_PARCIAL_PRESENTE_SEM_QA_COMPLETO,EVIDENCIA_DATADA_PRESENTE_SEM_SERIE,UNKNOWN_INDEPENDENCIA_HIDROGEOLOGICA_NAO_DEMONSTRADA,ALERTAS_DE_REVISAO_PRESENTES,INCERTEZA_EXPLICITA_NAO_AGREGADA,UNKNOWN_HIDROESTRATIGRAFIA_EM_PARTE_DOS_POCOS|UNKNOWN_INDEPENDENCIA_HIDROGEOLOGICA|UNKNOWN_INTERVALO_CAPTADO|UNKNOWN_QA_HIDROQUIMICO_COMPLETO|UNKNOWN_SERIE_TEMPORAL,"{""espacial"":""COM_COORDENADA_OU_MUNICIPIO_EM_REVISAO"",""hidraulica"":""ENSAIO_COM_METADADOS_MINIMOS_PRESENTE"",""hidroestratigrafica"":""REVISAO_OU_UNKNOWN_PRESENTE"",""hidroquimica"":""EVIDENCIA_HIDROQUIMICA_PARCIAL_PRESENTE_SEM_QA_COMPLETO"",""incerteza"":""INCERTEZA_EXPLICITA_NAO_AGREGADA"",""independencia"":""UNKNOWN_INDEPENDENCIA_HIDROGEOLOGICA_NAO_DEMONSTRADA"",""qualidade_documental"":""ALERTAS_DE_REVISAO_PRESENTES"",""temporal"":""EVIDENCIA_DATADA_PRESENTE_SEM_SERIE"",""vertical"":""PARCIAL_SEM_INTERVALO_CAPTADO_DEMONSTRADO""}"
SCALE-1000-O00-00295,1000,O00,1000.0000000000462,0,SEM_POCO_NO_CONJUNTO_AUDITADO,45.91521433452045,2,Depósitos aluvionares,74.96430901444997,1,Granular (Gr),100.0,False,False,0,,0,,0,,0,,0,,0,,0,,0,0,,0,,0,,0,,0,,0,,0,,0,,0,0,0,0,,0,,,0,0,,0,,0,,0,,0,,0,,,SEM_POCO_NO_CONJUNTO_AUDITADO,UNKNOWN_SEM_POCO_PARA_AVALIACAO_LOCAL,UNKNOWN_SEM_POCO_PARA_AVALIACAO_VERTICAL,UNKNOWN_SEM_POCO_PARA_AVALIACAO_HIDRAULICA,UNKNOWN_SEM_POCO_PARA_AVALIACAO_HIDROQUIMICA,UNKNOWN_SEM_POCO_PARA_AVALIACAO_TEMPORAL,UNKNOWN_INDEPENDENCIA_HIDROGEOLOGICA_NAO_DEMONSTRADA,UNKNOWN_SEM_POCO_PARA_AVALIACAO_DOCUMENTAL,INCERTEZA_EXPLICITA_NAO_AGREGADA,UNKNOWN_SEM_POCO_NO_CONJUNTO_AUDITADO,"{""espacial"":""SEM_POCO_NO_CONJUNTO_AUDITADO"",""hidraulica"":""UNKNOWN_SEM_POCO_PARA_AVALIACAO_HIDRAULICA"",""hidroestratigrafica"":""UNKNOWN_SEM_POCO_PARA_AVALIACAO_LOCAL"",""hidroquimica"":""UNKNOWN_SEM_POCO_PARA_AVALIACAO_HIDROQUIMICA"",""incerteza"":""INCERTEZA_EXPLICITA_NAO_AGREGADA"",""independencia"":""UNKNOWN_INDEPENDENCIA_HIDROGEOLOGICA_NAO_DEMONSTRADA"",""qualidade_documental"":""UNKNOWN_SEM_POCO_PARA_AVALIACAO_DOCUMENTAL"",""temporal"":""UNKNOWN_SEM_POCO_PARA_AVALIACAO_TEMPORAL"",""vertical"":""UNKNOWN_SEM_POCO_PARA_AVALIACAO_VERTICAL""}"
SCALE-1000-O00-00296,1000,O00,1000.0000000000462,0,SEM_POCO_NO_CONJUNTO_AUDITADO,56.2098452602477,2,Formação Pantanal,95.43578199843815,1,Granular (Gr),100.0,False,False,0,,0,,0,,0,,0,,0,,0,,0,0,,0,,0,,0,,0,,0,,0,,0,,0,0,0,0,,0,,,0,0,,0,,0,,0,,0,,0,,,SEM_POCO_NO_CONJUNTO_AUDITADO,UNKNOWN_SEM_POCO_PARA_AVALIACAO_LOCAL,UNKNOWN_SEM_POCO_PARA_AVALIACAO_VERTICAL,UNKNOWN_SEM_POCO_PARA_AVALIACAO_HIDRAULICA,UNKNOWN_SEM_POCO_PARA_AVALIACAO_HIDROQUIMICA,UNKNOWN_SEM_POCO_PARA_AVALIACAO_TEMPORAL,UNKNOWN_INDEPENDENCIA_HIDROGEOLOGICA_NAO_DEMONSTRADA,UNKNOWN_SEM_POCO_PARA_AVALIACAO_DOCUMENTAL,INCERTEZA_EXPLICITA_NAO_AGREGADA,UNKNOWN_SEM_POCO_NO_CONJUNTO_AUDITADO,"{""espacial"":""SEM_POCO_NO_CONJUNTO_AUDITADO"",""hidraulica"":""UNKNOWN_SEM_POCO_PARA_AVALIACAO_HIDRAULICA"",""hidroestratigrafica"":""UNKNOWN_SEM_POCO_PARA_AVALIACAO_LOCAL"",""hidroquimica"":""UNKNOWN_SEM_POCO_PARA_AVALIACAO_HIDROQUIMICA"",""incerteza"":""INCERTEZA_EXPLICITA_NAO_AGREGADA"",""independencia"":""UNKNOWN_INDEPENDENCIA_HIDROGEOLOGICA_NAO_DEMONSTRADA"",""qualidade_documental"":""UNKNOWN_SEM_POCO_PARA_AVALIACAO_DOCUMENTAL"",""temporal"":""UNKNOWN_SEM_POCO_PARA_AVALIACAO_TEMPORAL"",""vertical"":""UNKNOWN_SEM_POCO_PARA_AVALIACAO_VERTICAL""}"
SCALE-1000-O00-00297,1000,O00,1000.0000000000462,0,SEM_POCO_NO_CONJUNTO_AUDITADO,80.41187421728631,1,Formação Pantanal,100.0,1,Granular (Gr),100.0,False,False,0,,0,,0,,0,,0,,0,,0,,0,0,,0,,0,,0,,0,,0,,0,,0,,0,0,0,0,,0,,,0,0,,0,,0,,0,,0,,0,,,SEM_POCO_NO_CONJUNTO_AUDITADO,UNKNOWN_SEM_POCO_PARA_AVALIACAO_LOCAL,UNKNOWN_SEM_POCO_PARA_AVALIACAO_VERTICAL,UNKNOWN_SEM_POCO_PARA_AVALIACAO_HIDRAULICA,UNKNOWN_SEM_POCO_PARA_AVALIACAO_HIDROQUIMICA,UNKNOWN_SEM_POCO_PARA_AVALIACAO_TEMPORAL,UNKNOWN_INDEPENDENCIA_HIDROGEOLOGICA_NAO_DEMONSTRADA,UNKNOWN_SEM_POCO_PARA_AVALIACAO_DOCUMENTAL,INCERTEZA_EXPLICITA_NAO_AGREGADA,UNKNOWN_SEM_POCO_NO_CONJUNTO_AUDITADO,"{""espacial"":""SEM_POCO_NO_CONJUNTO_AUDITADO"",""hidraulica"":""UNKNOWN_SEM_POCO_PARA_AVALIACAO_HIDRAULICA"",""hidroestratigrafica"":""UNKNOWN_SEM_POCO_PARA_AVALIACAO_LOCAL"",""hidroquimica"":""UNKNOWN_SEM_POCO_PARA_AVALIACAO_HIDROQUIMICA"",""incerteza"":""INCERTEZA_EXPLICITA_NAO_AGREGADA"",""independencia"":""UNKNOWN_INDEPENDENCIA_HIDROGEOLOGICA_NAO_DEMONSTRADA"",""qualidade_documental"":""UNKNOWN_SEM_POCO_PARA_AVALIACAO_DOCUMENTAL"",""temporal"":""UNKNOWN_SEM_POCO_PARA_AVALIACAO_TEMPORAL"",""vertical"":""UNKNOWN_SEM_POCO_PARA_AVALIACAO_VERTICAL""}"
SCALE-1000-O00-00298,1000,O00,1000.0000000000462,0,SEM_POCO_NO_CONJUNTO_AUDITADO,105.77042605945181,1,Formação Pantanal,100.0,1,Granular (Gr),100.0,False,False,0,,0,,0,,0,,0,,0,,0,,0,0,,0,,0,,0,,0,,0,,0,,0,,0,0,0,0,,0,,,0,0,,0,,0,,0,,0,,0,,,SEM_POCO_NO_CONJUNTO_AUDITADO,UNKNOWN_SEM_POCO_PARA_AVALIACAO_LOCAL,UNKNOWN_SEM_POCO_PARA_AVALIACAO_VERTICAL,UNKNOWN_SEM_POCO_PARA_AVALIACAO_HIDRAULICA,UNKNOWN_SEM_POCO_PARA_AVALIACAO_HIDROQUIMICA,UNKNOWN_SEM_POCO_PARA_AVALIACAO_TEMPORAL,UNKNOWN_INDEPENDENCIA_HIDROGEOLOGICA_NAO_DEMONSTRADA,UNKNOWN_SEM_POCO_PARA_AVALIACAO_DOCUMENTAL,INCERTEZA_EXPLICITA_NAO_AGREGADA,UNKNOWN_SEM_POCO_NO_CONJUNTO_AUDITADO,"{""espacial"":""SEM_POCO_NO_CONJUNTO_AUDITADO"",""hidraulica"":""UNKNOWN_SEM_POCO_PARA_AVALIACAO_HIDRAULICA"",""hidroestratigrafica"":""UNKNOWN_SEM_POCO_PARA_AVALIACAO_LOCAL"",""hidroquimica"":""UNKNOWN_SEM_POCO_PARA_AVALIACAO_HIDROQUIMICA"",""incerteza"":""INCERTEZA_EXPLICITA_NAO_AGREGADA"",""independencia"":""UNKNOWN_INDEPENDENCIA_HIDROGEOLOGICA_NAO_DEMONSTRADA"",""qualidade_documental"":""UNKNOWN_SEM_POCO_PARA_AVALIACAO_DOCUMENTAL"",""temporal"":""UNKNOWN_SEM_POCO_PARA_AVALIACAO_TEMPORAL"",""vertical"":""UNKNOWN_SEM_POCO_PARA_AVALIACAO_VERTICAL""}"
SCALE-1000-O00-00299,1000,O00,1000.0000000000462,0,SEM_POCO_NO_CONJUNTO_AUDITADO,97.210546564056,1,Formação Pantanal,100.0,1,Granular (Gr),100.0,False,False,0,,0,,0,,0,,0,,0,,0,,0,0,,0,,0,,0,,0,,0,,0,,0,,0,0,0,0,,0,,,0,0,,0,,0,,0,,0,,0,,,SEM_POCO_NO_CONJUNTO_AUDITADO,UNKNOWN_SEM_POCO_PARA_AVALIACAO_LOCAL,UNKNOWN_SEM_POCO_PARA_AVALIACAO_VERTICAL,UNKNOWN_SEM_POCO_PARA_AVALIACAO_HIDRAULICA,UNKNOWN_SEM_POCO_PARA_AVALIACAO_HIDROQUIMICA,UNKNOWN_SEM_POCO_PARA_AVALIACAO_TEMPORAL,UNKNOWN_INDEPENDENCIA_HIDROGEOLOGICA_NAO_DEMONSTRADA,UNKNOWN_SEM_POCO_PARA_AVALIACAO_DOCUMENTAL,INCERTEZA_EXPLICITA_NAO_AGREGADA,UNKNOWN_SEM_POCO_NO_CONJUNTO_AUDITADO,"{""espacial"":""SEM_POCO_NO_CONJUNTO_AUDITADO"",""hidraulica"":""UNKNOWN_SEM_POCO_PARA_AVALIACAO_HIDRAULICA"",""hidroestratigrafica"":""UNKNOWN_SEM_POCO_PARA_AVALIACAO_LOCAL"",""hidroquimica"":""UNKNOWN_SEM_POCO_PARA_AVALIACAO_HIDROQUIMICA"",""incerteza"":""INCERTEZA_EXPLICITA_NAO_AGREGADA"",""independencia"":""UNKNOWN_INDEPENDENCIA_HIDROGEOLOGICA_NAO_DEMONSTRADA"",""qualidade_documental"":""UNKNOWN_SEM_POCO_PARA_AVALIACAO_DOCUMENTAL"",""temporal"":""UNKNOWN_SEM_POCO_PARA_AVALIACAO_TEMPORAL"",""vertical"":""UNKNOWN_SEM_POCO_PARA_AVALIACAO_VERTICAL""}"
SCALE-1000-O00-00300,1000,O00,1000.0000000000462,0,SEM_POCO_NO_CONJUNTO_AUDITADO,67.92962033822255,2,Formação Pantanal,88.44755850560446,1,Granular (Gr),100.0,False,False,0,,0,,0,,0,,0,,0,,0,,0,0,,0,,0,,0,,0,,0,,0,,0,,0,0,0,0,,0,,,0,0,,0,,0,,0,,0,,0,,,SEM_POCO_NO_CONJUNTO_AUDITADO,UNKNOWN_SEM_POCO_PARA_AVALIACAO_LOCAL,UNKNOWN_SEM_POCO_PARA_AVALIACAO_VERTICAL,UNKNOWN_SEM_POCO_PARA_AVALIACAO_HIDRAULICA,UNKNOWN_SEM_POCO_PARA_AVALIACAO_HIDROQUIMICA,UNKNOWN_SEM_POCO_PARA_AVALIACAO_TEMPORAL,UNKNOWN_INDEPENDENCIA_HIDROGEOLOGICA_NAO_DEMONSTRADA,UNKNOWN_SEM_POCO_PARA_AVALIACAO_DOCUMENTAL,INCERTEZA_EXPLICITA_NAO_AGREGADA,UNKNOWN_SEM_POCO_NO_CONJUNTO_AUDITADO,"{""espacial"":""SEM_POCO_NO_CONJUNTO_AUDITADO"",""hidraulica"":""UNKNOWN_SEM_POCO_PARA_AVALIACAO_HIDRAULICA"",""hidroestratigrafica"":""UNKNOWN_SEM_POCO_PARA_AVALIACAO_LOCAL"",""hidroquimica"":""UNKNOWN_SEM_POCO_PARA_AVALIACAO_HIDROQUIMICA"",""incerteza"":""INCERTEZA_EXPLICITA_NAO_AGREGADA"",""independencia"":""UNKNOWN_INDEPENDENCIA_HIDROGEOLOGICA_NAO_DEMONSTRADA"",""qualidade_documental"":""UNKNOWN_SEM_POCO_PARA_AVALIACAO_DOCUMENTAL"",""temporal"":""UNKNOWN_SEM_POCO_PARA_AVALIACAO_TEMPORAL"",""vertical"":""UNKNOWN_SEM_POCO_PARA_AVALIACAO_VERTICAL""}"
SCALE-1000-O00-00301,1000,O00,1000.0000000000462,0,SEM_POCO_NO_CONJUNTO_AUDITADO,41.25801655626408,6,Formação Pantanal,69.16346885951823,2,Granular (Gr),94.37143913389548,False,False,0,,0,,0,,0,,0,,0,,0,,0,0,,0,,0,,0,,0,,0,,0,,0,,0,0,0,0,,0,,,0,0,,0,,0,,0,,0,,0,,,SEM_POCO_NO_CONJUNTO_AUDITADO,UNKNOWN_SEM_POCO_PARA_AVALIACAO_LOCAL,UNKNOWN_SEM_POCO_PARA_AVALIACAO_VERTICAL,UNKNOWN_SEM_POCO_PARA_AVALIACAO_HIDRAULICA,UNKNOWN_SEM_POCO_PARA_AVALIACAO_HIDROQUIMICA,UNKNOWN_SEM_POCO_PARA_AVALIACAO_TEMPORAL,UNKNOWN_INDEPENDENCIA_HIDROGEOLOGICA_NAO_DEMONSTRADA,UNKNOWN_SEM_POCO_PARA_AVALIACAO_DOCUMENTAL,INCERTEZA_EXPLICITA_NAO_AGREGADA,UNKNOWN_SEM_POCO_NO_CONJUNTO_AUDITADO,"{""espacial"":""SEM_POCO_NO_CONJUNTO_AUDITADO"",""hidraulica"":""UNKNOWN_SEM_POCO_PARA_AVALIACAO_HIDRAULICA"",""hidroestratigrafica"":""UNKNOWN_SEM_POCO_PARA_AVALIACAO_LOCAL"",""hidroquimica"":""UNKNOWN_SEM_POCO_PARA_AVALIACAO_HIDROQUIMICA"",""incerteza"":""INCERTEZA_EXPLICITA_NAO_AGREGADA"",""independencia"":""UNKNOWN_INDEPENDENCIA_HIDROGEOLOGICA_NAO_DEMONSTRADA"",""qualidade_documental"":""UNKNOWN_SEM_POCO_PARA_AVALIACAO_DOCUMENTAL"",""temporal"":""UNKNOWN_SEM_POCO_PARA_AVALIACAO_TEMPORAL"",""vertical"":""UNKNOWN_SEM_POCO_PARA_AVALIACAO_VERTICAL""}"
SCALE-1000-O00-00302,1000,O00,1000.0000000000462,8,COM_POCO_NO_CONJUNTO_AUDITADO,15.229114220518909,6,Formação Aquidauana,37.04717660590528,1,Granular (Gr),100.0,False,False,0,0.0,0,0.0,4,50.0,0,0.0,7,87.5,3,37.5,1,12.5,0,7,87.5,7,87.5,6,75.0,2,25.0,2,25.0,0,0.0,6,75.0,1,12.5,5,5,1,3,37.5,1,12.5,16.920265303188977,0,0,0.0,0,0.0,5,62.5,4,50.0,4,50.0,0,0.0,3.5,SEM_ALERTA_OBJETIVO_DE_LOCALIZACAO,REVISAO_OU_UNKNOWN_PRESENTE,PARCIAL_SEM_INTERVALO_CAPTADO_DEMONSTRADO,ENSAIO_COM_METADADOS_MINIMOS_PRESENTE,EVIDENCIA_HIDROQUIMICA_PARCIAL_PRESENTE_SEM_QA_COMPLETO,EVIDENCIA_DATADA_PRESENTE_SEM_SERIE,UNKNOWN_INDEPENDENCIA_HIDROGEOLOGICA_NAO_DEMONSTRADA,ALERTAS_DE_REVISAO_PRESENTES,INCERTEZA_EXPLICITA_NAO_AGREGADA,UNKNOWN_HIDROESTRATIGRAFIA_EM_PARTE_DOS_POCOS|UNKNOWN_INDEPENDENCIA_HIDROGEOLOGICA|UNKNOWN_INTERVALO_CAPTADO|UNKNOWN_QA_HIDROQUIMICO_COMPLETO|UNKNOWN_SERIE_TEMPORAL,"{""espacial"":""SEM_ALERTA_OBJETIVO_DE_LOCALIZACAO"",""hidraulica"":""ENSAIO_COM_METADADOS_MINIMOS_PRESENTE"",""hidroestratigrafica"":""REVISAO_OU_UNKNOWN_PRESENTE"",""hidroquimica"":""EVIDENCIA_HIDROQUIMICA_PARCIAL_PRESENTE_SEM_QA_COMPLETO"",""incerteza"":""INCERTEZA_EXPLICITA_NAO_AGREGADA"",""independencia"":""UNKNOWN_INDEPENDENCIA_HIDROGEOLOGICA_NAO_DEMONSTRADA"",""qualidade_documental"":""ALERTAS_DE_REVISAO_PRESENTES"",""temporal"":""EVIDENCIA_DATADA_PRESENTE_SEM_SERIE"",""vertical"":""PARCIAL_SEM_INTERVALO_CAPTADO_DEMONSTRADO""}"
SCALE-1000-O00-00303,1000,O00,1000.0000000000462,9,COM_POCO_NO_CONJUNTO_AUDITADO,11.90955247472852,3,Formação Botucatu,56.84773306905471,2,Granular (Gr),98.19860370978235,True,False,0,0.0,0,0.0,7,77.77777777777777,0,0.0,2,22.22222222222222,1,11.11111111111111,1,11.11111111111111,0,2,22.22222222222222,2,22.22222222222222,2,22.22222222222222,0,0.0,0,0.0,0,0.0,0,0.0,0,0.0,0,0,0,1,11.11111111111111,0,0.0,38.1417825143569,0,0,0.0,0,0.0,2,22.22222222222222,8,88.88888888888889,8,88.88888888888889,0,0.0,0.0,SEM_ALERTA_OBJETIVO_DE_LOCALIZACAO,REVISAO_OU_UNKNOWN_PRESENTE,PARCIAL_SEM_INTERVALO_CAPTADO_DEMONSTRADO,EVIDENCIA_HIDRAULICA_PARCIAL_PRESENTE,UNKNOWN_SEM_EVIDENCIA_HIDROQUIMICA_NO_CONJUNTO,EVIDENCIA_DATADA_PRESENTE_SEM_SERIE,UNKNOWN_INDEPENDENCIA_HIDROGEOLOGICA_NAO_DEMONSTRADA,ALERTAS_DE_REVISAO_PRESENTES,INCERTEZA_EXPLICITA_NAO_AGREGADA,MASCARAMENTO_HIDROESTRATIGRAFICO_POSSIVEL|UNKNOWN_EVIDENCIA_HIDROQUIMICA|UNKNOWN_HIDROESTRATIGRAFIA_EM_PARTE_DOS_POCOS|UNKNOWN_INDEPENDENCIA_HIDROGEOLOGICA|UNKNOWN_INTERVALO_CAPTADO|UNKNOWN_QA_HIDROQUIMICO_COMPLETO|UNKNOWN_SERIE_TEMPORAL,"{""espacial"":""SEM_ALERTA_OBJETIVO_DE_LOCALIZACAO"",""hidraulica"":""EVIDENCIA_HIDRAULICA_PARCIAL_PRESENTE"",""hidroestratigrafica"":""REVISAO_OU_UNKNOWN_PRESENTE"",""hidroquimica"":""UNKNOWN_SEM_EVIDENCIA_HIDROQUIMICA_NO_CONJUNTO"",""incerteza"":""INCERTEZA_EXPLICITA_NAO_AGREGADA"",""independencia"":""UNKNOWN_INDEPENDENCIA_HIDROGEOLOGICA_NAO_DEMONSTRADA"",""qualidade_documental"":""ALERTAS_DE_REVISAO_PRESENTES"",""temporal"":""EVIDENCIA_DATADA_PRESENTE_SEM_SERIE"",""vertical"":""PARCIAL_SEM_INTERVALO_CAPTADO_DEMONSTRADO""}"
SCALE-1000-O00-00304,1000,O00,1000.0000000000462,2,COM_POCO_NO_CONJUNTO_AUDITADO,22.9506529481443,2,Formação Botucatu,99.97077938248923,1,Granular (Gr),100.0,False,False,0,0.0,0,0.0,2,100.0,0,0.0,0,0.0,0,0.0,0,0.0,0,0,0.0,0,0.0,0,0.0,0,0.0,0,0.0,0,0.0,0,0.0,0,0.0,0,0,0,0,0.0,0,0.0,,0,0,0.0,0,0.0,0,0.0,2,100.0,2,100.0,0,0.0,0.0,SEM_ALERTA_OBJETIVO_DE_LOCALIZACAO,REVISAO_OU_UNKNOWN_PRESENTE,PARCIAL_SEM_INTERVALO_CAPTADO_DEMONSTRADO,UNKNOWN_SEM_EVIDENCIA_HIDRAULICA_NO_CONJUNTO,UNKNOWN_SEM_EVIDENCIA_HIDROQUIMICA_NO_CONJUNTO,UNKNOWN_SEM_EVIDENCIA_DATADA_E_SEM_SERIE,UNKNOWN_INDEPENDENCIA_HIDROGEOLOGICA_NAO_DEMONSTRADA,ALERTAS_DE_REVISAO_PRESENTES,INCERTEZA_EXPLICITA_NAO_AGREGADA,UNKNOWN_EVIDENCIA_DATADA|UNKNOWN_EVIDENCIA_HIDRAULICA|UNKNOWN_EVIDENCIA_HIDROQUIMICA|UNKNOWN_HIDROESTRATIGRAFIA_EM_PARTE_DOS_POCOS|UNKNOWN_INDEPENDENCIA_HIDROGEOLOGICA|UNKNOWN_INTERVALO_CAPTADO|UNKNOWN_QA_HIDROQUIMICO_COMPLETO|UNKNOWN_SERIE_TEMPORAL,"{""espacial"":""SEM_ALERTA_OBJETIVO_DE_LOCALIZACAO"",""hidraulica"":""UNKNOWN_SEM_EVIDENCIA_HIDRAULICA_NO_CONJUNTO"",""hidroestratigrafica"":""REVISAO_OU_UNKNOWN_PRESENTE"",""hidroquimica"":""UNKNOWN_SEM_EVIDENCIA_HIDROQUIMICA_NO_CONJUNTO"",""incerteza"":""INCERTEZA_EXPLICITA_NAO_AGREGADA"",""independencia"":""UNKNOWN_INDEPENDENCIA_HIDROGEOLOGICA_NAO_DEMONSTRADA"",""qualidade_documental"":""ALERTAS_DE_REVISAO_PRESENTES"",""temporal"":""UNKNOWN_SEM_EVIDENCIA_DATADA_E_SEM_SERIE"",""vertical"":""PARCIAL_SEM_INTERVALO_CAPTADO_DEMONSTRADO""}"
SCALE-1000-O00-00305,1000,O00,1000.0000000000462,3,COM_POCO_NO_CONJUNTO_AUDITADO,19.060117001491314,2,Grupo Caiuá,50.39988127389691,1,Granular (Gr),100.0,True,False,0,0.0,0,0.0,0,0.0,0,0.0,3,100.0,2,66.66666666666667,0,0.0,0,3,100.0,3,100.0,3,100.0,1,33.333333333333336,1,33.333333333333336,0,0.0,1,33.333333333333336,0,0.0,1,1,1,2,66.66666666666667,0,0.0,29.662484513713487,0,0,0.0,0,0.0,2,66.66666666666667,2,66.66666666666667,2,66.66666666666667,0,0.0,4.0,SEM_ALERTA_OBJETIVO_DE_LOCALIZACAO,DOCUMENTACAO_HIDROESTRATIGRAFICA_SEM_ALERTA_OBJETIVO,PARCIAL_SEM_INTERVALO_CAPTADO_DEMONSTRADO,ENSAIO_COM_METADADOS_MINIMOS_PRESENTE,EVIDENCIA_HIDROQUIMICA_PARCIAL_PRESENTE_SEM_QA_COMPLETO,EVIDENCIA_DATADA_PRESENTE_SEM_SERIE,UNKNOWN_INDEPENDENCIA_HIDROGEOLOGICA_NAO_DEMONSTRADA,ALERTAS_DE_REVISAO_PRESENTES,INCERTEZA_EXPLICITA_NAO_AGREGADA,MASCARAMENTO_HIDROESTRATIGRAFICO_POSSIVEL|UNKNOWN_INDEPENDENCIA_HIDROGEOLOGICA|UNKNOWN_INTERVALO_CAPTADO|UNKNOWN_QA_HIDROQUIMICO_COMPLETO|UNKNOWN_SERIE_TEMPORAL,"{""espacial"":""SEM_ALERTA_OBJETIVO_DE_LOCALIZACAO"",""hidraulica"":""ENSAIO_COM_METADADOS_MINIMOS_PRESENTE"",""hidroestratigrafica"":""DOCUMENTACAO_HIDROESTRATIGRAFICA_SEM_ALERTA_OBJETIVO"",""hidroquimica"":""EVIDENCIA_HIDROQUIMICA_PARCIAL_PRESENTE_SEM_QA_COMPLETO"",""incerteza"":""INCERTEZA_EXPLICITA_NAO_AGREGADA"",""independencia"":""UNKNOWN_INDEPENDENCIA_HIDROGEOLOGICA_NAO_DEMONSTRADA"",""qualidade_documental"":""ALERTAS_DE_REVISAO_PRESENTES"",""temporal"":""EVIDENCIA_DATADA_PRESENTE_SEM_SERIE"",""vertical"":""PARCIAL_SEM_INTERVALO_CAPTADO_DEMONSTRADO""}"
SCALE-1000-O00-00306,1000,O00,1000.0000000000462,3,COM_POCO_NO_CONJUNTO_AUDITADO,13.071018400844103,1,Grupo Caiuá,100.0,1,Granular (Gr),100.0,False,False,0,0.0,0,0.0,1,33.333333333333336,1,33.333333333333336,2,66.66666666666667,1,33.333333333333336,0,0.0,0,2,66.66666666666667,2,66.66666666666667,2,66.66666666666667,0,0.0,0,0.0,0,0.0,2,66.66666666666667,1,33.333333333333336,2,2,1,1,33.333333333333336,1,33.333333333333336,16.818962743930403,0,0,0.0,0,0.0,0,0.0,2,66.66666666666667,2,66.66666666666667,0,0.0,4.0,SEM_ALERTA_OBJETIVO_DE_LOCALIZACAO,REVISAO_OU_UNKNOWN_PRESENTE,PARCIAL_SEM_INTERVALO_CAPTADO_DEMONSTRADO,EVIDENCIA_HIDRAULICA_PARCIAL_PRESENTE,EVIDENCIA_HIDROQUIMICA_PARCIAL_PRESENTE_SEM_QA_COMPLETO,EVIDENCIA_DATADA_PRESENTE_SEM_SERIE,UNKNOWN_INDEPENDENCIA_HIDROGEOLOGICA_NAO_DEMONSTRADA,ALERTAS_DE_REVISAO_PRESENTES,INCERTEZA_EXPLICITA_NAO_AGREGADA,UNKNOWN_HIDROESTRATIGRAFIA_EM_PARTE_DOS_POCOS|UNKNOWN_INDEPENDENCIA_HIDROGEOLOGICA|UNKNOWN_INTERVALO_CAPTADO|UNKNOWN_QA_HIDROQUIMICO_COMPLETO|UNKNOWN_SERIE_TEMPORAL,"{""espacial"":""SEM_ALERTA_OBJETIVO_DE_LOCALIZACAO"",""hidraulica"":""EVIDENCIA_HIDRAULICA_PARCIAL_PRESENTE"",""hidroestratigrafica"":""REVISAO_OU_UNKNOWN_PRESENTE"",""hidroquimica"":""EVIDENCIA_HIDROQUIMICA_PARCIAL_PRESENTE_SEM_QA_COMPLETO"",""incerteza"":""INCERTEZA_EXPLICITA_NAO_AGREGADA"",""independencia"":""UNKNOWN_INDEPENDENCIA_HIDROGEOLOGICA_NAO_DEMONSTRADA"",""qualidade_documental"":""ALERTAS_DE_REVISAO_PRESENTES"",""temporal"":""EVIDENCIA_DATADA_PRESENTE_SEM_SERIE"",""vertical"":""PARCIAL_SEM_INTERVALO_CAPTADO_DEMONSTRADO""}"
SCALE-1000-O00-00307,1000,O00,1000.0000000000462,1,COM_POCO_NO_CONJUNTO_AUDITADO,14.328980477467596,2,Grupo Caiuá,91.46514009565908,2,Granular (Gr),91.46514009565908,False,False,0,0.0,0,0.0,0,0.0,1,100.0,1,100.0,0,0.0,0,0.0,0,1,100.0,1,100.0,1,100.0,0,0.0,0,0.0,0,0.0,1,100.0,0,0.0,1,1,1,0,0.0,0,0.0,,0,0,0.0,0,0.0,0,0.0,0,0.0,0,0.0,0,0.0,4.0,SEM_ALERTA_OBJETIVO_DE_LOCALIZACAO,REVISAO_OU_UNKNOWN_PRESENTE,PARCIAL_SEM_INTERVALO_CAPTADO_DEMONSTRADO,EVIDENCIA_HIDRAULICA_PARCIAL_PRESENTE,EVIDENCIA_HIDROQUIMICA_PARCIAL_PRESENTE_SEM_QA_COMPLETO,UNKNOWN_SEM_EVIDENCIA_DATADA_E_SEM_SERIE,UNKNOWN_INDEPENDENCIA_HIDROGEOLOGICA_NAO_DEMONSTRADA,SEM_ALERTA_OBJETIVO_NAS_REGRAS_ATUAIS,INCERTEZA_EXPLICITA_NAO_AGREGADA,UNKNOWN_EVIDENCIA_DATADA|UNKNOWN_INDEPENDENCIA_HIDROGEOLOGICA|UNKNOWN_INTERVALO_CAPTADO|UNKNOWN_QA_HIDROQUIMICO_COMPLETO|UNKNOWN_SERIE_TEMPORAL,"{""espacial"":""SEM_ALERTA_OBJETIVO_DE_LOCALIZACAO"",""hidraulica"":""EVIDENCIA_HIDRAULICA_PARCIAL_PRESENTE"",""hidroestratigrafica"":""REVISAO_OU_UNKNOWN_PRESENTE"",""hidroquimica"":""EVIDENCIA_HIDROQUIMICA_PARCIAL_PRESENTE_SEM_QA_COMPLETO"",""incerteza"":""INCERTEZA_EXPLICITA_NAO_AGREGADA"",""independencia"":""UNKNOWN_INDEPENDENCIA_HIDROGEOLOGICA_NAO_DEMONSTRADA"",""qualidade_documental"":""SEM_ALERTA_OBJETIVO_NAS_REGRAS_ATUAIS"",""temporal"":""UNKNOWN_SEM_EVIDENCIA_DATADA_E_SEM_SERIE"",""vertical"":""PARCIAL_SEM_INTERVALO_CAPTADO_DEMONSTRADO""}"
SCALE-1000-O00-00308,1000,O00,1000.0000000000462,11,COM_POCO_NO_CONJUNTO_AUDITADO,10.32552937989773,2,Grupo Caiuá,75.28117692805323,2,Granular (Gr),75.28117692805323,False,False,2,18.181818181818183,2,18.181818181818183,4,36.36363636363637,4,36.36363636363637,8,72.72727272727273,3,27.272727272727273,1,9.090909090909092,0,8,72.72727272727273,8,72.72727272727273,8,72.72727272727273,2,18.181818181818183,2,18.181818181818183,0,0.0,6,54.54545454545455,2,18.181818181818183,4,6,3,5,45.45454545454545,0,0.0,23.45291142186356,0,0,0.0,0,0.0,5,45.45454545454545,6,54.54545454545455,6,54.54545454545455,0,0.0,3.0,COM_COORDENADA_OU_MUNICIPIO_EM_REVISAO,REVISAO_OU_UNKNOWN_PRESENTE,PARCIAL_SEM_INTERVALO_CAPTADO_DEMONSTRADO,ENSAIO_COM_METADADOS_MINIMOS_PRESENTE,EVIDENCIA_HIDROQUIMICA_PARCIAL_PRESENTE_SEM_QA_COMPLETO,EVIDENCIA_DATADA_PRESENTE_SEM_SERIE,UNKNOWN_INDEPENDENCIA_HIDROGEOLOGICA_NAO_DEMONSTRADA,ALERTAS_DE_REVISAO_PRESENTES,INCERTEZA_EXPLICITA_NAO_AGREGADA,UNKNOWN_HIDROESTRATIGRAFIA_EM_PARTE_DOS_POCOS|UNKNOWN_INDEPENDENCIA_HIDROGEOLOGICA|UNKNOWN_INTERVALO_CAPTADO|UNKNOWN_QA_HIDROQUIMICO_COMPLETO|UNKNOWN_SERIE_TEMPORAL,"{""espacial"":""COM_COORDENADA_OU_MUNICIPIO_EM_REVISAO"",""hidraulica"":""ENSAIO_COM_METADADOS_MINIMOS_PRESENTE"",""hidroestratigrafica"":""REVISAO_OU_UNKNOWN_PRESENTE"",""hidroquimica"":""EVIDENCIA_HIDROQUIMICA_PARCIAL_PRESENTE_SEM_QA_COMPLETO"",""incerteza"":""INCERTEZA_EXPLICITA_NAO_AGREGADA"",""independencia"":""UNKNOWN_INDEPENDENCIA_HIDROGEOLOGICA_NAO_DEMONSTRADA"",""qualidade_documental"":""ALERTAS_DE_REVISAO_PRESENTES"",""temporal"":""EVIDENCIA_DATADA_PRESENTE_SEM_SERIE"",""vertical"":""PARCIAL_SEM_INTERVALO_CAPTADO_DEMONSTRADO""}"
SCALE-1000-O00-00309,1000,O00,1000.0000000000462,1,COM_POCO_NO_CONJUNTO_AUDITADO,13.799141335441492,2,Grupo Caiuá,84.86762463916683,2,Granular (Gr),84.86762463916683,False,False,0,0.0,0,0.0,0,0.0,0,0.0,1,100.0,1,100.0,0,0.0,0,1,100.0,1,100.0,1,100.0,1,100.0,1,100.0,0,0.0,0,0.0,0,0.0,0,0,0,1,100.0,0,0.0,7.690780782630718,0,0,0.0,0,0.0,0,0.0,1,100.0,1,100.0,0,0.0,4.0,SEM_ALERTA_OBJETIVO_DE_LOCALIZACAO,DOCUMENTACAO_HIDROESTRATIGRAFICA_SEM_ALERTA_OBJETIVO,PARCIAL_SEM_INTERVALO_CAPTADO_DEMONSTRADO,ENSAIO_COM_METADADOS_MINIMOS_PRESENTE,UNKNOWN_SEM_EVIDENCIA_HIDROQUIMICA_NO_CONJUNTO,EVIDENCIA_DATADA_PRESENTE_SEM_SERIE,UNKNOWN_INDEPENDENCIA_HIDROGEOLOGICA_NAO_DEMONSTRADA,ALERTAS_DE_REVISAO_PRESENTES,INCERTEZA_EXPLICITA_NAO_AGREGADA,UNKNOWN_EVIDENCIA_HIDROQUIMICA|UNKNOWN_INDEPENDENCIA_HIDROGEOLOGICA|UNKNOWN_INTERVALO_CAPTADO|UNKNOWN_QA_HIDROQUIMICO_COMPLETO|UNKNOWN_SERIE_TEMPORAL,"{""espacial"":""SEM_ALERTA_OBJETIVO_DE_LOCALIZACAO"",""hidraulica"":""ENSAIO_COM_METADADOS_MINIMOS_PRESENTE"",""hidroestratigrafica"":""DOCUMENTACAO_HIDROESTRATIGRAFICA_SEM_ALERTA_OBJETIVO"",""hidroquimica"":""UNKNOWN_SEM_EVIDENCIA_HIDROQUIMICA_NO_CONJUNTO"",""incerteza"":""INCERTEZA_EXPLICITA_NAO_AGREGADA"",""independencia"":""UNKNOWN_INDEPENDENCIA_HIDROGEOLOGICA_NAO_DEMONSTRADA"",""qualidade_documental"":""ALERTAS_DE_REVISAO_PRESENTES"",""temporal"":""EVIDENCIA_DATADA_PRESENTE_SEM_SERIE"",""vertical"":""PARCIAL_SEM_INTERVALO_CAPTADO_DEMONSTRADO""}"
SCALE-1000-O00-00310,1000,O00,1000.0000000000462,1,COM_POCO_NO_CONJUNTO_AUDITADO,21.696880586340004,3,Grupo Caiuá,72.28004341141323,2,Granular (Gr),79.75901253651865,False,False,0,0.0,0,0.0,0,0.0,0,0.0,1,100.0,1,100.0,0,0.0,0,1,100.0,1,100.0,1,100.0,1,100.0,1,100.0,0,0.0,0,0.0,0,0.0,0,0,0,1,100.0,0,0.0,36.16775156231819,0,0,0.0,0,0.0,0,0.0,1,100.0,1,100.0,0,0.0,4.0,SEM_ALERTA_OBJETIVO_DE_LOCALIZACAO,DOCUMENTACAO_HIDROESTRATIGRAFICA_SEM_ALERTA_OBJETIVO,PARCIAL_SEM_INTERVALO_CAPTADO_DEMONSTRADO,ENSAIO_COM_METADADOS_MINIMOS_PRESENTE,UNKNOWN_SEM_EVIDENCIA_HIDROQUIMICA_NO_CONJUNTO,EVIDENCIA_DATADA_PRESENTE_SEM_SERIE,UNKNOWN_INDEPENDENCIA_HIDROGEOLOGICA_NAO_DEMONSTRADA,ALERTAS_DE_REVISAO_PRESENTES,INCERTEZA_EXPLICITA_NAO_AGREGADA,UNKNOWN_EVIDENCIA_HIDROQUIMICA|UNKNOWN_INDEPENDENCIA_HIDROGEOLOGICA|UNKNOWN_INTERVALO_CAPTADO|UNKNOWN_QA_HIDROQUIMICO_COMPLETO|UNKNOWN_SERIE_TEMPORAL,"{""espacial"":""SEM_ALERTA_OBJETIVO_DE_LOCALIZACAO"",""hidraulica"":""ENSAIO_COM_METADADOS_MINIMOS_PRESENTE"",""hidroestratigrafica"":""DOCUMENTACAO_HIDROESTRATIGRAFICA_SEM_ALERTA_OBJETIVO"",""hidroquimica"":""UNKNOWN_SEM_EVIDENCIA_HIDROQUIMICA_NO_CONJUNTO"",""incerteza"":""INCERTEZA_EXPLICITA_NAO_AGREGADA"",""independencia"":""UNKNOWN_INDEPENDENCIA_HIDROGEOLOGICA_NAO_DEMONSTRADA"",""qualidade_documental"":""ALERTAS_DE_REVISAO_PRESENTES"",""temporal"":""EVIDENCIA_DATADA_PRESENTE_SEM_SERIE"",""vertical"":""PARCIAL_SEM_INTERVALO_CAPTADO_DEMONSTRADO""}"
SCALE-1000-O00-00311,1000,O00,839.7907894929789,2,COM_POCO_NO_CONJUNTO_AUDITADO,15.143767429185873,3,Grupo Bauru,73.93501902869161,2,Granular (Gr),95.54888918673171,False,False,0,0.0,0,0.0,0,0.0,1,50.0,2,100.0,1,50.0,1,50.0,0,2,100.0,2,100.0,2,100.0,1,50.0,1,50.0,0,0.0,1,50.0,0,0.0,1,1,1,1,50.0,0,0.0,38.74412205589437,0,0,0.0,0,0.0,0,0.0,1,50.0,1,50.0,0,0.0,4.0,SEM_ALERTA_OBJETIVO_DE_LOCALIZACAO,REVISAO_OU_UNKNOWN_PRESENTE,PARCIAL_SEM_INTERVALO_CAPTADO_DEMONSTRADO,ENSAIO_COM_METADADOS_MINIMOS_PRESENTE,EVIDENCIA_HIDROQUIMICA_PARCIAL_PRESENTE_SEM_QA_COMPLETO,EVIDENCIA_DATADA_PRESENTE_SEM_SERIE,UNKNOWN_INDEPENDENCIA_HIDROGEOLOGICA_NAO_DEMONSTRADA,ALERTAS_DE_REVISAO_PRESENTES,INCERTEZA_EXPLICITA_NAO_AGREGADA,UNKNOWN_INDEPENDENCIA_HIDROGEOLOGICA|UNKNOWN_INTERVALO_CAPTADO|UNKNOWN_QA_HIDROQUIMICO_COMPLETO|UNKNOWN_SERIE_TEMPORAL,"{""espacial"":""SEM_ALERTA_OBJETIVO_DE_LOCALIZACAO"",""hidraulica"":""ENSAIO_COM_METADADOS_MINIMOS_PRESENTE"",""hidroestratigrafica"":""REVISAO_OU_UNKNOWN_PRESENTE"",""hidroquimica"":""EVIDENCIA_HIDROQUIMICA_PARCIAL_PRESENTE_SEM_QA_COMPLETO"",""incerteza"":""INCERTEZA_EXPLICITA_NAO_AGREGADA"",""independencia"":""UNKNOWN_INDEPENDENCIA_HIDROGEOLOGICA_NAO_DEMONSTRADA"",""qualidade_documental"":""ALERTAS_DE_REVISAO_PRESENTES"",""temporal"":""EVIDENCIA_DATADA_PRESENTE_SEM_SERIE"",""vertical"":""PARCIAL_SEM_INTERVALO_CAPTADO_DEMONSTRADO""}"
SCALE-1000-O00-00312,1000,O00,355.78108632418855,12,COM_POCO_NO_CONJUNTO_AUDITADO,11.441994057628147,2,Grupo Bauru,84.50754397018322,2,Granular (Gr),84.50754397018322,False,False,0,0.0,0,0.0,3,25.0,4,33.333333333333336,10,83.33333333333333,3,25.0,2,16.666666666666668,0,8,66.66666666666667,7,58.333333333333336,6,50.0,1,8.333333333333334,1,8.333333333333334,0,0.0,7,58.333333333333336,1,8.333333333333334,5,6,3,5,41.666666666666664,0,0.0,41.657255111330144,0,2,16.666666666666668,0,0.0,8,66.66666666666667,5,41.666666666666664,6,50.0,1,8.333333333333334,3.0,SEM_ALERTA_OBJETIVO_DE_LOCALIZACAO,REVISAO_OU_UNKNOWN_PRESENTE,PARCIAL_SEM_INTERVALO_CAPTADO_DEMONSTRADO,ENSAIO_COM_METADADOS_MINIMOS_PRESENTE,EVIDENCIA_HIDROQUIMICA_PARCIAL_PRESENTE_SEM_QA_COMPLETO,EVIDENCIA_DATADA_PRESENTE_SEM_SERIE,UNKNOWN_INDEPENDENCIA_HIDROGEOLOGICA_NAO_DEMONSTRADA,VALOR_INVALIDO_PRESERVADO,INCERTEZA_EXPLICITA_NAO_AGREGADA,UNKNOWN_HIDROESTRATIGRAFIA_EM_PARTE_DOS_POCOS|UNKNOWN_INDEPENDENCIA_HIDROGEOLOGICA|UNKNOWN_INTERVALO_CAPTADO|UNKNOWN_QA_HIDROQUIMICO_COMPLETO|UNKNOWN_SERIE_TEMPORAL,"{""espacial"":""SEM_ALERTA_OBJETIVO_DE_LOCALIZACAO"",""hidraulica"":""ENSAIO_COM_METADADOS_MINIMOS_PRESENTE"",""hidroestratigrafica"":""REVISAO_OU_UNKNOWN_PRESENTE"",""hidroquimica"":""EVIDENCIA_HIDROQUIMICA_PARCIAL_PRESENTE_SEM_QA_COMPLETO"",""incerteza"":""INCERTEZA_EXPLICITA_NAO_AGREGADA"",""independencia"":""UNKNOWN_INDEPENDENCIA_HIDROGEOLOGICA_NAO_DEMONSTRADA"",""qualidade_documental"":""VALOR_INVALIDO_PRESERVADO"",""temporal"":""EVIDENCIA_DATADA_PRESENTE_SEM_SERIE"",""vertical"":""PARCIAL_SEM_INTERVALO_CAPTADO_DEMONSTRADO""}"
SCALE-1000-O00-00313,1000,O00,42.6883796247945,4,COM_POCO_NO_CONJUNTO_AUDITADO,5.32837341946354,2,Formação Serra Geral,82.12123559490358,2,Fraturada (Fr),82.12123559490358,False,False,0,0.0,0,0.0,2,50.0,0,0.0,4,100.0,3,75.0,1,25.0,0,4,100.0,1,25.0,0,0.0,0,0.0,0,0.0,0,0.0,1,25.0,0,0.0,0,0,0,1,25.0,0,0.0,39.15207019993566,0,0,0.0,0,0.0,3,75.0,3,75.0,4,100.0,1,25.0,2.5,SEM_ALERTA_OBJETIVO_DE_LOCALIZACAO,REVISAO_OU_UNKNOWN_PRESENTE,PARCIAL_SEM_INTERVALO_CAPTADO_DEMONSTRADO,EVIDENCIA_HIDRAULICA_PARCIAL_PRESENTE,EVIDENCIA_HIDROQUIMICA_PARCIAL_PRESENTE_SEM_QA_COMPLETO,EVIDENCIA_DATADA_PRESENTE_SEM_SERIE,UNKNOWN_INDEPENDENCIA_HIDROGEOLOGICA_NAO_DEMONSTRADA,VALOR_INVALIDO_PRESERVADO,INCERTEZA_EXPLICITA_NAO_AGREGADA,UNKNOWN_HIDROESTRATIGRAFIA_EM_PARTE_DOS_POCOS|UNKNOWN_INDEPENDENCIA_HIDROGEOLOGICA|UNKNOWN_INTERVALO_CAPTADO|UNKNOWN_QA_HIDROQUIMICO_COMPLETO|UNKNOWN_SERIE_TEMPORAL,"{""espacial"":""SEM_ALERTA_OBJETIVO_DE_LOCALIZACAO"",""hidraulica"":""EVIDENCIA_HIDRAULICA_PARCIAL_PRESENTE"",""hidroestratigrafica"":""REVISAO_OU_UNKNOWN_PRESENTE"",""hidroquimica"":""EVIDENCIA_HIDROQUIMICA_PARCIAL_PRESENTE_SEM_QA_COMPLETO"",""incerteza"":""INCERTEZA_EXPLICITA_NAO_AGREGADA"",""independencia"":""UNKNOWN_INDEPENDENCIA_HIDROGEOLOGICA_NAO_DEMONSTRADA"",""qualidade_documental"":""VALOR_INVALIDO_PRESERVADO"",""temporal"":""EVIDENCIA_DATADA_PRESENTE_SEM_SERIE"",""vertical"":""PARCIAL_SEM_INTERVALO_CAPTADO_DEMONSTRADO""}"
SCALE-1000-O00-00314,1000,O00,1.7165509976973594,0,SEM_POCO_NO_CONJUNTO_AUDITADO,,1,Formação Pantanal,100.0,1,Granular (Gr),100.0,False,False,0,,0,,0,,0,,0,,0,,0,,0,0,,0,,0,,0,,0,,0,,0,,0,,0,0,0,0,,0,,,0,0,,0,,0,,0,,0,,0,,,SEM_POCO_NO_CONJUNTO_AUDITADO,UNKNOWN_SEM_POCO_PARA_AVALIACAO_LOCAL,UNKNOWN_SEM_POCO_PARA_AVALIACAO_VERTICAL,UNKNOWN_SEM_POCO_PARA_AVALIACAO_HIDRAULICA,UNKNOWN_SEM_POCO_PARA_AVALIACAO_HIDROQUIMICA,UNKNOWN_SEM_POCO_PARA_AVALIACAO_TEMPORAL,UNKNOWN_INDEPENDENCIA_HIDROGEOLOGICA_NAO_DEMONSTRADA,UNKNOWN_SEM_POCO_PARA_AVALIACAO_DOCUMENTAL,INCERTEZA_EXPLICITA_NAO_AGREGADA,UNKNOWN_SEM_POCO_NO_CONJUNTO_AUDITADO,"{""espacial"":""SEM_POCO_NO_CONJUNTO_AUDITADO"",""hidraulica"":""UNKNOWN_SEM_POCO_PARA_AVALIACAO_HIDRAULICA"",""hidroestratigrafica"":""UNKNOWN_SEM_POCO_PARA_AVALIACAO_LOCAL"",""hidroquimica"":""UNKNOWN_SEM_POCO_PARA_AVALIACAO_HIDROQUIMICA"",""incerteza"":""INCERTEZA_EXPLICITA_NAO_AGREGADA"",""independencia"":""UNKNOWN_INDEPENDENCIA_HIDROGEOLOGICA_NAO_DEMONSTRADA"",""qualidade_documental"":""UNKNOWN_SEM_POCO_PARA_AVALIACAO_DOCUMENTAL"",""temporal"":""UNKNOWN_SEM_POCO_PARA_AVALIACAO_TEMPORAL"",""vertical"":""UNKNOWN_SEM_POCO_PARA_AVALIACAO_VERTICAL""}"
SCALE-1000-O00-00315,1000,O00,954.48584774156,0,SEM_POCO_NO_CONJUNTO_AUDITADO,34.48487324267079,3,Depósitos aluvionares,58.55276356604902,2,Granular (Gr),98.04337069704489,False,False,0,,0,,0,,0,,0,,0,,0,,0,0,,0,,0,,0,,0,,0,,0,,0,,0,0,0,0,,0,,,0,0,,0,,0,,0,,0,,0,,,SEM_POCO_NO_CONJUNTO_AUDITADO,UNKNOWN_SEM_POCO_PARA_AVALIACAO_LOCAL,UNKNOWN_SEM_POCO_PARA_AVALIACAO_VERTICAL,UNKNOWN_SEM_POCO_PARA_AVALIACAO_HIDRAULICA,UNKNOWN_SEM_POCO_PARA_AVALIACAO_HIDROQUIMICA,UNKNOWN_SEM_POCO_PARA_AVALIACAO_TEMPORAL,UNKNOWN_INDEPENDENCIA_HIDROGEOLOGICA_NAO_DEMONSTRADA,UNKNOWN_SEM_POCO_PARA_AVALIACAO_DOCUMENTAL,INCERTEZA_EXPLICITA_NAO_AGREGADA,UNKNOWN_SEM_POCO_NO_CONJUNTO_AUDITADO,"{""espacial"":""SEM_POCO_NO_CONJUNTO_AUDITADO"",""hidraulica"":""UNKNOWN_SEM_POCO_PARA_AVALIACAO_HIDRAULICA"",""hidroestratigrafica"":""UNKNOWN_SEM_POCO_PARA_AVALIACAO_LOCAL"",""hidroquimica"":""UNKNOWN_SEM_POCO_PARA_AVALIACAO_HIDROQUIMICA"",""incerteza"":""INCERTEZA_EXPLICITA_NAO_AGREGADA"",""independencia"":""UNKNOWN_INDEPENDENCIA_HIDROGEOLOGICA_NAO_DEMONSTRADA"",""qualidade_documental"":""UNKNOWN_SEM_POCO_PARA_AVALIACAO_DOCUMENTAL"",""temporal"":""UNKNOWN_SEM_POCO_PARA_AVALIACAO_TEMPORAL"",""vertical"":""UNKNOWN_SEM_POCO_PARA_AVALIACAO_VERTICAL""}"
SCALE-1000-O00-00316,1000,O00,1000.0000000000462,0,SEM_POCO_NO_CONJUNTO_AUDITADO,49.78083911003725,4,Depósitos aluvionares,87.89727708058408,3,Granular (Gr),97.53832446704327,False,False,0,,0,,0,,0,,0,,0,,0,,0,0,,0,,0,,0,,0,,0,,0,,0,,0,0,0,0,,0,,,0,0,,0,,0,,0,,0,,0,,,SEM_POCO_NO_CONJUNTO_AUDITADO,UNKNOWN_SEM_POCO_PARA_AVALIACAO_LOCAL,UNKNOWN_SEM_POCO_PARA_AVALIACAO_VERTICAL,UNKNOWN_SEM_POCO_PARA_AVALIACAO_HIDRAULICA,UNKNOWN_SEM_POCO_PARA_AVALIACAO_HIDROQUIMICA,UNKNOWN_SEM_POCO_PARA_AVALIACAO_TEMPORAL,UNKNOWN_INDEPENDENCIA_HIDROGEOLOGICA_NAO_DEMONSTRADA,UNKNOWN_SEM_POCO_PARA_AVALIACAO_DOCUMENTAL,INCERTEZA_EXPLICITA_NAO_AGREGADA,UNKNOWN_SEM_POCO_NO_CONJUNTO_AUDITADO,"{""espacial"":""SEM_POCO_NO_CONJUNTO_AUDITADO"",""hidraulica"":""UNKNOWN_SEM_POCO_PARA_AVALIACAO_HIDRAULICA"",""hidroestratigrafica"":""UNKNOWN_SEM_POCO_PARA_AVALIACAO_LOCAL"",""hidroquimica"":""UNKNOWN_SEM_POCO_PARA_AVALIACAO_HIDROQUIMICA"",""incerteza"":""INCERTEZA_EXPLICITA_NAO_AGREGADA"",""independencia"":""UNKNOWN_INDEPENDENCIA_HIDROGEOLOGICA_NAO_DEMONSTRADA"",""qualidade_documental"":""UNKNOWN_SEM_POCO_PARA_AVALIACAO_DOCUMENTAL"",""temporal"":""UNKNOWN_SEM_POCO_PARA_AVALIACAO_TEMPORAL"",""vertical"":""UNKNOWN_SEM_POCO_PARA_AVALIACAO_VERTICAL""}"
SCALE-1000-O00-00317,1000,O00,1000.0000000000462,0,SEM_POCO_NO_CONJUNTO_AUDITADO,74.70850426533407,2,Depósitos aluvionares,98.03148444422904,1,Granular (Gr),100.0,False,False,0,,0,,0,,0,,0,,0,,0,,0,0,,0,,0,,0,,0,,0,,0,,0,,0,0,0,0,,0,,,0,0,,0,,0,,0,,0,,0,,,SEM_POCO_NO_CONJUNTO_AUDITADO,UNKNOWN_SEM_POCO_PARA_AVALIACAO_LOCAL,UNKNOWN_SEM_POCO_PARA_AVALIACAO_VERTICAL,UNKNOWN_SEM_POCO_PARA_AVALIACAO_HIDRAULICA,UNKNOWN_SEM_POCO_PARA_AVALIACAO_HIDROQUIMICA,UNKNOWN_SEM_POCO_PARA_AVALIACAO_TEMPORAL,UNKNOWN_INDEPENDENCIA_HIDROGEOLOGICA_NAO_DEMONSTRADA,UNKNOWN_SEM_POCO_PARA_AVALIACAO_DOCUMENTAL,INCERTEZA_EXPLICITA_NAO_AGREGADA,UNKNOWN_SEM_POCO_NO_CONJUNTO_AUDITADO,"{""espacial"":""SEM_POCO_NO_CONJUNTO_AUDITADO"",""hidraulica"":""UNKNOWN_SEM_POCO_PARA_AVALIACAO_HIDRAULICA"",""hidroestratigrafica"":""UNKNOWN_SEM_POCO_PARA_AVALIACAO_LOCAL"",""hidroquimica"":""UNKNOWN_SEM_POCO_PARA_AVALIACAO_HIDROQUIMICA"",""incerteza"":""INCERTEZA_EXPLICITA_NAO_AGREGADA"",""independencia"":""UNKNOWN_INDEPENDENCIA_HIDROGEOLOGICA_NAO_DEMONSTRADA"",""qualidade_documental"":""UNKNOWN_SEM_POCO_PARA_AVALIACAO_DOCUMENTAL"",""temporal"":""UNKNOWN_SEM_POCO_PARA_AVALIACAO_TEMPORAL"",""vertical"":""UNKNOWN_SEM_POCO_PARA_AVALIACAO_VERTICAL""}"
SCALE-1000-O00-00318,1000,O00,1000.0000000000462,0,SEM_POCO_NO_CONJUNTO_AUDITADO,91.19753445957816,2,Formação Pantanal,74.84366448466855,1,Granular (Gr),100.0,False,False,0,,0,,0,,0,,0,,0,,0,,0,0,,0,,0,,0,,0,,0,,0,,0,,0,0,0,0,,0,,,0,0,,0,,0,,0,,0,,0,,,SEM_POCO_NO_CONJUNTO_AUDITADO,UNKNOWN_SEM_POCO_PARA_AVALIACAO_LOCAL,UNKNOWN_SEM_POCO_PARA_AVALIACAO_VERTICAL,UNKNOWN_SEM_POCO_PARA_AVALIACAO_HIDRAULICA,UNKNOWN_SEM_POCO_PARA_AVALIACAO_HIDROQUIMICA,UNKNOWN_SEM_POCO_PARA_AVALIACAO_TEMPORAL,UNKNOWN_INDEPENDENCIA_HIDROGEOLOGICA_NAO_DEMONSTRADA,UNKNOWN_SEM_POCO_PARA_AVALIACAO_DOCUMENTAL,INCERTEZA_EXPLICITA_NAO_AGREGADA,UNKNOWN_SEM_POCO_NO_CONJUNTO_AUDITADO,"{""espacial"":""SEM_POCO_NO_CONJUNTO_AUDITADO"",""hidraulica"":""UNKNOWN_SEM_POCO_PARA_AVALIACAO_HIDRAULICA"",""hidroestratigrafica"":""UNKNOWN_SEM_POCO_PARA_AVALIACAO_LOCAL"",""hidroquimica"":""UNKNOWN_SEM_POCO_PARA_AVALIACAO_HIDROQUIMICA"",""incerteza"":""INCERTEZA_EXPLICITA_NAO_AGREGADA"",""independencia"":""UNKNOWN_INDEPENDENCIA_HIDROGEOLOGICA_NAO_DEMONSTRADA"",""qualidade_documental"":""UNKNOWN_SEM_POCO_PARA_AVALIACAO_DOCUMENTAL"",""temporal"":""UNKNOWN_SEM_POCO_PARA_AVALIACAO_TEMPORAL"",""vertical"":""UNKNOWN_SEM_POCO_PARA_AVALIACAO_VERTICAL""}"
SCALE-1000-O00-00319,1000,O00,1000.0000000000462,0,SEM_POCO_NO_CONJUNTO_AUDITADO,112.31359084462932,1,Formação Pantanal,100.0,1,Granular (Gr),100.0,False,False,0,,0,,0,,0,,0,,0,,0,,0,0,,0,,0,,0,,0,,0,,0,,0,,0,0,0,0,,0,,,0,0,,0,,0,,0,,0,,0,,,SEM_POCO_NO_CONJUNTO_AUDITADO,UNKNOWN_SEM_POCO_PARA_AVALIACAO_LOCAL,UNKNOWN_SEM_POCO_PARA_AVALIACAO_VERTICAL,UNKNOWN_SEM_POCO_PARA_AVALIACAO_HIDRAULICA,UNKNOWN_SEM_POCO_PARA_AVALIACAO_HIDROQUIMICA,UNKNOWN_SEM_POCO_PARA_AVALIACAO_TEMPORAL,UNKNOWN_INDEPENDENCIA_HIDROGEOLOGICA_NAO_DEMONSTRADA,UNKNOWN_SEM_POCO_PARA_AVALIACAO_DOCUMENTAL,INCERTEZA_EXPLICITA_NAO_AGREGADA,UNKNOWN_SEM_POCO_NO_CONJUNTO_AUDITADO,"{""espacial"":""SEM_POCO_NO_CONJUNTO_AUDITADO"",""hidraulica"":""UNKNOWN_SEM_POCO_PARA_AVALIACAO_HIDRAULICA"",""hidroestratigrafica"":""UNKNOWN_SEM_POCO_PARA_AVALIACAO_LOCAL"",""hidroquimica"":""UNKNOWN_SEM_POCO_PARA_AVALIACAO_HIDROQUIMICA"",""incerteza"":""INCERTEZA_EXPLICITA_NAO_AGREGADA"",""independencia"":""UNKNOWN_INDEPENDENCIA_HIDROGEOLOGICA_NAO_DEMONSTRADA"",""qualidade_documental"":""UNKNOWN_SEM_POCO_PARA_AVALIACAO_DOCUMENTAL"",""temporal"":""UNKNOWN_SEM_POCO_PARA_AVALIACAO_TEMPORAL"",""vertical"":""UNKNOWN_SEM_POCO_PARA_AVALIACAO_VERTICAL""}"
SCALE-1000-O00-00320,1000,O00,1000.0000000000462,0,SEM_POCO_NO_CONJUNTO_AUDITADO,121.51212485666152,1,Formação Pantanal,100.0,1,Granular (Gr),100.0,False,False,0,,0,,0,,0,,0,,0,,0,,0,0,,0,,0,,0,,0,,0,,0,,0,,0,0,0,0,,0,,,0,0,,0,,0,,0,,0,,0,,,SEM_POCO_NO_CONJUNTO_AUDITADO,UNKNOWN_SEM_POCO_PARA_AVALIACAO_LOCAL,UNKNOWN_SEM_POCO_PARA_AVALIACAO_VERTICAL,UNKNOWN_SEM_POCO_PARA_AVALIACAO_HIDRAULICA,UNKNOWN_SEM_POCO_PARA_AVALIACAO_HIDROQUIMICA,UNKNOWN_SEM_POCO_PARA_AVALIACAO_TEMPORAL,UNKNOWN_INDEPENDENCIA_HIDROGEOLOGICA_NAO_DEMONSTRADA,UNKNOWN_SEM_POCO_PARA_AVALIACAO_DOCUMENTAL,INCERTEZA_EXPLICITA_NAO_AGREGADA,UNKNOWN_SEM_POCO_NO_CONJUNTO_AUDITADO,"{""espacial"":""SEM_POCO_NO_CONJUNTO_AUDITADO"",""hidraulica"":""UNKNOWN_SEM_POCO_PARA_AVALIACAO_HIDRAULICA"",""hidroestratigrafica"":""UNKNOWN_SEM_POCO_PARA_AVALIACAO_LOCAL"",""hidroquimica"":""UNKNOWN_SEM_POCO_PARA_AVALIACAO_HIDROQUIMICA"",""incerteza"":""INCERTEZA_EXPLICITA_NAO_AGREGADA"",""independencia"":""UNKNOWN_INDEPENDENCIA_HIDROGEOLOGICA_NAO_DEMONSTRADA"",""qualidade_documental"":""UNKNOWN_SEM_POCO_PARA_AVALIACAO_DOCUMENTAL"",""temporal"":""UNKNOWN_SEM_POCO_PARA_AVALIACAO_TEMPORAL"",""vertical"":""UNKNOWN_SEM_POCO_PARA_AVALIACAO_VERTICAL""}"
SCALE-1000-O00-00321,1000,O00,1000.0000000000462,0,SEM_POCO_NO_CONJUNTO_AUDITADO,94.23666208220773,1,Formação Pantanal,100.0,1,Granular (Gr),100.0,False,False,0,,0,,0,,0,,0,,0,,0,,0,0,,0,,0,,0,,0,,0,,0,,0,,0,0,0,0,,0,,,0,0,,0,,0,,0,,0,,0,,,SEM_POCO_NO_CONJUNTO_AUDITADO,UNKNOWN_SEM_POCO_PARA_AVALIACAO_LOCAL,UNKNOWN_SEM_POCO_PARA_AVALIACAO_VERTICAL,UNKNOWN_SEM_POCO_PARA_AVALIACAO_HIDRAULICA,UNKNOWN_SEM_POCO_PARA_AVALIACAO_HIDROQUIMICA,UNKNOWN_SEM_POCO_PARA_AVALIACAO_TEMPORAL,UNKNOWN_INDEPENDENCIA_HIDROGEOLOGICA_NAO_DEMONSTRADA,UNKNOWN_SEM_POCO_PARA_AVALIACAO_DOCUMENTAL,INCERTEZA_EXPLICITA_NAO_AGREGADA,UNKNOWN_SEM_POCO_NO_CONJUNTO_AUDITADO,"{""espacial"":""SEM_POCO_NO_CONJUNTO_AUDITADO"",""hidraulica"":""UNKNOWN_SEM_POCO_PARA_AVALIACAO_HIDRAULICA"",""hidroestratigrafica"":""UNKNOWN_SEM_POCO_PARA_AVALIACAO_LOCAL"",""hidroquimica"":""UNKNOWN_SEM_POCO_PARA_AVALIACAO_HIDROQUIMICA"",""incerteza"":""INCERTEZA_EXPLICITA_NAO_AGREGADA"",""independencia"":""UNKNOWN_INDEPENDENCIA_HIDROGEOLOGICA_NAO_DEMONSTRADA"",""qualidade_documental"":""UNKNOWN_SEM_POCO_PARA_AVALIACAO_DOCUMENTAL"",""temporal"":""UNKNOWN_SEM_POCO_PARA_AVALIACAO_TEMPORAL"",""vertical"":""UNKNOWN_SEM_POCO_PARA_AVALIACAO_VERTICAL""}"
SCALE-1000-O00-00322,1000,O00,1000.0000000000462,0,SEM_POCO_NO_CONJUNTO_AUDITADO,64.80486892711535,2,Formação Pantanal,96.09631998959556,1,Granular (Gr),100.0,False,False,0,,0,,0,,0,,0,,0,,0,,0,0,,0,,0,,0,,0,,0,,0,,0,,0,0,0,0,,0,,,0,0,,0,,0,,0,,0,,0,,,SEM_POCO_NO_CONJUNTO_AUDITADO,UNKNOWN_SEM_POCO_PARA_AVALIACAO_LOCAL,UNKNOWN_SEM_POCO_PARA_AVALIACAO_VERTICAL,UNKNOWN_SEM_POCO_PARA_AVALIACAO_HIDRAULICA,UNKNOWN_SEM_POCO_PARA_AVALIACAO_HIDROQUIMICA,UNKNOWN_SEM_POCO_PARA_AVALIACAO_TEMPORAL,UNKNOWN_INDEPENDENCIA_HIDROGEOLOGICA_NAO_DEMONSTRADA,UNKNOWN_SEM_POCO_PARA_AVALIACAO_DOCUMENTAL,INCERTEZA_EXPLICITA_NAO_AGREGADA,UNKNOWN_SEM_POCO_NO_CONJUNTO_AUDITADO,"{""espacial"":""SEM_POCO_NO_CONJUNTO_AUDITADO"",""hidraulica"":""UNKNOWN_SEM_POCO_PARA_AVALIACAO_HIDRAULICA"",""hidroestratigrafica"":""UNKNOWN_SEM_POCO_PARA_AVALIACAO_LOCAL"",""hidroquimica"":""UNKNOWN_SEM_POCO_PARA_AVALIACAO_HIDROQUIMICA"",""incerteza"":""INCERTEZA_EXPLICITA_NAO_AGREGADA"",""independencia"":""UNKNOWN_INDEPENDENCIA_HIDROGEOLOGICA_NAO_DEMONSTRADA"",""qualidade_documental"":""UNKNOWN_SEM_POCO_PARA_AVALIACAO_DOCUMENTAL"",""temporal"":""UNKNOWN_SEM_POCO_PARA_AVALIACAO_TEMPORAL"",""vertical"":""UNKNOWN_SEM_POCO_PARA_AVALIACAO_VERTICAL""}"
SCALE-1000-O00-00323,1000,O00,1000.0000000000445,5,COM_POCO_NO_CONJUNTO_AUDITADO,31.179642004996523,6,Formação Pantanal,50.6557190382165,2,Granular (Gr),96.90239941905939,True,False,0,0.0,0,0.0,0,0.0,0,0.0,5,100.0,5,100.0,2,40.0,0,5,100.0,5,100.0,4,80.0,4,80.0,4,80.0,1,20.0,2,40.0,2,40.0,4,5,3,5,100.0,2,40.0,17.00514042040562,0,0,0.0,0,0.0,5,100.0,5,100.0,5,100.0,0,0.0,4.0,SEM_ALERTA_OBJETIVO_DE_LOCALIZACAO,DOCUMENTACAO_HIDROESTRATIGRAFICA_SEM_ALERTA_OBJETIVO,PARCIAL_SEM_INTERVALO_CAPTADO_DEMONSTRADO,TRANSMISSIVIDADE_INFORMADA_NAO_VALIDADA_PRESENTE,EVIDENCIA_HIDROQUIMICA_PARCIAL_PRESENTE_SEM_QA_COMPLETO,EVIDENCIA_DATADA_PRESENTE_SEM_SERIE,UNKNOWN_INDEPENDENCIA_HIDROGEOLOGICA_NAO_DEMONSTRADA,ALERTAS_DE_REVISAO_PRESENTES,INCERTEZA_EXPLICITA_NAO_AGREGADA,MASCARAMENTO_HIDROESTRATIGRAFICO_POSSIVEL|UNKNOWN_INDEPENDENCIA_HIDROGEOLOGICA|UNKNOWN_INTERVALO_CAPTADO|UNKNOWN_QA_HIDROQUIMICO_COMPLETO|UNKNOWN_SERIE_TEMPORAL,"{""espacial"":""SEM_ALERTA_OBJETIVO_DE_LOCALIZACAO"",""hidraulica"":""TRANSMISSIVIDADE_INFORMADA_NAO_VALIDADA_PRESENTE"",""hidroestratigrafica"":""DOCUMENTACAO_HIDROESTRATIGRAFICA_SEM_ALERTA_OBJETIVO"",""hidroquimica"":""EVIDENCIA_HIDROQUIMICA_PARCIAL_PRESENTE_SEM_QA_COMPLETO"",""incerteza"":""INCERTEZA_EXPLICITA_NAO_AGREGADA"",""independencia"":""UNKNOWN_INDEPENDENCIA_HIDROGEOLOGICA_NAO_DEMONSTRADA"",""qualidade_documental"":""ALERTAS_DE_REVISAO_PRESENTES"",""temporal"":""EVIDENCIA_DATADA_PRESENTE_SEM_SERIE"",""vertical"":""PARCIAL_SEM_INTERVALO_CAPTADO_DEMONSTRADO""}"
SCALE-1000-O00-00324,1000,O00,1000.0000000000462,25,COM_POCO_NO_CONJUNTO_AUDITADO,17.61984631902735,4,Formação Aquidauana,53.15115414170209,1,Granular (Gr),100.0,True,False,2,8.0,0,0.0,3,12.0,0,0.0,24,96.0,14,56.0,0,0.0,0,24,96.0,24,96.0,24,96.0,11,44.0,11,44.0,0,0.0,8,32.0,0,0.0,6,6,1,15,60.0,0,0.0,28.86027776066586,0,2,8.0,2,8.0,19,76.0,16,64.0,16,64.0,0,0.0,4.0,COM_COORDENADA_OU_MUNICIPIO_EM_REVISAO,REVISAO_OU_UNKNOWN_PRESENTE,PARCIAL_SEM_INTERVALO_CAPTADO_DEMONSTRADO,ENSAIO_COM_METADADOS_MINIMOS_PRESENTE,EVIDENCIA_HIDROQUIMICA_PARCIAL_PRESENTE_SEM_QA_COMPLETO,EVIDENCIA_DATADA_PRESENTE_SEM_SERIE,UNKNOWN_INDEPENDENCIA_HIDROGEOLOGICA_NAO_DEMONSTRADA,ALERTAS_DE_REVISAO_PRESENTES,INCERTEZA_EXPLICITA_NAO_AGREGADA,MASCARAMENTO_HIDROESTRATIGRAFICO_POSSIVEL|UNKNOWN_HIDROESTRATIGRAFIA_EM_PARTE_DOS_POCOS|UNKNOWN_INDEPENDENCIA_HIDROGEOLOGICA|UNKNOWN_INTERVALO_CAPTADO|UNKNOWN_QA_HIDROQUIMICO_COMPLETO|UNKNOWN_SERIE_TEMPORAL,"{""espacial"":""COM_COORDENADA_OU_MUNICIPIO_EM_REVISAO"",""hidraulica"":""ENSAIO_COM_METADADOS_MINIMOS_PRESENTE"",""hidroestratigrafica"":""REVISAO_OU_UNKNOWN_PRESENTE"",""hidroquimica"":""EVIDENCIA_HIDROQUIMICA_PARCIAL_PRESENTE_SEM_QA_COMPLETO"",""incerteza"":""INCERTEZA_EXPLICITA_NAO_AGREGADA"",""independencia"":""UNKNOWN_INDEPENDENCIA_HIDROGEOLOGICA_NAO_DEMONSTRADA"",""qualidade_documental"":""ALERTAS_DE_REVISAO_PRESENTES"",""temporal"":""EVIDENCIA_DATADA_PRESENTE_SEM_SERIE"",""vertical"":""PARCIAL_SEM_INTERVALO_CAPTADO_DEMONSTRADO""}"
SCALE-1000-O00-00325,1000,O00,1000.0000000000462,5,COM_POCO_NO_CONJUNTO_AUDITADO,14.271758667410417,4,Formação Botucatu,59.87337955031003,1,Granular (Gr),100.0,False,False,0,0.0,0,0.0,3,60.0,1,20.0,2,40.0,1,20.0,0,0.0,0,2,40.0,2,40.0,2,40.0,0,0.0,0,0.0,0,0.0,2,40.0,1,20.0,2,3,3,1,20.0,1,20.0,16.45755901900792,0,0,0.0,0,0.0,0,0.0,4,80.0,4,80.0,0,0.0,0.0,SEM_ALERTA_OBJETIVO_DE_LOCALIZACAO,REVISAO_OU_UNKNOWN_PRESENTE,PARCIAL_SEM_INTERVALO_CAPTADO_DEMONSTRADO,EVIDENCIA_HIDRAULICA_PARCIAL_PRESENTE,EVIDENCIA_HIDROQUIMICA_PARCIAL_PRESENTE_SEM_QA_COMPLETO,EVIDENCIA_DATADA_PRESENTE_SEM_SERIE,UNKNOWN_INDEPENDENCIA_HIDROGEOLOGICA_NAO_DEMONSTRADA,ALERTAS_DE_REVISAO_PRESENTES,INCERTEZA_EXPLICITA_NAO_AGREGADA,UNKNOWN_HIDROESTRATIGRAFIA_EM_PARTE_DOS_POCOS|UNKNOWN_INDEPENDENCIA_HIDROGEOLOGICA|UNKNOWN_INTERVALO_CAPTADO|UNKNOWN_QA_HIDROQUIMICO_COMPLETO|UNKNOWN_SERIE_TEMPORAL,"{""espacial"":""SEM_ALERTA_OBJETIVO_DE_LOCALIZACAO"",""hidraulica"":""EVIDENCIA_HIDRAULICA_PARCIAL_PRESENTE"",""hidroestratigrafica"":""REVISAO_OU_UNKNOWN_PRESENTE"",""hidroquimica"":""EVIDENCIA_HIDROQUIMICA_PARCIAL_PRESENTE_SEM_QA_COMPLETO"",""incerteza"":""INCERTEZA_EXPLICITA_NAO_AGREGADA"",""independencia"":""UNKNOWN_INDEPENDENCIA_HIDROGEOLOGICA_NAO_DEMONSTRADA"",""qualidade_documental"":""ALERTAS_DE_REVISAO_PRESENTES"",""temporal"":""EVIDENCIA_DATADA_PRESENTE_SEM_SERIE"",""vertical"":""PARCIAL_SEM_INTERVALO_CAPTADO_DEMONSTRADO""}"
SCALE-1000-O00-00326,1000,O00,1000.0000000000462,0,SEM_POCO_NO_CONJUNTO_AUDITADO,30.912291754346054,2,Grupo Caiuá,77.24590386820509,1,Granular (Gr),100.0,False,False,0,,0,,0,,0,,0,,0,,0,,0,0,,0,,0,,0,,0,,0,,0,,0,,0,0,0,0,,0,,,0,0,,0,,0,,0,,0,,0,,,SEM_POCO_NO_CONJUNTO_AUDITADO,UNKNOWN_SEM_POCO_PARA_AVALIACAO_LOCAL,UNKNOWN_SEM_POCO_PARA_AVALIACAO_VERTICAL,UNKNOWN_SEM_POCO_PARA_AVALIACAO_HIDRAULICA,UNKNOWN_SEM_POCO_PARA_AVALIACAO_HIDROQUIMICA,UNKNOWN_SEM_POCO_PARA_AVALIACAO_TEMPORAL,UNKNOWN_INDEPENDENCIA_HIDROGEOLOGICA_NAO_DEMONSTRADA,UNKNOWN_SEM_POCO_PARA_AVALIACAO_DOCUMENTAL,INCERTEZA_EXPLICITA_NAO_AGREGADA,UNKNOWN_SEM_POCO_NO_CONJUNTO_AUDITADO,"{""espacial"":""SEM_POCO_NO_CONJUNTO_AUDITADO"",""hidraulica"":""UNKNOWN_SEM_POCO_PARA_AVALIACAO_HIDRAULICA"",""hidroestratigrafica"":""UNKNOWN_SEM_POCO_PARA_AVALIACAO_LOCAL"",""hidroquimica"":""UNKNOWN_SEM_POCO_PARA_AVALIACAO_HIDROQUIMICA"",""incerteza"":""INCERTEZA_EXPLICITA_NAO_AGREGADA"",""independencia"":""UNKNOWN_INDEPENDENCIA_HIDROGEOLOGICA_NAO_DEMONSTRADA"",""qualidade_documental"":""UNKNOWN_SEM_POCO_PARA_AVALIACAO_DOCUMENTAL"",""temporal"":""UNKNOWN_SEM_POCO_PARA_AVALIACAO_TEMPORAL"",""vertical"":""UNKNOWN_SEM_POCO_PARA_AVALIACAO_VERTICAL""}"
SCALE-1000-O00-00327,1000,O00,1000.0000000000462,0,SEM_POCO_NO_CONJUNTO_AUDITADO,21.514869263731736,2,Grupo Caiuá,84.1573010924006,1,Granular (Gr),100.0,False,False,0,,0,,0,,0,,0,,0,,0,,0,0,,0,,0,,0,,0,,0,,0,,0,,0,0,0,0,,0,,,0,0,,0,,0,,0,,0,,0,,,SEM_POCO_NO_CONJUNTO_AUDITADO,UNKNOWN_SEM_POCO_PARA_AVALIACAO_LOCAL,UNKNOWN_SEM_POCO_PARA_AVALIACAO_VERTICAL,UNKNOWN_SEM_POCO_PARA_AVALIACAO_HIDRAULICA,UNKNOWN_SEM_POCO_PARA_AVALIACAO_HIDROQUIMICA,UNKNOWN_SEM_POCO_PARA_AVALIACAO_TEMPORAL,UNKNOWN_INDEPENDENCIA_HIDROGEOLOGICA_NAO_DEMONSTRADA,UNKNOWN_SEM_POCO_PARA_AVALIACAO_DOCUMENTAL,INCERTEZA_EXPLICITA_NAO_AGREGADA,UNKNOWN_SEM_POCO_NO_CONJUNTO_AUDITADO,"{""espacial"":""SEM_POCO_NO_CONJUNTO_AUDITADO"",""hidraulica"":""UNKNOWN_SEM_POCO_PARA_AVALIACAO_HIDRAULICA"",""hidroestratigrafica"":""UNKNOWN_SEM_POCO_PARA_AVALIACAO_LOCAL"",""hidroquimica"":""UNKNOWN_SEM_POCO_PARA_AVALIACAO_HIDROQUIMICA"",""incerteza"":""INCERTEZA_EXPLICITA_NAO_AGREGADA"",""independencia"":""UNKNOWN_INDEPENDENCIA_HIDROGEOLOGICA_NAO_DEMONSTRADA"",""qualidade_documental"":""UNKNOWN_SEM_POCO_PARA_AVALIACAO_DOCUMENTAL"",""temporal"":""UNKNOWN_SEM_POCO_PARA_AVALIACAO_TEMPORAL"",""vertical"":""UNKNOWN_SEM_POCO_PARA_AVALIACAO_VERTICAL""}"
SCALE-1000-O00-00328,1000,O00,1000.0000000000462,0,SEM_POCO_NO_CONJUNTO_AUDITADO,23.551921241793625,2,Grupo Caiuá,88.14648389946751,2,Granular (Gr),88.14648389946751,False,False,0,,0,,0,,0,,0,,0,,0,,0,0,,0,,0,,0,,0,,0,,0,,0,,0,0,0,0,,0,,,0,0,,0,,0,,0,,0,,0,,,SEM_POCO_NO_CONJUNTO_AUDITADO,UNKNOWN_SEM_POCO_PARA_AVALIACAO_LOCAL,UNKNOWN_SEM_POCO_PARA_AVALIACAO_VERTICAL,UNKNOWN_SEM_POCO_PARA_AVALIACAO_HIDRAULICA,UNKNOWN_SEM_POCO_PARA_AVALIACAO_HIDROQUIMICA,UNKNOWN_SEM_POCO_PARA_AVALIACAO_TEMPORAL,UNKNOWN_INDEPENDENCIA_HIDROGEOLOGICA_NAO_DEMONSTRADA,UNKNOWN_SEM_POCO_PARA_AVALIACAO_DOCUMENTAL,INCERTEZA_EXPLICITA_NAO_AGREGADA,UNKNOWN_SEM_POCO_NO_CONJUNTO_AUDITADO,"{""espacial"":""SEM_POCO_NO_CONJUNTO_AUDITADO"",""hidraulica"":""UNKNOWN_SEM_POCO_PARA_AVALIACAO_HIDRAULICA"",""hidroestratigrafica"":""UNKNOWN_SEM_POCO_PARA_AVALIACAO_LOCAL"",""hidroquimica"":""UNKNOWN_SEM_POCO_PARA_AVALIACAO_HIDROQUIMICA"",""incerteza"":""INCERTEZA_EXPLICITA_NAO_AGREGADA"",""independencia"":""UNKNOWN_INDEPENDENCIA_HIDROGEOLOGICA_NAO_DEMONSTRADA"",""qualidade_documental"":""UNKNOWN_SEM_POCO_PARA_AVALIACAO_DOCUMENTAL"",""temporal"":""UNKNOWN_SEM_POCO_PARA_AVALIACAO_TEMPORAL"",""vertical"":""UNKNOWN_SEM_POCO_PARA_AVALIACAO_VERTICAL""}"
SCALE-1000-O00-00329,1000,O00,1000.0000000000462,13,COM_POCO_NO_CONJUNTO_AUDITADO,10.762138973053116,2,Grupo Caiuá,93.95536265639444,2,Granular (Gr),93.95536265639444,False,False,2,15.384615384615385,0,0.0,4,30.76923076923077,7,53.84615384615385,11,84.61538461538461,3,23.076923076923077,1,7.6923076923076925,0,9,69.23076923076923,9,69.23076923076923,9,69.23076923076923,3,23.076923076923077,3,23.076923076923077,0,0.0,6,46.15384615384615,0,0.0,4,4,1,3,23.076923076923077,0,0.0,9.957767784417202,0,2,15.384615384615385,2,15.384615384615385,4,30.76923076923077,7,53.84615384615385,7,53.84615384615385,0,0.0,3.0,COM_COORDENADA_OU_MUNICIPIO_EM_REVISAO,REVISAO_OU_UNKNOWN_PRESENTE,PARCIAL_SEM_INTERVALO_CAPTADO_DEMONSTRADO,ENSAIO_COM_METADADOS_MINIMOS_PRESENTE,EVIDENCIA_HIDROQUIMICA_PARCIAL_PRESENTE_SEM_QA_COMPLETO,EVIDENCIA_DATADA_PRESENTE_SEM_SERIE,UNKNOWN_INDEPENDENCIA_HIDROGEOLOGICA_NAO_DEMONSTRADA,ALERTAS_DE_REVISAO_PRESENTES,INCERTEZA_EXPLICITA_NAO_AGREGADA,UNKNOWN_HIDROESTRATIGRAFIA_EM_PARTE_DOS_POCOS|UNKNOWN_INDEPENDENCIA_HIDROGEOLOGICA|UNKNOWN_INTERVALO_CAPTADO|UNKNOWN_QA_HIDROQUIMICO_COMPLETO|UNKNOWN_SERIE_TEMPORAL,"{""espacial"":""COM_COORDENADA_OU_MUNICIPIO_EM_REVISAO"",""hidraulica"":""ENSAIO_COM_METADADOS_MINIMOS_PRESENTE"",""hidroestratigrafica"":""REVISAO_OU_UNKNOWN_PRESENTE"",""hidroquimica"":""EVIDENCIA_HIDROQUIMICA_PARCIAL_PRESENTE_SEM_QA_COMPLETO"",""incerteza"":""INCERTEZA_EXPLICITA_NAO_AGREGADA"",""independencia"":""UNKNOWN_INDEPENDENCIA_HIDROGEOLOGICA_NAO_DEMONSTRADA"",""qualidade_documental"":""ALERTAS_DE_REVISAO_PRESENTES"",""temporal"":""EVIDENCIA_DATADA_PRESENTE_SEM_SERIE"",""vertical"":""PARCIAL_SEM_INTERVALO_CAPTADO_DEMONSTRADO""}"
SCALE-1000-O00-00330,1000,O00,982.6731825863571,46,COM_POCO_NO_CONJUNTO_AUDITADO,8.48655242750404,3,Grupo Caiuá,58.30774891265855,2,Granular (Gr),92.10943046016246,False,False,0,0.0,0,0.0,21,45.65217391304348,25,54.34782608695652,35,76.08695652173913,20,43.47826086956522,1,2.1739130434782608,0,33,71.73913043478261,33,71.73913043478261,31,67.3913043478261,9,19.565217391304348,9,19.565217391304348,0,0.0,25,54.34782608695652,9,19.565217391304348,23,34,5,20,43.47826086956522,7,15.217391304347826,18.468551715640977,0,0,0.0,0,0.0,32,69.56521739130434,32,69.56521739130434,32,69.56521739130434,0,0.0,4.0,SEM_ALERTA_OBJETIVO_DE_LOCALIZACAO,REVISAO_OU_UNKNOWN_PRESENTE,PARCIAL_SEM_INTERVALO_CAPTADO_DEMONSTRADO,ENSAIO_COM_METADADOS_MINIMOS_PRESENTE,EVIDENCIA_HIDROQUIMICA_PARCIAL_PRESENTE_SEM_QA_COMPLETO,EVIDENCIA_DATADA_PRESENTE_SEM_SERIE,UNKNOWN_INDEPENDENCIA_HIDROGEOLOGICA_NAO_DEMONSTRADA,ALERTAS_DE_REVISAO_PRESENTES,INCERTEZA_EXPLICITA_NAO_AGREGADA,UNKNOWN_HIDROESTRATIGRAFIA_EM_PARTE_DOS_POCOS|UNKNOWN_INDEPENDENCIA_HIDROGEOLOGICA|UNKNOWN_INTERVALO_CAPTADO|UNKNOWN_QA_HIDROQUIMICO_COMPLETO|UNKNOWN_SERIE_TEMPORAL,"{""espacial"":""SEM_ALERTA_OBJETIVO_DE_LOCALIZACAO"",""hidraulica"":""ENSAIO_COM_METADADOS_MINIMOS_PRESENTE"",""hidroestratigrafica"":""REVISAO_OU_UNKNOWN_PRESENTE"",""hidroquimica"":""EVIDENCIA_HIDROQUIMICA_PARCIAL_PRESENTE_SEM_QA_COMPLETO"",""incerteza"":""INCERTEZA_EXPLICITA_NAO_AGREGADA"",""independencia"":""UNKNOWN_INDEPENDENCIA_HIDROGEOLOGICA_NAO_DEMONSTRADA"",""qualidade_documental"":""ALERTAS_DE_REVISAO_PRESENTES"",""temporal"":""EVIDENCIA_DATADA_PRESENTE_SEM_SERIE"",""vertical"":""PARCIAL_SEM_INTERVALO_CAPTADO_DEMONSTRADO""}"
SCALE-1000-O00-00331,1000,O00,799.2724596136896,13,COM_POCO_NO_CONJUNTO_AUDITADO,9.506512336997783,5,Formação Cachoeirinha,44.289241433661815,2,Granular (Gr),94.2164099704858,False,False,0,0.0,0,0.0,4,30.76923076923077,9,69.23076923076923,9,69.23076923076923,1,7.6923076923076925,0,0.0,0,9,69.23076923076923,9,69.23076923076923,9,69.23076923076923,1,7.6923076923076925,1,7.6923076923076925,0,0.0,7,53.84615384615385,0,0.0,6,6,1,1,7.6923076923076925,0,0.0,31.00679685414485,0,0,0.0,0,0.0,6,46.15384615384615,5,38.46153846153846,5,38.46153846153846,0,0.0,4.0,SEM_ALERTA_OBJETIVO_DE_LOCALIZACAO,REVISAO_OU_UNKNOWN_PRESENTE,PARCIAL_SEM_INTERVALO_CAPTADO_DEMONSTRADO,ENSAIO_COM_METADADOS_MINIMOS_PRESENTE,EVIDENCIA_HIDROQUIMICA_PARCIAL_PRESENTE_SEM_QA_COMPLETO,EVIDENCIA_DATADA_PRESENTE_SEM_SERIE,UNKNOWN_INDEPENDENCIA_HIDROGEOLOGICA_NAO_DEMONSTRADA,ALERTAS_DE_REVISAO_PRESENTES,INCERTEZA_EXPLICITA_NAO_AGREGADA,UNKNOWN_HIDROESTRATIGRAFIA_EM_PARTE_DOS_POCOS|UNKNOWN_INDEPENDENCIA_HIDROGEOLOGICA|UNKNOWN_INTERVALO_CAPTADO|UNKNOWN_QA_HIDROQUIMICO_COMPLETO|UNKNOWN_SERIE_TEMPORAL,"{""espacial"":""SEM_ALERTA_OBJETIVO_DE_LOCALIZACAO"",""hidraulica"":""ENSAIO_COM_METADADOS_MINIMOS_PRESENTE"",""hidroestratigrafica"":""REVISAO_OU_UNKNOWN_PRESENTE"",""hidroquimica"":""EVIDENCIA_HIDROQUIMICA_PARCIAL_PRESENTE_SEM_QA_COMPLETO"",""incerteza"":""INCERTEZA_EXPLICITA_NAO_AGREGADA"",""independencia"":""UNKNOWN_INDEPENDENCIA_HIDROGEOLOGICA_NAO_DEMONSTRADA"",""qualidade_documental"":""ALERTAS_DE_REVISAO_PRESENTES"",""temporal"":""EVIDENCIA_DATADA_PRESENTE_SEM_SERIE"",""vertical"":""PARCIAL_SEM_INTERVALO_CAPTADO_DEMONSTRADO""}"
SCALE-1000-O00-00332,1000,O00,227.1457054930744,3,COM_POCO_NO_CONJUNTO_AUDITADO,7.45445587265269,4,Grupo Bauru,55.36434262763585,2,Granular (Gr),77.55333526614282,False,False,0,0.0,0,0.0,0,0.0,0,0.0,3,100.0,0,0.0,0,0.0,0,3,100.0,3,100.0,3,100.0,0,0.0,0,0.0,0,0.0,3,100.0,0,0.0,3,3,1,0,0.0,0,0.0,,0,0,0.0,0,0.0,2,66.66666666666667,0,0.0,0,0.0,0,0.0,4.0,SEM_ALERTA_OBJETIVO_DE_LOCALIZACAO,DOCUMENTACAO_HIDROESTRATIGRAFICA_SEM_ALERTA_OBJETIVO,PARCIAL_SEM_INTERVALO_CAPTADO_DEMONSTRADO,EVIDENCIA_HIDRAULICA_PARCIAL_PRESENTE,EVIDENCIA_HIDROQUIMICA_PARCIAL_PRESENTE_SEM_QA_COMPLETO,UNKNOWN_SEM_EVIDENCIA_DATADA_E_SEM_SERIE,UNKNOWN_INDEPENDENCIA_HIDROGEOLOGICA_NAO_DEMONSTRADA,SEM_ALERTA_OBJETIVO_NAS_REGRAS_ATUAIS,INCERTEZA_EXPLICITA_NAO_AGREGADA,UNKNOWN_EVIDENCIA_DATADA|UNKNOWN_INDEPENDENCIA_HIDROGEOLOGICA|UNKNOWN_INTERVALO_CAPTADO|UNKNOWN_QA_HIDROQUIMICO_COMPLETO|UNKNOWN_SERIE_TEMPORAL,"{""espacial"":""SEM_ALERTA_OBJETIVO_DE_LOCALIZACAO"",""hidraulica"":""EVIDENCIA_HIDRAULICA_PARCIAL_PRESENTE"",""hidroestratigrafica"":""DOCUMENTACAO_HIDROESTRATIGRAFICA_SEM_ALERTA_OBJETIVO"",""hidroquimica"":""EVIDENCIA_HIDROQUIMICA_PARCIAL_PRESENTE_SEM_QA_COMPLETO"",""incerteza"":""INCERTEZA_EXPLICITA_NAO_AGREGADA"",""independencia"":""UNKNOWN_INDEPENDENCIA_HIDROGEOLOGICA_NAO_DEMONSTRADA"",""qualidade_documental"":""SEM_ALERTA_OBJETIVO_NAS_REGRAS_ATUAIS"",""temporal"":""UNKNOWN_SEM_EVIDENCIA_DATADA_E_SEM_SERIE"",""vertical"":""PARCIAL_SEM_INTERVALO_CAPTADO_DEMONSTRADO""}"
SCALE-1000-O00-00333,1000,O00,173.36750202077675,0,SEM_POCO_NO_CONJUNTO_AUDITADO,56.87182816984164,3,Grupo Corumbá,59.81289917104752,2,Cárstica (K),59.81289917104752,False,False,0,,0,,0,,0,,0,,0,,0,,0,0,,0,,0,,0,,0,,0,,0,,0,,0,0,0,0,,0,,,0,0,,0,,0,,0,,0,,0,,,SEM_POCO_NO_CONJUNTO_AUDITADO,UNKNOWN_SEM_POCO_PARA_AVALIACAO_LOCAL,UNKNOWN_SEM_POCO_PARA_AVALIACAO_VERTICAL,UNKNOWN_SEM_POCO_PARA_AVALIACAO_HIDRAULICA,UNKNOWN_SEM_POCO_PARA_AVALIACAO_HIDROQUIMICA,UNKNOWN_SEM_POCO_PARA_AVALIACAO_TEMPORAL,UNKNOWN_INDEPENDENCIA_HIDROGEOLOGICA_NAO_DEMONSTRADA,UNKNOWN_SEM_POCO_PARA_AVALIACAO_DOCUMENTAL,INCERTEZA_EXPLICITA_NAO_AGREGADA,UNKNOWN_SEM_POCO_NO_CONJUNTO_AUDITADO,"{""espacial"":""SEM_POCO_NO_CONJUNTO_AUDITADO"",""hidraulica"":""UNKNOWN_SEM_POCO_PARA_AVALIACAO_HIDRAULICA"",""hidroestratigrafica"":""UNKNOWN_SEM_POCO_PARA_AVALIACAO_LOCAL"",""hidroquimica"":""UNKNOWN_SEM_POCO_PARA_AVALIACAO_HIDROQUIMICA"",""incerteza"":""INCERTEZA_EXPLICITA_NAO_AGREGADA"",""independencia"":""UNKNOWN_INDEPENDENCIA_HIDROGEOLOGICA_NAO_DEMONSTRADA"",""qualidade_documental"":""UNKNOWN_SEM_POCO_PARA_AVALIACAO_DOCUMENTAL"",""temporal"":""UNKNOWN_SEM_POCO_PARA_AVALIACAO_TEMPORAL"",""vertical"":""UNKNOWN_SEM_POCO_PARA_AVALIACAO_VERTICAL""}"
SCALE-1000-O00-00334,1000,O00,1000.0000000000462,0,SEM_POCO_NO_CONJUNTO_AUDITADO,65.36335229554462,4,Depósitos aluvionares,62.20429276702412,3,Granular (Gr),97.37294637396433,False,False,0,,0,,0,,0,,0,,0,,0,,0,0,,0,,0,,0,,0,,0,,0,,0,,0,0,0,0,,0,,,0,0,,0,,0,,0,,0,,0,,,SEM_POCO_NO_CONJUNTO_AUDITADO,UNKNOWN_SEM_POCO_PARA_AVALIACAO_LOCAL,UNKNOWN_SEM_POCO_PARA_AVALIACAO_VERTICAL,UNKNOWN_SEM_POCO_PARA_AVALIACAO_HIDRAULICA,UNKNOWN_SEM_POCO_PARA_AVALIACAO_HIDROQUIMICA,UNKNOWN_SEM_POCO_PARA_AVALIACAO_TEMPORAL,UNKNOWN_INDEPENDENCIA_HIDROGEOLOGICA_NAO_DEMONSTRADA,UNKNOWN_SEM_POCO_PARA_AVALIACAO_DOCUMENTAL,INCERTEZA_EXPLICITA_NAO_AGREGADA,UNKNOWN_SEM_POCO_NO_CONJUNTO_AUDITADO,"{""espacial"":""SEM_POCO_NO_CONJUNTO_AUDITADO"",""hidraulica"":""UNKNOWN_SEM_POCO_PARA_AVALIACAO_HIDRAULICA"",""hidroestratigrafica"":""UNKNOWN_SEM_POCO_PARA_AVALIACAO_LOCAL"",""hidroquimica"":""UNKNOWN_SEM_POCO_PARA_AVALIACAO_HIDROQUIMICA"",""incerteza"":""INCERTEZA_EXPLICITA_NAO_AGREGADA"",""independencia"":""UNKNOWN_INDEPENDENCIA_HIDROGEOLOGICA_NAO_DEMONSTRADA"",""qualidade_documental"":""UNKNOWN_SEM_POCO_PARA_AVALIACAO_DOCUMENTAL"",""temporal"":""UNKNOWN_SEM_POCO_PARA_AVALIACAO_TEMPORAL"",""vertical"":""UNKNOWN_SEM_POCO_PARA_AVALIACAO_VERTICAL""}"
SCALE-1000-O00-00335,1000,O00,1000.0000000000462,0,SEM_POCO_NO_CONJUNTO_AUDITADO,82.69820250064267,2,Formação Pantanal,79.93897246209755,1,Granular (Gr),100.0,False,False,0,,0,,0,,0,,0,,0,,0,,0,0,,0,,0,,0,,0,,0,,0,,0,,0,0,0,0,,0,,,0,0,,0,,0,,0,,0,,0,,,SEM_POCO_NO_CONJUNTO_AUDITADO,UNKNOWN_SEM_POCO_PARA_AVALIACAO_LOCAL,UNKNOWN_SEM_POCO_PARA_AVALIACAO_VERTICAL,UNKNOWN_SEM_POCO_PARA_AVALIACAO_HIDRAULICA,UNKNOWN_SEM_POCO_PARA_AVALIACAO_HIDROQUIMICA,UNKNOWN_SEM_POCO_PARA_AVALIACAO_TEMPORAL,UNKNOWN_INDEPENDENCIA_HIDROGEOLOGICA_NAO_DEMONSTRADA,UNKNOWN_SEM_POCO_PARA_AVALIACAO_DOCUMENTAL,INCERTEZA_EXPLICITA_NAO_AGREGADA,UNKNOWN_SEM_POCO_NO_CONJUNTO_AUDITADO,"{""espacial"":""SEM_POCO_NO_CONJUNTO_AUDITADO"",""hidraulica"":""UNKNOWN_SEM_POCO_PARA_AVALIACAO_HIDRAULICA"",""hidroestratigrafica"":""UNKNOWN_SEM_POCO_PARA_AVALIACAO_LOCAL"",""hidroquimica"":""UNKNOWN_SEM_POCO_PARA_AVALIACAO_HIDROQUIMICA"",""incerteza"":""INCERTEZA_EXPLICITA_NAO_AGREGADA"",""independencia"":""UNKNOWN_INDEPENDENCIA_HIDROGEOLOGICA_NAO_DEMONSTRADA"",""qualidade_documental"":""UNKNOWN_SEM_POCO_PARA_AVALIACAO_DOCUMENTAL"",""temporal"":""UNKNOWN_SEM_POCO_PARA_AVALIACAO_TEMPORAL"",""vertical"":""UNKNOWN_SEM_POCO_PARA_AVALIACAO_VERTICAL""}"
SCALE-1000-O00-00336,1000,O00,1000.0000000000462,0,SEM_POCO_NO_CONJUNTO_AUDITADO,107.62952658293656,2,Depósitos aluvionares,56.63188534039035,1,Granular (Gr),100.0,False,False,0,,0,,0,,0,,0,,0,,0,,0,0,,0,,0,,0,,0,,0,,0,,0,,0,0,0,0,,0,,,0,0,,0,,0,,0,,0,,0,,,SEM_POCO_NO_CONJUNTO_AUDITADO,UNKNOWN_SEM_POCO_PARA_AVALIACAO_LOCAL,UNKNOWN_SEM_POCO_PARA_AVALIACAO_VERTICAL,UNKNOWN_SEM_POCO_PARA_AVALIACAO_HIDRAULICA,UNKNOWN_SEM_POCO_PARA_AVALIACAO_HIDROQUIMICA,UNKNOWN_SEM_POCO_PARA_AVALIACAO_TEMPORAL,UNKNOWN_INDEPENDENCIA_HIDROGEOLOGICA_NAO_DEMONSTRADA,UNKNOWN_SEM_POCO_PARA_AVALIACAO_DOCUMENTAL,INCERTEZA_EXPLICITA_NAO_AGREGADA,UNKNOWN_SEM_POCO_NO_CONJUNTO_AUDITADO,"{""espacial"":""SEM_POCO_NO_CONJUNTO_AUDITADO"",""hidraulica"":""UNKNOWN_SEM_POCO_PARA_AVALIACAO_HIDRAULICA"",""hidroestratigrafica"":""UNKNOWN_SEM_POCO_PARA_AVALIACAO_LOCAL"",""hidroquimica"":""UNKNOWN_SEM_POCO_PARA_AVALIACAO_HIDROQUIMICA"",""incerteza"":""INCERTEZA_EXPLICITA_NAO_AGREGADA"",""independencia"":""UNKNOWN_INDEPENDENCIA_HIDROGEOLOGICA_NAO_DEMONSTRADA"",""qualidade_documental"":""UNKNOWN_SEM_POCO_PARA_AVALIACAO_DOCUMENTAL"",""temporal"":""UNKNOWN_SEM_POCO_PARA_AVALIACAO_TEMPORAL"",""vertical"":""UNKNOWN_SEM_POCO_PARA_AVALIACAO_VERTICAL""}"
SCALE-1000-O00-00337,1000,O00,1000.0000000000462,0,SEM_POCO_NO_CONJUNTO_AUDITADO,124.52354962281704,2,Depósitos aluvionares,69.57570695373978,1,Granular (Gr),100.0,False,False,0,,0,,0,,0,,0,,0,,0,,0,0,,0,,0,,0,,0,,0,,0,,0,,0,0,0,0,,0,,,0,0,,0,,0,,0,,0,,0,,,SEM_POCO_NO_CONJUNTO_AUDITADO,UNKNOWN_SEM_POCO_PARA_AVALIACAO_LOCAL,UNKNOWN_SEM_POCO_PARA_AVALIACAO_VERTICAL,UNKNOWN_SEM_POCO_PARA_AVALIACAO_HIDRAULICA,UNKNOWN_SEM_POCO_PARA_AVALIACAO_HIDROQUIMICA,UNKNOWN_SEM_POCO_PARA_AVALIACAO_TEMPORAL,UNKNOWN_INDEPENDENCIA_HIDROGEOLOGICA_NAO_DEMONSTRADA,UNKNOWN_SEM_POCO_PARA_AVALIACAO_DOCUMENTAL,INCERTEZA_EXPLICITA_NAO_AGREGADA,UNKNOWN_SEM_POCO_NO_CONJUNTO_AUDITADO,"{""espacial"":""SEM_POCO_NO_CONJUNTO_AUDITADO"",""hidraulica"":""UNKNOWN_SEM_POCO_PARA_AVALIACAO_HIDRAULICA"",""hidroestratigrafica"":""UNKNOWN_SEM_POCO_PARA_AVALIACAO_LOCAL"",""hidroquimica"":""UNKNOWN_SEM_POCO_PARA_AVALIACAO_HIDROQUIMICA"",""incerteza"":""INCERTEZA_EXPLICITA_NAO_AGREGADA"",""independencia"":""UNKNOWN_INDEPENDENCIA_HIDROGEOLOGICA_NAO_DEMONSTRADA"",""qualidade_documental"":""UNKNOWN_SEM_POCO_PARA_AVALIACAO_DOCUMENTAL"",""temporal"":""UNKNOWN_SEM_POCO_PARA_AVALIACAO_TEMPORAL"",""vertical"":""UNKNOWN_SEM_POCO_PARA_AVALIACAO_VERTICAL""}"
SCALE-1000-O00-00338,1000,O00,1000.0000000000462,0,SEM_POCO_NO_CONJUNTO_AUDITADO,130.8407133712231,2,Formação Pantanal,86.53993571903928,1,Granular (Gr),100.0,False,False,0,,0,,0,,0,,0,,0,,0,,0,0,,0,,0,,0,,0,,0,,0,,0,,0,0,0,0,,0,,,0,0,,0,,0,,0,,0,,0,,,SEM_POCO_NO_CONJUNTO_AUDITADO,UNKNOWN_SEM_POCO_PARA_AVALIACAO_LOCAL,UNKNOWN_SEM_POCO_PARA_AVALIACAO_VERTICAL,UNKNOWN_SEM_POCO_PARA_AVALIACAO_HIDRAULICA,UNKNOWN_SEM_POCO_PARA_AVALIACAO_HIDROQUIMICA,UNKNOWN_SEM_POCO_PARA_AVALIACAO_TEMPORAL,UNKNOWN_INDEPENDENCIA_HIDROGEOLOGICA_NAO_DEMONSTRADA,UNKNOWN_SEM_POCO_PARA_AVALIACAO_DOCUMENTAL,INCERTEZA_EXPLICITA_NAO_AGREGADA,UNKNOWN_SEM_POCO_NO_CONJUNTO_AUDITADO,"{""espacial"":""SEM_POCO_NO_CONJUNTO_AUDITADO"",""hidraulica"":""UNKNOWN_SEM_POCO_PARA_AVALIACAO_HIDRAULICA"",""hidroestratigrafica"":""UNKNOWN_SEM_POCO_PARA_AVALIACAO_LOCAL"",""hidroquimica"":""UNKNOWN_SEM_POCO_PARA_AVALIACAO_HIDROQUIMICA"",""incerteza"":""INCERTEZA_EXPLICITA_NAO_AGREGADA"",""independencia"":""UNKNOWN_INDEPENDENCIA_HIDROGEOLOGICA_NAO_DEMONSTRADA"",""qualidade_documental"":""UNKNOWN_SEM_POCO_PARA_AVALIACAO_DOCUMENTAL"",""temporal"":""UNKNOWN_SEM_POCO_PARA_AVALIACAO_TEMPORAL"",""vertical"":""UNKNOWN_SEM_POCO_PARA_AVALIACAO_VERTICAL""}"
SCALE-1000-O00-00339,1000,O00,1000.0000000000462,0,SEM_POCO_NO_CONJUNTO_AUDITADO,111.1448639490713,1,Formação Pantanal,100.0,1,Granular (Gr),100.0,False,False,0,,0,,0,,0,,0,,0,,0,,0,0,,0,,0,,0,,0,,0,,0,,0,,0,0,0,0,,0,,,0,0,,0,,0,,0,,0,,0,,,SEM_POCO_NO_CONJUNTO_AUDITADO,UNKNOWN_SEM_POCO_PARA_AVALIACAO_LOCAL,UNKNOWN_SEM_POCO_PARA_AVALIACAO_VERTICAL,UNKNOWN_SEM_POCO_PARA_AVALIACAO_HIDRAULICA,UNKNOWN_SEM_POCO_PARA_AVALIACAO_HIDROQUIMICA,UNKNOWN_SEM_POCO_PARA_AVALIACAO_TEMPORAL,UNKNOWN_INDEPENDENCIA_HIDROGEOLOGICA_NAO_DEMONSTRADA,UNKNOWN_SEM_POCO_PARA_AVALIACAO_DOCUMENTAL,INCERTEZA_EXPLICITA_NAO_AGREGADA,UNKNOWN_SEM_POCO_NO_CONJUNTO_AUDITADO,"{""espacial"":""SEM_POCO_NO_CONJUNTO_AUDITADO"",""hidraulica"":""UNKNOWN_SEM_POCO_PARA_AVALIACAO_HIDRAULICA"",""hidroestratigrafica"":""UNKNOWN_SEM_POCO_PARA_AVALIACAO_LOCAL"",""hidroquimica"":""UNKNOWN_SEM_POCO_PARA_AVALIACAO_HIDROQUIMICA"",""incerteza"":""INCERTEZA_EXPLICITA_NAO_AGREGADA"",""independencia"":""UNKNOWN_INDEPENDENCIA_HIDROGEOLOGICA_NAO_DEMONSTRADA"",""qualidade_documental"":""UNKNOWN_SEM_POCO_PARA_AVALIACAO_DOCUMENTAL"",""temporal"":""UNKNOWN_SEM_POCO_PARA_AVALIACAO_TEMPORAL"",""vertical"":""UNKNOWN_SEM_POCO_PARA_AVALIACAO_VERTICAL""}"
SCALE-1000-O00-00340,1000,O00,1000.0000000000462,0,SEM_POCO_NO_CONJUNTO_AUDITADO,77.0550820458964,1,Formação Pantanal,100.0,1,Granular (Gr),100.0,False,False,0,,0,,0,,0,,0,,0,,0,,0,0,,0,,0,,0,,0,,0,,0,,0,,0,0,0,0,,0,,,0,0,,0,,0,,0,,0,,0,,,SEM_POCO_NO_CONJUNTO_AUDITADO,UNKNOWN_SEM_POCO_PARA_AVALIACAO_LOCAL,UNKNOWN_SEM_POCO_PARA_AVALIACAO_VERTICAL,UNKNOWN_SEM_POCO_PARA_AVALIACAO_HIDRAULICA,UNKNOWN_SEM_POCO_PARA_AVALIACAO_HIDROQUIMICA,UNKNOWN_SEM_POCO_PARA_AVALIACAO_TEMPORAL,UNKNOWN_INDEPENDENCIA_HIDROGEOLOGICA_NAO_DEMONSTRADA,UNKNOWN_SEM_POCO_PARA_AVALIACAO_DOCUMENTAL,INCERTEZA_EXPLICITA_NAO_AGREGADA,UNKNOWN_SEM_POCO_NO_CONJUNTO_AUDITADO,"{""espacial"":""SEM_POCO_NO_CONJUNTO_AUDITADO"",""hidraulica"":""UNKNOWN_SEM_POCO_PARA_AVALIACAO_HIDRAULICA"",""hidroestratigrafica"":""UNKNOWN_SEM_POCO_PARA_AVALIACAO_LOCAL"",""hidroquimica"":""UNKNOWN_SEM_POCO_PARA_AVALIACAO_HIDROQUIMICA"",""incerteza"":""INCERTEZA_EXPLICITA_NAO_AGREGADA"",""independencia"":""UNKNOWN_INDEPENDENCIA_HIDROGEOLOGICA_NAO_DEMONSTRADA"",""qualidade_documental"":""UNKNOWN_SEM_POCO_PARA_AVALIACAO_DOCUMENTAL"",""temporal"":""UNKNOWN_SEM_POCO_PARA_AVALIACAO_TEMPORAL"",""vertical"":""UNKNOWN_SEM_POCO_PARA_AVALIACAO_VERTICAL""}"
SCALE-1000-O00-00341,1000,O00,1000.0000000000476,0,SEM_POCO_NO_CONJUNTO_AUDITADO,43.895667861015795,2,Formação Pantanal,96.76160085439543,1,Granular (Gr),100.0,False,False,0,,0,,0,,0,,0,,0,,0,,0,0,,0,,0,,0,,0,,0,,0,,0,,0,0,0,0,,0,,,0,0,,0,,0,,0,,0,,0,,,SEM_POCO_NO_CONJUNTO_AUDITADO,UNKNOWN_SEM_POCO_PARA_AVALIACAO_LOCAL,UNKNOWN_SEM_POCO_PARA_AVALIACAO_VERTICAL,UNKNOWN_SEM_POCO_PARA_AVALIACAO_HIDRAULICA,UNKNOWN_SEM_POCO_PARA_AVALIACAO_HIDROQUIMICA,UNKNOWN_SEM_POCO_PARA_AVALIACAO_TEMPORAL,UNKNOWN_INDEPENDENCIA_HIDROGEOLOGICA_NAO_DEMONSTRADA,UNKNOWN_SEM_POCO_PARA_AVALIACAO_DOCUMENTAL,INCERTEZA_EXPLICITA_NAO_AGREGADA,UNKNOWN_SEM_POCO_NO_CONJUNTO_AUDITADO,"{""espacial"":""SEM_POCO_NO_CONJUNTO_AUDITADO"",""hidraulica"":""UNKNOWN_SEM_POCO_PARA_AVALIACAO_HIDRAULICA"",""hidroestratigrafica"":""UNKNOWN_SEM_POCO_PARA_AVALIACAO_LOCAL"",""hidroquimica"":""UNKNOWN_SEM_POCO_PARA_AVALIACAO_HIDROQUIMICA"",""incerteza"":""INCERTEZA_EXPLICITA_NAO_AGREGADA"",""independencia"":""UNKNOWN_INDEPENDENCIA_HIDROGEOLOGICA_NAO_DEMONSTRADA"",""qualidade_documental"":""UNKNOWN_SEM_POCO_PARA_AVALIACAO_DOCUMENTAL"",""temporal"":""UNKNOWN_SEM_POCO_PARA_AVALIACAO_TEMPORAL"",""vertical"":""UNKNOWN_SEM_POCO_PARA_AVALIACAO_VERTICAL""}"
SCALE-1000-O00-00342,1000,O00,1000.0000000000462,26,COM_POCO_NO_CONJUNTO_AUDITADO,12.431084474311946,8,Formação Furnas,55.08692759338851,2,Granular (Gr),95.75433418844837,False,False,2,7.6923076923076925,2,7.6923076923076925,2,7.6923076923076925,1,3.8461538461538463,25,96.15384615384616,19,73.07692307692308,0,0.0,0,23,88.46153846153847,23,88.46153846153847,23,88.46153846153847,11,42.30769230769231,11,42.30769230769231,0,0.0,7,26.923076923076923,1,3.8461538461538463,6,7,3,18,69.23076923076923,1,3.8461538461538463,26.27295563906172,0,0,0.0,0,0.0,20,76.92307692307692,20,76.92307692307692,20,76.92307692307692,0,0.0,4.0,COM_COORDENADA_OU_MUNICIPIO_EM_REVISAO,REVISAO_OU_UNKNOWN_PRESENTE,PARCIAL_SEM_INTERVALO_CAPTADO_DEMONSTRADO,ENSAIO_COM_METADADOS_MINIMOS_PRESENTE,EVIDENCIA_HIDROQUIMICA_PARCIAL_PRESENTE_SEM_QA_COMPLETO,EVIDENCIA_DATADA_PRESENTE_SEM_SERIE,UNKNOWN_INDEPENDENCIA_HIDROGEOLOGICA_NAO_DEMONSTRADA,ALERTAS_DE_REVISAO_PRESENTES,INCERTEZA_EXPLICITA_NAO_AGREGADA,UNKNOWN_HIDROESTRATIGRAFIA_EM_PARTE_DOS_POCOS|UNKNOWN_INDEPENDENCIA_HIDROGEOLOGICA|UNKNOWN_INTERVALO_CAPTADO|UNKNOWN_QA_HIDROQUIMICO_COMPLETO|UNKNOWN_SERIE_TEMPORAL,"{""espacial"":""COM_COORDENADA_OU_MUNICIPIO_EM_REVISAO"",""hidraulica"":""ENSAIO_COM_METADADOS_MINIMOS_PRESENTE"",""hidroestratigrafica"":""REVISAO_OU_UNKNOWN_PRESENTE"",""hidroquimica"":""EVIDENCIA_HIDROQUIMICA_PARCIAL_PRESENTE_SEM_QA_COMPLETO"",""incerteza"":""INCERTEZA_EXPLICITA_NAO_AGREGADA"",""independencia"":""UNKNOWN_INDEPENDENCIA_HIDROGEOLOGICA_NAO_DEMONSTRADA"",""qualidade_documental"":""ALERTAS_DE_REVISAO_PRESENTES"",""temporal"":""EVIDENCIA_DATADA_PRESENTE_SEM_SERIE"",""vertical"":""PARCIAL_SEM_INTERVALO_CAPTADO_DEMONSTRADO""}"
SCALE-1000-O00-00343,1000,O00,1000.0000000000462,10,COM_POCO_NO_CONJUNTO_AUDITADO,15.58856168619029,5,Formação Aquidauana,68.02395166467568,1,Granular (Gr),100.0,False,False,0,0.0,0,0.0,3,30.0,1,10.0,9,90.0,7,70.0,0,0.0,0,8,80.0,8,80.0,8,80.0,4,40.0,4,40.0,0,0.0,3,30.0,0,0.0,3,3,1,6,60.0,0,0.0,27.04367646152898,0,0,0.0,0,0.0,5,50.0,8,80.0,8,80.0,0,0.0,4.0,SEM_ALERTA_OBJETIVO_DE_LOCALIZACAO,REVISAO_OU_UNKNOWN_PRESENTE,PARCIAL_SEM_INTERVALO_CAPTADO_DEMONSTRADO,ENSAIO_COM_METADADOS_MINIMOS_PRESENTE,EVIDENCIA_HIDROQUIMICA_PARCIAL_PRESENTE_SEM_QA_COMPLETO,EVIDENCIA_DATADA_PRESENTE_SEM_SERIE,UNKNOWN_INDEPENDENCIA_HIDROGEOLOGICA_NAO_DEMONSTRADA,ALERTAS_DE_REVISAO_PRESENTES,INCERTEZA_EXPLICITA_NAO_AGREGADA,UNKNOWN_HIDROESTRATIGRAFIA_EM_PARTE_DOS_POCOS|UNKNOWN_INDEPENDENCIA_HIDROGEOLOGICA|UNKNOWN_INTERVALO_CAPTADO|UNKNOWN_QA_HIDROQUIMICO_COMPLETO|UNKNOWN_SERIE_TEMPORAL,"{""espacial"":""SEM_ALERTA_OBJETIVO_DE_LOCALIZACAO"",""hidraulica"":""ENSAIO_COM_METADADOS_MINIMOS_PRESENTE"",""hidroestratigrafica"":""REVISAO_OU_UNKNOWN_PRESENTE"",""hidroquimica"":""EVIDENCIA_HIDROQUIMICA_PARCIAL_PRESENTE_SEM_QA_COMPLETO"",""incerteza"":""INCERTEZA_EXPLICITA_NAO_AGREGADA"",""independencia"":""UNKNOWN_INDEPENDENCIA_HIDROGEOLOGICA_NAO_DEMONSTRADA"",""qualidade_documental"":""ALERTAS_DE_REVISAO_PRESENTES"",""temporal"":""EVIDENCIA_DATADA_PRESENTE_SEM_SERIE"",""vertical"":""PARCIAL_SEM_INTERVALO_CAPTADO_DEMONSTRADO""}"
SCALE-1000-O00-00344,1000,O00,1000.0000000000462,1,COM_POCO_NO_CONJUNTO_AUDITADO,28.923241368982577,3,Grupo Caiuá,86.86505603647055,1,Granular (Gr),100.0,True,False,0,0.0,0,0.0,0,0.0,1,100.0,1,100.0,1,100.0,0,0.0,0,1,100.0,1,100.0,1,100.0,1,100.0,1,100.0,0,0.0,1,100.0,1,100.0,2,3,3,1,100.0,1,100.0,22.073006290341347,0,0,0.0,0,0.0,0,0.0,1,100.0,1,100.0,0,0.0,5.0,SEM_ALERTA_OBJETIVO_DE_LOCALIZACAO,REVISAO_OU_UNKNOWN_PRESENTE,PARCIAL_SEM_INTERVALO_CAPTADO_DEMONSTRADO,ENSAIO_COM_METADADOS_MINIMOS_PRESENTE,EVIDENCIA_HIDROQUIMICA_PARCIAL_PRESENTE_SEM_QA_COMPLETO,EVIDENCIA_DATADA_PRESENTE_SEM_SERIE,UNKNOWN_INDEPENDENCIA_HIDROGEOLOGICA_NAO_DEMONSTRADA,ALERTAS_DE_REVISAO_PRESENTES,INCERTEZA_EXPLICITA_NAO_AGREGADA,MASCARAMENTO_HIDROESTRATIGRAFICO_POSSIVEL|UNKNOWN_INDEPENDENCIA_HIDROGEOLOGICA|UNKNOWN_INTERVALO_CAPTADO|UNKNOWN_QA_HIDROQUIMICO_COMPLETO|UNKNOWN_SERIE_TEMPORAL,"{""espacial"":""SEM_ALERTA_OBJETIVO_DE_LOCALIZACAO"",""hidraulica"":""ENSAIO_COM_METADADOS_MINIMOS_PRESENTE"",""hidroestratigrafica"":""REVISAO_OU_UNKNOWN_PRESENTE"",""hidroquimica"":""EVIDENCIA_HIDROQUIMICA_PARCIAL_PRESENTE_SEM_QA_COMPLETO"",""incerteza"":""INCERTEZA_EXPLICITA_NAO_AGREGADA"",""independencia"":""UNKNOWN_INDEPENDENCIA_HIDROGEOLOGICA_NAO_DEMONSTRADA"",""qualidade_documental"":""ALERTAS_DE_REVISAO_PRESENTES"",""temporal"":""EVIDENCIA_DATADA_PRESENTE_SEM_SERIE"",""vertical"":""PARCIAL_SEM_INTERVALO_CAPTADO_DEMONSTRADO""}"
SCALE-1000-O00-00345,1000,O00,1000.0000000000462,0,SEM_POCO_NO_CONJUNTO_AUDITADO,33.76274027239463,2,Formação Botucatu,61.073280267019065,1,Granular (Gr),100.0,False,False,0,,0,,0,,0,,0,,0,,0,,0,0,,0,,0,,0,,0,,0,,0,,0,,0,0,0,0,,0,,,0,0,,0,,0,,0,,0,,0,,,SEM_POCO_NO_CONJUNTO_AUDITADO,UNKNOWN_SEM_POCO_PARA_AVALIACAO_LOCAL,UNKNOWN_SEM_POCO_PARA_AVALIACAO_VERTICAL,UNKNOWN_SEM_POCO_PARA_AVALIACAO_HIDRAULICA,UNKNOWN_SEM_POCO_PARA_AVALIACAO_HIDROQUIMICA,UNKNOWN_SEM_POCO_PARA_AVALIACAO_TEMPORAL,UNKNOWN_INDEPENDENCIA_HIDROGEOLOGICA_NAO_DEMONSTRADA,UNKNOWN_SEM_POCO_PARA_AVALIACAO_DOCUMENTAL,INCERTEZA_EXPLICITA_NAO_AGREGADA,UNKNOWN_SEM_POCO_NO_CONJUNTO_AUDITADO,"{""espacial"":""SEM_POCO_NO_CONJUNTO_AUDITADO"",""hidraulica"":""UNKNOWN_SEM_POCO_PARA_AVALIACAO_HIDRAULICA"",""hidroestratigrafica"":""UNKNOWN_SEM_POCO_PARA_AVALIACAO_LOCAL"",""hidroquimica"":""UNKNOWN_SEM_POCO_PARA_AVALIACAO_HIDROQUIMICA"",""incerteza"":""INCERTEZA_EXPLICITA_NAO_AGREGADA"",""independencia"":""UNKNOWN_INDEPENDENCIA_HIDROGEOLOGICA_NAO_DEMONSTRADA"",""qualidade_documental"":""UNKNOWN_SEM_POCO_PARA_AVALIACAO_DOCUMENTAL"",""temporal"":""UNKNOWN_SEM_POCO_PARA_AVALIACAO_TEMPORAL"",""vertical"":""UNKNOWN_SEM_POCO_PARA_AVALIACAO_VERTICAL""}"
SCALE-1000-O00-00346,1000,O00,1000.0000000000462,12,COM_POCO_NO_CONJUNTO_AUDITADO,25.27668644991183,2,Formação Botucatu,65.41265334924954,1,Granular (Gr),100.0,False,False,0,0.0,0,0.0,0,0.0,0,0.0,12,100.0,9,75.0,2,16.666666666666668,0,12,100.0,12,100.0,12,100.0,8,66.66666666666667,7,58.333333333333336,3,25.0,8,66.66666666666667,5,41.666666666666664,12,15,5,9,75.0,4,33.333333333333336,20.78618999705675,0,0,0.0,0,0.0,12,100.0,9,75.0,9,75.0,0,0.0,4.0,SEM_ALERTA_OBJETIVO_DE_LOCALIZACAO,DOCUMENTACAO_HIDROESTRATIGRAFICA_SEM_ALERTA_OBJETIVO,PARCIAL_SEM_INTERVALO_CAPTADO_DEMONSTRADO,TRANSMISSIVIDADE_INFORMADA_NAO_VALIDADA_PRESENTE,EVIDENCIA_HIDROQUIMICA_PARCIAL_PRESENTE_SEM_QA_COMPLETO,EVIDENCIA_DATADA_PRESENTE_SEM_SERIE,UNKNOWN_INDEPENDENCIA_HIDROGEOLOGICA_NAO_DEMONSTRADA,ALERTAS_DE_REVISAO_PRESENTES,INCERTEZA_EXPLICITA_NAO_AGREGADA,UNKNOWN_INDEPENDENCIA_HIDROGEOLOGICA|UNKNOWN_INTERVALO_CAPTADO|UNKNOWN_QA_HIDROQUIMICO_COMPLETO|UNKNOWN_SERIE_TEMPORAL,"{""espacial"":""SEM_ALERTA_OBJETIVO_DE_LOCALIZACAO"",""hidraulica"":""TRANSMISSIVIDADE_INFORMADA_NAO_VALIDADA_PRESENTE"",""hidroestratigrafica"":""DOCUMENTACAO_HIDROESTRATIGRAFICA_SEM_ALERTA_OBJETIVO"",""hidroquimica"":""EVIDENCIA_HIDROQUIMICA_PARCIAL_PRESENTE_SEM_QA_COMPLETO"",""incerteza"":""INCERTEZA_EXPLICITA_NAO_AGREGADA"",""independencia"":""UNKNOWN_INDEPENDENCIA_HIDROGEOLOGICA_NAO_DEMONSTRADA"",""qualidade_documental"":""ALERTAS_DE_REVISAO_PRESENTES"",""temporal"":""EVIDENCIA_DATADA_PRESENTE_SEM_SERIE"",""vertical"":""PARCIAL_SEM_INTERVALO_CAPTADO_DEMONSTRADO""}"
SCALE-1000-O00-00347,1000,O00,1000.0000000000462,25,COM_POCO_NO_CONJUNTO_AUDITADO,20.458607849490345,3,Grupo Caiuá,70.69065492566472,2,Granular (Gr),76.97099332585894,False,False,2,8.0,0,0.0,2,8.0,9,36.0,25,100.0,20,80.0,8,32.0,0,24,96.0,24,96.0,24,96.0,12,48.0,12,48.0,0,0.0,8,32.0,4,16.0,9,13,5,20,80.0,4,16.0,31.43664825424204,0,2,8.0,2,8.0,18,72.0,21,84.0,21,84.0,0,0.0,4.0,COM_COORDENADA_OU_MUNICIPIO_EM_REVISAO,REVISAO_OU_UNKNOWN_PRESENTE,PARCIAL_SEM_INTERVALO_CAPTADO_DEMONSTRADO,ENSAIO_COM_METADADOS_MINIMOS_PRESENTE,EVIDENCIA_HIDROQUIMICA_PARCIAL_PRESENTE_SEM_QA_COMPLETO,EVIDENCIA_DATADA_PRESENTE_SEM_SERIE,UNKNOWN_INDEPENDENCIA_HIDROGEOLOGICA_NAO_DEMONSTRADA,ALERTAS_DE_REVISAO_PRESENTES,INCERTEZA_EXPLICITA_NAO_AGREGADA,UNKNOWN_HIDROESTRATIGRAFIA_EM_PARTE_DOS_POCOS|UNKNOWN_INDEPENDENCIA_HIDROGEOLOGICA|UNKNOWN_INTERVALO_CAPTADO|UNKNOWN_QA_HIDROQUIMICO_COMPLETO|UNKNOWN_SERIE_TEMPORAL,"{""espacial"":""COM_COORDENADA_OU_MUNICIPIO_EM_REVISAO"",""hidraulica"":""ENSAIO_COM_METADADOS_MINIMOS_PRESENTE"",""hidroestratigrafica"":""REVISAO_OU_UNKNOWN_PRESENTE"",""hidroquimica"":""EVIDENCIA_HIDROQUIMICA_PARCIAL_PRESENTE_SEM_QA_COMPLETO"",""incerteza"":""INCERTEZA_EXPLICITA_NAO_AGREGADA"",""independencia"":""UNKNOWN_INDEPENDENCIA_HIDROGEOLOGICA_NAO_DEMONSTRADA"",""qualidade_documental"":""ALERTAS_DE_REVISAO_PRESENTES"",""temporal"":""EVIDENCIA_DATADA_PRESENTE_SEM_SERIE"",""vertical"":""PARCIAL_SEM_INTERVALO_CAPTADO_DEMONSTRADO""}"
SCALE-1000-O00-00348,1000,O00,583.4825537025616,3,COM_POCO_NO_CONJUNTO_AUDITADO,10.158629274138967,4,Grupo Caiuá,59.600628983438945,2,Granular (Gr),97.52067930168606,False,False,0,0.0,0,0.0,1,33.333333333333336,1,33.333333333333336,3,100.0,1,33.333333333333336,0,0.0,0,1,33.333333333333336,1,33.333333333333336,1,33.333333333333336,0,0.0,0,0.0,0,0.0,1,33.333333333333336,0,0.0,1,1,1,1,33.333333333333336,0,0.0,30.25661033423,0,0,0.0,0,0.0,0,0.0,1,33.333333333333336,1,33.333333333333336,0,0.0,2.0,SEM_ALERTA_OBJETIVO_DE_LOCALIZACAO,REVISAO_OU_UNKNOWN_PRESENTE,PARCIAL_SEM_INTERVALO_CAPTADO_DEMONSTRADO,EVIDENCIA_HIDRAULICA_PARCIAL_PRESENTE,EVIDENCIA_HIDROQUIMICA_PARCIAL_PRESENTE_SEM_QA_COMPLETO,EVIDENCIA_DATADA_PRESENTE_SEM_SERIE,UNKNOWN_INDEPENDENCIA_HIDROGEOLOGICA_NAO_DEMONSTRADA,ALERTAS_DE_REVISAO_PRESENTES,INCERTEZA_EXPLICITA_NAO_AGREGADA,UNKNOWN_HIDROESTRATIGRAFIA_EM_PARTE_DOS_POCOS|UNKNOWN_INDEPENDENCIA_HIDROGEOLOGICA|UNKNOWN_INTERVALO_CAPTADO|UNKNOWN_QA_HIDROQUIMICO_COMPLETO|UNKNOWN_SERIE_TEMPORAL,"{""espacial"":""SEM_ALERTA_OBJETIVO_DE_LOCALIZACAO"",""hidraulica"":""EVIDENCIA_HIDRAULICA_PARCIAL_PRESENTE"",""hidroestratigrafica"":""REVISAO_OU_UNKNOWN_PRESENTE"",""hidroquimica"":""EVIDENCIA_HIDROQUIMICA_PARCIAL_PRESENTE_SEM_QA_COMPLETO"",""incerteza"":""INCERTEZA_EXPLICITA_NAO_AGREGADA"",""independencia"":""UNKNOWN_INDEPENDENCIA_HIDROGEOLOGICA_NAO_DEMONSTRADA"",""qualidade_documental"":""ALERTAS_DE_REVISAO_PRESENTES"",""temporal"":""EVIDENCIA_DATADA_PRESENTE_SEM_SERIE"",""vertical"":""PARCIAL_SEM_INTERVALO_CAPTADO_DEMONSTRADO""}"
SCALE-1000-O00-00349,1000,O00,93.72399844558764,2,COM_POCO_NO_CONJUNTO_AUDITADO,6.736246429714777,2,Grupo Caiuá,81.79581739877197,1,Granular (Gr),100.0,True,False,0,0.0,0,0.0,1,50.0,1,50.0,2,100.0,1,50.0,0,0.0,0,1,50.0,1,50.0,1,50.0,0,0.0,0,0.0,0,0.0,1,50.0,0,0.0,1,1,1,0,0.0,0,0.0,,0,0,0.0,0,0.0,2,100.0,1,50.0,1,50.0,0,0.0,2.5,SEM_ALERTA_OBJETIVO_DE_LOCALIZACAO,REVISAO_OU_UNKNOWN_PRESENTE,PARCIAL_SEM_INTERVALO_CAPTADO_DEMONSTRADO,EVIDENCIA_HIDRAULICA_PARCIAL_PRESENTE,EVIDENCIA_HIDROQUIMICA_PARCIAL_PRESENTE_SEM_QA_COMPLETO,UNKNOWN_SEM_EVIDENCIA_DATADA_E_SEM_SERIE,UNKNOWN_INDEPENDENCIA_HIDROGEOLOGICA_NAO_DEMONSTRADA,ALERTAS_DE_REVISAO_PRESENTES,INCERTEZA_EXPLICITA_NAO_AGREGADA,MASCARAMENTO_HIDROESTRATIGRAFICO_POSSIVEL|UNKNOWN_EVIDENCIA_DATADA|UNKNOWN_HIDROESTRATIGRAFIA_EM_PARTE_DOS_POCOS|UNKNOWN_INDEPENDENCIA_HIDROGEOLOGICA|UNKNOWN_INTERVALO_CAPTADO|UNKNOWN_QA_HIDROQUIMICO_COMPLETO|UNKNOWN_SERIE_TEMPORAL,"{""espacial"":""SEM_ALERTA_OBJETIVO_DE_LOCALIZACAO"",""hidraulica"":""EVIDENCIA_HIDRAULICA_PARCIAL_PRESENTE"",""hidroestratigrafica"":""REVISAO_OU_UNKNOWN_PRESENTE"",""hidroquimica"":""EVIDENCIA_HIDROQUIMICA_PARCIAL_PRESENTE_SEM_QA_COMPLETO"",""incerteza"":""INCERTEZA_EXPLICITA_NAO_AGREGADA"",""independencia"":""UNKNOWN_INDEPENDENCIA_HIDROGEOLOGICA_NAO_DEMONSTRADA"",""qualidade_documental"":""ALERTAS_DE_REVISAO_PRESENTES"",""temporal"":""UNKNOWN_SEM_EVIDENCIA_DATADA_E_SEM_SERIE"",""vertical"":""PARCIAL_SEM_INTERVALO_CAPTADO_DEMONSTRADO""}"
SCALE-1000-O00-00350,1000,O00,437.4793454994532,0,SEM_POCO_NO_CONJUNTO_AUDITADO,94.22235277303703,3,Formação Pantanal,65.11662892722285,2,Granular (Gr),71.86717346897035,False,False,0,,0,,0,,0,,0,,0,,0,,0,0,,0,,0,,0,,0,,0,,0,,0,,0,0,0,0,,0,,,0,0,,0,,0,,0,,0,,0,,,SEM_POCO_NO_CONJUNTO_AUDITADO,UNKNOWN_SEM_POCO_PARA_AVALIACAO_LOCAL,UNKNOWN_SEM_POCO_PARA_AVALIACAO_VERTICAL,UNKNOWN_SEM_POCO_PARA_AVALIACAO_HIDRAULICA,UNKNOWN_SEM_POCO_PARA_AVALIACAO_HIDROQUIMICA,UNKNOWN_SEM_POCO_PARA_AVALIACAO_TEMPORAL,UNKNOWN_INDEPENDENCIA_HIDROGEOLOGICA_NAO_DEMONSTRADA,UNKNOWN_SEM_POCO_PARA_AVALIACAO_DOCUMENTAL,INCERTEZA_EXPLICITA_NAO_AGREGADA,UNKNOWN_SEM_POCO_NO_CONJUNTO_AUDITADO,"{""espacial"":""SEM_POCO_NO_CONJUNTO_AUDITADO"",""hidraulica"":""UNKNOWN_SEM_POCO_PARA_AVALIACAO_HIDRAULICA"",""hidroestratigrafica"":""UNKNOWN_SEM_POCO_PARA_AVALIACAO_LOCAL"",""hidroquimica"":""UNKNOWN_SEM_POCO_PARA_AVALIACAO_HIDROQUIMICA"",""incerteza"":""INCERTEZA_EXPLICITA_NAO_AGREGADA"",""independencia"":""UNKNOWN_INDEPENDENCIA_HIDROGEOLOGICA_NAO_DEMONSTRADA"",""qualidade_documental"":""UNKNOWN_SEM_POCO_PARA_AVALIACAO_DOCUMENTAL"",""temporal"":""UNKNOWN_SEM_POCO_PARA_AVALIACAO_TEMPORAL"",""vertical"":""UNKNOWN_SEM_POCO_PARA_AVALIACAO_VERTICAL""}"
SCALE-1000-O00-00351,1000,O00,1000.0000000000462,0,SEM_POCO_NO_CONJUNTO_AUDITADO,100.12520342337986,3,Depósitos aluvionares,93.17763507983824,2,Granular (Gr),98.95655051210998,False,False,0,,0,,0,,0,,0,,0,,0,,0,0,,0,,0,,0,,0,,0,,0,,0,,0,0,0,0,,0,,,0,0,,0,,0,,0,,0,,0,,,SEM_POCO_NO_CONJUNTO_AUDITADO,UNKNOWN_SEM_POCO_PARA_AVALIACAO_LOCAL,UNKNOWN_SEM_POCO_PARA_AVALIACAO_VERTICAL,UNKNOWN_SEM_POCO_PARA_AVALIACAO_HIDRAULICA,UNKNOWN_SEM_POCO_PARA_AVALIACAO_HIDROQUIMICA,UNKNOWN_SEM_POCO_PARA_AVALIACAO_TEMPORAL,UNKNOWN_INDEPENDENCIA_HIDROGEOLOGICA_NAO_DEMONSTRADA,UNKNOWN_SEM_POCO_PARA_AVALIACAO_DOCUMENTAL,INCERTEZA_EXPLICITA_NAO_AGREGADA,UNKNOWN_SEM_POCO_NO_CONJUNTO_AUDITADO,"{""espacial"":""SEM_POCO_NO_CONJUNTO_AUDITADO"",""hidraulica"":""UNKNOWN_SEM_POCO_PARA_AVALIACAO_HIDRAULICA"",""hidroestratigrafica"":""UNKNOWN_SEM_POCO_PARA_AVALIACAO_LOCAL"",""hidroquimica"":""UNKNOWN_SEM_POCO_PARA_AVALIACAO_HIDROQUIMICA"",""incerteza"":""INCERTEZA_EXPLICITA_NAO_AGREGADA"",""independencia"":""UNKNOWN_INDEPENDENCIA_HIDROGEOLOGICA_NAO_DEMONSTRADA"",""qualidade_documental"":""UNKNOWN_SEM_POCO_PARA_AVALIACAO_DOCUMENTAL"",""temporal"":""UNKNOWN_SEM_POCO_PARA_AVALIACAO_TEMPORAL"",""vertical"":""UNKNOWN_SEM_POCO_PARA_AVALIACAO_VERTICAL""}"
SCALE-1000-O00-00352,1000,O00,1000.0000000000462,0,SEM_POCO_NO_CONJUNTO_AUDITADO,115.74356734103696,2,Depósitos aluvionares,88.80495200691932,1,Granular (Gr),100.0,False,False,0,,0,,0,,0,,0,,0,,0,,0,0,,0,,0,,0,,0,,0,,0,,0,,0,0,0,0,,0,,,0,0,,0,,0,,0,,0,,0,,,SEM_POCO_NO_CONJUNTO_AUDITADO,UNKNOWN_SEM_POCO_PARA_AVALIACAO_LOCAL,UNKNOWN_SEM_POCO_PARA_AVALIACAO_VERTICAL,UNKNOWN_SEM_POCO_PARA_AVALIACAO_HIDRAULICA,UNKNOWN_SEM_POCO_PARA_AVALIACAO_HIDROQUIMICA,UNKNOWN_SEM_POCO_PARA_AVALIACAO_TEMPORAL,UNKNOWN_INDEPENDENCIA_HIDROGEOLOGICA_NAO_DEMONSTRADA,UNKNOWN_SEM_POCO_PARA_AVALIACAO_DOCUMENTAL,INCERTEZA_EXPLICITA_NAO_AGREGADA,UNKNOWN_SEM_POCO_NO_CONJUNTO_AUDITADO,"{""espacial"":""SEM_POCO_NO_CONJUNTO_AUDITADO"",""hidraulica"":""UNKNOWN_SEM_POCO_PARA_AVALIACAO_HIDRAULICA"",""hidroestratigrafica"":""UNKNOWN_SEM_POCO_PARA_AVALIACAO_LOCAL"",""hidroquimica"":""UNKNOWN_SEM_POCO_PARA_AVALIACAO_HIDROQUIMICA"",""incerteza"":""INCERTEZA_EXPLICITA_NAO_AGREGADA"",""independencia"":""UNKNOWN_INDEPENDENCIA_HIDROGEOLOGICA_NAO_DEMONSTRADA"",""qualidade_documental"":""UNKNOWN_SEM_POCO_PARA_AVALIACAO_DOCUMENTAL"",""temporal"":""UNKNOWN_SEM_POCO_PARA_AVALIACAO_TEMPORAL"",""vertical"":""UNKNOWN_SEM_POCO_PARA_AVALIACAO_VERTICAL""}"
SCALE-1000-O00-00353,1000,O00,1000.0000000000462,0,SEM_POCO_NO_CONJUNTO_AUDITADO,139.0546421030327,2,Depósitos aluvionares,70.10110200499012,1,Granular (Gr),100.0,False,False,0,,0,,0,,0,,0,,0,,0,,0,0,,0,,0,,0,,0,,0,,0,,0,,0,0,0,0,,0,,,0,0,,0,,0,,0,,0,,0,,,SEM_POCO_NO_CONJUNTO_AUDITADO,UNKNOWN_SEM_POCO_PARA_AVALIACAO_LOCAL,UNKNOWN_SEM_POCO_PARA_AVALIACAO_VERTICAL,UNKNOWN_SEM_POCO_PARA_AVALIACAO_HIDRAULICA,UNKNOWN_SEM_POCO_PARA_AVALIACAO_HIDROQUIMICA,UNKNOWN_SEM_POCO_PARA_AVALIACAO_TEMPORAL,UNKNOWN_INDEPENDENCIA_HIDROGEOLOGICA_NAO_DEMONSTRADA,UNKNOWN_SEM_POCO_PARA_AVALIACAO_DOCUMENTAL,INCERTEZA_EXPLICITA_NAO_AGREGADA,UNKNOWN_SEM_POCO_NO_CONJUNTO_AUDITADO,"{""espacial"":""SEM_POCO_NO_CONJUNTO_AUDITADO"",""hidraulica"":""UNKNOWN_SEM_POCO_PARA_AVALIACAO_HIDRAULICA"",""hidroestratigrafica"":""UNKNOWN_SEM_POCO_PARA_AVALIACAO_LOCAL"",""hidroquimica"":""UNKNOWN_SEM_POCO_PARA_AVALIACAO_HIDROQUIMICA"",""incerteza"":""INCERTEZA_EXPLICITA_NAO_AGREGADA"",""independencia"":""UNKNOWN_INDEPENDENCIA_HIDROGEOLOGICA_NAO_DEMONSTRADA"",""qualidade_documental"":""UNKNOWN_SEM_POCO_PARA_AVALIACAO_DOCUMENTAL"",""temporal"":""UNKNOWN_SEM_POCO_PARA_AVALIACAO_TEMPORAL"",""vertical"":""UNKNOWN_SEM_POCO_PARA_AVALIACAO_VERTICAL""}"
SCALE-1000-O00-00354,1000,O00,1000.0000000000462,0,SEM_POCO_NO_CONJUNTO_AUDITADO,145.60168644147237,2,Depósitos aluvionares,88.73561023472608,1,Granular (Gr),100.0,False,False,0,,0,,0,,0,,0,,0,,0,,0,0,,0,,0,,0,,0,,0,,0,,0,,0,0,0,0,,0,,,0,0,,0,,0,,0,,0,,0,,,SEM_POCO_NO_CONJUNTO_AUDITADO,UNKNOWN_SEM_POCO_PARA_AVALIACAO_LOCAL,UNKNOWN_SEM_POCO_PARA_AVALIACAO_VERTICAL,UNKNOWN_SEM_POCO_PARA_AVALIACAO_HIDRAULICA,UNKNOWN_SEM_POCO_PARA_AVALIACAO_HIDROQUIMICA,UNKNOWN_SEM_POCO_PARA_AVALIACAO_TEMPORAL,UNKNOWN_INDEPENDENCIA_HIDROGEOLOGICA_NAO_DEMONSTRADA,UNKNOWN_SEM_POCO_PARA_AVALIACAO_DOCUMENTAL,INCERTEZA_EXPLICITA_NAO_AGREGADA,UNKNOWN_SEM_POCO_NO_CONJUNTO_AUDITADO,"{""espacial"":""SEM_POCO_NO_CONJUNTO_AUDITADO"",""hidraulica"":""UNKNOWN_SEM_POCO_PARA_AVALIACAO_HIDRAULICA"",""hidroestratigrafica"":""UNKNOWN_SEM_POCO_PARA_AVALIACAO_LOCAL"",""hidroquimica"":""UNKNOWN_SEM_POCO_PARA_AVALIACAO_HIDROQUIMICA"",""incerteza"":""INCERTEZA_EXPLICITA_NAO_AGREGADA"",""independencia"":""UNKNOWN_INDEPENDENCIA_HIDROGEOLOGICA_NAO_DEMONSTRADA"",""qualidade_documental"":""UNKNOWN_SEM_POCO_PARA_AVALIACAO_DOCUMENTAL"",""temporal"":""UNKNOWN_SEM_POCO_PARA_AVALIACAO_TEMPORAL"",""vertical"":""UNKNOWN_SEM_POCO_PARA_AVALIACAO_VERTICAL""}"
SCALE-1000-O00-00355,1000,O00,1000.0000000000462,0,SEM_POCO_NO_CONJUNTO_AUDITADO,120.39623163852627,2,Formação Pantanal,50.48350303425206,1,Granular (Gr),100.0,False,False,0,,0,,0,,0,,0,,0,,0,,0,0,,0,,0,,0,,0,,0,,0,,0,,0,0,0,0,,0,,,0,0,,0,,0,,0,,0,,0,,,SEM_POCO_NO_CONJUNTO_AUDITADO,UNKNOWN_SEM_POCO_PARA_AVALIACAO_LOCAL,UNKNOWN_SEM_POCO_PARA_AVALIACAO_VERTICAL,UNKNOWN_SEM_POCO_PARA_AVALIACAO_HIDRAULICA,UNKNOWN_SEM_POCO_PARA_AVALIACAO_HIDROQUIMICA,UNKNOWN_SEM_POCO_PARA_AVALIACAO_TEMPORAL,UNKNOWN_INDEPENDENCIA_HIDROGEOLOGICA_NAO_DEMONSTRADA,UNKNOWN_SEM_POCO_PARA_AVALIACAO_DOCUMENTAL,INCERTEZA_EXPLICITA_NAO_AGREGADA,UNKNOWN_SEM_POCO_NO_CONJUNTO_AUDITADO,"{""espacial"":""SEM_POCO_NO_CONJUNTO_AUDITADO"",""hidraulica"":""UNKNOWN_SEM_POCO_PARA_AVALIACAO_HIDRAULICA"",""hidroestratigrafica"":""UNKNOWN_SEM_POCO_PARA_AVALIACAO_LOCAL"",""hidroquimica"":""UNKNOWN_SEM_POCO_PARA_AVALIACAO_HIDROQUIMICA"",""incerteza"":""INCERTEZA_EXPLICITA_NAO_AGREGADA"",""independencia"":""UNKNOWN_INDEPENDENCIA_HIDROGEOLOGICA_NAO_DEMONSTRADA"",""qualidade_documental"":""UNKNOWN_SEM_POCO_PARA_AVALIACAO_DOCUMENTAL"",""temporal"":""UNKNOWN_SEM_POCO_PARA_AVALIACAO_TEMPORAL"",""vertical"":""UNKNOWN_SEM_POCO_PARA_AVALIACAO_VERTICAL""}"
SCALE-1000-O00-00356,1000,O00,1000.0000000000462,0,SEM_POCO_NO_CONJUNTO_AUDITADO,86.85382279655099,2,Formação Pantanal,83.84496373892023,1,Granular (Gr),100.0,False,False,0,,0,,0,,0,,0,,0,,0,,0,0,,0,,0,,0,,0,,0,,0,,0,,0,0,0,0,,0,,,0,0,,0,,0,,0,,0,,0,,,SEM_POCO_NO_CONJUNTO_AUDITADO,UNKNOWN_SEM_POCO_PARA_AVALIACAO_LOCAL,UNKNOWN_SEM_POCO_PARA_AVALIACAO_VERTICAL,UNKNOWN_SEM_POCO_PARA_AVALIACAO_HIDRAULICA,UNKNOWN_SEM_POCO_PARA_AVALIACAO_HIDROQUIMICA,UNKNOWN_SEM_POCO_PARA_AVALIACAO_TEMPORAL,UNKNOWN_INDEPENDENCIA_HIDROGEOLOGICA_NAO_DEMONSTRADA,UNKNOWN_SEM_POCO_PARA_AVALIACAO_DOCUMENTAL,INCERTEZA_EXPLICITA_NAO_AGREGADA,UNKNOWN_SEM_POCO_NO_CONJUNTO_AUDITADO,"{""espacial"":""SEM_POCO_NO_CONJUNTO_AUDITADO"",""hidraulica"":""UNKNOWN_SEM_POCO_PARA_AVALIACAO_HIDRAULICA"",""hidroestratigrafica"":""UNKNOWN_SEM_POCO_PARA_AVALIACAO_LOCAL"",""hidroquimica"":""UNKNOWN_SEM_POCO_PARA_AVALIACAO_HIDROQUIMICA"",""incerteza"":""INCERTEZA_EXPLICITA_NAO_AGREGADA"",""independencia"":""UNKNOWN_INDEPENDENCIA_HIDROGEOLOGICA_NAO_DEMONSTRADA"",""qualidade_documental"":""UNKNOWN_SEM_POCO_PARA_AVALIACAO_DOCUMENTAL"",""temporal"":""UNKNOWN_SEM_POCO_PARA_AVALIACAO_TEMPORAL"",""vertical"":""UNKNOWN_SEM_POCO_PARA_AVALIACAO_VERTICAL""}"
SCALE-1000-O00-00357,1000,O00,1000.0000000000462,0,SEM_POCO_NO_CONJUNTO_AUDITADO,55.87631109339931,2,Formação Pantanal,80.23141554108204,1,Granular (Gr),100.0,False,False,0,,0,,0,,0,,0,,0,,0,,0,0,,0,,0,,0,,0,,0,,0,,0,,0,0,0,0,,0,,,0,0,,0,,0,,0,,0,,0,,,SEM_POCO_NO_CONJUNTO_AUDITADO,UNKNOWN_SEM_POCO_PARA_AVALIACAO_LOCAL,UNKNOWN_SEM_POCO_PARA_AVALIACAO_VERTICAL,UNKNOWN_SEM_POCO_PARA_AVALIACAO_HIDRAULICA,UNKNOWN_SEM_POCO_PARA_AVALIACAO_HIDROQUIMICA,UNKNOWN_SEM_POCO_PARA_AVALIACAO_TEMPORAL,UNKNOWN_INDEPENDENCIA_HIDROGEOLOGICA_NAO_DEMONSTRADA,UNKNOWN_SEM_POCO_PARA_AVALIACAO_DOCUMENTAL,INCERTEZA_EXPLICITA_NAO_AGREGADA,UNKNOWN_SEM_POCO_NO_CONJUNTO_AUDITADO,"{""espacial"":""SEM_POCO_NO_CONJUNTO_AUDITADO"",""hidraulica"":""UNKNOWN_SEM_POCO_PARA_AVALIACAO_HIDRAULICA"",""hidroestratigrafica"":""UNKNOWN_SEM_POCO_PARA_AVALIACAO_LOCAL"",""hidroquimica"":""UNKNOWN_SEM_POCO_PARA_AVALIACAO_HIDROQUIMICA"",""incerteza"":""INCERTEZA_EXPLICITA_NAO_AGREGADA"",""independencia"":""UNKNOWN_INDEPENDENCIA_HIDROGEOLOGICA_NAO_DEMONSTRADA"",""qualidade_documental"":""UNKNOWN_SEM_POCO_PARA_AVALIACAO_DOCUMENTAL"",""temporal"":""UNKNOWN_SEM_POCO_PARA_AVALIACAO_TEMPORAL"",""vertical"":""UNKNOWN_SEM_POCO_PARA_AVALIACAO_VERTICAL""}"
SCALE-1000-O00-00358,1000,O00,1000.0000000000462,1,COM_POCO_NO_CONJUNTO_AUDITADO,23.796017817449215,6,Formação Pantanal,73.99636130782015,2,Granular (Gr),96.28948930710537,False,False,0,0.0,0,0.0,1,100.0,0,0.0,1,100.0,0,0.0,0,0.0,0,1,100.0,1,100.0,1,100.0,0,0.0,0,0.0,0,0.0,0,0.0,0,0.0,0,0,0,0,0.0,0,0.0,,0,0,0.0,0,0.0,0,0.0,0,0.0,0,0.0,0,0.0,2.0,SEM_ALERTA_OBJETIVO_DE_LOCALIZACAO,REVISAO_OU_UNKNOWN_PRESENTE,PARCIAL_SEM_INTERVALO_CAPTADO_DEMONSTRADO,EVIDENCIA_HIDRAULICA_PARCIAL_PRESENTE,UNKNOWN_SEM_EVIDENCIA_HIDROQUIMICA_NO_CONJUNTO,UNKNOWN_SEM_EVIDENCIA_DATADA_E_SEM_SERIE,UNKNOWN_INDEPENDENCIA_HIDROGEOLOGICA_NAO_DEMONSTRADA,SEM_ALERTA_OBJETIVO_NAS_REGRAS_ATUAIS,INCERTEZA_EXPLICITA_NAO_AGREGADA,UNKNOWN_EVIDENCIA_DATADA|UNKNOWN_EVIDENCIA_HIDROQUIMICA|UNKNOWN_HIDROESTRATIGRAFIA_EM_PARTE_DOS_POCOS|UNKNOWN_INDEPENDENCIA_HIDROGEOLOGICA|UNKNOWN_INTERVALO_CAPTADO|UNKNOWN_QA_HIDROQUIMICO_COMPLETO|UNKNOWN_SERIE_TEMPORAL,"{""espacial"":""SEM_ALERTA_OBJETIVO_DE_LOCALIZACAO"",""hidraulica"":""EVIDENCIA_HIDRAULICA_PARCIAL_PRESENTE"",""hidroestratigrafica"":""REVISAO_OU_UNKNOWN_PRESENTE"",""hidroquimica"":""UNKNOWN_SEM_EVIDENCIA_HIDROQUIMICA_NO_CONJUNTO"",""incerteza"":""INCERTEZA_EXPLICITA_NAO_AGREGADA"",""independencia"":""UNKNOWN_INDEPENDENCIA_HIDROGEOLOGICA_NAO_DEMONSTRADA"",""qualidade_documental"":""SEM_ALERTA_OBJETIVO_NAS_REGRAS_ATUAIS"",""temporal"":""UNKNOWN_SEM_EVIDENCIA_DATADA_E_SEM_SERIE"",""vertical"":""PARCIAL_SEM_INTERVALO_CAPTADO_DEMONSTRADO""}"
SCALE-1000-O00-00359,1000,O00,1000.0000000000462,9,COM_POCO_NO_CONJUNTO_AUDITADO,10.616134856314188,6,Formação Furnas,59.45359203551503,2,Granular (Gr),99.87436481323657,False,False,0,0.0,0,0.0,5,55.55555555555556,0,0.0,6,66.66666666666667,3,33.333333333333336,0,0.0,0,5,55.55555555555556,5,55.55555555555556,5,55.55555555555556,3,33.333333333333336,3,33.333333333333336,0,0.0,2,22.22222222222222,0,0.0,2,2,1,4,44.44444444444444,0,0.0,12.82435642073417,0,0,0.0,0,0.0,0,0.0,8,88.88888888888889,8,88.88888888888889,0,0.0,2.0,SEM_ALERTA_OBJETIVO_DE_LOCALIZACAO,REVISAO_OU_UNKNOWN_PRESENTE,PARCIAL_SEM_INTERVALO_CAPTADO_DEMONSTRADO,ENSAIO_COM_METADADOS_MINIMOS_PRESENTE,EVIDENCIA_HIDROQUIMICA_PARCIAL_PRESENTE_SEM_QA_COMPLETO,EVIDENCIA_DATADA_PRESENTE_SEM_SERIE,UNKNOWN_INDEPENDENCIA_HIDROGEOLOGICA_NAO_DEMONSTRADA,ALERTAS_DE_REVISAO_PRESENTES,INCERTEZA_EXPLICITA_NAO_AGREGADA,UNKNOWN_HIDROESTRATIGRAFIA_EM_PARTE_DOS_POCOS|UNKNOWN_INDEPENDENCIA_HIDROGEOLOGICA|UNKNOWN_INTERVALO_CAPTADO|UNKNOWN_QA_HIDROQUIMICO_COMPLETO|UNKNOWN_SERIE_TEMPORAL,"{""espacial"":""SEM_ALERTA_OBJETIVO_DE_LOCALIZACAO"",""hidraulica"":""ENSAIO_COM_METADADOS_MINIMOS_PRESENTE"",""hidroestratigrafica"":""REVISAO_OU_UNKNOWN_PRESENTE"",""hidroquimica"":""EVIDENCIA_HIDROQUIMICA_PARCIAL_PRESENTE_SEM_QA_COMPLETO"",""incerteza"":""INCERTEZA_EXPLICITA_NAO_AGREGADA"",""independencia"":""UNKNOWN_INDEPENDENCIA_HIDROGEOLOGICA_NAO_DEMONSTRADA"",""qualidade_documental"":""ALERTAS_DE_REVISAO_PRESENTES"",""temporal"":""EVIDENCIA_DATADA_PRESENTE_SEM_SERIE"",""vertical"":""PARCIAL_SEM_INTERVALO_CAPTADO_DEMONSTRADO""}"
SCALE-1000-O00-00360,1000,O00,1000.0000000000462,0,SEM_POCO_NO_CONJUNTO_AUDITADO,26.29562318707531,5,Formação Aquidauana,54.877870800550696,1,Granular (Gr),100.0,False,False,0,,0,,0,,0,,0,,0,,0,,0,0,,0,,0,,0,,0,,0,,0,,0,,0,0,0,0,,0,,,0,0,,0,,0,,0,,0,,0,,,SEM_POCO_NO_CONJUNTO_AUDITADO,UNKNOWN_SEM_POCO_PARA_AVALIACAO_LOCAL,UNKNOWN_SEM_POCO_PARA_AVALIACAO_VERTICAL,UNKNOWN_SEM_POCO_PARA_AVALIACAO_HIDRAULICA,UNKNOWN_SEM_POCO_PARA_AVALIACAO_HIDROQUIMICA,UNKNOWN_SEM_POCO_PARA_AVALIACAO_TEMPORAL,UNKNOWN_INDEPENDENCIA_HIDROGEOLOGICA_NAO_DEMONSTRADA,UNKNOWN_SEM_POCO_PARA_AVALIACAO_DOCUMENTAL,INCERTEZA_EXPLICITA_NAO_AGREGADA,UNKNOWN_SEM_POCO_NO_CONJUNTO_AUDITADO,"{""espacial"":""SEM_POCO_NO_CONJUNTO_AUDITADO"",""hidraulica"":""UNKNOWN_SEM_POCO_PARA_AVALIACAO_HIDRAULICA"",""hidroestratigrafica"":""UNKNOWN_SEM_POCO_PARA_AVALIACAO_LOCAL"",""hidroquimica"":""UNKNOWN_SEM_POCO_PARA_AVALIACAO_HIDROQUIMICA"",""incerteza"":""INCERTEZA_EXPLICITA_NAO_AGREGADA"",""independencia"":""UNKNOWN_INDEPENDENCIA_HIDROGEOLOGICA_NAO_DEMONSTRADA"",""qualidade_documental"":""UNKNOWN_SEM_POCO_PARA_AVALIACAO_DOCUMENTAL"",""temporal"":""UNKNOWN_SEM_POCO_PARA_AVALIACAO_TEMPORAL"",""vertical"":""UNKNOWN_SEM_POCO_PARA_AVALIACAO_VERTICAL""}"
SCALE-1000-O00-00361,1000,O00,1000.0000000000462,3,COM_POCO_NO_CONJUNTO_AUDITADO,19.446366845443226,2,Grupo Caiuá,62.959411699733614,1,Granular (Gr),100.0,False,False,0,0.0,0,0.0,1,33.333333333333336,0,0.0,2,66.66666666666667,0,0.0,0,0.0,0,2,66.66666666666667,1,33.333333333333336,1,33.333333333333336,0,0.0,0,0.0,0,0.0,2,66.66666666666667,1,33.333333333333336,3,4,3,1,33.333333333333336,1,33.333333333333336,6.97071123979274,0,0,0.0,0,0.0,2,66.66666666666667,2,66.66666666666667,2,66.66666666666667,0,0.0,3.0,SEM_ALERTA_OBJETIVO_DE_LOCALIZACAO,REVISAO_OU_UNKNOWN_PRESENTE,PARCIAL_SEM_INTERVALO_CAPTADO_DEMONSTRADO,EVIDENCIA_HIDRAULICA_PARCIAL_PRESENTE,EVIDENCIA_HIDROQUIMICA_PARCIAL_PRESENTE_SEM_QA_COMPLETO,EVIDENCIA_DATADA_PRESENTE_SEM_SERIE,UNKNOWN_INDEPENDENCIA_HIDROGEOLOGICA_NAO_DEMONSTRADA,ALERTAS_DE_REVISAO_PRESENTES,INCERTEZA_EXPLICITA_NAO_AGREGADA,UNKNOWN_HIDROESTRATIGRAFIA_EM_PARTE_DOS_POCOS|UNKNOWN_INDEPENDENCIA_HIDROGEOLOGICA|UNKNOWN_INTERVALO_CAPTADO|UNKNOWN_QA_HIDROQUIMICO_COMPLETO|UNKNOWN_SERIE_TEMPORAL,"{""espacial"":""SEM_ALERTA_OBJETIVO_DE_LOCALIZACAO"",""hidraulica"":""EVIDENCIA_HIDRAULICA_PARCIAL_PRESENTE"",""hidroestratigrafica"":""REVISAO_OU_UNKNOWN_PRESENTE"",""hidroquimica"":""EVIDENCIA_HIDROQUIMICA_PARCIAL_PRESENTE_SEM_QA_COMPLETO"",""incerteza"":""INCERTEZA_EXPLICITA_NAO_AGREGADA"",""independencia"":""UNKNOWN_INDEPENDENCIA_HIDROGEOLOGICA_NAO_DEMONSTRADA"",""qualidade_documental"":""ALERTAS_DE_REVISAO_PRESENTES"",""temporal"":""EVIDENCIA_DATADA_PRESENTE_SEM_SERIE"",""vertical"":""PARCIAL_SEM_INTERVALO_CAPTADO_DEMONSTRADO""}"
SCALE-1000-O00-00362,1000,O00,1000.0000000000462,8,COM_POCO_NO_CONJUNTO_AUDITADO,16.953650123479385,2,Formação Botucatu,64.15855090273074,1,Granular (Gr),100.0,False,False,0,0.0,0,0.0,0,0.0,0,0.0,8,100.0,6,75.0,1,12.5,0,8,100.0,8,100.0,8,100.0,4,50.0,4,50.0,0,0.0,4,50.0,2,25.0,5,7,4,6,75.0,2,25.0,22.330369548998263,0,0,0.0,0,0.0,7,87.5,6,75.0,6,75.0,0,0.0,4.0,SEM_ALERTA_OBJETIVO_DE_LOCALIZACAO,DOCUMENTACAO_HIDROESTRATIGRAFICA_SEM_ALERTA_OBJETIVO,PARCIAL_SEM_INTERVALO_CAPTADO_DEMONSTRADO,ENSAIO_COM_METADADOS_MINIMOS_PRESENTE,EVIDENCIA_HIDROQUIMICA_PARCIAL_PRESENTE_SEM_QA_COMPLETO,EVIDENCIA_DATADA_PRESENTE_SEM_SERIE,UNKNOWN_INDEPENDENCIA_HIDROGEOLOGICA_NAO_DEMONSTRADA,ALERTAS_DE_REVISAO_PRESENTES,INCERTEZA_EXPLICITA_NAO_AGREGADA,UNKNOWN_INDEPENDENCIA_HIDROGEOLOGICA|UNKNOWN_INTERVALO_CAPTADO|UNKNOWN_QA_HIDROQUIMICO_COMPLETO|UNKNOWN_SERIE_TEMPORAL,"{""espacial"":""SEM_ALERTA_OBJETIVO_DE_LOCALIZACAO"",""hidraulica"":""ENSAIO_COM_METADADOS_MINIMOS_PRESENTE"",""hidroestratigrafica"":""DOCUMENTACAO_HIDROESTRATIGRAFICA_SEM_ALERTA_OBJETIVO"",""hidroquimica"":""EVIDENCIA_HIDROQUIMICA_PARCIAL_PRESENTE_SEM_QA_COMPLETO"",""incerteza"":""INCERTEZA_EXPLICITA_NAO_AGREGADA"",""independencia"":""UNKNOWN_INDEPENDENCIA_HIDROGEOLOGICA_NAO_DEMONSTRADA"",""qualidade_documental"":""ALERTAS_DE_REVISAO_PRESENTES"",""temporal"":""EVIDENCIA_DATADA_PRESENTE_SEM_SERIE"",""vertical"":""PARCIAL_SEM_INTERVALO_CAPTADO_DEMONSTRADO""}"
SCALE-1000-O00-00363,1000,O00,1000.0000000000462,0,SEM_POCO_NO_CONJUNTO_AUDITADO,25.217056119684415,4,Formação Botucatu,44.842041933381985,1,Granular (Gr),100.0,False,False,0,,0,,0,,0,,0,,0,,0,,0,0,,0,,0,,0,,0,,0,,0,,0,,0,0,0,0,,0,,,0,0,,0,,0,,0,,0,,0,,,SEM_POCO_NO_CONJUNTO_AUDITADO,UNKNOWN_SEM_POCO_PARA_AVALIACAO_LOCAL,UNKNOWN_SEM_POCO_PARA_AVALIACAO_VERTICAL,UNKNOWN_SEM_POCO_PARA_AVALIACAO_HIDRAULICA,UNKNOWN_SEM_POCO_PARA_AVALIACAO_HIDROQUIMICA,UNKNOWN_SEM_POCO_PARA_AVALIACAO_TEMPORAL,UNKNOWN_INDEPENDENCIA_HIDROGEOLOGICA_NAO_DEMONSTRADA,UNKNOWN_SEM_POCO_PARA_AVALIACAO_DOCUMENTAL,INCERTEZA_EXPLICITA_NAO_AGREGADA,UNKNOWN_SEM_POCO_NO_CONJUNTO_AUDITADO,"{""espacial"":""SEM_POCO_NO_CONJUNTO_AUDITADO"",""hidraulica"":""UNKNOWN_SEM_POCO_PARA_AVALIACAO_HIDRAULICA"",""hidroestratigrafica"":""UNKNOWN_SEM_POCO_PARA_AVALIACAO_LOCAL"",""hidroquimica"":""UNKNOWN_SEM_POCO_PARA_AVALIACAO_HIDROQUIMICA"",""incerteza"":""INCERTEZA_EXPLICITA_NAO_AGREGADA"",""independencia"":""UNKNOWN_INDEPENDENCIA_HIDROGEOLOGICA_NAO_DEMONSTRADA"",""qualidade_documental"":""UNKNOWN_SEM_POCO_PARA_AVALIACAO_DOCUMENTAL"",""temporal"":""UNKNOWN_SEM_POCO_PARA_AVALIACAO_TEMPORAL"",""vertical"":""UNKNOWN_SEM_POCO_PARA_AVALIACAO_VERTICAL""}"
SCALE-1000-O00-00364,1000,O00,651.973777386967,6,COM_POCO_NO_CONJUNTO_AUDITADO,10.721531192691856,5,Formação Cachoeirinha,43.55867580924621,2,Granular (Gr),82.45243022847032,False,False,0,0.0,0,0.0,0,0.0,6,100.0,6,100.0,0,0.0,0,0.0,0,6,100.0,6,100.0,6,100.0,0,0.0,0,0.0,0,0.0,6,100.0,0,0.0,4,4,1,0,0.0,0,0.0,,0,0,0.0,0,0.0,2,33.333333333333336,0,0.0,0,0.0,0,0.0,4.0,SEM_ALERTA_OBJETIVO_DE_LOCALIZACAO,REVISAO_OU_UNKNOWN_PRESENTE,PARCIAL_SEM_INTERVALO_CAPTADO_DEMONSTRADO,EVIDENCIA_HIDRAULICA_PARCIAL_PRESENTE,EVIDENCIA_HIDROQUIMICA_PARCIAL_PRESENTE_SEM_QA_COMPLETO,UNKNOWN_SEM_EVIDENCIA_DATADA_E_SEM_SERIE,UNKNOWN_INDEPENDENCIA_HIDROGEOLOGICA_NAO_DEMONSTRADA,SEM_ALERTA_OBJETIVO_NAS_REGRAS_ATUAIS,INCERTEZA_EXPLICITA_NAO_AGREGADA,UNKNOWN_EVIDENCIA_DATADA|UNKNOWN_INDEPENDENCIA_HIDROGEOLOGICA|UNKNOWN_INTERVALO_CAPTADO|UNKNOWN_QA_HIDROQUIMICO_COMPLETO|UNKNOWN_SERIE_TEMPORAL,"{""espacial"":""SEM_ALERTA_OBJETIVO_DE_LOCALIZACAO"",""hidraulica"":""EVIDENCIA_HIDRAULICA_PARCIAL_PRESENTE"",""hidroestratigrafica"":""REVISAO_OU_UNKNOWN_PRESENTE"",""hidroquimica"":""EVIDENCIA_HIDROQUIMICA_PARCIAL_PRESENTE_SEM_QA_COMPLETO"",""incerteza"":""INCERTEZA_EXPLICITA_NAO_AGREGADA"",""independencia"":""UNKNOWN_INDEPENDENCIA_HIDROGEOLOGICA_NAO_DEMONSTRADA"",""qualidade_documental"":""SEM_ALERTA_OBJETIVO_NAS_REGRAS_ATUAIS"",""temporal"":""UNKNOWN_SEM_EVIDENCIA_DATADA_E_SEM_SERIE"",""vertical"":""PARCIAL_SEM_INTERVALO_CAPTADO_DEMONSTRADO""}"
SCALE-1000-O00-00365,1000,O00,175.8894679727871,0,SEM_POCO_NO_CONJUNTO_AUDITADO,14.901057643010413,2,Formação Cachoeirinha,51.96091552651478,1,Granular (Gr),100.0,False,False,0,,0,,0,,0,,0,,0,,0,,0,0,,0,,0,,0,,0,,0,,0,,0,,0,0,0,0,,0,,,0,0,,0,,0,,0,,0,,0,,,SEM_POCO_NO_CONJUNTO_AUDITADO,UNKNOWN_SEM_POCO_PARA_AVALIACAO_LOCAL,UNKNOWN_SEM_POCO_PARA_AVALIACAO_VERTICAL,UNKNOWN_SEM_POCO_PARA_AVALIACAO_HIDRAULICA,UNKNOWN_SEM_POCO_PARA_AVALIACAO_HIDROQUIMICA,UNKNOWN_SEM_POCO_PARA_AVALIACAO_TEMPORAL,UNKNOWN_INDEPENDENCIA_HIDROGEOLOGICA_NAO_DEMONSTRADA,UNKNOWN_SEM_POCO_PARA_AVALIACAO_DOCUMENTAL,INCERTEZA_EXPLICITA_NAO_AGREGADA,UNKNOWN_SEM_POCO_NO_CONJUNTO_AUDITADO,"{""espacial"":""SEM_POCO_NO_CONJUNTO_AUDITADO"",""hidraulica"":""UNKNOWN_SEM_POCO_PARA_AVALIACAO_HIDRAULICA"",""hidroestratigrafica"":""UNKNOWN_SEM_POCO_PARA_AVALIACAO_LOCAL"",""hidroquimica"":""UNKNOWN_SEM_POCO_PARA_AVALIACAO_HIDROQUIMICA"",""incerteza"":""INCERTEZA_EXPLICITA_NAO_AGREGADA"",""independencia"":""UNKNOWN_INDEPENDENCIA_HIDROGEOLOGICA_NAO_DEMONSTRADA"",""qualidade_documental"":""UNKNOWN_SEM_POCO_PARA_AVALIACAO_DOCUMENTAL"",""temporal"":""UNKNOWN_SEM_POCO_PARA_AVALIACAO_TEMPORAL"",""vertical"":""UNKNOWN_SEM_POCO_PARA_AVALIACAO_VERTICAL""}"
SCALE-1000-O00-00366,1000,O00,145.11493440946697,0,SEM_POCO_NO_CONJUNTO_AUDITADO,123.01412837996604,3,Formação Pantanal,71.99669450760899,3,Granular (Gr),71.99669450760898,False,False,0,,0,,0,,0,,0,,0,,0,,0,0,,0,,0,,0,,0,,0,,0,,0,,0,0,0,0,,0,,,0,0,,0,,0,,0,,0,,0,,,SEM_POCO_NO_CONJUNTO_AUDITADO,UNKNOWN_SEM_POCO_PARA_AVALIACAO_LOCAL,UNKNOWN_SEM_POCO_PARA_AVALIACAO_VERTICAL,UNKNOWN_SEM_POCO_PARA_AVALIACAO_HIDRAULICA,UNKNOWN_SEM_POCO_PARA_AVALIACAO_HIDROQUIMICA,UNKNOWN_SEM_POCO_PARA_AVALIACAO_TEMPORAL,UNKNOWN_INDEPENDENCIA_HIDROGEOLOGICA_NAO_DEMONSTRADA,UNKNOWN_SEM_POCO_PARA_AVALIACAO_DOCUMENTAL,INCERTEZA_EXPLICITA_NAO_AGREGADA,UNKNOWN_SEM_POCO_NO_CONJUNTO_AUDITADO,"{""espacial"":""SEM_POCO_NO_CONJUNTO_AUDITADO"",""hidraulica"":""UNKNOWN_SEM_POCO_PARA_AVALIACAO_HIDRAULICA"",""hidroestratigrafica"":""UNKNOWN_SEM_POCO_PARA_AVALIACAO_LOCAL"",""hidroquimica"":""UNKNOWN_SEM_POCO_PARA_AVALIACAO_HIDROQUIMICA"",""incerteza"":""INCERTEZA_EXPLICITA_NAO_AGREGADA"",""independencia"":""UNKNOWN_INDEPENDENCIA_HIDROGEOLOGICA_NAO_DEMONSTRADA"",""qualidade_documental"":""UNKNOWN_SEM_POCO_PARA_AVALIACAO_DOCUMENTAL"",""temporal"":""UNKNOWN_SEM_POCO_PARA_AVALIACAO_TEMPORAL"",""vertical"":""UNKNOWN_SEM_POCO_PARA_AVALIACAO_VERTICAL""}"
SCALE-1000-O00-00367,1000,O00,977.7179359308666,0,SEM_POCO_NO_CONJUNTO_AUDITADO,124.20821573981365,3,Depósitos aluvionares,75.26512549648928,2,Granular (Gr),81.33325090215402,False,False,0,,0,,0,,0,,0,,0,,0,,0,0,,0,,0,,0,,0,,0,,0,,0,,0,0,0,0,,0,,,0,0,,0,,0,,0,,0,,0,,,SEM_POCO_NO_CONJUNTO_AUDITADO,UNKNOWN_SEM_POCO_PARA_AVALIACAO_LOCAL,UNKNOWN_SEM_POCO_PARA_AVALIACAO_VERTICAL,UNKNOWN_SEM_POCO_PARA_AVALIACAO_HIDRAULICA,UNKNOWN_SEM_POCO_PARA_AVALIACAO_HIDROQUIMICA,UNKNOWN_SEM_POCO_PARA_AVALIACAO_TEMPORAL,UNKNOWN_INDEPENDENCIA_HIDROGEOLOGICA_NAO_DEMONSTRADA,UNKNOWN_SEM_POCO_PARA_AVALIACAO_DOCUMENTAL,INCERTEZA_EXPLICITA_NAO_AGREGADA,UNKNOWN_SEM_POCO_NO_CONJUNTO_AUDITADO,"{""espacial"":""SEM_POCO_NO_CONJUNTO_AUDITADO"",""hidraulica"":""UNKNOWN_SEM_POCO_PARA_AVALIACAO_HIDRAULICA"",""hidroestratigrafica"":""UNKNOWN_SEM_POCO_PARA_AVALIACAO_LOCAL"",""hidroquimica"":""UNKNOWN_SEM_POCO_PARA_AVALIACAO_HIDROQUIMICA"",""incerteza"":""INCERTEZA_EXPLICITA_NAO_AGREGADA"",""independencia"":""UNKNOWN_INDEPENDENCIA_HIDROGEOLOGICA_NAO_DEMONSTRADA"",""qualidade_documental"":""UNKNOWN_SEM_POCO_PARA_AVALIACAO_DOCUMENTAL"",""temporal"":""UNKNOWN_SEM_POCO_PARA_AVALIACAO_TEMPORAL"",""vertical"":""UNKNOWN_SEM_POCO_PARA_AVALIACAO_VERTICAL""}"
SCALE-1000-O00-00368,1000,O00,1000.0000000000462,0,SEM_POCO_NO_CONJUNTO_AUDITADO,133.08858609228778,2,Depósitos aluvionares,98.19948851788345,1,Granular (Gr),100.00000000000001,False,False,0,,0,,0,,0,,0,,0,,0,,0,0,,0,,0,,0,,0,,0,,0,,0,,0,0,0,0,,0,,,0,0,,0,,0,,0,,0,,0,,,SEM_POCO_NO_CONJUNTO_AUDITADO,UNKNOWN_SEM_POCO_PARA_AVALIACAO_LOCAL,UNKNOWN_SEM_POCO_PARA_AVALIACAO_VERTICAL,UNKNOWN_SEM_POCO_PARA_AVALIACAO_HIDRAULICA,UNKNOWN_SEM_POCO_PARA_AVALIACAO_HIDROQUIMICA,UNKNOWN_SEM_POCO_PARA_AVALIACAO_TEMPORAL,UNKNOWN_INDEPENDENCIA_HIDROGEOLOGICA_NAO_DEMONSTRADA,UNKNOWN_SEM_POCO_PARA_AVALIACAO_DOCUMENTAL,INCERTEZA_EXPLICITA_NAO_AGREGADA,UNKNOWN_SEM_POCO_NO_CONJUNTO_AUDITADO,"{""espacial"":""SEM_POCO_NO_CONJUNTO_AUDITADO"",""hidraulica"":""UNKNOWN_SEM_POCO_PARA_AVALIACAO_HIDRAULICA"",""hidroestratigrafica"":""UNKNOWN_SEM_POCO_PARA_AVALIACAO_LOCAL"",""hidroquimica"":""UNKNOWN_SEM_POCO_PARA_AVALIACAO_HIDROQUIMICA"",""incerteza"":""INCERTEZA_EXPLICITA_NAO_AGREGADA"",""independencia"":""UNKNOWN_INDEPENDENCIA_HIDROGEOLOGICA_NAO_DEMONSTRADA"",""qualidade_documental"":""UNKNOWN_SEM_POCO_PARA_AVALIACAO_DOCUMENTAL"",""temporal"":""UNKNOWN_SEM_POCO_PARA_AVALIACAO_TEMPORAL"",""vertical"":""UNKNOWN_SEM_POCO_PARA_AVALIACAO_VERTICAL""}"
SCALE-1000-O00-00369,1000,O00,1000.0000000000462,0,SEM_POCO_NO_CONJUNTO_AUDITADO,150.83034760688037,2,Formação Pantanal,98.56265704375991,1,Granular (Gr),100.0,False,False,0,,0,,0,,0,,0,,0,,0,,0,0,,0,,0,,0,,0,,0,,0,,0,,0,0,0,0,,0,,,0,0,,0,,0,,0,,0,,0,,,SEM_POCO_NO_CONJUNTO_AUDITADO,UNKNOWN_SEM_POCO_PARA_AVALIACAO_LOCAL,UNKNOWN_SEM_POCO_PARA_AVALIACAO_VERTICAL,UNKNOWN_SEM_POCO_PARA_AVALIACAO_HIDRAULICA,UNKNOWN_SEM_POCO_PARA_AVALIACAO_HIDROQUIMICA,UNKNOWN_SEM_POCO_PARA_AVALIACAO_TEMPORAL,UNKNOWN_INDEPENDENCIA_HIDROGEOLOGICA_NAO_DEMONSTRADA,UNKNOWN_SEM_POCO_PARA_AVALIACAO_DOCUMENTAL,INCERTEZA_EXPLICITA_NAO_AGREGADA,UNKNOWN_SEM_POCO_NO_CONJUNTO_AUDITADO,"{""espacial"":""SEM_POCO_NO_CONJUNTO_AUDITADO"",""hidraulica"":""UNKNOWN_SEM_POCO_PARA_AVALIACAO_HIDRAULICA"",""hidroestratigrafica"":""UNKNOWN_SEM_POCO_PARA_AVALIACAO_LOCAL"",""hidroquimica"":""UNKNOWN_SEM_POCO_PARA_AVALIACAO_HIDROQUIMICA"",""incerteza"":""INCERTEZA_EXPLICITA_NAO_AGREGADA"",""independencia"":""UNKNOWN_INDEPENDENCIA_HIDROGEOLOGICA_NAO_DEMONSTRADA"",""qualidade_documental"":""UNKNOWN_SEM_POCO_PARA_AVALIACAO_DOCUMENTAL"",""temporal"":""UNKNOWN_SEM_POCO_PARA_AVALIACAO_TEMPORAL"",""vertical"":""UNKNOWN_SEM_POCO_PARA_AVALIACAO_VERTICAL""}"
SCALE-1000-O00-00370,1000,O00,1000.0000000000462,0,SEM_POCO_NO_CONJUNTO_AUDITADO,164.00881780940495,2,Formação Pantanal,99.5387093447251,1,Granular (Gr),100.0,False,False,0,,0,,0,,0,,0,,0,,0,,0,0,,0,,0,,0,,0,,0,,0,,0,,0,0,0,0,,0,,,0,0,,0,,0,,0,,0,,0,,,SEM_POCO_NO_CONJUNTO_AUDITADO,UNKNOWN_SEM_POCO_PARA_AVALIACAO_LOCAL,UNKNOWN_SEM_POCO_PARA_AVALIACAO_VERTICAL,UNKNOWN_SEM_POCO_PARA_AVALIACAO_HIDRAULICA,UNKNOWN_SEM_POCO_PARA_AVALIACAO_HIDROQUIMICA,UNKNOWN_SEM_POCO_PARA_AVALIACAO_TEMPORAL,UNKNOWN_INDEPENDENCIA_HIDROGEOLOGICA_NAO_DEMONSTRADA,UNKNOWN_SEM_POCO_PARA_AVALIACAO_DOCUMENTAL,INCERTEZA_EXPLICITA_NAO_AGREGADA,UNKNOWN_SEM_POCO_NO_CONJUNTO_AUDITADO,"{""espacial"":""SEM_POCO_NO_CONJUNTO_AUDITADO"",""hidraulica"":""UNKNOWN_SEM_POCO_PARA_AVALIACAO_HIDRAULICA"",""hidroestratigrafica"":""UNKNOWN_SEM_POCO_PARA_AVALIACAO_LOCAL"",""hidroquimica"":""UNKNOWN_SEM_POCO_PARA_AVALIACAO_HIDROQUIMICA"",""incerteza"":""INCERTEZA_EXPLICITA_NAO_AGREGADA"",""independencia"":""UNKNOWN_INDEPENDENCIA_HIDROGEOLOGICA_NAO_DEMONSTRADA"",""qualidade_documental"":""UNKNOWN_SEM_POCO_PARA_AVALIACAO_DOCUMENTAL"",""temporal"":""UNKNOWN_SEM_POCO_PARA_AVALIACAO_TEMPORAL"",""vertical"":""UNKNOWN_SEM_POCO_PARA_AVALIACAO_VERTICAL""}"
SCALE-1000-O00-00371,1000,O00,1000.0000000000462,0,SEM_POCO_NO_CONJUNTO_AUDITADO,144.52854028509637,2,Formação Pantanal,99.9413288089943,1,Granular (Gr),100.0,False,False,0,,0,,0,,0,,0,,0,,0,,0,0,,0,,0,,0,,0,,0,,0,,0,,0,0,0,0,,0,,,0,0,,0,,0,,0,,0,,0,,,SEM_POCO_NO_CONJUNTO_AUDITADO,UNKNOWN_SEM_POCO_PARA_AVALIACAO_LOCAL,UNKNOWN_SEM_POCO_PARA_AVALIACAO_VERTICAL,UNKNOWN_SEM_POCO_PARA_AVALIACAO_HIDRAULICA,UNKNOWN_SEM_POCO_PARA_AVALIACAO_HIDROQUIMICA,UNKNOWN_SEM_POCO_PARA_AVALIACAO_TEMPORAL,UNKNOWN_INDEPENDENCIA_HIDROGEOLOGICA_NAO_DEMONSTRADA,UNKNOWN_SEM_POCO_PARA_AVALIACAO_DOCUMENTAL,INCERTEZA_EXPLICITA_NAO_AGREGADA,UNKNOWN_SEM_POCO_NO_CONJUNTO_AUDITADO,"{""espacial"":""SEM_POCO_NO_CONJUNTO_AUDITADO"",""hidraulica"":""UNKNOWN_SEM_POCO_PARA_AVALIACAO_HIDRAULICA"",""hidroestratigrafica"":""UNKNOWN_SEM_POCO_PARA_AVALIACAO_LOCAL"",""hidroquimica"":""UNKNOWN_SEM_POCO_PARA_AVALIACAO_HIDROQUIMICA"",""incerteza"":""INCERTEZA_EXPLICITA_NAO_AGREGADA"",""independencia"":""UNKNOWN_INDEPENDENCIA_HIDROGEOLOGICA_NAO_DEMONSTRADA"",""qualidade_documental"":""UNKNOWN_SEM_POCO_PARA_AVALIACAO_DOCUMENTAL"",""temporal"":""UNKNOWN_SEM_POCO_PARA_AVALIACAO_TEMPORAL"",""vertical"":""UNKNOWN_SEM_POCO_PARA_AVALIACAO_VERTICAL""}"
SCALE-1000-O00-00372,1000,O00,1000.0000000000462,0,SEM_POCO_NO_CONJUNTO_AUDITADO,111.7711679431812,2,Formação Pantanal,99.0512026140505,1,Granular (Gr),100.0,False,False,0,,0,,0,,0,,0,,0,,0,,0,0,,0,,0,,0,,0,,0,,0,,0,,0,0,0,0,,0,,,0,0,,0,,0,,0,,0,,0,,,SEM_POCO_NO_CONJUNTO_AUDITADO,UNKNOWN_SEM_POCO_PARA_AVALIACAO_LOCAL,UNKNOWN_SEM_POCO_PARA_AVALIACAO_VERTICAL,UNKNOWN_SEM_POCO_PARA_AVALIACAO_HIDRAULICA,UNKNOWN_SEM_POCO_PARA_AVALIACAO_HIDROQUIMICA,UNKNOWN_SEM_POCO_PARA_AVALIACAO_TEMPORAL,UNKNOWN_INDEPENDENCIA_HIDROGEOLOGICA_NAO_DEMONSTRADA,UNKNOWN_SEM_POCO_PARA_AVALIACAO_DOCUMENTAL,INCERTEZA_EXPLICITA_NAO_AGREGADA,UNKNOWN_SEM_POCO_NO_CONJUNTO_AUDITADO,"{""espacial"":""SEM_POCO_NO_CONJUNTO_AUDITADO"",""hidraulica"":""UNKNOWN_SEM_POCO_PARA_AVALIACAO_HIDRAULICA"",""hidroestratigrafica"":""UNKNOWN_SEM_POCO_PARA_AVALIACAO_LOCAL"",""hidroquimica"":""UNKNOWN_SEM_POCO_PARA_AVALIACAO_HIDROQUIMICA"",""incerteza"":""INCERTEZA_EXPLICITA_NAO_AGREGADA"",""independencia"":""UNKNOWN_INDEPENDENCIA_HIDROGEOLOGICA_NAO_DEMONSTRADA"",""qualidade_documental"":""UNKNOWN_SEM_POCO_PARA_AVALIACAO_DOCUMENTAL"",""temporal"":""UNKNOWN_SEM_POCO_PARA_AVALIACAO_TEMPORAL"",""vertical"":""UNKNOWN_SEM_POCO_PARA_AVALIACAO_VERTICAL""}"
SCALE-1000-O00-00373,1000,O00,1000.0000000000393,0,SEM_POCO_NO_CONJUNTO_AUDITADO,79.4396281365814,2,Formação Pantanal,99.99821153078713,1,Granular (Gr),100.0,False,False,0,,0,,0,,0,,0,,0,,0,,0,0,,0,,0,,0,,0,,0,,0,,0,,0,0,0,0,,0,,,0,0,,0,,0,,0,,0,,0,,,SEM_POCO_NO_CONJUNTO_AUDITADO,UNKNOWN_SEM_POCO_PARA_AVALIACAO_LOCAL,UNKNOWN_SEM_POCO_PARA_AVALIACAO_VERTICAL,UNKNOWN_SEM_POCO_PARA_AVALIACAO_HIDRAULICA,UNKNOWN_SEM_POCO_PARA_AVALIACAO_HIDROQUIMICA,UNKNOWN_SEM_POCO_PARA_AVALIACAO_TEMPORAL,UNKNOWN_INDEPENDENCIA_HIDROGEOLOGICA_NAO_DEMONSTRADA,UNKNOWN_SEM_POCO_PARA_AVALIACAO_DOCUMENTAL,INCERTEZA_EXPLICITA_NAO_AGREGADA,UNKNOWN_SEM_POCO_NO_CONJUNTO_AUDITADO,"{""espacial"":""SEM_POCO_NO_CONJUNTO_AUDITADO"",""hidraulica"":""UNKNOWN_SEM_POCO_PARA_AVALIACAO_HIDRAULICA"",""hidroestratigrafica"":""UNKNOWN_SEM_POCO_PARA_AVALIACAO_LOCAL"",""hidroquimica"":""UNKNOWN_SEM_POCO_PARA_AVALIACAO_HIDROQUIMICA"",""incerteza"":""INCERTEZA_EXPLICITA_NAO_AGREGADA"",""independencia"":""UNKNOWN_INDEPENDENCIA_HIDROGEOLOGICA_NAO_DEMONSTRADA"",""qualidade_documental"":""UNKNOWN_SEM_POCO_PARA_AVALIACAO_DOCUMENTAL"",""temporal"":""UNKNOWN_SEM_POCO_PARA_AVALIACAO_TEMPORAL"",""vertical"":""UNKNOWN_SEM_POCO_PARA_AVALIACAO_VERTICAL""}"
SCALE-1000-O00-00374,1000,O00,1000.0000000000462,0,SEM_POCO_NO_CONJUNTO_AUDITADO,50.84488568476481,2,Formação Pantanal,98.46874436093232,1,Granular (Gr),100.0,False,False,0,,0,,0,,0,,0,,0,,0,,0,0,,0,,0,,0,,0,,0,,0,,0,,0,0,0,0,,0,,,0,0,,0,,0,,0,,0,,0,,,SEM_POCO_NO_CONJUNTO_AUDITADO,UNKNOWN_SEM_POCO_PARA_AVALIACAO_LOCAL,UNKNOWN_SEM_POCO_PARA_AVALIACAO_VERTICAL,UNKNOWN_SEM_POCO_PARA_AVALIACAO_HIDRAULICA,UNKNOWN_SEM_POCO_PARA_AVALIACAO_HIDROQUIMICA,UNKNOWN_SEM_POCO_PARA_AVALIACAO_TEMPORAL,UNKNOWN_INDEPENDENCIA_HIDROGEOLOGICA_NAO_DEMONSTRADA,UNKNOWN_SEM_POCO_PARA_AVALIACAO_DOCUMENTAL,INCERTEZA_EXPLICITA_NAO_AGREGADA,UNKNOWN_SEM_POCO_NO_CONJUNTO_AUDITADO,"{""espacial"":""SEM_POCO_NO_CONJUNTO_AUDITADO"",""hidraulica"":""UNKNOWN_SEM_POCO_PARA_AVALIACAO_HIDRAULICA"",""hidroestratigrafica"":""UNKNOWN_SEM_POCO_PARA_AVALIACAO_LOCAL"",""hidroquimica"":""UNKNOWN_SEM_POCO_PARA_AVALIACAO_HIDROQUIMICA"",""incerteza"":""INCERTEZA_EXPLICITA_NAO_AGREGADA"",""independencia"":""UNKNOWN_INDEPENDENCIA_HIDROGEOLOGICA_NAO_DEMONSTRADA"",""qualidade_documental"":""UNKNOWN_SEM_POCO_PARA_AVALIACAO_DOCUMENTAL"",""temporal"":""UNKNOWN_SEM_POCO_PARA_AVALIACAO_TEMPORAL"",""vertical"":""UNKNOWN_SEM_POCO_PARA_AVALIACAO_VERTICAL""}"
SCALE-1000-O00-00375,1000,O00,1000.0000000000462,0,SEM_POCO_NO_CONJUNTO_AUDITADO,25.35416525724122,7,Formação Pantanal,51.79107080258755,2,Granular (Gr),97.06415707999857,False,False,0,,0,,0,,0,,0,,0,,0,,0,0,,0,,0,,0,,0,,0,,0,,0,,0,0,0,0,,0,,,0,0,,0,,0,,0,,0,,0,,,SEM_POCO_NO_CONJUNTO_AUDITADO,UNKNOWN_SEM_POCO_PARA_AVALIACAO_LOCAL,UNKNOWN_SEM_POCO_PARA_AVALIACAO_VERTICAL,UNKNOWN_SEM_POCO_PARA_AVALIACAO_HIDRAULICA,UNKNOWN_SEM_POCO_PARA_AVALIACAO_HIDROQUIMICA,UNKNOWN_SEM_POCO_PARA_AVALIACAO_TEMPORAL,UNKNOWN_INDEPENDENCIA_HIDROGEOLOGICA_NAO_DEMONSTRADA,UNKNOWN_SEM_POCO_PARA_AVALIACAO_DOCUMENTAL,INCERTEZA_EXPLICITA_NAO_AGREGADA,UNKNOWN_SEM_POCO_NO_CONJUNTO_AUDITADO,"{""espacial"":""SEM_POCO_NO_CONJUNTO_AUDITADO"",""hidraulica"":""UNKNOWN_SEM_POCO_PARA_AVALIACAO_HIDRAULICA"",""hidroestratigrafica"":""UNKNOWN_SEM_POCO_PARA_AVALIACAO_LOCAL"",""hidroquimica"":""UNKNOWN_SEM_POCO_PARA_AVALIACAO_HIDROQUIMICA"",""incerteza"":""INCERTEZA_EXPLICITA_NAO_AGREGADA"",""independencia"":""UNKNOWN_INDEPENDENCIA_HIDROGEOLOGICA_NAO_DEMONSTRADA"",""qualidade_documental"":""UNKNOWN_SEM_POCO_PARA_AVALIACAO_DOCUMENTAL"",""temporal"":""UNKNOWN_SEM_POCO_PARA_AVALIACAO_TEMPORAL"",""vertical"":""UNKNOWN_SEM_POCO_PARA_AVALIACAO_VERTICAL""}"
SCALE-1000-O00-00376,1000,O00,1000.0000000000462,8,COM_POCO_NO_CONJUNTO_AUDITADO,19.45685798202695,3,Formação Aquidauana,48.29146000742131,1,Granular (Gr),100.0,True,False,0,0.0,0,0.0,1,12.5,0,0.0,8,100.0,7,87.5,0,0.0,0,8,100.0,7,87.5,7,87.5,3,37.5,3,37.5,0,0.0,2,25.0,1,12.5,2,4,4,7,87.5,1,12.5,17.00514042040562,0,0,0.0,0,0.0,6,75.0,7,87.5,7,87.5,0,0.0,4.0,SEM_ALERTA_OBJETIVO_DE_LOCALIZACAO,REVISAO_OU_UNKNOWN_PRESENTE,PARCIAL_SEM_INTERVALO_CAPTADO_DEMONSTRADO,ENSAIO_COM_METADADOS_MINIMOS_PRESENTE,EVIDENCIA_HIDROQUIMICA_PARCIAL_PRESENTE_SEM_QA_COMPLETO,EVIDENCIA_DATADA_PRESENTE_SEM_SERIE,UNKNOWN_INDEPENDENCIA_HIDROGEOLOGICA_NAO_DEMONSTRADA,ALERTAS_DE_REVISAO_PRESENTES,INCERTEZA_EXPLICITA_NAO_AGREGADA,MASCARAMENTO_HIDROESTRATIGRAFICO_POSSIVEL|UNKNOWN_HIDROESTRATIGRAFIA_EM_PARTE_DOS_POCOS|UNKNOWN_INDEPENDENCIA_HIDROGEOLOGICA|UNKNOWN_INTERVALO_CAPTADO|UNKNOWN_QA_HIDROQUIMICO_COMPLETO|UNKNOWN_SERIE_TEMPORAL,"{""espacial"":""SEM_ALERTA_OBJETIVO_DE_LOCALIZACAO"",""hidraulica"":""ENSAIO_COM_METADADOS_MINIMOS_PRESENTE"",""hidroestratigrafica"":""REVISAO_OU_UNKNOWN_PRESENTE"",""hidroquimica"":""EVIDENCIA_HIDROQUIMICA_PARCIAL_PRESENTE_SEM_QA_COMPLETO"",""incerteza"":""INCERTEZA_EXPLICITA_NAO_AGREGADA"",""independencia"":""UNKNOWN_INDEPENDENCIA_HIDROGEOLOGICA_NAO_DEMONSTRADA"",""qualidade_documental"":""ALERTAS_DE_REVISAO_PRESENTES"",""temporal"":""EVIDENCIA_DATADA_PRESENTE_SEM_SERIE"",""vertical"":""PARCIAL_SEM_INTERVALO_CAPTADO_DEMONSTRADO""}"
SCALE-1000-O00-00377,1000,O00,1000.0000000000462,0,SEM_POCO_NO_CONJUNTO_AUDITADO,31.827758601756745,4,Formação Botucatu,77.37209020509793,1,Granular (Gr),100.0,False,False,0,,0,,0,,0,,0,,0,,0,,0,0,,0,,0,,0,,0,,0,,0,,0,,0,0,0,0,,0,,,0,0,,0,,0,,0,,0,,0,,,SEM_POCO_NO_CONJUNTO_AUDITADO,UNKNOWN_SEM_POCO_PARA_AVALIACAO_LOCAL,UNKNOWN_SEM_POCO_PARA_AVALIACAO_VERTICAL,UNKNOWN_SEM_POCO_PARA_AVALIACAO_HIDRAULICA,UNKNOWN_SEM_POCO_PARA_AVALIACAO_HIDROQUIMICA,UNKNOWN_SEM_POCO_PARA_AVALIACAO_TEMPORAL,UNKNOWN_INDEPENDENCIA_HIDROGEOLOGICA_NAO_DEMONSTRADA,UNKNOWN_SEM_POCO_PARA_AVALIACAO_DOCUMENTAL,INCERTEZA_EXPLICITA_NAO_AGREGADA,UNKNOWN_SEM_POCO_NO_CONJUNTO_AUDITADO,"{""espacial"":""SEM_POCO_NO_CONJUNTO_AUDITADO"",""hidraulica"":""UNKNOWN_SEM_POCO_PARA_AVALIACAO_HIDRAULICA"",""hidroestratigrafica"":""UNKNOWN_SEM_POCO_PARA_AVALIACAO_LOCAL"",""hidroquimica"":""UNKNOWN_SEM_POCO_PARA_AVALIACAO_HIDROQUIMICA"",""incerteza"":""INCERTEZA_EXPLICITA_NAO_AGREGADA"",""independencia"":""UNKNOWN_INDEPENDENCIA_HIDROGEOLOGICA_NAO_DEMONSTRADA"",""qualidade_documental"":""UNKNOWN_SEM_POCO_PARA_AVALIACAO_DOCUMENTAL"",""temporal"":""UNKNOWN_SEM_POCO_PARA_AVALIACAO_TEMPORAL"",""vertical"":""UNKNOWN_SEM_POCO_PARA_AVALIACAO_VERTICAL""}"
SCALE-1000-O00-00378,1000,O00,864.7208900964118,1,COM_POCO_NO_CONJUNTO_AUDITADO,21.398971519377767,3,Formação Botucatu,89.84034738629035,1,Granular (Gr),100.0,False,False,0,0.0,0,0.0,0,0.0,0,0.0,1,100.0,0,0.0,0,0.0,0,1,100.0,1,100.0,1,100.0,0,0.0,0,0.0,0,0.0,0,0.0,0,0.0,0,0,0,0,0.0,0,0.0,,0,0,0.0,0,0.0,0,0.0,0,0.0,0,0.0,0,0.0,3.0,SEM_ALERTA_OBJETIVO_DE_LOCALIZACAO,DOCUMENTACAO_HIDROESTRATIGRAFICA_SEM_ALERTA_OBJETIVO,PARCIAL_SEM_INTERVALO_CAPTADO_DEMONSTRADO,EVIDENCIA_HIDRAULICA_PARCIAL_PRESENTE,UNKNOWN_SEM_EVIDENCIA_HIDROQUIMICA_NO_CONJUNTO,UNKNOWN_SEM_EVIDENCIA_DATADA_E_SEM_SERIE,UNKNOWN_INDEPENDENCIA_HIDROGEOLOGICA_NAO_DEMONSTRADA,SEM_ALERTA_OBJETIVO_NAS_REGRAS_ATUAIS,INCERTEZA_EXPLICITA_NAO_AGREGADA,UNKNOWN_EVIDENCIA_DATADA|UNKNOWN_EVIDENCIA_HIDROQUIMICA|UNKNOWN_INDEPENDENCIA_HIDROGEOLOGICA|UNKNOWN_INTERVALO_CAPTADO|UNKNOWN_QA_HIDROQUIMICO_COMPLETO|UNKNOWN_SERIE_TEMPORAL,"{""espacial"":""SEM_ALERTA_OBJETIVO_DE_LOCALIZACAO"",""hidraulica"":""EVIDENCIA_HIDRAULICA_PARCIAL_PRESENTE"",""hidroestratigrafica"":""DOCUMENTACAO_HIDROESTRATIGRAFICA_SEM_ALERTA_OBJETIVO"",""hidroquimica"":""UNKNOWN_SEM_EVIDENCIA_HIDROQUIMICA_NO_CONJUNTO"",""incerteza"":""INCERTEZA_EXPLICITA_NAO_AGREGADA"",""independencia"":""UNKNOWN_INDEPENDENCIA_HIDROGEOLOGICA_NAO_DEMONSTRADA"",""qualidade_documental"":""SEM_ALERTA_OBJETIVO_NAS_REGRAS_ATUAIS"",""temporal"":""UNKNOWN_SEM_EVIDENCIA_DATADA_E_SEM_SERIE"",""vertical"":""PARCIAL_SEM_INTERVALO_CAPTADO_DEMONSTRADO""}"
SCALE-1000-O00-00379,1000,O00,636.6860745064181,0,SEM_POCO_NO_CONJUNTO_AUDITADO,34.065379532537904,2,Formação Botucatu,99.97300303719572,1,Granular (Gr),100.0,False,False,0,,0,,0,,0,,0,,0,,0,,0,0,,0,,0,,0,,0,,0,,0,,0,,0,0,0,0,,0,,,0,0,,0,,0,,0,,0,,0,,,SEM_POCO_NO_CONJUNTO_AUDITADO,UNKNOWN_SEM_POCO_PARA_AVALIACAO_LOCAL,UNKNOWN_SEM_POCO_PARA_AVALIACAO_VERTICAL,UNKNOWN_SEM_POCO_PARA_AVALIACAO_HIDRAULICA,UNKNOWN_SEM_POCO_PARA_AVALIACAO_HIDROQUIMICA,UNKNOWN_SEM_POCO_PARA_AVALIACAO_TEMPORAL,UNKNOWN_INDEPENDENCIA_HIDROGEOLOGICA_NAO_DEMONSTRADA,UNKNOWN_SEM_POCO_PARA_AVALIACAO_DOCUMENTAL,INCERTEZA_EXPLICITA_NAO_AGREGADA,UNKNOWN_SEM_POCO_NO_CONJUNTO_AUDITADO,"{""espacial"":""SEM_POCO_NO_CONJUNTO_AUDITADO"",""hidraulica"":""UNKNOWN_SEM_POCO_PARA_AVALIACAO_HIDRAULICA"",""hidroestratigrafica"":""UNKNOWN_SEM_POCO_PARA_AVALIACAO_LOCAL"",""hidroquimica"":""UNKNOWN_SEM_POCO_PARA_AVALIACAO_HIDROQUIMICA"",""incerteza"":""INCERTEZA_EXPLICITA_NAO_AGREGADA"",""independencia"":""UNKNOWN_INDEPENDENCIA_HIDROGEOLOGICA_NAO_DEMONSTRADA"",""qualidade_documental"":""UNKNOWN_SEM_POCO_PARA_AVALIACAO_DOCUMENTAL"",""temporal"":""UNKNOWN_SEM_POCO_PARA_AVALIACAO_TEMPORAL"",""vertical"":""UNKNOWN_SEM_POCO_PARA_AVALIACAO_VERTICAL""}"
SCALE-1000-O00-00380,1000,O00,531.8084961138849,1,COM_POCO_NO_CONJUNTO_AUDITADO,20.56194290261164,5,Formação Cachoeirinha,44.804060583486006,2,Granular (Gr),94.03969435130024,False,False,0,0.0,0,0.0,0,0.0,1,100.0,1,100.0,0,0.0,0,0.0,0,1,100.0,1,100.0,1,100.0,0,0.0,0,0.0,0,0.0,1,100.0,0,0.0,0,0,0,0,0.0,0,0.0,,0,0,0.0,0,0.0,0,0.0,0,0.0,0,0.0,0,0.0,3.0,SEM_ALERTA_OBJETIVO_DE_LOCALIZACAO,REVISAO_OU_UNKNOWN_PRESENTE,PARCIAL_SEM_INTERVALO_CAPTADO_DEMONSTRADO,EVIDENCIA_HIDRAULICA_PARCIAL_PRESENTE,EVIDENCIA_HIDROQUIMICA_PARCIAL_PRESENTE_SEM_QA_COMPLETO,UNKNOWN_SEM_EVIDENCIA_DATADA_E_SEM_SERIE,UNKNOWN_INDEPENDENCIA_HIDROGEOLOGICA_NAO_DEMONSTRADA,SEM_ALERTA_OBJETIVO_NAS_REGRAS_ATUAIS,INCERTEZA_EXPLICITA_NAO_AGREGADA,UNKNOWN_EVIDENCIA_DATADA|UNKNOWN_INDEPENDENCIA_HIDROGEOLOGICA|UNKNOWN_INTERVALO_CAPTADO|UNKNOWN_QA_HIDROQUIMICO_COMPLETO|UNKNOWN_SERIE_TEMPORAL,"{""espacial"":""SEM_ALERTA_OBJETIVO_DE_LOCALIZACAO"",""hidraulica"":""EVIDENCIA_HIDRAULICA_PARCIAL_PRESENTE"",""hidroestratigrafica"":""REVISAO_OU_UNKNOWN_PRESENTE"",""hidroquimica"":""EVIDENCIA_HIDROQUIMICA_PARCIAL_PRESENTE_SEM_QA_COMPLETO"",""incerteza"":""INCERTEZA_EXPLICITA_NAO_AGREGADA"",""independencia"":""UNKNOWN_INDEPENDENCIA_HIDROGEOLOGICA_NAO_DEMONSTRADA"",""qualidade_documental"":""SEM_ALERTA_OBJETIVO_NAS_REGRAS_ATUAIS"",""temporal"":""UNKNOWN_SEM_EVIDENCIA_DATADA_E_SEM_SERIE"",""vertical"":""PARCIAL_SEM_INTERVALO_CAPTADO_DEMONSTRADO""}"
SCALE-1000-O00-00381,1000,O00,1.9356456809657763,0,SEM_POCO_NO_CONJUNTO_AUDITADO,,1,Formação Cachoeirinha,100.0,1,Granular (Gr),100.0,False,False,0,,0,,0,,0,,0,,0,,0,,0,0,,0,,0,,0,,0,,0,,0,,0,,0,0,0,0,,0,,,0,0,,0,,0,,0,,0,,0,,,SEM_POCO_NO_CONJUNTO_AUDITADO,UNKNOWN_SEM_POCO_PARA_AVALIACAO_LOCAL,UNKNOWN_SEM_POCO_PARA_AVALIACAO_VERTICAL,UNKNOWN_SEM_POCO_PARA_AVALIACAO_HIDRAULICA,UNKNOWN_SEM_POCO_PARA_AVALIACAO_HIDROQUIMICA,UNKNOWN_SEM_POCO_PARA_AVALIACAO_TEMPORAL,UNKNOWN_INDEPENDENCIA_HIDROGEOLOGICA_NAO_DEMONSTRADA,UNKNOWN_SEM_POCO_PARA_AVALIACAO_DOCUMENTAL,INCERTEZA_EXPLICITA_NAO_AGREGADA,UNKNOWN_SEM_POCO_NO_CONJUNTO_AUDITADO,"{""espacial"":""SEM_POCO_NO_CONJUNTO_AUDITADO"",""hidraulica"":""UNKNOWN_SEM_POCO_PARA_AVALIACAO_HIDRAULICA"",""hidroestratigrafica"":""UNKNOWN_SEM_POCO_PARA_AVALIACAO_LOCAL"",""hidroquimica"":""UNKNOWN_SEM_POCO_PARA_AVALIACAO_HIDROQUIMICA"",""incerteza"":""INCERTEZA_EXPLICITA_NAO_AGREGADA"",""independencia"":""UNKNOWN_INDEPENDENCIA_HIDROGEOLOGICA_NAO_DEMONSTRADA"",""qualidade_documental"":""UNKNOWN_SEM_POCO_PARA_AVALIACAO_DOCUMENTAL"",""temporal"":""UNKNOWN_SEM_POCO_PARA_AVALIACAO_TEMPORAL"",""vertical"":""UNKNOWN_SEM_POCO_PARA_AVALIACAO_VERTICAL""}"
SCALE-1000-O00-00382,1000,O00,27.093723262480967,0,SEM_POCO_NO_CONJUNTO_AUDITADO,150.23097246660743,3,Grupo Corumbá,62.27378108930813,3,Cárstica (K),62.27378108930813,False,False,0,,0,,0,,0,,0,,0,,0,,0,0,,0,,0,,0,,0,,0,,0,,0,,0,0,0,0,,0,,,0,0,,0,,0,,0,,0,,0,,,SEM_POCO_NO_CONJUNTO_AUDITADO,UNKNOWN_SEM_POCO_PARA_AVALIACAO_LOCAL,UNKNOWN_SEM_POCO_PARA_AVALIACAO_VERTICAL,UNKNOWN_SEM_POCO_PARA_AVALIACAO_HIDRAULICA,UNKNOWN_SEM_POCO_PARA_AVALIACAO_HIDROQUIMICA,UNKNOWN_SEM_POCO_PARA_AVALIACAO_TEMPORAL,UNKNOWN_INDEPENDENCIA_HIDROGEOLOGICA_NAO_DEMONSTRADA,UNKNOWN_SEM_POCO_PARA_AVALIACAO_DOCUMENTAL,INCERTEZA_EXPLICITA_NAO_AGREGADA,UNKNOWN_SEM_POCO_NO_CONJUNTO_AUDITADO,"{""espacial"":""SEM_POCO_NO_CONJUNTO_AUDITADO"",""hidraulica"":""UNKNOWN_SEM_POCO_PARA_AVALIACAO_HIDRAULICA"",""hidroestratigrafica"":""UNKNOWN_SEM_POCO_PARA_AVALIACAO_LOCAL"",""hidroquimica"":""UNKNOWN_SEM_POCO_PARA_AVALIACAO_HIDROQUIMICA"",""incerteza"":""INCERTEZA_EXPLICITA_NAO_AGREGADA"",""independencia"":""UNKNOWN_INDEPENDENCIA_HIDROGEOLOGICA_NAO_DEMONSTRADA"",""qualidade_documental"":""UNKNOWN_SEM_POCO_PARA_AVALIACAO_DOCUMENTAL"",""temporal"":""UNKNOWN_SEM_POCO_PARA_AVALIACAO_TEMPORAL"",""vertical"":""UNKNOWN_SEM_POCO_PARA_AVALIACAO_VERTICAL""}"
SCALE-1000-O00-00383,1000,O00,309.15343707047754,0,SEM_POCO_NO_CONJUNTO_AUDITADO,144.29180369737674,3,Embasamento Indiferenciado,50.393146633197055,2,Fraturada (Fr),50.393146633197055,False,False,0,,0,,0,,0,,0,,0,,0,,0,0,,0,,0,,0,,0,,0,,0,,0,,0,0,0,0,,0,,,0,0,,0,,0,,0,,0,,0,,,SEM_POCO_NO_CONJUNTO_AUDITADO,UNKNOWN_SEM_POCO_PARA_AVALIACAO_LOCAL,UNKNOWN_SEM_POCO_PARA_AVALIACAO_VERTICAL,UNKNOWN_SEM_POCO_PARA_AVALIACAO_HIDRAULICA,UNKNOWN_SEM_POCO_PARA_AVALIACAO_HIDROQUIMICA,UNKNOWN_SEM_POCO_PARA_AVALIACAO_TEMPORAL,UNKNOWN_INDEPENDENCIA_HIDROGEOLOGICA_NAO_DEMONSTRADA,UNKNOWN_SEM_POCO_PARA_AVALIACAO_DOCUMENTAL,INCERTEZA_EXPLICITA_NAO_AGREGADA,UNKNOWN_SEM_POCO_NO_CONJUNTO_AUDITADO,"{""espacial"":""SEM_POCO_NO_CONJUNTO_AUDITADO"",""hidraulica"":""UNKNOWN_SEM_POCO_PARA_AVALIACAO_HIDRAULICA"",""hidroestratigrafica"":""UNKNOWN_SEM_POCO_PARA_AVALIACAO_LOCAL"",""hidroquimica"":""UNKNOWN_SEM_POCO_PARA_AVALIACAO_HIDROQUIMICA"",""incerteza"":""INCERTEZA_EXPLICITA_NAO_AGREGADA"",""independencia"":""UNKNOWN_INDEPENDENCIA_HIDROGEOLOGICA_NAO_DEMONSTRADA"",""qualidade_documental"":""UNKNOWN_SEM_POCO_PARA_AVALIACAO_DOCUMENTAL"",""temporal"":""UNKNOWN_SEM_POCO_PARA_AVALIACAO_TEMPORAL"",""vertical"":""UNKNOWN_SEM_POCO_PARA_AVALIACAO_VERTICAL""}"
SCALE-1000-O00-00384,1000,O00,291.0245145444527,0,SEM_POCO_NO_CONJUNTO_AUDITADO,139.2966244320548,1,Depósitos aluvionares,100.0,1,Granular (Gr),100.0,False,False,0,,0,,0,,0,,0,,0,,0,,0,0,,0,,0,,0,,0,,0,,0,,0,,0,0,0,0,,0,,,0,0,,0,,0,,0,,0,,0,,,SEM_POCO_NO_CONJUNTO_AUDITADO,UNKNOWN_SEM_POCO_PARA_AVALIACAO_LOCAL,UNKNOWN_SEM_POCO_PARA_AVALIACAO_VERTICAL,UNKNOWN_SEM_POCO_PARA_AVALIACAO_HIDRAULICA,UNKNOWN_SEM_POCO_PARA_AVALIACAO_HIDROQUIMICA,UNKNOWN_SEM_POCO_PARA_AVALIACAO_TEMPORAL,UNKNOWN_INDEPENDENCIA_HIDROGEOLOGICA_NAO_DEMONSTRADA,UNKNOWN_SEM_POCO_PARA_AVALIACAO_DOCUMENTAL,INCERTEZA_EXPLICITA_NAO_AGREGADA,UNKNOWN_SEM_POCO_NO_CONJUNTO_AUDITADO,"{""espacial"":""SEM_POCO_NO_CONJUNTO_AUDITADO"",""hidraulica"":""UNKNOWN_SEM_POCO_PARA_AVALIACAO_HIDRAULICA"",""hidroestratigrafica"":""UNKNOWN_SEM_POCO_PARA_AVALIACAO_LOCAL"",""hidroquimica"":""UNKNOWN_SEM_POCO_PARA_AVALIACAO_HIDROQUIMICA"",""incerteza"":""INCERTEZA_EXPLICITA_NAO_AGREGADA"",""independencia"":""UNKNOWN_INDEPENDENCIA_HIDROGEOLOGICA_NAO_DEMONSTRADA"",""qualidade_documental"":""UNKNOWN_SEM_POCO_PARA_AVALIACAO_DOCUMENTAL"",""temporal"":""UNKNOWN_SEM_POCO_PARA_AVALIACAO_TEMPORAL"",""vertical"":""UNKNOWN_SEM_POCO_PARA_AVALIACAO_VERTICAL""}"
SCALE-1000-O00-00385,1000,O00,907.2517531827488,0,SEM_POCO_NO_CONJUNTO_AUDITADO,166.0861892840707,2,Depósitos aluvionares,58.047331137309655,1,Granular (Gr),100.0,False,False,0,,0,,0,,0,,0,,0,,0,,0,0,,0,,0,,0,,0,,0,,0,,0,,0,0,0,0,,0,,,0,0,,0,,0,,0,,0,,0,,,SEM_POCO_NO_CONJUNTO_AUDITADO,UNKNOWN_SEM_POCO_PARA_AVALIACAO_LOCAL,UNKNOWN_SEM_POCO_PARA_AVALIACAO_VERTICAL,UNKNOWN_SEM_POCO_PARA_AVALIACAO_HIDRAULICA,UNKNOWN_SEM_POCO_PARA_AVALIACAO_HIDROQUIMICA,UNKNOWN_SEM_POCO_PARA_AVALIACAO_TEMPORAL,UNKNOWN_INDEPENDENCIA_HIDROGEOLOGICA_NAO_DEMONSTRADA,UNKNOWN_SEM_POCO_PARA_AVALIACAO_DOCUMENTAL,INCERTEZA_EXPLICITA_NAO_AGREGADA,UNKNOWN_SEM_POCO_NO_CONJUNTO_AUDITADO,"{""espacial"":""SEM_POCO_NO_CONJUNTO_AUDITADO"",""hidraulica"":""UNKNOWN_SEM_POCO_PARA_AVALIACAO_HIDRAULICA"",""hidroestratigrafica"":""UNKNOWN_SEM_POCO_PARA_AVALIACAO_LOCAL"",""hidroquimica"":""UNKNOWN_SEM_POCO_PARA_AVALIACAO_HIDROQUIMICA"",""incerteza"":""INCERTEZA_EXPLICITA_NAO_AGREGADA"",""independencia"":""UNKNOWN_INDEPENDENCIA_HIDROGEOLOGICA_NAO_DEMONSTRADA"",""qualidade_documental"":""UNKNOWN_SEM_POCO_PARA_AVALIACAO_DOCUMENTAL"",""temporal"":""UNKNOWN_SEM_POCO_PARA_AVALIACAO_TEMPORAL"",""vertical"":""UNKNOWN_SEM_POCO_PARA_AVALIACAO_VERTICAL""}"
SCALE-1000-O00-00386,1000,O00,1000.0000000000462,0,SEM_POCO_NO_CONJUNTO_AUDITADO,182.38944220153425,1,Formação Pantanal,100.0,1,Granular (Gr),100.0,False,False,0,,0,,0,,0,,0,,0,,0,,0,0,,0,,0,,0,,0,,0,,0,,0,,0,0,0,0,,0,,,0,0,,0,,0,,0,,0,,0,,,SEM_POCO_NO_CONJUNTO_AUDITADO,UNKNOWN_SEM_POCO_PARA_AVALIACAO_LOCAL,UNKNOWN_SEM_POCO_PARA_AVALIACAO_VERTICAL,UNKNOWN_SEM_POCO_PARA_AVALIACAO_HIDRAULICA,UNKNOWN_SEM_POCO_PARA_AVALIACAO_HIDROQUIMICA,UNKNOWN_SEM_POCO_PARA_AVALIACAO_TEMPORAL,UNKNOWN_INDEPENDENCIA_HIDROGEOLOGICA_NAO_DEMONSTRADA,UNKNOWN_SEM_POCO_PARA_AVALIACAO_DOCUMENTAL,INCERTEZA_EXPLICITA_NAO_AGREGADA,UNKNOWN_SEM_POCO_NO_CONJUNTO_AUDITADO,"{""espacial"":""SEM_POCO_NO_CONJUNTO_AUDITADO"",""hidraulica"":""UNKNOWN_SEM_POCO_PARA_AVALIACAO_HIDRAULICA"",""hidroestratigrafica"":""UNKNOWN_SEM_POCO_PARA_AVALIACAO_LOCAL"",""hidroquimica"":""UNKNOWN_SEM_POCO_PARA_AVALIACAO_HIDROQUIMICA"",""incerteza"":""INCERTEZA_EXPLICITA_NAO_AGREGADA"",""independencia"":""UNKNOWN_INDEPENDENCIA_HIDROGEOLOGICA_NAO_DEMONSTRADA"",""qualidade_documental"":""UNKNOWN_SEM_POCO_PARA_AVALIACAO_DOCUMENTAL"",""temporal"":""UNKNOWN_SEM_POCO_PARA_AVALIACAO_TEMPORAL"",""vertical"":""UNKNOWN_SEM_POCO_PARA_AVALIACAO_VERTICAL""}"
SCALE-1000-O00-00387,1000,O00,1000.0000000000462,0,SEM_POCO_NO_CONJUNTO_AUDITADO,168.47933904047858,1,Formação Pantanal,100.0,1,Granular (Gr),100.0,False,False,0,,0,,0,,0,,0,,0,,0,,0,0,,0,,0,,0,,0,,0,,0,,0,,0,0,0,0,,0,,,0,0,,0,,0,,0,,0,,0,,,SEM_POCO_NO_CONJUNTO_AUDITADO,UNKNOWN_SEM_POCO_PARA_AVALIACAO_LOCAL,UNKNOWN_SEM_POCO_PARA_AVALIACAO_VERTICAL,UNKNOWN_SEM_POCO_PARA_AVALIACAO_HIDRAULICA,UNKNOWN_SEM_POCO_PARA_AVALIACAO_HIDROQUIMICA,UNKNOWN_SEM_POCO_PARA_AVALIACAO_TEMPORAL,UNKNOWN_INDEPENDENCIA_HIDROGEOLOGICA_NAO_DEMONSTRADA,UNKNOWN_SEM_POCO_PARA_AVALIACAO_DOCUMENTAL,INCERTEZA_EXPLICITA_NAO_AGREGADA,UNKNOWN_SEM_POCO_NO_CONJUNTO_AUDITADO,"{""espacial"":""SEM_POCO_NO_CONJUNTO_AUDITADO"",""hidraulica"":""UNKNOWN_SEM_POCO_PARA_AVALIACAO_HIDRAULICA"",""hidroestratigrafica"":""UNKNOWN_SEM_POCO_PARA_AVALIACAO_LOCAL"",""hidroquimica"":""UNKNOWN_SEM_POCO_PARA_AVALIACAO_HIDROQUIMICA"",""incerteza"":""INCERTEZA_EXPLICITA_NAO_AGREGADA"",""independencia"":""UNKNOWN_INDEPENDENCIA_HIDROGEOLOGICA_NAO_DEMONSTRADA"",""qualidade_documental"":""UNKNOWN_SEM_POCO_PARA_AVALIACAO_DOCUMENTAL"",""temporal"":""UNKNOWN_SEM_POCO_PARA_AVALIACAO_TEMPORAL"",""vertical"":""UNKNOWN_SEM_POCO_PARA_AVALIACAO_VERTICAL""}"
SCALE-1000-O00-00388,1000,O00,1000.0000000000462,0,SEM_POCO_NO_CONJUNTO_AUDITADO,134.4082410657067,1,Formação Pantanal,100.0,1,Granular (Gr),100.0,False,False,0,,0,,0,,0,,0,,0,,0,,0,0,,0,,0,,0,,0,,0,,0,,0,,0,0,0,0,,0,,,0,0,,0,,0,,0,,0,,0,,,SEM_POCO_NO_CONJUNTO_AUDITADO,UNKNOWN_SEM_POCO_PARA_AVALIACAO_LOCAL,UNKNOWN_SEM_POCO_PARA_AVALIACAO_VERTICAL,UNKNOWN_SEM_POCO_PARA_AVALIACAO_HIDRAULICA,UNKNOWN_SEM_POCO_PARA_AVALIACAO_HIDROQUIMICA,UNKNOWN_SEM_POCO_PARA_AVALIACAO_TEMPORAL,UNKNOWN_INDEPENDENCIA_HIDROGEOLOGICA_NAO_DEMONSTRADA,UNKNOWN_SEM_POCO_PARA_AVALIACAO_DOCUMENTAL,INCERTEZA_EXPLICITA_NAO_AGREGADA,UNKNOWN_SEM_POCO_NO_CONJUNTO_AUDITADO,"{""espacial"":""SEM_POCO_NO_CONJUNTO_AUDITADO"",""hidraulica"":""UNKNOWN_SEM_POCO_PARA_AVALIACAO_HIDRAULICA"",""hidroestratigrafica"":""UNKNOWN_SEM_POCO_PARA_AVALIACAO_LOCAL"",""hidroquimica"":""UNKNOWN_SEM_POCO_PARA_AVALIACAO_HIDROQUIMICA"",""incerteza"":""INCERTEZA_EXPLICITA_NAO_AGREGADA"",""independencia"":""UNKNOWN_INDEPENDENCIA_HIDROGEOLOGICA_NAO_DEMONSTRADA"",""qualidade_documental"":""UNKNOWN_SEM_POCO_PARA_AVALIACAO_DOCUMENTAL"",""temporal"":""UNKNOWN_SEM_POCO_PARA_AVALIACAO_TEMPORAL"",""vertical"":""UNKNOWN_SEM_POCO_PARA_AVALIACAO_VERTICAL""}"
SCALE-1000-O00-00389,1000,O00,1000.0000000000462,0,SEM_POCO_NO_CONJUNTO_AUDITADO,102.8929986168374,1,Formação Pantanal,100.0,1,Granular (Gr),100.0,False,False,0,,0,,0,,0,,0,,0,,0,,0,0,,0,,0,,0,,0,,0,,0,,0,,0,0,0,0,,0,,,0,0,,0,,0,,0,,0,,0,,,SEM_POCO_NO_CONJUNTO_AUDITADO,UNKNOWN_SEM_POCO_PARA_AVALIACAO_LOCAL,UNKNOWN_SEM_POCO_PARA_AVALIACAO_VERTICAL,UNKNOWN_SEM_POCO_PARA_AVALIACAO_HIDRAULICA,UNKNOWN_SEM_POCO_PARA_AVALIACAO_HIDROQUIMICA,UNKNOWN_SEM_POCO_PARA_AVALIACAO_TEMPORAL,UNKNOWN_INDEPENDENCIA_HIDROGEOLOGICA_NAO_DEMONSTRADA,UNKNOWN_SEM_POCO_PARA_AVALIACAO_DOCUMENTAL,INCERTEZA_EXPLICITA_NAO_AGREGADA,UNKNOWN_SEM_POCO_NO_CONJUNTO_AUDITADO,"{""espacial"":""SEM_POCO_NO_CONJUNTO_AUDITADO"",""hidraulica"":""UNKNOWN_SEM_POCO_PARA_AVALIACAO_HIDRAULICA"",""hidroestratigrafica"":""UNKNOWN_SEM_POCO_PARA_AVALIACAO_LOCAL"",""hidroquimica"":""UNKNOWN_SEM_POCO_PARA_AVALIACAO_HIDROQUIMICA"",""incerteza"":""INCERTEZA_EXPLICITA_NAO_AGREGADA"",""independencia"":""UNKNOWN_INDEPENDENCIA_HIDROGEOLOGICA_NAO_DEMONSTRADA"",""qualidade_documental"":""UNKNOWN_SEM_POCO_PARA_AVALIACAO_DOCUMENTAL"",""temporal"":""UNKNOWN_SEM_POCO_PARA_AVALIACAO_TEMPORAL"",""vertical"":""UNKNOWN_SEM_POCO_PARA_AVALIACAO_VERTICAL""}"
SCALE-1000-O00-00390,1000,O00,1000.0000000000462,0,SEM_POCO_NO_CONJUNTO_AUDITADO,73.32712158495973,2,Formação Pantanal,99.81738135573076,1,Granular (Gr),100.0,False,False,0,,0,,0,,0,,0,,0,,0,,0,0,,0,,0,,0,,0,,0,,0,,0,,0,0,0,0,,0,,,0,0,,0,,0,,0,,0,,0,,,SEM_POCO_NO_CONJUNTO_AUDITADO,UNKNOWN_SEM_POCO_PARA_AVALIACAO_LOCAL,UNKNOWN_SEM_POCO_PARA_AVALIACAO_VERTICAL,UNKNOWN_SEM_POCO_PARA_AVALIACAO_HIDRAULICA,UNKNOWN_SEM_POCO_PARA_AVALIACAO_HIDROQUIMICA,UNKNOWN_SEM_POCO_PARA_AVALIACAO_TEMPORAL,UNKNOWN_INDEPENDENCIA_HIDROGEOLOGICA_NAO_DEMONSTRADA,UNKNOWN_SEM_POCO_PARA_AVALIACAO_DOCUMENTAL,INCERTEZA_EXPLICITA_NAO_AGREGADA,UNKNOWN_SEM_POCO_NO_CONJUNTO_AUDITADO,"{""espacial"":""SEM_POCO_NO_CONJUNTO_AUDITADO"",""hidraulica"":""UNKNOWN_SEM_POCO_PARA_AVALIACAO_HIDRAULICA"",""hidroestratigrafica"":""UNKNOWN_SEM_POCO_PARA_AVALIACAO_LOCAL"",""hidroquimica"":""UNKNOWN_SEM_POCO_PARA_AVALIACAO_HIDROQUIMICA"",""incerteza"":""INCERTEZA_EXPLICITA_NAO_AGREGADA"",""independencia"":""UNKNOWN_INDEPENDENCIA_HIDROGEOLOGICA_NAO_DEMONSTRADA"",""qualidade_documental"":""UNKNOWN_SEM_POCO_PARA_AVALIACAO_DOCUMENTAL"",""temporal"":""UNKNOWN_SEM_POCO_PARA_AVALIACAO_TEMPORAL"",""vertical"":""UNKNOWN_SEM_POCO_PARA_AVALIACAO_VERTICAL""}"
SCALE-1000-O00-00391,1000,O00,971.0182082828259,0,SEM_POCO_NO_CONJUNTO_AUDITADO,39.882008372424984,6,Formação Pantanal,69.56450189279332,2,Granular (Gr),99.73903479565222,False,False,0,,0,,0,,0,,0,,0,,0,,0,0,,0,,0,,0,,0,,0,,0,,0,,0,0,0,0,,0,,,0,0,,0,,0,,0,,0,,0,,,SEM_POCO_NO_CONJUNTO_AUDITADO,UNKNOWN_SEM_POCO_PARA_AVALIACAO_LOCAL,UNKNOWN_SEM_POCO_PARA_AVALIACAO_VERTICAL,UNKNOWN_SEM_POCO_PARA_AVALIACAO_HIDRAULICA,UNKNOWN_SEM_POCO_PARA_AVALIACAO_HIDROQUIMICA,UNKNOWN_SEM_POCO_PARA_AVALIACAO_TEMPORAL,UNKNOWN_INDEPENDENCIA_HIDROGEOLOGICA_NAO_DEMONSTRADA,UNKNOWN_SEM_POCO_PARA_AVALIACAO_DOCUMENTAL,INCERTEZA_EXPLICITA_NAO_AGREGADA,UNKNOWN_SEM_POCO_NO_CONJUNTO_AUDITADO,"{""espacial"":""SEM_POCO_NO_CONJUNTO_AUDITADO"",""hidraulica"":""UNKNOWN_SEM_POCO_PARA_AVALIACAO_HIDRAULICA"",""hidroestratigrafica"":""UNKNOWN_SEM_POCO_PARA_AVALIACAO_LOCAL"",""hidroquimica"":""UNKNOWN_SEM_POCO_PARA_AVALIACAO_HIDROQUIMICA"",""incerteza"":""INCERTEZA_EXPLICITA_NAO_AGREGADA"",""independencia"":""UNKNOWN_INDEPENDENCIA_HIDROGEOLOGICA_NAO_DEMONSTRADA"",""qualidade_documental"":""UNKNOWN_SEM_POCO_PARA_AVALIACAO_DOCUMENTAL"",""temporal"":""UNKNOWN_SEM_POCO_PARA_AVALIACAO_TEMPORAL"",""vertical"":""UNKNOWN_SEM_POCO_PARA_AVALIACAO_VERTICAL""}"
SCALE-1000-O00-00392,1000,O00,1000.0000000000462,1,COM_POCO_NO_CONJUNTO_AUDITADO,19.52301289407826,6,Formação Cachoeirinha,32.07382626909463,1,Granular (Gr),100.0,False,False,0,0.0,0,0.0,0,0.0,0,0.0,1,100.0,1,100.0,0,0.0,0,1,100.0,1,100.0,0,0.0,0,0.0,0,0.0,0,0.0,1,100.0,1,100.0,1,3,3,1,100.0,1,100.0,18.22898485252948,0,0,0.0,0,0.0,0,0.0,1,100.0,1,100.0,0,0.0,4.0,SEM_ALERTA_OBJETIVO_DE_LOCALIZACAO,DOCUMENTACAO_HIDROESTRATIGRAFICA_SEM_ALERTA_OBJETIVO,PARCIAL_SEM_INTERVALO_CAPTADO_DEMONSTRADO,EVIDENCIA_HIDRAULICA_PARCIAL_PRESENTE,EVIDENCIA_HIDROQUIMICA_PARCIAL_PRESENTE_SEM_QA_COMPLETO,EVIDENCIA_DATADA_PRESENTE_SEM_SERIE,UNKNOWN_INDEPENDENCIA_HIDROGEOLOGICA_NAO_DEMONSTRADA,ALERTAS_DE_REVISAO_PRESENTES,INCERTEZA_EXPLICITA_NAO_AGREGADA,UNKNOWN_INDEPENDENCIA_HIDROGEOLOGICA|UNKNOWN_INTERVALO_CAPTADO|UNKNOWN_QA_HIDROQUIMICO_COMPLETO|UNKNOWN_SERIE_TEMPORAL,"{""espacial"":""SEM_ALERTA_OBJETIVO_DE_LOCALIZACAO"",""hidraulica"":""EVIDENCIA_HIDRAULICA_PARCIAL_PRESENTE"",""hidroestratigrafica"":""DOCUMENTACAO_HIDROESTRATIGRAFICA_SEM_ALERTA_OBJETIVO"",""hidroquimica"":""EVIDENCIA_HIDROQUIMICA_PARCIAL_PRESENTE_SEM_QA_COMPLETO"",""incerteza"":""INCERTEZA_EXPLICITA_NAO_AGREGADA"",""independencia"":""UNKNOWN_INDEPENDENCIA_HIDROGEOLOGICA_NAO_DEMONSTRADA"",""qualidade_documental"":""ALERTAS_DE_REVISAO_PRESENTES"",""temporal"":""EVIDENCIA_DATADA_PRESENTE_SEM_SERIE"",""vertical"":""PARCIAL_SEM_INTERVALO_CAPTADO_DEMONSTRADO""}"
SCALE-1000-O00-00393,1000,O00,955.885479232783,0,SEM_POCO_NO_CONJUNTO_AUDITADO,40.48862641455683,5,Formação Botucatu,43.798071727074365,1,Granular (Gr),100.0,False,False,0,,0,,0,,0,,0,,0,,0,,0,0,,0,,0,,0,,0,,0,,0,,0,,0,0,0,0,,0,,,0,0,,0,,0,,0,,0,,0,,,SEM_POCO_NO_CONJUNTO_AUDITADO,UNKNOWN_SEM_POCO_PARA_AVALIACAO_LOCAL,UNKNOWN_SEM_POCO_PARA_AVALIACAO_VERTICAL,UNKNOWN_SEM_POCO_PARA_AVALIACAO_HIDRAULICA,UNKNOWN_SEM_POCO_PARA_AVALIACAO_HIDROQUIMICA,UNKNOWN_SEM_POCO_PARA_AVALIACAO_TEMPORAL,UNKNOWN_INDEPENDENCIA_HIDROGEOLOGICA_NAO_DEMONSTRADA,UNKNOWN_SEM_POCO_PARA_AVALIACAO_DOCUMENTAL,INCERTEZA_EXPLICITA_NAO_AGREGADA,UNKNOWN_SEM_POCO_NO_CONJUNTO_AUDITADO,"{""espacial"":""SEM_POCO_NO_CONJUNTO_AUDITADO"",""hidraulica"":""UNKNOWN_SEM_POCO_PARA_AVALIACAO_HIDRAULICA"",""hidroestratigrafica"":""UNKNOWN_SEM_POCO_PARA_AVALIACAO_LOCAL"",""hidroquimica"":""UNKNOWN_SEM_POCO_PARA_AVALIACAO_HIDROQUIMICA"",""incerteza"":""INCERTEZA_EXPLICITA_NAO_AGREGADA"",""independencia"":""UNKNOWN_INDEPENDENCIA_HIDROGEOLOGICA_NAO_DEMONSTRADA"",""qualidade_documental"":""UNKNOWN_SEM_POCO_PARA_AVALIACAO_DOCUMENTAL"",""temporal"":""UNKNOWN_SEM_POCO_PARA_AVALIACAO_TEMPORAL"",""vertical"":""UNKNOWN_SEM_POCO_PARA_AVALIACAO_VERTICAL""}"
SCALE-1000-O00-00394,1000,O00,942.6956974757393,0,SEM_POCO_NO_CONJUNTO_AUDITADO,30.15028355649295,1,Formação Botucatu,100.0,1,Granular (Gr),100.0,False,False,0,,0,,0,,0,,0,,0,,0,,0,0,,0,,0,,0,,0,,0,,0,,0,,0,0,0,0,,0,,,0,0,,0,,0,,0,,0,,0,,,SEM_POCO_NO_CONJUNTO_AUDITADO,UNKNOWN_SEM_POCO_PARA_AVALIACAO_LOCAL,UNKNOWN_SEM_POCO_PARA_AVALIACAO_VERTICAL,UNKNOWN_SEM_POCO_PARA_AVALIACAO_HIDRAULICA,UNKNOWN_SEM_POCO_PARA_AVALIACAO_HIDROQUIMICA,UNKNOWN_SEM_POCO_PARA_AVALIACAO_TEMPORAL,UNKNOWN_INDEPENDENCIA_HIDROGEOLOGICA_NAO_DEMONSTRADA,UNKNOWN_SEM_POCO_PARA_AVALIACAO_DOCUMENTAL,INCERTEZA_EXPLICITA_NAO_AGREGADA,UNKNOWN_SEM_POCO_NO_CONJUNTO_AUDITADO,"{""espacial"":""SEM_POCO_NO_CONJUNTO_AUDITADO"",""hidraulica"":""UNKNOWN_SEM_POCO_PARA_AVALIACAO_HIDRAULICA"",""hidroestratigrafica"":""UNKNOWN_SEM_POCO_PARA_AVALIACAO_LOCAL"",""hidroquimica"":""UNKNOWN_SEM_POCO_PARA_AVALIACAO_HIDROQUIMICA"",""incerteza"":""INCERTEZA_EXPLICITA_NAO_AGREGADA"",""independencia"":""UNKNOWN_INDEPENDENCIA_HIDROGEOLOGICA_NAO_DEMONSTRADA"",""qualidade_documental"":""UNKNOWN_SEM_POCO_PARA_AVALIACAO_DOCUMENTAL"",""temporal"":""UNKNOWN_SEM_POCO_PARA_AVALIACAO_TEMPORAL"",""vertical"":""UNKNOWN_SEM_POCO_PARA_AVALIACAO_VERTICAL""}"
SCALE-1000-O00-00395,1000,O00,101.5826968096518,0,SEM_POCO_NO_CONJUNTO_AUDITADO,24.632721669624225,1,Formação Botucatu,100.0,1,Granular (Gr),100.0,False,False,0,,0,,0,,0,,0,,0,,0,,0,0,,0,,0,,0,,0,,0,,0,,0,,0,0,0,0,,0,,,0,0,,0,,0,,0,,0,,0,,,SEM_POCO_NO_CONJUNTO_AUDITADO,UNKNOWN_SEM_POCO_PARA_AVALIACAO_LOCAL,UNKNOWN_SEM_POCO_PARA_AVALIACAO_VERTICAL,UNKNOWN_SEM_POCO_PARA_AVALIACAO_HIDRAULICA,UNKNOWN_SEM_POCO_PARA_AVALIACAO_HIDROQUIMICA,UNKNOWN_SEM_POCO_PARA_AVALIACAO_TEMPORAL,UNKNOWN_INDEPENDENCIA_HIDROGEOLOGICA_NAO_DEMONSTRADA,UNKNOWN_SEM_POCO_PARA_AVALIACAO_DOCUMENTAL,INCERTEZA_EXPLICITA_NAO_AGREGADA,UNKNOWN_SEM_POCO_NO_CONJUNTO_AUDITADO,"{""espacial"":""SEM_POCO_NO_CONJUNTO_AUDITADO"",""hidraulica"":""UNKNOWN_SEM_POCO_PARA_AVALIACAO_HIDRAULICA"",""hidroestratigrafica"":""UNKNOWN_SEM_POCO_PARA_AVALIACAO_LOCAL"",""hidroquimica"":""UNKNOWN_SEM_POCO_PARA_AVALIACAO_HIDROQUIMICA"",""incerteza"":""INCERTEZA_EXPLICITA_NAO_AGREGADA"",""independencia"":""UNKNOWN_INDEPENDENCIA_HIDROGEOLOGICA_NAO_DEMONSTRADA"",""qualidade_documental"":""UNKNOWN_SEM_POCO_PARA_AVALIACAO_DOCUMENTAL"",""temporal"":""UNKNOWN_SEM_POCO_PARA_AVALIACAO_TEMPORAL"",""vertical"":""UNKNOWN_SEM_POCO_PARA_AVALIACAO_VERTICAL""}"
SCALE-1000-O00-00396,1000,O00,83.3274772083002,0,SEM_POCO_NO_CONJUNTO_AUDITADO,159.18187530783348,4,Formação Pantanal,36.83083266404942,3,Granular (Gr),64.80420038517615,False,False,0,,0,,0,,0,,0,,0,,0,,0,0,,0,,0,,0,,0,,0,,0,,0,,0,0,0,0,,0,,,0,0,,0,,0,,0,,0,,0,,,SEM_POCO_NO_CONJUNTO_AUDITADO,UNKNOWN_SEM_POCO_PARA_AVALIACAO_LOCAL,UNKNOWN_SEM_POCO_PARA_AVALIACAO_VERTICAL,UNKNOWN_SEM_POCO_PARA_AVALIACAO_HIDRAULICA,UNKNOWN_SEM_POCO_PARA_AVALIACAO_HIDROQUIMICA,UNKNOWN_SEM_POCO_PARA_AVALIACAO_TEMPORAL,UNKNOWN_INDEPENDENCIA_HIDROGEOLOGICA_NAO_DEMONSTRADA,UNKNOWN_SEM_POCO_PARA_AVALIACAO_DOCUMENTAL,INCERTEZA_EXPLICITA_NAO_AGREGADA,UNKNOWN_SEM_POCO_NO_CONJUNTO_AUDITADO,"{""espacial"":""SEM_POCO_NO_CONJUNTO_AUDITADO"",""hidraulica"":""UNKNOWN_SEM_POCO_PARA_AVALIACAO_HIDRAULICA"",""hidroestratigrafica"":""UNKNOWN_SEM_POCO_PARA_AVALIACAO_LOCAL"",""hidroquimica"":""UNKNOWN_SEM_POCO_PARA_AVALIACAO_HIDROQUIMICA"",""incerteza"":""INCERTEZA_EXPLICITA_NAO_AGREGADA"",""independencia"":""UNKNOWN_INDEPENDENCIA_HIDROGEOLOGICA_NAO_DEMONSTRADA"",""qualidade_documental"":""UNKNOWN_SEM_POCO_PARA_AVALIACAO_DOCUMENTAL"",""temporal"":""UNKNOWN_SEM_POCO_PARA_AVALIACAO_TEMPORAL"",""vertical"":""UNKNOWN_SEM_POCO_PARA_AVALIACAO_VERTICAL""}"
SCALE-1000-O00-00397,1000,O00,16.52325457445153,0,SEM_POCO_NO_CONJUNTO_AUDITADO,170.98243083723645,1,Depósitos aluvionares,100.0,1,Granular (Gr),100.0,False,False,0,,0,,0,,0,,0,,0,,0,,0,0,,0,,0,,0,,0,,0,,0,,0,,0,0,0,0,,0,,,0,0,,0,,0,,0,,0,,0,,,SEM_POCO_NO_CONJUNTO_AUDITADO,UNKNOWN_SEM_POCO_PARA_AVALIACAO_LOCAL,UNKNOWN_SEM_POCO_PARA_AVALIACAO_VERTICAL,UNKNOWN_SEM_POCO_PARA_AVALIACAO_HIDRAULICA,UNKNOWN_SEM_POCO_PARA_AVALIACAO_HIDROQUIMICA,UNKNOWN_SEM_POCO_PARA_AVALIACAO_TEMPORAL,UNKNOWN_INDEPENDENCIA_HIDROGEOLOGICA_NAO_DEMONSTRADA,UNKNOWN_SEM_POCO_PARA_AVALIACAO_DOCUMENTAL,INCERTEZA_EXPLICITA_NAO_AGREGADA,UNKNOWN_SEM_POCO_NO_CONJUNTO_AUDITADO,"{""espacial"":""SEM_POCO_NO_CONJUNTO_AUDITADO"",""hidraulica"":""UNKNOWN_SEM_POCO_PARA_AVALIACAO_HIDRAULICA"",""hidroestratigrafica"":""UNKNOWN_SEM_POCO_PARA_AVALIACAO_LOCAL"",""hidroquimica"":""UNKNOWN_SEM_POCO_PARA_AVALIACAO_HIDROQUIMICA"",""incerteza"":""INCERTEZA_EXPLICITA_NAO_AGREGADA"",""independencia"":""UNKNOWN_INDEPENDENCIA_HIDROGEOLOGICA_NAO_DEMONSTRADA"",""qualidade_documental"":""UNKNOWN_SEM_POCO_PARA_AVALIACAO_DOCUMENTAL"",""temporal"":""UNKNOWN_SEM_POCO_PARA_AVALIACAO_TEMPORAL"",""vertical"":""UNKNOWN_SEM_POCO_PARA_AVALIACAO_VERTICAL""}"
SCALE-1000-O00-00398,1000,O00,804.8873216982162,0,SEM_POCO_NO_CONJUNTO_AUDITADO,198.65771232107784,2,Depósitos aluvionares,60.45397782303155,1,Granular (Gr),100.0,False,False,0,,0,,0,,0,,0,,0,,0,,0,0,,0,,0,,0,,0,,0,,0,,0,,0,0,0,0,,0,,,0,0,,0,,0,,0,,0,,0,,,SEM_POCO_NO_CONJUNTO_AUDITADO,UNKNOWN_SEM_POCO_PARA_AVALIACAO_LOCAL,UNKNOWN_SEM_POCO_PARA_AVALIACAO_VERTICAL,UNKNOWN_SEM_POCO_PARA_AVALIACAO_HIDRAULICA,UNKNOWN_SEM_POCO_PARA_AVALIACAO_HIDROQUIMICA,UNKNOWN_SEM_POCO_PARA_AVALIACAO_TEMPORAL,UNKNOWN_INDEPENDENCIA_HIDROGEOLOGICA_NAO_DEMONSTRADA,UNKNOWN_SEM_POCO_PARA_AVALIACAO_DOCUMENTAL,INCERTEZA_EXPLICITA_NAO_AGREGADA,UNKNOWN_SEM_POCO_NO_CONJUNTO_AUDITADO,"{""espacial"":""SEM_POCO_NO_CONJUNTO_AUDITADO"",""hidraulica"":""UNKNOWN_SEM_POCO_PARA_AVALIACAO_HIDRAULICA"",""hidroestratigrafica"":""UNKNOWN_SEM_POCO_PARA_AVALIACAO_LOCAL"",""hidroquimica"":""UNKNOWN_SEM_POCO_PARA_AVALIACAO_HIDROQUIMICA"",""incerteza"":""INCERTEZA_EXPLICITA_NAO_AGREGADA"",""independencia"":""UNKNOWN_INDEPENDENCIA_HIDROGEOLOGICA_NAO_DEMONSTRADA"",""qualidade_documental"":""UNKNOWN_SEM_POCO_PARA_AVALIACAO_DOCUMENTAL"",""temporal"":""UNKNOWN_SEM_POCO_PARA_AVALIACAO_TEMPORAL"",""vertical"":""UNKNOWN_SEM_POCO_PARA_AVALIACAO_VERTICAL""}"
SCALE-1000-O00-00399,1000,O00,998.174457577224,0,SEM_POCO_NO_CONJUNTO_AUDITADO,188.42086873095823,2,Formação Pantanal,87.04736121750264,1,Granular (Gr),100.0,False,False,0,,0,,0,,0,,0,,0,,0,,0,0,,0,,0,,0,,0,,0,,0,,0,,0,0,0,0,,0,,,0,0,,0,,0,,0,,0,,0,,,SEM_POCO_NO_CONJUNTO_AUDITADO,UNKNOWN_SEM_POCO_PARA_AVALIACAO_LOCAL,UNKNOWN_SEM_POCO_PARA_AVALIACAO_VERTICAL,UNKNOWN_SEM_POCO_PARA_AVALIACAO_HIDRAULICA,UNKNOWN_SEM_POCO_PARA_AVALIACAO_HIDROQUIMICA,UNKNOWN_SEM_POCO_PARA_AVALIACAO_TEMPORAL,UNKNOWN_INDEPENDENCIA_HIDROGEOLOGICA_NAO_DEMONSTRADA,UNKNOWN_SEM_POCO_PARA_AVALIACAO_DOCUMENTAL,INCERTEZA_EXPLICITA_NAO_AGREGADA,UNKNOWN_SEM_POCO_NO_CONJUNTO_AUDITADO,"{""espacial"":""SEM_POCO_NO_CONJUNTO_AUDITADO"",""hidraulica"":""UNKNOWN_SEM_POCO_PARA_AVALIACAO_HIDRAULICA"",""hidroestratigrafica"":""UNKNOWN_SEM_POCO_PARA_AVALIACAO_LOCAL"",""hidroquimica"":""UNKNOWN_SEM_POCO_PARA_AVALIACAO_HIDROQUIMICA"",""incerteza"":""INCERTEZA_EXPLICITA_NAO_AGREGADA"",""independencia"":""UNKNOWN_INDEPENDENCIA_HIDROGEOLOGICA_NAO_DEMONSTRADA"",""qualidade_documental"":""UNKNOWN_SEM_POCO_PARA_AVALIACAO_DOCUMENTAL"",""temporal"":""UNKNOWN_SEM_POCO_PARA_AVALIACAO_TEMPORAL"",""vertical"":""UNKNOWN_SEM_POCO_PARA_AVALIACAO_VERTICAL""}"
SCALE-1000-O00-00400,1000,O00,1000.0000000000462,0,SEM_POCO_NO_CONJUNTO_AUDITADO,154.9139829116685,1,Formação Pantanal,100.0,1,Granular (Gr),100.0,False,False,0,,0,,0,,0,,0,,0,,0,,0,0,,0,,0,,0,,0,,0,,0,,0,,0,0,0,0,,0,,,0,0,,0,,0,,0,,0,,0,,,SEM_POCO_NO_CONJUNTO_AUDITADO,UNKNOWN_SEM_POCO_PARA_AVALIACAO_LOCAL,UNKNOWN_SEM_POCO_PARA_AVALIACAO_VERTICAL,UNKNOWN_SEM_POCO_PARA_AVALIACAO_HIDRAULICA,UNKNOWN_SEM_POCO_PARA_AVALIACAO_HIDROQUIMICA,UNKNOWN_SEM_POCO_PARA_AVALIACAO_TEMPORAL,UNKNOWN_INDEPENDENCIA_HIDROGEOLOGICA_NAO_DEMONSTRADA,UNKNOWN_SEM_POCO_PARA_AVALIACAO_DOCUMENTAL,INCERTEZA_EXPLICITA_NAO_AGREGADA,UNKNOWN_SEM_POCO_NO_CONJUNTO_AUDITADO,"{""espacial"":""SEM_POCO_NO_CONJUNTO_AUDITADO"",""hidraulica"":""UNKNOWN_SEM_POCO_PARA_AVALIACAO_HIDRAULICA"",""hidroestratigrafica"":""UNKNOWN_SEM_POCO_PARA_AVALIACAO_LOCAL"",""hidroquimica"":""UNKNOWN_SEM_POCO_PARA_AVALIACAO_HIDROQUIMICA"",""incerteza"":""INCERTEZA_EXPLICITA_NAO_AGREGADA"",""independencia"":""UNKNOWN_INDEPENDENCIA_HIDROGEOLOGICA_NAO_DEMONSTRADA"",""qualidade_documental"":""UNKNOWN_SEM_POCO_PARA_AVALIACAO_DOCUMENTAL"",""temporal"":""UNKNOWN_SEM_POCO_PARA_AVALIACAO_TEMPORAL"",""vertical"":""UNKNOWN_SEM_POCO_PARA_AVALIACAO_VERTICAL""}"
SCALE-1000-O00-00401,1000,O00,1000.0000000000462,0,SEM_POCO_NO_CONJUNTO_AUDITADO,119.78252786975871,2,Formação Pantanal,99.57204683347398,1,Granular (Gr),100.0,False,False,0,,0,,0,,0,,0,,0,,0,,0,0,,0,,0,,0,,0,,0,,0,,0,,0,0,0,0,,0,,,0,0,,0,,0,,0,,0,,0,,,SEM_POCO_NO_CONJUNTO_AUDITADO,UNKNOWN_SEM_POCO_PARA_AVALIACAO_LOCAL,UNKNOWN_SEM_POCO_PARA_AVALIACAO_VERTICAL,UNKNOWN_SEM_POCO_PARA_AVALIACAO_HIDRAULICA,UNKNOWN_SEM_POCO_PARA_AVALIACAO_HIDROQUIMICA,UNKNOWN_SEM_POCO_PARA_AVALIACAO_TEMPORAL,UNKNOWN_INDEPENDENCIA_HIDROGEOLOGICA_NAO_DEMONSTRADA,UNKNOWN_SEM_POCO_PARA_AVALIACAO_DOCUMENTAL,INCERTEZA_EXPLICITA_NAO_AGREGADA,UNKNOWN_SEM_POCO_NO_CONJUNTO_AUDITADO,"{""espacial"":""SEM_POCO_NO_CONJUNTO_AUDITADO"",""hidraulica"":""UNKNOWN_SEM_POCO_PARA_AVALIACAO_HIDRAULICA"",""hidroestratigrafica"":""UNKNOWN_SEM_POCO_PARA_AVALIACAO_LOCAL"",""hidroquimica"":""UNKNOWN_SEM_POCO_PARA_AVALIACAO_HIDROQUIMICA"",""incerteza"":""INCERTEZA_EXPLICITA_NAO_AGREGADA"",""independencia"":""UNKNOWN_INDEPENDENCIA_HIDROGEOLOGICA_NAO_DEMONSTRADA"",""qualidade_documental"":""UNKNOWN_SEM_POCO_PARA_AVALIACAO_DOCUMENTAL"",""temporal"":""UNKNOWN_SEM_POCO_PARA_AVALIACAO_TEMPORAL"",""vertical"":""UNKNOWN_SEM_POCO_PARA_AVALIACAO_VERTICAL""}"
SCALE-1000-O00-00402,1000,O00,599.8038329025906,0,SEM_POCO_NO_CONJUNTO_AUDITADO,88.67924925413041,2,Formação Pantanal,87.80027632115826,1,Granular (Gr),100.0,False,False,0,,0,,0,,0,,0,,0,,0,,0,0,,0,,0,,0,,0,,0,,0,,0,,0,0,0,0,,0,,,0,0,,0,,0,,0,,0,,0,,,SEM_POCO_NO_CONJUNTO_AUDITADO,UNKNOWN_SEM_POCO_PARA_AVALIACAO_LOCAL,UNKNOWN_SEM_POCO_PARA_AVALIACAO_VERTICAL,UNKNOWN_SEM_POCO_PARA_AVALIACAO_HIDRAULICA,UNKNOWN_SEM_POCO_PARA_AVALIACAO_HIDROQUIMICA,UNKNOWN_SEM_POCO_PARA_AVALIACAO_TEMPORAL,UNKNOWN_INDEPENDENCIA_HIDROGEOLOGICA_NAO_DEMONSTRADA,UNKNOWN_SEM_POCO_PARA_AVALIACAO_DOCUMENTAL,INCERTEZA_EXPLICITA_NAO_AGREGADA,UNKNOWN_SEM_POCO_NO_CONJUNTO_AUDITADO,"{""espacial"":""SEM_POCO_NO_CONJUNTO_AUDITADO"",""hidraulica"":""UNKNOWN_SEM_POCO_PARA_AVALIACAO_HIDRAULICA"",""hidroestratigrafica"":""UNKNOWN_SEM_POCO_PARA_AVALIACAO_LOCAL"",""hidroquimica"":""UNKNOWN_SEM_POCO_PARA_AVALIACAO_HIDROQUIMICA"",""incerteza"":""INCERTEZA_EXPLICITA_NAO_AGREGADA"",""independencia"":""UNKNOWN_INDEPENDENCIA_HIDROGEOLOGICA_NAO_DEMONSTRADA"",""qualidade_documental"":""UNKNOWN_SEM_POCO_PARA_AVALIACAO_DOCUMENTAL"",""temporal"":""UNKNOWN_SEM_POCO_PARA_AVALIACAO_TEMPORAL"",""vertical"":""UNKNOWN_SEM_POCO_PARA_AVALIACAO_VERTICAL""}"
SCALE-1000-O00-00403,1000,O00,115.64480514760007,0,SEM_POCO_NO_CONJUNTO_AUDITADO,53.470524940190714,2,Formação Pantanal,56.71086159941372,1,Granular (Gr),100.0,False,False,0,,0,,0,,0,,0,,0,,0,,0,0,,0,,0,,0,,0,,0,,0,,0,,0,0,0,0,,0,,,0,0,,0,,0,,0,,0,,0,,,SEM_POCO_NO_CONJUNTO_AUDITADO,UNKNOWN_SEM_POCO_PARA_AVALIACAO_LOCAL,UNKNOWN_SEM_POCO_PARA_AVALIACAO_VERTICAL,UNKNOWN_SEM_POCO_PARA_AVALIACAO_HIDRAULICA,UNKNOWN_SEM_POCO_PARA_AVALIACAO_HIDROQUIMICA,UNKNOWN_SEM_POCO_PARA_AVALIACAO_TEMPORAL,UNKNOWN_INDEPENDENCIA_HIDROGEOLOGICA_NAO_DEMONSTRADA,UNKNOWN_SEM_POCO_PARA_AVALIACAO_DOCUMENTAL,INCERTEZA_EXPLICITA_NAO_AGREGADA,UNKNOWN_SEM_POCO_NO_CONJUNTO_AUDITADO,"{""espacial"":""SEM_POCO_NO_CONJUNTO_AUDITADO"",""hidraulica"":""UNKNOWN_SEM_POCO_PARA_AVALIACAO_HIDRAULICA"",""hidroestratigrafica"":""UNKNOWN_SEM_POCO_PARA_AVALIACAO_LOCAL"",""hidroquimica"":""UNKNOWN_SEM_POCO_PARA_AVALIACAO_HIDROQUIMICA"",""incerteza"":""INCERTEZA_EXPLICITA_NAO_AGREGADA"",""independencia"":""UNKNOWN_INDEPENDENCIA_HIDROGEOLOGICA_NAO_DEMONSTRADA"",""qualidade_documental"":""UNKNOWN_SEM_POCO_PARA_AVALIACAO_DOCUMENTAL"",""temporal"":""UNKNOWN_SEM_POCO_PARA_AVALIACAO_TEMPORAL"",""vertical"":""UNKNOWN_SEM_POCO_PARA_AVALIACAO_VERTICAL""}"
SCALE-1000-O00-00404,1000,O00,211.99213697844036,16,COM_POCO_NO_CONJUNTO_AUDITADO,9.155970289251936,5,Formação Furnas,55.7734123507906,1,Granular (Gr),100.0,False,False,0,0.0,0,0.0,0,0.0,0,0.0,16,100.0,12,75.0,0,0.0,0,16,100.0,16,100.0,16,100.0,7,43.75,7,43.75,0,0.0,4,25.0,0,0.0,2,2,1,12,75.0,0,0.0,25.489914235063004,0,0,0.0,0,0.0,11,68.75,12,75.0,12,75.0,0,0.0,4.0,SEM_ALERTA_OBJETIVO_DE_LOCALIZACAO,DOCUMENTACAO_HIDROESTRATIGRAFICA_SEM_ALERTA_OBJETIVO,PARCIAL_SEM_INTERVALO_CAPTADO_DEMONSTRADO,ENSAIO_COM_METADADOS_MINIMOS_PRESENTE,EVIDENCIA_HIDROQUIMICA_PARCIAL_PRESENTE_SEM_QA_COMPLETO,EVIDENCIA_DATADA_PRESENTE_SEM_SERIE,UNKNOWN_INDEPENDENCIA_HIDROGEOLOGICA_NAO_DEMONSTRADA,ALERTAS_DE_REVISAO_PRESENTES,INCERTEZA_EXPLICITA_NAO_AGREGADA,UNKNOWN_INDEPENDENCIA_HIDROGEOLOGICA|UNKNOWN_INTERVALO_CAPTADO|UNKNOWN_QA_HIDROQUIMICO_COMPLETO|UNKNOWN_SERIE_TEMPORAL,"{""espacial"":""SEM_ALERTA_OBJETIVO_DE_LOCALIZACAO"",""hidraulica"":""ENSAIO_COM_METADADOS_MINIMOS_PRESENTE"",""hidroestratigrafica"":""DOCUMENTACAO_HIDROESTRATIGRAFICA_SEM_ALERTA_OBJETIVO"",""hidroquimica"":""EVIDENCIA_HIDROQUIMICA_PARCIAL_PRESENTE_SEM_QA_COMPLETO"",""incerteza"":""INCERTEZA_EXPLICITA_NAO_AGREGADA"",""independencia"":""UNKNOWN_INDEPENDENCIA_HIDROGEOLOGICA_NAO_DEMONSTRADA"",""qualidade_documental"":""ALERTAS_DE_REVISAO_PRESENTES"",""temporal"":""EVIDENCIA_DATADA_PRESENTE_SEM_SERIE"",""vertical"":""PARCIAL_SEM_INTERVALO_CAPTADO_DEMONSTRADO""}"
SCALE-1000-O00-00405,1000,O00,495.00321967040713,0,SEM_POCO_NO_CONJUNTO_AUDITADO,31.490780608485455,3,Grupo Bauru,69.14917071414665,1,Granular (Gr),100.0,False,False,0,,0,,0,,0,,0,,0,,0,,0,0,,0,,0,,0,,0,,0,,0,,0,,0,0,0,0,,0,,,0,0,,0,,0,,0,,0,,0,,,SEM_POCO_NO_CONJUNTO_AUDITADO,UNKNOWN_SEM_POCO_PARA_AVALIACAO_LOCAL,UNKNOWN_SEM_POCO_PARA_AVALIACAO_VERTICAL,UNKNOWN_SEM_POCO_PARA_AVALIACAO_HIDRAULICA,UNKNOWN_SEM_POCO_PARA_AVALIACAO_HIDROQUIMICA,UNKNOWN_SEM_POCO_PARA_AVALIACAO_TEMPORAL,UNKNOWN_INDEPENDENCIA_HIDROGEOLOGICA_NAO_DEMONSTRADA,UNKNOWN_SEM_POCO_PARA_AVALIACAO_DOCUMENTAL,INCERTEZA_EXPLICITA_NAO_AGREGADA,UNKNOWN_SEM_POCO_NO_CONJUNTO_AUDITADO,"{""espacial"":""SEM_POCO_NO_CONJUNTO_AUDITADO"",""hidraulica"":""UNKNOWN_SEM_POCO_PARA_AVALIACAO_HIDRAULICA"",""hidroestratigrafica"":""UNKNOWN_SEM_POCO_PARA_AVALIACAO_LOCAL"",""hidroquimica"":""UNKNOWN_SEM_POCO_PARA_AVALIACAO_HIDROQUIMICA"",""incerteza"":""INCERTEZA_EXPLICITA_NAO_AGREGADA"",""independencia"":""UNKNOWN_INDEPENDENCIA_HIDROGEOLOGICA_NAO_DEMONSTRADA"",""qualidade_documental"":""UNKNOWN_SEM_POCO_PARA_AVALIACAO_DOCUMENTAL"",""temporal"":""UNKNOWN_SEM_POCO_PARA_AVALIACAO_TEMPORAL"",""vertical"":""UNKNOWN_SEM_POCO_PARA_AVALIACAO_VERTICAL""}"
SCALE-1000-O00-00406,1000,O00,103.48288418681726,0,SEM_POCO_NO_CONJUNTO_AUDITADO,29.428682710946912,2,Formação Botucatu,90.95613418843446,1,Granular (Gr),100.0,False,False,0,,0,,0,,0,,0,,0,,0,,0,0,,0,,0,,0,,0,,0,,0,,0,,0,0,0,0,,0,,,0,0,,0,,0,,0,,0,,0,,,SEM_POCO_NO_CONJUNTO_AUDITADO,UNKNOWN_SEM_POCO_PARA_AVALIACAO_LOCAL,UNKNOWN_SEM_POCO_PARA_AVALIACAO_VERTICAL,UNKNOWN_SEM_POCO_PARA_AVALIACAO_HIDRAULICA,UNKNOWN_SEM_POCO_PARA_AVALIACAO_HIDROQUIMICA,UNKNOWN_SEM_POCO_PARA_AVALIACAO_TEMPORAL,UNKNOWN_INDEPENDENCIA_HIDROGEOLOGICA_NAO_DEMONSTRADA,UNKNOWN_SEM_POCO_PARA_AVALIACAO_DOCUMENTAL,INCERTEZA_EXPLICITA_NAO_AGREGADA,UNKNOWN_SEM_POCO_NO_CONJUNTO_AUDITADO,"{""espacial"":""SEM_POCO_NO_CONJUNTO_AUDITADO"",""hidraulica"":""UNKNOWN_SEM_POCO_PARA_AVALIACAO_HIDRAULICA"",""hidroestratigrafica"":""UNKNOWN_SEM_POCO_PARA_AVALIACAO_LOCAL"",""hidroquimica"":""UNKNOWN_SEM_POCO_PARA_AVALIACAO_HIDROQUIMICA"",""incerteza"":""INCERTEZA_EXPLICITA_NAO_AGREGADA"",""independencia"":""UNKNOWN_INDEPENDENCIA_HIDROGEOLOGICA_NAO_DEMONSTRADA"",""qualidade_documental"":""UNKNOWN_SEM_POCO_PARA_AVALIACAO_DOCUMENTAL"",""temporal"":""UNKNOWN_SEM_POCO_PARA_AVALIACAO_TEMPORAL"",""vertical"":""UNKNOWN_SEM_POCO_PARA_AVALIACAO_VERTICAL""}"
SCALE-1000-O00-00407,1000,O00,843.5192861160439,1,COM_POCO_NO_CONJUNTO_AUDITADO,26.660375995336413,2,Formação Botucatu,91.2664812961231,1,Granular (Gr),100.00000000000001,False,False,0,0.0,0,0.0,0,0.0,0,0.0,1,100.0,0,0.0,0,0.0,0,1,100.0,1,100.0,1,100.0,0,0.0,0,0.0,0,0.0,1,100.0,0,0.0,0,0,0,0,0.0,0,0.0,,0,0,0.0,0,0.0,0,0.0,0,0.0,0,0.0,0,0.0,3.0,SEM_ALERTA_OBJETIVO_DE_LOCALIZACAO,DOCUMENTACAO_HIDROESTRATIGRAFICA_SEM_ALERTA_OBJETIVO,PARCIAL_SEM_INTERVALO_CAPTADO_DEMONSTRADO,EVIDENCIA_HIDRAULICA_PARCIAL_PRESENTE,EVIDENCIA_HIDROQUIMICA_PARCIAL_PRESENTE_SEM_QA_COMPLETO,UNKNOWN_SEM_EVIDENCIA_DATADA_E_SEM_SERIE,UNKNOWN_INDEPENDENCIA_HIDROGEOLOGICA_NAO_DEMONSTRADA,SEM_ALERTA_OBJETIVO_NAS_REGRAS_ATUAIS,INCERTEZA_EXPLICITA_NAO_AGREGADA,UNKNOWN_EVIDENCIA_DATADA|UNKNOWN_INDEPENDENCIA_HIDROGEOLOGICA|UNKNOWN_INTERVALO_CAPTADO|UNKNOWN_QA_HIDROQUIMICO_COMPLETO|UNKNOWN_SERIE_TEMPORAL,"{""espacial"":""SEM_ALERTA_OBJETIVO_DE_LOCALIZACAO"",""hidraulica"":""EVIDENCIA_HIDRAULICA_PARCIAL_PRESENTE"",""hidroestratigrafica"":""DOCUMENTACAO_HIDROESTRATIGRAFICA_SEM_ALERTA_OBJETIVO"",""hidroquimica"":""EVIDENCIA_HIDROQUIMICA_PARCIAL_PRESENTE_SEM_QA_COMPLETO"",""incerteza"":""INCERTEZA_EXPLICITA_NAO_AGREGADA"",""independencia"":""UNKNOWN_INDEPENDENCIA_HIDROGEOLOGICA_NAO_DEMONSTRADA"",""qualidade_documental"":""SEM_ALERTA_OBJETIVO_NAS_REGRAS_ATUAIS"",""temporal"":""UNKNOWN_SEM_EVIDENCIA_DATADA_E_SEM_SERIE"",""vertical"":""PARCIAL_SEM_INTERVALO_CAPTADO_DEMONSTRADO""}"
SCALE-1000-O00-00408,1000,O00,71.36750968748713,0,SEM_POCO_NO_CONJUNTO_AUDITADO,34.59580972782458,1,Formação Botucatu,100.0,1,Granular (Gr),100.0,False,False,0,,0,,0,,0,,0,,0,,0,,0,0,,0,,0,,0,,0,,0,,0,,0,,0,0,0,0,,0,,,0,0,,0,,0,,0,,0,,0,,,SEM_POCO_NO_CONJUNTO_AUDITADO,UNKNOWN_SEM_POCO_PARA_AVALIACAO_LOCAL,UNKNOWN_SEM_POCO_PARA_AVALIACAO_VERTICAL,UNKNOWN_SEM_POCO_PARA_AVALIACAO_HIDRAULICA,UNKNOWN_SEM_POCO_PARA_AVALIACAO_HIDROQUIMICA,UNKNOWN_SEM_POCO_PARA_AVALIACAO_TEMPORAL,UNKNOWN_INDEPENDENCIA_HIDROGEOLOGICA_NAO_DEMONSTRADA,UNKNOWN_SEM_POCO_PARA_AVALIACAO_DOCUMENTAL,INCERTEZA_EXPLICITA_NAO_AGREGADA,UNKNOWN_SEM_POCO_NO_CONJUNTO_AUDITADO,"{""espacial"":""SEM_POCO_NO_CONJUNTO_AUDITADO"",""hidraulica"":""UNKNOWN_SEM_POCO_PARA_AVALIACAO_HIDRAULICA"",""hidroestratigrafica"":""UNKNOWN_SEM_POCO_PARA_AVALIACAO_LOCAL"",""hidroquimica"":""UNKNOWN_SEM_POCO_PARA_AVALIACAO_HIDROQUIMICA"",""incerteza"":""INCERTEZA_EXPLICITA_NAO_AGREGADA"",""independencia"":""UNKNOWN_INDEPENDENCIA_HIDROGEOLOGICA_NAO_DEMONSTRADA"",""qualidade_documental"":""UNKNOWN_SEM_POCO_PARA_AVALIACAO_DOCUMENTAL"",""temporal"":""UNKNOWN_SEM_POCO_PARA_AVALIACAO_TEMPORAL"",""vertical"":""UNKNOWN_SEM_POCO_PARA_AVALIACAO_VERTICAL""}"
SCALE-1000-O00-00409,1000,O00,154.36297193990737,0,SEM_POCO_NO_CONJUNTO_AUDITADO,197.31516403562102,1,Depósitos aluvionares,100.0,1,Granular (Gr),100.0,False,False,0,,0,,0,,0,,0,,0,,0,,0,0,,0,,0,,0,,0,,0,,0,,0,,0,0,0,0,,0,,,0,0,,0,,0,,0,,0,,0,,,SEM_POCO_NO_CONJUNTO_AUDITADO,UNKNOWN_SEM_POCO_PARA_AVALIACAO_LOCAL,UNKNOWN_SEM_POCO_PARA_AVALIACAO_VERTICAL,UNKNOWN_SEM_POCO_PARA_AVALIACAO_HIDRAULICA,UNKNOWN_SEM_POCO_PARA_AVALIACAO_HIDROQUIMICA,UNKNOWN_SEM_POCO_PARA_AVALIACAO_TEMPORAL,UNKNOWN_INDEPENDENCIA_HIDROGEOLOGICA_NAO_DEMONSTRADA,UNKNOWN_SEM_POCO_PARA_AVALIACAO_DOCUMENTAL,INCERTEZA_EXPLICITA_NAO_AGREGADA,UNKNOWN_SEM_POCO_NO_CONJUNTO_AUDITADO,"{""espacial"":""SEM_POCO_NO_CONJUNTO_AUDITADO"",""hidraulica"":""UNKNOWN_SEM_POCO_PARA_AVALIACAO_HIDRAULICA"",""hidroestratigrafica"":""UNKNOWN_SEM_POCO_PARA_AVALIACAO_LOCAL"",""hidroquimica"":""UNKNOWN_SEM_POCO_PARA_AVALIACAO_HIDROQUIMICA"",""incerteza"":""INCERTEZA_EXPLICITA_NAO_AGREGADA"",""independencia"":""UNKNOWN_INDEPENDENCIA_HIDROGEOLOGICA_NAO_DEMONSTRADA"",""qualidade_documental"":""UNKNOWN_SEM_POCO_PARA_AVALIACAO_DOCUMENTAL"",""temporal"":""UNKNOWN_SEM_POCO_PARA_AVALIACAO_TEMPORAL"",""vertical"":""UNKNOWN_SEM_POCO_PARA_AVALIACAO_VERTICAL""}"
SCALE-1000-O00-00410,1000,O00,426.1183222052558,0,SEM_POCO_NO_CONJUNTO_AUDITADO,167.85234735016869,2,Formação Pantanal,74.70552730539472,1,Granular (Gr),100.0,False,False,0,,0,,0,,0,,0,,0,,0,,0,0,,0,,0,,0,,0,,0,,0,,0,,0,0,0,0,,0,,,0,0,,0,,0,,0,,0,,0,,,SEM_POCO_NO_CONJUNTO_AUDITADO,UNKNOWN_SEM_POCO_PARA_AVALIACAO_LOCAL,UNKNOWN_SEM_POCO_PARA_AVALIACAO_VERTICAL,UNKNOWN_SEM_POCO_PARA_AVALIACAO_HIDRAULICA,UNKNOWN_SEM_POCO_PARA_AVALIACAO_HIDROQUIMICA,UNKNOWN_SEM_POCO_PARA_AVALIACAO_TEMPORAL,UNKNOWN_INDEPENDENCIA_HIDROGEOLOGICA_NAO_DEMONSTRADA,UNKNOWN_SEM_POCO_PARA_AVALIACAO_DOCUMENTAL,INCERTEZA_EXPLICITA_NAO_AGREGADA,UNKNOWN_SEM_POCO_NO_CONJUNTO_AUDITADO,"{""espacial"":""SEM_POCO_NO_CONJUNTO_AUDITADO"",""hidraulica"":""UNKNOWN_SEM_POCO_PARA_AVALIACAO_HIDRAULICA"",""hidroestratigrafica"":""UNKNOWN_SEM_POCO_PARA_AVALIACAO_LOCAL"",""hidroquimica"":""UNKNOWN_SEM_POCO_PARA_AVALIACAO_HIDROQUIMICA"",""incerteza"":""INCERTEZA_EXPLICITA_NAO_AGREGADA"",""independencia"":""UNKNOWN_INDEPENDENCIA_HIDROGEOLOGICA_NAO_DEMONSTRADA"",""qualidade_documental"":""UNKNOWN_SEM_POCO_PARA_AVALIACAO_DOCUMENTAL"",""temporal"":""UNKNOWN_SEM_POCO_PARA_AVALIACAO_TEMPORAL"",""vertical"":""UNKNOWN_SEM_POCO_PARA_AVALIACAO_VERTICAL""}"
SCALE-1000-O00-00411,1000,O00,479.93112337619107,0,SEM_POCO_NO_CONJUNTO_AUDITADO,142.7944247661853,2,Formação Pantanal,83.08784377058885,1,Granular (Gr),100.0,False,False,0,,0,,0,,0,,0,,0,,0,,0,0,,0,,0,,0,,0,,0,,0,,0,,0,0,0,0,,0,,,0,0,,0,,0,,0,,0,,0,,,SEM_POCO_NO_CONJUNTO_AUDITADO,UNKNOWN_SEM_POCO_PARA_AVALIACAO_LOCAL,UNKNOWN_SEM_POCO_PARA_AVALIACAO_VERTICAL,UNKNOWN_SEM_POCO_PARA_AVALIACAO_HIDRAULICA,UNKNOWN_SEM_POCO_PARA_AVALIACAO_HIDROQUIMICA,UNKNOWN_SEM_POCO_PARA_AVALIACAO_TEMPORAL,UNKNOWN_INDEPENDENCIA_HIDROGEOLOGICA_NAO_DEMONSTRADA,UNKNOWN_SEM_POCO_PARA_AVALIACAO_DOCUMENTAL,INCERTEZA_EXPLICITA_NAO_AGREGADA,UNKNOWN_SEM_POCO_NO_CONJUNTO_AUDITADO,"{""espacial"":""SEM_POCO_NO_CONJUNTO_AUDITADO"",""hidraulica"":""UNKNOWN_SEM_POCO_PARA_AVALIACAO_HIDRAULICA"",""hidroestratigrafica"":""UNKNOWN_SEM_POCO_PARA_AVALIACAO_LOCAL"",""hidroquimica"":""UNKNOWN_SEM_POCO_PARA_AVALIACAO_HIDROQUIMICA"",""incerteza"":""INCERTEZA_EXPLICITA_NAO_AGREGADA"",""independencia"":""UNKNOWN_INDEPENDENCIA_HIDROGEOLOGICA_NAO_DEMONSTRADA"",""qualidade_documental"":""UNKNOWN_SEM_POCO_PARA_AVALIACAO_DOCUMENTAL"",""temporal"":""UNKNOWN_SEM_POCO_PARA_AVALIACAO_TEMPORAL"",""vertical"":""UNKNOWN_SEM_POCO_PARA_AVALIACAO_VERTICAL""}"
SCALE-1000-O00-00412,1000,O00,82.03117922179248,0,SEM_POCO_NO_CONJUNTO_AUDITADO,105.08832696426545,2,Depósitos aluvionares,58.26589939956122,1,Granular (Gr),100.00000000000001,False,False,0,,0,,0,,0,,0,,0,,0,,0,0,,0,,0,,0,,0,,0,,0,,0,,0,0,0,0,,0,,,0,0,,0,,0,,0,,0,,0,,,SEM_POCO_NO_CONJUNTO_AUDITADO,UNKNOWN_SEM_POCO_PARA_AVALIACAO_LOCAL,UNKNOWN_SEM_POCO_PARA_AVALIACAO_VERTICAL,UNKNOWN_SEM_POCO_PARA_AVALIACAO_HIDRAULICA,UNKNOWN_SEM_POCO_PARA_AVALIACAO_HIDROQUIMICA,UNKNOWN_SEM_POCO_PARA_AVALIACAO_TEMPORAL,UNKNOWN_INDEPENDENCIA_HIDROGEOLOGICA_NAO_DEMONSTRADA,UNKNOWN_SEM_POCO_PARA_AVALIACAO_DOCUMENTAL,INCERTEZA_EXPLICITA_NAO_AGREGADA,UNKNOWN_SEM_POCO_NO_CONJUNTO_AUDITADO,"{""espacial"":""SEM_POCO_NO_CONJUNTO_AUDITADO"",""hidraulica"":""UNKNOWN_SEM_POCO_PARA_AVALIACAO_HIDRAULICA"",""hidroestratigrafica"":""UNKNOWN_SEM_POCO_PARA_AVALIACAO_LOCAL"",""hidroquimica"":""UNKNOWN_SEM_POCO_PARA_AVALIACAO_HIDROQUIMICA"",""incerteza"":""INCERTEZA_EXPLICITA_NAO_AGREGADA"",""independencia"":""UNKNOWN_INDEPENDENCIA_HIDROGEOLOGICA_NAO_DEMONSTRADA"",""qualidade_documental"":""UNKNOWN_SEM_POCO_PARA_AVALIACAO_DOCUMENTAL"",""temporal"":""UNKNOWN_SEM_POCO_PARA_AVALIACAO_TEMPORAL"",""vertical"":""UNKNOWN_SEM_POCO_PARA_AVALIACAO_VERTICAL""}"
SCALE-1000-O00-00413,1000,O00,237.56765353674453,0,SEM_POCO_NO_CONJUNTO_AUDITADO,45.91363741129274,2,Formação Botucatu,97.02778862949707,1,Granular (Gr),100.0,False,False,0,,0,,0,,0,,0,,0,,0,,0,0,,0,,0,,0,,0,,0,,0,,0,,0,0,0,0,,0,,,0,0,,0,,0,,0,,0,,0,,,SEM_POCO_NO_CONJUNTO_AUDITADO,UNKNOWN_SEM_POCO_PARA_AVALIACAO_LOCAL,UNKNOWN_SEM_POCO_PARA_AVALIACAO_VERTICAL,UNKNOWN_SEM_POCO_PARA_AVALIACAO_HIDRAULICA,UNKNOWN_SEM_POCO_PARA_AVALIACAO_HIDROQUIMICA,UNKNOWN_SEM_POCO_PARA_AVALIACAO_TEMPORAL,UNKNOWN_INDEPENDENCIA_HIDROGEOLOGICA_NAO_DEMONSTRADA,UNKNOWN_SEM_POCO_PARA_AVALIACAO_DOCUMENTAL,INCERTEZA_EXPLICITA_NAO_AGREGADA,UNKNOWN_SEM_POCO_NO_CONJUNTO_AUDITADO,"{""espacial"":""SEM_POCO_NO_CONJUNTO_AUDITADO"",""hidraulica"":""UNKNOWN_SEM_POCO_PARA_AVALIACAO_HIDRAULICA"",""hidroestratigrafica"":""UNKNOWN_SEM_POCO_PARA_AVALIACAO_LOCAL"",""hidroquimica"":""UNKNOWN_SEM_POCO_PARA_AVALIACAO_HIDROQUIMICA"",""incerteza"":""INCERTEZA_EXPLICITA_NAO_AGREGADA"",""independencia"":""UNKNOWN_INDEPENDENCIA_HIDROGEOLOGICA_NAO_DEMONSTRADA"",""qualidade_documental"":""UNKNOWN_SEM_POCO_PARA_AVALIACAO_DOCUMENTAL"",""temporal"":""UNKNOWN_SEM_POCO_PARA_AVALIACAO_TEMPORAL"",""vertical"":""UNKNOWN_SEM_POCO_PARA_AVALIACAO_VERTICAL""}"
