pih_cell_id,scale_km2,area_effective_km2,n_E01,metric_crs,classification_status,nn_global_median_km,nn_global_p90_km,mean_center_offset_km,mean_center_offset_norm_eqradius,nn_within_median_km,nn_within_p90_km,convex_hull_area_ratio,support_units_2p5km_n,support_area_2p5km_pct,redundancy_proxy_2p5km,entropy_norm_2p5km,dominance_2p5km_pct,support_units_5km_n,support_area_5km_pct,redundancy_proxy_5km,entropy_norm_5km,dominance_5km_pct,support_units_10km_n,support_area_10km_pct,redundancy_proxy_10km,entropy_norm_10km,dominance_10km_pct,gap_support_points_n,gap_support_fallback,gap_E01_median_km,gap_E01_p90_km,gap_E01_max_km,gap_E02_median_km,gap_E02_p90_km,gap_E02_max_km,gap_E03_median_km,gap_E03_p90_km,gap_E03_max_km,gap_E04_median_km,gap_E04_p90_km,gap_E04_max_km,gap_E05_median_km,gap_E05_p90_km,gap_E05_max_km,gap_E06_median_km,gap_E06_p90_km,gap_E06_max_km,gap_E07_median_km,gap_E07_p90_km,gap_E07_max_km,gap_E08_median_km,gap_E08_p90_km,gap_E08_max_km,gap_E09_median_km,gap_E09_p90_km,gap_E09_max_km,gap_E10_median_km,gap_E10_p90_km,gap_E10_max_km,gap_E11_median_km,gap_E11_p90_km,gap_E11_max_km,gap_E12_median_km,gap_E12_p90_km,gap_E12_max_km,n_E02,n_E03,n_E04,n_E05,n_E06,n_E07,n_E08,n_E09,n_E10,n_E11,n_E12,state_E01,pct_E02_of_E01,state_E02,pct_E03_of_E01,state_E03,pct_E04_of_E01,state_E04,pct_E05_of_E01,state_E05,pct_E06_of_E01,state_E06,pct_E07_of_E01,state_E07,pct_E08_of_E01,state_E08,pct_E09_of_E01,state_E09,pct_E10_of_E01,state_E10,pct_E11_of_E01,state_E11,pct_E12_of_E01,state_E12
PIH-500-0001,500,1.3767911461973263,0,EPSG:5880,DESCRIPTIVE_NO_PIH_SCORE,,,,,,,,0,0.0,,,,0,0.0,,,,0,0.0,,,,1,NONE,4.189654751836326,4.189654751836326,4.189654751836326,4.189654751836326,4.189654751836326,4.189654751836326,4.189654751836326,4.189654751836326,4.189654751836326,4.189654751836326,4.189654751836326,4.189654751836326,4.189654751836326,4.189654751836326,4.189654751836326,4.189654751836326,4.189654751836326,4.189654751836326,8.434365639881156,8.434365639881156,8.434365639881156,8.434365639881156,8.434365639881156,8.434365639881156,101.32002217254279,101.32002217254279,101.32002217254279,4.189654751836326,4.189654751836326,4.189654751836326,8.434365639881156,8.434365639881156,8.434365639881156,4.189654751836326,4.189654751836326,4.189654751836326,0,0,0,0,0,0,0,0,0,0,0,UNKNOWN_NO_WELLS_IN_DATASET,,UNKNOWN_NO_WELLS_IN_DATASET,,UNKNOWN_NO_WELLS_IN_DATASET,,UNKNOWN_NO_WELLS_IN_DATASET,,UNKNOWN_NO_WELLS_IN_DATASET,,UNKNOWN_NO_WELLS_IN_DATASET,,UNKNOWN_NO_WELLS_IN_DATASET,,UNKNOWN_NO_WELLS_IN_DATASET,,UNKNOWN_NO_WELLS_IN_DATASET,,UNKNOWN_NO_WELLS_IN_DATASET,,UNKNOWN_NO_WELLS_IN_DATASET,,UNKNOWN_NO_WELLS_IN_DATASET
PIH-500-0002,500,51.244544587050804,0,EPSG:5880,DESCRIPTIVE_NO_PIH_SCORE,,,,,,,,0,0.0,,,,0,0.0,,,,0,0.0,,,,2,NONE,8.895505036144096,10.176667811968656,10.496958505924797,8.895505036144096,10.176667811968656,10.496958505924797,8.895505036144096,10.176667811968656,10.496958505924797,8.895505036144096,10.176667811968656,10.496958505924797,8.895505036144096,10.176667811968656,10.496958505924797,8.895505036144096,10.176667811968656,10.496958505924797,8.895505036144096,10.176667811968656,10.496958505924797,8.895505036144096,10.176667811968656,10.496958505924797,83.90453414852624,85.89291533411958,86.39001063051792,16.065059117296318,16.92614781993974,17.141419995600593,8.895505036144096,10.176667811968656,10.496958505924797,8.895505036144096,10.176667811968656,10.496958505924797,0,0,0,0,0,0,0,0,0,0,0,UNKNOWN_NO_WELLS_IN_DATASET,,UNKNOWN_NO_WELLS_IN_DATASET,,UNKNOWN_NO_WELLS_IN_DATASET,,UNKNOWN_NO_WELLS_IN_DATASET,,UNKNOWN_NO_WELLS_IN_DATASET,,UNKNOWN_NO_WELLS_IN_DATASET,,UNKNOWN_NO_WELLS_IN_DATASET,,UNKNOWN_NO_WELLS_IN_DATASET,,UNKNOWN_NO_WELLS_IN_DATASET,,UNKNOWN_NO_WELLS_IN_DATASET,,UNKNOWN_NO_WELLS_IN_DATASET,,UNKNOWN_NO_WELLS_IN_DATASET
PIH-500-0003,500,6.906416574041039,0,EPSG:5880,DESCRIPTIVE_NO_PIH_SCORE,,,,,,,,0,0.0,,,,0,0.0,,,,0,0.0,,,,0,REPRESENTATIVE_POINT,4.892950867873647,4.892950867873647,4.892950867873647,4.892950867873647,4.892950867873647,4.892950867873647,4.892950867873647,4.892950867873647,4.892950867873647,4.892950867873647,4.892950867873647,4.892950867873647,4.892950867873647,4.892950867873647,4.892950867873647,4.892950867873647,4.892950867873647,4.892950867873647,6.896674945404768,6.896674945404768,6.896674945404768,6.896674945404768,6.896674945404768,6.896674945404768,57.73482048401346,57.73482048401346,57.73482048401346,4.892950867873647,4.892950867873647,4.892950867873647,6.8064424348579,6.8064424348579,6.8064424348579,6.8064424348579,6.8064424348579,6.8064424348579,0,0,0,0,0,0,0,0,0,0,0,UNKNOWN_NO_WELLS_IN_DATASET,,UNKNOWN_NO_WELLS_IN_DATASET,,UNKNOWN_NO_WELLS_IN_DATASET,,UNKNOWN_NO_WELLS_IN_DATASET,,UNKNOWN_NO_WELLS_IN_DATASET,,UNKNOWN_NO_WELLS_IN_DATASET,,UNKNOWN_NO_WELLS_IN_DATASET,,UNKNOWN_NO_WELLS_IN_DATASET,,UNKNOWN_NO_WELLS_IN_DATASET,,UNKNOWN_NO_WELLS_IN_DATASET,,UNKNOWN_NO_WELLS_IN_DATASET,,UNKNOWN_NO_WELLS_IN_DATASET
PIH-500-0004,500,134.92626993450455,0,EPSG:5880,DESCRIPTIVE_NO_PIH_SCORE,,,,,,,,0,0.0,,,,0,0.0,,,,0,0.0,,,,5,NONE,5.985747754653842,7.128456419609781,7.597968796561372,5.985747754653842,7.128456419609781,7.597968796561372,5.985747754653842,7.128456419609781,7.597968796561372,5.985747754653842,7.128456419609781,7.597968796561372,5.985747754653842,7.128456419609781,7.597968796561372,5.985747754653842,7.128456419609781,7.597968796561372,10.257877670688476,11.578648089382146,12.439293505865166,10.257877670688476,11.578648089382146,12.439293505865166,19.87671722760731,22.65426548230863,23.683599859644225,5.985747754653842,7.128456419609781,7.597968796561372,8.292813285758827,10.813049718398064,12.078368077342454,5.985747754653842,7.128456419609781,7.597968796561372,0,0,0,0,0,0,0,0,0,0,0,UNKNOWN_NO_WELLS_IN_DATASET,,UNKNOWN_NO_WELLS_IN_DATASET,,UNKNOWN_NO_WELLS_IN_DATASET,,UNKNOWN_NO_WELLS_IN_DATASET,,UNKNOWN_NO_WELLS_IN_DATASET,,UNKNOWN_NO_WELLS_IN_DATASET,,UNKNOWN_NO_WELLS_IN_DATASET,,UNKNOWN_NO_WELLS_IN_DATASET,,UNKNOWN_NO_WELLS_IN_DATASET,,UNKNOWN_NO_WELLS_IN_DATASET,,UNKNOWN_NO_WELLS_IN_DATASET,,UNKNOWN_NO_WELLS_IN_DATASET
PIH-500-0005,500,0.9150114212509249,0,EPSG:5880,DESCRIPTIVE_NO_PIH_SCORE,,,,,,,,0,0.0,,,,0,0.0,,,,0,0.0,,,,0,REPRESENTATIVE_POINT,7.253533397857663,7.253533397857663,7.253533397857663,7.253533397857663,7.253533397857663,7.253533397857663,7.253533397857663,7.253533397857663,7.253533397857663,7.253533397857663,7.253533397857663,7.253533397857663,7.253533397857663,7.253533397857663,7.253533397857663,7.253533397857663,7.253533397857663,7.253533397857663,7.956011118807804,7.956011118807804,7.956011118807804,7.956011118807804,7.956011118807804,7.956011118807804,106.1540732211079,106.1540732211079,106.1540732211079,7.253533397857663,7.253533397857663,7.253533397857663,7.948371865601396,7.948371865601396,7.948371865601396,7.948371865601396,7.948371865601396,7.948371865601396,0,0,0,0,0,0,0,0,0,0,0,UNKNOWN_NO_WELLS_IN_DATASET,,UNKNOWN_NO_WELLS_IN_DATASET,,UNKNOWN_NO_WELLS_IN_DATASET,,UNKNOWN_NO_WELLS_IN_DATASET,,UNKNOWN_NO_WELLS_IN_DATASET,,UNKNOWN_NO_WELLS_IN_DATASET,,UNKNOWN_NO_WELLS_IN_DATASET,,UNKNOWN_NO_WELLS_IN_DATASET,,UNKNOWN_NO_WELLS_IN_DATASET,,UNKNOWN_NO_WELLS_IN_DATASET,,UNKNOWN_NO_WELLS_IN_DATASET,,UNKNOWN_NO_WELLS_IN_DATASET
PIH-500-0006,500,474.0069873568118,9,EPSG:5880,DESCRIPTIVE_NO_PIH_SCORE,0.1805471785644251,7.592621112795609,8.631019691414014,0.7026590949128616,0.1805471785644251,7.592621112795609,0.15782391874588267,5,5.97209152417988,0.4444444444444444,0.8096568334164151,55.55555555555556,4,17.296917771709378,0.5555555555555556,0.8288713632524444,55.55555555555556,3,43.26531910972353,0.6666666666666667,0.6223659728744494,77.77777777777779,15,NONE,4.7004174842436806,8.825080730149951,10.676405930553694,4.7004174842436806,8.825080730149951,10.676405930553694,4.7004174842436806,8.825080730149951,10.676405930553694,4.7004174842436806,8.825080730149951,10.676405930553694,4.7004174842436806,8.825080730149951,10.676405930553694,4.7004174842436806,8.825080730149951,10.676405930553694,6.977295833257948,12.145907755101039,13.737902803050975,6.977295833257948,12.145907755101039,13.737902803050975,95.9220339036797,100.96716296382272,101.09370857752484,7.723010927195543,13.64730065073736,15.756509703970952,6.977295833257948,12.145907755101039,13.737902803050975,6.911766490506237,12.145907755101039,13.737902803050975,9,8,9,9,9,4,4,0,5,6,7,WELLS_PRESENT,100.0,EVIDENCE_PRESENT,88.8889,EVIDENCE_PRESENT,100.0,EVIDENCE_PRESENT,100.0,EVIDENCE_PRESENT,100.0,EVIDENCE_PRESENT,44.4444,EVIDENCE_PRESENT,44.4444,EVIDENCE_PRESENT,0.0,NO_EVIDENCE_IN_AUDITED_WELLS,55.5556,EVIDENCE_PRESENT,66.6667,EVIDENCE_PRESENT,77.7778,REVIEW_REQUIRED_PRESENT
PIH-500-0007,500,484.48562253118945,6,EPSG:5880,DESCRIPTIVE_NO_PIH_SCORE,0.6028295282628631,1.3293101072592228,11.550751214172125,0.9301322858968119,0.6028295282628631,1.3293101072592228,0.006064728206722672,4,4.01631583041485,0.33333333333333337,0.8962406251802889,50.0,2,5.789072401402814,0.6666666666666667,0.6500224216483541,83.33333333333334,1,5.789072401402808,0.8333333333333334,,100.0,19,NONE,10.891837942592412,16.11592719036668,19.520205721606793,10.891837942592412,16.11592719036668,19.520205721606793,10.891837942592412,16.11592719036668,19.520205721606793,10.891837942592412,16.11592719036668,19.520205721606793,10.891837942592412,16.11592719036668,19.520205721606793,10.891837942592412,16.11592719036668,19.520205721606793,10.891837942592412,16.172092582580145,19.76087649341769,10.891837942592412,16.172092582580145,19.76087649341769,71.03134041211497,80.94180712893748,81.13725391100832,13.909916776855932,18.010417479224472,19.520205721606793,10.891837942592412,16.139231824082955,19.66788713007211,10.891837942592412,16.11592719036668,19.520205721606793,6,6,6,6,6,3,3,0,3,4,5,WELLS_PRESENT,100.0,EVIDENCE_PRESENT,100.0,EVIDENCE_PRESENT,100.0,EVIDENCE_PRESENT,100.0,EVIDENCE_PRESENT,100.0,EVIDENCE_PRESENT,50.0,EVIDENCE_PRESENT,50.0,EVIDENCE_PRESENT,0.0,NO_EVIDENCE_IN_AUDITED_WELLS,50.0,EVIDENCE_PRESENT,66.6667,EVIDENCE_PRESENT,83.3333,REVIEW_REQUIRED_PRESENT
PIH-500-0008,500,301.0441539691237,0,EPSG:5880,DESCRIPTIVE_NO_PIH_SCORE,,,,,,,,0,0.0,,,,0,0.0,,,,0,0.0,,,,13,NONE,13.871411933810593,16.41653475965163,18.231307342587453,13.871411933810593,16.41653475965163,18.231307342587453,13.871411933810593,16.41653475965163,18.231307342587453,13.871411933810593,16.41653475965163,18.231307342587453,13.871411933810593,16.41653475965163,18.231307342587453,13.871411933810593,16.41653475965163,18.231307342587453,13.871411933810593,17.045977700138412,18.991286226923457,19.95667767394726,24.641331527600283,25.600585217987003,47.210035103589014,56.03464515656754,56.23521178982818,18.6095122082847,24.15663559969909,25.056292348796447,19.87831762182162,24.569300198246104,25.600585217987003,13.871411933810593,17.83497655471035,18.991286226923457,0,0,0,0,0,0,0,0,0,0,0,UNKNOWN_NO_WELLS_IN_DATASET,,UNKNOWN_NO_WELLS_IN_DATASET,,UNKNOWN_NO_WELLS_IN_DATASET,,UNKNOWN_NO_WELLS_IN_DATASET,,UNKNOWN_NO_WELLS_IN_DATASET,,UNKNOWN_NO_WELLS_IN_DATASET,,UNKNOWN_NO_WELLS_IN_DATASET,,UNKNOWN_NO_WELLS_IN_DATASET,,UNKNOWN_NO_WELLS_IN_DATASET,,UNKNOWN_NO_WELLS_IN_DATASET,,UNKNOWN_NO_WELLS_IN_DATASET,,UNKNOWN_NO_WELLS_IN_DATASET
PIH-500-0009,500,165.15496562998194,3,EPSG:5880,DESCRIPTIVE_NO_PIH_SCORE,3.792182370407868,15.247052677960536,3.2946060969333493,0.45439402932489414,3.792182370407868,15.247052677960536,0.033004363391472176,3,7.219361321233972,0.0,0.9999999999999998,33.33333333333333,3,26.286897559888,0.0,0.9999999999999998,33.33333333333333,2,37.932332808301425,0.33333333333333337,0.9182958340544894,66.66666666666666,8,NONE,4.219831514567448,8.931017243845215,10.227120591529602,4.219831514567448,8.931017243845215,10.227120591529602,4.219831514567448,8.931017243845215,10.227120591529602,4.219831514567448,8.931017243845215,10.227120591529602,4.219831514567448,8.931017243845215,10.227120591529602,4.219831514567448,8.931017243845215,10.227120591529602,5.138216927315101,8.931017243845215,10.227120591529602,6.000651282351698,13.871549569950199,16.60971029571294,20.543061219664978,29.147671068100358,31.48879352840031,9.355121517796634,15.68563520434597,20.310144992418056,5.748231902214809,13.871549569950199,16.60971029571294,7.401286607259746,10.346029372019743,10.623483193163407,3,3,3,3,3,3,2,0,0,2,1,WELLS_PRESENT,100.0,EVIDENCE_PRESENT,100.0,EVIDENCE_PRESENT,100.0,EVIDENCE_PRESENT,100.0,EVIDENCE_PRESENT,100.0,EVIDENCE_PRESENT,100.0,EVIDENCE_PRESENT,66.6667,EVIDENCE_PRESENT,0.0,NO_EVIDENCE_IN_AUDITED_WELLS,0.0,NO_EVIDENCE_IN_AUDITED_WELLS,66.6667,EVIDENCE_PRESENT,33.3333,REVIEW_REQUIRED_PRESENT
PIH-500-0010,500,426.026657563223,29,EPSG:5880,DESCRIPTIVE_NO_PIH_SCORE,0.44033131064814734,1.29016586471094,4.944319319702306,0.4245834484169331,0.44033131064814734,1.29016586471094,0.21021167602334082,11,15.703571397435063,0.6206896551724138,0.8729606239965684,24.137931034482758,7,35.88279134027485,0.7586206896551724,0.8363187269300948,31.03448275862069,5,74.06314235857995,0.8275862068965517,0.8697147542009336,37.93103448275862,19,NONE,3.20826478891877,5.988999346129785,8.628873799196178,3.20826478891877,5.988999346129785,8.628873799196178,3.20826478891877,5.988999346129785,8.628873799196178,3.20826478891877,5.988999346129785,8.628873799196178,3.20826478891877,5.988999346129785,8.628873799196178,3.20826478891877,5.988999346129785,8.628873799196178,5.25752986464408,8.409230971832582,10.8839534626205,5.25752986464408,8.409230971832582,10.8839534626205,9.90738103232241,14.325090304085885,15.297230107556606,4.130075623818728,6.319701673712492,8.628873799196178,5.003267906640046,6.951325750282717,10.8839534626205,5.003267906640046,8.855017661152473,9.987228545153377,28,26,28,28,26,10,10,1,15,14,17,WELLS_PRESENT,96.5517,EVIDENCE_PRESENT,89.6552,EVIDENCE_PRESENT,96.5517,EVIDENCE_PRESENT,96.5517,EVIDENCE_PRESENT,89.6552,EVIDENCE_PRESENT,34.4828,EVIDENCE_PRESENT,34.4828,EVIDENCE_PRESENT,3.4483,EVIDENCE_PRESENT,51.7241,EVIDENCE_PRESENT,48.2759,EVIDENCE_PRESENT,58.6207,REVIEW_REQUIRED_PRESENT
PIH-500-0011,500,379.41455137370053,5,EPSG:5880,DESCRIPTIVE_NO_PIH_SCORE,0.2154194320600574,4.2121583046572875,6.607887661476854,0.60128531303446,0.2154194320600574,13.317746819510697,0.01285641962175386,2,2.362926392845001,0.6,0.7219280948873623,80.0,2,8.595663703428997,0.6,0.7219280948873623,80.0,2,27.965745916358326,0.6,0.7219280948873623,80.0,13,NONE,7.971846540538813,10.44636870453965,11.06684121244429,7.971846540538813,10.44636870453965,11.06684121244429,7.971846540538813,10.44636870453965,11.06684121244429,7.971846540538813,10.44636870453965,11.06684121244429,7.971846540538813,10.44636870453965,11.06684121244429,7.971846540538813,10.44636870453965,11.06684121244429,8.524596699301346,14.181577286698854,18.076156483325995,8.524596699301346,14.181577286698854,18.076156483325995,25.719102962225136,30.299284636002852,31.084121878610183,10.468895875084673,15.50123112909627,16.976160356282946,8.524596699301346,14.181577286698854,18.076156483325995,7.971846540538813,10.44636870453965,11.06684121244429,5,5,5,5,5,2,2,0,1,3,2,WELLS_PRESENT,100.0,EVIDENCE_PRESENT,100.0,EVIDENCE_PRESENT,100.0,EVIDENCE_PRESENT,100.0,EVIDENCE_PRESENT,100.0,EVIDENCE_PRESENT,40.0,EVIDENCE_PRESENT,40.0,EVIDENCE_PRESENT,0.0,NO_EVIDENCE_IN_AUDITED_WELLS,20.0,EVIDENCE_PRESENT,60.0,EVIDENCE_PRESENT,40.0,REVIEW_REQUIRED_PRESENT
PIH-500-0012,500,318.4203801415884,0,EPSG:5880,DESCRIPTIVE_NO_PIH_SCORE,,,,,,,,0,0.0,,,,0,0.0,,,,0,0.0,,,,13,NONE,17.919679280761876,27.30569917997123,29.075777308807353,17.919679280761876,27.30569917997123,29.075777308807353,17.919679280761876,27.30569917997123,29.075777308807353,17.919679280761876,27.30569917997123,29.075777308807353,17.919679280761876,27.30569917997123,29.075777308807353,17.919679280761876,27.30569917997123,29.075777308807353,22.704226516620864,31.450528904832073,32.16347851566342,22.704226516620864,31.450528904832073,32.16347851566342,104.20585048438879,110.09334712094333,115.1604601690535,17.919679280761876,27.30569917997123,29.075777308807353,22.704226516620864,31.4501831492268,32.15737257650341,22.704226516620864,31.33645947833318,32.15737257650341,0,0,0,0,0,0,0,0,0,0,0,UNKNOWN_NO_WELLS_IN_DATASET,,UNKNOWN_NO_WELLS_IN_DATASET,,UNKNOWN_NO_WELLS_IN_DATASET,,UNKNOWN_NO_WELLS_IN_DATASET,,UNKNOWN_NO_WELLS_IN_DATASET,,UNKNOWN_NO_WELLS_IN_DATASET,,UNKNOWN_NO_WELLS_IN_DATASET,,UNKNOWN_NO_WELLS_IN_DATASET,,UNKNOWN_NO_WELLS_IN_DATASET,,UNKNOWN_NO_WELLS_IN_DATASET,,UNKNOWN_NO_WELLS_IN_DATASET,,UNKNOWN_NO_WELLS_IN_DATASET
PIH-500-0013,500,500.09377010429546,0,EPSG:5880,DESCRIPTIVE_NO_PIH_SCORE,,,,,,,,0,0.0,,,,0,0.0,,,,0,0.0,,,,21,NONE,16.830777687421413,21.077485685456494,23.200905552669408,16.830777687421413,21.077485685456494,23.200905552669408,16.830777687421413,21.077485685456494,23.200905552669408,16.830777687421413,21.077485685456494,23.200905552669408,16.830777687421413,21.077485685456494,23.200905552669408,16.830777687421413,21.077485685456494,23.200905552669408,18.532325253836014,23.513665121598457,25.689573928284783,18.532325253836014,23.513665121598457,25.689573928284783,83.5909384630439,92.30956951311774,94.55430875589832,17.719935041582296,21.738777040238233,23.200905552669408,18.532325253836014,23.513665121598457,25.689573928284783,18.532325253836014,23.513665121598457,25.784589822448687,0,0,0,0,0,0,0,0,0,0,0,UNKNOWN_NO_WELLS_IN_DATASET,,UNKNOWN_NO_WELLS_IN_DATASET,,UNKNOWN_NO_WELLS_IN_DATASET,,UNKNOWN_NO_WELLS_IN_DATASET,,UNKNOWN_NO_WELLS_IN_DATASET,,UNKNOWN_NO_WELLS_IN_DATASET,,UNKNOWN_NO_WELLS_IN_DATASET,,UNKNOWN_NO_WELLS_IN_DATASET,,UNKNOWN_NO_WELLS_IN_DATASET,,UNKNOWN_NO_WELLS_IN_DATASET,,UNKNOWN_NO_WELLS_IN_DATASET,,UNKNOWN_NO_WELLS_IN_DATASET
PIH-500-0014,500,500.0608407051835,5,EPSG:5880,DESCRIPTIVE_NO_PIH_SCORE,0.30746289587052267,5.5353457692656685,6.782395943348064,0.5375843936901636,0.30746289587052267,5.5353457692656685,0.02705832004225737,3,3.683851971156832,0.4,0.8649735207179272,60.0,3,12.998871788242875,0.4,0.8649735207179272,60.0,2,35.165737101239834,0.6,0.9709505944546688,60.0,20,NONE,7.637280330888349,14.095512521196898,16.5579027964959,7.637280330888349,14.095512521196898,16.5579027964959,7.637280330888349,14.095512521196898,16.5579027964959,7.637280330888349,14.095512521196898,16.5579027964959,7.637280330888349,14.095512521196898,16.5579027964959,7.637280330888349,14.095512521196898,16.5579027964959,8.123878370386485,14.78329375793446,16.5579027964959,8.123878370386485,14.78329375793446,16.5579027964959,60.68789195689908,68.42243882696727,70.84957570185686,8.179279396215415,14.342483491895422,18.700622583612294,8.074895957998686,14.78329375793446,16.5579027964959,8.179279396215415,14.342483491895422,18.700622583612294,5,5,5,5,5,2,2,0,3,3,2,WELLS_PRESENT,100.0,EVIDENCE_PRESENT,100.0,EVIDENCE_PRESENT,100.0,EVIDENCE_PRESENT,100.0,EVIDENCE_PRESENT,100.0,EVIDENCE_PRESENT,40.0,EVIDENCE_PRESENT,40.0,EVIDENCE_PRESENT,0.0,NO_EVIDENCE_IN_AUDITED_WELLS,60.0,EVIDENCE_PRESENT,60.0,EVIDENCE_PRESENT,40.0,REVIEW_REQUIRED_PRESENT
PIH-500-0015,500,500.0350344086358,5,EPSG:5880,DESCRIPTIVE_NO_PIH_SCORE,0.28424463634468194,1.4343975685930017,12.47793187858176,0.9890479105393309,0.28424463634468194,1.4343975685930017,0.0007016328394386862,2,1.3226193423324801,0.6,0.7219280948873623,80.0,2,2.3155620977444817,0.6,0.7219280948873623,80.0,1,10.159840862623257,0.8,,100.0,18,NONE,10.38459766372533,13.991612380408693,15.736035902795312,10.38459766372533,13.991612380408693,15.736035902795312,10.38459766372533,13.991612380408693,15.736035902795312,10.38459766372533,13.991612380408693,15.736035902795312,10.38459766372533,13.991612380408693,15.736035902795312,10.38459766372533,13.991612380408693,15.736035902795312,14.088306628604599,18.638311466042836,20.28841733131148,15.645581651110598,19.944024524682646,21.667760780572127,40.38248561610628,47.73859201846098,51.31800649153142,11.813399699993909,17.599124830900386,21.667760780572127,15.265191807741937,18.565827205323224,21.480954538021592,10.577031866041743,13.991612380408693,15.736035902795312,4,4,4,4,4,0,0,0,4,0,5,WELLS_PRESENT,80.0,EVIDENCE_PRESENT,80.0,EVIDENCE_PRESENT,80.0,EVIDENCE_PRESENT,80.0,EVIDENCE_PRESENT,80.0,EVIDENCE_PRESENT,0.0,NO_EVIDENCE_IN_AUDITED_WELLS,0.0,NO_EVIDENCE_IN_AUDITED_WELLS,0.0,NO_EVIDENCE_IN_AUDITED_WELLS,80.0,EVIDENCE_PRESENT,0.0,NO_EVIDENCE_IN_AUDITED_WELLS,100.0,REVIEW_REQUIRED_PRESENT
PIH-500-0016,500,500.0163508059555,16,EPSG:5880,DESCRIPTIVE_NO_PIH_SCORE,0.3019569011615256,1.6258123350619391,6.337976635252742,0.5023813019296968,0.3019569011615256,1.6258123350619391,0.08000007955255307,6,6.943181151675105,0.625,0.8605934330165175,43.75,4,17.433208903188635,0.75,0.7959585933443497,56.25,4,48.461607026646305,0.75,0.7959585933443497,56.25,20,NONE,6.028772568277962,12.001590268194919,14.308977203289443,6.028772568277962,12.001590268194919,14.308977203289443,6.028772568277962,12.001590268194919,14.626291958180056,6.028772568277962,12.001590268194919,14.626291958180056,6.028772568277962,12.001590268194919,14.626291958180056,6.028772568277962,12.001590268194919,14.626291958180056,6.774737733311005,13.92471132267923,14.776528267271935,6.774737733311005,13.92471132267923,14.776528267271935,26.153854260404795,32.89148570999137,34.82359635494669,6.344411225090028,12.001590268194919,14.626291958180056,6.4478393024809435,13.279801693253424,14.776528267271935,7.52166386992686,12.001590268194919,14.308977203289443,16,15,15,15,15,8,8,0,5,14,2,WELLS_PRESENT,100.0,EVIDENCE_PRESENT,93.75,EVIDENCE_PRESENT,93.75,EVIDENCE_PRESENT,93.75,EVIDENCE_PRESENT,93.75,EVIDENCE_PRESENT,50.0,EVIDENCE_PRESENT,50.0,EVIDENCE_PRESENT,0.0,NO_EVIDENCE_IN_AUDITED_WELLS,31.25,EVIDENCE_PRESENT,87.5,EVIDENCE_PRESENT,12.5,REVIEW_REQUIRED_PRESENT
PIH-500-0017,500,500.00478964957557,21,EPSG:5880,DESCRIPTIVE_NO_PIH_SCORE,0.10481595747220503,4.474831555289249,7.822346529165019,0.6200474208047133,0.10481595747220503,4.474831555289249,0.178771924829678,6,7.485998681985809,0.7142857142857143,0.5202003413142617,76.19047619047619,6,26.81252693559936,0.7142857142857143,0.5202003413142617,76.19047619047619,6,73.78257213740393,0.7142857142857143,0.5202003413142617,76.19047619047619,20,NONE,4.229907722183444,8.525348434021339,11.774407900849896,6.0885778719590355,8.850263874014335,12.002717789173413,6.0885778719590355,8.850263874014335,12.002717789173413,6.0885778719590355,8.850263874014335,12.002717789173413,6.0885778719590355,8.850263874014335,12.002717789173413,6.0885778719590355,8.850263874014335,12.002717789173413,11.292346283999823,16.153049661445316,18.938110752593616,11.292346283999823,16.153049661445316,18.938110752593616,26.903696762962134,34.16393400507906,36.37974663257854,6.531618942230832,10.52394265816892,12.002717789173413,11.292346283999823,16.146921450146465,18.89362785322707,4.229907722183444,8.525348434021339,11.774407900849896,19,19,19,19,19,7,7,0,6,12,7,WELLS_PRESENT,90.4762,EVIDENCE_PRESENT,90.4762,EVIDENCE_PRESENT,90.4762,EVIDENCE_PRESENT,90.4762,EVIDENCE_PRESENT,90.4762,EVIDENCE_PRESENT,33.3333,EVIDENCE_PRESENT,33.3333,EVIDENCE_PRESENT,0.0,NO_EVIDENCE_IN_AUDITED_WELLS,28.5714,EVIDENCE_PRESENT,57.1429,EVIDENCE_PRESENT,33.3333,REVIEW_REQUIRED_PRESENT
PIH-500-0018,500,196.49743038850485,0,EPSG:5880,DESCRIPTIVE_NO_PIH_SCORE,,,,,,,,0,0.0,,,,0,0.0,,,,0,0.0,,,,7,NONE,6.7582045042189485,10.507177339084507,10.916404328692138,10.495373391700817,12.25404674532698,13.922108168074871,10.495373391700817,12.25404674532698,13.922108168074871,10.495373391700817,12.25404674532698,13.922108168074871,10.495373391700817,12.25404674532698,13.922108168074871,10.495373391700817,12.25404674532698,13.922108168074871,10.969741166140906,16.18765508026864,16.72761347713522,10.969741166140906,16.18765508026864,16.72761347713522,38.99248201739982,44.13245039378317,46.05402272057292,14.629011022135149,19.45829043999317,21.330345259246485,10.916404328692138,16.159661200826765,16.72761347713522,6.7582045042189485,10.507447012630472,10.917078512557053,0,0,0,0,0,0,0,0,0,0,0,UNKNOWN_NO_WELLS_IN_DATASET,,UNKNOWN_NO_WELLS_IN_DATASET,,UNKNOWN_NO_WELLS_IN_DATASET,,UNKNOWN_NO_WELLS_IN_DATASET,,UNKNOWN_NO_WELLS_IN_DATASET,,UNKNOWN_NO_WELLS_IN_DATASET,,UNKNOWN_NO_WELLS_IN_DATASET,,UNKNOWN_NO_WELLS_IN_DATASET,,UNKNOWN_NO_WELLS_IN_DATASET,,UNKNOWN_NO_WELLS_IN_DATASET,,UNKNOWN_NO_WELLS_IN_DATASET,,UNKNOWN_NO_WELLS_IN_DATASET
PIH-500-0019,500,193.50778020125526,0,EPSG:5880,DESCRIPTIVE_NO_PIH_SCORE,,,,,,,,0,0.0,,,,0,0.0,,,,0,0.0,,,,9,NONE,33.71695346658707,39.060184270209454,40.24533198642231,37.745070846550696,40.76012655674349,42.8193048380282,37.745070846550696,40.76012655674349,42.8193048380282,37.745070846550696,40.76012655674349,42.8193048380282,37.745070846550696,40.76012655674349,42.8193048380282,37.745070846550696,40.76012655674349,42.8193048380282,40.20599196452685,45.09641485089517,45.291487307072245,40.20599196452685,45.09641485089517,45.291487307072245,114.40149059229871,118.24951852339443,118.27584264525484,37.745070846550696,40.76012655674349,42.8193048380282,40.20599196452685,45.09641485089517,45.291487307072245,35.908877765816825,39.574911246366405,42.81896686720707,0,0,0,0,0,0,0,0,0,0,0,UNKNOWN_NO_WELLS_IN_DATASET,,UNKNOWN_NO_WELLS_IN_DATASET,,UNKNOWN_NO_WELLS_IN_DATASET,,UNKNOWN_NO_WELLS_IN_DATASET,,UNKNOWN_NO_WELLS_IN_DATASET,,UNKNOWN_NO_WELLS_IN_DATASET,,UNKNOWN_NO_WELLS_IN_DATASET,,UNKNOWN_NO_WELLS_IN_DATASET,,UNKNOWN_NO_WELLS_IN_DATASET,,UNKNOWN_NO_WELLS_IN_DATASET,,UNKNOWN_NO_WELLS_IN_DATASET,,UNKNOWN_NO_WELLS_IN_DATASET
PIH-500-0020,500,500.1130376918486,0,EPSG:5880,DESCRIPTIVE_NO_PIH_SCORE,,,,,,,,0,0.0,,,,0,0.0,,,,0,0.0,,,,18,NONE,22.029654240006913,27.79752021566623,28.528523179728474,22.029654240006913,28.07662486267258,28.629443825887833,22.029654240006913,28.07662486267258,28.629443825887833,22.029654240006913,28.07662486267258,28.629443825887833,22.029654240006913,28.07662486267258,28.629443825887833,22.029654240006913,28.07662486267258,28.629443825887833,28.610364133276654,34.60513224732269,37.179556822110776,28.610364133276654,34.60513224732269,37.179556822110776,102.1602418696811,109.51094923502019,112.35362436069936,22.029654240006913,28.07662486267258,28.629443825887833,28.610364133276654,34.60513224732269,36.558031628925164,22.69811326991946,27.990182392051622,29.180828454333067,0,0,0,0,0,0,0,0,0,0,0,UNKNOWN_NO_WELLS_IN_DATASET,,UNKNOWN_NO_WELLS_IN_DATASET,,UNKNOWN_NO_WELLS_IN_DATASET,,UNKNOWN_NO_WELLS_IN_DATASET,,UNKNOWN_NO_WELLS_IN_DATASET,,UNKNOWN_NO_WELLS_IN_DATASET,,UNKNOWN_NO_WELLS_IN_DATASET,,UNKNOWN_NO_WELLS_IN_DATASET,,UNKNOWN_NO_WELLS_IN_DATASET,,UNKNOWN_NO_WELLS_IN_DATASET,,UNKNOWN_NO_WELLS_IN_DATASET,,UNKNOWN_NO_WELLS_IN_DATASET
PIH-500-0021,500,500.07652109139013,4,EPSG:5880,DESCRIPTIVE_NO_PIH_SCORE,4.048354431206865,7.629399502178232,0.5866718539362297,0.04649989338238968,4.048354431206865,8.54222347297318,0.07908018721364297,4,4.999234906177727,0.0,1.0,25.0,4,19.996939624710908,0.0,1.0,25.0,4,76.48832031973835,0.0,1.0,25.0,21,NONE,5.537873641958726,8.026082751849753,10.287451367584524,5.537873641958726,8.026082751849753,10.287451367584524,5.537873641958726,8.026082751849753,10.287451367584524,5.537873641958726,8.026082751849753,10.287451367584524,5.537873641958726,8.026082751849753,10.287451367584524,5.537873641958726,8.026082751849753,10.287451367584524,10.47880077289242,16.601292759147917,17.76574281742948,10.47880077289242,16.601292759147917,17.76574281742948,81.90252977460845,90.6993183786387,93.06501326843502,7.059015667017395,8.639128216300586,10.287451367584524,10.47880077289242,16.601292759147917,17.76574281742948,7.059015667017395,8.888236757541126,11.647680799508473,4,4,4,4,4,1,1,0,3,1,2,WELLS_PRESENT,100.0,EVIDENCE_PRESENT,100.0,EVIDENCE_PRESENT,100.0,EVIDENCE_PRESENT,100.0,EVIDENCE_PRESENT,100.0,EVIDENCE_PRESENT,25.0,EVIDENCE_PRESENT,25.0,EVIDENCE_PRESENT,0.0,NO_EVIDENCE_IN_AUDITED_WELLS,75.0,EVIDENCE_PRESENT,25.0,EVIDENCE_PRESENT,50.0,REVIEW_REQUIRED_PRESENT
PIH-500-0022,500,500.0471287488503,0,EPSG:5880,DESCRIPTIVE_NO_PIH_SCORE,,,,,,,,0,0.0,,,,0,0.0,,,,0,0.0,,,,20,NONE,14.875791026450802,21.760724185926172,24.110608023054848,14.875791026450802,21.760724185926172,24.110608023054848,14.875791026450802,21.760724185926172,24.110608023054848,14.875791026450802,21.760724185926172,24.110608023054848,14.875791026450802,21.760724185926172,24.110608023054848,14.875791026450802,21.760724185926172,24.110608023054848,19.938212913418866,27.7918826855721,29.406146395923702,19.938212913418866,27.7918826855721,29.406146395923702,63.659415363628376,72.08144450306332,72.39724081220896,14.875791026450802,21.760724185926172,24.110608023054848,19.938212913418866,27.7918826855721,29.406146395923702,14.875791026450802,21.760724185926172,24.110608023054848,0,0,0,0,0,0,0,0,0,0,0,UNKNOWN_NO_WELLS_IN_DATASET,,UNKNOWN_NO_WELLS_IN_DATASET,,UNKNOWN_NO_WELLS_IN_DATASET,,UNKNOWN_NO_WELLS_IN_DATASET,,UNKNOWN_NO_WELLS_IN_DATASET,,UNKNOWN_NO_WELLS_IN_DATASET,,UNKNOWN_NO_WELLS_IN_DATASET,,UNKNOWN_NO_WELLS_IN_DATASET,,UNKNOWN_NO_WELLS_IN_DATASET,,UNKNOWN_NO_WELLS_IN_DATASET,,UNKNOWN_NO_WELLS_IN_DATASET,,UNKNOWN_NO_WELLS_IN_DATASET
PIH-500-0023,500,500.0248601780359,0,EPSG:5880,DESCRIPTIVE_NO_PIH_SCORE,,,,,,,,0,0.0,,,,0,0.0,,,,0,0.0,,,,21,NONE,16.528797866311645,22.805950303229487,26.679062288232547,16.528797866311645,22.805950303229487,26.679062288232547,16.528797866311645,22.805950303229487,26.679062288232547,16.528797866311645,22.805950303229487,26.679062288232547,16.528797866311645,22.805950303229487,26.679062288232547,16.528797866311645,22.805950303229487,26.679062288232547,20.737675716054827,27.59302764407538,31.133218902618747,20.737675716054827,27.59302764407538,31.133218902618747,48.48180601596784,57.18344336587798,59.753707416765124,16.74402729089705,22.805950303229487,26.679062288232547,20.737675716054827,27.59302764407538,31.133218902618747,16.74402729089705,22.805950303229487,26.679062288232547,0,0,0,0,0,0,0,0,0,0,0,UNKNOWN_NO_WELLS_IN_DATASET,,UNKNOWN_NO_WELLS_IN_DATASET,,UNKNOWN_NO_WELLS_IN_DATASET,,UNKNOWN_NO_WELLS_IN_DATASET,,UNKNOWN_NO_WELLS_IN_DATASET,,UNKNOWN_NO_WELLS_IN_DATASET,,UNKNOWN_NO_WELLS_IN_DATASET,,UNKNOWN_NO_WELLS_IN_DATASET,,UNKNOWN_NO_WELLS_IN_DATASET,,UNKNOWN_NO_WELLS_IN_DATASET,,UNKNOWN_NO_WELLS_IN_DATASET,,UNKNOWN_NO_WELLS_IN_DATASET
PIH-500-0024,500,500.009715052861,0,EPSG:5880,DESCRIPTIVE_NO_PIH_SCORE,,,,,,,,0,0.0,,,,0,0.0,,,,0,0.0,,,,21,NONE,13.096455994313802,18.674239305572588,22.62541434915204,13.096455994313802,18.674239305572588,22.62541434915204,13.096455994313802,18.674239305572588,22.62541434915204,13.096455994313802,18.674239305572588,22.62541434915204,13.096455994313802,18.674239305572588,22.62541434915204,13.096455994313802,18.674239305572588,22.62541434915204,18.674239305572588,23.748007720499817,27.63113087646474,18.674239305572588,23.748007720499817,27.63113087646474,41.967709212301415,51.13629124771807,51.77595288487626,13.096455994313802,19.213288151567916,22.62541434915204,18.674239305572588,23.748007720499817,27.63113087646474,13.096455994313802,19.24543863358556,22.62541434915204,0,0,0,0,0,0,0,0,0,0,0,UNKNOWN_NO_WELLS_IN_DATASET,,UNKNOWN_NO_WELLS_IN_DATASET,,UNKNOWN_NO_WELLS_IN_DATASET,,UNKNOWN_NO_WELLS_IN_DATASET,,UNKNOWN_NO_WELLS_IN_DATASET,,UNKNOWN_NO_WELLS_IN_DATASET,,UNKNOWN_NO_WELLS_IN_DATASET,,UNKNOWN_NO_WELLS_IN_DATASET,,UNKNOWN_NO_WELLS_IN_DATASET,,UNKNOWN_NO_WELLS_IN_DATASET,,UNKNOWN_NO_WELLS_IN_DATASET,,UNKNOWN_NO_WELLS_IN_DATASET
PIH-500-0025,500,500.0016932073238,39,EPSG:5880,DESCRIPTIVE_NO_PIH_SCORE,0.12882553678386155,1.9668721423190318,1.2722344664746787,0.10084546104655762,0.12882553678386155,1.9668721423190318,0.4486008138482518,16,19.777712310686006,0.5897435897435898,0.9503614330429518,12.82051282051282,12,54.51826227663936,0.6923076923076923,0.8643402932006765,30.76923076923077,6,89.27271843733622,0.8461538461538461,0.9139967892758402,38.46153846153847,18,NONE,2.8442386267975293,4.724633681056564,7.71996698074797,2.9874143751144824,6.218216899166288,8.219833335247987,2.9874143751144824,6.218216899166288,8.219833335247987,2.9874143751144824,6.218216899166288,8.219833335247987,2.9874143751144824,6.218216899166288,8.219833335247987,3.1740417079745287,6.624635075695419,8.219833335247987,7.934465936711198,13.052175361907329,14.505700516592324,7.934465936711198,13.052175361907329,14.505700516592324,50.01085681208225,57.666182127508584,61.31797754300383,2.9874143751144824,6.218216899166288,8.219833335247987,7.893016616717707,13.052175361907329,14.505700516592324,2.8442386267975293,4.887324868344122,7.71996698074797,36,33,36,36,33,4,4,0,29,6,32,WELLS_PRESENT,92.3077,EVIDENCE_PRESENT,84.6154,EVIDENCE_PRESENT,92.3077,EVIDENCE_PRESENT,92.3077,EVIDENCE_PRESENT,84.6154,EVIDENCE_PRESENT,10.2564,EVIDENCE_PRESENT,10.2564,EVIDENCE_PRESENT,0.0,NO_EVIDENCE_IN_AUDITED_WELLS,74.359,EVIDENCE_PRESENT,15.3846,EVIDENCE_PRESENT,82.0513,REVIEW_REQUIRED_PRESENT
PIH-500-0026,500,103.59168887088579,0,EPSG:5880,DESCRIPTIVE_NO_PIH_SCORE,,,,,,,,0,0.0,,,,0,0.0,,,,0,0.0,,,,5,NONE,6.0284352050741,14.042819966987373,16.03426120033667,6.0284352050741,15.370659848782251,17.062296552086018,6.0284352050741,15.370659848782251,17.062296552086018,6.0284352050741,15.370659848782251,17.062296552086018,6.0284352050741,15.370659848782251,17.062296552086018,6.0284352050741,15.370659848782251,17.062296552086018,16.914940629948756,23.287600771328734,25.211584697794954,16.914940629948756,23.287600771328734,25.211584697794954,60.340641728651526,69.41412838392316,70.76285334595235,6.0284352050741,15.370659848782251,17.062296552086018,16.914940629948756,23.287600771328734,25.211584697794954,6.245994048919381,14.042819966987373,16.03426120033667,0,0,0,0,0,0,0,0,0,0,0,UNKNOWN_NO_WELLS_IN_DATASET,,UNKNOWN_NO_WELLS_IN_DATASET,,UNKNOWN_NO_WELLS_IN_DATASET,,UNKNOWN_NO_WELLS_IN_DATASET,,UNKNOWN_NO_WELLS_IN_DATASET,,UNKNOWN_NO_WELLS_IN_DATASET,,UNKNOWN_NO_WELLS_IN_DATASET,,UNKNOWN_NO_WELLS_IN_DATASET,,UNKNOWN_NO_WELLS_IN_DATASET,,UNKNOWN_NO_WELLS_IN_DATASET,,UNKNOWN_NO_WELLS_IN_DATASET,,UNKNOWN_NO_WELLS_IN_DATASET
PIH-500-0027,500,462.2735260733718,0,EPSG:5880,DESCRIPTIVE_NO_PIH_SCORE,,,,,,,,0,0.0,,,,0,0.0,,,,0,0.0,,,,20,NONE,20.11032245874104,25.7248211771316,29.076297584557967,25.44617357430051,33.65102833506051,35.04792640211009,25.44617357430051,33.65102833506051,35.04792640211009,25.44617357430051,33.65102833506051,35.04792640211009,25.59738460691715,33.65102833506051,35.04792640211009,25.59738460691715,33.65102833506051,35.04792640211009,25.830904204250704,35.08760664108599,40.39548817441557,25.830904204250704,35.08760664108599,40.39548817441557,99.06633450409647,107.66621878135288,110.84325485131939,28.059785937684495,34.93329813204182,39.58466827678117,25.44617357430051,35.08345539243031,39.30304715952156,20.228593855871303,26.246693139843195,29.076297584557967,0,0,0,0,0,0,0,0,0,0,0,UNKNOWN_NO_WELLS_IN_DATASET,,UNKNOWN_NO_WELLS_IN_DATASET,,UNKNOWN_NO_WELLS_IN_DATASET,,UNKNOWN_NO_WELLS_IN_DATASET,,UNKNOWN_NO_WELLS_IN_DATASET,,UNKNOWN_NO_WELLS_IN_DATASET,,UNKNOWN_NO_WELLS_IN_DATASET,,UNKNOWN_NO_WELLS_IN_DATASET,,UNKNOWN_NO_WELLS_IN_DATASET,,UNKNOWN_NO_WELLS_IN_DATASET,,UNKNOWN_NO_WELLS_IN_DATASET,,UNKNOWN_NO_WELLS_IN_DATASET
PIH-500-0028,500,500.09400646777533,0,EPSG:5880,DESCRIPTIVE_NO_PIH_SCORE,,,,,,,,0,0.0,,,,0,0.0,,,,0,0.0,,,,21,NONE,13.89847260211862,18.136850580371842,20.616260347126925,15.54288420797319,20.892711149022446,22.926911044051362,16.30077856220218,20.892711149022446,23.180302309754826,16.30077856220218,20.892711149022446,23.180302309754826,16.30077856220218,20.892711149022446,24.278655120005332,16.30077856220218,20.892711149022446,24.278655120005332,22.195928265336025,26.90531657837139,31.258575884487176,22.195928265336025,26.90531657837139,31.258575884487176,93.22619810039691,100.95442015740677,104.96251910968078,16.30077856220218,20.892711149022446,24.278655120005332,20.71137811401623,24.659651346793616,27.904626971785078,13.89847260211862,18.235742618220755,20.616260347126925,0,0,0,0,0,0,0,0,0,0,0,UNKNOWN_NO_WELLS_IN_DATASET,,UNKNOWN_NO_WELLS_IN_DATASET,,UNKNOWN_NO_WELLS_IN_DATASET,,UNKNOWN_NO_WELLS_IN_DATASET,,UNKNOWN_NO_WELLS_IN_DATASET,,UNKNOWN_NO_WELLS_IN_DATASET,,UNKNOWN_NO_WELLS_IN_DATASET,,UNKNOWN_NO_WELLS_IN_DATASET,,UNKNOWN_NO_WELLS_IN_DATASET,,UNKNOWN_NO_WELLS_IN_DATASET,,UNKNOWN_NO_WELLS_IN_DATASET,,UNKNOWN_NO_WELLS_IN_DATASET
PIH-500-0029,500,500.0610273680817,0,EPSG:5880,DESCRIPTIVE_NO_PIH_SCORE,,,,,,,,0,0.0,,,,0,0.0,,,,0,0.0,,,,20,NONE,18.63562337231999,25.458162917092178,28.510877403426104,18.63562337231999,25.458162917092178,28.510877403426104,18.63562337231999,25.458162917092178,28.510877403426104,18.63562337231999,25.458162917092178,28.510877403426104,18.63562337231999,25.458162917092178,28.510877403426104,18.63562337231999,25.458162917092178,28.510877403426104,27.13176711102972,34.46623091656427,37.05395914319866,27.13176711102972,34.46623091656427,37.05395914319866,79.054161851327,86.0672315997284,87.97782518130671,19.54071110164276,26.00440979384633,28.995206312885543,23.959573233708973,30.356165129347595,33.07353423845365,19.54071110164276,26.719758855992783,28.995206312885543,0,0,0,0,0,0,0,0,0,0,0,UNKNOWN_NO_WELLS_IN_DATASET,,UNKNOWN_NO_WELLS_IN_DATASET,,UNKNOWN_NO_WELLS_IN_DATASET,,UNKNOWN_NO_WELLS_IN_DATASET,,UNKNOWN_NO_WELLS_IN_DATASET,,UNKNOWN_NO_WELLS_IN_DATASET,,UNKNOWN_NO_WELLS_IN_DATASET,,UNKNOWN_NO_WELLS_IN_DATASET,,UNKNOWN_NO_WELLS_IN_DATASET,,UNKNOWN_NO_WELLS_IN_DATASET,,UNKNOWN_NO_WELLS_IN_DATASET,,UNKNOWN_NO_WELLS_IN_DATASET
PIH-500-0030,500,500.035173115737,0,EPSG:5880,DESCRIPTIVE_NO_PIH_SCORE,,,,,,,,0,0.0,,,,0,0.0,,,,0,0.0,,,,17,NONE,31.67701627245551,35.88444767174501,37.79049868481977,31.67701627245551,35.88444767174501,38.52580547430124,31.67701627245551,35.88444767174501,38.52580547430124,31.67701627245551,35.88444767174501,38.52580547430124,31.67701627245551,35.88444767174501,38.52580547430124,31.67701627245551,35.88444767174501,38.52580547430124,39.62305772758906,43.845458549957876,45.175752460466626,39.62305772758906,43.845458549957876,45.175752460466626,70.11926429642398,74.10439088497404,75.91485381277522,31.67701627245551,35.973397276927145,38.52580547430124,37.09619056503294,43.30843465947773,43.73414241639683,31.67701627245551,35.973397276927145,37.79049868481977,0,0,0,0,0,0,0,0,0,0,0,UNKNOWN_NO_WELLS_IN_DATASET,,UNKNOWN_NO_WELLS_IN_DATASET,,UNKNOWN_NO_WELLS_IN_DATASET,,UNKNOWN_NO_WELLS_IN_DATASET,,UNKNOWN_NO_WELLS_IN_DATASET,,UNKNOWN_NO_WELLS_IN_DATASET,,UNKNOWN_NO_WELLS_IN_DATASET,,UNKNOWN_NO_WELLS_IN_DATASET,,UNKNOWN_NO_WELLS_IN_DATASET,,UNKNOWN_NO_WELLS_IN_DATASET,,UNKNOWN_NO_WELLS_IN_DATASET,,UNKNOWN_NO_WELLS_IN_DATASET
PIH-500-0031,500,500.01644330710405,0,EPSG:5880,DESCRIPTIVE_NO_PIH_SCORE,,,,,,,,0,0.0,,,,0,0.0,,,,0,0.0,,,,20,NONE,20.306758639457165,27.39339870787631,29.615753793771596,20.306758639457165,27.39339870787631,29.615753793771596,20.306758639457165,27.39339870787631,29.615753793771596,20.306758639457165,27.39339870787631,29.615753793771596,20.306758639457165,27.39339870787631,29.615753793771596,20.306758639457165,27.39339870787631,29.615753793771596,32.235561619783915,38.642224812517846,41.03692848044196,32.235561619783915,38.642224812517846,41.03692848044196,65.2202636407998,71.22898031778634,71.80776141958673,20.306758639457165,27.39339870787631,29.615753793771596,32.235561619783915,38.642224812517846,41.03692848044196,20.306758639457165,27.39339870787631,29.615753793771596,0,0,0,0,0,0,0,0,0,0,0,UNKNOWN_NO_WELLS_IN_DATASET,,UNKNOWN_NO_WELLS_IN_DATASET,,UNKNOWN_NO_WELLS_IN_DATASET,,UNKNOWN_NO_WELLS_IN_DATASET,,UNKNOWN_NO_WELLS_IN_DATASET,,UNKNOWN_NO_WELLS_IN_DATASET,,UNKNOWN_NO_WELLS_IN_DATASET,,UNKNOWN_NO_WELLS_IN_DATASET,,UNKNOWN_NO_WELLS_IN_DATASET,,UNKNOWN_NO_WELLS_IN_DATASET,,UNKNOWN_NO_WELLS_IN_DATASET,,UNKNOWN_NO_WELLS_IN_DATASET
PIH-500-0032,500,500.0048376978323,3,EPSG:5880,DESCRIPTIVE_NO_PIH_SCORE,6.230099860451011,9.917646826920244,6.818340984303757,0.5404637243556749,6.950307553606486,10.061688365551339,0.07307631125004664,3,3.6973205271855507,0.0,0.9999999999999998,33.33333333333333,3,14.8757926180913,0.0,0.9999999999999998,33.33333333333333,3,48.04675057587038,0.0,0.9999999999999998,33.33333333333333,22,NONE,6.4606123683142656,13.379681700440887,15.764613575965111,6.4606123683142656,13.379681700440887,15.764613575965111,6.4606123683142656,13.379681700440887,15.764613575965111,6.4606123683142656,13.379681700440887,15.764613575965111,6.4606123683142656,13.379681700440887,15.764613575965111,6.4606123683142656,13.379681700440887,15.764613575965111,17.627462138323594,24.16903207591551,27.236936235620806,17.627462138323594,24.16903207591551,27.236936235620806,65.82803813519888,73.38003434865607,74.64924939338003,6.4606123683142656,13.379681700440887,15.764613575965111,17.36792263923325,23.37843826442475,26.728903039165306,6.4606123683142656,13.379681700440887,15.764613575965111,3,2,3,3,3,0,0,0,3,0,3,WELLS_PRESENT,100.0,EVIDENCE_PRESENT,66.6667,EVIDENCE_PRESENT,100.0,EVIDENCE_PRESENT,100.0,EVIDENCE_PRESENT,100.0,EVIDENCE_PRESENT,0.0,NO_EVIDENCE_IN_AUDITED_WELLS,0.0,NO_EVIDENCE_IN_AUDITED_WELLS,0.0,NO_EVIDENCE_IN_AUDITED_WELLS,100.0,EVIDENCE_PRESENT,0.0,NO_EVIDENCE_IN_AUDITED_WELLS,100.0,REVIEW_REQUIRED_PRESENT
PIH-500-0033,500,500.0003562025484,4,EPSG:5880,DESCRIPTIVE_NO_PIH_SCORE,6.933089255010849,10.564954610165698,4.529072076978049,0.3590037720322094,7.034294218356904,11.624820279692889,0.10693941136088365,4,4.8596439492587,0.0,1.0,25.0,4,18.215042384129145,0.0,1.0,25.0,3,44.794486642771325,0.25,0.946394630357186,50.0,22,NONE,5.9144784181301056,11.438352785215557,16.052523242866638,5.962191619707957,11.442725899005746,16.052523242866638,5.962191619707957,11.442725899005746,16.052523242866638,5.962191619707957,11.442725899005746,16.052523242866638,5.962191619707957,11.442725899005746,16.052523242866638,5.962191619707957,11.442725899005746,16.052523242866638,22.00214242376127,29.248701732964495,32.347138654087296,22.00214242376127,29.248701732964495,32.347138654087296,70.59885987048509,74.4265135598121,76.50673789902365,5.962191619707957,11.442725899005746,16.052523242866638,21.22404328617541,29.145751754532466,31.915395636320778,5.9144784181301056,11.438352785215557,16.052523242866638,4,4,4,4,4,0,0,0,4,0,4,WELLS_PRESENT,100.0,EVIDENCE_PRESENT,100.0,EVIDENCE_PRESENT,100.0,EVIDENCE_PRESENT,100.0,EVIDENCE_PRESENT,100.0,EVIDENCE_PRESENT,0.0,NO_EVIDENCE_IN_AUDITED_WELLS,0.0,NO_EVIDENCE_IN_AUDITED_WELLS,0.0,NO_EVIDENCE_IN_AUDITED_WELLS,100.0,EVIDENCE_PRESENT,0.0,NO_EVIDENCE_IN_AUDITED_WELLS,100.0,REVIEW_REQUIRED_PRESENT
PIH-500-0034,500,351.80784930937233,0,EPSG:5880,DESCRIPTIVE_NO_PIH_SCORE,,,,,,,,0,0.0,,,,0,0.0,,,,0,0.0,,,,14,NONE,15.70435759778507,20.821462711485317,21.727996294737643,15.70435759778507,20.821462711485317,21.727996294737643,15.70435759778507,20.821462711485317,21.727996294737643,15.70435759778507,20.821462711485317,21.727996294737643,15.70435759778507,20.821462711485317,21.727996294737643,15.70435759778507,20.821462711485317,21.727996294737643,40.10542965489579,46.35573241653951,49.23340532362376,40.10542965489579,46.35573241653951,49.23340532362376,71.30566931385003,77.4120983473595,81.1264420775514,15.70435759778507,20.821462711485317,21.727996294737643,39.18453511491512,46.35573241653951,49.23340532362376,15.70435759778507,20.821462711485317,21.727996294737643,0,0,0,0,0,0,0,0,0,0,0,UNKNOWN_NO_WELLS_IN_DATASET,,UNKNOWN_NO_WELLS_IN_DATASET,,UNKNOWN_NO_WELLS_IN_DATASET,,UNKNOWN_NO_WELLS_IN_DATASET,,UNKNOWN_NO_WELLS_IN_DATASET,,UNKNOWN_NO_WELLS_IN_DATASET,,UNKNOWN_NO_WELLS_IN_DATASET,,UNKNOWN_NO_WELLS_IN_DATASET,,UNKNOWN_NO_WELLS_IN_DATASET,,UNKNOWN_NO_WELLS_IN_DATASET,,UNKNOWN_NO_WELLS_IN_DATASET,,UNKNOWN_NO_WELLS_IN_DATASET
PIH-500-0035,500,306.0157765685525,5,EPSG:5880,DESCRIPTIVE_NO_PIH_SCORE,0.06463840991387695,3.8245089777790717,9.967291972244208,1.0099042691657596,0.06463840991387695,6.544578960815718,0.006914878600183379,2,3.472890026825306,0.6,0.7219280948873623,80.0,2,11.909594750271172,0.6,0.7219280948873623,80.0,2,36.60966055840531,0.6,0.7219280948873623,80.0,13,NONE,5.781077348353299,11.025144590624816,15.049600732476167,5.781077348353299,11.025144590624816,15.049600732476167,5.781077348353299,11.025144590624816,15.049600732476167,5.781077348353299,11.025144590624816,15.049600732476167,5.781077348353299,11.025144590624816,15.049600732476167,5.781077348353299,11.025144590624816,15.049600732476167,5.781077348353299,11.025144590624816,15.049600732476167,5.781077348353299,11.025144590624816,15.049600732476167,74.44408620933054,82.1389563375663,85.47630702015957,13.169011689135234,20.237752414874663,21.89526156811406,5.781077348353299,11.025144590624816,15.049600732476167,13.848782421643675,17.39967653448926,18.828233677238853,4,4,4,4,4,3,3,0,2,4,1,WELLS_PRESENT,80.0,EVIDENCE_PRESENT,80.0,EVIDENCE_PRESENT,80.0,EVIDENCE_PRESENT,80.0,EVIDENCE_PRESENT,80.0,EVIDENCE_PRESENT,60.0,EVIDENCE_PRESENT,60.0,EVIDENCE_PRESENT,0.0,NO_EVIDENCE_IN_AUDITED_WELLS,40.0,EVIDENCE_PRESENT,80.0,EVIDENCE_PRESENT,20.0,REVIEW_REQUIRED_PRESENT
PIH-500-0036,500,500.11329707518865,33,EPSG:5880,DESCRIPTIVE_NO_PIH_SCORE,0.1390632407916766,0.593730055942616,9.412926640812742,0.7460456621141086,0.1390632407916766,0.593730055942616,0.08241068499429692,5,5.472104143388065,0.8484848484848485,0.4731383076534027,78.78787878787878,5,18.05241884533883,0.8484848484848485,0.4731383076534027,78.78787878787878,3,43.55321405603151,0.9090909090909091,0.2463478666754271,93.93939393939394,18,NONE,5.572560810972772,9.146031226134326,10.16254428675126,7.254748284128208,12.767263204431305,16.270189377045096,7.254748284128208,12.767263204431305,16.270189377045096,7.254748284128208,12.767263204431305,16.270189377045096,7.462900749945485,12.841938327863907,16.270189377045096,7.462900749945485,12.841938327863907,16.270189377045096,7.679410972018992,13.179251730777882,16.270189377045096,7.679410972018992,13.179251730777882,16.270189377045096,82.43322417497302,89.19630924162631,91.20048434441769,10.679595606370786,16.005401014326743,18.74731445974257,7.254748284128208,12.95476574156581,16.270189377045096,6.179442516337762,12.930707282475314,15.823941741901987,29,27,26,25,24,12,12,0,10,19,7,WELLS_PRESENT,87.8788,EVIDENCE_PRESENT,81.8182,EVIDENCE_PRESENT,78.7879,EVIDENCE_PRESENT,75.7576,EVIDENCE_PRESENT,72.7273,EVIDENCE_PRESENT,36.3636,EVIDENCE_PRESENT,36.3636,EVIDENCE_PRESENT,0.0,NO_EVIDENCE_IN_AUDITED_WELLS,30.303,EVIDENCE_PRESENT,57.5758,EVIDENCE_PRESENT,21.2121,REVIEW_REQUIRED_PRESENT
PIH-500-0037,500,500.0767305496696,11,EPSG:5880,DESCRIPTIVE_NO_PIH_SCORE,0.10784698458214129,2.967428372445935,10.370523834644295,0.8219725361014093,0.10784698458214129,2.967428372445935,0.06848575511779458,5,5.391959105919683,0.5454545454545454,0.9122066329329885,36.36363636363637,4,16.541856074266757,0.6363636363636364,0.7455574250275929,63.63636363636363,3,30.268533230783866,0.7272727272727273,0.8260742242427029,63.63636363636363,21,NONE,6.956651886385553,13.082591736087192,14.472528807755067,6.956651886385553,13.082591736087192,14.472528807755067,6.956651886385553,13.082591736087192,14.472528807755067,6.956651886385553,13.082591736087192,14.472528807755067,6.956651886385553,13.082591736087192,14.472528807755067,6.956651886385553,13.082591736087192,14.472528807755067,12.74942879012658,20.788516586820588,23.501688609729,12.74942879012658,20.788516586820588,23.501688609729,71.82689780195615,79.11873472772692,81.42337644501075,9.00414511226653,18.2008866923162,19.18957936822817,7.524075563126417,13.082591736087192,14.472528807755067,10.467721194497122,16.983670714778988,20.578076889342665,11,9,8,8,8,2,2,0,4,4,2,WELLS_PRESENT,100.0,EVIDENCE_PRESENT,81.8182,EVIDENCE_PRESENT,72.7273,EVIDENCE_PRESENT,72.7273,EVIDENCE_PRESENT,72.7273,EVIDENCE_PRESENT,18.1818,EVIDENCE_PRESENT,18.1818,EVIDENCE_PRESENT,0.0,NO_EVIDENCE_IN_AUDITED_WELLS,36.3636,EVIDENCE_PRESENT,36.3636,EVIDENCE_PRESENT,18.1818,REVIEW_REQUIRED_PRESENT
PIH-500-0038,500,500.04728994417155,0,EPSG:5880,DESCRIPTIVE_NO_PIH_SCORE,,,,,,,,0,0.0,,,,0,0.0,,,,0,0.0,,,,21,NONE,21.836642611822572,29.87386760064473,33.45574782224827,23.388098323205295,31.733112971694908,36.522801986823666,23.388098323205295,31.733112971694908,36.522801986823666,23.388098323205295,31.733112971694908,36.522801986823666,23.388098323205295,31.733112971694908,36.522801986823666,23.388098323205295,31.733112971694908,36.522801986823666,32.556449063285854,39.14289781155121,42.09558106128887,32.556449063285854,39.14289781155121,42.09558106128887,60.38807149331936,67.10241081726048,71.95880075446144,26.646522163469093,33.73551403477802,36.59049008033626,26.53578869871192,32.7071412191141,37.54774075608299,22.975661316253774,31.09953394867981,33.45574782224827,0,0,0,0,0,0,0,0,0,0,0,UNKNOWN_NO_WELLS_IN_DATASET,,UNKNOWN_NO_WELLS_IN_DATASET,,UNKNOWN_NO_WELLS_IN_DATASET,,UNKNOWN_NO_WELLS_IN_DATASET,,UNKNOWN_NO_WELLS_IN_DATASET,,UNKNOWN_NO_WELLS_IN_DATASET,,UNKNOWN_NO_WELLS_IN_DATASET,,UNKNOWN_NO_WELLS_IN_DATASET,,UNKNOWN_NO_WELLS_IN_DATASET,,UNKNOWN_NO_WELLS_IN_DATASET,,UNKNOWN_NO_WELLS_IN_DATASET,,UNKNOWN_NO_WELLS_IN_DATASET
PIH-500-0039,500,500.0249747785791,0,EPSG:5880,DESCRIPTIVE_NO_PIH_SCORE,,,,,,,,0,0.0,,,,0,0.0,,,,0,0.0,,,,21,NONE,21.801106887775003,27.710701987126043,32.65629497980084,22.362444387485397,27.710701987126043,32.65629497980084,22.362444387485397,27.710701987126043,32.65629497980084,22.362444387485397,27.710701987126043,32.65629497980084,22.362444387485397,27.710701987126043,32.65629497980084,22.362444387485397,27.710701987126043,32.65629497980084,29.379057408118474,38.30060236791515,42.851042216431665,29.379057408118474,38.30060236791515,42.851042216431665,58.04900071891605,65.58228657040515,70.54340352105665,22.362444387485397,27.710701987126043,32.65629497980084,29.379057408118474,38.30060236791515,42.851042216431665,22.788865865392623,29.218549859013553,32.65629497980084,0,0,0,0,0,0,0,0,0,0,0,UNKNOWN_NO_WELLS_IN_DATASET,,UNKNOWN_NO_WELLS_IN_DATASET,,UNKNOWN_NO_WELLS_IN_DATASET,,UNKNOWN_NO_WELLS_IN_DATASET,,UNKNOWN_NO_WELLS_IN_DATASET,,UNKNOWN_NO_WELLS_IN_DATASET,,UNKNOWN_NO_WELLS_IN_DATASET,,UNKNOWN_NO_WELLS_IN_DATASET,,UNKNOWN_NO_WELLS_IN_DATASET,,UNKNOWN_NO_WELLS_IN_DATASET,,UNKNOWN_NO_WELLS_IN_DATASET,,UNKNOWN_NO_WELLS_IN_DATASET
PIH-500-0040,500,500.0097847309011,1,EPSG:5880,DESCRIPTIVE_NO_PIH_SCORE,18.30679329200096,18.30679329200096,4.062690575842073,0.32203229823526736,,,,1,1.2499755386514426,0.0,,100.0,1,4.9999021546057705,0.0,,100.0,1,18.194125427848185,0.0,,100.0,21,NONE,7.11152444554367,9.228956548306797,11.600769183397642,7.11152444554367,9.228956548306797,11.69438682316764,7.11152444554367,9.228956548306797,11.69438682316764,7.11152444554367,9.228956548306797,11.69438682316764,7.11152444554367,9.228956548306797,11.69438682316764,7.11152444554367,9.228956548306797,11.69438682316764,16.106184171381628,23.8694441972748,27.24331970036163,16.106184171381628,23.8694441972748,27.24331970036163,64.456826697096,70.99069327210591,75.55792242366093,7.3774743251342345,9.228956548306797,11.69438682316764,16.106184171381628,23.8694441972748,27.24331970036163,7.11152444554367,9.228956548306797,11.600769183397642,1,1,1,1,1,0,0,0,1,0,1,WELLS_PRESENT,100.0,EVIDENCE_PRESENT,100.0,EVIDENCE_PRESENT,100.0,EVIDENCE_PRESENT,100.0,EVIDENCE_PRESENT,100.0,EVIDENCE_PRESENT,0.0,NO_EVIDENCE_IN_AUDITED_WELLS,0.0,NO_EVIDENCE_IN_AUDITED_WELLS,0.0,NO_EVIDENCE_IN_AUDITED_WELLS,100.0,EVIDENCE_PRESENT,0.0,NO_EVIDENCE_IN_AUDITED_WELLS,100.0,REVIEW_REQUIRED_PRESENT
PIH-500-0041,500,500.0017196374562,47,EPSG:5880,DESCRIPTIVE_NO_PIH_SCORE,0.25882370687688916,1.54198989251118,7.922067049885494,0.6279538119935586,0.25882370687688916,1.54198989251118,0.46077983332942873,16,19.253314182224788,0.6595744680851063,0.8564759237056644,21.27659574468085,10,42.186330509409935,0.7872340425531915,0.8224432139680787,25.53191489361702,7,76.45955571196241,0.851063829787234,0.745826375617294,34.04255319148936,18,NONE,3.1046818621724475,6.298977513113804,7.91575601564636,3.4579182011928356,7.557188354048062,7.91575601564636,3.4579182011928356,7.557188354048062,7.91575601564636,3.4579182011928356,7.557188354048062,7.91575601564636,3.4579182011928356,7.557188354048062,7.91575601564636,3.4579182011928356,7.557188354048062,7.91575601564636,7.160078943870475,13.731810810417072,16.830915313947248,7.160078943870475,13.731810810417072,16.830915313947248,60.67834507578867,68.20311264163283,71.89314962715638,4.083688266138703,7.7469329892239545,8.74204550062091,6.283384835961176,11.131243298107846,13.916181207785899,3.1046818621724475,6.826490647641523,7.91575601564636,45,45,41,40,40,17,17,0,24,23,21,WELLS_PRESENT,95.7447,EVIDENCE_PRESENT,95.7447,EVIDENCE_PRESENT,87.234,EVIDENCE_PRESENT,85.1064,EVIDENCE_PRESENT,85.1064,EVIDENCE_PRESENT,36.1702,EVIDENCE_PRESENT,36.1702,EVIDENCE_PRESENT,0.0,NO_EVIDENCE_IN_AUDITED_WELLS,51.0638,EVIDENCE_PRESENT,48.9362,EVIDENCE_PRESENT,44.6809,REVIEW_REQUIRED_PRESENT
PIH-500-0042,500,500.0007794925679,4,EPSG:5880,DESCRIPTIVE_NO_PIH_SCORE,2.1472655299790353,4.267144961466371,7.886982965678407,0.6251734103546998,2.1472655299790353,4.267144961466371,0.04049637836724489,3,2.416963611591127,0.25,0.946394630357186,50.0,3,9.915713673310906,0.25,0.946394630357186,50.0,3,40.44509211373315,0.25,0.946394630357186,50.0,21,NONE,5.721907116767574,8.153123209317188,10.43527166663145,5.721907116767574,8.153123209317188,10.43527166663145,5.721907116767574,8.153123209317188,10.43527166663145,5.721907116767574,8.153123209317188,10.43527166663145,5.721907116767574,8.153123209317188,10.43527166663145,5.721907116767574,8.153123209317188,10.43527166663145,23.07892681958372,32.91083164408447,36.41680434079072,23.07892681958372,32.91083164408447,36.41680434079072,52.699320657354946,61.1672024988574,62.443555351220446,5.721907116767574,8.153123209317188,10.43527166663145,22.610856135353718,32.07555971357932,36.41680434079072,5.721907116767574,8.153123209317188,10.43527166663145,4,4,4,4,4,0,0,0,4,0,4,WELLS_PRESENT,100.0,EVIDENCE_PRESENT,100.0,EVIDENCE_PRESENT,100.0,EVIDENCE_PRESENT,100.0,EVIDENCE_PRESENT,100.0,EVIDENCE_PRESENT,0.0,NO_EVIDENCE_IN_AUDITED_WELLS,0.0,NO_EVIDENCE_IN_AUDITED_WELLS,0.0,NO_EVIDENCE_IN_AUDITED_WELLS,100.0,EVIDENCE_PRESENT,0.0,NO_EVIDENCE_IN_AUDITED_WELLS,100.0,REVIEW_REQUIRED_PRESENT
PIH-500-0043,500,313.8509804868434,0,EPSG:5880,DESCRIPTIVE_NO_PIH_SCORE,,,,,,,,0,0.0,,,,0,0.0,,,,0,0.0,,,,12,NONE,12.878116539466074,16.890529234510836,18.69906907043056,12.878116539466074,16.890529234510836,18.69906907043056,12.878116539466074,16.890529234510836,18.69906907043056,12.878116539466074,16.890529234510836,18.69906907043056,12.878116539466074,16.890529234510836,18.69906907043056,12.878116539466074,16.890529234510836,18.69906907043056,40.58513228135102,45.1064177335679,46.18438440552618,40.58513228135102,45.1064177335679,46.18438440552618,52.05305643209029,58.52470441490939,62.28780174712515,12.878116539466074,16.890529234510836,18.69906907043056,40.58513228135102,45.1064177335679,46.18438440552618,12.878116539466074,16.890529234510836,18.69906907043056,0,0,0,0,0,0,0,0,0,0,0,UNKNOWN_NO_WELLS_IN_DATASET,,UNKNOWN_NO_WELLS_IN_DATASET,,UNKNOWN_NO_WELLS_IN_DATASET,,UNKNOWN_NO_WELLS_IN_DATASET,,UNKNOWN_NO_WELLS_IN_DATASET,,UNKNOWN_NO_WELLS_IN_DATASET,,UNKNOWN_NO_WELLS_IN_DATASET,,UNKNOWN_NO_WELLS_IN_DATASET,,UNKNOWN_NO_WELLS_IN_DATASET,,UNKNOWN_NO_WELLS_IN_DATASET,,UNKNOWN_NO_WELLS_IN_DATASET,,UNKNOWN_NO_WELLS_IN_DATASET
PIH-500-0044,500,179.30783175138103,18,EPSG:5880,DESCRIPTIVE_NO_PIH_SCORE,0.0838285494580231,0.7180211773692339,2.892552420667629,0.3828745903283014,0.0838285494580231,0.7180211773692339,0.030754021508102816,4,12.449579425612633,0.7777777777777778,0.8735835986534669,44.44444444444444,3,31.60463423641367,0.8333333333333334,0.6643316545871261,72.22222222222221,2,84.37590078857856,0.8888888888888888,0.7642045065086203,77.77777777777779,8,NONE,4.240611551206383,6.488844104180478,7.402324959224978,4.240611551206383,6.488844104180478,7.402324959224978,4.240611551206383,6.488844104180478,7.402324959224978,4.240611551206383,6.488844104180478,7.402324959224978,4.240611551206383,6.488844104180478,7.402324959224978,4.240611551206383,6.488844104180478,7.402324959224978,4.681758003914146,7.491802167401201,7.700582319812388,4.681758003914146,7.491802167401201,7.700582319812388,53.21191331263613,62.70102664490758,63.463728863657984,4.286260707735607,7.304132785418488,10.119953896685013,4.681758003914146,7.491802167401201,7.700582319812388,5.1800319396768835,9.488069695233227,11.757790283138517,18,16,17,17,16,10,10,0,8,13,2,WELLS_PRESENT,100.0,EVIDENCE_PRESENT,88.8889,EVIDENCE_PRESENT,94.4444,EVIDENCE_PRESENT,94.4444,EVIDENCE_PRESENT,88.8889,EVIDENCE_PRESENT,55.5556,EVIDENCE_PRESENT,55.5556,EVIDENCE_PRESENT,0.0,NO_EVIDENCE_IN_AUDITED_WELLS,44.4444,EVIDENCE_PRESENT,72.2222,EVIDENCE_PRESENT,11.1111,REVIEW_REQUIRED_PRESENT
PIH-500-0045,500,500.13439310217797,3,EPSG:5880,DESCRIPTIVE_NO_PIH_SCORE,10.802447259079447,11.910298593984235,7.023623503897001,0.5566635685046181,12.187261427710432,12.744017261762124,0.15471617187344158,3,3.3003991164453144,0.0,0.9999999999999998,33.33333333333333,3,11.505931361807544,0.0,0.9999999999999998,33.33333333333333,3,24.059625387841237,0.0,0.9999999999999998,33.33333333333333,19,NONE,5.982782389795715,8.796329676702635,9.693240663424206,5.982782389795715,11.410061060034257,12.88141501466364,5.982782389795715,11.410061060034257,12.88141501466364,5.982782389795715,11.410061060034257,12.88141501466364,5.982782389795715,11.410061060034257,12.88141501466364,5.982782389795715,11.410061060034257,12.88141501466364,9.312723681968537,13.71329374265775,15.640459126067078,9.312723681968537,13.71329374265775,15.640459126067078,62.0277574321793,69.03584746739983,71.24664150037032,8.840388116834166,15.527573049823808,17.309606637825194,9.312723681968537,13.71329374265775,15.640459126067078,11.950238847806627,16.564722534421843,17.326400382598532,3,3,3,3,3,2,2,0,1,2,0,WELLS_PRESENT,100.0,EVIDENCE_PRESENT,100.0,EVIDENCE_PRESENT,100.0,EVIDENCE_PRESENT,100.0,EVIDENCE_PRESENT,100.0,EVIDENCE_PRESENT,66.6667,EVIDENCE_PRESENT,66.6667,EVIDENCE_PRESENT,0.0,NO_EVIDENCE_IN_AUDITED_WELLS,33.3333,EVIDENCE_PRESENT,66.6667,EVIDENCE_PRESENT,0.0,NO_REVIEW_FLAG_IN_AUDITED_WELLS
PIH-500-0046,500,500.0942385249881,4,EPSG:5880,DESCRIPTIVE_NO_PIH_SCORE,3.151722284067937,8.450354865229006,5.992442114725539,0.47495543126185225,3.151722284067937,16.56974572838709,0.11237451328812928,4,3.8516276717314306,0.0,1.0,25.0,4,11.517895910389871,0.0,1.0,25.0,3,29.10103126027413,0.25,0.946394630357186,50.0,20,NONE,6.953707089717561,11.266232627676203,11.818009781913974,7.4010359076424255,11.266232627676203,12.643717742287278,7.4010359076424255,11.266232627676203,12.643717742287278,7.4010359076424255,11.266232627676203,12.643717742287278,7.4010359076424255,11.266232627676203,12.643717742287278,7.4010359076424255,11.266232627676203,12.643717742287278,8.437236214849001,12.332509498922201,15.001345903800837,8.437236214849001,12.332509498922201,15.001345903800837,63.16545499892271,69.57364945806125,72.8815462399613,12.049924572579354,17.669618940599083,20.061578433072885,8.437236214849001,12.129257957908747,14.658754733224331,12.605495855732809,14.489379071290083,17.115683201290913,4,4,4,4,4,3,3,0,1,3,0,WELLS_PRESENT,100.0,EVIDENCE_PRESENT,100.0,EVIDENCE_PRESENT,100.0,EVIDENCE_PRESENT,100.0,EVIDENCE_PRESENT,100.0,EVIDENCE_PRESENT,75.0,EVIDENCE_PRESENT,75.0,EVIDENCE_PRESENT,0.0,NO_EVIDENCE_IN_AUDITED_WELLS,25.0,EVIDENCE_PRESENT,75.0,EVIDENCE_PRESENT,0.0,NO_REVIEW_FLAG_IN_AUDITED_WELLS
PIH-500-0047,500,500.06121093695344,5,EPSG:5880,DESCRIPTIVE_NO_PIH_SCORE,0.9038977117775231,4.020972264072863,3.6300037131407206,0.2877202450472352,0.9038977117775231,4.020972264072863,0.02231411421628926,3,3.749540974167652,0.4,0.9602297178607612,40.0,3,14.998163896670608,0.4,0.9602297178607612,40.0,2,39.87677859392756,0.6,0.9709505944546688,60.0,21,NONE,6.92000687473424,10.313275878306374,12.973504905054481,7.759430094208798,12.973504905054481,14.413337139718493,7.759430094208798,12.973504905054481,14.413337139718493,7.759430094208798,12.973504905054481,14.413337139718493,7.759430094208798,12.973504905054481,14.413337139718493,7.759430094208798,12.973504905054481,14.413337139718493,23.978756639318,28.697839028791602,31.571617952639755,23.978756639318,28.697839028791602,31.571617952639755,45.45762466260312,54.19791486189754,57.989218341941616,7.759430094208798,13.023163350284694,14.413337139718493,10.254186138558165,15.364464057732228,16.597861250438367,7.554539358640798,10.336960485244598,14.2520320386353,3,3,3,3,3,0,0,0,3,1,2,WELLS_PRESENT,60.0,EVIDENCE_PRESENT,60.0,EVIDENCE_PRESENT,60.0,EVIDENCE_PRESENT,60.0,EVIDENCE_PRESENT,60.0,EVIDENCE_PRESENT,0.0,NO_EVIDENCE_IN_AUDITED_WELLS,0.0,NO_EVIDENCE_IN_AUDITED_WELLS,0.0,NO_EVIDENCE_IN_AUDITED_WELLS,60.0,EVIDENCE_PRESENT,20.0,EVIDENCE_PRESENT,40.0,REVIEW_REQUIRED_PRESENT
PIH-500-0048,500,500.03530978226854,1,EPSG:5880,DESCRIPTIVE_NO_PIH_SCORE,5.714154283341339,5.714154283341339,7.61829400253304,0.6038545300329936,,,,1,1.2499117317777921,0.0,,100.0,1,4.9996469271111685,0.0,,100.0,1,19.998587708444674,0.0,,100.0,18,NONE,9.611919412694483,16.410858825450912,16.980851001994875,9.611919412694483,16.935624254625974,18.97535724026501,9.611919412694483,16.935624254625974,18.97535724026501,9.611919412694483,16.935624254625974,18.97535724026501,9.611919412694483,16.935624254625974,18.97535724026501,9.611919412694483,16.935624254625974,18.97535724026501,15.264946134086651,22.168649542766985,25.48901682636332,15.264946134086651,22.168649542766985,25.48901682636332,36.260496633285385,45.26823951532926,46.48711884193005,9.611919412694483,16.935624254625974,18.97535724026501,15.264946134086651,20.64425534886437,22.6916557438249,12.983106883860856,19.007531079315623,20.208078252078835,1,1,1,1,1,0,0,0,1,0,0,WELLS_PRESENT,100.0,EVIDENCE_PRESENT,100.0,EVIDENCE_PRESENT,100.0,EVIDENCE_PRESENT,100.0,EVIDENCE_PRESENT,100.0,EVIDENCE_PRESENT,0.0,NO_EVIDENCE_IN_AUDITED_WELLS,0.0,NO_EVIDENCE_IN_AUDITED_WELLS,0.0,NO_EVIDENCE_IN_AUDITED_WELLS,100.0,EVIDENCE_PRESENT,0.0,NO_EVIDENCE_IN_AUDITED_WELLS,0.0,NO_REVIEW_FLAG_IN_AUDITED_WELLS
PIH-500-0049,500,500.01653466242243,3,EPSG:5880,DESCRIPTIVE_NO_PIH_SCORE,3.587982595001712,6.5066760516856705,8.936882319446081,0.7083840802482639,3.587982595001712,6.5066760516856705,0.02554369173598404,3,3.7498759941326223,0.0,0.9999999999999998,33.33333333333333,2,9.999669317686992,0.33333333333333337,0.9182958340544894,66.66666666666666,1,16.79972382829306,0.6666666666666667,,100.0,20,NONE,7.684029320465036,12.230612551734156,12.896127781002512,9.395222161529864,14.029874036224667,18.39594518268674,9.395222161529864,14.029874036224667,18.39594518268674,9.395222161529864,14.029874036224667,18.39594518268674,9.395222161529864,14.029874036224667,18.39594518268674,9.395222161529864,14.029874036224667,18.39594518268674,13.767402594781053,19.357775513077062,22.22830236639297,13.767402594781053,19.357775513077062,22.22830236639297,40.34737807838317,48.717511274375596,50.780666618938916,9.395222161529864,14.029874036224667,18.39594518268674,13.767402594781053,19.357775513077062,22.22830236639297,7.684029320465036,12.230612551734156,12.896127781002512,1,1,1,1,1,0,0,0,1,0,3,WELLS_PRESENT,33.3333,EVIDENCE_PRESENT,33.3333,EVIDENCE_PRESENT,33.3333,EVIDENCE_PRESENT,33.3333,EVIDENCE_PRESENT,33.3333,EVIDENCE_PRESENT,0.0,NO_EVIDENCE_IN_AUDITED_WELLS,0.0,NO_EVIDENCE_IN_AUDITED_WELLS,0.0,NO_EVIDENCE_IN_AUDITED_WELLS,33.3333,EVIDENCE_PRESENT,0.0,NO_EVIDENCE_IN_AUDITED_WELLS,100.0,REVIEW_REQUIRED_PRESENT
PIH-500-0050,500,500.0048853361106,8,EPSG:5880,DESCRIPTIVE_NO_PIH_SCORE,1.0281375179672936,2.4986639628163587,6.417882033941174,0.5087208558923879,1.0281375179672936,7.5539001103211385,0.295539243028773,5,5.876560516870617,0.375,0.8613531161467861,50.0,5,24.021663880936277,0.375,0.8613531161467861,50.0,4,60.08805543858653,0.5,0.875,50.0,21,NONE,5.470393255272419,8.268424831694068,10.594316572047932,5.470393255272419,8.268424831694068,10.594316572047932,5.470393255272419,8.268424831694068,10.594316572047932,5.470393255272419,8.502847322415523,11.784576833946145,5.470393255272419,8.502847322415523,11.784576833946145,5.470393255272419,8.502847322415523,11.784576833946145,7.413412161849272,10.831695756789438,11.784576833946145,7.413412161849272,10.831695756789438,11.784576833946145,46.661274381576625,55.89871688155524,57.718237378781566,5.470393255272419,8.502847322415523,11.784576833946145,7.413412161849272,10.831695756789438,11.784576833946145,5.470393255272419,8.268424831694068,10.594316572047932,8,8,7,7,7,1,1,0,7,1,7,WELLS_PRESENT,100.0,EVIDENCE_PRESENT,100.0,EVIDENCE_PRESENT,87.5,EVIDENCE_PRESENT,87.5,EVIDENCE_PRESENT,87.5,EVIDENCE_PRESENT,12.5,EVIDENCE_PRESENT,12.5,EVIDENCE_PRESENT,0.0,NO_EVIDENCE_IN_AUDITED_WELLS,87.5,EVIDENCE_PRESENT,12.5,EVIDENCE_PRESENT,87.5,REVIEW_REQUIRED_PRESENT
PIH-500-0051,500,500.00036171929645,2,EPSG:5880,DESCRIPTIVE_NO_PIH_SCORE,9.959574299588208,10.56595272594867,5.59855787090538,0.44377818421662213,10.717547332538784,10.717547332538784,,2,2.4999981914048264,0.0,1.0,50.0,2,8.74722765967423,0.0,1.0,50.0,2,32.853614607537224,0.0,1.0,50.0,20,NONE,6.768417910423971,13.277639926444586,15.50092552765308,6.768417910423971,13.277639926444586,15.50092552765308,6.768417910423971,13.277639926444586,15.50092552765308,6.768417910423971,13.277639926444586,15.50092552765308,6.768417910423971,13.277639926444586,15.50092552765308,6.768417910423971,13.277639926444586,15.50092552765308,9.603628018742807,14.784133675380263,16.785707776798287,9.603628018742807,14.784133675380263,16.785707776798287,37.57336699692688,44.90262911619449,47.04264165581275,10.131997909692124,16.089085617413257,19.751492051032105,9.603628018742807,14.784133675380263,16.785707776798287,10.131997909692124,16.089085617413257,19.751492051032105,2,2,2,2,2,1,1,0,1,1,1,WELLS_PRESENT,100.0,EVIDENCE_PRESENT,100.0,EVIDENCE_PRESENT,100.0,EVIDENCE_PRESENT,100.0,EVIDENCE_PRESENT,100.0,EVIDENCE_PRESENT,50.0,EVIDENCE_PRESENT,50.0,EVIDENCE_PRESENT,0.0,NO_EVIDENCE_IN_AUDITED_WELLS,50.0,EVIDENCE_PRESENT,50.0,EVIDENCE_PRESENT,50.0,REVIEW_REQUIRED_PRESENT
PIH-500-0052,500,500.0029638851968,0,EPSG:5880,DESCRIPTIVE_NO_PIH_SCORE,,,,,,,,0,0.0,,,,0,0.0,,,,0,0.0,,,,20,NONE,12.464300251243785,17.11696955052674,18.539247270972112,12.464300251243785,17.11696955052674,18.539247270972112,12.775696587415439,17.965711157952256,20.373764622043993,12.775696587415439,17.965711157952256,20.373764622043993,12.775696587415439,17.965711157952256,20.373764622043993,12.775696587415439,17.965711157952256,20.373764622043993,27.91137088999068,35.33038820504174,39.691015795000375,27.91137088999068,35.33038820504174,39.691015795000375,32.63791266800884,41.20881403818862,42.84637478458053,14.706791945492274,20.18984463427335,23.99603430283805,27.91137088999068,34.75844840919113,38.7112618361812,12.464300251243785,17.11696955052674,18.539247270972112,0,0,0,0,0,0,0,0,0,0,0,UNKNOWN_NO_WELLS_IN_DATASET,,UNKNOWN_NO_WELLS_IN_DATASET,,UNKNOWN_NO_WELLS_IN_DATASET,,UNKNOWN_NO_WELLS_IN_DATASET,,UNKNOWN_NO_WELLS_IN_DATASET,,UNKNOWN_NO_WELLS_IN_DATASET,,UNKNOWN_NO_WELLS_IN_DATASET,,UNKNOWN_NO_WELLS_IN_DATASET,,UNKNOWN_NO_WELLS_IN_DATASET,,UNKNOWN_NO_WELLS_IN_DATASET,,UNKNOWN_NO_WELLS_IN_DATASET,,UNKNOWN_NO_WELLS_IN_DATASET
PIH-500-0053,500,214.4669188329091,0,EPSG:5880,DESCRIPTIVE_NO_PIH_SCORE,,,,,,,,0,0.0,,,,0,0.0,,,,0,0.0,,,,7,NONE,20.723391360920537,21.377847478692626,21.847768381523398,20.723391360920537,21.377847478692626,21.847768381523398,23.787724396928915,27.617303946463803,27.687928400189907,21.847768381523398,24.98888213923039,26.7906187526826,21.847768381523398,24.98888213923039,26.7906187526826,21.847768381523398,24.98888213923039,26.7906187526826,37.632254867365546,43.465838797213365,45.165656909063635,37.632254867365546,43.465838797213365,45.165656909063635,38.158376297502734,44.06737028493333,46.66948562836356,21.847768381523398,26.93918986078356,27.162046522934997,27.68175841958166,39.38238333078602,42.33071072816155,20.723391360920537,21.377847478692626,21.847768381523398,0,0,0,0,0,0,0,0,0,0,0,UNKNOWN_NO_WELLS_IN_DATASET,,UNKNOWN_NO_WELLS_IN_DATASET,,UNKNOWN_NO_WELLS_IN_DATASET,,UNKNOWN_NO_WELLS_IN_DATASET,,UNKNOWN_NO_WELLS_IN_DATASET,,UNKNOWN_NO_WELLS_IN_DATASET,,UNKNOWN_NO_WELLS_IN_DATASET,,UNKNOWN_NO_WELLS_IN_DATASET,,UNKNOWN_NO_WELLS_IN_DATASET,,UNKNOWN_NO_WELLS_IN_DATASET,,UNKNOWN_NO_WELLS_IN_DATASET,,UNKNOWN_NO_WELLS_IN_DATASET
PIH-500-0054,500,430.91593629460664,5,EPSG:5880,DESCRIPTIVE_NO_PIH_SCORE,0.3491651396083076,5.543733806694115,0.8073484027450889,0.06893497920882505,0.3491651396083076,5.543733806694115,0.008281893979103637,3,4.351196700040605,0.4,0.8649735207179272,60.0,3,16.262128863797194,0.4,0.8649735207179272,60.0,3,55.7265966564886,0.4,0.8649735207179272,60.0,18,NONE,5.386167523455807,9.484124020707126,10.256397602513742,5.386167523455807,9.484124020707126,10.256397602513742,5.386167523455807,9.484124020707126,10.256397602513742,5.386167523455807,9.484124020707126,10.256397602513742,5.386167523455807,9.484124020707126,10.256397602513742,5.386167523455807,9.484124020707126,10.256397602513742,5.972314970309966,9.944102597213877,11.486118684162154,5.972314970309966,9.944102597213877,11.486118684162154,40.33032804030043,46.911375833563504,48.96457642579589,6.228981144412345,9.565535448870959,10.256397602513742,5.972314970309966,9.944102597213877,11.486118684162154,14.373806356459538,17.074238681453988,19.61147737909935,5,5,5,5,5,3,3,0,2,4,0,WELLS_PRESENT,100.0,EVIDENCE_PRESENT,100.0,EVIDENCE_PRESENT,100.0,EVIDENCE_PRESENT,100.0,EVIDENCE_PRESENT,100.0,EVIDENCE_PRESENT,60.0,EVIDENCE_PRESENT,60.0,EVIDENCE_PRESENT,0.0,NO_EVIDENCE_IN_AUDITED_WELLS,40.0,EVIDENCE_PRESENT,80.0,EVIDENCE_PRESENT,0.0,NO_REVIEW_FLAG_IN_AUDITED_WELLS
PIH-500-0055,500,500.1135514732759,2,EPSG:5880,DESCRIPTIVE_NO_PIH_SCORE,10.841815209106418,13.909627985734177,3.9219679739958035,0.3108455596660049,14.781010369703948,14.781010369703948,,2,2.4994323715437154,0.0,1.0,50.0,2,9.846786168067144,0.0,1.0,50.0,2,32.50572758258742,0.0,1.0,50.0,17,NONE,5.761626949010213,9.919219460480857,10.773993013494094,9.309223445112133,12.982565374911049,14.22013076177784,9.309223445112133,12.982565374911049,14.22013076177784,9.309223445112133,12.982565374911049,14.22013076177784,9.309223445112133,12.982565374911049,14.22013076177784,9.309223445112133,12.982565374911049,14.22013076177784,10.773993013494094,14.463465817890025,14.93164856613815,10.773993013494094,14.463465817890025,14.93164856613815,54.957031968197946,59.271151427517175,62.01587529302478,17.129091863634823,20.436062780609493,22.321397115718636,10.773993013494094,14.441394446197352,14.93164856613815,9.653960640155285,13.889590233765842,17.05596745362029,1,1,1,1,1,0,0,0,0,0,1,WELLS_PRESENT,50.0,EVIDENCE_PRESENT,50.0,EVIDENCE_PRESENT,50.0,EVIDENCE_PRESENT,50.0,EVIDENCE_PRESENT,50.0,EVIDENCE_PRESENT,0.0,NO_EVIDENCE_IN_AUDITED_WELLS,0.0,NO_EVIDENCE_IN_AUDITED_WELLS,0.0,NO_EVIDENCE_IN_AUDITED_WELLS,0.0,NO_EVIDENCE_IN_AUDITED_WELLS,0.0,NO_EVIDENCE_IN_AUDITED_WELLS,50.0,REVIEW_REQUIRED_PRESENT
PIH-500-0056,500,500.0769363159548,8,EPSG:5880,DESCRIPTIVE_NO_PIH_SCORE,1.1535161536245953,5.659737026823812,3.2071235909927718,0.2541980531900883,1.1535161536245953,6.630791774284997,0.161790604867118,6,7.31362525547303,0.25,0.967132018086354,25.0,5,19.136067218373697,0.375,0.9283832117695865,37.5,3,42.447654880561025,0.625,0.8194483718728035,62.5,21,NONE,4.211517019666808,7.372660289501777,10.359402064905334,4.665705378319893,8.880290610582167,10.359402064905334,4.665705378319893,8.880290610582167,10.359402064905334,4.665705378319893,8.880290610582167,10.359402064905334,4.665705378319893,8.880290610582167,10.359402064905334,4.665705378319893,8.880290610582167,10.359402064905334,10.359402064905334,18.35595184731755,19.07694236085985,10.359402064905334,18.35595184731755,19.07694236085985,44.287781269576385,52.84019738850434,55.290961618164566,7.372660289501777,11.900764994677298,12.941301884433669,5.857130078877661,11.425247314084297,14.750068943258341,6.9989359511973825,11.924532274823031,12.947294685020607,5,5,5,5,4,1,1,0,4,3,3,WELLS_PRESENT,62.5,EVIDENCE_PRESENT,62.5,EVIDENCE_PRESENT,62.5,EVIDENCE_PRESENT,62.5,EVIDENCE_PRESENT,50.0,EVIDENCE_PRESENT,12.5,EVIDENCE_PRESENT,12.5,EVIDENCE_PRESENT,0.0,NO_EVIDENCE_IN_AUDITED_WELLS,50.0,EVIDENCE_PRESENT,37.5,EVIDENCE_PRESENT,37.5,REVIEW_REQUIRED_PRESENT
PIH-500-0057,500,500.04744858208136,8,EPSG:5880,DESCRIPTIVE_NO_PIH_SCORE,2.0959391643637226,4.918295954575384,7.797323041390998,0.6180375408546406,2.342269881004397,5.146731667255658,0.17314579883865697,6,7.061028645670571,0.25,0.967132018086354,25.0,6,25.83942570364029,0.25,0.967132018086354,25.0,4,42.22980931394348,0.5,0.9056390622295664,37.5,21,NONE,6.720887759358402,10.800746589319346,13.202263189857549,6.720887759358402,10.800746589319346,13.202263189857549,7.162408249529707,10.800746589319346,13.744818048176107,6.901342716384512,10.800746589319346,13.274459456999391,6.901342716384512,10.800746589319346,13.274459456999391,6.901342716384512,10.800746589319346,13.274459456999391,13.6363360057174,19.590783199154053,21.69827216417427,13.6363360057174,19.590783199154053,21.69827216417427,23.11654981964883,30.49684807392089,33.24745420292652,6.901342716384512,10.800746589319346,13.274459456999391,8.602565616365137,13.864284278649585,14.443136459787933,7.151044707783287,12.178220731932209,14.901254154062881,8,4,6,6,6,1,1,0,6,2,6,WELLS_PRESENT,100.0,EVIDENCE_PRESENT,50.0,EVIDENCE_PRESENT,75.0,EVIDENCE_PRESENT,75.0,EVIDENCE_PRESENT,75.0,EVIDENCE_PRESENT,12.5,EVIDENCE_PRESENT,12.5,EVIDENCE_PRESENT,0.0,NO_EVIDENCE_IN_AUDITED_WELLS,75.0,EVIDENCE_PRESENT,25.0,EVIDENCE_PRESENT,75.0,REVIEW_REQUIRED_PRESENT
PIH-500-0058,500,500.0250877974305,7,EPSG:5880,DESCRIPTIVE_NO_PIH_SCORE,0.3089679105331371,5.1915056130450035,10.459814050546028,0.8290925312436722,0.3089679105331371,5.1915056130450035,0.05173669386633383,5,6.054032265749436,0.2857142857142857,0.9629610647945144,28.57142857142857,3,13.972611253323256,0.5714285714285714,0.914100892018565,42.857142857142854,1,18.97236038793627,0.8571428571428572,,100.0,21,NONE,5.804431308496221,11.95846370098284,14.0254807059807,7.160749895478722,13.292560540033264,17.977556484632405,7.160749895478722,13.292560540033264,17.977556484632405,7.160749895478722,13.292560540033264,17.977556484632405,7.160749895478722,13.292560540033264,17.977556484632405,7.160749895478722,13.292560540033264,17.977556484632405,10.615347525594604,15.296959924320493,19.49895373319609,10.615347525594604,15.296959924320493,19.49895373319609,20.092187170391533,26.42636114843794,28.425571558203362,7.160749895478722,13.292560540033264,17.977556484632405,9.849400459933243,15.296959924320493,18.419030395260513,6.943218762877761,11.95846370098284,14.0254807059807,5,5,5,5,5,3,3,0,2,4,3,WELLS_PRESENT,71.4286,EVIDENCE_PRESENT,71.4286,EVIDENCE_PRESENT,71.4286,EVIDENCE_PRESENT,71.4286,EVIDENCE_PRESENT,71.4286,EVIDENCE_PRESENT,42.8571,EVIDENCE_PRESENT,42.8571,EVIDENCE_PRESENT,0.0,NO_EVIDENCE_IN_AUDITED_WELLS,28.5714,EVIDENCE_PRESENT,57.1429,EVIDENCE_PRESENT,42.8571,REVIEW_REQUIRED_PRESENT
PIH-500-0059,500,500.00985364420114,0,EPSG:5880,DESCRIPTIVE_NO_PIH_SCORE,,,,,,,,0,0.0,,,,0,0.0,,,,0,0.0,,,,19,NONE,16.89264440775373,19.125596879753783,19.51796969453972,17.027433403927514,19.43398838475911,22.30730220402219,17.027433403927514,19.43398838475911,22.30730220402219,17.160818987433487,19.550432237488884,22.30872832902629,17.160818987433487,19.550432237488884,22.30872832902629,17.160818987433487,19.550432237488884,22.30872832902629,18.081694382998712,22.369241515412043,23.00591883290247,18.081694382998712,22.369241515412043,23.00591883290247,27.09617060020348,34.84415177312494,35.68128539882188,17.700897220239174,19.60454170868355,22.30872832902629,17.160818987433487,19.60454170868355,22.30872832902629,16.89264440775373,19.125596879753783,19.51796969453972,0,0,0,0,0,0,0,0,0,0,0,UNKNOWN_NO_WELLS_IN_DATASET,,UNKNOWN_NO_WELLS_IN_DATASET,,UNKNOWN_NO_WELLS_IN_DATASET,,UNKNOWN_NO_WELLS_IN_DATASET,,UNKNOWN_NO_WELLS_IN_DATASET,,UNKNOWN_NO_WELLS_IN_DATASET,,UNKNOWN_NO_WELLS_IN_DATASET,,UNKNOWN_NO_WELLS_IN_DATASET,,UNKNOWN_NO_WELLS_IN_DATASET,,UNKNOWN_NO_WELLS_IN_DATASET,,UNKNOWN_NO_WELLS_IN_DATASET,,UNKNOWN_NO_WELLS_IN_DATASET
PIH-500-0060,500,500.00174596082223,0,EPSG:5880,DESCRIPTIVE_NO_PIH_SCORE,,,,,,,,0,0.0,,,,0,0.0,,,,0,0.0,,,,16,NONE,16.530735871239784,19.405053442321233,20.73592943252035,16.530735871239784,19.405053442321233,20.73592943252035,16.530735871239784,19.434938587903666,20.73592943252035,17.145190690182382,19.850082973739344,21.115163743456215,17.145190690182382,19.850082973739344,21.115163743456215,17.145190690182382,19.850082973739344,21.115163743456215,18.819019784494145,22.155862972857197,23.753633939345164,18.819019784494145,22.155862972857197,23.753633939345164,32.20445122141575,37.271307310802975,39.074578219265355,17.673333201301038,20.774208831909828,21.115163743456215,18.732102112913783,22.155862972857197,23.753633939345164,17.025215131923996,20.027700777196337,20.73592943252035,0,0,0,0,0,0,0,0,0,0,0,UNKNOWN_NO_WELLS_IN_DATASET,,UNKNOWN_NO_WELLS_IN_DATASET,,UNKNOWN_NO_WELLS_IN_DATASET,,UNKNOWN_NO_WELLS_IN_DATASET,,UNKNOWN_NO_WELLS_IN_DATASET,,UNKNOWN_NO_WELLS_IN_DATASET,,UNKNOWN_NO_WELLS_IN_DATASET,,UNKNOWN_NO_WELLS_IN_DATASET,,UNKNOWN_NO_WELLS_IN_DATASET,,UNKNOWN_NO_WELLS_IN_DATASET,,UNKNOWN_NO_WELLS_IN_DATASET,,UNKNOWN_NO_WELLS_IN_DATASET
PIH-500-0061,500,500.00076474203337,3,EPSG:5880,DESCRIPTIVE_NO_PIH_SCORE,0.10699747397178255,8.727296918876513,7.403456319416913,0.586845961761973,0.10699747397178255,9.491459276488035,0.0012562713543300009,2,2.4999961762956815,0.33333333333333337,0.9182958340544894,66.66666666666666,2,9.999984705182726,0.33333333333333337,0.9182958340544894,66.66666666666666,2,39.999938820730904,0.33333333333333337,0.9182958340544894,66.66666666666666,21,NONE,6.497600483738391,12.769870688456024,13.322190622924468,6.497600483738391,12.769870688456024,13.322190622924468,6.497600483738391,12.769870688456024,13.322190622924468,6.497600483738391,12.769870688456024,13.322190622924468,6.497600483738391,12.769870688456024,13.322190622924468,6.497600483738391,12.769870688456024,13.322190622924468,16.21051900410341,20.014174449279288,21.184460547198174,16.21051900410341,20.014174449279288,21.184460547198174,16.236833363064008,22.525436834870074,24.72409303258816,8.215444687169937,12.769870688456024,13.322190622924468,15.928123353908676,19.715455528034454,21.184460547198174,6.497600483738391,12.769870688456024,13.322190622924468,3,3,3,3,3,0,0,0,1,0,3,WELLS_PRESENT,100.0,EVIDENCE_PRESENT,100.0,EVIDENCE_PRESENT,100.0,EVIDENCE_PRESENT,100.0,EVIDENCE_PRESENT,100.0,EVIDENCE_PRESENT,0.0,NO_EVIDENCE_IN_AUDITED_WELLS,0.0,NO_EVIDENCE_IN_AUDITED_WELLS,0.0,NO_EVIDENCE_IN_AUDITED_WELLS,33.3333,EVIDENCE_PRESENT,0.0,NO_EVIDENCE_IN_AUDITED_WELLS,100.0,REVIEW_REQUIRED_PRESENT
PIH-500-0062,500,500.0069101388248,2,EPSG:5880,DESCRIPTIVE_NO_PIH_SCORE,9.475770050258372,11.474559179716646,6.117137633492158,0.48488102073705974,17.69307851686652,17.69307851686652,,2,1.7437247951600416,0.0,1.0,50.0,2,5.881081695484227,0.0,1.0,50.0,2,22.508014374541357,0.0,1.0,50.0,21,NONE,7.211553026122759,11.993593129296292,16.84073494046631,7.211553026122759,11.993593129296292,16.84073494046631,9.682453525107611,18.581738360160504,20.752549549122385,9.573736262862624,16.85223146799204,20.75014255938628,9.573736262862624,16.85223146799204,20.75014255938628,9.573736262862624,16.85223146799204,20.75014255938628,22.138745678090597,29.06789593792131,31.531054521663936,22.138745678090597,29.06789593792131,31.531054521663936,22.138745678090597,29.295354506662594,31.531054521663936,13.466027019853598,22.82277535429066,23.461886397242175,14.047887736131601,22.89999946178332,24.959015833925978,7.211553026122759,11.993593129296292,16.84073494046631,2,1,1,1,1,0,0,0,1,0,2,WELLS_PRESENT,100.0,EVIDENCE_PRESENT,50.0,EVIDENCE_PRESENT,50.0,EVIDENCE_PRESENT,50.0,EVIDENCE_PRESENT,50.0,EVIDENCE_PRESENT,0.0,NO_EVIDENCE_IN_AUDITED_WELLS,0.0,NO_EVIDENCE_IN_AUDITED_WELLS,0.0,NO_EVIDENCE_IN_AUDITED_WELLS,50.0,EVIDENCE_PRESENT,0.0,NO_EVIDENCE_IN_AUDITED_WELLS,100.0,REVIEW_REQUIRED_PRESENT
PIH-500-0063,500,436.4773020665484,0,EPSG:5880,DESCRIPTIVE_NO_PIH_SCORE,,,,,,,,0,0.0,,,,0,0.0,,,,0,0.0,,,,18,NONE,14.716161881392695,21.55468604368777,23.795203581403364,14.716161881392695,21.55468604368777,23.795203581403364,18.88063163621066,24.229620445209832,29.794652142805464,14.716161881392695,21.55468604368777,23.795203581403364,14.716161881392695,21.55468604368777,23.795203581403364,14.716161881392695,21.55468604368777,23.795203581403364,21.774680948190984,28.6390739607535,32.72448549339432,21.774680948190984,28.6390739607535,32.72448549339432,30.402824761424338,36.320889457358774,41.95036228014559,14.716161881392695,21.55468604368777,23.795203581403364,16.54417989010033,22.157714203157447,24.286369042259395,14.716161881392695,21.55468604368777,23.795203581403364,0,0,0,0,0,0,0,0,0,0,0,UNKNOWN_NO_WELLS_IN_DATASET,,UNKNOWN_NO_WELLS_IN_DATASET,,UNKNOWN_NO_WELLS_IN_DATASET,,UNKNOWN_NO_WELLS_IN_DATASET,,UNKNOWN_NO_WELLS_IN_DATASET,,UNKNOWN_NO_WELLS_IN_DATASET,,UNKNOWN_NO_WELLS_IN_DATASET,,UNKNOWN_NO_WELLS_IN_DATASET,,UNKNOWN_NO_WELLS_IN_DATASET,,UNKNOWN_NO_WELLS_IN_DATASET,,UNKNOWN_NO_WELLS_IN_DATASET,,UNKNOWN_NO_WELLS_IN_DATASET
PIH-500-0064,500,168.8090846540512,0,EPSG:5880,DESCRIPTIVE_NO_PIH_SCORE,,,,,,,,0,0.0,,,,0,0.0,,,,0,0.0,,,,6,NONE,22.383224687315987,26.55336557979915,27.36765904668561,22.383224687315987,26.55336557979915,27.36765904668561,22.383224687315987,26.55336557979915,27.36765904668561,22.383224687315987,26.55336557979915,27.36765904668561,22.383224687315987,26.55336557979915,27.36765904668561,22.383224687315987,26.55336557979915,27.36765904668561,22.49998844863692,26.55336557979915,27.36765904668561,22.49998844863692,26.55336557979915,27.36765904668561,26.438334029435502,29.39250963150338,29.6696448983064,22.435730707719138,26.63926724942759,27.46369299274711,22.49998844863692,26.55336557979915,27.36765904668561,22.450787319360366,26.6461704435363,27.46369299274711,0,0,0,0,0,0,0,0,0,0,0,UNKNOWN_NO_WELLS_IN_DATASET,,UNKNOWN_NO_WELLS_IN_DATASET,,UNKNOWN_NO_WELLS_IN_DATASET,,UNKNOWN_NO_WELLS_IN_DATASET,,UNKNOWN_NO_WELLS_IN_DATASET,,UNKNOWN_NO_WELLS_IN_DATASET,,UNKNOWN_NO_WELLS_IN_DATASET,,UNKNOWN_NO_WELLS_IN_DATASET,,UNKNOWN_NO_WELLS_IN_DATASET,,UNKNOWN_NO_WELLS_IN_DATASET,,UNKNOWN_NO_WELLS_IN_DATASET,,UNKNOWN_NO_WELLS_IN_DATASET
PIH-500-0065,500,307.19943684057273,49,EPSG:5880,DESCRIPTIVE_NO_PIH_SCORE,0.10548493476015083,0.9396778857150866,7.559658667804697,0.764481386114332,0.10548493476015083,0.9396778857150866,0.2900938137370674,13,20.566132201438204,0.7346938775510203,0.9127162928766361,16.3265306122449,7,42.51524763027327,0.8571428571428572,0.7456751396808772,46.93877551020408,4,87.34505111927193,0.9183673469387755,0.5956795491805893,71.42857142857143,12,NONE,2.9976790361558328,6.1028682715114,7.368157687064101,3.7067927400612293,6.1028682715114,7.368157687064101,3.7067927400612293,6.1028682715114,7.368157687064101,3.7067927400612293,6.1028682715114,7.368157687064101,3.7067927400612293,6.1028682715114,7.368157687064101,3.7067927400612293,6.1028682715114,7.368157687064101,3.7298149560632057,6.1028682715114,7.368157687064101,3.7298149560632057,6.1028682715114,7.368157687064101,12.917079670732129,19.827622740462765,23.030238804168963,5.4576916703826726,9.869906432125488,10.8688621472635,3.7067927400612293,6.1028682715114,7.368157687064101,2.9976790361558328,6.1028682715114,7.368157687064101,47,47,45,45,43,25,25,0,9,37,44,WELLS_PRESENT,95.9184,EVIDENCE_PRESENT,95.9184,EVIDENCE_PRESENT,91.8367,EVIDENCE_PRESENT,91.8367,EVIDENCE_PRESENT,87.7551,EVIDENCE_PRESENT,51.0204,EVIDENCE_PRESENT,51.0204,EVIDENCE_PRESENT,0.0,NO_EVIDENCE_IN_AUDITED_WELLS,18.3673,EVIDENCE_PRESENT,75.5102,EVIDENCE_PRESENT,89.7959,REVIEW_REQUIRED_PRESENT
PIH-500-0066,500,500.13466952116994,2,EPSG:5880,DESCRIPTIVE_NO_PIH_SCORE,0.2752209306881193,0.2752209306881193,7.635409451251545,0.605151044216258,0.2752209306881193,0.2752209306881193,,1,1.249663416852058,0.5,,100.0,1,4.998653667408232,0.5,,100.0,1,17.954161687784488,0.5,,100.0,21,NONE,8.725765907493434,11.794895545900975,13.151521737288821,8.725765907493434,11.794895545900975,13.151521737288821,8.859360837342921,11.932948003016811,13.38592652048264,8.859360837342921,11.932948003016811,13.38592652048264,8.859360837342921,11.932948003016811,13.38592652048264,8.859360837342921,11.932948003016811,13.38592652048264,9.346447314636096,14.410626767866063,17.08995549639505,9.346447314636096,14.410626767866063,17.08995549639505,33.81116806521359,42.0406304405074,44.33892989383082,14.374603876920501,18.246451090464646,20.183254954623802,9.346447314636096,14.410626767866063,17.08995549639505,9.607082158736285,14.14622115029259,17.08995549639505,2,1,1,1,1,1,1,0,0,1,1,WELLS_PRESENT,100.0,EVIDENCE_PRESENT,50.0,EVIDENCE_PRESENT,50.0,EVIDENCE_PRESENT,50.0,EVIDENCE_PRESENT,50.0,EVIDENCE_PRESENT,50.0,EVIDENCE_PRESENT,50.0,EVIDENCE_PRESENT,0.0,NO_EVIDENCE_IN_AUDITED_WELLS,0.0,NO_EVIDENCE_IN_AUDITED_WELLS,50.0,EVIDENCE_PRESENT,50.0,REVIEW_REQUIRED_PRESENT
PIH-500-0067,500,500.09446625105085,13,EPSG:5880,DESCRIPTIVE_NO_PIH_SCORE,0.1846316022387997,0.5324234757330387,5.201387526163555,0.41225708081582557,0.1846316022387997,0.5324234757330387,0.0089577781521667,4,4.99905551593323,0.6923076923076923,0.6760150508789765,69.23076923076923,3,14.99716654779969,0.7692307692307692,0.7193329040881773,69.23076923076923,2,37.01612740994694,0.8461538461538461,0.3912435636292556,92.3076923076923,20,NONE,7.068285558613738,9.53428155499938,11.61092000168395,7.068285558613738,9.53428155499938,11.61092000168395,7.068285558613738,9.53428155499938,11.637395670026349,7.068285558613738,9.53428155499938,11.637395670026349,7.068285558613738,9.53428155499938,11.637395670026349,7.068285558613738,9.53428155499938,11.637395670026349,7.469784414946581,10.995047948957167,11.84144087155863,7.469784414946581,10.995047948957167,11.84144087155863,50.12495342426402,53.67292722931405,55.48642978861691,7.85196463604918,13.65694990004736,15.625092977015502,7.469784414946581,10.995047948957167,11.84144087155863,8.26289821772568,11.701511880476234,15.066317335607533,13,9,9,9,9,3,3,0,3,5,4,WELLS_PRESENT,100.0,EVIDENCE_PRESENT,69.2308,EVIDENCE_PRESENT,69.2308,EVIDENCE_PRESENT,69.2308,EVIDENCE_PRESENT,69.2308,EVIDENCE_PRESENT,23.0769,EVIDENCE_PRESENT,23.0769,EVIDENCE_PRESENT,0.0,NO_EVIDENCE_IN_AUDITED_WELLS,23.0769,EVIDENCE_PRESENT,38.4615,EVIDENCE_PRESENT,30.7692,REVIEW_REQUIRED_PRESENT
PIH-500-0068,500,500.0613913902884,9,EPSG:5880,DESCRIPTIVE_NO_PIH_SCORE,4.442771539208706,7.0190860357461,4.9727707633440765,0.3941501655380396,4.442771539208706,7.0190860357461,0.4954455796867466,8,7.2014758100871505,0.11111111111111116,0.9825675930733636,22.22222222222222,8,26.96519972719565,0.11111111111111116,0.9825675930733636,22.22222222222222,7,73.11633925038663,0.2222222222222222,0.9708357627258162,22.22222222222222,20,NONE,3.6261311077131584,7.3273089592513765,9.144365218202164,3.9625506716031382,8.563504473412644,10.339206639071321,3.9625506716031382,8.563504473412644,10.339206639071321,3.9625506716031382,8.563504473412644,10.339206639071321,3.9625506716031382,8.563504473412644,10.339206639071321,3.9625506716031382,8.563504473412644,10.339206639071321,10.436973561727923,15.13470465095121,17.495384201603343,10.436973561727923,15.13470465095121,17.495384201603343,27.675563978498687,36.56756102013453,37.868975297182935,3.9625506716031382,8.563504473412644,10.339206639071321,7.327256693443813,12.747027937413437,16.022372877685267,8.018296396400265,11.518799784287188,13.128267283541582,8,8,8,8,8,1,1,0,8,2,1,WELLS_PRESENT,88.8889,EVIDENCE_PRESENT,88.8889,EVIDENCE_PRESENT,88.8889,EVIDENCE_PRESENT,88.8889,EVIDENCE_PRESENT,88.8889,EVIDENCE_PRESENT,11.1111,EVIDENCE_PRESENT,11.1111,EVIDENCE_PRESENT,0.0,NO_EVIDENCE_IN_AUDITED_WELLS,88.8889,EVIDENCE_PRESENT,22.2222,EVIDENCE_PRESENT,11.1111,REVIEW_REQUIRED_PRESENT
PIH-500-0069,500,500.035444390072,54,EPSG:5880,DESCRIPTIVE_NO_PIH_SCORE,0.09671513020178649,1.3245011498251609,5.103687212351045,0.4045373186186547,0.09671513020178649,1.3245011498251609,0.4483628701886454,15,17.10629236119232,0.7222222222222222,0.8489716906305071,24.074074074074073,13,53.59242218739892,0.7592592592592593,0.8014652645395632,31.48148148148148,7,93.75637019450015,0.8703703703703703,0.7474366248528651,46.2962962962963,17,NONE,2.692261882899229,5.219464795433883,5.922292359002293,3.0618667464902596,5.498545655684489,5.922292359002293,3.0618667464902596,5.498545655684489,5.922292359002293,3.0618667464902596,5.498545655684489,5.922292359002293,3.0618667464902596,5.498545655684489,5.922292359002293,3.0618667464902596,5.498545655684489,5.922292359002293,4.774653333049231,6.083186223048317,9.48484885921505,4.774653333049231,6.083186223048317,9.48484885921505,10.083807519917295,15.678279673918759,18.89514741517294,3.0618667464902596,5.498545655684489,5.922292359002293,4.774653333049231,5.935500493455929,9.48484885921505,3.3892016198519377,7.4875831124519605,12.255045123507125,51,48,50,50,46,26,26,1,35,30,38,WELLS_PRESENT,94.4444,EVIDENCE_PRESENT,88.8889,EVIDENCE_PRESENT,92.5926,EVIDENCE_PRESENT,92.5926,EVIDENCE_PRESENT,85.1852,EVIDENCE_PRESENT,48.1481,EVIDENCE_PRESENT,48.1481,EVIDENCE_PRESENT,1.8519,EVIDENCE_PRESENT,64.8148,EVIDENCE_PRESENT,55.5556,EVIDENCE_PRESENT,70.3704,REVIEW_REQUIRED_PRESENT
PIH-500-0070,500,500.01662485688274,11,EPSG:5880,DESCRIPTIVE_NO_PIH_SCORE,0.9528887612569674,3.777340471438065,5.150132543757543,0.4082264312896842,0.9528887612569674,3.777340471438065,0.1360361224208473,8,8.799900251495966,0.2727272727272727,0.948450312207479,27.27272727272727,5,23.010952981168494,0.5454545454545454,0.9417623012206598,36.36363636363637,4,53.77451536381862,0.6363636363636364,0.8429078545765152,54.54545454545454,20,NONE,4.821393067640379,9.937600227631991,13.497605100503467,4.821393067640379,9.937600227631991,13.497605100503467,4.821393067640379,9.937600227631991,13.497605100503467,4.821393067640379,9.937600227631991,13.497605100503467,4.821393067640379,9.937600227631991,13.497605100503467,4.821393067640379,9.937600227631991,13.497605100503467,9.307772600061714,13.128652141478534,15.901192410852875,9.307772600061714,13.128652141478534,15.901192410852875,9.752375926881523,13.585479800680138,15.901192410852875,5.2362667375820955,10.603163210933504,13.497605100503467,8.202612218438091,12.202813042644935,13.497605100503467,5.511866440496849,10.733638603776024,15.18090919009768,10,10,10,10,10,1,1,1,8,3,7,WELLS_PRESENT,90.9091,EVIDENCE_PRESENT,90.9091,EVIDENCE_PRESENT,90.9091,EVIDENCE_PRESENT,90.9091,EVIDENCE_PRESENT,90.9091,EVIDENCE_PRESENT,9.0909,EVIDENCE_PRESENT,9.0909,EVIDENCE_PRESENT,9.0909,EVIDENCE_PRESENT,72.7273,EVIDENCE_PRESENT,27.2727,EVIDENCE_PRESENT,63.6364,REVIEW_REQUIRED_PRESENT
PIH-500-0071,500,500.00493255255947,36,EPSG:5880,DESCRIPTIVE_NO_PIH_SCORE,0.42072549849634355,2.108048862523505,7.183980312026541,0.5694464967045312,0.42072549849634355,2.108048862523505,0.30831600172000756,23,25.15481033646303,0.36111111111111116,0.9517934838791918,13.88888888888889,12,45.62142267035568,0.6666666666666667,0.9090697330930635,25.0,6,66.13847516848791,0.8333333333333334,0.9042405543444246,30.555555555555557,21,NONE,4.566683218005459,12.078510023650557,14.318199760443674,4.566683218005459,12.078510023650557,14.318199760443674,4.566683218005459,12.078510023650557,14.318199760443674,4.566683218005459,12.078510023650557,14.318199760443674,4.566683218005459,12.078510023650557,14.318199760443674,4.566683218005459,12.078510023650557,14.318199760443674,9.087233584504336,15.713822615373422,20.027719715010594,9.087233584504336,15.713822615373422,20.027719715010594,20.027719715010594,27.843138749628306,30.270089026409813,4.635973707349728,12.491226248934431,15.713822615373422,7.296849767511788,12.078510023650557,14.318199760443674,4.590956839380806,12.491226248934431,15.713822615373422,35,34,35,35,35,3,3,0,24,6,31,WELLS_PRESENT,97.2222,EVIDENCE_PRESENT,94.4444,EVIDENCE_PRESENT,97.2222,EVIDENCE_PRESENT,97.2222,EVIDENCE_PRESENT,97.2222,EVIDENCE_PRESENT,8.3333,EVIDENCE_PRESENT,8.3333,EVIDENCE_PRESENT,0.0,NO_EVIDENCE_IN_AUDITED_WELLS,66.6667,EVIDENCE_PRESENT,16.6667,EVIDENCE_PRESENT,86.1111,REVIEW_REQUIRED_PRESENT
PIH-500-0072,500,500.0003673943037,13,EPSG:5880,DESCRIPTIVE_NO_PIH_SCORE,0.43376156749081785,1.5820381247151718,10.505265205518464,0.8327157812174606,0.43376156749081785,1.6055661267394383,0.03419939968218025,7,8.112491020145232,0.46153846153846156,0.9686322539060782,23.076923076923077,3,11.633122155526564,0.7692307692307692,0.842088781560647,61.53846153846154,3,24.284059434949075,0.7692307692307692,0.842088781560647,61.53846153846154,20,NONE,7.161106125893883,12.0132304457921,15.236171849771774,7.161106125893883,12.0132304457921,15.236171849771774,7.161106125893883,12.0132304457921,15.236171849771774,7.161106125893883,12.0132304457921,15.236171849771774,7.161106125893883,12.0132304457921,15.236171849771774,7.161106125893883,12.0132304457921,15.236171849771774,10.40052242308664,14.342041583123116,15.439811813556753,10.40052242308664,14.342041583123116,15.439811813556753,21.93020663950942,27.30294571685912,29.27455499010173,7.161106125893883,12.0132304457921,15.236171849771774,10.40052242308664,14.311758242791415,15.439811813556753,7.773440724380725,12.0132304457921,15.236171849771774,13,11,13,13,13,1,1,0,12,1,13,WELLS_PRESENT,100.0,EVIDENCE_PRESENT,84.6154,EVIDENCE_PRESENT,100.0,EVIDENCE_PRESENT,100.0,EVIDENCE_PRESENT,100.0,EVIDENCE_PRESENT,7.6923,EVIDENCE_PRESENT,7.6923,EVIDENCE_PRESENT,0.0,NO_EVIDENCE_IN_AUDITED_WELLS,92.3077,EVIDENCE_PRESENT,7.6923,EVIDENCE_PRESENT,100.0,REVIEW_REQUIRED_PRESENT
PIH-500-0073,500,500.0029294547294,16,EPSG:5880,DESCRIPTIVE_NO_PIH_SCORE,0.09332479647344452,1.666008402721555,11.059364753560985,0.8766350763803916,0.09332479647344452,1.666008402721555,0.037640703705007876,6,5.924604634389034,0.625,0.9123763275816898,37.5,5,15.239387675492576,0.6875,0.9080636898218125,37.5,3,35.239270497990084,0.8125,0.5478948105177535,81.25,21,NONE,7.745244100904129,12.784388170977206,13.233538689281069,7.745244100904129,13.233538689281069,15.829731647560681,7.745244100904129,13.233538689281069,15.829731647560681,7.745244100904129,13.233538689281069,15.829731647560681,7.745244100904129,13.233538689281069,15.829731647560681,7.745244100904129,13.233538689281069,15.829731647560681,11.189141160579588,17.843371476181993,18.996276725950246,11.189141160579588,17.843371476181993,18.996276725950246,14.197979006873416,18.43708742813136,19.288087637900073,8.111157233658261,13.233538689281069,15.829731647560681,11.189141160579588,17.168000620912014,17.843371476181993,9.227144041238297,12.784388170977206,14.416035730557303,16,15,16,16,16,7,7,1,8,10,6,WELLS_PRESENT,100.0,EVIDENCE_PRESENT,93.75,EVIDENCE_PRESENT,100.0,EVIDENCE_PRESENT,100.0,EVIDENCE_PRESENT,100.0,EVIDENCE_PRESENT,43.75,EVIDENCE_PRESENT,43.75,EVIDENCE_PRESENT,6.25,EVIDENCE_PRESENT,50.0,EVIDENCE_PRESENT,62.5,EVIDENCE_PRESENT,37.5,REVIEW_REQUIRED_PRESENT
PIH-500-0074,500,500.01261896182547,1,EPSG:5880,DESCRIPTIVE_NO_PIH_SCORE,11.974256462081215,11.974256462081215,9.395166348254119,0.7447129876262294,,,,1,1.2499684533916071,0.0,,100.0,1,3.98700831539513,0.0,,100.0,1,17.65963691209241,0.0,,100.0,18,NONE,8.486319758452067,12.60929462293626,13.573377114773882,8.486319758452067,12.60929462293626,13.573377114773882,10.117441787156972,13.538093145143986,14.895120862300281,8.486319758452067,12.60929462293626,13.573377114773882,8.486319758452067,12.60929462293626,13.573377114773882,8.486319758452067,12.60929462293626,13.573377114773882,14.045276224097123,21.301992702689983,22.827408212690507,14.045276224097123,21.301992702689983,22.827408212690507,18.64797216505935,26.491461937503814,27.13371682090056,8.486319758452067,12.60929462293626,13.573377114773882,8.84620544786063,13.263829267548113,14.442433370624581,8.681925289722159,14.575802533724383,18.46372899763087,1,0,1,1,1,0,0,0,1,1,1,WELLS_PRESENT,100.0,EVIDENCE_PRESENT,0.0,NO_EVIDENCE_IN_AUDITED_WELLS,100.0,EVIDENCE_PRESENT,100.0,EVIDENCE_PRESENT,100.0,EVIDENCE_PRESENT,0.0,NO_EVIDENCE_IN_AUDITED_WELLS,0.0,NO_EVIDENCE_IN_AUDITED_WELLS,0.0,NO_EVIDENCE_IN_AUDITED_WELLS,100.0,EVIDENCE_PRESENT,100.0,EVIDENCE_PRESENT,100.0,REVIEW_REQUIRED_PRESENT
PIH-500-0075,500,500.02943629884805,16,EPSG:5880,DESCRIPTIVE_NO_PIH_SCORE,0.06748631420336296,3.5878941598842724,7.185871535849614,0.5695824501499981,0.06748631420336296,3.5878941598842724,0.10485012136317547,6,6.766560601012153,0.625,0.6958688724473058,62.5,4,14.453273567840998,0.75,0.7118974703476993,62.5,3,38.35469629033669,0.8125,0.707676529682256,68.75,20,NONE,5.642218197174028,13.921436194693442,16.201430969700738,5.642218197174028,13.921436194693442,16.201430969700738,5.649473769022521,13.921436194693442,16.201430969700738,5.642218197174028,13.921436194693442,16.201430969700738,5.642218197174028,13.921436194693442,16.201430969700738,5.642218197174028,13.921436194693442,16.201430969700738,6.724122068017014,14.381563644849708,16.201430969700738,6.724122068017014,14.381563644849708,16.201430969700738,12.004618890162064,18.73827891098038,20.72442229485951,5.714657308894134,13.921436194693442,16.324991560065108,6.724122068017014,14.381563644849708,16.201430969700738,5.742247001144591,13.921436194693442,16.36607110157697,16,15,16,16,16,8,8,1,9,11,9,WELLS_PRESENT,100.0,EVIDENCE_PRESENT,93.75,EVIDENCE_PRESENT,100.0,EVIDENCE_PRESENT,100.0,EVIDENCE_PRESENT,100.0,EVIDENCE_PRESENT,50.0,EVIDENCE_PRESENT,50.0,EVIDENCE_PRESENT,6.25,EVIDENCE_PRESENT,56.25,EVIDENCE_PRESENT,68.75,EVIDENCE_PRESENT,56.25,REVIEW_REQUIRED_PRESENT
PIH-500-0076,500,313.0033996320327,0,EPSG:5880,DESCRIPTIVE_NO_PIH_SCORE,,,,,,,,0,0.0,,,,0,0.0,,,,0,0.0,,,,12,NONE,19.77768782137879,23.98970641259137,24.090751501553505,19.77768782137879,23.98970641259137,24.090751501553505,19.77768782137879,23.98970641259137,24.090751501553505,20.28557073273721,24.032008034967706,25.17672124837293,20.28557073273721,24.032008034967706,25.17672124837293,20.28557073273721,24.032008034967706,25.17672124837293,23.953135734638693,29.43418439929257,30.83683564145123,23.953135734638693,29.43418439929257,30.83683564145123,24.76312854001907,31.113673447393406,31.78923555909264,19.77768782137879,23.98970641259137,24.090751501553505,20.956655299204293,25.113423436948757,27.2724970279408,20.28557073273721,24.032008034967706,25.17672124837293,0,0,0,0,0,0,0,0,0,0,0,UNKNOWN_NO_WELLS_IN_DATASET,,UNKNOWN_NO_WELLS_IN_DATASET,,UNKNOWN_NO_WELLS_IN_DATASET,,UNKNOWN_NO_WELLS_IN_DATASET,,UNKNOWN_NO_WELLS_IN_DATASET,,UNKNOWN_NO_WELLS_IN_DATASET,,UNKNOWN_NO_WELLS_IN_DATASET,,UNKNOWN_NO_WELLS_IN_DATASET,,UNKNOWN_NO_WELLS_IN_DATASET,,UNKNOWN_NO_WELLS_IN_DATASET,,UNKNOWN_NO_WELLS_IN_DATASET,,UNKNOWN_NO_WELLS_IN_DATASET
PIH-500-0077,500,4.260357668347324,0,EPSG:5880,DESCRIPTIVE_NO_PIH_SCORE,,,,,,,,0,0.0,,,,0,0.0,,,,0,0.0,,,,0,REPRESENTATIVE_POINT,21.26229973023986,21.26229973023986,21.26229973023986,21.26229973023986,21.26229973023986,21.26229973023986,21.26229973023986,21.26229973023986,21.26229973023986,21.26229973023986,21.26229973023986,21.26229973023986,21.26229973023986,21.26229973023986,21.26229973023986,21.26229973023986,21.26229973023986,21.26229973023986,32.76570700388862,32.76570700388862,32.76570700388862,32.76570700388862,32.76570700388862,32.76570700388862,49.3090793653883,49.3090793653883,49.3090793653883,21.26229973023986,21.26229973023986,21.26229973023986,30.23872452753486,30.23872452753486,30.23872452753486,21.26229973023986,21.26229973023986,21.26229973023986,0,0,0,0,0,0,0,0,0,0,0,UNKNOWN_NO_WELLS_IN_DATASET,,UNKNOWN_NO_WELLS_IN_DATASET,,UNKNOWN_NO_WELLS_IN_DATASET,,UNKNOWN_NO_WELLS_IN_DATASET,,UNKNOWN_NO_WELLS_IN_DATASET,,UNKNOWN_NO_WELLS_IN_DATASET,,UNKNOWN_NO_WELLS_IN_DATASET,,UNKNOWN_NO_WELLS_IN_DATASET,,UNKNOWN_NO_WELLS_IN_DATASET,,UNKNOWN_NO_WELLS_IN_DATASET,,UNKNOWN_NO_WELLS_IN_DATASET,,UNKNOWN_NO_WELLS_IN_DATASET
PIH-500-0078,500,0.08320810162510742,0,EPSG:5880,DESCRIPTIVE_NO_PIH_SCORE,,,,,,,,0,0.0,,,,0,0.0,,,,0,0.0,,,,0,REPRESENTATIVE_POINT,28.44282317534821,28.44282317534821,28.44282317534821,28.44282317534821,28.44282317534821,28.44282317534821,28.44282317534821,28.44282317534821,28.44282317534821,28.448063654437686,28.448063654437686,28.448063654437686,28.448063654437686,28.448063654437686,28.448063654437686,28.448063654437686,28.448063654437686,28.448063654437686,28.448063654437686,28.448063654437686,28.448063654437686,28.448063654437686,28.448063654437686,28.448063654437686,126.00008457665078,126.00008457665078,126.00008457665078,28.64120835106179,28.64120835106179,28.64120835106179,28.448063654437686,28.448063654437686,28.448063654437686,28.64120835106179,28.64120835106179,28.64120835106179,0,0,0,0,0,0,0,0,0,0,0,UNKNOWN_NO_WELLS_IN_DATASET,,UNKNOWN_NO_WELLS_IN_DATASET,,UNKNOWN_NO_WELLS_IN_DATASET,,UNKNOWN_NO_WELLS_IN_DATASET,,UNKNOWN_NO_WELLS_IN_DATASET,,UNKNOWN_NO_WELLS_IN_DATASET,,UNKNOWN_NO_WELLS_IN_DATASET,,UNKNOWN_NO_WELLS_IN_DATASET,,UNKNOWN_NO_WELLS_IN_DATASET,,UNKNOWN_NO_WELLS_IN_DATASET,,UNKNOWN_NO_WELLS_IN_DATASET,,UNKNOWN_NO_WELLS_IN_DATASET
PIH-500-0079,500,7.355636996637931,0,EPSG:5880,DESCRIPTIVE_NO_PIH_SCORE,,,,,,,,0,0.0,,,,0,0.0,,,,0,0.0,,,,0,REPRESENTATIVE_POINT,15.720158390049777,15.720158390049777,15.720158390049777,15.720158390049777,15.720158390049777,15.720158390049777,15.720158390049777,15.720158390049777,15.720158390049777,15.720158390049777,15.720158390049777,15.720158390049777,15.720158390049777,15.720158390049777,15.720158390049777,15.720158390049777,15.720158390049777,15.720158390049777,15.720158390049777,15.720158390049777,15.720158390049777,15.720158390049777,15.720158390049777,15.720158390049777,101.2792546651346,101.2792546651346,101.2792546651346,27.855688064875757,27.855688064875757,27.855688064875757,15.720158390049777,15.720158390049777,15.720158390049777,15.720158390049777,15.720158390049777,15.720158390049777,0,0,0,0,0,0,0,0,0,0,0,UNKNOWN_NO_WELLS_IN_DATASET,,UNKNOWN_NO_WELLS_IN_DATASET,,UNKNOWN_NO_WELLS_IN_DATASET,,UNKNOWN_NO_WELLS_IN_DATASET,,UNKNOWN_NO_WELLS_IN_DATASET,,UNKNOWN_NO_WELLS_IN_DATASET,,UNKNOWN_NO_WELLS_IN_DATASET,,UNKNOWN_NO_WELLS_IN_DATASET,,UNKNOWN_NO_WELLS_IN_DATASET,,UNKNOWN_NO_WELLS_IN_DATASET,,UNKNOWN_NO_WELLS_IN_DATASET,,UNKNOWN_NO_WELLS_IN_DATASET
PIH-500-0080,500,3.6913946371410975,0,EPSG:5880,DESCRIPTIVE_NO_PIH_SCORE,,,,,,,,0,0.0,,,,0,0.0,,,,0,0.0,,,,0,REPRESENTATIVE_POINT,12.055657690491168,12.055657690491168,12.055657690491168,12.055657690491168,12.055657690491168,12.055657690491168,12.055657690491168,12.055657690491168,12.055657690491168,12.055657690491168,12.055657690491168,12.055657690491168,12.055657690491168,12.055657690491168,12.055657690491168,12.055657690491168,12.055657690491168,12.055657690491168,12.055657690491168,12.055657690491168,12.055657690491168,12.055657690491168,12.055657690491168,12.055657690491168,79.11937499002718,79.11937499002718,79.11937499002718,25.68688578284794,25.68688578284794,25.68688578284794,12.055657690491168,12.055657690491168,12.055657690491168,12.055657690491168,12.055657690491168,12.055657690491168,0,0,0,0,0,0,0,0,0,0,0,UNKNOWN_NO_WELLS_IN_DATASET,,UNKNOWN_NO_WELLS_IN_DATASET,,UNKNOWN_NO_WELLS_IN_DATASET,,UNKNOWN_NO_WELLS_IN_DATASET,,UNKNOWN_NO_WELLS_IN_DATASET,,UNKNOWN_NO_WELLS_IN_DATASET,,UNKNOWN_NO_WELLS_IN_DATASET,,UNKNOWN_NO_WELLS_IN_DATASET,,UNKNOWN_NO_WELLS_IN_DATASET,,UNKNOWN_NO_WELLS_IN_DATASET,,UNKNOWN_NO_WELLS_IN_DATASET,,UNKNOWN_NO_WELLS_IN_DATASET
PIH-500-0081,500,2.630624940135982,0,EPSG:5880,DESCRIPTIVE_NO_PIH_SCORE,,,,,,,,0,0.0,,,,0,0.0,,,,0,0.0,,,,0,REPRESENTATIVE_POINT,7.5413885127622216,7.5413885127622216,7.5413885127622216,13.199737419761917,13.199737419761917,13.199737419761917,13.199737419761917,13.199737419761917,13.199737419761917,13.199737419761917,13.199737419761917,13.199737419761917,13.199737419761917,13.199737419761917,13.199737419761917,13.199737419761917,13.199737419761917,13.199737419761917,19.63453152076055,19.63453152076055,19.63453152076055,19.63453152076055,19.63453152076055,19.63453152076055,27.774466511495298,27.774466511495298,27.774466511495298,27.700202581475615,27.700202581475615,27.700202581475615,13.199737419761917,13.199737419761917,13.199737419761917,7.5413885127622216,7.5413885127622216,7.5413885127622216,0,0,0,0,0,0,0,0,0,0,0,UNKNOWN_NO_WELLS_IN_DATASET,,UNKNOWN_NO_WELLS_IN_DATASET,,UNKNOWN_NO_WELLS_IN_DATASET,,UNKNOWN_NO_WELLS_IN_DATASET,,UNKNOWN_NO_WELLS_IN_DATASET,,UNKNOWN_NO_WELLS_IN_DATASET,,UNKNOWN_NO_WELLS_IN_DATASET,,UNKNOWN_NO_WELLS_IN_DATASET,,UNKNOWN_NO_WELLS_IN_DATASET,,UNKNOWN_NO_WELLS_IN_DATASET,,UNKNOWN_NO_WELLS_IN_DATASET,,UNKNOWN_NO_WELLS_IN_DATASET
PIH-500-0082,500,29.711351928129226,0,EPSG:5880,DESCRIPTIVE_NO_PIH_SCORE,,,,,,,,0,0.0,,,,0,0.0,,,,0,0.0,,,,0,REPRESENTATIVE_POINT,6.703158458806998,6.703158458806998,6.703158458806998,6.703158458806998,6.703158458806998,6.703158458806998,6.703158458806998,6.703158458806998,6.703158458806998,6.703158458806998,6.703158458806998,6.703158458806998,6.703158458806998,6.703158458806998,6.703158458806998,6.703158458806998,6.703158458806998,6.703158458806998,6.703158458806998,6.703158458806998,6.703158458806998,6.703158458806998,6.703158458806998,6.703158458806998,9.801994247043675,9.801994247043675,9.801994247043675,9.718246444279407,9.718246444279407,9.718246444279407,6.703158458806998,6.703158458806998,6.703158458806998,10.038989178569956,10.038989178569956,10.038989178569956,0,0,0,0,0,0,0,0,0,0,0,UNKNOWN_NO_WELLS_IN_DATASET,,UNKNOWN_NO_WELLS_IN_DATASET,,UNKNOWN_NO_WELLS_IN_DATASET,,UNKNOWN_NO_WELLS_IN_DATASET,,UNKNOWN_NO_WELLS_IN_DATASET,,UNKNOWN_NO_WELLS_IN_DATASET,,UNKNOWN_NO_WELLS_IN_DATASET,,UNKNOWN_NO_WELLS_IN_DATASET,,UNKNOWN_NO_WELLS_IN_DATASET,,UNKNOWN_NO_WELLS_IN_DATASET,,UNKNOWN_NO_WELLS_IN_DATASET,,UNKNOWN_NO_WELLS_IN_DATASET
PIH-500-0083,500,256.85748317149057,12,EPSG:5880,DESCRIPTIVE_NO_PIH_SCORE,0.08649094072699466,0.2927171278430315,13.16359533670567,1.4558054741651356,0.08649094072699466,0.2927171278430315,0.004365746186691682,3,1.9037170340520115,0.75,0.6567045482143385,75.0,2,2.89170173648682,0.8333333333333334,0.4138168503036338,91.66666666666666,2,16.013346080813662,0.8333333333333334,0.4138168503036338,91.66666666666666,12,NONE,7.632786592491588,10.019545144087838,10.897631470847053,9.706201406046443,13.88181183549825,14.74983924354598,9.706201406046443,13.88181183549825,14.74983924354598,13.760708633151221,16.607939593019722,18.13978294197026,13.831794715555745,18.40260466822963,18.92148069039419,13.831794715555745,18.40260466822963,18.92148069039419,13.760708633151221,16.628927818094933,18.13978294197026,13.760708633151221,16.628927818094933,18.13978294197026,13.831794715555745,18.411125432753426,18.92148069039419,13.831794715555745,18.40260466822963,18.92148069039419,13.760708633151221,16.628927818094933,18.13978294197026,7.632786592491588,10.019545144087838,10.897631470847053,12,12,12,12,12,2,2,2,9,3,11,WELLS_PRESENT,100.0,EVIDENCE_PRESENT,100.0,EVIDENCE_PRESENT,100.0,EVIDENCE_PRESENT,100.0,EVIDENCE_PRESENT,100.0,EVIDENCE_PRESENT,16.6667,EVIDENCE_PRESENT,16.6667,EVIDENCE_PRESENT,16.6667,EVIDENCE_PRESENT,75.0,EVIDENCE_PRESENT,25.0,EVIDENCE_PRESENT,91.6667,REVIEW_REQUIRED_PRESENT
PIH-500-0084,500,500.15759274248455,1,EPSG:5880,DESCRIPTIVE_NO_PIH_SCORE,14.736079768032827,14.736079768032827,7.948576430818699,0.6299569300885768,,,,1,1.2496061422820246,0.0,,100.0,1,4.998424569128098,0.0,,100.0,1,14.994346851617598,0.0,,100.0,18,NONE,7.40604684236523,10.655544690938878,11.985940163646376,8.110872518441413,12.212986231696897,13.492672638241952,8.110872518441413,12.212986231696897,13.492672638241952,8.110872518441413,12.305798442334387,13.492672638241952,10.821988879397725,13.161458704740241,15.317762306027085,10.821988879397725,13.161458704740241,15.317762306027085,12.455707557066379,17.14782003599041,19.37196842348933,12.455707557066379,17.14782003599041,19.37196842348933,21.61304591466253,28.619919130742755,32.15854844538674,10.864281416325245,17.101907270334113,19.325313312505955,12.455707557066379,17.14782003599041,19.37196842348933,11.73496503116791,16.639300837143804,19.37196842348933,1,1,1,1,1,0,0,0,1,0,0,WELLS_PRESENT,100.0,EVIDENCE_PRESENT,100.0,EVIDENCE_PRESENT,100.0,EVIDENCE_PRESENT,100.0,EVIDENCE_PRESENT,100.0,EVIDENCE_PRESENT,0.0,NO_EVIDENCE_IN_AUDITED_WELLS,0.0,NO_EVIDENCE_IN_AUDITED_WELLS,0.0,NO_EVIDENCE_IN_AUDITED_WELLS,100.0,EVIDENCE_PRESENT,0.0,NO_EVIDENCE_IN_AUDITED_WELLS,0.0,NO_REVIEW_FLAG_IN_AUDITED_WELLS
PIH-500-0085,500,500.1138008595854,0,EPSG:5880,DESCRIPTIVE_NO_PIH_SCORE,,,,,,,,0,0.0,,,,0,0.0,,,,0,0.0,,,,21,NONE,11.654178211330906,15.993076228140703,16.66466820054674,13.40190865568624,17.94669880963553,18.361236411708376,13.40190865568624,17.94669880963553,18.540744058593777,14.663934395420302,18.11222612419841,20.75644068527901,14.988454301362623,18.632196392644065,20.75644068527901,14.988454301362623,18.632196392644065,20.75644068527901,18.352615255373767,21.65562080183345,23.592487065444907,18.352615255373767,21.65562080183345,23.592487065444907,43.410122278044945,51.9349776427398,54.498390558255394,15.12719225086819,19.637825594551305,20.75644068527901,15.079503915341743,19.49045364216224,21.93915173137781,13.241450194798835,16.66466820054674,19.229822082910335,0,0,0,0,0,0,0,0,0,0,0,UNKNOWN_NO_WELLS_IN_DATASET,,UNKNOWN_NO_WELLS_IN_DATASET,,UNKNOWN_NO_WELLS_IN_DATASET,,UNKNOWN_NO_WELLS_IN_DATASET,,UNKNOWN_NO_WELLS_IN_DATASET,,UNKNOWN_NO_WELLS_IN_DATASET,,UNKNOWN_NO_WELLS_IN_DATASET,,UNKNOWN_NO_WELLS_IN_DATASET,,UNKNOWN_NO_WELLS_IN_DATASET,,UNKNOWN_NO_WELLS_IN_DATASET,,UNKNOWN_NO_WELLS_IN_DATASET,,UNKNOWN_NO_WELLS_IN_DATASET
PIH-500-0086,500,500.0771383672633,12,EPSG:5880,DESCRIPTIVE_NO_PIH_SCORE,0.637533721118255,4.741386794876943,6.324916083722251,0.501315582219559,0.637533721118255,11.597820556162542,0.4872397332841534,7,8.459550547575692,0.41666666666666663,0.8983741916842145,33.33333333333333,6,21.496721732874764,0.5,0.911188669681059,33.33333333333333,5,50.25984417772232,0.5833333333333333,0.8401749385838428,41.66666666666667,21,NONE,3.9490512614749784,6.8176487279011475,8.075112879715737,4.782252760710597,8.075112879715737,10.342580587010284,4.782252760710597,8.075112879715737,10.342580587010284,4.782252760710597,8.075112879715737,10.342580587010284,4.782252760710597,8.075112879715737,10.342580587010284,5.772729075889332,9.707782186795926,12.530464261022018,15.99350817635452,21.390934407021177,25.78772811712067,15.99350817635452,21.390934407021177,25.78772811712067,48.46021388314468,56.8713606633645,58.20705144287494,4.782252760710597,8.075112879715737,10.342580587010284,8.050692490235765,12.382536173210411,13.116247434515591,7.877068155112608,11.907868679047127,12.947566467403963,11,10,11,10,7,0,0,0,10,2,2,WELLS_PRESENT,91.6667,EVIDENCE_PRESENT,83.3333,EVIDENCE_PRESENT,91.6667,EVIDENCE_PRESENT,83.3333,EVIDENCE_PRESENT,58.3333,EVIDENCE_PRESENT,0.0,NO_EVIDENCE_IN_AUDITED_WELLS,0.0,NO_EVIDENCE_IN_AUDITED_WELLS,0.0,NO_EVIDENCE_IN_AUDITED_WELLS,83.3333,EVIDENCE_PRESENT,16.6667,EVIDENCE_PRESENT,16.6667,REVIEW_REQUIRED_PRESENT
PIH-500-0087,500,500.0476046429572,41,EPSG:5880,DESCRIPTIVE_NO_PIH_SCORE,0.23215678386273822,2.0556468611261147,5.414044169417946,0.42913215274529015,0.23215678386273822,2.0556468611261147,0.5328775026163216,14,15.84770832424438,0.6585365853658536,0.9006081794232944,26.82926829268293,9,32.59846629140029,0.7804878048780488,0.8029478517942377,39.02439024390244,6,66.17574870607456,0.8536585365853658,0.7170705826680281,43.90243902439025,20,NONE,3.2656568244582327,6.069497202683406,8.768610468830648,3.829828534254575,6.069497202683406,8.768610468830648,3.829828534254575,6.069497202683406,8.768610468830648,3.829828534254575,6.069497202683406,8.768610468830648,3.829828534254575,6.069497202683406,8.768610468830648,3.829828534254575,6.069497202683406,8.768610468830648,6.573770992059311,10.69867071576229,12.45957007558471,6.573770992059311,10.69867071576229,12.45957007558471,32.53985505280467,39.53846015304771,41.06535780908087,3.830364825677367,6.069497202683406,8.768610468830648,6.024245293886505,8.63860011188305,11.117849982956466,5.635496314749097,10.449633263950973,12.987673156426307,39,35,38,36,32,2,2,0,27,5,6,WELLS_PRESENT,95.122,EVIDENCE_PRESENT,85.3659,EVIDENCE_PRESENT,92.6829,EVIDENCE_PRESENT,87.8049,EVIDENCE_PRESENT,78.0488,EVIDENCE_PRESENT,4.878,EVIDENCE_PRESENT,4.878,EVIDENCE_PRESENT,0.0,NO_EVIDENCE_IN_AUDITED_WELLS,65.8537,EVIDENCE_PRESENT,12.1951,EVIDENCE_PRESENT,14.6341,REVIEW_REQUIRED_PRESENT
PIH-500-0088,500,500.025199218287,15,EPSG:5880,DESCRIPTIVE_NO_PIH_SCORE,0.5755192283049301,3.3322426896833273,6.424765443055672,0.5092561325288039,0.5755192283049301,3.352497842041613,0.17505047904092128,9,9.073825707226364,0.4,0.8191965522212983,46.666666666666664,5,19.14140729200048,0.6666666666666667,0.7486316789498982,60.0,3,49.71945620802106,0.8,0.7835807040488098,66.66666666666666,21,NONE,4.126029863779725,6.610376276143619,9.506075422845148,4.126029863779725,6.610376276143619,9.506075422845148,4.126029863779725,7.4973965812126435,9.506075422845148,4.126029863779725,7.4973965812126435,9.506075422845148,4.126029863779725,7.4973965812126435,9.506075422845148,4.126029863779725,7.4973965812126435,9.506075422845148,9.023790239889783,13.667264884751487,14.426573441732927,9.023790239889783,13.667264884751487,14.426573441732927,21.346087584588375,28.631631883599656,30.005687793670113,4.401402980680879,8.212482899008814,10.0063160889689,9.023790239889783,12.67386136051623,13.842020808095658,6.610376276143619,10.48571519848695,11.049750477755463,15,12,14,14,14,4,4,0,8,7,3,WELLS_PRESENT,100.0,EVIDENCE_PRESENT,80.0,EVIDENCE_PRESENT,93.3333,EVIDENCE_PRESENT,93.3333,EVIDENCE_PRESENT,93.3333,EVIDENCE_PRESENT,26.6667,EVIDENCE_PRESENT,26.6667,EVIDENCE_PRESENT,0.0,NO_EVIDENCE_IN_AUDITED_WELLS,53.3333,EVIDENCE_PRESENT,46.6667,EVIDENCE_PRESENT,20.0,REVIEW_REQUIRED_PRESENT
PIH-500-0089,500,500.0099217795042,43,EPSG:5880,DESCRIPTIVE_NO_PIH_SCORE,0.2863131710574999,2.1476877044020806,3.5977030910427015,0.28517466796208196,0.2863131710574999,2.1476877044020806,0.6395456693656683,26,30.157882795776963,0.39534883720930236,0.9509747058769967,11.627906976744185,16,70.1112609265294,0.627906976744186,0.9415424794589305,18.6046511627907,8,94.6833284418865,0.813953488372093,0.8616717065124567,32.55813953488372,21,NONE,2.351739788133533,3.110802140766105,3.2673260167905225,2.4151796447170066,3.178574938347613,6.203633923367207,2.4151796447170066,3.178574938347613,6.203633923367207,2.4151796447170066,3.178574938347613,6.203633923367207,2.4151796447170066,3.178574938347613,6.203633923367207,2.4151796447170066,3.178574938347613,6.203633923367207,4.282851738822015,7.424155465077115,9.859804347227943,4.282851738822015,7.424155465077115,9.859804347227943,16.54096214372897,20.438220675805727,21.20282526044662,2.786226647246113,3.2038879105672216,7.055165699831208,4.198602866210243,6.648697215340793,7.038807211103762,2.978282257305317,3.835821370329491,5.983465473671537,37,36,37,37,37,4,4,0,28,7,22,WELLS_PRESENT,86.0465,EVIDENCE_PRESENT,83.7209,EVIDENCE_PRESENT,86.0465,EVIDENCE_PRESENT,86.0465,EVIDENCE_PRESENT,86.0465,EVIDENCE_PRESENT,9.3023,EVIDENCE_PRESENT,9.3023,EVIDENCE_PRESENT,0.0,NO_EVIDENCE_IN_AUDITED_WELLS,65.1163,EVIDENCE_PRESENT,16.2791,EVIDENCE_PRESENT,51.1628,REVIEW_REQUIRED_PRESENT
PIH-500-0090,500,500.0017721671962,62,EPSG:5880,DESCRIPTIVE_NO_PIH_SCORE,0.3979524426458942,2.073393832302481,6.036453118084221,0.47848794051256177,0.3979524426458942,2.073393832302481,0.5220872377880157,23,27.057864806434438,0.6290322580645161,0.8827490007935109,22.58064516129032,13,53.956260039647155,0.7903225806451613,0.7934754008451563,33.87096774193548,6,75.91267050608276,0.9032258064516129,0.8236754540998644,38.70967741935484,18,NONE,2.054291883943414,5.959548812958176,7.137693471405297,2.054291883943414,5.959548812958176,7.137693471405297,2.190746434347142,5.959548812958176,7.137693471405297,2.054291883943414,5.959548812958176,7.137693471405297,2.054291883943414,5.959548812958176,7.137693471405297,2.054291883943414,5.959548812958176,7.137693471405297,6.208741044744272,11.168432352286736,13.026169045036447,6.208741044744272,11.168432352286736,13.026169045036447,12.368061996965896,20.157341379397216,22.307826344711483,2.054291883943414,5.959548812958176,7.137693471405297,6.004901820201351,10.822427479017632,13.026169045036447,2.054291883943414,5.959548812958176,7.223404635796778,58,54,58,58,58,5,5,1,44,13,52,WELLS_PRESENT,93.5484,EVIDENCE_PRESENT,87.0968,EVIDENCE_PRESENT,93.5484,EVIDENCE_PRESENT,93.5484,EVIDENCE_PRESENT,93.5484,EVIDENCE_PRESENT,8.0645,EVIDENCE_PRESENT,8.0645,EVIDENCE_PRESENT,1.6129,EVIDENCE_PRESENT,70.9677,EVIDENCE_PRESENT,20.9677,EVIDENCE_PRESENT,83.871,REVIEW_REQUIRED_PRESENT
PIH-500-0091,500,500.0007503764994,37,EPSG:5880,DESCRIPTIVE_NO_PIH_SCORE,0.09669300265305826,1.3627492974779971,8.62277605128062,0.6834971612236623,0.09669300265305826,1.434890932384093,0.22488491580941647,12,13.627451898619583,0.6756756756756757,0.7888554797070803,40.54054054054054,7,32.4563671922572,0.8108108108108107,0.6765794588973896,59.45945945945946,4,60.85994555685987,0.8918918918918919,0.7387582495569394,59.45945945945946,21,NONE,5.145055602735637,9.413172884119119,10.52846945070487,5.145055602735637,9.413172884119119,10.52846945070487,5.145055602735637,9.413172884119119,10.52846945070487,5.145055602735637,9.413172884119119,10.52846945070487,5.145055602735637,9.413172884119119,10.52846945070487,5.145055602735637,9.413172884119119,10.52846945070487,6.04942996957856,10.309152039294021,12.554765854836537,6.04942996957856,10.309152039294021,12.554765854836537,11.769950679308602,18.36927627652762,21.800861216279067,5.145055602735637,9.413172884119119,10.52846945070487,5.58254807382374,10.273618187152717,12.51331506186306,5.22625514961081,9.749897208935229,11.186090017627802,35,35,35,35,33,18,18,1,19,24,11,WELLS_PRESENT,94.5946,EVIDENCE_PRESENT,94.5946,EVIDENCE_PRESENT,94.5946,EVIDENCE_PRESENT,94.5946,EVIDENCE_PRESENT,89.1892,EVIDENCE_PRESENT,48.6486,EVIDENCE_PRESENT,48.6486,EVIDENCE_PRESENT,2.7027,EVIDENCE_PRESENT,51.3514,EVIDENCE_PRESENT,64.8649,EVIDENCE_PRESENT,29.7297,REVIEW_REQUIRED_PRESENT
PIH-500-0092,500,500.00685655691933,10,EPSG:5880,DESCRIPTIVE_NO_PIH_SCORE,0.797915914311218,3.548922003035986,2.3937509172595632,0.18974306610121242,0.797915914311218,6.134313808681125,0.20522750101433926,5,5.7682487482876645,0.5,0.8445412464587144,50.0,4,16.306091575336115,0.6,0.7854752972273343,60.0,3,35.61088078111009,0.7,0.8649735207179272,60.0,21,NONE,5.4426272125897155,8.82890580689878,12.428325281057303,7.040853855273169,10.839160218610973,13.7442123187838,7.040853855273169,10.839160218610973,13.7442123187838,7.040853855273169,10.839160218610973,13.7442123187838,7.040853855273169,10.839160218610973,13.7442123187838,7.040853855273169,10.839160218610973,13.7442123187838,8.796849633284198,12.517175737850561,15.212469022477423,8.796849633284198,12.517175737850561,15.212469022477423,9.645016770864391,14.3939089499787,16.45699685169519,7.040853855273169,10.927042283632044,13.7442123187838,8.796849633284198,12.498943377424093,15.212469022477423,8.53170871191317,14.951066035351925,16.819151234000103,9,9,9,9,9,4,4,1,7,5,4,WELLS_PRESENT,90.0,EVIDENCE_PRESENT,90.0,EVIDENCE_PRESENT,90.0,EVIDENCE_PRESENT,90.0,EVIDENCE_PRESENT,90.0,EVIDENCE_PRESENT,40.0,EVIDENCE_PRESENT,40.0,EVIDENCE_PRESENT,10.0,EVIDENCE_PRESENT,70.0,EVIDENCE_PRESENT,50.0,EVIDENCE_PRESENT,40.0,REVIEW_REQUIRED_PRESENT
PIH-500-0093,500,500.0200910124197,12,EPSG:5880,DESCRIPTIVE_NO_PIH_SCORE,0.05583249860916581,0.5691494740693116,10.896026709611178,0.8636730499812568,0.05583249860916581,0.5691494740693116,0.041335259743352094,4,3.5066231526506377,0.6666666666666667,0.8647869792568114,50.0,3,9.969007305739993,0.75,0.75,66.66666666666666,2,23.916578047429567,0.8333333333333334,0.4138168503036338,91.66666666666666,21,NONE,5.533773371075415,9.404309894360269,10.601709569647904,5.533773371075415,9.404309894360269,10.601709569647904,6.376513146341241,9.983537081098438,10.601709569647904,5.533773371075415,9.43387051826786,10.601709569647904,5.533773371075415,9.43387051826786,10.601709569647904,5.533773371075415,9.43387051826786,10.601709569647904,7.025494760170676,10.18445969911826,10.601709569647904,7.025494760170676,10.18445969911826,10.601709569647904,11.06059600628243,18.24059388993675,21.10566017827643,7.0255340235451085,10.052724965612931,10.624161472037528,6.628799083893249,10.18445969911826,10.601709569647904,6.376513146341241,14.960000021629023,17.073166589201094,12,9,9,9,9,2,2,0,10,5,9,WELLS_PRESENT,100.0,EVIDENCE_PRESENT,75.0,EVIDENCE_PRESENT,75.0,EVIDENCE_PRESENT,75.0,EVIDENCE_PRESENT,75.0,EVIDENCE_PRESENT,16.6667,EVIDENCE_PRESENT,16.6667,EVIDENCE_PRESENT,0.0,NO_EVIDENCE_IN_AUDITED_WELLS,83.3333,EVIDENCE_PRESENT,41.6667,EVIDENCE_PRESENT,75.0,REVIEW_REQUIRED_PRESENT
PIH-500-0094,500,500.0404542014243,17,EPSG:5880,DESCRIPTIVE_NO_PIH_SCORE,0.09299694155424888,4.036309189270703,9.417999864581368,0.7465021205065708,0.09406204693365845,4.036309189270703,0.12201023982575035,5,5.941450254371073,0.7058823529411764,0.7646763470337442,41.17647058823529,4,18.65793479000545,0.7647058823529411,0.7598642307897806,47.05882352941176,2,30.22779043451285,0.8823529411764706,0.5225593745369408,88.23529411764706,21,NONE,4.899834508121554,10.819120785233054,12.90255549247295,4.899834508121554,10.819120785233054,12.90255549247295,4.899834508121554,10.819120785233054,12.90255549247295,6.385702008765515,12.605649066438785,14.884626581094334,6.385702008765515,12.605649066438785,14.884626581094334,6.385702008765515,12.605649066438785,14.884626581094334,11.6728810721559,19.21210030107077,22.609019980981948,11.6728810721559,19.21210030107077,22.609019980981948,21.298599194629443,28.376092499238293,30.548628554323887,4.899834508121554,10.819120785233054,12.90255549247295,7.554976062412075,12.90255549247295,15.469243476598237,6.76740203903086,12.605649066438785,14.884626581094334,17,15,16,16,15,7,7,0,8,11,4,WELLS_PRESENT,100.0,EVIDENCE_PRESENT,88.2353,EVIDENCE_PRESENT,94.1176,EVIDENCE_PRESENT,94.1176,EVIDENCE_PRESENT,88.2353,EVIDENCE_PRESENT,41.1765,EVIDENCE_PRESENT,41.1765,EVIDENCE_PRESENT,0.0,NO_EVIDENCE_IN_AUDITED_WELLS,47.0588,EVIDENCE_PRESENT,64.7059,EVIDENCE_PRESENT,23.5294,REVIEW_REQUIRED_PRESENT
PIH-500-0095,500,494.24704965654774,0,EPSG:5880,DESCRIPTIVE_NO_PIH_SCORE,,,,,,,,0,0.0,,,,0,0.0,,,,0,0.0,,,,17,NONE,15.350385648400504,21.863990074236515,22.889979077997708,15.350385648400504,21.863990074236515,22.889979077997708,15.350385648400504,21.863990074236515,22.889979077997708,17.745216614898126,24.196164264335863,26.023218422580044,17.745216614898126,24.196164264335863,26.023218422580044,19.267007363518132,24.196164264335863,26.023218422580044,27.214308847573474,33.31525112396949,35.17608198856936,27.214308847573474,33.31525112396949,35.17608198856936,41.71375094061228,48.09980092106095,50.68371777500232,15.350385648400504,21.863990074236515,22.889979077997708,19.531604700121488,24.878299992845083,27.260035647618825,17.745216614898126,24.196164264335863,26.023218422580044,0,0,0,0,0,0,0,0,0,0,0,UNKNOWN_NO_WELLS_IN_DATASET,,UNKNOWN_NO_WELLS_IN_DATASET,,UNKNOWN_NO_WELLS_IN_DATASET,,UNKNOWN_NO_WELLS_IN_DATASET,,UNKNOWN_NO_WELLS_IN_DATASET,,UNKNOWN_NO_WELLS_IN_DATASET,,UNKNOWN_NO_WELLS_IN_DATASET,,UNKNOWN_NO_WELLS_IN_DATASET,,UNKNOWN_NO_WELLS_IN_DATASET,,UNKNOWN_NO_WELLS_IN_DATASET,,UNKNOWN_NO_WELLS_IN_DATASET,,UNKNOWN_NO_WELLS_IN_DATASET
PIH-500-0096,500,208.2129336548355,1,EPSG:5880,DESCRIPTIVE_NO_PIH_SCORE,11.659825673443546,11.659825673443546,5.729106863863676,0.7037331475523115,,,,1,0.7835218760052511,0.0,,100.0,1,0.7835218760052511,0.0,,100.0,1,30.12373472054958,0.0,,100.0,10,NONE,8.492589005623575,15.100921652858474,19.19260004518787,8.492589005623575,15.100921652858474,19.19260004518787,8.492589005623575,15.100921652858474,19.19260004518787,8.492589005623575,15.100921652858474,19.19260004518787,8.492589005623575,15.100921652858474,19.19260004518787,8.492589005623575,15.100921652858474,19.19260004518787,16.35333721569637,26.668476879231626,30.548635090771317,16.35333721569637,26.668476879231626,30.548635090771317,61.648608126894786,69.18561676782087,69.47261120339003,8.492589005623575,15.100921652858474,19.19260004518787,16.314036331443354,26.627176238542955,30.50809213030452,8.492589005623575,15.100921652858474,19.19260004518787,1,1,1,1,1,0,0,0,1,0,1,WELLS_PRESENT,100.0,EVIDENCE_PRESENT,100.0,EVIDENCE_PRESENT,100.0,EVIDENCE_PRESENT,100.0,EVIDENCE_PRESENT,100.0,EVIDENCE_PRESENT,0.0,NO_EVIDENCE_IN_AUDITED_WELLS,0.0,NO_EVIDENCE_IN_AUDITED_WELLS,0.0,NO_EVIDENCE_IN_AUDITED_WELLS,100.0,EVIDENCE_PRESENT,0.0,NO_EVIDENCE_IN_AUDITED_WELLS,100.0,REVIEW_REQUIRED_PRESENT
PIH-500-0097,500,55.88303003203905,0,EPSG:5880,DESCRIPTIVE_NO_PIH_SCORE,,,,,,,,0,0.0,,,,0,0.0,,,,0,0.0,,,,2,NONE,48.17311086027837,49.77091816972618,50.17036999708813,48.17311086027837,49.77091816972618,50.17036999708813,48.17311086027837,49.77091816972618,50.17036999708813,48.17311086027837,49.77091816972618,50.17036999708813,48.17311086027837,49.77091816972618,50.17036999708813,89.1311009390668,90.81486914300298,91.23581119398703,89.1311009390668,90.81486914300298,91.23581119398703,89.1311009390668,90.81486914300298,91.23581119398703,186.1223117371782,186.56322725823495,186.67345613849912,48.17311086027837,49.77091816972618,50.17036999708813,48.17311086027837,49.77091816972618,50.17036999708813,48.17311086027837,49.77091816972618,50.17036999708813,0,0,0,0,0,0,0,0,0,0,0,UNKNOWN_NO_WELLS_IN_DATASET,,UNKNOWN_NO_WELLS_IN_DATASET,,UNKNOWN_NO_WELLS_IN_DATASET,,UNKNOWN_NO_WELLS_IN_DATASET,,UNKNOWN_NO_WELLS_IN_DATASET,,UNKNOWN_NO_WELLS_IN_DATASET,,UNKNOWN_NO_WELLS_IN_DATASET,,UNKNOWN_NO_WELLS_IN_DATASET,,UNKNOWN_NO_WELLS_IN_DATASET,,UNKNOWN_NO_WELLS_IN_DATASET,,UNKNOWN_NO_WELLS_IN_DATASET,,UNKNOWN_NO_WELLS_IN_DATASET
PIH-500-0098,500,141.23327080351902,0,EPSG:5880,DESCRIPTIVE_NO_PIH_SCORE,,,,,,,,0,0.0,,,,0,0.0,,,,0,0.0,,,,6,NONE,33.5908198361538,38.95339214045132,41.34565115070587,33.5908198361538,38.95339214045132,41.34565115070587,33.5908198361538,38.95339214045132,41.34565115070587,33.5908198361538,38.95339214045132,41.34565115070587,33.5908198361538,38.95339214045132,41.34565115070587,74.33777324179364,79.66041178674435,82.11207046495656,74.33777324179364,79.66041178674435,82.11207046495656,74.33777324179364,79.66041178674435,82.11207046495656,174.21802042749306,179.6537105600999,181.60874973300176,33.5908198361538,38.95339214045132,41.34565115070587,33.5908198361538,38.95339214045132,41.34565115070587,33.5908198361538,38.95339214045132,41.34565115070587,0,0,0,0,0,0,0,0,0,0,0,UNKNOWN_NO_WELLS_IN_DATASET,,UNKNOWN_NO_WELLS_IN_DATASET,,UNKNOWN_NO_WELLS_IN_DATASET,,UNKNOWN_NO_WELLS_IN_DATASET,,UNKNOWN_NO_WELLS_IN_DATASET,,UNKNOWN_NO_WELLS_IN_DATASET,,UNKNOWN_NO_WELLS_IN_DATASET,,UNKNOWN_NO_WELLS_IN_DATASET,,UNKNOWN_NO_WELLS_IN_DATASET,,UNKNOWN_NO_WELLS_IN_DATASET,,UNKNOWN_NO_WELLS_IN_DATASET,,UNKNOWN_NO_WELLS_IN_DATASET
PIH-500-0099,500,257.06117504703565,0,EPSG:5880,DESCRIPTIVE_NO_PIH_SCORE,,,,,,,,0,0.0,,,,0,0.0,,,,0,0.0,,,,11,NONE,12.439660335749819,17.106572401382998,18.99668548087897,12.439660335749819,17.106572401382998,18.99668548087897,12.439660335749819,17.106572401382998,18.99668548087897,12.439660335749819,17.106572401382998,18.99668548087897,12.439660335749819,17.106572401382998,18.99668548087897,46.83127383507062,54.64438443232986,56.61774746447275,46.83127383507062,54.64438443232986,56.61774746447275,46.83127383507062,54.64438443232986,56.61774746447275,155.32972570619143,159.2562025763253,162.62477076153365,12.439660335749819,17.106572401382998,18.99668548087897,12.439660335749819,17.106572401382998,18.99668548087897,12.439660335749819,17.106572401382998,18.99668548087897,0,0,0,0,0,0,0,0,0,0,0,UNKNOWN_NO_WELLS_IN_DATASET,,UNKNOWN_NO_WELLS_IN_DATASET,,UNKNOWN_NO_WELLS_IN_DATASET,,UNKNOWN_NO_WELLS_IN_DATASET,,UNKNOWN_NO_WELLS_IN_DATASET,,UNKNOWN_NO_WELLS_IN_DATASET,,UNKNOWN_NO_WELLS_IN_DATASET,,UNKNOWN_NO_WELLS_IN_DATASET,,UNKNOWN_NO_WELLS_IN_DATASET,,UNKNOWN_NO_WELLS_IN_DATASET,,UNKNOWN_NO_WELLS_IN_DATASET,,UNKNOWN_NO_WELLS_IN_DATASET
PIH-500-0100,500,407.98329321108315,0,EPSG:5880,DESCRIPTIVE_NO_PIH_SCORE,,,,,,,,0,0.0,,,,0,0.0,,,,0,0.0,,,,16,NONE,22.179941153925053,27.768901731368786,29.973735577448398,22.179941153925053,27.768901731368786,29.973735577448398,22.179941153925053,27.768901731368786,29.973735577448398,22.179941153925053,27.768901731368786,29.973735577448398,22.179941153925053,27.768901731368786,29.973735577448398,29.980082603241733,36.549931298481795,39.90020680234572,29.980082603241733,36.549931298481795,39.90020680234572,29.980082603241733,36.549931298481795,39.90020680234572,137.00088022097015,145.33870545630845,145.4864446104716,22.281752932148883,27.768901731368786,30.10431620403369,22.179941153925053,27.768901731368786,29.973735577448398,22.281752932148883,27.768901731368786,30.10431620403369,0,0,0,0,0,0,0,0,0,0,0,UNKNOWN_NO_WELLS_IN_DATASET,,UNKNOWN_NO_WELLS_IN_DATASET,,UNKNOWN_NO_WELLS_IN_DATASET,,UNKNOWN_NO_WELLS_IN_DATASET,,UNKNOWN_NO_WELLS_IN_DATASET,,UNKNOWN_NO_WELLS_IN_DATASET,,UNKNOWN_NO_WELLS_IN_DATASET,,UNKNOWN_NO_WELLS_IN_DATASET,,UNKNOWN_NO_WELLS_IN_DATASET,,UNKNOWN_NO_WELLS_IN_DATASET,,UNKNOWN_NO_WELLS_IN_DATASET,,UNKNOWN_NO_WELLS_IN_DATASET
PIH-500-0101,500,419.77234074388343,0,EPSG:5880,DESCRIPTIVE_NO_PIH_SCORE,,,,,,,,0,0.0,,,,0,0.0,,,,0,0.0,,,,18,NONE,18.08808275826641,23.52034675152577,27.572950797369284,18.08808275826641,23.52034675152577,27.572950797369284,18.08808275826641,23.52034675152577,27.572950797369284,18.08808275826641,23.52034675152577,27.578331229984247,18.08808275826641,23.52034675152577,27.578331229984247,18.08808275826641,23.52034675152577,27.578331229984247,18.08808275826641,23.52034675152577,27.578331229984247,18.08808275826641,23.52034675152577,27.578331229984247,115.34449490350636,125.33851608433545,125.51353602210699,18.94874722803242,24.357370952348923,27.778219606678675,18.08808275826641,23.52034675152577,27.578331229984247,18.19009844325463,23.793641337281866,27.778219606678675,0,0,0,0,0,0,0,0,0,0,0,UNKNOWN_NO_WELLS_IN_DATASET,,UNKNOWN_NO_WELLS_IN_DATASET,,UNKNOWN_NO_WELLS_IN_DATASET,,UNKNOWN_NO_WELLS_IN_DATASET,,UNKNOWN_NO_WELLS_IN_DATASET,,UNKNOWN_NO_WELLS_IN_DATASET,,UNKNOWN_NO_WELLS_IN_DATASET,,UNKNOWN_NO_WELLS_IN_DATASET,,UNKNOWN_NO_WELLS_IN_DATASET,,UNKNOWN_NO_WELLS_IN_DATASET,,UNKNOWN_NO_WELLS_IN_DATASET,,UNKNOWN_NO_WELLS_IN_DATASET
PIH-500-0102,500,476.30194506336204,1,EPSG:5880,DESCRIPTIVE_NO_PIH_SCORE,24.540652287355304,24.540652287355304,2.3089555119658978,0.18752074684278705,,,,1,1.3121928358215222,0.0,,100.0,1,5.248771343286089,0.0,,100.0,1,20.995085373144356,0.0,,100.0,21,NONE,8.987008051620222,13.268182550129353,14.215104315698465,8.987008051620222,13.268182550129353,14.215104315698465,8.987008051620222,13.268182550129353,14.215104315698465,8.987008051620222,13.268182550129353,14.215104315698465,8.987008051620222,13.268182550129353,14.215104315698465,8.987008051620222,13.268182550129353,14.215104315698465,8.987008051620222,13.268182550129353,14.215104315698465,8.987008051620222,13.268182550129353,14.215104315698465,90.58971522022999,100.33700526848114,100.56254483650413,22.59820444839195,29.77285115248166,35.487824071482045,8.987008051620222,13.268182550129353,14.215104315698465,8.987008051620222,13.268182550129353,14.215104315698465,1,1,1,1,1,1,1,0,0,1,1,WELLS_PRESENT,100.0,EVIDENCE_PRESENT,100.0,EVIDENCE_PRESENT,100.0,EVIDENCE_PRESENT,100.0,EVIDENCE_PRESENT,100.0,EVIDENCE_PRESENT,100.0,EVIDENCE_PRESENT,100.0,EVIDENCE_PRESENT,0.0,NO_EVIDENCE_IN_AUDITED_WELLS,0.0,NO_EVIDENCE_IN_AUDITED_WELLS,100.0,EVIDENCE_PRESENT,100.0,REVIEW_REQUIRED_PRESENT
PIH-500-0103,500,301.74413222411704,2,EPSG:5880,DESCRIPTIVE_NO_PIH_SCORE,5.7457041811718,5.7457041811718,9.653329883905371,0.9849919183731788,5.7457041811718,5.7457041811718,,2,4.0203514617647516,0.0,1.0,50.0,2,15.794680133610461,0.0,1.0,50.0,1,20.06678999501632,0.5,,100.0,12,NONE,8.656543238280413,13.840905917463502,18.37218017279061,8.656543238280413,13.840905917463502,18.37218017279061,8.973771328876301,13.840905917463502,18.37218017279061,8.656543238280413,13.840905917463502,18.37218017279061,8.656543238280413,13.840905917463502,18.37218017279061,8.656543238280413,13.840905917463502,18.37218017279061,8.973771328876301,13.840905917463502,18.37218017279061,8.973771328876301,13.840905917463502,18.37218017279061,68.46864859389761,74.88610082975751,75.37493965318762,11.546211842072347,18.41320551985757,19.081387590794115,8.973771328876301,13.840905917463502,18.37218017279061,11.546211842072347,14.746170083214682,18.37218017279061,2,1,2,2,2,1,1,0,1,1,1,WELLS_PRESENT,100.0,EVIDENCE_PRESENT,50.0,EVIDENCE_PRESENT,100.0,EVIDENCE_PRESENT,100.0,EVIDENCE_PRESENT,100.0,EVIDENCE_PRESENT,50.0,EVIDENCE_PRESENT,50.0,EVIDENCE_PRESENT,0.0,NO_EVIDENCE_IN_AUDITED_WELLS,50.0,EVIDENCE_PRESENT,50.0,EVIDENCE_PRESENT,50.0,REVIEW_REQUIRED_PRESENT
PIH-500-0104,500,187.42080878533133,0,EPSG:5880,DESCRIPTIVE_NO_PIH_SCORE,,,,,,,,0,0.0,,,,0,0.0,,,,0,0.0,,,,7,NONE,12.754128063083733,15.891420044906576,17.75336331280949,12.754128063083733,15.891420044906576,17.75336331280949,13.60279671214298,18.00103375480943,18.37253941780934,12.754128063083733,15.891420044906576,17.75336331280949,12.754128063083733,15.891420044906576,17.75336331280949,12.754128063083733,15.891420044906576,17.75336331280949,24.61351579705258,28.264351477584487,28.588209343494963,24.61351579705258,28.264351477584487,28.588209343494963,35.44101926406081,40.693955049201534,41.09646589287946,16.614461738768274,21.12999064625976,21.4518561135468,13.60279671214298,18.00103375480943,18.37253941780934,13.870637861208234,16.60956211093911,18.675329734140917,0,0,0,0,0,0,0,0,0,0,0,UNKNOWN_NO_WELLS_IN_DATASET,,UNKNOWN_NO_WELLS_IN_DATASET,,UNKNOWN_NO_WELLS_IN_DATASET,,UNKNOWN_NO_WELLS_IN_DATASET,,UNKNOWN_NO_WELLS_IN_DATASET,,UNKNOWN_NO_WELLS_IN_DATASET,,UNKNOWN_NO_WELLS_IN_DATASET,,UNKNOWN_NO_WELLS_IN_DATASET,,UNKNOWN_NO_WELLS_IN_DATASET,,UNKNOWN_NO_WELLS_IN_DATASET,,UNKNOWN_NO_WELLS_IN_DATASET,,UNKNOWN_NO_WELLS_IN_DATASET
PIH-500-0105,500,481.3516445500209,3,EPSG:5880,DESCRIPTIVE_NO_PIH_SCORE,6.806470826047736,7.8262437547040005,1.1196886515908664,0.09045675059850798,6.806470826047736,12.382942478203772,0.09713252346990882,3,3.7832342797370933,0.0,0.9999999999999998,33.33333333333333,3,12.75563775621768,0.0,0.9999999999999998,33.33333333333333,2,25.49311936132356,0.33333333333333337,0.9182958340544894,66.66666666666666,16,NONE,5.254913789655743,7.198563795216176,8.500758814895477,5.831170803318107,9.669509161126523,10.625579449173795,5.831170803318107,9.669509161126523,10.625579449173795,5.831170803318107,9.669509161126523,10.625579449173795,5.831170803318107,9.669509161126523,10.625579449173795,5.831170803318107,9.669509161126523,10.625579449173795,12.677781816985654,18.230538936225003,20.370581436077433,12.677781816985654,18.230538936225003,20.370581436077433,18.841605593290858,25.882306136715073,26.5410272675588,14.14001087248842,21.491290015734204,26.158385014372115,5.9415152507218565,10.566093741194791,10.683191365768826,7.919922245538337,12.181316172851751,15.120073200789049,2,2,2,2,2,1,1,0,0,2,1,WELLS_PRESENT,66.6667,EVIDENCE_PRESENT,66.6667,EVIDENCE_PRESENT,66.6667,EVIDENCE_PRESENT,66.6667,EVIDENCE_PRESENT,66.6667,EVIDENCE_PRESENT,33.3333,EVIDENCE_PRESENT,33.3333,EVIDENCE_PRESENT,0.0,NO_EVIDENCE_IN_AUDITED_WELLS,0.0,NO_EVIDENCE_IN_AUDITED_WELLS,66.6667,EVIDENCE_PRESENT,33.3333,REVIEW_REQUIRED_PRESENT
PIH-500-0106,500,482.35706789100556,17,EPSG:5880,DESCRIPTIVE_NO_PIH_SCORE,0.08408324799459364,0.642297296171366,5.229220770112277,0.42201471127988677,0.08408324799459364,0.642297296171366,0.015051533894276627,3,3.2802789314042085,0.8235294117647058,0.40392528723498305,88.23529411764706,3,11.70689323932115,0.8235294117647058,0.40392528723498305,88.23529411764706,3,49.71497609132175,0.8235294117647058,0.40392528723498305,88.23529411764706,19,NONE,5.920752954580837,12.3330906480156,15.783462141377187,6.199158622955629,12.372260153356729,15.783462141377187,6.199158622955629,12.41332563736879,15.836194128902935,7.810416321712635,13.576588790544653,15.783462141377187,7.810416321712635,13.576588790544653,15.783462141377187,7.810416321712635,13.576588790544653,15.783462141377187,7.810416321712635,13.576588790544653,15.783462141377187,7.810416321712635,13.576588790544653,15.783462141377187,7.975200789852129,13.652916975571367,15.836194128902935,7.975200789852129,13.576588790544653,15.783462141377187,7.810416321712635,13.576588790544653,15.783462141377187,7.222346441391767,12.3330906480156,15.783462141377187,16,14,13,13,13,8,8,4,9,11,4,WELLS_PRESENT,94.1176,EVIDENCE_PRESENT,82.3529,EVIDENCE_PRESENT,76.4706,EVIDENCE_PRESENT,76.4706,EVIDENCE_PRESENT,76.4706,EVIDENCE_PRESENT,47.0588,EVIDENCE_PRESENT,47.0588,EVIDENCE_PRESENT,23.5294,EVIDENCE_PRESENT,52.9412,EVIDENCE_PRESENT,64.7059,EVIDENCE_PRESENT,23.5294,REVIEW_REQUIRED_PRESENT
PIH-500-0107,500,500.18232115796417,4,EPSG:5880,DESCRIPTIVE_NO_PIH_SCORE,4.00382442460621,9.346492077821983,6.6073550114994966,0.5236467464615032,4.00382442460621,9.346492077821983,0.059844998654014166,4,4.497722233941221,0.0,1.0,25.0,4,18.586476176684677,0.0,1.0,25.0,2,34.620696408228184,0.5,0.8112781244591328,75.0,21,NONE,7.183058163983091,13.5377214144299,16.951817671853615,10.394259935484744,15.983670103515225,17.619734648577847,10.394259935484744,15.983670103515225,17.619734648577847,10.394259935484744,16.417509161799472,17.619734648577847,15.024900450741141,18.67740448649374,19.909322116399533,15.024900450741141,18.67740448649374,19.909322116399533,10.394259935484744,16.417509161799472,17.619734648577847,10.394259935484744,16.417509161799472,17.619734648577847,27.872816273802403,34.13621473816644,38.97313413995197,24.222644773947824,28.30494428958684,29.281361373380843,10.394259935484744,16.417509161799472,17.619734648577847,8.059170409866146,13.5377214144299,16.951817671853615,2,2,2,0,0,2,2,0,0,2,2,WELLS_PRESENT,50.0,EVIDENCE_PRESENT,50.0,EVIDENCE_PRESENT,50.0,EVIDENCE_PRESENT,0.0,NO_EVIDENCE_IN_AUDITED_WELLS,0.0,NO_EVIDENCE_IN_AUDITED_WELLS,50.0,EVIDENCE_PRESENT,50.0,EVIDENCE_PRESENT,0.0,NO_EVIDENCE_IN_AUDITED_WELLS,0.0,NO_EVIDENCE_IN_AUDITED_WELLS,50.0,EVIDENCE_PRESENT,50.0,REVIEW_REQUIRED_PRESENT
PIH-500-0108,500,500.13494020638285,9,EPSG:5880,DESCRIPTIVE_NO_PIH_SCORE,2.9794744717878023,5.010947265750727,2.4493750814246287,0.19412730863381192,2.9794744717878023,6.371704093246491,0.2700652028512345,9,10.591212435364842,0.0,1.0,11.11111111111111,7,32.07702421839688,0.2222222222222222,0.9409583900892994,33.33333333333333,5,66.65479155282009,0.4444444444444444,0.9101415926479804,33.33333333333333,22,NONE,3.9799185520156746,8.381068660111437,9.141656677751248,3.9799185520156746,8.381068660111437,9.141656677751248,3.9799185520156746,8.381068660111437,9.141656677751248,5.396639046038648,8.558132723088281,12.525305129360195,7.261488260974192,11.794339519069974,13.65227441763953,7.261488260974192,11.794339519069974,13.65227441763953,7.1411422228690995,10.66835854387762,12.525305129360195,7.1411422228690995,10.66835854387762,12.525305129360195,42.65986229614803,49.21741598007736,51.170998085089884,13.921174525783272,21.058605543182427,22.25984217311208,6.78273252510659,8.939745241788401,12.525305129360195,8.095767658322846,10.442213819355006,13.504203265546407,9,9,6,3,3,5,5,0,1,5,3,WELLS_PRESENT,100.0,EVIDENCE_PRESENT,100.0,EVIDENCE_PRESENT,66.6667,EVIDENCE_PRESENT,33.3333,EVIDENCE_PRESENT,33.3333,EVIDENCE_PRESENT,55.5556,EVIDENCE_PRESENT,55.5556,EVIDENCE_PRESENT,0.0,NO_EVIDENCE_IN_AUDITED_WELLS,11.1111,EVIDENCE_PRESENT,55.5556,EVIDENCE_PRESENT,33.3333,REVIEW_REQUIRED_PRESENT
PIH-500-0109,500,500.0946896212242,20,EPSG:5880,DESCRIPTIVE_NO_PIH_SCORE,0.3966203106255961,1.9294842741499418,3.06685344149113,0.24307586357654495,0.3966203106255961,1.9294842741499418,0.20608844145994282,7,8.198880350490208,0.65,0.8176600066499254,45.0,5,19.03628476203252,0.75,0.7807682010093013,45.0,4,58.57420764524929,0.8,0.8564438107590802,45.0,21,NONE,3.453020165540144,8.19169564389896,11.151590079727715,3.998331932291539,8.19169564389896,11.151590079727715,3.998331932291539,8.19169564389896,11.151590079727715,3.998331932291539,8.19169564389896,11.151590079727715,3.998331932291539,8.19169564389896,11.151590079727715,3.998331932291539,8.577768774494986,11.486192729548383,19.714194368403806,25.702919709387174,27.171222366813517,19.714194368403806,25.702919709387174,27.171222366813517,57.68127308861153,62.36619824278724,64.7100448200256,4.094614568114245,8.19169564389896,11.151590079727715,10.194144461771623,14.784697313719246,17.67176421402287,4.47477698232433,9.777833276248076,12.795861022123114,16,16,16,16,14,0,0,0,16,1,11,WELLS_PRESENT,80.0,EVIDENCE_PRESENT,80.0,EVIDENCE_PRESENT,80.0,EVIDENCE_PRESENT,80.0,EVIDENCE_PRESENT,70.0,EVIDENCE_PRESENT,0.0,NO_EVIDENCE_IN_AUDITED_WELLS,0.0,NO_EVIDENCE_IN_AUDITED_WELLS,0.0,NO_EVIDENCE_IN_AUDITED_WELLS,80.0,EVIDENCE_PRESENT,5.0,EVIDENCE_PRESENT,55.0,REVIEW_REQUIRED_PRESENT
PIH-500-0110,500,500.06156870690603,15,EPSG:5880,DESCRIPTIVE_NO_PIH_SCORE,0.36021465070659914,6.348183039243761,3.72940177122845,0.29559859780979725,0.36021465070659914,7.2262954975899385,0.5551118876779115,9,10.65732822818161,0.4,0.9380528753589501,26.666666666666668,8,28.865288776269182,0.4666666666666667,0.9022968652028397,26.666666666666668,6,71.96589363200437,0.6,0.8119767939014099,40.0,17,NONE,3.4505412473685655,5.708388023007208,8.36140328450223,3.4505412473685655,6.26171514180575,8.36140328450223,3.4505412473685655,6.26171514180575,8.36140328450223,4.785147525395753,6.543600396228361,8.36140328450223,4.785147525395753,6.543600396228361,8.36140328450223,4.785147525395753,6.543600396228361,8.36140328450223,12.547332346013821,20.67407936246465,21.15653085938714,12.547332346013821,20.67407936246465,21.15653085938714,47.97257121098561,57.348118080555324,57.84647609268034,5.931985576931219,7.65483038130749,8.36140328450223,11.095078064859932,16.8613542715557,19.424205010386324,6.406501254383436,9.002658703531724,9.410700168360885,14,13,11,11,11,0,0,0,5,0,2,WELLS_PRESENT,93.3333,EVIDENCE_PRESENT,86.6667,EVIDENCE_PRESENT,73.3333,EVIDENCE_PRESENT,73.3333,EVIDENCE_PRESENT,73.3333,EVIDENCE_PRESENT,0.0,NO_EVIDENCE_IN_AUDITED_WELLS,0.0,NO_EVIDENCE_IN_AUDITED_WELLS,0.0,NO_EVIDENCE_IN_AUDITED_WELLS,33.3333,EVIDENCE_PRESENT,0.0,NO_EVIDENCE_IN_AUDITED_WELLS,13.3333,REVIEW_REQUIRED_PRESENT
PIH-500-0111,500,500.03557692130926,152,EPSG:5880,DESCRIPTIVE_NO_PIH_SCORE,0.25100123470903113,1.1603115309984986,4.927797403341034,0.39059558337352035,0.25100123470903113,1.1603115309984986,0.7865609540732603,31,36.746015794973424,0.7960526315789473,0.8540855377893366,18.421052631578945,19,76.57752314756216,0.875,0.7071945633368013,36.84210526315789,9,99.99999999999972,0.9407894736842105,0.7258562897644038,43.42105263157895,20,NONE,1.442064023367509,3.4442371457560657,4.835809612208541,1.442064023367509,3.4442371457560657,4.835809612208541,1.442064023367509,3.4442371457560657,4.835809612208541,1.442064023367509,3.4442371457560657,4.835809612208541,1.442064023367509,3.4442371457560657,4.835809612208541,1.442064023367509,3.4442371457560657,4.835809612208541,3.0491174651788775,5.185895015727191,6.841679969788857,3.0491174651788775,5.185895015727191,6.841679969788857,27.82219747732813,35.061535115287676,38.136384907208196,1.9167150199240175,4.262518685375514,4.863147411099239,2.7389979793020087,4.763794001620922,5.465659255370874,3.4914271718581826,6.260666221188113,7.237814244933321,138,128,129,128,122,34,34,0,81,58,24,WELLS_PRESENT,90.7895,EVIDENCE_PRESENT,84.2105,EVIDENCE_PRESENT,84.8684,EVIDENCE_PRESENT,84.2105,EVIDENCE_PRESENT,80.2632,EVIDENCE_PRESENT,22.3684,EVIDENCE_PRESENT,22.3684,EVIDENCE_PRESENT,0.0,NO_EVIDENCE_IN_AUDITED_WELLS,53.2895,EVIDENCE_PRESENT,38.1579,EVIDENCE_PRESENT,15.7895,REVIEW_REQUIRED_PRESENT
PIH-500-0112,500,500.01671387583224,30,EPSG:5880,DESCRIPTIVE_NO_PIH_SCORE,0.2357911398498076,0.6840958051367448,1.250948361304697,0.09915669848619146,0.2357911398498076,0.6840958051367448,0.4373332647729619,13,16.24886784980539,0.5666666666666667,0.9565274755414253,13.333333333333334,10,43.14964166057253,0.6666666666666667,0.9451054244126187,20.0,6,79.39463719724897,0.8,0.9299056100857233,33.33333333333333,21,NONE,3.211148791689718,5.262686224514098,7.191188936767751,3.211148791689718,5.490549331538652,7.191188936767751,3.211148791689718,5.490549331538652,7.191188936767751,3.211148791689718,5.490549331538652,7.191188936767751,3.211148791689718,5.490549331538652,7.191188936767751,3.211148791689718,5.490549331538652,7.191188936767751,7.74880837584855,11.083459995319489,12.509206051196328,7.74880837584855,11.083459995319489,12.509206051196328,8.409635467137301,15.0795915651762,18.109097210177513,3.211148791689718,5.490549331538652,7.191188936767751,7.74880837584855,11.054409575661822,12.509206051196328,4.91224923739801,7.534253497172581,9.5389631362956,27,24,26,26,26,3,3,1,21,5,6,WELLS_PRESENT,90.0,EVIDENCE_PRESENT,80.0,EVIDENCE_PRESENT,86.6667,EVIDENCE_PRESENT,86.6667,EVIDENCE_PRESENT,86.6667,EVIDENCE_PRESENT,10.0,EVIDENCE_PRESENT,10.0,EVIDENCE_PRESENT,3.3333,EVIDENCE_PRESENT,70.0,EVIDENCE_PRESENT,16.6667,EVIDENCE_PRESENT,20.0,REVIEW_REQUIRED_PRESENT
PIH-500-0113,500,500.00497933549764,17,EPSG:5880,DESCRIPTIVE_NO_PIH_SCORE,0.8578740109844286,4.0883678436627955,1.03871658421213,0.08233506588078461,0.8578740109844286,4.275624267191724,0.5457933696283059,12,13.742085148821042,0.2941176470588235,0.963698336942612,17.647058823529413,10,37.634006334948886,0.4117647058823529,0.9337592912531703,23.52941176470588,5,59.16625822693713,0.7058823529411764,0.9312193002569462,29.411764705882355,22,NONE,4.077400990428677,4.980080212635434,5.452852692322086,4.639537359299103,7.915047795380099,9.325141398298426,4.639537359299103,7.915047795380099,9.325141398298426,4.639537359299103,7.915047795380099,9.325141398298426,4.639537359299103,7.915047795380099,9.325141398298426,4.639537359299103,7.915047795380099,9.325141398298426,7.073259000844713,11.34543972968162,15.912162534775154,7.073259000844713,11.34543972968162,15.912162534775154,14.589184450142804,18.866616689839113,23.76975977960036,4.639537359299103,9.221795278272202,11.542396061912118,5.6755512684778795,9.466872780745563,11.354954948845206,4.904986207626184,7.211944969658471,8.973798651652514,11,11,11,11,11,1,1,0,10,2,7,WELLS_PRESENT,64.7059,EVIDENCE_PRESENT,64.7059,EVIDENCE_PRESENT,64.7059,EVIDENCE_PRESENT,64.7059,EVIDENCE_PRESENT,64.7059,EVIDENCE_PRESENT,5.8824,EVIDENCE_PRESENT,5.8824,EVIDENCE_PRESENT,0.0,NO_EVIDENCE_IN_AUDITED_WELLS,58.8235,EVIDENCE_PRESENT,11.7647,EVIDENCE_PRESENT,41.1765,REVIEW_REQUIRED_PRESENT
PIH-500-0114,500,500.000373218826,9,EPSG:5880,DESCRIPTIVE_NO_PIH_SCORE,0.22625382479723494,2.7866417747775243,4.7294533372483665,0.37488729037043766,0.22625382479723494,3.465850314129778,0.17532524605841515,6,5.760302479292906,0.33333333333333337,0.8824252235446577,44.44444444444444,5,17.362071675260808,0.4444444444444444,0.886682880001534,44.44444444444444,3,32.89341718208444,0.6666666666666667,0.8783471047618534,44.44444444444444,21,NONE,5.742470572691332,10.119279718234358,12.036279513395026,5.742470572691332,10.119279718234358,12.036279513395026,5.742470572691332,10.119279718234358,12.036279513395026,5.742470572691332,10.119279718234358,12.036279513395026,5.742470572691332,10.119279718234358,12.036279513395026,5.930075748342332,10.119279718234358,12.036279513395026,11.044423086207738,14.979880494212496,16.117882453615564,11.044423086207738,15.022740958007335,16.117882453615564,17.029504901997665,25.38169742599307,27.606935144680588,5.742470572691332,10.119279718234358,12.036279513395026,7.739135638377047,12.1785535725314,14.396932178444148,5.742470572691332,10.119279718234358,12.036279513395026,8,8,8,8,7,2,2,0,8,4,7,WELLS_PRESENT,88.8889,EVIDENCE_PRESENT,88.8889,EVIDENCE_PRESENT,88.8889,EVIDENCE_PRESENT,88.8889,EVIDENCE_PRESENT,77.7778,EVIDENCE_PRESENT,22.2222,EVIDENCE_PRESENT,22.2222,EVIDENCE_PRESENT,0.0,NO_EVIDENCE_IN_AUDITED_WELLS,88.8889,EVIDENCE_PRESENT,44.4444,EVIDENCE_PRESENT,77.7778,REVIEW_REQUIRED_PRESENT
PIH-500-0115,500,500.0028955977249,35,EPSG:5880,DESCRIPTIVE_NO_PIH_SCORE,0.12605607118887546,2.2902509914483424,1.3925363324596678,0.11038122556774833,0.12605607118887546,2.2941232508192644,0.35915364722325566,12,14.324475683191707,0.6571428571428571,0.7492816417771628,45.714285714285715,10,44.036507235349475,0.7142857142857143,0.695076291361269,51.42857142857142,6,87.83370401569022,0.8285714285714285,0.6812450884476406,60.0,20,NONE,3.2472850592701192,7.127658208530473,9.396987725566051,3.2472850592701192,7.127658208530473,9.396987725566051,3.2472850592701192,7.127658208530473,9.396987725566051,3.2472850592701192,7.127658208530473,9.396987725566051,3.2472850592701192,7.127658208530473,9.396987725566051,3.763853253912571,7.127658208530473,9.396987725566051,5.417559860550159,9.456144885291154,10.096421313219839,5.524732742443679,9.459733516483329,10.096421313219839,19.038953724527804,25.040000435742854,29.5099099474942,3.554768907092913,7.127658208530473,9.396987725566051,5.524732742443679,9.459733516483329,10.096421313219839,3.9907417803470624,7.410488817391642,9.449266249437171,34,31,34,34,33,20,17,0,20,19,18,WELLS_PRESENT,97.1429,EVIDENCE_PRESENT,88.5714,EVIDENCE_PRESENT,97.1429,EVIDENCE_PRESENT,97.1429,EVIDENCE_PRESENT,94.2857,EVIDENCE_PRESENT,57.1429,EVIDENCE_PRESENT,48.5714,EVIDENCE_PRESENT,0.0,NO_EVIDENCE_IN_AUDITED_WELLS,57.1429,EVIDENCE_PRESENT,54.2857,EVIDENCE_PRESENT,51.4286,REVIEW_REQUIRED_PRESENT
PIH-500-0116,500,500.0125466978744,0,EPSG:5880,DESCRIPTIVE_NO_PIH_SCORE,,,,,,,,0,0.0,,,,0,0.0,,,,0,0.0,,,,17,NONE,11.984595443957973,15.660682173219783,17.195688387023154,11.984595443957973,15.660682173219783,17.195688387023154,11.984595443957973,15.660682173219783,17.195688387023154,11.984595443957973,15.660682173219783,17.195688387023154,11.984595443957973,15.660682173219783,17.195688387023154,11.984595443957973,15.660682173219783,17.195688387023154,13.37446039458915,16.90473157681934,18.06701935025491,13.37446039458915,16.90473157681934,18.06701935025491,23.79366419988624,29.954680120857084,33.787537765624755,11.984595443957973,15.664028680564991,17.195688387023154,13.37446039458915,16.90473157681934,18.06701935025491,13.18499549832845,16.88300451532645,19.15698544626158,0,0,0,0,0,0,0,0,0,0,0,UNKNOWN_NO_WELLS_IN_DATASET,,UNKNOWN_NO_WELLS_IN_DATASET,,UNKNOWN_NO_WELLS_IN_DATASET,,UNKNOWN_NO_WELLS_IN_DATASET,,UNKNOWN_NO_WELLS_IN_DATASET,,UNKNOWN_NO_WELLS_IN_DATASET,,UNKNOWN_NO_WELLS_IN_DATASET,,UNKNOWN_NO_WELLS_IN_DATASET,,UNKNOWN_NO_WELLS_IN_DATASET,,UNKNOWN_NO_WELLS_IN_DATASET,,UNKNOWN_NO_WELLS_IN_DATASET,,UNKNOWN_NO_WELLS_IN_DATASET
PIH-500-0117,500,500.02932689829805,46,EPSG:5880,DESCRIPTIVE_NO_PIH_SCORE,0.12610103153401905,0.41328853784041186,8.069608674646334,0.6396312486989575,0.12610103153401905,0.41328853784041186,0.08813070375487717,9,9.464472936222105,0.8043478260869565,0.8473285433609876,34.78260869565217,6,19.177602078655465,0.8695652173913043,0.7513614361073553,56.52173913043478,3,42.60543620418959,0.9347826086956522,0.5633024910433625,80.43478260869566,21,NONE,5.851073262452568,9.952866201515516,13.47293747161097,5.851073262452568,9.952866201515516,13.47293747161097,5.851073262452568,9.952866201515516,13.47293747161097,5.851073262452568,9.952866201515516,13.47293747161097,5.851073262452568,9.952866201515516,13.47293747161097,5.851073262452568,9.952866201515516,13.47293747161097,5.851073262452568,10.149684284549233,13.47293747161097,5.851073262452568,10.149684284549233,13.47293747161097,31.7148446788612,40.81292260733566,42.61706060309296,5.851073262452568,9.952866201515516,13.47293747161097,5.851073262452568,10.149684284549233,13.47293747161097,7.919299068012682,12.074112239731814,15.102102954576203,45,41,42,42,38,17,17,0,23,26,36,WELLS_PRESENT,97.8261,EVIDENCE_PRESENT,89.1304,EVIDENCE_PRESENT,91.3043,EVIDENCE_PRESENT,91.3043,EVIDENCE_PRESENT,82.6087,EVIDENCE_PRESENT,36.9565,EVIDENCE_PRESENT,36.9565,EVIDENCE_PRESENT,0.0,NO_EVIDENCE_IN_AUDITED_WELLS,50.0,EVIDENCE_PRESENT,56.5217,EVIDENCE_PRESENT,78.2609,REVIEW_REQUIRED_PRESENT
PIH-500-0118,500,500.0532367315576,0,EPSG:5880,DESCRIPTIVE_NO_PIH_SCORE,,,,,,,,0,0.0,,,,0,0.0,,,,0,0.0,,,,22,NONE,12.502747144680441,19.157258842603202,21.994367790328255,12.502747144680441,19.157258842603202,21.994367790328255,12.502747144680441,19.157258842603202,21.994367790328255,14.327279545810338,19.157258842603202,21.994367790328255,14.327279545810338,19.157258842603202,21.994367790328255,21.25427209872929,27.18586288402538,28.41185580762754,21.528029996329863,28.4221456301527,30.219887808389924,21.528029996329863,28.4221456301527,30.219887808389924,43.59561447771202,51.07666583783347,54.333243430098406,12.502747144680441,19.157258842603202,21.994367790328255,17.06480149095301,24.59462338662166,27.36651495009419,14.327279545810338,19.195533089239785,21.994367790328255,0,0,0,0,0,0,0,0,0,0,0,UNKNOWN_NO_WELLS_IN_DATASET,,UNKNOWN_NO_WELLS_IN_DATASET,,UNKNOWN_NO_WELLS_IN_DATASET,,UNKNOWN_NO_WELLS_IN_DATASET,,UNKNOWN_NO_WELLS_IN_DATASET,,UNKNOWN_NO_WELLS_IN_DATASET,,UNKNOWN_NO_WELLS_IN_DATASET,,UNKNOWN_NO_WELLS_IN_DATASET,,UNKNOWN_NO_WELLS_IN_DATASET,,UNKNOWN_NO_WELLS_IN_DATASET,,UNKNOWN_NO_WELLS_IN_DATASET,,UNKNOWN_NO_WELLS_IN_DATASET
PIH-500-0119,500,500.08427688385973,1,EPSG:5880,DESCRIPTIVE_NO_PIH_SCORE,17.000224801561576,17.000224801561576,7.149580412892008,0.5666747887637847,,,,1,1.2497893432973315,0.0,,100.0,1,4.999157373189326,0.0,,100.0,1,10.787471346917727,0.0,,100.0,21,NONE,7.3821199459202385,11.201087451731306,15.829692639613674,7.3821199459202385,11.201087451731306,15.829692639613674,7.3821199459202385,11.732271657014751,15.829692639613674,7.3821199459202385,11.201087451731306,15.829692639613674,7.3821199459202385,11.201087451731306,15.829692639613674,12.150617944555515,20.347023813197385,24.098987551415828,16.017023864108218,24.47454615085962,25.383907577878027,16.017023864108218,24.47454615085962,25.383907577878027,59.70152866154989,63.9992761265024,64.99757137641718,7.3821199459202385,11.749079738944898,15.829692639613674,16.017023864108218,23.297687484335434,25.383907577878027,7.3821199459202385,11.201087451731306,15.829692639613674,1,1,1,1,0,0,0,0,1,0,1,WELLS_PRESENT,100.0,EVIDENCE_PRESENT,100.0,EVIDENCE_PRESENT,100.0,EVIDENCE_PRESENT,100.0,EVIDENCE_PRESENT,0.0,NO_EVIDENCE_IN_AUDITED_WELLS,0.0,NO_EVIDENCE_IN_AUDITED_WELLS,0.0,NO_EVIDENCE_IN_AUDITED_WELLS,0.0,NO_EVIDENCE_IN_AUDITED_WELLS,100.0,EVIDENCE_PRESENT,0.0,NO_EVIDENCE_IN_AUDITED_WELLS,100.0,REVIEW_REQUIRED_PRESENT
PIH-500-0120,500,473.0757505397343,15,EPSG:5880,DESCRIPTIVE_NO_PIH_SCORE,0.10563328930764614,1.140956279111068,7.193081839671704,0.586171358810738,0.10563328930764614,1.140956279111068,0.017868691371111134,5,6.605707429380334,0.6666666666666667,0.8794182889221217,33.33333333333333,3,15.8536978305128,0.8,0.7835807040488098,66.66666666666666,1,21.138263774017066,0.9333333333333333,,100.0,20,NONE,6.970813733631427,10.589288470180335,15.137996764330769,6.970813733631427,10.589288470180335,15.137996764330769,6.970813733631427,10.589288470180335,15.137996764330769,6.970813733631427,10.589288470180335,15.137996764330769,6.970813733631427,10.589288470180335,15.137996764330769,6.970813733631427,10.589288470180335,15.137996764330769,9.416822980857955,13.754537379095677,18.34544750281302,9.416822980857955,13.754537379095677,18.34544750281302,54.54151515060097,62.88019991351316,66.7342582557759,6.970813733631427,10.589288470180335,15.137996764330769,9.372759913857166,13.7218925017284,18.302959943197237,7.016726556232163,11.2558394053191,15.137996764330769,15,11,14,14,14,7,7,0,8,10,7,WELLS_PRESENT,100.0,EVIDENCE_PRESENT,73.3333,EVIDENCE_PRESENT,93.3333,EVIDENCE_PRESENT,93.3333,EVIDENCE_PRESENT,93.3333,EVIDENCE_PRESENT,46.6667,EVIDENCE_PRESENT,46.6667,EVIDENCE_PRESENT,0.0,NO_EVIDENCE_IN_AUDITED_WELLS,53.3333,EVIDENCE_PRESENT,66.6667,EVIDENCE_PRESENT,46.6667,REVIEW_REQUIRED_PRESENT
PIH-500-0121,500,157.94150030194217,0,EPSG:5880,DESCRIPTIVE_NO_PIH_SCORE,,,,,,,,0,0.0,,,,0,0.0,,,,0,0.0,,,,5,NONE,14.486739281954513,15.32602230748235,15.716038633632806,14.486739281954513,15.32602230748235,15.716038633632806,14.538049645493617,15.381633771962932,15.808724407767105,14.486739281954513,15.32602230748235,15.716038633632806,14.486739281954513,15.32602230748235,15.716038633632806,14.486739281954513,15.32602230748235,15.716038633632806,14.486739281954513,16.19527257708808,16.51476187272493,14.486739281954513,16.19527257708808,16.51476187272493,44.03628388281052,47.42218206131987,49.40491806119213,14.486739281954513,15.32602230748235,15.716038633632806,14.486739281954513,16.19527257708808,16.51476187272493,14.486739281954513,15.32602230748235,15.716038633632806,0,0,0,0,0,0,0,0,0,0,0,UNKNOWN_NO_WELLS_IN_DATASET,,UNKNOWN_NO_WELLS_IN_DATASET,,UNKNOWN_NO_WELLS_IN_DATASET,,UNKNOWN_NO_WELLS_IN_DATASET,,UNKNOWN_NO_WELLS_IN_DATASET,,UNKNOWN_NO_WELLS_IN_DATASET,,UNKNOWN_NO_WELLS_IN_DATASET,,UNKNOWN_NO_WELLS_IN_DATASET,,UNKNOWN_NO_WELLS_IN_DATASET,,UNKNOWN_NO_WELLS_IN_DATASET,,UNKNOWN_NO_WELLS_IN_DATASET,,UNKNOWN_NO_WELLS_IN_DATASET
PIH-500-0122,500,1.4883065768706458,0,EPSG:5880,DESCRIPTIVE_NO_PIH_SCORE,,,,,,,,0,0.0,,,,0,0.0,,,,0,0.0,,,,1,NONE,54.789805337322406,54.789805337322406,54.789805337322406,54.789805337322406,54.789805337322406,54.789805337322406,54.789805337322406,54.789805337322406,54.789805337322406,54.789805337322406,54.789805337322406,54.789805337322406,54.789805337322406,54.789805337322406,54.789805337322406,95.78284717495085,95.78284717495085,95.78284717495085,95.78284717495085,95.78284717495085,95.78284717495085,95.78284717495085,95.78284717495085,95.78284717495085,188.03536982969874,188.03536982969874,188.03536982969874,54.789805337322406,54.789805337322406,54.789805337322406,54.789805337322406,54.789805337322406,54.789805337322406,54.789805337322406,54.789805337322406,54.789805337322406,0,0,0,0,0,0,0,0,0,0,0,UNKNOWN_NO_WELLS_IN_DATASET,,UNKNOWN_NO_WELLS_IN_DATASET,,UNKNOWN_NO_WELLS_IN_DATASET,,UNKNOWN_NO_WELLS_IN_DATASET,,UNKNOWN_NO_WELLS_IN_DATASET,,UNKNOWN_NO_WELLS_IN_DATASET,,UNKNOWN_NO_WELLS_IN_DATASET,,UNKNOWN_NO_WELLS_IN_DATASET,,UNKNOWN_NO_WELLS_IN_DATASET,,UNKNOWN_NO_WELLS_IN_DATASET,,UNKNOWN_NO_WELLS_IN_DATASET,,UNKNOWN_NO_WELLS_IN_DATASET
PIH-500-0123,500,444.1541143726042,0,EPSG:5880,DESCRIPTIVE_NO_PIH_SCORE,,,,,,,,0,0.0,,,,0,0.0,,,,0,0.0,,,,16,NONE,41.394455053138586,48.30912670316239,49.91279080090451,41.394455053138586,48.30912670316239,49.91279080090451,41.394455053138586,48.30912670316239,49.91279080090451,41.394455053138586,48.30912670316239,49.91279080090451,41.394455053138586,48.30912670316239,49.91279080090451,81.23993483233465,88.44671524095344,90.79181270066297,81.23993483233465,88.44671524095344,90.79181270066297,81.23993483233465,88.44671524095344,90.79181270066297,173.5008949579495,181.863631993696,183.8542361224862,41.394455053138586,48.30912670316239,49.91279080090451,41.394455053138586,48.30912670316239,49.91279080090451,41.394455053138586,48.30912670316239,49.91279080090451,0,0,0,0,0,0,0,0,0,0,0,UNKNOWN_NO_WELLS_IN_DATASET,,UNKNOWN_NO_WELLS_IN_DATASET,,UNKNOWN_NO_WELLS_IN_DATASET,,UNKNOWN_NO_WELLS_IN_DATASET,,UNKNOWN_NO_WELLS_IN_DATASET,,UNKNOWN_NO_WELLS_IN_DATASET,,UNKNOWN_NO_WELLS_IN_DATASET,,UNKNOWN_NO_WELLS_IN_DATASET,,UNKNOWN_NO_WELLS_IN_DATASET,,UNKNOWN_NO_WELLS_IN_DATASET,,UNKNOWN_NO_WELLS_IN_DATASET,,UNKNOWN_NO_WELLS_IN_DATASET
PIH-500-0124,500,500.87348875902615,0,EPSG:5880,DESCRIPTIVE_NO_PIH_SCORE,,,,,,,,0,0.0,,,,0,0.0,,,,0,0.0,,,,21,NONE,20.750603503834817,29.802528455522303,31.022755555113967,20.750603503834817,29.802528455522303,31.022755555113967,20.750603503834817,29.802528455522303,31.022755555113967,20.750603503834817,29.802528455522303,31.022755555113967,20.750603503834817,29.802528455522303,31.022755555113967,60.8765135061622,70.6224541123346,70.84032054982097,60.8765135061622,70.6224541123346,70.84032054982097,60.8765135061622,70.6224541123346,70.84032054982097,154.73843105903563,163.6391741183621,167.57893505136107,20.750603503834817,29.802528455522303,31.022755555113967,20.750603503834817,29.802528455522303,31.022755555113967,20.750603503834817,29.802528455522303,31.022755555113967,0,0,0,0,0,0,0,0,0,0,0,UNKNOWN_NO_WELLS_IN_DATASET,,UNKNOWN_NO_WELLS_IN_DATASET,,UNKNOWN_NO_WELLS_IN_DATASET,,UNKNOWN_NO_WELLS_IN_DATASET,,UNKNOWN_NO_WELLS_IN_DATASET,,UNKNOWN_NO_WELLS_IN_DATASET,,UNKNOWN_NO_WELLS_IN_DATASET,,UNKNOWN_NO_WELLS_IN_DATASET,,UNKNOWN_NO_WELLS_IN_DATASET,,UNKNOWN_NO_WELLS_IN_DATASET,,UNKNOWN_NO_WELLS_IN_DATASET,,UNKNOWN_NO_WELLS_IN_DATASET
PIH-500-0125,500,500.76542169308243,1,EPSG:5880,DESCRIPTIVE_NO_PIH_SCORE,41.07040320560398,41.07040320560398,8.16375218668923,0.646617691911631,,,,1,1.2480893706416105,0.0,,100.0,1,4.974936811026115,0.0,,100.0,1,14.642378448712185,0.0,,100.0,21,NONE,10.306279437657015,17.54119843184371,20.48911838929106,10.306279437657015,17.54119843184371,20.48911838929106,10.306279437657015,17.54119843184371,20.48911838929106,10.306279437657015,17.54119843184371,20.48911838929106,10.306279437657015,17.54119843184371,20.48911838929106,36.05477914683918,45.62376823005973,45.96028957984043,36.05477914683918,45.62376823005973,45.96028957984043,36.05477914683918,45.62376823005973,45.96028957984043,134.79384708720443,145.06156414363159,148.5196910813681,10.306279437657015,17.54119843184371,20.48911838929106,10.306279437657015,17.54119843184371,20.48911838929106,10.306279437657015,17.54119843184371,20.48911838929106,1,1,1,1,0,0,0,0,1,1,1,WELLS_PRESENT,100.0,EVIDENCE_PRESENT,100.0,EVIDENCE_PRESENT,100.0,EVIDENCE_PRESENT,100.0,EVIDENCE_PRESENT,0.0,NO_EVIDENCE_IN_AUDITED_WELLS,0.0,NO_EVIDENCE_IN_AUDITED_WELLS,0.0,NO_EVIDENCE_IN_AUDITED_WELLS,0.0,NO_EVIDENCE_IN_AUDITED_WELLS,100.0,EVIDENCE_PRESENT,100.0,EVIDENCE_PRESENT,100.0,REVIEW_REQUIRED_PRESENT
PIH-500-0126,500,500.66449759728243,5,EPSG:5880,DESCRIPTIVE_NO_PIH_SCORE,0.17069499887479025,0.25068202273066603,11.441572768982141,0.906331898254088,0.17069499887479025,0.25068202273066603,8.271304130584018e-05,1,0.7866517420548681,0.8,,100.0,1,4.074446334622999,0.8,,100.0,1,8.131048954086706,0.8,,100.0,22,NONE,13.096098309619569,20.533337485600786,22.66904163537676,13.096098309619569,20.533337485600786,22.66904163537676,13.096098309619569,20.533337485600786,22.66904163537676,13.096098309619569,20.533337485600786,22.66904163537676,13.096098309619569,20.533337485600786,22.66904163537676,13.096098309619569,21.042062953296398,22.66904163537676,13.096098309619569,21.042062953296398,22.66904163537676,13.096098309619569,21.042062953296398,22.66904163537676,119.31523077433224,127.42212934338741,131.46671747960292,13.307112967597567,20.533337485600786,22.882467763310583,13.096098309619569,20.533337485600786,22.66904163537676,13.307112967597567,20.533337485600786,22.882467763310583,5,2,5,5,5,1,1,0,4,1,4,WELLS_PRESENT,100.0,EVIDENCE_PRESENT,40.0,EVIDENCE_PRESENT,100.0,EVIDENCE_PRESENT,100.0,EVIDENCE_PRESENT,100.0,EVIDENCE_PRESENT,20.0,EVIDENCE_PRESENT,20.0,EVIDENCE_PRESENT,0.0,NO_EVIDENCE_IN_AUDITED_WELLS,80.0,EVIDENCE_PRESENT,20.0,EVIDENCE_PRESENT,80.0,REVIEW_REQUIRED_PRESENT
PIH-500-0127,500,500.5707144834878,11,EPSG:5880,DESCRIPTIVE_NO_PIH_SCORE,0.3285465328984393,0.5560028425737338,9.106825267386892,0.7214549561699327,0.3285465328984393,0.5560028425737338,0.0031938459371886616,2,2.4971496810192106,0.8181818181818181,0.9940302114769566,54.54545454545454,1,4.994299362038421,0.9090909090909091,,100.0,1,11.844625122708514,0.9090909090909091,,100.0,20,NONE,11.290291992273858,15.446031356478533,17.97049966662839,11.290291992273858,15.446031356478533,17.97049966662839,11.290291992273858,18.063327532696295,20.064292127911813,11.290291992273858,15.446031356478533,17.97049966662839,11.290291992273858,15.446031356478533,17.97049966662839,11.290291992273858,15.446031356478533,17.97049966662839,11.290291992273858,18.352796777238865,20.064292127911813,11.290291992273858,18.352796777238865,20.064292127911813,101.49268119733829,108.9542093761894,111.77030176022598,12.356106367325832,16.956871470531876,19.301270629957134,11.290291992273858,18.063327532696295,20.064292127911813,11.592428775911051,15.446031356478533,18.080382425766647,11,10,9,9,9,7,7,0,1,8,2,WELLS_PRESENT,100.0,EVIDENCE_PRESENT,90.9091,EVIDENCE_PRESENT,81.8182,EVIDENCE_PRESENT,81.8182,EVIDENCE_PRESENT,81.8182,EVIDENCE_PRESENT,63.6364,EVIDENCE_PRESENT,63.6364,EVIDENCE_PRESENT,0.0,NO_EVIDENCE_IN_AUDITED_WELLS,9.0909,EVIDENCE_PRESENT,72.7273,EVIDENCE_PRESENT,18.1818,REVIEW_REQUIRED_PRESENT
PIH-500-0128,500,500.4840705159973,1,EPSG:5880,DESCRIPTIVE_NO_PIH_SCORE,18.071560798207717,18.071560798207717,1.4233621716305118,0.11277042735113435,,,,1,1.2487909941981314,0.0,,100.0,1,4.995163976792526,0.0,,100.0,1,19.980655907170103,0.0,,100.0,17,NONE,7.627897388609134,10.487438851055657,11.744829849729223,7.627897388609134,10.487438851055657,11.744829849729223,17.104631885856136,23.028431597324346,24.170080972336056,7.627897388609134,10.487438851055657,11.744829849729223,7.627897388609134,10.487438851055657,11.744829849729223,7.627897388609134,10.487438851055657,11.744829849729223,17.104631885856136,23.951681459705448,26.589070462418963,17.104631885856136,23.951681459705448,26.589070462418963,80.34194134440746,87.65459155489161,89.78394321536422,8.379622721823772,11.561133896443415,14.022582511365398,17.104631885856136,23.028431597324346,24.170080972336056,8.379622721823772,11.561133896443415,14.022582511365398,1,0,1,1,1,0,0,0,1,0,1,WELLS_PRESENT,100.0,EVIDENCE_PRESENT,0.0,NO_EVIDENCE_IN_AUDITED_WELLS,100.0,EVIDENCE_PRESENT,100.0,EVIDENCE_PRESENT,100.0,EVIDENCE_PRESENT,0.0,NO_EVIDENCE_IN_AUDITED_WELLS,0.0,NO_EVIDENCE_IN_AUDITED_WELLS,0.0,NO_EVIDENCE_IN_AUDITED_WELLS,100.0,EVIDENCE_PRESENT,0.0,NO_EVIDENCE_IN_AUDITED_WELLS,100.0,REVIEW_REQUIRED_PRESENT
PIH-500-0129,500,482.30114411089403,0,EPSG:5880,DESCRIPTIVE_NO_PIH_SCORE,,,,,,,,0,0.0,,,,0,0.0,,,,0,0.0,,,,19,NONE,14.539258530459103,20.004283002859246,23.781119070388492,14.539258530459103,20.004283002859246,23.781119070388492,15.511814604559081,22.25692736516579,23.781119070388492,14.539258530459103,20.004283002859246,23.781119070388492,14.539258530459103,20.004283002859246,23.781119070388492,14.539258530459103,20.004283002859246,23.781119070388492,15.511814604559081,22.76435996319517,25.56598157355069,15.511814604559081,22.76435996319517,25.56598157355069,58.16176831784366,66.73708399391407,69.23734119984219,14.80101911852085,20.932383266547284,25.101648761876337,15.511814604559081,22.25692736516579,23.781119070388492,14.80101911852085,20.932383266547284,23.781119070388492,0,0,0,0,0,0,0,0,0,0,0,UNKNOWN_NO_WELLS_IN_DATASET,,UNKNOWN_NO_WELLS_IN_DATASET,,UNKNOWN_NO_WELLS_IN_DATASET,,UNKNOWN_NO_WELLS_IN_DATASET,,UNKNOWN_NO_WELLS_IN_DATASET,,UNKNOWN_NO_WELLS_IN_DATASET,,UNKNOWN_NO_WELLS_IN_DATASET,,UNKNOWN_NO_WELLS_IN_DATASET,,UNKNOWN_NO_WELLS_IN_DATASET,,UNKNOWN_NO_WELLS_IN_DATASET,,UNKNOWN_NO_WELLS_IN_DATASET,,UNKNOWN_NO_WELLS_IN_DATASET
PIH-500-0130,500,500.3321934399172,4,EPSG:5880,DESCRIPTIVE_NO_PIH_SCORE,1.513728231422747,6.061338885753758,1.8945712681548155,0.15012625780940875,1.513728231422747,6.061338885753758,0.02252848346108743,3,3.747510203388823,0.25,0.946394630357186,50.0,3,14.990040813555291,0.25,0.946394630357186,50.0,2,39.973442169480776,0.5,0.8112781244591328,75.0,22,NONE,7.174541169227858,11.383662016885863,12.604004058620989,8.38268012543221,11.383662016885863,12.604004058620989,16.98461367696234,22.206081084998946,23.071341446557753,8.38268012543221,11.383662016885863,12.604004058620989,8.38268012543221,11.383662016885863,12.604004058620989,8.38268012543221,11.383662016885863,12.604004058620989,27.0787276507973,30.797477796400095,31.570528725039118,27.0787276507973,30.797477796400095,31.570528725039118,37.673743602718865,45.023973467201344,49.06807840029839,8.38268012543221,11.733370971875916,12.604004058620989,18.025233055194846,22.64785877485362,23.071341446557753,7.174541169227858,11.383662016885863,12.604004058620989,3,0,3,3,3,0,0,0,3,0,4,WELLS_PRESENT,75.0,EVIDENCE_PRESENT,0.0,NO_EVIDENCE_IN_AUDITED_WELLS,75.0,EVIDENCE_PRESENT,75.0,EVIDENCE_PRESENT,75.0,EVIDENCE_PRESENT,0.0,NO_EVIDENCE_IN_AUDITED_WELLS,0.0,NO_EVIDENCE_IN_AUDITED_WELLS,0.0,NO_EVIDENCE_IN_AUDITED_WELLS,75.0,EVIDENCE_PRESENT,0.0,NO_EVIDENCE_IN_AUDITED_WELLS,100.0,REVIEW_REQUIRED_PRESENT
PIH-500-0131,500,500.26695742278645,1,EPSG:5880,DESCRIPTIVE_NO_PIH_SCORE,15.289408001909273,15.289408001909273,8.191834126894365,0.6491651199298533,,,,1,1.2493329625842127,0.0,,100.0,1,4.964063860867852,0.0,,100.0,1,9.048626173965335,0.0,,100.0,22,NONE,10.550813142208284,15.62244395778772,17.07645341755441,11.33773188206844,15.62244395778772,17.07645341755441,11.33773188206844,15.62244395778772,17.07645341755441,11.33773188206844,16.4167715220515,20.270816804947998,11.33773188206844,16.4167715220515,20.270816804947998,11.33773188206844,16.4167715220515,20.270816804947998,22.348381482992018,29.676779198843107,32.1078345878574,22.348381482992018,29.676779198843107,32.1078345878574,23.206332540154506,29.676779198843107,33.39482443524382,11.33773188206844,17.01897324542306,20.270816804947998,20.094160566584097,27.93396288776655,28.469722457506528,15.814351801479615,21.454469570240526,23.166438841572752,1,1,1,1,1,0,0,0,1,0,0,WELLS_PRESENT,100.0,EVIDENCE_PRESENT,100.0,EVIDENCE_PRESENT,100.0,EVIDENCE_PRESENT,100.0,EVIDENCE_PRESENT,100.0,EVIDENCE_PRESENT,0.0,NO_EVIDENCE_IN_AUDITED_WELLS,0.0,NO_EVIDENCE_IN_AUDITED_WELLS,0.0,NO_EVIDENCE_IN_AUDITED_WELLS,100.0,EVIDENCE_PRESENT,0.0,NO_EVIDENCE_IN_AUDITED_WELLS,0.0,NO_REVIEW_FLAG_IN_AUDITED_WELLS
PIH-500-0132,500,500.2088547348767,0,EPSG:5880,DESCRIPTIVE_NO_PIH_SCORE,,,,,,,,0,0.0,,,,0,0.0,,,,0,0.0,,,,21,NONE,16.18530535949902,19.186339233920897,20.601383872160028,16.18530535949902,20.289587425062514,22.79375547479832,16.18530535949902,20.289587425062514,22.84273830601473,16.18530535949902,20.289587425062514,22.79375547479832,16.18530535949902,22.304061152370217,22.79375547479832,16.18530535949902,22.304061152370217,22.79375547479832,25.737049291225397,30.220951452467215,30.81369356437823,25.737049291225397,30.220951452467215,30.81369356437823,27.644311184776807,33.31933317061043,34.20091805827162,23.118663506238587,27.56202066124872,28.835141045317588,25.651411492067712,29.930190874562975,30.220951452467215,16.249153542202638,20.289587425062514,20.601383872160028,0,0,0,0,0,0,0,0,0,0,0,UNKNOWN_NO_WELLS_IN_DATASET,,UNKNOWN_NO_WELLS_IN_DATASET,,UNKNOWN_NO_WELLS_IN_DATASET,,UNKNOWN_NO_WELLS_IN_DATASET,,UNKNOWN_NO_WELLS_IN_DATASET,,UNKNOWN_NO_WELLS_IN_DATASET,,UNKNOWN_NO_WELLS_IN_DATASET,,UNKNOWN_NO_WELLS_IN_DATASET,,UNKNOWN_NO_WELLS_IN_DATASET,,UNKNOWN_NO_WELLS_IN_DATASET,,UNKNOWN_NO_WELLS_IN_DATASET,,UNKNOWN_NO_WELLS_IN_DATASET
PIH-500-0133,500,500.1578843033397,0,EPSG:5880,DESCRIPTIVE_NO_PIH_SCORE,,,,,,,,0,0.0,,,,0,0.0,,,,0,0.0,,,,18,NONE,12.007563982785467,16.71966110643254,17.769240067611502,12.825711921521634,17.906970293983324,19.74517096682602,12.825711921521634,17.906970293983324,19.74517096682602,12.825711921521634,17.906970293983324,19.74517096682602,13.194972242627305,17.906970293983324,19.74517096682602,13.194972242627305,17.906970293983324,19.74517096682602,18.818462775929312,23.634475169772692,25.07852010550359,18.818462775929312,23.634475169772692,25.07852010550359,28.91347991289846,37.596621668050595,38.0049009708466,14.210882952154066,21.687370529274578,25.24264501431863,18.379936722854204,23.634475169772692,25.07852010550359,19.26778104922126,23.25644743270451,23.933953892798463,0,0,0,0,0,0,0,0,0,0,0,UNKNOWN_NO_WELLS_IN_DATASET,,UNKNOWN_NO_WELLS_IN_DATASET,,UNKNOWN_NO_WELLS_IN_DATASET,,UNKNOWN_NO_WELLS_IN_DATASET,,UNKNOWN_NO_WELLS_IN_DATASET,,UNKNOWN_NO_WELLS_IN_DATASET,,UNKNOWN_NO_WELLS_IN_DATASET,,UNKNOWN_NO_WELLS_IN_DATASET,,UNKNOWN_NO_WELLS_IN_DATASET,,UNKNOWN_NO_WELLS_IN_DATASET,,UNKNOWN_NO_WELLS_IN_DATASET,,UNKNOWN_NO_WELLS_IN_DATASET
PIH-500-0134,500,500.1140452078193,2,EPSG:5880,DESCRIPTIVE_NO_PIH_SCORE,3.1226677641662275,3.1226677641662275,9.442216295482154,0.7483665291255437,3.1226677641662275,3.1226677641662275,,2,2.499429903994338,0.0,1.0,50.0,1,4.998859807988676,0.5,,100.0,1,13.94321766650618,0.5,,100.0,19,NONE,8.742278198168176,12.644786370403903,12.802025830589047,9.32112979889421,14.13253960405138,16.137787777005233,9.32112979889421,14.13253960405138,16.137787777005233,9.32112979889421,14.13253960405138,16.137787777005233,9.32112979889421,14.13253960405138,16.137787777005233,9.32112979889421,14.13253960405138,16.137787777005233,11.656650425354877,17.15136940541906,20.85852880437542,11.656650425354877,17.15136940541906,20.85852880437542,36.49986956687008,43.75106286673584,47.40719466930582,9.771432476527023,14.187589135904917,16.621978758671204,10.960603053254816,17.00932210897501,20.85852880437542,12.802025830589047,19.017672545110475,23.132917456679827,2,2,2,2,2,1,1,0,1,2,0,WELLS_PRESENT,100.0,EVIDENCE_PRESENT,100.0,EVIDENCE_PRESENT,100.0,EVIDENCE_PRESENT,100.0,EVIDENCE_PRESENT,100.0,EVIDENCE_PRESENT,50.0,EVIDENCE_PRESENT,50.0,EVIDENCE_PRESENT,0.0,NO_EVIDENCE_IN_AUDITED_WELLS,50.0,EVIDENCE_PRESENT,100.0,EVIDENCE_PRESENT,0.0,NO_REVIEW_FLAG_IN_AUDITED_WELLS
PIH-500-0135,500,500.07733668083387,6,EPSG:5880,DESCRIPTIVE_NO_PIH_SCORE,0.4742876869664301,3.600826039886074,6.2574806693095,0.49597052378730005,0.4742876869664301,6.756936693162202,0.09096294912823415,4,4.111307243877704,0.33333333333333337,0.8962406251802889,50.0,4,15.329618564512796,0.33333333333333337,0.8962406251802889,50.0,3,47.195872514612184,0.5,0.9206198357143047,50.0,21,NONE,5.253923386629729,11.798448104420581,14.3296739012525,5.253923386629729,11.798448104420581,14.3296739012525,5.253923386629729,11.798448104420581,14.3296739012525,5.253923386629729,11.798448104420581,14.3296739012525,5.253923386629729,11.798448104420581,14.3296739012525,5.253923386629729,11.798448104420581,14.3296739012525,19.66473047992652,24.506891948469068,24.949581943986704,19.66473047992652,24.506891948469068,24.949581943986704,53.66318724995342,57.8067019974118,61.17069147005249,7.040784307295859,12.23912334470293,14.3296739012525,19.662626814304655,24.506891948469068,24.949581943986704,7.366154985386515,13.00824832794575,16.09062868058949,6,6,6,6,6,0,0,0,5,0,5,WELLS_PRESENT,100.0,EVIDENCE_PRESENT,100.0,EVIDENCE_PRESENT,100.0,EVIDENCE_PRESENT,100.0,EVIDENCE_PRESENT,100.0,EVIDENCE_PRESENT,0.0,NO_EVIDENCE_IN_AUDITED_WELLS,0.0,NO_EVIDENCE_IN_AUDITED_WELLS,0.0,NO_EVIDENCE_IN_AUDITED_WELLS,83.3333,EVIDENCE_PRESENT,0.0,NO_EVIDENCE_IN_AUDITED_WELLS,83.3333,REVIEW_REQUIRED_PRESENT
PIH-500-0136,500,500.0477581073303,47,EPSG:5880,DESCRIPTIVE_NO_PIH_SCORE,0.0964799754214965,1.3253574380595365,5.972969464191867,0.47343404872974953,0.0964799754214965,1.3253574380595365,0.4659857958813993,18,19.331770592679835,0.6170212765957447,0.8638783629332094,27.659574468085108,11,42.65122959266821,0.7659574468085106,0.7992708850680194,42.5531914893617,7,72.63198253690311,0.851063829787234,0.641737200551072,61.702127659574465,21,NONE,3.8553721904568645,8.620159185390719,10.313582864766854,3.8553721904568645,8.620159185390719,10.313582864766854,3.8553721904568645,8.620159185390719,10.313582864766854,3.8553721904568645,8.620159185390719,10.313582864766854,3.8553721904568645,8.620159185390719,10.313582864766854,3.8553721904568645,8.620159185390719,10.313582864766854,5.866320314290219,8.922199462295202,10.436923330013379,5.866320314290219,8.922199462295202,10.436923330013379,41.00286100006756,48.80348276697051,52.17777527593561,3.8553721904568645,8.620159185390719,10.313582864766854,5.581855636345676,8.922199462295202,10.436923330013379,7.84819469578272,14.000730747081334,16.616148180178214,43,43,41,41,40,8,8,0,29,18,7,WELLS_PRESENT,91.4894,EVIDENCE_PRESENT,91.4894,EVIDENCE_PRESENT,87.234,EVIDENCE_PRESENT,87.234,EVIDENCE_PRESENT,85.1064,EVIDENCE_PRESENT,17.0213,EVIDENCE_PRESENT,17.0213,EVIDENCE_PRESENT,0.0,NO_EVIDENCE_IN_AUDITED_WELLS,61.7021,EVIDENCE_PRESENT,38.2979,EVIDENCE_PRESENT,14.8936,REVIEW_REQUIRED_PRESENT
PIH-500-0137,500,500.0253090248057,29,EPSG:5880,DESCRIPTIVE_NO_PIH_SCORE,0.23628843691340617,1.3754070993612597,2.8095896914337257,0.2227008341130232,0.23628843691340617,1.3754070993612597,0.5077566048328866,14,14.58894767377005,0.5172413793103448,0.9284835035561427,17.24137931034483,11,36.213917218001306,0.6206896551724138,0.9081321521247384,20.689655172413794,6,58.82097262678233,0.7931034482758621,0.8585357518934795,34.48275862068966,21,NONE,3.042594208851424,5.53809803291742,6.496603520844685,3.042594208851424,5.593292522872575,6.496603520844685,3.042594208851424,5.593292522872575,6.496603520844685,3.042594208851424,5.593292522872575,6.496603520844685,3.042594208851424,5.593292522872575,6.496603520844685,3.042594208851424,5.593292522872575,6.496603520844685,6.11231427907843,9.52610186258593,12.059224337755726,6.11231427907843,9.52610186258593,12.059224337755726,21.072102798736893,28.059960856675044,31.348549480927513,3.1890137242463035,5.593292522872575,7.281516564306823,4.296714486580906,6.496603520844685,8.052047085745691,5.806108092893448,9.509308177760799,10.701743983731474,25,25,25,25,25,1,1,0,18,8,4,WELLS_PRESENT,86.2069,EVIDENCE_PRESENT,86.2069,EVIDENCE_PRESENT,86.2069,EVIDENCE_PRESENT,86.2069,EVIDENCE_PRESENT,86.2069,EVIDENCE_PRESENT,3.4483,EVIDENCE_PRESENT,3.4483,EVIDENCE_PRESENT,0.0,NO_EVIDENCE_IN_AUDITED_WELLS,62.069,EVIDENCE_PRESENT,27.5862,EVIDENCE_PRESENT,13.7931,REVIEW_REQUIRED_PRESENT
PIH-500-0138,500,500.00998912355885,13,EPSG:5880,DESCRIPTIVE_NO_PIH_SCORE,1.0073611141087142,4.443798168170033,2.9239685949727434,0.2317705758226074,1.0073611141087142,4.443798168170033,0.3761184349616013,10,11.2348696366799,0.23076923076923073,0.9286941242059255,30.76923076923077,9,37.265285671785435,0.3076923076923077,0.9246934699012204,30.76923076923077,6,70.48616453568528,0.5384615384615384,0.8509553984313724,46.15384615384615,18,NONE,3.5495078171474814,5.564209942399418,6.536656456376625,5.563378167802659,6.869027420283453,8.99848212156605,5.563378167802659,6.869027420283453,8.99848212156605,5.563378167802659,6.869027420283453,8.99848212156605,5.595188287434739,7.023429443003357,8.99848212156605,5.595188287434739,7.023429443003357,8.99848212156605,7.106295839132627,11.887521602615486,15.141758101773537,7.106295839132627,11.887521602615486,15.141758101773537,20.151858962657457,28.1596269233765,29.873023890713807,5.595188287434739,7.023429443003357,8.99848212156605,6.755015172462834,11.495593477420588,14.23297289005621,4.904049118431055,10.324001433563476,12.973294776669823,5,5,5,5,5,1,1,0,4,1,8,WELLS_PRESENT,38.4615,EVIDENCE_PRESENT,38.4615,EVIDENCE_PRESENT,38.4615,EVIDENCE_PRESENT,38.4615,EVIDENCE_PRESENT,38.4615,EVIDENCE_PRESENT,7.6923,EVIDENCE_PRESENT,7.6923,EVIDENCE_PRESENT,0.0,NO_EVIDENCE_IN_AUDITED_WELLS,30.7692,EVIDENCE_PRESENT,7.6923,EVIDENCE_PRESENT,61.5385,REVIEW_REQUIRED_PRESENT
PIH-500-0139,500,500.0017982463609,8,EPSG:5880,DESCRIPTIVE_NO_PIH_SCORE,0.20367675165890736,3.0937328712219605,8.34100794995092,0.661161701021231,0.20367675165890736,4.836406047805765,0.08431005469177395,3,3.749986513200798,0.625,0.8194483718728035,62.5,3,14.999946052803192,0.625,0.8194483718728035,62.5,2,26.003663988189903,0.75,0.5435644431995964,87.5,21,NONE,5.95743268123138,9.950255092682701,11.770019277776372,6.015853996396722,10.370083144511643,11.770019277776372,6.015853996396722,10.996201825509807,11.770019277776372,6.015853996396722,10.370083144511643,11.770019277776372,6.015853996396722,10.370083144511643,11.770019277776372,6.015853996396722,11.059645053750076,11.846743090394003,10.845556964924366,14.667868591711144,15.58640960116673,10.845556964924366,14.667868591711144,15.58640960116673,31.640352934504097,39.499848978734036,43.51521630440744,8.143009056753414,13.892252268028246,15.527088136531974,7.699023114023896,12.042047869868998,13.255237233189888,7.461946221465723,11.770019277776372,11.98936176508267,8,7,8,8,8,2,2,0,4,6,5,WELLS_PRESENT,100.0,EVIDENCE_PRESENT,87.5,EVIDENCE_PRESENT,100.0,EVIDENCE_PRESENT,100.0,EVIDENCE_PRESENT,100.0,EVIDENCE_PRESENT,25.0,EVIDENCE_PRESENT,25.0,EVIDENCE_PRESENT,0.0,NO_EVIDENCE_IN_AUDITED_WELLS,50.0,EVIDENCE_PRESENT,75.0,EVIDENCE_PRESENT,62.5,REVIEW_REQUIRED_PRESENT
PIH-500-0140,500,500.0007363887297,6,EPSG:5880,DESCRIPTIVE_NO_PIH_SCORE,0.4100760157036166,3.0406218972747743,8.919798610390952,0.7070411057773025,0.4100760157036166,4.759330274194721,0.004876066360194677,2,2.499996318061774,0.6666666666666667,0.6500224216483541,83.33333333333334,2,9.999985272247097,0.6666666666666667,0.6500224216483541,83.33333333333334,1,19.999970544494193,0.8333333333333334,,100.0,20,NONE,7.611051012380738,10.402457128225157,12.384150361031518,7.611051012380738,10.402457128225157,12.384150361031518,7.729729238635764,10.402457128225157,12.600969948242339,7.729729238635764,11.61786751496513,14.49150761346146,7.729729238635764,11.61786751496513,14.49150761346146,7.729729238635764,11.61786751496513,14.49150761346146,9.384557487146218,14.72840006387896,18.933348867380886,9.384557487146218,14.72840006387896,18.933348867380886,37.58435399122653,44.063166135658854,49.60827272278237,7.729729238635764,11.61786751496513,14.49150761346146,8.542891356264729,12.948523619572304,15.215014902677323,7.611051012380738,11.596185556244048,12.419953691110429,6,6,5,5,5,1,1,0,6,2,2,WELLS_PRESENT,100.0,EVIDENCE_PRESENT,100.0,EVIDENCE_PRESENT,83.3333,EVIDENCE_PRESENT,83.3333,EVIDENCE_PRESENT,83.3333,EVIDENCE_PRESENT,16.6667,EVIDENCE_PRESENT,16.6667,EVIDENCE_PRESENT,0.0,NO_EVIDENCE_IN_AUDITED_WELLS,100.0,EVIDENCE_PRESENT,33.3333,EVIDENCE_PRESENT,33.3333,REVIEW_REQUIRED_PRESENT
PIH-500-0141,500,500.00680369857264,2,EPSG:5880,DESCRIPTIVE_NO_PIH_SCORE,7.780474597443102,8.115648485026174,4.091598047146831,0.32432463802219935,18.533567104193004,18.533567104193004,,2,2.3105143849598044,0.0,1.0,50.0,2,7.1717356891787,0.0,1.0,50.0,2,23.00635996346116,0.0,1.0,50.0,20,NONE,6.5536021662393535,12.17793404138376,14.996194912544462,8.072571122961556,13.616029138814472,14.996194912544462,8.072571122961556,13.616029138814472,14.996194912544462,8.072571122961556,13.616029138814472,14.996194912544462,8.072571122961556,13.616029138814472,14.996194912544462,8.072571122961556,13.616029138814472,14.996194912544462,14.873192305987772,21.167396204921605,23.707819017979375,14.873192305987772,21.167396204921605,23.707819017979375,39.88869604771138,48.730929799624846,51.475603003504936,8.072571122961556,13.616029138814472,14.996194912544462,12.919579682289971,17.837503092617077,17.981455468987104,6.579738250718101,12.17793404138376,14.996194912544462,1,1,1,1,1,0,0,0,1,0,2,WELLS_PRESENT,50.0,EVIDENCE_PRESENT,50.0,EVIDENCE_PRESENT,50.0,EVIDENCE_PRESENT,50.0,EVIDENCE_PRESENT,50.0,EVIDENCE_PRESENT,0.0,NO_EVIDENCE_IN_AUDITED_WELLS,0.0,NO_EVIDENCE_IN_AUDITED_WELLS,0.0,NO_EVIDENCE_IN_AUDITED_WELLS,50.0,EVIDENCE_PRESENT,0.0,NO_EVIDENCE_IN_AUDITED_WELLS,100.0,REVIEW_REQUIRED_PRESENT
PIH-500-0142,500,500.0200004766391,11,EPSG:5880,DESCRIPTIVE_NO_PIH_SCORE,0.4106274615759158,0.7540271882547727,3.4671783741184723,0.27482575732508685,0.4106274615759158,0.7540271882547727,0.11913321245102222,6,7.3083593974766545,0.4545454545454546,0.933510035736515,27.27272727272727,4,16.31966509737924,0.6363636363636364,0.8949645376549995,45.45454545454545,4,55.17689382753772,0.6363636363636364,0.8949645376549995,45.45454545454545,21,NONE,5.5690098494156945,10.522759260036935,12.31948225335675,5.5690098494156945,10.522759260036935,12.31948225335675,5.5690098494156945,10.522759260036935,12.31948225335675,5.5690098494156945,10.522759260036935,12.31948225335675,5.5690098494156945,10.522759260036935,12.31948225335675,5.5690098494156945,10.522759260036935,12.31948225335675,10.001420827322391,17.163092239178003,20.264269068296567,10.001420827322391,17.163092239178003,20.264269068296567,46.60286094415876,54.88499495445302,56.100676469960405,5.5690098494156945,10.522759260036935,12.31948225335675,5.5690098494156945,10.522759260036935,12.31948225335675,6.809581990748659,11.774920568536531,13.197290664987033,11,11,11,11,10,2,2,0,11,7,4,WELLS_PRESENT,100.0,EVIDENCE_PRESENT,100.0,EVIDENCE_PRESENT,100.0,EVIDENCE_PRESENT,100.0,EVIDENCE_PRESENT,90.9091,EVIDENCE_PRESENT,18.1818,EVIDENCE_PRESENT,18.1818,EVIDENCE_PRESENT,0.0,NO_EVIDENCE_IN_AUDITED_WELLS,100.0,EVIDENCE_PRESENT,63.6364,EVIDENCE_PRESENT,36.3636,REVIEW_REQUIRED_PRESENT
PIH-500-0143,500,500.0403271762801,0,EPSG:5880,DESCRIPTIVE_NO_PIH_SCORE,,,,,,,,0,0.0,,,,0,0.0,,,,0,0.0,,,,21,NONE,15.682981134090086,22.367021429284073,24.395783717587708,15.682981134090086,22.367021429284073,24.395783717587708,15.682981134090086,22.367021429284073,24.395783717587708,15.682981134090086,22.367021429284073,24.395783717587708,15.682981134090086,22.367021429284073,24.395783717587708,15.682981134090086,22.367021429284073,24.395783717587708,16.12579840368024,22.367021429284073,24.395783717587708,16.12579840368024,22.367021429284073,24.395783717587708,56.82720540131397,64.70686839381513,67.33927002007557,17.370827226897838,24.646189572265296,28.933754286606,15.682981134090086,22.367021429284073,24.395783717587708,20.835763676549295,26.830781565040876,29.25740677307056,0,0,0,0,0,0,0,0,0,0,0,UNKNOWN_NO_WELLS_IN_DATASET,,UNKNOWN_NO_WELLS_IN_DATASET,,UNKNOWN_NO_WELLS_IN_DATASET,,UNKNOWN_NO_WELLS_IN_DATASET,,UNKNOWN_NO_WELLS_IN_DATASET,,UNKNOWN_NO_WELLS_IN_DATASET,,UNKNOWN_NO_WELLS_IN_DATASET,,UNKNOWN_NO_WELLS_IN_DATASET,,UNKNOWN_NO_WELLS_IN_DATASET,,UNKNOWN_NO_WELLS_IN_DATASET,,UNKNOWN_NO_WELLS_IN_DATASET,,UNKNOWN_NO_WELLS_IN_DATASET
PIH-500-0144,500,500.06778440331175,0,EPSG:5880,DESCRIPTIVE_NO_PIH_SCORE,,,,,,,,0,0.0,,,,0,0.0,,,,0,0.0,,,,18,NONE,19.364321729264994,23.28342173774698,23.922591140093182,19.364321729264994,23.28342173774698,23.922591140093182,19.364321729264994,23.28342173774698,23.922591140093182,19.364321729264994,23.28342173774698,23.922591140093182,19.364321729264994,23.28342173774698,23.922591140093182,24.11939776056487,29.52278530697475,31.170001841987407,24.218500342316048,29.88582895462583,31.758163891877782,24.218500342316048,29.88582895462583,31.758163891877782,61.769879458483345,65.8535838088584,68.00562146435325,23.887369692975547,29.115196093442588,32.624774422839835,24.218500342316048,29.520636502607452,31.383474963034864,23.887369692975547,29.22421800229484,31.815124948657697,0,0,0,0,0,0,0,0,0,0,0,UNKNOWN_NO_WELLS_IN_DATASET,,UNKNOWN_NO_WELLS_IN_DATASET,,UNKNOWN_NO_WELLS_IN_DATASET,,UNKNOWN_NO_WELLS_IN_DATASET,,UNKNOWN_NO_WELLS_IN_DATASET,,UNKNOWN_NO_WELLS_IN_DATASET,,UNKNOWN_NO_WELLS_IN_DATASET,,UNKNOWN_NO_WELLS_IN_DATASET,,UNKNOWN_NO_WELLS_IN_DATASET,,UNKNOWN_NO_WELLS_IN_DATASET,,UNKNOWN_NO_WELLS_IN_DATASET,,UNKNOWN_NO_WELLS_IN_DATASET
PIH-500-0145,500,500.10237291629676,0,EPSG:5880,DESCRIPTIVE_NO_PIH_SCORE,,,,,,,,0,0.0,,,,0,0.0,,,,0,0.0,,,,20,NONE,14.565118687681162,18.79953472422858,21.6697240136338,14.565118687681162,18.79953472422858,21.6697240136338,14.690819697300796,19.49002052520856,21.6697240136338,14.565118687681162,18.79953472422858,21.6697240136338,14.565118687681162,18.79953472422858,21.6697240136338,14.565118687681162,18.925076089521045,21.6697240136338,15.214308494606776,19.4659383449084,22.164154080247222,15.214308494606776,19.4659383449084,22.164154080247222,46.99796358164801,54.73073640604723,57.32976394560139,19.861251947733123,27.98640650922507,29.802584655064745,15.214308494606776,19.4659383449084,22.164154080247222,17.340444862358076,25.090150668868194,29.77785716022576,0,0,0,0,0,0,0,0,0,0,0,UNKNOWN_NO_WELLS_IN_DATASET,,UNKNOWN_NO_WELLS_IN_DATASET,,UNKNOWN_NO_WELLS_IN_DATASET,,UNKNOWN_NO_WELLS_IN_DATASET,,UNKNOWN_NO_WELLS_IN_DATASET,,UNKNOWN_NO_WELLS_IN_DATASET,,UNKNOWN_NO_WELLS_IN_DATASET,,UNKNOWN_NO_WELLS_IN_DATASET,,UNKNOWN_NO_WELLS_IN_DATASET,,UNKNOWN_NO_WELLS_IN_DATASET,,UNKNOWN_NO_WELLS_IN_DATASET,,UNKNOWN_NO_WELLS_IN_DATASET
PIH-500-0146,500,500.14409362632944,4,EPSG:5880,DESCRIPTIVE_NO_PIH_SCORE,2.912354355652425,11.780664122300081,2.088278327041132,0.16550676321948696,2.912354355652425,11.780664122300081,0.07670778797474509,3,3.738459290311949,0.25,0.946394630357186,50.0,3,11.672235699631665,0.25,0.946394630357186,50.0,3,37.54455099891993,0.25,0.946394630357186,50.0,19,NONE,6.329303985667699,10.294388664599447,13.235738180871977,6.329303985667699,10.294388664599447,13.235738180871977,7.488276785365213,13.34158697226635,14.167360847087489,7.442911715010674,13.259381460573586,14.13922265184736,7.442911715010674,13.259381460573586,14.13922265184736,7.442911715010674,13.259381460573586,14.13922265184736,9.1426380031256,13.259381460573586,14.13922265184736,9.1426380031256,13.259381460573586,14.13922265184736,33.20938839935234,40.16141079995106,42.229042712342114,7.442911715010674,13.347086470904086,14.13922265184736,9.1426380031256,13.259381460573586,14.13922265184736,6.329303985667699,10.294388664599447,13.235738180871977,4,2,3,3,3,1,1,0,3,1,3,WELLS_PRESENT,100.0,EVIDENCE_PRESENT,50.0,EVIDENCE_PRESENT,75.0,EVIDENCE_PRESENT,75.0,EVIDENCE_PRESENT,75.0,EVIDENCE_PRESENT,25.0,EVIDENCE_PRESENT,25.0,EVIDENCE_PRESENT,0.0,NO_EVIDENCE_IN_AUDITED_WELLS,75.0,EVIDENCE_PRESENT,25.0,EVIDENCE_PRESENT,75.0,REVIEW_REQUIRED_PRESENT
PIH-500-0147,500,192.8838119655404,0,EPSG:5880,DESCRIPTIVE_NO_PIH_SCORE,,,,,,,,0,0.0,,,,0,0.0,,,,0,0.0,,,,7,NONE,15.154321014762523,17.777634921145165,20.011294640444206,15.154321014762523,17.777634921145165,20.011294640444206,15.27075797156213,17.82412234996661,20.12751321249782,15.154321014762523,17.777634921145165,20.011294640444206,15.154321014762523,17.777634921145165,20.011294640444206,15.154321014762523,17.777634921145165,20.011294640444206,15.154321014762523,17.777634921145165,20.011294640444206,15.154321014762523,17.777634921145165,20.011294640444206,24.350934573429054,31.261619120943156,34.23928127912382,17.482414884543193,20.648829324990754,21.60513135181057,15.154321014762523,17.777634921145165,20.011294640444206,17.482414884543193,20.648829324990754,21.60513135181057,0,0,0,0,0,0,0,0,0,0,0,UNKNOWN_NO_WELLS_IN_DATASET,,UNKNOWN_NO_WELLS_IN_DATASET,,UNKNOWN_NO_WELLS_IN_DATASET,,UNKNOWN_NO_WELLS_IN_DATASET,,UNKNOWN_NO_WELLS_IN_DATASET,,UNKNOWN_NO_WELLS_IN_DATASET,,UNKNOWN_NO_WELLS_IN_DATASET,,UNKNOWN_NO_WELLS_IN_DATASET,,UNKNOWN_NO_WELLS_IN_DATASET,,UNKNOWN_NO_WELLS_IN_DATASET,,UNKNOWN_NO_WELLS_IN_DATASET,,UNKNOWN_NO_WELLS_IN_DATASET
PIH-500-0148,500,109.30469389966355,0,EPSG:5880,DESCRIPTIVE_NO_PIH_SCORE,,,,,,,,0,0.0,,,,0,0.0,,,,0,0.0,,,,5,NONE,53.17534838033564,54.903541137530354,56.04642943036941,53.17534838033564,54.903541137530354,56.04642943036941,53.17534838033564,54.903541137530354,56.04642943036941,53.17534838033564,54.903541137530354,56.04642943036941,53.17534838033564,54.903541137530354,56.04642943036941,89.03388540038596,91.26909549223902,91.7598675372951,89.03388540038596,91.26909549223902,91.7598675372951,89.03388540038596,91.26909549223902,91.7598675372951,166.80666815456775,171.8062527305692,173.56262211128862,53.17534838033564,54.903541137530354,56.04642943036941,53.17534838033564,54.903541137530354,56.04642943036941,53.17534838033564,54.903541137530354,56.04642943036941,0,0,0,0,0,0,0,0,0,0,0,UNKNOWN_NO_WELLS_IN_DATASET,,UNKNOWN_NO_WELLS_IN_DATASET,,UNKNOWN_NO_WELLS_IN_DATASET,,UNKNOWN_NO_WELLS_IN_DATASET,,UNKNOWN_NO_WELLS_IN_DATASET,,UNKNOWN_NO_WELLS_IN_DATASET,,UNKNOWN_NO_WELLS_IN_DATASET,,UNKNOWN_NO_WELLS_IN_DATASET,,UNKNOWN_NO_WELLS_IN_DATASET,,UNKNOWN_NO_WELLS_IN_DATASET,,UNKNOWN_NO_WELLS_IN_DATASET,,UNKNOWN_NO_WELLS_IN_DATASET
PIH-500-0149,500,500.930589086338,0,EPSG:5880,DESCRIPTIVE_NO_PIH_SCORE,,,,,,,,0,0.0,,,,0,0.0,,,,0,0.0,,,,21,NONE,41.36245498048477,48.83721267540529,52.138813168133055,41.36245498048477,48.83721267540529,52.138813168133055,41.36245498048477,48.83721267540529,52.138813168133055,41.36245498048477,48.83721267540529,52.138813168133055,41.36245498048477,48.83721267540529,52.138813168133055,74.72235991378952,82.92558218531795,85.81964926092834,74.72235991378952,82.92558218531795,85.81964926092834,74.72235991378952,82.92558218531795,85.81964926092834,153.3800053272665,160.49680150619824,164.81548307282497,41.36245498048477,48.83721267540529,52.138813168133055,41.36245498048477,48.83721267540529,52.138813168133055,41.36245498048477,48.83721267540529,52.138813168133055,0,0,0,0,0,0,0,0,0,0,0,UNKNOWN_NO_WELLS_IN_DATASET,,UNKNOWN_NO_WELLS_IN_DATASET,,UNKNOWN_NO_WELLS_IN_DATASET,,UNKNOWN_NO_WELLS_IN_DATASET,,UNKNOWN_NO_WELLS_IN_DATASET,,UNKNOWN_NO_WELLS_IN_DATASET,,UNKNOWN_NO_WELLS_IN_DATASET,,UNKNOWN_NO_WELLS_IN_DATASET,,UNKNOWN_NO_WELLS_IN_DATASET,,UNKNOWN_NO_WELLS_IN_DATASET,,UNKNOWN_NO_WELLS_IN_DATASET,,UNKNOWN_NO_WELLS_IN_DATASET
PIH-500-0150,500,500.8189220181118,0,EPSG:5880,DESCRIPTIVE_NO_PIH_SCORE,,,,,,,,0,0.0,,,,0,0.0,,,,0,0.0,,,,21,NONE,28.711917423628655,35.09953502128092,39.00437507951258,28.711917423628655,35.09953502128092,39.00437507951258,28.711917423628655,35.09953502128092,39.00437507951258,28.711917423628655,35.09953502128092,39.00437507951258,28.711917423628655,35.09953502128092,39.00437507951258,51.743871847275784,58.91221760751603,62.92065957958609,51.743871847275784,58.91221760751603,62.92065957958609,51.743871847275784,58.91221760751603,62.92065957958609,131.62363817361765,139.5873291515986,143.66468816826696,28.711917423628655,35.09953502128092,39.00437507951258,28.711917423628655,35.09953502128092,39.00437507951258,28.711917423628655,35.09953502128092,39.00437507951258,0,0,0,0,0,0,0,0,0,0,0,UNKNOWN_NO_WELLS_IN_DATASET,,UNKNOWN_NO_WELLS_IN_DATASET,,UNKNOWN_NO_WELLS_IN_DATASET,,UNKNOWN_NO_WELLS_IN_DATASET,,UNKNOWN_NO_WELLS_IN_DATASET,,UNKNOWN_NO_WELLS_IN_DATASET,,UNKNOWN_NO_WELLS_IN_DATASET,,UNKNOWN_NO_WELLS_IN_DATASET,,UNKNOWN_NO_WELLS_IN_DATASET,,UNKNOWN_NO_WELLS_IN_DATASET,,UNKNOWN_NO_WELLS_IN_DATASET,,UNKNOWN_NO_WELLS_IN_DATASET
PIH-500-0151,500,500.7143994194671,0,EPSG:5880,DESCRIPTIVE_NO_PIH_SCORE,,,,,,,,0,0.0,,,,0,0.0,,,,0,0.0,,,,18,NONE,29.732094346581118,37.90225439438686,41.59754346227346,29.732094346581118,37.90225439438686,41.59754346227346,29.732094346581118,37.90225439438686,41.59754346227346,29.732094346581118,37.90225439438686,41.59754346227346,29.732094346581118,37.90225439438686,41.59754346227346,33.57623648027513,40.7604680947027,42.90671339512335,33.57623648027513,40.82404014157464,42.90671339512335,33.57623648027513,40.82404014157464,42.90671339512335,113.16068801594781,120.38718340911771,123.95540243346436,29.764259302755203,37.94608047865452,41.59754346227346,29.732094346581118,37.90225439438686,41.59754346227346,29.764259302755203,37.90225439438686,41.59754346227346,0,0,0,0,0,0,0,0,0,0,0,UNKNOWN_NO_WELLS_IN_DATASET,,UNKNOWN_NO_WELLS_IN_DATASET,,UNKNOWN_NO_WELLS_IN_DATASET,,UNKNOWN_NO_WELLS_IN_DATASET,,UNKNOWN_NO_WELLS_IN_DATASET,,UNKNOWN_NO_WELLS_IN_DATASET,,UNKNOWN_NO_WELLS_IN_DATASET,,UNKNOWN_NO_WELLS_IN_DATASET,,UNKNOWN_NO_WELLS_IN_DATASET,,UNKNOWN_NO_WELLS_IN_DATASET,,UNKNOWN_NO_WELLS_IN_DATASET,,UNKNOWN_NO_WELLS_IN_DATASET
PIH-500-0152,500,500.61701923838547,0,EPSG:5880,DESCRIPTIVE_NO_PIH_SCORE,,,,,,,,0,0.0,,,,0,0.0,,,,0,0.0,,,,20,NONE,18.56380104078763,25.179326473946663,29.721119582175167,18.56380104078763,25.179326473946663,29.721119582175167,18.57221212467141,25.179326473946663,29.721119582175167,18.56380104078763,25.179326473946663,29.721119582175167,18.56380104078763,25.179326473946663,29.721119582175167,18.56380104078763,25.179326473946663,29.721119582175167,24.616793211479173,30.917115342087378,34.42358576663184,24.616793211479173,30.917115342087378,34.42358576663184,96.98123148877518,103.6401919397021,106.49103698621226,24.456265148217977,30.68267643014924,34.30350606911196,18.61947497942944,25.213522210767955,29.721119582175167,18.56380104078763,25.181044956512817,29.721119582175167,0,0,0,0,0,0,0,0,0,0,0,UNKNOWN_NO_WELLS_IN_DATASET,,UNKNOWN_NO_WELLS_IN_DATASET,,UNKNOWN_NO_WELLS_IN_DATASET,,UNKNOWN_NO_WELLS_IN_DATASET,,UNKNOWN_NO_WELLS_IN_DATASET,,UNKNOWN_NO_WELLS_IN_DATASET,,UNKNOWN_NO_WELLS_IN_DATASET,,UNKNOWN_NO_WELLS_IN_DATASET,,UNKNOWN_NO_WELLS_IN_DATASET,,UNKNOWN_NO_WELLS_IN_DATASET,,UNKNOWN_NO_WELLS_IN_DATASET,,UNKNOWN_NO_WELLS_IN_DATASET
PIH-500-0153,500,500.5267795742843,1,EPSG:5880,DESCRIPTIVE_NO_PIH_SCORE,31.07570881366529,31.07570881366529,8.990129616510051,0.7122414268972689,,,,1,1.2468731231894763,0.0,,100.0,1,4.99292643445237,0.0,,100.0,1,15.136341055831434,0.0,,100.0,21,NONE,11.330897531544593,15.926398468853359,16.39299954392397,11.330897531544593,15.926398468853359,16.39299954392397,11.330897531544593,18.274766108036328,21.429605820494334,11.330897531544593,15.926398468853359,16.39299954392397,11.330897531544593,15.926398468853359,16.39299954392397,11.330897531544593,15.926398468853359,16.39299954392397,28.647697641400015,32.206796643622475,33.89294197660728,28.647697641400015,32.206796643622475,33.89294197660728,83.73351004364383,90.69763615803319,94.54798210144685,23.637063131866984,29.04000815299996,32.429414578427064,11.330897531544593,18.274766108036328,21.429605820494334,11.330897531544593,15.926398468853359,16.39299954392397,1,1,1,1,1,0,0,0,0,1,1,WELLS_PRESENT,100.0,EVIDENCE_PRESENT,100.0,EVIDENCE_PRESENT,100.0,EVIDENCE_PRESENT,100.0,EVIDENCE_PRESENT,100.0,EVIDENCE_PRESENT,0.0,NO_EVIDENCE_IN_AUDITED_WELLS,0.0,NO_EVIDENCE_IN_AUDITED_WELLS,0.0,NO_EVIDENCE_IN_AUDITED_WELLS,0.0,NO_EVIDENCE_IN_AUDITED_WELLS,100.0,EVIDENCE_PRESENT,100.0,REVIEW_REQUIRED_PRESENT
PIH-500-0154,500,500.4436786784407,0,EPSG:5880,DESCRIPTIVE_NO_PIH_SCORE,,,,,,,,0,0.0,,,,0,0.0,,,,0,0.0,,,,21,NONE,20.43829863858373,23.819920031440372,25.44975136592504,20.43829863858373,23.819920031440372,25.44975136592504,22.704394709001107,27.185389835970547,27.695342695466017,20.43829863858373,23.819920031440372,25.44975136592504,20.43829863858373,23.819920031440372,25.44975136592504,20.43829863858373,23.819920031440372,25.44975136592504,24.70309902802688,28.259220534047838,29.953227467206307,24.70309902802688,28.259220534047838,29.953227467206307,71.27210227731125,79.03505680268115,82.21628026882215,22.202372497563356,27.465413689003505,29.656488259324135,22.704394709001107,27.185389835970547,27.695342695466017,20.43829863858373,23.819920031440372,25.44975136592504,0,0,0,0,0,0,0,0,0,0,0,UNKNOWN_NO_WELLS_IN_DATASET,,UNKNOWN_NO_WELLS_IN_DATASET,,UNKNOWN_NO_WELLS_IN_DATASET,,UNKNOWN_NO_WELLS_IN_DATASET,,UNKNOWN_NO_WELLS_IN_DATASET,,UNKNOWN_NO_WELLS_IN_DATASET,,UNKNOWN_NO_WELLS_IN_DATASET,,UNKNOWN_NO_WELLS_IN_DATASET,,UNKNOWN_NO_WELLS_IN_DATASET,,UNKNOWN_NO_WELLS_IN_DATASET,,UNKNOWN_NO_WELLS_IN_DATASET,,UNKNOWN_NO_WELLS_IN_DATASET
PIH-500-0155,500,500.3677149536709,1,EPSG:5880,DESCRIPTIVE_NO_PIH_SCORE,9.211317578374457,9.211317578374457,7.8342519219615685,0.620765867033398,,,,1,1.249081388190421,0.0,,100.0,1,4.996325552761684,0.0,,100.0,1,16.197777704233328,0.0,,100.0,21,NONE,10.600085611740923,16.082794258644366,19.674830309381065,10.600085611740923,16.082794258644366,19.674830309381065,10.600085611740923,16.082794258644366,19.674830309381065,10.600085611740923,16.082794258644366,19.674830309381065,10.600085611740923,16.082794258644366,19.674830309381065,10.600085611740923,16.082794258644366,19.674830309381065,16.528753893984945,23.566314674945684,26.36747610367303,16.528753893984945,23.566314674945684,26.36747610367303,59.12037874168441,65.98937480433364,66.99000943088414,19.96607464549122,26.87965162828052,30.044303569018684,10.600085611740923,16.082794258644366,19.674830309381065,10.600085611740923,16.082794258644366,19.674830309381065,1,1,1,1,1,0,0,0,0,1,1,WELLS_PRESENT,100.0,EVIDENCE_PRESENT,100.0,EVIDENCE_PRESENT,100.0,EVIDENCE_PRESENT,100.0,EVIDENCE_PRESENT,100.0,EVIDENCE_PRESENT,0.0,NO_EVIDENCE_IN_AUDITED_WELLS,0.0,NO_EVIDENCE_IN_AUDITED_WELLS,0.0,NO_EVIDENCE_IN_AUDITED_WELLS,0.0,NO_EVIDENCE_IN_AUDITED_WELLS,100.0,EVIDENCE_PRESENT,100.0,REVIEW_REQUIRED_PRESENT
PIH-500-0156,500,500.298886954453,1,EPSG:5880,DESCRIPTIVE_NO_PIH_SCORE,15.415605360056892,15.415605360056892,3.362213556631768,0.2664314344046527,,,,1,1.249253229014079,0.0,,100.0,1,4.997012916056316,0.0,,100.0,1,19.988051664225264,0.0,,100.0,18,NONE,7.249806446915891,10.707510751376516,12.291529315231005,7.249806446915891,10.707510751376516,12.291529315231005,7.249806446915891,10.707510751376516,13.862445333455724,12.651787983188203,18.875080999525164,20.332418094437454,12.651787983188203,18.875080999525164,20.332418094437454,12.651787983188203,18.875080999525164,20.332418094437454,21.198300932748555,28.12765598058526,31.49760543751111,21.198300932748555,28.12765598058526,31.49760543751111,45.62610439415227,54.50943045807229,56.73151230613624,13.545501827677775,18.875080999525164,20.332418094437454,13.167310831791244,21.18634890738545,24.784718500431786,17.001814901637264,24.304599502833693,25.11777467040908,1,1,0,0,0,0,0,0,0,0,0,WELLS_PRESENT,100.0,EVIDENCE_PRESENT,100.0,EVIDENCE_PRESENT,0.0,NO_EVIDENCE_IN_AUDITED_WELLS,0.0,NO_EVIDENCE_IN_AUDITED_WELLS,0.0,NO_EVIDENCE_IN_AUDITED_WELLS,0.0,NO_EVIDENCE_IN_AUDITED_WELLS,0.0,NO_EVIDENCE_IN_AUDITED_WELLS,0.0,NO_EVIDENCE_IN_AUDITED_WELLS,0.0,NO_EVIDENCE_IN_AUDITED_WELLS,0.0,NO_EVIDENCE_IN_AUDITED_WELLS,0.0,NO_REVIEW_FLAG_IN_AUDITED_WELLS
PIH-500-0157,500,500.237193386884,1,EPSG:5880,DESCRIPTIVE_NO_PIH_SCORE,21.447203208649615,21.447203208649615,12.070348955919531,0.9565480102119135,,,,1,0.5865298936952829,0.0,,100.0,1,1.168839520900865,0.0,,100.0,1,12.316056357464431,0.0,,100.0,21,NONE,11.140333060124755,14.443943348376141,16.379157429037107,11.140333060124755,14.443943348376141,16.379157429037107,11.140333060124755,14.443943348376141,16.379157429037107,12.863108289510784,18.8124321690415,22.845301709268767,12.863108289510784,18.8124321690415,22.845301709268767,12.863108289510784,18.8124321690415,22.845301709268767,20.798940049120255,27.083317884637275,29.278141586869246,20.798940049120255,27.083317884637275,29.278141586869246,37.970238887295615,43.296566879688854,48.26263467549898,19.737152074248126,25.09985739895342,25.686623766074515,19.737152074248126,25.686623766074515,29.278141586869246,14.166279555863241,22.845301709268767,25.34473620620057,1,1,1,1,1,0,0,0,0,0,1,WELLS_PRESENT,100.0,EVIDENCE_PRESENT,100.0,EVIDENCE_PRESENT,100.0,EVIDENCE_PRESENT,100.0,EVIDENCE_PRESENT,100.0,EVIDENCE_PRESENT,0.0,NO_EVIDENCE_IN_AUDITED_WELLS,0.0,NO_EVIDENCE_IN_AUDITED_WELLS,0.0,NO_EVIDENCE_IN_AUDITED_WELLS,0.0,NO_EVIDENCE_IN_AUDITED_WELLS,0.0,NO_EVIDENCE_IN_AUDITED_WELLS,100.0,REVIEW_REQUIRED_PRESENT
PIH-500-0158,500,500.18263310886556,2,EPSG:5880,DESCRIPTIVE_NO_PIH_SCORE,1.3923882779888004,1.3923882779888004,8.823579460713002,0.6992869654924717,1.3923882779888004,1.3923882779888004,,1,1.2495435839412035,0.5,,100.0,1,4.998174335764814,0.5,,100.0,1,19.992697343059255,0.5,,100.0,19,NONE,7.624211187773831,11.542046483044786,12.810737487783422,7.624211187773831,11.542046483044786,12.810737487783422,7.624211187773831,11.542046483044786,12.810737487783422,7.624211187773831,11.542046483044786,12.810737487783422,7.624211187773831,11.542046483044786,12.810737487783422,7.624211187773831,11.542046483044786,12.810737487783422,16.225077640913163,22.842443570533867,27.17889326441598,16.225077640913163,22.842443570533867,27.17889326441598,20.34036731888631,27.14905607202909,28.883941612329764,10.99771095795414,16.462567241665678,19.5550880569243,13.89888492901361,21.03218440241785,23.233464555768762,13.585390614747709,18.587144734937436,20.409866047638435,2,2,2,2,2,0,0,0,2,0,0,WELLS_PRESENT,100.0,EVIDENCE_PRESENT,100.0,EVIDENCE_PRESENT,100.0,EVIDENCE_PRESENT,100.0,EVIDENCE_PRESENT,100.0,EVIDENCE_PRESENT,0.0,NO_EVIDENCE_IN_AUDITED_WELLS,0.0,NO_EVIDENCE_IN_AUDITED_WELLS,0.0,NO_EVIDENCE_IN_AUDITED_WELLS,100.0,EVIDENCE_PRESENT,0.0,NO_EVIDENCE_IN_AUDITED_WELLS,0.0,NO_REVIEW_FLAG_IN_AUDITED_WELLS
PIH-500-0159,500,500.1352051299101,7,EPSG:5880,DESCRIPTIVE_NO_PIH_SCORE,0.084186813333222,9.399816998174126,5.971109822219654,0.4732452702448659,0.084186813333222,9.399816998174126,0.26314865078196015,6,5.742757863190972,0.1428571428571429,0.9755037590061084,28.57142857142857,6,20.333248006663794,0.1428571428571429,0.9755037590061084,28.57142857142857,3,35.099539842975204,0.5714285714285714,0.8699155297736259,57.14285714285714,20,NONE,5.578919164890683,9.429770492773706,11.898128751923535,7.379597746441659,12.054268226315946,16.57424438598671,7.379597746441659,12.054268226315946,16.57424438598671,7.379597746441659,12.054268226315946,16.57424438598671,7.379597746441659,12.054268226315946,16.57424438598671,7.379597746441659,12.054268226315946,16.57424438598671,14.22749525915722,19.880441602051672,22.295349460522242,14.22749525915722,19.880441602051672,22.295349460522242,14.802380987445222,22.44446274496843,24.245186942724004,7.379597746441659,12.054268226315946,16.57424438598671,14.22749525915722,19.880441602051672,22.295349460522242,9.076939049116485,13.942253250966573,18.142538401778534,4,4,4,4,4,1,1,1,4,1,3,WELLS_PRESENT,57.1429,EVIDENCE_PRESENT,57.1429,EVIDENCE_PRESENT,57.1429,EVIDENCE_PRESENT,57.1429,EVIDENCE_PRESENT,57.1429,EVIDENCE_PRESENT,14.2857,EVIDENCE_PRESENT,14.2857,EVIDENCE_PRESENT,14.2857,EVIDENCE_PRESENT,57.1429,EVIDENCE_PRESENT,14.2857,EVIDENCE_PRESENT,42.8571,REVIEW_REQUIRED_PRESENT
PIH-500-0160,500,500.0949086112459,2,EPSG:5880,DESCRIPTIVE_NO_PIH_SCORE,12.802507054165861,13.542800988509772,3.441170066893512,0.272743780731293,13.727874472095749,13.727874472095749,,2,2.499525547003121,0.0,1.0,50.0,2,9.822270177584592,0.0,1.0,50.0,2,28.593243271689555,0.0,1.0,50.0,21,NONE,5.837069326954644,10.246640067014523,11.272461866573213,7.573825288451132,15.643309374555574,16.773754909805135,7.573825288451132,15.643309374555574,16.773754909805135,7.573825288451132,15.643309374555574,16.773754909805135,7.573825288451132,15.643309374555574,16.773754909805135,7.573825288451132,15.643309374555574,16.773754909805135,20.70891130508322,25.368315220154827,28.38907684437508,20.70891130508322,25.368315220154827,28.38907684437508,34.06604530125822,44.04479426754222,45.72112531733749,7.573825288451132,15.643309374555574,16.773754909805135,20.114962398995612,25.263101928061303,26.825313952897964,6.193693209107098,10.246640067014523,11.272461866573213,1,1,1,1,1,0,0,0,1,0,2,WELLS_PRESENT,50.0,EVIDENCE_PRESENT,50.0,EVIDENCE_PRESENT,50.0,EVIDENCE_PRESENT,50.0,EVIDENCE_PRESENT,50.0,EVIDENCE_PRESENT,0.0,NO_EVIDENCE_IN_AUDITED_WELLS,0.0,NO_EVIDENCE_IN_AUDITED_WELLS,0.0,NO_EVIDENCE_IN_AUDITED_WELLS,50.0,EVIDENCE_PRESENT,0.0,NO_EVIDENCE_IN_AUDITED_WELLS,100.0,REVIEW_REQUIRED_PRESENT
PIH-500-0161,500,500.06174286581734,4,EPSG:5880,DESCRIPTIVE_NO_PIH_SCORE,1.6791003730025191,2.953650776604484,5.045950666756666,0.39995038707781067,1.6791003730025191,2.953650776604484,0.015691608539545727,3,3.7495369856820315,0.25,0.946394630357186,50.0,3,14.974493097390582,0.25,0.946394630357186,50.0,2,34.96695224390592,0.5,0.8112781244591328,75.0,18,NONE,6.589490996048332,9.364912172443633,12.416704143667797,7.246010843953385,9.364912172443633,12.416704143667797,7.246010843953385,9.364912172443633,12.416704143667797,7.246010843953385,9.364912172443633,12.416704143667797,7.246010843953385,9.364912172443633,12.416704143667797,7.246010843953385,9.364912172443633,12.416704143667797,18.160417564338047,21.68277388635715,23.171996874490603,18.160417564338047,21.68277388635715,23.171996874490603,54.48633460432573,59.15361731508839,59.63256746299427,7.246010843953385,9.364912172443633,12.416704143667797,15.612986142209081,19.677112529145347,21.223675353892617,7.789867246805526,11.6493335193512,12.566587558350662,2,2,2,2,2,0,0,0,2,0,2,WELLS_PRESENT,50.0,EVIDENCE_PRESENT,50.0,EVIDENCE_PRESENT,50.0,EVIDENCE_PRESENT,50.0,EVIDENCE_PRESENT,50.0,EVIDENCE_PRESENT,0.0,NO_EVIDENCE_IN_AUDITED_WELLS,0.0,NO_EVIDENCE_IN_AUDITED_WELLS,0.0,NO_EVIDENCE_IN_AUDITED_WELLS,50.0,EVIDENCE_PRESENT,0.0,NO_EVIDENCE_IN_AUDITED_WELLS,50.0,REVIEW_REQUIRED_PRESENT
PIH-500-0162,500,500.0357073581384,14,EPSG:5880,DESCRIPTIVE_NO_PIH_SCORE,0.17711900194376223,2.5738901277978252,5.437652703981857,0.4310085580296678,0.17711900194376223,2.5738901277978252,0.15955955169547348,8,9.866342264101577,0.4285714285714286,0.9654305096819761,21.428571428571427,6,29.864436928361282,0.5714285714285714,0.9101663100395064,35.714285714285715,4,62.15105130057006,0.7142857142857143,0.8446958733715438,50.0,21,NONE,4.577806994137134,7.397347520973,7.4452679032764335,4.577806994137134,7.4452679032764335,10.022598927931636,4.577806994137134,7.4452679032764335,10.022598927931636,4.577806994137134,7.4452679032764335,10.022598927931636,4.577806994137134,7.4452679032764335,10.022598927931636,4.577806994137134,7.4452679032764335,10.022598927931636,5.69976505459889,9.68852727100227,10.143827984189151,5.69976505459889,9.68852727100227,10.143827984189151,45.490519104461335,53.01063696045739,56.196844809926716,6.064252749068261,11.55259152350995,12.019289169632811,5.2723271338179645,9.435941098073224,10.022598927931636,7.231785005242222,12.385693348573518,13.182185910113917,12,12,12,12,11,2,2,0,9,3,2,WELLS_PRESENT,85.7143,EVIDENCE_PRESENT,85.7143,EVIDENCE_PRESENT,85.7143,EVIDENCE_PRESENT,85.7143,EVIDENCE_PRESENT,78.5714,EVIDENCE_PRESENT,14.2857,EVIDENCE_PRESENT,14.2857,EVIDENCE_PRESENT,0.0,NO_EVIDENCE_IN_AUDITED_WELLS,64.2857,EVIDENCE_PRESENT,21.4286,EVIDENCE_PRESENT,14.2857,REVIEW_REQUIRED_PRESENT
PIH-500-0163,500,500.01680170468654,52,EPSG:5880,DESCRIPTIVE_NO_PIH_SCORE,0.3910369554625221,2.0919247446961573,3.573641135841618,0.28326543000845567,0.3910369554625221,2.0919247446961573,0.6786377750246799,24,28.35361627006906,0.5384615384615384,0.8765986608196974,23.076923076923077,14,64.56122128559278,0.7307692307692308,0.7582302034263316,44.230769230769226,8,97.947072752275,0.8461538461538461,0.6811115686947865,53.84615384615385,20,NONE,2.207094714778578,4.875707356623784,6.065790194831901,2.207094714778578,4.875707356623784,6.24461185756424,2.33849394318357,5.416654291588914,6.24461185756424,2.207094714778578,4.875707356623784,6.24461185756424,2.2880674782863357,4.875707356623784,6.24461185756424,2.2880674782863357,4.875707356623784,6.24461185756424,5.131574379344205,9.697506159804005,12.421785803946362,5.131574379344205,9.697506159804005,12.421785803946362,37.44218312435045,44.127828356897595,47.11468595640226,2.816305444118287,4.875707356623784,6.24461185756424,3.2992884776302107,6.797677730071105,9.297228785058278,3.313542492552373,5.885388096362207,6.756179789293827,49,45,48,47,45,19,19,0,31,29,8,WELLS_PRESENT,94.2308,EVIDENCE_PRESENT,86.5385,EVIDENCE_PRESENT,92.3077,EVIDENCE_PRESENT,90.3846,EVIDENCE_PRESENT,86.5385,EVIDENCE_PRESENT,36.5385,EVIDENCE_PRESENT,36.5385,EVIDENCE_PRESENT,0.0,NO_EVIDENCE_IN_AUDITED_WELLS,59.6154,EVIDENCE_PRESENT,55.7692,EVIDENCE_PRESENT,15.3846,REVIEW_REQUIRED_PRESENT
PIH-500-0164,500,500.00502567343153,8,EPSG:5880,DESCRIPTIVE_NO_PIH_SCORE,3.116926309899987,5.132336846178538,2.061385869707933,0.1633981165827454,3.116926309899987,5.132336846178538,0.18821025160034163,7,8.74991205159895,0.125,0.979569764547061,25.0,6,29.004275704849263,0.25,0.967132018086354,25.0,4,62.58626705831466,0.5,0.875,50.0,20,NONE,3.458055680578088,5.725861476097438,6.885244031513414,5.150598138062371,9.08184536528565,13.356006594948768,5.541006863563775,9.81245839689439,14.157231215394702,5.541006863563775,9.81245839689439,14.157231215394702,5.541006863563775,9.81245839689439,14.157231215394702,5.635297829693182,9.81245839689439,14.157231215394702,6.462111787633596,13.100908869481234,14.20965631000445,6.462111787633596,13.100908869481234,14.20965631000445,43.67847707147914,50.533631257510365,53.26046439588122,6.334367612998835,12.102461411309664,14.20965631000445,5.541006863563775,9.81245839689439,14.157231215394702,4.695472139514552,9.041547012030863,10.216744281269051,6,5,4,4,2,3,3,0,5,5,4,WELLS_PRESENT,75.0,EVIDENCE_PRESENT,62.5,EVIDENCE_PRESENT,50.0,EVIDENCE_PRESENT,50.0,EVIDENCE_PRESENT,25.0,EVIDENCE_PRESENT,37.5,EVIDENCE_PRESENT,37.5,EVIDENCE_PRESENT,0.0,NO_EVIDENCE_IN_AUDITED_WELLS,62.5,EVIDENCE_PRESENT,62.5,EVIDENCE_PRESENT,50.0,REVIEW_REQUIRED_PRESENT
PIH-500-0165,500,500.0003791841685,3,EPSG:5880,DESCRIPTIVE_NO_PIH_SCORE,8.102721781238863,10.376094233361142,2.938414258628621,0.23291786053920235,8.102721781238863,11.76867824340965,0.09427742196234254,3,3.5699381341836762,0.0,0.9999999999999998,33.33333333333333,3,14.819929602546358,0.0,0.9999999999999998,33.33333333333333,3,42.687459865294876,0.0,0.9999999999999998,33.33333333333333,20,NONE,6.432588606953184,8.524376579742007,12.397549391861894,6.893503459962417,11.205772363490592,14.347932378533626,8.614200538463944,12.059493249709812,15.255527860566717,9.745833499497056,14.817881320117397,16.95528192916889,9.745833499497056,14.817881320117397,16.95528192916889,9.745833499497056,14.817881320117397,16.95528192916889,18.980032111618485,25.36888729587776,29.821919077179533,18.980032111618485,25.36888729587776,29.821919077179533,54.786181016883354,63.35857122439859,64.97060681890774,9.745833499497056,14.817881320117397,16.95528192916889,18.837820735517745,24.000472919043574,25.761635055534157,7.448684499243832,12.184692889499944,13.07149675025102,2,1,1,1,1,0,0,0,1,0,2,WELLS_PRESENT,66.6667,EVIDENCE_PRESENT,33.3333,EVIDENCE_PRESENT,33.3333,EVIDENCE_PRESENT,33.3333,EVIDENCE_PRESENT,33.3333,EVIDENCE_PRESENT,0.0,NO_EVIDENCE_IN_AUDITED_WELLS,0.0,NO_EVIDENCE_IN_AUDITED_WELLS,0.0,NO_EVIDENCE_IN_AUDITED_WELLS,33.3333,EVIDENCE_PRESENT,0.0,NO_EVIDENCE_IN_AUDITED_WELLS,66.6667,REVIEW_REQUIRED_PRESENT
PIH-500-0166,500,500.00286230832944,2,EPSG:5880,DESCRIPTIVE_NO_PIH_SCORE,7.81607656475998,10.039917610944409,6.956640660461945,0.5514272982322047,10.595877872490517,10.595877872490517,,2,1.8291846330770811,0.0,1.0,50.0,2,5.613191794178572,0.0,1.0,50.0,2,28.01651047555519,0.0,1.0,50.0,18,NONE,6.594892009013504,12.358383641800797,13.343461896073936,7.436674105356478,12.358383641800797,13.343461896073936,12.868280850032468,19.070257864170138,21.781485185776987,14.65485445774271,22.049986623100036,25.460987429120255,14.65485445774271,22.049986623100036,25.460987429120255,14.65485445774271,22.049986623100036,25.460987429120255,26.985461830878243,34.727847967026946,37.389584674409186,26.985461830878243,34.727847967026946,37.389584674409186,58.90080795451254,66.03022525031581,69.1204386445173,14.65485445774271,22.049986623100036,25.460987429120255,17.799228970387524,25.03775707614544,27.751143870906624,6.594892009013504,12.358383641800797,13.343461896073936,2,0,0,0,0,0,0,0,0,0,2,WELLS_PRESENT,100.0,EVIDENCE_PRESENT,0.0,NO_EVIDENCE_IN_AUDITED_WELLS,0.0,NO_EVIDENCE_IN_AUDITED_WELLS,0.0,NO_EVIDENCE_IN_AUDITED_WELLS,0.0,NO_EVIDENCE_IN_AUDITED_WELLS,0.0,NO_EVIDENCE_IN_AUDITED_WELLS,0.0,NO_EVIDENCE_IN_AUDITED_WELLS,0.0,NO_EVIDENCE_IN_AUDITED_WELLS,0.0,NO_EVIDENCE_IN_AUDITED_WELLS,0.0,NO_EVIDENCE_IN_AUDITED_WELLS,100.0,REVIEW_REQUIRED_PRESENT
PIH-500-0167,500,500.0124752691488,1,EPSG:5880,DESCRIPTIVE_NO_PIH_SCORE,13.874061013002102,13.874061013002102,8.758062273808012,0.6942126852422585,,,,1,1.2499688126052702,0.0,,100.0,1,4.999875250421081,0.0,,100.0,1,15.1998853450714,0.0,,100.0,20,NONE,10.909684969212321,16.90006659369748,18.84911608166906,10.909684969212321,16.90006659369748,18.84911608166906,10.909684969212321,16.90006659369748,18.84911608166906,10.909684969212321,16.90006659369748,18.84911608166906,10.909684969212321,16.90006659369748,18.84911608166906,10.909684969212321,16.90006659369748,18.84911608166906,29.5683115060717,34.805091576486056,38.34353166261958,29.5683115060717,34.805091576486056,38.34353166261958,63.17208180633118,70.0492419843954,74.01593035507047,10.909684969212321,16.90006659369748,18.84911608166906,22.836369747790524,29.800248418667664,34.50048744212621,10.909684969212321,16.90006659369748,18.84911608166906,1,1,1,1,1,0,0,0,1,0,1,WELLS_PRESENT,100.0,EVIDENCE_PRESENT,100.0,EVIDENCE_PRESENT,100.0,EVIDENCE_PRESENT,100.0,EVIDENCE_PRESENT,100.0,EVIDENCE_PRESENT,0.0,NO_EVIDENCE_IN_AUDITED_WELLS,0.0,NO_EVIDENCE_IN_AUDITED_WELLS,0.0,NO_EVIDENCE_IN_AUDITED_WELLS,100.0,EVIDENCE_PRESENT,0.0,NO_EVIDENCE_IN_AUDITED_WELLS,100.0,REVIEW_REQUIRED_PRESENT
PIH-500-0168,500,500.0292184415338,3,EPSG:5880,DESCRIPTIVE_NO_PIH_SCORE,0.9240752646687809,0.9736788625209578,11.139448024913555,0.8829597704165245,0.9240752646687809,0.9736788625209578,0.0002524239172975659,2,2.36256295032289,0.33333333333333337,0.9182958340544894,66.66666666666666,1,4.862416866651896,0.6666666666666667,,100.0,1,13.959603396795256,0.6666666666666667,,100.0,20,NONE,11.05688413068868,15.769311418365971,19.584309636856855,11.05688413068868,15.769311418365971,19.584309636856855,11.05688413068868,15.769311418365971,19.584309636856855,11.05688413068868,15.769311418365971,19.584309636856855,11.05688413068868,15.769311418365971,19.584309636856855,11.05688413068868,15.769311418365971,19.584309636856855,12.646677702232678,19.853982367783065,21.999730401896898,12.646677702232678,19.853982367783065,21.999730401896898,68.8923026199133,77.68155534743153,80.01858591921516,11.05688413068868,15.769311418365971,19.584309636856855,11.05688413068868,15.769311418365971,19.584309636856855,11.572792348924468,16.537647913565486,20.309042119526758,2,2,2,2,2,1,1,0,2,1,1,WELLS_PRESENT,66.6667,EVIDENCE_PRESENT,66.6667,EVIDENCE_PRESENT,66.6667,EVIDENCE_PRESENT,66.6667,EVIDENCE_PRESENT,66.6667,EVIDENCE_PRESENT,33.3333,EVIDENCE_PRESENT,33.3333,EVIDENCE_PRESENT,0.0,NO_EVIDENCE_IN_AUDITED_WELLS,66.6667,EVIDENCE_PRESENT,33.3333,EVIDENCE_PRESENT,33.3333,REVIEW_REQUIRED_PRESENT
PIH-500-0169,500,500.0530923521009,1,EPSG:5880,DESCRIPTIVE_NO_PIH_SCORE,12.834450307360942,12.834450307360942,2.4566299965509866,0.19471823673420163,,,,1,1.2498672832122406,0.0,,100.0,1,4.999469132848962,0.0,,100.0,1,19.99787653139585,0.0,,100.0,21,NONE,6.618641510553036,9.967319322660483,13.196429190284302,6.618641510553036,9.967319322660483,13.196429190284302,6.618641510553036,9.967319322660483,13.196429190284302,6.618641510553036,9.967319322660483,13.196429190284302,6.618641510553036,9.967319322660483,13.196429190284302,6.618641510553036,9.967319322660483,13.196429190284302,8.641039937571124,13.084933928039531,13.73943013449796,8.641039937571124,13.084933928039531,13.73943013449796,71.15046424961588,76.24985372682033,80.06304344003671,15.816819230678203,24.28847651071015,25.931168928349507,7.522585915401499,11.021633718075368,13.196429190284302,15.816819230678203,24.93834741779488,26.755368154036866,1,1,1,1,1,1,1,0,0,1,0,WELLS_PRESENT,100.0,EVIDENCE_PRESENT,100.0,EVIDENCE_PRESENT,100.0,EVIDENCE_PRESENT,100.0,EVIDENCE_PRESENT,100.0,EVIDENCE_PRESENT,100.0,EVIDENCE_PRESENT,100.0,EVIDENCE_PRESENT,0.0,NO_EVIDENCE_IN_AUDITED_WELLS,0.0,NO_EVIDENCE_IN_AUDITED_WELLS,100.0,EVIDENCE_PRESENT,0.0,NO_REVIEW_FLAG_IN_AUDITED_WELLS
PIH-500-0170,500,500.084097679108,0,EPSG:5880,DESCRIPTIVE_NO_PIH_SCORE,,,,,,,,0,0.0,,,,0,0.0,,,,0,0.0,,,,20,NONE,11.971499829421603,16.781322911416353,21.408576103719334,12.825252138319971,16.781322911416353,21.408576103719334,12.825252138319971,16.781322911416353,21.408576103719334,12.825252138319971,16.781322911416353,21.408576103719334,12.825252138319971,16.781322911416353,21.408576103719334,12.825252138319971,16.781322911416353,21.408576103719334,17.111408451511746,22.13240522428765,24.916342529146934,17.111408451511746,22.13240522428765,24.916342529146934,47.62217681561029,56.345206944855505,57.86812061303103,31.054259396132835,35.04830873338021,36.959323865171775,12.825252138319971,16.781322911416353,21.408576103719334,20.2842916914244,27.655226682910943,29.636887565345333,0,0,0,0,0,0,0,0,0,0,0,UNKNOWN_NO_WELLS_IN_DATASET,,UNKNOWN_NO_WELLS_IN_DATASET,,UNKNOWN_NO_WELLS_IN_DATASET,,UNKNOWN_NO_WELLS_IN_DATASET,,UNKNOWN_NO_WELLS_IN_DATASET,,UNKNOWN_NO_WELLS_IN_DATASET,,UNKNOWN_NO_WELLS_IN_DATASET,,UNKNOWN_NO_WELLS_IN_DATASET,,UNKNOWN_NO_WELLS_IN_DATASET,,UNKNOWN_NO_WELLS_IN_DATASET,,UNKNOWN_NO_WELLS_IN_DATASET,,UNKNOWN_NO_WELLS_IN_DATASET
PIH-500-0171,500,500.1222352526791,2,EPSG:5880,DESCRIPTIVE_NO_PIH_SCORE,11.78312527403864,14.75994123260778,1.0297836221586048,0.08161741489091066,18.942180146451488,18.942180146451488,,2,2.4993889731146557,0.0,1.0,50.0,2,9.997555892458623,0.0,1.0,50.0,2,36.47275059008443,0.0,1.0,50.0,20,NONE,5.972955964912497,10.363459834413815,13.470419280211935,5.972955964912497,10.363459834413815,13.470419280211935,7.832186508811882,11.291071877471433,14.497801596983436,7.832186508811882,11.291071877471433,14.497801596983436,7.832186508811882,11.291071877471433,14.497801596983436,7.832186508811882,11.291071877471433,14.497801596983436,7.832186508811882,11.291071877471433,14.497801596983436,7.832186508811882,11.291071877471433,14.497801596983436,25.15953029806291,32.3405272089923,34.154540803685215,16.86810728903772,25.22036348837355,27.36743003010343,7.832186508811882,11.291071877471433,14.497801596983436,11.24458949541282,16.643257473220533,18.788690460231766,2,2,2,2,2,2,2,0,0,2,0,WELLS_PRESENT,100.0,EVIDENCE_PRESENT,100.0,EVIDENCE_PRESENT,100.0,EVIDENCE_PRESENT,100.0,EVIDENCE_PRESENT,100.0,EVIDENCE_PRESENT,100.0,EVIDENCE_PRESENT,100.0,EVIDENCE_PRESENT,0.0,NO_EVIDENCE_IN_AUDITED_WELLS,0.0,NO_EVIDENCE_IN_AUDITED_WELLS,100.0,EVIDENCE_PRESENT,0.0,NO_REVIEW_FLAG_IN_AUDITED_WELLS
PIH-500-0172,500,500.1675060544336,46,EPSG:5880,DESCRIPTIVE_NO_PIH_SCORE,0.10586118904853008,0.6455076815815417,8.637204817475226,0.6845267397906502,0.10586118904853008,0.6455076815815417,0.18161980534368116,10,12.218806133053791,0.782608695652174,0.7150608332312192,41.30434782608695,6,25.227055158024765,0.8695652173913043,0.6125838051379513,58.69565217391305,4,55.97422241241969,0.9130434782608696,0.6170806062449222,65.21739130434783,17,NONE,4.1734266624694465,9.433458458011742,9.609173150378007,4.1734266624694465,9.433458458011742,9.609173150378007,4.1734266624694465,9.433458458011742,11.016407448887016,4.1734266624694465,9.433458458011742,11.016407448887016,4.1734266624694465,9.433458458011742,11.016407448887016,4.1734266624694465,9.433458458011742,11.016407448887016,5.236438273494826,9.433458458011742,11.016407448887016,5.236438273494826,9.433458458011742,11.016407448887016,10.911740740525921,19.19682511617922,19.989002401515133,7.4886643207442924,15.323174375335688,18.039768976257633,5.236438273494826,9.433458458011742,11.016407448887016,7.4886643207442924,13.819021549006731,18.039768976257633,46,45,46,46,42,20,20,3,25,26,24,WELLS_PRESENT,100.0,EVIDENCE_PRESENT,97.8261,EVIDENCE_PRESENT,100.0,EVIDENCE_PRESENT,100.0,EVIDENCE_PRESENT,91.3043,EVIDENCE_PRESENT,43.4783,EVIDENCE_PRESENT,43.4783,EVIDENCE_PRESENT,6.5217,EVIDENCE_PRESENT,54.3478,EVIDENCE_PRESENT,56.5217,EVIDENCE_PRESENT,52.1739,REVIEW_REQUIRED_PRESENT
PIH-500-0173,500,271.69402868574866,7,EPSG:5880,DESCRIPTIVE_NO_PIH_SCORE,0.04206666641371527,0.1515424254502278,7.195871974917109,0.7737814562059331,0.04206666641371527,0.1515424254502278,0.0007922981223900012,2,2.123898013217977,0.7142857142857143,0.9852281360342515,57.14285714285714,2,5.179150525850659,0.7142857142857143,0.9852281360342515,57.14285714285714,2,38.60882508028843,0.7142857142857143,0.9852281360342515,57.14285714285714,12,NONE,8.262220218522298,12.971275211410765,13.32626597080364,8.262220218522298,12.971275211410765,13.32626597080364,8.262220218522298,12.971275211410765,13.32626597080364,8.262220218522298,12.971275211410765,13.32626597080364,8.262220218522298,12.971275211410765,13.32626597080364,8.262220218522298,12.971275211410765,13.32626597080364,8.310196426453821,12.971275211410765,13.386541268670214,8.310196426453821,12.971275211410765,13.386541268670214,8.482075221684715,13.221633215196354,13.459570147138693,8.394304881678334,13.200254257865426,13.350020367838004,8.310196426453821,12.971275211410765,13.386541268670214,8.262220218522298,12.971275211410765,13.32626597080364,7,7,7,7,7,5,5,2,2,7,7,WELLS_PRESENT,100.0,EVIDENCE_PRESENT,100.0,EVIDENCE_PRESENT,100.0,EVIDENCE_PRESENT,100.0,EVIDENCE_PRESENT,100.0,EVIDENCE_PRESENT,71.4286,EVIDENCE_PRESENT,71.4286,EVIDENCE_PRESENT,28.5714,EVIDENCE_PRESENT,28.5714,EVIDENCE_PRESENT,100.0,EVIDENCE_PRESENT,100.0,REVIEW_REQUIRED_PRESENT
PIH-500-0174,500,423.2289101876208,0,EPSG:5880,DESCRIPTIVE_NO_PIH_SCORE,,,,,,,,0,0.0,,,,0,0.0,,,,0,0.0,,,,16,NONE,63.43632347311714,72.07191840438912,73.8359932662839,63.43632347311714,72.07191840438912,73.8359932662839,63.43632347311714,72.07191840438912,73.8359932662839,63.43632347311714,72.07191840438912,73.8359932662839,63.43632347311714,72.07191840438912,73.8359932662839,93.26844877960858,100.1540978003525,103.21886143139669,93.26844877960858,100.1540978003525,103.21886143139669,93.26844877960858,100.1540978003525,103.21886143139669,153.87237335009758,160.2379115727702,163.25130431821913,63.43632347311714,72.07191840438912,73.8359932662839,63.43632347311714,72.07191840438912,73.8359932662839,63.43632347311714,72.07191840438912,73.8359932662839,0,0,0,0,0,0,0,0,0,0,0,UNKNOWN_NO_WELLS_IN_DATASET,,UNKNOWN_NO_WELLS_IN_DATASET,,UNKNOWN_NO_WELLS_IN_DATASET,,UNKNOWN_NO_WELLS_IN_DATASET,,UNKNOWN_NO_WELLS_IN_DATASET,,UNKNOWN_NO_WELLS_IN_DATASET,,UNKNOWN_NO_WELLS_IN_DATASET,,UNKNOWN_NO_WELLS_IN_DATASET,,UNKNOWN_NO_WELLS_IN_DATASET,,UNKNOWN_NO_WELLS_IN_DATASET,,UNKNOWN_NO_WELLS_IN_DATASET,,UNKNOWN_NO_WELLS_IN_DATASET
PIH-500-0175,500,500.8742292460476,0,EPSG:5880,DESCRIPTIVE_NO_PIH_SCORE,,,,,,,,0,0.0,,,,0,0.0,,,,0,0.0,,,,21,NONE,52.57186676511609,60.541518165201005,61.951770233458674,52.57186676511609,60.541518165201005,61.951770233458674,52.57186676511609,60.541518165201005,61.951770233458674,52.57186676511609,60.541518165201005,61.951770233458674,52.57186676511609,60.541518165201005,61.951770233458674,74.40248274701479,82.1470057753493,86.19356772592135,74.40248274701479,82.1470057753493,86.19356772592135,74.40248274701479,82.1470057753493,86.19356772592135,133.27095062483963,142.20051551969055,144.6765623532892,52.57186676511609,60.541518165201005,61.951770233458674,52.57186676511609,60.541518165201005,61.951770233458674,52.57186676511609,60.541518165201005,61.951770233458674,0,0,0,0,0,0,0,0,0,0,0,UNKNOWN_NO_WELLS_IN_DATASET,,UNKNOWN_NO_WELLS_IN_DATASET,,UNKNOWN_NO_WELLS_IN_DATASET,,UNKNOWN_NO_WELLS_IN_DATASET,,UNKNOWN_NO_WELLS_IN_DATASET,,UNKNOWN_NO_WELLS_IN_DATASET,,UNKNOWN_NO_WELLS_IN_DATASET,,UNKNOWN_NO_WELLS_IN_DATASET,,UNKNOWN_NO_WELLS_IN_DATASET,,UNKNOWN_NO_WELLS_IN_DATASET,,UNKNOWN_NO_WELLS_IN_DATASET,,UNKNOWN_NO_WELLS_IN_DATASET
PIH-500-0176,500,500.7661078992351,0,EPSG:5880,DESCRIPTIVE_NO_PIH_SCORE,,,,,,,,0,0.0,,,,0,0.0,,,,0,0.0,,,,19,NONE,48.7115542958911,53.93119153706825,58.94310619996023,48.7115542958911,53.93119153706825,58.94310619996023,48.7115542958911,53.93119153706825,58.94310619996023,48.7115542958911,53.93119153706825,58.94310619996023,48.7115542958911,53.93119153706825,58.94310619996023,53.5830715532293,63.112641864903,67.25569358786207,56.60183514712077,64.18364765424566,67.25569358786207,56.60183514712077,64.18364765424566,67.25569358786207,111.74321208201043,119.9122331160522,122.09302543684424,48.94447808725147,54.880785366681806,58.94310619996023,48.7115542958911,53.93119153706825,58.94310619996023,48.7115542958911,53.93119153706825,58.94310619996023,0,0,0,0,0,0,0,0,0,0,0,UNKNOWN_NO_WELLS_IN_DATASET,,UNKNOWN_NO_WELLS_IN_DATASET,,UNKNOWN_NO_WELLS_IN_DATASET,,UNKNOWN_NO_WELLS_IN_DATASET,,UNKNOWN_NO_WELLS_IN_DATASET,,UNKNOWN_NO_WELLS_IN_DATASET,,UNKNOWN_NO_WELLS_IN_DATASET,,UNKNOWN_NO_WELLS_IN_DATASET,,UNKNOWN_NO_WELLS_IN_DATASET,,UNKNOWN_NO_WELLS_IN_DATASET,,UNKNOWN_NO_WELLS_IN_DATASET,,UNKNOWN_NO_WELLS_IN_DATASET
PIH-500-0177,500,500.6651303921207,0,EPSG:5880,DESCRIPTIVE_NO_PIH_SCORE,,,,,,,,0,0.0,,,,0,0.0,,,,0,0.0,,,,20,NONE,34.17780962219969,42.48178216594146,44.46035756167017,34.17780962219969,42.48178216594146,44.46035756167017,34.17780962219969,42.48178216594146,44.46035756167017,34.17780962219969,42.48178216594146,44.46035756167017,34.17780962219969,42.48178216594146,44.46035756167017,34.17780962219969,42.48178216594146,44.46035756167017,45.22104151048487,53.73713307375982,56.615412852203875,45.22104151048487,53.73713307375982,56.615412852203875,90.31781621471629,98.08504972027004,100.65836292270313,45.167438837687754,53.74289245717829,56.5923848962537,34.17780962219969,42.48178216594146,44.46035756167017,34.17780962219969,42.48178216594146,44.46035756167017,0,0,0,0,0,0,0,0,0,0,0,UNKNOWN_NO_WELLS_IN_DATASET,,UNKNOWN_NO_WELLS_IN_DATASET,,UNKNOWN_NO_WELLS_IN_DATASET,,UNKNOWN_NO_WELLS_IN_DATASET,,UNKNOWN_NO_WELLS_IN_DATASET,,UNKNOWN_NO_WELLS_IN_DATASET,,UNKNOWN_NO_WELLS_IN_DATASET,,UNKNOWN_NO_WELLS_IN_DATASET,,UNKNOWN_NO_WELLS_IN_DATASET,,UNKNOWN_NO_WELLS_IN_DATASET,,UNKNOWN_NO_WELLS_IN_DATASET,,UNKNOWN_NO_WELLS_IN_DATASET
PIH-500-0178,500,500.57129476031207,0,EPSG:5880,DESCRIPTIVE_NO_PIH_SCORE,,,,,,,,0,0.0,,,,0,0.0,,,,0,0.0,,,,21,NONE,15.877172049162516,24.81265782003686,26.79917867197501,15.877172049162516,24.81265782003686,26.79917867197501,15.877172049162516,24.81265782003686,26.79917867197501,15.877172049162516,24.81265782003686,26.79917867197501,15.877172049162516,24.81265782003686,26.79917867197501,15.877172049162516,24.81265782003686,26.79917867197501,34.69557172846325,39.86097955554196,43.561068368938464,34.69557172846325,39.86097955554196,43.561068368938464,71.36346888856632,81.28656218733414,84.86521241795471,34.510844306854445,39.86097955554196,43.561068368938464,15.877172049162516,24.81265782003686,26.79917867197501,15.877172049162516,24.81265782003686,26.79917867197501,0,0,0,0,0,0,0,0,0,0,0,UNKNOWN_NO_WELLS_IN_DATASET,,UNKNOWN_NO_WELLS_IN_DATASET,,UNKNOWN_NO_WELLS_IN_DATASET,,UNKNOWN_NO_WELLS_IN_DATASET,,UNKNOWN_NO_WELLS_IN_DATASET,,UNKNOWN_NO_WELLS_IN_DATASET,,UNKNOWN_NO_WELLS_IN_DATASET,,UNKNOWN_NO_WELLS_IN_DATASET,,UNKNOWN_NO_WELLS_IN_DATASET,,UNKNOWN_NO_WELLS_IN_DATASET,,UNKNOWN_NO_WELLS_IN_DATASET,,UNKNOWN_NO_WELLS_IN_DATASET
PIH-500-0179,500,500.48459919016307,1,EPSG:5880,DESCRIPTIVE_NO_PIH_SCORE,4.828807201028057,4.828807201028057,8.485143052341746,0.6722622828085242,,,,1,1.2487896750695546,0.0,,100.0,1,4.973805928939039,0.0,,100.0,1,14.989700760116186,0.0,,100.0,18,NONE,10.836786697015274,14.746521472178015,16.068114025872475,10.836786697015274,14.746521472178015,16.068114025872475,13.808665933287191,18.118944397560213,18.87811942873774,10.836786697015274,14.746521472178015,16.068114025872475,10.836786697015274,14.746521472178015,16.068114025872475,10.836786697015274,14.746521472178015,16.068114025872475,14.649092902279238,21.534731836153092,24.817766173125772,14.649092902279238,21.534731836153092,24.817766173125772,59.37707577536302,66.65868312468245,70.19617827703513,14.649092902279238,21.534731836153092,24.817766173125772,13.808665933287191,18.118944397560213,18.87811942873774,10.836786697015274,14.746521472178015,16.068114025872475,1,0,1,1,1,0,0,0,0,0,1,WELLS_PRESENT,100.0,EVIDENCE_PRESENT,0.0,NO_EVIDENCE_IN_AUDITED_WELLS,100.0,EVIDENCE_PRESENT,100.0,EVIDENCE_PRESENT,100.0,EVIDENCE_PRESENT,0.0,NO_EVIDENCE_IN_AUDITED_WELLS,0.0,NO_EVIDENCE_IN_AUDITED_WELLS,0.0,NO_EVIDENCE_IN_AUDITED_WELLS,0.0,NO_EVIDENCE_IN_AUDITED_WELLS,0.0,NO_EVIDENCE_IN_AUDITED_WELLS,100.0,REVIEW_REQUIRED_PRESENT
PIH-500-0180,500,500.4050420186604,0,EPSG:5880,DESCRIPTIVE_NO_PIH_SCORE,,,,,,,,0,0.0,,,,0,0.0,,,,0,0.0,,,,20,NONE,12.544161358449209,17.147894147733894,20.630073388811272,12.544161358449209,17.147894147733894,20.630073388811272,14.280059569159771,18.45295526223569,20.911890011406534,12.544161358449209,17.147894147733894,20.630073388811272,12.544161358449209,17.147894147733894,20.630073388811272,12.544161358449209,17.147894147733894,20.630073388811272,14.337621749608711,18.45295526223569,20.911890011406534,14.337621749608711,18.45295526223569,20.911890011406534,52.50065949237273,61.99640434800443,62.47321514583686,13.380333026069,21.03581441571702,24.135825685483272,14.280059569159771,18.45295526223569,20.911890011406534,12.544161358449209,17.147894147733894,20.630073388811272,0,0,0,0,0,0,0,0,0,0,0,UNKNOWN_NO_WELLS_IN_DATASET,,UNKNOWN_NO_WELLS_IN_DATASET,,UNKNOWN_NO_WELLS_IN_DATASET,,UNKNOWN_NO_WELLS_IN_DATASET,,UNKNOWN_NO_WELLS_IN_DATASET,,UNKNOWN_NO_WELLS_IN_DATASET,,UNKNOWN_NO_WELLS_IN_DATASET,,UNKNOWN_NO_WELLS_IN_DATASET,,UNKNOWN_NO_WELLS_IN_DATASET,,UNKNOWN_NO_WELLS_IN_DATASET,,UNKNOWN_NO_WELLS_IN_DATASET,,UNKNOWN_NO_WELLS_IN_DATASET
PIH-500-0181,500,500.3326217335872,6,EPSG:5880,DESCRIPTIVE_NO_PIH_SCORE,6.695660158021942,9.834248292471521,1.5742011110662175,0.1247400003711869,6.695660158021942,9.834248292471521,0.2660984276017754,5,5.314381433815927,0.16666666666666663,0.9697238998682473,33.33333333333333,5,21.330659493070247,0.16666666666666663,0.9697238998682473,33.33333333333333,5,80.60693223666131,0.16666666666666663,0.9697238998682473,33.33333333333333,20,NONE,4.116094745165484,7.802408919609179,10.927168755489285,4.116094745165484,7.802408919609179,10.927168755489285,4.844887522463401,8.617025346174149,13.271059956689069,4.844887522463401,8.617025346174149,13.271059956689069,4.844887522463401,8.617025346174149,13.271059956689069,4.844887522463401,8.617025346174149,13.271059956689069,7.715292703440956,10.80595388401382,13.91214304000537,7.715292703440956,10.80595388401382,13.91214304000537,57.52135792406938,61.58725940546708,63.66284527892696,12.064451887494815,19.092639620434166,19.94414929674087,4.844887522463401,8.617025346174149,13.271059956689069,6.160644349980293,9.290165482018768,10.927168755489285,6,5,5,5,5,2,2,0,1,5,3,WELLS_PRESENT,100.0,EVIDENCE_PRESENT,83.3333,EVIDENCE_PRESENT,83.3333,EVIDENCE_PRESENT,83.3333,EVIDENCE_PRESENT,83.3333,EVIDENCE_PRESENT,33.3333,EVIDENCE_PRESENT,33.3333,EVIDENCE_PRESENT,0.0,NO_EVIDENCE_IN_AUDITED_WELLS,16.6667,EVIDENCE_PRESENT,83.3333,EVIDENCE_PRESENT,50.0,REVIEW_REQUIRED_PRESENT
PIH-500-0182,500,500.2673369736891,0,EPSG:5880,DESCRIPTIVE_NO_PIH_SCORE,,,,,,,,0,0.0,,,,0,0.0,,,,0,0.0,,,,21,NONE,10.48365600601504,15.392531801691458,15.760159943633196,10.48365600601504,15.392531801691458,15.760159943633196,10.48365600601504,15.392531801691458,15.760159943633196,10.48365600601504,15.420929960437567,15.760159943633196,10.48365600601504,15.420929960437567,15.760159943633196,10.48365600601504,15.420929960437567,15.760159943633196,13.103901898417533,16.733434335458977,20.54473432754363,15.619512629495496,19.8715720378732,20.54473432754363,52.530633334500365,59.78983065582655,62.28979835351033,11.034520990748755,15.619512629495496,16.91316025133815,13.428687780844971,16.91316025133815,17.899744627736855,20.11101564371058,25.458796665058443,27.45307112450146,0,0,0,0,0,0,0,0,0,0,0,UNKNOWN_NO_WELLS_IN_DATASET,,UNKNOWN_NO_WELLS_IN_DATASET,,UNKNOWN_NO_WELLS_IN_DATASET,,UNKNOWN_NO_WELLS_IN_DATASET,,UNKNOWN_NO_WELLS_IN_DATASET,,UNKNOWN_NO_WELLS_IN_DATASET,,UNKNOWN_NO_WELLS_IN_DATASET,,UNKNOWN_NO_WELLS_IN_DATASET,,UNKNOWN_NO_WELLS_IN_DATASET,,UNKNOWN_NO_WELLS_IN_DATASET,,UNKNOWN_NO_WELLS_IN_DATASET,,UNKNOWN_NO_WELLS_IN_DATASET
PIH-500-0183,500,500.20918652825554,1,EPSG:5880,DESCRIPTIVE_NO_PIH_SCORE,19.84452260873458,19.84452260873458,5.587045572174705,0.44277319208215066,,,,1,1.2494772523828797,0.0,,100.0,1,4.997909009531519,0.0,,100.0,1,19.991636038126074,0.0,,100.0,20,NONE,9.568720726163429,14.11016216483526,15.644227036042446,9.568720726163429,14.11016216483526,15.644227036042446,9.568720726163429,14.11016216483526,15.644227036042446,9.568720726163429,14.11016216483526,15.644227036042446,9.568720726163429,14.11016216483526,15.644227036042446,9.568720726163429,14.11016216483526,15.644227036042446,10.52852563986396,15.666462367240516,18.015039234131812,10.52852563986396,15.666462367240516,18.015039234131812,29.994748494768196,38.14527080394959,40.04249528714535,9.568720726163429,14.11016216483526,15.644227036042446,9.568720726163429,14.421821300956617,15.644227036042446,26.283649763182844,31.103904461382893,31.635740311656832,1,1,1,1,1,1,1,0,1,1,0,WELLS_PRESENT,100.0,EVIDENCE_PRESENT,100.0,EVIDENCE_PRESENT,100.0,EVIDENCE_PRESENT,100.0,EVIDENCE_PRESENT,100.0,EVIDENCE_PRESENT,100.0,EVIDENCE_PRESENT,100.0,EVIDENCE_PRESENT,0.0,NO_EVIDENCE_IN_AUDITED_WELLS,100.0,EVIDENCE_PRESENT,100.0,EVIDENCE_PRESENT,0.0,NO_REVIEW_FLAG_IN_AUDITED_WELLS
PIH-500-0184,500,500.1581693373972,2,EPSG:5880,DESCRIPTIVE_NO_PIH_SCORE,5.662906585129697,8.79573843379955,9.676836501853103,0.7669281103260618,13.31128864708119,13.31128864708119,,2,2.002540956593119,0.0,1.0,50.0,2,7.364570907828323,0.0,1.0,50.0,2,16.04559505229374,0.0,1.0,50.0,18,NONE,7.688750294492076,15.089515016917218,15.693958991786403,9.574623382937968,15.921846606366566,16.525792597334746,9.574623382937968,15.921846606366566,16.525792597334746,9.574623382937968,15.921846606366566,16.525792597334746,9.574623382937968,15.921846606366566,16.525792597334746,9.574623382937968,15.921846606366566,16.525792597334746,12.489698946983967,20.799288394272818,22.590484090455764,12.489698946983967,20.799288394272818,22.590484090455764,13.208095564701615,21.215049489436588,23.270326781601263,9.574623382937968,15.921846606366566,16.525792597334746,9.574623382937968,17.464284589856707,21.486161284179143,16.02678317273248,21.90246711140072,22.35226861621072,2,2,2,2,2,1,1,0,2,2,0,WELLS_PRESENT,100.0,EVIDENCE_PRESENT,100.0,EVIDENCE_PRESENT,100.0,EVIDENCE_PRESENT,100.0,EVIDENCE_PRESENT,100.0,EVIDENCE_PRESENT,50.0,EVIDENCE_PRESENT,50.0,EVIDENCE_PRESENT,0.0,NO_EVIDENCE_IN_AUDITED_WELLS,100.0,EVIDENCE_PRESENT,100.0,EVIDENCE_PRESENT,0.0,NO_REVIEW_FLAG_IN_AUDITED_WELLS
PIH-500-0185,500,500.11428449210933,3,EPSG:5880,DESCRIPTIVE_NO_PIH_SCORE,0.042146911913300736,6.5264257748828935,7.762665240665262,0.6152493515678648,0.042146911913300736,6.5264257748828935,0.00015943044674114834,2,2.499428708119058,0.33333333333333337,0.9182958340544894,66.66666666666666,2,7.8711998905669045,0.33333333333333337,0.9182958340544894,66.66666666666666,2,35.720198332591806,0.33333333333333337,0.9182958340544894,66.66666666666666,20,NONE,5.267670054873563,8.84118036468221,9.650074567244976,6.3747563279550015,10.811540636983668,12.780708512349419,6.3747563279550015,10.811540636983668,12.780708512349419,6.3747563279550015,10.811540636983668,12.780708512349419,6.3747563279550015,10.811540636983668,12.780708512349419,6.3747563279550015,10.811540636983668,12.780708512349419,13.744203983030513,17.655176205150983,19.197865001439496,13.744203983030513,17.655176205150983,19.197865001439496,23.40346905909098,31.67615721997729,33.83513582415312,6.3747563279550015,10.811540636983668,12.780708512349419,13.744203983030513,17.655176205150983,19.197865001439496,6.352329948288535,10.002540564350925,12.043309775029309,1,1,1,1,1,0,0,0,1,0,2,WELLS_PRESENT,33.3333,EVIDENCE_PRESENT,33.3333,EVIDENCE_PRESENT,33.3333,EVIDENCE_PRESENT,33.3333,EVIDENCE_PRESENT,33.3333,EVIDENCE_PRESENT,0.0,NO_EVIDENCE_IN_AUDITED_WELLS,0.0,NO_EVIDENCE_IN_AUDITED_WELLS,0.0,NO_EVIDENCE_IN_AUDITED_WELLS,33.3333,EVIDENCE_PRESENT,0.0,NO_EVIDENCE_IN_AUDITED_WELLS,66.6667,REVIEW_REQUIRED_PRESENT
PIH-500-0186,500,500.0775312340983,32,EPSG:5880,DESCRIPTIVE_NO_PIH_SCORE,0.1059023093873569,2.7047029081101854,8.482972850374427,0.6723638300779476,0.1059023093873569,2.7047029081101854,0.18696621429181828,11,12.589679963704656,0.65625,0.8001140776059551,37.5,7,29.113858316726056,0.78125,0.6450889631518022,62.5,4,49.28594392268855,0.875,0.6622301466508207,68.75,21,NONE,3.6705135349382605,10.671539627023828,11.746892902808531,6.713996323704188,11.944388679337132,14.412572794849764,6.713996323704188,11.944388679337132,14.412572794849764,6.713996323704188,11.944388679337132,14.412572794849764,6.713996323704188,11.944388679337132,14.412572794849764,6.713996323704188,11.944388679337132,14.412572794849764,9.559903576790612,17.369638603292792,18.00466326316936,9.559903576790612,17.369638603292792,18.00466326316936,45.708071549232784,54.487750581752834,56.731275018685665,6.713996323704188,11.944388679337132,14.412572794849764,6.857404263720101,11.944388679337132,14.593580705147499,6.535611028842334,11.746892902808531,13.104495789888976,30,29,29,29,27,11,11,0,21,23,3,WELLS_PRESENT,93.75,EVIDENCE_PRESENT,90.625,EVIDENCE_PRESENT,90.625,EVIDENCE_PRESENT,90.625,EVIDENCE_PRESENT,84.375,EVIDENCE_PRESENT,34.375,EVIDENCE_PRESENT,34.375,EVIDENCE_PRESENT,0.0,NO_EVIDENCE_IN_AUDITED_WELLS,65.625,EVIDENCE_PRESENT,71.875,EVIDENCE_PRESENT,9.375,REVIEW_REQUIRED_PRESENT
PIH-500-0187,500,500.0479089559767,1,EPSG:5880,DESCRIPTIVE_NO_PIH_SCORE,8.973251859480087,8.973251859480087,8.427189293672983,0.6679621867896834,,,,1,1.249880239085299,0.0,,100.0,1,4.999520956341196,0.0,,100.0,1,19.998083825364784,0.0,,100.0,21,NONE,9.048235534598223,15.144504522867308,17.19024705317315,9.353992967631921,16.373727096710837,18.475504093904142,9.353992967631921,16.373727096710837,18.475504093904142,9.353992967631921,16.373727096710837,18.475504093904142,9.353992967631921,16.373727096710837,18.475504093904142,9.353992967631921,16.373727096710837,18.475504093904142,22.369363451711255,28.150772188731317,29.412939851127287,22.369363451711255,28.150772188731317,29.412939851127287,64.4077900805644,71.15202214027275,74.41087546423262,9.353992967631921,16.373727096710837,18.475504093904142,9.71704480772785,16.796970164620607,18.475504093904142,11.615007696633452,15.872711272335815,18.759078889179197,1,1,1,1,1,0,0,0,1,1,0,WELLS_PRESENT,100.0,EVIDENCE_PRESENT,100.0,EVIDENCE_PRESENT,100.0,EVIDENCE_PRESENT,100.0,EVIDENCE_PRESENT,100.0,EVIDENCE_PRESENT,0.0,NO_EVIDENCE_IN_AUDITED_WELLS,0.0,NO_EVIDENCE_IN_AUDITED_WELLS,0.0,NO_EVIDENCE_IN_AUDITED_WELLS,100.0,EVIDENCE_PRESENT,100.0,EVIDENCE_PRESENT,0.0,NO_REVIEW_FLAG_IN_AUDITED_WELLS
PIH-500-0188,500,500.0254172010761,2,EPSG:5880,DESCRIPTIVE_NO_PIH_SCORE,10.291425677459525,11.65248149976194,3.664143253557854,0.2904365975917077,14.765725126997351,14.765725126997351,,2,2.4998729204546324,0.0,1.0,50.0,2,9.981065588012557,0.0,1.0,50.0,2,23.299718951445314,0.0,1.0,50.0,21,NONE,5.322806597427988,7.995971109072939,9.867949611544308,8.059516162860417,11.912146605809847,13.784390652110734,8.365475939183247,11.912146605809847,13.784390652110734,8.454960942549762,12.872014772754923,13.784390652110734,8.454960942549762,12.872014772754923,13.784390652110734,8.454960942549762,12.872014772754923,13.784390652110734,13.777575707850577,20.4903539910082,23.76638688456998,13.777575707850577,20.4903539910082,23.76638688456998,58.347297643020156,67.43285333697263,69.23225534706212,10.260395024194814,13.784390652110734,15.238738203388772,8.454960942549762,12.311755824625246,14.978410892313397,6.782635909025358,9.65710052506682,11.002983773736753,0,0,0,0,0,0,0,0,0,0,2,WELLS_PRESENT,0.0,NO_EVIDENCE_IN_AUDITED_WELLS,0.0,NO_EVIDENCE_IN_AUDITED_WELLS,0.0,NO_EVIDENCE_IN_AUDITED_WELLS,0.0,NO_EVIDENCE_IN_AUDITED_WELLS,0.0,NO_EVIDENCE_IN_AUDITED_WELLS,0.0,NO_EVIDENCE_IN_AUDITED_WELLS,0.0,NO_EVIDENCE_IN_AUDITED_WELLS,0.0,NO_EVIDENCE_IN_AUDITED_WELLS,0.0,NO_EVIDENCE_IN_AUDITED_WELLS,0.0,NO_EVIDENCE_IN_AUDITED_WELLS,100.0,REVIEW_REQUIRED_PRESENT
PIH-500-0189,500,500.01005566351057,7,EPSG:5880,DESCRIPTIVE_NO_PIH_SCORE,0.17255488661580118,6.233275198107194,5.609244048805029,0.44462093021527566,0.17255488661580118,6.233275198107194,0.036983385782056476,3,3.6584965886570777,0.5714285714285714,0.72483409150576,71.42857142857143,3,11.770490912912711,0.5714285714285714,0.72483409150576,71.42857142857143,2,36.22833707917048,0.7142857142857143,0.5916727785823274,85.71428571428571,16,NONE,6.362932149340997,8.023762538734287,10.283501477660316,6.362932149340997,9.070073368749359,11.305144952472856,6.362932149340997,9.070073368749359,11.305144952472856,6.362932149340997,9.070073368749359,11.305144952472856,6.362932149340997,9.070073368749359,11.305144952472856,6.362932149340997,9.427587666463591,11.957287574082347,7.560541353518799,10.112681486928325,11.305144952472856,7.560541353518799,10.112681486928325,11.305144952472856,57.994860467913995,65.9960353401081,68.23018955429744,7.694811820710008,10.347367383616568,11.305144952472856,6.362932149340997,9.070073368749359,11.305144952472856,9.221267991969931,12.825157143248585,16.52201111185369,7,6,5,5,5,2,2,0,1,6,1,WELLS_PRESENT,100.0,EVIDENCE_PRESENT,85.7143,EVIDENCE_PRESENT,71.4286,EVIDENCE_PRESENT,71.4286,EVIDENCE_PRESENT,71.4286,EVIDENCE_PRESENT,28.5714,EVIDENCE_PRESENT,28.5714,EVIDENCE_PRESENT,0.0,NO_EVIDENCE_IN_AUDITED_WELLS,14.2857,EVIDENCE_PRESENT,85.7143,EVIDENCE_PRESENT,14.2857,REVIEW_REQUIRED_PRESENT
PIH-500-0190,500,500.0018241883098,4,EPSG:5880,DESCRIPTIVE_NO_PIH_SCORE,0.8378864289103298,6.5384899317419425,9.476917451040425,0.7512011422862537,0.8378864289103298,6.5384899317419425,0.004691623501122767,3,3.7499863186375917,0.25,0.946394630357186,50.0,3,12.46154337063466,0.25,0.946394630357186,50.0,2,29.348875347861103,0.5,0.8112781244591328,75.0,20,NONE,6.266508820784635,10.433420178191895,12.834592187292476,8.973175876819372,15.074723274406244,17.13743603067361,8.973175876819372,15.10932367515849,17.13743603067361,8.973175876819372,15.074723274406244,17.13743603067361,8.973175876819372,15.074723274406244,17.13743603067361,9.371742307053449,15.074723274406244,17.13743603067361,9.476515480266169,15.10932367515849,17.13743603067361,9.476515480266169,15.10932367515849,17.13743603067361,65.90452037319892,74.66158266179853,76.9127433422283,12.179655110308527,15.907207557974878,19.341598067318028,9.264113179205498,15.10932367515849,17.13743603067361,11.281245263649158,15.572058885655565,18.197445844862877,4,4,4,4,3,2,2,0,3,2,0,WELLS_PRESENT,100.0,EVIDENCE_PRESENT,100.0,EVIDENCE_PRESENT,100.0,EVIDENCE_PRESENT,100.0,EVIDENCE_PRESENT,75.0,EVIDENCE_PRESENT,50.0,EVIDENCE_PRESENT,50.0,EVIDENCE_PRESENT,0.0,NO_EVIDENCE_IN_AUDITED_WELLS,75.0,EVIDENCE_PRESENT,50.0,EVIDENCE_PRESENT,0.0,NO_REVIEW_FLAG_IN_AUDITED_WELLS
PIH-500-0191,500,500.000722771385,0,EPSG:5880,DESCRIPTIVE_NO_PIH_SCORE,,,,,,,,0,0.0,,,,0,0.0,,,,0,0.0,,,,21,NONE,13.934122690459617,17.909079304357267,19.548300077381615,13.934122690459617,17.909079304357267,19.548300077381615,13.988794478256514,19.548300077381615,23.381819800946126,16.357340084096794,20.852853185676338,23.92349045524265,16.357340084096794,20.852853185676338,23.92349045524265,16.357340084096794,20.852853185676338,23.92349045524265,27.11076349260896,35.125867575373924,37.1817743783795,27.11076349260896,35.125867575373924,37.1817743783795,77.35648796468988,85.27424512427392,88.44675845066385,16.357340084096794,20.852853185676338,23.92349045524265,18.033081267984805,25.11329989805276,27.755978473814846,16.63704439929265,20.581370063517493,22.691596005726012,0,0,0,0,0,0,0,0,0,0,0,UNKNOWN_NO_WELLS_IN_DATASET,,UNKNOWN_NO_WELLS_IN_DATASET,,UNKNOWN_NO_WELLS_IN_DATASET,,UNKNOWN_NO_WELLS_IN_DATASET,,UNKNOWN_NO_WELLS_IN_DATASET,,UNKNOWN_NO_WELLS_IN_DATASET,,UNKNOWN_NO_WELLS_IN_DATASET,,UNKNOWN_NO_WELLS_IN_DATASET,,UNKNOWN_NO_WELLS_IN_DATASET,,UNKNOWN_NO_WELLS_IN_DATASET,,UNKNOWN_NO_WELLS_IN_DATASET,,UNKNOWN_NO_WELLS_IN_DATASET
PIH-500-0192,500,500.0067515592061,0,EPSG:5880,DESCRIPTIVE_NO_PIH_SCORE,,,,,,,,0,0.0,,,,0,0.0,,,,0,0.0,,,,21,NONE,22.877897057827596,28.846183444915074,31.324654995933106,22.877897057827596,28.846183444915074,31.324654995933106,24.373364253230047,28.846183444915074,31.324654995933106,24.373364253230047,28.846183444915074,31.324654995933106,24.373364253230047,28.846183444915074,31.324654995933106,24.373364253230047,28.846183444915074,31.324654995933106,42.0076799794641,46.728187209569676,49.2793837718245,42.0076799794641,46.728187209569676,49.2793837718245,80.49744029812621,89.54767758835743,91.34708180496521,25.32387405330963,30.904090256498964,33.918448641121834,31.6453248664607,35.703474744480815,37.35996352543115,25.904133094669778,31.558529340766874,35.904059349568016,0,0,0,0,0,0,0,0,0,0,0,UNKNOWN_NO_WELLS_IN_DATASET,,UNKNOWN_NO_WELLS_IN_DATASET,,UNKNOWN_NO_WELLS_IN_DATASET,,UNKNOWN_NO_WELLS_IN_DATASET,,UNKNOWN_NO_WELLS_IN_DATASET,,UNKNOWN_NO_WELLS_IN_DATASET,,UNKNOWN_NO_WELLS_IN_DATASET,,UNKNOWN_NO_WELLS_IN_DATASET,,UNKNOWN_NO_WELLS_IN_DATASET,,UNKNOWN_NO_WELLS_IN_DATASET,,UNKNOWN_NO_WELLS_IN_DATASET,,UNKNOWN_NO_WELLS_IN_DATASET
PIH-500-0193,500,500.0199108492969,0,EPSG:5880,DESCRIPTIVE_NO_PIH_SCORE,,,,,,,,0,0.0,,,,0,0.0,,,,0,0.0,,,,21,NONE,24.272040843632787,31.323944488178864,34.641994759742595,24.272040843632787,31.323944488178864,34.641994759742595,24.272040843632787,31.323944488178864,34.641994759742595,24.272040843632787,31.323944488178864,34.641994759742595,24.272040843632787,31.323944488178864,34.641994759742595,24.272040843632787,31.323944488178864,34.641994759742595,24.8183951489005,32.815980436153716,35.32587348924,24.8183951489005,32.815980436153716,35.32587348924,85.28577640501894,94.41503947982345,96.09394433808141,24.272040843632787,31.323944488178864,34.641994759742595,24.8183951489005,32.815980436153716,35.32587348924,24.947465764984,32.07042995154316,35.362540137766466,0,0,0,0,0,0,0,0,0,0,0,UNKNOWN_NO_WELLS_IN_DATASET,,UNKNOWN_NO_WELLS_IN_DATASET,,UNKNOWN_NO_WELLS_IN_DATASET,,UNKNOWN_NO_WELLS_IN_DATASET,,UNKNOWN_NO_WELLS_IN_DATASET,,UNKNOWN_NO_WELLS_IN_DATASET,,UNKNOWN_NO_WELLS_IN_DATASET,,UNKNOWN_NO_WELLS_IN_DATASET,,UNKNOWN_NO_WELLS_IN_DATASET,,UNKNOWN_NO_WELLS_IN_DATASET,,UNKNOWN_NO_WELLS_IN_DATASET,,UNKNOWN_NO_WELLS_IN_DATASET
PIH-500-0194,500,500.04020108991034,0,EPSG:5880,DESCRIPTIVE_NO_PIH_SCORE,,,,,,,,0,0.0,,,,0,0.0,,,,0,0.0,,,,17,NONE,12.916922731563849,19.753769738755807,20.08795222515667,12.916922731563849,19.753769738755807,20.08795222515667,12.916922731563849,19.753769738755807,20.08795222515667,12.916922731563849,19.753769738755807,20.08795222515667,12.916922731563849,19.753769738755807,20.08795222515667,12.916922731563849,19.753769738755807,20.08795222515667,15.644182737917804,24.86023747000955,26.794023260521655,15.644182737917804,24.86023747000955,26.794023260521655,82.70199754197408,88.92566925899122,92.53375107355245,12.916922731563849,19.753769738755807,20.08795222515667,15.644182737917804,24.86023747000955,25.68359473654169,13.71282026805438,19.775301358488775,20.401951350624785,0,0,0,0,0,0,0,0,0,0,0,UNKNOWN_NO_WELLS_IN_DATASET,,UNKNOWN_NO_WELLS_IN_DATASET,,UNKNOWN_NO_WELLS_IN_DATASET,,UNKNOWN_NO_WELLS_IN_DATASET,,UNKNOWN_NO_WELLS_IN_DATASET,,UNKNOWN_NO_WELLS_IN_DATASET,,UNKNOWN_NO_WELLS_IN_DATASET,,UNKNOWN_NO_WELLS_IN_DATASET,,UNKNOWN_NO_WELLS_IN_DATASET,,UNKNOWN_NO_WELLS_IN_DATASET,,UNKNOWN_NO_WELLS_IN_DATASET,,UNKNOWN_NO_WELLS_IN_DATASET
PIH-500-0195,500,500.06762288004626,2,EPSG:5880,DESCRIPTIVE_NO_PIH_SCORE,16.68938221631064,17.37326600181781,5.459963737020191,0.4327632027526873,17.544236948194605,17.544236948194605,,2,2.11291575279878,0.0,1.0,50.0,2,9.611343124968599,0.0,1.0,50.0,2,19.758832858901666,0.0,1.0,50.0,20,NONE,7.545675203131122,11.554949776265628,11.923958046989204,7.545675203131122,12.215825015640657,15.433252345878428,7.545675203131122,12.215825015640657,15.433252345878428,7.545675203131122,12.215825015640657,15.433252345878428,7.545675203131122,12.215825015640657,15.433252345878428,7.545675203131122,12.215825015640657,15.433252345878428,25.929295045181973,31.266400431576287,31.6301737269065,25.929295045181973,31.266400431576287,31.6301737269065,61.77843251774845,71.45363096630611,72.91601817929447,11.02105906285879,16.923386344723756,18.931716052367523,13.383484749015562,20.958251031543064,21.507812945578696,10.343371278038127,15.18005645149397,16.916796063320557,2,2,2,2,2,0,0,0,1,1,1,WELLS_PRESENT,100.0,EVIDENCE_PRESENT,100.0,EVIDENCE_PRESENT,100.0,EVIDENCE_PRESENT,100.0,EVIDENCE_PRESENT,100.0,EVIDENCE_PRESENT,0.0,NO_EVIDENCE_IN_AUDITED_WELLS,0.0,NO_EVIDENCE_IN_AUDITED_WELLS,0.0,NO_EVIDENCE_IN_AUDITED_WELLS,50.0,EVIDENCE_PRESENT,50.0,EVIDENCE_PRESENT,50.0,REVIEW_REQUIRED_PRESENT
PIH-500-0196,500,500.1021769695909,2,EPSG:5880,DESCRIPTIVE_NO_PIH_SCORE,1.5660279827419832,1.5660279827419832,6.148327098429742,0.4873068634812901,1.5660279827419832,1.5660279827419832,,2,2.4994892195320464,0.0,1.0,50.0,1,4.998978439064093,0.5,,100.0,1,19.99591375625637,0.5,,100.0,21,NONE,8.611699497479437,14.34552527728258,15.952674814112141,21.085034474555652,25.924484023294756,28.754468222961247,21.085034474555652,25.924484023294756,28.754468222961247,21.085034474555652,25.924484023294756,28.754468222961247,21.085034474555652,25.924484023294756,28.754468222961247,21.085034474555652,25.924484023294756,28.754468222961247,25.051271095058823,30.0460789450137,30.347816772969423,25.051271095058823,30.0460789450137,30.347816772969423,37.77431106335227,46.52942673073966,48.83194631948939,26.63934350119899,30.96218628794477,31.419945910095354,21.909973186550157,25.924484023294756,28.754468222961247,8.611699497479437,14.34552527728258,15.952674814112141,0,0,0,0,0,0,0,0,0,0,2,WELLS_PRESENT,0.0,NO_EVIDENCE_IN_AUDITED_WELLS,0.0,NO_EVIDENCE_IN_AUDITED_WELLS,0.0,NO_EVIDENCE_IN_AUDITED_WELLS,0.0,NO_EVIDENCE_IN_AUDITED_WELLS,0.0,NO_EVIDENCE_IN_AUDITED_WELLS,0.0,NO_EVIDENCE_IN_AUDITED_WELLS,0.0,NO_EVIDENCE_IN_AUDITED_WELLS,0.0,NO_EVIDENCE_IN_AUDITED_WELLS,0.0,NO_EVIDENCE_IN_AUDITED_WELLS,0.0,NO_EVIDENCE_IN_AUDITED_WELLS,100.0,REVIEW_REQUIRED_PRESENT
PIH-500-0197,500,500.14386425928006,1,EPSG:5880,DESCRIPTIVE_NO_PIH_SCORE,2.9026625148070093,2.9026625148070093,12.14191708218303,0.9623093963701779,,,,1,1.2496404428066583,0.0,,100.0,1,4.314601436756556,0.0,,100.0,1,8.79894554543593,0.0,,100.0,21,NONE,9.91102884797867,18.88278070253404,20.50928479462478,9.91102884797867,18.88278070253404,21.896575281446555,9.91102884797867,18.88278070253404,21.896575281446555,9.91102884797867,18.88278070253404,21.896575281446555,9.91102884797867,18.88278070253404,21.896575281446555,9.91102884797867,18.88278070253404,21.896575281446555,12.477038416027046,19.72586041738598,22.496011698695707,12.477038416027046,19.72586041738598,22.496011698695707,16.584728801051465,23.82407481617435,26.502306608591343,11.143938100580725,19.70224496341648,23.958389135767582,12.477038416027046,19.72586041738598,22.496011698695707,10.828029044941502,19.11643304158344,20.50928479462478,1,1,1,1,1,1,1,0,0,1,1,WELLS_PRESENT,100.0,EVIDENCE_PRESENT,100.0,EVIDENCE_PRESENT,100.0,EVIDENCE_PRESENT,100.0,EVIDENCE_PRESENT,100.0,EVIDENCE_PRESENT,100.0,EVIDENCE_PRESENT,100.0,EVIDENCE_PRESENT,0.0,NO_EVIDENCE_IN_AUDITED_WELLS,0.0,NO_EVIDENCE_IN_AUDITED_WELLS,100.0,EVIDENCE_PRESENT,100.0,REVIEW_REQUIRED_PRESENT
PIH-500-0198,500,500.1926858004707,8,EPSG:5880,DESCRIPTIVE_NO_PIH_SCORE,1.3357865424186903,3.992730662073432,5.272587590898559,0.41785929876268085,1.3357865424186903,3.992730662073432,0.11539145315618664,6,6.499453464285554,0.25,0.967132018086354,25.0,6,26.44319079754797,0.25,0.967132018086354,25.0,4,52.624511244735764,0.5,0.9528195311147832,37.5,20,NONE,5.772594969432255,10.390103428736076,11.905621732438568,5.772594969432255,10.390103428736076,11.905621732438568,5.772594969432255,10.390103428736076,11.905621732438568,5.772594969432255,10.390103428736076,11.905621732438568,5.772594969432255,10.390103428736076,11.905621732438568,5.772594969432255,10.390103428736076,11.905621732438568,9.305298786460016,16.222443929507772,17.169414182174915,9.305298786460016,16.222443929507772,17.169414182174915,12.295818699784991,21.50099346576983,21.808854130537377,5.772594969432255,10.390103428736076,11.905621732438568,9.305298786460016,16.222443929507772,17.169414182174915,5.90457514766411,10.390103428736076,11.982246006992593,8,8,8,8,8,2,2,0,8,2,6,WELLS_PRESENT,100.0,EVIDENCE_PRESENT,100.0,EVIDENCE_PRESENT,100.0,EVIDENCE_PRESENT,100.0,EVIDENCE_PRESENT,100.0,EVIDENCE_PRESENT,25.0,EVIDENCE_PRESENT,25.0,EVIDENCE_PRESENT,0.0,NO_EVIDENCE_IN_AUDITED_WELLS,100.0,EVIDENCE_PRESENT,25.0,EVIDENCE_PRESENT,75.0,REVIEW_REQUIRED_PRESENT
PIH-500-0199,500,229.31434972216735,0,EPSG:5880,DESCRIPTIVE_NO_PIH_SCORE,,,,,,,,0,0.0,,,,0,0.0,,,,0,0.0,,,,7,NONE,13.95770851944438,16.834758120930637,17.145182320771216,13.95770851944438,16.834758120930637,17.145182320771216,13.95770851944438,16.834758120930637,17.145182320771216,13.95770851944438,16.834758120930637,17.145182320771216,13.95770851944438,16.834758120930637,17.145182320771216,13.95770851944438,16.834758120930637,17.145182320771216,17.928869316005393,22.10859343805226,25.06861259634054,17.928869316005393,22.10859343805226,25.06861259634054,17.93774103413764,23.179589119859713,27.371901906492674,13.95770851944438,16.885011840972616,17.145182320771216,17.928869316005393,22.10859343805226,25.06861259634054,13.95770851944438,16.834758120930637,17.145182320771216,0,0,0,0,0,0,0,0,0,0,0,UNKNOWN_NO_WELLS_IN_DATASET,,UNKNOWN_NO_WELLS_IN_DATASET,,UNKNOWN_NO_WELLS_IN_DATASET,,UNKNOWN_NO_WELLS_IN_DATASET,,UNKNOWN_NO_WELLS_IN_DATASET,,UNKNOWN_NO_WELLS_IN_DATASET,,UNKNOWN_NO_WELLS_IN_DATASET,,UNKNOWN_NO_WELLS_IN_DATASET,,UNKNOWN_NO_WELLS_IN_DATASET,,UNKNOWN_NO_WELLS_IN_DATASET,,UNKNOWN_NO_WELLS_IN_DATASET,,UNKNOWN_NO_WELLS_IN_DATASET
PIH-500-0200,500,80.5756173504224,0,EPSG:5880,DESCRIPTIVE_NO_PIH_SCORE,,,,,,,,0,0.0,,,,0,0.0,,,,0,0.0,,,,3,NONE,77.87081758633198,81.18379481759966,82.01203912541658,77.87081758633198,81.18379481759966,82.01203912541658,77.87081758633198,81.18379481759966,82.01203912541658,77.87081758633198,81.18379481759966,82.01203912541658,77.87081758633198,81.18379481759966,82.01203912541658,105.70389474584789,106.85835361749405,107.14696833540559,105.70389474584789,106.85835361749405,107.14696833540559,105.70389474584789,106.85835361749405,107.14696833540559,152.53744408752297,157.42085417090675,158.6417066917527,77.87081758633198,81.18379481759966,82.01203912541658,77.87081758633198,81.18379481759966,82.01203912541658,77.87081758633198,81.18379481759966,82.01203912541658,0,0,0,0,0,0,0,0,0,0,0,UNKNOWN_NO_WELLS_IN_DATASET,,UNKNOWN_NO_WELLS_IN_DATASET,,UNKNOWN_NO_WELLS_IN_DATASET,,UNKNOWN_NO_WELLS_IN_DATASET,,UNKNOWN_NO_WELLS_IN_DATASET,,UNKNOWN_NO_WELLS_IN_DATASET,,UNKNOWN_NO_WELLS_IN_DATASET,,UNKNOWN_NO_WELLS_IN_DATASET,,UNKNOWN_NO_WELLS_IN_DATASET,,UNKNOWN_NO_WELLS_IN_DATASET,,UNKNOWN_NO_WELLS_IN_DATASET,,UNKNOWN_NO_WELLS_IN_DATASET
PIH-500-0201,500,500.91730844247246,0,EPSG:5880,DESCRIPTIVE_NO_PIH_SCORE,,,,,,,,0,0.0,,,,0,0.0,,,,0,0.0,,,,21,NONE,75.10737525870478,83.75761743353279,86.05058044415047,75.10737525870478,83.75761743353279,86.05058044415047,75.10737525870478,83.75761743353279,86.05058044415047,75.10737525870478,83.75761743353279,86.05058044415047,75.10737525870478,83.75761743353279,86.05058044415047,95.58698208995432,103.19531125007903,106.38821491710492,95.58698208995432,103.19531125007903,106.38821491710492,95.58698208995432,103.19531125007903,106.38821491710492,136.77833257434816,145.5113518215231,147.69140693332682,75.10737525870478,83.75761743353279,86.05058044415047,75.10737525870478,83.75761743353279,86.05058044415047,75.10737525870478,83.75761743353279,86.05058044415047,0,0,0,0,0,0,0,0,0,0,0,UNKNOWN_NO_WELLS_IN_DATASET,,UNKNOWN_NO_WELLS_IN_DATASET,,UNKNOWN_NO_WELLS_IN_DATASET,,UNKNOWN_NO_WELLS_IN_DATASET,,UNKNOWN_NO_WELLS_IN_DATASET,,UNKNOWN_NO_WELLS_IN_DATASET,,UNKNOWN_NO_WELLS_IN_DATASET,,UNKNOWN_NO_WELLS_IN_DATASET,,UNKNOWN_NO_WELLS_IN_DATASET,,UNKNOWN_NO_WELLS_IN_DATASET,,UNKNOWN_NO_WELLS_IN_DATASET,,UNKNOWN_NO_WELLS_IN_DATASET
PIH-500-0202,500,500.8196225542528,0,EPSG:5880,DESCRIPTIVE_NO_PIH_SCORE,,,,,,,,0,0.0,,,,0,0.0,,,,0,0.0,,,,20,NONE,68.23900439904712,75.5407407423739,79.31563734986781,68.23900439904712,75.5407407423739,79.31563734986781,68.23900439904712,75.5407407423739,79.31563734986781,68.23900439904712,75.5407407423739,79.31563734986781,68.23900439904712,75.5407407423739,79.31563734986781,73.81261272955574,82.54771503242857,84.74170901169325,78.49640444515201,87.45456734070845,90.00238288895025,78.49640444515201,87.45456734070845,90.00238288895025,113.38180473286087,121.15395414382154,123.64526213285434,68.89308074250619,75.54502172135933,79.31563734986781,68.23900439904712,75.5407407423739,79.31563734986781,68.23900439904712,75.5407407423739,79.31563734986781,0,0,0,0,0,0,0,0,0,0,0,UNKNOWN_NO_WELLS_IN_DATASET,,UNKNOWN_NO_WELLS_IN_DATASET,,UNKNOWN_NO_WELLS_IN_DATASET,,UNKNOWN_NO_WELLS_IN_DATASET,,UNKNOWN_NO_WELLS_IN_DATASET,,UNKNOWN_NO_WELLS_IN_DATASET,,UNKNOWN_NO_WELLS_IN_DATASET,,UNKNOWN_NO_WELLS_IN_DATASET,,UNKNOWN_NO_WELLS_IN_DATASET,,UNKNOWN_NO_WELLS_IN_DATASET,,UNKNOWN_NO_WELLS_IN_DATASET,,UNKNOWN_NO_WELLS_IN_DATASET
PIH-500-0203,500,500.71504751195545,0,EPSG:5880,DESCRIPTIVE_NO_PIH_SCORE,,,,,,,,0,0.0,,,,0,0.0,,,,0,0.0,,,,17,NONE,55.64067422093446,61.8433794850351,63.79734978668915,55.64067422093446,61.8433794850351,63.79734978668915,55.64067422093446,61.8433794850351,63.79734978668915,55.64067422093446,61.8433794850351,63.79734978668915,55.64067422093446,61.8433794850351,63.79734978668915,55.64067422093446,61.8433794850351,63.79734978668915,64.7061519533371,70.76008657401594,74.97289350635427,64.7061519533371,70.76008657401594,74.97289350635427,92.02951523305913,99.02558518920277,102.02033669993558,65.39272320308586,70.64677817451296,74.41689556157999,55.64067422093446,61.8433794850351,63.79734978668915,55.64067422093446,61.8433794850351,63.79734978668915,0,0,0,0,0,0,0,0,0,0,0,UNKNOWN_NO_WELLS_IN_DATASET,,UNKNOWN_NO_WELLS_IN_DATASET,,UNKNOWN_NO_WELLS_IN_DATASET,,UNKNOWN_NO_WELLS_IN_DATASET,,UNKNOWN_NO_WELLS_IN_DATASET,,UNKNOWN_NO_WELLS_IN_DATASET,,UNKNOWN_NO_WELLS_IN_DATASET,,UNKNOWN_NO_WELLS_IN_DATASET,,UNKNOWN_NO_WELLS_IN_DATASET,,UNKNOWN_NO_WELLS_IN_DATASET,,UNKNOWN_NO_WELLS_IN_DATASET,,UNKNOWN_NO_WELLS_IN_DATASET
PIH-500-0204,500,500.6176156901146,0,EPSG:5880,DESCRIPTIVE_NO_PIH_SCORE,,,,,,,,0,0.0,,,,0,0.0,,,,0,0.0,,,,20,NONE,40.379343931570205,46.00719090580485,49.81222254297941,40.379343931570205,46.00719090580485,49.81222254297941,40.59416994281088,46.00719090580485,49.81222254297941,40.379343931570205,46.00719090580485,49.81222254297941,40.379343931570205,47.50049904136782,49.81222254297941,40.379343931570205,47.50049904136782,49.81222254297941,48.34260909579308,57.17877384487506,59.39253791831252,48.34260909579308,57.17877384487506,59.39253791831252,71.10798871359714,79.70378854319554,81.8160702223247,49.185444007531096,58.59943462590143,60.67432310594868,40.59416994281088,46.00719090580485,49.81222254297941,40.379343931570205,46.00719090580485,49.81222254297941,0,0,0,0,0,0,0,0,0,0,0,UNKNOWN_NO_WELLS_IN_DATASET,,UNKNOWN_NO_WELLS_IN_DATASET,,UNKNOWN_NO_WELLS_IN_DATASET,,UNKNOWN_NO_WELLS_IN_DATASET,,UNKNOWN_NO_WELLS_IN_DATASET,,UNKNOWN_NO_WELLS_IN_DATASET,,UNKNOWN_NO_WELLS_IN_DATASET,,UNKNOWN_NO_WELLS_IN_DATASET,,UNKNOWN_NO_WELLS_IN_DATASET,,UNKNOWN_NO_WELLS_IN_DATASET,,UNKNOWN_NO_WELLS_IN_DATASET,,UNKNOWN_NO_WELLS_IN_DATASET
PIH-500-0205,500,500.5273252109955,0,EPSG:5880,DESCRIPTIVE_NO_PIH_SCORE,,,,,,,,0,0.0,,,,0,0.0,,,,0,0.0,,,,21,NONE,25.473061108164437,32.52144051893414,36.44609033053286,25.473061108164437,32.52144051893414,36.44609033053286,25.542156542183744,33.20781700729929,37.51703843214981,25.473061108164437,32.52144051893414,36.44609033053286,25.473061108164437,33.76719793127435,36.44609033053286,25.473061108164437,33.76719793127435,36.44609033053286,26.345590220647527,33.90764404593265,37.51703843214981,26.345590220647527,33.90764404593265,37.51703843214981,49.64704515330739,57.65994646261695,60.57448730762059,28.12577711690247,35.406613064970486,37.51703843214981,25.542156542183744,33.20781700729929,37.51703843214981,25.473061108164437,32.52144051893414,36.44609033053286,0,0,0,0,0,0,0,0,0,0,0,UNKNOWN_NO_WELLS_IN_DATASET,,UNKNOWN_NO_WELLS_IN_DATASET,,UNKNOWN_NO_WELLS_IN_DATASET,,UNKNOWN_NO_WELLS_IN_DATASET,,UNKNOWN_NO_WELLS_IN_DATASET,,UNKNOWN_NO_WELLS_IN_DATASET,,UNKNOWN_NO_WELLS_IN_DATASET,,UNKNOWN_NO_WELLS_IN_DATASET,,UNKNOWN_NO_WELLS_IN_DATASET,,UNKNOWN_NO_WELLS_IN_DATASET,,UNKNOWN_NO_WELLS_IN_DATASET,,UNKNOWN_NO_WELLS_IN_DATASET
PIH-500-0206,500,500.44417434677257,1,EPSG:5880,DESCRIPTIVE_NO_PIH_SCORE,4.828807201028057,4.828807201028057,12.879447966589717,1.0204561942367878,,,,1,0.49930877915423744,0.0,,100.0,1,0.7308793811116621,0.0,,100.0,1,8.957773113494412,0.0,,100.0,21,NONE,11.219759939500518,18.135980777025118,21.262100877237906,11.219759939500518,18.135980777025118,21.262100877237906,14.38077757923749,18.135980777025118,21.262100877237906,11.219759939500518,18.135980777025118,21.262100877237906,11.219759939500518,18.135980777025118,21.262100877237906,11.219759939500518,18.135980777025118,21.262100877237906,14.38077757923749,18.135980777025118,21.262100877237906,14.38077757923749,18.135980777025118,21.262100877237906,35.43260511900502,43.52778053769582,45.654644870356734,11.219759939500518,19.169292700550077,23.07895698651066,14.38077757923749,18.135980777025118,21.262100877237906,11.219759939500518,19.169292700550077,23.07895698651066,1,1,1,1,1,1,1,0,1,1,1,WELLS_PRESENT,100.0,EVIDENCE_PRESENT,100.0,EVIDENCE_PRESENT,100.0,EVIDENCE_PRESENT,100.0,EVIDENCE_PRESENT,100.0,EVIDENCE_PRESENT,100.0,EVIDENCE_PRESENT,100.0,EVIDENCE_PRESENT,0.0,NO_EVIDENCE_IN_AUDITED_WELLS,100.0,EVIDENCE_PRESENT,100.0,EVIDENCE_PRESENT,100.0,REVIEW_REQUIRED_PRESENT
PIH-500-0207,500,500.36816151941673,2,EPSG:5880,DESCRIPTIVE_NO_PIH_SCORE,0.5794106276223725,0.5794106276223725,9.969769848542365,0.7899784336893766,0.5794106276223725,0.5794106276223725,,1,1.2490802734173305,0.5,,100.0,1,4.996321093669322,0.5,,100.0,1,12.066032504628343,0.5,,100.0,21,NONE,8.024644246034649,11.39056348967001,12.914533823144865,8.024644246034649,11.39056348967001,12.914533823144865,16.93503959400973,21.165734427608832,21.724193805282376,9.928475813091893,12.914533823144865,15.725641128394658,9.928475813091893,12.914533823144865,15.725641128394658,9.928475813091893,12.914533823144865,15.725641128394658,17.406073423030957,21.165734427608832,23.393773511882156,17.406073423030957,21.165734427608832,23.393773511882156,34.80212643275467,43.016115320422784,45.2758813340812,11.01385764955317,15.956691270225232,16.86075912621996,16.93503959400973,21.165734427608832,21.724193805282376,8.024644246034649,11.39056348967001,12.914533823144865,2,0,2,2,2,0,0,0,2,0,2,WELLS_PRESENT,100.0,EVIDENCE_PRESENT,0.0,NO_EVIDENCE_IN_AUDITED_WELLS,100.0,EVIDENCE_PRESENT,100.0,EVIDENCE_PRESENT,100.0,EVIDENCE_PRESENT,0.0,NO_EVIDENCE_IN_AUDITED_WELLS,0.0,NO_EVIDENCE_IN_AUDITED_WELLS,0.0,NO_EVIDENCE_IN_AUDITED_WELLS,100.0,EVIDENCE_PRESENT,0.0,NO_EVIDENCE_IN_AUDITED_WELLS,100.0,REVIEW_REQUIRED_PRESENT
PIH-500-0208,500,500.29928530083,15,EPSG:5880,DESCRIPTIVE_NO_PIH_SCORE,0.43290981957432684,1.4330956974081515,5.082533883725693,0.40275438521251106,0.43290981957432684,1.4330956974081515,0.05550279324808598,6,7.059130205005388,0.6,0.8119767939014099,40.0,4,19.54802779767285,0.7333333333333334,0.7664572819896989,53.333333333333336,3,46.76946180274163,0.8,0.8031140135750122,53.333333333333336,16,NONE,6.0145712290669895,10.146625873477994,11.81534002123121,6.0145712290669895,10.146625873477994,11.81534002123121,6.693631275016239,12.302521219830037,13.536283687425174,6.0145712290669895,10.204220823402204,11.81534002123121,6.0145712290669895,10.204220823402204,11.81534002123121,6.0145712290669895,10.204220823402204,11.81534002123121,6.693631275016239,12.302521219830037,13.536283687425174,6.991699059740171,12.302521219830037,13.536283687425174,47.33998489615257,54.36599631399769,55.95270779886608,6.517037461988478,10.204220823402204,11.81534002123121,6.991699059740171,12.302521219830037,13.536283687425174,6.212129750046429,10.146625873477994,11.81534002123121,15,9,15,15,14,9,8,0,4,8,7,WELLS_PRESENT,100.0,EVIDENCE_PRESENT,60.0,EVIDENCE_PRESENT,100.0,EVIDENCE_PRESENT,100.0,EVIDENCE_PRESENT,93.3333,EVIDENCE_PRESENT,60.0,EVIDENCE_PRESENT,53.3333,EVIDENCE_PRESENT,0.0,NO_EVIDENCE_IN_AUDITED_WELLS,26.6667,EVIDENCE_PRESENT,53.3333,EVIDENCE_PRESENT,46.6667,REVIEW_REQUIRED_PRESENT
PIH-500-0209,500,500.2375444126426,2,EPSG:5880,DESCRIPTIVE_NO_PIH_SCORE,4.916735207888826,4.916735207888826,2.7118258240355426,0.21490602263198874,4.916735207888826,4.916735207888826,,2,2.498812841942314,0.0,1.0,50.0,2,9.995251367769256,0.0,1.0,50.0,1,19.990502735538513,0.5,,100.0,20,NONE,7.022219787902778,10.389258649864733,11.799741703114748,7.022219787902778,10.389258649864733,11.799741703114748,7.022219787902778,10.389258649864733,11.799741703114748,7.022219787902778,10.389258649864733,11.799741703114748,7.022219787902778,10.389258649864733,11.799741703114748,7.022219787902778,10.389258649864733,11.799741703114748,16.742974323530454,23.052011146459847,24.779665857911795,16.789306147903304,23.052011146459847,24.779665857911795,52.96516966457531,58.01730494220389,59.05492107763579,7.022219787902778,10.666086452247663,11.799741703114748,16.789306147903304,22.458484133712343,24.779665857911795,20.718209207240598,26.909338936706334,30.72202743654066,2,2,2,2,2,0,0,0,2,0,0,WELLS_PRESENT,100.0,EVIDENCE_PRESENT,100.0,EVIDENCE_PRESENT,100.0,EVIDENCE_PRESENT,100.0,EVIDENCE_PRESENT,100.0,EVIDENCE_PRESENT,0.0,NO_EVIDENCE_IN_AUDITED_WELLS,0.0,NO_EVIDENCE_IN_AUDITED_WELLS,0.0,NO_EVIDENCE_IN_AUDITED_WELLS,100.0,EVIDENCE_PRESENT,0.0,NO_EVIDENCE_IN_AUDITED_WELLS,0.0,NO_REVIEW_FLAG_IN_AUDITED_WELLS
PIH-500-0210,500,500.18293772664833,1,EPSG:5880,DESCRIPTIVE_NO_PIH_SCORE,4.7525721328377255,4.7525721328377255,11.802887354089709,0.9354030079702074,,,,1,1.238184464414551,0.0,,100.0,1,4.9868129332742654,0.0,,100.0,1,15.175229693211712,0.0,,100.0,21,NONE,12.690945608992125,17.917543704838344,19.2451302237978,12.690945608992125,17.917543704838344,19.2451302237978,12.690945608992125,17.917543704838344,19.2451302237978,12.690945608992125,17.917543704838344,19.2451302237978,12.690945608992125,17.917543704838344,19.2451302237978,12.690945608992125,17.917543704838344,19.2451302237978,26.769850685965004,32.20926237839676,36.85638304883354,26.769850685965004,32.20926237839676,36.85638304883354,37.84669721666929,45.3993926445349,47.39599796070633,12.690945608992125,17.917543704838344,19.2451302237978,24.108092224841023,29.03310935136662,31.001349017207687,17.88675504755767,25.01611177036405,27.41912468861375,1,1,1,1,1,0,0,0,1,0,0,WELLS_PRESENT,100.0,EVIDENCE_PRESENT,100.0,EVIDENCE_PRESENT,100.0,EVIDENCE_PRESENT,100.0,EVIDENCE_PRESENT,100.0,EVIDENCE_PRESENT,0.0,NO_EVIDENCE_IN_AUDITED_WELLS,0.0,NO_EVIDENCE_IN_AUDITED_WELLS,0.0,NO_EVIDENCE_IN_AUDITED_WELLS,100.0,EVIDENCE_PRESENT,0.0,NO_EVIDENCE_IN_AUDITED_WELLS,0.0,NO_REVIEW_FLAG_IN_AUDITED_WELLS
PIH-500-0211,500,500.13546426433385,4,EPSG:5880,DESCRIPTIVE_NO_PIH_SCORE,5.125941939315794,8.514052536533725,4.637139983584998,0.36752028710158036,5.125941939315794,8.514052536533725,0.06853374124010486,4,4.998645724268593,0.0,1.0,25.0,3,14.995937172805778,0.25,0.946394630357186,50.0,2,38.55657097232834,0.5,0.8112781244591328,75.0,21,NONE,4.031797074724757,11.378375396479727,12.500235917713967,6.918193923090559,11.929832032446798,15.303166291814614,6.918193923090559,11.929832032446798,15.303166291814614,6.918193923090559,11.929832032446798,15.303166291814614,6.918193923090559,11.929832032446798,15.303166291814614,6.918193923090559,11.929832032446798,15.303166291814614,27.69014562496952,36.45051713346858,38.358529239797086,27.69014562496952,36.45051713346858,38.358529239797086,33.69277963767706,42.66147878002047,44.71521252662096,6.918193923090559,11.929832032446798,15.303166291814614,22.06677145266566,26.852920424615565,30.115698879689717,7.200658587028665,12.353841638942257,15.247448790983979,3,3,3,3,3,0,0,0,3,0,1,WELLS_PRESENT,75.0,EVIDENCE_PRESENT,75.0,EVIDENCE_PRESENT,75.0,EVIDENCE_PRESENT,75.0,EVIDENCE_PRESENT,75.0,EVIDENCE_PRESENT,0.0,NO_EVIDENCE_IN_AUDITED_WELLS,0.0,NO_EVIDENCE_IN_AUDITED_WELLS,0.0,NO_EVIDENCE_IN_AUDITED_WELLS,75.0,EVIDENCE_PRESENT,0.0,NO_EVIDENCE_IN_AUDITED_WELLS,25.0,REVIEW_REQUIRED_PRESENT
PIH-500-0212,500,500.0951231970434,7,EPSG:5880,DESCRIPTIVE_NO_PIH_SCORE,4.018853033954572,6.07741732263939,6.0043566983722565,0.4758993492297401,4.018853033954572,9.34339914426625,0.25765871600944773,7,8.735710225366763,0.0,0.9999999999999999,14.285714285714285,5,24.157901839117574,0.2857142857142857,0.9629610647945144,28.57142857142857,3,36.11448591703416,0.5714285714285714,0.72483409150576,71.42857142857143,20,NONE,4.970294415706208,7.564835506740187,10.175698970547863,9.266401792535595,14.922136214202869,17.057055138225266,9.266401792535595,14.922136214202869,17.057055138225266,9.266401792535595,14.922136214202869,17.057055138225266,9.266401792535595,14.922136214202869,17.057055138225266,9.266401792535595,14.922136214202869,17.057055138225266,18.88400929622931,27.43972870969685,28.313473399329094,18.88400929622931,27.43972870969685,28.313473399329094,47.526832095680746,54.963197497182605,57.775724220609206,9.266401792535595,15.115973981436676,17.77954919473957,15.854824731910199,20.6733003627704,22.243278559974637,6.276218502212758,9.867905382187145,11.736883714670176,2,2,2,2,2,0,0,0,2,0,5,WELLS_PRESENT,28.5714,EVIDENCE_PRESENT,28.5714,EVIDENCE_PRESENT,28.5714,EVIDENCE_PRESENT,28.5714,EVIDENCE_PRESENT,28.5714,EVIDENCE_PRESENT,0.0,NO_EVIDENCE_IN_AUDITED_WELLS,0.0,NO_EVIDENCE_IN_AUDITED_WELLS,0.0,NO_EVIDENCE_IN_AUDITED_WELLS,28.5714,EVIDENCE_PRESENT,0.0,NO_EVIDENCE_IN_AUDITED_WELLS,71.4286,REVIEW_REQUIRED_PRESENT
PIH-500-0213,500,500.0619138462562,2,EPSG:5880,DESCRIPTIVE_NO_PIH_SCORE,8.682183017016346,8.818133315726852,4.2838902403129815,0.3395481605057609,21.56470359287663,21.56470359287663,,2,2.4996904690972164,0.0,1.0,50.0,2,9.839387327963884,0.0,1.0,50.0,2,37.44736437667278,0.0,1.0,50.0,17,NONE,7.853638283535375,12.248486871361003,14.056134631164475,18.797877820154703,22.404049038053127,24.0800616758432,18.797877820154703,22.404049038053127,24.0800616758432,18.802279319669854,22.405463845077414,24.0800616758432,18.802279319669854,22.405463845077414,24.0800616758432,18.802279319669854,22.405463845077414,24.0800616758432,21.50536634196257,25.69534969391314,28.331189187006657,21.50536634196257,25.69534969391314,28.331189187006657,65.70755488388403,73.26280762312172,76.78992466017009,19.850143590379393,23.105488588674103,24.56046435023858,20.995720499455427,24.622186929534386,24.82420052504676,7.853638283535375,12.248486871361003,14.056134631164475,0,0,0,0,0,0,0,0,0,0,2,WELLS_PRESENT,0.0,NO_EVIDENCE_IN_AUDITED_WELLS,0.0,NO_EVIDENCE_IN_AUDITED_WELLS,0.0,NO_EVIDENCE_IN_AUDITED_WELLS,0.0,NO_EVIDENCE_IN_AUDITED_WELLS,0.0,NO_EVIDENCE_IN_AUDITED_WELLS,0.0,NO_EVIDENCE_IN_AUDITED_WELLS,0.0,NO_EVIDENCE_IN_AUDITED_WELLS,0.0,NO_EVIDENCE_IN_AUDITED_WELLS,0.0,NO_EVIDENCE_IN_AUDITED_WELLS,0.0,NO_EVIDENCE_IN_AUDITED_WELLS,100.0,REVIEW_REQUIRED_PRESENT
PIH-500-0214,500,500.035835683152,7,EPSG:5880,DESCRIPTIVE_NO_PIH_SCORE,0.31528112463725266,4.978272596936555,6.674363319630586,0.5290347687939726,0.31528112463725266,4.978272596936555,0.024019468889900614,3,3.749731251637922,0.5714285714285714,0.914100892018565,42.857142857142854,3,13.85356268530256,0.5714285714285714,0.914100892018565,42.857142857142854,3,44.14180319745301,0.5714285714285714,0.914100892018565,42.857142857142854,20,NONE,5.839588034654534,8.545140830263618,10.137879926941235,11.016852183865147,15.219079566610523,17.54604381429347,11.016852183865147,15.219079566610523,17.54604381429347,11.034864127685811,15.243375078665041,17.54604381429347,11.034864127685811,15.243375078665041,17.54604381429347,11.034864127685811,15.243375078665041,17.54604381429347,22.349254189382606,27.579520085814035,28.514762604936386,22.349254189382606,27.579520085814035,28.514762604936386,79.57661452766673,86.72378294565857,89.3942281386274,11.016852183865147,16.767333269952932,18.440233658497426,11.02138577641723,15.219079566610523,17.54604381429347,7.615551339455739,11.11539891001571,13.852339545710993,6,6,4,4,4,0,0,0,6,2,1,WELLS_PRESENT,85.7143,EVIDENCE_PRESENT,85.7143,EVIDENCE_PRESENT,57.1429,EVIDENCE_PRESENT,57.1429,EVIDENCE_PRESENT,57.1429,EVIDENCE_PRESENT,0.0,NO_EVIDENCE_IN_AUDITED_WELLS,0.0,NO_EVIDENCE_IN_AUDITED_WELLS,0.0,NO_EVIDENCE_IN_AUDITED_WELLS,85.7143,EVIDENCE_PRESENT,28.5714,EVIDENCE_PRESENT,14.2857,REVIEW_REQUIRED_PRESENT
PIH-500-0215,500,500.0168883289989,4,EPSG:5880,DESCRIPTIVE_NO_PIH_SCORE,3.3574631178989436,4.356127306182604,8.64603198936865,0.6853295180161503,3.4782580426624454,7.975969196473302,0.058177164855377814,4,3.84403216489196,0.0,1.0,25.0,4,14.543004099063229,0.0,1.0,25.0,3,36.12288545555059,0.25,0.946394630357186,50.0,20,NONE,5.591058328155804,11.653807610169512,12.010210384835258,6.5235664956946415,12.038026758498463,15.234636157652577,6.5235664956946415,12.038026758498463,15.234636157652577,6.5235664956946415,12.038026758498463,15.234636157652577,6.5235664956946415,12.038026758498463,15.234636157652577,6.5235664956946415,12.038026758498463,15.234636157652577,8.044861343354796,16.69800064932873,17.33289615843056,8.044861343354796,16.69800064932873,17.33289615843056,77.40150526097594,87.0684603786399,87.34225961289164,11.638118277837222,15.34999471327144,16.479995687216686,6.5235664956946415,12.344741691921346,15.888803149420626,7.277645990376984,12.674847240394127,14.227418998868034,4,4,4,4,4,3,3,0,0,4,2,WELLS_PRESENT,100.0,EVIDENCE_PRESENT,100.0,EVIDENCE_PRESENT,100.0,EVIDENCE_PRESENT,100.0,EVIDENCE_PRESENT,100.0,EVIDENCE_PRESENT,75.0,EVIDENCE_PRESENT,75.0,EVIDENCE_PRESENT,0.0,NO_EVIDENCE_IN_AUDITED_WELLS,0.0,NO_EVIDENCE_IN_AUDITED_WELLS,100.0,EVIDENCE_PRESENT,50.0,REVIEW_REQUIRED_PRESENT
PIH-500-0216,500,500.00507155485525,17,EPSG:5880,DESCRIPTIVE_NO_PIH_SCORE,0.08277506727314267,0.7662793914452863,11.158205434079433,0.8844679181674648,0.08277506727314267,0.7662793914452863,0.007245037356801279,2,2.4058135941170464,0.8823529411764706,0.3227569588973983,94.11764705882352,1,4.815602914060944,0.9411764705882353,,100.0,1,19.34215496649245,0.9411764705882353,,100.0,21,NONE,7.47423061389622,12.037955273410692,15.606733808412631,8.74876765926968,15.606733808412631,18.353153337266875,8.74876765926968,15.606733808412631,18.353153337266875,8.74876765926968,15.606733808412631,18.353153337266875,8.74876765926968,15.606733808412631,18.353153337266875,8.74876765926968,15.606733808412631,18.353153337266875,8.920090774424812,15.606733808412631,18.353153337266875,8.920090774424812,15.606733808412631,18.353153337266875,80.31303504351119,88.81937646762604,91.33983887013778,10.362211419401127,17.131548184511665,21.2199116011689,8.920090774424812,15.606733808412631,18.353153337266875,13.787364398401463,18.675536979125425,20.78446926674885,17,17,17,17,17,7,7,0,8,13,0,WELLS_PRESENT,100.0,EVIDENCE_PRESENT,100.0,EVIDENCE_PRESENT,100.0,EVIDENCE_PRESENT,100.0,EVIDENCE_PRESENT,100.0,EVIDENCE_PRESENT,41.1765,EVIDENCE_PRESENT,41.1765,EVIDENCE_PRESENT,0.0,NO_EVIDENCE_IN_AUDITED_WELLS,47.0588,EVIDENCE_PRESENT,76.4706,EVIDENCE_PRESENT,0.0,NO_REVIEW_FLAG_IN_AUDITED_WELLS
PIH-500-0217,500,500.0003852817613,2,EPSG:5880,DESCRIPTIVE_NO_PIH_SCORE,7.951065634957495,7.951065634957495,8.499358899082388,0.6737145631677924,7.951065634957495,7.951065634957495,,2,2.499998073592678,0.0,1.0,50.0,2,9.555925901012598,0.0,1.0,50.0,2,24.23658821292673,0.0,1.0,50.0,20,NONE,8.116747769641833,16.21069639649458,17.419425336632226,8.116747769641833,16.21069639649458,18.00894540421099,8.116747769641833,16.21069639649458,18.00894540421099,8.116747769641833,16.21069639649458,18.00894540421099,8.116747769641833,16.21069639649458,18.00894540421099,8.116747769641833,16.21069639649458,18.00894540421099,19.105390894303362,26.657108183459655,28.850697953185435,19.105390894303362,26.657108183459655,28.850697953185435,91.14818522061898,99.35747684658999,101.75056504331982,11.813609997044672,17.619790875772726,19.69925537042705,11.598280506904374,17.749915993518545,18.206395089736407,11.619643431345771,17.44959629775761,18.808379332375363,2,2,2,2,2,0,0,0,1,1,1,WELLS_PRESENT,100.0,EVIDENCE_PRESENT,100.0,EVIDENCE_PRESENT,100.0,EVIDENCE_PRESENT,100.0,EVIDENCE_PRESENT,100.0,EVIDENCE_PRESENT,0.0,NO_EVIDENCE_IN_AUDITED_WELLS,0.0,NO_EVIDENCE_IN_AUDITED_WELLS,0.0,NO_EVIDENCE_IN_AUDITED_WELLS,50.0,EVIDENCE_PRESENT,50.0,EVIDENCE_PRESENT,50.0,REVIEW_REQUIRED_PRESENT
PIH-500-0218,500,500.00282958065344,1,EPSG:5880,DESCRIPTIVE_NO_PIH_SCORE,19.862901525936802,19.862901525936802,10.43748603396842,0.8273411253110411,,,,1,1.2499929260883988,0.0,,100.0,1,4.956269712582693,0.0,,100.0,1,18.02231258915277,0.0,,100.0,18,NONE,10.446513476601094,16.789659660250276,19.101233587357285,10.446513476601094,16.789659660250276,19.101233587357285,10.446513476601094,16.789659660250276,19.101233587357285,10.446513476601094,16.789659660250276,19.101233587357285,10.446513476601094,16.789659660250276,19.101233587357285,10.446513476601094,16.789659660250276,19.101233587357285,39.475966652232344,44.58007091984819,45.52469254814593,39.475966652232344,44.58007091984819,45.52469254814593,99.25503551214784,108.89445811641313,109.41748803604953,18.9085501027783,25.08026167779468,28.608238160101667,11.595192721214332,18.791705323228506,21.537169782174853,22.904956613222833,26.962551016065216,31.573581715584584,1,1,1,1,1,0,0,0,0,1,0,WELLS_PRESENT,100.0,EVIDENCE_PRESENT,100.0,EVIDENCE_PRESENT,100.0,EVIDENCE_PRESENT,100.0,EVIDENCE_PRESENT,100.0,EVIDENCE_PRESENT,0.0,NO_EVIDENCE_IN_AUDITED_WELLS,0.0,NO_EVIDENCE_IN_AUDITED_WELLS,0.0,NO_EVIDENCE_IN_AUDITED_WELLS,0.0,NO_EVIDENCE_IN_AUDITED_WELLS,100.0,EVIDENCE_PRESENT,0.0,NO_REVIEW_FLAG_IN_AUDITED_WELLS
PIH-500-0219,500,500.0124046724223,0,EPSG:5880,DESCRIPTIVE_NO_PIH_SCORE,,,,,,,,0,0.0,,,,0,0.0,,,,0,0.0,,,,21,NONE,24.235227858144054,31.69456163098175,35.7719779682754,26.87203807951302,33.78746799400216,35.7719779682754,26.87203807951302,33.78746799400216,35.7719779682754,26.87203807951302,33.78746799400216,35.7719779682754,26.87203807951302,33.78746799400216,35.7719779682754,26.87203807951302,33.78746799400216,35.7719779682754,41.71300599766603,47.63743565366229,49.5919036888978,41.71300599766603,47.63743565366229,49.5919036888978,103.66528932300784,111.96178311076034,114.30274793017779,37.30206307755788,40.231937382821734,42.136829000355846,26.87203807951302,33.78746799400216,35.7719779682754,27.166961066699223,35.890733076966676,37.30206307755788,0,0,0,0,0,0,0,0,0,0,0,UNKNOWN_NO_WELLS_IN_DATASET,,UNKNOWN_NO_WELLS_IN_DATASET,,UNKNOWN_NO_WELLS_IN_DATASET,,UNKNOWN_NO_WELLS_IN_DATASET,,UNKNOWN_NO_WELLS_IN_DATASET,,UNKNOWN_NO_WELLS_IN_DATASET,,UNKNOWN_NO_WELLS_IN_DATASET,,UNKNOWN_NO_WELLS_IN_DATASET,,UNKNOWN_NO_WELLS_IN_DATASET,,UNKNOWN_NO_WELLS_IN_DATASET,,UNKNOWN_NO_WELLS_IN_DATASET,,UNKNOWN_NO_WELLS_IN_DATASET
PIH-500-0220,500,500.02911092789054,0,EPSG:5880,DESCRIPTIVE_NO_PIH_SCORE,,,,,,,,0,0.0,,,,0,0.0,,,,0,0.0,,,,20,NONE,25.755730623320744,33.10523913621962,35.38669614544818,27.67396104720246,34.50125444150116,36.48117124409826,27.67396104720246,34.50125444150116,36.48117124409826,27.67396104720246,34.50125444150116,36.48117124409826,27.67396104720246,34.50125444150116,36.48117124409826,27.67396104720246,34.50125444150116,36.48117124409826,36.664322259342136,42.201141294064,44.17644785342386,36.664322259342136,42.201141294064,44.17644785342386,99.99567018916147,107.53002775612802,109.94231117965144,27.67396104720246,34.50125444150116,36.48117124409826,36.61480096837367,41.68498040986536,44.17644785342386,25.755730623320744,33.5534276139205,35.97829620927815,0,0,0,0,0,0,0,0,0,0,0,UNKNOWN_NO_WELLS_IN_DATASET,,UNKNOWN_NO_WELLS_IN_DATASET,,UNKNOWN_NO_WELLS_IN_DATASET,,UNKNOWN_NO_WELLS_IN_DATASET,,UNKNOWN_NO_WELLS_IN_DATASET,,UNKNOWN_NO_WELLS_IN_DATASET,,UNKNOWN_NO_WELLS_IN_DATASET,,UNKNOWN_NO_WELLS_IN_DATASET,,UNKNOWN_NO_WELLS_IN_DATASET,,UNKNOWN_NO_WELLS_IN_DATASET,,UNKNOWN_NO_WELLS_IN_DATASET,,UNKNOWN_NO_WELLS_IN_DATASET
PIH-500-0221,500,500.0529488677839,0,EPSG:5880,DESCRIPTIVE_NO_PIH_SCORE,,,,,,,,0,0.0,,,,0,0.0,,,,0,0.0,,,,19,NONE,15.185635649796694,19.34179766160576,20.35011857128453,17.240704001168147,22.255365258594605,24.104206630270653,17.240704001168147,22.255365258594605,24.104206630270653,17.240704001168147,22.255365258594605,24.104206630270653,17.240704001168147,22.255365258594605,24.104206630270653,17.240704001168147,22.255365258594605,24.104206630270653,30.446126102413942,35.40357334379382,39.99855350504812,30.446126102413942,35.40357334379382,39.99855350504812,77.80897721737524,86.54744939522904,88.76239776137828,17.240704001168147,22.255365258594605,24.104206630270653,29.185029007219192,35.085241399643145,39.99855350504812,15.185635649796694,19.34179766160576,20.35011857128453,0,0,0,0,0,0,0,0,0,0,0,UNKNOWN_NO_WELLS_IN_DATASET,,UNKNOWN_NO_WELLS_IN_DATASET,,UNKNOWN_NO_WELLS_IN_DATASET,,UNKNOWN_NO_WELLS_IN_DATASET,,UNKNOWN_NO_WELLS_IN_DATASET,,UNKNOWN_NO_WELLS_IN_DATASET,,UNKNOWN_NO_WELLS_IN_DATASET,,UNKNOWN_NO_WELLS_IN_DATASET,,UNKNOWN_NO_WELLS_IN_DATASET,,UNKNOWN_NO_WELLS_IN_DATASET,,UNKNOWN_NO_WELLS_IN_DATASET,,UNKNOWN_NO_WELLS_IN_DATASET
PIH-500-0222,500,500.08391916272893,0,EPSG:5880,DESCRIPTIVE_NO_PIH_SCORE,,,,,,,,0,0.0,,,,0,0.0,,,,0,0.0,,,,20,NONE,14.247455435483307,17.379134548538463,17.943137428845894,14.756578342496006,19.610494547267034,20.837221034407765,14.756578342496006,19.610494547267034,20.837221034407765,14.756578342496006,19.610494547267034,20.837221034407765,14.756578342496006,19.610494547267034,20.837221034407765,14.756578342496006,19.610494547267034,20.837221034407765,16.563885999265132,24.388408601017783,26.505980401134313,16.563885999265132,24.388408601017783,26.505980401134313,56.47074446875857,64.26449002479431,66.68265539535318,15.413791722695976,19.888065010476378,20.837221034407765,16.24740358409055,23.310283662164483,25.299537352523327,14.756578342496006,17.379134548538463,17.943137428845894,0,0,0,0,0,0,0,0,0,0,0,UNKNOWN_NO_WELLS_IN_DATASET,,UNKNOWN_NO_WELLS_IN_DATASET,,UNKNOWN_NO_WELLS_IN_DATASET,,UNKNOWN_NO_WELLS_IN_DATASET,,UNKNOWN_NO_WELLS_IN_DATASET,,UNKNOWN_NO_WELLS_IN_DATASET,,UNKNOWN_NO_WELLS_IN_DATASET,,UNKNOWN_NO_WELLS_IN_DATASET,,UNKNOWN_NO_WELLS_IN_DATASET,,UNKNOWN_NO_WELLS_IN_DATASET,,UNKNOWN_NO_WELLS_IN_DATASET,,UNKNOWN_NO_WELLS_IN_DATASET
PIH-500-0223,500,500.1220226332491,0,EPSG:5880,DESCRIPTIVE_NO_PIH_SCORE,,,,,,,,0,0.0,,,,0,0.0,,,,0,0.0,,,,18,NONE,18.34138062801271,20.904295915185713,22.80301804386547,18.34138062801271,23.0044736900024,24.883863040088304,18.34138062801271,23.0044736900024,24.883863040088304,18.34138062801271,23.0044736900024,24.883863040088304,18.34138062801271,23.0044736900024,24.883863040088304,18.34138062801271,23.0044736900024,24.883863040088304,23.986780934045896,28.4808721934642,29.44380462351594,23.986780934045896,28.4808721934642,29.44380462351594,40.492658985026765,47.73815046390083,51.28623877807436,21.53263551365494,24.630955500309483,28.937924873627335,18.36463695080127,25.135144065814274,25.942850951456997,20.117094889457665,23.79842970591495,24.261321625545747,0,0,0,0,0,0,0,0,0,0,0,UNKNOWN_NO_WELLS_IN_DATASET,,UNKNOWN_NO_WELLS_IN_DATASET,,UNKNOWN_NO_WELLS_IN_DATASET,,UNKNOWN_NO_WELLS_IN_DATASET,,UNKNOWN_NO_WELLS_IN_DATASET,,UNKNOWN_NO_WELLS_IN_DATASET,,UNKNOWN_NO_WELLS_IN_DATASET,,UNKNOWN_NO_WELLS_IN_DATASET,,UNKNOWN_NO_WELLS_IN_DATASET,,UNKNOWN_NO_WELLS_IN_DATASET,,UNKNOWN_NO_WELLS_IN_DATASET,,UNKNOWN_NO_WELLS_IN_DATASET
PIH-500-0224,500,500.1672602497902,2,EPSG:5880,DESCRIPTIVE_NO_PIH_SCORE,0.8013143169538758,0.8013143169538758,7.450692698475625,0.5904919175916262,0.8013143169538758,0.8013143169538758,,1,1.2495819892087032,0.5,,100.0,1,4.998327956834813,0.5,,100.0,1,19.99331182733925,0.5,,100.0,21,NONE,10.671800729270261,15.989480960326361,17.794556562606928,10.671800729270261,15.989480960326361,17.794556562606928,10.671800729270261,15.989480960326361,17.794556562606928,10.671800729270261,15.989480960326361,17.794556562606928,10.671800729270261,15.989480960326361,17.794556562606928,10.671800729270261,15.989480960326361,17.794556562606928,28.04068009491066,33.47685370708618,37.459740576708825,28.04068009491066,33.47685370708618,37.459740576708825,30.98893720835718,40.07607657359338,40.7403924173865,10.671800729270261,15.989480960326361,17.794556562606928,27.13359018900349,32.46106943380738,32.90499882161013,10.671800729270261,15.989480960326361,17.794556562606928,2,2,2,2,2,0,0,0,2,0,2,WELLS_PRESENT,100.0,EVIDENCE_PRESENT,100.0,EVIDENCE_PRESENT,100.0,EVIDENCE_PRESENT,100.0,EVIDENCE_PRESENT,100.0,EVIDENCE_PRESENT,0.0,NO_EVIDENCE_IN_AUDITED_WELLS,0.0,NO_EVIDENCE_IN_AUDITED_WELLS,0.0,NO_EVIDENCE_IN_AUDITED_WELLS,100.0,EVIDENCE_PRESENT,0.0,NO_EVIDENCE_IN_AUDITED_WELLS,100.0,REVIEW_REQUIRED_PRESENT
PIH-500-0225,500,500.2196331327341,13,EPSG:5880,DESCRIPTIVE_NO_PIH_SCORE,1.20910020732413,2.0980881905810453,4.646586690108728,0.36823800900421794,1.20910020732413,2.0980881905810453,0.04547168387198124,7,8.746158107790796,0.46153846153846156,0.9345154830993556,30.76923076923077,4,19.99121853209325,0.6923076923076923,0.9131226292013046,38.46153846153847,2,39.50772113876086,0.8461538461538461,0.8904916402194913,69.23076923076923,21,NONE,6.120068969468586,11.429102066312726,12.308492650061138,6.120068969468586,11.429102066312726,12.308492650061138,6.120068969468586,11.429102066312726,12.308492650061138,6.120068969468586,11.429102066312726,12.308492650061138,6.120068969468586,11.429102066312726,12.308492650061138,6.120068969468586,11.429102066312726,13.612593621276593,20.144004949485286,23.690720214504488,26.163433386153937,20.144004949485286,23.690720214504488,26.163433386153937,33.80820939548123,42.270190809585344,44.935126883910684,6.120068969468586,11.429102066312726,13.612593621276593,20.144004949485286,23.690720214504488,26.163433386153937,6.120068969468586,11.429102066312726,12.308492650061138,13,13,13,13,8,0,0,0,12,0,13,WELLS_PRESENT,100.0,EVIDENCE_PRESENT,100.0,EVIDENCE_PRESENT,100.0,EVIDENCE_PRESENT,100.0,EVIDENCE_PRESENT,61.5385,EVIDENCE_PRESENT,0.0,NO_EVIDENCE_IN_AUDITED_WELLS,0.0,NO_EVIDENCE_IN_AUDITED_WELLS,0.0,NO_EVIDENCE_IN_AUDITED_WELLS,92.3077,EVIDENCE_PRESENT,0.0,NO_EVIDENCE_IN_AUDITED_WELLS,100.0,REVIEW_REQUIRED_PRESENT
PIH-500-0226,500,316.0798101614298,0,EPSG:5880,DESCRIPTIVE_NO_PIH_SCORE,,,,,,,,0,0.0,,,,0,0.0,,,,0,0.0,,,,12,NONE,9.293100812933893,13.829031316761247,14.13538499454821,9.293100812933893,13.829031316761247,14.13538499454821,9.293100812933893,13.829031316761247,14.13538499454821,9.293100812933893,13.829031316761247,14.13538499454821,9.293100812933893,13.829031316761247,14.13538499454821,9.579582083499968,13.829031316761247,15.210078022389059,15.640830567051891,20.342630389474134,21.503091830953494,15.640830567051891,20.342630389474134,21.503091830953494,45.09269664736246,55.21719960575335,56.437989662003176,9.293100812933893,13.829031316761247,14.13538499454821,15.640830567051891,20.342630389474134,21.503091830953494,9.293100812933893,13.829031316761247,14.13538499454821,0,0,0,0,0,0,0,0,0,0,0,UNKNOWN_NO_WELLS_IN_DATASET,,UNKNOWN_NO_WELLS_IN_DATASET,,UNKNOWN_NO_WELLS_IN_DATASET,,UNKNOWN_NO_WELLS_IN_DATASET,,UNKNOWN_NO_WELLS_IN_DATASET,,UNKNOWN_NO_WELLS_IN_DATASET,,UNKNOWN_NO_WELLS_IN_DATASET,,UNKNOWN_NO_WELLS_IN_DATASET,,UNKNOWN_NO_WELLS_IN_DATASET,,UNKNOWN_NO_WELLS_IN_DATASET,,UNKNOWN_NO_WELLS_IN_DATASET,,UNKNOWN_NO_WELLS_IN_DATASET
PIH-500-0227,500,285.2289677907395,0,EPSG:5880,DESCRIPTIVE_NO_PIH_SCORE,,,,,,,,0,0.0,,,,0,0.0,,,,0,0.0,,,,9,NONE,95.28338288844151,102.24359519443753,104.0073710430466,95.28338288844151,102.24359519443753,104.0073710430466,95.28338288844151,102.72675406029522,106.42316537233508,95.28338288844151,102.24359519443753,104.0073710430466,95.28338288844151,102.24359519443753,104.0073710430466,105.68521621775147,110.55420565951309,114.17274615944858,114.55114443516453,117.40446716004215,119.53690976198689,114.55114443516453,117.40446716004215,119.53690976198689,139.03033902389774,145.3384458615922,148.01851229751531,95.28338288844151,102.24359519443753,104.0073710430466,95.28338288844151,102.72675406029522,106.42316537233508,95.28338288844151,102.24359519443753,104.0073710430466,0,0,0,0,0,0,0,0,0,0,0,UNKNOWN_NO_WELLS_IN_DATASET,,UNKNOWN_NO_WELLS_IN_DATASET,,UNKNOWN_NO_WELLS_IN_DATASET,,UNKNOWN_NO_WELLS_IN_DATASET,,UNKNOWN_NO_WELLS_IN_DATASET,,UNKNOWN_NO_WELLS_IN_DATASET,,UNKNOWN_NO_WELLS_IN_DATASET,,UNKNOWN_NO_WELLS_IN_DATASET,,UNKNOWN_NO_WELLS_IN_DATASET,,UNKNOWN_NO_WELLS_IN_DATASET,,UNKNOWN_NO_WELLS_IN_DATASET,,UNKNOWN_NO_WELLS_IN_DATASET
PIH-500-0228,500,500.8749428454323,0,EPSG:5880,DESCRIPTIVE_NO_PIH_SCORE,,,,,,,,0,0.0,,,,0,0.0,,,,0,0.0,,,,20,NONE,85.63371248155548,92.25242911586034,96.40845208085497,85.63371248155548,92.25242911586034,96.40845208085497,90.41063232712314,98.42314924792959,101.77254486319825,85.63371248155548,92.25242911586034,96.40845208085497,85.63371248155548,92.25242911586034,96.40845208085497,88.68822755664632,96.61464771168825,100.73853792883999,99.44343734401448,106.60431816445956,110.0617607621054,99.44343734401448,106.60431816445956,110.0617607621054,122.41393876398715,130.27190131847945,134.06906802947236,85.63371248155548,92.25242911586034,96.40845208085497,90.41063232712314,98.42314924792959,101.77254486319825,85.63371248155548,92.25242911586034,96.40845208085497,0,0,0,0,0,0,0,0,0,0,0,UNKNOWN_NO_WELLS_IN_DATASET,,UNKNOWN_NO_WELLS_IN_DATASET,,UNKNOWN_NO_WELLS_IN_DATASET,,UNKNOWN_NO_WELLS_IN_DATASET,,UNKNOWN_NO_WELLS_IN_DATASET,,UNKNOWN_NO_WELLS_IN_DATASET,,UNKNOWN_NO_WELLS_IN_DATASET,,UNKNOWN_NO_WELLS_IN_DATASET,,UNKNOWN_NO_WELLS_IN_DATASET,,UNKNOWN_NO_WELLS_IN_DATASET,,UNKNOWN_NO_WELLS_IN_DATASET,,UNKNOWN_NO_WELLS_IN_DATASET
PIH-500-0229,500,500.7667701085252,0,EPSG:5880,DESCRIPTIVE_NO_PIH_SCORE,,,,,,,,0,0.0,,,,0,0.0,,,,0,0.0,,,,21,NONE,68.18468923867633,75.65663976771125,79.60097228127563,68.18468923867633,75.65663976771125,79.60097228127563,74.30924644803012,81.76926821868287,84.91732623970545,68.18468923867633,75.65663976771125,79.60097228127563,68.18468923867633,75.65663976771125,79.60097228127563,68.18468923867633,75.65663976771125,79.60097228127563,75.48732085924291,84.671813888502,86.28897710600893,75.48732085924291,84.671813888502,86.28897710600893,98.71917112760553,108.2160616324099,109.31566295937655,68.62731087585419,76.71038451485889,79.60097228127563,74.30924644803012,81.76926821868287,84.91732623970545,68.18468923867633,75.65663976771125,79.60097228127563,0,0,0,0,0,0,0,0,0,0,0,UNKNOWN_NO_WELLS_IN_DATASET,,UNKNOWN_NO_WELLS_IN_DATASET,,UNKNOWN_NO_WELLS_IN_DATASET,,UNKNOWN_NO_WELLS_IN_DATASET,,UNKNOWN_NO_WELLS_IN_DATASET,,UNKNOWN_NO_WELLS_IN_DATASET,,UNKNOWN_NO_WELLS_IN_DATASET,,UNKNOWN_NO_WELLS_IN_DATASET,,UNKNOWN_NO_WELLS_IN_DATASET,,UNKNOWN_NO_WELLS_IN_DATASET,,UNKNOWN_NO_WELLS_IN_DATASET,,UNKNOWN_NO_WELLS_IN_DATASET
PIH-500-0230,500,500.66574192360105,0,EPSG:5880,DESCRIPTIVE_NO_PIH_SCORE,,,,,,,,0,0.0,,,,0,0.0,,,,0,0.0,,,,21,NONE,50.22109605635559,57.385877581200454,61.43595488155527,50.22109605635559,57.385877581200454,61.43595488155527,51.11550733690268,59.86464354668606,62.13088643986976,50.22109605635559,57.385877581200454,61.43595488155527,51.320419952193596,57.6415202480086,61.43595488155527,51.320419952193596,57.6415202480086,61.43595488155527,51.11550733690268,59.86464354668606,62.13088643986976,51.11550733690268,59.86464354668606,62.13088643986976,73.965356174889,83.28334263936736,84.70722126362507,51.45648221687155,60.011940091527094,62.56053548949386,51.11550733690268,59.86464354668606,62.13088643986976,50.22109605635559,57.385877581200454,61.43595488155527,0,0,0,0,0,0,0,0,0,0,0,UNKNOWN_NO_WELLS_IN_DATASET,,UNKNOWN_NO_WELLS_IN_DATASET,,UNKNOWN_NO_WELLS_IN_DATASET,,UNKNOWN_NO_WELLS_IN_DATASET,,UNKNOWN_NO_WELLS_IN_DATASET,,UNKNOWN_NO_WELLS_IN_DATASET,,UNKNOWN_NO_WELLS_IN_DATASET,,UNKNOWN_NO_WELLS_IN_DATASET,,UNKNOWN_NO_WELLS_IN_DATASET,,UNKNOWN_NO_WELLS_IN_DATASET,,UNKNOWN_NO_WELLS_IN_DATASET,,UNKNOWN_NO_WELLS_IN_DATASET
PIH-500-0231,500,500.5718563497068,0,EPSG:5880,DESCRIPTIVE_NO_PIH_SCORE,,,,,,,,0,0.0,,,,0,0.0,,,,0,0.0,,,,20,NONE,28.66963920293422,36.977697541365075,39.04749069539108,28.66963920293422,36.977697541365075,39.04749069539108,28.66963920293422,36.977697541365075,39.04749069539108,28.66963920293422,36.977697541365075,39.04749069539108,36.70699752147004,44.32163190060338,48.756941594090755,36.70699752147004,44.32163190060338,48.756941594090755,28.66963920293422,36.977697541365075,39.04749069539108,28.66963920293422,36.977697541365075,39.04749069539108,50.18021172382973,58.48859734029163,60.4211262735267,36.70699752147004,44.39161844116467,48.756941594090755,28.66963920293422,36.977697541365075,39.04749069539108,28.66963920293422,36.977697541365075,39.04749069539108,0,0,0,0,0,0,0,0,0,0,0,UNKNOWN_NO_WELLS_IN_DATASET,,UNKNOWN_NO_WELLS_IN_DATASET,,UNKNOWN_NO_WELLS_IN_DATASET,,UNKNOWN_NO_WELLS_IN_DATASET,,UNKNOWN_NO_WELLS_IN_DATASET,,UNKNOWN_NO_WELLS_IN_DATASET,,UNKNOWN_NO_WELLS_IN_DATASET,,UNKNOWN_NO_WELLS_IN_DATASET,,UNKNOWN_NO_WELLS_IN_DATASET,,UNKNOWN_NO_WELLS_IN_DATASET,,UNKNOWN_NO_WELLS_IN_DATASET,,UNKNOWN_NO_WELLS_IN_DATASET
PIH-500-0232,500,500.48511159483206,0,EPSG:5880,DESCRIPTIVE_NO_PIH_SCORE,,,,,,,,0,0.0,,,,0,0.0,,,,0,0.0,,,,18,NONE,14.148382166259307,21.82039456496912,24.192843090177558,14.148382166259307,21.82039456496912,24.192843090177558,14.148382166259307,21.82039456496912,24.192843090177558,14.148382166259307,21.82039456496912,24.192843090177558,19.64538195390432,25.318638758581898,28.063805224916365,19.64538195390432,25.318638758581898,28.063805224916365,14.148382166259307,21.82039456496912,24.192843090177558,14.148382166259307,21.82039456496912,24.192843090177558,28.70737855350768,35.23842471820767,37.095979109846674,20.428362619907805,25.318638758581898,28.063805224916365,14.148382166259307,21.82039456496912,24.192843090177558,14.148382166259307,21.82039456496912,24.192843090177558,0,0,0,0,0,0,0,0,0,0,0,UNKNOWN_NO_WELLS_IN_DATASET,,UNKNOWN_NO_WELLS_IN_DATASET,,UNKNOWN_NO_WELLS_IN_DATASET,,UNKNOWN_NO_WELLS_IN_DATASET,,UNKNOWN_NO_WELLS_IN_DATASET,,UNKNOWN_NO_WELLS_IN_DATASET,,UNKNOWN_NO_WELLS_IN_DATASET,,UNKNOWN_NO_WELLS_IN_DATASET,,UNKNOWN_NO_WELLS_IN_DATASET,,UNKNOWN_NO_WELLS_IN_DATASET,,UNKNOWN_NO_WELLS_IN_DATASET,,UNKNOWN_NO_WELLS_IN_DATASET
PIH-500-0233,500,500.4055060159966,8,EPSG:5880,DESCRIPTIVE_NO_PIH_SCORE,0.3528335129785125,9.225249370253497,8.40907628759055,0.6662883028084028,0.3528335129785125,9.225249370253497,0.14027027262315184,5,5.328494737086078,0.375,0.9283832117695865,37.5,5,20.878887205133463,0.375,0.9283832117695865,37.5,4,52.685844186418386,0.5,0.875,50.0,20,NONE,6.197846803145966,11.37669798037209,14.550984188421161,6.197846803145966,11.37669798037209,14.550984188421161,7.253203244653156,11.489413537292235,14.550984188421161,6.197846803145966,11.37669798037209,14.550984188421161,6.197846803145966,11.37669798037209,14.550984188421161,6.197846803145966,11.37669798037209,14.550984188421161,7.253203244653156,11.489413537292235,14.550984188421161,7.253203244653156,11.489413537292235,14.550984188421161,14.123145082210792,21.432973340772588,22.162801081440122,12.156090760691526,17.259218292562373,19.791621798891846,7.253203244653156,11.489413537292235,14.550984188421161,8.134873234923935,15.509510744270143,19.791621798891846,8,5,8,8,8,4,4,1,5,4,4,WELLS_PRESENT,100.0,EVIDENCE_PRESENT,62.5,EVIDENCE_PRESENT,100.0,EVIDENCE_PRESENT,100.0,EVIDENCE_PRESENT,100.0,EVIDENCE_PRESENT,50.0,EVIDENCE_PRESENT,50.0,EVIDENCE_PRESENT,12.5,EVIDENCE_PRESENT,62.5,EVIDENCE_PRESENT,50.0,EVIDENCE_PRESENT,50.0,REVIEW_REQUIRED_PRESENT
PIH-500-0234,500,500.33303811915005,3,EPSG:5880,DESCRIPTIVE_NO_PIH_SCORE,0.21918838671021407,0.24010257954158631,5.970458966119536,0.4731001258451527,0.21918838671021407,0.24010257954158631,5.362852053343612e-05,2,2.498335917809855,0.33333333333333337,0.9182958340544894,66.66666666666666,1,4.99667183561971,0.6666666666666667,,100.0,1,19.98668734247884,0.6666666666666667,,100.0,20,NONE,7.995476058491751,13.213594322064763,15.325650155011198,7.995476058491751,13.213594322064763,15.325650155011198,18.350967632556316,22.326434869496712,23.181190991220415,7.995476058491751,13.356861347460747,15.381343900097582,7.995476058491751,13.356861347460747,15.381343900097582,7.995476058491751,13.356861347460747,15.381343900097582,18.350967632556316,22.709088478367786,24.726751278636396,18.350967632556316,22.709088478367786,24.726751278636396,26.063386141160414,34.233396378791106,36.223604149858694,9.961199758793308,13.356861347460747,15.381343900097582,18.350967632556316,22.326434869496712,23.181190991220415,7.995476058491751,13.213594322064763,15.325650155011198,3,0,2,2,2,0,0,0,2,0,3,WELLS_PRESENT,100.0,EVIDENCE_PRESENT,0.0,NO_EVIDENCE_IN_AUDITED_WELLS,66.6667,EVIDENCE_PRESENT,66.6667,EVIDENCE_PRESENT,66.6667,EVIDENCE_PRESENT,0.0,NO_EVIDENCE_IN_AUDITED_WELLS,0.0,NO_EVIDENCE_IN_AUDITED_WELLS,0.0,NO_EVIDENCE_IN_AUDITED_WELLS,66.6667,EVIDENCE_PRESENT,0.0,NO_EVIDENCE_IN_AUDITED_WELLS,100.0,REVIEW_REQUIRED_PRESENT
PIH-500-0235,500,500.2677065593891,2,EPSG:5880,DESCRIPTIVE_NO_PIH_SCORE,6.34605297654252,6.34605297654252,4.873004163216678,0.3861628439359988,6.34605297654252,6.34605297654252,,2,2.498662183487566,0.0,1.0,50.0,2,9.994648733950264,0.0,1.0,50.0,2,39.030242450812125,0.0,1.0,50.0,20,NONE,7.500608749605922,12.742923436134923,13.57346645488305,7.500608749605922,12.742923436134923,13.57346645488305,7.500608749605922,12.760770726009683,13.643671263762522,7.500608749605922,12.760770726009683,13.640324217896962,7.500608749605922,12.760770726009683,13.640324217896962,7.500608749605922,12.760770726009683,13.640324217896962,7.500608749605922,12.760770726009683,13.643671263762522,7.500608749605922,12.760770726009683,13.643671263762522,48.01299555326031,57.5130438500846,59.477295361863774,14.53280506285127,19.376860537196006,20.933569698376846,7.500608749605922,12.760770726009683,13.643671263762522,10.875120297292746,14.867940500525956,15.833679333213285,2,2,2,2,2,2,2,0,0,2,1,WELLS_PRESENT,100.0,EVIDENCE_PRESENT,100.0,EVIDENCE_PRESENT,100.0,EVIDENCE_PRESENT,100.0,EVIDENCE_PRESENT,100.0,EVIDENCE_PRESENT,100.0,EVIDENCE_PRESENT,100.0,EVIDENCE_PRESENT,0.0,NO_EVIDENCE_IN_AUDITED_WELLS,0.0,NO_EVIDENCE_IN_AUDITED_WELLS,100.0,EVIDENCE_PRESENT,50.0,REVIEW_REQUIRED_PRESENT
PIH-500-0236,500,500.20951014056953,13,EPSG:5880,DESCRIPTIVE_NO_PIH_SCORE,0.22279503423573288,9.62900083436009,8.639413744778736,0.6846730556752869,0.22279503423573288,9.62900083436009,0.2469616963453263,7,7.1719632878228525,0.46153846153846156,0.8383457075860213,46.15384615384615,6,23.113828571238436,0.5384615384615384,0.717335694993616,61.53846153846154,4,60.912622789726655,0.6923076923076923,0.5725552071907913,76.92307692307693,21,NONE,4.655518559234864,9.322947939160814,13.569822546815791,6.527446442828375,13.764174305369833,16.27078158129091,6.527446442828375,13.764174305369833,16.27078158129091,6.527446442828375,13.764174305369833,16.27078158129091,6.527446442828375,13.764174305369833,16.27078158129091,6.527446442828375,13.764174305369833,16.27078158129091,12.793593679520445,20.02782282021196,22.71741353059566,12.793593679520445,20.02782282021196,22.71741353059566,59.6689932475177,65.91984394902768,67.68088058279673,5.989596278094454,12.4493896654642,14.286530156021866,8.278708120692356,17.341362426870433,17.55190339714907,7.9182431622015805,14.651988235653121,17.63331666160575,11,11,10,10,10,5,5,0,6,8,2,WELLS_PRESENT,84.6154,EVIDENCE_PRESENT,84.6154,EVIDENCE_PRESENT,76.9231,EVIDENCE_PRESENT,76.9231,EVIDENCE_PRESENT,76.9231,EVIDENCE_PRESENT,38.4615,EVIDENCE_PRESENT,38.4615,EVIDENCE_PRESENT,0.0,NO_EVIDENCE_IN_AUDITED_WELLS,46.1538,EVIDENCE_PRESENT,61.5385,EVIDENCE_PRESENT,15.3846,REVIEW_REQUIRED_PRESENT
PIH-500-0237,500,500.1584478156907,2,EPSG:5880,DESCRIPTIVE_NO_PIH_SCORE,0.06571222284716789,0.06571222284716789,11.039456013282582,0.874920929034182,0.06571222284716789,0.06571222284716789,,1,1.249604005949558,0.5,,100.0,1,3.8126519761690036,0.5,,100.0,1,4.7931863694772545,0.5,,100.0,18,NONE,10.217405249240326,16.34499123468993,17.04685315468731,12.423762706630058,17.565375408095424,18.148044061084523,12.462619975535013,17.565375408095424,18.148044061084523,12.462619975535013,17.565375408095424,18.148044061084523,12.462619975535013,17.565375408095424,18.148044061084523,12.462619975535013,17.565375408095424,18.148044061084523,25.32425730045629,33.54193227951141,37.4652534125728,25.32425730045629,33.54193227951141,37.4652534125728,53.221737513854606,62.65147080569344,63.441896928346225,12.462619975535013,18.26217256447332,20.15108417103183,19.98758841885338,24.567451719118832,28.224300493730812,10.217405249240326,16.34499123468993,17.04685315468731,2,1,1,1,1,0,0,0,1,0,1,WELLS_PRESENT,100.0,EVIDENCE_PRESENT,50.0,EVIDENCE_PRESENT,50.0,EVIDENCE_PRESENT,50.0,EVIDENCE_PRESENT,50.0,EVIDENCE_PRESENT,0.0,NO_EVIDENCE_IN_AUDITED_WELLS,0.0,NO_EVIDENCE_IN_AUDITED_WELLS,0.0,NO_EVIDENCE_IN_AUDITED_WELLS,50.0,EVIDENCE_PRESENT,0.0,NO_EVIDENCE_IN_AUDITED_WELLS,50.0,REVIEW_REQUIRED_PRESENT
PIH-500-0238,500,500.11451868677494,9,EPSG:5880,DESCRIPTIVE_NO_PIH_SCORE,3.114873077519966,6.27748920647135,3.6672152723616405,0.2906542044708478,3.114873077519966,7.311643114613403,0.2610046403814154,8,9.288880261041731,0.11111111111111116,0.9825675930733636,22.22222222222222,7,34.03432537793987,0.2222222222222222,0.9409583900892995,33.33333333333333,4,56.09164014682996,0.5555555555555556,0.8288713632524446,55.55555555555556,21,NONE,3.6646768625035864,7.883029576224743,12.147707170208077,7.021811745409999,10.454737425301017,12.147707170208077,8.887990765235976,12.308193022195791,13.360179057886375,7.021811745409999,10.454737425301017,12.147707170208077,7.021811745409999,10.454737425301017,12.147707170208077,7.021811745409999,10.454737425301017,12.147707170208077,33.166125641289575,36.61644847645677,37.94452684972513,33.166125641289575,36.61644847645677,37.94452684972513,57.69247171590124,65.29333553032144,68.86703220175733,8.887990765235976,12.308193022195791,13.360179057886375,9.037820240508209,12.147707170208077,13.012254103572607,3.6646768625035864,9.521739527882083,12.147707170208077,2,1,2,2,2,0,0,0,1,1,8,WELLS_PRESENT,22.2222,EVIDENCE_PRESENT,11.1111,EVIDENCE_PRESENT,22.2222,EVIDENCE_PRESENT,22.2222,EVIDENCE_PRESENT,22.2222,EVIDENCE_PRESENT,0.0,NO_EVIDENCE_IN_AUDITED_WELLS,0.0,NO_EVIDENCE_IN_AUDITED_WELLS,0.0,NO_EVIDENCE_IN_AUDITED_WELLS,11.1111,EVIDENCE_PRESENT,11.1111,EVIDENCE_PRESENT,88.8889,REVIEW_REQUIRED_PRESENT
PIH-500-0239,500,500.0777220047852,15,EPSG:5880,DESCRIPTIVE_NO_PIH_SCORE,1.2561565712104628,4.2523368529104495,3.597484984550873,0.2851380482003688,1.2561565712104628,4.2523368529104495,0.42558349839054094,11,10.994761854656689,0.2666666666666667,0.9606293157795305,20.0,9,37.761417626985974,0.4,0.9483627932161024,20.0,6,83.3470082802267,0.6,0.9245387872348442,26.666666666666668,20,NONE,4.691772062040678,6.273277245481503,9.507618101974362,6.724859388328835,12.662594480305337,14.808687621663225,6.724859388328835,12.67275915201946,15.3562539177702,6.724859388328835,12.662594480305337,14.808687621663225,6.724859388328835,12.662594480305337,14.808687621663225,6.724859388328835,12.662594480305337,14.808687621663225,22.327456178977954,29.24432945498713,32.42161253915171,22.327456178977954,29.24432945498713,32.42161253915171,68.95358616544598,76.62364246713743,78.84496161703369,9.616577568033874,16.219494048408933,17.498189188362566,16.73429072707881,21.694669734922332,24.949749854541032,5.7743738575177375,9.523540414802525,11.064205087820707,8,8,8,8,8,0,0,0,3,0,9,WELLS_PRESENT,53.3333,EVIDENCE_PRESENT,53.3333,EVIDENCE_PRESENT,53.3333,EVIDENCE_PRESENT,53.3333,EVIDENCE_PRESENT,53.3333,EVIDENCE_PRESENT,0.0,NO_EVIDENCE_IN_AUDITED_WELLS,0.0,NO_EVIDENCE_IN_AUDITED_WELLS,0.0,NO_EVIDENCE_IN_AUDITED_WELLS,20.0,EVIDENCE_PRESENT,0.0,NO_EVIDENCE_IN_AUDITED_WELLS,60.0,REVIEW_REQUIRED_PRESENT
PIH-500-0240,500,500.0480571699059,11,EPSG:5880,DESCRIPTIVE_NO_PIH_SCORE,2.4168496187507316,5.161783879138299,2.1177593239767187,0.1678594001156456,2.4168496187507316,5.161783879138299,0.18383809004933505,8,9.999038948972668,0.2727272727272727,0.9713256910609176,18.181818181818183,6,28.120747748143625,0.4545454545454546,0.960058249314534,27.27272727272727,4,63.61125845371202,0.6363636363636364,0.8949645376549995,45.45454545454545,19,NONE,3.607437216232018,4.420428674196519,6.359403260752959,7.518613075425941,11.103945405350307,12.59873428749988,7.518613075425941,11.103945405350307,12.59873428749988,7.518613075425941,11.103945405350307,12.59873428749988,7.518613075425941,11.103945405350307,12.59873428749988,7.548413165663221,11.103945405350307,12.59873428749988,8.103356258860034,12.459228530204538,14.235013897089589,8.103356258860034,12.459228530204538,14.235013897089589,79.04684038824335,83.86890688355514,85.00983048547674,9.117133196845895,14.978196268111972,19.04784363844369,7.719621607368073,11.156394165211156,12.875593068736938,3.607437216232018,6.623854379655228,8.295316001779945,2,2,2,2,2,1,1,0,1,2,9,WELLS_PRESENT,18.1818,EVIDENCE_PRESENT,18.1818,EVIDENCE_PRESENT,18.1818,EVIDENCE_PRESENT,18.1818,EVIDENCE_PRESENT,18.1818,EVIDENCE_PRESENT,9.0909,EVIDENCE_PRESENT,9.0909,EVIDENCE_PRESENT,0.0,NO_EVIDENCE_IN_AUDITED_WELLS,9.0909,EVIDENCE_PRESENT,18.1818,EVIDENCE_PRESENT,81.8182,REVIEW_REQUIRED_PRESENT
PIH-500-0241,500,500.02552373105374,26,EPSG:5880,DESCRIPTIVE_NO_PIH_SCORE,1.5714623906341034,3.0270888144837387,1.9786658190061213,0.15683800202624118,1.5714623906341034,3.1338525141891744,0.5146347814011449,20,24.717654365928013,0.23076923076923073,0.9629910744241625,15.384615384615385,13,58.556525123125816,0.5,0.9140989560492835,23.076923076923077,6,88.80144901175757,0.7692307692307692,0.9445513709023073,30.76923076923077,21,NONE,2.3411613529346558,5.189886666850544,5.971389553124724,12.567781812574967,16.29401953443229,17.105496773301557,12.567781812574967,16.29401953443229,17.105496773301557,12.567781812574967,16.29401953443229,17.105496773301557,12.567781812574967,16.29401953443229,17.105496773301557,16.35328116497872,19.368955684430997,20.70907290468248,17.22451577652563,21.376301064810047,22.44167874458422,17.22451577652563,21.376301064810047,22.44167874458422,79.11307713181417,85.85103469395237,88.73886288183387,12.631288746963547,16.29401953443229,18.910242690931305,17.22451577652563,20.627831164912813,22.44167874458422,2.800221135643368,5.315268730213037,5.971389553124724,1,1,1,1,0,0,0,0,1,0,25,WELLS_PRESENT,3.8462,EVIDENCE_PRESENT,3.8462,EVIDENCE_PRESENT,3.8462,EVIDENCE_PRESENT,3.8462,EVIDENCE_PRESENT,0.0,NO_EVIDENCE_IN_AUDITED_WELLS,0.0,NO_EVIDENCE_IN_AUDITED_WELLS,0.0,NO_EVIDENCE_IN_AUDITED_WELLS,0.0,NO_EVIDENCE_IN_AUDITED_WELLS,3.8462,EVIDENCE_PRESENT,0.0,NO_EVIDENCE_IN_AUDITED_WELLS,96.1538,REVIEW_REQUIRED_PRESENT
PIH-500-0242,500,500.0101213864221,3,EPSG:5880,DESCRIPTIVE_NO_PIH_SCORE,10.26310394518815,10.26310394518815,5.833189409208925,0.46237209652950356,10.26310394518815,11.526257579448282,0.11230025808203029,3,3.62611590209117,0.0,0.9999999999999998,33.33333333333333,3,14.875888175506491,0.0,0.9999999999999998,33.33333333333333,3,58.33194182039478,0.0,0.9999999999999998,33.33333333333333,18,NONE,5.3275296707454,7.856233211647095,9.840296866012428,6.999326273877511,10.503668903352128,13.770156432685893,6.999326273877511,10.503668903352128,13.770156432685893,6.999326273877511,10.503668903352128,13.770156432685893,6.999326273877511,10.503668903352128,13.770156432685893,6.999326273877511,10.503668903352128,13.770156432685893,15.023362769362617,21.097650620867466,24.48862227976603,15.023362769362617,21.097650620867466,24.48862227976603,83.32818735874811,88.92360366327469,92.01206122346514,11.704886373405236,17.449297141569577,20.30237435070815,15.023362769362617,21.097650620867466,24.48862227976603,6.0518848603690625,8.64296271984794,9.905604137510133,2,2,2,2,2,0,0,0,1,0,2,WELLS_PRESENT,66.6667,EVIDENCE_PRESENT,66.6667,EVIDENCE_PRESENT,66.6667,EVIDENCE_PRESENT,66.6667,EVIDENCE_PRESENT,66.6667,EVIDENCE_PRESENT,0.0,NO_EVIDENCE_IN_AUDITED_WELLS,0.0,NO_EVIDENCE_IN_AUDITED_WELLS,0.0,NO_EVIDENCE_IN_AUDITED_WELLS,33.3333,EVIDENCE_PRESENT,0.0,NO_EVIDENCE_IN_AUDITED_WELLS,66.6667,REVIEW_REQUIRED_PRESENT
PIH-500-0243,500,500.00184998308686,2,EPSG:5880,DESCRIPTIVE_NO_PIH_SCORE,10.596043691082729,10.596043691082729,6.091173363347036,0.48282538009011766,10.596043691082729,10.596043691082729,,2,2.4999907501187897,0.0,1.0,50.0,2,9.999963000475159,0.0,1.0,50.0,2,32.95106268690262,0.0,1.0,50.0,21,NONE,7.096601352272052,12.91406963881403,16.234600374759875,18.53762535243636,22.93297496833201,24.211667262475057,19.813397550423673,27.884055788647988,29.32953961329714,18.53762535243636,22.93297496833201,24.211667262475057,18.53762535243636,22.93297496833201,24.211667262475057,18.53762535243636,22.93297496833201,24.211667262475057,28.173578269307598,36.778855056771256,41.636323394905375,28.173578269307598,36.778855056771256,41.636323394905375,92.97853746529441,97.87777650723983,101.46163368086496,26.625434072934517,33.51432082872763,37.7764657813175,27.884055788647988,33.80088307079762,37.86259749993292,7.096601352272052,12.91406963881403,16.234600374759875,0,0,0,0,0,0,0,0,0,0,2,WELLS_PRESENT,0.0,NO_EVIDENCE_IN_AUDITED_WELLS,0.0,NO_EVIDENCE_IN_AUDITED_WELLS,0.0,NO_EVIDENCE_IN_AUDITED_WELLS,0.0,NO_EVIDENCE_IN_AUDITED_WELLS,0.0,NO_EVIDENCE_IN_AUDITED_WELLS,0.0,NO_EVIDENCE_IN_AUDITED_WELLS,0.0,NO_EVIDENCE_IN_AUDITED_WELLS,0.0,NO_EVIDENCE_IN_AUDITED_WELLS,0.0,NO_EVIDENCE_IN_AUDITED_WELLS,0.0,NO_EVIDENCE_IN_AUDITED_WELLS,100.0,REVIEW_REQUIRED_PRESENT
PIH-500-0244,500,500.00070951738337,0,EPSG:5880,DESCRIPTIVE_NO_PIH_SCORE,,,,,,,,0,0.0,,,,0,0.0,,,,0,0.0,,,,21,NONE,11.96272780685099,16.02021611484969,18.53190243462656,13.224090003791574,17.905671082431347,21.969291340716282,18.960969587279642,26.063521728564176,27.104787120416184,13.224090003791574,17.905671082431347,21.969291340716282,13.224090003791574,17.905671082431347,21.969291340716282,13.224090003791574,17.905671082431347,21.969291340716282,38.34635192206485,41.64533210514194,44.934401951432044,38.34635192206485,41.64533210514194,44.934401951432044,104.42806017061353,111.36710540657744,113.72673723229899,29.420203017771502,34.085328838490824,36.06656886048548,18.960969587279642,26.063521728564176,27.104787120416184,16.02021611484969,21.05876640213906,23.03036642216359,0,0,0,0,0,0,0,0,0,0,0,UNKNOWN_NO_WELLS_IN_DATASET,,UNKNOWN_NO_WELLS_IN_DATASET,,UNKNOWN_NO_WELLS_IN_DATASET,,UNKNOWN_NO_WELLS_IN_DATASET,,UNKNOWN_NO_WELLS_IN_DATASET,,UNKNOWN_NO_WELLS_IN_DATASET,,UNKNOWN_NO_WELLS_IN_DATASET,,UNKNOWN_NO_WELLS_IN_DATASET,,UNKNOWN_NO_WELLS_IN_DATASET,,UNKNOWN_NO_WELLS_IN_DATASET,,UNKNOWN_NO_WELLS_IN_DATASET,,UNKNOWN_NO_WELLS_IN_DATASET
PIH-500-0245,500,500.00670013439196,1,EPSG:5880,DESCRIPTIVE_NO_PIH_SCORE,9.967651884291623,9.967651884291623,4.587137696704851,0.3636041248362175,,,,1,1.249983249888476,0.0,,100.0,1,4.999932999553904,0.0,,100.0,1,19.6557865925108,0.0,,100.0,20,NONE,7.294438190363376,11.727097246992281,13.683761256819812,16.956536664741847,21.750990962411223,23.507868207216816,17.672802542418456,22.1972271334191,23.507868207216816,16.956536664741847,21.750990962411223,23.507868207216816,16.956536664741847,21.750990962411223,23.507868207216816,16.956536664741847,21.750990962411223,23.507868207216816,28.08858411886617,35.83892772784451,38.30597460580541,28.08858411886617,35.83892772784451,38.30597460580541,115.84806537977009,119.61070102973727,120.55080198249648,29.526433320935602,33.76740953873254,35.538157200401585,16.956536664741847,21.750990962411223,23.507868207216816,8.625789692292098,13.909883156763907,15.948145427449028,0,0,0,0,0,0,0,0,0,0,1,WELLS_PRESENT,0.0,NO_EVIDENCE_IN_AUDITED_WELLS,0.0,NO_EVIDENCE_IN_AUDITED_WELLS,0.0,NO_EVIDENCE_IN_AUDITED_WELLS,0.0,NO_EVIDENCE_IN_AUDITED_WELLS,0.0,NO_EVIDENCE_IN_AUDITED_WELLS,0.0,NO_EVIDENCE_IN_AUDITED_WELLS,0.0,NO_EVIDENCE_IN_AUDITED_WELLS,0.0,NO_EVIDENCE_IN_AUDITED_WELLS,0.0,NO_EVIDENCE_IN_AUDITED_WELLS,0.0,NO_EVIDENCE_IN_AUDITED_WELLS,100.0,REVIEW_REQUIRED_PRESENT
PIH-500-0246,500,500.01982212842336,0,EPSG:5880,DESCRIPTIVE_NO_PIH_SCORE,,,,,,,,0,0.0,,,,0,0.0,,,,0,0.0,,,,20,NONE,17.396909374768533,21.60271709643742,28.067366979931794,19.863686295170325,27.19100751231296,28.081060477493377,19.863686295170325,27.19100751231296,28.081060477493377,19.863686295170325,27.19100751231296,28.081060477493377,19.863686295170325,27.19100751231296,28.081060477493377,19.863686295170325,27.19100751231296,28.081060477493377,27.721331509536427,35.18282216118195,38.0354075794161,27.721331509536427,35.18282216118195,38.0354075794161,106.8640610902312,114.2773496708987,118.05313339937612,19.863686295170325,28.06873632968795,31.894120908714925,27.041839738104738,35.14143223094534,37.27734866723699,17.396909374768533,21.60271709643742,28.067366979931794,0,0,0,0,0,0,0,0,0,0,0,UNKNOWN_NO_WELLS_IN_DATASET,,UNKNOWN_NO_WELLS_IN_DATASET,,UNKNOWN_NO_WELLS_IN_DATASET,,UNKNOWN_NO_WELLS_IN_DATASET,,UNKNOWN_NO_WELLS_IN_DATASET,,UNKNOWN_NO_WELLS_IN_DATASET,,UNKNOWN_NO_WELLS_IN_DATASET,,UNKNOWN_NO_WELLS_IN_DATASET,,UNKNOWN_NO_WELLS_IN_DATASET,,UNKNOWN_NO_WELLS_IN_DATASET,,UNKNOWN_NO_WELLS_IN_DATASET,,UNKNOWN_NO_WELLS_IN_DATASET
PIH-500-0247,500,500.0400759427016,5,EPSG:5880,DESCRIPTIVE_NO_PIH_SCORE,3.4976747686399605,8.219164778550596,7.876818201665532,0.6243431512998131,3.4976747686399605,8.219164778550596,0.11311205258396471,5,5.826781384551624,0.0,1.0000000000000002,20.0,4,17.758870763202598,0.19999999999999996,0.9609640474436812,40.0,3,57.53630611235682,0.4,0.8649735207179272,60.0,18,NONE,6.957230069717749,12.767205124417021,14.082988340819362,11.231125509372056,18.46952999979217,22.098861227529333,11.231125509372056,18.46952999979217,22.098861227529333,11.231125509372056,18.46952999979217,22.098861227529333,11.231125509372056,18.46952999979217,22.098861227529333,11.231125509372056,18.46952999979217,22.098861227529333,37.55818022034235,41.06032104534008,44.03711092332245,37.55818022034235,41.06032104534008,44.03711092332245,92.69533855546467,99.32366083113959,102.08432483058719,11.231125509372056,18.46952999979217,22.098861227529333,37.55818022034235,41.06032104534008,44.03711092332245,7.062844102190491,12.767205124417021,14.082988340819362,4,4,4,4,4,0,0,0,4,0,4,WELLS_PRESENT,80.0,EVIDENCE_PRESENT,80.0,EVIDENCE_PRESENT,80.0,EVIDENCE_PRESENT,80.0,EVIDENCE_PRESENT,80.0,EVIDENCE_PRESENT,0.0,NO_EVIDENCE_IN_AUDITED_WELLS,0.0,NO_EVIDENCE_IN_AUDITED_WELLS,0.0,NO_EVIDENCE_IN_AUDITED_WELLS,80.0,EVIDENCE_PRESENT,0.0,NO_EVIDENCE_IN_AUDITED_WELLS,80.0,REVIEW_REQUIRED_PRESENT
PIH-500-0248,500,500.06746216975085,0,EPSG:5880,DESCRIPTIVE_NO_PIH_SCORE,,,,,,,,0,0.0,,,,0,0.0,,,,0,0.0,,,,21,NONE,14.071677312232644,18.328699450235543,19.656378524918466,15.82114909956045,19.121811732047853,19.656378524918466,15.82114909956045,19.121811732047853,19.656378524918466,15.82114909956045,19.121811732047853,19.656378524918466,15.82114909956045,19.121811732047853,19.656378524918466,15.82114909956045,19.121811732047853,19.656378524918466,19.410438032281476,28.750047681010198,30.403462150062097,19.410438032281476,28.750047681010198,30.403462150062097,79.60760654559023,86.65214411543059,88.8186987864333,15.82114909956045,19.121811732047853,20.333764822678123,19.410438032281476,28.750047681010198,30.403462150062097,14.088134796687136,18.874288414619677,20.37169887371048,0,0,0,0,0,0,0,0,0,0,0,UNKNOWN_NO_WELLS_IN_DATASET,,UNKNOWN_NO_WELLS_IN_DATASET,,UNKNOWN_NO_WELLS_IN_DATASET,,UNKNOWN_NO_WELLS_IN_DATASET,,UNKNOWN_NO_WELLS_IN_DATASET,,UNKNOWN_NO_WELLS_IN_DATASET,,UNKNOWN_NO_WELLS_IN_DATASET,,UNKNOWN_NO_WELLS_IN_DATASET,,UNKNOWN_NO_WELLS_IN_DATASET,,UNKNOWN_NO_WELLS_IN_DATASET,,UNKNOWN_NO_WELLS_IN_DATASET,,UNKNOWN_NO_WELLS_IN_DATASET
PIH-500-0249,500,500.1019815506837,12,EPSG:5880,DESCRIPTIVE_NO_PIH_SCORE,0.1642461897041453,0.7356485667958024,9.023949446882103,0.7152243675296747,0.1642461897041453,0.7356485667958024,0.01904633417387181,4,4.968463499611027,0.6666666666666667,0.7091479170272449,66.66666666666666,2,9.967443892066505,0.8333333333333334,0.4138168503036338,91.66666666666666,1,19.965404676977467,0.9166666666666666,,100.0,21,NONE,8.47208750176231,14.157482971279775,16.255034787996774,8.47208750176231,14.157482971279775,16.255034787996774,8.47208750176231,14.157482971279775,16.255034787996774,8.47208750176231,14.157482971279775,16.255034787996774,8.47208750176231,14.157482971279775,16.255034787996774,8.47208750176231,14.157482971279775,16.255034787996774,10.1684735734005,17.611831216251122,20.64225631483726,10.1684735734005,17.611831216251122,20.64225631483726,65.14041195543795,72.4114170774195,74.83484475669997,10.545856940126072,15.557852320273982,16.255034787996774,8.47208750176231,16.559312394428694,19.29562862464513,10.545856940126072,15.723198293860108,17.611831216251122,12,11,12,12,12,7,7,0,5,10,5,WELLS_PRESENT,100.0,EVIDENCE_PRESENT,91.6667,EVIDENCE_PRESENT,100.0,EVIDENCE_PRESENT,100.0,EVIDENCE_PRESENT,100.0,EVIDENCE_PRESENT,58.3333,EVIDENCE_PRESENT,58.3333,EVIDENCE_PRESENT,0.0,NO_EVIDENCE_IN_AUDITED_WELLS,41.6667,EVIDENCE_PRESENT,83.3333,EVIDENCE_PRESENT,41.6667,REVIEW_REQUIRED_PRESENT
PIH-500-0250,500,500.14363497603284,1,EPSG:5880,DESCRIPTIVE_NO_PIH_SCORE,4.215851015569858,4.215851015569858,10.066942923191514,0.797857201847583,,,,1,1.2496410156853246,0.0,,100.0,1,4.998564062741298,0.0,,100.0,1,19.82924269488004,0.0,,100.0,22,NONE,11.346178464843335,17.100403691871175,20.679192081389342,11.346178464843335,17.100403691871175,20.679192081389342,12.394864758810723,17.518133467703404,20.679192081389342,12.394864758810723,17.518133467703404,20.679192081389342,12.394864758810723,17.518133467703404,20.679192081389342,12.394864758810723,17.518133467703404,20.679192081389342,30.922980980715817,37.50433759230834,38.33028393079395,30.922980980715817,37.50433759230834,38.33028393079395,54.8345530522072,62.25363065319963,66.09608380010118,12.394864758810723,18.06537474884529,20.679192081389342,24.73111863675415,32.98569074623689,34.610223600719806,12.66905527403494,19.881141249288486,20.997680976859506,1,1,1,1,1,0,0,0,1,0,0,WELLS_PRESENT,100.0,EVIDENCE_PRESENT,100.0,EVIDENCE_PRESENT,100.0,EVIDENCE_PRESENT,100.0,EVIDENCE_PRESENT,100.0,EVIDENCE_PRESENT,0.0,NO_EVIDENCE_IN_AUDITED_WELLS,0.0,NO_EVIDENCE_IN_AUDITED_WELLS,0.0,NO_EVIDENCE_IN_AUDITED_WELLS,100.0,EVIDENCE_PRESENT,0.0,NO_EVIDENCE_IN_AUDITED_WELLS,0.0,NO_REVIEW_FLAG_IN_AUDITED_WELLS
PIH-500-0251,500,500.1924234851378,2,EPSG:5880,DESCRIPTIVE_NO_PIH_SCORE,4.829365472903889,4.829365472903889,4.9687317631321255,0.3937784396951085,4.829365472903889,4.829365472903889,,2,2.4990382526998456,0.0,1.0,50.0,2,9.996153010799382,0.0,1.0,50.0,1,19.987354490100603,0.5,,100.0,21,NONE,8.037023939495135,11.871098005756092,14.740202636950993,8.037023939495135,11.871098005756092,14.740202636950993,8.037023939495135,11.871098005756092,14.740202636950993,8.037023939495135,11.871098005756092,14.740202636950993,8.037023939495135,11.871098005756092,14.740202636950993,8.037023939495135,12.519830930433935,14.740202636950993,24.98646876192076,33.04876027526514,34.427637138562524,24.98646876192076,33.04876027526514,34.427637138562524,52.170310887764515,61.33838867423112,66.23541800019545,8.037023939495135,11.871098005756092,14.740202636950993,22.114962764622614,30.324096852593257,31.35874957059944,8.037023939495135,12.519830930433935,14.740202636950993,2,2,2,2,2,0,0,0,2,0,2,WELLS_PRESENT,100.0,EVIDENCE_PRESENT,100.0,EVIDENCE_PRESENT,100.0,EVIDENCE_PRESENT,100.0,EVIDENCE_PRESENT,100.0,EVIDENCE_PRESENT,0.0,NO_EVIDENCE_IN_AUDITED_WELLS,0.0,NO_EVIDENCE_IN_AUDITED_WELLS,0.0,NO_EVIDENCE_IN_AUDITED_WELLS,100.0,EVIDENCE_PRESENT,0.0,NO_EVIDENCE_IN_AUDITED_WELLS,100.0,REVIEW_REQUIRED_PRESENT
PIH-500-0252,500,500.24834826642933,29,EPSG:5880,DESCRIPTIVE_NO_PIH_SCORE,0.28818406093019655,2.7401431013560353,4.61130021274415,0.36543109729951595,0.28818406093019655,2.7401431013560353,0.21185894437247602,15,18.74069156347705,0.48275862068965514,0.840512882470094,27.586206896551722,7,33.99426043167209,0.7586206896551724,0.7538286659233459,55.172413793103445,3,58.406924083291344,0.896551724137931,0.677335898284403,72.41379310344827,17,NONE,3.0667283005965573,8.056619398698114,10.685304994772672,3.0667283005965573,8.056619398698114,10.685304994772672,3.0667283005965573,8.056619398698114,10.685304994772672,3.0667283005965573,8.056619398698114,10.685304994772672,3.0667283005965573,8.056619398698114,10.685304994772672,3.0667283005965573,8.945934548145543,12.474519207121896,5.82923725756262,11.939855039980191,15.069896823216505,5.82923725756262,11.939855039980191,15.069896823216505,54.35198188769569,58.56926709391651,60.17430304225459,3.0667283005965573,8.056619398698114,10.685304994772672,5.027243067046075,9.722521204672915,10.685304994772672,5.0702029121108145,8.945934548145543,12.474519207121896,29,29,29,29,27,8,8,0,20,14,16,WELLS_PRESENT,100.0,EVIDENCE_PRESENT,100.0,EVIDENCE_PRESENT,100.0,EVIDENCE_PRESENT,100.0,EVIDENCE_PRESENT,93.1034,EVIDENCE_PRESENT,27.5862,EVIDENCE_PRESENT,27.5862,EVIDENCE_PRESENT,0.0,NO_EVIDENCE_IN_AUDITED_WELLS,68.9655,EVIDENCE_PRESENT,48.2759,EVIDENCE_PRESENT,55.1724,REVIEW_REQUIRED_PRESENT
PIH-500-0253,500,184.2460457123355,0,EPSG:5880,DESCRIPTIVE_NO_PIH_SCORE,,,,,,,,0,0.0,,,,0,0.0,,,,0,0.0,,,,8,NONE,8.91726423047339,13.15363570593775,14.120863664775419,8.91726423047339,13.15363570593775,14.120863664775419,8.91726423047339,13.15363570593775,14.120863664775419,8.91726423047339,13.15363570593775,14.120863664775419,8.91726423047339,13.15363570593775,14.120863664775419,8.91726423047339,13.15363570593775,14.120863664775419,13.575759389868724,17.033363698702253,18.179547105487924,13.575759389868724,17.033363698702253,18.179547105487924,52.425362588078215,57.23574487695266,59.17576328661537,8.91726423047339,13.15363570593775,14.120863664775419,13.542359703922557,16.74817219939023,18.002425724352427,8.91726423047339,13.15363570593775,14.120863664775419,0,0,0,0,0,0,0,0,0,0,0,UNKNOWN_NO_WELLS_IN_DATASET,,UNKNOWN_NO_WELLS_IN_DATASET,,UNKNOWN_NO_WELLS_IN_DATASET,,UNKNOWN_NO_WELLS_IN_DATASET,,UNKNOWN_NO_WELLS_IN_DATASET,,UNKNOWN_NO_WELLS_IN_DATASET,,UNKNOWN_NO_WELLS_IN_DATASET,,UNKNOWN_NO_WELLS_IN_DATASET,,UNKNOWN_NO_WELLS_IN_DATASET,,UNKNOWN_NO_WELLS_IN_DATASET,,UNKNOWN_NO_WELLS_IN_DATASET,,UNKNOWN_NO_WELLS_IN_DATASET
PIH-500-0254,500,6.955398633290923,0,EPSG:5880,DESCRIPTIVE_NO_PIH_SCORE,,,,,,,,0,0.0,,,,0,0.0,,,,0,0.0,,,,0,REPRESENTATIVE_POINT,105.27255017795878,105.27255017795878,105.27255017795878,105.27255017795878,105.27255017795878,105.27255017795878,115.33767423405826,115.33767423405826,115.33767423405826,105.27255017795878,105.27255017795878,105.27255017795878,105.27255017795878,105.27255017795878,105.27255017795878,105.27255017795878,105.27255017795878,105.27255017795878,115.33767423405826,115.33767423405826,115.33767423405826,115.33767423405826,115.33767423405826,115.33767423405826,135.41483793374306,135.41483793374306,135.41483793374306,105.27255017795878,105.27255017795878,105.27255017795878,115.33767423405826,115.33767423405826,115.33767423405826,105.27255017795878,105.27255017795878,105.27255017795878,0,0,0,0,0,0,0,0,0,0,0,UNKNOWN_NO_WELLS_IN_DATASET,,UNKNOWN_NO_WELLS_IN_DATASET,,UNKNOWN_NO_WELLS_IN_DATASET,,UNKNOWN_NO_WELLS_IN_DATASET,,UNKNOWN_NO_WELLS_IN_DATASET,,UNKNOWN_NO_WELLS_IN_DATASET,,UNKNOWN_NO_WELLS_IN_DATASET,,UNKNOWN_NO_WELLS_IN_DATASET,,UNKNOWN_NO_WELLS_IN_DATASET,,UNKNOWN_NO_WELLS_IN_DATASET,,UNKNOWN_NO_WELLS_IN_DATASET,,UNKNOWN_NO_WELLS_IN_DATASET
PIH-500-0255,500,486.5404368222852,0,EPSG:5880,DESCRIPTIVE_NO_PIH_SCORE,,,,,,,,0,0.0,,,,0,0.0,,,,0,0.0,,,,20,NONE,92.27429150241215,100.4098158800314,102.54609468711648,92.27429150241215,100.4098158800314,102.54609468711648,102.4726798924637,109.55487852700071,111.32817201326176,92.27429150241215,100.4098158800314,102.54609468711648,92.27429150241215,100.4098158800314,102.54609468711648,92.27429150241215,100.4098158800314,102.54609468711648,102.4726798924637,111.48037522217719,114.02384806740677,102.4726798924637,111.48037522217719,114.02384806740677,122.59150827971865,131.39964164575832,133.59311333950578,92.27429150241215,100.4098158800314,102.54609468711648,102.4726798924637,109.55487852700071,111.32817201326176,92.27429150241215,100.4098158800314,102.54609468711648,0,0,0,0,0,0,0,0,0,0,0,UNKNOWN_NO_WELLS_IN_DATASET,,UNKNOWN_NO_WELLS_IN_DATASET,,UNKNOWN_NO_WELLS_IN_DATASET,,UNKNOWN_NO_WELLS_IN_DATASET,,UNKNOWN_NO_WELLS_IN_DATASET,,UNKNOWN_NO_WELLS_IN_DATASET,,UNKNOWN_NO_WELLS_IN_DATASET,,UNKNOWN_NO_WELLS_IN_DATASET,,UNKNOWN_NO_WELLS_IN_DATASET,,UNKNOWN_NO_WELLS_IN_DATASET,,UNKNOWN_NO_WELLS_IN_DATASET,,UNKNOWN_NO_WELLS_IN_DATASET
PIH-500-0256,500,500.82029763598285,0,EPSG:5880,DESCRIPTIVE_NO_PIH_SCORE,,,,,,,,0,0.0,,,,0,0.0,,,,0,0.0,,,,21,NONE,69.49092030831636,76.1131220499256,78.76397209170665,69.49092030831636,76.1131220499256,78.76397209170665,83.5328919577605,89.29271201947269,94.21815521658151,69.49092030831636,76.1131220499256,78.76397209170665,69.49092030831636,76.1131220499256,78.76397209170665,69.49092030831636,76.1131220499256,78.76397209170665,83.5328919577605,89.29271201947269,94.21815521658151,83.5328919577605,89.29271201947269,94.21815521658151,100.86612252835886,109.30889939644763,111.96413666147755,69.49092030831636,76.1131220499256,78.76397209170665,83.5328919577605,89.29271201947269,94.21815521658151,69.49092030831636,76.1131220499256,78.76397209170665,0,0,0,0,0,0,0,0,0,0,0,UNKNOWN_NO_WELLS_IN_DATASET,,UNKNOWN_NO_WELLS_IN_DATASET,,UNKNOWN_NO_WELLS_IN_DATASET,,UNKNOWN_NO_WELLS_IN_DATASET,,UNKNOWN_NO_WELLS_IN_DATASET,,UNKNOWN_NO_WELLS_IN_DATASET,,UNKNOWN_NO_WELLS_IN_DATASET,,UNKNOWN_NO_WELLS_IN_DATASET,,UNKNOWN_NO_WELLS_IN_DATASET,,UNKNOWN_NO_WELLS_IN_DATASET,,UNKNOWN_NO_WELLS_IN_DATASET,,UNKNOWN_NO_WELLS_IN_DATASET
PIH-500-0257,500,500.71567296451434,0,EPSG:5880,DESCRIPTIVE_NO_PIH_SCORE,,,,,,,,0,0.0,,,,0,0.0,,,,0,0.0,,,,18,NONE,47.395827833628935,54.01136073437354,56.05198536847043,47.395827833628935,54.01136073437354,56.05198536847043,61.42440215932656,69.30032304355203,69.63498959044843,47.395827833628935,54.01136073437354,56.05198536847043,47.395827833628935,54.01136073437354,56.05198536847043,47.395827833628935,54.01136073437354,56.05198536847043,61.42440215932656,69.30032304355203,69.63498959044843,61.42440215932656,69.30032304355203,69.63498959044843,82.30788584696,88.27427638074622,92.05876310790845,47.395827833628935,54.01136073437354,56.05198536847043,61.42440215932656,69.30032304355203,69.63498959044843,47.395827833628935,54.01136073437354,56.05198536847043,0,0,0,0,0,0,0,0,0,0,0,UNKNOWN_NO_WELLS_IN_DATASET,,UNKNOWN_NO_WELLS_IN_DATASET,,UNKNOWN_NO_WELLS_IN_DATASET,,UNKNOWN_NO_WELLS_IN_DATASET,,UNKNOWN_NO_WELLS_IN_DATASET,,UNKNOWN_NO_WELLS_IN_DATASET,,UNKNOWN_NO_WELLS_IN_DATASET,,UNKNOWN_NO_WELLS_IN_DATASET,,UNKNOWN_NO_WELLS_IN_DATASET,,UNKNOWN_NO_WELLS_IN_DATASET,,UNKNOWN_NO_WELLS_IN_DATASET,,UNKNOWN_NO_WELLS_IN_DATASET
PIH-500-0258,500,500.6181921589128,0,EPSG:5880,DESCRIPTIVE_NO_PIH_SCORE,,,,,,,,0,0.0,,,,0,0.0,,,,0,0.0,,,,21,NONE,29.422227735866855,36.61205784038341,39.903314085605594,29.422227735866855,36.61205784038341,39.903314085605594,39.396794024359444,49.224870096940165,50.46401027691341,29.422227735866855,36.61205784038341,39.903314085605594,29.422227735866855,36.61205784038341,39.903314085605594,29.422227735866855,36.61205784038341,39.903314085605594,39.396794024359444,49.224870096940165,50.46401027691341,39.396794024359444,49.224870096940165,50.46401027691341,63.02249921609272,70.71654273272817,73.4334907793525,29.422227735866855,36.61205784038341,39.903314085605594,39.396794024359444,49.224870096940165,50.46401027691341,29.422227735866855,36.61205784038341,39.903314085605594,0,0,0,0,0,0,0,0,0,0,0,UNKNOWN_NO_WELLS_IN_DATASET,,UNKNOWN_NO_WELLS_IN_DATASET,,UNKNOWN_NO_WELLS_IN_DATASET,,UNKNOWN_NO_WELLS_IN_DATASET,,UNKNOWN_NO_WELLS_IN_DATASET,,UNKNOWN_NO_WELLS_IN_DATASET,,UNKNOWN_NO_WELLS_IN_DATASET,,UNKNOWN_NO_WELLS_IN_DATASET,,UNKNOWN_NO_WELLS_IN_DATASET,,UNKNOWN_NO_WELLS_IN_DATASET,,UNKNOWN_NO_WELLS_IN_DATASET,,UNKNOWN_NO_WELLS_IN_DATASET
PIH-500-0259,500,500.5278533638788,0,EPSG:5880,DESCRIPTIVE_NO_PIH_SCORE,,,,,,,,0,0.0,,,,0,0.0,,,,0,0.0,,,,20,NONE,14.599505468714373,20.46027732380654,24.23937531916395,14.599505468714373,20.46027732380654,24.23937531916395,18.347096239517747,25.153210530598564,26.666004819452862,14.599505468714373,20.46027732380654,24.23937531916395,19.027960000023388,25.164863680154692,27.934499084439864,19.027960000023388,25.164863680154692,27.934499084439864,18.347096239517747,25.153210530598564,26.666004819452862,18.347096239517747,25.153210530598564,26.666004819452862,39.50052979567861,48.14547123996717,49.732058548673976,19.027960000023388,25.164863680154692,27.934499084439864,18.347096239517747,25.153210530598564,26.666004819452862,14.599505468714373,20.46027732380654,24.23937531916395,0,0,0,0,0,0,0,0,0,0,0,UNKNOWN_NO_WELLS_IN_DATASET,,UNKNOWN_NO_WELLS_IN_DATASET,,UNKNOWN_NO_WELLS_IN_DATASET,,UNKNOWN_NO_WELLS_IN_DATASET,,UNKNOWN_NO_WELLS_IN_DATASET,,UNKNOWN_NO_WELLS_IN_DATASET,,UNKNOWN_NO_WELLS_IN_DATASET,,UNKNOWN_NO_WELLS_IN_DATASET,,UNKNOWN_NO_WELLS_IN_DATASET,,UNKNOWN_NO_WELLS_IN_DATASET,,UNKNOWN_NO_WELLS_IN_DATASET,,UNKNOWN_NO_WELLS_IN_DATASET
PIH-500-0260,500,500.4446548723061,46,EPSG:5880,DESCRIPTIVE_NO_PIH_SCORE,0.10148040127021105,3.3730630202249716,10.157482808601884,0.80479080317953,0.10148040127021105,3.3730630202249716,0.5318165788442376,11,10.779319022996663,0.7608695652173914,0.6161504935589032,58.69565217391305,8,31.49611560162391,0.8260869565217391,0.43454021686014027,78.26086956521739,6,73.26011744185756,0.8695652173913043,0.41817472301269565,80.43478260869566,21,NONE,4.310035697826954,9.850666810351274,11.20425333673528,4.673661222723669,10.899220248969295,15.893719379604805,6.877729048694255,12.818234990106394,16.19566427836901,6.306785806280225,15.237251267397534,19.632639346100564,9.301013154385359,15.237251267397534,19.632639346100564,9.301013154385359,15.237251267397534,19.632639346100564,8.465396636329663,16.912328923046935,21.39943649098396,8.465396636329663,16.912328923046935,21.39943649098396,18.407511505582384,26.432495407082904,29.224608242647562,5.914024717014569,10.899220248969295,15.893719379604805,8.465396636329663,16.912328923046935,21.39943649098396,4.749319413833894,9.850666810351274,11.20425333673528,44,37,38,37,37,32,32,0,10,32,13,WELLS_PRESENT,95.6522,EVIDENCE_PRESENT,80.4348,EVIDENCE_PRESENT,82.6087,EVIDENCE_PRESENT,80.4348,EVIDENCE_PRESENT,80.4348,EVIDENCE_PRESENT,69.5652,EVIDENCE_PRESENT,69.5652,EVIDENCE_PRESENT,0.0,NO_EVIDENCE_IN_AUDITED_WELLS,21.7391,EVIDENCE_PRESENT,69.5652,EVIDENCE_PRESENT,28.2609,REVIEW_REQUIRED_PRESENT
PIH-500-0261,500,500.36859512508477,8,EPSG:5880,DESCRIPTIVE_NO_PIH_SCORE,0.4473790000837323,2.348142664920011,11.7134481327378,0.9281425288864972,0.4473790000837323,2.419126190853139,0.025700010741773163,4,3.7421029589993577,0.5,0.9056390622295664,37.5,4,13.180302324442843,0.5,0.9056390622295664,37.5,2,18.075061974689437,0.75,0.5435644431995964,87.5,21,NONE,9.760037910091697,14.83309202772614,16.294026163509276,9.760037910091697,14.83309202772614,16.294026163509276,11.514033235253235,16.196965152077873,16.508792200924105,11.03268648839966,14.83309202772614,16.821089872591678,11.03268648839966,14.83309202772614,16.821089872591678,11.03268648839966,14.83309202772614,16.821089872591678,12.44582197665479,21.505987039056567,22.63480085503872,12.44582197665479,21.505987039056567,22.63480085503872,17.27754762675205,23.43062949809063,25.58115150198598,11.03268648839966,15.138579611146035,18.5876900851564,12.166877385450059,16.294026163509276,16.821089872591678,11.03268648839966,15.138579611146035,17.097289658744764,8,7,8,8,8,7,7,0,1,7,1,WELLS_PRESENT,100.0,EVIDENCE_PRESENT,87.5,EVIDENCE_PRESENT,100.0,EVIDENCE_PRESENT,100.0,EVIDENCE_PRESENT,100.0,EVIDENCE_PRESENT,87.5,EVIDENCE_PRESENT,87.5,EVIDENCE_PRESENT,0.0,NO_EVIDENCE_IN_AUDITED_WELLS,12.5,EVIDENCE_PRESENT,87.5,EVIDENCE_PRESENT,12.5,REVIEW_REQUIRED_PRESENT
PIH-500-0262,500,500.2996727112793,1,EPSG:5880,DESCRIPTIVE_NO_PIH_SCORE,14.698758283342984,14.698758283342984,8.086867875481445,0.6408260747389668,,,,1,1.2492512669715152,0.0,,100.0,1,4.997005067886061,0.0,,100.0,1,18.828735487377397,0.0,,100.0,18,NONE,10.10093774615976,15.356009043558569,17.141305533318302,11.233355713467006,15.356009043558569,17.141305533318302,11.233355713467006,15.356009043558569,18.923970424301046,11.233355713467006,15.356009043558569,17.26232453972373,11.233355713467006,15.356009043558569,17.26232453972373,11.233355713467006,15.356009043558569,17.26232453972373,24.29220440564245,26.779145361128865,27.568009325986072,24.29220440564245,26.779145361128865,27.568009325986072,36.90079518089726,43.13495151449798,45.7177816437292,11.233355713467006,17.478343982597373,19.939518954654268,11.233355713467006,15.356009043558569,18.923970424301046,10.10093774615976,15.356009043558569,17.141305533318302,1,1,1,1,1,0,0,0,1,1,1,WELLS_PRESENT,100.0,EVIDENCE_PRESENT,100.0,EVIDENCE_PRESENT,100.0,EVIDENCE_PRESENT,100.0,EVIDENCE_PRESENT,100.0,EVIDENCE_PRESENT,0.0,NO_EVIDENCE_IN_AUDITED_WELLS,0.0,NO_EVIDENCE_IN_AUDITED_WELLS,0.0,NO_EVIDENCE_IN_AUDITED_WELLS,100.0,EVIDENCE_PRESENT,100.0,EVIDENCE_PRESENT,100.0,REVIEW_REQUIRED_PRESENT
PIH-500-0263,500,500.2378863679898,5,EPSG:5880,DESCRIPTIVE_NO_PIH_SCORE,1.631690526723013,8.307026271726777,9.85127863847954,0.7806911371894037,1.631690526723013,8.307026271726777,0.04151937812994466,5,3.888120116389985,0.0,1.0000000000000002,20.0,4,12.059103731254668,0.19999999999999996,0.9609640474436812,40.0,4,26.4320013226584,0.19999999999999996,0.9609640474436812,40.0,20,NONE,6.660358398022671,10.886216699140745,11.840649755851752,12.742578111245454,17.898618017569056,21.476598866845528,12.742578111245454,18.055175097893805,21.476598866845528,12.742578111245454,17.898618017569056,21.476598866845528,12.742578111245454,17.898618017569056,21.476598866845528,12.742578111245454,17.898618017569056,21.476598866845528,12.793437879339049,19.340773220891165,21.877545257123042,12.793437879339049,19.340773220891165,21.877545257123042,58.02626537272512,67.56625441136282,69.39390985079618,13.396330229939828,18.058192088679654,21.476598866845528,12.793437879339049,18.060875493564897,21.476598866845528,6.730525451014225,10.886216699140745,11.840649755851752,4,3,4,4,4,2,2,0,2,2,2,WELLS_PRESENT,80.0,EVIDENCE_PRESENT,60.0,EVIDENCE_PRESENT,80.0,EVIDENCE_PRESENT,80.0,EVIDENCE_PRESENT,80.0,EVIDENCE_PRESENT,40.0,EVIDENCE_PRESENT,40.0,EVIDENCE_PRESENT,0.0,NO_EVIDENCE_IN_AUDITED_WELLS,40.0,EVIDENCE_PRESENT,40.0,EVIDENCE_PRESENT,40.0,REVIEW_REQUIRED_PRESENT
PIH-500-0264,500,500.1832349805605,1,EPSG:5880,DESCRIPTIVE_NO_PIH_SCORE,22.18694938466547,22.18694938466547,11.626687535106942,0.92143853746584,,,,1,1.1986151545005133,0.0,,100.0,1,4.900301514603429,0.0,,100.0,1,17.476738180431045,0.0,,100.0,21,NONE,7.51225839896078,11.547057225955596,13.250724280945185,12.182204921506909,15.970528895995676,16.33028187081803,12.182204921506909,15.970528895995676,16.33028187081803,12.182204921506909,15.970528895995676,16.33028187081803,12.182204921506909,15.970528895995676,16.33028187081803,12.182204921506909,15.970528895995676,16.33028187081803,12.182204921506909,15.970528895995676,16.502560515059344,12.182204921506909,15.970528895995676,16.502560515059344,74.22716927009931,83.21009247344814,85.1830683730354,21.0439937053079,24.6100019502546,28.151526328533834,11.081035393405402,14.378874132902615,15.970528895995676,11.547057225955596,19.350120200851364,23.192996838137454,1,1,1,1,1,1,1,0,0,1,0,WELLS_PRESENT,100.0,EVIDENCE_PRESENT,100.0,EVIDENCE_PRESENT,100.0,EVIDENCE_PRESENT,100.0,EVIDENCE_PRESENT,100.0,EVIDENCE_PRESENT,100.0,EVIDENCE_PRESENT,100.0,EVIDENCE_PRESENT,0.0,NO_EVIDENCE_IN_AUDITED_WELLS,0.0,NO_EVIDENCE_IN_AUDITED_WELLS,100.0,EVIDENCE_PRESENT,0.0,NO_REVIEW_FLAG_IN_AUDITED_WELLS
PIH-500-0265,500,500.1357175823147,1,EPSG:5880,DESCRIPTIVE_NO_PIH_SCORE,9.931058305254194,9.931058305254194,9.80576164598663,0.7771633885273996,,,,1,1.2496607981155325,0.0,,100.0,1,3.929521184747078,0.0,,100.0,1,5.9379642490267805,0.0,,100.0,21,NONE,8.390429354130818,12.071864431175367,15.340746668236307,8.472051570375308,12.489961922683209,15.340746668236307,9.451104768752266,12.946310523347298,15.340746668236307,8.472051570375308,12.489961922683209,15.340746668236307,8.472051570375308,12.489961922683209,15.340746668236307,8.472051570375308,12.489961922683209,15.340746668236307,15.995699706196064,24.37453306249514,27.175966677474683,15.995699706196064,24.37453306249514,27.175966677474683,74.91823720871693,82.48253117504659,82.96274108685944,9.6155659544742,19.31884639973369,20.72412316037343,14.549598132309912,19.47251032667143,23.959429117896647,12.071864431175367,18.235550101187943,19.86251181455279,1,1,1,1,1,0,0,0,1,0,0,WELLS_PRESENT,100.0,EVIDENCE_PRESENT,100.0,EVIDENCE_PRESENT,100.0,EVIDENCE_PRESENT,100.0,EVIDENCE_PRESENT,100.0,EVIDENCE_PRESENT,0.0,NO_EVIDENCE_IN_AUDITED_WELLS,0.0,NO_EVIDENCE_IN_AUDITED_WELLS,0.0,NO_EVIDENCE_IN_AUDITED_WELLS,100.0,EVIDENCE_PRESENT,0.0,NO_EVIDENCE_IN_AUDITED_WELLS,0.0,NO_REVIEW_FLAG_IN_AUDITED_WELLS
PIH-500-0266,500,500.0953333548385,15,EPSG:5880,DESCRIPTIVE_NO_PIH_SCORE,0.6738823318181203,1.5031737223226527,3.2378686962263563,0.2566302035441754,0.6738823318181203,1.5031737223226527,0.2665784067464586,7,8.069613357950809,0.5333333333333333,0.9259895178272454,33.33333333333333,5,22.25297363142225,0.6666666666666667,0.9613833012053532,33.33333333333333,3,48.54297390281901,0.8,0.8830374409547586,53.333333333333336,21,NONE,4.51930420186574,7.2281713833175605,10.872373203525267,5.264955569680466,7.2281713833175605,10.889599239554602,5.264955569680466,8.575989497149246,10.889599239554602,5.264955569680466,7.2281713833175605,10.889599239554602,5.264955569680466,7.2281713833175605,10.889599239554602,5.264955569680466,7.2281713833175605,10.889599239554602,23.81134278763362,29.357271913220053,31.721675823122663,23.81134278763362,29.357271913220053,31.721675823122663,75.01071441889785,78.0524869947417,79.87038845794775,5.264955569680466,7.2281713833175605,10.902307743090809,19.233458393667384,25.37805415203336,28.633806920349187,5.888465753917164,7.42949592491579,10.872373203525267,11,10,11,11,11,0,0,0,7,0,11,WELLS_PRESENT,73.3333,EVIDENCE_PRESENT,66.6667,EVIDENCE_PRESENT,73.3333,EVIDENCE_PRESENT,73.3333,EVIDENCE_PRESENT,73.3333,EVIDENCE_PRESENT,0.0,NO_EVIDENCE_IN_AUDITED_WELLS,0.0,NO_EVIDENCE_IN_AUDITED_WELLS,0.0,NO_EVIDENCE_IN_AUDITED_WELLS,46.6667,EVIDENCE_PRESENT,0.0,NO_EVIDENCE_IN_AUDITED_WELLS,73.3333,REVIEW_REQUIRED_PRESENT
PIH-500-0267,500,500.0620816277812,29,EPSG:5880,DESCRIPTIVE_NO_PIH_SCORE,0.3306423383924397,2.198717829535092,3.7338020198207413,0.2959472170655412,0.3306423383924397,2.198717829535092,0.24913830689975128,15,17.60896697954894,0.48275862068965514,0.9149366808862925,17.24137931034483,10,41.90199910628853,0.6551724137931034,0.9057452371540298,24.137931034482758,7,84.7529801588618,0.7586206896551724,0.8455910149897033,41.37931034482759,18,NONE,2.8261711805148026,5.152906980626879,6.9786406729405215,3.512028503928023,5.497489032414995,6.9786406729405215,3.512028503928023,5.497489032414995,6.9786406729405215,3.512028503928023,5.497489032414995,6.9786406729405215,3.512028503928023,5.497489032414995,6.9786406729405215,3.512028503928023,5.497489032414995,6.9786406729405215,7.614807663458332,9.278602925842698,11.49189353055232,7.614807663458332,9.278602925842698,11.49189353055232,65.53154037847301,74.31804082455994,76.37896457816737,3.512028503928023,5.599069285356203,6.9786406729405215,6.673783536082204,9.03236448968071,9.827641260138638,3.6637979011037496,6.725203998979616,8.80131129262459,26,25,24,24,24,2,2,0,20,5,6,WELLS_PRESENT,89.6552,EVIDENCE_PRESENT,86.2069,EVIDENCE_PRESENT,82.7586,EVIDENCE_PRESENT,82.7586,EVIDENCE_PRESENT,82.7586,EVIDENCE_PRESENT,6.8966,EVIDENCE_PRESENT,6.8966,EVIDENCE_PRESENT,0.0,NO_EVIDENCE_IN_AUDITED_WELLS,68.9655,EVIDENCE_PRESENT,17.2414,EVIDENCE_PRESENT,20.6897,REVIEW_REQUIRED_PRESENT
PIH-500-0268,500,500.035961879007,6,EPSG:5880,DESCRIPTIVE_NO_PIH_SCORE,2.19252213716012,5.154987784523536,4.117063553502873,0.3263336719905159,2.19252213716012,5.154987784523536,0.056353701363002655,5,6.089912864704437,0.16666666666666663,0.9697238998682473,33.33333333333333,5,21.363622408965767,0.16666666666666663,0.9697238998682473,33.33333333333333,4,58.82280938901737,0.33333333333333337,0.9591479170272447,33.33333333333333,21,NONE,5.081055369361647,8.35133595956061,10.415510749362129,6.912092356704435,10.510488867195722,11.749775962799594,6.912092356704435,10.510488867195722,12.798405960515433,6.912092356704435,10.510488867195722,12.798405960515433,6.912092356704435,10.510488867195722,12.798405960515433,7.006281118986265,10.51303337904287,13.916671956172822,17.84969478626853,21.295853998675703,22.607552909556762,17.84969478626853,21.295853998675703,22.607552909556762,59.11874539982295,65.29826605976669,69.48755497025024,6.912092356704435,10.510488867195722,12.798405960515433,17.84969478626853,21.295853998675703,22.607552909556762,5.081055369361647,8.665869467194089,10.415510749362129,3,3,3,3,3,0,0,0,3,0,3,WELLS_PRESENT,50.0,EVIDENCE_PRESENT,50.0,EVIDENCE_PRESENT,50.0,EVIDENCE_PRESENT,50.0,EVIDENCE_PRESENT,50.0,EVIDENCE_PRESENT,0.0,NO_EVIDENCE_IN_AUDITED_WELLS,0.0,NO_EVIDENCE_IN_AUDITED_WELLS,0.0,NO_EVIDENCE_IN_AUDITED_WELLS,50.0,EVIDENCE_PRESENT,0.0,NO_EVIDENCE_IN_AUDITED_WELLS,50.0,REVIEW_REQUIRED_PRESENT
PIH-500-0269,500,500.0169737344974,9,EPSG:5880,DESCRIPTIVE_NO_PIH_SCORE,1.3833008563967588,5.025654471684535,4.82011503841014,0.3820673851313251,4.383426809267946,6.430366084664242,0.3197534095368796,8,7.34147261410268,0.11111111111111116,0.9825675930733636,22.22222222222222,7,28.451071083782654,0.2222222222222222,0.9708357627258161,22.22222222222222,5,53.83738362928524,0.4444444444444444,0.946265187221801,33.33333333333333,22,NONE,4.398656149766822,10.508368637894664,12.031107574047953,10.17603359441425,15.730608026429456,18.187677764415803,11.055597092973827,15.730608026429456,18.187677764415803,11.055597092973827,15.730608026429456,18.187677764415803,11.055597092973827,15.730608026429456,18.187677764415803,11.055597092973827,15.954293552975443,18.187677764415803,11.055597092973827,17.748526365254886,20.079336304166876,11.055597092973827,17.748526365254886,20.079336304166876,59.9440402279935,67.72336474500122,71.22706200212217,11.750169654360064,16.883829367103196,19.06611258635358,11.055597092973827,17.748526365254886,20.079336304166876,4.774192233844292,11.056119965244243,12.892572292860548,4,2,3,3,3,1,1,0,2,2,7,WELLS_PRESENT,44.4444,EVIDENCE_PRESENT,22.2222,EVIDENCE_PRESENT,33.3333,EVIDENCE_PRESENT,33.3333,EVIDENCE_PRESENT,33.3333,EVIDENCE_PRESENT,11.1111,EVIDENCE_PRESENT,11.1111,EVIDENCE_PRESENT,0.0,NO_EVIDENCE_IN_AUDITED_WELLS,22.2222,EVIDENCE_PRESENT,22.2222,EVIDENCE_PRESENT,77.7778,REVIEW_REQUIRED_PRESENT
PIH-500-0270,500,500.0051169684313,0,EPSG:5880,DESCRIPTIVE_NO_PIH_SCORE,,,,,,,,0,0.0,,,,0,0.0,,,,0,0.0,,,,22,NONE,12.790962953381825,17.23504883719061,19.15844014112939,16.697040257970706,22.10825546003827,23.434118342427222,16.697040257970706,22.820570185093153,25.306620873969365,16.697040257970706,22.10825546003827,23.434118342427222,16.697040257970706,22.10825546003827,23.434118342427222,20.384870049762476,25.56144253169791,29.450396818049402,26.4875617314707,35.59451993447464,38.235594798418575,26.4875617314707,35.59451993447464,38.235594798418575,68.85832864319083,77.35966229345004,80.1175654461164,25.235300297207353,34.01129766910976,36.83678655429461,20.492631033888326,27.504588782938015,30.7916449177805,13.170606340374968,17.263602881820262,19.15844014112939,0,0,0,0,0,0,0,0,0,0,0,UNKNOWN_NO_WELLS_IN_DATASET,,UNKNOWN_NO_WELLS_IN_DATASET,,UNKNOWN_NO_WELLS_IN_DATASET,,UNKNOWN_NO_WELLS_IN_DATASET,,UNKNOWN_NO_WELLS_IN_DATASET,,UNKNOWN_NO_WELLS_IN_DATASET,,UNKNOWN_NO_WELLS_IN_DATASET,,UNKNOWN_NO_WELLS_IN_DATASET,,UNKNOWN_NO_WELLS_IN_DATASET,,UNKNOWN_NO_WELLS_IN_DATASET,,UNKNOWN_NO_WELLS_IN_DATASET,,UNKNOWN_NO_WELLS_IN_DATASET
PIH-500-0271,500,500.00039150309703,1,EPSG:5880,DESCRIPTIVE_NO_PIH_SCORE,21.073039500970374,21.073039500970374,10.139954532445527,0.8037588572244827,,,,1,1.2499990212430236,0.0,,100.0,1,4.751575992937285,0.0,,100.0,1,14.67112969810071,0.0,,100.0,20,NONE,10.923433641385614,18.94093206662875,21.55246632216231,12.151413781440327,18.94093206662875,21.568402771099528,29.54097864254922,33.35552697794221,34.246572439362566,12.151413781440327,18.94093206662875,21.568402771099528,12.151413781440327,18.94093206662875,21.568402771099528,12.151413781440327,18.94093206662875,21.568402771099528,43.49289796991985,47.78990759361332,48.42688129963877,43.49289796991985,47.78990759361332,48.42688129963877,81.83965526539797,91.12460854967406,92.22543195167508,34.33511600231714,38.97830022652016,41.29972103517762,34.2469653619911,38.32000505819323,42.43229069674616,10.923433641385614,18.94093206662875,21.55246632216231,1,0,1,1,1,0,0,0,0,0,1,WELLS_PRESENT,100.0,EVIDENCE_PRESENT,0.0,NO_EVIDENCE_IN_AUDITED_WELLS,100.0,EVIDENCE_PRESENT,100.0,EVIDENCE_PRESENT,100.0,EVIDENCE_PRESENT,0.0,NO_EVIDENCE_IN_AUDITED_WELLS,0.0,NO_EVIDENCE_IN_AUDITED_WELLS,0.0,NO_EVIDENCE_IN_AUDITED_WELLS,0.0,NO_EVIDENCE_IN_AUDITED_WELLS,0.0,NO_EVIDENCE_IN_AUDITED_WELLS,100.0,REVIEW_REQUIRED_PRESENT
PIH-500-0272,500,500.0027974088928,2,EPSG:5880,DESCRIPTIVE_NO_PIH_SCORE,5.278475183137697,7.150150220888324,6.424469701959467,0.5092440982863976,19.93320430508001,19.93320430508001,,2,2.4998932977970885,0.0,1.0,50.0,2,6.893910916537586,0.0,1.0,50.0,2,22.083822202957638,0.0,1.0,50.0,17,NONE,8.777511901451831,11.925054059238834,12.609870632344961,15.631629182544263,18.64614348627026,20.70474911391134,20.47705717108182,24.277612769503392,25.061389009946776,15.631629182544263,18.64614348627026,20.70474911391134,15.631629182544263,18.64614348627026,20.70474911391134,15.631629182544263,18.64614348627026,20.70474911391134,27.58968722394997,32.93946757646213,34.36405556599543,27.58968722394997,32.93946757646213,34.36405556599543,99.14348818577577,107.21849074279196,109.2640951421615,21.806817417538795,28.505682753011275,30.743757042977776,23.767218761089516,30.93491515737563,32.824426022979836,8.777511901451831,11.925054059238834,12.609870632344961,0,0,0,0,0,0,0,0,0,0,2,WELLS_PRESENT,0.0,NO_EVIDENCE_IN_AUDITED_WELLS,0.0,NO_EVIDENCE_IN_AUDITED_WELLS,0.0,NO_EVIDENCE_IN_AUDITED_WELLS,0.0,NO_EVIDENCE_IN_AUDITED_WELLS,0.0,NO_EVIDENCE_IN_AUDITED_WELLS,0.0,NO_EVIDENCE_IN_AUDITED_WELLS,0.0,NO_EVIDENCE_IN_AUDITED_WELLS,0.0,NO_EVIDENCE_IN_AUDITED_WELLS,0.0,NO_EVIDENCE_IN_AUDITED_WELLS,0.0,NO_EVIDENCE_IN_AUDITED_WELLS,100.0,REVIEW_REQUIRED_PRESENT
PIH-500-0273,500,500.0123349045025,3,EPSG:5880,DESCRIPTIVE_NO_PIH_SCORE,3.2556567702015355,3.2556567702015355,2.26467919268427,0.1795110830553077,3.2556567702015355,13.680993475315688,0.020166521411725213,3,2.639239098929844,0.0,0.9999999999999998,33.33333333333333,2,6.549600664329544,0.33333333333333337,0.9182958340544894,66.66666666666666,2,34.034043883851794,0.33333333333333337,0.9182958340544894,66.66666666666666,20,NONE,6.570808564473609,10.20024193948117,12.643610334410992,8.356424539010472,13.372059692424886,16.15446524026053,10.383135020609123,16.10192687828104,17.819774752691874,8.356424539010472,13.372059692424886,16.15446524026053,8.356424539010472,13.372059692424886,16.15446524026053,8.356424539010472,13.372059692424886,16.15446524026053,8.356424539010472,13.372059692424886,16.15446524026053,8.356424539010472,13.372059692424886,16.15446524026053,99.73600858432167,109.77383454129611,110.15919693850931,10.383135020609123,16.10192687828104,17.819774752691874,8.356424539010472,13.372059692424886,16.15446524026053,6.570808564473609,10.20024193948117,12.643610334410992,2,1,2,2,2,2,2,0,1,2,3,WELLS_PRESENT,66.6667,EVIDENCE_PRESENT,33.3333,EVIDENCE_PRESENT,66.6667,EVIDENCE_PRESENT,66.6667,EVIDENCE_PRESENT,66.6667,EVIDENCE_PRESENT,66.6667,EVIDENCE_PRESENT,66.6667,EVIDENCE_PRESENT,0.0,NO_EVIDENCE_IN_AUDITED_WELLS,33.3333,EVIDENCE_PRESENT,66.6667,EVIDENCE_PRESENT,100.0,REVIEW_REQUIRED_PRESENT
PIH-500-0274,500,500.0290043566443,0,EPSG:5880,DESCRIPTIVE_NO_PIH_SCORE,,,,,,,,0,0.0,,,,0,0.0,,,,0,0.0,,,,22,NONE,12.773811199370392,17.983059170966797,20.944443262990706,12.773811199370392,17.983059170966797,20.944443262990706,12.773811199370392,17.983059170966797,20.944443262990706,12.773811199370392,17.983059170966797,20.944443262990706,12.773811199370392,17.983059170966797,20.944443262990706,12.773811199370392,17.983059170966797,20.944443262990706,20.722451337701102,29.463615334162405,31.62780582315521,20.722451337701102,29.463615334162405,31.62780582315521,85.0792211326447,93.07825046598713,96.19332207122632,12.773811199370392,17.983059170966797,20.944443262990706,20.722451337701102,29.463615334162405,31.62780582315521,12.773811199370392,17.983059170966797,20.944443262990706,0,0,0,0,0,0,0,0,0,0,0,UNKNOWN_NO_WELLS_IN_DATASET,,UNKNOWN_NO_WELLS_IN_DATASET,,UNKNOWN_NO_WELLS_IN_DATASET,,UNKNOWN_NO_WELLS_IN_DATASET,,UNKNOWN_NO_WELLS_IN_DATASET,,UNKNOWN_NO_WELLS_IN_DATASET,,UNKNOWN_NO_WELLS_IN_DATASET,,UNKNOWN_NO_WELLS_IN_DATASET,,UNKNOWN_NO_WELLS_IN_DATASET,,UNKNOWN_NO_WELLS_IN_DATASET,,UNKNOWN_NO_WELLS_IN_DATASET,,UNKNOWN_NO_WELLS_IN_DATASET
PIH-500-0275,500,500.05280628025156,0,EPSG:5880,DESCRIPTIVE_NO_PIH_SCORE,,,,,,,,0,0.0,,,,0,0.0,,,,0,0.0,,,,22,NONE,15.072223128554564,22.214416824862564,25.21491958324502,15.072223128554564,22.214416824862564,25.21491958324502,15.072223128554564,22.214416824862564,25.21491958324502,15.072223128554564,22.214416824862564,25.21491958324502,15.072223128554564,22.214416824862564,25.21491958324502,15.072223128554564,22.214416824862564,25.21491958324502,36.87336281381156,41.31399402435227,45.045831355358764,36.87336281381156,41.31399402435227,45.045831355358764,72.41936488852375,80.81001437739322,84.03124781368086,15.072223128554564,22.214416824862564,25.21491958324502,36.87336281381156,41.31399402435227,45.045831355358764,18.123725396943144,26.030015524273704,28.92501499631019,0,0,0,0,0,0,0,0,0,0,0,UNKNOWN_NO_WELLS_IN_DATASET,,UNKNOWN_NO_WELLS_IN_DATASET,,UNKNOWN_NO_WELLS_IN_DATASET,,UNKNOWN_NO_WELLS_IN_DATASET,,UNKNOWN_NO_WELLS_IN_DATASET,,UNKNOWN_NO_WELLS_IN_DATASET,,UNKNOWN_NO_WELLS_IN_DATASET,,UNKNOWN_NO_WELLS_IN_DATASET,,UNKNOWN_NO_WELLS_IN_DATASET,,UNKNOWN_NO_WELLS_IN_DATASET,,UNKNOWN_NO_WELLS_IN_DATASET,,UNKNOWN_NO_WELLS_IN_DATASET
PIH-500-0276,500,500.0837413384241,0,EPSG:5880,DESCRIPTIVE_NO_PIH_SCORE,,,,,,,,0,0.0,,,,0,0.0,,,,0,0.0,,,,21,NONE,18.04595248303805,23.312950976131514,26.69749166759071,18.04595248303805,23.312950976131514,26.69749166759071,18.04595248303805,23.312950976131514,26.69749166759071,18.04595248303805,23.312950976131514,26.69749166759071,18.04595248303805,23.312950976131514,26.69749166759071,18.04595248303805,23.312950976131514,26.69749166759071,28.453877153247106,34.7252309323475,38.690114578325186,28.453877153247106,34.7252309323475,38.690114578325186,66.02502122064121,75.42232358728997,76.27677232073714,18.04595248303805,23.312950976131514,26.69749166759071,28.453877153247106,34.7252309323475,38.690114578325186,18.04595248303805,26.69749166759071,27.78755938874544,0,0,0,0,0,0,0,0,0,0,0,UNKNOWN_NO_WELLS_IN_DATASET,,UNKNOWN_NO_WELLS_IN_DATASET,,UNKNOWN_NO_WELLS_IN_DATASET,,UNKNOWN_NO_WELLS_IN_DATASET,,UNKNOWN_NO_WELLS_IN_DATASET,,UNKNOWN_NO_WELLS_IN_DATASET,,UNKNOWN_NO_WELLS_IN_DATASET,,UNKNOWN_NO_WELLS_IN_DATASET,,UNKNOWN_NO_WELLS_IN_DATASET,,UNKNOWN_NO_WELLS_IN_DATASET,,UNKNOWN_NO_WELLS_IN_DATASET,,UNKNOWN_NO_WELLS_IN_DATASET
PIH-500-0277,500,500.12181034233606,2,EPSG:5880,DESCRIPTIVE_NO_PIH_SCORE,3.4347305412252003,3.4347305412252003,6.283563180929905,0.4980156898568293,3.4347305412252003,3.4347305412252003,,2,2.499391096629776,0.0,1.0,50.0,2,9.488158081245512,0.0,1.0,50.0,1,19.485722467764617,0.5,,100.0,18,NONE,7.150407724065768,10.794379395626747,11.49771540940174,7.150407724065768,10.794379395626747,11.49771540940174,7.150407724065768,10.794379395626747,11.49771540940174,7.150407724065768,10.794379395626747,11.49771540940174,7.150407724065768,10.794379395626747,11.49771540940174,7.150407724065768,10.794379395626747,11.49771540940174,31.79290169552356,35.69035053886984,38.52096823670226,31.79290169552356,35.69035053886984,38.52096823670226,68.45490572883418,72.65818152524419,73.38971075456915,7.150407724065768,10.794379395626747,11.49771540940174,31.055829247311543,35.65267739935942,38.52096823670226,7.282710589324621,11.10616742373095,12.173047149079583,2,2,2,2,2,0,0,0,2,0,2,WELLS_PRESENT,100.0,EVIDENCE_PRESENT,100.0,EVIDENCE_PRESENT,100.0,EVIDENCE_PRESENT,100.0,EVIDENCE_PRESENT,100.0,EVIDENCE_PRESENT,0.0,NO_EVIDENCE_IN_AUDITED_WELLS,0.0,NO_EVIDENCE_IN_AUDITED_WELLS,0.0,NO_EVIDENCE_IN_AUDITED_WELLS,100.0,EVIDENCE_PRESENT,0.0,NO_EVIDENCE_IN_AUDITED_WELLS,100.0,REVIEW_REQUIRED_PRESENT
PIH-500-0278,500,500.16701425142725,3,EPSG:5880,DESCRIPTIVE_NO_PIH_SCORE,5.473701810991124,7.489771264480574,9.865613143874462,0.7818825029968248,7.993788627852935,9.635368678990883,0.05053461474224414,3,1.8748380395345992,0.0,0.9999999999999998,33.33333333333333,3,7.324584694751307,0.0,0.9999999999999998,33.33333333333333,3,27.844769391596262,0.0,0.9999999999999998,33.33333333333333,19,NONE,7.763229174696662,11.6231713516784,13.122715734027636,7.963348469313554,11.6231713516784,13.122715734027636,9.313861160163325,11.6231713516784,13.122715734027636,9.313861160163325,11.6231713516784,13.122715734027636,9.313861160163325,11.6231713516784,13.122715734027636,9.313861160163325,11.6231713516784,13.122715734027636,21.85837188433378,28.95500776717102,31.124428221542765,21.85837188433378,28.95500776717102,31.124428221542765,70.41431395234963,75.04774155022638,75.31165447338986,9.313861160163325,11.6231713516784,13.122715734027636,21.85837188433378,28.95500776717102,31.124428221542765,8.792107693499554,13.462024597568604,15.601984738882814,2,1,1,1,1,0,0,0,1,0,2,WELLS_PRESENT,66.6667,EVIDENCE_PRESENT,33.3333,EVIDENCE_PRESENT,33.3333,EVIDENCE_PRESENT,33.3333,EVIDENCE_PRESENT,33.3333,EVIDENCE_PRESENT,0.0,NO_EVIDENCE_IN_AUDITED_WELLS,0.0,NO_EVIDENCE_IN_AUDITED_WELLS,0.0,NO_EVIDENCE_IN_AUDITED_WELLS,33.3333,EVIDENCE_PRESENT,0.0,NO_EVIDENCE_IN_AUDITED_WELLS,66.6667,REVIEW_REQUIRED_PRESENT
PIH-500-0279,500,500.21935417307725,0,EPSG:5880,DESCRIPTIVE_NO_PIH_SCORE,,,,,,,,0,0.0,,,,0,0.0,,,,0,0.0,,,,21,NONE,13.725063664742024,19.731449085734493,20.547761007790907,13.725063664742024,19.731449085734493,20.547761007790907,13.725063664742024,19.731449085734493,20.547761007790907,13.725063664742024,19.731449085734493,20.547761007790907,13.725063664742024,19.731449085734493,20.547761007790907,13.725063664742024,19.731449085734493,20.547761007790907,19.731449085734493,23.48378064246263,25.979830035165257,19.731449085734493,23.48378064246263,25.979830035165257,56.88186417328588,64.49784406094584,66.67362419505208,13.725063664742024,19.731449085734493,20.547761007790907,19.33123319047272,22.0961876007925,23.89364861861428,15.389828158550031,19.731449085734493,20.547761007790907,0,0,0,0,0,0,0,0,0,0,0,UNKNOWN_NO_WELLS_IN_DATASET,,UNKNOWN_NO_WELLS_IN_DATASET,,UNKNOWN_NO_WELLS_IN_DATASET,,UNKNOWN_NO_WELLS_IN_DATASET,,UNKNOWN_NO_WELLS_IN_DATASET,,UNKNOWN_NO_WELLS_IN_DATASET,,UNKNOWN_NO_WELLS_IN_DATASET,,UNKNOWN_NO_WELLS_IN_DATASET,,UNKNOWN_NO_WELLS_IN_DATASET,,UNKNOWN_NO_WELLS_IN_DATASET,,UNKNOWN_NO_WELLS_IN_DATASET,,UNKNOWN_NO_WELLS_IN_DATASET
PIH-500-0280,500,500.2788313629828,5,EPSG:5880,DESCRIPTIVE_NO_PIH_SCORE,0.3838575496386159,4.763795685138804,8.920031527818601,0.7068630208851941,0.7083954901437942,12.90588230920314,0.06609443914483537,3,3.4272993134200016,0.4,0.8649735207179272,60.0,2,8.133915569227735,0.6,0.7219280948873623,80.0,2,24.69615162311214,0.6,0.7219280948873623,80.0,21,NONE,7.76851000158353,13.269544290730588,17.659249053708812,7.76851000158353,13.269544290730588,17.659249053708812,7.76851000158353,13.269544290730588,17.659249053708812,7.76851000158353,13.269544290730588,17.659249053708812,7.76851000158353,13.269544290730588,17.659249053708812,7.76851000158353,13.269544290730588,17.659249053708812,12.854890726899969,18.427288331430596,19.805666281584482,12.854890726899969,18.427288331430596,19.805666281584482,38.98102045835143,46.263598061113946,49.55195079560021,7.76851000158353,13.269544290730588,17.659249053708812,12.854890726899969,18.427288331430596,19.309723968521194,7.76851000158353,13.269544290730588,17.659249053708812,5,5,5,5,5,4,4,0,5,4,4,WELLS_PRESENT,100.0,EVIDENCE_PRESENT,100.0,EVIDENCE_PRESENT,100.0,EVIDENCE_PRESENT,100.0,EVIDENCE_PRESENT,100.0,EVIDENCE_PRESENT,80.0,EVIDENCE_PRESENT,80.0,EVIDENCE_PRESENT,0.0,NO_EVIDENCE_IN_AUDITED_WELLS,100.0,EVIDENCE_PRESENT,80.0,EVIDENCE_PRESENT,80.0,REVIEW_REQUIRED_PRESENT
PIH-500-0281,500,186.62567155777154,16,EPSG:5880,DESCRIPTIVE_NO_PIH_SCORE,0.5724525609536193,0.6150859068390255,4.428220580918026,0.574537645979165,0.584409772159845,0.7073525460195811,0.06341640499735773,5,12.409741811123126,0.6875,0.8274070571684498,43.75,3,25.632663103765985,0.8125,0.5478948105177534,81.25,2,54.407577787626046,0.875,0.3372900666170139,93.75,6,NONE,3.355561824698418,6.306258947504956,8.011007394917868,3.994758033919328,7.516648375626815,8.011007394917868,3.994758033919328,7.906180764767434,8.011007394917868,3.994758033919328,7.516648375626815,8.011007394917868,3.994758033919328,7.516648375626815,8.011007394917868,3.994758033919328,7.516648375626815,8.011007394917868,4.013681405555242,8.016244254224624,8.231134373832248,4.013681405555242,8.016244254224624,8.231134373832248,24.616839716344906,29.9372441124737,32.32056531699659,3.994758033919328,7.516648375626815,8.011007394917868,4.013681405555242,8.016244254224624,8.231134373832248,3.355561824698418,6.306258947504956,8.011007394917868,16,13,13,13,9,8,8,0,12,12,16,WELLS_PRESENT,100.0,EVIDENCE_PRESENT,81.25,EVIDENCE_PRESENT,81.25,EVIDENCE_PRESENT,81.25,EVIDENCE_PRESENT,56.25,EVIDENCE_PRESENT,50.0,EVIDENCE_PRESENT,50.0,EVIDENCE_PRESENT,0.0,NO_EVIDENCE_IN_AUDITED_WELLS,75.0,EVIDENCE_PRESENT,75.0,EVIDENCE_PRESENT,100.0,REVIEW_REQUIRED_PRESENT
PIH-500-0282,500,357.74643416779855,0,EPSG:5880,DESCRIPTIVE_NO_PIH_SCORE,,,,,,,,0,0.0,,,,0,0.0,,,,0,0.0,,,,13,NONE,98.99043195231756,103.9767840456603,108.6121375858149,98.99043195231756,103.9767840456603,108.6121375858149,102.29397688366477,108.27924312863482,108.83601957710137,98.99043195231756,103.9767840456603,108.6121375858149,98.99043195231756,103.9767840456603,108.6121375858149,98.99043195231756,103.9767840456603,108.6121375858149,102.29397688366477,108.27924312863482,108.83601957710137,102.29397688366477,108.27924312863482,108.83601957710137,124.13483748048115,130.12054777758425,131.3729571391603,99.0094928056431,104.017610388144,108.9846546996276,102.29397688366477,108.27924312863482,108.83601957710137,98.99043195231756,103.9767840456603,108.6121375858149,0,0,0,0,0,0,0,0,0,0,0,UNKNOWN_NO_WELLS_IN_DATASET,,UNKNOWN_NO_WELLS_IN_DATASET,,UNKNOWN_NO_WELLS_IN_DATASET,,UNKNOWN_NO_WELLS_IN_DATASET,,UNKNOWN_NO_WELLS_IN_DATASET,,UNKNOWN_NO_WELLS_IN_DATASET,,UNKNOWN_NO_WELLS_IN_DATASET,,UNKNOWN_NO_WELLS_IN_DATASET,,UNKNOWN_NO_WELLS_IN_DATASET,,UNKNOWN_NO_WELLS_IN_DATASET,,UNKNOWN_NO_WELLS_IN_DATASET,,UNKNOWN_NO_WELLS_IN_DATASET
PIH-500-0283,500,500.8756294914813,0,EPSG:5880,DESCRIPTIVE_NO_PIH_SCORE,,,,,,,,0,0.0,,,,0,0.0,,,,0,0.0,,,,21,NONE,78.78446844595561,88.76900397645134,89.07075534868365,78.78446844595561,88.76900397645134,89.07075534868365,82.17546299733559,91.1542146559198,95.25777101164414,78.78446844595561,88.76900397645134,89.07075534868365,78.78446844595561,88.76900397645134,89.07075534868365,78.78446844595561,88.76900397645134,89.07075534868365,82.17546299733559,91.1542146559198,95.25777101164414,82.17546299733559,91.1542146559198,95.25777101164414,103.55193787903993,113.12587967331503,116.2864113903081,79.07799363222335,88.76900397645134,89.07075534868365,82.17546299733559,91.1542146559198,95.25777101164414,78.78446844595561,88.76900397645134,89.07075534868365,0,0,0,0,0,0,0,0,0,0,0,UNKNOWN_NO_WELLS_IN_DATASET,,UNKNOWN_NO_WELLS_IN_DATASET,,UNKNOWN_NO_WELLS_IN_DATASET,,UNKNOWN_NO_WELLS_IN_DATASET,,UNKNOWN_NO_WELLS_IN_DATASET,,UNKNOWN_NO_WELLS_IN_DATASET,,UNKNOWN_NO_WELLS_IN_DATASET,,UNKNOWN_NO_WELLS_IN_DATASET,,UNKNOWN_NO_WELLS_IN_DATASET,,UNKNOWN_NO_WELLS_IN_DATASET,,UNKNOWN_NO_WELLS_IN_DATASET,,UNKNOWN_NO_WELLS_IN_DATASET
PIH-500-0284,500,500.76740825998843,0,EPSG:5880,DESCRIPTIVE_NO_PIH_SCORE,,,,,,,,0,0.0,,,,0,0.0,,,,0,0.0,,,,22,NONE,54.25990917356181,63.793779780153194,64.20016528381478,54.25990917356181,63.793779780153194,64.20016528381478,62.02031749227277,69.82065011862525,73.86011038424527,54.25990917356181,63.793779780153194,64.20016528381478,54.25990917356181,63.793779780153194,64.20016528381478,54.25990917356181,63.793779780153194,64.20016528381478,62.02031749227277,69.82065011862525,73.86011038424527,62.02031749227277,69.82065011862525,73.86011038424527,81.15438819143975,89.31726897334114,93.33476008778274,54.25990917356181,63.793779780153194,64.20016528381478,62.02031749227277,69.82065011862525,73.86011038424527,54.25990917356181,63.793779780153194,64.20016528381478,0,0,0,0,0,0,0,0,0,0,0,UNKNOWN_NO_WELLS_IN_DATASET,,UNKNOWN_NO_WELLS_IN_DATASET,,UNKNOWN_NO_WELLS_IN_DATASET,,UNKNOWN_NO_WELLS_IN_DATASET,,UNKNOWN_NO_WELLS_IN_DATASET,,UNKNOWN_NO_WELLS_IN_DATASET,,UNKNOWN_NO_WELLS_IN_DATASET,,UNKNOWN_NO_WELLS_IN_DATASET,,UNKNOWN_NO_WELLS_IN_DATASET,,UNKNOWN_NO_WELLS_IN_DATASET,,UNKNOWN_NO_WELLS_IN_DATASET,,UNKNOWN_NO_WELLS_IN_DATASET
PIH-500-0285,500,500.6663321352541,0,EPSG:5880,DESCRIPTIVE_NO_PIH_SCORE,,,,,,,,0,0.0,,,,0,0.0,,,,0,0.0,,,,21,NONE,29.74807039434409,38.83157595110336,39.49332838028746,29.74807039434409,38.83157595110336,39.49332838028746,44.69777823161732,51.80135694952707,55.55707762147824,29.74807039434409,38.83157595110336,39.49332838028746,29.74807039434409,38.83157595110336,39.49332838028746,29.74807039434409,38.83157595110336,39.49332838028746,44.69777823161732,51.80135694952707,55.55707762147824,44.69777823161732,51.80135694952707,55.55707762147824,60.11267908866431,67.73473998306588,71.76507094159349,29.74807039434409,38.83157595110336,39.49332838028746,44.69777823161732,51.80135694952707,55.55707762147824,29.74807039434409,38.83157595110336,39.49332838028746,0,0,0,0,0,0,0,0,0,0,0,UNKNOWN_NO_WELLS_IN_DATASET,,UNKNOWN_NO_WELLS_IN_DATASET,,UNKNOWN_NO_WELLS_IN_DATASET,,UNKNOWN_NO_WELLS_IN_DATASET,,UNKNOWN_NO_WELLS_IN_DATASET,,UNKNOWN_NO_WELLS_IN_DATASET,,UNKNOWN_NO_WELLS_IN_DATASET,,UNKNOWN_NO_WELLS_IN_DATASET,,UNKNOWN_NO_WELLS_IN_DATASET,,UNKNOWN_NO_WELLS_IN_DATASET,,UNKNOWN_NO_WELLS_IN_DATASET,,UNKNOWN_NO_WELLS_IN_DATASET
PIH-500-0286,500,500.5723991994412,1,EPSG:5880,DESCRIPTIVE_NO_PIH_SCORE,32.31528359119721,32.31528359119721,5.590506611223024,0.4428867137061613,,,,1,1.2485706383323456,0.0,,100.0,1,4.994282553329382,0.0,,100.0,1,13.468637756051463,0.0,,100.0,20,NONE,8.79261350135484,14.155056614953963,15.741180090364912,8.79261350135484,14.155056614953963,15.741180090364912,32.67933759471837,38.534945608791034,40.234568697549214,8.79261350135484,14.155056614953963,15.741180090364912,8.79261350135484,14.155056614953963,15.741180090364912,8.79261350135484,14.155056614953963,15.741180090364912,32.67933759471837,38.534945608791034,40.234568697549214,32.67933759471837,38.534945608791034,40.234568697549214,42.592324745817876,50.36800570663079,53.282955753786155,8.79261350135484,14.155056614953963,15.741180090364912,32.67933759471837,38.534945608791034,40.234568697549214,8.79261350135484,14.155056614953963,15.741180090364912,1,0,1,1,1,0,0,0,1,0,1,WELLS_PRESENT,100.0,EVIDENCE_PRESENT,0.0,NO_EVIDENCE_IN_AUDITED_WELLS,100.0,EVIDENCE_PRESENT,100.0,EVIDENCE_PRESENT,100.0,EVIDENCE_PRESENT,0.0,NO_EVIDENCE_IN_AUDITED_WELLS,0.0,NO_EVIDENCE_IN_AUDITED_WELLS,0.0,NO_EVIDENCE_IN_AUDITED_WELLS,100.0,EVIDENCE_PRESENT,0.0,NO_EVIDENCE_IN_AUDITED_WELLS,100.0,REVIEW_REQUIRED_PRESENT
PIH-500-0287,500,500.4856076821375,0,EPSG:5880,DESCRIPTIVE_NO_PIH_SCORE,,,,,,,,0,0.0,,,,0,0.0,,,,0,0.0,,,,17,NONE,13.632553492335278,17.87225811135448,20.098781564503017,16.71549118204744,21.826265028108473,23.312671092243832,26.28427845403355,28.94485359180254,32.32584171407927,17.984962261239225,25.5401585504347,26.954138530498604,20.084147123429535,25.5401585504347,26.954138530498604,20.084147123429535,25.5401585504347,26.954138530498604,26.515914099415376,31.55945062863,32.32584171407927,26.515914099415376,31.55945062863,32.32584171407927,32.447750589113134,36.78151330015297,40.24076259272803,16.845836980468647,21.826265028108473,23.312671092243832,26.515914099415376,31.55945062863,32.32584171407927,13.632553492335278,17.87225811135448,20.098781564503017,0,0,0,0,0,0,0,0,0,0,0,UNKNOWN_NO_WELLS_IN_DATASET,,UNKNOWN_NO_WELLS_IN_DATASET,,UNKNOWN_NO_WELLS_IN_DATASET,,UNKNOWN_NO_WELLS_IN_DATASET,,UNKNOWN_NO_WELLS_IN_DATASET,,UNKNOWN_NO_WELLS_IN_DATASET,,UNKNOWN_NO_WELLS_IN_DATASET,,UNKNOWN_NO_WELLS_IN_DATASET,,UNKNOWN_NO_WELLS_IN_DATASET,,UNKNOWN_NO_WELLS_IN_DATASET,,UNKNOWN_NO_WELLS_IN_DATASET,,UNKNOWN_NO_WELLS_IN_DATASET
PIH-500-0288,500,500.40595595988384,0,EPSG:5880,DESCRIPTIVE_NO_PIH_SCORE,,,,,,,,0,0.0,,,,0,0.0,,,,0,0.0,,,,20,NONE,13.925983061075543,17.574914857589835,19.352912626623834,15.896561617292189,22.78797748905646,25.94610954004072,18.147301129505347,24.64639318354345,28.82183398745035,26.016257853656576,31.025486351142654,32.49290569893666,26.016257853656576,31.025486351142654,32.49290569893666,26.016257853656576,31.025486351142654,32.49290569893666,26.56823541583097,31.040399948063566,32.49290569893666,26.56823541583097,31.040399948063566,32.49290569893666,30.48153682928227,34.30809243563542,38.68023241976902,15.896561617292189,22.78797748905646,25.94610954004072,26.56823541583097,31.040399948063566,32.49290569893666,14.468935572936267,17.574914857589835,19.352912626623834,0,0,0,0,0,0,0,0,0,0,0,UNKNOWN_NO_WELLS_IN_DATASET,,UNKNOWN_NO_WELLS_IN_DATASET,,UNKNOWN_NO_WELLS_IN_DATASET,,UNKNOWN_NO_WELLS_IN_DATASET,,UNKNOWN_NO_WELLS_IN_DATASET,,UNKNOWN_NO_WELLS_IN_DATASET,,UNKNOWN_NO_WELLS_IN_DATASET,,UNKNOWN_NO_WELLS_IN_DATASET,,UNKNOWN_NO_WELLS_IN_DATASET,,UNKNOWN_NO_WELLS_IN_DATASET,,UNKNOWN_NO_WELLS_IN_DATASET,,UNKNOWN_NO_WELLS_IN_DATASET
PIH-500-0289,500,500.33344255675433,1,EPSG:5880,DESCRIPTIVE_NO_PIH_SCORE,14.698758283342984,14.698758283342984,1.8937016592452454,0.1500571624874432,,,,1,1.2491669491573199,0.0,,100.0,1,4.996667796629279,0.0,,100.0,1,19.924955932705668,0.0,,100.0,22,NONE,8.181743022622305,12.433811214276167,14.465895245111373,13.738643387807409,21.052924718987313,24.49905160725934,14.312173912187617,21.052924718987313,24.971328605017746,14.312173912187617,21.57961473657594,24.971328605017746,14.312173912187617,21.57961473657594,24.971328605017746,14.312173912187617,21.57961473657594,24.971328605017746,20.29022886076274,24.946036443932158,26.32241806750976,20.29022886076274,24.946036443932158,26.32241806750976,39.184860082585296,46.58765350263878,49.71478196677596,17.898590998691397,25.05242834862401,28.11719671949256,14.312173912187617,21.57961473657594,24.971328605017746,8.181743022622305,12.433811214276167,14.465895245111373,0,0,0,0,0,0,0,0,0,0,1,WELLS_PRESENT,0.0,NO_EVIDENCE_IN_AUDITED_WELLS,0.0,NO_EVIDENCE_IN_AUDITED_WELLS,0.0,NO_EVIDENCE_IN_AUDITED_WELLS,0.0,NO_EVIDENCE_IN_AUDITED_WELLS,0.0,NO_EVIDENCE_IN_AUDITED_WELLS,0.0,NO_EVIDENCE_IN_AUDITED_WELLS,0.0,NO_EVIDENCE_IN_AUDITED_WELLS,0.0,NO_EVIDENCE_IN_AUDITED_WELLS,0.0,NO_EVIDENCE_IN_AUDITED_WELLS,0.0,NO_EVIDENCE_IN_AUDITED_WELLS,100.0,REVIEW_REQUIRED_PRESENT
PIH-500-0290,500,500.26806614381564,2,EPSG:5880,DESCRIPTIVE_NO_PIH_SCORE,5.174255986071307,5.174255986071307,9.598266303652412,0.7606175485274576,5.174255986071307,5.174255986071307,,2,1.8619622936070774,0.0,1.0,50.0,2,5.495520260181231,0.0,1.0,50.0,2,23.50645700124079,0.0,1.0,50.0,22,NONE,8.768973499696056,12.70985108348932,15.31841789605311,15.732328458378081,22.477645178899934,25.008091073390087,15.732328458378081,22.477645178899934,25.008091073390087,15.732328458378081,22.477645178899934,25.008091073390087,15.732328458378081,22.477645178899934,25.008091073390087,15.732328458378081,22.477645178899934,25.008091073390087,17.940515886767805,24.451656144617928,25.008091073390087,17.940515886767805,24.451656144617928,25.008091073390087,56.77751798073241,64.36510643595687,68.53436154193598,22.671678668931996,30.556060386266818,33.85215890582714,15.732328458378081,22.477645178899934,25.008091073390087,8.768973499696056,12.70985108348932,15.31841789605311,0,0,0,0,0,0,0,0,0,0,2,WELLS_PRESENT,0.0,NO_EVIDENCE_IN_AUDITED_WELLS,0.0,NO_EVIDENCE_IN_AUDITED_WELLS,0.0,NO_EVIDENCE_IN_AUDITED_WELLS,0.0,NO_EVIDENCE_IN_AUDITED_WELLS,0.0,NO_EVIDENCE_IN_AUDITED_WELLS,0.0,NO_EVIDENCE_IN_AUDITED_WELLS,0.0,NO_EVIDENCE_IN_AUDITED_WELLS,0.0,NO_EVIDENCE_IN_AUDITED_WELLS,0.0,NO_EVIDENCE_IN_AUDITED_WELLS,0.0,NO_EVIDENCE_IN_AUDITED_WELLS,100.0,REVIEW_REQUIRED_PRESENT
PIH-500-0291,500,500.20982553946914,0,EPSG:5880,DESCRIPTIVE_NO_PIH_SCORE,,,,,,,,0,0.0,,,,0,0.0,,,,0,0.0,,,,20,NONE,16.723492511407322,22.108216005369858,24.842817430730925,23.51986757518862,27.8681996272207,30.74409810245477,23.51986757518862,27.8681996272207,30.74409810245477,23.51986757518862,27.8681996272207,30.74409810245477,23.51986757518862,27.8681996272207,30.74409810245477,23.51986757518862,27.8681996272207,30.74409810245477,23.5467785148583,27.9162087969732,30.74409810245477,23.5467785148583,27.9162087969732,30.74409810245477,77.16375475573282,85.96889756545565,88.41355645163672,31.303146983700664,35.252831949358686,36.22091698177704,23.5467785148583,27.9162087969732,30.74409810245477,17.781146224115265,22.28385839602796,26.583394204465726,0,0,0,0,0,0,0,0,0,0,0,UNKNOWN_NO_WELLS_IN_DATASET,,UNKNOWN_NO_WELLS_IN_DATASET,,UNKNOWN_NO_WELLS_IN_DATASET,,UNKNOWN_NO_WELLS_IN_DATASET,,UNKNOWN_NO_WELLS_IN_DATASET,,UNKNOWN_NO_WELLS_IN_DATASET,,UNKNOWN_NO_WELLS_IN_DATASET,,UNKNOWN_NO_WELLS_IN_DATASET,,UNKNOWN_NO_WELLS_IN_DATASET,,UNKNOWN_NO_WELLS_IN_DATASET,,UNKNOWN_NO_WELLS_IN_DATASET,,UNKNOWN_NO_WELLS_IN_DATASET
PIH-500-0292,500,500.1587197093711,2,EPSG:5880,DESCRIPTIVE_NO_PIH_SCORE,1.9332727039054287,1.9332727039054287,10.606905121206642,0.8406393167588537,1.9332727039054287,1.9332727039054287,,2,2.1744391529460927,0.0,1.0,50.0,1,2.5676638218548558,0.5,,100.0,1,2.7924318402659782,0.5,,100.0,18,NONE,9.132638267351581,12.86640638807127,14.003770732250219,9.132638267351581,12.86640638807127,14.003770732250219,9.132638267351581,12.86640638807127,14.003770732250219,9.132638267351581,12.86640638807127,14.003770732250219,9.132638267351581,12.86640638807127,14.003770732250219,9.132638267351581,12.86640638807127,14.003770732250219,9.132638267351581,12.86640638807127,14.003770732250219,9.132638267351581,12.86640638807127,14.003770732250219,85.34753599690094,90.06091526289124,91.41463714377109,23.66431874633011,29.47291615983644,32.957754078856325,9.132638267351581,12.86640638807127,14.003770732250219,12.182345663396884,17.923207794126434,20.951399528368682,2,2,2,2,2,2,2,0,0,2,1,WELLS_PRESENT,100.0,EVIDENCE_PRESENT,100.0,EVIDENCE_PRESENT,100.0,EVIDENCE_PRESENT,100.0,EVIDENCE_PRESENT,100.0,EVIDENCE_PRESENT,100.0,EVIDENCE_PRESENT,100.0,EVIDENCE_PRESENT,0.0,NO_EVIDENCE_IN_AUDITED_WELLS,0.0,NO_EVIDENCE_IN_AUDITED_WELLS,100.0,EVIDENCE_PRESENT,50.0,REVIEW_REQUIRED_PRESENT
PIH-500-0293,500,500.11474776653256,5,EPSG:5880,DESCRIPTIVE_NO_PIH_SCORE,0.42923385501130235,3.30776785216296,2.942396364246848,0.23320683818724902,0.42923385501130235,3.30776785216296,0.09574132111977267,3,3.7491395892114388,0.4,0.9602297178607612,40.0,3,14.996558356845755,0.4,0.9602297178607612,40.0,3,50.458832898108795,0.4,0.9602297178607612,40.0,21,NONE,6.9105069428083965,11.247417438903126,11.599956773782292,6.9105069428083965,11.247417438903126,11.599956773782292,8.899544272865805,12.888161403661234,15.161631954841376,6.9105069428083965,11.247417438903126,11.599956773782292,6.9105069428083965,11.247417438903126,11.599956773782292,6.9105069428083965,11.247417438903126,11.599956773782292,17.70485908033683,24.431745958780674,25.48926360596012,17.70485908033683,24.431745958780674,25.48926360596012,68.75421725989325,77.98172800858957,78.61433983577398,6.9105069428083965,11.599956773782292,15.476743715318078,15.996189792734027,24.431745958780674,25.48926360596012,11.052690925353186,13.603874649171361,13.825960109218025,5,3,5,5,5,0,0,0,5,0,2,WELLS_PRESENT,100.0,EVIDENCE_PRESENT,60.0,EVIDENCE_PRESENT,100.0,EVIDENCE_PRESENT,100.0,EVIDENCE_PRESENT,100.0,EVIDENCE_PRESENT,0.0,NO_EVIDENCE_IN_AUDITED_WELLS,0.0,NO_EVIDENCE_IN_AUDITED_WELLS,0.0,NO_EVIDENCE_IN_AUDITED_WELLS,100.0,EVIDENCE_PRESENT,0.0,NO_EVIDENCE_IN_AUDITED_WELLS,40.0,REVIEW_REQUIRED_PRESENT
PIH-500-0294,500,500.07790897097516,13,EPSG:5880,DESCRIPTIVE_NO_PIH_SCORE,0.6941711332053139,2.4578647976273675,4.512142555767364,0.3576340934203474,0.7764694404139902,3.2913090522373705,0.3733099178972221,7,8.15198609617134,0.46153846153846156,0.9138311481971517,30.76923076923077,6,20.26248653164421,0.5384615384615384,0.9329350879565486,30.76923076923077,4,45.55313946931355,0.6923076923076923,0.8690746665964332,46.15384615384615,21,NONE,4.181618736260941,6.715096335331309,8.52275101102126,4.430339863171652,8.329563047323393,9.158450807749476,4.430339863171652,8.329563047323393,9.158450807749476,4.430339863171652,8.329563047323393,9.158450807749476,4.430339863171652,8.329563047323393,9.158450807749476,4.430339863171652,8.329563047323393,9.158450807749476,8.714750796733615,13.269281886465276,16.188884630286637,8.714750796733615,13.269281886465276,16.188884630286637,54.22711336365517,61.84986816171605,64.98483573104801,4.600017436285033,8.329563047323393,9.158450807749476,8.714750796733615,13.269281886465276,16.188884630286637,6.924170598602664,10.211054717554402,10.956036152288501,11,11,10,10,10,4,4,0,7,4,2,WELLS_PRESENT,84.6154,EVIDENCE_PRESENT,84.6154,EVIDENCE_PRESENT,76.9231,EVIDENCE_PRESENT,76.9231,EVIDENCE_PRESENT,76.9231,EVIDENCE_PRESENT,30.7692,EVIDENCE_PRESENT,30.7692,EVIDENCE_PRESENT,0.0,NO_EVIDENCE_IN_AUDITED_WELLS,53.8462,EVIDENCE_PRESENT,30.7692,EVIDENCE_PRESENT,15.3846,REVIEW_REQUIRED_PRESENT
PIH-500-0295,500,500.0482027303203,45,EPSG:5880,DESCRIPTIVE_NO_PIH_SCORE,0.3933746868299915,2.0548403153692667,6.409309950642948,0.508019374393283,0.3933746868299915,2.8074205842908504,0.49671360976691836,19,21.328139100248787,0.5777777777777777,0.9013779457615304,17.77777777777778,13,50.520846971598175,0.7111111111111111,0.804793088051908,35.55555555555556,7,88.03162726784569,0.8444444444444444,0.6350153158455285,60.0,21,NONE,2.9319032190479746,4.028816407871488,5.093120562530787,3.65654643824801,5.007402062937906,8.400408335235175,3.65654643824801,5.007402062937906,8.400408335235175,3.65654643824801,5.007402062937906,8.400408335235175,3.65654643824801,5.007402062937906,8.400408335235175,3.65654643824801,5.007402062937906,8.400408335235175,10.325234874163481,18.850029662075613,21.1674244098904,10.325234874163481,18.850029662075613,21.1674244098904,40.88694572833386,49.52924585909243,52.13255164196261,3.65654643824801,5.007402062937906,8.400408335235175,6.324769958366379,12.636426485640017,15.42886592831333,3.2308616731547093,6.314696430593128,7.1705245931581105,31,30,31,31,30,7,7,0,22,12,15,WELLS_PRESENT,68.8889,EVIDENCE_PRESENT,66.6667,EVIDENCE_PRESENT,68.8889,EVIDENCE_PRESENT,68.8889,EVIDENCE_PRESENT,66.6667,EVIDENCE_PRESENT,15.5556,EVIDENCE_PRESENT,15.5556,EVIDENCE_PRESENT,0.0,NO_EVIDENCE_IN_AUDITED_WELLS,48.8889,EVIDENCE_PRESENT,26.6667,EVIDENCE_PRESENT,33.3333,REVIEW_REQUIRED_PRESENT
PIH-500-0296,500,500.02560015111874,7,EPSG:5880,DESCRIPTIVE_NO_PIH_SCORE,4.902849192410587,5.923239869141264,1.9552461467069187,0.15498164103300258,4.902849192410587,7.5475075202431094,0.4168189735018305,7,7.630625954332501,0.0,0.9999999999999999,14.285714285714285,7,26.471036295416088,0.0,0.9999999999999999,14.285714285714285,4,50.54181735420665,0.4285714285714286,0.9751060324573735,28.57142857142857,20,NONE,3.30253079092181,6.960557774905114,7.872824614408212,5.245656987715961,8.041992268341115,9.37576119159575,5.682766158423032,8.816455312610048,9.37576119159575,5.516498097582797,8.816455312610048,9.37576119159575,5.516498097582797,8.816455312610048,9.37576119159575,5.516498097582797,8.816455312610048,9.37576119159575,15.59416286333825,20.51767378211237,22.522273736060228,15.59416286333825,20.51767378211237,22.522273736060228,37.254587396842986,44.20102071991249,45.780234680102616,5.516498097582797,8.794879626716039,9.37576119159575,13.900220532867113,17.832169441648112,19.95417872205545,5.206850291313931,7.945231017093933,9.308426441950814,4,4,4,4,4,0,0,0,4,0,4,WELLS_PRESENT,57.1429,EVIDENCE_PRESENT,57.1429,EVIDENCE_PRESENT,57.1429,EVIDENCE_PRESENT,57.1429,EVIDENCE_PRESENT,57.1429,EVIDENCE_PRESENT,0.0,NO_EVIDENCE_IN_AUDITED_WELLS,0.0,NO_EVIDENCE_IN_AUDITED_WELLS,0.0,NO_EVIDENCE_IN_AUDITED_WELLS,57.1429,EVIDENCE_PRESENT,0.0,NO_EVIDENCE_IN_AUDITED_WELLS,57.1429,REVIEW_REQUIRED_PRESENT
PIH-500-0297,500,500.0101862795931,4,EPSG:5880,DESCRIPTIVE_NO_PIH_SCORE,4.698725127808321,8.569157693273922,6.5283831185939984,0.517477109323405,4.698725127808321,8.569157693273922,0.046128176175466606,3,3.27519741150214,0.25,0.946394630357186,50.0,3,10.775050215475122,0.25,0.946394630357186,50.0,2,21.680614679075326,0.5,1.0,50.0,18,NONE,5.456874059046841,9.69096307583958,12.530974054186766,7.366562327606813,10.655135442669517,12.530974054186766,7.366562327606813,10.655135442669517,12.530974054186766,7.366562327606813,10.655135442669517,12.530974054186766,7.366562327606813,10.655135442669517,12.530974054186766,9.858861025251462,16.0919653101461,18.74996044489992,19.83431702188591,25.12022051112561,28.419437400610814,19.83431702188591,25.12022051112561,28.419437400610814,44.52593977673925,52.07487313253854,55.19789851733659,9.858861025251462,16.0919653101461,18.74996044489992,8.692160154974076,16.071566497596482,18.62336286735989,7.678066486461919,10.454309779803696,12.530974054186766,3,2,3,3,2,0,0,0,2,2,2,WELLS_PRESENT,75.0,EVIDENCE_PRESENT,50.0,EVIDENCE_PRESENT,75.0,EVIDENCE_PRESENT,75.0,EVIDENCE_PRESENT,50.0,EVIDENCE_PRESENT,0.0,NO_EVIDENCE_IN_AUDITED_WELLS,0.0,NO_EVIDENCE_IN_AUDITED_WELLS,0.0,NO_EVIDENCE_IN_AUDITED_WELLS,50.0,EVIDENCE_PRESENT,50.0,EVIDENCE_PRESENT,50.0,REVIEW_REQUIRED_PRESENT
PIH-500-0298,500,500.00187562086967,0,EPSG:5880,DESCRIPTIVE_NO_PIH_SCORE,,,,,,,,0,0.0,,,,0,0.0,,,,0,0.0,,,,21,NONE,14.942514466250213,24.05792606553609,25.565634091271342,19.627408899578384,26.283388009468176,27.674005387873844,19.627408899578384,27.674005387873844,31.869535014855355,19.627408899578384,26.283388009468176,27.674005387873844,19.627408899578384,26.283388009468176,27.674005387873844,20.93547108236078,26.69816107672876,27.674005387873844,40.50532564626896,46.356248000930705,48.22781191437966,40.50532564626896,46.356248000930705,48.22781191437966,56.218816998974745,66.42724582699778,69.88214368771534,20.93547108236078,30.414482283909578,31.869535014855355,25.665068146727652,32.57993896818574,34.59629049291206,14.942514466250213,24.05792606553609,25.565634091271342,0,0,0,0,0,0,0,0,0,0,0,UNKNOWN_NO_WELLS_IN_DATASET,,UNKNOWN_NO_WELLS_IN_DATASET,,UNKNOWN_NO_WELLS_IN_DATASET,,UNKNOWN_NO_WELLS_IN_DATASET,,UNKNOWN_NO_WELLS_IN_DATASET,,UNKNOWN_NO_WELLS_IN_DATASET,,UNKNOWN_NO_WELLS_IN_DATASET,,UNKNOWN_NO_WELLS_IN_DATASET,,UNKNOWN_NO_WELLS_IN_DATASET,,UNKNOWN_NO_WELLS_IN_DATASET,,UNKNOWN_NO_WELLS_IN_DATASET,,UNKNOWN_NO_WELLS_IN_DATASET
PIH-500-0299,500,500.0006966195684,0,EPSG:5880,DESCRIPTIVE_NO_PIH_SCORE,,,,,,,,0,0.0,,,,0,0.0,,,,0,0.0,,,,21,NONE,15.224239503693338,24.439152794549845,27.162992849903453,16.26805104264912,24.439152794549845,27.162992849903453,17.596855755686516,26.130978326961024,27.162992849903453,16.26805104264912,24.439152794549845,27.162992849903453,16.26805104264912,24.439152794549845,27.162992849903453,16.26805104264912,24.439152794549845,27.162992849903453,39.523752977655974,46.64188416629275,50.86939481672217,39.523752977655974,46.64188416629275,50.86939481672217,77.39556677373994,85.16383511161729,89.27608869149005,17.596855755686516,26.130978326961024,27.162992849903453,37.79122698143507,42.04527442256092,42.84680343843063,15.224239503693338,24.439152794549845,27.162992849903453,0,0,0,0,0,0,0,0,0,0,0,UNKNOWN_NO_WELLS_IN_DATASET,,UNKNOWN_NO_WELLS_IN_DATASET,,UNKNOWN_NO_WELLS_IN_DATASET,,UNKNOWN_NO_WELLS_IN_DATASET,,UNKNOWN_NO_WELLS_IN_DATASET,,UNKNOWN_NO_WELLS_IN_DATASET,,UNKNOWN_NO_WELLS_IN_DATASET,,UNKNOWN_NO_WELLS_IN_DATASET,,UNKNOWN_NO_WELLS_IN_DATASET,,UNKNOWN_NO_WELLS_IN_DATASET,,UNKNOWN_NO_WELLS_IN_DATASET,,UNKNOWN_NO_WELLS_IN_DATASET
PIH-500-0300,500,500.0066494195684,1,EPSG:5880,DESCRIPTIVE_NO_PIH_SCORE,7.6180689803259805,7.6180689803259805,8.605064425799814,0.6820891992464262,,,,1,1.24998337667215,0.0,,100.0,1,4.934043075734047,0.0,,100.0,1,17.25019076922065,0.0,,100.0,21,NONE,10.682761499430665,15.972279164002515,18.986303739335913,11.530515304704048,15.972279164002515,18.986303739335913,11.530515304704048,15.972279164002515,18.986303739335913,11.530515304704048,15.972279164002515,18.986303739335913,11.530515304704048,15.972279164002515,18.986303739335913,11.530515304704048,15.972279164002515,18.986303739335913,22.826782524838077,29.787818031184173,32.985572544420236,22.826782524838077,29.787818031184173,32.985572544420236,93.0754123163294,98.67427667246211,104.12316825190946,11.530515304704048,15.972279164002515,20.48839651690547,19.76763704299747,26.298131654067088,29.53861517547483,10.682761499430665,15.972279164002515,20.48839651690547,1,1,1,1,1,0,0,0,1,0,1,WELLS_PRESENT,100.0,EVIDENCE_PRESENT,100.0,EVIDENCE_PRESENT,100.0,EVIDENCE_PRESENT,100.0,EVIDENCE_PRESENT,100.0,EVIDENCE_PRESENT,0.0,NO_EVIDENCE_IN_AUDITED_WELLS,0.0,NO_EVIDENCE_IN_AUDITED_WELLS,0.0,NO_EVIDENCE_IN_AUDITED_WELLS,100.0,EVIDENCE_PRESENT,0.0,NO_EVIDENCE_IN_AUDITED_WELLS,100.0,REVIEW_REQUIRED_PRESENT
PIH-500-0301,500,500.0197343119597,0,EPSG:5880,DESCRIPTIVE_NO_PIH_SCORE,,,,,,,,0,0.0,,,,0,0.0,,,,0,0.0,,,,21,NONE,19.409067012845174,26.475213853359282,30.117612306976497,19.409067012845174,26.475213853359282,30.117612306976497,19.409067012845174,26.475213853359282,30.117612306976497,19.409067012845174,26.475213853359282,30.117612306976497,19.409067012845174,26.475213853359282,30.117612306976497,19.409067012845174,26.475213853359282,30.117612306976497,20.365511558062877,28.441692323529303,30.117612306976497,20.365511558062877,28.441692323529303,30.117612306976497,76.38575046630179,85.24854725608462,89.11518943149254,20.365511558062877,28.441692323529303,30.117612306976497,19.409067012845174,26.475213853359282,30.117612306976497,20.365511558062877,28.441692323529303,30.117612306976497,0,0,0,0,0,0,0,0,0,0,0,UNKNOWN_NO_WELLS_IN_DATASET,,UNKNOWN_NO_WELLS_IN_DATASET,,UNKNOWN_NO_WELLS_IN_DATASET,,UNKNOWN_NO_WELLS_IN_DATASET,,UNKNOWN_NO_WELLS_IN_DATASET,,UNKNOWN_NO_WELLS_IN_DATASET,,UNKNOWN_NO_WELLS_IN_DATASET,,UNKNOWN_NO_WELLS_IN_DATASET,,UNKNOWN_NO_WELLS_IN_DATASET,,UNKNOWN_NO_WELLS_IN_DATASET,,UNKNOWN_NO_WELLS_IN_DATASET,,UNKNOWN_NO_WELLS_IN_DATASET
PIH-500-0302,500,500.0399517352622,0,EPSG:5880,DESCRIPTIVE_NO_PIH_SCORE,,,,,,,,0,0.0,,,,0,0.0,,,,0,0.0,,,,18,NONE,31.635536356998017,37.534412611332286,38.84633774441519,31.635536356998017,37.534412611332286,38.84633774441519,31.635536356998017,37.534412611332286,38.84633774441519,31.635536356998017,37.534412611332286,38.84633774441519,31.635536356998017,37.534412611332286,38.84633774441519,31.635536356998017,37.534412611332286,38.84633774441519,37.02805152297961,43.60404755281033,45.600837121618405,37.02805152297961,43.60404755281033,45.600837121618405,60.32933123456767,67.63036329043074,71.20748624071251,31.635536356998017,37.534412611332286,40.61264681260127,37.02805152297961,43.3668892614019,45.600837121618405,31.635536356998017,37.534412611332286,40.30175349973794,0,0,0,0,0,0,0,0,0,0,0,UNKNOWN_NO_WELLS_IN_DATASET,,UNKNOWN_NO_WELLS_IN_DATASET,,UNKNOWN_NO_WELLS_IN_DATASET,,UNKNOWN_NO_WELLS_IN_DATASET,,UNKNOWN_NO_WELLS_IN_DATASET,,UNKNOWN_NO_WELLS_IN_DATASET,,UNKNOWN_NO_WELLS_IN_DATASET,,UNKNOWN_NO_WELLS_IN_DATASET,,UNKNOWN_NO_WELLS_IN_DATASET,,UNKNOWN_NO_WELLS_IN_DATASET,,UNKNOWN_NO_WELLS_IN_DATASET,,UNKNOWN_NO_WELLS_IN_DATASET
PIH-500-0303,500,500.06730227507876,0,EPSG:5880,DESCRIPTIVE_NO_PIH_SCORE,,,,,,,,0,0.0,,,,0,0.0,,,,0,0.0,,,,21,NONE,26.685537634117306,31.274440937665297,33.70870403003598,26.685537634117306,31.274440937665297,33.70870403003598,26.685537634117306,31.274440937665297,33.70870403003598,26.685537634117306,31.274440937665297,33.70870403003598,26.685537634117306,31.274440937665297,33.70870403003598,26.685537634117306,31.274440937665297,33.70870403003598,44.92223256792909,47.86850914202252,49.79859765079597,44.92223256792909,47.86850914202252,49.79859765079597,49.44162129269102,56.13457802242668,58.73240337353583,26.685537634117306,31.274440937665297,33.70870403003598,44.92223256792909,47.86850914202252,49.79859765079597,27.398183345311228,32.26290134561584,33.70870403003598,0,0,0,0,0,0,0,0,0,0,0,UNKNOWN_NO_WELLS_IN_DATASET,,UNKNOWN_NO_WELLS_IN_DATASET,,UNKNOWN_NO_WELLS_IN_DATASET,,UNKNOWN_NO_WELLS_IN_DATASET,,UNKNOWN_NO_WELLS_IN_DATASET,,UNKNOWN_NO_WELLS_IN_DATASET,,UNKNOWN_NO_WELLS_IN_DATASET,,UNKNOWN_NO_WELLS_IN_DATASET,,UNKNOWN_NO_WELLS_IN_DATASET,,UNKNOWN_NO_WELLS_IN_DATASET,,UNKNOWN_NO_WELLS_IN_DATASET,,UNKNOWN_NO_WELLS_IN_DATASET
PIH-500-0304,500,500.1017866643968,0,EPSG:5880,DESCRIPTIVE_NO_PIH_SCORE,,,,,,,,0,0.0,,,,0,0.0,,,,0,0.0,,,,19,NONE,13.73159643665145,20.537259464773335,23.39307665702349,13.73159643665145,20.537259464773335,23.39307665702349,13.73159643665145,20.537259464773335,23.39307665702349,13.73159643665145,20.537259464773335,23.39307665702349,13.73159643665145,20.537259464773335,23.39307665702349,13.73159643665145,20.537259464773335,23.39307665702349,39.75761990091244,43.82256529747742,44.0059931158066,39.75761990091244,43.82256529747742,44.0059931158066,47.69757508599911,55.619871751785126,57.27198232178077,13.73159643665145,20.537259464773335,23.39307665702349,39.75761990091244,43.82256529747742,44.0059931158066,13.73159643665145,20.537259464773335,23.39307665702349,0,0,0,0,0,0,0,0,0,0,0,UNKNOWN_NO_WELLS_IN_DATASET,,UNKNOWN_NO_WELLS_IN_DATASET,,UNKNOWN_NO_WELLS_IN_DATASET,,UNKNOWN_NO_WELLS_IN_DATASET,,UNKNOWN_NO_WELLS_IN_DATASET,,UNKNOWN_NO_WELLS_IN_DATASET,,UNKNOWN_NO_WELLS_IN_DATASET,,UNKNOWN_NO_WELLS_IN_DATASET,,UNKNOWN_NO_WELLS_IN_DATASET,,UNKNOWN_NO_WELLS_IN_DATASET,,UNKNOWN_NO_WELLS_IN_DATASET,,UNKNOWN_NO_WELLS_IN_DATASET
PIH-500-0305,500,500.1434057834973,1,EPSG:5880,DESCRIPTIVE_NO_PIH_SCORE,17.027820866845463,17.027820866845463,12.11075740628721,0.9598402716824999,,,,1,0.9069682959617931,0.0,,100.0,1,1.9518744970006323,0.0,,100.0,1,2.1556463974555027,0.0,,100.0,20,NONE,12.90241942423981,15.858713588122743,18.83368335186875,12.90241942423981,15.858713588122743,18.83368335186875,12.90241942423981,15.858713588122743,18.83368335186875,12.90241942423981,15.858713588122743,18.83368335186875,12.90241942423981,15.858713588122743,18.83368335186875,12.90241942423981,15.858713588122743,18.83368335186875,24.43333477624457,33.19200762240664,34.55308592664028,24.43333477624457,33.19200762240664,34.55308592664028,59.464961676464156,67.5404601249652,69.7193078817171,12.90241942423981,15.858713588122743,18.83368335186875,24.43333477624457,33.19200762240664,34.55308592664028,12.90241942423981,15.858713588122743,18.83368335186875,1,1,1,1,1,0,0,0,1,0,1,WELLS_PRESENT,100.0,EVIDENCE_PRESENT,100.0,EVIDENCE_PRESENT,100.0,EVIDENCE_PRESENT,100.0,EVIDENCE_PRESENT,100.0,EVIDENCE_PRESENT,0.0,NO_EVIDENCE_IN_AUDITED_WELLS,0.0,NO_EVIDENCE_IN_AUDITED_WELLS,0.0,NO_EVIDENCE_IN_AUDITED_WELLS,100.0,EVIDENCE_PRESENT,0.0,NO_EVIDENCE_IN_AUDITED_WELLS,100.0,REVIEW_REQUIRED_PRESENT
PIH-500-0306,500,500.19216065980356,1,EPSG:5880,DESCRIPTIVE_NO_PIH_SCORE,23.94240647741098,23.94240647741098,3.532776113626263,0.2799771647207922,,,,1,1.2495197829081575,0.0,,100.0,1,4.99807913163263,0.0,,100.0,1,19.820119287025214,0.0,,100.0,21,NONE,9.42504845820386,12.748767401947525,15.055685577187148,9.42504845820386,12.748767401947525,15.055685577187148,9.42504845820386,12.748767401947525,15.055685577187148,9.42504845820386,12.748767401947525,15.055685577187148,9.42504845820386,12.748767401947525,15.055685577187148,9.42504845820386,12.748767401947525,15.055685577187148,9.42504845820386,12.748767401947525,15.055685577187148,9.42504845820386,12.748767401947525,15.055685577187148,60.031417309032825,67.4262930827154,70.8471734305805,9.42504845820386,14.835718761033736,15.32121710798758,9.42504845820386,12.748767401947525,15.055685577187148,9.42504845820386,14.835718761033736,15.23425560959424,1,1,1,1,1,1,1,0,1,1,1,WELLS_PRESENT,100.0,EVIDENCE_PRESENT,100.0,EVIDENCE_PRESENT,100.0,EVIDENCE_PRESENT,100.0,EVIDENCE_PRESENT,100.0,EVIDENCE_PRESENT,100.0,EVIDENCE_PRESENT,100.0,EVIDENCE_PRESENT,0.0,NO_EVIDENCE_IN_AUDITED_WELLS,100.0,EVIDENCE_PRESENT,100.0,EVIDENCE_PRESENT,100.0,REVIEW_REQUIRED_PRESENT
PIH-500-0307,500,500.24805246808097,3,EPSG:5880,DESCRIPTIVE_NO_PIH_SCORE,0.22244687926574996,0.44911318972284214,8.364012475234729,0.6628219849697009,0.22244687926574996,0.44911318972284214,0.0001102787544246528,1,1.249380176327381,0.6666666666666667,,100.0,1,4.997520705309524,0.6666666666666667,,100.0,1,19.963393890759072,0.6666666666666667,,100.0,18,NONE,10.88189319509966,16.72058218503137,17.650459099526678,10.88189319509966,16.72058218503137,17.650459099526678,10.88189319509966,16.72058218503137,17.650459099526678,10.88189319509966,16.72058218503137,17.650459099526678,10.88189319509966,16.72058218503137,17.650459099526678,10.88189319509966,16.72058218503137,17.650459099526678,11.13980295810938,17.178081892452035,17.77969817930859,11.13980295810938,17.178081892452035,17.77969817930859,38.31092813976413,44.70542408171628,46.83957058573825,18.03189705385407,21.99503946573042,22.47139491401082,10.88189319509966,16.72058218503137,17.650459099526678,10.88189319509966,16.72058218503137,17.650459099526678,3,3,3,3,3,2,2,0,0,3,3,WELLS_PRESENT,100.0,EVIDENCE_PRESENT,100.0,EVIDENCE_PRESENT,100.0,EVIDENCE_PRESENT,100.0,EVIDENCE_PRESENT,100.0,EVIDENCE_PRESENT,66.6667,EVIDENCE_PRESENT,66.6667,EVIDENCE_PRESENT,0.0,NO_EVIDENCE_IN_AUDITED_WELLS,0.0,NO_EVIDENCE_IN_AUDITED_WELLS,100.0,EVIDENCE_PRESENT,100.0,REVIEW_REQUIRED_PRESENT
PIH-500-0308,500,500.31108253044914,17,EPSG:5880,DESCRIPTIVE_NO_PIH_SCORE,0.2907456309148761,1.5110405159613327,5.656836262984082,0.4482584478939467,0.2907456309148761,3.108160304203611,0.40124223866487135,8,8.113337872725662,0.5294117647058824,0.8447156146017465,41.17647058823529,6,22.2038004434471,0.6470588235294117,0.8721393746884706,41.17647058823529,4,43.60812036228327,0.7647058823529411,0.7598642307897808,47.05882352941176,21,NONE,5.1454016981019866,9.97793145351063,13.299698384904005,5.41020157936302,9.97793145351063,13.299698384904005,5.41020157936302,9.97793145351063,13.299698384904005,5.41020157936302,9.97793145351063,13.299698384904005,5.41020157936302,9.97793145351063,13.299698384904005,5.41020157936302,10.056656214308223,13.299698384904005,6.378162865129186,9.98863764824352,13.299698384904005,6.378162865129186,9.98863764824352,13.299698384904005,16.53308186461687,24.755676817920893,26.424303387341975,5.41020157936302,9.97793145351063,13.299698384904005,6.1228528907131965,9.97793145351063,13.299698384904005,5.1454016981019866,9.98863764824352,13.299698384904005,16,16,16,15,13,5,5,0,12,8,12,WELLS_PRESENT,94.1176,EVIDENCE_PRESENT,94.1176,EVIDENCE_PRESENT,94.1176,EVIDENCE_PRESENT,88.2353,EVIDENCE_PRESENT,76.4706,EVIDENCE_PRESENT,29.4118,EVIDENCE_PRESENT,29.4118,EVIDENCE_PRESENT,0.0,NO_EVIDENCE_IN_AUDITED_WELLS,70.5882,EVIDENCE_PRESENT,47.0588,EVIDENCE_PRESENT,70.5882,REVIEW_REQUIRED_PRESENT
PIH-500-0309,500,212.63007629876134,73,EPSG:5880,DESCRIPTIVE_NO_PIH_SCORE,0.1063146784366627,0.44814427427602943,6.920090860471435,0.84115181350871,0.1063146784366627,0.44814427427602943,0.46917903727752625,13,29.22636977728169,0.821917808219178,0.7756978123508859,34.24657534246575,6,49.768578609528355,0.9178082191780822,0.732004900485448,45.20547945205479,4,88.57883014056618,0.9452054794520548,0.815315451027134,45.20547945205479,9,NONE,2.776138322387905,4.769648056009678,5.431399621073825,3.795566469442172,5.034908295367055,5.431399621073825,4.935785463940362,12.009500812669193,15.056102403548124,3.795566469442172,5.034908295367055,5.431399621073825,3.795566469442172,5.464596438600609,5.597383708707746,3.795566469442172,5.464596438600609,5.597383708707746,9.111907177794517,12.878535419799512,15.898543407971584,9.111907177794517,12.878535419799512,15.898543407971584,11.084547760729677,17.003109434506705,18.42504214937262,3.795566469442172,5.464596438600609,5.597383708707746,5.155018070754905,11.935072971520233,14.683963197803324,2.776138322387905,4.991388331207916,5.431399621073825,65,61,63,62,62,20,20,1,40,44,57,WELLS_PRESENT,89.0411,EVIDENCE_PRESENT,83.5616,EVIDENCE_PRESENT,86.3014,EVIDENCE_PRESENT,84.9315,EVIDENCE_PRESENT,84.9315,EVIDENCE_PRESENT,27.3973,EVIDENCE_PRESENT,27.3973,EVIDENCE_PRESENT,1.3699,EVIDENCE_PRESENT,54.7945,EVIDENCE_PRESENT,60.274,EVIDENCE_PRESENT,78.0822,REVIEW_REQUIRED_PRESENT
PIH-500-0310,500,255.56678679139662,0,EPSG:5880,DESCRIPTIVE_NO_PIH_SCORE,,,,,,,,0,0.0,,,,0,0.0,,,,0,0.0,,,,11,NONE,100.74930715235321,104.42774409799489,109.40254100997285,100.74930715235321,104.42774409799489,109.40254100997285,100.74930715235321,104.42774409799489,109.40254100997285,100.74930715235321,104.42774409799489,109.40254100997285,100.74930715235321,104.42774409799489,109.40254100997285,100.74930715235321,104.42774409799489,109.40254100997285,105.70793867116129,111.37948531402652,115.1702351594148,105.70793867116129,111.37948531402652,115.1702351594148,129.2139955044565,134.70716184372463,138.86390832932506,112.11747489650944,118.24078876870577,121.84048371348412,105.70793867116129,111.37948531402652,115.1702351594148,100.74930715235321,104.42774409799489,109.40254100997285,0,0,0,0,0,0,0,0,0,0,0,UNKNOWN_NO_WELLS_IN_DATASET,,UNKNOWN_NO_WELLS_IN_DATASET,,UNKNOWN_NO_WELLS_IN_DATASET,,UNKNOWN_NO_WELLS_IN_DATASET,,UNKNOWN_NO_WELLS_IN_DATASET,,UNKNOWN_NO_WELLS_IN_DATASET,,UNKNOWN_NO_WELLS_IN_DATASET,,UNKNOWN_NO_WELLS_IN_DATASET,,UNKNOWN_NO_WELLS_IN_DATASET,,UNKNOWN_NO_WELLS_IN_DATASET,,UNKNOWN_NO_WELLS_IN_DATASET,,UNKNOWN_NO_WELLS_IN_DATASET
PIH-500-0311,500,500.93276501502163,0,EPSG:5880,DESCRIPTIVE_NO_PIH_SCORE,,,,,,,,0,0.0,,,,0,0.0,,,,0,0.0,,,,21,NONE,86.81395461953977,95.79497630487948,97.68126521407137,86.81395461953977,95.79497630487948,97.68126521407137,86.81395461953977,95.79497630487948,97.68126521407137,86.81395461953977,95.79497630487948,97.68126521407137,86.81395461953977,95.79497630487948,97.68126521407137,86.81395461953977,95.79497630487948,97.68126521407137,86.81395461953977,95.79497630487948,97.68126521407137,86.81395461953977,95.79497630487948,97.68126521407137,109.93119401971128,119.25517104456688,120.61036706288364,91.50196328026846,100.24577933368003,102.44780565147823,86.81395461953977,95.79497630487948,97.68126521407137,86.81395461953977,95.79497630487948,97.68126521407137,0,0,0,0,0,0,0,0,0,0,0,UNKNOWN_NO_WELLS_IN_DATASET,,UNKNOWN_NO_WELLS_IN_DATASET,,UNKNOWN_NO_WELLS_IN_DATASET,,UNKNOWN_NO_WELLS_IN_DATASET,,UNKNOWN_NO_WELLS_IN_DATASET,,UNKNOWN_NO_WELLS_IN_DATASET,,UNKNOWN_NO_WELLS_IN_DATASET,,UNKNOWN_NO_WELLS_IN_DATASET,,UNKNOWN_NO_WELLS_IN_DATASET,,UNKNOWN_NO_WELLS_IN_DATASET,,UNKNOWN_NO_WELLS_IN_DATASET,,UNKNOWN_NO_WELLS_IN_DATASET
PIH-500-0312,500,500.82094720044853,0,EPSG:5880,DESCRIPTIVE_NO_PIH_SCORE,,,,,,,,0,0.0,,,,0,0.0,,,,0,0.0,,,,20,NONE,63.411391891239894,71.22913327102852,73.64035946196769,63.411391891239894,71.22913327102852,73.64035946196769,63.411391891239894,71.22913327102852,73.64035946196769,63.411391891239894,71.22913327102852,73.64035946196769,63.411391891239894,71.22913327102852,73.64035946196769,63.411391891239894,71.22913327102852,73.64035946196769,63.411391891239894,71.22913327102852,73.64035946196769,63.411391891239894,71.22913327102852,73.64035946196769,85.83229716833767,94.46877596088606,96.10259418793808,69.5896633712977,76.06506686115358,78.63596280892818,63.411391891239894,71.22913327102852,73.64035946196769,63.411391891239894,71.22913327102852,73.64035946196769,0,0,0,0,0,0,0,0,0,0,0,UNKNOWN_NO_WELLS_IN_DATASET,,UNKNOWN_NO_WELLS_IN_DATASET,,UNKNOWN_NO_WELLS_IN_DATASET,,UNKNOWN_NO_WELLS_IN_DATASET,,UNKNOWN_NO_WELLS_IN_DATASET,,UNKNOWN_NO_WELLS_IN_DATASET,,UNKNOWN_NO_WELLS_IN_DATASET,,UNKNOWN_NO_WELLS_IN_DATASET,,UNKNOWN_NO_WELLS_IN_DATASET,,UNKNOWN_NO_WELLS_IN_DATASET,,UNKNOWN_NO_WELLS_IN_DATASET,,UNKNOWN_NO_WELLS_IN_DATASET
PIH-500-0313,500,500.716275718905,0,EPSG:5880,DESCRIPTIVE_NO_PIH_SCORE,,,,,,,,0,0.0,,,,0,0.0,,,,0,0.0,,,,18,NONE,40.328125043008384,47.285219755675435,50.2709806756537,40.328125043008384,47.285219755675435,50.2709806756537,40.36257193575775,47.285219755675435,50.53885148629593,40.328125043008384,47.285219755675435,50.2709806756537,40.328125043008384,47.285219755675435,50.2709806756537,40.328125043008384,47.285219755675435,50.2709806756537,40.36257193575775,47.285219755675435,50.53885148629593,40.36257193575775,47.285219755675435,50.53885148629593,63.093054959810424,69.93246425952613,71.93439077561926,47.22175698200344,53.509315022152165,55.87196444524945,40.36257193575775,47.285219755675435,50.53885148629593,40.328125043008384,47.285219755675435,50.2709806756537,0,0,0,0,0,0,0,0,0,0,0,UNKNOWN_NO_WELLS_IN_DATASET,,UNKNOWN_NO_WELLS_IN_DATASET,,UNKNOWN_NO_WELLS_IN_DATASET,,UNKNOWN_NO_WELLS_IN_DATASET,,UNKNOWN_NO_WELLS_IN_DATASET,,UNKNOWN_NO_WELLS_IN_DATASET,,UNKNOWN_NO_WELLS_IN_DATASET,,UNKNOWN_NO_WELLS_IN_DATASET,,UNKNOWN_NO_WELLS_IN_DATASET,,UNKNOWN_NO_WELLS_IN_DATASET,,UNKNOWN_NO_WELLS_IN_DATASET,,UNKNOWN_NO_WELLS_IN_DATASET
PIH-500-0314,500,500.618748590842,0,EPSG:5880,DESCRIPTIVE_NO_PIH_SCORE,,,,,,,,0,0.0,,,,0,0.0,,,,0,0.0,,,,21,NONE,20.116592919770376,26.980964273636992,30.849924466067385,20.116592919770376,26.980964273636992,30.849924466067385,23.542026818192365,30.58510221365853,31.92458480979536,20.116592919770376,26.980964273636992,30.849924466067385,20.116592919770376,26.980964273636992,30.849924466067385,20.116592919770376,26.980964273636992,30.849924466067385,23.542026818192365,30.58510221365853,31.92458480979536,23.542026818192365,30.58510221365853,31.92458480979536,40.32504574100882,49.12268026364141,51.362462348086204,25.51497441280192,33.63057568582675,38.6068559219477,23.542026818192365,30.58510221365853,31.92458480979536,20.116592919770376,26.980964273636992,30.849924466067385,0,0,0,0,0,0,0,0,0,0,0,UNKNOWN_NO_WELLS_IN_DATASET,,UNKNOWN_NO_WELLS_IN_DATASET,,UNKNOWN_NO_WELLS_IN_DATASET,,UNKNOWN_NO_WELLS_IN_DATASET,,UNKNOWN_NO_WELLS_IN_DATASET,,UNKNOWN_NO_WELLS_IN_DATASET,,UNKNOWN_NO_WELLS_IN_DATASET,,UNKNOWN_NO_WELLS_IN_DATASET,,UNKNOWN_NO_WELLS_IN_DATASET,,UNKNOWN_NO_WELLS_IN_DATASET,,UNKNOWN_NO_WELLS_IN_DATASET,,UNKNOWN_NO_WELLS_IN_DATASET
PIH-500-0315,500,500.5283639833781,1,EPSG:5880,DESCRIPTIVE_NO_PIH_SCORE,7.43066323217067,7.43066323217067,10.897456874393999,0.8633477246986512,,,,1,1.133909336056188,0.0,,100.0,1,1.686459381818858,0.0,,100.0,1,1.6977313723843506,0.0,,100.0,21,NONE,11.987611573873048,16.688910446573338,19.631433323709977,11.987611573873048,16.688910446573338,19.631433323709977,15.32349472021389,23.0923733481865,29.073141639630652,11.987611573873048,16.688910446573338,19.631433323709977,11.987611573873048,16.688910446573338,19.631433323709977,11.987611573873048,16.688910446573338,19.631433323709977,15.32349472021389,23.0923733481865,29.073141639630652,15.32349472021389,23.0923733481865,29.073141639630652,21.271805088185474,28.32406237592817,29.62354661218641,12.381236863096992,16.688910446573338,19.631433323709977,15.32349472021389,23.0923733481865,29.073141639630652,11.987611573873048,16.688910446573338,19.631433323709977,1,0,1,1,1,0,0,0,1,0,1,WELLS_PRESENT,100.0,EVIDENCE_PRESENT,0.0,NO_EVIDENCE_IN_AUDITED_WELLS,100.0,EVIDENCE_PRESENT,100.0,EVIDENCE_PRESENT,100.0,EVIDENCE_PRESENT,0.0,NO_EVIDENCE_IN_AUDITED_WELLS,0.0,NO_EVIDENCE_IN_AUDITED_WELLS,0.0,NO_EVIDENCE_IN_AUDITED_WELLS,100.0,EVIDENCE_PRESENT,0.0,NO_EVIDENCE_IN_AUDITED_WELLS,100.0,REVIEW_REQUIRED_PRESENT
PIH-500-0316,500,500.445120209597,0,EPSG:5880,DESCRIPTIVE_NO_PIH_SCORE,,,,,,,,0,0.0,,,,0,0.0,,,,0,0.0,,,,21,NONE,14.128907433730536,21.241790499423477,22.125216009001466,19.76679189035002,24.038234196141612,26.75545323784036,19.782256148319874,25.567802721272315,26.77455592462616,19.76958023813903,26.76094585570789,28.545351701194484,19.76958023813903,26.76094585570789,28.545351701194484,19.76958023813903,26.76094585570789,28.545351701194484,19.782256148319874,26.770126311368994,28.572757663417207,19.782256148319874,26.770126311368994,28.572757663417207,19.782256148319874,26.770126311368994,28.572757663417207,19.76958023813903,24.038234196141612,26.77455592462616,19.782256148319874,26.770126311368994,28.572757663417207,14.128907433730536,21.241790499423477,22.125216009001466,0,0,0,0,0,0,0,0,0,0,0,UNKNOWN_NO_WELLS_IN_DATASET,,UNKNOWN_NO_WELLS_IN_DATASET,,UNKNOWN_NO_WELLS_IN_DATASET,,UNKNOWN_NO_WELLS_IN_DATASET,,UNKNOWN_NO_WELLS_IN_DATASET,,UNKNOWN_NO_WELLS_IN_DATASET,,UNKNOWN_NO_WELLS_IN_DATASET,,UNKNOWN_NO_WELLS_IN_DATASET,,UNKNOWN_NO_WELLS_IN_DATASET,,UNKNOWN_NO_WELLS_IN_DATASET,,UNKNOWN_NO_WELLS_IN_DATASET,,UNKNOWN_NO_WELLS_IN_DATASET
PIH-500-0317,500,500.36901572924626,2,EPSG:5880,DESCRIPTIVE_NO_PIH_SCORE,5.2828377037151055,5.2828377037151055,3.406432353822489,0.26991654162845596,5.2828377037151055,5.2828377037151055,,2,2.4981562820755974,0.0,1.0,50.0,2,9.99262512830239,0.0,1.0,50.0,1,19.98525025660478,0.5,,100.0,21,NONE,8.079415510548289,11.65912355331941,12.687282330391472,20.562203868441408,27.191603236692554,30.772921090034124,20.562203868441408,29.370450098376434,30.88544744286157,20.562203868441408,29.580682171376445,33.79613660420144,20.562203868441408,29.580682171376445,33.79613660420144,20.562203868441408,29.580682171376445,33.79613660420144,20.562203868441408,29.580682171376445,33.79613660420144,20.562203868441408,29.580682171376445,33.79613660420144,37.81465909791389,46.563424791691546,48.97140349905047,29.4370640085505,33.715543607578475,36.09599101108657,20.562203868441408,29.580682171376445,33.79613660420144,8.079415510548289,11.673677983085579,12.86920940125297,0,0,0,0,0,0,0,0,0,0,2,WELLS_PRESENT,0.0,NO_EVIDENCE_IN_AUDITED_WELLS,0.0,NO_EVIDENCE_IN_AUDITED_WELLS,0.0,NO_EVIDENCE_IN_AUDITED_WELLS,0.0,NO_EVIDENCE_IN_AUDITED_WELLS,0.0,NO_EVIDENCE_IN_AUDITED_WELLS,0.0,NO_EVIDENCE_IN_AUDITED_WELLS,0.0,NO_EVIDENCE_IN_AUDITED_WELLS,0.0,NO_EVIDENCE_IN_AUDITED_WELLS,0.0,NO_EVIDENCE_IN_AUDITED_WELLS,0.0,NO_EVIDENCE_IN_AUDITED_WELLS,100.0,REVIEW_REQUIRED_PRESENT
PIH-500-0318,500,500.3000491482801,3,EPSG:5880,DESCRIPTIVE_NO_PIH_SCORE,0.3464116569883744,5.243620949251336,5.344788222417952,0.42353583872860656,0.3464116569883744,5.243620949251336,0.0014624798880685666,2,2.498500654013572,0.33333333333333337,0.9182958340544894,66.66666666666666,2,9.993768976975174,0.33333333333333337,0.9182958340544894,66.66666666666666,2,37.33101248968558,0.33333333333333337,0.9182958340544894,66.66666666666666,18,NONE,7.2186081872057315,11.013968748327624,13.615307157933408,7.3397214123678705,11.013968748327624,13.615307157933408,10.085209955037588,14.1527931224032,16.487747376298714,10.085209955037588,14.1527931224032,16.487747376298714,10.085209955037588,14.1527931224032,16.487747376298714,10.085209955037588,14.1527931224032,16.487747376298714,10.085209955037588,14.1527931224032,16.487747376298714,10.085209955037588,14.1527931224032,16.487747376298714,57.50033987123493,64.59927485352705,67.10039449526516,27.476028781886725,31.26629240536517,32.32689048444028,10.085209955037588,14.1527931224032,16.487747376298714,7.51607683368011,14.040241679602797,15.595656039980847,2,1,1,1,1,1,1,0,0,1,3,WELLS_PRESENT,66.6667,EVIDENCE_PRESENT,33.3333,EVIDENCE_PRESENT,33.3333,EVIDENCE_PRESENT,33.3333,EVIDENCE_PRESENT,33.3333,EVIDENCE_PRESENT,33.3333,EVIDENCE_PRESENT,33.3333,EVIDENCE_PRESENT,0.0,NO_EVIDENCE_IN_AUDITED_WELLS,0.0,NO_EVIDENCE_IN_AUDITED_WELLS,33.3333,EVIDENCE_PRESENT,100.0,REVIEW_REQUIRED_PRESENT
PIH-500-0319,500,500.2382192190101,0,EPSG:5880,DESCRIPTIVE_NO_PIH_SCORE,,,,,,,,0,0.0,,,,0,0.0,,,,0,0.0,,,,21,NONE,17.08422049009371,23.861050578929866,25.23817285955941,17.08422049009371,24.3844982581217,29.21210349579512,18.73749896596255,24.3844982581217,29.21210349579512,17.08422049009371,24.3844982581217,29.21210349579512,17.08422049009371,24.3844982581217,29.21210349579512,17.08422049009371,24.3844982581217,29.21210349579512,18.73749896596255,24.3844982581217,29.21210349579512,18.73749896596255,24.3844982581217,29.21210349579512,77.86630498767158,85.45947062096617,88.64943334453156,19.837413558605405,29.389281425200743,29.835935824170036,18.73749896596255,24.3844982581217,29.21210349579512,17.08422049009371,23.861050578929866,25.23817285955941,0,0,0,0,0,0,0,0,0,0,0,UNKNOWN_NO_WELLS_IN_DATASET,,UNKNOWN_NO_WELLS_IN_DATASET,,UNKNOWN_NO_WELLS_IN_DATASET,,UNKNOWN_NO_WELLS_IN_DATASET,,UNKNOWN_NO_WELLS_IN_DATASET,,UNKNOWN_NO_WELLS_IN_DATASET,,UNKNOWN_NO_WELLS_IN_DATASET,,UNKNOWN_NO_WELLS_IN_DATASET,,UNKNOWN_NO_WELLS_IN_DATASET,,UNKNOWN_NO_WELLS_IN_DATASET,,UNKNOWN_NO_WELLS_IN_DATASET,,UNKNOWN_NO_WELLS_IN_DATASET
PIH-500-0320,500,500.1835248402292,0,EPSG:5880,DESCRIPTIVE_NO_PIH_SCORE,,,,,,,,0,0.0,,,,0,0.0,,,,0,0.0,,,,20,NONE,15.13199321503172,20.1470849097258,24.633338923438536,15.38138072203277,20.40869452343174,24.9660375067611,15.38138072203277,20.40869452343174,24.9660375067611,15.666243021298541,20.701145641906567,25.07693935334377,15.666243021298541,20.701145641906567,25.07693935334377,15.666243021298541,20.701145641906567,25.07693935334377,15.666243021298541,20.703166916343406,25.07693935334377,15.692810272174277,20.88595879421212,25.07693935334377,86.83207081362572,90.87339424353813,92.48676589381795,21.569939826456487,30.70154136562474,35.62519529636587,15.692810272174277,20.88595879421212,25.07693935334377,16.378341176437587,21.774857814882164,24.633338923438536,0,0,0,0,0,0,0,0,0,0,0,UNKNOWN_NO_WELLS_IN_DATASET,,UNKNOWN_NO_WELLS_IN_DATASET,,UNKNOWN_NO_WELLS_IN_DATASET,,UNKNOWN_NO_WELLS_IN_DATASET,,UNKNOWN_NO_WELLS_IN_DATASET,,UNKNOWN_NO_WELLS_IN_DATASET,,UNKNOWN_NO_WELLS_IN_DATASET,,UNKNOWN_NO_WELLS_IN_DATASET,,UNKNOWN_NO_WELLS_IN_DATASET,,UNKNOWN_NO_WELLS_IN_DATASET,,UNKNOWN_NO_WELLS_IN_DATASET,,UNKNOWN_NO_WELLS_IN_DATASET
PIH-500-0321,500,500.13596505708745,10,EPSG:5880,DESCRIPTIVE_NO_PIH_SCORE,1.434109228584096,4.221757602927158,4.810994075587764,0.3812990431457495,1.434109228584096,4.221757602927158,0.1553191125940593,8,9.604038878692231,0.19999999999999996,0.9739760316291209,20.0,6,25.33860735571492,0.4,0.9172088932791936,30.0,4,63.53310670076636,0.6,0.6783898247235197,70.0,19,NONE,4.394025521502709,7.9251967276965605,8.996210525330092,4.394025521502709,7.9251967276965605,8.996210525330092,4.394025521502709,7.9251967276965605,8.996210525330092,4.394025521502709,7.9251967276965605,8.996210525330092,4.394025521502709,7.9251967276965605,8.996210525330092,4.394025521502709,7.9251967276965605,8.996210525330092,5.0129566021411325,8.299607002775526,9.30312927726605,5.38905816650748,8.299607002775526,9.30312927726605,64.64942733845308,73.0227851462093,75.05435100892578,10.123394767861207,17.947974187712628,19.414299348100524,4.640746813188598,7.9251967276965605,9.30312927726605,5.364927125377912,9.968316612746383,11.185750077071619,10,9,8,8,8,7,4,0,1,5,3,WELLS_PRESENT,100.0,EVIDENCE_PRESENT,90.0,EVIDENCE_PRESENT,80.0,EVIDENCE_PRESENT,80.0,EVIDENCE_PRESENT,80.0,EVIDENCE_PRESENT,70.0,EVIDENCE_PRESENT,40.0,EVIDENCE_PRESENT,0.0,NO_EVIDENCE_IN_AUDITED_WELLS,10.0,EVIDENCE_PRESENT,50.0,EVIDENCE_PRESENT,30.0,REVIEW_REQUIRED_PRESENT
PIH-500-0322,500,500.09553906106083,31,EPSG:5880,DESCRIPTIVE_NO_PIH_SCORE,0.20912488868499213,1.3037535091041506,2.7951229333565757,0.22153857586218104,0.20912488868499213,1.3037535091041506,0.47926835660703093,14,16.73915105898032,0.5483870967741935,0.9050835037557854,25.806451612903224,7,26.326915005853962,0.7741935483870968,0.8065910460160012,38.70967741935484,5,51.264115035928846,0.8387096774193549,0.7309521100159648,41.935483870967744,21,NONE,4.065418558712715,6.4157302131887155,11.360396189645254,4.065418558712715,7.879576290846711,11.360396189645254,4.065418558712715,7.879576290846711,11.360396189645254,4.065418558712715,7.879576290846711,11.360396189645254,4.065418558712715,7.879576290846711,11.360396189645254,4.161183451582592,7.879576290846711,11.360396189645254,6.400076939266896,12.234592187116752,15.052989978367316,6.400076939266896,12.234592187116752,15.052989978367316,43.86729826411803,53.15581758382503,56.80560518469895,4.161183451582592,7.879576290846711,11.360396189645254,6.200473005956973,10.035056889766096,14.271279422886776,6.4157302131887155,9.835316687448456,11.366354348704638,30,27,27,27,26,9,9,0,18,14,5,WELLS_PRESENT,96.7742,EVIDENCE_PRESENT,87.0968,EVIDENCE_PRESENT,87.0968,EVIDENCE_PRESENT,87.0968,EVIDENCE_PRESENT,83.871,EVIDENCE_PRESENT,29.0323,EVIDENCE_PRESENT,29.0323,EVIDENCE_PRESENT,0.0,NO_EVIDENCE_IN_AUDITED_WELLS,58.0645,EVIDENCE_PRESENT,45.1613,EVIDENCE_PRESENT,16.129,REVIEW_REQUIRED_PRESENT
PIH-500-0323,500,500.06224619009294,8,EPSG:5880,DESCRIPTIVE_NO_PIH_SCORE,2.1560271278764507,4.844900680761642,6.291364720575395,0.49866371177484003,2.1560271278764507,4.844900680761642,0.13105406331519726,6,7.499066423371782,0.25,0.9306282244165779,37.5,5,24.93735760564952,0.375,0.9283832117695865,37.5,3,56.51150278189042,0.625,0.8194483718728035,62.5,18,NONE,4.75608184989931,7.624665891950707,9.125675327206489,4.75608184989931,8.771855782090643,11.567903422238667,7.041356056458774,10.471071994796446,11.567903422238667,4.75608184989931,8.771855782090643,11.567903422238667,4.75608184989931,8.771855782090643,11.567903422238667,4.75608184989931,8.771855782090643,11.567903422238667,5.860801271602399,10.283257597641102,13.245252934460535,5.860801271602399,10.283257597641102,13.245252934460535,29.93688828229181,37.78944942732896,41.47526483851339,8.297982580079934,12.146774994761154,15.193060954760714,5.533651088302954,9.685030274030048,13.245252934460535,5.395485098950562,7.8980299489147265,9.125675327206489,8,4,8,8,8,4,4,0,1,6,4,WELLS_PRESENT,100.0,EVIDENCE_PRESENT,50.0,EVIDENCE_PRESENT,100.0,EVIDENCE_PRESENT,100.0,EVIDENCE_PRESENT,100.0,EVIDENCE_PRESENT,50.0,EVIDENCE_PRESENT,50.0,EVIDENCE_PRESENT,0.0,NO_EVIDENCE_IN_AUDITED_WELLS,12.5,EVIDENCE_PRESENT,75.0,EVIDENCE_PRESENT,50.0,REVIEW_REQUIRED_PRESENT
PIH-500-0324,500,500.03608592853556,16,EPSG:5880,DESCRIPTIVE_NO_PIH_SCORE,1.4005629827608224,3.5014759471028443,3.6012523289563396,0.285448532728893,1.4005629827608224,3.5014759471028443,0.458278698513563,11,12.404893738079762,0.3125,0.9619555747789696,18.75,7,27.610992691995,0.5625,0.9101223762275824,31.25,6,82.02411218614193,0.625,0.8423415361816292,43.75,21,NONE,3.2444201394281262,5.208721309323706,7.201654365651553,5.036279740110939,7.84530240825474,9.651604469768833,5.036279740110939,7.84530240825474,9.651604469768833,5.036279740110939,7.84530240825474,9.651604469768833,5.036279740110939,7.84530240825474,9.651604469768833,5.036279740110939,7.84530240825474,9.651604469768833,11.87013598151187,15.688199180185634,19.16975226190897,11.87013598151187,15.688199180185634,19.16975226190897,18.89032102740843,25.24287832319,27.170721243597026,5.036279740110939,7.84530240825474,9.651604469768833,9.612892435386051,13.290078133583869,14.531768530295198,3.5275050087566155,5.669281773932294,7.201654365651553,8,8,8,8,8,0,0,0,8,1,8,WELLS_PRESENT,50.0,EVIDENCE_PRESENT,50.0,EVIDENCE_PRESENT,50.0,EVIDENCE_PRESENT,50.0,EVIDENCE_PRESENT,50.0,EVIDENCE_PRESENT,0.0,NO_EVIDENCE_IN_AUDITED_WELLS,0.0,NO_EVIDENCE_IN_AUDITED_WELLS,0.0,NO_EVIDENCE_IN_AUDITED_WELLS,50.0,EVIDENCE_PRESENT,6.25,EVIDENCE_PRESENT,50.0,REVIEW_REQUIRED_PRESENT
PIH-500-0325,500,500.0170863551992,15,EPSG:5880,DESCRIPTIVE_NO_PIH_SCORE,1.484930144940468,2.6114021159647187,7.265814666185651,0.5759261917213813,1.484930144940468,2.6114021159647187,0.20154869179694448,11,12.559794168792482,0.2666666666666667,0.9606293157795305,20.0,8,29.890404861675655,0.4666666666666667,0.9299660318214293,26.666666666666668,5,50.888904411916336,0.6666666666666667,0.8312595767133785,46.666666666666664,20,NONE,4.051126520630056,8.151257895781978,10.916758951354677,4.14185322807689,8.151257895781978,10.916758951354677,4.306927432921498,8.151257895781978,10.916758951354677,4.306927432921498,8.151257895781978,10.916758951354677,4.306927432921498,8.151257895781978,10.916758951354677,4.306927432921498,8.151257895781978,10.916758951354677,9.130321898119025,16.233792340539573,18.62983404145735,9.130321898119025,16.233792340539573,18.62983404145735,20.419886863827763,28.54391596924406,31.000714901653623,4.14185322807689,8.235705491961012,10.916758951354677,8.652915331726959,16.141395784193314,18.62983404145735,4.110265135498681,9.701871862353652,10.916758951354677,13,12,12,12,11,1,1,0,12,4,6,WELLS_PRESENT,86.6667,EVIDENCE_PRESENT,80.0,EVIDENCE_PRESENT,80.0,EVIDENCE_PRESENT,80.0,EVIDENCE_PRESENT,73.3333,EVIDENCE_PRESENT,6.6667,EVIDENCE_PRESENT,6.6667,EVIDENCE_PRESENT,0.0,NO_EVIDENCE_IN_AUDITED_WELLS,80.0,EVIDENCE_PRESENT,26.6667,EVIDENCE_PRESENT,40.0,REVIEW_REQUIRED_PRESENT
PIH-500-0326,500,500.00516190298896,3,EPSG:5880,DESCRIPTIVE_NO_PIH_SCORE,2.026130951307386,11.380873063731373,3.623814192938103,0.2872457515155971,2.026130951307386,11.380873063731373,0.012934054442443688,3,3.5143029219736976,0.0,0.9999999999999998,33.33333333333333,2,7.782965907599793,0.33333333333333337,0.9182958340544894,66.66666666666666,2,19.619129037161656,0.33333333333333337,0.9182958340544894,66.66666666666666,20,NONE,6.2974686667405635,13.282195991299577,14.024995506069867,9.464641749119954,13.702362609767968,14.473193766517845,9.464641749119954,13.702362609767968,14.473193766517845,9.464641749119954,13.702362609767968,14.473193766517845,9.464641749119954,13.702362609767968,14.473193766517845,9.464641749119954,13.702362609767968,14.473193766517845,29.60556044632304,38.69918111864153,40.77165089570192,29.60556044632304,38.69918111864153,40.77165089570192,36.203868501947255,43.994301916794754,46.305037663043485,9.464641749119954,13.702362609767968,14.473193766517845,25.787289788835473,33.305345169729755,37.07004194757107,6.2974686667405635,13.282195991299577,14.024995506069867,2,2,2,2,2,0,0,0,2,0,3,WELLS_PRESENT,66.6667,EVIDENCE_PRESENT,66.6667,EVIDENCE_PRESENT,66.6667,EVIDENCE_PRESENT,66.6667,EVIDENCE_PRESENT,66.6667,EVIDENCE_PRESENT,0.0,NO_EVIDENCE_IN_AUDITED_WELLS,0.0,NO_EVIDENCE_IN_AUDITED_WELLS,0.0,NO_EVIDENCE_IN_AUDITED_WELLS,66.6667,EVIDENCE_PRESENT,0.0,NO_EVIDENCE_IN_AUDITED_WELLS,100.0,REVIEW_REQUIRED_PRESENT
PIH-500-0327,500,500.0003978397188,0,EPSG:5880,DESCRIPTIVE_NO_PIH_SCORE,,,,,,,,0,0.0,,,,0,0.0,,,,0,0.0,,,,20,NONE,21.72428814778149,27.22142527588277,28.87780566607146,21.72428814778149,27.22142527588277,28.87780566607146,21.72428814778149,27.22142527588277,28.87780566607146,21.72428814778149,27.22142527588277,28.87780566607146,21.72428814778149,27.22142527588277,28.87780566607146,21.72428814778149,27.22142527588277,28.87780566607146,33.875584360158136,41.69332077072536,43.77025369433306,33.875584360158136,41.69332077072536,43.77025369433306,57.55429848985692,66.30930401136993,68.78126575337343,21.72428814778149,27.22142527588277,28.87780566607146,33.875584360158136,39.479702157911646,41.226933139205144,21.72428814778149,27.22142527588277,28.87780566607146,0,0,0,0,0,0,0,0,0,0,0,UNKNOWN_NO_WELLS_IN_DATASET,,UNKNOWN_NO_WELLS_IN_DATASET,,UNKNOWN_NO_WELLS_IN_DATASET,,UNKNOWN_NO_WELLS_IN_DATASET,,UNKNOWN_NO_WELLS_IN_DATASET,,UNKNOWN_NO_WELLS_IN_DATASET,,UNKNOWN_NO_WELLS_IN_DATASET,,UNKNOWN_NO_WELLS_IN_DATASET,,UNKNOWN_NO_WELLS_IN_DATASET,,UNKNOWN_NO_WELLS_IN_DATASET,,UNKNOWN_NO_WELLS_IN_DATASET,,UNKNOWN_NO_WELLS_IN_DATASET
PIH-500-0328,500,500.00276578727335,0,EPSG:5880,DESCRIPTIVE_NO_PIH_SCORE,,,,,,,,0,0.0,,,,0,0.0,,,,0,0.0,,,,18,NONE,17.183552781724305,21.69098439411612,25.284589760305614,17.183552781724305,21.69098439411612,25.284589760305614,17.183552781724305,21.69098439411612,25.284589760305614,17.183552781724305,21.69098439411612,25.284589760305614,17.183552781724305,21.69098439411612,25.284589760305614,17.183552781724305,21.69098439411612,25.284589760305614,24.825512200021922,32.61812474756957,34.86454378375002,24.825512200021922,32.61812474756957,34.86454378375002,79.86412128165688,86.86331301229062,89.28136614879122,17.98389815679224,22.760913592070743,25.284589760305614,19.859224324502534,28.025349979058394,31.668164999617346,18.06082440056319,23.08465253689788,25.284589760305614,0,0,0,0,0,0,0,0,0,0,0,UNKNOWN_NO_WELLS_IN_DATASET,,UNKNOWN_NO_WELLS_IN_DATASET,,UNKNOWN_NO_WELLS_IN_DATASET,,UNKNOWN_NO_WELLS_IN_DATASET,,UNKNOWN_NO_WELLS_IN_DATASET,,UNKNOWN_NO_WELLS_IN_DATASET,,UNKNOWN_NO_WELLS_IN_DATASET,,UNKNOWN_NO_WELLS_IN_DATASET,,UNKNOWN_NO_WELLS_IN_DATASET,,UNKNOWN_NO_WELLS_IN_DATASET,,UNKNOWN_NO_WELLS_IN_DATASET,,UNKNOWN_NO_WELLS_IN_DATASET
PIH-500-0329,500,500.0122659620977,1,EPSG:5880,DESCRIPTIVE_NO_PIH_SCORE,19.105272081497436,19.105272081497436,5.2782601677757714,0.4183843202815025,,,,1,1.2499693358470065,0.0,,100.0,1,4.999877343388026,0.0,,100.0,1,19.999509373552105,0.0,,100.0,20,NONE,9.184365759715865,14.076350141940132,15.01410039757542,9.184365759715865,14.076350141940132,15.01410039757542,9.184365759715865,14.076350141940132,15.01410039757542,9.184365759715865,14.076350141940132,15.01410039757542,9.184365759715865,14.076350141940132,15.01410039757542,9.184365759715865,14.076350141940132,15.01410039757542,28.02792978289945,33.14776805233774,34.56994974193742,28.02792978289945,33.14776805233774,34.56994974193742,77.8852734522113,85.6434229500416,88.64542671570008,22.186818759458745,28.09468096071028,31.965744321121516,9.184365759715865,14.076350141940132,15.01410039757542,25.365273806708466,32.14980112860045,35.048742847021444,1,1,1,1,1,0,0,0,0,1,0,WELLS_PRESENT,100.0,EVIDENCE_PRESENT,100.0,EVIDENCE_PRESENT,100.0,EVIDENCE_PRESENT,100.0,EVIDENCE_PRESENT,100.0,EVIDENCE_PRESENT,0.0,NO_EVIDENCE_IN_AUDITED_WELLS,0.0,NO_EVIDENCE_IN_AUDITED_WELLS,0.0,NO_EVIDENCE_IN_AUDITED_WELLS,0.0,NO_EVIDENCE_IN_AUDITED_WELLS,100.0,EVIDENCE_PRESENT,0.0,NO_REVIEW_FLAG_IN_AUDITED_WELLS
PIH-500-0330,500,500.02889872692674,0,EPSG:5880,DESCRIPTIVE_NO_PIH_SCORE,,,,,,,,0,0.0,,,,0,0.0,,,,0,0.0,,,,20,NONE,26.484197720016052,32.7122495099221,35.41512765603275,27.458330366054298,36.28098697316782,37.39238537326934,27.458330366054298,36.28098697316782,37.39238537326934,27.458330366054298,36.28098697316782,37.39238537326934,27.458330366054298,36.28098697316782,37.39238537326934,27.458330366054298,36.28098697316782,37.39238537326934,40.89463145525674,46.868852296727525,48.839084253252196,40.89463145525674,46.868852296727525,48.839084253252196,56.521846727971564,65.04710321112705,67.12346390183072,36.16085017706523,40.254228600590075,42.681928995624745,27.458330366054298,36.43594789311673,37.39238537326934,34.25139932747808,37.49843006516532,38.97479255145762,0,0,0,0,0,0,0,0,0,0,0,UNKNOWN_NO_WELLS_IN_DATASET,,UNKNOWN_NO_WELLS_IN_DATASET,,UNKNOWN_NO_WELLS_IN_DATASET,,UNKNOWN_NO_WELLS_IN_DATASET,,UNKNOWN_NO_WELLS_IN_DATASET,,UNKNOWN_NO_WELLS_IN_DATASET,,UNKNOWN_NO_WELLS_IN_DATASET,,UNKNOWN_NO_WELLS_IN_DATASET,,UNKNOWN_NO_WELLS_IN_DATASET,,UNKNOWN_NO_WELLS_IN_DATASET,,UNKNOWN_NO_WELLS_IN_DATASET,,UNKNOWN_NO_WELLS_IN_DATASET
PIH-500-0331,500,500.0526645910259,0,EPSG:5880,DESCRIPTIVE_NO_PIH_SCORE,,,,,,,,0,0.0,,,,0,0.0,,,,0,0.0,,,,21,NONE,24.305821347587788,30.4569253121041,34.63009197734034,25.119911506736432,34.29188315321358,35.29068485943174,25.119911506736432,34.29188315321358,35.29068485943174,25.119911506736432,34.29188315321358,35.29068485943174,25.119911506736432,34.29188315321358,35.29068485943174,25.119911506736432,34.29188315321358,35.29068485943174,35.76507059744375,42.98481085902933,46.004339540293046,35.76507059744375,42.98481085902933,46.004339540293046,36.12928240874815,43.17006838315107,46.23696553996432,25.119911506736432,34.29188315321358,35.29068485943174,35.76507059744375,42.27662391092456,46.004339540293046,24.305821347587788,30.4569253121041,34.63009197734034,0,0,0,0,0,0,0,0,0,0,0,UNKNOWN_NO_WELLS_IN_DATASET,,UNKNOWN_NO_WELLS_IN_DATASET,,UNKNOWN_NO_WELLS_IN_DATASET,,UNKNOWN_NO_WELLS_IN_DATASET,,UNKNOWN_NO_WELLS_IN_DATASET,,UNKNOWN_NO_WELLS_IN_DATASET,,UNKNOWN_NO_WELLS_IN_DATASET,,UNKNOWN_NO_WELLS_IN_DATASET,,UNKNOWN_NO_WELLS_IN_DATASET,,UNKNOWN_NO_WELLS_IN_DATASET,,UNKNOWN_NO_WELLS_IN_DATASET,,UNKNOWN_NO_WELLS_IN_DATASET
PIH-500-0332,500,500.08356420999104,3,EPSG:5880,DESCRIPTIVE_NO_PIH_SCORE,0.09699829153973138,8.826439500576374,6.483089663084049,0.5138491870831429,0.09699829153973138,8.826439500576374,0.0010676503538427614,2,2.392594859706276,0.33333333333333337,0.9182958340544894,66.66666666666666,2,7.883053457671465,0.33333333333333337,0.9182958340544894,66.66666666666666,2,35.999597130342764,0.33333333333333337,0.9182958340544894,66.66666666666666,20,NONE,8.101576574663168,13.46620202226895,14.552921341389286,8.101576574663168,13.46620202226895,14.552921341389286,8.101576574663168,13.46620202226895,14.552921341389286,8.101576574663168,13.46620202226895,14.552921341389286,8.101576574663168,13.46620202226895,14.552921341389286,8.101576574663168,13.46620202226895,14.552921341389286,25.016636357621003,33.6947403173807,35.286911053721965,25.016636357621003,33.6947403173807,35.286911053721965,26.443383315365722,35.28531744989332,35.615189672083645,8.101576574663168,13.46620202226895,14.552921341389286,25.016636357621003,33.6947403173807,35.286911053721965,8.101576574663168,13.46620202226895,14.552921341389286,3,3,3,3,3,0,0,0,3,0,3,WELLS_PRESENT,100.0,EVIDENCE_PRESENT,100.0,EVIDENCE_PRESENT,100.0,EVIDENCE_PRESENT,100.0,EVIDENCE_PRESENT,100.0,EVIDENCE_PRESENT,0.0,NO_EVIDENCE_IN_AUDITED_WELLS,0.0,NO_EVIDENCE_IN_AUDITED_WELLS,0.0,NO_EVIDENCE_IN_AUDITED_WELLS,100.0,EVIDENCE_PRESENT,0.0,NO_EVIDENCE_IN_AUDITED_WELLS,100.0,REVIEW_REQUIRED_PRESENT
PIH-500-0333,500,500.12159838585126,1,EPSG:5880,DESCRIPTIVE_NO_PIH_SCORE,17.31244128929523,17.31244128929523,6.38548025538734,0.5060934276872564,,,,1,1.2496960779482336,0.0,,100.0,1,4.998784311792934,0.0,,100.0,1,17.297833554427196,0.0,,100.0,18,NONE,7.791616716484441,12.993758030908444,15.547503003250077,7.791616716484441,12.993758030908444,15.547503003250077,7.791616716484441,12.993758030908444,15.547503003250077,7.791616716484441,12.993758030908444,15.547503003250077,7.791616716484441,12.993758030908444,15.547503003250077,7.791616716484441,12.993758030908444,15.547503003250077,30.610366760261954,35.32593981668754,36.575515687681346,30.610366760261954,35.32593981668754,36.575515687681346,35.847056007353444,42.79584724903128,46.301271186519706,7.791616716484441,12.993758030908444,15.547503003250077,29.145983327428233,35.32593981668754,36.418120475565985,7.791616716484441,12.993758030908444,15.547503003250077,1,1,1,1,1,0,0,0,1,0,1,WELLS_PRESENT,100.0,EVIDENCE_PRESENT,100.0,EVIDENCE_PRESENT,100.0,EVIDENCE_PRESENT,100.0,EVIDENCE_PRESENT,100.0,EVIDENCE_PRESENT,0.0,NO_EVIDENCE_IN_AUDITED_WELLS,0.0,NO_EVIDENCE_IN_AUDITED_WELLS,0.0,NO_EVIDENCE_IN_AUDITED_WELLS,100.0,EVIDENCE_PRESENT,0.0,NO_EVIDENCE_IN_AUDITED_WELLS,100.0,REVIEW_REQUIRED_PRESENT
PIH-500-0334,500,500.1667680670499,0,EPSG:5880,DESCRIPTIVE_NO_PIH_SCORE,,,,,,,,0,0.0,,,,0,0.0,,,,0,0.0,,,,20,NONE,18.40024515447437,22.53543213674841,24.612152418635546,18.40024515447437,22.53543213674841,24.769456393731833,18.40024515447437,22.53543213674841,24.769456393731833,18.40024515447437,22.53543213674841,24.769456393731833,18.40024515447437,22.53543213674841,24.769456393731833,18.40024515447437,22.53543213674841,24.769456393731833,22.329952538755215,30.59155935827254,32.71831472640777,22.329952538755215,30.59155935827254,32.71831472640777,52.74776824410684,60.52672964716348,62.720692179339416,21.651474005401823,29.981308968044658,33.10167159655026,22.329952538755215,29.728359171568993,32.164240085736274,21.651474005401823,26.672023429006494,30.349879223093538,0,0,0,0,0,0,0,0,0,0,0,UNKNOWN_NO_WELLS_IN_DATASET,,UNKNOWN_NO_WELLS_IN_DATASET,,UNKNOWN_NO_WELLS_IN_DATASET,,UNKNOWN_NO_WELLS_IN_DATASET,,UNKNOWN_NO_WELLS_IN_DATASET,,UNKNOWN_NO_WELLS_IN_DATASET,,UNKNOWN_NO_WELLS_IN_DATASET,,UNKNOWN_NO_WELLS_IN_DATASET,,UNKNOWN_NO_WELLS_IN_DATASET,,UNKNOWN_NO_WELLS_IN_DATASET,,UNKNOWN_NO_WELLS_IN_DATASET,,UNKNOWN_NO_WELLS_IN_DATASET
PIH-500-0335,500,500.2190743484113,1,EPSG:5880,DESCRIPTIVE_NO_PIH_SCORE,21.49974887911902,21.49974887911902,3.624967875989719,0.28727575486047296,,,,1,1.2494525539917267,0.0,,100.0,1,4.997810215966907,0.0,,100.0,1,19.991240863867628,0.0,,100.0,21,NONE,8.77159364624208,11.300536118416305,13.593755545284598,8.77159364624208,11.300536118416305,13.593755545284598,8.77159364624208,11.300536118416305,13.593755545284598,8.77159364624208,11.300536118416305,13.593755545284598,8.77159364624208,11.300536118416305,13.593755545284598,8.77159364624208,11.300536118416305,13.593755545284598,9.159858273471427,12.900956164906681,14.226188815428776,9.159858273471427,12.900956164906681,14.226188815428776,50.957031369458264,59.68391713819946,61.97878197716994,18.89307590285983,24.392904615625323,28.520472645870534,9.159858273471427,12.900956164906681,14.226188815428776,17.050714218011848,24.392904615625323,28.520472645870534,1,1,1,1,1,1,1,0,0,1,0,WELLS_PRESENT,100.0,EVIDENCE_PRESENT,100.0,EVIDENCE_PRESENT,100.0,EVIDENCE_PRESENT,100.0,EVIDENCE_PRESENT,100.0,EVIDENCE_PRESENT,100.0,EVIDENCE_PRESENT,100.0,EVIDENCE_PRESENT,0.0,NO_EVIDENCE_IN_AUDITED_WELLS,0.0,NO_EVIDENCE_IN_AUDITED_WELLS,100.0,EVIDENCE_PRESENT,0.0,NO_REVIEW_FLAG_IN_AUDITED_WELLS
PIH-500-0336,500,500.27851847104444,1,EPSG:5880,DESCRIPTIVE_NO_PIH_SCORE,16.645762507189882,16.645762507189882,7.2645812912064125,0.5756779521214704,,,,1,1.249304091469149,0.0,,100.0,1,4.997216365876596,0.0,,100.0,1,19.427646102903022,0.0,,100.0,21,NONE,7.343544004498652,9.82238154569849,11.706838473088968,7.343544004498652,9.82238154569849,11.706838473088968,7.343544004498652,9.82238154569849,11.706838473088968,7.343544004498652,9.82238154569849,11.706838473088968,7.343544004498652,9.82238154569849,11.706838473088968,7.343544004498652,9.82238154569849,11.706838473088968,10.196249825214323,17.93245812921919,20.214004845583307,10.196249825214323,17.93245812921919,20.214004845583307,29.276582915646614,36.761298667486116,38.93575227123741,7.890826100120183,10.611057543125726,13.45355367701707,9.964869293705313,17.93245812921919,20.214004845583307,7.343544004498652,9.82238154569849,11.706838473088968,1,1,1,1,1,0,0,0,1,0,1,WELLS_PRESENT,100.0,EVIDENCE_PRESENT,100.0,EVIDENCE_PRESENT,100.0,EVIDENCE_PRESENT,100.0,EVIDENCE_PRESENT,100.0,EVIDENCE_PRESENT,0.0,NO_EVIDENCE_IN_AUDITED_WELLS,0.0,NO_EVIDENCE_IN_AUDITED_WELLS,0.0,NO_EVIDENCE_IN_AUDITED_WELLS,100.0,EVIDENCE_PRESENT,0.0,NO_EVIDENCE_IN_AUDITED_WELLS,100.0,REVIEW_REQUIRED_PRESENT
PIH-500-0337,500,497.28322491718376,40,EPSG:5880,DESCRIPTIVE_NO_PIH_SCORE,0.31330725110005975,1.6079520551418878,8.884449112817308,0.706160686761825,0.31330725110005975,1.6079520551418878,0.5033041177708162,18,19.43150153747562,0.55,0.8830693286994019,25.0,12,42.54702694233142,0.7,0.8182751738094612,27.500000000000004,8,89.67225589623436,0.8,0.7749747495736913,32.5,21,NONE,3.290159998979621,5.03008958574829,7.924795004847407,3.672444829893468,6.208796933920494,7.924795004847407,3.672444829893468,6.208796933920494,7.924795004847407,3.672444829893468,6.208796933920494,7.924795004847407,3.672444829893468,6.208796933920494,7.924795004847407,3.672444829893468,6.208796933920494,7.924795004847407,7.220485567472904,13.926170231275268,17.134000082625672,7.220485567472904,13.926170231275268,17.134000082625672,14.523813107598226,23.81019654344724,24.292809586347733,3.6745039775354913,7.89860312699164,9.844020124075055,5.771598304384469,9.558026479829977,11.130086986937354,3.290159998979621,5.03008958574829,7.924795004847407,33,33,32,32,32,10,10,1,24,15,31,WELLS_PRESENT,82.5,EVIDENCE_PRESENT,82.5,EVIDENCE_PRESENT,80.0,EVIDENCE_PRESENT,80.0,EVIDENCE_PRESENT,80.0,EVIDENCE_PRESENT,25.0,EVIDENCE_PRESENT,25.0,EVIDENCE_PRESENT,2.5,EVIDENCE_PRESENT,60.0,EVIDENCE_PRESENT,37.5,EVIDENCE_PRESENT,77.5,REVIEW_REQUIRED_PRESENT
PIH-500-0338,500,69.07963609719812,0,EPSG:5880,DESCRIPTIVE_NO_PIH_SCORE,,,,,,,,0,0.0,,,,0,0.0,,,,0,0.0,,,,2,NONE,10.376397361243487,10.439993556175217,10.455892604908149,10.376397361243487,10.439993556175217,10.455892604908149,13.459144380500614,15.988938190838043,16.6213866434224,10.376397361243487,10.439993556175217,10.455892604908149,10.376397361243487,10.439993556175217,10.455892604908149,10.376397361243487,10.439993556175217,10.455892604908149,21.04725919412141,23.874170843003636,24.580898755224194,21.04725919412141,23.874170843003636,24.580898755224194,24.391969163932373,25.294983631202605,25.52073724802016,11.577926847440668,12.475554241466684,12.699961089973188,10.376397361243487,10.439993556175217,10.455892604908149,10.376397361243487,10.439993556175217,10.455892604908149,0,0,0,0,0,0,0,0,0,0,0,UNKNOWN_NO_WELLS_IN_DATASET,,UNKNOWN_NO_WELLS_IN_DATASET,,UNKNOWN_NO_WELLS_IN_DATASET,,UNKNOWN_NO_WELLS_IN_DATASET,,UNKNOWN_NO_WELLS_IN_DATASET,,UNKNOWN_NO_WELLS_IN_DATASET,,UNKNOWN_NO_WELLS_IN_DATASET,,UNKNOWN_NO_WELLS_IN_DATASET,,UNKNOWN_NO_WELLS_IN_DATASET,,UNKNOWN_NO_WELLS_IN_DATASET,,UNKNOWN_NO_WELLS_IN_DATASET,,UNKNOWN_NO_WELLS_IN_DATASET
PIH-500-0339,500,137.02401152048006,0,EPSG:5880,DESCRIPTIVE_NO_PIH_SCORE,,,,,,,,0,0.0,,,,0,0.0,,,,0,0.0,,,,4,NONE,85.34131252628099,93.70477802250663,95.18305051770943,85.34131252628099,93.70477802250663,95.18305051770943,85.34131252628099,93.70477802250663,95.18305051770943,85.34131252628099,93.70477802250663,95.18305051770943,85.34131252628099,93.70477802250663,95.18305051770943,85.34131252628099,93.70477802250663,95.18305051770943,115.19729296808552,119.36985885144492,121.03944915472134,115.19729296808552,119.36985885144492,121.03944915472134,139.08806180076306,143.27910996882375,144.94051672233348,126.12676512849139,127.81019380859446,127.81931265934797,110.9800357864352,114.91067829779846,114.92043779237113,85.34131252628099,93.70477802250663,95.18305051770943,0,0,0,0,0,0,0,0,0,0,0,UNKNOWN_NO_WELLS_IN_DATASET,,UNKNOWN_NO_WELLS_IN_DATASET,,UNKNOWN_NO_WELLS_IN_DATASET,,UNKNOWN_NO_WELLS_IN_DATASET,,UNKNOWN_NO_WELLS_IN_DATASET,,UNKNOWN_NO_WELLS_IN_DATASET,,UNKNOWN_NO_WELLS_IN_DATASET,,UNKNOWN_NO_WELLS_IN_DATASET,,UNKNOWN_NO_WELLS_IN_DATASET,,UNKNOWN_NO_WELLS_IN_DATASET,,UNKNOWN_NO_WELLS_IN_DATASET,,UNKNOWN_NO_WELLS_IN_DATASET
PIH-500-0340,500,500.9917034893953,0,EPSG:5880,DESCRIPTIVE_NO_PIH_SCORE,,,,,,,,0,0.0,,,,0,0.0,,,,0,0.0,,,,21,NONE,84.38820627933954,93.87897287582739,94.0502280739703,84.38820627933954,93.87897287582739,94.0502280739703,84.38820627933954,93.87897287582739,94.0502280739703,84.38820627933954,93.87897287582739,94.0502280739703,84.38820627933954,93.87897287582739,94.0502280739703,84.38820627933954,93.87897287582739,94.0502280739703,99.92732760916745,109.88851428460934,110.50128272155696,99.92732760916745,109.88851428460934,110.50128272155696,123.77976003485125,133.77552021069536,134.4277686546479,110.24643821263533,119.70402012020644,123.18842900826753,99.88991319860688,105.09169387238623,109.88851428460934,84.38820627933954,93.87897287582739,94.0502280739703,0,0,0,0,0,0,0,0,0,0,0,UNKNOWN_NO_WELLS_IN_DATASET,,UNKNOWN_NO_WELLS_IN_DATASET,,UNKNOWN_NO_WELLS_IN_DATASET,,UNKNOWN_NO_WELLS_IN_DATASET,,UNKNOWN_NO_WELLS_IN_DATASET,,UNKNOWN_NO_WELLS_IN_DATASET,,UNKNOWN_NO_WELLS_IN_DATASET,,UNKNOWN_NO_WELLS_IN_DATASET,,UNKNOWN_NO_WELLS_IN_DATASET,,UNKNOWN_NO_WELLS_IN_DATASET,,UNKNOWN_NO_WELLS_IN_DATASET,,UNKNOWN_NO_WELLS_IN_DATASET
PIH-500-0341,500,500.8762891193975,0,EPSG:5880,DESCRIPTIVE_NO_PIH_SCORE,,,,,,,,0,0.0,,,,0,0.0,,,,0,0.0,,,,20,NONE,75.06166865123187,81.15032161110427,85.0834032376401,75.06166865123187,81.15032161110427,85.0834032376401,75.06166865123187,81.15032161110427,85.0834032376401,75.06166865123187,81.15032161110427,85.0834032376401,75.06166865123187,81.15032161110427,85.0834032376401,75.06166865123187,81.15032161110427,85.0834032376401,75.06166865123187,84.9176383686834,85.68434192415513,75.06166865123187,84.9176383686834,85.68434192415513,98.95193705649368,108.81625399664131,109.58865339110397,87.85304966021535,96.47048336289511,98.57040035913289,75.06166865123187,84.9176383686834,85.68434192415513,75.06166865123187,81.15032161110427,85.0834032376401,0,0,0,0,0,0,0,0,0,0,0,UNKNOWN_NO_WELLS_IN_DATASET,,UNKNOWN_NO_WELLS_IN_DATASET,,UNKNOWN_NO_WELLS_IN_DATASET,,UNKNOWN_NO_WELLS_IN_DATASET,,UNKNOWN_NO_WELLS_IN_DATASET,,UNKNOWN_NO_WELLS_IN_DATASET,,UNKNOWN_NO_WELLS_IN_DATASET,,UNKNOWN_NO_WELLS_IN_DATASET,,UNKNOWN_NO_WELLS_IN_DATASET,,UNKNOWN_NO_WELLS_IN_DATASET,,UNKNOWN_NO_WELLS_IN_DATASET,,UNKNOWN_NO_WELLS_IN_DATASET
PIH-500-0342,500,500.76802229345856,0,EPSG:5880,DESCRIPTIVE_NO_PIH_SCORE,,,,,,,,0,0.0,,,,0,0.0,,,,0,0.0,,,,20,NONE,50.44072124748158,59.93557065877335,61.01704203615241,50.44072124748158,59.93557065877335,61.01704203615241,50.44072124748158,59.93557065877335,61.01704203615241,50.44072124748158,59.93557065877335,61.01704203615241,50.44072124748158,59.93557065877335,61.01704203615241,50.44072124748158,59.93557065877335,61.01704203615241,50.44072124748158,59.93557065877335,61.01704203615241,50.44072124748158,59.93557065877335,61.01704203615241,74.11393401427823,83.84402217431843,84.84409772449413,63.60967932595878,73.5808094314006,73.73393922714587,50.44072124748158,59.93557065877335,61.01704203615241,50.44072124748158,59.93557065877335,61.01704203615241,0,0,0,0,0,0,0,0,0,0,0,UNKNOWN_NO_WELLS_IN_DATASET,,UNKNOWN_NO_WELLS_IN_DATASET,,UNKNOWN_NO_WELLS_IN_DATASET,,UNKNOWN_NO_WELLS_IN_DATASET,,UNKNOWN_NO_WELLS_IN_DATASET,,UNKNOWN_NO_WELLS_IN_DATASET,,UNKNOWN_NO_WELLS_IN_DATASET,,UNKNOWN_NO_WELLS_IN_DATASET,,UNKNOWN_NO_WELLS_IN_DATASET,,UNKNOWN_NO_WELLS_IN_DATASET,,UNKNOWN_NO_WELLS_IN_DATASET,,UNKNOWN_NO_WELLS_IN_DATASET
PIH-500-0343,500,500.66690097135626,0,EPSG:5880,DESCRIPTIVE_NO_PIH_SCORE,,,,,,,,0,0.0,,,,0,0.0,,,,0,0.0,,,,20,NONE,26.64293248038863,34.97890895619778,36.801526961631005,26.64293248038863,34.97890895619778,36.801526961631005,26.64293248038863,34.97890895619778,36.801526961631005,26.64293248038863,34.97890895619778,36.801526961631005,26.64293248038863,34.97890895619778,36.801526961631005,26.64293248038863,34.97890895619778,36.801526961631005,26.64293248038863,34.97890895619778,36.801526961631005,26.64293248038863,34.97890895619778,36.801526961631005,50.06354817432373,58.89529127881729,60.31060342337404,38.84396236297674,48.593775188079206,48.88072501367902,26.64293248038863,34.97890895619778,36.801526961631005,26.64293248038863,34.97890895619778,36.801526961631005,0,0,0,0,0,0,0,0,0,0,0,UNKNOWN_NO_WELLS_IN_DATASET,,UNKNOWN_NO_WELLS_IN_DATASET,,UNKNOWN_NO_WELLS_IN_DATASET,,UNKNOWN_NO_WELLS_IN_DATASET,,UNKNOWN_NO_WELLS_IN_DATASET,,UNKNOWN_NO_WELLS_IN_DATASET,,UNKNOWN_NO_WELLS_IN_DATASET,,UNKNOWN_NO_WELLS_IN_DATASET,,UNKNOWN_NO_WELLS_IN_DATASET,,UNKNOWN_NO_WELLS_IN_DATASET,,UNKNOWN_NO_WELLS_IN_DATASET,,UNKNOWN_NO_WELLS_IN_DATASET
PIH-500-0344,500,500.5729232582016,4,EPSG:5880,DESCRIPTIVE_NO_PIH_SCORE,0.3000184723539201,1.0091149909833452,6.286788429234315,0.49804674304729446,0.3000184723539201,1.0091149909833452,0.0002931978764933943,2,2.497138662362756,0.5,0.8112781244591328,75.0,1,4.994277324725512,0.75,,100.0,1,19.88151638370532,0.75,,100.0,21,NONE,7.898199676940851,14.79458003097744,17.43661214754488,7.898199676940851,15.124474781455458,17.43661214754488,10.028830596986108,15.350092982575596,17.43661214754488,7.898199676940851,15.124474781455458,17.43661214754488,7.898199676940851,15.124474781455458,17.43661214754488,7.898199676940851,15.124474781455458,17.43661214754488,10.028830596986108,15.350092982575596,17.43661214754488,10.028830596986108,15.350092982575596,17.43661214754488,27.41816986129229,34.2994757122287,36.41726035686214,14.933497759652884,23.617435249150148,24.330161564884264,10.028830596986108,15.350092982575596,17.43661214754488,7.898199676940851,14.79458003097744,17.43661214754488,4,4,4,4,4,3,3,0,0,4,4,WELLS_PRESENT,100.0,EVIDENCE_PRESENT,100.0,EVIDENCE_PRESENT,100.0,EVIDENCE_PRESENT,100.0,EVIDENCE_PRESENT,100.0,EVIDENCE_PRESENT,75.0,EVIDENCE_PRESENT,75.0,EVIDENCE_PRESENT,0.0,NO_EVIDENCE_IN_AUDITED_WELLS,0.0,NO_EVIDENCE_IN_AUDITED_WELLS,100.0,EVIDENCE_PRESENT,100.0,REVIEW_REQUIRED_PRESENT
PIH-500-0345,500,500.4860874047837,12,EPSG:5880,DESCRIPTIVE_NO_PIH_SCORE,0.12675310282912364,0.5967748346238184,5.4822454035604045,0.43434757760445325,0.12675310282912364,0.5967748346238184,0.0423834807908022,4,4.995143846981799,0.6666666666666667,0.8070027314271102,58.333333333333336,4,19.86859963276561,0.6666666666666667,0.8070027314271102,58.333333333333336,3,55.94187872962064,0.75,0.8734790278701755,58.333333333333336,18,NONE,6.4316448626654825,9.898052109004425,13.174712103065723,6.625743265421654,11.987991204134497,14.70513872982403,8.498046887856445,16.0760752588547,18.40554497705314,6.625743265421654,11.987991204134497,14.70513872982403,6.625743265421654,11.987991204134497,14.70513872982403,6.625743265421654,11.987991204134497,14.70513872982403,8.61771635350042,16.158256732503265,18.542704237720773,8.61771635350042,16.158256732503265,18.542704237720773,9.420294910469837,16.87394363374086,18.90288880543536,6.625743265421654,11.987991204134497,14.815055511837468,8.498046887856445,16.0760752588547,18.40554497705314,6.46237422793358,9.898052109004425,13.174712103065723,11,6,9,9,9,4,4,2,6,6,10,WELLS_PRESENT,91.6667,EVIDENCE_PRESENT,50.0,EVIDENCE_PRESENT,75.0,EVIDENCE_PRESENT,75.0,EVIDENCE_PRESENT,75.0,EVIDENCE_PRESENT,33.3333,EVIDENCE_PRESENT,33.3333,EVIDENCE_PRESENT,16.6667,EVIDENCE_PRESENT,50.0,EVIDENCE_PRESENT,50.0,EVIDENCE_PRESENT,83.3333,REVIEW_REQUIRED_PRESENT
PIH-500-0346,500,500.406391807189,1,EPSG:5880,DESCRIPTIVE_NO_PIH_SCORE,17.109650175484752,17.109650175484752,8.5333591065978,0.676135181761296,,,,1,1.2489848455829038,0.0,,100.0,1,4.995939382331615,0.0,,100.0,1,16.444066921448158,0.0,,100.0,20,NONE,8.46417557521621,11.775416164167105,13.163375119376948,18.122335230723895,22.82577191423159,24.985026255255033,18.122335230723895,22.82577191423159,24.985026255255033,18.122335230723895,22.82577191423159,24.985026255255033,18.122335230723895,22.82577191423159,24.985026255255033,18.122335230723895,22.82577191423159,24.985026255255033,19.91928846194042,24.621247301410904,25.015078694521712,19.91928846194042,24.621247301410904,25.015078694521712,23.903764872876856,32.02118917650214,33.909368041444466,18.462398363117696,22.854727486040233,26.150375049754427,18.122335230723895,22.82577191423159,24.985026255255033,8.46417557521621,11.775416164167105,13.163375119376948,0,0,0,0,0,0,0,0,0,0,1,WELLS_PRESENT,0.0,NO_EVIDENCE_IN_AUDITED_WELLS,0.0,NO_EVIDENCE_IN_AUDITED_WELLS,0.0,NO_EVIDENCE_IN_AUDITED_WELLS,0.0,NO_EVIDENCE_IN_AUDITED_WELLS,0.0,NO_EVIDENCE_IN_AUDITED_WELLS,0.0,NO_EVIDENCE_IN_AUDITED_WELLS,0.0,NO_EVIDENCE_IN_AUDITED_WELLS,0.0,NO_EVIDENCE_IN_AUDITED_WELLS,0.0,NO_EVIDENCE_IN_AUDITED_WELLS,0.0,NO_EVIDENCE_IN_AUDITED_WELLS,100.0,REVIEW_REQUIRED_PRESENT
PIH-500-0347,500,500.3338350070322,1,EPSG:5880,DESCRIPTIVE_NO_PIH_SCORE,18.463589939390655,18.463589939390655,6.428553415369353,0.5093991977959874,,,,1,1.2491659693396824,0.0,,100.0,1,4.9966638773587295,0.0,,100.0,1,15.444713897419444,0.0,,100.0,21,NONE,7.0177431805179395,10.58192761668332,13.190312893497003,7.151933741450869,11.815221786968852,14.58426709193655,7.151933741450869,11.815221786968852,14.58426709193655,7.151933741450869,11.815221786968852,14.58426709193655,7.151933741450869,11.815221786968852,14.58426709193655,7.151933741450869,11.815221786968852,14.58426709193655,10.58192761668332,16.15800839717469,18.216458226747974,10.58192761668332,16.15800839717469,18.216458226747974,46.88372617261313,56.21610484956017,57.70792503739364,13.900144395429937,21.379832989544205,22.784225492726293,7.151933741450869,11.815221786968852,14.58426709193655,12.381531967961426,17.298145869864214,20.02679169587354,1,1,1,1,1,1,1,0,0,1,0,WELLS_PRESENT,100.0,EVIDENCE_PRESENT,100.0,EVIDENCE_PRESENT,100.0,EVIDENCE_PRESENT,100.0,EVIDENCE_PRESENT,100.0,EVIDENCE_PRESENT,100.0,EVIDENCE_PRESENT,100.0,EVIDENCE_PRESENT,0.0,NO_EVIDENCE_IN_AUDITED_WELLS,0.0,NO_EVIDENCE_IN_AUDITED_WELLS,100.0,EVIDENCE_PRESENT,0.0,NO_REVIEW_FLAG_IN_AUDITED_WELLS
PIH-500-0348,500,500.2684156914252,1,EPSG:5880,DESCRIPTIVE_NO_PIH_SCORE,8.490502436341554,8.490502436341554,10.643340440815248,0.8434344734638768,,,,1,1.2493293208130725,0.0,,100.0,1,3.668459758566934,0.0,,100.0,1,7.025540834453634,0.0,,100.0,20,NONE,11.014778840992307,15.39263305184836,16.06818649587733,11.014778840992307,15.39263305184836,16.06818649587733,14.358682640188587,18.205048632522647,20.454193928244266,11.014778840992307,15.39263305184836,16.06818649587733,11.014778840992307,15.39263305184836,16.06818649587733,11.014778840992307,15.39263305184836,16.06818649587733,14.358682640188587,18.205048632522647,20.454193928244266,14.358682640188587,18.205048632522647,20.454193928244266,71.40315477180803,81.21942685545567,82.22264884612241,12.020576994198457,17.568503701490364,20.197694259588303,14.358682640188587,18.205048632522647,20.454193928244266,11.470121067381454,17.568503701490364,20.197694259588303,1,0,1,1,1,0,0,0,1,0,1,WELLS_PRESENT,100.0,EVIDENCE_PRESENT,0.0,NO_EVIDENCE_IN_AUDITED_WELLS,100.0,EVIDENCE_PRESENT,100.0,EVIDENCE_PRESENT,100.0,EVIDENCE_PRESENT,0.0,NO_EVIDENCE_IN_AUDITED_WELLS,0.0,NO_EVIDENCE_IN_AUDITED_WELLS,0.0,NO_EVIDENCE_IN_AUDITED_WELLS,100.0,EVIDENCE_PRESENT,0.0,NO_EVIDENCE_IN_AUDITED_WELLS,100.0,REVIEW_REQUIRED_PRESENT
PIH-500-0349,500,500.2101326931149,48,EPSG:5880,DESCRIPTIVE_NO_PIH_SCORE,0.09641851693554807,0.6607517421909913,3.800927920645701,0.30122313750241686,0.09641851693554807,0.6607517421909913,0.07565837821139587,8,9.441369242179041,0.8333333333333334,0.8453319574689547,27.083333333333332,5,24.40821316365639,0.8958333333333334,0.6787980080807631,54.166666666666664,2,28.389617315209325,0.9583333333333334,0.1460942501201363,97.91666666666666,20,NONE,4.981065747656189,9.105735895001269,12.566620461176528,4.981065747656189,9.497939438570011,12.566620461176528,5.591172863001967,9.497939438570011,12.571993915414652,4.981065747656189,9.497939438570011,12.566620461176528,4.981065747656189,9.497939438570011,12.566620461176528,4.981065747656189,9.497939438570011,12.566620461176528,5.591172863001967,9.497939438570011,12.571993915414652,5.591172863001967,9.497939438570011,12.571993915414652,90.24562812645347,93.01728888497573,94.27955083863266,5.358834315509171,9.980403145521043,12.566620461176528,5.591172863001967,9.497939438570011,12.571993915414652,5.036666503522866,9.105735895001269,12.566620461176528,47,33,40,40,39,30,29,0,11,32,26,WELLS_PRESENT,97.9167,EVIDENCE_PRESENT,68.75,EVIDENCE_PRESENT,83.3333,EVIDENCE_PRESENT,83.3333,EVIDENCE_PRESENT,81.25,EVIDENCE_PRESENT,62.5,EVIDENCE_PRESENT,60.4167,EVIDENCE_PRESENT,0.0,NO_EVIDENCE_IN_AUDITED_WELLS,22.9167,EVIDENCE_PRESENT,66.6667,EVIDENCE_PRESENT,54.1667,REVIEW_REQUIRED_PRESENT
PIH-500-0350,500,500.1589849901635,14,EPSG:5880,DESCRIPTIVE_NO_PIH_SCORE,0.061274188872507386,1.151834704607686,2.7599946405671107,0.21874046831694213,0.061274188872507386,1.151834704607686,0.07554559180477606,6,5.99876365163476,0.5714285714285714,0.8993797615898735,28.57142857142857,5,15.510283375960865,0.6428571428571428,0.9014358422126011,28.57142857142857,3,27.560973997077603,0.7857142857142857,0.9952325573220987,35.714285714285715,18,NONE,6.547222186740873,11.203773330650376,11.808292086263648,6.547222186740873,11.203773330650376,11.808292086263648,6.58388053223192,11.241521954796365,11.808292086263648,6.547222186740873,11.203773330650376,11.822822581554272,6.547222186740873,11.203773330650376,11.822822581554272,6.547222186740873,11.203773330650376,11.822822581554272,6.678844421896354,11.302257612040256,12.031361300937466,6.678844421896354,11.302257612040256,12.031361300937466,71.27310690368537,78.19117151210877,79.59036495801033,6.547222186740873,11.624629808647649,14.014057983565682,6.678844421896354,11.302257612040256,12.031361300937466,6.547222186740873,11.624629808647649,12.469584135863963,13,8,11,11,10,4,4,0,6,7,6,WELLS_PRESENT,92.8571,EVIDENCE_PRESENT,57.1429,EVIDENCE_PRESENT,78.5714,EVIDENCE_PRESENT,78.5714,EVIDENCE_PRESENT,71.4286,EVIDENCE_PRESENT,28.5714,EVIDENCE_PRESENT,28.5714,EVIDENCE_PRESENT,0.0,NO_EVIDENCE_IN_AUDITED_WELLS,42.8571,EVIDENCE_PRESENT,50.0,EVIDENCE_PRESENT,42.8571,REVIEW_REQUIRED_PRESENT
PIH-500-0351,500,500.1149717063666,4,EPSG:5880,DESCRIPTIVE_NO_PIH_SCORE,4.529640900478805,6.274080381122489,5.444375201483995,0.431507208820517,4.529640900478805,6.274080381122489,0.061916058136318626,4,4.998850547245423,0.0,1.0,25.0,4,19.51042748932153,0.0,1.0,25.0,3,51.70321276687938,0.25,0.946394630357186,50.0,20,NONE,3.8809415779182257,7.517981641436998,9.553406337017645,5.307697050947129,9.077298132526964,11.61323551940465,5.307697050947129,9.077298132526964,11.61323551940465,5.307697050947129,9.077298132526964,11.61323551940465,5.307697050947129,9.077298132526964,11.61323551940465,5.307697050947129,9.077298132526964,11.61323551940465,7.069890866779239,11.86992636270538,15.008488528386575,7.069890866779239,11.86992636270538,15.008488528386575,47.96395786349369,57.73304729696852,58.98205220713577,6.45355580697986,9.462410719398855,11.61323551940465,6.234180094998267,10.530011992548069,11.61323551940465,6.830909557626703,10.279275159355166,11.959378863590578,2,2,2,2,2,1,1,0,1,1,2,WELLS_PRESENT,50.0,EVIDENCE_PRESENT,50.0,EVIDENCE_PRESENT,50.0,EVIDENCE_PRESENT,50.0,EVIDENCE_PRESENT,50.0,EVIDENCE_PRESENT,25.0,EVIDENCE_PRESENT,25.0,EVIDENCE_PRESENT,0.0,NO_EVIDENCE_IN_AUDITED_WELLS,25.0,EVIDENCE_PRESENT,25.0,EVIDENCE_PRESENT,50.0,REVIEW_REQUIRED_PRESENT
PIH-500-0352,500,500.0780921109402,14,EPSG:5880,DESCRIPTIVE_NO_PIH_SCORE,0.9522811367392592,2.697219841300898,7.342178415395727,0.5819436793165821,0.9522811367392592,2.859724353112416,0.09354027357670275,9,9.824855008151223,0.3571428571428571,0.9306882855501007,28.57142857142857,5,17.72683943197659,0.6428571428571428,0.9397387539970584,28.57142857142857,4,51.34351652057845,0.7142857142857143,0.8942252286541448,42.857142857142854,21,NONE,6.204670656545496,10.271107534233273,11.00072998999932,6.968693036185112,11.799991238272371,12.855278321571225,6.968693036185112,11.799991238272371,12.855278321571225,6.968693036185112,11.799991238272371,12.855278321571225,6.968693036185112,11.799991238272371,12.855278321571225,6.968693036185112,11.799991238272371,12.855278321571225,15.439228073179796,18.774658349797644,20.412979659072416,15.439228073179796,18.774658349797644,20.412979659072416,24.871593141757238,32.73228637877835,34.96002425042378,7.394140144634329,12.40952118926628,12.855278321571225,11.184959478551521,14.98903018253675,16.730717372965053,7.337899653142078,11.111311199308137,12.040698219105789,5,5,5,5,5,0,0,0,5,2,9,WELLS_PRESENT,35.7143,EVIDENCE_PRESENT,35.7143,EVIDENCE_PRESENT,35.7143,EVIDENCE_PRESENT,35.7143,EVIDENCE_PRESENT,35.7143,EVIDENCE_PRESENT,0.0,NO_EVIDENCE_IN_AUDITED_WELLS,0.0,NO_EVIDENCE_IN_AUDITED_WELLS,0.0,NO_EVIDENCE_IN_AUDITED_WELLS,35.7143,EVIDENCE_PRESENT,14.2857,EVIDENCE_PRESENT,64.2857,REVIEW_REQUIRED_PRESENT
PIH-500-0353,500,500.048345618711,59,EPSG:5880,DESCRIPTIVE_NO_PIH_SCORE,0.1642233563414173,0.7902371360424445,5.568623913501803,0.44138424485105804,0.1642233563414173,0.7902371360424445,0.32980521823509673,15,16.964535309282798,0.7457627118644068,0.8170102806603339,32.20338983050847,11,50.803353877755576,0.8135593220338984,0.762250692768184,44.06779661016949,6,75.00303240154503,0.8983050847457628,0.76841336797544,47.45762711864407,21,NONE,2.6711452965989397,6.276562605665476,7.416474149319404,2.8526554639547195,9.316849145360656,10.838397922015796,2.8526554639547195,9.316849145360656,10.838397922015796,2.8526554639547195,9.316849145360656,10.838397922015796,2.9545826835124904,9.316849145360656,10.838397922015796,2.9545826835124904,9.316849145360656,10.838397922015796,5.115263158122268,11.433522541516469,11.89526620049422,5.115263158122268,11.433522541516469,11.89526620049422,7.766306098674889,14.6128445446972,17.73664661721778,2.9539490123026804,9.316849145360656,10.838397922015796,5.083023060769517,10.080191217284575,11.358647648582236,4.080053954828681,6.502026682304468,7.416474149319404,54,50,50,49,46,16,16,4,39,21,9,WELLS_PRESENT,91.5254,EVIDENCE_PRESENT,84.7458,EVIDENCE_PRESENT,84.7458,EVIDENCE_PRESENT,83.0508,EVIDENCE_PRESENT,77.9661,EVIDENCE_PRESENT,27.1186,EVIDENCE_PRESENT,27.1186,EVIDENCE_PRESENT,6.7797,EVIDENCE_PRESENT,66.1017,EVIDENCE_PRESENT,35.5932,EVIDENCE_PRESENT,15.2542,REVIEW_REQUIRED_PRESENT
PIH-500-0354,500,500.02573178988894,436,EPSG:5880,DESCRIPTIVE_NO_PIH_SCORE,0.23818989956195885,0.6671073264829915,2.5072554958291478,0.1987363691971441,0.23818989956195885,0.6671073264829915,0.734855801275627,64,73.92221406205778,0.8532110091743119,0.9255307485723206,5.73394495412844,22,88.19603925625363,0.9495412844036697,0.8775749928999174,14.449541284403669,8,97.75989199632559,0.981651376146789,0.7975755676847204,44.03669724770643,20,NONE,0.8716222670810043,2.08329942981978,2.9752222356576845,0.9520901186882131,2.08329942981978,2.9752222356576845,0.9520901186882131,2.08329942981978,2.9752222356576845,0.9520901186882131,2.08329942981978,2.9752222356576845,0.9520901186882131,2.08329942981978,2.9752222356576845,0.9520901186882131,2.08329942981978,2.9752222356576845,1.0262074688405662,3.6423185807549037,4.084812801627592,1.0262074688405662,3.6423185807549037,4.084812801627592,4.4552502650626895,7.000699318826521,9.624024585852332,1.0567037833016524,2.591747427169318,5.872586840265814,1.0262074688405662,3.0966324348450054,4.084812801627592,1.6912566406293719,3.6619686673959304,6.555566527835357,417,402,401,400,380,168,168,5,257,199,67,WELLS_PRESENT,95.6422,EVIDENCE_PRESENT,92.2018,EVIDENCE_PRESENT,91.9725,EVIDENCE_PRESENT,91.7431,EVIDENCE_PRESENT,87.156,EVIDENCE_PRESENT,38.5321,EVIDENCE_PRESENT,38.5321,EVIDENCE_PRESENT,1.1468,EVIDENCE_PRESENT,58.945,EVIDENCE_PRESENT,45.6422,EVIDENCE_PRESENT,15.367,REVIEW_REQUIRED_PRESENT
PIH-500-0355,500,500.010250330496,3,EPSG:5880,DESCRIPTIVE_NO_PIH_SCORE,0.7802348975392258,0.9955651149725788,10.036704346809774,0.7955667315341062,0.7802348975392258,0.9955651149725788,0.0007293945730266033,3,3.5804139966828465,0.0,0.9999999999999998,33.33333333333333,3,12.156905432229076,0.0,0.9999999999999998,33.33333333333333,2,24.200728857575786,0.33333333333333337,0.9182958340544894,66.66666666666666,16,NONE,8.622924129887345,11.94358782776508,15.768974728613768,10.851360486787877,16.1111628452529,16.306959713691736,10.851360486787877,16.1111628452529,16.306959713691736,10.851360486787877,16.1111628452529,16.306959713691736,10.851360486787877,16.1111628452529,16.306959713691736,10.851360486787877,16.1111628452529,16.306959713691736,14.744148810323559,21.229284290514933,22.138350044513142,14.744148810323559,21.229284290514933,22.138350044513142,18.4354621586347,24.451574836413084,24.829877168425487,10.91153674037948,16.1111628452529,16.306959713691736,13.742383511760487,20.552567513656548,21.319858334065582,8.622924129887345,11.94358782776508,15.768974728613768,3,3,3,3,3,0,0,0,3,0,3,WELLS_PRESENT,100.0,EVIDENCE_PRESENT,100.0,EVIDENCE_PRESENT,100.0,EVIDENCE_PRESENT,100.0,EVIDENCE_PRESENT,100.0,EVIDENCE_PRESENT,0.0,NO_EVIDENCE_IN_AUDITED_WELLS,0.0,NO_EVIDENCE_IN_AUDITED_WELLS,0.0,NO_EVIDENCE_IN_AUDITED_WELLS,100.0,EVIDENCE_PRESENT,0.0,NO_EVIDENCE_IN_AUDITED_WELLS,100.0,REVIEW_REQUIRED_PRESENT
PIH-500-0356,500,500.0019010918423,3,EPSG:5880,DESCRIPTIVE_NO_PIH_SCORE,6.19306331061882,7.709127295844469,6.274550250107579,0.49736098020103636,6.19306331061882,7.709127295844469,0.012662374827919013,3,2.858581665334109,0.0,0.9999999999999998,33.33333333333333,3,10.794606285182399,0.0,0.9999999999999998,33.33333333333333,2,31.6939321139184,0.33333333333333337,0.9182958340544894,66.66666666666666,20,NONE,7.163001692922485,10.389333959849262,12.822354959206505,7.163001692922485,11.072569864097533,12.822354959206505,7.163001692922485,11.072569864097533,12.822354959206505,7.163001692922485,11.072569864097533,12.822354959206505,7.163001692922485,11.072569864097533,12.822354959206505,7.163001692922485,11.072569864097533,12.822354959206505,29.985606485926112,32.27848808642543,35.939134862309785,29.985606485926112,32.27848808642543,35.939134862309785,39.99743529439519,49.25701245012396,49.53007980873242,7.163001692922485,11.072569864097533,12.822354959206505,29.66810059842965,32.12791856179431,35.939134862309785,7.163001692922485,10.389333959849262,12.822354959206505,3,3,3,3,3,0,0,0,3,0,3,WELLS_PRESENT,100.0,EVIDENCE_PRESENT,100.0,EVIDENCE_PRESENT,100.0,EVIDENCE_PRESENT,100.0,EVIDENCE_PRESENT,100.0,EVIDENCE_PRESENT,0.0,NO_EVIDENCE_IN_AUDITED_WELLS,0.0,NO_EVIDENCE_IN_AUDITED_WELLS,0.0,NO_EVIDENCE_IN_AUDITED_WELLS,100.0,EVIDENCE_PRESENT,0.0,NO_EVIDENCE_IN_AUDITED_WELLS,100.0,REVIEW_REQUIRED_PRESENT
PIH-500-0357,500,500.0006840709171,4,EPSG:5880,DESCRIPTIVE_NO_PIH_SCORE,1.7978658545288564,6.490815990196431,8.975417603095885,0.7114498651932735,1.7978658545288564,6.490815990196431,0.0272561156450651,3,3.390165216946986,0.25,0.946394630357186,50.0,2,8.602123156812883,0.5,0.8112781244591328,75.0,2,24.42302450897693,0.5,0.8112781244591328,75.0,21,NONE,6.359975945901261,14.995337404616157,16.160575983497797,6.359975945901261,14.995337404616157,16.160575983497797,6.359975945901261,14.995337404616157,16.160575983497797,6.359975945901261,14.995337404616157,16.160575983497797,6.359975945901261,14.995337404616157,16.160575983497797,6.359975945901261,14.995337404616157,16.160575983497797,11.361986308463706,19.398152318293448,21.432567126250394,11.361986308463706,19.398152318293448,21.432567126250394,64.46124734486283,74.12001369421402,74.37610401183908,7.8810422734273935,14.995337404616157,16.160575983497797,11.361986308463706,19.398152318293448,21.432567126250394,6.359975945901261,14.995337404616157,16.160575983497797,4,3,3,2,2,1,1,0,1,1,4,WELLS_PRESENT,100.0,EVIDENCE_PRESENT,75.0,EVIDENCE_PRESENT,75.0,EVIDENCE_PRESENT,50.0,EVIDENCE_PRESENT,50.0,EVIDENCE_PRESENT,25.0,EVIDENCE_PRESENT,25.0,EVIDENCE_PRESENT,0.0,NO_EVIDENCE_IN_AUDITED_WELLS,25.0,EVIDENCE_PRESENT,25.0,EVIDENCE_PRESENT,100.0,REVIEW_REQUIRED_PRESENT
PIH-500-0358,500,500.00659941032376,28,EPSG:5880,DESCRIPTIVE_NO_PIH_SCORE,0.24517013741768245,1.3612907637453528,6.601191390335894,0.5232501875495051,0.24517013741768245,1.3612907637453528,0.08017906054694743,9,11.24985151522754,0.6785714285714286,0.9134978446469675,25.0,6,28.70152126072356,0.7857142857142857,0.8430922094768573,35.714285714285715,3,44.63327420753252,0.8928571428571429,0.6736372773259046,67.85714285714286,21,NONE,6.649235225395627,10.152043105751146,12.25545695186389,6.649235225395627,10.152043105751146,12.25545695186389,6.649235225395627,10.152043105751146,12.25545695186389,7.32158377055411,10.734335053731431,12.25545695186389,7.32158377055411,10.734335053731431,12.25545695186389,7.32158377055411,10.734335053731431,12.25545695186389,9.69259379348791,16.69886768295948,18.017434487689926,9.69259379348791,16.69886768295948,18.017434487689926,67.46690575138467,75.65893664361901,78.47730627742473,6.649235225395627,11.644452282584965,12.25545695186389,7.953917485926185,12.25545695186389,16.431894461316716,10.244063511878103,16.711450801249004,18.308740812749235,25,24,19,18,18,5,5,0,21,10,14,WELLS_PRESENT,89.2857,EVIDENCE_PRESENT,85.7143,EVIDENCE_PRESENT,67.8571,EVIDENCE_PRESENT,64.2857,EVIDENCE_PRESENT,64.2857,EVIDENCE_PRESENT,17.8571,EVIDENCE_PRESENT,17.8571,EVIDENCE_PRESENT,0.0,NO_EVIDENCE_IN_AUDITED_WELLS,75.0,EVIDENCE_PRESENT,35.7143,EVIDENCE_PRESENT,50.0,REVIEW_REQUIRED_PRESENT
PIH-500-0359,500,500.0196473980939,0,EPSG:5880,DESCRIPTIVE_NO_PIH_SCORE,,,,,,,,0,0.0,,,,0,0.0,,,,0,0.0,,,,21,NONE,18.01614919832189,22.754109906772516,24.248571549688858,22.33474187114033,27.985526822912558,28.86533871836972,22.33474187114033,27.985526822912558,28.86533871836972,22.33474187114033,28.756373434443425,30.040810897868575,22.33474187114033,28.756373434443425,30.040810897868575,22.33474187114033,28.756373434443425,30.040810897868575,31.935392715843484,41.59015793442056,42.14655232874681,31.935392715843484,41.59015793442056,42.14655232874681,55.11169559109063,62.25252932037701,66.68755243181076,23.642209019618623,28.86533871836972,32.44176917450334,24.248571549688858,31.08185227509896,33.99192265009605,22.566922072507996,29.488966236316006,33.72586689107011,0,0,0,0,0,0,0,0,0,0,0,UNKNOWN_NO_WELLS_IN_DATASET,,UNKNOWN_NO_WELLS_IN_DATASET,,UNKNOWN_NO_WELLS_IN_DATASET,,UNKNOWN_NO_WELLS_IN_DATASET,,UNKNOWN_NO_WELLS_IN_DATASET,,UNKNOWN_NO_WELLS_IN_DATASET,,UNKNOWN_NO_WELLS_IN_DATASET,,UNKNOWN_NO_WELLS_IN_DATASET,,UNKNOWN_NO_WELLS_IN_DATASET,,UNKNOWN_NO_WELLS_IN_DATASET,,UNKNOWN_NO_WELLS_IN_DATASET,,UNKNOWN_NO_WELLS_IN_DATASET
PIH-500-0360,500,500.0398284678218,1,EPSG:5880,DESCRIPTIVE_NO_PIH_SCORE,10.476602546237933,10.476602546237933,10.889056268330817,0.8631035036632911,,,,1,1.2285666404307556,0.0,,100.0,1,2.150089111235438,0.0,,100.0,1,7.166482812312193,0.0,,100.0,16,NONE,13.08732941893098,19.601394914995623,21.076789653822203,22.151800383352857,29.74838316585162,31.5392247713168,22.151800383352857,29.74838316585162,31.5392247713168,22.151800383352857,29.74838316585162,31.5392247713168,22.151800383352857,29.74838316585162,31.5392247713168,22.151800383352857,29.74838316585162,31.5392247713168,38.519535176035845,44.53568621371458,45.57503150005103,38.519535176035845,44.53568621371458,45.57503150005103,38.98873063572805,45.04603508605976,46.07505064352026,22.151800383352857,29.74838316585162,31.5392247713168,35.669120026371985,39.33171742990085,39.719390633221195,13.08732941893098,19.601394914995623,21.076789653822203,0,0,0,0,0,0,0,0,0,0,1,WELLS_PRESENT,0.0,NO_EVIDENCE_IN_AUDITED_WELLS,0.0,NO_EVIDENCE_IN_AUDITED_WELLS,0.0,NO_EVIDENCE_IN_AUDITED_WELLS,0.0,NO_EVIDENCE_IN_AUDITED_WELLS,0.0,NO_EVIDENCE_IN_AUDITED_WELLS,0.0,NO_EVIDENCE_IN_AUDITED_WELLS,0.0,NO_EVIDENCE_IN_AUDITED_WELLS,0.0,NO_EVIDENCE_IN_AUDITED_WELLS,0.0,NO_EVIDENCE_IN_AUDITED_WELLS,0.0,NO_EVIDENCE_IN_AUDITED_WELLS,100.0,REVIEW_REQUIRED_PRESENT
PIH-500-0361,500,500.0671431987167,0,EPSG:5880,DESCRIPTIVE_NO_PIH_SCORE,,,,,,,,0,0.0,,,,0,0.0,,,,0,0.0,,,,20,NONE,11.906376235824922,16.265999422140794,18.822300808210137,14.1437800798542,20.299304481367862,24.69721942987961,14.1437800798542,20.299304481367862,24.69721942987961,14.1437800798542,20.299304481367862,24.69721942987961,14.1437800798542,20.299304481367862,24.69721942987961,14.1437800798542,20.299304481367862,24.69721942987961,16.54935840659168,24.432908682101157,26.50023261072378,16.54935840659168,24.432908682101157,26.50023261072378,16.959848314227333,24.961595985757125,26.946272084489266,14.239039130739485,20.34519377754489,24.69721942987961,16.54935840659168,24.33142963147707,26.50023261072378,11.906376235824922,16.265999422140794,18.822300808210137,0,0,0,0,0,0,0,0,0,0,0,UNKNOWN_NO_WELLS_IN_DATASET,,UNKNOWN_NO_WELLS_IN_DATASET,,UNKNOWN_NO_WELLS_IN_DATASET,,UNKNOWN_NO_WELLS_IN_DATASET,,UNKNOWN_NO_WELLS_IN_DATASET,,UNKNOWN_NO_WELLS_IN_DATASET,,UNKNOWN_NO_WELLS_IN_DATASET,,UNKNOWN_NO_WELLS_IN_DATASET,,UNKNOWN_NO_WELLS_IN_DATASET,,UNKNOWN_NO_WELLS_IN_DATASET,,UNKNOWN_NO_WELLS_IN_DATASET,,UNKNOWN_NO_WELLS_IN_DATASET
PIH-500-0362,500,500.1015923154418,35,EPSG:5880,DESCRIPTIVE_NO_PIH_SCORE,0.08689010523197085,0.5250636224700536,10.865194980112394,0.8611589944771715,0.08689010523197085,0.5250636224700536,0.06478465381582109,7,7.579544934527667,0.8,0.7130643896479998,48.57142857142857,4,14.605007649723559,0.8857142857142857,0.5090452575761891,77.14285714285715,4,48.54191981095478,0.8857142857142857,0.5090452575761891,77.14285714285715,21,NONE,5.703981761632855,10.212924033254513,12.465631301568045,5.703981761632855,10.212924033254513,12.465631301568045,5.703981761632855,10.212924033254513,12.465631301568045,5.703981761632855,10.212924033254513,12.465631301568045,5.703981761632855,10.212924033254513,12.465631301568045,5.703981761632855,10.212924033254513,12.465631301568045,9.676012993100446,14.8069472308897,16.753093143812702,9.676012993100446,14.8069472308897,16.753093143812702,14.322352361085711,20.589430602943626,22.419891529653164,7.642874617413645,13.424789489198934,14.8069472308897,6.004368356826321,13.657423615318264,15.950155279963242,6.004368356826321,10.212924033254513,12.465631301568045,35,31,34,34,32,14,14,4,27,17,32,WELLS_PRESENT,100.0,EVIDENCE_PRESENT,88.5714,EVIDENCE_PRESENT,97.1429,EVIDENCE_PRESENT,97.1429,EVIDENCE_PRESENT,91.4286,EVIDENCE_PRESENT,40.0,EVIDENCE_PRESENT,40.0,EVIDENCE_PRESENT,11.4286,EVIDENCE_PRESENT,77.1429,EVIDENCE_PRESENT,48.5714,EVIDENCE_PRESENT,91.4286,REVIEW_REQUIRED_PRESENT
PIH-500-0363,500,500.14317668827874,0,EPSG:5880,DESCRIPTIVE_NO_PIH_SCORE,,,,,,,,0,0.0,,,,0,0.0,,,,0,0.0,,,,21,NONE,15.509802741607254,21.103245458895476,24.712427866897453,21.56979345368852,28.21418141811618,31.02977660797488,21.56979345368852,28.21418141811618,31.02977660797488,21.56979345368852,28.21418141811618,31.02977660797488,21.56979345368852,28.21418141811618,31.02977660797488,21.56979345368852,28.21418141811618,31.02977660797488,29.383440853231658,34.3785033108932,34.93546341484193,29.383440853231658,34.3785033108932,34.93546341484193,35.287494826395736,44.877635482735045,46.05926545025663,25.658515030554245,34.93546341484193,39.3754682361744,22.580821629554222,29.32544856281521,31.02977660797488,15.509802741607254,21.103245458895476,24.712427866897453,0,0,0,0,0,0,0,0,0,0,0,UNKNOWN_NO_WELLS_IN_DATASET,,UNKNOWN_NO_WELLS_IN_DATASET,,UNKNOWN_NO_WELLS_IN_DATASET,,UNKNOWN_NO_WELLS_IN_DATASET,,UNKNOWN_NO_WELLS_IN_DATASET,,UNKNOWN_NO_WELLS_IN_DATASET,,UNKNOWN_NO_WELLS_IN_DATASET,,UNKNOWN_NO_WELLS_IN_DATASET,,UNKNOWN_NO_WELLS_IN_DATASET,,UNKNOWN_NO_WELLS_IN_DATASET,,UNKNOWN_NO_WELLS_IN_DATASET,,UNKNOWN_NO_WELLS_IN_DATASET
PIH-500-0364,500,500.19189733305114,0,EPSG:5880,DESCRIPTIVE_NO_PIH_SCORE,,,,,,,,0,0.0,,,,0,0.0,,,,0,0.0,,,,20,NONE,18.229105854388735,22.6182521090571,26.250628333898124,23.92898747130097,31.291872697732842,33.38282726606384,23.92898747130097,31.291872697732842,33.38282726606384,23.92898747130097,31.291872697732842,33.38282726606384,23.92898747130097,31.291872697732842,33.38282726606384,23.92898747130097,31.291872697732842,33.38282726606384,23.92898747130097,31.291872697732842,33.38282726606384,23.92898747130097,31.291872697732842,33.38282726606384,59.75060952575167,63.90527019439191,65.04090098519461,34.781068007190115,39.21144256586723,40.83667671525705,23.92898747130097,31.291872697732842,33.38282726606384,22.417290901403813,27.424270394339736,29.23611561590103,0,0,0,0,0,0,0,0,0,0,0,UNKNOWN_NO_WELLS_IN_DATASET,,UNKNOWN_NO_WELLS_IN_DATASET,,UNKNOWN_NO_WELLS_IN_DATASET,,UNKNOWN_NO_WELLS_IN_DATASET,,UNKNOWN_NO_WELLS_IN_DATASET,,UNKNOWN_NO_WELLS_IN_DATASET,,UNKNOWN_NO_WELLS_IN_DATASET,,UNKNOWN_NO_WELLS_IN_DATASET,,UNKNOWN_NO_WELLS_IN_DATASET,,UNKNOWN_NO_WELLS_IN_DATASET,,UNKNOWN_NO_WELLS_IN_DATASET,,UNKNOWN_NO_WELLS_IN_DATASET
PIH-500-0365,500,500.24775541097097,0,EPSG:5880,DESCRIPTIVE_NO_PIH_SCORE,,,,,,,,0,0.0,,,,0,0.0,,,,0,0.0,,,,17,NONE,18.667351342757495,26.749758936805698,27.94881390826658,18.667351342757495,26.749758936805698,27.94881390826658,18.667351342757495,26.749758936805698,27.94881390826658,18.667351342757495,26.749758936805698,27.94881390826658,18.667351342757495,26.749758936805698,27.94881390826658,18.667351342757495,26.749758936805698,27.94881390826658,25.844612022720476,33.60388750332349,35.856343595796666,25.844612022720476,33.60388750332349,35.856343595796666,51.71452122716966,56.86087498588072,58.775354953704365,18.667351342757495,26.749758936805698,27.94881390826658,25.844612022720476,33.60388750332349,35.856343595796666,18.667351342757495,26.749758936805698,27.94881390826658,0,0,0,0,0,0,0,0,0,0,0,UNKNOWN_NO_WELLS_IN_DATASET,,UNKNOWN_NO_WELLS_IN_DATASET,,UNKNOWN_NO_WELLS_IN_DATASET,,UNKNOWN_NO_WELLS_IN_DATASET,,UNKNOWN_NO_WELLS_IN_DATASET,,UNKNOWN_NO_WELLS_IN_DATASET,,UNKNOWN_NO_WELLS_IN_DATASET,,UNKNOWN_NO_WELLS_IN_DATASET,,UNKNOWN_NO_WELLS_IN_DATASET,,UNKNOWN_NO_WELLS_IN_DATASET,,UNKNOWN_NO_WELLS_IN_DATASET,,UNKNOWN_NO_WELLS_IN_DATASET
PIH-500-0366,500,500.3107522289651,0,EPSG:5880,DESCRIPTIVE_NO_PIH_SCORE,,,,,,,,0,0.0,,,,0,0.0,,,,0,0.0,,,,20,NONE,16.247144838876157,23.889654206456715,28.121931413488458,16.247144838876157,23.889654206456715,28.121931413488458,16.247144838876157,23.889654206456715,28.121931413488458,16.247144838876157,23.889654206456715,28.121931413488458,16.247144838876157,23.889654206456715,28.121931413488458,16.247144838876157,23.889654206456715,28.121931413488458,19.494849841735963,28.022215927067805,29.25279515619594,19.494849841735963,28.022215927067805,29.25279515619594,37.307861131190194,45.800363791693364,47.89327160149532,16.247144838876157,23.889654206456715,28.121931413488458,19.494849841735963,28.022215927067805,29.25279515619594,16.247144838876157,23.889654206456715,28.121931413488458,0,0,0,0,0,0,0,0,0,0,0,UNKNOWN_NO_WELLS_IN_DATASET,,UNKNOWN_NO_WELLS_IN_DATASET,,UNKNOWN_NO_WELLS_IN_DATASET,,UNKNOWN_NO_WELLS_IN_DATASET,,UNKNOWN_NO_WELLS_IN_DATASET,,UNKNOWN_NO_WELLS_IN_DATASET,,UNKNOWN_NO_WELLS_IN_DATASET,,UNKNOWN_NO_WELLS_IN_DATASET,,UNKNOWN_NO_WELLS_IN_DATASET,,UNKNOWN_NO_WELLS_IN_DATASET,,UNKNOWN_NO_WELLS_IN_DATASET,,UNKNOWN_NO_WELLS_IN_DATASET
PIH-500-0367,500,500.3808892392646,3,EPSG:5880,DESCRIPTIVE_NO_PIH_SCORE,4.608491138973354,12.31772553971999,3.813634538146792,0.30217856271090865,4.608491138973354,12.413686508182256,0.06587374373268592,3,3.7471455051982225,0.0,0.9999999999999998,33.33333333333333,3,14.98858202079289,0.0,0.9999999999999998,33.33333333333333,2,37.22196315918631,0.33333333333333337,0.9182958340544894,66.66666666666666,20,NONE,5.925421157288928,10.970837048348853,13.746175006347102,6.367728648161533,11.706942632305031,13.746175006347102,9.993978911202326,15.288254433114085,15.51381261179282,6.367728648161533,11.706942632305031,13.746175006347102,6.367728648161533,11.706942632305031,13.746175006347102,6.367728648161533,11.706942632305031,13.746175006347102,21.21435779551028,25.70129631095637,27.189638671165504,21.21435779551028,25.70129631095637,27.189638671165504,25.060737804453122,29.467093357203325,33.72306362281632,6.367728648161533,11.706942632305031,13.746175006347102,11.091525751031126,17.90931694225464,20.40479938243516,5.925421157288928,10.970837048348853,13.746175006347102,2,1,2,2,2,0,0,0,2,1,3,WELLS_PRESENT,66.6667,EVIDENCE_PRESENT,33.3333,EVIDENCE_PRESENT,66.6667,EVIDENCE_PRESENT,66.6667,EVIDENCE_PRESENT,66.6667,EVIDENCE_PRESENT,0.0,NO_EVIDENCE_IN_AUDITED_WELLS,0.0,NO_EVIDENCE_IN_AUDITED_WELLS,0.0,NO_EVIDENCE_IN_AUDITED_WELLS,66.6667,EVIDENCE_PRESENT,33.3333,EVIDENCE_PRESENT,100.0,REVIEW_REQUIRED_PRESENT
PIH-500-0368,500,166.23572196724572,6,EPSG:5880,DESCRIPTIVE_NO_PIH_SCORE,0.08449586401174097,0.776180255172377,7.747955930434234,1.065123339420141,0.08449586401174097,1.6103126738713465,0.005293422539015113,3,5.458440726069695,0.5,0.7896900821428474,66.66666666666666,2,12.97788351013234,0.6666666666666667,0.9182958340544894,66.66666666666666,1,17.207952214749646,0.8333333333333334,,100.0,6,NONE,5.72794811056054,7.155076995702451,7.473268867099926,5.72794811056054,7.155076995702451,7.473268867099926,7.98681222497582,15.560964378513596,17.902928632964503,5.72794811056054,7.155076995702451,7.473268867099926,5.72794811056054,7.155076995702451,7.473268867099926,5.72794811056054,7.155076995702451,7.473268867099926,8.911346609921173,16.6179862187488,18.92522198463105,8.911346609921173,16.6179862187488,18.92522198463105,9.048479733149467,16.662314471953337,18.982721187572412,5.982442020101624,7.280219370761898,7.473268867099926,5.72794811056054,7.155076995702451,7.473268867099926,5.72794811056054,7.155076995702451,7.473268867099926,6,5,6,6,6,2,2,1,4,6,5,WELLS_PRESENT,100.0,EVIDENCE_PRESENT,83.3333,EVIDENCE_PRESENT,100.0,EVIDENCE_PRESENT,100.0,EVIDENCE_PRESENT,100.0,EVIDENCE_PRESENT,33.3333,EVIDENCE_PRESENT,33.3333,EVIDENCE_PRESENT,16.6667,EVIDENCE_PRESENT,66.6667,EVIDENCE_PRESENT,100.0,EVIDENCE_PRESENT,83.3333,REVIEW_REQUIRED_PRESENT
PIH-500-0369,500,100.16594878869215,0,EPSG:5880,DESCRIPTIVE_NO_PIH_SCORE,,,,,,,,0,0.0,,,,0,0.0,,,,0,0.0,,,,5,NONE,66.4080489789898,72.46421432351401,73.52121871089588,66.4080489789898,72.46421432351401,73.52121871089588,66.4080489789898,72.46421432351401,73.52121871089588,66.4080489789898,72.46421432351401,73.52121871089588,66.4080489789898,72.46421432351401,73.52121871089588,66.4080489789898,72.46421432351401,73.52121871089588,120.12391140337985,124.76513816095073,125.22864976452321,120.12391140337985,124.76513816095073,125.22864976452321,142.37134542255163,148.88535002615905,150.1131221444333,118.16962378833807,124.06615921653332,125.03088411332777,100.85497778761572,104.66871114740674,104.8350701824311,66.4080489789898,72.46421432351401,73.52121871089588,0,0,0,0,0,0,0,0,0,0,0,UNKNOWN_NO_WELLS_IN_DATASET,,UNKNOWN_NO_WELLS_IN_DATASET,,UNKNOWN_NO_WELLS_IN_DATASET,,UNKNOWN_NO_WELLS_IN_DATASET,,UNKNOWN_NO_WELLS_IN_DATASET,,UNKNOWN_NO_WELLS_IN_DATASET,,UNKNOWN_NO_WELLS_IN_DATASET,,UNKNOWN_NO_WELLS_IN_DATASET,,UNKNOWN_NO_WELLS_IN_DATASET,,UNKNOWN_NO_WELLS_IN_DATASET,,UNKNOWN_NO_WELLS_IN_DATASET,,UNKNOWN_NO_WELLS_IN_DATASET
PIH-500-0370,500,501.0524441398954,0,EPSG:5880,DESCRIPTIVE_NO_PIH_SCORE,,,,,,,,0,0.0,,,,0,0.0,,,,0,0.0,,,,21,NONE,64.76925042839699,74.09720934418436,75.5298890353142,64.76925042839699,74.09720934418436,75.5298890353142,64.76925042839699,74.09720934418436,75.5298890353142,64.76925042839699,74.09720934418436,75.5298890353142,64.76925042839699,74.09720934418436,75.5298890353142,64.76925042839699,74.09720934418436,75.5298890353142,108.77024734339479,116.91589627149476,121.83214767619305,108.77024734339479,116.91589627149476,121.83214767619305,135.03070974552503,141.67024443715763,145.67162035430826,113.8678039517574,123.12038977123021,126.11865672052963,91.78741036221564,100.19083202926028,102.87279304468373,64.76925042839699,74.09720934418436,75.5298890353142,0,0,0,0,0,0,0,0,0,0,0,UNKNOWN_NO_WELLS_IN_DATASET,,UNKNOWN_NO_WELLS_IN_DATASET,,UNKNOWN_NO_WELLS_IN_DATASET,,UNKNOWN_NO_WELLS_IN_DATASET,,UNKNOWN_NO_WELLS_IN_DATASET,,UNKNOWN_NO_WELLS_IN_DATASET,,UNKNOWN_NO_WELLS_IN_DATASET,,UNKNOWN_NO_WELLS_IN_DATASET,,UNKNOWN_NO_WELLS_IN_DATASET,,UNKNOWN_NO_WELLS_IN_DATASET,,UNKNOWN_NO_WELLS_IN_DATASET,,UNKNOWN_NO_WELLS_IN_DATASET
PIH-500-0371,500,500.93343329300916,0,EPSG:5880,DESCRIPTIVE_NO_PIH_SCORE,,,,,,,,0,0.0,,,,0,0.0,,,,0,0.0,,,,20,NONE,66.08813521548562,74.53570114462134,76.35101289353267,66.08813521548562,74.53570114462134,76.35101289353267,66.08813521548562,74.53570114462134,76.35101289353267,66.08813521548562,74.53570114462134,76.35101289353267,66.08813521548562,74.53570114462134,76.35101289353267,66.08813521548562,74.53570114462134,76.35101289353267,89.805217912648,97.46004128787555,100.0469544098692,89.805217912648,97.46004128787555,100.0469544098692,113.14960397856092,121.18255196670658,123.42610793945937,98.35586646441097,106.34076305250169,108.9904486157443,80.03494191314621,86.96116773807296,91.42251261651941,66.08813521548562,74.53570114462134,76.35101289353267,0,0,0,0,0,0,0,0,0,0,0,UNKNOWN_NO_WELLS_IN_DATASET,,UNKNOWN_NO_WELLS_IN_DATASET,,UNKNOWN_NO_WELLS_IN_DATASET,,UNKNOWN_NO_WELLS_IN_DATASET,,UNKNOWN_NO_WELLS_IN_DATASET,,UNKNOWN_NO_WELLS_IN_DATASET,,UNKNOWN_NO_WELLS_IN_DATASET,,UNKNOWN_NO_WELLS_IN_DATASET,,UNKNOWN_NO_WELLS_IN_DATASET,,UNKNOWN_NO_WELLS_IN_DATASET,,UNKNOWN_NO_WELLS_IN_DATASET,,UNKNOWN_NO_WELLS_IN_DATASET
PIH-500-0372,500,500.82157118566215,0,EPSG:5880,DESCRIPTIVE_NO_PIH_SCORE,,,,,,,,0,0.0,,,,0,0.0,,,,0,0.0,,,,17,NONE,65.69297769396113,70.21160795298267,73.18208895027415,65.69297769396113,70.21160795298267,73.18208895027415,65.69297769396113,70.21160795298267,73.18208895027415,65.69297769396113,70.21160795298267,73.18208895027415,65.69297769396113,70.21160795298267,73.18208895027415,65.69297769396113,70.21160795298267,73.18208895027415,67.77296837016168,74.66530316153217,76.75067461955307,67.77296837016168,74.66530316153217,76.75067461955307,90.68196576097476,97.30185713545102,99.61351357968988,74.51285657226724,82.77844580604736,84.37187235630154,66.03162912118825,72.27413624982657,74.8207330814205,65.69297769396113,70.21160795298267,73.18208895027415,0,0,0,0,0,0,0,0,0,0,0,UNKNOWN_NO_WELLS_IN_DATASET,,UNKNOWN_NO_WELLS_IN_DATASET,,UNKNOWN_NO_WELLS_IN_DATASET,,UNKNOWN_NO_WELLS_IN_DATASET,,UNKNOWN_NO_WELLS_IN_DATASET,,UNKNOWN_NO_WELLS_IN_DATASET,,UNKNOWN_NO_WELLS_IN_DATASET,,UNKNOWN_NO_WELLS_IN_DATASET,,UNKNOWN_NO_WELLS_IN_DATASET,,UNKNOWN_NO_WELLS_IN_DATASET,,UNKNOWN_NO_WELLS_IN_DATASET,,UNKNOWN_NO_WELLS_IN_DATASET
PIH-500-0373,500,500.7168557175209,0,EPSG:5880,DESCRIPTIVE_NO_PIH_SCORE,,,,,,,,0,0.0,,,,0,0.0,,,,0,0.0,,,,20,NONE,47.75425513698515,55.13459634930686,59.12431334780438,47.75425513698515,55.13459634930686,59.12431334780438,47.958470955875185,55.13459634930686,59.12431334780438,47.75425513698515,55.13459634930686,59.12431334780438,47.75425513698515,55.13459634930686,59.12431334780438,47.75425513698515,55.13459634930686,59.12431334780438,47.958470955875185,55.13459634930686,59.12431334780438,47.958470955875185,55.13459634930686,59.12431334780438,70.13062440399528,77.62080369612791,81.07977837276968,54.13506398290937,63.4770856743303,65.47568648890395,47.958470955875185,55.13459634930686,59.12431334780438,47.75425513698515,55.13459634930686,59.12431334780438,0,0,0,0,0,0,0,0,0,0,0,UNKNOWN_NO_WELLS_IN_DATASET,,UNKNOWN_NO_WELLS_IN_DATASET,,UNKNOWN_NO_WELLS_IN_DATASET,,UNKNOWN_NO_WELLS_IN_DATASET,,UNKNOWN_NO_WELLS_IN_DATASET,,UNKNOWN_NO_WELLS_IN_DATASET,,UNKNOWN_NO_WELLS_IN_DATASET,,UNKNOWN_NO_WELLS_IN_DATASET,,UNKNOWN_NO_WELLS_IN_DATASET,,UNKNOWN_NO_WELLS_IN_DATASET,,UNKNOWN_NO_WELLS_IN_DATASET,,UNKNOWN_NO_WELLS_IN_DATASET
PIH-500-0374,500,500.61928493285933,0,EPSG:5880,DESCRIPTIVE_NO_PIH_SCORE,,,,,,,,0,0.0,,,,0,0.0,,,,0,0.0,,,,21,NONE,26.351824840628698,33.32507347964069,36.993624676699625,29.464624193394407,36.52989790568934,40.33555995291775,30.60951858730404,37.459471302844555,40.979932214312186,29.464624193394407,36.52989790568934,40.33555995291775,29.464624193394407,36.52989790568934,40.33555995291775,29.464624193394407,36.52989790568934,40.33555995291775,30.60951858730404,37.459471302844555,40.979932214312186,30.60951858730404,37.459471302844555,40.979932214312186,48.21587138322321,56.571289879874136,59.26722187360692,30.866863941908523,40.294025579245265,42.0200792987854,30.60951858730404,37.459471302844555,40.979932214312186,26.351824840628698,33.32507347964069,36.993624676699625,0,0,0,0,0,0,0,0,0,0,0,UNKNOWN_NO_WELLS_IN_DATASET,,UNKNOWN_NO_WELLS_IN_DATASET,,UNKNOWN_NO_WELLS_IN_DATASET,,UNKNOWN_NO_WELLS_IN_DATASET,,UNKNOWN_NO_WELLS_IN_DATASET,,UNKNOWN_NO_WELLS_IN_DATASET,,UNKNOWN_NO_WELLS_IN_DATASET,,UNKNOWN_NO_WELLS_IN_DATASET,,UNKNOWN_NO_WELLS_IN_DATASET,,UNKNOWN_NO_WELLS_IN_DATASET,,UNKNOWN_NO_WELLS_IN_DATASET,,UNKNOWN_NO_WELLS_IN_DATASET
PIH-500-0375,500,500.5288570204601,1,EPSG:5880,DESCRIPTIVE_NO_PIH_SCORE,16.069797130908466,16.069797130908466,1.6470902043933717,0.13049015897589436,,,,1,1.2486792544199943,0.0,,100.0,1,4.994717017679977,0.0,,100.0,1,19.97886807071991,0.0,,100.0,21,NONE,8.488588479198237,12.30267619913525,12.896058638061247,14.500767762297759,20.036060319061225,24.045626662843596,19.713711892697592,23.67390934353717,26.65532420065836,14.500767762297759,20.036060319061225,24.045626662843596,14.500767762297759,20.036060319061225,24.045626662843596,14.500767762297759,20.036060319061225,24.045626662843596,19.713711892697592,23.67390934353717,26.65532420065836,19.713711892697592,23.67390934353717,26.65532420065836,33.51132334155065,40.9277875294956,42.8837022402366,14.500767762297759,20.036060319061225,24.045626662843596,19.713711892697592,23.67390934353717,26.65532420065836,8.488588479198237,12.30267619913525,12.896058638061247,0,0,0,0,0,0,0,0,0,0,1,WELLS_PRESENT,0.0,NO_EVIDENCE_IN_AUDITED_WELLS,0.0,NO_EVIDENCE_IN_AUDITED_WELLS,0.0,NO_EVIDENCE_IN_AUDITED_WELLS,0.0,NO_EVIDENCE_IN_AUDITED_WELLS,0.0,NO_EVIDENCE_IN_AUDITED_WELLS,0.0,NO_EVIDENCE_IN_AUDITED_WELLS,0.0,NO_EVIDENCE_IN_AUDITED_WELLS,0.0,NO_EVIDENCE_IN_AUDITED_WELLS,0.0,NO_EVIDENCE_IN_AUDITED_WELLS,0.0,NO_EVIDENCE_IN_AUDITED_WELLS,100.0,REVIEW_REQUIRED_PRESENT
PIH-500-0376,500,500.44557031373836,0,EPSG:5880,DESCRIPTIVE_NO_PIH_SCORE,,,,,,,,0,0.0,,,,0,0.0,,,,0,0.0,,,,21,NONE,13.608165093845003,17.4732284541871,18.85993798840296,16.361585210794352,20.579907238092634,21.519527444411757,16.92439289191438,21.519527444411757,24.086562237583365,16.361585210794352,20.579907238092634,21.519527444411757,16.361585210794352,20.579907238092634,21.519527444411757,16.361585210794352,20.579907238092634,21.519527444411757,16.92439289191438,21.576256113641197,24.278386220742284,16.92439289191438,21.576256113641197,24.278386220742284,31.585687584320755,39.5930527724122,41.731463399228005,16.361585210794352,21.453398015853008,21.877248915689076,16.92439289191438,21.519527444411757,24.086562237583365,13.608165093845003,17.4732284541871,18.85993798840296,0,0,0,0,0,0,0,0,0,0,0,UNKNOWN_NO_WELLS_IN_DATASET,,UNKNOWN_NO_WELLS_IN_DATASET,,UNKNOWN_NO_WELLS_IN_DATASET,,UNKNOWN_NO_WELLS_IN_DATASET,,UNKNOWN_NO_WELLS_IN_DATASET,,UNKNOWN_NO_WELLS_IN_DATASET,,UNKNOWN_NO_WELLS_IN_DATASET,,UNKNOWN_NO_WELLS_IN_DATASET,,UNKNOWN_NO_WELLS_IN_DATASET,,UNKNOWN_NO_WELLS_IN_DATASET,,UNKNOWN_NO_WELLS_IN_DATASET,,UNKNOWN_NO_WELLS_IN_DATASET
PIH-500-0377,500,500.3694232908312,6,EPSG:5880,DESCRIPTIVE_NO_PIH_SCORE,1.8779359175504187,9.291881007733512,1.090481368727023,0.08640677674226066,1.8779359175504187,9.291881007733512,0.19405879173412954,5,5.848707243951928,0.16666666666666663,0.9697238998682473,33.33333333333333,3,12.211418051870291,0.5,0.7896900821428474,66.66666666666666,3,49.343669768763505,0.5,0.7896900821428474,66.66666666666666,19,NONE,5.1237442135445574,9.324032916424521,14.051152449835325,6.8858529082918025,10.756773088092395,14.051152449835325,6.8858529082918025,10.756773088092395,14.051152449835325,7.299018685840483,11.310502098951902,14.051152449835325,7.299018685840483,11.310502098951902,14.051152449835325,7.299018685840483,11.310502098951902,14.051152449835325,10.453687213722505,16.120377982927966,17.883559236996813,10.453687213722505,16.120377982927966,17.883559236996813,45.99835178240033,53.2625106058244,56.990957168574795,7.534054691958848,12.012100112148836,14.051152449835325,7.743764118387081,11.310502098951902,14.051152449835325,6.465626693812282,9.72727079298718,14.051152449835325,4,4,3,3,3,1,1,0,2,2,4,WELLS_PRESENT,66.6667,EVIDENCE_PRESENT,66.6667,EVIDENCE_PRESENT,50.0,EVIDENCE_PRESENT,50.0,EVIDENCE_PRESENT,50.0,EVIDENCE_PRESENT,16.6667,EVIDENCE_PRESENT,16.6667,EVIDENCE_PRESENT,0.0,NO_EVIDENCE_IN_AUDITED_WELLS,33.3333,EVIDENCE_PRESENT,33.3333,EVIDENCE_PRESENT,66.6667,REVIEW_REQUIRED_PRESENT
PIH-500-0378,500,500.30041457449346,4,EPSG:5880,DESCRIPTIVE_NO_PIH_SCORE,0.1525387037995794,1.050763563288001,4.156697269355318,0.3293880969844031,0.1525387037995794,1.050763563288001,0.00011508902132347701,1,1.2492494145373911,0.75,,100.0,1,4.9969976581495645,0.75,,100.0,1,19.987990632598258,0.75,,100.0,16,NONE,7.455313225577642,11.018333616247629,12.95994053414968,7.455313225577642,11.018333616247629,12.95994053414968,7.455313225577642,11.018333616247629,12.95994053414968,7.455313225577642,11.018333616247629,12.95994053414968,7.455313225577642,11.018333616247629,12.95994053414968,7.455313225577642,11.018333616247629,12.95994053414968,8.515893665061297,12.73049488045267,13.280359415569356,8.515893665061297,12.73049488045267,13.280359415569356,65.40770601072954,72.10552654614469,74.1097611378648,8.085442593374754,11.337701961312987,13.061851464123247,7.51129984719287,11.1664568525376,12.95994053414968,7.455313225577642,11.018333616247629,12.95994053414968,4,3,4,4,4,1,1,0,2,2,4,WELLS_PRESENT,100.0,EVIDENCE_PRESENT,75.0,EVIDENCE_PRESENT,100.0,EVIDENCE_PRESENT,100.0,EVIDENCE_PRESENT,100.0,EVIDENCE_PRESENT,25.0,EVIDENCE_PRESENT,25.0,EVIDENCE_PRESENT,0.0,NO_EVIDENCE_IN_AUDITED_WELLS,50.0,EVIDENCE_PRESENT,50.0,EVIDENCE_PRESENT,100.0,REVIEW_REQUIRED_PRESENT
PIH-500-0379,500,500.2385429321567,0,EPSG:5880,DESCRIPTIVE_NO_PIH_SCORE,,,,,,,,0,0.0,,,,0,0.0,,,,0,0.0,,,,21,NONE,13.748000141380782,18.89569838449079,22.93791860199348,13.748000141380782,18.89569838449079,22.93791860199348,14.460263563446532,20.92089644491486,24.84057489503805,13.748000141380782,18.89569838449079,22.93791860199348,13.748000141380782,18.89569838449079,22.93791860199348,13.748000141380782,18.89569838449079,22.93791860199348,14.460263563446532,20.92089644491486,24.84057489503805,14.460263563446532,20.92089644491486,24.84057489503805,85.96798959362611,94.32137232178492,97.07016053897657,14.687963493252175,19.596894526591218,22.93791860199348,14.460263563446532,20.92089644491486,24.84057489503805,13.748000141380782,18.89569838449079,22.93791860199348,0,0,0,0,0,0,0,0,0,0,0,UNKNOWN_NO_WELLS_IN_DATASET,,UNKNOWN_NO_WELLS_IN_DATASET,,UNKNOWN_NO_WELLS_IN_DATASET,,UNKNOWN_NO_WELLS_IN_DATASET,,UNKNOWN_NO_WELLS_IN_DATASET,,UNKNOWN_NO_WELLS_IN_DATASET,,UNKNOWN_NO_WELLS_IN_DATASET,,UNKNOWN_NO_WELLS_IN_DATASET,,UNKNOWN_NO_WELLS_IN_DATASET,,UNKNOWN_NO_WELLS_IN_DATASET,,UNKNOWN_NO_WELLS_IN_DATASET,,UNKNOWN_NO_WELLS_IN_DATASET
PIH-500-0380,500,500.1838072757609,3,EPSG:5880,DESCRIPTIVE_NO_PIH_SCORE,0.00010442966930875894,5.77569463247336,7.634606943964613,0.6050577183583515,0.00010442966930875894,5.77569463247336,6.332279643103188e-07,2,2.4990813013481885,0.33333333333333337,0.9182958340544894,66.66666666666666,2,9.650039483119714,0.33333333333333337,0.9182958340544894,66.66666666666666,1,19.259940659740792,0.6666666666666667,,100.0,21,NONE,5.753598072435634,10.15218288426489,14.580501462775395,8.940539338668628,14.675245334922659,18.371216338891863,18.483451189324448,24.37053298670726,28.12483451995334,13.51732544858117,20.910172661371643,23.238053349249114,13.51732544858117,20.910172661371643,23.238053349249114,13.51732544858117,20.910172661371643,23.238053349249114,18.483451189324448,24.37053298670726,28.12483451995334,18.483451189324448,24.37053298670726,28.12483451995334,83.5676962678804,92.93348102979179,94.26468677244311,13.516843063395207,20.910172661371643,23.238053349249114,18.483451189324448,24.37053298670726,28.12483451995334,5.753598072435634,10.15218288426489,14.580501462775395,2,0,0,0,0,0,0,0,0,0,3,WELLS_PRESENT,66.6667,EVIDENCE_PRESENT,0.0,NO_EVIDENCE_IN_AUDITED_WELLS,0.0,NO_EVIDENCE_IN_AUDITED_WELLS,0.0,NO_EVIDENCE_IN_AUDITED_WELLS,0.0,NO_EVIDENCE_IN_AUDITED_WELLS,0.0,NO_EVIDENCE_IN_AUDITED_WELLS,0.0,NO_EVIDENCE_IN_AUDITED_WELLS,0.0,NO_EVIDENCE_IN_AUDITED_WELLS,0.0,NO_EVIDENCE_IN_AUDITED_WELLS,0.0,NO_EVIDENCE_IN_AUDITED_WELLS,100.0,REVIEW_REQUIRED_PRESENT
PIH-500-0381,500,500.13620666211517,0,EPSG:5880,DESCRIPTIVE_NO_PIH_SCORE,,,,,,,,0,0.0,,,,0,0.0,,,,0,0.0,,,,21,NONE,10.254265674000862,12.839757476045197,15.169892514137533,10.254265674000862,12.839757476045197,15.169892514137533,11.319301258010372,16.656970667793793,19.177642824520014,10.788280019776012,16.656970667793793,19.18229961499872,10.788280019776012,16.656970667793793,19.18229961499872,10.788280019776012,16.656970667793793,19.18229961499872,12.360454640879142,16.656970667793793,19.18229961499872,12.360454640879142,16.656970667793793,19.18229961499872,58.96508011141543,68.04375584386564,69.85092687525155,10.788280019776012,16.70679386540602,19.177642824520014,12.278053257129875,16.656970667793793,19.18229961499872,10.254265674000862,12.839757476045197,15.169892514137533,0,0,0,0,0,0,0,0,0,0,0,UNKNOWN_NO_WELLS_IN_DATASET,,UNKNOWN_NO_WELLS_IN_DATASET,,UNKNOWN_NO_WELLS_IN_DATASET,,UNKNOWN_NO_WELLS_IN_DATASET,,UNKNOWN_NO_WELLS_IN_DATASET,,UNKNOWN_NO_WELLS_IN_DATASET,,UNKNOWN_NO_WELLS_IN_DATASET,,UNKNOWN_NO_WELLS_IN_DATASET,,UNKNOWN_NO_WELLS_IN_DATASET,,UNKNOWN_NO_WELLS_IN_DATASET,,UNKNOWN_NO_WELLS_IN_DATASET,,UNKNOWN_NO_WELLS_IN_DATASET
PIH-500-0382,500,500.09574029262507,4,EPSG:5880,DESCRIPTIVE_NO_PIH_SCORE,2.039403996330835,2.6807159027277554,5.910875539605954,0.46848983637034386,2.039403996330835,2.6807159027277554,0.025559038525098873,4,4.999042780362726,0.0,1.0,25.0,4,19.146977890055954,0.0,1.0,25.0,3,51.44002379285829,0.25,0.946394630357186,50.0,20,NONE,7.381991742346489,12.628492570204006,14.82933585066584,7.862078421330559,12.628492570204006,14.82933585066584,7.862078421330559,12.628492570204006,14.82933585066584,7.862078421330559,12.628492570204006,14.82933585066584,7.862078421330559,12.628492570204006,14.82933585066584,7.862078421330559,12.628492570204006,14.82933585066584,12.524187258244691,18.331830588115235,20.32342348008425,12.524187258244691,18.331830588115235,20.32342348008425,36.310361827396136,43.885291819990066,46.070302781256686,8.036168468972168,12.628492570204006,14.82933585066584,12.524187258244691,18.264321004075217,20.32342348008425,7.381991742346489,13.02336709507243,15.782203943846481,3,2,3,3,3,1,1,0,2,1,3,WELLS_PRESENT,75.0,EVIDENCE_PRESENT,50.0,EVIDENCE_PRESENT,75.0,EVIDENCE_PRESENT,75.0,EVIDENCE_PRESENT,75.0,EVIDENCE_PRESENT,25.0,EVIDENCE_PRESENT,25.0,EVIDENCE_PRESENT,0.0,NO_EVIDENCE_IN_AUDITED_WELLS,50.0,EVIDENCE_PRESENT,25.0,EVIDENCE_PRESENT,75.0,REVIEW_REQUIRED_PRESENT
PIH-500-0383,500,500.0624075132289,13,EPSG:5880,DESCRIPTIVE_NO_PIH_SCORE,1.2152468929157652,2.6220062897592253,2.8482504839173184,0.22575688938012026,1.2152468929157652,3.6222884733199803,0.41617123771231773,11,12.456769357089646,0.15384615384615385,0.9807239409418418,15.384615384615385,7,27.86709348296138,0.46153846153846156,0.9686322539060782,23.076923076923077,5,79.49647966163931,0.6153846153846154,0.972362610668201,30.76923076923077,17,NONE,3.994259017338648,6.036486569895383,7.530261077958218,4.2345945006573915,6.761158572771037,7.871011244561326,4.2345945006573915,6.761158572771037,7.871011244561326,4.2345945006573915,6.761158572771037,7.871011244561326,4.2345945006573915,6.761158572771037,7.871011244561326,4.2345945006573915,6.761158572771037,7.871011244561326,10.492452568820548,17.292350258568636,20.464960263866836,10.492452568820548,17.292350258568636,20.464960263866836,17.744242333515167,25.196838051024923,28.555091479063176,4.2345945006573915,6.761158572771037,7.871011244561326,8.319568147264214,14.71279796694466,17.835559399195233,10.349648915113008,14.803627108548307,16.048212237014244,10,10,10,10,10,1,1,0,10,2,3,WELLS_PRESENT,76.9231,EVIDENCE_PRESENT,76.9231,EVIDENCE_PRESENT,76.9231,EVIDENCE_PRESENT,76.9231,EVIDENCE_PRESENT,76.9231,EVIDENCE_PRESENT,7.6923,EVIDENCE_PRESENT,7.6923,EVIDENCE_PRESENT,0.0,NO_EVIDENCE_IN_AUDITED_WELLS,76.9231,EVIDENCE_PRESENT,15.3846,EVIDENCE_PRESENT,23.0769,REVIEW_REQUIRED_PRESENT
PIH-500-0384,500,500.03620781481067,10,EPSG:5880,DESCRIPTIVE_NO_PIH_SCORE,3.6065039429559023,6.603577519114725,6.324764236331459,0.5013240634552518,3.6065039429559023,6.603577519114725,0.2745203655629318,8,8.572314063769698,0.19999999999999996,0.9739760316291209,20.0,8,31.762042205966313,0.19999999999999996,0.9739760316291209,20.0,5,67.09944752343961,0.5,0.9138646883853214,40.0,20,NONE,3.728918624377706,8.19675642129114,8.85881234759879,3.728918624377706,8.19675642129114,8.85881234759879,3.728918624377706,8.19675642129114,8.85881234759879,3.728918624377706,8.19675642129114,8.85881234759879,3.728918624377706,8.19675642129114,9.658381023672305,4.298939842712793,8.19675642129114,9.658381023672305,9.361660972348323,18.030198913164625,19.047113957565834,9.361660972348323,18.030198913164625,19.047113957565834,14.350765616682516,23.681110595281517,25.05282140978782,3.728918624377706,8.19675642129114,9.658381023672305,5.892979545424243,10.234705309499548,11.608241609265319,10.3837332545017,16.191005045004584,17.181966167040123,10,9,10,10,9,2,2,0,9,3,1,WELLS_PRESENT,100.0,EVIDENCE_PRESENT,90.0,EVIDENCE_PRESENT,100.0,EVIDENCE_PRESENT,100.0,EVIDENCE_PRESENT,90.0,EVIDENCE_PRESENT,20.0,EVIDENCE_PRESENT,20.0,EVIDENCE_PRESENT,0.0,NO_EVIDENCE_IN_AUDITED_WELLS,90.0,EVIDENCE_PRESENT,30.0,EVIDENCE_PRESENT,10.0,REVIEW_REQUIRED_PRESENT
PIH-500-0385,500,500.01714083286345,33,EPSG:5880,DESCRIPTIVE_NO_PIH_SCORE,0.2153384672030631,2.8334242639372733,9.456182509765702,0.7495460777080466,0.2153384672030631,2.9001068113709465,0.24164342089871388,11,11.341753591424105,0.6666666666666667,0.8137742753182039,33.33333333333333,8,27.3025384506504,0.7575757575757576,0.8040848697053666,39.39393939393939,4,42.3020242432926,0.8787878787878788,0.7157287098491618,66.66666666666666,21,NONE,3.766139055553874,6.053880623459195,7.725205327379628,4.047784787806747,6.053880623459195,7.725205327379628,4.358374556564693,6.164998300927751,7.725205327379628,4.358374556564693,6.267626173402276,7.725205327379628,4.358374556564693,6.267626173402276,7.725205327379628,4.358374556564693,7.584676647864802,8.394361228665877,12.193265990987857,18.090689087469226,20.4336114920115,12.193265990987857,18.090689087469226,20.4336114920115,20.18291033285402,27.35604419876085,29.673280853433813,4.358374556564693,6.164998300927751,7.725205327379628,9.520661529745173,17.736072684439815,19.407097834962357,5.5729670876858135,7.70735883339842,8.914057111310113,30,24,26,25,23,7,7,0,23,15,23,WELLS_PRESENT,90.9091,EVIDENCE_PRESENT,72.7273,EVIDENCE_PRESENT,78.7879,EVIDENCE_PRESENT,75.7576,EVIDENCE_PRESENT,69.697,EVIDENCE_PRESENT,21.2121,EVIDENCE_PRESENT,21.2121,EVIDENCE_PRESENT,0.0,NO_EVIDENCE_IN_AUDITED_WELLS,69.697,EVIDENCE_PRESENT,45.4545,EVIDENCE_PRESENT,69.697,REVIEW_REQUIRED_PRESENT
PIH-500-0386,500,500.0052063473516,2,EPSG:5880,DESCRIPTIVE_NO_PIH_SCORE,14.736941420794327,17.778970590517574,2.35012169794303,0.1862850597008735,18.539477882948383,18.539477882948383,,2,2.4999739685342997,0.0,1.0,50.0,2,9.999895874137199,0.0,1.0,50.0,2,39.999583496548794,0.0,1.0,50.0,21,NONE,7.2698895791192575,11.629969166943987,13.115383423785648,13.094393706438998,17.835657071595776,21.03278340428271,13.094393706438998,17.835657071595776,21.03278340428271,13.094393706438998,17.835657071595776,21.03278340428271,13.094393706438998,17.835657071595776,21.03278340428271,13.094393706438998,17.835657071595776,21.03278340428271,29.344383214751993,34.01653173002554,35.980574903375825,29.344383214751993,34.01653173002554,35.980574903375825,35.78086338020814,44.22376452660925,46.74191192789276,13.094393706438998,17.835657071595776,21.03278340428271,27.02149136787319,32.88010056487458,34.94301474649493,7.2698895791192575,11.629969166943987,13.115383423785648,1,1,1,1,1,0,0,0,1,0,2,WELLS_PRESENT,50.0,EVIDENCE_PRESENT,50.0,EVIDENCE_PRESENT,50.0,EVIDENCE_PRESENT,50.0,EVIDENCE_PRESENT,50.0,EVIDENCE_PRESENT,0.0,NO_EVIDENCE_IN_AUDITED_WELLS,0.0,NO_EVIDENCE_IN_AUDITED_WELLS,0.0,NO_EVIDENCE_IN_AUDITED_WELLS,50.0,EVIDENCE_PRESENT,0.0,NO_EVIDENCE_IN_AUDITED_WELLS,100.0,REVIEW_REQUIRED_PRESENT
PIH-500-0387,500,500.00040428331255,0,EPSG:5880,DESCRIPTIVE_NO_PIH_SCORE,,,,,,,,0,0.0,,,,0,0.0,,,,0,0.0,,,,20,NONE,11.444684622753872,16.594509023168055,20.625524154010936,13.668222749054852,21.327661510155473,25.11754316123314,13.668222749054852,21.327661510155473,25.11754316123314,13.668222749054852,21.327661510155473,25.11754316123314,13.668222749054852,21.327661510155473,25.11754316123314,13.668222749054852,21.327661510155473,25.11754316123314,21.327892222683623,28.415863532414626,30.625931158354135,21.327892222683623,28.415863532414626,30.625931158354135,57.90645691139494,66.66406409367048,69.07613434707525,15.128908199727523,21.327661510155473,25.11754316123314,21.327892222683623,28.415863532414626,30.625931158354135,11.444684622753872,16.594509023168055,20.625524154010936,0,0,0,0,0,0,0,0,0,0,0,UNKNOWN_NO_WELLS_IN_DATASET,,UNKNOWN_NO_WELLS_IN_DATASET,,UNKNOWN_NO_WELLS_IN_DATASET,,UNKNOWN_NO_WELLS_IN_DATASET,,UNKNOWN_NO_WELLS_IN_DATASET,,UNKNOWN_NO_WELLS_IN_DATASET,,UNKNOWN_NO_WELLS_IN_DATASET,,UNKNOWN_NO_WELLS_IN_DATASET,,UNKNOWN_NO_WELLS_IN_DATASET,,UNKNOWN_NO_WELLS_IN_DATASET,,UNKNOWN_NO_WELLS_IN_DATASET,,UNKNOWN_NO_WELLS_IN_DATASET
PIH-500-0388,500,500.0027347101531,3,EPSG:5880,DESCRIPTIVE_NO_PIH_SCORE,0.42739743406198527,8.500007364266644,7.495300079532563,0.5941249234219594,0.42739743406198527,8.500007364266644,0.004379669400373049,2,2.4999863265240205,0.33333333333333337,0.9182958340544894,66.66666666666666,2,9.9148926874901,0.33333333333333337,0.9182958340544894,66.66666666666666,2,28.589834039543366,0.33333333333333337,0.9182958340544894,66.66666666666666,18,NONE,5.350898553107694,8.81290701571308,8.880664644266288,5.350898553107694,8.81290701571308,8.880664644266288,5.350898553107694,8.81290701571308,8.880664644266288,5.350898553107694,8.81290701571308,8.880664644266288,5.8828271011931035,8.81290701571308,8.880664644266288,5.8828271011931035,8.81290701571308,8.880664644266288,7.8888316053794085,13.282021141362536,16.78624215032297,7.8888316053794085,13.282021141362536,16.78624215032297,63.384038943311786,69.99974830835932,70.94033245511335,8.671621082495824,11.08772766521502,12.390271376351887,7.509240559271708,13.282021141362536,16.78624215032297,5.350898553107694,8.81290701571308,8.880664644266288,3,3,3,3,3,2,2,0,1,2,3,WELLS_PRESENT,100.0,EVIDENCE_PRESENT,100.0,EVIDENCE_PRESENT,100.0,EVIDENCE_PRESENT,100.0,EVIDENCE_PRESENT,100.0,EVIDENCE_PRESENT,66.6667,EVIDENCE_PRESENT,66.6667,EVIDENCE_PRESENT,0.0,NO_EVIDENCE_IN_AUDITED_WELLS,33.3333,EVIDENCE_PRESENT,66.6667,EVIDENCE_PRESENT,100.0,REVIEW_REQUIRED_PRESENT
PIH-500-0389,500,500.01219784206484,0,EPSG:5880,DESCRIPTIVE_NO_PIH_SCORE,,,,,,,,0,0.0,,,,0,0.0,,,,0,0.0,,,,20,NONE,13.370957906791539,17.28159548760844,18.444761222229282,14.790501354390003,19.76529353973073,22.184962758149688,14.790501354390003,19.76529353973073,22.184962758149688,14.790501354390003,19.76529353973073,23.468852399124515,14.790501354390003,19.76529353973073,23.468852399124515,14.790501354390003,19.76529353973073,23.468852399124515,15.931266426636814,23.96504018435863,25.819851849229508,15.931266426636814,23.96504018435863,25.819851849229508,45.82076558957229,53.029655941484705,56.285401198719576,17.901604223663227,22.16318258455738,22.51948606077959,14.790501354390003,23.96504018435863,25.464064513437123,14.309208575076532,17.822000341714748,21.982337567166205,0,0,0,0,0,0,0,0,0,0,0,UNKNOWN_NO_WELLS_IN_DATASET,,UNKNOWN_NO_WELLS_IN_DATASET,,UNKNOWN_NO_WELLS_IN_DATASET,,UNKNOWN_NO_WELLS_IN_DATASET,,UNKNOWN_NO_WELLS_IN_DATASET,,UNKNOWN_NO_WELLS_IN_DATASET,,UNKNOWN_NO_WELLS_IN_DATASET,,UNKNOWN_NO_WELLS_IN_DATASET,,UNKNOWN_NO_WELLS_IN_DATASET,,UNKNOWN_NO_WELLS_IN_DATASET,,UNKNOWN_NO_WELLS_IN_DATASET,,UNKNOWN_NO_WELLS_IN_DATASET
PIH-500-0390,500,500.02879403802143,2,EPSG:5880,DESCRIPTIVE_NO_PIH_SCORE,10.430835872300072,10.430835872300072,1.6640527801549139,0.13189991828831799,10.430835872300072,10.430835872300072,,2,2.4998560381003814,0.0,1.0,50.0,2,9.999424152401525,0.0,1.0,50.0,2,39.8619609335916,0.0,1.0,50.0,20,NONE,6.526838945861363,10.039230338871494,11.469754275909061,17.900675741553254,23.639314873332285,26.71945178536448,17.900675741553254,23.639314873332285,26.71945178536448,17.900675741553254,23.65290036577965,26.71945178536448,17.900675741553254,23.65290036577965,26.71945178536448,17.900675741553254,23.65290036577965,26.71945178536448,32.14105616893828,39.33204207798877,43.63472008789226,32.14105616893828,39.33204207798877,43.63472008789226,34.007033407662064,41.96992495194112,44.02728362806728,17.900675741553254,23.639314873332285,26.71945178536448,32.14105616893828,38.86138902143928,41.028312020502135,6.526838945861363,10.039230338871494,11.469754275909061,0,0,0,0,0,0,0,0,0,0,2,WELLS_PRESENT,0.0,NO_EVIDENCE_IN_AUDITED_WELLS,0.0,NO_EVIDENCE_IN_AUDITED_WELLS,0.0,NO_EVIDENCE_IN_AUDITED_WELLS,0.0,NO_EVIDENCE_IN_AUDITED_WELLS,0.0,NO_EVIDENCE_IN_AUDITED_WELLS,0.0,NO_EVIDENCE_IN_AUDITED_WELLS,0.0,NO_EVIDENCE_IN_AUDITED_WELLS,0.0,NO_EVIDENCE_IN_AUDITED_WELLS,0.0,NO_EVIDENCE_IN_AUDITED_WELLS,0.0,NO_EVIDENCE_IN_AUDITED_WELLS,100.0,REVIEW_REQUIRED_PRESENT
PIH-500-0391,500,500.0525238015981,7,EPSG:5880,DESCRIPTIVE_NO_PIH_SCORE,1.1660911994337713,4.350832291729324,4.491201494304124,0.35598333252156794,1.1660911994337713,4.350832291729324,0.042661326168951186,5,6.2493435214415225,0.2857142857142857,0.9165164431996023,42.857142857142854,5,23.966972154482704,0.2857142857142857,0.9165164431996023,42.857142857142854,3,47.91878853093724,0.5714285714285714,0.914100892018565,42.857142857142854,20,NONE,5.438504170542462,8.05832557106705,8.449573736942543,6.056470450242001,8.556845180034603,10.107958450201483,6.056470450242001,8.556845180034603,10.107958450201483,6.056470450242001,8.556845180034603,10.107958450201483,6.056470450242001,8.556845180034603,10.107958450201483,6.056470450242001,8.556845180034603,10.107958450201483,28.848984853746256,32.722389149248926,35.683716221762964,28.848984853746256,32.722389149248926,35.683716221762964,28.964314632403983,32.722389149248926,35.70255890236839,6.056470450242001,8.556845180034603,10.107958450201483,28.67820059371324,32.57111413546747,35.34177450580474,5.438504170542462,8.05832557106705,8.449573736942543,7,7,7,7,7,0,0,0,7,0,7,WELLS_PRESENT,100.0,EVIDENCE_PRESENT,100.0,EVIDENCE_PRESENT,100.0,EVIDENCE_PRESENT,100.0,EVIDENCE_PRESENT,100.0,EVIDENCE_PRESENT,0.0,NO_EVIDENCE_IN_AUDITED_WELLS,0.0,NO_EVIDENCE_IN_AUDITED_WELLS,0.0,NO_EVIDENCE_IN_AUDITED_WELLS,100.0,EVIDENCE_PRESENT,0.0,NO_EVIDENCE_IN_AUDITED_WELLS,100.0,REVIEW_REQUIRED_PRESENT
PIH-500-0392,500,500.08338778106867,0,EPSG:5880,DESCRIPTIVE_NO_PIH_SCORE,,,,,,,,0,0.0,,,,0,0.0,,,,0,0.0,,,,20,NONE,9.700611655473898,14.177256313652272,14.634903274246744,9.700611655473898,14.177256313652272,14.634903274246744,9.700611655473898,14.177256313652272,14.634903274246744,9.700611655473898,14.177256313652272,14.634903274246744,9.700611655473898,14.177256313652272,14.634903274246744,9.700611655473898,14.177256313652272,14.634903274246744,15.058829257702701,22.95354581536318,23.481940735397842,15.058829257702701,22.95354581536318,23.481940735397842,15.058829257702701,22.95354581536318,23.481940735397842,10.154174180039977,14.177256313652272,15.148192170855037,14.269896041726879,22.95354581536318,23.481940735397842,9.700611655473898,14.177256313652272,14.634903274246744,0,0,0,0,0,0,0,0,0,0,0,UNKNOWN_NO_WELLS_IN_DATASET,,UNKNOWN_NO_WELLS_IN_DATASET,,UNKNOWN_NO_WELLS_IN_DATASET,,UNKNOWN_NO_WELLS_IN_DATASET,,UNKNOWN_NO_WELLS_IN_DATASET,,UNKNOWN_NO_WELLS_IN_DATASET,,UNKNOWN_NO_WELLS_IN_DATASET,,UNKNOWN_NO_WELLS_IN_DATASET,,UNKNOWN_NO_WELLS_IN_DATASET,,UNKNOWN_NO_WELLS_IN_DATASET,,UNKNOWN_NO_WELLS_IN_DATASET,,UNKNOWN_NO_WELLS_IN_DATASET
PIH-500-0393,500,500.1213867694582,0,EPSG:5880,DESCRIPTIVE_NO_PIH_SCORE,,,,,,,,0,0.0,,,,0,0.0,,,,0,0.0,,,,18,NONE,14.795465248852633,20.38788986033613,22.382914965047444,17.532607231168303,22.67086839099474,24.9128672807659,17.532607231168303,22.67086839099474,24.9128672807659,17.532607231168303,22.67086839099474,24.9128672807659,17.532607231168303,22.67086839099474,24.9128672807659,17.532607231168303,23.14190065976298,27.0777744023193,25.535766088006312,32.48356751556516,35.88542778370485,25.535766088006312,32.48356751556516,35.88542778370485,27.228697660420078,34.355963454681046,37.88871766261975,21.12883353374221,26.899997397085176,29.336066784647866,18.760701597001177,25.383692669862445,28.921850720585212,14.795465248852633,20.38788986033613,22.382914965047444,0,0,0,0,0,0,0,0,0,0,0,UNKNOWN_NO_WELLS_IN_DATASET,,UNKNOWN_NO_WELLS_IN_DATASET,,UNKNOWN_NO_WELLS_IN_DATASET,,UNKNOWN_NO_WELLS_IN_DATASET,,UNKNOWN_NO_WELLS_IN_DATASET,,UNKNOWN_NO_WELLS_IN_DATASET,,UNKNOWN_NO_WELLS_IN_DATASET,,UNKNOWN_NO_WELLS_IN_DATASET,,UNKNOWN_NO_WELLS_IN_DATASET,,UNKNOWN_NO_WELLS_IN_DATASET,,UNKNOWN_NO_WELLS_IN_DATASET,,UNKNOWN_NO_WELLS_IN_DATASET
PIH-500-0394,500,500.1665217043317,1,EPSG:5880,DESCRIPTIVE_NO_PIH_SCORE,30.262239955693026,30.262239955693026,7.525220359336618,0.5963989203160528,,,,1,1.2495838343404004,0.0,,100.0,1,4.998335337361602,0.0,,100.0,1,17.40588562434431,0.0,,100.0,21,NONE,10.66001316328404,15.929337457799813,17.55382218534452,25.29803313562602,31.283694303831574,35.50871892430355,25.29803313562602,31.283694303831574,35.50871892430355,25.29803313562602,31.283694303831574,35.50871892430355,25.29803313562602,31.283694303831574,35.50871892430355,32.25424728692034,36.964895988339,38.08363079486045,35.716642752192904,38.821752940454246,40.95835215977512,35.716642752192904,38.821752940454246,40.95835215977512,48.60060857042571,56.671445222707746,59.747036006271394,25.891029353833012,31.708444261112334,35.84975002838874,32.25424728692034,36.964895988339,38.08363079486045,10.66001316328404,15.929337457799813,17.55382218534452,0,0,0,0,0,0,0,0,0,0,1,WELLS_PRESENT,0.0,NO_EVIDENCE_IN_AUDITED_WELLS,0.0,NO_EVIDENCE_IN_AUDITED_WELLS,0.0,NO_EVIDENCE_IN_AUDITED_WELLS,0.0,NO_EVIDENCE_IN_AUDITED_WELLS,0.0,NO_EVIDENCE_IN_AUDITED_WELLS,0.0,NO_EVIDENCE_IN_AUDITED_WELLS,0.0,NO_EVIDENCE_IN_AUDITED_WELLS,0.0,NO_EVIDENCE_IN_AUDITED_WELLS,0.0,NO_EVIDENCE_IN_AUDITED_WELLS,0.0,NO_EVIDENCE_IN_AUDITED_WELLS,100.0,REVIEW_REQUIRED_PRESENT
PIH-500-0395,500,500.2187936680987,0,EPSG:5880,DESCRIPTIVE_NO_PIH_SCORE,,,,,,,,0,0.0,,,,0,0.0,,,,0,0.0,,,,20,NONE,27.46824862073312,33.19863229857312,37.40744225991443,32.013156313575465,36.34559385377885,37.600563713911,32.013156313575465,36.34559385377885,37.600563713911,32.013156313575465,36.34559385377885,37.600563713911,32.013156313575465,36.34559385377885,37.600563713911,33.67426581623852,36.874622246833184,37.600563713911,35.207765949149625,37.65981102623894,39.6491329007715,35.207765949149625,37.65981102623894,39.6491329007715,67.08984213453161,73.59797150217966,77.63723962100407,32.58084211294438,36.727976313637775,37.600563713911,35.207765949149625,37.65981102623894,39.6491329007715,27.46824862073312,33.19863229857312,37.40744225991443,0,0,0,0,0,0,0,0,0,0,0,UNKNOWN_NO_WELLS_IN_DATASET,,UNKNOWN_NO_WELLS_IN_DATASET,,UNKNOWN_NO_WELLS_IN_DATASET,,UNKNOWN_NO_WELLS_IN_DATASET,,UNKNOWN_NO_WELLS_IN_DATASET,,UNKNOWN_NO_WELLS_IN_DATASET,,UNKNOWN_NO_WELLS_IN_DATASET,,UNKNOWN_NO_WELLS_IN_DATASET,,UNKNOWN_NO_WELLS_IN_DATASET,,UNKNOWN_NO_WELLS_IN_DATASET,,UNKNOWN_NO_WELLS_IN_DATASET,,UNKNOWN_NO_WELLS_IN_DATASET
PIH-500-0396,500,500.2782038876611,0,EPSG:5880,DESCRIPTIVE_NO_PIH_SCORE,,,,,,,,0,0.0,,,,0,0.0,,,,0,0.0,,,,19,NONE,31.82346044229102,37.00252906424812,38.147892555935265,31.82346044229102,37.00252906424812,38.147892555935265,31.82346044229102,37.00252906424812,38.147892555935265,31.82346044229102,37.00252906424812,38.147892555935265,31.82346044229102,37.00252906424812,38.147892555935265,31.82346044229102,37.00252906424812,38.147892555935265,40.2694320086988,44.04916527344572,45.90228470624778,40.2694320086988,44.04916527344572,45.90228470624778,56.570188083037124,63.524592426621986,67.21722007762008,31.82346044229102,37.00252906424812,38.147892555935265,40.2694320086988,43.044794435832635,44.98679555799999,31.82346044229102,37.00252906424812,38.147892555935265,0,0,0,0,0,0,0,0,0,0,0,UNKNOWN_NO_WELLS_IN_DATASET,,UNKNOWN_NO_WELLS_IN_DATASET,,UNKNOWN_NO_WELLS_IN_DATASET,,UNKNOWN_NO_WELLS_IN_DATASET,,UNKNOWN_NO_WELLS_IN_DATASET,,UNKNOWN_NO_WELLS_IN_DATASET,,UNKNOWN_NO_WELLS_IN_DATASET,,UNKNOWN_NO_WELLS_IN_DATASET,,UNKNOWN_NO_WELLS_IN_DATASET,,UNKNOWN_NO_WELLS_IN_DATASET,,UNKNOWN_NO_WELLS_IN_DATASET,,UNKNOWN_NO_WELLS_IN_DATASET
PIH-500-0397,500,500.3447537346632,0,EPSG:5880,DESCRIPTIVE_NO_PIH_SCORE,,,,,,,,0,0.0,,,,0,0.0,,,,0,0.0,,,,21,NONE,18.184041403655964,23.43485206922889,25.763678146537163,18.184041403655964,23.43485206922889,25.763678146537163,18.812623225629494,23.43485206922889,25.763678146537163,18.184041403655964,23.43485206922889,25.763678146537163,18.184041403655964,23.43485206922889,25.763678146537163,18.184041403655964,23.43485206922889,25.763678146537163,31.767751607590352,39.800598984406136,44.37289047604768,31.767751607590352,39.800598984406136,44.37289047604768,33.37631034340028,41.72832801035533,44.51905869795525,18.184041403655964,23.43485206922889,25.763678146537163,26.659426683366842,33.92212219114759,36.70135005929557,18.184041403655964,23.43485206922889,25.763678146537163,0,0,0,0,0,0,0,0,0,0,0,UNKNOWN_NO_WELLS_IN_DATASET,,UNKNOWN_NO_WELLS_IN_DATASET,,UNKNOWN_NO_WELLS_IN_DATASET,,UNKNOWN_NO_WELLS_IN_DATASET,,UNKNOWN_NO_WELLS_IN_DATASET,,UNKNOWN_NO_WELLS_IN_DATASET,,UNKNOWN_NO_WELLS_IN_DATASET,,UNKNOWN_NO_WELLS_IN_DATASET,,UNKNOWN_NO_WELLS_IN_DATASET,,UNKNOWN_NO_WELLS_IN_DATASET,,UNKNOWN_NO_WELLS_IN_DATASET,,UNKNOWN_NO_WELLS_IN_DATASET
PIH-500-0398,500,500.41844472545375,7,EPSG:5880,DESCRIPTIVE_NO_PIH_SCORE,0.08891145181351069,0.5983224721077538,11.983796727835825,0.9495169367474922,0.08891145181351069,1.024111880268503,0.0011968603339960132,2,1.2281256352405103,0.7142857142857143,0.5916727785823274,85.71428571428571,2,5.680470404415027,0.7142857142857143,0.5916727785823274,85.71428571428571,1,14.260693008699729,0.8571428571428572,,100.0,18,NONE,12.937732337121357,16.665695830440445,19.723164428167184,12.937732337121357,17.33965209555861,19.723164428167184,13.111252079212491,18.407850016289032,19.94112304056295,12.937732337121357,18.375938975881773,19.82953456285805,12.937732337121357,18.375938975881773,19.82953456285805,12.937732337121357,18.375938975881773,19.82953456285805,13.12443963986372,19.989880250027365,23.242646533153767,13.12443963986372,19.989880250027365,23.242646533153767,13.337048637165479,20.19270926152943,23.460432334777398,13.279915017700539,17.524095464505162,19.98347157141468,12.937732337121357,17.69781859226298,19.723164428167184,12.937732337121357,16.665695830440445,19.723164428167184,7,7,7,7,7,4,4,1,3,5,7,WELLS_PRESENT,100.0,EVIDENCE_PRESENT,100.0,EVIDENCE_PRESENT,100.0,EVIDENCE_PRESENT,100.0,EVIDENCE_PRESENT,100.0,EVIDENCE_PRESENT,57.1429,EVIDENCE_PRESENT,57.1429,EVIDENCE_PRESENT,14.2857,EVIDENCE_PRESENT,42.8571,EVIDENCE_PRESENT,71.4286,EVIDENCE_PRESENT,100.0,REVIEW_REQUIRED_PRESENT
PIH-500-0399,500,378.29155029844435,0,EPSG:5880,DESCRIPTIVE_NO_PIH_SCORE,,,,,,,,0,0.0,,,,0,0.0,,,,0,0.0,,,,16,NONE,12.994932735442038,17.227721280111652,18.86089491100583,12.994932735442038,17.227721280111652,18.86089491100583,12.994932735442038,17.227721280111652,18.86089491100583,12.994932735442038,17.227721280111652,18.86089491100583,12.994932735442038,17.227721280111652,18.86089491100583,12.994932735442038,17.227721280111652,18.86089491100583,13.539168781700889,18.006969162200143,18.887798388289763,13.539168781700889,18.006969162200143,18.887798388289763,17.719188526633292,21.901801706691813,23.62055564399219,12.994932735442038,17.227721280111652,18.86089491100583,13.034962246465547,17.433642762433607,18.86089491100583,12.994932735442038,17.227721280111652,18.86089491100583,0,0,0,0,0,0,0,0,0,0,0,UNKNOWN_NO_WELLS_IN_DATASET,,UNKNOWN_NO_WELLS_IN_DATASET,,UNKNOWN_NO_WELLS_IN_DATASET,,UNKNOWN_NO_WELLS_IN_DATASET,,UNKNOWN_NO_WELLS_IN_DATASET,,UNKNOWN_NO_WELLS_IN_DATASET,,UNKNOWN_NO_WELLS_IN_DATASET,,UNKNOWN_NO_WELLS_IN_DATASET,,UNKNOWN_NO_WELLS_IN_DATASET,,UNKNOWN_NO_WELLS_IN_DATASET,,UNKNOWN_NO_WELLS_IN_DATASET,,UNKNOWN_NO_WELLS_IN_DATASET
PIH-500-0400,500,124.28260878241711,1,EPSG:5880,DESCRIPTIVE_NO_PIH_SCORE,8.265055627966639,8.265055627966639,5.259515456055662,0.8362102595125478,,,,1,5.028861287376049,0.0,,100.0,1,13.740502442169857,0.0,,100.0,1,41.04434088247303,0.0,,100.0,6,NONE,5.615134907400074,12.023673143752355,13.91023858014137,5.615134907400074,12.023673143752355,13.91023858014137,5.615134907400074,12.023673143752355,13.91023858014137,5.615134907400074,12.023673143752355,13.91023858014137,5.615134907400074,12.023673143752355,13.91023858014137,5.615134907400074,12.023673143752355,13.91023858014137,11.303226226785991,14.358517289560297,16.554554955623676,11.303226226785991,14.358517289560297,16.554554955623676,18.223579253972154,23.295134643773007,25.741080999658752,5.615134907400074,12.023673143752355,13.91023858014137,11.303226226785991,14.358517289560297,16.554554955623676,5.615134907400074,12.023673143752355,13.91023858014137,1,1,1,1,1,0,0,0,1,0,1,WELLS_PRESENT,100.0,EVIDENCE_PRESENT,100.0,EVIDENCE_PRESENT,100.0,EVIDENCE_PRESENT,100.0,EVIDENCE_PRESENT,100.0,EVIDENCE_PRESENT,0.0,NO_EVIDENCE_IN_AUDITED_WELLS,0.0,NO_EVIDENCE_IN_AUDITED_WELLS,0.0,NO_EVIDENCE_IN_AUDITED_WELLS,100.0,EVIDENCE_PRESENT,0.0,NO_EVIDENCE_IN_AUDITED_WELLS,100.0,REVIEW_REQUIRED_PRESENT
PIH-500-0401,500,224.3755664302239,0,EPSG:5880,DESCRIPTIVE_NO_PIH_SCORE,,,,,,,,0,0.0,,,,0,0.0,,,,0,0.0,,,,7,NONE,53.08612605963952,58.51353857881423,59.699940323319616,53.08612605963952,58.51353857881423,59.699940323319616,53.08612605963952,58.51353857881423,59.699940323319616,53.08612605963952,58.51353857881423,59.699940323319616,53.08612605963952,58.51353857881423,59.699940323319616,53.08612605963952,58.51353857881423,59.699940323319616,106.08111482290643,111.28551978020305,113.09941868311638,106.08111482290643,111.28551978020305,113.09941868311638,129.5562232854137,134.95363535165143,135.93089234866275,104.75267622439085,110.15003153835472,111.43873465373119,86.71352242083711,91.7260844076183,93.78422446011237,53.08612605963952,58.51353857881423,59.699940323319616,0,0,0,0,0,0,0,0,0,0,0,UNKNOWN_NO_WELLS_IN_DATASET,,UNKNOWN_NO_WELLS_IN_DATASET,,UNKNOWN_NO_WELLS_IN_DATASET,,UNKNOWN_NO_WELLS_IN_DATASET,,UNKNOWN_NO_WELLS_IN_DATASET,,UNKNOWN_NO_WELLS_IN_DATASET,,UNKNOWN_NO_WELLS_IN_DATASET,,UNKNOWN_NO_WELLS_IN_DATASET,,UNKNOWN_NO_WELLS_IN_DATASET,,UNKNOWN_NO_WELLS_IN_DATASET,,UNKNOWN_NO_WELLS_IN_DATASET,,UNKNOWN_NO_WELLS_IN_DATASET
PIH-500-0402,500,486.62647416349006,0,EPSG:5880,DESCRIPTIVE_NO_PIH_SCORE,,,,,,,,0,0.0,,,,0,0.0,,,,0,0.0,,,,19,NONE,44.24729348040348,50.80634393599903,54.04608921406743,44.24729348040348,50.80634393599903,54.04608921406743,44.24729348040348,50.80634393599903,54.04608921406743,44.24729348040348,50.80634393599903,54.04608921406743,44.24729348040348,50.80634393599903,54.04608921406743,44.24729348040348,50.80634393599903,54.04608921406743,90.85715077260015,98.01156353174642,100.26868519243068,90.85715077260015,98.01156353174642,100.26868519243068,119.67450407806449,125.78631405594376,129.524057829017,93.0342945203389,101.0181845103169,102.7041068191577,69.7076968876225,76.95830316202073,79.87501185246396,44.24729348040348,50.80634393599903,54.04608921406743,0,0,0,0,0,0,0,0,0,0,0,UNKNOWN_NO_WELLS_IN_DATASET,,UNKNOWN_NO_WELLS_IN_DATASET,,UNKNOWN_NO_WELLS_IN_DATASET,,UNKNOWN_NO_WELLS_IN_DATASET,,UNKNOWN_NO_WELLS_IN_DATASET,,UNKNOWN_NO_WELLS_IN_DATASET,,UNKNOWN_NO_WELLS_IN_DATASET,,UNKNOWN_NO_WELLS_IN_DATASET,,UNKNOWN_NO_WELLS_IN_DATASET,,UNKNOWN_NO_WELLS_IN_DATASET,,UNKNOWN_NO_WELLS_IN_DATASET,,UNKNOWN_NO_WELLS_IN_DATASET
PIH-500-0403,500,500.8769216652944,0,EPSG:5880,DESCRIPTIVE_NO_PIH_SCORE,,,,,,,,0,0.0,,,,0,0.0,,,,0,0.0,,,,21,NONE,50.920033505502055,59.09521426607187,61.31933216048137,50.920033505502055,59.09521426607187,61.31933216048137,50.920033505502055,59.09521426607187,61.31933216048137,50.920033505502055,59.09521426607187,61.31933216048137,50.920033505502055,59.09521426607187,61.31933216048137,50.920033505502055,59.09521426607187,61.31933216048137,79.70675958577505,87.49644652591958,89.05237223448374,79.70675958577505,87.49644652591958,89.05237223448374,108.04037413551383,114.60678718027971,117.90484028828145,83.39850426718809,90.18372992217007,94.43629103057718,58.190371840041074,66.74417405659491,69.2387335434062,50.920033505502055,59.09521426607187,61.31933216048137,0,0,0,0,0,0,0,0,0,0,0,UNKNOWN_NO_WELLS_IN_DATASET,,UNKNOWN_NO_WELLS_IN_DATASET,,UNKNOWN_NO_WELLS_IN_DATASET,,UNKNOWN_NO_WELLS_IN_DATASET,,UNKNOWN_NO_WELLS_IN_DATASET,,UNKNOWN_NO_WELLS_IN_DATASET,,UNKNOWN_NO_WELLS_IN_DATASET,,UNKNOWN_NO_WELLS_IN_DATASET,,UNKNOWN_NO_WELLS_IN_DATASET,,UNKNOWN_NO_WELLS_IN_DATASET,,UNKNOWN_NO_WELLS_IN_DATASET,,UNKNOWN_NO_WELLS_IN_DATASET
PIH-500-0404,500,500.7686121495093,0,EPSG:5880,DESCRIPTIVE_NO_PIH_SCORE,,,,,,,,0,0.0,,,,0,0.0,,,,0,0.0,,,,21,NONE,54.16558715667102,60.739785407453944,65.7339987540724,54.16558715667102,60.739785407453944,65.7339987540724,56.24122815504508,61.29426509758677,65.7339987540724,54.16558715667102,60.739785407453944,65.7339987540724,54.16558715667102,60.739785407453944,65.7339987540724,54.16558715667102,60.739785407453944,65.7339987540724,66.25535934182943,73.8578800677956,75.96543364484232,66.25535934182943,73.8578800677956,75.96543364484232,88.38174714111229,96.88030780851346,99.4900076891393,59.08858577348031,68.42996495655353,69.86030618453368,56.24122815504508,61.29426509758677,65.7339987540724,54.16558715667102,60.739785407453944,65.7339987540724,0,0,0,0,0,0,0,0,0,0,0,UNKNOWN_NO_WELLS_IN_DATASET,,UNKNOWN_NO_WELLS_IN_DATASET,,UNKNOWN_NO_WELLS_IN_DATASET,,UNKNOWN_NO_WELLS_IN_DATASET,,UNKNOWN_NO_WELLS_IN_DATASET,,UNKNOWN_NO_WELLS_IN_DATASET,,UNKNOWN_NO_WELLS_IN_DATASET,,UNKNOWN_NO_WELLS_IN_DATASET,,UNKNOWN_NO_WELLS_IN_DATASET,,UNKNOWN_NO_WELLS_IN_DATASET,,UNKNOWN_NO_WELLS_IN_DATASET,,UNKNOWN_NO_WELLS_IN_DATASET
PIH-500-0405,500,500.66744837695677,0,EPSG:5880,DESCRIPTIVE_NO_PIH_SCORE,,,,,,,,0,0.0,,,,0,0.0,,,,0,0.0,,,,20,NONE,35.56546531199755,43.61462966616569,45.74616592438888,35.56546531199755,43.61462966616569,45.74616592438888,45.49062188674628,54.48193930409526,55.60671592383215,35.56546531199755,43.61462966616569,45.74616592438888,35.56546531199755,43.61462966616569,45.74616592438888,35.56546531199755,43.61462966616569,45.74616592438888,45.49062188674628,54.48193930409526,55.60671592383215,45.49062188674628,54.48193930409526,55.60671592383215,69.22813030688332,76.6162166620464,79.56361087509939,35.56546531199755,43.61462966616569,45.74616592438888,45.49062188674628,54.48193930409526,55.60671592383215,35.56546531199755,43.61462966616569,45.74616592438888,0,0,0,0,0,0,0,0,0,0,0,UNKNOWN_NO_WELLS_IN_DATASET,,UNKNOWN_NO_WELLS_IN_DATASET,,UNKNOWN_NO_WELLS_IN_DATASET,,UNKNOWN_NO_WELLS_IN_DATASET,,UNKNOWN_NO_WELLS_IN_DATASET,,UNKNOWN_NO_WELLS_IN_DATASET,,UNKNOWN_NO_WELLS_IN_DATASET,,UNKNOWN_NO_WELLS_IN_DATASET,,UNKNOWN_NO_WELLS_IN_DATASET,,UNKNOWN_NO_WELLS_IN_DATASET,,UNKNOWN_NO_WELLS_IN_DATASET,,UNKNOWN_NO_WELLS_IN_DATASET
PIH-500-0406,500,500.5734284753656,0,EPSG:5880,DESCRIPTIVE_NO_PIH_SCORE,,,,,,,,0,0.0,,,,0,0.0,,,,0,0.0,,,,17,NONE,15.241738854789443,20.26589269476294,23.55761051903702,15.241738854789443,22.344122959937216,23.9021341056495,23.431530146723006,30.274179504615244,30.95746458182246,15.241738854789443,22.344122959937216,23.9021341056495,15.241738854789443,22.344122959937216,23.9021341056495,15.241738854789443,22.344122959937216,23.9021341056495,23.431530146723006,30.274179504615244,30.95746458182246,23.431530146723006,30.274179504615244,30.95746458182246,56.45194715006253,63.24551567643408,65.2439767694931,15.241738854789443,22.344122959937216,23.9021341056495,23.431530146723006,30.274179504615244,30.95746458182246,15.241738854789443,20.26589269476294,23.55761051903702,0,0,0,0,0,0,0,0,0,0,0,UNKNOWN_NO_WELLS_IN_DATASET,,UNKNOWN_NO_WELLS_IN_DATASET,,UNKNOWN_NO_WELLS_IN_DATASET,,UNKNOWN_NO_WELLS_IN_DATASET,,UNKNOWN_NO_WELLS_IN_DATASET,,UNKNOWN_NO_WELLS_IN_DATASET,,UNKNOWN_NO_WELLS_IN_DATASET,,UNKNOWN_NO_WELLS_IN_DATASET,,UNKNOWN_NO_WELLS_IN_DATASET,,UNKNOWN_NO_WELLS_IN_DATASET,,UNKNOWN_NO_WELLS_IN_DATASET,,UNKNOWN_NO_WELLS_IN_DATASET
PIH-500-0407,500,500.48655071634124,4,EPSG:5880,DESCRIPTIVE_NO_PIH_SCORE,1.0943719760284494,7.677978017883726,5.168715049602149,0.40950699152068587,1.0943719760284494,7.677978017883726,0.022203059841138215,3,3.7463544171493357,0.25,0.946394630357186,50.0,3,14.985417668597343,0.25,0.946394630357186,50.0,2,39.96111378292625,0.5,0.8112781244591328,75.0,20,NONE,6.000282764110108,10.094777225851095,10.911006921739858,6.000282764110108,10.094777225851095,10.975514965788504,7.359801734026188,11.346815945391416,12.991969039272059,6.000282764110108,10.094777225851095,10.975514965788504,6.000282764110108,10.094777225851095,10.975514965788504,6.000282764110108,10.094777225851095,10.975514965788504,9.026090200304033,12.358624962019732,12.991969039272059,9.026090200304033,12.358624962019732,12.991969039272059,49.09350639506084,58.52007595836105,59.16978960262748,6.000282764110108,10.094777225851095,10.975514965788504,9.026090200304033,12.358624962019732,12.991969039272059,6.000282764110108,10.094777225851095,10.911006921739858,2,2,2,2,2,1,1,0,2,1,4,WELLS_PRESENT,50.0,EVIDENCE_PRESENT,50.0,EVIDENCE_PRESENT,50.0,EVIDENCE_PRESENT,50.0,EVIDENCE_PRESENT,50.0,EVIDENCE_PRESENT,25.0,EVIDENCE_PRESENT,25.0,EVIDENCE_PRESENT,0.0,NO_EVIDENCE_IN_AUDITED_WELLS,50.0,EVIDENCE_PRESENT,25.0,EVIDENCE_PRESENT,100.0,REVIEW_REQUIRED_PRESENT
PIH-500-0408,500,500.4068135152825,4,EPSG:5880,DESCRIPTIVE_NO_PIH_SCORE,3.9743038892419937,9.630517326958334,6.2482482176312075,0.4950756919307241,3.9743038892419937,9.630517326958334,0.08095937221830946,3,2.91284405338318,0.25,0.946394630357186,50.0,3,11.263360569530366,0.25,0.946394630357186,50.0,3,48.09597235009424,0.25,0.946394630357186,50.0,20,NONE,6.307255544205245,8.62423199423473,9.13449528210247,6.530087399363859,9.048167668741732,10.239406179231478,6.530087399363859,9.048167668741732,10.239406179231478,6.530087399363859,9.048167668741732,10.239406179231478,6.530087399363859,9.048167668741732,10.239406179231478,6.530087399363859,9.048167668741732,10.239406179231478,14.304345202011204,17.93044849533238,20.957552617972812,14.304345202011204,17.93044849533238,20.957552617972812,54.05740761541132,61.914754921002036,64.05909085548308,7.4735232537471905,9.061578050250391,10.239406179231478,6.817602277725165,9.754946068962916,11.597147912291678,6.307255544205245,8.62423199423473,9.13449528210247,3,2,3,3,3,0,0,0,1,2,4,WELLS_PRESENT,75.0,EVIDENCE_PRESENT,50.0,EVIDENCE_PRESENT,75.0,EVIDENCE_PRESENT,75.0,EVIDENCE_PRESENT,75.0,EVIDENCE_PRESENT,0.0,NO_EVIDENCE_IN_AUDITED_WELLS,0.0,NO_EVIDENCE_IN_AUDITED_WELLS,0.0,NO_EVIDENCE_IN_AUDITED_WELLS,25.0,EVIDENCE_PRESENT,50.0,EVIDENCE_PRESENT,100.0,REVIEW_REQUIRED_PRESENT
PIH-500-0409,500,500.3342154312518,2,EPSG:5880,DESCRIPTIVE_NO_PIH_SCORE,0.5710960632021617,0.5710960632021617,7.095910939423131,0.5622804591386604,0.5710960632021617,0.5710960632021617,,1,1.249165019548574,0.5,,100.0,1,4.996660078194296,0.5,,100.0,1,19.986640312777183,0.5,,100.0,21,NONE,7.724841630300484,14.193413132068185,17.31564493924645,7.724841630300484,14.193413132068185,17.31564493924645,9.645251338744492,16.312571161252766,17.816382638187136,7.724841630300484,14.193413132068185,17.31564493924645,7.724841630300484,14.193413132068185,17.31564493924645,9.003555089070206,14.193413132068185,17.816382638187136,9.645251338744492,15.579819400633705,17.816382638187136,9.645251338744492,15.579819400633705,17.816382638187136,67.11181148564903,74.48392187681907,77.67835279138164,9.003555089070206,14.193413132068185,17.816382638187136,7.724841630300484,14.388486573205213,17.31564493924645,7.724841630300484,14.193413132068185,17.31564493924645,2,2,2,2,2,2,2,0,2,2,2,WELLS_PRESENT,100.0,EVIDENCE_PRESENT,100.0,EVIDENCE_PRESENT,100.0,EVIDENCE_PRESENT,100.0,EVIDENCE_PRESENT,100.0,EVIDENCE_PRESENT,100.0,EVIDENCE_PRESENT,100.0,EVIDENCE_PRESENT,0.0,NO_EVIDENCE_IN_AUDITED_WELLS,100.0,EVIDENCE_PRESENT,100.0,EVIDENCE_PRESENT,100.0,REVIEW_REQUIRED_PRESENT
PIH-500-0410,500,500.26875516723885,0,EPSG:5880,DESCRIPTIVE_NO_PIH_SCORE,,,,,,,,0,0.0,,,,0,0.0,,,,0,0.0,,,,20,NONE,22.394136228487888,29.740669091908632,31.625405473623953,22.394136228487888,29.740669091908632,31.625405473623953,22.69335154056877,29.740669091908632,31.625405473623953,22.394136228487888,29.740669091908632,31.625405473623953,22.394136228487888,29.740669091908632,31.625405473623953,22.69335154056877,29.740669091908632,31.625405473623953,22.69335154056877,30.092464362876704,31.839884136018345,22.69335154056877,30.092464362876704,31.839884136018345,86.8658495956085,94.64983846211615,97.16162130147669,22.82279392612484,29.75443808464851,31.651839634468846,22.394136228487888,29.740669091908632,31.625405473623953,22.394136228487888,29.740669091908632,31.625405473623953,0,0,0,0,0,0,0,0,0,0,0,UNKNOWN_NO_WELLS_IN_DATASET,,UNKNOWN_NO_WELLS_IN_DATASET,,UNKNOWN_NO_WELLS_IN_DATASET,,UNKNOWN_NO_WELLS_IN_DATASET,,UNKNOWN_NO_WELLS_IN_DATASET,,UNKNOWN_NO_WELLS_IN_DATASET,,UNKNOWN_NO_WELLS_IN_DATASET,,UNKNOWN_NO_WELLS_IN_DATASET,,UNKNOWN_NO_WELLS_IN_DATASET,,UNKNOWN_NO_WELLS_IN_DATASET,,UNKNOWN_NO_WELLS_IN_DATASET,,UNKNOWN_NO_WELLS_IN_DATASET
PIH-500-0411,500,500.2104315699445,0,EPSG:5880,DESCRIPTIVE_NO_PIH_SCORE,,,,,,,,0,0.0,,,,0,0.0,,,,0,0.0,,,,21,NONE,23.09019378428503,32.58658122111886,35.977879781897165,28.966931048174942,37.07692160400295,39.88313677394339,31.382438511995648,37.106208809876115,40.41555378150416,29.54090219851557,37.106208809876115,40.06647828224956,29.54090219851557,37.106208809876115,40.06647828224956,29.54090219851557,37.106208809876115,40.06647828224956,31.55216552597007,37.106208809876115,40.41555378150416,31.55216552597007,37.106208809876115,40.41555378150416,98.15615154586602,104.09817295223858,106.46673283088091,29.54090219851557,37.26181637092584,40.06647828224956,31.55216552597007,37.106208809876115,40.41555378150416,23.09019378428503,32.58658122111886,35.977879781897165,0,0,0,0,0,0,0,0,0,0,0,UNKNOWN_NO_WELLS_IN_DATASET,,UNKNOWN_NO_WELLS_IN_DATASET,,UNKNOWN_NO_WELLS_IN_DATASET,,UNKNOWN_NO_WELLS_IN_DATASET,,UNKNOWN_NO_WELLS_IN_DATASET,,UNKNOWN_NO_WELLS_IN_DATASET,,UNKNOWN_NO_WELLS_IN_DATASET,,UNKNOWN_NO_WELLS_IN_DATASET,,UNKNOWN_NO_WELLS_IN_DATASET,,UNKNOWN_NO_WELLS_IN_DATASET,,UNKNOWN_NO_WELLS_IN_DATASET,,UNKNOWN_NO_WELLS_IN_DATASET
PIH-500-0412,500,500.1595650422909,0,EPSG:5880,DESCRIPTIVE_NO_PIH_SCORE,,,,,,,,0,0.0,,,,0,0.0,,,,0,0.0,,,,18,NONE,12.025433327838904,19.491440182816756,23.405187779714897,14.012683054815607,21.513728678152503,23.405187779714897,15.905102046660296,21.90737513232717,23.405187779714897,16.019729995848266,22.096688352830096,23.626900319806303,16.019729995848266,22.096688352830096,23.626900319806303,16.019729995848266,22.096688352830096,23.626900319806303,16.019729995848266,22.096688352830096,23.626900319806303,16.019729995848266,22.096688352830096,23.626900319806303,77.48284016573618,84.76212572768637,88.48628057559046,15.905102046660296,21.90737513232717,23.405187779714897,16.019729995848266,22.096688352830096,23.626900319806303,12.025433327838904,19.491440182816756,23.405187779714897,0,0,0,0,0,0,0,0,0,0,0,UNKNOWN_NO_WELLS_IN_DATASET,,UNKNOWN_NO_WELLS_IN_DATASET,,UNKNOWN_NO_WELLS_IN_DATASET,,UNKNOWN_NO_WELLS_IN_DATASET,,UNKNOWN_NO_WELLS_IN_DATASET,,UNKNOWN_NO_WELLS_IN_DATASET,,UNKNOWN_NO_WELLS_IN_DATASET,,UNKNOWN_NO_WELLS_IN_DATASET,,UNKNOWN_NO_WELLS_IN_DATASET,,UNKNOWN_NO_WELLS_IN_DATASET,,UNKNOWN_NO_WELLS_IN_DATASET,,UNKNOWN_NO_WELLS_IN_DATASET
PIH-500-0413,500,500.1151904816407,3,EPSG:5880,DESCRIPTIVE_NO_PIH_SCORE,0.2261433979079714,8.977341443650433,7.094357628330384,0.5622804593198758,0.2261433979079714,9.307121410646982,2.6390369437826617e-05,2,2.4994241802497053,0.33333333333333337,0.9182958340544894,66.66666666666666,2,8.390162129563464,0.33333333333333337,0.9182958340544894,66.66666666666666,2,34.267366341045566,0.33333333333333337,0.9182958340544894,66.66666666666666,20,NONE,6.29149941637108,13.010582816816072,16.57373801769544,6.29149941637108,13.010582816816072,16.57373801769544,6.29149941637108,13.010582816816072,16.57373801769544,9.821704872729367,16.647952794256252,19.0350010197952,9.821704872729367,16.647952794256252,19.0350010197952,9.821704872729367,16.647952794256252,19.0350010197952,11.566947194204596,18.510382494303265,19.199690130209934,11.566947194204596,18.510382494303265,19.199690130209934,58.504123807141454,66.2938056407182,68.73775427322302,9.98430950220964,16.71456556874365,19.181878785245644,11.566947194204596,18.510382494303265,19.199690130209934,6.29149941637108,13.032197748239497,16.647752211570328,3,3,1,1,1,1,1,0,1,1,2,WELLS_PRESENT,100.0,EVIDENCE_PRESENT,100.0,EVIDENCE_PRESENT,33.3333,EVIDENCE_PRESENT,33.3333,EVIDENCE_PRESENT,33.3333,EVIDENCE_PRESENT,33.3333,EVIDENCE_PRESENT,33.3333,EVIDENCE_PRESENT,0.0,NO_EVIDENCE_IN_AUDITED_WELLS,33.3333,EVIDENCE_PRESENT,33.3333,EVIDENCE_PRESENT,66.6667,REVIEW_REQUIRED_PRESENT
PIH-500-0414,500,500.0781116869656,1,EPSG:5880,DESCRIPTIVE_NO_PIH_SCORE,7.371454121500016,7.371454121500016,12.703145661470279,1.006855835174987,,,,1,1.0879960324749334,0.0,,100.0,1,4.158684645946402,0.0,,100.0,1,11.761531734017987,0.0,,100.0,19,NONE,12.127696010569526,17.47464962096026,18.143120521731912,12.127696010569526,17.47464962096026,18.143120521731912,12.127696010569526,17.47464962096026,18.143120521731912,12.127696010569526,18.373403644114383,20.23841525464237,12.127696010569526,18.373403644114383,20.23841525464237,12.127696010569526,18.373403644114383,20.23841525464237,22.085126216885918,25.297256119771333,27.266921980276905,22.085126216885918,25.297256119771333,27.266921980276905,41.4028038104411,48.42881442984957,50.660275129059215,12.127696010569526,18.373403644114383,21.5460330396302,20.79025570523454,24.9478264291995,25.676313717648725,15.274715029648053,19.508391584595326,19.981296871955426,1,1,1,1,1,0,0,0,1,0,0,WELLS_PRESENT,100.0,EVIDENCE_PRESENT,100.0,EVIDENCE_PRESENT,100.0,EVIDENCE_PRESENT,100.0,EVIDENCE_PRESENT,100.0,EVIDENCE_PRESENT,0.0,NO_EVIDENCE_IN_AUDITED_WELLS,0.0,NO_EVIDENCE_IN_AUDITED_WELLS,0.0,NO_EVIDENCE_IN_AUDITED_WELLS,100.0,EVIDENCE_PRESENT,0.0,NO_EVIDENCE_IN_AUDITED_WELLS,0.0,NO_REVIEW_FLAG_IN_AUDITED_WELLS
PIH-500-0415,500,500.04864553289696,7,EPSG:5880,DESCRIPTIVE_NO_PIH_SCORE,2.2971859574259472,6.423510110722346,3.919198033520662,0.3106461798381009,2.2971859574259472,6.655000393746372,0.14457027221011928,6,7.4992703879912765,0.1428571428571429,0.9755037590061084,28.57142857142857,6,27.822526025170035,0.1428571428571429,0.9755037590061084,28.57142857142857,4,50.990264969872946,0.4285714285714286,0.9211854965885543,42.857142857142854,20,NONE,3.7262954100446515,7.381595503861734,8.894815570913137,4.235068358385361,7.381595503861734,8.894815570913137,4.235068358385361,7.381595503861734,8.894815570913137,4.235068358385361,7.381595503861734,8.894815570913137,4.595296841845755,8.914340282553423,9.660906717001403,4.595296841845755,8.914340282553423,9.660906717001403,15.530461732176642,20.11902441539193,20.314390517521105,15.530461732176642,20.11902441539193,20.314390517521105,33.31540469709213,42.527426601288994,43.09422947897868,5.2140916632630825,10.327224274943873,11.853056426092373,6.297192746775212,11.1154459501461,12.746976354719976,9.132269414139259,12.065592236461951,15.009993389531285,6,6,6,4,4,0,0,0,2,4,1,WELLS_PRESENT,85.7143,EVIDENCE_PRESENT,85.7143,EVIDENCE_PRESENT,85.7143,EVIDENCE_PRESENT,57.1429,EVIDENCE_PRESENT,57.1429,EVIDENCE_PRESENT,0.0,NO_EVIDENCE_IN_AUDITED_WELLS,0.0,NO_EVIDENCE_IN_AUDITED_WELLS,0.0,NO_EVIDENCE_IN_AUDITED_WELLS,28.5714,EVIDENCE_PRESENT,57.1429,EVIDENCE_PRESENT,14.2857,REVIEW_REQUIRED_PRESENT
PIH-500-0416,500,500.025833287901,4,EPSG:5880,DESCRIPTIVE_NO_PIH_SCORE,3.8571782838770496,7.41045898727227,3.8904524176504407,0.3083747591071881,8.902013128546233,14.70902136439614,0.2439447756912434,4,4.985203517505988,0.0,1.0,25.0,4,17.62180670334706,0.0,1.0,25.0,4,56.09904871348084,0.0,1.0,25.0,21,NONE,5.50066320637419,7.560156236993606,10.361878200953491,5.50066320637419,7.560156236993606,10.361878200953491,5.743377551998191,9.121380407178892,10.361878200953491,5.743377551998191,9.121380407178892,10.361878200953491,5.743377551998191,9.121380407178892,10.361878200953491,5.743377551998191,9.121380407178892,10.361878200953491,10.401297923738326,16.60921298423645,18.74415469003789,10.401297923738326,16.60921298423645,18.74415469003789,35.63155219176675,44.0504673319946,45.530344951327166,8.633181082312138,13.863365953337215,14.91760079887378,9.629642520827066,13.037368221255655,16.60921298423645,7.94058454306828,11.702376129498969,14.276959817707898,4,3,3,3,3,1,1,0,2,1,1,WELLS_PRESENT,100.0,EVIDENCE_PRESENT,75.0,EVIDENCE_PRESENT,75.0,EVIDENCE_PRESENT,75.0,EVIDENCE_PRESENT,75.0,EVIDENCE_PRESENT,25.0,EVIDENCE_PRESENT,25.0,EVIDENCE_PRESENT,0.0,NO_EVIDENCE_IN_AUDITED_WELLS,50.0,EVIDENCE_PRESENT,25.0,EVIDENCE_PRESENT,25.0,REVIEW_REQUIRED_PRESENT
PIH-500-0417,500,500.01031352660345,7,EPSG:5880,DESCRIPTIVE_NO_PIH_SCORE,2.7258456822498163,8.843821050325868,6.011100504826382,0.47647426028401496,2.7258456822498163,8.843821050325868,0.27577388210107223,7,8.640874747151354,0.0,0.9999999999999999,14.285714285714285,7,30.766107515980075,0.0,0.9999999999999999,14.285714285714285,5,69.11759197713845,0.2857142857142857,0.9629610647945144,28.57142857142857,18,NONE,5.326411640322557,10.176602372179266,10.640374158935929,5.326411640322557,10.176602372179266,10.640374158935929,5.326411640322557,10.176602372179266,10.640374158935929,5.326411640322557,10.176602372179266,10.640374158935929,5.326411640322557,10.176602372179266,10.640374158935929,5.326411640322557,10.176602372179266,10.640374158935929,12.889921517250716,19.01823875503721,20.561787897556613,12.889921517250716,19.01823875503721,20.561787897556613,43.35162080716795,50.9902972734466,54.62384573973042,5.326411640322557,10.176602372179266,10.640374158935929,12.889921517250716,19.01823875503721,20.561787897556613,7.52858781069525,11.828233016403942,13.865738312042359,7,7,5,5,5,1,1,0,4,1,2,WELLS_PRESENT,100.0,EVIDENCE_PRESENT,100.0,EVIDENCE_PRESENT,71.4286,EVIDENCE_PRESENT,71.4286,EVIDENCE_PRESENT,71.4286,EVIDENCE_PRESENT,14.2857,EVIDENCE_PRESENT,14.2857,EVIDENCE_PRESENT,0.0,NO_EVIDENCE_IN_AUDITED_WELLS,57.1429,EVIDENCE_PRESENT,14.2857,EVIDENCE_PRESENT,28.5714,REVIEW_REQUIRED_PRESENT
PIH-500-0418,500,500.0019263863196,0,EPSG:5880,DESCRIPTIVE_NO_PIH_SCORE,,,,,,,,0,0.0,,,,0,0.0,,,,0,0.0,,,,21,NONE,13.963511760798848,19.273439278869784,19.92756334083216,14.927841978898764,20.500901229727532,24.44732947570241,14.927841978898764,20.500901229727532,24.44732947570241,17.866135765836557,24.539253927731416,25.388073298045867,17.866135765836557,24.539253927731416,25.388073298045867,17.866135765836557,24.539253927731416,25.388073298045867,24.539253927731416,33.68542076171415,34.839852199935656,24.539253927731416,33.68542076171415,34.839852199935656,55.67683688201689,60.00888482345332,63.69210059535411,14.927841978898764,20.500901229727532,24.44732947570241,24.539253927731416,33.68542076171415,34.839852199935656,14.927841978898764,20.589526710799156,24.539253927731416,0,0,0,0,0,0,0,0,0,0,0,UNKNOWN_NO_WELLS_IN_DATASET,,UNKNOWN_NO_WELLS_IN_DATASET,,UNKNOWN_NO_WELLS_IN_DATASET,,UNKNOWN_NO_WELLS_IN_DATASET,,UNKNOWN_NO_WELLS_IN_DATASET,,UNKNOWN_NO_WELLS_IN_DATASET,,UNKNOWN_NO_WELLS_IN_DATASET,,UNKNOWN_NO_WELLS_IN_DATASET,,UNKNOWN_NO_WELLS_IN_DATASET,,UNKNOWN_NO_WELLS_IN_DATASET,,UNKNOWN_NO_WELLS_IN_DATASET,,UNKNOWN_NO_WELLS_IN_DATASET
PIH-500-0419,500,500.00067186445733,0,EPSG:5880,DESCRIPTIVE_NO_PIH_SCORE,,,,,,,,0,0.0,,,,0,0.0,,,,0,0.0,,,,20,NONE,14.126594205863316,18.844314208217693,22.15554093639769,14.126594205863316,18.844314208217693,22.15554093639769,14.126594205863316,18.844314208217693,22.15554093639769,17.396053809920524,23.061816854341043,24.041013655314817,17.396053809920524,23.061816854341043,24.041013655314817,17.396053809920524,23.061816854341043,24.041013655314817,23.236341564606526,28.647049931762787,30.848678280214983,23.236341564606526,28.647049931762787,30.848678280214983,60.78155009418888,68.56984824406243,70.04551332614592,14.126594205863316,18.844314208217693,22.15554093639769,23.236341564606526,28.647049931762787,30.848678280214983,18.576968506458403,24.06530932005103,26.046742972557734,0,0,0,0,0,0,0,0,0,0,0,UNKNOWN_NO_WELLS_IN_DATASET,,UNKNOWN_NO_WELLS_IN_DATASET,,UNKNOWN_NO_WELLS_IN_DATASET,,UNKNOWN_NO_WELLS_IN_DATASET,,UNKNOWN_NO_WELLS_IN_DATASET,,UNKNOWN_NO_WELLS_IN_DATASET,,UNKNOWN_NO_WELLS_IN_DATASET,,UNKNOWN_NO_WELLS_IN_DATASET,,UNKNOWN_NO_WELLS_IN_DATASET,,UNKNOWN_NO_WELLS_IN_DATASET,,UNKNOWN_NO_WELLS_IN_DATASET,,UNKNOWN_NO_WELLS_IN_DATASET
PIH-500-0420,500,500.0065501022127,0,EPSG:5880,DESCRIPTIVE_NO_PIH_SCORE,,,,,,,,0,0.0,,,,0,0.0,,,,0,0.0,,,,21,NONE,15.853110571117242,20.64752115812626,20.75791998135606,15.853110571117242,20.64752115812626,20.75791998135606,16.634429103668765,22.937586732773003,25.267750102677244,15.853110571117242,20.64752115812626,20.75791998135606,15.853110571117242,20.64752115812626,20.75791998135606,15.853110571117242,20.64752115812626,20.75791998135606,20.301390107152404,25.994187307841386,30.52491075146587,20.301390107152404,25.994187307841386,30.52491075146587,43.14879004280991,51.66621946693188,54.23918838240579,17.72722506401005,22.937586732773003,28.825231209986395,17.68527060756818,21.16536677192955,24.589987990241955,15.853110571117242,20.64752115812626,20.75791998135606,0,0,0,0,0,0,0,0,0,0,0,UNKNOWN_NO_WELLS_IN_DATASET,,UNKNOWN_NO_WELLS_IN_DATASET,,UNKNOWN_NO_WELLS_IN_DATASET,,UNKNOWN_NO_WELLS_IN_DATASET,,UNKNOWN_NO_WELLS_IN_DATASET,,UNKNOWN_NO_WELLS_IN_DATASET,,UNKNOWN_NO_WELLS_IN_DATASET,,UNKNOWN_NO_WELLS_IN_DATASET,,UNKNOWN_NO_WELLS_IN_DATASET,,UNKNOWN_NO_WELLS_IN_DATASET,,UNKNOWN_NO_WELLS_IN_DATASET,,UNKNOWN_NO_WELLS_IN_DATASET
PIH-500-0421,500,500.01956138466073,1,EPSG:5880,DESCRIPTIVE_NO_PIH_SCORE,18.808758512216205,18.808758512216205,2.118713649032144,0.1679398277169512,,,,1,1.2499510984515123,0.0,,100.0,1,4.999804393806049,0.0,,100.0,1,19.999217575224197,0.0,,100.0,21,NONE,9.427488022560887,12.301154515868681,13.489524832254025,9.656820715239045,12.301154515868681,13.489524832254025,9.656820715239045,12.301154515868681,13.489524832254025,9.656820715239045,12.301154515868681,13.489524832254025,9.656820715239045,12.301154515868681,13.489524832254025,9.656820715239045,12.301154515868681,13.489524832254025,21.526522074943845,26.193282349274977,28.49991003402573,21.526522074943845,26.193282349274977,28.49991003402573,21.60060888589767,29.301524919460643,31.93469936909129,9.656820715239045,12.301154515868681,13.489524832254025,21.526522074943845,26.03007572665763,28.49991003402573,9.427488022560887,12.301154515868681,13.489524832254025,1,1,1,1,1,0,0,0,1,0,1,WELLS_PRESENT,100.0,EVIDENCE_PRESENT,100.0,EVIDENCE_PRESENT,100.0,EVIDENCE_PRESENT,100.0,EVIDENCE_PRESENT,100.0,EVIDENCE_PRESENT,0.0,NO_EVIDENCE_IN_AUDITED_WELLS,0.0,NO_EVIDENCE_IN_AUDITED_WELLS,0.0,NO_EVIDENCE_IN_AUDITED_WELLS,100.0,EVIDENCE_PRESENT,0.0,NO_EVIDENCE_IN_AUDITED_WELLS,100.0,REVIEW_REQUIRED_PRESENT
PIH-500-0422,500,500.03970614074296,0,EPSG:5880,DESCRIPTIVE_NO_PIH_SCORE,,,,,,,,0,0.0,,,,0,0.0,,,,0,0.0,,,,18,NONE,13.136731765228475,16.400846923593235,17.459970028126413,13.603768653438815,16.783332932590508,18.933537960210824,13.603768653438815,16.783332932590508,18.933537960210824,13.603768653438815,16.783332932590508,18.933537960210824,13.603768653438815,16.783332932590508,18.933537960210824,13.603768653438815,16.783332932590508,18.933537960210824,15.439816944042281,23.525695612191782,25.301785299849836,15.439816944042281,23.525695612191782,25.301785299849836,15.439816944042281,23.525695612191782,25.301785299849836,13.603768653438815,16.783332932590508,18.933537960210824,15.439816944042281,23.525695612191782,25.301785299849836,13.136731765228475,16.400846923593235,17.459970028126413,0,0,0,0,0,0,0,0,0,0,0,UNKNOWN_NO_WELLS_IN_DATASET,,UNKNOWN_NO_WELLS_IN_DATASET,,UNKNOWN_NO_WELLS_IN_DATASET,,UNKNOWN_NO_WELLS_IN_DATASET,,UNKNOWN_NO_WELLS_IN_DATASET,,UNKNOWN_NO_WELLS_IN_DATASET,,UNKNOWN_NO_WELLS_IN_DATASET,,UNKNOWN_NO_WELLS_IN_DATASET,,UNKNOWN_NO_WELLS_IN_DATASET,,UNKNOWN_NO_WELLS_IN_DATASET,,UNKNOWN_NO_WELLS_IN_DATASET,,UNKNOWN_NO_WELLS_IN_DATASET
PIH-500-0423,500,500.066984943177,0,EPSG:5880,DESCRIPTIVE_NO_PIH_SCORE,,,,,,,,0,0.0,,,,0,0.0,,,,0,0.0,,,,21,NONE,14.80502175926167,22.387993368665292,22.68651279827322,14.80502175926167,22.387993368665292,22.68651279827322,14.80502175926167,22.387993368665292,22.68651279827322,14.80502175926167,22.387993368665292,22.68651279827322,14.80502175926167,22.387993368665292,22.68651279827322,14.80502175926167,22.387993368665292,22.68651279827322,29.57933929963131,35.1337277157781,39.22652489706927,29.57933929963131,35.1337277157781,39.22652489706927,29.57933929963131,35.1337277157781,39.22652489706927,14.80502175926167,22.387993368665292,22.68651279827322,29.57933929963131,35.1337277157781,39.22652489706927,14.80502175926167,22.387993368665292,22.68651279827322,0,0,0,0,0,0,0,0,0,0,0,UNKNOWN_NO_WELLS_IN_DATASET,,UNKNOWN_NO_WELLS_IN_DATASET,,UNKNOWN_NO_WELLS_IN_DATASET,,UNKNOWN_NO_WELLS_IN_DATASET,,UNKNOWN_NO_WELLS_IN_DATASET,,UNKNOWN_NO_WELLS_IN_DATASET,,UNKNOWN_NO_WELLS_IN_DATASET,,UNKNOWN_NO_WELLS_IN_DATASET,,UNKNOWN_NO_WELLS_IN_DATASET,,UNKNOWN_NO_WELLS_IN_DATASET,,UNKNOWN_NO_WELLS_IN_DATASET,,UNKNOWN_NO_WELLS_IN_DATASET
PIH-500-0424,500,500.10139850852784,1,EPSG:5880,DESCRIPTIVE_NO_PIH_SCORE,26.08569260782691,26.08569260782691,7.033464176943778,0.5574618884457815,,,,1,1.2497465551265448,0.0,,100.0,1,4.998986220506179,0.0,,100.0,1,19.995944882024716,0.0,,100.0,21,NONE,10.830639873189941,17.02582354626444,19.499835654281288,10.830639873189941,17.02582354626444,19.499835654281288,10.830639873189941,17.02582354626444,19.499835654281288,10.830639873189941,17.02582354626444,19.499835654281288,10.830639873189941,17.02582354626444,19.499835654281288,10.830639873189941,17.02582354626444,19.499835654281288,37.90322249458257,44.09470981413512,48.97316854712331,37.90322249458257,44.09470981413512,48.97316854712331,37.90322249458257,45.51015392938349,48.97316854712331,10.830639873189941,17.02582354626444,19.499835654281288,34.60916642075425,44.0939606852463,48.97316854712331,10.830639873189941,17.02582354626444,19.499835654281288,1,1,1,1,1,0,0,0,1,0,1,WELLS_PRESENT,100.0,EVIDENCE_PRESENT,100.0,EVIDENCE_PRESENT,100.0,EVIDENCE_PRESENT,100.0,EVIDENCE_PRESENT,100.0,EVIDENCE_PRESENT,0.0,NO_EVIDENCE_IN_AUDITED_WELLS,0.0,NO_EVIDENCE_IN_AUDITED_WELLS,0.0,NO_EVIDENCE_IN_AUDITED_WELLS,100.0,EVIDENCE_PRESENT,0.0,NO_EVIDENCE_IN_AUDITED_WELLS,100.0,REVIEW_REQUIRED_PRESENT
PIH-500-0425,500,500.142947697173,0,EPSG:5880,DESCRIPTIVE_NO_PIH_SCORE,,,,,,,,0,0.0,,,,0,0.0,,,,0,0.0,,,,21,NONE,15.342325098567532,21.00856504971227,22.638808066182715,15.342325098567532,21.00856504971227,22.638808066182715,15.342325098567532,21.00856504971227,22.638808066182715,15.342325098567532,21.00856504971227,22.638808066182715,15.342325098567532,21.00856504971227,22.638808066182715,26.056233404330115,30.56648759213117,31.865606079804166,30.56648759213117,37.431299697496065,39.56968657447013,30.56648759213117,37.431299697496065,39.56968657447013,49.747718187299505,58.782033786635495,59.43504541061548,15.342325098567532,21.00856504971227,22.638808066182715,30.56648759213117,35.81838100300457,37.94328699808293,15.342325098567532,21.00856504971227,22.638808066182715,0,0,0,0,0,0,0,0,0,0,0,UNKNOWN_NO_WELLS_IN_DATASET,,UNKNOWN_NO_WELLS_IN_DATASET,,UNKNOWN_NO_WELLS_IN_DATASET,,UNKNOWN_NO_WELLS_IN_DATASET,,UNKNOWN_NO_WELLS_IN_DATASET,,UNKNOWN_NO_WELLS_IN_DATASET,,UNKNOWN_NO_WELLS_IN_DATASET,,UNKNOWN_NO_WELLS_IN_DATASET,,UNKNOWN_NO_WELLS_IN_DATASET,,UNKNOWN_NO_WELLS_IN_DATASET,,UNKNOWN_NO_WELLS_IN_DATASET,,UNKNOWN_NO_WELLS_IN_DATASET
PIH-500-0426,500,500.19163351338176,1,EPSG:5880,DESCRIPTIVE_NO_PIH_SCORE,17.12439399703788,17.12439399703788,11.86153007790497,0.940042392613757,,,,1,0.5163294720757567,0.0,,100.0,1,1.0288686249047703,0.0,,100.0,1,12.038744770926428,0.0,,100.0,21,NONE,10.672080429387494,20.267883997232175,21.801432739987412,10.672080429387494,20.267883997232175,21.801432739987412,10.672080429387494,20.267883997232175,21.801432739987412,10.672080429387494,20.267883997232175,21.801432739987412,10.672080429387494,20.267883997232175,21.801432739987412,15.364511007974048,21.801432739987412,25.155903259096096,15.364511007974048,21.801432739987412,25.155903259096096,15.364511007974048,21.801432739987412,25.155903259096096,69.89863752136621,77.51294053697875,79.7639251456532,10.672080429387494,20.267883997232175,21.801432739987412,15.364511007974048,21.801432739987412,25.155903259096096,10.672080429387494,20.267883997232175,21.801432739987412,1,1,1,1,0,0,0,0,1,0,1,WELLS_PRESENT,100.0,EVIDENCE_PRESENT,100.0,EVIDENCE_PRESENT,100.0,EVIDENCE_PRESENT,100.0,EVIDENCE_PRESENT,0.0,NO_EVIDENCE_IN_AUDITED_WELLS,0.0,NO_EVIDENCE_IN_AUDITED_WELLS,0.0,NO_EVIDENCE_IN_AUDITED_WELLS,0.0,NO_EVIDENCE_IN_AUDITED_WELLS,100.0,EVIDENCE_PRESENT,0.0,NO_EVIDENCE_IN_AUDITED_WELLS,100.0,REVIEW_REQUIRED_PRESENT
PIH-500-0427,500,500.24745710517976,0,EPSG:5880,DESCRIPTIVE_NO_PIH_SCORE,,,,,,,,0,0.0,,,,0,0.0,,,,0,0.0,,,,18,NONE,26.394116587090654,32.8363371319861,34.6035369198366,26.394116587090654,32.8363371319861,34.6035369198366,26.394116587090654,32.8363371319861,34.6035369198366,26.394116587090654,32.8363371319861,34.6035369198366,26.394116587090654,32.8363371319861,34.6035369198366,26.394116587090654,32.8363371319861,34.6035369198366,26.394116587090654,32.8363371319861,34.819572164982276,26.394116587090654,32.8363371319861,34.819572164982276,73.97369667482297,81.33101604667586,84.66114591594298,26.394116587090654,32.8363371319861,34.6035369198366,26.394116587090654,32.8363371319861,34.819572164982276,26.394116587090654,32.8363371319861,34.6035369198366,0,0,0,0,0,0,0,0,0,0,0,UNKNOWN_NO_WELLS_IN_DATASET,,UNKNOWN_NO_WELLS_IN_DATASET,,UNKNOWN_NO_WELLS_IN_DATASET,,UNKNOWN_NO_WELLS_IN_DATASET,,UNKNOWN_NO_WELLS_IN_DATASET,,UNKNOWN_NO_WELLS_IN_DATASET,,UNKNOWN_NO_WELLS_IN_DATASET,,UNKNOWN_NO_WELLS_IN_DATASET,,UNKNOWN_NO_WELLS_IN_DATASET,,UNKNOWN_NO_WELLS_IN_DATASET,,UNKNOWN_NO_WELLS_IN_DATASET,,UNKNOWN_NO_WELLS_IN_DATASET
PIH-500-0428,500,500.3104197644342,0,EPSG:5880,DESCRIPTIVE_NO_PIH_SCORE,,,,,,,,0,0.0,,,,0,0.0,,,,0,0.0,,,,21,NONE,20.09179700692172,29.004759476619316,29.71245441276737,20.09179700692172,29.004759476619316,29.71245441276737,20.09179700692172,29.004759476619316,29.71245441276737,20.09179700692172,29.004759476619316,29.71245441276737,20.09179700692172,29.004759476619316,29.71245441276737,20.09179700692172,29.004759476619316,29.71245441276737,39.00868672246556,46.509276590127875,48.100145731947535,39.00868672246556,46.509276590127875,48.100145731947535,55.347385168374,62.409859796236525,64.6290898263363,20.09179700692172,29.004759476619316,29.71245441276737,31.69276970741656,39.00868672246556,41.11011071803985,20.09179700692172,29.004759476619316,29.71245441276737,0,0,0,0,0,0,0,0,0,0,0,UNKNOWN_NO_WELLS_IN_DATASET,,UNKNOWN_NO_WELLS_IN_DATASET,,UNKNOWN_NO_WELLS_IN_DATASET,,UNKNOWN_NO_WELLS_IN_DATASET,,UNKNOWN_NO_WELLS_IN_DATASET,,UNKNOWN_NO_WELLS_IN_DATASET,,UNKNOWN_NO_WELLS_IN_DATASET,,UNKNOWN_NO_WELLS_IN_DATASET,,UNKNOWN_NO_WELLS_IN_DATASET,,UNKNOWN_NO_WELLS_IN_DATASET,,UNKNOWN_NO_WELLS_IN_DATASET,,UNKNOWN_NO_WELLS_IN_DATASET
PIH-500-0429,500,500.38052292683625,3,EPSG:5880,DESCRIPTIVE_NO_PIH_SCORE,2.09422572902745,13.435567489140313,4.59901092139528,0.3644090709016193,2.09422572902745,13.435567489140313,0.0337458277617759,3,3.7471482483624876,0.0,0.9999999999999998,33.33333333333333,2,9.992395328966634,0.33333333333333337,0.9182958340544894,66.66666666666666,2,39.969581315866535,0.33333333333333337,0.9182958340544894,66.66666666666666,21,NONE,6.736544102170416,11.527417190764137,13.128597839945163,6.906406912446536,12.169538191229911,13.128597839945163,10.302649246967894,16.38745911289662,18.083001444522903,10.302649246967894,16.38745911289662,18.083001444522903,10.302649246967894,16.38745911289662,18.083001444522903,10.302649246967894,16.38745911289662,18.083001444522903,36.98130950383971,40.95024916378486,41.11040369096541,36.98130950383971,40.95024916378486,41.11040369096541,37.599295139055144,44.66950357641474,47.047166734762925,6.906406912446536,12.169538191229911,13.128597839945163,12.169538191229911,19.480535693528527,22.777666698000175,6.736544102170416,11.527417190764137,13.128597839945163,2,1,1,1,1,0,0,0,2,1,3,WELLS_PRESENT,66.6667,EVIDENCE_PRESENT,33.3333,EVIDENCE_PRESENT,33.3333,EVIDENCE_PRESENT,33.3333,EVIDENCE_PRESENT,33.3333,EVIDENCE_PRESENT,0.0,NO_EVIDENCE_IN_AUDITED_WELLS,0.0,NO_EVIDENCE_IN_AUDITED_WELLS,0.0,NO_EVIDENCE_IN_AUDITED_WELLS,66.6667,EVIDENCE_PRESENT,33.3333,EVIDENCE_PRESENT,100.0,REVIEW_REQUIRED_PRESENT
PIH-500-0430,500,500.4577681717751,2,EPSG:5880,DESCRIPTIVE_NO_PIH_SCORE,0.08080035155796934,0.08080035155796934,10.302962842317468,0.8163066838553646,0.08080035155796934,0.08080035155796934,,1,1.2488566263706742,0.5,,100.0,1,4.136573516594829,0.5,,100.0,1,8.288386388637132,0.5,,100.0,22,NONE,9.558601306454989,14.019993137819819,16.31757803363134,9.726271906986506,14.30174004344491,16.31757803363134,12.411238598636725,20.122053762443052,21.448030623143087,12.411238598636725,20.122053762443052,21.448030623143087,12.411238598636725,20.122053762443052,21.448030623143087,12.411238598636725,20.122053762443052,21.448030623143087,23.885126082781227,32.27743440870676,37.260992368962555,23.885126082781227,32.27743440870676,37.260992368962555,25.290946643912164,32.54419400772877,37.53873282560432,9.726271906986506,14.30174004344491,16.31757803363134,9.757351274273429,15.318426688788303,16.37422757584099,9.558601306454989,14.019993137819819,16.31757803363134,2,2,2,2,2,0,0,0,2,1,1,WELLS_PRESENT,100.0,EVIDENCE_PRESENT,100.0,EVIDENCE_PRESENT,100.0,EVIDENCE_PRESENT,100.0,EVIDENCE_PRESENT,100.0,EVIDENCE_PRESENT,0.0,NO_EVIDENCE_IN_AUDITED_WELLS,0.0,NO_EVIDENCE_IN_AUDITED_WELLS,0.0,NO_EVIDENCE_IN_AUDITED_WELLS,100.0,EVIDENCE_PRESENT,50.0,EVIDENCE_PRESENT,50.0,REVIEW_REQUIRED_PRESENT
PIH-500-0431,500,500.5421572225357,41,EPSG:5880,DESCRIPTIVE_NO_PIH_SCORE,0.11727125338297008,0.657949088700336,7.104404913420094,0.5628365752913956,0.11727125338297008,0.657949088700336,0.15636954910245154,11,13.724680113221638,0.7317073170731707,0.8677342502068927,26.82926829268293,8,34.6014128102935,0.8048780487804879,0.7232228275211691,48.78048780487805,4,58.119693239989566,0.9024390243902439,0.6234963277590075,70.73170731707317,20,NONE,3.9470143418245742,6.63178486352365,9.16157281918456,3.9470143418245742,6.63178486352365,9.16157281918456,3.9470143418245742,6.63178486352365,9.16157281918456,3.9470143418245742,6.63178486352365,9.16157281918456,3.9470143418245742,6.63178486352365,9.16157281918456,3.9470143418245742,6.63178486352365,9.16157281918456,6.445130862805156,11.861602727065808,15.511570133762604,6.445130862805156,11.861602727065808,15.511570133762604,10.559771728798768,15.739792258887826,18.01837887592891,3.9470143418245742,6.63178486352365,9.16157281918456,5.112430767146516,9.417813438890004,9.762811743003976,4.538424128590435,7.23440047184162,9.16157281918456,41,34,37,36,35,10,10,1,31,15,31,WELLS_PRESENT,100.0,EVIDENCE_PRESENT,82.9268,EVIDENCE_PRESENT,90.2439,EVIDENCE_PRESENT,87.8049,EVIDENCE_PRESENT,85.3659,EVIDENCE_PRESENT,24.3902,EVIDENCE_PRESENT,24.3902,EVIDENCE_PRESENT,2.439,EVIDENCE_PRESENT,75.6098,EVIDENCE_PRESENT,36.5854,EVIDENCE_PRESENT,75.6098,REVIEW_REQUIRED_PRESENT
PIH-500-0432,500,67.65180097825998,2,EPSG:5880,DESCRIPTIVE_NO_PIH_SCORE,3.876345510563512,3.9561561807069,2.1403668501666044,0.4612362909657296,7.708210418123191,7.708210418123191,,2,15.517861745568787,0.0,1.0,50.0,2,26.159550752296763,0.0,1.0,50.0,2,45.87921617924586,0.0,1.0,50.0,3,NONE,3.594392577122452,3.624929012774752,3.632563121687827,3.594392577122452,3.624929012774752,3.632563121687827,3.594392577122452,6.800132163234595,7.601567059762631,3.594392577122452,3.624929012774752,3.632563121687827,3.594392577122452,3.624929012774752,3.632563121687827,3.594392577122452,3.624929012774752,3.632563121687827,3.594392577122452,7.385432725660286,8.333192762794745,3.594392577122452,7.385432725660286,8.333192762794745,11.243303542416664,11.4483501669415,11.499611823072708,6.095268048796584,7.300307257569421,7.601567059762631,3.594392577122452,7.385432725660286,8.333192762794745,3.594392577122452,3.624929012774752,3.632563121687827,2,1,2,2,2,1,1,0,0,1,2,WELLS_PRESENT,100.0,EVIDENCE_PRESENT,50.0,EVIDENCE_PRESENT,100.0,EVIDENCE_PRESENT,100.0,EVIDENCE_PRESENT,100.0,EVIDENCE_PRESENT,50.0,EVIDENCE_PRESENT,50.0,EVIDENCE_PRESENT,0.0,NO_EVIDENCE_IN_AUDITED_WELLS,0.0,NO_EVIDENCE_IN_AUDITED_WELLS,50.0,EVIDENCE_PRESENT,100.0,REVIEW_REQUIRED_PRESENT
PIH-500-0433,500,261.76248244531484,0,EPSG:5880,DESCRIPTIVE_NO_PIH_SCORE,,,,,,,,0,0.0,,,,0,0.0,,,,0,0.0,,,,10,NONE,21.337045993484836,24.995921316630586,28.885158847892733,21.337045993484836,24.995921316630586,28.885158847892733,21.337045993484836,24.995921316630586,28.885158847892733,21.337045993484836,24.995921316630586,28.885158847892733,21.337045993484836,24.995921316630586,28.885158847892733,21.337045993484836,24.995921316630586,28.885158847892733,75.14970124047878,78.30162187338566,80.08795258862104,75.14970124047878,78.30162187338566,80.08795258862104,97.18750479293135,101.62737724820892,104.9535372490364,72.61068565930645,76.23747981481179,78.68449374534651,58.19233376931123,62.69680272415357,64.69006012819213,21.337045993484836,24.995921316630586,28.885158847892733,0,0,0,0,0,0,0,0,0,0,0,UNKNOWN_NO_WELLS_IN_DATASET,,UNKNOWN_NO_WELLS_IN_DATASET,,UNKNOWN_NO_WELLS_IN_DATASET,,UNKNOWN_NO_WELLS_IN_DATASET,,UNKNOWN_NO_WELLS_IN_DATASET,,UNKNOWN_NO_WELLS_IN_DATASET,,UNKNOWN_NO_WELLS_IN_DATASET,,UNKNOWN_NO_WELLS_IN_DATASET,,UNKNOWN_NO_WELLS_IN_DATASET,,UNKNOWN_NO_WELLS_IN_DATASET,,UNKNOWN_NO_WELLS_IN_DATASET,,UNKNOWN_NO_WELLS_IN_DATASET
PIH-500-0434,500,500.93407294482984,0,EPSG:5880,DESCRIPTIVE_NO_PIH_SCORE,,,,,,,,0,0.0,,,,0,0.0,,,,0,0.0,,,,21,NONE,27.82154923775839,35.12473400069369,37.72841288658332,27.82154923775839,35.12473400069369,37.72841288658332,27.82154923775839,35.12473400069369,37.72841288658332,27.82154923775839,35.12473400069369,37.72841288658332,27.82154923775839,35.12473400069369,37.72841288658332,27.82154923775839,35.12473400069369,37.72841288658332,66.0487040620615,75.0971955881329,77.22878758033323,66.0487040620615,75.0971955881329,77.22878758033323,97.7868688924732,104.04373980900067,108.33836772299614,69.81050305424375,77.24738151692084,81.02125120480349,44.70781345193095,53.028885575376115,55.73752265274459,27.82154923775839,35.12473400069369,37.72841288658332,0,0,0,0,0,0,0,0,0,0,0,UNKNOWN_NO_WELLS_IN_DATASET,,UNKNOWN_NO_WELLS_IN_DATASET,,UNKNOWN_NO_WELLS_IN_DATASET,,UNKNOWN_NO_WELLS_IN_DATASET,,UNKNOWN_NO_WELLS_IN_DATASET,,UNKNOWN_NO_WELLS_IN_DATASET,,UNKNOWN_NO_WELLS_IN_DATASET,,UNKNOWN_NO_WELLS_IN_DATASET,,UNKNOWN_NO_WELLS_IN_DATASET,,UNKNOWN_NO_WELLS_IN_DATASET,,UNKNOWN_NO_WELLS_IN_DATASET,,UNKNOWN_NO_WELLS_IN_DATASET
PIH-500-0435,500,500.8221695304853,0,EPSG:5880,DESCRIPTIVE_NO_PIH_SCORE,,,,,,,,0,0.0,,,,0,0.0,,,,0,0.0,,,,18,NONE,35.755267711847665,42.59036978352729,46.191209130859576,35.755267711847665,42.59036978352729,46.191209130859576,35.755267711847665,42.59036978352729,46.191209130859576,35.755267711847665,42.59036978352729,46.191209130859576,35.755267711847665,42.59036978352729,46.191209130859576,35.755267711847665,42.59036978352729,46.191209130859576,58.96259569129693,66.62340769716921,69.57586795361243,58.96259569129693,66.62340769716921,69.57586795361243,98.37162193985691,103.8367037877838,106.40939632182908,65.03593225004671,73.30847231639103,74.76502097533435,35.755267711847665,43.382155035116426,46.191209130859576,35.755267711847665,42.59036978352729,46.191209130859576,0,0,0,0,0,0,0,0,0,0,0,UNKNOWN_NO_WELLS_IN_DATASET,,UNKNOWN_NO_WELLS_IN_DATASET,,UNKNOWN_NO_WELLS_IN_DATASET,,UNKNOWN_NO_WELLS_IN_DATASET,,UNKNOWN_NO_WELLS_IN_DATASET,,UNKNOWN_NO_WELLS_IN_DATASET,,UNKNOWN_NO_WELLS_IN_DATASET,,UNKNOWN_NO_WELLS_IN_DATASET,,UNKNOWN_NO_WELLS_IN_DATASET,,UNKNOWN_NO_WELLS_IN_DATASET,,UNKNOWN_NO_WELLS_IN_DATASET,,UNKNOWN_NO_WELLS_IN_DATASET
PIH-500-0436,500,500.7174129037947,0,EPSG:5880,DESCRIPTIVE_NO_PIH_SCORE,,,,,,,,0,0.0,,,,0,0.0,,,,0,0.0,,,,21,NONE,38.35445556655706,43.55579346422725,48.25513878440576,38.59477953837029,43.55579346422725,48.25513878440576,39.966361465146164,49.097700256492615,51.146607359408634,38.59477953837029,43.55579346422725,48.25513878440576,38.59477953837029,43.55579346422725,48.25513878440576,38.59477953837029,43.55579346422725,48.25513878440576,56.93886161542326,62.507544198254465,64.640817440163,56.93886161542326,62.507544198254465,64.640817440163,93.898381092428,97.91126388978523,100.75754961436141,48.25513878440576,57.761241751982034,59.12576778551499,39.966361465146164,49.097700256492615,51.146607359408634,38.35445556655706,43.55579346422725,48.25513878440576,0,0,0,0,0,0,0,0,0,0,0,UNKNOWN_NO_WELLS_IN_DATASET,,UNKNOWN_NO_WELLS_IN_DATASET,,UNKNOWN_NO_WELLS_IN_DATASET,,UNKNOWN_NO_WELLS_IN_DATASET,,UNKNOWN_NO_WELLS_IN_DATASET,,UNKNOWN_NO_WELLS_IN_DATASET,,UNKNOWN_NO_WELLS_IN_DATASET,,UNKNOWN_NO_WELLS_IN_DATASET,,UNKNOWN_NO_WELLS_IN_DATASET,,UNKNOWN_NO_WELLS_IN_DATASET,,UNKNOWN_NO_WELLS_IN_DATASET,,UNKNOWN_NO_WELLS_IN_DATASET
PIH-500-0437,500,500.61980113242043,0,EPSG:5880,DESCRIPTIVE_NO_PIH_SCORE,,,,,,,,0,0.0,,,,0,0.0,,,,0,0.0,,,,20,NONE,26.25866060620866,33.756560353959074,35.679474368697306,26.25866060620866,34.68844226024145,36.52676545617942,40.36297512349841,46.01168538227778,48.61567515180751,26.25866060620866,34.68844226024145,36.52676545617942,26.25866060620866,34.68844226024145,36.52676545617942,26.25866060620866,34.68844226024145,36.52676545617942,42.517725702544865,50.320640102039015,52.58598210132168,42.517725702544865,50.320640102039015,52.58598210132168,79.55655964595816,87.67148099472578,89.93591728190009,26.25866060620866,34.68844226024145,36.52676545617942,42.517725702544865,48.25044428393308,48.61567515180751,26.25866060620866,33.756560353959074,35.679474368697306,0,0,0,0,0,0,0,0,0,0,0,UNKNOWN_NO_WELLS_IN_DATASET,,UNKNOWN_NO_WELLS_IN_DATASET,,UNKNOWN_NO_WELLS_IN_DATASET,,UNKNOWN_NO_WELLS_IN_DATASET,,UNKNOWN_NO_WELLS_IN_DATASET,,UNKNOWN_NO_WELLS_IN_DATASET,,UNKNOWN_NO_WELLS_IN_DATASET,,UNKNOWN_NO_WELLS_IN_DATASET,,UNKNOWN_NO_WELLS_IN_DATASET,,UNKNOWN_NO_WELLS_IN_DATASET,,UNKNOWN_NO_WELLS_IN_DATASET,,UNKNOWN_NO_WELLS_IN_DATASET
PIH-500-0438,500,500.5293324268422,3,EPSG:5880,DESCRIPTIVE_NO_PIH_SCORE,0.27781213578233,0.5414874620985973,11.480087472751189,0.9095055777495584,0.27781213578233,0.5414874620985973,0.00011919012661204553,2,2.1386086573425693,0.33333333333333337,0.9182958340544894,66.66666666666666,1,4.217569069281966,0.6666666666666667,,100.0,1,16.33620451487719,0.6666666666666667,,100.0,20,NONE,13.885607568977576,20.262262423463785,24.828755204935383,13.885607568977576,20.262262423463785,24.828755204935383,23.88878650659004,31.16463195188999,33.638419568427246,13.885607568977576,20.262262423463785,24.828755204935383,13.885607568977576,20.262262423463785,24.828755204935383,13.885607568977576,20.262262423463785,24.828755204935383,23.88878650659004,31.16463195188999,33.638419568427246,23.88878650659004,31.16463195188999,33.638419568427246,71.80030396528099,79.81979290349695,84.64559968805644,13.885607568977576,20.262262423463785,24.828755204935383,23.88878650659004,31.16463195188999,33.638419568427246,13.885607568977576,20.262262423463785,24.828755204935383,3,0,3,3,3,0,0,0,3,0,3,WELLS_PRESENT,100.0,EVIDENCE_PRESENT,0.0,NO_EVIDENCE_IN_AUDITED_WELLS,100.0,EVIDENCE_PRESENT,100.0,EVIDENCE_PRESENT,100.0,EVIDENCE_PRESENT,0.0,NO_EVIDENCE_IN_AUDITED_WELLS,0.0,NO_EVIDENCE_IN_AUDITED_WELLS,0.0,NO_EVIDENCE_IN_AUDITED_WELLS,100.0,EVIDENCE_PRESENT,0.0,NO_EVIDENCE_IN_AUDITED_WELLS,100.0,REVIEW_REQUIRED_PRESENT
PIH-500-0439,500,500.44565887396624,1,EPSG:5880,DESCRIPTIVE_NO_PIH_SCORE,15.1461309461044,15.1461309461044,7.652977859614449,0.6063549539015216,,,,1,1.2488868449899013,0.0,,100.0,1,4.246681166452464,0.0,,100.0,1,11.36971068230108,0.0,,100.0,21,NONE,7.73928057880366,13.670350420560377,15.483528456350149,8.392077618215112,13.670350420560377,15.483528456350149,8.392077618215112,13.670350420560377,15.483528456350149,8.392077618215112,13.670350420560377,15.483528456350149,8.392077618215112,13.670350420560377,15.483528456350149,8.392077618215112,13.670350420560377,15.483528456350149,11.405407055619536,15.483528456350149,17.98021522640473,11.405407055619536,15.483528456350149,17.98021522640473,70.3660254699327,78.73492210981983,80.13321226620033,8.935551879171237,13.670350420560377,15.483528456350149,8.787612717153982,15.151950005867079,17.59156761631551,7.73928057880366,13.670350420560377,15.483528456350149,1,1,1,1,1,1,1,0,1,1,1,WELLS_PRESENT,100.0,EVIDENCE_PRESENT,100.0,EVIDENCE_PRESENT,100.0,EVIDENCE_PRESENT,100.0,EVIDENCE_PRESENT,100.0,EVIDENCE_PRESENT,100.0,EVIDENCE_PRESENT,100.0,EVIDENCE_PRESENT,0.0,NO_EVIDENCE_IN_AUDITED_WELLS,100.0,EVIDENCE_PRESENT,100.0,EVIDENCE_PRESENT,100.0,REVIEW_REQUIRED_PRESENT
PIH-500-0440,500,500.37016403603565,11,EPSG:5880,DESCRIPTIVE_NO_PIH_SCORE,0.9644186157650096,3.376236548477431,6.952614745923753,0.5509058684344041,0.9644186157650096,3.376236548477431,0.07870319399869719,7,8.74352692157105,0.36363636363636365,0.9084496903145964,36.36363636363637,5,23.490135240314096,0.5454545454545454,0.9417623012206598,36.36363636363637,3,44.13689132616258,0.7272727272727273,0.8260742242427029,63.63636363636363,18,NONE,5.808597080626056,11.932323596766938,12.914537145817892,5.808597080626056,11.932323596766938,12.914537145817892,6.72970218494495,11.932323596766938,14.64297794541942,5.808597080626056,11.932323596766938,12.914537145817892,5.808597080626056,11.932323596766938,12.914537145817892,5.9475634538326165,11.932323596766938,12.914537145817892,6.915307905982674,11.932323596766938,14.052817642997992,6.915307905982674,11.932323596766938,14.052817642997992,77.71423208942167,85.02679722090339,88.60976853175517,6.158663760314546,11.932323596766938,12.914537145817892,5.808597080626056,11.932323596766938,14.052817642997992,5.808597080626056,11.932323596766938,12.914537145817892,11,5,11,11,8,2,2,0,7,8,9,WELLS_PRESENT,100.0,EVIDENCE_PRESENT,45.4545,EVIDENCE_PRESENT,100.0,EVIDENCE_PRESENT,100.0,EVIDENCE_PRESENT,72.7273,EVIDENCE_PRESENT,18.1818,EVIDENCE_PRESENT,18.1818,EVIDENCE_PRESENT,0.0,NO_EVIDENCE_IN_AUDITED_WELLS,63.6364,EVIDENCE_PRESENT,72.7273,EVIDENCE_PRESENT,81.8182,REVIEW_REQUIRED_PRESENT
PIH-500-0441,500,500.300768953452,0,EPSG:5880,DESCRIPTIVE_NO_PIH_SCORE,,,,,,,,0,0.0,,,,0,0.0,,,,0,0.0,,,,21,NONE,17.43487396422848,25.705197191848224,28.61505564145336,17.43487396422848,25.705197191848224,28.61505564145336,24.562985588265125,32.039628187704345,35.74963500466532,17.43487396422848,25.705197191848224,28.61505564145336,17.43487396422848,25.705197191848224,28.61505564145336,17.43487396422848,25.705197191848224,28.61505564145336,20.693308346058664,29.074521865067346,31.867918975198133,20.693308346058664,29.074521865067346,31.867918975198133,89.52015272484402,98.85379793700486,102.62577868353809,17.43487396422848,25.705197191848224,28.61505564145336,19.428840784852593,26.460391180219833,30.46986502976481,17.43487396422848,25.705197191848224,28.61505564145336,0,0,0,0,0,0,0,0,0,0,0,UNKNOWN_NO_WELLS_IN_DATASET,,UNKNOWN_NO_WELLS_IN_DATASET,,UNKNOWN_NO_WELLS_IN_DATASET,,UNKNOWN_NO_WELLS_IN_DATASET,,UNKNOWN_NO_WELLS_IN_DATASET,,UNKNOWN_NO_WELLS_IN_DATASET,,UNKNOWN_NO_WELLS_IN_DATASET,,UNKNOWN_NO_WELLS_IN_DATASET,,UNKNOWN_NO_WELLS_IN_DATASET,,UNKNOWN_NO_WELLS_IN_DATASET,,UNKNOWN_NO_WELLS_IN_DATASET,,UNKNOWN_NO_WELLS_IN_DATASET
PIH-500-0442,500,500.238857474409,0,EPSG:5880,DESCRIPTIVE_NO_PIH_SCORE,,,,,,,,0,0.0,,,,0,0.0,,,,0,0.0,,,,21,NONE,39.71058286553741,46.221404108441426,49.98255018556648,41.13179883038987,47.3333954106578,50.839114221902676,43.852036031418095,50.839114221902676,53.985893400104416,41.13179883038987,47.3333954106578,51.06525757248718,41.13179883038987,47.3333954106578,51.06525757248718,41.13179883038987,47.3333954106578,51.06525757248718,43.01433206015951,49.59750096152008,51.06525757248718,43.01433206015951,49.59750096152008,51.06525757248718,108.55765674367814,115.9032516872001,116.51754351737588,41.17843483419449,47.3333954106578,50.839114221902676,41.13179883038987,48.330207423315464,51.06525757248718,39.71058286553741,46.221404108441426,49.98255018556648,0,0,0,0,0,0,0,0,0,0,0,UNKNOWN_NO_WELLS_IN_DATASET,,UNKNOWN_NO_WELLS_IN_DATASET,,UNKNOWN_NO_WELLS_IN_DATASET,,UNKNOWN_NO_WELLS_IN_DATASET,,UNKNOWN_NO_WELLS_IN_DATASET,,UNKNOWN_NO_WELLS_IN_DATASET,,UNKNOWN_NO_WELLS_IN_DATASET,,UNKNOWN_NO_WELLS_IN_DATASET,,UNKNOWN_NO_WELLS_IN_DATASET,,UNKNOWN_NO_WELLS_IN_DATASET,,UNKNOWN_NO_WELLS_IN_DATASET,,UNKNOWN_NO_WELLS_IN_DATASET
PIH-500-0443,500,500.18376084531195,0,EPSG:5880,DESCRIPTIVE_NO_PIH_SCORE,,,,,,,,0,0.0,,,,0,0.0,,,,0,0.0,,,,20,NONE,33.548071414399914,43.13305692408863,43.468264549028824,35.3036927863415,43.13305692408863,43.879520905562295,35.3036927863415,43.13305692408863,43.879520905562295,35.52696371013333,43.35633192703871,44.10558924772302,35.52696371013333,43.35633192703871,44.10558924772302,35.52696371013333,43.35633192703871,44.10558924772302,35.52696371013333,43.35633192703871,44.10558924772302,35.52696371013333,43.35633192703871,44.10558924772302,99.65017154068913,106.76726900971093,109.00746890133433,35.3036927863415,43.13305692408863,43.879520905562295,35.52696371013333,43.35633192703871,44.10558924772302,33.548071414399914,43.13305692408863,43.468264549028824,0,0,0,0,0,0,0,0,0,0,0,UNKNOWN_NO_WELLS_IN_DATASET,,UNKNOWN_NO_WELLS_IN_DATASET,,UNKNOWN_NO_WELLS_IN_DATASET,,UNKNOWN_NO_WELLS_IN_DATASET,,UNKNOWN_NO_WELLS_IN_DATASET,,UNKNOWN_NO_WELLS_IN_DATASET,,UNKNOWN_NO_WELLS_IN_DATASET,,UNKNOWN_NO_WELLS_IN_DATASET,,UNKNOWN_NO_WELLS_IN_DATASET,,UNKNOWN_NO_WELLS_IN_DATASET,,UNKNOWN_NO_WELLS_IN_DATASET,,UNKNOWN_NO_WELLS_IN_DATASET
PIH-500-0444,500,500.1364423713108,0,EPSG:5880,DESCRIPTIVE_NO_PIH_SCORE,,,,,,,,0,0.0,,,,0,0.0,,,,0,0.0,,,,21,NONE,19.873366614830065,27.057110704641023,31.664260556745862,19.873366614830065,27.057110704641023,31.664260556745862,19.873366614830065,27.057110704641023,31.664260556745862,19.873366614830065,27.25386705459749,31.85317646316355,19.873366614830065,27.25386705459749,31.85317646316355,19.873366614830065,27.25386705459749,31.85317646316355,19.873366614830065,27.25386705459749,31.85317646316355,19.873366614830065,27.25386705459749,31.85317646316355,81.38352053401395,88.72697836905306,92.06274342694971,22.617450845771895,30.23177754551981,34.580825719470496,19.873366614830065,27.25386705459749,31.85317646316355,19.873366614830065,27.057110704641023,31.664260556745862,0,0,0,0,0,0,0,0,0,0,0,UNKNOWN_NO_WELLS_IN_DATASET,,UNKNOWN_NO_WELLS_IN_DATASET,,UNKNOWN_NO_WELLS_IN_DATASET,,UNKNOWN_NO_WELLS_IN_DATASET,,UNKNOWN_NO_WELLS_IN_DATASET,,UNKNOWN_NO_WELLS_IN_DATASET,,UNKNOWN_NO_WELLS_IN_DATASET,,UNKNOWN_NO_WELLS_IN_DATASET,,UNKNOWN_NO_WELLS_IN_DATASET,,UNKNOWN_NO_WELLS_IN_DATASET,,UNKNOWN_NO_WELLS_IN_DATASET,,UNKNOWN_NO_WELLS_IN_DATASET
PIH-500-0445,500,500.09593702652313,3,EPSG:5880,DESCRIPTIVE_NO_PIH_SCORE,1.4885003317191685,6.791013004707081,6.226563661155719,0.4935108508781092,1.4885003317191685,6.791013004707081,0.01158279201366676,3,3.749280610333288,0.0,0.9999999999999998,33.33333333333333,3,14.997122441333152,0.0,0.9999999999999998,33.33333333333333,3,48.818233218938396,0.0,0.9999999999999998,33.33333333333333,21,NONE,7.459206841301501,14.963569251765067,16.220033093365778,7.459206841301501,14.963569251765067,16.220033093365778,7.459206841301501,14.963569251765067,16.220033093365778,7.900685684788411,15.306819421764597,16.9795473413255,7.900685684788411,15.306819421764597,16.9795473413255,7.900685684788411,15.306819421764597,16.9795473413255,8.774054377601987,15.306819421764597,16.9795473413255,8.774054377601987,15.306819421764597,16.9795473413255,63.7594102085346,71.54907338551092,75.62320768336463,18.574024084775605,23.837448847190604,27.92855481458812,8.774054377601987,15.306819421764597,16.9795473413255,8.25569527611631,14.963569251765067,16.220033093365778,3,3,2,2,2,2,2,0,0,2,2,WELLS_PRESENT,100.0,EVIDENCE_PRESENT,100.0,EVIDENCE_PRESENT,66.6667,EVIDENCE_PRESENT,66.6667,EVIDENCE_PRESENT,66.6667,EVIDENCE_PRESENT,66.6667,EVIDENCE_PRESENT,66.6667,EVIDENCE_PRESENT,0.0,NO_EVIDENCE_IN_AUDITED_WELLS,0.0,NO_EVIDENCE_IN_AUDITED_WELLS,66.6667,EVIDENCE_PRESENT,66.6667,REVIEW_REQUIRED_PRESENT
PIH-500-0446,500,500.0625655774462,7,EPSG:5880,DESCRIPTIVE_NO_PIH_SCORE,0.11754294611849361,1.2100981878837962,2.661112881939325,0.21092403036906535,0.11754294611849361,1.2100981878837962,0.0326559165459758,3,3.749530816878579,0.5714285714285714,0.9821410328348751,42.857142857142854,2,9.998748845009544,0.7142857142857143,0.9852281360342515,57.14285714285714,2,39.994995380038176,0.7142857142857143,0.9852281360342515,57.14285714285714,18,NONE,5.645668959103782,10.45796871906272,10.905286399916214,5.645668959103782,10.45796871906272,10.905286399916214,5.663208947425948,10.495494859306493,10.918913637774738,5.645668959103782,10.45796871906272,10.905286399916214,5.645668959103782,10.45796871906272,10.905286399916214,5.645668959103782,10.45796871906272,10.905286399916214,9.103903962320866,13.28902140202558,15.1842448533549,9.103903962320866,13.28902140202558,15.1842448533549,54.65202577093078,63.16474480895337,64.90138945620677,6.043154332515462,10.495494859306493,10.965350704410891,9.103903962320866,13.28902140202558,15.1842448533549,5.981427573613054,10.45796871906272,10.905286399916214,7,4,7,7,7,4,4,0,3,4,4,WELLS_PRESENT,100.0,EVIDENCE_PRESENT,57.1429,EVIDENCE_PRESENT,100.0,EVIDENCE_PRESENT,100.0,EVIDENCE_PRESENT,100.0,EVIDENCE_PRESENT,57.1429,EVIDENCE_PRESENT,57.1429,EVIDENCE_PRESENT,0.0,NO_EVIDENCE_IN_AUDITED_WELLS,42.8571,EVIDENCE_PRESENT,57.1429,EVIDENCE_PRESENT,57.1429,REVIEW_REQUIRED_PRESENT
PIH-500-0447,500,500.03632752123116,10,EPSG:5880,DESCRIPTIVE_NO_PIH_SCORE,2.1789852729356487,5.00492068947375,6.151270184947106,0.4875722288102331,2.1789852729356487,7.53672151568227,0.3325638072494725,8,9.933566663913131,0.19999999999999996,0.9488131148903386,30.0,6,24.600062744704477,0.4,0.9464119282150146,30.0,4,34.92251594061096,0.6,0.7854752972273343,60.0,21,NONE,4.133420002405598,7.478419288479788,8.094163493340748,4.133420002405598,7.478419288479788,8.094163493340748,5.634915099866524,8.094163493340748,9.807978302825113,4.643809423551907,7.478419288479788,10.570415655463805,4.643809423551907,7.478419288479788,10.570415655463805,4.643809423551907,7.478419288479788,10.570415655463805,7.079535505902825,10.013070102646603,10.570415655463805,7.079535505902825,10.013070102646603,10.570415655463805,54.03508071896604,64.00845721303615,68.58407225422104,6.359551622092297,15.294099688043584,16.01832519324309,6.179962234386185,10.013070102646603,10.570415655463805,9.231180307314158,14.227406745099003,16.01832519324309,10,8,8,8,8,2,2,0,7,2,2,WELLS_PRESENT,100.0,EVIDENCE_PRESENT,80.0,EVIDENCE_PRESENT,80.0,EVIDENCE_PRESENT,80.0,EVIDENCE_PRESENT,80.0,EVIDENCE_PRESENT,20.0,EVIDENCE_PRESENT,20.0,EVIDENCE_PRESENT,0.0,NO_EVIDENCE_IN_AUDITED_WELLS,70.0,EVIDENCE_PRESENT,20.0,EVIDENCE_PRESENT,20.0,REVIEW_REQUIRED_PRESENT
PIH-500-0448,500,500.0172224979317,4,EPSG:5880,DESCRIPTIVE_NO_PIH_SCORE,3.235562796314735,4.572676501106109,5.804756465968234,0.4601150708879185,3.235562796314735,10.055172313142211,0.017456195303111953,4,4.999827780952767,0.0,1.0,25.0,3,12.00183613846318,0.25,0.946394630357186,50.0,2,17.148194889213094,0.5,0.8112781244591328,75.0,22,NONE,4.8614716091722086,8.290335704604962,9.014393693314327,4.8614716091722086,8.290335704604962,9.014393693314327,4.8614716091722086,8.290335704604962,9.014393693314327,4.8614716091722086,8.290335704604962,9.014393693314327,4.8614716091722086,8.290335704604962,9.014393693314327,5.80371839759189,8.909153896110183,10.463394215506053,7.550468770767145,10.51408811101105,13.133200799184486,7.550468770767145,10.51408811101105,13.133200799184486,55.821936451548275,61.03722573524336,64.42972803057123,7.6800635432833975,13.660754012377415,15.515677848758365,7.550468770767145,10.493666443448184,13.133200799184486,13.59178088004992,19.29668074270648,19.752774084222462,4,4,4,4,3,1,1,0,3,1,0,WELLS_PRESENT,100.0,EVIDENCE_PRESENT,100.0,EVIDENCE_PRESENT,100.0,EVIDENCE_PRESENT,100.0,EVIDENCE_PRESENT,75.0,EVIDENCE_PRESENT,25.0,EVIDENCE_PRESENT,25.0,EVIDENCE_PRESENT,0.0,NO_EVIDENCE_IN_AUDITED_WELLS,75.0,EVIDENCE_PRESENT,25.0,EVIDENCE_PRESENT,0.0,NO_REVIEW_FLAG_IN_AUDITED_WELLS
PIH-500-0449,500,500.0052502907047,11,EPSG:5880,DESCRIPTIVE_NO_PIH_SCORE,0.3066544032091938,1.1509926781975486,9.187853432351783,0.7282855825958712,0.3066544032091938,1.1509926781975486,0.02770713986227468,4,3.9836584699951167,0.6363636363636364,0.7455574250275929,63.63636363636363,2,6.179770527056185,0.8181818181818181,0.43949698692151334,90.9090909090909,2,29.424154470564268,0.8181818181818181,0.43949698692151334,90.9090909090909,21,NONE,7.370540538384298,13.359010030136348,16.762136069620446,7.370540538384298,13.359010030136348,16.762136069620446,7.370540538384298,13.359010030136348,16.762136069620446,7.370540538384298,13.359010030136348,16.762136069620446,7.370540538384298,13.359010030136348,16.762136069620446,7.370540538384298,13.359010030136348,16.762136069620446,9.92493148859441,14.822294933649207,16.762136069620446,9.92493148859441,14.822294933649207,16.762136069620446,48.25088277931166,56.376559675913036,57.5839818508591,9.717550388678994,15.701496436273343,17.063021610809724,9.92493148859441,14.822294933649207,16.762136069620446,7.905093538592788,13.359010030136348,16.8916805854059,11,7,9,8,8,4,4,0,4,7,5,WELLS_PRESENT,100.0,EVIDENCE_PRESENT,63.6364,EVIDENCE_PRESENT,81.8182,EVIDENCE_PRESENT,72.7273,EVIDENCE_PRESENT,72.7273,EVIDENCE_PRESENT,36.3636,EVIDENCE_PRESENT,36.3636,EVIDENCE_PRESENT,0.0,NO_EVIDENCE_IN_AUDITED_WELLS,36.3636,EVIDENCE_PRESENT,63.6364,EVIDENCE_PRESENT,45.4545,REVIEW_REQUIRED_PRESENT
PIH-500-0450,500,500.00041082561035,3,EPSG:5880,DESCRIPTIVE_NO_PIH_SCORE,10.358008529401227,12.811340019998466,3.1890558517452527,0.2527853383655734,10.358008529401227,13.340312149776825,0.13954807833268318,3,3.7494280100544937,0.0,0.9999999999999998,33.33333333333333,3,13.368594465101117,0.0,0.9999999999999998,33.33333333333333,3,30.53380323068286,0.0,0.9999999999999998,33.33333333333333,20,NONE,5.556026771368119,9.041375567807087,11.306534934227452,5.556026771368119,9.041375567807087,11.306534934227452,5.556026771368119,9.041375567807087,11.306534934227452,8.093443078291214,14.239936256506029,19.018338363335772,8.093443078291214,14.239936256506029,19.018338363335772,8.093443078291214,14.239936256506029,19.018338363335772,8.093443078291214,14.239936256506029,19.018338363335772,8.093443078291214,14.239936256506029,19.018338363335772,42.42578097538957,49.53341264360567,54.08288304431457,9.116566537689739,12.610733824467868,16.228750019395413,8.093443078291214,14.239936256506029,19.018338363335772,13.377261107887556,19.024828873744823,21.527967333505746,3,3,2,2,2,2,2,0,1,2,1,WELLS_PRESENT,100.0,EVIDENCE_PRESENT,100.0,EVIDENCE_PRESENT,66.6667,EVIDENCE_PRESENT,66.6667,EVIDENCE_PRESENT,66.6667,EVIDENCE_PRESENT,66.6667,EVIDENCE_PRESENT,66.6667,EVIDENCE_PRESENT,0.0,NO_EVIDENCE_IN_AUDITED_WELLS,33.3333,EVIDENCE_PRESENT,66.6667,EVIDENCE_PRESENT,33.3333,REVIEW_REQUIRED_PRESENT
PIH-500-0451,500,500.0027041717682,1,EPSG:5880,DESCRIPTIVE_NO_PIH_SCORE,11.798455374283913,11.798455374283913,13.182016414375894,1.0448900842932833,,,,1,0.7864072627204769,0.0,,100.0,1,0.8033783993971583,0.0,,100.0,1,0.8033783993971583,0.0,,100.0,17,NONE,11.618128898045747,17.554211819405566,21.246641527053445,11.618128898045747,17.554211819405566,21.246641527053445,14.000265804664728,20.884444661087976,21.426976251357456,11.618128898045747,18.29213623130288,21.24806496760965,11.618128898045747,18.29213623130288,21.24806496760965,11.618128898045747,18.29213623130288,21.24806496760965,21.091781794357303,26.747806099982636,29.383622336757195,21.091781794357303,26.747806099982636,29.383622336757195,47.10481266544076,52.538697786765894,56.05858970161733,22.36161555702966,29.621133237268356,31.415829945303575,13.831612292934855,18.29213623130288,23.24788839660996,12.375710108603807,20.16728409022961,22.579705364149053,1,0,1,1,1,0,0,0,0,1,1,WELLS_PRESENT,100.0,EVIDENCE_PRESENT,0.0,NO_EVIDENCE_IN_AUDITED_WELLS,100.0,EVIDENCE_PRESENT,100.0,EVIDENCE_PRESENT,100.0,EVIDENCE_PRESENT,0.0,NO_EVIDENCE_IN_AUDITED_WELLS,0.0,NO_EVIDENCE_IN_AUDITED_WELLS,0.0,NO_EVIDENCE_IN_AUDITED_WELLS,0.0,NO_EVIDENCE_IN_AUDITED_WELLS,100.0,EVIDENCE_PRESENT,100.0,REVIEW_REQUIRED_PRESENT
PIH-500-0452,500,500.0121305412053,0,EPSG:5880,DESCRIPTIVE_NO_PIH_SCORE,,,,,,,,0,0.0,,,,0,0.0,,,,0,0.0,,,,20,NONE,14.546190146519464,17.658859927568475,18.425652507983113,14.546190146519464,17.658859927568475,18.425652507983113,19.268810346088614,23.432994909722893,24.521905047056645,14.546190146519464,17.658859927568475,18.425652507983113,14.546190146519464,17.658859927568475,18.425652507983113,14.546190146519464,17.658859927568475,18.425652507983113,25.029505062675756,31.284258136110598,32.21529403806421,25.029505062675756,31.284258136110598,32.21529403806421,31.372077253305136,39.68983930787238,42.49223195145389,22.69687391034243,29.874645228209438,34.660157811147585,14.76829583297954,20.147932538373947,21.835997448112554,14.546190146519464,17.658859927568475,18.425652507983113,0,0,0,0,0,0,0,0,0,0,0,UNKNOWN_NO_WELLS_IN_DATASET,,UNKNOWN_NO_WELLS_IN_DATASET,,UNKNOWN_NO_WELLS_IN_DATASET,,UNKNOWN_NO_WELLS_IN_DATASET,,UNKNOWN_NO_WELLS_IN_DATASET,,UNKNOWN_NO_WELLS_IN_DATASET,,UNKNOWN_NO_WELLS_IN_DATASET,,UNKNOWN_NO_WELLS_IN_DATASET,,UNKNOWN_NO_WELLS_IN_DATASET,,UNKNOWN_NO_WELLS_IN_DATASET,,UNKNOWN_NO_WELLS_IN_DATASET,,UNKNOWN_NO_WELLS_IN_DATASET
PIH-500-0453,500,500.02869028905286,4,EPSG:5880,DESCRIPTIVE_NO_PIH_SCORE,2.169873038173573,4.269148053472021,3.068466426518216,0.2432197570551092,2.169873038173573,4.269148053472021,0.061308305125196354,3,3.7359639059019596,0.25,0.946394630357186,50.0,3,13.18490091061564,0.25,0.946394630357186,50.0,2,23.313147158676603,0.5,1.0,50.0,22,NONE,6.450742873106599,10.981597389235446,13.529350259624996,6.450742873106599,10.981597389235446,13.529350259624996,6.450742873106599,10.981597389235446,13.529350259624996,6.450742873106599,10.981597389235446,13.529350259624996,6.450742873106599,10.981597389235446,13.529350259624996,6.450742873106599,10.981597389235446,13.529350259624996,6.827303392708684,11.15893635342576,16.000517679288638,6.827303392708684,11.15893635342576,16.000517679288638,12.748390728232264,19.6832780085849,22.85343699402409,6.450742873106599,10.981597389235446,13.529350259624996,6.827303392708684,11.15893635342576,16.000517679288638,6.481459382366111,10.986220985246117,13.529350259624996,4,4,4,4,4,2,2,1,4,2,3,WELLS_PRESENT,100.0,EVIDENCE_PRESENT,100.0,EVIDENCE_PRESENT,100.0,EVIDENCE_PRESENT,100.0,EVIDENCE_PRESENT,100.0,EVIDENCE_PRESENT,50.0,EVIDENCE_PRESENT,50.0,EVIDENCE_PRESENT,25.0,EVIDENCE_PRESENT,100.0,EVIDENCE_PRESENT,50.0,EVIDENCE_PRESENT,75.0,REVIEW_REQUIRED_PRESENT
PIH-500-0454,500,500.0523839133639,0,EPSG:5880,DESCRIPTIVE_NO_PIH_SCORE,,,,,,,,0,0.0,,,,0,0.0,,,,0,0.0,,,,22,NONE,18.176927323567647,26.581690131997018,29.529059392367074,18.176927323567647,26.581690131997018,29.529059392367074,18.176927323567647,26.581690131997018,29.529059392367074,18.176927323567647,26.581690131997018,29.529059392367074,18.176927323567647,26.581690131997018,29.529059392367074,18.176927323567647,26.581690131997018,29.529059392367074,21.366109012385234,29.685168491607076,33.35511090944946,21.366109012385234,29.685168491607076,33.35511090944946,21.88891499842543,29.685168491607076,33.35511090944946,18.176927323567647,26.581690131997018,29.529059392367074,21.366109012385234,29.685168491607076,33.35511090944946,18.176927323567647,26.581690131997018,29.529059392367074,0,0,0,0,0,0,0,0,0,0,0,UNKNOWN_NO_WELLS_IN_DATASET,,UNKNOWN_NO_WELLS_IN_DATASET,,UNKNOWN_NO_WELLS_IN_DATASET,,UNKNOWN_NO_WELLS_IN_DATASET,,UNKNOWN_NO_WELLS_IN_DATASET,,UNKNOWN_NO_WELLS_IN_DATASET,,UNKNOWN_NO_WELLS_IN_DATASET,,UNKNOWN_NO_WELLS_IN_DATASET,,UNKNOWN_NO_WELLS_IN_DATASET,,UNKNOWN_NO_WELLS_IN_DATASET,,UNKNOWN_NO_WELLS_IN_DATASET,,UNKNOWN_NO_WELLS_IN_DATASET
PIH-500-0455,500,500.08321205526863,0,EPSG:5880,DESCRIPTIVE_NO_PIH_SCORE,,,,,,,,0,0.0,,,,0,0.0,,,,0,0.0,,,,20,NONE,22.06793317541787,28.31420636246394,31.25003992462222,22.06793317541787,28.31420636246394,31.25003992462222,22.06793317541787,28.31420636246394,31.25003992462222,22.06793317541787,28.31420636246394,31.25003992462222,22.06793317541787,28.31420636246394,31.25003992462222,22.06793317541787,28.31420636246394,31.25003992462222,44.29888286822481,51.72800640515988,52.512852298366695,44.29888286822481,51.72800640515988,52.512852298366695,44.29888286822481,51.9349863266522,55.2425972631834,22.06793317541787,28.31420636246394,31.25003992462222,44.29888286822481,51.72800640515988,52.512852298366695,22.06793317541787,28.31420636246394,31.25003992462222,0,0,0,0,0,0,0,0,0,0,0,UNKNOWN_NO_WELLS_IN_DATASET,,UNKNOWN_NO_WELLS_IN_DATASET,,UNKNOWN_NO_WELLS_IN_DATASET,,UNKNOWN_NO_WELLS_IN_DATASET,,UNKNOWN_NO_WELLS_IN_DATASET,,UNKNOWN_NO_WELLS_IN_DATASET,,UNKNOWN_NO_WELLS_IN_DATASET,,UNKNOWN_NO_WELLS_IN_DATASET,,UNKNOWN_NO_WELLS_IN_DATASET,,UNKNOWN_NO_WELLS_IN_DATASET,,UNKNOWN_NO_WELLS_IN_DATASET,,UNKNOWN_NO_WELLS_IN_DATASET
PIH-500-0456,500,500.12117549869976,0,EPSG:5880,DESCRIPTIVE_NO_PIH_SCORE,,,,,,,,0,0.0,,,,0,0.0,,,,0,0.0,,,,18,NONE,17.86240111213577,22.50233304055598,24.084975453776188,17.86240111213577,22.50233304055598,24.084975453776188,17.86240111213577,22.50233304055598,24.084975453776188,17.86240111213577,22.50233304055598,24.084975453776188,17.86240111213577,22.50233304055598,24.084975453776188,17.86240111213577,24.208181242429408,27.840455197932027,41.60272030101494,47.06371147596514,48.89588554455495,41.60272030101494,47.06371147596514,48.89588554455495,61.09720022596214,68.36040509243057,72.2911786489377,17.86240111213577,22.50233304055598,24.084975453776188,41.60272030101494,47.06371147596514,48.89588554455495,17.86240111213577,22.50233304055598,24.084975453776188,0,0,0,0,0,0,0,0,0,0,0,UNKNOWN_NO_WELLS_IN_DATASET,,UNKNOWN_NO_WELLS_IN_DATASET,,UNKNOWN_NO_WELLS_IN_DATASET,,UNKNOWN_NO_WELLS_IN_DATASET,,UNKNOWN_NO_WELLS_IN_DATASET,,UNKNOWN_NO_WELLS_IN_DATASET,,UNKNOWN_NO_WELLS_IN_DATASET,,UNKNOWN_NO_WELLS_IN_DATASET,,UNKNOWN_NO_WELLS_IN_DATASET,,UNKNOWN_NO_WELLS_IN_DATASET,,UNKNOWN_NO_WELLS_IN_DATASET,,UNKNOWN_NO_WELLS_IN_DATASET
PIH-500-0457,500,500.1662751707332,0,EPSG:5880,DESCRIPTIVE_NO_PIH_SCORE,,,,,,,,0,0.0,,,,0,0.0,,,,0,0.0,,,,21,NONE,15.987739045663837,22.281333612253487,25.467839870155938,15.987739045663837,22.281333612253487,25.467839870155938,15.987739045663837,22.281333612253487,25.467839870155938,15.987739045663837,22.281333612253487,25.467839870155938,15.987739045663837,22.281333612253487,25.467839870155938,18.435083454116793,23.732885641328927,25.720549044901045,18.860881782132836,27.019287447826166,30.46157841318191,18.860881782132836,27.019287447826166,30.46157841318191,72.91806674730395,80.46800647504945,83.67754025514849,15.987739045663837,22.281333612253487,25.467839870155938,18.860881782132836,27.019287447826166,30.46157841318191,15.987739045663837,22.281333612253487,25.467839870155938,0,0,0,0,0,0,0,0,0,0,0,UNKNOWN_NO_WELLS_IN_DATASET,,UNKNOWN_NO_WELLS_IN_DATASET,,UNKNOWN_NO_WELLS_IN_DATASET,,UNKNOWN_NO_WELLS_IN_DATASET,,UNKNOWN_NO_WELLS_IN_DATASET,,UNKNOWN_NO_WELLS_IN_DATASET,,UNKNOWN_NO_WELLS_IN_DATASET,,UNKNOWN_NO_WELLS_IN_DATASET,,UNKNOWN_NO_WELLS_IN_DATASET,,UNKNOWN_NO_WELLS_IN_DATASET,,UNKNOWN_NO_WELLS_IN_DATASET,,UNKNOWN_NO_WELLS_IN_DATASET
PIH-500-0458,500,500.21851214140685,1,EPSG:5880,DESCRIPTIVE_NO_PIH_SCORE,17.12439399703788,17.12439399703788,11.790946945235712,0.9344234772818817,,,,1,1.2494484605439442,0.0,,100.0,1,2.2396604730221106,0.0,,100.0,1,2.2396604730221106,0.0,,100.0,21,NONE,14.2913318714766,20.915308588132834,23.02305956299967,14.2913318714766,20.915308588132834,23.02305956299967,14.2913318714766,20.915308588132834,23.02305956299967,14.2913318714766,20.915308588132834,23.02305956299967,14.2913318714766,20.915308588132834,23.02305956299967,14.2913318714766,20.915308588132834,23.02305956299967,14.2913318714766,20.915308588132834,23.02305956299967,14.2913318714766,20.915308588132834,23.02305956299967,87.18695024696427,94.24660616914639,97.65475194968417,14.2913318714766,20.915308588132834,23.02305956299967,14.2913318714766,20.915308588132834,23.02305956299967,14.2913318714766,20.915308588132834,23.625485438181297,1,1,1,1,1,1,1,0,1,1,1,WELLS_PRESENT,100.0,EVIDENCE_PRESENT,100.0,EVIDENCE_PRESENT,100.0,EVIDENCE_PRESENT,100.0,EVIDENCE_PRESENT,100.0,EVIDENCE_PRESENT,100.0,EVIDENCE_PRESENT,100.0,EVIDENCE_PRESENT,0.0,NO_EVIDENCE_IN_AUDITED_WELLS,100.0,EVIDENCE_PRESENT,100.0,EVIDENCE_PRESENT,100.0,REVIEW_REQUIRED_PRESENT
PIH-500-0459,500,500.2778876236576,0,EPSG:5880,DESCRIPTIVE_NO_PIH_SCORE,,,,,,,,0,0.0,,,,0,0.0,,,,0,0.0,,,,21,NONE,20.227678467932364,26.269643391028104,30.135831205195846,20.227678467932364,26.269643391028104,30.135831205195846,20.227678467932364,26.269643391028104,30.135831205195846,20.227678467932364,26.269643391028104,30.135831205195846,20.227678467932364,26.269643391028104,30.135831205195846,20.227678467932364,26.721641524126454,30.135831205195846,22.72396346324622,28.08937527169279,33.04277483792778,22.72396346324622,28.08937527169279,33.04277483792778,76.53956956636878,83.66001995109245,87.32854175249935,20.227678467932364,26.269643391028104,30.135831205195846,20.548536037083377,26.269643391028104,31.147756939882523,20.548536037083377,26.269643391028104,30.135831205195846,0,0,0,0,0,0,0,0,0,0,0,UNKNOWN_NO_WELLS_IN_DATASET,,UNKNOWN_NO_WELLS_IN_DATASET,,UNKNOWN_NO_WELLS_IN_DATASET,,UNKNOWN_NO_WELLS_IN_DATASET,,UNKNOWN_NO_WELLS_IN_DATASET,,UNKNOWN_NO_WELLS_IN_DATASET,,UNKNOWN_NO_WELLS_IN_DATASET,,UNKNOWN_NO_WELLS_IN_DATASET,,UNKNOWN_NO_WELLS_IN_DATASET,,UNKNOWN_NO_WELLS_IN_DATASET,,UNKNOWN_NO_WELLS_IN_DATASET,,UNKNOWN_NO_WELLS_IN_DATASET
PIH-500-0460,500,500.34440297336425,0,EPSG:5880,DESCRIPTIVE_NO_PIH_SCORE,,,,,,,,0,0.0,,,,0,0.0,,,,0,0.0,,,,21,NONE,16.45296876967516,20.414732230247647,23.987257642452846,16.45296876967516,20.414732230247647,23.987257642452846,18.374211595855783,22.516537629200794,24.113957715466878,18.374211595855783,22.516537629200794,24.113957715466878,18.374211595855783,22.516537629200794,24.113957715466878,18.374211595855783,22.516537629200794,24.113957715466878,26.220343821898062,33.29131416242843,36.109886145551584,26.220343821898062,33.29131416242843,36.109886145551584,59.31033074756086,67.51598745628507,70.31869952296265,16.45296876967516,20.414732230247647,23.987257642452846,20.359454830795045,24.683222907804847,26.95931133209839,19.310359579735135,23.677681410280766,25.94704175098949,0,0,0,0,0,0,0,0,0,0,0,UNKNOWN_NO_WELLS_IN_DATASET,,UNKNOWN_NO_WELLS_IN_DATASET,,UNKNOWN_NO_WELLS_IN_DATASET,,UNKNOWN_NO_WELLS_IN_DATASET,,UNKNOWN_NO_WELLS_IN_DATASET,,UNKNOWN_NO_WELLS_IN_DATASET,,UNKNOWN_NO_WELLS_IN_DATASET,,UNKNOWN_NO_WELLS_IN_DATASET,,UNKNOWN_NO_WELLS_IN_DATASET,,UNKNOWN_NO_WELLS_IN_DATASET,,UNKNOWN_NO_WELLS_IN_DATASET,,UNKNOWN_NO_WELLS_IN_DATASET
PIH-500-0461,500,500.4180596894602,0,EPSG:5880,DESCRIPTIVE_NO_PIH_SCORE,,,,,,,,0,0.0,,,,0,0.0,,,,0,0.0,,,,18,NONE,18.132092758626467,25.71619341322401,28.452916258431987,18.132092758626467,25.71619341322401,28.452916258431987,24.89060811692186,31.937311573048774,32.56960917029329,24.89060811692186,31.937311573048774,32.56960917029329,24.89060811692186,31.937311573048774,32.56960917029329,24.89060811692186,31.937311573048774,32.56960917029329,36.73924226243729,41.40420522561019,43.209001079997996,36.73924226243729,41.40420522561019,43.209001079997996,45.930630612094454,53.60835591533121,55.583888088196304,18.132092758626467,25.71619341322401,28.452916258431987,18.132092758626467,26.046074743638123,28.452916258431987,18.132092758626467,25.71619341322401,28.452916258431987,0,0,0,0,0,0,0,0,0,0,0,UNKNOWN_NO_WELLS_IN_DATASET,,UNKNOWN_NO_WELLS_IN_DATASET,,UNKNOWN_NO_WELLS_IN_DATASET,,UNKNOWN_NO_WELLS_IN_DATASET,,UNKNOWN_NO_WELLS_IN_DATASET,,UNKNOWN_NO_WELLS_IN_DATASET,,UNKNOWN_NO_WELLS_IN_DATASET,,UNKNOWN_NO_WELLS_IN_DATASET,,UNKNOWN_NO_WELLS_IN_DATASET,,UNKNOWN_NO_WELLS_IN_DATASET,,UNKNOWN_NO_WELLS_IN_DATASET,,UNKNOWN_NO_WELLS_IN_DATASET
PIH-500-0462,500,500.4988594137652,3,EPSG:5880,DESCRIPTIVE_NO_PIH_SCORE,0.20017669106959132,0.23364940816699656,9.216656683748637,0.7302083600476466,0.20017669106959132,0.23364940816699656,3.3382791292690145e-05,1,1.2487540945289328,0.6666666666666667,,100.0,1,4.98716222588422,0.6666666666666667,,100.0,1,13.409315353076707,0.6666666666666667,,100.0,21,NONE,11.324859839528914,17.78028103670743,21.107201778846516,11.324859839528914,17.78028103670743,21.107201778846516,11.324859839528914,17.78028103670743,21.107201778846516,11.324859839528914,17.78028103670743,21.107201778846516,11.324859839528914,17.78028103670743,21.107201778846516,11.324859839528914,17.78028103670743,21.107201778846516,22.04324938708543,28.82518874296602,33.22337682056424,22.04324938708543,28.82518874296602,33.22337682056424,27.929834335470158,35.696588751201055,38.70353433249696,11.324859839528914,17.78028103670743,21.107201778846516,17.710259507025235,23.80160365468687,27.753155033455137,11.324859839528914,17.78028103670743,21.107201778846516,3,3,3,3,3,0,0,0,3,0,1,WELLS_PRESENT,100.0,EVIDENCE_PRESENT,100.0,EVIDENCE_PRESENT,100.0,EVIDENCE_PRESENT,100.0,EVIDENCE_PRESENT,100.0,EVIDENCE_PRESENT,0.0,NO_EVIDENCE_IN_AUDITED_WELLS,0.0,NO_EVIDENCE_IN_AUDITED_WELLS,0.0,NO_EVIDENCE_IN_AUDITED_WELLS,100.0,EVIDENCE_PRESENT,0.0,NO_EVIDENCE_IN_AUDITED_WELLS,33.3333,REVIEW_REQUIRED_PRESENT
PIH-500-0463,500,363.6088656839981,7,EPSG:5880,DESCRIPTIVE_NO_PIH_SCORE,0.448486855128763,8.112674684883993,2.2502480639654916,0.2091645599133422,0.448486855128763,8.112674684883993,0.12820043299999764,4,6.875519922478121,0.4285714285714286,0.9211854965885543,42.857142857142854,4,26.922023672958307,0.4285714285714286,0.9211854965885543,42.857142857142854,3,65.32611377476005,0.5714285714285714,0.8699155297736259,57.14285714285714,15,NONE,4.200949487875161,6.729475089331402,10.137552077952321,4.227374350830972,6.794345496857291,10.308370126013994,6.913169970367155,11.177330124272196,13.514509899741814,4.227374350830972,6.794345496857291,10.308370126013994,4.227374350830972,6.794345496857291,10.308370126013994,4.227374350830972,6.794345496857291,10.308370126013994,15.993138968290257,19.755128289378177,21.284675195383617,15.993138968290257,19.755128289378177,21.284675195383617,19.709657552389068,25.218526651814724,30.161898846134054,4.339603739315613,9.913078471379217,13.072420942874931,15.48623430917063,18.350384592743676,19.41739781283383,4.358767927869417,6.729475089331402,10.137552077952321,6,4,6,6,6,0,0,0,5,0,3,WELLS_PRESENT,85.7143,EVIDENCE_PRESENT,57.1429,EVIDENCE_PRESENT,85.7143,EVIDENCE_PRESENT,85.7143,EVIDENCE_PRESENT,85.7143,EVIDENCE_PRESENT,0.0,NO_EVIDENCE_IN_AUDITED_WELLS,0.0,NO_EVIDENCE_IN_AUDITED_WELLS,0.0,NO_EVIDENCE_IN_AUDITED_WELLS,71.4286,EVIDENCE_PRESENT,0.0,NO_EVIDENCE_IN_AUDITED_WELLS,42.8571,REVIEW_REQUIRED_PRESENT
PIH-500-0464,500,350.5410127079755,0,EPSG:5880,DESCRIPTIVE_NO_PIH_SCORE,,,,,,,,0,0.0,,,,0,0.0,,,,0,0.0,,,,12,NONE,21.3411583290279,25.982260590455226,27.20703394759406,21.3411583290279,25.982260590455226,27.20703394759406,21.3411583290279,25.982260590455226,27.20703394759406,21.3411583290279,25.982260590455226,27.20703394759406,21.3411583290279,25.982260590455226,27.20703394759406,21.3411583290279,25.982260590455226,27.20703394759406,71.71538477810934,79.22058335274833,79.6910394100243,71.71538477810934,79.22058335274833,79.6910394100243,87.22234723278868,94.67032796874737,97.05196436139981,66.94840754496695,73.67377728910066,74.65578057986389,63.390956596519835,68.67214013748513,70.07672373815147,21.3411583290279,25.982260590455226,27.20703394759406,0,0,0,0,0,0,0,0,0,0,0,UNKNOWN_NO_WELLS_IN_DATASET,,UNKNOWN_NO_WELLS_IN_DATASET,,UNKNOWN_NO_WELLS_IN_DATASET,,UNKNOWN_NO_WELLS_IN_DATASET,,UNKNOWN_NO_WELLS_IN_DATASET,,UNKNOWN_NO_WELLS_IN_DATASET,,UNKNOWN_NO_WELLS_IN_DATASET,,UNKNOWN_NO_WELLS_IN_DATASET,,UNKNOWN_NO_WELLS_IN_DATASET,,UNKNOWN_NO_WELLS_IN_DATASET,,UNKNOWN_NO_WELLS_IN_DATASET,,UNKNOWN_NO_WELLS_IN_DATASET
PIH-500-0465,500,500.9930241793458,1,EPSG:5880,DESCRIPTIVE_NO_PIH_SCORE,42.89390973507087,42.89390973507087,2.1025064447166755,0.16649317397510585,,,,1,1.2475223602639667,0.0,,100.0,1,4.990089441055867,0.0,,100.0,1,19.960357764223467,0.0,,100.0,20,NONE,9.127322799321158,12.94793826024931,13.916577833254905,9.127322799321158,12.94793826024931,13.916577833254905,9.127322799321158,12.94793826024931,13.916577833254905,9.127322799321158,12.94793826024931,13.916577833254905,9.127322799321158,12.94793826024931,13.916577833254905,9.127322799321158,12.94793826024931,13.916577833254905,57.23359174253829,66.09631720069855,69.17969170210638,57.23359174253829,66.09631720069855,69.17969170210638,79.35960747838698,87.03544760428349,90.32443210914234,54.6343115020006,62.52254550167422,64.83768629582171,44.0419077830822,53.166485643290386,55.918879026466136,9.127322799321158,12.94793826024931,13.916577833254905,1,1,1,1,1,0,0,0,0,0,1,WELLS_PRESENT,100.0,EVIDENCE_PRESENT,100.0,EVIDENCE_PRESENT,100.0,EVIDENCE_PRESENT,100.0,EVIDENCE_PRESENT,100.0,EVIDENCE_PRESENT,0.0,NO_EVIDENCE_IN_AUDITED_WELLS,0.0,NO_EVIDENCE_IN_AUDITED_WELLS,0.0,NO_EVIDENCE_IN_AUDITED_WELLS,0.0,NO_EVIDENCE_IN_AUDITED_WELLS,0.0,NO_EVIDENCE_IN_AUDITED_WELLS,100.0,REVIEW_REQUIRED_PRESENT
PIH-500-0466,500,500.87752706632483,0,EPSG:5880,DESCRIPTIVE_NO_PIH_SCORE,,,,,,,,0,0.0,,,,0,0.0,,,,0,0.0,,,,21,NONE,19.31433507090211,23.87574549172232,27.9668806414488,19.31433507090211,23.87574549172232,27.9668806414488,19.31433507090211,23.87574549172232,27.9668806414488,19.31433507090211,23.87574549172232,27.9668806414488,19.31433507090211,23.87574549172232,27.9668806414488,19.31433507090211,23.87574549172232,27.9668806414488,42.06947551420819,50.467794155927514,53.11963001462844,42.06947551420819,50.467794155927514,53.11963001462844,77.73948581710479,83.15879144688249,87.79394681656515,49.63776315163928,55.40455941000623,59.63774921408447,22.679450884286183,30.7619409293565,33.96877096808397,19.31433507090211,23.87574549172232,27.9668806414488,0,0,0,0,0,0,0,0,0,0,0,UNKNOWN_NO_WELLS_IN_DATASET,,UNKNOWN_NO_WELLS_IN_DATASET,,UNKNOWN_NO_WELLS_IN_DATASET,,UNKNOWN_NO_WELLS_IN_DATASET,,UNKNOWN_NO_WELLS_IN_DATASET,,UNKNOWN_NO_WELLS_IN_DATASET,,UNKNOWN_NO_WELLS_IN_DATASET,,UNKNOWN_NO_WELLS_IN_DATASET,,UNKNOWN_NO_WELLS_IN_DATASET,,UNKNOWN_NO_WELLS_IN_DATASET,,UNKNOWN_NO_WELLS_IN_DATASET,,UNKNOWN_NO_WELLS_IN_DATASET
PIH-500-0467,500,500.76917776982117,0,EPSG:5880,DESCRIPTIVE_NO_PIH_SCORE,,,,,,,,0,0.0,,,,0,0.0,,,,0,0.0,,,,22,NONE,17.22530884486048,24.379427100284587,27.429890014220007,17.22530884486048,24.379427100284587,27.429890014220007,17.22530884486048,24.379427100284587,27.429890014220007,17.22530884486048,24.379427100284587,27.429890014220007,17.22530884486048,24.379427100284587,27.429890014220007,17.22530884486048,24.379427100284587,27.429890014220007,37.950997275296544,44.90574323964246,49.11614713993416,37.950997275296544,44.90574323964246,49.11614713993416,80.62947687941053,89.0696162639031,92.23367692670979,43.98508450965307,53.714484050518635,56.44138896593894,17.22530884486048,24.379427100284587,27.429890014220007,17.22530884486048,24.379427100284587,27.429890014220007,0,0,0,0,0,0,0,0,0,0,0,UNKNOWN_NO_WELLS_IN_DATASET,,UNKNOWN_NO_WELLS_IN_DATASET,,UNKNOWN_NO_WELLS_IN_DATASET,,UNKNOWN_NO_WELLS_IN_DATASET,,UNKNOWN_NO_WELLS_IN_DATASET,,UNKNOWN_NO_WELLS_IN_DATASET,,UNKNOWN_NO_WELLS_IN_DATASET,,UNKNOWN_NO_WELLS_IN_DATASET,,UNKNOWN_NO_WELLS_IN_DATASET,,UNKNOWN_NO_WELLS_IN_DATASET,,UNKNOWN_NO_WELLS_IN_DATASET,,UNKNOWN_NO_WELLS_IN_DATASET
PIH-500-0468,500,500.6679742979733,0,EPSG:5880,DESCRIPTIVE_NO_PIH_SCORE,,,,,,,,0,0.0,,,,0,0.0,,,,0,0.0,,,,21,NONE,21.214764965632583,28.226583698068264,30.948184762491717,29.81336382966458,35.62405251983651,38.86262287301151,29.81336382966458,35.62405251983651,41.60473788414981,29.81336382966458,35.62405251983651,38.86262287301151,29.81336382966458,35.62405251983651,38.86262287301151,29.81336382966458,35.62405251983651,38.86262287301151,48.21541904444652,54.56074451859966,55.312334991772964,48.21541904444652,54.56074451859966,55.312334991772964,92.11144432370708,96.66692950141605,97.27119513713077,30.70950106930542,38.611345312754274,40.94774012473816,34.83075385337565,44.34051323546132,47.74259351666807,21.214764965632583,28.226583698068264,30.948184762491717,0,0,0,0,0,0,0,0,0,0,0,UNKNOWN_NO_WELLS_IN_DATASET,,UNKNOWN_NO_WELLS_IN_DATASET,,UNKNOWN_NO_WELLS_IN_DATASET,,UNKNOWN_NO_WELLS_IN_DATASET,,UNKNOWN_NO_WELLS_IN_DATASET,,UNKNOWN_NO_WELLS_IN_DATASET,,UNKNOWN_NO_WELLS_IN_DATASET,,UNKNOWN_NO_WELLS_IN_DATASET,,UNKNOWN_NO_WELLS_IN_DATASET,,UNKNOWN_NO_WELLS_IN_DATASET,,UNKNOWN_NO_WELLS_IN_DATASET,,UNKNOWN_NO_WELLS_IN_DATASET
PIH-500-0469,500,500.5739148009003,0,EPSG:5880,DESCRIPTIVE_NO_PIH_SCORE,,,,,,,,0,0.0,,,,0,0.0,,,,0,0.0,,,,18,NONE,21.6223012450617,26.069031921118093,27.299041263324384,27.11671602599022,31.21980954864075,31.427163753726937,31.409354815290627,37.757076329924296,40.650468733372946,27.11671602599022,31.21980954864075,31.427163753726937,27.11671602599022,31.21980954864075,31.427163753726937,27.11671602599022,31.21980954864075,31.427163753726937,43.14209417209217,50.455253135559936,53.373687697452,43.14209417209217,50.455253135559936,53.373687697452,93.93031966580598,100.04160426460533,101.35415654815165,27.11671602599022,31.21980954864075,31.427163753726937,43.14209417209217,48.97739040036346,50.01611451585207,21.6223012450617,26.069031921118093,27.299041263324384,0,0,0,0,0,0,0,0,0,0,0,UNKNOWN_NO_WELLS_IN_DATASET,,UNKNOWN_NO_WELLS_IN_DATASET,,UNKNOWN_NO_WELLS_IN_DATASET,,UNKNOWN_NO_WELLS_IN_DATASET,,UNKNOWN_NO_WELLS_IN_DATASET,,UNKNOWN_NO_WELLS_IN_DATASET,,UNKNOWN_NO_WELLS_IN_DATASET,,UNKNOWN_NO_WELLS_IN_DATASET,,UNKNOWN_NO_WELLS_IN_DATASET,,UNKNOWN_NO_WELLS_IN_DATASET,,UNKNOWN_NO_WELLS_IN_DATASET,,UNKNOWN_NO_WELLS_IN_DATASET
PIH-500-0470,500,500.4869975708183,0,EPSG:5880,DESCRIPTIVE_NO_PIH_SCORE,,,,,,,,0,0.0,,,,0,0.0,,,,0,0.0,,,,20,NONE,24.24897110133816,29.928302445609944,33.00578573342741,24.24897110133816,32.47042165724937,33.34000227095175,24.24897110133816,32.47042165724937,33.34000227095175,24.24897110133816,32.47042165724937,33.34000227095175,24.24897110133816,32.47042165724937,33.34000227095175,24.24897110133816,32.47042165724937,33.34000227095175,24.24897110133816,32.47042165724937,33.34000227095175,24.24897110133816,32.47042165724937,33.34000227095175,91.54290834729822,98.70800731318418,103.57089181010573,24.24897110133816,32.47042165724937,33.34000227095175,24.24897110133816,32.47042165724937,33.34000227095175,24.24897110133816,29.928302445609944,33.00578573342741,0,0,0,0,0,0,0,0,0,0,0,UNKNOWN_NO_WELLS_IN_DATASET,,UNKNOWN_NO_WELLS_IN_DATASET,,UNKNOWN_NO_WELLS_IN_DATASET,,UNKNOWN_NO_WELLS_IN_DATASET,,UNKNOWN_NO_WELLS_IN_DATASET,,UNKNOWN_NO_WELLS_IN_DATASET,,UNKNOWN_NO_WELLS_IN_DATASET,,UNKNOWN_NO_WELLS_IN_DATASET,,UNKNOWN_NO_WELLS_IN_DATASET,,UNKNOWN_NO_WELLS_IN_DATASET,,UNKNOWN_NO_WELLS_IN_DATASET,,UNKNOWN_NO_WELLS_IN_DATASET
PIH-500-0471,500,500.4072210420896,0,EPSG:5880,DESCRIPTIVE_NO_PIH_SCORE,,,,,,,,0,0.0,,,,0,0.0,,,,0,0.0,,,,21,NONE,17.42462887127569,25.15699541229818,28.12650307289863,17.42462887127569,25.15699541229818,28.12650307289863,17.42462887127569,25.15699541229818,28.12650307289863,17.42462887127569,25.15699541229818,28.12650307289863,17.42462887127569,25.15699541229818,28.12650307289863,17.42462887127569,25.15699541229818,28.12650307289863,17.42462887127569,25.15699541229818,28.12650307289863,17.42462887127569,25.15699541229818,28.12650307289863,93.80565813667856,101.89889004248207,105.6280691932402,17.42462887127569,25.15699541229818,28.12650307289863,17.42462887127569,25.15699541229818,28.12650307289863,17.42462887127569,25.15699541229818,28.12650307289863,0,0,0,0,0,0,0,0,0,0,0,UNKNOWN_NO_WELLS_IN_DATASET,,UNKNOWN_NO_WELLS_IN_DATASET,,UNKNOWN_NO_WELLS_IN_DATASET,,UNKNOWN_NO_WELLS_IN_DATASET,,UNKNOWN_NO_WELLS_IN_DATASET,,UNKNOWN_NO_WELLS_IN_DATASET,,UNKNOWN_NO_WELLS_IN_DATASET,,UNKNOWN_NO_WELLS_IN_DATASET,,UNKNOWN_NO_WELLS_IN_DATASET,,UNKNOWN_NO_WELLS_IN_DATASET,,UNKNOWN_NO_WELLS_IN_DATASET,,UNKNOWN_NO_WELLS_IN_DATASET
PIH-500-0472,500,500.3345837911755,0,EPSG:5880,DESCRIPTIVE_NO_PIH_SCORE,,,,,,,,0,0.0,,,,0,0.0,,,,0,0.0,,,,22,NONE,27.32505940042692,34.43198148380682,38.306045402187344,27.32505940042692,34.43198148380682,38.306045402187344,28.895555798495515,36.749784075561266,39.642970155462564,27.32505940042692,34.43198148380682,38.306045402187344,27.32505940042692,34.43198148380682,38.306045402187344,27.32505940042692,34.43198148380682,38.306045402187344,27.70486251552945,36.09662930282939,39.211921409599334,27.70486251552945,36.09662930282939,39.211921409599334,102.16508589868741,110.77462941095965,113.35702464898864,27.32505940042692,34.43198148380682,38.306045402187344,27.70486251552945,36.09662930282939,39.211921409599334,27.32505940042692,34.43198148380682,38.306045402187344,0,0,0,0,0,0,0,0,0,0,0,UNKNOWN_NO_WELLS_IN_DATASET,,UNKNOWN_NO_WELLS_IN_DATASET,,UNKNOWN_NO_WELLS_IN_DATASET,,UNKNOWN_NO_WELLS_IN_DATASET,,UNKNOWN_NO_WELLS_IN_DATASET,,UNKNOWN_NO_WELLS_IN_DATASET,,UNKNOWN_NO_WELLS_IN_DATASET,,UNKNOWN_NO_WELLS_IN_DATASET,,UNKNOWN_NO_WELLS_IN_DATASET,,UNKNOWN_NO_WELLS_IN_DATASET,,UNKNOWN_NO_WELLS_IN_DATASET,,UNKNOWN_NO_WELLS_IN_DATASET
PIH-500-0473,500,500.269084536599,0,EPSG:5880,DESCRIPTIVE_NO_PIH_SCORE,,,,,,,,0,0.0,,,,0,0.0,,,,0,0.0,,,,20,NONE,39.291880511354535,48.45741967382766,49.2152360880717,39.291880511354535,48.45741967382766,49.2152360880717,45.40014525766929,53.47600705839022,55.62899644295666,39.291880511354535,48.45741967382766,49.2152360880717,39.291880511354535,48.45741967382766,49.2152360880717,39.291880511354535,48.45741967382766,49.2152360880717,42.13474671091379,51.284711126483636,52.314132532830236,42.13474671091379,51.284711126483636,52.314132532830236,115.21041749998011,123.84483711269874,125.57072805313568,39.291880511354535,48.45741967382766,49.2152360880717,41.3622200678026,51.13020824684571,51.44346427325242,39.291880511354535,48.45741967382766,49.2152360880717,0,0,0,0,0,0,0,0,0,0,0,UNKNOWN_NO_WELLS_IN_DATASET,,UNKNOWN_NO_WELLS_IN_DATASET,,UNKNOWN_NO_WELLS_IN_DATASET,,UNKNOWN_NO_WELLS_IN_DATASET,,UNKNOWN_NO_WELLS_IN_DATASET,,UNKNOWN_NO_WELLS_IN_DATASET,,UNKNOWN_NO_WELLS_IN_DATASET,,UNKNOWN_NO_WELLS_IN_DATASET,,UNKNOWN_NO_WELLS_IN_DATASET,,UNKNOWN_NO_WELLS_IN_DATASET,,UNKNOWN_NO_WELLS_IN_DATASET,,UNKNOWN_NO_WELLS_IN_DATASET
PIH-500-0474,500,500.21072213894274,0,EPSG:5880,DESCRIPTIVE_NO_PIH_SCORE,,,,,,,,0,0.0,,,,0,0.0,,,,0,0.0,,,,18,NONE,54.10933652887321,60.51779606044753,62.63096348433881,54.10933652887321,60.51779606044753,62.63096348433881,56.73613490149424,62.50217220035653,64.55050861578734,54.32670096100115,60.51779606044753,62.63096348433881,54.32670096100115,60.51779606044753,62.63096348433881,54.32670096100115,60.51779606044753,62.63096348433881,55.46982304308475,61.49534514490134,63.43594968286719,55.46982304308475,61.49534514490134,63.43594968286719,120.54092337400478,127.31408942380924,130.82907277303846,54.10933652887321,60.65508352147028,65.56402440695224,55.075463593776306,61.43471476328968,62.63096348433881,54.10933652887321,60.51779606044753,62.63096348433881,0,0,0,0,0,0,0,0,0,0,0,UNKNOWN_NO_WELLS_IN_DATASET,,UNKNOWN_NO_WELLS_IN_DATASET,,UNKNOWN_NO_WELLS_IN_DATASET,,UNKNOWN_NO_WELLS_IN_DATASET,,UNKNOWN_NO_WELLS_IN_DATASET,,UNKNOWN_NO_WELLS_IN_DATASET,,UNKNOWN_NO_WELLS_IN_DATASET,,UNKNOWN_NO_WELLS_IN_DATASET,,UNKNOWN_NO_WELLS_IN_DATASET,,UNKNOWN_NO_WELLS_IN_DATASET,,UNKNOWN_NO_WELLS_IN_DATASET,,UNKNOWN_NO_WELLS_IN_DATASET
PIH-500-0475,500,500.15949560113387,0,EPSG:5880,DESCRIPTIVE_NO_PIH_SCORE,,,,,,,,0,0.0,,,,0,0.0,,,,0,0.0,,,,20,NONE,38.69877543561737,46.9119990388387,50.02924000165408,38.69877543561737,46.9119990388387,50.02924000165408,38.69877543561737,46.9119990388387,50.02924000165408,38.797606219785315,46.93314537414512,50.02924000165408,38.797606219785315,46.93314537414512,50.02924000165408,38.797606219785315,46.93314537414512,50.02924000165408,38.797606219785315,46.93314537414512,50.02924000165408,38.797606219785315,46.93314537414512,50.02924000165408,103.19928638638028,110.2385189800587,113.26232892480017,43.38554341947551,49.6481186600995,53.963951582348486,38.797606219785315,46.93314537414512,50.02924000165408,38.69877543561737,46.9119990388387,50.02924000165408,0,0,0,0,0,0,0,0,0,0,0,UNKNOWN_NO_WELLS_IN_DATASET,,UNKNOWN_NO_WELLS_IN_DATASET,,UNKNOWN_NO_WELLS_IN_DATASET,,UNKNOWN_NO_WELLS_IN_DATASET,,UNKNOWN_NO_WELLS_IN_DATASET,,UNKNOWN_NO_WELLS_IN_DATASET,,UNKNOWN_NO_WELLS_IN_DATASET,,UNKNOWN_NO_WELLS_IN_DATASET,,UNKNOWN_NO_WELLS_IN_DATASET,,UNKNOWN_NO_WELLS_IN_DATASET,,UNKNOWN_NO_WELLS_IN_DATASET,,UNKNOWN_NO_WELLS_IN_DATASET
PIH-500-0476,500,500.1154040679625,0,EPSG:5880,DESCRIPTIVE_NO_PIH_SCORE,,,,,,,,0,0.0,,,,0,0.0,,,,0,0.0,,,,21,NONE,18.38489698373701,25.453109888957783,29.276870537229815,18.38489698373701,25.453109888957783,29.276870537229815,18.38489698373701,25.453109888957783,29.276870537229815,18.38489698373701,25.453109888957783,29.276870537229815,18.38489698373701,25.453109888957783,29.276870537229815,18.38489698373701,25.453109888957783,29.276870537229815,18.38489698373701,25.453109888957783,29.276870537229815,18.38489698373701,25.453109888957783,29.276870537229815,89.55858691997918,96.54882685198487,100.60455061522129,24.58620764024471,33.96578698989694,35.54954250128071,18.38489698373701,25.453109888957783,29.276870537229815,18.38489698373701,26.252018552244504,29.276870537229815,0,0,0,0,0,0,0,0,0,0,0,UNKNOWN_NO_WELLS_IN_DATASET,,UNKNOWN_NO_WELLS_IN_DATASET,,UNKNOWN_NO_WELLS_IN_DATASET,,UNKNOWN_NO_WELLS_IN_DATASET,,UNKNOWN_NO_WELLS_IN_DATASET,,UNKNOWN_NO_WELLS_IN_DATASET,,UNKNOWN_NO_WELLS_IN_DATASET,,UNKNOWN_NO_WELLS_IN_DATASET,,UNKNOWN_NO_WELLS_IN_DATASET,,UNKNOWN_NO_WELLS_IN_DATASET,,UNKNOWN_NO_WELLS_IN_DATASET,,UNKNOWN_NO_WELLS_IN_DATASET
PIH-500-0477,500,500.07844682659453,1,EPSG:5880,DESCRIPTIVE_NO_PIH_SCORE,19.241680844946618,19.241680844946618,7.813391978696371,0.6192920147333548,,,,1,1.2498039136982098,0.0,,100.0,1,4.999215654792839,0.0,,100.0,1,14.656268426597755,0.0,,100.0,22,NONE,8.821339825469712,12.089952257582642,15.299815377214756,8.821339825469712,12.312660022075411,15.299815377214756,8.821339825469712,12.312660022075411,15.32822571393851,8.821339825469712,12.312660022075411,15.299815377214756,8.821339825469712,12.312660022075411,15.299815377214756,8.821339825469712,12.312660022075411,15.299815377214756,8.821339825469712,14.819640904395351,15.678206002248565,8.821339825469712,14.819640904395351,15.678206002248565,78.96259732098544,85.39124472211138,88.68255982726001,11.138300263373669,15.51834433810666,17.908540088748648,8.821339825469712,14.819640904395351,15.678206002248565,13.9981386572566,17.61366067446239,18.968223624623143,1,1,1,1,1,1,1,0,1,1,0,WELLS_PRESENT,100.0,EVIDENCE_PRESENT,100.0,EVIDENCE_PRESENT,100.0,EVIDENCE_PRESENT,100.0,EVIDENCE_PRESENT,100.0,EVIDENCE_PRESENT,100.0,EVIDENCE_PRESENT,100.0,EVIDENCE_PRESENT,0.0,NO_EVIDENCE_IN_AUDITED_WELLS,100.0,EVIDENCE_PRESENT,100.0,EVIDENCE_PRESENT,0.0,NO_REVIEW_FLAG_IN_AUDITED_WELLS
PIH-500-0478,500,500.0486233061334,13,EPSG:5880,DESCRIPTIVE_NO_PIH_SCORE,0.9665934034520743,2.156087898027499,4.506061574730395,0.35716257087361303,0.9665934034520743,2.156087898027499,0.25085398578065987,8,7.793817467838197,0.3846153846153846,0.9064315085556599,30.76923076923077,6,24.413139445270517,0.5384615384615384,0.8850355544046856,38.46153846153847,5,56.462739685441264,0.6153846153846154,0.8940282437120122,38.46153846153847,21,NONE,4.185286413421456,8.898599278786271,12.577055514839559,4.185286413421456,8.898599278786271,12.577055514839559,5.224654992370298,8.898599278786271,12.577055514839559,4.185286413421456,8.898599278786271,12.577055514839559,4.185286413421456,8.898599278786271,12.577055514839559,4.185286413421456,8.898599278786271,12.577055514839559,7.385400553697042,14.983747021203298,16.045905139805907,7.385400553697042,14.983747021203298,16.045905139805907,74.66690117478704,82.4939122344822,82.81254271268622,5.783992737875107,10.803764675246729,14.334883269965514,7.2353726788168125,12.521518421901622,16.045905139805907,5.053797044880687,9.038755548080209,13.050066287921895,11,8,11,10,10,3,3,0,4,6,8,WELLS_PRESENT,84.6154,EVIDENCE_PRESENT,61.5385,EVIDENCE_PRESENT,84.6154,EVIDENCE_PRESENT,76.9231,EVIDENCE_PRESENT,76.9231,EVIDENCE_PRESENT,23.0769,EVIDENCE_PRESENT,23.0769,EVIDENCE_PRESENT,0.0,NO_EVIDENCE_IN_AUDITED_WELLS,30.7692,EVIDENCE_PRESENT,46.1538,EVIDENCE_PRESENT,61.5385,REVIEW_REQUIRED_PRESENT
PIH-500-0479,500,500.02593307797946,0,EPSG:5880,DESCRIPTIVE_NO_PIH_SCORE,,,,,,,,0,0.0,,,,0,0.0,,,,0,0.0,,,,20,NONE,11.217462926611297,14.828231793465793,17.328828874110044,11.217462926611297,14.828231793465793,17.328828874110044,11.217462926611297,14.828231793465793,17.328828874110044,11.217462926611297,14.828231793465793,17.328828874110044,11.287798825731478,14.856944278914199,17.328828874110044,11.287798825731478,14.856944278914199,17.328828874110044,11.656377158673415,17.023018222691846,18.795396914854216,11.656377158673415,17.023018222691846,18.795396914854216,63.536963737556086,69.8803358733487,72.44288617558348,12.935678215870396,15.568940864546823,17.328828874110044,11.534936886873473,15.715351724160259,18.795396914854216,13.474310230236725,18.47782130265886,21.289055569577666,0,0,0,0,0,0,0,0,0,0,0,UNKNOWN_NO_WELLS_IN_DATASET,,UNKNOWN_NO_WELLS_IN_DATASET,,UNKNOWN_NO_WELLS_IN_DATASET,,UNKNOWN_NO_WELLS_IN_DATASET,,UNKNOWN_NO_WELLS_IN_DATASET,,UNKNOWN_NO_WELLS_IN_DATASET,,UNKNOWN_NO_WELLS_IN_DATASET,,UNKNOWN_NO_WELLS_IN_DATASET,,UNKNOWN_NO_WELLS_IN_DATASET,,UNKNOWN_NO_WELLS_IN_DATASET,,UNKNOWN_NO_WELLS_IN_DATASET,,UNKNOWN_NO_WELLS_IN_DATASET
PIH-500-0480,500,500.0103758556809,10,EPSG:5880,DESCRIPTIVE_NO_PIH_SCORE,0.8187628940994773,2.3556260659467787,4.306243182961075,0.34133748149311577,0.8187628940994773,2.3556260659467787,0.11970203041599667,7,8.74981842629355,0.30000000000000004,0.9426807148172599,30.0,4,19.533163458379196,0.6,0.6783898247235197,70.0,3,34.48998484876118,0.7,0.5816718657178868,80.0,18,NONE,3.619416647748526,7.86905338655035,9.350322629965527,3.619416647748526,7.86905338655035,9.350322629965527,4.072515092884419,7.86905338655035,9.350322629965527,3.619416647748526,7.86905338655035,9.350322629965527,3.619416647748526,7.86905338655035,9.350322629965527,4.06515220433725,7.925076727902874,11.238835839179837,9.53797522141856,12.302717965757031,14.749670449266375,9.53797522141856,12.302717965757031,14.749670449266375,40.967284258359555,48.53879365186945,52.17237468668212,4.58981615035849,7.86905338655035,9.350322629965527,9.53797522141856,12.288841601177898,14.749670449266375,5.78499328497648,11.837499671326333,14.129650708079351,10,9,10,10,9,2,2,0,7,3,4,WELLS_PRESENT,100.0,EVIDENCE_PRESENT,90.0,EVIDENCE_PRESENT,100.0,EVIDENCE_PRESENT,100.0,EVIDENCE_PRESENT,90.0,EVIDENCE_PRESENT,20.0,EVIDENCE_PRESENT,20.0,EVIDENCE_PRESENT,0.0,NO_EVIDENCE_IN_AUDITED_WELLS,70.0,EVIDENCE_PRESENT,30.0,EVIDENCE_PRESENT,40.0,REVIEW_REQUIRED_PRESENT
PIH-500-0481,500,500.00195149482005,3,EPSG:5880,DESCRIPTIVE_NO_PIH_SCORE,2.9186222245242193,7.69947631379168,6.413434210492564,0.5083697854768737,2.9186222245242193,17.292789804602375,0.06051563707352109,3,2.309276507485646,0.0,0.9999999999999998,33.33333333333333,2,8.080445214016812,0.33333333333333337,0.9182958340544894,66.66666666666666,2,22.123714764008025,0.33333333333333337,0.9182958340544894,66.66666666666666,21,NONE,6.783912974066881,10.461100602591888,12.137499312779148,6.783912974066881,10.461100602591888,12.137499312779148,6.783912974066881,10.461100602591888,12.137499312779148,6.783912974066881,10.461100602591888,12.137499312779148,6.783912974066881,10.461100602591888,12.137499312779148,6.783912974066881,10.940090968379105,12.137499312779148,10.940090968379105,14.620696534791792,15.648827578361635,10.940090968379105,14.620696534791792,15.648827578361635,26.442904538666003,33.51292253808107,36.573546375934754,7.9879350914289615,12.50046155804488,16.760976687480483,10.519094600987458,14.086280227035758,15.049284485396493,8.229773021200623,14.314161785352418,16.704078024813164,3,3,3,3,2,0,0,0,2,0,1,WELLS_PRESENT,100.0,EVIDENCE_PRESENT,100.0,EVIDENCE_PRESENT,100.0,EVIDENCE_PRESENT,100.0,EVIDENCE_PRESENT,66.6667,EVIDENCE_PRESENT,0.0,NO_EVIDENCE_IN_AUDITED_WELLS,0.0,NO_EVIDENCE_IN_AUDITED_WELLS,0.0,NO_EVIDENCE_IN_AUDITED_WELLS,66.6667,EVIDENCE_PRESENT,0.0,NO_EVIDENCE_IN_AUDITED_WELLS,33.3333,REVIEW_REQUIRED_PRESENT
PIH-500-0482,500,500.0006599932023,2,EPSG:5880,DESCRIPTIVE_NO_PIH_SCORE,4.528536167977269,5.426223968228864,9.893995889449583,0.7842623622134869,5.650645918291763,5.650645918291763,,2,2.09327453178085,0.0,1.0,50.0,2,7.487092870061909,0.0,1.0,50.0,2,27.31230704632381,0.0,1.0,50.0,21,NONE,8.289662482546738,12.588542538919365,13.164002705100957,8.289662482546738,12.63474542336804,13.164002705100957,8.289662482546738,12.63474542336804,13.164002705100957,8.289662482546738,12.63474542336804,13.164002705100957,8.289662482546738,12.63474542336804,13.164002705100957,8.289662482546738,12.63474542336804,13.164002705100957,12.901430801396074,19.77055449533397,23.853426752421154,12.901430801396074,19.77055449533397,23.853426752421154,25.31809704349214,33.4984921039846,36.246815919564796,18.860102458604338,25.61047885095297,28.711546238247607,12.901430801396074,19.77055449533397,23.8150714790067,9.87073147423787,13.164002705100957,16.297147544236573,2,2,2,2,2,0,0,0,0,0,2,WELLS_PRESENT,100.0,EVIDENCE_PRESENT,100.0,EVIDENCE_PRESENT,100.0,EVIDENCE_PRESENT,100.0,EVIDENCE_PRESENT,100.0,EVIDENCE_PRESENT,0.0,NO_EVIDENCE_IN_AUDITED_WELLS,0.0,NO_EVIDENCE_IN_AUDITED_WELLS,0.0,NO_EVIDENCE_IN_AUDITED_WELLS,0.0,NO_EVIDENCE_IN_AUDITED_WELLS,0.0,NO_EVIDENCE_IN_AUDITED_WELLS,100.0,REVIEW_REQUIRED_PRESENT
PIH-500-0483,500,500.0065014908611,1,EPSG:5880,DESCRIPTIVE_NO_PIH_SCORE,3.4064264176627757,3.4064264176627757,12.530067369722648,0.9932087036289636,,,,1,1.059489289119617,0.0,,100.0,1,2.8881881741578512,0.0,,100.0,1,8.642904127805979,0.0,,100.0,21,NONE,8.83758848750449,15.90863162359446,18.18520905229151,12.876927669466836,21.357736329318527,24.05221719500402,14.298447944082271,22.17870193545518,25.281131019985786,12.876927669466836,21.357736329318527,24.05221719500402,12.876927669466836,21.357736329318527,24.05221719500402,12.876927669466836,21.357736329318527,24.05221719500402,31.076874407501432,36.317443857248755,37.70498679088725,31.076874407501432,36.317443857248755,37.70498679088725,41.32477225790936,45.81942266369332,47.75495426904607,30.862317194504893,35.735560463050746,36.245951769233294,16.317422229149432,23.009388872228882,26.299864259435964,8.83758848750449,15.90863162359446,18.18520905229151,1,1,1,1,1,0,0,0,0,0,1,WELLS_PRESENT,100.0,EVIDENCE_PRESENT,100.0,EVIDENCE_PRESENT,100.0,EVIDENCE_PRESENT,100.0,EVIDENCE_PRESENT,100.0,EVIDENCE_PRESENT,0.0,NO_EVIDENCE_IN_AUDITED_WELLS,0.0,NO_EVIDENCE_IN_AUDITED_WELLS,0.0,NO_EVIDENCE_IN_AUDITED_WELLS,0.0,NO_EVIDENCE_IN_AUDITED_WELLS,0.0,NO_EVIDENCE_IN_AUDITED_WELLS,100.0,REVIEW_REQUIRED_PRESENT
PIH-500-0484,500,500.01947626980524,1,EPSG:5880,DESCRIPTIVE_NO_PIH_SCORE,13.495065370537011,13.495065370537011,5.656637192324634,0.4483733593843901,,,,1,1.2499513112220384,0.0,,100.0,1,4.999805244888154,0.0,,100.0,1,15.472587585698816,0.0,,100.0,21,NONE,9.072325032862906,13.742957428062008,17.166313960333607,18.76689140630104,26.75403606796919,27.942130013850903,20.435122933082145,27.855361858523953,28.79249404781582,18.76689140630104,26.75403606796919,27.942130013850903,18.76689140630104,26.75403606796919,27.942130013850903,18.76689140630104,26.75403606796919,27.942130013850903,20.45532343116056,27.855361858523953,29.931516695362497,20.45532343116056,27.855361858523953,29.931516695362497,35.192933933879814,44.3401767756681,46.373097621520486,20.435122933082145,27.855361858523953,28.79249404781582,18.76689140630104,26.75403606796919,29.931516695362497,9.072325032862906,13.742957428062008,17.166313960333607,0,0,0,0,0,0,0,0,0,0,1,WELLS_PRESENT,0.0,NO_EVIDENCE_IN_AUDITED_WELLS,0.0,NO_EVIDENCE_IN_AUDITED_WELLS,0.0,NO_EVIDENCE_IN_AUDITED_WELLS,0.0,NO_EVIDENCE_IN_AUDITED_WELLS,0.0,NO_EVIDENCE_IN_AUDITED_WELLS,0.0,NO_EVIDENCE_IN_AUDITED_WELLS,0.0,NO_EVIDENCE_IN_AUDITED_WELLS,0.0,NO_EVIDENCE_IN_AUDITED_WELLS,0.0,NO_EVIDENCE_IN_AUDITED_WELLS,0.0,NO_EVIDENCE_IN_AUDITED_WELLS,100.0,REVIEW_REQUIRED_PRESENT
PIH-500-0485,500,500.03958475439094,1,EPSG:5880,DESCRIPTIVE_NO_PIH_SCORE,13.495065370537011,13.495065370537011,10.515284790421,0.8334773126978073,,,,1,1.2499010459481663,0.0,,100.0,1,4.850159392428911,0.0,,100.0,1,13.939224578857424,0.0,,100.0,18,NONE,11.441587031641626,17.215833165268762,21.320448240050826,21.60480241724916,28.59443631171286,30.431047421869103,21.60480241724916,28.59443631171286,30.431047421869103,21.60480241724916,28.59443631171286,30.431047421869103,21.60480241724916,28.59443631171286,30.431047421869103,21.60480241724916,28.59443631171286,30.431047421869103,21.652334800686113,28.59443631171286,30.431047421869103,21.652334800686113,28.59443631171286,30.431047421869103,31.513205730959477,39.770587912787946,42.35548068325554,21.60480241724916,28.59443631171286,30.431047421869103,21.652334800686113,28.59443631171286,30.431047421869103,11.441587031641626,17.25687364459092,21.320448240050826,0,0,0,0,0,0,0,0,0,0,1,WELLS_PRESENT,0.0,NO_EVIDENCE_IN_AUDITED_WELLS,0.0,NO_EVIDENCE_IN_AUDITED_WELLS,0.0,NO_EVIDENCE_IN_AUDITED_WELLS,0.0,NO_EVIDENCE_IN_AUDITED_WELLS,0.0,NO_EVIDENCE_IN_AUDITED_WELLS,0.0,NO_EVIDENCE_IN_AUDITED_WELLS,0.0,NO_EVIDENCE_IN_AUDITED_WELLS,0.0,NO_EVIDENCE_IN_AUDITED_WELLS,0.0,NO_EVIDENCE_IN_AUDITED_WELLS,0.0,NO_EVIDENCE_IN_AUDITED_WELLS,100.0,REVIEW_REQUIRED_PRESENT
PIH-500-0486,500,500.06682751097264,0,EPSG:5880,DESCRIPTIVE_NO_PIH_SCORE,,,,,,,,0,0.0,,,,0,0.0,,,,0,0.0,,,,21,NONE,26.803620828508322,30.166745868875953,32.03364595748949,28.93150996487175,33.15474546357478,36.57049311970547,28.93150996487175,33.15474546357478,36.57049311970547,28.93150996487175,33.15474546357478,36.57049311970547,28.93150996487175,33.15474546357478,36.57049311970547,28.93150996487175,33.15474546357478,36.57049311970547,40.21075547755395,48.23044795681231,50.19301860909165,40.21075547755395,48.23044795681231,50.19301860909165,43.077362905442214,50.560212794640634,53.590318261060645,28.93150996487175,33.15474546357478,36.57049311970547,40.21075547755395,48.23044795681231,50.19301860909165,26.803620828508322,30.166745868875953,32.03364595748949,0,0,0,0,0,0,0,0,0,0,0,UNKNOWN_NO_WELLS_IN_DATASET,,UNKNOWN_NO_WELLS_IN_DATASET,,UNKNOWN_NO_WELLS_IN_DATASET,,UNKNOWN_NO_WELLS_IN_DATASET,,UNKNOWN_NO_WELLS_IN_DATASET,,UNKNOWN_NO_WELLS_IN_DATASET,,UNKNOWN_NO_WELLS_IN_DATASET,,UNKNOWN_NO_WELLS_IN_DATASET,,UNKNOWN_NO_WELLS_IN_DATASET,,UNKNOWN_NO_WELLS_IN_DATASET,,UNKNOWN_NO_WELLS_IN_DATASET,,UNKNOWN_NO_WELLS_IN_DATASET
PIH-500-0487,500,500.10120524809287,3,EPSG:5880,DESCRIPTIVE_NO_PIH_SCORE,0.7406360931393701,5.02680661785627,7.827221408265246,0.6203740235054866,0.7406360931393701,5.02680661785627,0.0038297965704698054,2,2.414360225128367,0.33333333333333337,0.9182958340544894,66.66666666666666,2,9.831490162080728,0.33333333333333337,0.9182958340544894,66.66666666666666,1,19.64785408617519,0.6666666666666667,,100.0,20,NONE,9.993307672304127,16.662719757099623,17.780353659110702,9.993307672304127,16.662719757099623,17.780353659110702,9.993307672304127,16.662719757099623,17.780353659110702,9.993307672304127,16.662719757099623,17.780353659110702,9.993307672304127,16.662719757099623,17.780353659110702,9.993307672304127,16.662719757099623,17.780353659110702,51.001830519148484,54.837469709414684,55.69937589717187,51.001830519148484,54.837469709414684,55.69937589717187,61.788620525037636,69.55888272744632,73.6660738291705,9.993307672304127,16.662719757099623,17.780353659110702,51.001830519148484,54.837469709414684,55.69937589717187,9.993307672304127,16.662719757099623,17.780353659110702,3,3,3,3,3,0,0,0,3,0,3,WELLS_PRESENT,100.0,EVIDENCE_PRESENT,100.0,EVIDENCE_PRESENT,100.0,EVIDENCE_PRESENT,100.0,EVIDENCE_PRESENT,100.0,EVIDENCE_PRESENT,0.0,NO_EVIDENCE_IN_AUDITED_WELLS,0.0,NO_EVIDENCE_IN_AUDITED_WELLS,0.0,NO_EVIDENCE_IN_AUDITED_WELLS,100.0,EVIDENCE_PRESENT,0.0,NO_EVIDENCE_IN_AUDITED_WELLS,100.0,REVIEW_REQUIRED_PRESENT
PIH-500-0488,500,500.142718816536,0,EPSG:5880,DESCRIPTIVE_NO_PIH_SCORE,,,,,,,,0,0.0,,,,0,0.0,,,,0,0.0,,,,19,NONE,15.937538434613927,24.810911640317126,26.28819803325326,15.937538434613927,24.810911640317126,26.28819803325326,15.937538434613927,24.810911640317126,26.28819803325326,15.937538434613927,24.810911640317126,26.28819803325326,15.937538434613927,24.810911640317126,26.28819803325326,15.937538434613927,24.810911640317126,26.28819803325326,36.5030744035395,42.49127328547267,44.2405193972505,36.5030744035395,42.49127328547267,44.2405193972505,82.50978499771803,90.36433698921533,94.41599761054192,15.937538434613927,24.810911640317126,26.28819803325326,36.5030744035395,42.49127328547267,44.2405193972505,15.937538434613927,24.810911640317126,26.28819803325326,0,0,0,0,0,0,0,0,0,0,0,UNKNOWN_NO_WELLS_IN_DATASET,,UNKNOWN_NO_WELLS_IN_DATASET,,UNKNOWN_NO_WELLS_IN_DATASET,,UNKNOWN_NO_WELLS_IN_DATASET,,UNKNOWN_NO_WELLS_IN_DATASET,,UNKNOWN_NO_WELLS_IN_DATASET,,UNKNOWN_NO_WELLS_IN_DATASET,,UNKNOWN_NO_WELLS_IN_DATASET,,UNKNOWN_NO_WELLS_IN_DATASET,,UNKNOWN_NO_WELLS_IN_DATASET,,UNKNOWN_NO_WELLS_IN_DATASET,,UNKNOWN_NO_WELLS_IN_DATASET
PIH-500-0489,500,500.1913692090851,0,EPSG:5880,DESCRIPTIVE_NO_PIH_SCORE,,,,,,,,0,0.0,,,,0,0.0,,,,0,0.0,,,,21,NONE,29.93462422628615,34.92870825246826,37.1931523061779,29.93462422628615,34.92870825246826,37.1931523061779,29.93462422628615,34.92870825246826,37.1931523061779,29.93462422628615,34.92870825246826,37.1931523061779,29.93462422628615,34.92870825246826,37.1931523061779,29.93462422628615,34.92870825246826,37.1931523061779,29.93462422628615,35.506895472949914,37.1931523061779,29.93462422628615,35.506895472949914,37.1931523061779,97.79390423345984,105.45948659616847,108.6210568453964,29.93462422628615,35.506895472949914,39.92427322823963,29.93462422628615,35.506895472949914,37.1931523061779,29.93462422628615,35.506895472949914,39.92427322823963,0,0,0,0,0,0,0,0,0,0,0,UNKNOWN_NO_WELLS_IN_DATASET,,UNKNOWN_NO_WELLS_IN_DATASET,,UNKNOWN_NO_WELLS_IN_DATASET,,UNKNOWN_NO_WELLS_IN_DATASET,,UNKNOWN_NO_WELLS_IN_DATASET,,UNKNOWN_NO_WELLS_IN_DATASET,,UNKNOWN_NO_WELLS_IN_DATASET,,UNKNOWN_NO_WELLS_IN_DATASET,,UNKNOWN_NO_WELLS_IN_DATASET,,UNKNOWN_NO_WELLS_IN_DATASET,,UNKNOWN_NO_WELLS_IN_DATASET,,UNKNOWN_NO_WELLS_IN_DATASET
PIH-500-0490,500,500.2471575606969,0,EPSG:5880,DESCRIPTIVE_NO_PIH_SCORE,,,,,,,,0,0.0,,,,0,0.0,,,,0,0.0,,,,18,NONE,18.728780868255974,24.26855953108003,25.205319484106738,18.728780868255974,24.26855953108003,25.205319484106738,18.728780868255974,24.26855953108003,25.205319484106738,18.728780868255974,24.26855953108003,25.205319484106738,18.728780868255974,24.26855953108003,25.205319484106738,18.728780868255974,24.26855953108003,25.205319484106738,18.728780868255974,24.26855953108003,25.205319484106738,18.728780868255974,24.26855953108003,25.205319484106738,98.27406298544685,106.25149459850847,108.57862688877557,18.79976622155604,24.26855953108003,25.205319484106738,18.728780868255974,24.26855953108003,25.205319484106738,18.83060362816947,24.526997398222807,25.24966438780711,0,0,0,0,0,0,0,0,0,0,0,UNKNOWN_NO_WELLS_IN_DATASET,,UNKNOWN_NO_WELLS_IN_DATASET,,UNKNOWN_NO_WELLS_IN_DATASET,,UNKNOWN_NO_WELLS_IN_DATASET,,UNKNOWN_NO_WELLS_IN_DATASET,,UNKNOWN_NO_WELLS_IN_DATASET,,UNKNOWN_NO_WELLS_IN_DATASET,,UNKNOWN_NO_WELLS_IN_DATASET,,UNKNOWN_NO_WELLS_IN_DATASET,,UNKNOWN_NO_WELLS_IN_DATASET,,UNKNOWN_NO_WELLS_IN_DATASET,,UNKNOWN_NO_WELLS_IN_DATASET
PIH-500-0491,500,500.3100851485305,18,EPSG:5880,DESCRIPTIVE_NO_PIH_SCORE,0.09686582594628149,1.6818365990902708,5.716846667889872,0.453014237886819,0.09686582594628149,1.6818365990902708,0.05244882192897803,5,6.246126337973499,0.7222222222222222,0.7237762344865025,61.111111111111114,4,19.987604281515196,0.7777777777777778,0.5487689199209769,77.77777777777779,2,36.13481598909555,0.8888888888888888,0.5032583347756457,88.88888888888889,21,NONE,5.654780082786154,10.861819885304488,12.131527632488682,5.654780082786154,10.861819885304488,12.131527632488682,5.654780082786154,10.861819885304488,12.131527632488682,5.654780082786154,10.861819885304488,12.131527632488682,5.654780082786154,10.861819885304488,12.131527632488682,5.907599782456708,10.861819885304488,12.131527632488682,7.401346011899451,11.63485897706916,12.131527632488682,7.401346011899451,11.63485897706916,12.131527632488682,84.30916090330763,92.45933074077486,95.31546979077142,5.907599782456708,12.121665712624624,15.133887688743682,6.649308659884553,11.5837301461377,12.131527632488682,7.401346011899451,14.43986303278085,15.765052587132153,18,16,16,16,15,10,10,0,7,14,9,WELLS_PRESENT,100.0,EVIDENCE_PRESENT,88.8889,EVIDENCE_PRESENT,88.8889,EVIDENCE_PRESENT,88.8889,EVIDENCE_PRESENT,83.3333,EVIDENCE_PRESENT,55.5556,EVIDENCE_PRESENT,55.5556,EVIDENCE_PRESENT,0.0,NO_EVIDENCE_IN_AUDITED_WELLS,38.8889,EVIDENCE_PRESENT,77.7778,EVIDENCE_PRESENT,50.0,REVIEW_REQUIRED_PRESENT
PIH-500-0492,500,500.38015339176627,0,EPSG:5880,DESCRIPTIVE_NO_PIH_SCORE,,,,,,,,0,0.0,,,,0,0.0,,,,0,0.0,,,,20,NONE,22.73054966460429,30.754236882182205,32.209060428152036,22.73054966460429,30.754236882182205,32.209060428152036,22.73054966460429,30.754236882182205,32.209060428152036,22.73054966460429,30.754236882182205,32.209060428152036,22.73054966460429,30.754236882182205,32.209060428152036,22.73054966460429,30.754236882182205,32.209060428152036,24.826540784493353,33.70031473788008,34.28522574009403,24.826540784493353,33.70031473788008,34.28522574009403,67.29173696663187,74.79060371734239,78.71857470643782,23.196876784422265,31.854157512766417,33.356715865427944,24.826540784493353,32.96065441055149,34.28522574009403,28.124034270380474,33.21398101227,35.2545188900897,0,0,0,0,0,0,0,0,0,0,0,UNKNOWN_NO_WELLS_IN_DATASET,,UNKNOWN_NO_WELLS_IN_DATASET,,UNKNOWN_NO_WELLS_IN_DATASET,,UNKNOWN_NO_WELLS_IN_DATASET,,UNKNOWN_NO_WELLS_IN_DATASET,,UNKNOWN_NO_WELLS_IN_DATASET,,UNKNOWN_NO_WELLS_IN_DATASET,,UNKNOWN_NO_WELLS_IN_DATASET,,UNKNOWN_NO_WELLS_IN_DATASET,,UNKNOWN_NO_WELLS_IN_DATASET,,UNKNOWN_NO_WELLS_IN_DATASET,,UNKNOWN_NO_WELLS_IN_DATASET
PIH-500-0493,500,500.45736385176053,0,EPSG:5880,DESCRIPTIVE_NO_PIH_SCORE,,,,,,,,0,0.0,,,,0,0.0,,,,0,0.0,,,,20,NONE,22.331046989075304,30.72148685261645,32.52247754257103,22.331046989075304,30.72148685261645,32.52247754257103,22.66015425041734,31.404199958919925,32.52247754257103,22.66015425041734,31.404199958919925,32.52247754257103,22.66015425041734,31.404199958919925,32.52247754257103,22.66015425041734,31.404199958919925,32.52247754257103,22.66015425041734,31.404199958919925,32.52247754257103,22.66015425041734,31.404199958919925,32.52247754257103,49.391960159478614,58.14153162415367,60.673650271631715,22.944350884690806,31.729862076699238,32.73738493657241,22.66015425041734,31.404199958919925,32.52247754257103,22.331046989075304,30.72148685261645,32.52247754257103,0,0,0,0,0,0,0,0,0,0,0,UNKNOWN_NO_WELLS_IN_DATASET,,UNKNOWN_NO_WELLS_IN_DATASET,,UNKNOWN_NO_WELLS_IN_DATASET,,UNKNOWN_NO_WELLS_IN_DATASET,,UNKNOWN_NO_WELLS_IN_DATASET,,UNKNOWN_NO_WELLS_IN_DATASET,,UNKNOWN_NO_WELLS_IN_DATASET,,UNKNOWN_NO_WELLS_IN_DATASET,,UNKNOWN_NO_WELLS_IN_DATASET,,UNKNOWN_NO_WELLS_IN_DATASET,,UNKNOWN_NO_WELLS_IN_DATASET,,UNKNOWN_NO_WELLS_IN_DATASET
PIH-500-0494,500,500.5417182318009,21,EPSG:5880,DESCRIPTIVE_NO_PIH_SCORE,0.1853427543785927,1.193155578956786,3.138595859604278,0.24865099062012272,0.1853427543785927,1.193155578956786,0.02199005905272702,6,7.491883020754275,0.7142857142857143,0.7252182292244584,47.61904761904761,4,19.978354722011403,0.8095238095238095,0.7186885255558024,52.38095238095239,2,37.73469059968487,0.9047619047619048,0.9852281360342515,57.14285714285714,20,NONE,6.199429824692306,9.853217961701983,11.152068717216297,6.199429824692306,9.853217961701983,11.152068717216297,6.528262206279004,10.517014914101482,11.152068717216297,6.528262206279004,10.081857349056534,11.152068717216297,6.528262206279004,10.081857349056534,11.152068717216297,6.528262206279004,10.081857349056534,11.152068717216297,7.283044299779337,11.783281511916902,12.450301288903885,7.283044299779337,11.783281511916902,12.450301288903885,40.0226375730897,47.37615425573752,50.663453601351776,6.902815951187113,10.517014914101482,11.152068717216297,7.226093882319506,11.63649855052423,12.256587134787072,6.705117356846587,10.750351067362296,11.152068717216297,20,14,14,14,13,4,4,0,8,8,17,WELLS_PRESENT,95.2381,EVIDENCE_PRESENT,66.6667,EVIDENCE_PRESENT,66.6667,EVIDENCE_PRESENT,66.6667,EVIDENCE_PRESENT,61.9048,EVIDENCE_PRESENT,19.0476,EVIDENCE_PRESENT,19.0476,EVIDENCE_PRESENT,0.0,NO_EVIDENCE_IN_AUDITED_WELLS,38.0952,EVIDENCE_PRESENT,38.0952,EVIDENCE_PRESENT,80.9524,REVIEW_REQUIRED_PRESENT
PIH-500-0495,500,51.96011401792533,0,EPSG:5880,DESCRIPTIVE_NO_PIH_SCORE,,,,,,,,0,0.0,,,,0,0.0,,,,0,0.0,,,,0,REPRESENTATIVE_POINT,10.422771815395206,10.422771815395206,10.422771815395206,10.422771815395206,10.422771815395206,10.422771815395206,10.422771815395206,10.422771815395206,10.422771815395206,10.422771815395206,10.422771815395206,10.422771815395206,10.422771815395206,10.422771815395206,10.422771815395206,10.422771815395206,10.422771815395206,10.422771815395206,12.646313419377355,12.646313419377355,12.646313419377355,12.646313419377355,12.646313419377355,12.646313419377355,41.13717930830897,41.13717930830897,41.13717930830897,10.422771815395206,10.422771815395206,10.422771815395206,12.561471485646312,12.561471485646312,12.561471485646312,12.442725178967343,12.442725178967343,12.442725178967343,0,0,0,0,0,0,0,0,0,0,0,UNKNOWN_NO_WELLS_IN_DATASET,,UNKNOWN_NO_WELLS_IN_DATASET,,UNKNOWN_NO_WELLS_IN_DATASET,,UNKNOWN_NO_WELLS_IN_DATASET,,UNKNOWN_NO_WELLS_IN_DATASET,,UNKNOWN_NO_WELLS_IN_DATASET,,UNKNOWN_NO_WELLS_IN_DATASET,,UNKNOWN_NO_WELLS_IN_DATASET,,UNKNOWN_NO_WELLS_IN_DATASET,,UNKNOWN_NO_WELLS_IN_DATASET,,UNKNOWN_NO_WELLS_IN_DATASET,,UNKNOWN_NO_WELLS_IN_DATASET
PIH-500-0496,500,442.00734628803235,0,EPSG:5880,DESCRIPTIVE_NO_PIH_SCORE,,,,,,,,0,0.0,,,,0,0.0,,,,0,0.0,,,,20,NONE,22.200866344636896,28.462217833331177,32.91767309894705,22.200866344636896,28.462217833331177,32.91767309894705,22.200866344636896,28.462217833331177,32.91767309894705,22.200866344636896,28.462217833331177,32.91767309894705,22.200866344636896,28.462217833331177,32.91767309894705,22.200866344636896,28.462217833331177,32.91767309894705,48.09727993845937,58.21999537123488,59.78712678054327,48.09727993845937,58.21999537123488,59.78712678054327,63.828617612641544,72.79085151536708,75.21866265094548,43.31665519254636,52.94051349980543,56.71509122296549,47.06310674768453,55.329031508803794,59.78712678054327,22.200866344636896,28.462217833331177,32.91767309894705,0,0,0,0,0,0,0,0,0,0,0,UNKNOWN_NO_WELLS_IN_DATASET,,UNKNOWN_NO_WELLS_IN_DATASET,,UNKNOWN_NO_WELLS_IN_DATASET,,UNKNOWN_NO_WELLS_IN_DATASET,,UNKNOWN_NO_WELLS_IN_DATASET,,UNKNOWN_NO_WELLS_IN_DATASET,,UNKNOWN_NO_WELLS_IN_DATASET,,UNKNOWN_NO_WELLS_IN_DATASET,,UNKNOWN_NO_WELLS_IN_DATASET,,UNKNOWN_NO_WELLS_IN_DATASET,,UNKNOWN_NO_WELLS_IN_DATASET,,UNKNOWN_NO_WELLS_IN_DATASET
PIH-500-0497,500,500.93468390578784,0,EPSG:5880,DESCRIPTIVE_NO_PIH_SCORE,,,,,,,,0,0.0,,,,0,0.0,,,,0,0.0,,,,21,NONE,20.241994308061813,24.656065035790014,26.472323030953206,20.241994308061813,24.656065035790014,26.472323030953206,21.553332194758728,26.472323030953206,27.723636740327514,20.241994308061813,24.656065035790014,26.472323030953206,20.241994308061813,24.656065035790014,26.472323030953206,20.241994308061813,24.656065035790014,26.472323030953206,33.6075564974873,41.0622404018583,44.246110106658236,33.6075564974873,41.0622404018583,44.246110106658236,55.25058047318306,63.77284755399989,68.03732955213488,29.637819242492366,37.71010400389792,40.85752243535998,27.30736341718028,36.96683121194672,37.430983509417985,20.241994308061813,24.656065035790014,26.472323030953206,0,0,0,0,0,0,0,0,0,0,0,UNKNOWN_NO_WELLS_IN_DATASET,,UNKNOWN_NO_WELLS_IN_DATASET,,UNKNOWN_NO_WELLS_IN_DATASET,,UNKNOWN_NO_WELLS_IN_DATASET,,UNKNOWN_NO_WELLS_IN_DATASET,,UNKNOWN_NO_WELLS_IN_DATASET,,UNKNOWN_NO_WELLS_IN_DATASET,,UNKNOWN_NO_WELLS_IN_DATASET,,UNKNOWN_NO_WELLS_IN_DATASET,,UNKNOWN_NO_WELLS_IN_DATASET,,UNKNOWN_NO_WELLS_IN_DATASET,,UNKNOWN_NO_WELLS_IN_DATASET
PIH-500-0498,500,500.8227421745146,1,EPSG:5880,DESCRIPTIVE_NO_PIH_SCORE,23.38850930802189,23.38850930802189,8.441406368447042,0.6685712901015327,,,,1,1.2479465235271108,0.0,,100.0,1,4.991786094108443,0.0,,100.0,1,14.032285921899224,0.0,,100.0,18,NONE,9.679238207584614,13.887388879007366,17.394061799286636,9.679238207584614,13.887388879007366,17.394061799286636,9.679238207584614,13.887388879007366,17.394061799286636,9.679238207584614,13.887388879007366,17.394061799286636,9.679238207584614,13.887388879007366,17.394061799286636,9.679238207584614,13.887388879007366,17.394061799286636,18.1259800063052,24.816133959308583,28.16539723249374,18.1259800063052,24.816133959308583,28.16539723249374,56.79510935453159,64.52818648587903,66.97730788597613,29.166357992197554,36.30178916908156,39.566238516936856,9.679238207584614,13.887388879007366,17.394061799286636,9.679238207584614,13.887388879007366,17.394061799286636,1,1,1,1,1,0,0,0,0,1,1,WELLS_PRESENT,100.0,EVIDENCE_PRESENT,100.0,EVIDENCE_PRESENT,100.0,EVIDENCE_PRESENT,100.0,EVIDENCE_PRESENT,100.0,EVIDENCE_PRESENT,0.0,NO_EVIDENCE_IN_AUDITED_WELLS,0.0,NO_EVIDENCE_IN_AUDITED_WELLS,0.0,NO_EVIDENCE_IN_AUDITED_WELLS,0.0,NO_EVIDENCE_IN_AUDITED_WELLS,100.0,EVIDENCE_PRESENT,100.0,REVIEW_REQUIRED_PRESENT
PIH-500-0499,500,500.717947221711,0,EPSG:5880,DESCRIPTIVE_NO_PIH_SCORE,,,,,,,,0,0.0,,,,0,0.0,,,,0,0.0,,,,20,NONE,15.630623528707822,19.763774242064418,20.311979249969212,17.153159554183638,22.16282020352792,23.382025388556354,17.153159554183638,22.16282020352792,23.382025388556354,17.153159554183638,22.16282020352792,23.382025388556354,17.153159554183638,22.16282020352792,23.382025388556354,17.153159554183638,22.16282020352792,23.382025388556354,23.00821164573838,31.170193346468448,34.57910978982274,23.00821164573838,31.170193346468448,34.57910978982274,67.38349277368526,75.47944411474285,79.27946665715939,26.56314867714566,33.199236125700125,37.304590763683336,18.30216316613577,28.07952867494017,28.591039587643177,15.630623528707822,19.763774242064418,20.311979249969212,0,0,0,0,0,0,0,0,0,0,0,UNKNOWN_NO_WELLS_IN_DATASET,,UNKNOWN_NO_WELLS_IN_DATASET,,UNKNOWN_NO_WELLS_IN_DATASET,,UNKNOWN_NO_WELLS_IN_DATASET,,UNKNOWN_NO_WELLS_IN_DATASET,,UNKNOWN_NO_WELLS_IN_DATASET,,UNKNOWN_NO_WELLS_IN_DATASET,,UNKNOWN_NO_WELLS_IN_DATASET,,UNKNOWN_NO_WELLS_IN_DATASET,,UNKNOWN_NO_WELLS_IN_DATASET,,UNKNOWN_NO_WELLS_IN_DATASET,,UNKNOWN_NO_WELLS_IN_DATASET
PIH-500-0500,500,500.6202971379293,3,EPSG:5880,DESCRIPTIVE_NO_PIH_SCORE,1.6318295655171506,7.543854185045301,0.5330451122074841,0.0422264600477066,1.6318295655171506,8.946750211024291,0.017540194696223328,3,3.745353535842367,0.0,0.9999999999999998,33.33333333333333,2,9.987609428912979,0.33333333333333337,0.9182958340544894,66.66666666666666,2,35.53566514494755,0.33333333333333337,0.9182958340544894,66.66666666666666,21,NONE,6.08939065321995,10.333206283277773,11.088594064425552,10.831063611639957,16.281107760053427,20.129398834603357,10.831063611639957,16.281107760053427,20.129398834603357,10.831063611639957,16.281107760053427,20.129398834603357,10.831063611639957,16.281107760053427,20.129398834603357,10.831063611639957,16.281107760053427,20.129398834603357,44.24980856022462,51.35818930464805,53.466362002334144,44.24980856022462,51.35818930464805,53.466362002334144,85.76096698475344,92.86901034724282,96.61525705205392,10.831063611639957,16.281107760053427,20.129398834603357,43.044244589380874,51.35818930464805,53.216092295619035,6.08939065321995,10.333206283277773,11.088594064425552,1,1,1,1,1,0,0,0,1,0,3,WELLS_PRESENT,33.3333,EVIDENCE_PRESENT,33.3333,EVIDENCE_PRESENT,33.3333,EVIDENCE_PRESENT,33.3333,EVIDENCE_PRESENT,33.3333,EVIDENCE_PRESENT,0.0,NO_EVIDENCE_IN_AUDITED_WELLS,0.0,NO_EVIDENCE_IN_AUDITED_WELLS,0.0,NO_EVIDENCE_IN_AUDITED_WELLS,33.3333,EVIDENCE_PRESENT,0.0,NO_EVIDENCE_IN_AUDITED_WELLS,100.0,REVIEW_REQUIRED_PRESENT
PIH-500-0501,500,500.52979015497766,0,EPSG:5880,DESCRIPTIVE_NO_PIH_SCORE,,,,,,,,0,0.0,,,,0,0.0,,,,0,0.0,,,,21,NONE,24.449673599040732,33.91200389485335,34.48027941245849,24.449673599040732,33.91200389485335,35.38394172764459,24.449673599040732,33.91200389485335,35.38394172764459,24.449673599040732,33.91200389485335,35.38394172764459,24.449673599040732,33.91200389485335,35.38394172764459,24.449673599040732,33.91200389485335,35.38394172764459,46.550191573448565,53.982026292897466,55.738653938843804,46.550191573448565,53.982026292897466,55.738653938843804,103.00280434116863,108.86153976470625,111.71073058064471,24.449673599040732,33.91200389485335,35.38394172764459,46.550191573448565,53.982026292897466,55.692329540659486,24.449673599040732,33.91200389485335,34.48027941245849,0,0,0,0,0,0,0,0,0,0,0,UNKNOWN_NO_WELLS_IN_DATASET,,UNKNOWN_NO_WELLS_IN_DATASET,,UNKNOWN_NO_WELLS_IN_DATASET,,UNKNOWN_NO_WELLS_IN_DATASET,,UNKNOWN_NO_WELLS_IN_DATASET,,UNKNOWN_NO_WELLS_IN_DATASET,,UNKNOWN_NO_WELLS_IN_DATASET,,UNKNOWN_NO_WELLS_IN_DATASET,,UNKNOWN_NO_WELLS_IN_DATASET,,UNKNOWN_NO_WELLS_IN_DATASET,,UNKNOWN_NO_WELLS_IN_DATASET,,UNKNOWN_NO_WELLS_IN_DATASET
PIH-500-0502,500,500.4464246460872,0,EPSG:5880,DESCRIPTIVE_NO_PIH_SCORE,,,,,,,,0,0.0,,,,0,0.0,,,,0,0.0,,,,21,NONE,37.38843866259081,42.85800293822896,47.48358154291707,37.38843866259081,42.85800293822896,47.48358154291707,37.38843866259081,42.85800293822896,47.48358154291707,37.38843866259081,42.85800293822896,47.48358154291707,37.38843866259081,42.85800293822896,47.48358154291707,37.38843866259081,42.85800293822896,47.48358154291707,37.38843866259081,43.19464603299729,47.48358154291707,37.38843866259081,43.19464603299729,47.48358154291707,113.50310864569126,119.58740894742527,121.26152371536489,37.38843866259081,42.85800293822896,47.48358154291707,37.38843866259081,43.19464603299729,47.48358154291707,37.38843866259081,42.85800293822896,47.48358154291707,0,0,0,0,0,0,0,0,0,0,0,UNKNOWN_NO_WELLS_IN_DATASET,,UNKNOWN_NO_WELLS_IN_DATASET,,UNKNOWN_NO_WELLS_IN_DATASET,,UNKNOWN_NO_WELLS_IN_DATASET,,UNKNOWN_NO_WELLS_IN_DATASET,,UNKNOWN_NO_WELLS_IN_DATASET,,UNKNOWN_NO_WELLS_IN_DATASET,,UNKNOWN_NO_WELLS_IN_DATASET,,UNKNOWN_NO_WELLS_IN_DATASET,,UNKNOWN_NO_WELLS_IN_DATASET,,UNKNOWN_NO_WELLS_IN_DATASET,,UNKNOWN_NO_WELLS_IN_DATASET
PIH-500-0503,500,500.3701991255096,0,EPSG:5880,DESCRIPTIVE_NO_PIH_SCORE,,,,,,,,0,0.0,,,,0,0.0,,,,0,0.0,,,,18,NONE,41.34898741576441,50.035397234593695,52.02315637648017,41.34898741576441,50.035397234593695,52.02315637648017,41.34898741576441,50.035397234593695,52.02315637648017,41.34898741576441,50.035397234593695,52.02315637648017,41.34898741576441,50.035397234593695,52.02315637648017,41.34898741576441,50.035397234593695,52.02315637648017,41.34898741576441,50.035397234593695,52.02315637648017,41.34898741576441,50.035397234593695,52.02315637648017,117.07253221324643,126.00426829015946,128.6678396473343,41.34898741576441,50.035397234593695,52.02315637648017,41.34898741576441,50.035397234593695,52.02315637648017,41.34898741576441,50.035397234593695,52.02315637648017,0,0,0,0,0,0,0,0,0,0,0,UNKNOWN_NO_WELLS_IN_DATASET,,UNKNOWN_NO_WELLS_IN_DATASET,,UNKNOWN_NO_WELLS_IN_DATASET,,UNKNOWN_NO_WELLS_IN_DATASET,,UNKNOWN_NO_WELLS_IN_DATASET,,UNKNOWN_NO_WELLS_IN_DATASET,,UNKNOWN_NO_WELLS_IN_DATASET,,UNKNOWN_NO_WELLS_IN_DATASET,,UNKNOWN_NO_WELLS_IN_DATASET,,UNKNOWN_NO_WELLS_IN_DATASET,,UNKNOWN_NO_WELLS_IN_DATASET,,UNKNOWN_NO_WELLS_IN_DATASET
PIH-500-0504,500,500.3011122489376,0,EPSG:5880,DESCRIPTIVE_NO_PIH_SCORE,,,,,,,,0,0.0,,,,0,0.0,,,,0,0.0,,,,21,NONE,49.9300926239726,58.745879822589714,61.438614010583244,49.9300926239726,58.745879822589714,61.438614010583244,52.41806842284988,61.49563485977159,63.59813723899035,49.9300926239726,58.745879822589714,61.438614010583244,49.9300926239726,58.745879822589714,61.438614010583244,49.9300926239726,58.745879822589714,61.438614010583244,52.04957985243606,60.7989310129697,63.19028181740542,52.04957985243606,60.7989310129697,63.19028181740542,126.6086343373487,135.6454955257755,137.78886867473528,49.9300926239726,58.745879822589714,61.438614010583244,52.04957985243606,60.7989310129697,63.19028181740542,49.9300926239726,58.745879822589714,61.438614010583244,0,0,0,0,0,0,0,0,0,0,0,UNKNOWN_NO_WELLS_IN_DATASET,,UNKNOWN_NO_WELLS_IN_DATASET,,UNKNOWN_NO_WELLS_IN_DATASET,,UNKNOWN_NO_WELLS_IN_DATASET,,UNKNOWN_NO_WELLS_IN_DATASET,,UNKNOWN_NO_WELLS_IN_DATASET,,UNKNOWN_NO_WELLS_IN_DATASET,,UNKNOWN_NO_WELLS_IN_DATASET,,UNKNOWN_NO_WELLS_IN_DATASET,,UNKNOWN_NO_WELLS_IN_DATASET,,UNKNOWN_NO_WELLS_IN_DATASET,,UNKNOWN_NO_WELLS_IN_DATASET
PIH-500-0505,500,500.23916281328314,0,EPSG:5880,DESCRIPTIVE_NO_PIH_SCORE,,,,,,,,0,0.0,,,,0,0.0,,,,0,0.0,,,,21,NONE,62.56710846104918,69.8047799786545,73.16498162237804,62.56710846104918,69.8047799786545,73.16498162237804,67.3194766201501,73.51942642470824,74.8115156518155,62.56710846104918,69.8047799786545,73.16498162237804,62.56710846104918,69.8047799786545,73.16498162237804,62.56710846104918,69.8047799786545,73.16498162237804,65.40062185421141,72.46361896290992,73.713350173887,65.40062185421141,72.46361896290992,73.713350173887,127.59378671558709,132.5294559781227,133.93267678747878,62.56710846104918,69.8047799786545,73.16498162237804,65.25279006211957,72.46361896290992,73.713350173887,62.56710846104918,69.8047799786545,73.16498162237804,0,0,0,0,0,0,0,0,0,0,0,UNKNOWN_NO_WELLS_IN_DATASET,,UNKNOWN_NO_WELLS_IN_DATASET,,UNKNOWN_NO_WELLS_IN_DATASET,,UNKNOWN_NO_WELLS_IN_DATASET,,UNKNOWN_NO_WELLS_IN_DATASET,,UNKNOWN_NO_WELLS_IN_DATASET,,UNKNOWN_NO_WELLS_IN_DATASET,,UNKNOWN_NO_WELLS_IN_DATASET,,UNKNOWN_NO_WELLS_IN_DATASET,,UNKNOWN_NO_WELLS_IN_DATASET,,UNKNOWN_NO_WELLS_IN_DATASET,,UNKNOWN_NO_WELLS_IN_DATASET
PIH-500-0506,500,500.18434975667776,0,EPSG:5880,DESCRIPTIVE_NO_PIH_SCORE,,,,,,,,0,0.0,,,,0,0.0,,,,0,0.0,,,,20,NONE,56.85704217603584,64.82906353557983,68.56234162753415,56.85704217603584,64.82906353557983,68.56234162753415,56.85704217603584,64.82906353557983,68.56234162753415,56.85704217603584,64.82906353557983,68.56234162753415,56.85704217603584,64.82906353557983,68.56234162753415,56.85704217603584,64.82906353557983,68.56234162753415,57.68508172980391,65.46567218828609,69.45778320982993,57.68508172980391,65.46567218828609,69.45778320982993,109.19703866443527,116.8195797529301,118.11405263785909,58.90158552544675,68.64773159730422,69.612656388741,57.68508172980391,65.46567218828609,69.45778320982993,57.70509653767819,65.46567218828609,69.45778320982993,0,0,0,0,0,0,0,0,0,0,0,UNKNOWN_NO_WELLS_IN_DATASET,,UNKNOWN_NO_WELLS_IN_DATASET,,UNKNOWN_NO_WELLS_IN_DATASET,,UNKNOWN_NO_WELLS_IN_DATASET,,UNKNOWN_NO_WELLS_IN_DATASET,,UNKNOWN_NO_WELLS_IN_DATASET,,UNKNOWN_NO_WELLS_IN_DATASET,,UNKNOWN_NO_WELLS_IN_DATASET,,UNKNOWN_NO_WELLS_IN_DATASET,,UNKNOWN_NO_WELLS_IN_DATASET,,UNKNOWN_NO_WELLS_IN_DATASET,,UNKNOWN_NO_WELLS_IN_DATASET
PIH-500-0507,500,500.13667215874244,0,EPSG:5880,DESCRIPTIVE_NO_PIH_SCORE,,,,,,,,0,0.0,,,,0,0.0,,,,0,0.0,,,,21,NONE,35.26442115838202,43.32260241822035,45.24442173225673,35.26442115838202,43.32260241822035,45.24442173225673,35.26442115838202,43.32260241822035,45.24442173225673,35.26442115838202,43.32260241822035,45.24442173225673,35.26442115838202,43.32260241822035,45.24442173225673,35.26442115838202,43.32260241822035,45.24442173225673,36.92603087974778,43.56724084489596,48.09079783332682,36.92603087974778,43.56724084489596,48.09079783332682,90.41451368917431,99.82904745104645,103.58119165849133,35.26442115838202,44.19126345282377,45.24442173225673,36.92603087974778,43.56724084489596,48.09079783332682,40.110861495371374,47.733705568507,51.179288743592245,0,0,0,0,0,0,0,0,0,0,0,UNKNOWN_NO_WELLS_IN_DATASET,,UNKNOWN_NO_WELLS_IN_DATASET,,UNKNOWN_NO_WELLS_IN_DATASET,,UNKNOWN_NO_WELLS_IN_DATASET,,UNKNOWN_NO_WELLS_IN_DATASET,,UNKNOWN_NO_WELLS_IN_DATASET,,UNKNOWN_NO_WELLS_IN_DATASET,,UNKNOWN_NO_WELLS_IN_DATASET,,UNKNOWN_NO_WELLS_IN_DATASET,,UNKNOWN_NO_WELLS_IN_DATASET,,UNKNOWN_NO_WELLS_IN_DATASET,,UNKNOWN_NO_WELLS_IN_DATASET
PIH-500-0508,500,500.0961292402128,0,EPSG:5880,DESCRIPTIVE_NO_PIH_SCORE,,,,,,,,0,0.0,,,,0,0.0,,,,0,0.0,,,,18,NONE,14.180922772308733,20.495746648992014,22.92380500809969,14.180922772308733,20.495746648992014,22.92380500809969,14.180922772308733,20.495746648992014,22.92380500809969,14.180922772308733,20.495746648992014,22.92380500809969,14.180922772308733,20.495746648992014,22.92380500809969,14.180922772308733,20.495746648992014,22.92380500809969,15.920041972208274,22.004926548717393,24.204794183016297,15.920041972208274,22.004926548717393,24.204794183016297,78.45413200963867,85.7507431226342,89.4090182802465,14.623755138469704,20.495746648992014,22.92380500809969,15.920041972208274,22.004926548717393,24.204794183016297,23.34843179268566,29.672176488145357,32.064306882657064,0,0,0,0,0,0,0,0,0,0,0,UNKNOWN_NO_WELLS_IN_DATASET,,UNKNOWN_NO_WELLS_IN_DATASET,,UNKNOWN_NO_WELLS_IN_DATASET,,UNKNOWN_NO_WELLS_IN_DATASET,,UNKNOWN_NO_WELLS_IN_DATASET,,UNKNOWN_NO_WELLS_IN_DATASET,,UNKNOWN_NO_WELLS_IN_DATASET,,UNKNOWN_NO_WELLS_IN_DATASET,,UNKNOWN_NO_WELLS_IN_DATASET,,UNKNOWN_NO_WELLS_IN_DATASET,,UNKNOWN_NO_WELLS_IN_DATASET,,UNKNOWN_NO_WELLS_IN_DATASET
PIH-500-0509,500,500.06272036322446,3,EPSG:5880,DESCRIPTIVE_NO_PIH_SCORE,0.08467723328322747,6.118009209830374,6.391378157991475,0.5065906979015921,0.08467723328322747,6.118009209830374,0.0006331921442184703,2,2.4996864375173833,0.33333333333333337,0.9182958340544894,66.66666666666666,2,9.955620480200267,0.33333333333333337,0.9182958340544894,66.66666666666666,2,34.77002854802037,0.33333333333333337,0.9182958340544894,66.66666666666666,21,NONE,7.3224302687869685,10.095400837254378,11.600268025772477,7.3224302687869685,10.095400837254378,11.600268025772477,9.55179929513595,14.153615726127333,16.294917707138744,7.3224302687869685,10.095400837254378,11.600268025772477,7.3224302687869685,10.095400837254378,11.600268025772477,7.3224302687869685,10.095400837254378,11.600268025772477,9.55179929513595,16.65603280051988,18.088647910021635,9.55179929513595,16.65603280051988,18.088647910021635,70.93964148106569,79.15077730546638,80.67764147694078,8.358020999053926,10.582066226014234,12.98506117532772,9.55179929513595,14.153615726127333,16.65603280051988,9.697459907417052,12.674830860079645,12.937872422205427,3,2,3,3,3,1,1,0,1,2,1,WELLS_PRESENT,100.0,EVIDENCE_PRESENT,66.6667,EVIDENCE_PRESENT,100.0,EVIDENCE_PRESENT,100.0,EVIDENCE_PRESENT,100.0,EVIDENCE_PRESENT,33.3333,EVIDENCE_PRESENT,33.3333,EVIDENCE_PRESENT,0.0,NO_EVIDENCE_IN_AUDITED_WELLS,33.3333,EVIDENCE_PRESENT,66.6667,EVIDENCE_PRESENT,33.3333,REVIEW_REQUIRED_PRESENT
PIH-500-0510,500,500.03644503118073,1,EPSG:5880,DESCRIPTIVE_NO_PIH_SCORE,3.8655945066812403,3.8655945066812403,10.035886154856993,0.7954810402611786,,,,1,1.2499088940627656,0.0,,100.0,1,4.9996355762510625,0.0,,100.0,1,12.246149457785872,0.0,,100.0,20,NONE,8.118235468858861,13.42696677310799,14.562846401782519,8.118235468858861,13.42696677310799,14.562846401782519,8.118235468858861,13.552671025280416,15.430150492948048,8.118235468858861,13.42696677310799,14.562846401782519,9.8825370706008,14.287075112297178,14.733807418220891,9.8825370706008,14.287075112297178,14.733807418220891,12.381837535803388,18.022953918853048,18.807901282874305,12.381837535803388,18.022953918853048,18.807901282874305,67.84958373545622,73.91123987734557,78.75189575384147,11.481298132480852,15.112241198360449,18.308960500296834,9.525636529411972,13.552671025280416,15.430150492948048,10.056335648289899,14.46723604417009,16.13163237290451,1,1,1,0,0,0,0,0,0,1,1,WELLS_PRESENT,100.0,EVIDENCE_PRESENT,100.0,EVIDENCE_PRESENT,100.0,EVIDENCE_PRESENT,0.0,NO_EVIDENCE_IN_AUDITED_WELLS,0.0,NO_EVIDENCE_IN_AUDITED_WELLS,0.0,NO_EVIDENCE_IN_AUDITED_WELLS,0.0,NO_EVIDENCE_IN_AUDITED_WELLS,0.0,NO_EVIDENCE_IN_AUDITED_WELLS,0.0,NO_EVIDENCE_IN_AUDITED_WELLS,100.0,EVIDENCE_PRESENT,100.0,REVIEW_REQUIRED_PRESENT
PIH-500-0511,500,500.0173028887835,29,EPSG:5880,DESCRIPTIVE_NO_PIH_SCORE,1.7422535135409516,2.5436329365152415,3.7217607885657022,0.2950060181574799,1.7422535135409516,2.5436329365152415,0.4700577494383368,22,25.78737213440176,0.24137931034482762,0.9532048872518362,17.24137931034483,13,55.91696802736148,0.5517241379310345,0.9176456220386472,24.137931034482758,7,86.59140376777597,0.7586206896551724,0.8455910149897036,31.03448275862069,20,NONE,2.3891689238325067,8.189926934037368,10.487983898177474,2.8849199764792814,8.189926934037368,10.487983898177474,2.8849199764792814,8.189926934037368,10.487983898177474,3.0891172946127288,8.189926934037368,10.487983898177474,3.0891172946127288,8.189926934037368,10.487983898177474,3.0891172946127288,8.189926934037368,10.487983898177474,9.501457994417581,14.002909402062146,14.205715297071341,9.501457994417581,14.002909402062146,14.205715297071341,48.09859230029244,57.506135189896185,58.195970066706096,3.0891172946127288,8.189926934037368,10.487983898177474,6.402818319495534,10.360006509261108,13.887501915416424,3.4633317233580914,8.189926934037368,10.682130445217801,22,19,19,19,18,1,1,0,19,4,18,WELLS_PRESENT,75.8621,EVIDENCE_PRESENT,65.5172,EVIDENCE_PRESENT,65.5172,EVIDENCE_PRESENT,65.5172,EVIDENCE_PRESENT,62.069,EVIDENCE_PRESENT,3.4483,EVIDENCE_PRESENT,3.4483,EVIDENCE_PRESENT,0.0,NO_EVIDENCE_IN_AUDITED_WELLS,65.5172,EVIDENCE_PRESENT,13.7931,EVIDENCE_PRESENT,62.069,REVIEW_REQUIRED_PRESENT
PIH-500-0512,500,500.00529372201026,2,EPSG:5880,DESCRIPTIVE_NO_PIH_SCORE,2.748431153765285,2.748431153765285,11.59682291867677,0.9192352306190001,2.748431153765285,2.748431153765285,,2,1.7093080433818995,0.0,1.0,50.0,2,5.20179477753162,0.0,1.0,50.0,1,7.536410191454395,0.5,,100.0,20,NONE,7.915933269783057,13.581167006895594,15.484010462760331,8.54047782767506,15.038135501666225,16.757129248934437,8.54047782767506,15.038135501666225,16.757129248934437,8.54047782767506,15.038135501666225,16.757129248934437,8.54047782767506,15.038135501666225,16.757129248934437,8.54047782767506,15.038135501666225,16.757129248934437,14.252901182568198,21.503232837772995,23.173207346319312,14.252901182568198,21.503232837772995,23.173207346319312,23.467930093533916,32.52235567768411,33.57774149994548,9.437544808669522,15.230806608560364,16.757129248934437,14.252901182568198,19.513154930677025,23.173207346319312,10.134226816745073,14.8210641635308,18.082667945916654,2,2,2,2,2,0,0,0,2,0,2,WELLS_PRESENT,100.0,EVIDENCE_PRESENT,100.0,EVIDENCE_PRESENT,100.0,EVIDENCE_PRESENT,100.0,EVIDENCE_PRESENT,100.0,EVIDENCE_PRESENT,0.0,NO_EVIDENCE_IN_AUDITED_WELLS,0.0,NO_EVIDENCE_IN_AUDITED_WELLS,0.0,NO_EVIDENCE_IN_AUDITED_WELLS,100.0,EVIDENCE_PRESENT,0.0,NO_EVIDENCE_IN_AUDITED_WELLS,100.0,REVIEW_REQUIRED_PRESENT
PIH-500-0513,500,500.0004174584055,52,EPSG:5880,DESCRIPTIVE_NO_PIH_SCORE,0.08409184680282329,0.295222125159838,2.2523434292240854,0.1785354094014552,0.08409184680282329,0.295222125159838,0.08786705523384516,7,8.749992694484003,0.8653846153846154,0.8388104251280215,34.61538461538461,5,24.902992898687273,0.9038461538461539,0.7503859234381635,50.0,3,49.613711138129716,0.9423076923076923,0.6843672933044709,59.61538461538461,21,NONE,5.543007268136012,8.470565665559713,11.22755583602499,5.543007268136012,8.470565665559713,11.22755583602499,5.543007268136012,8.470565665559713,11.30878298995794,5.543007268136012,8.470565665559713,11.30878298995794,5.543007268136012,8.470565665559713,11.30878298995794,5.786564346880941,8.470565665559713,11.30878298995794,5.786564346880941,8.49346357644321,11.365121811138755,5.786564346880941,8.49346357644321,11.365121811138755,7.5426291188535615,12.057489949233041,12.353499254544774,6.377412842417573,10.616582390487054,11.435011120680914,5.786564346880941,8.470565665559713,11.30878298995794,7.133227089335417,10.832129430311063,11.768509269607021,52,49,50,50,49,29,29,3,18,43,3,WELLS_PRESENT,100.0,EVIDENCE_PRESENT,94.2308,EVIDENCE_PRESENT,96.1538,EVIDENCE_PRESENT,96.1538,EVIDENCE_PRESENT,94.2308,EVIDENCE_PRESENT,55.7692,EVIDENCE_PRESENT,55.7692,EVIDENCE_PRESENT,5.7692,EVIDENCE_PRESENT,34.6154,EVIDENCE_PRESENT,82.6923,EVIDENCE_PRESENT,5.7692,REVIEW_REQUIRED_PRESENT
PIH-500-0514,500,500.00267416650917,1,EPSG:5880,DESCRIPTIVE_NO_PIH_SCORE,19.84726634718723,19.84726634718723,10.798067056261715,0.8559231896311771,,,,1,1.2499933146194828,0.0,,100.0,1,2.849183809871725,0.0,,100.0,1,8.605322989860921,0.0,,100.0,18,NONE,9.043069681144033,13.653235942226678,14.311938642864563,15.325627958775499,19.306587283354645,21.370866739400725,15.37401658412739,19.306587283354645,21.370866739400725,15.37401658412739,19.306587283354645,21.370866739400725,15.37401658412739,19.306587283354645,21.370866739400725,15.37401658412739,19.306587283354645,21.370866739400725,22.636439555533425,29.236170415566612,31.850927250747,22.636439555533425,29.236170415566612,31.850927250747,25.084971617668657,31.912167482919315,32.937989856166766,15.402116653301096,22.531751499386367,25.608590337576825,22.59579648361955,28.33637812835218,30.184070458027033,9.043069681144033,13.653235942226678,14.311938642864563,0,0,0,0,0,0,0,0,0,0,1,WELLS_PRESENT,0.0,NO_EVIDENCE_IN_AUDITED_WELLS,0.0,NO_EVIDENCE_IN_AUDITED_WELLS,0.0,NO_EVIDENCE_IN_AUDITED_WELLS,0.0,NO_EVIDENCE_IN_AUDITED_WELLS,0.0,NO_EVIDENCE_IN_AUDITED_WELLS,0.0,NO_EVIDENCE_IN_AUDITED_WELLS,0.0,NO_EVIDENCE_IN_AUDITED_WELLS,0.0,NO_EVIDENCE_IN_AUDITED_WELLS,0.0,NO_EVIDENCE_IN_AUDITED_WELLS,0.0,NO_EVIDENCE_IN_AUDITED_WELLS,100.0,REVIEW_REQUIRED_PRESENT
PIH-500-0515,500,500.0120640563166,0,EPSG:5880,DESCRIPTIVE_NO_PIH_SCORE,,,,,,,,0,0.0,,,,0,0.0,,,,0,0.0,,,,20,NONE,13.855371309710414,17.475057703730332,19.536307525289953,16.730182788299132,25.006477481483106,26.077877850550607,16.730182788299132,25.006477481483106,26.077877850550607,16.730182788299132,25.006477481483106,26.077877850550607,16.730182788299132,25.006477481483106,26.077877850550607,16.730182788299132,25.006477481483106,26.077877850550607,39.213093202833996,43.85378012075074,48.33578989541558,39.213093202833996,43.85378012075074,48.33578989541558,47.136924158514596,52.655354491407124,56.8658221032815,16.730182788299132,25.074141140207505,26.077877850550607,36.01628474196026,43.73163117880425,48.314526044030956,13.855371309710414,17.475057703730332,19.536307525289953,0,0,0,0,0,0,0,0,0,0,0,UNKNOWN_NO_WELLS_IN_DATASET,,UNKNOWN_NO_WELLS_IN_DATASET,,UNKNOWN_NO_WELLS_IN_DATASET,,UNKNOWN_NO_WELLS_IN_DATASET,,UNKNOWN_NO_WELLS_IN_DATASET,,UNKNOWN_NO_WELLS_IN_DATASET,,UNKNOWN_NO_WELLS_IN_DATASET,,UNKNOWN_NO_WELLS_IN_DATASET,,UNKNOWN_NO_WELLS_IN_DATASET,,UNKNOWN_NO_WELLS_IN_DATASET,,UNKNOWN_NO_WELLS_IN_DATASET,,UNKNOWN_NO_WELLS_IN_DATASET
PIH-500-0516,500,500.02858747923887,0,EPSG:5880,DESCRIPTIVE_NO_PIH_SCORE,,,,,,,,0,0.0,,,,0,0.0,,,,0,0.0,,,,21,NONE,14.324907680592013,19.38038666741036,21.350666945563763,24.224235003174034,29.185146743637866,30.126878427116267,24.224235003174034,29.185146743637866,30.126878427116267,24.224235003174034,29.185146743637866,30.126878427116267,24.224235003174034,29.185146743637866,30.126878427116267,24.224235003174034,29.185146743637866,30.126878427116267,36.60222169809324,46.18898258097092,46.51287568458634,36.60222169809324,46.18898258097092,46.51287568458634,51.7178319449435,61.38265155718603,62.343048732204764,24.224235003174034,29.185146743637866,30.126878427116267,36.60222169809324,46.18898258097092,46.51287568458634,14.324907680592013,19.38038666741036,21.350666945563763,0,0,0,0,0,0,0,0,0,0,0,UNKNOWN_NO_WELLS_IN_DATASET,,UNKNOWN_NO_WELLS_IN_DATASET,,UNKNOWN_NO_WELLS_IN_DATASET,,UNKNOWN_NO_WELLS_IN_DATASET,,UNKNOWN_NO_WELLS_IN_DATASET,,UNKNOWN_NO_WELLS_IN_DATASET,,UNKNOWN_NO_WELLS_IN_DATASET,,UNKNOWN_NO_WELLS_IN_DATASET,,UNKNOWN_NO_WELLS_IN_DATASET,,UNKNOWN_NO_WELLS_IN_DATASET,,UNKNOWN_NO_WELLS_IN_DATASET,,UNKNOWN_NO_WELLS_IN_DATASET
PIH-500-0517,500,500.05224492780474,0,EPSG:5880,DESCRIPTIVE_NO_PIH_SCORE,,,,,,,,0,0.0,,,,0,0.0,,,,0,0.0,,,,20,NONE,20.793725081860565,24.803249887266542,25.933907567109397,25.408368387820857,32.15323342084242,34.55841353607317,25.408368387820857,32.15323342084242,34.55841353607317,25.408368387820857,32.15323342084242,34.55841353607317,25.408368387820857,32.15323342084242,34.55841353607317,25.408368387820857,32.15323342084242,34.55841353607317,44.138567079178465,50.74969273888617,51.50568248608014,44.138567079178465,50.74969273888617,51.50568248608014,54.762015440177066,63.01089532108706,64.26646315241427,25.408368387820857,32.15323342084242,34.55841353607317,44.138567079178465,50.74969273888617,51.50568248608014,20.793725081860565,24.803249887266542,25.933907567109397,0,0,0,0,0,0,0,0,0,0,0,UNKNOWN_NO_WELLS_IN_DATASET,,UNKNOWN_NO_WELLS_IN_DATASET,,UNKNOWN_NO_WELLS_IN_DATASET,,UNKNOWN_NO_WELLS_IN_DATASET,,UNKNOWN_NO_WELLS_IN_DATASET,,UNKNOWN_NO_WELLS_IN_DATASET,,UNKNOWN_NO_WELLS_IN_DATASET,,UNKNOWN_NO_WELLS_IN_DATASET,,UNKNOWN_NO_WELLS_IN_DATASET,,UNKNOWN_NO_WELLS_IN_DATASET,,UNKNOWN_NO_WELLS_IN_DATASET,,UNKNOWN_NO_WELLS_IN_DATASET
PIH-500-0518,500,500.08303703604633,0,EPSG:5880,DESCRIPTIVE_NO_PIH_SCORE,,,,,,,,0,0.0,,,,0,0.0,,,,0,0.0,,,,20,NONE,18.649564864885477,23.24506331265215,24.038445952626788,18.649564864885477,23.24506331265215,24.038445952626788,18.649564864885477,23.24506331265215,24.038445952626788,18.649564864885477,23.24506331265215,24.038445952626788,18.649564864885477,23.24506331265215,24.038445952626788,18.649564864885477,23.24506331265215,24.038445952626788,46.24611722408656,51.76214261332155,53.906071535863056,46.24611722408656,51.76214261332155,53.906071535863056,67.59448284720813,74.81445569963088,78.10591271911544,18.649564864885477,23.24506331265215,24.038445952626788,46.24611722408656,51.76214261332155,53.906071535863056,18.649564864885477,23.24506331265215,24.038445952626788,0,0,0,0,0,0,0,0,0,0,0,UNKNOWN_NO_WELLS_IN_DATASET,,UNKNOWN_NO_WELLS_IN_DATASET,,UNKNOWN_NO_WELLS_IN_DATASET,,UNKNOWN_NO_WELLS_IN_DATASET,,UNKNOWN_NO_WELLS_IN_DATASET,,UNKNOWN_NO_WELLS_IN_DATASET,,UNKNOWN_NO_WELLS_IN_DATASET,,UNKNOWN_NO_WELLS_IN_DATASET,,UNKNOWN_NO_WELLS_IN_DATASET,,UNKNOWN_NO_WELLS_IN_DATASET,,UNKNOWN_NO_WELLS_IN_DATASET,,UNKNOWN_NO_WELLS_IN_DATASET
PIH-500-0519,500,500.12096457911844,0,EPSG:5880,DESCRIPTIVE_NO_PIH_SCORE,,,,,,,,0,0.0,,,,0,0.0,,,,0,0.0,,,,18,NONE,18.602137166582345,22.850287626819295,23.73782845169047,18.602137166582345,22.850287626819295,23.73782845169047,18.602137166582345,22.850287626819295,23.73782845169047,18.602137166582345,22.850287626819295,23.73782845169047,18.602137166582345,22.850287626819295,23.73782845169047,18.602137166582345,22.850287626819295,23.73782845169047,29.103913549877134,36.13869843869808,39.657286104169174,29.103913549877134,36.13869843869808,39.657286104169174,84.00907037733332,90.81098255157806,93.07460435379669,18.69577239843502,26.873250381826264,29.601604862043537,29.103913549877134,36.13869843869808,39.657286104169174,18.69577239843502,26.873250381826264,29.601604862043537,0,0,0,0,0,0,0,0,0,0,0,UNKNOWN_NO_WELLS_IN_DATASET,,UNKNOWN_NO_WELLS_IN_DATASET,,UNKNOWN_NO_WELLS_IN_DATASET,,UNKNOWN_NO_WELLS_IN_DATASET,,UNKNOWN_NO_WELLS_IN_DATASET,,UNKNOWN_NO_WELLS_IN_DATASET,,UNKNOWN_NO_WELLS_IN_DATASET,,UNKNOWN_NO_WELLS_IN_DATASET,,UNKNOWN_NO_WELLS_IN_DATASET,,UNKNOWN_NO_WELLS_IN_DATASET,,UNKNOWN_NO_WELLS_IN_DATASET,,UNKNOWN_NO_WELLS_IN_DATASET
PIH-500-0520,500,500.1660284736291,0,EPSG:5880,DESCRIPTIVE_NO_PIH_SCORE,,,,,,,,0,0.0,,,,0,0.0,,,,0,0.0,,,,20,NONE,22.292075517563273,28.56922418665618,32.79348636474032,22.292075517563273,28.56922418665618,32.79348636474032,22.292075517563273,28.56922418665618,32.79348636474032,22.292075517563273,28.56922418665618,32.79348636474032,22.292075517563273,28.56922418665618,32.79348636474032,22.292075517563273,28.56922418665618,32.79348636474032,22.900931358306593,31.150787993717035,32.79348636474032,22.900931358306593,31.150787993717035,32.79348636474032,102.01679837056638,111.66113107528933,113.97726722038885,33.08810746546585,42.16522990882686,44.462939361239386,22.900931358306593,31.150787993717035,32.79348636474032,33.08810746546585,42.16522990882686,44.462939361239386,0,0,0,0,0,0,0,0,0,0,0,UNKNOWN_NO_WELLS_IN_DATASET,,UNKNOWN_NO_WELLS_IN_DATASET,,UNKNOWN_NO_WELLS_IN_DATASET,,UNKNOWN_NO_WELLS_IN_DATASET,,UNKNOWN_NO_WELLS_IN_DATASET,,UNKNOWN_NO_WELLS_IN_DATASET,,UNKNOWN_NO_WELLS_IN_DATASET,,UNKNOWN_NO_WELLS_IN_DATASET,,UNKNOWN_NO_WELLS_IN_DATASET,,UNKNOWN_NO_WELLS_IN_DATASET,,UNKNOWN_NO_WELLS_IN_DATASET,,UNKNOWN_NO_WELLS_IN_DATASET
PIH-500-0521,500,500.2182297774938,0,EPSG:5880,DESCRIPTIVE_NO_PIH_SCORE,,,,,,,,0,0.0,,,,0,0.0,,,,0,0.0,,,,21,NONE,31.736561927072593,36.198748136764294,36.41797475855315,31.736561927072593,36.198748136764294,36.41797475855315,31.736561927072593,36.198748136764294,36.41797475855315,31.736561927072593,36.198748136764294,36.41797475855315,31.736561927072593,36.198748136764294,36.41797475855315,31.736561927072593,36.198748136764294,36.41797475855315,32.359944006915136,36.24014559146891,37.09615736688574,32.359944006915136,36.24014559146891,37.09615736688574,117.61711918332266,125.1429021910724,128.71935755732954,33.66594220357153,42.00961893600355,44.84067114974868,32.359944006915136,36.24014559146891,37.09615736688574,33.583749165087426,42.00961893600355,44.76158792758416,0,0,0,0,0,0,0,0,0,0,0,UNKNOWN_NO_WELLS_IN_DATASET,,UNKNOWN_NO_WELLS_IN_DATASET,,UNKNOWN_NO_WELLS_IN_DATASET,,UNKNOWN_NO_WELLS_IN_DATASET,,UNKNOWN_NO_WELLS_IN_DATASET,,UNKNOWN_NO_WELLS_IN_DATASET,,UNKNOWN_NO_WELLS_IN_DATASET,,UNKNOWN_NO_WELLS_IN_DATASET,,UNKNOWN_NO_WELLS_IN_DATASET,,UNKNOWN_NO_WELLS_IN_DATASET,,UNKNOWN_NO_WELLS_IN_DATASET,,UNKNOWN_NO_WELLS_IN_DATASET
PIH-500-0522,500,500.2775696897303,0,EPSG:5880,DESCRIPTIVE_NO_PIH_SCORE,,,,,,,,0,0.0,,,,0,0.0,,,,0,0.0,,,,21,NONE,21.51726347118944,27.501449981671517,29.630304498255764,21.51726347118944,27.501449981671517,29.630304498255764,21.51726347118944,27.501449981671517,29.630304498255764,21.51726347118944,27.501449981671517,29.630304498255764,21.51726347118944,27.501449981671517,29.630304498255764,21.51726347118944,27.501449981671517,29.630304498255764,21.51726347118944,29.630304498255764,32.23058965920057,21.51726347118944,29.630304498255764,32.23058965920057,106.66096124598974,114.68537910066516,117.66243486235736,21.83984840955939,27.833091296215777,29.918102194971294,21.51726347118944,29.630304498255764,32.23058965920057,21.51726347118944,27.501449981671517,29.630304498255764,0,0,0,0,0,0,0,0,0,0,0,UNKNOWN_NO_WELLS_IN_DATASET,,UNKNOWN_NO_WELLS_IN_DATASET,,UNKNOWN_NO_WELLS_IN_DATASET,,UNKNOWN_NO_WELLS_IN_DATASET,,UNKNOWN_NO_WELLS_IN_DATASET,,UNKNOWN_NO_WELLS_IN_DATASET,,UNKNOWN_NO_WELLS_IN_DATASET,,UNKNOWN_NO_WELLS_IN_DATASET,,UNKNOWN_NO_WELLS_IN_DATASET,,UNKNOWN_NO_WELLS_IN_DATASET,,UNKNOWN_NO_WELLS_IN_DATASET,,UNKNOWN_NO_WELLS_IN_DATASET
PIH-500-0523,500,500.34404955082465,0,EPSG:5880,DESCRIPTIVE_NO_PIH_SCORE,,,,,,,,0,0.0,,,,0,0.0,,,,0,0.0,,,,20,NONE,15.933961262811039,19.627947718874584,21.947038670282662,15.933961262811039,19.627947718874584,21.947038670282662,15.933961262811039,19.627947718874584,21.947038670282662,15.933961262811039,19.627947718874584,21.947038670282662,15.933961262811039,19.627947718874584,21.947038670282662,15.933961262811039,19.627947718874584,21.947038670282662,21.190698957066907,23.92972904544909,28.629155544162263,21.190698957066907,23.92972904544909,28.629155544162263,88.10483682591797,95.99490620252902,98.89771550107385,21.85096032289146,25.466565084398074,28.629155544162263,21.190698957066907,23.92972904544909,28.629155544162263,18.005155429985138,21.7567393887651,23.055309291042416,0,0,0,0,0,0,0,0,0,0,0,UNKNOWN_NO_WELLS_IN_DATASET,,UNKNOWN_NO_WELLS_IN_DATASET,,UNKNOWN_NO_WELLS_IN_DATASET,,UNKNOWN_NO_WELLS_IN_DATASET,,UNKNOWN_NO_WELLS_IN_DATASET,,UNKNOWN_NO_WELLS_IN_DATASET,,UNKNOWN_NO_WELLS_IN_DATASET,,UNKNOWN_NO_WELLS_IN_DATASET,,UNKNOWN_NO_WELLS_IN_DATASET,,UNKNOWN_NO_WELLS_IN_DATASET,,UNKNOWN_NO_WELLS_IN_DATASET,,UNKNOWN_NO_WELLS_IN_DATASET
PIH-500-0524,500,500.4176708425104,0,EPSG:5880,DESCRIPTIVE_NO_PIH_SCORE,,,,,,,,0,0.0,,,,0,0.0,,,,0,0.0,,,,16,NONE,20.65104034791151,26.57054293450492,28.900073780560223,20.65104034791151,26.57054293450492,28.900073780560223,20.65104034791151,27.431514897249517,28.900073780560223,20.65104034791151,27.431514897249517,28.900073780560223,20.65104034791151,27.431514897249517,28.900073780560223,20.65104034791151,27.431514897249517,28.900073780560223,29.286560727867453,32.67527625498717,35.58329734709712,29.286560727867453,32.67527625498717,35.58329734709712,73.72076130177547,80.95625966778687,82.85792638488236,29.49951914495267,33.07129097275772,35.184050548358336,29.286560727867453,32.67527625498717,35.58329734709712,20.65104034791151,26.57054293450492,28.900073780560223,0,0,0,0,0,0,0,0,0,0,0,UNKNOWN_NO_WELLS_IN_DATASET,,UNKNOWN_NO_WELLS_IN_DATASET,,UNKNOWN_NO_WELLS_IN_DATASET,,UNKNOWN_NO_WELLS_IN_DATASET,,UNKNOWN_NO_WELLS_IN_DATASET,,UNKNOWN_NO_WELLS_IN_DATASET,,UNKNOWN_NO_WELLS_IN_DATASET,,UNKNOWN_NO_WELLS_IN_DATASET,,UNKNOWN_NO_WELLS_IN_DATASET,,UNKNOWN_NO_WELLS_IN_DATASET,,UNKNOWN_NO_WELLS_IN_DATASET,,UNKNOWN_NO_WELLS_IN_DATASET
PIH-500-0525,500,500.49843518784996,0,EPSG:5880,DESCRIPTIVE_NO_PIH_SCORE,,,,,,,,0,0.0,,,,0,0.0,,,,0,0.0,,,,20,NONE,18.063416795795646,24.741273510198713,27.681034558845838,18.063416795795646,24.741273510198713,27.681034558845838,19.921190451140482,27.090271378605642,28.71066847185783,19.921190451140482,27.027470320304115,28.708402607930815,19.921190451140482,27.090271378605642,28.71066847185783,19.921190451140482,27.090271378605642,28.71066847185783,20.667512154823108,27.28312367206378,30.21154503736326,20.667512154823108,27.28312367206378,30.21154503736326,62.59811980365767,71.23892819757367,72.46329869895956,20.379769769035153,27.532767771638785,30.67734506146411,20.667512154823108,27.28312367206378,30.21154503736326,18.123474422646193,24.741273510198713,27.681034558845838,0,0,0,0,0,0,0,0,0,0,0,UNKNOWN_NO_WELLS_IN_DATASET,,UNKNOWN_NO_WELLS_IN_DATASET,,UNKNOWN_NO_WELLS_IN_DATASET,,UNKNOWN_NO_WELLS_IN_DATASET,,UNKNOWN_NO_WELLS_IN_DATASET,,UNKNOWN_NO_WELLS_IN_DATASET,,UNKNOWN_NO_WELLS_IN_DATASET,,UNKNOWN_NO_WELLS_IN_DATASET,,UNKNOWN_NO_WELLS_IN_DATASET,,UNKNOWN_NO_WELLS_IN_DATASET,,UNKNOWN_NO_WELLS_IN_DATASET,,UNKNOWN_NO_WELLS_IN_DATASET
PIH-500-0526,500,489.4200012083524,4,EPSG:5880,DESCRIPTIVE_NO_PIH_SCORE,2.23954223810129,6.376295240337738,3.1806675793345898,0.2548310605025994,2.23954223810129,6.376295240337738,0.026650439647049606,4,5.108087110922379,0.0,1.0,25.0,3,15.324261332767136,0.25,0.946394630357186,50.0,3,54.05079209110218,0.25,0.946394630357186,50.0,21,NONE,5.995689299165712,10.240721306735512,13.369082956040636,5.995689299165712,10.240721306735512,13.369082956040636,7.719967524606996,11.938812344711035,13.936966706338477,5.995689299165712,10.921043241860811,13.369082956040636,5.995689299165712,10.921043241860811,13.369082956040636,7.719967524606996,11.938812344711035,13.936966706338477,21.677628818547944,29.68980669777159,32.294288183532785,21.677628818547944,29.68980669777159,32.294288183532785,59.93540313872194,69.70885605975955,70.45226817195523,7.719967524606996,12.176947179975068,13.936966706338477,21.677628818547944,29.667800112838318,32.2471264510141,7.747930072228644,12.797238094212263,15.719102969267075,4,3,4,4,3,0,0,0,3,0,1,WELLS_PRESENT,100.0,EVIDENCE_PRESENT,75.0,EVIDENCE_PRESENT,100.0,EVIDENCE_PRESENT,100.0,EVIDENCE_PRESENT,75.0,EVIDENCE_PRESENT,0.0,NO_EVIDENCE_IN_AUDITED_WELLS,0.0,NO_EVIDENCE_IN_AUDITED_WELLS,0.0,NO_EVIDENCE_IN_AUDITED_WELLS,75.0,EVIDENCE_PRESENT,0.0,NO_EVIDENCE_IN_AUDITED_WELLS,25.0,REVIEW_REQUIRED_PRESENT
PIH-500-0527,500,18.78258063025797,0,EPSG:5880,DESCRIPTIVE_NO_PIH_SCORE,,,,,,,,0,0.0,,,,0,0.0,,,,0,0.0,,,,1,NONE,11.621268363824028,11.621268363824028,11.621268363824028,11.621268363824028,11.621268363824028,11.621268363824028,11.621268363824028,11.621268363824028,11.621268363824028,11.621268363824028,11.621268363824028,11.621268363824028,11.621268363824028,11.621268363824028,11.621268363824028,11.621268363824028,11.621268363824028,11.621268363824028,29.44902655152945,29.44902655152945,29.44902655152945,29.44902655152945,29.44902655152945,29.44902655152945,58.322065843791634,58.322065843791634,58.322065843791634,11.621268363824028,11.621268363824028,11.621268363824028,29.36814533580752,29.36814533580752,29.36814533580752,14.236035575197066,14.236035575197066,14.236035575197066,0,0,0,0,0,0,0,0,0,0,0,UNKNOWN_NO_WELLS_IN_DATASET,,UNKNOWN_NO_WELLS_IN_DATASET,,UNKNOWN_NO_WELLS_IN_DATASET,,UNKNOWN_NO_WELLS_IN_DATASET,,UNKNOWN_NO_WELLS_IN_DATASET,,UNKNOWN_NO_WELLS_IN_DATASET,,UNKNOWN_NO_WELLS_IN_DATASET,,UNKNOWN_NO_WELLS_IN_DATASET,,UNKNOWN_NO_WELLS_IN_DATASET,,UNKNOWN_NO_WELLS_IN_DATASET,,UNKNOWN_NO_WELLS_IN_DATASET,,UNKNOWN_NO_WELLS_IN_DATASET
PIH-500-0528,500,12.523289122434958,0,EPSG:5880,DESCRIPTIVE_NO_PIH_SCORE,,,,,,,,0,0.0,,,,0,0.0,,,,0,0.0,,,,0,REPRESENTATIVE_POINT,33.28989904787993,33.28989904787993,33.28989904787993,33.28989904787993,33.28989904787993,33.28989904787993,33.28989904787993,33.28989904787993,33.28989904787993,33.28989904787993,33.28989904787993,33.28989904787993,33.28989904787993,33.28989904787993,33.28989904787993,33.28989904787993,33.28989904787993,33.28989904787993,33.28989904787993,33.28989904787993,33.28989904787993,33.28989904787993,33.28989904787993,33.28989904787993,49.91925115359324,49.91925115359324,49.91925115359324,34.39635101167807,34.39635101167807,34.39635101167807,33.28989904787993,33.28989904787993,33.28989904787993,33.28989904787993,33.28989904787993,33.28989904787993,0,0,0,0,0,0,0,0,0,0,0,UNKNOWN_NO_WELLS_IN_DATASET,,UNKNOWN_NO_WELLS_IN_DATASET,,UNKNOWN_NO_WELLS_IN_DATASET,,UNKNOWN_NO_WELLS_IN_DATASET,,UNKNOWN_NO_WELLS_IN_DATASET,,UNKNOWN_NO_WELLS_IN_DATASET,,UNKNOWN_NO_WELLS_IN_DATASET,,UNKNOWN_NO_WELLS_IN_DATASET,,UNKNOWN_NO_WELLS_IN_DATASET,,UNKNOWN_NO_WELLS_IN_DATASET,,UNKNOWN_NO_WELLS_IN_DATASET,,UNKNOWN_NO_WELLS_IN_DATASET
PIH-500-0529,500,485.74521728610364,0,EPSG:5880,DESCRIPTIVE_NO_PIH_SCORE,,,,,,,,0,0.0,,,,0,0.0,,,,0,0.0,,,,19,NONE,21.787521766265897,30.139714066547242,32.86647423290261,21.787521766265897,30.139714066547242,32.86647423290261,25.775279110844824,31.51625598095074,32.86647423290261,21.787521766265897,30.139714066547242,32.86647423290261,21.787521766265897,30.139714066547242,32.86647423290261,21.787521766265897,30.139714066547242,32.86647423290261,25.87485756674802,33.376128348076854,36.39406768291189,25.87485756674802,33.376128348076854,36.39406768291189,39.4428638632647,48.09996849213124,50.283420605041215,22.119212173268355,30.470555217629645,33.47311995102392,25.775279110844824,33.01880098458026,36.39406768291189,21.787521766265897,30.139714066547242,32.86647423290261,0,0,0,0,0,0,0,0,0,0,0,UNKNOWN_NO_WELLS_IN_DATASET,,UNKNOWN_NO_WELLS_IN_DATASET,,UNKNOWN_NO_WELLS_IN_DATASET,,UNKNOWN_NO_WELLS_IN_DATASET,,UNKNOWN_NO_WELLS_IN_DATASET,,UNKNOWN_NO_WELLS_IN_DATASET,,UNKNOWN_NO_WELLS_IN_DATASET,,UNKNOWN_NO_WELLS_IN_DATASET,,UNKNOWN_NO_WELLS_IN_DATASET,,UNKNOWN_NO_WELLS_IN_DATASET,,UNKNOWN_NO_WELLS_IN_DATASET,,UNKNOWN_NO_WELLS_IN_DATASET
PIH-500-0530,500,500.8781052603744,6,EPSG:5880,DESCRIPTIVE_NO_PIH_SCORE,0.6377065590190789,2.023584650081756,8.309396167632302,0.6580795235543879,0.6377065590190789,3.268170822623349,0.04096858797732565,5,5.906142976844174,0.16666666666666663,0.9697238998682473,33.33333333333333,4,16.98436491042479,0.33333333333333337,0.9591479170272447,33.33333333333333,2,21.5987500526095,0.6666666666666667,0.6500224216483541,83.33333333333334,20,NONE,7.108855972121494,13.904529026873838,15.438961534238949,7.108855972121494,13.904529026873838,15.438961534238949,10.637912188026739,17.961226048376123,20.74222396067105,7.108855972121494,13.904529026873838,15.438961534238949,7.108855972121494,13.904529026873838,15.438961534238949,7.108855972121494,13.904529026873838,15.438961534238949,12.233356451843484,19.78861298266325,21.163590937007303,12.233356451843484,19.78861298266325,21.163590937007303,33.5869141110101,42.76307681180181,43.55922490415335,8.913759176507643,14.695623339185536,15.438961534238949,11.084744597920476,17.961226048376123,21.163590937007303,7.108855972121494,13.904529026873838,15.438961534238949,6,2,4,4,4,1,1,0,5,1,6,WELLS_PRESENT,100.0,EVIDENCE_PRESENT,33.3333,EVIDENCE_PRESENT,66.6667,EVIDENCE_PRESENT,66.6667,EVIDENCE_PRESENT,66.6667,EVIDENCE_PRESENT,16.6667,EVIDENCE_PRESENT,16.6667,EVIDENCE_PRESENT,0.0,NO_EVIDENCE_IN_AUDITED_WELLS,83.3333,EVIDENCE_PRESENT,16.6667,EVIDENCE_PRESENT,100.0,REVIEW_REQUIRED_PRESENT
PIH-500-0531,500,500.76971909664627,5,EPSG:5880,DESCRIPTIVE_NO_PIH_SCORE,0.5871267533430393,1.3213936799925046,8.450195420342103,0.6693028265415314,0.5871267533430393,1.3213936799925046,0.01968805149541691,3,3.7040212651905504,0.4,0.8649735207179272,60.0,2,9.900844887652482,0.6,0.9709505944546688,60.0,2,29.77289920439143,0.6,0.9709505944546688,60.0,20,NONE,8.678868758865082,15.12691890148153,18.626590310238985,8.678868758865082,15.12691890148153,18.626590310238985,8.678868758865082,15.12691890148153,18.626590310238985,8.678868758865082,15.12691890148153,18.626590310238985,8.678868758865082,15.12691890148153,18.626590310238985,8.678868758865082,15.12691890148153,18.626590310238985,8.72123484054254,15.189969739899835,18.709819787286072,8.72123484054254,15.189969739899835,18.709819787286072,43.95563852562135,51.60416904938315,54.283332027809614,20.930070473568406,28.573360256111517,29.367256985255736,8.678868758865082,15.12691890148153,18.626590310238985,8.678868758865082,15.12691890148153,18.626590310238985,5,5,5,5,5,4,4,0,0,5,5,WELLS_PRESENT,100.0,EVIDENCE_PRESENT,100.0,EVIDENCE_PRESENT,100.0,EVIDENCE_PRESENT,100.0,EVIDENCE_PRESENT,100.0,EVIDENCE_PRESENT,80.0,EVIDENCE_PRESENT,80.0,EVIDENCE_PRESENT,0.0,NO_EVIDENCE_IN_AUDITED_WELLS,0.0,NO_EVIDENCE_IN_AUDITED_WELLS,100.0,EVIDENCE_PRESENT,100.0,REVIEW_REQUIRED_PRESENT
PIH-500-0532,500,500.66847868094095,1,EPSG:5880,DESCRIPTIVE_NO_PIH_SCORE,9.021860339927338,9.021860339927338,10.882375432301119,0.8620322545650969,,,,1,1.2483310346331817,0.0,,100.0,1,3.160319657938188,0.0,,100.0,1,6.307057886531442,0.0,,100.0,21,NONE,13.272085254249735,19.27947047595126,21.452673679149488,19.92976169850844,25.589835965600788,29.64523642570516,19.92976169850844,25.589835965600788,29.64523642570516,19.92976169850844,25.589835965600788,29.64523642570516,19.92976169850844,25.589835965600788,29.64523642570516,19.92976169850844,25.589835965600788,29.64523642570516,30.27710412311014,40.046605396306816,41.55205322054497,30.27710412311014,40.046605396306816,41.55205322054497,62.70250996020969,71.42348619345404,73.84823420440365,19.92976169850844,27.25726707272054,29.64523642570516,30.228576709307312,39.98781251165288,41.48026064640564,13.272085254249735,19.27947047595126,21.452673679149488,0,0,0,0,0,0,0,0,0,0,1,WELLS_PRESENT,0.0,NO_EVIDENCE_IN_AUDITED_WELLS,0.0,NO_EVIDENCE_IN_AUDITED_WELLS,0.0,NO_EVIDENCE_IN_AUDITED_WELLS,0.0,NO_EVIDENCE_IN_AUDITED_WELLS,0.0,NO_EVIDENCE_IN_AUDITED_WELLS,0.0,NO_EVIDENCE_IN_AUDITED_WELLS,0.0,NO_EVIDENCE_IN_AUDITED_WELLS,0.0,NO_EVIDENCE_IN_AUDITED_WELLS,0.0,NO_EVIDENCE_IN_AUDITED_WELLS,0.0,NO_EVIDENCE_IN_AUDITED_WELLS,100.0,REVIEW_REQUIRED_PRESENT
PIH-500-0533,500,500.57438218553483,0,EPSG:5880,DESCRIPTIVE_NO_PIH_SCORE,,,,,,,,0,0.0,,,,0,0.0,,,,0,0.0,,,,18,NONE,16.611507787063058,22.92509834709411,24.57586495926491,19.908609320735863,26.748668649302495,28.522823071391667,19.908609320735863,26.748668649302495,28.522823071391667,19.908609320735863,26.748668649302495,28.522823071391667,19.908609320735863,26.748668649302495,28.522823071391667,19.908609320735863,26.748668649302495,28.522823071391667,53.80606313737387,60.131941404840695,61.055595510479016,53.80606313737387,60.131941404840695,61.055595510479016,82.92074835246041,90.25306066687509,93.78287828608714,19.908609320735863,26.748668649302495,28.522823071391667,53.740110961871196,60.07224237508286,60.98804594886079,16.611507787063058,22.92509834709411,24.57586495926491,0,0,0,0,0,0,0,0,0,0,0,UNKNOWN_NO_WELLS_IN_DATASET,,UNKNOWN_NO_WELLS_IN_DATASET,,UNKNOWN_NO_WELLS_IN_DATASET,,UNKNOWN_NO_WELLS_IN_DATASET,,UNKNOWN_NO_WELLS_IN_DATASET,,UNKNOWN_NO_WELLS_IN_DATASET,,UNKNOWN_NO_WELLS_IN_DATASET,,UNKNOWN_NO_WELLS_IN_DATASET,,UNKNOWN_NO_WELLS_IN_DATASET,,UNKNOWN_NO_WELLS_IN_DATASET,,UNKNOWN_NO_WELLS_IN_DATASET,,UNKNOWN_NO_WELLS_IN_DATASET
PIH-500-0534,500,500.4874279229209,0,EPSG:5880,DESCRIPTIVE_NO_PIH_SCORE,,,,,,,,0,0.0,,,,0,0.0,,,,0,0.0,,,,21,NONE,38.50820188528681,45.014017985723825,48.1541337277081,39.219165107021446,46.19679927928135,48.210605588379295,39.219165107021446,46.19679927928135,48.210605588379295,39.219165107021446,46.19679927928135,48.210605588379295,39.219165107021446,46.19679927928135,48.210605588379295,39.219165107021446,46.19679927928135,48.210605588379295,59.59481224481838,66.6260019084384,69.84223078145602,59.59481224481838,66.6260019084384,69.84223078145602,105.46347889964366,113.31375773157455,116.59546441184511,39.219165107021446,46.19679927928135,48.210605588379295,59.59481224481838,66.6260019084384,69.84223078145602,38.50820188528681,45.014017985723825,48.1541337277081,0,0,0,0,0,0,0,0,0,0,0,UNKNOWN_NO_WELLS_IN_DATASET,,UNKNOWN_NO_WELLS_IN_DATASET,,UNKNOWN_NO_WELLS_IN_DATASET,,UNKNOWN_NO_WELLS_IN_DATASET,,UNKNOWN_NO_WELLS_IN_DATASET,,UNKNOWN_NO_WELLS_IN_DATASET,,UNKNOWN_NO_WELLS_IN_DATASET,,UNKNOWN_NO_WELLS_IN_DATASET,,UNKNOWN_NO_WELLS_IN_DATASET,,UNKNOWN_NO_WELLS_IN_DATASET,,UNKNOWN_NO_WELLS_IN_DATASET,,UNKNOWN_NO_WELLS_IN_DATASET
PIH-500-0535,500,500.4076143462177,0,EPSG:5880,DESCRIPTIVE_NO_PIH_SCORE,,,,,,,,0,0.0,,,,0,0.0,,,,0,0.0,,,,20,NONE,55.41933853137005,63.982573275348095,68.33739196373234,55.41933853137005,64.01332988230088,68.33739196373234,55.41933853137005,64.01332988230088,68.33739196373234,55.41933853137005,64.01332988230088,68.33739196373234,55.41933853137005,64.01332988230088,68.33739196373234,55.41933853137005,64.01332988230088,68.33739196373234,57.5947502533932,64.8279424707955,68.33739196373234,57.5947502533932,64.8279424707955,68.33739196373234,126.39331220607053,132.96211563927875,137.07405025367336,55.41933853137005,64.01332988230088,68.33739196373234,57.5947502533932,64.8279424707955,68.33739196373234,55.41933853137005,63.982573275348095,68.33739196373234,0,0,0,0,0,0,0,0,0,0,0,UNKNOWN_NO_WELLS_IN_DATASET,,UNKNOWN_NO_WELLS_IN_DATASET,,UNKNOWN_NO_WELLS_IN_DATASET,,UNKNOWN_NO_WELLS_IN_DATASET,,UNKNOWN_NO_WELLS_IN_DATASET,,UNKNOWN_NO_WELLS_IN_DATASET,,UNKNOWN_NO_WELLS_IN_DATASET,,UNKNOWN_NO_WELLS_IN_DATASET,,UNKNOWN_NO_WELLS_IN_DATASET,,UNKNOWN_NO_WELLS_IN_DATASET,,UNKNOWN_NO_WELLS_IN_DATASET,,UNKNOWN_NO_WELLS_IN_DATASET
PIH-500-0536,500,500.3349400491087,0,EPSG:5880,DESCRIPTIVE_NO_PIH_SCORE,,,,,,,,0,0.0,,,,0,0.0,,,,0,0.0,,,,20,NONE,65.12428739367083,72.59278383256618,74.54121298747685,65.12428739367083,72.59278383256618,74.54121298747685,65.71232224179505,72.59278383256618,74.92323849579822,65.12428739367083,72.59278383256618,74.54121298747685,65.12428739367083,72.59278383256618,74.54121298747685,65.12428739367083,72.59278383256618,74.54121298747685,65.71232224179505,72.59278383256618,74.92323849579822,65.71232224179505,72.59278383256618,74.92323849579822,139.94816235536865,145.34356590062035,147.4060345059912,65.12428739367083,72.59278383256618,74.54121298747685,65.71232224179505,72.59278383256618,74.92323849579822,65.12428739367083,72.59278383256618,74.54121298747685,0,0,0,0,0,0,0,0,0,0,0,UNKNOWN_NO_WELLS_IN_DATASET,,UNKNOWN_NO_WELLS_IN_DATASET,,UNKNOWN_NO_WELLS_IN_DATASET,,UNKNOWN_NO_WELLS_IN_DATASET,,UNKNOWN_NO_WELLS_IN_DATASET,,UNKNOWN_NO_WELLS_IN_DATASET,,UNKNOWN_NO_WELLS_IN_DATASET,,UNKNOWN_NO_WELLS_IN_DATASET,,UNKNOWN_NO_WELLS_IN_DATASET,,UNKNOWN_NO_WELLS_IN_DATASET,,UNKNOWN_NO_WELLS_IN_DATASET,,UNKNOWN_NO_WELLS_IN_DATASET
PIH-500-0537,500,500.2694037653145,0,EPSG:5880,DESCRIPTIVE_NO_PIH_SCORE,,,,,,,,0,0.0,,,,0,0.0,,,,0,0.0,,,,20,NONE,74.64540839449216,82.12656627648825,83.67584024552058,74.64540839449216,82.12656627648825,83.67584024552058,77.21919670138575,83.8406033624739,85.95848641317046,74.64540839449216,82.12656627648825,83.67584024552058,74.64540839449216,82.12656627648825,83.67584024552058,74.64540839449216,82.12656627648825,83.67584024552058,76.8042529280215,83.83408245688838,85.60275950129376,76.8042529280215,83.83408245688838,85.60275950129376,127.59227010389117,135.6848779959777,138.120086267992,74.64540839449216,82.12656627648825,83.67584024552058,76.8042529280215,83.83408245688838,85.60275950129376,74.64540839449216,82.12656627648825,83.67584024552058,0,0,0,0,0,0,0,0,0,0,0,UNKNOWN_NO_WELLS_IN_DATASET,,UNKNOWN_NO_WELLS_IN_DATASET,,UNKNOWN_NO_WELLS_IN_DATASET,,UNKNOWN_NO_WELLS_IN_DATASET,,UNKNOWN_NO_WELLS_IN_DATASET,,UNKNOWN_NO_WELLS_IN_DATASET,,UNKNOWN_NO_WELLS_IN_DATASET,,UNKNOWN_NO_WELLS_IN_DATASET,,UNKNOWN_NO_WELLS_IN_DATASET,,UNKNOWN_NO_WELLS_IN_DATASET,,UNKNOWN_NO_WELLS_IN_DATASET,,UNKNOWN_NO_WELLS_IN_DATASET
PIH-500-0538,500,500.21100436949837,0,EPSG:5880,DESCRIPTIVE_NO_PIH_SCORE,,,,,,,,0,0.0,,,,0,0.0,,,,0,0.0,,,,18,NONE,71.33026502993854,77.80281825516099,78.66471860431051,71.33026502993854,77.80281825516099,78.66471860431051,71.33026502993854,78.07626954827067,78.66471860431051,71.33026502993854,77.80281825516099,78.66471860431051,71.33026502993854,77.80281825516099,78.66471860431051,71.33026502993854,77.80281825516099,78.66471860431051,75.73899156399344,81.13562139186831,84.09127792915609,75.73899156399344,81.13562139186831,84.09127792915609,106.6926004663976,114.182569821767,117.92070244673631,71.33026502993854,77.80281825516099,78.66471860431051,75.73899156399344,81.13562139186831,84.09127792915609,78.56069489416586,85.74276107244359,89.08741828266214,0,0,0,0,0,0,0,0,0,0,0,UNKNOWN_NO_WELLS_IN_DATASET,,UNKNOWN_NO_WELLS_IN_DATASET,,UNKNOWN_NO_WELLS_IN_DATASET,,UNKNOWN_NO_WELLS_IN_DATASET,,UNKNOWN_NO_WELLS_IN_DATASET,,UNKNOWN_NO_WELLS_IN_DATASET,,UNKNOWN_NO_WELLS_IN_DATASET,,UNKNOWN_NO_WELLS_IN_DATASET,,UNKNOWN_NO_WELLS_IN_DATASET,,UNKNOWN_NO_WELLS_IN_DATASET,,UNKNOWN_NO_WELLS_IN_DATASET,,UNKNOWN_NO_WELLS_IN_DATASET
PIH-500-0539,500,500.15974087636806,0,EPSG:5880,DESCRIPTIVE_NO_PIH_SCORE,,,,,,,,0,0.0,,,,0,0.0,,,,0,0.0,,,,20,NONE,48.1965134731215,57.963292767912854,58.91428064252173,48.1965134731215,57.963292767912854,58.91428064252173,48.1965134731215,57.963292767912854,58.91428064252173,48.1965134731215,57.963292767912854,58.91428064252173,48.1965134731215,57.963292767912854,58.91428064252173,48.1965134731215,57.963292767912854,58.91428064252173,53.43285661568157,63.214788489831065,64.39656287107125,53.43285661568157,63.214788489831065,64.39656287107125,87.96579100435667,95.75241079394486,98.25474514076848,48.1965134731215,57.963292767912854,58.91428064252173,53.43285661568157,63.214788489831065,64.39656287107125,63.044589423193976,71.23914595665585,75.22076202408853,0,0,0,0,0,0,0,0,0,0,0,UNKNOWN_NO_WELLS_IN_DATASET,,UNKNOWN_NO_WELLS_IN_DATASET,,UNKNOWN_NO_WELLS_IN_DATASET,,UNKNOWN_NO_WELLS_IN_DATASET,,UNKNOWN_NO_WELLS_IN_DATASET,,UNKNOWN_NO_WELLS_IN_DATASET,,UNKNOWN_NO_WELLS_IN_DATASET,,UNKNOWN_NO_WELLS_IN_DATASET,,UNKNOWN_NO_WELLS_IN_DATASET,,UNKNOWN_NO_WELLS_IN_DATASET,,UNKNOWN_NO_WELLS_IN_DATASET,,UNKNOWN_NO_WELLS_IN_DATASET
PIH-500-0540,500,500.1156124413012,0,EPSG:5880,DESCRIPTIVE_NO_PIH_SCORE,,,,,,,,0,0.0,,,,0,0.0,,,,0,0.0,,,,20,NONE,23.739123228980816,32.987455081414915,34.631425061479675,23.739123228980816,32.987455081414915,34.631425061479675,23.739123228980816,32.987455081414915,34.631425061479675,23.739123228980816,32.987455081414915,34.631425061479675,23.739123228980816,32.987455081414915,34.631425061479675,23.739123228980816,32.987455081414915,34.631425061479675,29.173945491971736,38.28250922562187,40.2042928916727,29.173945491971736,38.28250922562187,40.2042928916727,68.27612543836943,75.73173656729723,78.64547434163266,23.739123228980816,32.987455081414915,34.631425061479675,29.173945491971736,38.28250922562187,40.2042928916727,42.32220378411222,49.20569541859352,52.960300151035675,0,0,0,0,0,0,0,0,0,0,0,UNKNOWN_NO_WELLS_IN_DATASET,,UNKNOWN_NO_WELLS_IN_DATASET,,UNKNOWN_NO_WELLS_IN_DATASET,,UNKNOWN_NO_WELLS_IN_DATASET,,UNKNOWN_NO_WELLS_IN_DATASET,,UNKNOWN_NO_WELLS_IN_DATASET,,UNKNOWN_NO_WELLS_IN_DATASET,,UNKNOWN_NO_WELLS_IN_DATASET,,UNKNOWN_NO_WELLS_IN_DATASET,,UNKNOWN_NO_WELLS_IN_DATASET,,UNKNOWN_NO_WELLS_IN_DATASET,,UNKNOWN_NO_WELLS_IN_DATASET
PIH-500-0541,500,500.07861836020277,5,EPSG:5880,DESCRIPTIVE_NO_PIH_SCORE,0.13182182522293642,2.41736308239405,6.875177705387258,0.5449287497922636,0.13182182522293642,2.41736308239405,0.009417944565445684,3,3.749410454996602,0.4,0.9602297178607612,40.0,2,9.00306815424431,0.6,0.9709505944546688,60.0,2,25.201785188602386,0.6,0.9709505944546688,60.0,21,NONE,6.425514598621512,11.323932541994875,15.988980496330518,6.425514598621512,11.323932541994875,15.988980496330518,6.425514598621512,11.323932541994875,15.988980496330518,6.425514598621512,11.323932541994875,15.988980496330518,6.425514598621512,11.323932541994875,15.988980496330518,6.425514598621512,11.323932541994875,15.988980496330518,8.401887418286707,15.257934633001131,18.326293248526213,8.401887418286707,15.257934633001131,18.326293248526213,54.3816550938493,62.72012046836361,64.80756066127424,9.777454179104291,15.988980496330518,17.216583010397894,8.401887418286707,15.257934633001131,18.326293248526213,25.098197595993643,32.22815138716976,34.35558752231213,5,5,5,5,5,2,2,0,2,3,0,WELLS_PRESENT,100.0,EVIDENCE_PRESENT,100.0,EVIDENCE_PRESENT,100.0,EVIDENCE_PRESENT,100.0,EVIDENCE_PRESENT,100.0,EVIDENCE_PRESENT,40.0,EVIDENCE_PRESENT,40.0,EVIDENCE_PRESENT,0.0,NO_EVIDENCE_IN_AUDITED_WELLS,40.0,EVIDENCE_PRESENT,60.0,EVIDENCE_PRESENT,0.0,NO_REVIEW_FLAG_IN_AUDITED_WELLS
PIH-500-0542,500,500.04875806920387,1,EPSG:5880,DESCRIPTIVE_NO_PIH_SCORE,5.721552876784753,5.721552876784753,12.52696554552906,0.9929208783306088,,,,1,1.2498781167125779,0.0,,100.0,1,4.9995124668503115,0.0,,100.0,1,19.998049867401246,0.0,,100.0,20,NONE,9.14142449680273,12.513001395945185,13.669550898285184,9.359579035168187,13.74561565289879,14.100616115212059,9.359579035168187,13.74561565289879,14.100616115212059,9.359579035168187,13.74561565289879,14.100616115212059,9.359579035168187,13.74561565289879,14.100616115212059,9.359579035168187,13.74561565289879,14.100616115212059,9.39108491508182,13.755148313769824,14.172942441476124,9.39108491508182,13.755148313769824,14.172942441476124,49.39604216060556,58.86618155855531,59.337112476820245,15.149965999059113,20.12889651002227,20.375593963821164,9.359579035168187,13.74561565289879,14.100616115212059,14.538817254271718,18.358040437033843,20.993647273687724,1,1,1,1,1,1,1,0,0,1,0,WELLS_PRESENT,100.0,EVIDENCE_PRESENT,100.0,EVIDENCE_PRESENT,100.0,EVIDENCE_PRESENT,100.0,EVIDENCE_PRESENT,100.0,EVIDENCE_PRESENT,100.0,EVIDENCE_PRESENT,100.0,EVIDENCE_PRESENT,0.0,NO_EVIDENCE_IN_AUDITED_WELLS,0.0,NO_EVIDENCE_IN_AUDITED_WELLS,100.0,EVIDENCE_PRESENT,0.0,NO_REVIEW_FLAG_IN_AUDITED_WELLS
PIH-500-0543,500,500.0260311452642,124,EPSG:5880,DESCRIPTIVE_NO_PIH_SCORE,0.2583351711923506,1.187490277136655,2.6520083180442153,0.21021006727007918,0.2583351711923506,1.187490277136655,0.7283341592493062,38,44.91021940786025,0.6935483870967742,0.8786110454957082,16.93548387096774,21,89.14593335389975,0.8306451612903226,0.8278211867153005,20.161290322580644,8,97.33987121148309,0.935483870967742,0.7806390685952445,41.12903225806452,17,NONE,1.1545213306959239,2.259612369843416,2.9721952248920482,1.466610577341339,3.1447219356070755,3.8018155979561983,1.466610577341339,3.1447219356070755,3.8018155979561983,1.466610577341339,3.1447219356070755,3.8018155979561983,1.466610577341339,3.1447219356070755,3.8018155979561983,1.6472722925249945,3.1447219356070755,3.8018155979561983,2.989422649073048,6.135382605558516,7.619747279297636,2.989422649073048,6.135382605558516,7.619747279297636,53.88310854928251,58.47708545934794,62.765805927861784,2.1224032535750363,3.1447219356070755,3.881054301428478,2.589004970689461,4.827301509158642,7.619747279297636,1.8571297466153378,4.596174249115663,8.852760911502868,64,59,56,55,51,19,19,0,44,30,81,WELLS_PRESENT,51.6129,EVIDENCE_PRESENT,47.5806,EVIDENCE_PRESENT,45.1613,EVIDENCE_PRESENT,44.3548,EVIDENCE_PRESENT,41.129,EVIDENCE_PRESENT,15.3226,EVIDENCE_PRESENT,15.3226,EVIDENCE_PRESENT,0.0,NO_EVIDENCE_IN_AUDITED_WELLS,35.4839,EVIDENCE_PRESENT,24.1935,EVIDENCE_PRESENT,65.3226,REVIEW_REQUIRED_PRESENT
PIH-500-0544,500,500.01043730555597,3,EPSG:5880,DESCRIPTIVE_NO_PIH_SCORE,4.600639999871524,5.755865968347509,6.0355518227727005,0.47841235259636766,6.044672460466505,14.27674885711469,0.09332545339628324,3,2.9833096311767062,0.0,0.9999999999999998,33.33333333333333,3,12.299786950435326,0.0,0.9999999999999998,33.33333333333333,2,24.820855529185064,0.33333333333333337,0.9182958340544894,66.66666666666666,20,NONE,5.584468076068492,11.01555879702444,14.31854901709992,7.836053447698642,12.732649079746883,14.31854901709992,7.836053447698642,12.732649079746883,14.31854901709992,7.901684223803457,12.732649079746883,14.31854901709992,7.901684223803457,12.732649079746883,14.31854901709992,7.901684223803457,12.732649079746883,14.31854901709992,11.399503265398884,17.681290136006027,17.854116929861938,11.399503265398884,17.681290136006027,17.854116929861938,41.14759203471174,48.86277226040103,51.89338214896156,7.836053447698642,12.732649079746883,14.31854901709992,8.5395549419104,13.571570895933627,17.669074808025506,6.364406515813512,13.13567553222791,15.645286300598913,1,1,1,1,1,0,0,0,1,0,2,WELLS_PRESENT,33.3333,EVIDENCE_PRESENT,33.3333,EVIDENCE_PRESENT,33.3333,EVIDENCE_PRESENT,33.3333,EVIDENCE_PRESENT,33.3333,EVIDENCE_PRESENT,0.0,NO_EVIDENCE_IN_AUDITED_WELLS,0.0,NO_EVIDENCE_IN_AUDITED_WELLS,0.0,NO_EVIDENCE_IN_AUDITED_WELLS,33.3333,EVIDENCE_PRESENT,0.0,NO_EVIDENCE_IN_AUDITED_WELLS,66.6667,REVIEW_REQUIRED_PRESENT
PIH-500-0545,500,500.0019764078326,0,EPSG:5880,DESCRIPTIVE_NO_PIH_SCORE,,,,,,,,0,0.0,,,,0,0.0,,,,0,0.0,,,,21,NONE,17.038031174231474,20.587624640539076,22.228936580240465,17.038031174231474,20.587624640539076,22.228936580240465,17.038031174231474,20.587624640539076,22.228936580240465,17.038031174231474,20.587624640539076,22.228936580240465,17.038031174231474,20.587624640539076,22.228936580240465,17.038031174231474,20.587624640539076,22.228936580240465,17.038031174231474,20.587624640539076,22.228936580240465,17.038031174231474,20.587624640539076,22.228936580240465,21.077854144032937,28.77992181235944,31.275127269073565,17.038031174231474,21.077854144032937,22.228936580240465,17.038031174231474,20.587624640539076,22.228936580240465,17.355095377321835,21.667622274700516,22.910192143989995,0,0,0,0,0,0,0,0,0,0,0,UNKNOWN_NO_WELLS_IN_DATASET,,UNKNOWN_NO_WELLS_IN_DATASET,,UNKNOWN_NO_WELLS_IN_DATASET,,UNKNOWN_NO_WELLS_IN_DATASET,,UNKNOWN_NO_WELLS_IN_DATASET,,UNKNOWN_NO_WELLS_IN_DATASET,,UNKNOWN_NO_WELLS_IN_DATASET,,UNKNOWN_NO_WELLS_IN_DATASET,,UNKNOWN_NO_WELLS_IN_DATASET,,UNKNOWN_NO_WELLS_IN_DATASET,,UNKNOWN_NO_WELLS_IN_DATASET,,UNKNOWN_NO_WELLS_IN_DATASET
PIH-500-0546,500,500.0006484503508,1,EPSG:5880,DESCRIPTIVE_NO_PIH_SCORE,17.02421374252341,17.02421374252341,10.531255880519984,0.8347757368763296,,,,1,0.7983245257287651,0.0,,100.0,1,0.9284904441786905,0.0,,100.0,1,4.705324461168296,0.0,,100.0,21,NONE,10.744950441959826,19.08074656555244,21.640806322511487,10.744950441959826,19.08074656555244,21.640806322511487,10.744950441959826,19.08074656555244,21.640806322511487,10.744950441959826,19.08074656555244,21.640806322511487,10.744950441959826,19.08074656555244,21.640806322511487,10.744950441959826,19.08074656555244,21.640806322511487,19.08074656555244,25.345909804088915,27.370075765972945,19.08074656555244,25.345909804088915,27.370075765972945,21.081419523976564,28.792976030090944,31.291944370686927,12.81729745307359,19.16460415012412,21.640806322511487,19.08074656555244,25.345909804088915,27.370075765972945,12.81729745307359,19.16460415012412,21.640806322511487,1,1,1,1,1,0,0,0,1,0,1,WELLS_PRESENT,100.0,EVIDENCE_PRESENT,100.0,EVIDENCE_PRESENT,100.0,EVIDENCE_PRESENT,100.0,EVIDENCE_PRESENT,100.0,EVIDENCE_PRESENT,0.0,NO_EVIDENCE_IN_AUDITED_WELLS,0.0,NO_EVIDENCE_IN_AUDITED_WELLS,0.0,NO_EVIDENCE_IN_AUDITED_WELLS,100.0,EVIDENCE_PRESENT,0.0,NO_EVIDENCE_IN_AUDITED_WELLS,100.0,REVIEW_REQUIRED_PRESENT
PIH-500-0547,500,500.00645357181196,4,EPSG:5880,DESCRIPTIVE_NO_PIH_SCORE,1.8453821393731231,5.502473580764429,5.777255127360261,0.45794010369021576,1.8453821393731231,5.502473580764429,0.01771261885261061,3,3.7499515988361307,0.25,0.946394630357186,50.0,3,14.999806395344523,0.25,0.946394630357186,50.0,1,19.999741860459366,0.75,,100.0,21,NONE,7.001409085892256,11.327520182717972,12.020197065522602,7.001409085892256,11.327520182717972,12.020197065522602,7.001409085892256,11.327520182717972,12.020197065522602,7.001409085892256,11.327520182717972,12.020197065522602,7.001409085892256,11.327520182717972,12.020197065522602,7.001409085892256,11.327520182717972,12.020197065522602,36.00121897857729,44.09729161975439,46.87644200813594,36.00121897857729,44.09729161975439,46.87644200813594,41.58890145200384,49.79896938333197,51.90076121446385,7.001409085892256,11.327520182717972,12.020197065522602,33.97514255050854,40.49294313468154,44.08775339550522,7.001409085892256,11.327520182717972,12.020197065522602,4,4,4,4,4,0,0,0,4,0,4,WELLS_PRESENT,100.0,EVIDENCE_PRESENT,100.0,EVIDENCE_PRESENT,100.0,EVIDENCE_PRESENT,100.0,EVIDENCE_PRESENT,100.0,EVIDENCE_PRESENT,0.0,NO_EVIDENCE_IN_AUDITED_WELLS,0.0,NO_EVIDENCE_IN_AUDITED_WELLS,0.0,NO_EVIDENCE_IN_AUDITED_WELLS,100.0,EVIDENCE_PRESENT,0.0,NO_EVIDENCE_IN_AUDITED_WELLS,100.0,REVIEW_REQUIRED_PRESENT
PIH-500-0548,500,500.0193920514368,1,EPSG:5880,DESCRIPTIVE_NO_PIH_SCORE,5.884061254892798,5.884061254892798,11.999810691955373,0.9511651007669053,,,,1,0.04768647855158987,0.0,,100.0,1,1.5728426753192477,0.0,,100.0,1,7.919750478210267,0.0,,100.0,19,NONE,10.75633158885108,15.238002665554092,18.25592808534159,10.75633158885108,15.238002665554092,18.25592808534159,10.75633158885108,15.238002665554092,18.25592808534159,10.75633158885108,15.238002665554092,18.25592808534159,10.75633158885108,15.238002665554092,18.25592808534159,10.75633158885108,15.238002665554092,18.25592808534159,51.69522844136682,55.5323367787231,56.983296657086775,51.69522844136682,55.5323367787231,56.983296657086775,63.07973277781931,70.70194994033324,75.22920120818789,10.75633158885108,15.238002665554092,18.25592808534159,45.94555892823107,50.16441191949187,51.3834516638129,10.75633158885108,15.238002665554092,18.25592808534159,1,1,1,1,1,0,0,0,1,0,1,WELLS_PRESENT,100.0,EVIDENCE_PRESENT,100.0,EVIDENCE_PRESENT,100.0,EVIDENCE_PRESENT,100.0,EVIDENCE_PRESENT,100.0,EVIDENCE_PRESENT,0.0,NO_EVIDENCE_IN_AUDITED_WELLS,0.0,NO_EVIDENCE_IN_AUDITED_WELLS,0.0,NO_EVIDENCE_IN_AUDITED_WELLS,100.0,EVIDENCE_PRESENT,0.0,NO_EVIDENCE_IN_AUDITED_WELLS,100.0,REVIEW_REQUIRED_PRESENT
PIH-500-0549,500,500.03946430891085,1,EPSG:5880,DESCRIPTIVE_NO_PIH_SCORE,21.6660386996489,21.6660386996489,6.776179941239912,0.5371031827044438,,,,1,1.2499013470142668,0.0,,100.0,1,4.999605388057067,0.0,,100.0,1,16.906389577837857,0.0,,100.0,16,NONE,9.408182748760048,15.227723035564301,16.281132860239882,9.408182748760048,15.227723035564301,16.281132860239882,9.408182748760048,15.227723035564301,16.281132860239882,9.408182748760048,15.227723035564301,16.281132860239882,9.408182748760048,15.227723035564301,16.281132860239882,9.408182748760048,15.227723035564301,16.281132860239882,44.656418360791434,49.00495253766195,51.481162477711116,44.656418360791434,49.00495253766195,51.481162477711116,71.71936252552067,77.28467416503418,79.06121021053696,9.408182748760048,15.227723035564301,16.281132860239882,44.656418360791434,49.00495253766195,51.481162477711116,9.408182748760048,15.227723035564301,16.281132860239882,1,1,1,1,1,0,0,0,1,0,1,WELLS_PRESENT,100.0,EVIDENCE_PRESENT,100.0,EVIDENCE_PRESENT,100.0,EVIDENCE_PRESENT,100.0,EVIDENCE_PRESENT,100.0,EVIDENCE_PRESENT,0.0,NO_EVIDENCE_IN_AUDITED_WELLS,0.0,NO_EVIDENCE_IN_AUDITED_WELLS,0.0,NO_EVIDENCE_IN_AUDITED_WELLS,100.0,EVIDENCE_PRESENT,0.0,NO_EVIDENCE_IN_AUDITED_WELLS,100.0,REVIEW_REQUIRED_PRESENT
PIH-500-0550,500,500.0666709044421,2,EPSG:5880,DESCRIPTIVE_NO_PIH_SCORE,4.340169714131623,4.340169714131623,8.649113939175608,0.685539683477572,4.340169714131623,4.340169714131623,,2,2.499666689921958,0.0,1.0,50.0,2,9.996212772595692,0.0,1.0,50.0,2,18.205630467341308,0.0,1.0,50.0,21,NONE,10.423167492431341,17.74786251606704,19.673555599038636,10.423167492431341,17.74786251606704,19.673555599038636,10.423167492431341,17.74786251606704,19.673555599038636,10.423167492431341,17.74786251606704,19.673555599038636,10.423167492431341,17.74786251606704,19.673555599038636,10.423167492431341,17.74786251606704,19.673555599038636,37.077174591026385,46.50844930777626,46.95014183513473,37.077174591026385,46.50844930777626,46.95014183513473,77.06400684306873,85.78338811497791,88.21540070653218,10.423167492431341,17.74786251606704,19.673555599038636,37.077174591026385,46.50844930777626,46.95014183513473,10.423167492431341,17.74786251606704,19.673555599038636,2,2,2,2,2,0,0,0,2,0,2,WELLS_PRESENT,100.0,EVIDENCE_PRESENT,100.0,EVIDENCE_PRESENT,100.0,EVIDENCE_PRESENT,100.0,EVIDENCE_PRESENT,100.0,EVIDENCE_PRESENT,0.0,NO_EVIDENCE_IN_AUDITED_WELLS,0.0,NO_EVIDENCE_IN_AUDITED_WELLS,0.0,NO_EVIDENCE_IN_AUDITED_WELLS,100.0,EVIDENCE_PRESENT,0.0,NO_EVIDENCE_IN_AUDITED_WELLS,100.0,REVIEW_REQUIRED_PRESENT
PIH-500-0551,500,500.1010125387033,0,EPSG:5880,DESCRIPTIVE_NO_PIH_SCORE,,,,,,,,0,0.0,,,,0,0.0,,,,0,0.0,,,,21,NONE,16.085357236170665,20.850768425734294,22.40213691377248,16.085357236170665,20.985916874395823,22.40213691377248,16.085357236170665,20.985916874395823,22.40213691377248,16.085357236170665,20.985916874395823,22.40213691377248,16.085357236170665,20.985916874395823,22.40213691377248,16.085357236170665,20.985916874395823,22.40213691377248,29.859624384641194,36.341437475364,40.07144312729107,29.859624384641194,36.341437475364,40.07144312729107,89.5365658159876,97.69496044189664,100.54796064180603,16.085357236170665,24.880619175798753,25.924480644805108,29.859624384641194,36.341437475364,40.07144312729107,16.085357236170665,24.880619175798753,25.924480644805108,0,0,0,0,0,0,0,0,0,0,0,UNKNOWN_NO_WELLS_IN_DATASET,,UNKNOWN_NO_WELLS_IN_DATASET,,UNKNOWN_NO_WELLS_IN_DATASET,,UNKNOWN_NO_WELLS_IN_DATASET,,UNKNOWN_NO_WELLS_IN_DATASET,,UNKNOWN_NO_WELLS_IN_DATASET,,UNKNOWN_NO_WELLS_IN_DATASET,,UNKNOWN_NO_WELLS_IN_DATASET,,UNKNOWN_NO_WELLS_IN_DATASET,,UNKNOWN_NO_WELLS_IN_DATASET,,UNKNOWN_NO_WELLS_IN_DATASET,,UNKNOWN_NO_WELLS_IN_DATASET
PIH-500-0552,500,500.14249005278833,1,EPSG:5880,DESCRIPTIVE_NO_PIH_SCORE,27.384329084323785,27.384329084323785,5.4683045017427325,0.43339186043754496,,,,1,1.2496438763561828,0.0,,100.0,1,4.998575505424731,0.0,,100.0,1,19.994302021698925,0.0,,100.0,21,NONE,9.667131820666015,14.679736171543883,15.827669777767827,9.667131820666015,14.679736171543883,15.827669777767827,9.667131820666015,14.679736171543883,15.827669777767827,9.667131820666015,14.679736171543883,15.827669777767827,9.667131820666015,14.679736171543883,15.827669777767827,9.667131820666015,14.679736171543883,15.827669777767827,9.667131820666015,14.679736171543883,15.827669777767827,9.667131820666015,14.679736171543883,15.827669777767827,106.51165234627062,114.13109248797048,117.32289039786399,37.959841798454775,44.84087362788117,46.53488761045139,9.667131820666015,14.679736171543883,15.827669777767827,37.4393675345811,44.76293221148933,46.53488761045139,1,1,1,1,1,1,1,0,0,1,0,WELLS_PRESENT,100.0,EVIDENCE_PRESENT,100.0,EVIDENCE_PRESENT,100.0,EVIDENCE_PRESENT,100.0,EVIDENCE_PRESENT,100.0,EVIDENCE_PRESENT,100.0,EVIDENCE_PRESENT,100.0,EVIDENCE_PRESENT,0.0,NO_EVIDENCE_IN_AUDITED_WELLS,0.0,NO_EVIDENCE_IN_AUDITED_WELLS,100.0,EVIDENCE_PRESENT,0.0,NO_REVIEW_FLAG_IN_AUDITED_WELLS
PIH-500-0553,500,500.1911044282918,0,EPSG:5880,DESCRIPTIVE_NO_PIH_SCORE,,,,,,,,0,0.0,,,,0,0.0,,,,0,0.0,,,,20,NONE,21.02708384622369,25.73583242144186,27.875643429553552,21.02708384622369,25.73583242144186,27.875643429553552,21.02708384622369,25.73583242144186,27.875643429553552,21.02708384622369,25.73583242144186,27.875643429553552,21.02708384622369,25.73583242144186,27.875643429553552,21.02708384622369,25.73583242144186,27.875643429553552,21.02708384622369,30.43875788455914,31.002344555157155,21.02708384622369,30.43875788455914,31.002344555157155,126.92727459887485,134.70272967247246,137.2683360382916,33.54762339733395,41.90951380341148,43.95376211802168,21.02708384622369,30.43875788455914,31.002344555157155,33.54762339733395,41.90951380341148,43.95376211802168,0,0,0,0,0,0,0,0,0,0,0,UNKNOWN_NO_WELLS_IN_DATASET,,UNKNOWN_NO_WELLS_IN_DATASET,,UNKNOWN_NO_WELLS_IN_DATASET,,UNKNOWN_NO_WELLS_IN_DATASET,,UNKNOWN_NO_WELLS_IN_DATASET,,UNKNOWN_NO_WELLS_IN_DATASET,,UNKNOWN_NO_WELLS_IN_DATASET,,UNKNOWN_NO_WELLS_IN_DATASET,,UNKNOWN_NO_WELLS_IN_DATASET,,UNKNOWN_NO_WELLS_IN_DATASET,,UNKNOWN_NO_WELLS_IN_DATASET,,UNKNOWN_NO_WELLS_IN_DATASET
PIH-500-0554,500,500.24685678739047,0,EPSG:5880,DESCRIPTIVE_NO_PIH_SCORE,,,,,,,,0,0.0,,,,0,0.0,,,,0,0.0,,,,17,NONE,17.407335723883833,25.182476018764014,27.014227901106132,17.407335723883833,25.182476018764014,27.014227901106132,17.407335723883833,25.182476018764014,27.014227901106132,17.407335723883833,25.182476018764014,27.014227901106132,17.407335723883833,25.182476018764014,27.014227901106132,17.407335723883833,25.182476018764014,27.014227901106132,36.497156855469576,40.45264600526307,40.79880458536872,36.497156855469576,40.45264600526307,40.79880458536872,130.89540115195194,138.23455631194645,141.7797375034613,17.407335723883833,25.182476018764014,27.014227901106132,36.497156855469576,40.45264600526307,40.79880458536872,17.407335723883833,25.182476018764014,27.014227901106132,0,0,0,0,0,0,0,0,0,0,0,UNKNOWN_NO_WELLS_IN_DATASET,,UNKNOWN_NO_WELLS_IN_DATASET,,UNKNOWN_NO_WELLS_IN_DATASET,,UNKNOWN_NO_WELLS_IN_DATASET,,UNKNOWN_NO_WELLS_IN_DATASET,,UNKNOWN_NO_WELLS_IN_DATASET,,UNKNOWN_NO_WELLS_IN_DATASET,,UNKNOWN_NO_WELLS_IN_DATASET,,UNKNOWN_NO_WELLS_IN_DATASET,,UNKNOWN_NO_WELLS_IN_DATASET,,UNKNOWN_NO_WELLS_IN_DATASET,,UNKNOWN_NO_WELLS_IN_DATASET
PIH-500-0555,500,500.3097483925855,0,EPSG:5880,DESCRIPTIVE_NO_PIH_SCORE,,,,,,,,0,0.0,,,,0,0.0,,,,0,0.0,,,,20,NONE,16.863577842654514,21.929906089703476,23.339428764165884,16.863577842654514,21.929906089703476,23.339428764165884,16.863577842654514,21.929906089703476,23.339428764165884,16.863577842654514,21.929906089703476,23.339428764165884,16.863577842654514,21.929906089703476,23.339428764165884,16.863577842654514,21.929906089703476,23.339428764165884,20.430984294119583,29.788588067689712,31.34625851660017,20.430984294119583,29.788588067689712,31.34625851660017,113.00405118088517,120.4027462385454,123.44149837126592,16.863577842654514,22.003952631812677,24.186417913088444,20.430984294119583,29.788588067689712,31.34625851660017,18.22128421095496,22.513323106455278,23.339428764165884,0,0,0,0,0,0,0,0,0,0,0,UNKNOWN_NO_WELLS_IN_DATASET,,UNKNOWN_NO_WELLS_IN_DATASET,,UNKNOWN_NO_WELLS_IN_DATASET,,UNKNOWN_NO_WELLS_IN_DATASET,,UNKNOWN_NO_WELLS_IN_DATASET,,UNKNOWN_NO_WELLS_IN_DATASET,,UNKNOWN_NO_WELLS_IN_DATASET,,UNKNOWN_NO_WELLS_IN_DATASET,,UNKNOWN_NO_WELLS_IN_DATASET,,UNKNOWN_NO_WELLS_IN_DATASET,,UNKNOWN_NO_WELLS_IN_DATASET,,UNKNOWN_NO_WELLS_IN_DATASET
PIH-500-0556,500,500.3797806468494,2,EPSG:5880,DESCRIPTIVE_NO_PIH_SCORE,10.526974184489099,10.526974184489099,4.695493507282427,0.37205427966901927,10.526974184489099,10.526974184489099,,2,2.498102538004441,0.0,1.0,50.0,2,9.992410152017763,0.0,1.0,50.0,2,38.77348116455445,0.0,1.0,50.0,21,NONE,6.772770058734052,12.76082147171506,14.859482913996704,6.772770058734052,12.76082147171506,14.859482913996704,6.772770058734052,12.76082147171506,14.859482913996704,6.772770058734052,12.76082147171506,14.859482913996704,6.772770058734052,12.76082147171506,14.859482913996704,6.772770058734052,12.76082147171506,14.859482913996704,9.761279199916519,15.103683706192973,16.89491907415002,9.761279199916519,15.103683706192973,16.89491907415002,96.72336475668808,105.11698289201844,107.80761268859675,9.761279199916519,15.103683706192973,16.89491907415002,9.761279199916519,15.103683706192973,16.89491907415002,10.374489339335044,14.25967173447616,17.44290636559939,2,2,2,2,2,1,1,0,1,1,1,WELLS_PRESENT,100.0,EVIDENCE_PRESENT,100.0,EVIDENCE_PRESENT,100.0,EVIDENCE_PRESENT,100.0,EVIDENCE_PRESENT,100.0,EVIDENCE_PRESENT,50.0,EVIDENCE_PRESENT,50.0,EVIDENCE_PRESENT,0.0,NO_EVIDENCE_IN_AUDITED_WELLS,50.0,EVIDENCE_PRESENT,50.0,EVIDENCE_PRESENT,50.0,REVIEW_REQUIRED_PRESENT
PIH-500-0557,500,500.45695509362616,0,EPSG:5880,DESCRIPTIVE_NO_PIH_SCORE,,,,,,,,0,0.0,,,,0,0.0,,,,0,0.0,,,,21,NONE,17.713139448924164,23.375704797374198,26.959423172480907,17.713139448924164,23.375704797374198,26.959423172480907,18.511833273399823,24.873582052867715,28.29885587512715,17.713139448924164,23.375704797374198,26.959423172480907,18.511833273399823,24.873582052867715,28.29885587512715,28.483275918829527,34.75517170861433,35.238696974755875,30.513996667488797,35.40682028012903,39.79320144321834,30.513996667488797,35.40682028012903,39.79320144321834,85.09349554100702,93.58841224856495,96.21837167166434,18.676483015922418,27.908542907005398,28.29885587512715,19.045624815539007,28.06836616191108,28.784071418626144,17.713139448924164,23.375704797374198,26.959423172480907,0,0,0,0,0,0,0,0,0,0,0,UNKNOWN_NO_WELLS_IN_DATASET,,UNKNOWN_NO_WELLS_IN_DATASET,,UNKNOWN_NO_WELLS_IN_DATASET,,UNKNOWN_NO_WELLS_IN_DATASET,,UNKNOWN_NO_WELLS_IN_DATASET,,UNKNOWN_NO_WELLS_IN_DATASET,,UNKNOWN_NO_WELLS_IN_DATASET,,UNKNOWN_NO_WELLS_IN_DATASET,,UNKNOWN_NO_WELLS_IN_DATASET,,UNKNOWN_NO_WELLS_IN_DATASET,,UNKNOWN_NO_WELLS_IN_DATASET,,UNKNOWN_NO_WELLS_IN_DATASET
PIH-500-0558,500,404.58680650155065,0,EPSG:5880,DESCRIPTIVE_NO_PIH_SCORE,,,,,,,,0,0.0,,,,0,0.0,,,,0,0.0,,,,15,NONE,19.27638611131724,23.47653706558877,25.653878717535516,19.27638611131724,23.47653706558877,25.653878717535516,19.557512318562768,23.999510392807004,25.776457164235584,19.27638611131724,23.47653706558877,25.653878717535516,19.557512318562768,23.999510392807004,25.776457164235584,19.761780576518106,27.547342753145518,30.93241493345425,36.3945008229745,41.47419868923633,41.85469433790823,36.3945008229745,41.47419868923633,41.85469433790823,79.70881642344115,85.10099153479378,85.99002617012854,19.557512318562768,23.999510392807004,25.776457164235584,28.284168641916256,34.74677142521735,38.84394983272279,19.761780576518106,23.973369662621064,25.653878717535516,0,0,0,0,0,0,0,0,0,0,0,UNKNOWN_NO_WELLS_IN_DATASET,,UNKNOWN_NO_WELLS_IN_DATASET,,UNKNOWN_NO_WELLS_IN_DATASET,,UNKNOWN_NO_WELLS_IN_DATASET,,UNKNOWN_NO_WELLS_IN_DATASET,,UNKNOWN_NO_WELLS_IN_DATASET,,UNKNOWN_NO_WELLS_IN_DATASET,,UNKNOWN_NO_WELLS_IN_DATASET,,UNKNOWN_NO_WELLS_IN_DATASET,,UNKNOWN_NO_WELLS_IN_DATASET,,UNKNOWN_NO_WELLS_IN_DATASET,,UNKNOWN_NO_WELLS_IN_DATASET
PIH-500-0559,500,54.18183362540914,1,EPSG:5880,DESCRIPTIVE_NO_PIH_SCORE,9.35605292259175,9.35605292259175,3.880254322195956,0.9343471785789018,,,,1,6.94600895882261,0.0,,100.0,1,19.913272328718847,0.0,,100.0,1,32.441499533686006,0.0,,100.0,1,NONE,4.256897675069526,4.256897675069526,4.256897675069526,4.256897675069526,4.256897675069526,4.256897675069526,4.256897675069526,4.256897675069526,4.256897675069526,4.256897675069526,4.256897675069526,4.256897675069526,4.256897675069526,4.256897675069526,4.256897675069526,4.256897675069526,4.256897675069526,4.256897675069526,36.491276009168594,36.491276009168594,36.491276009168594,36.491276009168594,36.491276009168594,36.491276009168594,75.40296739390219,75.40296739390219,75.40296739390219,4.256897675069526,4.256897675069526,4.256897675069526,36.45839000674016,36.45839000674016,36.45839000674016,4.256897675069526,4.256897675069526,4.256897675069526,1,1,1,1,1,0,0,0,1,0,1,WELLS_PRESENT,100.0,EVIDENCE_PRESENT,100.0,EVIDENCE_PRESENT,100.0,EVIDENCE_PRESENT,100.0,EVIDENCE_PRESENT,100.0,EVIDENCE_PRESENT,0.0,NO_EVIDENCE_IN_AUDITED_WELLS,0.0,NO_EVIDENCE_IN_AUDITED_WELLS,0.0,NO_EVIDENCE_IN_AUDITED_WELLS,100.0,EVIDENCE_PRESENT,0.0,NO_EVIDENCE_IN_AUDITED_WELLS,100.0,REVIEW_REQUIRED_PRESENT
PIH-500-0560,500,53.13083504036797,1,EPSG:5880,DESCRIPTIVE_NO_PIH_SCORE,0.6018490258368903,0.6018490258368903,10.548942290988649,2.5651368048096135,,,,1,0.5354279983698751,0.0,,100.0,1,5.4065946355530805,0.0,,100.0,1,5.4065946355530805,0.0,,100.0,3,NONE,10.91728358745751,15.84024994853405,17.070991538803185,10.91728358745751,15.84024994853405,17.070991538803185,10.91728358745751,15.84024994853405,17.070991538803185,10.91728358745751,15.84024994853405,17.070991538803185,10.91728358745751,15.84024994853405,17.070991538803185,10.91728358745751,15.84024994853405,17.070991538803185,10.91728358745751,15.84024994853405,17.070991538803185,10.91728358745751,15.84024994853405,17.070991538803185,27.875448421361188,33.51139583855962,34.92038269285923,16.420486192143706,20.75410049099227,21.837504065704408,10.91728358745751,15.84024994853405,17.070991538803185,10.91728358745751,15.84024994853405,17.070991538803185,1,1,1,1,1,1,1,0,0,1,1,WELLS_PRESENT,100.0,EVIDENCE_PRESENT,100.0,EVIDENCE_PRESENT,100.0,EVIDENCE_PRESENT,100.0,EVIDENCE_PRESENT,100.0,EVIDENCE_PRESENT,100.0,EVIDENCE_PRESENT,100.0,EVIDENCE_PRESENT,0.0,NO_EVIDENCE_IN_AUDITED_WELLS,0.0,NO_EVIDENCE_IN_AUDITED_WELLS,100.0,EVIDENCE_PRESENT,100.0,REVIEW_REQUIRED_PRESENT
PIH-500-0561,500,500.9059978860787,19,EPSG:5880,DESCRIPTIVE_NO_PIH_SCORE,0.6018490258368903,2.971909886587825,3.822580856213059,0.30272863372475983,1.316446948698012,3.7982722057093565,0.32445669387572673,12,13.190086639016371,0.368421052631579,0.9263986247862876,26.31578947368421,10,37.94133867104671,0.4736842105263158,0.9244170872779358,26.31578947368421,4,52.549483995860356,0.7894736842105263,0.8737065197658209,42.10526315789473,20,NONE,3.747397295766093,7.247016355927025,9.964375223516466,3.747397295766093,7.247016355927025,9.964375223516466,5.077945718300471,9.720926246726163,12.15327776154027,3.747397295766093,7.247016355927025,9.964375223516466,3.747397295766093,7.247016355927025,9.964375223516466,3.8794738271980247,7.247016355927025,9.964375223516466,6.819764550502324,14.740156557532888,16.319537645599947,6.819764550502324,14.740156557532888,16.319537645599947,17.475203448938075,23.698645348289382,25.475430604608555,6.00379432386399,11.077423286858995,13.012889303496664,5.077945718300471,9.720926246726163,12.15327776154027,3.8520753360030158,7.247016355927025,9.964375223516466,18,15,18,18,17,9,9,0,9,17,16,WELLS_PRESENT,94.7368,EVIDENCE_PRESENT,78.9474,EVIDENCE_PRESENT,94.7368,EVIDENCE_PRESENT,94.7368,EVIDENCE_PRESENT,89.4737,EVIDENCE_PRESENT,47.3684,EVIDENCE_PRESENT,47.3684,EVIDENCE_PRESENT,0.0,NO_EVIDENCE_IN_AUDITED_WELLS,47.3684,EVIDENCE_PRESENT,89.4737,EVIDENCE_PRESENT,84.2105,REVIEW_REQUIRED_PRESENT
PIH-500-0562,500,500.82328905868485,5,EPSG:5880,DESCRIPTIVE_NO_PIH_SCORE,0.7788072298589965,6.274925328189651,8.38114926752561,0.6637984802978001,0.7788072298589965,6.274925328189651,0.027744882386722285,4,4.606669747501832,0.19999999999999996,0.9609640474436812,40.0,3,12.426794073574097,0.4,0.8649735207179272,60.0,3,36.521565047236734,0.4,0.8649735207179272,60.0,16,NONE,5.775973327268914,10.508054843082016,12.585967527820026,5.775973327268914,10.508054843082016,12.585967527820026,6.45769876697933,10.508054843082016,12.585967527820026,5.775973327268914,10.508054843082016,12.585967527820026,5.775973327268914,10.508054843082016,12.585967527820026,5.775973327268914,10.508054843082016,12.585967527820026,12.73311277110621,17.582974633763005,19.300434810231184,12.73311277110621,17.582974633763005,19.300434810231184,21.153092841688316,28.00248278118896,29.423356979029787,9.079630738806959,14.934188132646755,16.755722122090035,7.502815702874695,10.508054843082016,12.585967527820026,7.980187112948405,13.229434534312547,16.110383462806226,5,2,5,5,4,0,0,0,4,1,4,WELLS_PRESENT,100.0,EVIDENCE_PRESENT,40.0,EVIDENCE_PRESENT,100.0,EVIDENCE_PRESENT,100.0,EVIDENCE_PRESENT,80.0,EVIDENCE_PRESENT,0.0,NO_EVIDENCE_IN_AUDITED_WELLS,0.0,NO_EVIDENCE_IN_AUDITED_WELLS,0.0,NO_EVIDENCE_IN_AUDITED_WELLS,80.0,EVIDENCE_PRESENT,20.0,EVIDENCE_PRESENT,80.0,REVIEW_REQUIRED_PRESENT
PIH-500-0563,500,500.7184586163148,0,EPSG:5880,DESCRIPTIVE_NO_PIH_SCORE,,,,,,,,0,0.0,,,,0,0.0,,,,0,0.0,,,,20,NONE,24.78668846327553,30.403665809789537,34.018577335068784,25.329528992923322,32.915402446845526,35.30391506873606,25.329528992923322,32.915402446845526,35.30391506873606,25.329528992923322,32.915402446845526,35.30391506873606,25.329528992923322,32.915402446845526,35.30391506873606,25.329528992923322,32.915402446845526,35.30391506873606,27.245905322860438,35.288138391705,37.854630923721544,27.245905322860438,35.288138391705,37.854630923721544,41.4527638233387,49.20002572950368,51.62371545817124,28.82623479361489,36.1645459094581,39.00695108444816,25.329528992923322,32.915402446845526,35.30391506873606,24.945120272302432,34.01952204548381,35.95486060908273,0,0,0,0,0,0,0,0,0,0,0,UNKNOWN_NO_WELLS_IN_DATASET,,UNKNOWN_NO_WELLS_IN_DATASET,,UNKNOWN_NO_WELLS_IN_DATASET,,UNKNOWN_NO_WELLS_IN_DATASET,,UNKNOWN_NO_WELLS_IN_DATASET,,UNKNOWN_NO_WELLS_IN_DATASET,,UNKNOWN_NO_WELLS_IN_DATASET,,UNKNOWN_NO_WELLS_IN_DATASET,,UNKNOWN_NO_WELLS_IN_DATASET,,UNKNOWN_NO_WELLS_IN_DATASET,,UNKNOWN_NO_WELLS_IN_DATASET,,UNKNOWN_NO_WELLS_IN_DATASET
PIH-500-0564,500,500.6207728984474,0,EPSG:5880,DESCRIPTIVE_NO_PIH_SCORE,,,,,,,,0,0.0,,,,0,0.0,,,,0,0.0,,,,21,NONE,27.214377505411253,36.39630893366845,36.98189821127396,35.42707791775206,44.913217334180544,45.310909566788396,35.42707791775206,44.913217334180544,45.310909566788396,35.42707791775206,44.913217334180544,45.310909566788396,35.42707791775206,44.913217334180544,45.310909566788396,35.42707791775206,44.913217334180544,45.310909566788396,47.83615309005108,56.44858917284249,58.931014594541786,47.83615309005108,56.44858917284249,58.931014594541786,64.7481669215336,73.89037440244275,75.59287042768673,35.42707791775206,44.913217334180544,45.310909566788396,47.728317946830224,55.73086064671606,58.849389407455554,27.214377505411253,36.39630893366845,36.98189821127396,0,0,0,0,0,0,0,0,0,0,0,UNKNOWN_NO_WELLS_IN_DATASET,,UNKNOWN_NO_WELLS_IN_DATASET,,UNKNOWN_NO_WELLS_IN_DATASET,,UNKNOWN_NO_WELLS_IN_DATASET,,UNKNOWN_NO_WELLS_IN_DATASET,,UNKNOWN_NO_WELLS_IN_DATASET,,UNKNOWN_NO_WELLS_IN_DATASET,,UNKNOWN_NO_WELLS_IN_DATASET,,UNKNOWN_NO_WELLS_IN_DATASET,,UNKNOWN_NO_WELLS_IN_DATASET,,UNKNOWN_NO_WELLS_IN_DATASET,,UNKNOWN_NO_WELLS_IN_DATASET
PIH-500-0565,500,500.53023015801324,0,EPSG:5880,DESCRIPTIVE_NO_PIH_SCORE,,,,,,,,0,0.0,,,,0,0.0,,,,0,0.0,,,,21,NONE,38.18442147132797,45.25968726019875,48.34209880675429,42.30590080611017,50.87032454187444,53.40326286411059,42.30590080611017,50.87032454187444,53.40326286411059,42.30590080611017,50.87032454187444,53.40326286411059,42.30590080611017,50.87032454187444,53.40326286411059,42.30590080611017,50.87032454187444,53.40326286411059,70.08817790345614,78.80671518960847,81.23656966854507,70.08817790345614,78.80671518960847,81.23656966854507,89.39574476164726,98.78796227842727,100.06775765094291,42.30590080611017,50.87032454187444,53.40326286411059,70.01181679360974,78.72721127990164,81.15979787024239,38.18442147132797,45.25968726019875,48.34209880675429,0,0,0,0,0,0,0,0,0,0,0,UNKNOWN_NO_WELLS_IN_DATASET,,UNKNOWN_NO_WELLS_IN_DATASET,,UNKNOWN_NO_WELLS_IN_DATASET,,UNKNOWN_NO_WELLS_IN_DATASET,,UNKNOWN_NO_WELLS_IN_DATASET,,UNKNOWN_NO_WELLS_IN_DATASET,,UNKNOWN_NO_WELLS_IN_DATASET,,UNKNOWN_NO_WELLS_IN_DATASET,,UNKNOWN_NO_WELLS_IN_DATASET,,UNKNOWN_NO_WELLS_IN_DATASET,,UNKNOWN_NO_WELLS_IN_DATASET,,UNKNOWN_NO_WELLS_IN_DATASET
PIH-500-0566,500,500.4468287876513,0,EPSG:5880,DESCRIPTIVE_NO_PIH_SCORE,,,,,,,,0,0.0,,,,0,0.0,,,,0,0.0,,,,21,NONE,59.10396605850558,67.18099989923465,69.29506456892845,60.08645496869265,68.47349269447301,71.15208738870314,60.08645496869265,68.47349269447301,71.15208738870314,60.08645496869265,68.47349269447301,71.15208738870314,60.08645496869265,68.47349269447301,71.15208738870314,60.08645496869265,68.47349269447301,71.15208738870314,77.63243079358863,87.37041536720464,87.76617895377653,77.63243079358863,87.37041536720464,87.76617895377653,114.19664287219827,123.72685865613326,124.75107287345728,60.08645496869265,68.47349269447301,71.15208738870314,77.63243079358863,87.37041536720464,87.76617895377653,59.10396605850558,67.18099989923465,69.29506456892845,0,0,0,0,0,0,0,0,0,0,0,UNKNOWN_NO_WELLS_IN_DATASET,,UNKNOWN_NO_WELLS_IN_DATASET,,UNKNOWN_NO_WELLS_IN_DATASET,,UNKNOWN_NO_WELLS_IN_DATASET,,UNKNOWN_NO_WELLS_IN_DATASET,,UNKNOWN_NO_WELLS_IN_DATASET,,UNKNOWN_NO_WELLS_IN_DATASET,,UNKNOWN_NO_WELLS_IN_DATASET,,UNKNOWN_NO_WELLS_IN_DATASET,,UNKNOWN_NO_WELLS_IN_DATASET,,UNKNOWN_NO_WELLS_IN_DATASET,,UNKNOWN_NO_WELLS_IN_DATASET
PIH-500-0567,500,500.37056731947064,0,EPSG:5880,DESCRIPTIVE_NO_PIH_SCORE,,,,,,,,0,0.0,,,,0,0.0,,,,0,0.0,,,,16,NONE,76.77451415941269,83.95807283978027,86.5259403363267,77.15711327340972,85.23748530404185,86.5259403363267,77.15711327340972,85.23748530404185,86.5259403363267,77.15711327340972,85.23748530404185,86.5259403363267,77.15711327340972,85.23748530404185,86.5259403363267,77.15711327340972,85.23748530404185,86.5259403363267,79.70129848395975,87.71693638990553,89.97201847252819,79.70129848395975,87.71693638990553,89.97201847252819,136.95914596237355,143.87093831823717,144.5761025637062,77.15711327340972,85.23748530404185,86.5259403363267,79.70129848395975,87.71693638990553,89.97201847252819,76.77451415941269,83.95807283978027,86.5259403363267,0,0,0,0,0,0,0,0,0,0,0,UNKNOWN_NO_WELLS_IN_DATASET,,UNKNOWN_NO_WELLS_IN_DATASET,,UNKNOWN_NO_WELLS_IN_DATASET,,UNKNOWN_NO_WELLS_IN_DATASET,,UNKNOWN_NO_WELLS_IN_DATASET,,UNKNOWN_NO_WELLS_IN_DATASET,,UNKNOWN_NO_WELLS_IN_DATASET,,UNKNOWN_NO_WELLS_IN_DATASET,,UNKNOWN_NO_WELLS_IN_DATASET,,UNKNOWN_NO_WELLS_IN_DATASET,,UNKNOWN_NO_WELLS_IN_DATASET,,UNKNOWN_NO_WELLS_IN_DATASET
PIH-500-0568,500,500.3014444252581,0,EPSG:5880,DESCRIPTIVE_NO_PIH_SCORE,,,,,,,,0,0.0,,,,0,0.0,,,,0,0.0,,,,20,NONE,87.27518510819579,96.38787709840261,98.97819149312542,87.27518510819579,96.38787709840261,98.97819149312542,87.99490759904472,96.7705243296338,98.97819149312542,87.27518510819579,96.38787709840261,98.97819149312542,87.27518510819579,96.38787709840261,98.97819149312542,87.27518510819579,96.38787709840261,98.97819149312542,87.99490759904472,96.7705243296338,98.97819149312542,87.99490759904472,96.7705243296338,98.97819149312542,134.81914959800957,144.2744374219622,146.1687875655115,87.27518510819579,96.38787709840261,98.97819149312542,87.99490759904472,96.7705243296338,98.97819149312542,87.27518510819579,96.38787709840261,98.97819149312542,0,0,0,0,0,0,0,0,0,0,0,UNKNOWN_NO_WELLS_IN_DATASET,,UNKNOWN_NO_WELLS_IN_DATASET,,UNKNOWN_NO_WELLS_IN_DATASET,,UNKNOWN_NO_WELLS_IN_DATASET,,UNKNOWN_NO_WELLS_IN_DATASET,,UNKNOWN_NO_WELLS_IN_DATASET,,UNKNOWN_NO_WELLS_IN_DATASET,,UNKNOWN_NO_WELLS_IN_DATASET,,UNKNOWN_NO_WELLS_IN_DATASET,,UNKNOWN_NO_WELLS_IN_DATASET,,UNKNOWN_NO_WELLS_IN_DATASET,,UNKNOWN_NO_WELLS_IN_DATASET
PIH-500-0569,500,500.23945891649333,0,EPSG:5880,DESCRIPTIVE_NO_PIH_SCORE,,,,,,,,0,0.0,,,,0,0.0,,,,0,0.0,,,,21,NONE,85.72653382548897,93.14226332197433,97.79438946499633,85.72653382548897,93.14226332197433,97.79438946499633,86.82735579669088,94.90870005677812,97.87641487665653,85.72653382548897,93.14226332197433,97.79438946499633,85.72653382548897,93.14226332197433,97.79438946499633,85.72653382548897,93.14226332197433,97.79438946499633,91.01398992588088,98.72056371748549,100.49277663426439,91.01398992588088,98.72056371748549,100.49277663426439,111.00884156761514,119.59838896070598,121.98452255436331,85.72653382548897,93.14226332197433,97.79438946499633,91.01398992588088,98.72056371748549,100.49277663426439,95.46885017756313,104.15460605326956,105.96503758337617,0,0,0,0,0,0,0,0,0,0,0,UNKNOWN_NO_WELLS_IN_DATASET,,UNKNOWN_NO_WELLS_IN_DATASET,,UNKNOWN_NO_WELLS_IN_DATASET,,UNKNOWN_NO_WELLS_IN_DATASET,,UNKNOWN_NO_WELLS_IN_DATASET,,UNKNOWN_NO_WELLS_IN_DATASET,,UNKNOWN_NO_WELLS_IN_DATASET,,UNKNOWN_NO_WELLS_IN_DATASET,,UNKNOWN_NO_WELLS_IN_DATASET,,UNKNOWN_NO_WELLS_IN_DATASET,,UNKNOWN_NO_WELLS_IN_DATASET,,UNKNOWN_NO_WELLS_IN_DATASET
PIH-500-0570,500,500.18460974416865,0,EPSG:5880,DESCRIPTIVE_NO_PIH_SCORE,,,,,,,,0,0.0,,,,0,0.0,,,,0,0.0,,,,21,NONE,63.85516220240753,72.36093203262756,74.55357622053057,63.85516220240753,72.36093203262756,74.55357622053057,63.85516220240753,72.36093203262756,74.55357622053057,63.85516220240753,72.36093203262756,74.55357622053057,63.85516220240753,72.36093203262756,74.55357622053057,63.85516220240753,72.36093203262756,74.55357622053057,69.32570342881749,77.89907581592819,80.13316408670863,69.32570342881749,77.89907581592819,80.13316408670863,87.10839334202083,95.45333642444884,98.20963815868743,63.85516220240753,72.36093203262756,74.55357622053057,69.32570342881749,77.89907581592819,80.13316408670863,82.0935039922115,90.27269669827757,93.26348490693469,0,0,0,0,0,0,0,0,0,0,0,UNKNOWN_NO_WELLS_IN_DATASET,,UNKNOWN_NO_WELLS_IN_DATASET,,UNKNOWN_NO_WELLS_IN_DATASET,,UNKNOWN_NO_WELLS_IN_DATASET,,UNKNOWN_NO_WELLS_IN_DATASET,,UNKNOWN_NO_WELLS_IN_DATASET,,UNKNOWN_NO_WELLS_IN_DATASET,,UNKNOWN_NO_WELLS_IN_DATASET,,UNKNOWN_NO_WELLS_IN_DATASET,,UNKNOWN_NO_WELLS_IN_DATASET,,UNKNOWN_NO_WELLS_IN_DATASET,,UNKNOWN_NO_WELLS_IN_DATASET
PIH-500-0571,500,500.1368959990299,0,EPSG:5880,DESCRIPTIVE_NO_PIH_SCORE,,,,,,,,0,0.0,,,,0,0.0,,,,0,0.0,,,,21,NONE,41.78368091697154,50.044967136626866,52.78900326236074,41.78368091697154,50.044967136626866,52.78900326236074,41.78368091697154,50.044967136626866,52.78900326236074,41.78368091697154,50.044967136626866,52.78900326236074,41.78368091697154,50.044967136626866,52.78900326236074,41.78368091697154,50.044967136626866,52.78900326236074,46.68117968397287,55.56746700087113,58.23050612744959,46.68117968397287,55.56746700087113,58.23050612744959,64.98731043337638,73.12193761994291,75.23325269921972,41.78368091697154,50.044967136626866,52.78900326236074,46.68117968397287,55.56746700087113,58.23050612744959,59.765165097953705,67.69050526997879,72.38059892268765,0,0,0,0,0,0,0,0,0,0,0,UNKNOWN_NO_WELLS_IN_DATASET,,UNKNOWN_NO_WELLS_IN_DATASET,,UNKNOWN_NO_WELLS_IN_DATASET,,UNKNOWN_NO_WELLS_IN_DATASET,,UNKNOWN_NO_WELLS_IN_DATASET,,UNKNOWN_NO_WELLS_IN_DATASET,,UNKNOWN_NO_WELLS_IN_DATASET,,UNKNOWN_NO_WELLS_IN_DATASET,,UNKNOWN_NO_WELLS_IN_DATASET,,UNKNOWN_NO_WELLS_IN_DATASET,,UNKNOWN_NO_WELLS_IN_DATASET,,UNKNOWN_NO_WELLS_IN_DATASET
PIH-500-0572,500,500.0963169114331,0,EPSG:5880,DESCRIPTIVE_NO_PIH_SCORE,,,,,,,,0,0.0,,,,0,0.0,,,,0,0.0,,,,16,NONE,25.795140296376864,32.779757345488854,35.506975116241414,25.795140296376864,32.779757345488854,35.506975116241414,25.795140296376864,32.779757345488854,35.506975116241414,25.795140296376864,32.779757345488854,35.506975116241414,25.795140296376864,32.779757345488854,35.506975116241414,25.795140296376864,32.779757345488854,35.506975116241414,27.12043052681681,33.79965789202324,35.506975116241414,27.12043052681681,33.79965789202324,35.506975116241414,45.43793954858698,52.43727421373137,54.082821636347624,28.092987301679937,36.07826069460311,37.986718217775646,27.12043052681681,33.79965789202324,35.506975116241414,40.17595106940742,47.89147754318085,48.95214611235972,0,0,0,0,0,0,0,0,0,0,0,UNKNOWN_NO_WELLS_IN_DATASET,,UNKNOWN_NO_WELLS_IN_DATASET,,UNKNOWN_NO_WELLS_IN_DATASET,,UNKNOWN_NO_WELLS_IN_DATASET,,UNKNOWN_NO_WELLS_IN_DATASET,,UNKNOWN_NO_WELLS_IN_DATASET,,UNKNOWN_NO_WELLS_IN_DATASET,,UNKNOWN_NO_WELLS_IN_DATASET,,UNKNOWN_NO_WELLS_IN_DATASET,,UNKNOWN_NO_WELLS_IN_DATASET,,UNKNOWN_NO_WELLS_IN_DATASET,,UNKNOWN_NO_WELLS_IN_DATASET
PIH-500-0573,500,500.0628718513157,2,EPSG:5880,DESCRIPTIVE_NO_PIH_SCORE,0.10696189244491976,0.10696189244491976,12.296264361682095,0.9746211297560868,0.10696189244491976,0.10696189244491976,,1,1.2498428401335742,0.5,,100.0,1,4.66616986490403,0.5,,100.0,1,7.191699881496984,0.5,,100.0,20,NONE,12.891318356287659,19.030035023533916,22.873822795436972,12.891318356287659,19.030035023533916,22.873822795436972,12.891318356287659,20.545326721146264,22.873822795436972,12.891318356287659,19.030035023533916,22.873822795436972,12.891318356287659,19.030035023533916,22.873822795436972,12.891318356287659,19.030035023533916,22.873822795436972,14.261237667996738,20.554614697200545,22.909927529145655,14.261237667996738,20.554614697200545,22.909927529145655,31.931547909345472,39.582152897994966,40.694806645222286,19.694313214699722,24.527509516614487,28.56676446704423,14.202833064458495,20.545326721146264,22.873822795436972,20.074423880629624,28.63413338473179,30.723740437792863,2,2,2,2,2,1,1,0,0,2,0,WELLS_PRESENT,100.0,EVIDENCE_PRESENT,100.0,EVIDENCE_PRESENT,100.0,EVIDENCE_PRESENT,100.0,EVIDENCE_PRESENT,100.0,EVIDENCE_PRESENT,50.0,EVIDENCE_PRESENT,50.0,EVIDENCE_PRESENT,0.0,NO_EVIDENCE_IN_AUDITED_WELLS,0.0,NO_EVIDENCE_IN_AUDITED_WELLS,100.0,EVIDENCE_PRESENT,0.0,NO_REVIEW_FLAG_IN_AUDITED_WELLS
PIH-500-0574,500,500.03656032834976,16,EPSG:5880,DESCRIPTIVE_NO_PIH_SCORE,1.7288269391526672,3.8642553502755836,5.232446516482279,0.4147427993850021,1.7288269391526672,3.8642553502755836,0.5004956037102704,12,13.541047949053716,0.25,0.9414324415725632,25.0,10,42.08043299674614,0.375,0.940718736449941,25.0,6,59.78063760525259,0.625,0.967132018086354,25.0,21,NONE,3.3174124050177087,6.613634594161873,9.817360444475668,4.583722288467533,8.567036397966946,11.44621312795733,5.744753387715356,8.567036397966946,11.44621312795733,4.583722288467533,8.567036397966946,11.44621312795733,4.583722288467533,8.567036397966946,11.44621312795733,4.583722288467533,8.567036397966946,11.44621312795733,13.880782975727502,19.957520451559827,21.996126794336867,13.880782975727502,19.957520451559827,21.996126794336867,32.973726433095415,40.7886716589824,42.707826322879455,4.8930727222276555,10.654666806164478,11.44621312795733,10.648085415968671,15.92125062633126,20.829444376808308,3.797951090534621,7.404464561847424,9.817360444475668,8,6,7,7,7,1,1,0,5,2,10,WELLS_PRESENT,50.0,EVIDENCE_PRESENT,37.5,EVIDENCE_PRESENT,43.75,EVIDENCE_PRESENT,43.75,EVIDENCE_PRESENT,43.75,EVIDENCE_PRESENT,6.25,EVIDENCE_PRESENT,6.25,EVIDENCE_PRESENT,0.0,NO_EVIDENCE_IN_AUDITED_WELLS,31.25,EVIDENCE_PRESENT,12.5,EVIDENCE_PRESENT,62.5,REVIEW_REQUIRED_PRESENT
PIH-500-0575,500,500.01738199179016,12,EPSG:5880,DESCRIPTIVE_NO_PIH_SCORE,0.4510813409941251,4.454458972706652,9.55328467126299,0.757242716116071,0.4510813409941251,4.454458972706652,0.1054411703275874,6,7.368115699802644,0.5,0.8836333707797247,41.66666666666667,5,22.541211863823886,0.5833333333333333,0.8848616689990428,41.66666666666667,3,37.4902549693568,0.75,0.75,66.66666666666666,21,NONE,4.063387269091411,8.899358872174744,13.133372659699301,7.461339819276834,12.299463793126238,14.107788228431785,7.461339819276834,12.299463793126238,14.107788228431785,7.461339819276834,12.299463793126238,14.107788228431785,7.461339819276834,12.299463793126238,14.107788228431785,7.461339819276834,12.299463793126238,14.107788228431785,13.40649942884308,21.584779750884728,23.69350320894159,13.40649942884308,21.584779750884728,23.69350320894159,47.53353296317294,52.5517897736968,54.103897296997985,10.900545850413858,18.621754907133173,21.501660418946965,9.584549904162117,14.87309760157135,19.52189882632268,6.216750965341106,9.562624436556998,13.133372659699301,4,4,2,2,2,0,0,0,3,2,10,WELLS_PRESENT,33.3333,EVIDENCE_PRESENT,33.3333,EVIDENCE_PRESENT,16.6667,EVIDENCE_PRESENT,16.6667,EVIDENCE_PRESENT,16.6667,EVIDENCE_PRESENT,0.0,NO_EVIDENCE_IN_AUDITED_WELLS,0.0,NO_EVIDENCE_IN_AUDITED_WELLS,0.0,NO_EVIDENCE_IN_AUDITED_WELLS,25.0,EVIDENCE_PRESENT,16.6667,EVIDENCE_PRESENT,83.3333,REVIEW_REQUIRED_PRESENT
PIH-500-0576,500,500.0053366306863,7,EPSG:5880,DESCRIPTIVE_NO_PIH_SCORE,0.027879476986510145,1.8449651279694002,7.988030329796329,0.6331801941638929,0.027879476986510145,1.8449651279694002,0.010088011010047387,2,2.4999733171313614,0.7142857142857143,0.8631205685666311,71.42857142857143,2,9.999893268525446,0.7142857142857143,0.8631205685666311,71.42857142857143,2,35.9395980996741,0.7142857142857143,0.8631205685666311,71.42857142857143,20,NONE,8.575048100445942,17.073642702683028,20.708741073143088,12.34906037879918,18.628470650768662,20.77502073058906,12.34906037879918,18.628470650768662,20.77502073058906,12.34906037879918,18.628470650768662,20.77502073058906,12.34906037879918,18.628470650768662,20.77502073058906,12.34906037879918,18.628470650768662,20.77502073058906,12.362992091845399,18.628470650768662,20.77502073058906,12.362992091845399,18.628470650768662,20.77502073058906,43.65086438809188,51.25080117694065,53.52632366885453,12.34906037879918,18.628470650768662,20.77502073058906,12.362992091845399,18.628470650768662,20.77502073058906,8.763265735102916,17.246495814198063,20.851563846489977,4,4,4,4,4,3,3,0,3,3,3,WELLS_PRESENT,57.1429,EVIDENCE_PRESENT,57.1429,EVIDENCE_PRESENT,57.1429,EVIDENCE_PRESENT,57.1429,EVIDENCE_PRESENT,57.1429,EVIDENCE_PRESENT,42.8571,EVIDENCE_PRESENT,42.8571,EVIDENCE_PRESENT,0.0,NO_EVIDENCE_IN_AUDITED_WELLS,42.8571,EVIDENCE_PRESENT,42.8571,EVIDENCE_PRESENT,42.8571,REVIEW_REQUIRED_PRESENT
PIH-500-0577,500,500.0004241735884,0,EPSG:5880,DESCRIPTIVE_NO_PIH_SCORE,,,,,,,,0,0.0,,,,0,0.0,,,,0,0.0,,,,17,NONE,22.936922795191204,26.444078986082342,27.154554361270172,22.936922795191204,26.444078986082342,27.154554361270172,22.936922795191204,26.444078986082342,27.154554361270172,22.936922795191204,26.444078986082342,27.154554361270172,22.936922795191204,26.444078986082342,27.154554361270172,22.936922795191204,26.444078986082342,27.154554361270172,22.936922795191204,26.524261074328333,27.442045901065246,22.936922795191204,26.524261074328333,27.442045901065246,36.70219880451557,45.99868497617789,46.54158916823095,22.956951195767846,26.489959420723707,27.154554361270172,22.936922795191204,26.444078986082342,27.3734934520623,27.33815684080772,32.067218941979284,32.36144126267794,0,0,0,0,0,0,0,0,0,0,0,UNKNOWN_NO_WELLS_IN_DATASET,,UNKNOWN_NO_WELLS_IN_DATASET,,UNKNOWN_NO_WELLS_IN_DATASET,,UNKNOWN_NO_WELLS_IN_DATASET,,UNKNOWN_NO_WELLS_IN_DATASET,,UNKNOWN_NO_WELLS_IN_DATASET,,UNKNOWN_NO_WELLS_IN_DATASET,,UNKNOWN_NO_WELLS_IN_DATASET,,UNKNOWN_NO_WELLS_IN_DATASET,,UNKNOWN_NO_WELLS_IN_DATASET,,UNKNOWN_NO_WELLS_IN_DATASET,,UNKNOWN_NO_WELLS_IN_DATASET
PIH-500-0578,500,500.0026446887956,1,EPSG:5880,DESCRIPTIVE_NO_PIH_SCORE,17.610599424592284,17.610599424592284,10.98948686592689,0.8710963618724737,,,,1,1.2499933883129826,0.0,,100.0,1,4.99997355325193,0.0,,100.0,1,17.07914788719302,0.0,,100.0,20,NONE,12.720607485777029,18.96429999034747,23.800394222650493,18.17279634957316,21.88385932188638,23.800394222650493,18.17279634957316,21.88385932188638,23.800394222650493,18.17279634957316,21.88385932188638,23.800394222650493,18.17279634957316,21.88385932188638,23.800394222650493,18.17279634957316,21.88385932188638,23.800394222650493,21.325824234366152,29.651224334519792,31.59162043747544,21.325824234366152,29.651224334519792,31.59162043747544,43.661163925644956,49.406999332252255,51.79268534050011,18.17279634957316,21.88385932188638,23.800394222650493,19.939626898480256,27.91982901783287,31.59162043747544,13.779186930213356,21.992011669781572,23.83686427251591,0,0,0,0,0,0,0,0,0,0,1,WELLS_PRESENT,0.0,NO_EVIDENCE_IN_AUDITED_WELLS,0.0,NO_EVIDENCE_IN_AUDITED_WELLS,0.0,NO_EVIDENCE_IN_AUDITED_WELLS,0.0,NO_EVIDENCE_IN_AUDITED_WELLS,0.0,NO_EVIDENCE_IN_AUDITED_WELLS,0.0,NO_EVIDENCE_IN_AUDITED_WELLS,0.0,NO_EVIDENCE_IN_AUDITED_WELLS,0.0,NO_EVIDENCE_IN_AUDITED_WELLS,0.0,NO_EVIDENCE_IN_AUDITED_WELLS,0.0,NO_EVIDENCE_IN_AUDITED_WELLS,100.0,REVIEW_REQUIRED_PRESENT
PIH-500-0579,500,500.01199838432564,1,EPSG:5880,DESCRIPTIVE_NO_PIH_SCORE,5.884061254892798,5.884061254892798,13.264872466988576,1.0514480073519565,,,,1,1.0999623476983311,0.0,,100.0,1,4.8498723619752555,0.0,,100.0,1,10.815169249389797,0.0,,100.0,20,NONE,9.49835540645826,13.115880068202774,13.939652714551226,11.82437088101776,16.33929526996713,19.833989915357083,11.82437088101776,16.33929526996713,19.833989915357083,11.82437088101776,16.33929526996713,19.833989915357083,11.82437088101776,16.33929526996713,19.833989915357083,11.82437088101776,16.33929526996713,19.833989915357083,37.776429513846985,46.32891292489783,48.52424960693552,37.776429513846985,46.32891292489783,48.52424960693552,52.564055726187604,58.8061181893775,62.24389494575597,11.82437088101776,16.33929526996713,19.833989915357083,21.147180551860508,29.327436376510086,31.838724737606334,9.49835540645826,13.522806337981608,14.130528790050935,1,1,1,1,1,0,0,0,1,0,1,WELLS_PRESENT,100.0,EVIDENCE_PRESENT,100.0,EVIDENCE_PRESENT,100.0,EVIDENCE_PRESENT,100.0,EVIDENCE_PRESENT,100.0,EVIDENCE_PRESENT,0.0,NO_EVIDENCE_IN_AUDITED_WELLS,0.0,NO_EVIDENCE_IN_AUDITED_WELLS,0.0,NO_EVIDENCE_IN_AUDITED_WELLS,100.0,EVIDENCE_PRESENT,0.0,NO_EVIDENCE_IN_AUDITED_WELLS,100.0,REVIEW_REQUIRED_PRESENT
PIH-500-0580,500,500.02848560767234,0,EPSG:5880,DESCRIPTIVE_NO_PIH_SCORE,,,,,,,,0,0.0,,,,0,0.0,,,,0,0.0,,,,21,NONE,9.766391806645727,14.202366250392302,14.988547575320728,9.766391806645727,14.202366250392302,14.988547575320728,9.766391806645727,14.202366250392302,14.988547575320728,9.766391806645727,14.202366250392302,14.988547575320728,9.766391806645727,14.202366250392302,14.988547575320728,9.766391806645727,14.202366250392302,14.988547575320728,41.249457446056304,49.33637260930884,51.337687445257274,41.249457446056304,49.33637260930884,51.337687445257274,63.5621653038107,71.78534502029476,73.95256695864863,9.766391806645727,14.202366250392302,14.988547575320728,33.03942962753419,38.913830100183056,42.20363451705151,9.766391806645727,14.202366250392302,14.988547575320728,0,0,0,0,0,0,0,0,0,0,0,UNKNOWN_NO_WELLS_IN_DATASET,,UNKNOWN_NO_WELLS_IN_DATASET,,UNKNOWN_NO_WELLS_IN_DATASET,,UNKNOWN_NO_WELLS_IN_DATASET,,UNKNOWN_NO_WELLS_IN_DATASET,,UNKNOWN_NO_WELLS_IN_DATASET,,UNKNOWN_NO_WELLS_IN_DATASET,,UNKNOWN_NO_WELLS_IN_DATASET,,UNKNOWN_NO_WELLS_IN_DATASET,,UNKNOWN_NO_WELLS_IN_DATASET,,UNKNOWN_NO_WELLS_IN_DATASET,,UNKNOWN_NO_WELLS_IN_DATASET
PIH-500-0581,500,500.0521068462085,2,EPSG:5880,DESCRIPTIVE_NO_PIH_SCORE,0.08723680808791216,0.08723680808791216,6.842802283349904,0.5423770408136477,0.08723680808791216,0.08723680808791216,,1,1.2498697464586812,0.5,,100.0,1,4.999478985834725,0.5,,100.0,1,19.9979159433389,0.5,,100.0,20,NONE,9.500308331178664,13.875638730053259,15.91623143427742,9.500308331178664,13.875638730053259,15.91623143427742,9.500308331178664,13.875638730053259,15.91623143427742,9.500308331178664,13.875638730053259,15.91623143427742,9.500308331178664,13.875638730053259,15.91623143427742,9.500308331178664,13.875638730053259,15.91623143427742,20.873739389283564,29.07669992910119,31.267840597300374,20.873739389283564,29.07669992910119,31.267840597300374,77.69841276983821,84.67804644460585,88.21998899866641,9.546642693995707,13.875638730053259,15.983314059025707,20.873739389283564,29.07669992910119,31.267840597300374,9.500308331178664,13.875638730053259,15.91623143427742,2,2,2,2,2,0,0,0,1,0,2,WELLS_PRESENT,100.0,EVIDENCE_PRESENT,100.0,EVIDENCE_PRESENT,100.0,EVIDENCE_PRESENT,100.0,EVIDENCE_PRESENT,100.0,EVIDENCE_PRESENT,0.0,NO_EVIDENCE_IN_AUDITED_WELLS,0.0,NO_EVIDENCE_IN_AUDITED_WELLS,0.0,NO_EVIDENCE_IN_AUDITED_WELLS,50.0,EVIDENCE_PRESENT,0.0,NO_EVIDENCE_IN_AUDITED_WELLS,100.0,REVIEW_REQUIRED_PRESENT
PIH-500-0582,500,500.082862726797,2,EPSG:5880,DESCRIPTIVE_NO_PIH_SCORE,6.850201728394608,6.850201728394608,8.505828024878081,0.6741717465998954,6.850201728394608,6.850201728394608,,2,2.485588431481588,0.0,1.0,50.0,2,9.984345696532447,0.0,1.0,50.0,1,19.81876867791083,0.5,,100.0,21,NONE,7.871112928270547,11.33543104577237,13.787400251608522,10.200732301508378,14.114581610958448,18.537370260177305,14.219170512581911,21.483394758632254,22.612970781045096,10.200732301508378,14.114581610958448,18.537370260177305,10.200732301508378,14.114581610958448,18.537370260177305,10.200732301508378,14.114581610958448,18.537370260177305,21.663788041626916,27.771893147421757,29.664761715991194,21.663788041626916,27.771893147421757,29.664761715991194,93.90270207194139,101.89729944682185,105.02716009673681,10.200732301508378,14.114581610958448,18.537370260177305,21.663788041626916,27.771893147421757,29.664761715991194,8.046281323457318,11.33543104577237,13.787400251608522,1,0,1,1,1,0,0,0,1,0,2,WELLS_PRESENT,50.0,EVIDENCE_PRESENT,0.0,NO_EVIDENCE_IN_AUDITED_WELLS,50.0,EVIDENCE_PRESENT,50.0,EVIDENCE_PRESENT,50.0,EVIDENCE_PRESENT,0.0,NO_EVIDENCE_IN_AUDITED_WELLS,0.0,NO_EVIDENCE_IN_AUDITED_WELLS,0.0,NO_EVIDENCE_IN_AUDITED_WELLS,50.0,EVIDENCE_PRESENT,0.0,NO_EVIDENCE_IN_AUDITED_WELLS,100.0,REVIEW_REQUIRED_PRESENT
PIH-500-0583,500,500.1207540160681,1,EPSG:5880,DESCRIPTIVE_NO_PIH_SCORE,22.688255344633692,22.688255344633692,11.459863637851885,0.9082741365263567,,,,1,1.2496981878498883,0.0,,100.0,1,4.998792751399553,0.0,,100.0,1,17.702778892821144,0.0,,100.0,18,NONE,12.508262324452406,17.225858249704157,20.88174880093532,12.550641992990046,18.332183116671228,20.88174880093532,13.10138484779044,18.964057312542863,20.88174880093532,12.550641992990046,18.332183116671228,20.88174880093532,12.550641992990046,18.332183116671228,20.88174880093532,12.550641992990046,18.332183116671228,20.88174880093532,13.10138484779044,18.964057312542863,20.88174880093532,13.10138484779044,18.964057312542863,20.88174880093532,110.92845180518735,117.78649030291362,120.22768869977135,23.97264590408182,30.19069448935039,32.32087797027488,13.10138484779044,18.964057312542863,20.88174880093532,20.267573736274606,27.78202688839393,30.93612941439025,1,1,1,1,1,1,1,0,0,1,0,WELLS_PRESENT,100.0,EVIDENCE_PRESENT,100.0,EVIDENCE_PRESENT,100.0,EVIDENCE_PRESENT,100.0,EVIDENCE_PRESENT,100.0,EVIDENCE_PRESENT,100.0,EVIDENCE_PRESENT,100.0,EVIDENCE_PRESENT,0.0,NO_EVIDENCE_IN_AUDITED_WELLS,0.0,NO_EVIDENCE_IN_AUDITED_WELLS,100.0,EVIDENCE_PRESENT,0.0,NO_REVIEW_FLAG_IN_AUDITED_WELLS
PIH-500-0584,500,500.1657816202568,0,EPSG:5880,DESCRIPTIVE_NO_PIH_SCORE,,,,,,,,0,0.0,,,,0,0.0,,,,0,0.0,,,,20,NONE,13.638652243260164,19.831702752419012,20.951734654693876,13.638652243260164,19.831702752419012,20.951734654693876,13.638652243260164,19.831702752419012,20.951734654693876,13.638652243260164,19.831702752419012,20.951734654693876,13.638652243260164,19.831702752419012,20.951734654693876,13.638652243260164,19.831702752419012,20.951734654693876,13.638652243260164,19.831702752419012,20.951734654693876,13.638652243260164,19.831702752419012,20.951734654693876,127.64927435514934,134.97010070630398,138.20583255970132,31.56599212049736,38.01810835051504,41.13683226261643,13.638652243260164,19.831702752419012,20.951734654693876,30.223648594138496,36.582514373812316,41.13683226261643,0,0,0,0,0,0,0,0,0,0,0,UNKNOWN_NO_WELLS_IN_DATASET,,UNKNOWN_NO_WELLS_IN_DATASET,,UNKNOWN_NO_WELLS_IN_DATASET,,UNKNOWN_NO_WELLS_IN_DATASET,,UNKNOWN_NO_WELLS_IN_DATASET,,UNKNOWN_NO_WELLS_IN_DATASET,,UNKNOWN_NO_WELLS_IN_DATASET,,UNKNOWN_NO_WELLS_IN_DATASET,,UNKNOWN_NO_WELLS_IN_DATASET,,UNKNOWN_NO_WELLS_IN_DATASET,,UNKNOWN_NO_WELLS_IN_DATASET,,UNKNOWN_NO_WELLS_IN_DATASET
PIH-500-0585,500,500.2179465851813,0,EPSG:5880,DESCRIPTIVE_NO_PIH_SCORE,,,,,,,,0,0.0,,,,0,0.0,,,,0,0.0,,,,19,NONE,18.879089788822057,23.674729243439273,24.680865149839143,18.879089788822057,23.674729243439273,24.680865149839143,18.879089788822057,23.674729243439273,24.680865149839143,18.879089788822057,23.674729243439273,24.680865149839143,18.879089788822057,23.674729243439273,24.680865149839143,18.879089788822057,23.674729243439273,24.680865149839143,26.318302365300728,33.340118582310964,35.56914642785825,26.318302365300728,33.340118582310964,35.56914642785825,144.9951011854648,151.89255750762777,155.20900609011554,19.43391340923619,26.333817252960603,29.218196706386866,26.318302365300728,33.340118582310964,35.56914642785825,20.055572923940463,26.333817252960603,29.218196706386866,0,0,0,0,0,0,0,0,0,0,0,UNKNOWN_NO_WELLS_IN_DATASET,,UNKNOWN_NO_WELLS_IN_DATASET,,UNKNOWN_NO_WELLS_IN_DATASET,,UNKNOWN_NO_WELLS_IN_DATASET,,UNKNOWN_NO_WELLS_IN_DATASET,,UNKNOWN_NO_WELLS_IN_DATASET,,UNKNOWN_NO_WELLS_IN_DATASET,,UNKNOWN_NO_WELLS_IN_DATASET,,UNKNOWN_NO_WELLS_IN_DATASET,,UNKNOWN_NO_WELLS_IN_DATASET,,UNKNOWN_NO_WELLS_IN_DATASET,,UNKNOWN_NO_WELLS_IN_DATASET
PIH-500-0586,500,500.27725009641637,1,EPSG:5880,DESCRIPTIVE_NO_PIH_SCORE,27.355193099189712,27.355193099189712,7.816614329379485,0.6194243072810808,,,,1,1.2493072588840415,0.0,,100.0,1,4.997229035536166,0.0,,100.0,1,19.55564112925933,0.0,,100.0,20,NONE,9.897610880488426,14.647978446506155,15.854076575871888,9.897610880488426,14.647978446506155,15.854076575871888,9.897610880488426,14.647978446506155,15.854076575871888,9.897610880488426,14.647978446506155,15.854076575871888,9.897610880488426,14.647978446506155,15.854076575871888,9.897610880488426,14.647978446506155,15.854076575871888,21.178110169384112,29.181894809182314,31.0225996799085,21.178110169384112,29.181894809182314,31.0225996799085,134.4565909586621,142.05582643360597,144.9866607229808,10.692037162615797,16.19655741409406,18.265373542921647,21.178110169384112,29.181894809182314,31.0225996799085,10.692037162615797,16.067605579227255,18.265373542921647,1,1,1,1,1,0,0,0,1,0,1,WELLS_PRESENT,100.0,EVIDENCE_PRESENT,100.0,EVIDENCE_PRESENT,100.0,EVIDENCE_PRESENT,100.0,EVIDENCE_PRESENT,100.0,EVIDENCE_PRESENT,0.0,NO_EVIDENCE_IN_AUDITED_WELLS,0.0,NO_EVIDENCE_IN_AUDITED_WELLS,0.0,NO_EVIDENCE_IN_AUDITED_WELLS,100.0,EVIDENCE_PRESENT,0.0,NO_EVIDENCE_IN_AUDITED_WELLS,100.0,REVIEW_REQUIRED_PRESENT
PIH-500-0587,500,424.8555739786272,13,EPSG:5880,DESCRIPTIVE_NO_PIH_SCORE,0.278337942960839,1.7382427137588916,7.511343476058635,0.6459098356109982,0.278337942960839,1.7382427137588916,0.03766930523530476,6,8.008297651183664,0.5384615384615384,0.8850355544046856,38.46153846153847,4,15.811964813083549,0.6923076923076923,0.8345901684333654,53.84615384615385,2,23.200866919781372,0.8461538461538461,0.961236604722876,61.53846153846154,18,NONE,6.691432490302519,12.194397014710084,14.092170073024501,6.691432490302519,12.194397014710084,14.092170073024501,6.930373936686762,12.194397014710084,14.092170073024501,6.930373936686762,12.194397014710084,14.092170073024501,7.126410456768292,12.468159199889245,14.092170073024501,7.126410456768292,12.468159199889245,14.092170073024501,8.903089184498132,13.07626019113428,14.092170073024501,8.903089184498132,13.07626019113428,14.092170073024501,119.74327080900852,129.08064918920653,132.77622807726686,8.310011766887992,12.294501623449317,15.285858540167418,6.882690361409954,12.194397014710084,14.092170073024501,8.39075191345658,14.757484950587504,17.109841124447446,11,10,9,8,7,2,2,0,7,6,7,WELLS_PRESENT,84.6154,EVIDENCE_PRESENT,76.9231,EVIDENCE_PRESENT,69.2308,EVIDENCE_PRESENT,61.5385,EVIDENCE_PRESENT,53.8462,EVIDENCE_PRESENT,15.3846,EVIDENCE_PRESENT,15.3846,EVIDENCE_PRESENT,0.0,NO_EVIDENCE_IN_AUDITED_WELLS,53.8462,EVIDENCE_PRESENT,46.1538,EVIDENCE_PRESENT,53.8462,REVIEW_REQUIRED_PRESENT
PIH-500-0588,500,283.1504353465356,0,EPSG:5880,DESCRIPTIVE_NO_PIH_SCORE,,,,,,,,0,0.0,,,,0,0.0,,,,0,0.0,,,,10,NONE,10.408393696174969,13.84908457376911,16.23228891579992,10.408393696174969,13.84908457376911,16.23228891579992,10.690537822739088,14.77270819275237,16.23228891579992,10.690537822739088,14.77270819275237,16.23228891579992,10.737351625299466,14.77270819275237,16.23228891579992,16.86928995873824,22.56878705070463,23.634085171870787,21.458406700120538,27.657881750855143,29.898678981636635,21.458406700120538,27.657881750855143,29.898678981636635,105.18473683341087,109.52089064939021,111.44886555498387,10.612404415089445,13.84908457376911,16.23228891579992,10.552386040160593,14.524569349410358,16.23228891579992,10.69992455066498,13.913975556402198,16.881198742130795,0,0,0,0,0,0,0,0,0,0,0,UNKNOWN_NO_WELLS_IN_DATASET,,UNKNOWN_NO_WELLS_IN_DATASET,,UNKNOWN_NO_WELLS_IN_DATASET,,UNKNOWN_NO_WELLS_IN_DATASET,,UNKNOWN_NO_WELLS_IN_DATASET,,UNKNOWN_NO_WELLS_IN_DATASET,,UNKNOWN_NO_WELLS_IN_DATASET,,UNKNOWN_NO_WELLS_IN_DATASET,,UNKNOWN_NO_WELLS_IN_DATASET,,UNKNOWN_NO_WELLS_IN_DATASET,,UNKNOWN_NO_WELLS_IN_DATASET,,UNKNOWN_NO_WELLS_IN_DATASET
PIH-500-0589,500,62.91122312953059,4,EPSG:5880,DESCRIPTIVE_NO_PIH_SCORE,0.3106613032862221,1.224887936502731,7.628896272255333,1.7047966443957194,0.3106613032862221,1.224887936502731,0.0030723439629234974,2,10.359629956283484,0.5,0.8112781244591328,75.0,2,22.425197518956985,0.5,0.8112781244591328,75.0,1,45.480076151971,0.75,,100.0,2,NONE,6.563714663276421,10.082474523607969,10.962164488690856,6.563714663276421,10.082474523607969,10.962164488690856,7.7162522885863405,11.550901134023494,12.509563345382782,6.563714663276421,10.082474523607969,10.962164488690856,7.7162522885863405,11.550901134023494,12.509563345382782,33.01753464234096,36.71774429485759,37.64279670798675,36.161308140510805,39.49301774645941,40.32594514794656,36.161308140510805,39.49301774645941,40.32594514794656,95.57436675151519,98.54145504519198,99.28322711861118,7.7162522885863405,11.550901134023494,12.509563345382782,8.169766452293189,12.018123156416909,12.98021233244784,6.563714663276421,10.082474523607969,10.962164488690856,4,2,4,1,0,0,0,0,1,1,2,WELLS_PRESENT,100.0,EVIDENCE_PRESENT,50.0,EVIDENCE_PRESENT,100.0,EVIDENCE_PRESENT,25.0,EVIDENCE_PRESENT,0.0,NO_EVIDENCE_IN_AUDITED_WELLS,0.0,NO_EVIDENCE_IN_AUDITED_WELLS,0.0,NO_EVIDENCE_IN_AUDITED_WELLS,0.0,NO_EVIDENCE_IN_AUDITED_WELLS,25.0,EVIDENCE_PRESENT,25.0,EVIDENCE_PRESENT,50.0,REVIEW_REQUIRED_PRESENT
PIH-500-0590,500,65.1376672004149,1,EPSG:5880,DESCRIPTIVE_NO_PIH_SCORE,3.9348348817849397,3.9348348817849397,8.498766572309568,1.8664430237565075,,,,1,5.156660142779872,0.0,,100.0,1,25.16438269267261,0.0,,100.0,1,33.83319258482324,0.0,,100.0,1,NONE,1.9433411103407192,1.9433411103407192,1.9433411103407192,1.9433411103407192,1.9433411103407192,1.9433411103407192,1.9433411103407192,1.9433411103407192,1.9433411103407192,1.9433411103407192,1.9433411103407192,1.9433411103407192,1.9433411103407192,1.9433411103407192,1.9433411103407192,1.9433411103407192,1.9433411103407192,1.9433411103407192,1.9433411103407192,1.9433411103407192,1.9433411103407192,1.9433411103407192,1.9433411103407192,1.9433411103407192,16.737786347194284,16.737786347194284,16.737786347194284,10.082876600540052,10.082876600540052,10.082876600540052,1.9433411103407192,1.9433411103407192,1.9433411103407192,1.9433411103407192,1.9433411103407192,1.9433411103407192,1,1,1,1,1,1,1,0,0,1,1,WELLS_PRESENT,100.0,EVIDENCE_PRESENT,100.0,EVIDENCE_PRESENT,100.0,EVIDENCE_PRESENT,100.0,EVIDENCE_PRESENT,100.0,EVIDENCE_PRESENT,100.0,EVIDENCE_PRESENT,100.0,EVIDENCE_PRESENT,0.0,NO_EVIDENCE_IN_AUDITED_WELLS,0.0,NO_EVIDENCE_IN_AUDITED_WELLS,100.0,EVIDENCE_PRESENT,100.0,REVIEW_REQUIRED_PRESENT
PIH-500-0591,500,500.7955249181942,13,EPSG:5880,DESCRIPTIVE_NO_PIH_SCORE,1.3146535889830682,3.536557740007322,7.705896813205198,0.6103344805331515,1.3146535889830682,3.536557740007322,0.10595656511721903,9,10.379551366323343,0.3076923076923077,0.8856330826752565,38.46153846153847,6,26.55427551186151,0.5384615384615384,0.8509553984313724,46.15384615384615,4,49.612077636934146,0.6923076923076923,0.8636243031319604,53.84615384615385,21,NONE,5.797734633488821,14.376684477520094,14.406287754966197,5.797734633488821,14.376684477520094,14.406287754966197,5.797734633488821,14.376684477520094,14.406287754966197,5.797734633488821,14.376684477520094,14.406287754966197,5.797734633488821,14.376684477520094,14.406287754966197,5.797734633488821,14.376684477520094,14.406287754966197,7.511757712525095,14.376684477520094,14.883937790084598,7.511757712525095,14.376684477520094,14.883937790084598,11.177339729616335,17.623378816482028,19.24677358071708,9.43079085098276,14.86668323196227,16.86699184087451,7.511757712525095,14.376684477520094,14.883937790084598,5.797734633488821,14.376684477520094,14.406287754966197,10,5,10,10,10,4,4,1,9,7,12,WELLS_PRESENT,76.9231,EVIDENCE_PRESENT,38.4615,EVIDENCE_PRESENT,76.9231,EVIDENCE_PRESENT,76.9231,EVIDENCE_PRESENT,76.9231,EVIDENCE_PRESENT,30.7692,EVIDENCE_PRESENT,30.7692,EVIDENCE_PRESENT,7.6923,EVIDENCE_PRESENT,69.2308,EVIDENCE_PRESENT,53.8462,EVIDENCE_PRESENT,92.3077,REVIEW_REQUIRED_PRESENT
PIH-500-0592,500,500.7702360732751,0,EPSG:5880,DESCRIPTIVE_NO_PIH_SCORE,,,,,,,,0,0.0,,,,0,0.0,,,,0,0.0,,,,21,NONE,22.486464299012002,30.761725406150855,33.73359386093368,22.486464299012002,30.761725406150855,33.73359386093368,22.486464299012002,30.761725406150855,33.73359386093368,22.486464299012002,30.761725406150855,33.73359386093368,22.486464299012002,30.761725406150855,33.73359386093368,22.486464299012002,30.761725406150855,33.73359386093368,23.21079020704296,32.475835182064785,33.73359386093368,23.21079020704296,32.475835182064785,33.73359386093368,29.399866885139215,38.55267970792904,40.39572356696056,27.837507864066865,36.767936180362675,39.95944148258247,22.486464299012002,30.761725406150855,33.73359386093368,22.847675287371075,32.475835182064785,33.73359386093368,0,0,0,0,0,0,0,0,0,0,0,UNKNOWN_NO_WELLS_IN_DATASET,,UNKNOWN_NO_WELLS_IN_DATASET,,UNKNOWN_NO_WELLS_IN_DATASET,,UNKNOWN_NO_WELLS_IN_DATASET,,UNKNOWN_NO_WELLS_IN_DATASET,,UNKNOWN_NO_WELLS_IN_DATASET,,UNKNOWN_NO_WELLS_IN_DATASET,,UNKNOWN_NO_WELLS_IN_DATASET,,UNKNOWN_NO_WELLS_IN_DATASET,,UNKNOWN_NO_WELLS_IN_DATASET,,UNKNOWN_NO_WELLS_IN_DATASET,,UNKNOWN_NO_WELLS_IN_DATASET
PIH-500-0593,500,500.6689614734706,0,EPSG:5880,DESCRIPTIVE_NO_PIH_SCORE,,,,,,,,0,0.0,,,,0,0.0,,,,0,0.0,,,,20,NONE,41.998811743974606,50.63817475527801,52.98290854505418,44.329242581031295,53.00585693827915,55.07178181106567,44.329242581031295,53.00585693827915,55.07178181106567,44.329242581031295,53.00585693827915,55.07178181106567,44.329242581031295,53.00585693827915,55.07178181106567,44.329242581031295,53.00585693827915,55.07178181106567,47.55988975162546,56.030611986496034,58.19113954559903,47.55988975162546,56.030611986496034,58.19113954559903,53.76642800265296,63.56371452265474,64.6613373221518,49.678254864805126,56.590035483202065,59.909916585454674,44.329242581031295,53.00585693827915,55.07178181106567,43.055639783666805,51.3901898483984,54.34331412646896,0,0,0,0,0,0,0,0,0,0,0,UNKNOWN_NO_WELLS_IN_DATASET,,UNKNOWN_NO_WELLS_IN_DATASET,,UNKNOWN_NO_WELLS_IN_DATASET,,UNKNOWN_NO_WELLS_IN_DATASET,,UNKNOWN_NO_WELLS_IN_DATASET,,UNKNOWN_NO_WELLS_IN_DATASET,,UNKNOWN_NO_WELLS_IN_DATASET,,UNKNOWN_NO_WELLS_IN_DATASET,,UNKNOWN_NO_WELLS_IN_DATASET,,UNKNOWN_NO_WELLS_IN_DATASET,,UNKNOWN_NO_WELLS_IN_DATASET,,UNKNOWN_NO_WELLS_IN_DATASET
PIH-500-0594,500,500.5748305807061,0,EPSG:5880,DESCRIPTIVE_NO_PIH_SCORE,,,,,,,,0,0.0,,,,0,0.0,,,,0,0.0,,,,18,NONE,50.2613340538292,57.94204944921853,60.420577404184066,57.350683740492,65.7686392449013,67.59935432691924,57.350683740492,65.7686392449013,67.59935432691924,57.350683740492,65.7686392449013,67.59935432691924,57.350683740492,65.7686392449013,67.59935432691924,57.350683740492,65.7686392449013,67.59935432691924,68.30204733402981,76.13164728760565,78.74928035918194,68.30204733402981,76.13164728760565,78.74928035918194,77.0036002467894,83.9762464776185,85.25409361807684,57.350683740492,65.7686392449013,67.59935432691924,65.94776763443909,72.79960754076342,75.44841655786276,50.2613340538292,57.94204944921853,60.420577404184066,0,0,0,0,0,0,0,0,0,0,0,UNKNOWN_NO_WELLS_IN_DATASET,,UNKNOWN_NO_WELLS_IN_DATASET,,UNKNOWN_NO_WELLS_IN_DATASET,,UNKNOWN_NO_WELLS_IN_DATASET,,UNKNOWN_NO_WELLS_IN_DATASET,,UNKNOWN_NO_WELLS_IN_DATASET,,UNKNOWN_NO_WELLS_IN_DATASET,,UNKNOWN_NO_WELLS_IN_DATASET,,UNKNOWN_NO_WELLS_IN_DATASET,,UNKNOWN_NO_WELLS_IN_DATASET,,UNKNOWN_NO_WELLS_IN_DATASET,,UNKNOWN_NO_WELLS_IN_DATASET
PIH-500-0595,500,500.4878417280126,0,EPSG:5880,DESCRIPTIVE_NO_PIH_SCORE,,,,,,,,0,0.0,,,,0,0.0,,,,0,0.0,,,,20,NONE,59.79064050808112,67.51941259260316,70.1607022421453,65.49965263844584,73.33044162557778,75.67130874754983,65.49965263844584,73.33044162557778,75.67130874754983,65.49965263844584,73.33044162557778,75.67130874754983,65.49965263844584,73.33044162557778,75.67130874754983,65.49965263844584,73.33044162557778,75.67130874754983,88.34381321134664,96.8349519658248,99.22535767540207,88.34381321134664,96.8349519658248,99.22535767540207,99.0006815842591,108.53131992847636,109.17775348262371,65.49965263844584,73.33044162557778,75.67130874754983,87.37310890749254,94.5754021492658,97.85906235805136,59.79064050808112,67.51941259260316,70.1607022421453,0,0,0,0,0,0,0,0,0,0,0,UNKNOWN_NO_WELLS_IN_DATASET,,UNKNOWN_NO_WELLS_IN_DATASET,,UNKNOWN_NO_WELLS_IN_DATASET,,UNKNOWN_NO_WELLS_IN_DATASET,,UNKNOWN_NO_WELLS_IN_DATASET,,UNKNOWN_NO_WELLS_IN_DATASET,,UNKNOWN_NO_WELLS_IN_DATASET,,UNKNOWN_NO_WELLS_IN_DATASET,,UNKNOWN_NO_WELLS_IN_DATASET,,UNKNOWN_NO_WELLS_IN_DATASET,,UNKNOWN_NO_WELLS_IN_DATASET,,UNKNOWN_NO_WELLS_IN_DATASET
PIH-500-0596,500,500.40799338692847,0,EPSG:5880,DESCRIPTIVE_NO_PIH_SCORE,,,,,,,,0,0.0,,,,0,0.0,,,,0,0.0,,,,20,NONE,77.90480300013252,85.65263191007126,88.27129692512703,80.8366190432541,88.40501684193417,91.30639639588986,80.8366190432541,88.40501684193417,91.30639639588986,80.8366190432541,88.40501684193417,91.30639639588986,80.8366190432541,88.40501684193417,91.30639639588986,80.8366190432541,88.40501684193417,91.30639639588986,97.8069039889239,107.38667668857323,107.97478617276364,97.8069039889239,107.38667668857323,107.97478617276364,123.89685647386568,133.5227431608255,134.04870725711368,80.8366190432541,88.40501684193417,91.30639639588986,97.8069039889239,107.38667668857323,107.97478617276364,77.90480300013252,85.65263191007126,88.27129692512703,0,0,0,0,0,0,0,0,0,0,0,UNKNOWN_NO_WELLS_IN_DATASET,,UNKNOWN_NO_WELLS_IN_DATASET,,UNKNOWN_NO_WELLS_IN_DATASET,,UNKNOWN_NO_WELLS_IN_DATASET,,UNKNOWN_NO_WELLS_IN_DATASET,,UNKNOWN_NO_WELLS_IN_DATASET,,UNKNOWN_NO_WELLS_IN_DATASET,,UNKNOWN_NO_WELLS_IN_DATASET,,UNKNOWN_NO_WELLS_IN_DATASET,,UNKNOWN_NO_WELLS_IN_DATASET,,UNKNOWN_NO_WELLS_IN_DATASET,,UNKNOWN_NO_WELLS_IN_DATASET
PIH-500-0597,500,500.33528416779177,0,EPSG:5880,DESCRIPTIVE_NO_PIH_SCORE,,,,,,,,0,0.0,,,,0,0.0,,,,0,0.0,,,,21,NONE,98.3982271620527,105.84648110242658,109.57494840251539,99.32051395124483,107.20696005835632,110.46287600523308,99.32051395124483,107.20696005835632,110.46287600523308,99.32051395124483,107.20696005835632,110.46287600523308,99.32051395124483,107.20696005835632,110.46287600523308,99.32051395124483,107.20696005835632,110.46287600523308,102.33665154027078,110.58745597485886,113.40314251502419,102.33665154027078,110.58745597485886,113.40314251502419,139.0284529499682,143.66980495950295,144.5216877390302,99.32051395124483,107.20696005835632,110.46287600523308,102.33665154027078,110.58745597485886,113.40314251502419,98.3982271620527,105.84648110242658,109.57494840251539,0,0,0,0,0,0,0,0,0,0,0,UNKNOWN_NO_WELLS_IN_DATASET,,UNKNOWN_NO_WELLS_IN_DATASET,,UNKNOWN_NO_WELLS_IN_DATASET,,UNKNOWN_NO_WELLS_IN_DATASET,,UNKNOWN_NO_WELLS_IN_DATASET,,UNKNOWN_NO_WELLS_IN_DATASET,,UNKNOWN_NO_WELLS_IN_DATASET,,UNKNOWN_NO_WELLS_IN_DATASET,,UNKNOWN_NO_WELLS_IN_DATASET,,UNKNOWN_NO_WELLS_IN_DATASET,,UNKNOWN_NO_WELLS_IN_DATASET,,UNKNOWN_NO_WELLS_IN_DATASET
PIH-500-0598,500,500.26971281993514,0,EPSG:5880,DESCRIPTIVE_NO_PIH_SCORE,,,,,,,,0,0.0,,,,0,0.0,,,,0,0.0,,,,20,NONE,103.49293093970226,110.5005150900475,112.67211105731589,103.49293093970226,110.5005150900475,112.67211105731589,103.49293093970226,110.5005150900475,112.67211105731589,103.49293093970226,110.5005150900475,112.67211105731589,103.49293093970226,110.5005150900475,112.67211105731589,103.49293093970226,110.5005150900475,112.67211105731589,107.04180622478577,113.94566551473157,118.2083111824363,107.04180622478577,113.94566551473157,118.2083111824363,117.77374707906277,127.2840509994245,127.9506226143465,103.49293093970226,110.5005150900475,112.67211105731589,107.04180622478577,113.94566551473157,118.2083111824363,109.64261914198626,117.05844252417303,119.0852791163551,0,0,0,0,0,0,0,0,0,0,0,UNKNOWN_NO_WELLS_IN_DATASET,,UNKNOWN_NO_WELLS_IN_DATASET,,UNKNOWN_NO_WELLS_IN_DATASET,,UNKNOWN_NO_WELLS_IN_DATASET,,UNKNOWN_NO_WELLS_IN_DATASET,,UNKNOWN_NO_WELLS_IN_DATASET,,UNKNOWN_NO_WELLS_IN_DATASET,,UNKNOWN_NO_WELLS_IN_DATASET,,UNKNOWN_NO_WELLS_IN_DATASET,,UNKNOWN_NO_WELLS_IN_DATASET,,UNKNOWN_NO_WELLS_IN_DATASET,,UNKNOWN_NO_WELLS_IN_DATASET
PIH-500-0599,500,500.2112782313245,0,EPSG:5880,DESCRIPTIVE_NO_PIH_SCORE,,,,,,,,0,0.0,,,,0,0.0,,,,0,0.0,,,,18,NONE,84.41421560585505,92.14002159466587,95.8006217132362,84.41421560585505,92.14002159466587,95.8006217132362,84.41421560585505,92.14002159466587,95.8006217132362,84.41421560585505,92.14002159466587,95.8006217132362,84.41421560585505,92.14002159466587,95.8006217132362,84.41421560585505,92.14002159466587,95.8006217132362,89.13602226688505,96.6304058380769,100.37594077502561,89.13602226688505,96.6304058380769,100.37594077502561,95.6561985443078,102.36586038843298,103.13229907183909,84.41421560585505,92.14002159466587,95.8006217132362,89.13602226688505,96.6304058380769,100.37594077502561,96.68052083648712,103.3804493886628,104.17495784136183,0,0,0,0,0,0,0,0,0,0,0,UNKNOWN_NO_WELLS_IN_DATASET,,UNKNOWN_NO_WELLS_IN_DATASET,,UNKNOWN_NO_WELLS_IN_DATASET,,UNKNOWN_NO_WELLS_IN_DATASET,,UNKNOWN_NO_WELLS_IN_DATASET,,UNKNOWN_NO_WELLS_IN_DATASET,,UNKNOWN_NO_WELLS_IN_DATASET,,UNKNOWN_NO_WELLS_IN_DATASET,,UNKNOWN_NO_WELLS_IN_DATASET,,UNKNOWN_NO_WELLS_IN_DATASET,,UNKNOWN_NO_WELLS_IN_DATASET,,UNKNOWN_NO_WELLS_IN_DATASET
PIH-500-0600,500,500.15997942878914,0,EPSG:5880,DESCRIPTIVE_NO_PIH_SCORE,,,,,,,,0,0.0,,,,0,0.0,,,,0,0.0,,,,20,NONE,66.61458573835228,74.10343425756237,76.99567196567331,66.61458573835228,74.10343425756237,76.99567196567331,66.61458573835228,74.10343425756237,76.99567196567331,66.61458573835228,74.10343425756237,76.99567196567331,66.61458573835228,74.10343425756237,76.99567196567331,66.61458573835228,74.10343425756237,76.99567196567331,68.14216300349126,77.2410700666548,80.21405301462633,68.14216300349126,77.2410700666548,80.21405301462633,72.52087922857183,82.32896618796516,83.35585485974414,66.61458573835228,74.10343425756237,76.99567196567331,68.14216300349126,77.2410700666548,80.21405301462633,73.54809935818747,83.34400431336095,84.40755567152581,0,0,0,0,0,0,0,0,0,0,0,UNKNOWN_NO_WELLS_IN_DATASET,,UNKNOWN_NO_WELLS_IN_DATASET,,UNKNOWN_NO_WELLS_IN_DATASET,,UNKNOWN_NO_WELLS_IN_DATASET,,UNKNOWN_NO_WELLS_IN_DATASET,,UNKNOWN_NO_WELLS_IN_DATASET,,UNKNOWN_NO_WELLS_IN_DATASET,,UNKNOWN_NO_WELLS_IN_DATASET,,UNKNOWN_NO_WELLS_IN_DATASET,,UNKNOWN_NO_WELLS_IN_DATASET,,UNKNOWN_NO_WELLS_IN_DATASET,,UNKNOWN_NO_WELLS_IN_DATASET
PIH-500-0601,500,500.11581557793687,0,EPSG:5880,DESCRIPTIVE_NO_PIH_SCORE,,,,,,,,0,0.0,,,,0,0.0,,,,0,0.0,,,,20,NONE,46.155057677894234,52.74993796667659,57.26715530271407,46.155057677894234,52.74993796667659,57.26715530271407,46.155057677894234,52.74993796667659,57.26715530271407,46.155057677894234,52.74993796667659,57.26715530271407,46.155057677894234,52.74993796667659,57.26715530271407,46.18339069174067,52.74993796667659,57.32938795263221,46.155057677894234,53.759793306708616,57.26715530271407,46.155057677894234,53.759793306708616,57.26715530271407,47.687785151007674,57.38426677149026,58.848176045167875,46.94545597744833,53.221278799816865,57.26715530271407,46.155057677894234,53.759793306708616,57.26715530271407,48.72907241811161,58.407832723932486,59.915794836854154,0,0,0,0,0,0,0,0,0,0,0,UNKNOWN_NO_WELLS_IN_DATASET,,UNKNOWN_NO_WELLS_IN_DATASET,,UNKNOWN_NO_WELLS_IN_DATASET,,UNKNOWN_NO_WELLS_IN_DATASET,,UNKNOWN_NO_WELLS_IN_DATASET,,UNKNOWN_NO_WELLS_IN_DATASET,,UNKNOWN_NO_WELLS_IN_DATASET,,UNKNOWN_NO_WELLS_IN_DATASET,,UNKNOWN_NO_WELLS_IN_DATASET,,UNKNOWN_NO_WELLS_IN_DATASET,,UNKNOWN_NO_WELLS_IN_DATASET,,UNKNOWN_NO_WELLS_IN_DATASET
PIH-500-0602,500,500.078785983397,0,EPSG:5880,DESCRIPTIVE_NO_PIH_SCORE,,,,,,,,0,0.0,,,,0,0.0,,,,0,0.0,,,,20,NONE,24.2599907708297,32.45810592114071,34.344955954270404,24.2599907708297,32.45810592114071,34.344955954270404,24.2599907708297,32.45810592114071,34.344955954270404,24.2599907708297,32.45810592114071,34.344955954270404,24.2599907708297,32.45810592114071,34.344955954270404,24.29846946363179,32.52395134872546,34.344955954270404,24.267890147345963,32.45810592114071,34.344955954270404,24.267890147345963,32.45810592114071,34.344955954270404,25.02176645241079,33.10999548366192,35.04307504040434,24.942219218555863,33.02795865077546,34.965157148105824,24.2599907708297,32.45810592114071,34.344955954270404,26.100173808867993,33.7995450563351,36.127129520932996,0,0,0,0,0,0,0,0,0,0,0,UNKNOWN_NO_WELLS_IN_DATASET,,UNKNOWN_NO_WELLS_IN_DATASET,,UNKNOWN_NO_WELLS_IN_DATASET,,UNKNOWN_NO_WELLS_IN_DATASET,,UNKNOWN_NO_WELLS_IN_DATASET,,UNKNOWN_NO_WELLS_IN_DATASET,,UNKNOWN_NO_WELLS_IN_DATASET,,UNKNOWN_NO_WELLS_IN_DATASET,,UNKNOWN_NO_WELLS_IN_DATASET,,UNKNOWN_NO_WELLS_IN_DATASET,,UNKNOWN_NO_WELLS_IN_DATASET,,UNKNOWN_NO_WELLS_IN_DATASET
PIH-500-0603,500,500.04889008829343,34,EPSG:5880,DESCRIPTIVE_NO_PIH_SCORE,0.0660896735118472,0.744415129676962,8.62317702117811,0.6834960422374488,0.0660896735118472,0.744415129676962,0.0731429761586021,7,8.32800393076939,0.7941176470588236,0.7145375344372779,50.0,5,20.181714796856028,0.8529411764705882,0.5321061623841021,76.47058823529412,3,37.55278781766086,0.9117647058823529,0.47017999090013707,85.29411764705883,20,NONE,6.547323310444511,11.385404560504789,15.484445356405937,6.547323310444511,11.385404560504789,15.484445356405937,9.909586422462283,13.843048496985125,15.484445356405937,6.547323310444511,11.385404560504789,15.484445356405937,6.547323310444511,11.385404560504789,15.484445356405937,6.547323310444511,11.461676431973185,15.540097984265952,11.271754203331005,18.306321739712715,18.69198831383509,11.271754203331005,18.306321739712715,18.69198831383509,11.581767637163319,18.84888761330246,19.029310468835025,6.547323310444511,11.385404560504789,15.484445356405937,11.271754203331005,15.80374417800019,18.69198831383509,6.547323310444511,12.143208122687598,16.037159286002023,33,29,33,33,31,17,17,1,13,23,5,WELLS_PRESENT,97.0588,EVIDENCE_PRESENT,85.2941,EVIDENCE_PRESENT,97.0588,EVIDENCE_PRESENT,97.0588,EVIDENCE_PRESENT,91.1765,EVIDENCE_PRESENT,50.0,EVIDENCE_PRESENT,50.0,EVIDENCE_PRESENT,2.9412,EVIDENCE_PRESENT,38.2353,EVIDENCE_PRESENT,67.6471,EVIDENCE_PRESENT,14.7059,REVIEW_REQUIRED_PRESENT
PIH-500-0604,500,500.0261274749614,0,EPSG:5880,DESCRIPTIVE_NO_PIH_SCORE,,,,,,,,0,0.0,,,,0,0.0,,,,0,0.0,,,,18,NONE,10.579975906963455,13.111297516637224,15.340234687161441,11.517602796240674,19.102327672443806,20.61249400229599,13.851147354681526,19.651811222490846,21.98506903885242,11.517602796240674,19.102327672443806,20.61249400229599,11.517602796240674,19.102327672443806,20.61249400229599,11.517602796240674,19.102327672443806,20.61249400229599,23.534721565152587,30.8447248565654,31.226855011197053,23.534721565152587,30.8447248565654,31.226855011197053,27.94143901814209,33.68903909109369,35.59187053025863,17.189409871513092,21.93790377082159,24.10046191742126,13.851147354681526,21.072128860015756,23.286439470652095,11.058957956658428,14.322435138829125,15.340234687161441,0,0,0,0,0,0,0,0,0,0,0,UNKNOWN_NO_WELLS_IN_DATASET,,UNKNOWN_NO_WELLS_IN_DATASET,,UNKNOWN_NO_WELLS_IN_DATASET,,UNKNOWN_NO_WELLS_IN_DATASET,,UNKNOWN_NO_WELLS_IN_DATASET,,UNKNOWN_NO_WELLS_IN_DATASET,,UNKNOWN_NO_WELLS_IN_DATASET,,UNKNOWN_NO_WELLS_IN_DATASET,,UNKNOWN_NO_WELLS_IN_DATASET,,UNKNOWN_NO_WELLS_IN_DATASET,,UNKNOWN_NO_WELLS_IN_DATASET,,UNKNOWN_NO_WELLS_IN_DATASET
PIH-500-0605,500,500.01049786425756,2,EPSG:5880,DESCRIPTIVE_NO_PIH_SCORE,9.497638637517387,10.731926443141429,4.365439394080332,0.346029669778629,11.04049839454744,11.04049839454744,,2,2.4999475117807406,0.0,1.0,50.0,2,9.999790047122962,0.0,1.0,50.0,2,38.446889107492524,0.0,1.0,50.0,21,NONE,5.730160416125245,10.725906814511172,15.364345083572292,15.910154153240336,20.565890644418964,21.56482901620693,15.910154153240336,20.565890644418964,21.56482901620693,15.910154153240336,20.565890644418964,21.56482901620693,15.910154153240336,20.565890644418964,21.56482901620693,15.910154153240336,20.565890644418964,21.56482901620693,30.127749396908616,33.11661699252703,36.15806002734213,30.127749396908616,33.11661699252703,36.15806002734213,49.75667611998712,57.8737930100397,58.46764901958349,16.872072552329474,21.56482901620693,24.49328254939835,18.494164794445144,22.16328635346948,23.55698949783282,5.730160416125245,10.725906814511172,15.364345083572292,0,0,0,0,0,0,0,0,0,0,2,WELLS_PRESENT,0.0,NO_EVIDENCE_IN_AUDITED_WELLS,0.0,NO_EVIDENCE_IN_AUDITED_WELLS,0.0,NO_EVIDENCE_IN_AUDITED_WELLS,0.0,NO_EVIDENCE_IN_AUDITED_WELLS,0.0,NO_EVIDENCE_IN_AUDITED_WELLS,0.0,NO_EVIDENCE_IN_AUDITED_WELLS,0.0,NO_EVIDENCE_IN_AUDITED_WELLS,0.0,NO_EVIDENCE_IN_AUDITED_WELLS,0.0,NO_EVIDENCE_IN_AUDITED_WELLS,0.0,NO_EVIDENCE_IN_AUDITED_WELLS,100.0,REVIEW_REQUIRED_PRESENT
PIH-500-0606,500,500.00200111606074,0,EPSG:5880,DESCRIPTIVE_NO_PIH_SCORE,,,,,,,,0,0.0,,,,0,0.0,,,,0,0.0,,,,20,NONE,18.11576416454868,23.17529454979613,24.49548752807775,22.85486727203137,25.173600330346048,27.76023277393775,22.85486727203137,25.173600330346048,27.76023277393775,22.85486727203137,25.173600330346048,27.76023277393775,22.85486727203137,25.173600330346048,27.76023277393775,22.85486727203137,25.173600330346048,27.76023277393775,25.202860321941568,32.86871359101091,34.29237787088069,25.202860321941568,32.86871359101091,34.29237787088069,56.71579302449571,62.96197244985472,66.08742502860174,23.05285928254137,25.173600330346048,27.76023277393775,23.025765305428454,25.173600330346048,27.76023277393775,19.374294758022735,27.97047584056625,28.836661076835686,0,0,0,0,0,0,0,0,0,0,0,UNKNOWN_NO_WELLS_IN_DATASET,,UNKNOWN_NO_WELLS_IN_DATASET,,UNKNOWN_NO_WELLS_IN_DATASET,,UNKNOWN_NO_WELLS_IN_DATASET,,UNKNOWN_NO_WELLS_IN_DATASET,,UNKNOWN_NO_WELLS_IN_DATASET,,UNKNOWN_NO_WELLS_IN_DATASET,,UNKNOWN_NO_WELLS_IN_DATASET,,UNKNOWN_NO_WELLS_IN_DATASET,,UNKNOWN_NO_WELLS_IN_DATASET,,UNKNOWN_NO_WELLS_IN_DATASET,,UNKNOWN_NO_WELLS_IN_DATASET
PIH-500-0607,500,500.00063722908516,3,EPSG:5880,DESCRIPTIVE_NO_PIH_SCORE,0.27028180370727645,0.7729746963061598,3.922760617203585,0.3109434865805651,0.27028180370727645,0.7729746963061598,0.00013762473293582172,1,1.2499984069293175,0.6666666666666667,,100.0,1,4.99999362771727,0.6666666666666667,,100.0,1,18.228843566118535,0.6666666666666667,,100.0,20,NONE,8.958047125190664,13.428462252314446,15.965196107321377,8.958047125190664,13.428462252314446,15.965196107321377,8.958047125190664,13.428462252314446,15.965196107321377,8.958047125190664,13.428462252314446,15.965196107321377,8.958047125190664,13.428462252314446,15.965196107321377,8.958047125190664,13.428462252314446,15.965196107321377,9.059758712507145,13.662512396358979,16.07197034019169,9.059758712507145,13.662512396358979,16.07197034019169,46.434509216916624,51.14718992207224,54.254230711149674,9.18876709132368,14.370519230375125,16.842596305768698,8.958728068154779,13.428462252314446,15.965196107321377,29.059240306529947,33.69375613636801,36.933322670671245,3,3,3,3,3,1,1,0,1,2,0,WELLS_PRESENT,100.0,EVIDENCE_PRESENT,100.0,EVIDENCE_PRESENT,100.0,EVIDENCE_PRESENT,100.0,EVIDENCE_PRESENT,100.0,EVIDENCE_PRESENT,33.3333,EVIDENCE_PRESENT,33.3333,EVIDENCE_PRESENT,0.0,NO_EVIDENCE_IN_AUDITED_WELLS,33.3333,EVIDENCE_PRESENT,66.6667,EVIDENCE_PRESENT,0.0,NO_REVIEW_FLAG_IN_AUDITED_WELLS
PIH-500-0608,500,500.006406340795,1,EPSG:5880,DESCRIPTIVE_NO_PIH_SCORE,17.610599424592284,17.610599424592284,6.93257485590997,0.5495177429958428,,,,1,1.2499839843532157,0.0,,100.0,1,4.999935937412863,0.0,,100.0,1,19.9997380607903,0.0,,100.0,21,NONE,7.992779170898932,13.153056409797324,16.189017849761278,10.824800539183816,14.404203176702595,16.189017849761278,10.824800539183816,14.404203176702595,16.189017849761278,10.824800539183816,14.404203176702595,16.189017849761278,10.824800539183816,14.404203176702595,16.189017849761278,10.824800539183816,14.404203176702595,16.189017849761278,22.455570530326227,30.900567138517445,32.33328282355369,22.455570530326227,30.900567138517445,32.33328282355369,35.862782252280994,43.63539448549091,46.91682164626626,10.824800539183816,14.404203176702595,16.206624527180246,10.824800539183816,14.404203176702595,16.189017849761278,16.787618374345247,24.90964228458061,26.004099179583854,1,1,1,1,1,0,0,0,1,1,0,WELLS_PRESENT,100.0,EVIDENCE_PRESENT,100.0,EVIDENCE_PRESENT,100.0,EVIDENCE_PRESENT,100.0,EVIDENCE_PRESENT,100.0,EVIDENCE_PRESENT,0.0,NO_EVIDENCE_IN_AUDITED_WELLS,0.0,NO_EVIDENCE_IN_AUDITED_WELLS,0.0,NO_EVIDENCE_IN_AUDITED_WELLS,100.0,EVIDENCE_PRESENT,100.0,EVIDENCE_PRESENT,0.0,NO_REVIEW_FLAG_IN_AUDITED_WELLS
PIH-500-0609,500,500.0193087275808,1,EPSG:5880,DESCRIPTIVE_NO_PIH_SCORE,12.580618787194314,12.580618787194314,8.73069390806212,0.6920385876017415,,,,1,1.2499517300451108,0.0,,100.0,1,4.9279614454771155,0.0,,100.0,1,14.233781924873693,0.0,,100.0,19,NONE,9.93118005370487,15.51640802033383,17.081687155268774,9.93118005370487,15.51640802033383,17.081687155268774,9.93118005370487,15.51640802033383,17.081687155268774,9.93118005370487,15.51640802033383,17.081687155268774,9.93118005370487,15.51640802033383,17.081687155268774,9.93118005370487,15.51640802033383,17.081687155268774,36.08856120371079,42.83114660648472,46.0862758640606,36.08856120371079,42.83114660648472,46.0862758640606,38.96447933496136,48.09494529646641,49.9666413992403,9.93118005370487,15.51640802033383,17.081687155268774,19.192182445225146,25.038226971378354,29.6969471925213,10.503825988524024,17.025611413448825,20.362214893344348,1,1,1,1,1,0,0,0,1,0,1,WELLS_PRESENT,100.0,EVIDENCE_PRESENT,100.0,EVIDENCE_PRESENT,100.0,EVIDENCE_PRESENT,100.0,EVIDENCE_PRESENT,100.0,EVIDENCE_PRESENT,0.0,NO_EVIDENCE_IN_AUDITED_WELLS,0.0,NO_EVIDENCE_IN_AUDITED_WELLS,0.0,NO_EVIDENCE_IN_AUDITED_WELLS,100.0,EVIDENCE_PRESENT,0.0,NO_EVIDENCE_IN_AUDITED_WELLS,100.0,REVIEW_REQUIRED_PRESENT
PIH-500-0610,500,500.03934480462755,1,EPSG:5880,DESCRIPTIVE_NO_PIH_SCORE,12.580618787194314,12.580618787194314,9.3819783857508,0.7436477627355438,,,,1,1.2499016457278904,0.0,,100.0,1,4.920051303078956,0.0,,100.0,1,19.91887105181364,0.0,,100.0,20,NONE,10.987880379414204,15.474264848603315,16.09722481134671,10.987880379414204,15.474264848603315,16.09722481134671,10.987880379414204,15.474264848603315,16.09722481134671,10.987880379414204,15.474264848603315,16.09722481134671,10.987880379414204,15.474264848603315,16.09722481134671,10.987880379414204,15.474264848603315,16.09722481134671,21.852054662692158,29.040206193427892,31.9483387349186,21.852054662692158,29.040206193427892,31.9483387349186,53.35690316136677,60.932161638406946,63.71852833425205,10.987880379414204,16.142055682105592,18.0225688175321,21.63877669889693,28.7929544512296,31.27441932117182,10.987880379414204,15.474264848603315,16.09722481134671,1,1,1,1,1,0,0,0,1,0,1,WELLS_PRESENT,100.0,EVIDENCE_PRESENT,100.0,EVIDENCE_PRESENT,100.0,EVIDENCE_PRESENT,100.0,EVIDENCE_PRESENT,100.0,EVIDENCE_PRESENT,0.0,NO_EVIDENCE_IN_AUDITED_WELLS,0.0,NO_EVIDENCE_IN_AUDITED_WELLS,0.0,NO_EVIDENCE_IN_AUDITED_WELLS,100.0,EVIDENCE_PRESENT,0.0,NO_EVIDENCE_IN_AUDITED_WELLS,100.0,REVIEW_REQUIRED_PRESENT
PIH-500-0611,500,500.0665151260706,12,EPSG:5880,DESCRIPTIVE_NO_PIH_SCORE,0.5327733655526374,1.6455538519071955,2.423362694326991,0.19207881464682783,0.5327733655526374,1.6455538519071955,0.15884546879653783,6,7.479055624190696,0.5,0.911188669681059,33.33333333333333,5,22.190240615129735,0.5833333333333333,0.9155385080075168,33.33333333333333,4,51.450881315376215,0.6666666666666667,0.7755490855036322,58.333333333333336,20,NONE,5.119953965923919,10.556120710309479,11.551213262873665,5.119953965923919,10.556120710309479,11.570775133150173,5.119953965923919,10.556120710309479,11.570775133150173,5.119953965923919,10.556120710309479,11.570775133150173,5.119953965923919,10.556120710309479,11.570775133150173,5.119953965923919,10.556120710309479,11.570775133150173,6.423201340325603,11.764529578375042,13.602661339826724,6.423201340325603,11.764529578375042,13.602661339826724,73.4556041272869,80.35031331602488,84.4942770460588,6.276673437476493,10.556120710309479,11.551213262873665,6.22127908097154,11.227117893010282,12.873578064212643,5.119953965923919,10.556120710309479,11.551213262873665,10,8,8,8,8,4,4,0,6,7,8,WELLS_PRESENT,83.3333,EVIDENCE_PRESENT,66.6667,EVIDENCE_PRESENT,66.6667,EVIDENCE_PRESENT,66.6667,EVIDENCE_PRESENT,66.6667,EVIDENCE_PRESENT,33.3333,EVIDENCE_PRESENT,33.3333,EVIDENCE_PRESENT,0.0,NO_EVIDENCE_IN_AUDITED_WELLS,50.0,EVIDENCE_PRESENT,58.3333,EVIDENCE_PRESENT,66.6667,REVIEW_REQUIRED_PRESENT
PIH-500-0612,500,500.10082038461985,7,EPSG:5880,DESCRIPTIVE_NO_PIH_SCORE,0.762313162412782,1.49236506143836,4.291191299651257,0.34011362368520115,0.762313162412782,1.49236506143836,0.017047562188455143,4,4.998991999407817,0.4285714285714286,0.9211854965885543,42.857142857142854,3,14.99697599822345,0.5714285714285714,0.914100892018565,42.857142857142854,2,36.331564106882716,0.7142857142857143,0.9852281360342515,57.14285714285714,20,NONE,5.40497114243668,8.124273254404375,9.408397173530869,6.399151905631403,12.046215615850294,13.978024309915419,7.524899401683325,12.700713476433378,16.483445943065338,6.399151905631403,12.046215615850294,13.978024309915419,6.399151905631403,12.046215615850294,13.978024309915419,6.399151905631403,12.046215615850294,13.978024309915419,16.53324393176222,20.502621678195908,20.97258226276223,16.53324393176222,20.502621678195908,20.97258226276223,94.97622434507586,103.72858185785985,107.0201896714882,7.127637346019589,12.046215615850294,15.283150365809181,15.373839795573634,20.502621678195908,20.97258226276223,5.40497114243668,8.124273254404375,9.408397173530869,2,2,2,2,2,0,0,0,2,0,7,WELLS_PRESENT,28.5714,EVIDENCE_PRESENT,28.5714,EVIDENCE_PRESENT,28.5714,EVIDENCE_PRESENT,28.5714,EVIDENCE_PRESENT,28.5714,EVIDENCE_PRESENT,0.0,NO_EVIDENCE_IN_AUDITED_WELLS,0.0,NO_EVIDENCE_IN_AUDITED_WELLS,0.0,NO_EVIDENCE_IN_AUDITED_WELLS,28.5714,EVIDENCE_PRESENT,0.0,NO_EVIDENCE_IN_AUDITED_WELLS,100.0,REVIEW_REQUIRED_PRESENT
PIH-500-0613,500,500.14226141212856,1,EPSG:5880,DESCRIPTIVE_NO_PIH_SCORE,10.175899180409129,10.175899180409129,8.090447497755772,0.6412106153140541,,,,1,1.2496444476324424,0.0,,100.0,1,4.99857779052977,0.0,,100.0,1,19.518234469545103,0.0,,100.0,21,NONE,8.788746609559762,10.88714702017324,11.689854798576256,11.249541719156163,15.051365578204546,15.734304260868509,11.249541719156163,15.051365578204546,15.734304260868509,11.249541719156163,15.051365578204546,15.734304260868509,11.249541719156163,15.051365578204546,15.734304260868509,11.249541719156163,15.051365578204546,15.734304260868509,11.249541719156163,15.051365578204546,16.131810343527178,11.249541719156163,15.051365578204546,16.131810343527178,117.94937520856105,127.61700204559142,130.4355444074112,16.41931492110088,23.136067951300195,27.861225482101734,11.249541719156163,15.051365578204546,16.131810343527178,10.602683499498132,16.145623817871535,19.939702300034764,0,0,0,0,0,0,0,0,0,0,1,WELLS_PRESENT,0.0,NO_EVIDENCE_IN_AUDITED_WELLS,0.0,NO_EVIDENCE_IN_AUDITED_WELLS,0.0,NO_EVIDENCE_IN_AUDITED_WELLS,0.0,NO_EVIDENCE_IN_AUDITED_WELLS,0.0,NO_EVIDENCE_IN_AUDITED_WELLS,0.0,NO_EVIDENCE_IN_AUDITED_WELLS,0.0,NO_EVIDENCE_IN_AUDITED_WELLS,0.0,NO_EVIDENCE_IN_AUDITED_WELLS,0.0,NO_EVIDENCE_IN_AUDITED_WELLS,0.0,NO_EVIDENCE_IN_AUDITED_WELLS,100.0,REVIEW_REQUIRED_PRESENT
PIH-500-0614,500,500.1908391791122,2,EPSG:5880,DESCRIPTIVE_NO_PIH_SCORE,9.139368346160206,9.139368346160206,5.326579785318865,0.4221390283405717,9.139368346160206,9.139368346160206,,2,2.4990461681614096,0.0,1.0,50.0,2,9.996184672645638,0.0,1.0,50.0,2,39.98473869058255,0.0,1.0,50.0,21,NONE,7.1776332318490645,12.447335010360128,16.019434390337562,7.1776332318490645,12.447335010360128,16.019434390337562,7.1776332318490645,12.447335010360128,16.019434390337562,7.1776332318490645,12.447335010360128,16.019434390337562,7.1776332318490645,12.447335010360128,16.019434390337562,7.1776332318490645,12.447335010360128,16.019434390337562,9.930807488052137,15.983003393077853,17.022207787041083,9.930807488052137,15.983003393077853,17.022207787041083,142.20466011923216,151.97437105854695,154.3487657624581,10.95672484790884,17.810452919533187,20.85053308488006,9.930807488052137,15.983003393077853,17.022207787041083,11.811005028136504,20.07598966456811,21.736958880987196,2,2,2,2,2,1,1,0,1,1,1,WELLS_PRESENT,100.0,EVIDENCE_PRESENT,100.0,EVIDENCE_PRESENT,100.0,EVIDENCE_PRESENT,100.0,EVIDENCE_PRESENT,100.0,EVIDENCE_PRESENT,50.0,EVIDENCE_PRESENT,50.0,EVIDENCE_PRESENT,0.0,NO_EVIDENCE_IN_AUDITED_WELLS,50.0,EVIDENCE_PRESENT,50.0,EVIDENCE_PRESENT,50.0,REVIEW_REQUIRED_PRESENT
PIH-500-0615,500,389.52711982375865,2,EPSG:5880,DESCRIPTIVE_NO_PIH_SCORE,0.18105740549145477,0.18105740549145477,5.061891865150336,0.4545890284622555,0.18105740549145477,0.18105740549145477,,1,1.604509591739802,0.5,,100.0,1,4.132592145279979,0.5,,100.0,1,5.925537807754556,0.5,,100.0,15,NONE,8.3760163119029,13.741289458918487,14.796603091675733,8.3760163119029,13.741289458918487,14.796603091675733,8.3760163119029,13.741289458918487,14.796603091675733,8.3760163119029,13.741289458918487,14.796603091675733,8.3760163119029,13.741289458918487,14.796603091675733,8.3760163119029,13.741289458918487,14.796603091675733,26.273100436534005,29.34851395279339,31.222349228265443,26.273100436534005,29.34851395279339,31.222349228265443,155.9473163965048,160.41429584872495,161.7722273990671,8.3760163119029,13.741289458918487,14.796603091675733,26.273100436534005,29.34851395279339,31.222349228265443,22.990142756232416,26.11572496227969,29.73737635420408,2,2,2,2,2,0,0,0,2,0,0,WELLS_PRESENT,100.0,EVIDENCE_PRESENT,100.0,EVIDENCE_PRESENT,100.0,EVIDENCE_PRESENT,100.0,EVIDENCE_PRESENT,100.0,EVIDENCE_PRESENT,0.0,NO_EVIDENCE_IN_AUDITED_WELLS,0.0,NO_EVIDENCE_IN_AUDITED_WELLS,0.0,NO_EVIDENCE_IN_AUDITED_WELLS,100.0,EVIDENCE_PRESENT,0.0,NO_EVIDENCE_IN_AUDITED_WELLS,0.0,NO_REVIEW_FLAG_IN_AUDITED_WELLS
PIH-500-0616,500,139.4909550256182,0,EPSG:5880,DESCRIPTIVE_NO_PIH_SCORE,,,,,,,,0,0.0,,,,0,0.0,,,,0,0.0,,,,6,NONE,13.535036533692356,16.16798319452903,16.97982661339102,13.535036533692356,16.16798319452903,16.97982661339102,13.535036533692356,16.16798319452903,16.97982661339102,13.535036533692356,16.16798319452903,16.97982661339102,13.535036533692356,16.16798319452903,16.97982661339102,13.535036533692356,16.16798319452903,16.97982661339102,15.586998194392217,19.911508279145394,21.001833218254642,15.586998194392217,19.911508279145394,21.001833218254642,144.1581552800899,148.16808526636652,149.6409079388812,17.087781046179067,18.92924782015918,19.530546974861515,15.586998194392217,19.911508279145394,21.001833218254642,20.55762478063125,24.11529004707795,25.23942481343157,0,0,0,0,0,0,0,0,0,0,0,UNKNOWN_NO_WELLS_IN_DATASET,,UNKNOWN_NO_WELLS_IN_DATASET,,UNKNOWN_NO_WELLS_IN_DATASET,,UNKNOWN_NO_WELLS_IN_DATASET,,UNKNOWN_NO_WELLS_IN_DATASET,,UNKNOWN_NO_WELLS_IN_DATASET,,UNKNOWN_NO_WELLS_IN_DATASET,,UNKNOWN_NO_WELLS_IN_DATASET,,UNKNOWN_NO_WELLS_IN_DATASET,,UNKNOWN_NO_WELLS_IN_DATASET,,UNKNOWN_NO_WELLS_IN_DATASET,,UNKNOWN_NO_WELLS_IN_DATASET
PIH-500-0617,500,345.00152896984804,0,EPSG:5880,DESCRIPTIVE_NO_PIH_SCORE,,,,,,,,0,0.0,,,,0,0.0,,,,0,0.0,,,,15,NONE,24.387368625719066,32.62678755493254,34.90657855840222,24.387368625719066,32.62678755493254,34.90657855840222,24.387368625719066,32.62678755493254,34.90657855840222,24.387368625719066,32.62678755493254,34.90657855840222,24.387368625719066,32.62678755493254,34.90657855840222,24.387368625719066,32.62678755493254,34.90657855840222,24.672782886508674,33.02295345908098,35.497568187839335,24.672782886508674,33.02295345908098,35.497568187839335,27.497069857447663,35.554077635595355,37.840251001614185,24.662134780414405,32.62678755493254,34.90657855840222,24.672782886508674,33.02295345908098,35.497568187839335,24.387368625719066,32.62678755493254,34.90657855840222,0,0,0,0,0,0,0,0,0,0,0,UNKNOWN_NO_WELLS_IN_DATASET,,UNKNOWN_NO_WELLS_IN_DATASET,,UNKNOWN_NO_WELLS_IN_DATASET,,UNKNOWN_NO_WELLS_IN_DATASET,,UNKNOWN_NO_WELLS_IN_DATASET,,UNKNOWN_NO_WELLS_IN_DATASET,,UNKNOWN_NO_WELLS_IN_DATASET,,UNKNOWN_NO_WELLS_IN_DATASET,,UNKNOWN_NO_WELLS_IN_DATASET,,UNKNOWN_NO_WELLS_IN_DATASET,,UNKNOWN_NO_WELLS_IN_DATASET,,UNKNOWN_NO_WELLS_IN_DATASET
PIH-500-0618,500,500.82381012424355,0,EPSG:5880,DESCRIPTIVE_NO_PIH_SCORE,,,,,,,,0,0.0,,,,0,0.0,,,,0,0.0,,,,18,NONE,28.228606536809863,35.38892646253117,38.36915486004757,28.228606536809863,35.38892646253117,38.36915486004757,28.228606536809863,35.38892646253117,38.36915486004757,28.228606536809863,35.38892646253117,38.36915486004757,28.228606536809863,35.38892646253117,38.36915486004757,28.228606536809863,35.38892646253117,38.36915486004757,28.228606536809863,35.38892646253117,38.36915486004757,28.228606536809863,35.38892646253117,38.36915486004757,33.160671288762,40.423128079600716,44.05693441462004,30.75855172119493,38.23449697664612,41.82501748113945,28.228606536809863,35.38892646253117,38.36915486004757,28.228606536809863,35.38892646253117,38.36915486004757,0,0,0,0,0,0,0,0,0,0,0,UNKNOWN_NO_WELLS_IN_DATASET,,UNKNOWN_NO_WELLS_IN_DATASET,,UNKNOWN_NO_WELLS_IN_DATASET,,UNKNOWN_NO_WELLS_IN_DATASET,,UNKNOWN_NO_WELLS_IN_DATASET,,UNKNOWN_NO_WELLS_IN_DATASET,,UNKNOWN_NO_WELLS_IN_DATASET,,UNKNOWN_NO_WELLS_IN_DATASET,,UNKNOWN_NO_WELLS_IN_DATASET,,UNKNOWN_NO_WELLS_IN_DATASET,,UNKNOWN_NO_WELLS_IN_DATASET,,UNKNOWN_NO_WELLS_IN_DATASET
PIH-500-0619,500,500.71894703333305,0,EPSG:5880,DESCRIPTIVE_NO_PIH_SCORE,,,,,,,,0,0.0,,,,0,0.0,,,,0,0.0,,,,21,NONE,42.08184302219188,50.70300521810397,54.50179273670976,42.08184302219188,50.70300521810397,54.50179273670976,42.08184302219188,50.70300521810397,54.50179273670976,42.08184302219188,50.70300521810397,54.50179273670976,42.08184302219188,50.70300521810397,54.50179273670976,42.08184302219188,50.70300521810397,54.50179273670976,42.08184302219188,50.70300521810397,54.50179273670976,42.08184302219188,50.70300521810397,54.50179273670976,48.85872148033126,57.275061933155314,61.15789018438208,47.93158383204513,55.70673802207501,59.72200435769647,42.08184302219188,50.70300521810397,54.50179273670976,42.08184302219188,50.70300521810397,54.50179273670976,0,0,0,0,0,0,0,0,0,0,0,UNKNOWN_NO_WELLS_IN_DATASET,,UNKNOWN_NO_WELLS_IN_DATASET,,UNKNOWN_NO_WELLS_IN_DATASET,,UNKNOWN_NO_WELLS_IN_DATASET,,UNKNOWN_NO_WELLS_IN_DATASET,,UNKNOWN_NO_WELLS_IN_DATASET,,UNKNOWN_NO_WELLS_IN_DATASET,,UNKNOWN_NO_WELLS_IN_DATASET,,UNKNOWN_NO_WELLS_IN_DATASET,,UNKNOWN_NO_WELLS_IN_DATASET,,UNKNOWN_NO_WELLS_IN_DATASET,,UNKNOWN_NO_WELLS_IN_DATASET
PIH-500-0620,500,500.6212283638406,0,EPSG:5880,DESCRIPTIVE_NO_PIH_SCORE,,,,,,,,0,0.0,,,,0,0.0,,,,0,0.0,,,,19,NONE,62.33876761388581,69.38963209794288,72.32057016976567,62.60788095960166,71.0396662122665,73.49871452178829,62.60788095960166,71.0396662122665,73.49871452178829,62.60788095960166,71.0396662122665,73.49871452178829,62.60788095960166,71.0396662122665,73.49871452178829,62.60788095960166,71.0396662122665,73.49871452178829,62.60788095960166,71.2901718569656,73.49871452178829,62.60788095960166,71.2901718569656,73.49871452178829,69.35414303789834,78.05478569069437,80.2608803133736,68.33700764018539,75.73180273796649,79.47013408130064,62.60788095960166,71.0396662122665,73.49871452178829,62.33876761388581,69.38963209794288,72.32057016976567,0,0,0,0,0,0,0,0,0,0,0,UNKNOWN_NO_WELLS_IN_DATASET,,UNKNOWN_NO_WELLS_IN_DATASET,,UNKNOWN_NO_WELLS_IN_DATASET,,UNKNOWN_NO_WELLS_IN_DATASET,,UNKNOWN_NO_WELLS_IN_DATASET,,UNKNOWN_NO_WELLS_IN_DATASET,,UNKNOWN_NO_WELLS_IN_DATASET,,UNKNOWN_NO_WELLS_IN_DATASET,,UNKNOWN_NO_WELLS_IN_DATASET,,UNKNOWN_NO_WELLS_IN_DATASET,,UNKNOWN_NO_WELLS_IN_DATASET,,UNKNOWN_NO_WELLS_IN_DATASET
PIH-500-0621,500,500.5306523896872,0,EPSG:5880,DESCRIPTIVE_NO_PIH_SCORE,,,,,,,,0,0.0,,,,0,0.0,,,,0,0.0,,,,19,NONE,73.30234894595121,80.40872827603344,82.70829499564704,78.62437247401873,87.0796561054938,89.68785418578202,78.62437247401873,87.0796561054938,89.68785418578202,78.62437247401873,87.0796561054938,89.68785418578202,78.62437247401873,87.0796561054938,89.68785418578202,78.62437247401873,87.0796561054938,89.68785418578202,85.93238804117463,94.65811354490009,96.95521854545164,85.93238804117463,94.65811354490009,96.95521854545164,92.59384785629173,101.21704502740336,103.63919611068242,80.28642794688835,87.22533317500819,89.68785418578202,84.66404269282567,93.17422588547743,95.27673302053802,73.30234894595121,80.40872827603344,82.70829499564704,0,0,0,0,0,0,0,0,0,0,0,UNKNOWN_NO_WELLS_IN_DATASET,,UNKNOWN_NO_WELLS_IN_DATASET,,UNKNOWN_NO_WELLS_IN_DATASET,,UNKNOWN_NO_WELLS_IN_DATASET,,UNKNOWN_NO_WELLS_IN_DATASET,,UNKNOWN_NO_WELLS_IN_DATASET,,UNKNOWN_NO_WELLS_IN_DATASET,,UNKNOWN_NO_WELLS_IN_DATASET,,UNKNOWN_NO_WELLS_IN_DATASET,,UNKNOWN_NO_WELLS_IN_DATASET,,UNKNOWN_NO_WELLS_IN_DATASET,,UNKNOWN_NO_WELLS_IN_DATASET
PIH-500-0622,500,500.44721752270004,0,EPSG:5880,DESCRIPTIVE_NO_PIH_SCORE,,,,,,,,0,0.0,,,,0,0.0,,,,0,0.0,,,,21,NONE,85.32907657345154,92.2634273498603,95.16044092823942,91.1716323593774,97.98155668594337,100.57089050087203,91.1716323593774,97.98155668594337,100.57089050087203,91.1716323593774,97.98155668594337,100.57089050087203,91.1716323593774,97.98155668594337,100.57089050087203,91.1716323593774,97.98155668594337,100.57089050087203,108.82780998546662,117.5387154071822,121.03126773704903,108.82780998546662,117.5387154071822,121.03126773704903,115.65094914313,125.478490835773,127.63368298477991,91.1716323593774,97.98155668594337,100.57089050087203,106.45707247070038,115.4868748573189,118.16484594947045,85.32907657345154,92.2634273498603,95.16044092823942,0,0,0,0,0,0,0,0,0,0,0,UNKNOWN_NO_WELLS_IN_DATASET,,UNKNOWN_NO_WELLS_IN_DATASET,,UNKNOWN_NO_WELLS_IN_DATASET,,UNKNOWN_NO_WELLS_IN_DATASET,,UNKNOWN_NO_WELLS_IN_DATASET,,UNKNOWN_NO_WELLS_IN_DATASET,,UNKNOWN_NO_WELLS_IN_DATASET,,UNKNOWN_NO_WELLS_IN_DATASET,,UNKNOWN_NO_WELLS_IN_DATASET,,UNKNOWN_NO_WELLS_IN_DATASET,,UNKNOWN_NO_WELLS_IN_DATASET,,UNKNOWN_NO_WELLS_IN_DATASET
PIH-500-0623,500,500.37092231263165,0,EPSG:5880,DESCRIPTIVE_NO_PIH_SCORE,,,,,,,,0,0.0,,,,0,0.0,,,,0,0.0,,,,18,NONE,101.33440188193495,108.36839631794608,111.89440099588055,105.32344301267642,112.3790289382812,115.90986517042754,105.32344301267642,112.3790289382812,115.90986517042754,105.32344301267642,112.3790289382812,115.90986517042754,105.32344301267642,112.3790289382812,115.90986517042754,105.32344301267642,112.3790289382812,115.90986517042754,119.81778222873446,128.64744144566373,130.09174867498695,119.81778222873446,128.64744144566373,130.09174867498695,139.07554719825234,146.35960070988875,148.24820055100164,105.32344301267642,112.3790289382812,115.90986517042754,119.81778222873446,128.64744144566373,130.09174867498695,101.33440188193495,108.36839631794608,111.89440099588055,0,0,0,0,0,0,0,0,0,0,0,UNKNOWN_NO_WELLS_IN_DATASET,,UNKNOWN_NO_WELLS_IN_DATASET,,UNKNOWN_NO_WELLS_IN_DATASET,,UNKNOWN_NO_WELLS_IN_DATASET,,UNKNOWN_NO_WELLS_IN_DATASET,,UNKNOWN_NO_WELLS_IN_DATASET,,UNKNOWN_NO_WELLS_IN_DATASET,,UNKNOWN_NO_WELLS_IN_DATASET,,UNKNOWN_NO_WELLS_IN_DATASET,,UNKNOWN_NO_WELLS_IN_DATASET,,UNKNOWN_NO_WELLS_IN_DATASET,,UNKNOWN_NO_WELLS_IN_DATASET
PIH-500-0624,500,500.30176544730296,0,EPSG:5880,DESCRIPTIVE_NO_PIH_SCORE,,,,,,,,0,0.0,,,,0,0.0,,,,0,0.0,,,,21,NONE,117.35513195368534,123.28530102233961,127.24871291876742,119.50521374486965,124.88337107742535,127.55079801969472,119.50521374486965,124.88337107742535,127.78120558747828,119.50521374486965,124.88337107742535,127.70541742369444,119.50521374486965,124.88337107742535,127.70541742369444,119.50521374486965,124.88337107742535,127.70541742369444,123.21835565098797,129.21425861595972,133.83956019148397,123.21835565098797,129.21425861595972,133.83956019148397,132.34606820329319,142.33593381536863,143.1190726432831,119.50521374486965,124.88337107742535,127.78120558747828,123.21835565098797,129.21425861595972,133.83956019148397,118.85569932077257,123.96542312118186,127.24871291876742,0,0,0,0,0,0,0,0,0,0,0,UNKNOWN_NO_WELLS_IN_DATASET,,UNKNOWN_NO_WELLS_IN_DATASET,,UNKNOWN_NO_WELLS_IN_DATASET,,UNKNOWN_NO_WELLS_IN_DATASET,,UNKNOWN_NO_WELLS_IN_DATASET,,UNKNOWN_NO_WELLS_IN_DATASET,,UNKNOWN_NO_WELLS_IN_DATASET,,UNKNOWN_NO_WELLS_IN_DATASET,,UNKNOWN_NO_WELLS_IN_DATASET,,UNKNOWN_NO_WELLS_IN_DATASET,,UNKNOWN_NO_WELLS_IN_DATASET,,UNKNOWN_NO_WELLS_IN_DATASET
PIH-500-0625,500,500.2397457524285,0,EPSG:5880,DESCRIPTIVE_NO_PIH_SCORE,,,,,,,,0,0.0,,,,0,0.0,,,,0,0.0,,,,21,NONE,105.8131879893282,113.15526577431714,116.77856664185919,105.8131879893282,113.15526577431714,116.77856664185919,105.8131879893282,113.8202683936375,116.77856664185919,105.8131879893282,113.8202683936375,116.77856664185919,105.8131879893282,113.8202683936375,116.77856664185919,105.8131879893282,113.8202683936375,116.77856664185919,107.73143928388046,116.10357749260578,118.26380559196005,107.73143928388046,116.10357749260578,118.26380559196005,107.78296016952422,117.36450630210712,118.31305185277607,105.8131879893282,113.8202683936375,116.77856664185919,107.73143928388046,116.10357749260578,118.26380559196005,108.2892799795111,118.33406423854962,119.06868327933826,0,0,0,0,0,0,0,0,0,0,0,UNKNOWN_NO_WELLS_IN_DATASET,,UNKNOWN_NO_WELLS_IN_DATASET,,UNKNOWN_NO_WELLS_IN_DATASET,,UNKNOWN_NO_WELLS_IN_DATASET,,UNKNOWN_NO_WELLS_IN_DATASET,,UNKNOWN_NO_WELLS_IN_DATASET,,UNKNOWN_NO_WELLS_IN_DATASET,,UNKNOWN_NO_WELLS_IN_DATASET,,UNKNOWN_NO_WELLS_IN_DATASET,,UNKNOWN_NO_WELLS_IN_DATASET,,UNKNOWN_NO_WELLS_IN_DATASET,,UNKNOWN_NO_WELLS_IN_DATASET
PIH-500-0626,500,500.1848621917134,0,EPSG:5880,DESCRIPTIVE_NO_PIH_SCORE,,,,,,,,0,0.0,,,,0,0.0,,,,0,0.0,,,,20,NONE,82.85360649381099,91.2830533659874,93.56361703082418,83.02178281427618,91.2830533659874,93.56361703082418,83.32114186080409,91.2830533659874,93.56361703082418,83.32114186080409,91.2830533659874,93.56361703082418,83.32114186080409,91.2830533659874,93.56361703082418,83.36843099258934,91.28809120295858,93.61029603180421,83.32114186080409,92.40174340807464,93.56361703082418,83.32114186080409,92.40174340807464,93.56361703082418,83.36843099258934,92.45536452058921,93.61029603180421,83.32114186080409,91.2830533659874,93.56361703082418,83.32114186080409,92.40174340807464,93.56361703082418,83.60749492865077,93.41542995555243,94.5148789325383,0,0,0,0,0,0,0,0,0,0,0,UNKNOWN_NO_WELLS_IN_DATASET,,UNKNOWN_NO_WELLS_IN_DATASET,,UNKNOWN_NO_WELLS_IN_DATASET,,UNKNOWN_NO_WELLS_IN_DATASET,,UNKNOWN_NO_WELLS_IN_DATASET,,UNKNOWN_NO_WELLS_IN_DATASET,,UNKNOWN_NO_WELLS_IN_DATASET,,UNKNOWN_NO_WELLS_IN_DATASET,,UNKNOWN_NO_WELLS_IN_DATASET,,UNKNOWN_NO_WELLS_IN_DATASET,,UNKNOWN_NO_WELLS_IN_DATASET,,UNKNOWN_NO_WELLS_IN_DATASET
PIH-500-0627,500,500.13711386708854,0,EPSG:5880,DESCRIPTIVE_NO_PIH_SCORE,,,,,,,,0,0.0,,,,0,0.0,,,,0,0.0,,,,21,NONE,59.40624746781828,68.07774497038602,69.32510241301276,59.40624746781828,68.07774497038602,70.4227728872143,59.40624746781828,68.07774497038602,70.4227728872143,59.40624746781828,68.07774497038602,70.4227728872143,59.40624746781828,68.07774497038602,70.4227728872143,59.44544155260431,68.12504207717005,70.4570086865731,59.40624746781828,68.07774497038602,70.4227728872143,59.40624746781828,68.07774497038602,70.4227728872143,59.44544155260431,68.12504207717005,70.45972081406887,59.40624746781828,68.07774497038602,70.4227728872143,59.40624746781828,68.07774497038602,70.4227728872143,59.79816252275776,69.03554935073802,69.98806581212716,0,0,0,0,0,0,0,0,0,0,0,UNKNOWN_NO_WELLS_IN_DATASET,,UNKNOWN_NO_WELLS_IN_DATASET,,UNKNOWN_NO_WELLS_IN_DATASET,,UNKNOWN_NO_WELLS_IN_DATASET,,UNKNOWN_NO_WELLS_IN_DATASET,,UNKNOWN_NO_WELLS_IN_DATASET,,UNKNOWN_NO_WELLS_IN_DATASET,,UNKNOWN_NO_WELLS_IN_DATASET,,UNKNOWN_NO_WELLS_IN_DATASET,,UNKNOWN_NO_WELLS_IN_DATASET,,UNKNOWN_NO_WELLS_IN_DATASET,,UNKNOWN_NO_WELLS_IN_DATASET
PIH-500-0628,500,500.09650001808535,0,EPSG:5880,DESCRIPTIVE_NO_PIH_SCORE,,,,,,,,0,0.0,,,,0,0.0,,,,0,0.0,,,,18,NONE,36.6621142983147,44.06963358136573,45.8867722321293,36.6621142983147,44.06963358136573,46.066412215267114,36.6621142983147,44.06963358136573,46.066412215267114,36.6621142983147,44.06963358136573,46.066412215267114,36.6621142983147,44.06963358136573,46.066412215267114,36.69022868405553,44.09793534978191,46.066412215267114,37.414081639553075,44.06963358136573,47.029932307562945,37.414081639553075,44.06963358136573,47.029932307562945,37.46583920237989,44.118767749555936,47.217386010249115,36.6621142983147,44.08080393099426,46.066412215267114,37.414081639553075,44.06963358136573,47.029932307562945,37.64444019197768,44.9232989506078,45.97386619170626,0,0,0,0,0,0,0,0,0,0,0,UNKNOWN_NO_WELLS_IN_DATASET,,UNKNOWN_NO_WELLS_IN_DATASET,,UNKNOWN_NO_WELLS_IN_DATASET,,UNKNOWN_NO_WELLS_IN_DATASET,,UNKNOWN_NO_WELLS_IN_DATASET,,UNKNOWN_NO_WELLS_IN_DATASET,,UNKNOWN_NO_WELLS_IN_DATASET,,UNKNOWN_NO_WELLS_IN_DATASET,,UNKNOWN_NO_WELLS_IN_DATASET,,UNKNOWN_NO_WELLS_IN_DATASET,,UNKNOWN_NO_WELLS_IN_DATASET,,UNKNOWN_NO_WELLS_IN_DATASET
PIH-500-0629,500,500.063020022736,0,EPSG:5880,DESCRIPTIVE_NO_PIH_SCORE,,,,,,,,0,0.0,,,,0,0.0,,,,0,0.0,,,,21,NONE,13.521171477403591,23.005791958838408,25.73471536363821,13.521171477403591,23.005791958838408,25.73471536363821,13.521171477403591,23.005791958838408,25.73471536363821,13.521171477403591,23.005791958838408,25.73471536363821,13.521171477403591,23.005791958838408,25.73471536363821,13.521171477403591,23.04522988442139,25.73471536363821,18.243656634921518,24.68102300079056,27.102278474833064,18.243656634921518,24.68102300079056,27.102278474833064,18.27743081821667,24.85675099477,27.47059372503933,13.652675604894375,23.005791958838408,25.73471536363821,18.243656634921518,24.68102300079056,27.102278474833064,19.079277375578563,25.561449564542865,28.032302541980517,0,0,0,0,0,0,0,0,0,0,0,UNKNOWN_NO_WELLS_IN_DATASET,,UNKNOWN_NO_WELLS_IN_DATASET,,UNKNOWN_NO_WELLS_IN_DATASET,,UNKNOWN_NO_WELLS_IN_DATASET,,UNKNOWN_NO_WELLS_IN_DATASET,,UNKNOWN_NO_WELLS_IN_DATASET,,UNKNOWN_NO_WELLS_IN_DATASET,,UNKNOWN_NO_WELLS_IN_DATASET,,UNKNOWN_NO_WELLS_IN_DATASET,,UNKNOWN_NO_WELLS_IN_DATASET,,UNKNOWN_NO_WELLS_IN_DATASET,,UNKNOWN_NO_WELLS_IN_DATASET
PIH-500-0630,500,500.03667339668726,1,EPSG:5880,DESCRIPTIVE_NO_PIH_SCORE,11.222601020375574,11.222601020375574,10.347468077468797,0.8201779756900449,,,,1,1.2499083232324788,0.0,,100.0,1,3.753215610438999,0.0,,100.0,1,15.197700915768275,0.0,,100.0,21,NONE,10.275453631534628,17.91374117986229,19.280040739708145,10.725927100666286,19.12331831290357,19.774150685958737,10.725927100666286,19.280040739708145,20.62801991624403,10.725927100666286,19.12331831290357,19.774150685958737,10.725927100666286,19.12331831290357,19.774150685958737,10.725927100666286,19.12331831290357,19.774150685958737,17.709623900824056,21.90285784621703,24.120648963483248,17.709623900824056,21.90285784621703,24.120648963483248,20.627809331779403,27.954789063879222,31.11664636808009,10.725927100666286,19.280040739708145,19.871079714228554,17.709623900824056,21.90285784621703,24.120648963483248,14.482412470966526,20.94497038575241,23.0363903240449,1,1,1,1,1,0,0,0,1,0,0,WELLS_PRESENT,100.0,EVIDENCE_PRESENT,100.0,EVIDENCE_PRESENT,100.0,EVIDENCE_PRESENT,100.0,EVIDENCE_PRESENT,100.0,EVIDENCE_PRESENT,0.0,NO_EVIDENCE_IN_AUDITED_WELLS,0.0,NO_EVIDENCE_IN_AUDITED_WELLS,0.0,NO_EVIDENCE_IN_AUDITED_WELLS,100.0,EVIDENCE_PRESENT,0.0,NO_EVIDENCE_IN_AUDITED_WELLS,0.0,NO_REVIEW_FLAG_IN_AUDITED_WELLS
PIH-500-0631,500,500.01745979384157,1,EPSG:5880,DESCRIPTIVE_NO_PIH_SCORE,7.954778880487334,7.954778880487334,11.282806748660052,0.8943335048692473,,,,1,1.249956352039565,0.0,,100.0,1,3.6570610749319514,0.0,,100.0,1,5.266994987823766,0.0,,100.0,21,NONE,11.174956890486818,18.00328778165028,20.000396134906666,15.58856168619029,22.479939439445047,24.278303378395243,15.58856168619029,23.429474946228755,24.278303378395243,15.58856168619029,22.479939439445047,24.278303378395243,15.58856168619029,22.479939439445047,24.278303378395243,15.58856168619029,22.479939439445047,24.278303378395243,24.490585275817857,29.452737011408527,33.89068947318647,24.490585275817857,29.452737011408527,33.89068947318647,39.416244781592454,48.19573235121528,50.4616638256243,15.58856168619029,22.479939439445047,24.278303378395243,17.716005352979224,24.490585275817857,26.607591842608432,11.174956890486818,18.00328778165028,21.868896764745433,0,0,0,0,0,0,0,0,0,0,1,WELLS_PRESENT,0.0,NO_EVIDENCE_IN_AUDITED_WELLS,0.0,NO_EVIDENCE_IN_AUDITED_WELLS,0.0,NO_EVIDENCE_IN_AUDITED_WELLS,0.0,NO_EVIDENCE_IN_AUDITED_WELLS,0.0,NO_EVIDENCE_IN_AUDITED_WELLS,0.0,NO_EVIDENCE_IN_AUDITED_WELLS,0.0,NO_EVIDENCE_IN_AUDITED_WELLS,0.0,NO_EVIDENCE_IN_AUDITED_WELLS,0.0,NO_EVIDENCE_IN_AUDITED_WELLS,0.0,NO_EVIDENCE_IN_AUDITED_WELLS,100.0,REVIEW_REQUIRED_PRESENT
PIH-500-0632,500,500.0053790060264,2,EPSG:5880,DESCRIPTIVE_NO_PIH_SCORE,4.505540796890653,4.505540796890653,10.095865878706663,0.8002601120085563,4.505540796890653,4.505540796890653,,2,2.499973105259202,0.0,1.0,50.0,2,9.154581558083022,0.0,1.0,50.0,1,19.154473979119828,0.5,,100.0,21,NONE,10.916736519956354,18.46369860240763,19.451709916054632,11.755075376061667,18.46369860240763,19.451709916054632,11.755075376061667,18.46369860240763,19.451709916054632,11.755075376061667,18.46369860240763,19.451709916054632,11.755075376061667,18.46369860240763,19.451709916054632,11.755075376061667,18.46369860240763,19.451709916054632,21.968655705914117,29.91407803250018,32.34814454535812,21.968655705914117,29.91407803250018,32.34814454535812,61.06460764192008,64.84847790593797,66.03791972299487,11.755075376061667,18.46369860240763,19.451709916054632,11.755075376061667,18.46369860240763,19.451709916054632,10.916736519956354,18.46369860240763,19.451709916054632,2,2,2,2,2,0,0,0,2,1,1,WELLS_PRESENT,100.0,EVIDENCE_PRESENT,100.0,EVIDENCE_PRESENT,100.0,EVIDENCE_PRESENT,100.0,EVIDENCE_PRESENT,100.0,EVIDENCE_PRESENT,0.0,NO_EVIDENCE_IN_AUDITED_WELLS,0.0,NO_EVIDENCE_IN_AUDITED_WELLS,0.0,NO_EVIDENCE_IN_AUDITED_WELLS,100.0,EVIDENCE_PRESENT,50.0,EVIDENCE_PRESENT,50.0,REVIEW_REQUIRED_PRESENT
PIH-500-0633,500,500.0004309631797,0,EPSG:5880,DESCRIPTIVE_NO_PIH_SCORE,,,,,,,,0,0.0,,,,0,0.0,,,,0,0.0,,,,18,NONE,24.27353732700255,30.9009919174985,33.25068799609032,24.27353732700255,30.9009919174985,33.25068799609032,24.27353732700255,30.9009919174985,33.25068799609032,24.27353732700255,30.9009919174985,33.25068799609032,24.27353732700255,30.9009919174985,33.25068799609032,24.27353732700255,30.9009919174985,33.25068799609032,27.52419101141019,31.94108171936253,33.4086797361619,27.52419101141019,31.94108171936253,33.4086797361619,46.65446239921271,52.78693552485892,54.935839355559715,25.09089753788667,31.17747929201865,34.25696228012293,24.27353732700255,30.9009919174985,33.25068799609032,32.00526112523562,38.7009848121738,40.033660463270664,0,0,0,0,0,0,0,0,0,0,0,UNKNOWN_NO_WELLS_IN_DATASET,,UNKNOWN_NO_WELLS_IN_DATASET,,UNKNOWN_NO_WELLS_IN_DATASET,,UNKNOWN_NO_WELLS_IN_DATASET,,UNKNOWN_NO_WELLS_IN_DATASET,,UNKNOWN_NO_WELLS_IN_DATASET,,UNKNOWN_NO_WELLS_IN_DATASET,,UNKNOWN_NO_WELLS_IN_DATASET,,UNKNOWN_NO_WELLS_IN_DATASET,,UNKNOWN_NO_WELLS_IN_DATASET,,UNKNOWN_NO_WELLS_IN_DATASET,,UNKNOWN_NO_WELLS_IN_DATASET
PIH-500-0634,500,500.00261573312565,0,EPSG:5880,DESCRIPTIVE_NO_PIH_SCORE,,,,,,,,0,0.0,,,,0,0.0,,,,0,0.0,,,,20,NONE,20.169140477916667,25.84710070562358,26.260925349242516,20.169140477916667,25.84710070562358,26.260925349242516,20.169140477916667,25.84710070562358,26.260925349242516,20.169140477916667,25.84710070562358,26.260925349242516,20.169140477916667,25.84710070562358,26.260925349242516,20.169140477916667,25.84710070562358,26.260925349242516,20.83625842746733,25.891231599328698,26.45156074395584,20.83625842746733,25.891231599328698,26.45156074395584,24.758271995192736,33.08481116143249,34.64156383118369,20.386377196391383,26.455896396845887,26.701622078264702,20.169140477916667,25.84710070562358,26.260925349242516,40.042640813337954,46.43614769781609,51.1301691881184,0,0,0,0,0,0,0,0,0,0,0,UNKNOWN_NO_WELLS_IN_DATASET,,UNKNOWN_NO_WELLS_IN_DATASET,,UNKNOWN_NO_WELLS_IN_DATASET,,UNKNOWN_NO_WELLS_IN_DATASET,,UNKNOWN_NO_WELLS_IN_DATASET,,UNKNOWN_NO_WELLS_IN_DATASET,,UNKNOWN_NO_WELLS_IN_DATASET,,UNKNOWN_NO_WELLS_IN_DATASET,,UNKNOWN_NO_WELLS_IN_DATASET,,UNKNOWN_NO_WELLS_IN_DATASET,,UNKNOWN_NO_WELLS_IN_DATASET,,UNKNOWN_NO_WELLS_IN_DATASET
PIH-500-0635,500,500.0119335219356,0,EPSG:5880,DESCRIPTIVE_NO_PIH_SCORE,,,,,,,,0,0.0,,,,0,0.0,,,,0,0.0,,,,21,NONE,15.106794184269658,18.05905609952227,21.037194792122826,15.106794184269658,18.05905609952227,21.037194792122826,15.106794184269658,18.05905609952227,21.037194792122826,15.106794184269658,18.05905609952227,21.037194792122826,15.106794184269658,18.05905609952227,21.037194792122826,15.106794184269658,18.05905609952227,21.037194792122826,16.154341376377285,22.54114564053219,25.952860113858897,16.154341376377285,22.54114564053219,25.952860113858897,16.154341376377285,22.54114564053219,25.952860113858897,15.106794184269658,18.05905609952227,21.037194792122826,15.106794184269658,18.077863407913746,21.03938082467824,33.178769702476025,39.85078705878343,44.348869400172646,0,0,0,0,0,0,0,0,0,0,0,UNKNOWN_NO_WELLS_IN_DATASET,,UNKNOWN_NO_WELLS_IN_DATASET,,UNKNOWN_NO_WELLS_IN_DATASET,,UNKNOWN_NO_WELLS_IN_DATASET,,UNKNOWN_NO_WELLS_IN_DATASET,,UNKNOWN_NO_WELLS_IN_DATASET,,UNKNOWN_NO_WELLS_IN_DATASET,,UNKNOWN_NO_WELLS_IN_DATASET,,UNKNOWN_NO_WELLS_IN_DATASET,,UNKNOWN_NO_WELLS_IN_DATASET,,UNKNOWN_NO_WELLS_IN_DATASET,,UNKNOWN_NO_WELLS_IN_DATASET
PIH-500-0636,500,500.02838467349244,0,EPSG:5880,DESCRIPTIVE_NO_PIH_SCORE,,,,,,,,0,0.0,,,,0,0.0,,,,0,0.0,,,,22,NONE,19.905448242205477,24.53309963199777,24.93363254491833,20.302340532350836,24.655286412955434,26.108698995459346,20.302340532350836,24.655286412955434,26.108698995459346,20.302340532350836,24.655286412955434,26.108698995459346,20.302340532350836,24.655286412955434,26.108698995459346,20.302340532350836,24.655286412955434,26.108698995459346,23.383480493999535,27.959977601911383,29.077754985327463,23.383480493999535,27.959977601911383,29.077754985327463,32.36498163773193,40.28728959972988,44.19481471090916,23.9439533100348,28.24821141792342,30.870960512423135,23.383480493999535,26.63166216272709,28.30750160939668,20.08207487786037,25.532469061106873,29.889402024106268,0,0,0,0,0,0,0,0,0,0,0,UNKNOWN_NO_WELLS_IN_DATASET,,UNKNOWN_NO_WELLS_IN_DATASET,,UNKNOWN_NO_WELLS_IN_DATASET,,UNKNOWN_NO_WELLS_IN_DATASET,,UNKNOWN_NO_WELLS_IN_DATASET,,UNKNOWN_NO_WELLS_IN_DATASET,,UNKNOWN_NO_WELLS_IN_DATASET,,UNKNOWN_NO_WELLS_IN_DATASET,,UNKNOWN_NO_WELLS_IN_DATASET,,UNKNOWN_NO_WELLS_IN_DATASET,,UNKNOWN_NO_WELLS_IN_DATASET,,UNKNOWN_NO_WELLS_IN_DATASET
PIH-500-0637,500,500.05196966978457,6,EPSG:5880,DESCRIPTIVE_NO_PIH_SCORE,3.554566818814136,5.998726924674181,3.7231310578857784,0.295104403005788,3.554566818814136,5.998726924674181,0.15313908741195328,5,6.249350446641841,0.16666666666666663,0.9697238998682473,33.33333333333333,5,23.4563263286239,0.16666666666666663,0.9697238998682473,33.33333333333333,4,63.675110777418254,0.33333333333333337,0.9591479170272448,33.33333333333333,21,NONE,4.4507361268510675,7.642027567828584,11.626562122987776,5.267118330881317,8.715553966981052,11.626562122987776,5.267118330881317,8.715553966981052,11.626562122987776,5.267118330881317,8.715553966981052,11.626562122987776,5.267118330881317,8.715553966981052,11.626562122987776,5.267118330881317,8.715553966981052,11.626562122987776,7.642027567828584,11.626562122987776,12.702939749812248,7.642027567828584,11.626562122987776,12.702939749812248,54.89195251123803,64.70834992109272,67.19004824573224,10.902676544253346,17.576464346948555,19.102325161734726,7.642027567828584,11.626562122987776,12.702939749812248,5.139406511523036,10.762138973053117,11.626562122987776,4,4,4,4,4,1,1,0,2,1,5,WELLS_PRESENT,66.6667,EVIDENCE_PRESENT,66.6667,EVIDENCE_PRESENT,66.6667,EVIDENCE_PRESENT,66.6667,EVIDENCE_PRESENT,66.6667,EVIDENCE_PRESENT,16.6667,EVIDENCE_PRESENT,16.6667,EVIDENCE_PRESENT,0.0,NO_EVIDENCE_IN_AUDITED_WELLS,33.3333,EVIDENCE_PRESENT,16.6667,EVIDENCE_PRESENT,83.3333,REVIEW_REQUIRED_PRESENT
PIH-500-0638,500,500.0826891308423,4,EPSG:5880,DESCRIPTIVE_NO_PIH_SCORE,3.1216265335523805,6.762760424931409,2.7723683338893435,0.21973789275024394,3.1216265335523805,6.762760424931409,0.025942994833050747,3,3.7483415397956534,0.25,0.946394630357186,50.0,3,12.499854771751732,0.25,0.946394630357186,50.0,3,53.34282078371976,0.25,0.946394630357186,50.0,19,NONE,5.373125389748415,7.9016125119385325,8.96107206902693,5.373125389748415,7.9016125119385325,8.96107206902693,5.373125389748415,8.170307218703304,8.96107206902693,6.083967251781996,8.248502317690201,9.68300167251454,6.083967251781996,8.248502317690201,9.68300167251454,6.083967251781996,8.248502317690201,9.68300167251454,15.45063226106881,21.77192486205709,25.286794704863603,15.45063226106881,21.77192486205709,25.286794704863603,78.95929762324263,85.50710336760817,90.19948344599112,5.373125389748415,8.248502317690201,9.000587067923336,7.859425669959161,11.738597895933781,13.614528764756981,5.373125389748415,7.9016125119385325,8.96107206902693,4,4,4,4,4,0,0,0,4,1,4,WELLS_PRESENT,100.0,EVIDENCE_PRESENT,100.0,EVIDENCE_PRESENT,100.0,EVIDENCE_PRESENT,100.0,EVIDENCE_PRESENT,100.0,EVIDENCE_PRESENT,0.0,NO_EVIDENCE_IN_AUDITED_WELLS,0.0,NO_EVIDENCE_IN_AUDITED_WELLS,0.0,NO_EVIDENCE_IN_AUDITED_WELLS,100.0,EVIDENCE_PRESENT,25.0,EVIDENCE_PRESENT,100.0,REVIEW_REQUIRED_PRESENT
PIH-500-0639,500,499.0780754264508,41,EPSG:5880,DESCRIPTIVE_NO_PIH_SCORE,0.2287023184807594,0.7137267115967998,4.5193617954112435,0.35856492176367044,0.2287023184807594,0.7137267115967998,0.20690747060064074,11,13.483189876910776,0.7317073170731707,0.9023908380899387,19.51219512195122,8,36.577279657696906,0.8048780487804879,0.8738115668451821,29.268292682926827,4,61.03802695165659,0.9024390243902439,0.7724313287741035,46.34146341463415,19,NONE,3.986603250834045,8.609552159319115,9.844133522271942,3.986603250834045,9.335002609225873,10.680725842007243,3.986603250834045,9.335002609225873,10.680725842007243,4.0108465322262585,9.335002609225873,10.680725842007243,4.0108465322262585,9.335002609225873,10.680725842007243,4.0108465322262585,9.335002609225873,10.680725842007243,7.870100693374486,14.26397685770012,17.59808289537117,7.870100693374486,14.26397685770012,17.59808289537117,100.9883999765063,109.42137899941865,110.78222343331707,3.986603250834045,9.335002609225873,10.680725842007243,6.231466989462502,10.562982995282491,13.666026375841277,3.986603250834045,8.609552159319115,9.844133522271942,34,32,31,31,29,9,9,0,23,19,41,WELLS_PRESENT,82.9268,EVIDENCE_PRESENT,78.0488,EVIDENCE_PRESENT,75.6098,EVIDENCE_PRESENT,75.6098,EVIDENCE_PRESENT,70.7317,EVIDENCE_PRESENT,21.9512,EVIDENCE_PRESENT,21.9512,EVIDENCE_PRESENT,0.0,NO_EVIDENCE_IN_AUDITED_WELLS,56.0976,EVIDENCE_PRESENT,46.3415,EVIDENCE_PRESENT,100.0,REVIEW_REQUIRED_PRESENT
PIH-500-0640,500,410.9239704520019,9,EPSG:5880,DESCRIPTIVE_NO_PIH_SCORE,1.392436725643758,4.070139206663168,7.6477067045900755,0.6686909145958275,1.392436725643758,4.401489215229107,0.11088197899907277,6,8.072754798480707,0.33333333333333337,0.8824252235446578,44.44444444444444,5,24.418226937135955,0.4444444444444444,0.886682880001534,44.44444444444444,4,58.3791078725031,0.5555555555555556,0.9182958340544894,44.44444444444444,17,NONE,5.459586321333325,9.581274077558673,10.837779937714332,5.459586321333325,10.282575771368744,10.837779937714332,5.459586321333325,10.282575771368744,10.837779937714332,5.459586321333325,10.282575771368744,10.837779937714332,5.459586321333325,10.282575771368744,10.837779937714332,5.459586321333325,10.282575771368744,10.837779937714332,11.517358845139253,15.708486290830681,19.094027893144734,11.517358845139253,15.708486290830681,19.094027893144734,124.22332769491403,132.15833012303523,135.39871224042645,6.565482490414411,10.668059859857724,11.27343579501926,11.517358845139253,15.708486290830681,19.094027893144734,5.459586321333325,9.581274077558673,10.837779937714332,7,7,7,7,7,1,1,0,5,1,9,WELLS_PRESENT,77.7778,EVIDENCE_PRESENT,77.7778,EVIDENCE_PRESENT,77.7778,EVIDENCE_PRESENT,77.7778,EVIDENCE_PRESENT,77.7778,EVIDENCE_PRESENT,11.1111,EVIDENCE_PRESENT,11.1111,EVIDENCE_PRESENT,0.0,NO_EVIDENCE_IN_AUDITED_WELLS,55.5556,EVIDENCE_PRESENT,11.1111,EVIDENCE_PRESENT,100.0,REVIEW_REQUIRED_PRESENT
PIH-500-0641,500,104.86941086101353,1,EPSG:5880,DESCRIPTIVE_NO_PIH_SCORE,12.453226895225571,12.453226895225571,5.703179623237455,0.9871145928210135,,,,1,5.899041860299895,0.0,,100.0,1,13.808733911408286,0.0,,100.0,1,17.56224843893516,0.0,,100.0,5,NONE,4.631967858512434,7.9098604215774255,8.171811307424413,4.631967858512434,7.9098604215774255,8.171811307424413,4.631967858512434,7.9098604215774255,8.171811307424413,4.631967858512434,7.9098604215774255,8.171811307424413,4.631967858512434,7.9098604215774255,8.171811307424413,4.631967858512434,7.9098604215774255,8.171811307424413,18.353693810756745,23.654093143065346,25.241200462745645,18.353693810756745,23.654093143065346,25.241200462745645,150.22941597732336,153.5167958593055,155.18021611788967,4.631967858512434,7.9098604215774255,8.171811307424413,18.353693810756745,23.654093143065346,25.241200462745645,15.670070910269787,19.32205372632889,21.250938917871395,1,1,1,1,1,0,0,0,1,0,0,WELLS_PRESENT,100.0,EVIDENCE_PRESENT,100.0,EVIDENCE_PRESENT,100.0,EVIDENCE_PRESENT,100.0,EVIDENCE_PRESENT,100.0,EVIDENCE_PRESENT,0.0,NO_EVIDENCE_IN_AUDITED_WELLS,0.0,NO_EVIDENCE_IN_AUDITED_WELLS,0.0,NO_EVIDENCE_IN_AUDITED_WELLS,100.0,EVIDENCE_PRESENT,0.0,NO_EVIDENCE_IN_AUDITED_WELLS,0.0,NO_REVIEW_FLAG_IN_AUDITED_WELLS
PIH-500-0642,500,0.005773085816935799,0,EPSG:5880,DESCRIPTIVE_NO_PIH_SCORE,,,,,,,,0,0.0,,,,0,0.0,,,,0,0.0,,,,0,REPRESENTATIVE_POINT,40.33802836102138,40.33802836102138,40.33802836102138,40.33802836102138,40.33802836102138,40.33802836102138,40.33802836102138,40.33802836102138,40.33802836102138,40.33802836102138,40.33802836102138,40.33802836102138,40.33802836102138,40.33802836102138,40.33802836102138,40.33802836102138,40.33802836102138,40.33802836102138,40.96225931064392,40.96225931064392,40.96225931064392,40.96225931064392,40.96225931064392,40.96225931064392,43.26865460187985,43.26865460187985,43.26865460187985,40.33802836102138,40.33802836102138,40.33802836102138,40.96225931064392,40.96225931064392,40.96225931064392,40.33802836102138,40.33802836102138,40.33802836102138,0,0,0,0,0,0,0,0,0,0,0,UNKNOWN_NO_WELLS_IN_DATASET,,UNKNOWN_NO_WELLS_IN_DATASET,,UNKNOWN_NO_WELLS_IN_DATASET,,UNKNOWN_NO_WELLS_IN_DATASET,,UNKNOWN_NO_WELLS_IN_DATASET,,UNKNOWN_NO_WELLS_IN_DATASET,,UNKNOWN_NO_WELLS_IN_DATASET,,UNKNOWN_NO_WELLS_IN_DATASET,,UNKNOWN_NO_WELLS_IN_DATASET,,UNKNOWN_NO_WELLS_IN_DATASET,,UNKNOWN_NO_WELLS_IN_DATASET,,UNKNOWN_NO_WELLS_IN_DATASET
PIH-500-0643,500,469.2841363813559,0,EPSG:5880,DESCRIPTIVE_NO_PIH_SCORE,,,,,,,,0,0.0,,,,0,0.0,,,,0,0.0,,,,20,NONE,44.787487175402255,54.40268680408797,59.21805519608028,44.787487175402255,54.40268680408797,59.21805519608028,44.787487175402255,54.40268680408797,59.21805519608028,44.787487175402255,54.40268680408797,59.21805519608028,44.787487175402255,54.40268680408797,59.21805519608028,44.787487175402255,54.40268680408797,59.21805519608028,45.0186284983535,54.51873503802737,59.21805519608028,45.0186284983535,54.51873503802737,59.21805519608028,48.59590950720556,57.99453042760071,62.37273158337551,45.852579563814786,55.1775302361862,59.4847044840494,45.0186284983535,54.51873503802737,59.21805519608028,44.787487175402255,54.40268680408797,59.21805519608028,0,0,0,0,0,0,0,0,0,0,0,UNKNOWN_NO_WELLS_IN_DATASET,,UNKNOWN_NO_WELLS_IN_DATASET,,UNKNOWN_NO_WELLS_IN_DATASET,,UNKNOWN_NO_WELLS_IN_DATASET,,UNKNOWN_NO_WELLS_IN_DATASET,,UNKNOWN_NO_WELLS_IN_DATASET,,UNKNOWN_NO_WELLS_IN_DATASET,,UNKNOWN_NO_WELLS_IN_DATASET,,UNKNOWN_NO_WELLS_IN_DATASET,,UNKNOWN_NO_WELLS_IN_DATASET,,UNKNOWN_NO_WELLS_IN_DATASET,,UNKNOWN_NO_WELLS_IN_DATASET
PIH-500-0644,500,500.770728643881,0,EPSG:5880,DESCRIPTIVE_NO_PIH_SCORE,,,,,,,,0,0.0,,,,0,0.0,,,,0,0.0,,,,21,NONE,52.007392507339574,58.91567949859837,63.2853176340845,52.007392507339574,58.91567949859837,63.2853176340845,52.007392507339574,58.91567949859837,63.2853176340845,52.007392507339574,58.91567949859837,63.2853176340845,52.007392507339574,58.91567949859837,63.2853176340845,52.007392507339574,58.91567949859837,63.2853176340845,52.007392507339574,58.91567949859837,63.2853176340845,52.007392507339574,58.91567949859837,63.2853176340845,57.30856414854873,64.9140659783595,68.48088570515583,55.302484830461154,62.81375207732144,65.99860441522823,52.007392507339574,58.91567949859837,63.2853176340845,52.007392507339574,58.91567949859837,63.2853176340845,0,0,0,0,0,0,0,0,0,0,0,UNKNOWN_NO_WELLS_IN_DATASET,,UNKNOWN_NO_WELLS_IN_DATASET,,UNKNOWN_NO_WELLS_IN_DATASET,,UNKNOWN_NO_WELLS_IN_DATASET,,UNKNOWN_NO_WELLS_IN_DATASET,,UNKNOWN_NO_WELLS_IN_DATASET,,UNKNOWN_NO_WELLS_IN_DATASET,,UNKNOWN_NO_WELLS_IN_DATASET,,UNKNOWN_NO_WELLS_IN_DATASET,,UNKNOWN_NO_WELLS_IN_DATASET,,UNKNOWN_NO_WELLS_IN_DATASET,,UNKNOWN_NO_WELLS_IN_DATASET
PIH-500-0645,500,500.66942262353587,0,EPSG:5880,DESCRIPTIVE_NO_PIH_SCORE,,,,,,,,0,0.0,,,,0,0.0,,,,0,0.0,,,,21,NONE,65.85852796829464,75.40754422639172,75.85041064416147,65.85852796829464,75.40754422639172,75.85041064416147,65.85852796829464,75.40754422639172,75.85041064416147,65.85852796829464,75.40754422639172,75.85041064416147,65.85852796829464,75.40754422639172,75.85041064416147,65.85852796829464,75.40754422639172,75.85041064416147,65.85852796829464,75.40754422639172,75.85041064416147,65.85852796829464,75.40754422639172,75.85041064416147,72.16474098504979,81.85968419309667,82.23812998623946,70.79741098504849,80.11290367099167,80.70286963444545,65.85852796829464,75.40754422639172,75.85041064416147,65.85852796829464,75.40754422639172,75.85041064416147,0,0,0,0,0,0,0,0,0,0,0,UNKNOWN_NO_WELLS_IN_DATASET,,UNKNOWN_NO_WELLS_IN_DATASET,,UNKNOWN_NO_WELLS_IN_DATASET,,UNKNOWN_NO_WELLS_IN_DATASET,,UNKNOWN_NO_WELLS_IN_DATASET,,UNKNOWN_NO_WELLS_IN_DATASET,,UNKNOWN_NO_WELLS_IN_DATASET,,UNKNOWN_NO_WELLS_IN_DATASET,,UNKNOWN_NO_WELLS_IN_DATASET,,UNKNOWN_NO_WELLS_IN_DATASET,,UNKNOWN_NO_WELLS_IN_DATASET,,UNKNOWN_NO_WELLS_IN_DATASET
PIH-500-0646,500,500.5752599387387,0,EPSG:5880,DESCRIPTIVE_NO_PIH_SCORE,,,,,,,,0,0.0,,,,0,0.0,,,,0,0.0,,,,18,NONE,83.07794729190336,90.8540637948402,94.52275436685169,83.07794729190336,90.8540637948402,94.52275436685169,83.07794729190336,90.8540637948402,94.52275436685169,83.07794729190336,90.8540637948402,94.52275436685169,83.07794729190336,90.8540637948402,94.52275436685169,83.07794729190336,90.8540637948402,94.52275436685169,83.07794729190336,90.8540637948402,94.52275436685169,83.07794729190336,90.8540637948402,94.52275436685169,89.7305110289995,97.5637276711919,101.24367613823753,88.47554742615371,96.22867968472187,99.92728882442816,83.07794729190336,90.8540637948402,94.52275436685169,83.07794729190336,90.8540637948402,94.52275436685169,0,0,0,0,0,0,0,0,0,0,0,UNKNOWN_NO_WELLS_IN_DATASET,,UNKNOWN_NO_WELLS_IN_DATASET,,UNKNOWN_NO_WELLS_IN_DATASET,,UNKNOWN_NO_WELLS_IN_DATASET,,UNKNOWN_NO_WELLS_IN_DATASET,,UNKNOWN_NO_WELLS_IN_DATASET,,UNKNOWN_NO_WELLS_IN_DATASET,,UNKNOWN_NO_WELLS_IN_DATASET,,UNKNOWN_NO_WELLS_IN_DATASET,,UNKNOWN_NO_WELLS_IN_DATASET,,UNKNOWN_NO_WELLS_IN_DATASET,,UNKNOWN_NO_WELLS_IN_DATASET
PIH-500-0647,500,500.4882389421922,0,EPSG:5880,DESCRIPTIVE_NO_PIH_SCORE,,,,,,,,0,0.0,,,,0,0.0,,,,0,0.0,,,,21,NONE,95.93560077477471,105.02703436886596,107.82498635824606,100.77713247541308,109.77313357648877,113.72013118626569,100.77713247541308,109.77313357648877,113.72013118626569,100.77713247541308,109.77313357648877,113.72013118626569,100.77713247541308,109.77313357648877,113.72013118626569,100.77713247541308,109.77313357648877,113.72013118626569,104.72280253698267,111.57745729283917,115.89997609981262,104.72280253698267,111.57745729283917,115.89997609981262,111.49929914641055,118.33871154418999,122.67663192220078,102.56777756929617,111.88453723139679,115.01317943581839,104.43847818251616,111.50405278091439,115.89997609981262,95.93560077477471,105.02703436886596,107.82498635824606,0,0,0,0,0,0,0,0,0,0,0,UNKNOWN_NO_WELLS_IN_DATASET,,UNKNOWN_NO_WELLS_IN_DATASET,,UNKNOWN_NO_WELLS_IN_DATASET,,UNKNOWN_NO_WELLS_IN_DATASET,,UNKNOWN_NO_WELLS_IN_DATASET,,UNKNOWN_NO_WELLS_IN_DATASET,,UNKNOWN_NO_WELLS_IN_DATASET,,UNKNOWN_NO_WELLS_IN_DATASET,,UNKNOWN_NO_WELLS_IN_DATASET,,UNKNOWN_NO_WELLS_IN_DATASET,,UNKNOWN_NO_WELLS_IN_DATASET,,UNKNOWN_NO_WELLS_IN_DATASET
PIH-500-0648,500,500.40835812383534,0,EPSG:5880,DESCRIPTIVE_NO_PIH_SCORE,,,,,,,,0,0.0,,,,0,0.0,,,,0,0.0,,,,22,NONE,108.83749496329379,117.13612100354845,120.16028834936654,113.96676140974114,122.68887013129104,125.51040221714602,113.96676140974114,122.68887013129104,125.51040221714602,113.96676140974114,122.68887013129104,125.51040221714602,113.96676140974114,122.68887013129104,125.51040221714602,113.96676140974114,122.68887013129104,125.51040221714602,126.41577537639407,134.80006099818002,138.49569605867936,126.41577537639407,134.80006099818002,138.49569605867936,133.1601221789108,141.5161151238031,145.25436338219222,113.96676140974114,122.68887013129104,125.51040221714602,125.74398505724079,133.5631977352899,137.9266217848285,108.83749496329379,117.13612100354845,120.16028834936654,0,0,0,0,0,0,0,0,0,0,0,UNKNOWN_NO_WELLS_IN_DATASET,,UNKNOWN_NO_WELLS_IN_DATASET,,UNKNOWN_NO_WELLS_IN_DATASET,,UNKNOWN_NO_WELLS_IN_DATASET,,UNKNOWN_NO_WELLS_IN_DATASET,,UNKNOWN_NO_WELLS_IN_DATASET,,UNKNOWN_NO_WELLS_IN_DATASET,,UNKNOWN_NO_WELLS_IN_DATASET,,UNKNOWN_NO_WELLS_IN_DATASET,,UNKNOWN_NO_WELLS_IN_DATASET,,UNKNOWN_NO_WELLS_IN_DATASET,,UNKNOWN_NO_WELLS_IN_DATASET
PIH-500-0649,500,500.3356161107546,0,EPSG:5880,DESCRIPTIVE_NO_PIH_SCORE,,,,,,,,0,0.0,,,,0,0.0,,,,0,0.0,,,,22,NONE,124.61226489474683,129.6643575430434,133.43883466328643,127.62959902326519,132.7015986914642,135.77857028558967,129.16465883783655,137.46236298133306,138.27225715707527,127.62959902326519,132.7015986914642,135.77857028558967,127.62959902326519,132.7015986914642,135.77857028558967,127.62959902326519,132.7015986914642,135.77857028558967,140.27644836500036,145.7895288278839,147.75100396787317,140.27644836500036,145.7895288278839,147.75100396787317,145.18697249124835,150.40680715346426,152.85275380357177,129.16465883783655,137.46236298133306,138.27225715707527,139.94724413247425,145.7895288278839,146.72376420421202,124.61226489474683,129.6643575430434,133.43883466328643,0,0,0,0,0,0,0,0,0,0,0,UNKNOWN_NO_WELLS_IN_DATASET,,UNKNOWN_NO_WELLS_IN_DATASET,,UNKNOWN_NO_WELLS_IN_DATASET,,UNKNOWN_NO_WELLS_IN_DATASET,,UNKNOWN_NO_WELLS_IN_DATASET,,UNKNOWN_NO_WELLS_IN_DATASET,,UNKNOWN_NO_WELLS_IN_DATASET,,UNKNOWN_NO_WELLS_IN_DATASET,,UNKNOWN_NO_WELLS_IN_DATASET,,UNKNOWN_NO_WELLS_IN_DATASET,,UNKNOWN_NO_WELLS_IN_DATASET,,UNKNOWN_NO_WELLS_IN_DATASET
PIH-500-0650,500,500.27001166722255,0,EPSG:5880,DESCRIPTIVE_NO_PIH_SCORE,,,,,,,,0,0.0,,,,0,0.0,,,,0,0.0,,,,20,NONE,115.75058167683994,123.24161561500094,125.99280224386965,115.75058167683994,123.24161561500094,125.99280224386965,122.93743876392362,131.05331513493263,133.2056805415447,115.75058167683994,123.24161561500094,125.99280224386965,115.75058167683994,123.24161561500094,125.99280224386965,115.75058167683994,123.24161561500094,125.99280224386965,121.40157281428776,130.97536761063486,132.2073136680278,121.40157281428776,130.97536761063486,132.2073136680278,123.44170356044901,131.09489342894068,133.7007545711347,122.93743876392362,131.05331513493263,133.2056805415447,121.40157281428776,130.97536761063486,132.2073136680278,115.75058167683994,123.24161561500094,125.99280224386965,0,0,0,0,0,0,0,0,0,0,0,UNKNOWN_NO_WELLS_IN_DATASET,,UNKNOWN_NO_WELLS_IN_DATASET,,UNKNOWN_NO_WELLS_IN_DATASET,,UNKNOWN_NO_WELLS_IN_DATASET,,UNKNOWN_NO_WELLS_IN_DATASET,,UNKNOWN_NO_WELLS_IN_DATASET,,UNKNOWN_NO_WELLS_IN_DATASET,,UNKNOWN_NO_WELLS_IN_DATASET,,UNKNOWN_NO_WELLS_IN_DATASET,,UNKNOWN_NO_WELLS_IN_DATASET,,UNKNOWN_NO_WELLS_IN_DATASET,,UNKNOWN_NO_WELLS_IN_DATASET
PIH-500-0651,500,500.2115436947157,0,EPSG:5880,DESCRIPTIVE_NO_PIH_SCORE,,,,,,,,0,0.0,,,,0,0.0,,,,0,0.0,,,,17,NONE,92.85233821030985,99.77822885230545,102.13469115176,92.85233821030985,99.77822885230545,102.13469115176,99.08463875190849,107.17266801771432,108.77653032055682,93.58681052426728,99.77822885230545,102.67203538803349,93.58681052426728,99.77822885230545,102.67203538803349,93.58681052426728,99.77822885230545,102.67203538803349,98.23336849804329,106.81659126663345,107.91127290592372,98.23336849804329,106.81659126663345,107.91127290592372,100.66507122857209,107.47731358962746,110.18530327287364,99.08463875190849,107.17266801771432,108.77653032055682,98.23336849804329,106.81659126663345,107.91127290592372,92.85233821030985,99.77822885230545,102.13469115176,0,0,0,0,0,0,0,0,0,0,0,UNKNOWN_NO_WELLS_IN_DATASET,,UNKNOWN_NO_WELLS_IN_DATASET,,UNKNOWN_NO_WELLS_IN_DATASET,,UNKNOWN_NO_WELLS_IN_DATASET,,UNKNOWN_NO_WELLS_IN_DATASET,,UNKNOWN_NO_WELLS_IN_DATASET,,UNKNOWN_NO_WELLS_IN_DATASET,,UNKNOWN_NO_WELLS_IN_DATASET,,UNKNOWN_NO_WELLS_IN_DATASET,,UNKNOWN_NO_WELLS_IN_DATASET,,UNKNOWN_NO_WELLS_IN_DATASET,,UNKNOWN_NO_WELLS_IN_DATASET
PIH-500-0652,500,500.160211231906,0,EPSG:5880,DESCRIPTIVE_NO_PIH_SCORE,,,,,,,,0,0.0,,,,0,0.0,,,,0,0.0,,,,20,NONE,69.87208003543095,78.11573465574106,81.54026509770935,69.89867075195842,78.6387528240119,81.54026509770935,76.88752736883967,84.92621215113097,88.16175355016247,71.37086556245511,80.35362586417911,82.40720803055648,71.37086556245511,80.35362586417911,82.40720803055648,71.37086556245511,80.35362586417911,82.40720803055648,76.58759930870718,84.25680383305577,88.62700803235987,76.58759930870718,84.25680383305577,88.62700803235987,78.7299217518143,87.53879870584319,89.81065101256331,76.88752736883967,84.92621215113097,88.16175355016247,76.58759930870718,84.25680383305577,88.62700803235987,69.87208003543095,78.11573465574106,81.54026509770935,0,0,0,0,0,0,0,0,0,0,0,UNKNOWN_NO_WELLS_IN_DATASET,,UNKNOWN_NO_WELLS_IN_DATASET,,UNKNOWN_NO_WELLS_IN_DATASET,,UNKNOWN_NO_WELLS_IN_DATASET,,UNKNOWN_NO_WELLS_IN_DATASET,,UNKNOWN_NO_WELLS_IN_DATASET,,UNKNOWN_NO_WELLS_IN_DATASET,,UNKNOWN_NO_WELLS_IN_DATASET,,UNKNOWN_NO_WELLS_IN_DATASET,,UNKNOWN_NO_WELLS_IN_DATASET,,UNKNOWN_NO_WELLS_IN_DATASET,,UNKNOWN_NO_WELLS_IN_DATASET
PIH-500-0653,500,500.1160134545931,0,EPSG:5880,DESCRIPTIVE_NO_PIH_SCORE,,,,,,,,0,0.0,,,,0,0.0,,,,0,0.0,,,,22,NONE,47.10569118571845,56.07722382686932,58.353977115362774,48.03129368328625,56.19702824257508,60.30107318822423,53.90225607368237,62.587557258777174,65.89216906929342,50.47043713140493,57.969806773338206,61.64145632555203,50.47043713140493,57.969806773338206,61.64145632555203,50.47043713140493,57.969806773338206,61.64145632555203,53.85412922936068,63.2533053207093,65.13160690868162,53.85412922936068,63.2533053207093,65.13160690868162,58.68013758492616,66.44228140402852,70.48147110648974,53.90225607368237,62.587557258777174,65.89216906929342,53.85412922936068,63.2533053207093,65.13160690868162,47.10569118571845,56.07722382686932,58.353977115362774,0,0,0,0,0,0,0,0,0,0,0,UNKNOWN_NO_WELLS_IN_DATASET,,UNKNOWN_NO_WELLS_IN_DATASET,,UNKNOWN_NO_WELLS_IN_DATASET,,UNKNOWN_NO_WELLS_IN_DATASET,,UNKNOWN_NO_WELLS_IN_DATASET,,UNKNOWN_NO_WELLS_IN_DATASET,,UNKNOWN_NO_WELLS_IN_DATASET,,UNKNOWN_NO_WELLS_IN_DATASET,,UNKNOWN_NO_WELLS_IN_DATASET,,UNKNOWN_NO_WELLS_IN_DATASET,,UNKNOWN_NO_WELLS_IN_DATASET,,UNKNOWN_NO_WELLS_IN_DATASET
PIH-500-0654,500,500.0789496758909,0,EPSG:5880,DESCRIPTIVE_NO_PIH_SCORE,,,,,,,,0,0.0,,,,0,0.0,,,,0,0.0,,,,22,NONE,22.77559902592211,31.772530956207977,34.71041178794753,26.161179504350567,33.64025891565421,37.25921842950948,31.218619813385928,38.84519137079455,42.650290900992715,29.3341041101211,37.17287610472197,39.25788812725065,29.3341041101211,37.17287610472197,39.25788812725065,29.3341041101211,37.17287610472197,39.25788812725065,33.049293573475495,41.013775093164575,44.29024182701302,33.049293573475495,41.013775093164575,44.29024182701302,41.437851531692715,49.25928693599624,52.27377022732614,31.242889611113075,38.86261770623888,42.80858311414611,33.047595477655484,41.013775093164575,44.29024182701302,22.77559902592211,31.772530956207977,34.71041178794753,0,0,0,0,0,0,0,0,0,0,0,UNKNOWN_NO_WELLS_IN_DATASET,,UNKNOWN_NO_WELLS_IN_DATASET,,UNKNOWN_NO_WELLS_IN_DATASET,,UNKNOWN_NO_WELLS_IN_DATASET,,UNKNOWN_NO_WELLS_IN_DATASET,,UNKNOWN_NO_WELLS_IN_DATASET,,UNKNOWN_NO_WELLS_IN_DATASET,,UNKNOWN_NO_WELLS_IN_DATASET,,UNKNOWN_NO_WELLS_IN_DATASET,,UNKNOWN_NO_WELLS_IN_DATASET,,UNKNOWN_NO_WELLS_IN_DATASET,,UNKNOWN_NO_WELLS_IN_DATASET
PIH-500-0655,500,500.0490193459605,1,EPSG:5880,DESCRIPTIVE_NO_PIH_SCORE,12.1115170191144,12.1115170191144,7.199613642739255,0.5706605329291986,,,,1,1.2498774636484025,0.0,,100.0,1,4.99950985459361,0.0,,100.0,1,19.003277752518354,0.0,,100.0,21,NONE,7.948052337633177,12.508806066600663,15.060862459396521,12.022712756672329,16.590616552836572,18.99467162286489,12.022712756672329,18.05098699254242,20.003918268571216,12.022712756672329,18.05098699254242,20.003918268571216,12.022712756672329,18.05098699254242,20.003918268571216,12.022712756672329,18.05098699254242,20.003918268571216,15.888586750612745,22.92001817081611,26.058188464739782,15.888586750612745,22.92001817081611,26.058188464739782,36.244485725725575,41.90944892133791,46.26224704433989,12.022712756672329,18.372721934231603,20.200422449594377,15.85922159466863,22.901427046942267,26.058188464739782,9.681443081552693,15.95113562720508,18.42001705818673,0,0,0,0,0,0,0,0,0,0,1,WELLS_PRESENT,0.0,NO_EVIDENCE_IN_AUDITED_WELLS,0.0,NO_EVIDENCE_IN_AUDITED_WELLS,0.0,NO_EVIDENCE_IN_AUDITED_WELLS,0.0,NO_EVIDENCE_IN_AUDITED_WELLS,0.0,NO_EVIDENCE_IN_AUDITED_WELLS,0.0,NO_EVIDENCE_IN_AUDITED_WELLS,0.0,NO_EVIDENCE_IN_AUDITED_WELLS,0.0,NO_EVIDENCE_IN_AUDITED_WELLS,0.0,NO_EVIDENCE_IN_AUDITED_WELLS,0.0,NO_EVIDENCE_IN_AUDITED_WELLS,100.0,REVIEW_REQUIRED_PRESENT
PIH-500-0656,500,500.02622205240846,4,EPSG:5880,DESCRIPTIVE_NO_PIH_SCORE,0.39191398557185037,1.8578926087052816,8.136281288671102,0.6449180037958449,0.39191398557185037,3.6267503373706784,0.0035468968993006196,2,1.470230526313976,0.5,0.8112781244591328,75.0,2,5.220033871234313,0.5,0.8112781244591328,75.0,2,20.219247250915657,0.5,0.8112781244591328,75.0,18,NONE,9.102556274747364,14.89107369559441,16.89861005049596,9.102556274747364,14.89107369559441,16.89861005049596,9.102556274747364,14.89107369559441,16.89861005049596,9.102556274747364,14.89107369559441,16.89861005049596,9.102556274747364,14.89107369559441,16.89861005049596,9.102556274747364,14.89107369559441,16.89861005049596,9.132353062737717,14.89107369559441,16.89861005049596,9.132353062737717,14.89107369559441,16.89861005049596,43.810602057017434,51.84210975659972,53.89902398036419,9.480486529759027,15.574333229734377,17.398193144037215,9.102556274747364,14.89107369559441,16.89861005049596,13.097387542538248,18.61774781534711,20.33318791857966,4,3,4,4,4,2,2,0,2,3,1,WELLS_PRESENT,100.0,EVIDENCE_PRESENT,75.0,EVIDENCE_PRESENT,100.0,EVIDENCE_PRESENT,100.0,EVIDENCE_PRESENT,100.0,EVIDENCE_PRESENT,50.0,EVIDENCE_PRESENT,50.0,EVIDENCE_PRESENT,0.0,NO_EVIDENCE_IN_AUDITED_WELLS,50.0,EVIDENCE_PRESENT,75.0,EVIDENCE_PRESENT,25.0,REVIEW_REQUIRED_PRESENT
PIH-500-0657,500,500.0105575198561,1,EPSG:5880,DESCRIPTIVE_NO_PIH_SCORE,21.95211229169637,21.95211229169637,3.572728612645739,0.2831948669290899,,,,1,1.2499736067576541,0.0,,100.0,1,4.9998944270306165,0.0,,100.0,1,18.755331163632015,0.0,,100.0,20,NONE,9.481338973992077,14.588481007946452,15.088811830256821,9.481338973992077,14.588481007946452,15.088811830256821,9.481338973992077,14.588481007946452,15.088811830256821,9.481338973992077,14.588481007946452,15.088811830256821,9.481338973992077,14.588481007946452,15.088811830256821,9.481338973992077,14.588481007946452,15.088811830256821,9.481338973992077,14.588481007946452,15.088811830256821,9.481338973992077,14.588481007946452,15.088811830256821,59.6682592629661,67.07997565747802,70.96633341084285,9.481338973992077,14.58862027950938,15.088811830256821,9.481338973992077,14.588481007946452,15.088811830256821,9.481338973992077,14.609621366347966,15.191215370556861,1,1,1,1,1,1,1,0,1,1,1,WELLS_PRESENT,100.0,EVIDENCE_PRESENT,100.0,EVIDENCE_PRESENT,100.0,EVIDENCE_PRESENT,100.0,EVIDENCE_PRESENT,100.0,EVIDENCE_PRESENT,100.0,EVIDENCE_PRESENT,100.0,EVIDENCE_PRESENT,0.0,NO_EVIDENCE_IN_AUDITED_WELLS,100.0,EVIDENCE_PRESENT,100.0,EVIDENCE_PRESENT,100.0,REVIEW_REQUIRED_PRESENT
PIH-500-0658,500,500.00202561023116,0,EPSG:5880,DESCRIPTIVE_NO_PIH_SCORE,,,,,,,,0,0.0,,,,0,0.0,,,,0,0.0,,,,21,NONE,21.583092253801976,30.77101793963952,31.870682916072862,21.583092253801976,30.77101793963952,31.870682916072862,21.583092253801976,30.77101793963952,31.870682916072862,21.583092253801976,30.77101793963952,31.870682916072862,21.583092253801976,30.77101793963952,31.870682916072862,21.583092253801976,30.77101793963952,31.870682916072862,22.508020359709263,30.77101793963952,31.870682916072862,22.508020359709263,30.77101793963952,31.870682916072862,56.096040605220715,65.80243526325962,67.0739452530581,21.583092253801976,30.77101793963952,31.870682916072862,21.583092253801976,30.77101793963952,31.870682916072862,21.583092253801976,30.77101793963952,31.870682916072862,0,0,0,0,0,0,0,0,0,0,0,UNKNOWN_NO_WELLS_IN_DATASET,,UNKNOWN_NO_WELLS_IN_DATASET,,UNKNOWN_NO_WELLS_IN_DATASET,,UNKNOWN_NO_WELLS_IN_DATASET,,UNKNOWN_NO_WELLS_IN_DATASET,,UNKNOWN_NO_WELLS_IN_DATASET,,UNKNOWN_NO_WELLS_IN_DATASET,,UNKNOWN_NO_WELLS_IN_DATASET,,UNKNOWN_NO_WELLS_IN_DATASET,,UNKNOWN_NO_WELLS_IN_DATASET,,UNKNOWN_NO_WELLS_IN_DATASET,,UNKNOWN_NO_WELLS_IN_DATASET
PIH-500-0659,500,500.000626322626,0,EPSG:5880,DESCRIPTIVE_NO_PIH_SCORE,,,,,,,,0,0.0,,,,0,0.0,,,,0,0.0,,,,21,NONE,30.43796711698825,35.542980801154364,35.8977784906395,30.43796711698825,35.542980801154364,35.8977784906395,30.43796711698825,35.542980801154364,35.8977784906395,30.43796711698825,35.542980801154364,35.8977784906395,30.43796711698825,35.542980801154364,35.8977784906395,30.43796711698825,35.542980801154364,35.8977784906395,30.940724167654697,36.678401737926706,37.84585908576546,30.940724167654697,36.678401737926706,37.84585908576546,31.85268536621918,40.85777541888589,42.87553448547174,30.6978966001985,35.727024359068906,35.8977784906395,30.85547347867778,35.727024359068906,36.34881464495167,40.945074928356675,50.338846385187566,52.10141357843902,0,0,0,0,0,0,0,0,0,0,0,UNKNOWN_NO_WELLS_IN_DATASET,,UNKNOWN_NO_WELLS_IN_DATASET,,UNKNOWN_NO_WELLS_IN_DATASET,,UNKNOWN_NO_WELLS_IN_DATASET,,UNKNOWN_NO_WELLS_IN_DATASET,,UNKNOWN_NO_WELLS_IN_DATASET,,UNKNOWN_NO_WELLS_IN_DATASET,,UNKNOWN_NO_WELLS_IN_DATASET,,UNKNOWN_NO_WELLS_IN_DATASET,,UNKNOWN_NO_WELLS_IN_DATASET,,UNKNOWN_NO_WELLS_IN_DATASET,,UNKNOWN_NO_WELLS_IN_DATASET
PIH-500-0660,500,500.00635979346333,12,EPSG:5880,DESCRIPTIVE_NO_PIH_SCORE,0.09780438252131904,0.23505418392749075,9.830159219628191,0.779197811977923,0.09780438252131904,0.23505418392749075,0.0008920028520731893,1,1.249984100718574,0.9166666666666666,,100.0,1,4.504658791777006,0.9166666666666666,,100.0,1,19.504468000399893,0.9166666666666666,,100.0,21,NONE,10.529322941038533,15.484425780481004,17.482366129185017,10.529322941038533,15.484425780481004,17.482366129185017,10.529322941038533,15.484425780481004,17.482366129185017,10.529322941038533,15.484425780481004,17.482366129185017,10.529322941038533,15.484425780481004,17.482366129185017,10.529322941038533,15.484425780481004,17.482366129185017,11.253204117303074,17.839057161244213,20.681121415907754,11.253204117303074,17.839057161244213,20.681121415907754,11.253204117303074,17.839057161244213,20.681121415907754,10.76457850647059,15.732047760402844,17.82872893556987,10.899517579164032,17.482366129185017,20.336321381624085,49.913575218573605,54.26891502832528,55.699916284140706,12,12,12,12,12,8,7,3,8,9,0,WELLS_PRESENT,100.0,EVIDENCE_PRESENT,100.0,EVIDENCE_PRESENT,100.0,EVIDENCE_PRESENT,100.0,EVIDENCE_PRESENT,100.0,EVIDENCE_PRESENT,66.6667,EVIDENCE_PRESENT,58.3333,EVIDENCE_PRESENT,25.0,EVIDENCE_PRESENT,66.6667,EVIDENCE_PRESENT,75.0,EVIDENCE_PRESENT,0.0,NO_REVIEW_FLAG_IN_AUDITED_WELLS
PIH-500-0661,500,500.01922629617656,0,EPSG:5880,DESCRIPTIVE_NO_PIH_SCORE,,,,,,,,0,0.0,,,,0,0.0,,,,0,0.0,,,,18,NONE,19.19056480772786,25.577999693367694,26.78549283767371,19.19056480772786,25.577999693367694,26.78549283767371,19.19056480772786,25.577999693367694,26.78549283767371,19.19056480772786,25.577999693367694,26.78549283767371,19.19056480772786,25.577999693367694,26.78549283767371,19.19056480772786,25.577999693367694,26.78549283767371,19.19056480772786,25.577999693367694,26.78549283767371,19.19056480772786,25.577999693367694,26.78549283767371,19.19056480772786,25.577999693367694,27.343446547009922,19.19056480772786,25.577999693367694,27.030165221061985,19.19056480772786,25.577999693367694,26.78549283767371,34.35031074070437,41.67674760255916,42.72443817038855,0,0,0,0,0,0,0,0,0,0,0,UNKNOWN_NO_WELLS_IN_DATASET,,UNKNOWN_NO_WELLS_IN_DATASET,,UNKNOWN_NO_WELLS_IN_DATASET,,UNKNOWN_NO_WELLS_IN_DATASET,,UNKNOWN_NO_WELLS_IN_DATASET,,UNKNOWN_NO_WELLS_IN_DATASET,,UNKNOWN_NO_WELLS_IN_DATASET,,UNKNOWN_NO_WELLS_IN_DATASET,,UNKNOWN_NO_WELLS_IN_DATASET,,UNKNOWN_NO_WELLS_IN_DATASET,,UNKNOWN_NO_WELLS_IN_DATASET,,UNKNOWN_NO_WELLS_IN_DATASET
PIH-500-0662,500,500.0392262417272,0,EPSG:5880,DESCRIPTIVE_NO_PIH_SCORE,,,,,,,,0,0.0,,,,0,0.0,,,,0,0.0,,,,21,NONE,11.23647953308394,21.659599021475813,23.332301303307176,11.23647953308394,21.659599021475813,23.332301303307176,11.23647953308394,21.659599021475813,23.332301303307176,11.23647953308394,21.659599021475813,23.332301303307176,11.23647953308394,21.659599021475813,23.332301303307176,11.23647953308394,21.659599021475813,23.332301303307176,14.602799534456828,22.44693708834372,25.703911557048226,14.602799534456828,22.44693708834372,25.703911557048226,41.03328182818239,48.837550617929814,50.57444331483651,15.7998980686739,24.019103869454405,25.791398558098496,14.602799534456828,22.44693708834372,25.703911557048226,13.838329868322075,22.14835616870296,24.62895141491623,0,0,0,0,0,0,0,0,0,0,0,UNKNOWN_NO_WELLS_IN_DATASET,,UNKNOWN_NO_WELLS_IN_DATASET,,UNKNOWN_NO_WELLS_IN_DATASET,,UNKNOWN_NO_WELLS_IN_DATASET,,UNKNOWN_NO_WELLS_IN_DATASET,,UNKNOWN_NO_WELLS_IN_DATASET,,UNKNOWN_NO_WELLS_IN_DATASET,,UNKNOWN_NO_WELLS_IN_DATASET,,UNKNOWN_NO_WELLS_IN_DATASET,,UNKNOWN_NO_WELLS_IN_DATASET,,UNKNOWN_NO_WELLS_IN_DATASET,,UNKNOWN_NO_WELLS_IN_DATASET
PIH-500-0663,500,458.95962107731776,6,EPSG:5880,DESCRIPTIVE_NO_PIH_SCORE,4.0348843475043425,6.937932962838426,6.272554640723679,0.5189579272972601,4.0348843475043425,11.400869872892784,0.30361242765722796,5,4.714866642017273,0.16666666666666663,0.9697238998682473,33.33333333333333,5,21.112010099693602,0.16666666666666663,0.9697238998682473,33.33333333333333,4,54.594775866395636,0.33333333333333337,0.8962406251802889,50.0,19,NONE,4.94751176838157,9.98503873752031,10.293202156894035,4.94751176838157,9.98503873752031,10.293202156894035,4.94751176838157,9.98503873752031,10.293202156894035,7.64153412741764,11.368836971977776,14.058908218095372,7.64153412741764,11.368836971977776,14.058908218095372,7.64153412741764,11.368836971977776,14.058908218095372,10.404576740860268,17.530812357007356,21.066810978745842,10.404576740860268,17.530812357007356,21.066810978745842,64.01956367106821,70.77646482326709,73.79171090234513,9.931733441210053,11.416787076812078,15.132001377855236,7.9234829581931265,14.414992863956353,17.045593386749296,6.626887404296587,10.751183035735279,11.75841841725078,6,5,4,4,4,1,1,0,2,3,3,WELLS_PRESENT,100.0,EVIDENCE_PRESENT,83.3333,EVIDENCE_PRESENT,66.6667,EVIDENCE_PRESENT,66.6667,EVIDENCE_PRESENT,66.6667,EVIDENCE_PRESENT,16.6667,EVIDENCE_PRESENT,16.6667,EVIDENCE_PRESENT,0.0,NO_EVIDENCE_IN_AUDITED_WELLS,33.3333,EVIDENCE_PRESENT,50.0,EVIDENCE_PRESENT,50.0,REVIEW_REQUIRED_PRESENT
PIH-500-0664,500,89.30693888895449,0,EPSG:5880,DESCRIPTIVE_NO_PIH_SCORE,,,,,,,,0,0.0,,,,0,0.0,,,,0,0.0,,,,3,NONE,7.55188463264953,9.589723567494238,10.099183301205414,7.55188463264953,9.589723567494238,10.099183301205414,7.55188463264953,9.589723567494238,10.099183301205414,7.55188463264953,10.868927822729654,11.698188620249685,7.55188463264953,10.868927822729654,11.698188620249685,7.55188463264953,10.868927822729654,11.698188620249685,21.462653171709928,24.88891023318475,25.745474498553456,21.462653171709928,24.88891023318475,25.745474498553456,88.71273168657224,88.88686065201595,88.93039289337689,7.55188463264953,9.589723567494238,10.099183301205414,7.616554808052725,10.878854315039264,11.694429191785899,7.55188463264953,9.589723567494238,10.099183301205414,0,0,0,0,0,0,0,0,0,0,0,UNKNOWN_NO_WELLS_IN_DATASET,,UNKNOWN_NO_WELLS_IN_DATASET,,UNKNOWN_NO_WELLS_IN_DATASET,,UNKNOWN_NO_WELLS_IN_DATASET,,UNKNOWN_NO_WELLS_IN_DATASET,,UNKNOWN_NO_WELLS_IN_DATASET,,UNKNOWN_NO_WELLS_IN_DATASET,,UNKNOWN_NO_WELLS_IN_DATASET,,UNKNOWN_NO_WELLS_IN_DATASET,,UNKNOWN_NO_WELLS_IN_DATASET,,UNKNOWN_NO_WELLS_IN_DATASET,,UNKNOWN_NO_WELLS_IN_DATASET
PIH-500-0665,500,69.7266822043711,0,EPSG:5880,DESCRIPTIVE_NO_PIH_SCORE,,,,,,,,0,0.0,,,,0,0.0,,,,0,0.0,,,,3,NONE,6.607204910717725,6.779260269380461,6.822274109046145,6.607204910717725,6.779260269380461,6.822274109046145,6.607204910717725,6.779260269380461,6.822274109046145,6.607204910717725,6.7806046016367025,6.823954524366447,6.607204910717725,6.7806046016367025,6.823954524366447,6.607204910717725,6.7806046016367025,6.823954524366447,13.631215413513512,15.444783348046467,15.898175331679706,13.631215413513512,15.444783348046467,15.898175331679706,113.71041733645242,117.71014061608119,118.71007143598838,6.607204910717725,6.7806046016367025,6.823954524366447,13.569232049317373,15.432386675207239,15.898175331679706,6.607204910717725,6.779260269380461,6.822274109046145,0,0,0,0,0,0,0,0,0,0,0,UNKNOWN_NO_WELLS_IN_DATASET,,UNKNOWN_NO_WELLS_IN_DATASET,,UNKNOWN_NO_WELLS_IN_DATASET,,UNKNOWN_NO_WELLS_IN_DATASET,,UNKNOWN_NO_WELLS_IN_DATASET,,UNKNOWN_NO_WELLS_IN_DATASET,,UNKNOWN_NO_WELLS_IN_DATASET,,UNKNOWN_NO_WELLS_IN_DATASET,,UNKNOWN_NO_WELLS_IN_DATASET,,UNKNOWN_NO_WELLS_IN_DATASET,,UNKNOWN_NO_WELLS_IN_DATASET,,UNKNOWN_NO_WELLS_IN_DATASET
PIH-500-0666,500,73.44741239727688,0,EPSG:5880,DESCRIPTIVE_NO_PIH_SCORE,,,,,,,,0,0.0,,,,0,0.0,,,,0,0.0,,,,4,NONE,66.71202073850199,72.70802248222539,74.20708380746873,66.71202073850199,72.70802248222539,74.20708380746873,66.71202073850199,72.70802248222539,74.20708380746873,66.71202073850199,72.70802248222539,74.20708380746873,66.71202073850199,72.70802248222539,74.20708380746873,66.71202073850199,72.70802248222539,74.20708380746873,66.71202073850199,72.70802248222539,74.20708380746873,66.71202073850199,72.70802248222539,74.20708380746873,69.86238078709587,75.85546314757802,77.35383442290372,66.97090930558298,72.96176144800596,74.45961321391896,66.71202073850199,72.70802248222539,74.20708380746873,66.71202073850199,72.70802248222539,74.20708380746873,0,0,0,0,0,0,0,0,0,0,0,UNKNOWN_NO_WELLS_IN_DATASET,,UNKNOWN_NO_WELLS_IN_DATASET,,UNKNOWN_NO_WELLS_IN_DATASET,,UNKNOWN_NO_WELLS_IN_DATASET,,UNKNOWN_NO_WELLS_IN_DATASET,,UNKNOWN_NO_WELLS_IN_DATASET,,UNKNOWN_NO_WELLS_IN_DATASET,,UNKNOWN_NO_WELLS_IN_DATASET,,UNKNOWN_NO_WELLS_IN_DATASET,,UNKNOWN_NO_WELLS_IN_DATASET,,UNKNOWN_NO_WELLS_IN_DATASET,,UNKNOWN_NO_WELLS_IN_DATASET
PIH-500-0667,500,500.82430531385114,0,EPSG:5880,DESCRIPTIVE_NO_PIH_SCORE,,,,,,,,0,0.0,,,,0,0.0,,,,0,0.0,,,,18,NONE,69.38658049721936,77.18922672454602,80.13913556630216,69.38658049721936,77.18922672454602,80.13913556630216,69.38658049721936,77.18922672454602,80.13913556630216,69.38658049721936,77.18922672454602,80.13913556630216,69.38658049721936,77.18922672454602,80.13913556630216,69.38658049721936,77.18922672454602,80.13913556630216,69.38658049721936,77.18922672454602,80.13913556630216,69.38658049721936,77.18922672454602,80.13913556630216,73.1471411921996,81.54765305019593,84.32634713966063,70.32556912903331,78.83119254107405,81.56755936701907,69.38658049721936,77.18922672454602,80.13913556630216,69.38658049721936,77.18922672454602,80.13913556630216,0,0,0,0,0,0,0,0,0,0,0,UNKNOWN_NO_WELLS_IN_DATASET,,UNKNOWN_NO_WELLS_IN_DATASET,,UNKNOWN_NO_WELLS_IN_DATASET,,UNKNOWN_NO_WELLS_IN_DATASET,,UNKNOWN_NO_WELLS_IN_DATASET,,UNKNOWN_NO_WELLS_IN_DATASET,,UNKNOWN_NO_WELLS_IN_DATASET,,UNKNOWN_NO_WELLS_IN_DATASET,,UNKNOWN_NO_WELLS_IN_DATASET,,UNKNOWN_NO_WELLS_IN_DATASET,,UNKNOWN_NO_WELLS_IN_DATASET,,UNKNOWN_NO_WELLS_IN_DATASET
PIH-500-0668,500,500.7194124192747,0,EPSG:5880,DESCRIPTIVE_NO_PIH_SCORE,,,,,,,,0,0.0,,,,0,0.0,,,,0,0.0,,,,21,NONE,74.41745484371893,83.08969054072966,85.56216303242293,74.41745484371893,83.08969054072966,85.56216303242293,74.41745484371893,83.08969054072966,85.56216303242293,74.41745484371893,83.08969054072966,85.56216303242293,74.41745484371893,83.08969054072966,85.56216303242293,74.41745484371893,83.08969054072966,85.56216303242293,74.41745484371893,83.08969054072966,85.56216303242293,74.41745484371893,83.08969054072966,85.56216303242293,80.10586014116049,88.6704809888347,91.22669023454407,77.87713737602037,86.32526366882043,88.96925475090812,74.41745484371893,83.08969054072966,85.56216303242293,74.41745484371893,83.08969054072966,85.56216303242293,0,0,0,0,0,0,0,0,0,0,0,UNKNOWN_NO_WELLS_IN_DATASET,,UNKNOWN_NO_WELLS_IN_DATASET,,UNKNOWN_NO_WELLS_IN_DATASET,,UNKNOWN_NO_WELLS_IN_DATASET,,UNKNOWN_NO_WELLS_IN_DATASET,,UNKNOWN_NO_WELLS_IN_DATASET,,UNKNOWN_NO_WELLS_IN_DATASET,,UNKNOWN_NO_WELLS_IN_DATASET,,UNKNOWN_NO_WELLS_IN_DATASET,,UNKNOWN_NO_WELLS_IN_DATASET,,UNKNOWN_NO_WELLS_IN_DATASET,,UNKNOWN_NO_WELLS_IN_DATASET
PIH-500-0669,500,500.62166348469,0,EPSG:5880,DESCRIPTIVE_NO_PIH_SCORE,,,,,,,,0,0.0,,,,0,0.0,,,,0,0.0,,,,21,NONE,89.54816892038268,96.96468450418006,100.25866902349826,89.54816892038268,96.96468450418006,100.25866902349826,89.54816892038268,96.96468450418006,100.25866902349826,89.54816892038268,96.96468450418006,100.25866902349826,89.54816892038268,96.96468450418006,100.25866902349826,89.54816892038268,96.96468450418006,100.25866902349826,89.54816892038268,96.96468450418006,100.25866902349826,89.54816892038268,96.96468450418006,100.25866902349826,96.00116088228295,103.25564517537093,106.63762503422637,94.24560596169269,101.338230025467,104.79939889205035,89.54816892038268,96.96468450418006,100.25866902349826,89.54816892038268,96.96468450418006,100.25866902349826,0,0,0,0,0,0,0,0,0,0,0,UNKNOWN_NO_WELLS_IN_DATASET,,UNKNOWN_NO_WELLS_IN_DATASET,,UNKNOWN_NO_WELLS_IN_DATASET,,UNKNOWN_NO_WELLS_IN_DATASET,,UNKNOWN_NO_WELLS_IN_DATASET,,UNKNOWN_NO_WELLS_IN_DATASET,,UNKNOWN_NO_WELLS_IN_DATASET,,UNKNOWN_NO_WELLS_IN_DATASET,,UNKNOWN_NO_WELLS_IN_DATASET,,UNKNOWN_NO_WELLS_IN_DATASET,,UNKNOWN_NO_WELLS_IN_DATASET,,UNKNOWN_NO_WELLS_IN_DATASET
PIH-500-0670,500,500.5310568045188,0,EPSG:5880,DESCRIPTIVE_NO_PIH_SCORE,,,,,,,,0,0.0,,,,0,0.0,,,,0,0.0,,,,21,NONE,105.59588146245787,114.67520834005985,118.53292403886915,105.59588146245787,114.67520834005985,118.53292403886915,105.59588146245787,114.67520834005985,118.53292403886915,105.59588146245787,114.67520834005985,118.53292403886915,105.59588146245787,114.67520834005985,118.53292403886915,105.59588146245787,114.67520834005985,118.53292403886915,105.59588146245787,114.67520834005985,118.53292403886915,105.59588146245787,114.67520834005985,118.53292403886915,112.32873304555123,121.2889208558346,125.18329415193975,111.04511988145103,119.7364713940475,123.69438033046683,105.59588146245787,114.67520834005985,118.53292403886915,105.59588146245787,114.67520834005985,118.53292403886915,0,0,0,0,0,0,0,0,0,0,0,UNKNOWN_NO_WELLS_IN_DATASET,,UNKNOWN_NO_WELLS_IN_DATASET,,UNKNOWN_NO_WELLS_IN_DATASET,,UNKNOWN_NO_WELLS_IN_DATASET,,UNKNOWN_NO_WELLS_IN_DATASET,,UNKNOWN_NO_WELLS_IN_DATASET,,UNKNOWN_NO_WELLS_IN_DATASET,,UNKNOWN_NO_WELLS_IN_DATASET,,UNKNOWN_NO_WELLS_IN_DATASET,,UNKNOWN_NO_WELLS_IN_DATASET,,UNKNOWN_NO_WELLS_IN_DATASET,,UNKNOWN_NO_WELLS_IN_DATASET
PIH-500-0671,500,500.44759080952906,0,EPSG:5880,DESCRIPTIVE_NO_PIH_SCORE,,,,,,,,0,0.0,,,,0,0.0,,,,0,0.0,,,,21,NONE,122.47328179881731,129.48356331960284,131.94397698152775,126.48855848629435,133.59126074561635,138.09643473164994,126.48855848629435,133.59126074561635,138.09643473164994,126.48855848629435,133.59126074561635,138.09643473164994,126.48855848629435,133.59126074561635,138.09643473164994,126.48855848629435,133.59126074561635,138.09643473164994,127.07770673361404,134.7169505840935,138.918348133158,127.07770673361404,134.7169505840935,138.918348133158,133.85446697592698,141.45768407606465,145.6713121946867,127.725396334397,136.0386221631754,138.7779970545185,127.07770673361404,134.7169505840935,138.918348133158,122.47328179881731,129.48356331960284,131.94397698152775,0,0,0,0,0,0,0,0,0,0,0,UNKNOWN_NO_WELLS_IN_DATASET,,UNKNOWN_NO_WELLS_IN_DATASET,,UNKNOWN_NO_WELLS_IN_DATASET,,UNKNOWN_NO_WELLS_IN_DATASET,,UNKNOWN_NO_WELLS_IN_DATASET,,UNKNOWN_NO_WELLS_IN_DATASET,,UNKNOWN_NO_WELLS_IN_DATASET,,UNKNOWN_NO_WELLS_IN_DATASET,,UNKNOWN_NO_WELLS_IN_DATASET,,UNKNOWN_NO_WELLS_IN_DATASET,,UNKNOWN_NO_WELLS_IN_DATASET,,UNKNOWN_NO_WELLS_IN_DATASET
PIH-500-0672,500,500.37126406704976,0,EPSG:5880,DESCRIPTIVE_NO_PIH_SCORE,,,,,,,,0,0.0,,,,0,0.0,,,,0,0.0,,,,18,NONE,133.32715205309484,139.88808397247965,143.61079527066164,138.78627550689754,144.19178004083446,147.0471446667965,138.8404853477445,147.25499309132377,149.45561655620517,138.78627550689754,144.19178004083446,147.0471446667965,138.78627550689754,144.19178004083446,147.0471446667965,138.78627550689754,144.19178004083446,147.0471446667965,147.32880320352157,150.64891941363712,154.31752074910597,147.32880320352157,150.64891941363712,154.31752074910597,154.10060426470352,158.83313544797952,161.08211669367407,138.8404853477445,147.25499309132377,149.45561655620517,147.32880320352157,150.64891941363712,154.31752074910597,133.32715205309484,139.88808397247965,143.61079527066164,0,0,0,0,0,0,0,0,0,0,0,UNKNOWN_NO_WELLS_IN_DATASET,,UNKNOWN_NO_WELLS_IN_DATASET,,UNKNOWN_NO_WELLS_IN_DATASET,,UNKNOWN_NO_WELLS_IN_DATASET,,UNKNOWN_NO_WELLS_IN_DATASET,,UNKNOWN_NO_WELLS_IN_DATASET,,UNKNOWN_NO_WELLS_IN_DATASET,,UNKNOWN_NO_WELLS_IN_DATASET,,UNKNOWN_NO_WELLS_IN_DATASET,,UNKNOWN_NO_WELLS_IN_DATASET,,UNKNOWN_NO_WELLS_IN_DATASET,,UNKNOWN_NO_WELLS_IN_DATASET
PIH-500-0673,500,500.30207528048646,0,EPSG:5880,DESCRIPTIVE_NO_PIH_SCORE,,,,,,,,0,0.0,,,,0,0.0,,,,0,0.0,,,,21,NONE,124.2952216937189,134.2846152115246,135.0974934138366,124.2952216937189,134.2846152115246,135.0974934138366,140.31194944007822,146.45965330848043,150.4699907399517,124.2952216937189,134.2846152115246,135.0974934138366,124.2952216937189,134.2846152115246,135.0974934138366,124.2952216937189,134.2846152115246,135.0974934138366,134.81420019104087,144.7553216576547,145.16361813803195,134.81420019104087,144.7553216576547,145.16361813803195,143.386781192834,151.1307285147681,154.80325578160452,140.31194944007822,146.45965330848043,150.4699907399517,134.81420019104087,144.7553216576547,145.16361813803195,124.2952216937189,134.2846152115246,135.0974934138366,0,0,0,0,0,0,0,0,0,0,0,UNKNOWN_NO_WELLS_IN_DATASET,,UNKNOWN_NO_WELLS_IN_DATASET,,UNKNOWN_NO_WELLS_IN_DATASET,,UNKNOWN_NO_WELLS_IN_DATASET,,UNKNOWN_NO_WELLS_IN_DATASET,,UNKNOWN_NO_WELLS_IN_DATASET,,UNKNOWN_NO_WELLS_IN_DATASET,,UNKNOWN_NO_WELLS_IN_DATASET,,UNKNOWN_NO_WELLS_IN_DATASET,,UNKNOWN_NO_WELLS_IN_DATASET,,UNKNOWN_NO_WELLS_IN_DATASET,,UNKNOWN_NO_WELLS_IN_DATASET
PIH-500-0674,500,500.24002328987405,0,EPSG:5880,DESCRIPTIVE_NO_PIH_SCORE,,,,,,,,0,0.0,,,,0,0.0,,,,0,0.0,,,,21,NONE,99.75545193846139,109.31476805979138,110.31180063873661,99.75545193846139,109.31476805979138,110.31180063873661,116.3014332487697,125.85941080308953,128.17847764868054,99.75545193846139,109.31476805979138,110.31180063873661,99.75545193846139,109.31476805979138,110.31180063873661,99.75545193846139,109.31476805979138,110.31180063873661,109.91187889214874,119.75593018281019,120.24914010779202,109.91187889214874,119.75593018281019,120.24914010779202,119.11298357314294,127.88825741970557,132.20800764336937,116.3014332487697,125.85941080308953,128.17847764868054,109.91187889214874,119.75593018281019,120.24914010779202,99.75545193846139,109.31476805979138,110.31180063873661,0,0,0,0,0,0,0,0,0,0,0,UNKNOWN_NO_WELLS_IN_DATASET,,UNKNOWN_NO_WELLS_IN_DATASET,,UNKNOWN_NO_WELLS_IN_DATASET,,UNKNOWN_NO_WELLS_IN_DATASET,,UNKNOWN_NO_WELLS_IN_DATASET,,UNKNOWN_NO_WELLS_IN_DATASET,,UNKNOWN_NO_WELLS_IN_DATASET,,UNKNOWN_NO_WELLS_IN_DATASET,,UNKNOWN_NO_WELLS_IN_DATASET,,UNKNOWN_NO_WELLS_IN_DATASET,,UNKNOWN_NO_WELLS_IN_DATASET,,UNKNOWN_NO_WELLS_IN_DATASET
PIH-500-0675,500,500.185107071457,0,EPSG:5880,DESCRIPTIVE_NO_PIH_SCORE,,,,,,,,0,0.0,,,,0,0.0,,,,0,0.0,,,,21,NONE,75.84852171929676,84.86204435153523,86.7210552041217,75.84852171929676,84.86204435153523,86.7210552041217,92.84759266657198,102.12331520149456,103.36684311405246,75.84852171929676,84.86204435153523,86.7210552041217,75.84852171929676,84.86204435153523,86.7210552041217,75.84852171929676,84.86204435153523,86.7210552041217,85.45283628234965,94.93707874716704,96.08028832054512,85.45283628234965,94.93707874716704,96.08028832054512,98.67381657558357,106.52158666844211,110.65200662199288,92.84759266657198,102.12331520149456,103.36684311405246,85.45283628234965,94.93707874716704,96.08028832054512,75.84852171929676,84.86204435153523,86.7210552041217,0,0,0,0,0,0,0,0,0,0,0,UNKNOWN_NO_WELLS_IN_DATASET,,UNKNOWN_NO_WELLS_IN_DATASET,,UNKNOWN_NO_WELLS_IN_DATASET,,UNKNOWN_NO_WELLS_IN_DATASET,,UNKNOWN_NO_WELLS_IN_DATASET,,UNKNOWN_NO_WELLS_IN_DATASET,,UNKNOWN_NO_WELLS_IN_DATASET,,UNKNOWN_NO_WELLS_IN_DATASET,,UNKNOWN_NO_WELLS_IN_DATASET,,UNKNOWN_NO_WELLS_IN_DATASET,,UNKNOWN_NO_WELLS_IN_DATASET,,UNKNOWN_NO_WELLS_IN_DATASET
PIH-500-0676,500,500.13732573793675,0,EPSG:5880,DESCRIPTIVE_NO_PIH_SCORE,,,,,,,,0,0.0,,,,0,0.0,,,,0,0.0,,,,21,NONE,51.67551528975194,60.15751993708425,62.75270551279108,51.67551528975194,60.15751993708425,62.75270551279108,68.8598520736845,77.50898720275332,78.67455991867368,51.67551528975194,60.15751993708425,62.75270551279108,51.67551528975194,60.15751993708425,62.75270551279108,51.67551528975194,60.15751993708425,62.75270551279108,60.741805162812675,70.00306126723915,71.54579980332961,60.741805162812675,70.00306126723915,71.54579980332961,80.42214511305016,87.58995606990408,90.87780726842992,68.8598520736845,77.50898720275332,78.67455991867368,60.741805162812675,70.00306126723915,71.54579980332961,51.67551528975194,60.15751993708425,62.75270551279108,0,0,0,0,0,0,0,0,0,0,0,UNKNOWN_NO_WELLS_IN_DATASET,,UNKNOWN_NO_WELLS_IN_DATASET,,UNKNOWN_NO_WELLS_IN_DATASET,,UNKNOWN_NO_WELLS_IN_DATASET,,UNKNOWN_NO_WELLS_IN_DATASET,,UNKNOWN_NO_WELLS_IN_DATASET,,UNKNOWN_NO_WELLS_IN_DATASET,,UNKNOWN_NO_WELLS_IN_DATASET,,UNKNOWN_NO_WELLS_IN_DATASET,,UNKNOWN_NO_WELLS_IN_DATASET,,UNKNOWN_NO_WELLS_IN_DATASET,,UNKNOWN_NO_WELLS_IN_DATASET
PIH-500-0677,500,500.09667853856007,0,EPSG:5880,DESCRIPTIVE_NO_PIH_SCORE,,,,,,,,0,0.0,,,,0,0.0,,,,0,0.0,,,,18,NONE,29.254107024809155,36.41335041877888,38.99867249230603,29.254107024809155,36.41335041877888,38.99867249230603,46.84012526256778,52.74798435398529,54.2647998377292,29.460875502504045,36.43721871212891,40.06572952828684,29.460875502504045,36.43721871212891,40.06572952828684,29.460875502504045,36.43721871212891,40.06572952828684,38.993894642658105,45.41899680222709,47.49927510222829,38.993894642658105,45.41899680222709,47.49927510222829,65.54295420633997,73.81390200696623,75.91733955323562,46.95675778142834,52.74798435398529,54.2647998377292,38.993894642658105,45.41899680222709,47.49927510222829,29.254107024809155,36.41335041877888,38.99867249230603,0,0,0,0,0,0,0,0,0,0,0,UNKNOWN_NO_WELLS_IN_DATASET,,UNKNOWN_NO_WELLS_IN_DATASET,,UNKNOWN_NO_WELLS_IN_DATASET,,UNKNOWN_NO_WELLS_IN_DATASET,,UNKNOWN_NO_WELLS_IN_DATASET,,UNKNOWN_NO_WELLS_IN_DATASET,,UNKNOWN_NO_WELLS_IN_DATASET,,UNKNOWN_NO_WELLS_IN_DATASET,,UNKNOWN_NO_WELLS_IN_DATASET,,UNKNOWN_NO_WELLS_IN_DATASET,,UNKNOWN_NO_WELLS_IN_DATASET,,UNKNOWN_NO_WELLS_IN_DATASET
PIH-500-0678,500,500.0631648587047,1,EPSG:5880,DESCRIPTIVE_NO_PIH_SCORE,9.841763259546855,9.841763259546855,6.380318097447341,0.5057138353262851,,,,1,1.2498421077997153,0.0,,100.0,1,4.999368431198861,0.0,,100.0,1,19.656288820307452,0.0,,100.0,21,NONE,8.099204646785871,15.67620121355291,18.390653922616846,8.840525042763183,15.67620121355291,18.390653922616846,24.09133564888417,32.6590097622982,35.182140099432786,12.364371403646883,21.32284613515854,22.860956150008068,12.364371403646883,21.32284613515854,22.860956150008068,12.364371403646883,21.32284613515854,22.860956150008068,15.895403468007064,25.368500171989016,27.053621318998243,15.895403468007064,25.368500171989016,27.053621318998243,56.63729060428421,65.08158392293251,67.29302883126613,24.179028277968985,32.6590097622982,35.33630144559963,15.895403468007064,25.368500171989016,27.053621318998243,8.099204646785871,15.67620121355291,18.390653922616846,1,0,0,0,0,0,0,0,0,0,1,WELLS_PRESENT,100.0,EVIDENCE_PRESENT,0.0,NO_EVIDENCE_IN_AUDITED_WELLS,0.0,NO_EVIDENCE_IN_AUDITED_WELLS,0.0,NO_EVIDENCE_IN_AUDITED_WELLS,0.0,NO_EVIDENCE_IN_AUDITED_WELLS,0.0,NO_EVIDENCE_IN_AUDITED_WELLS,0.0,NO_EVIDENCE_IN_AUDITED_WELLS,0.0,NO_EVIDENCE_IN_AUDITED_WELLS,0.0,NO_EVIDENCE_IN_AUDITED_WELLS,0.0,NO_EVIDENCE_IN_AUDITED_WELLS,100.0,REVIEW_REQUIRED_PRESENT
PIH-500-0679,500,500.03678422030055,34,EPSG:5880,DESCRIPTIVE_NO_PIH_SCORE,0.18473775800093778,3.1912915692968182,6.510010648359937,0.5160070776380807,0.18473775800093778,3.1912915692968182,0.5237000933009369,13,14.806549497023653,0.6176470588235294,0.8332457372339256,26.47058823529412,9,39.37092218265216,0.7352941176470589,0.7411311715992065,50.0,7,91.42687041818343,0.7941176470588236,0.4899137866440015,76.47058823529412,19,NONE,3.769642328248242,7.267078210690941,7.9412203109543515,3.769642328248242,7.267078210690941,7.9412203109543515,3.955231274189184,10.918642473697444,14.170845905344718,3.955231274189184,7.267078210690941,8.461267144212425,3.955231274189184,7.267078210690941,8.461267144212425,3.955231274189184,7.267078210690941,8.461267144212425,5.923820629809498,11.110666430078844,13.77293745568538,5.923820629809498,11.110666430078844,13.77293745568538,56.716208068423825,64.02864714457583,67.40371661659283,4.75283770942125,11.771105375497058,15.615248183986948,5.202128251471048,10.013721039189875,11.03044126209325,5.390476771210166,9.203734879856809,11.03044126209325,31,29,30,30,30,14,14,0,10,23,6,WELLS_PRESENT,91.1765,EVIDENCE_PRESENT,85.2941,EVIDENCE_PRESENT,88.2353,EVIDENCE_PRESENT,88.2353,EVIDENCE_PRESENT,88.2353,EVIDENCE_PRESENT,41.1765,EVIDENCE_PRESENT,41.1765,EVIDENCE_PRESENT,0.0,NO_EVIDENCE_IN_AUDITED_WELLS,29.4118,EVIDENCE_PRESENT,67.6471,EVIDENCE_PRESENT,17.6471,REVIEW_REQUIRED_PRESENT
PIH-500-0680,500,500.01753628170525,2,EPSG:5880,DESCRIPTIVE_NO_PIH_SCORE,2.7904773279145574,2.7904773279145574,8.62078672607846,0.683328004238814,2.7904773279145574,2.7904773279145574,,2,2.4999123216665775,0.0,1.0,50.0,1,4.8380075456039675,0.5,,100.0,1,9.014034547629727,0.5,,100.0,20,NONE,10.483023759331868,18.383885148285056,19.366486205135118,11.049335148472583,18.383885148285056,19.366486205135118,11.049335148472583,18.383885148285056,19.366486205135118,14.192454895785872,20.247433483984228,24.247219460434586,14.192454895785872,20.247433483984228,24.247219460434586,14.192454895785872,20.247433483984228,24.247219460434586,17.219631781993428,24.474323405600554,25.134372238830398,17.219631781993428,24.474323405600554,25.134372238830398,66.95573374637462,74.81670903050505,77.6360648304759,14.523547778937482,20.247433483984228,24.247219460434586,14.192454895785872,20.247433483984228,24.247219460434586,10.657457243679922,18.383885148285056,19.366486205135118,2,2,0,0,0,0,0,0,0,0,1,WELLS_PRESENT,100.0,EVIDENCE_PRESENT,100.0,EVIDENCE_PRESENT,0.0,NO_EVIDENCE_IN_AUDITED_WELLS,0.0,NO_EVIDENCE_IN_AUDITED_WELLS,0.0,NO_EVIDENCE_IN_AUDITED_WELLS,0.0,NO_EVIDENCE_IN_AUDITED_WELLS,0.0,NO_EVIDENCE_IN_AUDITED_WELLS,0.0,NO_EVIDENCE_IN_AUDITED_WELLS,0.0,NO_EVIDENCE_IN_AUDITED_WELLS,0.0,NO_EVIDENCE_IN_AUDITED_WELLS,50.0,REVIEW_REQUIRED_PRESENT
PIH-500-0681,500,500.0054208376164,0,EPSG:5880,DESCRIPTIVE_NO_PIH_SCORE,,,,,,,,0,0.0,,,,0,0.0,,,,0,0.0,,,,21,NONE,23.341899779307074,27.240749825405935,29.002500917175222,23.341899779307074,27.240749825405935,29.697680596506096,23.341899779307074,27.240749825405935,29.697680596506096,24.392759908449623,29.057855735118242,29.890740120619213,24.991427739590097,29.890740120619213,31.657183275096372,24.991427739590097,29.890740120619213,31.657183275096372,26.53556453092791,33.20520733231713,35.94309327208111,26.53556453092791,33.20520733231713,35.94309327208111,71.60547883830101,78.22366622166737,80.81052171128908,24.392759908449623,29.057855735118242,29.890740120619213,24.392759908449623,29.057855735118242,29.890740120619213,24.7954839636512,28.87387936330907,30.282599624914848,0,0,0,0,0,0,0,0,0,0,0,UNKNOWN_NO_WELLS_IN_DATASET,,UNKNOWN_NO_WELLS_IN_DATASET,,UNKNOWN_NO_WELLS_IN_DATASET,,UNKNOWN_NO_WELLS_IN_DATASET,,UNKNOWN_NO_WELLS_IN_DATASET,,UNKNOWN_NO_WELLS_IN_DATASET,,UNKNOWN_NO_WELLS_IN_DATASET,,UNKNOWN_NO_WELLS_IN_DATASET,,UNKNOWN_NO_WELLS_IN_DATASET,,UNKNOWN_NO_WELLS_IN_DATASET,,UNKNOWN_NO_WELLS_IN_DATASET,,UNKNOWN_NO_WELLS_IN_DATASET
PIH-500-0682,500,500.00043781919544,0,EPSG:5880,DESCRIPTIVE_NO_PIH_SCORE,,,,,,,,0,0.0,,,,0,0.0,,,,0,0.0,,,,18,NONE,20.18723574860175,28.942635127768106,29.24141907500753,20.18723574860175,28.942635127768106,29.24141907500753,20.18723574860175,28.942635127768106,29.24141907500753,20.18723574860175,28.942635127768106,29.24141907500753,24.211104474215947,30.52289346307267,33.23973569838231,24.211104474215947,30.52289346307267,33.23973569838231,34.57305957968154,38.449550090559434,39.01788158040597,34.57305957968154,38.449550090559434,39.01788158040597,52.032393398765066,58.621714198436116,60.749154871837845,20.18723574860175,28.942635127768106,29.24141907500753,20.18723574860175,29.018694680790063,29.475537195088787,24.143974923240833,32.96801394358514,33.3411657066348,0,0,0,0,0,0,0,0,0,0,0,UNKNOWN_NO_WELLS_IN_DATASET,,UNKNOWN_NO_WELLS_IN_DATASET,,UNKNOWN_NO_WELLS_IN_DATASET,,UNKNOWN_NO_WELLS_IN_DATASET,,UNKNOWN_NO_WELLS_IN_DATASET,,UNKNOWN_NO_WELLS_IN_DATASET,,UNKNOWN_NO_WELLS_IN_DATASET,,UNKNOWN_NO_WELLS_IN_DATASET,,UNKNOWN_NO_WELLS_IN_DATASET,,UNKNOWN_NO_WELLS_IN_DATASET,,UNKNOWN_NO_WELLS_IN_DATASET,,UNKNOWN_NO_WELLS_IN_DATASET
PIH-500-0683,500,500.00258729405465,1,EPSG:5880,DESCRIPTIVE_NO_PIH_SCORE,12.441729366276352,12.441729366276352,11.196567629380214,0.8875109462514643,,,,1,0.6327799702904677,0.0,,100.0,1,1.2619735651730772,0.0,,100.0,1,2.1754917014671125,0.0,,100.0,21,NONE,13.085077827600072,19.54920414722103,23.082244037219546,13.085077827600072,19.54920414722103,23.082244037219546,13.085077827600072,19.54920414722103,23.082244037219546,13.085077827600072,19.54920414722103,23.082244037219546,13.085077827600072,20.864233508695424,23.082244037219546,13.085077827600072,20.864233508695424,23.082244037219546,18.686561830316982,25.179076972697192,27.672157875542304,18.686561830316982,25.179076972697192,27.672157875542304,35.12115514344548,42.188353170598894,45.40900437277009,13.216042010808842,19.54920414722103,23.082244037219546,17.977983146117325,24.319516566889654,27.285065620482627,31.921761642897692,41.36027551680587,44.882318768948146,1,1,1,1,1,0,0,0,1,0,0,WELLS_PRESENT,100.0,EVIDENCE_PRESENT,100.0,EVIDENCE_PRESENT,100.0,EVIDENCE_PRESENT,100.0,EVIDENCE_PRESENT,100.0,EVIDENCE_PRESENT,0.0,NO_EVIDENCE_IN_AUDITED_WELLS,0.0,NO_EVIDENCE_IN_AUDITED_WELLS,0.0,NO_EVIDENCE_IN_AUDITED_WELLS,100.0,EVIDENCE_PRESENT,0.0,NO_EVIDENCE_IN_AUDITED_WELLS,0.0,NO_REVIEW_FLAG_IN_AUDITED_WELLS
PIH-500-0684,500,500.0118694660634,0,EPSG:5880,DESCRIPTIVE_NO_PIH_SCORE,,,,,,,,0,0.0,,,,0,0.0,,,,0,0.0,,,,20,NONE,12.353991136440921,21.402330001530846,22.276040596646396,12.353991136440921,21.402330001530846,22.276040596646396,12.353991136440921,21.402330001530846,22.276040596646396,12.353991136440921,21.402330001530846,22.276040596646396,12.353991136440921,21.402330001530846,22.276040596646396,12.353991136440921,21.402330001530846,22.276040596646396,16.47214170602558,22.063269267968124,25.745586813220285,16.47214170602558,22.063269267968124,25.745586813220285,28.892256084809013,36.55429461692412,39.55363727536395,12.353991136440921,21.402330001530846,22.276040596646396,16.47214170602558,22.063269267968124,25.745586813220285,40.47868699180631,46.764590250831745,50.48601398892339,0,0,0,0,0,0,0,0,0,0,0,UNKNOWN_NO_WELLS_IN_DATASET,,UNKNOWN_NO_WELLS_IN_DATASET,,UNKNOWN_NO_WELLS_IN_DATASET,,UNKNOWN_NO_WELLS_IN_DATASET,,UNKNOWN_NO_WELLS_IN_DATASET,,UNKNOWN_NO_WELLS_IN_DATASET,,UNKNOWN_NO_WELLS_IN_DATASET,,UNKNOWN_NO_WELLS_IN_DATASET,,UNKNOWN_NO_WELLS_IN_DATASET,,UNKNOWN_NO_WELLS_IN_DATASET,,UNKNOWN_NO_WELLS_IN_DATASET,,UNKNOWN_NO_WELLS_IN_DATASET
PIH-500-0685,500,500.0282846757077,0,EPSG:5880,DESCRIPTIVE_NO_PIH_SCORE,,,,,,,,0,0.0,,,,0,0.0,,,,0,0.0,,,,20,NONE,20.00675420679334,26.279925404835435,27.24259299300072,20.00675420679334,26.279925404835435,27.24259299300072,20.00675420679334,26.279925404835435,27.24259299300072,20.00675420679334,26.279925404835435,27.24259299300072,20.00675420679334,26.279925404835435,27.24259299300072,20.00675420679334,26.279925404835435,27.24259299300072,21.723951356996192,27.82317663191807,29.89894468987099,21.723951356996192,27.82317663191807,29.89894468987099,40.84425215322096,48.12996601994107,51.274420036549905,20.00675420679334,26.279925404835435,27.24259299300072,21.715935273861515,27.82317663191807,29.89894468987099,20.00675420679334,26.477601868047724,30.214064452742704,0,0,0,0,0,0,0,0,0,0,0,UNKNOWN_NO_WELLS_IN_DATASET,,UNKNOWN_NO_WELLS_IN_DATASET,,UNKNOWN_NO_WELLS_IN_DATASET,,UNKNOWN_NO_WELLS_IN_DATASET,,UNKNOWN_NO_WELLS_IN_DATASET,,UNKNOWN_NO_WELLS_IN_DATASET,,UNKNOWN_NO_WELLS_IN_DATASET,,UNKNOWN_NO_WELLS_IN_DATASET,,UNKNOWN_NO_WELLS_IN_DATASET,,UNKNOWN_NO_WELLS_IN_DATASET,,UNKNOWN_NO_WELLS_IN_DATASET,,UNKNOWN_NO_WELLS_IN_DATASET
PIH-500-0686,500,499.4296044274003,22,EPSG:5880,DESCRIPTIVE_NO_PIH_SCORE,0.1729152723576914,0.6830675999700307,10.25548593600717,0.8133810285380867,0.1729152723576914,0.7578089722399516,0.04259272729193564,6,7.237081867574768,0.7272727272727273,0.8331128356196882,45.45454545454545,4,16.157058869343448,0.8181818181818181,0.9209928791942418,45.45454545454545,3,37.17298895335013,0.8636363636363636,0.9643787017331664,45.45454545454545,20,NONE,6.903340827742186,10.736343605168988,13.820052651272093,6.903340827742186,10.736343605168988,13.820052651272093,7.662001430160652,11.07154080807053,13.820052651272093,7.662001430160652,11.07154080807053,13.820052651272093,7.662001430160652,11.07154080807053,13.820052651272093,7.662001430160652,11.07154080807053,13.820052651272093,9.801748282113312,15.571920236336402,17.796239771411084,9.801748282113312,15.571920236336402,17.796239771411084,61.223706430253124,68.13455856685033,72.03593823655643,8.220970006950765,13.068846598448857,13.820052651272093,7.804492196632773,15.041901324806032,17.731781476165054,6.903340827742186,10.736343605168988,13.820052651272093,22,21,21,21,21,11,11,0,7,18,10,WELLS_PRESENT,100.0,EVIDENCE_PRESENT,95.4545,EVIDENCE_PRESENT,95.4545,EVIDENCE_PRESENT,95.4545,EVIDENCE_PRESENT,95.4545,EVIDENCE_PRESENT,50.0,EVIDENCE_PRESENT,50.0,EVIDENCE_PRESENT,0.0,NO_EVIDENCE_IN_AUDITED_WELLS,31.8182,EVIDENCE_PRESENT,81.8182,EVIDENCE_PRESENT,45.4545,REVIEW_REQUIRED_PRESENT
PIH-500-0687,500,374.7299819626278,1,EPSG:5880,DESCRIPTIVE_NO_PIH_SCORE,21.0051718511911,21.0051718511911,6.830991369748325,0.6254598723959524,,,,1,1.6678676115708617,0.0,,100.0,1,5.142132972049905,0.0,,100.0,1,10.713013617441513,0.0,,100.0,15,NONE,7.976923033933881,11.942729360171613,13.79597067314021,7.976923033933881,11.942729360171613,13.79597067314021,8.1754138775664,11.942729360171613,13.79597067314021,8.1754138775664,11.942729360171613,13.79597067314021,8.1754138775664,11.942729360171613,13.79597067314021,8.1754138775664,11.942729360171613,13.79597067314021,25.42649220700728,32.89962367916303,35.28387415502367,25.42649220700728,32.89962367916303,35.28387415502367,81.01370560982593,88.14782329941197,90.20678796881148,9.573193670817131,14.95888221913757,17.97375265431015,17.86473889363059,24.69181163304134,26.072404768450074,7.976923033933881,12.28975058449228,13.79597067314021,1,1,1,1,1,0,0,0,1,0,1,WELLS_PRESENT,100.0,EVIDENCE_PRESENT,100.0,EVIDENCE_PRESENT,100.0,EVIDENCE_PRESENT,100.0,EVIDENCE_PRESENT,100.0,EVIDENCE_PRESENT,0.0,NO_EVIDENCE_IN_AUDITED_WELLS,0.0,NO_EVIDENCE_IN_AUDITED_WELLS,0.0,NO_EVIDENCE_IN_AUDITED_WELLS,100.0,EVIDENCE_PRESENT,0.0,NO_EVIDENCE_IN_AUDITED_WELLS,100.0,REVIEW_REQUIRED_PRESENT
PIH-500-0688,500,14.251006350329973,0,EPSG:5880,DESCRIPTIVE_NO_PIH_SCORE,,,,,,,,0,0.0,,,,0,0.0,,,,0,0.0,,,,1,NONE,14.9958278026187,14.9958278026187,14.9958278026187,14.9958278026187,14.9958278026187,14.9958278026187,14.9958278026187,14.9958278026187,14.9958278026187,14.9958278026187,14.9958278026187,14.9958278026187,14.9958278026187,14.9958278026187,14.9958278026187,14.9958278026187,14.9958278026187,14.9958278026187,39.25000938877925,39.25000938877925,39.25000938877925,39.25000938877925,39.25000938877925,39.25000938877925,94.86457002041065,94.86457002041065,94.86457002041065,14.9958278026187,14.9958278026187,14.9958278026187,28.949614529629002,28.949614529629002,28.949614529629002,14.9958278026187,14.9958278026187,14.9958278026187,0,0,0,0,0,0,0,0,0,0,0,UNKNOWN_NO_WELLS_IN_DATASET,,UNKNOWN_NO_WELLS_IN_DATASET,,UNKNOWN_NO_WELLS_IN_DATASET,,UNKNOWN_NO_WELLS_IN_DATASET,,UNKNOWN_NO_WELLS_IN_DATASET,,UNKNOWN_NO_WELLS_IN_DATASET,,UNKNOWN_NO_WELLS_IN_DATASET,,UNKNOWN_NO_WELLS_IN_DATASET,,UNKNOWN_NO_WELLS_IN_DATASET,,UNKNOWN_NO_WELLS_IN_DATASET,,UNKNOWN_NO_WELLS_IN_DATASET,,UNKNOWN_NO_WELLS_IN_DATASET
PIH-500-0689,500,197.7211786296665,0,EPSG:5880,DESCRIPTIVE_NO_PIH_SCORE,,,,,,,,0,0.0,,,,0,0.0,,,,0,0.0,,,,8,NONE,86.98495880857067,95.88030240472786,99.1961692668278,86.98495880857067,95.88030240472786,99.1961692668278,86.98495880857067,95.88030240472786,99.1961692668278,86.98495880857067,95.88030240472786,99.1961692668278,86.98495880857067,95.88030240472786,99.1961692668278,86.98495880857067,95.88030240472786,99.1961692668278,86.98495880857067,95.88030240472786,99.1961692668278,86.98495880857067,95.88030240472786,99.1961692668278,90.78323112486652,99.44429928288527,102.33464283670669,87.95792517750209,96.58995613960064,99.43460440905851,86.98495880857067,95.88030240472786,99.1961692668278,86.98495880857067,95.88030240472786,99.1961692668278,0,0,0,0,0,0,0,0,0,0,0,UNKNOWN_NO_WELLS_IN_DATASET,,UNKNOWN_NO_WELLS_IN_DATASET,,UNKNOWN_NO_WELLS_IN_DATASET,,UNKNOWN_NO_WELLS_IN_DATASET,,UNKNOWN_NO_WELLS_IN_DATASET,,UNKNOWN_NO_WELLS_IN_DATASET,,UNKNOWN_NO_WELLS_IN_DATASET,,UNKNOWN_NO_WELLS_IN_DATASET,,UNKNOWN_NO_WELLS_IN_DATASET,,UNKNOWN_NO_WELLS_IN_DATASET,,UNKNOWN_NO_WELLS_IN_DATASET,,UNKNOWN_NO_WELLS_IN_DATASET
PIH-500-0690,500,500.77119675332744,0,EPSG:5880,DESCRIPTIVE_NO_PIH_SCORE,,,,,,,,0,0.0,,,,0,0.0,,,,0,0.0,,,,20,NONE,91.40423598616269,99.71188109760251,101.67661168653345,91.40423598616269,99.71188109760251,101.67661168653345,91.40423598616269,99.71188109760251,101.67661168653345,91.40423598616269,99.71188109760251,101.67661168653345,91.40423598616269,99.71188109760251,101.67661168653345,91.40423598616269,99.71188109760251,101.67661168653345,91.40423598616269,99.71188109760251,101.67661168653345,91.40423598616269,99.71188109760251,101.67661168653345,95.97798420638185,104.64425173381116,106.16804220812935,93.38809843010925,102.057799912461,103.4631638371312,91.40423598616269,99.71188109760251,101.67661168653345,91.40423598616269,99.71188109760251,101.67661168653345,0,0,0,0,0,0,0,0,0,0,0,UNKNOWN_NO_WELLS_IN_DATASET,,UNKNOWN_NO_WELLS_IN_DATASET,,UNKNOWN_NO_WELLS_IN_DATASET,,UNKNOWN_NO_WELLS_IN_DATASET,,UNKNOWN_NO_WELLS_IN_DATASET,,UNKNOWN_NO_WELLS_IN_DATASET,,UNKNOWN_NO_WELLS_IN_DATASET,,UNKNOWN_NO_WELLS_IN_DATASET,,UNKNOWN_NO_WELLS_IN_DATASET,,UNKNOWN_NO_WELLS_IN_DATASET,,UNKNOWN_NO_WELLS_IN_DATASET,,UNKNOWN_NO_WELLS_IN_DATASET
PIH-500-0691,500,500.6698620803432,0,EPSG:5880,DESCRIPTIVE_NO_PIH_SCORE,,,,,,,,0,0.0,,,,0,0.0,,,,0,0.0,,,,21,NONE,101.01045117656528,107.87370419859919,110.31341865625666,101.01045117656528,107.87370419859919,110.31341865625666,101.01045117656528,107.87370419859919,110.31341865625666,101.01045117656528,107.87370419859919,110.31341865625666,101.01045117656528,107.87370419859919,110.31341865625666,101.01045117656528,107.87370419859919,110.31341865625666,101.01045117656528,107.87370419859919,110.31341865625666,101.01045117656528,107.87370419859919,110.31341865625666,106.55263928436288,113.50343332048611,116.15887477027401,104.05025896511263,111.2065097960945,113.93140464538071,101.01045117656528,107.87370419859919,110.31341865625666,101.01045117656528,107.87370419859919,110.31341865625666,0,0,0,0,0,0,0,0,0,0,0,UNKNOWN_NO_WELLS_IN_DATASET,,UNKNOWN_NO_WELLS_IN_DATASET,,UNKNOWN_NO_WELLS_IN_DATASET,,UNKNOWN_NO_WELLS_IN_DATASET,,UNKNOWN_NO_WELLS_IN_DATASET,,UNKNOWN_NO_WELLS_IN_DATASET,,UNKNOWN_NO_WELLS_IN_DATASET,,UNKNOWN_NO_WELLS_IN_DATASET,,UNKNOWN_NO_WELLS_IN_DATASET,,UNKNOWN_NO_WELLS_IN_DATASET,,UNKNOWN_NO_WELLS_IN_DATASET,,UNKNOWN_NO_WELLS_IN_DATASET
PIH-500-0692,500,500.5756702124667,0,EPSG:5880,DESCRIPTIVE_NO_PIH_SCORE,,,,,,,,0,0.0,,,,0,0.0,,,,0,0.0,,,,18,NONE,112.40487030491019,120.53610348284647,122.8195428168336,112.40487030491019,120.53610348284647,122.8195428168336,112.40487030491019,120.53610348284647,122.8195428168336,112.40487030491019,120.53610348284647,122.8195428168336,112.40487030491019,120.53610348284647,122.8195428168336,112.40487030491019,120.53610348284647,122.8195428168336,112.40487030491019,120.53610348284647,122.8195428168336,112.40487030491019,120.53610348284647,122.8195428168336,118.46323484424482,126.6130712560143,128.91935971718425,116.36617128412311,124.52784118074588,126.84398963133903,112.40487030491019,120.53610348284647,122.8195428168336,112.40487030491019,120.53610348284647,122.8195428168336,0,0,0,0,0,0,0,0,0,0,0,UNKNOWN_NO_WELLS_IN_DATASET,,UNKNOWN_NO_WELLS_IN_DATASET,,UNKNOWN_NO_WELLS_IN_DATASET,,UNKNOWN_NO_WELLS_IN_DATASET,,UNKNOWN_NO_WELLS_IN_DATASET,,UNKNOWN_NO_WELLS_IN_DATASET,,UNKNOWN_NO_WELLS_IN_DATASET,,UNKNOWN_NO_WELLS_IN_DATASET,,UNKNOWN_NO_WELLS_IN_DATASET,,UNKNOWN_NO_WELLS_IN_DATASET,,UNKNOWN_NO_WELLS_IN_DATASET,,UNKNOWN_NO_WELLS_IN_DATASET
PIH-500-0693,500,500.48861952211865,0,EPSG:5880,DESCRIPTIVE_NO_PIH_SCORE,,,,,,,,0,0.0,,,,0,0.0,,,,0,0.0,,,,20,NONE,128.48525109541282,136.1495539974922,139.16144004696227,128.48525109541282,136.1495539974922,139.16144004696227,128.48525109541282,136.1495539974922,139.16144004696227,128.48525109541282,136.1495539974922,139.16144004696227,128.48525109541282,136.1495539974922,139.16144004696227,128.48525109541282,136.1495539974922,139.16144004696227,128.48525109541282,136.1495539974922,139.16144004696227,128.48525109541282,136.1495539974922,139.16144004696227,134.93725809808626,142.72889786375936,145.71059501326474,133.1677838064076,141.11936901102897,144.0543621534421,128.48525109541282,136.1495539974922,139.16144004696227,128.48525109541282,136.1495539974922,139.16144004696227,0,0,0,0,0,0,0,0,0,0,0,UNKNOWN_NO_WELLS_IN_DATASET,,UNKNOWN_NO_WELLS_IN_DATASET,,UNKNOWN_NO_WELLS_IN_DATASET,,UNKNOWN_NO_WELLS_IN_DATASET,,UNKNOWN_NO_WELLS_IN_DATASET,,UNKNOWN_NO_WELLS_IN_DATASET,,UNKNOWN_NO_WELLS_IN_DATASET,,UNKNOWN_NO_WELLS_IN_DATASET,,UNKNOWN_NO_WELLS_IN_DATASET,,UNKNOWN_NO_WELLS_IN_DATASET,,UNKNOWN_NO_WELLS_IN_DATASET,,UNKNOWN_NO_WELLS_IN_DATASET
PIH-500-0694,500,500.40870851734445,0,EPSG:5880,DESCRIPTIVE_NO_PIH_SCORE,,,,,,,,0,0.0,,,,0,0.0,,,,0,0.0,,,,20,NONE,144.13413174107893,152.0234819868293,155.32556861397367,147.07670561272528,153.80099482499278,155.32556861397367,147.07670561272528,155.75787619111267,158.47447669194315,147.07670561272528,153.80099482499278,155.32556861397367,147.07670561272528,153.80099482499278,155.32556861397367,147.07670561272528,153.80099482499278,155.32556861397367,147.07670561272528,155.75787619111267,158.47447669194315,147.07670561272528,155.75787619111267,158.47447669194315,153.72753983300237,162.46945189686895,165.1691604413804,150.37813941893216,158.94608261015682,162.7088477618886,147.07670561272528,155.75787619111267,158.47447669194315,144.13413174107893,152.0234819868293,155.32556861397367,0,0,0,0,0,0,0,0,0,0,0,UNKNOWN_NO_WELLS_IN_DATASET,,UNKNOWN_NO_WELLS_IN_DATASET,,UNKNOWN_NO_WELLS_IN_DATASET,,UNKNOWN_NO_WELLS_IN_DATASET,,UNKNOWN_NO_WELLS_IN_DATASET,,UNKNOWN_NO_WELLS_IN_DATASET,,UNKNOWN_NO_WELLS_IN_DATASET,,UNKNOWN_NO_WELLS_IN_DATASET,,UNKNOWN_NO_WELLS_IN_DATASET,,UNKNOWN_NO_WELLS_IN_DATASET,,UNKNOWN_NO_WELLS_IN_DATASET,,UNKNOWN_NO_WELLS_IN_DATASET
PIH-500-0695,500,500.33593584178885,0,EPSG:5880,DESCRIPTIVE_NO_PIH_SCORE,,,,,,,,0,0.0,,,,0,0.0,,,,0,0.0,,,,20,NONE,134.67221659915094,144.23240068218425,144.83598979789156,134.67221659915094,144.23240068218425,144.83598979789156,154.05786735448078,161.16549540432348,162.52326121559776,134.67221659915094,144.23240068218425,144.83598979789156,134.67221659915094,144.23240068218425,144.83598979789156,134.67221659915094,144.23240068218425,144.83598979789156,145.72017594977228,155.05594869872348,155.92435831674564,145.72017594977228,155.05594869872348,155.92435831674564,161.35707808872482,168.21505892873407,170.5723992668417,154.05786735448078,161.16549540432348,162.6621724131466,145.72017594977228,155.05594869872348,155.92435831674564,134.67221659915094,144.23240068218425,144.83598979789156,0,0,0,0,0,0,0,0,0,0,0,UNKNOWN_NO_WELLS_IN_DATASET,,UNKNOWN_NO_WELLS_IN_DATASET,,UNKNOWN_NO_WELLS_IN_DATASET,,UNKNOWN_NO_WELLS_IN_DATASET,,UNKNOWN_NO_WELLS_IN_DATASET,,UNKNOWN_NO_WELLS_IN_DATASET,,UNKNOWN_NO_WELLS_IN_DATASET,,UNKNOWN_NO_WELLS_IN_DATASET,,UNKNOWN_NO_WELLS_IN_DATASET,,UNKNOWN_NO_WELLS_IN_DATASET,,UNKNOWN_NO_WELLS_IN_DATASET,,UNKNOWN_NO_WELLS_IN_DATASET
PIH-500-0696,500,500.2703002745072,0,EPSG:5880,DESCRIPTIVE_NO_PIH_SCORE,,,,,,,,0,0.0,,,,0,0.0,,,,0,0.0,,,,20,NONE,109.79045201668286,119.24908342561893,119.97843378788414,109.79045201668286,119.24908342561893,119.97843378788414,131.28379839877255,139.59331452224114,141.56912038125176,109.79045201668286,119.24908342561893,119.97843378788414,109.79045201668286,119.24908342561893,119.97843378788414,109.79045201668286,119.24908342561893,119.97843378788414,120.92027434006948,130.11426379730645,131.14795149840475,120.92027434006948,130.11426379730645,131.14795149840475,139.3766556856179,148.39416874010598,150.89763208749224,131.28379839877255,139.59331452224114,141.56912038125176,120.92027434006948,130.11426379730645,131.14795149840475,109.79045201668286,119.24908342561893,119.97843378788414,0,0,0,0,0,0,0,0,0,0,0,UNKNOWN_NO_WELLS_IN_DATASET,,UNKNOWN_NO_WELLS_IN_DATASET,,UNKNOWN_NO_WELLS_IN_DATASET,,UNKNOWN_NO_WELLS_IN_DATASET,,UNKNOWN_NO_WELLS_IN_DATASET,,UNKNOWN_NO_WELLS_IN_DATASET,,UNKNOWN_NO_WELLS_IN_DATASET,,UNKNOWN_NO_WELLS_IN_DATASET,,UNKNOWN_NO_WELLS_IN_DATASET,,UNKNOWN_NO_WELLS_IN_DATASET,,UNKNOWN_NO_WELLS_IN_DATASET,,UNKNOWN_NO_WELLS_IN_DATASET
PIH-500-0697,500,500.2118007302435,0,EPSG:5880,DESCRIPTIVE_NO_PIH_SCORE,,,,,,,,0,0.0,,,,0,0.0,,,,0,0.0,,,,18,NONE,87.72008721001305,94.34399052023723,95.19551043853096,87.72008721001305,94.34399052023723,95.19551043853096,109.2976642824077,115.30083619308273,117.45977170313755,87.72008721001305,94.34399052023723,95.19551043853096,87.72008721001305,94.34399052023723,95.19551043853096,87.72008721001305,94.34399052023723,95.19551043853096,98.80026682021142,105.31010604762666,106.47612337029821,98.80026682021142,105.31010604762666,106.47612337029821,121.11625353093515,128.1988477183787,130.51821579402815,109.34899056831213,115.30083619308273,117.45977170313755,98.80026682021142,105.31010604762666,106.47612337029821,87.72008721001305,94.34399052023723,95.19551043853096,0,0,0,0,0,0,0,0,0,0,0,UNKNOWN_NO_WELLS_IN_DATASET,,UNKNOWN_NO_WELLS_IN_DATASET,,UNKNOWN_NO_WELLS_IN_DATASET,,UNKNOWN_NO_WELLS_IN_DATASET,,UNKNOWN_NO_WELLS_IN_DATASET,,UNKNOWN_NO_WELLS_IN_DATASET,,UNKNOWN_NO_WELLS_IN_DATASET,,UNKNOWN_NO_WELLS_IN_DATASET,,UNKNOWN_NO_WELLS_IN_DATASET,,UNKNOWN_NO_WELLS_IN_DATASET,,UNKNOWN_NO_WELLS_IN_DATASET,,UNKNOWN_NO_WELLS_IN_DATASET
PIH-500-0698,500,500.1604362595169,0,EPSG:5880,DESCRIPTIVE_NO_PIH_SCORE,,,,,,,,0,0.0,,,,0,0.0,,,,0,0.0,,,,20,NONE,64.53436829971352,74.30735098078678,75.47233741192505,64.53436829971352,74.30735098078678,75.47233741192505,86.6182084289145,95.63038448282269,98.41203452506461,64.53436829971352,74.30735098078678,75.47233741192505,64.53436829971352,74.30735098078678,75.47233741192505,64.53436829971352,74.30735098078678,75.47233741192505,75.68456752716871,85.30522615603672,86.87386592386804,75.68456752716871,85.30522615603672,86.87386592386804,104.98209893888378,112.10752340009239,115.52892313880527,86.64458388029362,95.63038448282269,98.49255640391647,75.68456752716871,85.30522615603672,86.87386592386804,64.53436829971352,74.30735098078678,75.47233741192505,0,0,0,0,0,0,0,0,0,0,0,UNKNOWN_NO_WELLS_IN_DATASET,,UNKNOWN_NO_WELLS_IN_DATASET,,UNKNOWN_NO_WELLS_IN_DATASET,,UNKNOWN_NO_WELLS_IN_DATASET,,UNKNOWN_NO_WELLS_IN_DATASET,,UNKNOWN_NO_WELLS_IN_DATASET,,UNKNOWN_NO_WELLS_IN_DATASET,,UNKNOWN_NO_WELLS_IN_DATASET,,UNKNOWN_NO_WELLS_IN_DATASET,,UNKNOWN_NO_WELLS_IN_DATASET,,UNKNOWN_NO_WELLS_IN_DATASET,,UNKNOWN_NO_WELLS_IN_DATASET
PIH-500-0699,500,500.1162060480677,0,EPSG:5880,DESCRIPTIVE_NO_PIH_SCORE,,,,,,,,0,0.0,,,,0,0.0,,,,0,0.0,,,,20,NONE,39.773611455163625,49.385435861446865,51.1217600232838,39.773611455163625,49.385435861446865,51.1217600232838,63.08953063013767,71.69620700487204,75.25256962904399,39.773611455163625,49.385435861446865,51.1217600232838,39.773611455163625,49.385435861446865,51.1217600232838,39.773611455163625,49.385435861446865,51.1217600232838,51.26345266364262,60.53363652982012,62.72518032096235,51.26345266364262,60.53363652982012,62.72518032096235,89.45598696495443,96.68777116009527,99.3068042283927,63.43818282407328,71.76365182675647,75.53651957835037,51.26345266364262,60.53363652982012,62.72518032096235,39.773611455163625,49.385435861446865,51.1217600232838,0,0,0,0,0,0,0,0,0,0,0,UNKNOWN_NO_WELLS_IN_DATASET,,UNKNOWN_NO_WELLS_IN_DATASET,,UNKNOWN_NO_WELLS_IN_DATASET,,UNKNOWN_NO_WELLS_IN_DATASET,,UNKNOWN_NO_WELLS_IN_DATASET,,UNKNOWN_NO_WELLS_IN_DATASET,,UNKNOWN_NO_WELLS_IN_DATASET,,UNKNOWN_NO_WELLS_IN_DATASET,,UNKNOWN_NO_WELLS_IN_DATASET,,UNKNOWN_NO_WELLS_IN_DATASET,,UNKNOWN_NO_WELLS_IN_DATASET,,UNKNOWN_NO_WELLS_IN_DATASET
PIH-500-0700,500,500.07910941750214,0,EPSG:5880,DESCRIPTIVE_NO_PIH_SCORE,,,,,,,,0,0.0,,,,0,0.0,,,,0,0.0,,,,21,NONE,19.176271126585313,25.79306890298571,27.94270891193217,19.176271126585313,25.79306890298571,27.94270891193217,41.72262755253266,48.412522324276786,53.022292899464055,19.176271126585313,25.79306890298571,27.94270891193217,19.176271126585313,25.79306890298571,27.94270891193217,19.176271126585313,25.79306890298571,27.94270891193217,30.031036766219398,37.49685791360295,39.64628497143567,30.031036766219398,37.49685791360295,39.64628497143567,79.3469527750639,87.87759481663929,90.36873329299074,41.945316182181664,48.77196563438825,53.022292899464055,30.031036766219398,37.49685791360295,39.64628497143567,19.176271126585313,25.79306890298571,27.94270891193217,0,0,0,0,0,0,0,0,0,0,0,UNKNOWN_NO_WELLS_IN_DATASET,,UNKNOWN_NO_WELLS_IN_DATASET,,UNKNOWN_NO_WELLS_IN_DATASET,,UNKNOWN_NO_WELLS_IN_DATASET,,UNKNOWN_NO_WELLS_IN_DATASET,,UNKNOWN_NO_WELLS_IN_DATASET,,UNKNOWN_NO_WELLS_IN_DATASET,,UNKNOWN_NO_WELLS_IN_DATASET,,UNKNOWN_NO_WELLS_IN_DATASET,,UNKNOWN_NO_WELLS_IN_DATASET,,UNKNOWN_NO_WELLS_IN_DATASET,,UNKNOWN_NO_WELLS_IN_DATASET
PIH-500-0701,500,500.0491458250227,1,EPSG:5880,DESCRIPTIVE_NO_PIH_SCORE,11.732596349174555,11.732596349174555,12.619289242705579,1.0002383143107265,,,,1,0.6879974996277444,0.0,,100.0,1,2.0935717063759576,0.0,,100.0,1,16.715272951621866,0.0,,100.0,20,NONE,10.36716814139546,17.944346114381997,19.92837974824561,10.36716814139546,17.944346114381997,19.92837974824561,20.82159269903905,28.50852901450931,30.649851067745818,10.36716814139546,17.944346114381997,19.92837974824561,10.36716814139546,17.944346114381997,19.92837974824561,10.36716814139546,17.944346114381997,19.92837974824561,13.211622850451793,21.323293671133683,24.545815724202264,13.211622850451793,21.323293671133683,24.545815724202264,76.37306831221488,82.58275827362014,86.22296154918885,21.14556187611742,28.52346792721481,30.649851067745818,13.211622850451793,19.85850194047022,23.70336285318912,10.36716814139546,17.96878530902599,21.311534169209523,1,0,1,1,1,0,0,0,0,0,1,WELLS_PRESENT,100.0,EVIDENCE_PRESENT,0.0,NO_EVIDENCE_IN_AUDITED_WELLS,100.0,EVIDENCE_PRESENT,100.0,EVIDENCE_PRESENT,100.0,EVIDENCE_PRESENT,0.0,NO_EVIDENCE_IN_AUDITED_WELLS,0.0,NO_EVIDENCE_IN_AUDITED_WELLS,0.0,NO_EVIDENCE_IN_AUDITED_WELLS,0.0,NO_EVIDENCE_IN_AUDITED_WELLS,0.0,NO_EVIDENCE_IN_AUDITED_WELLS,100.0,REVIEW_REQUIRED_PRESENT
PIH-500-0702,500,500.0263148632787,3,EPSG:5880,DESCRIPTIVE_NO_PIH_SCORE,4.386128854421908,6.672007828597392,1.5343294509950138,0.12161779561943102,4.386128854421908,6.672007828597392,0.014451147166538185,3,3.7498026489119436,0.0,0.9999999999999998,33.33333333333333,3,14.999210595647774,0.0,0.9999999999999998,33.33333333333333,2,33.99943952324541,0.33333333333333337,0.9182958340544894,66.66666666666666,18,NONE,4.871128869563465,8.538678670221573,9.306752063220172,5.165844100144546,8.538678670221573,9.777000278851649,6.8521021473883446,9.866515385435683,11.106894420597062,5.165844100144546,8.61329816672846,11.432416375235457,5.165844100144546,8.61329816672846,11.432416375235457,5.165844100144546,8.61329816672846,11.432416375235457,6.12439164037573,9.898263867757127,11.432416375235457,6.12439164037573,9.898263867757127,11.432416375235457,78.94328272799993,88.0296990458504,90.55003248346873,11.295581291756601,15.392837912271593,15.868031763668696,6.12439164037573,9.898263867757127,11.432416375235457,5.924299325648877,9.193961482298578,10.244496385809887,2,1,2,2,2,2,2,0,0,2,2,WELLS_PRESENT,66.6667,EVIDENCE_PRESENT,33.3333,EVIDENCE_PRESENT,66.6667,EVIDENCE_PRESENT,66.6667,EVIDENCE_PRESENT,66.6667,EVIDENCE_PRESENT,66.6667,EVIDENCE_PRESENT,66.6667,EVIDENCE_PRESENT,0.0,NO_EVIDENCE_IN_AUDITED_WELLS,0.0,NO_EVIDENCE_IN_AUDITED_WELLS,66.6667,EVIDENCE_PRESENT,66.6667,REVIEW_REQUIRED_PRESENT
PIH-500-0703,500,500.01061626067855,0,EPSG:5880,DESCRIPTIVE_NO_PIH_SCORE,,,,,,,,0,0.0,,,,0,0.0,,,,0,0.0,,,,20,NONE,16.459312668250767,25.711095578314417,26.29562318707531,20.279067726780752,27.30104772682677,28.630581451040435,20.279067726780752,27.30104772682677,28.630581451040435,20.279067726780752,27.30104772682677,28.630581451040435,20.279067726780752,27.376848766113966,30.397812330683912,20.279067726780752,27.376848766113966,30.397812330683912,20.279067726780752,27.41442742698189,30.397812330683912,20.279067726780752,27.41442742698189,30.397812330683912,87.33474582448,94.34867005795884,98.54560269394425,23.870269567871322,29.23104420305123,30.687027492421436,20.279067726780752,27.30104772682677,28.630581451040435,17.443712074598324,25.711095578314417,26.29562318707531,0,0,0,0,0,0,0,0,0,0,0,UNKNOWN_NO_WELLS_IN_DATASET,,UNKNOWN_NO_WELLS_IN_DATASET,,UNKNOWN_NO_WELLS_IN_DATASET,,UNKNOWN_NO_WELLS_IN_DATASET,,UNKNOWN_NO_WELLS_IN_DATASET,,UNKNOWN_NO_WELLS_IN_DATASET,,UNKNOWN_NO_WELLS_IN_DATASET,,UNKNOWN_NO_WELLS_IN_DATASET,,UNKNOWN_NO_WELLS_IN_DATASET,,UNKNOWN_NO_WELLS_IN_DATASET,,UNKNOWN_NO_WELLS_IN_DATASET,,UNKNOWN_NO_WELLS_IN_DATASET
PIH-500-0704,500,500.0020498811761,0,EPSG:5880,DESCRIPTIVE_NO_PIH_SCORE,,,,,,,,0,0.0,,,,0,0.0,,,,0,0.0,,,,21,NONE,14.512489171330861,23.4221018796893,24.214723163296966,14.512489171330861,23.4221018796893,24.214723163296966,14.512489171330861,23.4221018796893,24.214723163296966,14.512489171330861,23.4221018796893,24.214723163296966,16.003011975480494,24.453145037439327,25.631781084101245,16.003011975480494,24.453145037439327,25.631781084101245,40.281730821626745,44.38378405999804,45.477386962989826,40.281730821626745,44.38378405999804,45.477386962989826,73.83096112318836,81.64099393155314,84.70377035734168,14.512489171330861,23.4221018796893,24.214723163296966,14.785337991596547,23.4221018796893,24.214723163296966,16.105923964369428,24.53640664476678,25.681424133799982,0,0,0,0,0,0,0,0,0,0,0,UNKNOWN_NO_WELLS_IN_DATASET,,UNKNOWN_NO_WELLS_IN_DATASET,,UNKNOWN_NO_WELLS_IN_DATASET,,UNKNOWN_NO_WELLS_IN_DATASET,,UNKNOWN_NO_WELLS_IN_DATASET,,UNKNOWN_NO_WELLS_IN_DATASET,,UNKNOWN_NO_WELLS_IN_DATASET,,UNKNOWN_NO_WELLS_IN_DATASET,,UNKNOWN_NO_WELLS_IN_DATASET,,UNKNOWN_NO_WELLS_IN_DATASET,,UNKNOWN_NO_WELLS_IN_DATASET,,UNKNOWN_NO_WELLS_IN_DATASET
PIH-500-0705,500,500.00061572438767,3,EPSG:5880,DESCRIPTIVE_NO_PIH_SCORE,0.10861068416779607,3.448322899309253,10.786788030701754,0.855030902648184,0.10861068416779607,3.448322899309253,0.00040062256624476435,2,2.335564119480347,0.33333333333333337,0.9182958340544894,66.66666666666666,2,9.506367039676428,0.33333333333333337,0.9182958340544894,66.66666666666666,1,9.506367039676066,0.6666666666666667,,100.0,21,NONE,10.940305692667522,16.05322207965932,17.816430303131206,10.947106402576239,16.05322207965932,17.816430303131206,10.947106402576239,16.05322207965932,17.816430303131206,10.947106402576239,16.05322207965932,17.816430303131206,11.034871586180719,16.757096712877964,17.816430303131206,11.034871586180719,16.757096712877964,17.816430303131206,26.27499898341807,33.859229337246674,35.794493088616534,26.27499898341807,33.859229337246674,35.794493088616534,57.36207933799465,66.02546320332144,68.4943963116124,12.195236808984488,17.148309288825754,19.709707802583925,13.199989532281519,17.816430303131206,20.077957712133625,13.169678655927703,20.665329040634877,22.012635436505004,2,2,2,1,1,0,0,0,2,1,1,WELLS_PRESENT,66.6667,EVIDENCE_PRESENT,66.6667,EVIDENCE_PRESENT,66.6667,EVIDENCE_PRESENT,33.3333,EVIDENCE_PRESENT,33.3333,EVIDENCE_PRESENT,0.0,NO_EVIDENCE_IN_AUDITED_WELLS,0.0,NO_EVIDENCE_IN_AUDITED_WELLS,0.0,NO_EVIDENCE_IN_AUDITED_WELLS,66.6667,EVIDENCE_PRESENT,33.3333,EVIDENCE_PRESENT,33.3333,REVIEW_REQUIRED_PRESENT
PIH-500-0706,500,500.0063139255107,7,EPSG:5880,DESCRIPTIVE_NO_PIH_SCORE,0.08494567938683983,0.23759616923853025,9.156269365719936,0.7257812639134593,0.08494567938683983,0.23759616923853025,0.0006603769828274134,1,1.249984215385549,0.8571428571428572,,100.0,1,4.960028777578242,0.8571428571428572,,100.0,1,18.02413269604586,0.8571428571428572,,100.0,20,NONE,11.324985396599796,18.160499142571325,19.49172264904872,11.324985396599796,18.160499142571325,19.49172264904872,11.324985396599796,18.160499142571325,19.49172264904872,11.324985396599796,18.160499142571325,19.49172264904872,11.324985396599796,18.160499142571325,19.49172264904872,11.324985396599796,18.160499142571325,19.49172264904872,11.324985396599796,18.167219371093026,19.526080302460926,11.324985396599796,18.167219371093026,19.526080302460926,48.71015904747259,56.0109615041203,59.421205404273536,11.324985396599796,18.181853991379498,19.842264285308442,11.324985396599796,18.160499142571325,19.49172264904872,35.96723626127004,40.72313414691313,42.55041283033592,7,7,7,7,7,4,4,0,3,6,0,WELLS_PRESENT,100.0,EVIDENCE_PRESENT,100.0,EVIDENCE_PRESENT,100.0,EVIDENCE_PRESENT,100.0,EVIDENCE_PRESENT,100.0,EVIDENCE_PRESENT,57.1429,EVIDENCE_PRESENT,57.1429,EVIDENCE_PRESENT,0.0,NO_EVIDENCE_IN_AUDITED_WELLS,42.8571,EVIDENCE_PRESENT,85.7143,EVIDENCE_PRESENT,0.0,NO_REVIEW_FLAG_IN_AUDITED_WELLS
PIH-500-0707,500,500.0191447553364,0,EPSG:5880,DESCRIPTIVE_NO_PIH_SCORE,,,,,,,,0,0.0,,,,0,0.0,,,,0,0.0,,,,16,NONE,22.040522259081506,26.10682544209432,28.423468644222105,22.040522259081506,26.10682544209432,28.423468644222105,22.040522259081506,26.10682544209432,28.423468644222105,22.040522259081506,26.10682544209432,28.423468644222105,22.040522259081506,26.10682544209432,28.423468644222105,22.040522259081506,26.10682544209432,28.423468644222105,25.815417594011336,32.15325761982426,33.9027175563177,25.815417594011336,32.15325761982426,33.9027175563177,51.30804747435165,59.40303148761316,61.54386945644787,22.040522259081506,26.10682544209432,28.423468644222105,25.815417594011336,32.15325761982426,33.9027175563177,27.921822529329,34.10974722157624,35.17970199820413,0,0,0,0,0,0,0,0,0,0,0,UNKNOWN_NO_WELLS_IN_DATASET,,UNKNOWN_NO_WELLS_IN_DATASET,,UNKNOWN_NO_WELLS_IN_DATASET,,UNKNOWN_NO_WELLS_IN_DATASET,,UNKNOWN_NO_WELLS_IN_DATASET,,UNKNOWN_NO_WELLS_IN_DATASET,,UNKNOWN_NO_WELLS_IN_DATASET,,UNKNOWN_NO_WELLS_IN_DATASET,,UNKNOWN_NO_WELLS_IN_DATASET,,UNKNOWN_NO_WELLS_IN_DATASET,,UNKNOWN_NO_WELLS_IN_DATASET,,UNKNOWN_NO_WELLS_IN_DATASET
PIH-500-0708,500,500.0391086203021,4,EPSG:5880,DESCRIPTIVE_NO_PIH_SCORE,4.248051019001455,8.21003748260741,4.77545821906977,0.3785192752871681,4.548709974181643,8.390432855715524,0.06994992995264783,4,4.808175736184958,0.0,1.0,25.0,4,16.451121336101806,0.0,1.0,25.0,3,42.004965529891116,0.25,0.946394630357186,50.0,20,NONE,6.34385668385195,14.049169620163568,15.726449133429108,6.34385668385195,14.049169620163568,15.726449133429108,6.34385668385195,14.049169620163568,15.726449133429108,6.34385668385195,14.049169620163568,15.726449133429108,6.34385668385195,14.049169620163568,15.726449133429108,6.34385668385195,14.049169620163568,15.726449133429108,27.71690074137131,35.44055080261064,36.439719369968024,27.71690074137131,35.44055080261064,36.439719369968024,61.95460061977299,70.47393056570486,73.12836737688542,6.34385668385195,14.049169620163568,15.726449133429108,27.71690074137131,35.44055080261064,36.439719369968024,6.34385668385195,14.049169620163568,15.726449133429108,4,4,4,4,4,0,0,0,4,0,4,WELLS_PRESENT,100.0,EVIDENCE_PRESENT,100.0,EVIDENCE_PRESENT,100.0,EVIDENCE_PRESENT,100.0,EVIDENCE_PRESENT,100.0,EVIDENCE_PRESENT,0.0,NO_EVIDENCE_IN_AUDITED_WELLS,0.0,NO_EVIDENCE_IN_AUDITED_WELLS,0.0,NO_EVIDENCE_IN_AUDITED_WELLS,100.0,EVIDENCE_PRESENT,0.0,NO_EVIDENCE_IN_AUDITED_WELLS,100.0,REVIEW_REQUIRED_PRESENT
PIH-500-0709,500,80.07192088684032,2,EPSG:5880,DESCRIPTIVE_NO_PIH_SCORE,0.11253074261655228,0.11253074261655228,9.064296517821798,1.7954318158877451,0.11253074261655228,0.11253074261655228,,1,3.835611977725822,0.5,,100.0,1,17.676168487676332,0.5,,100.0,1,29.109955669429148,0.5,,100.0,4,NONE,4.805522566975209,6.0797557357242145,6.252621093795102,4.805522566975209,6.0797557357242145,6.252621093795102,4.805522566975209,6.0797557357242145,6.252621093795102,4.805522566975209,6.0797557357242145,6.252621093795102,4.805522566975209,6.0797557357242145,6.252621093795102,4.805522566975209,6.0797557357242145,6.252621093795102,25.094169059646234,28.861731589042826,30.339676113231977,25.094169059646234,28.861731589042826,30.339676113231977,74.17432887633205,77.94305826122259,78.81961957692789,4.805522566975209,6.0797557357242145,6.252621093795102,24.111690864867207,28.861731589042826,30.339676113231977,4.805522566975209,6.0797557357242145,6.252621093795102,2,2,2,2,2,0,0,0,2,0,2,WELLS_PRESENT,100.0,EVIDENCE_PRESENT,100.0,EVIDENCE_PRESENT,100.0,EVIDENCE_PRESENT,100.0,EVIDENCE_PRESENT,100.0,EVIDENCE_PRESENT,0.0,NO_EVIDENCE_IN_AUDITED_WELLS,0.0,NO_EVIDENCE_IN_AUDITED_WELLS,0.0,NO_EVIDENCE_IN_AUDITED_WELLS,100.0,EVIDENCE_PRESENT,0.0,NO_EVIDENCE_IN_AUDITED_WELLS,100.0,REVIEW_REQUIRED_PRESENT
PIH-500-0710,500,35.06941160673121,0,EPSG:5880,DESCRIPTIVE_NO_PIH_SCORE,,,,,,,,0,0.0,,,,0,0.0,,,,0,0.0,,,,2,NONE,12.373162869030836,14.344934603090078,14.837877536604887,12.373162869030836,14.344934603090078,14.837877536604887,12.373162869030836,14.344934603090078,14.837877536604887,12.373162869030836,14.344934603090078,14.837877536604887,12.373162869030836,14.344934603090078,14.837877536604887,12.373162869030836,14.344934603090078,14.837877536604887,40.0261502598922,41.78299491232668,42.222206075435295,40.0261502598922,41.78299491232668,42.222206075435295,94.46907219500586,96.29405476226951,96.75030040408542,12.373162869030836,14.344934603090078,14.837877536604887,30.562474988254202,31.90224096923454,32.23718246447962,12.373162869030836,14.344934603090078,14.837877536604887,0,0,0,0,0,0,0,0,0,0,0,UNKNOWN_NO_WELLS_IN_DATASET,,UNKNOWN_NO_WELLS_IN_DATASET,,UNKNOWN_NO_WELLS_IN_DATASET,,UNKNOWN_NO_WELLS_IN_DATASET,,UNKNOWN_NO_WELLS_IN_DATASET,,UNKNOWN_NO_WELLS_IN_DATASET,,UNKNOWN_NO_WELLS_IN_DATASET,,UNKNOWN_NO_WELLS_IN_DATASET,,UNKNOWN_NO_WELLS_IN_DATASET,,UNKNOWN_NO_WELLS_IN_DATASET,,UNKNOWN_NO_WELLS_IN_DATASET,,UNKNOWN_NO_WELLS_IN_DATASET
PIH-500-0711,500,103.47978081491655,0,EPSG:5880,DESCRIPTIVE_NO_PIH_SCORE,,,,,,,,0,0.0,,,,0,0.0,,,,0,0.0,,,,5,NONE,114.19191400101774,117.45752381336908,119.51858228041509,114.19191400101774,117.45752381336908,119.51858228041509,114.19191400101774,117.45752381336908,119.51858228041509,114.19191400101774,117.45752381336908,119.51858228041509,114.19191400101774,117.45752381336908,119.51858228041509,114.19191400101774,117.45752381336908,119.51858228041509,114.19191400101774,117.58063249178193,119.69294692114755,114.19191400101774,117.58063249178193,119.69294692114755,117.28504749929702,120.4000313463096,122.44868410674025,114.36593611280007,117.48108620263446,119.51858228041509,114.19191400101774,117.58063249178193,119.69294692114755,114.19191400101774,117.45752381336908,119.51858228041509,0,0,0,0,0,0,0,0,0,0,0,UNKNOWN_NO_WELLS_IN_DATASET,,UNKNOWN_NO_WELLS_IN_DATASET,,UNKNOWN_NO_WELLS_IN_DATASET,,UNKNOWN_NO_WELLS_IN_DATASET,,UNKNOWN_NO_WELLS_IN_DATASET,,UNKNOWN_NO_WELLS_IN_DATASET,,UNKNOWN_NO_WELLS_IN_DATASET,,UNKNOWN_NO_WELLS_IN_DATASET,,UNKNOWN_NO_WELLS_IN_DATASET,,UNKNOWN_NO_WELLS_IN_DATASET,,UNKNOWN_NO_WELLS_IN_DATASET,,UNKNOWN_NO_WELLS_IN_DATASET
PIH-500-0712,500,500.8247745707123,0,EPSG:5880,DESCRIPTIVE_NO_PIH_SCORE,,,,,,,,0,0.0,,,,0,0.0,,,,0,0.0,,,,17,NONE,109.41872247449848,117.05413261651267,119.81395154706023,109.41872247449848,117.05413261651267,119.81395154706023,109.41872247449848,117.05413261651267,119.81395154706023,109.41872247449848,117.05413261651267,119.81395154706023,109.41872247449848,117.05413261651267,119.81395154706023,109.41872247449848,117.05413261651267,119.81395154706023,109.41872247449848,117.05413261651267,119.81395154706023,109.41872247449848,117.05413261651267,119.81395154706023,113.08224493291941,120.9689139158737,123.66468493981242,110.23337726149468,118.15639483608662,120.83905505888173,109.41872247449848,117.05413261651267,119.81395154706023,109.41872247449848,117.05413261651267,119.81395154706023,0,0,0,0,0,0,0,0,0,0,0,UNKNOWN_NO_WELLS_IN_DATASET,,UNKNOWN_NO_WELLS_IN_DATASET,,UNKNOWN_NO_WELLS_IN_DATASET,,UNKNOWN_NO_WELLS_IN_DATASET,,UNKNOWN_NO_WELLS_IN_DATASET,,UNKNOWN_NO_WELLS_IN_DATASET,,UNKNOWN_NO_WELLS_IN_DATASET,,UNKNOWN_NO_WELLS_IN_DATASET,,UNKNOWN_NO_WELLS_IN_DATASET,,UNKNOWN_NO_WELLS_IN_DATASET,,UNKNOWN_NO_WELLS_IN_DATASET,,UNKNOWN_NO_WELLS_IN_DATASET
PIH-500-0713,500,500.7198547217071,0,EPSG:5880,DESCRIPTIVE_NO_PIH_SCORE,,,,,,,,0,0.0,,,,0,0.0,,,,0,0.0,,,,20,NONE,113.22741331961404,121.97590927287443,124.91451617871421,113.22741331961404,121.97590927287443,124.91451617871421,113.22741331961404,121.97590927287443,124.91451617871421,113.22741331961404,121.97590927287443,124.91451617871421,113.22741331961404,121.97590927287443,124.91451617871421,113.22741331961404,121.97590927287443,124.91451617871421,113.22741331961404,121.97590927287443,124.91451617871421,113.22741331961404,121.97590927287443,124.91451617871421,118.20581219482295,127.03143689355602,129.777611177945,115.64077140196216,124.47241010423775,127.15920314600334,113.22741331961404,121.97590927287443,124.91451617871421,113.22741331961404,121.97590927287443,124.91451617871421,0,0,0,0,0,0,0,0,0,0,0,UNKNOWN_NO_WELLS_IN_DATASET,,UNKNOWN_NO_WELLS_IN_DATASET,,UNKNOWN_NO_WELLS_IN_DATASET,,UNKNOWN_NO_WELLS_IN_DATASET,,UNKNOWN_NO_WELLS_IN_DATASET,,UNKNOWN_NO_WELLS_IN_DATASET,,UNKNOWN_NO_WELLS_IN_DATASET,,UNKNOWN_NO_WELLS_IN_DATASET,,UNKNOWN_NO_WELLS_IN_DATASET,,UNKNOWN_NO_WELLS_IN_DATASET,,UNKNOWN_NO_WELLS_IN_DATASET,,UNKNOWN_NO_WELLS_IN_DATASET
PIH-500-0714,500,500.62207821239315,0,EPSG:5880,DESCRIPTIVE_NO_PIH_SCORE,,,,,,,,0,0.0,,,,0,0.0,,,,0,0.0,,,,21,NONE,123.63777722402544,132.29602807958756,134.5432633728022,123.63777722402544,132.29602807958756,134.5432633728022,123.63777722402544,132.29602807958756,134.5432633728022,123.63777722402544,132.29602807958756,134.5432633728022,123.63777722402544,132.29602807958756,134.5432633728022,123.63777722402544,132.29602807958756,134.5432633728022,123.63777722402544,132.29602807958756,134.5432633728022,123.63777722402544,132.29602807958756,134.5432633728022,128.9811701088589,137.77390033125477,140.14814456440257,126.63399581818939,135.3638486394688,137.79277434586197,123.63777722402544,132.29602807958756,134.5432633728022,123.63777722402544,132.29602807958756,134.5432633728022,0,0,0,0,0,0,0,0,0,0,0,UNKNOWN_NO_WELLS_IN_DATASET,,UNKNOWN_NO_WELLS_IN_DATASET,,UNKNOWN_NO_WELLS_IN_DATASET,,UNKNOWN_NO_WELLS_IN_DATASET,,UNKNOWN_NO_WELLS_IN_DATASET,,UNKNOWN_NO_WELLS_IN_DATASET,,UNKNOWN_NO_WELLS_IN_DATASET,,UNKNOWN_NO_WELLS_IN_DATASET,,UNKNOWN_NO_WELLS_IN_DATASET,,UNKNOWN_NO_WELLS_IN_DATASET,,UNKNOWN_NO_WELLS_IN_DATASET,,UNKNOWN_NO_WELLS_IN_DATASET
PIH-500-0715,500,500.53144335765614,0,EPSG:5880,DESCRIPTIVE_NO_PIH_SCORE,,,,,,,,0,0.0,,,,0,0.0,,,,0,0.0,,,,21,NONE,136.81088015386126,144.91546643638827,147.81793898524012,136.81088015386126,144.91546643638827,147.81793898524012,136.81088015386126,144.91546643638827,147.81793898524012,136.81088015386126,144.91546643638827,147.81793898524012,136.81088015386126,144.91546643638827,147.81793898524012,136.81088015386126,144.91546643638827,147.81793898524012,136.81088015386126,144.91546643638827,147.81793898524012,136.81088015386126,144.91546643638827,147.81793898524012,142.95249667089135,150.93350083489526,153.9180836894596,140.90264232470696,148.79770574740766,151.83620905150633,136.81088015386126,144.91546643638827,147.81793898524012,136.81088015386126,144.91546643638827,147.81793898524012,0,0,0,0,0,0,0,0,0,0,0,UNKNOWN_NO_WELLS_IN_DATASET,,UNKNOWN_NO_WELLS_IN_DATASET,,UNKNOWN_NO_WELLS_IN_DATASET,,UNKNOWN_NO_WELLS_IN_DATASET,,UNKNOWN_NO_WELLS_IN_DATASET,,UNKNOWN_NO_WELLS_IN_DATASET,,UNKNOWN_NO_WELLS_IN_DATASET,,UNKNOWN_NO_WELLS_IN_DATASET,,UNKNOWN_NO_WELLS_IN_DATASET,,UNKNOWN_NO_WELLS_IN_DATASET,,UNKNOWN_NO_WELLS_IN_DATASET,,UNKNOWN_NO_WELLS_IN_DATASET
PIH-500-0716,500,500.44794860706645,0,EPSG:5880,DESCRIPTIVE_NO_PIH_SCORE,,,,,,,,0,0.0,,,,0,0.0,,,,0,0.0,,,,20,NONE,153.23829110319258,160.36884998808844,162.75471689714837,153.23829110319258,160.36884998808844,162.75471689714837,153.23829110319258,160.36884998808844,163.80295902105195,153.23829110319258,160.36884998808844,162.75471689714837,153.23829110319258,160.36884998808844,162.75471689714837,153.23829110319258,160.36884998808844,162.75471689714837,153.23829110319258,160.36884998808844,163.80295902105195,153.23829110319258,160.36884998808844,163.80295902105195,159.69857789847813,166.83109928343868,170.3001840159499,157.87179085930723,164.97609362855863,168.57193102344334,153.23829110319258,160.36884998808844,163.80295902105195,153.23829110319258,160.36884998808844,162.75471689714837,0,0,0,0,0,0,0,0,0,0,0,UNKNOWN_NO_WELLS_IN_DATASET,,UNKNOWN_NO_WELLS_IN_DATASET,,UNKNOWN_NO_WELLS_IN_DATASET,,UNKNOWN_NO_WELLS_IN_DATASET,,UNKNOWN_NO_WELLS_IN_DATASET,,UNKNOWN_NO_WELLS_IN_DATASET,,UNKNOWN_NO_WELLS_IN_DATASET,,UNKNOWN_NO_WELLS_IN_DATASET,,UNKNOWN_NO_WELLS_IN_DATASET,,UNKNOWN_NO_WELLS_IN_DATASET,,UNKNOWN_NO_WELLS_IN_DATASET,,UNKNOWN_NO_WELLS_IN_DATASET
PIH-500-0717,500,500.3715925449886,0,EPSG:5880,DESCRIPTIVE_NO_PIH_SCORE,,,,,,,,0,0.0,,,,0,0.0,,,,0,0.0,,,,16,NONE,149.85662347658547,156.44206947890396,157.86883796038617,149.85662347658547,156.44206947890396,157.86883796038617,164.83827246879468,168.19565934949816,169.86756728945747,149.85662347658547,156.44206947890396,157.86883796038617,149.85662347658547,156.44206947890396,157.86883796038617,149.85662347658547,156.44206947890396,157.86883796038617,160.84036909371983,165.09298627849364,167.42478925601375,160.84036909371983,165.09298627849364,167.42478925601375,174.79994324729427,181.24738910030243,184.74162984519472,166.64830047509884,170.52032569999417,172.27876558767528,160.84036909371983,165.09298627849364,167.42478925601375,149.85662347658547,156.44206947890396,157.86883796038617,0,0,0,0,0,0,0,0,0,0,0,UNKNOWN_NO_WELLS_IN_DATASET,,UNKNOWN_NO_WELLS_IN_DATASET,,UNKNOWN_NO_WELLS_IN_DATASET,,UNKNOWN_NO_WELLS_IN_DATASET,,UNKNOWN_NO_WELLS_IN_DATASET,,UNKNOWN_NO_WELLS_IN_DATASET,,UNKNOWN_NO_WELLS_IN_DATASET,,UNKNOWN_NO_WELLS_IN_DATASET,,UNKNOWN_NO_WELLS_IN_DATASET,,UNKNOWN_NO_WELLS_IN_DATASET,,UNKNOWN_NO_WELLS_IN_DATASET,,UNKNOWN_NO_WELLS_IN_DATASET
PIH-500-0718,500,500.30237389067986,0,EPSG:5880,DESCRIPTIVE_NO_PIH_SCORE,,,,,,,,0,0.0,,,,0,0.0,,,,0,0.0,,,,21,NONE,127.50643192094415,136.29172150179943,138.40685859353093,127.50643192094415,136.29172150179943,138.40685859353093,146.63877620444526,155.49261838488007,157.48392071362036,127.50643192094415,136.29172150179943,138.40685859353093,127.50643192094415,136.29172150179943,138.40685859353093,127.50643192094415,136.29172150179943,138.40685859353093,138.99550325463838,147.6447916455952,149.93535812928826,138.99550325463838,147.6447916455952,149.93535812928826,163.4852894345354,171.6725841470212,174.52292570692896,146.63877620444526,155.49261838488007,157.48392071362036,138.99550325463838,147.6447916455952,149.93535812928826,127.50643192094415,136.29172150179943,138.40685859353093,0,0,0,0,0,0,0,0,0,0,0,UNKNOWN_NO_WELLS_IN_DATASET,,UNKNOWN_NO_WELLS_IN_DATASET,,UNKNOWN_NO_WELLS_IN_DATASET,,UNKNOWN_NO_WELLS_IN_DATASET,,UNKNOWN_NO_WELLS_IN_DATASET,,UNKNOWN_NO_WELLS_IN_DATASET,,UNKNOWN_NO_WELLS_IN_DATASET,,UNKNOWN_NO_WELLS_IN_DATASET,,UNKNOWN_NO_WELLS_IN_DATASET,,UNKNOWN_NO_WELLS_IN_DATASET,,UNKNOWN_NO_WELLS_IN_DATASET,,UNKNOWN_NO_WELLS_IN_DATASET
PIH-500-0719,500,500.24029149805176,0,EPSG:5880,DESCRIPTIVE_NO_PIH_SCORE,,,,,,,,0,0.0,,,,0,0.0,,,,0,0.0,,,,21,NONE,103.32110536898605,111.7711679431812,114.34080259989618,103.32110536898605,111.7711679431812,114.34080259989618,122.2932404083066,130.9397467643274,133.24372873107524,103.32110536898605,111.7711679431812,114.34080259989618,103.32110536898605,111.7711679431812,114.34080259989618,103.32110536898605,111.7711679431812,114.34080259989618,114.92227630337484,123.23296704133296,125.96821536838955,114.92227630337484,123.23296704133296,125.96821536838955,144.02204395834045,151.612616335714,154.83268673555523,122.2932404083066,130.9397467643274,133.24372873107524,114.92227630337484,123.23296704133296,125.96821536838955,103.32110536898605,111.7711679431812,114.34080259989618,0,0,0,0,0,0,0,0,0,0,0,UNKNOWN_NO_WELLS_IN_DATASET,,UNKNOWN_NO_WELLS_IN_DATASET,,UNKNOWN_NO_WELLS_IN_DATASET,,UNKNOWN_NO_WELLS_IN_DATASET,,UNKNOWN_NO_WELLS_IN_DATASET,,UNKNOWN_NO_WELLS_IN_DATASET,,UNKNOWN_NO_WELLS_IN_DATASET,,UNKNOWN_NO_WELLS_IN_DATASET,,UNKNOWN_NO_WELLS_IN_DATASET,,UNKNOWN_NO_WELLS_IN_DATASET,,UNKNOWN_NO_WELLS_IN_DATASET,,UNKNOWN_NO_WELLS_IN_DATASET
PIH-500-0720,500,500.1847312239643,0,EPSG:5880,DESCRIPTIVE_NO_PIH_SCORE,,,,,,,,0,0.0,,,,0,0.0,,,,0,0.0,,,,21,NONE,79.64051386152576,88.2619084160417,90.78094388497611,79.64051386152576,88.2619084160417,90.78094388497611,98.2768671274699,106.52663162577086,109.34622631342549,79.64051386152576,88.2619084160417,90.78094388497611,79.64051386152576,88.2619084160417,90.78094388497611,79.64051386152576,88.2619084160417,90.78094388497611,91.34828546003627,99.99330197881848,102.4957118558431,91.34828546003627,99.99330197881848,102.4957118558431,126.51979461879665,134.27884915191532,137.39660648165207,98.2768671274699,106.52663162577086,109.34622631342549,91.34828546003627,99.99330197881848,102.4957118558431,79.64051386152576,88.2619084160417,90.78094388497611,0,0,0,0,0,0,0,0,0,0,0,UNKNOWN_NO_WELLS_IN_DATASET,,UNKNOWN_NO_WELLS_IN_DATASET,,UNKNOWN_NO_WELLS_IN_DATASET,,UNKNOWN_NO_WELLS_IN_DATASET,,UNKNOWN_NO_WELLS_IN_DATASET,,UNKNOWN_NO_WELLS_IN_DATASET,,UNKNOWN_NO_WELLS_IN_DATASET,,UNKNOWN_NO_WELLS_IN_DATASET,,UNKNOWN_NO_WELLS_IN_DATASET,,UNKNOWN_NO_WELLS_IN_DATASET,,UNKNOWN_NO_WELLS_IN_DATASET,,UNKNOWN_NO_WELLS_IN_DATASET
PIH-500-0721,500,500.1375315875088,0,EPSG:5880,DESCRIPTIVE_NO_PIH_SCORE,,,,,,,,0,0.0,,,,0,0.0,,,,0,0.0,,,,21,NONE,57.40622613523094,65.90165269705405,68.25350105383559,57.40622613523094,65.90165269705405,68.25350105383559,74.90693275803564,82.46592756016986,85.29798319644638,57.40622613523094,65.90165269705405,68.25350105383559,57.40622613523094,65.90165269705405,68.25350105383559,57.40622613523094,65.90165269705405,68.25350105383559,69.08535207837325,77.63335015269983,79.95467850335625,69.08535207837325,77.63335015269983,79.95467850335625,111.90249199560672,120.60563259652166,123.05582780639973,74.90693275803564,82.46592756016986,85.29798319644638,68.78872670886791,76.23538167542281,79.95467850335625,57.40622613523094,65.90165269705405,68.25350105383559,0,0,0,0,0,0,0,0,0,0,0,UNKNOWN_NO_WELLS_IN_DATASET,,UNKNOWN_NO_WELLS_IN_DATASET,,UNKNOWN_NO_WELLS_IN_DATASET,,UNKNOWN_NO_WELLS_IN_DATASET,,UNKNOWN_NO_WELLS_IN_DATASET,,UNKNOWN_NO_WELLS_IN_DATASET,,UNKNOWN_NO_WELLS_IN_DATASET,,UNKNOWN_NO_WELLS_IN_DATASET,,UNKNOWN_NO_WELLS_IN_DATASET,,UNKNOWN_NO_WELLS_IN_DATASET,,UNKNOWN_NO_WELLS_IN_DATASET,,UNKNOWN_NO_WELLS_IN_DATASET
PIH-500-0722,500,500.09685245145204,0,EPSG:5880,DESCRIPTIVE_NO_PIH_SCORE,,,,,,,,0,0.0,,,,0,0.0,,,,0,0.0,,,,16,NONE,40.112325090974586,47.072227243659626,48.73279946975392,40.112325090974586,47.072227243659626,48.73279946975392,52.06826059156472,59.59708011158447,60.44663566766718,40.112325090974586,47.072227243659626,48.73279946975392,40.112325090974586,47.072227243659626,48.73279946975392,40.112325090974586,47.072227243659626,48.73279946975392,50.77612102867658,57.805330363310375,59.41489948080448,50.77612102867658,57.805330363310375,59.41489948080448,102.27348886865067,110.28970030503557,112.50620445807706,52.06826059156472,59.59708011158447,60.44663566766718,48.964681189692456,55.48429300131963,59.18897846039989,40.112325090974586,47.072227243659626,48.73279946975392,0,0,0,0,0,0,0,0,0,0,0,UNKNOWN_NO_WELLS_IN_DATASET,,UNKNOWN_NO_WELLS_IN_DATASET,,UNKNOWN_NO_WELLS_IN_DATASET,,UNKNOWN_NO_WELLS_IN_DATASET,,UNKNOWN_NO_WELLS_IN_DATASET,,UNKNOWN_NO_WELLS_IN_DATASET,,UNKNOWN_NO_WELLS_IN_DATASET,,UNKNOWN_NO_WELLS_IN_DATASET,,UNKNOWN_NO_WELLS_IN_DATASET,,UNKNOWN_NO_WELLS_IN_DATASET,,UNKNOWN_NO_WELLS_IN_DATASET,,UNKNOWN_NO_WELLS_IN_DATASET
PIH-500-0723,500,500.06330634079586,0,EPSG:5880,DESCRIPTIVE_NO_PIH_SCORE,,,,,,,,0,0.0,,,,0,0.0,,,,0,0.0,,,,20,NONE,25.843338918209916,35.00883251361394,36.875324355613415,25.843338918209916,35.00883251361394,36.875324355613415,30.429904535906953,40.002562732107926,40.69687487346477,25.843338918209916,35.00883251361394,36.875324355613415,25.843338918209916,35.00883251361394,36.875324355613415,25.843338918209916,35.07336369259048,36.875324355613415,37.66315165793643,45.62024068472196,48.304487417801056,37.66315165793643,45.62024068472196,48.304487417801056,97.32610587116125,106.46699196177889,107.56195177253949,30.429904535906953,40.002562732107926,40.69687487346477,30.044865945997785,38.37004425723044,40.03825295026878,30.04641543708141,39.08154660227934,40.10952818129692,0,0,0,0,0,0,0,0,0,0,0,UNKNOWN_NO_WELLS_IN_DATASET,,UNKNOWN_NO_WELLS_IN_DATASET,,UNKNOWN_NO_WELLS_IN_DATASET,,UNKNOWN_NO_WELLS_IN_DATASET,,UNKNOWN_NO_WELLS_IN_DATASET,,UNKNOWN_NO_WELLS_IN_DATASET,,UNKNOWN_NO_WELLS_IN_DATASET,,UNKNOWN_NO_WELLS_IN_DATASET,,UNKNOWN_NO_WELLS_IN_DATASET,,UNKNOWN_NO_WELLS_IN_DATASET,,UNKNOWN_NO_WELLS_IN_DATASET,,UNKNOWN_NO_WELLS_IN_DATASET
PIH-500-0724,500,500.03689278355,1,EPSG:5880,DESCRIPTIVE_NO_PIH_SCORE,14.181532277156586,14.181532277156586,5.1293559774463375,0.40657133201956014,,,,1,1.2499077748460101,0.0,,100.0,1,4.9996310993840405,0.0,,100.0,1,19.998524397536162,0.0,,100.0,21,NONE,9.246911975804112,15.202352629384368,16.860766608457993,9.246911975804112,15.202352629384368,16.860766608457993,9.246911975804112,15.202352629384368,16.860766608457993,9.246911975804112,15.202352629384368,16.860766608457993,9.246911975804112,15.202352629384368,16.860766608457993,9.246911975804112,15.202352629384368,16.860766608457993,18.774578101011237,27.455716809718993,29.80228046585067,18.774578101011237,27.455716809718993,29.80228046585067,97.02532510262967,106.46352780911616,107.65893584528963,9.246911975804112,15.202352629384368,16.860766608457993,9.246911975804112,15.202352629384368,16.860766608457993,17.507756035097547,26.43796766056057,28.583427208193836,1,1,1,1,1,0,0,0,1,1,0,WELLS_PRESENT,100.0,EVIDENCE_PRESENT,100.0,EVIDENCE_PRESENT,100.0,EVIDENCE_PRESENT,100.0,EVIDENCE_PRESENT,100.0,EVIDENCE_PRESENT,0.0,NO_EVIDENCE_IN_AUDITED_WELLS,0.0,NO_EVIDENCE_IN_AUDITED_WELLS,0.0,NO_EVIDENCE_IN_AUDITED_WELLS,100.0,EVIDENCE_PRESENT,100.0,EVIDENCE_PRESENT,0.0,NO_REVIEW_FLAG_IN_AUDITED_WELLS
PIH-500-0725,500,500.01761144241857,7,EPSG:5880,DESCRIPTIVE_NO_PIH_SCORE,0.08499431976705364,0.6183115042278402,7.924909902365536,0.6281691720744829,0.08499431976705364,0.6183115042278402,0.005515327705971668,3,3.7498679188341404,0.5714285714285714,0.8699155297736259,57.14285714285714,2,9.829540018971802,0.7142857142857143,0.5916727785823274,85.71428571428571,2,24.006908835138514,0.7142857142857143,0.5916727785823274,85.71428571428571,21,NONE,10.13824607224044,15.775037390052029,17.87698100507822,10.13824607224044,15.775037390052029,17.87698100507822,10.233423130508582,15.775037390052029,17.87698100507822,10.13824607224044,15.775037390052029,17.87698100507822,10.13824607224044,15.775037390052029,17.87698100507822,10.13824607224044,15.775037390052029,17.87698100507822,10.235141999922167,15.840147662694024,17.943086782543173,10.235141999922167,15.840147662694024,17.943086782543173,103.33839071572247,111.12781847047475,114.47862574203329,12.926435022981856,18.88390671502459,20.770204895124294,10.233423130508582,15.775037390052029,17.87698100507822,12.926435022981856,18.88390671502459,20.770204895124294,7,6,7,6,6,3,3,0,1,6,1,WELLS_PRESENT,100.0,EVIDENCE_PRESENT,85.7143,EVIDENCE_PRESENT,100.0,EVIDENCE_PRESENT,85.7143,EVIDENCE_PRESENT,85.7143,EVIDENCE_PRESENT,42.8571,EVIDENCE_PRESENT,42.8571,EVIDENCE_PRESENT,0.0,NO_EVIDENCE_IN_AUDITED_WELLS,14.2857,EVIDENCE_PRESENT,85.7143,EVIDENCE_PRESENT,14.2857,REVIEW_REQUIRED_PRESENT
PIH-500-0726,500,500.0054621150687,0,EPSG:5880,DESCRIPTIVE_NO_PIH_SCORE,,,,,,,,0,0.0,,,,0,0.0,,,,0,0.0,,,,20,NONE,25.594153501774134,31.236269031477796,33.440197533699035,25.594153501774134,31.236269031477796,33.440197533699035,25.594153501774134,31.236269031477796,33.440197533699035,25.594153501774134,31.236269031477796,33.440197533699035,25.594153501774134,31.236269031477796,33.440197533699035,25.594153501774134,31.236269031477796,33.440197533699035,30.570366617976823,40.18424206731938,41.288778273364485,30.570366617976823,40.18424206731938,41.288778273364485,95.14798218912031,102.64840887558421,105.61360405134958,27.699302767441324,32.90226307417342,36.4057214448351,26.412541411950798,32.207391093600776,36.28042620702324,27.550198184156198,33.010615520732884,36.43712287519761,0,0,0,0,0,0,0,0,0,0,0,UNKNOWN_NO_WELLS_IN_DATASET,,UNKNOWN_NO_WELLS_IN_DATASET,,UNKNOWN_NO_WELLS_IN_DATASET,,UNKNOWN_NO_WELLS_IN_DATASET,,UNKNOWN_NO_WELLS_IN_DATASET,,UNKNOWN_NO_WELLS_IN_DATASET,,UNKNOWN_NO_WELLS_IN_DATASET,,UNKNOWN_NO_WELLS_IN_DATASET,,UNKNOWN_NO_WELLS_IN_DATASET,,UNKNOWN_NO_WELLS_IN_DATASET,,UNKNOWN_NO_WELLS_IN_DATASET,,UNKNOWN_NO_WELLS_IN_DATASET
PIH-500-0727,500,500.0004447338463,1,EPSG:5880,DESCRIPTIVE_NO_PIH_SCORE,13.988115437275766,13.988115437275766,11.13653496526717,0.8827542679811301,,,,1,1.249998888166373,0.0,,100.0,1,4.999995552665492,0.0,,100.0,1,8.711726564399813,0.0,,100.0,16,NONE,12.374284307635971,18.784606065964553,20.041772944735236,12.374284307635971,18.784606065964553,20.041772944735236,12.374284307635971,18.784606065964553,20.041772944735236,12.374284307635971,18.784606065964553,20.041772944735236,12.374284307635971,18.784606065964553,20.041772944735236,12.374284307635971,18.784606065964553,20.041772944735236,45.055369424859435,51.13538258896527,52.239169555281514,45.055369424859435,51.13538258896527,52.239169555281514,81.44671340576387,88.8183680900794,90.79444193517513,17.776863446545715,25.505763580907377,27.398697658298104,21.911750000171494,29.44965500210626,31.458694000851565,17.847962749753208,25.59351650246797,27.48664913554561,1,1,1,1,1,0,0,0,0,0,0,WELLS_PRESENT,100.0,EVIDENCE_PRESENT,100.0,EVIDENCE_PRESENT,100.0,EVIDENCE_PRESENT,100.0,EVIDENCE_PRESENT,100.0,EVIDENCE_PRESENT,0.0,NO_EVIDENCE_IN_AUDITED_WELLS,0.0,NO_EVIDENCE_IN_AUDITED_WELLS,0.0,NO_EVIDENCE_IN_AUDITED_WELLS,0.0,NO_EVIDENCE_IN_AUDITED_WELLS,0.0,NO_EVIDENCE_IN_AUDITED_WELLS,0.0,NO_REVIEW_FLAG_IN_AUDITED_WELLS
PIH-500-0728,500,455.7893222615818,0,EPSG:5880,DESCRIPTIVE_NO_PIH_SCORE,,,,,,,,0,0.0,,,,0,0.0,,,,0,0.0,,,,19,NONE,16.55563649663356,23.002735932705694,25.130882306213998,16.55563649663356,23.002735932705694,25.130882306213998,16.55563649663356,23.002735932705694,25.130882306213998,16.55563649663356,23.002735932705694,25.130882306213998,16.55563649663356,23.002735932705694,25.130882306213998,16.55563649663356,23.002735932705694,25.130882306213998,33.34140199741929,41.23777341061847,43.1662594442802,33.34140199741929,41.23777341061847,43.1662594442802,71.51275667102877,79.91537406706601,82.55391297087982,25.92586976533971,33.85257655717919,34.72504664525987,28.727540258480275,35.22648488175135,38.016876941245556,27.046208493467816,34.23259178674318,37.72493761840101,0,0,0,0,0,0,0,0,0,0,0,UNKNOWN_NO_WELLS_IN_DATASET,,UNKNOWN_NO_WELLS_IN_DATASET,,UNKNOWN_NO_WELLS_IN_DATASET,,UNKNOWN_NO_WELLS_IN_DATASET,,UNKNOWN_NO_WELLS_IN_DATASET,,UNKNOWN_NO_WELLS_IN_DATASET,,UNKNOWN_NO_WELLS_IN_DATASET,,UNKNOWN_NO_WELLS_IN_DATASET,,UNKNOWN_NO_WELLS_IN_DATASET,,UNKNOWN_NO_WELLS_IN_DATASET,,UNKNOWN_NO_WELLS_IN_DATASET,,UNKNOWN_NO_WELLS_IN_DATASET
PIH-500-0729,500,380.48060200636905,0,EPSG:5880,DESCRIPTIVE_NO_PIH_SCORE,,,,,,,,0,0.0,,,,0,0.0,,,,0,0.0,,,,15,NONE,29.111931145934058,34.55337367713307,36.16404455822889,29.111931145934058,34.55337367713307,36.16404455822889,29.111931145934058,34.55337367713307,36.16404455822889,29.111931145934058,34.55337367713307,36.16404455822889,29.111931145934058,34.55337367713307,36.16404455822889,29.111931145934058,34.55337367713307,36.16404455822889,29.39754790351825,35.63766753678633,36.16404455822889,29.39754790351825,35.63766753678633,36.16404455822889,65.0365574113428,72.03989367744283,73.57274301609118,29.578576603689513,34.855078589621485,36.16404455822889,29.33225823745378,35.61756988771695,36.16404455822889,41.10400149966433,45.09636073746469,46.198339810780276,0,0,0,0,0,0,0,0,0,0,0,UNKNOWN_NO_WELLS_IN_DATASET,,UNKNOWN_NO_WELLS_IN_DATASET,,UNKNOWN_NO_WELLS_IN_DATASET,,UNKNOWN_NO_WELLS_IN_DATASET,,UNKNOWN_NO_WELLS_IN_DATASET,,UNKNOWN_NO_WELLS_IN_DATASET,,UNKNOWN_NO_WELLS_IN_DATASET,,UNKNOWN_NO_WELLS_IN_DATASET,,UNKNOWN_NO_WELLS_IN_DATASET,,UNKNOWN_NO_WELLS_IN_DATASET,,UNKNOWN_NO_WELLS_IN_DATASET,,UNKNOWN_NO_WELLS_IN_DATASET
PIH-500-0730,500,383.4361976839646,0,EPSG:5880,DESCRIPTIVE_NO_PIH_SCORE,,,,,,,,0,0.0,,,,0,0.0,,,,0,0.0,,,,18,NONE,20.760124946036825,28.874920312905328,32.105330711984415,20.760124946036825,28.874920312905328,32.105330711984415,20.760124946036825,28.874920312905328,32.105330711984415,20.760124946036825,28.874920312905328,32.105330711984415,20.760124946036825,28.874920312905328,32.105330711984415,20.760124946036825,28.874920312905328,32.105330711984415,42.9023625090195,50.04532863653305,52.2437895339168,42.9023625090195,50.04532863653305,52.2437895339168,73.50207248407798,79.61470961546198,83.18496267398072,20.760124946036825,28.874920312905328,32.105330711984415,42.9023625090195,50.04532863653305,52.2437895339168,20.760124946036825,28.874920312905328,32.105330711984415,0,0,0,0,0,0,0,0,0,0,0,UNKNOWN_NO_WELLS_IN_DATASET,,UNKNOWN_NO_WELLS_IN_DATASET,,UNKNOWN_NO_WELLS_IN_DATASET,,UNKNOWN_NO_WELLS_IN_DATASET,,UNKNOWN_NO_WELLS_IN_DATASET,,UNKNOWN_NO_WELLS_IN_DATASET,,UNKNOWN_NO_WELLS_IN_DATASET,,UNKNOWN_NO_WELLS_IN_DATASET,,UNKNOWN_NO_WELLS_IN_DATASET,,UNKNOWN_NO_WELLS_IN_DATASET,,UNKNOWN_NO_WELLS_IN_DATASET,,UNKNOWN_NO_WELLS_IN_DATASET
PIH-500-0731,500,178.54867964687355,0,EPSG:5880,DESCRIPTIVE_NO_PIH_SCORE,,,,,,,,0,0.0,,,,0,0.0,,,,0,0.0,,,,6,NONE,9.02863635435035,12.362119395036437,13.265972443504399,9.02863635435035,12.362119395036437,13.265972443504399,9.02863635435035,12.362119395036437,13.265972443504399,9.02863635435035,12.362119395036437,13.265972443504399,9.02863635435035,12.362119395036437,13.265972443504399,9.02863635435035,12.362119395036437,13.265972443504399,42.639004120647954,45.24439789573867,45.27273179889905,42.639004120647954,45.24439789573867,45.27273179889905,80.74892776721876,85.65176975620983,87.14625740942661,9.02863635435035,12.362119395036437,13.265972443504399,42.639004120647954,45.24439789573867,45.27273179889905,9.02863635435035,12.362119395036437,13.265972443504399,0,0,0,0,0,0,0,0,0,0,0,UNKNOWN_NO_WELLS_IN_DATASET,,UNKNOWN_NO_WELLS_IN_DATASET,,UNKNOWN_NO_WELLS_IN_DATASET,,UNKNOWN_NO_WELLS_IN_DATASET,,UNKNOWN_NO_WELLS_IN_DATASET,,UNKNOWN_NO_WELLS_IN_DATASET,,UNKNOWN_NO_WELLS_IN_DATASET,,UNKNOWN_NO_WELLS_IN_DATASET,,UNKNOWN_NO_WELLS_IN_DATASET,,UNKNOWN_NO_WELLS_IN_DATASET,,UNKNOWN_NO_WELLS_IN_DATASET,,UNKNOWN_NO_WELLS_IN_DATASET
PIH-500-0732,500,43.10009310657153,0,EPSG:5880,DESCRIPTIVE_NO_PIH_SCORE,,,,,,,,0,0.0,,,,0,0.0,,,,0,0.0,,,,1,NONE,129.83996683797926,129.83996683797926,129.83996683797926,129.83996683797926,129.83996683797926,129.83996683797926,129.83996683797926,129.83996683797926,129.83996683797926,129.83996683797926,129.83996683797926,129.83996683797926,129.83996683797926,129.83996683797926,129.83996683797926,129.83996683797926,129.83996683797926,129.83996683797926,130.10662041016266,130.10662041016266,130.10662041016266,130.10662041016266,130.10662041016266,130.10662041016266,132.77549019661058,132.77549019661058,132.77549019661058,129.83996683797926,129.83996683797926,129.83996683797926,130.10662041016266,130.10662041016266,130.10662041016266,129.83996683797926,129.83996683797926,129.83996683797926,0,0,0,0,0,0,0,0,0,0,0,UNKNOWN_NO_WELLS_IN_DATASET,,UNKNOWN_NO_WELLS_IN_DATASET,,UNKNOWN_NO_WELLS_IN_DATASET,,UNKNOWN_NO_WELLS_IN_DATASET,,UNKNOWN_NO_WELLS_IN_DATASET,,UNKNOWN_NO_WELLS_IN_DATASET,,UNKNOWN_NO_WELLS_IN_DATASET,,UNKNOWN_NO_WELLS_IN_DATASET,,UNKNOWN_NO_WELLS_IN_DATASET,,UNKNOWN_NO_WELLS_IN_DATASET,,UNKNOWN_NO_WELLS_IN_DATASET,,UNKNOWN_NO_WELLS_IN_DATASET
PIH-500-0733,500,302.29501354578747,0,EPSG:5880,DESCRIPTIVE_NO_PIH_SCORE,,,,,,,,0,0.0,,,,0,0.0,,,,0,0.0,,,,13,NONE,124.38798195144899,133.39332720636074,134.50091242341847,124.38798195144899,133.39332720636074,134.50091242341847,124.38798195144899,133.39332720636074,134.50091242341847,124.38798195144899,133.39332720636074,134.50091242341847,124.38798195144899,133.39332720636074,134.50091242341847,124.38798195144899,133.39332720636074,134.50091242341847,124.39219442492936,133.43362320510755,134.65594476111028,124.39219442492936,133.43362320510755,134.65594476111028,127.55781967980171,136.31401637452367,137.4297576736074,124.67447313482468,133.39332720636074,134.50091242341847,124.39219442492936,133.43362320510755,134.65594476111028,124.38798195144899,133.39332720636074,134.50091242341847,0,0,0,0,0,0,0,0,0,0,0,UNKNOWN_NO_WELLS_IN_DATASET,,UNKNOWN_NO_WELLS_IN_DATASET,,UNKNOWN_NO_WELLS_IN_DATASET,,UNKNOWN_NO_WELLS_IN_DATASET,,UNKNOWN_NO_WELLS_IN_DATASET,,UNKNOWN_NO_WELLS_IN_DATASET,,UNKNOWN_NO_WELLS_IN_DATASET,,UNKNOWN_NO_WELLS_IN_DATASET,,UNKNOWN_NO_WELLS_IN_DATASET,,UNKNOWN_NO_WELLS_IN_DATASET,,UNKNOWN_NO_WELLS_IN_DATASET,,UNKNOWN_NO_WELLS_IN_DATASET
PIH-500-0734,500,295.61476791154416,0,EPSG:5880,DESCRIPTIVE_NO_PIH_SCORE,,,,,,,,0,0.0,,,,0,0.0,,,,0,0.0,,,,13,NONE,127.16513967053535,132.95535645191526,138.03586093764454,127.16513967053535,132.95535645191526,138.03586093764454,127.16513967053535,132.95535645191526,138.03586093764454,127.16513967053535,132.95535645191526,138.03586093764454,127.16513967053535,132.95535645191526,138.03586093764454,127.16513967053535,132.95535645191526,138.03586093764454,127.16513967053535,132.95535645191526,138.03586093764454,127.16513967053535,132.95535645191526,138.03586093764454,131.6065022073591,137.49775416134372,142.5679894136475,128.8840950957457,134.7968857035428,139.86346818843603,127.16513967053535,132.95535645191526,138.03586093764454,127.16513967053535,132.95535645191526,138.03586093764454,0,0,0,0,0,0,0,0,0,0,0,UNKNOWN_NO_WELLS_IN_DATASET,,UNKNOWN_NO_WELLS_IN_DATASET,,UNKNOWN_NO_WELLS_IN_DATASET,,UNKNOWN_NO_WELLS_IN_DATASET,,UNKNOWN_NO_WELLS_IN_DATASET,,UNKNOWN_NO_WELLS_IN_DATASET,,UNKNOWN_NO_WELLS_IN_DATASET,,UNKNOWN_NO_WELLS_IN_DATASET,,UNKNOWN_NO_WELLS_IN_DATASET,,UNKNOWN_NO_WELLS_IN_DATASET,,UNKNOWN_NO_WELLS_IN_DATASET,,UNKNOWN_NO_WELLS_IN_DATASET
PIH-500-0735,500,458.6744673131307,0,EPSG:5880,DESCRIPTIVE_NO_PIH_SCORE,,,,,,,,0,0.0,,,,0,0.0,,,,0,0.0,,,,19,NONE,137.6089138933246,146.16918913645287,148.7250461094916,137.6089138933246,146.16918913645287,148.7250461094916,137.6089138933246,146.16918913645287,148.7250461094916,137.6089138933246,146.16918913645287,148.7250461094916,137.6089138933246,146.16918913645287,148.7250461094916,137.6089138933246,146.16918913645287,148.7250461094916,137.6089138933246,146.16918913645287,148.7250461094916,137.6089138933246,146.16918913645287,148.7250461094916,142.67951274659697,151.39492657963982,153.8271872583017,140.12001945908943,148.8873357683275,151.27557508819473,137.6089138933246,146.16918913645287,148.7250461094916,137.6089138933246,146.16918913645287,148.7250461094916,0,0,0,0,0,0,0,0,0,0,0,UNKNOWN_NO_WELLS_IN_DATASET,,UNKNOWN_NO_WELLS_IN_DATASET,,UNKNOWN_NO_WELLS_IN_DATASET,,UNKNOWN_NO_WELLS_IN_DATASET,,UNKNOWN_NO_WELLS_IN_DATASET,,UNKNOWN_NO_WELLS_IN_DATASET,,UNKNOWN_NO_WELLS_IN_DATASET,,UNKNOWN_NO_WELLS_IN_DATASET,,UNKNOWN_NO_WELLS_IN_DATASET,,UNKNOWN_NO_WELLS_IN_DATASET,,UNKNOWN_NO_WELLS_IN_DATASET,,UNKNOWN_NO_WELLS_IN_DATASET
PIH-500-0736,500,500.57606135559763,0,EPSG:5880,DESCRIPTIVE_NO_PIH_SCORE,,,,,,,,0,0.0,,,,0,0.0,,,,0,0.0,,,,17,NONE,147.9925773307766,154.76155753334257,156.90042075706225,147.9925773307766,154.76155753334257,156.90042075706225,147.9925773307766,154.76155753334257,156.90042075706225,147.9925773307766,154.76155753334257,156.90042075706225,147.9925773307766,154.76155753334257,156.90042075706225,147.9925773307766,154.76155753334257,156.90042075706225,147.9925773307766,154.76155753334257,156.90042075706225,147.9925773307766,154.76155753334257,156.90042075706225,153.41043145626986,160.3467548643669,162.48760810976714,150.97235705367183,157.98091012611934,160.11935608172587,147.9925773307766,154.76155753334257,156.90042075706225,147.9925773307766,154.76155753334257,156.90042075706225,0,0,0,0,0,0,0,0,0,0,0,UNKNOWN_NO_WELLS_IN_DATASET,,UNKNOWN_NO_WELLS_IN_DATASET,,UNKNOWN_NO_WELLS_IN_DATASET,,UNKNOWN_NO_WELLS_IN_DATASET,,UNKNOWN_NO_WELLS_IN_DATASET,,UNKNOWN_NO_WELLS_IN_DATASET,,UNKNOWN_NO_WELLS_IN_DATASET,,UNKNOWN_NO_WELLS_IN_DATASET,,UNKNOWN_NO_WELLS_IN_DATASET,,UNKNOWN_NO_WELLS_IN_DATASET,,UNKNOWN_NO_WELLS_IN_DATASET,,UNKNOWN_NO_WELLS_IN_DATASET
PIH-500-0737,500,500.48898342523125,0,EPSG:5880,DESCRIPTIVE_NO_PIH_SCORE,,,,,,,,0,0.0,,,,0,0.0,,,,0,0.0,,,,20,NONE,159.50277621213684,167.2553146510362,169.89995703526273,159.50277621213684,167.2553146510362,169.89995703526273,159.50277621213684,167.2553146510362,169.89995703526273,159.50277621213684,167.2553146510362,169.89995703526273,159.50277621213684,167.2553146510362,169.89995703526273,159.50277621213684,167.2553146510362,169.89995703526273,159.50277621213684,167.2553146510362,169.89995703526273,159.50277621213684,167.2553146510362,169.89995703526273,165.4984660447385,173.22962270583972,175.9303750096159,163.34681148394714,171.0630583965406,173.79756588982946,159.50277621213684,167.2553146510362,169.89995703526273,159.50277621213684,167.2553146510362,169.89995703526273,0,0,0,0,0,0,0,0,0,0,0,UNKNOWN_NO_WELLS_IN_DATASET,,UNKNOWN_NO_WELLS_IN_DATASET,,UNKNOWN_NO_WELLS_IN_DATASET,,UNKNOWN_NO_WELLS_IN_DATASET,,UNKNOWN_NO_WELLS_IN_DATASET,,UNKNOWN_NO_WELLS_IN_DATASET,,UNKNOWN_NO_WELLS_IN_DATASET,,UNKNOWN_NO_WELLS_IN_DATASET,,UNKNOWN_NO_WELLS_IN_DATASET,,UNKNOWN_NO_WELLS_IN_DATASET,,UNKNOWN_NO_WELLS_IN_DATASET,,UNKNOWN_NO_WELLS_IN_DATASET
PIH-500-0738,500,500.40904452857023,0,EPSG:5880,DESCRIPTIVE_NO_PIH_SCORE,,,,,,,,0,0.0,,,,0,0.0,,,,0,0.0,,,,21,NONE,165.07614269929104,171.8972338501106,174.4511067178801,165.07614269929104,171.8972338501106,174.4511067178801,170.87333846864908,175.06658641410644,178.92721263320652,165.07614269929104,171.8972338501106,174.4511067178801,165.07614269929104,171.8972338501106,174.4511067178801,165.07614269929104,171.8972338501106,174.4511067178801,171.26491741359908,178.11200581779664,178.92721263320652,171.26491741359908,178.11200581779664,178.92721263320652,180.95693059570993,188.39032910544194,191.70490581311392,172.29496436248616,176.22526185546852,179.68279618221786,171.26491741359908,178.11200581779664,178.92721263320652,165.07614269929104,171.8972338501106,174.4511067178801,0,0,0,0,0,0,0,0,0,0,0,UNKNOWN_NO_WELLS_IN_DATASET,,UNKNOWN_NO_WELLS_IN_DATASET,,UNKNOWN_NO_WELLS_IN_DATASET,,UNKNOWN_NO_WELLS_IN_DATASET,,UNKNOWN_NO_WELLS_IN_DATASET,,UNKNOWN_NO_WELLS_IN_DATASET,,UNKNOWN_NO_WELLS_IN_DATASET,,UNKNOWN_NO_WELLS_IN_DATASET,,UNKNOWN_NO_WELLS_IN_DATASET,,UNKNOWN_NO_WELLS_IN_DATASET,,UNKNOWN_NO_WELLS_IN_DATASET,,UNKNOWN_NO_WELLS_IN_DATASET
PIH-500-0739,500,500.33624332534265,0,EPSG:5880,DESCRIPTIVE_NO_PIH_SCORE,,,,,,,,0,0.0,,,,0,0.0,,,,0,0.0,,,,20,NONE,143.68379870343637,151.2745501111011,153.95312456704923,143.68379870343637,151.2745501111011,153.95312456704923,152.24843016641185,160.67959682785406,162.53470618579308,143.68379870343637,151.2745501111011,153.95312456704923,143.68379870343637,151.2745501111011,153.95312456704923,143.68379870343637,151.2745501111011,153.95312456704923,153.74460668453094,162.50736381342222,163.99945580078915,153.74460668453094,162.50736381342222,163.99945580078915,184.04760715935845,191.71527643726847,194.5491960453427,152.24843016641185,160.67959682785406,162.53470618579308,153.44155180998962,162.46796452222733,163.778563889075,143.68379870343637,151.2745501111011,153.95312456704923,0,0,0,0,0,0,0,0,0,0,0,UNKNOWN_NO_WELLS_IN_DATASET,,UNKNOWN_NO_WELLS_IN_DATASET,,UNKNOWN_NO_WELLS_IN_DATASET,,UNKNOWN_NO_WELLS_IN_DATASET,,UNKNOWN_NO_WELLS_IN_DATASET,,UNKNOWN_NO_WELLS_IN_DATASET,,UNKNOWN_NO_WELLS_IN_DATASET,,UNKNOWN_NO_WELLS_IN_DATASET,,UNKNOWN_NO_WELLS_IN_DATASET,,UNKNOWN_NO_WELLS_IN_DATASET,,UNKNOWN_NO_WELLS_IN_DATASET,,UNKNOWN_NO_WELLS_IN_DATASET
PIH-500-0740,500,500.27057860954864,0,EPSG:5880,DESCRIPTIVE_NO_PIH_SCORE,,,,,,,,0,0.0,,,,0,0.0,,,,0,0.0,,,,20,NONE,120.18795922017213,128.55524198221076,130.8393105966863,120.18795922017213,128.55524198221076,130.8393105966863,128.00154581721213,136.09865670157956,138.2840216383708,120.18795922017213,128.55524198221076,130.8393105966863,120.18795922017213,128.55524198221076,130.8393105966863,120.18795922017213,128.55524198221076,130.8393105966863,129.51997107254948,138.7937271138129,140.47630520587234,129.51997107254948,138.7937271138129,140.47630520587234,165.17713603643796,172.60981327904574,175.6823809217462,128.00154581721213,136.09865670157956,138.2840216383708,128.7148557920204,138.56973783419434,138.83848152581587,120.18795922017213,128.55524198221076,130.8393105966863,0,0,0,0,0,0,0,0,0,0,0,UNKNOWN_NO_WELLS_IN_DATASET,,UNKNOWN_NO_WELLS_IN_DATASET,,UNKNOWN_NO_WELLS_IN_DATASET,,UNKNOWN_NO_WELLS_IN_DATASET,,UNKNOWN_NO_WELLS_IN_DATASET,,UNKNOWN_NO_WELLS_IN_DATASET,,UNKNOWN_NO_WELLS_IN_DATASET,,UNKNOWN_NO_WELLS_IN_DATASET,,UNKNOWN_NO_WELLS_IN_DATASET,,UNKNOWN_NO_WELLS_IN_DATASET,,UNKNOWN_NO_WELLS_IN_DATASET,,UNKNOWN_NO_WELLS_IN_DATASET
PIH-500-0741,500,500.2120493091017,0,EPSG:5880,DESCRIPTIVE_NO_PIH_SCORE,,,,,,,,0,0.0,,,,0,0.0,,,,0,0.0,,,,18,NONE,99.72912845376928,106.88412724159183,110.49768791917099,99.72912845376928,106.88412724159183,110.49768791917099,105.52085501787148,111.96151704616705,114.35650644393046,99.72912845376928,106.88412724159183,110.49768791917099,99.72912845376928,106.88412724159183,110.49768791917099,99.72912845376928,106.88412724159183,110.49768791917099,107.86824441384752,115.20424191120831,116.28921773470232,107.86824441384752,115.20424191120831,116.28921773470232,151.24643017128267,158.74827847079146,162.37605642571828,105.52085501787148,111.96151704616705,114.35650644393046,106.5188070580109,113.6805545769136,114.49090311875396,99.72912845376928,107.42447565887902,111.13864498354162,0,0,0,0,0,0,0,0,0,0,0,UNKNOWN_NO_WELLS_IN_DATASET,,UNKNOWN_NO_WELLS_IN_DATASET,,UNKNOWN_NO_WELLS_IN_DATASET,,UNKNOWN_NO_WELLS_IN_DATASET,,UNKNOWN_NO_WELLS_IN_DATASET,,UNKNOWN_NO_WELLS_IN_DATASET,,UNKNOWN_NO_WELLS_IN_DATASET,,UNKNOWN_NO_WELLS_IN_DATASET,,UNKNOWN_NO_WELLS_IN_DATASET,,UNKNOWN_NO_WELLS_IN_DATASET,,UNKNOWN_NO_WELLS_IN_DATASET,,UNKNOWN_NO_WELLS_IN_DATASET
PIH-500-0742,500,500.161267617591,0,EPSG:5880,DESCRIPTIVE_NO_PIH_SCORE,,,,,,,,0,0.0,,,,0,0.0,,,,0,0.0,,,,20,NONE,79.38425181088914,87.62874425928172,91.76150793029669,79.38425181088914,87.62874425928172,91.76150793029669,83.41474878003847,92.42088394945368,94.71183488460723,79.38425181088914,87.62874425928172,91.76150793029669,79.38425181088914,87.62874425928172,91.76150793029669,79.38425181088914,87.62874425928172,91.76150793029669,86.46791346605949,95.84506327994367,97.93850076664614,86.46791346605949,95.84506327994367,97.93850076664614,137.52602032410255,145.48024311733334,147.9219151607103,83.41474878003847,92.42088394945368,94.71183488460723,83.85912376530456,93.64601065045608,94.71183488460723,81.37402701839366,89.11083992951752,91.76150793029669,0,0,0,0,0,0,0,0,0,0,0,UNKNOWN_NO_WELLS_IN_DATASET,,UNKNOWN_NO_WELLS_IN_DATASET,,UNKNOWN_NO_WELLS_IN_DATASET,,UNKNOWN_NO_WELLS_IN_DATASET,,UNKNOWN_NO_WELLS_IN_DATASET,,UNKNOWN_NO_WELLS_IN_DATASET,,UNKNOWN_NO_WELLS_IN_DATASET,,UNKNOWN_NO_WELLS_IN_DATASET,,UNKNOWN_NO_WELLS_IN_DATASET,,UNKNOWN_NO_WELLS_IN_DATASET,,UNKNOWN_NO_WELLS_IN_DATASET,,UNKNOWN_NO_WELLS_IN_DATASET
PIH-500-0743,500,500.1163933356707,0,EPSG:5880,DESCRIPTIVE_NO_PIH_SCORE,,,,,,,,0,0.0,,,,0,0.0,,,,0,0.0,,,,20,NONE,58.11789770376145,66.26959830104578,69.23655572245426,58.11789770376145,66.26959830104578,69.23655572245426,59.033902629071974,68.71875707657952,70.16436153800306,58.11789770376145,66.26959830104578,69.23655572245426,58.11789770376145,66.26959830104578,69.23655572245426,58.32126877258007,66.27214007951125,69.44078335674111,64.51949151884378,72.31576186708416,76.4370646501545,64.51949151884378,72.31576186708416,76.4370646501545,126.07989904373687,134.07189331894662,136.5496329883633,59.033902629071974,68.71875707657952,70.16436153800306,59.033902629071974,68.71875707657952,70.16436153800306,63.34913821625213,71.07255396861211,73.73275849780215,0,0,0,0,0,0,0,0,0,0,0,UNKNOWN_NO_WELLS_IN_DATASET,,UNKNOWN_NO_WELLS_IN_DATASET,,UNKNOWN_NO_WELLS_IN_DATASET,,UNKNOWN_NO_WELLS_IN_DATASET,,UNKNOWN_NO_WELLS_IN_DATASET,,UNKNOWN_NO_WELLS_IN_DATASET,,UNKNOWN_NO_WELLS_IN_DATASET,,UNKNOWN_NO_WELLS_IN_DATASET,,UNKNOWN_NO_WELLS_IN_DATASET,,UNKNOWN_NO_WELLS_IN_DATASET,,UNKNOWN_NO_WELLS_IN_DATASET,,UNKNOWN_NO_WELLS_IN_DATASET
PIH-500-0744,500,500.07926518861245,0,EPSG:5880,DESCRIPTIVE_NO_PIH_SCORE,,,,,,,,0,0.0,,,,0,0.0,,,,0,0.0,,,,20,NONE,35.93532892982452,43.874034952867724,46.10578697801504,35.93532892982452,43.874034952867724,46.10578697801504,35.93532892982452,43.874034952867724,46.10578697801504,35.93532892982452,43.874034952867724,46.10578697801504,35.93532892982452,43.874034952867724,46.10578697801504,40.13021648677765,46.911543707624986,50.2381373933569,45.51661259457623,52.80579263752795,55.96619237885945,45.51661259457623,52.80579263752795,55.96619237885945,118.79975323927346,127.42183310012227,129.07637875963619,35.93532892982452,43.874034952867724,46.10578697801504,35.93532892982452,43.874034952867724,46.10578697801504,51.23965356659022,59.35430030176637,62.07962877751421,0,0,0,0,0,0,0,0,0,0,0,UNKNOWN_NO_WELLS_IN_DATASET,,UNKNOWN_NO_WELLS_IN_DATASET,,UNKNOWN_NO_WELLS_IN_DATASET,,UNKNOWN_NO_WELLS_IN_DATASET,,UNKNOWN_NO_WELLS_IN_DATASET,,UNKNOWN_NO_WELLS_IN_DATASET,,UNKNOWN_NO_WELLS_IN_DATASET,,UNKNOWN_NO_WELLS_IN_DATASET,,UNKNOWN_NO_WELLS_IN_DATASET,,UNKNOWN_NO_WELLS_IN_DATASET,,UNKNOWN_NO_WELLS_IN_DATASET,,UNKNOWN_NO_WELLS_IN_DATASET
PIH-500-0745,500,500.0492695085136,0,EPSG:5880,DESCRIPTIVE_NO_PIH_SCORE,,,,,,,,0,0.0,,,,0,0.0,,,,0,0.0,,,,20,NONE,13.977588077259131,21.19237333270827,24.050978268848013,13.977588077259131,21.19237333270827,24.050978268848013,13.977588077259131,21.19237333270827,24.050978268848013,13.977588077259131,21.19237333270827,24.050978268848013,13.977588077259131,21.19237333270827,24.050978268848013,21.456033486919694,27.45109664581237,30.285242187867727,31.238405139552818,36.602887534102095,40.88770629960932,31.238405139552818,36.602887534102095,40.88770629960932,116.41975991383762,126.19793584394887,126.41829199891578,13.977588077259131,21.19237333270827,24.050978268848013,13.977588077259131,21.19237333270827,24.050978268848013,37.300834184114564,44.74452212133211,47.45420462128534,0,0,0,0,0,0,0,0,0,0,0,UNKNOWN_NO_WELLS_IN_DATASET,,UNKNOWN_NO_WELLS_IN_DATASET,,UNKNOWN_NO_WELLS_IN_DATASET,,UNKNOWN_NO_WELLS_IN_DATASET,,UNKNOWN_NO_WELLS_IN_DATASET,,UNKNOWN_NO_WELLS_IN_DATASET,,UNKNOWN_NO_WELLS_IN_DATASET,,UNKNOWN_NO_WELLS_IN_DATASET,,UNKNOWN_NO_WELLS_IN_DATASET,,UNKNOWN_NO_WELLS_IN_DATASET,,UNKNOWN_NO_WELLS_IN_DATASET,,UNKNOWN_NO_WELLS_IN_DATASET
PIH-500-0746,500,500.0264058933311,0,EPSG:5880,DESCRIPTIVE_NO_PIH_SCORE,,,,,,,,0,0.0,,,,0,0.0,,,,0,0.0,,,,18,NONE,14.379967670805012,21.759480194788978,22.848974073934098,14.379967670805012,21.759480194788978,22.848974073934098,14.379967670805012,21.759480194788978,22.848974073934098,14.379967670805012,21.759480194788978,22.848974073934098,14.379967670805012,21.759480194788978,22.848974073934098,19.64140200836723,25.289312890492685,28.524168562738396,24.885443702121343,29.693596180477222,30.76821492080576,24.885443702121343,29.693596180477222,30.76821492080576,120.08769363090079,128.51545379723134,130.37060188695713,14.379967670805012,21.759480194788978,22.848974073934098,14.379967670805012,21.759480194788978,22.848974073934098,26.752535643086343,35.27874338656075,36.911688355556116,0,0,0,0,0,0,0,0,0,0,0,UNKNOWN_NO_WELLS_IN_DATASET,,UNKNOWN_NO_WELLS_IN_DATASET,,UNKNOWN_NO_WELLS_IN_DATASET,,UNKNOWN_NO_WELLS_IN_DATASET,,UNKNOWN_NO_WELLS_IN_DATASET,,UNKNOWN_NO_WELLS_IN_DATASET,,UNKNOWN_NO_WELLS_IN_DATASET,,UNKNOWN_NO_WELLS_IN_DATASET,,UNKNOWN_NO_WELLS_IN_DATASET,,UNKNOWN_NO_WELLS_IN_DATASET,,UNKNOWN_NO_WELLS_IN_DATASET,,UNKNOWN_NO_WELLS_IN_DATASET
PIH-500-0747,500,500.0106740751436,0,EPSG:5880,DESCRIPTIVE_NO_PIH_SCORE,,,,,,,,0,0.0,,,,0,0.0,,,,0,0.0,,,,21,NONE,31.249796670858213,38.78756898812397,41.50169631659358,31.249796670858213,38.78756898812397,41.50169631659358,31.249796670858213,38.78756898812397,41.50169631659358,31.249796670858213,38.78756898812397,41.50169631659358,31.249796670858213,38.78756898812397,41.50169631659358,31.249796670858213,38.78756898812397,41.50169631659358,31.298065993306004,38.84912153104682,42.781986034357615,31.298065993306004,38.84912153104682,42.781986034357615,119.7389998108726,126.9358115098579,130.531614009105,31.55709961578101,41.169260554718434,41.55638243748997,31.249796670858213,38.78756898812397,42.72247831302468,32.763470224461656,41.169260554718434,44.94115589508118,0,0,0,0,0,0,0,0,0,0,0,UNKNOWN_NO_WELLS_IN_DATASET,,UNKNOWN_NO_WELLS_IN_DATASET,,UNKNOWN_NO_WELLS_IN_DATASET,,UNKNOWN_NO_WELLS_IN_DATASET,,UNKNOWN_NO_WELLS_IN_DATASET,,UNKNOWN_NO_WELLS_IN_DATASET,,UNKNOWN_NO_WELLS_IN_DATASET,,UNKNOWN_NO_WELLS_IN_DATASET,,UNKNOWN_NO_WELLS_IN_DATASET,,UNKNOWN_NO_WELLS_IN_DATASET,,UNKNOWN_NO_WELLS_IN_DATASET,,UNKNOWN_NO_WELLS_IN_DATASET
PIH-500-0748,500,500.0020739198886,0,EPSG:5880,DESCRIPTIVE_NO_PIH_SCORE,,,,,,,,0,0.0,,,,0,0.0,,,,0,0.0,,,,20,NONE,30.525549656189447,37.33704145924445,40.299195757692246,30.525549656189447,37.33704145924445,40.299195757692246,30.525549656189447,37.33704145924445,40.299195757692246,30.525549656189447,37.33704145924445,40.299195757692246,30.525549656189447,37.33704145924445,40.299195757692246,30.525549656189447,37.33704145924445,40.299195757692246,48.34365242521776,55.96853732994434,58.241420756667885,48.34365242521776,55.96853732994434,58.241420756667885,105.37314216700437,113.23048381651859,115.6628703665382,33.33645088727822,40.30122305691883,41.56035226690984,42.15736296995129,49.53532359652747,52.944649108718814,40.69813224871524,48.18470904128413,50.97883646431071,0,0,0,0,0,0,0,0,0,0,0,UNKNOWN_NO_WELLS_IN_DATASET,,UNKNOWN_NO_WELLS_IN_DATASET,,UNKNOWN_NO_WELLS_IN_DATASET,,UNKNOWN_NO_WELLS_IN_DATASET,,UNKNOWN_NO_WELLS_IN_DATASET,,UNKNOWN_NO_WELLS_IN_DATASET,,UNKNOWN_NO_WELLS_IN_DATASET,,UNKNOWN_NO_WELLS_IN_DATASET,,UNKNOWN_NO_WELLS_IN_DATASET,,UNKNOWN_NO_WELLS_IN_DATASET,,UNKNOWN_NO_WELLS_IN_DATASET,,UNKNOWN_NO_WELLS_IN_DATASET
PIH-500-0749,500,309.8625917245185,0,EPSG:5880,DESCRIPTIVE_NO_PIH_SCORE,,,,,,,,0,0.0,,,,0,0.0,,,,0,0.0,,,,12,NONE,21.50343670227232,26.349743636675093,26.616899157952187,21.50343670227232,26.349743636675093,26.616899157952187,21.50343670227232,26.349743636675093,26.616899157952187,21.50343670227232,26.349743636675093,26.616899157952187,21.50343670227232,26.349743636675093,26.616899157952187,21.50343670227232,26.349743636675093,26.616899157952187,55.88135573043648,63.45991765752301,65.51601466036257,55.88135573043648,63.45991765752301,65.51601466036257,94.1172531323294,103.00739815072534,104.72486288857706,30.024316078927285,33.643551256738284,35.65788500685522,40.603043756556964,51.20497623362092,52.57434142588411,36.41112061071167,46.95519606098666,48.29274082235518,0,0,0,0,0,0,0,0,0,0,0,UNKNOWN_NO_WELLS_IN_DATASET,,UNKNOWN_NO_WELLS_IN_DATASET,,UNKNOWN_NO_WELLS_IN_DATASET,,UNKNOWN_NO_WELLS_IN_DATASET,,UNKNOWN_NO_WELLS_IN_DATASET,,UNKNOWN_NO_WELLS_IN_DATASET,,UNKNOWN_NO_WELLS_IN_DATASET,,UNKNOWN_NO_WELLS_IN_DATASET,,UNKNOWN_NO_WELLS_IN_DATASET,,UNKNOWN_NO_WELLS_IN_DATASET,,UNKNOWN_NO_WELLS_IN_DATASET,,UNKNOWN_NO_WELLS_IN_DATASET
PIH-500-0750,500,0.5433611849196085,0,EPSG:5880,DESCRIPTIVE_NO_PIH_SCORE,,,,,,,,0,0.0,,,,0,0.0,,,,0,0.0,,,,0,REPRESENTATIVE_POINT,159.04718400598713,159.04718400598713,159.04718400598713,159.04718400598713,159.04718400598713,159.04718400598713,159.04718400598713,159.04718400598713,159.04718400598713,159.04718400598713,159.04718400598713,159.04718400598713,159.04718400598713,159.04718400598713,159.04718400598713,159.04718400598713,159.04718400598713,159.04718400598713,159.4295874644185,159.4295874644185,159.4295874644185,159.4295874644185,159.4295874644185,159.4295874644185,161.98467777033702,161.98467777033702,161.98467777033702,159.04718400598713,159.04718400598713,159.04718400598713,159.4295874644185,159.4295874644185,159.4295874644185,159.04718400598713,159.04718400598713,159.04718400598713,0,0,0,0,0,0,0,0,0,0,0,UNKNOWN_NO_WELLS_IN_DATASET,,UNKNOWN_NO_WELLS_IN_DATASET,,UNKNOWN_NO_WELLS_IN_DATASET,,UNKNOWN_NO_WELLS_IN_DATASET,,UNKNOWN_NO_WELLS_IN_DATASET,,UNKNOWN_NO_WELLS_IN_DATASET,,UNKNOWN_NO_WELLS_IN_DATASET,,UNKNOWN_NO_WELLS_IN_DATASET,,UNKNOWN_NO_WELLS_IN_DATASET,,UNKNOWN_NO_WELLS_IN_DATASET,,UNKNOWN_NO_WELLS_IN_DATASET,,UNKNOWN_NO_WELLS_IN_DATASET
PIH-500-0751,500,184.54930838960672,0,EPSG:5880,DESCRIPTIVE_NO_PIH_SCORE,,,,,,,,0,0.0,,,,0,0.0,,,,0,0.0,,,,8,NONE,150.00343958980693,156.69502828582185,160.17661411663812,150.00343958980693,156.69502828582185,160.17661411663812,150.00343958980693,156.69502828582185,160.17661411663812,150.00343958980693,156.69502828582185,160.17661411663812,150.00343958980693,156.69502828582185,160.17661411663812,150.00343958980693,156.69502828582185,160.17661411663812,150.2802236449727,157.00411826336605,160.47894886523602,150.2802236449727,157.00411826336605,160.47894886523602,152.93907822974057,159.63198527659557,163.11343321167774,150.00343958980693,156.69502828582185,160.17661411663812,150.2802236449727,157.00411826336605,160.47894886523602,150.00343958980693,156.69502828582185,160.17661411663812,0,0,0,0,0,0,0,0,0,0,0,UNKNOWN_NO_WELLS_IN_DATASET,,UNKNOWN_NO_WELLS_IN_DATASET,,UNKNOWN_NO_WELLS_IN_DATASET,,UNKNOWN_NO_WELLS_IN_DATASET,,UNKNOWN_NO_WELLS_IN_DATASET,,UNKNOWN_NO_WELLS_IN_DATASET,,UNKNOWN_NO_WELLS_IN_DATASET,,UNKNOWN_NO_WELLS_IN_DATASET,,UNKNOWN_NO_WELLS_IN_DATASET,,UNKNOWN_NO_WELLS_IN_DATASET,,UNKNOWN_NO_WELLS_IN_DATASET,,UNKNOWN_NO_WELLS_IN_DATASET
PIH-500-0752,500,285.7139590338446,0,EPSG:5880,DESCRIPTIVE_NO_PIH_SCORE,,,,,,,,0,0.0,,,,0,0.0,,,,0,0.0,,,,11,NONE,159.85013449365744,168.27954298243637,170.98243083723645,159.85013449365744,168.27954298243637,170.98243083723645,159.85013449365744,168.27954298243637,170.98243083723645,159.85013449365744,168.27954298243637,170.98243083723645,159.85013449365744,168.27954298243637,170.98243083723645,159.85013449365744,168.27954298243637,170.98243083723645,159.85013449365744,168.27954298243637,170.98243083723645,159.85013449365744,168.27954298243637,170.98243083723645,164.97928270542005,173.5961578826827,176.13495934705637,162.4345387635046,171.11556031231532,173.59625326705907,159.85013449365744,168.27954298243637,170.98243083723645,159.85013449365744,168.27954298243637,170.98243083723645,0,0,0,0,0,0,0,0,0,0,0,UNKNOWN_NO_WELLS_IN_DATASET,,UNKNOWN_NO_WELLS_IN_DATASET,,UNKNOWN_NO_WELLS_IN_DATASET,,UNKNOWN_NO_WELLS_IN_DATASET,,UNKNOWN_NO_WELLS_IN_DATASET,,UNKNOWN_NO_WELLS_IN_DATASET,,UNKNOWN_NO_WELLS_IN_DATASET,,UNKNOWN_NO_WELLS_IN_DATASET,,UNKNOWN_NO_WELLS_IN_DATASET,,UNKNOWN_NO_WELLS_IN_DATASET,,UNKNOWN_NO_WELLS_IN_DATASET,,UNKNOWN_NO_WELLS_IN_DATASET
PIH-500-0753,500,500.5318120049414,0,EPSG:5880,DESCRIPTIVE_NO_PIH_SCORE,,,,,,,,0,0.0,,,,0,0.0,,,,0,0.0,,,,20,NONE,170.8551421551342,179.30933442572825,181.61289883114392,170.8551421551342,179.30933442572825,181.61289883114392,170.8551421551342,179.30933442572825,181.61289883114392,170.8551421551342,179.30933442572825,181.61289883114392,170.8551421551342,179.30933442572825,181.61289883114392,170.8551421551342,179.30933442572825,181.61289883114392,170.8551421551342,179.30933442572825,181.61289883114392,170.8551421551342,179.30933442572825,181.61289883114392,176.64410302696444,184.9056254673505,187.277329022976,174.3737331973593,182.5385960590887,184.94065227949213,170.8551421551342,179.30933442572825,181.61289883114392,170.8551421551342,179.30933442572825,181.61289883114392,0,0,0,0,0,0,0,0,0,0,0,UNKNOWN_NO_WELLS_IN_DATASET,,UNKNOWN_NO_WELLS_IN_DATASET,,UNKNOWN_NO_WELLS_IN_DATASET,,UNKNOWN_NO_WELLS_IN_DATASET,,UNKNOWN_NO_WELLS_IN_DATASET,,UNKNOWN_NO_WELLS_IN_DATASET,,UNKNOWN_NO_WELLS_IN_DATASET,,UNKNOWN_NO_WELLS_IN_DATASET,,UNKNOWN_NO_WELLS_IN_DATASET,,UNKNOWN_NO_WELLS_IN_DATASET,,UNKNOWN_NO_WELLS_IN_DATASET,,UNKNOWN_NO_WELLS_IN_DATASET
PIH-500-0754,500,500.4482908746773,0,EPSG:5880,DESCRIPTIVE_NO_PIH_SCORE,,,,,,,,0,0.0,,,,0,0.0,,,,0,0.0,,,,21,NONE,178.4068716999325,185.1095872718509,188.40657074402807,178.4068716999325,185.1095872718509,188.40657074402807,178.76649450276835,185.1095872718509,188.40657074402807,178.4068716999325,185.1095872718509,188.40657074402807,178.4068716999325,185.1095872718509,188.40657074402807,178.4068716999325,185.1095872718509,188.40657074402807,181.72298894717892,186.72259302099835,189.29394348989587,181.72298894717892,186.72259302099835,189.29394348989587,191.06179554828964,198.02074945674923,200.92802698421846,180.7973239942288,188.40657074402807,190.21040758182832,181.72298894717892,186.72259302099835,189.29394348989587,179.81082973314315,186.6347940995668,189.29394348989587,0,0,0,0,0,0,0,0,0,0,0,UNKNOWN_NO_WELLS_IN_DATASET,,UNKNOWN_NO_WELLS_IN_DATASET,,UNKNOWN_NO_WELLS_IN_DATASET,,UNKNOWN_NO_WELLS_IN_DATASET,,UNKNOWN_NO_WELLS_IN_DATASET,,UNKNOWN_NO_WELLS_IN_DATASET,,UNKNOWN_NO_WELLS_IN_DATASET,,UNKNOWN_NO_WELLS_IN_DATASET,,UNKNOWN_NO_WELLS_IN_DATASET,,UNKNOWN_NO_WELLS_IN_DATASET,,UNKNOWN_NO_WELLS_IN_DATASET,,UNKNOWN_NO_WELLS_IN_DATASET
PIH-500-0755,500,500.3719077095696,0,EPSG:5880,DESCRIPTIVE_NO_PIH_SCORE,,,,,,,,0,0.0,,,,0,0.0,,,,0,0.0,,,,18,NONE,159.6147382816938,168.442132933019,168.78813799269201,159.6147382816938,168.442132933019,168.78813799269201,161.62531267498233,168.6029778601529,169.2000572416159,159.6147382816938,168.442132933019,168.78813799269201,159.6147382816938,168.442132933019,168.78813799269201,159.6147382816938,168.442132933019,168.78813799269201,164.98268477606825,171.94969852050247,172.57932552761687,164.98268477606825,171.94969852050247,172.57932552761687,202.7929831627165,208.35473374197255,211.02906655207485,161.62531267498233,168.6029778601529,169.2000572416159,164.98268477606825,171.94969852050247,172.57932552761687,162.19232061087678,169.5431549698619,173.2402470561847,0,0,0,0,0,0,0,0,0,0,0,UNKNOWN_NO_WELLS_IN_DATASET,,UNKNOWN_NO_WELLS_IN_DATASET,,UNKNOWN_NO_WELLS_IN_DATASET,,UNKNOWN_NO_WELLS_IN_DATASET,,UNKNOWN_NO_WELLS_IN_DATASET,,UNKNOWN_NO_WELLS_IN_DATASET,,UNKNOWN_NO_WELLS_IN_DATASET,,UNKNOWN_NO_WELLS_IN_DATASET,,UNKNOWN_NO_WELLS_IN_DATASET,,UNKNOWN_NO_WELLS_IN_DATASET,,UNKNOWN_NO_WELLS_IN_DATASET,,UNKNOWN_NO_WELLS_IN_DATASET
PIH-500-0756,500,500.30266124436037,0,EPSG:5880,DESCRIPTIVE_NO_PIH_SCORE,,,,,,,,0,0.0,,,,0,0.0,,,,0,0.0,,,,21,NONE,138.40851039832438,148.54010779576475,148.84014064594092,138.40851039832438,148.54010779576475,148.84014064594092,138.55013386572074,148.54010779576475,149.30710402063775,138.40851039832438,148.54010779576475,148.84014064594092,138.40851039832438,148.54010779576475,148.84014064594092,138.40851039832438,148.54010779576475,148.84014064594092,141.89703814903353,151.88460587118772,152.6934689802142,141.89703814903353,151.88460587118772,152.6934689802142,190.02999964398836,197.09184244254126,200.47995535840147,138.55013386572074,148.54010779576475,149.30710402063775,141.89703814903353,151.88460587118772,152.6934689802142,142.06333377910292,150.88090187644457,153.2336749182506,0,0,0,0,0,0,0,0,0,0,0,UNKNOWN_NO_WELLS_IN_DATASET,,UNKNOWN_NO_WELLS_IN_DATASET,,UNKNOWN_NO_WELLS_IN_DATASET,,UNKNOWN_NO_WELLS_IN_DATASET,,UNKNOWN_NO_WELLS_IN_DATASET,,UNKNOWN_NO_WELLS_IN_DATASET,,UNKNOWN_NO_WELLS_IN_DATASET,,UNKNOWN_NO_WELLS_IN_DATASET,,UNKNOWN_NO_WELLS_IN_DATASET,,UNKNOWN_NO_WELLS_IN_DATASET,,UNKNOWN_NO_WELLS_IN_DATASET,,UNKNOWN_NO_WELLS_IN_DATASET
PIH-500-0757,500,500.2405503466647,0,EPSG:5880,DESCRIPTIVE_NO_PIH_SCORE,,,,,,,,0,0.0,,,,0,0.0,,,,0,0.0,,,,20,NONE,113.77896557512622,123.6042646399081,124.48916112099421,113.77896557512622,123.6042646399081,124.48916112099421,113.77896557512622,123.6042646399081,124.48916112099421,113.77896557512622,123.6042646399081,124.48916112099421,113.77896557512622,123.6042646399081,124.48916112099421,113.77896557512622,123.6042646399081,124.48916112099421,117.14694133361289,126.95797734989097,127.88622015787017,117.14694133361289,126.95797734989097,127.88622015787017,175.09827322379206,183.5654769803854,185.32911021053874,113.77896557512622,123.6042646399081,124.48916112099421,117.14694133361289,126.95797734989097,127.88622015787017,122.6050431427925,130.06128251437914,131.9011742268084,0,0,0,0,0,0,0,0,0,0,0,UNKNOWN_NO_WELLS_IN_DATASET,,UNKNOWN_NO_WELLS_IN_DATASET,,UNKNOWN_NO_WELLS_IN_DATASET,,UNKNOWN_NO_WELLS_IN_DATASET,,UNKNOWN_NO_WELLS_IN_DATASET,,UNKNOWN_NO_WELLS_IN_DATASET,,UNKNOWN_NO_WELLS_IN_DATASET,,UNKNOWN_NO_WELLS_IN_DATASET,,UNKNOWN_NO_WELLS_IN_DATASET,,UNKNOWN_NO_WELLS_IN_DATASET,,UNKNOWN_NO_WELLS_IN_DATASET,,UNKNOWN_NO_WELLS_IN_DATASET
PIH-500-0758,500,500.1855740176268,0,EPSG:5880,DESCRIPTIVE_NO_PIH_SCORE,,,,,,,,0,0.0,,,,0,0.0,,,,0,0.0,,,,21,NONE,89.13609419810706,98.61056472374564,99.7621730025372,89.13609419810706,98.61056472374564,99.7621730025372,89.13609419810706,98.61056472374564,99.7621730025372,89.13609419810706,98.61056472374564,99.7621730025372,89.13609419810706,98.61056472374564,99.7621730025372,89.13609419810706,98.61056472374564,99.7621730025372,92.53177883226004,101.97113893037208,103.1720657122016,92.53177883226004,101.97113893037208,103.1720657122016,160.90748687858778,170.2117242418845,172.8266449726617,89.13609419810706,98.61056472374564,99.7621730025372,92.53177883226004,101.97113893037208,103.1720657122016,104.79610989561169,112.08590368578349,115.45905323434982,0,0,0,0,0,0,0,0,0,0,0,UNKNOWN_NO_WELLS_IN_DATASET,,UNKNOWN_NO_WELLS_IN_DATASET,,UNKNOWN_NO_WELLS_IN_DATASET,,UNKNOWN_NO_WELLS_IN_DATASET,,UNKNOWN_NO_WELLS_IN_DATASET,,UNKNOWN_NO_WELLS_IN_DATASET,,UNKNOWN_NO_WELLS_IN_DATASET,,UNKNOWN_NO_WELLS_IN_DATASET,,UNKNOWN_NO_WELLS_IN_DATASET,,UNKNOWN_NO_WELLS_IN_DATASET,,UNKNOWN_NO_WELLS_IN_DATASET,,UNKNOWN_NO_WELLS_IN_DATASET
PIH-500-0759,500,500.13773139141966,0,EPSG:5880,DESCRIPTIVE_NO_PIH_SCORE,,,,,,,,0,0.0,,,,0,0.0,,,,0,0.0,,,,21,NONE,65.49356501213835,73.68163543730103,75.21589650976361,65.49356501213835,73.68163543730103,75.21589650976361,65.49356501213835,73.68163543730103,75.21589650976361,65.49356501213835,73.68163543730103,75.21589650976361,65.49356501213835,73.68163543730103,75.21589650976361,65.49356501213835,73.68163543730103,75.21589650976361,68.91952492001592,77.05649234044364,78.63882616353357,68.91952492001592,77.05649234044364,78.63882616353357,148.8593647538377,156.9710871808198,160.88492314990486,65.49356501213835,73.68163543730103,75.21589650976361,68.44725476492343,77.05649234044364,78.5786696120305,86.21518085235122,94.77679583805508,98.73273827475455,0,0,0,0,0,0,0,0,0,0,0,UNKNOWN_NO_WELLS_IN_DATASET,,UNKNOWN_NO_WELLS_IN_DATASET,,UNKNOWN_NO_WELLS_IN_DATASET,,UNKNOWN_NO_WELLS_IN_DATASET,,UNKNOWN_NO_WELLS_IN_DATASET,,UNKNOWN_NO_WELLS_IN_DATASET,,UNKNOWN_NO_WELLS_IN_DATASET,,UNKNOWN_NO_WELLS_IN_DATASET,,UNKNOWN_NO_WELLS_IN_DATASET,,UNKNOWN_NO_WELLS_IN_DATASET,,UNKNOWN_NO_WELLS_IN_DATASET,,UNKNOWN_NO_WELLS_IN_DATASET
PIH-500-0760,500,396.5742357504705,0,EPSG:5880,DESCRIPTIVE_NO_PIH_SCORE,,,,,,,,0,0.0,,,,0,0.0,,,,0,0.0,,,,15,NONE,43.87381122504066,49.368622949881676,51.111358946390546,43.87381122504066,49.368622949881676,51.111358946390546,43.87381122504066,49.368622949881676,51.111358946390546,43.87381122504066,49.368622949881676,51.111358946390546,43.87381122504066,49.368622949881676,51.111358946390546,43.97238709809336,49.368622949881676,51.111358946390546,47.30403509785505,52.78250756885471,54.53122791056569,47.30403509785505,52.78250756885471,54.53122791056569,139.9331290152283,146.8088739268236,152.14751980034094,43.87381122504066,49.368622949881676,51.111358946390546,47.27801620499298,52.78250756885471,53.640593591263915,73.1534916341512,80.76177541986598,86.11338014902178,0,0,0,0,0,0,0,0,0,0,0,UNKNOWN_NO_WELLS_IN_DATASET,,UNKNOWN_NO_WELLS_IN_DATASET,,UNKNOWN_NO_WELLS_IN_DATASET,,UNKNOWN_NO_WELLS_IN_DATASET,,UNKNOWN_NO_WELLS_IN_DATASET,,UNKNOWN_NO_WELLS_IN_DATASET,,UNKNOWN_NO_WELLS_IN_DATASET,,UNKNOWN_NO_WELLS_IN_DATASET,,UNKNOWN_NO_WELLS_IN_DATASET,,UNKNOWN_NO_WELLS_IN_DATASET,,UNKNOWN_NO_WELLS_IN_DATASET,,UNKNOWN_NO_WELLS_IN_DATASET
PIH-500-0761,500,399.4475173379429,0,EPSG:5880,DESCRIPTIVE_NO_PIH_SCORE,,,,,,,,0,0.0,,,,0,0.0,,,,0,0.0,,,,17,NONE,21.658141206388855,29.715808513141397,32.807361274723434,21.658141206388855,29.715808513141397,32.807361274723434,21.658141206388855,29.715808513141397,32.807361274723434,21.658141206388855,29.715808513141397,32.807361274723434,21.658141206388855,29.715808513141397,32.807361274723434,23.670522590113666,29.715808513141397,32.807361274723434,27.692646784373355,33.13178061867153,36.12930510096401,27.692646784373355,33.13178061867153,36.12930510096401,136.3678476783911,141.9109804807969,142.91262981052597,21.658141206388855,29.715808513141397,32.807361274723434,23.44989164030466,33.02750515987482,34.016844397970594,61.393367943442115,68.51280954070137,71.96969096099058,0,0,0,0,0,0,0,0,0,0,0,UNKNOWN_NO_WELLS_IN_DATASET,,UNKNOWN_NO_WELLS_IN_DATASET,,UNKNOWN_NO_WELLS_IN_DATASET,,UNKNOWN_NO_WELLS_IN_DATASET,,UNKNOWN_NO_WELLS_IN_DATASET,,UNKNOWN_NO_WELLS_IN_DATASET,,UNKNOWN_NO_WELLS_IN_DATASET,,UNKNOWN_NO_WELLS_IN_DATASET,,UNKNOWN_NO_WELLS_IN_DATASET,,UNKNOWN_NO_WELLS_IN_DATASET,,UNKNOWN_NO_WELLS_IN_DATASET,,UNKNOWN_NO_WELLS_IN_DATASET
PIH-500-0762,500,500.0201250291833,17,EPSG:5880,DESCRIPTIVE_NO_PIH_SCORE,0.20460362890695513,3.7264930250450354,9.191380442461888,0.7285543181764447,0.20460362890695513,3.7264930250450354,0.11765468638962981,7,7.378625600052842,0.5882352941176471,0.7743848551258464,52.94117647058824,6,21.316823115495936,0.6470588235294117,0.7783172591608217,52.94117647058824,4,53.92352159304726,0.7647058823529411,0.6892094263601618,64.70588235294117,21,NONE,7.027668120617731,12.423718612880675,14.746811463300926,7.027668120617731,12.423718612880675,14.746811463300926,7.027668120617731,12.423718612880675,14.746811463300926,7.027668120617731,12.423718612880675,14.746811463300926,7.027668120617731,12.423718612880675,14.746811463300926,9.528964900813081,14.746811463300926,17.57502492747946,12.435976329282378,18.571928390292467,22.06824457994917,12.435976329282378,18.571928390292467,22.06824457994917,138.0727381555464,147.25708833214634,151.7183036313116,7.027668120617731,12.423718612880675,14.746811463300926,9.559998814145562,12.76115324662116,15.000393409672562,50.438333809116024,57.48492243207289,62.284153567220706,17,17,17,17,16,7,7,0,5,13,0,WELLS_PRESENT,100.0,EVIDENCE_PRESENT,100.0,EVIDENCE_PRESENT,100.0,EVIDENCE_PRESENT,100.0,EVIDENCE_PRESENT,94.1176,EVIDENCE_PRESENT,41.1765,EVIDENCE_PRESENT,41.1765,EVIDENCE_PRESENT,0.0,NO_EVIDENCE_IN_AUDITED_WELLS,29.4118,EVIDENCE_PRESENT,76.4706,EVIDENCE_PRESENT,0.0,NO_REVIEW_FLAG_IN_AUDITED_WELLS
PIH-500-0763,500,499.993701131034,0,EPSG:5880,DESCRIPTIVE_NO_PIH_SCORE,,,,,,,,0,0.0,,,,0,0.0,,,,0,0.0,,,,21,NONE,26.557660732734465,36.8382239935442,37.785152709383695,26.557660732734465,36.8382239935442,37.785152709383695,26.557660732734465,36.8382239935442,37.785152709383695,26.557660732734465,36.8382239935442,37.785152709383695,26.557660732734465,36.8382239935442,37.785152709383695,27.368943376908863,37.10987633688972,39.90257631429385,27.413600025544387,37.16055735837559,40.26490021457716,27.413600025544387,37.16055735837559,40.26490021457716,140.07157004741475,149.1929290588886,153.19271165361604,26.900802905829728,36.8382239935442,37.785152709383695,26.557660732734465,36.8382239935442,37.785152709383695,48.528319168618495,55.590359141461036,60.539966204486056,0,0,0,0,0,0,0,0,0,0,0,UNKNOWN_NO_WELLS_IN_DATASET,,UNKNOWN_NO_WELLS_IN_DATASET,,UNKNOWN_NO_WELLS_IN_DATASET,,UNKNOWN_NO_WELLS_IN_DATASET,,UNKNOWN_NO_WELLS_IN_DATASET,,UNKNOWN_NO_WELLS_IN_DATASET,,UNKNOWN_NO_WELLS_IN_DATASET,,UNKNOWN_NO_WELLS_IN_DATASET,,UNKNOWN_NO_WELLS_IN_DATASET,,UNKNOWN_NO_WELLS_IN_DATASET,,UNKNOWN_NO_WELLS_IN_DATASET,,UNKNOWN_NO_WELLS_IN_DATASET
PIH-500-0764,500,361.17072194683396,0,EPSG:5880,DESCRIPTIVE_NO_PIH_SCORE,,,,,,,,0,0.0,,,,0,0.0,,,,0,0.0,,,,15,NONE,32.70753000872045,41.5810940768881,42.26119807156714,32.70753000872045,41.5810940768881,42.26119807156714,32.70753000872045,41.5810940768881,42.26119807156714,32.70753000872045,41.5810940768881,42.26119807156714,32.70753000872045,41.5810940768881,42.26119807156714,32.70753000872045,41.85525845974635,43.826435123024936,51.967910734552824,58.780803850202766,61.891045890344024,51.967910734552824,58.780803850202766,61.891045890344024,126.38911944625491,131.799043066615,136.39168469491085,32.70753000872045,41.5810940768881,42.26119807156714,51.90634558505784,58.71789868605361,61.82517749401337,55.10854366054356,61.75376030834031,63.7820442364528,0,0,0,0,0,0,0,0,0,0,0,UNKNOWN_NO_WELLS_IN_DATASET,,UNKNOWN_NO_WELLS_IN_DATASET,,UNKNOWN_NO_WELLS_IN_DATASET,,UNKNOWN_NO_WELLS_IN_DATASET,,UNKNOWN_NO_WELLS_IN_DATASET,,UNKNOWN_NO_WELLS_IN_DATASET,,UNKNOWN_NO_WELLS_IN_DATASET,,UNKNOWN_NO_WELLS_IN_DATASET,,UNKNOWN_NO_WELLS_IN_DATASET,,UNKNOWN_NO_WELLS_IN_DATASET,,UNKNOWN_NO_WELLS_IN_DATASET,,UNKNOWN_NO_WELLS_IN_DATASET
PIH-500-0765,500,474.2613340230307,1,EPSG:5880,DESCRIPTIVE_NO_PIH_SCORE,56.399668276847606,56.399668276847606,12.422079274456587,1.011021458802926,,,,1,0.4402230273695404,0.0,,100.0,1,4.228761481153153,0.0,,100.0,1,5.131212197569777,0.0,,100.0,17,NONE,15.405513069209508,22.049530147660672,23.59713836935641,15.405513069209508,22.049530147660672,23.59713836935641,15.405513069209508,22.049530147660672,23.59713836935641,15.405513069209508,22.049530147660672,23.59713836935641,15.405513069209508,22.049530147660672,23.59713836935641,15.405513069209508,22.049530147660672,23.59713836935641,70.07557186841157,77.09920736606603,81.24288927354392,70.07557186841157,77.09920736606603,81.24288927354392,117.68811164269809,124.65934157802847,126.96237736927789,15.405513069209508,22.049530147660672,23.59713836935641,61.63157144163409,71.31891902867544,71.58188682334644,57.39451785800071,67.18515003504538,67.35451273411154,1,1,1,1,1,0,0,0,1,0,0,WELLS_PRESENT,100.0,EVIDENCE_PRESENT,100.0,EVIDENCE_PRESENT,100.0,EVIDENCE_PRESENT,100.0,EVIDENCE_PRESENT,100.0,EVIDENCE_PRESENT,0.0,NO_EVIDENCE_IN_AUDITED_WELLS,0.0,NO_EVIDENCE_IN_AUDITED_WELLS,0.0,NO_EVIDENCE_IN_AUDITED_WELLS,100.0,EVIDENCE_PRESENT,0.0,NO_EVIDENCE_IN_AUDITED_WELLS,0.0,NO_REVIEW_FLAG_IN_AUDITED_WELLS
PIH-500-0766,500,305.68324017504705,0,EPSG:5880,DESCRIPTIVE_NO_PIH_SCORE,,,,,,,,0,0.0,,,,0,0.0,,,,0,0.0,,,,14,NONE,15.071970758316194,22.9750239576423,24.91565930638832,15.071970758316194,22.9750239576423,24.91565930638832,15.071970758316194,22.9750239576423,24.91565930638832,15.071970758316194,22.9750239576423,24.91565930638832,15.071970758316194,22.9750239576423,24.91565930638832,15.071970758316194,22.9750239576423,24.91565930638832,75.92244218391977,81.01313302975066,85.29025967785968,75.92244218391977,81.01313302975066,85.29025967785968,115.82389656826211,120.91787661141258,125.17315772752939,15.071970758316194,22.9750239576423,24.91565930638832,70.56502131471888,77.4048580799423,79.27865150895857,66.30669136977849,73.17425965598648,74.99702502658573,0,0,0,0,0,0,0,0,0,0,0,UNKNOWN_NO_WELLS_IN_DATASET,,UNKNOWN_NO_WELLS_IN_DATASET,,UNKNOWN_NO_WELLS_IN_DATASET,,UNKNOWN_NO_WELLS_IN_DATASET,,UNKNOWN_NO_WELLS_IN_DATASET,,UNKNOWN_NO_WELLS_IN_DATASET,,UNKNOWN_NO_WELLS_IN_DATASET,,UNKNOWN_NO_WELLS_IN_DATASET,,UNKNOWN_NO_WELLS_IN_DATASET,,UNKNOWN_NO_WELLS_IN_DATASET,,UNKNOWN_NO_WELLS_IN_DATASET,,UNKNOWN_NO_WELLS_IN_DATASET
PIH-500-0767,500,3.1384654218577688,0,EPSG:5880,DESCRIPTIVE_NO_PIH_SCORE,,,,,,,,0,0.0,,,,0,0.0,,,,0,0.0,,,,0,REPRESENTATIVE_POINT,28.374982639353433,28.374982639353433,28.374982639353433,28.374982639353433,28.374982639353433,28.374982639353433,28.374982639353433,28.374982639353433,28.374982639353433,28.374982639353433,28.374982639353433,28.374982639353433,28.374982639353433,28.374982639353433,28.374982639353433,28.374982639353433,28.374982639353433,28.374982639353433,75.58601987059323,75.58601987059323,75.58601987059323,75.58601987059323,75.58601987059323,75.58601987059323,114.91333622877903,114.91333622877903,114.91333622877903,28.374982639353433,28.374982639353433,28.374982639353433,75.52403201580826,75.52403201580826,75.52403201580826,72.0902962821804,72.0902962821804,72.0902962821804,0,0,0,0,0,0,0,0,0,0,0,UNKNOWN_NO_WELLS_IN_DATASET,,UNKNOWN_NO_WELLS_IN_DATASET,,UNKNOWN_NO_WELLS_IN_DATASET,,UNKNOWN_NO_WELLS_IN_DATASET,,UNKNOWN_NO_WELLS_IN_DATASET,,UNKNOWN_NO_WELLS_IN_DATASET,,UNKNOWN_NO_WELLS_IN_DATASET,,UNKNOWN_NO_WELLS_IN_DATASET,,UNKNOWN_NO_WELLS_IN_DATASET,,UNKNOWN_NO_WELLS_IN_DATASET,,UNKNOWN_NO_WELLS_IN_DATASET,,UNKNOWN_NO_WELLS_IN_DATASET
PIH-500-0768,500,16.743053150614237,0,EPSG:5880,DESCRIPTIVE_NO_PIH_SCORE,,,,,,,,0,0.0,,,,0,0.0,,,,0,0.0,,,,0,REPRESENTATIVE_POINT,161.52238287037102,161.52238287037102,161.52238287037102,161.52238287037102,161.52238287037102,161.52238287037102,161.52238287037102,161.52238287037102,161.52238287037102,161.52238287037102,161.52238287037102,161.52238287037102,161.52238287037102,161.52238287037102,161.52238287037102,161.52238287037102,161.52238287037102,161.52238287037102,161.81268412329348,161.81268412329348,161.81268412329348,161.81268412329348,161.81268412329348,161.81268412329348,164.45889317726497,164.45889317726497,164.45889317726497,161.52238287037102,161.52238287037102,161.52238287037102,161.81268412329348,161.81268412329348,161.81268412329348,161.52238287037102,161.52238287037102,161.52238287037102,0,0,0,0,0,0,0,0,0,0,0,UNKNOWN_NO_WELLS_IN_DATASET,,UNKNOWN_NO_WELLS_IN_DATASET,,UNKNOWN_NO_WELLS_IN_DATASET,,UNKNOWN_NO_WELLS_IN_DATASET,,UNKNOWN_NO_WELLS_IN_DATASET,,UNKNOWN_NO_WELLS_IN_DATASET,,UNKNOWN_NO_WELLS_IN_DATASET,,UNKNOWN_NO_WELLS_IN_DATASET,,UNKNOWN_NO_WELLS_IN_DATASET,,UNKNOWN_NO_WELLS_IN_DATASET,,UNKNOWN_NO_WELLS_IN_DATASET,,UNKNOWN_NO_WELLS_IN_DATASET
PIH-500-0769,500,219.1819361975466,0,EPSG:5880,DESCRIPTIVE_NO_PIH_SCORE,,,,,,,,0,0.0,,,,0,0.0,,,,0,0.0,,,,9,NONE,181.52295011131739,191.5302315620116,195.19348002205018,181.52295011131739,191.5302315620116,195.19348002205018,181.52295011131739,191.5302315620116,195.19348002205018,181.52295011131739,191.5302315620116,195.19348002205018,181.52295011131739,191.5302315620116,195.19348002205018,181.52295011131739,191.5302315620116,195.19348002205018,181.52295011131739,191.5302315620116,195.19348002205018,181.52295011131739,191.5302315620116,195.19348002205018,186.9514402891343,196.85681756540518,200.48466046292904,184.512037248215,194.37682199778962,197.9911508676547,181.52295011131739,191.5302315620116,195.19348002205018,181.52295011131739,191.5302315620116,195.19348002205018,0,0,0,0,0,0,0,0,0,0,0,UNKNOWN_NO_WELLS_IN_DATASET,,UNKNOWN_NO_WELLS_IN_DATASET,,UNKNOWN_NO_WELLS_IN_DATASET,,UNKNOWN_NO_WELLS_IN_DATASET,,UNKNOWN_NO_WELLS_IN_DATASET,,UNKNOWN_NO_WELLS_IN_DATASET,,UNKNOWN_NO_WELLS_IN_DATASET,,UNKNOWN_NO_WELLS_IN_DATASET,,UNKNOWN_NO_WELLS_IN_DATASET,,UNKNOWN_NO_WELLS_IN_DATASET,,UNKNOWN_NO_WELLS_IN_DATASET,,UNKNOWN_NO_WELLS_IN_DATASET
PIH-500-0770,500,500.4893306095766,0,EPSG:5880,DESCRIPTIVE_NO_PIH_SCORE,,,,,,,,0,0.0,,,,0,0.0,,,,0,0.0,,,,21,NONE,190.91669416420498,199.26907576236826,199.79724900924535,190.91669416420498,199.26907576236826,199.79724900924535,190.91669416420498,199.26907576236826,199.79724900924535,190.91669416420498,199.26907576236826,199.79724900924535,190.91669416420498,199.26907576236826,199.79724900924535,190.91669416420498,199.26907576236826,199.79724900924535,192.52190742859125,199.37350874641012,202.97947660006912,192.52190742859125,199.37350874641012,202.97947660006912,200.4147100906872,209.60324026686368,212.11641412848454,193.5913227067692,199.26907576236826,202.4288766672869,192.52190742859125,199.37350874641012,202.97947660006912,194.89268392593394,201.61707929444637,206.07300746391792,0,0,0,0,0,0,0,0,0,0,0,UNKNOWN_NO_WELLS_IN_DATASET,,UNKNOWN_NO_WELLS_IN_DATASET,,UNKNOWN_NO_WELLS_IN_DATASET,,UNKNOWN_NO_WELLS_IN_DATASET,,UNKNOWN_NO_WELLS_IN_DATASET,,UNKNOWN_NO_WELLS_IN_DATASET,,UNKNOWN_NO_WELLS_IN_DATASET,,UNKNOWN_NO_WELLS_IN_DATASET,,UNKNOWN_NO_WELLS_IN_DATASET,,UNKNOWN_NO_WELLS_IN_DATASET,,UNKNOWN_NO_WELLS_IN_DATASET,,UNKNOWN_NO_WELLS_IN_DATASET
PIH-500-0771,500,500.40936611892573,0,EPSG:5880,DESCRIPTIVE_NO_PIH_SCORE,,,,,,,,0,0.0,,,,0,0.0,,,,0,0.0,,,,22,NONE,173.77259521409655,183.58511953387907,184.33970953252597,173.77259521409655,183.58511953387907,184.33970953252597,173.77259521409655,183.58511953387907,184.33970953252597,173.77259521409655,183.58511953387907,184.33970953252597,173.77259521409655,183.58511953387907,184.33970953252597,173.77259521409655,183.58511953387907,184.33970953252597,177.01889600004802,186.85229766542994,187.54360241648922,177.01889600004802,186.85229766542994,187.54360241648922,214.3622704374008,222.898843374934,225.9261985793537,173.77259521409655,183.58511953387907,184.33970953252597,177.01889600004802,186.85229766542994,187.54360241648922,183.82638573276114,191.66588450830434,196.019940647945,0,0,0,0,0,0,0,0,0,0,0,UNKNOWN_NO_WELLS_IN_DATASET,,UNKNOWN_NO_WELLS_IN_DATASET,,UNKNOWN_NO_WELLS_IN_DATASET,,UNKNOWN_NO_WELLS_IN_DATASET,,UNKNOWN_NO_WELLS_IN_DATASET,,UNKNOWN_NO_WELLS_IN_DATASET,,UNKNOWN_NO_WELLS_IN_DATASET,,UNKNOWN_NO_WELLS_IN_DATASET,,UNKNOWN_NO_WELLS_IN_DATASET,,UNKNOWN_NO_WELLS_IN_DATASET,,UNKNOWN_NO_WELLS_IN_DATASET,,UNKNOWN_NO_WELLS_IN_DATASET
PIH-500-0772,500,500.3365385265004,0,EPSG:5880,DESCRIPTIVE_NO_PIH_SCORE,,,,,,,,0,0.0,,,,0,0.0,,,,0,0.0,,,,21,NONE,149.02103291103955,158.63327558607457,159.4868911105717,149.02103291103955,158.63327558607457,159.4868911105717,149.02103291103955,158.63327558607457,159.4868911105717,149.02103291103955,158.63327558607457,159.4868911105717,149.02103291103955,158.63327558607457,159.4868911105717,149.02103291103955,158.63327558607457,159.4868911105717,152.2373461523644,161.8905636934265,162.67204014338108,152.2373461523644,161.8905636934265,162.67204014338108,214.52282484488734,221.99853734898704,225.34499934145583,149.02103291103955,158.63327558607457,159.4868911105717,152.2373461523644,161.8905636934265,162.67204014338108,162.76238553534992,170.80588365678267,174.90333834745016,0,0,0,0,0,0,0,0,0,0,0,UNKNOWN_NO_WELLS_IN_DATASET,,UNKNOWN_NO_WELLS_IN_DATASET,,UNKNOWN_NO_WELLS_IN_DATASET,,UNKNOWN_NO_WELLS_IN_DATASET,,UNKNOWN_NO_WELLS_IN_DATASET,,UNKNOWN_NO_WELLS_IN_DATASET,,UNKNOWN_NO_WELLS_IN_DATASET,,UNKNOWN_NO_WELLS_IN_DATASET,,UNKNOWN_NO_WELLS_IN_DATASET,,UNKNOWN_NO_WELLS_IN_DATASET,,UNKNOWN_NO_WELLS_IN_DATASET,,UNKNOWN_NO_WELLS_IN_DATASET
PIH-500-0773,500,500.2708466407858,0,EPSG:5880,DESCRIPTIVE_NO_PIH_SCORE,,,,,,,,0,0.0,,,,0,0.0,,,,0,0.0,,,,20,NONE,124.468839367327,133.71805510418807,134.68856061928446,124.468839367327,133.71805510418807,134.68856061928446,124.468839367327,133.71805510418807,134.68856061928446,124.468839367327,133.71805510418807,134.68856061928446,124.468839367327,133.71805510418807,134.68856061928446,124.468839367327,133.71805510418807,134.68856061928446,127.63863241531854,136.96099424108945,137.84695310911079,127.63863241531854,136.96099424108945,137.84695310911079,197.93861771789005,206.39067198674044,209.27321379633148,124.468839367327,133.71805510418807,134.68856061928446,127.63863241531854,136.96099424108945,137.84695310911079,143.90771914981008,151.20209134404433,154.9468889605125,0,0,0,0,0,0,0,0,0,0,0,UNKNOWN_NO_WELLS_IN_DATASET,,UNKNOWN_NO_WELLS_IN_DATASET,,UNKNOWN_NO_WELLS_IN_DATASET,,UNKNOWN_NO_WELLS_IN_DATASET,,UNKNOWN_NO_WELLS_IN_DATASET,,UNKNOWN_NO_WELLS_IN_DATASET,,UNKNOWN_NO_WELLS_IN_DATASET,,UNKNOWN_NO_WELLS_IN_DATASET,,UNKNOWN_NO_WELLS_IN_DATASET,,UNKNOWN_NO_WELLS_IN_DATASET,,UNKNOWN_NO_WELLS_IN_DATASET,,UNKNOWN_NO_WELLS_IN_DATASET
PIH-500-0774,500,500.2122894027423,0,EPSG:5880,DESCRIPTIVE_NO_PIH_SCORE,,,,,,,,0,0.0,,,,0,0.0,,,,0,0.0,,,,17,NONE,103.4109841675153,108.94330846317524,109.9815815819811,103.4109841675153,108.94330846317524,109.9815815819811,103.4109841675153,108.94330846317524,109.9815815819811,103.4109841675153,108.94330846317524,109.9815815819811,103.4109841675153,108.94330846317524,109.9815815819811,103.4109841675153,108.94330846317524,109.9815815819811,106.73337914196908,112.15352193059977,113.09894923703312,106.73337914196908,112.15352193059977,113.09894923703312,183.9554790018442,191.51670007546366,195.0902029756733,103.4109841675153,108.94330846317524,109.9815815819811,106.73337914196908,112.15352193059977,113.09894923703312,126.20352890264536,133.15394180430934,136.65979303365035,0,0,0,0,0,0,0,0,0,0,0,UNKNOWN_NO_WELLS_IN_DATASET,,UNKNOWN_NO_WELLS_IN_DATASET,,UNKNOWN_NO_WELLS_IN_DATASET,,UNKNOWN_NO_WELLS_IN_DATASET,,UNKNOWN_NO_WELLS_IN_DATASET,,UNKNOWN_NO_WELLS_IN_DATASET,,UNKNOWN_NO_WELLS_IN_DATASET,,UNKNOWN_NO_WELLS_IN_DATASET,,UNKNOWN_NO_WELLS_IN_DATASET,,UNKNOWN_NO_WELLS_IN_DATASET,,UNKNOWN_NO_WELLS_IN_DATASET,,UNKNOWN_NO_WELLS_IN_DATASET
PIH-500-0775,500,310.719971257388,0,EPSG:5880,DESCRIPTIVE_NO_PIH_SCORE,,,,,,,,0,0.0,,,,0,0.0,,,,0,0.0,,,,13,NONE,78.86902994852461,88.14214454141506,89.43782237545523,78.86902994852461,88.14214454141506,89.43782237545523,78.86902994852461,88.14214454141506,89.43782237545523,78.86902994852461,88.14214454141506,89.43782237545523,78.86902994852461,88.14214454141506,89.43782237545523,78.86902994852461,88.14214454141506,89.43782237545523,82.06852071015614,91.32204602589692,92.58091149069705,82.06852071015614,91.32204602589692,92.58091149069705,170.02208502465538,180.48587158066672,183.2350855636926,78.86902994852461,88.14214454141506,89.43782237545523,82.06852071015614,91.32204602589692,92.58091149069705,108.84264757782441,119.16165820458181,120.80256481324764,0,0,0,0,0,0,0,0,0,0,0,UNKNOWN_NO_WELLS_IN_DATASET,,UNKNOWN_NO_WELLS_IN_DATASET,,UNKNOWN_NO_WELLS_IN_DATASET,,UNKNOWN_NO_WELLS_IN_DATASET,,UNKNOWN_NO_WELLS_IN_DATASET,,UNKNOWN_NO_WELLS_IN_DATASET,,UNKNOWN_NO_WELLS_IN_DATASET,,UNKNOWN_NO_WELLS_IN_DATASET,,UNKNOWN_NO_WELLS_IN_DATASET,,UNKNOWN_NO_WELLS_IN_DATASET,,UNKNOWN_NO_WELLS_IN_DATASET,,UNKNOWN_NO_WELLS_IN_DATASET
PIH-500-0776,500,84.36702723397784,0,EPSG:5880,DESCRIPTIVE_NO_PIH_SCORE,,,,,,,,0,0.0,,,,0,0.0,,,,0,0.0,,,,4,NONE,56.01579426326799,62.00464631582567,63.502060469680224,56.01579426326799,62.00464631582567,63.502060469680224,56.01579426326799,62.00464631582567,63.502060469680224,56.01579426326799,62.00464631582567,63.502060469680224,56.01579426326799,62.00464631582567,63.502060469680224,56.01579426326799,62.00464631582567,63.502060469680224,59.26902014589794,65.26340111815995,66.76209237336329,59.26902014589794,65.26340111815995,66.76209237336329,159.15577569555012,161.1272309610321,161.6375502793788,56.01579426326799,62.00464631582567,63.502060469680224,59.26902014589794,65.26340111815995,66.76209237336329,93.83276111454747,96.64065513291736,97.36842629167573,0,0,0,0,0,0,0,0,0,0,0,UNKNOWN_NO_WELLS_IN_DATASET,,UNKNOWN_NO_WELLS_IN_DATASET,,UNKNOWN_NO_WELLS_IN_DATASET,,UNKNOWN_NO_WELLS_IN_DATASET,,UNKNOWN_NO_WELLS_IN_DATASET,,UNKNOWN_NO_WELLS_IN_DATASET,,UNKNOWN_NO_WELLS_IN_DATASET,,UNKNOWN_NO_WELLS_IN_DATASET,,UNKNOWN_NO_WELLS_IN_DATASET,,UNKNOWN_NO_WELLS_IN_DATASET,,UNKNOWN_NO_WELLS_IN_DATASET,,UNKNOWN_NO_WELLS_IN_DATASET
PIH-500-0777,500,23.466166428277223,0,EPSG:5880,DESCRIPTIVE_NO_PIH_SCORE,,,,,,,,0,0.0,,,,0,0.0,,,,0,0.0,,,,0,REPRESENTATIVE_POINT,1.8876714452214574,1.8876714452214574,1.8876714452214574,1.8876714452214574,1.8876714452214574,1.8876714452214574,1.8876714452214574,1.8876714452214574,1.8876714452214574,1.8876714452214574,1.8876714452214574,1.8876714452214574,1.8876714452214574,1.8876714452214574,1.8876714452214574,1.8876714452214574,1.8876714452214574,1.8876714452214574,2.0483849844275457,2.0483849844275457,2.0483849844275457,2.0483849844275457,2.0483849844275457,2.0483849844275457,151.3586435428527,151.3586435428527,151.3586435428527,3.508573360253401,3.508573360253401,3.508573360253401,1.8876714452214574,1.8876714452214574,1.8876714452214574,62.71210070433794,62.71210070433794,62.71210070433794,0,0,0,0,0,0,0,0,0,0,0,UNKNOWN_NO_WELLS_IN_DATASET,,UNKNOWN_NO_WELLS_IN_DATASET,,UNKNOWN_NO_WELLS_IN_DATASET,,UNKNOWN_NO_WELLS_IN_DATASET,,UNKNOWN_NO_WELLS_IN_DATASET,,UNKNOWN_NO_WELLS_IN_DATASET,,UNKNOWN_NO_WELLS_IN_DATASET,,UNKNOWN_NO_WELLS_IN_DATASET,,UNKNOWN_NO_WELLS_IN_DATASET,,UNKNOWN_NO_WELLS_IN_DATASET,,UNKNOWN_NO_WELLS_IN_DATASET,,UNKNOWN_NO_WELLS_IN_DATASET
PIH-500-0778,500,253.25266020380982,0,EPSG:5880,DESCRIPTIVE_NO_PIH_SCORE,,,,,,,,0,0.0,,,,0,0.0,,,,0,0.0,,,,8,NONE,15.22801166545885,21.94442103999354,22.780226111438296,15.22801166545885,21.94442103999354,22.780226111438296,15.22801166545885,21.94442103999354,22.780226111438296,15.22801166545885,21.94442103999354,22.780226111438296,15.22801166545885,21.94442103999354,22.780226111438296,15.22801166545885,21.94442103999354,22.780226111438296,15.375746782190717,22.06637500377932,22.926350583961074,15.375746782190717,22.06637500377932,22.926350583961074,155.941434643773,158.91780535941032,159.58429287968318,15.784400966871958,22.36666469631146,23.320083876016447,15.22801166545885,21.94442103999354,22.780226111438296,63.065560555652176,65.54519632170467,66.03990921132359,0,0,0,0,0,0,0,0,0,0,0,UNKNOWN_NO_WELLS_IN_DATASET,,UNKNOWN_NO_WELLS_IN_DATASET,,UNKNOWN_NO_WELLS_IN_DATASET,,UNKNOWN_NO_WELLS_IN_DATASET,,UNKNOWN_NO_WELLS_IN_DATASET,,UNKNOWN_NO_WELLS_IN_DATASET,,UNKNOWN_NO_WELLS_IN_DATASET,,UNKNOWN_NO_WELLS_IN_DATASET,,UNKNOWN_NO_WELLS_IN_DATASET,,UNKNOWN_NO_WELLS_IN_DATASET,,UNKNOWN_NO_WELLS_IN_DATASET,,UNKNOWN_NO_WELLS_IN_DATASET
PIH-500-0779,500,75.4441335049926,0,EPSG:5880,DESCRIPTIVE_NO_PIH_SCORE,,,,,,,,0,0.0,,,,0,0.0,,,,0,0.0,,,,3,NONE,31.52853794777024,35.482320453688295,36.470766080167806,31.52853794777024,35.482320453688295,36.470766080167806,31.52853794777024,35.482320453688295,36.470766080167806,31.52853794777024,35.482320453688295,36.470766080167806,31.52853794777024,35.482320453688295,36.470766080167806,31.52853794777024,35.482320453688295,36.470766080167806,31.632782827903053,35.56466255220299,36.54763248327797,31.632782827903053,35.56466255220299,36.54763248327797,150.28601521402078,155.8570026646613,157.24974952732143,31.86142102502897,35.71142703887074,36.673928542331176,31.52853794777024,35.482320453688295,36.470766080167806,61.418579050083466,64.68149888741955,65.49722884675357,0,0,0,0,0,0,0,0,0,0,0,UNKNOWN_NO_WELLS_IN_DATASET,,UNKNOWN_NO_WELLS_IN_DATASET,,UNKNOWN_NO_WELLS_IN_DATASET,,UNKNOWN_NO_WELLS_IN_DATASET,,UNKNOWN_NO_WELLS_IN_DATASET,,UNKNOWN_NO_WELLS_IN_DATASET,,UNKNOWN_NO_WELLS_IN_DATASET,,UNKNOWN_NO_WELLS_IN_DATASET,,UNKNOWN_NO_WELLS_IN_DATASET,,UNKNOWN_NO_WELLS_IN_DATASET,,UNKNOWN_NO_WELLS_IN_DATASET,,UNKNOWN_NO_WELLS_IN_DATASET
PIH-500-0780,500,5.198126503120544,0,EPSG:5880,DESCRIPTIVE_NO_PIH_SCORE,,,,,,,,0,0.0,,,,0,0.0,,,,0,0.0,,,,1,NONE,20.83413232658128,20.83413232658128,20.83413232658128,20.83413232658128,20.83413232658128,20.83413232658128,20.83413232658128,20.83413232658128,20.83413232658128,20.83413232658128,20.83413232658128,20.83413232658128,20.83413232658128,20.83413232658128,20.83413232658128,20.83413232658128,20.83413232658128,20.83413232658128,61.5249866180262,61.5249866180262,61.5249866180262,61.5249866180262,61.5249866180262,61.5249866180262,130.8957078632339,130.8957078632339,130.8957078632339,20.83413232658128,20.83413232658128,20.83413232658128,61.4436850205237,61.4436850205237,61.4436850205237,68.66148133946308,68.66148133946308,68.66148133946308,0,0,0,0,0,0,0,0,0,0,0,UNKNOWN_NO_WELLS_IN_DATASET,,UNKNOWN_NO_WELLS_IN_DATASET,,UNKNOWN_NO_WELLS_IN_DATASET,,UNKNOWN_NO_WELLS_IN_DATASET,,UNKNOWN_NO_WELLS_IN_DATASET,,UNKNOWN_NO_WELLS_IN_DATASET,,UNKNOWN_NO_WELLS_IN_DATASET,,UNKNOWN_NO_WELLS_IN_DATASET,,UNKNOWN_NO_WELLS_IN_DATASET,,UNKNOWN_NO_WELLS_IN_DATASET,,UNKNOWN_NO_WELLS_IN_DATASET,,UNKNOWN_NO_WELLS_IN_DATASET
PIH-500-0781,500,382.69219495976256,0,EPSG:5880,DESCRIPTIVE_NO_PIH_SCORE,,,,,,,,0,0.0,,,,0,0.0,,,,0,0.0,,,,16,NONE,11.80703424822838,20.539290521353102,23.73349228627084,11.80703424822838,20.539290521353102,23.73349228627084,11.80703424822838,20.539290521353102,23.73349228627084,11.80703424822838,20.539290521353102,23.73349228627084,11.80703424822838,20.539290521353102,23.73349228627084,11.80703424822838,20.539290521353102,23.73349228627084,86.7013676549479,94.21554090429848,98.15317620760217,86.7013676549479,94.21554090429848,98.15317620760217,132.69403167439117,139.06596058961134,140.81502199059642,11.80703424822838,20.539290521353102,23.73349228627084,82.25259579694549,90.8584723814935,93.79967201070906,78.26105618596975,86.58062555891482,89.517056034502,0,0,0,0,0,0,0,0,0,0,0,UNKNOWN_NO_WELLS_IN_DATASET,,UNKNOWN_NO_WELLS_IN_DATASET,,UNKNOWN_NO_WELLS_IN_DATASET,,UNKNOWN_NO_WELLS_IN_DATASET,,UNKNOWN_NO_WELLS_IN_DATASET,,UNKNOWN_NO_WELLS_IN_DATASET,,UNKNOWN_NO_WELLS_IN_DATASET,,UNKNOWN_NO_WELLS_IN_DATASET,,UNKNOWN_NO_WELLS_IN_DATASET,,UNKNOWN_NO_WELLS_IN_DATASET,,UNKNOWN_NO_WELLS_IN_DATASET,,UNKNOWN_NO_WELLS_IN_DATASET
PIH-500-0782,500,293.1159624664305,0,EPSG:5880,DESCRIPTIVE_NO_PIH_SCORE,,,,,,,,0,0.0,,,,0,0.0,,,,0,0.0,,,,11,NONE,27.021574427039525,34.84162943008198,37.80465035144051,27.021574427039525,34.84162943008198,37.80465035144051,27.021574427039525,34.84162943008198,37.80465035144051,27.021574427039525,34.84162943008198,37.80465035144051,27.021574427039525,34.84162943008198,37.80465035144051,27.021574427039525,34.84162943008198,37.80465035144051,94.36541605693917,99.62984122828928,104.34465737196832,94.36541605693917,99.62984122828928,104.34465737196832,133.87692852376605,139.3363891754556,143.56136353947485,27.021574427039525,34.84162943008198,37.80465035144051,91.885112556685,98.3450993786297,103.00250741222332,87.62516277471691,94.1008865288967,98.74829972345299,0,0,0,0,0,0,0,0,0,0,0,UNKNOWN_NO_WELLS_IN_DATASET,,UNKNOWN_NO_WELLS_IN_DATASET,,UNKNOWN_NO_WELLS_IN_DATASET,,UNKNOWN_NO_WELLS_IN_DATASET,,UNKNOWN_NO_WELLS_IN_DATASET,,UNKNOWN_NO_WELLS_IN_DATASET,,UNKNOWN_NO_WELLS_IN_DATASET,,UNKNOWN_NO_WELLS_IN_DATASET,,UNKNOWN_NO_WELLS_IN_DATASET,,UNKNOWN_NO_WELLS_IN_DATASET,,UNKNOWN_NO_WELLS_IN_DATASET,,UNKNOWN_NO_WELLS_IN_DATASET
PIH-500-0783,500,97.71616600206391,0,EPSG:5880,DESCRIPTIVE_NO_PIH_SCORE,,,,,,,,0,0.0,,,,0,0.0,,,,0,0.0,,,,3,NONE,201.7840009973228,203.45958248225608,203.87847785348941,201.7840009973228,203.45958248225608,203.87847785348941,201.7840009973228,203.45958248225608,203.87847785348941,201.7840009973228,203.45958248225608,203.87847785348941,201.7840009973228,203.45958248225608,203.87847785348941,201.7840009973228,203.45958248225608,203.87847785348941,201.7840009973228,203.45958248225608,203.87847785348941,201.7840009973228,203.45958248225608,203.87847785348941,207.12727144973493,208.8751461080122,209.3121147725815,204.65232536216863,204.7409950910799,204.76316252330773,201.7840009973228,203.45958248225608,203.87847785348941,201.7840009973228,203.45958248225608,203.87847785348941,0,0,0,0,0,0,0,0,0,0,0,UNKNOWN_NO_WELLS_IN_DATASET,,UNKNOWN_NO_WELLS_IN_DATASET,,UNKNOWN_NO_WELLS_IN_DATASET,,UNKNOWN_NO_WELLS_IN_DATASET,,UNKNOWN_NO_WELLS_IN_DATASET,,UNKNOWN_NO_WELLS_IN_DATASET,,UNKNOWN_NO_WELLS_IN_DATASET,,UNKNOWN_NO_WELLS_IN_DATASET,,UNKNOWN_NO_WELLS_IN_DATASET,,UNKNOWN_NO_WELLS_IN_DATASET,,UNKNOWN_NO_WELLS_IN_DATASET,,UNKNOWN_NO_WELLS_IN_DATASET
PIH-500-0784,500,182.7878611829609,0,EPSG:5880,DESCRIPTIVE_NO_PIH_SCORE,,,,,,,,0,0.0,,,,0,0.0,,,,0,0.0,,,,8,NONE,185.262432540757,191.839314191756,194.8330790619967,185.262432540757,191.839314191756,194.8330790619967,185.262432540757,191.839314191756,194.8330790619967,185.262432540757,191.839314191756,194.8330790619967,185.262432540757,191.839314191756,194.8330790619967,185.262432540757,191.839314191756,194.8330790619967,188.41501980823605,194.99100374447048,198.0115801872434,188.41501980823605,194.99100374447048,198.0115801872434,221.18924079042247,226.649631900581,228.51355091030678,185.262432540757,191.839314191756,194.8330790619967,188.41501980823605,194.99100374447048,198.0115801872434,199.92576309204173,205.9880305085017,207.17718372480877,0,0,0,0,0,0,0,0,0,0,0,UNKNOWN_NO_WELLS_IN_DATASET,,UNKNOWN_NO_WELLS_IN_DATASET,,UNKNOWN_NO_WELLS_IN_DATASET,,UNKNOWN_NO_WELLS_IN_DATASET,,UNKNOWN_NO_WELLS_IN_DATASET,,UNKNOWN_NO_WELLS_IN_DATASET,,UNKNOWN_NO_WELLS_IN_DATASET,,UNKNOWN_NO_WELLS_IN_DATASET,,UNKNOWN_NO_WELLS_IN_DATASET,,UNKNOWN_NO_WELLS_IN_DATASET,,UNKNOWN_NO_WELLS_IN_DATASET,,UNKNOWN_NO_WELLS_IN_DATASET
PIH-500-0785,500,331.7089768190751,0,EPSG:5880,DESCRIPTIVE_NO_PIH_SCORE,,,,,,,,0,0.0,,,,0,0.0,,,,0,0.0,,,,11,NONE,160.95844416824866,170.04372561890534,170.80879596446871,160.95844416824866,170.04372561890534,170.80879596446871,160.95844416824866,170.04372561890534,170.80879596446871,160.95844416824866,170.04372561890534,170.80879596446871,160.95844416824866,170.04372561890534,170.80879596446871,160.95844416824866,170.04372561890534,170.80879596446871,164.06044823736215,173.19981444939467,173.92525619076125,164.06044823736215,173.19981444939467,173.92525619076125,231.25375188739213,236.62353026901454,237.34037242629051,160.95844416824866,170.04372561890534,170.80879596446871,164.06044823736215,173.19981444939467,173.92525619076125,181.86043609398303,185.98318765308315,188.82600103668125,0,0,0,0,0,0,0,0,0,0,0,UNKNOWN_NO_WELLS_IN_DATASET,,UNKNOWN_NO_WELLS_IN_DATASET,,UNKNOWN_NO_WELLS_IN_DATASET,,UNKNOWN_NO_WELLS_IN_DATASET,,UNKNOWN_NO_WELLS_IN_DATASET,,UNKNOWN_NO_WELLS_IN_DATASET,,UNKNOWN_NO_WELLS_IN_DATASET,,UNKNOWN_NO_WELLS_IN_DATASET,,UNKNOWN_NO_WELLS_IN_DATASET,,UNKNOWN_NO_WELLS_IN_DATASET,,UNKNOWN_NO_WELLS_IN_DATASET,,UNKNOWN_NO_WELLS_IN_DATASET
PIH-500-0786,500,486.98273367808304,0,EPSG:5880,DESCRIPTIVE_NO_PIH_SCORE,,,,,,,,0,0.0,,,,0,0.0,,,,0,0.0,,,,20,NONE,141.86846319382022,151.23022128874325,153.3334569891477,141.86846319382022,151.23022128874325,153.3334569891477,141.86846319382022,151.23022128874325,153.3334569891477,141.86846319382022,151.23022128874325,153.3334569891477,141.86846319382022,151.23022128874325,153.3334569891477,141.86846319382022,151.23022128874325,153.3334569891477,144.9073528642042,154.31060517505682,156.31796007529277,144.9073528642042,154.31060517505682,156.31796007529277,222.3360196384303,231.38770469920692,234.2721371404187,141.86846319382022,151.23022128874325,153.3334569891477,144.9073528642042,154.31060517505682,156.31796007529277,167.14418831050818,175.69498967216816,179.3604536403645,0,0,0,0,0,0,0,0,0,0,0,UNKNOWN_NO_WELLS_IN_DATASET,,UNKNOWN_NO_WELLS_IN_DATASET,,UNKNOWN_NO_WELLS_IN_DATASET,,UNKNOWN_NO_WELLS_IN_DATASET,,UNKNOWN_NO_WELLS_IN_DATASET,,UNKNOWN_NO_WELLS_IN_DATASET,,UNKNOWN_NO_WELLS_IN_DATASET,,UNKNOWN_NO_WELLS_IN_DATASET,,UNKNOWN_NO_WELLS_IN_DATASET,,UNKNOWN_NO_WELLS_IN_DATASET,,UNKNOWN_NO_WELLS_IN_DATASET,,UNKNOWN_NO_WELLS_IN_DATASET
PIH-500-0787,500,272.26773037753577,0,EPSG:5880,DESCRIPTIVE_NO_PIH_SCORE,,,,,,,,0,0.0,,,,0,0.0,,,,0,0.0,,,,12,NONE,116.38647158211592,126.30735838425957,127.88789153531378,116.38647158211592,126.30735838425957,127.88789153531378,116.38647158211592,126.30735838425957,127.88789153531378,116.38647158211592,126.30735838425957,127.88789153531378,116.38647158211592,126.30735838425957,127.88789153531378,116.38647158211592,126.30735838425957,127.88789153531378,119.41903098322773,129.32908928134088,130.8551698002002,119.41903098322773,129.32908928134088,130.8551698002002,204.17423917960127,212.9562630771602,215.78129686141318,116.38647158211592,126.30735838425957,127.88789153531378,119.41903098322773,129.32908928134088,130.8551698002002,145.64757239553342,154.4363680496915,157.86709722305437,0,0,0,0,0,0,0,0,0,0,0,UNKNOWN_NO_WELLS_IN_DATASET,,UNKNOWN_NO_WELLS_IN_DATASET,,UNKNOWN_NO_WELLS_IN_DATASET,,UNKNOWN_NO_WELLS_IN_DATASET,,UNKNOWN_NO_WELLS_IN_DATASET,,UNKNOWN_NO_WELLS_IN_DATASET,,UNKNOWN_NO_WELLS_IN_DATASET,,UNKNOWN_NO_WELLS_IN_DATASET,,UNKNOWN_NO_WELLS_IN_DATASET,,UNKNOWN_NO_WELLS_IN_DATASET,,UNKNOWN_NO_WELLS_IN_DATASET,,UNKNOWN_NO_WELLS_IN_DATASET
PIH-500-0788,500,88.17460050588166,0,EPSG:5880,DESCRIPTIVE_NO_PIH_SCORE,,,,,,,,0,0.0,,,,0,0.0,,,,0,0.0,,,,4,NONE,93.91126995193491,99.72986630385104,101.18646359063857,93.91126995193491,99.72986630385104,101.18646359063857,93.91126995193491,99.72986630385104,101.18646359063857,93.91126995193491,99.72986630385104,101.18646359063857,93.91126995193491,99.72986630385104,101.18646359063857,93.91126995193491,99.72986630385104,101.18646359063857,96.90199626210838,102.74440910120481,104.20665654870824,96.90199626210838,102.74440910120481,104.20665654870824,191.00044533718602,193.73355436850662,194.4297468507772,93.91126995193491,99.72986630385104,101.18646359063857,96.90199626210838,102.74440910120481,104.20665654870824,129.25310797230742,132.89618913376188,133.82210528640795,0,0,0,0,0,0,0,0,0,0,0,UNKNOWN_NO_WELLS_IN_DATASET,,UNKNOWN_NO_WELLS_IN_DATASET,,UNKNOWN_NO_WELLS_IN_DATASET,,UNKNOWN_NO_WELLS_IN_DATASET,,UNKNOWN_NO_WELLS_IN_DATASET,,UNKNOWN_NO_WELLS_IN_DATASET,,UNKNOWN_NO_WELLS_IN_DATASET,,UNKNOWN_NO_WELLS_IN_DATASET,,UNKNOWN_NO_WELLS_IN_DATASET,,UNKNOWN_NO_WELLS_IN_DATASET,,UNKNOWN_NO_WELLS_IN_DATASET,,UNKNOWN_NO_WELLS_IN_DATASET
PIH-500-0789,500,219.04711156191152,0,EPSG:5880,DESCRIPTIVE_NO_PIH_SCORE,,,,,,,,0,0.0,,,,0,0.0,,,,0,0.0,,,,8,NONE,36.28885848027791,42.996971475122606,45.91363741129274,36.28885848027791,42.996971475122606,45.91363741129274,36.28885848027791,42.996971475122606,45.91363741129274,36.28885848027791,42.996971475122606,45.91363741129274,36.28885848027791,42.996971475122606,45.91363741129274,36.28885848027791,42.996971475122606,45.91363741129274,105.99766072763498,111.95656937282199,113.06269713180096,105.99766072763498,111.95656937282199,113.06269713180096,149.05527035706626,155.61780500904587,158.80937032821603,36.28885848027791,42.996971475122606,45.91363741129274,105.40449542034864,111.48994715219388,112.91808824785565,101.12447139209067,108.0379855290706,111.39756916126453,0,0,0,0,0,0,0,0,0,0,0,UNKNOWN_NO_WELLS_IN_DATASET,,UNKNOWN_NO_WELLS_IN_DATASET,,UNKNOWN_NO_WELLS_IN_DATASET,,UNKNOWN_NO_WELLS_IN_DATASET,,UNKNOWN_NO_WELLS_IN_DATASET,,UNKNOWN_NO_WELLS_IN_DATASET,,UNKNOWN_NO_WELLS_IN_DATASET,,UNKNOWN_NO_WELLS_IN_DATASET,,UNKNOWN_NO_WELLS_IN_DATASET,,UNKNOWN_NO_WELLS_IN_DATASET,,UNKNOWN_NO_WELLS_IN_DATASET,,UNKNOWN_NO_WELLS_IN_DATASET
PIH-500-0790,500,39.69350626578192,0,EPSG:5880,DESCRIPTIVE_NO_PIH_SCORE,,,,,,,,0,0.0,,,,0,0.0,,,,0,0.0,,,,3,NONE,44.82963843148529,47.952685879297675,48.73344774125077,44.82963843148529,47.952685879297675,48.73344774125077,44.82963843148529,47.952685879297675,48.73344774125077,44.82963843148529,47.952685879297675,48.73344774125077,44.82963843148529,47.952685879297675,48.73344774125077,44.82963843148529,47.952685879297675,48.73344774125077,114.34284592976498,117.09584299683375,117.78409226360095,114.34284592976498,117.09584299683375,117.78409226360095,153.55396037402622,157.55127916101068,158.5506088577568,44.82963843148529,47.952685879297675,48.73344774125077,112.40566024907397,116.1965836421931,117.1443144904729,108.1375346666001,111.92470957089901,112.87150329697374,0,0,0,0,0,0,0,0,0,0,0,UNKNOWN_NO_WELLS_IN_DATASET,,UNKNOWN_NO_WELLS_IN_DATASET,,UNKNOWN_NO_WELLS_IN_DATASET,,UNKNOWN_NO_WELLS_IN_DATASET,,UNKNOWN_NO_WELLS_IN_DATASET,,UNKNOWN_NO_WELLS_IN_DATASET,,UNKNOWN_NO_WELLS_IN_DATASET,,UNKNOWN_NO_WELLS_IN_DATASET,,UNKNOWN_NO_WELLS_IN_DATASET,,UNKNOWN_NO_WELLS_IN_DATASET,,UNKNOWN_NO_WELLS_IN_DATASET,,UNKNOWN_NO_WELLS_IN_DATASET
PIH-500-0791,500,29.31623737684537,0,EPSG:5880,DESCRIPTIVE_NO_PIH_SCORE,,,,,,,,0,0.0,,,,0,0.0,,,,0,0.0,,,,0,REPRESENTATIVE_POINT,151.6601925468597,151.6601925468597,151.6601925468597,151.6601925468597,151.6601925468597,151.6601925468597,151.6601925468597,151.6601925468597,151.6601925468597,151.6601925468597,151.6601925468597,151.6601925468597,151.6601925468597,151.6601925468597,151.6601925468597,151.6601925468597,151.6601925468597,151.6601925468597,154.59479308826891,154.59479308826891,154.59479308826891,154.59479308826891,154.59479308826891,154.59479308826891,235.68281645972948,235.68281645972948,235.68281645972948,151.6601925468597,151.6601925468597,151.6601925468597,154.59479308826891,154.59479308826891,154.59479308826891,179.88987030947908,179.88987030947908,179.88987030947908,0,0,0,0,0,0,0,0,0,0,0,UNKNOWN_NO_WELLS_IN_DATASET,,UNKNOWN_NO_WELLS_IN_DATASET,,UNKNOWN_NO_WELLS_IN_DATASET,,UNKNOWN_NO_WELLS_IN_DATASET,,UNKNOWN_NO_WELLS_IN_DATASET,,UNKNOWN_NO_WELLS_IN_DATASET,,UNKNOWN_NO_WELLS_IN_DATASET,,UNKNOWN_NO_WELLS_IN_DATASET,,UNKNOWN_NO_WELLS_IN_DATASET,,UNKNOWN_NO_WELLS_IN_DATASET,,UNKNOWN_NO_WELLS_IN_DATASET,,UNKNOWN_NO_WELLS_IN_DATASET
PIH-500-0792,500,9.130347993092194,0,EPSG:5880,DESCRIPTIVE_NO_PIH_SCORE,,,,,,,,0,0.0,,,,0,0.0,,,,0,0.0,,,,1,NONE,140.33848062475354,140.33848062475354,140.33848062475354,140.33848062475354,140.33848062475354,140.33848062475354,140.33848062475354,140.33848062475354,140.33848062475354,140.33848062475354,140.33848062475354,140.33848062475354,140.33848062475354,140.33848062475354,140.33848062475354,140.33848062475354,140.33848062475354,140.33848062475354,143.2161916825447,143.2161916825447,143.2161916825447,143.2161916825447,143.2161916825447,143.2161916825447,229.62829803967088,229.62829803967088,229.62829803967088,140.33848062475354,140.33848062475354,140.33848062475354,143.2161916825447,143.2161916825447,143.2161916825447,172.00610828704723,172.00610828704723,172.00610828704723,0,0,0,0,0,0,0,0,0,0,0,UNKNOWN_NO_WELLS_IN_DATASET,,UNKNOWN_NO_WELLS_IN_DATASET,,UNKNOWN_NO_WELLS_IN_DATASET,,UNKNOWN_NO_WELLS_IN_DATASET,,UNKNOWN_NO_WELLS_IN_DATASET,,UNKNOWN_NO_WELLS_IN_DATASET,,UNKNOWN_NO_WELLS_IN_DATASET,,UNKNOWN_NO_WELLS_IN_DATASET,,UNKNOWN_NO_WELLS_IN_DATASET,,UNKNOWN_NO_WELLS_IN_DATASET,,UNKNOWN_NO_WELLS_IN_DATASET,,UNKNOWN_NO_WELLS_IN_DATASET
PIH-500-0793,500,1.9783294056960108,0,EPSG:5880,DESCRIPTIVE_NO_PIH_SCORE,,,,,,,,0,0.0,,,,0,0.0,,,,0,0.0,,,,0,REPRESENTATIVE_POINT,48.670344430354376,48.670344430354376,48.670344430354376,48.670344430354376,48.670344430354376,48.670344430354376,48.670344430354376,48.670344430354376,48.670344430354376,48.670344430354376,48.670344430354376,48.670344430354376,48.670344430354376,48.670344430354376,48.670344430354376,48.670344430354376,48.670344430354376,48.670344430354376,116.61699118384426,116.61699118384426,116.61699118384426,116.61699118384426,116.61699118384426,116.61699118384426,159.69369303534918,159.69369303534918,159.69369303534918,48.670344430354376,48.670344430354376,48.670344430354376,116.47253249205993,116.47253249205993,116.47253249205993,113.40256147466089,113.40256147466089,113.40256147466089,0,0,0,0,0,0,0,0,0,0,0,UNKNOWN_NO_WELLS_IN_DATASET,,UNKNOWN_NO_WELLS_IN_DATASET,,UNKNOWN_NO_WELLS_IN_DATASET,,UNKNOWN_NO_WELLS_IN_DATASET,,UNKNOWN_NO_WELLS_IN_DATASET,,UNKNOWN_NO_WELLS_IN_DATASET,,UNKNOWN_NO_WELLS_IN_DATASET,,UNKNOWN_NO_WELLS_IN_DATASET,,UNKNOWN_NO_WELLS_IN_DATASET,,UNKNOWN_NO_WELLS_IN_DATASET,,UNKNOWN_NO_WELLS_IN_DATASET,,UNKNOWN_NO_WELLS_IN_DATASET
