well_id,municipality,aquifer,static_level_m,zero_requires_review,measurement_date,source,evidence_code,latitude,longitude
3500065054,Dourados,Guarani,67.0,False,UNKNOWN,SIAGAS_MS_20260814,E04,-22.19166699999994,-54.69222199999996
3500053084,Miranda,Coluvionar,12.0,False,UNKNOWN,SIAGAS_MS_20260814,E04,-20.143332999999927,-56.28333299999997
3500027119,Caarapó,Serra geral,23.0,False,UNKNOWN,SIAGAS_MS_20260814,E04,-22.642499999999927,-54.82416699999993
3500026917,Três Lagoas,Serra geral,7.0,False,UNKNOWN,SIAGAS_MS_20260814,E04,-20.97083299999997,-51.839166999999975
3500027282,Chapadão do Sul,Bauru,57.0,False,UNKNOWN,SIAGAS_MS_20260814,E04,-18.807777999999928,-52.62555599999996
3500045668,Corguinho,Aquidauana,54.0,False,UNKNOWN,SIAGAS_MS_20260814,E04,-19.677221999999972,-55.08277799999996
3500045682,Iguatemi,Caiua,6.5,False,UNKNOWN,SIAGAS_MS_20260814,E04,-23.67972199999997,-54.57472199999995
3500053090,Maracaju,Guarani,17.0,False,UNKNOWN,SIAGAS_MS_20260814,E04,-21.613888999999972,-55.194999999999936
3500065040,Campo Grande,Serra geral,7.0,False,UNKNOWN,SIAGAS_MS_20260814,E04,-20.46222199999994,-54.61638899999997
3500065045,Campo Grande,Serra geral,15.0,False,UNKNOWN,SIAGAS_MS_20260814,E04,-20.468610999999953,-54.716388999999936
3500065046,Campo Grande,Serra geral,26.3,False,UNKNOWN,SIAGAS_MS_20260814,E04,-20.44222199999996,-54.67277799999994
3500065047,Campo Grande,Serra geral,12.8,False,UNKNOWN,SIAGAS_MS_20260814,E04,-20.484166999999957,-54.74916699999994
3500065060,Ivinhema,Caiua,12.75,False,UNKNOWN,SIAGAS_MS_20260814,E04,-22.338888999999938,-53.84249999999997
3500065072,Selvíria,Serra geral,18.0,False,UNKNOWN,SIAGAS_MS_20260814,E04,-20.361943999999937,-51.426943999999935
3500023027,Coxim,Guarani,12.0,False,UNKNOWN,SIAGAS_MS_20260814,E04,-18.64027699999997,-54.35972199999998
3500065009,Aral Moreira,Serra geral,3.65,False,UNKNOWN,SIAGAS_MS_20260814,E04,-22.944166999999936,-55.634721999999954
3500068739,Ribas do Rio Pardo,Bauru,34.23,False,UNKNOWN,SIAGAS_MS_20260814,E04,-20.012241999999958,-53.29814399999998
3500071611,Jateí,Bauru_Caiua,23.16,False,UNKNOWN,SIAGAS_MS_20260814,E04,-22.542666999999938,-54.306221999999934
3500071605,Sete Quedas,Bauru_Caiua,22.0,False,UNKNOWN,SIAGAS_MS_20260814,E04,-23.967555999999945,-55.01655599999998
3500071514,Três Lagoas,Bauru_Caiua,22.32,False,UNKNOWN,SIAGAS_MS_20260814,E04,-20.84818299999995,-51.74865599999998
3500070919,Itaquiraí,Bauru_Caiua,15.0,False,UNKNOWN,SIAGAS_MS_20260814,E04,-23.53314699999993,-54.06936699999994
3500070840,Nioaque,Guarani,5.95,False,UNKNOWN,SIAGAS_MS_20260814,E04,-21.15839699999998,-55.828307999999936
3500069727,Itaporã,Bauru_Caiua,15.68,False,UNKNOWN,SIAGAS_MS_20260814,E04,-22.08438899999993,-54.83758299999994
3500026934,Glória de Dourados,Caiua,10.0,False,UNKNOWN,SIAGAS_MS_20260814,E04,-22.464721999999938,-54.17444399999994
3500026935,Nova Andradina,Caiua,39.0,False,UNKNOWN,SIAGAS_MS_20260814,E04,-22.277221999999938,-53.371110999999985
3500026939,Nova Andradina,Serra geral,20.0,False,UNKNOWN,SIAGAS_MS_20260814,E04,-22.284999999999968,-53.37944399999998
3500026957,Caarapó,Serra geral,19.0,False,UNKNOWN,SIAGAS_MS_20260814,E04,-22.59555599999993,-54.81555599999996
3500026979,Dourados,Serra geral,12.0,False,UNKNOWN,SIAGAS_MS_20260814,E04,-21.94805599999995,-54.36694399999993
3500026997,Paranaíba,Bauru,20.0,False,UNKNOWN,SIAGAS_MS_20260814,E04,-19.700832999999932,-51.16999999999996
3500027019,Nova Alvorada do Sul,Serra geral,12.0,False,UNKNOWN,SIAGAS_MS_20260814,E04,-21.452777999999967,-54.381110999999976
3500027044,Três Lagoas,Caiua,6.0,False,UNKNOWN,SIAGAS_MS_20260814,E04,-20.765555999999947,-51.66555599999998
3500027149,Maracaju,Serra geral,5.0,False,UNKNOWN,SIAGAS_MS_20260814,E04,-21.654166999999973,-55.100832999999966
3500027154,Camapuã,Guarani,73.0,False,UNKNOWN,SIAGAS_MS_20260814,E04,-19.513332999999932,-54.04833299999996
3500027162,Rio Brilhante,Serra geral,12.0,False,UNKNOWN,SIAGAS_MS_20260814,E04,-21.807777999999928,-54.549721999999974
3500027173,Três Lagoas,Bauru,15.0,False,UNKNOWN,SIAGAS_MS_20260814,E04,-20.776943999999958,-51.66416699999996
3500027176,Três Lagoas,Bauru,44.0,False,UNKNOWN,SIAGAS_MS_20260814,E04,-20.77249999999998,-51.737499999999955
3500027212,Aral Moreira,Serra geral,7.3,False,UNKNOWN,SIAGAS_MS_20260814,E04,-22.94888899999995,-55.622221999999965
3500027286,Aparecida do Taboado,Caiua,0.0,True,UNKNOWN,SIAGAS_MS_20260814,E04,-20.088610999999958,-51.299721999999974
3500027294,Três Lagoas,Bauru,8.6,False,UNKNOWN,SIAGAS_MS_20260814,E04,-20.797221999999977,-51.71138899999994
3500045287,Três Lagoas,Caiua,8.0,False,UNKNOWN,SIAGAS_MS_20260814,E04,-20.65861099999995,-51.66555599999998
3500045398,Maracaju,Serra geral,10.0,False,UNKNOWN,SIAGAS_MS_20260814,E04,-21.578055999999947,-55.17944399999993
3500045626,Campo Grande,Serra geral,50.0,False,UNKNOWN,SIAGAS_MS_20260814,E04,-20.44972199999995,-54.59249999999997
3500023356,Sete Quedas,Serra geral,6.46,False,UNKNOWN,SIAGAS_MS_20260814,E04,-23.968332999999973,-55.05638799999997
3500023368,Caarapó,Serra geral,19.5,False,UNKNOWN,SIAGAS_MS_20260814,E04,-22.641943999999967,-54.81583299999994
3500045694,Campo Grande,Serra geral,9.3,False,UNKNOWN,SIAGAS_MS_20260814,E04,-20.534999999999968,-54.670555999999976
3500023355,Sete Quedas,Bauru,11.2,False,UNKNOWN,SIAGAS_MS_20260814,E04,-23.97388799999993,-55.03499999999997
3500027045,Aparecida do Taboado,Bauru,22.75,False,UNKNOWN,SIAGAS_MS_20260814,E04,-20.04166699999996,-51.11472199999997
3500023312,Inocência,Bauru,62.9,False,UNKNOWN,SIAGAS_MS_20260814,E04,-19.73166599999996,-51.864443999999935
3500022928,Campo Grande,Guarani,172.0,False,UNKNOWN,SIAGAS_MS_20260814,E04,-20.42083299999996,-54.64694399999996
3500045646,Três Lagoas,Serra geral,18.5,False,UNKNOWN,SIAGAS_MS_20260814,E04,-20.97888899999998,-51.77472199999994
3500022824,Terenos,Guarani,124.6,False,UNKNOWN,SIAGAS_MS_20260814,E04,-20.48444399999994,-54.86777699999993
3500022816,Sidrolândia,Guarani,100.0,False,UNKNOWN,SIAGAS_MS_20260814,E04,-20.923054999999977,-54.96361099999996
3500022567,Costa Rica,Guarani,36.0,False,UNKNOWN,SIAGAS_MS_20260814,E04,-18.54472199999998,-53.13972199999995
3500022930,Campo Grande,Guarani,132.0,False,UNKNOWN,SIAGAS_MS_20260814,E04,-20.558887999999968,-54.65111099999996
3500071764,Ribas do Rio Pardo,Bauru_Caiua,4.5,False,UNKNOWN,SIAGAS_MS_20260814,E04,-21.165246999999965,-53.17158299999994
3500071752,Caarapó,Bauru_Caiua,28.85,False,UNKNOWN,SIAGAS_MS_20260814,E04,-22.63704699999994,-54.947405999999944
3500071581,Ivinhema,Bauru_Caiua,43.0,False,UNKNOWN,SIAGAS_MS_20260814,E04,-22.285852999999975,-53.95501699999994
3500071535,Anaurilândia,Bauru_Caiua,24.0,False,UNKNOWN,SIAGAS_MS_20260814,E04,-22.165832999999964,-52.68083299999995
3500071489,Sidrolândia,Serra geral,28.0,False,UNKNOWN,SIAGAS_MS_20260814,E04,-21.17269399999998,-55.30008299999997
3500071469,Cassilândia,Guarani,10.11,False,UNKNOWN,SIAGAS_MS_20260814,E04,-19.111802999999952,-51.729071999999974
3500071450,Glória de Dourados,Serra geral,32.0,False,UNKNOWN,SIAGAS_MS_20260814,E04,-22.396755999999982,-54.22765799999996
3500071440,São Gabriel do Oeste,Guarani,28.19,False,UNKNOWN,SIAGAS_MS_20260814,E04,-19.440966999999944,-54.53443899999996
3500071332,Caarapó,Bauru_Caiua,18.23,False,UNKNOWN,SIAGAS_MS_20260814,E04,-22.646977999999933,-54.810532999999964
3500071321,Água Clara,Bauru_Caiua,13.84,False,UNKNOWN,SIAGAS_MS_20260814,E04,-20.444974999999943,-52.86348099999998
3500071286,São Gabriel do Oeste,Guarani,24.0,False,UNKNOWN,SIAGAS_MS_20260814,E04,-19.281596999999977,-54.62409999999994
3500071055,Chapadão do Sul,Bauru_Caiua,54.14,False,UNKNOWN,SIAGAS_MS_20260814,E04,-18.797221999999977,-52.602499999999964
3500071039,São Gabriel do Oeste,Guarani,37.03,False,UNKNOWN,SIAGAS_MS_20260814,E04,-19.321241999999927,-54.68636399999997
3500070991,Campo Grande,Serra geral,19.0,False,UNKNOWN,SIAGAS_MS_20260814,E04,-20.562216999999976,-54.581857999999954
3500070764,Glória de Dourados,Bauru_Caiua,12.0,False,UNKNOWN,SIAGAS_MS_20260814,E04,-22.41408299999995,-54.30566699999997
3500070725,São Gabriel do Oeste,Guarani,5.42,False,UNKNOWN,SIAGAS_MS_20260814,E04,-19.400224999999978,-54.56240299999996
3500070687,Campo Grande,Serra geral,15.98,False,UNKNOWN,SIAGAS_MS_20260814,E04,-20.51222199999995,-54.610555999999974
3500070672,Novo Horizonte do Sul,Bauru_Caiua,27.0,False,UNKNOWN,SIAGAS_MS_20260814,E04,-22.656796999999983,-53.85980299999994
3500070593,Itaporã,Serra geral,31.62,False,UNKNOWN,SIAGAS_MS_20260814,E04,-21.894263999999964,-54.727063999999984
3500070472,Itaporã,Serra geral,8.4,False,UNKNOWN,SIAGAS_MS_20260814,E04,-22.093666999999982,-54.71802799999995
3500069979,São Gabriel do Oeste,Guarani,29.87,False,UNKNOWN,SIAGAS_MS_20260814,E04,-19.367999999999938,-54.60469399999994
3500045612,Três Lagoas,Bauru,9.62,False,UNKNOWN,SIAGAS_MS_20260814,E04,-20.79416699999996,-51.72249999999997
3500045709,Três Lagoas,Serra geral,64.0,False,UNKNOWN,SIAGAS_MS_20260814,E04,-20.994721999999967,-51.839999999999975
3500045635,Campo Grande,,94.0,False,UNKNOWN,SIAGAS_MS_20260814,E04,-20.485832999999957,-54.67277799999994
3500026937,Jateí,,20.0,False,UNKNOWN,SIAGAS_MS_20260814,E04,-22.54222199999998,-54.143055999999945
3500045640,Nova Andradina,,35.0,False,UNKNOWN,SIAGAS_MS_20260814,E04,-22.29499999999996,-53.389999999999986
3500045639,Três Lagoas,,12.0,False,UNKNOWN,SIAGAS_MS_20260814,E04,-20.797499999999957,-51.643888999999945
3500045662,Três Lagoas,Serra geral,34.28,False,UNKNOWN,SIAGAS_MS_20260814,E04,-20.797499999999957,-51.87805599999996
3500073735,Dourados,,6.45,False,UNKNOWN,SIAGAS_MS_20260814,E04,-22.29989699999993,-54.66577499999994
3500045671,Miranda,,5.0,False,UNKNOWN,SIAGAS_MS_20260814,E04,-19.97277799999995,-56.30611099999999
3500072514,Rio Brilhante,,7.18,False,UNKNOWN,SIAGAS_MS_20260814,E04,-21.863871999999958,-54.52881099999996
3500072669,Jardim,,21.15,False,UNKNOWN,SIAGAS_MS_20260814,E04,-21.297635999999954,-56.22779399999996
3500072874,Jardim,,27.1,False,UNKNOWN,SIAGAS_MS_20260814,E04,-21.456282999999928,-56.44563299999999
3500072417,Miranda,,30.0,False,UNKNOWN,SIAGAS_MS_20260814,E04,-20.025027999999963,-56.81236099999995
3500072847,Bonito,,25.0,False,UNKNOWN,SIAGAS_MS_20260814,E04,-21.11648299999996,-56.50929699999995
3500073700,Aquidauana,,13.2,False,UNKNOWN,SIAGAS_MS_20260814,E04,-19.967693999999938,-56.27430599999997
3500072775,Rio Brilhante,,9.93,False,UNKNOWN,SIAGAS_MS_20260814,E04,-21.846666999999968,-54.06444399999998
3500072064,Campo Grande,,42.0,False,UNKNOWN,SIAGAS_MS_20260814,E04,-20.39719699999995,-54.557335999999964
3500072751,Corumbá,,27.63,False,UNKNOWN,SIAGAS_MS_20260814,E04,-19.291641999999968,-57.59269199999994
3500072461,Dois Irmãos do Buriti,,77.0,False,UNKNOWN,SIAGAS_MS_20260814,E04,-20.96533599999998,-55.34106899999995
3500073697,Glória de Dourados,,26.0,False,UNKNOWN,SIAGAS_MS_20260814,E04,-22.39104999999995,-54.21763299999998
3500073844,Aparecida do Taboado,,7.8,False,UNKNOWN,SIAGAS_MS_20260814,E04,-20.05683099999993,-51.10813099999996
3500072054,Aquidauana,,9.0,False,UNKNOWN,SIAGAS_MS_20260814,E04,-20.480946999999958,-55.62898599999994
3500073563,Três Lagoas,Bauru,33.5,False,UNKNOWN,SIAGAS_MS_20260814,E04,-20.748188999999968,-51.66515599999997
3500073561,Campo Grande,Serra geral,18.18,False,UNKNOWN,SIAGAS_MS_20260814,E04,-20.467574999999954,-54.63151099999993
3500073599,Glória de Dourados,Bauru,23.4,False,UNKNOWN,SIAGAS_MS_20260814,E04,-22.390555999999947,-54.21391699999998
3500045700,Campo Grande,Serra geral,18.0,False,UNKNOWN,SIAGAS_MS_20260814,E04,-20.631388999999956,-54.56444399999998
3500073618,São Gabriel do Oeste,Botucatu,18.53,False,UNKNOWN,SIAGAS_MS_20260814,E04,-19.53835799999996,-54.44034999999997
3500073632,Sidrolândia,Serra geral,6.0,False,UNKNOWN,SIAGAS_MS_20260814,E04,-21.035488999999927,-54.97286699999995
3500073631,Sidrolândia,Serra geral,18.0,False,UNKNOWN,SIAGAS_MS_20260814,E04,-21.033721999999955,-54.97319199999998
3500073647,Terenos,Serra geral,35.7,False,UNKNOWN,SIAGAS_MS_20260814,E04,-20.347860999999966,-54.899388999999985
3500073650,Brasilândia,Bauru,38.0,False,UNKNOWN,SIAGAS_MS_20260814,E04,-20.61924199999993,-52.77723599999996
3500073659,Novo Horizonte do Sul,Bauru,11.0,False,UNKNOWN,SIAGAS_MS_20260814,E04,-22.60933099999994,-53.90052199999997
3500073664,Inocência,Bauru,21.45,False,UNKNOWN,SIAGAS_MS_20260814,E04,-19.76264699999996,-51.846518999999944
3500073661,Eldorado,Bauru,38.5,False,UNKNOWN,SIAGAS_MS_20260814,E04,-23.78277799999995,-54.28209399999997
3500073667,Água Clara,Bauru,18.18,False,UNKNOWN,SIAGAS_MS_20260814,E04,-20.444082999999978,-52.87658299999998
3500073671,Dourados,Serra geral,6.9,False,UNKNOWN,SIAGAS_MS_20260814,E04,-22.222782999999936,-54.77313299999997
3500073679,Itaquiraí,Bauru,10.0,False,UNKNOWN,SIAGAS_MS_20260814,E04,-23.181366999999966,-54.05005799999998
3500073693,Campo Grande,Serra geral,7.31,False,UNKNOWN,SIAGAS_MS_20260814,E04,-20.46961099999993,-54.72330599999998
3500073701,Nioaque,Botucatu,5.92,False,UNKNOWN,SIAGAS_MS_20260814,E04,-21.158091999999954,-55.829691999999966
3500073707,Itaporã,Serra geral,11.05,False,UNKNOWN,SIAGAS_MS_20260814,E04,-22.065332999999953,-54.73133299999995
3500073710,Maracaju,Serra geral,20.5,False,UNKNOWN,SIAGAS_MS_20260814,E04,-21.635888999999963,-55.162305999999944
3500073731,Campo Grande,Bauru,41.39,False,UNKNOWN,SIAGAS_MS_20260814,E04,-20.468910999999935,-54.53485299999994
3500073737,Campo Grande,Serra geral,5.8,False,UNKNOWN,SIAGAS_MS_20260814,E04,-20.46599999999995,-54.62688899999995
3500073743,Campo Grande,Serra geral,27.48,False,UNKNOWN,SIAGAS_MS_20260814,E04,-20.44691899999998,-54.57679699999994
3500073784,Jateí,Bauru,7.0,False,UNKNOWN,SIAGAS_MS_20260814,E04,-22.50019999999995,-54.260099999999966
3500073782,Rio Brilhante,Serra geral,20.98,False,UNKNOWN,SIAGAS_MS_20260814,E04,-21.84583299999997,-54.66916699999996
3500073788,Glória de Dourados,Bauru,21.18,False,UNKNOWN,SIAGAS_MS_20260814,E04,-22.490902999999946,-54.16637199999997
3500073774,Dourados,Serra geral,10.94,False,UNKNOWN,SIAGAS_MS_20260814,E04,-22.393055999999945,-54.74916699999994
3500073777,Itaquiraí,Bauru,18.0,False,UNKNOWN,SIAGAS_MS_20260814,E04,-23.414318999999978,-54.174455999999964
3500073798,Angélica,Bauru,15.0,False,UNKNOWN,SIAGAS_MS_20260814,E04,-22.13986099999994,-53.81075599999997
3500073817,Jateí,Bauru,6.0,False,UNKNOWN,SIAGAS_MS_20260814,E04,-22.533077999999932,-54.36140299999994
3500073840,Caarapó,Serra geral,11.0,False,UNKNOWN,SIAGAS_MS_20260814,E04,-22.500088999999946,-54.871418999999946
3500073858,São Gabriel do Oeste,Botucatu,34.6,False,UNKNOWN,SIAGAS_MS_20260814,E04,-19.267702999999926,-54.565638999999976
3500073871,Anaurilândia,Bauru,7.0,False,UNKNOWN,SIAGAS_MS_20260814,E04,-22.17349699999994,-52.663224999999954
3500073879,Glória de Dourados,Serra geral,9.0,False,UNKNOWN,SIAGAS_MS_20260814,E04,-22.42441699999995,-54.33934999999997
3500073891,Campo Grande,Serra geral,28.0,False,UNKNOWN,SIAGAS_MS_20260814,E04,-20.45999999999998,-54.612221999999974
3500073909,Brasilândia,Bauru,21.7,False,UNKNOWN,SIAGAS_MS_20260814,E04,-21.17975599999994,-51.98030799999998
3500073908,Três Lagoas,Bauru,5.9,False,UNKNOWN,SIAGAS_MS_20260814,E04,-20.658338999999955,-51.79361699999998
3500073914,Naviraí,Bauru,12.35,False,UNKNOWN,SIAGAS_MS_20260814,E04,-23.041682999999978,-54.19480599999997
3500073925,Dourados,Serra geral,15.5,False,UNKNOWN,SIAGAS_MS_20260814,E04,-22.23183899999998,-54.74971399999998
3500073930,Naviraí,Bauru,19.3,False,UNKNOWN,SIAGAS_MS_20260814,E04,-23.026824999999974,-54.13001399999996
3500073937,Glória de Dourados,Bauru,19.79,False,UNKNOWN,SIAGAS_MS_20260814,E04,-22.41111099999995,-54.25077799999997
3500073940,Juti,Bauru,27.57,False,UNKNOWN,SIAGAS_MS_20260814,E04,-22.66058099999998,-54.677682999999945
3500073946,Bataguassu,Bauru,10.7,False,UNKNOWN,SIAGAS_MS_20260814,E04,-21.706391999999937,-52.40323099999995
3500073001,Rio Brilhante,Serra geral,7.15,False,UNKNOWN,SIAGAS_MS_20260814,E04,-21.775793999999962,-54.52461699999998
3500072951,Chapadão do Sul,Bauru,89.4,False,UNKNOWN,SIAGAS_MS_20260814,E04,-18.769405999999947,-52.919716999999935
3500072906,Dourados,Serra geral,17.87,False,UNKNOWN,SIAGAS_MS_20260814,E04,-22.27550599999995,-54.81623599999995
3500072891,Campo Grande,Serra geral,6.1,False,UNKNOWN,SIAGAS_MS_20260814,E04,-20.40119199999998,-54.61560599999996
3500072880,Brasilândia,Bauru,49.0,False,UNKNOWN,SIAGAS_MS_20260814,E04,-21.028516999999965,-52.68493099999995
3500072833,Campo Grande,Serra geral,63.53,False,UNKNOWN,SIAGAS_MS_20260814,E04,-20.501893999999936,-54.73807199999993
3500072821,Sidrolândia,Serra geral,16.5,False,UNKNOWN,SIAGAS_MS_20260814,E04,-20.969649999999945,-55.06363299999998
3500072815,Dois Irmãos do Buriti,Serra geral,19.87,False,UNKNOWN,SIAGAS_MS_20260814,E04,-20.72338899999994,-55.29336099999995
3500072773,Campo Grande,Serra geral,47.93,False,UNKNOWN,SIAGAS_MS_20260814,E04,-20.46873899999997,-54.680571999999984
3500072753,Campo Grande,Serra geral,44.0,False,UNKNOWN,SIAGAS_MS_20260814,E04,-20.44999699999994,-54.61069399999997
3500072749,Chapadão do Sul,Bauru,86.5,False,UNKNOWN,SIAGAS_MS_20260814,E04,-18.81110599999994,-52.80930799999993
3500072733,Campo Grande,Serra geral,7.0,False,UNKNOWN,SIAGAS_MS_20260814,E04,-20.545927999999947,-54.59258599999998
3500072727,Três Lagoas,Bauru,9.62,False,UNKNOWN,SIAGAS_MS_20260814,E04,-20.795402999999965,-51.72273099999995
3500072711,São Gabriel do Oeste,Botucatu,21.3,False,UNKNOWN,SIAGAS_MS_20260814,E04,-19.25202799999994,-54.32780599999995
3500072702,Campo Grande,Serra geral,9.9,False,UNKNOWN,SIAGAS_MS_20260814,E04,-20.884360999999956,-54.55173099999996
3500072700,Água Clara,Bauru,28.0,False,UNKNOWN,SIAGAS_MS_20260814,E04,-19.875805999999955,-53.36065599999995
3500072659,Coxim,Furnas,32.2,False,UNKNOWN,SIAGAS_MS_20260814,E04,-18.504385999999954,-54.73489699999993
3500072614,Campo Grande,Serra geral,35.2,False,UNKNOWN,SIAGAS_MS_20260814,E04,-20.494352999999933,-54.59617199999997
3500072601,Campo Grande,Serra geral,29.54,False,UNKNOWN,SIAGAS_MS_20260814,E04,-20.46299199999993,-54.611268999999936
3500072594,Antônio João,Serra geral,3.3,False,UNKNOWN,SIAGAS_MS_20260814,E04,-22.196110999999974,-55.94352799999996
3500072528,Campo Grande,Serra geral,29.0,False,UNKNOWN,SIAGAS_MS_20260814,E04,-20.423835999999937,-54.55512199999998
3500072433,Ivinhema,Bauru,36.68,False,UNKNOWN,SIAGAS_MS_20260814,E04,-22.39474699999994,-53.89387799999997
3500072367,Terenos,Serra geral,128.0,False,UNKNOWN,SIAGAS_MS_20260814,E04,-20.504407999999955,-54.86568299999993
3500072353,Sidrolândia,Serra geral,19.4,False,UNKNOWN,SIAGAS_MS_20260814,E04,-20.78638899999993,-54.748963999999944
3500072351,Água Clara,Serra geral,10.79,False,UNKNOWN,SIAGAS_MS_20260814,E04,-20.42836099999994,-52.873088999999936
3500072345,Itaporã,Serra geral,55.9,False,UNKNOWN,SIAGAS_MS_20260814,E04,-22.08858299999997,-54.72063899999995
3500072342,Aparecida do Taboado,Serra geral,24.0,False,UNKNOWN,SIAGAS_MS_20260814,E04,-20.08555599999994,-51.06641899999994
3500072330,Aparecida do Taboado,Serra geral,49.8,False,UNKNOWN,SIAGAS_MS_20260814,E04,-20.08583299999998,-51.063110999999935
3500072301,Campo Grande,Serra geral,7.84,False,UNKNOWN,SIAGAS_MS_20260814,E04,-20.501357999999982,-54.737735999999984
3500072293,Campo Grande,Serra geral,9.85,False,UNKNOWN,SIAGAS_MS_20260814,E04,-20.460396999999944,-54.60909399999997
3500072270,Maracaju,Botucatu,105.25,False,UNKNOWN,SIAGAS_MS_20260814,E04,-21.373332999999946,-55.44249999999994
3500072268,Itaporã,Serra geral,17.35,False,UNKNOWN,SIAGAS_MS_20260814,E04,-21.90502799999996,-54.69702799999993
3500072228,Dourados,Serra geral,17.89,False,UNKNOWN,SIAGAS_MS_20260814,E04,-22.160863999999947,-54.69198899999998
3500072222,Paranaíba,Bauru,24.71,False,UNKNOWN,SIAGAS_MS_20260814,E04,-19.704166999999927,-51.14944399999996
3500072209,Jaraguari,Serra geral,21.0,False,UNKNOWN,SIAGAS_MS_20260814,E04,-20.04213599999997,-54.413607999999954
3500072181,São Gabriel do Oeste,Botucatu,49.66,False,UNKNOWN,SIAGAS_MS_20260814,E04,-19.45055599999995,-54.52638899999994
3500072177,Campo Grande,Serra geral,6.48,False,UNKNOWN,SIAGAS_MS_20260814,E04,-20.469135999999935,-54.62202199999996
3500072142,Sidrolândia,Botucatu,133.0,False,UNKNOWN,SIAGAS_MS_20260814,E04,-20.95294999999993,-54.854727999999966
3500072134,Aparecida do Taboado,Bauru,17.56,False,UNKNOWN,SIAGAS_MS_20260814,E04,-20.105627999999967,-51.104938999999945
3500072036,Rio Brilhante,Serra geral,12.0,False,UNKNOWN,SIAGAS_MS_20260814,E04,-21.795346999999936,-54.53524699999997
3500072032,Sidrolândia,Serra geral,140.96,False,UNKNOWN,SIAGAS_MS_20260814,E04,-20.902221999999938,-54.92277799999994
3500072028,Dourados,Botucatu,74.0,False,UNKNOWN,SIAGAS_MS_20260814,E04,-22.36477199999996,-54.802885999999944
3500072026,Sidrolândia,Botucatu,136.0,False,UNKNOWN,SIAGAS_MS_20260814,E04,-20.902777999999955,-54.91999999999996
3500071968,Maracaju,Serra geral,5.31,False,UNKNOWN,SIAGAS_MS_20260814,E04,-21.77769399999994,-55.58989199999996
3500071958,Dourados,Botucatu,67.0,False,UNKNOWN,SIAGAS_MS_20260814,E04,-22.192249999999945,-54.69272199999995
3500071935,Ponta Porã,Botucatu,280.62,False,UNKNOWN,SIAGAS_MS_20260814,E04,-22.561441999999943,-55.69192499999997
3500071929,Campo Grande,Boa vista,150.0,False,UNKNOWN,SIAGAS_MS_20260814,E04,-20.41929399999998,-54.64054699999997
3500071879,Caarapó,Botucatu,160.32,False,UNKNOWN,SIAGAS_MS_20260814,E04,-22.610721999999953,-54.68552799999998
3500073021,São Gabriel do Oeste,Botucatu,33.0,False,UNKNOWN,SIAGAS_MS_20260814,E04,-19.404518999999937,-54.51321699999994
3500073019,Paraíso das Águas,Bauru,49.8,False,UNKNOWN,SIAGAS_MS_20260814,E04,-19.056555999999944,-53.30236099999996
3500073014,Chapadão do Sul,Bauru,36.0,False,UNKNOWN,SIAGAS_MS_20260814,E04,-18.728899999999953,-52.47679199999993
3500073007,Batayporã,Bauru,16.5,False,UNKNOWN,SIAGAS_MS_20260814,E04,-22.28491699999995,-53.285346999999945
3500073006,Batayporã,Bauru,17.1,False,UNKNOWN,SIAGAS_MS_20260814,E04,-22.284321999999975,-53.283774999999935
3500073043,Aral Moreira,Serra geral,8.0,False,UNKNOWN,SIAGAS_MS_20260814,E04,-22.95928299999997,-55.626057999999944
3500073039,Nova Andradina,Bauru,11.5,False,UNKNOWN,SIAGAS_MS_20260814,E04,-22.300232999999935,-53.36121099999997
3500073065,Três Lagoas,Bauru,22.69,False,UNKNOWN,SIAGAS_MS_20260814,E04,-20.745277999999928,-51.71666699999997
3500073064,Campo Grande,Serra geral,35.36,False,UNKNOWN,SIAGAS_MS_20260814,E04,-20.475999999999942,-54.485874999999965
3500073062,Três Lagoas,Bauru,40.71,False,UNKNOWN,SIAGAS_MS_20260814,E04,-20.077805999999953,-52.42500599999994
3500073056,Brasilândia,Bauru,38.45,False,UNKNOWN,SIAGAS_MS_20260814,E04,-21.469535999999948,-52.162868999999944
3500073054,Campo Grande,Serra geral,35.33,False,UNKNOWN,SIAGAS_MS_20260814,E04,-20.504388999999946,-54.651805999999965
3500073075,Campo Grande,Serra geral,9.39,False,UNKNOWN,SIAGAS_MS_20260814,E04,-20.500018999999952,-54.610566999999946
3500073073,Campo Grande,Serra geral,0.49000000000000005,False,UNKNOWN,SIAGAS_MS_20260814,E04,-20.416480999999976,-54.64710599999995
3500073098,Laguna Carapã,Serra geral,46.61,False,UNKNOWN,SIAGAS_MS_20260814,E04,-22.47703299999995,-55.07521699999995
3500073116,Campo Grande,Serra geral,4.5,False,UNKNOWN,SIAGAS_MS_20260814,E04,-20.418182999999942,-54.60809999999998
3500073141,Campo Grande,Serra geral,28.0,False,UNKNOWN,SIAGAS_MS_20260814,E04,-20.514763999999957,-54.69209399999994
3500073156,Dourados,Serra geral,10.68,False,UNKNOWN,SIAGAS_MS_20260814,E04,-22.22179399999993,-54.775849999999934
3500073155,Angélica,Bauru,23.35,False,UNKNOWN,SIAGAS_MS_20260814,E04,-22.164349999999956,-53.77856399999996
3500073151,Nova Andradina,Bauru,16.4,False,UNKNOWN,SIAGAS_MS_20260814,E04,-21.996752999999956,-53.42644399999995
3500073188,Inocência,Bauru,6.78,False,UNKNOWN,SIAGAS_MS_20260814,E04,-19.218193999999983,-52.03738899999996
3500073181,Campo Grande,Serra geral,7.0,False,UNKNOWN,SIAGAS_MS_20260814,E04,-20.473316999999952,-54.72517799999997
3500073221,Campo Grande,Serra geral,25.67,False,UNKNOWN,SIAGAS_MS_20260814,E04,-20.496816999999965,-54.650777999999946
3500073232,Água Clara,Bauru,13.3,False,UNKNOWN,SIAGAS_MS_20260814,E04,-20.45199199999996,-52.842393999999956
3500073231,Ribas do Rio Pardo,Bauru,48.86,False,UNKNOWN,SIAGAS_MS_20260814,E04,-20.883996999999965,-53.77382199999994
3500073227,Dourados,Serra geral,22.77,False,UNKNOWN,SIAGAS_MS_20260814,E04,-22.322716999999955,-54.82146099999994
3500073265,Ribas do Rio Pardo,Bauru,36.0,False,UNKNOWN,SIAGAS_MS_20260814,E04,-20.469721999999933,-53.750610999999935
3500073263,Campo Grande,Serra geral,3.07,False,UNKNOWN,SIAGAS_MS_20260814,E04,-20.45519699999994,-54.65296399999994
3500073260,Terenos,Serra geral,29.7,False,UNKNOWN,SIAGAS_MS_20260814,E04,-20.434346999999946,-54.87878299999994
3500073277,Bataguassu,Bauru,15.1,False,UNKNOWN,SIAGAS_MS_20260814,E04,-21.731746999999928,-52.33648899999997
3500073275,Brasilândia,Bauru,18.17,False,UNKNOWN,SIAGAS_MS_20260814,E04,-21.17208599999998,-52.31070599999998
3500073289,Ivinhema,Bauru,32.09,False,UNKNOWN,SIAGAS_MS_20260814,E04,-22.246721999999977,-53.92238099999997
3500073343,Naviraí,Bauru,20.9,False,UNKNOWN,SIAGAS_MS_20260814,E04,-23.152499999999975,-53.850018999999975
3500073341,Caarapó,Bauru,27.48,False,UNKNOWN,SIAGAS_MS_20260814,E04,-22.792363999999964,-54.752107999999964
3500073358,Anastácio,Furnas,32.14,False,UNKNOWN,SIAGAS_MS_20260814,E04,-20.49018099999995,-55.80141099999997
3500073356,Ribas do Rio Pardo,Serra geral,12.87,False,UNKNOWN,SIAGAS_MS_20260814,E04,-20.44518599999998,-53.772332999999946
3500073385,Campo Grande,Serra geral,11.2,False,UNKNOWN,SIAGAS_MS_20260814,E04,-20.506752999999946,-54.60223099999996
3500045258,Itaporã,Serra geral,21.29,False,UNKNOWN,SIAGAS_MS_20260814,E04,-21.887499999999932,-54.706388999999945
3500073409,Bandeirantes,Serra geral,51.2,False,UNKNOWN,SIAGAS_MS_20260814,E04,-19.87888899999996,-54.442777999999976
3500073406,Campo Grande,Serra geral,5.0,False,UNKNOWN,SIAGAS_MS_20260814,E04,-20.543407999999943,-54.589430999999934
3500073453,Dourados,Serra geral,22.53,False,UNKNOWN,SIAGAS_MS_20260814,E04,-22.312418999999977,-54.78727799999996
3500073447,Santa Rita do Pardo,Bauru,8.8,False,UNKNOWN,SIAGAS_MS_20260814,E04,-21.489082999999937,-52.39713899999998
3500073446,Anaurilândia,Bauru,10.0,False,UNKNOWN,SIAGAS_MS_20260814,E04,-22.18502799999993,-52.71354199999996
3500073457,Itaporã,Serra geral,15.95,False,UNKNOWN,SIAGAS_MS_20260814,E04,-22.112971999999957,-54.837471999999934
3500073473,Brasilândia,Bauru,18.0,False,UNKNOWN,SIAGAS_MS_20260814,E04,-21.21566699999994,-52.30928299999994
3500073537,Paraíso das Águas,Bauru,54.46,False,UNKNOWN,SIAGAS_MS_20260814,E04,-19.27402799999993,-53.52555599999994
3500073551,Iguatemi,Bauru,3.5,False,UNKNOWN,SIAGAS_MS_20260814,E04,-23.632499999999936,-54.635130999999944
3500065031,Campo Grande,Serra geral,17.59,False,UNKNOWN,SIAGAS_MS_20260814,E04,-20.45333299999993,-54.60583299999996
3500065039,Campo Grande,Serra geral,65.17,False,UNKNOWN,SIAGAS_MS_20260814,E04,-20.554443999999933,-54.67277799999994
3500045691,Sidrolândia,Guarani,31.0,False,UNKNOWN,SIAGAS_MS_20260814,E04,-20.74166699999995,-55.11916699999995
3500053083,Miranda,Coluvionar,9.0,False,UNKNOWN,SIAGAS_MS_20260814,E04,-19.955832999999927,-56.35305599999998
3500053086,Miranda,Coluvionar,4.0,False,UNKNOWN,SIAGAS_MS_20260814,E04,-19.869166999999948,-56.52111099999996
3500026918,Ivinhema,Caiua,32.0,False,UNKNOWN,SIAGAS_MS_20260814,E04,-22.281388999999933,-53.997221999999965
3500027077,Caarapó,Serra geral,11.0,False,UNKNOWN,SIAGAS_MS_20260814,E04,-22.621666999999945,-54.82583299999993
3500045670,Batayporã,Caiua,50.0,False,UNKNOWN,SIAGAS_MS_20260814,E04,-22.284166999999968,-53.268055999999945
3500045703,Três Lagoas,Bauru,57.78,False,UNKNOWN,SIAGAS_MS_20260814,E04,-20.64666699999998,-51.830555999999945
3500045711,Três Lagoas,Bauru,62.7,False,UNKNOWN,SIAGAS_MS_20260814,E04,-20.984166999999957,-51.87527799999998
3500065044,Campo Grande,Serra geral,11.42,False,UNKNOWN,SIAGAS_MS_20260814,E04,-20.53527799999995,-54.56166699999994
3500065070,Rio Verde de Mato Grosso,Furnas,15.0,False,UNKNOWN,SIAGAS_MS_20260814,E04,-18.92805599999997,-54.853332999999964
3500065082,Três Lagoas,Caiua,19.2,False,UNKNOWN,SIAGAS_MS_20260814,E04,-20.788888999999926,-51.66861099999994
3500023242,Figueirão,Guarani,7.4,False,UNKNOWN,SIAGAS_MS_20260814,E04,-18.677221999999972,-53.636665999999934
3500065133,Alcinópolis,Guarani,16.0,False,UNKNOWN,SIAGAS_MS_20260814,E04,-18.25111099999998,-54.03888899999998
3500065013,Bataguassu,Bauru,3.5,False,UNKNOWN,SIAGAS_MS_20260814,E04,-21.72388899999993,-52.25166699999994
3500065016,Bataguassu,Caiua,37.8,False,UNKNOWN,SIAGAS_MS_20260814,E04,-21.718610999999953,-52.41833299999996
3500065018,Bodoquena,Cuiaba,1.0,False,UNKNOWN,SIAGAS_MS_20260814,E04,-20.556388999999967,-56.67361099999994
3500065068,Rio Brilhante,Serra geral,0.0,True,UNKNOWN,SIAGAS_MS_20260814,E04,-21.789721999999927,-54.55666699999995
3500068743,Paranaíba,Bauru,16.86,False,UNKNOWN,SIAGAS_MS_20260814,E04,-19.325046999999927,-51.689952999999946
3500068742,Três Lagoas,Bauru,37.6,False,UNKNOWN,SIAGAS_MS_20260814,E04,-19.99198599999994,-52.28885299999996
3500070995,Eldorado,Bauru_Caiua,42.96,False,UNKNOWN,SIAGAS_MS_20260814,E04,-23.78610199999997,-54.278921999999966
3500070926,Dourados,Serra geral,15.17,False,UNKNOWN,SIAGAS_MS_20260814,E04,-22.258693999999934,-54.81216699999993
3500069991,Bataguassu,Bauru_Caiua,45.85,False,UNKNOWN,SIAGAS_MS_20260814,E04,-21.722763999999927,-52.421085999999946
3500022591,Coxim,Furnas,15.0,False,UNKNOWN,SIAGAS_MS_20260814,E04,-18.50583299999994,-54.75527699999998
3500026944,Ivinhema,Caiua,15.0,False,UNKNOWN,SIAGAS_MS_20260814,E04,-22.28388899999993,-53.80555599999997
3500026950,Naviraí,Caiua,15.0,False,UNKNOWN,SIAGAS_MS_20260814,E04,-23.099999999999966,-54.19083299999994
3500026951,Glória de Dourados,Caiua,10.0,False,UNKNOWN,SIAGAS_MS_20260814,E04,-22.459443999999962,-54.29527799999994
3500027020,Angélica,Serra geral,35.0,False,UNKNOWN,SIAGAS_MS_20260814,E04,-21.966666999999973,-53.808055999999965
3500027043,Três Lagoas,Bauru,14.5,False,UNKNOWN,SIAGAS_MS_20260814,E04,-20.79611099999994,-51.70055599999995
3500027145,Nova Andradina,Caiua,18.0,False,UNKNOWN,SIAGAS_MS_20260814,E04,-21.996666999999945,-53.43861099999998
3500027199,Três Lagoas,Bauru,17.0,False,UNKNOWN,SIAGAS_MS_20260814,E04,-20.79333299999996,-51.66722199999998
3500027213,Três Lagoas,Bauru,37.26,False,UNKNOWN,SIAGAS_MS_20260814,E04,-20.77166699999998,-51.73583299999996
3500027214,Três Lagoas,Bauru,16.0,False,UNKNOWN,SIAGAS_MS_20260814,E04,-20.78583299999997,-51.70749999999998
3500027215,Dourados,Serra geral,9.8,False,UNKNOWN,SIAGAS_MS_20260814,E04,-22.134443999999974,-54.61861099999999
3500045422,Campo Grande,Serra geral,6.0,False,UNKNOWN,SIAGAS_MS_20260814,E04,-20.269443999999964,-54.67861099999993
3500053093,Pedro Gomes,Furnas,25.0,False,UNKNOWN,SIAGAS_MS_20260814,E04,-17.78249999999997,-54.745555999999965
3500023386,Nova Andradina,Caiua,29.0,False,UNKNOWN,SIAGAS_MS_20260814,E04,-22.246665999999948,-53.35027699999995
3500045692,Ponta Porã,Serra geral,5.2,False,UNKNOWN,SIAGAS_MS_20260814,E04,-22.622777999999983,-55.62277799999998
3500023143,Amambai,Guarani,34.7,False,UNKNOWN,SIAGAS_MS_20260814,E04,-23.09972199999993,-55.230276999999944
3500026991,Laguna Carapã,Serra geral,22.99,False,UNKNOWN,SIAGAS_MS_20260814,E04,-22.798610999999937,-55.049999999999955
3500023279,Bataguassu,Caiua,37.5,False,UNKNOWN,SIAGAS_MS_20260814,E04,-21.716943999999955,-52.41749999999996
3500023327,Chapadão do Sul,Bauru,68.0,False,UNKNOWN,SIAGAS_MS_20260814,E04,-18.803332999999952,-52.622776999999985
3500023357,Sete Quedas,Serra geral,22.16,False,UNKNOWN,SIAGAS_MS_20260814,E04,-23.97444399999995,-55.059443999999985
3500071633,Campo Grande,Não definido,84.0,False,UNKNOWN,SIAGAS_MS_20260814,E04,-20.517802999999958,-54.68377499999997
3500023307,Inocência,Serra geral,54.0,False,UNKNOWN,SIAGAS_MS_20260814,E04,-19.728610999999944,-51.92944399999993
3500027240,Angélica,Serra geral,9.5,False,UNKNOWN,SIAGAS_MS_20260814,E04,-22.144999999999982,-53.76694399999997
3500045154,Campo Grande,Serra geral,17.0,False,UNKNOWN,SIAGAS_MS_20260814,E04,-20.374166999999943,-54.567777999999976
3500053094,Campo Grande,Guarani,104.0,False,UNKNOWN,SIAGAS_MS_20260814,E04,-20.47333299999997,-54.75444399999998
3500022863,Maracaju,Guarani,32.0,False,UNKNOWN,SIAGAS_MS_20260814,E04,-21.617776999999933,-55.17166599999996
3500022883,Maracaju,Guarani,72.2,False,UNKNOWN,SIAGAS_MS_20260814,E04,-21.72277699999995,-55.49944399999998
3500065119,Dourados,Guarani,109.0,False,UNKNOWN,SIAGAS_MS_20260814,E04,-22.214999999999975,-54.778888999999936
3500071765,Tacuru,Bauru_Caiua,16.0,False,UNKNOWN,SIAGAS_MS_20260814,E04,-23.502877999999953,-55.12396099999995
3500071759,Sidrolândia,Serra geral,6.0,False,UNKNOWN,SIAGAS_MS_20260814,E04,-20.873174999999947,-54.69910799999997
3500071751,Dourados,Serra geral,6.12,False,UNKNOWN,SIAGAS_MS_20260814,E04,-22.313957999999957,-54.93118599999997
3500071747,Maracaju,Serra geral,26.89,False,UNKNOWN,SIAGAS_MS_20260814,E04,-21.713438999999937,-55.433427999999935
3500071744,Maracaju,Serra geral,23.37,False,UNKNOWN,SIAGAS_MS_20260814,E04,-21.52566699999994,-55.17655599999995
3500071692,Ivinhema,Bauru_Caiua,37.0,False,UNKNOWN,SIAGAS_MS_20260814,E04,-22.343055999999933,-53.809999999999945
3500071647,Sidrolândia,Serra geral,4.5,False,UNKNOWN,SIAGAS_MS_20260814,E04,-21.002777999999978,-55.122221999999965
3500071560,Dourados,Bauru_Caiua,8.47,False,UNKNOWN,SIAGAS_MS_20260814,E04,-22.117721999999958,-55.19855599999994
3500071461,Naviraí,Bauru_Caiua,4.0,False,UNKNOWN,SIAGAS_MS_20260814,E04,-23.04276699999997,-54.207735999999954
3500071150,Rio Brilhante,Serra geral,15.88,False,UNKNOWN,SIAGAS_MS_20260814,E04,-21.799257999999952,-54.55236699999995
3500071138,Ivinhema,Bauru_Caiua,29.71,False,UNKNOWN,SIAGAS_MS_20260814,E04,-22.297118999999952,-53.83042199999994
3500071051,Dourados,Serra geral,13.11,False,UNKNOWN,SIAGAS_MS_20260814,E04,-22.214185999999927,-54.81410299999993
3500071049,Sidrolândia,Serra geral,7.5,False,UNKNOWN,SIAGAS_MS_20260814,E04,-20.86889199999996,-54.80253299999998
3500071013,Três Lagoas,Bauru_Caiua,11.26,False,UNKNOWN,SIAGAS_MS_20260814,E04,-20.782371999999953,-51.72796699999998
3500070968,Campo Grande,Guarani,160.0,False,UNKNOWN,SIAGAS_MS_20260814,E04,-20.557199999999966,-54.570832999999936
3500070827,Glória de Dourados,Bauru_Caiua,7.22,False,UNKNOWN,SIAGAS_MS_20260814,E04,-22.480999999999938,-54.12616699999995
3500070637,Dourados,Serra geral,17.87,False,UNKNOWN,SIAGAS_MS_20260814,E04,-22.22519399999993,-54.81269999999995
3500070615,Campo Grande,Serra geral,2.5,False,UNKNOWN,SIAGAS_MS_20260814,E04,-20.46549699999997,-54.59943899999996
3500070536,Dourados,Serra geral,7.38,False,UNKNOWN,SIAGAS_MS_20260814,E04,-22.222055999999952,-54.80659399999996
3500070474,Campo Grande,Serra geral,10.46,False,UNKNOWN,SIAGAS_MS_20260814,E04,-20.46731699999998,-54.56825599999996
3500069885,Nova Alvorada do Sul,Serra geral,11.19,False,UNKNOWN,SIAGAS_MS_20260814,E04,-21.45309199999997,-54.38070299999998
3500069775,Caarapó,Serra geral,17.0,False,UNKNOWN,SIAGAS_MS_20260814,E04,-22.611718999999937,-54.81196399999993
3500069734,Dourados,Serra geral,12.18,False,UNKNOWN,SIAGAS_MS_20260814,E04,-22.221274999999935,-54.813455999999974
3500027069,Maracaju,Guarani,32.0,False,UNKNOWN,SIAGAS_MS_20260814,E04,-21.61722199999997,-55.17111099999994
3500045644,Campo Grande,,12.0,False,UNKNOWN,SIAGAS_MS_20260814,E04,-20.943888999999956,-54.505277999999976
3500070106,Aquidauana,,7.0,False,UNKNOWN,SIAGAS_MS_20260814,E04,-20.47810599999997,-55.794096999999965
3500072171,Jardim,,40.3,False,UNKNOWN,SIAGAS_MS_20260814,E04,-21.461468999999965,-56.44491899999997
3500073189,Aquidauana,,7.0,False,UNKNOWN,SIAGAS_MS_20260814,E04,-20.288996999999938,-56.075882999999976
3500073445,Bodoquena,,32.0,False,UNKNOWN,SIAGAS_MS_20260814,E04,-20.85616399999998,-56.87093299999998
3500072610,Dois Irmãos do Buriti,,56.9,False,UNKNOWN,SIAGAS_MS_20260814,E04,-20.963985999999977,-55.33719999999994
3500072265,Corumbá,,60.61,False,UNKNOWN,SIAGAS_MS_20260814,E04,-19.212499999999977,-57.557777999999985
3500045617,Campo Grande,,22.4,False,UNKNOWN,SIAGAS_MS_20260814,E04,-20.392499999999927,-54.558610999999985
3500073491,Três Lagoas,,4.6,False,UNKNOWN,SIAGAS_MS_20260814,E04,-20.900510999999938,-51.65954199999993
3500072279,Bonito,,41.65,False,UNKNOWN,SIAGAS_MS_20260814,E04,-21.11896699999994,-56.48586099999994
3500073408,Bonito,,16.72,False,UNKNOWN,SIAGAS_MS_20260814,E04,-21.142499999999927,-56.40527799999995
3500073028,Anastácio,,16.89,False,UNKNOWN,SIAGAS_MS_20260814,E04,-20.48318899999998,-55.80395299999998
3500073921,Bonito,,4.1,False,UNKNOWN,SIAGAS_MS_20260814,E04,-21.112805999999978,-56.51694199999997
3500073101,Caarapó,,40.65,False,UNKNOWN,SIAGAS_MS_20260814,E04,-22.64687799999996,-54.84120799999994
3500073866,Jardim,,12.09,False,UNKNOWN,SIAGAS_MS_20260814,E04,-21.475277999999946,-56.13722199999995
3500073673,Dourados,,3.75,False,UNKNOWN,SIAGAS_MS_20260814,E04,-22.24158099999994,-54.48698099999996
3500073076,Miranda,,18.0,False,UNKNOWN,SIAGAS_MS_20260814,E04,-20.024399999999957,-56.80659399999996
3500073553,Três Lagoas,,5.5,False,UNKNOWN,SIAGAS_MS_20260814,E04,-20.807777999999928,-51.724388999999974
3500073562,Naviraí,Bauru,16.0,False,UNKNOWN,SIAGAS_MS_20260814,E04,-23.08329999999995,-54.228043999999954
3500073559,Água Clara,Bauru,11.9,False,UNKNOWN,SIAGAS_MS_20260814,E04,-19.71252499999997,-52.721149999999966
3500073566,Camapuã,Bauru,27.03,False,UNKNOWN,SIAGAS_MS_20260814,E04,-19.386560999999972,-53.63926699999996
3500073587,Ribas do Rio Pardo,Bauru,56.4,False,UNKNOWN,SIAGAS_MS_20260814,E04,-21.15493299999997,-53.23169699999994
3500073586,Sidrolândia,Serra geral,2.4,False,UNKNOWN,SIAGAS_MS_20260814,E04,-21.019896999999958,-54.95674999999994
3500073603,Vicentina,Serra geral,15.41,False,UNKNOWN,SIAGAS_MS_20260814,E04,-22.510860999999977,-54.430721999999946
3500023250,Camapuã,Guarani,60.0,False,UNKNOWN,SIAGAS_MS_20260814,E04,-19.539165999999966,-54.03694399999995
3500045663,Ivinhema,Caiua,37.0,False,UNKNOWN,SIAGAS_MS_20260814,E04,-22.29277799999994,-53.81138899999996
3500073606,Naviraí,Serra geral,11.21,False,UNKNOWN,SIAGAS_MS_20260814,E04,-23.003538999999932,-54.19311699999997
3500073605,Jateí,Bauru,16.68,False,UNKNOWN,SIAGAS_MS_20260814,E04,-22.552610999999956,-54.32291699999996
3500073612,São Gabriel do Oeste,Botucatu,17.42,False,UNKNOWN,SIAGAS_MS_20260814,E04,-19.273755999999935,-54.593302999999935
3500073615,São Gabriel do Oeste,Botucatu,12.08,False,UNKNOWN,SIAGAS_MS_20260814,E04,-19.428649999999948,-54.549327999999946
3500073622,Campo Grande,Serra geral,16.5,False,UNKNOWN,SIAGAS_MS_20260814,E04,-20.437260999999978,-54.59654399999994
3500073625,Água Clara,Bauru,15.52,False,UNKNOWN,SIAGAS_MS_20260814,E04,-20.44717499999996,-52.864018999999985
3500073649,Campo Grande,Serra geral,6.36,False,UNKNOWN,SIAGAS_MS_20260814,E04,-20.546635999999978,-54.585455999999965
3500073651,Brasilândia,Bauru,21.36,False,UNKNOWN,SIAGAS_MS_20260814,E04,-21.29131099999995,-51.99716099999995
3500073669,Santa Rita do Pardo,Bauru,44.2,False,UNKNOWN,SIAGAS_MS_20260814,E04,-21.58011099999993,-52.36933299999998
3500073677,Caarapó,Bauru,24.09,False,UNKNOWN,SIAGAS_MS_20260814,E04,-22.555780999999968,-54.61112499999996
3500073683,Caarapó,Bauru,27.35,False,UNKNOWN,SIAGAS_MS_20260814,E04,-22.614624999999933,-54.69046899999995
3500073696,Campo Grande,Serra geral,26.0,False,UNKNOWN,SIAGAS_MS_20260814,E04,-20.422388999999953,-54.58253599999995
3500073703,Três Lagoas,Serra geral,28.5,False,UNKNOWN,SIAGAS_MS_20260814,E04,-20.748118999999974,-51.66837799999996
3500073702,Santa Rita do Pardo,Bauru,28.0,False,UNKNOWN,SIAGAS_MS_20260814,E04,-21.311110999999983,-52.83388899999994
3500073705,Campo Grande,Serra geral,33.4,False,UNKNOWN,SIAGAS_MS_20260814,E04,-20.462499999999977,-54.54722199999998
3500073722,Inocência,Bauru,32.34,False,UNKNOWN,SIAGAS_MS_20260814,E04,-19.733093999999937,-51.92356399999994
3500073721,Glória de Dourados,Bauru,11.0,False,UNKNOWN,SIAGAS_MS_20260814,E04,-22.37359699999996,-54.15457199999997
3500073728,Glória de Dourados,Bauru,20.0,False,UNKNOWN,SIAGAS_MS_20260814,E04,-22.44776399999995,-54.15667199999996
3500073745,Ribas do Rio Pardo,Serra geral,27.15,False,UNKNOWN,SIAGAS_MS_20260814,E04,-20.45194399999997,-54.040277999999944
3500073751,Campo Grande,Serra geral,17.3,False,UNKNOWN,SIAGAS_MS_20260814,E04,-20.439327999999932,-54.59883899999994
3500073763,Cassilândia,Serra geral,35.0,False,UNKNOWN,SIAGAS_MS_20260814,E04,-18.909427999999934,-52.36891899999995
3500073783,Japorã,Bauru,12.94,False,UNKNOWN,SIAGAS_MS_20260814,E04,-23.80570799999998,-54.51536699999997
3500073776,Dourados,Serra geral,1.71,False,UNKNOWN,SIAGAS_MS_20260814,E04,-22.24026699999996,-54.47489399999995
3500073775,Naviraí,Bauru,20.25,False,UNKNOWN,SIAGAS_MS_20260814,E04,-23.046471999999937,-53.85019399999993
3500073804,Terenos,Serra geral,13.0,False,UNKNOWN,SIAGAS_MS_20260814,E04,-20.311166999999955,-54.90544399999993
3500073803,Campo Grande,Serra geral,17.0,False,UNKNOWN,SIAGAS_MS_20260814,E04,-20.46248099999997,-54.572757999999965
3500073800,Campo Grande,Bauru,26.5,False,UNKNOWN,SIAGAS_MS_20260814,E04,-20.71793299999996,-54.295924999999954
3500073805,Ribas do Rio Pardo,Bauru,19.0,False,UNKNOWN,SIAGAS_MS_20260814,E04,-20.471638999999982,-54.09583299999997
3500073814,Glória de Dourados,Bauru,11.0,False,UNKNOWN,SIAGAS_MS_20260814,E04,-22.403416999999934,-54.13759999999996
3500073823,São Gabriel do Oeste,Serra geral,7.9,False,UNKNOWN,SIAGAS_MS_20260814,E04,-19.489999999999952,-54.57777799999997
3500073822,Nova Andradina,Bauru,26.1,False,UNKNOWN,SIAGAS_MS_20260814,E04,-22.254193999999927,-53.351805999999954
3500073829,Glória de Dourados,Bauru,10.0,False,UNKNOWN,SIAGAS_MS_20260814,E04,-22.374382999999966,-54.152382999999986
3500073828,Água Clara,Bauru,9.5,False,UNKNOWN,SIAGAS_MS_20260814,E04,-20.440638999999976,-52.875193999999965
3500073827,Ponta Porã,Bauru,12.52,False,UNKNOWN,SIAGAS_MS_20260814,E04,-22.529457999999977,-55.73474999999996
3500073845,Sidrolândia,Serra geral,18.7,False,UNKNOWN,SIAGAS_MS_20260814,E04,-20.98510299999998,-54.972388999999964
3500073862,Campo Grande,Serra geral,20.4,False,UNKNOWN,SIAGAS_MS_20260814,E04,-20.45676099999997,-54.63333099999994
3500073869,Itaporã,Serra geral,6.98,False,UNKNOWN,SIAGAS_MS_20260814,E04,-22.10638899999998,-54.78669699999995
3500073868,Itaporã,Serra geral,23.9,False,UNKNOWN,SIAGAS_MS_20260814,E04,-22.05711699999995,-54.750363999999934
3500073876,Glória de Dourados,Bauru,29.33,False,UNKNOWN,SIAGAS_MS_20260814,E04,-22.37591699999996,-54.186860999999965
3500073893,Sidrolândia,Serra geral,5.8,False,UNKNOWN,SIAGAS_MS_20260814,E04,-20.97856399999995,-54.969749999999976
3500073892,Campo Grande,Serra geral,9.3,False,UNKNOWN,SIAGAS_MS_20260814,E04,-20.490993999999944,-54.73998599999993
3500073898,Nova Alvorada do Sul,Serra geral,8.3,False,UNKNOWN,SIAGAS_MS_20260814,E04,-21.45358099999993,-54.38143899999994
3500073900,Dourados,Serra geral,11.35,False,UNKNOWN,SIAGAS_MS_20260814,E04,-22.255218999999954,-54.63782199999997
3500073905,Campo Grande,Serra geral,20.73,False,UNKNOWN,SIAGAS_MS_20260814,E04,-20.475652999999966,-54.76141099999995
3500073911,Deodápolis,Serra geral,7.66,False,UNKNOWN,SIAGAS_MS_20260814,E04,-22.29237799999993,-54.25779199999994
3500073926,Dourados,Serra geral,6.5,False,UNKNOWN,SIAGAS_MS_20260814,E04,-22.284166999999968,-54.49388899999997
3500073931,Amambai,Serra geral,24.42,False,UNKNOWN,SIAGAS_MS_20260814,E04,-23.14698599999997,-55.178218999999956
3500073938,Naviraí,Bauru,4.58,False,UNKNOWN,SIAGAS_MS_20260814,E04,-23.071413999999947,-54.19836899999996
3500073949,Jateí,Bauru,8.32,False,UNKNOWN,SIAGAS_MS_20260814,E04,-22.524377999999956,-54.180635999999936
3500073948,Glória de Dourados,Bauru,25.03,False,UNKNOWN,SIAGAS_MS_20260814,E04,-22.33084199999996,-54.184305999999935
3500073945,São Gabriel do Oeste,Botucatu,26.32,False,UNKNOWN,SIAGAS_MS_20260814,E04,-19.283335999999963,-54.63727199999994
3500073952,Campo Grande,Bauru,20.0,False,UNKNOWN,SIAGAS_MS_20260814,E04,-20.380213999999967,-54.571707999999944
3500072979,Campo Grande,Serra geral,21.5,False,UNKNOWN,SIAGAS_MS_20260814,E04,-20.487060999999983,-54.745180999999945
3500072978,Campo Grande,Serra geral,26.0,False,UNKNOWN,SIAGAS_MS_20260814,E04,-20.434988999999973,-54.60779999999994
3500072953,Chapadão do Sul,Bauru,92.6,False,UNKNOWN,SIAGAS_MS_20260814,E04,-18.77000799999996,-52.92073099999993
3500072922,Campo Grande,Serra geral,15.5,False,UNKNOWN,SIAGAS_MS_20260814,E04,-20.490813999999943,-54.55891699999995
3500072920,Itaquiraí,Bauru,19.2,False,UNKNOWN,SIAGAS_MS_20260814,E04,-23.517999999999972,-54.15136099999995
3500072894,Eldorado,Bauru,26.0,False,UNKNOWN,SIAGAS_MS_20260814,E04,-23.644857999999942,-54.25085299999995
3500072885,Brasilândia,Bauru,18.0,False,UNKNOWN,SIAGAS_MS_20260814,E04,-21.255841999999973,-52.03286699999995
3500072876,Campo Grande,Serra geral,12.7,False,UNKNOWN,SIAGAS_MS_20260814,E04,-20.492830999999967,-54.55804999999998
3500072863,Campo Grande,Serra geral,6.92,False,UNKNOWN,SIAGAS_MS_20260814,E04,-20.47157199999998,-54.72875799999997
3500072840,Ribas do Rio Pardo,Bauru,39.98,False,UNKNOWN,SIAGAS_MS_20260814,E04,-20.296580999999946,-53.11647199999993
3500072789,Anaurilândia,Bauru,16.0,False,UNKNOWN,SIAGAS_MS_20260814,E04,-22.055555999999967,-52.55913899999996
3500072755,Campo Grande,Serra geral,16.9,False,UNKNOWN,SIAGAS_MS_20260814,E04,-20.60623099999998,-54.53738299999998
3500072742,São Gabriel do Oeste,Serra geral,19.0,False,UNKNOWN,SIAGAS_MS_20260814,E04,-19.32749999999993,-54.67888899999997
3500072740,Campo Grande,Serra geral,13.0,False,UNKNOWN,SIAGAS_MS_20260814,E04,-20.45436099999995,-54.61622199999994
3500072731,Caarapó,Bauru,23.2,False,UNKNOWN,SIAGAS_MS_20260814,E04,-22.613610999999935,-54.697221999999954
3500072720,Aral Moreira,Serra geral,3.65,False,UNKNOWN,SIAGAS_MS_20260814,E04,-22.944721999999956,-55.635216999999955
3500072717,Chapadão do Sul,Bauru,80.5,False,UNKNOWN,SIAGAS_MS_20260814,E04,-18.922316999999964,-52.808532999999954
3500072695,Itaporã,Serra geral,32.1,False,UNKNOWN,SIAGAS_MS_20260814,E04,-22.088305999999932,-54.70813899999996
3500072689,Chapadão do Sul,Bauru,57.8,False,UNKNOWN,SIAGAS_MS_20260814,E04,-18.803766999999937,-52.62620599999997
3500072685,Campo Grande,Serra geral,8.0,False,UNKNOWN,SIAGAS_MS_20260814,E04,-20.39184199999994,-54.61264399999993
3500072674,Três Lagoas,Bauru,11.74,False,UNKNOWN,SIAGAS_MS_20260814,E04,-20.777593999999965,-51.72458599999993
3500072663,Bataguassu,Bauru,68.6,False,UNKNOWN,SIAGAS_MS_20260814,E04,-21.751660999999956,-52.47126899999995
3500072639,Campo Grande,Serra geral,6.0,False,UNKNOWN,SIAGAS_MS_20260814,E04,-20.400496999999973,-54.62487799999997
3500072632,Paraíso das Águas,Bauru,113.5,False,UNKNOWN,SIAGAS_MS_20260814,E04,-19.33955599999996,-52.92736099999996
3500072628,Campo Grande,Serra geral,5.5,False,UNKNOWN,SIAGAS_MS_20260814,E04,-20.933457999999973,-54.49894999999998
3500072599,Campo Grande,Serra geral,78.5,False,UNKNOWN,SIAGAS_MS_20260814,E04,-20.57216699999998,-54.59129999999993
3500072553,Amambai,Botucatu,22.0,False,UNKNOWN,SIAGAS_MS_20260814,E04,-23.10696699999994,-55.231930999999975
3500072551,Amambai,Serra geral,42.96,False,UNKNOWN,SIAGAS_MS_20260814,E04,-23.096496999999943,-55.19607799999994
3500072538,Campo Grande,Serra geral,5.34,False,UNKNOWN,SIAGAS_MS_20260814,E04,-20.618691999999953,-54.57284199999998
3500072507,Bataguassu,Bauru,59.4,False,UNKNOWN,SIAGAS_MS_20260814,E04,-21.748155999999938,-52.476027999999985
3500072487,Caarapó,Serra geral,10.0,False,UNKNOWN,SIAGAS_MS_20260814,E04,-22.488560999999947,-54.86756099999997
3500072483,Figueirão,Botucatu,7.04,False,UNKNOWN,SIAGAS_MS_20260814,E04,-18.679055999999946,-53.63291699999996
3500072466,Deodápolis,Serra geral,18.5,False,UNKNOWN,SIAGAS_MS_20260814,E04,-22.25658599999997,-54.217491999999936
3500072391,Dourados,Serra geral,147.94,False,UNKNOWN,SIAGAS_MS_20260814,E04,-22.21839699999998,-54.721277999999984
3500072315,Terenos,Botucatu,60.76,False,UNKNOWN,SIAGAS_MS_20260814,E04,-20.406155999999953,-54.77793299999996
3500072311,Jaraguari,Serra geral,85.0,False,UNKNOWN,SIAGAS_MS_20260814,E04,-20.082807999999943,-54.46707799999996
3500072309,Três Lagoas,Bauru,19.35,False,UNKNOWN,SIAGAS_MS_20260814,E04,-20.799718999999982,-51.866668999999945
3500072283,Selvíria,Serra geral,30.0,False,UNKNOWN,SIAGAS_MS_20260814,E04,-20.370063999999957,-51.434060999999986
3500072274,Dourados,Serra geral,31.5,False,UNKNOWN,SIAGAS_MS_20260814,E04,-22.23180599999995,-54.80564999999996
3500072261,Aparecida do Taboado,Bauru,74.0,False,UNKNOWN,SIAGAS_MS_20260814,E04,-19.985432999999944,-51.25500599999998
3500072245,Itaporã,Serra geral,81.0,False,UNKNOWN,SIAGAS_MS_20260814,E04,-22.12763899999993,-54.771999999999935
3500072241,Ribas do Rio Pardo,Serra geral,13.0,False,UNKNOWN,SIAGAS_MS_20260814,E04,-20.47301099999993,-53.68858899999998
3500072239,Paraíso das Águas,Bauru,118.2,False,UNKNOWN,SIAGAS_MS_20260814,E04,-18.982377999999983,-53.02418099999994
3500072185,Caarapó,Serra geral,16.5,False,UNKNOWN,SIAGAS_MS_20260814,E04,-22.608866999999975,-54.811710999999946
3500072165,Mundo Novo,Bauru,15.9,False,UNKNOWN,SIAGAS_MS_20260814,E04,-23.885538999999937,-54.31811099999993
3500072148,Aparecida do Taboado,Bauru,82.4,False,UNKNOWN,SIAGAS_MS_20260814,E04,-19.985296999999946,-51.25731399999995
3500072119,Aquidauana,Furnas,20.85,False,UNKNOWN,SIAGAS_MS_20260814,E04,-20.47177499999998,-55.776377999999966
3500072057,Campo Grande,Serra geral,165.9,False,UNKNOWN,SIAGAS_MS_20260814,E04,-20.49650799999995,-54.557613999999944
3500071988,Dourados,Botucatu,75.79,False,UNKNOWN,SIAGAS_MS_20260814,E04,-22.365935999999977,-54.808032999999966
3500071978,Dourados,Guarani,60.7,False,UNKNOWN,SIAGAS_MS_20260814,E04,-22.36734699999994,-54.804535999999985
3500071912,Ponta Porã,Botucatu,306.0,False,UNKNOWN,SIAGAS_MS_20260814,E04,-22.48765599999996,-55.74050799999998
3500071890,Caarapó,Botucatu,143.17,False,UNKNOWN,SIAGAS_MS_20260814,E04,-22.60722199999998,-54.694999999999936
3500073023,São Gabriel do Oeste,Botucatu,72.3,False,UNKNOWN,SIAGAS_MS_20260814,E04,-19.463116999999954,-54.43547799999993
3500073018,Cassilândia,Serra geral,20.0,False,UNKNOWN,SIAGAS_MS_20260814,E04,-18.95596699999993,-52.09808899999996
3500073012,Tacuru,Bauru,8.65,False,UNKNOWN,SIAGAS_MS_20260814,E04,-23.628930999999966,-54.90554199999997
3500073009,Jateí,Serra geral,19.0,False,UNKNOWN,SIAGAS_MS_20260814,E04,-22.51129999999995,-54.25139999999993
3500073040,Ivinhema,Bauru,47.7,False,UNKNOWN,SIAGAS_MS_20260814,E04,-22.30593099999993,-53.77568099999996
3500073027,Campo Grande,Serra geral,14.0,False,UNKNOWN,SIAGAS_MS_20260814,E04,-20.460405999999978,-54.59115299999996
3500073061,Corguinho,Botucatu,78.31,False,UNKNOWN,SIAGAS_MS_20260814,E04,-19.955360999999982,-55.01161099999996
3500073052,Aparecida do Taboado,Bauru,66.7,False,UNKNOWN,SIAGAS_MS_20260814,E04,-20.036002999999937,-51.08513099999993
3500073049,Camapuã,Serra geral,28.0,False,UNKNOWN,SIAGAS_MS_20260814,E04,-19.638702999999964,-54.14430799999997
3500073114,Rio Verde de Mato Grosso,Furnas,28.91,False,UNKNOWN,SIAGAS_MS_20260814,E04,-18.908121999999935,-54.83955599999996
3500073131,Três Lagoas,Bauru,61.94,False,UNKNOWN,SIAGAS_MS_20260814,E04,-20.592982999999947,-51.69670299999996
3500073144,Amambai,Botucatu,58.0,False,UNKNOWN,SIAGAS_MS_20260814,E04,-23.100535999999977,-55.22284199999996
3500073171,Itaporã,Serra geral,18.23,False,UNKNOWN,SIAGAS_MS_20260814,E04,-22.096499999999935,-54.74111099999993
3500073194,Três Lagoas,Bauru,17.2,False,UNKNOWN,SIAGAS_MS_20260814,E04,-20.792441999999937,-51.67340299999995
3500073191,Terenos,Botucatu,44.0,False,UNKNOWN,SIAGAS_MS_20260814,E04,-20.261457999999948,-54.98398599999996
3500073178,Jateí,Serra geral,15.5,False,UNKNOWN,SIAGAS_MS_20260814,E04,-22.51194399999997,-54.31249999999994
3500073208,Campo Grande,Serra geral,11.3,False,UNKNOWN,SIAGAS_MS_20260814,E04,-20.43688899999995,-54.62816899999996
3500073203,Mundo Novo,Bauru,14.52,False,UNKNOWN,SIAGAS_MS_20260814,E04,-23.95292799999993,-54.31475799999998
3500073202,Rio Brilhante,Serra geral,36.5,False,UNKNOWN,SIAGAS_MS_20260814,E04,-21.72591099999994,-54.52053099999995
3500073201,Campo Grande,Serra geral,12.0,False,UNKNOWN,SIAGAS_MS_20260814,E04,-20.28899999999993,-54.650999999999954
3500073225,Sidrolândia,Serra geral,1.5,False,UNKNOWN,SIAGAS_MS_20260814,E04,-21.10145799999998,-55.231743999999935
3500073222,Três Lagoas,Serra geral,20.0,False,UNKNOWN,SIAGAS_MS_20260814,E04,-20.773243999999977,-51.66553099999993
3500073282,Dourados,Bauru,2.17,False,UNKNOWN,SIAGAS_MS_20260814,E04,-22.121666999999945,-55.20194399999997
3500073271,Sidrolândia,Bauru,40.0,False,UNKNOWN,SIAGAS_MS_20260814,E04,-21.13972199999995,-55.12749999999994
3500073270,Dois Irmãos do Buriti,Serra geral,25.9,False,UNKNOWN,SIAGAS_MS_20260814,E04,-20.711713999999972,-55.29174699999999
3500073269,Campo Grande,Botucatu,17.0,False,UNKNOWN,SIAGAS_MS_20260814,E04,-20.523941999999977,-54.588296999999955
3500073267,Campo Grande,Serra geral,11.2,False,UNKNOWN,SIAGAS_MS_20260814,E04,-20.478385999999944,-54.61398099999997
3500073294,Ivinhema,Bauru,40.0,False,UNKNOWN,SIAGAS_MS_20260814,E04,-22.363549999999975,-53.880488999999955
3500073300,Naviraí,Bauru,12.5,False,UNKNOWN,SIAGAS_MS_20260814,E04,-23.047202999999968,-54.249732999999935
3500073325,Ribas do Rio Pardo,Bauru,58.0,False,UNKNOWN,SIAGAS_MS_20260814,E04,-21.57188599999995,-53.06257199999993
3500073321,Sidrolândia,Serra geral,11.8,False,UNKNOWN,SIAGAS_MS_20260814,E04,-20.97207499999996,-54.71077799999995
3500073338,Laguna Carapã,Serra geral,5.08,False,UNKNOWN,SIAGAS_MS_20260814,E04,-22.442038999999966,-55.08138299999996
3500073333,Dourados,Serra geral,39.82,False,UNKNOWN,SIAGAS_MS_20260814,E04,-22.259799999999927,-54.810010999999975
3500073331,Dourados,Serra geral,5.2,False,UNKNOWN,SIAGAS_MS_20260814,E04,-22.180096999999932,-54.46894199999997
3500073327,Dourados,Bauru,7.32,False,UNKNOWN,SIAGAS_MS_20260814,E04,-21.984860999999967,-55.15752799999996
3500073347,Rio Verde de Mato Grosso,Furnas,15.04,False,UNKNOWN,SIAGAS_MS_20260814,E04,-18.898013999999932,-54.83554699999996
3500073374,Rio Verde de Mato Grosso,Furnas,15.1,False,UNKNOWN,SIAGAS_MS_20260814,E04,-18.900832999999977,-54.84277799999995
3500073372,Itaquiraí,Bauru,8.6,False,UNKNOWN,SIAGAS_MS_20260814,E04,-23.497202999999956,-54.09322499999996
3500073369,Naviraí,Bauru,24.1,False,UNKNOWN,SIAGAS_MS_20260814,E04,-23.045268999999962,-54.19251899999995
3500073389,Dourados,Serra geral,13.56,False,UNKNOWN,SIAGAS_MS_20260814,E04,-22.260202999999933,-54.792843999999945
3500073405,Itaquiraí,Bauru,33.4,False,UNKNOWN,SIAGAS_MS_20260814,E04,-23.27409199999994,-54.23590799999994
3500073401,Naviraí,Bauru,16.6,False,UNKNOWN,SIAGAS_MS_20260814,E04,-22.959443999999962,-54.39611099999996
3500073398,Maracaju,Serra geral,17.05,False,UNKNOWN,SIAGAS_MS_20260814,E04,-21.634810999999956,-55.15934999999996
3500073415,Sidrolândia,Serra geral,2.8,False,UNKNOWN,SIAGAS_MS_20260814,E04,-20.859530999999947,-54.72844999999995
3500073425,Campo Grande,Bauru,32.0,False,UNKNOWN,SIAGAS_MS_20260814,E04,-20.380843999999968,-54.57327499999997
3500073417,Rio Verde de Mato Grosso,Furnas,53.21,False,UNKNOWN,SIAGAS_MS_20260814,E04,-18.88555599999995,-54.83833299999998
3500073426,Nova Andradina,Bauru,25.0,False,UNKNOWN,SIAGAS_MS_20260814,E04,-21.993055999999967,-53.41861099999994
3500073433,Chapadão do Sul,Bauru,57.0,False,UNKNOWN,SIAGAS_MS_20260814,E04,-18.807927999999947,-52.625543999999934
3500073431,Terenos,Botucatu,44.0,False,UNKNOWN,SIAGAS_MS_20260814,E04,-20.26279399999993,-54.97810799999996
3500073454,Sidrolândia,Serra geral,21.0,False,UNKNOWN,SIAGAS_MS_20260814,E04,-20.882280999999978,-55.08707499999997
3500073450,Três Lagoas,Bauru,15.98,False,UNKNOWN,SIAGAS_MS_20260814,E04,-20.789138999999977,-51.667546999999956
3500073467,Iguatemi,Bauru,33.6,False,UNKNOWN,SIAGAS_MS_20260814,E04,-23.631999999999948,-54.63453599999997
3500073486,Dourados,Serra geral,27.24,False,UNKNOWN,SIAGAS_MS_20260814,E04,-22.220891999999935,-54.76511099999993
3500073481,Campo Grande,Serra geral,14.9,False,UNKNOWN,SIAGAS_MS_20260814,E04,-20.45836399999996,-54.56792199999995
3500073480,Aparecida do Taboado,Bauru,14.04,False,UNKNOWN,SIAGAS_MS_20260814,E04,-20.052363999999955,-51.111635999999976
3500073502,Três Lagoas,Bauru,15.0,False,UNKNOWN,SIAGAS_MS_20260814,E04,-20.77886899999993,-51.69938099999996
3500073510,Campo Grande,Serra geral,7.88,False,UNKNOWN,SIAGAS_MS_20260814,E04,-20.496571999999958,-54.61462799999998
3500073526,Campo Grande,Serra geral,18.8,False,UNKNOWN,SIAGAS_MS_20260814,E04,-20.51862799999998,-54.564877999999965
3500073533,Sidrolândia,Serra geral,30.0,False,UNKNOWN,SIAGAS_MS_20260814,E04,-20.79079699999994,-54.72079999999994
3500073536,Campo Grande,Serra geral,13.84,False,UNKNOWN,SIAGAS_MS_20260814,E04,-20.615610999999944,-54.540416999999934
3500073541,Jaraguari,Serra geral,12.0,False,UNKNOWN,SIAGAS_MS_20260814,E04,-20.303966999999943,-54.51101399999993
3500073548,Brasilândia,Bauru,34.35,False,UNKNOWN,SIAGAS_MS_20260814,E04,-21.31813599999998,-52.00279699999999
3500023138,Amambai,Guarani,13.9,False,UNKNOWN,SIAGAS_MS_20260814,E04,-23.103887999999927,-55.23555499999998
3500027167,Anaurilândia,Caiua,12.0,False,UNKNOWN,SIAGAS_MS_20260814,E04,-22.183888999999965,-52.71333299999998
3500023358,Iguatemi,Caiua,17.0,False,UNKNOWN,SIAGAS_MS_20260814,E04,-23.676387999999974,-54.558610999999985
3500027313,Aral Moreira,Serra geral,4.6,False,UNKNOWN,SIAGAS_MS_20260814,E04,-23.02361099999996,-55.58555599999994
3500023150,Amambai,Guarani,19.0,False,UNKNOWN,SIAGAS_MS_20260814,E04,-23.09944399999995,-55.24166599999995
3500023136,Laguna Carapã,Serra geral,14.0,False,UNKNOWN,SIAGAS_MS_20260814,E04,-22.73222199999998,-55.24222199999997
3500023237,São Gabriel do Oeste,Guarani,19.0,False,UNKNOWN,SIAGAS_MS_20260814,E04,-19.25194399999998,-54.32638799999995
3500023244,Camapuã,Guarani,30.1,False,UNKNOWN,SIAGAS_MS_20260814,E04,-19.53416599999997,-54.03333299999997
3500023245,Camapuã,Guarani,7.23,False,UNKNOWN,SIAGAS_MS_20260814,E04,-19.561387999999965,-54.038610999999946
3500023236,São Gabriel do Oeste,Guarani,21.0,False,UNKNOWN,SIAGAS_MS_20260814,E04,-19.402221999999938,-54.58472199999994
3500023343,Nioaque,Guarani,48.0,False,UNKNOWN,SIAGAS_MS_20260814,E04,-21.16999999999996,-55.863887999999974
3500023379,Glória de Dourados,Bauru,28.0,False,UNKNOWN,SIAGAS_MS_20260814,E04,-22.406110999999953,-54.23638799999998
3500045606,Caarapó,Guarani,127.7,False,UNKNOWN,SIAGAS_MS_20260814,E04,-22.61861099999993,-54.69027799999998
3500022488,Campo Grande,Serra geral,25.0,False,UNKNOWN,SIAGAS_MS_20260814,E04,-20.48361099999994,-54.75861099999997
3500022506,Campo Grande,Serra geral,15.62,False,UNKNOWN,SIAGAS_MS_20260814,E04,-20.51499999999993,-54.62527699999998
3500022996,Camapuã,Guarani,1.0,False,UNKNOWN,SIAGAS_MS_20260814,E04,-19.01472199999995,-53.90083299999998
3500065092,Bandeirantes,Serra geral,9.36,False,UNKNOWN,SIAGAS_MS_20260814,E04,-19.91999999999996,-54.35388899999998
3500065093,Bandeirantes,Serra geral,9.36,False,UNKNOWN,SIAGAS_MS_20260814,E04,-19.926110999999935,-54.36888899999997
3500065126,São Gabriel do Oeste,Guarani,20.0,False,UNKNOWN,SIAGAS_MS_20260814,E04,-19.403888999999936,-54.58499999999998
3500065130,Jardim,Serra geral,20.0,False,UNKNOWN,SIAGAS_MS_20260814,E04,-21.58499999999998,-56.214999999999975
3500026837,Aparecida do Taboado,Bauru,14.6,False,UNKNOWN,SIAGAS_MS_20260814,E04,-20.144999999999982,-51.143888999999945
3500028111,Ribas do Rio Pardo,Caiua,7.41,False,UNKNOWN,SIAGAS_MS_20260814,E04,-20.478332999999964,-53.75111099999998
3500034022,Figueirão,Guarani,14.18,False,UNKNOWN,SIAGAS_MS_20260814,E04,-18.682777999999928,-53.63638899999995
3500070505,Glória de Dourados,Bauru_Caiua,26.19,False,UNKNOWN,SIAGAS_MS_20260814,E04,-22.35158299999995,-54.27952799999997
3500022485,Campo Grande,Serra geral,13.0,False,UNKNOWN,SIAGAS_MS_20260814,E04,-20.441110999999978,-54.676665999999955
3500022497,Campo Grande,Serra geral,45.0,False,UNKNOWN,SIAGAS_MS_20260814,E04,-20.530832999999973,-54.64499999999998
3500022502,Campo Grande,Serra geral,4.0,False,UNKNOWN,SIAGAS_MS_20260814,E04,-20.444443999999976,-54.663887999999986
3500022513,Campo Grande,Serra geral,30.0,False,UNKNOWN,SIAGAS_MS_20260814,E04,-20.446943999999974,-54.591943999999955
3500022529,Campo Grande,Serra geral,5.0,False,UNKNOWN,SIAGAS_MS_20260814,E04,-20.529721999999936,-54.583887999999945
3500022547,Ivinhema,Caiua,48.68,False,UNKNOWN,SIAGAS_MS_20260814,E04,-22.313887999999963,-53.823332999999934
3500022549,Ivinhema,Caiua,15.0,False,UNKNOWN,SIAGAS_MS_20260814,E04,-22.308332999999948,-53.841110999999955
3500022552,Nova Andradina,Bauru,22.8,False,UNKNOWN,SIAGAS_MS_20260814,E04,-22.241665999999952,-53.34722199999993
3500022559,Taquarussu,Caiua,6.2,False,UNKNOWN,SIAGAS_MS_20260814,E04,-22.485832999999957,-53.34861099999995
3500022583,Três Lagoas,Bauru,14.5,False,UNKNOWN,SIAGAS_MS_20260814,E04,-20.78472199999993,-51.70833299999998
3500022608,Chapadão do Sul,Coberturas sedimentares Indiferenciadas,51.0,False,UNKNOWN,SIAGAS_MS_20260814,E04,-18.801110999999935,-52.62555499999996
3500022620,Ponta Porã,Serra geral,12.4,False,UNKNOWN,SIAGAS_MS_20260814,E04,-22.188054999999963,-55.54416599999996
3500022634,Naviraí,Caiua,7.5,False,UNKNOWN,SIAGAS_MS_20260814,E04,-23.06888799999996,-54.20222199999995
3500022671,Anaurilândia,Caiua,17.0,False,UNKNOWN,SIAGAS_MS_20260814,E04,-21.849999999999966,-52.70972199999994
3500022713,Laguna Carapã,Serra geral,6.18,False,UNKNOWN,SIAGAS_MS_20260814,E04,-22.56361099999998,-55.142499999999984
3500022718,Naviraí,Bauru,17.73,False,UNKNOWN,SIAGAS_MS_20260814,E04,-23.05666599999995,-54.18222199999997
3500022724,Naviraí,Caiua,35.2,False,UNKNOWN,SIAGAS_MS_20260814,E04,-23.053332999999952,-54.17888799999997
3500022744,Ponta Porã,Serra geral,9.5,False,UNKNOWN,SIAGAS_MS_20260814,E04,-22.518610999999964,-55.73222199999998
3500022745,Ponta Porã,Serra geral,6.0,False,UNKNOWN,SIAGAS_MS_20260814,E04,-22.498054999999965,-55.739443999999935
3500022746,Ponta Porã,Serra geral,6.75,False,UNKNOWN,SIAGAS_MS_20260814,E04,-22.487776999999937,-55.73361099999994
3500022757,Anastácio,Aquidauana,50.0,False,UNKNOWN,SIAGAS_MS_20260814,E04,-20.490554999999972,-55.79944399999994
3500022763,Aquidauana,Aquidauana,3.3,False,UNKNOWN,SIAGAS_MS_20260814,E04,-20.456110999999964,-55.78666599999997
3500022769,Aquidauana,Aquidauana,19.0,False,UNKNOWN,SIAGAS_MS_20260814,E04,-20.47194399999995,-55.77555499999994
3500022777,Caracol,Rocha cristalina,6.2,False,UNKNOWN,SIAGAS_MS_20260814,E04,-22.01194399999997,-57.02249999999998
3500022785,Dois Irmãos do Buriti,Guarani,28.0,False,UNKNOWN,SIAGAS_MS_20260814,E04,-20.683887999999968,-55.27444399999996
3500022790,Jardim,Aquidauana,23.0,False,UNKNOWN,SIAGAS_MS_20260814,E04,-21.486387999999977,-56.14111099999997
3500022839,Dourados,Serra geral,37.29,False,UNKNOWN,SIAGAS_MS_20260814,E04,-22.22194399999995,-54.79944399999994
3500022841,Dourados,Serra geral,2.0,False,UNKNOWN,SIAGAS_MS_20260814,E04,-22.26111099999997,-54.81249999999994
3500022845,Dourados,Serra geral,6.0,False,UNKNOWN,SIAGAS_MS_20260814,E04,-22.22999999999996,-54.84361099999995
3500022847,Fátima do Sul,Serra geral,3.5,False,UNKNOWN,SIAGAS_MS_20260814,E04,-22.37972199999996,-54.52305499999994
3500022848,Fátima do Sul,Serra geral,4.5,False,UNKNOWN,SIAGAS_MS_20260814,E04,-22.375554999999963,-54.52416599999998
3500022866,Nova Alvorada do Sul,Serra geral,3.0,False,UNKNOWN,SIAGAS_MS_20260814,E04,-21.451665999999932,-54.37611099999998
3500022869,Fátima do Sul,Serra geral,14.1,False,UNKNOWN,SIAGAS_MS_20260814,E04,-22.32527699999997,-54.34833299999997
3500022881,Dourados,Serra geral,7.95,False,UNKNOWN,SIAGAS_MS_20260814,E04,-22.134999999999934,-54.61916599999995
3500022888,Campo Grande,Serra geral,27.0,False,UNKNOWN,SIAGAS_MS_20260814,E04,-20.438054999999963,-54.62777699999998
3500022896,Campo Grande,Serra geral,11.0,False,UNKNOWN,SIAGAS_MS_20260814,E04,-20.469165999999973,-54.63916599999993
3500022898,Campo Grande,Serra geral,2.0,False,UNKNOWN,SIAGAS_MS_20260814,E04,-20.45194399999997,-54.66833299999996
3500022899,Campo Grande,Serra geral,17.0,False,UNKNOWN,SIAGAS_MS_20260814,E04,-20.49527699999993,-54.66138799999993
3500022915,Campo Grande,Serra geral,32.5,False,UNKNOWN,SIAGAS_MS_20260814,E04,-20.41722199999998,-54.55694399999999
3500022924,Campo Grande,Serra geral,1.8,False,UNKNOWN,SIAGAS_MS_20260814,E04,-20.506110999999976,-54.56472199999996
3500022958,Três Lagoas,Bauru,23.25,False,UNKNOWN,SIAGAS_MS_20260814,E04,-20.78527699999995,-52.05222199999997
3500022972,Bataguassu,Caiua,6.0,False,UNKNOWN,SIAGAS_MS_20260814,E04,-21.72416599999997,-52.264999999999986
3500023021,Eldorado,Caiua,16.0,False,UNKNOWN,SIAGAS_MS_20260814,E04,-23.798887999999977,-54.104165999999964
3500023038,Dourados,Serra geral,2.0,False,UNKNOWN,SIAGAS_MS_20260814,E04,-22.215832999999975,-54.75222199999996
3500023084,Bonito,Cuiaba,8.0,False,UNKNOWN,SIAGAS_MS_20260814,E04,-21.114165999999955,-56.49527699999999
3500023116,Rio Brilhante,Serra geral,11.0,False,UNKNOWN,SIAGAS_MS_20260814,E04,-21.849999999999966,-54.75166599999994
3500023117,Rio Brilhante,Serra geral,5.0,False,UNKNOWN,SIAGAS_MS_20260814,E04,-21.78555499999993,-54.75166599999994
3500023118,Nioaque,Serra geral,12.0,False,UNKNOWN,SIAGAS_MS_20260814,E04,-21.20027699999997,-55.95055499999995
3500023121,Corumbá,Não definido,20.0,False,UNKNOWN,SIAGAS_MS_20260814,E04,-19.31833299999994,-57.466943999999955
3500026986,Brasilândia,Caiua,16.0,False,UNKNOWN,SIAGAS_MS_20260814,E04,-21.25138899999996,-52.03305599999993
3500027012,Ladário,Não definido,22.6,False,UNKNOWN,SIAGAS_MS_20260814,E04,-19.178332999999952,-57.63777799999997
3500027035,Iguatemi,Caiua,9.6,False,UNKNOWN,SIAGAS_MS_20260814,E04,-23.66749999999996,-54.56611099999998
3500027063,Coxim,Furnas,8.8,False,UNKNOWN,SIAGAS_MS_20260814,E04,-18.499721999999963,-54.75472199999996
3500027067,Angélica,Caiua,17.17,False,UNKNOWN,SIAGAS_MS_20260814,E04,-22.05388899999997,-54.06694399999998
3500027081,Dourados,Serra geral,8.0,False,UNKNOWN,SIAGAS_MS_20260814,E04,-22.22999999999996,-54.81361099999998
3500027096,Chapadão do Sul,Bauru,51.0,False,UNKNOWN,SIAGAS_MS_20260814,E04,-18.771943999999962,-52.66083299999997
3500027153,Camapuã,Guarani,60.0,False,UNKNOWN,SIAGAS_MS_20260814,E04,-19.538610999999946,-54.03583299999997
3500027158,Bataguassu,Caiua,33.3,False,UNKNOWN,SIAGAS_MS_20260814,E04,-21.70999999999998,-52.40944399999995
3500027182,Laguna Carapã,Serra geral,59.1,False,UNKNOWN,SIAGAS_MS_20260814,E04,-22.559721999999965,-55.15138899999994
3500027184,Mundo Novo,Caiua,15.4,False,UNKNOWN,SIAGAS_MS_20260814,E04,-23.92916699999995,-54.29444399999994
3500027188,Nioaque,Guarani,48.0,False,UNKNOWN,SIAGAS_MS_20260814,E04,-21.18999999999994,-55.81638899999996
3500027192,Nova Alvorada do Sul,Serra geral,12.0,False,UNKNOWN,SIAGAS_MS_20260814,E04,-21.446666999999934,-54.370277999999985
3500027195,Sidrolândia,Guarani,4.15,False,UNKNOWN,SIAGAS_MS_20260814,E04,-20.93777799999998,-54.94805599999995
3500027200,Três Lagoas,Bauru,35.5,False,UNKNOWN,SIAGAS_MS_20260814,E04,-20.776666999999975,-51.74111099999993
3500027208,Inocência,Serra geral,90.98,False,UNKNOWN,SIAGAS_MS_20260814,E04,-19.73277799999994,-51.92722199999997
3500027211,Aral Moreira,Serra geral,3.65,False,UNKNOWN,SIAGAS_MS_20260814,E04,-22.944166999999936,-55.633888999999954
3500027219,Sidrolândia,Serra geral,30.15,False,UNKNOWN,SIAGAS_MS_20260814,E04,-20.744166999999948,-55.11916699999995
3500027221,Amambai,Serra geral,42.0,False,UNKNOWN,SIAGAS_MS_20260814,E04,-23.111943999999937,-55.21472199999994
3500027235,Terenos,Serra geral,93.0,False,UNKNOWN,SIAGAS_MS_20260814,E04,-20.44138899999996,-54.86499999999995
3500027246,Caracol,Rocha cristalina,6.2,False,UNKNOWN,SIAGAS_MS_20260814,E04,-22.01166699999993,-57.02166699999998
3500027297,Maracaju,Serra geral,3.5,False,UNKNOWN,SIAGAS_MS_20260814,E04,-21.600555999999983,-55.16888899999998
3500027303,Amambai,Serra geral,13.9,False,UNKNOWN,SIAGAS_MS_20260814,E04,-23.096666999999968,-55.235555999999974
3500027305,Jardim,Aquidauana,28.53,False,UNKNOWN,SIAGAS_MS_20260814,E04,-21.68888899999996,-56.278055999999935
3500027312,Corumbá,Rocha sedimentar,4.5,False,UNKNOWN,SIAGAS_MS_20260814,E04,-19.601110999999946,-57.43694399999998
3500027314,Aral Moreira,Serra geral,16.0,False,UNKNOWN,SIAGAS_MS_20260814,E04,-22.746110999999928,-55.48249999999996
3500023276,Bataguassu,Caiua,33.3,False,UNKNOWN,SIAGAS_MS_20260814,E04,-21.72222199999993,-52.42055499999998
3500023285,Santa Rita do Pardo,Caiua,42.0,False,UNKNOWN,SIAGAS_MS_20260814,E04,-21.31833299999994,-52.748887999999965
3500023330,Chapadão do Sul,Bauru,38.0,False,UNKNOWN,SIAGAS_MS_20260814,E04,-18.791665999999964,-52.61972199999997
3500023362,Japorã,Caiua,14.6,False,UNKNOWN,SIAGAS_MS_20260814,E04,-23.902499999999975,-54.41833299999996
3500023363,Japorã,Caiua,43.0,False,UNKNOWN,SIAGAS_MS_20260814,E04,-23.893610999999964,-54.39777699999996
3500023313,Aparecida do Taboado,Bauru,13.5,False,UNKNOWN,SIAGAS_MS_20260814,E04,-20.083054999999945,-51.10305499999998
3500023316,Aparecida do Taboado,Serra geral,18.0,False,UNKNOWN,SIAGAS_MS_20260814,E04,-20.08666599999998,-51.103332999999964
3500023373,Naviraí,Guarani,20.0,False,UNKNOWN,SIAGAS_MS_20260814,E04,-22.965276999999958,-54.069721999999956
3500022843,Dourados,Guarani,69.0,False,UNKNOWN,SIAGAS_MS_20260814,E04,-22.21166599999998,-54.81194399999998
3500022484,Campo Grande,Guarani,4.0,False,UNKNOWN,SIAGAS_MS_20260814,E04,-20.457776999999965,-54.622499999999945
3500022508,Campo Grande,Serra geral,20.0,False,UNKNOWN,SIAGAS_MS_20260814,E04,-20.40055499999994,-54.58138799999995
3500022538,Campo Grande,Guarani,5.0,False,UNKNOWN,SIAGAS_MS_20260814,E04,-20.50583299999994,-54.61055499999998
3500022568,Costa Rica,Serra geral,18.5,False,UNKNOWN,SIAGAS_MS_20260814,E04,-18.807499999999948,-53.13916599999993
3500022912,Campo Grande,Guarani,72.5,False,UNKNOWN,SIAGAS_MS_20260814,E04,-20.394721999999945,-54.68694399999998
3500065101,Campo Grande,Guarani,106.0,False,UNKNOWN,SIAGAS_MS_20260814,E04,-20.518055999999945,-54.61888899999997
3500065117,Dourados,Guarani,12.1,False,UNKNOWN,SIAGAS_MS_20260814,E04,-22.333888999999942,-54.84388899999993
3500069466,Sidrolândia,Serra geral,5.6,False,UNKNOWN,SIAGAS_MS_20260814,E04,-21.08548099999996,-55.19961399999994
3500069463,Itaporã,Serra geral,3.45,False,UNKNOWN,SIAGAS_MS_20260814,E04,-22.05691699999994,-54.789777999999956
3500022530,Campo Grande,Serra geral,12.0,False,UNKNOWN,SIAGAS_MS_20260814,E04,-20.383887999999956,-54.56222199999996
3500022540,Glória de Dourados,Serra geral,6.8,False,UNKNOWN,SIAGAS_MS_20260814,E04,-22.42166599999996,-54.24111099999993
3500022582,Três Lagoas,Serra geral,16.0,False,UNKNOWN,SIAGAS_MS_20260814,E04,-20.777499999999975,-51.66472199999998
3500022654,Campo Grande,Guarani,6.2,False,UNKNOWN,SIAGAS_MS_20260814,E04,-20.49444399999993,-54.58333299999998
3500022674,Angélica,Serra geral,24.0,False,UNKNOWN,SIAGAS_MS_20260814,E04,-22.052221999999972,-54.06833299999994
3500022859,Maracaju,Guarani,23.0,False,UNKNOWN,SIAGAS_MS_20260814,E04,-21.632221999999956,-55.166943999999944
3500022984,Três Lagoas,Bauru,12.0,False,UNKNOWN,SIAGAS_MS_20260814,E04,-20.79472199999998,-51.72305499999993
3500023029,Pedro Gomes,Furnas,0.0,True,UNKNOWN,SIAGAS_MS_20260814,E04,-18.115276999999935,-54.550832999999955
3500027083,Angélica,Serra geral,24.0,False,UNKNOWN,SIAGAS_MS_20260814,E04,-22.051666999999952,-54.06611099999998
3500027300,Rio Negro,Furnas,21.1,False,UNKNOWN,SIAGAS_MS_20260814,E04,-19.49055599999997,-55.00222199999996
3500045629,Itaporã,,40.0,False,UNKNOWN,SIAGAS_MS_20260814,E04,-22.09416699999997,-54.71749999999997
3500023314,Aparecida do Taboado,,14.4,False,UNKNOWN,SIAGAS_MS_20260814,E04,-20.08611099999996,-51.10555499999998
3500023191,Aquidauana,,12.0,False,UNKNOWN,SIAGAS_MS_20260814,E04,-20.47166599999997,-55.77722199999994
3500022925,Campo Grande,Guarani,222.0,False,UNKNOWN,SIAGAS_MS_20260814,E04,-20.426387999999974,-54.58722199999994
3500022683,Amambai,Guarani,34.7,False,UNKNOWN,SIAGAS_MS_20260814,E04,-23.09722199999993,-55.22888799999998
3500022686,Amambai,Guarani,13.3,False,UNKNOWN,SIAGAS_MS_20260814,E04,-23.094721999999933,-55.23638799999998
3500022755,Anastácio,Cuiaba,0.7000000000000001,False,UNKNOWN,SIAGAS_MS_20260814,E04,-20.47388799999993,-55.811387999999965
3500022926,Campo Grande,Rocha cristalina,120.0,False,UNKNOWN,SIAGAS_MS_20260814,E04,-20.435554999999965,-54.66972199999998
3500022943,Aquidauana,Cuiaba,6.0,False,UNKNOWN,SIAGAS_MS_20260814,E04,-20.46388799999994,-55.791943999999944
3500023391,Terenos,Guarani,25.0,False,UNKNOWN,SIAGAS_MS_20260814,E04,-20.407776999999953,-54.86555499999997
3500022685,Amambai,Guarani,58.5,False,UNKNOWN,SIAGAS_MS_20260814,E04,-23.10055499999993,-55.23277699999994
3500022987,Selvíria,Serra geral,14.0,False,UNKNOWN,SIAGAS_MS_20260814,E04,-20.365554999999972,-51.417776999999944
3500067710,Corguinho,Aquidauana,15.0,False,UNKNOWN,SIAGAS_MS_20260814,E04,-19.906943999999953,-55.14222199999995
3500067712,Corguinho,Cuiaba,22.0,False,UNKNOWN,SIAGAS_MS_20260814,E04,-19.839721999999938,-55.184443999999985
3500071928,Dourados,,85.58,False,UNKNOWN,SIAGAS_MS_20260814,E04,-22.31211099999996,-54.78486099999998
3500067286,Terenos,,49.4,False,UNKNOWN,SIAGAS_MS_20260814,E04,-20.708610999999962,-54.92944399999993
3500023041,Chapadão do Sul,Cobertura cenozoica,40.6,False,UNKNOWN,SIAGAS_MS_20260814,E04,-18.79249999999996,-52.62027699999993
3500073572,Dourados,Serra geral,21.86,False,UNKNOWN,SIAGAS_MS_20260814,E04,-22.31397199999998,-54.786749999999984
3500023248,Camapuã,Guarani,50.53,False,UNKNOWN,SIAGAS_MS_20260814,E04,-19.526665999999977,-54.04305499999998
3500073853,Campo Grande,Bauru,24.58,False,UNKNOWN,SIAGAS_MS_20260814,E04,-20.43809699999997,-54.55112799999995
3500073855,Dourados,Serra geral,29.73,False,UNKNOWN,SIAGAS_MS_20260814,E04,-22.22602799999993,-54.85866699999997
3500073185,Dourados,Serra geral,25.49,False,UNKNOWN,SIAGAS_MS_20260814,E04,-22.19468299999994,-54.93191699999994
3500073243,Campo Grande,Serra geral,13.06,False,UNKNOWN,SIAGAS_MS_20260814,E04,-20.46313299999997,-54.61376699999994
3500073236,Dourados,Serra geral,8.7,False,UNKNOWN,SIAGAS_MS_20260814,E04,-22.191538999999977,-54.69909999999999
3500073235,Jateí,Bauru,20.22,False,UNKNOWN,SIAGAS_MS_20260814,E04,-22.52952799999997,-54.160082999999986
3500073248,Campo Grande,Serra geral,1.4,False,UNKNOWN,SIAGAS_MS_20260814,E04,-20.512116999999932,-54.58251699999994
3500073308,Chapadão do Sul,Bauru,23.0,False,UNKNOWN,SIAGAS_MS_20260814,E04,-18.70216899999997,-52.477085999999986
3500073412,Campo Grande,Serra geral,15.0,False,UNKNOWN,SIAGAS_MS_20260814,E04,-20.466338999999948,-54.59151099999997
3500073441,Ribas do Rio Pardo,Bauru,32.0,False,UNKNOWN,SIAGAS_MS_20260814,E04,-20.473127999999974,-53.76182199999994
3500073543,Dourados,Serra geral,21.96,False,UNKNOWN,SIAGAS_MS_20260814,E04,-22.19798099999997,-54.934766999999965
3500022699,Eldorado,Caiua,38.3,False,UNKNOWN,SIAGAS_MS_20260814,E04,-23.78444399999995,-54.28166599999997
3500022738,Ponta Porã,Serra geral,2.5,False,UNKNOWN,SIAGAS_MS_20260814,E04,-22.484999999999957,-55.72305499999993
3500022740,Ponta Porã,Serra geral,2.8,False,UNKNOWN,SIAGAS_MS_20260814,E04,-22.516943999999967,-55.706943999999964
3500023002,Rio Verde de Mato Grosso,Furnas,25.0,False,UNKNOWN,SIAGAS_MS_20260814,E04,-18.920276999999942,-54.84833299999997
3500023004,Sonora,Furnas,44.0,False,UNKNOWN,SIAGAS_MS_20260814,E04,-17.587499999999977,-54.74416599999995
3500023042,Corumbá,Rocha cristalina,3.5,False,UNKNOWN,SIAGAS_MS_20260814,E04,-19.133610999999974,-57.49527699999999
3500023065,Bonito,Cuiaba,17.0,False,UNKNOWN,SIAGAS_MS_20260814,E04,-21.11027699999994,-56.49277699999993
3500023074,Bonito,Cuiaba,1.5,False,UNKNOWN,SIAGAS_MS_20260814,E04,-21.112776999999937,-56.49638799999997
3500023078,Bonito,Cuiaba,17.0,False,UNKNOWN,SIAGAS_MS_20260814,E04,-21.113332999999955,-56.49555499999997
3500067713,Corguinho,Guarani,36.85,False,UNKNOWN,SIAGAS_MS_20260814,E04,-19.93777799999998,-54.89666699999998
3500027027,Anaurilândia,Caiua,10.0,False,UNKNOWN,SIAGAS_MS_20260814,E04,-22.19138899999996,-52.72194399999995
3500022715,Mundo Novo,Bauru,19.5,False,UNKNOWN,SIAGAS_MS_20260814,E04,-23.929165999999952,-54.29333299999996
3500023183,Anaurilândia,Bauru,11.0,False,UNKNOWN,SIAGAS_MS_20260814,E04,-22.19055499999996,-52.72194399999995
3500023298,Três Lagoas,Caiua,24.15,False,UNKNOWN,SIAGAS_MS_20260814,E04,-20.780832999999973,-51.73444399999994
3500023371,Naviraí,Bauru,18.0,False,UNKNOWN,SIAGAS_MS_20260814,E04,-23.04361099999994,-54.18888799999996
3500023154,Amambai,Guarani,6.23,False,UNKNOWN,SIAGAS_MS_20260814,E04,-22.991387999999972,-55.33749999999998
3500023199,Dois Irmãos do Buriti,Guarani,11.9,False,UNKNOWN,SIAGAS_MS_20260814,E04,-20.74361099999993,-55.50861099999997
3500023212,Dois Irmãos do Buriti,Guarani,18.0,False,UNKNOWN,SIAGAS_MS_20260814,E04,-20.549165999999957,-55.36611099999993
3500023223,Corguinho,Guarani,67.0,False,UNKNOWN,SIAGAS_MS_20260814,E04,-19.68083299999995,-54.78111099999995
3500045622,Ribas do Rio Pardo,Caiua,13.0,False,UNKNOWN,SIAGAS_MS_20260814,E04,-20.645832999999982,-53.60555599999998
3500022669,Campo Grande,Serra geral,5.3,False,UNKNOWN,SIAGAS_MS_20260814,E04,-20.416387999999927,-54.599721999999986
3500022806,Sidrolândia,Guarani,31.0,False,UNKNOWN,SIAGAS_MS_20260814,E04,-20.741943999999933,-55.11027699999994
3500022874,Rio Brilhante,Serra geral,12.0,False,UNKNOWN,SIAGAS_MS_20260814,E04,-21.808332999999948,-54.550554999999974
3500023016,Camapuã,Guarani,5.15,False,UNKNOWN,SIAGAS_MS_20260814,E04,-19.559165999999948,-54.039165999999966
3500026836,Ivinhema,Bauru,41.83,False,UNKNOWN,SIAGAS_MS_20260814,E04,-22.369166999999948,-53.91916699999996
3500028109,São Gabriel do Oeste,Guarani,23.44,False,UNKNOWN,SIAGAS_MS_20260814,E04,-19.25499999999994,-54.326666999999986
3500029180,Água Clara,Caiua,36.93,False,UNKNOWN,SIAGAS_MS_20260814,E04,-20.46111099999996,-52.819721999999956
3500070517,Dourados,Serra geral,8.3,False,UNKNOWN,SIAGAS_MS_20260814,E04,-22.036257999999975,-54.48153899999994
3500022478,Campo Grande,Serra geral,5.5,False,UNKNOWN,SIAGAS_MS_20260814,E04,-20.476943999999946,-54.62777699999998
3500022504,Campo Grande,Serra geral,14.0,False,UNKNOWN,SIAGAS_MS_20260814,E04,-20.41277699999995,-54.644165999999984
3500022516,Campo Grande,Serra geral,2.4,False,UNKNOWN,SIAGAS_MS_20260814,E04,-20.437221999999963,-54.64888799999994
3500022528,Campo Grande,Serra geral,5.0,False,UNKNOWN,SIAGAS_MS_20260814,E04,-20.444721999999956,-54.581665999999984
3500022543,Ivinhema,Caiua,38.41,False,UNKNOWN,SIAGAS_MS_20260814,E04,-22.309721999999965,-53.82888799999995
3500022556,Nova Andradina,Bauru,49.0,False,UNKNOWN,SIAGAS_MS_20260814,E04,-22.238887999999974,-53.33749999999998
3500022579,Três Lagoas,Caiua,14.0,False,UNKNOWN,SIAGAS_MS_20260814,E04,-20.79305499999998,-51.73111099999994
3500022584,Três Lagoas,Bauru,44.0,False,UNKNOWN,SIAGAS_MS_20260814,E04,-20.777221999999938,-51.74138799999997
3500022621,Tacuru,Caiua,39.0,False,UNKNOWN,SIAGAS_MS_20260814,E04,-23.568610999999976,-55.06444399999998
3500022622,Ponta Porã,Serra geral,12.5,False,UNKNOWN,SIAGAS_MS_20260814,E04,-22.21999999999997,-55.614443999999935
3500022638,Coxim,Furnas,2.0,False,UNKNOWN,SIAGAS_MS_20260814,E04,-18.50194399999998,-54.68222199999997
3500022643,Ponta Porã,Serra geral,2.1,False,UNKNOWN,SIAGAS_MS_20260814,E04,-22.23444399999994,-55.50249999999994
3500022646,Ponta Porã,Serra geral,10.5,False,UNKNOWN,SIAGAS_MS_20260814,E04,-22.206387999999947,-55.580832999999984
3500022659,Campo Grande,Caiua,42.07,False,UNKNOWN,SIAGAS_MS_20260814,E04,-20.392499999999927,-54.57472199999995
3500022661,Nioaque,Guarani,2.65,False,UNKNOWN,SIAGAS_MS_20260814,E04,-21.15749999999997,-55.82638799999995
3500022662,Nioaque,Guarani,3.0,False,UNKNOWN,SIAGAS_MS_20260814,E04,-21.166387999999927,-55.82638799999995
3500022672,Batayporã,Caiua,12.0,False,UNKNOWN,SIAGAS_MS_20260814,E04,-22.29361099999994,-53.27333299999998
3500022706,Iguatemi,Caiua,12.0,False,UNKNOWN,SIAGAS_MS_20260814,E04,-23.664443999999946,-54.56416599999994
3500022780,Caracol,Rocha cristalina,3.0,False,UNKNOWN,SIAGAS_MS_20260814,E04,-22.009999999999934,-57.029443999999955
3500022833,Dourados,Serra geral,34.6,False,UNKNOWN,SIAGAS_MS_20260814,E04,-22.256943999999976,-54.79361099999994
3500022846,Dourados,Serra geral,18.0,False,UNKNOWN,SIAGAS_MS_20260814,E04,-22.225832999999966,-54.79444399999994
3500022849,Fátima do Sul,Serra geral,12.0,False,UNKNOWN,SIAGAS_MS_20260814,E04,-22.379443999999978,-54.51416599999993
3500022880,Dourados,Serra geral,10.25,False,UNKNOWN,SIAGAS_MS_20260814,E04,-22.175276999999937,-54.666943999999944
3500022904,Campo Grande,Serra geral,12.0,False,UNKNOWN,SIAGAS_MS_20260814,E04,-20.496110999999928,-54.63972199999995
3500022953,Campo Grande,Serra geral,5.0,False,UNKNOWN,SIAGAS_MS_20260814,E04,-20.489721999999972,-54.67388799999998
3500022973,Bataguassu,Caiua,38.0,False,UNKNOWN,SIAGAS_MS_20260814,E04,-21.809999999999945,-52.413887999999986
3500022993,Coxim,Furnas,8.8,False,UNKNOWN,SIAGAS_MS_20260814,E04,-18.499999999999943,-54.75555499999996
3500023023,Japorã,Caiua,23.36,False,UNKNOWN,SIAGAS_MS_20260814,E04,-23.893610999999964,-54.404721999999936
3500023024,Japorã,Caiua,29.3,False,UNKNOWN,SIAGAS_MS_20260814,E04,-23.892499999999927,-54.38722199999995
3500023089,Bonito,Cuiaba,11.0,False,UNKNOWN,SIAGAS_MS_20260814,E04,-21.11833299999995,-56.444999999999936
3500023091,Bonito,Cuiaba,6.0,False,UNKNOWN,SIAGAS_MS_20260814,E04,-21.121110999999928,-56.453332999999986
3500023096,Bonito,Cuiaba,2.0,False,UNKNOWN,SIAGAS_MS_20260814,E04,-21.11944399999993,-56.49388799999997
3500023107,Bonito,Cuiaba,11.0,False,UNKNOWN,SIAGAS_MS_20260814,E04,-21.11916599999995,-56.496110999999985
3500023123,Miranda,Cuiaba,13.5,False,UNKNOWN,SIAGAS_MS_20260814,E04,-20.533887999999934,-56.185554999999965
3500023130,Laguna Carapã,Serra geral,6.5,False,UNKNOWN,SIAGAS_MS_20260814,E04,-22.527776999999958,-55.17111099999994
3500023161,Aral Moreira,Serra geral,17.5,False,UNKNOWN,SIAGAS_MS_20260814,E04,-22.946110999999974,-55.61611099999993
3500026990,Angélica,Caiua,32.5,False,UNKNOWN,SIAGAS_MS_20260814,E04,-22.164999999999964,-53.78083299999997
3500027015,Miranda,Caiua,30.0,False,UNKNOWN,SIAGAS_MS_20260814,E04,-20.009166999999934,-56.328332999999986
3500027016,Miranda,Caiua,35.0,False,UNKNOWN,SIAGAS_MS_20260814,E04,-20.101110999999946,-56.46972199999993
3500027046,Caarapó,Serra geral,13.1,False,UNKNOWN,SIAGAS_MS_20260814,E04,-22.62888899999996,-54.826666999999986
3500027049,Itaporã,Guarani,10.5,False,UNKNOWN,SIAGAS_MS_20260814,E04,-22.07666699999993,-54.786666999999966
3500027061,Coxim,Furnas,15.0,False,UNKNOWN,SIAGAS_MS_20260814,E04,-18.505277999999976,-54.75472199999996
3500027075,Itaporã,Guarani,5.8,False,UNKNOWN,SIAGAS_MS_20260814,E04,-22.081388999999945,-54.78694399999995
3500027078,Coxim,Furnas,3.0,False,UNKNOWN,SIAGAS_MS_20260814,E04,-18.499721999999963,-54.68222199999997
3500027122,Brasilândia,Caiua,27.0,False,UNKNOWN,SIAGAS_MS_20260814,E04,-21.248055999999963,-52.04277799999994
3500027127,Maracaju,Serra geral,6.0,False,UNKNOWN,SIAGAS_MS_20260814,E04,-21.62638899999996,-55.16666699999996
3500027177,Ponta Porã,Serra geral,11.6,False,UNKNOWN,SIAGAS_MS_20260814,E04,-22.51388899999995,-55.716943999999955
3500027183,Itaporã,Serra geral,8.8,False,UNKNOWN,SIAGAS_MS_20260814,E04,-22.03694399999995,-54.74083299999995
3500027191,Nova Alvorada do Sul,Serra geral,10.0,False,UNKNOWN,SIAGAS_MS_20260814,E04,-21.446943999999974,-54.370277999999985
3500027201,Nova Alvorada do Sul,Serra geral,12.0,False,UNKNOWN,SIAGAS_MS_20260814,E04,-21.45111099999997,-54.38527799999997
3500027205,Aquidauana,Aquidauana,17.4,False,UNKNOWN,SIAGAS_MS_20260814,E04,-20.288888999999926,-56.07555599999995
3500027224,Dois Irmãos do Buriti,Rocha sedimentar,52.35,False,UNKNOWN,SIAGAS_MS_20260814,E04,-20.68805599999996,-55.278055999999935
3500027236,Itaquiraí,Caiua,15.7,False,UNKNOWN,SIAGAS_MS_20260814,E04,-23.475555999999983,-54.17777799999993
3500027244,Bodoquena,Guará,9.05,False,UNKNOWN,SIAGAS_MS_20260814,E04,-20.551388999999972,-56.67555599999997
3500027248,Chapadão do Sul,Não definido,48.1,False,UNKNOWN,SIAGAS_MS_20260814,E04,-18.800555999999972,-52.62499999999994
3500027272,Ponta Porã,Serra geral,17.1,False,UNKNOWN,SIAGAS_MS_20260814,E04,-22.507221999999956,-55.714999999999975
3500027274,Sidrolândia,Serra geral,29.5,False,UNKNOWN,SIAGAS_MS_20260814,E04,-20.74166699999995,-55.10583299999996
3500027284,Iguatemi,Caiua,19.0,False,UNKNOWN,SIAGAS_MS_20260814,E04,-23.675277999999935,-54.59249999999997
3500027308,Dois Irmãos do Buriti,Aquidauana,14.0,False,UNKNOWN,SIAGAS_MS_20260814,E04,-20.452777999999967,-55.42444399999994
3500023188,Aquidauana,Aquidauana,3.32,False,UNKNOWN,SIAGAS_MS_20260814,E04,-20.455554999999947,-55.78527699999995
3500023171,Angélica,Caiua,16.62,False,UNKNOWN,SIAGAS_MS_20260814,E04,-22.15916599999997,-53.771387999999945
3500023225,Corguinho,Aquidauana,17.0,False,UNKNOWN,SIAGAS_MS_20260814,E04,-19.726665999999966,-54.737221999999974
3500023262,Rio Brilhante,Serra geral,8.12,False,UNKNOWN,SIAGAS_MS_20260814,E04,-21.651943999999958,-54.427776999999935
3500023268,Rio Brilhante,Serra geral,5.15,False,UNKNOWN,SIAGAS_MS_20260814,E04,-21.76666599999993,-54.39194399999997
3500023271,Nova Alvorada do Sul,Caiua,12.0,False,UNKNOWN,SIAGAS_MS_20260814,E04,-21.447776999999974,-54.44222199999996
3500023331,Chapadão do Sul,Bauru,64.0,False,UNKNOWN,SIAGAS_MS_20260814,E04,-18.81361099999998,-52.61999999999995
3500023335,Costa Rica,Serra geral,33.0,False,UNKNOWN,SIAGAS_MS_20260814,E04,-18.530276999999955,-53.143332999999984
3500023382,Batayporã,Caiua,12.0,False,UNKNOWN,SIAGAS_MS_20260814,E04,-22.300276999999937,-53.27416599999998
3500023266,Rio Brilhante,Guarani,15.0,False,UNKNOWN,SIAGAS_MS_20260814,E04,-21.768054999999947,-54.56749999999994
3500045697,Campo Grande,Guarani,5.0,False,UNKNOWN,SIAGAS_MS_20260814,E04,-20.52388899999994,-54.58527799999996
3500022534,Campo Grande,Guarani,51.0,False,UNKNOWN,SIAGAS_MS_20260814,E04,-20.51555499999995,-54.653332999999975
3500022682,Amambai,Guarani,44.0,False,UNKNOWN,SIAGAS_MS_20260814,E04,-23.09888799999993,-55.20055499999995
3500022886,Campo Grande,Guarani,3.0,False,UNKNOWN,SIAGAS_MS_20260814,E04,-20.486110999999937,-54.64694399999996
3500022942,Campo Grande,Guarani,10.57,False,UNKNOWN,SIAGAS_MS_20260814,E04,-20.463332999999977,-54.52333299999998
3500027143,Dourados,Guarani,29.0,False,UNKNOWN,SIAGAS_MS_20260814,E04,-22.267221999999947,-54.81166699999994
3500065121,Douradina,Guarani,25.0,False,UNKNOWN,SIAGAS_MS_20260814,E04,-22.04388899999998,-54.61111099999994
3500022467,Campo Grande,Guarani,75.0,False,UNKNOWN,SIAGAS_MS_20260814,E04,-20.498054999999965,-54.66722199999998
3500022468,Campo Grande,Guarani,4.0,False,UNKNOWN,SIAGAS_MS_20260814,E04,-20.491665999999952,-54.67305499999998
3500022471,Campo Grande,Serra geral,11.8,False,UNKNOWN,SIAGAS_MS_20260814,E04,-20.450832999999932,-54.56749999999994
3500022493,Campo Grande,Serra geral,14.0,False,UNKNOWN,SIAGAS_MS_20260814,E04,-20.423610999999937,-54.55555499999997
3500022499,Campo Grande,Serra geral,8.3,False,UNKNOWN,SIAGAS_MS_20260814,E04,-20.55499999999995,-54.58722199999994
3500022518,Campo Grande,Serra geral,11.28,False,UNKNOWN,SIAGAS_MS_20260814,E04,-20.551387999999974,-54.57722199999995
3500022563,Costa Rica,Guarani,11.0,False,UNKNOWN,SIAGAS_MS_20260814,E04,-18.53527699999995,-53.12805499999996
3500022575,Três Lagoas,Bauru,18.3,False,UNKNOWN,SIAGAS_MS_20260814,E04,-20.679443999999933,-52.227776999999946
3500022576,Três Lagoas,Bauru,14.21,False,UNKNOWN,SIAGAS_MS_20260814,E04,-20.776665999999977,-51.70027699999997
3500022624,Ladário,Rocha cristalina,4.2,False,UNKNOWN,SIAGAS_MS_20260814,E04,-19.07555499999995,-57.57722199999995
3500022764,Aquidauana,Furnas,0.3,False,UNKNOWN,SIAGAS_MS_20260814,E04,-20.459165999999982,-55.790832999999964
3500023019,Três Lagoas,Bauru,15.2,False,UNKNOWN,SIAGAS_MS_20260814,E04,-20.778887999999938,-51.699165999999934
3500023101,São Gabriel do Oeste,Serra geral,14.5,False,UNKNOWN,SIAGAS_MS_20260814,E04,-19.531665999999973,-54.56805499999996
3500023104,São Gabriel do Oeste,Guarani,11.0,False,UNKNOWN,SIAGAS_MS_20260814,E04,-19.34499999999997,-54.66972199999998
3500023180,Anaurilândia,,20.5,False,UNKNOWN,SIAGAS_MS_20260814,E04,-22.173332999999957,-52.72083299999997
3500023192,Aquidauana,,13.0,False,UNKNOWN,SIAGAS_MS_20260814,E04,-20.47194399999995,-55.77388799999994
3500023390,Paranaíba,,0.0,True,UNKNOWN,SIAGAS_MS_20260814,E04,-19.19944399999997,-51.39611099999996
3500023151,Amambai,,55.8,False,UNKNOWN,SIAGAS_MS_20260814,E04,-23.099999999999966,-55.22249999999997
3500023255,Ribas do Rio Pardo,,62.8,False,UNKNOWN,SIAGAS_MS_20260814,E04,-19.87694399999998,-53.70138799999995
3500023190,Aquidauana,,9.6,False,UNKNOWN,SIAGAS_MS_20260814,E04,-20.48111099999994,-55.787499999999966
3500022473,Campo Grande,Guarani,14.25,False,UNKNOWN,SIAGAS_MS_20260814,E04,-20.47305499999993,-54.64583299999998
3500022535,Campo Grande,Guarani,71.0,False,UNKNOWN,SIAGAS_MS_20260814,E04,-20.522221999999942,-54.654721999999936
3500023176,Angélica,,17.74,False,UNKNOWN,SIAGAS_MS_20260814,E04,-22.052776999999935,-54.06611099999998
3500045661,Batayporã,Caiua,50.0,False,UNKNOWN,SIAGAS_MS_20260814,E04,-22.284999999999968,-53.28249999999997
3500022696,Caarapó,Serra geral,8.0,False,UNKNOWN,SIAGAS_MS_20260814,E04,-22.49527699999993,-54.757221999999956
3500067664,Sidrolândia,Guarani,46.0,False,UNKNOWN,SIAGAS_MS_20260814,E04,-20.941110999999978,-54.974166999999966
3500073240,Bela Vista,,1.0,False,UNKNOWN,SIAGAS_MS_20260814,E04,-21.572832999999946,-56.635410999999976
3500067287,Terenos,,55.5,False,UNKNOWN,SIAGAS_MS_20260814,E04,-20.717777999999953,-55.02138899999994
3500067322,Costa Rica,Guarani,57.0,False,UNKNOWN,SIAGAS_MS_20260814,E04,-18.516388999999947,-53.15749999999997
3500023184,Anaurilândia,,58.0,False,UNKNOWN,SIAGAS_MS_20260814,E04,-22.018887999999947,-52.51888799999995
3500073577,Glória de Dourados,Bauru,25.2,False,UNKNOWN,SIAGAS_MS_20260814,E04,-22.34919199999996,-54.282216999999946
3500030630,São Gabriel do Oeste,Serra geral,1.0,False,UNKNOWN,SIAGAS_MS_20260814,E04,-19.383888999999954,-54.56694399999998
3500030632,Rio Verde de Mato Grosso,Furnas,25.0,False,UNKNOWN,SIAGAS_MS_20260814,E04,-18.920555999999976,-54.84833299999997
3500030639,Bandeirantes,Serra geral,28.0,False,UNKNOWN,SIAGAS_MS_20260814,E04,-19.67916699999995,-54.35388899999998
3500073750,Naviraí,Bauru,9.2,False,UNKNOWN,SIAGAS_MS_20260814,E04,-23.071616999999947,-54.22894199999996
3500073793,Vicentina,Bauru,19.0,False,UNKNOWN,SIAGAS_MS_20260814,E04,-22.53419699999995,-54.42435299999994
3500067384,Terenos,Guarani,53.2,False,UNKNOWN,SIAGAS_MS_20260814,E04,-20.377777999999978,-55.22972199999998
3500073045,Alcinópolis,Botucatu,25.82,False,UNKNOWN,SIAGAS_MS_20260814,E04,-18.107760999999982,-53.95628899999997
3500073153,Ponta Porã,Serra geral,14.04,False,UNKNOWN,SIAGAS_MS_20260814,E04,-22.463827999999978,-55.737030999999945
3500073254,Dourados,Serra geral,3.99,False,UNKNOWN,SIAGAS_MS_20260814,E04,-22.232580999999982,-54.98858899999993
3500073397,Três Lagoas,Bauru,21.8,False,UNKNOWN,SIAGAS_MS_20260814,E04,-20.766899999999964,-51.679224999999974
3500022687,Antônio João,Serra geral,3.3,False,UNKNOWN,SIAGAS_MS_20260814,E04,-22.196943999999974,-55.94388799999996
3500022700,Eldorado,Caiua,45.4,False,UNKNOWN,SIAGAS_MS_20260814,E04,-23.788610999999946,-54.28416599999997
3500022704,Eldorado,Caiua,28.0,False,UNKNOWN,SIAGAS_MS_20260814,E04,-23.782776999999953,-54.27694399999996
3500022741,Ponta Porã,Serra geral,5.0,False,UNKNOWN,SIAGAS_MS_20260814,E04,-22.497776999999928,-55.72249999999997
3500023012,Três Lagoas,Bauru,13.8,False,UNKNOWN,SIAGAS_MS_20260814,E04,-20.72555499999993,-51.699165999999934
3500023015,Ponta Porã,Serra geral,4.0,False,UNKNOWN,SIAGAS_MS_20260814,E04,-22.195554999999956,-55.48055499999998
3500023081,Bonito,Cuiaba,4.5,False,UNKNOWN,SIAGAS_MS_20260814,E04,-21.122221999999965,-56.49555499999997
3500023082,Bonito,Cuiaba,5.0,False,UNKNOWN,SIAGAS_MS_20260814,E04,-21.113610999999935,-56.497221999999965
3500067699,Laguna Carapã,Serra geral,1.2,False,UNKNOWN,SIAGAS_MS_20260814,E04,-22.837777999999958,-55.20111099999997
3500027247,Sidrolândia,Guarani,7.2,False,UNKNOWN,SIAGAS_MS_20260814,E04,-21.194721999999956,-54.91305599999998
3500023200,Anastácio,Guarani,11.55,False,UNKNOWN,SIAGAS_MS_20260814,E04,-20.778887999999938,-55.51611099999997
3500023201,Dois Irmãos do Buriti,Guarani,0.0,True,UNKNOWN,SIAGAS_MS_20260814,E04,-20.756943999999976,-55.48499999999996
3500023206,Dois Irmãos do Buriti,Guarani,49.5,False,UNKNOWN,SIAGAS_MS_20260814,E04,-20.688332999999943,-55.46083299999998
3500023211,Terenos,Guarani,52.0,False,UNKNOWN,SIAGAS_MS_20260814,E04,-20.644721999999945,-55.05361099999993
3500023226,São Gabriel do Oeste,Guarani,8.5,False,UNKNOWN,SIAGAS_MS_20260814,E04,-19.394165999999927,-54.61138799999998
3500023273,Bataguassu,Caiua,41.0,False,UNKNOWN,SIAGAS_MS_20260814,E04,-21.718332999999973,-52.41888799999998
3500027072,Ivinhema,Caiua,37.0,False,UNKNOWN,SIAGAS_MS_20260814,E04,-22.304443999999933,-53.828332999999986
3500023378,Glória de Dourados,Serra geral,20.0,False,UNKNOWN,SIAGAS_MS_20260814,E04,-22.407221999999933,-54.227776999999946
3500022589,Alcinópolis,Guarani,5.5,False,UNKNOWN,SIAGAS_MS_20260814,E04,-18.32361099999997,-53.71222199999994
3500022653,Campo Grande,Serra geral,108.0,False,UNKNOWN,SIAGAS_MS_20260814,E04,-20.51666599999993,-54.61944399999999
3500022885,Campo Grande,Serra geral,0.4,False,UNKNOWN,SIAGAS_MS_20260814,E04,-20.99333299999995,-54.507499999999936
3500022890,Campo Grande,Serra geral,25.0,False,UNKNOWN,SIAGAS_MS_20260814,E04,-20.42083299999996,-54.636387999999954
3500022901,Campo Grande,Serra geral,18.0,False,UNKNOWN,SIAGAS_MS_20260814,E04,-20.496387999999968,-54.65083299999998
3500022989,Camapuã,Guarani,7.0,False,UNKNOWN,SIAGAS_MS_20260814,E04,-19.528332999999975,-54.04333299999996
3500023017,Ribas do Rio Pardo,Serra geral,6.0,False,UNKNOWN,SIAGAS_MS_20260814,E04,-20.44083299999994,-53.76777699999997
3500026838,Camapuã,Guarani,36.9,False,UNKNOWN,SIAGAS_MS_20260814,E04,-19.63777799999997,-54.082221999999945
3500023011,Coxim,Ponta grossa,15.0,False,UNKNOWN,SIAGAS_MS_20260814,E04,-18.562776999999983,-54.632776999999976
3500022507,Campo Grande,Serra geral,21.0,False,UNKNOWN,SIAGAS_MS_20260814,E04,-20.500832999999943,-54.577499999999986
3500022544,Ivinhema,Caiua,49.68,False,UNKNOWN,SIAGAS_MS_20260814,E04,-22.31361099999998,-53.82861099999997
3500022548,Ivinhema,Caiua,13.8,False,UNKNOWN,SIAGAS_MS_20260814,E04,-22.30583299999995,-53.850554999999986
3500022550,Ivinhema,Caiua,52.0,False,UNKNOWN,SIAGAS_MS_20260814,E04,-22.370832999999948,-53.92749999999995
3500022581,Três Lagoas,Bauru,22.5,False,UNKNOWN,SIAGAS_MS_20260814,E04,-20.78444399999995,-51.74416599999995
3500022585,Três Lagoas,Bauru,31.0,False,UNKNOWN,SIAGAS_MS_20260814,E04,-20.776943999999958,-51.68833299999994
3500022599,Camapuã,Guarani,5.45,False,UNKNOWN,SIAGAS_MS_20260814,E04,-19.519721999999945,-54.03777699999995
3500022613,Corumbá,Não definido,3.0,False,UNKNOWN,SIAGAS_MS_20260814,E04,-19.69944399999997,-57.83249999999998
3500022641,Corumbá,Não definido,5.14,False,UNKNOWN,SIAGAS_MS_20260814,E04,-19.09611099999995,-57.81194399999998
3500022655,Aquidauana,Aquidauana,22.0,False,UNKNOWN,SIAGAS_MS_20260814,E04,-20.465276999999958,-55.79138799999998
3500022723,Naviraí,Caiua,27.6,False,UNKNOWN,SIAGAS_MS_20260814,E04,-23.05777699999993,-54.17999999999995
3500022747,Ponta Porã,Serra geral,10.0,False,UNKNOWN,SIAGAS_MS_20260814,E04,-22.491665999999952,-55.74194399999993
3500022750,Ponta Porã,Serra geral,5.2,False,UNKNOWN,SIAGAS_MS_20260814,E04,-22.62611099999998,-55.62138799999997
3500022758,Anastácio,Aquidauana,30.0,False,UNKNOWN,SIAGAS_MS_20260814,E04,-20.496110999999928,-55.81388799999996
3500022775,Bonito,Cuiaba,25.0,False,UNKNOWN,SIAGAS_MS_20260814,E04,-21.115832999999952,-56.508887999999956
3500022779,Caracol,Não definido,1.5,False,UNKNOWN,SIAGAS_MS_20260814,E04,-22.018610999999964,-57.01722199999995
3500022792,Jardim,Aquidauana,2.7800000000000002,False,UNKNOWN,SIAGAS_MS_20260814,E04,-21.484999999999957,-56.14222199999995
3500022799,Aquidauana,Aquidauana,9.68,False,UNKNOWN,SIAGAS_MS_20260814,E04,-20.48444399999994,-55.636665999999934
3500022826,Dourados,Serra geral,12.0,False,UNKNOWN,SIAGAS_MS_20260814,E04,-22.22444399999995,-54.77694399999996
3500022827,Dourados,Serra geral,6.0,False,UNKNOWN,SIAGAS_MS_20260814,E04,-22.23083299999996,-54.81499999999994
3500022828,Dourados,Serra geral,8.0,False,UNKNOWN,SIAGAS_MS_20260814,E04,-22.239443999999935,-54.79944399999994
3500022831,Dourados,Serra geral,37.0,False,UNKNOWN,SIAGAS_MS_20260814,E04,-22.258610999999974,-54.81694399999998
3500022840,Dourados,Serra geral,1.9900000000000002,False,UNKNOWN,SIAGAS_MS_20260814,E04,-22.266110999999967,-54.81194399999998
3500022842,Dourados,Serra geral,30.0,False,UNKNOWN,SIAGAS_MS_20260814,E04,-22.25583299999994,-54.79805499999998
3500022850,Dourados,Serra geral,32.2,False,UNKNOWN,SIAGAS_MS_20260814,E04,-22.208610999999962,-54.65138799999994
3500022879,Dourados,Serra geral,33.0,False,UNKNOWN,SIAGAS_MS_20260814,E04,-22.183054999999968,-54.67138799999998
3500022889,Campo Grande,Serra geral,12.0,False,UNKNOWN,SIAGAS_MS_20260814,E04,-20.447499999999934,-54.62666599999994
3500022897,Campo Grande,Serra geral,5.05,False,UNKNOWN,SIAGAS_MS_20260814,E04,-20.451665999999932,-54.644165999999984
3500022909,Campo Grande,Serra geral,120.0,False,UNKNOWN,SIAGAS_MS_20260814,E04,-20.548610999999937,-54.572499999999934
3500022922,Campo Grande,Serra geral,15.0,False,UNKNOWN,SIAGAS_MS_20260814,E04,-20.553054999999972,-54.583054999999945
3500022934,Angélica,Caiua,9.0,False,UNKNOWN,SIAGAS_MS_20260814,E04,-22.150832999999977,-53.75666599999994
3500022945,Campo Grande,Serra geral,4.0,False,UNKNOWN,SIAGAS_MS_20260814,E04,-20.533054999999933,-54.601387999999986
3500022974,Bataguassu,Caiua,47.0,False,UNKNOWN,SIAGAS_MS_20260814,E04,-21.72305499999993,-52.41861099999994
3500022975,Bataguassu,Caiua,46.0,False,UNKNOWN,SIAGAS_MS_20260814,E04,-21.73222199999998,-52.42999999999995
3500022977,Santa Rita do Pardo,Caiua,1.0,False,UNKNOWN,SIAGAS_MS_20260814,E04,-21.30583299999995,-52.83138799999995
3500022992,Coxim,Furnas,4.6,False,UNKNOWN,SIAGAS_MS_20260814,E04,-18.511665999999934,-54.756943999999976
3500023001,Chapadão do Sul,Coberturas sedimentares Indiferenciadas,56.0,False,UNKNOWN,SIAGAS_MS_20260814,E04,-18.803610999999933,-52.623054999999965
3500023009,Coxim,Furnas,3.0,False,UNKNOWN,SIAGAS_MS_20260814,E04,-18.500276999999983,-54.68305499999997
3500023032,Ivinhema,Caiua,39.1,False,UNKNOWN,SIAGAS_MS_20260814,E04,-22.308887999999968,-53.831665999999984
3500023034,Corumbá,Não definido,14.7,False,UNKNOWN,SIAGAS_MS_20260814,E04,-19.10944399999994,-57.749165999999946
3500023049,Ivinhema,Caiua,18.0,False,UNKNOWN,SIAGAS_MS_20260814,E04,-22.307221999999967,-53.851387999999986
3500023087,Bonito,Cuiaba,9.0,False,UNKNOWN,SIAGAS_MS_20260814,E04,-21.121387999999968,-56.49527699999999
3500023095,Bonito,Cuiaba,12.0,False,UNKNOWN,SIAGAS_MS_20260814,E04,-21.11944399999993,-56.49555499999997
3500023097,Campo Grande,Serra geral,13.0,False,UNKNOWN,SIAGAS_MS_20260814,E04,-20.520276999999965,-54.60944399999994
3500023112,Corumbá,Não definido,11.0,False,UNKNOWN,SIAGAS_MS_20260814,E04,-19.06444399999998,-57.70916599999998
3500023113,Corumbá,Não definido,7.0,False,UNKNOWN,SIAGAS_MS_20260814,E04,-19.084443999999962,-57.724999999999966
3500023119,Corumbá,Não definido,15.0,False,UNKNOWN,SIAGAS_MS_20260814,E04,-19.31888799999996,-57.44972199999995
3500023152,Amambai,Serra geral,10.6,False,UNKNOWN,SIAGAS_MS_20260814,E04,-23.052499999999952,-55.22027699999995
3500026960,Naviraí,Bauru,10.0,False,UNKNOWN,SIAGAS_MS_20260814,E04,-23.103610999999944,-54.202499999999986
3500026983,Sonora,Furnas,29.5,False,UNKNOWN,SIAGAS_MS_20260814,E04,-17.58583299999998,-54.75166699999994
3500027028,Anaurilândia,Caiua,23.8,False,UNKNOWN,SIAGAS_MS_20260814,E04,-22.17111099999994,-52.694166999999936
3500027033,Rio Verde de Mato Grosso,Furnas,6.0,False,UNKNOWN,SIAGAS_MS_20260814,E04,-18.914999999999964,-54.853332999999964
3500027037,Rio Verde de Mato Grosso,Furnas,30.0,False,UNKNOWN,SIAGAS_MS_20260814,E04,-18.90944399999995,-54.83694399999996
3500027057,Sonora,Furnas,36.0,False,UNKNOWN,SIAGAS_MS_20260814,E04,-17.579166999999927,-54.75277799999998
3500027059,Camapuã,Guarani,50.53,False,UNKNOWN,SIAGAS_MS_20260814,E04,-19.516666999999927,-54.04249999999996
3500027084,Eldorado,Caiua,38.3,False,UNKNOWN,SIAGAS_MS_20260814,E04,-23.78388899999993,-54.28111099999995
3500027089,Fátima do Sul,Caiua,4.0,False,UNKNOWN,SIAGAS_MS_20260814,E04,-22.30472199999997,-54.33472199999994
3500027168,Taquarussu,Caiua,8.6,False,UNKNOWN,SIAGAS_MS_20260814,E04,-22.486110999999937,-53.349166999999966
3500027227,Fátima do Sul,Serra geral,1.7200000000000002,False,UNKNOWN,SIAGAS_MS_20260814,E04,-22.374999999999943,-54.52277799999996
3500027232,Ponta Porã,Serra geral,28.0,False,UNKNOWN,SIAGAS_MS_20260814,E04,-22.537499999999966,-55.723888999999986
3500027301,Selvíria,Serra geral,16.0,False,UNKNOWN,SIAGAS_MS_20260814,E04,-20.358888999999976,-51.42666699999995
3500027304,Bataguassu,Caiua,3.3,False,UNKNOWN,SIAGAS_MS_20260814,E04,-21.72444399999995,-52.25222199999996
3500027311,Rio Brilhante,Serra geral,0.0,True,UNKNOWN,SIAGAS_MS_20260814,E04,-21.64972199999994,-54.42944399999993
3500023352,Paranhos,Bauru,21.25,False,UNKNOWN,SIAGAS_MS_20260814,E04,-23.89055499999995,-55.426943999999935
3500023177,Ivinhema,Caiua,17.0,False,UNKNOWN,SIAGAS_MS_20260814,E04,-22.383332999999936,-53.59611099999995
3500023263,Rio Brilhante,Serra geral,51.0,False,UNKNOWN,SIAGAS_MS_20260814,E04,-21.760276999999974,-54.75472199999996
3500023265,Rio Brilhante,Serra geral,4.0,False,UNKNOWN,SIAGAS_MS_20260814,E04,-21.76111099999997,-54.60833299999996
3500023305,Selvíria,Serra geral,18.0,False,UNKNOWN,SIAGAS_MS_20260814,E04,-20.361665999999957,-51.42833299999995
3500023308,Inocência,Bauru,26.32,False,UNKNOWN,SIAGAS_MS_20260814,E04,-19.72527699999995,-51.927776999999935
3500023333,Paraíso das Águas,Bauru,86.05,False,UNKNOWN,SIAGAS_MS_20260814,E04,-18.969443999999953,-52.93861099999998
3500023361,Sete Quedas,Bauru,38.3,False,UNKNOWN,SIAGAS_MS_20260814,E04,-23.865554999999972,-54.72416599999997
3500023364,Itaquiraí,Bauru,18.0,False,UNKNOWN,SIAGAS_MS_20260814,E04,-23.476110999999946,-54.17833299999995
3500027129,Terenos,Serra geral,16.2,False,UNKNOWN,SIAGAS_MS_20260814,E04,-20.43916699999994,-55.18805599999996
3500045678,Campo Grande,Serra geral,13.0,False,UNKNOWN,SIAGAS_MS_20260814,E04,-20.414999999999964,-54.59527799999995
3500027073,Ivinhema,Caiua,20.0,False,UNKNOWN,SIAGAS_MS_20260814,E04,-22.315277999999978,-53.817777999999976
3500027137,Nova Andradina,Bauru,30.0,False,UNKNOWN,SIAGAS_MS_20260814,E04,-22.23361099999994,-53.34499999999997
3500023286,Brasilândia,Caiua,23.14,False,UNKNOWN,SIAGAS_MS_20260814,E04,-21.255276999999978,-52.03305499999993
3500023360,Iguatemi,Caiua,15.0,False,UNKNOWN,SIAGAS_MS_20260814,E04,-23.70055499999995,-54.572776999999974
3500027217,Deodápolis,Serra geral,8.9,False,UNKNOWN,SIAGAS_MS_20260814,E04,-22.177221999999972,-54.121943999999985
3500022910,Campo Grande,Guarani,97.0,False,UNKNOWN,SIAGAS_MS_20260814,E04,-20.527776999999958,-54.60222199999998
3500023144,Amambai,Guarani,18.2,False,UNKNOWN,SIAGAS_MS_20260814,E04,-23.142776999999967,-55.21249999999998
3500022469,Campo Grande,Serra geral,19.0,False,UNKNOWN,SIAGAS_MS_20260814,E04,-20.460554999999943,-54.56666599999994
3500022812,Sidrolândia,Guarani,68.5,False,UNKNOWN,SIAGAS_MS_20260814,E04,-20.924443999999937,-54.95361099999997
3500022913,Campo Grande,Guarani,135.0,False,UNKNOWN,SIAGAS_MS_20260814,E04,-20.507499999999936,-54.57361099999997
3500022814,Sidrolândia,Guarani,138.9,False,UNKNOWN,SIAGAS_MS_20260814,E04,-20.898054999999943,-54.926387999999974
3500022809,Sidrolândia,Guarani,10.0,False,UNKNOWN,SIAGAS_MS_20260814,E04,-20.937221999999963,-54.966665999999975
3500022870,Itaporã,Guarani,17.2,False,UNKNOWN,SIAGAS_MS_20260814,E04,-21.975832999999966,-54.674999999999955
3500022892,Campo Grande,Guarani,27.0,False,UNKNOWN,SIAGAS_MS_20260814,E04,-20.455554999999947,-54.63166599999994
3500023146,Amambai,Guarani,21.0,False,UNKNOWN,SIAGAS_MS_20260814,E04,-23.09583299999997,-55.19388799999996
3500071484,Glória de Dourados,Bauru_Caiua,20.64,False,UNKNOWN,SIAGAS_MS_20260814,E04,-22.42772199999996,-54.25127799999996
3500071327,Sidrolândia,Serra geral,10.5,False,UNKNOWN,SIAGAS_MS_20260814,E04,-20.907052999999962,-54.958185999999955
3500071301,Eldorado,Bauru_Caiua,28.8,False,UNKNOWN,SIAGAS_MS_20260814,E04,-23.77671399999997,-54.27521399999995
3500022501,Campo Grande,Guarani,2.7,False,UNKNOWN,SIAGAS_MS_20260814,E04,-20.44944399999997,-54.702499999999986
3500022569,Costa Rica,Guarani,3.0,False,UNKNOWN,SIAGAS_MS_20260814,E04,-18.539721999999927,-53.14111099999997
3500022606,Sonora,Furnas,36.0,False,UNKNOWN,SIAGAS_MS_20260814,E04,-17.582776999999965,-54.74944399999998
3500022615,Nioaque,Guarani,37.5,False,UNKNOWN,SIAGAS_MS_20260814,E04,-21.01277699999997,-55.55611099999999
3500022644,Corumbá,Rocha cristalina,10.0,False,UNKNOWN,SIAGAS_MS_20260814,E04,-19.010832999999934,-57.561665999999946
3500022651,Três Lagoas,Bauru,15.0,False,UNKNOWN,SIAGAS_MS_20260814,E04,-20.771110999999962,-51.696943999999974
3500022967,Água Clara,Serra geral,16.1,False,UNKNOWN,SIAGAS_MS_20260814,E04,-20.446665999999937,-52.872221999999965
3500022983,Três Lagoas,Bauru,18.0,False,UNKNOWN,SIAGAS_MS_20260814,E04,-20.79388799999998,-51.667776999999944
3500023100,Jaraguari,Guarani,5.5,False,UNKNOWN,SIAGAS_MS_20260814,E04,-20.063054999999963,-54.45194399999997
3500023126,Água Clara,,21.0,False,UNKNOWN,SIAGAS_MS_20260814,E04,-20.445832999999936,-52.872499999999945
3500023342,Maracaju,,0.0,True,UNKNOWN,SIAGAS_MS_20260814,E04,-21.250832999999943,-55.310276999999985
3500023197,Dois Irmãos do Buriti,,17.0,False,UNKNOWN,SIAGAS_MS_20260814,E04,-20.68861099999998,-55.279443999999955
3500023210,Terenos,,28.0,False,UNKNOWN,SIAGAS_MS_20260814,E04,-20.65138799999994,-55.03583299999997
3500067705,Chapadão do Sul,Guarani,40.0,False,UNKNOWN,SIAGAS_MS_20260814,E04,-19.352777999999944,-52.50472199999996
3500067716,Costa Rica,Guarani,83.0,False,UNKNOWN,SIAGAS_MS_20260814,E04,-18.57749999999993,-53.09583299999997
3500022697,Caarapó,Serra geral,11.2,False,UNKNOWN,SIAGAS_MS_20260814,E04,-22.497221999999965,-54.757499999999936
3500022997,Rio Negro,Furnas,21.1,False,UNKNOWN,SIAGAS_MS_20260814,E04,-19.491110999999933,-55.00277699999998
3500045647,Campo Grande,Serra geral,30.0,False,UNKNOWN,SIAGAS_MS_20260814,E04,-20.561943999999983,-54.66472199999998
3500072042,Campo Grande,,1.23,False,UNKNOWN,SIAGAS_MS_20260814,E04,-21.116338999999982,-53.95808599999998
3500030641,Bandeirantes,,32.0,False,UNKNOWN,SIAGAS_MS_20260814,E04,-19.66999999999996,-54.36638899999997
3500073576,Dourados,Serra geral,5.19,False,UNKNOWN,SIAGAS_MS_20260814,E04,-22.21272199999993,-54.86077799999998
3500030623,São Gabriel do Oeste,Serra geral,26.0,False,UNKNOWN,SIAGAS_MS_20260814,E04,-19.36749999999995,-54.604443999999944
3500030638,Corguinho,Aquidauana,22.0,False,UNKNOWN,SIAGAS_MS_20260814,E04,-19.828610999999967,-54.83472199999994
3500073811,Jateí,Serra geral,4.0,False,UNKNOWN,SIAGAS_MS_20260814,E04,-22.53390799999994,-54.359185999999966
3500072991,Brasilândia,Bauru,30.33,False,UNKNOWN,SIAGAS_MS_20260814,E04,-21.44962799999996,-52.19543599999997
3500072945,Campo Grande,Serra geral,18.25,False,UNKNOWN,SIAGAS_MS_20260814,E04,-20.48687199999995,-54.607846999999936
3500072933,Campo Grande,Serra geral,6.68,False,UNKNOWN,SIAGAS_MS_20260814,E04,-20.57467799999995,-54.58218899999997
3500072931,Dourados,Serra geral,21.92,False,UNKNOWN,SIAGAS_MS_20260814,E04,-22.19695299999995,-54.93428899999998
3500073113,Dourados,Serra geral,18.91,False,UNKNOWN,SIAGAS_MS_20260814,E04,-22.305271999999945,-54.77624999999995
3500073110,Itaquiraí,Bauru,17.8,False,UNKNOWN,SIAGAS_MS_20260814,E04,-23.583055999999942,-54.19752799999998
3500073161,Campo Grande,Serra geral,2.62,False,UNKNOWN,SIAGAS_MS_20260814,E04,-20.467630999999983,-54.61365799999999
3500073505,Eldorado,Bauru,13.93,False,UNKNOWN,SIAGAS_MS_20260814,E04,-23.79757799999993,-54.10698599999995
3500022668,Nova Alvorada do Sul,Serra geral,14.2,False,UNKNOWN,SIAGAS_MS_20260814,E04,-21.434443999999928,-54.40194399999996
3500022707,Iguatemi,Caiua,12.0,False,UNKNOWN,SIAGAS_MS_20260814,E04,-23.66722199999998,-54.56583299999994
3500022726,Ponta Porã,Serra geral,12.0,False,UNKNOWN,SIAGAS_MS_20260814,E04,-22.539165999999966,-55.71916599999997
3500022728,Ponta Porã,Serra geral,28.0,False,UNKNOWN,SIAGAS_MS_20260814,E04,-22.53805499999993,-55.72444399999995
3500022735,Ponta Porã,Serra geral,12.0,False,UNKNOWN,SIAGAS_MS_20260814,E04,-22.508332999999936,-55.71916599999997
3500022736,Ponta Porã,Serra geral,4.0,False,UNKNOWN,SIAGAS_MS_20260814,E04,-22.574999999999932,-55.68999999999994
3500023014,Japorã,Caiua,39.0,False,UNKNOWN,SIAGAS_MS_20260814,E04,-23.839721999999938,-54.511387999999954
3500023054,Bonito,Cuiaba,6.0,False,UNKNOWN,SIAGAS_MS_20260814,E04,-21.08888799999994,-56.45222199999995
3500023070,Bonito,Cuiaba,7.0,False,UNKNOWN,SIAGAS_MS_20260814,E04,-21.111665999999957,-56.49472199999997
3500023075,Bonito,Cuiaba,9.0,False,UNKNOWN,SIAGAS_MS_20260814,E04,-21.124443999999983,-56.49555499999997
3500067700,Laguna Carapã,Serra geral,5.0,False,UNKNOWN,SIAGAS_MS_20260814,E04,-22.749721999999963,-55.17666699999995
3500030633,Rio Verde de Mato Grosso,Ponta grossa,15.0,False,UNKNOWN,SIAGAS_MS_20260814,E04,-18.928610999999933,-54.85388899999998
3500023203,Dois Irmãos do Buriti,Guarani,50.0,False,UNKNOWN,SIAGAS_MS_20260814,E04,-20.734999999999957,-55.45416599999999
3500023169,Angélica,Bauru,20.2,False,UNKNOWN,SIAGAS_MS_20260814,E04,-22.167776999999944,-53.78083299999997
3500023224,Corguinho,Guarani,31.0,False,UNKNOWN,SIAGAS_MS_20260814,E04,-19.68083299999995,-54.76277699999997
3500023254,Camapuã,Guarani,1.3,False,UNKNOWN,SIAGAS_MS_20260814,E04,-19.526665999999977,-54.040276999999946
3500023310,Inocência,Bauru,21.9,False,UNKNOWN,SIAGAS_MS_20260814,E04,-19.72361099999995,-51.92194399999994
3500023385,Taquarussu,Caiua,6.0,False,UNKNOWN,SIAGAS_MS_20260814,E04,-22.562499999999943,-53.39166599999999
3500022588,Alcinópolis,Guarani,8.1,False,UNKNOWN,SIAGAS_MS_20260814,E04,-18.32361099999997,-53.71333299999998
3500022593,Camapuã,Guarani,29.0,False,UNKNOWN,SIAGAS_MS_20260814,E04,-19.53361099999995,-54.041943999999944
3500022595,Camapuã,Guarani,70.0,False,UNKNOWN,SIAGAS_MS_20260814,E04,-19.517221999999947,-54.04333299999996
3500022633,Caarapó,Serra geral,11.0,False,UNKNOWN,SIAGAS_MS_20260814,E04,-22.621943999999928,-54.82638799999995
3500023043,Camapuã,Guarani,30.1,False,UNKNOWN,SIAGAS_MS_20260814,E04,-19.49527699999993,-54.00638799999996
3500023158,Aral Moreira,Serra geral,9.33,False,UNKNOWN,SIAGAS_MS_20260814,E04,-22.958887999999945,-55.62527699999998
3500065091,Bandeirantes,Guarani,30.0,False,UNKNOWN,SIAGAS_MS_20260814,E04,-19.68194399999993,-54.348888999999986
3500065095,Camapuã,Guarani,45.5,False,UNKNOWN,SIAGAS_MS_20260814,E04,-19.528055999999935,-54.04305599999998
3500028107,Nioaque,Guarani,6.83,False,UNKNOWN,SIAGAS_MS_20260814,E04,-21.159999999999968,-55.819721999999956
3500070824,Glória de Dourados,Bauru_Caiua,16.0,False,UNKNOWN,SIAGAS_MS_20260814,E04,-22.40928299999996,-54.21918299999999
3500070723,Douradina,Serra geral,13.0,False,UNKNOWN,SIAGAS_MS_20260814,E04,-22.093618999999933,-54.56048599999997
3500022477,Campo Grande,Serra geral,2.0,False,UNKNOWN,SIAGAS_MS_20260814,E04,-20.48444399999994,-54.631943999999976
3500022512,Campo Grande,Serra geral,2.0,False,UNKNOWN,SIAGAS_MS_20260814,E04,-20.459443999999962,-54.69083299999994
3500022520,Campo Grande,Serra geral,8.5,False,UNKNOWN,SIAGAS_MS_20260814,E04,-20.54777699999994,-54.511665999999934
3500022524,Campo Grande,Serra geral,13.17,False,UNKNOWN,SIAGAS_MS_20260814,E04,-20.415276999999946,-54.663054999999986
3500022557,Nova Andradina,Bauru,22.0,False,UNKNOWN,SIAGAS_MS_20260814,E04,-22.300832999999955,-53.33611099999996
3500022610,Rio Verde de Mato Grosso,Furnas,5.0,False,UNKNOWN,SIAGAS_MS_20260814,E04,-18.915554999999927,-54.85388799999998
3500022619,Ponta Porã,Serra geral,13.0,False,UNKNOWN,SIAGAS_MS_20260814,E04,-22.179443999999933,-55.497776999999985
3500022627,Corumbá,Não definido,3.34,False,UNKNOWN,SIAGAS_MS_20260814,E04,-19.06833299999994,-57.74305499999997
3500022631,Bela Vista,Aquidauana,9.0,False,UNKNOWN,SIAGAS_MS_20260814,E04,-22.082221999999945,-56.577499999999986
3500022650,Nioaque,Guarani,6.5,False,UNKNOWN,SIAGAS_MS_20260814,E04,-21.15916599999997,-55.82361099999997
3500022665,Aquidauana,Aquidauana,21.0,False,UNKNOWN,SIAGAS_MS_20260814,E04,-20.478887999999927,-55.78777699999995
3500022675,Ivinhema,Caiua,37.7,False,UNKNOWN,SIAGAS_MS_20260814,E04,-22.319443999999976,-53.823887999999954
3500022678,Nova Andradina,Caiua,50.0,False,UNKNOWN,SIAGAS_MS_20260814,E04,-22.240554999999972,-53.333887999999945
3500022719,Naviraí,Caiua,16.0,False,UNKNOWN,SIAGAS_MS_20260814,E04,-23.05583299999995,-54.18805499999996
3500022722,Naviraí,Caiua,17.5,False,UNKNOWN,SIAGAS_MS_20260814,E04,-23.067776999999978,-54.18861099999998
3500022759,Anastácio,Aquidauana,35.0,False,UNKNOWN,SIAGAS_MS_20260814,E04,-20.48527699999994,-55.809443999999985
3500022768,Aquidauana,Aquidauana,14.0,False,UNKNOWN,SIAGAS_MS_20260814,E04,-20.48111099999994,-55.788054999999986
3500022770,Aquidauana,Aquidauana,0.0,True,UNKNOWN,SIAGAS_MS_20260814,E04,-20.46194399999996,-55.791110999999944
3500022774,Bonito,Cuiaba,12.0,False,UNKNOWN,SIAGAS_MS_20260814,E04,-21.12722199999996,-56.50083299999994
3500022781,Caracol,Rocha cristalina,5.2,False,UNKNOWN,SIAGAS_MS_20260814,E04,-22.018610999999964,-57.02194399999996
3500022800,Nioaque,Guarani,14.8,False,UNKNOWN,SIAGAS_MS_20260814,E04,-21.157776999999953,-55.824165999999934
3500022817,Aquidauana,Cuiaba,15.0,False,UNKNOWN,SIAGAS_MS_20260814,E04,-20.29611099999994,-56.06472199999996
3500022820,Terenos,Serra geral,46.7,False,UNKNOWN,SIAGAS_MS_20260814,E04,-20.441943999999978,-54.85944399999994
3500022825,Dourados,Serra geral,8.0,False,UNKNOWN,SIAGAS_MS_20260814,E04,-22.23055499999998,-54.81416599999994
3500022829,Dourados,Serra geral,28.0,False,UNKNOWN,SIAGAS_MS_20260814,E04,-22.228887999999927,-54.799999999999955
3500022900,Campo Grande,Serra geral,6.35,False,UNKNOWN,SIAGAS_MS_20260814,E04,-20.446665999999937,-54.581665999999984
3500022903,Campo Grande,Serra geral,5.0,False,UNKNOWN,SIAGAS_MS_20260814,E04,-20.495554999999968,-54.64499999999998
3500022906,Campo Grande,Serra geral,11.0,False,UNKNOWN,SIAGAS_MS_20260814,E04,-20.53444399999995,-54.67249999999996
3500022931,Anaurilândia,Caiua,24.0,False,UNKNOWN,SIAGAS_MS_20260814,E04,-22.17166599999996,-52.694721999999956
3500022955,Campo Grande,Serra geral,17.0,False,UNKNOWN,SIAGAS_MS_20260814,E04,-20.51222199999995,-54.60916599999996
3500022957,Três Lagoas,Bauru,26.0,False,UNKNOWN,SIAGAS_MS_20260814,E04,-20.78444399999995,-52.05416599999995
3500022959,Brasilândia,Caiua,23.14,False,UNKNOWN,SIAGAS_MS_20260814,E04,-21.25583299999994,-52.031387999999936
3500022961,Bataguassu,Caiua,39.5,False,UNKNOWN,SIAGAS_MS_20260814,E04,-21.719443999999953,-52.41944399999994
3500022963,Bataguassu,Caiua,22.5,False,UNKNOWN,SIAGAS_MS_20260814,E04,-21.710554999999943,-52.40999999999997
3500023037,Nova Andradina,Bauru,27.0,False,UNKNOWN,SIAGAS_MS_20260814,E04,-22.236943999999937,-53.34666599999997
3500023071,Maracaju,Serra geral,3.5,False,UNKNOWN,SIAGAS_MS_20260814,E04,-21.601665999999966,-55.167776999999944
3500023108,Novo Horizonte do Sul,Caiua,26.73,False,UNKNOWN,SIAGAS_MS_20260814,E04,-22.655554999999936,-53.85999999999996
3500023110,Figueirão,Guarani,4.4,False,UNKNOWN,SIAGAS_MS_20260814,E04,-18.683054999999968,-53.635276999999974
3500026926,Nova Andradina,Serra geral,20.0,False,UNKNOWN,SIAGAS_MS_20260814,E04,-22.28333299999997,-53.37833299999994
3500026982,Ivinhema,Caiua,39.01,False,UNKNOWN,SIAGAS_MS_20260814,E04,-22.309443999999928,-53.831943999999964
3500027008,Miranda,Cuiaba,40.0,False,UNKNOWN,SIAGAS_MS_20260814,E04,-20.00194399999998,-56.33361099999996
3500027017,Miranda,Caiua,60.0,False,UNKNOWN,SIAGAS_MS_20260814,E04,-19.994721999999967,-56.46388899999994
3500027031,Japorã,Caiua,27.47,False,UNKNOWN,SIAGAS_MS_20260814,E04,-23.891666999999927,-54.404721999999936
3500027032,Eldorado,Caiua,88.94,False,UNKNOWN,SIAGAS_MS_20260814,E04,-23.78527799999995,-54.286388999999986
3500027054,Coxim,Furnas,3.1,False,UNKNOWN,SIAGAS_MS_20260814,E04,-18.51138899999995,-54.74388899999997
3500027108,Rio Verde de Mato Grosso,Furnas,15.0,False,UNKNOWN,SIAGAS_MS_20260814,E04,-18.928332999999952,-54.853332999999964
3500027126,Itaporã,Guarani,9.0,False,UNKNOWN,SIAGAS_MS_20260814,E04,-22.08583299999998,-54.79388899999998
3500027139,Dourados,Serra geral,30.2,False,UNKNOWN,SIAGAS_MS_20260814,E04,-22.258055999999954,-54.81611099999998
3500027152,Camapuã,Guarani,30.0,False,UNKNOWN,SIAGAS_MS_20260814,E04,-19.557777999999928,-54.039443999999946
3500027156,Camapuã,Guarani,5.6,False,UNKNOWN,SIAGAS_MS_20260814,E04,-19.53305599999993,-54.04055599999998
3500027179,Deodápolis,Serra geral,8.1,False,UNKNOWN,SIAGAS_MS_20260814,E04,-22.077777999999967,-54.18888899999996
3500027190,Nova Alvorada do Sul,Serra geral,7.45,False,UNKNOWN,SIAGAS_MS_20260814,E04,-21.45138899999995,-54.37555599999996
3500027202,Santa Rita do Pardo,Caiua,1.0,False,UNKNOWN,SIAGAS_MS_20260814,E04,-21.30527799999993,-52.830832999999984
3500027229,Nova Andradina,Bauru,49.0,False,UNKNOWN,SIAGAS_MS_20260814,E04,-22.247221999999965,-53.33472199999994
3500027277,Amambai,Guarani,34.7,False,UNKNOWN,SIAGAS_MS_20260814,E04,-23.096666999999968,-55.22805599999998
3500027295,Ponta Porã,Serra geral,12.0,False,UNKNOWN,SIAGAS_MS_20260814,E04,-22.508055999999954,-55.71833299999997
3500027302,Corumbá,Não definido,9.8,False,UNKNOWN,SIAGAS_MS_20260814,E04,-19.391943999999967,-57.403332999999975
3500027306,Ponta Porã,Serra geral,4.0,False,UNKNOWN,SIAGAS_MS_20260814,E04,-22.565277999999978,-55.684721999999965
3500027307,Ponta Porã,Serra geral,2.8,False,UNKNOWN,SIAGAS_MS_20260814,E04,-22.516388999999947,-55.706388999999945
3500045592,Paranaíba,Serra geral,0.0,True,UNKNOWN,SIAGAS_MS_20260814,E04,-19.41777799999994,-51.66805599999998
3500023264,Dourados,Serra geral,2.5,False,UNKNOWN,SIAGAS_MS_20260814,E04,-21.914165999999966,-54.47194399999995
3500023267,Rio Brilhante,Serra geral,8.0,False,UNKNOWN,SIAGAS_MS_20260814,E04,-21.768054999999947,-54.56749999999994
3500023270,Nova Alvorada do Sul,Serra geral,7.45,False,UNKNOWN,SIAGAS_MS_20260814,E04,-21.45138799999995,-54.37499999999994
3500023278,Bataguassu,Bauru,6.0,False,UNKNOWN,SIAGAS_MS_20260814,E04,-21.72388799999993,-52.26527699999997
3500023353,Paranhos,Bauru,9.08,False,UNKNOWN,SIAGAS_MS_20260814,E04,-23.91027699999995,-55.28361099999995
3500045665,Costa Rica,Serra geral,7.0,False,UNKNOWN,SIAGAS_MS_20260814,E04,-18.463332999999977,-53.16916699999996
3500027051,Itaporã,Serra geral,19.5,False,UNKNOWN,SIAGAS_MS_20260814,E04,-21.975277999999946,-54.67444399999994
3500027116,Caarapó,Serra geral,31.0,False,UNKNOWN,SIAGAS_MS_20260814,E04,-22.63861099999997,-54.819721999999956
3500022476,Campo Grande,Serra geral,8.0,False,UNKNOWN,SIAGAS_MS_20260814,E04,-20.48249999999996,-54.62861099999998
3500022752,Aral Moreira,Serra geral,15.5,False,UNKNOWN,SIAGAS_MS_20260814,E04,-22.746665999999948,-55.48305499999998
3500023349,Tacuru,Caiua,1.2,False,UNKNOWN,SIAGAS_MS_20260814,E04,-23.62972199999996,-55.019443999999964
3500022681,Amambai,Guarani,22.0,False,UNKNOWN,SIAGAS_MS_20260814,E04,-23.10611099999994,-55.23472199999998
3500023299,Três Lagoas,Guarani,0.0,True,UNKNOWN,SIAGAS_MS_20260814,E04,-20.85916599999996,-51.74194399999993
3500045680,Três Lagoas,Serra geral,11.68,False,UNKNOWN,SIAGAS_MS_20260814,E04,-20.99222199999997,-51.798055999999974
3500023283,Santa Rita do Pardo,,14.89,False,UNKNOWN,SIAGAS_MS_20260814,E04,-21.299165999999957,-52.822776999999974
3500023208,Dois Irmãos do Buriti,Guarani,22.0,False,UNKNOWN,SIAGAS_MS_20260814,E04,-20.68083299999995,-55.352776999999946
3500022856,Dourados,Guarani,19.8,False,UNKNOWN,SIAGAS_MS_20260814,E04,-22.138332999999932,-54.48611099999994
3500022852,Itaporã,Guarani,7.2,False,UNKNOWN,SIAGAS_MS_20260814,E04,-22.07722199999995,-54.787221999999986
3500022500,Campo Grande,Guarani,14.0,False,UNKNOWN,SIAGAS_MS_20260814,E04,-20.52444399999996,-54.58694399999996
3500022694,Caarapó,Serra geral,13.1,False,UNKNOWN,SIAGAS_MS_20260814,E04,-22.62805499999996,-54.82638799999995
3500022810,Sidrolândia,Guarani,2.5700000000000003,False,UNKNOWN,SIAGAS_MS_20260814,E04,-20.91388799999993,-54.956943999999964
3500022893,Campo Grande,Guarani,9.77,False,UNKNOWN,SIAGAS_MS_20260814,E04,-20.459443999999962,-54.633332999999936
3500022929,Campo Grande,Guarani,106.0,False,UNKNOWN,SIAGAS_MS_20260814,E04,-20.520276999999965,-54.60888799999998
3500065099,Campo Grande,Guarani,1.2,False,UNKNOWN,SIAGAS_MS_20260814,E04,-20.50499999999994,-54.633055999999954
3500065131,Itaporã,Guarani,11.0,False,UNKNOWN,SIAGAS_MS_20260814,E04,-22.038055999999983,-54.74888899999996
3500070112,Bataguassu,Bauru_Caiua,55.89,False,UNKNOWN,SIAGAS_MS_20260814,E04,-21.745218999999963,-52.47570299999995
3500022503,Campo Grande,Serra geral,2.5,False,UNKNOWN,SIAGAS_MS_20260814,E04,-20.478332999999964,-54.572221999999954
3500022519,Campo Grande,Serra geral,18.0,False,UNKNOWN,SIAGAS_MS_20260814,E04,-20.540554999999927,-54.57777699999997
3500022531,Campo Grande,Serra geral,12.0,False,UNKNOWN,SIAGAS_MS_20260814,E04,-20.480276999999944,-54.75583299999994
3500022571,Inocência,Serra geral,26.32,False,UNKNOWN,SIAGAS_MS_20260814,E04,-19.724999999999966,-51.92833299999995
3500022572,Inocência,Serra geral,39.1,False,UNKNOWN,SIAGAS_MS_20260814,E04,-19.73222199999998,-51.93055499999997
3500022765,Aquidauana,Furnas,10.38,False,UNKNOWN,SIAGAS_MS_20260814,E04,-20.451665999999932,-55.80472199999997
3500022954,Campo Grande,Serra geral,7.0,False,UNKNOWN,SIAGAS_MS_20260814,E04,-20.46999999999997,-54.56472199999996
3500023000,Pedro Gomes,Furnas,0.0,True,UNKNOWN,SIAGAS_MS_20260814,E04,-18.235832999999957,-54.59027699999996
3500023010,Coxim,Furnas,22.0,False,UNKNOWN,SIAGAS_MS_20260814,E04,-18.55666599999995,-54.631110999999976
3500023111,Rio Negro,Furnas,10.5,False,UNKNOWN,SIAGAS_MS_20260814,E04,-19.41916599999996,-54.95138799999995
3500027074,Jateí,Serra geral,5.0,False,UNKNOWN,SIAGAS_MS_20260814,E04,-22.48166699999996,-54.30611099999999
3500027091,Deodápolis,Serra geral,8.0,False,UNKNOWN,SIAGAS_MS_20260814,E04,-22.267499999999927,-54.22361099999995
3500027134,Pedro Gomes,Furnas,2.0,False,UNKNOWN,SIAGAS_MS_20260814,E04,-18.100555999999926,-54.559721999999965
3500045253,Nova Alvorada do Sul,Serra geral,25.0,False,UNKNOWN,SIAGAS_MS_20260814,E04,-21.515555999999947,-54.038332999999966
3500026940,Guia Lopes da Laguna,,9.0,False,UNKNOWN,SIAGAS_MS_20260814,E04,-21.46222199999994,-56.11833299999995
3500023389,Paranaíba,,0.0,True,UNKNOWN,SIAGAS_MS_20260814,E04,-19.186943999999983,-51.405276999999955
3500023235,São Gabriel do Oeste,,20.0,False,UNKNOWN,SIAGAS_MS_20260814,E04,-19.402499999999975,-54.58444399999996
3500023157,Aral Moreira,,11.0,False,UNKNOWN,SIAGAS_MS_20260814,E04,-22.948054999999954,-55.62861099999998
3500067386,Campo Grande,Serra geral,10.7,False,UNKNOWN,SIAGAS_MS_20260814,E04,-20.551943999999935,-54.519721999999945
3500067388,Bandeirantes,Guarani,37.7,False,UNKNOWN,SIAGAS_MS_20260814,E04,-19.87833299999994,-53.98611099999994
3500067494,Bandeirantes,Serra geral,7.8,False,UNKNOWN,SIAGAS_MS_20260814,E04,-19.874721999999963,-54.120555999999965
3500072926,Campo Grande,,4.68,False,UNKNOWN,SIAGAS_MS_20260814,E04,-20.453610999999967,-54.68055599999997
3500072580,Aparecida do Taboado,,14.74,False,UNKNOWN,SIAGAS_MS_20260814,E04,-20.027777999999955,-51.04722199999998
3500073810,Coxim,,1.54,False,UNKNOWN,SIAGAS_MS_20260814,E04,-18.319096999999942,-54.930327999999975
3500030645,Rochedo,,37.0,False,UNKNOWN,SIAGAS_MS_20260814,E04,-19.95666699999998,-54.88361099999997
3500073579,Glória de Dourados,Bauru,26.23,False,UNKNOWN,SIAGAS_MS_20260814,E04,-22.509288999999967,-54.16575299999994
3500073574,Jateí,Bauru,22.0,False,UNKNOWN,SIAGAS_MS_20260814,E04,-22.550277999999935,-54.32280599999996
3500030621,Jardim,Guarani,14.0,False,UNKNOWN,SIAGAS_MS_20260814,E04,-21.643055999999945,-56.23583299999996
3500030636,Rio Verde de Mato Grosso,Ponta grossa,7.0,False,UNKNOWN,SIAGAS_MS_20260814,E04,-18.924166999999954,-54.84694399999995
3500073850,Itaporã,Serra geral,0.3,False,UNKNOWN,SIAGAS_MS_20260814,E04,-22.002610999999945,-54.80949999999996
3500072941,Vicentina,Serra geral,17.5,False,UNKNOWN,SIAGAS_MS_20260814,E04,-22.482527999999945,-54.45861099999996
3500072928,Cassilândia,Serra geral,19.5,False,UNKNOWN,SIAGAS_MS_20260814,E04,-19.144810999999947,-51.68628099999995
3500072924,Dourados,Serra geral,14.0,False,UNKNOWN,SIAGAS_MS_20260814,E04,-22.355527999999936,-54.83894399999997
3500072785,Dourados,Serra geral,27.9,False,UNKNOWN,SIAGAS_MS_20260814,E04,-22.272888999999964,-54.787582999999984
3500072636,Ribas do Rio Pardo,Bauru,74.49,False,UNKNOWN,SIAGAS_MS_20260814,E04,-19.804468999999926,-53.82350299999996
3500073066,Três Lagoas,Bauru,24.52,False,UNKNOWN,SIAGAS_MS_20260814,E04,-20.746541999999977,-51.71755299999995
3500073112,Dourados,Serra geral,16.49,False,UNKNOWN,SIAGAS_MS_20260814,E04,-22.21670299999994,-54.81473299999993
3500073238,Campo Grande,Serra geral,39.28,False,UNKNOWN,SIAGAS_MS_20260814,E04,-20.455363999999975,-54.59645299999994
3500073237,Sidrolândia,Serra geral,15.4,False,UNKNOWN,SIAGAS_MS_20260814,E04,-21.247149999999976,-55.039810999999986
3500073226,Ponta Porã,Serra geral,9.23,False,UNKNOWN,SIAGAS_MS_20260814,E04,-22.535341999999957,-55.72448099999997
3500073252,Sidrolândia,Serra geral,2.5,False,UNKNOWN,SIAGAS_MS_20260814,E04,-21.10068599999994,-55.20640799999995
3500073249,Sidrolândia,Serra geral,12.9,False,UNKNOWN,SIAGAS_MS_20260814,E04,-21.24613899999997,-55.03991899999994
3500022679,Corumbá,Rocha sedimentar,9.8,False,UNKNOWN,SIAGAS_MS_20260814,E04,-19.392499999999927,-57.40388799999994
3500022710,Japorã,Caiua,31.8,False,UNKNOWN,SIAGAS_MS_20260814,E04,-23.803332999999952,-54.53111099999995
3500022711,Japorã,Caiua,23.36,False,UNKNOWN,SIAGAS_MS_20260814,E04,-23.892776999999967,-54.405276999999955
3500022729,Ponta Porã,Serra geral,6.0,False,UNKNOWN,SIAGAS_MS_20260814,E04,-22.531665999999973,-55.726665999999966
3500022733,Ponta Porã,Serra geral,11.6,False,UNKNOWN,SIAGAS_MS_20260814,E04,-22.51444399999997,-55.71749999999997
3500022737,Ponta Porã,Serra geral,2.0,False,UNKNOWN,SIAGAS_MS_20260814,E04,-22.48222199999998,-55.72972199999998
3500023003,Chapadão do Sul,Coberturas sedimentares Indiferenciadas,48.0,False,UNKNOWN,SIAGAS_MS_20260814,E04,-18.798610999999937,-52.62138799999997
3500023013,Terenos,Guarani,60.0,False,UNKNOWN,SIAGAS_MS_20260814,E04,-20.685276999999928,-55.02583299999998
3500023051,Nova Andradina,Caiua,18.4,False,UNKNOWN,SIAGAS_MS_20260814,E04,-22.254443999999978,-53.34055499999994
3500023120,Corumbá,Não definido,34.23,False,UNKNOWN,SIAGAS_MS_20260814,E04,-19.309721999999965,-57.50027699999998
3500067703,Tacuru,Caiua,32.0,False,UNKNOWN,SIAGAS_MS_20260814,E04,-23.64888899999994,-54.955277999999964
3500067706,Chapadão do Sul,Caiua,52.4,False,UNKNOWN,SIAGAS_MS_20260814,E04,-19.11666699999995,-52.582221999999945
3500023348,Jardim,Guarani,28.53,False,UNKNOWN,SIAGAS_MS_20260814,E04,-21.688887999999963,-56.27666599999998
3500023239,Figueirão,Guarani,0.0,True,UNKNOWN,SIAGAS_MS_20260814,E04,-18.67999999999995,-53.63749999999993
3500023281,Bataguassu,Bauru,3.5,False,UNKNOWN,SIAGAS_MS_20260814,E04,-21.726110999999946,-52.25055499999996
3500023301,Três Lagoas,Bauru,31.0,False,UNKNOWN,SIAGAS_MS_20260814,E04,-20.783887999999934,-51.74361099999993
3500023367,Caarapó,Serra geral,12.9,False,UNKNOWN,SIAGAS_MS_20260814,E04,-22.64138799999995,-54.819443999999976
3500026930,Caarapó,Serra geral,25.0,False,UNKNOWN,SIAGAS_MS_20260814,E04,-22.611388999999974,-54.81166699999994
3500027013,Caarapó,Caiua,23.0,False,UNKNOWN,SIAGAS_MS_20260814,E04,-22.545555999999976,-54.48333299999996
3500027053,Água Clara,Serra geral,12.0,False,UNKNOWN,SIAGAS_MS_20260814,E04,-20.445832999999936,-52.87083299999995
3500045607,Angélica,Caiua,17.2,False,UNKNOWN,SIAGAS_MS_20260814,E04,-22.05388899999997,-54.069166999999936
3500045683,Campo Grande,Caiua,51.0,False,UNKNOWN,SIAGAS_MS_20260814,E04,-20.47055599999993,-54.53027799999995
3500045687,Bataguassu,Caiua,25.5,False,UNKNOWN,SIAGAS_MS_20260814,E04,-21.682777999999928,-52.31277799999998
3500065049,Campo Grande,Serra geral,12.0,False,UNKNOWN,SIAGAS_MS_20260814,E04,-20.521388999999942,-54.622221999999965
3500065073,Taquarussu,Caiua,8.6,False,UNKNOWN,SIAGAS_MS_20260814,E04,-22.485555999999974,-53.34861099999995
3500065076,Taquarussu,Caiua,6.0,False,UNKNOWN,SIAGAS_MS_20260814,E04,-22.563332999999943,-53.393332999999984
3500065077,Terenos,Serra geral,62.78,False,UNKNOWN,SIAGAS_MS_20260814,E04,-20.427777999999932,-54.86111099999994
3500065083,Três Lagoas,Caiua,5.5,False,UNKNOWN,SIAGAS_MS_20260814,E04,-20.807221999999967,-51.723888999999986
3500022594,Camapuã,Guarani,25.9,False,UNKNOWN,SIAGAS_MS_20260814,E04,-19.526665999999977,-54.04138799999998
3500065132,Nioaque,Guarani,6.7,False,UNKNOWN,SIAGAS_MS_20260814,E04,-21.16111099999995,-55.82305599999995
3500065022,Camapuã,Guarani,25.9,False,UNKNOWN,SIAGAS_MS_20260814,E04,-19.526110999999958,-54.041110999999944
3500065024,Camapuã,Guarani,20.5,False,UNKNOWN,SIAGAS_MS_20260814,E04,-19.524166999999977,-54.04277799999994
3500065007,Antônio João,Serra geral,14.87,False,UNKNOWN,SIAGAS_MS_20260814,E04,-22.183888999999965,-55.96055599999994
3500065028,Campo Grande,Serra geral,50.0,False,UNKNOWN,SIAGAS_MS_20260814,E04,-20.445555999999954,-54.61805599999997
3500071396,Nova Andradina,Bauru_Caiua,23.64,False,UNKNOWN,SIAGAS_MS_20260814,E04,-21.756455999999957,-53.238399999999956
3500071025,Coxim,Furnas,5.12,False,UNKNOWN,SIAGAS_MS_20260814,E04,-18.500996999999927,-54.75850799999995
3500069812,Brasilândia,Bauru_Caiua,26.85,False,UNKNOWN,SIAGAS_MS_20260814,E04,-21.251791999999966,-52.029938999999956
3500026932,Nova Alvorada do Sul,Serra geral,18.0,False,UNKNOWN,SIAGAS_MS_20260814,E04,-21.459721999999942,-54.37999999999994
3500026949,Nova Andradina,Caiua,10.02,False,UNKNOWN,SIAGAS_MS_20260814,E04,-22.312499999999943,-53.39944399999996
3500026958,Caarapó,Serra geral,37.0,False,UNKNOWN,SIAGAS_MS_20260814,E04,-22.59499999999997,-54.81388899999996
3500026963,Bataguassu,Bauru,10.0,False,UNKNOWN,SIAGAS_MS_20260814,E04,-21.69916699999993,-52.411388999999986
3500026964,Deodápolis,Bauru,12.0,False,UNKNOWN,SIAGAS_MS_20260814,E04,-22.18777799999998,-54.12972199999996
3500026994,Campo Grande,Serra geral,14.0,False,UNKNOWN,SIAGAS_MS_20260814,E04,-20.440277999999978,-54.67638899999997
3500027003,Ponta Porã,Serra geral,13.0,False,UNKNOWN,SIAGAS_MS_20260814,E04,-22.301388999999972,-55.11666699999995
3500027004,Inocência,Caiua,30.0,False,UNKNOWN,SIAGAS_MS_20260814,E04,-19.758610999999974,-51.912499999999966
3500027005,Itaporã,Serra geral,15.0,False,UNKNOWN,SIAGAS_MS_20260814,E04,-22.08416699999998,-54.83722199999994
3500027041,Ponta Porã,Caiua,10.0,False,UNKNOWN,SIAGAS_MS_20260814,E04,-22.478610999999944,-55.746388999999965
3500027048,Maracaju,Serra geral,9.0,False,UNKNOWN,SIAGAS_MS_20260814,E04,-21.62555599999996,-55.15722199999993
3500027102,Campo Grande,Serra geral,12.0,False,UNKNOWN,SIAGAS_MS_20260814,E04,-20.434721999999965,-54.61805599999997
3500027104,Campo Grande,Serra geral,14.1,False,UNKNOWN,SIAGAS_MS_20260814,E04,-20.435555999999963,-54.61749999999995
3500027105,Nova Andradina,Caiua,50.0,False,UNKNOWN,SIAGAS_MS_20260814,E04,-22.235832999999957,-53.33777799999996
3500027257,Aquidauana,Aquidauana,13.0,False,UNKNOWN,SIAGAS_MS_20260814,E04,-20.471666999999968,-55.77555599999994
3500045610,Maracaju,Serra geral,5.3,False,UNKNOWN,SIAGAS_MS_20260814,E04,-21.62638899999996,-55.16833299999996
3500045633,Costa Rica,Bauru,21.0,False,UNKNOWN,SIAGAS_MS_20260814,E04,-18.469721999999933,-53.16805599999998
3500023366,Juti,Serra geral,7.6,False,UNKNOWN,SIAGAS_MS_20260814,E04,-22.864165999999955,-54.602499999999964
3500023304,Selvíria,Serra geral,19.0,False,UNKNOWN,SIAGAS_MS_20260814,E04,-20.366387999999972,-51.41805499999998
3500023318,Aparecida do Taboado,Serra geral,10.31,False,UNKNOWN,SIAGAS_MS_20260814,E04,-20.073887999999954,-51.10499999999996
3500022743,Ponta Porã,Guarani,264.0,False,UNKNOWN,SIAGAS_MS_20260814,E04,-22.530832999999973,-55.72805499999998
3500071769,Guia Lopes da Laguna,Serra geral,43.5,False,UNKNOWN,SIAGAS_MS_20260814,E04,-21.47544399999998,-55.91311099999996
3500071720,Brasilândia,Bauru_Caiua,10.0,False,UNKNOWN,SIAGAS_MS_20260814,E04,-21.150180999999975,-52.54136099999994
3500071702,Novo Horizonte do Sul,Bauru_Caiua,16.55,False,UNKNOWN,SIAGAS_MS_20260814,E04,-22.58881699999995,-53.89325599999995
3500071665,Costa Rica,Bauru_Caiua,25.5,False,UNKNOWN,SIAGAS_MS_20260814,E04,-18.99536699999993,-53.01658299999997
3500071612,Miranda,Não definido,2.23,False,UNKNOWN,SIAGAS_MS_20260814,E04,-20.24093899999997,-56.38310299999995
3500071341,Bandeirantes,Serra geral,38.52,False,UNKNOWN,SIAGAS_MS_20260814,E04,-19.918943999999954,-54.369827999999984
3500071246,Naviraí,Bauru_Caiua,27.5,False,UNKNOWN,SIAGAS_MS_20260814,E04,-23.033421999999973,-54.19066699999996
3500071225,Campo Grande,Serra geral,119.0,False,UNKNOWN,SIAGAS_MS_20260814,E04,-20.517949999999928,-54.603755999999976
3500071218,Fátima do Sul,Serra geral,3.0,False,UNKNOWN,SIAGAS_MS_20260814,E04,-22.379455999999948,-54.508055999999954
3500071067,Campo Grande,Serra geral,2.0,False,UNKNOWN,SIAGAS_MS_20260814,E04,-20.503680999999972,-54.629730999999936
3500071045,Bonito,Não definido,4.57,False,UNKNOWN,SIAGAS_MS_20260814,E04,-21.12904199999997,-56.485382999999956
3500071037,Batayporã,Bauru_Caiua,9.07,False,UNKNOWN,SIAGAS_MS_20260814,E04,-22.297305999999935,-53.261082999999985
3500071019,Campo Grande,Serra geral,10.77,False,UNKNOWN,SIAGAS_MS_20260814,E04,-20.43508099999997,-54.614405999999974
3500070934,Campo Grande,Serra geral,26.39,False,UNKNOWN,SIAGAS_MS_20260814,E04,-20.462477999999976,-54.60881699999993
3500070897,Campo Grande,Serra geral,14.56,False,UNKNOWN,SIAGAS_MS_20260814,E04,-20.466343999999935,-54.590480999999954
3500070870,Sidrolândia,Serra geral,6.0,False,UNKNOWN,SIAGAS_MS_20260814,E04,-20.968132999999966,-54.70855299999994
3500070755,Glória de Dourados,Bauru_Caiua,33.0,False,UNKNOWN,SIAGAS_MS_20260814,E04,-22.466305999999975,-54.17463899999996
3500070625,Terenos,Serra geral,76.09,False,UNKNOWN,SIAGAS_MS_20260814,E04,-20.432568999999944,-54.85949199999993
3500070585,Campo Grande,Guarani,53.1,False,UNKNOWN,SIAGAS_MS_20260814,E04,-20.55527799999993,-54.68222199999997
3500069692,Sidrolândia,Serra geral,32.5,False,UNKNOWN,SIAGAS_MS_20260814,E04,-20.80051099999997,-54.845605999999975
3500069677,Itaporã,Serra geral,21.28,False,UNKNOWN,SIAGAS_MS_20260814,E04,-21.887130999999954,-54.70647799999995
3500069457,Itaquiraí,Bauru_Caiua,33.6,False,UNKNOWN,SIAGAS_MS_20260814,E04,-23.46241699999996,-54.171835999999985
3500026933,Nova Alvorada do Sul,Serra geral,6.0,False,UNKNOWN,SIAGAS_MS_20260814,E04,-21.466666999999973,-54.36666699999995
3500027071,Dourados,Guarani,19.8,False,UNKNOWN,SIAGAS_MS_20260814,E04,-22.13777799999997,-54.485555999999974
3500045601,Três Lagoas,,14.0,False,UNKNOWN,SIAGAS_MS_20260814,E04,-20.802221999999972,-51.643055999999945
3500023193,Aquidauana,,17.0,False,UNKNOWN,SIAGAS_MS_20260814,E04,-20.45305499999995,-55.759721999999954
3500070540,Novo Horizonte do Sul,,18.0,False,UNKNOWN,SIAGAS_MS_20260814,E04,-22.64214999999996,-53.88213299999995
3500071668,Rochedo,,30.5,False,UNKNOWN,SIAGAS_MS_20260814,E04,-19.96169199999997,-54.831185999999946
3500023125,Água Clara,,10.5,False,UNKNOWN,SIAGAS_MS_20260814,E04,-20.446665999999937,-52.873887999999965
3500023213,Rochedo,,13.5,False,UNKNOWN,SIAGAS_MS_20260814,E04,-19.95305499999995,-54.89027699999997
3500026999,Dourados,,25.0,False,UNKNOWN,SIAGAS_MS_20260814,E04,-22.245832999999948,-54.78249999999997
3500023326,Cassilândia,Guarani,22.56,False,UNKNOWN,SIAGAS_MS_20260814,E04,-19.095554999999933,-51.811665999999946
3500045686,Brasilândia,Caiua,38.9,False,UNKNOWN,SIAGAS_MS_20260814,E04,-21.249999999999943,-52.09722199999993
3500072555,Rio Verde de Mato Grosso,,74.0,False,UNKNOWN,SIAGAS_MS_20260814,E04,-18.964971999999932,-54.78641699999997
3500073209,Ladário,,38.52,False,UNKNOWN,SIAGAS_MS_20260814,E04,-19.075852999999938,-57.623666999999955
3500073560,Glória de Dourados,,13.0,False,UNKNOWN,SIAGAS_MS_20260814,E04,-22.474099999999964,-54.147099999999966
3500072128,São Gabriel do Oeste,,23.8,False,UNKNOWN,SIAGAS_MS_20260814,E04,-19.56219999999996,-54.48664199999996
3500073090,Dois Irmãos do Buriti,,14.5,False,UNKNOWN,SIAGAS_MS_20260814,E04,-20.44690799999995,-55.43539999999996
3500072618,Batayporã,,9.15,False,UNKNOWN,SIAGAS_MS_20260814,E04,-22.28637199999997,-53.285413999999946
3500073348,Corumbá,,24.49,False,UNKNOWN,SIAGAS_MS_20260814,E04,-19.022866999999962,-57.62076099999996
3500073274,Nioaque,,16.3,False,UNKNOWN,SIAGAS_MS_20260814,E04,-21.16081399999996,-55.85160599999995
3500073423,Sidrolândia,,2.1,False,UNKNOWN,SIAGAS_MS_20260814,E04,-21.09536099999997,-55.22799999999995
3500073503,Campo Grande,,23.0,False,UNKNOWN,SIAGAS_MS_20260814,E04,-20.474077999999963,-54.530393999999944
3500072485,Aquidauana,,10.04,False,UNKNOWN,SIAGAS_MS_20260814,E04,-20.478613999999936,-55.539999999999964
3500072249,Corumbá,,9.8,False,UNKNOWN,SIAGAS_MS_20260814,E04,-19.18631899999997,-57.67551899999995
3500072048,Dourados,,126.69,False,UNKNOWN,SIAGAS_MS_20260814,E04,-22.223805999999968,-54.71897199999995
3500045624,Bataguassu,Bauru,51.07,False,UNKNOWN,SIAGAS_MS_20260814,E04,-21.74166699999995,-52.47249999999997
3500073584,Campo Grande,Serra geral,24.5,False,UNKNOWN,SIAGAS_MS_20260814,E04,-20.460977999999955,-54.57926399999997
3500073581,São Gabriel do Oeste,Botucatu,22.0,False,UNKNOWN,SIAGAS_MS_20260814,E04,-19.248032999999964,-54.636532999999986
3500073588,Bataguassu,Bauru,54.18,False,UNKNOWN,SIAGAS_MS_20260814,E04,-21.743055999999967,-52.46166699999998
3500073591,Itaporã,Serra geral,18.01,False,UNKNOWN,SIAGAS_MS_20260814,E04,-21.89764699999995,-54.862266999999974
3500073590,Itaporã,Serra geral,14.07,False,UNKNOWN,SIAGAS_MS_20260814,E04,-21.895491999999933,-54.85994199999993
3500073602,Glória de Dourados,Bauru,34.67,False,UNKNOWN,SIAGAS_MS_20260814,E04,-22.509388999999942,-54.122499999999945
3500045660,Miranda,Cobertura cenozoica,9.0,False,UNKNOWN,SIAGAS_MS_20260814,E04,-20.381388999999956,-56.256943999999976
3500073617,São Gabriel do Oeste,Botucatu,13.78,False,UNKNOWN,SIAGAS_MS_20260814,E04,-19.520663999999954,-54.47390599999994
3500073628,Três Lagoas,Bauru,20.5,False,UNKNOWN,SIAGAS_MS_20260814,E04,-20.792396999999937,-51.669280999999955
3500073627,Campo Grande,Serra geral,18.25,False,UNKNOWN,SIAGAS_MS_20260814,E04,-20.47937799999994,-54.47129399999994
3500073634,Dourados,Serra geral,4.8,False,UNKNOWN,SIAGAS_MS_20260814,E04,-22.152221999999938,-54.508055999999954
3500073637,Glória de Dourados,Bauru,30.72,False,UNKNOWN,SIAGAS_MS_20260814,E04,-22.484999999999957,-54.166943999999944
3500073640,Iguatemi,Bauru,20.3,False,UNKNOWN,SIAGAS_MS_20260814,E04,-23.47983899999997,-54.249424999999974
3500073652,Dourados,Serra geral,16.79,False,UNKNOWN,SIAGAS_MS_20260814,E04,-22.22696899999994,-54.79493299999996
3500073658,Glória de Dourados,Bauru,24.55,False,UNKNOWN,SIAGAS_MS_20260814,E04,-22.50474399999996,-54.16363099999995
3500073660,Naviraí,Bauru,4.72,False,UNKNOWN,SIAGAS_MS_20260814,E04,-23.056238999999948,-54.23038599999995
3500073676,Jateí,Serra geral,14.86,False,UNKNOWN,SIAGAS_MS_20260814,E04,-22.483221999999955,-54.353141999999934
3500073684,Campo Grande,Serra geral,19.0,False,UNKNOWN,SIAGAS_MS_20260814,E04,-20.417921999999976,-54.577196999999956
3500073682,Jateí,Serra geral,15.0,False,UNKNOWN,SIAGAS_MS_20260814,E04,-22.485777999999982,-54.35449999999997
3500073714,Aral Moreira,Serra geral,15.21,False,UNKNOWN,SIAGAS_MS_20260814,E04,-22.76278099999996,-55.57399399999997
3500073713,Sidrolândia,Serra geral,7.3,False,UNKNOWN,SIAGAS_MS_20260814,E04,-20.902060999999946,-54.88341699999995
3500073711,Glória de Dourados,Bauru,26.58,False,UNKNOWN,SIAGAS_MS_20260814,E04,-22.45405299999993,-54.20528299999995
3500073717,Dourados,Serra geral,20.38,False,UNKNOWN,SIAGAS_MS_20260814,E04,-22.32056099999994,-55.001896999999985
3500073723,Campo Grande,Serra geral,20.4,False,UNKNOWN,SIAGAS_MS_20260814,E04,-20.607571999999948,-54.581110999999964
3500073720,Campo Grande,Bauru,25.5,False,UNKNOWN,SIAGAS_MS_20260814,E04,-20.438305999999955,-54.54242499999998
3500073733,Maracaju,Serra geral,9.0,False,UNKNOWN,SIAGAS_MS_20260814,E04,-21.348555999999974,-55.53922199999994
3500073759,Glória de Dourados,Bauru,11.91,False,UNKNOWN,SIAGAS_MS_20260814,E04,-22.388185999999962,-54.17189399999995
3500073755,Glória de Dourados,Bauru,28.06,False,UNKNOWN,SIAGAS_MS_20260814,E04,-22.44652199999996,-54.226613999999984
3500073790,Brasilândia,Bauru,24.54,False,UNKNOWN,SIAGAS_MS_20260814,E04,-21.184249999999963,-52.00625599999995
3500073795,Mundo Novo,Bauru,25.3,False,UNKNOWN,SIAGAS_MS_20260814,E04,-23.937818999999934,-54.28362199999998
3500073820,Dourados,Serra geral,7.5,False,UNKNOWN,SIAGAS_MS_20260814,E04,-22.22002199999997,-54.37894399999993
3500073825,Dourados,Serra geral,14.99,False,UNKNOWN,SIAGAS_MS_20260814,E04,-22.31664399999994,-54.81544999999994
3500073837,Água Clara,Bauru,21.0,False,UNKNOWN,SIAGAS_MS_20260814,E04,-20.439952999999946,-52.877782999999965
3500073838,Campo Grande,Serra geral,5.8,False,UNKNOWN,SIAGAS_MS_20260814,E04,-20.477427999999975,-54.722185999999965
3500073888,São Gabriel do Oeste,Botucatu,16.0,False,UNKNOWN,SIAGAS_MS_20260814,E04,-19.535463999999934,-54.58706099999995
3500073903,Aparecida do Taboado,Bauru,12.81,False,UNKNOWN,SIAGAS_MS_20260814,E04,-20.057443999999975,-51.109527999999955
3500073907,Três Lagoas,Bauru,7.1,False,UNKNOWN,SIAGAS_MS_20260814,E04,-20.657246999999927,-51.80120299999999
3500073913,Laguna Carapã,Serra geral,10.81,False,UNKNOWN,SIAGAS_MS_20260814,E04,-22.551721999999927,-55.15311099999997
3500073912,Glória de Dourados,Bauru,21.0,False,UNKNOWN,SIAGAS_MS_20260814,E04,-22.430249999999944,-54.30963899999995
3500073922,Ponta Porã,Serra geral,27.0,False,UNKNOWN,SIAGAS_MS_20260814,E04,-21.881555999999932,-55.48628899999994
3500073928,Fátima do Sul,Serra geral,13.5,False,UNKNOWN,SIAGAS_MS_20260814,E04,-22.37404399999997,-54.51974699999994
3500073927,Dourados,Serra geral,7.52,False,UNKNOWN,SIAGAS_MS_20260814,E04,-22.310257999999976,-54.783038999999974
3500072999,Bataguassu,Bauru,14.5,False,UNKNOWN,SIAGAS_MS_20260814,E04,-21.731357999999943,-52.33653099999998
3500072980,Campo Grande,Serra geral,20.0,False,UNKNOWN,SIAGAS_MS_20260814,E04,-20.487543999999957,-54.74566399999998
3500072867,Caarapó,Serra geral,9.0,False,UNKNOWN,SIAGAS_MS_20260814,E04,-22.489721999999972,-54.86556099999996
3500072828,Dois Irmãos do Buriti,Botucatu,32.51,False,UNKNOWN,SIAGAS_MS_20260814,E04,-20.656943999999953,-55.258055999999954
3500072781,Campo Grande,Serra geral,108.92,False,UNKNOWN,SIAGAS_MS_20260814,E04,-20.532524999999964,-54.59748899999994
3500072777,Novo Horizonte do Sul,Bauru,17.0,False,UNKNOWN,SIAGAS_MS_20260814,E04,-22.622157999999956,-53.908041999999966
3500072630,Terenos,Serra geral,71.6,False,UNKNOWN,SIAGAS_MS_20260814,E04,-20.43027799999993,-54.85896699999995
3500072606,Bandeirantes,Serra geral,26.56,False,UNKNOWN,SIAGAS_MS_20260814,E04,-19.81387799999993,-54.231416999999965
3500072591,Ivinhema,Bauru,17.8,False,UNKNOWN,SIAGAS_MS_20260814,E04,-22.31497799999994,-53.81774699999994
3500072573,Nioaque,Serra geral,81.6,False,UNKNOWN,SIAGAS_MS_20260814,E04,-21.29460599999993,-55.824435999999935
3500072564,Mundo Novo,Bauru,18.7,False,UNKNOWN,SIAGAS_MS_20260814,E04,-23.884746999999948,-54.31873099999996
3500072563,Maracaju,Serra geral,96.2,False,UNKNOWN,SIAGAS_MS_20260814,E04,-21.419896999999935,-55.35898299999997
3500072560,Rochedo,Botucatu,26.4,False,UNKNOWN,SIAGAS_MS_20260814,E04,-19.961999999999932,-54.83327799999995
3500072543,Jateí,Bauru,19.98,False,UNKNOWN,SIAGAS_MS_20260814,E04,-22.54091699999998,-54.14149999999995
3500072500,Terenos,Serra geral,30.7,False,UNKNOWN,SIAGAS_MS_20260814,E04,-20.412496999999973,-54.97394399999996
3500072498,Sidrolândia,Botucatu,95.9,False,UNKNOWN,SIAGAS_MS_20260814,E04,-20.91548899999998,-54.95568099999997
3500072495,Dourados,Serra geral,28.78,False,UNKNOWN,SIAGAS_MS_20260814,E04,-22.31174999999996,-54.78713899999997
3500072468,Laguna Carapã,Serra geral,36.89,False,UNKNOWN,SIAGAS_MS_20260814,E04,-22.472152999999935,-55.08059999999995
3500072457,Campo Grande,Serra geral,19.58,False,UNKNOWN,SIAGAS_MS_20260814,E04,-20.512374999999963,-54.60230599999994
3500072453,Campo Grande,Serra geral,26.5,False,UNKNOWN,SIAGAS_MS_20260814,E04,-20.701818999999944,-54.426718999999935
3500072445,Bataguassu,Bauru,44.65,False,UNKNOWN,SIAGAS_MS_20260814,E04,-21.718332999999973,-52.416943999999944
3500072427,São Gabriel do Oeste,Serra geral,56.5,False,UNKNOWN,SIAGAS_MS_20260814,E04,-19.419249999999977,-54.62849199999994
3500072423,Amambai,Botucatu,12.0,False,UNKNOWN,SIAGAS_MS_20260814,E04,-23.10625299999998,-55.24047499999995
3500072419,Dourados,Serra geral,12.0,False,UNKNOWN,SIAGAS_MS_20260814,E04,-22.19889699999993,-54.50613599999997
3500072395,Rio Brilhante,Serra geral,30.09,False,UNKNOWN,SIAGAS_MS_20260814,E04,-21.74459399999995,-54.517541999999935
3500072383,Santa Rita do Pardo,Bauru,73.0,False,UNKNOWN,SIAGAS_MS_20260814,E04,-21.548471999999947,-52.387805999999955
3500072381,Dourados,Bauru,6.93,False,UNKNOWN,SIAGAS_MS_20260814,E04,-22.112777999999935,-55.20138899999995
3500072379,Campo Grande,Serra geral,26.0,False,UNKNOWN,SIAGAS_MS_20260814,E04,-20.47958099999994,-54.75832499999996
3500072334,Campo Grande,Serra geral,18.0,False,UNKNOWN,SIAGAS_MS_20260814,E04,-20.539549999999963,-54.59404999999998
3500072329,Fátima do Sul,Serra geral,8.5,False,UNKNOWN,SIAGAS_MS_20260814,E04,-22.306355999999937,-54.335985999999934
3500072288,Aparecida do Taboado,Serra geral,16.0,False,UNKNOWN,SIAGAS_MS_20260814,E04,-20.085943999999927,-51.06636099999997
3500072286,Ribas do Rio Pardo,Bauru,18.9,False,UNKNOWN,SIAGAS_MS_20260814,E04,-20.513788999999974,-54.15916099999998
3500072247,Dourados,Serra geral,32.0,False,UNKNOWN,SIAGAS_MS_20260814,E04,-22.19809699999996,-54.93825799999996
3500072230,Caarapó,Serra geral,11.31,False,UNKNOWN,SIAGAS_MS_20260814,E04,-22.476693999999952,-54.695321999999976
3500072215,Ribas do Rio Pardo,Serra geral,20.27,False,UNKNOWN,SIAGAS_MS_20260814,E04,-20.43901699999998,-53.746805999999935
3500072213,Campo Grande,Serra geral,77.32,False,UNKNOWN,SIAGAS_MS_20260814,E04,-20.56989199999998,-54.647880999999984
3500072194,Campo Grande,Botucatu,97.48,False,UNKNOWN,SIAGAS_MS_20260814,E04,-20.493893999999955,-54.61002199999996
3500072179,Campo Grande,Serra geral,70.0,False,UNKNOWN,SIAGAS_MS_20260814,E04,-20.463191999999935,-54.68863099999999
3500072132,Três Lagoas,Bauru,81.36,False,UNKNOWN,SIAGAS_MS_20260814,E04,-20.51117199999993,-51.676518999999985
3500072121,Dourados,Serra geral,5.38,False,UNKNOWN,SIAGAS_MS_20260814,E04,-22.06833899999998,-54.53166699999997
3500072023,Caarapó,Serra geral,123.0,False,UNKNOWN,SIAGAS_MS_20260814,E04,-22.612432999999953,-54.81151699999998
3500071974,Campo Grande,Botucatu,82.0,False,UNKNOWN,SIAGAS_MS_20260814,E04,-20.55898899999994,-54.65074699999997
3500071947,Rio Brilhante,Botucatu,27.78,False,UNKNOWN,SIAGAS_MS_20260814,E04,-21.736110999999937,-54.50138899999996
3500071941,Campo Grande,Botucatu,293.0,False,UNKNOWN,SIAGAS_MS_20260814,E04,-20.416957999999966,-54.562716999999964
3500071917,Caarapó,Botucatu,128.0,False,UNKNOWN,SIAGAS_MS_20260814,E04,-22.61482499999994,-54.70122199999997
3500071885,Angélica,Botucatu,13.55,False,UNKNOWN,SIAGAS_MS_20260814,E04,-22.03905599999996,-53.84405799999996
3500073025,Bandeirantes,Bauru,25.5,False,UNKNOWN,SIAGAS_MS_20260814,E04,-19.834877999999946,-54.313368999999966
3500073010,Naviraí,Bauru,32.4,False,UNKNOWN,SIAGAS_MS_20260814,E04,-23.101899999999944,-54.19051699999994
3500073044,Naviraí,Bauru,19.1,False,UNKNOWN,SIAGAS_MS_20260814,E04,-23.15225799999996,-53.84996399999994
3500073033,Maracaju,Serra geral,31.0,False,UNKNOWN,SIAGAS_MS_20260814,E04,-21.423341999999934,-55.378435999999965
3500073029,Campo Grande,Serra geral,18.77,False,UNKNOWN,SIAGAS_MS_20260814,E04,-20.50904399999996,-54.620293999999944
3500073059,Dourados,Bauru,11.29,False,UNKNOWN,SIAGAS_MS_20260814,E04,-21.922980999999936,-55.11486899999994
3500073058,Rio Brilhante,Serra geral,4.0,False,UNKNOWN,SIAGAS_MS_20260814,E04,-21.79944999999998,-54.435832999999946
3500073047,Cassilândia,Bauru,11.33,False,UNKNOWN,SIAGAS_MS_20260814,E04,-19.125249999999937,-51.71747199999999
3500073083,Dourados,Serra geral,7.18,False,UNKNOWN,SIAGAS_MS_20260814,E04,-22.30000599999994,-54.98454399999997
3500073082,Campo Grande,Bauru,70.0,False,UNKNOWN,SIAGAS_MS_20260814,E04,-20.434210999999948,-54.505138999999986
3500073102,Aral Moreira,Serra geral,2.92,False,UNKNOWN,SIAGAS_MS_20260814,E04,-22.919693999999936,-55.58819399999999
3500073135,Campo Grande,Serra geral,9.6,False,UNKNOWN,SIAGAS_MS_20260814,E04,-20.455916999999943,-54.608299999999986
3500073143,Jateí,Bauru,18.03,False,UNKNOWN,SIAGAS_MS_20260814,E04,-22.526149999999973,-54.140427999999986
3500073137,Deodápolis,Serra geral,36.0,False,UNKNOWN,SIAGAS_MS_20260814,E04,-22.188027999999974,-54.130138999999986
3500073164,Dourados,Serra geral,31.0,False,UNKNOWN,SIAGAS_MS_20260814,E04,-22.19799699999993,-54.510463999999956
3500073175,Tacuru,Bauru,3.3,False,UNKNOWN,SIAGAS_MS_20260814,E04,-23.632432999999935,-55.01879699999995
3500073167,Campo Grande,Serra geral,6.84,False,UNKNOWN,SIAGAS_MS_20260814,E04,-20.33919999999995,-54.70916699999998
3500073179,Campo Grande,Serra geral,50.0,False,UNKNOWN,SIAGAS_MS_20260814,E04,-20.445821999999964,-54.61813099999995
3500073177,Angélica,Bauru,25.33,False,UNKNOWN,SIAGAS_MS_20260814,E04,-22.165610999999956,-53.782941999999935
3500073224,Sidrolândia,Serra geral,9.1,False,UNKNOWN,SIAGAS_MS_20260814,E04,-21.102957999999944,-54.93813299999994
3500073220,Bataguassu,Bauru,15.53,False,UNKNOWN,SIAGAS_MS_20260814,E04,-21.699735999999973,-52.41301899999996
3500073233,Sonora,Furnas,13.3,False,UNKNOWN,SIAGAS_MS_20260814,E04,-17.592691999999943,-54.792299999999955
3500073251,Dourados,Serra geral,46.6,False,UNKNOWN,SIAGAS_MS_20260814,E04,-22.29694399999994,-54.802513999999974
3500073285,Dourados,Serra geral,10.73,False,UNKNOWN,SIAGAS_MS_20260814,E04,-22.183318999999983,-55.20403299999998
3500073279,Maracaju,Serra geral,27.5,False,UNKNOWN,SIAGAS_MS_20260814,E04,-21.793249999999944,-55.13044999999994
3500073272,Ribas do Rio Pardo,Bauru,10.64,False,UNKNOWN,SIAGAS_MS_20260814,E04,-21.154435999999976,-53.28047499999997
3500073266,Ribas do Rio Pardo,Bauru,36.0,False,UNKNOWN,SIAGAS_MS_20260814,E04,-20.469888999999966,-53.75005599999997
3500073295,Laguna Carapã,Serra geral,4.31,False,UNKNOWN,SIAGAS_MS_20260814,E04,-22.462996999999973,-55.02611899999994
3500073286,Dourados,Serra geral,15.1,False,UNKNOWN,SIAGAS_MS_20260814,E04,-22.186721999999975,-55.205082999999945
3500073303,Itaquiraí,Bauru,20.0,False,UNKNOWN,SIAGAS_MS_20260814,E04,-23.44995799999998,-54.199618999999984
3500073298,Caarapó,Bauru,28.85,False,UNKNOWN,SIAGAS_MS_20260814,E04,-22.63704699999994,-54.77796099999995
3500073296,Laguna Carapã,Serra geral,22.21,False,UNKNOWN,SIAGAS_MS_20260814,E04,-22.467296999999974,-55.02284199999997
3500073324,Nova Alvorada do Sul,Serra geral,12.7,False,UNKNOWN,SIAGAS_MS_20260814,E04,-21.45318599999996,-54.38076099999995
3500073323,Maracaju,Serra geral,4.5,False,UNKNOWN,SIAGAS_MS_20260814,E04,-21.05448599999994,-55.330735999999945
3500073313,São Gabriel do Oeste,Botucatu,7.5,False,UNKNOWN,SIAGAS_MS_20260814,E04,-19.44184999999993,-54.56405599999994
3500073306,Costa Rica,Bauru,22.0,False,UNKNOWN,SIAGAS_MS_20260814,E04,-18.247946999999954,-53.13648099999995
3500073326,Bataguassu,Bauru,33.05,False,UNKNOWN,SIAGAS_MS_20260814,E04,-21.71896099999998,-52.426432999999975
3500073382,Campo Grande,Bauru,21.0,False,UNKNOWN,SIAGAS_MS_20260814,E04,-20.46976099999995,-54.51370599999996
3500073381,Ribas do Rio Pardo,Serra geral,18.2,False,UNKNOWN,SIAGAS_MS_20260814,E04,-20.463138999999956,-53.69727799999998
3500073366,Dourados,Serra geral,6.01,False,UNKNOWN,SIAGAS_MS_20260814,E04,-22.22177499999998,-54.74179699999996
3500073428,Angélica,Bauru,10.8,False,UNKNOWN,SIAGAS_MS_20260814,E04,-22.159563999999932,-53.77230599999996
3500073435,Três Lagoas,Serra geral,8.7,False,UNKNOWN,SIAGAS_MS_20260814,E04,-20.798174999999958,-51.64366699999994
3500073439,Campo Grande,Serra geral,12.0,False,UNKNOWN,SIAGAS_MS_20260814,E04,-20.504607999999962,-54.60488299999997
3500073461,Três Lagoas,Bauru,18.92,False,UNKNOWN,SIAGAS_MS_20260814,E04,-20.847374999999943,-51.74982499999993
3500073460,Campo Grande,Serra geral,37.0,False,UNKNOWN,SIAGAS_MS_20260814,E04,-20.619974999999954,-54.525116999999966
3500073472,Sidrolândia,Serra geral,22.3,False,UNKNOWN,SIAGAS_MS_20260814,E04,-20.72027799999995,-55.133227999999974
3500073471,Paranaíba,Bauru,44.55,False,UNKNOWN,SIAGAS_MS_20260814,E04,-19.51465799999994,-51.021330999999975
3500073476,Ponta Porã,Bauru,8.36,False,UNKNOWN,SIAGAS_MS_20260814,E04,-22.46560599999998,-55.74671699999993
3500073493,Terenos,Serra geral,11.5,False,UNKNOWN,SIAGAS_MS_20260814,E04,-20.737007999999946,-55.046855999999934
3500073492,Campo Grande,Bauru,56.0,False,UNKNOWN,SIAGAS_MS_20260814,E04,-20.469721999999933,-54.53249999999997
3500073499,Três Lagoas,Bauru,17.17,False,UNKNOWN,SIAGAS_MS_20260814,E04,-20.794393999999954,-51.702016999999955
3500073509,Água Clara,Bauru,35.95,False,UNKNOWN,SIAGAS_MS_20260814,E04,-20.299443999999937,-53.02527799999996
3500073508,Água Clara,Bauru,27.92,False,UNKNOWN,SIAGAS_MS_20260814,E04,-20.297499999999957,-53.029721999999936
3500073515,Dourados,Serra geral,11.23,False,UNKNOWN,SIAGAS_MS_20260814,E04,-22.22539999999998,-54.81837799999994
3500073522,Chapadão do Sul,Serra geral,9.65,False,UNKNOWN,SIAGAS_MS_20260814,E04,-18.78566399999994,-53.03820299999995
3500073521,Itaporã,Serra geral,14.74,False,UNKNOWN,SIAGAS_MS_20260814,E04,-22.093666999999982,-54.71944399999995
3500023284,Santa Rita do Pardo,Bauru,11.0,False,UNKNOWN,SIAGAS_MS_20260814,E04,-21.304443999999933,-52.82111099999997
3500023295,Três Lagoas,Caiua,18.0,False,UNKNOWN,SIAGAS_MS_20260814,E04,-20.789443999999946,-51.665832999999964
3500023196,Dois Irmãos do Buriti,Guarani,30.2,False,UNKNOWN,SIAGAS_MS_20260814,E04,-20.684165999999948,-55.27305499999994
3500023319,Aparecida do Taboado,Não definido,14.75,False,UNKNOWN,SIAGAS_MS_20260814,E04,-20.07833299999993,-51.09944399999995
3500027110,Dois Irmãos do Buriti,Aquidauana,26.5,False,UNKNOWN,SIAGAS_MS_20260814,E04,-20.643888999999945,-55.34277799999995
3500027233,Terenos,Serra geral,73.0,False,UNKNOWN,SIAGAS_MS_20260814,E04,-20.436943999999983,-54.861388999999974
3500045619,Rio Brilhante,Serra geral,13.0,False,UNKNOWN,SIAGAS_MS_20260814,E04,-21.79444399999994,-54.55222199999997
3500045674,Rio Brilhante,Serra geral,10.0,False,UNKNOWN,SIAGAS_MS_20260814,E04,-21.86944399999993,-54.31111099999998
3500045679,Campo Grande,Serra geral,12.0,False,UNKNOWN,SIAGAS_MS_20260814,E04,-20.53527799999995,-54.62416699999994
3500045684,Miranda,Cuiaba,10.0,False,UNKNOWN,SIAGAS_MS_20260814,E04,-20.133332999999936,-56.70027799999997
3500045688,Terenos,Serra geral,10.5,False,UNKNOWN,SIAGAS_MS_20260814,E04,-20.35583299999996,-54.89138899999995
3500045706,Três Lagoas,Bauru,55.68,False,UNKNOWN,SIAGAS_MS_20260814,E04,-20.98194399999994,-51.829999999999984
3500045712,Três Lagoas,Bauru,45.57,False,UNKNOWN,SIAGAS_MS_20260814,E04,-20.993888999999967,-51.822499999999934
3500053079,Dourados,Serra geral,21.0,False,UNKNOWN,SIAGAS_MS_20260814,E04,-22.312499999999943,-54.788332999999966
3500053089,Caarapó,Serra geral,17.0,False,UNKNOWN,SIAGAS_MS_20260814,E04,-22.676388999999972,-54.791110999999944
3500065030,Campo Grande,Serra geral,12.12,False,UNKNOWN,SIAGAS_MS_20260814,E04,-20.459443999999962,-54.559166999999945
3500065032,Campo Grande,Serra geral,13.0,False,UNKNOWN,SIAGAS_MS_20260814,E04,-20.464443999999958,-54.57583299999993
3500065061,Ivinhema,Caiua,16.7,False,UNKNOWN,SIAGAS_MS_20260814,E04,-22.383055999999954,-53.59694399999995
3500065065,Novo Horizonte do Sul,Caiua,9.5,False,UNKNOWN,SIAGAS_MS_20260814,E04,-22.655555999999933,-53.850277999999946
3500065069,Rio Brilhante,Serra geral,13.0,False,UNKNOWN,SIAGAS_MS_20260814,E04,-21.808888999999965,-54.535555999999985
3500065074,Selvíria,Caiua,16.78,False,UNKNOWN,SIAGAS_MS_20260814,E04,-20.359721999999977,-51.414999999999964
3500065056,Figueirão,Guarani,7.4,False,UNKNOWN,SIAGAS_MS_20260814,E04,-18.676943999999935,-53.63777799999997
3500064999,Água Clara,Serra geral,12.8,False,UNKNOWN,SIAGAS_MS_20260814,E04,-20.43027799999993,-52.87583299999994
3500065000,Água Clara,Caiua,9.5,False,UNKNOWN,SIAGAS_MS_20260814,E04,-20.43999999999994,-52.87472199999996
3500065003,Água Clara,Bauru,16.1,False,UNKNOWN,SIAGAS_MS_20260814,E04,-20.445832999999936,-52.87277799999998
3500065015,Bataguassu,Bauru,52.0,False,UNKNOWN,SIAGAS_MS_20260814,E04,-21.722499999999968,-52.41777799999994
3500065019,Bonito,Cuiaba,10.5,False,UNKNOWN,SIAGAS_MS_20260814,E04,-21.13999999999993,-56.45027799999997
3500071494,Jateí,Bauru_Caiua,8.19,False,UNKNOWN,SIAGAS_MS_20260814,E04,-22.493716999999947,-54.31049699999994
3500070549,Dourados,Serra geral,32.82,False,UNKNOWN,SIAGAS_MS_20260814,E04,-22.333527999999944,-54.80174999999997
3500070086,Terenos,Serra geral,19.3,False,UNKNOWN,SIAGAS_MS_20260814,E04,-20.442741999999953,-54.86007799999999
3500022773,Bonito,Cuiaba,12.0,False,UNKNOWN,SIAGAS_MS_20260814,E04,-21.122499999999945,-56.49555499999997
3500026927,Nova Andradina,Serra geral,26.0,False,UNKNOWN,SIAGAS_MS_20260814,E04,-22.286666999999966,-53.38555599999995
3500026942,Ivinhema,Caiua,15.0,False,UNKNOWN,SIAGAS_MS_20260814,E04,-22.271388999999942,-53.75166699999994
3500026955,Naviraí,Caiua,15.0,False,UNKNOWN,SIAGAS_MS_20260814,E04,-23.101388999999983,-54.19111099999998
3500026961,Deodápolis,Bauru,12.0,False,UNKNOWN,SIAGAS_MS_20260814,E04,-22.187499999999943,-54.12944399999998
3500026969,Nova Andradina,Caiua,30.0,False,UNKNOWN,SIAGAS_MS_20260814,E04,-21.757221999999956,-53.256666999999936
3500026978,Rio Brilhante,Serra geral,11.5,False,UNKNOWN,SIAGAS_MS_20260814,E04,-21.890277999999967,-54.49222199999997
3500026995,Terenos,Serra geral,7.5,False,UNKNOWN,SIAGAS_MS_20260814,E04,-20.495277999999928,-54.841110999999955
3500026996,Ladário,Rocha cristalina,22.0,False,UNKNOWN,SIAGAS_MS_20260814,E04,-19.173888999999974,-57.639166999999986
3500027021,Campo Grande,Caiua,4.4,False,UNKNOWN,SIAGAS_MS_20260814,E04,-20.63638899999995,-54.58722199999994
3500027029,Três Lagoas,Caiua,8.0,False,UNKNOWN,SIAGAS_MS_20260814,E04,-20.77277799999996,-51.66888899999998
3500027062,Dourados,Serra geral,28.0,False,UNKNOWN,SIAGAS_MS_20260814,E04,-22.228610999999944,-54.79944399999994
3500027090,Nova Andradina,Caiua,18.4,False,UNKNOWN,SIAGAS_MS_20260814,E04,-22.25472199999996,-53.340832999999975
3500027146,Nova Andradina,Caiua,18.0,False,UNKNOWN,SIAGAS_MS_20260814,E04,-21.990277999999932,-53.414443999999946
3500027170,Campo Grande,Serra geral,76.0,False,UNKNOWN,SIAGAS_MS_20260814,E04,-20.552221999999972,-54.60944399999994
3500027287,São Gabriel do Oeste,Aquidauana,20.0,False,UNKNOWN,SIAGAS_MS_20260814,E04,-18.837777999999958,-54.340832999999975
3500045235,Laguna Carapã,Serra geral,21.0,False,UNKNOWN,SIAGAS_MS_20260814,E04,-22.88777799999997,-54.96944399999995
3500053096,Chapadão do Sul,Caiua,48.0,False,UNKNOWN,SIAGAS_MS_20260814,E04,-18.744721999999967,-52.72361099999995
3500071766,Brasilândia,Bauru_Caiua,33.14,False,UNKNOWN,SIAGAS_MS_20260814,E04,-21.13528299999996,-52.34587799999997
3500071763,Corumbá,Não definido,68.95,False,UNKNOWN,SIAGAS_MS_20260814,E04,-19.219443999999953,-57.558888999999965
3500071733,Dourados,Serra geral,5.03,False,UNKNOWN,SIAGAS_MS_20260814,E04,-22.27505599999995,-54.48191699999995
3500071729,Juti,Serra geral,12.0,False,UNKNOWN,SIAGAS_MS_20260814,E04,-22.83623599999993,-54.67636699999997
3500071698,Glória de Dourados,Bauru_Caiua,24.89,False,UNKNOWN,SIAGAS_MS_20260814,E04,-22.38919199999998,-54.18643599999996
3500071304,Três Lagoas,Bauru_Caiua,23.5,False,UNKNOWN,SIAGAS_MS_20260814,E04,-20.72515599999997,-51.69247199999995
3500071238,Campo Grande,Serra geral,17.0,False,UNKNOWN,SIAGAS_MS_20260814,E04,-20.40753899999993,-54.57427199999995
3500071237,Dourados,Serra geral,5.67,False,UNKNOWN,SIAGAS_MS_20260814,E04,-22.175055999999927,-55.200230999999974
3500071116,Campo Grande,Serra geral,114.79,False,UNKNOWN,SIAGAS_MS_20260814,E04,-20.530502999999953,-54.59826899999996
3500070985,Caracol,Não definido,15.1,False,UNKNOWN,SIAGAS_MS_20260814,E04,-21.99854199999993,-57.066138999999964
3500070925,Itaquiraí,Bauru_Caiua,28.0,False,UNKNOWN,SIAGAS_MS_20260814,E04,-23.494280999999944,-54.18659699999995
3500070910,Campo Grande,Serra geral,7.0,False,UNKNOWN,SIAGAS_MS_20260814,E04,-20.477224999999976,-54.574393999999984
3500070876,Fátima do Sul,Serra geral,8.08,False,UNKNOWN,SIAGAS_MS_20260814,E04,-22.369455999999957,-54.482943999999975
3500070847,Ivinhema,Bauru_Caiua,52.0,False,UNKNOWN,SIAGAS_MS_20260814,E04,-22.282543999999973,-53.99903299999994
3500070598,Terenos,Serra geral,37.5,False,UNKNOWN,SIAGAS_MS_20260814,E04,-20.407599999999945,-54.86661899999996
3500070590,Ivinhema,Bauru_Caiua,14.0,False,UNKNOWN,SIAGAS_MS_20260814,E04,-22.299807999999928,-53.81009199999994
3500070521,Itaporã,Serra geral,12.55,False,UNKNOWN,SIAGAS_MS_20260814,E04,-22.083582999999976,-54.838138999999956
3500070492,Dourados,Serra geral,21.12,False,UNKNOWN,SIAGAS_MS_20260814,E04,-22.071560999999974,-54.52458299999995
3500070473,Naviraí,Bauru_Caiua,26.8,False,UNKNOWN,SIAGAS_MS_20260814,E04,-23.100743999999963,-54.19141099999996
3500045614,Selvíria,Serra geral,13.0,False,UNKNOWN,SIAGAS_MS_20260814,E04,-20.364999999999952,-51.41722199999998
3500071595,Rio Verde de Mato Grosso,,44.89,False,UNKNOWN,SIAGAS_MS_20260814,E04,-18.93428599999993,-54.83309699999995
3500023128,Água Clara,,10.0,False,UNKNOWN,SIAGAS_MS_20260814,E04,-20.444721999999956,-52.87055499999997
3500023181,Anaurilândia,,17.0,False,UNKNOWN,SIAGAS_MS_20260814,E04,-22.184443999999928,-52.71249999999998
3500045642,Novo Horizonte do Sul,,20.0,False,UNKNOWN,SIAGAS_MS_20260814,E04,-22.64972199999994,-53.56361099999998
3500023127,Água Clara,,12.3,False,UNKNOWN,SIAGAS_MS_20260814,E04,-20.444999999999936,-52.87972199999996
3500045552,Campo Grande,,6.0,False,UNKNOWN,SIAGAS_MS_20260814,E04,-20.93111099999993,-54.49138899999997
3500045698,Campo Grande,Serra geral,15.0,False,UNKNOWN,SIAGAS_MS_20260814,E04,-20.413888999999926,-54.62416699999994
3500045627,Campo Grande,Guarani,53.11,False,UNKNOWN,SIAGAS_MS_20260814,E04,-20.557221999999967,-54.67861099999993
3500073525,Itaquiraí,,19.9,False,UNKNOWN,SIAGAS_MS_20260814,E04,-23.463349999999934,-54.17258899999996
3500073542,Bonito,,10.5,False,UNKNOWN,SIAGAS_MS_20260814,E04,-21.140499999999975,-56.45089999999993
3500073176,Bela Vista,,16.0,False,UNKNOWN,SIAGAS_MS_20260814,E04,-21.990488999999968,-56.24649999999997
3500045710,Três Lagoas,,46.07,False,UNKNOWN,SIAGAS_MS_20260814,E04,-20.985277999999937,-51.82555599999995
3500072561,Campo Grande,,16.41,False,UNKNOWN,SIAGAS_MS_20260814,E04,-20.435832999999946,-54.62277799999998
3500072804,Corumbá,,43.4,False,UNKNOWN,SIAGAS_MS_20260814,E04,-19.043188999999927,-57.63719999999995
3500072484,Bonito,,8.9,False,UNKNOWN,SIAGAS_MS_20260814,E04,-21.127666999999974,-56.501285999999936
3500073357,Bodoquena,,2.41,False,UNKNOWN,SIAGAS_MS_20260814,E04,-20.44624399999998,-56.76914999999997
3500073195,Campo Grande,,45.0,False,UNKNOWN,SIAGAS_MS_20260814,E04,-20.467221999999936,-54.53694399999995
3500073053,Terenos,,21.9,False,UNKNOWN,SIAGAS_MS_20260814,E04,-20.282555999999943,-55.26599999999996
3500073080,Batayporã,,10.15,False,UNKNOWN,SIAGAS_MS_20260814,E04,-22.28383299999996,-53.28333299999997
3500073520,Ladário,,6.0,False,UNKNOWN,SIAGAS_MS_20260814,E04,-19.198313999999982,-57.52074699999997
3500073478,Itaquiraí,,33.6,False,UNKNOWN,SIAGAS_MS_20260814,E04,-23.33994699999994,-54.15069699999998
3500072034,Corumbá,,74.98,False,UNKNOWN,SIAGAS_MS_20260814,E04,-19.22277799999995,-57.559999999999945
3500023347,Jardim,Aquidauana,11.2,False,UNKNOWN,SIAGAS_MS_20260814,E04,-21.490832999999952,-56.14138799999995
3500073589,Itaporã,Serra geral,22.15,False,UNKNOWN,SIAGAS_MS_20260814,E04,-21.887943999999948,-54.70669399999997
3500073596,Anaurilândia,Bauru,16.0,False,UNKNOWN,SIAGAS_MS_20260814,E04,-22.273796999999945,-52.79232499999995
3500073604,Glória de Dourados,Bauru,22.0,False,UNKNOWN,SIAGAS_MS_20260814,E04,-22.524446999999952,-54.11667799999998
3500045702,Ivinhema,Guarani,92.48,False,UNKNOWN,SIAGAS_MS_20260814,E04,-22.38777799999997,-53.89861099999996
3500073607,Naviraí,Bauru,18.98,False,UNKNOWN,SIAGAS_MS_20260814,E04,-23.044321999999966,-54.190155999999945
3500073613,São Gabriel do Oeste,Botucatu,11.7,False,UNKNOWN,SIAGAS_MS_20260814,E04,-19.306460999999956,-54.52616899999998
3500073610,Chapadão do Sul,Bauru,16.0,False,UNKNOWN,SIAGAS_MS_20260814,E04,-18.732391999999948,-52.51524999999998
3500073616,São Gabriel do Oeste,Botucatu,8.66,False,UNKNOWN,SIAGAS_MS_20260814,E04,-19.465349999999944,-54.52661699999993
3500073624,Água Clara,Bauru,16.6,False,UNKNOWN,SIAGAS_MS_20260814,E04,-20.44712499999997,-52.86484999999993
3500073620,Campo Grande,Serra geral,5.38,False,UNKNOWN,SIAGAS_MS_20260814,E04,-20.230902999999955,-54.881730999999945
3500073626,Campo Grande,Serra geral,5.6,False,UNKNOWN,SIAGAS_MS_20260814,E04,-20.478074999999933,-54.58403299999998
3500073668,Campo Grande,Bauru,62.68,False,UNKNOWN,SIAGAS_MS_20260814,E04,-20.46878899999996,-54.52604999999994
3500073681,Brasilândia,Bauru,48.9,False,UNKNOWN,SIAGAS_MS_20260814,E04,-21.214774999999975,-51.986921999999936
3500073689,Água Clara,Bauru,16.66,False,UNKNOWN,SIAGAS_MS_20260814,E04,-20.43688899999995,-52.859527999999955
3500073709,Sidrolândia,Serra geral,4.1,False,UNKNOWN,SIAGAS_MS_20260814,E04,-20.903682999999944,-54.886780999999985
3500073715,Mundo Novo,Bauru,20.77,False,UNKNOWN,SIAGAS_MS_20260814,E04,-23.96583099999998,-54.224113999999986
3500073727,Glória de Dourados,Bauru,21.89,False,UNKNOWN,SIAGAS_MS_20260814,E04,-22.37749999999994,-54.21083299999998
3500073726,Ivinhema,Bauru,14.74,False,UNKNOWN,SIAGAS_MS_20260814,E04,-22.306610999999975,-53.76627799999994
3500073744,Terenos,Botucatu,5.95,False,UNKNOWN,SIAGAS_MS_20260814,E04,-20.429930999999954,-55.061057999999946
3500073742,Sidrolândia,Serra geral,51.42,False,UNKNOWN,SIAGAS_MS_20260814,E04,-20.982207999999957,-54.973513999999966
3500073740,Coxim,Furnas,10.0,False,UNKNOWN,SIAGAS_MS_20260814,E04,-18.364277999999956,-54.66817499999996
3500073758,Dourados,Serra geral,26.0,False,UNKNOWN,SIAGAS_MS_20260814,E04,-22.209957999999972,-54.85051099999998
3500073756,Caarapó,Bauru,14.5,False,UNKNOWN,SIAGAS_MS_20260814,E04,-22.529721999999936,-54.536388999999986
3500073761,Vicentina,Serra geral,21.42,False,UNKNOWN,SIAGAS_MS_20260814,E04,-22.508655999999974,-54.42826699999995
3500073767,Terenos,Serra geral,10.3,False,UNKNOWN,SIAGAS_MS_20260814,E04,-20.67849999999993,-54.84011099999998
3500073765,Glória de Dourados,Serra geral,21.71,False,UNKNOWN,SIAGAS_MS_20260814,E04,-22.430380999999954,-54.34133299999996
3500073789,Maracaju,Serra geral,6.14,False,UNKNOWN,SIAGAS_MS_20260814,E04,-21.652305999999953,-55.33680599999997
3500073773,Itaporã,Botucatu,9.63,False,UNKNOWN,SIAGAS_MS_20260814,E04,-22.072238999999968,-54.78802799999994
3500073842,Mundo Novo,Bauru,16.43,False,UNKNOWN,SIAGAS_MS_20260814,E04,-23.904560999999944,-54.302138999999954
3500073861,São Gabriel do Oeste,Botucatu,13.0,False,UNKNOWN,SIAGAS_MS_20260814,E04,-19.538332999999966,-54.475832999999966
3500073860,São Gabriel do Oeste,Botucatu,21.9,False,UNKNOWN,SIAGAS_MS_20260814,E04,-19.440713999999957,-54.535643999999934
3500073867,Itaporã,Serra geral,4.67,False,UNKNOWN,SIAGAS_MS_20260814,E04,-21.930443999999966,-54.802693999999974
3500073874,Ivinhema,Bauru,4.31,False,UNKNOWN,SIAGAS_MS_20260814,E04,-22.29249999999996,-53.93749999999994
3500073878,Vicentina,Serra geral,12.12,False,UNKNOWN,SIAGAS_MS_20260814,E04,-22.416457999999977,-54.48036099999996
3500073882,Glória de Dourados,Serra geral,14.81,False,UNKNOWN,SIAGAS_MS_20260814,E04,-22.451082999999983,-54.290332999999976
3500073880,Vicentina,Serra geral,16.27,False,UNKNOWN,SIAGAS_MS_20260814,E04,-22.43783099999996,-54.41728599999993
3500073885,Jateí,Bauru,10.49,False,UNKNOWN,SIAGAS_MS_20260814,E04,-22.47355299999998,-54.31711699999994
3500073899,Bataguassu,Bauru,16.95,False,UNKNOWN,SIAGAS_MS_20260814,E04,-21.681982999999946,-52.25599999999997
3500073895,Sidrolândia,Serra geral,10.2,False,UNKNOWN,SIAGAS_MS_20260814,E04,-21.089560999999946,-54.92851399999995
3500073924,Dourados,Serra geral,8.08,False,UNKNOWN,SIAGAS_MS_20260814,E04,-22.225971999999956,-54.75633899999997
3500073943,Campo Grande,Bauru,17.35,False,UNKNOWN,SIAGAS_MS_20260814,E04,-20.46142199999997,-54.55086099999994
3500073005,Nova Andradina,Bauru,12.0,False,UNKNOWN,SIAGAS_MS_20260814,E04,-22.265049999999974,-53.34304399999996
3500073003,Rio Brilhante,Serra geral,37.0,False,UNKNOWN,SIAGAS_MS_20260814,E04,-21.866780999999946,-54.74197499999997
3500072989,Brasilândia,Bauru,30.33,False,UNKNOWN,SIAGAS_MS_20260814,E04,-21.44769199999996,-52.15705799999995
3500072987,Brasilândia,Bauru,29.83,False,UNKNOWN,SIAGAS_MS_20260814,E04,-21.44745299999994,-52.12971699999997
3500072957,São Gabriel do Oeste,Botucatu,16.05,False,UNKNOWN,SIAGAS_MS_20260814,E04,-19.399355999999955,-54.57507199999998
3500072955,São Gabriel do Oeste,Botucatu,23.0,False,UNKNOWN,SIAGAS_MS_20260814,E04,-19.268055999999945,-54.58333299999998
3500072898,Campo Grande,Serra geral,8.7,False,UNKNOWN,SIAGAS_MS_20260814,E04,-20.46430799999996,-54.594199999999944
3500072845,Rio Negro,Furnas,60.86,False,UNKNOWN,SIAGAS_MS_20260814,E04,-19.41736099999997,-55.09019399999994
3500072842,Camapuã,Bauru,48.0,False,UNKNOWN,SIAGAS_MS_20260814,E04,-19.414049999999975,-53.619824999999935
3500072806,Campo Grande,Serra geral,84.0,False,UNKNOWN,SIAGAS_MS_20260814,E04,-20.498160999999982,-54.667452999999966
3500072779,Novo Horizonte do Sul,Bauru,19.0,False,UNKNOWN,SIAGAS_MS_20260814,E04,-22.62555599999996,-53.90835599999997
3500072763,Aparecida do Taboado,Bauru,41.2,False,UNKNOWN,SIAGAS_MS_20260814,E04,-20.188571999999965,-51.07972499999994
3500072729,Brasilândia,Bauru,57.17,False,UNKNOWN,SIAGAS_MS_20260814,E04,-20.734999999999957,-52.66555599999998
3500072719,Costa Rica,Serra geral,89.5,False,UNKNOWN,SIAGAS_MS_20260814,E04,-18.277138999999977,-53.22951899999998
3500072697,Camapuã,Botucatu,29.16,False,UNKNOWN,SIAGAS_MS_20260814,E04,-19.020721999999978,-53.89508299999994
3500072687,Sidrolândia,Serra geral,62.25,False,UNKNOWN,SIAGAS_MS_20260814,E04,-21.018291999999974,-54.954902999999945
3500072661,Brasilândia,Bauru,32.5,False,UNKNOWN,SIAGAS_MS_20260814,E04,-21.48278899999997,-52.14444699999996
3500072657,Nova Andradina,Bauru,11.0,False,UNKNOWN,SIAGAS_MS_20260814,E04,-22.300674999999956,-53.36085299999996
3500072652,Campo Grande,Serra geral,13.3,False,UNKNOWN,SIAGAS_MS_20260814,E04,-20.39291099999997,-54.553732999999966
3500072645,Naviraí,Bauru,20.4,False,UNKNOWN,SIAGAS_MS_20260814,E04,-22.995416999999975,-54.368082999999956
3500072622,Três Lagoas,Bauru,4.0,False,UNKNOWN,SIAGAS_MS_20260814,E04,-20.800513999999964,-51.73420799999997
3500072620,Campo Grande,Serra geral,14.55,False,UNKNOWN,SIAGAS_MS_20260814,E04,-20.446852999999976,-54.594205999999986
3500072608,Campo Grande,Serra geral,11.35,False,UNKNOWN,SIAGAS_MS_20260814,E04,-20.506418999999937,-54.61713099999997
3500072547,Naviraí,Bauru,20.23,False,UNKNOWN,SIAGAS_MS_20260814,E04,-23.000332999999955,-54.37052799999998
3500072536,Campo Grande,Serra geral,29.5,False,UNKNOWN,SIAGAS_MS_20260814,E04,-20.50216699999993,-54.73597199999995
3500072524,São Gabriel do Oeste,Serra geral,59.5,False,UNKNOWN,SIAGAS_MS_20260814,E04,-19.55597199999994,-54.48586099999994
3500072517,Paranaíba,Serra geral,28.7,False,UNKNOWN,SIAGAS_MS_20260814,E04,-19.698902999999973,-51.17941899999994
3500072502,Sidrolândia,Botucatu,68.6,False,UNKNOWN,SIAGAS_MS_20260814,E04,-20.93800299999998,-54.95037499999995
3500072429,Paranaíba,Bauru,48.7,False,UNKNOWN,SIAGAS_MS_20260814,E04,-19.521949999999947,-51.02788899999996
3500072377,Nioaque,Serra geral,60.0,False,UNKNOWN,SIAGAS_MS_20260814,E04,-21.433524999999975,-55.89752199999998
3500072327,Campo Grande,Botucatu,128.4,False,UNKNOWN,SIAGAS_MS_20260814,E04,-20.504799999999932,-54.603988999999956
3500072325,Campo Grande,Serra geral,108.0,False,UNKNOWN,SIAGAS_MS_20260814,E04,-20.548441999999966,-54.58064399999995
3500072303,Água Clara,Bauru,30.65,False,UNKNOWN,SIAGAS_MS_20260814,E04,-20.435932999999977,-52.84305599999993
3500072272,Vicentina,Serra geral,29.23,False,UNKNOWN,SIAGAS_MS_20260814,E04,-22.436782999999934,-54.36072799999994
3500072266,Três Lagoas,Bauru,34.28,False,UNKNOWN,SIAGAS_MS_20260814,E04,-20.797777999999937,-51.87722199999996
3500072207,Antônio João,Serra geral,14.87,False,UNKNOWN,SIAGAS_MS_20260814,E04,-22.184443999999928,-55.96111099999996
3500072156,Rio Brilhante,Serra geral,14.75,False,UNKNOWN,SIAGAS_MS_20260814,E04,-21.810332999999957,-54.52127799999994
3500072125,Sidrolândia,Botucatu,165.4,False,UNKNOWN,SIAGAS_MS_20260814,E04,-20.900555999999938,-54.91972199999998
3500072030,Dourados,Serra geral,85.91,False,UNKNOWN,SIAGAS_MS_20260814,E04,-22.275980999999945,-54.815218999999956
3500072019,Sidrolândia,Botucatu,145.3,False,UNKNOWN,SIAGAS_MS_20260814,E04,-20.90582799999993,-54.92258099999998
3500072002,Maracaju,Botucatu,176.7,False,UNKNOWN,SIAGAS_MS_20260814,E04,-21.782249999999976,-55.57734399999998
3500071910,Caarapó,Botucatu,170.36,False,UNKNOWN,SIAGAS_MS_20260814,E04,-22.615791999999942,-54.700968999999986
3500073016,Rio Verde de Mato Grosso,Furnas,26.0,False,UNKNOWN,SIAGAS_MS_20260814,E04,-18.784999999999968,-54.82305599999995
3500073035,Brasilândia,Bauru,63.77,False,UNKNOWN,SIAGAS_MS_20260814,E04,-21.465960999999936,-52.208238999999935
3500073031,Dois Irmãos do Buriti,Serra geral,17.5,False,UNKNOWN,SIAGAS_MS_20260814,E04,-20.80964199999994,-55.268227999999965
3500073085,Costa Rica,Bauru,3.32,False,UNKNOWN,SIAGAS_MS_20260814,E04,-18.34527799999995,-52.932777999999985
3500073070,Rio Brilhante,Serra geral,16.68,False,UNKNOWN,SIAGAS_MS_20260814,E04,-21.50166699999994,-54.70194399999997
3500073103,Maracaju,Serra geral,49.75,False,UNKNOWN,SIAGAS_MS_20260814,E04,-21.667749999999955,-55.17827799999998
3500073100,Campo Grande,Serra geral,10.58,False,UNKNOWN,SIAGAS_MS_20260814,E04,-20.478027999999938,-54.72653599999995
3500073094,Rio Brilhante,Serra geral,15.0,False,UNKNOWN,SIAGAS_MS_20260814,E04,-21.70827799999995,-54.50382499999995
3500073091,Bataguassu,Bauru,66.9,False,UNKNOWN,SIAGAS_MS_20260814,E04,-21.748505999999963,-52.469041999999945
3500073125,Campo Grande,Serra geral,31.32,False,UNKNOWN,SIAGAS_MS_20260814,E04,-20.45669399999997,-54.58826399999998
3500073124,Campo Grande,Serra geral,13.17,False,UNKNOWN,SIAGAS_MS_20260814,E04,-20.228088999999954,-54.90121099999993
3500073120,Amambai,Serra geral,36.58,False,UNKNOWN,SIAGAS_MS_20260814,E04,-23.095118999999954,-55.19535799999994
3500073139,Bandeirantes,Serra geral,23.8,False,UNKNOWN,SIAGAS_MS_20260814,E04,-19.69064199999997,-54.37402499999996
3500073138,Terenos,Serra geral,48.8,False,UNKNOWN,SIAGAS_MS_20260814,E04,-20.42452499999996,-54.858671999999956
3500073165,Bandeirantes,Botucatu,39.5,False,UNKNOWN,SIAGAS_MS_20260814,E04,-19.54433899999998,-54.54549199999997
3500073148,Nova Andradina,Bauru,17.0,False,UNKNOWN,SIAGAS_MS_20260814,E04,-22.282902999999976,-53.38323099999997
3500073147,Bataguassu,Bauru,63.8,False,UNKNOWN,SIAGAS_MS_20260814,E04,-21.74636099999998,-52.46644399999997
3500073174,Caarapó,Serra geral,19.37,False,UNKNOWN,SIAGAS_MS_20260814,E04,-22.612657999999954,-54.81468899999999
3500073187,Itaporã,Serra geral,1.12,False,UNKNOWN,SIAGAS_MS_20260814,E04,-21.93516699999998,-54.69422199999997
3500073183,Campo Grande,Serra geral,23.05,False,UNKNOWN,SIAGAS_MS_20260814,E04,-20.537782999999934,-54.593227999999954
3500073182,Campo Grande,Serra geral,16.0,False,UNKNOWN,SIAGAS_MS_20260814,E04,-20.46150799999998,-54.60733099999993
3500073215,Itaquiraí,Bauru,31.18,False,UNKNOWN,SIAGAS_MS_20260814,E04,-23.36918899999995,-54.210838999999964
3500073214,Três Lagoas,Bauru,21.32,False,UNKNOWN,SIAGAS_MS_20260814,E04,-20.76709399999993,-51.67634199999998
3500073211,Campo Grande,Serra geral,19.96,False,UNKNOWN,SIAGAS_MS_20260814,E04,-20.51375299999995,-54.61999999999995
3500073210,Bandeirantes,Serra geral,26.0,False,UNKNOWN,SIAGAS_MS_20260814,E04,-19.650832999999977,-54.30555599999997
3500073205,Camapuã,Botucatu,13.75,False,UNKNOWN,SIAGAS_MS_20260814,E04,-19.58908299999996,-54.036666999999966
3500073196,Itaquiraí,Bauru,23.58,False,UNKNOWN,SIAGAS_MS_20260814,E04,-23.583221999999978,-54.19730599999997
3500073219,Água Clara,Bauru,14.2,False,UNKNOWN,SIAGAS_MS_20260814,E04,-20.44921899999997,-52.84618899999998
3500073257,Cassilândia,Bauru,22.0,False,UNKNOWN,SIAGAS_MS_20260814,E04,-18.957071999999982,-52.096821999999975
3500073256,Chapadão do Sul,Bauru,74.55,False,UNKNOWN,SIAGAS_MS_20260814,E04,-18.804791999999964,-52.590810999999974
3500073283,Dourados,Bauru,2.69,False,UNKNOWN,SIAGAS_MS_20260814,E04,-22.122499999999945,-55.20394399999998
3500073268,Campo Grande,Botucatu,4.6,False,UNKNOWN,SIAGAS_MS_20260814,E04,-20.50590599999998,-54.61091099999993
3500073288,Ivinhema,Bauru,10.5,False,UNKNOWN,SIAGAS_MS_20260814,E04,-22.23546699999997,-53.87499999999994
3500073322,Brasilândia,Bauru,54.9,False,UNKNOWN,SIAGAS_MS_20260814,E04,-20.97365599999995,-52.525485999999944
3500073319,Campo Grande,Bauru,50.0,False,UNKNOWN,SIAGAS_MS_20260814,E04,-20.735074999999938,-54.30273599999998
3500073315,Bandeirantes,Bauru,10.58,False,UNKNOWN,SIAGAS_MS_20260814,E04,-19.70074399999993,-54.32944699999996
3500073344,Itaquiraí,Bauru,31.2,False,UNKNOWN,SIAGAS_MS_20260814,E04,-23.33595299999996,-54.14597199999997
3500073329,Dourados,Bauru,6.25,False,UNKNOWN,SIAGAS_MS_20260814,E04,-21.987971999999957,-55.16122199999995
3500073365,Dourados,Bauru,12.86,False,UNKNOWN,SIAGAS_MS_20260814,E04,-21.91793599999994,-55.11099399999995
3500073395,Campo Grande,Serra geral,12.0,False,UNKNOWN,SIAGAS_MS_20260814,E04,-20.448332999999934,-54.63805599999995
3500073392,Itaquiraí,Bauru,29.64,False,UNKNOWN,SIAGAS_MS_20260814,E04,-23.52662799999996,-54.11134199999998
3500073390,Itaquiraí,Bauru,12.68,False,UNKNOWN,SIAGAS_MS_20260814,E04,-23.37853599999994,-54.12835599999994
3500073386,Sidrolândia,Serra geral,10.61,False,UNKNOWN,SIAGAS_MS_20260814,E04,-21.13735799999995,-54.78116899999998
3500073404,Dourados,Serra geral,14.62,False,UNKNOWN,SIAGAS_MS_20260814,E04,-22.23952799999995,-54.799499999999966
3500073400,Itaporã,Serra geral,20.05,False,UNKNOWN,SIAGAS_MS_20260814,E04,-22.02702499999998,-54.70473899999996
3500073407,Selvíria,Serra geral,18.0,False,UNKNOWN,SIAGAS_MS_20260814,E04,-20.36252799999994,-51.42752799999994
3500073429,Campo Grande,Bauru,17.0,False,UNKNOWN,SIAGAS_MS_20260814,E04,-20.47394399999996,-54.47605599999997
3500073427,Naviraí,Bauru,25.8,False,UNKNOWN,SIAGAS_MS_20260814,E04,-23.033710999999983,-54.19208599999996
3500073451,Campo Grande,Serra geral,25.0,False,UNKNOWN,SIAGAS_MS_20260814,E04,-20.43281099999996,-54.59288899999996
3500073465,Jateí,Bauru,17.02,False,UNKNOWN,SIAGAS_MS_20260814,E04,-22.49656099999993,-54.21406699999994
3500073463,Itaporã,Serra geral,53.82,False,UNKNOWN,SIAGAS_MS_20260814,E04,-22.088832999999966,-54.72072199999997
3500073462,Brasilândia,Bauru,7.5,False,UNKNOWN,SIAGAS_MS_20260814,E04,-21.463896999999974,-52.14417199999997
3500073466,Glória de Dourados,Bauru,19.23,False,UNKNOWN,SIAGAS_MS_20260814,E04,-22.53359999999998,-54.115016999999966
3500073494,Nova Andradina,Serra geral,52.0,False,UNKNOWN,SIAGAS_MS_20260814,E04,-22.240227999999945,-53.341174999999964
3500073500,Campo Grande,Serra geral,18.0,False,UNKNOWN,SIAGAS_MS_20260814,E04,-20.50476699999996,-54.60283899999996
3500073498,Sidrolândia,Serra geral,15.0,False,UNKNOWN,SIAGAS_MS_20260814,E04,-20.75891699999994,-55.128949999999975
3500073512,Itaporã,Serra geral,12.78,False,UNKNOWN,SIAGAS_MS_20260814,E04,-22.058224999999936,-54.72453299999995
3500073514,Dourados,Serra geral,10.47,False,UNKNOWN,SIAGAS_MS_20260814,E04,-22.12916699999994,-54.348055999999985
3500073519,Sidrolândia,Serra geral,2.0,False,UNKNOWN,SIAGAS_MS_20260814,E04,-20.78319199999993,-54.733274999999935
3500073527,Amambai,Serra geral,22.45,False,UNKNOWN,SIAGAS_MS_20260814,E04,-23.10402799999997,-55.230118999999945
3500073529,Itaporã,Botucatu,28.61,False,UNKNOWN,SIAGAS_MS_20260814,E04,-22.097505999999953,-54.795488999999975
3500073535,Fátima do Sul,Serra geral,20.83,False,UNKNOWN,SIAGAS_MS_20260814,E04,-22.367666999999983,-54.337471999999934
3500073534,Dourados,Serra geral,11.56,False,UNKNOWN,SIAGAS_MS_20260814,E04,-22.175638999999933,-55.203832999999975
3500073549,Maracaju,Serra geral,3.5,False,UNKNOWN,SIAGAS_MS_20260814,E04,-21.388027999999963,-55.55719399999998
3500073558,Campo Grande,Serra geral,10.0,False,UNKNOWN,SIAGAS_MS_20260814,E04,-20.414721999999927,-54.603332999999964
3500027103,Campo Grande,Serra geral,16.0,False,UNKNOWN,SIAGAS_MS_20260814,E04,-20.436943999999983,-54.61805599999997
3500073592,Itaporã,Serra geral,10.53,False,UNKNOWN,SIAGAS_MS_20260814,E04,-21.898621999999932,-54.86781399999995
3500073595,Dourados,Serra geral,5.43,False,UNKNOWN,SIAGAS_MS_20260814,E04,-22.153138999999953,-54.51399999999995
3500073630,Sidrolândia,Serra geral,9.0,False,UNKNOWN,SIAGAS_MS_20260814,E04,-21.016538999999966,-55.087455999999975
3500073644,Aparecida do Taboado,Bauru,29.3,False,UNKNOWN,SIAGAS_MS_20260814,E04,-19.92635299999995,-51.11588299999994
3500073643,Itaquiraí,Bauru,19.5,False,UNKNOWN,SIAGAS_MS_20260814,E04,-23.523860999999954,-54.084082999999964
3500073641,Itaquiraí,Bauru,24.0,False,UNKNOWN,SIAGAS_MS_20260814,E04,-23.494168999999943,-54.15399699999995
3500073645,Aparecida do Taboado,Bauru,41.3,False,UNKNOWN,SIAGAS_MS_20260814,E04,-20.03602799999993,-51.085252999999966
3500073665,Bandeirantes,Serra geral,23.07,False,UNKNOWN,SIAGAS_MS_20260814,E04,-19.831335999999965,-54.375107999999955
3500073694,Jateí,Bauru,16.91,False,UNKNOWN,SIAGAS_MS_20260814,E04,-22.51356099999998,-54.31982499999998
3500073695,Água Clara,Bauru,8.9,False,UNKNOWN,SIAGAS_MS_20260814,E04,-19.712816999999973,-52.71409199999994
3500073706,Dourados,Serra geral,7.34,False,UNKNOWN,SIAGAS_MS_20260814,E04,-22.039721999999927,-54.46488899999997
3500073716,Sidrolândia,Serra geral,9.0,False,UNKNOWN,SIAGAS_MS_20260814,E04,-20.901718999999957,-54.95525599999996
3500073725,Glória de Dourados,Bauru,33.68,False,UNKNOWN,SIAGAS_MS_20260814,E04,-22.48330599999997,-54.15955599999995
3500073734,Angélica,Bauru,3.48,False,UNKNOWN,SIAGAS_MS_20260814,E04,-22.220757999999933,-53.77612799999997
3500073732,Três Lagoas,Bauru,32.54,False,UNKNOWN,SIAGAS_MS_20260814,E04,-21.127955999999926,-51.98027499999995
3500073748,Dourados,Serra geral,48.0,False,UNKNOWN,SIAGAS_MS_20260814,E04,-22.226110999999946,-54.82277799999997
3500073747,Jaraguari,Serra geral,26.0,False,UNKNOWN,SIAGAS_MS_20260814,E04,-20.16055599999993,-54.47444399999995
3500073754,Fátima do Sul,Bauru,17.73,False,UNKNOWN,SIAGAS_MS_20260814,E04,-22.37786099999994,-54.34333299999997
3500073752,Sidrolândia,Serra geral,5.3,False,UNKNOWN,SIAGAS_MS_20260814,E04,-21.086555999999973,-55.19966699999998
3500073757,Sidrolândia,Serra geral,7.3,False,UNKNOWN,SIAGAS_MS_20260814,E04,-20.76009399999998,-55.12124699999998
3500073762,Vicentina,Serra geral,21.7,False,UNKNOWN,SIAGAS_MS_20260814,E04,-22.51041699999996,-54.428818999999976
3500073808,Amambai,Bauru,35.2,False,UNKNOWN,SIAGAS_MS_20260814,E04,-23.465768999999966,-55.06431399999997
3500073807,Dourados,Serra geral,13.39,False,UNKNOWN,SIAGAS_MS_20260814,E04,-22.239305999999942,-54.73836099999994
3500073806,Dourados,Serra geral,8.35,False,UNKNOWN,SIAGAS_MS_20260814,E04,-22.218091999999956,-54.73383299999995
3500073813,Itaporã,Serra geral,13.1,False,UNKNOWN,SIAGAS_MS_20260814,E04,-22.04885799999994,-54.75139999999993
3500073818,Dourados,Bauru,12.0,False,UNKNOWN,SIAGAS_MS_20260814,E04,-22.172777999999937,-55.10388899999998
3500073832,Dourados,Serra geral,40.56,False,UNKNOWN,SIAGAS_MS_20260814,E04,-22.218160999999952,-54.79596099999998
3500073830,Aparecida do Taboado,Bauru,14.95,False,UNKNOWN,SIAGAS_MS_20260814,E04,-20.05570599999993,-51.11224199999998
3500073835,Itaporã,Serra geral,18.84,False,UNKNOWN,SIAGAS_MS_20260814,E04,-22.06860599999993,-54.84087199999993
3500073843,São Gabriel do Oeste,Botucatu,0.2,False,UNKNOWN,SIAGAS_MS_20260814,E04,-19.37916699999994,-54.571666999999934
3500073856,Glória de Dourados,Bauru,10.0,False,UNKNOWN,SIAGAS_MS_20260814,E04,-22.373896999999943,-54.26117799999997
3500073849,Aparecida do Taboado,Bauru,7.63,False,UNKNOWN,SIAGAS_MS_20260814,E04,-20.05786699999993,-51.107902999999965
3500073887,Rio Verde de Mato Grosso,Furnas,24.36,False,UNKNOWN,SIAGAS_MS_20260814,E04,-18.88514399999997,-54.83961899999997
3500073901,Taquarussu,Bauru,5.0,False,UNKNOWN,SIAGAS_MS_20260814,E04,-22.48732499999994,-53.34446399999996
3500073906,Brasilândia,Bauru,29.4,False,UNKNOWN,SIAGAS_MS_20260814,E04,-20.64362799999998,-52.87963599999995
3500073916,Paranhos,Bauru,23.98,False,UNKNOWN,SIAGAS_MS_20260814,E04,-23.93375599999996,-55.41656399999994
3500073915,Eldorado,Bauru,24.82,False,UNKNOWN,SIAGAS_MS_20260814,E04,-23.78108599999996,-54.28241099999997
3500072995,Brasilândia,Bauru,56.4,False,UNKNOWN,SIAGAS_MS_20260814,E04,-21.47129999999993,-52.18127199999998
3500072993,Brasilândia,Bauru,37.5,False,UNKNOWN,SIAGAS_MS_20260814,E04,-21.46902799999998,-52.16241699999995
3500072967,Selvíria,Serra geral,59.0,False,UNKNOWN,SIAGAS_MS_20260814,E04,-20.106641999999965,-51.69101699999993
3500072965,Aparecida do Taboado,Bauru,52.23,False,UNKNOWN,SIAGAS_MS_20260814,E04,-20.08933099999996,-51.29959999999994
3500072949,Chapadão do Sul,Bauru,49.8,False,UNKNOWN,SIAGAS_MS_20260814,E04,-18.73399999999998,-52.738999999999976
3500072914,Aquidauana,Furnas,46.0,False,UNKNOWN,SIAGAS_MS_20260814,E04,-20.46789999999993,-55.806366999999966
3500072910,Paranaíba,Serra geral,37.5,False,UNKNOWN,SIAGAS_MS_20260814,E04,-19.700538999999935,-51.178916999999956
3500072907,Campo Grande,Serra geral,12.4,False,UNKNOWN,SIAGAS_MS_20260814,E04,-20.454805999999962,-54.616416999999956
3500072904,Três Lagoas,Serra geral,1.0,False,UNKNOWN,SIAGAS_MS_20260814,E04,-20.79786699999994,-51.64392499999997
3500072889,Três Lagoas,Bauru,27.0,False,UNKNOWN,SIAGAS_MS_20260814,E04,-20.799721999999974,-51.87277799999998
3500072887,Três Lagoas,Serra geral,29.5,False,UNKNOWN,SIAGAS_MS_20260814,E04,-20.757049999999936,-51.66801899999996
3500072878,Campo Grande,Serra geral,14.33,False,UNKNOWN,SIAGAS_MS_20260814,E04,-20.49955799999998,-54.63654199999996
3500072871,Três Lagoas,Bauru,40.15,False,UNKNOWN,SIAGAS_MS_20260814,E04,-20.810516999999948,-51.74624699999998
3500072834,Campo Grande,Serra geral,5.0,False,UNKNOWN,SIAGAS_MS_20260814,E04,-20.52463599999993,-54.58627199999995
3500072791,Dourados,Serra geral,5.2,False,UNKNOWN,SIAGAS_MS_20260814,E04,-22.178180999999938,-54.46888599999994
3500072759,Caarapó,Serra geral,14.02,False,UNKNOWN,SIAGAS_MS_20260814,E04,-22.53305599999993,-54.715893999999935
3500072723,Campo Grande,Serra geral,50.2,False,UNKNOWN,SIAGAS_MS_20260814,E04,-20.467693999999938,-54.72012799999993
3500072704,Rochedo,Botucatu,34.0,False,UNKNOWN,SIAGAS_MS_20260814,E04,-20.096527999999978,-54.83916099999993
3500072667,Dois Irmãos do Buriti,Serra geral,49.6,False,UNKNOWN,SIAGAS_MS_20260814,E04,-20.79198299999996,-55.18748899999997
3500072665,Paraíso das Águas,Bauru,92.97,False,UNKNOWN,SIAGAS_MS_20260814,E04,-19.33140599999996,-53.29405299999996
3500072654,Campo Grande,Serra geral,24.5,False,UNKNOWN,SIAGAS_MS_20260814,E04,-20.491360999999927,-54.55330799999996
3500072650,Paraíso das Águas,Bauru,97.8,False,UNKNOWN,SIAGAS_MS_20260814,E04,-19.37799999999993,-52.93544399999996
3500072643,Rio Brilhante,Serra geral,6.0,False,UNKNOWN,SIAGAS_MS_20260814,E04,-21.810671999999954,-54.57091099999997
3500072626,Sonora,Furnas,19.83,False,UNKNOWN,SIAGAS_MS_20260814,E04,-17.636013999999932,-54.76014699999996
3500072588,Laguna Carapã,Serra geral,9.1,False,UNKNOWN,SIAGAS_MS_20260814,E04,-22.887918999999954,-54.960635999999965
3500072577,Anaurilândia,Bauru,35.99,False,UNKNOWN,SIAGAS_MS_20260814,E04,-22.199299999999937,-52.93650799999995
3500072571,Sidrolândia,Serra geral,17.0,False,UNKNOWN,SIAGAS_MS_20260814,E04,-20.95164699999998,-54.83544699999993
3500072541,Jateí,Serra geral,11.0,False,UNKNOWN,SIAGAS_MS_20260814,E04,-22.476610999999934,-54.31111899999996
3500072525,Aparecida do Taboado,Bauru,48.26,False,UNKNOWN,SIAGAS_MS_20260814,E04,-20.113593999999978,-51.17717799999997
3500072473,Campo Grande,Botucatu,4.5,False,UNKNOWN,SIAGAS_MS_20260814,E04,-20.49203099999994,-54.67298899999997
3500072393,Aparecida do Taboado,Serra geral,83.0,False,UNKNOWN,SIAGAS_MS_20260814,E04,-20.04002799999995,-51.110638999999935
3500072361,Aral Moreira,Serra geral,8.5,False,UNKNOWN,SIAGAS_MS_20260814,E04,-22.956293999999957,-55.49057499999998
3500072355,Bela Vista,Serra geral,36.0,False,UNKNOWN,SIAGAS_MS_20260814,E04,-22.066130999999928,-56.04049699999996
3500072349,Água Clara,Serra geral,18.3,False,UNKNOWN,SIAGAS_MS_20260814,E04,-20.423868999999968,-52.869921999999974
3500072347,São Gabriel do Oeste,Botucatu,21.65,False,UNKNOWN,SIAGAS_MS_20260814,E04,-19.345657999999958,-54.67061099999995
3500072297,Camapuã,Botucatu,25.0,False,UNKNOWN,SIAGAS_MS_20260814,E04,-19.539885999999967,-54.042066999999975
3500072281,Campo Grande,Botucatu,146.95,False,UNKNOWN,SIAGAS_MS_20260814,E04,-20.40067199999993,-54.66999199999998
3500072275,Camapuã,Botucatu,5.6,False,UNKNOWN,SIAGAS_MS_20260814,E04,-19.53461699999997,-54.04118299999993
3500072224,Nova Alvorada do Sul,Serra geral,24.6,False,UNKNOWN,SIAGAS_MS_20260814,E04,-21.58166699999998,-54.237499999999955
3500072152,Campo Grande,Botucatu,8.0,False,UNKNOWN,SIAGAS_MS_20260814,E04,-20.48263099999997,-54.74493899999993
3500072150,Campo Grande,Serra geral,14.0,False,UNKNOWN,SIAGAS_MS_20260814,E04,-20.884346999999934,-54.504610999999954
3500072130,Aparecida do Taboado,Bauru,48.0,False,UNKNOWN,SIAGAS_MS_20260814,E04,-20.113080999999966,-51.17788899999994
3500072118,Sidrolândia,Serra geral,120.25,False,UNKNOWN,SIAGAS_MS_20260814,E04,-20.83079699999996,-54.767030999999974
3500072017,Caarapó,Serra geral,30.0,False,UNKNOWN,SIAGAS_MS_20260814,E04,-22.609346999999957,-54.81574399999994
3500072012,Dourados,Botucatu,158.2,False,UNKNOWN,SIAGAS_MS_20260814,E04,-22.221180999999945,-54.724924999999985
3500073024,São Gabriel do Oeste,Botucatu,35.0,False,UNKNOWN,SIAGAS_MS_20260814,E04,-19.466991999999948,-54.63398099999995
3500073022,São Gabriel do Oeste,Botucatu,7.0,False,UNKNOWN,SIAGAS_MS_20260814,E04,-19.441460999999947,-54.564074999999946
3500073008,Laguna Carapã,Serra geral,12.41,False,UNKNOWN,SIAGAS_MS_20260814,E04,-22.46384699999993,-55.025991999999974
3500073041,Dourados,Serra geral,23.74,False,UNKNOWN,SIAGAS_MS_20260814,E04,-22.309166999999945,-54.787499999999966
3500073079,Bataguassu,Bauru,31.45,False,UNKNOWN,SIAGAS_MS_20260814,E04,-21.715791999999965,-52.43135799999993
3500073072,Douradina,Serra geral,65.8,False,UNKNOWN,SIAGAS_MS_20260814,E04,-22.094221999999945,-54.577002999999934
3500073071,Dourados,Serra geral,8.65,False,UNKNOWN,SIAGAS_MS_20260814,E04,-22.222055999999952,-54.721082999999965
3500073093,Campo Grande,Serra geral,19.8,False,UNKNOWN,SIAGAS_MS_20260814,E04,-20.607727999999952,-54.581046999999955
3500073106,Três Lagoas,Bauru,27.27,False,UNKNOWN,SIAGAS_MS_20260814,E04,-20.764718999999957,-51.66882799999996
3500073133,Rochedo,Serra geral,68.1,False,UNKNOWN,SIAGAS_MS_20260814,E04,-19.887602999999956,-54.46716699999996
3500073126,Dois Irmãos do Buriti,Botucatu,62.3,False,UNKNOWN,SIAGAS_MS_20260814,E04,-20.491480999999965,-55.34120299999995
3500073160,Itaquiraí,Bauru,20.01,False,UNKNOWN,SIAGAS_MS_20260814,E04,-23.582177999999942,-54.19813599999998
3500073152,Camapuã,Botucatu,9.0,False,UNKNOWN,SIAGAS_MS_20260814,E04,-19.530396999999937,-54.04262199999994
3500073150,Campo Grande,Serra geral,9.9,False,UNKNOWN,SIAGAS_MS_20260814,E04,-20.501630999999975,-54.612124999999935
3500073149,Campo Grande,Serra geral,84.0,False,UNKNOWN,SIAGAS_MS_20260814,E04,-20.517802999999958,-54.68377499999997
3500073166,Dourados,Serra geral,8.5,False,UNKNOWN,SIAGAS_MS_20260814,E04,-22.172777999999937,-55.10777799999994
3500073186,Itaporã,Serra geral,4.45,False,UNKNOWN,SIAGAS_MS_20260814,E04,-21.928277999999978,-54.76813899999996
3500073180,Ponta Porã,Serra geral,14.04,False,UNKNOWN,SIAGAS_MS_20260814,E04,-22.462957999999958,-55.737127999999984
3500073204,Ivinhema,Bauru,12.75,False,UNKNOWN,SIAGAS_MS_20260814,E04,-22.338152999999977,-53.84261899999996
3500073200,Glória de Dourados,Bauru,40.7,False,UNKNOWN,SIAGAS_MS_20260814,E04,-22.505627999999945,-54.121321999999964
3500073216,Coxim,Furnas,22.18,False,UNKNOWN,SIAGAS_MS_20260814,E04,-18.52297199999998,-54.741777999999954
3500073234,Campo Grande,Serra geral,11.0,False,UNKNOWN,SIAGAS_MS_20260814,E04,-20.459721999999942,-54.63694399999997
3500073230,Caarapó,Serra geral,18.25,False,UNKNOWN,SIAGAS_MS_20260814,E04,-22.493499999999983,-54.864277999999956
3500073229,Douradina,Serra geral,12.5,False,UNKNOWN,SIAGAS_MS_20260814,E04,-22.105155999999965,-54.582041999999944
3500073228,Caarapó,Serra geral,10.0,False,UNKNOWN,SIAGAS_MS_20260814,E04,-22.505280999999968,-54.86431099999999
3500073264,Campo Grande,Serra geral,19.72,False,UNKNOWN,SIAGAS_MS_20260814,E04,-20.463518999999962,-54.55825599999997
3500073262,Ribas do Rio Pardo,Bauru,64.12,False,UNKNOWN,SIAGAS_MS_20260814,E04,-20.453266999999983,-53.93895599999996
3500073292,Fátima do Sul,Serra geral,6.37,False,UNKNOWN,SIAGAS_MS_20260814,E04,-22.33122199999997,-54.60798599999998
3500073290,Nova Andradina,Bauru,31.0,False,UNKNOWN,SIAGAS_MS_20260814,E04,-22.273049999999955,-53.366938999999945
3500073299,Caarapó,Serra geral,9.33,False,UNKNOWN,SIAGAS_MS_20260814,E04,-22.749710999999934,-54.73937499999994
3500073297,Ponta Porã,Serra geral,17.42,False,UNKNOWN,SIAGAS_MS_20260814,E04,-22.544427999999982,-55.726057999999966
3500073320,Três Lagoas,Bauru,23.7,False,UNKNOWN,SIAGAS_MS_20260814,E04,-20.746077999999954,-51.664038999999946
3500073318,Sidrolândia,Serra geral,20.5,False,UNKNOWN,SIAGAS_MS_20260814,E04,-20.725310999999977,-55.136530999999934
3500073314,Bandeirantes,Bauru,28.0,False,UNKNOWN,SIAGAS_MS_20260814,E04,-19.67201099999994,-54.29187799999994
3500073335,Fátima do Sul,Serra geral,24.2,False,UNKNOWN,SIAGAS_MS_20260814,E04,-22.350068999999962,-54.54334199999994
3500073334,Dourados,Serra geral,16.8,False,UNKNOWN,SIAGAS_MS_20260814,E04,-22.309016999999983,-54.77721699999995
3500073378,Jaraguari,Serra geral,16.93,False,UNKNOWN,SIAGAS_MS_20260814,E04,-20.198193999999944,-54.54838099999995
3500073393,Eldorado,Bauru,25.94,False,UNKNOWN,SIAGAS_MS_20260814,E04,-23.744843999999944,-54.29539399999993
3500073387,Santa Rita do Pardo,Serra geral,10.5,False,UNKNOWN,SIAGAS_MS_20260814,E04,-21.49519399999997,-52.39299999999997
3500073402,Campo Grande,Bauru,17.25,False,UNKNOWN,SIAGAS_MS_20260814,E04,-20.377771999999936,-54.56040299999995
3500073399,Itaporã,Serra geral,6.46,False,UNKNOWN,SIAGAS_MS_20260814,E04,-21.932060999999976,-54.76391399999994
3500073411,Campo Grande,Serra geral,73.0,False,UNKNOWN,SIAGAS_MS_20260814,E04,-20.538043999999957,-54.673607999999945
3500073424,Chapadão do Sul,Bauru,47.71,False,UNKNOWN,SIAGAS_MS_20260814,E04,-18.79484199999996,-52.61986899999994
3500073421,Campo Grande,Serra geral,16.87,False,UNKNOWN,SIAGAS_MS_20260814,E04,-20.515660999999966,-54.62153299999994
3500073420,Itaquiraí,Bauru,20.0,False,UNKNOWN,SIAGAS_MS_20260814,E04,-23.313338999999928,-54.06124399999993
3500073418,São Gabriel do Oeste,Botucatu,16.88,False,UNKNOWN,SIAGAS_MS_20260814,E04,-19.400555999999938,-54.57608299999998
3500073444,Sidrolândia,Serra geral,30.05,False,UNKNOWN,SIAGAS_MS_20260814,E04,-20.719524999999976,-55.134143999999935
3500073449,Dourados,Serra geral,9.62,False,UNKNOWN,SIAGAS_MS_20260814,E04,-22.126166999999953,-54.34686099999993
3500073483,Jaraguari,Serra geral,62.75,False,UNKNOWN,SIAGAS_MS_20260814,E04,-20.070138999999926,-54.505071999999984
3500073497,Bataguassu,Bauru,4.71,False,UNKNOWN,SIAGAS_MS_20260814,E04,-21.721371999999974,-52.26940799999994
3500073495,Glória de Dourados,Bauru,32.86,False,UNKNOWN,SIAGAS_MS_20260814,E04,-22.487499999999955,-54.16972199999998
3500073488,Laguna Carapã,Serra geral,16.53,False,UNKNOWN,SIAGAS_MS_20260814,E04,-22.555316999999945,-55.14535299999994
3500073501,Brasilândia,Bauru,43.95,False,UNKNOWN,SIAGAS_MS_20260814,E04,-21.217366999999967,-51.987157999999965
3500073518,Caarapó,Serra geral,15.07,False,UNKNOWN,SIAGAS_MS_20260814,E04,-22.476357999999948,-54.916413999999975
3500073516,Juti,Serra geral,10.04,False,UNKNOWN,SIAGAS_MS_20260814,E04,-22.652221999999938,-54.67916699999995
3500073538,Deodápolis,Serra geral,27.32,False,UNKNOWN,SIAGAS_MS_20260814,E04,-22.265796999999964,-54.192188999999985
3500073547,Rochedo,Botucatu,34.18,False,UNKNOWN,SIAGAS_MS_20260814,E04,-20.00307799999996,-54.78481399999998
3500073556,Taquarussu,Bauru,6.2,False,UNKNOWN,SIAGAS_MS_20260814,E04,-22.486832999999933,-53.358499999999935
3500027251,Fátima do Sul,Serra geral,3.5,False,UNKNOWN,SIAGAS_MS_20260814,E04,-22.372499999999945,-54.52222199999994
3500045340,Campo Grande,Serra geral,9.0,False,UNKNOWN,SIAGAS_MS_20260814,E04,-20.423610999999937,-54.54249999999996
3500072882,Batayporã,,9.8,False,UNKNOWN,SIAGAS_MS_20260814,E04,-22.284910999999965,-53.28537799999998
3500072357,Pedro Gomes,,28.6,False,UNKNOWN,SIAGAS_MS_20260814,E04,-18.10303099999993,-54.573635999999965
3500073570,Campo Grande,,27.6,False,UNKNOWN,SIAGAS_MS_20260814,E04,-20.429449999999974,-54.64002199999993
3500072691,Rio Negro,,52.49,False,UNKNOWN,SIAGAS_MS_20260814,E04,-19.54737499999993,-54.96085799999997
3500072963,Miranda,,6.44,False,UNKNOWN,SIAGAS_MS_20260814,E04,-20.010832999999934,-56.33416699999998
3500072138,Aparecida do Taboado,,53.0,False,UNKNOWN,SIAGAS_MS_20260814,E04,-20.08527799999996,-51.06343099999998
3500072099,Jardim,,19.51,False,UNKNOWN,SIAGAS_MS_20260814,E04,-21.29566399999993,-56.22762499999993
3500073920,Bonito,,32.0,False,UNKNOWN,SIAGAS_MS_20260814,E04,-21.107182999999964,-56.581605999999965
3500072961,Miranda,,30.27,False,UNKNOWN,SIAGAS_MS_20260814,E04,-20.009443999999974,-56.32888899999995
3500073794,Aquidauana,,8.45,False,UNKNOWN,SIAGAS_MS_20260814,E04,-20.47849999999994,-55.79286099999996
3500073383,Anastácio,,19.07,False,UNKNOWN,SIAGAS_MS_20260814,E04,-20.496749999999963,-55.89527799999996
3500072761,Dourados,,29.45,False,UNKNOWN,SIAGAS_MS_20260814,E04,-22.279110999999943,-54.648305999999934
3500072317,Rio Verde de Mato Grosso,,74.3,False,UNKNOWN,SIAGAS_MS_20260814,E04,-18.965638999999953,-54.78197199999994
3500073332,Dourados,,5.6,False,UNKNOWN,SIAGAS_MS_20260814,E04,-22.18214999999998,-54.468996999999945
3500023149,Amambai,Guarani,15.0,False,UNKNOWN,SIAGAS_MS_20260814,E04,-23.061665999999946,-55.207776999999965
3500022587,Inocência,Guarani,91.0,False,UNKNOWN,SIAGAS_MS_20260814,E04,-19.73333299999996,-51.927776999999935
3500070462,Bandeirantes,Não definido,26.5,False,UNKNOWN,SIAGAS_MS_20260814,E04,-19.56016399999993,-54.48610299999996
3500026993,Campo Grande,Guarani,65.17,False,UNKNOWN,SIAGAS_MS_20260814,E04,-20.55472199999997,-54.68138899999997
3500022918,Campo Grande,Guarani,96.0,False,UNKNOWN,SIAGAS_MS_20260814,E04,-20.551943999999935,-54.60861099999994
3500022684,Amambai,Guarani,7.03,False,UNKNOWN,SIAGAS_MS_20260814,E04,-23.09722199999993,-55.23638799999998
3500022712,Laguna Carapã,Guarani,9.5,False,UNKNOWN,SIAGAS_MS_20260814,E04,-22.52638799999994,-55.165832999999964
3500065128,Dourados,Guarani,16.0,False,UNKNOWN,SIAGAS_MS_20260814,E04,-22.08611099999996,-55.35499999999996
3500071676,Ribas do Rio Pardo,Serra geral,5.4,False,UNKNOWN,SIAGAS_MS_20260814,E04,-20.442541999999946,-53.710271999999975
3500071634,Nova Andradina,Bauru_Caiua,11.0,False,UNKNOWN,SIAGAS_MS_20260814,E04,-22.30044399999997,-53.36161099999998
3500071608,Camapuã,Bauru_Caiua,22.0,False,UNKNOWN,SIAGAS_MS_20260814,E04,-19.52961099999993,-54.40311099999997
3500071424,Angélica,Guarani,10.0,False,UNKNOWN,SIAGAS_MS_20260814,E04,-22.041174999999953,-53.84002499999997
3500071418,Mundo Novo,Bauru_Caiua,2.2,False,UNKNOWN,SIAGAS_MS_20260814,E04,-23.89168099999995,-54.31236899999993
3500071375,Dourados,Serra geral,4.5,False,UNKNOWN,SIAGAS_MS_20260814,E04,-22.179235999999946,-55.202688999999964
3500071345,Rio Brilhante,Guarani,29.21,False,UNKNOWN,SIAGAS_MS_20260814,E04,-21.727055999999948,-54.506332999999984
3500071258,Ivinhema,Bauru_Caiua,11.19,False,UNKNOWN,SIAGAS_MS_20260814,E04,-22.387921999999946,-53.59259399999996
3500071020,Costa Rica,Serra geral,6.04,False,UNKNOWN,SIAGAS_MS_20260814,E04,-19.029166999999973,-53.01078299999995
3500071005,Campo Grande,Serra geral,7.37,False,UNKNOWN,SIAGAS_MS_20260814,E04,-20.550255999999933,-54.583752999999945
3500070836,Três Lagoas,Bauru_Caiua,25.17,False,UNKNOWN,SIAGAS_MS_20260814,E04,-20.778888999999936,-51.73410599999994
3500070752,Campo Grande,Serra geral,17.0,False,UNKNOWN,SIAGAS_MS_20260814,E04,-20.446380999999974,-54.59036999999995
3500070623,Maracaju,Serra geral,12.48,False,UNKNOWN,SIAGAS_MS_20260814,E04,-21.617857999999956,-55.16251099999994
3500070608,Anaurilândia,Bauru_Caiua,45.5,False,UNKNOWN,SIAGAS_MS_20260814,E04,-22.019177999999954,-52.51997199999994
3500069421,Itaporã,Serra geral,9.19,False,UNKNOWN,SIAGAS_MS_20260814,E04,-22.092971999999975,-54.78569399999998
3500069312,Campo Grande,Bauru_Caiua,8.0,False,UNKNOWN,SIAGAS_MS_20260814,E04,-20.68542199999996,-54.58226899999994
3500045613,Três Lagoas,Bauru,17.2,False,UNKNOWN,SIAGAS_MS_20260814,E04,-20.788888999999926,-51.665277999999944
3500053087,Miranda,,18.0,False,UNKNOWN,SIAGAS_MS_20260814,E04,-19.966666999999973,-56.350277999999946
3500045634,Caarapó,,23.2,False,UNKNOWN,SIAGAS_MS_20260814,E04,-22.614443999999935,-54.69055599999996
3500023233,São Gabriel do Oeste,,3.5,False,UNKNOWN,SIAGAS_MS_20260814,E04,-19.39138799999995,-54.571387999999956
3500045641,Selvíria,,45.0,False,UNKNOWN,SIAGAS_MS_20260814,E04,-20.476388999999926,-51.53277799999995
3500023156,Aral Moreira,,3.65,False,UNKNOWN,SIAGAS_MS_20260814,E04,-22.94388799999996,-55.634999999999934
3500065063,Ladário,,2.19,False,UNKNOWN,SIAGAS_MS_20260814,E04,-19.037777999999946,-57.61944399999999
3500045704,Três Lagoas,Bauru,64.78,False,UNKNOWN,SIAGAS_MS_20260814,E04,-20.99277799999993,-51.84305599999993
3500065035,Campo Grande,Serra geral,7.85,False,UNKNOWN,SIAGAS_MS_20260814,E04,-20.500832999999943,-54.54388899999998
3500065037,Campo Grande,Caiua,3.81,False,UNKNOWN,SIAGAS_MS_20260814,E04,-20.48333299999996,-54.64055599999995
3500065042,Campo Grande,Serra geral,133.28,False,UNKNOWN,SIAGAS_MS_20260814,E04,-20.51499999999993,-54.61666699999995
3500065052,Deodápolis,Caiua,4.4,False,UNKNOWN,SIAGAS_MS_20260814,E04,-22.288332999999966,-54.16888899999998
3500065079,Três Lagoas,Caiua,66.44,False,UNKNOWN,SIAGAS_MS_20260814,E04,-20.986388999999974,-51.84333299999997
3500065084,Vicentina,Serra geral,5.5,False,UNKNOWN,SIAGAS_MS_20260814,E04,-22.53305599999993,-54.44916699999993
3500065059,Itaporã,Guarani,7.0,False,UNKNOWN,SIAGAS_MS_20260814,E04,-21.937499999999943,-54.85749999999996
3500023220,Corguinho,Guarani,19.0,False,UNKNOWN,SIAGAS_MS_20260814,E04,-19.831387999999947,-54.83055499999995
3500023238,São Gabriel do Oeste,Guarani,21.0,False,UNKNOWN,SIAGAS_MS_20260814,E04,-19.25194399999998,-54.32638799999995
3500065129,Jardim,Guarani,15.0,False,UNKNOWN,SIAGAS_MS_20260814,E04,-21.67999999999995,-56.15194399999996
3500026839,Coxim,Furnas,8.34,False,UNKNOWN,SIAGAS_MS_20260814,E04,-18.477499999999964,-54.728332999999964
3500065002,Água Clara,Serra geral,6.0,False,UNKNOWN,SIAGAS_MS_20260814,E04,-19.87527799999998,-53.36027799999994
3500065005,Antônio João,Serra geral,3.3,False,UNKNOWN,SIAGAS_MS_20260814,E04,-22.195555999999954,-55.943055999999956
3500065010,Aral Moreira,Serra geral,7.3,False,UNKNOWN,SIAGAS_MS_20260814,E04,-22.948332999999934,-55.621666999999945
3500065048,Campo Grande,Serra geral,116.44,False,UNKNOWN,SIAGAS_MS_20260814,E04,-20.48194399999994,-54.75305599999996
3500071736,Corumbá,Não definido,7.22,False,UNKNOWN,SIAGAS_MS_20260814,E04,-19.02248899999995,-57.68921899999998
3500071030,Campo Grande,Serra geral,60.0,False,UNKNOWN,SIAGAS_MS_20260814,E04,-20.429220999999927,-54.588349999999934
3500070482,Chapadão do Sul,Bauru_Caiua,59.25,False,UNKNOWN,SIAGAS_MS_20260814,E04,-18.802599999999927,-52.59806699999996
3500069959,Campo Grande,Bauru_Caiua,12.0,False,UNKNOWN,SIAGAS_MS_20260814,E04,-20.383524999999963,-54.56264699999997
3500069945,Maracaju,Serra geral,17.0,False,UNKNOWN,SIAGAS_MS_20260814,E04,-21.613977999999975,-55.175138999999945
3500069758,Nova Andradina,Bauru_Caiua,38.0,False,UNKNOWN,SIAGAS_MS_20260814,E04,-22.286999999999978,-53.385832999999934
3500026965,Campo Grande,Serra geral,12.0,False,UNKNOWN,SIAGAS_MS_20260814,E04,-20.477777999999944,-54.58333299999998
3500027006,Ladário,Rocha cristalina,22.2,False,UNKNOWN,SIAGAS_MS_20260814,E04,-19.176666999999952,-57.63944399999997
3500027011,Dourados,Serra geral,22.0,False,UNKNOWN,SIAGAS_MS_20260814,E04,-22.226388999999983,-54.73499999999996
3500027023,Três Lagoas,Caiua,16.0,False,UNKNOWN,SIAGAS_MS_20260814,E04,-20.789166999999964,-51.66916699999996
3500027042,Ladário,Rocha cristalina,22.0,False,UNKNOWN,SIAGAS_MS_20260814,E04,-19.173332999999957,-57.63944399999997
3500027088,Ladário,Aquidauana,25.0,False,UNKNOWN,SIAGAS_MS_20260814,E04,-19.02305599999994,-57.62083299999995
3500027093,Nioaque,Caiua,13.0,False,UNKNOWN,SIAGAS_MS_20260814,E04,-20.99138899999997,-56.153888999999936
3500027148,Rio Brilhante,Serra geral,12.0,False,UNKNOWN,SIAGAS_MS_20260814,E04,-21.65861099999995,-54.77388899999994
3500027175,Três Lagoas,Bauru,8.45,False,UNKNOWN,SIAGAS_MS_20260814,E04,-20.79138899999998,-51.715277999999955
3500027239,Coxim,Furnas,25.0,False,UNKNOWN,SIAGAS_MS_20260814,E04,-18.032221999999933,-54.68527799999998
3500027269,Dois Irmãos do Buriti,Aquidauana,12.0,False,UNKNOWN,SIAGAS_MS_20260814,E04,-20.45333299999993,-55.424999999999955
3500027290,Glória de Dourados,Serra geral,20.0,False,UNKNOWN,SIAGAS_MS_20260814,E04,-22.41138899999993,-54.21861099999995
3500045155,Campo Grande,Serra geral,17.0,False,UNKNOWN,SIAGAS_MS_20260814,E04,-20.44805599999995,-54.63777799999997
3500045609,Campo Grande,Serra geral,110.0,False,UNKNOWN,SIAGAS_MS_20260814,E04,-20.468888999999933,-54.68055599999997
3500045611,Vicentina,Serra geral,14.0,False,UNKNOWN,SIAGAS_MS_20260814,E04,-22.40749999999997,-54.433610999999985
3500053095,São Gabriel do Oeste,Guarani,12.0,False,UNKNOWN,SIAGAS_MS_20260814,E04,-19.423610999999937,-54.54833299999996
3500023290,Brasilândia,Caiua,18.0,False,UNKNOWN,SIAGAS_MS_20260814,E04,-21.25555499999996,-52.03305499999993
3500023293,Três Lagoas,Caiua,17.0,False,UNKNOWN,SIAGAS_MS_20260814,E04,-20.79416599999996,-51.66638799999998
3500027080,Douradina,Serra geral,14.0,False,UNKNOWN,SIAGAS_MS_20260814,E04,-21.997777999999983,-54.58555599999994
3500023258,Rio Brilhante,Serra geral,19.0,False,UNKNOWN,SIAGAS_MS_20260814,E04,-21.803332999999952,-54.538610999999946
3500023303,Três Lagoas,Caiua,16.25,False,UNKNOWN,SIAGAS_MS_20260814,E04,-20.778332999999975,-51.69611099999997
3500073583,Campo Grande,Serra geral,17.85,False,UNKNOWN,SIAGAS_MS_20260814,E04,-20.433007999999973,-54.61508599999996
3500073585,Campo Grande,Serra geral,6.0,False,UNKNOWN,SIAGAS_MS_20260814,E04,-20.536010999999974,-54.62455799999998
3500073598,Fátima do Sul,Serra geral,21.15,False,UNKNOWN,SIAGAS_MS_20260814,E04,-22.370232999999928,-54.33713099999994
3500073597,Deodápolis,Bauru,16.2,False,UNKNOWN,SIAGAS_MS_20260814,E04,-22.302705999999944,-54.094135999999935
3500073601,Batayporã,Bauru,11.0,False,UNKNOWN,SIAGAS_MS_20260814,E04,-22.459180999999944,-53.300280999999984
3500030619,Bonito,Cuiaba,18.0,False,UNKNOWN,SIAGAS_MS_20260814,E04,-21.132221999999956,-56.485555999999974
3500045653,Alcinópolis,Guarani,18.02,False,UNKNOWN,SIAGAS_MS_20260814,E04,-18.325832999999932,-53.698332999999934
3500073609,Iguatemi,Bauru,17.1,False,UNKNOWN,SIAGAS_MS_20260814,E04,-23.62910599999998,-54.63593099999997
3500073639,Jateí,Bauru,18.48,False,UNKNOWN,SIAGAS_MS_20260814,E04,-22.73711099999997,-53.92083299999996
3500073654,Dourados,Serra geral,20.05,False,UNKNOWN,SIAGAS_MS_20260814,E04,-22.26018899999997,-54.785702999999955
3500073655,Glória de Dourados,Bauru,23.89,False,UNKNOWN,SIAGAS_MS_20260814,E04,-22.380252999999982,-54.188260999999954
3500073663,Bandeirantes,Bauru,18.25,False,UNKNOWN,SIAGAS_MS_20260814,E04,-19.70724999999993,-54.33646699999997
3500073666,Jaraguari,Bauru,40.03,False,UNKNOWN,SIAGAS_MS_20260814,E04,-20.138074999999958,-54.310138999999936
3500073674,Ponta Porã,Serra geral,22.8,False,UNKNOWN,SIAGAS_MS_20260814,E04,-22.445055999999965,-55.52766699999995
3500073672,Dourados,Serra geral,10.34,False,UNKNOWN,SIAGAS_MS_20260814,E04,-22.24080299999997,-54.485157999999956
3500073685,Deodápolis,Serra geral,9.86,False,UNKNOWN,SIAGAS_MS_20260814,E04,-22.262613999999928,-54.20278099999996
3500073691,Itaquiraí,Bauru,22.5,False,UNKNOWN,SIAGAS_MS_20260814,E04,-23.493618999999967,-54.15401099999997
3500073699,Sidrolândia,Serra geral,19.04,False,UNKNOWN,SIAGAS_MS_20260814,E04,-21.031221999999957,-54.97578599999997
3500073704,Campo Grande,Bauru,34.3,False,UNKNOWN,SIAGAS_MS_20260814,E04,-20.462499999999977,-54.54666699999996
3500073764,Campo Grande,Bauru,31.03,False,UNKNOWN,SIAGAS_MS_20260814,E04,-20.435427999999945,-54.51969699999995
3500073780,Campo Grande,Bauru,44.68,False,UNKNOWN,SIAGAS_MS_20260814,E04,-20.45640599999996,-54.54306699999995
3500073796,Dourados,Serra geral,11.24,False,UNKNOWN,SIAGAS_MS_20260814,E04,-22.21171899999996,-54.84993899999995
3500073802,São Gabriel do Oeste,Serra geral,6.8,False,UNKNOWN,SIAGAS_MS_20260814,E04,-19.48994399999998,-54.57836099999997
3500073812,Sidrolândia,Serra geral,16.5,False,UNKNOWN,SIAGAS_MS_20260814,E04,-20.66782799999993,-55.11164699999995
3500073864,Sidrolândia,Serra geral,5.0,False,UNKNOWN,SIAGAS_MS_20260814,E04,-21.058302999999967,-54.98544399999997
3500073872,Dourados,Serra geral,17.27,False,UNKNOWN,SIAGAS_MS_20260814,E04,-22.235593999999935,-54.80048899999997
3500073875,Dourados,Serra geral,8.5,False,UNKNOWN,SIAGAS_MS_20260814,E04,-22.307943999999964,-54.63758299999995
3500073883,Jateí,Bauru,21.0,False,UNKNOWN,SIAGAS_MS_20260814,E04,-22.46307799999994,-54.34972799999997
3500073881,Glória de Dourados,Bauru,20.12,False,UNKNOWN,SIAGAS_MS_20260814,E04,-22.443888999999956,-54.294221999999934
3500073894,Sidrolândia,Serra geral,1.9,False,UNKNOWN,SIAGAS_MS_20260814,E04,-21.08755599999995,-54.930871999999965
3500073897,Nova Alvorada do Sul,Serra geral,11.7,False,UNKNOWN,SIAGAS_MS_20260814,E04,-21.453055999999947,-54.382068999999944
3500073919,Sidrolândia,Serra geral,21.0,False,UNKNOWN,SIAGAS_MS_20260814,E04,-20.754318999999953,-55.11514399999999
3500073929,Jateí,Bauru,24.63,False,UNKNOWN,SIAGAS_MS_20260814,E04,-22.50006099999996,-54.334457999999984
3500073933,Sete Quedas,Bauru,30.36,False,UNKNOWN,SIAGAS_MS_20260814,E04,-23.977432999999962,-55.03736699999996
3500073932,Mundo Novo,Bauru,21.15,False,UNKNOWN,SIAGAS_MS_20260814,E04,-23.90562799999998,-54.31475599999993
3500073947,Dourados,Serra geral,28.29,False,UNKNOWN,SIAGAS_MS_20260814,E04,-22.219077999999968,-54.726155999999946
3500073954,Glória de Dourados,Bauru,22.38,False,UNKNOWN,SIAGAS_MS_20260814,E04,-22.486785999999938,-54.12587199999996
3500073953,Itaporã,Serra geral,8.76,False,UNKNOWN,SIAGAS_MS_20260814,E04,-21.933138999999983,-54.81811099999993
3500072997,Brasilândia,Bauru,53.04,False,UNKNOWN,SIAGAS_MS_20260814,E04,-21.475855999999965,-52.16748299999995
3500072969,Ribas do Rio Pardo,Bauru,23.96,False,UNKNOWN,SIAGAS_MS_20260814,E04,-20.28605299999998,-53.11616699999996
3500072916,Rio Brilhante,Serra geral,13.95,False,UNKNOWN,SIAGAS_MS_20260814,E04,-21.50166699999994,-54.71166699999998
3500072865,Chapadão do Sul,Bauru,45.0,False,UNKNOWN,SIAGAS_MS_20260814,E04,-18.779721999999936,-52.64611099999996
3500072846,Ivinhema,Bauru,37.0,False,UNKNOWN,SIAGAS_MS_20260814,E04,-22.310643999999968,-53.82870799999995
3500072819,Costa Rica,Bauru,20.85,False,UNKNOWN,SIAGAS_MS_20260814,E04,-18.241943999999933,-53.22222199999993
3500072811,Três Lagoas,Bauru,29.6,False,UNKNOWN,SIAGAS_MS_20260814,E04,-20.63694399999997,-52.02361099999996
3500072787,Itaporã,Serra geral,21.1,False,UNKNOWN,SIAGAS_MS_20260814,E04,-21.904821999999967,-54.69937199999998
3500072734,Campo Grande,Serra geral,11.2,False,UNKNOWN,SIAGAS_MS_20260814,E04,-20.48946099999995,-54.74491399999994
3500072706,Nova Alvorada do Sul,Serra geral,15.5,False,UNKNOWN,SIAGAS_MS_20260814,E04,-21.326885999999945,-54.422755999999936
3500072678,Rio Brilhante,Serra geral,11.59,False,UNKNOWN,SIAGAS_MS_20260814,E04,-21.78595299999995,-54.52855299999993
3500072648,Rio Verde de Mato Grosso,Botucatu,80.04,False,UNKNOWN,SIAGAS_MS_20260814,E04,-19.148410999999953,-54.767371999999966
3500072604,Campo Grande,Serra geral,23.0,False,UNKNOWN,SIAGAS_MS_20260814,E04,-20.41485599999993,-54.63473299999998
3500072603,Terenos,Serra geral,33.2,False,UNKNOWN,SIAGAS_MS_20260814,E04,-20.408538999999962,-54.86645299999998
3500072578,Batayporã,Bauru,16.6,False,UNKNOWN,SIAGAS_MS_20260814,E04,-22.30160799999993,-53.33677499999993
3500072565,Mundo Novo,Bauru,45.3,False,UNKNOWN,SIAGAS_MS_20260814,E04,-23.885074999999972,-54.31729699999994
3500072557,Cassilândia,Serra geral,51.4,False,UNKNOWN,SIAGAS_MS_20260814,E04,-19.12131899999997,-51.722613999999965
3500072545,Naviraí,Bauru,23.0,False,UNKNOWN,SIAGAS_MS_20260814,E04,-22.99511099999995,-54.37291699999997
3500072534,Campo Grande,Serra geral,96.7,False,UNKNOWN,SIAGAS_MS_20260814,E04,-20.488568999999927,-54.74552199999994
3500072442,Dourados,Serra geral,16.65,False,UNKNOWN,SIAGAS_MS_20260814,E04,-22.257555999999965,-54.79988899999995
3500072359,Aparecida do Taboado,Serra geral,55.3,False,UNKNOWN,SIAGAS_MS_20260814,E04,-19.983971999999937,-51.258613999999966
3500072319,Itaporã,Serra geral,87.4,False,UNKNOWN,SIAGAS_MS_20260814,E04,-22.07929699999994,-54.74546399999997
3500072299,Rio Brilhante,Serra geral,6.5,False,UNKNOWN,SIAGAS_MS_20260814,E04,-21.809721999999965,-54.52138899999994
3500072277,Itaporã,Serra geral,68.25,False,UNKNOWN,SIAGAS_MS_20260814,E04,-22.11361899999997,-54.83964199999997
3500072243,Dourados,Serra geral,43.7,False,UNKNOWN,SIAGAS_MS_20260814,E04,-22.095282999999938,-54.69330299999996
3500072226,Campo Grande,Serra geral,105.5,False,UNKNOWN,SIAGAS_MS_20260814,E04,-20.459513999999956,-54.699280999999985
3500072189,Campo Grande,Serra geral,158.5,False,UNKNOWN,SIAGAS_MS_20260814,E04,-20.456788999999958,-54.60276099999999
3500072173,Três Lagoas,Bauru,26.5,False,UNKNOWN,SIAGAS_MS_20260814,E04,-20.79305599999998,-51.87583299999994
3500072169,Campo Grande,Serra geral,145.88,False,UNKNOWN,SIAGAS_MS_20260814,E04,-20.43024399999996,-54.66749999999996
3500072136,Itaporã,Serra geral,20.81,False,UNKNOWN,SIAGAS_MS_20260814,E04,-21.940916999999956,-54.73183299999994
3500072113,Maracaju,Botucatu,9.57,False,UNKNOWN,SIAGAS_MS_20260814,E04,-21.77103299999993,-54.961585999999954
3500072044,Caarapó,Serra geral,17.0,False,UNKNOWN,SIAGAS_MS_20260814,E04,-22.489999999999952,-54.86783099999997
3500071984,Campo Grande,Serra geral,139.0,False,UNKNOWN,SIAGAS_MS_20260814,E04,-20.51422199999996,-54.61536099999995
3500071954,Dourados,Botucatu,190.0,False,UNKNOWN,SIAGAS_MS_20260814,E04,-22.219785999999942,-54.81373599999995
3500071899,Caarapó,Botucatu,180.33,False,UNKNOWN,SIAGAS_MS_20260814,E04,-22.618513999999948,-54.69035299999996
3500073011,Itaquiraí,Bauru,14.37,False,UNKNOWN,SIAGAS_MS_20260814,E04,-23.518727999999953,-54.15490799999998
3500073026,Rochedo,Botucatu,30.5,False,UNKNOWN,SIAGAS_MS_20260814,E04,-19.961971999999946,-54.83137199999993
3500073057,Bataguassu,Bauru,58.5,False,UNKNOWN,SIAGAS_MS_20260814,E04,-21.74376099999995,-52.46791699999994
3500073048,Rio Negro,Furnas,55.47,False,UNKNOWN,SIAGAS_MS_20260814,E04,-19.417249999999967,-55.09086099999996
3500073046,Alcinópolis,Botucatu,13.61,False,UNKNOWN,SIAGAS_MS_20260814,E04,-18.439538999999968,-53.71216899999996
3500073068,Campo Grande,Bauru,72.0,False,UNKNOWN,SIAGAS_MS_20260814,E04,-20.434443999999928,-54.50472199999996
3500073067,Sidrolândia,Bauru,18.1,False,UNKNOWN,SIAGAS_MS_20260814,E04,-21.161960999999962,-55.01783899999998
3500073105,Campo Grande,Serra geral,37.46,False,UNKNOWN,SIAGAS_MS_20260814,E04,-20.67663299999998,-54.55771099999998
3500073097,Batayporã,Bauru,79.0,False,UNKNOWN,SIAGAS_MS_20260814,E04,-22.364485999999943,-53.222943999999984
3500073089,Brasilândia,Bauru,31.0,False,UNKNOWN,SIAGAS_MS_20260814,E04,-21.261185999999952,-52.05132499999996
3500073122,Itaquiraí,Bauru,33.84,False,UNKNOWN,SIAGAS_MS_20260814,E04,-23.472421999999938,-54.216699999999946
3500073118,Campo Grande,Serra geral,21.8,False,UNKNOWN,SIAGAS_MS_20260814,E04,-20.488763999999946,-54.74925799999994
3500073107,Campo Grande,Serra geral,31.6,False,UNKNOWN,SIAGAS_MS_20260814,E04,-20.451449999999966,-54.609418999999946
3500073134,Campo Grande,Serra geral,18.19,False,UNKNOWN,SIAGAS_MS_20260814,E04,-20.426232999999968,-54.58103599999998
3500073158,Taquarussu,Bauru,3.0,False,UNKNOWN,SIAGAS_MS_20260814,E04,-22.58583299999998,-53.41194399999995
3500073157,Inocência,Bauru,36.59,False,UNKNOWN,SIAGAS_MS_20260814,E04,-19.754827999999975,-51.91066099999995
3500073154,Itaquiraí,Bauru,38.1,False,UNKNOWN,SIAGAS_MS_20260814,E04,-23.472788999999977,-54.215907999999956
3500073146,Campo Grande,Serra geral,4.85,False,UNKNOWN,SIAGAS_MS_20260814,E04,-20.519177999999954,-54.652916999999945
3500073173,Sidrolândia,Serra geral,19.0,False,UNKNOWN,SIAGAS_MS_20260814,E04,-21.06652799999995,-54.99281399999995
3500073172,Campo Grande,Serra geral,43.8,False,UNKNOWN,SIAGAS_MS_20260814,E04,-20.453610999999967,-54.52555599999994
3500073168,Laguna Carapã,Serra geral,18.62,False,UNKNOWN,SIAGAS_MS_20260814,E04,-22.43776699999995,-55.103110999999956
3500073190,Campo Grande,Serra geral,7.84,False,UNKNOWN,SIAGAS_MS_20260814,E04,-20.501871999999935,-54.61203899999998
3500073206,Campo Grande,Serra geral,13.0,False,UNKNOWN,SIAGAS_MS_20260814,E04,-20.49407199999996,-54.57821899999993
3500073223,Água Clara,Bauru,14.7,False,UNKNOWN,SIAGAS_MS_20260814,E04,-20.44972199999995,-52.84472199999993
3500073217,Chapadão do Sul,Bauru,41.5,False,UNKNOWN,SIAGAS_MS_20260814,E04,-18.708096999999952,-52.71148599999998
3500073261,Campo Grande,Serra geral,8.33,False,UNKNOWN,SIAGAS_MS_20260814,E04,-20.439366999999947,-54.57350599999995
3500073278,Rio Brilhante,Serra geral,75.66,False,UNKNOWN,SIAGAS_MS_20260814,E04,-21.73444399999994,-54.50472199999996
3500073276,Brasilândia,Bauru,32.0,False,UNKNOWN,SIAGAS_MS_20260814,E04,-21.472999999999956,-52.152360999999985
3500073309,Rio Verde de Mato Grosso,Furnas,8.0,False,UNKNOWN,SIAGAS_MS_20260814,E04,-18.888863999999955,-54.83544399999994
3500073307,Costa Rica,Bauru,23.0,False,UNKNOWN,SIAGAS_MS_20260814,E04,-18.259702999999945,-53.177457999999945
3500073349,Camapuã,Bauru,67.5,False,UNKNOWN,SIAGAS_MS_20260814,E04,-19.055155999999954,-53.42187499999994
3500073376,Paranaíba,Bauru,20.0,False,UNKNOWN,SIAGAS_MS_20260814,E04,-19.700268999999935,-51.167055999999945
3500073373,Chapadão do Sul,Bauru,54.5,False,UNKNOWN,SIAGAS_MS_20260814,E04,-18.800193999999976,-52.60949999999997
3500073371,Itaquiraí,Bauru,5.63,False,UNKNOWN,SIAGAS_MS_20260814,E04,-23.497041999999965,-54.09425599999997
3500073368,Ivinhema,Bauru,14.0,False,UNKNOWN,SIAGAS_MS_20260814,E04,-22.305168999999978,-53.824855999999954
3500045171,Campo Grande,Serra geral,21.0,False,UNKNOWN,SIAGAS_MS_20260814,E04,-20.496666999999945,-54.64999999999998
3500073414,Sidrolândia,Serra geral,31.5,False,UNKNOWN,SIAGAS_MS_20260814,E04,-20.784971999999982,-54.72131699999994
3500073410,São Gabriel do Oeste,Botucatu,38.0,False,UNKNOWN,SIAGAS_MS_20260814,E04,-19.436943999999983,-54.559443999999985
3500073422,Sidrolândia,Botucatu,2.5700000000000003,False,UNKNOWN,SIAGAS_MS_20260814,E04,-20.913971999999944,-54.955555999999945
3500073416,Itaporã,Serra geral,5.62,False,UNKNOWN,SIAGAS_MS_20260814,E04,-21.956649999999968,-54.79959999999994
3500073443,Campo Grande,Serra geral,16.0,False,UNKNOWN,SIAGAS_MS_20260814,E04,-20.460002999999972,-54.63431399999996
3500073440,Jateí,Serra geral,28.0,False,UNKNOWN,SIAGAS_MS_20260814,E04,-22.477082999999936,-54.27386699999994
3500073438,Eldorado,Serra geral,33.6,False,UNKNOWN,SIAGAS_MS_20260814,E04,-23.78527799999995,-54.298888999999974
3500073437,Nova Andradina,Bauru,14.0,False,UNKNOWN,SIAGAS_MS_20260814,E04,-22.07878299999993,-53.45487799999995
3500073464,Glória de Dourados,Beberibe,35.75,False,UNKNOWN,SIAGAS_MS_20260814,E04,-22.467360999999983,-54.17052799999993
3500073470,Paranaíba,Bauru,44.91,False,UNKNOWN,SIAGAS_MS_20260814,E04,-19.48874399999994,-51.03897499999994
3500073474,Angélica,Serra geral,23.0,False,UNKNOWN,SIAGAS_MS_20260814,E04,-21.996868999999947,-54.071155999999974
3500073513,Bandeirantes,Serra geral,43.0,False,UNKNOWN,SIAGAS_MS_20260814,E04,-19.922263999999927,-54.35514999999998
3500073517,Dourados,Serra geral,7.5,False,UNKNOWN,SIAGAS_MS_20260814,E04,-22.22392199999996,-54.77093099999996
3500073545,Itaquiraí,Bauru,23.0,False,UNKNOWN,SIAGAS_MS_20260814,E04,-23.516971999999953,-54.09024999999997
3500073550,Glória de Dourados,Bauru,26.0,False,UNKNOWN,SIAGAS_MS_20260814,E04,-22.52402799999993,-54.11722199999997
3500073557,Camapuã,Bauru,28.0,False,UNKNOWN,SIAGAS_MS_20260814,E04,-19.38650599999994,-53.63950799999998
3500045650,Rio Brilhante,Serra geral,15.0,False,UNKNOWN,SIAGAS_MS_20260814,E04,-21.868055999999967,-54.269443999999964
3500023247,Camapuã,Guarani,0.0,True,UNKNOWN,SIAGAS_MS_20260814,E04,-19.533887999999934,-54.04138799999998
3500023345,Jardim,Guarani,5.0,False,UNKNOWN,SIAGAS_MS_20260814,E04,-21.490554999999972,-56.145554999999945
3500045654,Rio Verde de Mato Grosso,Furnas,6.0,False,UNKNOWN,SIAGAS_MS_20260814,E04,-18.926388999999972,-54.85777799999994
3500073086,Taquarussu,,6.0,False,UNKNOWN,SIAGAS_MS_20260814,E04,-22.563943999999935,-53.394027999999935
3500072489,Camapuã,,20.5,False,UNKNOWN,SIAGAS_MS_20260814,E04,-19.524832999999944,-54.043443999999965
3500045669,Sidrolândia,,18.0,False,UNKNOWN,SIAGAS_MS_20260814,E04,-20.89416699999998,-54.925277999999935
3500073115,Corumbá,,41.71,False,UNKNOWN,SIAGAS_MS_20260814,E04,-19.291691999999955,-57.583230999999955
3500072693,Miranda,,22.0,False,UNKNOWN,SIAGAS_MS_20260814,E04,-20.02243599999997,-56.80494399999998
3500073145,Aquidauana,,11.7,False,UNKNOWN,SIAGAS_MS_20260814,E04,-20.485060999999973,-55.636485999999934
3500072869,Coxim,,25.02,False,UNKNOWN,SIAGAS_MS_20260814,E04,-18.528877999999963,-54.66701399999994
3500072144,Aparecida do Taboado,,80.73,False,UNKNOWN,SIAGAS_MS_20260814,E04,-19.913055999999926,-51.04638899999998
3500073839,Batayporã,,12.0,False,UNKNOWN,SIAGAS_MS_20260814,E04,-22.285630999999967,-53.28311099999996
3500073902,Corguinho,,16.79,False,UNKNOWN,SIAGAS_MS_20260814,E04,-19.81039999999996,-54.84921699999995
3500073568,Bonito,,39.0,False,UNKNOWN,SIAGAS_MS_20260814,E04,-21.11326699999995,-56.517785999999944
3500053078,Angélica,Guarani,13.55,False,UNKNOWN,SIAGAS_MS_20260814,E04,-22.049999999999955,-53.84361099999995
3500027163,Rio Brilhante,Guarani,0.0,True,UNKNOWN,SIAGAS_MS_20260814,E04,-21.789166999999964,-54.55611099999999
3500045604,Caarapó,Serra geral,27.35,False,UNKNOWN,SIAGAS_MS_20260814,E04,-22.610832999999957,-54.684999999999945
3500022813,Sidrolândia,Guarani,80.0,False,UNKNOWN,SIAGAS_MS_20260814,E04,-20.938054999999963,-54.95944399999996
3500022566,Costa Rica,Guarani,29.0,False,UNKNOWN,SIAGAS_MS_20260814,E04,-18.531665999999973,-53.14194399999997
3500022875,Rio Brilhante,Guarani,10.15,False,UNKNOWN,SIAGAS_MS_20260814,E04,-21.789721999999927,-54.55694399999999
3500065110,Terenos,Guarani,16.0,False,UNKNOWN,SIAGAS_MS_20260814,E04,-20.33611099999996,-54.90611099999995
3500071761,Itaquiraí,Bauru_Caiua,21.0,False,UNKNOWN,SIAGAS_MS_20260814,E04,-23.585027999999966,-54.19680599999998
3500071748,Paranhos,Bauru_Caiua,38.0,False,UNKNOWN,SIAGAS_MS_20260814,E04,-23.848021999999958,-55.38273099999998
3500071726,Amambai,Serra geral,3.35,False,UNKNOWN,SIAGAS_MS_20260814,E04,-23.03197199999994,-55.17544399999997
3500071714,Sidrolândia,Serra geral,5.0,False,UNKNOWN,SIAGAS_MS_20260814,E04,-21.030652999999973,-54.97604699999994
3500071428,Campo Grande,Serra geral,11.55,False,UNKNOWN,SIAGAS_MS_20260814,E04,-20.387571999999977,-54.60491699999994
3500071366,Campo Grande,Serra geral,32.0,False,UNKNOWN,SIAGAS_MS_20260814,E04,-20.46774199999993,-54.51614399999994
3500071256,Itaporã,Serra geral,12.65,False,UNKNOWN,SIAGAS_MS_20260814,E04,-22.08043299999997,-54.77935599999995
3500071197,Mundo Novo,Bauru_Caiua,32.25,False,UNKNOWN,SIAGAS_MS_20260814,E04,-23.92314699999997,-54.28731899999997
3500071122,Campo Grande,Guarani,92.0,False,UNKNOWN,SIAGAS_MS_20260814,E04,-20.53773099999995,-54.603763999999956
3500071070,Sidrolândia,Serra geral,46.0,False,UNKNOWN,SIAGAS_MS_20260814,E04,-21.163141999999937,-55.10129999999998
3500070977,Campo Grande,Serra geral,11.41,False,UNKNOWN,SIAGAS_MS_20260814,E04,-20.533335999999963,-54.56386699999996
3500070928,Campo Grande,Serra geral,26.0,False,UNKNOWN,SIAGAS_MS_20260814,E04,-20.47958099999994,-54.75832499999996
3500070831,Paranaíba,Guarani,13.9,False,UNKNOWN,SIAGAS_MS_20260814,E04,-19.188766999999928,-51.40601699999996
3500070792,Campo Grande,Serra geral,10.0,False,UNKNOWN,SIAGAS_MS_20260814,E04,-20.48529199999996,-54.61632799999995
3500070783,Dourados,Serra geral,7.37,False,UNKNOWN,SIAGAS_MS_20260814,E04,-22.225638999999944,-54.79633299999995
3500070688,Campo Grande,Serra geral,17.39,False,UNKNOWN,SIAGAS_MS_20260814,E04,-20.443749999999966,-54.580727999999965
3500070454,Terenos,Serra geral,18.14,False,UNKNOWN,SIAGAS_MS_20260814,E04,-20.44390599999997,-54.77731699999998
3500069585,Glória de Dourados,Bauru_Caiua,8.81,False,UNKNOWN,SIAGAS_MS_20260814,E04,-22.459738999999956,-54.29544699999997
3500069479,Glória de Dourados,Bauru_Caiua,21.39,False,UNKNOWN,SIAGAS_MS_20260814,E04,-22.47738899999996,-54.14866699999993
3500023020,Três Lagoas,Bauru,7.8,False,UNKNOWN,SIAGAS_MS_20260814,E04,-20.791943999999944,-51.716110999999955
3500071701,Dois Irmãos do Buriti,,20.42,False,UNKNOWN,SIAGAS_MS_20260814,E04,-20.65701699999994,-55.25977199999994
3500023163,Antônio João,,3.3,False,UNKNOWN,SIAGAS_MS_20260814,E04,-22.195832999999936,-55.94222199999996
3500045636,Campo Grande,,17.0,False,UNKNOWN,SIAGAS_MS_20260814,E04,-20.427777999999932,-54.571666999999934
3500023187,Aquidauana,,2.96,False,UNKNOWN,SIAGAS_MS_20260814,E04,-20.46166599999998,-55.791665999999964
3500071750,Chapadão do Sul,,25.32,False,UNKNOWN,SIAGAS_MS_20260814,E04,-19.07679399999995,-52.860018999999966
3500023173,Angélica,,32.5,False,UNKNOWN,SIAGAS_MS_20260814,E04,-22.165832999999964,-53.78166599999997
3500045701,Ladário,,25.0,False,UNKNOWN,SIAGAS_MS_20260814,E04,-19.093332999999973,-57.62444399999998
3500027144,Dourados,Serra geral,108.8,False,UNKNOWN,SIAGAS_MS_20260814,E04,-22.212499999999977,-54.778055999999935
3500045673,Ivinhema,Caiua,20.0,False,UNKNOWN,SIAGAS_MS_20260814,E04,-22.41138899999993,-53.57638899999995
3500045708,Três Lagoas,Bauru,53.64,False,UNKNOWN,SIAGAS_MS_20260814,E04,-20.998055999999963,-51.82583299999993
3500065034,Campo Grande,Serra geral,4.34,False,UNKNOWN,SIAGAS_MS_20260814,E04,-20.550277999999935,-54.67027799999994
3500065041,Campo Grande,Serra geral,15.0,False,UNKNOWN,SIAGAS_MS_20260814,E04,-20.456388999999945,-54.62749999999994
3500065050,Campo Grande,Serra geral,21.0,False,UNKNOWN,SIAGAS_MS_20260814,E04,-20.521943999999962,-54.62361099999998
3500065051,Campo Grande,Serra geral,37.35,False,UNKNOWN,SIAGAS_MS_20260814,E04,-20.48055599999998,-54.75361099999998
3500065080,Três Lagoas,Serra geral,10.85,False,UNKNOWN,SIAGAS_MS_20260814,E04,-20.99333299999995,-51.79166699999996
3500065088,Corguinho,Guarani,17.6,False,UNKNOWN,SIAGAS_MS_20260814,E04,-19.72888899999998,-54.73694399999994
3500065125,São Gabriel do Oeste,Serra geral,10.0,False,UNKNOWN,SIAGAS_MS_20260814,E04,-19.401943999999958,-54.57611099999997
3500065004,Antônio João,Serra geral,3.3,False,UNKNOWN,SIAGAS_MS_20260814,E04,-22.198332999999934,-55.94805599999995
3500065008,Aparecida do Taboado,Caiua,1.0,False,UNKNOWN,SIAGAS_MS_20260814,E04,-20.065277999999978,-51.10999999999996
3500065011,Bataguassu,Bauru,6.0,False,UNKNOWN,SIAGAS_MS_20260814,E04,-21.72361099999995,-52.264166999999986
3500065012,Bataguassu,Bauru,44.65,False,UNKNOWN,SIAGAS_MS_20260814,E04,-21.717777999999953,-52.41638899999998
3500065020,Bonito,Cuiaba,6.6,False,UNKNOWN,SIAGAS_MS_20260814,E04,-21.121943999999928,-56.49499999999995
3500034020,Inocência,Bauru,17.67,False,UNKNOWN,SIAGAS_MS_20260814,E04,-19.738332999999955,-51.933055999999965
3500065033,Campo Grande,Serra geral,9.0,False,UNKNOWN,SIAGAS_MS_20260814,E04,-20.466110999999955,-54.716110999999955
3500068740,Ribas do Rio Pardo,Bauru,15.97,False,UNKNOWN,SIAGAS_MS_20260814,E04,-21.02227799999997,-53.53642499999995
3500071745,Rochedo,Guarani,27.0,False,UNKNOWN,SIAGAS_MS_20260814,E04,-20.06013299999995,-54.79938899999996
3500071666,Paranhos,Bauru_Caiua,18.59,False,UNKNOWN,SIAGAS_MS_20260814,E04,-23.920135999999957,-55.423235999999974
3500071512,Batayporã,Bauru_Caiua,11.82,False,UNKNOWN,SIAGAS_MS_20260814,E04,-22.314243999999974,-53.27861399999995
3500071431,Três Lagoas,Cobertura cenozoica,11.06,False,UNKNOWN,SIAGAS_MS_20260814,E04,-20.770438999999953,-51.722305999999946
3500071251,Amambai,Bauru_Caiua,2.9,False,UNKNOWN,SIAGAS_MS_20260814,E04,-23.089443999999958,-55.238332999999955
3500070841,Campo Grande,Serra geral,20.0,False,UNKNOWN,SIAGAS_MS_20260814,E04,-20.416110999999944,-54.581943999999964
3500070522,Itaporã,Guarani,0.55,False,UNKNOWN,SIAGAS_MS_20260814,E04,-21.95663899999994,-54.703971999999965
3500070511,Costa Rica,Bauru_Caiua,14.85,False,UNKNOWN,SIAGAS_MS_20260814,E04,-18.53036099999997,-53.14489999999995
3500022652,Bodoquena,Rocha sedimentar,3.7800000000000002,False,UNKNOWN,SIAGAS_MS_20260814,E04,-20.55499999999995,-56.67277699999994
3500026941,Nova Andradina,Serra geral,28.0,False,UNKNOWN,SIAGAS_MS_20260814,E04,-22.286666999999966,-53.37749999999994
3500026947,Rio Brilhante,Caiua,21.0,False,UNKNOWN,SIAGAS_MS_20260814,E04,-21.84611099999995,-54.60888899999998
3500026966,Nova Andradina,Caiua,18.0,False,UNKNOWN,SIAGAS_MS_20260814,E04,-22.07749999999993,-53.45861099999996
3500026998,Ladário,Rocha cristalina,21.0,False,UNKNOWN,SIAGAS_MS_20260814,E04,-19.175832999999955,-57.63944399999997
3500027018,Nova Alvorada do Sul,Serra geral,13.0,False,UNKNOWN,SIAGAS_MS_20260814,E04,-21.45138899999995,-54.37888899999996
3500027024,Campo Grande,Caiua,11.0,False,UNKNOWN,SIAGAS_MS_20260814,E04,-20.503055999999958,-54.568610999999976
3500027095,Fátima do Sul,Serra geral,14.1,False,UNKNOWN,SIAGAS_MS_20260814,E04,-22.32472199999995,-54.34777799999995
3500027106,Caarapó,Serra geral,19.0,False,UNKNOWN,SIAGAS_MS_20260814,E04,-22.516388999999947,-54.913610999999946
3500027209,Antônio João,Serra geral,4.5,False,UNKNOWN,SIAGAS_MS_20260814,E04,-22.19249999999994,-55.957221999999945
3500027292,Glória de Dourados,Serra geral,20.0,False,UNKNOWN,SIAGAS_MS_20260814,E04,-22.41222199999993,-54.202499999999986
3500027299,Rio Brilhante,Serra geral,15.0,False,UNKNOWN,SIAGAS_MS_20260814,E04,-21.809443999999928,-54.53611099999995
3500027315,Novo Horizonte do Sul,Guará,20.0,False,UNKNOWN,SIAGAS_MS_20260814,E04,-22.641666999999927,-53.881388999999956
3500045166,Campo Grande,Serra geral,19.0,False,UNKNOWN,SIAGAS_MS_20260814,E04,-20.44916699999993,-54.59694399999995
3500045218,Ladário,Não definido,19.0,False,UNKNOWN,SIAGAS_MS_20260814,E04,-19.177777999999932,-57.63749999999993
3500053088,Miranda,Rocha sedimentar,9.0,False,UNKNOWN,SIAGAS_MS_20260814,E04,-19.962777999999958,-56.35861099999994
3500023189,Aquidauana,Aquidauana,1.0,False,UNKNOWN,SIAGAS_MS_20260814,E04,-20.459443999999962,-55.79055499999998
3500023383,Taquarussu,Bauru,7.0,False,UNKNOWN,SIAGAS_MS_20260814,E04,-22.486110999999937,-53.35805499999998
3500027259,Caarapó,Serra geral,8.0,False,UNKNOWN,SIAGAS_MS_20260814,E04,-22.494721999999967,-54.756666999999936
3500023243,Camapuã,Guarani,30.0,False,UNKNOWN,SIAGAS_MS_20260814,E04,-19.55638799999997,-54.039165999999966
3500023296,Três Lagoas,Caiua,15.0,False,UNKNOWN,SIAGAS_MS_20260814,E04,-20.79249999999996,-51.730276999999944
3500023328,Chapadão do Sul,Bauru,49.28,False,UNKNOWN,SIAGAS_MS_20260814,E04,-18.803887999999972,-52.61166599999996
3500023359,Iguatemi,Caiua,10.0,False,UNKNOWN,SIAGAS_MS_20260814,E04,-23.666943999999944,-54.56611099999998
3500030624,São Gabriel do Oeste,Guarani,19.0,False,UNKNOWN,SIAGAS_MS_20260814,E04,-19.41055599999993,-54.579999999999984
3500030625,São Gabriel do Oeste,Serra geral,3.5,False,UNKNOWN,SIAGAS_MS_20260814,E04,-19.391666999999927,-54.571666999999934
3500030627,São Gabriel do Oeste,Serra geral,7.0,False,UNKNOWN,SIAGAS_MS_20260814,E04,-19.446943999999974,-54.52611099999996
3500030631,São Gabriel do Oeste,Serra geral,3.0,False,UNKNOWN,SIAGAS_MS_20260814,E04,-19.392499999999927,-54.604443999999944
3500023253,Camapuã,Guarani,25.9,False,UNKNOWN,SIAGAS_MS_20260814,E04,-19.526943999999958,-54.041110999999944
3500073724,Dourados,Serra geral,10.0,False,UNKNOWN,SIAGAS_MS_20260814,E04,-22.123999999999967,-54.59341699999993
3500073851,Sidrolândia,Serra geral,6.0,False,UNKNOWN,SIAGAS_MS_20260814,E04,-21.098441999999977,-54.92592799999994
3500073847,Sidrolândia,Serra geral,6.0,False,UNKNOWN,SIAGAS_MS_20260814,E04,-20.89978599999995,-54.949030999999934
3500072783,Nova Alvorada do Sul,Serra geral,6.0,False,UNKNOWN,SIAGAS_MS_20260814,E04,-21.241843999999958,-54.34568299999995
3500072637,Bataguassu,Bauru,57.3,False,UNKNOWN,SIAGAS_MS_20260814,E04,-21.74701099999993,-52.474741999999935
3500072634,Glória de Dourados,Serra geral,18.0,False,UNKNOWN,SIAGAS_MS_20260814,E04,-22.408566999999948,-54.218282999999985
3500072413,Fátima do Sul,Serra geral,6.0,False,UNKNOWN,SIAGAS_MS_20260814,E04,-22.355043999999964,-54.62806899999998
3500072336,Campo Grande,Serra geral,5.13,False,UNKNOWN,SIAGAS_MS_20260814,E04,-20.465893999999935,-54.62195299999996
3500072232,Dourados,Serra geral,8.0,False,UNKNOWN,SIAGAS_MS_20260814,E04,-22.124188999999944,-54.59306399999997
3500072005,Campo Grande,Botucatu,124.0,False,UNKNOWN,SIAGAS_MS_20260814,E04,-20.476388999999926,-54.666943999999944
3500073095,Vicentina,Serra geral,16.0,False,UNKNOWN,SIAGAS_MS_20260814,E04,-22.359802999999943,-54.41433099999995
3500073198,Jateí,Bauru,21.58,False,UNKNOWN,SIAGAS_MS_20260814,E04,-22.529249999999934,-54.15999199999993
3500073242,Itaporã,Serra geral,1.15,False,UNKNOWN,SIAGAS_MS_20260814,E04,-22.057399999999973,-54.78957499999996
3500073506,Sidrolândia,Serra geral,6.5,False,UNKNOWN,SIAGAS_MS_20260814,E04,-21.20745599999998,-55.019830999999954
3500073540,Três Lagoas,Bauru,19.96,False,UNKNOWN,SIAGAS_MS_20260814,E04,-20.76675599999993,-51.67955299999994
3500022739,Ponta Porã,Serra geral,4.0,False,UNKNOWN,SIAGAS_MS_20260814,E04,-22.56583299999994,-55.685276999999985
3500023035,Juti,Serra geral,7.0,False,UNKNOWN,SIAGAS_MS_20260814,E04,-22.859999999999957,-54.63055499999996
3500023052,Bonito,Cuiaba,6.0,False,UNKNOWN,SIAGAS_MS_20260814,E04,-21.08888799999994,-56.443610999999976
3500023076,Bonito,Cuiaba,12.0,False,UNKNOWN,SIAGAS_MS_20260814,E04,-21.113332999999955,-56.476110999999946
3500023077,Bonito,Cuiaba,16.0,False,UNKNOWN,SIAGAS_MS_20260814,E04,-21.122499999999945,-56.49416599999995
3500067714,Aral Moreira,Serra geral,4.15,False,UNKNOWN,SIAGAS_MS_20260814,E04,-23.058888999999965,-55.43138899999997
3500023392,Nova Andradina,Caiua,76.0,False,UNKNOWN,SIAGAS_MS_20260814,E04,-21.811943999999983,-53.12944399999998
3500022982,Paranaíba,Serra geral,22.0,False,UNKNOWN,SIAGAS_MS_20260814,E04,-19.675554999999974,-51.197499999999934
3500067717,Costa Rica,Serra geral,110.2,False,UNKNOWN,SIAGAS_MS_20260814,E04,-18.53305599999993,-53.14555599999994
3500067715,Costa Rica,,26.0,False,UNKNOWN,SIAGAS_MS_20260814,E04,-18.522221999999942,-53.153610999999955
3500072459,Jardim,,5.08,False,UNKNOWN,SIAGAS_MS_20260814,E04,-21.486699999999928,-56.15160599999996
3500045664,Batayporã,,50.0,False,UNKNOWN,SIAGAS_MS_20260814,E04,-22.28361099999995,-53.28333299999997
3500030643,Bandeirantes,,5.1,False,UNKNOWN,SIAGAS_MS_20260814,E04,-19.91722199999998,-54.353332999999964
3500067320,Paraíso das Águas,,84.0,False,UNKNOWN,SIAGAS_MS_20260814,E04,-18.88722199999995,-53.00444399999998
3500023260,Rio Brilhante,Guarani,0.0,True,UNKNOWN,SIAGAS_MS_20260814,E04,-21.789443999999946,-54.55583299999995
3500023380,Jateí,Serra geral,0.0,True,UNKNOWN,SIAGAS_MS_20260814,E04,-22.48111099999994,-54.30472199999997
3500022823,Terenos,Guarani,5.0,False,UNKNOWN,SIAGAS_MS_20260814,E04,-20.434999999999945,-54.86722199999997
3500022851,Itaporã,Guarani,5.8,False,UNKNOWN,SIAGAS_MS_20260814,E04,-22.081943999999964,-54.787499999999966
3500022805,Sidrolândia,Guarani,11.52,False,UNKNOWN,SIAGAS_MS_20260814,E04,-20.750276999999983,-55.11722199999997
3500065094,Bela Vista,Guarani,98.0,False,UNKNOWN,SIAGAS_MS_20260814,E04,-21.770832999999982,-56.29305599999998
3500071762,Sidrolândia,Serra geral,9.5,False,UNKNOWN,SIAGAS_MS_20260814,E04,-21.24449999999996,-55.03939399999996
3500023204,Dois Irmãos do Buriti,Aquidauana,17.5,False,UNKNOWN,SIAGAS_MS_20260814,E04,-20.716110999999955,-55.46055499999994
3500022570,Inocência,Serra geral,54.0,False,UNKNOWN,SIAGAS_MS_20260814,E04,-19.727776999999946,-51.92972199999997
3500022574,Três Lagoas,Bauru,12.0,False,UNKNOWN,SIAGAS_MS_20260814,E04,-20.78694399999995,-51.70388799999995
3500022618,Dourados,Guarani,6.0,False,UNKNOWN,SIAGAS_MS_20260814,E04,-22.080832999999927,-55.32527699999997
3500022636,Aparecida do Taboado,Serra geral,0.5,False,UNKNOWN,SIAGAS_MS_20260814,E04,-20.06583299999994,-51.11027699999994
3500022657,Campo Grande,Serra geral,5.0,False,UNKNOWN,SIAGAS_MS_20260814,E04,-20.44416599999994,-54.55527699999993
3500022666,Guia Lopes da Laguna,Aquidauana,3.27,False,UNKNOWN,SIAGAS_MS_20260814,E04,-21.463332999999977,-56.11972199999997
3500022857,Maracaju,Guarani,27.0,False,UNKNOWN,SIAGAS_MS_20260814,E04,-21.62611099999998,-55.15805499999993
3500022887,Campo Grande,Guarani,37.5,False,UNKNOWN,SIAGAS_MS_20260814,E04,-20.499999999999943,-54.654721999999936
3500022920,Campo Grande,Guarani,18.0,False,UNKNOWN,SIAGAS_MS_20260814,E04,-20.466943999999955,-54.56888799999996
3500022937,Angélica,Serra geral,37.0,False,UNKNOWN,SIAGAS_MS_20260814,E04,-22.144721999999945,-53.767499999999984
3500022952,Campo Grande,Serra geral,28.1,False,UNKNOWN,SIAGAS_MS_20260814,E04,-20.402499999999975,-54.572221999999954
3500022960,Água Clara,Serra geral,12.0,False,UNKNOWN,SIAGAS_MS_20260814,E04,-20.446387999999956,-52.87138799999997
3500022969,Água Clara,Serra geral,21.0,False,UNKNOWN,SIAGAS_MS_20260814,E04,-20.446387999999956,-52.872221999999965
3500023007,Rio Verde de Mato Grosso,Furnas,32.0,False,UNKNOWN,SIAGAS_MS_20260814,E04,-18.914999999999964,-54.84694399999995
3500023099,Ribas do Rio Pardo,Serra geral,0.0,True,UNKNOWN,SIAGAS_MS_20260814,E04,-20.42111099999994,-53.872499999999945
3500023102,São Gabriel do Oeste,Guarani,17.0,False,UNKNOWN,SIAGAS_MS_20260814,E04,-19.383332999999936,-54.57472199999995
3500027135,Pedro Gomes,Furnas,0.0,True,UNKNOWN,SIAGAS_MS_20260814,E04,-18.114721999999972,-54.550277999999935
3500023172,Angélica,,13.0,False,UNKNOWN,SIAGAS_MS_20260814,E04,-22.15916599999997,-53.771387999999945
3500023008,Rio Verde de Mato Grosso,,5.0,False,UNKNOWN,SIAGAS_MS_20260814,E04,-18.92194399999994,-54.84777699999995
3500023365,Itaquiraí,,14.0,False,UNKNOWN,SIAGAS_MS_20260814,E04,-23.488887999999974,-54.165832999999964
3500045632,Dourados,,40.0,False,UNKNOWN,SIAGAS_MS_20260814,E04,-22.35527799999994,-54.83416699999998
3500027124,Ribas do Rio Pardo,Serra geral,3.7,False,UNKNOWN,SIAGAS_MS_20260814,E04,-20.440277999999978,-53.76722199999995
3500022927,Campo Grande,Guarani,194.0,False,UNKNOWN,SIAGAS_MS_20260814,E04,-20.41888799999998,-54.639999999999986
3500065108,Campo Grande,Guarani,170.0,False,UNKNOWN,SIAGAS_MS_20260814,E04,-20.42194399999994,-54.64694399999996
3500027166,Coxim,Furnas,21.4,False,UNKNOWN,SIAGAS_MS_20260814,E04,-18.55611099999993,-54.630555999999956
3500045329,Campo Grande,Serra geral,1.0,False,UNKNOWN,SIAGAS_MS_20260814,E04,-20.47111099999995,-54.550832999999955
3500023159,Aral Moreira,Serra geral,4.57,False,UNKNOWN,SIAGAS_MS_20260814,E04,-23.023887999999943,-55.58611099999996
3500027280,Chapadão do Sul,Não definido,38.0,False,UNKNOWN,SIAGAS_MS_20260814,E04,-18.813332999999943,-52.61999999999995
3500023351,Paranhos,Bauru,19.5,False,UNKNOWN,SIAGAS_MS_20260814,E04,-23.88999999999993,-55.426387999999974
3500023369,Caarapó,Serra geral,10.9,False,UNKNOWN,SIAGAS_MS_20260814,E04,-22.631943999999976,-54.82111099999997
3500023370,Caarapó,Serra geral,18.0,False,UNKNOWN,SIAGAS_MS_20260814,E04,-22.642499999999927,-54.82361099999997
3500023388,Paranaíba,Guarani,0.0,True,UNKNOWN,SIAGAS_MS_20260814,E04,-19.184721999999965,-51.40833299999997
3500023168,Angélica,Bauru,24.6,False,UNKNOWN,SIAGAS_MS_20260814,E04,-22.165832999999964,-53.77694399999996
3500023209,Terenos,Guarani,27.0,False,UNKNOWN,SIAGAS_MS_20260814,E04,-20.644443999999964,-55.05388799999997
3500023232,São Gabriel do Oeste,Guarani,23.5,False,UNKNOWN,SIAGAS_MS_20260814,E04,-19.110554999999977,-54.636387999999954
3500023323,Paranaíba,Bauru,11.2,False,UNKNOWN,SIAGAS_MS_20260814,E04,-19.699165999999934,-51.17027699999994
3500023394,Campo Grande,Guarani,194.0,False,UNKNOWN,SIAGAS_MS_20260814,E04,-20.41888799999998,-54.64027699999997
3500023354,Sete Quedas,Serra geral,120.0,False,UNKNOWN,SIAGAS_MS_20260814,E04,-23.97361099999995,-55.03416599999997
3500027267,Nova Andradina,Caiua,38.0,False,UNKNOWN,SIAGAS_MS_20260814,E04,-22.256388999999956,-53.362221999999974
3500022822,Terenos,Serra geral,9.05,False,UNKNOWN,SIAGAS_MS_20260814,E04,-20.439165999999943,-54.87055499999997
3500022472,Campo Grande,Serra geral,8.0,False,UNKNOWN,SIAGAS_MS_20260814,E04,-20.468332999999973,-54.64305499999995
3500022596,Camapuã,Guarani,30.0,False,UNKNOWN,SIAGAS_MS_20260814,E04,-19.558332999999948,-54.039999999999964
3500022801,Nioaque,Guarani,27.0,False,UNKNOWN,SIAGAS_MS_20260814,E04,-21.143332999999927,-55.82361099999997
3500022873,Rio Brilhante,Serra geral,18.96,False,UNKNOWN,SIAGAS_MS_20260814,E04,-21.803610999999933,-54.539443999999946
3500022882,Dourados,Serra geral,9.8,False,UNKNOWN,SIAGAS_MS_20260814,E04,-22.13166599999994,-54.61666599999995
3500022980,Ribas do Rio Pardo,Serra geral,14.3,False,UNKNOWN,SIAGAS_MS_20260814,E04,-20.43999999999994,-53.75583299999994
3500023241,Figueirão,Guarani,8.0,False,UNKNOWN,SIAGAS_MS_20260814,E04,-18.675554999999974,-53.640832999999986
3500065127,Corguinho,Grao-para,12.0,False,UNKNOWN,SIAGAS_MS_20260814,E04,-19.646110999999962,-54.758888999999954
3500045623,Três Lagoas,Bauru,17.0,False,UNKNOWN,SIAGAS_MS_20260814,E04,-20.79333299999996,-51.87305599999996
3500070544,Dourados,Serra geral,27.16,False,UNKNOWN,SIAGAS_MS_20260814,E04,-22.31244399999997,-54.78741699999995
3500022487,Campo Grande,Serra geral,4.0,False,UNKNOWN,SIAGAS_MS_20260814,E04,-20.48138799999998,-54.66194399999995
3500022495,Campo Grande,Serra geral,1.2,False,UNKNOWN,SIAGAS_MS_20260814,E04,-20.436665999999946,-54.623054999999965
3500022523,Campo Grande,Serra geral,14.0,False,UNKNOWN,SIAGAS_MS_20260814,E04,-20.41916599999996,-54.66083299999997
3500022532,Campo Grande,Serra geral,8.0,False,UNKNOWN,SIAGAS_MS_20260814,E04,-20.685276999999928,-54.582221999999945
3500022536,Campo Grande,Serra geral,43.0,False,UNKNOWN,SIAGAS_MS_20260814,E04,-20.53361099999995,-54.65611099999995
3500022545,Ivinhema,Caiua,38.0,False,UNKNOWN,SIAGAS_MS_20260814,E04,-22.309721999999965,-53.83666599999998
3500022562,Cassilândia,Caiua,50.0,False,UNKNOWN,SIAGAS_MS_20260814,E04,-19.10749999999996,-51.74999999999994
3500022623,Ponta Porã,Caiua,7.5,False,UNKNOWN,SIAGAS_MS_20260814,E04,-22.22277699999995,-55.45083299999993
3500022625,Corumbá,Não definido,6.32,False,UNKNOWN,SIAGAS_MS_20260814,E04,-19.071665999999937,-57.73999999999995
3500022639,Rio Negro,Furnas,10.0,False,UNKNOWN,SIAGAS_MS_20260814,E04,-19.29472199999998,-54.96444399999996
3500022645,Ivinhema,Caiua,12.0,False,UNKNOWN,SIAGAS_MS_20260814,E04,-22.383332999999936,-53.59805499999993
3500022648,Nova Alvorada do Sul,Serra geral,10.0,False,UNKNOWN,SIAGAS_MS_20260814,E04,-21.447499999999934,-54.371110999999985
3500022670,Campo Grande,Caiua,13.0,False,UNKNOWN,SIAGAS_MS_20260814,E04,-20.441110999999978,-54.55416599999995
3500022676,Ivinhema,Caiua,37.0,False,UNKNOWN,SIAGAS_MS_20260814,E04,-22.304165999999952,-53.82805499999995
3500022721,Naviraí,Caiua,30.0,False,UNKNOWN,SIAGAS_MS_20260814,E04,-23.052776999999935,-54.19222199999996
3500022761,Aquidauana,Aquidauana,0.0,True,UNKNOWN,SIAGAS_MS_20260814,E04,-20.47194399999995,-55.77777699999996
3500022771,Aquidauana,Aquidauana,14.0,False,UNKNOWN,SIAGAS_MS_20260814,E04,-20.47305499999993,-55.76333299999993
3500022772,Bodoquena,Rocha sedimentar,6.5,False,UNKNOWN,SIAGAS_MS_20260814,E04,-20.553332999999952,-56.69027699999998
3500022793,Miranda,Cuiaba,11.0,False,UNKNOWN,SIAGAS_MS_20260814,E04,-20.258610999999974,-56.37999999999994
3500022795,Bodoquena,Cuiaba,0.42000000000000004,False,UNKNOWN,SIAGAS_MS_20260814,E04,-20.538610999999946,-56.884999999999934
3500022836,Dourados,Serra geral,17.8,False,UNKNOWN,SIAGAS_MS_20260814,E04,-22.206943999999964,-54.81555499999996
3500022853,Itaporã,Serra geral,8.0,False,UNKNOWN,SIAGAS_MS_20260814,E04,-22.079721999999947,-54.79916599999996
3500022861,Maracaju,Serra geral,39.8,False,UNKNOWN,SIAGAS_MS_20260814,E04,-21.609721999999977,-55.163887999999986
3500022862,Maracaju,Serra geral,6.0,False,UNKNOWN,SIAGAS_MS_20260814,E04,-21.62694399999998,-55.16749999999996
3500022876,Rio Brilhante,Serra geral,4.0,False,UNKNOWN,SIAGAS_MS_20260814,E04,-21.801943999999935,-54.542776999999944
3500022917,Campo Grande,Serra geral,15.0,False,UNKNOWN,SIAGAS_MS_20260814,E04,-20.484999999999957,-54.569999999999936
3500022921,Campo Grande,Serra geral,4.9,False,UNKNOWN,SIAGAS_MS_20260814,E04,-20.559721999999965,-54.57166599999994
3500022923,Campo Grande,Serra geral,11.0,False,UNKNOWN,SIAGAS_MS_20260814,E04,-20.552499999999952,-54.61722199999997
3500022951,Campo Grande,Serra geral,13.05,False,UNKNOWN,SIAGAS_MS_20260814,E04,-20.436110999999983,-54.62555499999996
3500022966,Água Clara,Bauru,10.0,False,UNKNOWN,SIAGAS_MS_20260814,E04,-20.445554999999956,-52.87999999999994
3500023025,Japorã,Caiua,24.9,False,UNKNOWN,SIAGAS_MS_20260814,E04,-23.893610999999964,-54.405554999999936
3500023109,Novo Horizonte do Sul,Caiua,27.0,False,UNKNOWN,SIAGAS_MS_20260814,E04,-22.651665999999977,-53.85777699999994
3500023115,Corumbá,Não definido,6.95,False,UNKNOWN,SIAGAS_MS_20260814,E04,-19.090554999999938,-57.694443999999976
3500027026,Batayporã,Caiua,5.9,False,UNKNOWN,SIAGAS_MS_20260814,E04,-22.29499999999996,-53.26333299999993
3500027058,Sonora,Furnas,24.0,False,UNKNOWN,SIAGAS_MS_20260814,E04,-17.583610999999962,-54.74999999999994
3500027082,Deodápolis,Serra geral,2.0,False,UNKNOWN,SIAGAS_MS_20260814,E04,-22.291943999999944,-54.16722199999998
3500027085,Bataguassu,Caiua,38.0,False,UNKNOWN,SIAGAS_MS_20260814,E04,-21.716388999999936,-52.412499999999966
3500027115,Dourados,Serra geral,18.8,False,UNKNOWN,SIAGAS_MS_20260814,E04,-22.25166699999994,-54.81555599999996
3500027117,Camapuã,Guarani,0.0,True,UNKNOWN,SIAGAS_MS_20260814,E04,-19.529443999999955,-54.04138899999998
3500027120,Eldorado,Caiua,47.03,False,UNKNOWN,SIAGAS_MS_20260814,E04,-23.788055999999983,-54.28361099999995
3500027130,Água Clara,Bauru,9.5,False,UNKNOWN,SIAGAS_MS_20260814,E04,-20.438332999999943,-52.881388999999956
3500027133,Camapuã,Guarani,1.0,False,UNKNOWN,SIAGAS_MS_20260814,E04,-19.01416699999993,-53.903332999999975
3500027136,Batayporã,Caiua,12.0,False,UNKNOWN,SIAGAS_MS_20260814,E04,-22.300277999999935,-53.26388899999995
3500027142,Dourados,Serra geral,14.8,False,UNKNOWN,SIAGAS_MS_20260814,E04,-22.238332999999955,-54.79527799999994
3500027180,Paranhos,Bauru,21.3,False,UNKNOWN,SIAGAS_MS_20260814,E04,-23.88999999999993,-55.42666699999995
3500027181,Juti,Serra geral,14.0,False,UNKNOWN,SIAGAS_MS_20260814,E04,-22.85555599999998,-54.63361099999997
3500027194,Sidrolândia,Serra geral,2.5700000000000003,False,UNKNOWN,SIAGAS_MS_20260814,E04,-20.913888999999926,-54.95666699999998
3500027204,Tacuru,Caiua,1.2,False,UNKNOWN,SIAGAS_MS_20260814,E04,-23.631666999999936,-55.01722199999995
3500027206,Três Lagoas,Bauru,14.0,False,UNKNOWN,SIAGAS_MS_20260814,E04,-20.788332999999966,-51.707221999999945
3500027207,Três Lagoas,Bauru,17.0,False,UNKNOWN,SIAGAS_MS_20260814,E04,-20.796388999999976,-51.66833299999996
3500027218,Paranhos,Bauru,18.0,False,UNKNOWN,SIAGAS_MS_20260814,E04,-23.89666699999998,-55.43111099999999
3500027222,Rio Negro,Furnas,12.1,False,UNKNOWN,SIAGAS_MS_20260814,E04,-19.435555999999963,-55.00305599999996
3500027230,Paranaíba,Rocha sedimentar,11.2,False,UNKNOWN,SIAGAS_MS_20260814,E04,-19.69861099999997,-51.17027799999994
3500027237,Itaquiraí,Caiua,16.0,False,UNKNOWN,SIAGAS_MS_20260814,E04,-23.49277799999993,-54.183610999999985
3500027243,Bataguassu,Caiua,6.0,False,UNKNOWN,SIAGAS_MS_20260814,E04,-21.72361099999995,-52.26444399999997
3500027275,Caracol,Guará,9.3,False,UNKNOWN,SIAGAS_MS_20260814,E04,-21.737221999999974,-56.87861099999998
3500027276,Amambai,Guarani,22.0,False,UNKNOWN,SIAGAS_MS_20260814,E04,-23.10583299999996,-55.23388899999998
3500027281,Chapadão do Sul,Não definido,52.0,False,UNKNOWN,SIAGAS_MS_20260814,E04,-18.798055999999974,-52.60583299999996
3500027288,Campo Grande,Serra geral,12.0,False,UNKNOWN,SIAGAS_MS_20260814,E04,-20.39666699999998,-54.601943999999946
3500027298,Bodoquena,Rocha sedimentar,0.42000000000000004,False,UNKNOWN,SIAGAS_MS_20260814,E04,-20.53583299999997,-56.89722199999994
3500045252,Nova Alvorada do Sul,Serra geral,12.0,False,UNKNOWN,SIAGAS_MS_20260814,E04,-21.54416699999996,-54.45805599999994
3500045272,Camapuã,Guarani,7.4,False,UNKNOWN,SIAGAS_MS_20260814,E04,-19.002777999999978,-53.63611099999997
3500045383,Água Clara,Bauru,14.5,False,UNKNOWN,SIAGAS_MS_20260814,E04,-20.43999999999994,-52.73999999999995
3500045602,Nova Andradina,Bauru,26.21,False,UNKNOWN,SIAGAS_MS_20260814,E04,-22.238888999999972,-53.348055999999985
3500023341,Costa Rica,Bauru,5.83,False,UNKNOWN,SIAGAS_MS_20260814,E04,-18.529721999999936,-53.144443999999964
3500023175,Angélica,Serra geral,37.0,False,UNKNOWN,SIAGAS_MS_20260814,E04,-22.158054999999933,-53.77416599999998
3500023207,Anastácio,Bauru,17.0,False,UNKNOWN,SIAGAS_MS_20260814,E04,-20.78472199999993,-55.49861099999998
3500023302,Três Lagoas,Caiua,16.0,False,UNKNOWN,SIAGAS_MS_20260814,E04,-20.78638799999993,-51.708054999999945
3500023376,Novo Horizonte do Sul,Bauru,26.73,False,UNKNOWN,SIAGAS_MS_20260814,E04,-22.616665999999952,-53.885832999999934
3500023174,Angélica,Caiua,24.0,False,UNKNOWN,SIAGAS_MS_20260814,E04,-22.16222199999993,-53.78222199999993
3500073573,Glória de Dourados,Bauru,27.4,False,UNKNOWN,SIAGAS_MS_20260814,E04,-22.478782999999964,-54.16454199999998
3500073575,Jateí,Bauru,17.21,False,UNKNOWN,SIAGAS_MS_20260814,E04,-22.745499999999936,-53.80580599999996
3500030628,São Gabriel do Oeste,Serra geral,38.0,False,UNKNOWN,SIAGAS_MS_20260814,E04,-19.28277799999995,-54.61111099999994
3500023251,Camapuã,Guarani,20.7,False,UNKNOWN,SIAGAS_MS_20260814,E04,-19.51555499999995,-54.04888799999998
3500027249,Caarapó,Serra geral,3.0,False,UNKNOWN,SIAGAS_MS_20260814,E04,-22.51388899999995,-54.75083299999994
3500073670,Ponta Porã,Bauru,49.5,False,UNKNOWN,SIAGAS_MS_20260814,E04,-21.85234399999996,-55.78663099999994
3500073944,Dourados,Serra geral,9.0,False,UNKNOWN,SIAGAS_MS_20260814,E04,-22.09955599999995,-55.12794399999996
3500072939,Nova Andradina,Bauru,36.2,False,UNKNOWN,SIAGAS_MS_20260814,E04,-22.24183299999993,-53.34366699999998
3500072744,Ribas do Rio Pardo,Bauru,75.2,False,UNKNOWN,SIAGAS_MS_20260814,E04,-19.81475599999993,-53.79286099999996
3500072683,Glória de Dourados,Serra geral,20.0,False,UNKNOWN,SIAGAS_MS_20260814,E04,-22.407366999999965,-54.219532999999956
3500072411,Bataguassu,Bauru,60.3,False,UNKNOWN,SIAGAS_MS_20260814,E04,-21.746221999999932,-52.47465599999998
3500072389,Sidrolândia,Serra geral,61.42,False,UNKNOWN,SIAGAS_MS_20260814,E04,-20.947216999999966,-54.94982799999997
3500072338,Bataguassu,Bauru,60.6,False,UNKNOWN,SIAGAS_MS_20260814,E04,-21.74570799999998,-52.47286399999996
3500072154,São Gabriel do Oeste,Serra geral,93.2,False,UNKNOWN,SIAGAS_MS_20260814,E04,-19.21992199999994,-54.48794399999997
3500073184,Ponta Porã,Serra geral,15.58,False,UNKNOWN,SIAGAS_MS_20260814,E04,-22.463610999999958,-55.737499999999955
3500073244,Mundo Novo,Bauru,25.0,False,UNKNOWN,SIAGAS_MS_20260814,E04,-23.866402999999934,-54.32940599999995
3500073241,Bandeirantes,Serra geral,30.0,False,UNKNOWN,SIAGAS_MS_20260814,E04,-19.633888999999954,-54.17166699999996
3500073239,Douradina,Serra geral,4.48,False,UNKNOWN,SIAGAS_MS_20260814,E04,-22.009363999999948,-54.58292499999993
3500073255,Dourados,Serra geral,12.91,False,UNKNOWN,SIAGAS_MS_20260814,E04,-22.227057999999943,-54.792974999999956
3500073456,Itaporã,Serra geral,0.5,False,UNKNOWN,SIAGAS_MS_20260814,E04,-22.057110999999963,-54.78766699999994
3500022703,Eldorado,Caiua,32.0,False,UNKNOWN,SIAGAS_MS_20260814,E04,-23.781387999999936,-54.28416599999997
3500022705,Iguatemi,Caiua,4.0,False,UNKNOWN,SIAGAS_MS_20260814,E04,-23.68138799999997,-54.559721999999965
3500022716,Ponta Porã,Serra geral,12.0,False,UNKNOWN,SIAGAS_MS_20260814,E04,-22.59888799999993,-55.36833299999995
3500022732,Ponta Porã,Serra geral,4.0,False,UNKNOWN,SIAGAS_MS_20260814,E04,-22.558610999999928,-55.70055499999995
3500022734,Ponta Porã,Serra geral,17.1,False,UNKNOWN,SIAGAS_MS_20260814,E04,-22.507499999999936,-55.71555499999994
3500022742,Ponta Porã,Serra geral,5.0,False,UNKNOWN,SIAGAS_MS_20260814,E04,-22.573887999999954,-55.69111099999998
3500023050,Bonito,Cuiaba,3.0,False,UNKNOWN,SIAGAS_MS_20260814,E04,-21.08888799999994,-56.44999999999993
3500023057,Bonito,Cuiaba,5.0,False,UNKNOWN,SIAGAS_MS_20260814,E04,-21.09972199999993,-56.47305499999993
3500023061,Bonito,Cuiaba,9.5,False,UNKNOWN,SIAGAS_MS_20260814,E04,-21.109721999999977,-56.49527699999999
3500023073,Bonito,Cuiaba,6.5,False,UNKNOWN,SIAGAS_MS_20260814,E04,-21.13166599999994,-56.496943999999985
3500023079,Bonito,Cuiaba,12.0,False,UNKNOWN,SIAGAS_MS_20260814,E04,-21.122499999999945,-56.498054999999965
3500045465,Chapadão do Sul,Não definido,42.0,False,UNKNOWN,SIAGAS_MS_20260814,E04,-18.791943999999944,-52.61972199999997
3500023036,Glória de Dourados,Serra geral,20.0,False,UNKNOWN,SIAGAS_MS_20260814,E04,-22.406665999999973,-54.22972199999998
3500067702,Ribas do Rio Pardo,Serra geral,29.3,False,UNKNOWN,SIAGAS_MS_20260814,E04,-20.277499999999975,-53.72888899999998
3500073662,Aparecida do Taboado,,19.0,False,UNKNOWN,SIAGAS_MS_20260814,E04,-19.830555999999945,-51.04444399999994
3500030642,Bandeirantes,,9.36,False,UNKNOWN,SIAGAS_MS_20260814,E04,-19.929443999999933,-54.35749999999996
3500067667,Bandeirantes,,40.2,False,UNKNOWN,SIAGAS_MS_20260814,E04,-19.90861099999995,-54.36861099999999
3500022680,Ladário,,3.0,False,UNKNOWN,SIAGAS_MS_20260814,E04,-19.01194399999997,-57.59611099999995
3500045656,Batayporã,,50.0,False,UNKNOWN,SIAGAS_MS_20260814,E04,-22.28583299999997,-53.28472199999993
3500072038,São Gabriel do Oeste,,213.0,False,UNKNOWN,SIAGAS_MS_20260814,E04,-19.554388999999958,-54.48586099999994
3500073245,Bonito,,8.12,False,UNKNOWN,SIAGAS_MS_20260814,E04,-21.270877999999982,-56.36421699999994
3500067666,Coxim,,28.2,False,UNKNOWN,SIAGAS_MS_20260814,E04,-18.364999999999952,-54.830277999999964
3500072093,Taquarussu,,0.33,False,UNKNOWN,SIAGAS_MS_20260814,E04,-22.370277999999928,-53.35689999999994
3500067283,Bonito,,60.0,False,UNKNOWN,SIAGAS_MS_20260814,E04,-21.030832999999973,-53.56638899999996
3500023046,Dourados,Guarani,12.1,False,UNKNOWN,SIAGAS_MS_20260814,E04,-22.332776999999965,-54.843887999999936
3500045651,Três Lagoas,Serra geral,7.8,False,UNKNOWN,SIAGAS_MS_20260814,E04,-20.99138899999997,-51.79777799999994
3500023338,Costa Rica,Serra geral,23.2,False,UNKNOWN,SIAGAS_MS_20260814,E04,-18.52249999999998,-53.11555499999997
3500022821,Terenos,Guarani,73.0,False,UNKNOWN,SIAGAS_MS_20260814,E04,-20.437221999999963,-54.86194399999994
3500022815,Sidrolândia,Guarani,94.0,False,UNKNOWN,SIAGAS_MS_20260814,E04,-20.94083299999994,-54.966665999999975
3500022844,Dourados,Guarani,79.0,False,UNKNOWN,SIAGAS_MS_20260814,E04,-22.20999999999998,-54.82611099999997
3500022537,Campo Grande,Serra geral,33.0,False,UNKNOWN,SIAGAS_MS_20260814,E04,-20.38972199999995,-54.56499999999994
3500022807,Sidrolândia,Guarani,2.8,False,UNKNOWN,SIAGAS_MS_20260814,E04,-21.105276999999944,-54.95111099999997
3500065123,Douradina,Guarani,27.0,False,UNKNOWN,SIAGAS_MS_20260814,E04,-22.03611099999995,-54.61111099999994
3500065139,Ribas do Rio Pardo,Serra geral,80.0,False,UNKNOWN,SIAGAS_MS_20260814,E04,-20.426943999999935,-53.73111099999994
3500022481,Campo Grande,Guarani,9.0,False,UNKNOWN,SIAGAS_MS_20260814,E04,-20.526110999999958,-54.60388799999998
3500022482,Campo Grande,Guarani,4.0,False,UNKNOWN,SIAGAS_MS_20260814,E04,-20.521387999999945,-54.60805499999998
3500022517,Campo Grande,Serra geral,14.5,False,UNKNOWN,SIAGAS_MS_20260814,E04,-20.552776999999935,-54.57805499999995
3500022560,Paranaíba,Serra geral,11.2,False,UNKNOWN,SIAGAS_MS_20260814,E04,-19.699165999999934,-51.17083299999996
3500022565,Costa Rica,Guarani,31.0,False,UNKNOWN,SIAGAS_MS_20260814,E04,-18.531110999999953,-53.14305499999995
3500022637,Pedro Gomes,Furnas,6.95,False,UNKNOWN,SIAGAS_MS_20260814,E04,-18.09972199999993,-54.54472199999998
3500022714,Laguna Carapã,Guarani,59.1,False,UNKNOWN,SIAGAS_MS_20260814,E04,-22.560276999999928,-55.15222199999994
3500022748,Ponta Porã,Guarani,8.3,False,UNKNOWN,SIAGAS_MS_20260814,E04,-22.498054999999965,-55.739165999999955
3500022760,Aquidauana,Cuiaba,1.5,False,UNKNOWN,SIAGAS_MS_20260814,E04,-20.465832999999975,-55.79305499999998
3500022766,Aquidauana,Furnas,9.6,False,UNKNOWN,SIAGAS_MS_20260814,E04,-20.45055499999995,-55.76194399999997
3500022789,Guia Lopes da Laguna,Aquidauana,0.0,True,UNKNOWN,SIAGAS_MS_20260814,E04,-21.46083299999998,-56.113054999999974
3500022884,Fátima do Sul,Serra geral,2.6,False,UNKNOWN,SIAGAS_MS_20260814,E04,-22.35833299999996,-54.45277699999997
3500022947,Campo Grande,Serra geral,8.51,False,UNKNOWN,SIAGAS_MS_20260814,E04,-20.43999999999994,-54.55416599999995
3500022950,Campo Grande,Guarani,5.66,False,UNKNOWN,SIAGAS_MS_20260814,E04,-20.453610999999967,-54.675832999999955
3500022956,Campo Grande,Serra geral,5.0,False,UNKNOWN,SIAGAS_MS_20260814,E04,-20.53361099999995,-54.602776999999946
3500022970,Brasilândia,Serra geral,20.2,False,UNKNOWN,SIAGAS_MS_20260814,E04,-21.26499999999993,-52.03166599999997
3500022981,Paranaíba,Serra geral,15.0,False,UNKNOWN,SIAGAS_MS_20260814,E04,-19.67999999999995,-51.194721999999956
3500022986,Selvíria,Serra geral,12.18,False,UNKNOWN,SIAGAS_MS_20260814,E04,-20.35833299999996,-51.41722199999998
3500023028,Pedro Gomes,Furnas,0.0,True,UNKNOWN,SIAGAS_MS_20260814,E04,-18.100832999999966,-54.560554999999965
3500023039,Coxim,Caiua,12.5,False,UNKNOWN,SIAGAS_MS_20260814,E04,-18.508887999999956,-54.75361099999998
3500023058,Dourados,Guarani,108.08,False,UNKNOWN,SIAGAS_MS_20260814,E04,-22.21305499999994,-54.77888799999994
3500023105,Sonora,Furnas,10.0,False,UNKNOWN,SIAGAS_MS_20260814,E04,-17.584721999999942,-54.76111099999997
3500023336,Costa Rica,Serra geral,13.0,False,UNKNOWN,SIAGAS_MS_20260814,E04,-18.532221999999933,-53.13861099999997
3500027165,Sonora,Furnas,32.5,False,UNKNOWN,SIAGAS_MS_20260814,E04,-17.58555599999994,-54.74944399999998
3500023026,Mundo Novo,,15.4,False,UNKNOWN,SIAGAS_MS_20260814,E04,-23.92972199999997,-54.29527699999994
3500045631,Laguna Carapã,,40.0,False,UNKNOWN,SIAGAS_MS_20260814,E04,-22.461666999999977,-55.02444399999996
3500023306,Selvíria,,7.5,False,UNKNOWN,SIAGAS_MS_20260814,E04,-20.37749999999994,-51.445554999999956
3500023218,Corguinho,,80.0,False,UNKNOWN,SIAGAS_MS_20260814,E04,-19.954999999999927,-55.010554999999954
3500070896,Jardim,,5.4,False,UNKNOWN,SIAGAS_MS_20260814,E04,-21.483888999999976,-56.14433299999996
3500022919,Campo Grande,Guarani,76.0,False,UNKNOWN,SIAGAS_MS_20260814,E04,-20.551110999999935,-54.60833299999996
3500065111,Paraíso das Águas,Guarani,87.0,False,UNKNOWN,SIAGAS_MS_20260814,E04,-19.028055999999935,-53.01388899999995
3500022490,Campo Grande,Guarani,16.0,False,UNKNOWN,SIAGAS_MS_20260814,E04,-20.428054999999972,-54.572499999999934
3500023227,São Gabriel do Oeste,Guarani,10.0,False,UNKNOWN,SIAGAS_MS_20260814,E04,-19.399999999999977,-54.57527699999997
3500027241,Angélica,Caiua,24.5,False,UNKNOWN,SIAGAS_MS_20260814,E04,-22.155832999999973,-53.778332999999975
3500022607,Chapadão do Sul,Coberturas sedimentares Indiferenciadas,65.2,False,UNKNOWN,SIAGAS_MS_20260814,E04,-18.813887999999963,-52.62055499999997
3500022908,Campo Grande,Serra geral,88.0,False,UNKNOWN,SIAGAS_MS_20260814,E04,-20.533054999999933,-54.621943999999985
3500023141,Amambai,Guarani,44.0,False,UNKNOWN,SIAGAS_MS_20260814,E04,-23.09833299999997,-55.20111099999997
3500023186,Cassilândia,Guarani,0.0,True,UNKNOWN,SIAGAS_MS_20260814,E04,-19.123054999999965,-51.73472199999998
3500023216,Jaraguari,Guarani,41.4,False,UNKNOWN,SIAGAS_MS_20260814,E04,-20.094443999999953,-54.75277699999998
3500023272,Nova Alvorada do Sul,Serra geral,18.0,False,UNKNOWN,SIAGAS_MS_20260814,E04,-21.541943999999944,-54.16194399999995
3500023337,Costa Rica,Não definido,33.0,False,UNKNOWN,SIAGAS_MS_20260814,E04,-18.549165999999957,-53.12638799999996
3500026981,Ivinhema,Caiua,37.7,False,UNKNOWN,SIAGAS_MS_20260814,E04,-22.31444399999998,-53.82416699999993
3500027066,Itaporã,Serra geral,8.0,False,UNKNOWN,SIAGAS_MS_20260814,E04,-22.079166999999927,-54.79861099999994
3500045605,Caarapó,Guarani,128.0,False,UNKNOWN,SIAGAS_MS_20260814,E04,-22.614999999999952,-54.70138899999995
3500045699,Campo Grande,Bauru,21.3,False,UNKNOWN,SIAGAS_MS_20260814,E04,-20.37972199999996,-54.57111099999997
3500022510,Campo Grande,Serra geral,21.0,False,UNKNOWN,SIAGAS_MS_20260814,E04,-20.449165999999934,-54.59694399999995
3500022597,Camapuã,Guarani,21.0,False,UNKNOWN,SIAGAS_MS_20260814,E04,-19.53888799999993,-54.03666599999997
3500022600,Camapuã,Guarani,20.0,False,UNKNOWN,SIAGAS_MS_20260814,E04,-19.52444399999996,-54.04305499999998
3500022730,Ponta Porã,Bauru,11.0,False,UNKNOWN,SIAGAS_MS_20260814,E04,-22.529165999999975,-55.63861099999997
3500022891,Campo Grande,Serra geral,17.6,False,UNKNOWN,SIAGAS_MS_20260814,E04,-20.41888799999998,-54.633887999999956
3500023044,Camapuã,Guarani,0.7000000000000001,False,UNKNOWN,SIAGAS_MS_20260814,E04,-19.541943999999944,-54.03694399999995
3500065097,Camapuã,Guarani,30.1,False,UNKNOWN,SIAGAS_MS_20260814,E04,-19.496110999999928,-54.006110999999976
3500065136,Rochedo,Guarani,12.0,False,UNKNOWN,SIAGAS_MS_20260814,E04,-20.146110999999962,-54.801943999999935
3500065090,Antônio João,Guarani,40.0,False,UNKNOWN,SIAGAS_MS_20260814,E04,-22.151943999999958,-56.17888899999997
3500065137,Rochedo,Guarani,26.6,False,UNKNOWN,SIAGAS_MS_20260814,E04,-20.115832999999952,-54.831110999999964
3500028108,Rochedo,Guarani,34.44,False,UNKNOWN,SIAGAS_MS_20260814,E04,-19.987777999999935,-54.787777999999946
3500029179,Brasilândia,Caiua,23.89,False,UNKNOWN,SIAGAS_MS_20260814,E04,-21.296666999999957,-52.06722199999996
3500070570,Glória de Dourados,Bauru_Caiua,4.43,False,UNKNOWN,SIAGAS_MS_20260814,E04,-22.414555999999948,-54.23930599999994
3500022483,Campo Grande,Serra geral,3.22,False,UNKNOWN,SIAGAS_MS_20260814,E04,-20.45277699999997,-54.58138799999995
3500022498,Campo Grande,Serra geral,35.0,False,UNKNOWN,SIAGAS_MS_20260814,E04,-20.552499999999952,-54.677776999999935
3500022515,Campo Grande,Serra geral,15.0,False,UNKNOWN,SIAGAS_MS_20260814,E04,-20.436387999999965,-54.64805499999994
3500022521,Campo Grande,Serra geral,5.0,False,UNKNOWN,SIAGAS_MS_20260814,E04,-20.416110999999944,-54.59861099999995
3500022526,Campo Grande,Caiua,27.0,False,UNKNOWN,SIAGAS_MS_20260814,E04,-20.425832999999955,-54.573054999999954
3500022546,Ivinhema,Caiua,51.18,False,UNKNOWN,SIAGAS_MS_20260814,E04,-22.310276999999928,-53.82805499999995
3500022551,Novo Horizonte do Sul,Caiua,10.0,False,UNKNOWN,SIAGAS_MS_20260814,E04,-22.64861099999996,-53.850832999999966
3500022554,Nova Andradina,Bauru,23.0,False,UNKNOWN,SIAGAS_MS_20260814,E04,-22.236665999999957,-53.33694399999996
3500022609,Rio Verde de Mato Grosso,Furnas,2.0,False,UNKNOWN,SIAGAS_MS_20260814,E04,-18.91999999999996,-54.842221999999936
3500022614,Corumbá,Não definido,35.0,False,UNKNOWN,SIAGAS_MS_20260814,E04,-19.04222199999998,-57.781387999999936
3500022640,Batayporã,Caiua,9.0,False,UNKNOWN,SIAGAS_MS_20260814,E04,-22.301665999999955,-53.27722199999994
3500022642,Corumbá,Não definido,2.15,False,UNKNOWN,SIAGAS_MS_20260814,E04,-19.091110999999955,-57.809721999999965
3500022725,Naviraí,Caiua,31.0,False,UNKNOWN,SIAGAS_MS_20260814,E04,-23.052776999999935,-54.18222199999997
3500022749,Eldorado,Caiua,13.4,False,UNKNOWN,SIAGAS_MS_20260814,E04,-23.800832999999955,-54.104165999999964
3500022798,Aquidauana,Aquidauana,8.3,False,UNKNOWN,SIAGAS_MS_20260814,E04,-20.484721999999977,-55.63694399999997
3500022803,Aquidauana,Aquidauana,10.04,False,UNKNOWN,SIAGAS_MS_20260814,E04,-20.476665999999966,-55.539999999999964
3500022832,Dourados,Serra geral,29.0,False,UNKNOWN,SIAGAS_MS_20260814,E04,-22.258610999999974,-54.79527699999994
3500022855,Itaporã,Guarani,6.5,False,UNKNOWN,SIAGAS_MS_20260814,E04,-22.08694399999996,-54.79472199999998
3500022877,Rio Brilhante,Serra geral,15.0,False,UNKNOWN,SIAGAS_MS_20260814,E04,-21.809999999999945,-54.53694399999995
3500022894,Campo Grande,Serra geral,15.0,False,UNKNOWN,SIAGAS_MS_20260814,E04,-20.449999999999932,-54.64277699999997
3500022895,Campo Grande,Serra geral,13.0,False,UNKNOWN,SIAGAS_MS_20260814,E04,-20.457221999999945,-54.635276999999974
3500022936,Angélica,Caiua,9.5,False,UNKNOWN,SIAGAS_MS_20260814,E04,-22.156387999999936,-53.779165999999975
3500022949,Campo Grande,Serra geral,13.0,False,UNKNOWN,SIAGAS_MS_20260814,E04,-20.517499999999927,-54.613332999999955
3500022962,Aparecida do Taboado,Bauru,18.0,False,UNKNOWN,SIAGAS_MS_20260814,E04,-20.083332999999982,-51.10583299999996
3500022991,Coxim,Furnas,8.0,False,UNKNOWN,SIAGAS_MS_20260814,E04,-18.519999999999982,-54.740276999999935
3500022994,Coxim,Furnas,18.5,False,UNKNOWN,SIAGAS_MS_20260814,E04,-18.47555499999993,-54.728610999999944
3500022995,Coxim,Furnas,10.0,False,UNKNOWN,SIAGAS_MS_20260814,E04,-18.465832999999975,-54.73527699999994
3500023005,Rio Verde de Mato Grosso,Furnas,31.3,False,UNKNOWN,SIAGAS_MS_20260814,E04,-18.91027699999995,-54.83749999999998
3500023030,Naviraí,Caiua,14.0,False,UNKNOWN,SIAGAS_MS_20260814,E04,-23.067776999999978,-54.18861099999998
3500023031,Ivinhema,Caiua,37.56,False,UNKNOWN,SIAGAS_MS_20260814,E04,-22.311110999999983,-53.82777699999997
3500023064,Bela Vista,Rocha sedimentar,3.8,False,UNKNOWN,SIAGAS_MS_20260814,E04,-22.178054999999972,-56.809721999999965
3500023083,Bonito,Cuiaba,10.0,False,UNKNOWN,SIAGAS_MS_20260814,E04,-21.122221999999965,-56.49555499999997
3500023086,Bonito,Cuiaba,11.2,False,UNKNOWN,SIAGAS_MS_20260814,E04,-21.115554999999972,-56.49555499999997
3500023094,Bonito,Cuiaba,18.0,False,UNKNOWN,SIAGAS_MS_20260814,E04,-21.119721999999967,-56.67888799999997
3500023155,Aral Moreira,Serra geral,13.0,False,UNKNOWN,SIAGAS_MS_20260814,E04,-22.95333299999993,-55.63027699999998
3500023162,Aral Moreira,Serra geral,16.0,False,UNKNOWN,SIAGAS_MS_20260814,E04,-22.74305499999997,-55.48333299999996
3500026989,Batayporã,Caiua,9.5,False,UNKNOWN,SIAGAS_MS_20260814,E04,-22.29305599999998,-53.27277799999996
3500027025,Rio Verde de Mato Grosso,Furnas,6.5,False,UNKNOWN,SIAGAS_MS_20260814,E04,-18.923055999999974,-54.84666699999997
3500027039,Rio Negro,Furnas,10.0,False,UNKNOWN,SIAGAS_MS_20260814,E04,-19.29416699999996,-54.96361099999996
3500027079,Alcinópolis,Guarani,27.0,False,UNKNOWN,SIAGAS_MS_20260814,E04,-18.32527799999997,-53.70833299999998
3500027087,Três Lagoas,Bauru,26.0,False,UNKNOWN,SIAGAS_MS_20260814,E04,-20.789721999999927,-52.05333299999995
3500027101,Iguatemi,Caiua,8.0,False,UNKNOWN,SIAGAS_MS_20260814,E04,-23.664721999999983,-54.56444399999998
3500027113,Novo Horizonte do Sul,Caiua,27.0,False,UNKNOWN,SIAGAS_MS_20260814,E04,-22.652221999999938,-53.85833299999996
3500027121,Sonora,Furnas,44.0,False,UNKNOWN,SIAGAS_MS_20260814,E04,-17.58583299999998,-54.74333299999995
3500027132,Japorã,Caiua,24.9,False,UNKNOWN,SIAGAS_MS_20260814,E04,-23.893055999999945,-54.40499999999997
3500027155,Camapuã,Guarani,20.5,False,UNKNOWN,SIAGAS_MS_20260814,E04,-19.52388899999994,-54.04249999999996
3500027161,Rio Brilhante,Serra geral,18.96,False,UNKNOWN,SIAGAS_MS_20260814,E04,-21.80305599999997,-54.538610999999946
3500027172,Aquidauana,Aquidauana,6.5,False,UNKNOWN,SIAGAS_MS_20260814,E04,-20.478332999999964,-55.79472199999998
3500027178,Ponta Porã,Serra geral,4.0,False,UNKNOWN,SIAGAS_MS_20260814,E04,-22.57444399999997,-55.68916699999994
3500027187,Naviraí,Caiua,26.5,False,UNKNOWN,SIAGAS_MS_20260814,E04,-23.061388999999963,-54.19999999999993
3500027193,Ponta Porã,Serra geral,9.5,False,UNKNOWN,SIAGAS_MS_20260814,E04,-22.518055999999945,-55.73138899999998
3500027203,Santa Rita do Pardo,Caiua,11.0,False,UNKNOWN,SIAGAS_MS_20260814,E04,-21.301943999999935,-52.822221999999954
3500027238,Aral Moreira,Serra geral,9.33,False,UNKNOWN,SIAGAS_MS_20260814,E04,-22.958055999999942,-55.62472199999996
3500027273,Dourados,Serra geral,11.0,False,UNKNOWN,SIAGAS_MS_20260814,E04,-22.08499999999998,-54.50583299999994
3500027279,Aquidauana,Aquidauana,9.68,False,UNKNOWN,SIAGAS_MS_20260814,E04,-20.483888999999976,-55.63611099999997
3500027283,Sidrolândia,Serra geral,5.9,False,UNKNOWN,SIAGAS_MS_20260814,E04,-20.943888999999956,-54.966943999999955
3500027285,Naviraí,Caiua,15.0,False,UNKNOWN,SIAGAS_MS_20260814,E04,-23.12888899999996,-54.17944399999993
3500027293,Três Lagoas,Bauru,16.25,False,UNKNOWN,SIAGAS_MS_20260814,E04,-20.778055999999935,-51.695832999999936
3500027296,Laguna Carapã,Serra geral,9.5,False,UNKNOWN,SIAGAS_MS_20260814,E04,-22.525832999999977,-55.164999999999964
3500045451,Ponta Porã,Serra geral,11.0,False,UNKNOWN,SIAGAS_MS_20260814,E04,-22.53166699999997,-55.73416699999996
3500045452,Ponta Porã,Serra geral,38.0,False,UNKNOWN,SIAGAS_MS_20260814,E04,-22.540277999999944,-55.706388999999945
3500023257,Rio Brilhante,Serra geral,18.96,False,UNKNOWN,SIAGAS_MS_20260814,E04,-21.79472199999998,-54.55249999999995
3500023280,Bataguassu,Caiua,52.0,False,UNKNOWN,SIAGAS_MS_20260814,E04,-21.72333299999997,-52.41722199999998
3500023322,Paranaíba,Serra geral,15.0,False,UNKNOWN,SIAGAS_MS_20260814,E04,-19.676110999999935,-51.195832999999936
3500023332,Chapadão do Sul,Bauru,64.0,False,UNKNOWN,SIAGAS_MS_20260814,E04,-18.820832999999936,-52.55694399999993
3500023340,Costa Rica,Caiua,8.5,False,UNKNOWN,SIAGAS_MS_20260814,E04,-18.531665999999973,-53.009999999999934
3500030622,Bonito,Cuiaba,5.0,False,UNKNOWN,SIAGAS_MS_20260814,E04,-20.76138899999995,-56.09277799999995
3500030626,São Gabriel do Oeste,Serra geral,10.0,False,UNKNOWN,SIAGAS_MS_20260814,E04,-19.400555999999938,-54.57583299999993
3500030629,São Gabriel do Oeste,Aquidauana,21.0,False,UNKNOWN,SIAGAS_MS_20260814,E04,-19.402499999999975,-54.58472199999994
3500073638,Glória de Dourados,Bauru,27.37,False,UNKNOWN,SIAGAS_MS_20260814,E04,-22.497607999999957,-54.13631399999997
3500073809,Glória de Dourados,Bauru,17.86,False,UNKNOWN,SIAGAS_MS_20260814,E04,-22.43304399999994,-54.25120599999997
3500073857,Itaporã,Serra geral,8.5,False,UNKNOWN,SIAGAS_MS_20260814,E04,-22.10556699999995,-54.78695799999997
3500072707,Glória de Dourados,Serra geral,18.0,False,UNKNOWN,SIAGAS_MS_20260814,E04,-22.408399999999972,-54.21844999999996
3500072415,Glória de Dourados,Serra geral,2.0,False,UNKNOWN,SIAGAS_MS_20260814,E04,-22.407782999999938,-54.21698299999997
3500072295,Dourados,Serra geral,28.12,False,UNKNOWN,SIAGAS_MS_20260814,E04,-22.305082999999968,-54.77533599999998
3500072291,Ribas do Rio Pardo,Bauru,36.02,False,UNKNOWN,SIAGAS_MS_20260814,E04,-20.395999999999958,-53.89363899999995
3500073250,Jateí,Bauru,22.89,False,UNKNOWN,SIAGAS_MS_20260814,E04,-22.518149999999935,-54.28836699999994
3500073350,Paraíso das Águas,Bauru,62.5,False,UNKNOWN,SIAGAS_MS_20260814,E04,-19.16963899999996,-53.065305999999964
3500073458,Dourados,Serra geral,9.61,False,UNKNOWN,SIAGAS_MS_20260814,E04,-22.311413999999957,-54.78273599999994
3500022691,Aral Moreira,Serra geral,7.3,False,UNKNOWN,SIAGAS_MS_20260814,E04,-22.94944399999997,-55.623054999999965
3500022698,Caarapó,Serra geral,3.0,False,UNKNOWN,SIAGAS_MS_20260814,E04,-22.508332999999936,-54.75055499999996
3500022708,Iguatemi,Caiua,8.12,False,UNKNOWN,SIAGAS_MS_20260814,E04,-23.683054999999968,-54.56777699999998
3500023069,Bonito,Cuiaba,16.5,False,UNKNOWN,SIAGAS_MS_20260814,E04,-21.111387999999977,-56.49499999999995
3500023072,Bonito,Cuiaba,6.5,False,UNKNOWN,SIAGAS_MS_20260814,E04,-21.111943999999937,-56.49499999999995
3500023080,Bonito,Cuiaba,7.5,False,UNKNOWN,SIAGAS_MS_20260814,E04,-21.113610999999935,-56.49444399999999
3500067668,Aral Moreira,Serra geral,3.2,False,UNKNOWN,SIAGAS_MS_20260814,E04,-23.06444399999998,-55.49111099999993
3500022754,Anastácio,Furnas,10.3,False,UNKNOWN,SIAGAS_MS_20260814,E04,-20.487499999999955,-55.81222199999996
3500022998,Rio Negro,Furnas,5.8,False,UNKNOWN,SIAGAS_MS_20260814,E04,-19.434999999999945,-55.00416599999994
3500023045,Sidrolândia,Guarani,138.9,False,UNKNOWN,SIAGAS_MS_20260814,E04,-20.902776999999958,-54.926110999999935
3500067323,Costa Rica,Guarani,69.0,False,UNKNOWN,SIAGAS_MS_20260814,E04,-18.53361099999995,-53.134166999999934
3500067387,Rochedo,Guarani,29.0,False,UNKNOWN,SIAGAS_MS_20260814,E04,-19.905832999999973,-54.58749999999998
3500067704,Paraíso das Águas,Guarani,19.0,False,UNKNOWN,SIAGAS_MS_20260814,E04,-19.036666999999966,-53.010832999999934
3500053098,Rio Brilhante,,29.22,False,UNKNOWN,SIAGAS_MS_20260814,E04,-21.72916699999996,-54.49888899999996
3500073799,Campo Grande,,4.28,False,UNKNOWN,SIAGAS_MS_20260814,E04,-20.469124999999963,-54.61941699999994
3500067665,Coxim,,47.0,False,UNKNOWN,SIAGAS_MS_20260814,E04,-18.250832999999943,-54.65694399999995
3500073305,Paranaíba,,16.55,False,UNKNOWN,SIAGAS_MS_20260814,E04,-19.583332999999982,-51.06111099999998
3500027223,Ribas do Rio Pardo,Serra geral,0.0,True,UNKNOWN,SIAGAS_MS_20260814,E04,-20.45111099999997,-53.77166699999998
3500022663,Dourados,Guarani,41.0,False,UNKNOWN,SIAGAS_MS_20260814,E04,-22.267776999999967,-54.81222199999996
3500022786,Dois Irmãos do Buriti,Guarani,17.0,False,UNKNOWN,SIAGAS_MS_20260814,E04,-20.68861099999998,-55.27888799999994
3500023153,Amambai,Guarani,8.0,False,UNKNOWN,SIAGAS_MS_20260814,E04,-23.103887999999927,-55.23055499999998
3500022916,Campo Grande,Guarani,171.0,False,UNKNOWN,SIAGAS_MS_20260814,E04,-20.41027699999995,-54.589999999999975
3500022858,Maracaju,Guarani,17.0,False,UNKNOWN,SIAGAS_MS_20260814,E04,-21.61749999999995,-55.16138799999993
3500022864,Maracaju,Guarani,12.0,False,UNKNOWN,SIAGAS_MS_20260814,E04,-21.59888799999993,-55.15999999999997
3500022941,Campo Grande,Serra geral,14.0,False,UNKNOWN,SIAGAS_MS_20260814,E04,-20.41805499999998,-54.58138799999995
3500065100,Campo Grande,Guarani,120.0,False,UNKNOWN,SIAGAS_MS_20260814,E04,-20.549999999999955,-54.571943999999974
3500065115,Dourados,Guarani,104.0,False,UNKNOWN,SIAGAS_MS_20260814,E04,-22.226110999999946,-54.81194399999998
3500065120,Dourados,Guarani,107.0,False,UNKNOWN,SIAGAS_MS_20260814,E04,-22.22111099999995,-54.81305599999996
3500065122,Douradina,Guarani,12.2,False,UNKNOWN,SIAGAS_MS_20260814,E04,-22.039999999999964,-54.61388899999997
3500071753,Costa Rica,Guarani,172.03,False,UNKNOWN,SIAGAS_MS_20260814,E04,-18.716246999999953,-53.169018999999935
3500070931,Rio Verde de Mato Grosso,Furnas,24.19,False,UNKNOWN,SIAGAS_MS_20260814,E04,-18.92218299999996,-54.843407999999954
3500070775,Campo Grande,Serra geral,10.22,False,UNKNOWN,SIAGAS_MS_20260814,E04,-20.478682999999933,-54.594180999999935
3500070765,Nova Andradina,Bauru_Caiua,12.0,False,UNKNOWN,SIAGAS_MS_20260814,E04,-22.254880999999955,-53.33883599999996
3500069382,Sidrolândia,Serra geral,5.1,False,UNKNOWN,SIAGAS_MS_20260814,E04,-21.08714699999996,-55.19942499999996
3500022480,Campo Grande,Guarani,16.0,False,UNKNOWN,SIAGAS_MS_20260814,E04,-20.52361099999996,-54.58833299999998
3500022496,Campo Grande,Serra geral,7.8,False,UNKNOWN,SIAGAS_MS_20260814,E04,-20.46999999999997,-54.572499999999934
3500022541,Jateí,Serra geral,5.0,False,UNKNOWN,SIAGAS_MS_20260814,E04,-22.482776999999942,-54.30555499999997
3500022564,Costa Rica,Guarani,11.5,False,UNKNOWN,SIAGAS_MS_20260814,E04,-18.53555499999993,-53.134443999999974
3500022578,Três Lagoas,Bauru,18.3,False,UNKNOWN,SIAGAS_MS_20260814,E04,-20.78805499999993,-51.71555499999994
3500022586,Cassilândia,Guarani,25.3,False,UNKNOWN,SIAGAS_MS_20260814,E04,-18.991943999999933,-52.37083299999995
3500022604,Sonora,Furnas,43.0,False,UNKNOWN,SIAGAS_MS_20260814,E04,-17.58611099999996,-54.74999999999994
3500022611,Rio Verde de Mato Grosso,Furnas,32.5,False,UNKNOWN,SIAGAS_MS_20260814,E04,-18.909999999999968,-54.83749999999998
3500022649,Sidrolândia,Guarani,15.0,False,UNKNOWN,SIAGAS_MS_20260814,E04,-21.241943999999933,-54.822221999999954
3500022808,Sidrolândia,Guarani,15.3,False,UNKNOWN,SIAGAS_MS_20260814,E04,-20.937221999999963,-54.96111099999996
3500022819,Terenos,Guarani,46.0,False,UNKNOWN,SIAGAS_MS_20260814,E04,-20.448054999999954,-54.86861099999999
3500022865,Nova Alvorada do Sul,Serra geral,10.0,False,UNKNOWN,SIAGAS_MS_20260814,E04,-21.35861099999994,-54.444721999999956
3500022867,Nova Alvorada do Sul,Serra geral,9.0,False,UNKNOWN,SIAGAS_MS_20260814,E04,-21.455276999999967,-54.35861099999994
3500022946,Campo Grande,Serra geral,15.6,False,UNKNOWN,SIAGAS_MS_20260814,E04,-20.489443999999935,-54.59916599999997
3500022976,Selvíria,Serra geral,16.0,False,UNKNOWN,SIAGAS_MS_20260814,E04,-20.35944399999994,-51.42722199999997
3500023056,Dourados,Guarani,107.0,False,UNKNOWN,SIAGAS_MS_20260814,E04,-22.219165999999973,-54.81222199999996
3500023103,São Gabriel do Oeste,Guarani,15.0,False,UNKNOWN,SIAGAS_MS_20260814,E04,-19.359999999999957,-54.66277699999995
3500023106,Sonora,Furnas,11.5,False,UNKNOWN,SIAGAS_MS_20260814,E04,-17.579999999999927,-54.75583299999994
3500026984,Rio Verde de Mato Grosso,Furnas,32.0,False,UNKNOWN,SIAGAS_MS_20260814,E04,-18.923332999999957,-54.84666699999997
3500027131,Dourados,Guarani,107.0,False,UNKNOWN,SIAGAS_MS_20260814,E04,-22.218610999999953,-54.81249999999994
3500045630,Dourados,,40.0,False,UNKNOWN,SIAGAS_MS_20260814,E04,-22.33416699999998,-54.801110999999935
3500022968,Bataguassu,,44.0,False,UNKNOWN,SIAGAS_MS_20260814,E04,-21.722499999999968,-52.42055499999998
3500023221,Corguinho,,22.0,False,UNKNOWN,SIAGAS_MS_20260814,E04,-19.82444399999997,-54.83416599999998
3500022709,Itaquiraí,,29.66,False,UNKNOWN,SIAGAS_MS_20260814,E04,-23.486387999999977,-54.17361099999994
3500023231,São Gabriel do Oeste,Guarani,23.15,False,UNKNOWN,SIAGAS_MS_20260814,E04,-19.266110999999967,-54.65972199999993
3500023198,Dois Irmãos do Buriti,Guarani,6.05,False,UNKNOWN,SIAGAS_MS_20260814,E04,-20.749165999999946,-55.498887999999965
3500023217,Jaraguari,Guarani,32.3,False,UNKNOWN,SIAGAS_MS_20260814,E04,-20.09916599999997,-54.75472199999996
3500023229,São Gabriel do Oeste,Guarani,23.24,False,UNKNOWN,SIAGAS_MS_20260814,E04,-19.281110999999953,-54.64694399999996
3500027125,Itaporã,Serra geral,3.0,False,UNKNOWN,SIAGAS_MS_20260814,E04,-22.079721999999947,-54.77277799999996
3500022854,Itaporã,Serra geral,10.0,False,UNKNOWN,SIAGAS_MS_20260814,E04,-22.080276999999967,-54.77333299999998
3500022598,Camapuã,Guarani,79.0,False,UNKNOWN,SIAGAS_MS_20260814,E04,-19.51388799999995,-54.04888799999998
3500022689,Antônio João,Serra geral,3.0,False,UNKNOWN,SIAGAS_MS_20260814,E04,-22.197776999999974,-55.94944399999997
3500028110,São Gabriel do Oeste,Guarani,1.51,False,UNKNOWN,SIAGAS_MS_20260814,E04,-19.40666699999997,-54.69111099999998
3500022470,Campo Grande,Serra geral,5.2,False,UNKNOWN,SIAGAS_MS_20260814,E04,-20.464443999999958,-54.599721999999986
3500022491,Campo Grande,Serra geral,4.2,False,UNKNOWN,SIAGAS_MS_20260814,E04,-20.41805499999998,-54.60722199999998
3500022492,Campo Grande,Serra geral,8.0,False,UNKNOWN,SIAGAS_MS_20260814,E04,-20.423332999999957,-54.54499999999996
3500022514,Campo Grande,Serra geral,13.0,False,UNKNOWN,SIAGAS_MS_20260814,E04,-20.435832999999946,-54.64916599999998
3500022533,Campo Grande,Serra geral,2.0,False,UNKNOWN,SIAGAS_MS_20260814,E04,-20.50277699999998,-54.56888799999996
3500022542,Ivinhema,Caiua,43.14,False,UNKNOWN,SIAGAS_MS_20260814,E04,-22.29305499999998,-53.829999999999984
3500022555,Nova Andradina,Bauru,20.3,False,UNKNOWN,SIAGAS_MS_20260814,E04,-22.236943999999937,-53.34805499999993
3500022580,Três Lagoas,Bauru,38.6,False,UNKNOWN,SIAGAS_MS_20260814,E04,-20.777221999999938,-51.74166599999995
3500022617,Japorã,Caiua,35.0,False,UNKNOWN,SIAGAS_MS_20260814,E04,-23.839721999999938,-54.54861099999994
3500022626,Corumbá,Não definido,7.1,False,UNKNOWN,SIAGAS_MS_20260814,E04,-19.070554999999956,-57.758887999999956
3500022629,Itaquiraí,Caiua,16.0,False,UNKNOWN,SIAGAS_MS_20260814,E04,-23.49333299999995,-54.18416599999995
3500022635,Naviraí,Caiua,7.1,False,UNKNOWN,SIAGAS_MS_20260814,E04,-23.03416599999997,-54.20111099999997
3500022656,Campo Grande,Serra geral,1.1,False,UNKNOWN,SIAGAS_MS_20260814,E04,-20.453610999999967,-54.70416599999999
3500022658,Campo Grande,Serra geral,20.0,False,UNKNOWN,SIAGAS_MS_20260814,E04,-20.43972199999996,-54.62611099999998
3500022664,Caracol,Rocha cristalina,21.2,False,UNKNOWN,SIAGAS_MS_20260814,E04,-21.999443999999983,-57.06888799999996
3500022673,Batayporã,Caiua,9.0,False,UNKNOWN,SIAGAS_MS_20260814,E04,-22.29555499999998,-53.26388799999995
3500022720,Naviraí,Caiua,29.0,False,UNKNOWN,SIAGAS_MS_20260814,E04,-23.048054999999977,-54.186387999999965
3500022751,Aral Moreira,Serra geral,4.57,False,UNKNOWN,SIAGAS_MS_20260814,E04,-23.02416599999998,-55.58638799999994
3500022762,Aquidauana,Aquidauana,0.0,True,UNKNOWN,SIAGAS_MS_20260814,E04,-20.45277699999997,-55.760832999999934
3500022767,Aquidauana,Aquidauana,0.0,True,UNKNOWN,SIAGAS_MS_20260814,E04,-20.466387999999938,-55.79249999999996
3500022776,Bonito,Cuiaba,10.15,False,UNKNOWN,SIAGAS_MS_20260814,E04,-21.14027699999997,-56.45055499999995
3500022783,Caracol,Rocha cristalina,24.4,False,UNKNOWN,SIAGAS_MS_20260814,E04,-22.019999999999982,-57.030554999999936
3500022787,Dois Irmãos do Buriti,Guarani,24.75,False,UNKNOWN,SIAGAS_MS_20260814,E04,-20.685554999999965,-55.27499999999998
3500022804,Sidrolândia,Guarani,27.0,False,UNKNOWN,SIAGAS_MS_20260814,E04,-20.782221999999933,-55.11055499999998
3500022830,Dourados,Serra geral,47.5,False,UNKNOWN,SIAGAS_MS_20260814,E04,-22.25222199999996,-54.81611099999998
3500022834,Dourados,Serra geral,18.0,False,UNKNOWN,SIAGAS_MS_20260814,E04,-22.238887999999974,-54.79583299999996
3500022837,Dourados,Serra geral,4.62,False,UNKNOWN,SIAGAS_MS_20260814,E04,-22.20027699999997,-54.78194399999995
3500022871,Rio Brilhante,Serra geral,8.12,False,UNKNOWN,SIAGAS_MS_20260814,E04,-21.651943999999958,-54.42944399999993
3500022905,Campo Grande,Serra geral,49.0,False,UNKNOWN,SIAGAS_MS_20260814,E04,-20.537499999999966,-54.66972199999998
3500022938,Angélica,Caiua,24.0,False,UNKNOWN,SIAGAS_MS_20260814,E04,-22.156387999999936,-53.779165999999975
3500022971,Bataguassu,Caiua,31.7,False,UNKNOWN,SIAGAS_MS_20260814,E04,-21.715276999999958,-52.43055499999997
3500022978,Santa Rita do Pardo,Caiua,11.0,False,UNKNOWN,SIAGAS_MS_20260814,E04,-21.302499999999952,-52.823054999999954
3500022990,Coxim,Furnas,15.0,False,UNKNOWN,SIAGAS_MS_20260814,E04,-18.50666599999994,-54.74138799999997
3500023022,Eldorado,Caiua,25.0,False,UNKNOWN,SIAGAS_MS_20260814,E04,-23.78444399999995,-54.281387999999936
3500023040,Coxim,Furnas,2.47,False,UNKNOWN,SIAGAS_MS_20260814,E04,-18.509165999999937,-54.75444399999998
3500023085,Bonito,Cuiaba,5.0,False,UNKNOWN,SIAGAS_MS_20260814,E04,-21.121387999999968,-56.49416599999995
3500023090,Bonito,Cuiaba,7.5,False,UNKNOWN,SIAGAS_MS_20260814,E04,-21.121110999999928,-56.45361099999997
3500023092,Bonito,Cuiaba,10.0,False,UNKNOWN,SIAGAS_MS_20260814,E04,-21.11888799999997,-56.48499999999996
3500023093,Bonito,Cuiaba,8.5,False,UNKNOWN,SIAGAS_MS_20260814,E04,-21.119721999999967,-56.49444399999999
3500023098,Aquidauana,Aquidauana,4.0,False,UNKNOWN,SIAGAS_MS_20260814,E04,-20.464165999999977,-55.76249999999993
3500026985,Douradina,Serra geral,24.85,False,UNKNOWN,SIAGAS_MS_20260814,E04,-22.041943999999944,-54.610555999999974
3500027052,Coxim,Furnas,8.4,False,UNKNOWN,SIAGAS_MS_20260814,E04,-18.519443999999964,-54.73972199999997
3500027060,Dourados,Serra geral,8.0,False,UNKNOWN,SIAGAS_MS_20260814,E04,-22.239166999999952,-54.798888999999974
3500027064,Coxim,Furnas,12.5,False,UNKNOWN,SIAGAS_MS_20260814,E04,-18.508332999999936,-54.75277799999998
3500027099,Eldorado,Caiua,32.0,False,UNKNOWN,SIAGAS_MS_20260814,E04,-23.780832999999973,-54.28333299999997
3500027100,Eldorado,Caiua,34.0,False,UNKNOWN,SIAGAS_MS_20260814,E04,-23.78305599999993,-54.276666999999975
3500027118,Caarapó,Serra geral,19.8,False,UNKNOWN,SIAGAS_MS_20260814,E04,-22.63638899999995,-54.82861099999997
3500027123,Brasilândia,Caiua,18.0,False,UNKNOWN,SIAGAS_MS_20260814,E04,-21.26444399999997,-52.03083299999997
3500027141,Dourados,Serra geral,16.9,False,UNKNOWN,SIAGAS_MS_20260814,E04,-22.256666999999936,-54.79305599999998
3500027147,São Gabriel do Oeste,Guarani,22.0,False,UNKNOWN,SIAGAS_MS_20260814,E04,-19.365832999999952,-54.538332999999966
3500027164,Rio Verde de Mato Grosso,Furnas,22.0,False,UNKNOWN,SIAGAS_MS_20260814,E04,-18.91999999999996,-54.84777799999995
3500027171,Aquidauana,Aquidauana,7.5,False,UNKNOWN,SIAGAS_MS_20260814,E04,-20.463332999999977,-55.787499999999966
3500027185,Naviraí,Caiua,24.7,False,UNKNOWN,SIAGAS_MS_20260814,E04,-23.057221999999967,-54.17944399999993
3500027186,Naviraí,Caiua,32.0,False,UNKNOWN,SIAGAS_MS_20260814,E04,-23.052777999999932,-54.17833299999995
3500027189,Três Lagoas,Serra geral,1.0,False,UNKNOWN,SIAGAS_MS_20260814,E04,-20.819166999999936,-51.72055599999993
3500027210,Antônio João,Serra geral,3.0,False,UNKNOWN,SIAGAS_MS_20260814,E04,-22.197221999999954,-55.94861099999997
3500027226,Fátima do Sul,Serra geral,12.0,False,UNKNOWN,SIAGAS_MS_20260814,E04,-22.37888899999996,-54.51361099999997
3500027234,Terenos,Serra geral,10.0,False,UNKNOWN,SIAGAS_MS_20260814,E04,-20.437221999999963,-54.86583299999995
3500027242,Bataguassu,Caiua,31.45,False,UNKNOWN,SIAGAS_MS_20260814,E04,-21.714721999999938,-52.42972199999997
3500027310,Rio Brilhante,Serra geral,8.12,False,UNKNOWN,SIAGAS_MS_20260814,E04,-21.651666999999975,-54.42749999999995
3500045301,Bataguassu,Caiua,47.0,False,UNKNOWN,SIAGAS_MS_20260814,E04,-21.722499999999968,-53.009999999999934
3500045385,Campo Grande,Guarani,4.4,False,UNKNOWN,SIAGAS_MS_20260814,E04,-21.34416699999997,-53.800832999999955
3500053092,Campo Grande,Caiua,6.0,False,UNKNOWN,SIAGAS_MS_20260814,E04,-20.934443999999928,-54.37888899999996
3500023129,Laguna Carapã,Serra geral,59.1,False,UNKNOWN,SIAGAS_MS_20260814,E04,-22.560832999999946,-55.15611099999995
3500023259,Rio Brilhante,Serra geral,12.0,False,UNKNOWN,SIAGAS_MS_20260814,E04,-21.808332999999948,-54.549999999999955
3500023261,Rio Brilhante,Serra geral,4.3,False,UNKNOWN,SIAGAS_MS_20260814,E04,-21.80694399999993,-54.551387999999974
3500023277,Bataguassu,Bauru,31.45,False,UNKNOWN,SIAGAS_MS_20260814,E04,-21.686943999999983,-52.43749999999994
3500023288,Brasilândia,Caiua,26.85,False,UNKNOWN,SIAGAS_MS_20260814,E04,-21.251387999999963,-52.029721999999936
3500023294,Três Lagoas,Caiua,16.2,False,UNKNOWN,SIAGAS_MS_20260814,E04,-20.79472199999998,-51.66555499999998
3500023374,Novo Horizonte do Sul,Caiua,24.0,False,UNKNOWN,SIAGAS_MS_20260814,E04,-22.655554999999936,-53.85999999999996
3500023375,Novo Horizonte do Sul,Caiua,24.0,False,UNKNOWN,SIAGAS_MS_20260814,E04,-22.651665999999977,-53.85777699999994
3500022474,Campo Grande,Serra geral,7.0,False,UNKNOWN,SIAGAS_MS_20260814,E04,-20.475832999999966,-54.65277699999996
3500027198,Três Lagoas,Bauru,14.0,False,UNKNOWN,SIAGAS_MS_20260814,E04,-20.784999999999968,-51.705277999999964
3500023274,Bataguassu,Caiua,33.3,False,UNKNOWN,SIAGAS_MS_20260814,E04,-21.71388799999994,-52.41749999999996
3500030634,Rio Verde de Mato Grosso,Furnas,6.0,False,UNKNOWN,SIAGAS_MS_20260814,E04,-18.915277999999944,-54.853610999999944
3500030635,Rio Verde de Mato Grosso,Furnas,33.0,False,UNKNOWN,SIAGAS_MS_20260814,E04,-18.90944399999995,-54.83749999999998
3500030637,Corguinho,Aquidauana,19.0,False,UNKNOWN,SIAGAS_MS_20260814,E04,-19.831110999999964,-54.831388999999945
3500023346,Guia Lopes da Laguna,Guarani,19.1,False,UNKNOWN,SIAGAS_MS_20260814,E04,-21.526943999999958,-56.081110999999964
3500073749,Sidrolândia,Serra geral,7.4,False,UNKNOWN,SIAGAS_MS_20260814,E04,-21.212905999999975,-55.001143999999954
3500073772,Glória de Dourados,Bauru,16.68,False,UNKNOWN,SIAGAS_MS_20260814,E04,-22.439352999999983,-54.297743999999966
3500073852,Bataguassu,Bauru,31.0,False,UNKNOWN,SIAGAS_MS_20260814,E04,-21.723805999999968,-52.365913999999975
3500073848,Jateí,Bauru,18.56,False,UNKNOWN,SIAGAS_MS_20260814,E04,-22.74644399999994,-53.80602799999997
3500073951,Fátima do Sul,Serra geral,15.2,False,UNKNOWN,SIAGAS_MS_20260814,E04,-22.374221999999975,-54.34211099999993
3500072943,Ribas do Rio Pardo,Bauru,67.86,False,UNKNOWN,SIAGAS_MS_20260814,E04,-19.793102999999974,-53.87607799999995
3500072522,Ponta Porã,Serra geral,9.7,False,UNKNOWN,SIAGAS_MS_20260814,E04,-22.46407199999993,-55.740407999999945
3500073253,Campo Grande,Serra geral,10.1,False,UNKNOWN,SIAGAS_MS_20260814,E04,-20.510438999999963,-54.58355299999994
3500073247,Mundo Novo,Bauru,15.0,False,UNKNOWN,SIAGAS_MS_20260814,E04,-23.869452999999965,-54.32663299999996
3500073302,Itaquiraí,Bauru,7.52,False,UNKNOWN,SIAGAS_MS_20260814,E04,-23.168857999999943,-54.199505999999985
3500073413,Bandeirantes,Serra geral,27.4,False,UNKNOWN,SIAGAS_MS_20260814,E04,-19.602777999999944,-54.41555599999998
3500022688,Antônio João,Serra geral,4.5,False,UNKNOWN,SIAGAS_MS_20260814,E04,-22.19305499999996,-55.957776999999965
3500022690,Aral Moreira,Serra geral,3.65,False,UNKNOWN,SIAGAS_MS_20260814,E04,-22.944721999999956,-55.634443999999974
3500022701,Eldorado,Caiua,38.3,False,UNKNOWN,SIAGAS_MS_20260814,E04,-23.78583299999997,-54.287221999999986
3500022702,Eldorado,Caiua,34.0,False,UNKNOWN,SIAGAS_MS_20260814,E04,-23.78361099999995,-54.27722199999994
3500022727,Ponta Porã,Serra geral,38.0,False,UNKNOWN,SIAGAS_MS_20260814,E04,-22.542776999999944,-55.718887999999936
3500022731,Ponta Porã,Serra geral,38.0,False,UNKNOWN,SIAGAS_MS_20260814,E04,-22.552221999999972,-55.706943999999964
3500022753,Anastácio,Aquidauana,18.5,False,UNKNOWN,SIAGAS_MS_20260814,E04,-20.48083299999996,-55.81527699999998
3500022979,Santa Rita do Pardo,Caiua,5.0,False,UNKNOWN,SIAGAS_MS_20260814,E04,-21.292776999999944,-52.82583299999993
3500023063,Bonito,Cuiaba,8.0,False,UNKNOWN,SIAGAS_MS_20260814,E04,-21.109999999999957,-56.458887999999945
3500023066,Dourados,Serra geral,10.0,False,UNKNOWN,SIAGAS_MS_20260814,E04,-22.11722199999997,-54.696387999999956
3500067285,Dourados,Serra geral,2.4,False,UNKNOWN,SIAGAS_MS_20260814,E04,-22.186110999999983,-54.82555599999995
3500022695,Caarapó,Serra geral,19.5,False,UNKNOWN,SIAGAS_MS_20260814,E04,-22.633610999999974,-54.819721999999956
3500022985,Três Lagoas,Bauru,13.03,False,UNKNOWN,SIAGAS_MS_20260814,E04,-20.78888799999993,-51.708054999999945
3500022999,Rio Negro,Furnas,12.1,False,UNKNOWN,SIAGAS_MS_20260814,E04,-19.436387999999965,-55.041665999999964
3500023252,Camapuã,Guarani,22.7,False,UNKNOWN,SIAGAS_MS_20260814,E04,-19.589165999999977,-54.037221999999986
3500067497,Jaraguari,Guarani,9.5,False,UNKNOWN,SIAGAS_MS_20260814,E04,-20.053332999999952,-54.651666999999975
3500067701,Ribas do Rio Pardo,Serra geral,40.0,False,UNKNOWN,SIAGAS_MS_20260814,E04,-20.27444399999996,-53.72638899999998
3500030644,Terenos,,50.5,False,UNKNOWN,SIAGAS_MS_20260814,E04,-20.690277999999978,-55.00583299999994
3500045685,Campo Grande,,15.0,False,UNKNOWN,SIAGAS_MS_20260814,E04,-20.443610999999976,-54.550277999999935
3500053080,Miranda,,6.0,False,UNKNOWN,SIAGAS_MS_20260814,E04,-20.00416699999994,-56.27277799999996
3500022602,Camapuã,Guarani,13.7,False,UNKNOWN,SIAGAS_MS_20260814,E04,-19.58888799999994,-54.03666599999997
3500022692,Caarapó,Serra geral,10.9,False,UNKNOWN,SIAGAS_MS_20260814,E04,-22.639165999999932,-54.81222199999996
3500022811,Sidrolândia,Guarani,68.5,False,UNKNOWN,SIAGAS_MS_20260814,E04,-20.938332999999943,-54.948887999999954
3500022940,Campo Grande,Serra geral,18.0,False,UNKNOWN,SIAGAS_MS_20260814,E04,-20.414999999999964,-54.63416599999994
3500071675,Sidrolândia,Serra geral,23.5,False,UNKNOWN,SIAGAS_MS_20260814,E04,-21.144957999999974,-55.13080599999995
3500022475,Campo Grande,Guarani,4.0,False,UNKNOWN,SIAGAS_MS_20260814,E04,-20.480276999999944,-54.62805499999996
3500022479,Campo Grande,Serra geral,7.0,False,UNKNOWN,SIAGAS_MS_20260814,E04,-20.47194399999995,-54.551387999999974
3500022489,Campo Grande,Serra geral,38.0,False,UNKNOWN,SIAGAS_MS_20260814,E04,-20.393887999999947,-54.56777699999998
3500022505,Campo Grande,Serra geral,15.0,False,UNKNOWN,SIAGAS_MS_20260814,E04,-20.428610999999933,-54.57444399999997
3500022509,Campo Grande,Guarani,43.0,False,UNKNOWN,SIAGAS_MS_20260814,E04,-20.537499999999966,-54.67277699999994
3500022527,Campo Grande,Serra geral,47.0,False,UNKNOWN,SIAGAS_MS_20260814,E04,-20.42111099999994,-54.56888799999996
3500022558,Taquarussu,Serra geral,6.2,False,UNKNOWN,SIAGAS_MS_20260814,E04,-22.487221999999974,-53.354443999999944
3500022573,Inocência,Serra geral,21.9,False,UNKNOWN,SIAGAS_MS_20260814,E04,-19.72388799999993,-51.92249999999996
3500022577,Três Lagoas,Bauru,17.0,False,UNKNOWN,SIAGAS_MS_20260814,E04,-20.79694399999994,-51.66888799999998
3500022603,Sonora,Furnas,32.0,False,UNKNOWN,SIAGAS_MS_20260814,E04,-17.586387999999943,-54.75055499999996
3500022605,Sonora,Furnas,20.0,False,UNKNOWN,SIAGAS_MS_20260814,E04,-17.584165999999982,-54.75083299999994
3500022628,Juti,Guarani,14.0,False,UNKNOWN,SIAGAS_MS_20260814,E04,-22.85694399999994,-54.634721999999954
3500022630,Caarapó,Serra geral,10.4,False,UNKNOWN,SIAGAS_MS_20260814,E04,-22.631943999999976,-54.81722199999996
3500022632,Caarapó,Serra geral,24.0,False,UNKNOWN,SIAGAS_MS_20260814,E04,-22.636387999999954,-54.82944399999997
3500022948,Campo Grande,Guarani,0.5,False,UNKNOWN,SIAGAS_MS_20260814,E04,-20.51388799999995,-54.592776999999955
3500022964,Brasilândia,Serra geral,18.0,False,UNKNOWN,SIAGAS_MS_20260814,E04,-21.25194399999998,-52.03361099999995
3500023018,Três Lagoas,Bauru,31.88,False,UNKNOWN,SIAGAS_MS_20260814,E04,-20.78361099999995,-51.74388799999997
3500027040,Pedro Gomes,Furnas,6.95,False,UNKNOWN,SIAGAS_MS_20260814,E04,-18.09944399999995,-54.54416699999996
3500027092,Jateí,Serra geral,6.0,False,UNKNOWN,SIAGAS_MS_20260814,E04,-22.476388999999983,-54.310832999999946
3500023222,Rochedo,,5.0,False,UNKNOWN,SIAGAS_MS_20260814,E04,-19.78888799999993,-54.76305499999995
3500023178,Anaurilândia,,24.0,False,UNKNOWN,SIAGAS_MS_20260814,E04,-22.178332999999952,-52.71833299999997
3500023344,Nioaque,Guarani,40.0,False,UNKNOWN,SIAGAS_MS_20260814,E04,-21.25333299999994,-55.97361099999995
3500023139,Amambai,Guarani,7.03,False,UNKNOWN,SIAGAS_MS_20260814,E04,-23.104443999999944,-55.226943999999946
3500023137,Amambai,Guarani,22.0,False,UNKNOWN,SIAGAS_MS_20260814,E04,-23.10694399999994,-55.23055499999998
3500023219,Rochedo,Guarani,11.0,False,UNKNOWN,SIAGAS_MS_20260814,E04,-19.881943999999976,-54.62722199999996
3500023246,Camapuã,Guarani,40.2,False,UNKNOWN,SIAGAS_MS_20260814,E04,-19.559999999999945,-54.038610999999946
3500023315,Aparecida do Taboado,Serra geral,11.0,False,UNKNOWN,SIAGAS_MS_20260814,E04,-20.084443999999962,-51.09944399999995
3500023320,Aparecida do Taboado,Não definido,10.0,False,UNKNOWN,SIAGAS_MS_20260814,E04,-20.09499999999997,-51.028332999999975
3500022486,Campo Grande,Serra geral,12.0,False,UNKNOWN,SIAGAS_MS_20260814,E04,-20.472499999999968,-54.58527699999996
3500022522,Campo Grande,Serra geral,6.0,False,UNKNOWN,SIAGAS_MS_20260814,E04,-20.415554999999927,-54.59666599999997
3500022693,Caarapó,Serra geral,18.0,False,UNKNOWN,SIAGAS_MS_20260814,E04,-22.642499999999927,-54.82444399999997
3500022872,Rio Brilhante,Serra geral,15.4,False,UNKNOWN,SIAGAS_MS_20260814,E04,-21.79499999999996,-54.552776999999935
3500065098,Campo Grande,Serra geral,2.3,False,UNKNOWN,SIAGAS_MS_20260814,E04,-20.454999999999927,-54.70388899999995
3500026840,Iguatemi,Caiua,4.15,False,UNKNOWN,SIAGAS_MS_20260814,E04,-23.66972199999998,-54.56499999999994
3500029178,Santa Rita do Pardo,Bauru,13.65,False,UNKNOWN,SIAGAS_MS_20260814,E04,-21.300555999999972,-52.818888999999956
3500069520,Glória de Dourados,Bauru_Caiua,26.1,False,UNKNOWN,SIAGAS_MS_20260814,E04,-22.350221999999974,-54.276138999999944
3500022494,Campo Grande,Serra geral,18.0,False,UNKNOWN,SIAGAS_MS_20260814,E04,-20.42111099999994,-54.623332999999946
3500022511,Campo Grande,Serra geral,8.0,False,UNKNOWN,SIAGAS_MS_20260814,E04,-20.460276999999962,-54.636665999999934
3500022539,Batayporã,Caiua,14.0,False,UNKNOWN,SIAGAS_MS_20260814,E04,-22.300554999999974,-53.26444399999997
3500022553,Nova Andradina,Bauru,10.5,False,UNKNOWN,SIAGAS_MS_20260814,E04,-22.254443999999978,-53.34055499999994
3500022592,Coxim,Furnas,13.6,False,UNKNOWN,SIAGAS_MS_20260814,E04,-18.51194399999997,-54.74444399999999
3500022601,Camapuã,Guarani,18.0,False,UNKNOWN,SIAGAS_MS_20260814,E04,-19.528332999999975,-54.04305499999998
3500022612,Rio Verde de Mato Grosso,Furnas,6.0,False,UNKNOWN,SIAGAS_MS_20260814,E04,-18.923887999999977,-54.84722199999993
3500022616,Bataguassu,Caiua,50.0,False,UNKNOWN,SIAGAS_MS_20260814,E04,-21.76222199999995,-52.55249999999995
3500022647,Angélica,Caiua,16.62,False,UNKNOWN,SIAGAS_MS_20260814,E04,-22.15972199999993,-53.77249999999998
3500022660,Bonito,Cuiaba,60.0,False,UNKNOWN,SIAGAS_MS_20260814,E04,-21.24249999999995,-56.447776999999974
3500022667,Aral Moreira,Serra geral,9.33,False,UNKNOWN,SIAGAS_MS_20260814,E04,-22.771110999999962,-55.62722199999996
3500022677,Nova Andradina,Bauru,27.0,False,UNKNOWN,SIAGAS_MS_20260814,E04,-22.23111099999994,-53.33666599999998
3500022717,Mundo Novo,Bauru,18.6,False,UNKNOWN,SIAGAS_MS_20260814,E04,-23.924721999999974,-54.29222199999998
3500022756,Anastácio,Aquidauana,8.0,False,UNKNOWN,SIAGAS_MS_20260814,E04,-20.47472199999993,-55.811665999999946
3500022778,Caracol,Rocha cristalina,0.0,True,UNKNOWN,SIAGAS_MS_20260814,E04,-22.01277699999997,-57.028332999999975
3500022782,Caracol,Rocha cristalina,3.0,False,UNKNOWN,SIAGAS_MS_20260814,E04,-22.011387999999954,-57.02166599999998
3500022788,Dois Irmãos do Buriti,Guarani,18.5,False,UNKNOWN,SIAGAS_MS_20260814,E04,-20.688332999999943,-55.27083299999998
3500022791,Jardim,Aquidauana,8.0,False,UNKNOWN,SIAGAS_MS_20260814,E04,-21.486387999999977,-56.14166599999999
3500022794,Bodoquena,Cuiaba,3.15,False,UNKNOWN,SIAGAS_MS_20260814,E04,-20.53472199999993,-56.90194399999996
3500022796,Bodoquena,Rocha cristalina,3.25,False,UNKNOWN,SIAGAS_MS_20260814,E04,-20.533887999999934,-56.89916599999998
3500022797,Aquidauana,Aquidauana,6.0,False,UNKNOWN,SIAGAS_MS_20260814,E04,-20.12833299999994,-55.39583299999998
3500022802,Dois Irmãos do Buriti,Aquidauana,9.5,False,UNKNOWN,SIAGAS_MS_20260814,E04,-20.45333299999993,-55.424999999999955
3500022818,Terenos,Serra geral,24.0,False,UNKNOWN,SIAGAS_MS_20260814,E04,-20.44333299999994,-54.86027699999994
3500022835,Dourados,Serra geral,13.4,False,UNKNOWN,SIAGAS_MS_20260814,E04,-22.24361099999993,-54.79222199999998
3500022838,Dourados,Serra geral,39.67,False,UNKNOWN,SIAGAS_MS_20260814,E04,-22.228610999999944,-54.78638799999993
3500022878,Dourados,Serra geral,11.0,False,UNKNOWN,SIAGAS_MS_20260814,E04,-22.085554999999943,-54.50638799999996
3500022902,Campo Grande,Serra geral,15.0,False,UNKNOWN,SIAGAS_MS_20260814,E04,-20.50555499999996,-54.593054999999936
3500022907,Campo Grande,Serra geral,2.9,False,UNKNOWN,SIAGAS_MS_20260814,E04,-20.534999999999968,-54.623887999999965
3500022911,Campo Grande,Serra geral,1.5,False,UNKNOWN,SIAGAS_MS_20260814,E04,-20.560276999999928,-54.57972199999995
3500022914,Campo Grande,Caiua,17.0,False,UNKNOWN,SIAGAS_MS_20260814,E04,-20.39055499999995,-54.558610999999985
3500022932,Anaurilândia,Caiua,10.0,False,UNKNOWN,SIAGAS_MS_20260814,E04,-22.191110999999978,-52.72166599999997
3500022933,Anaurilândia,Caiua,20.5,False,UNKNOWN,SIAGAS_MS_20260814,E04,-22.182221999999967,-52.72111099999995
3500022935,Angélica,Caiua,26.0,False,UNKNOWN,SIAGAS_MS_20260814,E04,-22.14749999999998,-53.78111099999995
3500022939,Angélica,Caiua,25.0,False,UNKNOWN,SIAGAS_MS_20260814,E04,-22.156387999999936,-53.77888799999994
3500022944,Campo Grande,Serra geral,2.65,False,UNKNOWN,SIAGAS_MS_20260814,E04,-20.456943999999964,-54.65611099999995
3500022965,Bataguassu,Caiua,32.0,False,UNKNOWN,SIAGAS_MS_20260814,E04,-21.714721999999938,-52.425832999999955
3500022988,Brasilândia,Caiua,26.0,False,UNKNOWN,SIAGAS_MS_20260814,E04,-21.257221999999956,-52.039443999999946
3500023006,Rio Verde de Mato Grosso,Furnas,6.8,False,UNKNOWN,SIAGAS_MS_20260814,E04,-18.923887999999977,-54.84722199999993
3500023055,Nova Andradina,Bauru,25.0,False,UNKNOWN,SIAGAS_MS_20260814,E04,-22.235832999999957,-53.340832999999975
3500023114,Corumbá,Não definido,10.5,False,UNKNOWN,SIAGAS_MS_20260814,E04,-19.09916599999997,-57.685832999999946
3500023122,Corumbá,Não definido,45.5,False,UNKNOWN,SIAGAS_MS_20260814,E04,-19.317776999999978,-57.47249999999997
3500023160,Aral Moreira,Serra geral,7.3,False,UNKNOWN,SIAGAS_MS_20260814,E04,-22.94944399999997,-55.623332999999946
3500026988,Ivinhema,Caiua,51.18,False,UNKNOWN,SIAGAS_MS_20260814,E04,-22.309721999999965,-53.827499999999986
3500027009,Miranda,Cuiaba,45.0,False,UNKNOWN,SIAGAS_MS_20260814,E04,-20.009721999999954,-56.32972199999995
3500027014,Amambai,Caiua,18.0,False,UNKNOWN,SIAGAS_MS_20260814,E04,-23.124166999999943,-55.11305599999997
3500027034,Novo Horizonte do Sul,Caiua,9.5,False,UNKNOWN,SIAGAS_MS_20260814,E04,-22.64805599999994,-53.850277999999946
3500027036,Iguatemi,Caiua,8.12,False,UNKNOWN,SIAGAS_MS_20260814,E04,-23.70111099999997,-54.573332999999934
3500027055,Camapuã,Serra geral,13.7,False,UNKNOWN,SIAGAS_MS_20260814,E04,-19.588610999999958,-54.03611099999995
3500027056,Camapuã,Guarani,25.9,False,UNKNOWN,SIAGAS_MS_20260814,E04,-19.526110999999958,-54.040832999999964
3500027065,Coxim,Furnas,4.6,False,UNKNOWN,SIAGAS_MS_20260814,E04,-18.51111099999997,-54.756388999999956
3500027097,Aparecida do Taboado,Bauru,18.5,False,UNKNOWN,SIAGAS_MS_20260814,E04,-20.03388899999993,-51.11499999999995
3500027112,Jateí,Caiua,28.4,False,UNKNOWN,SIAGAS_MS_20260814,E04,-22.557777999999928,-54.29611099999994
3500027150,Alcinópolis,Guarani,7.3,False,UNKNOWN,SIAGAS_MS_20260814,E04,-18.32305599999995,-53.71166699999998
3500027151,Coxim,Furnas,2.2,False,UNKNOWN,SIAGAS_MS_20260814,E04,-18.509721999999954,-54.758888999999954
3500027160,Dourados,Serra geral,10.0,False,UNKNOWN,SIAGAS_MS_20260814,E04,-22.119166999999948,-54.695832999999936
3500027169,Taquarussu,Caiua,6.2,False,UNKNOWN,SIAGAS_MS_20260814,E04,-22.487499999999955,-53.35472199999998
3500027197,Dourados,Serra geral,33.0,False,UNKNOWN,SIAGAS_MS_20260814,E04,-22.18111099999993,-54.67194399999994
3500027216,Ponta Porã,Serra geral,2.0,False,UNKNOWN,SIAGAS_MS_20260814,E04,-22.48194399999994,-55.72916699999996
3500027220,Amambai,Serra geral,54.0,False,UNKNOWN,SIAGAS_MS_20260814,E04,-23.103610999999944,-55.224999999999966
3500027228,Nova Alvorada do Sul,Serra geral,42.08,False,UNKNOWN,SIAGAS_MS_20260814,E04,-21.44888899999995,-54.36416699999995
3500027231,Eldorado,Caiua,16.0,False,UNKNOWN,SIAGAS_MS_20260814,E04,-23.798610999999937,-54.103332999999964
3500027245,Bodoquena,Aquidauana,3.45,False,UNKNOWN,SIAGAS_MS_20260814,E04,-20.551110999999935,-56.68138899999997
3500027309,Ponta Porã,Serra geral,4.0,False,UNKNOWN,SIAGAS_MS_20260814,E04,-22.497221999999965,-55.72166699999997
3500045386,Taquarussu,Aluvionar,6.0,False,UNKNOWN,SIAGAS_MS_20260814,E04,-22.488332999999955,-53.39861099999996
3500053081,Campo Grande,Serra geral,12.0,False,UNKNOWN,SIAGAS_MS_20260814,E04,-20.464443999999958,-54.60722199999998
3500023214,Rochedo,Aquidauana,37.0,False,UNKNOWN,SIAGAS_MS_20260814,E04,-19.956665999999927,-54.883332999999936
3500023289,Brasilândia,Caiua,16.0,False,UNKNOWN,SIAGAS_MS_20260814,E04,-21.25222199999996,-52.03305499999993
3500023292,Três Lagoas,Caiua,12.09,False,UNKNOWN,SIAGAS_MS_20260814,E04,-20.78611099999995,-51.706110999999964
3500023300,Três Lagoas,Bauru,16.0,False,UNKNOWN,SIAGAS_MS_20260814,E04,-20.777499999999975,-51.664999999999964
3500023309,Inocência,Bauru,39.1,False,UNKNOWN,SIAGAS_MS_20260814,E04,-19.73249999999996,-51.92944399999993
3500023329,Chapadão do Sul,Bauru,48.1,False,UNKNOWN,SIAGAS_MS_20260814,E04,-18.79777699999994,-52.62444399999998
3500023334,Costa Rica,Serra geral,2.7,False,UNKNOWN,SIAGAS_MS_20260814,E04,-18.534999999999968,-53.12805499999996
3500023372,Naviraí,Bauru,29.0,False,UNKNOWN,SIAGAS_MS_20260814,E04,-23.048332999999957,-54.186387999999965
3500023377,Glória de Dourados,Serra geral,0.0,True,UNKNOWN,SIAGAS_MS_20260814,E04,-22.42166599999996,-54.23194399999994
3500023381,Ivinhema,Caiua,37.0,False,UNKNOWN,SIAGAS_MS_20260814,E04,-22.313887999999963,-53.82361099999997
3500023228,São Gabriel do Oeste,Guarani,0.0,True,UNKNOWN,SIAGAS_MS_20260814,E04,-19.383887999999956,-54.57861099999997
3500045620,Rio Brilhante,Serra geral,5.5,False,UNKNOWN,SIAGAS_MS_20260814,E04,-21.78555599999993,-54.53583299999997
3500022525,Campo Grande,Caiua,20.0,False,UNKNOWN,SIAGAS_MS_20260814,E04,-20.424721999999974,-54.57583299999993
3500027174,Três Lagoas,Bauru,15.4,False,UNKNOWN,SIAGAS_MS_20260814,E04,-20.778332999999975,-51.698332999999934
3500023269,Nova Alvorada do Sul,Serra geral,41.61,False,UNKNOWN,SIAGAS_MS_20260814,E04,-21.464443999999958,-54.37972199999996
3500023282,Santa Rita do Pardo,Caiua,0.0,True,UNKNOWN,SIAGAS_MS_20260814,E04,-21.30666599999995,-52.83138799999995
3500023291,Três Lagoas,Caiua,13.1,False,UNKNOWN,SIAGAS_MS_20260814,E04,-20.78527699999995,-51.70555499999995
3500027319,Nova Andradina,Caiua,13.6,False,UNKNOWN,SIAGAS_MS_20260814,E04,-21.995277999999928,-53.41555599999998
3500073567,Água Clara,Bauru,32.01,False,UNKNOWN,SIAGAS_MS_20260814,E04,-19.760752999999966,-52.68544399999996
3500073565,Brasilândia,Bauru,48.8,False,UNKNOWN,SIAGAS_MS_20260814,E04,-21.008238999999946,-52.70993099999998
3500030620,Bonito,Cuiaba,12.0,False,UNKNOWN,SIAGAS_MS_20260814,E04,-21.123332999999946,-56.50111099999998
3500027070,Maracaju,Serra geral,14.0,False,UNKNOWN,SIAGAS_MS_20260814,E04,-21.620555999999965,-55.15722199999993
3500073608,Itaquiraí,Bauru,27.0,False,UNKNOWN,SIAGAS_MS_20260814,E04,-23.477205999999967,-54.21243899999996
3500073611,São Gabriel do Oeste,Botucatu,37.82,False,UNKNOWN,SIAGAS_MS_20260814,E04,-19.26249699999994,-54.58695299999994
3500073619,Bandeirantes,Bauru,23.65,False,UNKNOWN,SIAGAS_MS_20260814,E04,-19.70475799999997,-54.34057799999994
3500073621,Água Clara,Bauru,25.7,False,UNKNOWN,SIAGAS_MS_20260814,E04,-20.298610999999937,-53.029721999999936
3500073633,Brasilândia,Bauru,39.79,False,UNKNOWN,SIAGAS_MS_20260814,E04,-21.228582999999958,-52.004193999999984
3500073636,Vicentina,Serra geral,19.7,False,UNKNOWN,SIAGAS_MS_20260814,E04,-22.437277999999935,-54.35951399999993
3500073635,Dourados,Serra geral,4.45,False,UNKNOWN,SIAGAS_MS_20260814,E04,-22.15438899999998,-54.51086099999998
3500073642,Itaquiraí,Bauru,24.0,False,UNKNOWN,SIAGAS_MS_20260814,E04,-23.49833099999995,-54.14559399999996
3500073648,Campo Grande,Serra geral,53.21,False,UNKNOWN,SIAGAS_MS_20260814,E04,-20.470321999999953,-54.53418099999993
3500073646,Terenos,Serra geral,22.5,False,UNKNOWN,SIAGAS_MS_20260814,E04,-20.34384199999994,-54.77619199999998
3500073657,Glória de Dourados,Bauru,16.51,False,UNKNOWN,SIAGAS_MS_20260814,E04,-22.501399999999933,-54.09607799999998
3500073656,Vicentina,Bauru,24.15,False,UNKNOWN,SIAGAS_MS_20260814,E04,-22.42368099999993,-54.40301899999997
3500073688,Água Clara,Bauru,15.83,False,UNKNOWN,SIAGAS_MS_20260814,E04,-20.43627799999996,-52.85972199999998
3500073687,Jateí,Bauru,10.37,False,UNKNOWN,SIAGAS_MS_20260814,E04,-22.506185999999957,-54.31959199999994
3500073698,Ivinhema,Bauru,32.45,False,UNKNOWN,SIAGAS_MS_20260814,E04,-22.310013999999967,-53.82999199999995
3500073708,Batayporã,Bauru,8.0,False,UNKNOWN,SIAGAS_MS_20260814,E04,-22.283646999999974,-53.268066999999974
3500073712,Glória de Dourados,Bauru,25.6,False,UNKNOWN,SIAGAS_MS_20260814,E04,-22.51245599999993,-54.10401899999994
3500073730,Dourados,Serra geral,28.48,False,UNKNOWN,SIAGAS_MS_20260814,E04,-22.22395599999993,-54.790471999999966
3500073738,Bataguassu,Bauru,31.0,False,UNKNOWN,SIAGAS_MS_20260814,E04,-21.67416099999997,-52.27749199999994
3500073746,Três Lagoas,Bauru,20.08,False,UNKNOWN,SIAGAS_MS_20260814,E04,-20.77709999999996,-51.66809699999993
3500073753,Dourados,Serra geral,7.1,False,UNKNOWN,SIAGAS_MS_20260814,E04,-22.039277999999968,-54.464943999999946
3500073769,Campo Grande,Serra geral,3.81,False,UNKNOWN,SIAGAS_MS_20260814,E04,-20.546907999999974,-54.588441999999986
3500073781,Rio Brilhante,Serra geral,35.01,False,UNKNOWN,SIAGAS_MS_20260814,E04,-21.842499999999973,-54.665832999999964
3500073787,Brasilândia,Bauru,32.4,False,UNKNOWN,SIAGAS_MS_20260814,E04,-21.22944199999995,-52.04690799999997
3500073778,Vicentina,Serra geral,7.21,False,UNKNOWN,SIAGAS_MS_20260814,E04,-22.372138999999947,-54.41252799999995
3500073821,Dourados,Serra geral,2.67,False,UNKNOWN,SIAGAS_MS_20260814,E04,-22.242738999999972,-54.48937799999993
3500073815,Glória de Dourados,Bauru,26.5,False,UNKNOWN,SIAGAS_MS_20260814,E04,-22.47083299999997,-54.223555999999974
3500073834,Campo Grande,Bauru,32.0,False,UNKNOWN,SIAGAS_MS_20260814,E04,-20.463888999999938,-54.548055999999974
3500073833,Laguna Carapã,Serra geral,17.02,False,UNKNOWN,SIAGAS_MS_20260814,E04,-22.489721999999972,-55.05444399999993
3500073859,São Gabriel do Oeste,Botucatu,11.7,False,UNKNOWN,SIAGAS_MS_20260814,E04,-19.295593999999937,-54.60083099999997
3500073863,Campo Grande,Serra geral,9.8,False,UNKNOWN,SIAGAS_MS_20260814,E04,-20.502749999999935,-54.736666999999954
3500073873,Dourados,Serra geral,4.8,False,UNKNOWN,SIAGAS_MS_20260814,E04,-22.27270599999997,-54.48406399999993
3500073886,Jateí,Bauru,12.55,False,UNKNOWN,SIAGAS_MS_20260814,E04,-22.516471999999965,-54.20991699999996
3500073896,Brasilândia,Bauru,11.55,False,UNKNOWN,SIAGAS_MS_20260814,E04,-21.25499199999996,-52.07380299999994
3500073904,Campo Grande,Bauru,42.98,False,UNKNOWN,SIAGAS_MS_20260814,E04,-20.46745599999997,-54.52297199999998
3500073918,Campo Grande,Serra geral,17.0,False,UNKNOWN,SIAGAS_MS_20260814,E04,-20.449055999999928,-54.57107499999995
3500073917,Terenos,Serra geral,8.84,False,UNKNOWN,SIAGAS_MS_20260814,E04,-20.425735999999972,-55.00228299999998
3500073923,Dourados,Serra geral,6.98,False,UNKNOWN,SIAGAS_MS_20260814,E04,-22.22455599999995,-54.84004199999998
3500073935,Dourados,Serra geral,20.0,False,UNKNOWN,SIAGAS_MS_20260814,E04,-22.20833099999993,-54.39618299999995
3500073950,Dourados,Serra geral,8.75,False,UNKNOWN,SIAGAS_MS_20260814,E04,-21.97174999999993,-54.371943999999985
3500072973,Campo Grande,Serra geral,10.5,False,UNKNOWN,SIAGAS_MS_20260814,E04,-20.382285999999965,-54.62351899999993
3500072935,Itaporã,Serra geral,18.1,False,UNKNOWN,SIAGAS_MS_20260814,E04,-22.111805999999945,-54.96141699999998
3500072902,Campo Grande,Serra geral,23.56,False,UNKNOWN,SIAGAS_MS_20260814,E04,-20.46160599999996,-54.61000799999994
3500072900,Campo Grande,Serra geral,8.75,False,UNKNOWN,SIAGAS_MS_20260814,E04,-20.472657999999967,-54.73089199999998
3500072861,Nova Andradina,Bauru,22.0,False,UNKNOWN,SIAGAS_MS_20260814,E04,-22.28487199999995,-53.37950299999994
3500072838,Campo Grande,Serra geral,9.4,False,UNKNOWN,SIAGAS_MS_20260814,E04,-20.475999999999942,-54.735630999999955
3500072835,Dourados,Serra geral,12.18,False,UNKNOWN,SIAGAS_MS_20260814,E04,-22.221274999999935,-54.813455999999974
3500072826,Costa Rica,Bauru,21.0,False,UNKNOWN,SIAGAS_MS_20260814,E04,-18.461446999999964,-53.16958599999998
3500072802,Nova Andradina,Bauru,30.4,False,UNKNOWN,SIAGAS_MS_20260814,E04,-21.98115599999994,-53.41246899999993
3500072757,Laguna Carapã,Serra geral,31.59,False,UNKNOWN,SIAGAS_MS_20260814,E04,-22.47921699999995,-55.077849999999955
3500072736,Campo Grande,Serra geral,15.4,False,UNKNOWN,SIAGAS_MS_20260814,E04,-20.474274999999977,-54.72735299999994
3500072725,Ribas do Rio Pardo,Serra geral,19.0,False,UNKNOWN,SIAGAS_MS_20260814,E04,-19.980924999999957,-53.27434199999993
3500072715,Chapadão do Sul,Bauru,32.4,False,UNKNOWN,SIAGAS_MS_20260814,E04,-18.800780999999972,-52.62571099999997
3500072709,Campo Grande,Serra geral,93.0,False,UNKNOWN,SIAGAS_MS_20260814,E04,-20.53722199999993,-54.60666699999996
3500072675,Figueirão,Botucatu,7.4,False,UNKNOWN,SIAGAS_MS_20260814,E04,-18.67758299999997,-53.63824999999997
3500072672,Dourados,Serra geral,10.98,False,UNKNOWN,SIAGAS_MS_20260814,E04,-22.20472499999994,-54.80334399999998
3500072641,Campo Grande,Serra geral,31.0,False,UNKNOWN,SIAGAS_MS_20260814,E04,-20.452916999999957,-54.547424999999976
3500072581,Campo Grande,Serra geral,8.0,False,UNKNOWN,SIAGAS_MS_20260814,E04,-20.45189199999993,-54.64485799999994
3500072530,Água Clara,Serra geral,17.35,False,UNKNOWN,SIAGAS_MS_20260814,E04,-20.43399999999997,-52.868480999999974
3500072505,Nova Andradina,Bauru,30.0,False,UNKNOWN,SIAGAS_MS_20260814,E04,-22.287999999999954,-53.38299999999998
3500072455,Coxim,Furnas,1.9300000000000002,False,UNKNOWN,SIAGAS_MS_20260814,E04,-18.532205999999974,-54.74560799999995
3500072451,Três Lagoas,Bauru,19.4,False,UNKNOWN,SIAGAS_MS_20260814,E04,-20.78535299999993,-51.73642199999995
3500072449,Chapadão do Sul,Bauru,117.0,False,UNKNOWN,SIAGAS_MS_20260814,E04,-18.944999999999936,-52.790277999999944
3500072447,Alcinópolis,Botucatu,18.02,False,UNKNOWN,SIAGAS_MS_20260814,E04,-18.327818999999977,-53.69918599999994
3500072444,Dourados,Serra geral,29.59,False,UNKNOWN,SIAGAS_MS_20260814,E04,-22.220482999999945,-54.746077999999954
3500072437,Ribas do Rio Pardo,Bauru,73.69,False,UNKNOWN,SIAGAS_MS_20260814,E04,-20.32047499999993,-53.14921399999997
3500072409,Paranaíba,Serra geral,24.2,False,UNKNOWN,SIAGAS_MS_20260814,E04,-19.702124999999967,-51.17853299999996
3500072405,Aparecida do Taboado,Bauru,20.0,False,UNKNOWN,SIAGAS_MS_20260814,E04,-20.08622799999995,-51.06430799999998
3500072386,Rio Brilhante,Serra geral,7.5,False,UNKNOWN,SIAGAS_MS_20260814,E04,-21.919277999999963,-54.508943999999985
3500072372,Aral Moreira,Serra geral,9.83,False,UNKNOWN,SIAGAS_MS_20260814,E04,-22.939796999999942,-55.62386099999998
3500072365,Sidrolândia,Serra geral,85.0,False,UNKNOWN,SIAGAS_MS_20260814,E04,-20.89203299999997,-54.96540599999997
3500072313,Campo Grande,Serra geral,127.0,False,UNKNOWN,SIAGAS_MS_20260814,E04,-20.47968099999997,-54.759905999999944
3500072307,Douradina,Serra geral,89.14,False,UNKNOWN,SIAGAS_MS_20260814,E04,-22.04094699999996,-54.60532499999994
3500072305,Água Clara,Bauru,29.78,False,UNKNOWN,SIAGAS_MS_20260814,E04,-20.43845799999997,-52.84564199999994
3500072200,Aquidauana,Bauru,6.0,False,UNKNOWN,SIAGAS_MS_20260814,E04,-20.288018999999963,-56.07823899999994
3500072187,Terenos,Botucatu,117.87,False,UNKNOWN,SIAGAS_MS_20260814,E04,-20.486535999999944,-54.812216999999976
3500072159,Maracaju,Botucatu,100.08,False,UNKNOWN,SIAGAS_MS_20260814,E04,-21.73333299999996,-55.51305599999995
3500072158,Rio Brilhante,Botucatu,19.95,False,UNKNOWN,SIAGAS_MS_20260814,E04,-21.51916699999998,-54.70888899999994
3500072146,Bandeirantes,Serra geral,81.2,False,UNKNOWN,SIAGAS_MS_20260814,E04,-19.88266699999997,-54.407280999999955
3500072140,Aparecida do Taboado,Serra geral,46.7,False,UNKNOWN,SIAGAS_MS_20260814,E04,-20.085085999999933,-51.066513999999984
3500072123,Sidrolândia,Serra geral,130.0,False,UNKNOWN,SIAGAS_MS_20260814,E04,-20.88668599999994,-54.925138999999945
3500072059,Campo Grande,Serra geral,165.9,False,UNKNOWN,SIAGAS_MS_20260814,E04,-20.544805999999937,-54.559691999999984
3500072020,Campo Grande,Botucatu,138.3,False,UNKNOWN,SIAGAS_MS_20260814,E04,-20.514171999999974,-54.61499999999995
3500071871,Ivinhema,Botucatu,127.04,False,UNKNOWN,SIAGAS_MS_20260814,E04,-22.39199999999994,-53.883055999999954
3500073017,Cassilândia,Botucatu,28.23,False,UNKNOWN,SIAGAS_MS_20260814,E04,-18.897055999999964,-52.19878899999998
3500073015,Chapadão do Sul,Bauru,18.0,False,UNKNOWN,SIAGAS_MS_20260814,E04,-18.73399999999998,-52.488860999999986
3500073013,Chapadão do Sul,Bauru,18.0,False,UNKNOWN,SIAGAS_MS_20260814,E04,-18.728655999999944,-52.475480999999945
3500073037,Dourados,Serra geral,6.98,False,UNKNOWN,SIAGAS_MS_20260814,E04,-22.226763999999946,-54.813927999999976
3500073034,Brasilândia,Bauru,2.5700000000000003,False,UNKNOWN,SIAGAS_MS_20260814,E04,-21.445543999999927,-52.16206699999998
3500073030,Campo Grande,Serra geral,21.8,False,UNKNOWN,SIAGAS_MS_20260814,E04,-20.51018899999997,-54.60196899999994
3500073063,Campo Grande,Serra geral,29.69,False,UNKNOWN,SIAGAS_MS_20260814,E04,-20.447041999999954,-54.60651399999995
3500073060,Costa Rica,Bauru,26.1,False,UNKNOWN,SIAGAS_MS_20260814,E04,-18.157666999999947,-53.194166999999936
3500073055,Três Lagoas,Serra geral,31.75,False,UNKNOWN,SIAGAS_MS_20260814,E04,-20.736855999999932,-51.67618299999998
3500073051,Aparecida do Taboado,Bauru,61.0,False,UNKNOWN,SIAGAS_MS_20260814,E04,-19.959152999999958,-51.128457999999966
3500073096,Dois Irmãos do Buriti,Serra geral,18.0,False,UNKNOWN,SIAGAS_MS_20260814,E04,-20.843924999999956,-55.233713999999964
3500073119,Laguna Carapã,Serra geral,32.0,False,UNKNOWN,SIAGAS_MS_20260814,E04,-22.91435599999994,-54.975124999999935
3500073117,Campo Grande,Serra geral,23.0,False,UNKNOWN,SIAGAS_MS_20260814,E04,-20.48503599999998,-54.570363999999984
3500073111,Ribas do Rio Pardo,Serra geral,25.2,False,UNKNOWN,SIAGAS_MS_20260814,E04,-20.23787199999998,-53.82038899999998
3500073132,Brasilândia,Bauru,32.2,False,UNKNOWN,SIAGAS_MS_20260814,E04,-20.644477999999935,-52.87941099999995
3500073130,Aparecida do Taboado,Bauru,52.3,False,UNKNOWN,SIAGAS_MS_20260814,E04,-19.956882999999948,-51.12491099999994
3500073169,Campo Grande,Serra geral,13.5,False,UNKNOWN,SIAGAS_MS_20260814,E04,-20.43999999999994,-54.62388899999996
3500073193,Campo Grande,Serra geral,6.37,False,UNKNOWN,SIAGAS_MS_20260814,E04,-20.38727199999994,-54.55034999999998
3500073199,Dourados,Serra geral,13.7,False,UNKNOWN,SIAGAS_MS_20260814,E04,-22.215552999999943,-54.842874999999935
3500073258,Bandeirantes,Bauru,23.35,False,UNKNOWN,SIAGAS_MS_20260814,E04,-19.623918999999944,-54.426405999999986
3500073281,Dourados,Bauru,5.13,False,UNKNOWN,SIAGAS_MS_20260814,E04,-22.11833299999995,-55.205555999999945
3500073287,Dourados,Serra geral,9.73,False,UNKNOWN,SIAGAS_MS_20260814,E04,-22.222013999999945,-54.77633899999995
3500073317,Campo Grande,Serra geral,25.05,False,UNKNOWN,SIAGAS_MS_20260814,E04,-20.423982999999964,-54.62469699999997
3500073316,Água Clara,Bauru,45.68,False,UNKNOWN,SIAGAS_MS_20260814,E04,-20.14673099999993,-52.83519699999994
3500073311,São Gabriel do Oeste,Botucatu,22.15,False,UNKNOWN,SIAGAS_MS_20260814,E04,-19.283555999999976,-54.62511099999995
3500073342,Caarapó,Serra geral,44.18,False,UNKNOWN,SIAGAS_MS_20260814,E04,-22.829185999999936,-54.77956899999998
3500073339,Caarapó,Serra geral,38.76,False,UNKNOWN,SIAGAS_MS_20260814,E04,-22.49570799999998,-54.989499999999964
3500073336,Ivinhema,Bauru,18.45,False,UNKNOWN,SIAGAS_MS_20260814,E04,-22.355443999999977,-53.79838599999994
3500073328,Dourados,Bauru,7.54,False,UNKNOWN,SIAGAS_MS_20260814,E04,-21.986527999999964,-55.15922199999994
3500073364,Santa Rita do Pardo,Bauru,30.77,False,UNKNOWN,SIAGAS_MS_20260814,E04,-21.311121999999955,-52.83547199999998
3500073363,Brasilândia,Bauru,31.0,False,UNKNOWN,SIAGAS_MS_20260814,E04,-21.28396399999997,-52.03642199999996
3500073362,Três Lagoas,Serra geral,42.0,False,UNKNOWN,SIAGAS_MS_20260814,E04,-20.77483899999993,-51.66457799999995
3500073352,Aparecida do Taboado,Bauru,31.5,False,UNKNOWN,SIAGAS_MS_20260814,E04,-19.927321999999947,-51.11583099999996
3500073351,Rochedo,Botucatu,42.51,False,UNKNOWN,SIAGAS_MS_20260814,E04,-19.920785999999964,-54.81199699999996
3500073384,Campo Grande,Serra geral,22.76,False,UNKNOWN,SIAGAS_MS_20260814,E04,-20.505777999999964,-54.591057999999975
3500073379,Terenos,Botucatu,45.0,False,UNKNOWN,SIAGAS_MS_20260814,E04,-20.260366999999974,-54.98079999999993
3500073377,Corguinho,Botucatu,82.62,False,UNKNOWN,SIAGAS_MS_20260814,E04,-19.958332999999982,-55.01738899999998
3500073375,São Gabriel do Oeste,Botucatu,23.74,False,UNKNOWN,SIAGAS_MS_20260814,E04,-19.273049999999955,-54.57306399999993
3500073367,Dourados,Serra geral,7.32,False,UNKNOWN,SIAGAS_MS_20260814,E04,-22.226980999999967,-54.81226399999997
3500073391,Itaquiraí,Bauru,22.0,False,UNKNOWN,SIAGAS_MS_20260814,E04,-23.50404999999995,-54.07483099999996
3500073388,Angélica,Bauru,8.81,False,UNKNOWN,SIAGAS_MS_20260814,E04,-22.10252799999995,-53.69643099999996
3500073396,Nova Andradina,Bauru,28.0,False,UNKNOWN,SIAGAS_MS_20260814,E04,-22.279852999999946,-53.38481099999996
3500073430,Dourados,Serra geral,13.56,False,UNKNOWN,SIAGAS_MS_20260814,E04,-22.229127999999946,-54.73451699999998
3500073455,Campo Grande,Serra geral,37.6,False,UNKNOWN,SIAGAS_MS_20260814,E04,-20.468888999999933,-54.53277799999995
3500073469,Paranaíba,Bauru,2.03,False,UNKNOWN,SIAGAS_MS_20260814,E04,-19.415421999999978,-50.99481899999995
3500073485,Dourados,Serra geral,22.54,False,UNKNOWN,SIAGAS_MS_20260814,E04,-22.21795599999996,-54.805841999999984
3500073487,Ponta Porã,Serra geral,15.55,False,UNKNOWN,SIAGAS_MS_20260814,E04,-22.55083099999996,-55.71595599999995
3500073507,Naviraí,Bauru,21.69,False,UNKNOWN,SIAGAS_MS_20260814,E04,-23.069110999999964,-53.81649999999996
3500073504,Mundo Novo,Bauru,23.0,False,UNKNOWN,SIAGAS_MS_20260814,E04,-23.961649999999963,-54.32105599999994
3500073523,Jaraguari,Bauru,27.0,False,UNKNOWN,SIAGAS_MS_20260814,E04,-20.32053899999994,-54.38071099999996
3500073531,Campo Grande,Serra geral,5.3,False,UNKNOWN,SIAGAS_MS_20260814,E04,-20.478580999999963,-54.72121899999996
3500045657,Três Lagoas,Bauru,66.44,False,UNKNOWN,SIAGAS_MS_20260814,E04,-20.986388999999974,-51.84361099999995
3500072575,Caracol,,11.2,False,UNKNOWN,SIAGAS_MS_20260814,E04,-21.99834199999998,-57.06447499999996
3500045696,Campo Grande,,68.0,False,UNKNOWN,SIAGAS_MS_20260814,E04,-20.434166999999945,-54.50444399999998
3500073360,Bodoquena,,10.83,False,UNKNOWN,SIAGAS_MS_20260814,E04,-20.57963099999995,-56.77258899999998
3500072439,Camapuã,,50.53,False,UNKNOWN,SIAGAS_MS_20260814,E04,-19.517499999999927,-54.04249999999996
3500072435,Rio Verde de Mato Grosso,,83.14,False,UNKNOWN,SIAGAS_MS_20260814,E04,-19.12869699999993,-54.79808899999995
3500073081,Bonito,,13.5,False,UNKNOWN,SIAGAS_MS_20260814,E04,-21.134830999999963,-56.478749999999934
3500073197,Campo Grande,,43.2,False,UNKNOWN,SIAGAS_MS_20260814,E04,-20.476343999999926,-54.530321999999956
3500073128,Bela Vista,,13.0,False,UNKNOWN,SIAGAS_MS_20260814,E04,-21.988346999999976,-56.23943899999995
3500073771,Glória de Dourados,,27.0,False,UNKNOWN,SIAGAS_MS_20260814,E04,-22.36154199999993,-54.22210299999995
3500073580,Glória de Dourados,,42.55,False,UNKNOWN,SIAGAS_MS_20260814,E04,-22.502110999999957,-54.120721999999944
3500073459,Miranda,,5.94,False,UNKNOWN,SIAGAS_MS_20260814,E04,-20.101666999999964,-56.470249999999965
3500073127,Guia Lopes da Laguna,,12.4,False,UNKNOWN,SIAGAS_MS_20260814,E04,-21.456305999999927,-56.11936099999997
3500073675,Glória de Dourados,,11.87,False,UNKNOWN,SIAGAS_MS_20260814,E04,-22.47140799999994,-54.158046999999954
3500022860,Maracaju,Guarani,14.0,False,UNKNOWN,SIAGAS_MS_20260814,E04,-21.621110999999928,-55.15777699999995
3500022868,Caarapó,Guarani,21.0,False,UNKNOWN,SIAGAS_MS_20260814,E04,-22.498332999999946,-54.865276999999935
3500071770,Sonora,Guarani,19.39,False,UNKNOWN,SIAGAS_MS_20260814,E04,-17.59832199999994,-53.96880299999998
3500071767,Naviraí,Serra geral,12.43,False,UNKNOWN,SIAGAS_MS_20260814,E04,-23.020835999999974,-53.984130999999934
3500071746,Maracaju,Serra geral,1.0,False,UNKNOWN,SIAGAS_MS_20260814,E04,-21.389299999999935,-55.29962199999994
3500071727,Angélica,Serra geral,19.5,False,UNKNOWN,SIAGAS_MS_20260814,E04,-22.009157999999957,-54.06519999999995
3500071693,Campo Grande,Serra geral,4.1,False,UNKNOWN,SIAGAS_MS_20260814,E04,-20.51376099999993,-54.72181699999993
3500071640,Costa Rica,Serra geral,6.2,False,UNKNOWN,SIAGAS_MS_20260814,E04,-18.796455999999978,-53.05328599999996
3500071585,Naviraí,Bauru_Caiua,11.91,False,UNKNOWN,SIAGAS_MS_20260814,E04,-23.002163999999937,-54.377238999999975
3500071571,Campo Grande,Guarani,151.21,False,UNKNOWN,SIAGAS_MS_20260814,E04,-20.401305999999977,-54.66956399999998
3500071546,Sidrolândia,Serra geral,21.0,False,UNKNOWN,SIAGAS_MS_20260814,E04,-20.785518999999965,-54.75021399999997
3500071521,Sonora,Furnas,20.0,False,UNKNOWN,SIAGAS_MS_20260814,E04,-17.59865599999995,-54.75457799999998
3500071488,Sidrolândia,Serra geral,20.89,False,UNKNOWN,SIAGAS_MS_20260814,E04,-20.77095799999995,-55.114957999999945
3500071460,Cassilândia,Serra geral,50.0,False,UNKNOWN,SIAGAS_MS_20260814,E04,-19.121227999999974,-51.72268299999996
3500071445,Campo Grande,Serra geral,9.4,False,UNKNOWN,SIAGAS_MS_20260814,E04,-20.98347499999994,-54.50588299999998
3500071314,Ribas do Rio Pardo,Bauru_Caiua,10.02,False,UNKNOWN,SIAGAS_MS_20260814,E04,-20.45651399999997,-53.76137199999994
3500071296,Campo Grande,Serra geral,7.8,False,UNKNOWN,SIAGAS_MS_20260814,E04,-20.453671999999926,-54.617643999999984
3500071201,Glória de Dourados,Bauru_Caiua,16.0,False,UNKNOWN,SIAGAS_MS_20260814,E04,-22.416907999999978,-54.231146999999964
3500071200,Rio Brilhante,Serra geral,5.78,False,UNKNOWN,SIAGAS_MS_20260814,E04,-21.84633299999996,-54.603749999999934
3500071176,São Gabriel do Oeste,Bauru_Caiua,19.19,False,UNKNOWN,SIAGAS_MS_20260814,E04,-19.262332999999956,-54.657055999999955
3500071165,Campo Grande,Serra geral,13.48,False,UNKNOWN,SIAGAS_MS_20260814,E04,-20.49805299999997,-54.63551099999995
3500071160,Dourados,Serra geral,21.85,False,UNKNOWN,SIAGAS_MS_20260814,E04,-22.259593999999936,-54.80737499999998
3500071119,Bataguassu,Bauru_Caiua,4.4,False,UNKNOWN,SIAGAS_MS_20260814,E04,-21.72420599999998,-52.26944699999996
3500071118,Costa Rica,Guarani,53.71,False,UNKNOWN,SIAGAS_MS_20260814,E04,-18.553066999999942,-53.126468999999986
3500071090,Sidrolândia,Serra geral,9.81,False,UNKNOWN,SIAGAS_MS_20260814,E04,-20.92695599999996,-54.95631099999997
3500071022,Miranda,Não definido,30.0,False,UNKNOWN,SIAGAS_MS_20260814,E04,-20.08723599999996,-56.61461699999995
3500070997,Três Lagoas,Serra geral,17.87,False,UNKNOWN,SIAGAS_MS_20260814,E04,-20.799007999999958,-51.66683599999993
3500070880,Bandeirantes,Guarani,8.44,False,UNKNOWN,SIAGAS_MS_20260814,E04,-19.538827999999967,-54.52066899999994
3500070874,Dourados,Serra geral,23.89,False,UNKNOWN,SIAGAS_MS_20260814,E04,-22.35323599999998,-54.83493299999998
3500070865,Itaporã,Serra geral,22.62,False,UNKNOWN,SIAGAS_MS_20260814,E04,-21.958527999999944,-54.71199999999993
3500070605,Campo Grande,Guarani,119.0,False,UNKNOWN,SIAGAS_MS_20260814,E04,-20.51923299999993,-54.60950599999995
3500070581,Amambai,Serra geral,38.75,False,UNKNOWN,SIAGAS_MS_20260814,E04,-23.095996999999954,-55.194902999999954
3500069988,Ivinhema,Bauru_Caiua,9.89,False,UNKNOWN,SIAGAS_MS_20260814,E04,-22.284318999999982,-53.80594199999996
3500069826,Chapadão do Sul,Bauru_Caiua,36.0,False,UNKNOWN,SIAGAS_MS_20260814,E04,-18.728363999999942,-52.47659399999998
3500069484,Laguna Carapã,Serra geral,16.62,False,UNKNOWN,SIAGAS_MS_20260814,E04,-22.786377999999957,-55.06753299999997
3500023170,Angélica,,9.0,False,UNKNOWN,SIAGAS_MS_20260814,E04,-22.15027699999996,-53.76361099999997
3500045638,Campo Grande,,83.0,False,UNKNOWN,SIAGAS_MS_20260814,E04,-20.497499999999945,-54.666943999999944
3500071756,Bela Vista,,20.0,False,UNKNOWN,SIAGAS_MS_20260814,E04,-22.009660999999937,-56.25398599999994
3500023350,Paranhos,,21.3,False,UNKNOWN,SIAGAS_MS_20260814,E04,-23.897221999999942,-55.42944399999993
3500045637,Rio Brilhante,,11.5,False,UNKNOWN,SIAGAS_MS_20260814,E04,-21.802221999999972,-54.59944399999995
3500065102,Campo Grande,Guarani,265.0,False,UNKNOWN,SIAGAS_MS_20260814,E04,-20.393888999999945,-54.57499999999993
3500071028,Campo Grande,Não definido,122.0,False,UNKNOWN,SIAGAS_MS_20260814,E04,-20.433821999999964,-54.66711099999998
3500023048,Naviraí,Guarani,16.0,False,UNKNOWN,SIAGAS_MS_20260814,E04,-23.084165999999982,-54.23333299999996
3500027098,Campo Grande,Serra geral,7.1,False,UNKNOWN,SIAGAS_MS_20260814,E04,-20.38777799999997,-54.54611099999994
3500023297,Três Lagoas,Caiua,39.0,False,UNKNOWN,SIAGAS_MS_20260814,E04,-20.772221999999942,-51.73638799999998
3500027030,Douradina,Serra geral,12.2,False,UNKNOWN,SIAGAS_MS_20260814,E04,-22.038332999999966,-54.613610999999935
3500023339,Costa Rica,Serra geral,4.5,False,UNKNOWN,SIAGAS_MS_20260814,E04,-18.54388799999998,-53.12472199999996
3500045658,Bataguassu,Caiua,31.0,False,UNKNOWN,SIAGAS_MS_20260814,E04,-21.673610999999937,-52.27694399999996
3500045667,Maracaju,Serra geral,10.0,False,UNKNOWN,SIAGAS_MS_20260814,E04,-21.66027799999995,-55.81277799999998
3500045690,Maracaju,Serra geral,12.7,False,UNKNOWN,SIAGAS_MS_20260814,E04,-21.60555599999998,-55.174721999999974
3500045713,Três Lagoas,Bauru,62.9,False,UNKNOWN,SIAGAS_MS_20260814,E04,-20.978332999999964,-51.83472199999994
3500065043,Campo Grande,Guarani,114.04,False,UNKNOWN,SIAGAS_MS_20260814,E04,-20.484166999999957,-54.75055599999996
3500065029,Campo Grande,Serra geral,80.5,False,UNKNOWN,SIAGAS_MS_20260814,E04,-20.47361099999995,-54.728332999999964
3500065036,Campo Grande,Serra geral,110.0,False,UNKNOWN,SIAGAS_MS_20260814,E04,-20.39749999999998,-54.74222199999997
3500065053,Dourados,Serra geral,40.62,False,UNKNOWN,SIAGAS_MS_20260814,E04,-22.141388999999947,-54.486666999999954
3500065066,Ponta Porã,Serra geral,18.18,False,UNKNOWN,SIAGAS_MS_20260814,E04,-22.462499999999977,-55.73694399999994
3500065067,Ponta Porã,Serra geral,15.58,False,UNKNOWN,SIAGAS_MS_20260814,E04,-22.463332999999977,-55.736388999999974
3500065075,Taquarussu,Caiua,6.2,False,UNKNOWN,SIAGAS_MS_20260814,E04,-22.486388999999974,-53.358055999999976
3500065078,Três Lagoas,Caiua,12.0,False,UNKNOWN,SIAGAS_MS_20260814,E04,-20.787777999999946,-51.70666699999998
3500065081,Três Lagoas,Caiua,12.68,False,UNKNOWN,SIAGAS_MS_20260814,E04,-20.789721999999927,-51.728332999999964
3500065085,Campo Grande,Serra geral,37.5,False,UNKNOWN,SIAGAS_MS_20260814,E04,-20.654166999999973,-54.654443999999955
3500065086,Campo Grande,Serra geral,11.8,False,UNKNOWN,SIAGAS_MS_20260814,E04,-20.43861099999998,-54.590832999999975
3500065058,Figueirão,Guarani,14.0,False,UNKNOWN,SIAGAS_MS_20260814,E04,-18.685277999999983,-53.635832999999934
3500065064,Maracaju,Guarani,100.08,False,UNKNOWN,SIAGAS_MS_20260814,E04,-21.73277799999994,-55.51249999999993
3500065114,Dois Irmãos do Buriti,Guarani,62.0,False,UNKNOWN,SIAGAS_MS_20260814,E04,-20.63694399999997,-55.301110999999935
3500065025,Camapuã,Guarani,60.0,False,UNKNOWN,SIAGAS_MS_20260814,E04,-19.51277799999997,-54.04777799999994
3500065017,Bodoquena,Cuiaba,3.7800000000000002,False,UNKNOWN,SIAGAS_MS_20260814,E04,-20.55416699999995,-56.67194399999994
3500065026,Campo Grande,Serra geral,10.0,False,UNKNOWN,SIAGAS_MS_20260814,E04,-20.421388999999976,-54.59833299999997
3500034023,Nova Andradina,Caiua,11.87,False,UNKNOWN,SIAGAS_MS_20260814,E04,-22.07416699999993,-53.36888899999997
3500068745,Paraíso das Águas,Bauru,20.79,False,UNKNOWN,SIAGAS_MS_20260814,E04,-18.892105999999956,-53.01424999999995
3500068741,Naviraí,Bauru,31.22,False,UNKNOWN,SIAGAS_MS_20260814,E04,-22.915724999999952,-54.28233299999994
3500023164,Antônio João,Serra geral,4.5,False,UNKNOWN,SIAGAS_MS_20260814,E04,-22.192776999999978,-55.953332999999986
3500026948,Nova Alvorada do Sul,Serra geral,16.0,False,UNKNOWN,SIAGAS_MS_20260814,E04,-21.589721999999938,-54.24916699999994
3500026976,Rio Brilhante,Serra geral,11.5,False,UNKNOWN,SIAGAS_MS_20260814,E04,-21.890277999999967,-54.49222199999997
3500026992,Laguna Carapã,Serra geral,9.0,False,UNKNOWN,SIAGAS_MS_20260814,E04,-22.829999999999927,-55.01388899999995
3500027000,Aparecida do Taboado,Caiua,15.0,False,UNKNOWN,SIAGAS_MS_20260814,E04,-20.059443999999928,-51.102777999999944
3500027047,Dourados,Serra geral,32.2,False,UNKNOWN,SIAGAS_MS_20260814,E04,-22.208055999999942,-54.65055599999994
3500027109,Ivinhema,Caiua,16.76,False,UNKNOWN,SIAGAS_MS_20260814,E04,-22.383055999999954,-53.59722199999993
3500027111,Naviraí,Caiua,28.0,False,UNKNOWN,SIAGAS_MS_20260814,E04,-23.034999999999968,-54.184999999999945
3500027128,Terenos,Serra geral,29.5,False,UNKNOWN,SIAGAS_MS_20260814,E04,-20.437221999999963,-55.17916699999995
3500027138,Deodápolis,Caiua,14.94,False,UNKNOWN,SIAGAS_MS_20260814,E04,-22.289999999999964,-54.166943999999944
3500027196,Vicentina,Serra geral,49.0,False,UNKNOWN,SIAGAS_MS_20260814,E04,-22.49055599999997,-54.46194399999996
3500027278,Coxim,Ponta grossa,7.0,False,UNKNOWN,SIAGAS_MS_20260814,E04,-18.43944399999998,-54.621388999999965
3500027289,Glória de Dourados,Serra geral,20.0,False,UNKNOWN,SIAGAS_MS_20260814,E04,-22.41111099999995,-54.21861099999995
3500027291,Glória de Dourados,Serra geral,18.0,False,UNKNOWN,SIAGAS_MS_20260814,E04,-22.41138899999993,-54.22055599999993
3500027317,Sidrolândia,Serra geral,7.0,False,UNKNOWN,SIAGAS_MS_20260814,E04,-20.94777799999997,-54.96749999999997
3500053097,Bataguassu,Caiua,40.0,False,UNKNOWN,SIAGAS_MS_20260814,E04,-21.744721999999967,-52.475277999999946
3500023182,Anaurilândia,Caiua,23.8,False,UNKNOWN,SIAGAS_MS_20260814,E04,-22.17972199999997,-52.71749999999997
3500023321,Paranaíba,Serra geral,22.51,False,UNKNOWN,SIAGAS_MS_20260814,E04,-19.678610999999933,-51.194443999999976
3500045672,Três Lagoas,Bauru,19.0,False,UNKNOWN,SIAGAS_MS_20260814,E04,-20.893610999999964,-52.31166699999994
3500073564,Sidrolândia,Serra geral,9.09,False,UNKNOWN,SIAGAS_MS_20260814,E04,-20.947713999999962,-54.94984999999997
3500073571,Nova Andradina,Bauru,28.0,False,UNKNOWN,SIAGAS_MS_20260814,E04,-22.280932999999948,-53.37114999999994
3500073569,Campo Grande,Serra geral,28.46,False,UNKNOWN,SIAGAS_MS_20260814,E04,-20.465330999999935,-54.58525799999995
3500073593,Itaporã,Serra geral,8.18,False,UNKNOWN,SIAGAS_MS_20260814,E04,-21.90090799999996,-54.87190799999996
3500073600,Glória de Dourados,Bauru,28.6,False,UNKNOWN,SIAGAS_MS_20260814,E04,-22.439274999999952,-54.29626399999995
3500030640,Bandeirantes,Serra geral,6.5,False,UNKNOWN,SIAGAS_MS_20260814,E04,-19.923888999999974,-54.352777999999944
3500045625,Três Lagoas,Caiua,19.35,False,UNKNOWN,SIAGAS_MS_20260814,E04,-20.798888999999974,-51.87722199999996
3500073623,Campo Grande,Botucatu,5.0,False,UNKNOWN,SIAGAS_MS_20260814,E04,-20.44523099999998,-54.66728299999994
3500073653,Dourados,Serra geral,6.04,False,UNKNOWN,SIAGAS_MS_20260814,E04,-22.227055999999948,-54.79705599999994
3500073678,Naviraí,Bauru,28.0,False,UNKNOWN,SIAGAS_MS_20260814,E04,-23.056307999999945,-54.23123599999997
3500073686,Glória de Dourados,Bauru,15.83,False,UNKNOWN,SIAGAS_MS_20260814,E04,-22.504177999999968,-54.083999999999946
3500073692,Itaquiraí,Bauru,22.5,False,UNKNOWN,SIAGAS_MS_20260814,E04,-23.49848899999995,-54.14503899999994
3500073690,Iguatemi,Bauru,19.8,False,UNKNOWN,SIAGAS_MS_20260814,E04,-23.480668999999978,-54.24863099999993
3500073739,Angélica,Bauru,14.5,False,UNKNOWN,SIAGAS_MS_20260814,E04,-22.163610999999946,-53.86723299999994
3500073736,Ivinhema,Bauru,33.0,False,UNKNOWN,SIAGAS_MS_20260814,E04,-22.30159999999995,-53.822266999999954
3500073760,Glória de Dourados,Bauru,17.11,False,UNKNOWN,SIAGAS_MS_20260814,E04,-22.442777999999976,-54.22794399999998
3500073768,Terenos,Serra geral,9.6,False,UNKNOWN,SIAGAS_MS_20260814,E04,-20.678680999999926,-54.840157999999974
3500073786,Campo Grande,Bauru,14.0,False,UNKNOWN,SIAGAS_MS_20260814,E04,-20.393132999999978,-54.55591899999996
3500073785,Jateí,Bauru,19.0,False,UNKNOWN,SIAGAS_MS_20260814,E04,-22.45041699999996,-54.33589999999998
3500073779,Glória de Dourados,Bauru,16.68,False,UNKNOWN,SIAGAS_MS_20260814,E04,-22.43126899999993,-54.31214199999994
3500073791,Aparecida do Taboado,Bauru,26.0,False,UNKNOWN,SIAGAS_MS_20260814,E04,-20.079805999999962,-51.13336099999998
3500073801,Jateí,Bauru,35.38,False,UNKNOWN,SIAGAS_MS_20260814,E04,-22.524999999999977,-54.17027799999994
3500073819,Dourados,Serra geral,5.72,False,UNKNOWN,SIAGAS_MS_20260814,E04,-22.21858899999995,-54.370766999999944
3500073816,Jateí,Bauru,11.98,False,UNKNOWN,SIAGAS_MS_20260814,E04,-22.521680999999944,-54.17920799999996
3500073831,São Gabriel do Oeste,Botucatu,9.3,False,UNKNOWN,SIAGAS_MS_20260814,E04,-18.866777999999954,-54.37083299999995
3500073826,Angélica,Bauru,3.24,False,UNKNOWN,SIAGAS_MS_20260814,E04,-22.22048899999993,-53.776693999999964
3500073854,Glória de Dourados,Bauru,16.9,False,UNKNOWN,SIAGAS_MS_20260814,E04,-22.381082999999933,-54.189277999999945
3500073846,Guia Lopes da Laguna,Aquidauana,7.02,False,UNKNOWN,SIAGAS_MS_20260814,E04,-21.46257499999996,-56.117849999999976
3500073865,Brasilândia,Bauru,23.04,False,UNKNOWN,SIAGAS_MS_20260814,E04,-21.282652999999982,-52.00204699999995
3500073877,Glória de Dourados,Bauru,21.0,False,UNKNOWN,SIAGAS_MS_20260814,E04,-22.41096699999997,-54.227555999999936
3500073884,Glória de Dourados,Bauru,30.02,False,UNKNOWN,SIAGAS_MS_20260814,E04,-22.467749999999967,-54.22116699999998
3500073889,Campo Grande,Bauru,30.6,False,UNKNOWN,SIAGAS_MS_20260814,E04,-20.43622199999993,-54.55018299999995
3500073890,Campo Grande,Serra geral,12.8,False,UNKNOWN,SIAGAS_MS_20260814,E04,-20.458816999999954,-54.58256099999994
3500073910,Dourados,Serra geral,11.85,False,UNKNOWN,SIAGAS_MS_20260814,E04,-22.221705999999983,-54.75998599999997
3500073934,Maracaju,Serra geral,5.3,False,UNKNOWN,SIAGAS_MS_20260814,E04,-21.77432799999997,-54.96327499999995
3500073939,Vicentina,Serra geral,17.0,False,UNKNOWN,SIAGAS_MS_20260814,E04,-22.40778599999993,-54.438657999999975
3500073936,Glória de Dourados,Bauru,16.3,False,UNKNOWN,SIAGAS_MS_20260814,E04,-22.369027999999958,-54.17038899999994
3500073942,Água Clara,Bauru,16.1,False,UNKNOWN,SIAGAS_MS_20260814,E04,-20.446527999999944,-52.87344399999995
3500073941,Sidrolândia,Botucatu,10.0,False,UNKNOWN,SIAGAS_MS_20260814,E04,-21.207424999999944,-55.017938999999956
3500072985,Dois Irmãos do Buriti,Serra geral,21.0,False,UNKNOWN,SIAGAS_MS_20260814,E04,-20.843768999999952,-55.23289999999997
3500072976,Terenos,Serra geral,82.58,False,UNKNOWN,SIAGAS_MS_20260814,E04,-20.434927999999957,-54.86056899999994
3500072971,Ribas do Rio Pardo,Serra geral,14.85,False,UNKNOWN,SIAGAS_MS_20260814,E04,-20.296727999999973,-53.07442499999996
3500072959,São Gabriel do Oeste,Botucatu,22.0,False,UNKNOWN,SIAGAS_MS_20260814,E04,-19.439416999999935,-54.571421999999984
3500072918,Itaquiraí,Bauru,17.1,False,UNKNOWN,SIAGAS_MS_20260814,E04,-23.518943999999976,-54.15274999999997
3500072912,Itaquiraí,Bauru,34.0,False,UNKNOWN,SIAGAS_MS_20260814,E04,-23.242832999999962,-53.962838999999974
3500072892,Ponta Porã,Serra geral,4.0,False,UNKNOWN,SIAGAS_MS_20260814,E04,-22.573855999999978,-55.69013599999994
3500072843,Brasilândia,Bauru,16.0,False,UNKNOWN,SIAGAS_MS_20260814,E04,-21.252463999999975,-52.033991999999955
3500072832,Itaporã,Botucatu,78.53,False,UNKNOWN,SIAGAS_MS_20260814,E04,-22.11358299999995,-54.797807999999975
3500072771,Campo Grande,Serra geral,6.14,False,UNKNOWN,SIAGAS_MS_20260814,E04,-20.457138999999927,-54.67137799999995
3500072769,Dourados,Serra geral,13.42,False,UNKNOWN,SIAGAS_MS_20260814,E04,-22.373702999999978,-54.86395299999998
3500072767,Dourados,Serra geral,54.3,False,UNKNOWN,SIAGAS_MS_20260814,E04,-22.276824999999974,-54.70325799999995
3500072765,Sidrolândia,Serra geral,53.06,False,UNKNOWN,SIAGAS_MS_20260814,E04,-20.700805999999943,-55.12713899999994
3500072738,Rio Brilhante,Botucatu,21.33,False,UNKNOWN,SIAGAS_MS_20260814,E04,-21.51719399999996,-54.711082999999974
3500072713,Bandeirantes,Serra geral,75.9,False,UNKNOWN,SIAGAS_MS_20260814,E04,-19.838888999999938,-54.39605599999993
3500072681,Três Lagoas,Bauru,57.78,False,UNKNOWN,SIAGAS_MS_20260814,E04,-21.00111099999998,-51.83056099999993
3500072612,Deodápolis,Serra geral,22.0,False,UNKNOWN,SIAGAS_MS_20260814,E04,-22.255796999999973,-54.21789699999994
3500072569,Jaraguari,Serra geral,32.0,False,UNKNOWN,SIAGAS_MS_20260814,E04,-20.29714199999995,-54.48242499999998
3500072567,Dourados,Serra geral,45.0,False,UNKNOWN,SIAGAS_MS_20260814,E04,-22.28750599999995,-54.740557999999965
3500072532,Campo Grande,Serra geral,5.0,False,UNKNOWN,SIAGAS_MS_20260814,E04,-20.484782999999936,-54.632541999999944
3500072471,Sidrolândia,Serra geral,51.0,False,UNKNOWN,SIAGAS_MS_20260814,E04,-20.698985999999934,-55.12660299999993
3500072464,Sidrolândia,Serra geral,17.5,False,UNKNOWN,SIAGAS_MS_20260814,E04,-21.123568999999975,-54.99015799999995
3500072425,Mundo Novo,Bauru,9.2,False,UNKNOWN,SIAGAS_MS_20260814,E04,-23.92955799999993,-54.281871999999964
3500072421,Dourados,Serra geral,55.0,False,UNKNOWN,SIAGAS_MS_20260814,E04,-22.20078899999993,-54.507735999999966
3500072407,Aparecida do Taboado,Bauru,19.5,False,UNKNOWN,SIAGAS_MS_20260814,E04,-20.085999999999956,-51.06536099999994
3500072374,Ponta Porã,Serra geral,12.0,False,UNKNOWN,SIAGAS_MS_20260814,E04,-22.47612799999996,-55.75043299999999
3500072363,Itaquiraí,Bauru,15.9,False,UNKNOWN,SIAGAS_MS_20260814,E04,-23.51672199999996,-54.15633299999996
3500072343,Aparecida do Taboado,Bauru,51.12,False,UNKNOWN,SIAGAS_MS_20260814,E04,-20.113841999999977,-51.17720799999995
3500072331,Angélica,Serra geral,15.93,False,UNKNOWN,SIAGAS_MS_20260814,E04,-22.040482999999938,-53.843816999999945
3500072323,Itaporã,Serra geral,0.8500000000000001,False,UNKNOWN,SIAGAS_MS_20260814,E04,-21.92909199999997,-54.69374699999997
3500072321,Dourados,Serra geral,37.1,False,UNKNOWN,SIAGAS_MS_20260814,E04,-22.217138999999975,-54.742741999999964
3500072236,Campo Grande,Serra geral,8.0,False,UNKNOWN,SIAGAS_MS_20260814,E04,-20.442988999999955,-54.55645599999997
3500072234,Aparecida do Taboado,Bauru,19.5,False,UNKNOWN,SIAGAS_MS_20260814,E04,-20.084585999999945,-51.063016999999945
3500072218,Costa Rica,Serra geral,16.7,False,UNKNOWN,SIAGAS_MS_20260814,E04,-18.46358299999997,-53.16924999999998
3500072216,Figueirão,Botucatu,14.0,False,UNKNOWN,SIAGAS_MS_20260814,E04,-18.68578599999995,-53.63638899999995
3500072211,Amambai,Botucatu,34.8,False,UNKNOWN,SIAGAS_MS_20260814,E04,-23.107655999999963,-55.21354199999996
3500072087,Campo Grande,Botucatu,120.0,False,UNKNOWN,SIAGAS_MS_20260814,E04,-20.480199999999968,-54.75106899999997
3500072024,Dourados,Serra geral,40.62,False,UNKNOWN,SIAGAS_MS_20260814,E04,-22.141888999999935,-54.487221999999974
3500071994,Dourados,Serra geral,132.72,False,UNKNOWN,SIAGAS_MS_20260814,E04,-22.22205299999996,-54.814021999999966
3500071964,Sidrolândia,Botucatu,67.0,False,UNKNOWN,SIAGAS_MS_20260814,E04,-21.19120799999996,-54.695288999999946
3500071949,Ponta Porã,Botucatu,290.0,False,UNKNOWN,SIAGAS_MS_20260814,E04,-22.539193999999952,-55.72078899999997
3500071905,Dourados,Botucatu,152.0,False,UNKNOWN,SIAGAS_MS_20260814,E04,-22.29509699999994,-54.822771999999986
3500071892,Dourados,Botucatu,98.55,False,UNKNOWN,SIAGAS_MS_20260814,E04,-22.28341699999993,-54.82477199999994
3500073020,São Gabriel do Oeste,Botucatu,28.0,False,UNKNOWN,SIAGAS_MS_20260814,E04,-19.363316999999938,-54.66215799999998
3500073042,Ponta Porã,Serra geral,6.55,False,UNKNOWN,SIAGAS_MS_20260814,E04,-22.47740799999997,-55.74569699999995
3500073038,Nova Andradina,Bauru,26.99,False,UNKNOWN,SIAGAS_MS_20260814,E04,-22.249446999999975,-53.351249999999936
3500073036,Nova Andradina,Bauru,46.0,False,UNKNOWN,SIAGAS_MS_20260814,E04,-21.860555999999974,-53.63833299999993
3500073032,Sidrolândia,Serra geral,16.2,False,UNKNOWN,SIAGAS_MS_20260814,E04,-20.96976399999994,-55.062963999999965
3500073050,Corguinho,Botucatu,62.31,False,UNKNOWN,SIAGAS_MS_20260814,E04,-19.776907999999935,-54.86290799999995
3500073084,Ponta Porã,Serra geral,11.86,False,UNKNOWN,SIAGAS_MS_20260814,E04,-22.46636099999995,-55.74693099999996
3500073078,Dourados,Serra geral,1.88,False,UNKNOWN,SIAGAS_MS_20260814,E04,-22.208563999999967,-54.71137799999997
3500073077,Rio Brilhante,Serra geral,18.46,False,UNKNOWN,SIAGAS_MS_20260814,E04,-21.805335999999954,-54.544546999999966
3500073099,Terenos,Botucatu,25.0,False,UNKNOWN,SIAGAS_MS_20260814,E04,-20.295313999999962,-55.24418899999995
3500073087,Itaporã,Serra geral,28.09,False,UNKNOWN,SIAGAS_MS_20260814,E04,-22.02167799999995,-54.69027799999998
3500073123,Costa Rica,Bauru,16.0,False,UNKNOWN,SIAGAS_MS_20260814,E04,-18.24868299999997,-53.13574699999998
3500073121,Amambai,Botucatu,58.0,False,UNKNOWN,SIAGAS_MS_20260814,E04,-23.111327999999958,-55.215821999999946
3500073109,Campo Grande,Serra geral,54.0,False,UNKNOWN,SIAGAS_MS_20260814,E04,-20.47194399999995,-54.53055599999993
3500073108,Campo Grande,Serra geral,9.47,False,UNKNOWN,SIAGAS_MS_20260814,E04,-20.556302999999957,-54.566224999999974
3500073129,Ponta Porã,Serra geral,7.64,False,UNKNOWN,SIAGAS_MS_20260814,E04,-22.46682499999997,-55.74510799999996
3500073142,Sidrolândia,Serra geral,13.0,False,UNKNOWN,SIAGAS_MS_20260814,E04,-21.101616999999976,-54.936046999999974
3500073163,Dourados,Serra geral,21.98,False,UNKNOWN,SIAGAS_MS_20260814,E04,-22.17986099999996,-55.207221999999945
3500073162,Brasilândia,Bauru,17.93,False,UNKNOWN,SIAGAS_MS_20260814,E04,-21.441468999999927,-52.139471999999955
3500073159,Chapadão do Sul,Bauru,55.0,False,UNKNOWN,SIAGAS_MS_20260814,E04,-18.75472199999996,-52.71361099999996
3500073170,Três Lagoas,Bauru,5.15,False,UNKNOWN,SIAGAS_MS_20260814,E04,-20.76181699999995,-51.71238299999993
3500073192,Mundo Novo,Bauru,20.45,False,UNKNOWN,SIAGAS_MS_20260814,E04,-23.855271999999957,-54.36515799999995
3500073212,Campo Grande,Serra geral,14.66,False,UNKNOWN,SIAGAS_MS_20260814,E04,-20.475368999999944,-54.61233299999998
3500073259,Ribas do Rio Pardo,Bauru,43.22,False,UNKNOWN,SIAGAS_MS_20260814,E04,-20.122477999999944,-53.445735999999954
3500073246,Campo Grande,Serra geral,8.35,False,UNKNOWN,SIAGAS_MS_20260814,E04,-20.414641999999958,-54.51950599999998
3500073284,Dourados,Serra geral,7.78,False,UNKNOWN,SIAGAS_MS_20260814,E04,-22.17124999999993,-55.20147199999997
3500073280,Dourados,Bauru,6.8,False,UNKNOWN,SIAGAS_MS_20260814,E04,-22.115971999999942,-55.20405599999998
3500073273,Ribas do Rio Pardo,Bauru,23.25,False,UNKNOWN,SIAGAS_MS_20260814,E04,-21.155171999999936,-53.26537199999996
3500073293,Dourados,Serra geral,36.51,False,UNKNOWN,SIAGAS_MS_20260814,E04,-22.33387799999997,-54.802191999999934
3500073291,Dourados,Serra geral,25.92,False,UNKNOWN,SIAGAS_MS_20260814,E04,-22.311566999999968,-54.78731399999998
3500073304,Iguatemi,Bauru,31.2,False,UNKNOWN,SIAGAS_MS_20260814,E04,-23.626541999999972,-54.636049999999955
3500073301,Naviraí,Bauru,21.5,False,UNKNOWN,SIAGAS_MS_20260814,E04,-23.070293999999933,-54.22194399999995
3500073312,Camapuã,Bauru,38.52,False,UNKNOWN,SIAGAS_MS_20260814,E04,-19.38030299999997,-53.69902799999994
3500073345,Tacuru,Bauru,27.82,False,UNKNOWN,SIAGAS_MS_20260814,E04,-23.487168999999938,-55.12191699999994
3500073340,Novo Horizonte do Sul,Bauru,9.0,False,UNKNOWN,SIAGAS_MS_20260814,E04,-22.63401699999997,-53.67886699999997
3500073337,Glória de Dourados,Serra geral,20.91,False,UNKNOWN,SIAGAS_MS_20260814,E04,-22.408999999999935,-54.225468999999975
3500073330,Dourados,Serra geral,7.63,False,UNKNOWN,SIAGAS_MS_20260814,E04,-22.06874399999998,-54.52986899999996
3500073361,Três Lagoas,Serra geral,31.34,False,UNKNOWN,SIAGAS_MS_20260814,E04,-20.736663999999962,-51.67646099999996
3500073359,Campo Grande,Serra geral,10.31,False,UNKNOWN,SIAGAS_MS_20260814,E04,-20.509796999999935,-54.591841999999986
3500073355,Ribas do Rio Pardo,Serra geral,39.03,False,UNKNOWN,SIAGAS_MS_20260814,E04,-20.443218999999942,-53.77644699999996
3500073354,Aparecida do Taboado,Bauru,35.9,False,UNKNOWN,SIAGAS_MS_20260814,E04,-20.037999999999954,-51.08364999999998
3500073353,Aparecida do Taboado,Bauru,42.0,False,UNKNOWN,SIAGAS_MS_20260814,E04,-20.034827999999948,-51.08626399999997
3500073346,Alcinópolis,Botucatu,52.0,False,UNKNOWN,SIAGAS_MS_20260814,E04,-18.212918999999943,-54.02961699999997
3500073380,Terenos,Serra geral,7.14,False,UNKNOWN,SIAGAS_MS_20260814,E04,-20.44271699999996,-55.15045799999996
3500073370,Iguatemi,Bauru,20.14,False,UNKNOWN,SIAGAS_MS_20260814,E04,-23.16689699999995,-54.39205599999997
3500073394,Campo Grande,Serra geral,36.0,False,UNKNOWN,SIAGAS_MS_20260814,E04,-20.453610999999967,-54.52499999999998
3500023249,Camapuã,Botucatu,30.0,False,UNKNOWN,SIAGAS_MS_20260814,E04,-19.558610999999928,-54.040276999999946
3500073403,Paraíso das Águas,Bauru,59.4,False,UNKNOWN,SIAGAS_MS_20260814,E04,-19.170068999999955,-53.06461099999996
3500073419,Sidrolândia,Serra geral,8.0,False,UNKNOWN,SIAGAS_MS_20260814,E04,-20.90547799999996,-54.93168899999995
3500073432,Campo Grande,Serra geral,17.45,False,UNKNOWN,SIAGAS_MS_20260814,E04,-20.449441999999976,-54.62873099999996
3500073442,Naviraí,Bauru,13.5,False,UNKNOWN,SIAGAS_MS_20260814,E04,-23.074457999999936,-54.219446999999946
3500073436,Juti,Serra geral,18.07,False,UNKNOWN,SIAGAS_MS_20260814,E04,-22.878946999999982,-54.70760299999995
3500073452,Itaporã,Botucatu,7.0,False,UNKNOWN,SIAGAS_MS_20260814,E04,-21.93808299999995,-54.85819399999997
3500073448,Paraíso das Águas,Bauru,49.55,False,UNKNOWN,SIAGAS_MS_20260814,E04,-19.244721999999967,-53.47886099999994
3500073484,Rochedo,Botucatu,14.0,False,UNKNOWN,SIAGAS_MS_20260814,E04,-20.164613999999972,-54.96119699999997
3500073482,Dourados,Serra geral,42.28,False,UNKNOWN,SIAGAS_MS_20260814,E04,-22.13110599999993,-55.32026399999995
3500073479,Camapuã,Bauru,28.0,False,UNKNOWN,SIAGAS_MS_20260814,E04,-19.43739199999993,-53.856168999999966
3500073528,Ivinhema,Bauru,44.95,False,UNKNOWN,SIAGAS_MS_20260814,E04,-22.262296999999933,-54.00389199999995
3500073524,Campo Grande,Serra geral,18.47,False,UNKNOWN,SIAGAS_MS_20260814,E04,-20.429088999999976,-54.54432499999996
3500073532,Itaporã,Serra geral,30.1,False,UNKNOWN,SIAGAS_MS_20260814,E04,-22.092499999999973,-54.76222199999995
3500073530,Três Lagoas,Bauru,13.8,False,UNKNOWN,SIAGAS_MS_20260814,E04,-20.771202999999957,-51.69983899999994
3500073539,Três Lagoas,Bauru,14.0,False,UNKNOWN,SIAGAS_MS_20260814,E04,-20.787060999999937,-51.70701399999996
3500073546,Juti,Serra geral,9.62,False,UNKNOWN,SIAGAS_MS_20260814,E04,-22.652177999999935,-54.67886899999996
3500073544,Itaquiraí,Bauru,23.0,False,UNKNOWN,SIAGAS_MS_20260814,E04,-23.512380999999948,-54.09061399999996
3500073554,Campo Grande,Serra geral,10.05,False,UNKNOWN,SIAGAS_MS_20260814,E04,-20.477141999999958,-54.59386099999995
3500027318,Nova Andradina,Caiua,40.0,False,UNKNOWN,SIAGAS_MS_20260814,E04,-21.98111099999994,-53.412499999999966
3500045652,Rio Brilhante,Serra geral,15.0,False,UNKNOWN,SIAGAS_MS_20260814,E04,-21.864999999999952,-54.27027799999996
3500045677,Campo Grande,Serra geral,33.0,False,UNKNOWN,SIAGAS_MS_20260814,E04,-20.487499999999955,-54.74777799999998
3500053091,Glória de Dourados,,8.0,False,UNKNOWN,SIAGAS_MS_20260814,E04,-22.432221999999967,-54.31416699999994
3500072163,Caracol,,15.1,False,UNKNOWN,SIAGAS_MS_20260814,E04,-21.99854199999993,-57.06611399999997
3500072511,Bela Vista,,1.6400000000000001,False,UNKNOWN,SIAGAS_MS_20260814,E04,-21.97667199999995,-56.71091899999993
3500072655,Caracol,,14.5,False,UNKNOWN,SIAGAS_MS_20260814,E04,-22.00003899999996,-57.06556899999998
3500073836,Bodoquena,,1.0,False,UNKNOWN,SIAGAS_MS_20260814,E04,-20.55686099999997,-56.67413899999997
3500073310,Ladário,,22.5,False,UNKNOWN,SIAGAS_MS_20260814,E04,-19.027518999999927,-57.618971999999985
3500073870,Bela Vista,,6.0,False,UNKNOWN,SIAGAS_MS_20260814,E04,-22.10826899999995,-56.529357999999945
3500073797,Caarapó,,18.0,False,UNKNOWN,SIAGAS_MS_20260814,E04,-22.64157199999994,-54.70679199999995
3500073729,Bodoquena,,10.51,False,UNKNOWN,SIAGAS_MS_20260814,E04,-20.446002999999962,-56.76829699999996
3500073582,São Gabriel do Oeste,,25.8,False,UNKNOWN,SIAGAS_MS_20260814,E04,-19.439532999999926,-54.534366999999975
3500072183,Campo Grande,,18.91,False,UNKNOWN,SIAGAS_MS_20260814,E04,-20.39046399999995,-54.67364699999996
3500073766,Aquidauana,,7.2,False,UNKNOWN,SIAGAS_MS_20260814,E04,-20.393805999999927,-55.727082999999936
3500073490,Chapadão do Sul,,72.0,False,UNKNOWN,SIAGAS_MS_20260814,E04,-18.72999999999996,-52.60333099999997
3500072161,Dourados,,31.0,False,UNKNOWN,SIAGAS_MS_20260814,E04,-22.199130999999966,-54.506174999999985
3500073434,Guia Lopes da Laguna,,11.68,False,UNKNOWN,SIAGAS_MS_20260814,E04,-21.449435999999935,-56.10370599999993
3500072022,Caarapó,,23.44,False,UNKNOWN,SIAGAS_MS_20260814,E04,-22.74877799999996,-54.738463999999965
3500073475,Dourados,,4.5,False,UNKNOWN,SIAGAS_MS_20260814,E04,-22.227277999999956,-54.79580599999997
3500073594,Caracol,,32.2,False,UNKNOWN,SIAGAS_MS_20260814,E04,-22.015443999999945,-57.03280599999994
3500072947,Coxim,,9.0,False,UNKNOWN,SIAGAS_MS_20260814,E04,-18.50938599999995,-54.675941999999964
3500072167,Maracaju,,62.83,False,UNKNOWN,SIAGAS_MS_20260814,E04,-21.646030999999937,-55.18669999999997
3500073824,Campo Grande,,11.03,False,UNKNOWN,SIAGAS_MS_20260814,E04,-20.44824399999993,-54.66808299999997
3500023317,Aparecida do Taboado,Serra geral,12.95,False,UNKNOWN,SIAGAS_MS_20260814,E04,-20.07472199999995,-51.10027699999995
3500045621,Ribas do Rio Pardo,Serra geral,15.0,False,UNKNOWN,SIAGAS_MS_20260814,E04,-20.440277999999978,-53.756388999999956
3500023142,Amambai,Guarani,29.5,False,UNKNOWN,SIAGAS_MS_20260814,E04,-23.103332999999964,-55.216943999999955
3500071758,Campo Grande,Bauru_Caiua,10.5,False,UNKNOWN,SIAGAS_MS_20260814,E04,-21.500949999999932,-53.96319999999997
3500071741,Corumbá,Não definido,0.0,True,UNKNOWN,SIAGAS_MS_20260814,E04,-19.26754999999997,-57.52857499999993
3500071715,Sidrolândia,Serra geral,67.0,False,UNKNOWN,SIAGAS_MS_20260814,E04,-21.015405999999928,-55.088660999999945
3500071658,Bandeirantes,Bauru_Caiua,28.0,False,UNKNOWN,SIAGAS_MS_20260814,E04,-19.703266999999983,-54.340263999999934
3500071565,Maracaju,Serra geral,3.43,False,UNKNOWN,SIAGAS_MS_20260814,E04,-21.639407999999946,-55.15050299999996
3500071479,Corumbá,Não definido,1.8,False,UNKNOWN,SIAGAS_MS_20260814,E04,-19.011427999999967,-57.62231399999996
3500071351,Nova Alvorada do Sul,Serra geral,16.19,False,UNKNOWN,SIAGAS_MS_20260814,E04,-21.583055999999942,-54.245555999999965
3500071330,Sidrolândia,Guarani,110.37,False,UNKNOWN,SIAGAS_MS_20260814,E04,-20.93021699999997,-54.96700599999997
3500071308,Sonora,Furnas,41.53,False,UNKNOWN,SIAGAS_MS_20260814,E04,-17.593680999999947,-54.74567799999994
3500071249,Rio Brilhante,Serra geral,6.14,False,UNKNOWN,SIAGAS_MS_20260814,E04,-21.799713999999938,-54.433032999999966
3500071236,São Gabriel do Oeste,Guarani,7.5,False,UNKNOWN,SIAGAS_MS_20260814,E04,-19.29156699999993,-54.60528899999997
3500070954,Três Lagoas,Bauru_Caiua,16.75,False,UNKNOWN,SIAGAS_MS_20260814,E04,-20.786791999999934,-51.67643899999996
3500070947,Cassilândia,Guarani,13.46,False,UNKNOWN,SIAGAS_MS_20260814,E04,-19.146716999999967,-51.668691999999965
3500070917,Campo Grande,Serra geral,5.22,False,UNKNOWN,SIAGAS_MS_20260814,E04,-20.557343999999944,-54.58762799999994
3500070915,Campo Grande,Serra geral,15.0,False,UNKNOWN,SIAGAS_MS_20260814,E04,-20.490380999999957,-54.61344999999994
3500070879,Campo Grande,Serra geral,11.06,False,UNKNOWN,SIAGAS_MS_20260814,E04,-20.470388999999955,-54.58468899999997
3500070660,Campo Grande,Serra geral,9.8,False,UNKNOWN,SIAGAS_MS_20260814,E04,-20.39326099999994,-54.55353299999996
3500070624,Dourados,Serra geral,16.0,False,UNKNOWN,SIAGAS_MS_20260814,E04,-22.226932999999974,-54.792663999999945
3500070578,Sidrolândia,Serra geral,6.5,False,UNKNOWN,SIAGAS_MS_20260814,E04,-20.980888999999934,-54.97270599999996
3500070031,Campo Grande,Guarani,191.0,False,UNKNOWN,SIAGAS_MS_20260814,E04,-20.421355999999946,-54.64723099999998
3500069558,Campo Grande,Serra geral,6.0,False,UNKNOWN,SIAGAS_MS_20260814,E04,-20.451082999999983,-54.66937199999995
3500027068,Maracaju,Guarani,23.0,False,UNKNOWN,SIAGAS_MS_20260814,E04,-21.631943999999976,-55.16638899999998
3500027076,Maracaju,Guarani,17.0,False,UNKNOWN,SIAGAS_MS_20260814,E04,-21.616943999999933,-55.16083299999997
3500027225,Sidrolândia,Guarani,12.4,False,UNKNOWN,SIAGAS_MS_20260814,E04,-20.936943999999983,-54.96166699999998
3500045157,Campo Grande,Guarani,10.0,False,UNKNOWN,SIAGAS_MS_20260814,E04,-20.438332999999943,-54.590832999999975
3500045618,Chapadão do Sul,Serra geral,40.0,False,UNKNOWN,SIAGAS_MS_20260814,E04,-18.805555999999967,-52.87583299999994
3500069360,Glória de Dourados,,18.5,False,UNKNOWN,SIAGAS_MS_20260814,E04,-22.44934999999998,-54.27966699999996
3500045643,Mundo Novo,,23.0,False,UNKNOWN,SIAGAS_MS_20260814,E04,-23.96138899999994,-54.321388999999954
3500045615,Ribas do Rio Pardo,,26.0,False,UNKNOWN,SIAGAS_MS_20260814,E04,-20.47194399999995,-53.75138899999996
3500071743,Rochedo,,17.0,False,UNKNOWN,SIAGAS_MS_20260814,E04,-19.866055999999958,-54.79049399999997
3500027007,Chapadão do Sul,,49.0,False,UNKNOWN,SIAGAS_MS_20260814,E04,-18.801943999999935,-52.59777799999995
3500045648,Ivinhema,Guarani,121.15,False,UNKNOWN,SIAGAS_MS_20260814,E04,-22.395277999999962,-53.893055999999945
3500069335,São Gabriel do Oeste,Não definido,56.0,False,UNKNOWN,SIAGAS_MS_20260814,E04,-19.44822199999993,-54.52486099999999
3500023166,Antônio João,Serra geral,22.05,False,UNKNOWN,SIAGAS_MS_20260814,E04,-22.204721999999947,-56.03638799999993
3500023240,Figueirão,Guarani,52.1,False,UNKNOWN,SIAGAS_MS_20260814,E04,-18.682221999999967,-53.63722199999995
3500045666,Bataguassu,Bauru,49.6,False,UNKNOWN,SIAGAS_MS_20260814,E04,-21.74166699999995,-52.474999999999966
3500045628,Paranaíba,Serra geral,32.7,False,UNKNOWN,SIAGAS_MS_20260814,E04,-19.696110999999974,-51.17888899999997
3500027316,Nova Andradina,Caiua,12.6,False,UNKNOWN,SIAGAS_MS_20260814,E04,-21.998055999999963,-53.433610999999985
3500023387,Nova Andradina,Caiua,34.0,False,UNKNOWN,SIAGAS_MS_20260814,E04,-22.235554999999977,-53.341110999999955
3500023275,Bataguassu,Bauru,45.0,False,UNKNOWN,SIAGAS_MS_20260814,E04,-21.717221999999936,-52.385276999999974
3500023384,Taquarussu,Bauru,9.0,False,UNKNOWN,SIAGAS_MS_20260814,E04,-22.485554999999977,-53.34944399999995
3500053085,Miranda,Coluvionar,7.0,False,UNKNOWN,SIAGAS_MS_20260814,E04,-20.13999999999993,-56.287499999999966
3500027157,Ivinhema,Caiua,52.0,False,UNKNOWN,SIAGAS_MS_20260814,E04,-22.371110999999928,-53.92777799999993
3500023287,Brasilândia,Caiua,18.0,False,UNKNOWN,SIAGAS_MS_20260814,E04,-21.25222199999996,-52.03333299999997
3500026928,Campo Grande,Serra geral,25.0,False,UNKNOWN,SIAGAS_MS_20260814,E04,-20.468610999999953,-54.590555999999935
3500045603,Itaporã,Serra geral,22.0,False,UNKNOWN,SIAGAS_MS_20260814,E04,-22.080555999999945,-54.85861099999994
3500045608,Campo Grande,Guarani,4.8,False,UNKNOWN,SIAGAS_MS_20260814,E04,-20.459721999999942,-54.67194399999994
3500045675,Rio Brilhante,Serra geral,12.0,False,UNKNOWN,SIAGAS_MS_20260814,E04,-21.836666999999977,-54.20472199999995
3500045693,Campo Grande,Caiua,22.0,False,UNKNOWN,SIAGAS_MS_20260814,E04,-20.37722199999996,-54.57111099999997
3500045705,Três Lagoas,Bauru,37.84,False,UNKNOWN,SIAGAS_MS_20260814,E04,-20.988888999999972,-51.82111099999997
3500045707,Três Lagoas,Bauru,51.31,False,UNKNOWN,SIAGAS_MS_20260814,E04,-20.997777999999983,-51.83527799999996
3500065038,Campo Grande,Serra geral,10.0,False,UNKNOWN,SIAGAS_MS_20260814,E04,-20.47888899999998,-54.72111099999995
3500065055,Fátima do Sul,Serra geral,14.1,False,UNKNOWN,SIAGAS_MS_20260814,E04,-22.32416699999993,-54.34722199999993
3500065062,Japorã,Caiua,25.15,False,UNKNOWN,SIAGAS_MS_20260814,E04,-23.892777999999964,-54.40833299999997
3500065071,Rio Verde de Mato Grosso,Furnas,6.0,False,UNKNOWN,SIAGAS_MS_20260814,E04,-18.925832999999955,-54.85722199999998
3500065057,Figueirão,Guarani,7.04,False,UNKNOWN,SIAGAS_MS_20260814,E04,-18.678610999999933,-53.632221999999956
3500022590,Alcinópolis,Guarani,27.0,False,UNKNOWN,SIAGAS_MS_20260814,E04,-18.325832999999932,-53.708887999999945
3500023068,Itaporã,Guarani,5.5,False,UNKNOWN,SIAGAS_MS_20260814,E04,-22.08722199999994,-54.79472199999998
3500023124,Jardim,Guarani,28.53,False,UNKNOWN,SIAGAS_MS_20260814,E04,-21.54249999999996,-56.601943999999946
3500065089,Camapuã,Guarani,5.6,False,UNKNOWN,SIAGAS_MS_20260814,E04,-19.53611099999995,-54.041110999999944
3500065124,São Gabriel do Oeste,Serra geral,1.0,False,UNKNOWN,SIAGAS_MS_20260814,E04,-19.394999999999982,-54.57611099999997
3500065023,Camapuã,Guarani,30.0,False,UNKNOWN,SIAGAS_MS_20260814,E04,-19.558055999999965,-54.03972199999998
3500065001,Água Clara,Bauru,1.05,False,UNKNOWN,SIAGAS_MS_20260814,E04,-20.446943999999974,-52.87472199999996
3500065006,Antônio João,Serra geral,4.5,False,UNKNOWN,SIAGAS_MS_20260814,E04,-22.191943999999978,-55.95666699999998
3500065014,Bataguassu,Caiua,29.4,False,UNKNOWN,SIAGAS_MS_20260814,E04,-21.709443999999962,-52.40888899999993
3500065021,Caarapó,Caiua,131.13,False,UNKNOWN,SIAGAS_MS_20260814,E04,-22.60666699999996,-54.694443999999976
3500065027,Campo Grande,Bauru,4.38,False,UNKNOWN,SIAGAS_MS_20260814,E04,-20.48249999999996,-54.640832999999986
3500071760,Corumbá,Cobertura cenozoica,10.0,False,UNKNOWN,SIAGAS_MS_20260814,E04,-19.478402999999958,-57.01396099999994
3500071625,São Gabriel do Oeste,Guarani,9.52,False,UNKNOWN,SIAGAS_MS_20260814,E04,-19.549035999999944,-54.433002999999985
3500071619,São Gabriel do Oeste,Guarani,9.9,False,UNKNOWN,SIAGAS_MS_20260814,E04,-19.218343999999945,-54.70437499999997
3500071235,Coxim,Furnas,33.5,False,UNKNOWN,SIAGAS_MS_20260814,E04,-18.504099999999937,-54.73643099999998
3500070738,Camapuã,Guarani,10.4,False,UNKNOWN,SIAGAS_MS_20260814,E04,-19.536877999999945,-54.042532999999935
3500070114,Bataguassu,Bauru_Caiua,16.32,False,UNKNOWN,SIAGAS_MS_20260814,E04,-21.69963599999994,-52.41184999999996
3500069912,Nioaque,Guarani,7.2,False,UNKNOWN,SIAGAS_MS_20260814,E04,-21.142871999999954,-55.82385599999998
3500069874,Laguna Carapã,Serra geral,11.88,False,UNKNOWN,SIAGAS_MS_20260814,E04,-22.737649999999974,-55.07778899999994
3500026956,Caarapó,Serra geral,32.0,False,UNKNOWN,SIAGAS_MS_20260814,E04,-22.59583299999997,-54.81444399999998
3500026987,Nova Andradina,Bauru,43.0,False,UNKNOWN,SIAGAS_MS_20260814,E04,-22.248332999999946,-53.331110999999964
3500027010,Ponta Porã,Serra geral,18.0,False,UNKNOWN,SIAGAS_MS_20260814,E04,-22.278332999999975,-55.15777799999995
3500027022,Itaporã,Serra geral,12.0,False,UNKNOWN,SIAGAS_MS_20260814,E04,-22.112499999999955,-54.79777799999994
3500027038,Selvíria,Bauru,12.15,False,UNKNOWN,SIAGAS_MS_20260814,E04,-20.359721999999977,-51.41472199999998
3500027107,Maracaju,Serra geral,26.0,False,UNKNOWN,SIAGAS_MS_20260814,E04,-21.69777799999997,-55.62527799999998
3500027114,Bataguassu,Caiua,40.0,False,UNKNOWN,SIAGAS_MS_20260814,E04,-21.71916699999997,-52.41888899999998
3500027140,Dourados,Serra geral,14.58,False,UNKNOWN,SIAGAS_MS_20260814,E04,-22.258055999999954,-54.79472199999998
3500027159,Maracaju,Serra geral,9.3,False,UNKNOWN,SIAGAS_MS_20260814,E04,-21.609166999999957,-55.163332999999966
3500045119,Dourados,Caiua,10.0,False,UNKNOWN,SIAGAS_MS_20260814,E04,-22.214999999999975,-54.31416699999994
3500045616,Água Clara,Bauru,12.3,False,UNKNOWN,SIAGAS_MS_20260814,E04,-20.444999999999936,-52.87944399999998
3500053082,Porto Murtinho,Rocha cristalina,12.0,False,UNKNOWN,SIAGAS_MS_20260814,E04,-22.030277999999953,-57.465277999999955
3500023256,Ribas do Rio Pardo,Serra geral,4.0,False,UNKNOWN,SIAGAS_MS_20260814,E04,-20.437776999999983,-53.75333299999994
3500023393,Naviraí,Caiua,9.66,False,UNKNOWN,SIAGAS_MS_20260814,E04,-23.05666599999995,-54.20055499999995
