{"type":"FeatureCollection","name":"E08_ensaio_metadados_minimos","features":[{"type":"Feature","geometry":{"type":"Point","coordinates":[-54.69222199999996,-22.19166699999994]},"properties":{"well_id":"3500065054","municipality":"Dourados","aquifer":"Guarani","test_type":"Continuo","test_date":"2014-09-29","static_level_m":67.0,"dynamic_level_m":166.56,"stabilized_yield":42.58,"interpretation_method":"UNKNOWN","source":"SGB_HIDRO_MS_2024_POCOS","evidence_code":"E08"}},{"type":"Feature","geometry":{"type":"Point","coordinates":[-56.28333299999997,-20.143332999999927]},"properties":{"well_id":"3500053084","municipality":"Miranda","aquifer":"Coluvionar","test_type":"Rebaixamento","test_date":"2009-01-01","static_level_m":12.0,"dynamic_level_m":22.0,"stabilized_yield":3.0,"interpretation_method":"UNKNOWN","source":"SGB_HIDRO_MS_2024_POCOS","evidence_code":"E08"}},{"type":"Feature","geometry":{"type":"Point","coordinates":[-54.82416699999993,-22.642499999999927]},"properties":{"well_id":"3500027119","municipality":"Caarapó","aquifer":"Serra geral","test_type":"Rebaixamento","test_date":"2009-08-27","static_level_m":23.0,"dynamic_level_m":99.0,"stabilized_yield":13.4,"interpretation_method":"UNKNOWN","source":"SGB_HIDRO_MS_2024_POCOS","evidence_code":"E08"}},{"type":"Feature","geometry":{"type":"Point","coordinates":[-51.839166999999975,-20.97083299999997]},"properties":{"well_id":"3500026917","municipality":"Três Lagoas","aquifer":"Serra geral","test_type":"Rebaixamento","test_date":"2008-01-01","static_level_m":7.0,"dynamic_level_m":9.0,"stabilized_yield":0.0,"interpretation_method":"UNKNOWN","source":"SGB_HIDRO_MS_2024_POCOS","evidence_code":"E08"}},{"type":"Feature","geometry":{"type":"Point","coordinates":[-52.62555599999996,-18.807777999999928]},"properties":{"well_id":"3500027282","municipality":"Chapadão do Sul","aquifer":"Bauru","test_type":"Rebaixamento","test_date":"2009-10-06","static_level_m":57.0,"dynamic_level_m":71.0,"stabilized_yield":17.0,"interpretation_method":"UNKNOWN","source":"SGB_HIDRO_MS_2024_POCOS","evidence_code":"E08"}},{"type":"Feature","geometry":{"type":"Point","coordinates":[-55.08277799999996,-19.677221999999972]},"properties":{"well_id":"3500045668","municipality":"Corguinho","aquifer":"Aquidauana","test_type":"Rebaixamento","test_date":"2010-09-18","static_level_m":54.0,"dynamic_level_m":70.0,"stabilized_yield":8.0,"interpretation_method":"UNKNOWN","source":"SGB_HIDRO_MS_2024_POCOS","evidence_code":"E08"}},{"type":"Feature","geometry":{"type":"Point","coordinates":[-54.57472199999995,-23.67972199999997]},"properties":{"well_id":"3500045682","municipality":"Iguatemi","aquifer":"Caiua","test_type":"Rebaixamento","test_date":"2008-01-01","static_level_m":6.5,"dynamic_level_m":144.0,"stabilized_yield":24.2,"interpretation_method":"UNKNOWN","source":"SGB_HIDRO_MS_2024_POCOS","evidence_code":"E08"}},{"type":"Feature","geometry":{"type":"Point","coordinates":[-55.194999999999936,-21.613888999999972]},"properties":{"well_id":"3500053090","municipality":"Maracaju","aquifer":"Guarani","test_type":"Rebaixamento","test_date":"2008-01-01","static_level_m":17.0,"dynamic_level_m":20.0,"stabilized_yield":10.0,"interpretation_method":"UNKNOWN","source":"SGB_HIDRO_MS_2024_POCOS","evidence_code":"E08"}},{"type":"Feature","geometry":{"type":"Point","coordinates":[-54.61638899999997,-20.46222199999994]},"properties":{"well_id":"3500065040","municipality":"Campo Grande","aquifer":"Serra geral","test_type":"Rebaixamento","test_date":"2014-11-12","static_level_m":7.0,"dynamic_level_m":51.0,"stabilized_yield":22.63,"interpretation_method":"UNKNOWN","source":"SGB_HIDRO_MS_2024_POCOS","evidence_code":"E08"}},{"type":"Feature","geometry":{"type":"Point","coordinates":[-54.716388999999936,-20.468610999999953]},"properties":{"well_id":"3500065045","municipality":"Campo Grande","aquifer":"Serra geral","test_type":"Rebaixamento","test_date":"2016-01-22","static_level_m":15.0,"dynamic_level_m":28.0,"stabilized_yield":5.0,"interpretation_method":"UNKNOWN","source":"SGB_HIDRO_MS_2024_POCOS","evidence_code":"E08"}},{"type":"Feature","geometry":{"type":"Point","coordinates":[-54.67277799999994,-20.44222199999996]},"properties":{"well_id":"3500065046","municipality":"Campo Grande","aquifer":"Serra geral","test_type":"Rebaixamento","test_date":"2016-04-14","static_level_m":26.3,"dynamic_level_m":32.27,"stabilized_yield":5.91,"interpretation_method":"UNKNOWN","source":"SGB_HIDRO_MS_2024_POCOS","evidence_code":"E08"}},{"type":"Feature","geometry":{"type":"Point","coordinates":[-54.74916699999994,-20.484166999999957]},"properties":{"well_id":"3500065047","municipality":"Campo Grande","aquifer":"Serra geral","test_type":"Rebaixamento","test_date":"2016-06-10","static_level_m":12.8,"dynamic_level_m":84.0,"stabilized_yield":15.23,"interpretation_method":"UNKNOWN","source":"SGB_HIDRO_MS_2024_POCOS","evidence_code":"E08"}},{"type":"Feature","geometry":{"type":"Point","coordinates":[-53.84249999999997,-22.338888999999938]},"properties":{"well_id":"3500065060","municipality":"Ivinhema","aquifer":"Caiua","test_type":"Rebaixamento","test_date":"2016-07-09","static_level_m":12.75,"dynamic_level_m":58.08,"stabilized_yield":17.36,"interpretation_method":"UNKNOWN","source":"SGB_HIDRO_MS_2024_POCOS","evidence_code":"E08"}},{"type":"Feature","geometry":{"type":"Point","coordinates":[-51.426943999999935,-20.361943999999937]},"properties":{"well_id":"3500065072","municipality":"Selvíria","aquifer":"Serra geral","test_type":"Rebaixamento","test_date":"2016-02-02","static_level_m":18.0,"dynamic_level_m":64.0,"stabilized_yield":56.5,"interpretation_method":"UNKNOWN","source":"SGB_HIDRO_MS_2024_POCOS","evidence_code":"E08"}},{"type":"Feature","geometry":{"type":"Point","coordinates":[-54.35972199999998,-18.64027699999997]},"properties":{"well_id":"3500023027","municipality":"Coxim","aquifer":"Guarani","test_type":"Rebaixamento","test_date":"1990-02-10","static_level_m":12.0,"dynamic_level_m":25.0,"stabilized_yield":18.9,"interpretation_method":"UNKNOWN","source":"SGB_HIDRO_MS_2024_POCOS","evidence_code":"E08"}},{"type":"Feature","geometry":{"type":"Point","coordinates":[-55.634721999999954,-22.944166999999936]},"properties":{"well_id":"3500065009","municipality":"Aral Moreira","aquifer":"Serra geral","test_type":"Continuo","test_date":"1980-07-07","static_level_m":3.65,"dynamic_level_m":22.26,"stabilized_yield":46.65,"interpretation_method":"UNKNOWN","source":"SGB_HIDRO_MS_2024_POCOS","evidence_code":"E08"}},{"type":"Feature","geometry":{"type":"Point","coordinates":[-53.29814399999998,-20.012241999999958]},"properties":{"well_id":"3500068739","municipality":"Ribas do Rio Pardo","aquifer":"Bauru","test_type":"Rebaixamento","test_date":"2023-04-26","static_level_m":34.23,"dynamic_level_m":49.18,"stabilized_yield":6.32,"interpretation_method":"UNKNOWN","source":"SGB_HIDRO_MS_2024_POCOS","evidence_code":"E08"}},{"type":"Feature","geometry":{"type":"Point","coordinates":[-54.17444399999994,-22.464721999999938]},"properties":{"well_id":"3500026934","municipality":"Glória de Dourados","aquifer":"Caiua","test_type":"Rebaixamento","test_date":"2008-10-02","static_level_m":10.0,"dynamic_level_m":30.0,"stabilized_yield":10.0,"interpretation_method":"UNKNOWN","source":"SGB_HIDRO_MS_2024_POCOS","evidence_code":"E08"}},{"type":"Feature","geometry":{"type":"Point","coordinates":[-53.371110999999985,-22.277221999999938]},"properties":{"well_id":"3500026935","municipality":"Nova Andradina","aquifer":"Caiua","test_type":"Rebaixamento","test_date":"2006-09-29","static_level_m":39.0,"dynamic_level_m":52.0,"stabilized_yield":6.1,"interpretation_method":"UNKNOWN","source":"SGB_HIDRO_MS_2024_POCOS","evidence_code":"E08"}},{"type":"Feature","geometry":{"type":"Point","coordinates":[-53.37944399999998,-22.284999999999968]},"properties":{"well_id":"3500026939","municipality":"Nova Andradina","aquifer":"Serra geral","test_type":"Rebaixamento","test_date":"2008-09-22","static_level_m":20.0,"dynamic_level_m":45.0,"stabilized_yield":10.0,"interpretation_method":"UNKNOWN","source":"SGB_HIDRO_MS_2024_POCOS","evidence_code":"E08"}},{"type":"Feature","geometry":{"type":"Point","coordinates":[-54.81555599999996,-22.59555599999993]},"properties":{"well_id":"3500026957","municipality":"Caarapó","aquifer":"Serra geral","test_type":"Rebaixamento","test_date":"2009-02-12","static_level_m":19.0,"dynamic_level_m":44.6,"stabilized_yield":45.18,"interpretation_method":"UNKNOWN","source":"SGB_HIDRO_MS_2024_POCOS","evidence_code":"E08"}},{"type":"Feature","geometry":{"type":"Point","coordinates":[-54.36694399999993,-21.94805599999995]},"properties":{"well_id":"3500026979","municipality":"Dourados","aquifer":"Serra geral","test_type":"Rebaixamento","test_date":"2009-02-16","static_level_m":12.0,"dynamic_level_m":19.0,"stabilized_yield":5.0,"interpretation_method":"UNKNOWN","source":"SGB_HIDRO_MS_2024_POCOS","evidence_code":"E08"}},{"type":"Feature","geometry":{"type":"Point","coordinates":[-55.05638799999997,-23.968332999999973]},"properties":{"well_id":"3500023356","municipality":"Sete Quedas","aquifer":"Serra geral","test_type":"Escalonado","test_date":"1981-03-18","static_level_m":6.46,"dynamic_level_m":41.46,"stabilized_yield":50.0,"interpretation_method":"UNKNOWN","source":"SGB_HIDRO_MS_2024_POCOS","evidence_code":"E08"}},{"type":"Feature","geometry":{"type":"Point","coordinates":[-54.81583299999994,-22.641943999999967]},"properties":{"well_id":"3500023368","municipality":"Caarapó","aquifer":"Serra geral","test_type":"Escalonado","test_date":"1980-12-02","static_level_m":19.5,"dynamic_level_m":29.82,"stabilized_yield":21.82,"interpretation_method":"UNKNOWN","source":"SGB_HIDRO_MS_2024_POCOS","evidence_code":"E08"}},{"type":"Feature","geometry":{"type":"Point","coordinates":[-55.03499999999997,-23.97388799999993]},"properties":{"well_id":"3500023355","municipality":"Sete Quedas","aquifer":"Bauru","test_type":"Rebaixamento","test_date":"1987-02-26","static_level_m":11.2,"dynamic_level_m":97.29,"stabilized_yield":3.6,"interpretation_method":"UNKNOWN","source":"SGB_HIDRO_MS_2024_POCOS","evidence_code":"E08"}},{"type":"Feature","geometry":{"type":"Point","coordinates":[-51.864443999999935,-19.73166599999996]},"properties":{"well_id":"3500023312","municipality":"Inocência","aquifer":"Bauru","test_type":"Rebaixamento","test_date":"1985-05-22","static_level_m":62.9,"dynamic_level_m":105.0,"stabilized_yield":3.4,"interpretation_method":"UNKNOWN","source":"SGB_HIDRO_MS_2024_POCOS","evidence_code":"E08"}},{"type":"Feature","geometry":{"type":"Point","coordinates":[-54.64694399999996,-20.42083299999996]},"properties":{"well_id":"3500022928","municipality":"Campo Grande","aquifer":"Guarani","test_type":"Rebaixamento","test_date":"2003-08-20","static_level_m":172.0,"dynamic_level_m":285.0,"stabilized_yield":132.0,"interpretation_method":"UNKNOWN","source":"SGB_HIDRO_MS_2024_POCOS","evidence_code":"E08"}},{"type":"Feature","geometry":{"type":"Point","coordinates":[-51.77472199999994,-20.97888899999998]},"properties":{"well_id":"3500045646","municipality":"Três Lagoas","aquifer":"Serra geral","test_type":"Continuo","test_date":"2010-12-27","static_level_m":18.5,"dynamic_level_m":77.5,"stabilized_yield":23.29,"interpretation_method":"UNKNOWN","source":"SGB_HIDRO_MS_2024_POCOS","evidence_code":"E08"}},{"type":"Feature","geometry":{"type":"Point","coordinates":[-54.86777699999993,-20.48444399999994]},"properties":{"well_id":"3500022824","municipality":"Terenos","aquifer":"Guarani","test_type":"Rebaixamento","test_date":"1992-08-16","static_level_m":124.6,"dynamic_level_m":139.58,"stabilized_yield":29.3,"interpretation_method":"UNKNOWN","source":"SGB_HIDRO_MS_2024_POCOS","evidence_code":"E08"}},{"type":"Feature","geometry":{"type":"Point","coordinates":[-54.96361099999996,-20.923054999999977]},"properties":{"well_id":"3500022816","municipality":"Sidrolândia","aquifer":"Guarani","test_type":"Rebaixamento","test_date":"2004-12-01","static_level_m":100.0,"dynamic_level_m":250.0,"stabilized_yield":200.0,"interpretation_method":"UNKNOWN","source":"SGB_HIDRO_MS_2024_POCOS","evidence_code":"E08"}},{"type":"Feature","geometry":{"type":"Point","coordinates":[-53.13972199999995,-18.54472199999998]},"properties":{"well_id":"3500022567","municipality":"Costa Rica","aquifer":"Guarani","test_type":"Rebaixamento","test_date":"1991-02-02","static_level_m":36.0,"dynamic_level_m":42.7,"stabilized_yield":88.0,"interpretation_method":"UNKNOWN","source":"SGB_HIDRO_MS_2024_POCOS","evidence_code":"E08"}},{"type":"Feature","geometry":{"type":"Point","coordinates":[-54.65111099999996,-20.558887999999968]},"properties":{"well_id":"3500022930","municipality":"Campo Grande","aquifer":"Guarani","test_type":"Rebaixamento","test_date":"2003-08-20","static_level_m":132.0,"dynamic_level_m":190.0,"stabilized_yield":315.0,"interpretation_method":"UNKNOWN","source":"SGB_HIDRO_MS_2024_POCOS","evidence_code":"E08"}},{"type":"Feature","geometry":{"type":"Point","coordinates":[-54.143055999999945,-22.54222199999998]},"properties":{"well_id":"3500026937","municipality":"Jateí","aquifer":"","test_type":"Rebaixamento","test_date":"2008-10-14","static_level_m":20.0,"dynamic_level_m":45.0,"stabilized_yield":12.0,"interpretation_method":"UNKNOWN","source":"SGB_HIDRO_MS_2024_POCOS","evidence_code":"E08"}},{"type":"Feature","geometry":{"type":"Point","coordinates":[-51.87805599999996,-20.797499999999957]},"properties":{"well_id":"3500045662","municipality":"Três Lagoas","aquifer":"Serra geral","test_type":"Rebaixamento","test_date":"2010-09-10","static_level_m":34.28,"dynamic_level_m":44.55,"stabilized_yield":38.135,"interpretation_method":"UNKNOWN","source":"SGB_HIDRO_MS_2024_POCOS","evidence_code":"E08"}},{"type":"Feature","geometry":{"type":"Point","coordinates":[-56.30611099999999,-19.97277799999995]},"properties":{"well_id":"3500045671","municipality":"Miranda","aquifer":"","test_type":"Rebaixamento","test_date":"2009-01-01","static_level_m":5.0,"dynamic_level_m":14.0,"stabilized_yield":4.0,"interpretation_method":"UNKNOWN","source":"SGB_HIDRO_MS_2024_POCOS","evidence_code":"E08"}},{"type":"Feature","geometry":{"type":"Point","coordinates":[-54.60583299999996,-20.45333299999993]},"properties":{"well_id":"3500065031","municipality":"Campo Grande","aquifer":"Serra geral","test_type":"Rebaixamento","test_date":"2016-03-22","static_level_m":17.59,"dynamic_level_m":21.82,"stabilized_yield":5.28,"interpretation_method":"UNKNOWN","source":"SGB_HIDRO_MS_2024_POCOS","evidence_code":"E08"}},{"type":"Feature","geometry":{"type":"Point","coordinates":[-54.67277799999994,-20.554443999999933]},"properties":{"well_id":"3500065039","municipality":"Campo Grande","aquifer":"Serra geral","test_type":"Continuo","test_date":"2016-07-03","static_level_m":65.17,"dynamic_level_m":172.1,"stabilized_yield":153.72,"interpretation_method":"UNKNOWN","source":"SGB_HIDRO_MS_2024_POCOS","evidence_code":"E08"}},{"type":"Feature","geometry":{"type":"Point","coordinates":[-55.11916699999995,-20.74166699999995]},"properties":{"well_id":"3500045691","municipality":"Sidrolândia","aquifer":"Guarani","test_type":"Rebaixamento","test_date":"2009-01-01","static_level_m":31.0,"dynamic_level_m":34.2,"stabilized_yield":14.6,"interpretation_method":"UNKNOWN","source":"SGB_HIDRO_MS_2024_POCOS","evidence_code":"E08"}},{"type":"Feature","geometry":{"type":"Point","coordinates":[-56.35305599999998,-19.955832999999927]},"properties":{"well_id":"3500053083","municipality":"Miranda","aquifer":"Coluvionar","test_type":"Rebaixamento","test_date":"2009-01-01","static_level_m":9.0,"dynamic_level_m":13.0,"stabilized_yield":4.0,"interpretation_method":"UNKNOWN","source":"SGB_HIDRO_MS_2024_POCOS","evidence_code":"E08"}},{"type":"Feature","geometry":{"type":"Point","coordinates":[-56.52111099999996,-19.869166999999948]},"properties":{"well_id":"3500053086","municipality":"Miranda","aquifer":"Coluvionar","test_type":"Rebaixamento","test_date":"2010-01-01","static_level_m":4.0,"dynamic_level_m":10.0,"stabilized_yield":10.0,"interpretation_method":"UNKNOWN","source":"SGB_HIDRO_MS_2024_POCOS","evidence_code":"E08"}},{"type":"Feature","geometry":{"type":"Point","coordinates":[-54.82583299999993,-22.621666999999945]},"properties":{"well_id":"3500027077","municipality":"Caarapó","aquifer":"Serra geral","test_type":"Rebaixamento","test_date":"2007-08-29","static_level_m":11.0,"dynamic_level_m":17.0,"stabilized_yield":41.0,"interpretation_method":"UNKNOWN","source":"SGB_HIDRO_MS_2024_POCOS","evidence_code":"E08"}},{"type":"Feature","geometry":{"type":"Point","coordinates":[-53.268055999999945,-22.284166999999968]},"properties":{"well_id":"3500045670","municipality":"Batayporã","aquifer":"Caiua","test_type":"Rebaixamento","test_date":"2009-01-01","static_level_m":50.0,"dynamic_level_m":65.0,"stabilized_yield":83.0,"interpretation_method":"UNKNOWN","source":"SGB_HIDRO_MS_2024_POCOS","evidence_code":"E08"}},{"type":"Feature","geometry":{"type":"Point","coordinates":[-51.830555999999945,-20.64666699999998]},"properties":{"well_id":"3500045703","municipality":"Três Lagoas","aquifer":"Bauru","test_type":"Rebaixamento","test_date":"2012-07-26","static_level_m":57.78,"dynamic_level_m":76.55,"stabilized_yield":117.3,"interpretation_method":"UNKNOWN","source":"SGB_HIDRO_MS_2024_POCOS","evidence_code":"E08"}},{"type":"Feature","geometry":{"type":"Point","coordinates":[-51.87527799999998,-20.984166999999957]},"properties":{"well_id":"3500045711","municipality":"Três Lagoas","aquifer":"Bauru","test_type":"Rebaixamento","test_date":"2012-02-24","static_level_m":62.7,"dynamic_level_m":77.43,"stabilized_yield":139.3,"interpretation_method":"UNKNOWN","source":"SGB_HIDRO_MS_2024_POCOS","evidence_code":"E08"}},{"type":"Feature","geometry":{"type":"Point","coordinates":[-54.56166699999994,-20.53527799999995]},"properties":{"well_id":"3500065044","municipality":"Campo Grande","aquifer":"Serra geral","test_type":"Continuo","test_date":"1999-01-01","static_level_m":11.42,"dynamic_level_m":12.58,"stabilized_yield":2.76,"interpretation_method":"UNKNOWN","source":"SGB_HIDRO_MS_2024_POCOS","evidence_code":"E08"}},{"type":"Feature","geometry":{"type":"Point","coordinates":[-54.853332999999964,-18.92805599999997]},"properties":{"well_id":"3500065070","municipality":"Rio Verde de Mato Grosso","aquifer":"Furnas","test_type":"Continuo","test_date":"1984-08-13","static_level_m":15.0,"dynamic_level_m":49.0,"stabilized_yield":36.0,"interpretation_method":"UNKNOWN","source":"SGB_HIDRO_MS_2024_POCOS","evidence_code":"E08"}},{"type":"Feature","geometry":{"type":"Point","coordinates":[-51.66861099999994,-20.788888999999926]},"properties":{"well_id":"3500065082","municipality":"Três Lagoas","aquifer":"Caiua","test_type":"Rebaixamento","test_date":"2016-10-13","static_level_m":19.2,"dynamic_level_m":24.19,"stabilized_yield":6.69,"interpretation_method":"UNKNOWN","source":"SGB_HIDRO_MS_2024_POCOS","evidence_code":"E08"}},{"type":"Feature","geometry":{"type":"Point","coordinates":[-52.25166699999994,-21.72388899999993]},"properties":{"well_id":"3500065013","municipality":"Bataguassu","aquifer":"Bauru","test_type":"Rebaixamento","test_date":"1986-07-07","static_level_m":3.5,"dynamic_level_m":39.75,"stabilized_yield":8.0,"interpretation_method":"UNKNOWN","source":"SGB_HIDRO_MS_2024_POCOS","evidence_code":"E08"}},{"type":"Feature","geometry":{"type":"Point","coordinates":[-52.41833299999996,-21.718610999999953]},"properties":{"well_id":"3500065016","municipality":"Bataguassu","aquifer":"Caiua","test_type":"Rebaixamento","test_date":"1984-07-24","static_level_m":37.8,"dynamic_level_m":49.95,"stabilized_yield":34.43,"interpretation_method":"UNKNOWN","source":"SGB_HIDRO_MS_2024_POCOS","evidence_code":"E08"}},{"type":"Feature","geometry":{"type":"Point","coordinates":[-56.67361099999994,-20.556388999999967]},"properties":{"well_id":"3500065018","municipality":"Bodoquena","aquifer":"Cuiaba","test_type":"Rebaixamento","test_date":"2008-04-11","static_level_m":1.0,"dynamic_level_m":6.92,"stabilized_yield":192.32,"interpretation_method":"UNKNOWN","source":"SGB_HIDRO_MS_2024_POCOS","evidence_code":"E08"}},{"type":"Feature","geometry":{"type":"Point","coordinates":[-54.55666699999995,-21.789721999999927]},"properties":{"well_id":"3500065068","municipality":"Rio Brilhante","aquifer":"Serra geral","test_type":"Continuo","test_date":"1995-06-10","static_level_m":0.0,"dynamic_level_m":10.15,"stabilized_yield":113.0,"interpretation_method":"UNKNOWN","source":"SGB_HIDRO_MS_2024_POCOS","evidence_code":"E08"}},{"type":"Feature","geometry":{"type":"Point","coordinates":[-51.689952999999946,-19.325046999999927]},"properties":{"well_id":"3500068743","municipality":"Paranaíba","aquifer":"Bauru","test_type":"Rebaixamento","test_date":"2023-05-29","static_level_m":16.86,"dynamic_level_m":53.63,"stabilized_yield":1.52,"interpretation_method":"UNKNOWN","source":"SGB_HIDRO_MS_2024_POCOS","evidence_code":"E08"}},{"type":"Feature","geometry":{"type":"Point","coordinates":[-52.28885299999996,-19.99198599999994]},"properties":{"well_id":"3500068742","municipality":"Três Lagoas","aquifer":"Bauru","test_type":"Rebaixamento","test_date":"2023-05-19","static_level_m":37.6,"dynamic_level_m":45.71,"stabilized_yield":6.59,"interpretation_method":"UNKNOWN","source":"SGB_HIDRO_MS_2024_POCOS","evidence_code":"E08"}},{"type":"Feature","geometry":{"type":"Point","coordinates":[-54.75527699999998,-18.50583299999994]},"properties":{"well_id":"3500022591","municipality":"Coxim","aquifer":"Furnas","test_type":"Rebaixamento","test_date":"1999-05-08","static_level_m":15.0,"dynamic_level_m":40.0,"stabilized_yield":52.0,"interpretation_method":"UNKNOWN","source":"SGB_HIDRO_MS_2024_POCOS","evidence_code":"E08"}},{"type":"Feature","geometry":{"type":"Point","coordinates":[-53.80555599999997,-22.28388899999993]},"properties":{"well_id":"3500026944","municipality":"Ivinhema","aquifer":"Caiua","test_type":"Rebaixamento","test_date":"2008-11-28","static_level_m":15.0,"dynamic_level_m":50.0,"stabilized_yield":12.0,"interpretation_method":"UNKNOWN","source":"SGB_HIDRO_MS_2024_POCOS","evidence_code":"E08"}},{"type":"Feature","geometry":{"type":"Point","coordinates":[-54.19083299999994,-23.099999999999966]},"properties":{"well_id":"3500026950","municipality":"Naviraí","aquifer":"Caiua","test_type":"Rebaixamento","test_date":"2009-01-09","static_level_m":15.0,"dynamic_level_m":45.0,"stabilized_yield":10.0,"interpretation_method":"UNKNOWN","source":"SGB_HIDRO_MS_2024_POCOS","evidence_code":"E08"}},{"type":"Feature","geometry":{"type":"Point","coordinates":[-54.29527799999994,-22.459443999999962]},"properties":{"well_id":"3500026951","municipality":"Glória de Dourados","aquifer":"Caiua","test_type":"Rebaixamento","test_date":"2004-07-03","static_level_m":10.0,"dynamic_level_m":30.0,"stabilized_yield":10.0,"interpretation_method":"UNKNOWN","source":"SGB_HIDRO_MS_2024_POCOS","evidence_code":"E08"}},{"type":"Feature","geometry":{"type":"Point","coordinates":[-53.35027699999995,-22.246665999999948]},"properties":{"well_id":"3500023386","municipality":"Nova Andradina","aquifer":"Caiua","test_type":"Rebaixamento","test_date":"1995-11-30","static_level_m":29.0,"dynamic_level_m":40.0,"stabilized_yield":25.0,"interpretation_method":"UNKNOWN","source":"SGB_HIDRO_MS_2024_POCOS","evidence_code":"E08"}},{"type":"Feature","geometry":{"type":"Point","coordinates":[-55.62277799999998,-22.622777999999983]},"properties":{"well_id":"3500045692","municipality":"Ponta Porã","aquifer":"Serra geral","test_type":"Rebaixamento","test_date":"2009-01-01","static_level_m":5.2,"dynamic_level_m":21.0,"stabilized_yield":21.76,"interpretation_method":"UNKNOWN","source":"SGB_HIDRO_MS_2024_POCOS","evidence_code":"E08"}},{"type":"Feature","geometry":{"type":"Point","coordinates":[-55.230276999999944,-23.09972199999993]},"properties":{"well_id":"3500023143","municipality":"Amambai","aquifer":"Guarani","test_type":"Escalonado","test_date":"1987-07-03","static_level_m":34.7,"dynamic_level_m":98.51,"stabilized_yield":39.6,"interpretation_method":"UNKNOWN","source":"SGB_HIDRO_MS_2024_POCOS","evidence_code":"E08"}},{"type":"Feature","geometry":{"type":"Point","coordinates":[-52.41749999999996,-21.716943999999955]},"properties":{"well_id":"3500023279","municipality":"Bataguassu","aquifer":"Caiua","test_type":"Rebaixamento","test_date":"1993-07-26","static_level_m":37.5,"dynamic_level_m":67.7,"stabilized_yield":13.0,"interpretation_method":"UNKNOWN","source":"SGB_HIDRO_MS_2024_POCOS","evidence_code":"E08"}},{"type":"Feature","geometry":{"type":"Point","coordinates":[-52.622776999999985,-18.803332999999952]},"properties":{"well_id":"3500023327","municipality":"Chapadão do Sul","aquifer":"Bauru","test_type":"Escalonado","test_date":"1985-05-25","static_level_m":68.0,"dynamic_level_m":70.3,"stabilized_yield":6.0,"interpretation_method":"UNKNOWN","source":"SGB_HIDRO_MS_2024_POCOS","evidence_code":"E08"}},{"type":"Feature","geometry":{"type":"Point","coordinates":[-55.059443999999985,-23.97444399999995]},"properties":{"well_id":"3500023357","municipality":"Sete Quedas","aquifer":"Serra geral","test_type":"Escalonado","test_date":"1981-08-31","static_level_m":22.16,"dynamic_level_m":38.52,"stabilized_yield":50.76,"interpretation_method":"UNKNOWN","source":"SGB_HIDRO_MS_2024_POCOS","evidence_code":"E08"}},{"type":"Feature","geometry":{"type":"Point","coordinates":[-51.92944399999993,-19.728610999999944]},"properties":{"well_id":"3500023307","municipality":"Inocência","aquifer":"Serra geral","test_type":"Rebaixamento","test_date":"1978-08-08","static_level_m":54.0,"dynamic_level_m":71.5,"stabilized_yield":10.56,"interpretation_method":"UNKNOWN","source":"SGB_HIDRO_MS_2024_POCOS","evidence_code":"E08"}},{"type":"Feature","geometry":{"type":"Point","coordinates":[-54.75444399999998,-20.47333299999997]},"properties":{"well_id":"3500053094","municipality":"Campo Grande","aquifer":"Guarani","test_type":"Rebaixamento","test_date":"2011-11-22","static_level_m":104.0,"dynamic_level_m":111.25,"stabilized_yield":35.0,"interpretation_method":"UNKNOWN","source":"SGB_HIDRO_MS_2024_POCOS","evidence_code":"E08"}},{"type":"Feature","geometry":{"type":"Point","coordinates":[-55.17166599999996,-21.617776999999933]},"properties":{"well_id":"3500022863","municipality":"Maracaju","aquifer":"Guarani","test_type":"Rebaixamento","test_date":"2004-07-17","static_level_m":32.0,"dynamic_level_m":39.0,"stabilized_yield":64.2,"interpretation_method":"UNKNOWN","source":"SGB_HIDRO_MS_2024_POCOS","evidence_code":"E08"}},{"type":"Feature","geometry":{"type":"Point","coordinates":[-55.49944399999998,-21.72277699999995]},"properties":{"well_id":"3500022883","municipality":"Maracaju","aquifer":"Guarani","test_type":"Rebaixamento","test_date":"1988-02-05","static_level_m":72.2,"dynamic_level_m":75.56,"stabilized_yield":22.0,"interpretation_method":"UNKNOWN","source":"SGB_HIDRO_MS_2024_POCOS","evidence_code":"E08"}},{"type":"Feature","geometry":{"type":"Point","coordinates":[-54.558610999999985,-20.392499999999927]},"properties":{"well_id":"3500045617","municipality":"Campo Grande","aquifer":"","test_type":"Rebaixamento","test_date":"2012-03-23","static_level_m":22.4,"dynamic_level_m":40.25,"stabilized_yield":2.0,"interpretation_method":"UNKNOWN","source":"SGB_HIDRO_MS_2024_POCOS","evidence_code":"E08"}},{"type":"Feature","geometry":{"type":"Point","coordinates":[-54.03694399999995,-19.539165999999966]},"properties":{"well_id":"3500023250","municipality":"Camapuã","aquifer":"Guarani","test_type":"Rebaixamento","test_date":"1998-05-30","static_level_m":60.0,"dynamic_level_m":102.5,"stabilized_yield":13.0,"interpretation_method":"UNKNOWN","source":"SGB_HIDRO_MS_2024_POCOS","evidence_code":"E08"}},{"type":"Feature","geometry":{"type":"Point","coordinates":[-53.81138899999996,-22.29277799999994]},"properties":{"well_id":"3500045663","municipality":"Ivinhema","aquifer":"Caiua","test_type":"Rebaixamento","test_date":"2012-11-13","static_level_m":37.0,"dynamic_level_m":67.17,"stabilized_yield":5.54,"interpretation_method":"UNKNOWN","source":"SGB_HIDRO_MS_2024_POCOS","evidence_code":"E08"}},{"type":"Feature","geometry":{"type":"Point","coordinates":[-55.23555499999998,-23.103887999999927]},"properties":{"well_id":"3500023138","municipality":"Amambai","aquifer":"Guarani","test_type":"Rebaixamento","test_date":"1982-03-31","static_level_m":13.9,"dynamic_level_m":52.5,"stabilized_yield":52.8,"interpretation_method":"UNKNOWN","source":"SGB_HIDRO_MS_2024_POCOS","evidence_code":"E08"}},{"type":"Feature","geometry":{"type":"Point","coordinates":[-54.558610999999985,-23.676387999999974]},"properties":{"well_id":"3500023358","municipality":"Iguatemi","aquifer":"Caiua","test_type":"Rebaixamento","test_date":"1991-12-17","static_level_m":17.0,"dynamic_level_m":25.0,"stabilized_yield":11.8,"interpretation_method":"UNKNOWN","source":"SGB_HIDRO_MS_2024_POCOS","evidence_code":"E08"}},{"type":"Feature","geometry":{"type":"Point","coordinates":[-55.24166599999995,-23.09944399999995]},"properties":{"well_id":"3500023150","municipality":"Amambai","aquifer":"Guarani","test_type":"Escalonado","test_date":"1981-07-08","static_level_m":19.0,"dynamic_level_m":32.85,"stabilized_yield":14.4,"interpretation_method":"UNKNOWN","source":"SGB_HIDRO_MS_2024_POCOS","evidence_code":"E08"}},{"type":"Feature","geometry":{"type":"Point","coordinates":[-54.32638799999995,-19.25194399999998]},"properties":{"well_id":"3500023237","municipality":"São Gabriel do Oeste","aquifer":"Guarani","test_type":"Escalonado","test_date":"1992-10-28","static_level_m":19.0,"dynamic_level_m":40.0,"stabilized_yield":52.8,"interpretation_method":"UNKNOWN","source":"SGB_HIDRO_MS_2024_POCOS","evidence_code":"E08"}},{"type":"Feature","geometry":{"type":"Point","coordinates":[-54.038610999999946,-19.561387999999965]},"properties":{"well_id":"3500023245","municipality":"Camapuã","aquifer":"Guarani","test_type":"Rebaixamento","test_date":"1986-12-05","static_level_m":7.23,"dynamic_level_m":79.58,"stabilized_yield":2.0,"interpretation_method":"UNKNOWN","source":"SGB_HIDRO_MS_2024_POCOS","evidence_code":"E08"}},{"type":"Feature","geometry":{"type":"Point","coordinates":[-54.58472199999994,-19.402221999999938]},"properties":{"well_id":"3500023236","municipality":"São Gabriel do Oeste","aquifer":"Guarani","test_type":"Rebaixamento","test_date":"1998-05-10","static_level_m":21.0,"dynamic_level_m":25.0,"stabilized_yield":45.0,"interpretation_method":"UNKNOWN","source":"SGB_HIDRO_MS_2024_POCOS","evidence_code":"E08"}},{"type":"Feature","geometry":{"type":"Point","coordinates":[-55.863887999999974,-21.16999999999996]},"properties":{"well_id":"3500023343","municipality":"Nioaque","aquifer":"Guarani","test_type":"Rebaixamento","test_date":"1995-10-01","static_level_m":48.0,"dynamic_level_m":63.0,"stabilized_yield":18.0,"interpretation_method":"UNKNOWN","source":"SGB_HIDRO_MS_2024_POCOS","evidence_code":"E08"}},{"type":"Feature","geometry":{"type":"Point","coordinates":[-54.69027799999998,-22.61861099999993]},"properties":{"well_id":"3500045606","municipality":"Caarapó","aquifer":"Guarani","test_type":"Continuo","test_date":"2009-04-27","static_level_m":127.7,"dynamic_level_m":205.14,"stabilized_yield":97.0,"interpretation_method":"UNKNOWN","source":"SGB_HIDRO_MS_2024_POCOS","evidence_code":"E08"}},{"type":"Feature","geometry":{"type":"Point","coordinates":[-54.75861099999997,-20.48361099999994]},"properties":{"well_id":"3500022488","municipality":"Campo Grande","aquifer":"Serra geral","test_type":"Rebaixamento","test_date":"1998-03-16","static_level_m":25.0,"dynamic_level_m":38.0,"stabilized_yield":13.3,"interpretation_method":"UNKNOWN","source":"SGB_HIDRO_MS_2024_POCOS","evidence_code":"E08"}},{"type":"Feature","geometry":{"type":"Point","coordinates":[-54.62527699999998,-20.51499999999993]},"properties":{"well_id":"3500022506","municipality":"Campo Grande","aquifer":"Serra geral","test_type":"Rebaixamento","test_date":"1985-09-23","static_level_m":15.62,"dynamic_level_m":60.69,"stabilized_yield":44.0,"interpretation_method":"UNKNOWN","source":"SGB_HIDRO_MS_2024_POCOS","evidence_code":"E08"}},{"type":"Feature","geometry":{"type":"Point","coordinates":[-53.90083299999998,-19.01472199999995]},"properties":{"well_id":"3500022996","municipality":"Camapuã","aquifer":"Guarani","test_type":"Rebaixamento","test_date":"1984-05-04","static_level_m":1.0,"dynamic_level_m":50.01,"stabilized_yield":12.37,"interpretation_method":"UNKNOWN","source":"SGB_HIDRO_MS_2024_POCOS","evidence_code":"E08"}},{"type":"Feature","geometry":{"type":"Point","coordinates":[-51.143888999999945,-20.144999999999982]},"properties":{"well_id":"3500026837","municipality":"Aparecida do Taboado","aquifer":"Bauru","test_type":"Rebaixamento","test_date":"2010-06-12","static_level_m":14.6,"dynamic_level_m":26.6,"stabilized_yield":6.1,"interpretation_method":"UNKNOWN","source":"SGB_HIDRO_MS_2024_POCOS","evidence_code":"E08"}},{"type":"Feature","geometry":{"type":"Point","coordinates":[-53.75111099999998,-20.478332999999964]},"properties":{"well_id":"3500028111","municipality":"Ribas do Rio Pardo","aquifer":"Caiua","test_type":"Rebaixamento","test_date":"2011-05-21","static_level_m":7.41,"dynamic_level_m":11.55,"stabilized_yield":9.2,"interpretation_method":"UNKNOWN","source":"SGB_HIDRO_MS_2024_POCOS","evidence_code":"E08"}},{"type":"Feature","geometry":{"type":"Point","coordinates":[-53.63638899999995,-18.682777999999928]},"properties":{"well_id":"3500034022","municipality":"Figueirão","aquifer":"Guarani","test_type":"Rebaixamento","test_date":"2014-08-26","static_level_m":14.18,"dynamic_level_m":23.74,"stabilized_yield":10.03,"interpretation_method":"UNKNOWN","source":"SGB_HIDRO_MS_2024_POCOS","evidence_code":"E08"}},{"type":"Feature","geometry":{"type":"Point","coordinates":[-54.676665999999955,-20.441110999999978]},"properties":{"well_id":"3500022485","municipality":"Campo Grande","aquifer":"Serra geral","test_type":"Rebaixamento","test_date":"1984-01-02","static_level_m":13.0,"dynamic_level_m":71.8,"stabilized_yield":18.4,"interpretation_method":"UNKNOWN","source":"SGB_HIDRO_MS_2024_POCOS","evidence_code":"E08"}},{"type":"Feature","geometry":{"type":"Point","coordinates":[-54.64499999999998,-20.530832999999973]},"properties":{"well_id":"3500022497","municipality":"Campo Grande","aquifer":"Serra geral","test_type":"Rebaixamento","test_date":"1997-06-20","static_level_m":45.0,"dynamic_level_m":56.0,"stabilized_yield":26.2,"interpretation_method":"UNKNOWN","source":"SGB_HIDRO_MS_2024_POCOS","evidence_code":"E08"}},{"type":"Feature","geometry":{"type":"Point","coordinates":[-54.663887999999986,-20.444443999999976]},"properties":{"well_id":"3500022502","municipality":"Campo Grande","aquifer":"Serra geral","test_type":"Rebaixamento","test_date":"1984-06-09","static_level_m":4.0,"dynamic_level_m":18.5,"stabilized_yield":64.8,"interpretation_method":"UNKNOWN","source":"SGB_HIDRO_MS_2024_POCOS","evidence_code":"E08"}},{"type":"Feature","geometry":{"type":"Point","coordinates":[-54.591943999999955,-20.446943999999974]},"properties":{"well_id":"3500022513","municipality":"Campo Grande","aquifer":"Serra geral","test_type":"Rebaixamento","test_date":"1976-06-14","static_level_m":30.0,"dynamic_level_m":114.0,"stabilized_yield":5.0,"interpretation_method":"UNKNOWN","source":"SGB_HIDRO_MS_2024_POCOS","evidence_code":"E08"}},{"type":"Feature","geometry":{"type":"Point","coordinates":[-54.583887999999945,-20.529721999999936]},"properties":{"well_id":"3500022529","municipality":"Campo Grande","aquifer":"Serra geral","test_type":"Rebaixamento","test_date":"1997-08-29","static_level_m":5.0,"dynamic_level_m":78.0,"stabilized_yield":5.2,"interpretation_method":"UNKNOWN","source":"SGB_HIDRO_MS_2024_POCOS","evidence_code":"E08"}},{"type":"Feature","geometry":{"type":"Point","coordinates":[-53.823332999999934,-22.313887999999963]},"properties":{"well_id":"3500022547","municipality":"Ivinhema","aquifer":"Caiua","test_type":"Rebaixamento","test_date":"1980-04-07","static_level_m":48.68,"dynamic_level_m":133.0,"stabilized_yield":24.39,"interpretation_method":"UNKNOWN","source":"SGB_HIDRO_MS_2024_POCOS","evidence_code":"E08"}},{"type":"Feature","geometry":{"type":"Point","coordinates":[-53.841110999999955,-22.308332999999948]},"properties":{"well_id":"3500022549","municipality":"Ivinhema","aquifer":"Caiua","test_type":"Rebaixamento","test_date":"2004-09-02","static_level_m":15.0,"dynamic_level_m":41.0,"stabilized_yield":63.0,"interpretation_method":"UNKNOWN","source":"SGB_HIDRO_MS_2024_POCOS","evidence_code":"E08"}},{"type":"Feature","geometry":{"type":"Point","coordinates":[-53.34722199999993,-22.241665999999952]},"properties":{"well_id":"3500022552","municipality":"Nova Andradina","aquifer":"Bauru","test_type":"Rebaixamento","test_date":"1987-03-02","static_level_m":22.8,"dynamic_level_m":82.2,"stabilized_yield":60.0,"interpretation_method":"UNKNOWN","source":"SGB_HIDRO_MS_2024_POCOS","evidence_code":"E08"}},{"type":"Feature","geometry":{"type":"Point","coordinates":[-53.34861099999995,-22.485832999999957]},"properties":{"well_id":"3500022559","municipality":"Taquarussu","aquifer":"Caiua","test_type":"Rebaixamento","test_date":"2001-05-17","static_level_m":6.2,"dynamic_level_m":15.0,"stabilized_yield":20.0,"interpretation_method":"UNKNOWN","source":"SGB_HIDRO_MS_2024_POCOS","evidence_code":"E08"}},{"type":"Feature","geometry":{"type":"Point","coordinates":[-51.70833299999998,-20.78472199999993]},"properties":{"well_id":"3500022583","municipality":"Três Lagoas","aquifer":"Bauru","test_type":"Rebaixamento","test_date":"2003-05-27","static_level_m":14.5,"dynamic_level_m":23.5,"stabilized_yield":92.8,"interpretation_method":"UNKNOWN","source":"SGB_HIDRO_MS_2024_POCOS","evidence_code":"E08"}},{"type":"Feature","geometry":{"type":"Point","coordinates":[-52.62555499999996,-18.801110999999935]},"properties":{"well_id":"3500022608","municipality":"Chapadão do Sul","aquifer":"Coberturas sedimentares Indiferenciadas","test_type":"Rebaixamento","test_date":"2000-06-25","static_level_m":51.0,"dynamic_level_m":70.8,"stabilized_yield":37.0,"interpretation_method":"UNKNOWN","source":"SGB_HIDRO_MS_2024_POCOS","evidence_code":"E08"}},{"type":"Feature","geometry":{"type":"Point","coordinates":[-55.54416599999996,-22.188054999999963]},"properties":{"well_id":"3500022620","municipality":"Ponta Porã","aquifer":"Serra geral","test_type":"Rebaixamento","test_date":"2002-04-02","static_level_m":12.4,"dynamic_level_m":70.0,"stabilized_yield":17.6,"interpretation_method":"UNKNOWN","source":"SGB_HIDRO_MS_2024_POCOS","evidence_code":"E08"}},{"type":"Feature","geometry":{"type":"Point","coordinates":[-54.20222199999995,-23.06888799999996]},"properties":{"well_id":"3500022634","municipality":"Naviraí","aquifer":"Caiua","test_type":"Rebaixamento","test_date":"2000-10-10","static_level_m":7.5,"dynamic_level_m":76.6,"stabilized_yield":36.0,"interpretation_method":"UNKNOWN","source":"SGB_HIDRO_MS_2024_POCOS","evidence_code":"E08"}},{"type":"Feature","geometry":{"type":"Point","coordinates":[-52.70972199999994,-21.849999999999966]},"properties":{"well_id":"3500022671","municipality":"Anaurilândia","aquifer":"Caiua","test_type":"Rebaixamento","test_date":"1995-10-16","static_level_m":17.0,"dynamic_level_m":30.0,"stabilized_yield":22.0,"interpretation_method":"UNKNOWN","source":"SGB_HIDRO_MS_2024_POCOS","evidence_code":"E08"}},{"type":"Feature","geometry":{"type":"Point","coordinates":[-55.142499999999984,-22.56361099999998]},"properties":{"well_id":"3500022713","municipality":"Laguna Carapã","aquifer":"Serra geral","test_type":"Rebaixamento","test_date":"1983-12-16","static_level_m":6.18,"dynamic_level_m":88.74,"stabilized_yield":5.1,"interpretation_method":"UNKNOWN","source":"SGB_HIDRO_MS_2024_POCOS","evidence_code":"E08"}},{"type":"Feature","geometry":{"type":"Point","coordinates":[-54.18222199999997,-23.05666599999995]},"properties":{"well_id":"3500022718","municipality":"Naviraí","aquifer":"Bauru","test_type":"Rebaixamento","test_date":"1998-11-27","static_level_m":17.73,"dynamic_level_m":35.39,"stabilized_yield":26.4,"interpretation_method":"UNKNOWN","source":"SGB_HIDRO_MS_2024_POCOS","evidence_code":"E08"}},{"type":"Feature","geometry":{"type":"Point","coordinates":[-54.17888799999997,-23.053332999999952]},"properties":{"well_id":"3500022724","municipality":"Naviraí","aquifer":"Caiua","test_type":"Rebaixamento","test_date":"2000-10-08","static_level_m":35.2,"dynamic_level_m":39.0,"stabilized_yield":83.0,"interpretation_method":"UNKNOWN","source":"SGB_HIDRO_MS_2024_POCOS","evidence_code":"E08"}},{"type":"Feature","geometry":{"type":"Point","coordinates":[-55.73222199999998,-22.518610999999964]},"properties":{"well_id":"3500022744","municipality":"Ponta Porã","aquifer":"Serra geral","test_type":"Rebaixamento","test_date":"1975-01-21","static_level_m":9.5,"dynamic_level_m":12.5,"stabilized_yield":18.0,"interpretation_method":"UNKNOWN","source":"SGB_HIDRO_MS_2024_POCOS","evidence_code":"E08"}},{"type":"Feature","geometry":{"type":"Point","coordinates":[-55.739443999999935,-22.498054999999965]},"properties":{"well_id":"3500022745","municipality":"Ponta Porã","aquifer":"Serra geral","test_type":"Rebaixamento","test_date":"1984-07-31","static_level_m":6.0,"dynamic_level_m":82.3,"stabilized_yield":9.6,"interpretation_method":"UNKNOWN","source":"SGB_HIDRO_MS_2024_POCOS","evidence_code":"E08"}},{"type":"Feature","geometry":{"type":"Point","coordinates":[-55.73361099999994,-22.487776999999937]},"properties":{"well_id":"3500022746","municipality":"Ponta Porã","aquifer":"Serra geral","test_type":"Rebaixamento","test_date":"1984-03-07","static_level_m":6.75,"dynamic_level_m":76.3,"stabilized_yield":7.2,"interpretation_method":"UNKNOWN","source":"SGB_HIDRO_MS_2024_POCOS","evidence_code":"E08"}},{"type":"Feature","geometry":{"type":"Point","coordinates":[-55.79944399999994,-20.490554999999972]},"properties":{"well_id":"3500022757","municipality":"Anastácio","aquifer":"Aquidauana","test_type":"Rebaixamento","test_date":"1977-01-02","static_level_m":50.0,"dynamic_level_m":82.32,"stabilized_yield":8.47,"interpretation_method":"UNKNOWN","source":"SGB_HIDRO_MS_2024_POCOS","evidence_code":"E08"}},{"type":"Feature","geometry":{"type":"Point","coordinates":[-55.78666599999997,-20.456110999999964]},"properties":{"well_id":"3500022763","municipality":"Aquidauana","aquifer":"Aquidauana","test_type":"Rebaixamento","test_date":"1981-01-02","static_level_m":3.3,"dynamic_level_m":28.4,"stabilized_yield":9.89,"interpretation_method":"UNKNOWN","source":"SGB_HIDRO_MS_2024_POCOS","evidence_code":"E08"}},{"type":"Feature","geometry":{"type":"Point","coordinates":[-55.77555499999994,-20.47194399999995]},"properties":{"well_id":"3500022769","municipality":"Aquidauana","aquifer":"Aquidauana","test_type":"Rebaixamento","test_date":"1966-01-02","static_level_m":19.0,"dynamic_level_m":32.0,"stabilized_yield":9.6,"interpretation_method":"UNKNOWN","source":"SGB_HIDRO_MS_2024_POCOS","evidence_code":"E08"}},{"type":"Feature","geometry":{"type":"Point","coordinates":[-57.02249999999998,-22.01194399999997]},"properties":{"well_id":"3500022777","municipality":"Caracol","aquifer":"Rocha cristalina","test_type":"Rebaixamento","test_date":"1981-04-24","static_level_m":6.2,"dynamic_level_m":96.0,"stabilized_yield":7.76,"interpretation_method":"UNKNOWN","source":"SGB_HIDRO_MS_2024_POCOS","evidence_code":"E08"}},{"type":"Feature","geometry":{"type":"Point","coordinates":[-55.27444399999996,-20.683887999999968]},"properties":{"well_id":"3500022785","municipality":"Dois Irmãos do Buriti","aquifer":"Guarani","test_type":"Rebaixamento","test_date":"1997-11-01","static_level_m":28.0,"dynamic_level_m":48.0,"stabilized_yield":18.4,"interpretation_method":"UNKNOWN","source":"SGB_HIDRO_MS_2024_POCOS","evidence_code":"E08"}},{"type":"Feature","geometry":{"type":"Point","coordinates":[-56.14111099999997,-21.486387999999977]},"properties":{"well_id":"3500022790","municipality":"Jardim","aquifer":"Aquidauana","test_type":"Rebaixamento","test_date":"1973-10-10","static_level_m":23.0,"dynamic_level_m":130.0,"stabilized_yield":3.32,"interpretation_method":"UNKNOWN","source":"SGB_HIDRO_MS_2024_POCOS","evidence_code":"E08"}},{"type":"Feature","geometry":{"type":"Point","coordinates":[-54.79944399999994,-22.22194399999995]},"properties":{"well_id":"3500022839","municipality":"Dourados","aquifer":"Serra geral","test_type":"Rebaixamento","test_date":"1977-12-12","static_level_m":37.29,"dynamic_level_m":52.2,"stabilized_yield":79.2,"interpretation_method":"UNKNOWN","source":"SGB_HIDRO_MS_2024_POCOS","evidence_code":"E08"}},{"type":"Feature","geometry":{"type":"Point","coordinates":[-54.81249999999994,-22.26111099999997]},"properties":{"well_id":"3500022841","municipality":"Dourados","aquifer":"Serra geral","test_type":"Rebaixamento","test_date":"1999-02-05","static_level_m":2.0,"dynamic_level_m":11.0,"stabilized_yield":72.0,"interpretation_method":"UNKNOWN","source":"SGB_HIDRO_MS_2024_POCOS","evidence_code":"E08"}},{"type":"Feature","geometry":{"type":"Point","coordinates":[-54.84361099999995,-22.22999999999996]},"properties":{"well_id":"3500022845","municipality":"Dourados","aquifer":"Serra geral","test_type":"Rebaixamento","test_date":"1977-01-02","static_level_m":6.0,"dynamic_level_m":13.0,"stabilized_yield":20.0,"interpretation_method":"UNKNOWN","source":"SGB_HIDRO_MS_2024_POCOS","evidence_code":"E08"}},{"type":"Feature","geometry":{"type":"Point","coordinates":[-54.52305499999994,-22.37972199999996]},"properties":{"well_id":"3500022847","municipality":"Fátima do Sul","aquifer":"Serra geral","test_type":"Rebaixamento","test_date":"1962-01-02","static_level_m":3.5,"dynamic_level_m":5.3,"stabilized_yield":99.0,"interpretation_method":"UNKNOWN","source":"SGB_HIDRO_MS_2024_POCOS","evidence_code":"E08"}},{"type":"Feature","geometry":{"type":"Point","coordinates":[-54.52416599999998,-22.375554999999963]},"properties":{"well_id":"3500022848","municipality":"Fátima do Sul","aquifer":"Serra geral","test_type":"Rebaixamento","test_date":"2001-04-10","static_level_m":4.5,"dynamic_level_m":13.5,"stabilized_yield":156.0,"interpretation_method":"UNKNOWN","source":"SGB_HIDRO_MS_2024_POCOS","evidence_code":"E08"}},{"type":"Feature","geometry":{"type":"Point","coordinates":[-54.37611099999998,-21.451665999999932]},"properties":{"well_id":"3500022866","municipality":"Nova Alvorada do Sul","aquifer":"Serra geral","test_type":"Rebaixamento","test_date":"2001-03-07","static_level_m":3.0,"dynamic_level_m":12.0,"stabilized_yield":543.5,"interpretation_method":"UNKNOWN","source":"SGB_HIDRO_MS_2024_POCOS","evidence_code":"E08"}},{"type":"Feature","geometry":{"type":"Point","coordinates":[-54.34833299999997,-22.32527699999997]},"properties":{"well_id":"3500022869","municipality":"Fátima do Sul","aquifer":"Serra geral","test_type":"Rebaixamento","test_date":"1987-04-01","static_level_m":14.1,"dynamic_level_m":16.22,"stabilized_yield":16.0,"interpretation_method":"UNKNOWN","source":"SGB_HIDRO_MS_2024_POCOS","evidence_code":"E08"}},{"type":"Feature","geometry":{"type":"Point","coordinates":[-54.61916599999995,-22.134999999999934]},"properties":{"well_id":"3500022881","municipality":"Dourados","aquifer":"Serra geral","test_type":"Rebaixamento","test_date":"1987-04-22","static_level_m":7.95,"dynamic_level_m":28.58,"stabilized_yield":52.8,"interpretation_method":"UNKNOWN","source":"SGB_HIDRO_MS_2024_POCOS","evidence_code":"E08"}},{"type":"Feature","geometry":{"type":"Point","coordinates":[-54.62777699999998,-20.438054999999963]},"properties":{"well_id":"3500022888","municipality":"Campo Grande","aquifer":"Serra geral","test_type":"Rebaixamento","test_date":"1985-07-19","static_level_m":27.0,"dynamic_level_m":60.0,"stabilized_yield":14.0,"interpretation_method":"UNKNOWN","source":"SGB_HIDRO_MS_2024_POCOS","evidence_code":"E08"}},{"type":"Feature","geometry":{"type":"Point","coordinates":[-54.63916599999993,-20.469165999999973]},"properties":{"well_id":"3500022896","municipality":"Campo Grande","aquifer":"Serra geral","test_type":"Rebaixamento","test_date":"1978-05-02","static_level_m":11.0,"dynamic_level_m":31.0,"stabilized_yield":14.0,"interpretation_method":"UNKNOWN","source":"SGB_HIDRO_MS_2024_POCOS","evidence_code":"E08"}},{"type":"Feature","geometry":{"type":"Point","coordinates":[-54.66833299999996,-20.45194399999997]},"properties":{"well_id":"3500022898","municipality":"Campo Grande","aquifer":"Serra geral","test_type":"Rebaixamento","test_date":"1979-11-29","static_level_m":2.0,"dynamic_level_m":9.0,"stabilized_yield":22.0,"interpretation_method":"UNKNOWN","source":"SGB_HIDRO_MS_2024_POCOS","evidence_code":"E08"}},{"type":"Feature","geometry":{"type":"Point","coordinates":[-54.66138799999993,-20.49527699999993]},"properties":{"well_id":"3500022899","municipality":"Campo Grande","aquifer":"Serra geral","test_type":"Rebaixamento","test_date":"1993-04-20","static_level_m":17.0,"dynamic_level_m":45.0,"stabilized_yield":24.2,"interpretation_method":"UNKNOWN","source":"SGB_HIDRO_MS_2024_POCOS","evidence_code":"E08"}},{"type":"Feature","geometry":{"type":"Point","coordinates":[-54.55694399999999,-20.41722199999998]},"properties":{"well_id":"3500022915","municipality":"Campo Grande","aquifer":"Serra geral","test_type":"Rebaixamento","test_date":"1992-11-26","static_level_m":32.5,"dynamic_level_m":81.1,"stabilized_yield":11.5,"interpretation_method":"UNKNOWN","source":"SGB_HIDRO_MS_2024_POCOS","evidence_code":"E08"}},{"type":"Feature","geometry":{"type":"Point","coordinates":[-54.56472199999996,-20.506110999999976]},"properties":{"well_id":"3500022924","municipality":"Campo Grande","aquifer":"Serra geral","test_type":"Rebaixamento","test_date":"1995-02-13","static_level_m":1.8,"dynamic_level_m":36.9,"stabilized_yield":72.0,"interpretation_method":"UNKNOWN","source":"SGB_HIDRO_MS_2024_POCOS","evidence_code":"E08"}},{"type":"Feature","geometry":{"type":"Point","coordinates":[-52.05222199999997,-20.78527699999995]},"properties":{"well_id":"3500022958","municipality":"Três Lagoas","aquifer":"Bauru","test_type":"Rebaixamento","test_date":"2003-05-01","static_level_m":23.25,"dynamic_level_m":46.22,"stabilized_yield":26.4,"interpretation_method":"UNKNOWN","source":"SGB_HIDRO_MS_2024_POCOS","evidence_code":"E08"}},{"type":"Feature","geometry":{"type":"Point","coordinates":[-52.264999999999986,-21.72416599999997]},"properties":{"well_id":"3500022972","municipality":"Bataguassu","aquifer":"Caiua","test_type":"Rebaixamento","test_date":"2005-08-17","static_level_m":6.0,"dynamic_level_m":8.0,"stabilized_yield":9.9,"interpretation_method":"UNKNOWN","source":"SGB_HIDRO_MS_2024_POCOS","evidence_code":"E08"}},{"type":"Feature","geometry":{"type":"Point","coordinates":[-54.104165999999964,-23.798887999999977]},"properties":{"well_id":"3500023021","municipality":"Eldorado","aquifer":"Caiua","test_type":"Rebaixamento","test_date":"1986-03-28","static_level_m":16.0,"dynamic_level_m":68.49,"stabilized_yield":16.0,"interpretation_method":"UNKNOWN","source":"SGB_HIDRO_MS_2024_POCOS","evidence_code":"E08"}},{"type":"Feature","geometry":{"type":"Point","coordinates":[-54.75222199999996,-22.215832999999975]},"properties":{"well_id":"3500023038","municipality":"Dourados","aquifer":"Serra geral","test_type":"Rebaixamento","test_date":"2001-06-04","static_level_m":2.0,"dynamic_level_m":43.0,"stabilized_yield":48.0,"interpretation_method":"UNKNOWN","source":"SGB_HIDRO_MS_2024_POCOS","evidence_code":"E08"}},{"type":"Feature","geometry":{"type":"Point","coordinates":[-56.49527699999999,-21.114165999999955]},"properties":{"well_id":"3500023084","municipality":"Bonito","aquifer":"Cuiaba","test_type":"Rebaixamento","test_date":"1997-02-01","static_level_m":8.0,"dynamic_level_m":15.0,"stabilized_yield":1.5,"interpretation_method":"UNKNOWN","source":"SGB_HIDRO_MS_2024_POCOS","evidence_code":"E08"}},{"type":"Feature","geometry":{"type":"Point","coordinates":[-54.75166599999994,-21.849999999999966]},"properties":{"well_id":"3500023116","municipality":"Rio Brilhante","aquifer":"Serra geral","test_type":"Rebaixamento","test_date":"2001-02-24","static_level_m":11.0,"dynamic_level_m":44.6,"stabilized_yield":21.0,"interpretation_method":"UNKNOWN","source":"SGB_HIDRO_MS_2024_POCOS","evidence_code":"E08"}},{"type":"Feature","geometry":{"type":"Point","coordinates":[-54.75166599999994,-21.78555499999993]},"properties":{"well_id":"3500023117","municipality":"Rio Brilhante","aquifer":"Serra geral","test_type":"Rebaixamento","test_date":"2001-02-27","static_level_m":5.0,"dynamic_level_m":12.0,"stabilized_yield":24.0,"interpretation_method":"UNKNOWN","source":"SGB_HIDRO_MS_2024_POCOS","evidence_code":"E08"}},{"type":"Feature","geometry":{"type":"Point","coordinates":[-55.95055499999995,-21.20027699999997]},"properties":{"well_id":"3500023118","municipality":"Nioaque","aquifer":"Serra geral","test_type":"Rebaixamento","test_date":"2002-01-12","static_level_m":12.0,"dynamic_level_m":30.0,"stabilized_yield":11.3,"interpretation_method":"UNKNOWN","source":"SGB_HIDRO_MS_2024_POCOS","evidence_code":"E08"}},{"type":"Feature","geometry":{"type":"Point","coordinates":[-57.466943999999955,-19.31833299999994]},"properties":{"well_id":"3500023121","municipality":"Corumbá","aquifer":"Não definido","test_type":"Rebaixamento","test_date":"1990-10-10","static_level_m":20.0,"dynamic_level_m":62.1,"stabilized_yield":12.0,"interpretation_method":"UNKNOWN","source":"SGB_HIDRO_MS_2024_POCOS","evidence_code":"E08"}},{"type":"Feature","geometry":{"type":"Point","coordinates":[-52.42055499999998,-21.72222199999993]},"properties":{"well_id":"3500023276","municipality":"Bataguassu","aquifer":"Caiua","test_type":"Rebaixamento","test_date":"1980-02-10","static_level_m":33.3,"dynamic_level_m":43.21,"stabilized_yield":18.85,"interpretation_method":"UNKNOWN","source":"SGB_HIDRO_MS_2024_POCOS","evidence_code":"E08"}},{"type":"Feature","geometry":{"type":"Point","coordinates":[-54.41833299999996,-23.902499999999975]},"properties":{"well_id":"3500023362","municipality":"Japorã","aquifer":"Caiua","test_type":"Escalonado","test_date":"1993-04-01","static_level_m":14.6,"dynamic_level_m":43.6,"stabilized_yield":19.8,"interpretation_method":"UNKNOWN","source":"SGB_HIDRO_MS_2024_POCOS","evidence_code":"E08"}},{"type":"Feature","geometry":{"type":"Point","coordinates":[-54.39777699999996,-23.893610999999964]},"properties":{"well_id":"3500023363","municipality":"Japorã","aquifer":"Caiua","test_type":"Rebaixamento","test_date":"1993-04-26","static_level_m":43.0,"dynamic_level_m":54.0,"stabilized_yield":5.8,"interpretation_method":"UNKNOWN","source":"SGB_HIDRO_MS_2024_POCOS","evidence_code":"E08"}},{"type":"Feature","geometry":{"type":"Point","coordinates":[-51.10305499999998,-20.083054999999945]},"properties":{"well_id":"3500023313","municipality":"Aparecida do Taboado","aquifer":"Bauru","test_type":"Rebaixamento","test_date":"1985-11-23","static_level_m":13.5,"dynamic_level_m":67.0,"stabilized_yield":12.0,"interpretation_method":"UNKNOWN","source":"SGB_HIDRO_MS_2024_POCOS","evidence_code":"E08"}},{"type":"Feature","geometry":{"type":"Point","coordinates":[-54.069721999999956,-22.965276999999958]},"properties":{"well_id":"3500023373","municipality":"Naviraí","aquifer":"Guarani","test_type":"Rebaixamento","test_date":"1978-11-23","static_level_m":20.0,"dynamic_level_m":20.01,"stabilized_yield":30.46,"interpretation_method":"UNKNOWN","source":"SGB_HIDRO_MS_2024_POCOS","evidence_code":"E08"}},{"type":"Feature","geometry":{"type":"Point","coordinates":[-54.81194399999998,-22.21166599999998]},"properties":{"well_id":"3500022843","municipality":"Dourados","aquifer":"Guarani","test_type":"Rebaixamento","test_date":"1982-05-04","static_level_m":69.0,"dynamic_level_m":143.0,"stabilized_yield":80.0,"interpretation_method":"UNKNOWN","source":"SGB_HIDRO_MS_2024_POCOS","evidence_code":"E08"}},{"type":"Feature","geometry":{"type":"Point","coordinates":[-54.622499999999945,-20.457776999999965]},"properties":{"well_id":"3500022484","municipality":"Campo Grande","aquifer":"Guarani","test_type":"Rebaixamento","test_date":"1983-12-18","static_level_m":4.0,"dynamic_level_m":7.92,"stabilized_yield":144.0,"interpretation_method":"UNKNOWN","source":"SGB_HIDRO_MS_2024_POCOS","evidence_code":"E08"}},{"type":"Feature","geometry":{"type":"Point","coordinates":[-54.58138799999995,-20.40055499999994]},"properties":{"well_id":"3500022508","municipality":"Campo Grande","aquifer":"Serra geral","test_type":"Rebaixamento","test_date":"1992-02-28","static_level_m":20.0,"dynamic_level_m":30.0,"stabilized_yield":33.6,"interpretation_method":"UNKNOWN","source":"SGB_HIDRO_MS_2024_POCOS","evidence_code":"E08"}},{"type":"Feature","geometry":{"type":"Point","coordinates":[-54.61055499999998,-20.50583299999994]},"properties":{"well_id":"3500022538","municipality":"Campo Grande","aquifer":"Guarani","test_type":"Rebaixamento","test_date":"1990-08-15","static_level_m":5.0,"dynamic_level_m":23.0,"stabilized_yield":15.0,"interpretation_method":"UNKNOWN","source":"SGB_HIDRO_MS_2024_POCOS","evidence_code":"E08"}},{"type":"Feature","geometry":{"type":"Point","coordinates":[-53.13916599999993,-18.807499999999948]},"properties":{"well_id":"3500022568","municipality":"Costa Rica","aquifer":"Serra geral","test_type":"Rebaixamento","test_date":"1992-02-02","static_level_m":18.5,"dynamic_level_m":70.0,"stabilized_yield":29.3,"interpretation_method":"UNKNOWN","source":"SGB_HIDRO_MS_2024_POCOS","evidence_code":"E08"}},{"type":"Feature","geometry":{"type":"Point","coordinates":[-54.68694399999998,-20.394721999999945]},"properties":{"well_id":"3500022912","municipality":"Campo Grande","aquifer":"Guarani","test_type":"Rebaixamento","test_date":"1995-05-31","static_level_m":72.5,"dynamic_level_m":82.1,"stabilized_yield":11.0,"interpretation_method":"UNKNOWN","source":"SGB_HIDRO_MS_2024_POCOS","evidence_code":"E08"}},{"type":"Feature","geometry":{"type":"Point","coordinates":[-54.56222199999996,-20.383887999999956]},"properties":{"well_id":"3500022530","municipality":"Campo Grande","aquifer":"Serra geral","test_type":"Rebaixamento","test_date":"1998-01-07","static_level_m":12.0,"dynamic_level_m":17.0,"stabilized_yield":33.0,"interpretation_method":"UNKNOWN","source":"SGB_HIDRO_MS_2024_POCOS","evidence_code":"E08"}},{"type":"Feature","geometry":{"type":"Point","coordinates":[-54.24111099999993,-22.42166599999996]},"properties":{"well_id":"3500022540","municipality":"Glória de Dourados","aquifer":"Serra geral","test_type":"Rebaixamento","test_date":"1978-06-04","static_level_m":6.8,"dynamic_level_m":10.0,"stabilized_yield":31.7,"interpretation_method":"UNKNOWN","source":"SGB_HIDRO_MS_2024_POCOS","evidence_code":"E08"}},{"type":"Feature","geometry":{"type":"Point","coordinates":[-51.66472199999998,-20.777499999999975]},"properties":{"well_id":"3500022582","municipality":"Três Lagoas","aquifer":"Serra geral","test_type":"Rebaixamento","test_date":"2003-03-05","static_level_m":16.0,"dynamic_level_m":34.0,"stabilized_yield":66.0,"interpretation_method":"UNKNOWN","source":"SGB_HIDRO_MS_2024_POCOS","evidence_code":"E08"}},{"type":"Feature","geometry":{"type":"Point","coordinates":[-54.58333299999998,-20.49444399999993]},"properties":{"well_id":"3500022654","municipality":"Campo Grande","aquifer":"Guarani","test_type":"Rebaixamento","test_date":"1985-12-20","static_level_m":6.2,"dynamic_level_m":78.35,"stabilized_yield":2.4,"interpretation_method":"UNKNOWN","source":"SGB_HIDRO_MS_2024_POCOS","evidence_code":"E08"}},{"type":"Feature","geometry":{"type":"Point","coordinates":[-54.06833299999994,-22.052221999999972]},"properties":{"well_id":"3500022674","municipality":"Angélica","aquifer":"Serra geral","test_type":"Rebaixamento","test_date":"2005-04-18","static_level_m":24.0,"dynamic_level_m":52.9,"stabilized_yield":19.8,"interpretation_method":"UNKNOWN","source":"SGB_HIDRO_MS_2024_POCOS","evidence_code":"E08"}},{"type":"Feature","geometry":{"type":"Point","coordinates":[-55.166943999999944,-21.632221999999956]},"properties":{"well_id":"3500022859","municipality":"Maracaju","aquifer":"Guarani","test_type":"Rebaixamento","test_date":"2005-03-18","static_level_m":23.0,"dynamic_level_m":66.0,"stabilized_yield":23.0,"interpretation_method":"UNKNOWN","source":"SGB_HIDRO_MS_2024_POCOS","evidence_code":"E08"}},{"type":"Feature","geometry":{"type":"Point","coordinates":[-51.72305499999993,-20.79472199999998]},"properties":{"well_id":"3500022984","municipality":"Três Lagoas","aquifer":"Bauru","test_type":"Rebaixamento","test_date":"2005-02-22","static_level_m":12.0,"dynamic_level_m":33.0,"stabilized_yield":66.0,"interpretation_method":"UNKNOWN","source":"SGB_HIDRO_MS_2024_POCOS","evidence_code":"E08"}},{"type":"Feature","geometry":{"type":"Point","coordinates":[-54.550832999999955,-18.115276999999935]},"properties":{"well_id":"3500023029","municipality":"Pedro Gomes","aquifer":"Furnas","test_type":"Rebaixamento","test_date":"1984-11-25","static_level_m":0.0,"dynamic_level_m":63.3,"stabilized_yield":42.0,"interpretation_method":"UNKNOWN","source":"SGB_HIDRO_MS_2024_POCOS","evidence_code":"E08"}},{"type":"Feature","geometry":{"type":"Point","coordinates":[-51.10555499999998,-20.08611099999996]},"properties":{"well_id":"3500023314","municipality":"Aparecida do Taboado","aquifer":"","test_type":"Rebaixamento","test_date":"1971-01-01","static_level_m":14.4,"dynamic_level_m":52.76,"stabilized_yield":20.8,"interpretation_method":"UNKNOWN","source":"SGB_HIDRO_MS_2024_POCOS","evidence_code":"E08"}},{"type":"Feature","geometry":{"type":"Point","coordinates":[-54.58722199999994,-20.426387999999974]},"properties":{"well_id":"3500022925","municipality":"Campo Grande","aquifer":"Guarani","test_type":"Rebaixamento","test_date":"1994-11-01","static_level_m":222.0,"dynamic_level_m":315.0,"stabilized_yield":174.0,"interpretation_method":"UNKNOWN","source":"SGB_HIDRO_MS_2024_POCOS","evidence_code":"E08"}},{"type":"Feature","geometry":{"type":"Point","coordinates":[-55.22888799999998,-23.09722199999993]},"properties":{"well_id":"3500022683","municipality":"Amambai","aquifer":"Guarani","test_type":"Rebaixamento","test_date":"1978-08-05","static_level_m":34.7,"dynamic_level_m":42.02,"stabilized_yield":15.2,"interpretation_method":"UNKNOWN","source":"SGB_HIDRO_MS_2024_POCOS","evidence_code":"E08"}},{"type":"Feature","geometry":{"type":"Point","coordinates":[-55.23638799999998,-23.094721999999933]},"properties":{"well_id":"3500022686","municipality":"Amambai","aquifer":"Guarani","test_type":"Rebaixamento","test_date":"1982-03-31","static_level_m":13.3,"dynamic_level_m":52.5,"stabilized_yield":52.8,"interpretation_method":"UNKNOWN","source":"SGB_HIDRO_MS_2024_POCOS","evidence_code":"E08"}},{"type":"Feature","geometry":{"type":"Point","coordinates":[-55.811387999999965,-20.47388799999993]},"properties":{"well_id":"3500022755","municipality":"Anastácio","aquifer":"Cuiaba","test_type":"Rebaixamento","test_date":"1978-01-02","static_level_m":0.7,"dynamic_level_m":11.87,"stabilized_yield":45.0,"interpretation_method":"UNKNOWN","source":"SGB_HIDRO_MS_2024_POCOS","evidence_code":"E08"}},{"type":"Feature","geometry":{"type":"Point","coordinates":[-54.66972199999998,-20.435554999999965]},"properties":{"well_id":"3500022926","municipality":"Campo Grande","aquifer":"Rocha cristalina","test_type":"Rebaixamento","test_date":"2003-08-20","static_level_m":120.0,"dynamic_level_m":145.0,"stabilized_yield":54.0,"interpretation_method":"UNKNOWN","source":"SGB_HIDRO_MS_2024_POCOS","evidence_code":"E08"}},{"type":"Feature","geometry":{"type":"Point","coordinates":[-55.791943999999944,-20.46388799999994]},"properties":{"well_id":"3500022943","municipality":"Aquidauana","aquifer":"Cuiaba","test_type":"Rebaixamento","test_date":"1980-01-02","static_level_m":6.0,"dynamic_level_m":89.0,"stabilized_yield":34.0,"interpretation_method":"UNKNOWN","source":"SGB_HIDRO_MS_2024_POCOS","evidence_code":"E08"}},{"type":"Feature","geometry":{"type":"Point","coordinates":[-54.86555499999997,-20.407776999999953]},"properties":{"well_id":"3500023391","municipality":"Terenos","aquifer":"Guarani","test_type":"Rebaixamento","test_date":"1988-07-16","static_level_m":25.0,"dynamic_level_m":40.0,"stabilized_yield":13.2,"interpretation_method":"UNKNOWN","source":"SGB_HIDRO_MS_2024_POCOS","evidence_code":"E08"}},{"type":"Feature","geometry":{"type":"Point","coordinates":[-55.23277699999994,-23.10055499999993]},"properties":{"well_id":"3500022685","municipality":"Amambai","aquifer":"Guarani","test_type":"Rebaixamento","test_date":"2006-10-27","static_level_m":58.5,"dynamic_level_m":78.2,"stabilized_yield":56.5,"interpretation_method":"UNKNOWN","source":"SGB_HIDRO_MS_2024_POCOS","evidence_code":"E08"}},{"type":"Feature","geometry":{"type":"Point","coordinates":[-51.417776999999944,-20.365554999999972]},"properties":{"well_id":"3500022987","municipality":"Selvíria","aquifer":"Serra geral","test_type":"Rebaixamento","test_date":"1997-11-28","static_level_m":14.0,"dynamic_level_m":42.0,"stabilized_yield":66.0,"interpretation_method":"UNKNOWN","source":"SGB_HIDRO_MS_2024_POCOS","evidence_code":"E08"}},{"type":"Feature","geometry":{"type":"Point","coordinates":[-55.14222199999995,-19.906943999999953]},"properties":{"well_id":"3500067710","municipality":"Corguinho","aquifer":"Aquidauana","test_type":"Rebaixamento","test_date":"2021-11-19","static_level_m":15.0,"dynamic_level_m":65.0,"stabilized_yield":18.0,"interpretation_method":"UNKNOWN","source":"SGB_HIDRO_MS_2024_POCOS","evidence_code":"E08"}},{"type":"Feature","geometry":{"type":"Point","coordinates":[-55.184443999999985,-19.839721999999938]},"properties":{"well_id":"3500067712","municipality":"Corguinho","aquifer":"Cuiaba","test_type":"Rebaixamento","test_date":"2021-12-01","static_level_m":22.0,"dynamic_level_m":35.0,"stabilized_yield":7.2,"interpretation_method":"UNKNOWN","source":"SGB_HIDRO_MS_2024_POCOS","evidence_code":"E08"}},{"type":"Feature","geometry":{"type":"Point","coordinates":[-54.92944399999993,-20.708610999999962]},"properties":{"well_id":"3500067286","municipality":"Terenos","aquifer":"","test_type":"Rebaixamento","test_date":"2016-07-23","static_level_m":49.4,"dynamic_level_m":67.8,"stabilized_yield":17.8,"interpretation_method":"UNKNOWN","source":"SGB_HIDRO_MS_2024_POCOS","evidence_code":"E08"}},{"type":"Feature","geometry":{"type":"Point","coordinates":[-52.62027699999993,-18.79249999999996]},"properties":{"well_id":"3500023041","municipality":"Chapadão do Sul","aquifer":"Cobertura cenozoica","test_type":"Rebaixamento","test_date":"2001-01-30","static_level_m":39.5,"dynamic_level_m":44.5,"stabilized_yield":46.5,"interpretation_method":"UNKNOWN","source":"SGB_HIDRO_MS_2024_POCOS","evidence_code":"E08"}},{"type":"Feature","geometry":{"type":"Point","coordinates":[-54.04305499999998,-19.526665999999977]},"properties":{"well_id":"3500023248","municipality":"Camapuã","aquifer":"Guarani","test_type":"Escalonado","test_date":"1989-05-12","static_level_m":50.53,"dynamic_level_m":93.91,"stabilized_yield":14.8,"interpretation_method":"UNKNOWN","source":"SGB_HIDRO_MS_2024_POCOS","evidence_code":"E08"}},{"type":"Feature","geometry":{"type":"Point","coordinates":[-54.28166599999997,-23.78444399999995]},"properties":{"well_id":"3500022699","municipality":"Eldorado","aquifer":"Caiua","test_type":"Rebaixamento","test_date":"1995-09-21","static_level_m":38.3,"dynamic_level_m":64.0,"stabilized_yield":13.3,"interpretation_method":"UNKNOWN","source":"SGB_HIDRO_MS_2024_POCOS","evidence_code":"E08"}},{"type":"Feature","geometry":{"type":"Point","coordinates":[-55.72305499999993,-22.484999999999957]},"properties":{"well_id":"3500022738","municipality":"Ponta Porã","aquifer":"Serra geral","test_type":"Rebaixamento","test_date":"1987-01-15","static_level_m":2.5,"dynamic_level_m":34.0,"stabilized_yield":5.5,"interpretation_method":"UNKNOWN","source":"SGB_HIDRO_MS_2024_POCOS","evidence_code":"E08"}},{"type":"Feature","geometry":{"type":"Point","coordinates":[-55.706943999999964,-22.516943999999967]},"properties":{"well_id":"3500022740","municipality":"Ponta Porã","aquifer":"Serra geral","test_type":"Rebaixamento","test_date":"1990-11-05","static_level_m":2.8,"dynamic_level_m":45.0,"stabilized_yield":99.0,"interpretation_method":"UNKNOWN","source":"SGB_HIDRO_MS_2024_POCOS","evidence_code":"E08"}},{"type":"Feature","geometry":{"type":"Point","coordinates":[-54.84833299999997,-18.920276999999942]},"properties":{"well_id":"3500023002","municipality":"Rio Verde de Mato Grosso","aquifer":"Furnas","test_type":"Rebaixamento","test_date":"1966-09-30","static_level_m":25.0,"dynamic_level_m":45.7,"stabilized_yield":12.7,"interpretation_method":"UNKNOWN","source":"SGB_HIDRO_MS_2024_POCOS","evidence_code":"E08"}},{"type":"Feature","geometry":{"type":"Point","coordinates":[-54.74416599999995,-17.587499999999977]},"properties":{"well_id":"3500023004","municipality":"Sonora","aquifer":"Furnas","test_type":"Rebaixamento","test_date":"2001-10-14","static_level_m":44.0,"dynamic_level_m":60.0,"stabilized_yield":40.0,"interpretation_method":"UNKNOWN","source":"SGB_HIDRO_MS_2024_POCOS","evidence_code":"E08"}},{"type":"Feature","geometry":{"type":"Point","coordinates":[-56.49277699999993,-21.11027699999994]},"properties":{"well_id":"3500023065","municipality":"Bonito","aquifer":"Cuiaba","test_type":"Rebaixamento","test_date":"1993-03-31","static_level_m":17.0,"dynamic_level_m":98.0,"stabilized_yield":1.0,"interpretation_method":"UNKNOWN","source":"SGB_HIDRO_MS_2024_POCOS","evidence_code":"E08"}},{"type":"Feature","geometry":{"type":"Point","coordinates":[-56.49638799999997,-21.112776999999937]},"properties":{"well_id":"3500023074","municipality":"Bonito","aquifer":"Cuiaba","test_type":"Rebaixamento","test_date":"1981-01-05","static_level_m":1.5,"dynamic_level_m":25.0,"stabilized_yield":1.5,"interpretation_method":"UNKNOWN","source":"SGB_HIDRO_MS_2024_POCOS","evidence_code":"E08"}},{"type":"Feature","geometry":{"type":"Point","coordinates":[-56.49555499999997,-21.113332999999955]},"properties":{"well_id":"3500023078","municipality":"Bonito","aquifer":"Cuiaba","test_type":"Rebaixamento","test_date":"1977-06-03","static_level_m":17.0,"dynamic_level_m":23.0,"stabilized_yield":2.0,"interpretation_method":"UNKNOWN","source":"SGB_HIDRO_MS_2024_POCOS","evidence_code":"E08"}},{"type":"Feature","geometry":{"type":"Point","coordinates":[-54.89666699999998,-19.93777799999998]},"properties":{"well_id":"3500067713","municipality":"Corguinho","aquifer":"Guarani","test_type":"Rebaixamento","test_date":"2021-06-14","static_level_m":36.85,"dynamic_level_m":38.5,"stabilized_yield":24.0,"interpretation_method":"UNKNOWN","source":"SGB_HIDRO_MS_2024_POCOS","evidence_code":"E08"}},{"type":"Feature","geometry":{"type":"Point","coordinates":[-54.29333299999996,-23.929165999999952]},"properties":{"well_id":"3500022715","municipality":"Mundo Novo","aquifer":"Bauru","test_type":"Rebaixamento","test_date":"1987-08-25","static_level_m":19.5,"dynamic_level_m":88.0,"stabilized_yield":21.4,"interpretation_method":"UNKNOWN","source":"SGB_HIDRO_MS_2024_POCOS","evidence_code":"E08"}},{"type":"Feature","geometry":{"type":"Point","coordinates":[-52.72194399999995,-22.19055499999996]},"properties":{"well_id":"3500023183","municipality":"Anaurilândia","aquifer":"Bauru","test_type":"Rebaixamento","test_date":"1994-02-22","static_level_m":11.0,"dynamic_level_m":18.0,"stabilized_yield":28.58,"interpretation_method":"UNKNOWN","source":"SGB_HIDRO_MS_2024_POCOS","evidence_code":"E08"}},{"type":"Feature","geometry":{"type":"Point","coordinates":[-51.73444399999994,-20.780832999999973]},"properties":{"well_id":"3500023298","municipality":"Três Lagoas","aquifer":"Caiua","test_type":"Escalonado","test_date":"1981-07-20","static_level_m":24.15,"dynamic_level_m":53.02,"stabilized_yield":51.0,"interpretation_method":"UNKNOWN","source":"SGB_HIDRO_MS_2024_POCOS","evidence_code":"E08"}},{"type":"Feature","geometry":{"type":"Point","coordinates":[-55.33749999999998,-22.991387999999972]},"properties":{"well_id":"3500023154","municipality":"Amambai","aquifer":"Guarani","test_type":"Escalonado","test_date":"1987-10-31","static_level_m":6.23,"dynamic_level_m":29.14,"stabilized_yield":12.5,"interpretation_method":"UNKNOWN","source":"SGB_HIDRO_MS_2024_POCOS","evidence_code":"E08"}},{"type":"Feature","geometry":{"type":"Point","coordinates":[-55.36611099999993,-20.549165999999957]},"properties":{"well_id":"3500023212","municipality":"Dois Irmãos do Buriti","aquifer":"Guarani","test_type":"Rebaixamento","test_date":"1997-03-01","static_level_m":18.0,"dynamic_level_m":43.5,"stabilized_yield":13.9,"interpretation_method":"UNKNOWN","source":"SGB_HIDRO_MS_2024_POCOS","evidence_code":"E08"}},{"type":"Feature","geometry":{"type":"Point","coordinates":[-54.599721999999986,-20.416387999999927]},"properties":{"well_id":"3500022669","municipality":"Campo Grande","aquifer":"Serra geral","test_type":"Rebaixamento","test_date":"1998-06-01","static_level_m":5.3,"dynamic_level_m":17.2,"stabilized_yield":112.0,"interpretation_method":"UNKNOWN","source":"SGB_HIDRO_MS_2024_POCOS","evidence_code":"E08"}},{"type":"Feature","geometry":{"type":"Point","coordinates":[-55.11027699999994,-20.741943999999933]},"properties":{"well_id":"3500022806","municipality":"Sidrolândia","aquifer":"Guarani","test_type":"Rebaixamento","test_date":"2001-07-01","static_level_m":31.0,"dynamic_level_m":35.0,"stabilized_yield":18.8,"interpretation_method":"UNKNOWN","source":"SGB_HIDRO_MS_2024_POCOS","evidence_code":"E08"}},{"type":"Feature","geometry":{"type":"Point","coordinates":[-54.550554999999974,-21.808332999999948]},"properties":{"well_id":"3500022874","municipality":"Rio Brilhante","aquifer":"Serra geral","test_type":"Rebaixamento","test_date":"1991-06-10","static_level_m":12.0,"dynamic_level_m":39.5,"stabilized_yield":56.6,"interpretation_method":"UNKNOWN","source":"SGB_HIDRO_MS_2024_POCOS","evidence_code":"E08"}},{"type":"Feature","geometry":{"type":"Point","coordinates":[-54.039165999999966,-19.559165999999948]},"properties":{"well_id":"3500023016","municipality":"Camapuã","aquifer":"Guarani","test_type":"Rebaixamento","test_date":"1982-05-20","static_level_m":5.15,"dynamic_level_m":33.95,"stabilized_yield":7.47,"interpretation_method":"UNKNOWN","source":"SGB_HIDRO_MS_2024_POCOS","evidence_code":"E08"}},{"type":"Feature","geometry":{"type":"Point","coordinates":[-53.91916699999996,-22.369166999999948]},"properties":{"well_id":"3500026836","municipality":"Ivinhema","aquifer":"Bauru","test_type":"Rebaixamento","test_date":"2010-06-08","static_level_m":41.83,"dynamic_level_m":44.81,"stabilized_yield":4.2,"interpretation_method":"UNKNOWN","source":"SGB_HIDRO_MS_2024_POCOS","evidence_code":"E08"}},{"type":"Feature","geometry":{"type":"Point","coordinates":[-54.326666999999986,-19.25499999999994]},"properties":{"well_id":"3500028109","municipality":"São Gabriel do Oeste","aquifer":"Guarani","test_type":"Rebaixamento","test_date":"2011-05-16","static_level_m":23.44,"dynamic_level_m":31.11,"stabilized_yield":8.4,"interpretation_method":"UNKNOWN","source":"SGB_HIDRO_MS_2024_POCOS","evidence_code":"E08"}},{"type":"Feature","geometry":{"type":"Point","coordinates":[-52.819721999999956,-20.46111099999996]},"properties":{"well_id":"3500029180","municipality":"Água Clara","aquifer":"Caiua","test_type":"Rebaixamento","test_date":"2001-10-27","static_level_m":36.93,"dynamic_level_m":41.48,"stabilized_yield":3.75,"interpretation_method":"UNKNOWN","source":"SGB_HIDRO_MS_2024_POCOS","evidence_code":"E08"}},{"type":"Feature","geometry":{"type":"Point","coordinates":[-54.62777699999998,-20.476943999999946]},"properties":{"well_id":"3500022478","municipality":"Campo Grande","aquifer":"Serra geral","test_type":"Rebaixamento","test_date":"1983-05-17","static_level_m":5.5,"dynamic_level_m":74.19,"stabilized_yield":18.77,"interpretation_method":"UNKNOWN","source":"SGB_HIDRO_MS_2024_POCOS","evidence_code":"E08"}},{"type":"Feature","geometry":{"type":"Point","coordinates":[-54.644165999999984,-20.41277699999995]},"properties":{"well_id":"3500022504","municipality":"Campo Grande","aquifer":"Serra geral","test_type":"Rebaixamento","test_date":"1994-05-23","static_level_m":14.0,"dynamic_level_m":17.0,"stabilized_yield":36.2,"interpretation_method":"UNKNOWN","source":"SGB_HIDRO_MS_2024_POCOS","evidence_code":"E08"}},{"type":"Feature","geometry":{"type":"Point","coordinates":[-54.64888799999994,-20.437221999999963]},"properties":{"well_id":"3500022516","municipality":"Campo Grande","aquifer":"Serra geral","test_type":"Rebaixamento","test_date":"1995-11-22","static_level_m":2.4,"dynamic_level_m":35.0,"stabilized_yield":25.0,"interpretation_method":"UNKNOWN","source":"SGB_HIDRO_MS_2024_POCOS","evidence_code":"E08"}},{"type":"Feature","geometry":{"type":"Point","coordinates":[-54.581665999999984,-20.444721999999956]},"properties":{"well_id":"3500022528","municipality":"Campo Grande","aquifer":"Serra geral","test_type":"Rebaixamento","test_date":"1981-01-04","static_level_m":5.0,"dynamic_level_m":25.8,"stabilized_yield":37.89,"interpretation_method":"UNKNOWN","source":"SGB_HIDRO_MS_2024_POCOS","evidence_code":"E08"}},{"type":"Feature","geometry":{"type":"Point","coordinates":[-53.82888799999995,-22.309721999999965]},"properties":{"well_id":"3500022543","municipality":"Ivinhema","aquifer":"Caiua","test_type":"Rebaixamento","test_date":"1982-09-19","static_level_m":38.41,"dynamic_level_m":83.31,"stabilized_yield":56.57,"interpretation_method":"UNKNOWN","source":"SGB_HIDRO_MS_2024_POCOS","evidence_code":"E08"}},{"type":"Feature","geometry":{"type":"Point","coordinates":[-53.33749999999998,-22.238887999999974]},"properties":{"well_id":"3500022556","municipality":"Nova Andradina","aquifer":"Bauru","test_type":"Rebaixamento","test_date":"2006-11-28","static_level_m":49.0,"dynamic_level_m":75.2,"stabilized_yield":56.57,"interpretation_method":"UNKNOWN","source":"SGB_HIDRO_MS_2024_POCOS","evidence_code":"E08"}},{"type":"Feature","geometry":{"type":"Point","coordinates":[-51.73111099999994,-20.79305499999998]},"properties":{"well_id":"3500022579","municipality":"Três Lagoas","aquifer":"Caiua","test_type":"Rebaixamento","test_date":"2005-08-17","static_level_m":14.0,"dynamic_level_m":54.0,"stabilized_yield":58.0,"interpretation_method":"UNKNOWN","source":"SGB_HIDRO_MS_2024_POCOS","evidence_code":"E08"}},{"type":"Feature","geometry":{"type":"Point","coordinates":[-51.74138799999997,-20.777221999999938]},"properties":{"well_id":"3500022584","municipality":"Três Lagoas","aquifer":"Bauru","test_type":"Rebaixamento","test_date":"2005-06-21","static_level_m":44.0,"dynamic_level_m":80.0,"stabilized_yield":70.0,"interpretation_method":"UNKNOWN","source":"SGB_HIDRO_MS_2024_POCOS","evidence_code":"E08"}},{"type":"Feature","geometry":{"type":"Point","coordinates":[-55.06444399999998,-23.568610999999976]},"properties":{"well_id":"3500022621","municipality":"Tacuru","aquifer":"Caiua","test_type":"Rebaixamento","test_date":"2002-02-02","static_level_m":39.0,"dynamic_level_m":59.0,"stabilized_yield":59.0,"interpretation_method":"UNKNOWN","source":"SGB_HIDRO_MS_2024_POCOS","evidence_code":"E08"}},{"type":"Feature","geometry":{"type":"Point","coordinates":[-55.614443999999935,-22.21999999999997]},"properties":{"well_id":"3500022622","municipality":"Ponta Porã","aquifer":"Serra geral","test_type":"Rebaixamento","test_date":"2002-02-02","static_level_m":12.5,"dynamic_level_m":0.0,"stabilized_yield":0.0,"interpretation_method":"UNKNOWN","source":"SGB_HIDRO_MS_2024_POCOS","evidence_code":"E08"}},{"type":"Feature","geometry":{"type":"Point","coordinates":[-54.68222199999997,-18.50194399999998]},"properties":{"well_id":"3500022638","municipality":"Coxim","aquifer":"Furnas","test_type":"Rebaixamento","test_date":"1984-05-15","static_level_m":2.0,"dynamic_level_m":41.42,"stabilized_yield":21.17,"interpretation_method":"UNKNOWN","source":"SGB_HIDRO_MS_2024_POCOS","evidence_code":"E08"}},{"type":"Feature","geometry":{"type":"Point","coordinates":[-55.50249999999994,-22.23444399999994]},"properties":{"well_id":"3500022643","municipality":"Ponta Porã","aquifer":"Serra geral","test_type":"Rebaixamento","test_date":"2002-10-31","static_level_m":2.1,"dynamic_level_m":0.0,"stabilized_yield":0.0,"interpretation_method":"UNKNOWN","source":"SGB_HIDRO_MS_2024_POCOS","evidence_code":"E08"}},{"type":"Feature","geometry":{"type":"Point","coordinates":[-55.580832999999984,-22.206387999999947]},"properties":{"well_id":"3500022646","municipality":"Ponta Porã","aquifer":"Serra geral","test_type":"Escalonado","test_date":"2002-09-14","static_level_m":10.5,"dynamic_level_m":0.0,"stabilized_yield":0.0,"interpretation_method":"UNKNOWN","source":"SGB_HIDRO_MS_2024_POCOS","evidence_code":"E08"}},{"type":"Feature","geometry":{"type":"Point","coordinates":[-54.57472199999995,-20.392499999999927]},"properties":{"well_id":"3500022659","municipality":"Campo Grande","aquifer":"Caiua","test_type":"Rebaixamento","test_date":"1992-02-23","static_level_m":42.07,"dynamic_level_m":58.6,"stabilized_yield":20.3,"interpretation_method":"UNKNOWN","source":"SGB_HIDRO_MS_2024_POCOS","evidence_code":"E08"}},{"type":"Feature","geometry":{"type":"Point","coordinates":[-55.82638799999995,-21.15749999999997]},"properties":{"well_id":"3500022661","municipality":"Nioaque","aquifer":"Guarani","test_type":"Rebaixamento","test_date":"1978-02-02","static_level_m":2.65,"dynamic_level_m":11.3,"stabilized_yield":48.0,"interpretation_method":"UNKNOWN","source":"SGB_HIDRO_MS_2024_POCOS","evidence_code":"E08"}},{"type":"Feature","geometry":{"type":"Point","coordinates":[-55.82638799999995,-21.166387999999927]},"properties":{"well_id":"3500022662","municipality":"Nioaque","aquifer":"Guarani","test_type":"Rebaixamento","test_date":"2002-06-15","static_level_m":3.0,"dynamic_level_m":12.0,"stabilized_yield":30.0,"interpretation_method":"UNKNOWN","source":"SGB_HIDRO_MS_2024_POCOS","evidence_code":"E08"}},{"type":"Feature","geometry":{"type":"Point","coordinates":[-53.27333299999998,-22.29361099999994]},"properties":{"well_id":"3500022672","municipality":"Batayporã","aquifer":"Caiua","test_type":"Rebaixamento","test_date":"1998-04-09","static_level_m":12.0,"dynamic_level_m":32.7,"stabilized_yield":17.6,"interpretation_method":"UNKNOWN","source":"SGB_HIDRO_MS_2024_POCOS","evidence_code":"E08"}},{"type":"Feature","geometry":{"type":"Point","coordinates":[-54.56416599999994,-23.664443999999946]},"properties":{"well_id":"3500022706","municipality":"Iguatemi","aquifer":"Caiua","test_type":"Rebaixamento","test_date":"2000-10-21","static_level_m":12.0,"dynamic_level_m":65.3,"stabilized_yield":15.23,"interpretation_method":"UNKNOWN","source":"SGB_HIDRO_MS_2024_POCOS","evidence_code":"E08"}},{"type":"Feature","geometry":{"type":"Point","coordinates":[-57.029443999999955,-22.009999999999934]},"properties":{"well_id":"3500022780","municipality":"Caracol","aquifer":"Rocha cristalina","test_type":"Rebaixamento","test_date":"2002-04-01","static_level_m":3.0,"dynamic_level_m":110.0,"stabilized_yield":2.0,"interpretation_method":"UNKNOWN","source":"SGB_HIDRO_MS_2024_POCOS","evidence_code":"E08"}},{"type":"Feature","geometry":{"type":"Point","coordinates":[-54.79361099999994,-22.256943999999976]},"properties":{"well_id":"3500022833","municipality":"Dourados","aquifer":"Serra geral","test_type":"Rebaixamento","test_date":"2001-04-08","static_level_m":34.6,"dynamic_level_m":38.6,"stabilized_yield":36.0,"interpretation_method":"UNKNOWN","source":"SGB_HIDRO_MS_2024_POCOS","evidence_code":"E08"}},{"type":"Feature","geometry":{"type":"Point","coordinates":[-54.79444399999994,-22.225832999999966]},"properties":{"well_id":"3500022846","municipality":"Dourados","aquifer":"Serra geral","test_type":"Rebaixamento","test_date":"1994-04-30","static_level_m":18.0,"dynamic_level_m":40.0,"stabilized_yield":56.0,"interpretation_method":"UNKNOWN","source":"SGB_HIDRO_MS_2024_POCOS","evidence_code":"E08"}},{"type":"Feature","geometry":{"type":"Point","coordinates":[-54.51416599999993,-22.379443999999978]},"properties":{"well_id":"3500022849","municipality":"Fátima do Sul","aquifer":"Serra geral","test_type":"Rebaixamento","test_date":"1969-01-10","static_level_m":12.0,"dynamic_level_m":35.95,"stabilized_yield":32.19,"interpretation_method":"UNKNOWN","source":"SGB_HIDRO_MS_2024_POCOS","evidence_code":"E08"}},{"type":"Feature","geometry":{"type":"Point","coordinates":[-54.666943999999944,-22.175276999999937]},"properties":{"well_id":"3500022880","municipality":"Dourados","aquifer":"Serra geral","test_type":"Rebaixamento","test_date":"1991-09-28","static_level_m":10.25,"dynamic_level_m":66.9,"stabilized_yield":9.0,"interpretation_method":"UNKNOWN","source":"SGB_HIDRO_MS_2024_POCOS","evidence_code":"E08"}},{"type":"Feature","geometry":{"type":"Point","coordinates":[-54.63972199999995,-20.496110999999928]},"properties":{"well_id":"3500022904","municipality":"Campo Grande","aquifer":"Serra geral","test_type":"Rebaixamento","test_date":"1986-02-05","static_level_m":12.0,"dynamic_level_m":28.0,"stabilized_yield":18.0,"interpretation_method":"UNKNOWN","source":"SGB_HIDRO_MS_2024_POCOS","evidence_code":"E08"}},{"type":"Feature","geometry":{"type":"Point","coordinates":[-54.67388799999998,-20.489721999999972]},"properties":{"well_id":"3500022953","municipality":"Campo Grande","aquifer":"Serra geral","test_type":"Rebaixamento","test_date":"1997-08-29","static_level_m":5.0,"dynamic_level_m":78.0,"stabilized_yield":5.2,"interpretation_method":"UNKNOWN","source":"SGB_HIDRO_MS_2024_POCOS","evidence_code":"E08"}},{"type":"Feature","geometry":{"type":"Point","coordinates":[-52.413887999999986,-21.809999999999945]},"properties":{"well_id":"3500022973","municipality":"Bataguassu","aquifer":"Caiua","test_type":"Recarga","test_date":"2002-05-25","static_level_m":38.0,"dynamic_level_m":54.0,"stabilized_yield":18.0,"interpretation_method":"UNKNOWN","source":"SGB_HIDRO_MS_2024_POCOS","evidence_code":"E08"}},{"type":"Feature","geometry":{"type":"Point","coordinates":[-54.75555499999996,-18.499999999999943]},"properties":{"well_id":"3500022993","municipality":"Coxim","aquifer":"Furnas","test_type":"Rebaixamento","test_date":"1997-11-15","static_level_m":8.8,"dynamic_level_m":58.7,"stabilized_yield":90.0,"interpretation_method":"UNKNOWN","source":"SGB_HIDRO_MS_2024_POCOS","evidence_code":"E08"}},{"type":"Feature","geometry":{"type":"Point","coordinates":[-54.404721999999936,-23.893610999999964]},"properties":{"well_id":"3500023023","municipality":"Japorã","aquifer":"Caiua","test_type":"Rebaixamento","test_date":"1982-03-23","static_level_m":23.36,"dynamic_level_m":81.29,"stabilized_yield":26.4,"interpretation_method":"UNKNOWN","source":"SGB_HIDRO_MS_2024_POCOS","evidence_code":"E08"}},{"type":"Feature","geometry":{"type":"Point","coordinates":[-54.38722199999995,-23.892499999999927]},"properties":{"well_id":"3500023024","municipality":"Japorã","aquifer":"Caiua","test_type":"Rebaixamento","test_date":"1986-03-23","static_level_m":29.3,"dynamic_level_m":61.3,"stabilized_yield":22.0,"interpretation_method":"UNKNOWN","source":"SGB_HIDRO_MS_2024_POCOS","evidence_code":"E08"}},{"type":"Feature","geometry":{"type":"Point","coordinates":[-56.444999999999936,-21.11833299999995]},"properties":{"well_id":"3500023089","municipality":"Bonito","aquifer":"Cuiaba","test_type":"Rebaixamento","test_date":"1977-01-31","static_level_m":11.0,"dynamic_level_m":47.0,"stabilized_yield":2.0,"interpretation_method":"UNKNOWN","source":"SGB_HIDRO_MS_2024_POCOS","evidence_code":"E08"}},{"type":"Feature","geometry":{"type":"Point","coordinates":[-56.453332999999986,-21.121110999999928]},"properties":{"well_id":"3500023091","municipality":"Bonito","aquifer":"Cuiaba","test_type":"Rebaixamento","test_date":"2005-05-25","static_level_m":6.0,"dynamic_level_m":54.0,"stabilized_yield":4.0,"interpretation_method":"UNKNOWN","source":"SGB_HIDRO_MS_2024_POCOS","evidence_code":"E08"}},{"type":"Feature","geometry":{"type":"Point","coordinates":[-56.49388799999997,-21.11944399999993]},"properties":{"well_id":"3500023096","municipality":"Bonito","aquifer":"Cuiaba","test_type":"Rebaixamento","test_date":"1993-03-08","static_level_m":2.0,"dynamic_level_m":60.0,"stabilized_yield":2.0,"interpretation_method":"UNKNOWN","source":"SGB_HIDRO_MS_2024_POCOS","evidence_code":"E08"}},{"type":"Feature","geometry":{"type":"Point","coordinates":[-56.496110999999985,-21.11916599999995]},"properties":{"well_id":"3500023107","municipality":"Bonito","aquifer":"Cuiaba","test_type":"Rebaixamento","test_date":"1992-01-29","static_level_m":11.0,"dynamic_level_m":42.0,"stabilized_yield":2.0,"interpretation_method":"UNKNOWN","source":"SGB_HIDRO_MS_2024_POCOS","evidence_code":"E08"}},{"type":"Feature","geometry":{"type":"Point","coordinates":[-56.185554999999965,-20.533887999999934]},"properties":{"well_id":"3500023123","municipality":"Miranda","aquifer":"Cuiaba","test_type":"Rebaixamento","test_date":"2001-09-29","static_level_m":13.5,"dynamic_level_m":61.0,"stabilized_yield":6.6,"interpretation_method":"UNKNOWN","source":"SGB_HIDRO_MS_2024_POCOS","evidence_code":"E08"}},{"type":"Feature","geometry":{"type":"Point","coordinates":[-55.61611099999993,-22.946110999999974]},"properties":{"well_id":"3500023161","municipality":"Aral Moreira","aquifer":"Serra geral","test_type":"Rebaixamento","test_date":"1988-06-18","static_level_m":17.5,"dynamic_level_m":30.6,"stabilized_yield":18.4,"interpretation_method":"UNKNOWN","source":"SGB_HIDRO_MS_2024_POCOS","evidence_code":"E08"}},{"type":"Feature","geometry":{"type":"Point","coordinates":[-53.78083299999997,-22.164999999999964]},"properties":{"well_id":"3500026990","municipality":"Angélica","aquifer":"Caiua","test_type":"Rebaixamento","test_date":"2009-08-27","static_level_m":32.5,"dynamic_level_m":55.95,"stabilized_yield":15.3,"interpretation_method":"UNKNOWN","source":"SGB_HIDRO_MS_2024_POCOS","evidence_code":"E08"}},{"type":"Feature","geometry":{"type":"Point","coordinates":[-55.78527699999995,-20.455554999999947]},"properties":{"well_id":"3500023188","municipality":"Aquidauana","aquifer":"Aquidauana","test_type":"Rebaixamento","test_date":"1981-05-12","static_level_m":3.32,"dynamic_level_m":28.43,"stabilized_yield":9.89,"interpretation_method":"UNKNOWN","source":"SGB_HIDRO_MS_2024_POCOS","evidence_code":"E08"}},{"type":"Feature","geometry":{"type":"Point","coordinates":[-53.771387999999945,-22.15916599999997]},"properties":{"well_id":"3500023171","municipality":"Angélica","aquifer":"Caiua","test_type":"Rebaixamento","test_date":"1981-11-04","static_level_m":16.62,"dynamic_level_m":49.25,"stabilized_yield":60.46,"interpretation_method":"UNKNOWN","source":"SGB_HIDRO_MS_2024_POCOS","evidence_code":"E08"}},{"type":"Feature","geometry":{"type":"Point","coordinates":[-54.737221999999974,-19.726665999999966]},"properties":{"well_id":"3500023225","municipality":"Corguinho","aquifer":"Aquidauana","test_type":"Rebaixamento","test_date":"1993-05-12","static_level_m":17.0,"dynamic_level_m":24.0,"stabilized_yield":16.5,"interpretation_method":"UNKNOWN","source":"SGB_HIDRO_MS_2024_POCOS","evidence_code":"E08"}},{"type":"Feature","geometry":{"type":"Point","coordinates":[-54.427776999999935,-21.651943999999958]},"properties":{"well_id":"3500023262","municipality":"Rio Brilhante","aquifer":"Serra geral","test_type":"Escalonado","test_date":"1984-06-17","static_level_m":8.12,"dynamic_level_m":35.82,"stabilized_yield":16.09,"interpretation_method":"UNKNOWN","source":"SGB_HIDRO_MS_2024_POCOS","evidence_code":"E08"}},{"type":"Feature","geometry":{"type":"Point","coordinates":[-54.44222199999996,-21.447776999999974]},"properties":{"well_id":"3500023271","municipality":"Nova Alvorada do Sul","aquifer":"Caiua","test_type":"Rebaixamento","test_date":"1990-07-01","static_level_m":12.0,"dynamic_level_m":15.0,"stabilized_yield":6.0,"interpretation_method":"UNKNOWN","source":"SGB_HIDRO_MS_2024_POCOS","evidence_code":"E08"}},{"type":"Feature","geometry":{"type":"Point","coordinates":[-53.27416599999998,-22.300276999999937]},"properties":{"well_id":"3500023382","municipality":"Batayporã","aquifer":"Caiua","test_type":"Rebaixamento","test_date":"1994-09-17","static_level_m":12.0,"dynamic_level_m":36.0,"stabilized_yield":62.0,"interpretation_method":"UNKNOWN","source":"SGB_HIDRO_MS_2024_POCOS","evidence_code":"E08"}},{"type":"Feature","geometry":{"type":"Point","coordinates":[-54.56749999999994,-21.768054999999947]},"properties":{"well_id":"3500023266","municipality":"Rio Brilhante","aquifer":"Guarani","test_type":"Rebaixamento","test_date":"1995-12-28","static_level_m":15.0,"dynamic_level_m":27.0,"stabilized_yield":120.0,"interpretation_method":"UNKNOWN","source":"SGB_HIDRO_MS_2024_POCOS","evidence_code":"E08"}},{"type":"Feature","geometry":{"type":"Point","coordinates":[-54.58527799999996,-20.52388899999994]},"properties":{"well_id":"3500045697","municipality":"Campo Grande","aquifer":"Guarani","test_type":"Rebaixamento","test_date":"2006-01-01","static_level_m":5.0,"dynamic_level_m":78.16,"stabilized_yield":9.7,"interpretation_method":"UNKNOWN","source":"SGB_HIDRO_MS_2024_POCOS","evidence_code":"E08"}},{"type":"Feature","geometry":{"type":"Point","coordinates":[-54.653332999999975,-20.51555499999995]},"properties":{"well_id":"3500022534","municipality":"Campo Grande","aquifer":"Guarani","test_type":"Rebaixamento","test_date":"1995-09-26","static_level_m":51.0,"dynamic_level_m":56.0,"stabilized_yield":70.0,"interpretation_method":"UNKNOWN","source":"SGB_HIDRO_MS_2024_POCOS","evidence_code":"E08"}},{"type":"Feature","geometry":{"type":"Point","coordinates":[-55.20055499999995,-23.09888799999993]},"properties":{"well_id":"3500022682","municipality":"Amambai","aquifer":"Guarani","test_type":"Rebaixamento","test_date":"1984-08-07","static_level_m":44.0,"dynamic_level_m":70.1,"stabilized_yield":12.0,"interpretation_method":"UNKNOWN","source":"SGB_HIDRO_MS_2024_POCOS","evidence_code":"E08"}},{"type":"Feature","geometry":{"type":"Point","coordinates":[-54.64694399999996,-20.486110999999937]},"properties":{"well_id":"3500022886","municipality":"Campo Grande","aquifer":"Guarani","test_type":"Rebaixamento","test_date":"1998-01-02","static_level_m":3.0,"dynamic_level_m":18.0,"stabilized_yield":19.0,"interpretation_method":"UNKNOWN","source":"SGB_HIDRO_MS_2024_POCOS","evidence_code":"E08"}},{"type":"Feature","geometry":{"type":"Point","coordinates":[-54.52333299999998,-20.463332999999977]},"properties":{"well_id":"3500022942","municipality":"Campo Grande","aquifer":"Guarani","test_type":"Rebaixamento","test_date":"1982-10-30","static_level_m":10.57,"dynamic_level_m":95.57,"stabilized_yield":5.3,"interpretation_method":"UNKNOWN","source":"SGB_HIDRO_MS_2024_POCOS","evidence_code":"E08"}},{"type":"Feature","geometry":{"type":"Point","coordinates":[-54.66722199999998,-20.498054999999965]},"properties":{"well_id":"3500022467","municipality":"Campo Grande","aquifer":"Guarani","test_type":"Rebaixamento","test_date":"2003-05-02","static_level_m":75.0,"dynamic_level_m":80.0,"stabilized_yield":20.7,"interpretation_method":"UNKNOWN","source":"SGB_HIDRO_MS_2024_POCOS","evidence_code":"E08"}},{"type":"Feature","geometry":{"type":"Point","coordinates":[-54.67305499999998,-20.491665999999952]},"properties":{"well_id":"3500022468","municipality":"Campo Grande","aquifer":"Guarani","test_type":"Rebaixamento","test_date":"1990-05-11","static_level_m":4.0,"dynamic_level_m":38.0,"stabilized_yield":27.8,"interpretation_method":"UNKNOWN","source":"SGB_HIDRO_MS_2024_POCOS","evidence_code":"E08"}},{"type":"Feature","geometry":{"type":"Point","coordinates":[-54.56749999999994,-20.450832999999932]},"properties":{"well_id":"3500022471","municipality":"Campo Grande","aquifer":"Serra geral","test_type":"Rebaixamento","test_date":"1983-12-02","static_level_m":11.8,"dynamic_level_m":64.0,"stabilized_yield":33.0,"interpretation_method":"UNKNOWN","source":"SGB_HIDRO_MS_2024_POCOS","evidence_code":"E08"}},{"type":"Feature","geometry":{"type":"Point","coordinates":[-54.55555499999997,-20.423610999999937]},"properties":{"well_id":"3500022493","municipality":"Campo Grande","aquifer":"Serra geral","test_type":"Rebaixamento","test_date":"1997-07-22","static_level_m":14.0,"dynamic_level_m":60.0,"stabilized_yield":16.04,"interpretation_method":"UNKNOWN","source":"SGB_HIDRO_MS_2024_POCOS","evidence_code":"E08"}},{"type":"Feature","geometry":{"type":"Point","coordinates":[-54.58722199999994,-20.55499999999995]},"properties":{"well_id":"3500022499","municipality":"Campo Grande","aquifer":"Serra geral","test_type":"Rebaixamento","test_date":"1985-08-23","static_level_m":8.3,"dynamic_level_m":50.28,"stabilized_yield":13.2,"interpretation_method":"UNKNOWN","source":"SGB_HIDRO_MS_2024_POCOS","evidence_code":"E08"}},{"type":"Feature","geometry":{"type":"Point","coordinates":[-54.57722199999995,-20.551387999999974]},"properties":{"well_id":"3500022518","municipality":"Campo Grande","aquifer":"Serra geral","test_type":"Rebaixamento","test_date":"1981-09-10","static_level_m":11.28,"dynamic_level_m":44.18,"stabilized_yield":5.17,"interpretation_method":"UNKNOWN","source":"SGB_HIDRO_MS_2024_POCOS","evidence_code":"E08"}},{"type":"Feature","geometry":{"type":"Point","coordinates":[-53.12805499999996,-18.53527699999995]},"properties":{"well_id":"3500022563","municipality":"Costa Rica","aquifer":"Guarani","test_type":"Rebaixamento","test_date":"1980-02-02","static_level_m":11.0,"dynamic_level_m":17.0,"stabilized_yield":34.0,"interpretation_method":"UNKNOWN","source":"SGB_HIDRO_MS_2024_POCOS","evidence_code":"E08"}},{"type":"Feature","geometry":{"type":"Point","coordinates":[-52.227776999999946,-20.679443999999933]},"properties":{"well_id":"3500022575","municipality":"Três Lagoas","aquifer":"Bauru","test_type":"Rebaixamento","test_date":"1978-03-28","static_level_m":18.3,"dynamic_level_m":35.28,"stabilized_yield":43.2,"interpretation_method":"UNKNOWN","source":"SGB_HIDRO_MS_2024_POCOS","evidence_code":"E08"}},{"type":"Feature","geometry":{"type":"Point","coordinates":[-51.70027699999997,-20.776665999999977]},"properties":{"well_id":"3500022576","municipality":"Três Lagoas","aquifer":"Bauru","test_type":"Rebaixamento","test_date":"1974-08-12","static_level_m":14.21,"dynamic_level_m":24.32,"stabilized_yield":59.0,"interpretation_method":"UNKNOWN","source":"SGB_HIDRO_MS_2024_POCOS","evidence_code":"E08"}},{"type":"Feature","geometry":{"type":"Point","coordinates":[-57.57722199999995,-19.07555499999995]},"properties":{"well_id":"3500022624","municipality":"Ladário","aquifer":"Rocha cristalina","test_type":"Rebaixamento","test_date":"2003-03-02","static_level_m":4.2,"dynamic_level_m":39.6,"stabilized_yield":18.0,"interpretation_method":"UNKNOWN","source":"SGB_HIDRO_MS_2024_POCOS","evidence_code":"E08"}},{"type":"Feature","geometry":{"type":"Point","coordinates":[-55.790832999999964,-20.459165999999982]},"properties":{"well_id":"3500022764","municipality":"Aquidauana","aquifer":"Furnas","test_type":"Rebaixamento","test_date":"1981-05-31","static_level_m":0.3,"dynamic_level_m":42.43,"stabilized_yield":16.0,"interpretation_method":"UNKNOWN","source":"SGB_HIDRO_MS_2024_POCOS","evidence_code":"E08"}},{"type":"Feature","geometry":{"type":"Point","coordinates":[-51.699165999999934,-20.778887999999938]},"properties":{"well_id":"3500023019","municipality":"Três Lagoas","aquifer":"Bauru","test_type":"Rebaixamento","test_date":"1991-12-01","static_level_m":15.2,"dynamic_level_m":30.0,"stabilized_yield":90.0,"interpretation_method":"UNKNOWN","source":"SGB_HIDRO_MS_2024_POCOS","evidence_code":"E08"}},{"type":"Feature","geometry":{"type":"Point","coordinates":[-54.56805499999996,-19.531665999999973]},"properties":{"well_id":"3500023101","municipality":"São Gabriel do Oeste","aquifer":"Serra geral","test_type":"Rebaixamento","test_date":"1979-03-11","static_level_m":14.5,"dynamic_level_m":22.0,"stabilized_yield":27.0,"interpretation_method":"UNKNOWN","source":"SGB_HIDRO_MS_2024_POCOS","evidence_code":"E08"}},{"type":"Feature","geometry":{"type":"Point","coordinates":[-54.66972199999998,-19.34499999999997]},"properties":{"well_id":"3500023104","municipality":"São Gabriel do Oeste","aquifer":"Guarani","test_type":"Rebaixamento","test_date":"2003-10-31","static_level_m":11.0,"dynamic_level_m":35.0,"stabilized_yield":26.0,"interpretation_method":"UNKNOWN","source":"SGB_HIDRO_MS_2024_POCOS","evidence_code":"E08"}},{"type":"Feature","geometry":{"type":"Point","coordinates":[-55.77388799999994,-20.47194399999995]},"properties":{"well_id":"3500023192","municipality":"Aquidauana","aquifer":"","test_type":"Rebaixamento","test_date":"1998-05-14","static_level_m":13.0,"dynamic_level_m":64.0,"stabilized_yield":40.0,"interpretation_method":"UNKNOWN","source":"SGB_HIDRO_MS_2024_POCOS","evidence_code":"E08"}},{"type":"Feature","geometry":{"type":"Point","coordinates":[-55.22249999999997,-23.099999999999966]},"properties":{"well_id":"3500023151","municipality":"Amambai","aquifer":"","test_type":"Escalonado","test_date":"1981-01-11","static_level_m":55.8,"dynamic_level_m":77.27,"stabilized_yield":16.74,"interpretation_method":"UNKNOWN","source":"SGB_HIDRO_MS_2024_POCOS","evidence_code":"E08"}},{"type":"Feature","geometry":{"type":"Point","coordinates":[-55.787499999999966,-20.48111099999994]},"properties":{"well_id":"3500023190","municipality":"Aquidauana","aquifer":"","test_type":"Rebaixamento","test_date":"1982-03-15","static_level_m":9.6,"dynamic_level_m":32.0,"stabilized_yield":9.6,"interpretation_method":"UNKNOWN","source":"SGB_HIDRO_MS_2024_POCOS","evidence_code":"E08"}},{"type":"Feature","geometry":{"type":"Point","coordinates":[-54.64583299999998,-20.47305499999993]},"properties":{"well_id":"3500022473","municipality":"Campo Grande","aquifer":"Guarani","test_type":"Rebaixamento","test_date":"1982-10-26","static_level_m":14.25,"dynamic_level_m":79.5,"stabilized_yield":13.05,"interpretation_method":"UNKNOWN","source":"SGB_HIDRO_MS_2024_POCOS","evidence_code":"E08"}},{"type":"Feature","geometry":{"type":"Point","coordinates":[-54.654721999999936,-20.522221999999942]},"properties":{"well_id":"3500022535","municipality":"Campo Grande","aquifer":"Guarani","test_type":"Rebaixamento","test_date":"1993-02-20","static_level_m":50.0,"dynamic_level_m":59.0,"stabilized_yield":84.0,"interpretation_method":"UNKNOWN","source":"SGB_HIDRO_MS_2024_POCOS","evidence_code":"E08"}},{"type":"Feature","geometry":{"type":"Point","coordinates":[-54.06611099999998,-22.052776999999935]},"properties":{"well_id":"3500023176","municipality":"Angélica","aquifer":"","test_type":"Rebaixamento","test_date":"1981-06-28","static_level_m":17.74,"dynamic_level_m":86.71,"stabilized_yield":10.56,"interpretation_method":"UNKNOWN","source":"SGB_HIDRO_MS_2024_POCOS","evidence_code":"E08"}},{"type":"Feature","geometry":{"type":"Point","coordinates":[-53.28249999999997,-22.284999999999968]},"properties":{"well_id":"3500045661","municipality":"Batayporã","aquifer":"Caiua","test_type":"Rebaixamento","test_date":"2008-02-01","static_level_m":50.0,"dynamic_level_m":65.0,"stabilized_yield":0.0,"interpretation_method":"UNKNOWN","source":"SGB_HIDRO_MS_2024_POCOS","evidence_code":"E08"}},{"type":"Feature","geometry":{"type":"Point","coordinates":[-54.757221999999956,-22.49527699999993]},"properties":{"well_id":"3500022696","municipality":"Caarapó","aquifer":"Serra geral","test_type":"Rebaixamento","test_date":"1984-06-10","static_level_m":8.0,"dynamic_level_m":49.3,"stabilized_yield":19.45,"interpretation_method":"UNKNOWN","source":"SGB_HIDRO_MS_2024_POCOS","evidence_code":"E08"}},{"type":"Feature","geometry":{"type":"Point","coordinates":[-54.974166999999966,-20.941110999999978]},"properties":{"well_id":"3500067664","municipality":"Sidrolândia","aquifer":"Guarani","test_type":"Rebaixamento","test_date":"2017-03-07","static_level_m":46.0,"dynamic_level_m":57.0,"stabilized_yield":7.0,"interpretation_method":"UNKNOWN","source":"SGB_HIDRO_MS_2024_POCOS","evidence_code":"E08"}},{"type":"Feature","geometry":{"type":"Point","coordinates":[-55.02138899999994,-20.717777999999953]},"properties":{"well_id":"3500067287","municipality":"Terenos","aquifer":"","test_type":"Rebaixamento","test_date":"2016-09-28","static_level_m":55.5,"dynamic_level_m":69.0,"stabilized_yield":10.0,"interpretation_method":"UNKNOWN","source":"SGB_HIDRO_MS_2024_POCOS","evidence_code":"E08"}},{"type":"Feature","geometry":{"type":"Point","coordinates":[-53.15749999999997,-18.516388999999947]},"properties":{"well_id":"3500067322","municipality":"Costa Rica","aquifer":"Guarani","test_type":"Rebaixamento","test_date":"2016-11-30","static_level_m":57.0,"dynamic_level_m":60.0,"stabilized_yield":14.4,"interpretation_method":"UNKNOWN","source":"SGB_HIDRO_MS_2024_POCOS","evidence_code":"E08"}},{"type":"Feature","geometry":{"type":"Point","coordinates":[-52.51888799999995,-22.018887999999947]},"properties":{"well_id":"3500023184","municipality":"Anaurilândia","aquifer":"","test_type":"Escalonado","test_date":"1983-10-13","static_level_m":58.0,"dynamic_level_m":80.89,"stabilized_yield":17.17,"interpretation_method":"UNKNOWN","source":"SGB_HIDRO_MS_2024_POCOS","evidence_code":"E08"}},{"type":"Feature","geometry":{"type":"Point","coordinates":[-54.56694399999998,-19.383888999999954]},"properties":{"well_id":"3500030630","municipality":"São Gabriel do Oeste","aquifer":"Serra geral","test_type":"Rebaixamento","test_date":"2009-05-04","static_level_m":1.0,"dynamic_level_m":2.0,"stabilized_yield":39.6,"interpretation_method":"UNKNOWN","source":"SGB_HIDRO_MS_2024_POCOS","evidence_code":"E08"}},{"type":"Feature","geometry":{"type":"Point","coordinates":[-54.84833299999997,-18.920555999999976]},"properties":{"well_id":"3500030632","municipality":"Rio Verde de Mato Grosso","aquifer":"Furnas","test_type":"Rebaixamento","test_date":"1997-10-19","static_level_m":25.0,"dynamic_level_m":45.7,"stabilized_yield":49.0,"interpretation_method":"UNKNOWN","source":"SGB_HIDRO_MS_2024_POCOS","evidence_code":"E08"}},{"type":"Feature","geometry":{"type":"Point","coordinates":[-54.35388899999998,-19.67916699999995]},"properties":{"well_id":"3500030639","municipality":"Bandeirantes","aquifer":"Serra geral","test_type":"Rebaixamento","test_date":"2000-11-05","static_level_m":28.0,"dynamic_level_m":68.0,"stabilized_yield":11.7,"interpretation_method":"UNKNOWN","source":"SGB_HIDRO_MS_2024_POCOS","evidence_code":"E08"}},{"type":"Feature","geometry":{"type":"Point","coordinates":[-55.22972199999998,-20.377777999999978]},"properties":{"well_id":"3500067384","municipality":"Terenos","aquifer":"Guarani","test_type":"Rebaixamento","test_date":"2017-07-31","static_level_m":53.2,"dynamic_level_m":60.0,"stabilized_yield":16.0,"interpretation_method":"UNKNOWN","source":"SGB_HIDRO_MS_2024_POCOS","evidence_code":"E08"}},{"type":"Feature","geometry":{"type":"Point","coordinates":[-55.94388799999996,-22.196943999999974]},"properties":{"well_id":"3500022687","municipality":"Antônio João","aquifer":"Serra geral","test_type":"Rebaixamento","test_date":"1975-11-18","static_level_m":3.3,"dynamic_level_m":52.8,"stabilized_yield":24.83,"interpretation_method":"UNKNOWN","source":"SGB_HIDRO_MS_2024_POCOS","evidence_code":"E08"}},{"type":"Feature","geometry":{"type":"Point","coordinates":[-54.28416599999997,-23.788610999999946]},"properties":{"well_id":"3500022700","municipality":"Eldorado","aquifer":"Caiua","test_type":"Rebaixamento","test_date":"2001-01-14","static_level_m":45.4,"dynamic_level_m":62.0,"stabilized_yield":8.6,"interpretation_method":"UNKNOWN","source":"SGB_HIDRO_MS_2024_POCOS","evidence_code":"E08"}},{"type":"Feature","geometry":{"type":"Point","coordinates":[-54.27694399999996,-23.782776999999953]},"properties":{"well_id":"3500022704","municipality":"Eldorado","aquifer":"Caiua","test_type":"Rebaixamento","test_date":"1995-03-15","static_level_m":28.0,"dynamic_level_m":72.0,"stabilized_yield":19.8,"interpretation_method":"UNKNOWN","source":"SGB_HIDRO_MS_2024_POCOS","evidence_code":"E08"}},{"type":"Feature","geometry":{"type":"Point","coordinates":[-55.72249999999997,-22.497776999999928]},"properties":{"well_id":"3500022741","municipality":"Ponta Porã","aquifer":"Serra geral","test_type":"Rebaixamento","test_date":"2000-01-02","static_level_m":5.0,"dynamic_level_m":14.0,"stabilized_yield":44.0,"interpretation_method":"UNKNOWN","source":"SGB_HIDRO_MS_2024_POCOS","evidence_code":"E08"}},{"type":"Feature","geometry":{"type":"Point","coordinates":[-51.699165999999934,-20.72555499999993]},"properties":{"well_id":"3500023012","municipality":"Três Lagoas","aquifer":"Bauru","test_type":"Rebaixamento","test_date":"2006-08-25","static_level_m":13.8,"dynamic_level_m":25.0,"stabilized_yield":88.0,"interpretation_method":"UNKNOWN","source":"SGB_HIDRO_MS_2024_POCOS","evidence_code":"E08"}},{"type":"Feature","geometry":{"type":"Point","coordinates":[-55.48055499999998,-22.195554999999956]},"properties":{"well_id":"3500023015","municipality":"Ponta Porã","aquifer":"Serra geral","test_type":"Rebaixamento","test_date":"2002-04-07","static_level_m":4.0,"dynamic_level_m":69.9,"stabilized_yield":4.3,"interpretation_method":"UNKNOWN","source":"SGB_HIDRO_MS_2024_POCOS","evidence_code":"E08"}},{"type":"Feature","geometry":{"type":"Point","coordinates":[-56.49555499999997,-21.122221999999965]},"properties":{"well_id":"3500023081","municipality":"Bonito","aquifer":"Cuiaba","test_type":"Rebaixamento","test_date":"1987-07-07","static_level_m":4.5,"dynamic_level_m":38.0,"stabilized_yield":4.0,"interpretation_method":"UNKNOWN","source":"SGB_HIDRO_MS_2024_POCOS","evidence_code":"E08"}},{"type":"Feature","geometry":{"type":"Point","coordinates":[-56.497221999999965,-21.113610999999935]},"properties":{"well_id":"3500023082","municipality":"Bonito","aquifer":"Cuiaba","test_type":"Rebaixamento","test_date":"1980-02-19","static_level_m":5.0,"dynamic_level_m":33.0,"stabilized_yield":2.0,"interpretation_method":"UNKNOWN","source":"SGB_HIDRO_MS_2024_POCOS","evidence_code":"E08"}},{"type":"Feature","geometry":{"type":"Point","coordinates":[-55.20111099999997,-22.837777999999958]},"properties":{"well_id":"3500067699","municipality":"Laguna Carapã","aquifer":"Serra geral","test_type":"Rebaixamento","test_date":"2018-06-15","static_level_m":1.2,"dynamic_level_m":40.2,"stabilized_yield":14.0,"interpretation_method":"UNKNOWN","source":"SGB_HIDRO_MS_2024_POCOS","evidence_code":"E08"}},{"type":"Feature","geometry":{"type":"Point","coordinates":[-55.51611099999997,-20.778887999999938]},"properties":{"well_id":"3500023200","municipality":"Anastácio","aquifer":"Guarani","test_type":"Rebaixamento","test_date":"1987-11-14","static_level_m":11.55,"dynamic_level_m":21.46,"stabilized_yield":79.2,"interpretation_method":"UNKNOWN","source":"SGB_HIDRO_MS_2024_POCOS","evidence_code":"E08"}},{"type":"Feature","geometry":{"type":"Point","coordinates":[-55.48499999999996,-20.756943999999976]},"properties":{"well_id":"3500023201","municipality":"Dois Irmãos do Buriti","aquifer":"Guarani","test_type":"Rebaixamento","test_date":"1987-11-26","static_level_m":0.0,"dynamic_level_m":6.1,"stabilized_yield":28.2,"interpretation_method":"UNKNOWN","source":"SGB_HIDRO_MS_2024_POCOS","evidence_code":"E08"}},{"type":"Feature","geometry":{"type":"Point","coordinates":[-55.46083299999998,-20.688332999999943]},"properties":{"well_id":"3500023206","municipality":"Dois Irmãos do Buriti","aquifer":"Guarani","test_type":"Rebaixamento","test_date":"1997-02-15","static_level_m":49.5,"dynamic_level_m":71.22,"stabilized_yield":9.76,"interpretation_method":"UNKNOWN","source":"SGB_HIDRO_MS_2024_POCOS","evidence_code":"E08"}},{"type":"Feature","geometry":{"type":"Point","coordinates":[-54.61138799999998,-19.394165999999927]},"properties":{"well_id":"3500023226","municipality":"São Gabriel do Oeste","aquifer":"Guarani","test_type":"Rebaixamento","test_date":"1988-06-11","static_level_m":8.5,"dynamic_level_m":37.4,"stabilized_yield":10.5,"interpretation_method":"UNKNOWN","source":"SGB_HIDRO_MS_2024_POCOS","evidence_code":"E08"}},{"type":"Feature","geometry":{"type":"Point","coordinates":[-52.41888799999998,-21.718332999999973]},"properties":{"well_id":"3500023273","municipality":"Bataguassu","aquifer":"Caiua","test_type":"Rebaixamento","test_date":"1975-10-27","static_level_m":41.0,"dynamic_level_m":47.35,"stabilized_yield":15.0,"interpretation_method":"UNKNOWN","source":"SGB_HIDRO_MS_2024_POCOS","evidence_code":"E08"}},{"type":"Feature","geometry":{"type":"Point","coordinates":[-53.71222199999994,-18.32361099999997]},"properties":{"well_id":"3500022589","municipality":"Alcinópolis","aquifer":"Guarani","test_type":"Rebaixamento","test_date":"2002-02-08","static_level_m":5.5,"dynamic_level_m":44.0,"stabilized_yield":16.8,"interpretation_method":"UNKNOWN","source":"SGB_HIDRO_MS_2024_POCOS","evidence_code":"E08"}},{"type":"Feature","geometry":{"type":"Point","coordinates":[-54.61944399999999,-20.51666599999993]},"properties":{"well_id":"3500022653","municipality":"Campo Grande","aquifer":"Serra geral","test_type":"Rebaixamento","test_date":"1997-11-11","static_level_m":108.0,"dynamic_level_m":111.0,"stabilized_yield":45.6,"interpretation_method":"UNKNOWN","source":"SGB_HIDRO_MS_2024_POCOS","evidence_code":"E08"}},{"type":"Feature","geometry":{"type":"Point","coordinates":[-54.507499999999936,-20.99333299999995]},"properties":{"well_id":"3500022885","municipality":"Campo Grande","aquifer":"Serra geral","test_type":"Rebaixamento","test_date":"1982-02-19","static_level_m":0.4,"dynamic_level_m":64.71,"stabilized_yield":21.17,"interpretation_method":"UNKNOWN","source":"SGB_HIDRO_MS_2024_POCOS","evidence_code":"E08"}},{"type":"Feature","geometry":{"type":"Point","coordinates":[-54.636387999999954,-20.42083299999996]},"properties":{"well_id":"3500022890","municipality":"Campo Grande","aquifer":"Serra geral","test_type":"Rebaixamento","test_date":"1976-02-06","static_level_m":25.0,"dynamic_level_m":56.0,"stabilized_yield":5.4,"interpretation_method":"UNKNOWN","source":"SGB_HIDRO_MS_2024_POCOS","evidence_code":"E08"}},{"type":"Feature","geometry":{"type":"Point","coordinates":[-54.65083299999998,-20.496387999999968]},"properties":{"well_id":"3500022901","municipality":"Campo Grande","aquifer":"Serra geral","test_type":"Rebaixamento","test_date":"1994-01-17","static_level_m":18.0,"dynamic_level_m":56.0,"stabilized_yield":33.3,"interpretation_method":"UNKNOWN","source":"SGB_HIDRO_MS_2024_POCOS","evidence_code":"E08"}},{"type":"Feature","geometry":{"type":"Point","coordinates":[-54.04333299999996,-19.528332999999975]},"properties":{"well_id":"3500022989","municipality":"Camapuã","aquifer":"Guarani","test_type":"Rebaixamento","test_date":"1965-02-10","static_level_m":7.0,"dynamic_level_m":56.0,"stabilized_yield":5.0,"interpretation_method":"UNKNOWN","source":"SGB_HIDRO_MS_2024_POCOS","evidence_code":"E08"}},{"type":"Feature","geometry":{"type":"Point","coordinates":[-53.76777699999997,-20.44083299999994]},"properties":{"well_id":"3500023017","municipality":"Ribas do Rio Pardo","aquifer":"Serra geral","test_type":"Rebaixamento","test_date":"2001-06-27","static_level_m":6.0,"dynamic_level_m":12.17,"stabilized_yield":68.8,"interpretation_method":"UNKNOWN","source":"SGB_HIDRO_MS_2024_POCOS","evidence_code":"E08"}},{"type":"Feature","geometry":{"type":"Point","coordinates":[-54.082221999999945,-19.63777799999997]},"properties":{"well_id":"3500026838","municipality":"Camapuã","aquifer":"Guarani","test_type":"Rebaixamento","test_date":"2010-06-18","static_level_m":36.9,"dynamic_level_m":37.45,"stabilized_yield":4.7,"interpretation_method":"UNKNOWN","source":"SGB_HIDRO_MS_2024_POCOS","evidence_code":"E08"}},{"type":"Feature","geometry":{"type":"Point","coordinates":[-54.632776999999976,-18.562776999999983]},"properties":{"well_id":"3500023011","municipality":"Coxim","aquifer":"Ponta grossa","test_type":"Rebaixamento","test_date":"1985-07-23","static_level_m":15.0,"dynamic_level_m":80.0,"stabilized_yield":2.8,"interpretation_method":"UNKNOWN","source":"SGB_HIDRO_MS_2024_POCOS","evidence_code":"E08"}},{"type":"Feature","geometry":{"type":"Point","coordinates":[-54.577499999999986,-20.500832999999943]},"properties":{"well_id":"3500022507","municipality":"Campo Grande","aquifer":"Serra geral","test_type":"Rebaixamento","test_date":"1993-12-14","static_level_m":21.0,"dynamic_level_m":40.0,"stabilized_yield":8.24,"interpretation_method":"UNKNOWN","source":"SGB_HIDRO_MS_2024_POCOS","evidence_code":"E08"}},{"type":"Feature","geometry":{"type":"Point","coordinates":[-53.82861099999997,-22.31361099999998]},"properties":{"well_id":"3500022544","municipality":"Ivinhema","aquifer":"Caiua","test_type":"Rebaixamento","test_date":"1980-06-02","static_level_m":49.68,"dynamic_level_m":57.18,"stabilized_yield":58.15,"interpretation_method":"UNKNOWN","source":"SGB_HIDRO_MS_2024_POCOS","evidence_code":"E08"}},{"type":"Feature","geometry":{"type":"Point","coordinates":[-53.850554999999986,-22.30583299999995]},"properties":{"well_id":"3500022548","municipality":"Ivinhema","aquifer":"Caiua","test_type":"Rebaixamento","test_date":"2001-05-10","static_level_m":13.8,"dynamic_level_m":38.8,"stabilized_yield":60.0,"interpretation_method":"UNKNOWN","source":"SGB_HIDRO_MS_2024_POCOS","evidence_code":"E08"}},{"type":"Feature","geometry":{"type":"Point","coordinates":[-53.92749999999995,-22.370832999999948]},"properties":{"well_id":"3500022550","municipality":"Ivinhema","aquifer":"Caiua","test_type":"Rebaixamento","test_date":"2001-05-13","static_level_m":52.0,"dynamic_level_m":58.0,"stabilized_yield":13.0,"interpretation_method":"UNKNOWN","source":"SGB_HIDRO_MS_2024_POCOS","evidence_code":"E08"}},{"type":"Feature","geometry":{"type":"Point","coordinates":[-51.74416599999995,-20.78444399999995]},"properties":{"well_id":"3500022581","municipality":"Três Lagoas","aquifer":"Bauru","test_type":"Rebaixamento","test_date":"2003-08-10","static_level_m":22.5,"dynamic_level_m":49.0,"stabilized_yield":63.0,"interpretation_method":"UNKNOWN","source":"SGB_HIDRO_MS_2024_POCOS","evidence_code":"E08"}},{"type":"Feature","geometry":{"type":"Point","coordinates":[-51.68833299999994,-20.776943999999958]},"properties":{"well_id":"3500022585","municipality":"Três Lagoas","aquifer":"Bauru","test_type":"Rebaixamento","test_date":"2005-01-09","static_level_m":31.0,"dynamic_level_m":49.5,"stabilized_yield":110.0,"interpretation_method":"UNKNOWN","source":"SGB_HIDRO_MS_2024_POCOS","evidence_code":"E08"}},{"type":"Feature","geometry":{"type":"Point","coordinates":[-54.03777699999995,-19.519721999999945]},"properties":{"well_id":"3500022599","municipality":"Camapuã","aquifer":"Guarani","test_type":"Rebaixamento","test_date":"1994-02-02","static_level_m":5.45,"dynamic_level_m":67.95,"stabilized_yield":18.41,"interpretation_method":"UNKNOWN","source":"SGB_HIDRO_MS_2024_POCOS","evidence_code":"E08"}},{"type":"Feature","geometry":{"type":"Point","coordinates":[-57.81194399999998,-19.09611099999995]},"properties":{"well_id":"3500022641","municipality":"Corumbá","aquifer":"Não definido","test_type":"Rebaixamento","test_date":"1995-10-31","static_level_m":5.14,"dynamic_level_m":79.96,"stabilized_yield":5.82,"interpretation_method":"UNKNOWN","source":"SGB_HIDRO_MS_2024_POCOS","evidence_code":"E08"}},{"type":"Feature","geometry":{"type":"Point","coordinates":[-55.79138799999998,-20.465276999999958]},"properties":{"well_id":"3500022655","municipality":"Aquidauana","aquifer":"Aquidauana","test_type":"Rebaixamento","test_date":"1961-02-02","static_level_m":22.0,"dynamic_level_m":41.0,"stabilized_yield":45.0,"interpretation_method":"UNKNOWN","source":"SGB_HIDRO_MS_2024_POCOS","evidence_code":"E08"}},{"type":"Feature","geometry":{"type":"Point","coordinates":[-54.17999999999995,-23.05777699999993]},"properties":{"well_id":"3500022723","municipality":"Naviraí","aquifer":"Caiua","test_type":"Rebaixamento","test_date":"2000-10-04","static_level_m":27.6,"dynamic_level_m":64.2,"stabilized_yield":52.8,"interpretation_method":"UNKNOWN","source":"SGB_HIDRO_MS_2024_POCOS","evidence_code":"E08"}},{"type":"Feature","geometry":{"type":"Point","coordinates":[-55.74194399999993,-22.491665999999952]},"properties":{"well_id":"3500022747","municipality":"Ponta Porã","aquifer":"Serra geral","test_type":"Rebaixamento","test_date":"1991-09-07","static_level_m":10.0,"dynamic_level_m":40.0,"stabilized_yield":7.0,"interpretation_method":"UNKNOWN","source":"SGB_HIDRO_MS_2024_POCOS","evidence_code":"E08"}},{"type":"Feature","geometry":{"type":"Point","coordinates":[-55.62138799999997,-22.62611099999998]},"properties":{"well_id":"3500022750","municipality":"Ponta Porã","aquifer":"Serra geral","test_type":"Rebaixamento","test_date":"1980-05-09","static_level_m":5.2,"dynamic_level_m":21.09,"stabilized_yield":21.176,"interpretation_method":"UNKNOWN","source":"SGB_HIDRO_MS_2024_POCOS","evidence_code":"E08"}},{"type":"Feature","geometry":{"type":"Point","coordinates":[-55.81388799999996,-20.496110999999928]},"properties":{"well_id":"3500022758","municipality":"Anastácio","aquifer":"Aquidauana","test_type":"Rebaixamento","test_date":"1977-05-05","static_level_m":30.0,"dynamic_level_m":90.0,"stabilized_yield":4.0,"interpretation_method":"UNKNOWN","source":"SGB_HIDRO_MS_2024_POCOS","evidence_code":"E08"}},{"type":"Feature","geometry":{"type":"Point","coordinates":[-56.508887999999956,-21.115832999999952]},"properties":{"well_id":"3500022775","municipality":"Bonito","aquifer":"Cuiaba","test_type":"Rebaixamento","test_date":"2003-08-13","static_level_m":25.0,"dynamic_level_m":27.7,"stabilized_yield":79.0,"interpretation_method":"UNKNOWN","source":"SGB_HIDRO_MS_2024_POCOS","evidence_code":"E08"}},{"type":"Feature","geometry":{"type":"Point","coordinates":[-57.01722199999995,-22.018610999999964]},"properties":{"well_id":"3500022779","municipality":"Caracol","aquifer":"Não definido","test_type":"Rebaixamento","test_date":"2002-10-01","static_level_m":1.5,"dynamic_level_m":75.0,"stabilized_yield":4.6,"interpretation_method":"UNKNOWN","source":"SGB_HIDRO_MS_2024_POCOS","evidence_code":"E08"}},{"type":"Feature","geometry":{"type":"Point","coordinates":[-56.14222199999995,-21.484999999999957]},"properties":{"well_id":"3500022792","municipality":"Jardim","aquifer":"Aquidauana","test_type":"Rebaixamento","test_date":"1976-01-03","static_level_m":2.78,"dynamic_level_m":150.0,"stabilized_yield":4.2,"interpretation_method":"UNKNOWN","source":"SGB_HIDRO_MS_2024_POCOS","evidence_code":"E08"}},{"type":"Feature","geometry":{"type":"Point","coordinates":[-55.636665999999934,-20.48444399999994]},"properties":{"well_id":"3500022799","municipality":"Aquidauana","aquifer":"Aquidauana","test_type":"Rebaixamento","test_date":"1988-07-13","static_level_m":9.68,"dynamic_level_m":73.83,"stabilized_yield":5.8,"interpretation_method":"UNKNOWN","source":"SGB_HIDRO_MS_2024_POCOS","evidence_code":"E08"}},{"type":"Feature","geometry":{"type":"Point","coordinates":[-54.77694399999996,-22.22444399999995]},"properties":{"well_id":"3500022826","municipality":"Dourados","aquifer":"Serra geral","test_type":"Rebaixamento","test_date":"2001-06-15","static_level_m":12.0,"dynamic_level_m":32.0,"stabilized_yield":49.5,"interpretation_method":"UNKNOWN","source":"SGB_HIDRO_MS_2024_POCOS","evidence_code":"E08"}},{"type":"Feature","geometry":{"type":"Point","coordinates":[-54.81499999999994,-22.23083299999996]},"properties":{"well_id":"3500022827","municipality":"Dourados","aquifer":"Serra geral","test_type":"Rebaixamento","test_date":"1990-02-01","static_level_m":6.0,"dynamic_level_m":18.0,"stabilized_yield":28.04,"interpretation_method":"UNKNOWN","source":"SGB_HIDRO_MS_2024_POCOS","evidence_code":"E08"}},{"type":"Feature","geometry":{"type":"Point","coordinates":[-54.79944399999994,-22.239443999999935]},"properties":{"well_id":"3500022828","municipality":"Dourados","aquifer":"Serra geral","test_type":"Rebaixamento","test_date":"1997-04-13","static_level_m":8.0,"dynamic_level_m":19.0,"stabilized_yield":56.0,"interpretation_method":"UNKNOWN","source":"SGB_HIDRO_MS_2024_POCOS","evidence_code":"E08"}},{"type":"Feature","geometry":{"type":"Point","coordinates":[-54.81694399999998,-22.258610999999974]},"properties":{"well_id":"3500022831","municipality":"Dourados","aquifer":"Serra geral","test_type":"Rebaixamento","test_date":"1990-04-23","static_level_m":37.0,"dynamic_level_m":40.0,"stabilized_yield":63.0,"interpretation_method":"UNKNOWN","source":"SGB_HIDRO_MS_2024_POCOS","evidence_code":"E08"}},{"type":"Feature","geometry":{"type":"Point","coordinates":[-54.81194399999998,-22.266110999999967]},"properties":{"well_id":"3500022840","municipality":"Dourados","aquifer":"Serra geral","test_type":"Rebaixamento","test_date":"1982-04-14","static_level_m":1.99,"dynamic_level_m":62.15,"stabilized_yield":39.01,"interpretation_method":"UNKNOWN","source":"SGB_HIDRO_MS_2024_POCOS","evidence_code":"E08"}},{"type":"Feature","geometry":{"type":"Point","coordinates":[-54.79805499999998,-22.25583299999994]},"properties":{"well_id":"3500022842","municipality":"Dourados","aquifer":"Serra geral","test_type":"Rebaixamento","test_date":"1982-04-12","static_level_m":30.0,"dynamic_level_m":31.6,"stabilized_yield":120.0,"interpretation_method":"UNKNOWN","source":"SGB_HIDRO_MS_2024_POCOS","evidence_code":"E08"}},{"type":"Feature","geometry":{"type":"Point","coordinates":[-54.65138799999994,-22.208610999999962]},"properties":{"well_id":"3500022850","municipality":"Dourados","aquifer":"Serra geral","test_type":"Rebaixamento","test_date":"1980-08-03","static_level_m":32.2,"dynamic_level_m":36.32,"stabilized_yield":41.46,"interpretation_method":"UNKNOWN","source":"SGB_HIDRO_MS_2024_POCOS","evidence_code":"E08"}},{"type":"Feature","geometry":{"type":"Point","coordinates":[-54.67138799999998,-22.183054999999968]},"properties":{"well_id":"3500022879","municipality":"Dourados","aquifer":"Serra geral","test_type":"Rebaixamento","test_date":"1966-11-18","static_level_m":33.0,"dynamic_level_m":38.27,"stabilized_yield":26.67,"interpretation_method":"UNKNOWN","source":"SGB_HIDRO_MS_2024_POCOS","evidence_code":"E08"}},{"type":"Feature","geometry":{"type":"Point","coordinates":[-54.62666599999994,-20.447499999999934]},"properties":{"well_id":"3500022889","municipality":"Campo Grande","aquifer":"Serra geral","test_type":"Rebaixamento","test_date":"1975-07-08","static_level_m":12.0,"dynamic_level_m":80.0,"stabilized_yield":20.0,"interpretation_method":"UNKNOWN","source":"SGB_HIDRO_MS_2024_POCOS","evidence_code":"E08"}},{"type":"Feature","geometry":{"type":"Point","coordinates":[-54.644165999999984,-20.451665999999932]},"properties":{"well_id":"3500022897","municipality":"Campo Grande","aquifer":"Serra geral","test_type":"Rebaixamento","test_date":"1996-08-01","static_level_m":5.05,"dynamic_level_m":32.5,"stabilized_yield":33.0,"interpretation_method":"UNKNOWN","source":"SGB_HIDRO_MS_2024_POCOS","evidence_code":"E08"}},{"type":"Feature","geometry":{"type":"Point","coordinates":[-54.572499999999934,-20.548610999999937]},"properties":{"well_id":"3500022909","municipality":"Campo Grande","aquifer":"Serra geral","test_type":"Rebaixamento","test_date":"1995-03-16","static_level_m":120.0,"dynamic_level_m":128.0,"stabilized_yield":30.66,"interpretation_method":"UNKNOWN","source":"SGB_HIDRO_MS_2024_POCOS","evidence_code":"E08"}},{"type":"Feature","geometry":{"type":"Point","coordinates":[-54.583054999999945,-20.553054999999972]},"properties":{"well_id":"3500022922","municipality":"Campo Grande","aquifer":"Serra geral","test_type":"Rebaixamento","test_date":"1994-07-28","static_level_m":15.0,"dynamic_level_m":55.5,"stabilized_yield":34.5,"interpretation_method":"UNKNOWN","source":"SGB_HIDRO_MS_2024_POCOS","evidence_code":"E08"}},{"type":"Feature","geometry":{"type":"Point","coordinates":[-53.75666599999994,-22.150832999999977]},"properties":{"well_id":"3500022934","municipality":"Angélica","aquifer":"Caiua","test_type":"Rebaixamento","test_date":"2006-03-01","static_level_m":9.0,"dynamic_level_m":25.0,"stabilized_yield":22.0,"interpretation_method":"UNKNOWN","source":"SGB_HIDRO_MS_2024_POCOS","evidence_code":"E08"}},{"type":"Feature","geometry":{"type":"Point","coordinates":[-54.601387999999986,-20.533054999999933]},"properties":{"well_id":"3500022945","municipality":"Campo Grande","aquifer":"Serra geral","test_type":"Rebaixamento","test_date":"1997-02-13","static_level_m":4.0,"dynamic_level_m":30.0,"stabilized_yield":22.6,"interpretation_method":"UNKNOWN","source":"SGB_HIDRO_MS_2024_POCOS","evidence_code":"E08"}},{"type":"Feature","geometry":{"type":"Point","coordinates":[-52.41861099999994,-21.72305499999993]},"properties":{"well_id":"3500022974","municipality":"Bataguassu","aquifer":"Caiua","test_type":"Rebaixamento","test_date":"2005-08-17","static_level_m":47.0,"dynamic_level_m":67.0,"stabilized_yield":52.8,"interpretation_method":"UNKNOWN","source":"SGB_HIDRO_MS_2024_POCOS","evidence_code":"E08"}},{"type":"Feature","geometry":{"type":"Point","coordinates":[-52.42999999999995,-21.73222199999998]},"properties":{"well_id":"3500022975","municipality":"Bataguassu","aquifer":"Caiua","test_type":"Rebaixamento","test_date":"2004-07-13","static_level_m":46.0,"dynamic_level_m":52.4,"stabilized_yield":28.99,"interpretation_method":"UNKNOWN","source":"SGB_HIDRO_MS_2024_POCOS","evidence_code":"E08"}},{"type":"Feature","geometry":{"type":"Point","coordinates":[-52.83138799999995,-21.30583299999995]},"properties":{"well_id":"3500022977","municipality":"Santa Rita do Pardo","aquifer":"Caiua","test_type":"Recarga","test_date":"1982-02-10","static_level_m":1.0,"dynamic_level_m":24.3,"stabilized_yield":30.0,"interpretation_method":"UNKNOWN","source":"SGB_HIDRO_MS_2024_POCOS","evidence_code":"E08"}},{"type":"Feature","geometry":{"type":"Point","coordinates":[-54.756943999999976,-18.511665999999934]},"properties":{"well_id":"3500022992","municipality":"Coxim","aquifer":"Furnas","test_type":"Rebaixamento","test_date":"2001-02-13","static_level_m":4.6,"dynamic_level_m":36.6,"stabilized_yield":79.0,"interpretation_method":"UNKNOWN","source":"SGB_HIDRO_MS_2024_POCOS","evidence_code":"E08"}},{"type":"Feature","geometry":{"type":"Point","coordinates":[-52.623054999999965,-18.803610999999933]},"properties":{"well_id":"3500023001","municipality":"Chapadão do Sul","aquifer":"Coberturas sedimentares Indiferenciadas","test_type":"Rebaixamento","test_date":"1997-05-09","static_level_m":56.0,"dynamic_level_m":68.0,"stabilized_yield":23.0,"interpretation_method":"UNKNOWN","source":"SGB_HIDRO_MS_2024_POCOS","evidence_code":"E08"}},{"type":"Feature","geometry":{"type":"Point","coordinates":[-54.68305499999997,-18.500276999999983]},"properties":{"well_id":"3500023009","municipality":"Coxim","aquifer":"Furnas","test_type":"Rebaixamento","test_date":"2000-07-09","static_level_m":3.0,"dynamic_level_m":23.8,"stabilized_yield":24.3,"interpretation_method":"UNKNOWN","source":"SGB_HIDRO_MS_2024_POCOS","evidence_code":"E08"}},{"type":"Feature","geometry":{"type":"Point","coordinates":[-53.831665999999984,-22.308887999999968]},"properties":{"well_id":"3500023032","municipality":"Ivinhema","aquifer":"Caiua","test_type":"Rebaixamento","test_date":"1986-08-06","static_level_m":39.1,"dynamic_level_m":56.0,"stabilized_yield":52.8,"interpretation_method":"UNKNOWN","source":"SGB_HIDRO_MS_2024_POCOS","evidence_code":"E08"}},{"type":"Feature","geometry":{"type":"Point","coordinates":[-57.749165999999946,-19.10944399999994]},"properties":{"well_id":"3500023034","municipality":"Corumbá","aquifer":"Não definido","test_type":"Rebaixamento","test_date":"2003-03-20","static_level_m":14.7,"dynamic_level_m":55.0,"stabilized_yield":1.65,"interpretation_method":"UNKNOWN","source":"SGB_HIDRO_MS_2024_POCOS","evidence_code":"E08"}},{"type":"Feature","geometry":{"type":"Point","coordinates":[-53.851387999999986,-22.307221999999967]},"properties":{"well_id":"3500023049","municipality":"Ivinhema","aquifer":"Caiua","test_type":"Rebaixamento","test_date":"1990-09-30","static_level_m":18.0,"dynamic_level_m":32.8,"stabilized_yield":52.8,"interpretation_method":"UNKNOWN","source":"SGB_HIDRO_MS_2024_POCOS","evidence_code":"E08"}},{"type":"Feature","geometry":{"type":"Point","coordinates":[-56.49527699999999,-21.121387999999968]},"properties":{"well_id":"3500023087","municipality":"Bonito","aquifer":"Cuiaba","test_type":"Rebaixamento","test_date":"2001-01-13","static_level_m":9.0,"dynamic_level_m":17.0,"stabilized_yield":3.0,"interpretation_method":"UNKNOWN","source":"SGB_HIDRO_MS_2024_POCOS","evidence_code":"E08"}},{"type":"Feature","geometry":{"type":"Point","coordinates":[-56.49555499999997,-21.11944399999993]},"properties":{"well_id":"3500023095","municipality":"Bonito","aquifer":"Cuiaba","test_type":"Rebaixamento","test_date":"1989-02-24","static_level_m":12.0,"dynamic_level_m":19.0,"stabilized_yield":0.2,"interpretation_method":"UNKNOWN","source":"SGB_HIDRO_MS_2024_POCOS","evidence_code":"E08"}},{"type":"Feature","geometry":{"type":"Point","coordinates":[-54.60944399999994,-20.520276999999965]},"properties":{"well_id":"3500023097","municipality":"Campo Grande","aquifer":"Serra geral","test_type":"Rebaixamento","test_date":"2001-07-01","static_level_m":13.0,"dynamic_level_m":68.0,"stabilized_yield":5.8,"interpretation_method":"UNKNOWN","source":"SGB_HIDRO_MS_2024_POCOS","evidence_code":"E08"}},{"type":"Feature","geometry":{"type":"Point","coordinates":[-57.70916599999998,-19.06444399999998]},"properties":{"well_id":"3500023112","municipality":"Corumbá","aquifer":"Não definido","test_type":"Rebaixamento","test_date":"2001-10-10","static_level_m":11.0,"dynamic_level_m":26.0,"stabilized_yield":13.8,"interpretation_method":"UNKNOWN","source":"SGB_HIDRO_MS_2024_POCOS","evidence_code":"E08"}},{"type":"Feature","geometry":{"type":"Point","coordinates":[-57.724999999999966,-19.084443999999962]},"properties":{"well_id":"3500023113","municipality":"Corumbá","aquifer":"Não definido","test_type":"Rebaixamento","test_date":"2001-10-10","static_level_m":7.0,"dynamic_level_m":110.0,"stabilized_yield":25.5,"interpretation_method":"UNKNOWN","source":"SGB_HIDRO_MS_2024_POCOS","evidence_code":"E08"}},{"type":"Feature","geometry":{"type":"Point","coordinates":[-57.44972199999995,-19.31888799999996]},"properties":{"well_id":"3500023119","municipality":"Corumbá","aquifer":"Não definido","test_type":"Rebaixamento","test_date":"1992-07-12","static_level_m":15.0,"dynamic_level_m":40.0,"stabilized_yield":20.0,"interpretation_method":"UNKNOWN","source":"SGB_HIDRO_MS_2024_POCOS","evidence_code":"E08"}},{"type":"Feature","geometry":{"type":"Point","coordinates":[-55.22027699999995,-23.052499999999952]},"properties":{"well_id":"3500023152","municipality":"Amambai","aquifer":"Serra geral","test_type":"Escalonado","test_date":"1988-06-20","static_level_m":10.6,"dynamic_level_m":34.8,"stabilized_yield":15.2,"interpretation_method":"UNKNOWN","source":"SGB_HIDRO_MS_2024_POCOS","evidence_code":"E08"}},{"type":"Feature","geometry":{"type":"Point","coordinates":[-54.202499999999986,-23.103610999999944]},"properties":{"well_id":"3500026960","municipality":"Naviraí","aquifer":"Bauru","test_type":"Rebaixamento","test_date":"2002-04-25","static_level_m":10.0,"dynamic_level_m":72.0,"stabilized_yield":25.0,"interpretation_method":"UNKNOWN","source":"SGB_HIDRO_MS_2024_POCOS","evidence_code":"E08"}},{"type":"Feature","geometry":{"type":"Point","coordinates":[-55.426943999999935,-23.89055499999995]},"properties":{"well_id":"3500023352","municipality":"Paranhos","aquifer":"Bauru","test_type":"Escalonado","test_date":"1989-03-18","static_level_m":21.25,"dynamic_level_m":40.9,"stabilized_yield":36.0,"interpretation_method":"UNKNOWN","source":"SGB_HIDRO_MS_2024_POCOS","evidence_code":"E08"}},{"type":"Feature","geometry":{"type":"Point","coordinates":[-53.59611099999995,-22.383332999999936]},"properties":{"well_id":"3500023177","municipality":"Ivinhema","aquifer":"Caiua","test_type":"Rebaixamento","test_date":"1993-11-18","static_level_m":17.0,"dynamic_level_m":68.0,"stabilized_yield":12.0,"interpretation_method":"UNKNOWN","source":"SGB_HIDRO_MS_2024_POCOS","evidence_code":"E08"}},{"type":"Feature","geometry":{"type":"Point","coordinates":[-54.60833299999996,-21.76111099999997]},"properties":{"well_id":"3500023265","municipality":"Rio Brilhante","aquifer":"Serra geral","test_type":"Rebaixamento","test_date":"1995-05-12","static_level_m":4.0,"dynamic_level_m":26.0,"stabilized_yield":20.8,"interpretation_method":"UNKNOWN","source":"SGB_HIDRO_MS_2024_POCOS","evidence_code":"E08"}},{"type":"Feature","geometry":{"type":"Point","coordinates":[-51.42833299999995,-20.361665999999957]},"properties":{"well_id":"3500023305","municipality":"Selvíria","aquifer":"Serra geral","test_type":"Escalonado","test_date":"1990-08-06","static_level_m":18.0,"dynamic_level_m":64.0,"stabilized_yield":56.5,"interpretation_method":"UNKNOWN","source":"SGB_HIDRO_MS_2024_POCOS","evidence_code":"E08"}},{"type":"Feature","geometry":{"type":"Point","coordinates":[-51.927776999999935,-19.72527699999995]},"properties":{"well_id":"3500023308","municipality":"Inocência","aquifer":"Bauru","test_type":"Rebaixamento","test_date":"1982-06-16","static_level_m":26.32,"dynamic_level_m":82.45,"stabilized_yield":10.44,"interpretation_method":"UNKNOWN","source":"SGB_HIDRO_MS_2024_POCOS","evidence_code":"E08"}},{"type":"Feature","geometry":{"type":"Point","coordinates":[-52.93861099999998,-18.969443999999953]},"properties":{"well_id":"3500023333","municipality":"Paraíso das Águas","aquifer":"Bauru","test_type":"Rebaixamento","test_date":"1989-01-12","static_level_m":86.05,"dynamic_level_m":125.1,"stabilized_yield":9.6,"interpretation_method":"UNKNOWN","source":"SGB_HIDRO_MS_2024_POCOS","evidence_code":"E08"}},{"type":"Feature","geometry":{"type":"Point","coordinates":[-54.17833299999995,-23.476110999999946]},"properties":{"well_id":"3500023364","municipality":"Itaquiraí","aquifer":"Bauru","test_type":"Rebaixamento","test_date":"1989-10-25","static_level_m":18.0,"dynamic_level_m":44.0,"stabilized_yield":43.9,"interpretation_method":"UNKNOWN","source":"SGB_HIDRO_MS_2024_POCOS","evidence_code":"E08"}},{"type":"Feature","geometry":{"type":"Point","coordinates":[-54.59527799999995,-20.414999999999964]},"properties":{"well_id":"3500045678","municipality":"Campo Grande","aquifer":"Serra geral","test_type":"Rebaixamento","test_date":"2008-01-01","static_level_m":5.0,"dynamic_level_m":18.5,"stabilized_yield":21.0,"interpretation_method":"UNKNOWN","source":"SGB_HIDRO_MS_2024_POCOS","evidence_code":"E08"}},{"type":"Feature","geometry":{"type":"Point","coordinates":[-54.572776999999974,-23.70055499999995]},"properties":{"well_id":"3500023360","municipality":"Iguatemi","aquifer":"Caiua","test_type":"Rebaixamento","test_date":"1989-05-30","static_level_m":15.0,"dynamic_level_m":69.0,"stabilized_yield":21.0,"interpretation_method":"UNKNOWN","source":"SGB_HIDRO_MS_2024_POCOS","evidence_code":"E08"}},{"type":"Feature","geometry":{"type":"Point","coordinates":[-54.60222199999998,-20.527776999999958]},"properties":{"well_id":"3500022910","municipality":"Campo Grande","aquifer":"Guarani","test_type":"Rebaixamento","test_date":"1995-10-23","static_level_m":97.0,"dynamic_level_m":124.1,"stabilized_yield":33.0,"interpretation_method":"UNKNOWN","source":"SGB_HIDRO_MS_2024_POCOS","evidence_code":"E08"}},{"type":"Feature","geometry":{"type":"Point","coordinates":[-54.56666599999994,-20.460554999999943]},"properties":{"well_id":"3500022469","municipality":"Campo Grande","aquifer":"Serra geral","test_type":"Rebaixamento","test_date":"1989-10-26","static_level_m":16.0,"dynamic_level_m":49.0,"stabilized_yield":19.2,"interpretation_method":"UNKNOWN","source":"SGB_HIDRO_MS_2024_POCOS","evidence_code":"E08"}},{"type":"Feature","geometry":{"type":"Point","coordinates":[-54.95361099999997,-20.924443999999937]},"properties":{"well_id":"3500022812","municipality":"Sidrolândia","aquifer":"Guarani","test_type":"Rebaixamento","test_date":"1997-07-08","static_level_m":68.5,"dynamic_level_m":73.0,"stabilized_yield":16.5,"interpretation_method":"UNKNOWN","source":"SGB_HIDRO_MS_2024_POCOS","evidence_code":"E08"}},{"type":"Feature","geometry":{"type":"Point","coordinates":[-54.57361099999997,-20.507499999999936]},"properties":{"well_id":"3500022913","municipality":"Campo Grande","aquifer":"Guarani","test_type":"Rebaixamento","test_date":"1992-05-20","static_level_m":135.0,"dynamic_level_m":146.4,"stabilized_yield":25.2,"interpretation_method":"UNKNOWN","source":"SGB_HIDRO_MS_2024_POCOS","evidence_code":"E08"}},{"type":"Feature","geometry":{"type":"Point","coordinates":[-54.926387999999974,-20.898054999999943]},"properties":{"well_id":"3500022814","municipality":"Sidrolândia","aquifer":"Guarani","test_type":"Rebaixamento","test_date":"1992-01-24","static_level_m":138.9,"dynamic_level_m":142.9,"stabilized_yield":27.3,"interpretation_method":"UNKNOWN","source":"SGB_HIDRO_MS_2024_POCOS","evidence_code":"E08"}},{"type":"Feature","geometry":{"type":"Point","coordinates":[-54.966665999999975,-20.937221999999963]},"properties":{"well_id":"3500022809","municipality":"Sidrolândia","aquifer":"Guarani","test_type":"Rebaixamento","test_date":"2001-07-27","static_level_m":10.0,"dynamic_level_m":109.0,"stabilized_yield":16.0,"interpretation_method":"UNKNOWN","source":"SGB_HIDRO_MS_2024_POCOS","evidence_code":"E08"}},{"type":"Feature","geometry":{"type":"Point","coordinates":[-54.674999999999955,-21.975832999999966]},"properties":{"well_id":"3500022870","municipality":"Itaporã","aquifer":"Guarani","test_type":"Rebaixamento","test_date":"1983-12-15","static_level_m":17.2,"dynamic_level_m":87.1,"stabilized_yield":21.4,"interpretation_method":"UNKNOWN","source":"SGB_HIDRO_MS_2024_POCOS","evidence_code":"E08"}},{"type":"Feature","geometry":{"type":"Point","coordinates":[-54.63166599999994,-20.455554999999947]},"properties":{"well_id":"3500022892","municipality":"Campo Grande","aquifer":"Guarani","test_type":"Rebaixamento","test_date":"1975-08-21","static_level_m":27.0,"dynamic_level_m":54.0,"stabilized_yield":23.0,"interpretation_method":"UNKNOWN","source":"SGB_HIDRO_MS_2024_POCOS","evidence_code":"E08"}},{"type":"Feature","geometry":{"type":"Point","coordinates":[-54.702499999999986,-20.44944399999997]},"properties":{"well_id":"3500022501","municipality":"Campo Grande","aquifer":"Guarani","test_type":"Rebaixamento","test_date":"1985-10-12","static_level_m":2.7,"dynamic_level_m":66.0,"stabilized_yield":16.0,"interpretation_method":"UNKNOWN","source":"SGB_HIDRO_MS_2024_POCOS","evidence_code":"E08"}},{"type":"Feature","geometry":{"type":"Point","coordinates":[-53.14111099999997,-18.539721999999927]},"properties":{"well_id":"3500022569","municipality":"Costa Rica","aquifer":"Guarani","test_type":"Rebaixamento","test_date":"1993-02-02","static_level_m":3.0,"dynamic_level_m":14.5,"stabilized_yield":46.5,"interpretation_method":"UNKNOWN","source":"SGB_HIDRO_MS_2024_POCOS","evidence_code":"E08"}},{"type":"Feature","geometry":{"type":"Point","coordinates":[-54.74944399999998,-17.582776999999965]},"properties":{"well_id":"3500022606","municipality":"Sonora","aquifer":"Furnas","test_type":"Rebaixamento","test_date":"2004-07-02","static_level_m":36.0,"dynamic_level_m":108.0,"stabilized_yield":25.5,"interpretation_method":"UNKNOWN","source":"SGB_HIDRO_MS_2024_POCOS","evidence_code":"E08"}},{"type":"Feature","geometry":{"type":"Point","coordinates":[-55.55611099999999,-21.01277699999997]},"properties":{"well_id":"3500022615","municipality":"Nioaque","aquifer":"Guarani","test_type":"Rebaixamento","test_date":"2001-10-31","static_level_m":37.5,"dynamic_level_m":112.0,"stabilized_yield":5.0,"interpretation_method":"UNKNOWN","source":"SGB_HIDRO_MS_2024_POCOS","evidence_code":"E08"}},{"type":"Feature","geometry":{"type":"Point","coordinates":[-57.561665999999946,-19.010832999999934]},"properties":{"well_id":"3500022644","municipality":"Corumbá","aquifer":"Rocha cristalina","test_type":"Escalonado","test_date":"2003-03-03","static_level_m":10.0,"dynamic_level_m":36.0,"stabilized_yield":4.5,"interpretation_method":"UNKNOWN","source":"SGB_HIDRO_MS_2024_POCOS","evidence_code":"E08"}},{"type":"Feature","geometry":{"type":"Point","coordinates":[-51.696943999999974,-20.771110999999962]},"properties":{"well_id":"3500022651","municipality":"Três Lagoas","aquifer":"Bauru","test_type":"Rebaixamento","test_date":"2003-10-07","static_level_m":15.0,"dynamic_level_m":33.0,"stabilized_yield":60.0,"interpretation_method":"UNKNOWN","source":"SGB_HIDRO_MS_2024_POCOS","evidence_code":"E08"}},{"type":"Feature","geometry":{"type":"Point","coordinates":[-52.872221999999965,-20.446665999999937]},"properties":{"well_id":"3500022967","municipality":"Água Clara","aquifer":"Serra geral","test_type":"Rebaixamento","test_date":"1987-06-06","static_level_m":16.1,"dynamic_level_m":36.01,"stabilized_yield":13.0,"interpretation_method":"UNKNOWN","source":"SGB_HIDRO_MS_2024_POCOS","evidence_code":"E08"}},{"type":"Feature","geometry":{"type":"Point","coordinates":[-51.667776999999944,-20.79388799999998]},"properties":{"well_id":"3500022983","municipality":"Três Lagoas","aquifer":"Bauru","test_type":"Rebaixamento","test_date":"2000-10-03","static_level_m":18.0,"dynamic_level_m":42.0,"stabilized_yield":55.6,"interpretation_method":"UNKNOWN","source":"SGB_HIDRO_MS_2024_POCOS","evidence_code":"E08"}},{"type":"Feature","geometry":{"type":"Point","coordinates":[-54.45194399999997,-20.063054999999963]},"properties":{"well_id":"3500023100","municipality":"Jaraguari","aquifer":"Guarani","test_type":"Rebaixamento","test_date":"1996-04-29","static_level_m":5.5,"dynamic_level_m":55.95,"stabilized_yield":5.4,"interpretation_method":"UNKNOWN","source":"SGB_HIDRO_MS_2024_POCOS","evidence_code":"E08"}},{"type":"Feature","geometry":{"type":"Point","coordinates":[-52.872499999999945,-20.445832999999936]},"properties":{"well_id":"3500023126","municipality":"Água Clara","aquifer":"","test_type":"Escalonado","test_date":"1993-11-06","static_level_m":21.0,"dynamic_level_m":31.0,"stabilized_yield":16.16,"interpretation_method":"UNKNOWN","source":"SGB_HIDRO_MS_2024_POCOS","evidence_code":"E08"}},{"type":"Feature","geometry":{"type":"Point","coordinates":[-55.279443999999955,-20.68861099999998]},"properties":{"well_id":"3500023197","municipality":"Dois Irmãos do Buriti","aquifer":"","test_type":"Rebaixamento","test_date":"1998-04-30","static_level_m":17.0,"dynamic_level_m":28.5,"stabilized_yield":18.6,"interpretation_method":"UNKNOWN","source":"SGB_HIDRO_MS_2024_POCOS","evidence_code":"E08"}},{"type":"Feature","geometry":{"type":"Point","coordinates":[-52.50472199999996,-19.352777999999944]},"properties":{"well_id":"3500067705","municipality":"Chapadão do Sul","aquifer":"Guarani","test_type":"Rebaixamento","test_date":"2018-12-09","static_level_m":40.0,"dynamic_level_m":90.0,"stabilized_yield":20.0,"interpretation_method":"UNKNOWN","source":"SGB_HIDRO_MS_2024_POCOS","evidence_code":"E08"}},{"type":"Feature","geometry":{"type":"Point","coordinates":[-53.09583299999997,-18.57749999999993]},"properties":{"well_id":"3500067716","municipality":"Costa Rica","aquifer":"Guarani","test_type":"Rebaixamento","test_date":"2012-10-31","static_level_m":83.0,"dynamic_level_m":86.0,"stabilized_yield":14.4,"interpretation_method":"UNKNOWN","source":"SGB_HIDRO_MS_2024_POCOS","evidence_code":"E08"}},{"type":"Feature","geometry":{"type":"Point","coordinates":[-54.757499999999936,-22.497221999999965]},"properties":{"well_id":"3500022697","municipality":"Caarapó","aquifer":"Serra geral","test_type":"Rebaixamento","test_date":"1988-09-03","static_level_m":11.2,"dynamic_level_m":51.7,"stabilized_yield":10.5,"interpretation_method":"UNKNOWN","source":"SGB_HIDRO_MS_2024_POCOS","evidence_code":"E08"}},{"type":"Feature","geometry":{"type":"Point","coordinates":[-55.00277699999998,-19.491110999999933]},"properties":{"well_id":"3500022997","municipality":"Rio Negro","aquifer":"Furnas","test_type":"Rebaixamento","test_date":"1987-07-15","static_level_m":21.1,"dynamic_level_m":76.3,"stabilized_yield":14.95,"interpretation_method":"UNKNOWN","source":"SGB_HIDRO_MS_2024_POCOS","evidence_code":"E08"}},{"type":"Feature","geometry":{"type":"Point","coordinates":[-54.66472199999998,-20.561943999999983]},"properties":{"well_id":"3500045647","municipality":"Campo Grande","aquifer":"Serra geral","test_type":"Continuo","test_date":"2004-11-25","static_level_m":30.0,"dynamic_level_m":64.0,"stabilized_yield":0.0,"interpretation_method":"Cooper-jacob","source":"SGB_HIDRO_MS_2024_POCOS","evidence_code":"E08"}},{"type":"Feature","geometry":{"type":"Point","coordinates":[-54.36638899999997,-19.66999999999996]},"properties":{"well_id":"3500030641","municipality":"Bandeirantes","aquifer":"","test_type":"Rebaixamento","test_date":"2006-05-04","static_level_m":32.0,"dynamic_level_m":59.7,"stabilized_yield":25.0,"interpretation_method":"UNKNOWN","source":"SGB_HIDRO_MS_2024_POCOS","evidence_code":"E08"}},{"type":"Feature","geometry":{"type":"Point","coordinates":[-54.604443999999944,-19.36749999999995]},"properties":{"well_id":"3500030623","municipality":"São Gabriel do Oeste","aquifer":"Serra geral","test_type":"Rebaixamento","test_date":"2008-06-03","static_level_m":26.0,"dynamic_level_m":62.0,"stabilized_yield":31.7,"interpretation_method":"UNKNOWN","source":"SGB_HIDRO_MS_2024_POCOS","evidence_code":"E08"}},{"type":"Feature","geometry":{"type":"Point","coordinates":[-54.83472199999994,-19.828610999999967]},"properties":{"well_id":"3500030638","municipality":"Corguinho","aquifer":"Aquidauana","test_type":"Rebaixamento","test_date":"2009-05-04","static_level_m":22.0,"dynamic_level_m":26.0,"stabilized_yield":30.0,"interpretation_method":"UNKNOWN","source":"SGB_HIDRO_MS_2024_POCOS","evidence_code":"E08"}},{"type":"Feature","geometry":{"type":"Point","coordinates":[-54.40194399999996,-21.434443999999928]},"properties":{"well_id":"3500022668","municipality":"Nova Alvorada do Sul","aquifer":"Serra geral","test_type":"Rebaixamento","test_date":"2005-04-11","static_level_m":14.2,"dynamic_level_m":19.5,"stabilized_yield":24.0,"interpretation_method":"UNKNOWN","source":"SGB_HIDRO_MS_2024_POCOS","evidence_code":"E08"}},{"type":"Feature","geometry":{"type":"Point","coordinates":[-54.56583299999994,-23.66722199999998]},"properties":{"well_id":"3500022707","municipality":"Iguatemi","aquifer":"Caiua","test_type":"Rebaixamento","test_date":"2000-10-23","static_level_m":12.0,"dynamic_level_m":66.2,"stabilized_yield":20.8,"interpretation_method":"UNKNOWN","source":"SGB_HIDRO_MS_2024_POCOS","evidence_code":"E08"}},{"type":"Feature","geometry":{"type":"Point","coordinates":[-55.71916599999997,-22.539165999999966]},"properties":{"well_id":"3500022726","municipality":"Ponta Porã","aquifer":"Serra geral","test_type":"Rebaixamento","test_date":"1964-01-02","static_level_m":12.0,"dynamic_level_m":33.0,"stabilized_yield":16.0,"interpretation_method":"UNKNOWN","source":"SGB_HIDRO_MS_2024_POCOS","evidence_code":"E08"}},{"type":"Feature","geometry":{"type":"Point","coordinates":[-55.72444399999995,-22.53805499999993]},"properties":{"well_id":"3500022728","municipality":"Ponta Porã","aquifer":"Serra geral","test_type":"Rebaixamento","test_date":"1973-03-01","static_level_m":28.0,"dynamic_level_m":34.7,"stabilized_yield":45.0,"interpretation_method":"UNKNOWN","source":"SGB_HIDRO_MS_2024_POCOS","evidence_code":"E08"}},{"type":"Feature","geometry":{"type":"Point","coordinates":[-55.71916599999997,-22.508332999999936]},"properties":{"well_id":"3500022735","municipality":"Ponta Porã","aquifer":"Serra geral","test_type":"Rebaixamento","test_date":"1991-09-23","static_level_m":12.0,"dynamic_level_m":80.0,"stabilized_yield":7.5,"interpretation_method":"UNKNOWN","source":"SGB_HIDRO_MS_2024_POCOS","evidence_code":"E08"}},{"type":"Feature","geometry":{"type":"Point","coordinates":[-55.68999999999994,-22.574999999999932]},"properties":{"well_id":"3500022736","municipality":"Ponta Porã","aquifer":"Serra geral","test_type":"Rebaixamento","test_date":"1987-04-08","static_level_m":4.0,"dynamic_level_m":16.55,"stabilized_yield":56.5,"interpretation_method":"UNKNOWN","source":"SGB_HIDRO_MS_2024_POCOS","evidence_code":"E08"}},{"type":"Feature","geometry":{"type":"Point","coordinates":[-54.511387999999954,-23.839721999999938]},"properties":{"well_id":"3500023014","municipality":"Japorã","aquifer":"Caiua","test_type":"Rebaixamento","test_date":"2002-02-10","static_level_m":39.0,"dynamic_level_m":78.0,"stabilized_yield":15.0,"interpretation_method":"UNKNOWN","source":"SGB_HIDRO_MS_2024_POCOS","evidence_code":"E08"}},{"type":"Feature","geometry":{"type":"Point","coordinates":[-56.45222199999995,-21.08888799999994]},"properties":{"well_id":"3500023054","municipality":"Bonito","aquifer":"Cuiaba","test_type":"Rebaixamento","test_date":"1983-03-13","static_level_m":6.0,"dynamic_level_m":36.0,"stabilized_yield":1.0,"interpretation_method":"UNKNOWN","source":"SGB_HIDRO_MS_2024_POCOS","evidence_code":"E08"}},{"type":"Feature","geometry":{"type":"Point","coordinates":[-56.49472199999997,-21.111665999999957]},"properties":{"well_id":"3500023070","municipality":"Bonito","aquifer":"Cuiaba","test_type":"Rebaixamento","test_date":"1994-04-04","static_level_m":7.0,"dynamic_level_m":11.0,"stabilized_yield":3.5,"interpretation_method":"UNKNOWN","source":"SGB_HIDRO_MS_2024_POCOS","evidence_code":"E08"}},{"type":"Feature","geometry":{"type":"Point","coordinates":[-56.49555499999997,-21.124443999999983]},"properties":{"well_id":"3500023075","municipality":"Bonito","aquifer":"Cuiaba","test_type":"Rebaixamento","test_date":"2005-05-05","static_level_m":9.0,"dynamic_level_m":21.0,"stabilized_yield":3.0,"interpretation_method":"UNKNOWN","source":"SGB_HIDRO_MS_2024_POCOS","evidence_code":"E08"}},{"type":"Feature","geometry":{"type":"Point","coordinates":[-55.17666699999995,-22.749721999999963]},"properties":{"well_id":"3500067700","municipality":"Laguna Carapã","aquifer":"Serra geral","test_type":"Rebaixamento","test_date":"2018-06-29","static_level_m":5.0,"dynamic_level_m":80.0,"stabilized_yield":7.2,"interpretation_method":"UNKNOWN","source":"SGB_HIDRO_MS_2024_POCOS","evidence_code":"E08"}},{"type":"Feature","geometry":{"type":"Point","coordinates":[-54.85388899999998,-18.928610999999933]},"properties":{"well_id":"3500030633","municipality":"Rio Verde de Mato Grosso","aquifer":"Ponta grossa","test_type":"Rebaixamento","test_date":"1976-06-30","static_level_m":15.0,"dynamic_level_m":24.0,"stabilized_yield":24.75,"interpretation_method":"UNKNOWN","source":"SGB_HIDRO_MS_2024_POCOS","evidence_code":"E08"}},{"type":"Feature","geometry":{"type":"Point","coordinates":[-54.040276999999946,-19.526665999999977]},"properties":{"well_id":"3500023254","municipality":"Camapuã","aquifer":"Guarani","test_type":"Rebaixamento","test_date":"1987-07-10","static_level_m":1.3,"dynamic_level_m":44.23,"stabilized_yield":34.5,"interpretation_method":"UNKNOWN","source":"SGB_HIDRO_MS_2024_POCOS","evidence_code":"E08"}},{"type":"Feature","geometry":{"type":"Point","coordinates":[-53.39166599999999,-22.562499999999943]},"properties":{"well_id":"3500023385","municipality":"Taquarussu","aquifer":"Caiua","test_type":"Escalonado","test_date":"1990-06-22","static_level_m":6.0,"dynamic_level_m":44.25,"stabilized_yield":60.92,"interpretation_method":"UNKNOWN","source":"SGB_HIDRO_MS_2024_POCOS","evidence_code":"E08"}},{"type":"Feature","geometry":{"type":"Point","coordinates":[-53.71333299999998,-18.32361099999997]},"properties":{"well_id":"3500022588","municipality":"Alcinópolis","aquifer":"Guarani","test_type":"Rebaixamento","test_date":"1982-03-05","static_level_m":8.1,"dynamic_level_m":13.35,"stabilized_yield":25.5,"interpretation_method":"UNKNOWN","source":"SGB_HIDRO_MS_2024_POCOS","evidence_code":"E08"}},{"type":"Feature","geometry":{"type":"Point","coordinates":[-54.041943999999944,-19.53361099999995]},"properties":{"well_id":"3500022593","municipality":"Camapuã","aquifer":"Guarani","test_type":"Rebaixamento","test_date":"1965-02-02","static_level_m":29.0,"dynamic_level_m":50.0,"stabilized_yield":10.0,"interpretation_method":"UNKNOWN","source":"SGB_HIDRO_MS_2024_POCOS","evidence_code":"E08"}},{"type":"Feature","geometry":{"type":"Point","coordinates":[-54.04333299999996,-19.517221999999947]},"properties":{"well_id":"3500022595","municipality":"Camapuã","aquifer":"Guarani","test_type":"Rebaixamento","test_date":"1989-02-02","static_level_m":70.0,"dynamic_level_m":93.2,"stabilized_yield":10.9,"interpretation_method":"UNKNOWN","source":"SGB_HIDRO_MS_2024_POCOS","evidence_code":"E08"}},{"type":"Feature","geometry":{"type":"Point","coordinates":[-54.82638799999995,-22.621943999999928]},"properties":{"well_id":"3500022633","municipality":"Caarapó","aquifer":"Serra geral","test_type":"Rebaixamento","test_date":"1987-06-26","static_level_m":11.0,"dynamic_level_m":17.09,"stabilized_yield":66.0,"interpretation_method":"UNKNOWN","source":"SGB_HIDRO_MS_2024_POCOS","evidence_code":"E08"}},{"type":"Feature","geometry":{"type":"Point","coordinates":[-54.00638799999996,-19.49527699999993]},"properties":{"well_id":"3500023043","municipality":"Camapuã","aquifer":"Guarani","test_type":"Rebaixamento","test_date":"1989-09-07","static_level_m":30.1,"dynamic_level_m":97.25,"stabilized_yield":6.0,"interpretation_method":"UNKNOWN","source":"SGB_HIDRO_MS_2024_POCOS","evidence_code":"E08"}},{"type":"Feature","geometry":{"type":"Point","coordinates":[-55.62527699999998,-22.958887999999945]},"properties":{"well_id":"3500023158","municipality":"Aral Moreira","aquifer":"Serra geral","test_type":"Escalonado","test_date":"1986-10-23","static_level_m":9.33,"dynamic_level_m":27.1,"stabilized_yield":26.4,"interpretation_method":"UNKNOWN","source":"SGB_HIDRO_MS_2024_POCOS","evidence_code":"E08"}},{"type":"Feature","geometry":{"type":"Point","coordinates":[-55.819721999999956,-21.159999999999968]},"properties":{"well_id":"3500028107","municipality":"Nioaque","aquifer":"Guarani","test_type":"Rebaixamento","test_date":"2011-05-07","static_level_m":6.83,"dynamic_level_m":34.96,"stabilized_yield":7.03,"interpretation_method":"UNKNOWN","source":"SGB_HIDRO_MS_2024_POCOS","evidence_code":"E08"}},{"type":"Feature","geometry":{"type":"Point","coordinates":[-54.631943999999976,-20.48444399999994]},"properties":{"well_id":"3500022477","municipality":"Campo Grande","aquifer":"Serra geral","test_type":"Rebaixamento","test_date":"1993-09-10","static_level_m":2.0,"dynamic_level_m":30.0,"stabilized_yield":89.8,"interpretation_method":"UNKNOWN","source":"SGB_HIDRO_MS_2024_POCOS","evidence_code":"E08"}},{"type":"Feature","geometry":{"type":"Point","coordinates":[-54.69083299999994,-20.459443999999962]},"properties":{"well_id":"3500022512","municipality":"Campo Grande","aquifer":"Serra geral","test_type":"Rebaixamento","test_date":"1977-08-03","static_level_m":2.0,"dynamic_level_m":17.0,"stabilized_yield":20.5,"interpretation_method":"UNKNOWN","source":"SGB_HIDRO_MS_2024_POCOS","evidence_code":"E08"}},{"type":"Feature","geometry":{"type":"Point","coordinates":[-54.511665999999934,-20.54777699999994]},"properties":{"well_id":"3500022520","municipality":"Campo Grande","aquifer":"Serra geral","test_type":"Rebaixamento","test_date":"1995-08-16","static_level_m":8.5,"dynamic_level_m":36.0,"stabilized_yield":51.0,"interpretation_method":"UNKNOWN","source":"SGB_HIDRO_MS_2024_POCOS","evidence_code":"E08"}},{"type":"Feature","geometry":{"type":"Point","coordinates":[-54.663054999999986,-20.415276999999946]},"properties":{"well_id":"3500022524","municipality":"Campo Grande","aquifer":"Serra geral","test_type":"Rebaixamento","test_date":"1982-01-27","static_level_m":13.17,"dynamic_level_m":31.84,"stabilized_yield":45.0,"interpretation_method":"UNKNOWN","source":"SGB_HIDRO_MS_2024_POCOS","evidence_code":"E08"}},{"type":"Feature","geometry":{"type":"Point","coordinates":[-53.33611099999996,-22.300832999999955]},"properties":{"well_id":"3500022557","municipality":"Nova Andradina","aquifer":"Bauru","test_type":"Rebaixamento","test_date":"2002-08-02","static_level_m":22.0,"dynamic_level_m":46.0,"stabilized_yield":66.0,"interpretation_method":"UNKNOWN","source":"SGB_HIDRO_MS_2024_POCOS","evidence_code":"E08"}},{"type":"Feature","geometry":{"type":"Point","coordinates":[-54.85388799999998,-18.915554999999927]},"properties":{"well_id":"3500022610","municipality":"Rio Verde de Mato Grosso","aquifer":"Furnas","test_type":"Rebaixamento","test_date":"2000-08-14","static_level_m":5.0,"dynamic_level_m":9.0,"stabilized_yield":37.0,"interpretation_method":"UNKNOWN","source":"SGB_HIDRO_MS_2024_POCOS","evidence_code":"E08"}},{"type":"Feature","geometry":{"type":"Point","coordinates":[-55.497776999999985,-22.179443999999933]},"properties":{"well_id":"3500022619","municipality":"Ponta Porã","aquifer":"Serra geral","test_type":"Rebaixamento","test_date":"2002-04-02","static_level_m":13.0,"dynamic_level_m":0.0,"stabilized_yield":0.0,"interpretation_method":"UNKNOWN","source":"SGB_HIDRO_MS_2024_POCOS","evidence_code":"E08"}},{"type":"Feature","geometry":{"type":"Point","coordinates":[-57.74305499999997,-19.06833299999994]},"properties":{"well_id":"3500022627","municipality":"Corumbá","aquifer":"Não definido","test_type":"Rebaixamento","test_date":"1992-02-24","static_level_m":3.34,"dynamic_level_m":124.0,"stabilized_yield":8.415,"interpretation_method":"UNKNOWN","source":"SGB_HIDRO_MS_2024_POCOS","evidence_code":"E08"}},{"type":"Feature","geometry":{"type":"Point","coordinates":[-56.577499999999986,-22.082221999999945]},"properties":{"well_id":"3500022631","municipality":"Bela Vista","aquifer":"Aquidauana","test_type":"Rebaixamento","test_date":"2006-01-18","static_level_m":9.0,"dynamic_level_m":111.5,"stabilized_yield":5.5,"interpretation_method":"UNKNOWN","source":"SGB_HIDRO_MS_2024_POCOS","evidence_code":"E08"}},{"type":"Feature","geometry":{"type":"Point","coordinates":[-55.82361099999997,-21.15916599999997]},"properties":{"well_id":"3500022650","municipality":"Nioaque","aquifer":"Guarani","test_type":"Rebaixamento","test_date":"2002-06-13","static_level_m":6.5,"dynamic_level_m":19.5,"stabilized_yield":30.0,"interpretation_method":"UNKNOWN","source":"SGB_HIDRO_MS_2024_POCOS","evidence_code":"E08"}},{"type":"Feature","geometry":{"type":"Point","coordinates":[-55.78777699999995,-20.478887999999927]},"properties":{"well_id":"3500022665","municipality":"Aquidauana","aquifer":"Aquidauana","test_type":"Rebaixamento","test_date":"1969-02-02","static_level_m":21.0,"dynamic_level_m":50.0,"stabilized_yield":28.0,"interpretation_method":"UNKNOWN","source":"SGB_HIDRO_MS_2024_POCOS","evidence_code":"E08"}},{"type":"Feature","geometry":{"type":"Point","coordinates":[-53.823887999999954,-22.319443999999976]},"properties":{"well_id":"3500022675","municipality":"Ivinhema","aquifer":"Caiua","test_type":"Rebaixamento","test_date":"1988-03-15","static_level_m":37.7,"dynamic_level_m":55.5,"stabilized_yield":42.0,"interpretation_method":"UNKNOWN","source":"SGB_HIDRO_MS_2024_POCOS","evidence_code":"E08"}},{"type":"Feature","geometry":{"type":"Point","coordinates":[-53.333887999999945,-22.240554999999972]},"properties":{"well_id":"3500022678","municipality":"Nova Andradina","aquifer":"Caiua","test_type":"Rebaixamento","test_date":"1994-04-07","static_level_m":50.0,"dynamic_level_m":68.0,"stabilized_yield":35.0,"interpretation_method":"UNKNOWN","source":"SGB_HIDRO_MS_2024_POCOS","evidence_code":"E08"}},{"type":"Feature","geometry":{"type":"Point","coordinates":[-54.18805499999996,-23.05583299999995]},"properties":{"well_id":"3500022719","municipality":"Naviraí","aquifer":"Caiua","test_type":"Rebaixamento","test_date":"1978-01-02","static_level_m":16.0,"dynamic_level_m":26.0,"stabilized_yield":46.0,"interpretation_method":"UNKNOWN","source":"SGB_HIDRO_MS_2024_POCOS","evidence_code":"E08"}},{"type":"Feature","geometry":{"type":"Point","coordinates":[-54.18861099999998,-23.067776999999978]},"properties":{"well_id":"3500022722","municipality":"Naviraí","aquifer":"Caiua","test_type":"Rebaixamento","test_date":"1995-04-25","static_level_m":17.5,"dynamic_level_m":71.0,"stabilized_yield":45.0,"interpretation_method":"UNKNOWN","source":"SGB_HIDRO_MS_2024_POCOS","evidence_code":"E08"}},{"type":"Feature","geometry":{"type":"Point","coordinates":[-55.809443999999985,-20.48527699999994]},"properties":{"well_id":"3500022759","municipality":"Anastácio","aquifer":"Aquidauana","test_type":"Rebaixamento","test_date":"1977-06-06","static_level_m":35.0,"dynamic_level_m":96.0,"stabilized_yield":10.14,"interpretation_method":"UNKNOWN","source":"SGB_HIDRO_MS_2024_POCOS","evidence_code":"E08"}},{"type":"Feature","geometry":{"type":"Point","coordinates":[-55.788054999999986,-20.48111099999994]},"properties":{"well_id":"3500022768","municipality":"Aquidauana","aquifer":"Aquidauana","test_type":"Rebaixamento","test_date":"1969-01-02","static_level_m":14.0,"dynamic_level_m":80.0,"stabilized_yield":20.0,"interpretation_method":"UNKNOWN","source":"SGB_HIDRO_MS_2024_POCOS","evidence_code":"E08"}},{"type":"Feature","geometry":{"type":"Point","coordinates":[-55.791110999999944,-20.46194399999996]},"properties":{"well_id":"3500022770","municipality":"Aquidauana","aquifer":"Aquidauana","test_type":"Rebaixamento","test_date":"1965-01-03","static_level_m":0.0,"dynamic_level_m":60.0,"stabilized_yield":25.0,"interpretation_method":"UNKNOWN","source":"SGB_HIDRO_MS_2024_POCOS","evidence_code":"E08"}},{"type":"Feature","geometry":{"type":"Point","coordinates":[-56.50083299999994,-21.12722199999996]},"properties":{"well_id":"3500022774","municipality":"Bonito","aquifer":"Cuiaba","test_type":"Rebaixamento","test_date":"2003-08-13","static_level_m":12.0,"dynamic_level_m":23.59,"stabilized_yield":13.0,"interpretation_method":"UNKNOWN","source":"SGB_HIDRO_MS_2024_POCOS","evidence_code":"E08"}},{"type":"Feature","geometry":{"type":"Point","coordinates":[-57.02194399999996,-22.018610999999964]},"properties":{"well_id":"3500022781","municipality":"Caracol","aquifer":"Rocha cristalina","test_type":"Rebaixamento","test_date":"2002-01-02","static_level_m":5.2,"dynamic_level_m":89.0,"stabilized_yield":0.8,"interpretation_method":"UNKNOWN","source":"SGB_HIDRO_MS_2024_POCOS","evidence_code":"E08"}},{"type":"Feature","geometry":{"type":"Point","coordinates":[-55.824165999999934,-21.157776999999953]},"properties":{"well_id":"3500022800","municipality":"Nioaque","aquifer":"Guarani","test_type":"Rebaixamento","test_date":"2004-10-01","static_level_m":14.8,"dynamic_level_m":16.6,"stabilized_yield":113.1,"interpretation_method":"UNKNOWN","source":"SGB_HIDRO_MS_2024_POCOS","evidence_code":"E08"}},{"type":"Feature","geometry":{"type":"Point","coordinates":[-56.06472199999996,-20.29611099999994]},"properties":{"well_id":"3500022817","municipality":"Aquidauana","aquifer":"Cuiaba","test_type":"Rebaixamento","test_date":"1970-10-08","static_level_m":15.0,"dynamic_level_m":31.0,"stabilized_yield":6.0,"interpretation_method":"UNKNOWN","source":"SGB_HIDRO_MS_2024_POCOS","evidence_code":"E08"}},{"type":"Feature","geometry":{"type":"Point","coordinates":[-54.85944399999994,-20.441943999999978]},"properties":{"well_id":"3500022820","municipality":"Terenos","aquifer":"Serra geral","test_type":"Rebaixamento","test_date":"1980-01-30","static_level_m":46.7,"dynamic_level_m":87.3,"stabilized_yield":10.5,"interpretation_method":"UNKNOWN","source":"SGB_HIDRO_MS_2024_POCOS","evidence_code":"E08"}},{"type":"Feature","geometry":{"type":"Point","coordinates":[-54.81416599999994,-22.23055499999998]},"properties":{"well_id":"3500022825","municipality":"Dourados","aquifer":"Serra geral","test_type":"Rebaixamento","test_date":"1990-02-01","static_level_m":8.0,"dynamic_level_m":31.0,"stabilized_yield":30.0,"interpretation_method":"UNKNOWN","source":"SGB_HIDRO_MS_2024_POCOS","evidence_code":"E08"}},{"type":"Feature","geometry":{"type":"Point","coordinates":[-54.799999999999955,-22.228887999999927]},"properties":{"well_id":"3500022829","municipality":"Dourados","aquifer":"Serra geral","test_type":"Rebaixamento","test_date":"2000-12-17","static_level_m":28.0,"dynamic_level_m":33.4,"stabilized_yield":56.0,"interpretation_method":"UNKNOWN","source":"SGB_HIDRO_MS_2024_POCOS","evidence_code":"E08"}},{"type":"Feature","geometry":{"type":"Point","coordinates":[-54.581665999999984,-20.446665999999937]},"properties":{"well_id":"3500022900","municipality":"Campo Grande","aquifer":"Serra geral","test_type":"Rebaixamento","test_date":"1996-01-02","static_level_m":6.35,"dynamic_level_m":42.0,"stabilized_yield":16.8,"interpretation_method":"UNKNOWN","source":"SGB_HIDRO_MS_2024_POCOS","evidence_code":"E08"}},{"type":"Feature","geometry":{"type":"Point","coordinates":[-54.64499999999998,-20.495554999999968]},"properties":{"well_id":"3500022903","municipality":"Campo Grande","aquifer":"Serra geral","test_type":"Rebaixamento","test_date":"1979-10-01","static_level_m":5.0,"dynamic_level_m":67.7,"stabilized_yield":19.46,"interpretation_method":"UNKNOWN","source":"SGB_HIDRO_MS_2024_POCOS","evidence_code":"E08"}},{"type":"Feature","geometry":{"type":"Point","coordinates":[-54.67249999999996,-20.53444399999995]},"properties":{"well_id":"3500022906","municipality":"Campo Grande","aquifer":"Serra geral","test_type":"Rebaixamento","test_date":"1996-09-09","static_level_m":11.0,"dynamic_level_m":26.0,"stabilized_yield":60.0,"interpretation_method":"UNKNOWN","source":"SGB_HIDRO_MS_2024_POCOS","evidence_code":"E08"}},{"type":"Feature","geometry":{"type":"Point","coordinates":[-52.694721999999956,-22.17166599999996]},"properties":{"well_id":"3500022931","municipality":"Anaurilândia","aquifer":"Caiua","test_type":"Rebaixamento","test_date":"1996-03-15","static_level_m":24.0,"dynamic_level_m":34.0,"stabilized_yield":16.16,"interpretation_method":"UNKNOWN","source":"SGB_HIDRO_MS_2024_POCOS","evidence_code":"E08"}},{"type":"Feature","geometry":{"type":"Point","coordinates":[-54.60916599999996,-20.51222199999995]},"properties":{"well_id":"3500022955","municipality":"Campo Grande","aquifer":"Serra geral","test_type":"Rebaixamento","test_date":"1996-01-26","static_level_m":17.0,"dynamic_level_m":37.0,"stabilized_yield":25.0,"interpretation_method":"UNKNOWN","source":"SGB_HIDRO_MS_2024_POCOS","evidence_code":"E08"}},{"type":"Feature","geometry":{"type":"Point","coordinates":[-52.05416599999995,-20.78444399999995]},"properties":{"well_id":"3500022957","municipality":"Três Lagoas","aquifer":"Bauru","test_type":"Rebaixamento","test_date":"1998-04-03","static_level_m":26.0,"dynamic_level_m":31.0,"stabilized_yield":10.0,"interpretation_method":"UNKNOWN","source":"SGB_HIDRO_MS_2024_POCOS","evidence_code":"E08"}},{"type":"Feature","geometry":{"type":"Point","coordinates":[-52.031387999999936,-21.25583299999994]},"properties":{"well_id":"3500022959","municipality":"Brasilândia","aquifer":"Caiua","test_type":"Rebaixamento","test_date":"1981-01-28","static_level_m":23.14,"dynamic_level_m":37.67,"stabilized_yield":83.37,"interpretation_method":"UNKNOWN","source":"SGB_HIDRO_MS_2024_POCOS","evidence_code":"E08"}},{"type":"Feature","geometry":{"type":"Point","coordinates":[-52.41944399999994,-21.719443999999953]},"properties":{"well_id":"3500022961","municipality":"Bataguassu","aquifer":"Caiua","test_type":"Rebaixamento","test_date":"2002-05-15","static_level_m":39.5,"dynamic_level_m":52.05,"stabilized_yield":27.0,"interpretation_method":"UNKNOWN","source":"SGB_HIDRO_MS_2024_POCOS","evidence_code":"E08"}},{"type":"Feature","geometry":{"type":"Point","coordinates":[-52.40999999999997,-21.710554999999943]},"properties":{"well_id":"3500022963","municipality":"Bataguassu","aquifer":"Caiua","test_type":"Rebaixamento","test_date":"2002-05-17","static_level_m":22.5,"dynamic_level_m":32.0,"stabilized_yield":22.6,"interpretation_method":"UNKNOWN","source":"SGB_HIDRO_MS_2024_POCOS","evidence_code":"E08"}},{"type":"Feature","geometry":{"type":"Point","coordinates":[-53.34666599999997,-22.236943999999937]},"properties":{"well_id":"3500023037","municipality":"Nova Andradina","aquifer":"Bauru","test_type":"Rebaixamento","test_date":"1997-01-09","static_level_m":27.0,"dynamic_level_m":52.0,"stabilized_yield":60.0,"interpretation_method":"UNKNOWN","source":"SGB_HIDRO_MS_2024_POCOS","evidence_code":"E08"}},{"type":"Feature","geometry":{"type":"Point","coordinates":[-55.167776999999944,-21.601665999999966]},"properties":{"well_id":"3500023071","municipality":"Maracaju","aquifer":"Serra geral","test_type":"Rebaixamento","test_date":"2007-10-21","static_level_m":3.5,"dynamic_level_m":37.0,"stabilized_yield":17.0,"interpretation_method":"UNKNOWN","source":"SGB_HIDRO_MS_2024_POCOS","evidence_code":"E08"}},{"type":"Feature","geometry":{"type":"Point","coordinates":[-53.85999999999996,-22.655554999999936]},"properties":{"well_id":"3500023108","municipality":"Novo Horizonte do Sul","aquifer":"Caiua","test_type":"Rebaixamento","test_date":"1989-04-18","static_level_m":26.73,"dynamic_level_m":74.51,"stabilized_yield":7.4,"interpretation_method":"UNKNOWN","source":"SGB_HIDRO_MS_2024_POCOS","evidence_code":"E08"}},{"type":"Feature","geometry":{"type":"Point","coordinates":[-53.635276999999974,-18.683054999999968]},"properties":{"well_id":"3500023110","municipality":"Figueirão","aquifer":"Guarani","test_type":"Rebaixamento","test_date":"2005-11-15","static_level_m":4.4,"dynamic_level_m":85.6,"stabilized_yield":15.2,"interpretation_method":"UNKNOWN","source":"SGB_HIDRO_MS_2024_POCOS","evidence_code":"E08"}},{"type":"Feature","geometry":{"type":"Point","coordinates":[-54.56749999999994,-21.768054999999947]},"properties":{"well_id":"3500023267","municipality":"Rio Brilhante","aquifer":"Serra geral","test_type":"Rebaixamento","test_date":"1995-03-03","static_level_m":8.0,"dynamic_level_m":20.0,"stabilized_yield":44.0,"interpretation_method":"UNKNOWN","source":"SGB_HIDRO_MS_2024_POCOS","evidence_code":"E08"}},{"type":"Feature","geometry":{"type":"Point","coordinates":[-52.26527699999997,-21.72388799999993]},"properties":{"well_id":"3500023278","municipality":"Bataguassu","aquifer":"Bauru","test_type":"Escalonado","test_date":"1987-03-25","static_level_m":6.0,"dynamic_level_m":15.81,"stabilized_yield":60.9,"interpretation_method":"UNKNOWN","source":"SGB_HIDRO_MS_2024_POCOS","evidence_code":"E08"}},{"type":"Feature","geometry":{"type":"Point","coordinates":[-55.28361099999995,-23.91027699999995]},"properties":{"well_id":"3500023353","municipality":"Paranhos","aquifer":"Bauru","test_type":"Rebaixamento","test_date":"1989-03-17","static_level_m":9.08,"dynamic_level_m":52.76,"stabilized_yield":5.2,"interpretation_method":"UNKNOWN","source":"SGB_HIDRO_MS_2024_POCOS","evidence_code":"E08"}},{"type":"Feature","geometry":{"type":"Point","coordinates":[-53.16916699999996,-18.463332999999977]},"properties":{"well_id":"3500045665","municipality":"Costa Rica","aquifer":"Serra geral","test_type":"Rebaixamento","test_date":"2008-01-01","static_level_m":7.0,"dynamic_level_m":40.0,"stabilized_yield":10.0,"interpretation_method":"UNKNOWN","source":"SGB_HIDRO_MS_2024_POCOS","evidence_code":"E08"}},{"type":"Feature","geometry":{"type":"Point","coordinates":[-54.62861099999998,-20.48249999999996]},"properties":{"well_id":"3500022476","municipality":"Campo Grande","aquifer":"Serra geral","test_type":"Rebaixamento","test_date":"1990-12-19","static_level_m":6.0,"dynamic_level_m":62.0,"stabilized_yield":30.0,"interpretation_method":"UNKNOWN","source":"SGB_HIDRO_MS_2024_POCOS","evidence_code":"E08"}},{"type":"Feature","geometry":{"type":"Point","coordinates":[-55.48305499999998,-22.746665999999948]},"properties":{"well_id":"3500022752","municipality":"Aral Moreira","aquifer":"Serra geral","test_type":"Rebaixamento","test_date":"2001-01-18","static_level_m":16.0,"dynamic_level_m":23.0,"stabilized_yield":78.0,"interpretation_method":"UNKNOWN","source":"SGB_HIDRO_MS_2024_POCOS","evidence_code":"E08"}},{"type":"Feature","geometry":{"type":"Point","coordinates":[-55.019443999999964,-23.62972199999996]},"properties":{"well_id":"3500023349","municipality":"Tacuru","aquifer":"Caiua","test_type":"Escalonado","test_date":"1981-04-26","static_level_m":1.2,"dynamic_level_m":22.71,"stabilized_yield":30.4,"interpretation_method":"UNKNOWN","source":"SGB_HIDRO_MS_2024_POCOS","evidence_code":"E08"}},{"type":"Feature","geometry":{"type":"Point","coordinates":[-55.23472199999998,-23.10611099999994]},"properties":{"well_id":"3500022681","municipality":"Amambai","aquifer":"Guarani","test_type":"Rebaixamento","test_date":"1978-11-21","static_level_m":22.0,"dynamic_level_m":52.0,"stabilized_yield":45.0,"interpretation_method":"UNKNOWN","source":"SGB_HIDRO_MS_2024_POCOS","evidence_code":"E08"}},{"type":"Feature","geometry":{"type":"Point","coordinates":[-51.798055999999974,-20.99222199999997]},"properties":{"well_id":"3500045680","municipality":"Três Lagoas","aquifer":"Serra geral","test_type":"Recuperação","test_date":"2010-01-01","static_level_m":11.68,"dynamic_level_m":65.9,"stabilized_yield":0.0,"interpretation_method":"UNKNOWN","source":"SGB_HIDRO_MS_2024_POCOS","evidence_code":"E08"}},{"type":"Feature","geometry":{"type":"Point","coordinates":[-52.822776999999974,-21.299165999999957]},"properties":{"well_id":"3500023283","municipality":"Santa Rita do Pardo","aquifer":"","test_type":"Escalonado","test_date":"1981-07-21","static_level_m":14.89,"dynamic_level_m":77.02,"stabilized_yield":3.58,"interpretation_method":"UNKNOWN","source":"SGB_HIDRO_MS_2024_POCOS","evidence_code":"E08"}},{"type":"Feature","geometry":{"type":"Point","coordinates":[-55.352776999999946,-20.68083299999995]},"properties":{"well_id":"3500023208","municipality":"Dois Irmãos do Buriti","aquifer":"Guarani","test_type":"Rebaixamento","test_date":"1987-01-07","static_level_m":22.0,"dynamic_level_m":52.02,"stabilized_yield":9.0,"interpretation_method":"UNKNOWN","source":"SGB_HIDRO_MS_2024_POCOS","evidence_code":"E08"}},{"type":"Feature","geometry":{"type":"Point","coordinates":[-54.48611099999994,-22.138332999999932]},"properties":{"well_id":"3500022856","municipality":"Dourados","aquifer":"Guarani","test_type":"Rebaixamento","test_date":"1981-09-04","static_level_m":19.8,"dynamic_level_m":85.43,"stabilized_yield":7.0,"interpretation_method":"UNKNOWN","source":"SGB_HIDRO_MS_2024_POCOS","evidence_code":"E08"}},{"type":"Feature","geometry":{"type":"Point","coordinates":[-54.787221999999986,-22.07722199999995]},"properties":{"well_id":"3500022852","municipality":"Itaporã","aquifer":"Guarani","test_type":"Rebaixamento","test_date":"2003-10-16","static_level_m":7.2,"dynamic_level_m":15.84,"stabilized_yield":4.95,"interpretation_method":"UNKNOWN","source":"SGB_HIDRO_MS_2024_POCOS","evidence_code":"E08"}},{"type":"Feature","geometry":{"type":"Point","coordinates":[-54.58694399999996,-20.52444399999996]},"properties":{"well_id":"3500022500","municipality":"Campo Grande","aquifer":"Guarani","test_type":"Rebaixamento","test_date":"1995-09-12","static_level_m":14.0,"dynamic_level_m":41.0,"stabilized_yield":19.3,"interpretation_method":"UNKNOWN","source":"SGB_HIDRO_MS_2024_POCOS","evidence_code":"E08"}},{"type":"Feature","geometry":{"type":"Point","coordinates":[-54.82638799999995,-22.62805499999996]},"properties":{"well_id":"3500022694","municipality":"Caarapó","aquifer":"Serra geral","test_type":"Rebaixamento","test_date":"1986-11-29","static_level_m":13.1,"dynamic_level_m":38.5,"stabilized_yield":52.8,"interpretation_method":"UNKNOWN","source":"SGB_HIDRO_MS_2024_POCOS","evidence_code":"E08"}},{"type":"Feature","geometry":{"type":"Point","coordinates":[-54.956943999999964,-20.91388799999993]},"properties":{"well_id":"3500022810","municipality":"Sidrolândia","aquifer":"Guarani","test_type":"Rebaixamento","test_date":"1981-11-16","static_level_m":2.57,"dynamic_level_m":27.17,"stabilized_yield":52.8,"interpretation_method":"UNKNOWN","source":"SGB_HIDRO_MS_2024_POCOS","evidence_code":"E08"}},{"type":"Feature","geometry":{"type":"Point","coordinates":[-54.633332999999936,-20.459443999999962]},"properties":{"well_id":"3500022893","municipality":"Campo Grande","aquifer":"Guarani","test_type":"Rebaixamento","test_date":"1978-05-08","static_level_m":9.77,"dynamic_level_m":30.33,"stabilized_yield":42.35,"interpretation_method":"UNKNOWN","source":"SGB_HIDRO_MS_2024_POCOS","evidence_code":"E08"}},{"type":"Feature","geometry":{"type":"Point","coordinates":[-54.60888799999998,-20.520276999999965]},"properties":{"well_id":"3500022929","municipality":"Campo Grande","aquifer":"Guarani","test_type":"Rebaixamento","test_date":"2003-08-20","static_level_m":106.0,"dynamic_level_m":127.0,"stabilized_yield":323.0,"interpretation_method":"UNKNOWN","source":"SGB_HIDRO_MS_2024_POCOS","evidence_code":"E08"}},{"type":"Feature","geometry":{"type":"Point","coordinates":[-54.572221999999954,-20.478332999999964]},"properties":{"well_id":"3500022503","municipality":"Campo Grande","aquifer":"Serra geral","test_type":"Rebaixamento","test_date":"1985-04-02","static_level_m":2.5,"dynamic_level_m":7.87,"stabilized_yield":26.0,"interpretation_method":"UNKNOWN","source":"SGB_HIDRO_MS_2024_POCOS","evidence_code":"E08"}},{"type":"Feature","geometry":{"type":"Point","coordinates":[-54.57777699999997,-20.540554999999927]},"properties":{"well_id":"3500022519","municipality":"Campo Grande","aquifer":"Serra geral","test_type":"Rebaixamento","test_date":"1994-10-24","static_level_m":18.0,"dynamic_level_m":42.0,"stabilized_yield":16.0,"interpretation_method":"UNKNOWN","source":"SGB_HIDRO_MS_2024_POCOS","evidence_code":"E08"}},{"type":"Feature","geometry":{"type":"Point","coordinates":[-54.75583299999994,-20.480276999999944]},"properties":{"well_id":"3500022531","municipality":"Campo Grande","aquifer":"Serra geral","test_type":"Rebaixamento","test_date":"1992-10-09","static_level_m":12.0,"dynamic_level_m":25.0,"stabilized_yield":13.2,"interpretation_method":"UNKNOWN","source":"SGB_HIDRO_MS_2024_POCOS","evidence_code":"E08"}},{"type":"Feature","geometry":{"type":"Point","coordinates":[-51.92833299999995,-19.724999999999966]},"properties":{"well_id":"3500022571","municipality":"Inocência","aquifer":"Serra geral","test_type":"Rebaixamento","test_date":"1995-03-17","static_level_m":26.32,"dynamic_level_m":82.45,"stabilized_yield":10.44,"interpretation_method":"UNKNOWN","source":"SGB_HIDRO_MS_2024_POCOS","evidence_code":"E08"}},{"type":"Feature","geometry":{"type":"Point","coordinates":[-51.93055499999997,-19.73222199999998]},"properties":{"well_id":"3500022572","municipality":"Inocência","aquifer":"Serra geral","test_type":"Rebaixamento","test_date":"1987-06-18","static_level_m":39.1,"dynamic_level_m":71.25,"stabilized_yield":11.4,"interpretation_method":"UNKNOWN","source":"SGB_HIDRO_MS_2024_POCOS","evidence_code":"E08"}},{"type":"Feature","geometry":{"type":"Point","coordinates":[-55.80472199999997,-20.451665999999932]},"properties":{"well_id":"3500022765","municipality":"Aquidauana","aquifer":"Furnas","test_type":"Rebaixamento","test_date":"1982-09-25","static_level_m":10.38,"dynamic_level_m":24.22,"stabilized_yield":2.04,"interpretation_method":"UNKNOWN","source":"SGB_HIDRO_MS_2024_POCOS","evidence_code":"E08"}},{"type":"Feature","geometry":{"type":"Point","coordinates":[-54.56472199999996,-20.46999999999997]},"properties":{"well_id":"3500022954","municipality":"Campo Grande","aquifer":"Serra geral","test_type":"Rebaixamento","test_date":"1994-08-23","static_level_m":7.0,"dynamic_level_m":44.0,"stabilized_yield":11.12,"interpretation_method":"UNKNOWN","source":"SGB_HIDRO_MS_2024_POCOS","evidence_code":"E08"}},{"type":"Feature","geometry":{"type":"Point","coordinates":[-54.59027699999996,-18.235832999999957]},"properties":{"well_id":"3500023000","municipality":"Pedro Gomes","aquifer":"Furnas","test_type":"Rebaixamento","test_date":"1994-10-16","static_level_m":0.0,"dynamic_level_m":34.0,"stabilized_yield":84.0,"interpretation_method":"UNKNOWN","source":"SGB_HIDRO_MS_2024_POCOS","evidence_code":"E08"}},{"type":"Feature","geometry":{"type":"Point","coordinates":[-54.631110999999976,-18.55666599999995]},"properties":{"well_id":"3500023010","municipality":"Coxim","aquifer":"Furnas","test_type":"Rebaixamento","test_date":"1998-09-17","static_level_m":22.0,"dynamic_level_m":63.46,"stabilized_yield":11.0,"interpretation_method":"UNKNOWN","source":"SGB_HIDRO_MS_2024_POCOS","evidence_code":"E08"}},{"type":"Feature","geometry":{"type":"Point","coordinates":[-54.95138799999995,-19.41916599999996]},"properties":{"well_id":"3500023111","municipality":"Rio Negro","aquifer":"Furnas","test_type":"Rebaixamento","test_date":"2007-06-11","static_level_m":10.5,"dynamic_level_m":55.5,"stabilized_yield":32.5,"interpretation_method":"UNKNOWN","source":"SGB_HIDRO_MS_2024_POCOS","evidence_code":"E08"}},{"type":"Feature","geometry":{"type":"Point","coordinates":[-56.11833299999995,-21.46222199999994]},"properties":{"well_id":"3500026940","municipality":"Guia Lopes da Laguna","aquifer":"","test_type":"Rebaixamento","test_date":"2009-02-15","static_level_m":9.0,"dynamic_level_m":21.0,"stabilized_yield":0.0,"interpretation_method":"UNKNOWN","source":"SGB_HIDRO_MS_2024_POCOS","evidence_code":"E08"}},{"type":"Feature","geometry":{"type":"Point","coordinates":[-54.58444399999996,-19.402499999999975]},"properties":{"well_id":"3500023235","municipality":"São Gabriel do Oeste","aquifer":"","test_type":"Rebaixamento","test_date":"1995-07-10","static_level_m":20.0,"dynamic_level_m":23.5,"stabilized_yield":29.0,"interpretation_method":"UNKNOWN","source":"SGB_HIDRO_MS_2024_POCOS","evidence_code":"E08"}},{"type":"Feature","geometry":{"type":"Point","coordinates":[-55.62861099999998,-22.948054999999954]},"properties":{"well_id":"3500023157","municipality":"Aral Moreira","aquifer":"","test_type":"Rebaixamento","test_date":"1978-12-01","static_level_m":11.0,"dynamic_level_m":60.0,"stabilized_yield":1.2,"interpretation_method":"UNKNOWN","source":"SGB_HIDRO_MS_2024_POCOS","evidence_code":"E08"}},{"type":"Feature","geometry":{"type":"Point","coordinates":[-54.519721999999945,-20.551943999999935]},"properties":{"well_id":"3500067386","municipality":"Campo Grande","aquifer":"Serra geral","test_type":"Rebaixamento","test_date":"2017-08-18","static_level_m":10.7,"dynamic_level_m":50.0,"stabilized_yield":14.0,"interpretation_method":"UNKNOWN","source":"SGB_HIDRO_MS_2024_POCOS","evidence_code":"E08"}},{"type":"Feature","geometry":{"type":"Point","coordinates":[-53.98611099999994,-19.87833299999994]},"properties":{"well_id":"3500067388","municipality":"Bandeirantes","aquifer":"Guarani","test_type":"Rebaixamento","test_date":"2007-11-13","static_level_m":37.7,"dynamic_level_m":39.2,"stabilized_yield":21.0,"interpretation_method":"UNKNOWN","source":"SGB_HIDRO_MS_2024_POCOS","evidence_code":"E08"}},{"type":"Feature","geometry":{"type":"Point","coordinates":[-54.120555999999965,-19.874721999999963]},"properties":{"well_id":"3500067494","municipality":"Bandeirantes","aquifer":"Serra geral","test_type":"Rebaixamento","test_date":"2017-11-01","static_level_m":7.8,"dynamic_level_m":29.5,"stabilized_yield":23.0,"interpretation_method":"UNKNOWN","source":"SGB_HIDRO_MS_2024_POCOS","evidence_code":"E08"}},{"type":"Feature","geometry":{"type":"Point","coordinates":[-54.88361099999997,-19.95666699999998]},"properties":{"well_id":"3500030645","municipality":"Rochedo","aquifer":"","test_type":"Rebaixamento","test_date":"1995-01-24","static_level_m":37.0,"dynamic_level_m":54.1,"stabilized_yield":18.0,"interpretation_method":"UNKNOWN","source":"SGB_HIDRO_MS_2024_POCOS","evidence_code":"E08"}},{"type":"Feature","geometry":{"type":"Point","coordinates":[-56.23583299999996,-21.643055999999945]},"properties":{"well_id":"3500030621","municipality":"Jardim","aquifer":"Guarani","test_type":"Rebaixamento","test_date":"2011-09-06","static_level_m":14.0,"dynamic_level_m":23.0,"stabilized_yield":10.5,"interpretation_method":"UNKNOWN","source":"SGB_HIDRO_MS_2024_POCOS","evidence_code":"E08"}},{"type":"Feature","geometry":{"type":"Point","coordinates":[-54.84694399999995,-18.924166999999954]},"properties":{"well_id":"3500030636","municipality":"Rio Verde de Mato Grosso","aquifer":"Ponta grossa","test_type":"Rebaixamento","test_date":"1992-09-20","static_level_m":7.0,"dynamic_level_m":37.0,"stabilized_yield":37.2,"interpretation_method":"UNKNOWN","source":"SGB_HIDRO_MS_2024_POCOS","evidence_code":"E08"}},{"type":"Feature","geometry":{"type":"Point","coordinates":[-57.40388799999994,-19.392499999999927]},"properties":{"well_id":"3500022679","municipality":"Corumbá","aquifer":"Rocha sedimentar","test_type":"Rebaixamento","test_date":"1958-06-05","static_level_m":9.8,"dynamic_level_m":24.0,"stabilized_yield":30.0,"interpretation_method":"UNKNOWN","source":"SGB_HIDRO_MS_2024_POCOS","evidence_code":"E08"}},{"type":"Feature","geometry":{"type":"Point","coordinates":[-54.405276999999955,-23.892776999999967]},"properties":{"well_id":"3500022711","municipality":"Japorã","aquifer":"Caiua","test_type":"Rebaixamento","test_date":"1982-03-23","static_level_m":23.36,"dynamic_level_m":81.29,"stabilized_yield":26.4,"interpretation_method":"UNKNOWN","source":"SGB_HIDRO_MS_2024_POCOS","evidence_code":"E08"}},{"type":"Feature","geometry":{"type":"Point","coordinates":[-55.726665999999966,-22.531665999999973]},"properties":{"well_id":"3500022729","municipality":"Ponta Porã","aquifer":"Serra geral","test_type":"Rebaixamento","test_date":"1978-08-01","static_level_m":6.0,"dynamic_level_m":29.2,"stabilized_yield":77.7,"interpretation_method":"UNKNOWN","source":"SGB_HIDRO_MS_2024_POCOS","evidence_code":"E08"}},{"type":"Feature","geometry":{"type":"Point","coordinates":[-55.71749999999997,-22.51444399999997]},"properties":{"well_id":"3500022733","municipality":"Ponta Porã","aquifer":"Serra geral","test_type":"Rebaixamento","test_date":"1981-11-27","static_level_m":11.6,"dynamic_level_m":52.0,"stabilized_yield":9.8,"interpretation_method":"UNKNOWN","source":"SGB_HIDRO_MS_2024_POCOS","evidence_code":"E08"}},{"type":"Feature","geometry":{"type":"Point","coordinates":[-55.72972199999998,-22.48222199999998]},"properties":{"well_id":"3500022737","municipality":"Ponta Porã","aquifer":"Serra geral","test_type":"Rebaixamento","test_date":"1986-11-30","static_level_m":2.0,"dynamic_level_m":48.0,"stabilized_yield":28.0,"interpretation_method":"UNKNOWN","source":"SGB_HIDRO_MS_2024_POCOS","evidence_code":"E08"}},{"type":"Feature","geometry":{"type":"Point","coordinates":[-52.62138799999997,-18.798610999999937]},"properties":{"well_id":"3500023003","municipality":"Chapadão do Sul","aquifer":"Coberturas sedimentares Indiferenciadas","test_type":"Rebaixamento","test_date":"2001-10-26","static_level_m":48.0,"dynamic_level_m":54.0,"stabilized_yield":14.94,"interpretation_method":"UNKNOWN","source":"SGB_HIDRO_MS_2024_POCOS","evidence_code":"E08"}},{"type":"Feature","geometry":{"type":"Point","coordinates":[-55.02583299999998,-20.685276999999928]},"properties":{"well_id":"3500023013","municipality":"Terenos","aquifer":"Guarani","test_type":"Rebaixamento","test_date":"2002-03-08","static_level_m":60.0,"dynamic_level_m":90.0,"stabilized_yield":14.0,"interpretation_method":"UNKNOWN","source":"SGB_HIDRO_MS_2024_POCOS","evidence_code":"E08"}},{"type":"Feature","geometry":{"type":"Point","coordinates":[-53.34055499999994,-22.254443999999978]},"properties":{"well_id":"3500023051","municipality":"Nova Andradina","aquifer":"Caiua","test_type":"Rebaixamento","test_date":"1991-01-12","static_level_m":18.4,"dynamic_level_m":68.9,"stabilized_yield":132.0,"interpretation_method":"UNKNOWN","source":"SGB_HIDRO_MS_2024_POCOS","evidence_code":"E08"}},{"type":"Feature","geometry":{"type":"Point","coordinates":[-57.50027699999998,-19.309721999999965]},"properties":{"well_id":"3500023120","municipality":"Corumbá","aquifer":"Não definido","test_type":"Rebaixamento","test_date":"1989-04-12","static_level_m":34.23,"dynamic_level_m":111.05,"stabilized_yield":7.7,"interpretation_method":"UNKNOWN","source":"SGB_HIDRO_MS_2024_POCOS","evidence_code":"E08"}},{"type":"Feature","geometry":{"type":"Point","coordinates":[-54.955277999999964,-23.64888899999994]},"properties":{"well_id":"3500067703","municipality":"Tacuru","aquifer":"Caiua","test_type":"Rebaixamento","test_date":"2018-10-24","static_level_m":32.0,"dynamic_level_m":53.0,"stabilized_yield":21.0,"interpretation_method":"UNKNOWN","source":"SGB_HIDRO_MS_2024_POCOS","evidence_code":"E08"}},{"type":"Feature","geometry":{"type":"Point","coordinates":[-52.582221999999945,-19.11666699999995]},"properties":{"well_id":"3500067706","municipality":"Chapadão do Sul","aquifer":"Caiua","test_type":"Rebaixamento","test_date":"2018-12-20","static_level_m":52.4,"dynamic_level_m":64.4,"stabilized_yield":16.0,"interpretation_method":"UNKNOWN","source":"SGB_HIDRO_MS_2024_POCOS","evidence_code":"E08"}},{"type":"Feature","geometry":{"type":"Point","coordinates":[-56.27666599999998,-21.688887999999963]},"properties":{"well_id":"3500023348","municipality":"Jardim","aquifer":"Guarani","test_type":"Escalonado","test_date":"1987-02-19","static_level_m":28.53,"dynamic_level_m":47.46,"stabilized_yield":29.3,"interpretation_method":"UNKNOWN","source":"SGB_HIDRO_MS_2024_POCOS","evidence_code":"E08"}},{"type":"Feature","geometry":{"type":"Point","coordinates":[-53.63749999999993,-18.67999999999995]},"properties":{"well_id":"3500023239","municipality":"Figueirão","aquifer":"Guarani","test_type":"Escalonado","test_date":"1984-06-09","static_level_m":0.0,"dynamic_level_m":40.62,"stabilized_yield":17.56,"interpretation_method":"UNKNOWN","source":"SGB_HIDRO_MS_2024_POCOS","evidence_code":"E08"}},{"type":"Feature","geometry":{"type":"Point","coordinates":[-52.25055499999996,-21.726110999999946]},"properties":{"well_id":"3500023281","municipality":"Bataguassu","aquifer":"Bauru","test_type":"Escalonado","test_date":"1986-02-24","static_level_m":3.5,"dynamic_level_m":30.02,"stabilized_yield":6.0,"interpretation_method":"UNKNOWN","source":"SGB_HIDRO_MS_2024_POCOS","evidence_code":"E08"}},{"type":"Feature","geometry":{"type":"Point","coordinates":[-51.74361099999993,-20.783887999999934]},"properties":{"well_id":"3500023301","municipality":"Três Lagoas","aquifer":"Bauru","test_type":"Rebaixamento","test_date":"1997-12-03","static_level_m":31.0,"dynamic_level_m":39.0,"stabilized_yield":24.0,"interpretation_method":"UNKNOWN","source":"SGB_HIDRO_MS_2024_POCOS","evidence_code":"E08"}},{"type":"Feature","geometry":{"type":"Point","coordinates":[-54.819443999999976,-22.64138799999995]},"properties":{"well_id":"3500023367","municipality":"Caarapó","aquifer":"Serra geral","test_type":"Rebaixamento","test_date":"1978-07-20","static_level_m":12.9,"dynamic_level_m":23.05,"stabilized_yield":25.8,"interpretation_method":"UNKNOWN","source":"SGB_HIDRO_MS_2024_POCOS","evidence_code":"E08"}},{"type":"Feature","geometry":{"type":"Point","coordinates":[-54.81166699999994,-22.611388999999974]},"properties":{"well_id":"3500026930","municipality":"Caarapó","aquifer":"Serra geral","test_type":"Rebaixamento","test_date":"2007-06-15","static_level_m":25.0,"dynamic_level_m":72.0,"stabilized_yield":22.0,"interpretation_method":"UNKNOWN","source":"SGB_HIDRO_MS_2024_POCOS","evidence_code":"E08"}},{"type":"Feature","geometry":{"type":"Point","coordinates":[-54.53027799999995,-20.47055599999993]},"properties":{"well_id":"3500045683","municipality":"Campo Grande","aquifer":"Caiua","test_type":"Rebaixamento","test_date":"2011-01-01","static_level_m":51.0,"dynamic_level_m":70.4,"stabilized_yield":47.0,"interpretation_method":"UNKNOWN","source":"SGB_HIDRO_MS_2024_POCOS","evidence_code":"E08"}},{"type":"Feature","geometry":{"type":"Point","coordinates":[-52.31277799999998,-21.682777999999928]},"properties":{"well_id":"3500045687","municipality":"Bataguassu","aquifer":"Caiua","test_type":"Rebaixamento","test_date":"2011-01-01","static_level_m":25.5,"dynamic_level_m":27.15,"stabilized_yield":4.0,"interpretation_method":"UNKNOWN","source":"SGB_HIDRO_MS_2024_POCOS","evidence_code":"E08"}},{"type":"Feature","geometry":{"type":"Point","coordinates":[-54.622221999999965,-20.521388999999942]},"properties":{"well_id":"3500065049","municipality":"Campo Grande","aquifer":"Serra geral","test_type":"Rebaixamento","test_date":"2013-03-19","static_level_m":12.0,"dynamic_level_m":42.0,"stabilized_yield":0.0,"interpretation_method":"UNKNOWN","source":"SGB_HIDRO_MS_2024_POCOS","evidence_code":"E08"}},{"type":"Feature","geometry":{"type":"Point","coordinates":[-53.34861099999995,-22.485555999999974]},"properties":{"well_id":"3500065073","municipality":"Taquarussu","aquifer":"Caiua","test_type":"Continuo","test_date":"1988-08-04","static_level_m":8.6,"dynamic_level_m":31.1,"stabilized_yield":36.0,"interpretation_method":"UNKNOWN","source":"SGB_HIDRO_MS_2024_POCOS","evidence_code":"E08"}},{"type":"Feature","geometry":{"type":"Point","coordinates":[-53.393332999999984,-22.563332999999943]},"properties":{"well_id":"3500065076","municipality":"Taquarussu","aquifer":"Caiua","test_type":"Rebaixamento","test_date":"1990-08-06","static_level_m":6.0,"dynamic_level_m":44.25,"stabilized_yield":65.0,"interpretation_method":"UNKNOWN","source":"SGB_HIDRO_MS_2024_POCOS","evidence_code":"E08"}},{"type":"Feature","geometry":{"type":"Point","coordinates":[-54.86111099999994,-20.427777999999932]},"properties":{"well_id":"3500065077","municipality":"Terenos","aquifer":"Serra geral","test_type":"Rebaixamento","test_date":"2016-09-26","static_level_m":62.78,"dynamic_level_m":65.85,"stabilized_yield":3.81,"interpretation_method":"UNKNOWN","source":"SGB_HIDRO_MS_2024_POCOS","evidence_code":"E08"}},{"type":"Feature","geometry":{"type":"Point","coordinates":[-51.723888999999986,-20.807221999999967]},"properties":{"well_id":"3500065083","municipality":"Três Lagoas","aquifer":"Caiua","test_type":"Rebaixamento","test_date":"2000-06-20","static_level_m":5.5,"dynamic_level_m":17.0,"stabilized_yield":113.0,"interpretation_method":"UNKNOWN","source":"SGB_HIDRO_MS_2024_POCOS","evidence_code":"E08"}},{"type":"Feature","geometry":{"type":"Point","coordinates":[-54.04138799999998,-19.526665999999977]},"properties":{"well_id":"3500022594","municipality":"Camapuã","aquifer":"Guarani","test_type":"Rebaixamento","test_date":"1988-10-01","static_level_m":25.9,"dynamic_level_m":69.0,"stabilized_yield":12.8,"interpretation_method":"UNKNOWN","source":"SGB_HIDRO_MS_2024_POCOS","evidence_code":"E08"}},{"type":"Feature","geometry":{"type":"Point","coordinates":[-54.041110999999944,-19.526110999999958]},"properties":{"well_id":"3500065022","municipality":"Camapuã","aquifer":"Guarani","test_type":"Rebaixamento","test_date":"1988-09-16","static_level_m":25.9,"dynamic_level_m":81.9,"stabilized_yield":24.2,"interpretation_method":"UNKNOWN","source":"SGB_HIDRO_MS_2024_POCOS","evidence_code":"E08"}},{"type":"Feature","geometry":{"type":"Point","coordinates":[-54.04277799999994,-19.524166999999977]},"properties":{"well_id":"3500065024","municipality":"Camapuã","aquifer":"Guarani","test_type":"Continuo","test_date":"2001-03-24","static_level_m":20.5,"dynamic_level_m":96.1,"stabilized_yield":16.16,"interpretation_method":"UNKNOWN","source":"SGB_HIDRO_MS_2024_POCOS","evidence_code":"E08"}},{"type":"Feature","geometry":{"type":"Point","coordinates":[-55.96055599999994,-22.183888999999965]},"properties":{"well_id":"3500065007","municipality":"Antônio João","aquifer":"Serra geral","test_type":"Rebaixamento","test_date":"2011-09-07","static_level_m":14.87,"dynamic_level_m":120.03,"stabilized_yield":44.0,"interpretation_method":"UNKNOWN","source":"SGB_HIDRO_MS_2024_POCOS","evidence_code":"E08"}},{"type":"Feature","geometry":{"type":"Point","coordinates":[-54.61805599999997,-20.445555999999954]},"properties":{"well_id":"3500065028","municipality":"Campo Grande","aquifer":"Serra geral","test_type":"Rebaixamento","test_date":"2003-06-23","static_level_m":50.0,"dynamic_level_m":70.0,"stabilized_yield":8.0,"interpretation_method":"UNKNOWN","source":"SGB_HIDRO_MS_2024_POCOS","evidence_code":"E08"}},{"type":"Feature","geometry":{"type":"Point","coordinates":[-54.37999999999994,-21.459721999999942]},"properties":{"well_id":"3500026932","municipality":"Nova Alvorada do Sul","aquifer":"Serra geral","test_type":"Rebaixamento","test_date":"2008-11-01","static_level_m":18.0,"dynamic_level_m":32.0,"stabilized_yield":7.0,"interpretation_method":"UNKNOWN","source":"SGB_HIDRO_MS_2024_POCOS","evidence_code":"E08"}},{"type":"Feature","geometry":{"type":"Point","coordinates":[-53.39944399999996,-22.312499999999943]},"properties":{"well_id":"3500026949","municipality":"Nova Andradina","aquifer":"Caiua","test_type":"Rebaixamento","test_date":"2008-07-15","static_level_m":10.02,"dynamic_level_m":34.5,"stabilized_yield":22.2,"interpretation_method":"UNKNOWN","source":"SGB_HIDRO_MS_2024_POCOS","evidence_code":"E08"}},{"type":"Feature","geometry":{"type":"Point","coordinates":[-54.81388899999996,-22.59499999999997]},"properties":{"well_id":"3500026958","municipality":"Caarapó","aquifer":"Serra geral","test_type":"Rebaixamento","test_date":"2009-02-25","static_level_m":37.0,"dynamic_level_m":72.16,"stabilized_yield":36.7,"interpretation_method":"UNKNOWN","source":"SGB_HIDRO_MS_2024_POCOS","evidence_code":"E08"}},{"type":"Feature","geometry":{"type":"Point","coordinates":[-52.411388999999986,-21.69916699999993]},"properties":{"well_id":"3500026963","municipality":"Bataguassu","aquifer":"Bauru","test_type":"Rebaixamento","test_date":"2006-10-10","static_level_m":10.0,"dynamic_level_m":22.0,"stabilized_yield":30.0,"interpretation_method":"UNKNOWN","source":"SGB_HIDRO_MS_2024_POCOS","evidence_code":"E08"}},{"type":"Feature","geometry":{"type":"Point","coordinates":[-54.12972199999996,-22.18777799999998]},"properties":{"well_id":"3500026964","municipality":"Deodápolis","aquifer":"Bauru","test_type":"Rebaixamento","test_date":"2006-10-11","static_level_m":12.0,"dynamic_level_m":30.0,"stabilized_yield":3.6,"interpretation_method":"UNKNOWN","source":"SGB_HIDRO_MS_2024_POCOS","evidence_code":"E08"}},{"type":"Feature","geometry":{"type":"Point","coordinates":[-54.602499999999964,-22.864165999999955]},"properties":{"well_id":"3500023366","municipality":"Juti","aquifer":"Serra geral","test_type":"Escalonado","test_date":"1980-09-02","static_level_m":7.6,"dynamic_level_m":90.0,"stabilized_yield":6.7,"interpretation_method":"UNKNOWN","source":"SGB_HIDRO_MS_2024_POCOS","evidence_code":"E08"}},{"type":"Feature","geometry":{"type":"Point","coordinates":[-51.10499999999996,-20.073887999999954]},"properties":{"well_id":"3500023318","municipality":"Aparecida do Taboado","aquifer":"Serra geral","test_type":"Rebaixamento","test_date":"1981-07-07","static_level_m":10.31,"dynamic_level_m":96.81,"stabilized_yield":13.2,"interpretation_method":"UNKNOWN","source":"SGB_HIDRO_MS_2024_POCOS","evidence_code":"E08"}},{"type":"Feature","geometry":{"type":"Point","coordinates":[-55.72805499999998,-22.530832999999973]},"properties":{"well_id":"3500022743","municipality":"Ponta Porã","aquifer":"Guarani","test_type":"Rebaixamento","test_date":"1999-01-02","static_level_m":264.0,"dynamic_level_m":297.0,"stabilized_yield":256.0,"interpretation_method":"UNKNOWN","source":"SGB_HIDRO_MS_2024_POCOS","evidence_code":"E08"}},{"type":"Feature","geometry":{"type":"Point","coordinates":[-54.36666699999995,-21.466666999999973]},"properties":{"well_id":"3500026933","municipality":"Nova Alvorada do Sul","aquifer":"Serra geral","test_type":"Rebaixamento","test_date":"2005-09-07","static_level_m":6.0,"dynamic_level_m":78.0,"stabilized_yield":20.0,"interpretation_method":"UNKNOWN","source":"SGB_HIDRO_MS_2024_POCOS","evidence_code":"E08"}},{"type":"Feature","geometry":{"type":"Point","coordinates":[-55.759721999999954,-20.45305499999995]},"properties":{"well_id":"3500023193","municipality":"Aquidauana","aquifer":"","test_type":"Rebaixamento","test_date":"1982-07-15","static_level_m":17.0,"dynamic_level_m":32.0,"stabilized_yield":15.0,"interpretation_method":"UNKNOWN","source":"SGB_HIDRO_MS_2024_POCOS","evidence_code":"E08"}},{"type":"Feature","geometry":{"type":"Point","coordinates":[-52.873887999999965,-20.446665999999937]},"properties":{"well_id":"3500023125","municipality":"Água Clara","aquifer":"","test_type":"Escalonado","test_date":"1979-12-21","static_level_m":10.5,"dynamic_level_m":43.97,"stabilized_yield":10.0,"interpretation_method":"UNKNOWN","source":"SGB_HIDRO_MS_2024_POCOS","evidence_code":"E08"}},{"type":"Feature","geometry":{"type":"Point","coordinates":[-54.89027699999997,-19.95305499999995]},"properties":{"well_id":"3500023213","municipality":"Rochedo","aquifer":"","test_type":"Rebaixamento","test_date":"1978-10-04","static_level_m":13.5,"dynamic_level_m":17.0,"stabilized_yield":29.94,"interpretation_method":"UNKNOWN","source":"SGB_HIDRO_MS_2024_POCOS","evidence_code":"E08"}},{"type":"Feature","geometry":{"type":"Point","coordinates":[-51.811665999999946,-19.095554999999933]},"properties":{"well_id":"3500023326","municipality":"Cassilândia","aquifer":"Guarani","test_type":"Rebaixamento","test_date":"1987-12-01","static_level_m":22.56,"dynamic_level_m":58.72,"stabilized_yield":11.8,"interpretation_method":"UNKNOWN","source":"SGB_HIDRO_MS_2024_POCOS","evidence_code":"E08"}},{"type":"Feature","geometry":{"type":"Point","coordinates":[-52.82111099999997,-21.304443999999933]},"properties":{"well_id":"3500023284","municipality":"Santa Rita do Pardo","aquifer":"Bauru","test_type":"Rebaixamento","test_date":"1994-07-10","static_level_m":11.0,"dynamic_level_m":25.4,"stabilized_yield":28.5,"interpretation_method":"UNKNOWN","source":"SGB_HIDRO_MS_2024_POCOS","evidence_code":"E08"}},{"type":"Feature","geometry":{"type":"Point","coordinates":[-55.27305499999994,-20.684165999999948]},"properties":{"well_id":"3500023196","municipality":"Dois Irmãos do Buriti","aquifer":"Guarani","test_type":"Rebaixamento","test_date":"1985-03-23","static_level_m":30.2,"dynamic_level_m":41.08,"stabilized_yield":11.63,"interpretation_method":"UNKNOWN","source":"SGB_HIDRO_MS_2024_POCOS","evidence_code":"E08"}},{"type":"Feature","geometry":{"type":"Point","coordinates":[-54.31111099999998,-21.86944399999993]},"properties":{"well_id":"3500045674","municipality":"Rio Brilhante","aquifer":"Serra geral","test_type":"Rebaixamento","test_date":"2010-01-01","static_level_m":10.0,"dynamic_level_m":15.0,"stabilized_yield":12.0,"interpretation_method":"UNKNOWN","source":"SGB_HIDRO_MS_2024_POCOS","evidence_code":"E08"}},{"type":"Feature","geometry":{"type":"Point","coordinates":[-54.62416699999994,-20.53527799999995]},"properties":{"well_id":"3500045679","municipality":"Campo Grande","aquifer":"Serra geral","test_type":"Rebaixamento","test_date":"2008-01-01","static_level_m":12.0,"dynamic_level_m":42.0,"stabilized_yield":38.85,"interpretation_method":"UNKNOWN","source":"SGB_HIDRO_MS_2024_POCOS","evidence_code":"E08"}},{"type":"Feature","geometry":{"type":"Point","coordinates":[-56.70027799999997,-20.133332999999936]},"properties":{"well_id":"3500045684","municipality":"Miranda","aquifer":"Cuiaba","test_type":"Rebaixamento","test_date":"2010-02-24","static_level_m":10.0,"dynamic_level_m":58.0,"stabilized_yield":5.28,"interpretation_method":"UNKNOWN","source":"SGB_HIDRO_MS_2024_POCOS","evidence_code":"E08"}},{"type":"Feature","geometry":{"type":"Point","coordinates":[-54.89138899999995,-20.35583299999996]},"properties":{"well_id":"3500045688","municipality":"Terenos","aquifer":"Serra geral","test_type":"Rebaixamento","test_date":"2011-06-21","static_level_m":10.5,"dynamic_level_m":66.0,"stabilized_yield":4.0,"interpretation_method":"UNKNOWN","source":"SGB_HIDRO_MS_2024_POCOS","evidence_code":"E08"}},{"type":"Feature","geometry":{"type":"Point","coordinates":[-54.788332999999966,-22.312499999999943]},"properties":{"well_id":"3500053079","municipality":"Dourados","aquifer":"Serra geral","test_type":"Rebaixamento","test_date":"1998-01-01","static_level_m":21.0,"dynamic_level_m":45.0,"stabilized_yield":99.0,"interpretation_method":"UNKNOWN","source":"SGB_HIDRO_MS_2024_POCOS","evidence_code":"E08"}},{"type":"Feature","geometry":{"type":"Point","coordinates":[-54.791110999999944,-22.676388999999972]},"properties":{"well_id":"3500053089","municipality":"Caarapó","aquifer":"Serra geral","test_type":"Rebaixamento","test_date":"2010-01-01","static_level_m":17.0,"dynamic_level_m":33.0,"stabilized_yield":7.5,"interpretation_method":"UNKNOWN","source":"SGB_HIDRO_MS_2024_POCOS","evidence_code":"E08"}},{"type":"Feature","geometry":{"type":"Point","coordinates":[-54.559166999999945,-20.459443999999962]},"properties":{"well_id":"3500065030","municipality":"Campo Grande","aquifer":"Serra geral","test_type":"Rebaixamento","test_date":"2016-04-05","static_level_m":12.12,"dynamic_level_m":16.18,"stabilized_yield":3.0,"interpretation_method":"UNKNOWN","source":"SGB_HIDRO_MS_2024_POCOS","evidence_code":"E08"}},{"type":"Feature","geometry":{"type":"Point","coordinates":[-54.57583299999993,-20.464443999999958]},"properties":{"well_id":"3500065032","municipality":"Campo Grande","aquifer":"Serra geral","test_type":"Rebaixamento","test_date":"2016-03-30","static_level_m":13.0,"dynamic_level_m":18.0,"stabilized_yield":8.01,"interpretation_method":"UNKNOWN","source":"SGB_HIDRO_MS_2024_POCOS","evidence_code":"E08"}},{"type":"Feature","geometry":{"type":"Point","coordinates":[-53.59694399999995,-22.383055999999954]},"properties":{"well_id":"3500065061","municipality":"Ivinhema","aquifer":"Caiua","test_type":"Rebaixamento","test_date":"1981-06-18","static_level_m":16.7,"dynamic_level_m":45.3,"stabilized_yield":60.9,"interpretation_method":"UNKNOWN","source":"SGB_HIDRO_MS_2024_POCOS","evidence_code":"E08"}},{"type":"Feature","geometry":{"type":"Point","coordinates":[-53.850277999999946,-22.655555999999933]},"properties":{"well_id":"3500065065","municipality":"Novo Horizonte do Sul","aquifer":"Caiua","test_type":"Rebaixamento","test_date":"1994-05-12","static_level_m":9.5,"dynamic_level_m":96.7,"stabilized_yield":9.0,"interpretation_method":"UNKNOWN","source":"SGB_HIDRO_MS_2024_POCOS","evidence_code":"E08"}},{"type":"Feature","geometry":{"type":"Point","coordinates":[-54.535555999999985,-21.808888999999965]},"properties":{"well_id":"3500065069","municipality":"Rio Brilhante","aquifer":"Serra geral","test_type":"Continuo","test_date":"1989-09-21","static_level_m":13.0,"dynamic_level_m":23.0,"stabilized_yield":31.1,"interpretation_method":"UNKNOWN","source":"SGB_HIDRO_MS_2024_POCOS","evidence_code":"E08"}},{"type":"Feature","geometry":{"type":"Point","coordinates":[-51.414999999999964,-20.359721999999977]},"properties":{"well_id":"3500065074","municipality":"Selvíria","aquifer":"Caiua","test_type":"Rebaixamento","test_date":"2016-07-22","static_level_m":16.78,"dynamic_level_m":19.15,"stabilized_yield":6.34,"interpretation_method":"UNKNOWN","source":"SGB_HIDRO_MS_2024_POCOS","evidence_code":"E08"}},{"type":"Feature","geometry":{"type":"Point","coordinates":[-53.63777799999997,-18.676943999999935]},"properties":{"well_id":"3500065056","municipality":"Figueirão","aquifer":"Guarani","test_type":"Rebaixamento","test_date":"2013-01-20","static_level_m":7.4,"dynamic_level_m":66.0,"stabilized_yield":58.6,"interpretation_method":"UNKNOWN","source":"SGB_HIDRO_MS_2024_POCOS","evidence_code":"E08"}},{"type":"Feature","geometry":{"type":"Point","coordinates":[-52.87583299999994,-20.43027799999993]},"properties":{"well_id":"3500064999","municipality":"Água Clara","aquifer":"Serra geral","test_type":"Rebaixamento","test_date":"2008-12-07","static_level_m":12.8,"dynamic_level_m":79.58,"stabilized_yield":0.0,"interpretation_method":"UNKNOWN","source":"SGB_HIDRO_MS_2024_POCOS","evidence_code":"E08"}},{"type":"Feature","geometry":{"type":"Point","coordinates":[-52.87472199999996,-20.43999999999994]},"properties":{"well_id":"3500065000","municipality":"Água Clara","aquifer":"Caiua","test_type":"Rebaixamento","test_date":"1996-05-13","static_level_m":9.5,"dynamic_level_m":37.0,"stabilized_yield":18.0,"interpretation_method":"UNKNOWN","source":"SGB_HIDRO_MS_2024_POCOS","evidence_code":"E08"}},{"type":"Feature","geometry":{"type":"Point","coordinates":[-52.87277799999998,-20.445832999999936]},"properties":{"well_id":"3500065003","municipality":"Água Clara","aquifer":"Bauru","test_type":"Rebaixamento","test_date":"1987-06-02","static_level_m":16.1,"dynamic_level_m":32.66,"stabilized_yield":10.5,"interpretation_method":"UNKNOWN","source":"SGB_HIDRO_MS_2024_POCOS","evidence_code":"E08"}},{"type":"Feature","geometry":{"type":"Point","coordinates":[-52.41777799999994,-21.722499999999968]},"properties":{"well_id":"3500065015","municipality":"Bataguassu","aquifer":"Bauru","test_type":"Continuo","test_date":"1994-07-21","static_level_m":52.0,"dynamic_level_m":78.25,"stabilized_yield":36.0,"interpretation_method":"UNKNOWN","source":"SGB_HIDRO_MS_2024_POCOS","evidence_code":"E08"}},{"type":"Feature","geometry":{"type":"Point","coordinates":[-56.45027799999997,-21.13999999999993]},"properties":{"well_id":"3500065019","municipality":"Bonito","aquifer":"Cuiaba","test_type":"Rebaixamento","test_date":"2002-10-23","static_level_m":10.5,"dynamic_level_m":46.9,"stabilized_yield":49.5,"interpretation_method":"UNKNOWN","source":"SGB_HIDRO_MS_2024_POCOS","evidence_code":"E08"}},{"type":"Feature","geometry":{"type":"Point","coordinates":[-56.49555499999997,-21.122499999999945]},"properties":{"well_id":"3500022773","municipality":"Bonito","aquifer":"Cuiaba","test_type":"Rebaixamento","test_date":"2003-09-11","static_level_m":12.0,"dynamic_level_m":15.0,"stabilized_yield":35.0,"interpretation_method":"UNKNOWN","source":"SGB_HIDRO_MS_2024_POCOS","evidence_code":"E08"}},{"type":"Feature","geometry":{"type":"Point","coordinates":[-53.38555599999995,-22.286666999999966]},"properties":{"well_id":"3500026927","municipality":"Nova Andradina","aquifer":"Serra geral","test_type":"Rebaixamento","test_date":"2008-09-22","static_level_m":26.0,"dynamic_level_m":28.0,"stabilized_yield":9.8,"interpretation_method":"UNKNOWN","source":"SGB_HIDRO_MS_2024_POCOS","evidence_code":"E08"}},{"type":"Feature","geometry":{"type":"Point","coordinates":[-53.75166699999994,-22.271388999999942]},"properties":{"well_id":"3500026942","municipality":"Ivinhema","aquifer":"Caiua","test_type":"Rebaixamento","test_date":"2008-11-28","static_level_m":15.0,"dynamic_level_m":50.0,"stabilized_yield":12.0,"interpretation_method":"UNKNOWN","source":"SGB_HIDRO_MS_2024_POCOS","evidence_code":"E08"}},{"type":"Feature","geometry":{"type":"Point","coordinates":[-54.19111099999998,-23.101388999999983]},"properties":{"well_id":"3500026955","municipality":"Naviraí","aquifer":"Caiua","test_type":"Rebaixamento","test_date":"2008-01-08","static_level_m":15.0,"dynamic_level_m":45.0,"stabilized_yield":10.0,"interpretation_method":"UNKNOWN","source":"SGB_HIDRO_MS_2024_POCOS","evidence_code":"E08"}},{"type":"Feature","geometry":{"type":"Point","coordinates":[-54.12944399999998,-22.187499999999943]},"properties":{"well_id":"3500026961","municipality":"Deodápolis","aquifer":"Bauru","test_type":"Rebaixamento","test_date":"2006-10-10","static_level_m":12.0,"dynamic_level_m":32.0,"stabilized_yield":7.5,"interpretation_method":"UNKNOWN","source":"SGB_HIDRO_MS_2024_POCOS","evidence_code":"E08"}},{"type":"Feature","geometry":{"type":"Point","coordinates":[-53.256666999999936,-21.757221999999956]},"properties":{"well_id":"3500026969","municipality":"Nova Andradina","aquifer":"Caiua","test_type":"Rebaixamento","test_date":"2006-03-10","static_level_m":30.0,"dynamic_level_m":39.0,"stabilized_yield":6.6,"interpretation_method":"UNKNOWN","source":"SGB_HIDRO_MS_2024_POCOS","evidence_code":"E08"}},{"type":"Feature","geometry":{"type":"Point","coordinates":[-54.49222199999997,-21.890277999999967]},"properties":{"well_id":"3500026978","municipality":"Rio Brilhante","aquifer":"Serra geral","test_type":"Rebaixamento","test_date":"2008-10-16","static_level_m":11.5,"dynamic_level_m":31.0,"stabilized_yield":8.4,"interpretation_method":"UNKNOWN","source":"SGB_HIDRO_MS_2024_POCOS","evidence_code":"E08"}},{"type":"Feature","geometry":{"type":"Point","coordinates":[-52.87055499999997,-20.444721999999956]},"properties":{"well_id":"3500023128","municipality":"Água Clara","aquifer":"","test_type":"Rebaixamento","test_date":"1979-12-23","static_level_m":10.0,"dynamic_level_m":52.7,"stabilized_yield":3.0,"interpretation_method":"UNKNOWN","source":"SGB_HIDRO_MS_2024_POCOS","evidence_code":"E08"}},{"type":"Feature","geometry":{"type":"Point","coordinates":[-52.71249999999998,-22.184443999999928]},"properties":{"well_id":"3500023181","municipality":"Anaurilândia","aquifer":"","test_type":"Rebaixamento","test_date":"1996-03-15","static_level_m":17.0,"dynamic_level_m":30.0,"stabilized_yield":23.76,"interpretation_method":"UNKNOWN","source":"SGB_HIDRO_MS_2024_POCOS","evidence_code":"E08"}},{"type":"Feature","geometry":{"type":"Point","coordinates":[-52.87972199999996,-20.444999999999936]},"properties":{"well_id":"3500023127","municipality":"Água Clara","aquifer":"","test_type":"Escalonado","test_date":"1980-01-07","static_level_m":12.3,"dynamic_level_m":34.5,"stabilized_yield":12.41,"interpretation_method":"UNKNOWN","source":"SGB_HIDRO_MS_2024_POCOS","evidence_code":"E08"}},{"type":"Feature","geometry":{"type":"Point","coordinates":[-54.62416699999994,-20.413888999999926]},"properties":{"well_id":"3500045698","municipality":"Campo Grande","aquifer":"Serra geral","test_type":"Rebaixamento","test_date":"2009-01-01","static_level_m":10.0,"dynamic_level_m":107.0,"stabilized_yield":40.0,"interpretation_method":"UNKNOWN","source":"SGB_HIDRO_MS_2024_POCOS","evidence_code":"E08"}},{"type":"Feature","geometry":{"type":"Point","coordinates":[-56.14138799999995,-21.490832999999952]},"properties":{"well_id":"3500023347","municipality":"Jardim","aquifer":"Aquidauana","test_type":"Rebaixamento","test_date":"1988-10-20","static_level_m":11.2,"dynamic_level_m":119.55,"stabilized_yield":1.8,"interpretation_method":"UNKNOWN","source":"SGB_HIDRO_MS_2024_POCOS","evidence_code":"E08"}},{"type":"Feature","geometry":{"type":"Point","coordinates":[-53.89861099999996,-22.38777799999997]},"properties":{"well_id":"3500045702","municipality":"Ivinhema","aquifer":"Guarani","test_type":"Rebaixamento","test_date":"2012-10-01","static_level_m":92.48,"dynamic_level_m":194.83,"stabilized_yield":251.09,"interpretation_method":"UNKNOWN","source":"SGB_HIDRO_MS_2024_POCOS","evidence_code":"E08"}},{"type":"Feature","geometry":{"type":"Point","coordinates":[-54.52222199999994,-22.372499999999945]},"properties":{"well_id":"3500027251","municipality":"Fátima do Sul","aquifer":"Serra geral","test_type":"Rebaixamento","test_date":"2010-10-25","static_level_m":3.5,"dynamic_level_m":5.3,"stabilized_yield":99.0,"interpretation_method":"UNKNOWN","source":"SGB_HIDRO_MS_2024_POCOS","evidence_code":"E08"}},{"type":"Feature","geometry":{"type":"Point","coordinates":[-55.207776999999965,-23.061665999999946]},"properties":{"well_id":"3500023149","municipality":"Amambai","aquifer":"Guarani","test_type":"Rebaixamento","test_date":"1994-04-08","static_level_m":15.0,"dynamic_level_m":81.15,"stabilized_yield":13.2,"interpretation_method":"UNKNOWN","source":"SGB_HIDRO_MS_2024_POCOS","evidence_code":"E08"}},{"type":"Feature","geometry":{"type":"Point","coordinates":[-51.927776999999935,-19.73333299999996]},"properties":{"well_id":"3500022587","municipality":"Inocência","aquifer":"Guarani","test_type":"Rebaixamento","test_date":"2000-07-05","static_level_m":91.0,"dynamic_level_m":96.0,"stabilized_yield":55.0,"interpretation_method":"UNKNOWN","source":"SGB_HIDRO_MS_2024_POCOS","evidence_code":"E08"}},{"type":"Feature","geometry":{"type":"Point","coordinates":[-54.60861099999994,-20.551943999999935]},"properties":{"well_id":"3500022918","municipality":"Campo Grande","aquifer":"Guarani","test_type":"Rebaixamento","test_date":"2003-08-20","static_level_m":96.0,"dynamic_level_m":150.0,"stabilized_yield":54.0,"interpretation_method":"UNKNOWN","source":"SGB_HIDRO_MS_2024_POCOS","evidence_code":"E08"}},{"type":"Feature","geometry":{"type":"Point","coordinates":[-55.23638799999998,-23.09722199999993]},"properties":{"well_id":"3500022684","municipality":"Amambai","aquifer":"Guarani","test_type":"Rebaixamento","test_date":"1987-11-26","static_level_m":7.03,"dynamic_level_m":43.17,"stabilized_yield":132.0,"interpretation_method":"UNKNOWN","source":"SGB_HIDRO_MS_2024_POCOS","evidence_code":"E08"}},{"type":"Feature","geometry":{"type":"Point","coordinates":[-55.165832999999964,-22.52638799999994]},"properties":{"well_id":"3500022712","municipality":"Laguna Carapã","aquifer":"Guarani","test_type":"Rebaixamento","test_date":"1994-03-19","static_level_m":9.5,"dynamic_level_m":18.9,"stabilized_yield":8.8,"interpretation_method":"UNKNOWN","source":"SGB_HIDRO_MS_2024_POCOS","evidence_code":"E08"}},{"type":"Feature","geometry":{"type":"Point","coordinates":[-54.69055599999996,-22.614443999999935]},"properties":{"well_id":"3500045634","municipality":"Caarapó","aquifer":"","test_type":"Continuo","test_date":"2009-06-04","static_level_m":23.2,"dynamic_level_m":56.36,"stabilized_yield":12.39,"interpretation_method":"UNKNOWN","source":"SGB_HIDRO_MS_2024_POCOS","evidence_code":"E08"}},{"type":"Feature","geometry":{"type":"Point","coordinates":[-54.571387999999956,-19.39138799999995]},"properties":{"well_id":"3500023233","municipality":"São Gabriel do Oeste","aquifer":"","test_type":"Rebaixamento","test_date":"1998-05-02","static_level_m":3.5,"dynamic_level_m":14.0,"stabilized_yield":100.0,"interpretation_method":"UNKNOWN","source":"SGB_HIDRO_MS_2024_POCOS","evidence_code":"E08"}},{"type":"Feature","geometry":{"type":"Point","coordinates":[-55.634999999999934,-22.94388799999996]},"properties":{"well_id":"3500023156","municipality":"Aral Moreira","aquifer":"","test_type":"Escalonado","test_date":"1980-07-04","static_level_m":3.65,"dynamic_level_m":22.36,"stabilized_yield":46.65,"interpretation_method":"UNKNOWN","source":"SGB_HIDRO_MS_2024_POCOS","evidence_code":"E08"}},{"type":"Feature","geometry":{"type":"Point","coordinates":[-57.61944399999999,-19.037777999999946]},"properties":{"well_id":"3500065063","municipality":"Ladário","aquifer":"","test_type":"Rebaixamento","test_date":"2016-05-05","static_level_m":2.19,"dynamic_level_m":3.55,"stabilized_yield":9.21,"interpretation_method":"UNKNOWN","source":"SGB_HIDRO_MS_2024_POCOS","evidence_code":"E08"}},{"type":"Feature","geometry":{"type":"Point","coordinates":[-51.84305599999993,-20.99277799999993]},"properties":{"well_id":"3500045704","municipality":"Três Lagoas","aquifer":"Bauru","test_type":"Rebaixamento","test_date":"2012-06-29","static_level_m":64.78,"dynamic_level_m":89.7,"stabilized_yield":106.8,"interpretation_method":"UNKNOWN","source":"SGB_HIDRO_MS_2024_POCOS","evidence_code":"E08"}},{"type":"Feature","geometry":{"type":"Point","coordinates":[-54.54388899999998,-20.500832999999943]},"properties":{"well_id":"3500065035","municipality":"Campo Grande","aquifer":"Serra geral","test_type":"Rebaixamento","test_date":"2016-06-15","static_level_m":7.85,"dynamic_level_m":8.1,"stabilized_yield":0.48,"interpretation_method":"UNKNOWN","source":"SGB_HIDRO_MS_2024_POCOS","evidence_code":"E08"}},{"type":"Feature","geometry":{"type":"Point","coordinates":[-54.64055599999995,-20.48333299999996]},"properties":{"well_id":"3500065037","municipality":"Campo Grande","aquifer":"Caiua","test_type":"Rebaixamento","test_date":"2016-04-15","static_level_m":3.81,"dynamic_level_m":6.54,"stabilized_yield":5.66,"interpretation_method":"UNKNOWN","source":"SGB_HIDRO_MS_2024_POCOS","evidence_code":"E08"}},{"type":"Feature","geometry":{"type":"Point","coordinates":[-54.61666699999995,-20.51499999999993]},"properties":{"well_id":"3500065042","municipality":"Campo Grande","aquifer":"Serra geral","test_type":"Rebaixamento","test_date":"2016-07-11","static_level_m":133.28,"dynamic_level_m":133.74,"stabilized_yield":16.1,"interpretation_method":"UNKNOWN","source":"SGB_HIDRO_MS_2024_POCOS","evidence_code":"E08"}},{"type":"Feature","geometry":{"type":"Point","coordinates":[-54.16888899999998,-22.288332999999966]},"properties":{"well_id":"3500065052","municipality":"Deodápolis","aquifer":"Caiua","test_type":"Rebaixamento","test_date":"2012-12-19","static_level_m":4.4,"dynamic_level_m":18.01,"stabilized_yield":97.96,"interpretation_method":"UNKNOWN","source":"SGB_HIDRO_MS_2024_POCOS","evidence_code":"E08"}},{"type":"Feature","geometry":{"type":"Point","coordinates":[-51.84333299999997,-20.986388999999974]},"properties":{"well_id":"3500065079","municipality":"Três Lagoas","aquifer":"Caiua","test_type":"Rebaixamento","test_date":"2011-05-10","static_level_m":66.44,"dynamic_level_m":95.91,"stabilized_yield":109.3,"interpretation_method":"UNKNOWN","source":"SGB_HIDRO_MS_2024_POCOS","evidence_code":"E08"}},{"type":"Feature","geometry":{"type":"Point","coordinates":[-54.44916699999993,-22.53305599999993]},"properties":{"well_id":"3500065084","municipality":"Vicentina","aquifer":"Serra geral","test_type":"Rebaixamento","test_date":"1994-09-15","static_level_m":5.5,"dynamic_level_m":54.9,"stabilized_yield":36.0,"interpretation_method":"UNKNOWN","source":"SGB_HIDRO_MS_2024_POCOS","evidence_code":"E08"}},{"type":"Feature","geometry":{"type":"Point","coordinates":[-54.85749999999996,-21.937499999999943]},"properties":{"well_id":"3500065059","municipality":"Itaporã","aquifer":"Guarani","test_type":"Rebaixamento","test_date":"2010-04-19","static_level_m":7.0,"dynamic_level_m":45.6,"stabilized_yield":18.0,"interpretation_method":"UNKNOWN","source":"SGB_HIDRO_MS_2024_POCOS","evidence_code":"E08"}},{"type":"Feature","geometry":{"type":"Point","coordinates":[-54.32638799999995,-19.25194399999998]},"properties":{"well_id":"3500023238","municipality":"São Gabriel do Oeste","aquifer":"Guarani","test_type":"Rebaixamento","test_date":"1984-05-30","static_level_m":21.0,"dynamic_level_m":48.0,"stabilized_yield":21.17,"interpretation_method":"UNKNOWN","source":"SGB_HIDRO_MS_2024_POCOS","evidence_code":"E08"}},{"type":"Feature","geometry":{"type":"Point","coordinates":[-54.728332999999964,-18.477499999999964]},"properties":{"well_id":"3500026839","municipality":"Coxim","aquifer":"Furnas","test_type":"Rebaixamento","test_date":"2010-06-20","static_level_m":8.34,"dynamic_level_m":16.29,"stabilized_yield":2.45,"interpretation_method":"UNKNOWN","source":"SGB_HIDRO_MS_2024_POCOS","evidence_code":"E08"}},{"type":"Feature","geometry":{"type":"Point","coordinates":[-53.36027799999994,-19.87527799999998]},"properties":{"well_id":"3500065002","municipality":"Água Clara","aquifer":"Serra geral","test_type":"Rebaixamento","test_date":"2016-03-11","static_level_m":6.0,"dynamic_level_m":60.0,"stabilized_yield":17.34,"interpretation_method":"UNKNOWN","source":"SGB_HIDRO_MS_2024_POCOS","evidence_code":"E08"}},{"type":"Feature","geometry":{"type":"Point","coordinates":[-55.621666999999945,-22.948332999999934]},"properties":{"well_id":"3500065010","municipality":"Aral Moreira","aquifer":"Serra geral","test_type":"Continuo","test_date":"2016-03-10","static_level_m":7.3,"dynamic_level_m":16.27,"stabilized_yield":13.0,"interpretation_method":"UNKNOWN","source":"SGB_HIDRO_MS_2024_POCOS","evidence_code":"E08"}},{"type":"Feature","geometry":{"type":"Point","coordinates":[-54.75305599999996,-20.48194399999994]},"properties":{"well_id":"3500065048","municipality":"Campo Grande","aquifer":"Serra geral","test_type":"Rebaixamento","test_date":"2016-07-12","static_level_m":116.44,"dynamic_level_m":126.21,"stabilized_yield":46.37,"interpretation_method":"UNKNOWN","source":"SGB_HIDRO_MS_2024_POCOS","evidence_code":"E08"}},{"type":"Feature","geometry":{"type":"Point","coordinates":[-54.58333299999998,-20.477777999999944]},"properties":{"well_id":"3500026965","municipality":"Campo Grande","aquifer":"Serra geral","test_type":"Rebaixamento","test_date":"1995-11-09","static_level_m":12.0,"dynamic_level_m":32.0,"stabilized_yield":20.842,"interpretation_method":"UNKNOWN","source":"SGB_HIDRO_MS_2024_POCOS","evidence_code":"E08"}},{"type":"Feature","geometry":{"type":"Point","coordinates":[-54.63777799999997,-20.44805599999995]},"properties":{"well_id":"3500045155","municipality":"Campo Grande","aquifer":"Serra geral","test_type":"Rebaixamento","test_date":"2008-04-30","static_level_m":17.0,"dynamic_level_m":30.0,"stabilized_yield":22.6,"interpretation_method":"UNKNOWN","source":"SGB_HIDRO_MS_2024_POCOS","evidence_code":"E08"}},{"type":"Feature","geometry":{"type":"Point","coordinates":[-52.03305499999993,-21.25555499999996]},"properties":{"well_id":"3500023290","municipality":"Brasilândia","aquifer":"Caiua","test_type":"Rebaixamento","test_date":"1994-08-12","static_level_m":18.0,"dynamic_level_m":35.0,"stabilized_yield":88.0,"interpretation_method":"UNKNOWN","source":"SGB_HIDRO_MS_2024_POCOS","evidence_code":"E08"}},{"type":"Feature","geometry":{"type":"Point","coordinates":[-51.66638799999998,-20.79416599999996]},"properties":{"well_id":"3500023293","municipality":"Três Lagoas","aquifer":"Caiua","test_type":"Rebaixamento","test_date":"1991-07-23","static_level_m":17.0,"dynamic_level_m":27.8,"stabilized_yield":40.4,"interpretation_method":"UNKNOWN","source":"SGB_HIDRO_MS_2024_POCOS","evidence_code":"E08"}},{"type":"Feature","geometry":{"type":"Point","coordinates":[-54.538610999999946,-21.803332999999952]},"properties":{"well_id":"3500023258","municipality":"Rio Brilhante","aquifer":"Serra geral","test_type":"Rebaixamento","test_date":"1986-02-14","static_level_m":19.0,"dynamic_level_m":23.03,"stabilized_yield":66.0,"interpretation_method":"UNKNOWN","source":"SGB_HIDRO_MS_2024_POCOS","evidence_code":"E08"}},{"type":"Feature","geometry":{"type":"Point","coordinates":[-51.69611099999997,-20.778332999999975]},"properties":{"well_id":"3500023303","municipality":"Três Lagoas","aquifer":"Caiua","test_type":"Rebaixamento","test_date":"1998-06-29","static_level_m":16.25,"dynamic_level_m":71.0,"stabilized_yield":72.0,"interpretation_method":"UNKNOWN","source":"SGB_HIDRO_MS_2024_POCOS","evidence_code":"E08"}},{"type":"Feature","geometry":{"type":"Point","coordinates":[-56.485555999999974,-21.132221999999956]},"properties":{"well_id":"3500030619","municipality":"Bonito","aquifer":"Cuiaba","test_type":"Rebaixamento","test_date":"2011-05-25","static_level_m":18.0,"dynamic_level_m":20.0,"stabilized_yield":4.0,"interpretation_method":"UNKNOWN","source":"SGB_HIDRO_MS_2024_POCOS","evidence_code":"E08"}},{"type":"Feature","geometry":{"type":"Point","coordinates":[-53.698332999999934,-18.325832999999932]},"properties":{"well_id":"3500045653","municipality":"Alcinópolis","aquifer":"Guarani","test_type":"Rebaixamento","test_date":"2011-08-04","static_level_m":18.02,"dynamic_level_m":134.61,"stabilized_yield":23.29,"interpretation_method":"UNKNOWN","source":"SGB_HIDRO_MS_2024_POCOS","evidence_code":"E08"}},{"type":"Feature","geometry":{"type":"Point","coordinates":[-54.04138799999998,-19.533887999999934]},"properties":{"well_id":"3500023247","municipality":"Camapuã","aquifer":"Guarani","test_type":"Escalonado","test_date":"1982-04-28","static_level_m":0.0,"dynamic_level_m":32.5,"stabilized_yield":27.12,"interpretation_method":"UNKNOWN","source":"SGB_HIDRO_MS_2024_POCOS","evidence_code":"E08"}},{"type":"Feature","geometry":{"type":"Point","coordinates":[-56.145554999999945,-21.490554999999972]},"properties":{"well_id":"3500023345","municipality":"Jardim","aquifer":"Guarani","test_type":"Rebaixamento","test_date":"1991-07-27","static_level_m":5.0,"dynamic_level_m":40.26,"stabilized_yield":5.045,"interpretation_method":"UNKNOWN","source":"SGB_HIDRO_MS_2024_POCOS","evidence_code":"E08"}},{"type":"Feature","geometry":{"type":"Point","coordinates":[-54.85777799999994,-18.926388999999972]},"properties":{"well_id":"3500045654","municipality":"Rio Verde de Mato Grosso","aquifer":"Furnas","test_type":"Escalonado","test_date":"2009-03-30","static_level_m":20.0,"dynamic_level_m":90.0,"stabilized_yield":0.0,"interpretation_method":"UNKNOWN","source":"SGB_HIDRO_MS_2024_POCOS","evidence_code":"E08"}},{"type":"Feature","geometry":{"type":"Point","coordinates":[-53.84361099999995,-22.049999999999955]},"properties":{"well_id":"3500053078","municipality":"Angélica","aquifer":"Guarani","test_type":"Rebaixamento","test_date":"2010-04-13","static_level_m":13.55,"dynamic_level_m":44.54,"stabilized_yield":489.03,"interpretation_method":"UNKNOWN","source":"SGB_HIDRO_MS_2024_POCOS","evidence_code":"E08"}},{"type":"Feature","geometry":{"type":"Point","coordinates":[-54.684999999999945,-22.610832999999957]},"properties":{"well_id":"3500045604","municipality":"Caarapó","aquifer":"Serra geral","test_type":"Continuo","test_date":"2007-12-18","static_level_m":27.35,"dynamic_level_m":48.11,"stabilized_yield":9.9,"interpretation_method":"UNKNOWN","source":"SGB_HIDRO_MS_2024_POCOS","evidence_code":"E08"}},{"type":"Feature","geometry":{"type":"Point","coordinates":[-54.95944399999996,-20.938054999999963]},"properties":{"well_id":"3500022813","municipality":"Sidrolândia","aquifer":"Guarani","test_type":"Rebaixamento","test_date":"2003-08-20","static_level_m":80.0,"dynamic_level_m":93.0,"stabilized_yield":34.0,"interpretation_method":"UNKNOWN","source":"SGB_HIDRO_MS_2024_POCOS","evidence_code":"E08"}},{"type":"Feature","geometry":{"type":"Point","coordinates":[-53.14194399999997,-18.531665999999973]},"properties":{"well_id":"3500022566","municipality":"Costa Rica","aquifer":"Guarani","test_type":"Rebaixamento","test_date":"1993-02-02","static_level_m":29.0,"dynamic_level_m":83.0,"stabilized_yield":11.0,"interpretation_method":"UNKNOWN","source":"SGB_HIDRO_MS_2024_POCOS","evidence_code":"E08"}},{"type":"Feature","geometry":{"type":"Point","coordinates":[-54.55694399999999,-21.789721999999927]},"properties":{"well_id":"3500022875","municipality":"Rio Brilhante","aquifer":"Guarani","test_type":"Rebaixamento","test_date":"1995-06-10","static_level_m":10.15,"dynamic_level_m":113.0,"stabilized_yield":11.13,"interpretation_method":"UNKNOWN","source":"SGB_HIDRO_MS_2024_POCOS","evidence_code":"E08"}},{"type":"Feature","geometry":{"type":"Point","coordinates":[-51.716110999999955,-20.791943999999944]},"properties":{"well_id":"3500023020","municipality":"Três Lagoas","aquifer":"Bauru","test_type":"Rebaixamento","test_date":"2002-06-03","static_level_m":7.8,"dynamic_level_m":26.8,"stabilized_yield":81.9,"interpretation_method":"UNKNOWN","source":"SGB_HIDRO_MS_2024_POCOS","evidence_code":"E08"}},{"type":"Feature","geometry":{"type":"Point","coordinates":[-55.94222199999996,-22.195832999999936]},"properties":{"well_id":"3500023163","municipality":"Antônio João","aquifer":"","test_type":"Escalonado","test_date":"1979-10-01","static_level_m":3.3,"dynamic_level_m":52.8,"stabilized_yield":24.82,"interpretation_method":"UNKNOWN","source":"SGB_HIDRO_MS_2024_POCOS","evidence_code":"E08"}},{"type":"Feature","geometry":{"type":"Point","coordinates":[-55.791665999999964,-20.46166599999998]},"properties":{"well_id":"3500023187","municipality":"Aquidauana","aquifer":"","test_type":"Rebaixamento","test_date":"1976-02-18","static_level_m":2.96,"dynamic_level_m":58.0,"stabilized_yield":99.0,"interpretation_method":"UNKNOWN","source":"SGB_HIDRO_MS_2024_POCOS","evidence_code":"E08"}},{"type":"Feature","geometry":{"type":"Point","coordinates":[-53.78166599999997,-22.165832999999964]},"properties":{"well_id":"3500023173","municipality":"Angélica","aquifer":"","test_type":"Rebaixamento","test_date":"1994-03-24","static_level_m":32.5,"dynamic_level_m":55.96,"stabilized_yield":15.31,"interpretation_method":"UNKNOWN","source":"SGB_HIDRO_MS_2024_POCOS","evidence_code":"E08"}},{"type":"Feature","geometry":{"type":"Point","coordinates":[-53.57638899999995,-22.41138899999993]},"properties":{"well_id":"3500045673","municipality":"Ivinhema","aquifer":"Caiua","test_type":"Rebaixamento","test_date":"2010-06-28","static_level_m":20.0,"dynamic_level_m":28.0,"stabilized_yield":5.8,"interpretation_method":"UNKNOWN","source":"SGB_HIDRO_MS_2024_POCOS","evidence_code":"E08"}},{"type":"Feature","geometry":{"type":"Point","coordinates":[-51.82583299999993,-20.998055999999963]},"properties":{"well_id":"3500045708","municipality":"Três Lagoas","aquifer":"Bauru","test_type":"Rebaixamento","test_date":"2012-08-07","static_level_m":53.64,"dynamic_level_m":77.1,"stabilized_yield":117.3,"interpretation_method":"UNKNOWN","source":"SGB_HIDRO_MS_2024_POCOS","evidence_code":"E08"}},{"type":"Feature","geometry":{"type":"Point","coordinates":[-54.67027799999994,-20.550277999999935]},"properties":{"well_id":"3500065034","municipality":"Campo Grande","aquifer":"Serra geral","test_type":"Rebaixamento","test_date":"2016-04-29","static_level_m":4.34,"dynamic_level_m":5.81,"stabilized_yield":3.3,"interpretation_method":"UNKNOWN","source":"SGB_HIDRO_MS_2024_POCOS","evidence_code":"E08"}},{"type":"Feature","geometry":{"type":"Point","coordinates":[-54.62749999999994,-20.456388999999945]},"properties":{"well_id":"3500065041","municipality":"Campo Grande","aquifer":"Serra geral","test_type":"Rebaixamento","test_date":"2016-06-02","static_level_m":15.0,"dynamic_level_m":17.0,"stabilized_yield":22.6,"interpretation_method":"UNKNOWN","source":"SGB_HIDRO_MS_2024_POCOS","evidence_code":"E08"}},{"type":"Feature","geometry":{"type":"Point","coordinates":[-54.62361099999998,-20.521943999999962]},"properties":{"well_id":"3500065050","municipality":"Campo Grande","aquifer":"Serra geral","test_type":"Rebaixamento","test_date":"2012-11-27","static_level_m":21.0,"dynamic_level_m":58.0,"stabilized_yield":12.0,"interpretation_method":"UNKNOWN","source":"SGB_HIDRO_MS_2024_POCOS","evidence_code":"E08"}},{"type":"Feature","geometry":{"type":"Point","coordinates":[-54.75361099999998,-20.48055599999998]},"properties":{"well_id":"3500065051","municipality":"Campo Grande","aquifer":"Serra geral","test_type":"Rebaixamento","test_date":"2016-06-28","static_level_m":37.35,"dynamic_level_m":53.62,"stabilized_yield":37.28,"interpretation_method":"UNKNOWN","source":"SGB_HIDRO_MS_2024_POCOS","evidence_code":"E08"}},{"type":"Feature","geometry":{"type":"Point","coordinates":[-51.79166699999996,-20.99333299999995]},"properties":{"well_id":"3500065080","municipality":"Três Lagoas","aquifer":"Serra geral","test_type":"Rebaixamento","test_date":"2015-12-11","static_level_m":10.85,"dynamic_level_m":40.65,"stabilized_yield":88.0,"interpretation_method":"UNKNOWN","source":"SGB_HIDRO_MS_2024_POCOS","evidence_code":"E08"}},{"type":"Feature","geometry":{"type":"Point","coordinates":[-55.94805599999995,-22.198332999999934]},"properties":{"well_id":"3500065004","municipality":"Antônio João","aquifer":"Serra geral","test_type":"Rebaixamento","test_date":"1979-08-03","static_level_m":3.3,"dynamic_level_m":78.3,"stabilized_yield":49.5,"interpretation_method":"UNKNOWN","source":"SGB_HIDRO_MS_2024_POCOS","evidence_code":"E08"}},{"type":"Feature","geometry":{"type":"Point","coordinates":[-51.10999999999996,-20.065277999999978]},"properties":{"well_id":"3500065008","municipality":"Aparecida do Taboado","aquifer":"Caiua","test_type":"Rebaixamento","test_date":"2005-05-21","static_level_m":1.0,"dynamic_level_m":2.52,"stabilized_yield":52.8,"interpretation_method":"UNKNOWN","source":"SGB_HIDRO_MS_2024_POCOS","evidence_code":"E08"}},{"type":"Feature","geometry":{"type":"Point","coordinates":[-52.264166999999986,-21.72361099999995]},"properties":{"well_id":"3500065011","municipality":"Bataguassu","aquifer":"Bauru","test_type":"Rebaixamento","test_date":"1987-07-23","static_level_m":6.0,"dynamic_level_m":15.81,"stabilized_yield":60.9,"interpretation_method":"UNKNOWN","source":"SGB_HIDRO_MS_2024_POCOS","evidence_code":"E08"}},{"type":"Feature","geometry":{"type":"Point","coordinates":[-52.41638899999998,-21.717777999999953]},"properties":{"well_id":"3500065012","municipality":"Bataguassu","aquifer":"Bauru","test_type":"Rebaixamento","test_date":"2009-05-09","static_level_m":44.65,"dynamic_level_m":78.83,"stabilized_yield":107.65,"interpretation_method":"UNKNOWN","source":"SGB_HIDRO_MS_2024_POCOS","evidence_code":"E08"}},{"type":"Feature","geometry":{"type":"Point","coordinates":[-56.49499999999995,-21.121943999999928]},"properties":{"well_id":"3500065020","municipality":"Bonito","aquifer":"Cuiaba","test_type":"Continuo","test_date":"1973-11-16","static_level_m":6.6,"dynamic_level_m":15.2,"stabilized_yield":45.5,"interpretation_method":"UNKNOWN","source":"SGB_HIDRO_MS_2024_POCOS","evidence_code":"E08"}},{"type":"Feature","geometry":{"type":"Point","coordinates":[-51.933055999999965,-19.738332999999955]},"properties":{"well_id":"3500034020","municipality":"Inocência","aquifer":"Bauru","test_type":"Rebaixamento","test_date":"2014-08-08","static_level_m":17.67,"dynamic_level_m":58.44,"stabilized_yield":2.12,"interpretation_method":"UNKNOWN","source":"SGB_HIDRO_MS_2024_POCOS","evidence_code":"E08"}},{"type":"Feature","geometry":{"type":"Point","coordinates":[-54.716110999999955,-20.466110999999955]},"properties":{"well_id":"3500065033","municipality":"Campo Grande","aquifer":"Serra geral","test_type":"Rebaixamento","test_date":"2014-01-03","static_level_m":9.0,"dynamic_level_m":56.0,"stabilized_yield":28.0,"interpretation_method":"UNKNOWN","source":"SGB_HIDRO_MS_2024_POCOS","evidence_code":"E08"}},{"type":"Feature","geometry":{"type":"Point","coordinates":[-53.53642499999995,-21.02227799999997]},"properties":{"well_id":"3500068740","municipality":"Ribas do Rio Pardo","aquifer":"Bauru","test_type":"Rebaixamento","test_date":"2023-04-20","static_level_m":15.97,"dynamic_level_m":23.01,"stabilized_yield":1.569,"interpretation_method":"UNKNOWN","source":"SGB_HIDRO_MS_2024_POCOS","evidence_code":"E08"}},{"type":"Feature","geometry":{"type":"Point","coordinates":[-56.67277699999994,-20.55499999999995]},"properties":{"well_id":"3500022652","municipality":"Bodoquena","aquifer":"Rocha sedimentar","test_type":"Rebaixamento","test_date":"2004-06-03","static_level_m":3.78,"dynamic_level_m":8.28,"stabilized_yield":30.7,"interpretation_method":"UNKNOWN","source":"SGB_HIDRO_MS_2024_POCOS","evidence_code":"E08"}},{"type":"Feature","geometry":{"type":"Point","coordinates":[-53.37749999999994,-22.286666999999966]},"properties":{"well_id":"3500026941","municipality":"Nova Andradina","aquifer":"Serra geral","test_type":"Rebaixamento","test_date":"2008-09-22","static_level_m":28.0,"dynamic_level_m":36.0,"stabilized_yield":7.8,"interpretation_method":"UNKNOWN","source":"SGB_HIDRO_MS_2024_POCOS","evidence_code":"E08"}},{"type":"Feature","geometry":{"type":"Point","coordinates":[-54.60888899999998,-21.84611099999995]},"properties":{"well_id":"3500026947","municipality":"Rio Brilhante","aquifer":"Caiua","test_type":"Rebaixamento","test_date":"2009-01-08","static_level_m":21.0,"dynamic_level_m":45.0,"stabilized_yield":10.0,"interpretation_method":"UNKNOWN","source":"SGB_HIDRO_MS_2024_POCOS","evidence_code":"E08"}},{"type":"Feature","geometry":{"type":"Point","coordinates":[-53.45861099999996,-22.07749999999993]},"properties":{"well_id":"3500026966","municipality":"Nova Andradina","aquifer":"Caiua","test_type":"Rebaixamento","test_date":"2009-03-05","static_level_m":18.0,"dynamic_level_m":30.0,"stabilized_yield":10.0,"interpretation_method":"UNKNOWN","source":"SGB_HIDRO_MS_2024_POCOS","evidence_code":"E08"}},{"type":"Feature","geometry":{"type":"Point","coordinates":[-54.37888899999996,-21.45138899999995]},"properties":{"well_id":"3500027018","municipality":"Nova Alvorada do Sul","aquifer":"Serra geral","test_type":"Rebaixamento","test_date":"2009-11-05","static_level_m":13.0,"dynamic_level_m":23.0,"stabilized_yield":8.0,"interpretation_method":"UNKNOWN","source":"SGB_HIDRO_MS_2024_POCOS","evidence_code":"E08"}},{"type":"Feature","geometry":{"type":"Point","coordinates":[-54.59694399999995,-20.44916699999993]},"properties":{"well_id":"3500045166","municipality":"Campo Grande","aquifer":"Serra geral","test_type":"Rebaixamento","test_date":"2008-04-28","static_level_m":19.0,"dynamic_level_m":66.0,"stabilized_yield":22.0,"interpretation_method":"UNKNOWN","source":"SGB_HIDRO_MS_2024_POCOS","evidence_code":"E08"}},{"type":"Feature","geometry":{"type":"Point","coordinates":[-55.79055499999998,-20.459443999999962]},"properties":{"well_id":"3500023189","municipality":"Aquidauana","aquifer":"Aquidauana","test_type":"Rebaixamento","test_date":"1998-05-14","static_level_m":1.0,"dynamic_level_m":24.0,"stabilized_yield":11.5,"interpretation_method":"UNKNOWN","source":"SGB_HIDRO_MS_2024_POCOS","evidence_code":"E08"}},{"type":"Feature","geometry":{"type":"Point","coordinates":[-53.35805499999998,-22.486110999999937]},"properties":{"well_id":"3500023383","municipality":"Taquarussu","aquifer":"Bauru","test_type":"Rebaixamento","test_date":"1991-09-11","static_level_m":7.0,"dynamic_level_m":29.0,"stabilized_yield":20.39,"interpretation_method":"UNKNOWN","source":"SGB_HIDRO_MS_2024_POCOS","evidence_code":"E08"}},{"type":"Feature","geometry":{"type":"Point","coordinates":[-54.756666999999936,-22.494721999999967]},"properties":{"well_id":"3500027259","municipality":"Caarapó","aquifer":"Serra geral","test_type":"Rebaixamento","test_date":"2010-01-01","static_level_m":8.0,"dynamic_level_m":49.3,"stabilized_yield":19.45,"interpretation_method":"UNKNOWN","source":"SGB_HIDRO_MS_2024_POCOS","evidence_code":"E08"}},{"type":"Feature","geometry":{"type":"Point","coordinates":[-54.039165999999966,-19.55638799999997]},"properties":{"well_id":"3500023243","municipality":"Camapuã","aquifer":"Guarani","test_type":"Rebaixamento","test_date":"1995-09-28","static_level_m":30.0,"dynamic_level_m":51.9,"stabilized_yield":10.02,"interpretation_method":"UNKNOWN","source":"SGB_HIDRO_MS_2024_POCOS","evidence_code":"E08"}},{"type":"Feature","geometry":{"type":"Point","coordinates":[-51.730276999999944,-20.79249999999996]},"properties":{"well_id":"3500023296","municipality":"Três Lagoas","aquifer":"Caiua","test_type":"Rebaixamento","test_date":"1995-08-17","static_level_m":15.0,"dynamic_level_m":54.0,"stabilized_yield":58.0,"interpretation_method":"UNKNOWN","source":"SGB_HIDRO_MS_2024_POCOS","evidence_code":"E08"}},{"type":"Feature","geometry":{"type":"Point","coordinates":[-52.61166599999996,-18.803887999999972]},"properties":{"well_id":"3500023328","municipality":"Chapadão do Sul","aquifer":"Bauru","test_type":"Rebaixamento","test_date":"1987-06-17","static_level_m":49.28,"dynamic_level_m":67.79,"stabilized_yield":17.4,"interpretation_method":"UNKNOWN","source":"SGB_HIDRO_MS_2024_POCOS","evidence_code":"E08"}},{"type":"Feature","geometry":{"type":"Point","coordinates":[-54.56611099999998,-23.666943999999944]},"properties":{"well_id":"3500023359","municipality":"Iguatemi","aquifer":"Caiua","test_type":"Rebaixamento","test_date":"1993-08-10","static_level_m":10.0,"dynamic_level_m":60.0,"stabilized_yield":19.58,"interpretation_method":"UNKNOWN","source":"SGB_HIDRO_MS_2024_POCOS","evidence_code":"E08"}},{"type":"Feature","geometry":{"type":"Point","coordinates":[-54.579999999999984,-19.41055599999993]},"properties":{"well_id":"3500030624","municipality":"São Gabriel do Oeste","aquifer":"Guarani","test_type":"Rebaixamento","test_date":"2009-03-06","static_level_m":19.0,"dynamic_level_m":48.0,"stabilized_yield":39.6,"interpretation_method":"UNKNOWN","source":"SGB_HIDRO_MS_2024_POCOS","evidence_code":"E08"}},{"type":"Feature","geometry":{"type":"Point","coordinates":[-54.571666999999934,-19.391666999999927]},"properties":{"well_id":"3500030625","municipality":"São Gabriel do Oeste","aquifer":"Serra geral","test_type":"Rebaixamento","test_date":"2011-10-14","static_level_m":3.5,"dynamic_level_m":14.0,"stabilized_yield":34.4,"interpretation_method":"UNKNOWN","source":"SGB_HIDRO_MS_2024_POCOS","evidence_code":"E08"}},{"type":"Feature","geometry":{"type":"Point","coordinates":[-54.52611099999996,-19.446943999999974]},"properties":{"well_id":"3500030627","municipality":"São Gabriel do Oeste","aquifer":"Serra geral","test_type":"Rebaixamento","test_date":"2009-03-04","static_level_m":7.0,"dynamic_level_m":41.0,"stabilized_yield":26.0,"interpretation_method":"UNKNOWN","source":"SGB_HIDRO_MS_2024_POCOS","evidence_code":"E08"}},{"type":"Feature","geometry":{"type":"Point","coordinates":[-54.604443999999944,-19.392499999999927]},"properties":{"well_id":"3500030631","municipality":"São Gabriel do Oeste","aquifer":"Serra geral","test_type":"Rebaixamento","test_date":"2009-04-12","static_level_m":3.0,"dynamic_level_m":23.0,"stabilized_yield":31.0,"interpretation_method":"UNKNOWN","source":"SGB_HIDRO_MS_2024_POCOS","evidence_code":"E08"}},{"type":"Feature","geometry":{"type":"Point","coordinates":[-55.685276999999985,-22.56583299999994]},"properties":{"well_id":"3500022739","municipality":"Ponta Porã","aquifer":"Serra geral","test_type":"Rebaixamento","test_date":"1990-11-21","static_level_m":4.0,"dynamic_level_m":50.0,"stabilized_yield":54.0,"interpretation_method":"UNKNOWN","source":"SGB_HIDRO_MS_2024_POCOS","evidence_code":"E08"}},{"type":"Feature","geometry":{"type":"Point","coordinates":[-54.63055499999996,-22.859999999999957]},"properties":{"well_id":"3500023035","municipality":"Juti","aquifer":"Serra geral","test_type":"Rebaixamento","test_date":"1983-12-11","static_level_m":7.0,"dynamic_level_m":60.0,"stabilized_yield":26.6,"interpretation_method":"UNKNOWN","source":"SGB_HIDRO_MS_2024_POCOS","evidence_code":"E08"}},{"type":"Feature","geometry":{"type":"Point","coordinates":[-56.443610999999976,-21.08888799999994]},"properties":{"well_id":"3500023052","municipality":"Bonito","aquifer":"Cuiaba","test_type":"Rebaixamento","test_date":"1982-02-20","static_level_m":6.0,"dynamic_level_m":20.0,"stabilized_yield":2.0,"interpretation_method":"UNKNOWN","source":"SGB_HIDRO_MS_2024_POCOS","evidence_code":"E08"}},{"type":"Feature","geometry":{"type":"Point","coordinates":[-56.476110999999946,-21.113332999999955]},"properties":{"well_id":"3500023076","municipality":"Bonito","aquifer":"Cuiaba","test_type":"Rebaixamento","test_date":"2002-02-25","static_level_m":12.0,"dynamic_level_m":22.0,"stabilized_yield":0.2,"interpretation_method":"UNKNOWN","source":"SGB_HIDRO_MS_2024_POCOS","evidence_code":"E08"}},{"type":"Feature","geometry":{"type":"Point","coordinates":[-56.49416599999995,-21.122499999999945]},"properties":{"well_id":"3500023077","municipality":"Bonito","aquifer":"Cuiaba","test_type":"Rebaixamento","test_date":"1988-06-11","static_level_m":16.0,"dynamic_level_m":48.0,"stabilized_yield":0.1,"interpretation_method":"UNKNOWN","source":"SGB_HIDRO_MS_2024_POCOS","evidence_code":"E08"}},{"type":"Feature","geometry":{"type":"Point","coordinates":[-55.43138899999997,-23.058888999999965]},"properties":{"well_id":"3500067714","municipality":"Aral Moreira","aquifer":"Serra geral","test_type":"Rebaixamento","test_date":"2022-03-10","static_level_m":4.15,"dynamic_level_m":20.37,"stabilized_yield":14.022,"interpretation_method":"UNKNOWN","source":"SGB_HIDRO_MS_2024_POCOS","evidence_code":"E08"}},{"type":"Feature","geometry":{"type":"Point","coordinates":[-53.12944399999998,-21.811943999999983]},"properties":{"well_id":"3500023392","municipality":"Nova Andradina","aquifer":"Caiua","test_type":"Rebaixamento","test_date":"1987-03-31","static_level_m":76.0,"dynamic_level_m":89.0,"stabilized_yield":33.0,"interpretation_method":"UNKNOWN","source":"SGB_HIDRO_MS_2024_POCOS","evidence_code":"E08"}},{"type":"Feature","geometry":{"type":"Point","coordinates":[-51.197499999999934,-19.675554999999974]},"properties":{"well_id":"3500022982","municipality":"Paranaíba","aquifer":"Serra geral","test_type":"Rebaixamento","test_date":"1988-12-29","static_level_m":22.0,"dynamic_level_m":50.0,"stabilized_yield":32.0,"interpretation_method":"UNKNOWN","source":"SGB_HIDRO_MS_2024_POCOS","evidence_code":"E08"}},{"type":"Feature","geometry":{"type":"Point","coordinates":[-53.14555599999994,-18.53305599999993]},"properties":{"well_id":"3500067717","municipality":"Costa Rica","aquifer":"Serra geral","test_type":"Rebaixamento","test_date":"2022-05-06","static_level_m":110.2,"dynamic_level_m":113.3,"stabilized_yield":16.3,"interpretation_method":"UNKNOWN","source":"SGB_HIDRO_MS_2024_POCOS","evidence_code":"E08"}},{"type":"Feature","geometry":{"type":"Point","coordinates":[-53.153610999999955,-18.522221999999942]},"properties":{"well_id":"3500067715","municipality":"Costa Rica","aquifer":"","test_type":"Rebaixamento","test_date":"2016-12-17","static_level_m":26.0,"dynamic_level_m":54.0,"stabilized_yield":23.0,"interpretation_method":"UNKNOWN","source":"SGB_HIDRO_MS_2024_POCOS","evidence_code":"E08"}},{"type":"Feature","geometry":{"type":"Point","coordinates":[-53.28333299999997,-22.28361099999995]},"properties":{"well_id":"3500045664","municipality":"Batayporã","aquifer":"","test_type":"Rebaixamento","test_date":"2009-01-10","static_level_m":50.0,"dynamic_level_m":65.0,"stabilized_yield":0.0,"interpretation_method":"UNKNOWN","source":"SGB_HIDRO_MS_2024_POCOS","evidence_code":"E08"}},{"type":"Feature","geometry":{"type":"Point","coordinates":[-54.353332999999964,-19.91722199999998]},"properties":{"well_id":"3500030643","municipality":"Bandeirantes","aquifer":"","test_type":"Rebaixamento","test_date":"1987-11-20","static_level_m":5.1,"dynamic_level_m":0.0,"stabilized_yield":72.0,"interpretation_method":"UNKNOWN","source":"SGB_HIDRO_MS_2024_POCOS","evidence_code":"E08"}},{"type":"Feature","geometry":{"type":"Point","coordinates":[-53.00444399999998,-18.88722199999995]},"properties":{"well_id":"3500067320","municipality":"Paraíso das Águas","aquifer":"","test_type":"Rebaixamento","test_date":"2016-09-13","static_level_m":84.0,"dynamic_level_m":100.0,"stabilized_yield":9.6,"interpretation_method":"UNKNOWN","source":"SGB_HIDRO_MS_2024_POCOS","evidence_code":"E08"}},{"type":"Feature","geometry":{"type":"Point","coordinates":[-54.55583299999995,-21.789443999999946]},"properties":{"well_id":"3500023260","municipality":"Rio Brilhante","aquifer":"Guarani","test_type":"Rebaixamento","test_date":"1996-07-01","static_level_m":0.0,"dynamic_level_m":10.15,"stabilized_yield":113.0,"interpretation_method":"UNKNOWN","source":"SGB_HIDRO_MS_2024_POCOS","evidence_code":"E08"}},{"type":"Feature","geometry":{"type":"Point","coordinates":[-54.30472199999997,-22.48111099999994]},"properties":{"well_id":"3500023380","municipality":"Jateí","aquifer":"Serra geral","test_type":"Rebaixamento","test_date":"1972-12-11","static_level_m":0.0,"dynamic_level_m":20.0,"stabilized_yield":52.8,"interpretation_method":"UNKNOWN","source":"SGB_HIDRO_MS_2024_POCOS","evidence_code":"E08"}},{"type":"Feature","geometry":{"type":"Point","coordinates":[-54.86722199999997,-20.434999999999945]},"properties":{"well_id":"3500022823","municipality":"Terenos","aquifer":"Guarani","test_type":"Rebaixamento","test_date":"1997-06-09","static_level_m":5.0,"dynamic_level_m":40.0,"stabilized_yield":39.39,"interpretation_method":"UNKNOWN","source":"SGB_HIDRO_MS_2024_POCOS","evidence_code":"E08"}},{"type":"Feature","geometry":{"type":"Point","coordinates":[-54.787499999999966,-22.081943999999964]},"properties":{"well_id":"3500022851","municipality":"Itaporã","aquifer":"Guarani","test_type":"Rebaixamento","test_date":"2003-10-16","static_level_m":5.8,"dynamic_level_m":16.2,"stabilized_yield":6.182,"interpretation_method":"UNKNOWN","source":"SGB_HIDRO_MS_2024_POCOS","evidence_code":"E08"}},{"type":"Feature","geometry":{"type":"Point","coordinates":[-55.11722199999997,-20.750276999999983]},"properties":{"well_id":"3500022805","municipality":"Sidrolândia","aquifer":"Guarani","test_type":"Rebaixamento","test_date":"1989-04-10","static_level_m":11.52,"dynamic_level_m":51.65,"stabilized_yield":12.3,"interpretation_method":"UNKNOWN","source":"SGB_HIDRO_MS_2024_POCOS","evidence_code":"E08"}},{"type":"Feature","geometry":{"type":"Point","coordinates":[-55.46055499999994,-20.716110999999955]},"properties":{"well_id":"3500023204","municipality":"Dois Irmãos do Buriti","aquifer":"Aquidauana","test_type":"Rebaixamento","test_date":"1990-08-05","static_level_m":17.5,"dynamic_level_m":28.5,"stabilized_yield":4.6,"interpretation_method":"UNKNOWN","source":"SGB_HIDRO_MS_2024_POCOS","evidence_code":"E08"}},{"type":"Feature","geometry":{"type":"Point","coordinates":[-51.92972199999997,-19.727776999999946]},"properties":{"well_id":"3500022570","municipality":"Inocência","aquifer":"Serra geral","test_type":"Rebaixamento","test_date":"1973-05-28","static_level_m":54.0,"dynamic_level_m":71.0,"stabilized_yield":3.5,"interpretation_method":"UNKNOWN","source":"SGB_HIDRO_MS_2024_POCOS","evidence_code":"E08"}},{"type":"Feature","geometry":{"type":"Point","coordinates":[-51.70388799999995,-20.78694399999995]},"properties":{"well_id":"3500022574","municipality":"Três Lagoas","aquifer":"Bauru","test_type":"Rebaixamento","test_date":"1974-09-05","static_level_m":12.0,"dynamic_level_m":80.37,"stabilized_yield":34.0,"interpretation_method":"UNKNOWN","source":"SGB_HIDRO_MS_2024_POCOS","evidence_code":"E08"}},{"type":"Feature","geometry":{"type":"Point","coordinates":[-55.32527699999997,-22.080832999999927]},"properties":{"well_id":"3500022618","municipality":"Dourados","aquifer":"Guarani","test_type":"Rebaixamento","test_date":"2001-04-17","static_level_m":6.0,"dynamic_level_m":18.0,"stabilized_yield":15.0,"interpretation_method":"UNKNOWN","source":"SGB_HIDRO_MS_2024_POCOS","evidence_code":"E08"}},{"type":"Feature","geometry":{"type":"Point","coordinates":[-51.11027699999994,-20.06583299999994]},"properties":{"well_id":"3500022636","municipality":"Aparecida do Taboado","aquifer":"Serra geral","test_type":"Rebaixamento","test_date":"2005-12-07","static_level_m":0.5,"dynamic_level_m":0.0,"stabilized_yield":4.5,"interpretation_method":"UNKNOWN","source":"SGB_HIDRO_MS_2024_POCOS","evidence_code":"E08"}},{"type":"Feature","geometry":{"type":"Point","coordinates":[-54.55527699999993,-20.44416599999994]},"properties":{"well_id":"3500022657","municipality":"Campo Grande","aquifer":"Serra geral","test_type":"Rebaixamento","test_date":"1982-03-27","static_level_m":5.0,"dynamic_level_m":40.58,"stabilized_yield":60.0,"interpretation_method":"UNKNOWN","source":"SGB_HIDRO_MS_2024_POCOS","evidence_code":"E08"}},{"type":"Feature","geometry":{"type":"Point","coordinates":[-56.11972199999997,-21.463332999999977]},"properties":{"well_id":"3500022666","municipality":"Guia Lopes da Laguna","aquifer":"Aquidauana","test_type":"Rebaixamento","test_date":"1978-02-02","static_level_m":3.27,"dynamic_level_m":83.9,"stabilized_yield":1.5,"interpretation_method":"UNKNOWN","source":"SGB_HIDRO_MS_2024_POCOS","evidence_code":"E08"}},{"type":"Feature","geometry":{"type":"Point","coordinates":[-55.15805499999993,-21.62611099999998]},"properties":{"well_id":"3500022857","municipality":"Maracaju","aquifer":"Guarani","test_type":"Rebaixamento","test_date":"2004-04-16","static_level_m":27.0,"dynamic_level_m":38.0,"stabilized_yield":57.0,"interpretation_method":"UNKNOWN","source":"SGB_HIDRO_MS_2024_POCOS","evidence_code":"E08"}},{"type":"Feature","geometry":{"type":"Point","coordinates":[-54.654721999999936,-20.499999999999943]},"properties":{"well_id":"3500022887","municipality":"Campo Grande","aquifer":"Guarani","test_type":"Rebaixamento","test_date":"1976-11-13","static_level_m":37.5,"dynamic_level_m":43.5,"stabilized_yield":28.3,"interpretation_method":"UNKNOWN","source":"SGB_HIDRO_MS_2024_POCOS","evidence_code":"E08"}},{"type":"Feature","geometry":{"type":"Point","coordinates":[-54.56888799999996,-20.466943999999955]},"properties":{"well_id":"3500022920","municipality":"Campo Grande","aquifer":"Guarani","test_type":"Rebaixamento","test_date":"1994-01-14","static_level_m":18.0,"dynamic_level_m":50.0,"stabilized_yield":26.4,"interpretation_method":"UNKNOWN","source":"SGB_HIDRO_MS_2024_POCOS","evidence_code":"E08"}},{"type":"Feature","geometry":{"type":"Point","coordinates":[-53.767499999999984,-22.144721999999945]},"properties":{"well_id":"3500022937","municipality":"Angélica","aquifer":"Serra geral","test_type":"Rebaixamento","test_date":"1978-03-17","static_level_m":37.0,"dynamic_level_m":111.0,"stabilized_yield":0.9,"interpretation_method":"UNKNOWN","source":"SGB_HIDRO_MS_2024_POCOS","evidence_code":"E08"}},{"type":"Feature","geometry":{"type":"Point","coordinates":[-54.572221999999954,-20.402499999999975]},"properties":{"well_id":"3500022952","municipality":"Campo Grande","aquifer":"Serra geral","test_type":"Rebaixamento","test_date":"1982-06-25","static_level_m":28.1,"dynamic_level_m":66.28,"stabilized_yield":25.55,"interpretation_method":"UNKNOWN","source":"SGB_HIDRO_MS_2024_POCOS","evidence_code":"E08"}},{"type":"Feature","geometry":{"type":"Point","coordinates":[-52.87138799999997,-20.446387999999956]},"properties":{"well_id":"3500022960","municipality":"Água Clara","aquifer":"Serra geral","test_type":"Rebaixamento","test_date":"2002-03-19","static_level_m":12.0,"dynamic_level_m":33.0,"stabilized_yield":16.0,"interpretation_method":"UNKNOWN","source":"SGB_HIDRO_MS_2024_POCOS","evidence_code":"E08"}},{"type":"Feature","geometry":{"type":"Point","coordinates":[-52.872221999999965,-20.446387999999956]},"properties":{"well_id":"3500022969","municipality":"Água Clara","aquifer":"Serra geral","test_type":"Rebaixamento","test_date":"2002-03-24","static_level_m":21.0,"dynamic_level_m":38.5,"stabilized_yield":20.0,"interpretation_method":"UNKNOWN","source":"SGB_HIDRO_MS_2024_POCOS","evidence_code":"E08"}},{"type":"Feature","geometry":{"type":"Point","coordinates":[-54.84694399999995,-18.914999999999964]},"properties":{"well_id":"3500023007","municipality":"Rio Verde de Mato Grosso","aquifer":"Furnas","test_type":"Rebaixamento","test_date":"2002-05-12","static_level_m":32.0,"dynamic_level_m":66.0,"stabilized_yield":21.0,"interpretation_method":"UNKNOWN","source":"SGB_HIDRO_MS_2024_POCOS","evidence_code":"E08"}},{"type":"Feature","geometry":{"type":"Point","coordinates":[-53.872499999999945,-20.42111099999994]},"properties":{"well_id":"3500023099","municipality":"Ribas do Rio Pardo","aquifer":"Serra geral","test_type":"Rebaixamento","test_date":"1992-02-09","static_level_m":0.0,"dynamic_level_m":0.0,"stabilized_yield":0.0,"interpretation_method":"UNKNOWN","source":"SGB_HIDRO_MS_2024_POCOS","evidence_code":"E08"}},{"type":"Feature","geometry":{"type":"Point","coordinates":[-54.57472199999995,-19.383332999999936]},"properties":{"well_id":"3500023102","municipality":"São Gabriel do Oeste","aquifer":"Guarani","test_type":"Rebaixamento","test_date":"1980-02-20","static_level_m":17.0,"dynamic_level_m":32.0,"stabilized_yield":11.5,"interpretation_method":"UNKNOWN","source":"SGB_HIDRO_MS_2024_POCOS","evidence_code":"E08"}},{"type":"Feature","geometry":{"type":"Point","coordinates":[-53.771387999999945,-22.15916599999997]},"properties":{"well_id":"3500023172","municipality":"Angélica","aquifer":"","test_type":"Rebaixamento","test_date":"1978-03-21","static_level_m":13.0,"dynamic_level_m":31.24,"stabilized_yield":18.4,"interpretation_method":"UNKNOWN","source":"SGB_HIDRO_MS_2024_POCOS","evidence_code":"E08"}},{"type":"Feature","geometry":{"type":"Point","coordinates":[-54.84777699999995,-18.92194399999994]},"properties":{"well_id":"3500023008","municipality":"Rio Verde de Mato Grosso","aquifer":"","test_type":"Rebaixamento","test_date":"1974-09-01","static_level_m":5.0,"dynamic_level_m":13.3,"stabilized_yield":30.0,"interpretation_method":"UNKNOWN","source":"SGB_HIDRO_MS_2024_POCOS","evidence_code":"E08"}},{"type":"Feature","geometry":{"type":"Point","coordinates":[-54.165832999999964,-23.488887999999974]},"properties":{"well_id":"3500023365","municipality":"Itaquiraí","aquifer":"","test_type":"Rebaixamento","test_date":"1992-08-06","static_level_m":14.0,"dynamic_level_m":29.0,"stabilized_yield":12.0,"interpretation_method":"UNKNOWN","source":"SGB_HIDRO_MS_2024_POCOS","evidence_code":"E08"}},{"type":"Feature","geometry":{"type":"Point","coordinates":[-54.639999999999986,-20.41888799999998]},"properties":{"well_id":"3500022927","municipality":"Campo Grande","aquifer":"Guarani","test_type":"Rebaixamento","test_date":"2003-08-20","static_level_m":194.0,"dynamic_level_m":360.0,"stabilized_yield":210.0,"interpretation_method":"UNKNOWN","source":"SGB_HIDRO_MS_2024_POCOS","evidence_code":"E08"}},{"type":"Feature","geometry":{"type":"Point","coordinates":[-54.550832999999955,-20.47111099999995]},"properties":{"well_id":"3500045329","municipality":"Campo Grande","aquifer":"Serra geral","test_type":"Rebaixamento","test_date":"1983-01-01","static_level_m":1.0,"dynamic_level_m":38.0,"stabilized_yield":17.0,"interpretation_method":"UNKNOWN","source":"SGB_HIDRO_MS_2024_POCOS","evidence_code":"E08"}},{"type":"Feature","geometry":{"type":"Point","coordinates":[-55.58611099999996,-23.023887999999943]},"properties":{"well_id":"3500023159","municipality":"Aral Moreira","aquifer":"Serra geral","test_type":"Escalonado","test_date":"1981-04-14","static_level_m":4.57,"dynamic_level_m":20.67,"stabilized_yield":23.29,"interpretation_method":"UNKNOWN","source":"SGB_HIDRO_MS_2024_POCOS","evidence_code":"E08"}},{"type":"Feature","geometry":{"type":"Point","coordinates":[-55.426387999999974,-23.88999999999993]},"properties":{"well_id":"3500023351","municipality":"Paranhos","aquifer":"Bauru","test_type":"Escalonado","test_date":"1981-10-03","static_level_m":19.5,"dynamic_level_m":33.58,"stabilized_yield":22.0,"interpretation_method":"UNKNOWN","source":"SGB_HIDRO_MS_2024_POCOS","evidence_code":"E08"}},{"type":"Feature","geometry":{"type":"Point","coordinates":[-54.82111099999997,-22.631943999999976]},"properties":{"well_id":"3500023369","municipality":"Caarapó","aquifer":"Serra geral","test_type":"Rebaixamento","test_date":"1980-10-21","static_level_m":10.9,"dynamic_level_m":85.44,"stabilized_yield":8.0,"interpretation_method":"UNKNOWN","source":"SGB_HIDRO_MS_2024_POCOS","evidence_code":"E08"}},{"type":"Feature","geometry":{"type":"Point","coordinates":[-54.82361099999997,-22.642499999999927]},"properties":{"well_id":"3500023370","municipality":"Caarapó","aquifer":"Serra geral","test_type":"Rebaixamento","test_date":"1984-07-13","static_level_m":18.0,"dynamic_level_m":22.1,"stabilized_yield":45.0,"interpretation_method":"UNKNOWN","source":"SGB_HIDRO_MS_2024_POCOS","evidence_code":"E08"}},{"type":"Feature","geometry":{"type":"Point","coordinates":[-54.64027699999997,-20.41888799999998]},"properties":{"well_id":"3500023394","municipality":"Campo Grande","aquifer":"Guarani","test_type":"Rebaixamento","test_date":"1997-04-30","static_level_m":194.0,"dynamic_level_m":230.0,"stabilized_yield":60.0,"interpretation_method":"UNKNOWN","source":"SGB_HIDRO_MS_2024_POCOS","evidence_code":"E08"}},{"type":"Feature","geometry":{"type":"Point","coordinates":[-54.87055499999997,-20.439165999999943]},"properties":{"well_id":"3500022822","municipality":"Terenos","aquifer":"Serra geral","test_type":"Rebaixamento","test_date":"1984-07-16","static_level_m":9.05,"dynamic_level_m":29.09,"stabilized_yield":32.72,"interpretation_method":"UNKNOWN","source":"SGB_HIDRO_MS_2024_POCOS","evidence_code":"E08"}},{"type":"Feature","geometry":{"type":"Point","coordinates":[-54.64305499999995,-20.468332999999973]},"properties":{"well_id":"3500022472","municipality":"Campo Grande","aquifer":"Serra geral","test_type":"Rebaixamento","test_date":"1992-08-27","static_level_m":8.0,"dynamic_level_m":43.0,"stabilized_yield":46.5,"interpretation_method":"UNKNOWN","source":"SGB_HIDRO_MS_2024_POCOS","evidence_code":"E08"}},{"type":"Feature","geometry":{"type":"Point","coordinates":[-54.039999999999964,-19.558332999999948]},"properties":{"well_id":"3500022596","municipality":"Camapuã","aquifer":"Guarani","test_type":"Rebaixamento","test_date":"1994-10-01","static_level_m":30.0,"dynamic_level_m":75.0,"stabilized_yield":15.6,"interpretation_method":"UNKNOWN","source":"SGB_HIDRO_MS_2024_POCOS","evidence_code":"E08"}},{"type":"Feature","geometry":{"type":"Point","coordinates":[-55.82361099999997,-21.143332999999927]},"properties":{"well_id":"3500022801","municipality":"Nioaque","aquifer":"Guarani","test_type":"Rebaixamento","test_date":"1987-05-15","static_level_m":27.0,"dynamic_level_m":31.5,"stabilized_yield":15.0,"interpretation_method":"UNKNOWN","source":"SGB_HIDRO_MS_2024_POCOS","evidence_code":"E08"}},{"type":"Feature","geometry":{"type":"Point","coordinates":[-54.539443999999946,-21.803610999999933]},"properties":{"well_id":"3500022873","municipality":"Rio Brilhante","aquifer":"Serra geral","test_type":"Rebaixamento","test_date":"1987-04-29","static_level_m":18.96,"dynamic_level_m":47.84,"stabilized_yield":44.0,"interpretation_method":"UNKNOWN","source":"SGB_HIDRO_MS_2024_POCOS","evidence_code":"E08"}},{"type":"Feature","geometry":{"type":"Point","coordinates":[-54.61666599999995,-22.13166599999994]},"properties":{"well_id":"3500022882","municipality":"Dourados","aquifer":"Serra geral","test_type":"Rebaixamento","test_date":"1973-03-07","static_level_m":9.8,"dynamic_level_m":34.0,"stabilized_yield":33.0,"interpretation_method":"UNKNOWN","source":"SGB_HIDRO_MS_2024_POCOS","evidence_code":"E08"}},{"type":"Feature","geometry":{"type":"Point","coordinates":[-53.75583299999994,-20.43999999999994]},"properties":{"well_id":"3500022980","municipality":"Ribas do Rio Pardo","aquifer":"Serra geral","test_type":"Rebaixamento","test_date":"1979-08-31","static_level_m":14.3,"dynamic_level_m":18.04,"stabilized_yield":23.22,"interpretation_method":"UNKNOWN","source":"SGB_HIDRO_MS_2024_POCOS","evidence_code":"E08"}},{"type":"Feature","geometry":{"type":"Point","coordinates":[-54.66194399999995,-20.48138799999998]},"properties":{"well_id":"3500022487","municipality":"Campo Grande","aquifer":"Serra geral","test_type":"Rebaixamento","test_date":"1996-07-04","static_level_m":4.0,"dynamic_level_m":18.5,"stabilized_yield":20.3,"interpretation_method":"UNKNOWN","source":"SGB_HIDRO_MS_2024_POCOS","evidence_code":"E08"}},{"type":"Feature","geometry":{"type":"Point","coordinates":[-54.623054999999965,-20.436665999999946]},"properties":{"well_id":"3500022495","municipality":"Campo Grande","aquifer":"Serra geral","test_type":"Rebaixamento","test_date":"1984-12-13","static_level_m":1.2,"dynamic_level_m":30.05,"stabilized_yield":108.0,"interpretation_method":"UNKNOWN","source":"SGB_HIDRO_MS_2024_POCOS","evidence_code":"E08"}},{"type":"Feature","geometry":{"type":"Point","coordinates":[-54.66083299999997,-20.41916599999996]},"properties":{"well_id":"3500022523","municipality":"Campo Grande","aquifer":"Serra geral","test_type":"Rebaixamento","test_date":"1994-12-15","static_level_m":14.0,"dynamic_level_m":20.0,"stabilized_yield":72.0,"interpretation_method":"UNKNOWN","source":"SGB_HIDRO_MS_2024_POCOS","evidence_code":"E08"}},{"type":"Feature","geometry":{"type":"Point","coordinates":[-54.582221999999945,-20.685276999999928]},"properties":{"well_id":"3500022532","municipality":"Campo Grande","aquifer":"Serra geral","test_type":"Rebaixamento","test_date":"1997-06-26","static_level_m":8.0,"dynamic_level_m":14.0,"stabilized_yield":20.31,"interpretation_method":"UNKNOWN","source":"SGB_HIDRO_MS_2024_POCOS","evidence_code":"E08"}},{"type":"Feature","geometry":{"type":"Point","coordinates":[-54.65611099999995,-20.53361099999995]},"properties":{"well_id":"3500022536","municipality":"Campo Grande","aquifer":"Serra geral","test_type":"Rebaixamento","test_date":"1996-01-27","static_level_m":43.0,"dynamic_level_m":49.0,"stabilized_yield":54.6,"interpretation_method":"UNKNOWN","source":"SGB_HIDRO_MS_2024_POCOS","evidence_code":"E08"}},{"type":"Feature","geometry":{"type":"Point","coordinates":[-53.83666599999998,-22.309721999999965]},"properties":{"well_id":"3500022545","municipality":"Ivinhema","aquifer":"Caiua","test_type":"Rebaixamento","test_date":"1978-04-10","static_level_m":38.0,"dynamic_level_m":41.0,"stabilized_yield":20.8,"interpretation_method":"UNKNOWN","source":"SGB_HIDRO_MS_2024_POCOS","evidence_code":"E08"}},{"type":"Feature","geometry":{"type":"Point","coordinates":[-51.74999999999994,-19.10749999999996]},"properties":{"well_id":"3500022562","municipality":"Cassilândia","aquifer":"Caiua","test_type":"Rebaixamento","test_date":"1984-01-23","static_level_m":50.0,"dynamic_level_m":85.0,"stabilized_yield":9.6,"interpretation_method":"UNKNOWN","source":"SGB_HIDRO_MS_2024_POCOS","evidence_code":"E08"}},{"type":"Feature","geometry":{"type":"Point","coordinates":[-55.45083299999993,-22.22277699999995]},"properties":{"well_id":"3500022623","municipality":"Ponta Porã","aquifer":"Caiua","test_type":"Rebaixamento","test_date":"2002-02-04","static_level_m":7.5,"dynamic_level_m":0.0,"stabilized_yield":0.0,"interpretation_method":"UNKNOWN","source":"SGB_HIDRO_MS_2024_POCOS","evidence_code":"E08"}},{"type":"Feature","geometry":{"type":"Point","coordinates":[-57.73999999999995,-19.071665999999937]},"properties":{"well_id":"3500022625","municipality":"Corumbá","aquifer":"Não definido","test_type":"Rebaixamento","test_date":"1994-02-24","static_level_m":6.32,"dynamic_level_m":76.89,"stabilized_yield":33.0,"interpretation_method":"UNKNOWN","source":"SGB_HIDRO_MS_2024_POCOS","evidence_code":"E08"}},{"type":"Feature","geometry":{"type":"Point","coordinates":[-54.96444399999996,-19.29472199999998]},"properties":{"well_id":"3500022639","municipality":"Rio Negro","aquifer":"Furnas","test_type":"Rebaixamento","test_date":"1984-05-03","static_level_m":10.0,"dynamic_level_m":39.0,"stabilized_yield":21.0,"interpretation_method":"UNKNOWN","source":"SGB_HIDRO_MS_2024_POCOS","evidence_code":"E08"}},{"type":"Feature","geometry":{"type":"Point","coordinates":[-53.59805499999993,-22.383332999999936]},"properties":{"well_id":"3500022645","municipality":"Ivinhema","aquifer":"Caiua","test_type":"Rebaixamento","test_date":"2001-11-28","static_level_m":12.0,"dynamic_level_m":18.0,"stabilized_yield":9.0,"interpretation_method":"UNKNOWN","source":"SGB_HIDRO_MS_2024_POCOS","evidence_code":"E08"}},{"type":"Feature","geometry":{"type":"Point","coordinates":[-54.371110999999985,-21.447499999999934]},"properties":{"well_id":"3500022648","municipality":"Nova Alvorada do Sul","aquifer":"Serra geral","test_type":"Rebaixamento","test_date":"2002-03-06","static_level_m":10.0,"dynamic_level_m":85.0,"stabilized_yield":18.0,"interpretation_method":"UNKNOWN","source":"SGB_HIDRO_MS_2024_POCOS","evidence_code":"E08"}},{"type":"Feature","geometry":{"type":"Point","coordinates":[-54.55416599999995,-20.441110999999978]},"properties":{"well_id":"3500022670","municipality":"Campo Grande","aquifer":"Caiua","test_type":"Rebaixamento","test_date":"1997-01-06","static_level_m":13.0,"dynamic_level_m":23.0,"stabilized_yield":50.0,"interpretation_method":"UNKNOWN","source":"SGB_HIDRO_MS_2024_POCOS","evidence_code":"E08"}},{"type":"Feature","geometry":{"type":"Point","coordinates":[-53.82805499999995,-22.304165999999952]},"properties":{"well_id":"3500022676","municipality":"Ivinhema","aquifer":"Caiua","test_type":"Rebaixamento","test_date":"1991-06-11","static_level_m":37.0,"dynamic_level_m":58.0,"stabilized_yield":49.0,"interpretation_method":"UNKNOWN","source":"SGB_HIDRO_MS_2024_POCOS","evidence_code":"E08"}},{"type":"Feature","geometry":{"type":"Point","coordinates":[-54.19222199999996,-23.052776999999935]},"properties":{"well_id":"3500022721","municipality":"Naviraí","aquifer":"Caiua","test_type":"Rebaixamento","test_date":"1993-12-14","static_level_m":30.0,"dynamic_level_m":55.0,"stabilized_yield":57.6,"interpretation_method":"UNKNOWN","source":"SGB_HIDRO_MS_2024_POCOS","evidence_code":"E08"}},{"type":"Feature","geometry":{"type":"Point","coordinates":[-55.77777699999996,-20.47194399999995]},"properties":{"well_id":"3500022761","municipality":"Aquidauana","aquifer":"Aquidauana","test_type":"Rebaixamento","test_date":"1969-01-02","static_level_m":0.0,"dynamic_level_m":44.0,"stabilized_yield":25.0,"interpretation_method":"UNKNOWN","source":"SGB_HIDRO_MS_2024_POCOS","evidence_code":"E08"}},{"type":"Feature","geometry":{"type":"Point","coordinates":[-55.76333299999993,-20.47305499999993]},"properties":{"well_id":"3500022771","municipality":"Aquidauana","aquifer":"Aquidauana","test_type":"Rebaixamento","test_date":"1981-01-02","static_level_m":14.0,"dynamic_level_m":28.0,"stabilized_yield":15.84,"interpretation_method":"UNKNOWN","source":"SGB_HIDRO_MS_2024_POCOS","evidence_code":"E08"}},{"type":"Feature","geometry":{"type":"Point","coordinates":[-56.69027699999998,-20.553332999999952]},"properties":{"well_id":"3500022772","municipality":"Bodoquena","aquifer":"Rocha sedimentar","test_type":"Rebaixamento","test_date":"2005-02-25","static_level_m":6.5,"dynamic_level_m":109.2,"stabilized_yield":5.07,"interpretation_method":"UNKNOWN","source":"SGB_HIDRO_MS_2024_POCOS","evidence_code":"E08"}},{"type":"Feature","geometry":{"type":"Point","coordinates":[-56.37999999999994,-20.258610999999974]},"properties":{"well_id":"3500022793","municipality":"Miranda","aquifer":"Cuiaba","test_type":"Rebaixamento","test_date":"1991-06-01","static_level_m":11.0,"dynamic_level_m":35.0,"stabilized_yield":9.0,"interpretation_method":"UNKNOWN","source":"SGB_HIDRO_MS_2024_POCOS","evidence_code":"E08"}},{"type":"Feature","geometry":{"type":"Point","coordinates":[-56.884999999999934,-20.538610999999946]},"properties":{"well_id":"3500022795","municipality":"Bodoquena","aquifer":"Cuiaba","test_type":"Rebaixamento","test_date":"1981-04-25","static_level_m":0.42,"dynamic_level_m":88.69,"stabilized_yield":1.15,"interpretation_method":"UNKNOWN","source":"SGB_HIDRO_MS_2024_POCOS","evidence_code":"E08"}},{"type":"Feature","geometry":{"type":"Point","coordinates":[-54.81555499999996,-22.206943999999964]},"properties":{"well_id":"3500022836","municipality":"Dourados","aquifer":"Serra geral","test_type":"Rebaixamento","test_date":"1981-01-02","static_level_m":17.8,"dynamic_level_m":52.5,"stabilized_yield":17.0,"interpretation_method":"UNKNOWN","source":"SGB_HIDRO_MS_2024_POCOS","evidence_code":"E08"}},{"type":"Feature","geometry":{"type":"Point","coordinates":[-54.79916599999996,-22.079721999999947]},"properties":{"well_id":"3500022853","municipality":"Itaporã","aquifer":"Serra geral","test_type":"Rebaixamento","test_date":"2003-10-16","static_level_m":8.0,"dynamic_level_m":46.07,"stabilized_yield":6.6,"interpretation_method":"UNKNOWN","source":"SGB_HIDRO_MS_2024_POCOS","evidence_code":"E08"}},{"type":"Feature","geometry":{"type":"Point","coordinates":[-55.163887999999986,-21.609721999999977]},"properties":{"well_id":"3500022861","municipality":"Maracaju","aquifer":"Serra geral","test_type":"Rebaixamento","test_date":"2005-03-15","static_level_m":39.8,"dynamic_level_m":47.0,"stabilized_yield":45.7,"interpretation_method":"UNKNOWN","source":"SGB_HIDRO_MS_2024_POCOS","evidence_code":"E08"}},{"type":"Feature","geometry":{"type":"Point","coordinates":[-55.16749999999996,-21.62694399999998]},"properties":{"well_id":"3500022862","municipality":"Maracaju","aquifer":"Serra geral","test_type":"Rebaixamento","test_date":"2006-01-30","static_level_m":6.0,"dynamic_level_m":17.0,"stabilized_yield":30.0,"interpretation_method":"UNKNOWN","source":"SGB_HIDRO_MS_2024_POCOS","evidence_code":"E08"}},{"type":"Feature","geometry":{"type":"Point","coordinates":[-54.542776999999944,-21.801943999999935]},"properties":{"well_id":"3500022876","municipality":"Rio Brilhante","aquifer":"Serra geral","test_type":"Rebaixamento","test_date":"1975-02-27","static_level_m":4.0,"dynamic_level_m":7.0,"stabilized_yield":27.8,"interpretation_method":"UNKNOWN","source":"SGB_HIDRO_MS_2024_POCOS","evidence_code":"E08"}},{"type":"Feature","geometry":{"type":"Point","coordinates":[-54.569999999999936,-20.484999999999957]},"properties":{"well_id":"3500022917","municipality":"Campo Grande","aquifer":"Serra geral","test_type":"Rebaixamento","test_date":"1995-04-12","static_level_m":15.0,"dynamic_level_m":22.0,"stabilized_yield":27.0,"interpretation_method":"UNKNOWN","source":"SGB_HIDRO_MS_2024_POCOS","evidence_code":"E08"}},{"type":"Feature","geometry":{"type":"Point","coordinates":[-54.57166599999994,-20.559721999999965]},"properties":{"well_id":"3500022921","municipality":"Campo Grande","aquifer":"Serra geral","test_type":"Rebaixamento","test_date":"1994-06-26","static_level_m":4.9,"dynamic_level_m":18.4,"stabilized_yield":8.36,"interpretation_method":"UNKNOWN","source":"SGB_HIDRO_MS_2024_POCOS","evidence_code":"E08"}},{"type":"Feature","geometry":{"type":"Point","coordinates":[-54.61722199999997,-20.552499999999952]},"properties":{"well_id":"3500022923","municipality":"Campo Grande","aquifer":"Serra geral","test_type":"Rebaixamento","test_date":"1993-11-25","static_level_m":11.0,"dynamic_level_m":71.0,"stabilized_yield":2.0,"interpretation_method":"UNKNOWN","source":"SGB_HIDRO_MS_2024_POCOS","evidence_code":"E08"}},{"type":"Feature","geometry":{"type":"Point","coordinates":[-54.62555499999996,-20.436110999999983]},"properties":{"well_id":"3500022951","municipality":"Campo Grande","aquifer":"Serra geral","test_type":"Rebaixamento","test_date":"1982-10-20","static_level_m":13.05,"dynamic_level_m":48.53,"stabilized_yield":11.6,"interpretation_method":"UNKNOWN","source":"SGB_HIDRO_MS_2024_POCOS","evidence_code":"E08"}},{"type":"Feature","geometry":{"type":"Point","coordinates":[-52.87999999999994,-20.445554999999956]},"properties":{"well_id":"3500022966","municipality":"Água Clara","aquifer":"Bauru","test_type":"Rebaixamento","test_date":"1979-12-23","static_level_m":10.0,"dynamic_level_m":52.7,"stabilized_yield":3.0,"interpretation_method":"UNKNOWN","source":"SGB_HIDRO_MS_2024_POCOS","evidence_code":"E08"}},{"type":"Feature","geometry":{"type":"Point","coordinates":[-54.405554999999936,-23.893610999999964]},"properties":{"well_id":"3500023025","municipality":"Japorã","aquifer":"Caiua","test_type":"Rebaixamento","test_date":"1986-11-28","static_level_m":24.9,"dynamic_level_m":41.2,"stabilized_yield":14.6,"interpretation_method":"UNKNOWN","source":"SGB_HIDRO_MS_2024_POCOS","evidence_code":"E08"}},{"type":"Feature","geometry":{"type":"Point","coordinates":[-53.85777699999994,-22.651665999999977]},"properties":{"well_id":"3500023109","municipality":"Novo Horizonte do Sul","aquifer":"Caiua","test_type":"Rebaixamento","test_date":"1990-11-07","static_level_m":27.0,"dynamic_level_m":58.5,"stabilized_yield":19.8,"interpretation_method":"UNKNOWN","source":"SGB_HIDRO_MS_2024_POCOS","evidence_code":"E08"}},{"type":"Feature","geometry":{"type":"Point","coordinates":[-57.694443999999976,-19.090554999999938]},"properties":{"well_id":"3500023115","municipality":"Corumbá","aquifer":"Não definido","test_type":"Rebaixamento","test_date":"2001-10-10","static_level_m":6.95,"dynamic_level_m":111.0,"stabilized_yield":11.0,"interpretation_method":"UNKNOWN","source":"SGB_HIDRO_MS_2024_POCOS","evidence_code":"E08"}},{"type":"Feature","geometry":{"type":"Point","coordinates":[-53.77416599999998,-22.158054999999933]},"properties":{"well_id":"3500023175","municipality":"Angélica","aquifer":"Serra geral","test_type":"Rebaixamento","test_date":"1973-08-24","static_level_m":37.0,"dynamic_level_m":111.0,"stabilized_yield":0.9,"interpretation_method":"UNKNOWN","source":"SGB_HIDRO_MS_2024_POCOS","evidence_code":"E08"}},{"type":"Feature","geometry":{"type":"Point","coordinates":[-55.49861099999998,-20.78472199999993]},"properties":{"well_id":"3500023207","municipality":"Anastácio","aquifer":"Bauru","test_type":"Rebaixamento","test_date":"1997-02-14","static_level_m":17.0,"dynamic_level_m":60.36,"stabilized_yield":6.87,"interpretation_method":"UNKNOWN","source":"SGB_HIDRO_MS_2024_POCOS","evidence_code":"E08"}},{"type":"Feature","geometry":{"type":"Point","coordinates":[-51.708054999999945,-20.78638799999993]},"properties":{"well_id":"3500023302","municipality":"Três Lagoas","aquifer":"Caiua","test_type":"Rebaixamento","test_date":"1996-08-06","static_level_m":16.0,"dynamic_level_m":31.0,"stabilized_yield":50.0,"interpretation_method":"UNKNOWN","source":"SGB_HIDRO_MS_2024_POCOS","evidence_code":"E08"}},{"type":"Feature","geometry":{"type":"Point","coordinates":[-53.885832999999934,-22.616665999999952]},"properties":{"well_id":"3500023376","municipality":"Novo Horizonte do Sul","aquifer":"Bauru","test_type":"Rebaixamento","test_date":"1989-04-17","static_level_m":26.73,"dynamic_level_m":74.51,"stabilized_yield":7.4,"interpretation_method":"UNKNOWN","source":"SGB_HIDRO_MS_2024_POCOS","evidence_code":"E08"}},{"type":"Feature","geometry":{"type":"Point","coordinates":[-54.61111099999994,-19.28277799999995]},"properties":{"well_id":"3500030628","municipality":"São Gabriel do Oeste","aquifer":"Serra geral","test_type":"Rebaixamento","test_date":"2009-04-10","static_level_m":38.0,"dynamic_level_m":40.0,"stabilized_yield":20.5,"interpretation_method":"UNKNOWN","source":"SGB_HIDRO_MS_2024_POCOS","evidence_code":"E08"}},{"type":"Feature","geometry":{"type":"Point","coordinates":[-54.04888799999998,-19.51555499999995]},"properties":{"well_id":"3500023251","municipality":"Camapuã","aquifer":"Guarani","test_type":"Escalonado","test_date":"1991-09-21","static_level_m":20.7,"dynamic_level_m":79.4,"stabilized_yield":26.0,"interpretation_method":"UNKNOWN","source":"SGB_HIDRO_MS_2024_POCOS","evidence_code":"E08"}},{"type":"Feature","geometry":{"type":"Point","coordinates":[-54.28416599999997,-23.781387999999936]},"properties":{"well_id":"3500022703","municipality":"Eldorado","aquifer":"Caiua","test_type":"Rebaixamento","test_date":"1979-01-02","static_level_m":32.0,"dynamic_level_m":59.0,"stabilized_yield":17.0,"interpretation_method":"UNKNOWN","source":"SGB_HIDRO_MS_2024_POCOS","evidence_code":"E08"}},{"type":"Feature","geometry":{"type":"Point","coordinates":[-54.559721999999965,-23.68138799999997]},"properties":{"well_id":"3500022705","municipality":"Iguatemi","aquifer":"Caiua","test_type":"Rebaixamento","test_date":"2004-09-15","static_level_m":4.0,"dynamic_level_m":95.0,"stabilized_yield":29.1,"interpretation_method":"UNKNOWN","source":"SGB_HIDRO_MS_2024_POCOS","evidence_code":"E08"}},{"type":"Feature","geometry":{"type":"Point","coordinates":[-55.36833299999995,-22.59888799999993]},"properties":{"well_id":"3500022716","municipality":"Ponta Porã","aquifer":"Serra geral","test_type":"Rebaixamento","test_date":"1996-12-23","static_level_m":12.0,"dynamic_level_m":45.0,"stabilized_yield":23.0,"interpretation_method":"UNKNOWN","source":"SGB_HIDRO_MS_2024_POCOS","evidence_code":"E08"}},{"type":"Feature","geometry":{"type":"Point","coordinates":[-55.70055499999995,-22.558610999999928]},"properties":{"well_id":"3500022732","municipality":"Ponta Porã","aquifer":"Serra geral","test_type":"Rebaixamento","test_date":"1975-01-31","static_level_m":4.0,"dynamic_level_m":35.0,"stabilized_yield":60.0,"interpretation_method":"UNKNOWN","source":"SGB_HIDRO_MS_2024_POCOS","evidence_code":"E08"}},{"type":"Feature","geometry":{"type":"Point","coordinates":[-55.71555499999994,-22.507499999999936]},"properties":{"well_id":"3500022734","municipality":"Ponta Porã","aquifer":"Serra geral","test_type":"Rebaixamento","test_date":"1981-07-20","static_level_m":17.1,"dynamic_level_m":42.0,"stabilized_yield":11.3,"interpretation_method":"UNKNOWN","source":"SGB_HIDRO_MS_2024_POCOS","evidence_code":"E08"}},{"type":"Feature","geometry":{"type":"Point","coordinates":[-55.69111099999998,-22.573887999999954]},"properties":{"well_id":"3500022742","municipality":"Ponta Porã","aquifer":"Serra geral","test_type":"Rebaixamento","test_date":"1997-01-02","static_level_m":5.0,"dynamic_level_m":49.0,"stabilized_yield":39.0,"interpretation_method":"UNKNOWN","source":"SGB_HIDRO_MS_2024_POCOS","evidence_code":"E08"}},{"type":"Feature","geometry":{"type":"Point","coordinates":[-56.44999999999993,-21.08888799999994]},"properties":{"well_id":"3500023050","municipality":"Bonito","aquifer":"Cuiaba","test_type":"Rebaixamento","test_date":"1990-01-15","static_level_m":3.0,"dynamic_level_m":60.0,"stabilized_yield":1.5,"interpretation_method":"UNKNOWN","source":"SGB_HIDRO_MS_2024_POCOS","evidence_code":"E08"}},{"type":"Feature","geometry":{"type":"Point","coordinates":[-56.47305499999993,-21.09972199999993]},"properties":{"well_id":"3500023057","municipality":"Bonito","aquifer":"Cuiaba","test_type":"Rebaixamento","test_date":"2000-01-01","static_level_m":5.0,"dynamic_level_m":36.0,"stabilized_yield":4.0,"interpretation_method":"UNKNOWN","source":"SGB_HIDRO_MS_2024_POCOS","evidence_code":"E08"}},{"type":"Feature","geometry":{"type":"Point","coordinates":[-56.49527699999999,-21.109721999999977]},"properties":{"well_id":"3500023061","municipality":"Bonito","aquifer":"Cuiaba","test_type":"Rebaixamento","test_date":"2000-03-07","static_level_m":9.5,"dynamic_level_m":78.0,"stabilized_yield":18.0,"interpretation_method":"UNKNOWN","source":"SGB_HIDRO_MS_2024_POCOS","evidence_code":"E08"}},{"type":"Feature","geometry":{"type":"Point","coordinates":[-56.496943999999985,-21.13166599999994]},"properties":{"well_id":"3500023073","municipality":"Bonito","aquifer":"Cuiaba","test_type":"Rebaixamento","test_date":"2001-04-20","static_level_m":6.5,"dynamic_level_m":13.0,"stabilized_yield":20.0,"interpretation_method":"UNKNOWN","source":"SGB_HIDRO_MS_2024_POCOS","evidence_code":"E08"}},{"type":"Feature","geometry":{"type":"Point","coordinates":[-56.498054999999965,-21.122499999999945]},"properties":{"well_id":"3500023079","municipality":"Bonito","aquifer":"Cuiaba","test_type":"Rebaixamento","test_date":"1970-07-15","static_level_m":12.0,"dynamic_level_m":20.0,"stabilized_yield":1.5,"interpretation_method":"UNKNOWN","source":"SGB_HIDRO_MS_2024_POCOS","evidence_code":"E08"}},{"type":"Feature","geometry":{"type":"Point","coordinates":[-52.61972199999997,-18.791943999999944]},"properties":{"well_id":"3500045465","municipality":"Chapadão do Sul","aquifer":"Não definido","test_type":"Rebaixamento","test_date":"2010-01-25","static_level_m":42.0,"dynamic_level_m":47.0,"stabilized_yield":45.0,"interpretation_method":"UNKNOWN","source":"SGB_HIDRO_MS_2024_POCOS","evidence_code":"E08"}},{"type":"Feature","geometry":{"type":"Point","coordinates":[-54.22972199999998,-22.406665999999973]},"properties":{"well_id":"3500023036","municipality":"Glória de Dourados","aquifer":"Serra geral","test_type":"Rebaixamento","test_date":"1978-11-20","static_level_m":20.0,"dynamic_level_m":32.0,"stabilized_yield":26.4,"interpretation_method":"UNKNOWN","source":"SGB_HIDRO_MS_2024_POCOS","evidence_code":"E08"}},{"type":"Feature","geometry":{"type":"Point","coordinates":[-53.72888899999998,-20.277499999999975]},"properties":{"well_id":"3500067702","municipality":"Ribas do Rio Pardo","aquifer":"Serra geral","test_type":"Rebaixamento","test_date":"2018-07-30","static_level_m":29.3,"dynamic_level_m":63.3,"stabilized_yield":14.4,"interpretation_method":"UNKNOWN","source":"SGB_HIDRO_MS_2024_POCOS","evidence_code":"E08"}},{"type":"Feature","geometry":{"type":"Point","coordinates":[-54.35749999999996,-19.929443999999933]},"properties":{"well_id":"3500030642","municipality":"Bandeirantes","aquifer":"","test_type":"Rebaixamento","test_date":"1983-07-19","static_level_m":9.36,"dynamic_level_m":28.97,"stabilized_yield":104.21,"interpretation_method":"UNKNOWN","source":"SGB_HIDRO_MS_2024_POCOS","evidence_code":"E08"}},{"type":"Feature","geometry":{"type":"Point","coordinates":[-54.36861099999999,-19.90861099999995]},"properties":{"well_id":"3500067667","municipality":"Bandeirantes","aquifer":"","test_type":"Rebaixamento","test_date":"2017-03-21","static_level_m":40.2,"dynamic_level_m":41.4,"stabilized_yield":13.5,"interpretation_method":"UNKNOWN","source":"SGB_HIDRO_MS_2024_POCOS","evidence_code":"E08"}},{"type":"Feature","geometry":{"type":"Point","coordinates":[-57.59611099999995,-19.01194399999997]},"properties":{"well_id":"3500022680","municipality":"Ladário","aquifer":"","test_type":"Rebaixamento","test_date":"1995-09-03","static_level_m":3.0,"dynamic_level_m":30.0,"stabilized_yield":8.0,"interpretation_method":"UNKNOWN","source":"SGB_HIDRO_MS_2024_POCOS","evidence_code":"E08"}},{"type":"Feature","geometry":{"type":"Point","coordinates":[-54.830277999999964,-18.364999999999952]},"properties":{"well_id":"3500067666","municipality":"Coxim","aquifer":"","test_type":"Rebaixamento","test_date":"2017-12-07","static_level_m":28.2,"dynamic_level_m":58.2,"stabilized_yield":12.0,"interpretation_method":"UNKNOWN","source":"SGB_HIDRO_MS_2024_POCOS","evidence_code":"E08"}},{"type":"Feature","geometry":{"type":"Point","coordinates":[-53.56638899999996,-21.030832999999973]},"properties":{"well_id":"3500067283","municipality":"Bonito","aquifer":"","test_type":"Rebaixamento","test_date":"2016-07-22","static_level_m":60.0,"dynamic_level_m":120.0,"stabilized_yield":7.0,"interpretation_method":"UNKNOWN","source":"SGB_HIDRO_MS_2024_POCOS","evidence_code":"E08"}},{"type":"Feature","geometry":{"type":"Point","coordinates":[-54.843887999999936,-22.332776999999965]},"properties":{"well_id":"3500023046","municipality":"Dourados","aquifer":"Guarani","test_type":"Rebaixamento","test_date":"1963-07-13","static_level_m":12.1,"dynamic_level_m":41.8,"stabilized_yield":180.0,"interpretation_method":"UNKNOWN","source":"SGB_HIDRO_MS_2024_POCOS","evidence_code":"E08"}},{"type":"Feature","geometry":{"type":"Point","coordinates":[-51.79777799999994,-20.99138899999997]},"properties":{"well_id":"3500045651","municipality":"Três Lagoas","aquifer":"Serra geral","test_type":"Rebaixamento","test_date":"2007-05-08","static_level_m":7.8,"dynamic_level_m":23.75,"stabilized_yield":0.0,"interpretation_method":"UNKNOWN","source":"SGB_HIDRO_MS_2024_POCOS","evidence_code":"E08"}},{"type":"Feature","geometry":{"type":"Point","coordinates":[-54.86194399999994,-20.437221999999963]},"properties":{"well_id":"3500022821","municipality":"Terenos","aquifer":"Guarani","test_type":"Rebaixamento","test_date":"1978-12-06","static_level_m":73.0,"dynamic_level_m":81.1,"stabilized_yield":11.8,"interpretation_method":"UNKNOWN","source":"SGB_HIDRO_MS_2024_POCOS","evidence_code":"E08"}},{"type":"Feature","geometry":{"type":"Point","coordinates":[-54.966665999999975,-20.94083299999994]},"properties":{"well_id":"3500022815","municipality":"Sidrolândia","aquifer":"Guarani","test_type":"Rebaixamento","test_date":"2002-06-21","static_level_m":94.0,"dynamic_level_m":99.0,"stabilized_yield":30.0,"interpretation_method":"UNKNOWN","source":"SGB_HIDRO_MS_2024_POCOS","evidence_code":"E08"}},{"type":"Feature","geometry":{"type":"Point","coordinates":[-54.82611099999997,-22.20999999999998]},"properties":{"well_id":"3500022844","municipality":"Dourados","aquifer":"Guarani","test_type":"Rebaixamento","test_date":"1982-12-08","static_level_m":79.0,"dynamic_level_m":169.0,"stabilized_yield":100.0,"interpretation_method":"UNKNOWN","source":"SGB_HIDRO_MS_2024_POCOS","evidence_code":"E08"}},{"type":"Feature","geometry":{"type":"Point","coordinates":[-54.56499999999994,-20.38972199999995]},"properties":{"well_id":"3500022537","municipality":"Campo Grande","aquifer":"Serra geral","test_type":"Rebaixamento","test_date":"1996-03-05","static_level_m":33.0,"dynamic_level_m":77.0,"stabilized_yield":15.0,"interpretation_method":"UNKNOWN","source":"SGB_HIDRO_MS_2024_POCOS","evidence_code":"E08"}},{"type":"Feature","geometry":{"type":"Point","coordinates":[-54.95111099999997,-21.105276999999944]},"properties":{"well_id":"3500022807","municipality":"Sidrolândia","aquifer":"Guarani","test_type":"Rebaixamento","test_date":"2000-03-18","static_level_m":2.8,"dynamic_level_m":18.8,"stabilized_yield":7.2,"interpretation_method":"UNKNOWN","source":"SGB_HIDRO_MS_2024_POCOS","evidence_code":"E08"}},{"type":"Feature","geometry":{"type":"Point","coordinates":[-54.60388799999998,-20.526110999999958]},"properties":{"well_id":"3500022481","municipality":"Campo Grande","aquifer":"Guarani","test_type":"Rebaixamento","test_date":"1992-06-20","static_level_m":9.0,"dynamic_level_m":30.0,"stabilized_yield":14.5,"interpretation_method":"UNKNOWN","source":"SGB_HIDRO_MS_2024_POCOS","evidence_code":"E08"}},{"type":"Feature","geometry":{"type":"Point","coordinates":[-54.60805499999998,-20.521387999999945]},"properties":{"well_id":"3500022482","municipality":"Campo Grande","aquifer":"Guarani","test_type":"Rebaixamento","test_date":"1993-10-03","static_level_m":4.0,"dynamic_level_m":42.0,"stabilized_yield":17.5,"interpretation_method":"UNKNOWN","source":"SGB_HIDRO_MS_2024_POCOS","evidence_code":"E08"}},{"type":"Feature","geometry":{"type":"Point","coordinates":[-54.57805499999995,-20.552776999999935]},"properties":{"well_id":"3500022517","municipality":"Campo Grande","aquifer":"Serra geral","test_type":"Rebaixamento","test_date":"1981-05-26","static_level_m":14.5,"dynamic_level_m":39.84,"stabilized_yield":33.846,"interpretation_method":"UNKNOWN","source":"SGB_HIDRO_MS_2024_POCOS","evidence_code":"E08"}},{"type":"Feature","geometry":{"type":"Point","coordinates":[-51.17083299999996,-19.699165999999934]},"properties":{"well_id":"3500022560","municipality":"Paranaíba","aquifer":"Serra geral","test_type":"Rebaixamento","test_date":"1987-07-09","static_level_m":11.2,"dynamic_level_m":31.0,"stabilized_yield":25.0,"interpretation_method":"UNKNOWN","source":"SGB_HIDRO_MS_2024_POCOS","evidence_code":"E08"}},{"type":"Feature","geometry":{"type":"Point","coordinates":[-53.14305499999995,-18.531110999999953]},"properties":{"well_id":"3500022565","municipality":"Costa Rica","aquifer":"Guarani","test_type":"Rebaixamento","test_date":"1991-02-02","static_level_m":31.0,"dynamic_level_m":80.0,"stabilized_yield":30.0,"interpretation_method":"UNKNOWN","source":"SGB_HIDRO_MS_2024_POCOS","evidence_code":"E08"}},{"type":"Feature","geometry":{"type":"Point","coordinates":[-54.54472199999998,-18.09972199999993]},"properties":{"well_id":"3500022637","municipality":"Pedro Gomes","aquifer":"Furnas","test_type":"Rebaixamento","test_date":"1988-01-29","static_level_m":6.95,"dynamic_level_m":78.2,"stabilized_yield":24.7,"interpretation_method":"UNKNOWN","source":"SGB_HIDRO_MS_2024_POCOS","evidence_code":"E08"}},{"type":"Feature","geometry":{"type":"Point","coordinates":[-55.15222199999994,-22.560276999999928]},"properties":{"well_id":"3500022714","municipality":"Laguna Carapã","aquifer":"Guarani","test_type":"Rebaixamento","test_date":"1988-03-12","static_level_m":59.1,"dynamic_level_m":70.5,"stabilized_yield":11.3,"interpretation_method":"UNKNOWN","source":"SGB_HIDRO_MS_2024_POCOS","evidence_code":"E08"}},{"type":"Feature","geometry":{"type":"Point","coordinates":[-55.739165999999955,-22.498054999999965]},"properties":{"well_id":"3500022748","municipality":"Ponta Porã","aquifer":"Guarani","test_type":"Rebaixamento","test_date":"1991-12-02","static_level_m":8.3,"dynamic_level_m":126.0,"stabilized_yield":3.7,"interpretation_method":"UNKNOWN","source":"SGB_HIDRO_MS_2024_POCOS","evidence_code":"E08"}},{"type":"Feature","geometry":{"type":"Point","coordinates":[-55.79305499999998,-20.465832999999975]},"properties":{"well_id":"3500022760","municipality":"Aquidauana","aquifer":"Cuiaba","test_type":"Rebaixamento","test_date":"1976-01-02","static_level_m":1.5,"dynamic_level_m":60.7,"stabilized_yield":88.0,"interpretation_method":"UNKNOWN","source":"SGB_HIDRO_MS_2024_POCOS","evidence_code":"E08"}},{"type":"Feature","geometry":{"type":"Point","coordinates":[-55.76194399999997,-20.45055499999995]},"properties":{"well_id":"3500022766","municipality":"Aquidauana","aquifer":"Furnas","test_type":"Rebaixamento","test_date":"1984-11-09","static_level_m":9.6,"dynamic_level_m":17.78,"stabilized_yield":15.2,"interpretation_method":"UNKNOWN","source":"SGB_HIDRO_MS_2024_POCOS","evidence_code":"E08"}},{"type":"Feature","geometry":{"type":"Point","coordinates":[-56.113054999999974,-21.46083299999998]},"properties":{"well_id":"3500022789","municipality":"Guia Lopes da Laguna","aquifer":"Aquidauana","test_type":"Rebaixamento","test_date":"1988-01-02","static_level_m":0.0,"dynamic_level_m":45.0,"stabilized_yield":25.0,"interpretation_method":"UNKNOWN","source":"SGB_HIDRO_MS_2024_POCOS","evidence_code":"E08"}},{"type":"Feature","geometry":{"type":"Point","coordinates":[-54.45277699999997,-22.35833299999996]},"properties":{"well_id":"3500022884","municipality":"Fátima do Sul","aquifer":"Serra geral","test_type":"Rebaixamento","test_date":"2002-07-25","static_level_m":2.6,"dynamic_level_m":10.6,"stabilized_yield":7.5,"interpretation_method":"UNKNOWN","source":"SGB_HIDRO_MS_2024_POCOS","evidence_code":"E08"}},{"type":"Feature","geometry":{"type":"Point","coordinates":[-54.55416599999995,-20.43999999999994]},"properties":{"well_id":"3500022947","municipality":"Campo Grande","aquifer":"Serra geral","test_type":"Rebaixamento","test_date":"1981-06-11","static_level_m":8.51,"dynamic_level_m":57.14,"stabilized_yield":33.0,"interpretation_method":"UNKNOWN","source":"SGB_HIDRO_MS_2024_POCOS","evidence_code":"E08"}},{"type":"Feature","geometry":{"type":"Point","coordinates":[-54.675832999999955,-20.453610999999967]},"properties":{"well_id":"3500022950","municipality":"Campo Grande","aquifer":"Guarani","test_type":"Rebaixamento","test_date":"1982-10-30","static_level_m":5.66,"dynamic_level_m":49.98,"stabilized_yield":6.09,"interpretation_method":"UNKNOWN","source":"SGB_HIDRO_MS_2024_POCOS","evidence_code":"E08"}},{"type":"Feature","geometry":{"type":"Point","coordinates":[-54.602776999999946,-20.53361099999995]},"properties":{"well_id":"3500022956","municipality":"Campo Grande","aquifer":"Serra geral","test_type":"Rebaixamento","test_date":"1995-08-13","static_level_m":5.0,"dynamic_level_m":23.0,"stabilized_yield":11.1,"interpretation_method":"UNKNOWN","source":"SGB_HIDRO_MS_2024_POCOS","evidence_code":"E08"}},{"type":"Feature","geometry":{"type":"Point","coordinates":[-52.03166599999997,-21.26499999999993]},"properties":{"well_id":"3500022970","municipality":"Brasilândia","aquifer":"Serra geral","test_type":"Rebaixamento","test_date":"1995-07-11","static_level_m":20.2,"dynamic_level_m":40.5,"stabilized_yield":80.0,"interpretation_method":"UNKNOWN","source":"SGB_HIDRO_MS_2024_POCOS","evidence_code":"E08"}},{"type":"Feature","geometry":{"type":"Point","coordinates":[-51.194721999999956,-19.67999999999995]},"properties":{"well_id":"3500022981","municipality":"Paranaíba","aquifer":"Serra geral","test_type":"Rebaixamento","test_date":"1978-10-25","static_level_m":15.0,"dynamic_level_m":35.0,"stabilized_yield":70.0,"interpretation_method":"UNKNOWN","source":"SGB_HIDRO_MS_2024_POCOS","evidence_code":"E08"}},{"type":"Feature","geometry":{"type":"Point","coordinates":[-51.41722199999998,-20.35833299999996]},"properties":{"well_id":"3500022986","municipality":"Selvíria","aquifer":"Serra geral","test_type":"Rebaixamento","test_date":"1960-05-23","static_level_m":12.18,"dynamic_level_m":16.85,"stabilized_yield":75.52,"interpretation_method":"UNKNOWN","source":"SGB_HIDRO_MS_2024_POCOS","evidence_code":"E08"}},{"type":"Feature","geometry":{"type":"Point","coordinates":[-54.560554999999965,-18.100832999999966]},"properties":{"well_id":"3500023028","municipality":"Pedro Gomes","aquifer":"Furnas","test_type":"Rebaixamento","test_date":"1978-06-05","static_level_m":0.0,"dynamic_level_m":11.0,"stabilized_yield":79.0,"interpretation_method":"UNKNOWN","source":"SGB_HIDRO_MS_2024_POCOS","evidence_code":"E08"}},{"type":"Feature","geometry":{"type":"Point","coordinates":[-54.75361099999998,-18.508887999999956]},"properties":{"well_id":"3500023039","municipality":"Coxim","aquifer":"Caiua","test_type":"Rebaixamento","test_date":"2000-07-07","static_level_m":12.5,"dynamic_level_m":49.8,"stabilized_yield":30.4,"interpretation_method":"UNKNOWN","source":"SGB_HIDRO_MS_2024_POCOS","evidence_code":"E08"}},{"type":"Feature","geometry":{"type":"Point","coordinates":[-54.77888799999994,-22.21305499999994]},"properties":{"well_id":"3500023058","municipality":"Dourados","aquifer":"Guarani","test_type":"Rebaixamento","test_date":"2003-04-30","static_level_m":108.08,"dynamic_level_m":218.77,"stabilized_yield":210.33,"interpretation_method":"UNKNOWN","source":"SGB_HIDRO_MS_2024_POCOS","evidence_code":"E08"}},{"type":"Feature","geometry":{"type":"Point","coordinates":[-54.76111099999997,-17.584721999999942]},"properties":{"well_id":"3500023105","municipality":"Sonora","aquifer":"Furnas","test_type":"Rebaixamento","test_date":"1998-05-15","static_level_m":10.0,"dynamic_level_m":47.0,"stabilized_yield":20.5,"interpretation_method":"UNKNOWN","source":"SGB_HIDRO_MS_2024_POCOS","evidence_code":"E08"}},{"type":"Feature","geometry":{"type":"Point","coordinates":[-54.29527699999994,-23.92972199999997]},"properties":{"well_id":"3500023026","municipality":"Mundo Novo","aquifer":"","test_type":"Rebaixamento","test_date":"1991-02-14","static_level_m":15.4,"dynamic_level_m":76.3,"stabilized_yield":33.0,"interpretation_method":"UNKNOWN","source":"SGB_HIDRO_MS_2024_POCOS","evidence_code":"E08"}},{"type":"Feature","geometry":{"type":"Point","coordinates":[-54.60833299999996,-20.551110999999935]},"properties":{"well_id":"3500022919","municipality":"Campo Grande","aquifer":"Guarani","test_type":"Rebaixamento","test_date":"1993-11-26","static_level_m":76.0,"dynamic_level_m":84.0,"stabilized_yield":23.22,"interpretation_method":"UNKNOWN","source":"SGB_HIDRO_MS_2024_POCOS","evidence_code":"E08"}},{"type":"Feature","geometry":{"type":"Point","coordinates":[-54.572499999999934,-20.428054999999972]},"properties":{"well_id":"3500022490","municipality":"Campo Grande","aquifer":"Guarani","test_type":"Rebaixamento","test_date":"1997-09-19","static_level_m":16.0,"dynamic_level_m":20.0,"stabilized_yield":10.2,"interpretation_method":"UNKNOWN","source":"SGB_HIDRO_MS_2024_POCOS","evidence_code":"E08"}},{"type":"Feature","geometry":{"type":"Point","coordinates":[-54.57527699999997,-19.399999999999977]},"properties":{"well_id":"3500023227","municipality":"São Gabriel do Oeste","aquifer":"Guarani","test_type":"Rebaixamento","test_date":"1984-07-14","static_level_m":10.0,"dynamic_level_m":18.64,"stabilized_yield":52.8,"interpretation_method":"UNKNOWN","source":"SGB_HIDRO_MS_2024_POCOS","evidence_code":"E08"}},{"type":"Feature","geometry":{"type":"Point","coordinates":[-52.62055499999997,-18.813887999999963]},"properties":{"well_id":"3500022607","municipality":"Chapadão do Sul","aquifer":"Coberturas sedimentares Indiferenciadas","test_type":"Rebaixamento","test_date":"2001-11-02","static_level_m":62.5,"dynamic_level_m":67.2,"stabilized_yield":37.7,"interpretation_method":"UNKNOWN","source":"SGB_HIDRO_MS_2024_POCOS","evidence_code":"E08"}},{"type":"Feature","geometry":{"type":"Point","coordinates":[-54.621943999999985,-20.533054999999933]},"properties":{"well_id":"3500022908","municipality":"Campo Grande","aquifer":"Serra geral","test_type":"Rebaixamento","test_date":"1998-03-06","static_level_m":50.0,"dynamic_level_m":65.0,"stabilized_yield":20.4,"interpretation_method":"UNKNOWN","source":"SGB_HIDRO_MS_2024_POCOS","evidence_code":"E08"}},{"type":"Feature","geometry":{"type":"Point","coordinates":[-55.20111099999997,-23.09833299999997]},"properties":{"well_id":"3500023141","municipality":"Amambai","aquifer":"Guarani","test_type":"Rebaixamento","test_date":"1984-08-16","static_level_m":44.0,"dynamic_level_m":70.1,"stabilized_yield":12.0,"interpretation_method":"UNKNOWN","source":"SGB_HIDRO_MS_2024_POCOS","evidence_code":"E08"}},{"type":"Feature","geometry":{"type":"Point","coordinates":[-54.16194399999995,-21.541943999999944]},"properties":{"well_id":"3500023272","municipality":"Nova Alvorada do Sul","aquifer":"Serra geral","test_type":"Rebaixamento","test_date":"1995-03-05","static_level_m":18.0,"dynamic_level_m":75.0,"stabilized_yield":2.9,"interpretation_method":"UNKNOWN","source":"SGB_HIDRO_MS_2024_POCOS","evidence_code":"E08"}},{"type":"Feature","geometry":{"type":"Point","coordinates":[-54.70138899999995,-22.614999999999952]},"properties":{"well_id":"3500045605","municipality":"Caarapó","aquifer":"Guarani","test_type":"Continuo","test_date":"2009-09-22","static_level_m":128.0,"dynamic_level_m":172.4,"stabilized_yield":137.45,"interpretation_method":"UNKNOWN","source":"SGB_HIDRO_MS_2024_POCOS","evidence_code":"E08"}},{"type":"Feature","geometry":{"type":"Point","coordinates":[-54.57111099999997,-20.37972199999996]},"properties":{"well_id":"3500045699","municipality":"Campo Grande","aquifer":"Bauru","test_type":"Rebaixamento","test_date":"2000-05-25","static_level_m":21.3,"dynamic_level_m":42.5,"stabilized_yield":8.0,"interpretation_method":"UNKNOWN","source":"SGB_HIDRO_MS_2024_POCOS","evidence_code":"E08"}},{"type":"Feature","geometry":{"type":"Point","coordinates":[-54.59694399999995,-20.449165999999934]},"properties":{"well_id":"3500022510","municipality":"Campo Grande","aquifer":"Serra geral","test_type":"Rebaixamento","test_date":"1971-03-22","static_level_m":21.0,"dynamic_level_m":86.0,"stabilized_yield":5.6,"interpretation_method":"UNKNOWN","source":"SGB_HIDRO_MS_2024_POCOS","evidence_code":"E08"}},{"type":"Feature","geometry":{"type":"Point","coordinates":[-54.03666599999997,-19.53888799999993]},"properties":{"well_id":"3500022597","municipality":"Camapuã","aquifer":"Guarani","test_type":"Rebaixamento","test_date":"1991-02-14","static_level_m":21.0,"dynamic_level_m":70.0,"stabilized_yield":26.0,"interpretation_method":"UNKNOWN","source":"SGB_HIDRO_MS_2024_POCOS","evidence_code":"E08"}},{"type":"Feature","geometry":{"type":"Point","coordinates":[-54.04305499999998,-19.52444399999996]},"properties":{"well_id":"3500022600","municipality":"Camapuã","aquifer":"Guarani","test_type":"Rebaixamento","test_date":"2003-03-24","static_level_m":20.0,"dynamic_level_m":96.0,"stabilized_yield":17.42,"interpretation_method":"UNKNOWN","source":"SGB_HIDRO_MS_2024_POCOS","evidence_code":"E08"}},{"type":"Feature","geometry":{"type":"Point","coordinates":[-55.63861099999997,-22.529165999999975]},"properties":{"well_id":"3500022730","municipality":"Ponta Porã","aquifer":"Bauru","test_type":"Rebaixamento","test_date":"1980-12-14","static_level_m":11.0,"dynamic_level_m":20.0,"stabilized_yield":132.0,"interpretation_method":"UNKNOWN","source":"SGB_HIDRO_MS_2024_POCOS","evidence_code":"E08"}},{"type":"Feature","geometry":{"type":"Point","coordinates":[-54.633887999999956,-20.41888799999998]},"properties":{"well_id":"3500022891","municipality":"Campo Grande","aquifer":"Serra geral","test_type":"Rebaixamento","test_date":"1977-03-08","static_level_m":17.6,"dynamic_level_m":42.0,"stabilized_yield":39.8,"interpretation_method":"UNKNOWN","source":"SGB_HIDRO_MS_2024_POCOS","evidence_code":"E08"}},{"type":"Feature","geometry":{"type":"Point","coordinates":[-54.03694399999995,-19.541943999999944]},"properties":{"well_id":"3500023044","municipality":"Camapuã","aquifer":"Guarani","test_type":"Rebaixamento","test_date":"1987-03-08","static_level_m":0.7,"dynamic_level_m":39.96,"stabilized_yield":20.8,"interpretation_method":"UNKNOWN","source":"SGB_HIDRO_MS_2024_POCOS","evidence_code":"E08"}},{"type":"Feature","geometry":{"type":"Point","coordinates":[-54.787777999999946,-19.987777999999935]},"properties":{"well_id":"3500028108","municipality":"Rochedo","aquifer":"Guarani","test_type":"Rebaixamento","test_date":"2011-05-13","static_level_m":34.44,"dynamic_level_m":39.53,"stabilized_yield":0.9,"interpretation_method":"UNKNOWN","source":"SGB_HIDRO_MS_2024_POCOS","evidence_code":"E08"}},{"type":"Feature","geometry":{"type":"Point","coordinates":[-52.06722199999996,-21.296666999999957]},"properties":{"well_id":"3500029179","municipality":"Brasilândia","aquifer":"Caiua","test_type":"Rebaixamento","test_date":"2011-10-25","static_level_m":23.89,"dynamic_level_m":28.41,"stabilized_yield":7.8,"interpretation_method":"UNKNOWN","source":"SGB_HIDRO_MS_2024_POCOS","evidence_code":"E08"}},{"type":"Feature","geometry":{"type":"Point","coordinates":[-54.58138799999995,-20.45277699999997]},"properties":{"well_id":"3500022483","municipality":"Campo Grande","aquifer":"Serra geral","test_type":"Rebaixamento","test_date":"1983-06-17","static_level_m":3.22,"dynamic_level_m":13.74,"stabilized_yield":72.0,"interpretation_method":"UNKNOWN","source":"SGB_HIDRO_MS_2024_POCOS","evidence_code":"E08"}},{"type":"Feature","geometry":{"type":"Point","coordinates":[-54.677776999999935,-20.552499999999952]},"properties":{"well_id":"3500022498","municipality":"Campo Grande","aquifer":"Serra geral","test_type":"Rebaixamento","test_date":"1997-11-11","static_level_m":35.0,"dynamic_level_m":40.0,"stabilized_yield":12.5,"interpretation_method":"UNKNOWN","source":"SGB_HIDRO_MS_2024_POCOS","evidence_code":"E08"}},{"type":"Feature","geometry":{"type":"Point","coordinates":[-54.64805499999994,-20.436387999999965]},"properties":{"well_id":"3500022515","municipality":"Campo Grande","aquifer":"Serra geral","test_type":"Rebaixamento","test_date":"1980-06-05","static_level_m":15.0,"dynamic_level_m":32.0,"stabilized_yield":25.0,"interpretation_method":"UNKNOWN","source":"SGB_HIDRO_MS_2024_POCOS","evidence_code":"E08"}},{"type":"Feature","geometry":{"type":"Point","coordinates":[-54.59861099999995,-20.416110999999944]},"properties":{"well_id":"3500022521","municipality":"Campo Grande","aquifer":"Serra geral","test_type":"Rebaixamento","test_date":"1995-12-13","static_level_m":5.0,"dynamic_level_m":16.0,"stabilized_yield":20.5,"interpretation_method":"UNKNOWN","source":"SGB_HIDRO_MS_2024_POCOS","evidence_code":"E08"}},{"type":"Feature","geometry":{"type":"Point","coordinates":[-54.573054999999954,-20.425832999999955]},"properties":{"well_id":"3500022526","municipality":"Campo Grande","aquifer":"Caiua","test_type":"Rebaixamento","test_date":"1997-05-15","static_level_m":27.0,"dynamic_level_m":53.0,"stabilized_yield":9.5,"interpretation_method":"UNKNOWN","source":"SGB_HIDRO_MS_2024_POCOS","evidence_code":"E08"}},{"type":"Feature","geometry":{"type":"Point","coordinates":[-53.82805499999995,-22.310276999999928]},"properties":{"well_id":"3500022546","municipality":"Ivinhema","aquifer":"Caiua","test_type":"Rebaixamento","test_date":"1980-04-02","static_level_m":51.18,"dynamic_level_m":62.35,"stabilized_yield":47.25,"interpretation_method":"UNKNOWN","source":"SGB_HIDRO_MS_2024_POCOS","evidence_code":"E08"}},{"type":"Feature","geometry":{"type":"Point","coordinates":[-53.850832999999966,-22.64861099999996]},"properties":{"well_id":"3500022551","municipality":"Novo Horizonte do Sul","aquifer":"Caiua","test_type":"Rebaixamento","test_date":"1998-08-25","static_level_m":10.0,"dynamic_level_m":78.0,"stabilized_yield":7.0,"interpretation_method":"UNKNOWN","source":"SGB_HIDRO_MS_2024_POCOS","evidence_code":"E08"}},{"type":"Feature","geometry":{"type":"Point","coordinates":[-53.33694399999996,-22.236665999999957]},"properties":{"well_id":"3500022554","municipality":"Nova Andradina","aquifer":"Bauru","test_type":"Rebaixamento","test_date":"1981-09-16","static_level_m":23.0,"dynamic_level_m":87.0,"stabilized_yield":100.0,"interpretation_method":"UNKNOWN","source":"SGB_HIDRO_MS_2024_POCOS","evidence_code":"E08"}},{"type":"Feature","geometry":{"type":"Point","coordinates":[-54.842221999999936,-18.91999999999996]},"properties":{"well_id":"3500022609","municipality":"Rio Verde de Mato Grosso","aquifer":"Furnas","test_type":"Rebaixamento","test_date":"1966-10-15","static_level_m":2.0,"dynamic_level_m":11.55,"stabilized_yield":80.0,"interpretation_method":"UNKNOWN","source":"SGB_HIDRO_MS_2024_POCOS","evidence_code":"E08"}},{"type":"Feature","geometry":{"type":"Point","coordinates":[-57.781387999999936,-19.04222199999998]},"properties":{"well_id":"3500022614","municipality":"Corumbá","aquifer":"Não definido","test_type":"Rebaixamento","test_date":"2003-04-02","static_level_m":35.0,"dynamic_level_m":54.8,"stabilized_yield":39.0,"interpretation_method":"UNKNOWN","source":"SGB_HIDRO_MS_2024_POCOS","evidence_code":"E08"}},{"type":"Feature","geometry":{"type":"Point","coordinates":[-53.27722199999994,-22.301665999999955]},"properties":{"well_id":"3500022640","municipality":"Batayporã","aquifer":"Caiua","test_type":"Rebaixamento","test_date":"1974-12-03","static_level_m":9.0,"dynamic_level_m":27.7,"stabilized_yield":29.3,"interpretation_method":"UNKNOWN","source":"SGB_HIDRO_MS_2024_POCOS","evidence_code":"E08"}},{"type":"Feature","geometry":{"type":"Point","coordinates":[-57.809721999999965,-19.091110999999955]},"properties":{"well_id":"3500022642","municipality":"Corumbá","aquifer":"Não definido","test_type":"Rebaixamento","test_date":"1996-10-31","static_level_m":2.15,"dynamic_level_m":12.6,"stabilized_yield":66.0,"interpretation_method":"UNKNOWN","source":"SGB_HIDRO_MS_2024_POCOS","evidence_code":"E08"}},{"type":"Feature","geometry":{"type":"Point","coordinates":[-54.18222199999997,-23.052776999999935]},"properties":{"well_id":"3500022725","municipality":"Naviraí","aquifer":"Caiua","test_type":"Rebaixamento","test_date":"1980-09-08","static_level_m":31.0,"dynamic_level_m":34.2,"stabilized_yield":10.0,"interpretation_method":"UNKNOWN","source":"SGB_HIDRO_MS_2024_POCOS","evidence_code":"E08"}},{"type":"Feature","geometry":{"type":"Point","coordinates":[-54.104165999999964,-23.800832999999955]},"properties":{"well_id":"3500022749","municipality":"Eldorado","aquifer":"Caiua","test_type":"Rebaixamento","test_date":"1984-12-10","static_level_m":13.4,"dynamic_level_m":75.11,"stabilized_yield":11.17,"interpretation_method":"UNKNOWN","source":"SGB_HIDRO_MS_2024_POCOS","evidence_code":"E08"}},{"type":"Feature","geometry":{"type":"Point","coordinates":[-55.63694399999997,-20.484721999999977]},"properties":{"well_id":"3500022798","municipality":"Aquidauana","aquifer":"Aquidauana","test_type":"Rebaixamento","test_date":"1991-05-24","static_level_m":8.3,"dynamic_level_m":63.3,"stabilized_yield":7.2,"interpretation_method":"UNKNOWN","source":"SGB_HIDRO_MS_2024_POCOS","evidence_code":"E08"}},{"type":"Feature","geometry":{"type":"Point","coordinates":[-55.539999999999964,-20.476665999999966]},"properties":{"well_id":"3500022803","municipality":"Aquidauana","aquifer":"Aquidauana","test_type":"Rebaixamento","test_date":"1987-09-11","static_level_m":10.04,"dynamic_level_m":44.86,"stabilized_yield":11.5,"interpretation_method":"UNKNOWN","source":"SGB_HIDRO_MS_2024_POCOS","evidence_code":"E08"}},{"type":"Feature","geometry":{"type":"Point","coordinates":[-54.79527699999994,-22.258610999999974]},"properties":{"well_id":"3500022832","municipality":"Dourados","aquifer":"Serra geral","test_type":"Rebaixamento","test_date":"1990-03-23","static_level_m":29.0,"dynamic_level_m":53.0,"stabilized_yield":72.0,"interpretation_method":"UNKNOWN","source":"SGB_HIDRO_MS_2024_POCOS","evidence_code":"E08"}},{"type":"Feature","geometry":{"type":"Point","coordinates":[-54.79472199999998,-22.08694399999996]},"properties":{"well_id":"3500022855","municipality":"Itaporã","aquifer":"Guarani","test_type":"Rebaixamento","test_date":"2003-10-16","static_level_m":6.5,"dynamic_level_m":9.5,"stabilized_yield":33.3,"interpretation_method":"UNKNOWN","source":"SGB_HIDRO_MS_2024_POCOS","evidence_code":"E08"}},{"type":"Feature","geometry":{"type":"Point","coordinates":[-54.53694399999995,-21.809999999999945]},"properties":{"well_id":"3500022877","municipality":"Rio Brilhante","aquifer":"Serra geral","test_type":"Rebaixamento","test_date":"1989-09-21","static_level_m":15.0,"dynamic_level_m":35.0,"stabilized_yield":23.0,"interpretation_method":"UNKNOWN","source":"SGB_HIDRO_MS_2024_POCOS","evidence_code":"E08"}},{"type":"Feature","geometry":{"type":"Point","coordinates":[-54.64277699999997,-20.449999999999932]},"properties":{"well_id":"3500022894","municipality":"Campo Grande","aquifer":"Serra geral","test_type":"Rebaixamento","test_date":"1977-10-11","static_level_m":15.0,"dynamic_level_m":32.0,"stabilized_yield":25.0,"interpretation_method":"UNKNOWN","source":"SGB_HIDRO_MS_2024_POCOS","evidence_code":"E08"}},{"type":"Feature","geometry":{"type":"Point","coordinates":[-54.635276999999974,-20.457221999999945]},"properties":{"well_id":"3500022895","municipality":"Campo Grande","aquifer":"Serra geral","test_type":"Rebaixamento","test_date":"1997-10-25","static_level_m":13.0,"dynamic_level_m":16.0,"stabilized_yield":12.1,"interpretation_method":"UNKNOWN","source":"SGB_HIDRO_MS_2024_POCOS","evidence_code":"E08"}},{"type":"Feature","geometry":{"type":"Point","coordinates":[-53.779165999999975,-22.156387999999936]},"properties":{"well_id":"3500022936","municipality":"Angélica","aquifer":"Caiua","test_type":"Rebaixamento","test_date":"2001-03-09","static_level_m":9.5,"dynamic_level_m":19.0,"stabilized_yield":21.4,"interpretation_method":"UNKNOWN","source":"SGB_HIDRO_MS_2024_POCOS","evidence_code":"E08"}},{"type":"Feature","geometry":{"type":"Point","coordinates":[-54.613332999999955,-20.517499999999927]},"properties":{"well_id":"3500022949","municipality":"Campo Grande","aquifer":"Serra geral","test_type":"Rebaixamento","test_date":"1982-10-10","static_level_m":13.0,"dynamic_level_m":54.0,"stabilized_yield":8.0,"interpretation_method":"UNKNOWN","source":"SGB_HIDRO_MS_2024_POCOS","evidence_code":"E08"}},{"type":"Feature","geometry":{"type":"Point","coordinates":[-51.10583299999996,-20.083332999999982]},"properties":{"well_id":"3500022962","municipality":"Aparecida do Taboado","aquifer":"Bauru","test_type":"Rebaixamento","test_date":"1971-09-03","static_level_m":18.0,"dynamic_level_m":31.0,"stabilized_yield":14.14,"interpretation_method":"UNKNOWN","source":"SGB_HIDRO_MS_2024_POCOS","evidence_code":"E08"}},{"type":"Feature","geometry":{"type":"Point","coordinates":[-54.740276999999935,-18.519999999999982]},"properties":{"well_id":"3500022991","municipality":"Coxim","aquifer":"Furnas","test_type":"Rebaixamento","test_date":"1999-08-27","static_level_m":8.0,"dynamic_level_m":30.8,"stabilized_yield":46.7,"interpretation_method":"UNKNOWN","source":"SGB_HIDRO_MS_2024_POCOS","evidence_code":"E08"}},{"type":"Feature","geometry":{"type":"Point","coordinates":[-54.728610999999944,-18.47555499999993]},"properties":{"well_id":"3500022994","municipality":"Coxim","aquifer":"Furnas","test_type":"Rebaixamento","test_date":"1991-07-16","static_level_m":18.5,"dynamic_level_m":36.5,"stabilized_yield":8.4,"interpretation_method":"UNKNOWN","source":"SGB_HIDRO_MS_2024_POCOS","evidence_code":"E08"}},{"type":"Feature","geometry":{"type":"Point","coordinates":[-54.73527699999994,-18.465832999999975]},"properties":{"well_id":"3500022995","municipality":"Coxim","aquifer":"Furnas","test_type":"Rebaixamento","test_date":"2002-08-15","static_level_m":10.0,"dynamic_level_m":50.0,"stabilized_yield":18.6,"interpretation_method":"UNKNOWN","source":"SGB_HIDRO_MS_2024_POCOS","evidence_code":"E08"}},{"type":"Feature","geometry":{"type":"Point","coordinates":[-54.83749999999998,-18.91027699999995]},"properties":{"well_id":"3500023005","municipality":"Rio Verde de Mato Grosso","aquifer":"Furnas","test_type":"Rebaixamento","test_date":"1978-08-05","static_level_m":31.3,"dynamic_level_m":62.86,"stabilized_yield":30.0,"interpretation_method":"UNKNOWN","source":"SGB_HIDRO_MS_2024_POCOS","evidence_code":"E08"}},{"type":"Feature","geometry":{"type":"Point","coordinates":[-54.18861099999998,-23.067776999999978]},"properties":{"well_id":"3500023030","municipality":"Naviraí","aquifer":"Caiua","test_type":"Rebaixamento","test_date":"1994-06-11","static_level_m":14.0,"dynamic_level_m":70.0,"stabilized_yield":46.58,"interpretation_method":"UNKNOWN","source":"SGB_HIDRO_MS_2024_POCOS","evidence_code":"E08"}},{"type":"Feature","geometry":{"type":"Point","coordinates":[-53.82777699999997,-22.311110999999983]},"properties":{"well_id":"3500023031","municipality":"Ivinhema","aquifer":"Caiua","test_type":"Rebaixamento","test_date":"1981-04-10","static_level_m":37.56,"dynamic_level_m":44.1,"stabilized_yield":45.0,"interpretation_method":"UNKNOWN","source":"SGB_HIDRO_MS_2024_POCOS","evidence_code":"E08"}},{"type":"Feature","geometry":{"type":"Point","coordinates":[-56.809721999999965,-22.178054999999972]},"properties":{"well_id":"3500023064","municipality":"Bela Vista","aquifer":"Rocha sedimentar","test_type":"Rebaixamento","test_date":"2002-09-09","static_level_m":3.8,"dynamic_level_m":8.4,"stabilized_yield":39.6,"interpretation_method":"UNKNOWN","source":"SGB_HIDRO_MS_2024_POCOS","evidence_code":"E08"}},{"type":"Feature","geometry":{"type":"Point","coordinates":[-56.49555499999997,-21.122221999999965]},"properties":{"well_id":"3500023083","municipality":"Bonito","aquifer":"Cuiaba","test_type":"Rebaixamento","test_date":"1994-04-10","static_level_m":10.0,"dynamic_level_m":18.0,"stabilized_yield":2.1,"interpretation_method":"UNKNOWN","source":"SGB_HIDRO_MS_2024_POCOS","evidence_code":"E08"}},{"type":"Feature","geometry":{"type":"Point","coordinates":[-56.49555499999997,-21.115554999999972]},"properties":{"well_id":"3500023086","municipality":"Bonito","aquifer":"Cuiaba","test_type":"Rebaixamento","test_date":"1980-01-17","static_level_m":11.2,"dynamic_level_m":55.6,"stabilized_yield":10.0,"interpretation_method":"UNKNOWN","source":"SGB_HIDRO_MS_2024_POCOS","evidence_code":"E08"}},{"type":"Feature","geometry":{"type":"Point","coordinates":[-56.67888799999997,-21.119721999999967]},"properties":{"well_id":"3500023094","municipality":"Bonito","aquifer":"Cuiaba","test_type":"Rebaixamento","test_date":"1979-05-15","static_level_m":18.0,"dynamic_level_m":0.0,"stabilized_yield":0.0,"interpretation_method":"UNKNOWN","source":"SGB_HIDRO_MS_2024_POCOS","evidence_code":"E08"}},{"type":"Feature","geometry":{"type":"Point","coordinates":[-55.63027699999998,-22.95333299999993]},"properties":{"well_id":"3500023155","municipality":"Aral Moreira","aquifer":"Serra geral","test_type":"Rebaixamento","test_date":"1978-03-21","static_level_m":13.0,"dynamic_level_m":170.0,"stabilized_yield":3.6,"interpretation_method":"UNKNOWN","source":"SGB_HIDRO_MS_2024_POCOS","evidence_code":"E08"}},{"type":"Feature","geometry":{"type":"Point","coordinates":[-55.48333299999996,-22.74305499999997]},"properties":{"well_id":"3500023162","municipality":"Aral Moreira","aquifer":"Serra geral","test_type":"Rebaixamento","test_date":"1994-04-07","static_level_m":16.0,"dynamic_level_m":80.5,"stabilized_yield":10.02,"interpretation_method":"UNKNOWN","source":"SGB_HIDRO_MS_2024_POCOS","evidence_code":"E08"}},{"type":"Feature","geometry":{"type":"Point","coordinates":[-54.55249999999995,-21.79472199999998]},"properties":{"well_id":"3500023257","municipality":"Rio Brilhante","aquifer":"Serra geral","test_type":"Escalonado","test_date":"1987-04-29","static_level_m":18.96,"dynamic_level_m":47.84,"stabilized_yield":44.0,"interpretation_method":"UNKNOWN","source":"SGB_HIDRO_MS_2024_POCOS","evidence_code":"E08"}},{"type":"Feature","geometry":{"type":"Point","coordinates":[-52.41722199999998,-21.72333299999997]},"properties":{"well_id":"3500023280","municipality":"Bataguassu","aquifer":"Caiua","test_type":"Rebaixamento","test_date":"1994-07-21","static_level_m":52.0,"dynamic_level_m":78.25,"stabilized_yield":36.0,"interpretation_method":"UNKNOWN","source":"SGB_HIDRO_MS_2024_POCOS","evidence_code":"E08"}},{"type":"Feature","geometry":{"type":"Point","coordinates":[-52.55694399999993,-18.820832999999936]},"properties":{"well_id":"3500023332","municipality":"Chapadão do Sul","aquifer":"Bauru","test_type":"Rebaixamento","test_date":"1995-08-27","static_level_m":64.0,"dynamic_level_m":73.0,"stabilized_yield":13.2,"interpretation_method":"UNKNOWN","source":"SGB_HIDRO_MS_2024_POCOS","evidence_code":"E08"}},{"type":"Feature","geometry":{"type":"Point","coordinates":[-56.09277799999995,-20.76138899999995]},"properties":{"well_id":"3500030622","municipality":"Bonito","aquifer":"Cuiaba","test_type":"Rebaixamento","test_date":"2011-03-05","static_level_m":5.0,"dynamic_level_m":70.0,"stabilized_yield":6.0,"interpretation_method":"UNKNOWN","source":"SGB_HIDRO_MS_2024_POCOS","evidence_code":"E08"}},{"type":"Feature","geometry":{"type":"Point","coordinates":[-54.57583299999993,-19.400555999999938]},"properties":{"well_id":"3500030626","municipality":"São Gabriel do Oeste","aquifer":"Serra geral","test_type":"Rebaixamento","test_date":"2009-04-06","static_level_m":10.0,"dynamic_level_m":18.64,"stabilized_yield":52.8,"interpretation_method":"UNKNOWN","source":"SGB_HIDRO_MS_2024_POCOS","evidence_code":"E08"}},{"type":"Feature","geometry":{"type":"Point","coordinates":[-54.58472199999994,-19.402499999999975]},"properties":{"well_id":"3500030629","municipality":"São Gabriel do Oeste","aquifer":"Aquidauana","test_type":"Rebaixamento","test_date":"2009-05-04","static_level_m":21.0,"dynamic_level_m":25.0,"stabilized_yield":60.0,"interpretation_method":"UNKNOWN","source":"SGB_HIDRO_MS_2024_POCOS","evidence_code":"E08"}},{"type":"Feature","geometry":{"type":"Point","coordinates":[-55.623054999999965,-22.94944399999997]},"properties":{"well_id":"3500022691","municipality":"Aral Moreira","aquifer":"Serra geral","test_type":"Rebaixamento","test_date":"1977-12-10","static_level_m":7.3,"dynamic_level_m":16.27,"stabilized_yield":13.0,"interpretation_method":"UNKNOWN","source":"SGB_HIDRO_MS_2024_POCOS","evidence_code":"E08"}},{"type":"Feature","geometry":{"type":"Point","coordinates":[-54.75055499999996,-22.508332999999936]},"properties":{"well_id":"3500022698","municipality":"Caarapó","aquifer":"Serra geral","test_type":"Rebaixamento","test_date":"2005-07-01","static_level_m":3.0,"dynamic_level_m":65.5,"stabilized_yield":0.6,"interpretation_method":"UNKNOWN","source":"SGB_HIDRO_MS_2024_POCOS","evidence_code":"E08"}},{"type":"Feature","geometry":{"type":"Point","coordinates":[-56.49499999999995,-21.111387999999977]},"properties":{"well_id":"3500023069","municipality":"Bonito","aquifer":"Cuiaba","test_type":"Rebaixamento","test_date":"1988-05-22","static_level_m":16.5,"dynamic_level_m":60.0,"stabilized_yield":3.0,"interpretation_method":"UNKNOWN","source":"SGB_HIDRO_MS_2024_POCOS","evidence_code":"E08"}},{"type":"Feature","geometry":{"type":"Point","coordinates":[-56.49499999999995,-21.111943999999937]},"properties":{"well_id":"3500023072","municipality":"Bonito","aquifer":"Cuiaba","test_type":"Rebaixamento","test_date":"1985-05-27","static_level_m":6.5,"dynamic_level_m":15.0,"stabilized_yield":4.0,"interpretation_method":"UNKNOWN","source":"SGB_HIDRO_MS_2024_POCOS","evidence_code":"E08"}},{"type":"Feature","geometry":{"type":"Point","coordinates":[-56.49444399999999,-21.113610999999935]},"properties":{"well_id":"3500023080","municipality":"Bonito","aquifer":"Cuiaba","test_type":"Rebaixamento","test_date":"1990-08-03","static_level_m":7.5,"dynamic_level_m":14.5,"stabilized_yield":4.0,"interpretation_method":"UNKNOWN","source":"SGB_HIDRO_MS_2024_POCOS","evidence_code":"E08"}},{"type":"Feature","geometry":{"type":"Point","coordinates":[-55.49111099999993,-23.06444399999998]},"properties":{"well_id":"3500067668","municipality":"Aral Moreira","aquifer":"Serra geral","test_type":"Rebaixamento","test_date":"2018-05-10","static_level_m":3.2,"dynamic_level_m":83.2,"stabilized_yield":3.0,"interpretation_method":"UNKNOWN","source":"SGB_HIDRO_MS_2024_POCOS","evidence_code":"E08"}},{"type":"Feature","geometry":{"type":"Point","coordinates":[-55.81222199999996,-20.487499999999955]},"properties":{"well_id":"3500022754","municipality":"Anastácio","aquifer":"Furnas","test_type":"Rebaixamento","test_date":"1982-01-02","static_level_m":10.3,"dynamic_level_m":74.3,"stabilized_yield":13.89,"interpretation_method":"UNKNOWN","source":"SGB_HIDRO_MS_2024_POCOS","evidence_code":"E08"}},{"type":"Feature","geometry":{"type":"Point","coordinates":[-55.00416599999994,-19.434999999999945]},"properties":{"well_id":"3500022998","municipality":"Rio Negro","aquifer":"Furnas","test_type":"Rebaixamento","test_date":"2003-06-10","static_level_m":5.8,"dynamic_level_m":72.1,"stabilized_yield":28.2,"interpretation_method":"UNKNOWN","source":"SGB_HIDRO_MS_2024_POCOS","evidence_code":"E08"}},{"type":"Feature","geometry":{"type":"Point","coordinates":[-54.926110999999935,-20.902776999999958]},"properties":{"well_id":"3500023045","municipality":"Sidrolândia","aquifer":"Guarani","test_type":"Rebaixamento","test_date":"1992-01-24","static_level_m":138.9,"dynamic_level_m":142.9,"stabilized_yield":27.3,"interpretation_method":"UNKNOWN","source":"SGB_HIDRO_MS_2024_POCOS","evidence_code":"E08"}},{"type":"Feature","geometry":{"type":"Point","coordinates":[-53.134166999999934,-18.53361099999995]},"properties":{"well_id":"3500067323","municipality":"Costa Rica","aquifer":"Guarani","test_type":"Rebaixamento","test_date":"2016-12-11","static_level_m":69.0,"dynamic_level_m":70.0,"stabilized_yield":12.0,"interpretation_method":"UNKNOWN","source":"SGB_HIDRO_MS_2024_POCOS","evidence_code":"E08"}},{"type":"Feature","geometry":{"type":"Point","coordinates":[-54.58749999999998,-19.905832999999973]},"properties":{"well_id":"3500067387","municipality":"Rochedo","aquifer":"Guarani","test_type":"Rebaixamento","test_date":"2017-11-22","static_level_m":29.0,"dynamic_level_m":50.0,"stabilized_yield":18.0,"interpretation_method":"UNKNOWN","source":"SGB_HIDRO_MS_2024_POCOS","evidence_code":"E08"}},{"type":"Feature","geometry":{"type":"Point","coordinates":[-53.010832999999934,-19.036666999999966]},"properties":{"well_id":"3500067704","municipality":"Paraíso das Águas","aquifer":"Guarani","test_type":"Rebaixamento","test_date":"2018-08-25","static_level_m":19.0,"dynamic_level_m":69.0,"stabilized_yield":3.0,"interpretation_method":"UNKNOWN","source":"SGB_HIDRO_MS_2024_POCOS","evidence_code":"E08"}},{"type":"Feature","geometry":{"type":"Point","coordinates":[-54.65694399999995,-18.250832999999943]},"properties":{"well_id":"3500067665","municipality":"Coxim","aquifer":"","test_type":"Rebaixamento","test_date":"2017-11-27","static_level_m":47.0,"dynamic_level_m":77.0,"stabilized_yield":30.0,"interpretation_method":"UNKNOWN","source":"SGB_HIDRO_MS_2024_POCOS","evidence_code":"E08"}},{"type":"Feature","geometry":{"type":"Point","coordinates":[-54.81222199999996,-22.267776999999967]},"properties":{"well_id":"3500022663","municipality":"Dourados","aquifer":"Guarani","test_type":"Rebaixamento","test_date":"1990-07-23","static_level_m":41.0,"dynamic_level_m":52.0,"stabilized_yield":72.0,"interpretation_method":"UNKNOWN","source":"SGB_HIDRO_MS_2024_POCOS","evidence_code":"E08"}},{"type":"Feature","geometry":{"type":"Point","coordinates":[-55.27888799999994,-20.68861099999998]},"properties":{"well_id":"3500022786","municipality":"Dois Irmãos do Buriti","aquifer":"Guarani","test_type":"Rebaixamento","test_date":"1994-07-05","static_level_m":17.0,"dynamic_level_m":26.0,"stabilized_yield":10.8,"interpretation_method":"UNKNOWN","source":"SGB_HIDRO_MS_2024_POCOS","evidence_code":"E08"}},{"type":"Feature","geometry":{"type":"Point","coordinates":[-55.23055499999998,-23.103887999999927]},"properties":{"well_id":"3500023153","municipality":"Amambai","aquifer":"Guarani","test_type":"Rebaixamento","test_date":"1981-12-01","static_level_m":8.0,"dynamic_level_m":18.0,"stabilized_yield":18.0,"interpretation_method":"UNKNOWN","source":"SGB_HIDRO_MS_2024_POCOS","evidence_code":"E08"}},{"type":"Feature","geometry":{"type":"Point","coordinates":[-54.589999999999975,-20.41027699999995]},"properties":{"well_id":"3500022916","municipality":"Campo Grande","aquifer":"Guarani","test_type":"Rebaixamento","test_date":"1993-08-06","static_level_m":171.0,"dynamic_level_m":174.0,"stabilized_yield":20.0,"interpretation_method":"UNKNOWN","source":"SGB_HIDRO_MS_2024_POCOS","evidence_code":"E08"}},{"type":"Feature","geometry":{"type":"Point","coordinates":[-55.16138799999993,-21.61749999999995]},"properties":{"well_id":"3500022858","municipality":"Maracaju","aquifer":"Guarani","test_type":"Rebaixamento","test_date":"2005-05-15","static_level_m":17.0,"dynamic_level_m":29.0,"stabilized_yield":66.3,"interpretation_method":"UNKNOWN","source":"SGB_HIDRO_MS_2024_POCOS","evidence_code":"E08"}},{"type":"Feature","geometry":{"type":"Point","coordinates":[-55.15999999999997,-21.59888799999993]},"properties":{"well_id":"3500022864","municipality":"Maracaju","aquifer":"Guarani","test_type":"Rebaixamento","test_date":"1989-10-23","static_level_m":12.0,"dynamic_level_m":30.0,"stabilized_yield":34.4,"interpretation_method":"UNKNOWN","source":"SGB_HIDRO_MS_2024_POCOS","evidence_code":"E08"}},{"type":"Feature","geometry":{"type":"Point","coordinates":[-54.58138799999995,-20.41805499999998]},"properties":{"well_id":"3500022941","municipality":"Campo Grande","aquifer":"Serra geral","test_type":"Rebaixamento","test_date":"1997-07-17","static_level_m":14.0,"dynamic_level_m":19.0,"stabilized_yield":13.3,"interpretation_method":"UNKNOWN","source":"SGB_HIDRO_MS_2024_POCOS","evidence_code":"E08"}},{"type":"Feature","geometry":{"type":"Point","coordinates":[-54.58833299999998,-20.52361099999996]},"properties":{"well_id":"3500022480","municipality":"Campo Grande","aquifer":"Guarani","test_type":"Rebaixamento","test_date":"1990-01-30","static_level_m":16.0,"dynamic_level_m":24.0,"stabilized_yield":39.6,"interpretation_method":"UNKNOWN","source":"SGB_HIDRO_MS_2024_POCOS","evidence_code":"E08"}},{"type":"Feature","geometry":{"type":"Point","coordinates":[-54.572499999999934,-20.46999999999997]},"properties":{"well_id":"3500022496","municipality":"Campo Grande","aquifer":"Serra geral","test_type":"Rebaixamento","test_date":"1997-07-02","static_level_m":7.8,"dynamic_level_m":17.8,"stabilized_yield":44.0,"interpretation_method":"UNKNOWN","source":"SGB_HIDRO_MS_2024_POCOS","evidence_code":"E08"}},{"type":"Feature","geometry":{"type":"Point","coordinates":[-54.30555499999997,-22.482776999999942]},"properties":{"well_id":"3500022541","municipality":"Jateí","aquifer":"Serra geral","test_type":"Rebaixamento","test_date":"2000-03-02","static_level_m":5.0,"dynamic_level_m":24.0,"stabilized_yield":20.0,"interpretation_method":"UNKNOWN","source":"SGB_HIDRO_MS_2024_POCOS","evidence_code":"E08"}},{"type":"Feature","geometry":{"type":"Point","coordinates":[-53.134443999999974,-18.53555499999993]},"properties":{"well_id":"3500022564","municipality":"Costa Rica","aquifer":"Guarani","test_type":"Rebaixamento","test_date":"1986-02-02","static_level_m":11.5,"dynamic_level_m":52.0,"stabilized_yield":30.0,"interpretation_method":"UNKNOWN","source":"SGB_HIDRO_MS_2024_POCOS","evidence_code":"E08"}},{"type":"Feature","geometry":{"type":"Point","coordinates":[-51.71555499999994,-20.78805499999993]},"properties":{"well_id":"3500022578","municipality":"Três Lagoas","aquifer":"Bauru","test_type":"Rebaixamento","test_date":"1979-05-16","static_level_m":18.3,"dynamic_level_m":35.28,"stabilized_yield":52.14,"interpretation_method":"UNKNOWN","source":"SGB_HIDRO_MS_2024_POCOS","evidence_code":"E08"}},{"type":"Feature","geometry":{"type":"Point","coordinates":[-52.37083299999995,-18.991943999999933]},"properties":{"well_id":"3500022586","municipality":"Cassilândia","aquifer":"Guarani","test_type":"Rebaixamento","test_date":"1990-06-29","static_level_m":25.3,"dynamic_level_m":28.0,"stabilized_yield":5.8,"interpretation_method":"UNKNOWN","source":"SGB_HIDRO_MS_2024_POCOS","evidence_code":"E08"}},{"type":"Feature","geometry":{"type":"Point","coordinates":[-54.74999999999994,-17.58611099999996]},"properties":{"well_id":"3500022604","municipality":"Sonora","aquifer":"Furnas","test_type":"Rebaixamento","test_date":"1999-05-10","static_level_m":43.0,"dynamic_level_m":68.0,"stabilized_yield":25.0,"interpretation_method":"UNKNOWN","source":"SGB_HIDRO_MS_2024_POCOS","evidence_code":"E08"}},{"type":"Feature","geometry":{"type":"Point","coordinates":[-54.83749999999998,-18.909999999999968]},"properties":{"well_id":"3500022611","municipality":"Rio Verde de Mato Grosso","aquifer":"Furnas","test_type":"Rebaixamento","test_date":"2001-05-11","static_level_m":32.5,"dynamic_level_m":42.7,"stabilized_yield":24.7,"interpretation_method":"UNKNOWN","source":"SGB_HIDRO_MS_2024_POCOS","evidence_code":"E08"}},{"type":"Feature","geometry":{"type":"Point","coordinates":[-54.822221999999954,-21.241943999999933]},"properties":{"well_id":"3500022649","municipality":"Sidrolândia","aquifer":"Guarani","test_type":"Rebaixamento","test_date":"2002-02-02","static_level_m":15.0,"dynamic_level_m":19.0,"stabilized_yield":18.0,"interpretation_method":"UNKNOWN","source":"SGB_HIDRO_MS_2024_POCOS","evidence_code":"E08"}},{"type":"Feature","geometry":{"type":"Point","coordinates":[-54.96111099999996,-20.937221999999963]},"properties":{"well_id":"3500022808","municipality":"Sidrolândia","aquifer":"Guarani","test_type":"Rebaixamento","test_date":"1999-10-10","static_level_m":15.3,"dynamic_level_m":90.0,"stabilized_yield":9.0,"interpretation_method":"UNKNOWN","source":"SGB_HIDRO_MS_2024_POCOS","evidence_code":"E08"}},{"type":"Feature","geometry":{"type":"Point","coordinates":[-54.86861099999999,-20.448054999999954]},"properties":{"well_id":"3500022819","municipality":"Terenos","aquifer":"Guarani","test_type":"Rebaixamento","test_date":"1978-07-06","static_level_m":46.0,"dynamic_level_m":76.0,"stabilized_yield":10.0,"interpretation_method":"UNKNOWN","source":"SGB_HIDRO_MS_2024_POCOS","evidence_code":"E08"}},{"type":"Feature","geometry":{"type":"Point","coordinates":[-54.444721999999956,-21.35861099999994]},"properties":{"well_id":"3500022865","municipality":"Nova Alvorada do Sul","aquifer":"Serra geral","test_type":"Rebaixamento","test_date":"2005-12-21","static_level_m":10.0,"dynamic_level_m":20.0,"stabilized_yield":53.8,"interpretation_method":"UNKNOWN","source":"SGB_HIDRO_MS_2024_POCOS","evidence_code":"E08"}},{"type":"Feature","geometry":{"type":"Point","coordinates":[-54.35861099999994,-21.455276999999967]},"properties":{"well_id":"3500022867","municipality":"Nova Alvorada do Sul","aquifer":"Serra geral","test_type":"Rebaixamento","test_date":"1998-11-25","static_level_m":9.0,"dynamic_level_m":55.0,"stabilized_yield":26.4,"interpretation_method":"UNKNOWN","source":"SGB_HIDRO_MS_2024_POCOS","evidence_code":"E08"}},{"type":"Feature","geometry":{"type":"Point","coordinates":[-54.59916599999997,-20.489443999999935]},"properties":{"well_id":"3500022946","municipality":"Campo Grande","aquifer":"Serra geral","test_type":"Rebaixamento","test_date":"1985-10-19","static_level_m":15.6,"dynamic_level_m":45.0,"stabilized_yield":24.0,"interpretation_method":"UNKNOWN","source":"SGB_HIDRO_MS_2024_POCOS","evidence_code":"E08"}},{"type":"Feature","geometry":{"type":"Point","coordinates":[-51.42722199999997,-20.35944399999994]},"properties":{"well_id":"3500022976","municipality":"Selvíria","aquifer":"Serra geral","test_type":"Rebaixamento","test_date":"1990-08-01","static_level_m":16.0,"dynamic_level_m":55.4,"stabilized_yield":17.0,"interpretation_method":"UNKNOWN","source":"SGB_HIDRO_MS_2024_POCOS","evidence_code":"E08"}},{"type":"Feature","geometry":{"type":"Point","coordinates":[-54.81222199999996,-22.219165999999973]},"properties":{"well_id":"3500023056","municipality":"Dourados","aquifer":"Guarani","test_type":"Rebaixamento","test_date":"2003-02-10","static_level_m":107.0,"dynamic_level_m":146.1,"stabilized_yield":303.0,"interpretation_method":"UNKNOWN","source":"SGB_HIDRO_MS_2024_POCOS","evidence_code":"E08"}},{"type":"Feature","geometry":{"type":"Point","coordinates":[-54.66277699999995,-19.359999999999957]},"properties":{"well_id":"3500023103","municipality":"São Gabriel do Oeste","aquifer":"Guarani","test_type":"Rebaixamento","test_date":"2006-04-08","static_level_m":15.0,"dynamic_level_m":32.0,"stabilized_yield":28.0,"interpretation_method":"UNKNOWN","source":"SGB_HIDRO_MS_2024_POCOS","evidence_code":"E08"}},{"type":"Feature","geometry":{"type":"Point","coordinates":[-54.75583299999994,-17.579999999999927]},"properties":{"well_id":"3500023106","municipality":"Sonora","aquifer":"Furnas","test_type":"Rebaixamento","test_date":"1998-07-30","static_level_m":11.5,"dynamic_level_m":33.0,"stabilized_yield":38.0,"interpretation_method":"UNKNOWN","source":"SGB_HIDRO_MS_2024_POCOS","evidence_code":"E08"}},{"type":"Feature","geometry":{"type":"Point","coordinates":[-52.42055499999998,-21.722499999999968]},"properties":{"well_id":"3500022968","municipality":"Bataguassu","aquifer":"","test_type":"Rebaixamento","test_date":"2002-05-19","static_level_m":44.0,"dynamic_level_m":49.0,"stabilized_yield":12.0,"interpretation_method":"UNKNOWN","source":"SGB_HIDRO_MS_2024_POCOS","evidence_code":"E08"}},{"type":"Feature","geometry":{"type":"Point","coordinates":[-54.17361099999994,-23.486387999999977]},"properties":{"well_id":"3500022709","municipality":"Itaquiraí","aquifer":"","test_type":"Rebaixamento","test_date":"1981-04-24","static_level_m":29.66,"dynamic_level_m":37.85,"stabilized_yield":44.0,"interpretation_method":"UNKNOWN","source":"SGB_HIDRO_MS_2024_POCOS","evidence_code":"E08"}},{"type":"Feature","geometry":{"type":"Point","coordinates":[-54.65972199999993,-19.266110999999967]},"properties":{"well_id":"3500023231","municipality":"São Gabriel do Oeste","aquifer":"Guarani","test_type":"Rebaixamento","test_date":"1986-06-03","static_level_m":23.15,"dynamic_level_m":53.4,"stabilized_yield":8.0,"interpretation_method":"UNKNOWN","source":"SGB_HIDRO_MS_2024_POCOS","evidence_code":"E08"}},{"type":"Feature","geometry":{"type":"Point","coordinates":[-54.64694399999996,-19.281110999999953]},"properties":{"well_id":"3500023229","municipality":"São Gabriel do Oeste","aquifer":"Guarani","test_type":"Rebaixamento","test_date":"1988-05-02","static_level_m":23.24,"dynamic_level_m":42.27,"stabilized_yield":5.4,"interpretation_method":"UNKNOWN","source":"SGB_HIDRO_MS_2024_POCOS","evidence_code":"E08"}},{"type":"Feature","geometry":{"type":"Point","coordinates":[-54.77333299999998,-22.080276999999967]},"properties":{"well_id":"3500022854","municipality":"Itaporã","aquifer":"Serra geral","test_type":"Rebaixamento","test_date":"2003-10-16","static_level_m":10.0,"dynamic_level_m":19.4,"stabilized_yield":2.25,"interpretation_method":"UNKNOWN","source":"SGB_HIDRO_MS_2024_POCOS","evidence_code":"E08"}},{"type":"Feature","geometry":{"type":"Point","coordinates":[-54.04888799999998,-19.51388799999995]},"properties":{"well_id":"3500022598","municipality":"Camapuã","aquifer":"Guarani","test_type":"Rebaixamento","test_date":"1993-02-02","static_level_m":79.0,"dynamic_level_m":96.0,"stabilized_yield":4.7,"interpretation_method":"UNKNOWN","source":"SGB_HIDRO_MS_2024_POCOS","evidence_code":"E08"}},{"type":"Feature","geometry":{"type":"Point","coordinates":[-55.94944399999997,-22.197776999999974]},"properties":{"well_id":"3500022689","municipality":"Antônio João","aquifer":"Serra geral","test_type":"Rebaixamento","test_date":"1988-02-01","static_level_m":3.0,"dynamic_level_m":78.3,"stabilized_yield":49.5,"interpretation_method":"UNKNOWN","source":"SGB_HIDRO_MS_2024_POCOS","evidence_code":"E08"}},{"type":"Feature","geometry":{"type":"Point","coordinates":[-54.69111099999998,-19.40666699999997]},"properties":{"well_id":"3500028110","municipality":"São Gabriel do Oeste","aquifer":"Guarani","test_type":"Rebaixamento","test_date":"2011-05-19","static_level_m":1.51,"dynamic_level_m":5.21,"stabilized_yield":8.9,"interpretation_method":"UNKNOWN","source":"SGB_HIDRO_MS_2024_POCOS","evidence_code":"E08"}},{"type":"Feature","geometry":{"type":"Point","coordinates":[-54.599721999999986,-20.464443999999958]},"properties":{"well_id":"3500022470","municipality":"Campo Grande","aquifer":"Serra geral","test_type":"Rebaixamento","test_date":"1982-09-28","static_level_m":5.2,"dynamic_level_m":63.69,"stabilized_yield":84.25,"interpretation_method":"UNKNOWN","source":"SGB_HIDRO_MS_2024_POCOS","evidence_code":"E08"}},{"type":"Feature","geometry":{"type":"Point","coordinates":[-54.60722199999998,-20.41805499999998]},"properties":{"well_id":"3500022491","municipality":"Campo Grande","aquifer":"Serra geral","test_type":"Rebaixamento","test_date":"1996-08-10","static_level_m":4.2,"dynamic_level_m":22.4,"stabilized_yield":60.9,"interpretation_method":"UNKNOWN","source":"SGB_HIDRO_MS_2024_POCOS","evidence_code":"E08"}},{"type":"Feature","geometry":{"type":"Point","coordinates":[-54.54499999999996,-20.423332999999957]},"properties":{"well_id":"3500022492","municipality":"Campo Grande","aquifer":"Serra geral","test_type":"Rebaixamento","test_date":"1997-05-22","static_level_m":8.0,"dynamic_level_m":45.0,"stabilized_yield":93.0,"interpretation_method":"UNKNOWN","source":"SGB_HIDRO_MS_2024_POCOS","evidence_code":"E08"}},{"type":"Feature","geometry":{"type":"Point","coordinates":[-54.64916599999998,-20.435832999999946]},"properties":{"well_id":"3500022514","municipality":"Campo Grande","aquifer":"Serra geral","test_type":"Rebaixamento","test_date":"1996-08-21","static_level_m":13.0,"dynamic_level_m":27.0,"stabilized_yield":12.0,"interpretation_method":"UNKNOWN","source":"SGB_HIDRO_MS_2024_POCOS","evidence_code":"E08"}},{"type":"Feature","geometry":{"type":"Point","coordinates":[-54.56888799999996,-20.50277699999998]},"properties":{"well_id":"3500022533","municipality":"Campo Grande","aquifer":"Serra geral","test_type":"Rebaixamento","test_date":"1984-04-06","static_level_m":2.0,"dynamic_level_m":54.0,"stabilized_yield":15.5,"interpretation_method":"UNKNOWN","source":"SGB_HIDRO_MS_2024_POCOS","evidence_code":"E08"}},{"type":"Feature","geometry":{"type":"Point","coordinates":[-53.829999999999984,-22.29305499999998]},"properties":{"well_id":"3500022542","municipality":"Ivinhema","aquifer":"Caiua","test_type":"Rebaixamento","test_date":"1982-06-14","static_level_m":43.14,"dynamic_level_m":86.5,"stabilized_yield":56.5,"interpretation_method":"UNKNOWN","source":"SGB_HIDRO_MS_2024_POCOS","evidence_code":"E08"}},{"type":"Feature","geometry":{"type":"Point","coordinates":[-53.34805499999993,-22.236943999999937]},"properties":{"well_id":"3500022555","municipality":"Nova Andradina","aquifer":"Bauru","test_type":"Rebaixamento","test_date":"2006-01-02","static_level_m":20.3,"dynamic_level_m":54.0,"stabilized_yield":88.0,"interpretation_method":"UNKNOWN","source":"SGB_HIDRO_MS_2024_POCOS","evidence_code":"E08"}},{"type":"Feature","geometry":{"type":"Point","coordinates":[-51.74166599999995,-20.777221999999938]},"properties":{"well_id":"3500022580","municipality":"Três Lagoas","aquifer":"Bauru","test_type":"Rebaixamento","test_date":"2003-06-01","static_level_m":38.6,"dynamic_level_m":47.2,"stabilized_yield":62.0,"interpretation_method":"UNKNOWN","source":"SGB_HIDRO_MS_2024_POCOS","evidence_code":"E08"}},{"type":"Feature","geometry":{"type":"Point","coordinates":[-54.54861099999994,-23.839721999999938]},"properties":{"well_id":"3500022617","municipality":"Japorã","aquifer":"Caiua","test_type":"Rebaixamento","test_date":"2001-02-02","static_level_m":35.0,"dynamic_level_m":54.0,"stabilized_yield":13.0,"interpretation_method":"UNKNOWN","source":"SGB_HIDRO_MS_2024_POCOS","evidence_code":"E08"}},{"type":"Feature","geometry":{"type":"Point","coordinates":[-57.758887999999956,-19.070554999999956]},"properties":{"well_id":"3500022626","municipality":"Corumbá","aquifer":"Não definido","test_type":"Rebaixamento","test_date":"2001-09-02","static_level_m":7.1,"dynamic_level_m":30.5,"stabilized_yield":25.5,"interpretation_method":"UNKNOWN","source":"SGB_HIDRO_MS_2024_POCOS","evidence_code":"E08"}},{"type":"Feature","geometry":{"type":"Point","coordinates":[-54.18416599999995,-23.49333299999995]},"properties":{"well_id":"3500022629","municipality":"Itaquiraí","aquifer":"Caiua","test_type":"Rebaixamento","test_date":"1994-06-10","static_level_m":16.0,"dynamic_level_m":39.3,"stabilized_yield":72.0,"interpretation_method":"UNKNOWN","source":"SGB_HIDRO_MS_2024_POCOS","evidence_code":"E08"}},{"type":"Feature","geometry":{"type":"Point","coordinates":[-54.20111099999997,-23.03416599999997]},"properties":{"well_id":"3500022635","municipality":"Naviraí","aquifer":"Caiua","test_type":"Rebaixamento","test_date":"1984-02-25","static_level_m":7.1,"dynamic_level_m":45.0,"stabilized_yield":54.0,"interpretation_method":"UNKNOWN","source":"SGB_HIDRO_MS_2024_POCOS","evidence_code":"E08"}},{"type":"Feature","geometry":{"type":"Point","coordinates":[-54.70416599999999,-20.453610999999967]},"properties":{"well_id":"3500022656","municipality":"Campo Grande","aquifer":"Serra geral","test_type":"Rebaixamento","test_date":"1982-09-20","static_level_m":1.1,"dynamic_level_m":71.3,"stabilized_yield":14.11,"interpretation_method":"UNKNOWN","source":"SGB_HIDRO_MS_2024_POCOS","evidence_code":"E08"}},{"type":"Feature","geometry":{"type":"Point","coordinates":[-54.62611099999998,-20.43972199999996]},"properties":{"well_id":"3500022658","municipality":"Campo Grande","aquifer":"Serra geral","test_type":"Rebaixamento","test_date":"1995-11-27","static_level_m":20.0,"dynamic_level_m":38.0,"stabilized_yield":38.9,"interpretation_method":"UNKNOWN","source":"SGB_HIDRO_MS_2024_POCOS","evidence_code":"E08"}},{"type":"Feature","geometry":{"type":"Point","coordinates":[-57.06888799999996,-21.999443999999983]},"properties":{"well_id":"3500022664","municipality":"Caracol","aquifer":"Rocha cristalina","test_type":"Rebaixamento","test_date":"2004-05-05","static_level_m":21.2,"dynamic_level_m":62.0,"stabilized_yield":1.0,"interpretation_method":"UNKNOWN","source":"SGB_HIDRO_MS_2024_POCOS","evidence_code":"E08"}},{"type":"Feature","geometry":{"type":"Point","coordinates":[-53.26388799999995,-22.29555499999998]},"properties":{"well_id":"3500022673","municipality":"Batayporã","aquifer":"Caiua","test_type":"Rebaixamento","test_date":"1995-11-17","static_level_m":9.0,"dynamic_level_m":37.0,"stabilized_yield":39.6,"interpretation_method":"UNKNOWN","source":"SGB_HIDRO_MS_2024_POCOS","evidence_code":"E08"}},{"type":"Feature","geometry":{"type":"Point","coordinates":[-54.186387999999965,-23.048054999999977]},"properties":{"well_id":"3500022720","municipality":"Naviraí","aquifer":"Caiua","test_type":"Rebaixamento","test_date":"1991-09-23","static_level_m":29.0,"dynamic_level_m":53.0,"stabilized_yield":45.6,"interpretation_method":"UNKNOWN","source":"SGB_HIDRO_MS_2024_POCOS","evidence_code":"E08"}},{"type":"Feature","geometry":{"type":"Point","coordinates":[-55.58638799999994,-23.02416599999998]},"properties":{"well_id":"3500022751","municipality":"Aral Moreira","aquifer":"Serra geral","test_type":"Rebaixamento","test_date":"1981-04-03","static_level_m":4.57,"dynamic_level_m":61.16,"stabilized_yield":28.8,"interpretation_method":"UNKNOWN","source":"SGB_HIDRO_MS_2024_POCOS","evidence_code":"E08"}},{"type":"Feature","geometry":{"type":"Point","coordinates":[-55.760832999999934,-20.45277699999997]},"properties":{"well_id":"3500022762","municipality":"Aquidauana","aquifer":"Aquidauana","test_type":"Rebaixamento","test_date":"1969-01-02","static_level_m":0.0,"dynamic_level_m":70.0,"stabilized_yield":28.0,"interpretation_method":"UNKNOWN","source":"SGB_HIDRO_MS_2024_POCOS","evidence_code":"E08"}},{"type":"Feature","geometry":{"type":"Point","coordinates":[-55.79249999999996,-20.466387999999938]},"properties":{"well_id":"3500022767","municipality":"Aquidauana","aquifer":"Aquidauana","test_type":"Rebaixamento","test_date":"1961-01-02","static_level_m":0.0,"dynamic_level_m":80.0,"stabilized_yield":23.0,"interpretation_method":"UNKNOWN","source":"SGB_HIDRO_MS_2024_POCOS","evidence_code":"E08"}},{"type":"Feature","geometry":{"type":"Point","coordinates":[-56.45055499999995,-21.14027699999997]},"properties":{"well_id":"3500022776","municipality":"Bonito","aquifer":"Cuiaba","test_type":"Rebaixamento","test_date":"2003-01-02","static_level_m":10.15,"dynamic_level_m":46.9,"stabilized_yield":49.5,"interpretation_method":"UNKNOWN","source":"SGB_HIDRO_MS_2024_POCOS","evidence_code":"E08"}},{"type":"Feature","geometry":{"type":"Point","coordinates":[-57.030554999999936,-22.019999999999982]},"properties":{"well_id":"3500022783","municipality":"Caracol","aquifer":"Rocha cristalina","test_type":"Rebaixamento","test_date":"2003-01-02","static_level_m":24.4,"dynamic_level_m":62.0,"stabilized_yield":4.1,"interpretation_method":"UNKNOWN","source":"SGB_HIDRO_MS_2024_POCOS","evidence_code":"E08"}},{"type":"Feature","geometry":{"type":"Point","coordinates":[-55.27499999999998,-20.685554999999965]},"properties":{"well_id":"3500022787","municipality":"Dois Irmãos do Buriti","aquifer":"Guarani","test_type":"Rebaixamento","test_date":"1980-04-17","static_level_m":24.75,"dynamic_level_m":37.93,"stabilized_yield":21.41,"interpretation_method":"UNKNOWN","source":"SGB_HIDRO_MS_2024_POCOS","evidence_code":"E08"}},{"type":"Feature","geometry":{"type":"Point","coordinates":[-55.11055499999998,-20.782221999999933]},"properties":{"well_id":"3500022804","municipality":"Sidrolândia","aquifer":"Guarani","test_type":"Rebaixamento","test_date":"2001-04-11","static_level_m":27.0,"dynamic_level_m":33.0,"stabilized_yield":8.9,"interpretation_method":"UNKNOWN","source":"SGB_HIDRO_MS_2024_POCOS","evidence_code":"E08"}},{"type":"Feature","geometry":{"type":"Point","coordinates":[-54.81611099999998,-22.25222199999996]},"properties":{"well_id":"3500022830","municipality":"Dourados","aquifer":"Serra geral","test_type":"Rebaixamento","test_date":"1990-04-23","static_level_m":47.5,"dynamic_level_m":48.3,"stabilized_yield":57.8,"interpretation_method":"UNKNOWN","source":"SGB_HIDRO_MS_2024_POCOS","evidence_code":"E08"}},{"type":"Feature","geometry":{"type":"Point","coordinates":[-54.79583299999996,-22.238887999999974]},"properties":{"well_id":"3500022834","municipality":"Dourados","aquifer":"Serra geral","test_type":"Rebaixamento","test_date":"2002-09-25","static_level_m":18.0,"dynamic_level_m":24.0,"stabilized_yield":83.89,"interpretation_method":"UNKNOWN","source":"SGB_HIDRO_MS_2024_POCOS","evidence_code":"E08"}},{"type":"Feature","geometry":{"type":"Point","coordinates":[-54.78194399999995,-22.20027699999997]},"properties":{"well_id":"3500022837","municipality":"Dourados","aquifer":"Serra geral","test_type":"Rebaixamento","test_date":"1982-03-23","static_level_m":4.62,"dynamic_level_m":62.18,"stabilized_yield":76.15,"interpretation_method":"UNKNOWN","source":"SGB_HIDRO_MS_2024_POCOS","evidence_code":"E08"}},{"type":"Feature","geometry":{"type":"Point","coordinates":[-54.42944399999993,-21.651943999999958]},"properties":{"well_id":"3500022871","municipality":"Rio Brilhante","aquifer":"Serra geral","test_type":"Rebaixamento","test_date":"1984-06-18","static_level_m":8.12,"dynamic_level_m":49.06,"stabilized_yield":25.22,"interpretation_method":"UNKNOWN","source":"SGB_HIDRO_MS_2024_POCOS","evidence_code":"E08"}},{"type":"Feature","geometry":{"type":"Point","coordinates":[-54.66972199999998,-20.537499999999966]},"properties":{"well_id":"3500022905","municipality":"Campo Grande","aquifer":"Serra geral","test_type":"Rebaixamento","test_date":"1995-11-30","static_level_m":49.0,"dynamic_level_m":74.0,"stabilized_yield":7.2,"interpretation_method":"UNKNOWN","source":"SGB_HIDRO_MS_2024_POCOS","evidence_code":"E08"}},{"type":"Feature","geometry":{"type":"Point","coordinates":[-53.779165999999975,-22.156387999999936]},"properties":{"well_id":"3500022938","municipality":"Angélica","aquifer":"Caiua","test_type":"Rebaixamento","test_date":"1987-08-13","static_level_m":24.0,"dynamic_level_m":63.46,"stabilized_yield":46.58,"interpretation_method":"UNKNOWN","source":"SGB_HIDRO_MS_2024_POCOS","evidence_code":"E08"}},{"type":"Feature","geometry":{"type":"Point","coordinates":[-52.43055499999997,-21.715276999999958]},"properties":{"well_id":"3500022971","municipality":"Bataguassu","aquifer":"Caiua","test_type":"Rebaixamento","test_date":"2002-05-21","static_level_m":31.7,"dynamic_level_m":50.0,"stabilized_yield":31.68,"interpretation_method":"UNKNOWN","source":"SGB_HIDRO_MS_2024_POCOS","evidence_code":"E08"}},{"type":"Feature","geometry":{"type":"Point","coordinates":[-52.823054999999954,-21.302499999999952]},"properties":{"well_id":"3500022978","municipality":"Santa Rita do Pardo","aquifer":"Caiua","test_type":"Rebaixamento","test_date":"1994-05-04","static_level_m":11.0,"dynamic_level_m":39.5,"stabilized_yield":46.55,"interpretation_method":"UNKNOWN","source":"SGB_HIDRO_MS_2024_POCOS","evidence_code":"E08"}},{"type":"Feature","geometry":{"type":"Point","coordinates":[-54.74138799999997,-18.50666599999994]},"properties":{"well_id":"3500022990","municipality":"Coxim","aquifer":"Furnas","test_type":"Rebaixamento","test_date":"1974-06-05","static_level_m":15.0,"dynamic_level_m":41.65,"stabilized_yield":3.75,"interpretation_method":"UNKNOWN","source":"SGB_HIDRO_MS_2024_POCOS","evidence_code":"E08"}},{"type":"Feature","geometry":{"type":"Point","coordinates":[-54.281387999999936,-23.78444399999995]},"properties":{"well_id":"3500023022","municipality":"Eldorado","aquifer":"Caiua","test_type":"Rebaixamento","test_date":"1978-07-08","static_level_m":25.0,"dynamic_level_m":57.53,"stabilized_yield":14.4,"interpretation_method":"UNKNOWN","source":"SGB_HIDRO_MS_2024_POCOS","evidence_code":"E08"}},{"type":"Feature","geometry":{"type":"Point","coordinates":[-54.75444399999998,-18.509165999999937]},"properties":{"well_id":"3500023040","municipality":"Coxim","aquifer":"Furnas","test_type":"Rebaixamento","test_date":"1981-06-13","static_level_m":2.47,"dynamic_level_m":23.1,"stabilized_yield":60.9,"interpretation_method":"UNKNOWN","source":"SGB_HIDRO_MS_2024_POCOS","evidence_code":"E08"}},{"type":"Feature","geometry":{"type":"Point","coordinates":[-56.49416599999995,-21.121387999999968]},"properties":{"well_id":"3500023085","municipality":"Bonito","aquifer":"Cuiaba","test_type":"Rebaixamento","test_date":"1994-04-14","static_level_m":5.0,"dynamic_level_m":14.0,"stabilized_yield":0.5,"interpretation_method":"UNKNOWN","source":"SGB_HIDRO_MS_2024_POCOS","evidence_code":"E08"}},{"type":"Feature","geometry":{"type":"Point","coordinates":[-56.45361099999997,-21.121110999999928]},"properties":{"well_id":"3500023090","municipality":"Bonito","aquifer":"Cuiaba","test_type":"Rebaixamento","test_date":"1980-05-15","static_level_m":7.5,"dynamic_level_m":49.0,"stabilized_yield":0.3,"interpretation_method":"UNKNOWN","source":"SGB_HIDRO_MS_2024_POCOS","evidence_code":"E08"}},{"type":"Feature","geometry":{"type":"Point","coordinates":[-56.48499999999996,-21.11888799999997]},"properties":{"well_id":"3500023092","municipality":"Bonito","aquifer":"Cuiaba","test_type":"Rebaixamento","test_date":"1993-03-13","static_level_m":10.0,"dynamic_level_m":16.0,"stabilized_yield":0.5,"interpretation_method":"UNKNOWN","source":"SGB_HIDRO_MS_2024_POCOS","evidence_code":"E08"}},{"type":"Feature","geometry":{"type":"Point","coordinates":[-56.49444399999999,-21.119721999999967]},"properties":{"well_id":"3500023093","municipality":"Bonito","aquifer":"Cuiaba","test_type":"Rebaixamento","test_date":"1991-05-07","static_level_m":8.5,"dynamic_level_m":36.0,"stabilized_yield":3.0,"interpretation_method":"UNKNOWN","source":"SGB_HIDRO_MS_2024_POCOS","evidence_code":"E08"}},{"type":"Feature","geometry":{"type":"Point","coordinates":[-55.76249999999993,-20.464165999999977]},"properties":{"well_id":"3500023098","municipality":"Aquidauana","aquifer":"Aquidauana","test_type":"Rebaixamento","test_date":"1975-01-10","static_level_m":4.0,"dynamic_level_m":16.0,"stabilized_yield":20.0,"interpretation_method":"UNKNOWN","source":"SGB_HIDRO_MS_2024_POCOS","evidence_code":"E08"}},{"type":"Feature","geometry":{"type":"Point","coordinates":[-54.549999999999955,-21.808332999999948]},"properties":{"well_id":"3500023259","municipality":"Rio Brilhante","aquifer":"Serra geral","test_type":"Escalonado","test_date":"1991-07-13","static_level_m":12.0,"dynamic_level_m":39.5,"stabilized_yield":56.6,"interpretation_method":"UNKNOWN","source":"SGB_HIDRO_MS_2024_POCOS","evidence_code":"E08"}},{"type":"Feature","geometry":{"type":"Point","coordinates":[-54.551387999999974,-21.80694399999993]},"properties":{"well_id":"3500023261","municipality":"Rio Brilhante","aquifer":"Serra geral","test_type":"Rebaixamento","test_date":"1991-07-11","static_level_m":4.3,"dynamic_level_m":18.5,"stabilized_yield":18.9,"interpretation_method":"UNKNOWN","source":"SGB_HIDRO_MS_2024_POCOS","evidence_code":"E08"}},{"type":"Feature","geometry":{"type":"Point","coordinates":[-52.43749999999994,-21.686943999999983]},"properties":{"well_id":"3500023277","municipality":"Bataguassu","aquifer":"Bauru","test_type":"Escalonado","test_date":"1987-03-22","static_level_m":31.45,"dynamic_level_m":50.19,"stabilized_yield":55.0,"interpretation_method":"UNKNOWN","source":"SGB_HIDRO_MS_2024_POCOS","evidence_code":"E08"}},{"type":"Feature","geometry":{"type":"Point","coordinates":[-53.85999999999996,-22.655554999999936]},"properties":{"well_id":"3500023374","municipality":"Novo Horizonte do Sul","aquifer":"Caiua","test_type":"Rebaixamento","test_date":"1995-02-16","static_level_m":24.0,"dynamic_level_m":45.0,"stabilized_yield":13.0,"interpretation_method":"UNKNOWN","source":"SGB_HIDRO_MS_2024_POCOS","evidence_code":"E08"}},{"type":"Feature","geometry":{"type":"Point","coordinates":[-53.85777699999994,-22.651665999999977]},"properties":{"well_id":"3500023375","municipality":"Novo Horizonte do Sul","aquifer":"Caiua","test_type":"Rebaixamento","test_date":"1996-02-06","static_level_m":24.0,"dynamic_level_m":43.0,"stabilized_yield":11.6,"interpretation_method":"UNKNOWN","source":"SGB_HIDRO_MS_2024_POCOS","evidence_code":"E08"}},{"type":"Feature","geometry":{"type":"Point","coordinates":[-54.65277699999996,-20.475832999999966]},"properties":{"well_id":"3500022474","municipality":"Campo Grande","aquifer":"Serra geral","test_type":"Rebaixamento","test_date":"1989-07-14","static_level_m":9.5,"dynamic_level_m":34.0,"stabilized_yield":27.7,"interpretation_method":"UNKNOWN","source":"SGB_HIDRO_MS_2024_POCOS","evidence_code":"E08"}},{"type":"Feature","geometry":{"type":"Point","coordinates":[-52.41749999999996,-21.71388799999994]},"properties":{"well_id":"3500023274","municipality":"Bataguassu","aquifer":"Caiua","test_type":"Rebaixamento","test_date":"1980-02-16","static_level_m":33.3,"dynamic_level_m":43.21,"stabilized_yield":18.85,"interpretation_method":"UNKNOWN","source":"SGB_HIDRO_MS_2024_POCOS","evidence_code":"E08"}},{"type":"Feature","geometry":{"type":"Point","coordinates":[-54.853610999999944,-18.915277999999944]},"properties":{"well_id":"3500030634","municipality":"Rio Verde de Mato Grosso","aquifer":"Furnas","test_type":"Rebaixamento","test_date":"1986-07-27","static_level_m":6.0,"dynamic_level_m":33.0,"stabilized_yield":42.0,"interpretation_method":"UNKNOWN","source":"SGB_HIDRO_MS_2024_POCOS","evidence_code":"E08"}},{"type":"Feature","geometry":{"type":"Point","coordinates":[-54.83749999999998,-18.90944399999995]},"properties":{"well_id":"3500030635","municipality":"Rio Verde de Mato Grosso","aquifer":"Furnas","test_type":"Rebaixamento","test_date":"1989-08-19","static_level_m":33.0,"dynamic_level_m":55.6,"stabilized_yield":27.3,"interpretation_method":"UNKNOWN","source":"SGB_HIDRO_MS_2024_POCOS","evidence_code":"E08"}},{"type":"Feature","geometry":{"type":"Point","coordinates":[-54.831388999999945,-19.831110999999964]},"properties":{"well_id":"3500030637","municipality":"Corguinho","aquifer":"Aquidauana","test_type":"Rebaixamento","test_date":"1979-03-27","static_level_m":19.0,"dynamic_level_m":41.0,"stabilized_yield":28.8,"interpretation_method":"UNKNOWN","source":"SGB_HIDRO_MS_2024_POCOS","evidence_code":"E08"}},{"type":"Feature","geometry":{"type":"Point","coordinates":[-55.957776999999965,-22.19305499999996]},"properties":{"well_id":"3500022688","municipality":"Antônio João","aquifer":"Serra geral","test_type":"Rebaixamento","test_date":"1979-10-05","static_level_m":4.5,"dynamic_level_m":25.5,"stabilized_yield":28.0,"interpretation_method":"UNKNOWN","source":"SGB_HIDRO_MS_2024_POCOS","evidence_code":"E08"}},{"type":"Feature","geometry":{"type":"Point","coordinates":[-55.634443999999974,-22.944721999999956]},"properties":{"well_id":"3500022690","municipality":"Aral Moreira","aquifer":"Serra geral","test_type":"Rebaixamento","test_date":"1980-07-07","static_level_m":3.65,"dynamic_level_m":22.26,"stabilized_yield":46.65,"interpretation_method":"UNKNOWN","source":"SGB_HIDRO_MS_2024_POCOS","evidence_code":"E08"}},{"type":"Feature","geometry":{"type":"Point","coordinates":[-54.287221999999986,-23.78583299999997]},"properties":{"well_id":"3500022701","municipality":"Eldorado","aquifer":"Caiua","test_type":"Rebaixamento","test_date":"1995-09-02","static_level_m":38.3,"dynamic_level_m":64.0,"stabilized_yield":10.3,"interpretation_method":"UNKNOWN","source":"SGB_HIDRO_MS_2024_POCOS","evidence_code":"E08"}},{"type":"Feature","geometry":{"type":"Point","coordinates":[-54.27722199999994,-23.78361099999995]},"properties":{"well_id":"3500022702","municipality":"Eldorado","aquifer":"Caiua","test_type":"Rebaixamento","test_date":"1997-01-14","static_level_m":34.0,"dynamic_level_m":70.6,"stabilized_yield":24.0,"interpretation_method":"UNKNOWN","source":"SGB_HIDRO_MS_2024_POCOS","evidence_code":"E08"}},{"type":"Feature","geometry":{"type":"Point","coordinates":[-55.718887999999936,-22.542776999999944]},"properties":{"well_id":"3500022727","municipality":"Ponta Porã","aquifer":"Serra geral","test_type":"Rebaixamento","test_date":"1973-03-01","static_level_m":38.0,"dynamic_level_m":45.0,"stabilized_yield":22.0,"interpretation_method":"UNKNOWN","source":"SGB_HIDRO_MS_2024_POCOS","evidence_code":"E08"}},{"type":"Feature","geometry":{"type":"Point","coordinates":[-55.706943999999964,-22.552221999999972]},"properties":{"well_id":"3500022731","municipality":"Ponta Porã","aquifer":"Serra geral","test_type":"Rebaixamento","test_date":"1976-05-15","static_level_m":38.0,"dynamic_level_m":45.0,"stabilized_yield":22.0,"interpretation_method":"UNKNOWN","source":"SGB_HIDRO_MS_2024_POCOS","evidence_code":"E08"}},{"type":"Feature","geometry":{"type":"Point","coordinates":[-55.81527699999998,-20.48083299999996]},"properties":{"well_id":"3500022753","municipality":"Anastácio","aquifer":"Aquidauana","test_type":"Rebaixamento","test_date":"1987-06-12","static_level_m":18.5,"dynamic_level_m":83.6,"stabilized_yield":10.0,"interpretation_method":"UNKNOWN","source":"SGB_HIDRO_MS_2024_POCOS","evidence_code":"E08"}},{"type":"Feature","geometry":{"type":"Point","coordinates":[-52.82583299999993,-21.292776999999944]},"properties":{"well_id":"3500022979","municipality":"Santa Rita do Pardo","aquifer":"Caiua","test_type":"Rebaixamento","test_date":"1989-10-10","static_level_m":5.0,"dynamic_level_m":89.1,"stabilized_yield":11.6,"interpretation_method":"UNKNOWN","source":"SGB_HIDRO_MS_2024_POCOS","evidence_code":"E08"}},{"type":"Feature","geometry":{"type":"Point","coordinates":[-56.458887999999945,-21.109999999999957]},"properties":{"well_id":"3500023063","municipality":"Bonito","aquifer":"Cuiaba","test_type":"Rebaixamento","test_date":"1991-01-18","static_level_m":8.0,"dynamic_level_m":54.0,"stabilized_yield":1.4,"interpretation_method":"UNKNOWN","source":"SGB_HIDRO_MS_2024_POCOS","evidence_code":"E08"}},{"type":"Feature","geometry":{"type":"Point","coordinates":[-54.696387999999956,-22.11722199999997]},"properties":{"well_id":"3500023066","municipality":"Dourados","aquifer":"Serra geral","test_type":"Rebaixamento","test_date":"1973-06-03","static_level_m":10.0,"dynamic_level_m":38.0,"stabilized_yield":24.0,"interpretation_method":"UNKNOWN","source":"SGB_HIDRO_MS_2024_POCOS","evidence_code":"E08"}},{"type":"Feature","geometry":{"type":"Point","coordinates":[-54.82555599999995,-22.186110999999983]},"properties":{"well_id":"3500067285","municipality":"Dourados","aquifer":"Serra geral","test_type":"Rebaixamento","test_date":"2016-08-08","static_level_m":2.4,"dynamic_level_m":15.85,"stabilized_yield":21.0,"interpretation_method":"UNKNOWN","source":"SGB_HIDRO_MS_2024_POCOS","evidence_code":"E08"}},{"type":"Feature","geometry":{"type":"Point","coordinates":[-54.819721999999956,-22.633610999999974]},"properties":{"well_id":"3500022695","municipality":"Caarapó","aquifer":"Serra geral","test_type":"Rebaixamento","test_date":"1989-05-07","static_level_m":19.5,"dynamic_level_m":29.8,"stabilized_yield":21.8,"interpretation_method":"UNKNOWN","source":"SGB_HIDRO_MS_2024_POCOS","evidence_code":"E08"}},{"type":"Feature","geometry":{"type":"Point","coordinates":[-51.708054999999945,-20.78888799999993]},"properties":{"well_id":"3500022985","municipality":"Três Lagoas","aquifer":"Bauru","test_type":"Rebaixamento","test_date":"2003-05-25","static_level_m":13.03,"dynamic_level_m":29.3,"stabilized_yield":53.2,"interpretation_method":"UNKNOWN","source":"SGB_HIDRO_MS_2024_POCOS","evidence_code":"E08"}},{"type":"Feature","geometry":{"type":"Point","coordinates":[-55.041665999999964,-19.436387999999965]},"properties":{"well_id":"3500022999","municipality":"Rio Negro","aquifer":"Furnas","test_type":"Rebaixamento","test_date":"1989-07-15","static_level_m":12.1,"dynamic_level_m":64.18,"stabilized_yield":33.0,"interpretation_method":"UNKNOWN","source":"SGB_HIDRO_MS_2024_POCOS","evidence_code":"E08"}},{"type":"Feature","geometry":{"type":"Point","coordinates":[-54.037221999999986,-19.589165999999977]},"properties":{"well_id":"3500023252","municipality":"Camapuã","aquifer":"Guarani","test_type":"Rebaixamento","test_date":"1988-03-25","static_level_m":22.7,"dynamic_level_m":54.3,"stabilized_yield":10.5,"interpretation_method":"UNKNOWN","source":"SGB_HIDRO_MS_2024_POCOS","evidence_code":"E08"}},{"type":"Feature","geometry":{"type":"Point","coordinates":[-54.651666999999975,-20.053332999999952]},"properties":{"well_id":"3500067497","municipality":"Jaraguari","aquifer":"Guarani","test_type":"Rebaixamento","test_date":"2017-04-02","static_level_m":9.5,"dynamic_level_m":59.5,"stabilized_yield":28.0,"interpretation_method":"UNKNOWN","source":"SGB_HIDRO_MS_2024_POCOS","evidence_code":"E08"}},{"type":"Feature","geometry":{"type":"Point","coordinates":[-53.72638899999998,-20.27444399999996]},"properties":{"well_id":"3500067701","municipality":"Ribas do Rio Pardo","aquifer":"Serra geral","test_type":"Rebaixamento","test_date":"2018-07-22","static_level_m":40.0,"dynamic_level_m":80.0,"stabilized_yield":11.0,"interpretation_method":"UNKNOWN","source":"SGB_HIDRO_MS_2024_POCOS","evidence_code":"E08"}},{"type":"Feature","geometry":{"type":"Point","coordinates":[-55.00583299999994,-20.690277999999978]},"properties":{"well_id":"3500030644","municipality":"Terenos","aquifer":"","test_type":"Rebaixamento","test_date":"2008-05-01","static_level_m":50.5,"dynamic_level_m":77.25,"stabilized_yield":12.41,"interpretation_method":"UNKNOWN","source":"SGB_HIDRO_MS_2024_POCOS","evidence_code":"E08"}},{"type":"Feature","geometry":{"type":"Point","coordinates":[-54.03666599999997,-19.58888799999994]},"properties":{"well_id":"3500022602","municipality":"Camapuã","aquifer":"Guarani","test_type":"Rebaixamento","test_date":"1989-02-02","static_level_m":13.7,"dynamic_level_m":46.0,"stabilized_yield":13.2,"interpretation_method":"UNKNOWN","source":"SGB_HIDRO_MS_2024_POCOS","evidence_code":"E08"}},{"type":"Feature","geometry":{"type":"Point","coordinates":[-54.81222199999996,-22.639165999999932]},"properties":{"well_id":"3500022692","municipality":"Caarapó","aquifer":"Serra geral","test_type":"Rebaixamento","test_date":"1980-10-22","static_level_m":10.9,"dynamic_level_m":85.4,"stabilized_yield":8.0,"interpretation_method":"UNKNOWN","source":"SGB_HIDRO_MS_2024_POCOS","evidence_code":"E08"}},{"type":"Feature","geometry":{"type":"Point","coordinates":[-54.948887999999954,-20.938332999999943]},"properties":{"well_id":"3500022811","municipality":"Sidrolândia","aquifer":"Guarani","test_type":"Rebaixamento","test_date":"2001-08-02","static_level_m":68.5,"dynamic_level_m":74.0,"stabilized_yield":17.6,"interpretation_method":"UNKNOWN","source":"SGB_HIDRO_MS_2024_POCOS","evidence_code":"E08"}},{"type":"Feature","geometry":{"type":"Point","coordinates":[-54.63416599999994,-20.414999999999964]},"properties":{"well_id":"3500022940","municipality":"Campo Grande","aquifer":"Serra geral","test_type":"Rebaixamento","test_date":"1998-01-06","static_level_m":18.0,"dynamic_level_m":19.0,"stabilized_yield":7.21,"interpretation_method":"UNKNOWN","source":"SGB_HIDRO_MS_2024_POCOS","evidence_code":"E08"}},{"type":"Feature","geometry":{"type":"Point","coordinates":[-54.62805499999996,-20.480276999999944]},"properties":{"well_id":"3500022475","municipality":"Campo Grande","aquifer":"Guarani","test_type":"Rebaixamento","test_date":"1993-08-24","static_level_m":4.0,"dynamic_level_m":37.0,"stabilized_yield":31.5,"interpretation_method":"UNKNOWN","source":"SGB_HIDRO_MS_2024_POCOS","evidence_code":"E08"}},{"type":"Feature","geometry":{"type":"Point","coordinates":[-54.551387999999974,-20.47194399999995]},"properties":{"well_id":"3500022479","municipality":"Campo Grande","aquifer":"Serra geral","test_type":"Rebaixamento","test_date":"1994-02-22","static_level_m":7.0,"dynamic_level_m":33.0,"stabilized_yield":11.5,"interpretation_method":"UNKNOWN","source":"SGB_HIDRO_MS_2024_POCOS","evidence_code":"E08"}},{"type":"Feature","geometry":{"type":"Point","coordinates":[-54.56777699999998,-20.393887999999947]},"properties":{"well_id":"3500022489","municipality":"Campo Grande","aquifer":"Serra geral","test_type":"Rebaixamento","test_date":"1997-02-21","static_level_m":38.0,"dynamic_level_m":45.3,"stabilized_yield":36.0,"interpretation_method":"UNKNOWN","source":"SGB_HIDRO_MS_2024_POCOS","evidence_code":"E08"}},{"type":"Feature","geometry":{"type":"Point","coordinates":[-54.57444399999997,-20.428610999999933]},"properties":{"well_id":"3500022505","municipality":"Campo Grande","aquifer":"Serra geral","test_type":"Rebaixamento","test_date":"1997-04-28","static_level_m":15.0,"dynamic_level_m":34.0,"stabilized_yield":34.8,"interpretation_method":"UNKNOWN","source":"SGB_HIDRO_MS_2024_POCOS","evidence_code":"E08"}},{"type":"Feature","geometry":{"type":"Point","coordinates":[-54.67277699999994,-20.537499999999966]},"properties":{"well_id":"3500022509","municipality":"Campo Grande","aquifer":"Guarani","test_type":"Rebaixamento","test_date":"1989-04-22","static_level_m":43.0,"dynamic_level_m":59.0,"stabilized_yield":21.0,"interpretation_method":"UNKNOWN","source":"SGB_HIDRO_MS_2024_POCOS","evidence_code":"E08"}},{"type":"Feature","geometry":{"type":"Point","coordinates":[-54.56888799999996,-20.42111099999994]},"properties":{"well_id":"3500022527","municipality":"Campo Grande","aquifer":"Serra geral","test_type":"Rebaixamento","test_date":"1984-05-30","static_level_m":47.0,"dynamic_level_m":62.0,"stabilized_yield":3.0,"interpretation_method":"UNKNOWN","source":"SGB_HIDRO_MS_2024_POCOS","evidence_code":"E08"}},{"type":"Feature","geometry":{"type":"Point","coordinates":[-53.354443999999944,-22.487221999999974]},"properties":{"well_id":"3500022558","municipality":"Taquarussu","aquifer":"Serra geral","test_type":"Rebaixamento","test_date":"2001-05-27","static_level_m":6.2,"dynamic_level_m":45.3,"stabilized_yield":18.64,"interpretation_method":"UNKNOWN","source":"SGB_HIDRO_MS_2024_POCOS","evidence_code":"E08"}},{"type":"Feature","geometry":{"type":"Point","coordinates":[-51.92249999999996,-19.72388799999993]},"properties":{"well_id":"3500022573","municipality":"Inocência","aquifer":"Serra geral","test_type":"Rebaixamento","test_date":"1989-04-05","static_level_m":21.9,"dynamic_level_m":65.0,"stabilized_yield":7.0,"interpretation_method":"UNKNOWN","source":"SGB_HIDRO_MS_2024_POCOS","evidence_code":"E08"}},{"type":"Feature","geometry":{"type":"Point","coordinates":[-51.66888799999998,-20.79694399999994]},"properties":{"well_id":"3500022577","municipality":"Três Lagoas","aquifer":"Bauru","test_type":"Rebaixamento","test_date":"1978-01-22","static_level_m":17.0,"dynamic_level_m":27.8,"stabilized_yield":40.4,"interpretation_method":"UNKNOWN","source":"SGB_HIDRO_MS_2024_POCOS","evidence_code":"E08"}},{"type":"Feature","geometry":{"type":"Point","coordinates":[-54.75055499999996,-17.586387999999943]},"properties":{"well_id":"3500022603","municipality":"Sonora","aquifer":"Furnas","test_type":"Rebaixamento","test_date":"2000-07-21","static_level_m":32.0,"dynamic_level_m":53.0,"stabilized_yield":15.0,"interpretation_method":"UNKNOWN","source":"SGB_HIDRO_MS_2024_POCOS","evidence_code":"E08"}},{"type":"Feature","geometry":{"type":"Point","coordinates":[-54.75083299999994,-17.584165999999982]},"properties":{"well_id":"3500022605","municipality":"Sonora","aquifer":"Furnas","test_type":"Rebaixamento","test_date":"1999-05-14","static_level_m":20.0,"dynamic_level_m":66.5,"stabilized_yield":44.0,"interpretation_method":"UNKNOWN","source":"SGB_HIDRO_MS_2024_POCOS","evidence_code":"E08"}},{"type":"Feature","geometry":{"type":"Point","coordinates":[-54.634721999999954,-22.85694399999994]},"properties":{"well_id":"3500022628","municipality":"Juti","aquifer":"Guarani","test_type":"Rebaixamento","test_date":"1984-05-13","static_level_m":14.0,"dynamic_level_m":48.0,"stabilized_yield":20.0,"interpretation_method":"UNKNOWN","source":"SGB_HIDRO_MS_2024_POCOS","evidence_code":"E08"}},{"type":"Feature","geometry":{"type":"Point","coordinates":[-54.81722199999996,-22.631943999999976]},"properties":{"well_id":"3500022630","municipality":"Caarapó","aquifer":"Serra geral","test_type":"Rebaixamento","test_date":"1978-08-21","static_level_m":10.4,"dynamic_level_m":34.5,"stabilized_yield":10.2,"interpretation_method":"UNKNOWN","source":"SGB_HIDRO_MS_2024_POCOS","evidence_code":"E08"}},{"type":"Feature","geometry":{"type":"Point","coordinates":[-54.82944399999997,-22.636387999999954]},"properties":{"well_id":"3500022632","municipality":"Caarapó","aquifer":"Serra geral","test_type":"Rebaixamento","test_date":"2003-03-02","static_level_m":24.0,"dynamic_level_m":87.0,"stabilized_yield":17.0,"interpretation_method":"UNKNOWN","source":"SGB_HIDRO_MS_2024_POCOS","evidence_code":"E08"}},{"type":"Feature","geometry":{"type":"Point","coordinates":[-54.592776999999955,-20.51388799999995]},"properties":{"well_id":"3500022948","municipality":"Campo Grande","aquifer":"Guarani","test_type":"Rebaixamento","test_date":"1996-10-20","static_level_m":0.5,"dynamic_level_m":33.0,"stabilized_yield":14.5,"interpretation_method":"UNKNOWN","source":"SGB_HIDRO_MS_2024_POCOS","evidence_code":"E08"}},{"type":"Feature","geometry":{"type":"Point","coordinates":[-52.03361099999995,-21.25194399999998]},"properties":{"well_id":"3500022964","municipality":"Brasilândia","aquifer":"Serra geral","test_type":"Rebaixamento","test_date":"1978-09-10","static_level_m":18.0,"dynamic_level_m":24.57,"stabilized_yield":26.4,"interpretation_method":"UNKNOWN","source":"SGB_HIDRO_MS_2024_POCOS","evidence_code":"E08"}},{"type":"Feature","geometry":{"type":"Point","coordinates":[-51.74388799999997,-20.78361099999995]},"properties":{"well_id":"3500023018","municipality":"Três Lagoas","aquifer":"Bauru","test_type":"Rebaixamento","test_date":"1981-10-23","static_level_m":31.88,"dynamic_level_m":52.82,"stabilized_yield":105.6,"interpretation_method":"UNKNOWN","source":"SGB_HIDRO_MS_2024_POCOS","evidence_code":"E08"}},{"type":"Feature","geometry":{"type":"Point","coordinates":[-52.71833299999997,-22.178332999999952]},"properties":{"well_id":"3500023178","municipality":"Anaurilândia","aquifer":"","test_type":"Escalonado","test_date":"1992-07-16","static_level_m":24.0,"dynamic_level_m":37.5,"stabilized_yield":48.0,"interpretation_method":"UNKNOWN","source":"SGB_HIDRO_MS_2024_POCOS","evidence_code":"E08"}},{"type":"Feature","geometry":{"type":"Point","coordinates":[-55.97361099999995,-21.25333299999994]},"properties":{"well_id":"3500023344","municipality":"Nioaque","aquifer":"Guarani","test_type":"Rebaixamento","test_date":"1985-03-19","static_level_m":40.0,"dynamic_level_m":65.0,"stabilized_yield":16.0,"interpretation_method":"UNKNOWN","source":"SGB_HIDRO_MS_2024_POCOS","evidence_code":"E08"}},{"type":"Feature","geometry":{"type":"Point","coordinates":[-55.226943999999946,-23.104443999999944]},"properties":{"well_id":"3500023139","municipality":"Amambai","aquifer":"Guarani","test_type":"Escalonado","test_date":"1987-11-28","static_level_m":7.03,"dynamic_level_m":43.17,"stabilized_yield":132.0,"interpretation_method":"UNKNOWN","source":"SGB_HIDRO_MS_2024_POCOS","evidence_code":"E08"}},{"type":"Feature","geometry":{"type":"Point","coordinates":[-55.23055499999998,-23.10694399999994]},"properties":{"well_id":"3500023137","municipality":"Amambai","aquifer":"Guarani","test_type":"Escalonado","test_date":"1978-11-11","static_level_m":22.0,"dynamic_level_m":52.0,"stabilized_yield":45.0,"interpretation_method":"UNKNOWN","source":"SGB_HIDRO_MS_2024_POCOS","evidence_code":"E08"}},{"type":"Feature","geometry":{"type":"Point","coordinates":[-54.62722199999996,-19.881943999999976]},"properties":{"well_id":"3500023219","municipality":"Rochedo","aquifer":"Guarani","test_type":"Rebaixamento","test_date":"1997-08-14","static_level_m":11.0,"dynamic_level_m":29.0,"stabilized_yield":15.23,"interpretation_method":"UNKNOWN","source":"SGB_HIDRO_MS_2024_POCOS","evidence_code":"E08"}},{"type":"Feature","geometry":{"type":"Point","coordinates":[-54.038610999999946,-19.559999999999945]},"properties":{"well_id":"3500023246","municipality":"Camapuã","aquifer":"Guarani","test_type":"Escalonado","test_date":"1989-01-23","static_level_m":40.2,"dynamic_level_m":70.52,"stabilized_yield":5.65,"interpretation_method":"UNKNOWN","source":"SGB_HIDRO_MS_2024_POCOS","evidence_code":"E08"}},{"type":"Feature","geometry":{"type":"Point","coordinates":[-51.09944399999995,-20.084443999999962]},"properties":{"well_id":"3500023315","municipality":"Aparecida do Taboado","aquifer":"Serra geral","test_type":"Escalonado","test_date":"1978-10-05","static_level_m":11.0,"dynamic_level_m":66.3,"stabilized_yield":15.8,"interpretation_method":"UNKNOWN","source":"SGB_HIDRO_MS_2024_POCOS","evidence_code":"E08"}},{"type":"Feature","geometry":{"type":"Point","coordinates":[-51.028332999999975,-20.09499999999997]},"properties":{"well_id":"3500023320","municipality":"Aparecida do Taboado","aquifer":"Não definido","test_type":"Rebaixamento","test_date":"1983-10-23","static_level_m":10.0,"dynamic_level_m":19.92,"stabilized_yield":2.62,"interpretation_method":"UNKNOWN","source":"SGB_HIDRO_MS_2024_POCOS","evidence_code":"E08"}},{"type":"Feature","geometry":{"type":"Point","coordinates":[-54.58527699999996,-20.472499999999968]},"properties":{"well_id":"3500022486","municipality":"Campo Grande","aquifer":"Serra geral","test_type":"Rebaixamento","test_date":"1996-05-27","static_level_m":12.0,"dynamic_level_m":26.0,"stabilized_yield":26.2,"interpretation_method":"UNKNOWN","source":"SGB_HIDRO_MS_2024_POCOS","evidence_code":"E08"}},{"type":"Feature","geometry":{"type":"Point","coordinates":[-54.59666599999997,-20.415554999999927]},"properties":{"well_id":"3500022522","municipality":"Campo Grande","aquifer":"Serra geral","test_type":"Rebaixamento","test_date":"1995-07-04","static_level_m":6.0,"dynamic_level_m":17.0,"stabilized_yield":12.0,"interpretation_method":"UNKNOWN","source":"SGB_HIDRO_MS_2024_POCOS","evidence_code":"E08"}},{"type":"Feature","geometry":{"type":"Point","coordinates":[-54.82444399999997,-22.642499999999927]},"properties":{"well_id":"3500022693","municipality":"Caarapó","aquifer":"Serra geral","test_type":"Rebaixamento","test_date":"1984-07-11","static_level_m":18.0,"dynamic_level_m":23.14,"stabilized_yield":55.38,"interpretation_method":"UNKNOWN","source":"SGB_HIDRO_MS_2024_POCOS","evidence_code":"E08"}},{"type":"Feature","geometry":{"type":"Point","coordinates":[-54.552776999999935,-21.79499999999996]},"properties":{"well_id":"3500022872","municipality":"Rio Brilhante","aquifer":"Serra geral","test_type":"Rebaixamento","test_date":"1986-02-14","static_level_m":15.4,"dynamic_level_m":23.15,"stabilized_yield":113.0,"interpretation_method":"UNKNOWN","source":"SGB_HIDRO_MS_2024_POCOS","evidence_code":"E08"}},{"type":"Feature","geometry":{"type":"Point","coordinates":[-54.56499999999994,-23.66972199999998]},"properties":{"well_id":"3500026840","municipality":"Iguatemi","aquifer":"Caiua","test_type":"Rebaixamento","test_date":"2010-06-04","static_level_m":4.15,"dynamic_level_m":18.6,"stabilized_yield":5.6,"interpretation_method":"UNKNOWN","source":"SGB_HIDRO_MS_2024_POCOS","evidence_code":"E08"}},{"type":"Feature","geometry":{"type":"Point","coordinates":[-52.818888999999956,-21.300555999999972]},"properties":{"well_id":"3500029178","municipality":"Santa Rita do Pardo","aquifer":"Bauru","test_type":"Rebaixamento","test_date":"2011-10-23","static_level_m":13.65,"dynamic_level_m":22.58,"stabilized_yield":8.0,"interpretation_method":"UNKNOWN","source":"SGB_HIDRO_MS_2024_POCOS","evidence_code":"E08"}},{"type":"Feature","geometry":{"type":"Point","coordinates":[-54.623332999999946,-20.42111099999994]},"properties":{"well_id":"3500022494","municipality":"Campo Grande","aquifer":"Serra geral","test_type":"Rebaixamento","test_date":"1984-01-02","static_level_m":18.0,"dynamic_level_m":27.0,"stabilized_yield":20.0,"interpretation_method":"UNKNOWN","source":"SGB_HIDRO_MS_2024_POCOS","evidence_code":"E08"}},{"type":"Feature","geometry":{"type":"Point","coordinates":[-54.636665999999934,-20.460276999999962]},"properties":{"well_id":"3500022511","municipality":"Campo Grande","aquifer":"Serra geral","test_type":"Rebaixamento","test_date":"1995-11-26","static_level_m":8.0,"dynamic_level_m":23.0,"stabilized_yield":42.0,"interpretation_method":"UNKNOWN","source":"SGB_HIDRO_MS_2024_POCOS","evidence_code":"E08"}},{"type":"Feature","geometry":{"type":"Point","coordinates":[-53.26444399999997,-22.300554999999974]},"properties":{"well_id":"3500022539","municipality":"Batayporã","aquifer":"Caiua","test_type":"Rebaixamento","test_date":"2001-07-10","static_level_m":14.0,"dynamic_level_m":26.0,"stabilized_yield":48.64,"interpretation_method":"UNKNOWN","source":"SGB_HIDRO_MS_2024_POCOS","evidence_code":"E08"}},{"type":"Feature","geometry":{"type":"Point","coordinates":[-53.34055499999994,-22.254443999999978]},"properties":{"well_id":"3500022553","municipality":"Nova Andradina","aquifer":"Bauru","test_type":"Rebaixamento","test_date":"1981-08-05","static_level_m":10.5,"dynamic_level_m":59.0,"stabilized_yield":129.0,"interpretation_method":"UNKNOWN","source":"SGB_HIDRO_MS_2024_POCOS","evidence_code":"E08"}},{"type":"Feature","geometry":{"type":"Point","coordinates":[-54.74444399999999,-18.51194399999997]},"properties":{"well_id":"3500022592","municipality":"Coxim","aquifer":"Furnas","test_type":"Rebaixamento","test_date":"2000-04-04","static_level_m":13.6,"dynamic_level_m":29.0,"stabilized_yield":13.0,"interpretation_method":"UNKNOWN","source":"SGB_HIDRO_MS_2024_POCOS","evidence_code":"E08"}},{"type":"Feature","geometry":{"type":"Point","coordinates":[-54.04305499999998,-19.528332999999975]},"properties":{"well_id":"3500022601","municipality":"Camapuã","aquifer":"Guarani","test_type":"Rebaixamento","test_date":"2003-02-02","static_level_m":18.0,"dynamic_level_m":100.0,"stabilized_yield":5.4,"interpretation_method":"UNKNOWN","source":"SGB_HIDRO_MS_2024_POCOS","evidence_code":"E08"}},{"type":"Feature","geometry":{"type":"Point","coordinates":[-54.84722199999993,-18.923887999999977]},"properties":{"well_id":"3500022612","municipality":"Rio Verde de Mato Grosso","aquifer":"Furnas","test_type":"Escalonado","test_date":"2000-08-17","static_level_m":6.0,"dynamic_level_m":32.0,"stabilized_yield":42.0,"interpretation_method":"UNKNOWN","source":"SGB_HIDRO_MS_2024_POCOS","evidence_code":"E08"}},{"type":"Feature","geometry":{"type":"Point","coordinates":[-52.55249999999995,-21.76222199999995]},"properties":{"well_id":"3500022616","municipality":"Bataguassu","aquifer":"Caiua","test_type":"Rebaixamento","test_date":"2002-02-02","static_level_m":50.0,"dynamic_level_m":73.0,"stabilized_yield":20.0,"interpretation_method":"UNKNOWN","source":"SGB_HIDRO_MS_2024_POCOS","evidence_code":"E08"}},{"type":"Feature","geometry":{"type":"Point","coordinates":[-53.77249999999998,-22.15972199999993]},"properties":{"well_id":"3500022647","municipality":"Angélica","aquifer":"Caiua","test_type":"Rebaixamento","test_date":"1981-10-20","static_level_m":16.62,"dynamic_level_m":49.25,"stabilized_yield":60.46,"interpretation_method":"UNKNOWN","source":"SGB_HIDRO_MS_2024_POCOS","evidence_code":"E08"}},{"type":"Feature","geometry":{"type":"Point","coordinates":[-56.447776999999974,-21.24249999999995]},"properties":{"well_id":"3500022660","municipality":"Bonito","aquifer":"Cuiaba","test_type":"Rebaixamento","test_date":"2004-04-04","static_level_m":60.0,"dynamic_level_m":60.8,"stabilized_yield":1.92,"interpretation_method":"UNKNOWN","source":"SGB_HIDRO_MS_2024_POCOS","evidence_code":"E08"}},{"type":"Feature","geometry":{"type":"Point","coordinates":[-55.62722199999996,-22.771110999999962]},"properties":{"well_id":"3500022667","municipality":"Aral Moreira","aquifer":"Serra geral","test_type":"Rebaixamento","test_date":"1981-02-02","static_level_m":9.33,"dynamic_level_m":41.8,"stabilized_yield":44.0,"interpretation_method":"UNKNOWN","source":"SGB_HIDRO_MS_2024_POCOS","evidence_code":"E08"}},{"type":"Feature","geometry":{"type":"Point","coordinates":[-53.33666599999998,-22.23111099999994]},"properties":{"well_id":"3500022677","municipality":"Nova Andradina","aquifer":"Bauru","test_type":"Rebaixamento","test_date":"2000-08-26","static_level_m":27.0,"dynamic_level_m":59.0,"stabilized_yield":45.0,"interpretation_method":"UNKNOWN","source":"SGB_HIDRO_MS_2024_POCOS","evidence_code":"E08"}},{"type":"Feature","geometry":{"type":"Point","coordinates":[-54.29222199999998,-23.924721999999974]},"properties":{"well_id":"3500022717","municipality":"Mundo Novo","aquifer":"Bauru","test_type":"Rebaixamento","test_date":"1987-08-25","static_level_m":18.6,"dynamic_level_m":73.72,"stabilized_yield":16.8,"interpretation_method":"UNKNOWN","source":"SGB_HIDRO_MS_2024_POCOS","evidence_code":"E08"}},{"type":"Feature","geometry":{"type":"Point","coordinates":[-55.811665999999946,-20.47472199999993]},"properties":{"well_id":"3500022756","municipality":"Anastácio","aquifer":"Aquidauana","test_type":"Rebaixamento","test_date":"1978-05-05","static_level_m":8.0,"dynamic_level_m":25.19,"stabilized_yield":37.89,"interpretation_method":"UNKNOWN","source":"SGB_HIDRO_MS_2024_POCOS","evidence_code":"E08"}},{"type":"Feature","geometry":{"type":"Point","coordinates":[-57.028332999999975,-22.01277699999997]},"properties":{"well_id":"3500022778","municipality":"Caracol","aquifer":"Rocha cristalina","test_type":"Rebaixamento","test_date":"1984-09-19","static_level_m":0.0,"dynamic_level_m":60.0,"stabilized_yield":36.0,"interpretation_method":"UNKNOWN","source":"SGB_HIDRO_MS_2024_POCOS","evidence_code":"E08"}},{"type":"Feature","geometry":{"type":"Point","coordinates":[-57.02166599999998,-22.011387999999954]},"properties":{"well_id":"3500022782","municipality":"Caracol","aquifer":"Rocha cristalina","test_type":"Rebaixamento","test_date":"2002-01-02","static_level_m":3.0,"dynamic_level_m":60.0,"stabilized_yield":1.12,"interpretation_method":"UNKNOWN","source":"SGB_HIDRO_MS_2024_POCOS","evidence_code":"E08"}},{"type":"Feature","geometry":{"type":"Point","coordinates":[-55.27083299999998,-20.688332999999943]},"properties":{"well_id":"3500022788","municipality":"Dois Irmãos do Buriti","aquifer":"Guarani","test_type":"Rebaixamento","test_date":"2003-01-02","static_level_m":18.5,"dynamic_level_m":30.0,"stabilized_yield":40.0,"interpretation_method":"UNKNOWN","source":"SGB_HIDRO_MS_2024_POCOS","evidence_code":"E08"}},{"type":"Feature","geometry":{"type":"Point","coordinates":[-56.14166599999999,-21.486387999999977]},"properties":{"well_id":"3500022791","municipality":"Jardim","aquifer":"Aquidauana","test_type":"Rebaixamento","test_date":"1975-01-02","static_level_m":8.0,"dynamic_level_m":58.0,"stabilized_yield":3.1,"interpretation_method":"UNKNOWN","source":"SGB_HIDRO_MS_2024_POCOS","evidence_code":"E08"}},{"type":"Feature","geometry":{"type":"Point","coordinates":[-56.90194399999996,-20.53472199999993]},"properties":{"well_id":"3500022794","municipality":"Bodoquena","aquifer":"Cuiaba","test_type":"Rebaixamento","test_date":"1988-07-25","static_level_m":3.15,"dynamic_level_m":65.65,"stabilized_yield":10.3,"interpretation_method":"UNKNOWN","source":"SGB_HIDRO_MS_2024_POCOS","evidence_code":"E08"}},{"type":"Feature","geometry":{"type":"Point","coordinates":[-56.89916599999998,-20.533887999999934]},"properties":{"well_id":"3500022796","municipality":"Bodoquena","aquifer":"Rocha cristalina","test_type":"Rebaixamento","test_date":"1987-05-13","static_level_m":3.25,"dynamic_level_m":77.4,"stabilized_yield":4.6,"interpretation_method":"UNKNOWN","source":"SGB_HIDRO_MS_2024_POCOS","evidence_code":"E08"}},{"type":"Feature","geometry":{"type":"Point","coordinates":[-55.39583299999998,-20.12833299999994]},"properties":{"well_id":"3500022797","municipality":"Aquidauana","aquifer":"Aquidauana","test_type":"Rebaixamento","test_date":"1984-05-05","static_level_m":6.0,"dynamic_level_m":36.21,"stabilized_yield":8.3,"interpretation_method":"UNKNOWN","source":"SGB_HIDRO_MS_2024_POCOS","evidence_code":"E08"}},{"type":"Feature","geometry":{"type":"Point","coordinates":[-55.424999999999955,-20.45333299999993]},"properties":{"well_id":"3500022802","municipality":"Dois Irmãos do Buriti","aquifer":"Aquidauana","test_type":"Rebaixamento","test_date":"1992-07-13","static_level_m":9.5,"dynamic_level_m":45.0,"stabilized_yield":6.0,"interpretation_method":"UNKNOWN","source":"SGB_HIDRO_MS_2024_POCOS","evidence_code":"E08"}},{"type":"Feature","geometry":{"type":"Point","coordinates":[-54.86027699999994,-20.44333299999994]},"properties":{"well_id":"3500022818","municipality":"Terenos","aquifer":"Serra geral","test_type":"Rebaixamento","test_date":"1978-06-04","static_level_m":24.0,"dynamic_level_m":26.2,"stabilized_yield":12.0,"interpretation_method":"UNKNOWN","source":"SGB_HIDRO_MS_2024_POCOS","evidence_code":"E08"}},{"type":"Feature","geometry":{"type":"Point","coordinates":[-54.79222199999998,-22.24361099999993]},"properties":{"well_id":"3500022835","municipality":"Dourados","aquifer":"Serra geral","test_type":"Rebaixamento","test_date":"1997-05-04","static_level_m":13.4,"dynamic_level_m":27.6,"stabilized_yield":72.0,"interpretation_method":"UNKNOWN","source":"SGB_HIDRO_MS_2024_POCOS","evidence_code":"E08"}},{"type":"Feature","geometry":{"type":"Point","coordinates":[-54.78638799999993,-22.228610999999944]},"properties":{"well_id":"3500022838","municipality":"Dourados","aquifer":"Serra geral","test_type":"Rebaixamento","test_date":"1981-10-23","static_level_m":39.67,"dynamic_level_m":72.5,"stabilized_yield":28.29,"interpretation_method":"UNKNOWN","source":"SGB_HIDRO_MS_2024_POCOS","evidence_code":"E08"}},{"type":"Feature","geometry":{"type":"Point","coordinates":[-54.50638799999996,-22.085554999999943]},"properties":{"well_id":"3500022878","municipality":"Dourados","aquifer":"Serra geral","test_type":"Rebaixamento","test_date":"1984-07-01","static_level_m":11.0,"dynamic_level_m":18.5,"stabilized_yield":65.0,"interpretation_method":"UNKNOWN","source":"SGB_HIDRO_MS_2024_POCOS","evidence_code":"E08"}},{"type":"Feature","geometry":{"type":"Point","coordinates":[-54.593054999999936,-20.50555499999996]},"properties":{"well_id":"3500022902","municipality":"Campo Grande","aquifer":"Serra geral","test_type":"Rebaixamento","test_date":"1997-07-29","static_level_m":15.0,"dynamic_level_m":17.5,"stabilized_yield":37.8,"interpretation_method":"UNKNOWN","source":"SGB_HIDRO_MS_2024_POCOS","evidence_code":"E08"}},{"type":"Feature","geometry":{"type":"Point","coordinates":[-54.623887999999965,-20.534999999999968]},"properties":{"well_id":"3500022907","municipality":"Campo Grande","aquifer":"Serra geral","test_type":"Rebaixamento","test_date":"1982-01-15","static_level_m":2.9,"dynamic_level_m":38.0,"stabilized_yield":48.0,"interpretation_method":"UNKNOWN","source":"SGB_HIDRO_MS_2024_POCOS","evidence_code":"E08"}},{"type":"Feature","geometry":{"type":"Point","coordinates":[-54.57972199999995,-20.560276999999928]},"properties":{"well_id":"3500022911","municipality":"Campo Grande","aquifer":"Serra geral","test_type":"Rebaixamento","test_date":"1991-05-18","static_level_m":1.5,"dynamic_level_m":9.9,"stabilized_yield":50.0,"interpretation_method":"UNKNOWN","source":"SGB_HIDRO_MS_2024_POCOS","evidence_code":"E08"}},{"type":"Feature","geometry":{"type":"Point","coordinates":[-54.558610999999985,-20.39055499999995]},"properties":{"well_id":"3500022914","municipality":"Campo Grande","aquifer":"Caiua","test_type":"Rebaixamento","test_date":"1998-01-01","static_level_m":17.0,"dynamic_level_m":29.0,"stabilized_yield":18.8,"interpretation_method":"UNKNOWN","source":"SGB_HIDRO_MS_2024_POCOS","evidence_code":"E08"}},{"type":"Feature","geometry":{"type":"Point","coordinates":[-52.72166599999997,-22.191110999999978]},"properties":{"well_id":"3500022932","municipality":"Anaurilândia","aquifer":"Caiua","test_type":"Rebaixamento","test_date":"1997-06-04","static_level_m":10.0,"dynamic_level_m":17.5,"stabilized_yield":28.0,"interpretation_method":"UNKNOWN","source":"SGB_HIDRO_MS_2024_POCOS","evidence_code":"E08"}},{"type":"Feature","geometry":{"type":"Point","coordinates":[-52.72111099999995,-22.182221999999967]},"properties":{"well_id":"3500022933","municipality":"Anaurilândia","aquifer":"Caiua","test_type":"Rebaixamento","test_date":"1974-08-26","static_level_m":20.5,"dynamic_level_m":34.9,"stabilized_yield":22.0,"interpretation_method":"UNKNOWN","source":"SGB_HIDRO_MS_2024_POCOS","evidence_code":"E08"}},{"type":"Feature","geometry":{"type":"Point","coordinates":[-53.78111099999995,-22.14749999999998]},"properties":{"well_id":"3500022935","municipality":"Angélica","aquifer":"Caiua","test_type":"Rebaixamento","test_date":"1996-03-01","static_level_m":26.0,"dynamic_level_m":45.0,"stabilized_yield":15.5,"interpretation_method":"UNKNOWN","source":"SGB_HIDRO_MS_2024_POCOS","evidence_code":"E08"}},{"type":"Feature","geometry":{"type":"Point","coordinates":[-53.77888799999994,-22.156387999999936]},"properties":{"well_id":"3500022939","municipality":"Angélica","aquifer":"Caiua","test_type":"Rebaixamento","test_date":"2001-05-02","static_level_m":25.0,"dynamic_level_m":60.0,"stabilized_yield":30.0,"interpretation_method":"UNKNOWN","source":"SGB_HIDRO_MS_2024_POCOS","evidence_code":"E08"}},{"type":"Feature","geometry":{"type":"Point","coordinates":[-54.65611099999995,-20.456943999999964]},"properties":{"well_id":"3500022944","municipality":"Campo Grande","aquifer":"Serra geral","test_type":"Rebaixamento","test_date":"1984-10-21","static_level_m":2.65,"dynamic_level_m":12.85,"stabilized_yield":61.0,"interpretation_method":"UNKNOWN","source":"SGB_HIDRO_MS_2024_POCOS","evidence_code":"E08"}},{"type":"Feature","geometry":{"type":"Point","coordinates":[-52.425832999999955,-21.714721999999938]},"properties":{"well_id":"3500022965","municipality":"Bataguassu","aquifer":"Caiua","test_type":"Rebaixamento","test_date":"1978-01-02","static_level_m":32.0,"dynamic_level_m":40.0,"stabilized_yield":22.0,"interpretation_method":"UNKNOWN","source":"SGB_HIDRO_MS_2024_POCOS","evidence_code":"E08"}},{"type":"Feature","geometry":{"type":"Point","coordinates":[-52.039443999999946,-21.257221999999956]},"properties":{"well_id":"3500022988","municipality":"Brasilândia","aquifer":"Caiua","test_type":"Escalonado","test_date":"1984-09-26","static_level_m":26.0,"dynamic_level_m":36.0,"stabilized_yield":25.0,"interpretation_method":"UNKNOWN","source":"SGB_HIDRO_MS_2024_POCOS","evidence_code":"E08"}},{"type":"Feature","geometry":{"type":"Point","coordinates":[-54.84722199999993,-18.923887999999977]},"properties":{"well_id":"3500023006","municipality":"Rio Verde de Mato Grosso","aquifer":"Furnas","test_type":"Rebaixamento","test_date":"1986-06-30","static_level_m":6.8,"dynamic_level_m":30.42,"stabilized_yield":72.0,"interpretation_method":"UNKNOWN","source":"SGB_HIDRO_MS_2024_POCOS","evidence_code":"E08"}},{"type":"Feature","geometry":{"type":"Point","coordinates":[-53.340832999999975,-22.235832999999957]},"properties":{"well_id":"3500023055","municipality":"Nova Andradina","aquifer":"Bauru","test_type":"Rebaixamento","test_date":"1990-07-07","static_level_m":25.0,"dynamic_level_m":50.8,"stabilized_yield":56.0,"interpretation_method":"UNKNOWN","source":"SGB_HIDRO_MS_2024_POCOS","evidence_code":"E08"}},{"type":"Feature","geometry":{"type":"Point","coordinates":[-57.685832999999946,-19.09916599999997]},"properties":{"well_id":"3500023114","municipality":"Corumbá","aquifer":"Não definido","test_type":"Rebaixamento","test_date":"2001-10-10","static_level_m":10.5,"dynamic_level_m":133.0,"stabilized_yield":12.77,"interpretation_method":"UNKNOWN","source":"SGB_HIDRO_MS_2024_POCOS","evidence_code":"E08"}},{"type":"Feature","geometry":{"type":"Point","coordinates":[-57.47249999999997,-19.317776999999978]},"properties":{"well_id":"3500023122","municipality":"Corumbá","aquifer":"Não definido","test_type":"Rebaixamento","test_date":"1990-02-02","static_level_m":45.5,"dynamic_level_m":48.0,"stabilized_yield":19.0,"interpretation_method":"UNKNOWN","source":"SGB_HIDRO_MS_2024_POCOS","evidence_code":"E08"}},{"type":"Feature","geometry":{"type":"Point","coordinates":[-55.623332999999946,-22.94944399999997]},"properties":{"well_id":"3500023160","municipality":"Aral Moreira","aquifer":"Serra geral","test_type":"Escalonado","test_date":"1980-03-10","static_level_m":7.3,"dynamic_level_m":16.27,"stabilized_yield":13.0,"interpretation_method":"UNKNOWN","source":"SGB_HIDRO_MS_2024_POCOS","evidence_code":"E08"}},{"type":"Feature","geometry":{"type":"Point","coordinates":[-54.883332999999936,-19.956665999999927]},"properties":{"well_id":"3500023214","municipality":"Rochedo","aquifer":"Aquidauana","test_type":"Rebaixamento","test_date":"1995-02-20","static_level_m":37.0,"dynamic_level_m":54.0,"stabilized_yield":18.0,"interpretation_method":"UNKNOWN","source":"SGB_HIDRO_MS_2024_POCOS","evidence_code":"E08"}},{"type":"Feature","geometry":{"type":"Point","coordinates":[-52.03305499999993,-21.25222199999996]},"properties":{"well_id":"3500023289","municipality":"Brasilândia","aquifer":"Caiua","test_type":"Rebaixamento","test_date":"1991-03-17","static_level_m":16.0,"dynamic_level_m":29.9,"stabilized_yield":60.3,"interpretation_method":"UNKNOWN","source":"SGB_HIDRO_MS_2024_POCOS","evidence_code":"E08"}},{"type":"Feature","geometry":{"type":"Point","coordinates":[-51.664999999999964,-20.777499999999975]},"properties":{"well_id":"3500023300","municipality":"Três Lagoas","aquifer":"Bauru","test_type":"Rebaixamento","test_date":"1996-01-05","static_level_m":16.0,"dynamic_level_m":34.0,"stabilized_yield":78.0,"interpretation_method":"UNKNOWN","source":"SGB_HIDRO_MS_2024_POCOS","evidence_code":"E08"}},{"type":"Feature","geometry":{"type":"Point","coordinates":[-51.92944399999993,-19.73249999999996]},"properties":{"well_id":"3500023309","municipality":"Inocência","aquifer":"Bauru","test_type":"Escalonado","test_date":"1987-07-15","static_level_m":39.1,"dynamic_level_m":71.25,"stabilized_yield":11.4,"interpretation_method":"UNKNOWN","source":"SGB_HIDRO_MS_2024_POCOS","evidence_code":"E08"}},{"type":"Feature","geometry":{"type":"Point","coordinates":[-54.186387999999965,-23.048332999999957]},"properties":{"well_id":"3500023372","municipality":"Naviraí","aquifer":"Bauru","test_type":"Rebaixamento","test_date":"1991-09-23","static_level_m":29.0,"dynamic_level_m":53.0,"stabilized_yield":45.6,"interpretation_method":"UNKNOWN","source":"SGB_HIDRO_MS_2024_POCOS","evidence_code":"E08"}},{"type":"Feature","geometry":{"type":"Point","coordinates":[-54.23194399999994,-22.42166599999996]},"properties":{"well_id":"3500023377","municipality":"Glória de Dourados","aquifer":"Serra geral","test_type":"Rebaixamento","test_date":"1963-09-01","static_level_m":0.0,"dynamic_level_m":16.0,"stabilized_yield":103.0,"interpretation_method":"UNKNOWN","source":"SGB_HIDRO_MS_2024_POCOS","evidence_code":"E08"}},{"type":"Feature","geometry":{"type":"Point","coordinates":[-53.82361099999997,-22.313887999999963]},"properties":{"well_id":"3500023381","municipality":"Ivinhema","aquifer":"Caiua","test_type":"Rebaixamento","test_date":"1995-05-26","static_level_m":37.0,"dynamic_level_m":56.0,"stabilized_yield":39.6,"interpretation_method":"UNKNOWN","source":"SGB_HIDRO_MS_2024_POCOS","evidence_code":"E08"}},{"type":"Feature","geometry":{"type":"Point","coordinates":[-54.57583299999993,-20.424721999999974]},"properties":{"well_id":"3500022525","municipality":"Campo Grande","aquifer":"Caiua","test_type":"Rebaixamento","test_date":"1990-05-31","static_level_m":28.0,"dynamic_level_m":56.0,"stabilized_yield":19.4,"interpretation_method":"UNKNOWN","source":"SGB_HIDRO_MS_2024_POCOS","evidence_code":"E08"}},{"type":"Feature","geometry":{"type":"Point","coordinates":[-54.37972199999996,-21.464443999999958]},"properties":{"well_id":"3500023269","municipality":"Nova Alvorada do Sul","aquifer":"Serra geral","test_type":"Escalonado","test_date":"1982-03-03","static_level_m":41.61,"dynamic_level_m":47.78,"stabilized_yield":41.04,"interpretation_method":"UNKNOWN","source":"SGB_HIDRO_MS_2024_POCOS","evidence_code":"E08"}},{"type":"Feature","geometry":{"type":"Point","coordinates":[-52.83138799999995,-21.30666599999995]},"properties":{"well_id":"3500023282","municipality":"Santa Rita do Pardo","aquifer":"Caiua","test_type":"Escalonado","test_date":"1982-01-26","static_level_m":0.0,"dynamic_level_m":22.46,"stabilized_yield":28.8,"interpretation_method":"UNKNOWN","source":"SGB_HIDRO_MS_2024_POCOS","evidence_code":"E08"}},{"type":"Feature","geometry":{"type":"Point","coordinates":[-51.70555499999995,-20.78527699999995]},"properties":{"well_id":"3500023291","municipality":"Três Lagoas","aquifer":"Caiua","test_type":"Rebaixamento","test_date":"1997-03-16","static_level_m":13.1,"dynamic_level_m":35.05,"stabilized_yield":66.0,"interpretation_method":"UNKNOWN","source":"SGB_HIDRO_MS_2024_POCOS","evidence_code":"E08"}},{"type":"Feature","geometry":{"type":"Point","coordinates":[-56.50111099999998,-21.123332999999946]},"properties":{"well_id":"3500030620","municipality":"Bonito","aquifer":"Cuiaba","test_type":"Rebaixamento","test_date":"2011-06-04","static_level_m":12.0,"dynamic_level_m":12.5,"stabilized_yield":2.0,"interpretation_method":"UNKNOWN","source":"SGB_HIDRO_MS_2024_POCOS","evidence_code":"E08"}},{"type":"Feature","geometry":{"type":"Point","coordinates":[-51.84361099999995,-20.986388999999974]},"properties":{"well_id":"3500045657","municipality":"Três Lagoas","aquifer":"Bauru","test_type":"Rebaixamento","test_date":"2011-05-03","static_level_m":66.44,"dynamic_level_m":95.91,"stabilized_yield":109.91,"interpretation_method":"UNKNOWN","source":"SGB_HIDRO_MS_2024_POCOS","evidence_code":"E08"}},{"type":"Feature","geometry":{"type":"Point","coordinates":[-55.15777699999995,-21.621110999999928]},"properties":{"well_id":"3500022860","municipality":"Maracaju","aquifer":"Guarani","test_type":"Rebaixamento","test_date":"2004-09-11","static_level_m":14.0,"dynamic_level_m":24.6,"stabilized_yield":84.0,"interpretation_method":"UNKNOWN","source":"SGB_HIDRO_MS_2024_POCOS","evidence_code":"E08"}},{"type":"Feature","geometry":{"type":"Point","coordinates":[-54.865276999999935,-22.498332999999946]},"properties":{"well_id":"3500022868","municipality":"Caarapó","aquifer":"Guarani","test_type":"Rebaixamento","test_date":"1973-07-16","static_level_m":21.0,"dynamic_level_m":22.0,"stabilized_yield":18.5,"interpretation_method":"UNKNOWN","source":"SGB_HIDRO_MS_2024_POCOS","evidence_code":"E08"}},{"type":"Feature","geometry":{"type":"Point","coordinates":[-53.76361099999997,-22.15027699999996]},"properties":{"well_id":"3500023170","municipality":"Angélica","aquifer":"","test_type":"Rebaixamento","test_date":"1996-03-15","static_level_m":9.0,"dynamic_level_m":25.0,"stabilized_yield":22.0,"interpretation_method":"UNKNOWN","source":"SGB_HIDRO_MS_2024_POCOS","evidence_code":"E08"}},{"type":"Feature","geometry":{"type":"Point","coordinates":[-55.42944399999993,-23.897221999999942]},"properties":{"well_id":"3500023350","municipality":"Paranhos","aquifer":"","test_type":"Rebaixamento","test_date":"1991-08-15","static_level_m":21.3,"dynamic_level_m":35.65,"stabilized_yield":20.8,"interpretation_method":"UNKNOWN","source":"SGB_HIDRO_MS_2024_POCOS","evidence_code":"E08"}},{"type":"Feature","geometry":{"type":"Point","coordinates":[-54.23333299999996,-23.084165999999982]},"properties":{"well_id":"3500023048","municipality":"Naviraí","aquifer":"Guarani","test_type":"Rebaixamento","test_date":"2004-10-21","static_level_m":16.0,"dynamic_level_m":56.0,"stabilized_yield":247.7,"interpretation_method":"UNKNOWN","source":"SGB_HIDRO_MS_2024_POCOS","evidence_code":"E08"}},{"type":"Feature","geometry":{"type":"Point","coordinates":[-51.73638799999998,-20.772221999999942]},"properties":{"well_id":"3500023297","municipality":"Três Lagoas","aquifer":"Caiua","test_type":"Rebaixamento","test_date":"1993-12-18","static_level_m":39.0,"dynamic_level_m":65.0,"stabilized_yield":80.0,"interpretation_method":"UNKNOWN","source":"SGB_HIDRO_MS_2024_POCOS","evidence_code":"E08"}},{"type":"Feature","geometry":{"type":"Point","coordinates":[-52.27694399999996,-21.673610999999937]},"properties":{"well_id":"3500045658","municipality":"Bataguassu","aquifer":"Caiua","test_type":"Recuperação","test_date":"2010-01-01","static_level_m":31.0,"dynamic_level_m":38.0,"stabilized_yield":6.0,"interpretation_method":"UNKNOWN","source":"SGB_HIDRO_MS_2024_POCOS","evidence_code":"E08"}},{"type":"Feature","geometry":{"type":"Point","coordinates":[-55.81277799999998,-21.66027799999995]},"properties":{"well_id":"3500045667","municipality":"Maracaju","aquifer":"Serra geral","test_type":"Rebaixamento","test_date":"2011-01-01","static_level_m":10.0,"dynamic_level_m":22.0,"stabilized_yield":9.8,"interpretation_method":"UNKNOWN","source":"SGB_HIDRO_MS_2024_POCOS","evidence_code":"E08"}},{"type":"Feature","geometry":{"type":"Point","coordinates":[-55.174721999999974,-21.60555599999998]},"properties":{"well_id":"3500045690","municipality":"Maracaju","aquifer":"Serra geral","test_type":"Rebaixamento","test_date":"2008-10-06","static_level_m":12.7,"dynamic_level_m":47.47,"stabilized_yield":172.77,"interpretation_method":"UNKNOWN","source":"SGB_HIDRO_MS_2024_POCOS","evidence_code":"E08"}},{"type":"Feature","geometry":{"type":"Point","coordinates":[-51.83472199999994,-20.978332999999964]},"properties":{"well_id":"3500045713","municipality":"Três Lagoas","aquifer":"Bauru","test_type":"Rebaixamento","test_date":"2012-10-16","static_level_m":62.9,"dynamic_level_m":93.15,"stabilized_yield":150.0,"interpretation_method":"UNKNOWN","source":"SGB_HIDRO_MS_2024_POCOS","evidence_code":"E08"}},{"type":"Feature","geometry":{"type":"Point","coordinates":[-54.75055599999996,-20.484166999999957]},"properties":{"well_id":"3500065043","municipality":"Campo Grande","aquifer":"Guarani","test_type":"Rebaixamento","test_date":"2015-10-24","static_level_m":114.04,"dynamic_level_m":158.1,"stabilized_yield":251.1,"interpretation_method":"UNKNOWN","source":"SGB_HIDRO_MS_2024_POCOS","evidence_code":"E08"}},{"type":"Feature","geometry":{"type":"Point","coordinates":[-54.728332999999964,-20.47361099999995]},"properties":{"well_id":"3500065029","municipality":"Campo Grande","aquifer":"Serra geral","test_type":"Rebaixamento","test_date":"2016-08-24","static_level_m":80.5,"dynamic_level_m":110.16,"stabilized_yield":6.0,"interpretation_method":"UNKNOWN","source":"SGB_HIDRO_MS_2024_POCOS","evidence_code":"E08"}},{"type":"Feature","geometry":{"type":"Point","coordinates":[-54.74222199999997,-20.39749999999998]},"properties":{"well_id":"3500065036","municipality":"Campo Grande","aquifer":"Serra geral","test_type":"Rebaixamento","test_date":"2009-07-18","static_level_m":110.0,"dynamic_level_m":140.0,"stabilized_yield":8.0,"interpretation_method":"UNKNOWN","source":"SGB_HIDRO_MS_2024_POCOS","evidence_code":"E08"}},{"type":"Feature","geometry":{"type":"Point","coordinates":[-54.486666999999954,-22.141388999999947]},"properties":{"well_id":"3500065053","municipality":"Dourados","aquifer":"Serra geral","test_type":"Rebaixamento","test_date":"2009-12-02","static_level_m":40.62,"dynamic_level_m":50.7,"stabilized_yield":56.57,"interpretation_method":"UNKNOWN","source":"SGB_HIDRO_MS_2024_POCOS","evidence_code":"E08"}},{"type":"Feature","geometry":{"type":"Point","coordinates":[-55.73694399999994,-22.462499999999977]},"properties":{"well_id":"3500065066","municipality":"Ponta Porã","aquifer":"Serra geral","test_type":"Rebaixamento","test_date":"2016-04-24","static_level_m":18.18,"dynamic_level_m":36.21,"stabilized_yield":8.78,"interpretation_method":"UNKNOWN","source":"SGB_HIDRO_MS_2024_POCOS","evidence_code":"E08"}},{"type":"Feature","geometry":{"type":"Point","coordinates":[-55.736388999999974,-22.463332999999977]},"properties":{"well_id":"3500065067","municipality":"Ponta Porã","aquifer":"Serra geral","test_type":"Rebaixamento","test_date":"2016-04-23","static_level_m":15.58,"dynamic_level_m":53.29,"stabilized_yield":24.82,"interpretation_method":"UNKNOWN","source":"SGB_HIDRO_MS_2024_POCOS","evidence_code":"E08"}},{"type":"Feature","geometry":{"type":"Point","coordinates":[-53.358055999999976,-22.486388999999974]},"properties":{"well_id":"3500065075","municipality":"Taquarussu","aquifer":"Caiua","test_type":"Rebaixamento","test_date":"1981-05-26","static_level_m":6.2,"dynamic_level_m":24.78,"stabilized_yield":37.71,"interpretation_method":"UNKNOWN","source":"SGB_HIDRO_MS_2024_POCOS","evidence_code":"E08"}},{"type":"Feature","geometry":{"type":"Point","coordinates":[-51.70666699999998,-20.787777999999946]},"properties":{"well_id":"3500065078","municipality":"Três Lagoas","aquifer":"Caiua","test_type":"Rebaixamento","test_date":"1991-07-19","static_level_m":12.0,"dynamic_level_m":43.5,"stabilized_yield":79.0,"interpretation_method":"UNKNOWN","source":"SGB_HIDRO_MS_2024_POCOS","evidence_code":"E08"}},{"type":"Feature","geometry":{"type":"Point","coordinates":[-51.728332999999964,-20.789721999999927]},"properties":{"well_id":"3500065081","municipality":"Três Lagoas","aquifer":"Caiua","test_type":"Rebaixamento","test_date":"2013-01-20","static_level_m":12.68,"dynamic_level_m":77.03,"stabilized_yield":85.0,"interpretation_method":"UNKNOWN","source":"SGB_HIDRO_MS_2024_POCOS","evidence_code":"E08"}},{"type":"Feature","geometry":{"type":"Point","coordinates":[-53.635832999999934,-18.685277999999983]},"properties":{"well_id":"3500065058","municipality":"Figueirão","aquifer":"Guarani","test_type":"Rebaixamento","test_date":"2009-10-14","static_level_m":14.0,"dynamic_level_m":173.1,"stabilized_yield":12.18,"interpretation_method":"UNKNOWN","source":"SGB_HIDRO_MS_2024_POCOS","evidence_code":"E08"}},{"type":"Feature","geometry":{"type":"Point","coordinates":[-55.51249999999993,-21.73277799999994]},"properties":{"well_id":"3500065064","municipality":"Maracaju","aquifer":"Guarani","test_type":"Rebaixamento","test_date":"2012-02-25","static_level_m":100.08,"dynamic_level_m":111.73,"stabilized_yield":79.2,"interpretation_method":"UNKNOWN","source":"SGB_HIDRO_MS_2024_POCOS","evidence_code":"E08"}},{"type":"Feature","geometry":{"type":"Point","coordinates":[-54.04777799999994,-19.51277799999997]},"properties":{"well_id":"3500065025","municipality":"Camapuã","aquifer":"Guarani","test_type":"Rebaixamento","test_date":"1991-02-14","static_level_m":60.0,"dynamic_level_m":102.5,"stabilized_yield":13.0,"interpretation_method":"UNKNOWN","source":"SGB_HIDRO_MS_2024_POCOS","evidence_code":"E08"}},{"type":"Feature","geometry":{"type":"Point","coordinates":[-56.67194399999994,-20.55416699999995]},"properties":{"well_id":"3500065017","municipality":"Bodoquena","aquifer":"Cuiaba","test_type":"Rebaixamento","test_date":"1981-04-07","static_level_m":3.78,"dynamic_level_m":8.28,"stabilized_yield":30.7,"interpretation_method":"UNKNOWN","source":"SGB_HIDRO_MS_2024_POCOS","evidence_code":"E08"}},{"type":"Feature","geometry":{"type":"Point","coordinates":[-54.59833299999997,-20.421388999999976]},"properties":{"well_id":"3500065026","municipality":"Campo Grande","aquifer":"Serra geral","test_type":"Rebaixamento","test_date":"2016-03-30","static_level_m":10.0,"dynamic_level_m":82.0,"stabilized_yield":5.0,"interpretation_method":"UNKNOWN","source":"SGB_HIDRO_MS_2024_POCOS","evidence_code":"E08"}},{"type":"Feature","geometry":{"type":"Point","coordinates":[-53.36888899999997,-22.07416699999993]},"properties":{"well_id":"3500034023","municipality":"Nova Andradina","aquifer":"Caiua","test_type":"Rebaixamento","test_date":"2014-09-03","static_level_m":11.87,"dynamic_level_m":18.66,"stabilized_yield":12.0,"interpretation_method":"UNKNOWN","source":"SGB_HIDRO_MS_2024_POCOS","evidence_code":"E08"}},{"type":"Feature","geometry":{"type":"Point","coordinates":[-53.01424999999995,-18.892105999999956]},"properties":{"well_id":"3500068745","municipality":"Paraíso das Águas","aquifer":"Bauru","test_type":"Rebaixamento","test_date":"2023-05-24","static_level_m":20.79,"dynamic_level_m":26.92,"stabilized_yield":9.56,"interpretation_method":"UNKNOWN","source":"SGB_HIDRO_MS_2024_POCOS","evidence_code":"E08"}},{"type":"Feature","geometry":{"type":"Point","coordinates":[-54.28233299999994,-22.915724999999952]},"properties":{"well_id":"3500068741","municipality":"Naviraí","aquifer":"Bauru","test_type":"Rebaixamento","test_date":"2023-04-14","static_level_m":31.22,"dynamic_level_m":38.89,"stabilized_yield":1.099,"interpretation_method":"UNKNOWN","source":"SGB_HIDRO_MS_2024_POCOS","evidence_code":"E08"}},{"type":"Feature","geometry":{"type":"Point","coordinates":[-55.953332999999986,-22.192776999999978]},"properties":{"well_id":"3500023164","municipality":"Antônio João","aquifer":"Serra geral","test_type":"Rebaixamento","test_date":"1979-10-03","static_level_m":4.5,"dynamic_level_m":26.5,"stabilized_yield":28.8,"interpretation_method":"UNKNOWN","source":"SGB_HIDRO_MS_2024_POCOS","evidence_code":"E08"}},{"type":"Feature","geometry":{"type":"Point","coordinates":[-54.24916699999994,-21.589721999999938]},"properties":{"well_id":"3500026948","municipality":"Nova Alvorada do Sul","aquifer":"Serra geral","test_type":"Rebaixamento","test_date":"2008-12-02","static_level_m":16.0,"dynamic_level_m":80.0,"stabilized_yield":0.0,"interpretation_method":"UNKNOWN","source":"SGB_HIDRO_MS_2024_POCOS","evidence_code":"E08"}},{"type":"Feature","geometry":{"type":"Point","coordinates":[-54.49222199999997,-21.890277999999967]},"properties":{"well_id":"3500026976","municipality":"Rio Brilhante","aquifer":"Serra geral","test_type":"Rebaixamento","test_date":"2008-10-16","static_level_m":11.5,"dynamic_level_m":31.0,"stabilized_yield":8.4,"interpretation_method":"UNKNOWN","source":"SGB_HIDRO_MS_2024_POCOS","evidence_code":"E08"}},{"type":"Feature","geometry":{"type":"Point","coordinates":[-51.102777999999944,-20.059443999999928]},"properties":{"well_id":"3500027000","municipality":"Aparecida do Taboado","aquifer":"Caiua","test_type":"Rebaixamento","test_date":"2008-04-28","static_level_m":15.0,"dynamic_level_m":45.0,"stabilized_yield":15.0,"interpretation_method":"UNKNOWN","source":"SGB_HIDRO_MS_2024_POCOS","evidence_code":"E08"}},{"type":"Feature","geometry":{"type":"Point","coordinates":[-52.71749999999997,-22.17972199999997]},"properties":{"well_id":"3500023182","municipality":"Anaurilândia","aquifer":"Caiua","test_type":"Escalonado","test_date":"1980-07-11","static_level_m":23.8,"dynamic_level_m":47.66,"stabilized_yield":40.61,"interpretation_method":"UNKNOWN","source":"SGB_HIDRO_MS_2024_POCOS","evidence_code":"E08"}},{"type":"Feature","geometry":{"type":"Point","coordinates":[-51.194443999999976,-19.678610999999933]},"properties":{"well_id":"3500023321","municipality":"Paranaíba","aquifer":"Serra geral","test_type":"Rebaixamento","test_date":"1982-03-11","static_level_m":22.51,"dynamic_level_m":50.71,"stabilized_yield":58.66,"interpretation_method":"UNKNOWN","source":"SGB_HIDRO_MS_2024_POCOS","evidence_code":"E08"}},{"type":"Feature","geometry":{"type":"Point","coordinates":[-52.31166699999994,-20.893610999999964]},"properties":{"well_id":"3500045672","municipality":"Três Lagoas","aquifer":"Bauru","test_type":"Rebaixamento","test_date":"2011-01-01","static_level_m":19.0,"dynamic_level_m":56.0,"stabilized_yield":24.8,"interpretation_method":"UNKNOWN","source":"SGB_HIDRO_MS_2024_POCOS","evidence_code":"E08"}},{"type":"Feature","geometry":{"type":"Point","coordinates":[-54.352777999999944,-19.923888999999974]},"properties":{"well_id":"3500030640","municipality":"Bandeirantes","aquifer":"Serra geral","test_type":"Rebaixamento","test_date":"1993-04-22","static_level_m":6.5,"dynamic_level_m":44.5,"stabilized_yield":39.6,"interpretation_method":"UNKNOWN","source":"SGB_HIDRO_MS_2024_POCOS","evidence_code":"E08"}},{"type":"Feature","geometry":{"type":"Point","coordinates":[-54.040276999999946,-19.558610999999928]},"properties":{"well_id":"3500023249","municipality":"Camapuã","aquifer":"Botucatu","test_type":"Escalonado","test_date":"1992-02-04","static_level_m":30.0,"dynamic_level_m":71.0,"stabilized_yield":20.8,"interpretation_method":"UNKNOWN","source":"SGB_HIDRO_MS_2024_POCOS","evidence_code":"E08"}},{"type":"Feature","geometry":{"type":"Point","coordinates":[-54.27027799999996,-21.864999999999952]},"properties":{"well_id":"3500045652","municipality":"Rio Brilhante","aquifer":"Serra geral","test_type":"Rebaixamento","test_date":"2003-01-01","static_level_m":15.0,"dynamic_level_m":25.0,"stabilized_yield":0.0,"interpretation_method":"UNKNOWN","source":"SGB_HIDRO_MS_2024_POCOS","evidence_code":"E08"}},{"type":"Feature","geometry":{"type":"Point","coordinates":[-54.31416699999994,-22.432221999999967]},"properties":{"well_id":"3500053091","municipality":"Glória de Dourados","aquifer":"","test_type":"Rebaixamento","test_date":"2008-04-24","static_level_m":8.0,"dynamic_level_m":34.0,"stabilized_yield":12.0,"interpretation_method":"UNKNOWN","source":"SGB_HIDRO_MS_2024_POCOS","evidence_code":"E08"}},{"type":"Feature","geometry":{"type":"Point","coordinates":[-51.10027699999995,-20.07472199999995]},"properties":{"well_id":"3500023317","municipality":"Aparecida do Taboado","aquifer":"Serra geral","test_type":"Rebaixamento","test_date":"1980-10-20","static_level_m":12.95,"dynamic_level_m":30.02,"stabilized_yield":14.63,"interpretation_method":"UNKNOWN","source":"SGB_HIDRO_MS_2024_POCOS","evidence_code":"E08"}},{"type":"Feature","geometry":{"type":"Point","coordinates":[-54.590832999999975,-20.438332999999943]},"properties":{"well_id":"3500045157","municipality":"Campo Grande","aquifer":"Guarani","test_type":"Rebaixamento","test_date":"2008-04-24","static_level_m":10.0,"dynamic_level_m":67.0,"stabilized_yield":13.2,"interpretation_method":"UNKNOWN","source":"SGB_HIDRO_MS_2024_POCOS","evidence_code":"E08"}},{"type":"Feature","geometry":{"type":"Point","coordinates":[-53.75138899999996,-20.47194399999995]},"properties":{"well_id":"3500045615","municipality":"Ribas do Rio Pardo","aquifer":"","test_type":"Rebaixamento","test_date":"2001-05-01","static_level_m":26.0,"dynamic_level_m":32.0,"stabilized_yield":4.0,"interpretation_method":"UNKNOWN","source":"SGB_HIDRO_MS_2024_POCOS","evidence_code":"E08"}},{"type":"Feature","geometry":{"type":"Point","coordinates":[-53.893055999999945,-22.395277999999962]},"properties":{"well_id":"3500045648","municipality":"Ivinhema","aquifer":"Guarani","test_type":"Rebaixamento","test_date":"2013-08-14","static_level_m":121.15,"dynamic_level_m":221.44,"stabilized_yield":243.18,"interpretation_method":"UNKNOWN","source":"SGB_HIDRO_MS_2024_POCOS","evidence_code":"E08"}},{"type":"Feature","geometry":{"type":"Point","coordinates":[-56.03638799999993,-22.204721999999947]},"properties":{"well_id":"3500023166","municipality":"Antônio João","aquifer":"Serra geral","test_type":"Escalonado","test_date":"1991-11-11","static_level_m":22.05,"dynamic_level_m":96.47,"stabilized_yield":1.3,"interpretation_method":"UNKNOWN","source":"SGB_HIDRO_MS_2024_POCOS","evidence_code":"E08"}},{"type":"Feature","geometry":{"type":"Point","coordinates":[-53.63722199999995,-18.682221999999967]},"properties":{"well_id":"3500023240","municipality":"Figueirão","aquifer":"Guarani","test_type":"Rebaixamento","test_date":"1988-10-31","static_level_m":52.1,"dynamic_level_m":109.8,"stabilized_yield":4.2,"interpretation_method":"UNKNOWN","source":"SGB_HIDRO_MS_2024_POCOS","evidence_code":"E08"}},{"type":"Feature","geometry":{"type":"Point","coordinates":[-52.474999999999966,-21.74166699999995]},"properties":{"well_id":"3500045666","municipality":"Bataguassu","aquifer":"Bauru","test_type":"Rebaixamento","test_date":"2008-01-01","static_level_m":52.0,"dynamic_level_m":90.0,"stabilized_yield":69.0,"interpretation_method":"UNKNOWN","source":"SGB_HIDRO_MS_2024_POCOS","evidence_code":"E08"}},{"type":"Feature","geometry":{"type":"Point","coordinates":[-53.341110999999955,-22.235554999999977]},"properties":{"well_id":"3500023387","municipality":"Nova Andradina","aquifer":"Caiua","test_type":"Rebaixamento","test_date":"1994-08-22","static_level_m":34.0,"dynamic_level_m":58.0,"stabilized_yield":45.0,"interpretation_method":"UNKNOWN","source":"SGB_HIDRO_MS_2024_POCOS","evidence_code":"E08"}},{"type":"Feature","geometry":{"type":"Point","coordinates":[-52.385276999999974,-21.717221999999936]},"properties":{"well_id":"3500023275","municipality":"Bataguassu","aquifer":"Bauru","test_type":"Escalonado","test_date":"1985-02-24","static_level_m":45.0,"dynamic_level_m":57.0,"stabilized_yield":13.5,"interpretation_method":"UNKNOWN","source":"SGB_HIDRO_MS_2024_POCOS","evidence_code":"E08"}},{"type":"Feature","geometry":{"type":"Point","coordinates":[-53.34944399999995,-22.485554999999977]},"properties":{"well_id":"3500023384","municipality":"Taquarussu","aquifer":"Bauru","test_type":"Rebaixamento","test_date":"1995-04-06","static_level_m":9.0,"dynamic_level_m":17.0,"stabilized_yield":20.0,"interpretation_method":"UNKNOWN","source":"SGB_HIDRO_MS_2024_POCOS","evidence_code":"E08"}},{"type":"Feature","geometry":{"type":"Point","coordinates":[-56.287499999999966,-20.13999999999993]},"properties":{"well_id":"3500053085","municipality":"Miranda","aquifer":"Coluvionar","test_type":"Rebaixamento","test_date":"2010-01-01","static_level_m":7.0,"dynamic_level_m":16.0,"stabilized_yield":10.0,"interpretation_method":"UNKNOWN","source":"SGB_HIDRO_MS_2024_POCOS","evidence_code":"E08"}},{"type":"Feature","geometry":{"type":"Point","coordinates":[-52.03333299999997,-21.25222199999996]},"properties":{"well_id":"3500023287","municipality":"Brasilândia","aquifer":"Caiua","test_type":"Rebaixamento","test_date":"1978-09-16","static_level_m":18.0,"dynamic_level_m":24.57,"stabilized_yield":26.4,"interpretation_method":"UNKNOWN","source":"SGB_HIDRO_MS_2024_POCOS","evidence_code":"E08"}},{"type":"Feature","geometry":{"type":"Point","coordinates":[-54.590555999999935,-20.468610999999953]},"properties":{"well_id":"3500026928","municipality":"Campo Grande","aquifer":"Serra geral","test_type":"Rebaixamento","test_date":"2008-12-09","static_level_m":25.0,"dynamic_level_m":43.0,"stabilized_yield":8.0,"interpretation_method":"UNKNOWN","source":"SGB_HIDRO_MS_2024_POCOS","evidence_code":"E08"}},{"type":"Feature","geometry":{"type":"Point","coordinates":[-54.85861099999994,-22.080555999999945]},"properties":{"well_id":"3500045603","municipality":"Itaporã","aquifer":"Serra geral","test_type":"Rebaixamento","test_date":"2012-04-05","static_level_m":22.0,"dynamic_level_m":38.0,"stabilized_yield":4.68,"interpretation_method":"Boulton","source":"SGB_HIDRO_MS_2024_POCOS","evidence_code":"E08"}},{"type":"Feature","geometry":{"type":"Point","coordinates":[-54.20472199999995,-21.836666999999977]},"properties":{"well_id":"3500045675","municipality":"Rio Brilhante","aquifer":"Serra geral","test_type":"Recuperação","test_date":"2010-01-01","static_level_m":12.0,"dynamic_level_m":22.0,"stabilized_yield":12.0,"interpretation_method":"UNKNOWN","source":"SGB_HIDRO_MS_2024_POCOS","evidence_code":"E08"}},{"type":"Feature","geometry":{"type":"Point","coordinates":[-51.82111099999997,-20.988888999999972]},"properties":{"well_id":"3500045705","municipality":"Três Lagoas","aquifer":"Bauru","test_type":"Rebaixamento","test_date":"2012-09-03","static_level_m":37.84,"dynamic_level_m":74.1,"stabilized_yield":153.9,"interpretation_method":"UNKNOWN","source":"SGB_HIDRO_MS_2024_POCOS","evidence_code":"E08"}},{"type":"Feature","geometry":{"type":"Point","coordinates":[-51.83527799999996,-20.997777999999983]},"properties":{"well_id":"3500045707","municipality":"Três Lagoas","aquifer":"Bauru","test_type":"Rebaixamento","test_date":"2012-07-09","static_level_m":51.31,"dynamic_level_m":91.43,"stabilized_yield":105.7,"interpretation_method":"UNKNOWN","source":"SGB_HIDRO_MS_2024_POCOS","evidence_code":"E08"}},{"type":"Feature","geometry":{"type":"Point","coordinates":[-54.72111099999995,-20.47888899999998]},"properties":{"well_id":"3500065038","municipality":"Campo Grande","aquifer":"Serra geral","test_type":"Rebaixamento","test_date":"2013-11-13","static_level_m":10.0,"dynamic_level_m":18.0,"stabilized_yield":3.0,"interpretation_method":"UNKNOWN","source":"SGB_HIDRO_MS_2024_POCOS","evidence_code":"E08"}},{"type":"Feature","geometry":{"type":"Point","coordinates":[-54.34722199999993,-22.32416699999993]},"properties":{"well_id":"3500065055","municipality":"Fátima do Sul","aquifer":"Serra geral","test_type":"Continuo","test_date":"1987-02-17","static_level_m":14.1,"dynamic_level_m":16.22,"stabilized_yield":16.0,"interpretation_method":"UNKNOWN","source":"SGB_HIDRO_MS_2024_POCOS","evidence_code":"E08"}},{"type":"Feature","geometry":{"type":"Point","coordinates":[-54.40833299999997,-23.892777999999964]},"properties":{"well_id":"3500065062","municipality":"Japorã","aquifer":"Caiua","test_type":"Rebaixamento","test_date":"2016-05-02","static_level_m":25.15,"dynamic_level_m":37.95,"stabilized_yield":8.0,"interpretation_method":"UNKNOWN","source":"SGB_HIDRO_MS_2024_POCOS","evidence_code":"E08"}},{"type":"Feature","geometry":{"type":"Point","coordinates":[-54.85722199999998,-18.925832999999955]},"properties":{"well_id":"3500065071","municipality":"Rio Verde de Mato Grosso","aquifer":"Furnas","test_type":"Rebaixamento","test_date":"2009-03-17","static_level_m":6.0,"dynamic_level_m":60.88,"stabilized_yield":116.52,"interpretation_method":"UNKNOWN","source":"SGB_HIDRO_MS_2024_POCOS","evidence_code":"E08"}},{"type":"Feature","geometry":{"type":"Point","coordinates":[-53.632221999999956,-18.678610999999933]},"properties":{"well_id":"3500065057","municipality":"Figueirão","aquifer":"Guarani","test_type":"Rebaixamento","test_date":"2012-12-13","static_level_m":7.04,"dynamic_level_m":112.27,"stabilized_yield":1.0,"interpretation_method":"UNKNOWN","source":"SGB_HIDRO_MS_2024_POCOS","evidence_code":"E08"}},{"type":"Feature","geometry":{"type":"Point","coordinates":[-53.708887999999945,-18.325832999999932]},"properties":{"well_id":"3500022590","municipality":"Alcinópolis","aquifer":"Guarani","test_type":"Rebaixamento","test_date":"2004-01-27","static_level_m":27.0,"dynamic_level_m":67.0,"stabilized_yield":19.2,"interpretation_method":"UNKNOWN","source":"SGB_HIDRO_MS_2024_POCOS","evidence_code":"E08"}},{"type":"Feature","geometry":{"type":"Point","coordinates":[-54.79472199999998,-22.08722199999994]},"properties":{"well_id":"3500023068","municipality":"Itaporã","aquifer":"Guarani","test_type":"Rebaixamento","test_date":"1987-04-19","static_level_m":5.5,"dynamic_level_m":27.0,"stabilized_yield":92.0,"interpretation_method":"UNKNOWN","source":"SGB_HIDRO_MS_2024_POCOS","evidence_code":"E08"}},{"type":"Feature","geometry":{"type":"Point","coordinates":[-56.601943999999946,-21.54249999999996]},"properties":{"well_id":"3500023124","municipality":"Jardim","aquifer":"Guarani","test_type":"Rebaixamento","test_date":"1987-01-27","static_level_m":28.53,"dynamic_level_m":47.46,"stabilized_yield":1.547,"interpretation_method":"UNKNOWN","source":"SGB_HIDRO_MS_2024_POCOS","evidence_code":"E08"}},{"type":"Feature","geometry":{"type":"Point","coordinates":[-54.03972199999998,-19.558055999999965]},"properties":{"well_id":"3500065023","municipality":"Camapuã","aquifer":"Guarani","test_type":"Rebaixamento","test_date":"1994-10-01","static_level_m":30.0,"dynamic_level_m":71.0,"stabilized_yield":20.8,"interpretation_method":"UNKNOWN","source":"SGB_HIDRO_MS_2024_POCOS","evidence_code":"E08"}},{"type":"Feature","geometry":{"type":"Point","coordinates":[-52.87472199999996,-20.446943999999974]},"properties":{"well_id":"3500065001","municipality":"Água Clara","aquifer":"Bauru","test_type":"Rebaixamento","test_date":"2016-12-23","static_level_m":1.05,"dynamic_level_m":43.97,"stabilized_yield":1.0,"interpretation_method":"UNKNOWN","source":"SGB_HIDRO_MS_2024_POCOS","evidence_code":"E08"}},{"type":"Feature","geometry":{"type":"Point","coordinates":[-55.95666699999998,-22.191943999999978]},"properties":{"well_id":"3500065006","municipality":"Antônio João","aquifer":"Serra geral","test_type":"Rebaixamento","test_date":"1979-10-03","static_level_m":4.5,"dynamic_level_m":28.5,"stabilized_yield":28.8,"interpretation_method":"UNKNOWN","source":"SGB_HIDRO_MS_2024_POCOS","evidence_code":"E08"}},{"type":"Feature","geometry":{"type":"Point","coordinates":[-52.40888899999993,-21.709443999999962]},"properties":{"well_id":"3500065014","municipality":"Bataguassu","aquifer":"Caiua","test_type":"Rebaixamento","test_date":"1984-07-17","static_level_m":29.4,"dynamic_level_m":42.8,"stabilized_yield":36.0,"interpretation_method":"UNKNOWN","source":"SGB_HIDRO_MS_2024_POCOS","evidence_code":"E08"}},{"type":"Feature","geometry":{"type":"Point","coordinates":[-54.694443999999976,-22.60666699999996]},"properties":{"well_id":"3500065021","municipality":"Caarapó","aquifer":"Caiua","test_type":"Rebaixamento","test_date":"2009-11-22","static_level_m":131.13,"dynamic_level_m":208.48,"stabilized_yield":0.0,"interpretation_method":"UNKNOWN","source":"SGB_HIDRO_MS_2024_POCOS","evidence_code":"E08"}},{"type":"Feature","geometry":{"type":"Point","coordinates":[-54.640832999999986,-20.48249999999996]},"properties":{"well_id":"3500065027","municipality":"Campo Grande","aquifer":"Bauru","test_type":"Rebaixamento","test_date":"2016-04-12","static_level_m":4.38,"dynamic_level_m":8.86,"stabilized_yield":3.56,"interpretation_method":"UNKNOWN","source":"SGB_HIDRO_MS_2024_POCOS","evidence_code":"E08"}},{"type":"Feature","geometry":{"type":"Point","coordinates":[-54.81444399999998,-22.59583299999997]},"properties":{"well_id":"3500026956","municipality":"Caarapó","aquifer":"Serra geral","test_type":"Rebaixamento","test_date":"2009-02-17","static_level_m":32.0,"dynamic_level_m":58.0,"stabilized_yield":29.4,"interpretation_method":"UNKNOWN","source":"SGB_HIDRO_MS_2024_POCOS","evidence_code":"E08"}},{"type":"Feature","geometry":{"type":"Point","coordinates":[-54.31416699999994,-22.214999999999975]},"properties":{"well_id":"3500045119","municipality":"Dourados","aquifer":"Caiua","test_type":"Rebaixamento","test_date":"2008-04-28","static_level_m":10.0,"dynamic_level_m":34.0,"stabilized_yield":12.0,"interpretation_method":"UNKNOWN","source":"SGB_HIDRO_MS_2024_POCOS","evidence_code":"E08"}},{"type":"Feature","geometry":{"type":"Point","coordinates":[-52.87944399999998,-20.444999999999936]},"properties":{"well_id":"3500045616","municipality":"Água Clara","aquifer":"Bauru","test_type":"Rebaixamento","test_date":"2010-10-25","static_level_m":12.3,"dynamic_level_m":34.3,"stabilized_yield":12.41,"interpretation_method":"UNKNOWN","source":"SGB_HIDRO_MS_2024_POCOS","evidence_code":"E08"}},{"type":"Feature","geometry":{"type":"Point","coordinates":[-53.75333299999994,-20.437776999999983]},"properties":{"well_id":"3500023256","municipality":"Ribas do Rio Pardo","aquifer":"Serra geral","test_type":"Rebaixamento","test_date":"1979-07-29","static_level_m":4.0,"dynamic_level_m":18.42,"stabilized_yield":20.57,"interpretation_method":"UNKNOWN","source":"SGB_HIDRO_MS_2024_POCOS","evidence_code":"E08"}},{"type":"Feature","geometry":{"type":"Point","coordinates":[-54.20055499999995,-23.05666599999995]},"properties":{"well_id":"3500023393","municipality":"Naviraí","aquifer":"Caiua","test_type":"Rebaixamento","test_date":"1975-02-05","static_level_m":9.66,"dynamic_level_m":93.15,"stabilized_yield":34.41,"interpretation_method":"UNKNOWN","source":"SGB_HIDRO_MS_2024_POCOS","evidence_code":"E08"}}],"pih_metadata":{"code":"E08","name":"Ensaio com metadados mínimos de cadastro","scientific_question":"Onde o registro contém um conjunto mínimo explícito de metadados de ensaio","source_dataset":"SGB_HIDRO_MS_2024_POCOS","inclusion_rule":"Tipo + data + NE + ND + vazão estabilizada presentes","limitations":"Esta é uma classe documental, não uma certificação de validade hidrogeológica do ensaio","feature_count":1096,"grid_readiness":"READY_FOR_GRID_COUNTS","aggregation_rule_provisional":"COUNT_DISTINCT(well_id); no futuro separar presença de método e duração","cutoff_date":"2026-08-29"}}