{"type": "FeatureCollection", "features": [{"type": "Feature", "properties": {"No_de_Poco": 3, "Shape_Leng": 0.6, "Shape_Area": 0.0225}, "geometry": {"type": "Polygon", "coordinates": [[[-51.94999999999993, -20.699999999999932], [-51.799999999999955, -20.699999999999932], [-51.799999999999955, -20.849999999999966], [-51.94999999999993, -20.849999999999966], [-51.94999999999993, -20.699999999999932]]]}}, {"type": "Feature", "properties": {"No_de_Poco": 1, "Shape_Leng": 0.6, "Shape_Area": 0.0225}, "geometry": {"type": "Polygon", "coordinates": [[[-51.94999999999993, -20.549999999999955], [-51.799999999999955, -20.549999999999955], [-51.799999999999955, -20.699999999999932], [-51.94999999999993, -20.699999999999932], [-51.94999999999993, -20.549999999999955]]]}}, {"type": "Feature", "properties": {"No_de_Poco": 1, "Shape_Leng": 0.6, "Shape_Area": 0.0225}, "geometry": {"type": "Polygon", "coordinates": [[[-52.24999999999994, -20.549999999999955], [-52.099999999999966, -20.549999999999955], [-52.099999999999966, -20.699999999999932], [-52.24999999999994, -20.699999999999932], [-52.24999999999994, -20.549999999999955]]]}}, {"type": "Feature", "properties": {"No_de_Poco": 0, "Shape_Leng": 0.6, "Shape_Area": 0.0225}, "geometry": {"type": "Polygon", "coordinates": [[[-53.89999999999998, -23.399999999999977], [-53.74999999999994, -23.399999999999977], [-53.74999999999994, -23.549999999999955], [-53.89999999999998, -23.549999999999955], [-53.89999999999998, -23.399999999999977]]]}}, {"type": "Feature", "properties": {"No_de_Poco": 3, "Shape_Leng": 0.6, "Shape_Area": 0.0225}, "geometry": {"type": "Polygon", "coordinates": [[[-54.19999999999993, -22.199999999999932], [-54.049999999999955, -22.199999999999932], [-54.049999999999955, -22.349999999999966], [-54.19999999999993, -22.349999999999966], [-54.19999999999993, -22.199999999999932]]]}}, {"type": "Feature", "properties": {"No_de_Poco": 0, "Shape_Leng": 0.6, "Shape_Area": 0.0225}, "geometry": {"type": "Polygon", "coordinates": [[[-54.19999999999993, -20.849999999999966], [-54.049999999999955, -20.849999999999966], [-54.049999999999955, -20.999999999999943], [-54.19999999999993, -20.999999999999943], [-54.19999999999993, -20.849999999999966]]]}}, {"type": "Feature", "properties": {"No_de_Poco": 0, "Shape_Leng": 0.6, "Shape_Area": 0.0225}, "geometry": {"type": "Polygon", "coordinates": [[[-54.19999999999993, -20.699999999999932], [-54.049999999999955, -20.699999999999932], [-54.049999999999955, -20.849999999999966], [-54.19999999999993, -20.849999999999966], [-54.19999999999993, -20.699999999999932]]]}}, {"type": "Feature", "properties": {"No_de_Poco": 0, "Shape_Leng": 0.6, "Shape_Area": 0.0225}, "geometry": {"type": "Polygon", "coordinates": [[[-54.19999999999993, -20.549999999999955], [-54.049999999999955, -20.549999999999955], [-54.049999999999955, -20.699999999999932], [-54.19999999999993, -20.699999999999932], [-54.19999999999993, -20.549999999999955]]]}}, {"type": "Feature", "properties": {"No_de_Poco": 0, "Shape_Leng": 0.6, "Shape_Area": 0.0225}, "geometry": {"type": "Polygon", "coordinates": [[[-54.19999999999993, -20.399999999999977], [-54.049999999999955, -20.399999999999977], [-54.049999999999955, -20.549999999999955], [-54.19999999999993, -20.549999999999955], [-54.19999999999993, -20.399999999999977]]]}}, {"type": "Feature", "properties": {"No_de_Poco": 1, "Shape_Leng": 0.6, "Shape_Area": 0.0225}, "geometry": {"type": "Polygon", "coordinates": [[[-54.349999999999966, -21.299999999999955], [-54.19999999999993, -21.299999999999955], [-54.19999999999993, -21.449999999999932], [-54.349999999999966, -21.449999999999932], [-54.349999999999966, -21.299999999999955]]]}}, {"type": "Feature", "properties": {"No_de_Poco": 1, "Shape_Leng": 0.6, "Shape_Area": 0.0225}, "geometry": {"type": "Polygon", "coordinates": [[[-54.349999999999966, -21.149999999999977], [-54.19999999999993, -21.149999999999977], [-54.19999999999993, -21.299999999999955], [-54.349999999999966, -21.299999999999955], [-54.349999999999966, -21.149999999999977]]]}}, {"type": "Feature", "properties": {"No_de_Poco": 0, "Shape_Leng": 0.6, "Shape_Area": 0.0225}, "geometry": {"type": "Polygon", "coordinates": [[[-54.349999999999966, -20.999999999999943], [-54.19999999999993, -20.999999999999943], [-54.19999999999993, -21.149999999999977], [-54.349999999999966, -21.149999999999977], [-54.349999999999966, -20.999999999999943]]]}}, {"type": "Feature", "properties": {"No_de_Poco": 1, "Shape_Leng": 0.6, "Shape_Area": 0.0225}, "geometry": {"type": "Polygon", "coordinates": [[[-54.349999999999966, -20.849999999999966], [-54.19999999999993, -20.849999999999966], [-54.19999999999993, -20.999999999999943], [-54.349999999999966, -20.999999999999943], [-54.349999999999966, -20.849999999999966]]]}}, {"type": "Feature", "properties": {"No_de_Poco": 0, "Shape_Leng": 0.6, "Shape_Area": 0.0225}, "geometry": {"type": "Polygon", "coordinates": [[[-54.349999999999966, -20.699999999999932], [-54.19999999999993, -20.699999999999932], [-54.19999999999993, -20.849999999999966], [-54.349999999999966, -20.849999999999966], [-54.349999999999966, -20.699999999999932]]]}}, {"type": "Feature", "properties": {"No_de_Poco": 1, "Shape_Leng": 0.6, "Shape_Area": 0.0225}, "geometry": {"type": "Polygon", "coordinates": [[[-54.349999999999966, -20.549999999999955], [-54.19999999999993, -20.549999999999955], [-54.19999999999993, -20.699999999999932], [-54.349999999999966, -20.699999999999932], [-54.349999999999966, -20.549999999999955]]]}}, {"type": "Feature", "properties": {"No_de_Poco": 0, "Shape_Leng": 0.6, "Shape_Area": 0.0225}, "geometry": {"type": "Polygon", "coordinates": [[[-54.349999999999966, -20.399999999999977], [-54.19999999999993, -20.399999999999977], [-54.19999999999993, -20.549999999999955], [-54.349999999999966, -20.549999999999955], [-54.349999999999966, -20.399999999999977]]]}}, {"type": "Feature", "properties": {"No_de_Poco": 0, "Shape_Leng": 0.6, "Shape_Area": 0.0225}, "geometry": {"type": "Polygon", "coordinates": [[[-54.49999999999994, -20.999999999999943], [-54.349999999999966, -20.999999999999943], [-54.349999999999966, -21.149999999999977], [-54.49999999999994, -21.149999999999977], [-54.49999999999994, -20.999999999999943]]]}}, {"type": "Feature", "properties": {"No_de_Poco": 2, "Shape_Leng": 0.6, "Shape_Area": 0.0225}, "geometry": {"type": "Polygon", "coordinates": [[[-54.49999999999994, -20.849999999999966], [-54.349999999999966, -20.849999999999966], [-54.349999999999966, -20.999999999999943], [-54.49999999999994, -20.999999999999943], [-54.49999999999994, -20.849999999999966]]]}}, {"type": "Feature", "properties": {"No_de_Poco": 0, "Shape_Leng": 0.6, "Shape_Area": 0.0225}, "geometry": {"type": "Polygon", "coordinates": [[[-54.49999999999994, -20.699999999999932], [-54.349999999999966, -20.699999999999932], [-54.349999999999966, -20.849999999999966], [-54.49999999999994, -20.849999999999966], [-54.49999999999994, -20.699999999999932]]]}}, {"type": "Feature", "properties": {"No_de_Poco": 0, "Shape_Leng": 0.6, "Shape_Area": 0.0225}, "geometry": {"type": "Polygon", "coordinates": [[[-54.49999999999994, -20.549999999999955], [-54.349999999999966, -20.549999999999955], [-54.349999999999966, -20.699999999999932], [-54.49999999999994, -20.699999999999932], [-54.49999999999994, -20.549999999999955]]]}}, {"type": "Feature", "properties": {"No_de_Poco": 0, "Shape_Leng": 0.6, "Shape_Area": 0.0225}, "geometry": {"type": "Polygon", "coordinates": [[[-54.49999999999994, -20.399999999999977], [-54.349999999999966, -20.399999999999977], [-54.349999999999966, -20.549999999999955], [-54.49999999999994, -20.549999999999955], [-54.49999999999994, -20.399999999999977]]]}}, {"type": "Feature", "properties": {"No_de_Poco": 4, "Shape_Leng": 0.6, "Shape_Area": 0.0225}, "geometry": {"type": "Polygon", "coordinates": [[[-54.64999999999998, -20.999999999999943], [-54.49999999999994, -20.999999999999943], [-54.49999999999994, -21.149999999999977], [-54.64999999999998, -21.149999999999977], [-54.64999999999998, -20.999999999999943]]]}}, {"type": "Feature", "properties": {"No_de_Poco": 3, "Shape_Leng": 0.6, "Shape_Area": 0.0225}, "geometry": {"type": "Polygon", "coordinates": [[[-54.64999999999998, -20.849999999999966], [-54.49999999999994, -20.849999999999966], [-54.49999999999994, -20.999999999999943], [-54.64999999999998, -20.999999999999943], [-54.64999999999998, -20.849999999999966]]]}}, {"type": "Feature", "properties": {"No_de_Poco": 0, "Shape_Leng": 0.6, "Shape_Area": 0.0225}, "geometry": {"type": "Polygon", "coordinates": [[[-54.64999999999998, -20.699999999999932], [-54.49999999999994, -20.699999999999932], [-54.49999999999994, -20.849999999999966], [-54.64999999999998, -20.849999999999966], [-54.64999999999998, -20.699999999999932]]]}}, {"type": "Feature", "properties": {"No_de_Poco": 22, "Shape_Leng": 0.6, "Shape_Area": 0.0225}, "geometry": {"type": "Polygon", "coordinates": [[[-54.64999999999998, -20.549999999999955], [-54.49999999999994, -20.549999999999955], [-54.49999999999994, -20.699999999999932], [-54.64999999999998, -20.699999999999932], [-54.64999999999998, -20.549999999999955]]]}}, {"type": "Feature", "properties": {"No_de_Poco": 158, "Shape_Leng": 0.6, "Shape_Area": 0.0225}, "geometry": {"type": "Polygon", "coordinates": [[[-54.64999999999998, -20.399999999999977], [-54.49999999999994, -20.399999999999977], [-54.49999999999994, -20.549999999999955], [-54.64999999999998, -20.549999999999955], [-54.64999999999998, -20.399999999999977]]]}}, {"type": "Feature", "properties": {"No_de_Poco": 1, "Shape_Leng": 0.6, "Shape_Area": 0.0225}, "geometry": {"type": "Polygon", "coordinates": [[[-54.799999999999955, -23.849999999999966], [-54.64999999999998, -23.849999999999966], [-54.64999999999998, -23.999999999999943], [-54.799999999999955, -23.999999999999943], [-54.799999999999955, -23.849999999999966]]]}}, {"type": "Feature", "properties": {"No_de_Poco": 5, "Shape_Leng": 0.6, "Shape_Area": 0.0225}, "geometry": {"type": "Polygon", "coordinates": [[[-54.799999999999955, -20.699999999999932], [-54.64999999999998, -20.699999999999932], [-54.64999999999998, -20.849999999999966], [-54.799999999999955, -20.849999999999966], [-54.799999999999955, -20.699999999999932]]]}}, {"type": "Feature", "properties": {"No_de_Poco": 12, "Shape_Leng": 0.6, "Shape_Area": 0.0225}, "geometry": {"type": "Polygon", "coordinates": [[[-54.799999999999955, -20.549999999999955], [-54.64999999999998, -20.549999999999955], [-54.64999999999998, -20.699999999999932], [-54.799999999999955, -20.699999999999932], [-54.799999999999955, -20.549999999999955]]]}}, {"type": "Feature", "properties": {"No_de_Poco": 5, "Shape_Leng": 0.6, "Shape_Area": 0.0225}, "geometry": {"type": "Polygon", "coordinates": [[[-54.94999999999993, -20.699999999999932], [-54.799999999999955, -20.699999999999932], [-54.799999999999955, -20.849999999999966], [-54.94999999999993, -20.849999999999966], [-54.94999999999993, -20.699999999999932]]]}}, {"type": "Feature", "properties": {"No_de_Poco": 0, "Shape_Leng": 0.6, "Shape_Area": 0.0225}, "geometry": {"type": "Polygon", "coordinates": [[[-55.099999999999966, -22.949999999999932], [-54.94999999999993, -22.949999999999932], [-54.94999999999993, -23.099999999999966], [-55.099999999999966, -23.099999999999966], [-55.099999999999966, -22.949999999999932]]]}}, {"type": "Feature", "properties": {"No_de_Poco": 2, "Shape_Leng": 0.6, "Shape_Area": 0.0225}, "geometry": {"type": "Polygon", "coordinates": [[[-55.099999999999966, -20.699999999999932], [-54.94999999999993, -20.699999999999932], [-54.94999999999993, -20.849999999999966], [-55.099999999999966, -20.849999999999966], [-55.099999999999966, -20.699999999999932]]]}}, {"type": "Feature", "properties": {"No_de_Poco": 1, "Shape_Leng": 0.6, "Shape_Area": 0.0225}, "geometry": {"type": "Polygon", "coordinates": [[[-55.24999999999994, -22.799999999999955], [-55.099999999999966, -22.799999999999955], [-55.099999999999966, -22.949999999999932], [-55.24999999999994, -22.949999999999932], [-55.24999999999994, -22.799999999999955]]]}}, {"type": "Feature", "properties": {"No_de_Poco": 7, "Shape_Leng": 0.6, "Shape_Area": 0.0225}, "geometry": {"type": "Polygon", "coordinates": [[[-55.24999999999994, -20.699999999999932], [-55.099999999999966, -20.699999999999932], [-55.099999999999966, -20.849999999999966], [-55.24999999999994, -20.849999999999966], [-55.24999999999994, -20.699999999999932]]]}}, {"type": "Feature", "properties": {"No_de_Poco": 0, "Shape_Leng": 0.6, "Shape_Area": 0.0225}, "geometry": {"type": "Polygon", "coordinates": [[[-55.24999999999994, -20.549999999999955], [-55.099999999999966, -20.549999999999955], [-55.099999999999966, -20.699999999999932], [-55.24999999999994, -20.699999999999932], [-55.24999999999994, -20.549999999999955]]]}}, {"type": "Feature", "properties": {"No_de_Poco": 1, "Shape_Leng": 0.6, "Shape_Area": 0.0225}, "geometry": {"type": "Polygon", "coordinates": [[[-55.39999999999998, -22.799999999999955], [-55.24999999999994, -22.799999999999955], [-55.24999999999994, -22.949999999999932], [-55.39999999999998, -22.949999999999932], [-55.39999999999998, -22.799999999999955]]]}}, {"type": "Feature", "properties": {"No_de_Poco": 2, "Shape_Leng": 0.6, "Shape_Area": 0.0225}, "geometry": {"type": "Polygon", "coordinates": [[[-55.39999999999998, -22.049999999999955], [-55.24999999999994, -22.049999999999955], [-55.24999999999994, -22.199999999999932], [-55.39999999999998, -22.199999999999932], [-55.39999999999998, -22.049999999999955]]]}}, {"type": "Feature", "properties": {"No_de_Poco": 0, "Shape_Leng": 0.6, "Shape_Area": 0.0225}, "geometry": {"type": "Polygon", "coordinates": [[[-55.39999999999998, -21.899999999999977], [-55.24999999999994, -21.899999999999977], [-55.24999999999994, -22.049999999999955], [-55.39999999999998, -22.049999999999955], [-55.39999999999998, -21.899999999999977]]]}}, {"type": "Feature", "properties": {"No_de_Poco": 3, "Shape_Leng": 0.6, "Shape_Area": 0.0225}, "geometry": {"type": "Polygon", "coordinates": [[[-55.549999999999955, -22.649999999999977], [-55.39999999999998, -22.649999999999977], [-55.39999999999998, -22.799999999999955], [-55.549999999999955, -22.799999999999955], [-55.549999999999955, -22.649999999999977]]]}}, {"type": "Feature", "properties": {"No_de_Poco": 3, "Shape_Leng": 0.6, "Shape_Area": 0.0225}, "geometry": {"type": "Polygon", "coordinates": [[[-55.549999999999955, -22.199999999999932], [-55.39999999999998, -22.199999999999932], [-55.39999999999998, -22.349999999999966], [-55.549999999999955, -22.349999999999966], [-55.549999999999955, -22.199999999999932]]]}}, {"type": "Feature", "properties": {"No_de_Poco": 5, "Shape_Leng": 0.6, "Shape_Area": 0.0225}, "geometry": {"type": "Polygon", "coordinates": [[[-55.549999999999955, -22.049999999999955], [-55.39999999999998, -22.049999999999955], [-55.39999999999998, -22.199999999999932], [-55.549999999999955, -22.199999999999932], [-55.549999999999955, -22.049999999999955]]]}}, {"type": "Feature", "properties": {"No_de_Poco": 0, "Shape_Leng": 0.6, "Shape_Area": 0.0225}, "geometry": {"type": "Polygon", "coordinates": [[[-55.69999999999993, -21.299999999999955], [-55.549999999999955, -21.299999999999955], [-55.549999999999955, -21.449999999999932], [-55.69999999999993, -21.449999999999932], [-55.69999999999993, -21.299999999999955]]]}}, {"type": "Feature", "properties": {"No_de_Poco": 9, "Shape_Leng": 0.6, "Shape_Area": 0.0225}, "geometry": {"type": "Polygon", "coordinates": [[[-55.849999999999966, -21.149999999999977], [-55.69999999999993, -21.149999999999977], [-55.69999999999993, -21.299999999999955], [-55.849999999999966, -21.299999999999955], [-55.849999999999966, -21.149999999999977]]]}}, {"type": "Feature", "properties": {"No_de_Poco": 0, "Shape_Leng": 0.6, "Shape_Area": 0.0225}, "geometry": {"type": "Polygon", "coordinates": [[[-55.99999999999994, -21.599999999999966], [-55.849999999999966, -21.599999999999966], [-55.849999999999966, -21.749999999999943], [-55.99999999999994, -21.749999999999943], [-55.99999999999994, -21.599999999999966]]]}}, {"type": "Feature", "properties": {"No_de_Poco": 0, "Shape_Leng": 0.6, "Shape_Area": 0.0225}, "geometry": {"type": "Polygon", "coordinates": [[[-55.99999999999994, -21.449999999999932], [-55.849999999999966, -21.449999999999932], [-55.849999999999966, -21.599999999999966], [-55.99999999999994, -21.599999999999966], [-55.99999999999994, -21.449999999999932]]]}}, {"type": "Feature", "properties": {"No_de_Poco": 0, "Shape_Leng": 0.6, "Shape_Area": 0.0225}, "geometry": {"type": "Polygon", "coordinates": [[[-56.14999999999998, -20.549999999999955], [-55.99999999999994, -20.549999999999955], [-55.99999999999994, -20.699999999999932], [-56.14999999999998, -20.699999999999932], [-56.14999999999998, -20.549999999999955]]]}}, {"type": "Feature", "properties": {"No_de_Poco": 0, "Shape_Leng": 0.6, "Shape_Area": 0.0225}, "geometry": {"type": "Polygon", "coordinates": [[[-56.44999999999993, -21.449999999999932], [-56.299999999999955, -21.449999999999932], [-56.299999999999955, -21.599999999999966], [-56.44999999999993, -21.599999999999966], [-56.44999999999993, -21.449999999999932]]]}}, {"type": "Feature", "properties": {"No_de_Poco": 0, "Shape_Leng": 0.6, "Shape_Area": 0.0225}, "geometry": {"type": "Polygon", "coordinates": [[[-56.44999999999993, -21.299999999999955], [-56.299999999999955, -21.299999999999955], [-56.299999999999955, -21.449999999999932], [-56.44999999999993, -21.449999999999932], [-56.44999999999993, -21.299999999999955]]]}}, {"type": "Feature", "properties": {"No_de_Poco": 0, "Shape_Leng": 0.6, "Shape_Area": 0.0225}, "geometry": {"type": "Polygon", "coordinates": [[[-56.599999999999966, -21.149999999999977], [-56.44999999999993, -21.149999999999977], [-56.44999999999993, -21.299999999999955], [-56.599999999999966, -21.299999999999955], [-56.599999999999966, -21.149999999999977]]]}}, {"type": "Feature", "properties": {"No_de_Poco": 0, "Shape_Leng": 0.6, "Shape_Area": 0.0225}, "geometry": {"type": "Polygon", "coordinates": [[[-56.74999999999994, -21.299999999999955], [-56.599999999999966, -21.299999999999955], [-56.599999999999966, -21.449999999999932], [-56.74999999999994, -21.449999999999932], [-56.74999999999994, -21.299999999999955]]]}}, {"type": "Feature", "properties": {"No_de_Poco": 0, "Shape_Leng": 0.6, "Shape_Area": 0.0225}, "geometry": {"type": "Polygon", "coordinates": [[[-56.74999999999994, -20.849999999999966], [-56.599999999999966, -20.849999999999966], [-56.599999999999966, -20.999999999999943], [-56.74999999999994, -20.999999999999943], [-56.74999999999994, -20.849999999999966]]]}}, {"type": "Feature", "properties": {"No_de_Poco": 0, "Shape_Leng": 0.6, "Shape_Area": 0.0225}, "geometry": {"type": "Polygon", "coordinates": [[[-56.89999999999998, -20.699999999999932], [-56.74999999999994, -20.699999999999932], [-56.74999999999994, -20.849999999999966], [-56.89999999999998, -20.849999999999966], [-56.89999999999998, -20.699999999999932]]]}}, {"type": "Feature", "properties": {"No_de_Poco": 0, "Shape_Leng": 0.6, "Shape_Area": 0.0225}, "geometry": {"type": "Polygon", "coordinates": [[[-57.049999999999955, -21.599999999999966], [-56.89999999999998, -21.599999999999966], [-56.89999999999998, -21.749999999999943], [-57.049999999999955, -21.749999999999943], [-57.049999999999955, -21.599999999999966]]]}}, {"type": "Feature", "properties": {"No_de_Poco": 0, "Shape_Leng": 0.6, "Shape_Area": 0.0225}, "geometry": {"type": "Polygon", "coordinates": [[[-57.049999999999955, -21.449999999999932], [-56.89999999999998, -21.449999999999932], [-56.89999999999998, -21.599999999999966], [-57.049999999999955, -21.599999999999966], [-57.049999999999955, -21.449999999999932]]]}}, {"type": "Feature", "properties": {"No_de_Poco": 0, "Shape_Leng": 0.6, "Shape_Area": 0.0225}, "geometry": {"type": "Polygon", "coordinates": [[[-57.049999999999955, -21.299999999999955], [-56.89999999999998, -21.299999999999955], [-56.89999999999998, -21.449999999999932], [-57.049999999999955, -21.449999999999932], [-57.049999999999955, -21.299999999999955]]]}}, {"type": "Feature", "properties": {"No_de_Poco": 0, "Shape_Leng": 0.6, "Shape_Area": 0.0225}, "geometry": {"type": "Polygon", "coordinates": [[[-57.19999999999993, -21.599999999999966], [-57.049999999999955, -21.599999999999966], [-57.049999999999955, -21.749999999999943], [-57.19999999999993, -21.749999999999943], [-57.19999999999993, -21.599999999999966]]]}}, {"type": "Feature", "properties": {"No_de_Poco": 0, "Shape_Leng": 0.6, "Shape_Area": 0.0225}, "geometry": {"type": "Polygon", "coordinates": [[[-57.19999999999993, -21.449999999999932], [-57.049999999999955, -21.449999999999932], [-57.049999999999955, -21.599999999999966], [-57.19999999999993, -21.599999999999966], [-57.19999999999993, -21.449999999999932]]]}}, {"type": "Feature", "properties": {"No_de_Poco": 0, "Shape_Leng": 0.6, "Shape_Area": 0.0225}, "geometry": {"type": "Polygon", "coordinates": [[[-57.19999999999993, -20.699999999999932], [-57.049999999999955, -20.699999999999932], [-57.049999999999955, -20.849999999999966], [-57.19999999999993, -20.849999999999966], [-57.19999999999993, -20.699999999999932]]]}}, {"type": "Feature", "properties": {"No_de_Poco": 0, "Shape_Leng": 0.6, "Shape_Area": 0.0225}, "geometry": {"type": "Polygon", "coordinates": [[[-57.49999999999994, -20.699999999999932], [-57.349999999999966, -20.699999999999932], [-57.349999999999966, -20.849999999999966], [-57.49999999999994, -20.849999999999966], [-57.49999999999994, -20.699999999999932]]]}}, {"type": "Feature", "properties": {"No_de_Poco": 0, "Shape_Leng": 0.6, "Shape_Area": 0.0225}, "geometry": {"type": "Polygon", "coordinates": [[[-57.94999999999993, -20.699999999999932], [-57.799999999999955, -20.699999999999932], [-57.799999999999955, -20.849999999999966], [-57.94999999999993, -20.849999999999966], [-57.94999999999993, -20.699999999999932]]]}}, {"type": "Feature", "properties": {"No_de_Poco": 0, "Shape_Leng": 0.6, "Shape_Area": 0.0225}, "geometry": {"type": "Polygon", "coordinates": [[[-57.94999999999993, -20.549999999999955], [-57.799999999999955, -20.549999999999955], [-57.799999999999955, -20.699999999999932], [-57.94999999999993, -20.699999999999932], [-57.94999999999993, -20.549999999999955]]]}}, {"type": "Feature", "properties": {"No_de_Poco": 0, "Shape_Leng": 0.6, "Shape_Area": 0.0225}, "geometry": {"type": "Polygon", "coordinates": [[[-58.099999999999966, -20.699999999999932], [-57.94999999999993, -20.699999999999932], [-57.94999999999993, -20.849999999999966], [-58.099999999999966, -20.849999999999966], [-58.099999999999966, -20.699999999999932]]]}}, {"type": "Feature", "properties": {"No_de_Poco": 0, "Shape_Leng": 0.6, "Shape_Area": 0.0225}, "geometry": {"type": "Polygon", "coordinates": [[[-51.049999999999955, -20.099999999999966], [-50.89999999999998, -20.099999999999966], [-50.89999999999998, -20.249999999999943], [-51.049999999999955, -20.249999999999943], [-51.049999999999955, -20.099999999999966]]]}}, {"type": "Feature", "properties": {"No_de_Poco": 1, "Shape_Leng": 0.6, "Shape_Area": 0.0225}, "geometry": {"type": "Polygon", "coordinates": [[[-51.049999999999955, -19.949999999999932], [-50.89999999999998, -19.949999999999932], [-50.89999999999998, -20.099999999999966], [-51.049999999999955, -20.099999999999966], [-51.049999999999955, -19.949999999999932]]]}}, {"type": "Feature", "properties": {"No_de_Poco": 0, "Shape_Leng": 0.6, "Shape_Area": 0.0225}, "geometry": {"type": "Polygon", "coordinates": [[[-51.049999999999955, -19.799999999999955], [-50.89999999999998, -19.799999999999955], [-50.89999999999998, -19.949999999999932], [-51.049999999999955, -19.949999999999932], [-51.049999999999955, -19.799999999999955]]]}}, {"type": "Feature", "properties": {"No_de_Poco": 0, "Shape_Leng": 0.6, "Shape_Area": 0.0225}, "geometry": {"type": "Polygon", "coordinates": [[[-51.19999999999993, -20.249999999999943], [-51.049999999999955, -20.249999999999943], [-51.049999999999955, -20.399999999999977], [-51.19999999999993, -20.399999999999977], [-51.19999999999993, -20.249999999999943]]]}}, {"type": "Feature", "properties": {"No_de_Poco": 1, "Shape_Leng": 0.6, "Shape_Area": 0.0225}, "geometry": {"type": "Polygon", "coordinates": [[[-51.19999999999993, -20.099999999999966], [-51.049999999999955, -20.099999999999966], [-51.049999999999955, -20.249999999999943], [-51.19999999999993, -20.249999999999943], [-51.19999999999993, -20.099999999999966]]]}}, {"type": "Feature", "properties": {"No_de_Poco": 14, "Shape_Leng": 0.6, "Shape_Area": 0.0225}, "geometry": {"type": "Polygon", "coordinates": [[[-51.19999999999993, -19.949999999999932], [-51.049999999999955, -19.949999999999932], [-51.049999999999955, -20.099999999999966], [-51.19999999999993, -20.099999999999966], [-51.19999999999993, -19.949999999999932]]]}}, {"type": "Feature", "properties": {"No_de_Poco": 1, "Shape_Leng": 0.6, "Shape_Area": 0.0225}, "geometry": {"type": "Polygon", "coordinates": [[[-51.19999999999993, -19.799999999999955], [-51.049999999999955, -19.799999999999955], [-51.049999999999955, -19.949999999999932], [-51.19999999999993, -19.949999999999932], [-51.19999999999993, -19.799999999999955]]]}}, {"type": "Feature", "properties": {"No_de_Poco": 0, "Shape_Leng": 0.6, "Shape_Area": 0.0225}, "geometry": {"type": "Polygon", "coordinates": [[[-51.349999999999966, -20.249999999999943], [-51.19999999999993, -20.249999999999943], [-51.19999999999993, -20.399999999999977], [-51.349999999999966, -20.399999999999977], [-51.349999999999966, -20.249999999999943]]]}}, {"type": "Feature", "properties": {"No_de_Poco": 0, "Shape_Leng": 0.6, "Shape_Area": 0.0225}, "geometry": {"type": "Polygon", "coordinates": [[[-51.349999999999966, -20.099999999999966], [-51.19999999999993, -20.099999999999966], [-51.19999999999993, -20.249999999999943], [-51.349999999999966, -20.249999999999943], [-51.349999999999966, -20.099999999999966]]]}}, {"type": "Feature", "properties": {"No_de_Poco": 1, "Shape_Leng": 0.6, "Shape_Area": 0.0225}, "geometry": {"type": "Polygon", "coordinates": [[[-51.349999999999966, -19.949999999999932], [-51.19999999999993, -19.949999999999932], [-51.19999999999993, -20.099999999999966], [-51.349999999999966, -20.099999999999966], [-51.349999999999966, -19.949999999999932]]]}}, {"type": "Feature", "properties": {"No_de_Poco": 0, "Shape_Leng": 0.6, "Shape_Area": 0.0225}, "geometry": {"type": "Polygon", "coordinates": [[[-51.349999999999966, -19.799999999999955], [-51.19999999999993, -19.799999999999955], [-51.19999999999993, -19.949999999999932], [-51.349999999999966, -19.949999999999932], [-51.349999999999966, -19.799999999999955]]]}}, {"type": "Feature", "properties": {"No_de_Poco": 0, "Shape_Leng": 0.6, "Shape_Area": 0.0225}, "geometry": {"type": "Polygon", "coordinates": [[[-51.49999999999994, -20.399999999999977], [-51.349999999999966, -20.399999999999977], [-51.349999999999966, -20.549999999999955], [-51.49999999999994, -20.549999999999955], [-51.49999999999994, -20.399999999999977]]]}}, {"type": "Feature", "properties": {"No_de_Poco": 11, "Shape_Leng": 0.6, "Shape_Area": 0.0225}, "geometry": {"type": "Polygon", "coordinates": [[[-51.49999999999994, -20.249999999999943], [-51.349999999999966, -20.249999999999943], [-51.349999999999966, -20.399999999999977], [-51.49999999999994, -20.399999999999977], [-51.49999999999994, -20.249999999999943]]]}}, {"type": "Feature", "properties": {"No_de_Poco": 0, "Shape_Leng": 0.6, "Shape_Area": 0.0225}, "geometry": {"type": "Polygon", "coordinates": [[[-51.49999999999994, -20.099999999999966], [-51.349999999999966, -20.099999999999966], [-51.349999999999966, -20.249999999999943], [-51.49999999999994, -20.249999999999943], [-51.49999999999994, -20.099999999999966]]]}}, {"type": "Feature", "properties": {"No_de_Poco": 0, "Shape_Leng": 0.6, "Shape_Area": 0.0225}, "geometry": {"type": "Polygon", "coordinates": [[[-51.49999999999994, -19.949999999999932], [-51.349999999999966, -19.949999999999932], [-51.349999999999966, -20.099999999999966], [-51.49999999999994, -20.099999999999966], [-51.49999999999994, -19.949999999999932]]]}}, {"type": "Feature", "properties": {"No_de_Poco": 0, "Shape_Leng": 0.6, "Shape_Area": 0.0225}, "geometry": {"type": "Polygon", "coordinates": [[[-51.49999999999994, -19.799999999999955], [-51.349999999999966, -19.799999999999955], [-51.349999999999966, -19.949999999999932], [-51.49999999999994, -19.949999999999932], [-51.49999999999994, -19.799999999999955]]]}}, {"type": "Feature", "properties": {"No_de_Poco": 0, "Shape_Leng": 0.6, "Shape_Area": 0.0225}, "geometry": {"type": "Polygon", "coordinates": [[[-51.64999999999998, -20.849999999999966], [-51.49999999999994, -20.849999999999966], [-51.49999999999994, -20.999999999999943], [-51.64999999999998, -20.999999999999943], [-51.64999999999998, -20.849999999999966]]]}}, {"type": "Feature", "properties": {"No_de_Poco": 2, "Shape_Leng": 0.6, "Shape_Area": 0.0225}, "geometry": {"type": "Polygon", "coordinates": [[[-51.64999999999998, -20.699999999999932], [-51.49999999999994, -20.699999999999932], [-51.49999999999994, -20.849999999999966], [-51.64999999999998, -20.849999999999966], [-51.64999999999998, -20.699999999999932]]]}}, {"type": "Feature", "properties": {"No_de_Poco": 0, "Shape_Leng": 0.6, "Shape_Area": 0.0225}, "geometry": {"type": "Polygon", "coordinates": [[[-51.64999999999998, -20.549999999999955], [-51.49999999999994, -20.549999999999955], [-51.49999999999994, -20.699999999999932], [-51.64999999999998, -20.699999999999932], [-51.64999999999998, -20.549999999999955]]]}}, {"type": "Feature", "properties": {"No_de_Poco": 2, "Shape_Leng": 0.6, "Shape_Area": 0.0225}, "geometry": {"type": "Polygon", "coordinates": [[[-51.64999999999998, -20.399999999999977], [-51.49999999999994, -20.399999999999977], [-51.49999999999994, -20.549999999999955], [-51.64999999999998, -20.549999999999955], [-51.64999999999998, -20.399999999999977]]]}}, {"type": "Feature", "properties": {"No_de_Poco": 0, "Shape_Leng": 0.6, "Shape_Area": 0.0225}, "geometry": {"type": "Polygon", "coordinates": [[[-51.64999999999998, -20.249999999999943], [-51.49999999999994, -20.249999999999943], [-51.49999999999994, -20.399999999999977], [-51.64999999999998, -20.399999999999977], [-51.64999999999998, -20.249999999999943]]]}}, {"type": "Feature", "properties": {"No_de_Poco": 0, "Shape_Leng": 0.6, "Shape_Area": 0.0225}, "geometry": {"type": "Polygon", "coordinates": [[[-51.64999999999998, -20.099999999999966], [-51.49999999999994, -20.099999999999966], [-51.49999999999994, -20.249999999999943], [-51.64999999999998, -20.249999999999943], [-51.64999999999998, -20.099999999999966]]]}}, {"type": "Feature", "properties": {"No_de_Poco": 2, "Shape_Leng": 0.6, "Shape_Area": 0.0225}, "geometry": {"type": "Polygon", "coordinates": [[[-51.64999999999998, -19.949999999999932], [-51.49999999999994, -19.949999999999932], [-51.49999999999994, -20.099999999999966], [-51.64999999999998, -20.099999999999966], [-51.64999999999998, -19.949999999999932]]]}}, {"type": "Feature", "properties": {"No_de_Poco": 0, "Shape_Leng": 0.6, "Shape_Area": 0.0225}, "geometry": {"type": "Polygon", "coordinates": [[[-51.64999999999998, -19.799999999999955], [-51.49999999999994, -19.799999999999955], [-51.49999999999994, -19.949999999999932], [-51.64999999999998, -19.949999999999932], [-51.64999999999998, -19.799999999999955]]]}}, {"type": "Feature", "properties": {"No_de_Poco": 0, "Shape_Leng": 0.6, "Shape_Area": 0.0225}, "geometry": {"type": "Polygon", "coordinates": [[[-51.799999999999955, -20.999999999999943], [-51.64999999999998, -20.999999999999943], [-51.64999999999998, -21.149999999999977], [-51.799999999999955, -21.149999999999977], [-51.799999999999955, -20.999999999999943]]]}}, {"type": "Feature", "properties": {"No_de_Poco": 8, "Shape_Leng": 0.6, "Shape_Area": 0.0225}, "geometry": {"type": "Polygon", "coordinates": [[[-51.799999999999955, -20.849999999999966], [-51.64999999999998, -20.849999999999966], [-51.64999999999998, -20.999999999999943], [-51.799999999999955, -20.999999999999943], [-51.799999999999955, -20.849999999999966]]]}}, {"type": "Feature", "properties": {"No_de_Poco": 70, "Shape_Leng": 0.6, "Shape_Area": 0.0225}, "geometry": {"type": "Polygon", "coordinates": [[[-51.799999999999955, -20.699999999999932], [-51.64999999999998, -20.699999999999932], [-51.64999999999998, -20.849999999999966], [-51.799999999999955, -20.849999999999966], [-51.799999999999955, -20.699999999999932]]]}}, {"type": "Feature", "properties": {"No_de_Poco": 2, "Shape_Leng": 0.6, "Shape_Area": 0.0225}, "geometry": {"type": "Polygon", "coordinates": [[[-51.799999999999955, -20.549999999999955], [-51.64999999999998, -20.549999999999955], [-51.64999999999998, -20.699999999999932], [-51.799999999999955, -20.699999999999932], [-51.799999999999955, -20.549999999999955]]]}}, {"type": "Feature", "properties": {"No_de_Poco": 1, "Shape_Leng": 0.6, "Shape_Area": 0.0225}, "geometry": {"type": "Polygon", "coordinates": [[[-51.799999999999955, -20.399999999999977], [-51.64999999999998, -20.399999999999977], [-51.64999999999998, -20.549999999999955], [-51.799999999999955, -20.549999999999955], [-51.799999999999955, -20.399999999999977]]]}}, {"type": "Feature", "properties": {"No_de_Poco": 0, "Shape_Leng": 0.6, "Shape_Area": 0.0225}, "geometry": {"type": "Polygon", "coordinates": [[[-51.799999999999955, -20.249999999999943], [-51.64999999999998, -20.249999999999943], [-51.64999999999998, -20.399999999999977], [-51.799999999999955, -20.399999999999977], [-51.799999999999955, -20.249999999999943]]]}}, {"type": "Feature", "properties": {"No_de_Poco": 0, "Shape_Leng": 0.6, "Shape_Area": 0.0225}, "geometry": {"type": "Polygon", "coordinates": [[[-51.799999999999955, -20.099999999999966], [-51.64999999999998, -20.099999999999966], [-51.64999999999998, -20.249999999999943], [-51.799999999999955, -20.249999999999943], [-51.799999999999955, -20.099999999999966]]]}}, {"type": "Feature", "properties": {"No_de_Poco": 0, "Shape_Leng": 0.6, "Shape_Area": 0.0225}, "geometry": {"type": "Polygon", "coordinates": [[[-51.799999999999955, -19.949999999999932], [-51.64999999999998, -19.949999999999932], [-51.64999999999998, -20.099999999999966], [-51.799999999999955, -20.099999999999966], [-51.799999999999955, -19.949999999999932]]]}}, {"type": "Feature", "properties": {"No_de_Poco": 0, "Shape_Leng": 0.6, "Shape_Area": 0.0225}, "geometry": {"type": "Polygon", "coordinates": [[[-51.799999999999955, -19.799999999999955], [-51.64999999999998, -19.799999999999955], [-51.64999999999998, -19.949999999999932], [-51.799999999999955, -19.949999999999932], [-51.799999999999955, -19.799999999999955]]]}}, {"type": "Feature", "properties": {"No_de_Poco": 0, "Shape_Leng": 0.6, "Shape_Area": 0.0225}, "geometry": {"type": "Polygon", "coordinates": [[[-51.94999999999993, -21.449999999999932], [-51.799999999999955, -21.449999999999932], [-51.799999999999955, -21.599999999999966], [-51.94999999999993, -21.599999999999966], [-51.94999999999993, -21.449999999999932]]]}}, {"type": "Feature", "properties": {"No_de_Poco": 0, "Shape_Leng": 0.6, "Shape_Area": 0.0225}, "geometry": {"type": "Polygon", "coordinates": [[[-51.94999999999993, -21.299999999999955], [-51.799999999999955, -21.299999999999955], [-51.799999999999955, -21.449999999999932], [-51.94999999999993, -21.449999999999932], [-51.94999999999993, -21.299999999999955]]]}}, {"type": "Feature", "properties": {"No_de_Poco": 0, "Shape_Leng": 0.6, "Shape_Area": 0.0225}, "geometry": {"type": "Polygon", "coordinates": [[[-51.94999999999993, -21.149999999999977], [-51.799999999999955, -21.149999999999977], [-51.799999999999955, -21.299999999999955], [-51.94999999999993, -21.299999999999955], [-51.94999999999993, -21.149999999999977]]]}}, {"type": "Feature", "properties": {"No_de_Poco": 0, "Shape_Leng": 0.6, "Shape_Area": 0.0225}, "geometry": {"type": "Polygon", "coordinates": [[[-51.94999999999993, -20.999999999999943], [-51.799999999999955, -20.999999999999943], [-51.799999999999955, -21.149999999999977], [-51.94999999999993, -21.149999999999977], [-51.94999999999993, -20.999999999999943]]]}}, {"type": "Feature", "properties": {"No_de_Poco": 14, "Shape_Leng": 0.6, "Shape_Area": 0.0225}, "geometry": {"type": "Polygon", "coordinates": [[[-51.94999999999993, -20.849999999999966], [-51.799999999999955, -20.849999999999966], [-51.799999999999955, -20.999999999999943], [-51.94999999999993, -20.999999999999943], [-51.94999999999993, -20.849999999999966]]]}}, {"type": "Feature", "properties": {"No_de_Poco": 0, "Shape_Leng": 0.6, "Shape_Area": 0.0225}, "geometry": {"type": "Polygon", "coordinates": [[[-51.94999999999993, -20.399999999999977], [-51.799999999999955, -20.399999999999977], [-51.799999999999955, -20.549999999999955], [-51.94999999999993, -20.549999999999955], [-51.94999999999993, -20.399999999999977]]]}}, {"type": "Feature", "properties": {"No_de_Poco": 0, "Shape_Leng": 0.6, "Shape_Area": 0.0225}, "geometry": {"type": "Polygon", "coordinates": [[[-51.94999999999993, -20.249999999999943], [-51.799999999999955, -20.249999999999943], [-51.799999999999955, -20.399999999999977], [-51.94999999999993, -20.399999999999977], [-51.94999999999993, -20.249999999999943]]]}}, {"type": "Feature", "properties": {"No_de_Poco": 0, "Shape_Leng": 0.6, "Shape_Area": 0.0225}, "geometry": {"type": "Polygon", "coordinates": [[[-51.94999999999993, -20.099999999999966], [-51.799999999999955, -20.099999999999966], [-51.799999999999955, -20.249999999999943], [-51.94999999999993, -20.249999999999943], [-51.94999999999993, -20.099999999999966]]]}}, {"type": "Feature", "properties": {"No_de_Poco": 0, "Shape_Leng": 0.6, "Shape_Area": 0.0225}, "geometry": {"type": "Polygon", "coordinates": [[[-51.94999999999993, -19.949999999999932], [-51.799999999999955, -19.949999999999932], [-51.799999999999955, -20.099999999999966], [-51.94999999999993, -20.099999999999966], [-51.94999999999993, -19.949999999999932]]]}}, {"type": "Feature", "properties": {"No_de_Poco": 0, "Shape_Leng": 0.6, "Shape_Area": 0.0225}, "geometry": {"type": "Polygon", "coordinates": [[[-51.94999999999993, -19.799999999999955], [-51.799999999999955, -19.799999999999955], [-51.799999999999955, -19.949999999999932], [-51.94999999999993, -19.949999999999932], [-51.94999999999993, -19.799999999999955]]]}}, {"type": "Feature", "properties": {"No_de_Poco": 0, "Shape_Leng": 0.6, "Shape_Area": 0.0225}, "geometry": {"type": "Polygon", "coordinates": [[[-52.099999999999966, -21.599999999999966], [-51.94999999999993, -21.599999999999966], [-51.94999999999993, -21.749999999999943], [-52.099999999999966, -21.749999999999943], [-52.099999999999966, -21.599999999999966]]]}}, {"type": "Feature", "properties": {"No_de_Poco": 0, "Shape_Leng": 0.6, "Shape_Area": 0.0225}, "geometry": {"type": "Polygon", "coordinates": [[[-52.099999999999966, -21.449999999999932], [-51.94999999999993, -21.449999999999932], [-51.94999999999993, -21.599999999999966], [-52.099999999999966, -21.599999999999966], [-52.099999999999966, -21.449999999999932]]]}}, {"type": "Feature", "properties": {"No_de_Poco": 0, "Shape_Leng": 0.6, "Shape_Area": 0.0225}, "geometry": {"type": "Polygon", "coordinates": [[[-52.099999999999966, -21.299999999999955], [-51.94999999999993, -21.299999999999955], [-51.94999999999993, -21.449999999999932], [-52.099999999999966, -21.449999999999932], [-52.099999999999966, -21.299999999999955]]]}}, {"type": "Feature", "properties": {"No_de_Poco": 14, "Shape_Leng": 0.6, "Shape_Area": 0.0225}, "geometry": {"type": "Polygon", "coordinates": [[[-52.099999999999966, -21.149999999999977], [-51.94999999999993, -21.149999999999977], [-51.94999999999993, -21.299999999999955], [-52.099999999999966, -21.299999999999955], [-52.099999999999966, -21.149999999999977]]]}}, {"type": "Feature", "properties": {"No_de_Poco": 0, "Shape_Leng": 0.6, "Shape_Area": 0.0225}, "geometry": {"type": "Polygon", "coordinates": [[[-52.099999999999966, -20.999999999999943], [-51.94999999999993, -20.999999999999943], [-51.94999999999993, -21.149999999999977], [-52.099999999999966, -21.149999999999977], [-52.099999999999966, -20.999999999999943]]]}}, {"type": "Feature", "properties": {"No_de_Poco": 0, "Shape_Leng": 0.6, "Shape_Area": 0.0225}, "geometry": {"type": "Polygon", "coordinates": [[[-52.099999999999966, -20.849999999999966], [-51.94999999999993, -20.849999999999966], [-51.94999999999993, -20.999999999999943], [-52.099999999999966, -20.999999999999943], [-52.099999999999966, -20.849999999999966]]]}}, {"type": "Feature", "properties": {"No_de_Poco": 3, "Shape_Leng": 0.6, "Shape_Area": 0.0225}, "geometry": {"type": "Polygon", "coordinates": [[[-52.099999999999966, -20.699999999999932], [-51.94999999999993, -20.699999999999932], [-51.94999999999993, -20.849999999999966], [-52.099999999999966, -20.849999999999966], [-52.099999999999966, -20.699999999999932]]]}}, {"type": "Feature", "properties": {"No_de_Poco": 0, "Shape_Leng": 0.6, "Shape_Area": 0.0225}, "geometry": {"type": "Polygon", "coordinates": [[[-52.099999999999966, -20.549999999999955], [-51.94999999999993, -20.549999999999955], [-51.94999999999993, -20.699999999999932], [-52.099999999999966, -20.699999999999932], [-52.099999999999966, -20.549999999999955]]]}}, {"type": "Feature", "properties": {"No_de_Poco": 0, "Shape_Leng": 0.6, "Shape_Area": 0.0225}, "geometry": {"type": "Polygon", "coordinates": [[[-52.099999999999966, -20.399999999999977], [-51.94999999999993, -20.399999999999977], [-51.94999999999993, -20.549999999999955], [-52.099999999999966, -20.549999999999955], [-52.099999999999966, -20.399999999999977]]]}}, {"type": "Feature", "properties": {"No_de_Poco": 0, "Shape_Leng": 0.6, "Shape_Area": 0.0225}, "geometry": {"type": "Polygon", "coordinates": [[[-52.099999999999966, -20.249999999999943], [-51.94999999999993, -20.249999999999943], [-51.94999999999993, -20.399999999999977], [-52.099999999999966, -20.399999999999977], [-52.099999999999966, -20.249999999999943]]]}}, {"type": "Feature", "properties": {"No_de_Poco": 0, "Shape_Leng": 0.6, "Shape_Area": 0.0225}, "geometry": {"type": "Polygon", "coordinates": [[[-52.099999999999966, -20.099999999999966], [-51.94999999999993, -20.099999999999966], [-51.94999999999993, -20.249999999999943], [-52.099999999999966, -20.249999999999943], [-52.099999999999966, -20.099999999999966]]]}}, {"type": "Feature", "properties": {"No_de_Poco": 0, "Shape_Leng": 0.6, "Shape_Area": 0.0225}, "geometry": {"type": "Polygon", "coordinates": [[[-52.099999999999966, -19.949999999999932], [-51.94999999999993, -19.949999999999932], [-51.94999999999993, -20.099999999999966], [-52.099999999999966, -20.099999999999966], [-52.099999999999966, -19.949999999999932]]]}}, {"type": "Feature", "properties": {"No_de_Poco": 0, "Shape_Leng": 0.6, "Shape_Area": 0.0225}, "geometry": {"type": "Polygon", "coordinates": [[[-52.099999999999966, -19.799999999999955], [-51.94999999999993, -19.799999999999955], [-51.94999999999993, -19.949999999999932], [-52.099999999999966, -19.949999999999932], [-52.099999999999966, -19.799999999999955]]]}}, {"type": "Feature", "properties": {"No_de_Poco": 0, "Shape_Leng": 0.6, "Shape_Area": 0.0225}, "geometry": {"type": "Polygon", "coordinates": [[[-52.24999999999994, -21.899999999999977], [-52.099999999999966, -21.899999999999977], [-52.099999999999966, -22.049999999999955], [-52.24999999999994, -22.049999999999955], [-52.24999999999994, -21.899999999999977]]]}}, {"type": "Feature", "properties": {"No_de_Poco": 0, "Shape_Leng": 0.6, "Shape_Area": 0.0225}, "geometry": {"type": "Polygon", "coordinates": [[[-52.24999999999994, -21.749999999999943], [-52.099999999999966, -21.749999999999943], [-52.099999999999966, -21.899999999999977], [-52.24999999999994, -21.899999999999977], [-52.24999999999994, -21.749999999999943]]]}}, {"type": "Feature", "properties": {"No_de_Poco": 0, "Shape_Leng": 0.6, "Shape_Area": 0.0225}, "geometry": {"type": "Polygon", "coordinates": [[[-52.24999999999994, -21.599999999999966], [-52.099999999999966, -21.599999999999966], [-52.099999999999966, -21.749999999999943], [-52.24999999999994, -21.749999999999943], [-52.24999999999994, -21.599999999999966]]]}}, {"type": "Feature", "properties": {"No_de_Poco": 0, "Shape_Leng": 0.6, "Shape_Area": 0.0225}, "geometry": {"type": "Polygon", "coordinates": [[[-52.24999999999994, -21.449999999999932], [-52.099999999999966, -21.449999999999932], [-52.099999999999966, -21.599999999999966], [-52.24999999999994, -21.599999999999966], [-52.24999999999994, -21.449999999999932]]]}}, {"type": "Feature", "properties": {"No_de_Poco": 0, "Shape_Leng": 0.6, "Shape_Area": 0.0225}, "geometry": {"type": "Polygon", "coordinates": [[[-52.24999999999994, -21.299999999999955], [-52.099999999999966, -21.299999999999955], [-52.099999999999966, -21.449999999999932], [-52.24999999999994, -21.449999999999932], [-52.24999999999994, -21.299999999999955]]]}}, {"type": "Feature", "properties": {"No_de_Poco": 0, "Shape_Leng": 0.6, "Shape_Area": 0.0225}, "geometry": {"type": "Polygon", "coordinates": [[[-52.24999999999994, -21.149999999999977], [-52.099999999999966, -21.149999999999977], [-52.099999999999966, -21.299999999999955], [-52.24999999999994, -21.299999999999955], [-52.24999999999994, -21.149999999999977]]]}}, {"type": "Feature", "properties": {"No_de_Poco": 0, "Shape_Leng": 0.6, "Shape_Area": 0.0225}, "geometry": {"type": "Polygon", "coordinates": [[[-52.24999999999994, -20.999999999999943], [-52.099999999999966, -20.999999999999943], [-52.099999999999966, -21.149999999999977], [-52.24999999999994, -21.149999999999977], [-52.24999999999994, -20.999999999999943]]]}}, {"type": "Feature", "properties": {"No_de_Poco": 0, "Shape_Leng": 0.6, "Shape_Area": 0.0225}, "geometry": {"type": "Polygon", "coordinates": [[[-52.24999999999994, -20.849999999999966], [-52.099999999999966, -20.849999999999966], [-52.099999999999966, -20.999999999999943], [-52.24999999999994, -20.999999999999943], [-52.24999999999994, -20.849999999999966]]]}}, {"type": "Feature", "properties": {"No_de_Poco": 0, "Shape_Leng": 0.6, "Shape_Area": 0.0225}, "geometry": {"type": "Polygon", "coordinates": [[[-52.24999999999994, -20.699999999999932], [-52.099999999999966, -20.699999999999932], [-52.099999999999966, -20.849999999999966], [-52.24999999999994, -20.849999999999966], [-52.24999999999994, -20.699999999999932]]]}}, {"type": "Feature", "properties": {"No_de_Poco": 0, "Shape_Leng": 0.6, "Shape_Area": 0.0225}, "geometry": {"type": "Polygon", "coordinates": [[[-52.24999999999994, -20.399999999999977], [-52.099999999999966, -20.399999999999977], [-52.099999999999966, -20.549999999999955], [-52.24999999999994, -20.549999999999955], [-52.24999999999994, -20.399999999999977]]]}}, {"type": "Feature", "properties": {"No_de_Poco": 0, "Shape_Leng": 0.6, "Shape_Area": 0.0225}, "geometry": {"type": "Polygon", "coordinates": [[[-52.24999999999994, -20.249999999999943], [-52.099999999999966, -20.249999999999943], [-52.099999999999966, -20.399999999999977], [-52.24999999999994, -20.399999999999977], [-52.24999999999994, -20.249999999999943]]]}}, {"type": "Feature", "properties": {"No_de_Poco": 0, "Shape_Leng": 0.6, "Shape_Area": 0.0225}, "geometry": {"type": "Polygon", "coordinates": [[[-52.24999999999994, -20.099999999999966], [-52.099999999999966, -20.099999999999966], [-52.099999999999966, -20.249999999999943], [-52.24999999999994, -20.249999999999943], [-52.24999999999994, -20.099999999999966]]]}}, {"type": "Feature", "properties": {"No_de_Poco": 0, "Shape_Leng": 0.6, "Shape_Area": 0.0225}, "geometry": {"type": "Polygon", "coordinates": [[[-52.24999999999994, -19.949999999999932], [-52.099999999999966, -19.949999999999932], [-52.099999999999966, -20.099999999999966], [-52.24999999999994, -20.099999999999966], [-52.24999999999994, -19.949999999999932]]]}}, {"type": "Feature", "properties": {"No_de_Poco": 0, "Shape_Leng": 0.6, "Shape_Area": 0.0225}, "geometry": {"type": "Polygon", "coordinates": [[[-52.24999999999994, -19.799999999999955], [-52.099999999999966, -19.799999999999955], [-52.099999999999966, -19.949999999999932], [-52.24999999999994, -19.949999999999932], [-52.24999999999994, -19.799999999999955]]]}}, {"type": "Feature", "properties": {"No_de_Poco": 0, "Shape_Leng": 0.6, "Shape_Area": 0.0225}, "geometry": {"type": "Polygon", "coordinates": [[[-52.39999999999998, -22.049999999999955], [-52.24999999999994, -22.049999999999955], [-52.24999999999994, -22.199999999999932], [-52.39999999999998, -22.199999999999932], [-52.39999999999998, -22.049999999999955]]]}}, {"type": "Feature", "properties": {"No_de_Poco": 0, "Shape_Leng": 0.6, "Shape_Area": 0.0225}, "geometry": {"type": "Polygon", "coordinates": [[[-52.39999999999998, -21.899999999999977], [-52.24999999999994, -21.899999999999977], [-52.24999999999994, -22.049999999999955], [-52.39999999999998, -22.049999999999955], [-52.39999999999998, -21.899999999999977]]]}}, {"type": "Feature", "properties": {"No_de_Poco": 0, "Shape_Leng": 0.6, "Shape_Area": 0.0225}, "geometry": {"type": "Polygon", "coordinates": [[[-52.39999999999998, -21.749999999999943], [-52.24999999999994, -21.749999999999943], [-52.24999999999994, -21.899999999999977], [-52.39999999999998, -21.899999999999977], [-52.39999999999998, -21.749999999999943]]]}}, {"type": "Feature", "properties": {"No_de_Poco": 10, "Shape_Leng": 0.6, "Shape_Area": 0.0225}, "geometry": {"type": "Polygon", "coordinates": [[[-52.39999999999998, -21.599999999999966], [-52.24999999999994, -21.599999999999966], [-52.24999999999994, -21.749999999999943], [-52.39999999999998, -21.749999999999943], [-52.39999999999998, -21.599999999999966]]]}}, {"type": "Feature", "properties": {"No_de_Poco": 0, "Shape_Leng": 0.6, "Shape_Area": 0.0225}, "geometry": {"type": "Polygon", "coordinates": [[[-52.39999999999998, -21.449999999999932], [-52.24999999999994, -21.449999999999932], [-52.24999999999994, -21.599999999999966], [-52.39999999999998, -21.599999999999966], [-52.39999999999998, -21.449999999999932]]]}}, {"type": "Feature", "properties": {"No_de_Poco": 0, "Shape_Leng": 0.6, "Shape_Area": 0.0225}, "geometry": {"type": "Polygon", "coordinates": [[[-52.39999999999998, -21.299999999999955], [-52.24999999999994, -21.299999999999955], [-52.24999999999994, -21.449999999999932], [-52.39999999999998, -21.449999999999932], [-52.39999999999998, -21.299999999999955]]]}}, {"type": "Feature", "properties": {"No_de_Poco": 0, "Shape_Leng": 0.6, "Shape_Area": 0.0225}, "geometry": {"type": "Polygon", "coordinates": [[[-52.39999999999998, -21.149999999999977], [-52.24999999999994, -21.149999999999977], [-52.24999999999994, -21.299999999999955], [-52.39999999999998, -21.299999999999955], [-52.39999999999998, -21.149999999999977]]]}}, {"type": "Feature", "properties": {"No_de_Poco": 0, "Shape_Leng": 0.6, "Shape_Area": 0.0225}, "geometry": {"type": "Polygon", "coordinates": [[[-52.39999999999998, -20.999999999999943], [-52.24999999999994, -20.999999999999943], [-52.24999999999994, -21.149999999999977], [-52.39999999999998, -21.149999999999977], [-52.39999999999998, -20.999999999999943]]]}}, {"type": "Feature", "properties": {"No_de_Poco": 1, "Shape_Leng": 0.6, "Shape_Area": 0.0225}, "geometry": {"type": "Polygon", "coordinates": [[[-52.39999999999998, -20.849999999999966], [-52.24999999999994, -20.849999999999966], [-52.24999999999994, -20.999999999999943], [-52.39999999999998, -20.999999999999943], [-52.39999999999998, -20.849999999999966]]]}}, {"type": "Feature", "properties": {"No_de_Poco": 0, "Shape_Leng": 0.6, "Shape_Area": 0.0225}, "geometry": {"type": "Polygon", "coordinates": [[[-52.39999999999998, -20.699999999999932], [-52.24999999999994, -20.699999999999932], [-52.24999999999994, -20.849999999999966], [-52.39999999999998, -20.849999999999966], [-52.39999999999998, -20.699999999999932]]]}}, {"type": "Feature", "properties": {"No_de_Poco": 0, "Shape_Leng": 0.6, "Shape_Area": 0.0225}, "geometry": {"type": "Polygon", "coordinates": [[[-52.39999999999998, -20.549999999999955], [-52.24999999999994, -20.549999999999955], [-52.24999999999994, -20.699999999999932], [-52.39999999999998, -20.699999999999932], [-52.39999999999998, -20.549999999999955]]]}}, {"type": "Feature", "properties": {"No_de_Poco": 0, "Shape_Leng": 0.6, "Shape_Area": 0.0225}, "geometry": {"type": "Polygon", "coordinates": [[[-52.39999999999998, -20.399999999999977], [-52.24999999999994, -20.399999999999977], [-52.24999999999994, -20.549999999999955], [-52.39999999999998, -20.549999999999955], [-52.39999999999998, -20.399999999999977]]]}}, {"type": "Feature", "properties": {"No_de_Poco": 0, "Shape_Leng": 0.6, "Shape_Area": 0.0225}, "geometry": {"type": "Polygon", "coordinates": [[[-52.39999999999998, -20.249999999999943], [-52.24999999999994, -20.249999999999943], [-52.24999999999994, -20.399999999999977], [-52.39999999999998, -20.399999999999977], [-52.39999999999998, -20.249999999999943]]]}}, {"type": "Feature", "properties": {"No_de_Poco": 0, "Shape_Leng": 0.6, "Shape_Area": 0.0225}, "geometry": {"type": "Polygon", "coordinates": [[[-52.39999999999998, -20.099999999999966], [-52.24999999999994, -20.099999999999966], [-52.24999999999994, -20.249999999999943], [-52.39999999999998, -20.249999999999943], [-52.39999999999998, -20.099999999999966]]]}}, {"type": "Feature", "properties": {"No_de_Poco": 1, "Shape_Leng": 0.6, "Shape_Area": 0.0225}, "geometry": {"type": "Polygon", "coordinates": [[[-52.39999999999998, -19.949999999999932], [-52.24999999999994, -19.949999999999932], [-52.24999999999994, -20.099999999999966], [-52.39999999999998, -20.099999999999966], [-52.39999999999998, -19.949999999999932]]]}}, {"type": "Feature", "properties": {"No_de_Poco": 0, "Shape_Leng": 0.6, "Shape_Area": 0.0225}, "geometry": {"type": "Polygon", "coordinates": [[[-52.39999999999998, -19.799999999999955], [-52.24999999999994, -19.799999999999955], [-52.24999999999994, -19.949999999999932], [-52.39999999999998, -19.949999999999932], [-52.39999999999998, -19.799999999999955]]]}}, {"type": "Feature", "properties": {"No_de_Poco": 0, "Shape_Leng": 0.6, "Shape_Area": 0.0225}, "geometry": {"type": "Polygon", "coordinates": [[[-52.549999999999955, -22.199999999999932], [-52.39999999999998, -22.199999999999932], [-52.39999999999998, -22.349999999999966], [-52.549999999999955, -22.349999999999966], [-52.549999999999955, -22.199999999999932]]]}}, {"type": "Feature", "properties": {"No_de_Poco": 0, "Shape_Leng": 0.6, "Shape_Area": 0.0225}, "geometry": {"type": "Polygon", "coordinates": [[[-52.549999999999955, -22.049999999999955], [-52.39999999999998, -22.049999999999955], [-52.39999999999998, -22.199999999999932], [-52.549999999999955, -22.199999999999932], [-52.549999999999955, -22.049999999999955]]]}}, {"type": "Feature", "properties": {"No_de_Poco": 1, "Shape_Leng": 0.6, "Shape_Area": 0.0225}, "geometry": {"type": "Polygon", "coordinates": [[[-52.549999999999955, -21.899999999999977], [-52.39999999999998, -21.899999999999977], [-52.39999999999998, -22.049999999999955], [-52.549999999999955, -22.049999999999955], [-52.549999999999955, -21.899999999999977]]]}}, {"type": "Feature", "properties": {"No_de_Poco": 1, "Shape_Leng": 0.6, "Shape_Area": 0.0225}, "geometry": {"type": "Polygon", "coordinates": [[[-52.549999999999955, -21.749999999999943], [-52.39999999999998, -21.749999999999943], [-52.39999999999998, -21.899999999999977], [-52.549999999999955, -21.899999999999977], [-52.549999999999955, -21.749999999999943]]]}}, {"type": "Feature", "properties": {"No_de_Poco": 25, "Shape_Leng": 0.6, "Shape_Area": 0.0225}, "geometry": {"type": "Polygon", "coordinates": [[[-52.549999999999955, -21.599999999999966], [-52.39999999999998, -21.599999999999966], [-52.39999999999998, -21.749999999999943], [-52.549999999999955, -21.749999999999943], [-52.549999999999955, -21.599999999999966]]]}}, {"type": "Feature", "properties": {"No_de_Poco": 0, "Shape_Leng": 0.6, "Shape_Area": 0.0225}, "geometry": {"type": "Polygon", "coordinates": [[[-52.549999999999955, -21.449999999999932], [-52.39999999999998, -21.449999999999932], [-52.39999999999998, -21.599999999999966], [-52.549999999999955, -21.599999999999966], [-52.549999999999955, -21.449999999999932]]]}}, {"type": "Feature", "properties": {"No_de_Poco": 0, "Shape_Leng": 0.6, "Shape_Area": 0.0225}, "geometry": {"type": "Polygon", "coordinates": [[[-52.549999999999955, -21.299999999999955], [-52.39999999999998, -21.299999999999955], [-52.39999999999998, -21.449999999999932], [-52.549999999999955, -21.449999999999932], [-52.549999999999955, -21.299999999999955]]]}}, {"type": "Feature", "properties": {"No_de_Poco": 1, "Shape_Leng": 0.6, "Shape_Area": 0.0225}, "geometry": {"type": "Polygon", "coordinates": [[[-52.549999999999955, -21.149999999999977], [-52.39999999999998, -21.149999999999977], [-52.39999999999998, -21.299999999999955], [-52.549999999999955, -21.299999999999955], [-52.549999999999955, -21.149999999999977]]]}}, {"type": "Feature", "properties": {"No_de_Poco": 1, "Shape_Leng": 0.6, "Shape_Area": 0.0225}, "geometry": {"type": "Polygon", "coordinates": [[[-52.549999999999955, -20.999999999999943], [-52.39999999999998, -20.999999999999943], [-52.39999999999998, -21.149999999999977], [-52.549999999999955, -21.149999999999977], [-52.549999999999955, -20.999999999999943]]]}}, {"type": "Feature", "properties": {"No_de_Poco": 0, "Shape_Leng": 0.6, "Shape_Area": 0.0225}, "geometry": {"type": "Polygon", "coordinates": [[[-52.549999999999955, -20.849999999999966], [-52.39999999999998, -20.849999999999966], [-52.39999999999998, -20.999999999999943], [-52.549999999999955, -20.999999999999943], [-52.549999999999955, -20.849999999999966]]]}}, {"type": "Feature", "properties": {"No_de_Poco": 0, "Shape_Leng": 0.6, "Shape_Area": 0.0225}, "geometry": {"type": "Polygon", "coordinates": [[[-52.549999999999955, -20.699999999999932], [-52.39999999999998, -20.699999999999932], [-52.39999999999998, -20.849999999999966], [-52.549999999999955, -20.849999999999966], [-52.549999999999955, -20.699999999999932]]]}}, {"type": "Feature", "properties": {"No_de_Poco": 0, "Shape_Leng": 0.6, "Shape_Area": 0.0225}, "geometry": {"type": "Polygon", "coordinates": [[[-52.549999999999955, -20.549999999999955], [-52.39999999999998, -20.549999999999955], [-52.39999999999998, -20.699999999999932], [-52.549999999999955, -20.699999999999932], [-52.549999999999955, -20.549999999999955]]]}}, {"type": "Feature", "properties": {"No_de_Poco": 0, "Shape_Leng": 0.6, "Shape_Area": 0.0225}, "geometry": {"type": "Polygon", "coordinates": [[[-52.549999999999955, -20.399999999999977], [-52.39999999999998, -20.399999999999977], [-52.39999999999998, -20.549999999999955], [-52.549999999999955, -20.549999999999955], [-52.549999999999955, -20.399999999999977]]]}}, {"type": "Feature", "properties": {"No_de_Poco": 1, "Shape_Leng": 0.6, "Shape_Area": 0.0225}, "geometry": {"type": "Polygon", "coordinates": [[[-52.549999999999955, -20.249999999999943], [-52.39999999999998, -20.249999999999943], [-52.39999999999998, -20.399999999999977], [-52.549999999999955, -20.399999999999977], [-52.549999999999955, -20.249999999999943]]]}}, {"type": "Feature", "properties": {"No_de_Poco": 0, "Shape_Leng": 0.6, "Shape_Area": 0.0225}, "geometry": {"type": "Polygon", "coordinates": [[[-52.549999999999955, -20.099999999999966], [-52.39999999999998, -20.099999999999966], [-52.39999999999998, -20.249999999999943], [-52.549999999999955, -20.249999999999943], [-52.549999999999955, -20.099999999999966]]]}}, {"type": "Feature", "properties": {"No_de_Poco": 0, "Shape_Leng": 0.6, "Shape_Area": 0.0225}, "geometry": {"type": "Polygon", "coordinates": [[[-52.549999999999955, -19.949999999999932], [-52.39999999999998, -19.949999999999932], [-52.39999999999998, -20.099999999999966], [-52.549999999999955, -20.099999999999966], [-52.549999999999955, -19.949999999999932]]]}}, {"type": "Feature", "properties": {"No_de_Poco": 0, "Shape_Leng": 0.6, "Shape_Area": 0.0225}, "geometry": {"type": "Polygon", "coordinates": [[[-52.549999999999955, -19.799999999999955], [-52.39999999999998, -19.799999999999955], [-52.39999999999998, -19.949999999999932], [-52.549999999999955, -19.949999999999932], [-52.549999999999955, -19.799999999999955]]]}}, {"type": "Feature", "properties": {"No_de_Poco": 0, "Shape_Leng": 0.6, "Shape_Area": 0.0225}, "geometry": {"type": "Polygon", "coordinates": [[[-52.69999999999993, -22.199999999999932], [-52.549999999999955, -22.199999999999932], [-52.549999999999955, -22.349999999999966], [-52.69999999999993, -22.349999999999966], [-52.69999999999993, -22.199999999999932]]]}}, {"type": "Feature", "properties": {"No_de_Poco": 2, "Shape_Leng": 0.6, "Shape_Area": 0.0225}, "geometry": {"type": "Polygon", "coordinates": [[[-52.69999999999993, -22.049999999999955], [-52.549999999999955, -22.049999999999955], [-52.549999999999955, -22.199999999999932], [-52.69999999999993, -22.199999999999932], [-52.69999999999993, -22.049999999999955]]]}}, {"type": "Feature", "properties": {"No_de_Poco": 0, "Shape_Leng": 0.6, "Shape_Area": 0.0225}, "geometry": {"type": "Polygon", "coordinates": [[[-52.69999999999993, -21.899999999999977], [-52.549999999999955, -21.899999999999977], [-52.549999999999955, -22.049999999999955], [-52.69999999999993, -22.049999999999955], [-52.69999999999993, -21.899999999999977]]]}}, {"type": "Feature", "properties": {"No_de_Poco": 2, "Shape_Leng": 0.6, "Shape_Area": 0.0225}, "geometry": {"type": "Polygon", "coordinates": [[[-52.69999999999993, -21.749999999999943], [-52.549999999999955, -21.749999999999943], [-52.549999999999955, -21.899999999999977], [-52.69999999999993, -21.899999999999977], [-52.69999999999993, -21.749999999999943]]]}}, {"type": "Feature", "properties": {"No_de_Poco": 0, "Shape_Leng": 0.6, "Shape_Area": 0.0225}, "geometry": {"type": "Polygon", "coordinates": [[[-52.69999999999993, -21.599999999999966], [-52.549999999999955, -21.599999999999966], [-52.549999999999955, -21.749999999999943], [-52.69999999999993, -21.749999999999943], [-52.69999999999993, -21.599999999999966]]]}}, {"type": "Feature", "properties": {"No_de_Poco": 0, "Shape_Leng": 0.6, "Shape_Area": 0.0225}, "geometry": {"type": "Polygon", "coordinates": [[[-52.69999999999993, -21.449999999999932], [-52.549999999999955, -21.449999999999932], [-52.549999999999955, -21.599999999999966], [-52.69999999999993, -21.599999999999966], [-52.69999999999993, -21.449999999999932]]]}}, {"type": "Feature", "properties": {"No_de_Poco": 0, "Shape_Leng": 0.6, "Shape_Area": 0.0225}, "geometry": {"type": "Polygon", "coordinates": [[[-52.69999999999993, -21.299999999999955], [-52.549999999999955, -21.299999999999955], [-52.549999999999955, -21.449999999999932], [-52.69999999999993, -21.449999999999932], [-52.69999999999993, -21.299999999999955]]]}}, {"type": "Feature", "properties": {"No_de_Poco": 0, "Shape_Leng": 0.6, "Shape_Area": 0.0225}, "geometry": {"type": "Polygon", "coordinates": [[[-52.69999999999993, -21.149999999999977], [-52.549999999999955, -21.149999999999977], [-52.549999999999955, -21.299999999999955], [-52.69999999999993, -21.299999999999955], [-52.69999999999993, -21.149999999999977]]]}}, {"type": "Feature", "properties": {"No_de_Poco": 0, "Shape_Leng": 0.6, "Shape_Area": 0.0225}, "geometry": {"type": "Polygon", "coordinates": [[[-52.69999999999993, -20.999999999999943], [-52.549999999999955, -20.999999999999943], [-52.549999999999955, -21.149999999999977], [-52.69999999999993, -21.149999999999977], [-52.69999999999993, -20.999999999999943]]]}}, {"type": "Feature", "properties": {"No_de_Poco": 0, "Shape_Leng": 0.6, "Shape_Area": 0.0225}, "geometry": {"type": "Polygon", "coordinates": [[[-52.69999999999993, -20.849999999999966], [-52.549999999999955, -20.849999999999966], [-52.549999999999955, -20.999999999999943], [-52.69999999999993, -20.999999999999943], [-52.69999999999993, -20.849999999999966]]]}}, {"type": "Feature", "properties": {"No_de_Poco": 0, "Shape_Leng": 0.6, "Shape_Area": 0.0225}, "geometry": {"type": "Polygon", "coordinates": [[[-52.69999999999993, -20.699999999999932], [-52.549999999999955, -20.699999999999932], [-52.549999999999955, -20.849999999999966], [-52.69999999999993, -20.849999999999966], [-52.69999999999993, -20.699999999999932]]]}}, {"type": "Feature", "properties": {"No_de_Poco": 0, "Shape_Leng": 0.6, "Shape_Area": 0.0225}, "geometry": {"type": "Polygon", "coordinates": [[[-52.69999999999993, -20.549999999999955], [-52.549999999999955, -20.549999999999955], [-52.549999999999955, -20.699999999999932], [-52.69999999999993, -20.699999999999932], [-52.69999999999993, -20.549999999999955]]]}}, {"type": "Feature", "properties": {"No_de_Poco": 0, "Shape_Leng": 0.6, "Shape_Area": 0.0225}, "geometry": {"type": "Polygon", "coordinates": [[[-52.69999999999993, -20.399999999999977], [-52.549999999999955, -20.399999999999977], [-52.549999999999955, -20.549999999999955], [-52.69999999999993, -20.549999999999955], [-52.69999999999993, -20.399999999999977]]]}}, {"type": "Feature", "properties": {"No_de_Poco": 0, "Shape_Leng": 0.6, "Shape_Area": 0.0225}, "geometry": {"type": "Polygon", "coordinates": [[[-52.69999999999993, -20.249999999999943], [-52.549999999999955, -20.249999999999943], [-52.549999999999955, -20.399999999999977], [-52.69999999999993, -20.399999999999977], [-52.69999999999993, -20.249999999999943]]]}}, {"type": "Feature", "properties": {"No_de_Poco": 0, "Shape_Leng": 0.6, "Shape_Area": 0.0225}, "geometry": {"type": "Polygon", "coordinates": [[[-52.69999999999993, -20.099999999999966], [-52.549999999999955, -20.099999999999966], [-52.549999999999955, -20.249999999999943], [-52.69999999999993, -20.249999999999943], [-52.69999999999993, -20.099999999999966]]]}}, {"type": "Feature", "properties": {"No_de_Poco": 0, "Shape_Leng": 0.6, "Shape_Area": 0.0225}, "geometry": {"type": "Polygon", "coordinates": [[[-52.69999999999993, -19.949999999999932], [-52.549999999999955, -19.949999999999932], [-52.549999999999955, -20.099999999999966], [-52.69999999999993, -20.099999999999966], [-52.69999999999993, -19.949999999999932]]]}}, {"type": "Feature", "properties": {"No_de_Poco": 0, "Shape_Leng": 0.6, "Shape_Area": 0.0225}, "geometry": {"type": "Polygon", "coordinates": [[[-52.69999999999993, -19.799999999999955], [-52.549999999999955, -19.799999999999955], [-52.549999999999955, -19.949999999999932], [-52.69999999999993, -19.949999999999932], [-52.69999999999993, -19.799999999999955]]]}}, {"type": "Feature", "properties": {"No_de_Poco": 0, "Shape_Leng": 0.6, "Shape_Area": 0.0225}, "geometry": {"type": "Polygon", "coordinates": [[[-52.849999999999966, -22.349999999999966], [-52.69999999999993, -22.349999999999966], [-52.69999999999993, -22.499999999999943], [-52.849999999999966, -22.499999999999943], [-52.849999999999966, -22.349999999999966]]]}}, {"type": "Feature", "properties": {"No_de_Poco": 0, "Shape_Leng": 0.6, "Shape_Area": 0.0225}, "geometry": {"type": "Polygon", "coordinates": [[[-52.849999999999966, -22.199999999999932], [-52.69999999999993, -22.199999999999932], [-52.69999999999993, -22.349999999999966], [-52.849999999999966, -22.349999999999966], [-52.849999999999966, -22.199999999999932]]]}}, {"type": "Feature", "properties": {"No_de_Poco": 10, "Shape_Leng": 0.6, "Shape_Area": 0.0225}, "geometry": {"type": "Polygon", "coordinates": [[[-52.849999999999966, -22.049999999999955], [-52.69999999999993, -22.049999999999955], [-52.69999999999993, -22.199999999999932], [-52.849999999999966, -22.199999999999932], [-52.849999999999966, -22.049999999999955]]]}}, {"type": "Feature", "properties": {"No_de_Poco": 0, "Shape_Leng": 0.6, "Shape_Area": 0.0225}, "geometry": {"type": "Polygon", "coordinates": [[[-52.849999999999966, -21.899999999999977], [-52.69999999999993, -21.899999999999977], [-52.69999999999993, -22.049999999999955], [-52.849999999999966, -22.049999999999955], [-52.849999999999966, -21.899999999999977]]]}}, {"type": "Feature", "properties": {"No_de_Poco": 1, "Shape_Leng": 0.6, "Shape_Area": 0.0225}, "geometry": {"type": "Polygon", "coordinates": [[[-52.849999999999966, -21.749999999999943], [-52.69999999999993, -21.749999999999943], [-52.69999999999993, -21.899999999999977], [-52.849999999999966, -21.899999999999977], [-52.849999999999966, -21.749999999999943]]]}}, {"type": "Feature", "properties": {"No_de_Poco": 2, "Shape_Leng": 0.6, "Shape_Area": 0.0225}, "geometry": {"type": "Polygon", "coordinates": [[[-52.849999999999966, -21.599999999999966], [-52.69999999999993, -21.599999999999966], [-52.69999999999993, -21.749999999999943], [-52.849999999999966, -21.749999999999943], [-52.849999999999966, -21.599999999999966]]]}}, {"type": "Feature", "properties": {"No_de_Poco": 0, "Shape_Leng": 0.6, "Shape_Area": 0.0225}, "geometry": {"type": "Polygon", "coordinates": [[[-52.849999999999966, -21.449999999999932], [-52.69999999999993, -21.449999999999932], [-52.69999999999993, -21.599999999999966], [-52.849999999999966, -21.599999999999966], [-52.849999999999966, -21.449999999999932]]]}}, {"type": "Feature", "properties": {"No_de_Poco": 8, "Shape_Leng": 0.6, "Shape_Area": 0.0225}, "geometry": {"type": "Polygon", "coordinates": [[[-52.849999999999966, -21.299999999999955], [-52.69999999999993, -21.299999999999955], [-52.69999999999993, -21.449999999999932], [-52.849999999999966, -21.449999999999932], [-52.849999999999966, -21.299999999999955]]]}}, {"type": "Feature", "properties": {"No_de_Poco": 2, "Shape_Leng": 0.6, "Shape_Area": 0.0225}, "geometry": {"type": "Polygon", "coordinates": [[[-52.849999999999966, -21.149999999999977], [-52.69999999999993, -21.149999999999977], [-52.69999999999993, -21.299999999999955], [-52.849999999999966, -21.299999999999955], [-52.849999999999966, -21.149999999999977]]]}}, {"type": "Feature", "properties": {"No_de_Poco": 0, "Shape_Leng": 0.6, "Shape_Area": 0.0225}, "geometry": {"type": "Polygon", "coordinates": [[[-52.849999999999966, -20.999999999999943], [-52.69999999999993, -20.999999999999943], [-52.69999999999993, -21.149999999999977], [-52.849999999999966, -21.149999999999977], [-52.849999999999966, -20.999999999999943]]]}}, {"type": "Feature", "properties": {"No_de_Poco": 0, "Shape_Leng": 0.6, "Shape_Area": 0.0225}, "geometry": {"type": "Polygon", "coordinates": [[[-52.849999999999966, -20.849999999999966], [-52.69999999999993, -20.849999999999966], [-52.69999999999993, -20.999999999999943], [-52.849999999999966, -20.999999999999943], [-52.849999999999966, -20.849999999999966]]]}}, {"type": "Feature", "properties": {"No_de_Poco": 0, "Shape_Leng": 0.6, "Shape_Area": 0.0225}, "geometry": {"type": "Polygon", "coordinates": [[[-52.849999999999966, -20.699999999999932], [-52.69999999999993, -20.699999999999932], [-52.69999999999993, -20.849999999999966], [-52.849999999999966, -20.849999999999966], [-52.849999999999966, -20.699999999999932]]]}}, {"type": "Feature", "properties": {"No_de_Poco": 0, "Shape_Leng": 0.6, "Shape_Area": 0.0225}, "geometry": {"type": "Polygon", "coordinates": [[[-52.849999999999966, -20.549999999999955], [-52.69999999999993, -20.549999999999955], [-52.69999999999993, -20.699999999999932], [-52.849999999999966, -20.699999999999932], [-52.849999999999966, -20.549999999999955]]]}}, {"type": "Feature", "properties": {"No_de_Poco": 2, "Shape_Leng": 0.6, "Shape_Area": 0.0225}, "geometry": {"type": "Polygon", "coordinates": [[[-52.849999999999966, -20.399999999999977], [-52.69999999999993, -20.399999999999977], [-52.69999999999993, -20.549999999999955], [-52.849999999999966, -20.549999999999955], [-52.849999999999966, -20.399999999999977]]]}}, {"type": "Feature", "properties": {"No_de_Poco": 0, "Shape_Leng": 0.6, "Shape_Area": 0.0225}, "geometry": {"type": "Polygon", "coordinates": [[[-52.849999999999966, -20.249999999999943], [-52.69999999999993, -20.249999999999943], [-52.69999999999993, -20.399999999999977], [-52.849999999999966, -20.399999999999977], [-52.849999999999966, -20.249999999999943]]]}}, {"type": "Feature", "properties": {"No_de_Poco": 0, "Shape_Leng": 0.6, "Shape_Area": 0.0225}, "geometry": {"type": "Polygon", "coordinates": [[[-52.849999999999966, -20.099999999999966], [-52.69999999999993, -20.099999999999966], [-52.69999999999993, -20.249999999999943], [-52.849999999999966, -20.249999999999943], [-52.849999999999966, -20.099999999999966]]]}}, {"type": "Feature", "properties": {"No_de_Poco": 0, "Shape_Leng": 0.6, "Shape_Area": 0.0225}, "geometry": {"type": "Polygon", "coordinates": [[[-52.849999999999966, -19.949999999999932], [-52.69999999999993, -19.949999999999932], [-52.69999999999993, -20.099999999999966], [-52.849999999999966, -20.099999999999966], [-52.849999999999966, -19.949999999999932]]]}}, {"type": "Feature", "properties": {"No_de_Poco": 0, "Shape_Leng": 0.6, "Shape_Area": 0.0225}, "geometry": {"type": "Polygon", "coordinates": [[[-52.849999999999966, -19.799999999999955], [-52.69999999999993, -19.799999999999955], [-52.69999999999993, -19.949999999999932], [-52.849999999999966, -19.949999999999932], [-52.849999999999966, -19.799999999999955]]]}}, {"type": "Feature", "properties": {"No_de_Poco": 0, "Shape_Leng": 0.6, "Shape_Area": 0.0225}, "geometry": {"type": "Polygon", "coordinates": [[[-52.99999999999994, -22.349999999999966], [-52.849999999999966, -22.349999999999966], [-52.849999999999966, -22.499999999999943], [-52.99999999999994, -22.499999999999943], [-52.99999999999994, -22.349999999999966]]]}}, {"type": "Feature", "properties": {"No_de_Poco": 0, "Shape_Leng": 0.6, "Shape_Area": 0.0225}, "geometry": {"type": "Polygon", "coordinates": [[[-52.99999999999994, -22.199999999999932], [-52.849999999999966, -22.199999999999932], [-52.849999999999966, -22.349999999999966], [-52.99999999999994, -22.349999999999966], [-52.99999999999994, -22.199999999999932]]]}}, {"type": "Feature", "properties": {"No_de_Poco": 0, "Shape_Leng": 0.6, "Shape_Area": 0.0225}, "geometry": {"type": "Polygon", "coordinates": [[[-52.99999999999994, -22.049999999999955], [-52.849999999999966, -22.049999999999955], [-52.849999999999966, -22.199999999999932], [-52.99999999999994, -22.199999999999932], [-52.99999999999994, -22.049999999999955]]]}}, {"type": "Feature", "properties": {"No_de_Poco": 0, "Shape_Leng": 0.6, "Shape_Area": 0.0225}, "geometry": {"type": "Polygon", "coordinates": [[[-52.99999999999994, -21.899999999999977], [-52.849999999999966, -21.899999999999977], [-52.849999999999966, -22.049999999999955], [-52.99999999999994, -22.049999999999955], [-52.99999999999994, -21.899999999999977]]]}}, {"type": "Feature", "properties": {"No_de_Poco": 0, "Shape_Leng": 0.6, "Shape_Area": 0.0225}, "geometry": {"type": "Polygon", "coordinates": [[[-52.99999999999994, -21.749999999999943], [-52.849999999999966, -21.749999999999943], [-52.849999999999966, -21.899999999999977], [-52.99999999999994, -21.899999999999977], [-52.99999999999994, -21.749999999999943]]]}}, {"type": "Feature", "properties": {"No_de_Poco": 0, "Shape_Leng": 0.6, "Shape_Area": 0.0225}, "geometry": {"type": "Polygon", "coordinates": [[[-52.99999999999994, -21.599999999999966], [-52.849999999999966, -21.599999999999966], [-52.849999999999966, -21.749999999999943], [-52.99999999999994, -21.749999999999943], [-52.99999999999994, -21.599999999999966]]]}}, {"type": "Feature", "properties": {"No_de_Poco": 0, "Shape_Leng": 0.6, "Shape_Area": 0.0225}, "geometry": {"type": "Polygon", "coordinates": [[[-52.99999999999994, -21.449999999999932], [-52.849999999999966, -21.449999999999932], [-52.849999999999966, -21.599999999999966], [-52.99999999999994, -21.599999999999966], [-52.99999999999994, -21.449999999999932]]]}}, {"type": "Feature", "properties": {"No_de_Poco": 0, "Shape_Leng": 0.6, "Shape_Area": 0.0225}, "geometry": {"type": "Polygon", "coordinates": [[[-52.99999999999994, -21.299999999999955], [-52.849999999999966, -21.299999999999955], [-52.849999999999966, -21.449999999999932], [-52.99999999999994, -21.449999999999932], [-52.99999999999994, -21.299999999999955]]]}}, {"type": "Feature", "properties": {"No_de_Poco": 0, "Shape_Leng": 0.6, "Shape_Area": 0.0225}, "geometry": {"type": "Polygon", "coordinates": [[[-52.99999999999994, -21.149999999999977], [-52.849999999999966, -21.149999999999977], [-52.849999999999966, -21.299999999999955], [-52.99999999999994, -21.299999999999955], [-52.99999999999994, -21.149999999999977]]]}}, {"type": "Feature", "properties": {"No_de_Poco": 0, "Shape_Leng": 0.6, "Shape_Area": 0.0225}, "geometry": {"type": "Polygon", "coordinates": [[[-52.99999999999994, -20.999999999999943], [-52.849999999999966, -20.999999999999943], [-52.849999999999966, -21.149999999999977], [-52.99999999999994, -21.149999999999977], [-52.99999999999994, -20.999999999999943]]]}}, {"type": "Feature", "properties": {"No_de_Poco": 0, "Shape_Leng": 0.6, "Shape_Area": 0.0225}, "geometry": {"type": "Polygon", "coordinates": [[[-52.99999999999994, -20.849999999999966], [-52.849999999999966, -20.849999999999966], [-52.849999999999966, -20.999999999999943], [-52.99999999999994, -20.999999999999943], [-52.99999999999994, -20.849999999999966]]]}}, {"type": "Feature", "properties": {"No_de_Poco": 0, "Shape_Leng": 0.6, "Shape_Area": 0.0225}, "geometry": {"type": "Polygon", "coordinates": [[[-52.99999999999994, -20.699999999999932], [-52.849999999999966, -20.699999999999932], [-52.849999999999966, -20.849999999999966], [-52.99999999999994, -20.849999999999966], [-52.99999999999994, -20.699999999999932]]]}}, {"type": "Feature", "properties": {"No_de_Poco": 0, "Shape_Leng": 0.6, "Shape_Area": 0.0225}, "geometry": {"type": "Polygon", "coordinates": [[[-52.99999999999994, -20.549999999999955], [-52.849999999999966, -20.549999999999955], [-52.849999999999966, -20.699999999999932], [-52.99999999999994, -20.699999999999932], [-52.99999999999994, -20.549999999999955]]]}}, {"type": "Feature", "properties": {"No_de_Poco": 16, "Shape_Leng": 0.6, "Shape_Area": 0.0225}, "geometry": {"type": "Polygon", "coordinates": [[[-52.99999999999994, -20.399999999999977], [-52.849999999999966, -20.399999999999977], [-52.849999999999966, -20.549999999999955], [-52.99999999999994, -20.549999999999955], [-52.99999999999994, -20.399999999999977]]]}}, {"type": "Feature", "properties": {"No_de_Poco": 0, "Shape_Leng": 0.6, "Shape_Area": 0.0225}, "geometry": {"type": "Polygon", "coordinates": [[[-52.99999999999994, -20.249999999999943], [-52.849999999999966, -20.249999999999943], [-52.849999999999966, -20.399999999999977], [-52.99999999999994, -20.399999999999977], [-52.99999999999994, -20.249999999999943]]]}}, {"type": "Feature", "properties": {"No_de_Poco": 0, "Shape_Leng": 0.6, "Shape_Area": 0.0225}, "geometry": {"type": "Polygon", "coordinates": [[[-52.99999999999994, -20.099999999999966], [-52.849999999999966, -20.099999999999966], [-52.849999999999966, -20.249999999999943], [-52.99999999999994, -20.249999999999943], [-52.99999999999994, -20.099999999999966]]]}}, {"type": "Feature", "properties": {"No_de_Poco": 0, "Shape_Leng": 0.6, "Shape_Area": 0.0225}, "geometry": {"type": "Polygon", "coordinates": [[[-52.99999999999994, -19.949999999999932], [-52.849999999999966, -19.949999999999932], [-52.849999999999966, -20.099999999999966], [-52.99999999999994, -20.099999999999966], [-52.99999999999994, -19.949999999999932]]]}}, {"type": "Feature", "properties": {"No_de_Poco": 0, "Shape_Leng": 0.6, "Shape_Area": 0.0225}, "geometry": {"type": "Polygon", "coordinates": [[[-52.99999999999994, -19.799999999999955], [-52.849999999999966, -19.799999999999955], [-52.849999999999966, -19.949999999999932], [-52.99999999999994, -19.949999999999932], [-52.99999999999994, -19.799999999999955]]]}}, {"type": "Feature", "properties": {"No_de_Poco": 0, "Shape_Leng": 0.6, "Shape_Area": 0.0225}, "geometry": {"type": "Polygon", "coordinates": [[[-53.14999999999998, -22.649999999999977], [-52.99999999999994, -22.649999999999977], [-52.99999999999994, -22.799999999999955], [-53.14999999999998, -22.799999999999955], [-53.14999999999998, -22.649999999999977]]]}}, {"type": "Feature", "properties": {"No_de_Poco": 0, "Shape_Leng": 0.6, "Shape_Area": 0.0225}, "geometry": {"type": "Polygon", "coordinates": [[[-53.14999999999998, -22.499999999999943], [-52.99999999999994, -22.499999999999943], [-52.99999999999994, -22.649999999999977], [-53.14999999999998, -22.649999999999977], [-53.14999999999998, -22.499999999999943]]]}}, {"type": "Feature", "properties": {"No_de_Poco": 0, "Shape_Leng": 0.6, "Shape_Area": 0.0225}, "geometry": {"type": "Polygon", "coordinates": [[[-53.14999999999998, -22.349999999999966], [-52.99999999999994, -22.349999999999966], [-52.99999999999994, -22.499999999999943], [-53.14999999999998, -22.499999999999943], [-53.14999999999998, -22.349999999999966]]]}}, {"type": "Feature", "properties": {"No_de_Poco": 1, "Shape_Leng": 0.6, "Shape_Area": 0.0225}, "geometry": {"type": "Polygon", "coordinates": [[[-53.14999999999998, -22.199999999999932], [-52.99999999999994, -22.199999999999932], [-52.99999999999994, -22.349999999999966], [-53.14999999999998, -22.349999999999966], [-53.14999999999998, -22.199999999999932]]]}}, {"type": "Feature", "properties": {"No_de_Poco": 0, "Shape_Leng": 0.6, "Shape_Area": 0.0225}, "geometry": {"type": "Polygon", "coordinates": [[[-53.14999999999998, -22.049999999999955], [-52.99999999999994, -22.049999999999955], [-52.99999999999994, -22.199999999999932], [-53.14999999999998, -22.199999999999932], [-53.14999999999998, -22.049999999999955]]]}}, {"type": "Feature", "properties": {"No_de_Poco": 0, "Shape_Leng": 0.6, "Shape_Area": 0.0225}, "geometry": {"type": "Polygon", "coordinates": [[[-53.14999999999998, -21.899999999999977], [-52.99999999999994, -21.899999999999977], [-52.99999999999994, -22.049999999999955], [-53.14999999999998, -22.049999999999955], [-53.14999999999998, -21.899999999999977]]]}}, {"type": "Feature", "properties": {"No_de_Poco": 1, "Shape_Leng": 0.6, "Shape_Area": 0.0225}, "geometry": {"type": "Polygon", "coordinates": [[[-53.14999999999998, -21.749999999999943], [-52.99999999999994, -21.749999999999943], [-52.99999999999994, -21.899999999999977], [-53.14999999999998, -21.899999999999977], [-53.14999999999998, -21.749999999999943]]]}}, {"type": "Feature", "properties": {"No_de_Poco": 1, "Shape_Leng": 0.6, "Shape_Area": 0.0225}, "geometry": {"type": "Polygon", "coordinates": [[[-53.14999999999998, -21.599999999999966], [-52.99999999999994, -21.599999999999966], [-52.99999999999994, -21.749999999999943], [-53.14999999999998, -21.749999999999943], [-53.14999999999998, -21.599999999999966]]]}}, {"type": "Feature", "properties": {"No_de_Poco": 0, "Shape_Leng": 0.6, "Shape_Area": 0.0225}, "geometry": {"type": "Polygon", "coordinates": [[[-53.14999999999998, -21.449999999999932], [-52.99999999999994, -21.449999999999932], [-52.99999999999994, -21.599999999999966], [-53.14999999999998, -21.599999999999966], [-53.14999999999998, -21.449999999999932]]]}}, {"type": "Feature", "properties": {"No_de_Poco": 0, "Shape_Leng": 0.6, "Shape_Area": 0.0225}, "geometry": {"type": "Polygon", "coordinates": [[[-53.14999999999998, -21.299999999999955], [-52.99999999999994, -21.299999999999955], [-52.99999999999994, -21.449999999999932], [-53.14999999999998, -21.449999999999932], [-53.14999999999998, -21.299999999999955]]]}}, {"type": "Feature", "properties": {"No_de_Poco": 0, "Shape_Leng": 0.6, "Shape_Area": 0.0225}, "geometry": {"type": "Polygon", "coordinates": [[[-53.14999999999998, -21.149999999999977], [-52.99999999999994, -21.149999999999977], [-52.99999999999994, -21.299999999999955], [-53.14999999999998, -21.299999999999955], [-53.14999999999998, -21.149999999999977]]]}}, {"type": "Feature", "properties": {"No_de_Poco": 0, "Shape_Leng": 0.6, "Shape_Area": 0.0225}, "geometry": {"type": "Polygon", "coordinates": [[[-53.14999999999998, -20.999999999999943], [-52.99999999999994, -20.999999999999943], [-52.99999999999994, -21.149999999999977], [-53.14999999999998, -21.149999999999977], [-53.14999999999998, -20.999999999999943]]]}}, {"type": "Feature", "properties": {"No_de_Poco": 0, "Shape_Leng": 0.6, "Shape_Area": 0.0225}, "geometry": {"type": "Polygon", "coordinates": [[[-53.14999999999998, -20.849999999999966], [-52.99999999999994, -20.849999999999966], [-52.99999999999994, -20.999999999999943], [-53.14999999999998, -20.999999999999943], [-53.14999999999998, -20.849999999999966]]]}}, {"type": "Feature", "properties": {"No_de_Poco": 0, "Shape_Leng": 0.6, "Shape_Area": 0.0225}, "geometry": {"type": "Polygon", "coordinates": [[[-53.14999999999998, -20.699999999999932], [-52.99999999999994, -20.699999999999932], [-52.99999999999994, -20.849999999999966], [-53.14999999999998, -20.849999999999966], [-53.14999999999998, -20.699999999999932]]]}}, {"type": "Feature", "properties": {"No_de_Poco": 0, "Shape_Leng": 0.6, "Shape_Area": 0.0225}, "geometry": {"type": "Polygon", "coordinates": [[[-53.14999999999998, -20.549999999999955], [-52.99999999999994, -20.549999999999955], [-52.99999999999994, -20.699999999999932], [-53.14999999999998, -20.699999999999932], [-53.14999999999998, -20.549999999999955]]]}}, {"type": "Feature", "properties": {"No_de_Poco": 0, "Shape_Leng": 0.6, "Shape_Area": 0.0225}, "geometry": {"type": "Polygon", "coordinates": [[[-53.14999999999998, -20.399999999999977], [-52.99999999999994, -20.399999999999977], [-52.99999999999994, -20.549999999999955], [-53.14999999999998, -20.549999999999955], [-53.14999999999998, -20.399999999999977]]]}}, {"type": "Feature", "properties": {"No_de_Poco": 0, "Shape_Leng": 0.6, "Shape_Area": 0.0225}, "geometry": {"type": "Polygon", "coordinates": [[[-53.14999999999998, -20.249999999999943], [-52.99999999999994, -20.249999999999943], [-52.99999999999994, -20.399999999999977], [-53.14999999999998, -20.399999999999977], [-53.14999999999998, -20.249999999999943]]]}}, {"type": "Feature", "properties": {"No_de_Poco": 0, "Shape_Leng": 0.6, "Shape_Area": 0.0225}, "geometry": {"type": "Polygon", "coordinates": [[[-53.14999999999998, -20.099999999999966], [-52.99999999999994, -20.099999999999966], [-52.99999999999994, -20.249999999999943], [-53.14999999999998, -20.249999999999943], [-53.14999999999998, -20.099999999999966]]]}}, {"type": "Feature", "properties": {"No_de_Poco": 0, "Shape_Leng": 0.6, "Shape_Area": 0.0225}, "geometry": {"type": "Polygon", "coordinates": [[[-53.14999999999998, -19.949999999999932], [-52.99999999999994, -19.949999999999932], [-52.99999999999994, -20.099999999999966], [-53.14999999999998, -20.099999999999966], [-53.14999999999998, -19.949999999999932]]]}}, {"type": "Feature", "properties": {"No_de_Poco": 0, "Shape_Leng": 0.6, "Shape_Area": 0.0225}, "geometry": {"type": "Polygon", "coordinates": [[[-53.14999999999998, -19.799999999999955], [-52.99999999999994, -19.799999999999955], [-52.99999999999994, -19.949999999999932], [-53.14999999999998, -19.949999999999932], [-53.14999999999998, -19.799999999999955]]]}}, {"type": "Feature", "properties": {"No_de_Poco": 0, "Shape_Leng": 0.6, "Shape_Area": 0.0225}, "geometry": {"type": "Polygon", "coordinates": [[[-53.299999999999955, -22.649999999999977], [-53.14999999999998, -22.649999999999977], [-53.14999999999998, -22.799999999999955], [-53.299999999999955, -22.799999999999955], [-53.299999999999955, -22.649999999999977]]]}}, {"type": "Feature", "properties": {"No_de_Poco": 0, "Shape_Leng": 0.6, "Shape_Area": 0.0225}, "geometry": {"type": "Polygon", "coordinates": [[[-53.299999999999955, -22.499999999999943], [-53.14999999999998, -22.499999999999943], [-53.14999999999998, -22.649999999999977], [-53.299999999999955, -22.649999999999977], [-53.299999999999955, -22.499999999999943]]]}}, {"type": "Feature", "properties": {"No_de_Poco": 0, "Shape_Leng": 0.6, "Shape_Area": 0.0225}, "geometry": {"type": "Polygon", "coordinates": [[[-53.299999999999955, -22.349999999999966], [-53.14999999999998, -22.349999999999966], [-53.14999999999998, -22.499999999999943], [-53.299999999999955, -22.499999999999943], [-53.299999999999955, -22.349999999999966]]]}}, {"type": "Feature", "properties": {"No_de_Poco": 12, "Shape_Leng": 0.6, "Shape_Area": 0.0225}, "geometry": {"type": "Polygon", "coordinates": [[[-53.299999999999955, -22.199999999999932], [-53.14999999999998, -22.199999999999932], [-53.14999999999998, -22.349999999999966], [-53.299999999999955, -22.349999999999966], [-53.299999999999955, -22.199999999999932]]]}}, {"type": "Feature", "properties": {"No_de_Poco": 0, "Shape_Leng": 0.6, "Shape_Area": 0.0225}, "geometry": {"type": "Polygon", "coordinates": [[[-53.299999999999955, -22.049999999999955], [-53.14999999999998, -22.049999999999955], [-53.14999999999998, -22.199999999999932], [-53.299999999999955, -22.199999999999932], [-53.299999999999955, -22.049999999999955]]]}}, {"type": "Feature", "properties": {"No_de_Poco": 0, "Shape_Leng": 0.6, "Shape_Area": 0.0225}, "geometry": {"type": "Polygon", "coordinates": [[[-53.299999999999955, -21.899999999999977], [-53.14999999999998, -21.899999999999977], [-53.14999999999998, -22.049999999999955], [-53.299999999999955, -22.049999999999955], [-53.299999999999955, -21.899999999999977]]]}}, {"type": "Feature", "properties": {"No_de_Poco": 2, "Shape_Leng": 0.6, "Shape_Area": 0.0225}, "geometry": {"type": "Polygon", "coordinates": [[[-53.299999999999955, -21.749999999999943], [-53.14999999999998, -21.749999999999943], [-53.14999999999998, -21.899999999999977], [-53.299999999999955, -21.899999999999977], [-53.299999999999955, -21.749999999999943]]]}}, {"type": "Feature", "properties": {"No_de_Poco": 0, "Shape_Leng": 0.6, "Shape_Area": 0.0225}, "geometry": {"type": "Polygon", "coordinates": [[[-53.299999999999955, -21.599999999999966], [-53.14999999999998, -21.599999999999966], [-53.14999999999998, -21.749999999999943], [-53.299999999999955, -21.749999999999943], [-53.299999999999955, -21.599999999999966]]]}}, {"type": "Feature", "properties": {"No_de_Poco": 0, "Shape_Leng": 0.6, "Shape_Area": 0.0225}, "geometry": {"type": "Polygon", "coordinates": [[[-53.299999999999955, -21.449999999999932], [-53.14999999999998, -21.449999999999932], [-53.14999999999998, -21.599999999999966], [-53.299999999999955, -21.599999999999966], [-53.299999999999955, -21.449999999999932]]]}}, {"type": "Feature", "properties": {"No_de_Poco": 0, "Shape_Leng": 0.6, "Shape_Area": 0.0225}, "geometry": {"type": "Polygon", "coordinates": [[[-53.299999999999955, -21.299999999999955], [-53.14999999999998, -21.299999999999955], [-53.14999999999998, -21.449999999999932], [-53.299999999999955, -21.449999999999932], [-53.299999999999955, -21.299999999999955]]]}}, {"type": "Feature", "properties": {"No_de_Poco": 1, "Shape_Leng": 0.6, "Shape_Area": 0.0225}, "geometry": {"type": "Polygon", "coordinates": [[[-53.299999999999955, -21.149999999999977], [-53.14999999999998, -21.149999999999977], [-53.14999999999998, -21.299999999999955], [-53.299999999999955, -21.299999999999955], [-53.299999999999955, -21.149999999999977]]]}}, {"type": "Feature", "properties": {"No_de_Poco": 0, "Shape_Leng": 0.6, "Shape_Area": 0.0225}, "geometry": {"type": "Polygon", "coordinates": [[[-53.299999999999955, -20.999999999999943], [-53.14999999999998, -20.999999999999943], [-53.14999999999998, -21.149999999999977], [-53.299999999999955, -21.149999999999977], [-53.299999999999955, -20.999999999999943]]]}}, {"type": "Feature", "properties": {"No_de_Poco": 0, "Shape_Leng": 0.6, "Shape_Area": 0.0225}, "geometry": {"type": "Polygon", "coordinates": [[[-53.299999999999955, -20.849999999999966], [-53.14999999999998, -20.849999999999966], [-53.14999999999998, -20.999999999999943], [-53.299999999999955, -20.999999999999943], [-53.299999999999955, -20.849999999999966]]]}}, {"type": "Feature", "properties": {"No_de_Poco": 0, "Shape_Leng": 0.6, "Shape_Area": 0.0225}, "geometry": {"type": "Polygon", "coordinates": [[[-53.299999999999955, -20.699999999999932], [-53.14999999999998, -20.699999999999932], [-53.14999999999998, -20.849999999999966], [-53.299999999999955, -20.849999999999966], [-53.299999999999955, -20.699999999999932]]]}}, {"type": "Feature", "properties": {"No_de_Poco": 0, "Shape_Leng": 0.6, "Shape_Area": 0.0225}, "geometry": {"type": "Polygon", "coordinates": [[[-53.299999999999955, -20.549999999999955], [-53.14999999999998, -20.549999999999955], [-53.14999999999998, -20.699999999999932], [-53.299999999999955, -20.699999999999932], [-53.299999999999955, -20.549999999999955]]]}}, {"type": "Feature", "properties": {"No_de_Poco": 1, "Shape_Leng": 0.6, "Shape_Area": 0.0225}, "geometry": {"type": "Polygon", "coordinates": [[[-53.299999999999955, -20.399999999999977], [-53.14999999999998, -20.399999999999977], [-53.14999999999998, -20.549999999999955], [-53.299999999999955, -20.549999999999955], [-53.299999999999955, -20.399999999999977]]]}}, {"type": "Feature", "properties": {"No_de_Poco": 1, "Shape_Leng": 0.6, "Shape_Area": 0.0225}, "geometry": {"type": "Polygon", "coordinates": [[[-53.299999999999955, -20.249999999999943], [-53.14999999999998, -20.249999999999943], [-53.14999999999998, -20.399999999999977], [-53.299999999999955, -20.399999999999977], [-53.299999999999955, -20.249999999999943]]]}}, {"type": "Feature", "properties": {"No_de_Poco": 0, "Shape_Leng": 0.6, "Shape_Area": 0.0225}, "geometry": {"type": "Polygon", "coordinates": [[[-53.299999999999955, -20.099999999999966], [-53.14999999999998, -20.099999999999966], [-53.14999999999998, -20.249999999999943], [-53.299999999999955, -20.249999999999943], [-53.299999999999955, -20.099999999999966]]]}}, {"type": "Feature", "properties": {"No_de_Poco": 1, "Shape_Leng": 0.6, "Shape_Area": 0.0225}, "geometry": {"type": "Polygon", "coordinates": [[[-53.299999999999955, -19.949999999999932], [-53.14999999999998, -19.949999999999932], [-53.14999999999998, -20.099999999999966], [-53.299999999999955, -20.099999999999966], [-53.299999999999955, -19.949999999999932]]]}}, {"type": "Feature", "properties": {"No_de_Poco": 0, "Shape_Leng": 0.6, "Shape_Area": 0.0225}, "geometry": {"type": "Polygon", "coordinates": [[[-53.299999999999955, -19.799999999999955], [-53.14999999999998, -19.799999999999955], [-53.14999999999998, -19.949999999999932], [-53.299999999999955, -19.949999999999932], [-53.299999999999955, -19.799999999999955]]]}}, {"type": "Feature", "properties": {"No_de_Poco": 0, "Shape_Leng": 0.6, "Shape_Area": 0.0225}, "geometry": {"type": "Polygon", "coordinates": [[[-53.44999999999993, -22.799999999999955], [-53.299999999999955, -22.799999999999955], [-53.299999999999955, -22.949999999999932], [-53.44999999999993, -22.949999999999932], [-53.44999999999993, -22.799999999999955]]]}}, {"type": "Feature", "properties": {"No_de_Poco": 0, "Shape_Leng": 0.6, "Shape_Area": 0.0225}, "geometry": {"type": "Polygon", "coordinates": [[[-53.44999999999993, -22.649999999999977], [-53.299999999999955, -22.649999999999977], [-53.299999999999955, -22.799999999999955], [-53.44999999999993, -22.799999999999955], [-53.44999999999993, -22.649999999999977]]]}}, {"type": "Feature", "properties": {"No_de_Poco": 2, "Shape_Leng": 0.6, "Shape_Area": 0.0225}, "geometry": {"type": "Polygon", "coordinates": [[[-53.44999999999993, -22.499999999999943], [-53.299999999999955, -22.499999999999943], [-53.299999999999955, -22.649999999999977], [-53.44999999999993, -22.649999999999977], [-53.44999999999993, -22.499999999999943]]]}}, {"type": "Feature", "properties": {"No_de_Poco": 9, "Shape_Leng": 0.6, "Shape_Area": 0.0225}, "geometry": {"type": "Polygon", "coordinates": [[[-53.44999999999993, -22.349999999999966], [-53.299999999999955, -22.349999999999966], [-53.299999999999955, -22.499999999999943], [-53.44999999999993, -22.499999999999943], [-53.44999999999993, -22.349999999999966]]]}}, {"type": "Feature", "properties": {"No_de_Poco": 33, "Shape_Leng": 0.6, "Shape_Area": 0.0225}, "geometry": {"type": "Polygon", "coordinates": [[[-53.44999999999993, -22.199999999999932], [-53.299999999999955, -22.199999999999932], [-53.299999999999955, -22.349999999999966], [-53.44999999999993, -22.349999999999966], [-53.44999999999993, -22.199999999999932]]]}}, {"type": "Feature", "properties": {"No_de_Poco": 1, "Shape_Leng": 0.6, "Shape_Area": 0.0225}, "geometry": {"type": "Polygon", "coordinates": [[[-53.44999999999993, -22.049999999999955], [-53.299999999999955, -22.049999999999955], [-53.299999999999955, -22.199999999999932], [-53.44999999999993, -22.199999999999932], [-53.44999999999993, -22.049999999999955]]]}}, {"type": "Feature", "properties": {"No_de_Poco": 5, "Shape_Leng": 0.6, "Shape_Area": 0.0225}, "geometry": {"type": "Polygon", "coordinates": [[[-53.44999999999993, -21.899999999999977], [-53.299999999999955, -21.899999999999977], [-53.299999999999955, -22.049999999999955], [-53.44999999999993, -22.049999999999955], [-53.44999999999993, -21.899999999999977]]]}}, {"type": "Feature", "properties": {"No_de_Poco": 0, "Shape_Leng": 0.6, "Shape_Area": 0.0225}, "geometry": {"type": "Polygon", "coordinates": [[[-53.44999999999993, -21.749999999999943], [-53.299999999999955, -21.749999999999943], [-53.299999999999955, -21.899999999999977], [-53.44999999999993, -21.899999999999977], [-53.44999999999993, -21.749999999999943]]]}}, {"type": "Feature", "properties": {"No_de_Poco": 0, "Shape_Leng": 0.6, "Shape_Area": 0.0225}, "geometry": {"type": "Polygon", "coordinates": [[[-53.44999999999993, -21.599999999999966], [-53.299999999999955, -21.599999999999966], [-53.299999999999955, -21.749999999999943], [-53.44999999999993, -21.749999999999943], [-53.44999999999993, -21.599999999999966]]]}}, {"type": "Feature", "properties": {"No_de_Poco": 0, "Shape_Leng": 0.6, "Shape_Area": 0.0225}, "geometry": {"type": "Polygon", "coordinates": [[[-53.44999999999993, -21.449999999999932], [-53.299999999999955, -21.449999999999932], [-53.299999999999955, -21.599999999999966], [-53.44999999999993, -21.599999999999966], [-53.44999999999993, -21.449999999999932]]]}}, {"type": "Feature", "properties": {"No_de_Poco": 0, "Shape_Leng": 0.6, "Shape_Area": 0.0225}, "geometry": {"type": "Polygon", "coordinates": [[[-53.44999999999993, -21.299999999999955], [-53.299999999999955, -21.299999999999955], [-53.299999999999955, -21.449999999999932], [-53.44999999999993, -21.449999999999932], [-53.44999999999993, -21.299999999999955]]]}}, {"type": "Feature", "properties": {"No_de_Poco": 0, "Shape_Leng": 0.6, "Shape_Area": 0.0225}, "geometry": {"type": "Polygon", "coordinates": [[[-53.44999999999993, -21.149999999999977], [-53.299999999999955, -21.149999999999977], [-53.299999999999955, -21.299999999999955], [-53.44999999999993, -21.299999999999955], [-53.44999999999993, -21.149999999999977]]]}}, {"type": "Feature", "properties": {"No_de_Poco": 0, "Shape_Leng": 0.6, "Shape_Area": 0.0225}, "geometry": {"type": "Polygon", "coordinates": [[[-53.44999999999993, -20.999999999999943], [-53.299999999999955, -20.999999999999943], [-53.299999999999955, -21.149999999999977], [-53.44999999999993, -21.149999999999977], [-53.44999999999993, -20.999999999999943]]]}}, {"type": "Feature", "properties": {"No_de_Poco": 0, "Shape_Leng": 0.6, "Shape_Area": 0.0225}, "geometry": {"type": "Polygon", "coordinates": [[[-53.44999999999993, -20.849999999999966], [-53.299999999999955, -20.849999999999966], [-53.299999999999955, -20.999999999999943], [-53.44999999999993, -20.999999999999943], [-53.44999999999993, -20.849999999999966]]]}}, {"type": "Feature", "properties": {"No_de_Poco": 0, "Shape_Leng": 0.6, "Shape_Area": 0.0225}, "geometry": {"type": "Polygon", "coordinates": [[[-53.44999999999993, -20.699999999999932], [-53.299999999999955, -20.699999999999932], [-53.299999999999955, -20.849999999999966], [-53.44999999999993, -20.849999999999966], [-53.44999999999993, -20.699999999999932]]]}}, {"type": "Feature", "properties": {"No_de_Poco": 0, "Shape_Leng": 0.6, "Shape_Area": 0.0225}, "geometry": {"type": "Polygon", "coordinates": [[[-53.44999999999993, -20.549999999999955], [-53.299999999999955, -20.549999999999955], [-53.299999999999955, -20.699999999999932], [-53.44999999999993, -20.699999999999932], [-53.44999999999993, -20.549999999999955]]]}}, {"type": "Feature", "properties": {"No_de_Poco": 0, "Shape_Leng": 0.6, "Shape_Area": 0.0225}, "geometry": {"type": "Polygon", "coordinates": [[[-53.44999999999993, -20.399999999999977], [-53.299999999999955, -20.399999999999977], [-53.299999999999955, -20.549999999999955], [-53.44999999999993, -20.549999999999955], [-53.44999999999993, -20.399999999999977]]]}}, {"type": "Feature", "properties": {"No_de_Poco": 1, "Shape_Leng": 0.6, "Shape_Area": 0.0225}, "geometry": {"type": "Polygon", "coordinates": [[[-53.44999999999993, -20.249999999999943], [-53.299999999999955, -20.249999999999943], [-53.299999999999955, -20.399999999999977], [-53.44999999999993, -20.399999999999977], [-53.44999999999993, -20.249999999999943]]]}}, {"type": "Feature", "properties": {"No_de_Poco": 0, "Shape_Leng": 0.6, "Shape_Area": 0.0225}, "geometry": {"type": "Polygon", "coordinates": [[[-53.44999999999993, -20.099999999999966], [-53.299999999999955, -20.099999999999966], [-53.299999999999955, -20.249999999999943], [-53.44999999999993, -20.249999999999943], [-53.44999999999993, -20.099999999999966]]]}}, {"type": "Feature", "properties": {"No_de_Poco": 0, "Shape_Leng": 0.6, "Shape_Area": 0.0225}, "geometry": {"type": "Polygon", "coordinates": [[[-53.44999999999993, -19.949999999999932], [-53.299999999999955, -19.949999999999932], [-53.299999999999955, -20.099999999999966], [-53.44999999999993, -20.099999999999966], [-53.44999999999993, -19.949999999999932]]]}}, {"type": "Feature", "properties": {"No_de_Poco": 1, "Shape_Leng": 0.6, "Shape_Area": 0.0225}, "geometry": {"type": "Polygon", "coordinates": [[[-53.44999999999993, -19.799999999999955], [-53.299999999999955, -19.799999999999955], [-53.299999999999955, -19.949999999999932], [-53.44999999999993, -19.949999999999932], [-53.44999999999993, -19.799999999999955]]]}}, {"type": "Feature", "properties": {"No_de_Poco": 0, "Shape_Leng": 0.6, "Shape_Area": 0.0225}, "geometry": {"type": "Polygon", "coordinates": [[[-53.599999999999966, -22.799999999999955], [-53.44999999999993, -22.799999999999955], [-53.44999999999993, -22.949999999999932], [-53.599999999999966, -22.949999999999932], [-53.599999999999966, -22.799999999999955]]]}}, {"type": "Feature", "properties": {"No_de_Poco": 0, "Shape_Leng": 0.6, "Shape_Area": 0.0225}, "geometry": {"type": "Polygon", "coordinates": [[[-53.599999999999966, -22.649999999999977], [-53.44999999999993, -22.649999999999977], [-53.44999999999993, -22.799999999999955], [-53.599999999999966, -22.799999999999955], [-53.599999999999966, -22.649999999999977]]]}}, {"type": "Feature", "properties": {"No_de_Poco": 1, "Shape_Leng": 0.6, "Shape_Area": 0.0225}, "geometry": {"type": "Polygon", "coordinates": [[[-53.599999999999966, -22.499999999999943], [-53.44999999999993, -22.499999999999943], [-53.44999999999993, -22.649999999999977], [-53.599999999999966, -22.649999999999977], [-53.599999999999966, -22.499999999999943]]]}}, {"type": "Feature", "properties": {"No_de_Poco": 5, "Shape_Leng": 0.6, "Shape_Area": 0.0225}, "geometry": {"type": "Polygon", "coordinates": [[[-53.599999999999966, -22.349999999999966], [-53.44999999999993, -22.349999999999966], [-53.44999999999993, -22.499999999999943], [-53.599999999999966, -22.499999999999943], [-53.599999999999966, -22.349999999999966]]]}}, {"type": "Feature", "properties": {"No_de_Poco": 0, "Shape_Leng": 0.6, "Shape_Area": 0.0225}, "geometry": {"type": "Polygon", "coordinates": [[[-53.599999999999966, -22.199999999999932], [-53.44999999999993, -22.199999999999932], [-53.44999999999993, -22.349999999999966], [-53.599999999999966, -22.349999999999966], [-53.599999999999966, -22.199999999999932]]]}}, {"type": "Feature", "properties": {"No_de_Poco": 1, "Shape_Leng": 0.6, "Shape_Area": 0.0225}, "geometry": {"type": "Polygon", "coordinates": [[[-53.599999999999966, -22.049999999999955], [-53.44999999999993, -22.049999999999955], [-53.44999999999993, -22.199999999999932], [-53.599999999999966, -22.199999999999932], [-53.599999999999966, -22.049999999999955]]]}}, {"type": "Feature", "properties": {"No_de_Poco": 0, "Shape_Leng": 0.6, "Shape_Area": 0.0225}, "geometry": {"type": "Polygon", "coordinates": [[[-53.599999999999966, -21.899999999999977], [-53.44999999999993, -21.899999999999977], [-53.44999999999993, -22.049999999999955], [-53.599999999999966, -22.049999999999955], [-53.599999999999966, -21.899999999999977]]]}}, {"type": "Feature", "properties": {"No_de_Poco": 0, "Shape_Leng": 0.6, "Shape_Area": 0.0225}, "geometry": {"type": "Polygon", "coordinates": [[[-53.599999999999966, -21.749999999999943], [-53.44999999999993, -21.749999999999943], [-53.44999999999993, -21.899999999999977], [-53.599999999999966, -21.899999999999977], [-53.599999999999966, -21.749999999999943]]]}}, {"type": "Feature", "properties": {"No_de_Poco": 0, "Shape_Leng": 0.6, "Shape_Area": 0.0225}, "geometry": {"type": "Polygon", "coordinates": [[[-53.599999999999966, -21.599999999999966], [-53.44999999999993, -21.599999999999966], [-53.44999999999993, -21.749999999999943], [-53.599999999999966, -21.749999999999943], [-53.599999999999966, -21.599999999999966]]]}}, {"type": "Feature", "properties": {"No_de_Poco": 0, "Shape_Leng": 0.6, "Shape_Area": 0.0225}, "geometry": {"type": "Polygon", "coordinates": [[[-53.599999999999966, -21.449999999999932], [-53.44999999999993, -21.449999999999932], [-53.44999999999993, -21.599999999999966], [-53.599999999999966, -21.599999999999966], [-53.599999999999966, -21.449999999999932]]]}}, {"type": "Feature", "properties": {"No_de_Poco": 0, "Shape_Leng": 0.6, "Shape_Area": 0.0225}, "geometry": {"type": "Polygon", "coordinates": [[[-53.599999999999966, -21.299999999999955], [-53.44999999999993, -21.299999999999955], [-53.44999999999993, -21.449999999999932], [-53.599999999999966, -21.449999999999932], [-53.599999999999966, -21.299999999999955]]]}}, {"type": "Feature", "properties": {"No_de_Poco": 0, "Shape_Leng": 0.6, "Shape_Area": 0.0225}, "geometry": {"type": "Polygon", "coordinates": [[[-53.599999999999966, -21.149999999999977], [-53.44999999999993, -21.149999999999977], [-53.44999999999993, -21.299999999999955], [-53.599999999999966, -21.299999999999955], [-53.599999999999966, -21.149999999999977]]]}}, {"type": "Feature", "properties": {"No_de_Poco": 2, "Shape_Leng": 0.6, "Shape_Area": 0.0225}, "geometry": {"type": "Polygon", "coordinates": [[[-53.599999999999966, -20.999999999999943], [-53.44999999999993, -20.999999999999943], [-53.44999999999993, -21.149999999999977], [-53.599999999999966, -21.149999999999977], [-53.599999999999966, -20.999999999999943]]]}}, {"type": "Feature", "properties": {"No_de_Poco": 0, "Shape_Leng": 0.6, "Shape_Area": 0.0225}, "geometry": {"type": "Polygon", "coordinates": [[[-53.599999999999966, -20.849999999999966], [-53.44999999999993, -20.849999999999966], [-53.44999999999993, -20.999999999999943], [-53.599999999999966, -20.999999999999943], [-53.599999999999966, -20.849999999999966]]]}}, {"type": "Feature", "properties": {"No_de_Poco": 0, "Shape_Leng": 0.6, "Shape_Area": 0.0225}, "geometry": {"type": "Polygon", "coordinates": [[[-53.599999999999966, -20.699999999999932], [-53.44999999999993, -20.699999999999932], [-53.44999999999993, -20.849999999999966], [-53.599999999999966, -20.849999999999966], [-53.599999999999966, -20.699999999999932]]]}}, {"type": "Feature", "properties": {"No_de_Poco": 0, "Shape_Leng": 0.6, "Shape_Area": 0.0225}, "geometry": {"type": "Polygon", "coordinates": [[[-53.599999999999966, -20.549999999999955], [-53.44999999999993, -20.549999999999955], [-53.44999999999993, -20.699999999999932], [-53.599999999999966, -20.699999999999932], [-53.599999999999966, -20.549999999999955]]]}}, {"type": "Feature", "properties": {"No_de_Poco": 0, "Shape_Leng": 0.6, "Shape_Area": 0.0225}, "geometry": {"type": "Polygon", "coordinates": [[[-53.599999999999966, -20.399999999999977], [-53.44999999999993, -20.399999999999977], [-53.44999999999993, -20.549999999999955], [-53.599999999999966, -20.549999999999955], [-53.599999999999966, -20.399999999999977]]]}}, {"type": "Feature", "properties": {"No_de_Poco": 0, "Shape_Leng": 0.6, "Shape_Area": 0.0225}, "geometry": {"type": "Polygon", "coordinates": [[[-53.599999999999966, -20.249999999999943], [-53.44999999999993, -20.249999999999943], [-53.44999999999993, -20.399999999999977], [-53.599999999999966, -20.399999999999977], [-53.599999999999966, -20.249999999999943]]]}}, {"type": "Feature", "properties": {"No_de_Poco": 0, "Shape_Leng": 0.6, "Shape_Area": 0.0225}, "geometry": {"type": "Polygon", "coordinates": [[[-53.599999999999966, -20.099999999999966], [-53.44999999999993, -20.099999999999966], [-53.44999999999993, -20.249999999999943], [-53.599999999999966, -20.249999999999943], [-53.599999999999966, -20.099999999999966]]]}}, {"type": "Feature", "properties": {"No_de_Poco": 0, "Shape_Leng": 0.6, "Shape_Area": 0.0225}, "geometry": {"type": "Polygon", "coordinates": [[[-53.599999999999966, -19.949999999999932], [-53.44999999999993, -19.949999999999932], [-53.44999999999993, -20.099999999999966], [-53.599999999999966, -20.099999999999966], [-53.599999999999966, -19.949999999999932]]]}}, {"type": "Feature", "properties": {"No_de_Poco": 0, "Shape_Leng": 0.6, "Shape_Area": 0.0225}, "geometry": {"type": "Polygon", "coordinates": [[[-53.599999999999966, -19.799999999999955], [-53.44999999999993, -19.799999999999955], [-53.44999999999993, -19.949999999999932], [-53.599999999999966, -19.949999999999932], [-53.599999999999966, -19.799999999999955]]]}}, {"type": "Feature", "properties": {"No_de_Poco": 0, "Shape_Leng": 0.6, "Shape_Area": 0.0225}, "geometry": {"type": "Polygon", "coordinates": [[[-53.74999999999994, -23.249999999999943], [-53.599999999999966, -23.249999999999943], [-53.599999999999966, -23.399999999999977], [-53.74999999999994, -23.399999999999977], [-53.74999999999994, -23.249999999999943]]]}}, {"type": "Feature", "properties": {"No_de_Poco": 0, "Shape_Leng": 0.6, "Shape_Area": 0.0225}, "geometry": {"type": "Polygon", "coordinates": [[[-53.74999999999994, -23.099999999999966], [-53.599999999999966, -23.099999999999966], [-53.599999999999966, -23.249999999999943], [-53.74999999999994, -23.249999999999943], [-53.74999999999994, -23.099999999999966]]]}}, {"type": "Feature", "properties": {"No_de_Poco": 0, "Shape_Leng": 0.6, "Shape_Area": 0.0225}, "geometry": {"type": "Polygon", "coordinates": [[[-53.74999999999994, -22.949999999999932], [-53.599999999999966, -22.949999999999932], [-53.599999999999966, -23.099999999999966], [-53.74999999999994, -23.099999999999966], [-53.74999999999994, -22.949999999999932]]]}}, {"type": "Feature", "properties": {"No_de_Poco": 0, "Shape_Leng": 0.6, "Shape_Area": 0.0225}, "geometry": {"type": "Polygon", "coordinates": [[[-53.74999999999994, -22.799999999999955], [-53.599999999999966, -22.799999999999955], [-53.599999999999966, -22.949999999999932], [-53.74999999999994, -22.949999999999932], [-53.74999999999994, -22.799999999999955]]]}}, {"type": "Feature", "properties": {"No_de_Poco": 0, "Shape_Leng": 0.6, "Shape_Area": 0.0225}, "geometry": {"type": "Polygon", "coordinates": [[[-53.74999999999994, -22.649999999999977], [-53.599999999999966, -22.649999999999977], [-53.599999999999966, -22.799999999999955], [-53.74999999999994, -22.799999999999955], [-53.74999999999994, -22.649999999999977]]]}}, {"type": "Feature", "properties": {"No_de_Poco": 0, "Shape_Leng": 0.6, "Shape_Area": 0.0225}, "geometry": {"type": "Polygon", "coordinates": [[[-53.74999999999994, -22.499999999999943], [-53.599999999999966, -22.499999999999943], [-53.599999999999966, -22.649999999999977], [-53.74999999999994, -22.649999999999977], [-53.74999999999994, -22.499999999999943]]]}}, {"type": "Feature", "properties": {"No_de_Poco": 1, "Shape_Leng": 0.6, "Shape_Area": 0.0225}, "geometry": {"type": "Polygon", "coordinates": [[[-53.74999999999994, -22.349999999999966], [-53.599999999999966, -22.349999999999966], [-53.599999999999966, -22.499999999999943], [-53.74999999999994, -22.499999999999943], [-53.74999999999994, -22.349999999999966]]]}}, {"type": "Feature", "properties": {"No_de_Poco": 0, "Shape_Leng": 0.6, "Shape_Area": 0.0225}, "geometry": {"type": "Polygon", "coordinates": [[[-53.74999999999994, -22.199999999999932], [-53.599999999999966, -22.199999999999932], [-53.599999999999966, -22.349999999999966], [-53.74999999999994, -22.349999999999966], [-53.74999999999994, -22.199999999999932]]]}}, {"type": "Feature", "properties": {"No_de_Poco": 0, "Shape_Leng": 0.6, "Shape_Area": 0.0225}, "geometry": {"type": "Polygon", "coordinates": [[[-53.74999999999994, -22.049999999999955], [-53.599999999999966, -22.049999999999955], [-53.599999999999966, -22.199999999999932], [-53.74999999999994, -22.199999999999932], [-53.74999999999994, -22.049999999999955]]]}}, {"type": "Feature", "properties": {"No_de_Poco": 1, "Shape_Leng": 0.6, "Shape_Area": 0.0225}, "geometry": {"type": "Polygon", "coordinates": [[[-53.74999999999994, -21.899999999999977], [-53.599999999999966, -21.899999999999977], [-53.599999999999966, -22.049999999999955], [-53.74999999999994, -22.049999999999955], [-53.74999999999994, -21.899999999999977]]]}}, {"type": "Feature", "properties": {"No_de_Poco": 0, "Shape_Leng": 0.6, "Shape_Area": 0.0225}, "geometry": {"type": "Polygon", "coordinates": [[[-53.74999999999994, -21.749999999999943], [-53.599999999999966, -21.749999999999943], [-53.599999999999966, -21.899999999999977], [-53.74999999999994, -21.899999999999977], [-53.74999999999994, -21.749999999999943]]]}}, {"type": "Feature", "properties": {"No_de_Poco": 0, "Shape_Leng": 0.6, "Shape_Area": 0.0225}, "geometry": {"type": "Polygon", "coordinates": [[[-53.74999999999994, -21.599999999999966], [-53.599999999999966, -21.599999999999966], [-53.599999999999966, -21.749999999999943], [-53.74999999999994, -21.749999999999943], [-53.74999999999994, -21.599999999999966]]]}}, {"type": "Feature", "properties": {"No_de_Poco": 0, "Shape_Leng": 0.6, "Shape_Area": 0.0225}, "geometry": {"type": "Polygon", "coordinates": [[[-53.74999999999994, -21.449999999999932], [-53.599999999999966, -21.449999999999932], [-53.599999999999966, -21.599999999999966], [-53.74999999999994, -21.599999999999966], [-53.74999999999994, -21.449999999999932]]]}}, {"type": "Feature", "properties": {"No_de_Poco": 0, "Shape_Leng": 0.6, "Shape_Area": 0.0225}, "geometry": {"type": "Polygon", "coordinates": [[[-53.74999999999994, -21.299999999999955], [-53.599999999999966, -21.299999999999955], [-53.599999999999966, -21.449999999999932], [-53.74999999999994, -21.449999999999932], [-53.74999999999994, -21.299999999999955]]]}}, {"type": "Feature", "properties": {"No_de_Poco": 1, "Shape_Leng": 0.6, "Shape_Area": 0.0225}, "geometry": {"type": "Polygon", "coordinates": [[[-53.74999999999994, -21.149999999999977], [-53.599999999999966, -21.149999999999977], [-53.599999999999966, -21.299999999999955], [-53.74999999999994, -21.299999999999955], [-53.74999999999994, -21.149999999999977]]]}}, {"type": "Feature", "properties": {"No_de_Poco": 2, "Shape_Leng": 0.6, "Shape_Area": 0.0225}, "geometry": {"type": "Polygon", "coordinates": [[[-53.74999999999994, -20.999999999999943], [-53.599999999999966, -20.999999999999943], [-53.599999999999966, -21.149999999999977], [-53.74999999999994, -21.149999999999977], [-53.74999999999994, -20.999999999999943]]]}}, {"type": "Feature", "properties": {"No_de_Poco": 0, "Shape_Leng": 0.6, "Shape_Area": 0.0225}, "geometry": {"type": "Polygon", "coordinates": [[[-53.74999999999994, -20.849999999999966], [-53.599999999999966, -20.849999999999966], [-53.599999999999966, -20.999999999999943], [-53.74999999999994, -20.999999999999943], [-53.74999999999994, -20.849999999999966]]]}}, {"type": "Feature", "properties": {"No_de_Poco": 0, "Shape_Leng": 0.6, "Shape_Area": 0.0225}, "geometry": {"type": "Polygon", "coordinates": [[[-53.74999999999994, -20.699999999999932], [-53.599999999999966, -20.699999999999932], [-53.599999999999966, -20.849999999999966], [-53.74999999999994, -20.849999999999966], [-53.74999999999994, -20.699999999999932]]]}}, {"type": "Feature", "properties": {"No_de_Poco": 1, "Shape_Leng": 0.6, "Shape_Area": 0.0225}, "geometry": {"type": "Polygon", "coordinates": [[[-53.74999999999994, -20.549999999999955], [-53.599999999999966, -20.549999999999955], [-53.599999999999966, -20.699999999999932], [-53.74999999999994, -20.699999999999932], [-53.74999999999994, -20.549999999999955]]]}}, {"type": "Feature", "properties": {"No_de_Poco": 1, "Shape_Leng": 0.6, "Shape_Area": 0.0225}, "geometry": {"type": "Polygon", "coordinates": [[[-53.74999999999994, -20.399999999999977], [-53.599999999999966, -20.399999999999977], [-53.599999999999966, -20.549999999999955], [-53.74999999999994, -20.549999999999955], [-53.74999999999994, -20.399999999999977]]]}}, {"type": "Feature", "properties": {"No_de_Poco": 2, "Shape_Leng": 0.6, "Shape_Area": 0.0225}, "geometry": {"type": "Polygon", "coordinates": [[[-53.74999999999994, -20.249999999999943], [-53.599999999999966, -20.249999999999943], [-53.599999999999966, -20.399999999999977], [-53.74999999999994, -20.399999999999977], [-53.74999999999994, -20.249999999999943]]]}}, {"type": "Feature", "properties": {"No_de_Poco": 0, "Shape_Leng": 0.6, "Shape_Area": 0.0225}, "geometry": {"type": "Polygon", "coordinates": [[[-53.74999999999994, -20.099999999999966], [-53.599999999999966, -20.099999999999966], [-53.599999999999966, -20.249999999999943], [-53.74999999999994, -20.249999999999943], [-53.74999999999994, -20.099999999999966]]]}}, {"type": "Feature", "properties": {"No_de_Poco": 0, "Shape_Leng": 0.6, "Shape_Area": 0.0225}, "geometry": {"type": "Polygon", "coordinates": [[[-53.74999999999994, -19.949999999999932], [-53.599999999999966, -19.949999999999932], [-53.599999999999966, -20.099999999999966], [-53.74999999999994, -20.099999999999966], [-53.74999999999994, -19.949999999999932]]]}}, {"type": "Feature", "properties": {"No_de_Poco": 1, "Shape_Leng": 0.6, "Shape_Area": 0.0225}, "geometry": {"type": "Polygon", "coordinates": [[[-53.74999999999994, -19.799999999999955], [-53.599999999999966, -19.799999999999955], [-53.599999999999966, -19.949999999999932], [-53.74999999999994, -19.949999999999932], [-53.74999999999994, -19.799999999999955]]]}}, {"type": "Feature", "properties": {"No_de_Poco": 0, "Shape_Leng": 0.6, "Shape_Area": 0.0225}, "geometry": {"type": "Polygon", "coordinates": [[[-53.89999999999998, -23.249999999999943], [-53.74999999999994, -23.249999999999943], [-53.74999999999994, -23.399999999999977], [-53.89999999999998, -23.399999999999977], [-53.89999999999998, -23.249999999999943]]]}}, {"type": "Feature", "properties": {"No_de_Poco": 0, "Shape_Leng": 0.6, "Shape_Area": 0.0225}, "geometry": {"type": "Polygon", "coordinates": [[[-53.89999999999998, -23.099999999999966], [-53.74999999999994, -23.099999999999966], [-53.74999999999994, -23.249999999999943], [-53.89999999999998, -23.249999999999943], [-53.89999999999998, -23.099999999999966]]]}}, {"type": "Feature", "properties": {"No_de_Poco": 0, "Shape_Leng": 0.6, "Shape_Area": 0.0225}, "geometry": {"type": "Polygon", "coordinates": [[[-53.89999999999998, -22.949999999999932], [-53.74999999999994, -22.949999999999932], [-53.74999999999994, -23.099999999999966], [-53.89999999999998, -23.099999999999966], [-53.89999999999998, -22.949999999999932]]]}}, {"type": "Feature", "properties": {"No_de_Poco": 0, "Shape_Leng": 0.6, "Shape_Area": 0.0225}, "geometry": {"type": "Polygon", "coordinates": [[[-53.89999999999998, -22.799999999999955], [-53.74999999999994, -22.799999999999955], [-53.74999999999994, -22.949999999999932], [-53.89999999999998, -22.949999999999932], [-53.89999999999998, -22.799999999999955]]]}}, {"type": "Feature", "properties": {"No_de_Poco": 6, "Shape_Leng": 0.6, "Shape_Area": 0.0225}, "geometry": {"type": "Polygon", "coordinates": [[[-53.89999999999998, -22.649999999999977], [-53.74999999999994, -22.649999999999977], [-53.74999999999994, -22.799999999999955], [-53.89999999999998, -22.799999999999955], [-53.89999999999998, -22.649999999999977]]]}}, {"type": "Feature", "properties": {"No_de_Poco": 4, "Shape_Leng": 0.6, "Shape_Area": 0.0225}, "geometry": {"type": "Polygon", "coordinates": [[[-53.89999999999998, -22.499999999999943], [-53.74999999999994, -22.499999999999943], [-53.74999999999994, -22.649999999999977], [-53.89999999999998, -22.649999999999977], [-53.89999999999998, -22.499999999999943]]]}}, {"type": "Feature", "properties": {"No_de_Poco": 2, "Shape_Leng": 0.6, "Shape_Area": 0.0225}, "geometry": {"type": "Polygon", "coordinates": [[[-53.89999999999998, -22.349999999999966], [-53.74999999999994, -22.349999999999966], [-53.74999999999994, -22.499999999999943], [-53.89999999999998, -22.499999999999943], [-53.89999999999998, -22.349999999999966]]]}}, {"type": "Feature", "properties": {"No_de_Poco": 26, "Shape_Leng": 0.6, "Shape_Area": 0.0225}, "geometry": {"type": "Polygon", "coordinates": [[[-53.89999999999998, -22.199999999999932], [-53.74999999999994, -22.199999999999932], [-53.74999999999994, -22.349999999999966], [-53.89999999999998, -22.349999999999966], [-53.89999999999998, -22.199999999999932]]]}}, {"type": "Feature", "properties": {"No_de_Poco": 19, "Shape_Leng": 0.6, "Shape_Area": 0.0225}, "geometry": {"type": "Polygon", "coordinates": [[[-53.89999999999998, -22.049999999999955], [-53.74999999999994, -22.049999999999955], [-53.74999999999994, -22.199999999999932], [-53.89999999999998, -22.199999999999932], [-53.89999999999998, -22.049999999999955]]]}}, {"type": "Feature", "properties": {"No_de_Poco": 2, "Shape_Leng": 0.6, "Shape_Area": 0.0225}, "geometry": {"type": "Polygon", "coordinates": [[[-53.89999999999998, -21.899999999999977], [-53.74999999999994, -21.899999999999977], [-53.74999999999994, -22.049999999999955], [-53.89999999999998, -22.049999999999955], [-53.89999999999998, -21.899999999999977]]]}}, {"type": "Feature", "properties": {"No_de_Poco": 0, "Shape_Leng": 0.6, "Shape_Area": 0.0225}, "geometry": {"type": "Polygon", "coordinates": [[[-53.89999999999998, -21.749999999999943], [-53.74999999999994, -21.749999999999943], [-53.74999999999994, -21.899999999999977], [-53.89999999999998, -21.899999999999977], [-53.89999999999998, -21.749999999999943]]]}}, {"type": "Feature", "properties": {"No_de_Poco": 0, "Shape_Leng": 0.6, "Shape_Area": 0.0225}, "geometry": {"type": "Polygon", "coordinates": [[[-53.89999999999998, -21.599999999999966], [-53.74999999999994, -21.599999999999966], [-53.74999999999994, -21.749999999999943], [-53.89999999999998, -21.749999999999943], [-53.89999999999998, -21.599999999999966]]]}}, {"type": "Feature", "properties": {"No_de_Poco": 0, "Shape_Leng": 0.6, "Shape_Area": 0.0225}, "geometry": {"type": "Polygon", "coordinates": [[[-53.89999999999998, -21.449999999999932], [-53.74999999999994, -21.449999999999932], [-53.74999999999994, -21.599999999999966], [-53.89999999999998, -21.599999999999966], [-53.89999999999998, -21.449999999999932]]]}}, {"type": "Feature", "properties": {"No_de_Poco": 1, "Shape_Leng": 0.6, "Shape_Area": 0.0225}, "geometry": {"type": "Polygon", "coordinates": [[[-53.89999999999998, -21.299999999999955], [-53.74999999999994, -21.299999999999955], [-53.74999999999994, -21.449999999999932], [-53.89999999999998, -21.449999999999932], [-53.89999999999998, -21.299999999999955]]]}}, {"type": "Feature", "properties": {"No_de_Poco": 0, "Shape_Leng": 0.6, "Shape_Area": 0.0225}, "geometry": {"type": "Polygon", "coordinates": [[[-53.89999999999998, -21.149999999999977], [-53.74999999999994, -21.149999999999977], [-53.74999999999994, -21.299999999999955], [-53.89999999999998, -21.299999999999955], [-53.89999999999998, -21.149999999999977]]]}}, {"type": "Feature", "properties": {"No_de_Poco": 0, "Shape_Leng": 0.6, "Shape_Area": 0.0225}, "geometry": {"type": "Polygon", "coordinates": [[[-53.89999999999998, -20.999999999999943], [-53.74999999999994, -20.999999999999943], [-53.74999999999994, -21.149999999999977], [-53.89999999999998, -21.149999999999977], [-53.89999999999998, -20.999999999999943]]]}}, {"type": "Feature", "properties": {"No_de_Poco": 0, "Shape_Leng": 0.6, "Shape_Area": 0.0225}, "geometry": {"type": "Polygon", "coordinates": [[[-53.89999999999998, -20.849999999999966], [-53.74999999999994, -20.849999999999966], [-53.74999999999994, -20.999999999999943], [-53.89999999999998, -20.999999999999943], [-53.89999999999998, -20.849999999999966]]]}}, {"type": "Feature", "properties": {"No_de_Poco": 0, "Shape_Leng": 0.6, "Shape_Area": 0.0225}, "geometry": {"type": "Polygon", "coordinates": [[[-53.89999999999998, -20.699999999999932], [-53.74999999999994, -20.699999999999932], [-53.74999999999994, -20.849999999999966], [-53.89999999999998, -20.849999999999966], [-53.89999999999998, -20.699999999999932]]]}}, {"type": "Feature", "properties": {"No_de_Poco": 0, "Shape_Leng": 0.6, "Shape_Area": 0.0225}, "geometry": {"type": "Polygon", "coordinates": [[[-53.89999999999998, -20.549999999999955], [-53.74999999999994, -20.549999999999955], [-53.74999999999994, -20.699999999999932], [-53.89999999999998, -20.699999999999932], [-53.89999999999998, -20.549999999999955]]]}}, {"type": "Feature", "properties": {"No_de_Poco": 13, "Shape_Leng": 0.6, "Shape_Area": 0.0225}, "geometry": {"type": "Polygon", "coordinates": [[[-53.89999999999998, -20.399999999999977], [-53.74999999999994, -20.399999999999977], [-53.74999999999994, -20.549999999999955], [-53.89999999999998, -20.549999999999955], [-53.89999999999998, -20.399999999999977]]]}}, {"type": "Feature", "properties": {"No_de_Poco": 0, "Shape_Leng": 0.6, "Shape_Area": 0.0225}, "geometry": {"type": "Polygon", "coordinates": [[[-53.89999999999998, -20.249999999999943], [-53.74999999999994, -20.249999999999943], [-53.74999999999994, -20.399999999999977], [-53.89999999999998, -20.399999999999977], [-53.89999999999998, -20.249999999999943]]]}}, {"type": "Feature", "properties": {"No_de_Poco": 0, "Shape_Leng": 0.6, "Shape_Area": 0.0225}, "geometry": {"type": "Polygon", "coordinates": [[[-53.89999999999998, -20.099999999999966], [-53.74999999999994, -20.099999999999966], [-53.74999999999994, -20.249999999999943], [-53.89999999999998, -20.249999999999943], [-53.89999999999998, -20.099999999999966]]]}}, {"type": "Feature", "properties": {"No_de_Poco": 0, "Shape_Leng": 0.6, "Shape_Area": 0.0225}, "geometry": {"type": "Polygon", "coordinates": [[[-53.89999999999998, -19.949999999999932], [-53.74999999999994, -19.949999999999932], [-53.74999999999994, -20.099999999999966], [-53.89999999999998, -20.099999999999966], [-53.89999999999998, -19.949999999999932]]]}}, {"type": "Feature", "properties": {"No_de_Poco": 0, "Shape_Leng": 0.6, "Shape_Area": 0.0225}, "geometry": {"type": "Polygon", "coordinates": [[[-53.89999999999998, -19.799999999999955], [-53.74999999999994, -19.799999999999955], [-53.74999999999994, -19.949999999999932], [-53.89999999999998, -19.949999999999932], [-53.89999999999998, -19.799999999999955]]]}}, {"type": "Feature", "properties": {"No_de_Poco": 0, "Shape_Leng": 0.6, "Shape_Area": 0.0225}, "geometry": {"type": "Polygon", "coordinates": [[[-54.049999999999955, -23.699999999999932], [-53.89999999999998, -23.699999999999932], [-53.89999999999998, -23.849999999999966], [-54.049999999999955, -23.849999999999966], [-54.049999999999955, -23.699999999999932]]]}}, {"type": "Feature", "properties": {"No_de_Poco": 0, "Shape_Leng": 0.6, "Shape_Area": 0.0225}, "geometry": {"type": "Polygon", "coordinates": [[[-54.049999999999955, -23.549999999999955], [-53.89999999999998, -23.549999999999955], [-53.89999999999998, -23.699999999999932], [-54.049999999999955, -23.699999999999932], [-54.049999999999955, -23.549999999999955]]]}}, {"type": "Feature", "properties": {"No_de_Poco": 0, "Shape_Leng": 0.6, "Shape_Area": 0.0225}, "geometry": {"type": "Polygon", "coordinates": [[[-54.049999999999955, -23.399999999999977], [-53.89999999999998, -23.399999999999977], [-53.89999999999998, -23.549999999999955], [-54.049999999999955, -23.549999999999955], [-54.049999999999955, -23.399999999999977]]]}}, {"type": "Feature", "properties": {"No_de_Poco": 0, "Shape_Leng": 0.6, "Shape_Area": 0.0225}, "geometry": {"type": "Polygon", "coordinates": [[[-54.049999999999955, -23.249999999999943], [-53.89999999999998, -23.249999999999943], [-53.89999999999998, -23.399999999999977], [-54.049999999999955, -23.399999999999977], [-54.049999999999955, -23.249999999999943]]]}}, {"type": "Feature", "properties": {"No_de_Poco": 0, "Shape_Leng": 0.6, "Shape_Area": 0.0225}, "geometry": {"type": "Polygon", "coordinates": [[[-54.049999999999955, -23.099999999999966], [-53.89999999999998, -23.099999999999966], [-53.89999999999998, -23.249999999999943], [-54.049999999999955, -23.249999999999943], [-54.049999999999955, -23.099999999999966]]]}}, {"type": "Feature", "properties": {"No_de_Poco": 0, "Shape_Leng": 0.6, "Shape_Area": 0.0225}, "geometry": {"type": "Polygon", "coordinates": [[[-54.049999999999955, -22.949999999999932], [-53.89999999999998, -22.949999999999932], [-53.89999999999998, -23.099999999999966], [-54.049999999999955, -23.099999999999966], [-54.049999999999955, -22.949999999999932]]]}}, {"type": "Feature", "properties": {"No_de_Poco": 0, "Shape_Leng": 0.6, "Shape_Area": 0.0225}, "geometry": {"type": "Polygon", "coordinates": [[[-54.049999999999955, -22.799999999999955], [-53.89999999999998, -22.799999999999955], [-53.89999999999998, -22.949999999999932], [-54.049999999999955, -22.949999999999932], [-54.049999999999955, -22.799999999999955]]]}}, {"type": "Feature", "properties": {"No_de_Poco": 0, "Shape_Leng": 0.6, "Shape_Area": 0.0225}, "geometry": {"type": "Polygon", "coordinates": [[[-54.049999999999955, -22.649999999999977], [-53.89999999999998, -22.649999999999977], [-53.89999999999998, -22.799999999999955], [-54.049999999999955, -22.799999999999955], [-54.049999999999955, -22.649999999999977]]]}}, {"type": "Feature", "properties": {"No_de_Poco": 0, "Shape_Leng": 0.6, "Shape_Area": 0.0225}, "geometry": {"type": "Polygon", "coordinates": [[[-54.049999999999955, -22.499999999999943], [-53.89999999999998, -22.499999999999943], [-53.89999999999998, -22.649999999999977], [-54.049999999999955, -22.649999999999977], [-54.049999999999955, -22.499999999999943]]]}}, {"type": "Feature", "properties": {"No_de_Poco": 3, "Shape_Leng": 0.6, "Shape_Area": 0.0225}, "geometry": {"type": "Polygon", "coordinates": [[[-54.049999999999955, -22.349999999999966], [-53.89999999999998, -22.349999999999966], [-53.89999999999998, -22.499999999999943], [-54.049999999999955, -22.499999999999943], [-54.049999999999955, -22.349999999999966]]]}}, {"type": "Feature", "properties": {"No_de_Poco": 2, "Shape_Leng": 0.6, "Shape_Area": 0.0225}, "geometry": {"type": "Polygon", "coordinates": [[[-54.049999999999955, -22.199999999999932], [-53.89999999999998, -22.199999999999932], [-53.89999999999998, -22.349999999999966], [-54.049999999999955, -22.349999999999966], [-54.049999999999955, -22.199999999999932]]]}}, {"type": "Feature", "properties": {"No_de_Poco": 0, "Shape_Leng": 0.6, "Shape_Area": 0.0225}, "geometry": {"type": "Polygon", "coordinates": [[[-54.049999999999955, -22.049999999999955], [-53.89999999999998, -22.049999999999955], [-53.89999999999998, -22.199999999999932], [-54.049999999999955, -22.199999999999932], [-54.049999999999955, -22.049999999999955]]]}}, {"type": "Feature", "properties": {"No_de_Poco": 0, "Shape_Leng": 0.6, "Shape_Area": 0.0225}, "geometry": {"type": "Polygon", "coordinates": [[[-54.049999999999955, -21.899999999999977], [-53.89999999999998, -21.899999999999977], [-53.89999999999998, -22.049999999999955], [-54.049999999999955, -22.049999999999955], [-54.049999999999955, -21.899999999999977]]]}}, {"type": "Feature", "properties": {"No_de_Poco": 1, "Shape_Leng": 0.6, "Shape_Area": 0.0225}, "geometry": {"type": "Polygon", "coordinates": [[[-54.049999999999955, -21.749999999999943], [-53.89999999999998, -21.749999999999943], [-53.89999999999998, -21.899999999999977], [-54.049999999999955, -21.899999999999977], [-54.049999999999955, -21.749999999999943]]]}}, {"type": "Feature", "properties": {"No_de_Poco": 0, "Shape_Leng": 0.6, "Shape_Area": 0.0225}, "geometry": {"type": "Polygon", "coordinates": [[[-54.049999999999955, -21.599999999999966], [-53.89999999999998, -21.599999999999966], [-53.89999999999998, -21.749999999999943], [-54.049999999999955, -21.749999999999943], [-54.049999999999955, -21.599999999999966]]]}}, {"type": "Feature", "properties": {"No_de_Poco": 1, "Shape_Leng": 0.6, "Shape_Area": 0.0225}, "geometry": {"type": "Polygon", "coordinates": [[[-54.049999999999955, -21.449999999999932], [-53.89999999999998, -21.449999999999932], [-53.89999999999998, -21.599999999999966], [-54.049999999999955, -21.599999999999966], [-54.049999999999955, -21.449999999999932]]]}}, {"type": "Feature", "properties": {"No_de_Poco": 0, "Shape_Leng": 0.6, "Shape_Area": 0.0225}, "geometry": {"type": "Polygon", "coordinates": [[[-54.049999999999955, -21.299999999999955], [-53.89999999999998, -21.299999999999955], [-53.89999999999998, -21.449999999999932], [-54.049999999999955, -21.449999999999932], [-54.049999999999955, -21.299999999999955]]]}}, {"type": "Feature", "properties": {"No_de_Poco": 0, "Shape_Leng": 0.6, "Shape_Area": 0.0225}, "geometry": {"type": "Polygon", "coordinates": [[[-54.049999999999955, -21.149999999999977], [-53.89999999999998, -21.149999999999977], [-53.89999999999998, -21.299999999999955], [-54.049999999999955, -21.299999999999955], [-54.049999999999955, -21.149999999999977]]]}}, {"type": "Feature", "properties": {"No_de_Poco": 0, "Shape_Leng": 0.6, "Shape_Area": 0.0225}, "geometry": {"type": "Polygon", "coordinates": [[[-54.049999999999955, -20.999999999999943], [-53.89999999999998, -20.999999999999943], [-53.89999999999998, -21.149999999999977], [-54.049999999999955, -21.149999999999977], [-54.049999999999955, -20.999999999999943]]]}}, {"type": "Feature", "properties": {"No_de_Poco": 0, "Shape_Leng": 0.6, "Shape_Area": 0.0225}, "geometry": {"type": "Polygon", "coordinates": [[[-54.049999999999955, -20.849999999999966], [-53.89999999999998, -20.849999999999966], [-53.89999999999998, -20.999999999999943], [-54.049999999999955, -20.999999999999943], [-54.049999999999955, -20.849999999999966]]]}}, {"type": "Feature", "properties": {"No_de_Poco": 0, "Shape_Leng": 0.6, "Shape_Area": 0.0225}, "geometry": {"type": "Polygon", "coordinates": [[[-54.049999999999955, -20.699999999999932], [-53.89999999999998, -20.699999999999932], [-53.89999999999998, -20.849999999999966], [-54.049999999999955, -20.849999999999966], [-54.049999999999955, -20.699999999999932]]]}}, {"type": "Feature", "properties": {"No_de_Poco": 0, "Shape_Leng": 0.6, "Shape_Area": 0.0225}, "geometry": {"type": "Polygon", "coordinates": [[[-54.049999999999955, -20.549999999999955], [-53.89999999999998, -20.549999999999955], [-53.89999999999998, -20.699999999999932], [-54.049999999999955, -20.699999999999932], [-54.049999999999955, -20.549999999999955]]]}}, {"type": "Feature", "properties": {"No_de_Poco": 0, "Shape_Leng": 0.6, "Shape_Area": 0.0225}, "geometry": {"type": "Polygon", "coordinates": [[[-54.049999999999955, -20.399999999999977], [-53.89999999999998, -20.399999999999977], [-53.89999999999998, -20.549999999999955], [-54.049999999999955, -20.549999999999955], [-54.049999999999955, -20.399999999999977]]]}}, {"type": "Feature", "properties": {"No_de_Poco": 0, "Shape_Leng": 0.6, "Shape_Area": 0.0225}, "geometry": {"type": "Polygon", "coordinates": [[[-54.049999999999955, -20.249999999999943], [-53.89999999999998, -20.249999999999943], [-53.89999999999998, -20.399999999999977], [-54.049999999999955, -20.399999999999977], [-54.049999999999955, -20.249999999999943]]]}}, {"type": "Feature", "properties": {"No_de_Poco": 0, "Shape_Leng": 0.6, "Shape_Area": 0.0225}, "geometry": {"type": "Polygon", "coordinates": [[[-54.049999999999955, -20.099999999999966], [-53.89999999999998, -20.099999999999966], [-53.89999999999998, -20.249999999999943], [-54.049999999999955, -20.249999999999943], [-54.049999999999955, -20.099999999999966]]]}}, {"type": "Feature", "properties": {"No_de_Poco": 0, "Shape_Leng": 0.6, "Shape_Area": 0.0225}, "geometry": {"type": "Polygon", "coordinates": [[[-54.049999999999955, -19.949999999999932], [-53.89999999999998, -19.949999999999932], [-53.89999999999998, -20.099999999999966], [-54.049999999999955, -20.099999999999966], [-54.049999999999955, -19.949999999999932]]]}}, {"type": "Feature", "properties": {"No_de_Poco": 1, "Shape_Leng": 0.6, "Shape_Area": 0.0225}, "geometry": {"type": "Polygon", "coordinates": [[[-54.049999999999955, -19.799999999999955], [-53.89999999999998, -19.799999999999955], [-53.89999999999998, -19.949999999999932], [-54.049999999999955, -19.949999999999932], [-54.049999999999955, -19.799999999999955]]]}}, {"type": "Feature", "properties": {"No_de_Poco": 0, "Shape_Leng": 0.6, "Shape_Area": 0.0225}, "geometry": {"type": "Polygon", "coordinates": [[[-54.19999999999993, -23.999999999999943], [-54.049999999999955, -23.999999999999943], [-54.049999999999955, -24.149999999999977], [-54.19999999999993, -24.149999999999977], [-54.19999999999993, -23.999999999999943]]]}}, {"type": "Feature", "properties": {"No_de_Poco": 0, "Shape_Leng": 0.6, "Shape_Area": 0.0225}, "geometry": {"type": "Polygon", "coordinates": [[[-54.19999999999993, -23.849999999999966], [-54.049999999999955, -23.849999999999966], [-54.049999999999955, -23.999999999999943], [-54.19999999999993, -23.999999999999943], [-54.19999999999993, -23.849999999999966]]]}}, {"type": "Feature", "properties": {"No_de_Poco": 3, "Shape_Leng": 0.6, "Shape_Area": 0.0225}, "geometry": {"type": "Polygon", "coordinates": [[[-54.19999999999993, -23.699999999999932], [-54.049999999999955, -23.699999999999932], [-54.049999999999955, -23.849999999999966], [-54.19999999999993, -23.849999999999966], [-54.19999999999993, -23.699999999999932]]]}}, {"type": "Feature", "properties": {"No_de_Poco": 1, "Shape_Leng": 0.6, "Shape_Area": 0.0225}, "geometry": {"type": "Polygon", "coordinates": [[[-54.19999999999993, -23.549999999999955], [-54.049999999999955, -23.549999999999955], [-54.049999999999955, -23.699999999999932], [-54.19999999999993, -23.699999999999932], [-54.19999999999993, -23.549999999999955]]]}}, {"type": "Feature", "properties": {"No_de_Poco": 9, "Shape_Leng": 0.6, "Shape_Area": 0.0225}, "geometry": {"type": "Polygon", "coordinates": [[[-54.19999999999993, -23.399999999999977], [-54.049999999999955, -23.399999999999977], [-54.049999999999955, -23.549999999999955], [-54.19999999999993, -23.549999999999955], [-54.19999999999993, -23.399999999999977]]]}}, {"type": "Feature", "properties": {"No_de_Poco": 0, "Shape_Leng": 0.6, "Shape_Area": 0.0225}, "geometry": {"type": "Polygon", "coordinates": [[[-54.19999999999993, -23.249999999999943], [-54.049999999999955, -23.249999999999943], [-54.049999999999955, -23.399999999999977], [-54.19999999999993, -23.399999999999977], [-54.19999999999993, -23.249999999999943]]]}}, {"type": "Feature", "properties": {"No_de_Poco": 3, "Shape_Leng": 0.6, "Shape_Area": 0.0225}, "geometry": {"type": "Polygon", "coordinates": [[[-54.19999999999993, -23.099999999999966], [-54.049999999999955, -23.099999999999966], [-54.049999999999955, -23.249999999999943], [-54.19999999999993, -23.249999999999943], [-54.19999999999993, -23.099999999999966]]]}}, {"type": "Feature", "properties": {"No_de_Poco": 20, "Shape_Leng": 0.6, "Shape_Area": 0.0225}, "geometry": {"type": "Polygon", "coordinates": [[[-54.19999999999993, -22.949999999999932], [-54.049999999999955, -22.949999999999932], [-54.049999999999955, -23.099999999999966], [-54.19999999999993, -23.099999999999966], [-54.19999999999993, -22.949999999999932]]]}}, {"type": "Feature", "properties": {"No_de_Poco": 0, "Shape_Leng": 0.6, "Shape_Area": 0.0225}, "geometry": {"type": "Polygon", "coordinates": [[[-54.19999999999993, -22.799999999999955], [-54.049999999999955, -22.799999999999955], [-54.049999999999955, -22.949999999999932], [-54.19999999999993, -22.949999999999932], [-54.19999999999993, -22.799999999999955]]]}}, {"type": "Feature", "properties": {"No_de_Poco": 0, "Shape_Leng": 0.6, "Shape_Area": 0.0225}, "geometry": {"type": "Polygon", "coordinates": [[[-54.19999999999993, -22.649999999999977], [-54.049999999999955, -22.649999999999977], [-54.049999999999955, -22.799999999999955], [-54.19999999999993, -22.799999999999955], [-54.19999999999993, -22.649999999999977]]]}}, {"type": "Feature", "properties": {"No_de_Poco": 1, "Shape_Leng": 0.6, "Shape_Area": 0.0225}, "geometry": {"type": "Polygon", "coordinates": [[[-54.19999999999993, -22.499999999999943], [-54.049999999999955, -22.499999999999943], [-54.049999999999955, -22.649999999999977], [-54.19999999999993, -22.649999999999977], [-54.19999999999993, -22.499999999999943]]]}}, {"type": "Feature", "properties": {"No_de_Poco": 4, "Shape_Leng": 0.6, "Shape_Area": 0.0225}, "geometry": {"type": "Polygon", "coordinates": [[[-54.19999999999993, -22.349999999999966], [-54.049999999999955, -22.349999999999966], [-54.049999999999955, -22.499999999999943], [-54.19999999999993, -22.499999999999943], [-54.19999999999993, -22.349999999999966]]]}}, {"type": "Feature", "properties": {"No_de_Poco": 9, "Shape_Leng": 0.6, "Shape_Area": 0.0225}, "geometry": {"type": "Polygon", "coordinates": [[[-54.19999999999993, -22.049999999999955], [-54.049999999999955, -22.049999999999955], [-54.049999999999955, -22.199999999999932], [-54.19999999999993, -22.199999999999932], [-54.19999999999993, -22.049999999999955]]]}}, {"type": "Feature", "properties": {"No_de_Poco": 0, "Shape_Leng": 0.6, "Shape_Area": 0.0225}, "geometry": {"type": "Polygon", "coordinates": [[[-54.19999999999993, -21.899999999999977], [-54.049999999999955, -21.899999999999977], [-54.049999999999955, -22.049999999999955], [-54.19999999999993, -22.049999999999955], [-54.19999999999993, -21.899999999999977]]]}}, {"type": "Feature", "properties": {"No_de_Poco": 1, "Shape_Leng": 0.6, "Shape_Area": 0.0225}, "geometry": {"type": "Polygon", "coordinates": [[[-54.19999999999993, -21.749999999999943], [-54.049999999999955, -21.749999999999943], [-54.049999999999955, -21.899999999999977], [-54.19999999999993, -21.899999999999977], [-54.19999999999993, -21.749999999999943]]]}}, {"type": "Feature", "properties": {"No_de_Poco": 0, "Shape_Leng": 0.6, "Shape_Area": 0.0225}, "geometry": {"type": "Polygon", "coordinates": [[[-54.19999999999993, -21.599999999999966], [-54.049999999999955, -21.599999999999966], [-54.049999999999955, -21.749999999999943], [-54.19999999999993, -21.749999999999943], [-54.19999999999993, -21.599999999999966]]]}}, {"type": "Feature", "properties": {"No_de_Poco": 1, "Shape_Leng": 0.6, "Shape_Area": 0.0225}, "geometry": {"type": "Polygon", "coordinates": [[[-54.19999999999993, -21.449999999999932], [-54.049999999999955, -21.449999999999932], [-54.049999999999955, -21.599999999999966], [-54.19999999999993, -21.599999999999966], [-54.19999999999993, -21.449999999999932]]]}}, {"type": "Feature", "properties": {"No_de_Poco": 0, "Shape_Leng": 0.6, "Shape_Area": 0.0225}, "geometry": {"type": "Polygon", "coordinates": [[[-54.19999999999993, -21.299999999999955], [-54.049999999999955, -21.299999999999955], [-54.049999999999955, -21.449999999999932], [-54.19999999999993, -21.449999999999932], [-54.19999999999993, -21.299999999999955]]]}}, {"type": "Feature", "properties": {"No_de_Poco": 1, "Shape_Leng": 0.6, "Shape_Area": 0.0225}, "geometry": {"type": "Polygon", "coordinates": [[[-54.19999999999993, -21.149999999999977], [-54.049999999999955, -21.149999999999977], [-54.049999999999955, -21.299999999999955], [-54.19999999999993, -21.299999999999955], [-54.19999999999993, -21.149999999999977]]]}}, {"type": "Feature", "properties": {"No_de_Poco": 0, "Shape_Leng": 0.6, "Shape_Area": 0.0225}, "geometry": {"type": "Polygon", "coordinates": [[[-54.19999999999993, -20.999999999999943], [-54.049999999999955, -20.999999999999943], [-54.049999999999955, -21.149999999999977], [-54.19999999999993, -21.149999999999977], [-54.19999999999993, -20.999999999999943]]]}}, {"type": "Feature", "properties": {"No_de_Poco": 0, "Shape_Leng": 0.6, "Shape_Area": 0.0225}, "geometry": {"type": "Polygon", "coordinates": [[[-54.19999999999993, -20.249999999999943], [-54.049999999999955, -20.249999999999943], [-54.049999999999955, -20.399999999999977], [-54.19999999999993, -20.399999999999977], [-54.19999999999993, -20.249999999999943]]]}}, {"type": "Feature", "properties": {"No_de_Poco": 0, "Shape_Leng": 0.6, "Shape_Area": 0.0225}, "geometry": {"type": "Polygon", "coordinates": [[[-54.19999999999993, -20.099999999999966], [-54.049999999999955, -20.099999999999966], [-54.049999999999955, -20.249999999999943], [-54.19999999999993, -20.249999999999943], [-54.19999999999993, -20.099999999999966]]]}}, {"type": "Feature", "properties": {"No_de_Poco": 0, "Shape_Leng": 0.6, "Shape_Area": 0.0225}, "geometry": {"type": "Polygon", "coordinates": [[[-54.19999999999993, -19.949999999999932], [-54.049999999999955, -19.949999999999932], [-54.049999999999955, -20.099999999999966], [-54.19999999999993, -20.099999999999966], [-54.19999999999993, -19.949999999999932]]]}}, {"type": "Feature", "properties": {"No_de_Poco": 1, "Shape_Leng": 0.6, "Shape_Area": 0.0225}, "geometry": {"type": "Polygon", "coordinates": [[[-54.19999999999993, -19.799999999999955], [-54.049999999999955, -19.799999999999955], [-54.049999999999955, -19.949999999999932], [-54.19999999999993, -19.949999999999932], [-54.19999999999993, -19.799999999999955]]]}}, {"type": "Feature", "properties": {"No_de_Poco": 0, "Shape_Leng": 0.6, "Shape_Area": 0.0225}, "geometry": {"type": "Polygon", "coordinates": [[[-54.349999999999966, -23.999999999999943], [-54.19999999999993, -23.999999999999943], [-54.19999999999993, -24.149999999999977], [-54.349999999999966, -24.149999999999977], [-54.349999999999966, -23.999999999999943]]]}}, {"type": "Feature", "properties": {"No_de_Poco": 6, "Shape_Leng": 0.6, "Shape_Area": 0.0225}, "geometry": {"type": "Polygon", "coordinates": [[[-54.349999999999966, -23.849999999999966], [-54.19999999999993, -23.849999999999966], [-54.19999999999993, -23.999999999999943], [-54.349999999999966, -23.999999999999943], [-54.349999999999966, -23.849999999999966]]]}}, {"type": "Feature", "properties": {"No_de_Poco": 12, "Shape_Leng": 0.6, "Shape_Area": 0.0225}, "geometry": {"type": "Polygon", "coordinates": [[[-54.349999999999966, -23.699999999999932], [-54.19999999999993, -23.699999999999932], [-54.19999999999993, -23.849999999999966], [-54.349999999999966, -23.849999999999966], [-54.349999999999966, -23.699999999999932]]]}}, {"type": "Feature", "properties": {"No_de_Poco": 1, "Shape_Leng": 0.6, "Shape_Area": 0.0225}, "geometry": {"type": "Polygon", "coordinates": [[[-54.349999999999966, -23.549999999999955], [-54.19999999999993, -23.549999999999955], [-54.19999999999993, -23.699999999999932], [-54.349999999999966, -23.699999999999932], [-54.349999999999966, -23.549999999999955]]]}}, {"type": "Feature", "properties": {"No_de_Poco": 0, "Shape_Leng": 0.6, "Shape_Area": 0.0225}, "geometry": {"type": "Polygon", "coordinates": [[[-54.349999999999966, -23.399999999999977], [-54.19999999999993, -23.399999999999977], [-54.19999999999993, -23.549999999999955], [-54.349999999999966, -23.549999999999955], [-54.349999999999966, -23.399999999999977]]]}}, {"type": "Feature", "properties": {"No_de_Poco": 0, "Shape_Leng": 0.6, "Shape_Area": 0.0225}, "geometry": {"type": "Polygon", "coordinates": [[[-54.349999999999966, -23.249999999999943], [-54.19999999999993, -23.249999999999943], [-54.19999999999993, -23.399999999999977], [-54.349999999999966, -23.399999999999977], [-54.349999999999966, -23.249999999999943]]]}}, {"type": "Feature", "properties": {"No_de_Poco": 1, "Shape_Leng": 0.6, "Shape_Area": 0.0225}, "geometry": {"type": "Polygon", "coordinates": [[[-54.349999999999966, -23.099999999999966], [-54.19999999999993, -23.099999999999966], [-54.19999999999993, -23.249999999999943], [-54.349999999999966, -23.249999999999943], [-54.349999999999966, -23.099999999999966]]]}}, {"type": "Feature", "properties": {"No_de_Poco": 6, "Shape_Leng": 0.6, "Shape_Area": 0.0225}, "geometry": {"type": "Polygon", "coordinates": [[[-54.349999999999966, -22.949999999999932], [-54.19999999999993, -22.949999999999932], [-54.19999999999993, -23.099999999999966], [-54.349999999999966, -23.099999999999966], [-54.349999999999966, -22.949999999999932]]]}}, {"type": "Feature", "properties": {"No_de_Poco": 1, "Shape_Leng": 0.6, "Shape_Area": 0.0225}, "geometry": {"type": "Polygon", "coordinates": [[[-54.349999999999966, -22.799999999999955], [-54.19999999999993, -22.799999999999955], [-54.19999999999993, -22.949999999999932], [-54.349999999999966, -22.949999999999932], [-54.349999999999966, -22.799999999999955]]]}}, {"type": "Feature", "properties": {"No_de_Poco": 0, "Shape_Leng": 0.6, "Shape_Area": 0.0225}, "geometry": {"type": "Polygon", "coordinates": [[[-54.349999999999966, -22.649999999999977], [-54.19999999999993, -22.649999999999977], [-54.19999999999993, -22.799999999999955], [-54.349999999999966, -22.799999999999955], [-54.349999999999966, -22.649999999999977]]]}}, {"type": "Feature", "properties": {"No_de_Poco": 1, "Shape_Leng": 0.6, "Shape_Area": 0.0225}, "geometry": {"type": "Polygon", "coordinates": [[[-54.349999999999966, -22.499999999999943], [-54.19999999999993, -22.499999999999943], [-54.19999999999993, -22.649999999999977], [-54.349999999999966, -22.649999999999977], [-54.349999999999966, -22.499999999999943]]]}}, {"type": "Feature", "properties": {"No_de_Poco": 21, "Shape_Leng": 0.6, "Shape_Area": 0.0225}, "geometry": {"type": "Polygon", "coordinates": [[[-54.349999999999966, -22.349999999999966], [-54.19999999999993, -22.349999999999966], [-54.19999999999993, -22.499999999999943], [-54.349999999999966, -22.499999999999943], [-54.349999999999966, -22.349999999999966]]]}}, {"type": "Feature", "properties": {"No_de_Poco": 6, "Shape_Leng": 0.6, "Shape_Area": 0.0225}, "geometry": {"type": "Polygon", "coordinates": [[[-54.349999999999966, -22.199999999999932], [-54.19999999999993, -22.199999999999932], [-54.19999999999993, -22.349999999999966], [-54.349999999999966, -22.349999999999966], [-54.349999999999966, -22.199999999999932]]]}}, {"type": "Feature", "properties": {"No_de_Poco": 9, "Shape_Leng": 0.6, "Shape_Area": 0.0225}, "geometry": {"type": "Polygon", "coordinates": [[[-54.349999999999966, -22.049999999999955], [-54.19999999999993, -22.049999999999955], [-54.19999999999993, -22.199999999999932], [-54.349999999999966, -22.199999999999932], [-54.349999999999966, -22.049999999999955]]]}}, {"type": "Feature", "properties": {"No_de_Poco": 1, "Shape_Leng": 0.6, "Shape_Area": 0.0225}, "geometry": {"type": "Polygon", "coordinates": [[[-54.349999999999966, -21.899999999999977], [-54.19999999999993, -21.899999999999977], [-54.19999999999993, -22.049999999999955], [-54.349999999999966, -22.049999999999955], [-54.349999999999966, -21.899999999999977]]]}}, {"type": "Feature", "properties": {"No_de_Poco": 7, "Shape_Leng": 0.6, "Shape_Area": 0.0225}, "geometry": {"type": "Polygon", "coordinates": [[[-54.349999999999966, -21.749999999999943], [-54.19999999999993, -21.749999999999943], [-54.19999999999993, -21.899999999999977], [-54.349999999999966, -21.899999999999977], [-54.349999999999966, -21.749999999999943]]]}}, {"type": "Feature", "properties": {"No_de_Poco": 1, "Shape_Leng": 0.6, "Shape_Area": 0.0225}, "geometry": {"type": "Polygon", "coordinates": [[[-54.349999999999966, -21.599999999999966], [-54.19999999999993, -21.599999999999966], [-54.19999999999993, -21.749999999999943], [-54.349999999999966, -21.749999999999943], [-54.349999999999966, -21.599999999999966]]]}}, {"type": "Feature", "properties": {"No_de_Poco": 1, "Shape_Leng": 0.6, "Shape_Area": 0.0225}, "geometry": {"type": "Polygon", "coordinates": [[[-54.349999999999966, -21.449999999999932], [-54.19999999999993, -21.449999999999932], [-54.19999999999993, -21.599999999999966], [-54.349999999999966, -21.599999999999966], [-54.349999999999966, -21.449999999999932]]]}}, {"type": "Feature", "properties": {"No_de_Poco": 1, "Shape_Leng": 0.6, "Shape_Area": 0.0225}, "geometry": {"type": "Polygon", "coordinates": [[[-54.349999999999966, -20.249999999999943], [-54.19999999999993, -20.249999999999943], [-54.19999999999993, -20.399999999999977], [-54.349999999999966, -20.399999999999977], [-54.349999999999966, -20.249999999999943]]]}}, {"type": "Feature", "properties": {"No_de_Poco": 0, "Shape_Leng": 0.6, "Shape_Area": 0.0225}, "geometry": {"type": "Polygon", "coordinates": [[[-54.349999999999966, -20.099999999999966], [-54.19999999999993, -20.099999999999966], [-54.19999999999993, -20.249999999999943], [-54.349999999999966, -20.249999999999943], [-54.349999999999966, -20.099999999999966]]]}}, {"type": "Feature", "properties": {"No_de_Poco": 0, "Shape_Leng": 0.6, "Shape_Area": 0.0225}, "geometry": {"type": "Polygon", "coordinates": [[[-54.349999999999966, -19.949999999999932], [-54.19999999999993, -19.949999999999932], [-54.19999999999993, -20.099999999999966], [-54.349999999999966, -20.099999999999966], [-54.349999999999966, -19.949999999999932]]]}}, {"type": "Feature", "properties": {"No_de_Poco": 0, "Shape_Leng": 0.6, "Shape_Area": 0.0225}, "geometry": {"type": "Polygon", "coordinates": [[[-54.349999999999966, -19.799999999999955], [-54.19999999999993, -19.799999999999955], [-54.19999999999993, -19.949999999999932], [-54.349999999999966, -19.949999999999932], [-54.349999999999966, -19.799999999999955]]]}}, {"type": "Feature", "properties": {"No_de_Poco": 0, "Shape_Leng": 0.6, "Shape_Area": 0.0225}, "geometry": {"type": "Polygon", "coordinates": [[[-54.49999999999994, -23.999999999999943], [-54.349999999999966, -23.999999999999943], [-54.349999999999966, -24.149999999999977], [-54.49999999999994, -24.149999999999977], [-54.49999999999994, -23.999999999999943]]]}}, {"type": "Feature", "properties": {"No_de_Poco": 9, "Shape_Leng": 0.6, "Shape_Area": 0.0225}, "geometry": {"type": "Polygon", "coordinates": [[[-54.49999999999994, -23.849999999999966], [-54.349999999999966, -23.849999999999966], [-54.349999999999966, -23.999999999999943], [-54.49999999999994, -23.999999999999943], [-54.49999999999994, -23.849999999999966]]]}}, {"type": "Feature", "properties": {"No_de_Poco": 0, "Shape_Leng": 0.6, "Shape_Area": 0.0225}, "geometry": {"type": "Polygon", "coordinates": [[[-54.49999999999994, -23.699999999999932], [-54.349999999999966, -23.699999999999932], [-54.349999999999966, -23.849999999999966], [-54.49999999999994, -23.849999999999966], [-54.49999999999994, -23.699999999999932]]]}}, {"type": "Feature", "properties": {"No_de_Poco": 0, "Shape_Leng": 0.6, "Shape_Area": 0.0225}, "geometry": {"type": "Polygon", "coordinates": [[[-54.49999999999994, -23.549999999999955], [-54.349999999999966, -23.549999999999955], [-54.349999999999966, -23.699999999999932], [-54.49999999999994, -23.699999999999932], [-54.49999999999994, -23.549999999999955]]]}}, {"type": "Feature", "properties": {"No_de_Poco": 0, "Shape_Leng": 0.6, "Shape_Area": 0.0225}, "geometry": {"type": "Polygon", "coordinates": [[[-54.49999999999994, -23.399999999999977], [-54.349999999999966, -23.399999999999977], [-54.349999999999966, -23.549999999999955], [-54.49999999999994, -23.549999999999955], [-54.49999999999994, -23.399999999999977]]]}}, {"type": "Feature", "properties": {"No_de_Poco": 0, "Shape_Leng": 0.6, "Shape_Area": 0.0225}, "geometry": {"type": "Polygon", "coordinates": [[[-54.49999999999994, -23.249999999999943], [-54.349999999999966, -23.249999999999943], [-54.349999999999966, -23.399999999999977], [-54.49999999999994, -23.399999999999977], [-54.49999999999994, -23.249999999999943]]]}}, {"type": "Feature", "properties": {"No_de_Poco": 0, "Shape_Leng": 0.6, "Shape_Area": 0.0225}, "geometry": {"type": "Polygon", "coordinates": [[[-54.49999999999994, -23.099999999999966], [-54.349999999999966, -23.099999999999966], [-54.349999999999966, -23.249999999999943], [-54.49999999999994, -23.249999999999943], [-54.49999999999994, -23.099999999999966]]]}}, {"type": "Feature", "properties": {"No_de_Poco": 2, "Shape_Leng": 0.6, "Shape_Area": 0.0225}, "geometry": {"type": "Polygon", "coordinates": [[[-54.49999999999994, -22.949999999999932], [-54.349999999999966, -22.949999999999932], [-54.349999999999966, -23.099999999999966], [-54.49999999999994, -23.099999999999966], [-54.49999999999994, -22.949999999999932]]]}}, {"type": "Feature", "properties": {"No_de_Poco": 0, "Shape_Leng": 0.6, "Shape_Area": 0.0225}, "geometry": {"type": "Polygon", "coordinates": [[[-54.49999999999994, -22.799999999999955], [-54.349999999999966, -22.799999999999955], [-54.349999999999966, -22.949999999999932], [-54.49999999999994, -22.949999999999932], [-54.49999999999994, -22.799999999999955]]]}}, {"type": "Feature", "properties": {"No_de_Poco": 0, "Shape_Leng": 0.6, "Shape_Area": 0.0225}, "geometry": {"type": "Polygon", "coordinates": [[[-54.49999999999994, -22.649999999999977], [-54.349999999999966, -22.649999999999977], [-54.349999999999966, -22.799999999999955], [-54.49999999999994, -22.799999999999955], [-54.49999999999994, -22.649999999999977]]]}}, {"type": "Feature", "properties": {"No_de_Poco": 2, "Shape_Leng": 0.6, "Shape_Area": 0.0225}, "geometry": {"type": "Polygon", "coordinates": [[[-54.49999999999994, -22.499999999999943], [-54.349999999999966, -22.499999999999943], [-54.349999999999966, -22.649999999999977], [-54.49999999999994, -22.649999999999977], [-54.49999999999994, -22.499999999999943]]]}}, {"type": "Feature", "properties": {"No_de_Poco": 4, "Shape_Leng": 0.6, "Shape_Area": 0.0225}, "geometry": {"type": "Polygon", "coordinates": [[[-54.49999999999994, -22.349999999999966], [-54.349999999999966, -22.349999999999966], [-54.349999999999966, -22.499999999999943], [-54.49999999999994, -22.499999999999943], [-54.49999999999994, -22.349999999999966]]]}}, {"type": "Feature", "properties": {"No_de_Poco": 1, "Shape_Leng": 0.6, "Shape_Area": 0.0225}, "geometry": {"type": "Polygon", "coordinates": [[[-54.49999999999994, -22.199999999999932], [-54.349999999999966, -22.199999999999932], [-54.349999999999966, -22.349999999999966], [-54.49999999999994, -22.349999999999966], [-54.49999999999994, -22.199999999999932]]]}}, {"type": "Feature", "properties": {"No_de_Poco": 5, "Shape_Leng": 0.6, "Shape_Area": 0.0225}, "geometry": {"type": "Polygon", "coordinates": [[[-54.49999999999994, -22.049999999999955], [-54.349999999999966, -22.049999999999955], [-54.349999999999966, -22.199999999999932], [-54.49999999999994, -22.199999999999932], [-54.49999999999994, -22.049999999999955]]]}}, {"type": "Feature", "properties": {"No_de_Poco": 5, "Shape_Leng": 0.6, "Shape_Area": 0.0225}, "geometry": {"type": "Polygon", "coordinates": [[[-54.49999999999994, -21.899999999999977], [-54.349999999999966, -21.899999999999977], [-54.349999999999966, -22.049999999999955], [-54.49999999999994, -22.049999999999955], [-54.49999999999994, -21.899999999999977]]]}}, {"type": "Feature", "properties": {"No_de_Poco": 4, "Shape_Leng": 0.6, "Shape_Area": 0.0225}, "geometry": {"type": "Polygon", "coordinates": [[[-54.49999999999994, -21.749999999999943], [-54.349999999999966, -21.749999999999943], [-54.349999999999966, -21.899999999999977], [-54.49999999999994, -21.899999999999977], [-54.49999999999994, -21.749999999999943]]]}}, {"type": "Feature", "properties": {"No_de_Poco": 7, "Shape_Leng": 0.6, "Shape_Area": 0.0225}, "geometry": {"type": "Polygon", "coordinates": [[[-54.49999999999994, -21.599999999999966], [-54.349999999999966, -21.599999999999966], [-54.349999999999966, -21.749999999999943], [-54.49999999999994, -21.749999999999943], [-54.49999999999994, -21.599999999999966]]]}}, {"type": "Feature", "properties": {"No_de_Poco": 11, "Shape_Leng": 0.6, "Shape_Area": 0.0225}, "geometry": {"type": "Polygon", "coordinates": [[[-54.49999999999994, -21.449999999999932], [-54.349999999999966, -21.449999999999932], [-54.349999999999966, -21.599999999999966], [-54.49999999999994, -21.599999999999966], [-54.49999999999994, -21.449999999999932]]]}}, {"type": "Feature", "properties": {"No_de_Poco": 7, "Shape_Leng": 0.6, "Shape_Area": 0.0225}, "geometry": {"type": "Polygon", "coordinates": [[[-54.49999999999994, -21.299999999999955], [-54.349999999999966, -21.299999999999955], [-54.349999999999966, -21.449999999999932], [-54.49999999999994, -21.449999999999932], [-54.49999999999994, -21.299999999999955]]]}}, {"type": "Feature", "properties": {"No_de_Poco": 0, "Shape_Leng": 0.6, "Shape_Area": 0.0225}, "geometry": {"type": "Polygon", "coordinates": [[[-54.49999999999994, -21.149999999999977], [-54.349999999999966, -21.149999999999977], [-54.349999999999966, -21.299999999999955], [-54.49999999999994, -21.299999999999955], [-54.49999999999994, -21.149999999999977]]]}}, {"type": "Feature", "properties": {"No_de_Poco": 0, "Shape_Leng": 0.6, "Shape_Area": 0.0225}, "geometry": {"type": "Polygon", "coordinates": [[[-54.49999999999994, -20.249999999999943], [-54.349999999999966, -20.249999999999943], [-54.349999999999966, -20.399999999999977], [-54.49999999999994, -20.399999999999977], [-54.49999999999994, -20.249999999999943]]]}}, {"type": "Feature", "properties": {"No_de_Poco": 2, "Shape_Leng": 0.6, "Shape_Area": 0.0225}, "geometry": {"type": "Polygon", "coordinates": [[[-54.49999999999994, -20.099999999999966], [-54.349999999999966, -20.099999999999966], [-54.349999999999966, -20.249999999999943], [-54.49999999999994, -20.249999999999943], [-54.49999999999994, -20.099999999999966]]]}}, {"type": "Feature", "properties": {"No_de_Poco": 1, "Shape_Leng": 0.6, "Shape_Area": 0.0225}, "geometry": {"type": "Polygon", "coordinates": [[[-54.49999999999994, -19.949999999999932], [-54.349999999999966, -19.949999999999932], [-54.349999999999966, -20.099999999999966], [-54.49999999999994, -20.099999999999966], [-54.49999999999994, -19.949999999999932]]]}}, {"type": "Feature", "properties": {"No_de_Poco": 8, "Shape_Leng": 0.6, "Shape_Area": 0.0225}, "geometry": {"type": "Polygon", "coordinates": [[[-54.49999999999994, -19.799999999999955], [-54.349999999999966, -19.799999999999955], [-54.349999999999966, -19.949999999999932], [-54.49999999999994, -19.949999999999932], [-54.49999999999994, -19.799999999999955]]]}}, {"type": "Feature", "properties": {"No_de_Poco": 0, "Shape_Leng": 0.6, "Shape_Area": 0.0225}, "geometry": {"type": "Polygon", "coordinates": [[[-54.64999999999998, -23.849999999999966], [-54.49999999999994, -23.849999999999966], [-54.49999999999994, -23.999999999999943], [-54.64999999999998, -23.999999999999943], [-54.64999999999998, -23.849999999999966]]]}}, {"type": "Feature", "properties": {"No_de_Poco": 5, "Shape_Leng": 0.6, "Shape_Area": 0.0225}, "geometry": {"type": "Polygon", "coordinates": [[[-54.64999999999998, -23.699999999999932], [-54.49999999999994, -23.699999999999932], [-54.49999999999994, -23.849999999999966], [-54.64999999999998, -23.849999999999966], [-54.64999999999998, -23.699999999999932]]]}}, {"type": "Feature", "properties": {"No_de_Poco": 12, "Shape_Leng": 0.6, "Shape_Area": 0.0225}, "geometry": {"type": "Polygon", "coordinates": [[[-54.64999999999998, -23.549999999999955], [-54.49999999999994, -23.549999999999955], [-54.49999999999994, -23.699999999999932], [-54.64999999999998, -23.699999999999932], [-54.64999999999998, -23.549999999999955]]]}}, {"type": "Feature", "properties": {"No_de_Poco": 0, "Shape_Leng": 0.6, "Shape_Area": 0.0225}, "geometry": {"type": "Polygon", "coordinates": [[[-54.64999999999998, -23.399999999999977], [-54.49999999999994, -23.399999999999977], [-54.49999999999994, -23.549999999999955], [-54.64999999999998, -23.549999999999955], [-54.64999999999998, -23.399999999999977]]]}}, {"type": "Feature", "properties": {"No_de_Poco": 0, "Shape_Leng": 0.6, "Shape_Area": 0.0225}, "geometry": {"type": "Polygon", "coordinates": [[[-54.64999999999998, -23.249999999999943], [-54.49999999999994, -23.249999999999943], [-54.49999999999994, -23.399999999999977], [-54.64999999999998, -23.399999999999977], [-54.64999999999998, -23.249999999999943]]]}}, {"type": "Feature", "properties": {"No_de_Poco": 0, "Shape_Leng": 0.6, "Shape_Area": 0.0225}, "geometry": {"type": "Polygon", "coordinates": [[[-54.64999999999998, -23.099999999999966], [-54.49999999999994, -23.099999999999966], [-54.49999999999994, -23.249999999999943], [-54.64999999999998, -23.249999999999943], [-54.64999999999998, -23.099999999999966]]]}}, {"type": "Feature", "properties": {"No_de_Poco": 0, "Shape_Leng": 0.6, "Shape_Area": 0.0225}, "geometry": {"type": "Polygon", "coordinates": [[[-54.64999999999998, -22.949999999999932], [-54.49999999999994, -22.949999999999932], [-54.49999999999994, -23.099999999999966], [-54.64999999999998, -23.099999999999966], [-54.64999999999998, -22.949999999999932]]]}}, {"type": "Feature", "properties": {"No_de_Poco": 6, "Shape_Leng": 0.6, "Shape_Area": 0.0225}, "geometry": {"type": "Polygon", "coordinates": [[[-54.64999999999998, -22.799999999999955], [-54.49999999999994, -22.799999999999955], [-54.49999999999994, -22.949999999999932], [-54.64999999999998, -22.949999999999932], [-54.64999999999998, -22.799999999999955]]]}}, {"type": "Feature", "properties": {"No_de_Poco": 0, "Shape_Leng": 0.6, "Shape_Area": 0.0225}, "geometry": {"type": "Polygon", "coordinates": [[[-54.64999999999998, -22.649999999999977], [-54.49999999999994, -22.649999999999977], [-54.49999999999994, -22.799999999999955], [-54.64999999999998, -22.799999999999955], [-54.64999999999998, -22.649999999999977]]]}}, {"type": "Feature", "properties": {"No_de_Poco": 1, "Shape_Leng": 0.6, "Shape_Area": 0.0225}, "geometry": {"type": "Polygon", "coordinates": [[[-54.64999999999998, -22.499999999999943], [-54.49999999999994, -22.499999999999943], [-54.49999999999994, -22.649999999999977], [-54.64999999999998, -22.649999999999977], [-54.64999999999998, -22.499999999999943]]]}}, {"type": "Feature", "properties": {"No_de_Poco": 7, "Shape_Leng": 0.6, "Shape_Area": 0.0225}, "geometry": {"type": "Polygon", "coordinates": [[[-54.64999999999998, -22.349999999999966], [-54.49999999999994, -22.349999999999966], [-54.49999999999994, -22.499999999999943], [-54.64999999999998, -22.499999999999943], [-54.64999999999998, -22.349999999999966]]]}}, {"type": "Feature", "properties": {"No_de_Poco": 0, "Shape_Leng": 0.6, "Shape_Area": 0.0225}, "geometry": {"type": "Polygon", "coordinates": [[[-54.64999999999998, -22.199999999999932], [-54.49999999999994, -22.199999999999932], [-54.49999999999994, -22.349999999999966], [-54.64999999999998, -22.349999999999966], [-54.64999999999998, -22.199999999999932]]]}}, {"type": "Feature", "properties": {"No_de_Poco": 10, "Shape_Leng": 0.6, "Shape_Area": 0.0225}, "geometry": {"type": "Polygon", "coordinates": [[[-54.64999999999998, -22.049999999999955], [-54.49999999999994, -22.049999999999955], [-54.49999999999994, -22.199999999999932], [-54.64999999999998, -22.199999999999932], [-54.64999999999998, -22.049999999999955]]]}}, {"type": "Feature", "properties": {"No_de_Poco": 6, "Shape_Leng": 0.6, "Shape_Area": 0.0225}, "geometry": {"type": "Polygon", "coordinates": [[[-54.64999999999998, -21.899999999999977], [-54.49999999999994, -21.899999999999977], [-54.49999999999994, -22.049999999999955], [-54.64999999999998, -22.049999999999955], [-54.64999999999998, -21.899999999999977]]]}}, {"type": "Feature", "properties": {"No_de_Poco": 26, "Shape_Leng": 0.6, "Shape_Area": 0.0225}, "geometry": {"type": "Polygon", "coordinates": [[[-54.64999999999998, -21.749999999999943], [-54.49999999999994, -21.749999999999943], [-54.49999999999994, -21.899999999999977], [-54.64999999999998, -21.899999999999977], [-54.64999999999998, -21.749999999999943]]]}}, {"type": "Feature", "properties": {"No_de_Poco": 1, "Shape_Leng": 0.6, "Shape_Area": 0.0225}, "geometry": {"type": "Polygon", "coordinates": [[[-54.64999999999998, -21.599999999999966], [-54.49999999999994, -21.599999999999966], [-54.49999999999994, -21.749999999999943], [-54.64999999999998, -21.749999999999943], [-54.64999999999998, -21.599999999999966]]]}}, {"type": "Feature", "properties": {"No_de_Poco": 0, "Shape_Leng": 0.6, "Shape_Area": 0.0225}, "geometry": {"type": "Polygon", "coordinates": [[[-54.64999999999998, -21.449999999999932], [-54.49999999999994, -21.449999999999932], [-54.49999999999994, -21.599999999999966], [-54.64999999999998, -21.599999999999966], [-54.64999999999998, -21.449999999999932]]]}}, {"type": "Feature", "properties": {"No_de_Poco": 1, "Shape_Leng": 0.6, "Shape_Area": 0.0225}, "geometry": {"type": "Polygon", "coordinates": [[[-54.64999999999998, -21.299999999999955], [-54.49999999999994, -21.299999999999955], [-54.49999999999994, -21.449999999999932], [-54.64999999999998, -21.449999999999932], [-54.64999999999998, -21.299999999999955]]]}}, {"type": "Feature", "properties": {"No_de_Poco": 15, "Shape_Leng": 0.6, "Shape_Area": 0.0225}, "geometry": {"type": "Polygon", "coordinates": [[[-54.64999999999998, -21.149999999999977], [-54.49999999999994, -21.149999999999977], [-54.49999999999994, -21.299999999999955], [-54.64999999999998, -21.299999999999955], [-54.64999999999998, -21.149999999999977]]]}}, {"type": "Feature", "properties": {"No_de_Poco": 19, "Shape_Leng": 0.6, "Shape_Area": 0.0225}, "geometry": {"type": "Polygon", "coordinates": [[[-54.64999999999998, -20.249999999999943], [-54.49999999999994, -20.249999999999943], [-54.49999999999994, -20.399999999999977], [-54.64999999999998, -20.399999999999977], [-54.64999999999998, -20.249999999999943]]]}}, {"type": "Feature", "properties": {"No_de_Poco": 0, "Shape_Leng": 0.6, "Shape_Area": 0.0225}, "geometry": {"type": "Polygon", "coordinates": [[[-54.64999999999998, -20.099999999999966], [-54.49999999999994, -20.099999999999966], [-54.49999999999994, -20.249999999999943], [-54.64999999999998, -20.249999999999943], [-54.64999999999998, -20.099999999999966]]]}}, {"type": "Feature", "properties": {"No_de_Poco": 1, "Shape_Leng": 0.6, "Shape_Area": 0.0225}, "geometry": {"type": "Polygon", "coordinates": [[[-54.64999999999998, -19.949999999999932], [-54.49999999999994, -19.949999999999932], [-54.49999999999994, -20.099999999999966], [-54.64999999999998, -20.099999999999966], [-54.64999999999998, -19.949999999999932]]]}}, {"type": "Feature", "properties": {"No_de_Poco": 2, "Shape_Leng": 0.6, "Shape_Area": 0.0225}, "geometry": {"type": "Polygon", "coordinates": [[[-54.64999999999998, -19.799999999999955], [-54.49999999999994, -19.799999999999955], [-54.49999999999994, -19.949999999999932], [-54.64999999999998, -19.949999999999932], [-54.64999999999998, -19.799999999999955]]]}}, {"type": "Feature", "properties": {"No_de_Poco": 0, "Shape_Leng": 0.6, "Shape_Area": 0.0225}, "geometry": {"type": "Polygon", "coordinates": [[[-54.799999999999955, -23.699999999999932], [-54.64999999999998, -23.699999999999932], [-54.64999999999998, -23.849999999999966], [-54.799999999999955, -23.849999999999966], [-54.799999999999955, -23.699999999999932]]]}}, {"type": "Feature", "properties": {"No_de_Poco": 0, "Shape_Leng": 0.6, "Shape_Area": 0.0225}, "geometry": {"type": "Polygon", "coordinates": [[[-54.799999999999955, -23.549999999999955], [-54.64999999999998, -23.549999999999955], [-54.64999999999998, -23.699999999999932], [-54.799999999999955, -23.699999999999932], [-54.799999999999955, -23.549999999999955]]]}}, {"type": "Feature", "properties": {"No_de_Poco": 0, "Shape_Leng": 0.6, "Shape_Area": 0.0225}, "geometry": {"type": "Polygon", "coordinates": [[[-54.799999999999955, -23.399999999999977], [-54.64999999999998, -23.399999999999977], [-54.64999999999998, -23.549999999999955], [-54.799999999999955, -23.549999999999955], [-54.799999999999955, -23.399999999999977]]]}}, {"type": "Feature", "properties": {"No_de_Poco": 0, "Shape_Leng": 0.6, "Shape_Area": 0.0225}, "geometry": {"type": "Polygon", "coordinates": [[[-54.799999999999955, -23.249999999999943], [-54.64999999999998, -23.249999999999943], [-54.64999999999998, -23.399999999999977], [-54.799999999999955, -23.399999999999977], [-54.799999999999955, -23.249999999999943]]]}}, {"type": "Feature", "properties": {"No_de_Poco": 0, "Shape_Leng": 0.6, "Shape_Area": 0.0225}, "geometry": {"type": "Polygon", "coordinates": [[[-54.799999999999955, -23.099999999999966], [-54.64999999999998, -23.099999999999966], [-54.64999999999998, -23.249999999999943], [-54.799999999999955, -23.249999999999943], [-54.799999999999955, -23.099999999999966]]]}}, {"type": "Feature", "properties": {"No_de_Poco": 0, "Shape_Leng": 0.6, "Shape_Area": 0.0225}, "geometry": {"type": "Polygon", "coordinates": [[[-54.799999999999955, -22.949999999999932], [-54.64999999999998, -22.949999999999932], [-54.64999999999998, -23.099999999999966], [-54.799999999999955, -23.099999999999966], [-54.799999999999955, -22.949999999999932]]]}}, {"type": "Feature", "properties": {"No_de_Poco": 0, "Shape_Leng": 0.6, "Shape_Area": 0.0225}, "geometry": {"type": "Polygon", "coordinates": [[[-54.799999999999955, -22.799999999999955], [-54.64999999999998, -22.799999999999955], [-54.64999999999998, -22.949999999999932], [-54.799999999999955, -22.949999999999932], [-54.799999999999955, -22.799999999999955]]]}}, {"type": "Feature", "properties": {"No_de_Poco": 2, "Shape_Leng": 0.6, "Shape_Area": 0.0225}, "geometry": {"type": "Polygon", "coordinates": [[[-54.799999999999955, -22.649999999999977], [-54.64999999999998, -22.649999999999977], [-54.64999999999998, -22.799999999999955], [-54.799999999999955, -22.799999999999955], [-54.799999999999955, -22.649999999999977]]]}}, {"type": "Feature", "properties": {"No_de_Poco": 10, "Shape_Leng": 0.6, "Shape_Area": 0.0225}, "geometry": {"type": "Polygon", "coordinates": [[[-54.799999999999955, -22.499999999999943], [-54.64999999999998, -22.499999999999943], [-54.64999999999998, -22.649999999999977], [-54.799999999999955, -22.649999999999977], [-54.799999999999955, -22.499999999999943]]]}}, {"type": "Feature", "properties": {"No_de_Poco": 3, "Shape_Leng": 0.6, "Shape_Area": 0.0225}, "geometry": {"type": "Polygon", "coordinates": [[[-54.799999999999955, -22.349999999999966], [-54.64999999999998, -22.349999999999966], [-54.64999999999998, -22.499999999999943], [-54.799999999999955, -22.499999999999943], [-54.799999999999955, -22.349999999999966]]]}}, {"type": "Feature", "properties": {"No_de_Poco": 29, "Shape_Leng": 0.6, "Shape_Area": 0.0225}, "geometry": {"type": "Polygon", "coordinates": [[[-54.799999999999955, -22.199999999999932], [-54.64999999999998, -22.199999999999932], [-54.64999999999998, -22.349999999999966], [-54.799999999999955, -22.349999999999966], [-54.799999999999955, -22.199999999999932]]]}}, {"type": "Feature", "properties": {"No_de_Poco": 24, "Shape_Leng": 0.6, "Shape_Area": 0.0225}, "geometry": {"type": "Polygon", "coordinates": [[[-54.799999999999955, -22.049999999999955], [-54.64999999999998, -22.049999999999955], [-54.64999999999998, -22.199999999999932], [-54.799999999999955, -22.199999999999932], [-54.799999999999955, -22.049999999999955]]]}}, {"type": "Feature", "properties": {"No_de_Poco": 6, "Shape_Leng": 0.6, "Shape_Area": 0.0225}, "geometry": {"type": "Polygon", "coordinates": [[[-54.799999999999955, -21.899999999999977], [-54.64999999999998, -21.899999999999977], [-54.64999999999998, -22.049999999999955], [-54.799999999999955, -22.049999999999955], [-54.799999999999955, -21.899999999999977]]]}}, {"type": "Feature", "properties": {"No_de_Poco": 6, "Shape_Leng": 0.6, "Shape_Area": 0.0225}, "geometry": {"type": "Polygon", "coordinates": [[[-54.799999999999955, -21.749999999999943], [-54.64999999999998, -21.749999999999943], [-54.64999999999998, -21.899999999999977], [-54.799999999999955, -21.899999999999977], [-54.799999999999955, -21.749999999999943]]]}}, {"type": "Feature", "properties": {"No_de_Poco": 2, "Shape_Leng": 0.6, "Shape_Area": 0.0225}, "geometry": {"type": "Polygon", "coordinates": [[[-54.799999999999955, -21.599999999999966], [-54.64999999999998, -21.599999999999966], [-54.64999999999998, -21.749999999999943], [-54.799999999999955, -21.749999999999943], [-54.799999999999955, -21.599999999999966]]]}}, {"type": "Feature", "properties": {"No_de_Poco": 2, "Shape_Leng": 0.6, "Shape_Area": 0.0225}, "geometry": {"type": "Polygon", "coordinates": [[[-54.799999999999955, -21.449999999999932], [-54.64999999999998, -21.449999999999932], [-54.64999999999998, -21.599999999999966], [-54.799999999999955, -21.599999999999966], [-54.799999999999955, -21.449999999999932]]]}}, {"type": "Feature", "properties": {"No_de_Poco": 2, "Shape_Leng": 0.6, "Shape_Area": 0.0225}, "geometry": {"type": "Polygon", "coordinates": [[[-54.799999999999955, -21.299999999999955], [-54.64999999999998, -21.299999999999955], [-54.64999999999998, -21.449999999999932], [-54.799999999999955, -21.449999999999932], [-54.799999999999955, -21.299999999999955]]]}}, {"type": "Feature", "properties": {"No_de_Poco": 10, "Shape_Leng": 0.6, "Shape_Area": 0.0225}, "geometry": {"type": "Polygon", "coordinates": [[[-54.799999999999955, -21.149999999999977], [-54.64999999999998, -21.149999999999977], [-54.64999999999998, -21.299999999999955], [-54.799999999999955, -21.299999999999955], [-54.799999999999955, -21.149999999999977]]]}}, {"type": "Feature", "properties": {"No_de_Poco": 2, "Shape_Leng": 0.6, "Shape_Area": 0.0225}, "geometry": {"type": "Polygon", "coordinates": [[[-54.799999999999955, -20.999999999999943], [-54.64999999999998, -20.999999999999943], [-54.64999999999998, -21.149999999999977], [-54.799999999999955, -21.149999999999977], [-54.799999999999955, -20.999999999999943]]]}}, {"type": "Feature", "properties": {"No_de_Poco": 2, "Shape_Leng": 0.6, "Shape_Area": 0.0225}, "geometry": {"type": "Polygon", "coordinates": [[[-54.799999999999955, -20.849999999999966], [-54.64999999999998, -20.849999999999966], [-54.64999999999998, -20.999999999999943], [-54.799999999999955, -20.999999999999943], [-54.799999999999955, -20.849999999999966]]]}}, {"type": "Feature", "properties": {"No_de_Poco": 53, "Shape_Leng": 0.6, "Shape_Area": 0.0225}, "geometry": {"type": "Polygon", "coordinates": [[[-54.799999999999955, -20.399999999999977], [-54.64999999999998, -20.399999999999977], [-54.64999999999998, -20.549999999999955], [-54.799999999999955, -20.549999999999955], [-54.799999999999955, -20.399999999999977]]]}}, {"type": "Feature", "properties": {"No_de_Poco": 3, "Shape_Leng": 0.6, "Shape_Area": 0.0225}, "geometry": {"type": "Polygon", "coordinates": [[[-54.799999999999955, -20.249999999999943], [-54.64999999999998, -20.249999999999943], [-54.64999999999998, -20.399999999999977], [-54.799999999999955, -20.399999999999977], [-54.799999999999955, -20.249999999999943]]]}}, {"type": "Feature", "properties": {"No_de_Poco": 0, "Shape_Leng": 0.6, "Shape_Area": 0.0225}, "geometry": {"type": "Polygon", "coordinates": [[[-54.799999999999955, -20.099999999999966], [-54.64999999999998, -20.099999999999966], [-54.64999999999998, -20.249999999999943], [-54.799999999999955, -20.249999999999943], [-54.799999999999955, -20.099999999999966]]]}}, {"type": "Feature", "properties": {"No_de_Poco": 5, "Shape_Leng": 0.6, "Shape_Area": 0.0225}, "geometry": {"type": "Polygon", "coordinates": [[[-54.799999999999955, -19.949999999999932], [-54.64999999999998, -19.949999999999932], [-54.64999999999998, -20.099999999999966], [-54.799999999999955, -20.099999999999966], [-54.799999999999955, -19.949999999999932]]]}}, {"type": "Feature", "properties": {"No_de_Poco": 0, "Shape_Leng": 0.6, "Shape_Area": 0.0225}, "geometry": {"type": "Polygon", "coordinates": [[[-54.799999999999955, -19.799999999999955], [-54.64999999999998, -19.799999999999955], [-54.64999999999998, -19.949999999999932], [-54.799999999999955, -19.949999999999932], [-54.799999999999955, -19.799999999999955]]]}}, {"type": "Feature", "properties": {"No_de_Poco": 0, "Shape_Leng": 0.6, "Shape_Area": 0.0225}, "geometry": {"type": "Polygon", "coordinates": [[[-54.94999999999993, -23.849999999999966], [-54.799999999999955, -23.849999999999966], [-54.799999999999955, -23.999999999999943], [-54.94999999999993, -23.999999999999943], [-54.94999999999993, -23.849999999999966]]]}}, {"type": "Feature", "properties": {"No_de_Poco": 0, "Shape_Leng": 0.6, "Shape_Area": 0.0225}, "geometry": {"type": "Polygon", "coordinates": [[[-54.94999999999993, -23.699999999999932], [-54.799999999999955, -23.699999999999932], [-54.799999999999955, -23.849999999999966], [-54.94999999999993, -23.849999999999966], [-54.94999999999993, -23.699999999999932]]]}}, {"type": "Feature", "properties": {"No_de_Poco": 0, "Shape_Leng": 0.6, "Shape_Area": 0.0225}, "geometry": {"type": "Polygon", "coordinates": [[[-54.94999999999993, -23.549999999999955], [-54.799999999999955, -23.549999999999955], [-54.799999999999955, -23.699999999999932], [-54.94999999999993, -23.699999999999932], [-54.94999999999993, -23.549999999999955]]]}}, {"type": "Feature", "properties": {"No_de_Poco": 0, "Shape_Leng": 0.6, "Shape_Area": 0.0225}, "geometry": {"type": "Polygon", "coordinates": [[[-54.94999999999993, -23.399999999999977], [-54.799999999999955, -23.399999999999977], [-54.799999999999955, -23.549999999999955], [-54.94999999999993, -23.549999999999955], [-54.94999999999993, -23.399999999999977]]]}}, {"type": "Feature", "properties": {"No_de_Poco": 0, "Shape_Leng": 0.6, "Shape_Area": 0.0225}, "geometry": {"type": "Polygon", "coordinates": [[[-54.94999999999993, -23.249999999999943], [-54.799999999999955, -23.249999999999943], [-54.799999999999955, -23.399999999999977], [-54.94999999999993, -23.399999999999977], [-54.94999999999993, -23.249999999999943]]]}}, {"type": "Feature", "properties": {"No_de_Poco": 0, "Shape_Leng": 0.6, "Shape_Area": 0.0225}, "geometry": {"type": "Polygon", "coordinates": [[[-54.94999999999993, -23.099999999999966], [-54.799999999999955, -23.099999999999966], [-54.799999999999955, -23.249999999999943], [-54.94999999999993, -23.249999999999943], [-54.94999999999993, -23.099999999999966]]]}}, {"type": "Feature", "properties": {"No_de_Poco": 0, "Shape_Leng": 0.6, "Shape_Area": 0.0225}, "geometry": {"type": "Polygon", "coordinates": [[[-54.94999999999993, -22.949999999999932], [-54.799999999999955, -22.949999999999932], [-54.799999999999955, -23.099999999999966], [-54.94999999999993, -23.099999999999966], [-54.94999999999993, -22.949999999999932]]]}}, {"type": "Feature", "properties": {"No_de_Poco": 1, "Shape_Leng": 0.6, "Shape_Area": 0.0225}, "geometry": {"type": "Polygon", "coordinates": [[[-54.94999999999993, -22.799999999999955], [-54.799999999999955, -22.799999999999955], [-54.799999999999955, -22.949999999999932], [-54.94999999999993, -22.949999999999932], [-54.94999999999993, -22.799999999999955]]]}}, {"type": "Feature", "properties": {"No_de_Poco": 0, "Shape_Leng": 0.6, "Shape_Area": 0.0225}, "geometry": {"type": "Polygon", "coordinates": [[[-54.94999999999993, -22.649999999999977], [-54.799999999999955, -22.649999999999977], [-54.799999999999955, -22.799999999999955], [-54.94999999999993, -22.799999999999955], [-54.94999999999993, -22.649999999999977]]]}}, {"type": "Feature", "properties": {"No_de_Poco": 22, "Shape_Leng": 0.6, "Shape_Area": 0.0225}, "geometry": {"type": "Polygon", "coordinates": [[[-54.94999999999993, -22.499999999999943], [-54.799999999999955, -22.499999999999943], [-54.799999999999955, -22.649999999999977], [-54.94999999999993, -22.649999999999977], [-54.94999999999993, -22.499999999999943]]]}}, {"type": "Feature", "properties": {"No_de_Poco": 3, "Shape_Leng": 0.6, "Shape_Area": 0.0225}, "geometry": {"type": "Polygon", "coordinates": [[[-54.94999999999993, -22.349999999999966], [-54.799999999999955, -22.349999999999966], [-54.799999999999955, -22.499999999999943], [-54.94999999999993, -22.499999999999943], [-54.94999999999993, -22.349999999999966]]]}}, {"type": "Feature", "properties": {"No_de_Poco": 35, "Shape_Leng": 0.6, "Shape_Area": 0.0225}, "geometry": {"type": "Polygon", "coordinates": [[[-54.94999999999993, -22.199999999999932], [-54.799999999999955, -22.199999999999932], [-54.799999999999955, -22.349999999999966], [-54.94999999999993, -22.349999999999966], [-54.94999999999993, -22.199999999999932]]]}}, {"type": "Feature", "properties": {"No_de_Poco": 8, "Shape_Leng": 0.6, "Shape_Area": 0.0225}, "geometry": {"type": "Polygon", "coordinates": [[[-54.94999999999993, -22.049999999999955], [-54.799999999999955, -22.049999999999955], [-54.799999999999955, -22.199999999999932], [-54.94999999999993, -22.199999999999932], [-54.94999999999993, -22.049999999999955]]]}}, {"type": "Feature", "properties": {"No_de_Poco": 1, "Shape_Leng": 0.6, "Shape_Area": 0.0225}, "geometry": {"type": "Polygon", "coordinates": [[[-54.94999999999993, -21.899999999999977], [-54.799999999999955, -21.899999999999977], [-54.799999999999955, -22.049999999999955], [-54.94999999999993, -22.049999999999955], [-54.94999999999993, -21.899999999999977]]]}}, {"type": "Feature", "properties": {"No_de_Poco": 2, "Shape_Leng": 0.6, "Shape_Area": 0.0225}, "geometry": {"type": "Polygon", "coordinates": [[[-54.94999999999993, -21.749999999999943], [-54.799999999999955, -21.749999999999943], [-54.799999999999955, -21.899999999999977], [-54.94999999999993, -21.899999999999977], [-54.94999999999993, -21.749999999999943]]]}}, {"type": "Feature", "properties": {"No_de_Poco": 0, "Shape_Leng": 0.6, "Shape_Area": 0.0225}, "geometry": {"type": "Polygon", "coordinates": [[[-54.94999999999993, -21.599999999999966], [-54.799999999999955, -21.599999999999966], [-54.799999999999955, -21.749999999999943], [-54.94999999999993, -21.749999999999943], [-54.94999999999993, -21.599999999999966]]]}}, {"type": "Feature", "properties": {"No_de_Poco": 0, "Shape_Leng": 0.6, "Shape_Area": 0.0225}, "geometry": {"type": "Polygon", "coordinates": [[[-54.94999999999993, -21.449999999999932], [-54.799999999999955, -21.449999999999932], [-54.799999999999955, -21.599999999999966], [-54.94999999999993, -21.599999999999966], [-54.94999999999993, -21.449999999999932]]]}}, {"type": "Feature", "properties": {"No_de_Poco": 1, "Shape_Leng": 0.6, "Shape_Area": 0.0225}, "geometry": {"type": "Polygon", "coordinates": [[[-54.94999999999993, -21.299999999999955], [-54.799999999999955, -21.299999999999955], [-54.799999999999955, -21.449999999999932], [-54.94999999999993, -21.449999999999932], [-54.94999999999993, -21.299999999999955]]]}}, {"type": "Feature", "properties": {"No_de_Poco": 10, "Shape_Leng": 0.6, "Shape_Area": 0.0225}, "geometry": {"type": "Polygon", "coordinates": [[[-54.94999999999993, -21.149999999999977], [-54.799999999999955, -21.149999999999977], [-54.799999999999955, -21.299999999999955], [-54.94999999999993, -21.299999999999955], [-54.94999999999993, -21.149999999999977]]]}}, {"type": "Feature", "properties": {"No_de_Poco": 0, "Shape_Leng": 0.6, "Shape_Area": 0.0225}, "geometry": {"type": "Polygon", "coordinates": [[[-54.94999999999993, -20.999999999999943], [-54.799999999999955, -20.999999999999943], [-54.799999999999955, -21.149999999999977], [-54.94999999999993, -21.149999999999977], [-54.94999999999993, -20.999999999999943]]]}}, {"type": "Feature", "properties": {"No_de_Poco": 14, "Shape_Leng": 0.6, "Shape_Area": 0.0225}, "geometry": {"type": "Polygon", "coordinates": [[[-54.94999999999993, -20.849999999999966], [-54.799999999999955, -20.849999999999966], [-54.799999999999955, -20.999999999999943], [-54.94999999999993, -20.999999999999943], [-54.94999999999993, -20.849999999999966]]]}}, {"type": "Feature", "properties": {"No_de_Poco": 2, "Shape_Leng": 0.6, "Shape_Area": 0.0225}, "geometry": {"type": "Polygon", "coordinates": [[[-54.94999999999993, -20.549999999999955], [-54.799999999999955, -20.549999999999955], [-54.799999999999955, -20.699999999999932], [-54.94999999999993, -20.699999999999932], [-54.94999999999993, -20.549999999999955]]]}}, {"type": "Feature", "properties": {"No_de_Poco": 18, "Shape_Leng": 0.6, "Shape_Area": 0.0225}, "geometry": {"type": "Polygon", "coordinates": [[[-54.94999999999993, -20.399999999999977], [-54.799999999999955, -20.399999999999977], [-54.799999999999955, -20.549999999999955], [-54.94999999999993, -20.549999999999955], [-54.94999999999993, -20.399999999999977]]]}}, {"type": "Feature", "properties": {"No_de_Poco": 2, "Shape_Leng": 0.6, "Shape_Area": 0.0225}, "geometry": {"type": "Polygon", "coordinates": [[[-54.94999999999993, -20.249999999999943], [-54.799999999999955, -20.249999999999943], [-54.799999999999955, -20.399999999999977], [-54.94999999999993, -20.399999999999977], [-54.94999999999993, -20.249999999999943]]]}}, {"type": "Feature", "properties": {"No_de_Poco": 3, "Shape_Leng": 0.6, "Shape_Area": 0.0225}, "geometry": {"type": "Polygon", "coordinates": [[[-54.94999999999993, -20.099999999999966], [-54.799999999999955, -20.099999999999966], [-54.799999999999955, -20.249999999999943], [-54.94999999999993, -20.249999999999943], [-54.94999999999993, -20.099999999999966]]]}}, {"type": "Feature", "properties": {"No_de_Poco": 4, "Shape_Leng": 0.6, "Shape_Area": 0.0225}, "geometry": {"type": "Polygon", "coordinates": [[[-54.94999999999993, -19.949999999999932], [-54.799999999999955, -19.949999999999932], [-54.799999999999955, -20.099999999999966], [-54.94999999999993, -20.099999999999966], [-54.94999999999993, -19.949999999999932]]]}}, {"type": "Feature", "properties": {"No_de_Poco": 5, "Shape_Leng": 0.6, "Shape_Area": 0.0225}, "geometry": {"type": "Polygon", "coordinates": [[[-54.94999999999993, -19.799999999999955], [-54.799999999999955, -19.799999999999955], [-54.799999999999955, -19.949999999999932], [-54.94999999999993, -19.949999999999932], [-54.94999999999993, -19.799999999999955]]]}}, {"type": "Feature", "properties": {"No_de_Poco": 4, "Shape_Leng": 0.6, "Shape_Area": 0.0225}, "geometry": {"type": "Polygon", "coordinates": [[[-55.099999999999966, -23.849999999999966], [-54.94999999999993, -23.849999999999966], [-54.94999999999993, -23.999999999999943], [-55.099999999999966, -23.999999999999943], [-55.099999999999966, -23.849999999999966]]]}}, {"type": "Feature", "properties": {"No_de_Poco": 0, "Shape_Leng": 0.6, "Shape_Area": 0.0225}, "geometry": {"type": "Polygon", "coordinates": [[[-55.099999999999966, -23.699999999999932], [-54.94999999999993, -23.699999999999932], [-54.94999999999993, -23.849999999999966], [-55.099999999999966, -23.849999999999966], [-55.099999999999966, -23.699999999999932]]]}}, {"type": "Feature", "properties": {"No_de_Poco": 4, "Shape_Leng": 0.6, "Shape_Area": 0.0225}, "geometry": {"type": "Polygon", "coordinates": [[[-55.099999999999966, -23.549999999999955], [-54.94999999999993, -23.549999999999955], [-54.94999999999993, -23.699999999999932], [-55.099999999999966, -23.699999999999932], [-55.099999999999966, -23.549999999999955]]]}}, {"type": "Feature", "properties": {"No_de_Poco": 0, "Shape_Leng": 0.6, "Shape_Area": 0.0225}, "geometry": {"type": "Polygon", "coordinates": [[[-55.099999999999966, -23.399999999999977], [-54.94999999999993, -23.399999999999977], [-54.94999999999993, -23.549999999999955], [-55.099999999999966, -23.549999999999955], [-55.099999999999966, -23.399999999999977]]]}}, {"type": "Feature", "properties": {"No_de_Poco": 0, "Shape_Leng": 0.6, "Shape_Area": 0.0225}, "geometry": {"type": "Polygon", "coordinates": [[[-55.099999999999966, -23.249999999999943], [-54.94999999999993, -23.249999999999943], [-54.94999999999993, -23.399999999999977], [-55.099999999999966, -23.399999999999977], [-55.099999999999966, -23.249999999999943]]]}}, {"type": "Feature", "properties": {"No_de_Poco": 0, "Shape_Leng": 0.6, "Shape_Area": 0.0225}, "geometry": {"type": "Polygon", "coordinates": [[[-55.099999999999966, -23.099999999999966], [-54.94999999999993, -23.099999999999966], [-54.94999999999993, -23.249999999999943], [-55.099999999999966, -23.249999999999943], [-55.099999999999966, -23.099999999999966]]]}}, {"type": "Feature", "properties": {"No_de_Poco": 4, "Shape_Leng": 0.6, "Shape_Area": 0.0225}, "geometry": {"type": "Polygon", "coordinates": [[[-55.099999999999966, -22.799999999999955], [-54.94999999999993, -22.799999999999955], [-54.94999999999993, -22.949999999999932], [-55.099999999999966, -22.949999999999932], [-55.099999999999966, -22.799999999999955]]]}}, {"type": "Feature", "properties": {"No_de_Poco": 4, "Shape_Leng": 0.6, "Shape_Area": 0.0225}, "geometry": {"type": "Polygon", "coordinates": [[[-55.099999999999966, -22.649999999999977], [-54.94999999999993, -22.649999999999977], [-54.94999999999993, -22.799999999999955], [-55.099999999999966, -22.799999999999955], [-55.099999999999966, -22.649999999999977]]]}}, {"type": "Feature", "properties": {"No_de_Poco": 0, "Shape_Leng": 0.6, "Shape_Area": 0.0225}, "geometry": {"type": "Polygon", "coordinates": [[[-55.099999999999966, -22.499999999999943], [-54.94999999999993, -22.499999999999943], [-54.94999999999993, -22.649999999999977], [-55.099999999999966, -22.649999999999977], [-55.099999999999966, -22.499999999999943]]]}}, {"type": "Feature", "properties": {"No_de_Poco": 1, "Shape_Leng": 0.6, "Shape_Area": 0.0225}, "geometry": {"type": "Polygon", "coordinates": [[[-55.099999999999966, -22.349999999999966], [-54.94999999999993, -22.349999999999966], [-54.94999999999993, -22.499999999999943], [-55.099999999999966, -22.499999999999943], [-55.099999999999966, -22.349999999999966]]]}}, {"type": "Feature", "properties": {"No_de_Poco": 1, "Shape_Leng": 0.6, "Shape_Area": 0.0225}, "geometry": {"type": "Polygon", "coordinates": [[[-55.099999999999966, -22.199999999999932], [-54.94999999999993, -22.199999999999932], [-54.94999999999993, -22.349999999999966], [-55.099999999999966, -22.349999999999966], [-55.099999999999966, -22.199999999999932]]]}}, {"type": "Feature", "properties": {"No_de_Poco": 1, "Shape_Leng": 0.6, "Shape_Area": 0.0225}, "geometry": {"type": "Polygon", "coordinates": [[[-55.099999999999966, -22.049999999999955], [-54.94999999999993, -22.049999999999955], [-54.94999999999993, -22.199999999999932], [-55.099999999999966, -22.199999999999932], [-55.099999999999966, -22.049999999999955]]]}}, {"type": "Feature", "properties": {"No_de_Poco": 0, "Shape_Leng": 0.6, "Shape_Area": 0.0225}, "geometry": {"type": "Polygon", "coordinates": [[[-55.099999999999966, -21.899999999999977], [-54.94999999999993, -21.899999999999977], [-54.94999999999993, -22.049999999999955], [-55.099999999999966, -22.049999999999955], [-55.099999999999966, -21.899999999999977]]]}}, {"type": "Feature", "properties": {"No_de_Poco": 0, "Shape_Leng": 0.6, "Shape_Area": 0.0225}, "geometry": {"type": "Polygon", "coordinates": [[[-55.099999999999966, -21.749999999999943], [-54.94999999999993, -21.749999999999943], [-54.94999999999993, -21.899999999999977], [-55.099999999999966, -21.899999999999977], [-55.099999999999966, -21.749999999999943]]]}}, {"type": "Feature", "properties": {"No_de_Poco": 0, "Shape_Leng": 0.6, "Shape_Area": 0.0225}, "geometry": {"type": "Polygon", "coordinates": [[[-55.099999999999966, -21.599999999999966], [-54.94999999999993, -21.599999999999966], [-54.94999999999993, -21.749999999999943], [-55.099999999999966, -21.749999999999943], [-55.099999999999966, -21.599999999999966]]]}}, {"type": "Feature", "properties": {"No_de_Poco": 2, "Shape_Leng": 0.6, "Shape_Area": 0.0225}, "geometry": {"type": "Polygon", "coordinates": [[[-55.099999999999966, -21.449999999999932], [-54.94999999999993, -21.449999999999932], [-54.94999999999993, -21.599999999999966], [-55.099999999999966, -21.599999999999966], [-55.099999999999966, -21.449999999999932]]]}}, {"type": "Feature", "properties": {"No_de_Poco": 0, "Shape_Leng": 0.6, "Shape_Area": 0.0225}, "geometry": {"type": "Polygon", "coordinates": [[[-55.099999999999966, -21.299999999999955], [-54.94999999999993, -21.299999999999955], [-54.94999999999993, -21.449999999999932], [-55.099999999999966, -21.449999999999932], [-55.099999999999966, -21.299999999999955]]]}}, {"type": "Feature", "properties": {"No_de_Poco": 2, "Shape_Leng": 0.6, "Shape_Area": 0.0225}, "geometry": {"type": "Polygon", "coordinates": [[[-55.099999999999966, -21.149999999999977], [-54.94999999999993, -21.149999999999977], [-54.94999999999993, -21.299999999999955], [-55.099999999999966, -21.299999999999955], [-55.099999999999966, -21.149999999999977]]]}}, {"type": "Feature", "properties": {"No_de_Poco": 3, "Shape_Leng": 0.6, "Shape_Area": 0.0225}, "geometry": {"type": "Polygon", "coordinates": [[[-55.099999999999966, -20.999999999999943], [-54.94999999999993, -20.999999999999943], [-54.94999999999993, -21.149999999999977], [-55.099999999999966, -21.149999999999977], [-55.099999999999966, -20.999999999999943]]]}}, {"type": "Feature", "properties": {"No_de_Poco": 16, "Shape_Leng": 0.6, "Shape_Area": 0.0225}, "geometry": {"type": "Polygon", "coordinates": [[[-55.099999999999966, -20.849999999999966], [-54.94999999999993, -20.849999999999966], [-54.94999999999993, -20.999999999999943], [-55.099999999999966, -20.999999999999943], [-55.099999999999966, -20.849999999999966]]]}}, {"type": "Feature", "properties": {"No_de_Poco": 5, "Shape_Leng": 0.6, "Shape_Area": 0.0225}, "geometry": {"type": "Polygon", "coordinates": [[[-55.099999999999966, -20.549999999999955], [-54.94999999999993, -20.549999999999955], [-54.94999999999993, -20.699999999999932], [-55.099999999999966, -20.699999999999932], [-55.099999999999966, -20.549999999999955]]]}}, {"type": "Feature", "properties": {"No_de_Poco": 10, "Shape_Leng": 0.6, "Shape_Area": 0.0225}, "geometry": {"type": "Polygon", "coordinates": [[[-55.099999999999966, -20.399999999999977], [-54.94999999999993, -20.399999999999977], [-54.94999999999993, -20.549999999999955], [-55.099999999999966, -20.549999999999955], [-55.099999999999966, -20.399999999999977]]]}}, {"type": "Feature", "properties": {"No_de_Poco": 0, "Shape_Leng": 0.6, "Shape_Area": 0.0225}, "geometry": {"type": "Polygon", "coordinates": [[[-55.099999999999966, -20.249999999999943], [-54.94999999999993, -20.249999999999943], [-54.94999999999993, -20.399999999999977], [-55.099999999999966, -20.399999999999977], [-55.099999999999966, -20.249999999999943]]]}}, {"type": "Feature", "properties": {"No_de_Poco": 0, "Shape_Leng": 0.6, "Shape_Area": 0.0225}, "geometry": {"type": "Polygon", "coordinates": [[[-55.099999999999966, -20.099999999999966], [-54.94999999999993, -20.099999999999966], [-54.94999999999993, -20.249999999999943], [-55.099999999999966, -20.249999999999943], [-55.099999999999966, -20.099999999999966]]]}}, {"type": "Feature", "properties": {"No_de_Poco": 1, "Shape_Leng": 0.6, "Shape_Area": 0.0225}, "geometry": {"type": "Polygon", "coordinates": [[[-55.099999999999966, -19.949999999999932], [-54.94999999999993, -19.949999999999932], [-54.94999999999993, -20.099999999999966], [-55.099999999999966, -20.099999999999966], [-55.099999999999966, -19.949999999999932]]]}}, {"type": "Feature", "properties": {"No_de_Poco": 0, "Shape_Leng": 0.6, "Shape_Area": 0.0225}, "geometry": {"type": "Polygon", "coordinates": [[[-55.099999999999966, -19.799999999999955], [-54.94999999999993, -19.799999999999955], [-54.94999999999993, -19.949999999999932], [-55.099999999999966, -19.949999999999932], [-55.099999999999966, -19.799999999999955]]]}}, {"type": "Feature", "properties": {"No_de_Poco": 0, "Shape_Leng": 0.6, "Shape_Area": 0.0225}, "geometry": {"type": "Polygon", "coordinates": [[[-55.24999999999994, -23.999999999999943], [-55.099999999999966, -23.999999999999943], [-55.099999999999966, -24.149999999999977], [-55.24999999999994, -24.149999999999977], [-55.24999999999994, -23.999999999999943]]]}}, {"type": "Feature", "properties": {"No_de_Poco": 0, "Shape_Leng": 0.6, "Shape_Area": 0.0225}, "geometry": {"type": "Polygon", "coordinates": [[[-55.24999999999994, -23.849999999999966], [-55.099999999999966, -23.849999999999966], [-55.099999999999966, -23.999999999999943], [-55.24999999999994, -23.999999999999943], [-55.24999999999994, -23.849999999999966]]]}}, {"type": "Feature", "properties": {"No_de_Poco": 0, "Shape_Leng": 0.6, "Shape_Area": 0.0225}, "geometry": {"type": "Polygon", "coordinates": [[[-55.24999999999994, -23.699999999999932], [-55.099999999999966, -23.699999999999932], [-55.099999999999966, -23.849999999999966], [-55.24999999999994, -23.849999999999966], [-55.24999999999994, -23.699999999999932]]]}}, {"type": "Feature", "properties": {"No_de_Poco": 0, "Shape_Leng": 0.6, "Shape_Area": 0.0225}, "geometry": {"type": "Polygon", "coordinates": [[[-55.24999999999994, -23.549999999999955], [-55.099999999999966, -23.549999999999955], [-55.099999999999966, -23.699999999999932], [-55.24999999999994, -23.699999999999932], [-55.24999999999994, -23.549999999999955]]]}}, {"type": "Feature", "properties": {"No_de_Poco": 0, "Shape_Leng": 0.6, "Shape_Area": 0.0225}, "geometry": {"type": "Polygon", "coordinates": [[[-55.24999999999994, -23.399999999999977], [-55.099999999999966, -23.399999999999977], [-55.099999999999966, -23.549999999999955], [-55.24999999999994, -23.549999999999955], [-55.24999999999994, -23.399999999999977]]]}}, {"type": "Feature", "properties": {"No_de_Poco": 0, "Shape_Leng": 0.6, "Shape_Area": 0.0225}, "geometry": {"type": "Polygon", "coordinates": [[[-55.24999999999994, -23.249999999999943], [-55.099999999999966, -23.249999999999943], [-55.099999999999966, -23.399999999999977], [-55.24999999999994, -23.399999999999977], [-55.24999999999994, -23.249999999999943]]]}}, {"type": "Feature", "properties": {"No_de_Poco": 16, "Shape_Leng": 0.6, "Shape_Area": 0.0225}, "geometry": {"type": "Polygon", "coordinates": [[[-55.24999999999994, -23.099999999999966], [-55.099999999999966, -23.099999999999966], [-55.099999999999966, -23.249999999999943], [-55.24999999999994, -23.249999999999943], [-55.24999999999994, -23.099999999999966]]]}}, {"type": "Feature", "properties": {"No_de_Poco": 17, "Shape_Leng": 0.6, "Shape_Area": 0.0225}, "geometry": {"type": "Polygon", "coordinates": [[[-55.24999999999994, -22.949999999999932], [-55.099999999999966, -22.949999999999932], [-55.099999999999966, -23.099999999999966], [-55.24999999999994, -23.099999999999966], [-55.24999999999994, -22.949999999999932]]]}}, {"type": "Feature", "properties": {"No_de_Poco": 2, "Shape_Leng": 0.6, "Shape_Area": 0.0225}, "geometry": {"type": "Polygon", "coordinates": [[[-55.24999999999994, -22.649999999999977], [-55.099999999999966, -22.649999999999977], [-55.099999999999966, -22.799999999999955], [-55.24999999999994, -22.799999999999955], [-55.24999999999994, -22.649999999999977]]]}}, {"type": "Feature", "properties": {"No_de_Poco": 11, "Shape_Leng": 0.6, "Shape_Area": 0.0225}, "geometry": {"type": "Polygon", "coordinates": [[[-55.24999999999994, -22.499999999999943], [-55.099999999999966, -22.499999999999943], [-55.099999999999966, -22.649999999999977], [-55.24999999999994, -22.649999999999977], [-55.24999999999994, -22.499999999999943]]]}}, {"type": "Feature", "properties": {"No_de_Poco": 1, "Shape_Leng": 0.6, "Shape_Area": 0.0225}, "geometry": {"type": "Polygon", "coordinates": [[[-55.24999999999994, -22.349999999999966], [-55.099999999999966, -22.349999999999966], [-55.099999999999966, -22.499999999999943], [-55.24999999999994, -22.499999999999943], [-55.24999999999994, -22.349999999999966]]]}}, {"type": "Feature", "properties": {"No_de_Poco": 3, "Shape_Leng": 0.6, "Shape_Area": 0.0225}, "geometry": {"type": "Polygon", "coordinates": [[[-55.24999999999994, -22.199999999999932], [-55.099999999999966, -22.199999999999932], [-55.099999999999966, -22.349999999999966], [-55.24999999999994, -22.349999999999966], [-55.24999999999994, -22.199999999999932]]]}}, {"type": "Feature", "properties": {"No_de_Poco": 3, "Shape_Leng": 0.6, "Shape_Area": 0.0225}, "geometry": {"type": "Polygon", "coordinates": [[[-55.24999999999994, -22.049999999999955], [-55.099999999999966, -22.049999999999955], [-55.099999999999966, -22.199999999999932], [-55.24999999999994, -22.199999999999932], [-55.24999999999994, -22.049999999999955]]]}}, {"type": "Feature", "properties": {"No_de_Poco": 0, "Shape_Leng": 0.6, "Shape_Area": 0.0225}, "geometry": {"type": "Polygon", "coordinates": [[[-55.24999999999994, -21.899999999999977], [-55.099999999999966, -21.899999999999977], [-55.099999999999966, -22.049999999999955], [-55.24999999999994, -22.049999999999955], [-55.24999999999994, -21.899999999999977]]]}}, {"type": "Feature", "properties": {"No_de_Poco": 1, "Shape_Leng": 0.6, "Shape_Area": 0.0225}, "geometry": {"type": "Polygon", "coordinates": [[[-55.24999999999994, -21.749999999999943], [-55.099999999999966, -21.749999999999943], [-55.099999999999966, -21.899999999999977], [-55.24999999999994, -21.899999999999977], [-55.24999999999994, -21.749999999999943]]]}}, {"type": "Feature", "properties": {"No_de_Poco": 21, "Shape_Leng": 0.6, "Shape_Area": 0.0225}, "geometry": {"type": "Polygon", "coordinates": [[[-55.24999999999994, -21.599999999999966], [-55.099999999999966, -21.599999999999966], [-55.099999999999966, -21.749999999999943], [-55.24999999999994, -21.749999999999943], [-55.24999999999994, -21.599999999999966]]]}}, {"type": "Feature", "properties": {"No_de_Poco": 3, "Shape_Leng": 0.6, "Shape_Area": 0.0225}, "geometry": {"type": "Polygon", "coordinates": [[[-55.24999999999994, -21.449999999999932], [-55.099999999999966, -21.449999999999932], [-55.099999999999966, -21.599999999999966], [-55.24999999999994, -21.599999999999966], [-55.24999999999994, -21.449999999999932]]]}}, {"type": "Feature", "properties": {"No_de_Poco": 8, "Shape_Leng": 0.6, "Shape_Area": 0.0225}, "geometry": {"type": "Polygon", "coordinates": [[[-55.24999999999994, -21.299999999999955], [-55.099999999999966, -21.299999999999955], [-55.099999999999966, -21.449999999999932], [-55.24999999999994, -21.449999999999932], [-55.24999999999994, -21.299999999999955]]]}}, {"type": "Feature", "properties": {"No_de_Poco": 3, "Shape_Leng": 0.6, "Shape_Area": 0.0225}, "geometry": {"type": "Polygon", "coordinates": [[[-55.24999999999994, -21.149999999999977], [-55.099999999999966, -21.149999999999977], [-55.099999999999966, -21.299999999999955], [-55.24999999999994, -21.299999999999955], [-55.24999999999994, -21.149999999999977]]]}}, {"type": "Feature", "properties": {"No_de_Poco": 2, "Shape_Leng": 0.6, "Shape_Area": 0.0225}, "geometry": {"type": "Polygon", "coordinates": [[[-55.24999999999994, -20.999999999999943], [-55.099999999999966, -20.999999999999943], [-55.099999999999966, -21.149999999999977], [-55.24999999999994, -21.149999999999977], [-55.24999999999994, -20.999999999999943]]]}}, {"type": "Feature", "properties": {"No_de_Poco": 2, "Shape_Leng": 0.6, "Shape_Area": 0.0225}, "geometry": {"type": "Polygon", "coordinates": [[[-55.24999999999994, -20.849999999999966], [-55.099999999999966, -20.849999999999966], [-55.099999999999966, -20.999999999999943], [-55.24999999999994, -20.999999999999943], [-55.24999999999994, -20.849999999999966]]]}}, {"type": "Feature", "properties": {"No_de_Poco": 2, "Shape_Leng": 0.6, "Shape_Area": 0.0225}, "geometry": {"type": "Polygon", "coordinates": [[[-55.24999999999994, -20.399999999999977], [-55.099999999999966, -20.399999999999977], [-55.099999999999966, -20.549999999999955], [-55.24999999999994, -20.549999999999955], [-55.24999999999994, -20.399999999999977]]]}}, {"type": "Feature", "properties": {"No_de_Poco": 2, "Shape_Leng": 0.6, "Shape_Area": 0.0225}, "geometry": {"type": "Polygon", "coordinates": [[[-55.24999999999994, -20.249999999999943], [-55.099999999999966, -20.249999999999943], [-55.099999999999966, -20.399999999999977], [-55.24999999999994, -20.399999999999977], [-55.24999999999994, -20.249999999999943]]]}}, {"type": "Feature", "properties": {"No_de_Poco": 0, "Shape_Leng": 0.6, "Shape_Area": 0.0225}, "geometry": {"type": "Polygon", "coordinates": [[[-55.24999999999994, -20.099999999999966], [-55.099999999999966, -20.099999999999966], [-55.099999999999966, -20.249999999999943], [-55.24999999999994, -20.249999999999943], [-55.24999999999994, -20.099999999999966]]]}}, {"type": "Feature", "properties": {"No_de_Poco": 0, "Shape_Leng": 0.6, "Shape_Area": 0.0225}, "geometry": {"type": "Polygon", "coordinates": [[[-55.24999999999994, -19.949999999999932], [-55.099999999999966, -19.949999999999932], [-55.099999999999966, -20.099999999999966], [-55.24999999999994, -20.099999999999966], [-55.24999999999994, -19.949999999999932]]]}}, {"type": "Feature", "properties": {"No_de_Poco": 3, "Shape_Leng": 0.6, "Shape_Area": 0.0225}, "geometry": {"type": "Polygon", "coordinates": [[[-55.24999999999994, -19.799999999999955], [-55.099999999999966, -19.799999999999955], [-55.099999999999966, -19.949999999999932], [-55.24999999999994, -19.949999999999932], [-55.24999999999994, -19.799999999999955]]]}}, {"type": "Feature", "properties": {"No_de_Poco": 1, "Shape_Leng": 0.6, "Shape_Area": 0.0225}, "geometry": {"type": "Polygon", "coordinates": [[[-55.39999999999998, -23.849999999999966], [-55.24999999999994, -23.849999999999966], [-55.24999999999994, -23.999999999999943], [-55.39999999999998, -23.999999999999943], [-55.39999999999998, -23.849999999999966]]]}}, {"type": "Feature", "properties": {"No_de_Poco": 0, "Shape_Leng": 0.6, "Shape_Area": 0.0225}, "geometry": {"type": "Polygon", "coordinates": [[[-55.39999999999998, -23.699999999999932], [-55.24999999999994, -23.699999999999932], [-55.24999999999994, -23.849999999999966], [-55.39999999999998, -23.849999999999966], [-55.39999999999998, -23.699999999999932]]]}}, {"type": "Feature", "properties": {"No_de_Poco": 0, "Shape_Leng": 0.6, "Shape_Area": 0.0225}, "geometry": {"type": "Polygon", "coordinates": [[[-55.39999999999998, -23.549999999999955], [-55.24999999999994, -23.549999999999955], [-55.24999999999994, -23.699999999999932], [-55.39999999999998, -23.699999999999932], [-55.39999999999998, -23.549999999999955]]]}}, {"type": "Feature", "properties": {"No_de_Poco": 0, "Shape_Leng": 0.6, "Shape_Area": 0.0225}, "geometry": {"type": "Polygon", "coordinates": [[[-55.39999999999998, -23.399999999999977], [-55.24999999999994, -23.399999999999977], [-55.24999999999994, -23.549999999999955], [-55.39999999999998, -23.549999999999955], [-55.39999999999998, -23.399999999999977]]]}}, {"type": "Feature", "properties": {"No_de_Poco": 0, "Shape_Leng": 0.6, "Shape_Area": 0.0225}, "geometry": {"type": "Polygon", "coordinates": [[[-55.39999999999998, -23.249999999999943], [-55.24999999999994, -23.249999999999943], [-55.24999999999994, -23.399999999999977], [-55.39999999999998, -23.399999999999977], [-55.39999999999998, -23.249999999999943]]]}}, {"type": "Feature", "properties": {"No_de_Poco": 1, "Shape_Leng": 0.6, "Shape_Area": 0.0225}, "geometry": {"type": "Polygon", "coordinates": [[[-55.39999999999998, -23.099999999999966], [-55.24999999999994, -23.099999999999966], [-55.24999999999994, -23.249999999999943], [-55.39999999999998, -23.249999999999943], [-55.39999999999998, -23.099999999999966]]]}}, {"type": "Feature", "properties": {"No_de_Poco": 1, "Shape_Leng": 0.6, "Shape_Area": 0.0225}, "geometry": {"type": "Polygon", "coordinates": [[[-55.39999999999998, -22.949999999999932], [-55.24999999999994, -22.949999999999932], [-55.24999999999994, -23.099999999999966], [-55.39999999999998, -23.099999999999966], [-55.39999999999998, -22.949999999999932]]]}}, {"type": "Feature", "properties": {"No_de_Poco": 0, "Shape_Leng": 0.6, "Shape_Area": 0.0225}, "geometry": {"type": "Polygon", "coordinates": [[[-55.39999999999998, -22.649999999999977], [-55.24999999999994, -22.649999999999977], [-55.24999999999994, -22.799999999999955], [-55.39999999999998, -22.799999999999955], [-55.39999999999998, -22.649999999999977]]]}}, {"type": "Feature", "properties": {"No_de_Poco": 2, "Shape_Leng": 0.6, "Shape_Area": 0.0225}, "geometry": {"type": "Polygon", "coordinates": [[[-55.39999999999998, -22.499999999999943], [-55.24999999999994, -22.499999999999943], [-55.24999999999994, -22.649999999999977], [-55.39999999999998, -22.649999999999977], [-55.39999999999998, -22.499999999999943]]]}}, {"type": "Feature", "properties": {"No_de_Poco": 0, "Shape_Leng": 0.6, "Shape_Area": 0.0225}, "geometry": {"type": "Polygon", "coordinates": [[[-55.39999999999998, -22.349999999999966], [-55.24999999999994, -22.349999999999966], [-55.24999999999994, -22.499999999999943], [-55.39999999999998, -22.499999999999943], [-55.39999999999998, -22.349999999999966]]]}}, {"type": "Feature", "properties": {"No_de_Poco": 0, "Shape_Leng": 0.6, "Shape_Area": 0.0225}, "geometry": {"type": "Polygon", "coordinates": [[[-55.39999999999998, -22.199999999999932], [-55.24999999999994, -22.199999999999932], [-55.24999999999994, -22.349999999999966], [-55.39999999999998, -22.349999999999966], [-55.39999999999998, -22.199999999999932]]]}}, {"type": "Feature", "properties": {"No_de_Poco": 0, "Shape_Leng": 0.6, "Shape_Area": 0.0225}, "geometry": {"type": "Polygon", "coordinates": [[[-55.39999999999998, -21.749999999999943], [-55.24999999999994, -21.749999999999943], [-55.24999999999994, -21.899999999999977], [-55.39999999999998, -21.899999999999977], [-55.39999999999998, -21.749999999999943]]]}}, {"type": "Feature", "properties": {"No_de_Poco": 1, "Shape_Leng": 0.6, "Shape_Area": 0.0225}, "geometry": {"type": "Polygon", "coordinates": [[[-55.39999999999998, -21.599999999999966], [-55.24999999999994, -21.599999999999966], [-55.24999999999994, -21.749999999999943], [-55.39999999999998, -21.749999999999943], [-55.39999999999998, -21.599999999999966]]]}}, {"type": "Feature", "properties": {"No_de_Poco": 1, "Shape_Leng": 0.6, "Shape_Area": 0.0225}, "geometry": {"type": "Polygon", "coordinates": [[[-55.39999999999998, -21.449999999999932], [-55.24999999999994, -21.449999999999932], [-55.24999999999994, -21.599999999999966], [-55.39999999999998, -21.599999999999966], [-55.39999999999998, -21.449999999999932]]]}}, {"type": "Feature", "properties": {"No_de_Poco": 1, "Shape_Leng": 0.6, "Shape_Area": 0.0225}, "geometry": {"type": "Polygon", "coordinates": [[[-55.39999999999998, -21.299999999999955], [-55.24999999999994, -21.299999999999955], [-55.24999999999994, -21.449999999999932], [-55.39999999999998, -21.449999999999932], [-55.39999999999998, -21.299999999999955]]]}}, {"type": "Feature", "properties": {"No_de_Poco": 6, "Shape_Leng": 0.6, "Shape_Area": 0.0225}, "geometry": {"type": "Polygon", "coordinates": [[[-55.39999999999998, -21.149999999999977], [-55.24999999999994, -21.149999999999977], [-55.24999999999994, -21.299999999999955], [-55.39999999999998, -21.299999999999955], [-55.39999999999998, -21.149999999999977]]]}}, {"type": "Feature", "properties": {"No_de_Poco": 0, "Shape_Leng": 0.6, "Shape_Area": 0.0225}, "geometry": {"type": "Polygon", "coordinates": [[[-55.39999999999998, -20.999999999999943], [-55.24999999999994, -20.999999999999943], [-55.24999999999994, -21.149999999999977], [-55.39999999999998, -21.149999999999977], [-55.39999999999998, -20.999999999999943]]]}}, {"type": "Feature", "properties": {"No_de_Poco": 0, "Shape_Leng": 0.6, "Shape_Area": 0.0225}, "geometry": {"type": "Polygon", "coordinates": [[[-55.39999999999998, -20.849999999999966], [-55.24999999999994, -20.849999999999966], [-55.24999999999994, -20.999999999999943], [-55.39999999999998, -20.999999999999943], [-55.39999999999998, -20.849999999999966]]]}}, {"type": "Feature", "properties": {"No_de_Poco": 1, "Shape_Leng": 0.6, "Shape_Area": 0.0225}, "geometry": {"type": "Polygon", "coordinates": [[[-55.39999999999998, -20.699999999999932], [-55.24999999999994, -20.699999999999932], [-55.24999999999994, -20.849999999999966], [-55.39999999999998, -20.849999999999966], [-55.39999999999998, -20.699999999999932]]]}}, {"type": "Feature", "properties": {"No_de_Poco": 15, "Shape_Leng": 0.6, "Shape_Area": 0.0225}, "geometry": {"type": "Polygon", "coordinates": [[[-55.39999999999998, -20.549999999999955], [-55.24999999999994, -20.549999999999955], [-55.24999999999994, -20.699999999999932], [-55.39999999999998, -20.699999999999932], [-55.39999999999998, -20.549999999999955]]]}}, {"type": "Feature", "properties": {"No_de_Poco": 1, "Shape_Leng": 0.6, "Shape_Area": 0.0225}, "geometry": {"type": "Polygon", "coordinates": [[[-55.39999999999998, -20.399999999999977], [-55.24999999999994, -20.399999999999977], [-55.24999999999994, -20.549999999999955], [-55.39999999999998, -20.549999999999955], [-55.39999999999998, -20.399999999999977]]]}}, {"type": "Feature", "properties": {"No_de_Poco": 0, "Shape_Leng": 0.6, "Shape_Area": 0.0225}, "geometry": {"type": "Polygon", "coordinates": [[[-55.39999999999998, -20.249999999999943], [-55.24999999999994, -20.249999999999943], [-55.24999999999994, -20.399999999999977], [-55.39999999999998, -20.399999999999977], [-55.39999999999998, -20.249999999999943]]]}}, {"type": "Feature", "properties": {"No_de_Poco": 2, "Shape_Leng": 0.6, "Shape_Area": 0.0225}, "geometry": {"type": "Polygon", "coordinates": [[[-55.39999999999998, -20.099999999999966], [-55.24999999999994, -20.099999999999966], [-55.24999999999994, -20.249999999999943], [-55.39999999999998, -20.249999999999943], [-55.39999999999998, -20.099999999999966]]]}}, {"type": "Feature", "properties": {"No_de_Poco": 0, "Shape_Leng": 0.6, "Shape_Area": 0.0225}, "geometry": {"type": "Polygon", "coordinates": [[[-55.39999999999998, -19.949999999999932], [-55.24999999999994, -19.949999999999932], [-55.24999999999994, -20.099999999999966], [-55.39999999999998, -20.099999999999966], [-55.39999999999998, -19.949999999999932]]]}}, {"type": "Feature", "properties": {"No_de_Poco": 0, "Shape_Leng": 0.6, "Shape_Area": 0.0225}, "geometry": {"type": "Polygon", "coordinates": [[[-55.39999999999998, -19.799999999999955], [-55.24999999999994, -19.799999999999955], [-55.24999999999994, -19.949999999999932], [-55.39999999999998, -19.949999999999932], [-55.39999999999998, -19.799999999999955]]]}}, {"type": "Feature", "properties": {"No_de_Poco": 5, "Shape_Leng": 0.6, "Shape_Area": 0.0225}, "geometry": {"type": "Polygon", "coordinates": [[[-55.549999999999955, -23.849999999999966], [-55.39999999999998, -23.849999999999966], [-55.39999999999998, -23.999999999999943], [-55.549999999999955, -23.999999999999943], [-55.549999999999955, -23.849999999999966]]]}}, {"type": "Feature", "properties": {"No_de_Poco": 0, "Shape_Leng": 0.6, "Shape_Area": 0.0225}, "geometry": {"type": "Polygon", "coordinates": [[[-55.549999999999955, -23.699999999999932], [-55.39999999999998, -23.699999999999932], [-55.39999999999998, -23.849999999999966], [-55.549999999999955, -23.849999999999966], [-55.549999999999955, -23.699999999999932]]]}}, {"type": "Feature", "properties": {"No_de_Poco": 0, "Shape_Leng": 0.6, "Shape_Area": 0.0225}, "geometry": {"type": "Polygon", "coordinates": [[[-55.549999999999955, -23.549999999999955], [-55.39999999999998, -23.549999999999955], [-55.39999999999998, -23.699999999999932], [-55.549999999999955, -23.699999999999932], [-55.549999999999955, -23.549999999999955]]]}}, {"type": "Feature", "properties": {"No_de_Poco": 0, "Shape_Leng": 0.6, "Shape_Area": 0.0225}, "geometry": {"type": "Polygon", "coordinates": [[[-55.549999999999955, -23.399999999999977], [-55.39999999999998, -23.399999999999977], [-55.39999999999998, -23.549999999999955], [-55.549999999999955, -23.549999999999955], [-55.549999999999955, -23.399999999999977]]]}}, {"type": "Feature", "properties": {"No_de_Poco": 0, "Shape_Leng": 0.6, "Shape_Area": 0.0225}, "geometry": {"type": "Polygon", "coordinates": [[[-55.549999999999955, -23.249999999999943], [-55.39999999999998, -23.249999999999943], [-55.39999999999998, -23.399999999999977], [-55.549999999999955, -23.399999999999977], [-55.549999999999955, -23.249999999999943]]]}}, {"type": "Feature", "properties": {"No_de_Poco": 0, "Shape_Leng": 0.6, "Shape_Area": 0.0225}, "geometry": {"type": "Polygon", "coordinates": [[[-55.549999999999955, -23.099999999999966], [-55.39999999999998, -23.099999999999966], [-55.39999999999998, -23.249999999999943], [-55.549999999999955, -23.249999999999943], [-55.549999999999955, -23.099999999999966]]]}}, {"type": "Feature", "properties": {"No_de_Poco": 2, "Shape_Leng": 0.6, "Shape_Area": 0.0225}, "geometry": {"type": "Polygon", "coordinates": [[[-55.549999999999955, -22.949999999999932], [-55.39999999999998, -22.949999999999932], [-55.39999999999998, -23.099999999999966], [-55.549999999999955, -23.099999999999966], [-55.549999999999955, -22.949999999999932]]]}}, {"type": "Feature", "properties": {"No_de_Poco": 0, "Shape_Leng": 0.6, "Shape_Area": 0.0225}, "geometry": {"type": "Polygon", "coordinates": [[[-55.549999999999955, -22.799999999999955], [-55.39999999999998, -22.799999999999955], [-55.39999999999998, -22.949999999999932], [-55.549999999999955, -22.949999999999932], [-55.549999999999955, -22.799999999999955]]]}}, {"type": "Feature", "properties": {"No_de_Poco": 0, "Shape_Leng": 0.6, "Shape_Area": 0.0225}, "geometry": {"type": "Polygon", "coordinates": [[[-55.549999999999955, -22.499999999999943], [-55.39999999999998, -22.499999999999943], [-55.39999999999998, -22.649999999999977], [-55.549999999999955, -22.649999999999977], [-55.549999999999955, -22.499999999999943]]]}}, {"type": "Feature", "properties": {"No_de_Poco": 0, "Shape_Leng": 0.6, "Shape_Area": 0.0225}, "geometry": {"type": "Polygon", "coordinates": [[[-55.549999999999955, -22.349999999999966], [-55.39999999999998, -22.349999999999966], [-55.39999999999998, -22.499999999999943], [-55.549999999999955, -22.499999999999943], [-55.549999999999955, -22.349999999999966]]]}}, {"type": "Feature", "properties": {"No_de_Poco": 0, "Shape_Leng": 0.6, "Shape_Area": 0.0225}, "geometry": {"type": "Polygon", "coordinates": [[[-55.549999999999955, -21.899999999999977], [-55.39999999999998, -21.899999999999977], [-55.39999999999998, -22.049999999999955], [-55.549999999999955, -22.049999999999955], [-55.549999999999955, -21.899999999999977]]]}}, {"type": "Feature", "properties": {"No_de_Poco": 2, "Shape_Leng": 0.6, "Shape_Area": 0.0225}, "geometry": {"type": "Polygon", "coordinates": [[[-55.549999999999955, -21.749999999999943], [-55.39999999999998, -21.749999999999943], [-55.39999999999998, -21.899999999999977], [-55.549999999999955, -21.899999999999977], [-55.549999999999955, -21.749999999999943]]]}}, {"type": "Feature", "properties": {"No_de_Poco": 4, "Shape_Leng": 0.6, "Shape_Area": 0.0225}, "geometry": {"type": "Polygon", "coordinates": [[[-55.549999999999955, -21.599999999999966], [-55.39999999999998, -21.599999999999966], [-55.39999999999998, -21.749999999999943], [-55.549999999999955, -21.749999999999943], [-55.549999999999955, -21.599999999999966]]]}}, {"type": "Feature", "properties": {"No_de_Poco": 0, "Shape_Leng": 0.6, "Shape_Area": 0.0225}, "geometry": {"type": "Polygon", "coordinates": [[[-55.549999999999955, -21.449999999999932], [-55.39999999999998, -21.449999999999932], [-55.39999999999998, -21.599999999999966], [-55.549999999999955, -21.599999999999966], [-55.549999999999955, -21.449999999999932]]]}}, {"type": "Feature", "properties": {"No_de_Poco": 0, "Shape_Leng": 0.6, "Shape_Area": 0.0225}, "geometry": {"type": "Polygon", "coordinates": [[[-55.549999999999955, -21.299999999999955], [-55.39999999999998, -21.299999999999955], [-55.39999999999998, -21.449999999999932], [-55.549999999999955, -21.449999999999932], [-55.549999999999955, -21.299999999999955]]]}}, {"type": "Feature", "properties": {"No_de_Poco": 0, "Shape_Leng": 0.6, "Shape_Area": 0.0225}, "geometry": {"type": "Polygon", "coordinates": [[[-55.549999999999955, -21.149999999999977], [-55.39999999999998, -21.149999999999977], [-55.39999999999998, -21.299999999999955], [-55.549999999999955, -21.299999999999955], [-55.549999999999955, -21.149999999999977]]]}}, {"type": "Feature", "properties": {"No_de_Poco": 0, "Shape_Leng": 0.6, "Shape_Area": 0.0225}, "geometry": {"type": "Polygon", "coordinates": [[[-55.549999999999955, -20.999999999999943], [-55.39999999999998, -20.999999999999943], [-55.39999999999998, -21.149999999999977], [-55.549999999999955, -21.149999999999977], [-55.549999999999955, -20.999999999999943]]]}}, {"type": "Feature", "properties": {"No_de_Poco": 0, "Shape_Leng": 0.6, "Shape_Area": 0.0225}, "geometry": {"type": "Polygon", "coordinates": [[[-55.549999999999955, -20.849999999999966], [-55.39999999999998, -20.849999999999966], [-55.39999999999998, -20.999999999999943], [-55.549999999999955, -20.999999999999943], [-55.549999999999955, -20.849999999999966]]]}}, {"type": "Feature", "properties": {"No_de_Poco": 9, "Shape_Leng": 0.6, "Shape_Area": 0.0225}, "geometry": {"type": "Polygon", "coordinates": [[[-55.549999999999955, -20.699999999999932], [-55.39999999999998, -20.699999999999932], [-55.39999999999998, -20.849999999999966], [-55.549999999999955, -20.849999999999966], [-55.549999999999955, -20.699999999999932]]]}}, {"type": "Feature", "properties": {"No_de_Poco": 1, "Shape_Leng": 0.6, "Shape_Area": 0.0225}, "geometry": {"type": "Polygon", "coordinates": [[[-55.549999999999955, -20.549999999999955], [-55.39999999999998, -20.549999999999955], [-55.39999999999998, -20.699999999999932], [-55.549999999999955, -20.699999999999932], [-55.549999999999955, -20.549999999999955]]]}}, {"type": "Feature", "properties": {"No_de_Poco": 6, "Shape_Leng": 0.6, "Shape_Area": 0.0225}, "geometry": {"type": "Polygon", "coordinates": [[[-55.549999999999955, -20.399999999999977], [-55.39999999999998, -20.399999999999977], [-55.39999999999998, -20.549999999999955], [-55.549999999999955, -20.549999999999955], [-55.549999999999955, -20.399999999999977]]]}}, {"type": "Feature", "properties": {"No_de_Poco": 0, "Shape_Leng": 0.6, "Shape_Area": 0.0225}, "geometry": {"type": "Polygon", "coordinates": [[[-55.549999999999955, -20.249999999999943], [-55.39999999999998, -20.249999999999943], [-55.39999999999998, -20.399999999999977], [-55.549999999999955, -20.399999999999977], [-55.549999999999955, -20.249999999999943]]]}}, {"type": "Feature", "properties": {"No_de_Poco": 0, "Shape_Leng": 0.6, "Shape_Area": 0.0225}, "geometry": {"type": "Polygon", "coordinates": [[[-55.549999999999955, -20.099999999999966], [-55.39999999999998, -20.099999999999966], [-55.39999999999998, -20.249999999999943], [-55.549999999999955, -20.249999999999943], [-55.549999999999955, -20.099999999999966]]]}}, {"type": "Feature", "properties": {"No_de_Poco": 0, "Shape_Leng": 0.6, "Shape_Area": 0.0225}, "geometry": {"type": "Polygon", "coordinates": [[[-55.549999999999955, -19.949999999999932], [-55.39999999999998, -19.949999999999932], [-55.39999999999998, -20.099999999999966], [-55.549999999999955, -20.099999999999966], [-55.549999999999955, -19.949999999999932]]]}}, {"type": "Feature", "properties": {"No_de_Poco": 0, "Shape_Leng": 0.6, "Shape_Area": 0.0225}, "geometry": {"type": "Polygon", "coordinates": [[[-55.549999999999955, -19.799999999999955], [-55.39999999999998, -19.799999999999955], [-55.39999999999998, -19.949999999999932], [-55.549999999999955, -19.949999999999932], [-55.549999999999955, -19.799999999999955]]]}}, {"type": "Feature", "properties": {"No_de_Poco": 0, "Shape_Leng": 0.6, "Shape_Area": 0.0225}, "geometry": {"type": "Polygon", "coordinates": [[[-55.69999999999993, -23.399999999999977], [-55.549999999999955, -23.399999999999977], [-55.549999999999955, -23.549999999999955], [-55.69999999999993, -23.549999999999955], [-55.69999999999993, -23.399999999999977]]]}}, {"type": "Feature", "properties": {"No_de_Poco": 0, "Shape_Leng": 0.6, "Shape_Area": 0.0225}, "geometry": {"type": "Polygon", "coordinates": [[[-55.69999999999993, -23.249999999999943], [-55.549999999999955, -23.249999999999943], [-55.549999999999955, -23.399999999999977], [-55.69999999999993, -23.399999999999977], [-55.69999999999993, -23.249999999999943]]]}}, {"type": "Feature", "properties": {"No_de_Poco": 0, "Shape_Leng": 0.6, "Shape_Area": 0.0225}, "geometry": {"type": "Polygon", "coordinates": [[[-55.69999999999993, -23.099999999999966], [-55.549999999999955, -23.099999999999966], [-55.549999999999955, -23.249999999999943], [-55.69999999999993, -23.249999999999943], [-55.69999999999993, -23.099999999999966]]]}}, {"type": "Feature", "properties": {"No_de_Poco": 7, "Shape_Leng": 0.6, "Shape_Area": 0.0225}, "geometry": {"type": "Polygon", "coordinates": [[[-55.69999999999993, -22.949999999999932], [-55.549999999999955, -22.949999999999932], [-55.549999999999955, -23.099999999999966], [-55.69999999999993, -23.099999999999966], [-55.69999999999993, -22.949999999999932]]]}}, {"type": "Feature", "properties": {"No_de_Poco": 11, "Shape_Leng": 0.6, "Shape_Area": 0.0225}, "geometry": {"type": "Polygon", "coordinates": [[[-55.69999999999993, -22.799999999999955], [-55.549999999999955, -22.799999999999955], [-55.549999999999955, -22.949999999999932], [-55.69999999999993, -22.949999999999932], [-55.69999999999993, -22.799999999999955]]]}}, {"type": "Feature", "properties": {"No_de_Poco": 1, "Shape_Leng": 0.6, "Shape_Area": 0.0225}, "geometry": {"type": "Polygon", "coordinates": [[[-55.69999999999993, -22.649999999999977], [-55.549999999999955, -22.649999999999977], [-55.549999999999955, -22.799999999999955], [-55.69999999999993, -22.799999999999955], [-55.69999999999993, -22.649999999999977]]]}}, {"type": "Feature", "properties": {"No_de_Poco": 10, "Shape_Leng": 0.6, "Shape_Area": 0.0225}, "geometry": {"type": "Polygon", "coordinates": [[[-55.69999999999993, -22.499999999999943], [-55.549999999999955, -22.499999999999943], [-55.549999999999955, -22.649999999999977], [-55.69999999999993, -22.649999999999977], [-55.69999999999993, -22.499999999999943]]]}}, {"type": "Feature", "properties": {"No_de_Poco": 0, "Shape_Leng": 0.6, "Shape_Area": 0.0225}, "geometry": {"type": "Polygon", "coordinates": [[[-55.69999999999993, -22.349999999999966], [-55.549999999999955, -22.349999999999966], [-55.549999999999955, -22.499999999999943], [-55.69999999999993, -22.499999999999943], [-55.69999999999993, -22.349999999999966]]]}}, {"type": "Feature", "properties": {"No_de_Poco": 3, "Shape_Leng": 0.6, "Shape_Area": 0.0225}, "geometry": {"type": "Polygon", "coordinates": [[[-55.69999999999993, -22.199999999999932], [-55.549999999999955, -22.199999999999932], [-55.549999999999955, -22.349999999999966], [-55.69999999999993, -22.349999999999966], [-55.69999999999993, -22.199999999999932]]]}}, {"type": "Feature", "properties": {"No_de_Poco": 1, "Shape_Leng": 0.6, "Shape_Area": 0.0225}, "geometry": {"type": "Polygon", "coordinates": [[[-55.69999999999993, -22.049999999999955], [-55.549999999999955, -22.049999999999955], [-55.549999999999955, -22.199999999999932], [-55.69999999999993, -22.199999999999932], [-55.69999999999993, -22.049999999999955]]]}}, {"type": "Feature", "properties": {"No_de_Poco": 0, "Shape_Leng": 0.6, "Shape_Area": 0.0225}, "geometry": {"type": "Polygon", "coordinates": [[[-55.69999999999993, -21.899999999999977], [-55.549999999999955, -21.899999999999977], [-55.549999999999955, -22.049999999999955], [-55.69999999999993, -22.049999999999955], [-55.69999999999993, -21.899999999999977]]]}}, {"type": "Feature", "properties": {"No_de_Poco": 0, "Shape_Leng": 0.6, "Shape_Area": 0.0225}, "geometry": {"type": "Polygon", "coordinates": [[[-55.69999999999993, -21.749999999999943], [-55.549999999999955, -21.749999999999943], [-55.549999999999955, -21.899999999999977], [-55.69999999999993, -21.899999999999977], [-55.69999999999993, -21.749999999999943]]]}}, {"type": "Feature", "properties": {"No_de_Poco": 1, "Shape_Leng": 0.6, "Shape_Area": 0.0225}, "geometry": {"type": "Polygon", "coordinates": [[[-55.69999999999993, -21.599999999999966], [-55.549999999999955, -21.599999999999966], [-55.549999999999955, -21.749999999999943], [-55.69999999999993, -21.749999999999943], [-55.69999999999993, -21.599999999999966]]]}}, {"type": "Feature", "properties": {"No_de_Poco": 0, "Shape_Leng": 0.6, "Shape_Area": 0.0225}, "geometry": {"type": "Polygon", "coordinates": [[[-55.69999999999993, -21.449999999999932], [-55.549999999999955, -21.449999999999932], [-55.549999999999955, -21.599999999999966], [-55.69999999999993, -21.599999999999966], [-55.69999999999993, -21.449999999999932]]]}}, {"type": "Feature", "properties": {"No_de_Poco": 1, "Shape_Leng": 0.6, "Shape_Area": 0.0225}, "geometry": {"type": "Polygon", "coordinates": [[[-55.69999999999993, -21.149999999999977], [-55.549999999999955, -21.149999999999977], [-55.549999999999955, -21.299999999999955], [-55.69999999999993, -21.299999999999955], [-55.69999999999993, -21.149999999999977]]]}}, {"type": "Feature", "properties": {"No_de_Poco": 1, "Shape_Leng": 0.6, "Shape_Area": 0.0225}, "geometry": {"type": "Polygon", "coordinates": [[[-55.69999999999993, -20.999999999999943], [-55.549999999999955, -20.999999999999943], [-55.549999999999955, -21.149999999999977], [-55.69999999999993, -21.149999999999977], [-55.69999999999993, -20.999999999999943]]]}}, {"type": "Feature", "properties": {"No_de_Poco": 0, "Shape_Leng": 0.6, "Shape_Area": 0.0225}, "geometry": {"type": "Polygon", "coordinates": [[[-55.69999999999993, -20.849999999999966], [-55.549999999999955, -20.849999999999966], [-55.549999999999955, -20.999999999999943], [-55.69999999999993, -20.999999999999943], [-55.69999999999993, -20.849999999999966]]]}}, {"type": "Feature", "properties": {"No_de_Poco": 0, "Shape_Leng": 0.6, "Shape_Area": 0.0225}, "geometry": {"type": "Polygon", "coordinates": [[[-55.69999999999993, -20.699999999999932], [-55.549999999999955, -20.699999999999932], [-55.549999999999955, -20.849999999999966], [-55.69999999999993, -20.849999999999966], [-55.69999999999993, -20.699999999999932]]]}}, {"type": "Feature", "properties": {"No_de_Poco": 0, "Shape_Leng": 0.6, "Shape_Area": 0.0225}, "geometry": {"type": "Polygon", "coordinates": [[[-55.69999999999993, -20.549999999999955], [-55.549999999999955, -20.549999999999955], [-55.549999999999955, -20.699999999999932], [-55.69999999999993, -20.699999999999932], [-55.69999999999993, -20.549999999999955]]]}}, {"type": "Feature", "properties": {"No_de_Poco": 3, "Shape_Leng": 0.6, "Shape_Area": 0.0225}, "geometry": {"type": "Polygon", "coordinates": [[[-55.69999999999993, -20.399999999999977], [-55.549999999999955, -20.399999999999977], [-55.549999999999955, -20.549999999999955], [-55.69999999999993, -20.549999999999955], [-55.69999999999993, -20.399999999999977]]]}}, {"type": "Feature", "properties": {"No_de_Poco": 1, "Shape_Leng": 0.6, "Shape_Area": 0.0225}, "geometry": {"type": "Polygon", "coordinates": [[[-55.69999999999993, -20.249999999999943], [-55.549999999999955, -20.249999999999943], [-55.549999999999955, -20.399999999999977], [-55.69999999999993, -20.399999999999977], [-55.69999999999993, -20.249999999999943]]]}}, {"type": "Feature", "properties": {"No_de_Poco": 0, "Shape_Leng": 0.6, "Shape_Area": 0.0225}, "geometry": {"type": "Polygon", "coordinates": [[[-55.69999999999993, -20.099999999999966], [-55.549999999999955, -20.099999999999966], [-55.549999999999955, -20.249999999999943], [-55.69999999999993, -20.249999999999943], [-55.69999999999993, -20.099999999999966]]]}}, {"type": "Feature", "properties": {"No_de_Poco": 0, "Shape_Leng": 0.6, "Shape_Area": 0.0225}, "geometry": {"type": "Polygon", "coordinates": [[[-55.69999999999993, -19.949999999999932], [-55.549999999999955, -19.949999999999932], [-55.549999999999955, -20.099999999999966], [-55.69999999999993, -20.099999999999966], [-55.69999999999993, -19.949999999999932]]]}}, {"type": "Feature", "properties": {"No_de_Poco": 0, "Shape_Leng": 0.6, "Shape_Area": 0.0225}, "geometry": {"type": "Polygon", "coordinates": [[[-55.69999999999993, -19.799999999999955], [-55.549999999999955, -19.799999999999955], [-55.549999999999955, -19.949999999999932], [-55.69999999999993, -19.949999999999932], [-55.69999999999993, -19.799999999999955]]]}}, {"type": "Feature", "properties": {"No_de_Poco": 22, "Shape_Leng": 0.6, "Shape_Area": 0.0225}, "geometry": {"type": "Polygon", "coordinates": [[[-55.849999999999966, -22.499999999999943], [-55.69999999999993, -22.499999999999943], [-55.69999999999993, -22.649999999999977], [-55.849999999999966, -22.649999999999977], [-55.849999999999966, -22.499999999999943]]]}}, {"type": "Feature", "properties": {"No_de_Poco": 12, "Shape_Leng": 0.6, "Shape_Area": 0.0225}, "geometry": {"type": "Polygon", "coordinates": [[[-55.849999999999966, -22.349999999999966], [-55.69999999999993, -22.349999999999966], [-55.69999999999993, -22.499999999999943], [-55.849999999999966, -22.499999999999943], [-55.849999999999966, -22.349999999999966]]]}}, {"type": "Feature", "properties": {"No_de_Poco": 0, "Shape_Leng": 0.6, "Shape_Area": 0.0225}, "geometry": {"type": "Polygon", "coordinates": [[[-55.849999999999966, -22.199999999999932], [-55.69999999999993, -22.199999999999932], [-55.69999999999993, -22.349999999999966], [-55.849999999999966, -22.349999999999966], [-55.849999999999966, -22.199999999999932]]]}}, {"type": "Feature", "properties": {"No_de_Poco": 0, "Shape_Leng": 0.6, "Shape_Area": 0.0225}, "geometry": {"type": "Polygon", "coordinates": [[[-55.849999999999966, -22.049999999999955], [-55.69999999999993, -22.049999999999955], [-55.69999999999993, -22.199999999999932], [-55.849999999999966, -22.199999999999932], [-55.849999999999966, -22.049999999999955]]]}}, {"type": "Feature", "properties": {"No_de_Poco": 0, "Shape_Leng": 0.6, "Shape_Area": 0.0225}, "geometry": {"type": "Polygon", "coordinates": [[[-55.849999999999966, -21.899999999999977], [-55.69999999999993, -21.899999999999977], [-55.69999999999993, -22.049999999999955], [-55.849999999999966, -22.049999999999955], [-55.849999999999966, -21.899999999999977]]]}}, {"type": "Feature", "properties": {"No_de_Poco": 0, "Shape_Leng": 0.6, "Shape_Area": 0.0225}, "geometry": {"type": "Polygon", "coordinates": [[[-55.849999999999966, -21.749999999999943], [-55.69999999999993, -21.749999999999943], [-55.69999999999993, -21.899999999999977], [-55.849999999999966, -21.899999999999977], [-55.849999999999966, -21.749999999999943]]]}}, {"type": "Feature", "properties": {"No_de_Poco": 1, "Shape_Leng": 0.6, "Shape_Area": 0.0225}, "geometry": {"type": "Polygon", "coordinates": [[[-55.849999999999966, -21.599999999999966], [-55.69999999999993, -21.599999999999966], [-55.69999999999993, -21.749999999999943], [-55.849999999999966, -21.749999999999943], [-55.849999999999966, -21.599999999999966]]]}}, {"type": "Feature", "properties": {"No_de_Poco": 0, "Shape_Leng": 0.6, "Shape_Area": 0.0225}, "geometry": {"type": "Polygon", "coordinates": [[[-55.849999999999966, -21.449999999999932], [-55.69999999999993, -21.449999999999932], [-55.69999999999993, -21.599999999999966], [-55.849999999999966, -21.599999999999966], [-55.849999999999966, -21.449999999999932]]]}}, {"type": "Feature", "properties": {"No_de_Poco": 0, "Shape_Leng": 0.6, "Shape_Area": 0.0225}, "geometry": {"type": "Polygon", "coordinates": [[[-55.849999999999966, -21.299999999999955], [-55.69999999999993, -21.299999999999955], [-55.69999999999993, -21.449999999999932], [-55.849999999999966, -21.449999999999932], [-55.849999999999966, -21.299999999999955]]]}}, {"type": "Feature", "properties": {"No_de_Poco": 2, "Shape_Leng": 0.6, "Shape_Area": 0.0225}, "geometry": {"type": "Polygon", "coordinates": [[[-55.849999999999966, -20.999999999999943], [-55.69999999999993, -20.999999999999943], [-55.69999999999993, -21.149999999999977], [-55.849999999999966, -21.149999999999977], [-55.849999999999966, -20.999999999999943]]]}}, {"type": "Feature", "properties": {"No_de_Poco": 0, "Shape_Leng": 0.6, "Shape_Area": 0.0225}, "geometry": {"type": "Polygon", "coordinates": [[[-55.849999999999966, -20.849999999999966], [-55.69999999999993, -20.849999999999966], [-55.69999999999993, -20.999999999999943], [-55.849999999999966, -20.999999999999943], [-55.849999999999966, -20.849999999999966]]]}}, {"type": "Feature", "properties": {"No_de_Poco": 0, "Shape_Leng": 0.6, "Shape_Area": 0.0225}, "geometry": {"type": "Polygon", "coordinates": [[[-55.849999999999966, -20.699999999999932], [-55.69999999999993, -20.699999999999932], [-55.69999999999993, -20.849999999999966], [-55.849999999999966, -20.849999999999966], [-55.849999999999966, -20.699999999999932]]]}}, {"type": "Feature", "properties": {"No_de_Poco": 0, "Shape_Leng": 0.6, "Shape_Area": 0.0225}, "geometry": {"type": "Polygon", "coordinates": [[[-55.849999999999966, -20.549999999999955], [-55.69999999999993, -20.549999999999955], [-55.69999999999993, -20.699999999999932], [-55.849999999999966, -20.699999999999932], [-55.849999999999966, -20.549999999999955]]]}}, {"type": "Feature", "properties": {"No_de_Poco": 38, "Shape_Leng": 0.6, "Shape_Area": 0.0225}, "geometry": {"type": "Polygon", "coordinates": [[[-55.849999999999966, -20.399999999999977], [-55.69999999999993, -20.399999999999977], [-55.69999999999993, -20.549999999999955], [-55.849999999999966, -20.549999999999955], [-55.849999999999966, -20.399999999999977]]]}}, {"type": "Feature", "properties": {"No_de_Poco": 0, "Shape_Leng": 0.6, "Shape_Area": 0.0225}, "geometry": {"type": "Polygon", "coordinates": [[[-55.849999999999966, -20.249999999999943], [-55.69999999999993, -20.249999999999943], [-55.69999999999993, -20.399999999999977], [-55.849999999999966, -20.399999999999977], [-55.849999999999966, -20.249999999999943]]]}}, {"type": "Feature", "properties": {"No_de_Poco": 0, "Shape_Leng": 0.6, "Shape_Area": 0.0225}, "geometry": {"type": "Polygon", "coordinates": [[[-55.849999999999966, -20.099999999999966], [-55.69999999999993, -20.099999999999966], [-55.69999999999993, -20.249999999999943], [-55.849999999999966, -20.249999999999943], [-55.849999999999966, -20.099999999999966]]]}}, {"type": "Feature", "properties": {"No_de_Poco": 0, "Shape_Leng": 0.6, "Shape_Area": 0.0225}, "geometry": {"type": "Polygon", "coordinates": [[[-55.849999999999966, -19.949999999999932], [-55.69999999999993, -19.949999999999932], [-55.69999999999993, -20.099999999999966], [-55.849999999999966, -20.099999999999966], [-55.849999999999966, -19.949999999999932]]]}}, {"type": "Feature", "properties": {"No_de_Poco": 0, "Shape_Leng": 0.6, "Shape_Area": 0.0225}, "geometry": {"type": "Polygon", "coordinates": [[[-55.849999999999966, -19.799999999999955], [-55.69999999999993, -19.799999999999955], [-55.69999999999993, -19.949999999999932], [-55.849999999999966, -19.949999999999932], [-55.849999999999966, -19.799999999999955]]]}}, {"type": "Feature", "properties": {"No_de_Poco": 2, "Shape_Leng": 0.6, "Shape_Area": 0.0225}, "geometry": {"type": "Polygon", "coordinates": [[[-55.99999999999994, -22.199999999999932], [-55.849999999999966, -22.199999999999932], [-55.849999999999966, -22.349999999999966], [-55.99999999999994, -22.349999999999966], [-55.99999999999994, -22.199999999999932]]]}}, {"type": "Feature", "properties": {"No_de_Poco": 13, "Shape_Leng": 0.6, "Shape_Area": 0.0225}, "geometry": {"type": "Polygon", "coordinates": [[[-55.99999999999994, -22.049999999999955], [-55.849999999999966, -22.049999999999955], [-55.849999999999966, -22.199999999999932], [-55.99999999999994, -22.199999999999932], [-55.99999999999994, -22.049999999999955]]]}}, {"type": "Feature", "properties": {"No_de_Poco": 0, "Shape_Leng": 0.6, "Shape_Area": 0.0225}, "geometry": {"type": "Polygon", "coordinates": [[[-55.99999999999994, -21.899999999999977], [-55.849999999999966, -21.899999999999977], [-55.849999999999966, -22.049999999999955], [-55.99999999999994, -22.049999999999955], [-55.99999999999994, -21.899999999999977]]]}}, {"type": "Feature", "properties": {"No_de_Poco": 0, "Shape_Leng": 0.6, "Shape_Area": 0.0225}, "geometry": {"type": "Polygon", "coordinates": [[[-55.99999999999994, -21.749999999999943], [-55.849999999999966, -21.749999999999943], [-55.849999999999966, -21.899999999999977], [-55.99999999999994, -21.899999999999977], [-55.99999999999994, -21.749999999999943]]]}}, {"type": "Feature", "properties": {"No_de_Poco": 0, "Shape_Leng": 0.6, "Shape_Area": 0.0225}, "geometry": {"type": "Polygon", "coordinates": [[[-55.99999999999994, -21.299999999999955], [-55.849999999999966, -21.299999999999955], [-55.849999999999966, -21.449999999999932], [-55.99999999999994, -21.449999999999932], [-55.99999999999994, -21.299999999999955]]]}}, {"type": "Feature", "properties": {"No_de_Poco": 3, "Shape_Leng": 0.6, "Shape_Area": 0.0225}, "geometry": {"type": "Polygon", "coordinates": [[[-55.99999999999994, -21.149999999999977], [-55.849999999999966, -21.149999999999977], [-55.849999999999966, -21.299999999999955], [-55.99999999999994, -21.299999999999955], [-55.99999999999994, -21.149999999999977]]]}}, {"type": "Feature", "properties": {"No_de_Poco": 0, "Shape_Leng": 0.6, "Shape_Area": 0.0225}, "geometry": {"type": "Polygon", "coordinates": [[[-55.99999999999994, -20.999999999999943], [-55.849999999999966, -20.999999999999943], [-55.849999999999966, -21.149999999999977], [-55.99999999999994, -21.149999999999977], [-55.99999999999994, -20.999999999999943]]]}}, {"type": "Feature", "properties": {"No_de_Poco": 2, "Shape_Leng": 0.6, "Shape_Area": 0.0225}, "geometry": {"type": "Polygon", "coordinates": [[[-55.99999999999994, -20.849999999999966], [-55.849999999999966, -20.849999999999966], [-55.849999999999966, -20.999999999999943], [-55.99999999999994, -20.999999999999943], [-55.99999999999994, -20.849999999999966]]]}}, {"type": "Feature", "properties": {"No_de_Poco": 0, "Shape_Leng": 0.6, "Shape_Area": 0.0225}, "geometry": {"type": "Polygon", "coordinates": [[[-55.99999999999994, -20.699999999999932], [-55.849999999999966, -20.699999999999932], [-55.849999999999966, -20.849999999999966], [-55.99999999999994, -20.849999999999966], [-55.99999999999994, -20.699999999999932]]]}}, {"type": "Feature", "properties": {"No_de_Poco": 0, "Shape_Leng": 0.6, "Shape_Area": 0.0225}, "geometry": {"type": "Polygon", "coordinates": [[[-55.99999999999994, -20.549999999999955], [-55.849999999999966, -20.549999999999955], [-55.849999999999966, -20.699999999999932], [-55.99999999999994, -20.699999999999932], [-55.99999999999994, -20.549999999999955]]]}}, {"type": "Feature", "properties": {"No_de_Poco": 0, "Shape_Leng": 0.6, "Shape_Area": 0.0225}, "geometry": {"type": "Polygon", "coordinates": [[[-55.99999999999994, -20.399999999999977], [-55.849999999999966, -20.399999999999977], [-55.849999999999966, -20.549999999999955], [-55.99999999999994, -20.549999999999955], [-55.99999999999994, -20.399999999999977]]]}}, {"type": "Feature", "properties": {"No_de_Poco": 0, "Shape_Leng": 0.6, "Shape_Area": 0.0225}, "geometry": {"type": "Polygon", "coordinates": [[[-55.99999999999994, -20.249999999999943], [-55.849999999999966, -20.249999999999943], [-55.849999999999966, -20.399999999999977], [-55.99999999999994, -20.399999999999977], [-55.99999999999994, -20.249999999999943]]]}}, {"type": "Feature", "properties": {"No_de_Poco": 0, "Shape_Leng": 0.6, "Shape_Area": 0.0225}, "geometry": {"type": "Polygon", "coordinates": [[[-55.99999999999994, -20.099999999999966], [-55.849999999999966, -20.099999999999966], [-55.849999999999966, -20.249999999999943], [-55.99999999999994, -20.249999999999943], [-55.99999999999994, -20.099999999999966]]]}}, {"type": "Feature", "properties": {"No_de_Poco": 0, "Shape_Leng": 0.6, "Shape_Area": 0.0225}, "geometry": {"type": "Polygon", "coordinates": [[[-55.99999999999994, -19.949999999999932], [-55.849999999999966, -19.949999999999932], [-55.849999999999966, -20.099999999999966], [-55.99999999999994, -20.099999999999966], [-55.99999999999994, -19.949999999999932]]]}}, {"type": "Feature", "properties": {"No_de_Poco": 0, "Shape_Leng": 0.6, "Shape_Area": 0.0225}, "geometry": {"type": "Polygon", "coordinates": [[[-55.99999999999994, -19.799999999999955], [-55.849999999999966, -19.799999999999955], [-55.849999999999966, -19.949999999999932], [-55.99999999999994, -19.949999999999932], [-55.99999999999994, -19.799999999999955]]]}}, {"type": "Feature", "properties": {"No_de_Poco": 1, "Shape_Leng": 0.6, "Shape_Area": 0.0225}, "geometry": {"type": "Polygon", "coordinates": [[[-56.14999999999998, -22.199999999999932], [-55.99999999999994, -22.199999999999932], [-55.99999999999994, -22.349999999999966], [-56.14999999999998, -22.349999999999966], [-56.14999999999998, -22.199999999999932]]]}}, {"type": "Feature", "properties": {"No_de_Poco": 0, "Shape_Leng": 0.6, "Shape_Area": 0.0225}, "geometry": {"type": "Polygon", "coordinates": [[[-56.14999999999998, -22.049999999999955], [-55.99999999999994, -22.049999999999955], [-55.99999999999994, -22.199999999999932], [-56.14999999999998, -22.199999999999932], [-56.14999999999998, -22.049999999999955]]]}}, {"type": "Feature", "properties": {"No_de_Poco": 0, "Shape_Leng": 0.6, "Shape_Area": 0.0225}, "geometry": {"type": "Polygon", "coordinates": [[[-56.14999999999998, -21.899999999999977], [-55.99999999999994, -21.899999999999977], [-55.99999999999994, -22.049999999999955], [-56.14999999999998, -22.049999999999955], [-56.14999999999998, -21.899999999999977]]]}}, {"type": "Feature", "properties": {"No_de_Poco": 0, "Shape_Leng": 0.6, "Shape_Area": 0.0225}, "geometry": {"type": "Polygon", "coordinates": [[[-56.14999999999998, -21.749999999999943], [-55.99999999999994, -21.749999999999943], [-55.99999999999994, -21.899999999999977], [-56.14999999999998, -21.899999999999977], [-56.14999999999998, -21.749999999999943]]]}}, {"type": "Feature", "properties": {"No_de_Poco": 0, "Shape_Leng": 0.6, "Shape_Area": 0.0225}, "geometry": {"type": "Polygon", "coordinates": [[[-56.14999999999998, -21.599999999999966], [-55.99999999999994, -21.599999999999966], [-55.99999999999994, -21.749999999999943], [-56.14999999999998, -21.749999999999943], [-56.14999999999998, -21.599999999999966]]]}}, {"type": "Feature", "properties": {"No_de_Poco": 9, "Shape_Leng": 0.6, "Shape_Area": 0.0225}, "geometry": {"type": "Polygon", "coordinates": [[[-56.14999999999998, -21.449999999999932], [-55.99999999999994, -21.449999999999932], [-55.99999999999994, -21.599999999999966], [-56.14999999999998, -21.599999999999966], [-56.14999999999998, -21.449999999999932]]]}}, {"type": "Feature", "properties": {"No_de_Poco": 0, "Shape_Leng": 0.6, "Shape_Area": 0.0225}, "geometry": {"type": "Polygon", "coordinates": [[[-56.14999999999998, -21.299999999999955], [-55.99999999999994, -21.299999999999955], [-55.99999999999994, -21.449999999999932], [-56.14999999999998, -21.449999999999932], [-56.14999999999998, -21.299999999999955]]]}}, {"type": "Feature", "properties": {"No_de_Poco": 0, "Shape_Leng": 0.6, "Shape_Area": 0.0225}, "geometry": {"type": "Polygon", "coordinates": [[[-56.14999999999998, -21.149999999999977], [-55.99999999999994, -21.149999999999977], [-55.99999999999994, -21.299999999999955], [-56.14999999999998, -21.299999999999955], [-56.14999999999998, -21.149999999999977]]]}}, {"type": "Feature", "properties": {"No_de_Poco": 0, "Shape_Leng": 0.6, "Shape_Area": 0.0225}, "geometry": {"type": "Polygon", "coordinates": [[[-56.14999999999998, -20.999999999999943], [-55.99999999999994, -20.999999999999943], [-55.99999999999994, -21.149999999999977], [-56.14999999999998, -21.149999999999977], [-56.14999999999998, -20.999999999999943]]]}}, {"type": "Feature", "properties": {"No_de_Poco": 0, "Shape_Leng": 0.6, "Shape_Area": 0.0225}, "geometry": {"type": "Polygon", "coordinates": [[[-56.14999999999998, -20.849999999999966], [-55.99999999999994, -20.849999999999966], [-55.99999999999994, -20.999999999999943], [-56.14999999999998, -20.999999999999943], [-56.14999999999998, -20.849999999999966]]]}}, {"type": "Feature", "properties": {"No_de_Poco": 2, "Shape_Leng": 0.6, "Shape_Area": 0.0225}, "geometry": {"type": "Polygon", "coordinates": [[[-56.14999999999998, -20.699999999999932], [-55.99999999999994, -20.699999999999932], [-55.99999999999994, -20.849999999999966], [-56.14999999999998, -20.849999999999966], [-56.14999999999998, -20.699999999999932]]]}}, {"type": "Feature", "properties": {"No_de_Poco": 0, "Shape_Leng": 0.6, "Shape_Area": 0.0225}, "geometry": {"type": "Polygon", "coordinates": [[[-56.14999999999998, -20.399999999999977], [-55.99999999999994, -20.399999999999977], [-55.99999999999994, -20.549999999999955], [-56.14999999999998, -20.549999999999955], [-56.14999999999998, -20.399999999999977]]]}}, {"type": "Feature", "properties": {"No_de_Poco": 2, "Shape_Leng": 0.6, "Shape_Area": 0.0225}, "geometry": {"type": "Polygon", "coordinates": [[[-56.14999999999998, -20.249999999999943], [-55.99999999999994, -20.249999999999943], [-55.99999999999994, -20.399999999999977], [-56.14999999999998, -20.399999999999977], [-56.14999999999998, -20.249999999999943]]]}}, {"type": "Feature", "properties": {"No_de_Poco": 0, "Shape_Leng": 0.6, "Shape_Area": 0.0225}, "geometry": {"type": "Polygon", "coordinates": [[[-56.14999999999998, -20.099999999999966], [-55.99999999999994, -20.099999999999966], [-55.99999999999994, -20.249999999999943], [-56.14999999999998, -20.249999999999943], [-56.14999999999998, -20.099999999999966]]]}}, {"type": "Feature", "properties": {"No_de_Poco": 0, "Shape_Leng": 0.6, "Shape_Area": 0.0225}, "geometry": {"type": "Polygon", "coordinates": [[[-56.14999999999998, -19.949999999999932], [-55.99999999999994, -19.949999999999932], [-55.99999999999994, -20.099999999999966], [-56.14999999999998, -20.099999999999966], [-56.14999999999998, -19.949999999999932]]]}}, {"type": "Feature", "properties": {"No_de_Poco": 0, "Shape_Leng": 0.6, "Shape_Area": 0.0225}, "geometry": {"type": "Polygon", "coordinates": [[[-56.14999999999998, -19.799999999999955], [-55.99999999999994, -19.799999999999955], [-55.99999999999994, -19.949999999999932], [-56.14999999999998, -19.949999999999932], [-56.14999999999998, -19.799999999999955]]]}}, {"type": "Feature", "properties": {"No_de_Poco": 1, "Shape_Leng": 0.6, "Shape_Area": 0.0225}, "geometry": {"type": "Polygon", "coordinates": [[[-56.299999999999955, -22.199999999999932], [-56.14999999999998, -22.199999999999932], [-56.14999999999998, -22.349999999999966], [-56.299999999999955, -22.349999999999966], [-56.299999999999955, -22.199999999999932]]]}}, {"type": "Feature", "properties": {"No_de_Poco": 1, "Shape_Leng": 0.6, "Shape_Area": 0.0225}, "geometry": {"type": "Polygon", "coordinates": [[[-56.299999999999955, -22.049999999999955], [-56.14999999999998, -22.049999999999955], [-56.14999999999998, -22.199999999999932], [-56.299999999999955, -22.199999999999932], [-56.299999999999955, -22.049999999999955]]]}}, {"type": "Feature", "properties": {"No_de_Poco": 1, "Shape_Leng": 0.6, "Shape_Area": 0.0225}, "geometry": {"type": "Polygon", "coordinates": [[[-56.299999999999955, -21.899999999999977], [-56.14999999999998, -21.899999999999977], [-56.14999999999998, -22.049999999999955], [-56.299999999999955, -22.049999999999955], [-56.299999999999955, -21.899999999999977]]]}}, {"type": "Feature", "properties": {"No_de_Poco": 1, "Shape_Leng": 0.6, "Shape_Area": 0.0225}, "geometry": {"type": "Polygon", "coordinates": [[[-56.299999999999955, -21.749999999999943], [-56.14999999999998, -21.749999999999943], [-56.14999999999998, -21.899999999999977], [-56.299999999999955, -21.899999999999977], [-56.299999999999955, -21.749999999999943]]]}}, {"type": "Feature", "properties": {"No_de_Poco": 4, "Shape_Leng": 0.6, "Shape_Area": 0.0225}, "geometry": {"type": "Polygon", "coordinates": [[[-56.299999999999955, -21.599999999999966], [-56.14999999999998, -21.599999999999966], [-56.14999999999998, -21.749999999999943], [-56.299999999999955, -21.749999999999943], [-56.299999999999955, -21.599999999999966]]]}}, {"type": "Feature", "properties": {"No_de_Poco": 2, "Shape_Leng": 0.6, "Shape_Area": 0.0225}, "geometry": {"type": "Polygon", "coordinates": [[[-56.299999999999955, -21.449999999999932], [-56.14999999999998, -21.449999999999932], [-56.14999999999998, -21.599999999999966], [-56.299999999999955, -21.599999999999966], [-56.299999999999955, -21.449999999999932]]]}}, {"type": "Feature", "properties": {"No_de_Poco": 0, "Shape_Leng": 0.6, "Shape_Area": 0.0225}, "geometry": {"type": "Polygon", "coordinates": [[[-56.299999999999955, -21.299999999999955], [-56.14999999999998, -21.299999999999955], [-56.14999999999998, -21.449999999999932], [-56.299999999999955, -21.449999999999932], [-56.299999999999955, -21.299999999999955]]]}}, {"type": "Feature", "properties": {"No_de_Poco": 0, "Shape_Leng": 0.6, "Shape_Area": 0.0225}, "geometry": {"type": "Polygon", "coordinates": [[[-56.299999999999955, -21.149999999999977], [-56.14999999999998, -21.149999999999977], [-56.14999999999998, -21.299999999999955], [-56.299999999999955, -21.299999999999955], [-56.299999999999955, -21.149999999999977]]]}}, {"type": "Feature", "properties": {"No_de_Poco": 0, "Shape_Leng": 0.6, "Shape_Area": 0.0225}, "geometry": {"type": "Polygon", "coordinates": [[[-56.299999999999955, -20.999999999999943], [-56.14999999999998, -20.999999999999943], [-56.14999999999998, -21.149999999999977], [-56.299999999999955, -21.149999999999977], [-56.299999999999955, -20.999999999999943]]]}}, {"type": "Feature", "properties": {"No_de_Poco": 2, "Shape_Leng": 0.6, "Shape_Area": 0.0225}, "geometry": {"type": "Polygon", "coordinates": [[[-56.299999999999955, -20.849999999999966], [-56.14999999999998, -20.849999999999966], [-56.14999999999998, -20.999999999999943], [-56.299999999999955, -20.999999999999943], [-56.299999999999955, -20.849999999999966]]]}}, {"type": "Feature", "properties": {"No_de_Poco": 0, "Shape_Leng": 0.6, "Shape_Area": 0.0225}, "geometry": {"type": "Polygon", "coordinates": [[[-56.299999999999955, -20.699999999999932], [-56.14999999999998, -20.699999999999932], [-56.14999999999998, -20.849999999999966], [-56.299999999999955, -20.849999999999966], [-56.299999999999955, -20.699999999999932]]]}}, {"type": "Feature", "properties": {"No_de_Poco": 0, "Shape_Leng": 0.6, "Shape_Area": 0.0225}, "geometry": {"type": "Polygon", "coordinates": [[[-56.299999999999955, -20.549999999999955], [-56.14999999999998, -20.549999999999955], [-56.14999999999998, -20.699999999999932], [-56.299999999999955, -20.699999999999932], [-56.299999999999955, -20.549999999999955]]]}}, {"type": "Feature", "properties": {"No_de_Poco": 1, "Shape_Leng": 0.6, "Shape_Area": 0.0225}, "geometry": {"type": "Polygon", "coordinates": [[[-56.299999999999955, -20.399999999999977], [-56.14999999999998, -20.399999999999977], [-56.14999999999998, -20.549999999999955], [-56.299999999999955, -20.549999999999955], [-56.299999999999955, -20.399999999999977]]]}}, {"type": "Feature", "properties": {"No_de_Poco": 1, "Shape_Leng": 0.6, "Shape_Area": 0.0225}, "geometry": {"type": "Polygon", "coordinates": [[[-56.299999999999955, -20.249999999999943], [-56.14999999999998, -20.249999999999943], [-56.14999999999998, -20.399999999999977], [-56.299999999999955, -20.399999999999977], [-56.299999999999955, -20.249999999999943]]]}}, {"type": "Feature", "properties": {"No_de_Poco": 2, "Shape_Leng": 0.6, "Shape_Area": 0.0225}, "geometry": {"type": "Polygon", "coordinates": [[[-56.299999999999955, -20.099999999999966], [-56.14999999999998, -20.099999999999966], [-56.14999999999998, -20.249999999999943], [-56.299999999999955, -20.249999999999943], [-56.299999999999955, -20.099999999999966]]]}}, {"type": "Feature", "properties": {"No_de_Poco": 1, "Shape_Leng": 0.6, "Shape_Area": 0.0225}, "geometry": {"type": "Polygon", "coordinates": [[[-56.299999999999955, -19.949999999999932], [-56.14999999999998, -19.949999999999932], [-56.14999999999998, -20.099999999999966], [-56.299999999999955, -20.099999999999966], [-56.299999999999955, -19.949999999999932]]]}}, {"type": "Feature", "properties": {"No_de_Poco": 0, "Shape_Leng": 0.6, "Shape_Area": 0.0225}, "geometry": {"type": "Polygon", "coordinates": [[[-56.299999999999955, -19.799999999999955], [-56.14999999999998, -19.799999999999955], [-56.14999999999998, -19.949999999999932], [-56.299999999999955, -19.949999999999932], [-56.299999999999955, -19.799999999999955]]]}}, {"type": "Feature", "properties": {"No_de_Poco": 0, "Shape_Leng": 0.6, "Shape_Area": 0.0225}, "geometry": {"type": "Polygon", "coordinates": [[[-56.44999999999993, -22.199999999999932], [-56.299999999999955, -22.199999999999932], [-56.299999999999955, -22.349999999999966], [-56.44999999999993, -22.349999999999966], [-56.44999999999993, -22.199999999999932]]]}}, {"type": "Feature", "properties": {"No_de_Poco": 0, "Shape_Leng": 0.6, "Shape_Area": 0.0225}, "geometry": {"type": "Polygon", "coordinates": [[[-56.44999999999993, -22.049999999999955], [-56.299999999999955, -22.049999999999955], [-56.299999999999955, -22.199999999999932], [-56.44999999999993, -22.199999999999932], [-56.44999999999993, -22.049999999999955]]]}}, {"type": "Feature", "properties": {"No_de_Poco": 0, "Shape_Leng": 0.6, "Shape_Area": 0.0225}, "geometry": {"type": "Polygon", "coordinates": [[[-56.44999999999993, -21.899999999999977], [-56.299999999999955, -21.899999999999977], [-56.299999999999955, -22.049999999999955], [-56.44999999999993, -22.049999999999955], [-56.44999999999993, -21.899999999999977]]]}}, {"type": "Feature", "properties": {"No_de_Poco": 0, "Shape_Leng": 0.6, "Shape_Area": 0.0225}, "geometry": {"type": "Polygon", "coordinates": [[[-56.44999999999993, -21.749999999999943], [-56.299999999999955, -21.749999999999943], [-56.299999999999955, -21.899999999999977], [-56.44999999999993, -21.899999999999977], [-56.44999999999993, -21.749999999999943]]]}}, {"type": "Feature", "properties": {"No_de_Poco": 0, "Shape_Leng": 0.6, "Shape_Area": 0.0225}, "geometry": {"type": "Polygon", "coordinates": [[[-56.44999999999993, -21.599999999999966], [-56.299999999999955, -21.599999999999966], [-56.299999999999955, -21.749999999999943], [-56.44999999999993, -21.749999999999943], [-56.44999999999993, -21.599999999999966]]]}}, {"type": "Feature", "properties": {"No_de_Poco": 1, "Shape_Leng": 0.6, "Shape_Area": 0.0225}, "geometry": {"type": "Polygon", "coordinates": [[[-56.44999999999993, -21.149999999999977], [-56.299999999999955, -21.149999999999977], [-56.299999999999955, -21.299999999999955], [-56.44999999999993, -21.299999999999955], [-56.44999999999993, -21.149999999999977]]]}}, {"type": "Feature", "properties": {"No_de_Poco": 3, "Shape_Leng": 0.6, "Shape_Area": 0.0225}, "geometry": {"type": "Polygon", "coordinates": [[[-56.44999999999993, -20.999999999999943], [-56.299999999999955, -20.999999999999943], [-56.299999999999955, -21.149999999999977], [-56.44999999999993, -21.149999999999977], [-56.44999999999993, -20.999999999999943]]]}}, {"type": "Feature", "properties": {"No_de_Poco": 0, "Shape_Leng": 0.6, "Shape_Area": 0.0225}, "geometry": {"type": "Polygon", "coordinates": [[[-56.44999999999993, -20.849999999999966], [-56.299999999999955, -20.849999999999966], [-56.299999999999955, -20.999999999999943], [-56.44999999999993, -20.999999999999943], [-56.44999999999993, -20.849999999999966]]]}}, {"type": "Feature", "properties": {"No_de_Poco": 0, "Shape_Leng": 0.6, "Shape_Area": 0.0225}, "geometry": {"type": "Polygon", "coordinates": [[[-56.44999999999993, -20.699999999999932], [-56.299999999999955, -20.699999999999932], [-56.299999999999955, -20.849999999999966], [-56.44999999999993, -20.849999999999966], [-56.44999999999993, -20.699999999999932]]]}}, {"type": "Feature", "properties": {"No_de_Poco": 2, "Shape_Leng": 0.6, "Shape_Area": 0.0225}, "geometry": {"type": "Polygon", "coordinates": [[[-56.44999999999993, -20.549999999999955], [-56.299999999999955, -20.549999999999955], [-56.299999999999955, -20.699999999999932], [-56.44999999999993, -20.699999999999932], [-56.44999999999993, -20.549999999999955]]]}}, {"type": "Feature", "properties": {"No_de_Poco": 1, "Shape_Leng": 0.6, "Shape_Area": 0.0225}, "geometry": {"type": "Polygon", "coordinates": [[[-56.44999999999993, -20.399999999999977], [-56.299999999999955, -20.399999999999977], [-56.299999999999955, -20.549999999999955], [-56.44999999999993, -20.549999999999955], [-56.44999999999993, -20.399999999999977]]]}}, {"type": "Feature", "properties": {"No_de_Poco": 3, "Shape_Leng": 0.6, "Shape_Area": 0.0225}, "geometry": {"type": "Polygon", "coordinates": [[[-56.44999999999993, -20.249999999999943], [-56.299999999999955, -20.249999999999943], [-56.299999999999955, -20.399999999999977], [-56.44999999999993, -20.399999999999977], [-56.44999999999993, -20.249999999999943]]]}}, {"type": "Feature", "properties": {"No_de_Poco": 0, "Shape_Leng": 0.6, "Shape_Area": 0.0225}, "geometry": {"type": "Polygon", "coordinates": [[[-56.44999999999993, -20.099999999999966], [-56.299999999999955, -20.099999999999966], [-56.299999999999955, -20.249999999999943], [-56.44999999999993, -20.249999999999943], [-56.44999999999993, -20.099999999999966]]]}}, {"type": "Feature", "properties": {"No_de_Poco": 7, "Shape_Leng": 0.6, "Shape_Area": 0.0225}, "geometry": {"type": "Polygon", "coordinates": [[[-56.44999999999993, -19.949999999999932], [-56.299999999999955, -19.949999999999932], [-56.299999999999955, -20.099999999999966], [-56.44999999999993, -20.099999999999966], [-56.44999999999993, -19.949999999999932]]]}}, {"type": "Feature", "properties": {"No_de_Poco": 0, "Shape_Leng": 0.6, "Shape_Area": 0.0225}, "geometry": {"type": "Polygon", "coordinates": [[[-56.44999999999993, -19.799999999999955], [-56.299999999999955, -19.799999999999955], [-56.299999999999955, -19.949999999999932], [-56.44999999999993, -19.949999999999932], [-56.44999999999993, -19.799999999999955]]]}}, {"type": "Feature", "properties": {"No_de_Poco": 0, "Shape_Leng": 0.6, "Shape_Area": 0.0225}, "geometry": {"type": "Polygon", "coordinates": [[[-56.599999999999966, -22.199999999999932], [-56.44999999999993, -22.199999999999932], [-56.44999999999993, -22.349999999999966], [-56.599999999999966, -22.349999999999966], [-56.599999999999966, -22.199999999999932]]]}}, {"type": "Feature", "properties": {"No_de_Poco": 1, "Shape_Leng": 0.6, "Shape_Area": 0.0225}, "geometry": {"type": "Polygon", "coordinates": [[[-56.599999999999966, -22.049999999999955], [-56.44999999999993, -22.049999999999955], [-56.44999999999993, -22.199999999999932], [-56.599999999999966, -22.199999999999932], [-56.599999999999966, -22.049999999999955]]]}}, {"type": "Feature", "properties": {"No_de_Poco": 0, "Shape_Leng": 0.6, "Shape_Area": 0.0225}, "geometry": {"type": "Polygon", "coordinates": [[[-56.599999999999966, -21.899999999999977], [-56.44999999999993, -21.899999999999977], [-56.44999999999993, -22.049999999999955], [-56.599999999999966, -22.049999999999955], [-56.599999999999966, -21.899999999999977]]]}}, {"type": "Feature", "properties": {"No_de_Poco": 0, "Shape_Leng": 0.6, "Shape_Area": 0.0225}, "geometry": {"type": "Polygon", "coordinates": [[[-56.599999999999966, -21.749999999999943], [-56.44999999999993, -21.749999999999943], [-56.44999999999993, -21.899999999999977], [-56.599999999999966, -21.899999999999977], [-56.599999999999966, -21.749999999999943]]]}}, {"type": "Feature", "properties": {"No_de_Poco": 0, "Shape_Leng": 0.6, "Shape_Area": 0.0225}, "geometry": {"type": "Polygon", "coordinates": [[[-56.599999999999966, -21.599999999999966], [-56.44999999999993, -21.599999999999966], [-56.44999999999993, -21.749999999999943], [-56.599999999999966, -21.749999999999943], [-56.599999999999966, -21.599999999999966]]]}}, {"type": "Feature", "properties": {"No_de_Poco": 0, "Shape_Leng": 0.6, "Shape_Area": 0.0225}, "geometry": {"type": "Polygon", "coordinates": [[[-56.599999999999966, -21.449999999999932], [-56.44999999999993, -21.449999999999932], [-56.44999999999993, -21.599999999999966], [-56.599999999999966, -21.599999999999966], [-56.599999999999966, -21.449999999999932]]]}}, {"type": "Feature", "properties": {"No_de_Poco": 0, "Shape_Leng": 0.6, "Shape_Area": 0.0225}, "geometry": {"type": "Polygon", "coordinates": [[[-56.599999999999966, -21.299999999999955], [-56.44999999999993, -21.299999999999955], [-56.44999999999993, -21.449999999999932], [-56.599999999999966, -21.449999999999932], [-56.599999999999966, -21.299999999999955]]]}}, {"type": "Feature", "properties": {"No_de_Poco": 45, "Shape_Leng": 0.6, "Shape_Area": 0.0225}, "geometry": {"type": "Polygon", "coordinates": [[[-56.599999999999966, -20.999999999999943], [-56.44999999999993, -20.999999999999943], [-56.44999999999993, -21.149999999999977], [-56.599999999999966, -21.149999999999977], [-56.599999999999966, -20.999999999999943]]]}}, {"type": "Feature", "properties": {"No_de_Poco": 1, "Shape_Leng": 0.6, "Shape_Area": 0.0225}, "geometry": {"type": "Polygon", "coordinates": [[[-56.599999999999966, -20.849999999999966], [-56.44999999999993, -20.849999999999966], [-56.44999999999993, -20.999999999999943], [-56.599999999999966, -20.999999999999943], [-56.599999999999966, -20.849999999999966]]]}}, {"type": "Feature", "properties": {"No_de_Poco": 0, "Shape_Leng": 0.6, "Shape_Area": 0.0225}, "geometry": {"type": "Polygon", "coordinates": [[[-56.599999999999966, -20.699999999999932], [-56.44999999999993, -20.699999999999932], [-56.44999999999993, -20.849999999999966], [-56.599999999999966, -20.849999999999966], [-56.599999999999966, -20.699999999999932]]]}}, {"type": "Feature", "properties": {"No_de_Poco": 0, "Shape_Leng": 0.6, "Shape_Area": 0.0225}, "geometry": {"type": "Polygon", "coordinates": [[[-56.599999999999966, -20.549999999999955], [-56.44999999999993, -20.549999999999955], [-56.44999999999993, -20.699999999999932], [-56.599999999999966, -20.699999999999932], [-56.599999999999966, -20.549999999999955]]]}}, {"type": "Feature", "properties": {"No_de_Poco": 1, "Shape_Leng": 0.6, "Shape_Area": 0.0225}, "geometry": {"type": "Polygon", "coordinates": [[[-56.599999999999966, -20.399999999999977], [-56.44999999999993, -20.399999999999977], [-56.44999999999993, -20.549999999999955], [-56.599999999999966, -20.549999999999955], [-56.599999999999966, -20.399999999999977]]]}}, {"type": "Feature", "properties": {"No_de_Poco": 0, "Shape_Leng": 0.6, "Shape_Area": 0.0225}, "geometry": {"type": "Polygon", "coordinates": [[[-56.599999999999966, -20.249999999999943], [-56.44999999999993, -20.249999999999943], [-56.44999999999993, -20.399999999999977], [-56.599999999999966, -20.399999999999977], [-56.599999999999966, -20.249999999999943]]]}}, {"type": "Feature", "properties": {"No_de_Poco": 1, "Shape_Leng": 0.6, "Shape_Area": 0.0225}, "geometry": {"type": "Polygon", "coordinates": [[[-56.599999999999966, -20.099999999999966], [-56.44999999999993, -20.099999999999966], [-56.44999999999993, -20.249999999999943], [-56.599999999999966, -20.249999999999943], [-56.599999999999966, -20.099999999999966]]]}}, {"type": "Feature", "properties": {"No_de_Poco": 2, "Shape_Leng": 0.6, "Shape_Area": 0.0225}, "geometry": {"type": "Polygon", "coordinates": [[[-56.599999999999966, -19.949999999999932], [-56.44999999999993, -19.949999999999932], [-56.44999999999993, -20.099999999999966], [-56.599999999999966, -20.099999999999966], [-56.599999999999966, -19.949999999999932]]]}}, {"type": "Feature", "properties": {"No_de_Poco": 1, "Shape_Leng": 0.6, "Shape_Area": 0.0225}, "geometry": {"type": "Polygon", "coordinates": [[[-56.599999999999966, -19.799999999999955], [-56.44999999999993, -19.799999999999955], [-56.44999999999993, -19.949999999999932], [-56.599999999999966, -19.949999999999932], [-56.599999999999966, -19.799999999999955]]]}}, {"type": "Feature", "properties": {"No_de_Poco": 0, "Shape_Leng": 0.6, "Shape_Area": 0.0225}, "geometry": {"type": "Polygon", "coordinates": [[[-56.74999999999994, -22.199999999999932], [-56.599999999999966, -22.199999999999932], [-56.599999999999966, -22.349999999999966], [-56.74999999999994, -22.349999999999966], [-56.74999999999994, -22.199999999999932]]]}}, {"type": "Feature", "properties": {"No_de_Poco": 0, "Shape_Leng": 0.6, "Shape_Area": 0.0225}, "geometry": {"type": "Polygon", "coordinates": [[[-56.74999999999994, -22.049999999999955], [-56.599999999999966, -22.049999999999955], [-56.599999999999966, -22.199999999999932], [-56.74999999999994, -22.199999999999932], [-56.74999999999994, -22.049999999999955]]]}}, {"type": "Feature", "properties": {"No_de_Poco": 0, "Shape_Leng": 0.6, "Shape_Area": 0.0225}, "geometry": {"type": "Polygon", "coordinates": [[[-56.74999999999994, -21.899999999999977], [-56.599999999999966, -21.899999999999977], [-56.599999999999966, -22.049999999999955], [-56.74999999999994, -22.049999999999955], [-56.74999999999994, -21.899999999999977]]]}}, {"type": "Feature", "properties": {"No_de_Poco": 0, "Shape_Leng": 0.6, "Shape_Area": 0.0225}, "geometry": {"type": "Polygon", "coordinates": [[[-56.74999999999994, -21.749999999999943], [-56.599999999999966, -21.749999999999943], [-56.599999999999966, -21.899999999999977], [-56.74999999999994, -21.899999999999977], [-56.74999999999994, -21.749999999999943]]]}}, {"type": "Feature", "properties": {"No_de_Poco": 0, "Shape_Leng": 0.6, "Shape_Area": 0.0225}, "geometry": {"type": "Polygon", "coordinates": [[[-56.74999999999994, -21.599999999999966], [-56.599999999999966, -21.599999999999966], [-56.599999999999966, -21.749999999999943], [-56.74999999999994, -21.749999999999943], [-56.74999999999994, -21.599999999999966]]]}}, {"type": "Feature", "properties": {"No_de_Poco": 1, "Shape_Leng": 0.6, "Shape_Area": 0.0225}, "geometry": {"type": "Polygon", "coordinates": [[[-56.74999999999994, -21.449999999999932], [-56.599999999999966, -21.449999999999932], [-56.599999999999966, -21.599999999999966], [-56.74999999999994, -21.599999999999966], [-56.74999999999994, -21.449999999999932]]]}}, {"type": "Feature", "properties": {"No_de_Poco": 0, "Shape_Leng": 0.6, "Shape_Area": 0.0225}, "geometry": {"type": "Polygon", "coordinates": [[[-56.74999999999994, -21.149999999999977], [-56.599999999999966, -21.149999999999977], [-56.599999999999966, -21.299999999999955], [-56.74999999999994, -21.299999999999955], [-56.74999999999994, -21.149999999999977]]]}}, {"type": "Feature", "properties": {"No_de_Poco": 1, "Shape_Leng": 0.6, "Shape_Area": 0.0225}, "geometry": {"type": "Polygon", "coordinates": [[[-56.74999999999994, -20.999999999999943], [-56.599999999999966, -20.999999999999943], [-56.599999999999966, -21.149999999999977], [-56.74999999999994, -21.149999999999977], [-56.74999999999994, -20.999999999999943]]]}}, {"type": "Feature", "properties": {"No_de_Poco": 0, "Shape_Leng": 0.6, "Shape_Area": 0.0225}, "geometry": {"type": "Polygon", "coordinates": [[[-56.74999999999994, -20.699999999999932], [-56.599999999999966, -20.699999999999932], [-56.599999999999966, -20.849999999999966], [-56.74999999999994, -20.849999999999966], [-56.74999999999994, -20.699999999999932]]]}}, {"type": "Feature", "properties": {"No_de_Poco": 6, "Shape_Leng": 0.6, "Shape_Area": 0.0225}, "geometry": {"type": "Polygon", "coordinates": [[[-56.74999999999994, -20.549999999999955], [-56.599999999999966, -20.549999999999955], [-56.599999999999966, -20.699999999999932], [-56.74999999999994, -20.699999999999932], [-56.74999999999994, -20.549999999999955]]]}}, {"type": "Feature", "properties": {"No_de_Poco": 1, "Shape_Leng": 0.6, "Shape_Area": 0.0225}, "geometry": {"type": "Polygon", "coordinates": [[[-56.74999999999994, -20.399999999999977], [-56.599999999999966, -20.399999999999977], [-56.599999999999966, -20.549999999999955], [-56.74999999999994, -20.549999999999955], [-56.74999999999994, -20.399999999999977]]]}}, {"type": "Feature", "properties": {"No_de_Poco": 0, "Shape_Leng": 0.6, "Shape_Area": 0.0225}, "geometry": {"type": "Polygon", "coordinates": [[[-56.74999999999994, -20.249999999999943], [-56.599999999999966, -20.249999999999943], [-56.599999999999966, -20.399999999999977], [-56.74999999999994, -20.399999999999977], [-56.74999999999994, -20.249999999999943]]]}}, {"type": "Feature", "properties": {"No_de_Poco": 2, "Shape_Leng": 0.6, "Shape_Area": 0.0225}, "geometry": {"type": "Polygon", "coordinates": [[[-56.74999999999994, -20.099999999999966], [-56.599999999999966, -20.099999999999966], [-56.599999999999966, -20.249999999999943], [-56.74999999999994, -20.249999999999943], [-56.74999999999994, -20.099999999999966]]]}}, {"type": "Feature", "properties": {"No_de_Poco": 1, "Shape_Leng": 0.6, "Shape_Area": 0.0225}, "geometry": {"type": "Polygon", "coordinates": [[[-56.74999999999994, -19.949999999999932], [-56.599999999999966, -19.949999999999932], [-56.599999999999966, -20.099999999999966], [-56.74999999999994, -20.099999999999966], [-56.74999999999994, -19.949999999999932]]]}}, {"type": "Feature", "properties": {"No_de_Poco": 0, "Shape_Leng": 0.6, "Shape_Area": 0.0225}, "geometry": {"type": "Polygon", "coordinates": [[[-56.74999999999994, -19.799999999999955], [-56.599999999999966, -19.799999999999955], [-56.599999999999966, -19.949999999999932], [-56.74999999999994, -19.949999999999932], [-56.74999999999994, -19.799999999999955]]]}}, {"type": "Feature", "properties": {"No_de_Poco": 0, "Shape_Leng": 0.6, "Shape_Area": 0.0225}, "geometry": {"type": "Polygon", "coordinates": [[[-56.89999999999998, -22.199999999999932], [-56.74999999999994, -22.199999999999932], [-56.74999999999994, -22.349999999999966], [-56.89999999999998, -22.349999999999966], [-56.89999999999998, -22.199999999999932]]]}}, {"type": "Feature", "properties": {"No_de_Poco": 1, "Shape_Leng": 0.6, "Shape_Area": 0.0225}, "geometry": {"type": "Polygon", "coordinates": [[[-56.89999999999998, -22.049999999999955], [-56.74999999999994, -22.049999999999955], [-56.74999999999994, -22.199999999999932], [-56.89999999999998, -22.199999999999932], [-56.89999999999998, -22.049999999999955]]]}}, {"type": "Feature", "properties": {"No_de_Poco": 0, "Shape_Leng": 0.6, "Shape_Area": 0.0225}, "geometry": {"type": "Polygon", "coordinates": [[[-56.89999999999998, -21.899999999999977], [-56.74999999999994, -21.899999999999977], [-56.74999999999994, -22.049999999999955], [-56.89999999999998, -22.049999999999955], [-56.89999999999998, -21.899999999999977]]]}}, {"type": "Feature", "properties": {"No_de_Poco": 0, "Shape_Leng": 0.6, "Shape_Area": 0.0225}, "geometry": {"type": "Polygon", "coordinates": [[[-56.89999999999998, -21.749999999999943], [-56.74999999999994, -21.749999999999943], [-56.74999999999994, -21.899999999999977], [-56.89999999999998, -21.899999999999977], [-56.89999999999998, -21.749999999999943]]]}}, {"type": "Feature", "properties": {"No_de_Poco": 1, "Shape_Leng": 0.6, "Shape_Area": 0.0225}, "geometry": {"type": "Polygon", "coordinates": [[[-56.89999999999998, -21.599999999999966], [-56.74999999999994, -21.599999999999966], [-56.74999999999994, -21.749999999999943], [-56.89999999999998, -21.749999999999943], [-56.89999999999998, -21.599999999999966]]]}}, {"type": "Feature", "properties": {"No_de_Poco": 0, "Shape_Leng": 0.6, "Shape_Area": 0.0225}, "geometry": {"type": "Polygon", "coordinates": [[[-56.89999999999998, -21.449999999999932], [-56.74999999999994, -21.449999999999932], [-56.74999999999994, -21.599999999999966], [-56.89999999999998, -21.599999999999966], [-56.89999999999998, -21.449999999999932]]]}}, {"type": "Feature", "properties": {"No_de_Poco": 0, "Shape_Leng": 0.6, "Shape_Area": 0.0225}, "geometry": {"type": "Polygon", "coordinates": [[[-56.89999999999998, -21.299999999999955], [-56.74999999999994, -21.299999999999955], [-56.74999999999994, -21.449999999999932], [-56.89999999999998, -21.449999999999932], [-56.89999999999998, -21.299999999999955]]]}}, {"type": "Feature", "properties": {"No_de_Poco": 0, "Shape_Leng": 0.6, "Shape_Area": 0.0225}, "geometry": {"type": "Polygon", "coordinates": [[[-56.89999999999998, -21.149999999999977], [-56.74999999999994, -21.149999999999977], [-56.74999999999994, -21.299999999999955], [-56.89999999999998, -21.299999999999955], [-56.89999999999998, -21.149999999999977]]]}}, {"type": "Feature", "properties": {"No_de_Poco": 0, "Shape_Leng": 0.6, "Shape_Area": 0.0225}, "geometry": {"type": "Polygon", "coordinates": [[[-56.89999999999998, -20.999999999999943], [-56.74999999999994, -20.999999999999943], [-56.74999999999994, -21.149999999999977], [-56.89999999999998, -21.149999999999977], [-56.89999999999998, -20.999999999999943]]]}}, {"type": "Feature", "properties": {"No_de_Poco": 0, "Shape_Leng": 0.6, "Shape_Area": 0.0225}, "geometry": {"type": "Polygon", "coordinates": [[[-56.89999999999998, -20.849999999999966], [-56.74999999999994, -20.849999999999966], [-56.74999999999994, -20.999999999999943], [-56.89999999999998, -20.999999999999943], [-56.89999999999998, -20.849999999999966]]]}}, {"type": "Feature", "properties": {"No_de_Poco": 0, "Shape_Leng": 0.6, "Shape_Area": 0.0225}, "geometry": {"type": "Polygon", "coordinates": [[[-56.89999999999998, -20.549999999999955], [-56.74999999999994, -20.549999999999955], [-56.74999999999994, -20.699999999999932], [-56.89999999999998, -20.699999999999932], [-56.89999999999998, -20.549999999999955]]]}}, {"type": "Feature", "properties": {"No_de_Poco": 3, "Shape_Leng": 0.6, "Shape_Area": 0.0225}, "geometry": {"type": "Polygon", "coordinates": [[[-56.89999999999998, -20.399999999999977], [-56.74999999999994, -20.399999999999977], [-56.74999999999994, -20.549999999999955], [-56.89999999999998, -20.549999999999955], [-56.89999999999998, -20.399999999999977]]]}}, {"type": "Feature", "properties": {"No_de_Poco": 1, "Shape_Leng": 0.6, "Shape_Area": 0.0225}, "geometry": {"type": "Polygon", "coordinates": [[[-56.89999999999998, -20.249999999999943], [-56.74999999999994, -20.249999999999943], [-56.74999999999994, -20.399999999999977], [-56.89999999999998, -20.399999999999977], [-56.89999999999998, -20.249999999999943]]]}}, {"type": "Feature", "properties": {"No_de_Poco": 0, "Shape_Leng": 0.6, "Shape_Area": 0.0225}, "geometry": {"type": "Polygon", "coordinates": [[[-56.89999999999998, -20.099999999999966], [-56.74999999999994, -20.099999999999966], [-56.74999999999994, -20.249999999999943], [-56.89999999999998, -20.249999999999943], [-56.89999999999998, -20.099999999999966]]]}}, {"type": "Feature", "properties": {"No_de_Poco": 0, "Shape_Leng": 0.6, "Shape_Area": 0.0225}, "geometry": {"type": "Polygon", "coordinates": [[[-56.89999999999998, -19.949999999999932], [-56.74999999999994, -19.949999999999932], [-56.74999999999994, -20.099999999999966], [-56.89999999999998, -20.099999999999966], [-56.89999999999998, -19.949999999999932]]]}}, {"type": "Feature", "properties": {"No_de_Poco": 0, "Shape_Leng": 0.6, "Shape_Area": 0.0225}, "geometry": {"type": "Polygon", "coordinates": [[[-56.89999999999998, -19.799999999999955], [-56.74999999999994, -19.799999999999955], [-56.74999999999994, -19.949999999999932], [-56.89999999999998, -19.949999999999932], [-56.89999999999998, -19.799999999999955]]]}}, {"type": "Feature", "properties": {"No_de_Poco": 0, "Shape_Leng": 0.6, "Shape_Area": 0.0225}, "geometry": {"type": "Polygon", "coordinates": [[[-57.049999999999955, -22.199999999999932], [-56.89999999999998, -22.199999999999932], [-56.89999999999998, -22.349999999999966], [-57.049999999999955, -22.349999999999966], [-57.049999999999955, -22.199999999999932]]]}}, {"type": "Feature", "properties": {"No_de_Poco": 0, "Shape_Leng": 0.6, "Shape_Area": 0.0225}, "geometry": {"type": "Polygon", "coordinates": [[[-57.049999999999955, -22.049999999999955], [-56.89999999999998, -22.049999999999955], [-56.89999999999998, -22.199999999999932], [-57.049999999999955, -22.199999999999932], [-57.049999999999955, -22.049999999999955]]]}}, {"type": "Feature", "properties": {"No_de_Poco": 10, "Shape_Leng": 0.6, "Shape_Area": 0.0225}, "geometry": {"type": "Polygon", "coordinates": [[[-57.049999999999955, -21.899999999999977], [-56.89999999999998, -21.899999999999977], [-56.89999999999998, -22.049999999999955], [-57.049999999999955, -22.049999999999955], [-57.049999999999955, -21.899999999999977]]]}}, {"type": "Feature", "properties": {"No_de_Poco": 0, "Shape_Leng": 0.6, "Shape_Area": 0.0225}, "geometry": {"type": "Polygon", "coordinates": [[[-57.049999999999955, -21.749999999999943], [-56.89999999999998, -21.749999999999943], [-56.89999999999998, -21.899999999999977], [-57.049999999999955, -21.899999999999977], [-57.049999999999955, -21.749999999999943]]]}}, {"type": "Feature", "properties": {"No_de_Poco": 0, "Shape_Leng": 0.6, "Shape_Area": 0.0225}, "geometry": {"type": "Polygon", "coordinates": [[[-57.049999999999955, -21.149999999999977], [-56.89999999999998, -21.149999999999977], [-56.89999999999998, -21.299999999999955], [-57.049999999999955, -21.299999999999955], [-57.049999999999955, -21.149999999999977]]]}}, {"type": "Feature", "properties": {"No_de_Poco": 0, "Shape_Leng": 0.6, "Shape_Area": 0.0225}, "geometry": {"type": "Polygon", "coordinates": [[[-57.049999999999955, -20.999999999999943], [-56.89999999999998, -20.999999999999943], [-56.89999999999998, -21.149999999999977], [-57.049999999999955, -21.149999999999977], [-57.049999999999955, -20.999999999999943]]]}}, {"type": "Feature", "properties": {"No_de_Poco": 0, "Shape_Leng": 0.6, "Shape_Area": 0.0225}, "geometry": {"type": "Polygon", "coordinates": [[[-57.049999999999955, -20.849999999999966], [-56.89999999999998, -20.849999999999966], [-56.89999999999998, -20.999999999999943], [-57.049999999999955, -20.999999999999943], [-57.049999999999955, -20.849999999999966]]]}}, {"type": "Feature", "properties": {"No_de_Poco": 0, "Shape_Leng": 0.6, "Shape_Area": 0.0225}, "geometry": {"type": "Polygon", "coordinates": [[[-57.049999999999955, -20.699999999999932], [-56.89999999999998, -20.699999999999932], [-56.89999999999998, -20.849999999999966], [-57.049999999999955, -20.849999999999966], [-57.049999999999955, -20.699999999999932]]]}}, {"type": "Feature", "properties": {"No_de_Poco": 0, "Shape_Leng": 0.6, "Shape_Area": 0.0225}, "geometry": {"type": "Polygon", "coordinates": [[[-57.049999999999955, -20.549999999999955], [-56.89999999999998, -20.549999999999955], [-56.89999999999998, -20.699999999999932], [-57.049999999999955, -20.699999999999932], [-57.049999999999955, -20.549999999999955]]]}}, {"type": "Feature", "properties": {"No_de_Poco": 1, "Shape_Leng": 0.6, "Shape_Area": 0.0225}, "geometry": {"type": "Polygon", "coordinates": [[[-57.049999999999955, -20.399999999999977], [-56.89999999999998, -20.399999999999977], [-56.89999999999998, -20.549999999999955], [-57.049999999999955, -20.549999999999955], [-57.049999999999955, -20.399999999999977]]]}}, {"type": "Feature", "properties": {"No_de_Poco": 0, "Shape_Leng": 0.6, "Shape_Area": 0.0225}, "geometry": {"type": "Polygon", "coordinates": [[[-57.049999999999955, -20.249999999999943], [-56.89999999999998, -20.249999999999943], [-56.89999999999998, -20.399999999999977], [-57.049999999999955, -20.399999999999977], [-57.049999999999955, -20.249999999999943]]]}}, {"type": "Feature", "properties": {"No_de_Poco": 0, "Shape_Leng": 0.6, "Shape_Area": 0.0225}, "geometry": {"type": "Polygon", "coordinates": [[[-57.049999999999955, -20.099999999999966], [-56.89999999999998, -20.099999999999966], [-56.89999999999998, -20.249999999999943], [-57.049999999999955, -20.249999999999943], [-57.049999999999955, -20.099999999999966]]]}}, {"type": "Feature", "properties": {"No_de_Poco": 0, "Shape_Leng": 0.6, "Shape_Area": 0.0225}, "geometry": {"type": "Polygon", "coordinates": [[[-57.049999999999955, -19.949999999999932], [-56.89999999999998, -19.949999999999932], [-56.89999999999998, -20.099999999999966], [-57.049999999999955, -20.099999999999966], [-57.049999999999955, -19.949999999999932]]]}}, {"type": "Feature", "properties": {"No_de_Poco": 0, "Shape_Leng": 0.6, "Shape_Area": 0.0225}, "geometry": {"type": "Polygon", "coordinates": [[[-57.049999999999955, -19.799999999999955], [-56.89999999999998, -19.799999999999955], [-56.89999999999998, -19.949999999999932], [-57.049999999999955, -19.949999999999932], [-57.049999999999955, -19.799999999999955]]]}}, {"type": "Feature", "properties": {"No_de_Poco": 0, "Shape_Leng": 0.6, "Shape_Area": 0.0225}, "geometry": {"type": "Polygon", "coordinates": [[[-57.19999999999993, -22.199999999999932], [-57.049999999999955, -22.199999999999932], [-57.049999999999955, -22.349999999999966], [-57.19999999999993, -22.349999999999966], [-57.19999999999993, -22.199999999999932]]]}}, {"type": "Feature", "properties": {"No_de_Poco": 0, "Shape_Leng": 0.6, "Shape_Area": 0.0225}, "geometry": {"type": "Polygon", "coordinates": [[[-57.19999999999993, -22.049999999999955], [-57.049999999999955, -22.049999999999955], [-57.049999999999955, -22.199999999999932], [-57.19999999999993, -22.199999999999932], [-57.19999999999993, -22.049999999999955]]]}}, {"type": "Feature", "properties": {"No_de_Poco": 1, "Shape_Leng": 0.6, "Shape_Area": 0.0225}, "geometry": {"type": "Polygon", "coordinates": [[[-57.19999999999993, -21.899999999999977], [-57.049999999999955, -21.899999999999977], [-57.049999999999955, -22.049999999999955], [-57.19999999999993, -22.049999999999955], [-57.19999999999993, -21.899999999999977]]]}}, {"type": "Feature", "properties": {"No_de_Poco": 0, "Shape_Leng": 0.6, "Shape_Area": 0.0225}, "geometry": {"type": "Polygon", "coordinates": [[[-57.19999999999993, -21.749999999999943], [-57.049999999999955, -21.749999999999943], [-57.049999999999955, -21.899999999999977], [-57.19999999999993, -21.899999999999977], [-57.19999999999993, -21.749999999999943]]]}}, {"type": "Feature", "properties": {"No_de_Poco": 0, "Shape_Leng": 0.6, "Shape_Area": 0.0225}, "geometry": {"type": "Polygon", "coordinates": [[[-57.19999999999993, -21.299999999999955], [-57.049999999999955, -21.299999999999955], [-57.049999999999955, -21.449999999999932], [-57.19999999999993, -21.449999999999932], [-57.19999999999993, -21.299999999999955]]]}}, {"type": "Feature", "properties": {"No_de_Poco": 0, "Shape_Leng": 0.6, "Shape_Area": 0.0225}, "geometry": {"type": "Polygon", "coordinates": [[[-57.19999999999993, -21.149999999999977], [-57.049999999999955, -21.149999999999977], [-57.049999999999955, -21.299999999999955], [-57.19999999999993, -21.299999999999955], [-57.19999999999993, -21.149999999999977]]]}}, {"type": "Feature", "properties": {"No_de_Poco": 0, "Shape_Leng": 0.6, "Shape_Area": 0.0225}, "geometry": {"type": "Polygon", "coordinates": [[[-57.19999999999993, -20.999999999999943], [-57.049999999999955, -20.999999999999943], [-57.049999999999955, -21.149999999999977], [-57.19999999999993, -21.149999999999977], [-57.19999999999993, -20.999999999999943]]]}}, {"type": "Feature", "properties": {"No_de_Poco": 0, "Shape_Leng": 0.6, "Shape_Area": 0.0225}, "geometry": {"type": "Polygon", "coordinates": [[[-57.19999999999993, -20.849999999999966], [-57.049999999999955, -20.849999999999966], [-57.049999999999955, -20.999999999999943], [-57.19999999999993, -20.999999999999943], [-57.19999999999993, -20.849999999999966]]]}}, {"type": "Feature", "properties": {"No_de_Poco": 0, "Shape_Leng": 0.6, "Shape_Area": 0.0225}, "geometry": {"type": "Polygon", "coordinates": [[[-57.19999999999993, -20.549999999999955], [-57.049999999999955, -20.549999999999955], [-57.049999999999955, -20.699999999999932], [-57.19999999999993, -20.699999999999932], [-57.19999999999993, -20.549999999999955]]]}}, {"type": "Feature", "properties": {"No_de_Poco": 0, "Shape_Leng": 0.6, "Shape_Area": 0.0225}, "geometry": {"type": "Polygon", "coordinates": [[[-57.19999999999993, -20.399999999999977], [-57.049999999999955, -20.399999999999977], [-57.049999999999955, -20.549999999999955], [-57.19999999999993, -20.549999999999955], [-57.19999999999993, -20.399999999999977]]]}}, {"type": "Feature", "properties": {"No_de_Poco": 0, "Shape_Leng": 0.6, "Shape_Area": 0.0225}, "geometry": {"type": "Polygon", "coordinates": [[[-57.19999999999993, -20.249999999999943], [-57.049999999999955, -20.249999999999943], [-57.049999999999955, -20.399999999999977], [-57.19999999999993, -20.399999999999977], [-57.19999999999993, -20.249999999999943]]]}}, {"type": "Feature", "properties": {"No_de_Poco": 0, "Shape_Leng": 0.6, "Shape_Area": 0.0225}, "geometry": {"type": "Polygon", "coordinates": [[[-57.19999999999993, -20.099999999999966], [-57.049999999999955, -20.099999999999966], [-57.049999999999955, -20.249999999999943], [-57.19999999999993, -20.249999999999943], [-57.19999999999993, -20.099999999999966]]]}}, {"type": "Feature", "properties": {"No_de_Poco": 0, "Shape_Leng": 0.6, "Shape_Area": 0.0225}, "geometry": {"type": "Polygon", "coordinates": [[[-57.19999999999993, -19.949999999999932], [-57.049999999999955, -19.949999999999932], [-57.049999999999955, -20.099999999999966], [-57.19999999999993, -20.099999999999966], [-57.19999999999993, -19.949999999999932]]]}}, {"type": "Feature", "properties": {"No_de_Poco": 0, "Shape_Leng": 0.6, "Shape_Area": 0.0225}, "geometry": {"type": "Polygon", "coordinates": [[[-57.19999999999993, -19.799999999999955], [-57.049999999999955, -19.799999999999955], [-57.049999999999955, -19.949999999999932], [-57.19999999999993, -19.949999999999932], [-57.19999999999993, -19.799999999999955]]]}}, {"type": "Feature", "properties": {"No_de_Poco": 0, "Shape_Leng": 0.6, "Shape_Area": 0.0225}, "geometry": {"type": "Polygon", "coordinates": [[[-57.349999999999966, -22.199999999999932], [-57.19999999999993, -22.199999999999932], [-57.19999999999993, -22.349999999999966], [-57.349999999999966, -22.349999999999966], [-57.349999999999966, -22.199999999999932]]]}}, {"type": "Feature", "properties": {"No_de_Poco": 0, "Shape_Leng": 0.6, "Shape_Area": 0.0225}, "geometry": {"type": "Polygon", "coordinates": [[[-57.349999999999966, -22.049999999999955], [-57.19999999999993, -22.049999999999955], [-57.19999999999993, -22.199999999999932], [-57.349999999999966, -22.199999999999932], [-57.349999999999966, -22.049999999999955]]]}}, {"type": "Feature", "properties": {"No_de_Poco": 0, "Shape_Leng": 0.6, "Shape_Area": 0.0225}, "geometry": {"type": "Polygon", "coordinates": [[[-57.349999999999966, -21.899999999999977], [-57.19999999999993, -21.899999999999977], [-57.19999999999993, -22.049999999999955], [-57.349999999999966, -22.049999999999955], [-57.349999999999966, -21.899999999999977]]]}}, {"type": "Feature", "properties": {"No_de_Poco": 0, "Shape_Leng": 0.6, "Shape_Area": 0.0225}, "geometry": {"type": "Polygon", "coordinates": [[[-57.349999999999966, -21.749999999999943], [-57.19999999999993, -21.749999999999943], [-57.19999999999993, -21.899999999999977], [-57.349999999999966, -21.899999999999977], [-57.349999999999966, -21.749999999999943]]]}}, {"type": "Feature", "properties": {"No_de_Poco": 0, "Shape_Leng": 0.6, "Shape_Area": 0.0225}, "geometry": {"type": "Polygon", "coordinates": [[[-57.349999999999966, -21.599999999999966], [-57.19999999999993, -21.599999999999966], [-57.19999999999993, -21.749999999999943], [-57.349999999999966, -21.749999999999943], [-57.349999999999966, -21.599999999999966]]]}}, {"type": "Feature", "properties": {"No_de_Poco": 0, "Shape_Leng": 0.6, "Shape_Area": 0.0225}, "geometry": {"type": "Polygon", "coordinates": [[[-57.349999999999966, -21.449999999999932], [-57.19999999999993, -21.449999999999932], [-57.19999999999993, -21.599999999999966], [-57.349999999999966, -21.599999999999966], [-57.349999999999966, -21.449999999999932]]]}}, {"type": "Feature", "properties": {"No_de_Poco": 0, "Shape_Leng": 0.6, "Shape_Area": 0.0225}, "geometry": {"type": "Polygon", "coordinates": [[[-57.349999999999966, -21.299999999999955], [-57.19999999999993, -21.299999999999955], [-57.19999999999993, -21.449999999999932], [-57.349999999999966, -21.449999999999932], [-57.349999999999966, -21.299999999999955]]]}}, {"type": "Feature", "properties": {"No_de_Poco": 0, "Shape_Leng": 0.6, "Shape_Area": 0.0225}, "geometry": {"type": "Polygon", "coordinates": [[[-57.349999999999966, -21.149999999999977], [-57.19999999999993, -21.149999999999977], [-57.19999999999993, -21.299999999999955], [-57.349999999999966, -21.299999999999955], [-57.349999999999966, -21.149999999999977]]]}}, {"type": "Feature", "properties": {"No_de_Poco": 0, "Shape_Leng": 0.6, "Shape_Area": 0.0225}, "geometry": {"type": "Polygon", "coordinates": [[[-57.349999999999966, -20.999999999999943], [-57.19999999999993, -20.999999999999943], [-57.19999999999993, -21.149999999999977], [-57.349999999999966, -21.149999999999977], [-57.349999999999966, -20.999999999999943]]]}}, {"type": "Feature", "properties": {"No_de_Poco": 0, "Shape_Leng": 0.6, "Shape_Area": 0.0225}, "geometry": {"type": "Polygon", "coordinates": [[[-57.349999999999966, -20.849999999999966], [-57.19999999999993, -20.849999999999966], [-57.19999999999993, -20.999999999999943], [-57.349999999999966, -20.999999999999943], [-57.349999999999966, -20.849999999999966]]]}}, {"type": "Feature", "properties": {"No_de_Poco": 0, "Shape_Leng": 0.6, "Shape_Area": 0.0225}, "geometry": {"type": "Polygon", "coordinates": [[[-57.349999999999966, -20.699999999999932], [-57.19999999999993, -20.699999999999932], [-57.19999999999993, -20.849999999999966], [-57.349999999999966, -20.849999999999966], [-57.349999999999966, -20.699999999999932]]]}}, {"type": "Feature", "properties": {"No_de_Poco": 0, "Shape_Leng": 0.6, "Shape_Area": 0.0225}, "geometry": {"type": "Polygon", "coordinates": [[[-57.349999999999966, -20.549999999999955], [-57.19999999999993, -20.549999999999955], [-57.19999999999993, -20.699999999999932], [-57.349999999999966, -20.699999999999932], [-57.349999999999966, -20.549999999999955]]]}}, {"type": "Feature", "properties": {"No_de_Poco": 0, "Shape_Leng": 0.6, "Shape_Area": 0.0225}, "geometry": {"type": "Polygon", "coordinates": [[[-57.349999999999966, -20.399999999999977], [-57.19999999999993, -20.399999999999977], [-57.19999999999993, -20.549999999999955], [-57.349999999999966, -20.549999999999955], [-57.349999999999966, -20.399999999999977]]]}}, {"type": "Feature", "properties": {"No_de_Poco": 0, "Shape_Leng": 0.6, "Shape_Area": 0.0225}, "geometry": {"type": "Polygon", "coordinates": [[[-57.349999999999966, -20.249999999999943], [-57.19999999999993, -20.249999999999943], [-57.19999999999993, -20.399999999999977], [-57.349999999999966, -20.399999999999977], [-57.349999999999966, -20.249999999999943]]]}}, {"type": "Feature", "properties": {"No_de_Poco": 0, "Shape_Leng": 0.6, "Shape_Area": 0.0225}, "geometry": {"type": "Polygon", "coordinates": [[[-57.349999999999966, -20.099999999999966], [-57.19999999999993, -20.099999999999966], [-57.19999999999993, -20.249999999999943], [-57.349999999999966, -20.249999999999943], [-57.349999999999966, -20.099999999999966]]]}}, {"type": "Feature", "properties": {"No_de_Poco": 0, "Shape_Leng": 0.6, "Shape_Area": 0.0225}, "geometry": {"type": "Polygon", "coordinates": [[[-57.349999999999966, -19.949999999999932], [-57.19999999999993, -19.949999999999932], [-57.19999999999993, -20.099999999999966], [-57.349999999999966, -20.099999999999966], [-57.349999999999966, -19.949999999999932]]]}}, {"type": "Feature", "properties": {"No_de_Poco": 0, "Shape_Leng": 0.6, "Shape_Area": 0.0225}, "geometry": {"type": "Polygon", "coordinates": [[[-57.349999999999966, -19.799999999999955], [-57.19999999999993, -19.799999999999955], [-57.19999999999993, -19.949999999999932], [-57.349999999999966, -19.949999999999932], [-57.349999999999966, -19.799999999999955]]]}}, {"type": "Feature", "properties": {"No_de_Poco": 0, "Shape_Leng": 0.6, "Shape_Area": 0.0225}, "geometry": {"type": "Polygon", "coordinates": [[[-57.49999999999994, -22.199999999999932], [-57.349999999999966, -22.199999999999932], [-57.349999999999966, -22.349999999999966], [-57.49999999999994, -22.349999999999966], [-57.49999999999994, -22.199999999999932]]]}}, {"type": "Feature", "properties": {"No_de_Poco": 0, "Shape_Leng": 0.6, "Shape_Area": 0.0225}, "geometry": {"type": "Polygon", "coordinates": [[[-57.49999999999994, -22.049999999999955], [-57.349999999999966, -22.049999999999955], [-57.349999999999966, -22.199999999999932], [-57.49999999999994, -22.199999999999932], [-57.49999999999994, -22.049999999999955]]]}}, {"type": "Feature", "properties": {"No_de_Poco": 1, "Shape_Leng": 0.6, "Shape_Area": 0.0225}, "geometry": {"type": "Polygon", "coordinates": [[[-57.49999999999994, -21.899999999999977], [-57.349999999999966, -21.899999999999977], [-57.349999999999966, -22.049999999999955], [-57.49999999999994, -22.049999999999955], [-57.49999999999994, -21.899999999999977]]]}}, {"type": "Feature", "properties": {"No_de_Poco": 0, "Shape_Leng": 0.6, "Shape_Area": 0.0225}, "geometry": {"type": "Polygon", "coordinates": [[[-57.49999999999994, -21.749999999999943], [-57.349999999999966, -21.749999999999943], [-57.349999999999966, -21.899999999999977], [-57.49999999999994, -21.899999999999977], [-57.49999999999994, -21.749999999999943]]]}}, {"type": "Feature", "properties": {"No_de_Poco": 0, "Shape_Leng": 0.6, "Shape_Area": 0.0225}, "geometry": {"type": "Polygon", "coordinates": [[[-57.49999999999994, -21.599999999999966], [-57.349999999999966, -21.599999999999966], [-57.349999999999966, -21.749999999999943], [-57.49999999999994, -21.749999999999943], [-57.49999999999994, -21.599999999999966]]]}}, {"type": "Feature", "properties": {"No_de_Poco": 0, "Shape_Leng": 0.6, "Shape_Area": 0.0225}, "geometry": {"type": "Polygon", "coordinates": [[[-57.49999999999994, -21.449999999999932], [-57.349999999999966, -21.449999999999932], [-57.349999999999966, -21.599999999999966], [-57.49999999999994, -21.599999999999966], [-57.49999999999994, -21.449999999999932]]]}}, {"type": "Feature", "properties": {"No_de_Poco": 0, "Shape_Leng": 0.6, "Shape_Area": 0.0225}, "geometry": {"type": "Polygon", "coordinates": [[[-57.49999999999994, -21.299999999999955], [-57.349999999999966, -21.299999999999955], [-57.349999999999966, -21.449999999999932], [-57.49999999999994, -21.449999999999932], [-57.49999999999994, -21.299999999999955]]]}}, {"type": "Feature", "properties": {"No_de_Poco": 0, "Shape_Leng": 0.6, "Shape_Area": 0.0225}, "geometry": {"type": "Polygon", "coordinates": [[[-57.49999999999994, -21.149999999999977], [-57.349999999999966, -21.149999999999977], [-57.349999999999966, -21.299999999999955], [-57.49999999999994, -21.299999999999955], [-57.49999999999994, -21.149999999999977]]]}}, {"type": "Feature", "properties": {"No_de_Poco": 0, "Shape_Leng": 0.6, "Shape_Area": 0.0225}, "geometry": {"type": "Polygon", "coordinates": [[[-57.49999999999994, -20.999999999999943], [-57.349999999999966, -20.999999999999943], [-57.349999999999966, -21.149999999999977], [-57.49999999999994, -21.149999999999977], [-57.49999999999994, -20.999999999999943]]]}}, {"type": "Feature", "properties": {"No_de_Poco": 0, "Shape_Leng": 0.6, "Shape_Area": 0.0225}, "geometry": {"type": "Polygon", "coordinates": [[[-57.49999999999994, -20.849999999999966], [-57.349999999999966, -20.849999999999966], [-57.349999999999966, -20.999999999999943], [-57.49999999999994, -20.999999999999943], [-57.49999999999994, -20.849999999999966]]]}}, {"type": "Feature", "properties": {"No_de_Poco": 0, "Shape_Leng": 0.6, "Shape_Area": 0.0225}, "geometry": {"type": "Polygon", "coordinates": [[[-57.49999999999994, -20.549999999999955], [-57.349999999999966, -20.549999999999955], [-57.349999999999966, -20.699999999999932], [-57.49999999999994, -20.699999999999932], [-57.49999999999994, -20.549999999999955]]]}}, {"type": "Feature", "properties": {"No_de_Poco": 0, "Shape_Leng": 0.6, "Shape_Area": 0.0225}, "geometry": {"type": "Polygon", "coordinates": [[[-57.49999999999994, -20.399999999999977], [-57.349999999999966, -20.399999999999977], [-57.349999999999966, -20.549999999999955], [-57.49999999999994, -20.549999999999955], [-57.49999999999994, -20.399999999999977]]]}}, {"type": "Feature", "properties": {"No_de_Poco": 0, "Shape_Leng": 0.6, "Shape_Area": 0.0225}, "geometry": {"type": "Polygon", "coordinates": [[[-57.49999999999994, -20.249999999999943], [-57.349999999999966, -20.249999999999943], [-57.349999999999966, -20.399999999999977], [-57.49999999999994, -20.399999999999977], [-57.49999999999994, -20.249999999999943]]]}}, {"type": "Feature", "properties": {"No_de_Poco": 0, "Shape_Leng": 0.6, "Shape_Area": 0.0225}, "geometry": {"type": "Polygon", "coordinates": [[[-57.49999999999994, -20.099999999999966], [-57.349999999999966, -20.099999999999966], [-57.349999999999966, -20.249999999999943], [-57.49999999999994, -20.249999999999943], [-57.49999999999994, -20.099999999999966]]]}}, {"type": "Feature", "properties": {"No_de_Poco": 0, "Shape_Leng": 0.6, "Shape_Area": 0.0225}, "geometry": {"type": "Polygon", "coordinates": [[[-57.49999999999994, -19.949999999999932], [-57.349999999999966, -19.949999999999932], [-57.349999999999966, -20.099999999999966], [-57.49999999999994, -20.099999999999966], [-57.49999999999994, -19.949999999999932]]]}}, {"type": "Feature", "properties": {"No_de_Poco": 0, "Shape_Leng": 0.6, "Shape_Area": 0.0225}, "geometry": {"type": "Polygon", "coordinates": [[[-57.49999999999994, -19.799999999999955], [-57.349999999999966, -19.799999999999955], [-57.349999999999966, -19.949999999999932], [-57.49999999999994, -19.949999999999932], [-57.49999999999994, -19.799999999999955]]]}}, {"type": "Feature", "properties": {"No_de_Poco": 0, "Shape_Leng": 0.6, "Shape_Area": 0.0225}, "geometry": {"type": "Polygon", "coordinates": [[[-57.64999999999998, -22.049999999999955], [-57.49999999999994, -22.049999999999955], [-57.49999999999994, -22.199999999999932], [-57.64999999999998, -22.199999999999932], [-57.64999999999998, -22.049999999999955]]]}}, {"type": "Feature", "properties": {"No_de_Poco": 0, "Shape_Leng": 0.6, "Shape_Area": 0.0225}, "geometry": {"type": "Polygon", "coordinates": [[[-57.64999999999998, -21.899999999999977], [-57.49999999999994, -21.899999999999977], [-57.49999999999994, -22.049999999999955], [-57.64999999999998, -22.049999999999955], [-57.64999999999998, -21.899999999999977]]]}}, {"type": "Feature", "properties": {"No_de_Poco": 0, "Shape_Leng": 0.6, "Shape_Area": 0.0225}, "geometry": {"type": "Polygon", "coordinates": [[[-57.64999999999998, -21.749999999999943], [-57.49999999999994, -21.749999999999943], [-57.49999999999994, -21.899999999999977], [-57.64999999999998, -21.899999999999977], [-57.64999999999998, -21.749999999999943]]]}}, {"type": "Feature", "properties": {"No_de_Poco": 0, "Shape_Leng": 0.6, "Shape_Area": 0.0225}, "geometry": {"type": "Polygon", "coordinates": [[[-57.64999999999998, -21.599999999999966], [-57.49999999999994, -21.599999999999966], [-57.49999999999994, -21.749999999999943], [-57.64999999999998, -21.749999999999943], [-57.64999999999998, -21.599999999999966]]]}}, {"type": "Feature", "properties": {"No_de_Poco": 0, "Shape_Leng": 0.6, "Shape_Area": 0.0225}, "geometry": {"type": "Polygon", "coordinates": [[[-57.64999999999998, -21.449999999999932], [-57.49999999999994, -21.449999999999932], [-57.49999999999994, -21.599999999999966], [-57.64999999999998, -21.599999999999966], [-57.64999999999998, -21.449999999999932]]]}}, {"type": "Feature", "properties": {"No_de_Poco": 0, "Shape_Leng": 0.6, "Shape_Area": 0.0225}, "geometry": {"type": "Polygon", "coordinates": [[[-57.64999999999998, -21.299999999999955], [-57.49999999999994, -21.299999999999955], [-57.49999999999994, -21.449999999999932], [-57.64999999999998, -21.449999999999932], [-57.64999999999998, -21.299999999999955]]]}}, {"type": "Feature", "properties": {"No_de_Poco": 0, "Shape_Leng": 0.6, "Shape_Area": 0.0225}, "geometry": {"type": "Polygon", "coordinates": [[[-57.64999999999998, -21.149999999999977], [-57.49999999999994, -21.149999999999977], [-57.49999999999994, -21.299999999999955], [-57.64999999999998, -21.299999999999955], [-57.64999999999998, -21.149999999999977]]]}}, {"type": "Feature", "properties": {"No_de_Poco": 0, "Shape_Leng": 0.6, "Shape_Area": 0.0225}, "geometry": {"type": "Polygon", "coordinates": [[[-57.64999999999998, -20.999999999999943], [-57.49999999999994, -20.999999999999943], [-57.49999999999994, -21.149999999999977], [-57.64999999999998, -21.149999999999977], [-57.64999999999998, -20.999999999999943]]]}}, {"type": "Feature", "properties": {"No_de_Poco": 0, "Shape_Leng": 0.6, "Shape_Area": 0.0225}, "geometry": {"type": "Polygon", "coordinates": [[[-57.64999999999998, -20.849999999999966], [-57.49999999999994, -20.849999999999966], [-57.49999999999994, -20.999999999999943], [-57.64999999999998, -20.999999999999943], [-57.64999999999998, -20.849999999999966]]]}}, {"type": "Feature", "properties": {"No_de_Poco": 0, "Shape_Leng": 0.6, "Shape_Area": 0.0225}, "geometry": {"type": "Polygon", "coordinates": [[[-57.64999999999998, -20.699999999999932], [-57.49999999999994, -20.699999999999932], [-57.49999999999994, -20.849999999999966], [-57.64999999999998, -20.849999999999966], [-57.64999999999998, -20.699999999999932]]]}}, {"type": "Feature", "properties": {"No_de_Poco": 0, "Shape_Leng": 0.6, "Shape_Area": 0.0225}, "geometry": {"type": "Polygon", "coordinates": [[[-57.64999999999998, -20.549999999999955], [-57.49999999999994, -20.549999999999955], [-57.49999999999994, -20.699999999999932], [-57.64999999999998, -20.699999999999932], [-57.64999999999998, -20.549999999999955]]]}}, {"type": "Feature", "properties": {"No_de_Poco": 0, "Shape_Leng": 0.6, "Shape_Area": 0.0225}, "geometry": {"type": "Polygon", "coordinates": [[[-57.64999999999998, -20.399999999999977], [-57.49999999999994, -20.399999999999977], [-57.49999999999994, -20.549999999999955], [-57.64999999999998, -20.549999999999955], [-57.64999999999998, -20.399999999999977]]]}}, {"type": "Feature", "properties": {"No_de_Poco": 0, "Shape_Leng": 0.6, "Shape_Area": 0.0225}, "geometry": {"type": "Polygon", "coordinates": [[[-57.64999999999998, -20.249999999999943], [-57.49999999999994, -20.249999999999943], [-57.49999999999994, -20.399999999999977], [-57.64999999999998, -20.399999999999977], [-57.64999999999998, -20.249999999999943]]]}}, {"type": "Feature", "properties": {"No_de_Poco": 0, "Shape_Leng": 0.6, "Shape_Area": 0.0225}, "geometry": {"type": "Polygon", "coordinates": [[[-57.64999999999998, -20.099999999999966], [-57.49999999999994, -20.099999999999966], [-57.49999999999994, -20.249999999999943], [-57.64999999999998, -20.249999999999943], [-57.64999999999998, -20.099999999999966]]]}}, {"type": "Feature", "properties": {"No_de_Poco": 0, "Shape_Leng": 0.6, "Shape_Area": 0.0225}, "geometry": {"type": "Polygon", "coordinates": [[[-57.64999999999998, -19.949999999999932], [-57.49999999999994, -19.949999999999932], [-57.49999999999994, -20.099999999999966], [-57.64999999999998, -20.099999999999966], [-57.64999999999998, -19.949999999999932]]]}}, {"type": "Feature", "properties": {"No_de_Poco": 0, "Shape_Leng": 0.6, "Shape_Area": 0.0225}, "geometry": {"type": "Polygon", "coordinates": [[[-57.64999999999998, -19.799999999999955], [-57.49999999999994, -19.799999999999955], [-57.49999999999994, -19.949999999999932], [-57.64999999999998, -19.949999999999932], [-57.64999999999998, -19.799999999999955]]]}}, {"type": "Feature", "properties": {"No_de_Poco": 0, "Shape_Leng": 0.6, "Shape_Area": 0.0225}, "geometry": {"type": "Polygon", "coordinates": [[[-57.799999999999955, -22.049999999999955], [-57.64999999999998, -22.049999999999955], [-57.64999999999998, -22.199999999999932], [-57.799999999999955, -22.199999999999932], [-57.799999999999955, -22.049999999999955]]]}}, {"type": "Feature", "properties": {"No_de_Poco": 0, "Shape_Leng": 0.6, "Shape_Area": 0.0225}, "geometry": {"type": "Polygon", "coordinates": [[[-57.799999999999955, -21.899999999999977], [-57.64999999999998, -21.899999999999977], [-57.64999999999998, -22.049999999999955], [-57.799999999999955, -22.049999999999955], [-57.799999999999955, -21.899999999999977]]]}}, {"type": "Feature", "properties": {"No_de_Poco": 0, "Shape_Leng": 0.6, "Shape_Area": 0.0225}, "geometry": {"type": "Polygon", "coordinates": [[[-57.799999999999955, -21.749999999999943], [-57.64999999999998, -21.749999999999943], [-57.64999999999998, -21.899999999999977], [-57.799999999999955, -21.899999999999977], [-57.799999999999955, -21.749999999999943]]]}}, {"type": "Feature", "properties": {"No_de_Poco": 0, "Shape_Leng": 0.6, "Shape_Area": 0.0225}, "geometry": {"type": "Polygon", "coordinates": [[[-57.799999999999955, -21.599999999999966], [-57.64999999999998, -21.599999999999966], [-57.64999999999998, -21.749999999999943], [-57.799999999999955, -21.749999999999943], [-57.799999999999955, -21.599999999999966]]]}}, {"type": "Feature", "properties": {"No_de_Poco": 0, "Shape_Leng": 0.6, "Shape_Area": 0.0225}, "geometry": {"type": "Polygon", "coordinates": [[[-57.799999999999955, -21.449999999999932], [-57.64999999999998, -21.449999999999932], [-57.64999999999998, -21.599999999999966], [-57.799999999999955, -21.599999999999966], [-57.799999999999955, -21.449999999999932]]]}}, {"type": "Feature", "properties": {"No_de_Poco": 0, "Shape_Leng": 0.6, "Shape_Area": 0.0225}, "geometry": {"type": "Polygon", "coordinates": [[[-57.799999999999955, -21.299999999999955], [-57.64999999999998, -21.299999999999955], [-57.64999999999998, -21.449999999999932], [-57.799999999999955, -21.449999999999932], [-57.799999999999955, -21.299999999999955]]]}}, {"type": "Feature", "properties": {"No_de_Poco": 0, "Shape_Leng": 0.6, "Shape_Area": 0.0225}, "geometry": {"type": "Polygon", "coordinates": [[[-57.799999999999955, -21.149999999999977], [-57.64999999999998, -21.149999999999977], [-57.64999999999998, -21.299999999999955], [-57.799999999999955, -21.299999999999955], [-57.799999999999955, -21.149999999999977]]]}}, {"type": "Feature", "properties": {"No_de_Poco": 0, "Shape_Leng": 0.6, "Shape_Area": 0.0225}, "geometry": {"type": "Polygon", "coordinates": [[[-57.799999999999955, -20.999999999999943], [-57.64999999999998, -20.999999999999943], [-57.64999999999998, -21.149999999999977], [-57.799999999999955, -21.149999999999977], [-57.799999999999955, -20.999999999999943]]]}}, {"type": "Feature", "properties": {"No_de_Poco": 0, "Shape_Leng": 0.6, "Shape_Area": 0.0225}, "geometry": {"type": "Polygon", "coordinates": [[[-57.799999999999955, -20.849999999999966], [-57.64999999999998, -20.849999999999966], [-57.64999999999998, -20.999999999999943], [-57.799999999999955, -20.999999999999943], [-57.799999999999955, -20.849999999999966]]]}}, {"type": "Feature", "properties": {"No_de_Poco": 0, "Shape_Leng": 0.6, "Shape_Area": 0.0225}, "geometry": {"type": "Polygon", "coordinates": [[[-57.799999999999955, -20.699999999999932], [-57.64999999999998, -20.699999999999932], [-57.64999999999998, -20.849999999999966], [-57.799999999999955, -20.849999999999966], [-57.799999999999955, -20.699999999999932]]]}}, {"type": "Feature", "properties": {"No_de_Poco": 0, "Shape_Leng": 0.6, "Shape_Area": 0.0225}, "geometry": {"type": "Polygon", "coordinates": [[[-57.799999999999955, -20.549999999999955], [-57.64999999999998, -20.549999999999955], [-57.64999999999998, -20.699999999999932], [-57.799999999999955, -20.699999999999932], [-57.799999999999955, -20.549999999999955]]]}}, {"type": "Feature", "properties": {"No_de_Poco": 0, "Shape_Leng": 0.6, "Shape_Area": 0.0225}, "geometry": {"type": "Polygon", "coordinates": [[[-57.799999999999955, -20.399999999999977], [-57.64999999999998, -20.399999999999977], [-57.64999999999998, -20.549999999999955], [-57.799999999999955, -20.549999999999955], [-57.799999999999955, -20.399999999999977]]]}}, {"type": "Feature", "properties": {"No_de_Poco": 0, "Shape_Leng": 0.6, "Shape_Area": 0.0225}, "geometry": {"type": "Polygon", "coordinates": [[[-57.799999999999955, -20.249999999999943], [-57.64999999999998, -20.249999999999943], [-57.64999999999998, -20.399999999999977], [-57.799999999999955, -20.399999999999977], [-57.799999999999955, -20.249999999999943]]]}}, {"type": "Feature", "properties": {"No_de_Poco": 0, "Shape_Leng": 0.6, "Shape_Area": 0.0225}, "geometry": {"type": "Polygon", "coordinates": [[[-57.799999999999955, -20.099999999999966], [-57.64999999999998, -20.099999999999966], [-57.64999999999998, -20.249999999999943], [-57.799999999999955, -20.249999999999943], [-57.799999999999955, -20.099999999999966]]]}}, {"type": "Feature", "properties": {"No_de_Poco": 0, "Shape_Leng": 0.6, "Shape_Area": 0.0225}, "geometry": {"type": "Polygon", "coordinates": [[[-57.799999999999955, -19.949999999999932], [-57.64999999999998, -19.949999999999932], [-57.64999999999998, -20.099999999999966], [-57.799999999999955, -20.099999999999966], [-57.799999999999955, -19.949999999999932]]]}}, {"type": "Feature", "properties": {"No_de_Poco": 0, "Shape_Leng": 0.6, "Shape_Area": 0.0225}, "geometry": {"type": "Polygon", "coordinates": [[[-57.799999999999955, -19.799999999999955], [-57.64999999999998, -19.799999999999955], [-57.64999999999998, -19.949999999999932], [-57.799999999999955, -19.949999999999932], [-57.799999999999955, -19.799999999999955]]]}}, {"type": "Feature", "properties": {"No_de_Poco": 0, "Shape_Leng": 0.6, "Shape_Area": 0.0225}, "geometry": {"type": "Polygon", "coordinates": [[[-57.94999999999993, -22.049999999999955], [-57.799999999999955, -22.049999999999955], [-57.799999999999955, -22.199999999999932], [-57.94999999999993, -22.199999999999932], [-57.94999999999993, -22.049999999999955]]]}}, {"type": "Feature", "properties": {"No_de_Poco": 0, "Shape_Leng": 0.6, "Shape_Area": 0.0225}, "geometry": {"type": "Polygon", "coordinates": [[[-57.94999999999993, -21.899999999999977], [-57.799999999999955, -21.899999999999977], [-57.799999999999955, -22.049999999999955], [-57.94999999999993, -22.049999999999955], [-57.94999999999993, -21.899999999999977]]]}}, {"type": "Feature", "properties": {"No_de_Poco": 0, "Shape_Leng": 0.6, "Shape_Area": 0.0225}, "geometry": {"type": "Polygon", "coordinates": [[[-57.94999999999993, -21.749999999999943], [-57.799999999999955, -21.749999999999943], [-57.799999999999955, -21.899999999999977], [-57.94999999999993, -21.899999999999977], [-57.94999999999993, -21.749999999999943]]]}}, {"type": "Feature", "properties": {"No_de_Poco": 0, "Shape_Leng": 0.6, "Shape_Area": 0.0225}, "geometry": {"type": "Polygon", "coordinates": [[[-57.94999999999993, -21.599999999999966], [-57.799999999999955, -21.599999999999966], [-57.799999999999955, -21.749999999999943], [-57.94999999999993, -21.749999999999943], [-57.94999999999993, -21.599999999999966]]]}}, {"type": "Feature", "properties": {"No_de_Poco": 0, "Shape_Leng": 0.6, "Shape_Area": 0.0225}, "geometry": {"type": "Polygon", "coordinates": [[[-57.94999999999993, -21.449999999999932], [-57.799999999999955, -21.449999999999932], [-57.799999999999955, -21.599999999999966], [-57.94999999999993, -21.599999999999966], [-57.94999999999993, -21.449999999999932]]]}}, {"type": "Feature", "properties": {"No_de_Poco": 0, "Shape_Leng": 0.6, "Shape_Area": 0.0225}, "geometry": {"type": "Polygon", "coordinates": [[[-57.94999999999993, -21.299999999999955], [-57.799999999999955, -21.299999999999955], [-57.799999999999955, -21.449999999999932], [-57.94999999999993, -21.449999999999932], [-57.94999999999993, -21.299999999999955]]]}}, {"type": "Feature", "properties": {"No_de_Poco": 0, "Shape_Leng": 0.6, "Shape_Area": 0.0225}, "geometry": {"type": "Polygon", "coordinates": [[[-57.94999999999993, -21.149999999999977], [-57.799999999999955, -21.149999999999977], [-57.799999999999955, -21.299999999999955], [-57.94999999999993, -21.299999999999955], [-57.94999999999993, -21.149999999999977]]]}}, {"type": "Feature", "properties": {"No_de_Poco": 0, "Shape_Leng": 0.6, "Shape_Area": 0.0225}, "geometry": {"type": "Polygon", "coordinates": [[[-57.94999999999993, -20.999999999999943], [-57.799999999999955, -20.999999999999943], [-57.799999999999955, -21.149999999999977], [-57.94999999999993, -21.149999999999977], [-57.94999999999993, -20.999999999999943]]]}}, {"type": "Feature", "properties": {"No_de_Poco": 0, "Shape_Leng": 0.6, "Shape_Area": 0.0225}, "geometry": {"type": "Polygon", "coordinates": [[[-57.94999999999993, -20.849999999999966], [-57.799999999999955, -20.849999999999966], [-57.799999999999955, -20.999999999999943], [-57.94999999999993, -20.999999999999943], [-57.94999999999993, -20.849999999999966]]]}}, {"type": "Feature", "properties": {"No_de_Poco": 0, "Shape_Leng": 0.6, "Shape_Area": 0.0225}, "geometry": {"type": "Polygon", "coordinates": [[[-57.94999999999993, -20.399999999999977], [-57.799999999999955, -20.399999999999977], [-57.799999999999955, -20.549999999999955], [-57.94999999999993, -20.549999999999955], [-57.94999999999993, -20.399999999999977]]]}}, {"type": "Feature", "properties": {"No_de_Poco": 0, "Shape_Leng": 0.6, "Shape_Area": 0.0225}, "geometry": {"type": "Polygon", "coordinates": [[[-57.94999999999993, -20.249999999999943], [-57.799999999999955, -20.249999999999943], [-57.799999999999955, -20.399999999999977], [-57.94999999999993, -20.399999999999977], [-57.94999999999993, -20.249999999999943]]]}}, {"type": "Feature", "properties": {"No_de_Poco": 0, "Shape_Leng": 0.6, "Shape_Area": 0.0225}, "geometry": {"type": "Polygon", "coordinates": [[[-57.94999999999993, -20.099999999999966], [-57.799999999999955, -20.099999999999966], [-57.799999999999955, -20.249999999999943], [-57.94999999999993, -20.249999999999943], [-57.94999999999993, -20.099999999999966]]]}}, {"type": "Feature", "properties": {"No_de_Poco": 0, "Shape_Leng": 0.6, "Shape_Area": 0.0225}, "geometry": {"type": "Polygon", "coordinates": [[[-57.94999999999993, -19.949999999999932], [-57.799999999999955, -19.949999999999932], [-57.799999999999955, -20.099999999999966], [-57.94999999999993, -20.099999999999966], [-57.94999999999993, -19.949999999999932]]]}}, {"type": "Feature", "properties": {"No_de_Poco": 0, "Shape_Leng": 0.6, "Shape_Area": 0.0225}, "geometry": {"type": "Polygon", "coordinates": [[[-57.94999999999993, -19.799999999999955], [-57.799999999999955, -19.799999999999955], [-57.799999999999955, -19.949999999999932], [-57.94999999999993, -19.949999999999932], [-57.94999999999993, -19.799999999999955]]]}}, {"type": "Feature", "properties": {"No_de_Poco": 0, "Shape_Leng": 0.6, "Shape_Area": 0.0225}, "geometry": {"type": "Polygon", "coordinates": [[[-58.099999999999966, -22.049999999999955], [-57.94999999999993, -22.049999999999955], [-57.94999999999993, -22.199999999999932], [-58.099999999999966, -22.199999999999932], [-58.099999999999966, -22.049999999999955]]]}}, {"type": "Feature", "properties": {"No_de_Poco": 0, "Shape_Leng": 0.6, "Shape_Area": 0.0225}, "geometry": {"type": "Polygon", "coordinates": [[[-58.099999999999966, -21.899999999999977], [-57.94999999999993, -21.899999999999977], [-57.94999999999993, -22.049999999999955], [-58.099999999999966, -22.049999999999955], [-58.099999999999966, -21.899999999999977]]]}}, {"type": "Feature", "properties": {"No_de_Poco": 0, "Shape_Leng": 0.6, "Shape_Area": 0.0225}, "geometry": {"type": "Polygon", "coordinates": [[[-58.099999999999966, -21.749999999999943], [-57.94999999999993, -21.749999999999943], [-57.94999999999993, -21.899999999999977], [-58.099999999999966, -21.899999999999977], [-58.099999999999966, -21.749999999999943]]]}}, {"type": "Feature", "properties": {"No_de_Poco": 0, "Shape_Leng": 0.6, "Shape_Area": 0.0225}, "geometry": {"type": "Polygon", "coordinates": [[[-58.099999999999966, -21.449999999999932], [-57.94999999999993, -21.449999999999932], [-57.94999999999993, -21.599999999999966], [-58.099999999999966, -21.599999999999966], [-58.099999999999966, -21.449999999999932]]]}}, {"type": "Feature", "properties": {"No_de_Poco": 0, "Shape_Leng": 0.6, "Shape_Area": 0.0225}, "geometry": {"type": "Polygon", "coordinates": [[[-58.099999999999966, -20.549999999999955], [-57.94999999999993, -20.549999999999955], [-57.94999999999993, -20.699999999999932], [-58.099999999999966, -20.699999999999932], [-58.099999999999966, -20.549999999999955]]]}}, {"type": "Feature", "properties": {"No_de_Poco": 0, "Shape_Leng": 0.6, "Shape_Area": 0.0225}, "geometry": {"type": "Polygon", "coordinates": [[[-58.099999999999966, -20.399999999999977], [-57.94999999999993, -20.399999999999977], [-57.94999999999993, -20.549999999999955], [-58.099999999999966, -20.549999999999955], [-58.099999999999966, -20.399999999999977]]]}}, {"type": "Feature", "properties": {"No_de_Poco": 0, "Shape_Leng": 0.6, "Shape_Area": 0.0225}, "geometry": {"type": "Polygon", "coordinates": [[[-58.099999999999966, -20.249999999999943], [-57.94999999999993, -20.249999999999943], [-57.94999999999993, -20.399999999999977], [-58.099999999999966, -20.399999999999977], [-58.099999999999966, -20.249999999999943]]]}}, {"type": "Feature", "properties": {"No_de_Poco": 0, "Shape_Leng": 0.6, "Shape_Area": 0.0225}, "geometry": {"type": "Polygon", "coordinates": [[[-58.099999999999966, -20.099999999999966], [-57.94999999999993, -20.099999999999966], [-57.94999999999993, -20.249999999999943], [-58.099999999999966, -20.249999999999943], [-58.099999999999966, -20.099999999999966]]]}}, {"type": "Feature", "properties": {"No_de_Poco": 0, "Shape_Leng": 0.6, "Shape_Area": 0.0225}, "geometry": {"type": "Polygon", "coordinates": [[[-58.099999999999966, -19.949999999999932], [-57.94999999999993, -19.949999999999932], [-57.94999999999993, -20.099999999999966], [-58.099999999999966, -20.099999999999966], [-58.099999999999966, -19.949999999999932]]]}}, {"type": "Feature", "properties": {"No_de_Poco": 0, "Shape_Leng": 0.6, "Shape_Area": 0.0225}, "geometry": {"type": "Polygon", "coordinates": [[[-58.099999999999966, -19.799999999999955], [-57.94999999999993, -19.799999999999955], [-57.94999999999993, -19.949999999999932], [-58.099999999999966, -19.949999999999932], [-58.099999999999966, -19.799999999999955]]]}}, {"type": "Feature", "properties": {"No_de_Poco": 0, "Shape_Leng": 0.6, "Shape_Area": 0.0225}, "geometry": {"type": "Polygon", "coordinates": [[[-58.24999999999994, -20.249999999999943], [-58.099999999999966, -20.249999999999943], [-58.099999999999966, -20.399999999999977], [-58.24999999999994, -20.399999999999977], [-58.24999999999994, -20.249999999999943]]]}}, {"type": "Feature", "properties": {"No_de_Poco": 0, "Shape_Leng": 0.6, "Shape_Area": 0.0225}, "geometry": {"type": "Polygon", "coordinates": [[[-58.24999999999994, -20.099999999999966], [-58.099999999999966, -20.099999999999966], [-58.099999999999966, -20.249999999999943], [-58.24999999999994, -20.249999999999943], [-58.24999999999994, -20.099999999999966]]]}}, {"type": "Feature", "properties": {"No_de_Poco": 0, "Shape_Leng": 0.6, "Shape_Area": 0.0225}, "geometry": {"type": "Polygon", "coordinates": [[[-51.049999999999955, -19.649999999999977], [-50.89999999999998, -19.649999999999977], [-50.89999999999998, -19.799999999999955], [-51.049999999999955, -19.799999999999955], [-51.049999999999955, -19.649999999999977]]]}}, {"type": "Feature", "properties": {"No_de_Poco": 0, "Shape_Leng": 0.6, "Shape_Area": 0.0225}, "geometry": {"type": "Polygon", "coordinates": [[[-51.049999999999955, -19.499999999999943], [-50.89999999999998, -19.499999999999943], [-50.89999999999998, -19.649999999999977], [-51.049999999999955, -19.649999999999977], [-51.049999999999955, -19.499999999999943]]]}}, {"type": "Feature", "properties": {"No_de_Poco": 0, "Shape_Leng": 0.6, "Shape_Area": 0.0225}, "geometry": {"type": "Polygon", "coordinates": [[[-51.049999999999955, -19.349999999999966], [-50.89999999999998, -19.349999999999966], [-50.89999999999998, -19.499999999999943], [-51.049999999999955, -19.499999999999943], [-51.049999999999955, -19.349999999999966]]]}}, {"type": "Feature", "properties": {"No_de_Poco": 0, "Shape_Leng": 0.6, "Shape_Area": 0.0225}, "geometry": {"type": "Polygon", "coordinates": [[[-51.049999999999955, -19.199999999999932], [-50.89999999999998, -19.199999999999932], [-50.89999999999998, -19.349999999999966], [-51.049999999999955, -19.349999999999966], [-51.049999999999955, -19.199999999999932]]]}}, {"type": "Feature", "properties": {"No_de_Poco": 10, "Shape_Leng": 0.6, "Shape_Area": 0.0225}, "geometry": {"type": "Polygon", "coordinates": [[[-51.19999999999993, -19.649999999999977], [-51.049999999999955, -19.649999999999977], [-51.049999999999955, -19.799999999999955], [-51.19999999999993, -19.799999999999955], [-51.19999999999993, -19.649999999999977]]]}}, {"type": "Feature", "properties": {"No_de_Poco": 0, "Shape_Leng": 0.6, "Shape_Area": 0.0225}, "geometry": {"type": "Polygon", "coordinates": [[[-51.19999999999993, -19.499999999999943], [-51.049999999999955, -19.499999999999943], [-51.049999999999955, -19.649999999999977], [-51.19999999999993, -19.649999999999977], [-51.19999999999993, -19.499999999999943]]]}}, {"type": "Feature", "properties": {"No_de_Poco": 0, "Shape_Leng": 0.6, "Shape_Area": 0.0225}, "geometry": {"type": "Polygon", "coordinates": [[[-51.19999999999993, -19.349999999999966], [-51.049999999999955, -19.349999999999966], [-51.049999999999955, -19.499999999999943], [-51.19999999999993, -19.499999999999943], [-51.19999999999993, -19.349999999999966]]]}}, {"type": "Feature", "properties": {"No_de_Poco": 0, "Shape_Leng": 0.6, "Shape_Area": 0.0225}, "geometry": {"type": "Polygon", "coordinates": [[[-51.19999999999993, -19.199999999999932], [-51.049999999999955, -19.199999999999932], [-51.049999999999955, -19.349999999999966], [-51.19999999999993, -19.349999999999966], [-51.19999999999993, -19.199999999999932]]]}}, {"type": "Feature", "properties": {"No_de_Poco": 0, "Shape_Leng": 0.6, "Shape_Area": 0.0225}, "geometry": {"type": "Polygon", "coordinates": [[[-51.349999999999966, -19.649999999999977], [-51.19999999999993, -19.649999999999977], [-51.19999999999993, -19.799999999999955], [-51.349999999999966, -19.799999999999955], [-51.349999999999966, -19.649999999999977]]]}}, {"type": "Feature", "properties": {"No_de_Poco": 0, "Shape_Leng": 0.6, "Shape_Area": 0.0225}, "geometry": {"type": "Polygon", "coordinates": [[[-51.349999999999966, -19.499999999999943], [-51.19999999999993, -19.499999999999943], [-51.19999999999993, -19.649999999999977], [-51.349999999999966, -19.649999999999977], [-51.349999999999966, -19.499999999999943]]]}}, {"type": "Feature", "properties": {"No_de_Poco": 0, "Shape_Leng": 0.6, "Shape_Area": 0.0225}, "geometry": {"type": "Polygon", "coordinates": [[[-51.349999999999966, -19.349999999999966], [-51.19999999999993, -19.349999999999966], [-51.19999999999993, -19.499999999999943], [-51.349999999999966, -19.499999999999943], [-51.349999999999966, -19.349999999999966]]]}}, {"type": "Feature", "properties": {"No_de_Poco": 0, "Shape_Leng": 0.6, "Shape_Area": 0.0225}, "geometry": {"type": "Polygon", "coordinates": [[[-51.349999999999966, -19.199999999999932], [-51.19999999999993, -19.199999999999932], [-51.19999999999993, -19.349999999999966], [-51.349999999999966, -19.349999999999966], [-51.349999999999966, -19.199999999999932]]]}}, {"type": "Feature", "properties": {"No_de_Poco": 0, "Shape_Leng": 0.6, "Shape_Area": 0.0225}, "geometry": {"type": "Polygon", "coordinates": [[[-51.49999999999994, -19.649999999999977], [-51.349999999999966, -19.649999999999977], [-51.349999999999966, -19.799999999999955], [-51.49999999999994, -19.799999999999955], [-51.49999999999994, -19.649999999999977]]]}}, {"type": "Feature", "properties": {"No_de_Poco": 0, "Shape_Leng": 0.6, "Shape_Area": 0.0225}, "geometry": {"type": "Polygon", "coordinates": [[[-51.49999999999994, -19.499999999999943], [-51.349999999999966, -19.499999999999943], [-51.349999999999966, -19.649999999999977], [-51.49999999999994, -19.649999999999977], [-51.49999999999994, -19.499999999999943]]]}}, {"type": "Feature", "properties": {"No_de_Poco": 0, "Shape_Leng": 0.6, "Shape_Area": 0.0225}, "geometry": {"type": "Polygon", "coordinates": [[[-51.49999999999994, -19.349999999999966], [-51.349999999999966, -19.349999999999966], [-51.349999999999966, -19.499999999999943], [-51.49999999999994, -19.499999999999943], [-51.49999999999994, -19.349999999999966]]]}}, {"type": "Feature", "properties": {"No_de_Poco": 0, "Shape_Leng": 0.6, "Shape_Area": 0.0225}, "geometry": {"type": "Polygon", "coordinates": [[[-51.49999999999994, -19.199999999999932], [-51.349999999999966, -19.199999999999932], [-51.349999999999966, -19.349999999999966], [-51.49999999999994, -19.349999999999966], [-51.49999999999994, -19.199999999999932]]]}}, {"type": "Feature", "properties": {"No_de_Poco": 3, "Shape_Leng": 0.6, "Shape_Area": 0.0225}, "geometry": {"type": "Polygon", "coordinates": [[[-51.49999999999994, -19.049999999999955], [-51.349999999999966, -19.049999999999955], [-51.349999999999966, -19.199999999999932], [-51.49999999999994, -19.199999999999932], [-51.49999999999994, -19.049999999999955]]]}}, {"type": "Feature", "properties": {"No_de_Poco": 0, "Shape_Leng": 0.6, "Shape_Area": 0.0225}, "geometry": {"type": "Polygon", "coordinates": [[[-51.64999999999998, -19.649999999999977], [-51.49999999999994, -19.649999999999977], [-51.49999999999994, -19.799999999999955], [-51.64999999999998, -19.799999999999955], [-51.64999999999998, -19.649999999999977]]]}}, {"type": "Feature", "properties": {"No_de_Poco": 0, "Shape_Leng": 0.6, "Shape_Area": 0.0225}, "geometry": {"type": "Polygon", "coordinates": [[[-51.64999999999998, -19.499999999999943], [-51.49999999999994, -19.499999999999943], [-51.49999999999994, -19.649999999999977], [-51.64999999999998, -19.649999999999977], [-51.64999999999998, -19.499999999999943]]]}}, {"type": "Feature", "properties": {"No_de_Poco": 0, "Shape_Leng": 0.6, "Shape_Area": 0.0225}, "geometry": {"type": "Polygon", "coordinates": [[[-51.64999999999998, -19.349999999999966], [-51.49999999999994, -19.349999999999966], [-51.49999999999994, -19.499999999999943], [-51.64999999999998, -19.499999999999943], [-51.64999999999998, -19.349999999999966]]]}}, {"type": "Feature", "properties": {"No_de_Poco": 0, "Shape_Leng": 0.6, "Shape_Area": 0.0225}, "geometry": {"type": "Polygon", "coordinates": [[[-51.64999999999998, -19.199999999999932], [-51.49999999999994, -19.199999999999932], [-51.49999999999994, -19.349999999999966], [-51.64999999999998, -19.349999999999966], [-51.64999999999998, -19.199999999999932]]]}}, {"type": "Feature", "properties": {"No_de_Poco": 0, "Shape_Leng": 0.6, "Shape_Area": 0.0225}, "geometry": {"type": "Polygon", "coordinates": [[[-51.64999999999998, -19.049999999999955], [-51.49999999999994, -19.049999999999955], [-51.49999999999994, -19.199999999999932], [-51.64999999999998, -19.199999999999932], [-51.64999999999998, -19.049999999999955]]]}}, {"type": "Feature", "properties": {"No_de_Poco": 0, "Shape_Leng": 0.6, "Shape_Area": 0.0225}, "geometry": {"type": "Polygon", "coordinates": [[[-51.799999999999955, -19.649999999999977], [-51.64999999999998, -19.649999999999977], [-51.64999999999998, -19.799999999999955], [-51.799999999999955, -19.799999999999955], [-51.799999999999955, -19.649999999999977]]]}}, {"type": "Feature", "properties": {"No_de_Poco": 0, "Shape_Leng": 0.6, "Shape_Area": 0.0225}, "geometry": {"type": "Polygon", "coordinates": [[[-51.799999999999955, -19.499999999999943], [-51.64999999999998, -19.499999999999943], [-51.64999999999998, -19.649999999999977], [-51.799999999999955, -19.649999999999977], [-51.799999999999955, -19.499999999999943]]]}}, {"type": "Feature", "properties": {"No_de_Poco": 1, "Shape_Leng": 0.6, "Shape_Area": 0.0225}, "geometry": {"type": "Polygon", "coordinates": [[[-51.799999999999955, -19.349999999999966], [-51.64999999999998, -19.349999999999966], [-51.64999999999998, -19.499999999999943], [-51.799999999999955, -19.499999999999943], [-51.799999999999955, -19.349999999999966]]]}}, {"type": "Feature", "properties": {"No_de_Poco": 1, "Shape_Leng": 0.6, "Shape_Area": 0.0225}, "geometry": {"type": "Polygon", "coordinates": [[[-51.799999999999955, -19.199999999999932], [-51.64999999999998, -19.199999999999932], [-51.64999999999998, -19.349999999999966], [-51.799999999999955, -19.349999999999966], [-51.799999999999955, -19.199999999999932]]]}}, {"type": "Feature", "properties": {"No_de_Poco": 5, "Shape_Leng": 0.6, "Shape_Area": 0.0225}, "geometry": {"type": "Polygon", "coordinates": [[[-51.799999999999955, -19.049999999999955], [-51.64999999999998, -19.049999999999955], [-51.64999999999998, -19.199999999999932], [-51.799999999999955, -19.199999999999932], [-51.799999999999955, -19.049999999999955]]]}}, {"type": "Feature", "properties": {"No_de_Poco": 14, "Shape_Leng": 0.6, "Shape_Area": 0.0225}, "geometry": {"type": "Polygon", "coordinates": [[[-51.94999999999993, -19.649999999999977], [-51.799999999999955, -19.649999999999977], [-51.799999999999955, -19.799999999999955], [-51.94999999999993, -19.799999999999955], [-51.94999999999993, -19.649999999999977]]]}}, {"type": "Feature", "properties": {"No_de_Poco": 0, "Shape_Leng": 0.6, "Shape_Area": 0.0225}, "geometry": {"type": "Polygon", "coordinates": [[[-51.94999999999993, -19.499999999999943], [-51.799999999999955, -19.499999999999943], [-51.799999999999955, -19.649999999999977], [-51.94999999999993, -19.649999999999977], [-51.94999999999993, -19.499999999999943]]]}}, {"type": "Feature", "properties": {"No_de_Poco": 0, "Shape_Leng": 0.6, "Shape_Area": 0.0225}, "geometry": {"type": "Polygon", "coordinates": [[[-51.94999999999993, -19.349999999999966], [-51.799999999999955, -19.349999999999966], [-51.799999999999955, -19.499999999999943], [-51.94999999999993, -19.499999999999943], [-51.94999999999993, -19.349999999999966]]]}}, {"type": "Feature", "properties": {"No_de_Poco": 0, "Shape_Leng": 0.6, "Shape_Area": 0.0225}, "geometry": {"type": "Polygon", "coordinates": [[[-51.94999999999993, -19.199999999999932], [-51.799999999999955, -19.199999999999932], [-51.799999999999955, -19.349999999999966], [-51.94999999999993, -19.349999999999966], [-51.94999999999993, -19.199999999999932]]]}}, {"type": "Feature", "properties": {"No_de_Poco": 1, "Shape_Leng": 0.6, "Shape_Area": 0.0225}, "geometry": {"type": "Polygon", "coordinates": [[[-51.94999999999993, -19.049999999999955], [-51.799999999999955, -19.049999999999955], [-51.799999999999955, -19.199999999999932], [-51.94999999999993, -19.199999999999932], [-51.94999999999993, -19.049999999999955]]]}}, {"type": "Feature", "properties": {"No_de_Poco": 0, "Shape_Leng": 0.6, "Shape_Area": 0.0225}, "geometry": {"type": "Polygon", "coordinates": [[[-51.94999999999993, -18.899999999999977], [-51.799999999999955, -18.899999999999977], [-51.799999999999955, -19.049999999999955], [-51.94999999999993, -19.049999999999955], [-51.94999999999993, -18.899999999999977]]]}}, {"type": "Feature", "properties": {"No_de_Poco": 0, "Shape_Leng": 0.6, "Shape_Area": 0.0225}, "geometry": {"type": "Polygon", "coordinates": [[[-52.099999999999966, -19.649999999999977], [-51.94999999999993, -19.649999999999977], [-51.94999999999993, -19.799999999999955], [-52.099999999999966, -19.799999999999955], [-52.099999999999966, -19.649999999999977]]]}}, {"type": "Feature", "properties": {"No_de_Poco": 0, "Shape_Leng": 0.6, "Shape_Area": 0.0225}, "geometry": {"type": "Polygon", "coordinates": [[[-52.099999999999966, -19.499999999999943], [-51.94999999999993, -19.499999999999943], [-51.94999999999993, -19.649999999999977], [-52.099999999999966, -19.649999999999977], [-52.099999999999966, -19.499999999999943]]]}}, {"type": "Feature", "properties": {"No_de_Poco": 0, "Shape_Leng": 0.6, "Shape_Area": 0.0225}, "geometry": {"type": "Polygon", "coordinates": [[[-52.099999999999966, -19.349999999999966], [-51.94999999999993, -19.349999999999966], [-51.94999999999993, -19.499999999999943], [-52.099999999999966, -19.499999999999943], [-52.099999999999966, -19.349999999999966]]]}}, {"type": "Feature", "properties": {"No_de_Poco": 0, "Shape_Leng": 0.6, "Shape_Area": 0.0225}, "geometry": {"type": "Polygon", "coordinates": [[[-52.099999999999966, -19.199999999999932], [-51.94999999999993, -19.199999999999932], [-51.94999999999993, -19.349999999999966], [-52.099999999999966, -19.349999999999966], [-52.099999999999966, -19.199999999999932]]]}}, {"type": "Feature", "properties": {"No_de_Poco": 0, "Shape_Leng": 0.6, "Shape_Area": 0.0225}, "geometry": {"type": "Polygon", "coordinates": [[[-52.099999999999966, -19.049999999999955], [-51.94999999999993, -19.049999999999955], [-51.94999999999993, -19.199999999999932], [-52.099999999999966, -19.199999999999932], [-52.099999999999966, -19.049999999999955]]]}}, {"type": "Feature", "properties": {"No_de_Poco": 0, "Shape_Leng": 0.6, "Shape_Area": 0.0225}, "geometry": {"type": "Polygon", "coordinates": [[[-52.099999999999966, -18.899999999999977], [-51.94999999999993, -18.899999999999977], [-51.94999999999993, -19.049999999999955], [-52.099999999999966, -19.049999999999955], [-52.099999999999966, -18.899999999999977]]]}}, {"type": "Feature", "properties": {"No_de_Poco": 0, "Shape_Leng": 0.6, "Shape_Area": 0.0225}, "geometry": {"type": "Polygon", "coordinates": [[[-52.24999999999994, -19.649999999999977], [-52.099999999999966, -19.649999999999977], [-52.099999999999966, -19.799999999999955], [-52.24999999999994, -19.799999999999955], [-52.24999999999994, -19.649999999999977]]]}}, {"type": "Feature", "properties": {"No_de_Poco": 0, "Shape_Leng": 0.6, "Shape_Area": 0.0225}, "geometry": {"type": "Polygon", "coordinates": [[[-52.24999999999994, -19.499999999999943], [-52.099999999999966, -19.499999999999943], [-52.099999999999966, -19.649999999999977], [-52.24999999999994, -19.649999999999977], [-52.24999999999994, -19.499999999999943]]]}}, {"type": "Feature", "properties": {"No_de_Poco": 0, "Shape_Leng": 0.6, "Shape_Area": 0.0225}, "geometry": {"type": "Polygon", "coordinates": [[[-52.24999999999994, -19.349999999999966], [-52.099999999999966, -19.349999999999966], [-52.099999999999966, -19.499999999999943], [-52.24999999999994, -19.499999999999943], [-52.24999999999994, -19.349999999999966]]]}}, {"type": "Feature", "properties": {"No_de_Poco": 0, "Shape_Leng": 0.6, "Shape_Area": 0.0225}, "geometry": {"type": "Polygon", "coordinates": [[[-52.24999999999994, -19.199999999999932], [-52.099999999999966, -19.199999999999932], [-52.099999999999966, -19.349999999999966], [-52.24999999999994, -19.349999999999966], [-52.24999999999994, -19.199999999999932]]]}}, {"type": "Feature", "properties": {"No_de_Poco": 0, "Shape_Leng": 0.6, "Shape_Area": 0.0225}, "geometry": {"type": "Polygon", "coordinates": [[[-52.24999999999994, -19.049999999999955], [-52.099999999999966, -19.049999999999955], [-52.099999999999966, -19.199999999999932], [-52.24999999999994, -19.199999999999932], [-52.24999999999994, -19.049999999999955]]]}}, {"type": "Feature", "properties": {"No_de_Poco": 0, "Shape_Leng": 0.6, "Shape_Area": 0.0225}, "geometry": {"type": "Polygon", "coordinates": [[[-52.24999999999994, -18.899999999999977], [-52.099999999999966, -18.899999999999977], [-52.099999999999966, -19.049999999999955], [-52.24999999999994, -19.049999999999955], [-52.24999999999994, -18.899999999999977]]]}}, {"type": "Feature", "properties": {"No_de_Poco": 0, "Shape_Leng": 0.6, "Shape_Area": 0.0225}, "geometry": {"type": "Polygon", "coordinates": [[[-52.24999999999994, -18.749999999999943], [-52.099999999999966, -18.749999999999943], [-52.099999999999966, -18.899999999999977], [-52.24999999999994, -18.899999999999977], [-52.24999999999994, -18.749999999999943]]]}}, {"type": "Feature", "properties": {"No_de_Poco": 0, "Shape_Leng": 0.6, "Shape_Area": 0.0225}, "geometry": {"type": "Polygon", "coordinates": [[[-52.39999999999998, -19.649999999999977], [-52.24999999999994, -19.649999999999977], [-52.24999999999994, -19.799999999999955], [-52.39999999999998, -19.799999999999955], [-52.39999999999998, -19.649999999999977]]]}}, {"type": "Feature", "properties": {"No_de_Poco": 0, "Shape_Leng": 0.6, "Shape_Area": 0.0225}, "geometry": {"type": "Polygon", "coordinates": [[[-52.39999999999998, -19.499999999999943], [-52.24999999999994, -19.499999999999943], [-52.24999999999994, -19.649999999999977], [-52.39999999999998, -19.649999999999977], [-52.39999999999998, -19.499999999999943]]]}}, {"type": "Feature", "properties": {"No_de_Poco": 0, "Shape_Leng": 0.6, "Shape_Area": 0.0225}, "geometry": {"type": "Polygon", "coordinates": [[[-52.39999999999998, -19.349999999999966], [-52.24999999999994, -19.349999999999966], [-52.24999999999994, -19.499999999999943], [-52.39999999999998, -19.499999999999943], [-52.39999999999998, -19.349999999999966]]]}}, {"type": "Feature", "properties": {"No_de_Poco": 0, "Shape_Leng": 0.6, "Shape_Area": 0.0225}, "geometry": {"type": "Polygon", "coordinates": [[[-52.39999999999998, -19.199999999999932], [-52.24999999999994, -19.199999999999932], [-52.24999999999994, -19.349999999999966], [-52.39999999999998, -19.349999999999966], [-52.39999999999998, -19.199999999999932]]]}}, {"type": "Feature", "properties": {"No_de_Poco": 0, "Shape_Leng": 0.6, "Shape_Area": 0.0225}, "geometry": {"type": "Polygon", "coordinates": [[[-52.39999999999998, -19.049999999999955], [-52.24999999999994, -19.049999999999955], [-52.24999999999994, -19.199999999999932], [-52.39999999999998, -19.199999999999932], [-52.39999999999998, -19.049999999999955]]]}}, {"type": "Feature", "properties": {"No_de_Poco": 1, "Shape_Leng": 0.6, "Shape_Area": 0.0225}, "geometry": {"type": "Polygon", "coordinates": [[[-52.39999999999998, -18.899999999999977], [-52.24999999999994, -18.899999999999977], [-52.24999999999994, -19.049999999999955], [-52.39999999999998, -19.049999999999955], [-52.39999999999998, -18.899999999999977]]]}}, {"type": "Feature", "properties": {"No_de_Poco": 0, "Shape_Leng": 0.6, "Shape_Area": 0.0225}, "geometry": {"type": "Polygon", "coordinates": [[[-52.39999999999998, -18.749999999999943], [-52.24999999999994, -18.749999999999943], [-52.24999999999994, -18.899999999999977], [-52.39999999999998, -18.899999999999977], [-52.39999999999998, -18.749999999999943]]]}}, {"type": "Feature", "properties": {"No_de_Poco": 0, "Shape_Leng": 0.6, "Shape_Area": 0.0225}, "geometry": {"type": "Polygon", "coordinates": [[[-52.549999999999955, -19.649999999999977], [-52.39999999999998, -19.649999999999977], [-52.39999999999998, -19.799999999999955], [-52.549999999999955, -19.799999999999955], [-52.549999999999955, -19.649999999999977]]]}}, {"type": "Feature", "properties": {"No_de_Poco": 0, "Shape_Leng": 0.6, "Shape_Area": 0.0225}, "geometry": {"type": "Polygon", "coordinates": [[[-52.549999999999955, -19.499999999999943], [-52.39999999999998, -19.499999999999943], [-52.39999999999998, -19.649999999999977], [-52.549999999999955, -19.649999999999977], [-52.549999999999955, -19.499999999999943]]]}}, {"type": "Feature", "properties": {"No_de_Poco": 1, "Shape_Leng": 0.6, "Shape_Area": 0.0225}, "geometry": {"type": "Polygon", "coordinates": [[[-52.549999999999955, -19.349999999999966], [-52.39999999999998, -19.349999999999966], [-52.39999999999998, -19.499999999999943], [-52.549999999999955, -19.499999999999943], [-52.549999999999955, -19.349999999999966]]]}}, {"type": "Feature", "properties": {"No_de_Poco": 0, "Shape_Leng": 0.6, "Shape_Area": 0.0225}, "geometry": {"type": "Polygon", "coordinates": [[[-52.549999999999955, -19.199999999999932], [-52.39999999999998, -19.199999999999932], [-52.39999999999998, -19.349999999999966], [-52.549999999999955, -19.349999999999966], [-52.549999999999955, -19.199999999999932]]]}}, {"type": "Feature", "properties": {"No_de_Poco": 0, "Shape_Leng": 0.6, "Shape_Area": 0.0225}, "geometry": {"type": "Polygon", "coordinates": [[[-52.549999999999955, -19.049999999999955], [-52.39999999999998, -19.049999999999955], [-52.39999999999998, -19.199999999999932], [-52.549999999999955, -19.199999999999932], [-52.549999999999955, -19.049999999999955]]]}}, {"type": "Feature", "properties": {"No_de_Poco": 0, "Shape_Leng": 0.6, "Shape_Area": 0.0225}, "geometry": {"type": "Polygon", "coordinates": [[[-52.549999999999955, -18.899999999999977], [-52.39999999999998, -18.899999999999977], [-52.39999999999998, -19.049999999999955], [-52.549999999999955, -19.049999999999955], [-52.549999999999955, -18.899999999999977]]]}}, {"type": "Feature", "properties": {"No_de_Poco": 1, "Shape_Leng": 0.6, "Shape_Area": 0.0225}, "geometry": {"type": "Polygon", "coordinates": [[[-52.549999999999955, -18.749999999999943], [-52.39999999999998, -18.749999999999943], [-52.39999999999998, -18.899999999999977], [-52.549999999999955, -18.899999999999977], [-52.549999999999955, -18.749999999999943]]]}}, {"type": "Feature", "properties": {"No_de_Poco": 1, "Shape_Leng": 0.6, "Shape_Area": 0.0225}, "geometry": {"type": "Polygon", "coordinates": [[[-52.549999999999955, -18.599999999999966], [-52.39999999999998, -18.599999999999966], [-52.39999999999998, -18.749999999999943], [-52.549999999999955, -18.749999999999943], [-52.549999999999955, -18.599999999999966]]]}}, {"type": "Feature", "properties": {"No_de_Poco": 0, "Shape_Leng": 0.6, "Shape_Area": 0.0225}, "geometry": {"type": "Polygon", "coordinates": [[[-52.69999999999993, -19.649999999999977], [-52.549999999999955, -19.649999999999977], [-52.549999999999955, -19.799999999999955], [-52.69999999999993, -19.799999999999955], [-52.69999999999993, -19.649999999999977]]]}}, {"type": "Feature", "properties": {"No_de_Poco": 0, "Shape_Leng": 0.6, "Shape_Area": 0.0225}, "geometry": {"type": "Polygon", "coordinates": [[[-52.69999999999993, -19.499999999999943], [-52.549999999999955, -19.499999999999943], [-52.549999999999955, -19.649999999999977], [-52.69999999999993, -19.649999999999977], [-52.69999999999993, -19.499999999999943]]]}}, {"type": "Feature", "properties": {"No_de_Poco": 0, "Shape_Leng": 0.6, "Shape_Area": 0.0225}, "geometry": {"type": "Polygon", "coordinates": [[[-52.69999999999993, -19.349999999999966], [-52.549999999999955, -19.349999999999966], [-52.549999999999955, -19.499999999999943], [-52.69999999999993, -19.499999999999943], [-52.69999999999993, -19.349999999999966]]]}}, {"type": "Feature", "properties": {"No_de_Poco": 0, "Shape_Leng": 0.6, "Shape_Area": 0.0225}, "geometry": {"type": "Polygon", "coordinates": [[[-52.69999999999993, -19.199999999999932], [-52.549999999999955, -19.199999999999932], [-52.549999999999955, -19.349999999999966], [-52.69999999999993, -19.349999999999966], [-52.69999999999993, -19.199999999999932]]]}}, {"type": "Feature", "properties": {"No_de_Poco": 1, "Shape_Leng": 0.6, "Shape_Area": 0.0225}, "geometry": {"type": "Polygon", "coordinates": [[[-52.69999999999993, -19.049999999999955], [-52.549999999999955, -19.049999999999955], [-52.549999999999955, -19.199999999999932], [-52.69999999999993, -19.199999999999932], [-52.69999999999993, -19.049999999999955]]]}}, {"type": "Feature", "properties": {"No_de_Poco": 1, "Shape_Leng": 0.6, "Shape_Area": 0.0225}, "geometry": {"type": "Polygon", "coordinates": [[[-52.69999999999993, -18.899999999999977], [-52.549999999999955, -18.899999999999977], [-52.549999999999955, -19.049999999999955], [-52.69999999999993, -19.049999999999955], [-52.69999999999993, -18.899999999999977]]]}}, {"type": "Feature", "properties": {"No_de_Poco": 25, "Shape_Leng": 0.6, "Shape_Area": 0.0225}, "geometry": {"type": "Polygon", "coordinates": [[[-52.69999999999993, -18.749999999999943], [-52.549999999999955, -18.749999999999943], [-52.549999999999955, -18.899999999999977], [-52.69999999999993, -18.899999999999977], [-52.69999999999993, -18.749999999999943]]]}}, {"type": "Feature", "properties": {"No_de_Poco": 1, "Shape_Leng": 0.6, "Shape_Area": 0.0225}, "geometry": {"type": "Polygon", "coordinates": [[[-52.69999999999993, -18.599999999999966], [-52.549999999999955, -18.599999999999966], [-52.549999999999955, -18.749999999999943], [-52.69999999999993, -18.749999999999943], [-52.69999999999993, -18.599999999999966]]]}}, {"type": "Feature", "properties": {"No_de_Poco": 0, "Shape_Leng": 0.6, "Shape_Area": 0.0225}, "geometry": {"type": "Polygon", "coordinates": [[[-52.849999999999966, -19.649999999999977], [-52.69999999999993, -19.649999999999977], [-52.69999999999993, -19.799999999999955], [-52.849999999999966, -19.799999999999955], [-52.849999999999966, -19.649999999999977]]]}}, {"type": "Feature", "properties": {"No_de_Poco": 0, "Shape_Leng": 0.6, "Shape_Area": 0.0225}, "geometry": {"type": "Polygon", "coordinates": [[[-52.849999999999966, -19.499999999999943], [-52.69999999999993, -19.499999999999943], [-52.69999999999993, -19.649999999999977], [-52.849999999999966, -19.649999999999977], [-52.849999999999966, -19.499999999999943]]]}}, {"type": "Feature", "properties": {"No_de_Poco": 0, "Shape_Leng": 0.6, "Shape_Area": 0.0225}, "geometry": {"type": "Polygon", "coordinates": [[[-52.849999999999966, -19.349999999999966], [-52.69999999999993, -19.349999999999966], [-52.69999999999993, -19.499999999999943], [-52.849999999999966, -19.499999999999943], [-52.849999999999966, -19.349999999999966]]]}}, {"type": "Feature", "properties": {"No_de_Poco": 0, "Shape_Leng": 0.6, "Shape_Area": 0.0225}, "geometry": {"type": "Polygon", "coordinates": [[[-52.849999999999966, -19.199999999999932], [-52.69999999999993, -19.199999999999932], [-52.69999999999993, -19.349999999999966], [-52.849999999999966, -19.349999999999966], [-52.849999999999966, -19.199999999999932]]]}}, {"type": "Feature", "properties": {"No_de_Poco": 0, "Shape_Leng": 0.6, "Shape_Area": 0.0225}, "geometry": {"type": "Polygon", "coordinates": [[[-52.849999999999966, -19.049999999999955], [-52.69999999999993, -19.049999999999955], [-52.69999999999993, -19.199999999999932], [-52.849999999999966, -19.199999999999932], [-52.849999999999966, -19.049999999999955]]]}}, {"type": "Feature", "properties": {"No_de_Poco": 5, "Shape_Leng": 0.6, "Shape_Area": 0.0225}, "geometry": {"type": "Polygon", "coordinates": [[[-52.849999999999966, -18.899999999999977], [-52.69999999999993, -18.899999999999977], [-52.69999999999993, -19.049999999999955], [-52.849999999999966, -19.049999999999955], [-52.849999999999966, -18.899999999999977]]]}}, {"type": "Feature", "properties": {"No_de_Poco": 0, "Shape_Leng": 0.6, "Shape_Area": 0.0225}, "geometry": {"type": "Polygon", "coordinates": [[[-52.849999999999966, -18.749999999999943], [-52.69999999999993, -18.749999999999943], [-52.69999999999993, -18.899999999999977], [-52.849999999999966, -18.899999999999977], [-52.849999999999966, -18.749999999999943]]]}}, {"type": "Feature", "properties": {"No_de_Poco": 3, "Shape_Leng": 0.6, "Shape_Area": 0.0225}, "geometry": {"type": "Polygon", "coordinates": [[[-52.849999999999966, -18.599999999999966], [-52.69999999999993, -18.599999999999966], [-52.69999999999993, -18.749999999999943], [-52.849999999999966, -18.749999999999943], [-52.849999999999966, -18.599999999999966]]]}}, {"type": "Feature", "properties": {"No_de_Poco": 0, "Shape_Leng": 0.6, "Shape_Area": 0.0225}, "geometry": {"type": "Polygon", "coordinates": [[[-52.849999999999966, -18.299999999999955], [-52.69999999999993, -18.299999999999955], [-52.69999999999993, -18.449999999999932], [-52.849999999999966, -18.449999999999932], [-52.849999999999966, -18.299999999999955]]]}}, {"type": "Feature", "properties": {"No_de_Poco": 0, "Shape_Leng": 0.6, "Shape_Area": 0.0225}, "geometry": {"type": "Polygon", "coordinates": [[[-52.99999999999994, -19.649999999999977], [-52.849999999999966, -19.649999999999977], [-52.849999999999966, -19.799999999999955], [-52.99999999999994, -19.799999999999955], [-52.99999999999994, -19.649999999999977]]]}}, {"type": "Feature", "properties": {"No_de_Poco": 0, "Shape_Leng": 0.6, "Shape_Area": 0.0225}, "geometry": {"type": "Polygon", "coordinates": [[[-52.99999999999994, -19.499999999999943], [-52.849999999999966, -19.499999999999943], [-52.849999999999966, -19.649999999999977], [-52.99999999999994, -19.649999999999977], [-52.99999999999994, -19.499999999999943]]]}}, {"type": "Feature", "properties": {"No_de_Poco": 0, "Shape_Leng": 0.6, "Shape_Area": 0.0225}, "geometry": {"type": "Polygon", "coordinates": [[[-52.99999999999994, -19.349999999999966], [-52.849999999999966, -19.349999999999966], [-52.849999999999966, -19.499999999999943], [-52.99999999999994, -19.499999999999943], [-52.99999999999994, -19.349999999999966]]]}}, {"type": "Feature", "properties": {"No_de_Poco": 0, "Shape_Leng": 0.6, "Shape_Area": 0.0225}, "geometry": {"type": "Polygon", "coordinates": [[[-52.99999999999994, -19.199999999999932], [-52.849999999999966, -19.199999999999932], [-52.849999999999966, -19.349999999999966], [-52.99999999999994, -19.349999999999966], [-52.99999999999994, -19.199999999999932]]]}}, {"type": "Feature", "properties": {"No_de_Poco": 1, "Shape_Leng": 0.6, "Shape_Area": 0.0225}, "geometry": {"type": "Polygon", "coordinates": [[[-52.99999999999994, -19.049999999999955], [-52.849999999999966, -19.049999999999955], [-52.849999999999966, -19.199999999999932], [-52.99999999999994, -19.199999999999932], [-52.99999999999994, -19.049999999999955]]]}}, {"type": "Feature", "properties": {"No_de_Poco": 1, "Shape_Leng": 0.6, "Shape_Area": 0.0225}, "geometry": {"type": "Polygon", "coordinates": [[[-52.99999999999994, -18.899999999999977], [-52.849999999999966, -18.899999999999977], [-52.849999999999966, -19.049999999999955], [-52.99999999999994, -19.049999999999955], [-52.99999999999994, -18.899999999999977]]]}}, {"type": "Feature", "properties": {"No_de_Poco": 1, "Shape_Leng": 0.6, "Shape_Area": 0.0225}, "geometry": {"type": "Polygon", "coordinates": [[[-52.99999999999994, -18.749999999999943], [-52.849999999999966, -18.749999999999943], [-52.849999999999966, -18.899999999999977], [-52.99999999999994, -18.899999999999977], [-52.99999999999994, -18.749999999999943]]]}}, {"type": "Feature", "properties": {"No_de_Poco": 0, "Shape_Leng": 0.6, "Shape_Area": 0.0225}, "geometry": {"type": "Polygon", "coordinates": [[[-52.99999999999994, -18.599999999999966], [-52.849999999999966, -18.599999999999966], [-52.849999999999966, -18.749999999999943], [-52.99999999999994, -18.749999999999943], [-52.99999999999994, -18.599999999999966]]]}}, {"type": "Feature", "properties": {"No_de_Poco": 0, "Shape_Leng": 0.6, "Shape_Area": 0.0225}, "geometry": {"type": "Polygon", "coordinates": [[[-52.99999999999994, -18.449999999999932], [-52.849999999999966, -18.449999999999932], [-52.849999999999966, -18.599999999999966], [-52.99999999999994, -18.599999999999966], [-52.99999999999994, -18.449999999999932]]]}}, {"type": "Feature", "properties": {"No_de_Poco": 0, "Shape_Leng": 0.6, "Shape_Area": 0.0225}, "geometry": {"type": "Polygon", "coordinates": [[[-52.99999999999994, -18.299999999999955], [-52.849999999999966, -18.299999999999955], [-52.849999999999966, -18.449999999999932], [-52.99999999999994, -18.449999999999932], [-52.99999999999994, -18.299999999999955]]]}}, {"type": "Feature", "properties": {"No_de_Poco": 0, "Shape_Leng": 0.6, "Shape_Area": 0.0225}, "geometry": {"type": "Polygon", "coordinates": [[[-52.99999999999994, -18.149999999999977], [-52.849999999999966, -18.149999999999977], [-52.849999999999966, -18.299999999999955], [-52.99999999999994, -18.299999999999955], [-52.99999999999994, -18.149999999999977]]]}}, {"type": "Feature", "properties": {"No_de_Poco": 0, "Shape_Leng": 0.6, "Shape_Area": 0.0225}, "geometry": {"type": "Polygon", "coordinates": [[[-53.14999999999998, -19.649999999999977], [-52.99999999999994, -19.649999999999977], [-52.99999999999994, -19.799999999999955], [-53.14999999999998, -19.799999999999955], [-53.14999999999998, -19.649999999999977]]]}}, {"type": "Feature", "properties": {"No_de_Poco": 0, "Shape_Leng": 0.6, "Shape_Area": 0.0225}, "geometry": {"type": "Polygon", "coordinates": [[[-53.14999999999998, -19.499999999999943], [-52.99999999999994, -19.499999999999943], [-52.99999999999994, -19.649999999999977], [-53.14999999999998, -19.649999999999977], [-53.14999999999998, -19.499999999999943]]]}}, {"type": "Feature", "properties": {"No_de_Poco": 0, "Shape_Leng": 0.6, "Shape_Area": 0.0225}, "geometry": {"type": "Polygon", "coordinates": [[[-53.14999999999998, -19.349999999999966], [-52.99999999999994, -19.349999999999966], [-52.99999999999994, -19.499999999999943], [-53.14999999999998, -19.499999999999943], [-53.14999999999998, -19.349999999999966]]]}}, {"type": "Feature", "properties": {"No_de_Poco": 0, "Shape_Leng": 0.6, "Shape_Area": 0.0225}, "geometry": {"type": "Polygon", "coordinates": [[[-53.14999999999998, -19.199999999999932], [-52.99999999999994, -19.199999999999932], [-52.99999999999994, -19.349999999999966], [-53.14999999999998, -19.349999999999966], [-53.14999999999998, -19.199999999999932]]]}}, {"type": "Feature", "properties": {"No_de_Poco": 0, "Shape_Leng": 0.6, "Shape_Area": 0.0225}, "geometry": {"type": "Polygon", "coordinates": [[[-53.14999999999998, -19.049999999999955], [-52.99999999999994, -19.049999999999955], [-52.99999999999994, -19.199999999999932], [-53.14999999999998, -19.199999999999932], [-53.14999999999998, -19.049999999999955]]]}}, {"type": "Feature", "properties": {"No_de_Poco": 4, "Shape_Leng": 0.6, "Shape_Area": 0.0225}, "geometry": {"type": "Polygon", "coordinates": [[[-53.14999999999998, -18.899999999999977], [-52.99999999999994, -18.899999999999977], [-52.99999999999994, -19.049999999999955], [-53.14999999999998, -19.049999999999955], [-53.14999999999998, -18.899999999999977]]]}}, {"type": "Feature", "properties": {"No_de_Poco": 6, "Shape_Leng": 0.6, "Shape_Area": 0.0225}, "geometry": {"type": "Polygon", "coordinates": [[[-53.14999999999998, -18.749999999999943], [-52.99999999999994, -18.749999999999943], [-52.99999999999994, -18.899999999999977], [-53.14999999999998, -18.899999999999977], [-53.14999999999998, -18.749999999999943]]]}}, {"type": "Feature", "properties": {"No_de_Poco": 0, "Shape_Leng": 0.6, "Shape_Area": 0.0225}, "geometry": {"type": "Polygon", "coordinates": [[[-53.14999999999998, -18.599999999999966], [-52.99999999999994, -18.599999999999966], [-52.99999999999994, -18.749999999999943], [-53.14999999999998, -18.749999999999943], [-53.14999999999998, -18.599999999999966]]]}}, {"type": "Feature", "properties": {"No_de_Poco": 17, "Shape_Leng": 0.6, "Shape_Area": 0.0225}, "geometry": {"type": "Polygon", "coordinates": [[[-53.14999999999998, -18.449999999999932], [-52.99999999999994, -18.449999999999932], [-52.99999999999994, -18.599999999999966], [-53.14999999999998, -18.599999999999966], [-53.14999999999998, -18.449999999999932]]]}}, {"type": "Feature", "properties": {"No_de_Poco": 0, "Shape_Leng": 0.6, "Shape_Area": 0.0225}, "geometry": {"type": "Polygon", "coordinates": [[[-53.14999999999998, -18.299999999999955], [-52.99999999999994, -18.299999999999955], [-52.99999999999994, -18.449999999999932], [-53.14999999999998, -18.449999999999932], [-53.14999999999998, -18.299999999999955]]]}}, {"type": "Feature", "properties": {"No_de_Poco": 0, "Shape_Leng": 0.6, "Shape_Area": 0.0225}, "geometry": {"type": "Polygon", "coordinates": [[[-53.14999999999998, -18.149999999999977], [-52.99999999999994, -18.149999999999977], [-52.99999999999994, -18.299999999999955], [-53.14999999999998, -18.299999999999955], [-53.14999999999998, -18.149999999999977]]]}}, {"type": "Feature", "properties": {"No_de_Poco": 0, "Shape_Leng": 0.6, "Shape_Area": 0.0225}, "geometry": {"type": "Polygon", "coordinates": [[[-53.14999999999998, -17.999999999999943], [-52.99999999999994, -17.999999999999943], [-52.99999999999994, -18.149999999999977], [-53.14999999999998, -18.149999999999977], [-53.14999999999998, -17.999999999999943]]]}}, {"type": "Feature", "properties": {"No_de_Poco": 0, "Shape_Leng": 0.6, "Shape_Area": 0.0225}, "geometry": {"type": "Polygon", "coordinates": [[[-53.299999999999955, -19.649999999999977], [-53.14999999999998, -19.649999999999977], [-53.14999999999998, -19.799999999999955], [-53.299999999999955, -19.799999999999955], [-53.299999999999955, -19.649999999999977]]]}}, {"type": "Feature", "properties": {"No_de_Poco": 0, "Shape_Leng": 0.6, "Shape_Area": 0.0225}, "geometry": {"type": "Polygon", "coordinates": [[[-53.299999999999955, -19.499999999999943], [-53.14999999999998, -19.499999999999943], [-53.14999999999998, -19.649999999999977], [-53.299999999999955, -19.649999999999977], [-53.299999999999955, -19.499999999999943]]]}}, {"type": "Feature", "properties": {"No_de_Poco": 0, "Shape_Leng": 0.6, "Shape_Area": 0.0225}, "geometry": {"type": "Polygon", "coordinates": [[[-53.299999999999955, -19.349999999999966], [-53.14999999999998, -19.349999999999966], [-53.14999999999998, -19.499999999999943], [-53.299999999999955, -19.499999999999943], [-53.299999999999955, -19.349999999999966]]]}}, {"type": "Feature", "properties": {"No_de_Poco": 0, "Shape_Leng": 0.6, "Shape_Area": 0.0225}, "geometry": {"type": "Polygon", "coordinates": [[[-53.299999999999955, -19.199999999999932], [-53.14999999999998, -19.199999999999932], [-53.14999999999998, -19.349999999999966], [-53.299999999999955, -19.349999999999966], [-53.299999999999955, -19.199999999999932]]]}}, {"type": "Feature", "properties": {"No_de_Poco": 0, "Shape_Leng": 0.6, "Shape_Area": 0.0225}, "geometry": {"type": "Polygon", "coordinates": [[[-53.299999999999955, -19.049999999999955], [-53.14999999999998, -19.049999999999955], [-53.14999999999998, -19.199999999999932], [-53.299999999999955, -19.199999999999932], [-53.299999999999955, -19.049999999999955]]]}}, {"type": "Feature", "properties": {"No_de_Poco": 0, "Shape_Leng": 0.6, "Shape_Area": 0.0225}, "geometry": {"type": "Polygon", "coordinates": [[[-53.299999999999955, -18.899999999999977], [-53.14999999999998, -18.899999999999977], [-53.14999999999998, -19.049999999999955], [-53.299999999999955, -19.049999999999955], [-53.299999999999955, -18.899999999999977]]]}}, {"type": "Feature", "properties": {"No_de_Poco": 1, "Shape_Leng": 0.6, "Shape_Area": 0.0225}, "geometry": {"type": "Polygon", "coordinates": [[[-53.299999999999955, -18.749999999999943], [-53.14999999999998, -18.749999999999943], [-53.14999999999998, -18.899999999999977], [-53.299999999999955, -18.899999999999977], [-53.299999999999955, -18.749999999999943]]]}}, {"type": "Feature", "properties": {"No_de_Poco": 0, "Shape_Leng": 0.6, "Shape_Area": 0.0225}, "geometry": {"type": "Polygon", "coordinates": [[[-53.299999999999955, -18.599999999999966], [-53.14999999999998, -18.599999999999966], [-53.14999999999998, -18.749999999999943], [-53.299999999999955, -18.749999999999943], [-53.299999999999955, -18.599999999999966]]]}}, {"type": "Feature", "properties": {"No_de_Poco": 5, "Shape_Leng": 0.6, "Shape_Area": 0.0225}, "geometry": {"type": "Polygon", "coordinates": [[[-53.299999999999955, -18.449999999999932], [-53.14999999999998, -18.449999999999932], [-53.14999999999998, -18.599999999999966], [-53.299999999999955, -18.599999999999966], [-53.299999999999955, -18.449999999999932]]]}}, {"type": "Feature", "properties": {"No_de_Poco": 0, "Shape_Leng": 0.6, "Shape_Area": 0.0225}, "geometry": {"type": "Polygon", "coordinates": [[[-53.299999999999955, -18.299999999999955], [-53.14999999999998, -18.299999999999955], [-53.14999999999998, -18.449999999999932], [-53.299999999999955, -18.449999999999932], [-53.299999999999955, -18.299999999999955]]]}}, {"type": "Feature", "properties": {"No_de_Poco": 0, "Shape_Leng": 0.6, "Shape_Area": 0.0225}, "geometry": {"type": "Polygon", "coordinates": [[[-53.299999999999955, -18.149999999999977], [-53.14999999999998, -18.149999999999977], [-53.14999999999998, -18.299999999999955], [-53.299999999999955, -18.299999999999955], [-53.299999999999955, -18.149999999999977]]]}}, {"type": "Feature", "properties": {"No_de_Poco": 0, "Shape_Leng": 0.6, "Shape_Area": 0.0225}, "geometry": {"type": "Polygon", "coordinates": [[[-53.299999999999955, -17.999999999999943], [-53.14999999999998, -17.999999999999943], [-53.14999999999998, -18.149999999999977], [-53.299999999999955, -18.149999999999977], [-53.299999999999955, -17.999999999999943]]]}}, {"type": "Feature", "properties": {"No_de_Poco": 0, "Shape_Leng": 0.6, "Shape_Area": 0.0225}, "geometry": {"type": "Polygon", "coordinates": [[[-53.299999999999955, -17.849999999999966], [-53.14999999999998, -17.849999999999966], [-53.14999999999998, -17.999999999999943], [-53.299999999999955, -17.999999999999943], [-53.299999999999955, -17.849999999999966]]]}}, {"type": "Feature", "properties": {"No_de_Poco": 2, "Shape_Leng": 0.6, "Shape_Area": 0.0225}, "geometry": {"type": "Polygon", "coordinates": [[[-53.44999999999993, -19.649999999999977], [-53.299999999999955, -19.649999999999977], [-53.299999999999955, -19.799999999999955], [-53.44999999999993, -19.799999999999955], [-53.44999999999993, -19.649999999999977]]]}}, {"type": "Feature", "properties": {"No_de_Poco": 0, "Shape_Leng": 0.6, "Shape_Area": 0.0225}, "geometry": {"type": "Polygon", "coordinates": [[[-53.44999999999993, -19.499999999999943], [-53.299999999999955, -19.499999999999943], [-53.299999999999955, -19.649999999999977], [-53.44999999999993, -19.649999999999977], [-53.44999999999993, -19.499999999999943]]]}}, {"type": "Feature", "properties": {"No_de_Poco": 0, "Shape_Leng": 0.6, "Shape_Area": 0.0225}, "geometry": {"type": "Polygon", "coordinates": [[[-53.44999999999993, -19.349999999999966], [-53.299999999999955, -19.349999999999966], [-53.299999999999955, -19.499999999999943], [-53.44999999999993, -19.499999999999943], [-53.44999999999993, -19.349999999999966]]]}}, {"type": "Feature", "properties": {"No_de_Poco": 1, "Shape_Leng": 0.6, "Shape_Area": 0.0225}, "geometry": {"type": "Polygon", "coordinates": [[[-53.74999999999994, -19.049999999999955], [-53.599999999999966, -19.049999999999955], [-53.599999999999966, -19.199999999999932], [-53.74999999999994, -19.199999999999932], [-53.74999999999994, -19.049999999999955]]]}}, {"type": "Feature", "properties": {"No_de_Poco": 6, "Shape_Leng": 0.6, "Shape_Area": 0.0225}, "geometry": {"type": "Polygon", "coordinates": [[[-53.74999999999994, -18.299999999999955], [-53.599999999999966, -18.299999999999955], [-53.599999999999966, -18.449999999999932], [-53.74999999999994, -18.449999999999932], [-53.74999999999994, -18.299999999999955]]]}}, {"type": "Feature", "properties": {"No_de_Poco": 41, "Shape_Leng": 0.6, "Shape_Area": 0.0225}, "geometry": {"type": "Polygon", "coordinates": [[[-54.049999999999955, -19.499999999999943], [-53.89999999999998, -19.499999999999943], [-53.89999999999998, -19.649999999999977], [-54.049999999999955, -19.649999999999977], [-54.049999999999955, -19.499999999999943]]]}}, {"type": "Feature", "properties": {"No_de_Poco": 0, "Shape_Leng": 0.6, "Shape_Area": 0.0225}, "geometry": {"type": "Polygon", "coordinates": [[[-54.049999999999955, -17.999999999999943], [-53.89999999999998, -17.999999999999943], [-53.89999999999998, -18.149999999999977], [-54.049999999999955, -18.149999999999977], [-54.049999999999955, -17.999999999999943]]]}}, {"type": "Feature", "properties": {"No_de_Poco": 0, "Shape_Leng": 0.6, "Shape_Area": 0.0225}, "geometry": {"type": "Polygon", "coordinates": [[[-54.19999999999993, -17.549999999999955], [-54.049999999999955, -17.549999999999955], [-54.049999999999955, -17.699999999999932], [-54.19999999999993, -17.699999999999932], [-54.19999999999993, -17.549999999999955]]]}}, {"type": "Feature", "properties": {"No_de_Poco": 0, "Shape_Leng": 0.6, "Shape_Area": 0.0225}, "geometry": {"type": "Polygon", "coordinates": [[[-54.19999999999993, -17.399999999999977], [-54.049999999999955, -17.399999999999977], [-54.049999999999955, -17.549999999999955], [-54.19999999999993, -17.549999999999955], [-54.19999999999993, -17.399999999999977]]]}}, {"type": "Feature", "properties": {"No_de_Poco": 0, "Shape_Leng": 0.6, "Shape_Area": 0.0225}, "geometry": {"type": "Polygon", "coordinates": [[[-54.349999999999966, -17.849999999999966], [-54.19999999999993, -17.849999999999966], [-54.19999999999993, -17.999999999999943], [-54.349999999999966, -17.999999999999943], [-54.349999999999966, -17.849999999999966]]]}}, {"type": "Feature", "properties": {"No_de_Poco": 0, "Shape_Leng": 0.6, "Shape_Area": 0.0225}, "geometry": {"type": "Polygon", "coordinates": [[[-54.349999999999966, -17.699999999999932], [-54.19999999999993, -17.699999999999932], [-54.19999999999993, -17.849999999999966], [-54.349999999999966, -17.849999999999966], [-54.349999999999966, -17.699999999999932]]]}}, {"type": "Feature", "properties": {"No_de_Poco": 0, "Shape_Leng": 0.6, "Shape_Area": 0.0225}, "geometry": {"type": "Polygon", "coordinates": [[[-54.349999999999966, -17.549999999999955], [-54.19999999999993, -17.549999999999955], [-54.19999999999993, -17.699999999999932], [-54.349999999999966, -17.699999999999932], [-54.349999999999966, -17.549999999999955]]]}}, {"type": "Feature", "properties": {"No_de_Poco": 2, "Shape_Leng": 0.6, "Shape_Area": 0.0225}, "geometry": {"type": "Polygon", "coordinates": [[[-54.49999999999994, -18.899999999999977], [-54.349999999999966, -18.899999999999977], [-54.349999999999966, -19.049999999999955], [-54.49999999999994, -19.049999999999955], [-54.49999999999994, -18.899999999999977]]]}}, {"type": "Feature", "properties": {"No_de_Poco": 0, "Shape_Leng": 0.6, "Shape_Area": 0.0225}, "geometry": {"type": "Polygon", "coordinates": [[[-54.49999999999994, -17.399999999999977], [-54.349999999999966, -17.399999999999977], [-54.349999999999966, -17.549999999999955], [-54.49999999999994, -17.549999999999955], [-54.49999999999994, -17.399999999999977]]]}}, {"type": "Feature", "properties": {"No_de_Poco": 0, "Shape_Leng": 0.6, "Shape_Area": 0.0225}, "geometry": {"type": "Polygon", "coordinates": [[[-54.64999999999998, -17.549999999999955], [-54.49999999999994, -17.549999999999955], [-54.49999999999994, -17.699999999999932], [-54.64999999999998, -17.699999999999932], [-54.64999999999998, -17.549999999999955]]]}}, {"type": "Feature", "properties": {"No_de_Poco": 0, "Shape_Leng": 0.6, "Shape_Area": 0.0225}, "geometry": {"type": "Polygon", "coordinates": [[[-54.64999999999998, -17.399999999999977], [-54.49999999999994, -17.399999999999977], [-54.49999999999994, -17.549999999999955], [-54.64999999999998, -17.549999999999955], [-54.64999999999998, -17.399999999999977]]]}}, {"type": "Feature", "properties": {"No_de_Poco": 23, "Shape_Leng": 0.6, "Shape_Area": 0.0225}, "geometry": {"type": "Polygon", "coordinates": [[[-54.799999999999955, -18.449999999999932], [-54.64999999999998, -18.449999999999932], [-54.64999999999998, -18.599999999999966], [-54.799999999999955, -18.599999999999966], [-54.799999999999955, -18.449999999999932]]]}}, {"type": "Feature", "properties": {"No_de_Poco": 0, "Shape_Leng": 0.6, "Shape_Area": 0.0225}, "geometry": {"type": "Polygon", "coordinates": [[[-54.94999999999993, -19.499999999999943], [-54.799999999999955, -19.499999999999943], [-54.799999999999955, -19.649999999999977], [-54.94999999999993, -19.649999999999977], [-54.94999999999993, -19.499999999999943]]]}}, {"type": "Feature", "properties": {"No_de_Poco": 0, "Shape_Leng": 0.6, "Shape_Area": 0.0225}, "geometry": {"type": "Polygon", "coordinates": [[[-54.94999999999993, -19.199999999999932], [-54.799999999999955, -19.199999999999932], [-54.799999999999955, -19.349999999999966], [-54.94999999999993, -19.349999999999966], [-54.94999999999993, -19.199999999999932]]]}}, {"type": "Feature", "properties": {"No_de_Poco": 0, "Shape_Leng": 0.6, "Shape_Area": 0.0225}, "geometry": {"type": "Polygon", "coordinates": [[[-54.94999999999993, -18.599999999999966], [-54.799999999999955, -18.599999999999966], [-54.799999999999955, -18.749999999999943], [-54.94999999999993, -18.749999999999943], [-54.94999999999993, -18.599999999999966]]]}}, {"type": "Feature", "properties": {"No_de_Poco": 1, "Shape_Leng": 0.6, "Shape_Area": 0.0225}, "geometry": {"type": "Polygon", "coordinates": [[[-54.94999999999993, -18.299999999999955], [-54.799999999999955, -18.299999999999955], [-54.799999999999955, -18.449999999999932], [-54.94999999999993, -18.449999999999932], [-54.94999999999993, -18.299999999999955]]]}}, {"type": "Feature", "properties": {"No_de_Poco": 0, "Shape_Leng": 0.6, "Shape_Area": 0.0225}, "geometry": {"type": "Polygon", "coordinates": [[[-55.099999999999966, -18.749999999999943], [-54.94999999999993, -18.749999999999943], [-54.94999999999993, -18.899999999999977], [-55.099999999999966, -18.899999999999977], [-55.099999999999966, -18.749999999999943]]]}}, {"type": "Feature", "properties": {"No_de_Poco": 0, "Shape_Leng": 0.6, "Shape_Area": 0.0225}, "geometry": {"type": "Polygon", "coordinates": [[[-55.24999999999994, -19.199999999999932], [-55.099999999999966, -19.199999999999932], [-55.099999999999966, -19.349999999999966], [-55.24999999999994, -19.349999999999966], [-55.24999999999994, -19.199999999999932]]]}}, {"type": "Feature", "properties": {"No_de_Poco": 0, "Shape_Leng": 0.6, "Shape_Area": 0.0225}, "geometry": {"type": "Polygon", "coordinates": [[[-55.549999999999955, -17.549999999999955], [-55.39999999999998, -17.549999999999955], [-55.39999999999998, -17.699999999999932], [-55.549999999999955, -17.699999999999932], [-55.549999999999955, -17.549999999999955]]]}}, {"type": "Feature", "properties": {"No_de_Poco": 0, "Shape_Leng": 0.6, "Shape_Area": 0.0225}, "geometry": {"type": "Polygon", "coordinates": [[[-55.69999999999993, -19.199999999999932], [-55.549999999999955, -19.199999999999932], [-55.549999999999955, -19.349999999999966], [-55.69999999999993, -19.349999999999966], [-55.69999999999993, -19.199999999999932]]]}}, {"type": "Feature", "properties": {"No_de_Poco": 0, "Shape_Leng": 0.6, "Shape_Area": 0.0225}, "geometry": {"type": "Polygon", "coordinates": [[[-55.69999999999993, -17.699999999999932], [-55.549999999999955, -17.699999999999932], [-55.549999999999955, -17.849999999999966], [-55.69999999999993, -17.849999999999966], [-55.69999999999993, -17.699999999999932]]]}}, {"type": "Feature", "properties": {"No_de_Poco": 0, "Shape_Leng": 0.6, "Shape_Area": 0.0225}, "geometry": {"type": "Polygon", "coordinates": [[[-55.69999999999993, -17.549999999999955], [-55.549999999999955, -17.549999999999955], [-55.549999999999955, -17.699999999999932], [-55.69999999999993, -17.699999999999932], [-55.69999999999993, -17.549999999999955]]]}}, {"type": "Feature", "properties": {"No_de_Poco": 0, "Shape_Leng": 0.6, "Shape_Area": 0.0225}, "geometry": {"type": "Polygon", "coordinates": [[[-56.74999999999994, -19.649999999999977], [-56.599999999999966, -19.649999999999977], [-56.599999999999966, -19.799999999999955], [-56.74999999999994, -19.799999999999955], [-56.74999999999994, -19.649999999999977]]]}}, {"type": "Feature", "properties": {"No_de_Poco": 0, "Shape_Leng": 0.6, "Shape_Area": 0.0225}, "geometry": {"type": "Polygon", "coordinates": [[[-53.44999999999993, -19.199999999999932], [-53.299999999999955, -19.199999999999932], [-53.299999999999955, -19.349999999999966], [-53.44999999999993, -19.349999999999966], [-53.44999999999993, -19.199999999999932]]]}}, {"type": "Feature", "properties": {"No_de_Poco": 0, "Shape_Leng": 0.6, "Shape_Area": 0.0225}, "geometry": {"type": "Polygon", "coordinates": [[[-53.44999999999993, -19.049999999999955], [-53.299999999999955, -19.049999999999955], [-53.299999999999955, -19.199999999999932], [-53.44999999999993, -19.199999999999932], [-53.44999999999993, -19.049999999999955]]]}}, {"type": "Feature", "properties": {"No_de_Poco": 0, "Shape_Leng": 0.6, "Shape_Area": 0.0225}, "geometry": {"type": "Polygon", "coordinates": [[[-53.44999999999993, -18.899999999999977], [-53.299999999999955, -18.899999999999977], [-53.299999999999955, -19.049999999999955], [-53.44999999999993, -19.049999999999955], [-53.44999999999993, -18.899999999999977]]]}}, {"type": "Feature", "properties": {"No_de_Poco": 0, "Shape_Leng": 0.6, "Shape_Area": 0.0225}, "geometry": {"type": "Polygon", "coordinates": [[[-53.44999999999993, -18.749999999999943], [-53.299999999999955, -18.749999999999943], [-53.299999999999955, -18.899999999999977], [-53.44999999999993, -18.899999999999977], [-53.44999999999993, -18.749999999999943]]]}}, {"type": "Feature", "properties": {"No_de_Poco": 0, "Shape_Leng": 0.6, "Shape_Area": 0.0225}, "geometry": {"type": "Polygon", "coordinates": [[[-53.44999999999993, -18.599999999999966], [-53.299999999999955, -18.599999999999966], [-53.299999999999955, -18.749999999999943], [-53.44999999999993, -18.749999999999943], [-53.44999999999993, -18.599999999999966]]]}}, {"type": "Feature", "properties": {"No_de_Poco": 0, "Shape_Leng": 0.6, "Shape_Area": 0.0225}, "geometry": {"type": "Polygon", "coordinates": [[[-53.44999999999993, -18.449999999999932], [-53.299999999999955, -18.449999999999932], [-53.299999999999955, -18.599999999999966], [-53.44999999999993, -18.599999999999966], [-53.44999999999993, -18.449999999999932]]]}}, {"type": "Feature", "properties": {"No_de_Poco": 0, "Shape_Leng": 0.6, "Shape_Area": 0.0225}, "geometry": {"type": "Polygon", "coordinates": [[[-53.44999999999993, -18.299999999999955], [-53.299999999999955, -18.299999999999955], [-53.299999999999955, -18.449999999999932], [-53.44999999999993, -18.449999999999932], [-53.44999999999993, -18.299999999999955]]]}}, {"type": "Feature", "properties": {"No_de_Poco": 0, "Shape_Leng": 0.6, "Shape_Area": 0.0225}, "geometry": {"type": "Polygon", "coordinates": [[[-53.44999999999993, -18.149999999999977], [-53.299999999999955, -18.149999999999977], [-53.299999999999955, -18.299999999999955], [-53.44999999999993, -18.299999999999955], [-53.44999999999993, -18.149999999999977]]]}}, {"type": "Feature", "properties": {"No_de_Poco": 0, "Shape_Leng": 0.6, "Shape_Area": 0.0225}, "geometry": {"type": "Polygon", "coordinates": [[[-53.44999999999993, -17.999999999999943], [-53.299999999999955, -17.999999999999943], [-53.299999999999955, -18.149999999999977], [-53.44999999999993, -18.149999999999977], [-53.44999999999993, -17.999999999999943]]]}}, {"type": "Feature", "properties": {"No_de_Poco": 0, "Shape_Leng": 0.6, "Shape_Area": 0.0225}, "geometry": {"type": "Polygon", "coordinates": [[[-53.44999999999993, -17.849999999999966], [-53.299999999999955, -17.849999999999966], [-53.299999999999955, -17.999999999999943], [-53.44999999999993, -17.999999999999943], [-53.44999999999993, -17.849999999999966]]]}}, {"type": "Feature", "properties": {"No_de_Poco": 0, "Shape_Leng": 0.6, "Shape_Area": 0.0225}, "geometry": {"type": "Polygon", "coordinates": [[[-53.599999999999966, -19.649999999999977], [-53.44999999999993, -19.649999999999977], [-53.44999999999993, -19.799999999999955], [-53.599999999999966, -19.799999999999955], [-53.599999999999966, -19.649999999999977]]]}}, {"type": "Feature", "properties": {"No_de_Poco": 0, "Shape_Leng": 0.6, "Shape_Area": 0.0225}, "geometry": {"type": "Polygon", "coordinates": [[[-53.599999999999966, -19.499999999999943], [-53.44999999999993, -19.499999999999943], [-53.44999999999993, -19.649999999999977], [-53.599999999999966, -19.649999999999977], [-53.599999999999966, -19.499999999999943]]]}}, {"type": "Feature", "properties": {"No_de_Poco": 0, "Shape_Leng": 0.6, "Shape_Area": 0.0225}, "geometry": {"type": "Polygon", "coordinates": [[[-53.599999999999966, -19.349999999999966], [-53.44999999999993, -19.349999999999966], [-53.44999999999993, -19.499999999999943], [-53.599999999999966, -19.499999999999943], [-53.599999999999966, -19.349999999999966]]]}}, {"type": "Feature", "properties": {"No_de_Poco": 0, "Shape_Leng": 0.6, "Shape_Area": 0.0225}, "geometry": {"type": "Polygon", "coordinates": [[[-53.599999999999966, -19.199999999999932], [-53.44999999999993, -19.199999999999932], [-53.44999999999993, -19.349999999999966], [-53.599999999999966, -19.349999999999966], [-53.599999999999966, -19.199999999999932]]]}}, {"type": "Feature", "properties": {"No_de_Poco": 0, "Shape_Leng": 0.6, "Shape_Area": 0.0225}, "geometry": {"type": "Polygon", "coordinates": [[[-53.599999999999966, -19.049999999999955], [-53.44999999999993, -19.049999999999955], [-53.44999999999993, -19.199999999999932], [-53.599999999999966, -19.199999999999932], [-53.599999999999966, -19.049999999999955]]]}}, {"type": "Feature", "properties": {"No_de_Poco": 0, "Shape_Leng": 0.6, "Shape_Area": 0.0225}, "geometry": {"type": "Polygon", "coordinates": [[[-53.599999999999966, -18.899999999999977], [-53.44999999999993, -18.899999999999977], [-53.44999999999993, -19.049999999999955], [-53.599999999999966, -19.049999999999955], [-53.599999999999966, -18.899999999999977]]]}}, {"type": "Feature", "properties": {"No_de_Poco": 0, "Shape_Leng": 0.6, "Shape_Area": 0.0225}, "geometry": {"type": "Polygon", "coordinates": [[[-53.599999999999966, -18.749999999999943], [-53.44999999999993, -18.749999999999943], [-53.44999999999993, -18.899999999999977], [-53.599999999999966, -18.899999999999977], [-53.599999999999966, -18.749999999999943]]]}}, {"type": "Feature", "properties": {"No_de_Poco": 0, "Shape_Leng": 0.6, "Shape_Area": 0.0225}, "geometry": {"type": "Polygon", "coordinates": [[[-53.599999999999966, -18.599999999999966], [-53.44999999999993, -18.599999999999966], [-53.44999999999993, -18.749999999999943], [-53.599999999999966, -18.749999999999943], [-53.599999999999966, -18.599999999999966]]]}}, {"type": "Feature", "properties": {"No_de_Poco": 0, "Shape_Leng": 0.6, "Shape_Area": 0.0225}, "geometry": {"type": "Polygon", "coordinates": [[[-53.599999999999966, -18.449999999999932], [-53.44999999999993, -18.449999999999932], [-53.44999999999993, -18.599999999999966], [-53.599999999999966, -18.599999999999966], [-53.599999999999966, -18.449999999999932]]]}}, {"type": "Feature", "properties": {"No_de_Poco": 0, "Shape_Leng": 0.6, "Shape_Area": 0.0225}, "geometry": {"type": "Polygon", "coordinates": [[[-53.599999999999966, -18.299999999999955], [-53.44999999999993, -18.299999999999955], [-53.44999999999993, -18.449999999999932], [-53.599999999999966, -18.449999999999932], [-53.599999999999966, -18.299999999999955]]]}}, {"type": "Feature", "properties": {"No_de_Poco": 0, "Shape_Leng": 0.6, "Shape_Area": 0.0225}, "geometry": {"type": "Polygon", "coordinates": [[[-53.599999999999966, -18.149999999999977], [-53.44999999999993, -18.149999999999977], [-53.44999999999993, -18.299999999999955], [-53.599999999999966, -18.299999999999955], [-53.599999999999966, -18.149999999999977]]]}}, {"type": "Feature", "properties": {"No_de_Poco": 0, "Shape_Leng": 0.6, "Shape_Area": 0.0225}, "geometry": {"type": "Polygon", "coordinates": [[[-53.599999999999966, -17.999999999999943], [-53.44999999999993, -17.999999999999943], [-53.44999999999993, -18.149999999999977], [-53.599999999999966, -18.149999999999977], [-53.599999999999966, -17.999999999999943]]]}}, {"type": "Feature", "properties": {"No_de_Poco": 0, "Shape_Leng": 0.6, "Shape_Area": 0.0225}, "geometry": {"type": "Polygon", "coordinates": [[[-53.599999999999966, -17.849999999999966], [-53.44999999999993, -17.849999999999966], [-53.44999999999993, -17.999999999999943], [-53.599999999999966, -17.999999999999943], [-53.599999999999966, -17.849999999999966]]]}}, {"type": "Feature", "properties": {"No_de_Poco": 0, "Shape_Leng": 0.6, "Shape_Area": 0.0225}, "geometry": {"type": "Polygon", "coordinates": [[[-53.74999999999994, -19.649999999999977], [-53.599999999999966, -19.649999999999977], [-53.599999999999966, -19.799999999999955], [-53.74999999999994, -19.799999999999955], [-53.74999999999994, -19.649999999999977]]]}}, {"type": "Feature", "properties": {"No_de_Poco": 0, "Shape_Leng": 0.6, "Shape_Area": 0.0225}, "geometry": {"type": "Polygon", "coordinates": [[[-53.74999999999994, -19.499999999999943], [-53.599999999999966, -19.499999999999943], [-53.599999999999966, -19.649999999999977], [-53.74999999999994, -19.649999999999977], [-53.74999999999994, -19.499999999999943]]]}}, {"type": "Feature", "properties": {"No_de_Poco": 0, "Shape_Leng": 0.6, "Shape_Area": 0.0225}, "geometry": {"type": "Polygon", "coordinates": [[[-53.74999999999994, -19.349999999999966], [-53.599999999999966, -19.349999999999966], [-53.599999999999966, -19.499999999999943], [-53.74999999999994, -19.499999999999943], [-53.74999999999994, -19.349999999999966]]]}}, {"type": "Feature", "properties": {"No_de_Poco": 0, "Shape_Leng": 0.6, "Shape_Area": 0.0225}, "geometry": {"type": "Polygon", "coordinates": [[[-53.74999999999994, -19.199999999999932], [-53.599999999999966, -19.199999999999932], [-53.599999999999966, -19.349999999999966], [-53.74999999999994, -19.349999999999966], [-53.74999999999994, -19.199999999999932]]]}}, {"type": "Feature", "properties": {"No_de_Poco": 1, "Shape_Leng": 0.6, "Shape_Area": 0.0225}, "geometry": {"type": "Polygon", "coordinates": [[[-53.74999999999994, -18.899999999999977], [-53.599999999999966, -18.899999999999977], [-53.599999999999966, -19.049999999999955], [-53.74999999999994, -19.049999999999955], [-53.74999999999994, -18.899999999999977]]]}}, {"type": "Feature", "properties": {"No_de_Poco": 0, "Shape_Leng": 0.6, "Shape_Area": 0.0225}, "geometry": {"type": "Polygon", "coordinates": [[[-53.74999999999994, -18.749999999999943], [-53.599999999999966, -18.749999999999943], [-53.599999999999966, -18.899999999999977], [-53.74999999999994, -18.899999999999977], [-53.74999999999994, -18.749999999999943]]]}}, {"type": "Feature", "properties": {"No_de_Poco": 9, "Shape_Leng": 0.6, "Shape_Area": 0.0225}, "geometry": {"type": "Polygon", "coordinates": [[[-53.74999999999994, -18.599999999999966], [-53.599999999999966, -18.599999999999966], [-53.599999999999966, -18.749999999999943], [-53.74999999999994, -18.749999999999943], [-53.74999999999994, -18.599999999999966]]]}}, {"type": "Feature", "properties": {"No_de_Poco": 0, "Shape_Leng": 0.6, "Shape_Area": 0.0225}, "geometry": {"type": "Polygon", "coordinates": [[[-53.74999999999994, -18.449999999999932], [-53.599999999999966, -18.449999999999932], [-53.599999999999966, -18.599999999999966], [-53.74999999999994, -18.599999999999966], [-53.74999999999994, -18.449999999999932]]]}}, {"type": "Feature", "properties": {"No_de_Poco": 0, "Shape_Leng": 0.6, "Shape_Area": 0.0225}, "geometry": {"type": "Polygon", "coordinates": [[[-53.74999999999994, -18.149999999999977], [-53.599999999999966, -18.149999999999977], [-53.599999999999966, -18.299999999999955], [-53.74999999999994, -18.299999999999955], [-53.74999999999994, -18.149999999999977]]]}}, {"type": "Feature", "properties": {"No_de_Poco": 0, "Shape_Leng": 0.6, "Shape_Area": 0.0225}, "geometry": {"type": "Polygon", "coordinates": [[[-53.74999999999994, -17.999999999999943], [-53.599999999999966, -17.999999999999943], [-53.599999999999966, -18.149999999999977], [-53.74999999999994, -18.149999999999977], [-53.74999999999994, -17.999999999999943]]]}}, {"type": "Feature", "properties": {"No_de_Poco": 0, "Shape_Leng": 0.6, "Shape_Area": 0.0225}, "geometry": {"type": "Polygon", "coordinates": [[[-53.74999999999994, -17.849999999999966], [-53.599999999999966, -17.849999999999966], [-53.599999999999966, -17.999999999999943], [-53.74999999999994, -17.999999999999943], [-53.74999999999994, -17.849999999999966]]]}}, {"type": "Feature", "properties": {"No_de_Poco": 0, "Shape_Leng": 0.6, "Shape_Area": 0.0225}, "geometry": {"type": "Polygon", "coordinates": [[[-53.74999999999994, -17.549999999999955], [-53.599999999999966, -17.549999999999955], [-53.599999999999966, -17.699999999999932], [-53.74999999999994, -17.699999999999932], [-53.74999999999994, -17.549999999999955]]]}}, {"type": "Feature", "properties": {"No_de_Poco": 0, "Shape_Leng": 0.6, "Shape_Area": 0.0225}, "geometry": {"type": "Polygon", "coordinates": [[[-53.74999999999994, -17.399999999999977], [-53.599999999999966, -17.399999999999977], [-53.599999999999966, -17.549999999999955], [-53.74999999999994, -17.549999999999955], [-53.74999999999994, -17.399999999999977]]]}}, {"type": "Feature", "properties": {"No_de_Poco": 0, "Shape_Leng": 0.6, "Shape_Area": 0.0225}, "geometry": {"type": "Polygon", "coordinates": [[[-53.74999999999994, -17.249999999999943], [-53.599999999999966, -17.249999999999943], [-53.599999999999966, -17.399999999999977], [-53.74999999999994, -17.399999999999977], [-53.74999999999994, -17.249999999999943]]]}}, {"type": "Feature", "properties": {"No_de_Poco": 0, "Shape_Leng": 0.6, "Shape_Area": 0.0225}, "geometry": {"type": "Polygon", "coordinates": [[[-53.74999999999994, -17.099999999999966], [-53.599999999999966, -17.099999999999966], [-53.599999999999966, -17.249999999999943], [-53.74999999999994, -17.249999999999943], [-53.74999999999994, -17.099999999999966]]]}}, {"type": "Feature", "properties": {"No_de_Poco": 0, "Shape_Leng": 0.6, "Shape_Area": 0.0225}, "geometry": {"type": "Polygon", "coordinates": [[[-53.89999999999998, -19.649999999999977], [-53.74999999999994, -19.649999999999977], [-53.74999999999994, -19.799999999999955], [-53.89999999999998, -19.799999999999955], [-53.89999999999998, -19.649999999999977]]]}}, {"type": "Feature", "properties": {"No_de_Poco": 1, "Shape_Leng": 0.6, "Shape_Area": 0.0225}, "geometry": {"type": "Polygon", "coordinates": [[[-53.89999999999998, -19.499999999999943], [-53.74999999999994, -19.499999999999943], [-53.74999999999994, -19.649999999999977], [-53.89999999999998, -19.649999999999977], [-53.89999999999998, -19.499999999999943]]]}}, {"type": "Feature", "properties": {"No_de_Poco": 0, "Shape_Leng": 0.6, "Shape_Area": 0.0225}, "geometry": {"type": "Polygon", "coordinates": [[[-53.89999999999998, -19.349999999999966], [-53.74999999999994, -19.349999999999966], [-53.74999999999994, -19.499999999999943], [-53.89999999999998, -19.499999999999943], [-53.89999999999998, -19.349999999999966]]]}}, {"type": "Feature", "properties": {"No_de_Poco": 0, "Shape_Leng": 0.6, "Shape_Area": 0.0225}, "geometry": {"type": "Polygon", "coordinates": [[[-53.89999999999998, -19.199999999999932], [-53.74999999999994, -19.199999999999932], [-53.74999999999994, -19.349999999999966], [-53.89999999999998, -19.349999999999966], [-53.89999999999998, -19.199999999999932]]]}}, {"type": "Feature", "properties": {"No_de_Poco": 0, "Shape_Leng": 0.6, "Shape_Area": 0.0225}, "geometry": {"type": "Polygon", "coordinates": [[[-53.89999999999998, -19.049999999999955], [-53.74999999999994, -19.049999999999955], [-53.74999999999994, -19.199999999999932], [-53.89999999999998, -19.199999999999932], [-53.89999999999998, -19.049999999999955]]]}}, {"type": "Feature", "properties": {"No_de_Poco": 0, "Shape_Leng": 0.6, "Shape_Area": 0.0225}, "geometry": {"type": "Polygon", "coordinates": [[[-53.89999999999998, -18.899999999999977], [-53.74999999999994, -18.899999999999977], [-53.74999999999994, -19.049999999999955], [-53.89999999999998, -19.049999999999955], [-53.89999999999998, -18.899999999999977]]]}}, {"type": "Feature", "properties": {"No_de_Poco": 0, "Shape_Leng": 0.6, "Shape_Area": 0.0225}, "geometry": {"type": "Polygon", "coordinates": [[[-53.89999999999998, -18.749999999999943], [-53.74999999999994, -18.749999999999943], [-53.74999999999994, -18.899999999999977], [-53.89999999999998, -18.899999999999977], [-53.89999999999998, -18.749999999999943]]]}}, {"type": "Feature", "properties": {"No_de_Poco": 0, "Shape_Leng": 0.6, "Shape_Area": 0.0225}, "geometry": {"type": "Polygon", "coordinates": [[[-53.89999999999998, -18.599999999999966], [-53.74999999999994, -18.599999999999966], [-53.74999999999994, -18.749999999999943], [-53.89999999999998, -18.749999999999943], [-53.89999999999998, -18.599999999999966]]]}}, {"type": "Feature", "properties": {"No_de_Poco": 0, "Shape_Leng": 0.6, "Shape_Area": 0.0225}, "geometry": {"type": "Polygon", "coordinates": [[[-53.89999999999998, -18.449999999999932], [-53.74999999999994, -18.449999999999932], [-53.74999999999994, -18.599999999999966], [-53.89999999999998, -18.599999999999966], [-53.89999999999998, -18.449999999999932]]]}}, {"type": "Feature", "properties": {"No_de_Poco": 0, "Shape_Leng": 0.6, "Shape_Area": 0.0225}, "geometry": {"type": "Polygon", "coordinates": [[[-53.89999999999998, -18.299999999999955], [-53.74999999999994, -18.299999999999955], [-53.74999999999994, -18.449999999999932], [-53.89999999999998, -18.449999999999932], [-53.89999999999998, -18.299999999999955]]]}}, {"type": "Feature", "properties": {"No_de_Poco": 0, "Shape_Leng": 0.6, "Shape_Area": 0.0225}, "geometry": {"type": "Polygon", "coordinates": [[[-53.89999999999998, -18.149999999999977], [-53.74999999999994, -18.149999999999977], [-53.74999999999994, -18.299999999999955], [-53.89999999999998, -18.299999999999955], [-53.89999999999998, -18.149999999999977]]]}}, {"type": "Feature", "properties": {"No_de_Poco": 0, "Shape_Leng": 0.6, "Shape_Area": 0.0225}, "geometry": {"type": "Polygon", "coordinates": [[[-53.89999999999998, -17.999999999999943], [-53.74999999999994, -17.999999999999943], [-53.74999999999994, -18.149999999999977], [-53.89999999999998, -18.149999999999977], [-53.89999999999998, -17.999999999999943]]]}}, {"type": "Feature", "properties": {"No_de_Poco": 0, "Shape_Leng": 0.6, "Shape_Area": 0.0225}, "geometry": {"type": "Polygon", "coordinates": [[[-53.89999999999998, -17.849999999999966], [-53.74999999999994, -17.849999999999966], [-53.74999999999994, -17.999999999999943], [-53.89999999999998, -17.999999999999943], [-53.89999999999998, -17.849999999999966]]]}}, {"type": "Feature", "properties": {"No_de_Poco": 0, "Shape_Leng": 0.6, "Shape_Area": 0.0225}, "geometry": {"type": "Polygon", "coordinates": [[[-53.89999999999998, -17.699999999999932], [-53.74999999999994, -17.699999999999932], [-53.74999999999994, -17.849999999999966], [-53.89999999999998, -17.849999999999966], [-53.89999999999998, -17.699999999999932]]]}}, {"type": "Feature", "properties": {"No_de_Poco": 0, "Shape_Leng": 0.6, "Shape_Area": 0.0225}, "geometry": {"type": "Polygon", "coordinates": [[[-53.89999999999998, -17.549999999999955], [-53.74999999999994, -17.549999999999955], [-53.74999999999994, -17.699999999999932], [-53.89999999999998, -17.699999999999932], [-53.89999999999998, -17.549999999999955]]]}}, {"type": "Feature", "properties": {"No_de_Poco": 0, "Shape_Leng": 0.6, "Shape_Area": 0.0225}, "geometry": {"type": "Polygon", "coordinates": [[[-53.89999999999998, -17.399999999999977], [-53.74999999999994, -17.399999999999977], [-53.74999999999994, -17.549999999999955], [-53.89999999999998, -17.549999999999955], [-53.89999999999998, -17.399999999999977]]]}}, {"type": "Feature", "properties": {"No_de_Poco": 0, "Shape_Leng": 0.6, "Shape_Area": 0.0225}, "geometry": {"type": "Polygon", "coordinates": [[[-53.89999999999998, -17.249999999999943], [-53.74999999999994, -17.249999999999943], [-53.74999999999994, -17.399999999999977], [-53.89999999999998, -17.399999999999977], [-53.89999999999998, -17.249999999999943]]]}}, {"type": "Feature", "properties": {"No_de_Poco": 0, "Shape_Leng": 0.6, "Shape_Area": 0.0225}, "geometry": {"type": "Polygon", "coordinates": [[[-53.89999999999998, -17.099999999999966], [-53.74999999999994, -17.099999999999966], [-53.74999999999994, -17.249999999999943], [-53.89999999999998, -17.249999999999943], [-53.89999999999998, -17.099999999999966]]]}}, {"type": "Feature", "properties": {"No_de_Poco": 0, "Shape_Leng": 0.6, "Shape_Area": 0.0225}, "geometry": {"type": "Polygon", "coordinates": [[[-54.049999999999955, -19.649999999999977], [-53.89999999999998, -19.649999999999977], [-53.89999999999998, -19.799999999999955], [-54.049999999999955, -19.799999999999955], [-54.049999999999955, -19.649999999999977]]]}}, {"type": "Feature", "properties": {"No_de_Poco": 2, "Shape_Leng": 0.6, "Shape_Area": 0.0225}, "geometry": {"type": "Polygon", "coordinates": [[[-54.049999999999955, -19.349999999999966], [-53.89999999999998, -19.349999999999966], [-53.89999999999998, -19.499999999999943], [-54.049999999999955, -19.499999999999943], [-54.049999999999955, -19.349999999999966]]]}}, {"type": "Feature", "properties": {"No_de_Poco": 0, "Shape_Leng": 0.6, "Shape_Area": 0.0225}, "geometry": {"type": "Polygon", "coordinates": [[[-54.049999999999955, -19.199999999999932], [-53.89999999999998, -19.199999999999932], [-53.89999999999998, -19.349999999999966], [-54.049999999999955, -19.349999999999966], [-54.049999999999955, -19.199999999999932]]]}}, {"type": "Feature", "properties": {"No_de_Poco": 0, "Shape_Leng": 0.6, "Shape_Area": 0.0225}, "geometry": {"type": "Polygon", "coordinates": [[[-54.049999999999955, -19.049999999999955], [-53.89999999999998, -19.049999999999955], [-53.89999999999998, -19.199999999999932], [-54.049999999999955, -19.199999999999932], [-54.049999999999955, -19.049999999999955]]]}}, {"type": "Feature", "properties": {"No_de_Poco": 2, "Shape_Leng": 0.6, "Shape_Area": 0.0225}, "geometry": {"type": "Polygon", "coordinates": [[[-54.049999999999955, -18.899999999999977], [-53.89999999999998, -18.899999999999977], [-53.89999999999998, -19.049999999999955], [-54.049999999999955, -19.049999999999955], [-54.049999999999955, -18.899999999999977]]]}}, {"type": "Feature", "properties": {"No_de_Poco": 0, "Shape_Leng": 0.6, "Shape_Area": 0.0225}, "geometry": {"type": "Polygon", "coordinates": [[[-54.049999999999955, -18.749999999999943], [-53.89999999999998, -18.749999999999943], [-53.89999999999998, -18.899999999999977], [-54.049999999999955, -18.899999999999977], [-54.049999999999955, -18.749999999999943]]]}}, {"type": "Feature", "properties": {"No_de_Poco": 0, "Shape_Leng": 0.6, "Shape_Area": 0.0225}, "geometry": {"type": "Polygon", "coordinates": [[[-54.049999999999955, -18.599999999999966], [-53.89999999999998, -18.599999999999966], [-53.89999999999998, -18.749999999999943], [-54.049999999999955, -18.749999999999943], [-54.049999999999955, -18.599999999999966]]]}}, {"type": "Feature", "properties": {"No_de_Poco": 0, "Shape_Leng": 0.6, "Shape_Area": 0.0225}, "geometry": {"type": "Polygon", "coordinates": [[[-54.049999999999955, -18.449999999999932], [-53.89999999999998, -18.449999999999932], [-53.89999999999998, -18.599999999999966], [-54.049999999999955, -18.599999999999966], [-54.049999999999955, -18.449999999999932]]]}}, {"type": "Feature", "properties": {"No_de_Poco": 0, "Shape_Leng": 0.6, "Shape_Area": 0.0225}, "geometry": {"type": "Polygon", "coordinates": [[[-54.049999999999955, -18.299999999999955], [-53.89999999999998, -18.299999999999955], [-53.89999999999998, -18.449999999999932], [-54.049999999999955, -18.449999999999932], [-54.049999999999955, -18.299999999999955]]]}}, {"type": "Feature", "properties": {"No_de_Poco": 2, "Shape_Leng": 0.6, "Shape_Area": 0.0225}, "geometry": {"type": "Polygon", "coordinates": [[[-54.049999999999955, -18.149999999999977], [-53.89999999999998, -18.149999999999977], [-53.89999999999998, -18.299999999999955], [-54.049999999999955, -18.299999999999955], [-54.049999999999955, -18.149999999999977]]]}}, {"type": "Feature", "properties": {"No_de_Poco": 0, "Shape_Leng": 0.6, "Shape_Area": 0.0225}, "geometry": {"type": "Polygon", "coordinates": [[[-54.049999999999955, -17.849999999999966], [-53.89999999999998, -17.849999999999966], [-53.89999999999998, -17.999999999999943], [-54.049999999999955, -17.999999999999943], [-54.049999999999955, -17.849999999999966]]]}}, {"type": "Feature", "properties": {"No_de_Poco": 0, "Shape_Leng": 0.6, "Shape_Area": 0.0225}, "geometry": {"type": "Polygon", "coordinates": [[[-54.049999999999955, -17.699999999999932], [-53.89999999999998, -17.699999999999932], [-53.89999999999998, -17.849999999999966], [-54.049999999999955, -17.849999999999966], [-54.049999999999955, -17.699999999999932]]]}}, {"type": "Feature", "properties": {"No_de_Poco": 0, "Shape_Leng": 0.6, "Shape_Area": 0.0225}, "geometry": {"type": "Polygon", "coordinates": [[[-54.049999999999955, -17.549999999999955], [-53.89999999999998, -17.549999999999955], [-53.89999999999998, -17.699999999999932], [-54.049999999999955, -17.699999999999932], [-54.049999999999955, -17.549999999999955]]]}}, {"type": "Feature", "properties": {"No_de_Poco": 0, "Shape_Leng": 0.6, "Shape_Area": 0.0225}, "geometry": {"type": "Polygon", "coordinates": [[[-54.049999999999955, -17.399999999999977], [-53.89999999999998, -17.399999999999977], [-53.89999999999998, -17.549999999999955], [-54.049999999999955, -17.549999999999955], [-54.049999999999955, -17.399999999999977]]]}}, {"type": "Feature", "properties": {"No_de_Poco": 0, "Shape_Leng": 0.6, "Shape_Area": 0.0225}, "geometry": {"type": "Polygon", "coordinates": [[[-54.19999999999993, -19.649999999999977], [-54.049999999999955, -19.649999999999977], [-54.049999999999955, -19.799999999999955], [-54.19999999999993, -19.799999999999955], [-54.19999999999993, -19.649999999999977]]]}}, {"type": "Feature", "properties": {"No_de_Poco": 1, "Shape_Leng": 0.6, "Shape_Area": 0.0225}, "geometry": {"type": "Polygon", "coordinates": [[[-54.19999999999993, -19.499999999999943], [-54.049999999999955, -19.499999999999943], [-54.049999999999955, -19.649999999999977], [-54.19999999999993, -19.649999999999977], [-54.19999999999993, -19.499999999999943]]]}}, {"type": "Feature", "properties": {"No_de_Poco": 0, "Shape_Leng": 0.6, "Shape_Area": 0.0225}, "geometry": {"type": "Polygon", "coordinates": [[[-54.19999999999993, -19.349999999999966], [-54.049999999999955, -19.349999999999966], [-54.049999999999955, -19.499999999999943], [-54.19999999999993, -19.499999999999943], [-54.19999999999993, -19.349999999999966]]]}}, {"type": "Feature", "properties": {"No_de_Poco": 0, "Shape_Leng": 0.6, "Shape_Area": 0.0225}, "geometry": {"type": "Polygon", "coordinates": [[[-54.19999999999993, -19.199999999999932], [-54.049999999999955, -19.199999999999932], [-54.049999999999955, -19.349999999999966], [-54.19999999999993, -19.349999999999966], [-54.19999999999993, -19.199999999999932]]]}}, {"type": "Feature", "properties": {"No_de_Poco": 0, "Shape_Leng": 0.6, "Shape_Area": 0.0225}, "geometry": {"type": "Polygon", "coordinates": [[[-54.19999999999993, -19.049999999999955], [-54.049999999999955, -19.049999999999955], [-54.049999999999955, -19.199999999999932], [-54.19999999999993, -19.199999999999932], [-54.19999999999993, -19.049999999999955]]]}}, {"type": "Feature", "properties": {"No_de_Poco": 0, "Shape_Leng": 0.6, "Shape_Area": 0.0225}, "geometry": {"type": "Polygon", "coordinates": [[[-54.19999999999993, -18.899999999999977], [-54.049999999999955, -18.899999999999977], [-54.049999999999955, -19.049999999999955], [-54.19999999999993, -19.049999999999955], [-54.19999999999993, -18.899999999999977]]]}}, {"type": "Feature", "properties": {"No_de_Poco": 0, "Shape_Leng": 0.6, "Shape_Area": 0.0225}, "geometry": {"type": "Polygon", "coordinates": [[[-54.19999999999993, -18.749999999999943], [-54.049999999999955, -18.749999999999943], [-54.049999999999955, -18.899999999999977], [-54.19999999999993, -18.899999999999977], [-54.19999999999993, -18.749999999999943]]]}}, {"type": "Feature", "properties": {"No_de_Poco": 0, "Shape_Leng": 0.6, "Shape_Area": 0.0225}, "geometry": {"type": "Polygon", "coordinates": [[[-54.19999999999993, -18.599999999999966], [-54.049999999999955, -18.599999999999966], [-54.049999999999955, -18.749999999999943], [-54.19999999999993, -18.749999999999943], [-54.19999999999993, -18.599999999999966]]]}}, {"type": "Feature", "properties": {"No_de_Poco": 0, "Shape_Leng": 0.6, "Shape_Area": 0.0225}, "geometry": {"type": "Polygon", "coordinates": [[[-54.19999999999993, -18.449999999999932], [-54.049999999999955, -18.449999999999932], [-54.049999999999955, -18.599999999999966], [-54.19999999999993, -18.599999999999966], [-54.19999999999993, -18.449999999999932]]]}}, {"type": "Feature", "properties": {"No_de_Poco": 0, "Shape_Leng": 0.6, "Shape_Area": 0.0225}, "geometry": {"type": "Polygon", "coordinates": [[[-54.19999999999993, -18.299999999999955], [-54.049999999999955, -18.299999999999955], [-54.049999999999955, -18.449999999999932], [-54.19999999999993, -18.449999999999932], [-54.19999999999993, -18.299999999999955]]]}}, {"type": "Feature", "properties": {"No_de_Poco": 0, "Shape_Leng": 0.6, "Shape_Area": 0.0225}, "geometry": {"type": "Polygon", "coordinates": [[[-54.19999999999993, -18.149999999999977], [-54.049999999999955, -18.149999999999977], [-54.049999999999955, -18.299999999999955], [-54.19999999999993, -18.299999999999955], [-54.19999999999993, -18.149999999999977]]]}}, {"type": "Feature", "properties": {"No_de_Poco": 0, "Shape_Leng": 0.6, "Shape_Area": 0.0225}, "geometry": {"type": "Polygon", "coordinates": [[[-54.19999999999993, -17.999999999999943], [-54.049999999999955, -17.999999999999943], [-54.049999999999955, -18.149999999999977], [-54.19999999999993, -18.149999999999977], [-54.19999999999993, -17.999999999999943]]]}}, {"type": "Feature", "properties": {"No_de_Poco": 0, "Shape_Leng": 0.6, "Shape_Area": 0.0225}, "geometry": {"type": "Polygon", "coordinates": [[[-54.19999999999993, -17.849999999999966], [-54.049999999999955, -17.849999999999966], [-54.049999999999955, -17.999999999999943], [-54.19999999999993, -17.999999999999943], [-54.19999999999993, -17.849999999999966]]]}}, {"type": "Feature", "properties": {"No_de_Poco": 0, "Shape_Leng": 0.6, "Shape_Area": 0.0225}, "geometry": {"type": "Polygon", "coordinates": [[[-54.19999999999993, -17.699999999999932], [-54.049999999999955, -17.699999999999932], [-54.049999999999955, -17.849999999999966], [-54.19999999999993, -17.849999999999966], [-54.19999999999993, -17.699999999999932]]]}}, {"type": "Feature", "properties": {"No_de_Poco": 1, "Shape_Leng": 0.6, "Shape_Area": 0.0225}, "geometry": {"type": "Polygon", "coordinates": [[[-54.349999999999966, -19.649999999999977], [-54.19999999999993, -19.649999999999977], [-54.19999999999993, -19.799999999999955], [-54.349999999999966, -19.799999999999955], [-54.349999999999966, -19.649999999999977]]]}}, {"type": "Feature", "properties": {"No_de_Poco": 0, "Shape_Leng": 0.6, "Shape_Area": 0.0225}, "geometry": {"type": "Polygon", "coordinates": [[[-54.349999999999966, -19.499999999999943], [-54.19999999999993, -19.499999999999943], [-54.19999999999993, -19.649999999999977], [-54.349999999999966, -19.649999999999977], [-54.349999999999966, -19.499999999999943]]]}}, {"type": "Feature", "properties": {"No_de_Poco": 0, "Shape_Leng": 0.6, "Shape_Area": 0.0225}, "geometry": {"type": "Polygon", "coordinates": [[[-54.349999999999966, -19.349999999999966], [-54.19999999999993, -19.349999999999966], [-54.19999999999993, -19.499999999999943], [-54.349999999999966, -19.499999999999943], [-54.349999999999966, -19.349999999999966]]]}}, {"type": "Feature", "properties": {"No_de_Poco": 4, "Shape_Leng": 0.6, "Shape_Area": 0.0225}, "geometry": {"type": "Polygon", "coordinates": [[[-54.349999999999966, -19.199999999999932], [-54.19999999999993, -19.199999999999932], [-54.19999999999993, -19.349999999999966], [-54.349999999999966, -19.349999999999966], [-54.349999999999966, -19.199999999999932]]]}}, {"type": "Feature", "properties": {"No_de_Poco": 0, "Shape_Leng": 0.6, "Shape_Area": 0.0225}, "geometry": {"type": "Polygon", "coordinates": [[[-54.349999999999966, -19.049999999999955], [-54.19999999999993, -19.049999999999955], [-54.19999999999993, -19.199999999999932], [-54.349999999999966, -19.199999999999932], [-54.349999999999966, -19.049999999999955]]]}}, {"type": "Feature", "properties": {"No_de_Poco": 1, "Shape_Leng": 0.6, "Shape_Area": 0.0225}, "geometry": {"type": "Polygon", "coordinates": [[[-54.349999999999966, -18.899999999999977], [-54.19999999999993, -18.899999999999977], [-54.19999999999993, -19.049999999999955], [-54.349999999999966, -19.049999999999955], [-54.349999999999966, -18.899999999999977]]]}}, {"type": "Feature", "properties": {"No_de_Poco": 1, "Shape_Leng": 0.6, "Shape_Area": 0.0225}, "geometry": {"type": "Polygon", "coordinates": [[[-54.349999999999966, -18.749999999999943], [-54.19999999999993, -18.749999999999943], [-54.19999999999993, -18.899999999999977], [-54.349999999999966, -18.899999999999977], [-54.349999999999966, -18.749999999999943]]]}}, {"type": "Feature", "properties": {"No_de_Poco": 0, "Shape_Leng": 0.6, "Shape_Area": 0.0225}, "geometry": {"type": "Polygon", "coordinates": [[[-54.349999999999966, -18.599999999999966], [-54.19999999999993, -18.599999999999966], [-54.19999999999993, -18.749999999999943], [-54.349999999999966, -18.749999999999943], [-54.349999999999966, -18.599999999999966]]]}}, {"type": "Feature", "properties": {"No_de_Poco": 0, "Shape_Leng": 0.6, "Shape_Area": 0.0225}, "geometry": {"type": "Polygon", "coordinates": [[[-54.349999999999966, -18.449999999999932], [-54.19999999999993, -18.449999999999932], [-54.19999999999993, -18.599999999999966], [-54.349999999999966, -18.599999999999966], [-54.349999999999966, -18.449999999999932]]]}}, {"type": "Feature", "properties": {"No_de_Poco": 0, "Shape_Leng": 0.6, "Shape_Area": 0.0225}, "geometry": {"type": "Polygon", "coordinates": [[[-54.349999999999966, -18.299999999999955], [-54.19999999999993, -18.299999999999955], [-54.19999999999993, -18.449999999999932], [-54.349999999999966, -18.449999999999932], [-54.349999999999966, -18.299999999999955]]]}}, {"type": "Feature", "properties": {"No_de_Poco": 0, "Shape_Leng": 0.6, "Shape_Area": 0.0225}, "geometry": {"type": "Polygon", "coordinates": [[[-54.349999999999966, -18.149999999999977], [-54.19999999999993, -18.149999999999977], [-54.19999999999993, -18.299999999999955], [-54.349999999999966, -18.299999999999955], [-54.349999999999966, -18.149999999999977]]]}}, {"type": "Feature", "properties": {"No_de_Poco": 0, "Shape_Leng": 0.6, "Shape_Area": 0.0225}, "geometry": {"type": "Polygon", "coordinates": [[[-54.349999999999966, -17.999999999999943], [-54.19999999999993, -17.999999999999943], [-54.19999999999993, -18.149999999999977], [-54.349999999999966, -18.149999999999977], [-54.349999999999966, -17.999999999999943]]]}}, {"type": "Feature", "properties": {"No_de_Poco": 2, "Shape_Leng": 0.6, "Shape_Area": 0.0225}, "geometry": {"type": "Polygon", "coordinates": [[[-54.49999999999994, -19.649999999999977], [-54.349999999999966, -19.649999999999977], [-54.349999999999966, -19.799999999999955], [-54.49999999999994, -19.799999999999955], [-54.49999999999994, -19.649999999999977]]]}}, {"type": "Feature", "properties": {"No_de_Poco": 5, "Shape_Leng": 0.6, "Shape_Area": 0.0225}, "geometry": {"type": "Polygon", "coordinates": [[[-54.49999999999994, -19.499999999999943], [-54.349999999999966, -19.499999999999943], [-54.349999999999966, -19.649999999999977], [-54.49999999999994, -19.649999999999977], [-54.49999999999994, -19.499999999999943]]]}}, {"type": "Feature", "properties": {"No_de_Poco": 2, "Shape_Leng": 0.6, "Shape_Area": 0.0225}, "geometry": {"type": "Polygon", "coordinates": [[[-54.49999999999994, -19.349999999999966], [-54.349999999999966, -19.349999999999966], [-54.349999999999966, -19.499999999999943], [-54.49999999999994, -19.499999999999943], [-54.49999999999994, -19.349999999999966]]]}}, {"type": "Feature", "properties": {"No_de_Poco": 2, "Shape_Leng": 0.6, "Shape_Area": 0.0225}, "geometry": {"type": "Polygon", "coordinates": [[[-54.49999999999994, -19.199999999999932], [-54.349999999999966, -19.199999999999932], [-54.349999999999966, -19.349999999999966], [-54.49999999999994, -19.349999999999966], [-54.49999999999994, -19.199999999999932]]]}}, {"type": "Feature", "properties": {"No_de_Poco": 2, "Shape_Leng": 0.6, "Shape_Area": 0.0225}, "geometry": {"type": "Polygon", "coordinates": [[[-54.49999999999994, -19.049999999999955], [-54.349999999999966, -19.049999999999955], [-54.349999999999966, -19.199999999999932], [-54.49999999999994, -19.199999999999932], [-54.49999999999994, -19.049999999999955]]]}}, {"type": "Feature", "properties": {"No_de_Poco": 0, "Shape_Leng": 0.6, "Shape_Area": 0.0225}, "geometry": {"type": "Polygon", "coordinates": [[[-54.49999999999994, -18.749999999999943], [-54.349999999999966, -18.749999999999943], [-54.349999999999966, -18.899999999999977], [-54.49999999999994, -18.899999999999977], [-54.49999999999994, -18.749999999999943]]]}}, {"type": "Feature", "properties": {"No_de_Poco": 1, "Shape_Leng": 0.6, "Shape_Area": 0.0225}, "geometry": {"type": "Polygon", "coordinates": [[[-54.49999999999994, -18.599999999999966], [-54.349999999999966, -18.599999999999966], [-54.349999999999966, -18.749999999999943], [-54.49999999999994, -18.749999999999943], [-54.49999999999994, -18.599999999999966]]]}}, {"type": "Feature", "properties": {"No_de_Poco": 0, "Shape_Leng": 0.6, "Shape_Area": 0.0225}, "geometry": {"type": "Polygon", "coordinates": [[[-54.49999999999994, -18.449999999999932], [-54.349999999999966, -18.449999999999932], [-54.349999999999966, -18.599999999999966], [-54.49999999999994, -18.599999999999966], [-54.49999999999994, -18.449999999999932]]]}}, {"type": "Feature", "properties": {"No_de_Poco": 0, "Shape_Leng": 0.6, "Shape_Area": 0.0225}, "geometry": {"type": "Polygon", "coordinates": [[[-54.49999999999994, -18.299999999999955], [-54.349999999999966, -18.299999999999955], [-54.349999999999966, -18.449999999999932], [-54.49999999999994, -18.449999999999932], [-54.49999999999994, -18.299999999999955]]]}}, {"type": "Feature", "properties": {"No_de_Poco": 0, "Shape_Leng": 0.6, "Shape_Area": 0.0225}, "geometry": {"type": "Polygon", "coordinates": [[[-54.49999999999994, -18.149999999999977], [-54.349999999999966, -18.149999999999977], [-54.349999999999966, -18.299999999999955], [-54.49999999999994, -18.299999999999955], [-54.49999999999994, -18.149999999999977]]]}}, {"type": "Feature", "properties": {"No_de_Poco": 0, "Shape_Leng": 0.6, "Shape_Area": 0.0225}, "geometry": {"type": "Polygon", "coordinates": [[[-54.49999999999994, -17.999999999999943], [-54.349999999999966, -17.999999999999943], [-54.349999999999966, -18.149999999999977], [-54.49999999999994, -18.149999999999977], [-54.49999999999994, -17.999999999999943]]]}}, {"type": "Feature", "properties": {"No_de_Poco": 0, "Shape_Leng": 0.6, "Shape_Area": 0.0225}, "geometry": {"type": "Polygon", "coordinates": [[[-54.49999999999994, -17.849999999999966], [-54.349999999999966, -17.849999999999966], [-54.349999999999966, -17.999999999999943], [-54.49999999999994, -17.999999999999943], [-54.49999999999994, -17.849999999999966]]]}}, {"type": "Feature", "properties": {"No_de_Poco": 0, "Shape_Leng": 0.6, "Shape_Area": 0.0225}, "geometry": {"type": "Polygon", "coordinates": [[[-54.49999999999994, -17.699999999999932], [-54.349999999999966, -17.699999999999932], [-54.349999999999966, -17.849999999999966], [-54.49999999999994, -17.849999999999966], [-54.49999999999994, -17.699999999999932]]]}}, {"type": "Feature", "properties": {"No_de_Poco": 0, "Shape_Leng": 0.6, "Shape_Area": 0.0225}, "geometry": {"type": "Polygon", "coordinates": [[[-54.49999999999994, -17.549999999999955], [-54.349999999999966, -17.549999999999955], [-54.349999999999966, -17.699999999999932], [-54.49999999999994, -17.699999999999932], [-54.49999999999994, -17.549999999999955]]]}}, {"type": "Feature", "properties": {"No_de_Poco": 0, "Shape_Leng": 0.6, "Shape_Area": 0.0225}, "geometry": {"type": "Polygon", "coordinates": [[[-54.64999999999998, -19.649999999999977], [-54.49999999999994, -19.649999999999977], [-54.49999999999994, -19.799999999999955], [-54.64999999999998, -19.799999999999955], [-54.64999999999998, -19.649999999999977]]]}}, {"type": "Feature", "properties": {"No_de_Poco": 2, "Shape_Leng": 0.6, "Shape_Area": 0.0225}, "geometry": {"type": "Polygon", "coordinates": [[[-54.64999999999998, -19.499999999999943], [-54.49999999999994, -19.499999999999943], [-54.49999999999994, -19.649999999999977], [-54.64999999999998, -19.649999999999977], [-54.64999999999998, -19.499999999999943]]]}}, {"type": "Feature", "properties": {"No_de_Poco": 59, "Shape_Leng": 0.6, "Shape_Area": 0.0225}, "geometry": {"type": "Polygon", "coordinates": [[[-54.64999999999998, -19.349999999999966], [-54.49999999999994, -19.349999999999966], [-54.49999999999994, -19.499999999999943], [-54.64999999999998, -19.499999999999943], [-54.64999999999998, -19.349999999999966]]]}}, {"type": "Feature", "properties": {"No_de_Poco": 37, "Shape_Leng": 0.6, "Shape_Area": 0.0225}, "geometry": {"type": "Polygon", "coordinates": [[[-54.64999999999998, -19.199999999999932], [-54.49999999999994, -19.199999999999932], [-54.49999999999994, -19.349999999999966], [-54.64999999999998, -19.349999999999966], [-54.64999999999998, -19.199999999999932]]]}}, {"type": "Feature", "properties": {"No_de_Poco": 2, "Shape_Leng": 0.6, "Shape_Area": 0.0225}, "geometry": {"type": "Polygon", "coordinates": [[[-54.64999999999998, -19.049999999999955], [-54.49999999999994, -19.049999999999955], [-54.49999999999994, -19.199999999999932], [-54.64999999999998, -19.199999999999932], [-54.64999999999998, -19.049999999999955]]]}}, {"type": "Feature", "properties": {"No_de_Poco": 0, "Shape_Leng": 0.6, "Shape_Area": 0.0225}, "geometry": {"type": "Polygon", "coordinates": [[[-54.64999999999998, -18.899999999999977], [-54.49999999999994, -18.899999999999977], [-54.49999999999994, -19.049999999999955], [-54.64999999999998, -19.049999999999955], [-54.64999999999998, -18.899999999999977]]]}}, {"type": "Feature", "properties": {"No_de_Poco": 0, "Shape_Leng": 0.6, "Shape_Area": 0.0225}, "geometry": {"type": "Polygon", "coordinates": [[[-54.64999999999998, -18.749999999999943], [-54.49999999999994, -18.749999999999943], [-54.49999999999994, -18.899999999999977], [-54.64999999999998, -18.899999999999977], [-54.64999999999998, -18.749999999999943]]]}}, {"type": "Feature", "properties": {"No_de_Poco": 0, "Shape_Leng": 0.6, "Shape_Area": 0.0225}, "geometry": {"type": "Polygon", "coordinates": [[[-54.64999999999998, -18.599999999999966], [-54.49999999999994, -18.599999999999966], [-54.49999999999994, -18.749999999999943], [-54.64999999999998, -18.749999999999943], [-54.64999999999998, -18.599999999999966]]]}}, {"type": "Feature", "properties": {"No_de_Poco": 4, "Shape_Leng": 0.6, "Shape_Area": 0.0225}, "geometry": {"type": "Polygon", "coordinates": [[[-54.64999999999998, -18.449999999999932], [-54.49999999999994, -18.449999999999932], [-54.49999999999994, -18.599999999999966], [-54.64999999999998, -18.599999999999966], [-54.64999999999998, -18.449999999999932]]]}}, {"type": "Feature", "properties": {"No_de_Poco": 4, "Shape_Leng": 0.6, "Shape_Area": 0.0225}, "geometry": {"type": "Polygon", "coordinates": [[[-54.64999999999998, -18.299999999999955], [-54.49999999999994, -18.299999999999955], [-54.49999999999994, -18.449999999999932], [-54.64999999999998, -18.449999999999932], [-54.64999999999998, -18.299999999999955]]]}}, {"type": "Feature", "properties": {"No_de_Poco": 2, "Shape_Leng": 0.6, "Shape_Area": 0.0225}, "geometry": {"type": "Polygon", "coordinates": [[[-54.64999999999998, -18.149999999999977], [-54.49999999999994, -18.149999999999977], [-54.49999999999994, -18.299999999999955], [-54.64999999999998, -18.299999999999955], [-54.64999999999998, -18.149999999999977]]]}}, {"type": "Feature", "properties": {"No_de_Poco": 6, "Shape_Leng": 0.6, "Shape_Area": 0.0225}, "geometry": {"type": "Polygon", "coordinates": [[[-54.64999999999998, -17.999999999999943], [-54.49999999999994, -17.999999999999943], [-54.49999999999994, -18.149999999999977], [-54.64999999999998, -18.149999999999977], [-54.64999999999998, -17.999999999999943]]]}}, {"type": "Feature", "properties": {"No_de_Poco": 0, "Shape_Leng": 0.6, "Shape_Area": 0.0225}, "geometry": {"type": "Polygon", "coordinates": [[[-54.64999999999998, -17.849999999999966], [-54.49999999999994, -17.849999999999966], [-54.49999999999994, -17.999999999999943], [-54.64999999999998, -17.999999999999943], [-54.64999999999998, -17.849999999999966]]]}}, {"type": "Feature", "properties": {"No_de_Poco": 0, "Shape_Leng": 0.6, "Shape_Area": 0.0225}, "geometry": {"type": "Polygon", "coordinates": [[[-54.64999999999998, -17.699999999999932], [-54.49999999999994, -17.699999999999932], [-54.49999999999994, -17.849999999999966], [-54.64999999999998, -17.849999999999966], [-54.64999999999998, -17.699999999999932]]]}}, {"type": "Feature", "properties": {"No_de_Poco": 5, "Shape_Leng": 0.6, "Shape_Area": 0.0225}, "geometry": {"type": "Polygon", "coordinates": [[[-54.799999999999955, -19.649999999999977], [-54.64999999999998, -19.649999999999977], [-54.64999999999998, -19.799999999999955], [-54.799999999999955, -19.799999999999955], [-54.799999999999955, -19.649999999999977]]]}}, {"type": "Feature", "properties": {"No_de_Poco": 1, "Shape_Leng": 0.6, "Shape_Area": 0.0225}, "geometry": {"type": "Polygon", "coordinates": [[[-54.799999999999955, -19.499999999999943], [-54.64999999999998, -19.499999999999943], [-54.64999999999998, -19.649999999999977], [-54.799999999999955, -19.649999999999977], [-54.799999999999955, -19.499999999999943]]]}}, {"type": "Feature", "properties": {"No_de_Poco": 2, "Shape_Leng": 0.6, "Shape_Area": 0.0225}, "geometry": {"type": "Polygon", "coordinates": [[[-54.799999999999955, -19.349999999999966], [-54.64999999999998, -19.349999999999966], [-54.64999999999998, -19.499999999999943], [-54.799999999999955, -19.499999999999943], [-54.799999999999955, -19.349999999999966]]]}}, {"type": "Feature", "properties": {"No_de_Poco": 13, "Shape_Leng": 0.6, "Shape_Area": 0.0225}, "geometry": {"type": "Polygon", "coordinates": [[[-54.799999999999955, -19.199999999999932], [-54.64999999999998, -19.199999999999932], [-54.64999999999998, -19.349999999999966], [-54.799999999999955, -19.349999999999966], [-54.799999999999955, -19.199999999999932]]]}}, {"type": "Feature", "properties": {"No_de_Poco": 2, "Shape_Leng": 0.6, "Shape_Area": 0.0225}, "geometry": {"type": "Polygon", "coordinates": [[[-54.799999999999955, -19.049999999999955], [-54.64999999999998, -19.049999999999955], [-54.64999999999998, -19.199999999999932], [-54.799999999999955, -19.199999999999932], [-54.799999999999955, -19.049999999999955]]]}}, {"type": "Feature", "properties": {"No_de_Poco": 0, "Shape_Leng": 0.6, "Shape_Area": 0.0225}, "geometry": {"type": "Polygon", "coordinates": [[[-54.799999999999955, -18.899999999999977], [-54.64999999999998, -18.899999999999977], [-54.64999999999998, -19.049999999999955], [-54.799999999999955, -19.049999999999955], [-54.799999999999955, -18.899999999999977]]]}}, {"type": "Feature", "properties": {"No_de_Poco": 0, "Shape_Leng": 0.6, "Shape_Area": 0.0225}, "geometry": {"type": "Polygon", "coordinates": [[[-54.799999999999955, -18.749999999999943], [-54.64999999999998, -18.749999999999943], [-54.64999999999998, -18.899999999999977], [-54.799999999999955, -18.899999999999977], [-54.799999999999955, -18.749999999999943]]]}}, {"type": "Feature", "properties": {"No_de_Poco": 0, "Shape_Leng": 0.6, "Shape_Area": 0.0225}, "geometry": {"type": "Polygon", "coordinates": [[[-54.799999999999955, -18.599999999999966], [-54.64999999999998, -18.599999999999966], [-54.64999999999998, -18.749999999999943], [-54.799999999999955, -18.749999999999943], [-54.799999999999955, -18.599999999999966]]]}}, {"type": "Feature", "properties": {"No_de_Poco": 0, "Shape_Leng": 0.6, "Shape_Area": 0.0225}, "geometry": {"type": "Polygon", "coordinates": [[[-54.799999999999955, -18.299999999999955], [-54.64999999999998, -18.299999999999955], [-54.64999999999998, -18.449999999999932], [-54.799999999999955, -18.449999999999932], [-54.799999999999955, -18.299999999999955]]]}}, {"type": "Feature", "properties": {"No_de_Poco": 1, "Shape_Leng": 0.6, "Shape_Area": 0.0225}, "geometry": {"type": "Polygon", "coordinates": [[[-54.799999999999955, -18.149999999999977], [-54.64999999999998, -18.149999999999977], [-54.64999999999998, -18.299999999999955], [-54.799999999999955, -18.299999999999955], [-54.799999999999955, -18.149999999999977]]]}}, {"type": "Feature", "properties": {"No_de_Poco": 1, "Shape_Leng": 0.6, "Shape_Area": 0.0225}, "geometry": {"type": "Polygon", "coordinates": [[[-54.799999999999955, -17.999999999999943], [-54.64999999999998, -17.999999999999943], [-54.64999999999998, -18.149999999999977], [-54.799999999999955, -18.149999999999977], [-54.799999999999955, -17.999999999999943]]]}}, {"type": "Feature", "properties": {"No_de_Poco": 0, "Shape_Leng": 0.6, "Shape_Area": 0.0225}, "geometry": {"type": "Polygon", "coordinates": [[[-54.799999999999955, -17.849999999999966], [-54.64999999999998, -17.849999999999966], [-54.64999999999998, -17.999999999999943], [-54.799999999999955, -17.999999999999943], [-54.799999999999955, -17.849999999999966]]]}}, {"type": "Feature", "properties": {"No_de_Poco": 1, "Shape_Leng": 0.6, "Shape_Area": 0.0225}, "geometry": {"type": "Polygon", "coordinates": [[[-54.799999999999955, -17.699999999999932], [-54.64999999999998, -17.699999999999932], [-54.64999999999998, -17.849999999999966], [-54.799999999999955, -17.849999999999966], [-54.799999999999955, -17.699999999999932]]]}}, {"type": "Feature", "properties": {"No_de_Poco": 12, "Shape_Leng": 0.6, "Shape_Area": 0.0225}, "geometry": {"type": "Polygon", "coordinates": [[[-54.799999999999955, -17.549999999999955], [-54.64999999999998, -17.549999999999955], [-54.64999999999998, -17.699999999999932], [-54.799999999999955, -17.699999999999932], [-54.799999999999955, -17.549999999999955]]]}}, {"type": "Feature", "properties": {"No_de_Poco": 0, "Shape_Leng": 0.6, "Shape_Area": 0.0225}, "geometry": {"type": "Polygon", "coordinates": [[[-54.799999999999955, -17.399999999999977], [-54.64999999999998, -17.399999999999977], [-54.64999999999998, -17.549999999999955], [-54.799999999999955, -17.549999999999955], [-54.799999999999955, -17.399999999999977]]]}}, {"type": "Feature", "properties": {"No_de_Poco": 2, "Shape_Leng": 0.6, "Shape_Area": 0.0225}, "geometry": {"type": "Polygon", "coordinates": [[[-54.94999999999993, -19.649999999999977], [-54.799999999999955, -19.649999999999977], [-54.799999999999955, -19.799999999999955], [-54.94999999999993, -19.799999999999955], [-54.94999999999993, -19.649999999999977]]]}}, {"type": "Feature", "properties": {"No_de_Poco": 0, "Shape_Leng": 0.6, "Shape_Area": 0.0225}, "geometry": {"type": "Polygon", "coordinates": [[[-54.94999999999993, -19.349999999999966], [-54.799999999999955, -19.349999999999966], [-54.799999999999955, -19.499999999999943], [-54.94999999999993, -19.499999999999943], [-54.94999999999993, -19.349999999999966]]]}}, {"type": "Feature", "properties": {"No_de_Poco": 0, "Shape_Leng": 0.6, "Shape_Area": 0.0225}, "geometry": {"type": "Polygon", "coordinates": [[[-54.94999999999993, -19.049999999999955], [-54.799999999999955, -19.049999999999955], [-54.799999999999955, -19.199999999999932], [-54.94999999999993, -19.199999999999932], [-54.94999999999993, -19.049999999999955]]]}}, {"type": "Feature", "properties": {"No_de_Poco": 23, "Shape_Leng": 0.6, "Shape_Area": 0.0225}, "geometry": {"type": "Polygon", "coordinates": [[[-54.94999999999993, -18.899999999999977], [-54.799999999999955, -18.899999999999977], [-54.799999999999955, -19.049999999999955], [-54.94999999999993, -19.049999999999955], [-54.94999999999993, -18.899999999999977]]]}}, {"type": "Feature", "properties": {"No_de_Poco": 1, "Shape_Leng": 0.6, "Shape_Area": 0.0225}, "geometry": {"type": "Polygon", "coordinates": [[[-54.94999999999993, -18.749999999999943], [-54.799999999999955, -18.749999999999943], [-54.799999999999955, -18.899999999999977], [-54.94999999999993, -18.899999999999977], [-54.94999999999993, -18.749999999999943]]]}}, {"type": "Feature", "properties": {"No_de_Poco": 1, "Shape_Leng": 0.6, "Shape_Area": 0.0225}, "geometry": {"type": "Polygon", "coordinates": [[[-54.94999999999993, -18.449999999999932], [-54.799999999999955, -18.449999999999932], [-54.799999999999955, -18.599999999999966], [-54.94999999999993, -18.599999999999966], [-54.94999999999993, -18.449999999999932]]]}}, {"type": "Feature", "properties": {"No_de_Poco": 0, "Shape_Leng": 0.6, "Shape_Area": 0.0225}, "geometry": {"type": "Polygon", "coordinates": [[[-54.94999999999993, -18.149999999999977], [-54.799999999999955, -18.149999999999977], [-54.799999999999955, -18.299999999999955], [-54.94999999999993, -18.299999999999955], [-54.94999999999993, -18.149999999999977]]]}}, {"type": "Feature", "properties": {"No_de_Poco": 0, "Shape_Leng": 0.6, "Shape_Area": 0.0225}, "geometry": {"type": "Polygon", "coordinates": [[[-54.94999999999993, -17.999999999999943], [-54.799999999999955, -17.999999999999943], [-54.799999999999955, -18.149999999999977], [-54.94999999999993, -18.149999999999977], [-54.94999999999993, -17.999999999999943]]]}}, {"type": "Feature", "properties": {"No_de_Poco": 0, "Shape_Leng": 0.6, "Shape_Area": 0.0225}, "geometry": {"type": "Polygon", "coordinates": [[[-54.94999999999993, -17.849999999999966], [-54.799999999999955, -17.849999999999966], [-54.799999999999955, -17.999999999999943], [-54.94999999999993, -17.999999999999943], [-54.94999999999993, -17.849999999999966]]]}}, {"type": "Feature", "properties": {"No_de_Poco": 0, "Shape_Leng": 0.6, "Shape_Area": 0.0225}, "geometry": {"type": "Polygon", "coordinates": [[[-54.94999999999993, -17.699999999999932], [-54.799999999999955, -17.699999999999932], [-54.799999999999955, -17.849999999999966], [-54.94999999999993, -17.849999999999966], [-54.94999999999993, -17.699999999999932]]]}}, {"type": "Feature", "properties": {"No_de_Poco": 0, "Shape_Leng": 0.6, "Shape_Area": 0.0225}, "geometry": {"type": "Polygon", "coordinates": [[[-54.94999999999993, -17.549999999999955], [-54.799999999999955, -17.549999999999955], [-54.799999999999955, -17.699999999999932], [-54.94999999999993, -17.699999999999932], [-54.94999999999993, -17.549999999999955]]]}}, {"type": "Feature", "properties": {"No_de_Poco": 1, "Shape_Leng": 0.6, "Shape_Area": 0.0225}, "geometry": {"type": "Polygon", "coordinates": [[[-55.099999999999966, -19.649999999999977], [-54.94999999999993, -19.649999999999977], [-54.94999999999993, -19.799999999999955], [-55.099999999999966, -19.799999999999955], [-55.099999999999966, -19.649999999999977]]]}}, {"type": "Feature", "properties": {"No_de_Poco": 0, "Shape_Leng": 0.6, "Shape_Area": 0.0225}, "geometry": {"type": "Polygon", "coordinates": [[[-55.099999999999966, -19.499999999999943], [-54.94999999999993, -19.499999999999943], [-54.94999999999993, -19.649999999999977], [-55.099999999999966, -19.649999999999977], [-55.099999999999966, -19.499999999999943]]]}}, {"type": "Feature", "properties": {"No_de_Poco": 6, "Shape_Leng": 0.6, "Shape_Area": 0.0225}, "geometry": {"type": "Polygon", "coordinates": [[[-55.099999999999966, -19.349999999999966], [-54.94999999999993, -19.349999999999966], [-54.94999999999993, -19.499999999999943], [-55.099999999999966, -19.499999999999943], [-55.099999999999966, -19.349999999999966]]]}}, {"type": "Feature", "properties": {"No_de_Poco": 2, "Shape_Leng": 0.6, "Shape_Area": 0.0225}, "geometry": {"type": "Polygon", "coordinates": [[[-55.099999999999966, -19.199999999999932], [-54.94999999999993, -19.199999999999932], [-54.94999999999993, -19.349999999999966], [-55.099999999999966, -19.349999999999966], [-55.099999999999966, -19.199999999999932]]]}}, {"type": "Feature", "properties": {"No_de_Poco": 0, "Shape_Leng": 0.6, "Shape_Area": 0.0225}, "geometry": {"type": "Polygon", "coordinates": [[[-55.099999999999966, -19.049999999999955], [-54.94999999999993, -19.049999999999955], [-54.94999999999993, -19.199999999999932], [-55.099999999999966, -19.199999999999932], [-55.099999999999966, -19.049999999999955]]]}}, {"type": "Feature", "properties": {"No_de_Poco": 0, "Shape_Leng": 0.6, "Shape_Area": 0.0225}, "geometry": {"type": "Polygon", "coordinates": [[[-55.099999999999966, -18.899999999999977], [-54.94999999999993, -18.899999999999977], [-54.94999999999993, -19.049999999999955], [-55.099999999999966, -19.049999999999955], [-55.099999999999966, -18.899999999999977]]]}}, {"type": "Feature", "properties": {"No_de_Poco": 0, "Shape_Leng": 0.6, "Shape_Area": 0.0225}, "geometry": {"type": "Polygon", "coordinates": [[[-55.099999999999966, -18.599999999999966], [-54.94999999999993, -18.599999999999966], [-54.94999999999993, -18.749999999999943], [-55.099999999999966, -18.749999999999943], [-55.099999999999966, -18.599999999999966]]]}}, {"type": "Feature", "properties": {"No_de_Poco": 0, "Shape_Leng": 0.6, "Shape_Area": 0.0225}, "geometry": {"type": "Polygon", "coordinates": [[[-55.099999999999966, -18.449999999999932], [-54.94999999999993, -18.449999999999932], [-54.94999999999993, -18.599999999999966], [-55.099999999999966, -18.599999999999966], [-55.099999999999966, -18.449999999999932]]]}}, {"type": "Feature", "properties": {"No_de_Poco": 0, "Shape_Leng": 0.6, "Shape_Area": 0.0225}, "geometry": {"type": "Polygon", "coordinates": [[[-55.099999999999966, -18.299999999999955], [-54.94999999999993, -18.299999999999955], [-54.94999999999993, -18.449999999999932], [-55.099999999999966, -18.449999999999932], [-55.099999999999966, -18.299999999999955]]]}}, {"type": "Feature", "properties": {"No_de_Poco": 0, "Shape_Leng": 0.6, "Shape_Area": 0.0225}, "geometry": {"type": "Polygon", "coordinates": [[[-55.099999999999966, -18.149999999999977], [-54.94999999999993, -18.149999999999977], [-54.94999999999993, -18.299999999999955], [-55.099999999999966, -18.299999999999955], [-55.099999999999966, -18.149999999999977]]]}}, {"type": "Feature", "properties": {"No_de_Poco": 0, "Shape_Leng": 0.6, "Shape_Area": 0.0225}, "geometry": {"type": "Polygon", "coordinates": [[[-55.099999999999966, -17.999999999999943], [-54.94999999999993, -17.999999999999943], [-54.94999999999993, -18.149999999999977], [-55.099999999999966, -18.149999999999977], [-55.099999999999966, -17.999999999999943]]]}}, {"type": "Feature", "properties": {"No_de_Poco": 0, "Shape_Leng": 0.6, "Shape_Area": 0.0225}, "geometry": {"type": "Polygon", "coordinates": [[[-55.099999999999966, -17.849999999999966], [-54.94999999999993, -17.849999999999966], [-54.94999999999993, -17.999999999999943], [-55.099999999999966, -17.999999999999943], [-55.099999999999966, -17.849999999999966]]]}}, {"type": "Feature", "properties": {"No_de_Poco": 0, "Shape_Leng": 0.6, "Shape_Area": 0.0225}, "geometry": {"type": "Polygon", "coordinates": [[[-55.099999999999966, -17.699999999999932], [-54.94999999999993, -17.699999999999932], [-54.94999999999993, -17.849999999999966], [-55.099999999999966, -17.849999999999966], [-55.099999999999966, -17.699999999999932]]]}}, {"type": "Feature", "properties": {"No_de_Poco": 0, "Shape_Leng": 0.6, "Shape_Area": 0.0225}, "geometry": {"type": "Polygon", "coordinates": [[[-55.099999999999966, -17.549999999999955], [-54.94999999999993, -17.549999999999955], [-54.94999999999993, -17.699999999999932], [-55.099999999999966, -17.699999999999932], [-55.099999999999966, -17.549999999999955]]]}}, {"type": "Feature", "properties": {"No_de_Poco": 0, "Shape_Leng": 0.6, "Shape_Area": 0.0225}, "geometry": {"type": "Polygon", "coordinates": [[[-55.24999999999994, -19.649999999999977], [-55.099999999999966, -19.649999999999977], [-55.099999999999966, -19.799999999999955], [-55.24999999999994, -19.799999999999955], [-55.24999999999994, -19.649999999999977]]]}}, {"type": "Feature", "properties": {"No_de_Poco": 0, "Shape_Leng": 0.6, "Shape_Area": 0.0225}, "geometry": {"type": "Polygon", "coordinates": [[[-55.24999999999994, -19.499999999999943], [-55.099999999999966, -19.499999999999943], [-55.099999999999966, -19.649999999999977], [-55.24999999999994, -19.649999999999977], [-55.24999999999994, -19.499999999999943]]]}}, {"type": "Feature", "properties": {"No_de_Poco": 0, "Shape_Leng": 0.6, "Shape_Area": 0.0225}, "geometry": {"type": "Polygon", "coordinates": [[[-55.24999999999994, -19.349999999999966], [-55.099999999999966, -19.349999999999966], [-55.099999999999966, -19.499999999999943], [-55.24999999999994, -19.499999999999943], [-55.24999999999994, -19.349999999999966]]]}}, {"type": "Feature", "properties": {"No_de_Poco": 0, "Shape_Leng": 0.6, "Shape_Area": 0.0225}, "geometry": {"type": "Polygon", "coordinates": [[[-55.24999999999994, -19.049999999999955], [-55.099999999999966, -19.049999999999955], [-55.099999999999966, -19.199999999999932], [-55.24999999999994, -19.199999999999932], [-55.24999999999994, -19.049999999999955]]]}}, {"type": "Feature", "properties": {"No_de_Poco": 0, "Shape_Leng": 0.6, "Shape_Area": 0.0225}, "geometry": {"type": "Polygon", "coordinates": [[[-55.24999999999994, -18.899999999999977], [-55.099999999999966, -18.899999999999977], [-55.099999999999966, -19.049999999999955], [-55.24999999999994, -19.049999999999955], [-55.24999999999994, -18.899999999999977]]]}}, {"type": "Feature", "properties": {"No_de_Poco": 0, "Shape_Leng": 0.6, "Shape_Area": 0.0225}, "geometry": {"type": "Polygon", "coordinates": [[[-55.24999999999994, -18.749999999999943], [-55.099999999999966, -18.749999999999943], [-55.099999999999966, -18.899999999999977], [-55.24999999999994, -18.899999999999977], [-55.24999999999994, -18.749999999999943]]]}}, {"type": "Feature", "properties": {"No_de_Poco": 0, "Shape_Leng": 0.6, "Shape_Area": 0.0225}, "geometry": {"type": "Polygon", "coordinates": [[[-55.24999999999994, -18.599999999999966], [-55.099999999999966, -18.599999999999966], [-55.099999999999966, -18.749999999999943], [-55.24999999999994, -18.749999999999943], [-55.24999999999994, -18.599999999999966]]]}}, {"type": "Feature", "properties": {"No_de_Poco": 0, "Shape_Leng": 0.6, "Shape_Area": 0.0225}, "geometry": {"type": "Polygon", "coordinates": [[[-55.24999999999994, -18.449999999999932], [-55.099999999999966, -18.449999999999932], [-55.099999999999966, -18.599999999999966], [-55.24999999999994, -18.599999999999966], [-55.24999999999994, -18.449999999999932]]]}}, {"type": "Feature", "properties": {"No_de_Poco": 0, "Shape_Leng": 0.6, "Shape_Area": 0.0225}, "geometry": {"type": "Polygon", "coordinates": [[[-55.24999999999994, -18.299999999999955], [-55.099999999999966, -18.299999999999955], [-55.099999999999966, -18.449999999999932], [-55.24999999999994, -18.449999999999932], [-55.24999999999994, -18.299999999999955]]]}}, {"type": "Feature", "properties": {"No_de_Poco": 0, "Shape_Leng": 0.6, "Shape_Area": 0.0225}, "geometry": {"type": "Polygon", "coordinates": [[[-55.24999999999994, -18.149999999999977], [-55.099999999999966, -18.149999999999977], [-55.099999999999966, -18.299999999999955], [-55.24999999999994, -18.299999999999955], [-55.24999999999994, -18.149999999999977]]]}}, {"type": "Feature", "properties": {"No_de_Poco": 0, "Shape_Leng": 0.6, "Shape_Area": 0.0225}, "geometry": {"type": "Polygon", "coordinates": [[[-55.24999999999994, -17.999999999999943], [-55.099999999999966, -17.999999999999943], [-55.099999999999966, -18.149999999999977], [-55.24999999999994, -18.149999999999977], [-55.24999999999994, -17.999999999999943]]]}}, {"type": "Feature", "properties": {"No_de_Poco": 0, "Shape_Leng": 0.6, "Shape_Area": 0.0225}, "geometry": {"type": "Polygon", "coordinates": [[[-55.24999999999994, -17.849999999999966], [-55.099999999999966, -17.849999999999966], [-55.099999999999966, -17.999999999999943], [-55.24999999999994, -17.999999999999943], [-55.24999999999994, -17.849999999999966]]]}}, {"type": "Feature", "properties": {"No_de_Poco": 0, "Shape_Leng": 0.6, "Shape_Area": 0.0225}, "geometry": {"type": "Polygon", "coordinates": [[[-55.24999999999994, -17.699999999999932], [-55.099999999999966, -17.699999999999932], [-55.099999999999966, -17.849999999999966], [-55.24999999999994, -17.849999999999966], [-55.24999999999994, -17.699999999999932]]]}}, {"type": "Feature", "properties": {"No_de_Poco": 0, "Shape_Leng": 0.6, "Shape_Area": 0.0225}, "geometry": {"type": "Polygon", "coordinates": [[[-55.24999999999994, -17.549999999999955], [-55.099999999999966, -17.549999999999955], [-55.099999999999966, -17.699999999999932], [-55.24999999999994, -17.699999999999932], [-55.24999999999994, -17.549999999999955]]]}}, {"type": "Feature", "properties": {"No_de_Poco": 0, "Shape_Leng": 0.6, "Shape_Area": 0.0225}, "geometry": {"type": "Polygon", "coordinates": [[[-55.39999999999998, -19.649999999999977], [-55.24999999999994, -19.649999999999977], [-55.24999999999994, -19.799999999999955], [-55.39999999999998, -19.799999999999955], [-55.39999999999998, -19.649999999999977]]]}}, {"type": "Feature", "properties": {"No_de_Poco": 0, "Shape_Leng": 0.6, "Shape_Area": 0.0225}, "geometry": {"type": "Polygon", "coordinates": [[[-55.39999999999998, -19.499999999999943], [-55.24999999999994, -19.499999999999943], [-55.24999999999994, -19.649999999999977], [-55.39999999999998, -19.649999999999977], [-55.39999999999998, -19.499999999999943]]]}}, {"type": "Feature", "properties": {"No_de_Poco": 0, "Shape_Leng": 0.6, "Shape_Area": 0.0225}, "geometry": {"type": "Polygon", "coordinates": [[[-55.39999999999998, -19.349999999999966], [-55.24999999999994, -19.349999999999966], [-55.24999999999994, -19.499999999999943], [-55.39999999999998, -19.499999999999943], [-55.39999999999998, -19.349999999999966]]]}}, {"type": "Feature", "properties": {"No_de_Poco": 0, "Shape_Leng": 0.6, "Shape_Area": 0.0225}, "geometry": {"type": "Polygon", "coordinates": [[[-55.39999999999998, -19.199999999999932], [-55.24999999999994, -19.199999999999932], [-55.24999999999994, -19.349999999999966], [-55.39999999999998, -19.349999999999966], [-55.39999999999998, -19.199999999999932]]]}}, {"type": "Feature", "properties": {"No_de_Poco": 0, "Shape_Leng": 0.6, "Shape_Area": 0.0225}, "geometry": {"type": "Polygon", "coordinates": [[[-55.39999999999998, -19.049999999999955], [-55.24999999999994, -19.049999999999955], [-55.24999999999994, -19.199999999999932], [-55.39999999999998, -19.199999999999932], [-55.39999999999998, -19.049999999999955]]]}}, {"type": "Feature", "properties": {"No_de_Poco": 0, "Shape_Leng": 0.6, "Shape_Area": 0.0225}, "geometry": {"type": "Polygon", "coordinates": [[[-55.39999999999998, -18.899999999999977], [-55.24999999999994, -18.899999999999977], [-55.24999999999994, -19.049999999999955], [-55.39999999999998, -19.049999999999955], [-55.39999999999998, -18.899999999999977]]]}}, {"type": "Feature", "properties": {"No_de_Poco": 0, "Shape_Leng": 0.6, "Shape_Area": 0.0225}, "geometry": {"type": "Polygon", "coordinates": [[[-55.39999999999998, -18.749999999999943], [-55.24999999999994, -18.749999999999943], [-55.24999999999994, -18.899999999999977], [-55.39999999999998, -18.899999999999977], [-55.39999999999998, -18.749999999999943]]]}}, {"type": "Feature", "properties": {"No_de_Poco": 0, "Shape_Leng": 0.6, "Shape_Area": 0.0225}, "geometry": {"type": "Polygon", "coordinates": [[[-55.39999999999998, -18.599999999999966], [-55.24999999999994, -18.599999999999966], [-55.24999999999994, -18.749999999999943], [-55.39999999999998, -18.749999999999943], [-55.39999999999998, -18.599999999999966]]]}}, {"type": "Feature", "properties": {"No_de_Poco": 0, "Shape_Leng": 0.6, "Shape_Area": 0.0225}, "geometry": {"type": "Polygon", "coordinates": [[[-55.39999999999998, -18.449999999999932], [-55.24999999999994, -18.449999999999932], [-55.24999999999994, -18.599999999999966], [-55.39999999999998, -18.599999999999966], [-55.39999999999998, -18.449999999999932]]]}}, {"type": "Feature", "properties": {"No_de_Poco": 0, "Shape_Leng": 0.6, "Shape_Area": 0.0225}, "geometry": {"type": "Polygon", "coordinates": [[[-55.39999999999998, -18.299999999999955], [-55.24999999999994, -18.299999999999955], [-55.24999999999994, -18.449999999999932], [-55.39999999999998, -18.449999999999932], [-55.39999999999998, -18.299999999999955]]]}}, {"type": "Feature", "properties": {"No_de_Poco": 0, "Shape_Leng": 0.6, "Shape_Area": 0.0225}, "geometry": {"type": "Polygon", "coordinates": [[[-55.39999999999998, -18.149999999999977], [-55.24999999999994, -18.149999999999977], [-55.24999999999994, -18.299999999999955], [-55.39999999999998, -18.299999999999955], [-55.39999999999998, -18.149999999999977]]]}}, {"type": "Feature", "properties": {"No_de_Poco": 0, "Shape_Leng": 0.6, "Shape_Area": 0.0225}, "geometry": {"type": "Polygon", "coordinates": [[[-55.39999999999998, -17.999999999999943], [-55.24999999999994, -17.999999999999943], [-55.24999999999994, -18.149999999999977], [-55.39999999999998, -18.149999999999977], [-55.39999999999998, -17.999999999999943]]]}}, {"type": "Feature", "properties": {"No_de_Poco": 0, "Shape_Leng": 0.6, "Shape_Area": 0.0225}, "geometry": {"type": "Polygon", "coordinates": [[[-55.39999999999998, -17.849999999999966], [-55.24999999999994, -17.849999999999966], [-55.24999999999994, -17.999999999999943], [-55.39999999999998, -17.999999999999943], [-55.39999999999998, -17.849999999999966]]]}}, {"type": "Feature", "properties": {"No_de_Poco": 0, "Shape_Leng": 0.6, "Shape_Area": 0.0225}, "geometry": {"type": "Polygon", "coordinates": [[[-55.39999999999998, -17.699999999999932], [-55.24999999999994, -17.699999999999932], [-55.24999999999994, -17.849999999999966], [-55.39999999999998, -17.849999999999966], [-55.39999999999998, -17.699999999999932]]]}}, {"type": "Feature", "properties": {"No_de_Poco": 0, "Shape_Leng": 0.6, "Shape_Area": 0.0225}, "geometry": {"type": "Polygon", "coordinates": [[[-55.39999999999998, -17.549999999999955], [-55.24999999999994, -17.549999999999955], [-55.24999999999994, -17.699999999999932], [-55.39999999999998, -17.699999999999932], [-55.39999999999998, -17.549999999999955]]]}}, {"type": "Feature", "properties": {"No_de_Poco": 0, "Shape_Leng": 0.6, "Shape_Area": 0.0225}, "geometry": {"type": "Polygon", "coordinates": [[[-55.39999999999998, -17.399999999999977], [-55.24999999999994, -17.399999999999977], [-55.24999999999994, -17.549999999999955], [-55.39999999999998, -17.549999999999955], [-55.39999999999998, -17.399999999999977]]]}}, {"type": "Feature", "properties": {"No_de_Poco": 0, "Shape_Leng": 0.6, "Shape_Area": 0.0225}, "geometry": {"type": "Polygon", "coordinates": [[[-55.549999999999955, -19.649999999999977], [-55.39999999999998, -19.649999999999977], [-55.39999999999998, -19.799999999999955], [-55.549999999999955, -19.799999999999955], [-55.549999999999955, -19.649999999999977]]]}}, {"type": "Feature", "properties": {"No_de_Poco": 0, "Shape_Leng": 0.6, "Shape_Area": 0.0225}, "geometry": {"type": "Polygon", "coordinates": [[[-55.549999999999955, -19.499999999999943], [-55.39999999999998, -19.499999999999943], [-55.39999999999998, -19.649999999999977], [-55.549999999999955, -19.649999999999977], [-55.549999999999955, -19.499999999999943]]]}}, {"type": "Feature", "properties": {"No_de_Poco": 0, "Shape_Leng": 0.6, "Shape_Area": 0.0225}, "geometry": {"type": "Polygon", "coordinates": [[[-55.549999999999955, -19.349999999999966], [-55.39999999999998, -19.349999999999966], [-55.39999999999998, -19.499999999999943], [-55.549999999999955, -19.499999999999943], [-55.549999999999955, -19.349999999999966]]]}}, {"type": "Feature", "properties": {"No_de_Poco": 0, "Shape_Leng": 0.6, "Shape_Area": 0.0225}, "geometry": {"type": "Polygon", "coordinates": [[[-55.549999999999955, -19.199999999999932], [-55.39999999999998, -19.199999999999932], [-55.39999999999998, -19.349999999999966], [-55.549999999999955, -19.349999999999966], [-55.549999999999955, -19.199999999999932]]]}}, {"type": "Feature", "properties": {"No_de_Poco": 0, "Shape_Leng": 0.6, "Shape_Area": 0.0225}, "geometry": {"type": "Polygon", "coordinates": [[[-55.549999999999955, -19.049999999999955], [-55.39999999999998, -19.049999999999955], [-55.39999999999998, -19.199999999999932], [-55.549999999999955, -19.199999999999932], [-55.549999999999955, -19.049999999999955]]]}}, {"type": "Feature", "properties": {"No_de_Poco": 0, "Shape_Leng": 0.6, "Shape_Area": 0.0225}, "geometry": {"type": "Polygon", "coordinates": [[[-55.549999999999955, -18.899999999999977], [-55.39999999999998, -18.899999999999977], [-55.39999999999998, -19.049999999999955], [-55.549999999999955, -19.049999999999955], [-55.549999999999955, -18.899999999999977]]]}}, {"type": "Feature", "properties": {"No_de_Poco": 0, "Shape_Leng": 0.6, "Shape_Area": 0.0225}, "geometry": {"type": "Polygon", "coordinates": [[[-55.549999999999955, -18.749999999999943], [-55.39999999999998, -18.749999999999943], [-55.39999999999998, -18.899999999999977], [-55.549999999999955, -18.899999999999977], [-55.549999999999955, -18.749999999999943]]]}}, {"type": "Feature", "properties": {"No_de_Poco": 0, "Shape_Leng": 0.6, "Shape_Area": 0.0225}, "geometry": {"type": "Polygon", "coordinates": [[[-55.549999999999955, -18.599999999999966], [-55.39999999999998, -18.599999999999966], [-55.39999999999998, -18.749999999999943], [-55.549999999999955, -18.749999999999943], [-55.549999999999955, -18.599999999999966]]]}}, {"type": "Feature", "properties": {"No_de_Poco": 0, "Shape_Leng": 0.6, "Shape_Area": 0.0225}, "geometry": {"type": "Polygon", "coordinates": [[[-55.549999999999955, -18.449999999999932], [-55.39999999999998, -18.449999999999932], [-55.39999999999998, -18.599999999999966], [-55.549999999999955, -18.599999999999966], [-55.549999999999955, -18.449999999999932]]]}}, {"type": "Feature", "properties": {"No_de_Poco": 0, "Shape_Leng": 0.6, "Shape_Area": 0.0225}, "geometry": {"type": "Polygon", "coordinates": [[[-55.549999999999955, -18.299999999999955], [-55.39999999999998, -18.299999999999955], [-55.39999999999998, -18.449999999999932], [-55.549999999999955, -18.449999999999932], [-55.549999999999955, -18.299999999999955]]]}}, {"type": "Feature", "properties": {"No_de_Poco": 0, "Shape_Leng": 0.6, "Shape_Area": 0.0225}, "geometry": {"type": "Polygon", "coordinates": [[[-55.549999999999955, -18.149999999999977], [-55.39999999999998, -18.149999999999977], [-55.39999999999998, -18.299999999999955], [-55.549999999999955, -18.299999999999955], [-55.549999999999955, -18.149999999999977]]]}}, {"type": "Feature", "properties": {"No_de_Poco": 0, "Shape_Leng": 0.6, "Shape_Area": 0.0225}, "geometry": {"type": "Polygon", "coordinates": [[[-55.549999999999955, -17.999999999999943], [-55.39999999999998, -17.999999999999943], [-55.39999999999998, -18.149999999999977], [-55.549999999999955, -18.149999999999977], [-55.549999999999955, -17.999999999999943]]]}}, {"type": "Feature", "properties": {"No_de_Poco": 0, "Shape_Leng": 0.6, "Shape_Area": 0.0225}, "geometry": {"type": "Polygon", "coordinates": [[[-55.549999999999955, -17.849999999999966], [-55.39999999999998, -17.849999999999966], [-55.39999999999998, -17.999999999999943], [-55.549999999999955, -17.999999999999943], [-55.549999999999955, -17.849999999999966]]]}}, {"type": "Feature", "properties": {"No_de_Poco": 0, "Shape_Leng": 0.6, "Shape_Area": 0.0225}, "geometry": {"type": "Polygon", "coordinates": [[[-55.549999999999955, -17.699999999999932], [-55.39999999999998, -17.699999999999932], [-55.39999999999998, -17.849999999999966], [-55.549999999999955, -17.849999999999966], [-55.549999999999955, -17.699999999999932]]]}}, {"type": "Feature", "properties": {"No_de_Poco": 0, "Shape_Leng": 0.6, "Shape_Area": 0.0225}, "geometry": {"type": "Polygon", "coordinates": [[[-55.549999999999955, -17.399999999999977], [-55.39999999999998, -17.399999999999977], [-55.39999999999998, -17.549999999999955], [-55.549999999999955, -17.549999999999955], [-55.549999999999955, -17.399999999999977]]]}}, {"type": "Feature", "properties": {"No_de_Poco": 0, "Shape_Leng": 0.6, "Shape_Area": 0.0225}, "geometry": {"type": "Polygon", "coordinates": [[[-55.69999999999993, -19.649999999999977], [-55.549999999999955, -19.649999999999977], [-55.549999999999955, -19.799999999999955], [-55.69999999999993, -19.799999999999955], [-55.69999999999993, -19.649999999999977]]]}}, {"type": "Feature", "properties": {"No_de_Poco": 0, "Shape_Leng": 0.6, "Shape_Area": 0.0225}, "geometry": {"type": "Polygon", "coordinates": [[[-55.69999999999993, -19.499999999999943], [-55.549999999999955, -19.499999999999943], [-55.549999999999955, -19.649999999999977], [-55.69999999999993, -19.649999999999977], [-55.69999999999993, -19.499999999999943]]]}}, {"type": "Feature", "properties": {"No_de_Poco": 0, "Shape_Leng": 0.6, "Shape_Area": 0.0225}, "geometry": {"type": "Polygon", "coordinates": [[[-55.69999999999993, -19.349999999999966], [-55.549999999999955, -19.349999999999966], [-55.549999999999955, -19.499999999999943], [-55.69999999999993, -19.499999999999943], [-55.69999999999993, -19.349999999999966]]]}}, {"type": "Feature", "properties": {"No_de_Poco": 0, "Shape_Leng": 0.6, "Shape_Area": 0.0225}, "geometry": {"type": "Polygon", "coordinates": [[[-55.69999999999993, -19.049999999999955], [-55.549999999999955, -19.049999999999955], [-55.549999999999955, -19.199999999999932], [-55.69999999999993, -19.199999999999932], [-55.69999999999993, -19.049999999999955]]]}}, {"type": "Feature", "properties": {"No_de_Poco": 0, "Shape_Leng": 0.6, "Shape_Area": 0.0225}, "geometry": {"type": "Polygon", "coordinates": [[[-55.69999999999993, -18.899999999999977], [-55.549999999999955, -18.899999999999977], [-55.549999999999955, -19.049999999999955], [-55.69999999999993, -19.049999999999955], [-55.69999999999993, -18.899999999999977]]]}}, {"type": "Feature", "properties": {"No_de_Poco": 0, "Shape_Leng": 0.6, "Shape_Area": 0.0225}, "geometry": {"type": "Polygon", "coordinates": [[[-55.69999999999993, -18.749999999999943], [-55.549999999999955, -18.749999999999943], [-55.549999999999955, -18.899999999999977], [-55.69999999999993, -18.899999999999977], [-55.69999999999993, -18.749999999999943]]]}}, {"type": "Feature", "properties": {"No_de_Poco": 0, "Shape_Leng": 0.6, "Shape_Area": 0.0225}, "geometry": {"type": "Polygon", "coordinates": [[[-55.69999999999993, -18.599999999999966], [-55.549999999999955, -18.599999999999966], [-55.549999999999955, -18.749999999999943], [-55.69999999999993, -18.749999999999943], [-55.69999999999993, -18.599999999999966]]]}}, {"type": "Feature", "properties": {"No_de_Poco": 0, "Shape_Leng": 0.6, "Shape_Area": 0.0225}, "geometry": {"type": "Polygon", "coordinates": [[[-55.69999999999993, -18.449999999999932], [-55.549999999999955, -18.449999999999932], [-55.549999999999955, -18.599999999999966], [-55.69999999999993, -18.599999999999966], [-55.69999999999993, -18.449999999999932]]]}}, {"type": "Feature", "properties": {"No_de_Poco": 0, "Shape_Leng": 0.6, "Shape_Area": 0.0225}, "geometry": {"type": "Polygon", "coordinates": [[[-55.69999999999993, -18.299999999999955], [-55.549999999999955, -18.299999999999955], [-55.549999999999955, -18.449999999999932], [-55.69999999999993, -18.449999999999932], [-55.69999999999993, -18.299999999999955]]]}}, {"type": "Feature", "properties": {"No_de_Poco": 0, "Shape_Leng": 0.6, "Shape_Area": 0.0225}, "geometry": {"type": "Polygon", "coordinates": [[[-55.69999999999993, -18.149999999999977], [-55.549999999999955, -18.149999999999977], [-55.549999999999955, -18.299999999999955], [-55.69999999999993, -18.299999999999955], [-55.69999999999993, -18.149999999999977]]]}}, {"type": "Feature", "properties": {"No_de_Poco": 0, "Shape_Leng": 0.6, "Shape_Area": 0.0225}, "geometry": {"type": "Polygon", "coordinates": [[[-55.69999999999993, -17.999999999999943], [-55.549999999999955, -17.999999999999943], [-55.549999999999955, -18.149999999999977], [-55.69999999999993, -18.149999999999977], [-55.69999999999993, -17.999999999999943]]]}}, {"type": "Feature", "properties": {"No_de_Poco": 0, "Shape_Leng": 0.6, "Shape_Area": 0.0225}, "geometry": {"type": "Polygon", "coordinates": [[[-55.69999999999993, -17.849999999999966], [-55.549999999999955, -17.849999999999966], [-55.549999999999955, -17.999999999999943], [-55.69999999999993, -17.999999999999943], [-55.69999999999993, -17.849999999999966]]]}}, {"type": "Feature", "properties": {"No_de_Poco": 0, "Shape_Leng": 0.6, "Shape_Area": 0.0225}, "geometry": {"type": "Polygon", "coordinates": [[[-55.69999999999993, -17.399999999999977], [-55.549999999999955, -17.399999999999977], [-55.549999999999955, -17.549999999999955], [-55.69999999999993, -17.549999999999955], [-55.69999999999993, -17.399999999999977]]]}}, {"type": "Feature", "properties": {"No_de_Poco": 0, "Shape_Leng": 0.6, "Shape_Area": 0.0225}, "geometry": {"type": "Polygon", "coordinates": [[[-55.69999999999993, -17.249999999999943], [-55.549999999999955, -17.249999999999943], [-55.549999999999955, -17.399999999999977], [-55.69999999999993, -17.399999999999977], [-55.69999999999993, -17.249999999999943]]]}}, {"type": "Feature", "properties": {"No_de_Poco": 0, "Shape_Leng": 0.6, "Shape_Area": 0.0225}, "geometry": {"type": "Polygon", "coordinates": [[[-55.849999999999966, -19.649999999999977], [-55.69999999999993, -19.649999999999977], [-55.69999999999993, -19.799999999999955], [-55.849999999999966, -19.799999999999955], [-55.849999999999966, -19.649999999999977]]]}}, {"type": "Feature", "properties": {"No_de_Poco": 0, "Shape_Leng": 0.6, "Shape_Area": 0.0225}, "geometry": {"type": "Polygon", "coordinates": [[[-55.849999999999966, -19.499999999999943], [-55.69999999999993, -19.499999999999943], [-55.69999999999993, -19.649999999999977], [-55.849999999999966, -19.649999999999977], [-55.849999999999966, -19.499999999999943]]]}}, {"type": "Feature", "properties": {"No_de_Poco": 0, "Shape_Leng": 0.6, "Shape_Area": 0.0225}, "geometry": {"type": "Polygon", "coordinates": [[[-55.849999999999966, -19.349999999999966], [-55.69999999999993, -19.349999999999966], [-55.69999999999993, -19.499999999999943], [-55.849999999999966, -19.499999999999943], [-55.849999999999966, -19.349999999999966]]]}}, {"type": "Feature", "properties": {"No_de_Poco": 0, "Shape_Leng": 0.6, "Shape_Area": 0.0225}, "geometry": {"type": "Polygon", "coordinates": [[[-55.849999999999966, -19.199999999999932], [-55.69999999999993, -19.199999999999932], [-55.69999999999993, -19.349999999999966], [-55.849999999999966, -19.349999999999966], [-55.849999999999966, -19.199999999999932]]]}}, {"type": "Feature", "properties": {"No_de_Poco": 0, "Shape_Leng": 0.6, "Shape_Area": 0.0225}, "geometry": {"type": "Polygon", "coordinates": [[[-55.849999999999966, -19.049999999999955], [-55.69999999999993, -19.049999999999955], [-55.69999999999993, -19.199999999999932], [-55.849999999999966, -19.199999999999932], [-55.849999999999966, -19.049999999999955]]]}}, {"type": "Feature", "properties": {"No_de_Poco": 0, "Shape_Leng": 0.6, "Shape_Area": 0.0225}, "geometry": {"type": "Polygon", "coordinates": [[[-55.849999999999966, -18.899999999999977], [-55.69999999999993, -18.899999999999977], [-55.69999999999993, -19.049999999999955], [-55.849999999999966, -19.049999999999955], [-55.849999999999966, -18.899999999999977]]]}}, {"type": "Feature", "properties": {"No_de_Poco": 0, "Shape_Leng": 0.6, "Shape_Area": 0.0225}, "geometry": {"type": "Polygon", "coordinates": [[[-55.849999999999966, -18.749999999999943], [-55.69999999999993, -18.749999999999943], [-55.69999999999993, -18.899999999999977], [-55.849999999999966, -18.899999999999977], [-55.849999999999966, -18.749999999999943]]]}}, {"type": "Feature", "properties": {"No_de_Poco": 0, "Shape_Leng": 0.6, "Shape_Area": 0.0225}, "geometry": {"type": "Polygon", "coordinates": [[[-55.849999999999966, -18.599999999999966], [-55.69999999999993, -18.599999999999966], [-55.69999999999993, -18.749999999999943], [-55.849999999999966, -18.749999999999943], [-55.849999999999966, -18.599999999999966]]]}}, {"type": "Feature", "properties": {"No_de_Poco": 0, "Shape_Leng": 0.6, "Shape_Area": 0.0225}, "geometry": {"type": "Polygon", "coordinates": [[[-55.849999999999966, -18.449999999999932], [-55.69999999999993, -18.449999999999932], [-55.69999999999993, -18.599999999999966], [-55.849999999999966, -18.599999999999966], [-55.849999999999966, -18.449999999999932]]]}}, {"type": "Feature", "properties": {"No_de_Poco": 0, "Shape_Leng": 0.6, "Shape_Area": 0.0225}, "geometry": {"type": "Polygon", "coordinates": [[[-55.849999999999966, -18.299999999999955], [-55.69999999999993, -18.299999999999955], [-55.69999999999993, -18.449999999999932], [-55.849999999999966, -18.449999999999932], [-55.849999999999966, -18.299999999999955]]]}}, {"type": "Feature", "properties": {"No_de_Poco": 0, "Shape_Leng": 0.6, "Shape_Area": 0.0225}, "geometry": {"type": "Polygon", "coordinates": [[[-55.849999999999966, -18.149999999999977], [-55.69999999999993, -18.149999999999977], [-55.69999999999993, -18.299999999999955], [-55.849999999999966, -18.299999999999955], [-55.849999999999966, -18.149999999999977]]]}}, {"type": "Feature", "properties": {"No_de_Poco": 0, "Shape_Leng": 0.6, "Shape_Area": 0.0225}, "geometry": {"type": "Polygon", "coordinates": [[[-55.849999999999966, -17.999999999999943], [-55.69999999999993, -17.999999999999943], [-55.69999999999993, -18.149999999999977], [-55.849999999999966, -18.149999999999977], [-55.849999999999966, -17.999999999999943]]]}}, {"type": "Feature", "properties": {"No_de_Poco": 0, "Shape_Leng": 0.6, "Shape_Area": 0.0225}, "geometry": {"type": "Polygon", "coordinates": [[[-55.849999999999966, -17.849999999999966], [-55.69999999999993, -17.849999999999966], [-55.69999999999993, -17.999999999999943], [-55.849999999999966, -17.999999999999943], [-55.849999999999966, -17.849999999999966]]]}}, {"type": "Feature", "properties": {"No_de_Poco": 0, "Shape_Leng": 0.6, "Shape_Area": 0.0225}, "geometry": {"type": "Polygon", "coordinates": [[[-55.849999999999966, -17.699999999999932], [-55.69999999999993, -17.699999999999932], [-55.69999999999993, -17.849999999999966], [-55.849999999999966, -17.849999999999966], [-55.849999999999966, -17.699999999999932]]]}}, {"type": "Feature", "properties": {"No_de_Poco": 0, "Shape_Leng": 0.6, "Shape_Area": 0.0225}, "geometry": {"type": "Polygon", "coordinates": [[[-55.849999999999966, -17.549999999999955], [-55.69999999999993, -17.549999999999955], [-55.69999999999993, -17.699999999999932], [-55.849999999999966, -17.699999999999932], [-55.849999999999966, -17.549999999999955]]]}}, {"type": "Feature", "properties": {"No_de_Poco": 0, "Shape_Leng": 0.6, "Shape_Area": 0.0225}, "geometry": {"type": "Polygon", "coordinates": [[[-55.849999999999966, -17.399999999999977], [-55.69999999999993, -17.399999999999977], [-55.69999999999993, -17.549999999999955], [-55.849999999999966, -17.549999999999955], [-55.849999999999966, -17.399999999999977]]]}}, {"type": "Feature", "properties": {"No_de_Poco": 0, "Shape_Leng": 0.6, "Shape_Area": 0.0225}, "geometry": {"type": "Polygon", "coordinates": [[[-55.849999999999966, -17.249999999999943], [-55.69999999999993, -17.249999999999943], [-55.69999999999993, -17.399999999999977], [-55.849999999999966, -17.399999999999977], [-55.849999999999966, -17.249999999999943]]]}}, {"type": "Feature", "properties": {"No_de_Poco": 0, "Shape_Leng": 0.6, "Shape_Area": 0.0225}, "geometry": {"type": "Polygon", "coordinates": [[[-55.99999999999994, -19.649999999999977], [-55.849999999999966, -19.649999999999977], [-55.849999999999966, -19.799999999999955], [-55.99999999999994, -19.799999999999955], [-55.99999999999994, -19.649999999999977]]]}}, {"type": "Feature", "properties": {"No_de_Poco": 0, "Shape_Leng": 0.6, "Shape_Area": 0.0225}, "geometry": {"type": "Polygon", "coordinates": [[[-55.99999999999994, -19.499999999999943], [-55.849999999999966, -19.499999999999943], [-55.849999999999966, -19.649999999999977], [-55.99999999999994, -19.649999999999977], [-55.99999999999994, -19.499999999999943]]]}}, {"type": "Feature", "properties": {"No_de_Poco": 0, "Shape_Leng": 0.6, "Shape_Area": 0.0225}, "geometry": {"type": "Polygon", "coordinates": [[[-55.99999999999994, -19.349999999999966], [-55.849999999999966, -19.349999999999966], [-55.849999999999966, -19.499999999999943], [-55.99999999999994, -19.499999999999943], [-55.99999999999994, -19.349999999999966]]]}}, {"type": "Feature", "properties": {"No_de_Poco": 0, "Shape_Leng": 0.6, "Shape_Area": 0.0225}, "geometry": {"type": "Polygon", "coordinates": [[[-55.99999999999994, -19.199999999999932], [-55.849999999999966, -19.199999999999932], [-55.849999999999966, -19.349999999999966], [-55.99999999999994, -19.349999999999966], [-55.99999999999994, -19.199999999999932]]]}}, {"type": "Feature", "properties": {"No_de_Poco": 0, "Shape_Leng": 0.6, "Shape_Area": 0.0225}, "geometry": {"type": "Polygon", "coordinates": [[[-55.99999999999994, -19.049999999999955], [-55.849999999999966, -19.049999999999955], [-55.849999999999966, -19.199999999999932], [-55.99999999999994, -19.199999999999932], [-55.99999999999994, -19.049999999999955]]]}}, {"type": "Feature", "properties": {"No_de_Poco": 0, "Shape_Leng": 0.6, "Shape_Area": 0.0225}, "geometry": {"type": "Polygon", "coordinates": [[[-55.99999999999994, -18.899999999999977], [-55.849999999999966, -18.899999999999977], [-55.849999999999966, -19.049999999999955], [-55.99999999999994, -19.049999999999955], [-55.99999999999994, -18.899999999999977]]]}}, {"type": "Feature", "properties": {"No_de_Poco": 0, "Shape_Leng": 0.6, "Shape_Area": 0.0225}, "geometry": {"type": "Polygon", "coordinates": [[[-55.99999999999994, -18.749999999999943], [-55.849999999999966, -18.749999999999943], [-55.849999999999966, -18.899999999999977], [-55.99999999999994, -18.899999999999977], [-55.99999999999994, -18.749999999999943]]]}}, {"type": "Feature", "properties": {"No_de_Poco": 0, "Shape_Leng": 0.6, "Shape_Area": 0.0225}, "geometry": {"type": "Polygon", "coordinates": [[[-55.99999999999994, -18.599999999999966], [-55.849999999999966, -18.599999999999966], [-55.849999999999966, -18.749999999999943], [-55.99999999999994, -18.749999999999943], [-55.99999999999994, -18.599999999999966]]]}}, {"type": "Feature", "properties": {"No_de_Poco": 0, "Shape_Leng": 0.6, "Shape_Area": 0.0225}, "geometry": {"type": "Polygon", "coordinates": [[[-55.99999999999994, -18.449999999999932], [-55.849999999999966, -18.449999999999932], [-55.849999999999966, -18.599999999999966], [-55.99999999999994, -18.599999999999966], [-55.99999999999994, -18.449999999999932]]]}}, {"type": "Feature", "properties": {"No_de_Poco": 0, "Shape_Leng": 0.6, "Shape_Area": 0.0225}, "geometry": {"type": "Polygon", "coordinates": [[[-55.99999999999994, -18.299999999999955], [-55.849999999999966, -18.299999999999955], [-55.849999999999966, -18.449999999999932], [-55.99999999999994, -18.449999999999932], [-55.99999999999994, -18.299999999999955]]]}}, {"type": "Feature", "properties": {"No_de_Poco": 0, "Shape_Leng": 0.6, "Shape_Area": 0.0225}, "geometry": {"type": "Polygon", "coordinates": [[[-55.99999999999994, -18.149999999999977], [-55.849999999999966, -18.149999999999977], [-55.849999999999966, -18.299999999999955], [-55.99999999999994, -18.299999999999955], [-55.99999999999994, -18.149999999999977]]]}}, {"type": "Feature", "properties": {"No_de_Poco": 0, "Shape_Leng": 0.6, "Shape_Area": 0.0225}, "geometry": {"type": "Polygon", "coordinates": [[[-55.99999999999994, -17.999999999999943], [-55.849999999999966, -17.999999999999943], [-55.849999999999966, -18.149999999999977], [-55.99999999999994, -18.149999999999977], [-55.99999999999994, -17.999999999999943]]]}}, {"type": "Feature", "properties": {"No_de_Poco": 0, "Shape_Leng": 0.6, "Shape_Area": 0.0225}, "geometry": {"type": "Polygon", "coordinates": [[[-55.99999999999994, -17.849999999999966], [-55.849999999999966, -17.849999999999966], [-55.849999999999966, -17.999999999999943], [-55.99999999999994, -17.999999999999943], [-55.99999999999994, -17.849999999999966]]]}}, {"type": "Feature", "properties": {"No_de_Poco": 0, "Shape_Leng": 0.6, "Shape_Area": 0.0225}, "geometry": {"type": "Polygon", "coordinates": [[[-55.99999999999994, -17.699999999999932], [-55.849999999999966, -17.699999999999932], [-55.849999999999966, -17.849999999999966], [-55.99999999999994, -17.849999999999966], [-55.99999999999994, -17.699999999999932]]]}}, {"type": "Feature", "properties": {"No_de_Poco": 0, "Shape_Leng": 0.6, "Shape_Area": 0.0225}, "geometry": {"type": "Polygon", "coordinates": [[[-55.99999999999994, -17.549999999999955], [-55.849999999999966, -17.549999999999955], [-55.849999999999966, -17.699999999999932], [-55.99999999999994, -17.699999999999932], [-55.99999999999994, -17.549999999999955]]]}}, {"type": "Feature", "properties": {"No_de_Poco": 0, "Shape_Leng": 0.6, "Shape_Area": 0.0225}, "geometry": {"type": "Polygon", "coordinates": [[[-55.99999999999994, -17.399999999999977], [-55.849999999999966, -17.399999999999977], [-55.849999999999966, -17.549999999999955], [-55.99999999999994, -17.549999999999955], [-55.99999999999994, -17.399999999999977]]]}}, {"type": "Feature", "properties": {"No_de_Poco": 0, "Shape_Leng": 0.6, "Shape_Area": 0.0225}, "geometry": {"type": "Polygon", "coordinates": [[[-55.99999999999994, -17.249999999999943], [-55.849999999999966, -17.249999999999943], [-55.849999999999966, -17.399999999999977], [-55.99999999999994, -17.399999999999977], [-55.99999999999994, -17.249999999999943]]]}}, {"type": "Feature", "properties": {"No_de_Poco": 0, "Shape_Leng": 0.6, "Shape_Area": 0.0225}, "geometry": {"type": "Polygon", "coordinates": [[[-55.99999999999994, -17.099999999999966], [-55.849999999999966, -17.099999999999966], [-55.849999999999966, -17.249999999999943], [-55.99999999999994, -17.249999999999943], [-55.99999999999994, -17.099999999999966]]]}}, {"type": "Feature", "properties": {"No_de_Poco": 0, "Shape_Leng": 0.6, "Shape_Area": 0.0225}, "geometry": {"type": "Polygon", "coordinates": [[[-56.14999999999998, -19.649999999999977], [-55.99999999999994, -19.649999999999977], [-55.99999999999994, -19.799999999999955], [-56.14999999999998, -19.799999999999955], [-56.14999999999998, -19.649999999999977]]]}}, {"type": "Feature", "properties": {"No_de_Poco": 0, "Shape_Leng": 0.6, "Shape_Area": 0.0225}, "geometry": {"type": "Polygon", "coordinates": [[[-56.14999999999998, -19.499999999999943], [-55.99999999999994, -19.499999999999943], [-55.99999999999994, -19.649999999999977], [-56.14999999999998, -19.649999999999977], [-56.14999999999998, -19.499999999999943]]]}}, {"type": "Feature", "properties": {"No_de_Poco": 0, "Shape_Leng": 0.6, "Shape_Area": 0.0225}, "geometry": {"type": "Polygon", "coordinates": [[[-56.14999999999998, -19.349999999999966], [-55.99999999999994, -19.349999999999966], [-55.99999999999994, -19.499999999999943], [-56.14999999999998, -19.499999999999943], [-56.14999999999998, -19.349999999999966]]]}}, {"type": "Feature", "properties": {"No_de_Poco": 0, "Shape_Leng": 0.6, "Shape_Area": 0.0225}, "geometry": {"type": "Polygon", "coordinates": [[[-56.14999999999998, -19.199999999999932], [-55.99999999999994, -19.199999999999932], [-55.99999999999994, -19.349999999999966], [-56.14999999999998, -19.349999999999966], [-56.14999999999998, -19.199999999999932]]]}}, {"type": "Feature", "properties": {"No_de_Poco": 0, "Shape_Leng": 0.6, "Shape_Area": 0.0225}, "geometry": {"type": "Polygon", "coordinates": [[[-56.14999999999998, -19.049999999999955], [-55.99999999999994, -19.049999999999955], [-55.99999999999994, -19.199999999999932], [-56.14999999999998, -19.199999999999932], [-56.14999999999998, -19.049999999999955]]]}}, {"type": "Feature", "properties": {"No_de_Poco": 0, "Shape_Leng": 0.6, "Shape_Area": 0.0225}, "geometry": {"type": "Polygon", "coordinates": [[[-56.14999999999998, -18.899999999999977], [-55.99999999999994, -18.899999999999977], [-55.99999999999994, -19.049999999999955], [-56.14999999999998, -19.049999999999955], [-56.14999999999998, -18.899999999999977]]]}}, {"type": "Feature", "properties": {"No_de_Poco": 0, "Shape_Leng": 0.6, "Shape_Area": 0.0225}, "geometry": {"type": "Polygon", "coordinates": [[[-56.14999999999998, -18.749999999999943], [-55.99999999999994, -18.749999999999943], [-55.99999999999994, -18.899999999999977], [-56.14999999999998, -18.899999999999977], [-56.14999999999998, -18.749999999999943]]]}}, {"type": "Feature", "properties": {"No_de_Poco": 0, "Shape_Leng": 0.6, "Shape_Area": 0.0225}, "geometry": {"type": "Polygon", "coordinates": [[[-56.14999999999998, -18.599999999999966], [-55.99999999999994, -18.599999999999966], [-55.99999999999994, -18.749999999999943], [-56.14999999999998, -18.749999999999943], [-56.14999999999998, -18.599999999999966]]]}}, {"type": "Feature", "properties": {"No_de_Poco": 0, "Shape_Leng": 0.6, "Shape_Area": 0.0225}, "geometry": {"type": "Polygon", "coordinates": [[[-56.14999999999998, -18.449999999999932], [-55.99999999999994, -18.449999999999932], [-55.99999999999994, -18.599999999999966], [-56.14999999999998, -18.599999999999966], [-56.14999999999998, -18.449999999999932]]]}}, {"type": "Feature", "properties": {"No_de_Poco": 0, "Shape_Leng": 0.6, "Shape_Area": 0.0225}, "geometry": {"type": "Polygon", "coordinates": [[[-56.14999999999998, -18.299999999999955], [-55.99999999999994, -18.299999999999955], [-55.99999999999994, -18.449999999999932], [-56.14999999999998, -18.449999999999932], [-56.14999999999998, -18.299999999999955]]]}}, {"type": "Feature", "properties": {"No_de_Poco": 0, "Shape_Leng": 0.6, "Shape_Area": 0.0225}, "geometry": {"type": "Polygon", "coordinates": [[[-56.14999999999998, -18.149999999999977], [-55.99999999999994, -18.149999999999977], [-55.99999999999994, -18.299999999999955], [-56.14999999999998, -18.299999999999955], [-56.14999999999998, -18.149999999999977]]]}}, {"type": "Feature", "properties": {"No_de_Poco": 0, "Shape_Leng": 0.6, "Shape_Area": 0.0225}, "geometry": {"type": "Polygon", "coordinates": [[[-56.14999999999998, -17.999999999999943], [-55.99999999999994, -17.999999999999943], [-55.99999999999994, -18.149999999999977], [-56.14999999999998, -18.149999999999977], [-56.14999999999998, -17.999999999999943]]]}}, {"type": "Feature", "properties": {"No_de_Poco": 0, "Shape_Leng": 0.6, "Shape_Area": 0.0225}, "geometry": {"type": "Polygon", "coordinates": [[[-56.14999999999998, -17.849999999999966], [-55.99999999999994, -17.849999999999966], [-55.99999999999994, -17.999999999999943], [-56.14999999999998, -17.999999999999943], [-56.14999999999998, -17.849999999999966]]]}}, {"type": "Feature", "properties": {"No_de_Poco": 0, "Shape_Leng": 0.6, "Shape_Area": 0.0225}, "geometry": {"type": "Polygon", "coordinates": [[[-56.14999999999998, -17.699999999999932], [-55.99999999999994, -17.699999999999932], [-55.99999999999994, -17.849999999999966], [-56.14999999999998, -17.849999999999966], [-56.14999999999998, -17.699999999999932]]]}}, {"type": "Feature", "properties": {"No_de_Poco": 0, "Shape_Leng": 0.6, "Shape_Area": 0.0225}, "geometry": {"type": "Polygon", "coordinates": [[[-56.14999999999998, -17.549999999999955], [-55.99999999999994, -17.549999999999955], [-55.99999999999994, -17.699999999999932], [-56.14999999999998, -17.699999999999932], [-56.14999999999998, -17.549999999999955]]]}}, {"type": "Feature", "properties": {"No_de_Poco": 0, "Shape_Leng": 0.6, "Shape_Area": 0.0225}, "geometry": {"type": "Polygon", "coordinates": [[[-56.14999999999998, -17.399999999999977], [-55.99999999999994, -17.399999999999977], [-55.99999999999994, -17.549999999999955], [-56.14999999999998, -17.549999999999955], [-56.14999999999998, -17.399999999999977]]]}}, {"type": "Feature", "properties": {"No_de_Poco": 0, "Shape_Leng": 0.6, "Shape_Area": 0.0225}, "geometry": {"type": "Polygon", "coordinates": [[[-56.14999999999998, -17.249999999999943], [-55.99999999999994, -17.249999999999943], [-55.99999999999994, -17.399999999999977], [-56.14999999999998, -17.399999999999977], [-56.14999999999998, -17.249999999999943]]]}}, {"type": "Feature", "properties": {"No_de_Poco": 0, "Shape_Leng": 0.6, "Shape_Area": 0.0225}, "geometry": {"type": "Polygon", "coordinates": [[[-56.14999999999998, -17.099999999999966], [-55.99999999999994, -17.099999999999966], [-55.99999999999994, -17.249999999999943], [-56.14999999999998, -17.249999999999943], [-56.14999999999998, -17.099999999999966]]]}}, {"type": "Feature", "properties": {"No_de_Poco": 0, "Shape_Leng": 0.6, "Shape_Area": 0.0225}, "geometry": {"type": "Polygon", "coordinates": [[[-56.299999999999955, -19.649999999999977], [-56.14999999999998, -19.649999999999977], [-56.14999999999998, -19.799999999999955], [-56.299999999999955, -19.799999999999955], [-56.299999999999955, -19.649999999999977]]]}}, {"type": "Feature", "properties": {"No_de_Poco": 0, "Shape_Leng": 0.6, "Shape_Area": 0.0225}, "geometry": {"type": "Polygon", "coordinates": [[[-56.299999999999955, -19.499999999999943], [-56.14999999999998, -19.499999999999943], [-56.14999999999998, -19.649999999999977], [-56.299999999999955, -19.649999999999977], [-56.299999999999955, -19.499999999999943]]]}}, {"type": "Feature", "properties": {"No_de_Poco": 0, "Shape_Leng": 0.6, "Shape_Area": 0.0225}, "geometry": {"type": "Polygon", "coordinates": [[[-56.299999999999955, -19.349999999999966], [-56.14999999999998, -19.349999999999966], [-56.14999999999998, -19.499999999999943], [-56.299999999999955, -19.499999999999943], [-56.299999999999955, -19.349999999999966]]]}}, {"type": "Feature", "properties": {"No_de_Poco": 0, "Shape_Leng": 0.6, "Shape_Area": 0.0225}, "geometry": {"type": "Polygon", "coordinates": [[[-56.299999999999955, -19.199999999999932], [-56.14999999999998, -19.199999999999932], [-56.14999999999998, -19.349999999999966], [-56.299999999999955, -19.349999999999966], [-56.299999999999955, -19.199999999999932]]]}}, {"type": "Feature", "properties": {"No_de_Poco": 0, "Shape_Leng": 0.6, "Shape_Area": 0.0225}, "geometry": {"type": "Polygon", "coordinates": [[[-56.299999999999955, -19.049999999999955], [-56.14999999999998, -19.049999999999955], [-56.14999999999998, -19.199999999999932], [-56.299999999999955, -19.199999999999932], [-56.299999999999955, -19.049999999999955]]]}}, {"type": "Feature", "properties": {"No_de_Poco": 0, "Shape_Leng": 0.6, "Shape_Area": 0.0225}, "geometry": {"type": "Polygon", "coordinates": [[[-56.299999999999955, -18.899999999999977], [-56.14999999999998, -18.899999999999977], [-56.14999999999998, -19.049999999999955], [-56.299999999999955, -19.049999999999955], [-56.299999999999955, -18.899999999999977]]]}}, {"type": "Feature", "properties": {"No_de_Poco": 0, "Shape_Leng": 0.6, "Shape_Area": 0.0225}, "geometry": {"type": "Polygon", "coordinates": [[[-56.299999999999955, -18.749999999999943], [-56.14999999999998, -18.749999999999943], [-56.14999999999998, -18.899999999999977], [-56.299999999999955, -18.899999999999977], [-56.299999999999955, -18.749999999999943]]]}}, {"type": "Feature", "properties": {"No_de_Poco": 0, "Shape_Leng": 0.6, "Shape_Area": 0.0225}, "geometry": {"type": "Polygon", "coordinates": [[[-56.299999999999955, -18.599999999999966], [-56.14999999999998, -18.599999999999966], [-56.14999999999998, -18.749999999999943], [-56.299999999999955, -18.749999999999943], [-56.299999999999955, -18.599999999999966]]]}}, {"type": "Feature", "properties": {"No_de_Poco": 0, "Shape_Leng": 0.6, "Shape_Area": 0.0225}, "geometry": {"type": "Polygon", "coordinates": [[[-56.299999999999955, -18.449999999999932], [-56.14999999999998, -18.449999999999932], [-56.14999999999998, -18.599999999999966], [-56.299999999999955, -18.599999999999966], [-56.299999999999955, -18.449999999999932]]]}}, {"type": "Feature", "properties": {"No_de_Poco": 0, "Shape_Leng": 0.6, "Shape_Area": 0.0225}, "geometry": {"type": "Polygon", "coordinates": [[[-56.299999999999955, -18.299999999999955], [-56.14999999999998, -18.299999999999955], [-56.14999999999998, -18.449999999999932], [-56.299999999999955, -18.449999999999932], [-56.299999999999955, -18.299999999999955]]]}}, {"type": "Feature", "properties": {"No_de_Poco": 0, "Shape_Leng": 0.6, "Shape_Area": 0.0225}, "geometry": {"type": "Polygon", "coordinates": [[[-56.299999999999955, -18.149999999999977], [-56.14999999999998, -18.149999999999977], [-56.14999999999998, -18.299999999999955], [-56.299999999999955, -18.299999999999955], [-56.299999999999955, -18.149999999999977]]]}}, {"type": "Feature", "properties": {"No_de_Poco": 0, "Shape_Leng": 0.6, "Shape_Area": 0.0225}, "geometry": {"type": "Polygon", "coordinates": [[[-56.299999999999955, -17.999999999999943], [-56.14999999999998, -17.999999999999943], [-56.14999999999998, -18.149999999999977], [-56.299999999999955, -18.149999999999977], [-56.299999999999955, -17.999999999999943]]]}}, {"type": "Feature", "properties": {"No_de_Poco": 0, "Shape_Leng": 0.6, "Shape_Area": 0.0225}, "geometry": {"type": "Polygon", "coordinates": [[[-56.299999999999955, -17.849999999999966], [-56.14999999999998, -17.849999999999966], [-56.14999999999998, -17.999999999999943], [-56.299999999999955, -17.999999999999943], [-56.299999999999955, -17.849999999999966]]]}}, {"type": "Feature", "properties": {"No_de_Poco": 0, "Shape_Leng": 0.6, "Shape_Area": 0.0225}, "geometry": {"type": "Polygon", "coordinates": [[[-56.299999999999955, -17.699999999999932], [-56.14999999999998, -17.699999999999932], [-56.14999999999998, -17.849999999999966], [-56.299999999999955, -17.849999999999966], [-56.299999999999955, -17.699999999999932]]]}}, {"type": "Feature", "properties": {"No_de_Poco": 0, "Shape_Leng": 0.6, "Shape_Area": 0.0225}, "geometry": {"type": "Polygon", "coordinates": [[[-56.299999999999955, -17.549999999999955], [-56.14999999999998, -17.549999999999955], [-56.14999999999998, -17.699999999999932], [-56.299999999999955, -17.699999999999932], [-56.299999999999955, -17.549999999999955]]]}}, {"type": "Feature", "properties": {"No_de_Poco": 0, "Shape_Leng": 0.6, "Shape_Area": 0.0225}, "geometry": {"type": "Polygon", "coordinates": [[[-56.299999999999955, -17.399999999999977], [-56.14999999999998, -17.399999999999977], [-56.14999999999998, -17.549999999999955], [-56.299999999999955, -17.549999999999955], [-56.299999999999955, -17.399999999999977]]]}}, {"type": "Feature", "properties": {"No_de_Poco": 0, "Shape_Leng": 0.6, "Shape_Area": 0.0225}, "geometry": {"type": "Polygon", "coordinates": [[[-56.299999999999955, -17.249999999999943], [-56.14999999999998, -17.249999999999943], [-56.14999999999998, -17.399999999999977], [-56.299999999999955, -17.399999999999977], [-56.299999999999955, -17.249999999999943]]]}}, {"type": "Feature", "properties": {"No_de_Poco": 0, "Shape_Leng": 0.6, "Shape_Area": 0.0225}, "geometry": {"type": "Polygon", "coordinates": [[[-56.299999999999955, -17.099999999999966], [-56.14999999999998, -17.099999999999966], [-56.14999999999998, -17.249999999999943], [-56.299999999999955, -17.249999999999943], [-56.299999999999955, -17.099999999999966]]]}}, {"type": "Feature", "properties": {"No_de_Poco": 0, "Shape_Leng": 0.6, "Shape_Area": 0.0225}, "geometry": {"type": "Polygon", "coordinates": [[[-56.44999999999993, -19.649999999999977], [-56.299999999999955, -19.649999999999977], [-56.299999999999955, -19.799999999999955], [-56.44999999999993, -19.799999999999955], [-56.44999999999993, -19.649999999999977]]]}}, {"type": "Feature", "properties": {"No_de_Poco": 0, "Shape_Leng": 0.6, "Shape_Area": 0.0225}, "geometry": {"type": "Polygon", "coordinates": [[[-56.44999999999993, -19.499999999999943], [-56.299999999999955, -19.499999999999943], [-56.299999999999955, -19.649999999999977], [-56.44999999999993, -19.649999999999977], [-56.44999999999993, -19.499999999999943]]]}}, {"type": "Feature", "properties": {"No_de_Poco": 0, "Shape_Leng": 0.6, "Shape_Area": 0.0225}, "geometry": {"type": "Polygon", "coordinates": [[[-56.44999999999993, -19.349999999999966], [-56.299999999999955, -19.349999999999966], [-56.299999999999955, -19.499999999999943], [-56.44999999999993, -19.499999999999943], [-56.44999999999993, -19.349999999999966]]]}}, {"type": "Feature", "properties": {"No_de_Poco": 0, "Shape_Leng": 0.6, "Shape_Area": 0.0225}, "geometry": {"type": "Polygon", "coordinates": [[[-56.44999999999993, -19.199999999999932], [-56.299999999999955, -19.199999999999932], [-56.299999999999955, -19.349999999999966], [-56.44999999999993, -19.349999999999966], [-56.44999999999993, -19.199999999999932]]]}}, {"type": "Feature", "properties": {"No_de_Poco": 0, "Shape_Leng": 0.6, "Shape_Area": 0.0225}, "geometry": {"type": "Polygon", "coordinates": [[[-56.44999999999993, -19.049999999999955], [-56.299999999999955, -19.049999999999955], [-56.299999999999955, -19.199999999999932], [-56.44999999999993, -19.199999999999932], [-56.44999999999993, -19.049999999999955]]]}}, {"type": "Feature", "properties": {"No_de_Poco": 0, "Shape_Leng": 0.6, "Shape_Area": 0.0225}, "geometry": {"type": "Polygon", "coordinates": [[[-56.44999999999993, -18.899999999999977], [-56.299999999999955, -18.899999999999977], [-56.299999999999955, -19.049999999999955], [-56.44999999999993, -19.049999999999955], [-56.44999999999993, -18.899999999999977]]]}}, {"type": "Feature", "properties": {"No_de_Poco": 0, "Shape_Leng": 0.6, "Shape_Area": 0.0225}, "geometry": {"type": "Polygon", "coordinates": [[[-56.44999999999993, -18.749999999999943], [-56.299999999999955, -18.749999999999943], [-56.299999999999955, -18.899999999999977], [-56.44999999999993, -18.899999999999977], [-56.44999999999993, -18.749999999999943]]]}}, {"type": "Feature", "properties": {"No_de_Poco": 0, "Shape_Leng": 0.6, "Shape_Area": 0.0225}, "geometry": {"type": "Polygon", "coordinates": [[[-56.44999999999993, -18.599999999999966], [-56.299999999999955, -18.599999999999966], [-56.299999999999955, -18.749999999999943], [-56.44999999999993, -18.749999999999943], [-56.44999999999993, -18.599999999999966]]]}}, {"type": "Feature", "properties": {"No_de_Poco": 0, "Shape_Leng": 0.6, "Shape_Area": 0.0225}, "geometry": {"type": "Polygon", "coordinates": [[[-56.44999999999993, -18.449999999999932], [-56.299999999999955, -18.449999999999932], [-56.299999999999955, -18.599999999999966], [-56.44999999999993, -18.599999999999966], [-56.44999999999993, -18.449999999999932]]]}}, {"type": "Feature", "properties": {"No_de_Poco": 0, "Shape_Leng": 0.6, "Shape_Area": 0.0225}, "geometry": {"type": "Polygon", "coordinates": [[[-56.44999999999993, -18.299999999999955], [-56.299999999999955, -18.299999999999955], [-56.299999999999955, -18.449999999999932], [-56.44999999999993, -18.449999999999932], [-56.44999999999993, -18.299999999999955]]]}}, {"type": "Feature", "properties": {"No_de_Poco": 0, "Shape_Leng": 0.6, "Shape_Area": 0.0225}, "geometry": {"type": "Polygon", "coordinates": [[[-56.44999999999993, -18.149999999999977], [-56.299999999999955, -18.149999999999977], [-56.299999999999955, -18.299999999999955], [-56.44999999999993, -18.299999999999955], [-56.44999999999993, -18.149999999999977]]]}}, {"type": "Feature", "properties": {"No_de_Poco": 0, "Shape_Leng": 0.6, "Shape_Area": 0.0225}, "geometry": {"type": "Polygon", "coordinates": [[[-56.44999999999993, -17.999999999999943], [-56.299999999999955, -17.999999999999943], [-56.299999999999955, -18.149999999999977], [-56.44999999999993, -18.149999999999977], [-56.44999999999993, -17.999999999999943]]]}}, {"type": "Feature", "properties": {"No_de_Poco": 0, "Shape_Leng": 0.6, "Shape_Area": 0.0225}, "geometry": {"type": "Polygon", "coordinates": [[[-56.44999999999993, -17.849999999999966], [-56.299999999999955, -17.849999999999966], [-56.299999999999955, -17.999999999999943], [-56.44999999999993, -17.999999999999943], [-56.44999999999993, -17.849999999999966]]]}}, {"type": "Feature", "properties": {"No_de_Poco": 0, "Shape_Leng": 0.6, "Shape_Area": 0.0225}, "geometry": {"type": "Polygon", "coordinates": [[[-56.44999999999993, -17.699999999999932], [-56.299999999999955, -17.699999999999932], [-56.299999999999955, -17.849999999999966], [-56.44999999999993, -17.849999999999966], [-56.44999999999993, -17.699999999999932]]]}}, {"type": "Feature", "properties": {"No_de_Poco": 0, "Shape_Leng": 0.6, "Shape_Area": 0.0225}, "geometry": {"type": "Polygon", "coordinates": [[[-56.44999999999993, -17.549999999999955], [-56.299999999999955, -17.549999999999955], [-56.299999999999955, -17.699999999999932], [-56.44999999999993, -17.699999999999932], [-56.44999999999993, -17.549999999999955]]]}}, {"type": "Feature", "properties": {"No_de_Poco": 0, "Shape_Leng": 0.6, "Shape_Area": 0.0225}, "geometry": {"type": "Polygon", "coordinates": [[[-56.44999999999993, -17.399999999999977], [-56.299999999999955, -17.399999999999977], [-56.299999999999955, -17.549999999999955], [-56.44999999999993, -17.549999999999955], [-56.44999999999993, -17.399999999999977]]]}}, {"type": "Feature", "properties": {"No_de_Poco": 0, "Shape_Leng": 0.6, "Shape_Area": 0.0225}, "geometry": {"type": "Polygon", "coordinates": [[[-56.44999999999993, -17.249999999999943], [-56.299999999999955, -17.249999999999943], [-56.299999999999955, -17.399999999999977], [-56.44999999999993, -17.399999999999977], [-56.44999999999993, -17.249999999999943]]]}}, {"type": "Feature", "properties": {"No_de_Poco": 0, "Shape_Leng": 0.6, "Shape_Area": 0.0225}, "geometry": {"type": "Polygon", "coordinates": [[[-56.599999999999966, -19.649999999999977], [-56.44999999999993, -19.649999999999977], [-56.44999999999993, -19.799999999999955], [-56.599999999999966, -19.799999999999955], [-56.599999999999966, -19.649999999999977]]]}}, {"type": "Feature", "properties": {"No_de_Poco": 0, "Shape_Leng": 0.6, "Shape_Area": 0.0225}, "geometry": {"type": "Polygon", "coordinates": [[[-56.599999999999966, -19.499999999999943], [-56.44999999999993, -19.499999999999943], [-56.44999999999993, -19.649999999999977], [-56.599999999999966, -19.649999999999977], [-56.599999999999966, -19.499999999999943]]]}}, {"type": "Feature", "properties": {"No_de_Poco": 0, "Shape_Leng": 0.6, "Shape_Area": 0.0225}, "geometry": {"type": "Polygon", "coordinates": [[[-56.599999999999966, -19.349999999999966], [-56.44999999999993, -19.349999999999966], [-56.44999999999993, -19.499999999999943], [-56.599999999999966, -19.499999999999943], [-56.599999999999966, -19.349999999999966]]]}}, {"type": "Feature", "properties": {"No_de_Poco": 0, "Shape_Leng": 0.6, "Shape_Area": 0.0225}, "geometry": {"type": "Polygon", "coordinates": [[[-56.599999999999966, -19.199999999999932], [-56.44999999999993, -19.199999999999932], [-56.44999999999993, -19.349999999999966], [-56.599999999999966, -19.349999999999966], [-56.599999999999966, -19.199999999999932]]]}}, {"type": "Feature", "properties": {"No_de_Poco": 0, "Shape_Leng": 0.6, "Shape_Area": 0.0225}, "geometry": {"type": "Polygon", "coordinates": [[[-56.599999999999966, -19.049999999999955], [-56.44999999999993, -19.049999999999955], [-56.44999999999993, -19.199999999999932], [-56.599999999999966, -19.199999999999932], [-56.599999999999966, -19.049999999999955]]]}}, {"type": "Feature", "properties": {"No_de_Poco": 0, "Shape_Leng": 0.6, "Shape_Area": 0.0225}, "geometry": {"type": "Polygon", "coordinates": [[[-56.599999999999966, -18.899999999999977], [-56.44999999999993, -18.899999999999977], [-56.44999999999993, -19.049999999999955], [-56.599999999999966, -19.049999999999955], [-56.599999999999966, -18.899999999999977]]]}}, {"type": "Feature", "properties": {"No_de_Poco": 0, "Shape_Leng": 0.6, "Shape_Area": 0.0225}, "geometry": {"type": "Polygon", "coordinates": [[[-56.599999999999966, -18.749999999999943], [-56.44999999999993, -18.749999999999943], [-56.44999999999993, -18.899999999999977], [-56.599999999999966, -18.899999999999977], [-56.599999999999966, -18.749999999999943]]]}}, {"type": "Feature", "properties": {"No_de_Poco": 0, "Shape_Leng": 0.6, "Shape_Area": 0.0225}, "geometry": {"type": "Polygon", "coordinates": [[[-56.599999999999966, -18.599999999999966], [-56.44999999999993, -18.599999999999966], [-56.44999999999993, -18.749999999999943], [-56.599999999999966, -18.749999999999943], [-56.599999999999966, -18.599999999999966]]]}}, {"type": "Feature", "properties": {"No_de_Poco": 0, "Shape_Leng": 0.6, "Shape_Area": 0.0225}, "geometry": {"type": "Polygon", "coordinates": [[[-56.599999999999966, -18.449999999999932], [-56.44999999999993, -18.449999999999932], [-56.44999999999993, -18.599999999999966], [-56.599999999999966, -18.599999999999966], [-56.599999999999966, -18.449999999999932]]]}}, {"type": "Feature", "properties": {"No_de_Poco": 0, "Shape_Leng": 0.6, "Shape_Area": 0.0225}, "geometry": {"type": "Polygon", "coordinates": [[[-56.599999999999966, -18.299999999999955], [-56.44999999999993, -18.299999999999955], [-56.44999999999993, -18.449999999999932], [-56.599999999999966, -18.449999999999932], [-56.599999999999966, -18.299999999999955]]]}}, {"type": "Feature", "properties": {"No_de_Poco": 0, "Shape_Leng": 0.6, "Shape_Area": 0.0225}, "geometry": {"type": "Polygon", "coordinates": [[[-56.599999999999966, -18.149999999999977], [-56.44999999999993, -18.149999999999977], [-56.44999999999993, -18.299999999999955], [-56.599999999999966, -18.299999999999955], [-56.599999999999966, -18.149999999999977]]]}}, {"type": "Feature", "properties": {"No_de_Poco": 0, "Shape_Leng": 0.6, "Shape_Area": 0.0225}, "geometry": {"type": "Polygon", "coordinates": [[[-56.599999999999966, -17.999999999999943], [-56.44999999999993, -17.999999999999943], [-56.44999999999993, -18.149999999999977], [-56.599999999999966, -18.149999999999977], [-56.599999999999966, -17.999999999999943]]]}}, {"type": "Feature", "properties": {"No_de_Poco": 0, "Shape_Leng": 0.6, "Shape_Area": 0.0225}, "geometry": {"type": "Polygon", "coordinates": [[[-56.599999999999966, -17.849999999999966], [-56.44999999999993, -17.849999999999966], [-56.44999999999993, -17.999999999999943], [-56.599999999999966, -17.999999999999943], [-56.599999999999966, -17.849999999999966]]]}}, {"type": "Feature", "properties": {"No_de_Poco": 0, "Shape_Leng": 0.6, "Shape_Area": 0.0225}, "geometry": {"type": "Polygon", "coordinates": [[[-56.599999999999966, -17.699999999999932], [-56.44999999999993, -17.699999999999932], [-56.44999999999993, -17.849999999999966], [-56.599999999999966, -17.849999999999966], [-56.599999999999966, -17.699999999999932]]]}}, {"type": "Feature", "properties": {"No_de_Poco": 0, "Shape_Leng": 0.6, "Shape_Area": 0.0225}, "geometry": {"type": "Polygon", "coordinates": [[[-56.599999999999966, -17.549999999999955], [-56.44999999999993, -17.549999999999955], [-56.44999999999993, -17.699999999999932], [-56.599999999999966, -17.699999999999932], [-56.599999999999966, -17.549999999999955]]]}}, {"type": "Feature", "properties": {"No_de_Poco": 0, "Shape_Leng": 0.6, "Shape_Area": 0.0225}, "geometry": {"type": "Polygon", "coordinates": [[[-56.599999999999966, -17.399999999999977], [-56.44999999999993, -17.399999999999977], [-56.44999999999993, -17.549999999999955], [-56.599999999999966, -17.549999999999955], [-56.599999999999966, -17.399999999999977]]]}}, {"type": "Feature", "properties": {"No_de_Poco": 0, "Shape_Leng": 0.6, "Shape_Area": 0.0225}, "geometry": {"type": "Polygon", "coordinates": [[[-56.599999999999966, -17.249999999999943], [-56.44999999999993, -17.249999999999943], [-56.44999999999993, -17.399999999999977], [-56.599999999999966, -17.399999999999977], [-56.599999999999966, -17.249999999999943]]]}}, {"type": "Feature", "properties": {"No_de_Poco": 0, "Shape_Leng": 0.6, "Shape_Area": 0.0225}, "geometry": {"type": "Polygon", "coordinates": [[[-56.74999999999994, -19.499999999999943], [-56.599999999999966, -19.499999999999943], [-56.599999999999966, -19.649999999999977], [-56.74999999999994, -19.649999999999977], [-56.74999999999994, -19.499999999999943]]]}}, {"type": "Feature", "properties": {"No_de_Poco": 0, "Shape_Leng": 0.6, "Shape_Area": 0.0225}, "geometry": {"type": "Polygon", "coordinates": [[[-56.74999999999994, -19.349999999999966], [-56.599999999999966, -19.349999999999966], [-56.599999999999966, -19.499999999999943], [-56.74999999999994, -19.499999999999943], [-56.74999999999994, -19.349999999999966]]]}}, {"type": "Feature", "properties": {"No_de_Poco": 0, "Shape_Leng": 0.6, "Shape_Area": 0.0225}, "geometry": {"type": "Polygon", "coordinates": [[[-56.74999999999994, -19.199999999999932], [-56.599999999999966, -19.199999999999932], [-56.599999999999966, -19.349999999999966], [-56.74999999999994, -19.349999999999966], [-56.74999999999994, -19.199999999999932]]]}}, {"type": "Feature", "properties": {"No_de_Poco": 0, "Shape_Leng": 0.6, "Shape_Area": 0.0225}, "geometry": {"type": "Polygon", "coordinates": [[[-56.74999999999994, -19.049999999999955], [-56.599999999999966, -19.049999999999955], [-56.599999999999966, -19.199999999999932], [-56.74999999999994, -19.199999999999932], [-56.74999999999994, -19.049999999999955]]]}}, {"type": "Feature", "properties": {"No_de_Poco": 0, "Shape_Leng": 0.6, "Shape_Area": 0.0225}, "geometry": {"type": "Polygon", "coordinates": [[[-56.74999999999994, -18.899999999999977], [-56.599999999999966, -18.899999999999977], [-56.599999999999966, -19.049999999999955], [-56.74999999999994, -19.049999999999955], [-56.74999999999994, -18.899999999999977]]]}}, {"type": "Feature", "properties": {"No_de_Poco": 0, "Shape_Leng": 0.6, "Shape_Area": 0.0225}, "geometry": {"type": "Polygon", "coordinates": [[[-56.74999999999994, -18.749999999999943], [-56.599999999999966, -18.749999999999943], [-56.599999999999966, -18.899999999999977], [-56.74999999999994, -18.899999999999977], [-56.74999999999994, -18.749999999999943]]]}}, {"type": "Feature", "properties": {"No_de_Poco": 0, "Shape_Leng": 0.6, "Shape_Area": 0.0225}, "geometry": {"type": "Polygon", "coordinates": [[[-56.74999999999994, -18.599999999999966], [-56.599999999999966, -18.599999999999966], [-56.599999999999966, -18.749999999999943], [-56.74999999999994, -18.749999999999943], [-56.74999999999994, -18.599999999999966]]]}}, {"type": "Feature", "properties": {"No_de_Poco": 0, "Shape_Leng": 0.6, "Shape_Area": 0.0225}, "geometry": {"type": "Polygon", "coordinates": [[[-56.74999999999994, -18.449999999999932], [-56.599999999999966, -18.449999999999932], [-56.599999999999966, -18.599999999999966], [-56.74999999999994, -18.599999999999966], [-56.74999999999994, -18.449999999999932]]]}}, {"type": "Feature", "properties": {"No_de_Poco": 0, "Shape_Leng": 0.6, "Shape_Area": 0.0225}, "geometry": {"type": "Polygon", "coordinates": [[[-56.74999999999994, -18.299999999999955], [-56.599999999999966, -18.299999999999955], [-56.599999999999966, -18.449999999999932], [-56.74999999999994, -18.449999999999932], [-56.74999999999994, -18.299999999999955]]]}}, {"type": "Feature", "properties": {"No_de_Poco": 0, "Shape_Leng": 0.6, "Shape_Area": 0.0225}, "geometry": {"type": "Polygon", "coordinates": [[[-56.74999999999994, -18.149999999999977], [-56.599999999999966, -18.149999999999977], [-56.599999999999966, -18.299999999999955], [-56.74999999999994, -18.299999999999955], [-56.74999999999994, -18.149999999999977]]]}}, {"type": "Feature", "properties": {"No_de_Poco": 0, "Shape_Leng": 0.6, "Shape_Area": 0.0225}, "geometry": {"type": "Polygon", "coordinates": [[[-56.74999999999994, -17.999999999999943], [-56.599999999999966, -17.999999999999943], [-56.599999999999966, -18.149999999999977], [-56.74999999999994, -18.149999999999977], [-56.74999999999994, -17.999999999999943]]]}}, {"type": "Feature", "properties": {"No_de_Poco": 0, "Shape_Leng": 0.6, "Shape_Area": 0.0225}, "geometry": {"type": "Polygon", "coordinates": [[[-56.74999999999994, -17.849999999999966], [-56.599999999999966, -17.849999999999966], [-56.599999999999966, -17.999999999999943], [-56.74999999999994, -17.999999999999943], [-56.74999999999994, -17.849999999999966]]]}}, {"type": "Feature", "properties": {"No_de_Poco": 0, "Shape_Leng": 0.6, "Shape_Area": 0.0225}, "geometry": {"type": "Polygon", "coordinates": [[[-56.74999999999994, -17.699999999999932], [-56.599999999999966, -17.699999999999932], [-56.599999999999966, -17.849999999999966], [-56.74999999999994, -17.849999999999966], [-56.74999999999994, -17.699999999999932]]]}}, {"type": "Feature", "properties": {"No_de_Poco": 0, "Shape_Leng": 0.6, "Shape_Area": 0.0225}, "geometry": {"type": "Polygon", "coordinates": [[[-56.74999999999994, -17.549999999999955], [-56.599999999999966, -17.549999999999955], [-56.599999999999966, -17.699999999999932], [-56.74999999999994, -17.699999999999932], [-56.74999999999994, -17.549999999999955]]]}}, {"type": "Feature", "properties": {"No_de_Poco": 0, "Shape_Leng": 0.6, "Shape_Area": 0.0225}, "geometry": {"type": "Polygon", "coordinates": [[[-56.74999999999994, -17.399999999999977], [-56.599999999999966, -17.399999999999977], [-56.599999999999966, -17.549999999999955], [-56.74999999999994, -17.549999999999955], [-56.74999999999994, -17.399999999999977]]]}}, {"type": "Feature", "properties": {"No_de_Poco": 0, "Shape_Leng": 0.6, "Shape_Area": 0.0225}, "geometry": {"type": "Polygon", "coordinates": [[[-56.74999999999994, -17.249999999999943], [-56.599999999999966, -17.249999999999943], [-56.599999999999966, -17.399999999999977], [-56.74999999999994, -17.399999999999977], [-56.74999999999994, -17.249999999999943]]]}}, {"type": "Feature", "properties": {"No_de_Poco": 0, "Shape_Leng": 0.6, "Shape_Area": 0.0225}, "geometry": {"type": "Polygon", "coordinates": [[[-56.89999999999998, -19.649999999999977], [-56.74999999999994, -19.649999999999977], [-56.74999999999994, -19.799999999999955], [-56.89999999999998, -19.799999999999955], [-56.89999999999998, -19.649999999999977]]]}}, {"type": "Feature", "properties": {"No_de_Poco": 0, "Shape_Leng": 0.6, "Shape_Area": 0.0225}, "geometry": {"type": "Polygon", "coordinates": [[[-56.89999999999998, -19.499999999999943], [-56.74999999999994, -19.499999999999943], [-56.74999999999994, -19.649999999999977], [-56.89999999999998, -19.649999999999977], [-56.89999999999998, -19.499999999999943]]]}}, {"type": "Feature", "properties": {"No_de_Poco": 0, "Shape_Leng": 0.6, "Shape_Area": 0.0225}, "geometry": {"type": "Polygon", "coordinates": [[[-56.89999999999998, -19.349999999999966], [-56.74999999999994, -19.349999999999966], [-56.74999999999994, -19.499999999999943], [-56.89999999999998, -19.499999999999943], [-56.89999999999998, -19.349999999999966]]]}}, {"type": "Feature", "properties": {"No_de_Poco": 0, "Shape_Leng": 0.6, "Shape_Area": 0.0225}, "geometry": {"type": "Polygon", "coordinates": [[[-56.89999999999998, -19.199999999999932], [-56.74999999999994, -19.199999999999932], [-56.74999999999994, -19.349999999999966], [-56.89999999999998, -19.349999999999966], [-56.89999999999998, -19.199999999999932]]]}}, {"type": "Feature", "properties": {"No_de_Poco": 0, "Shape_Leng": 0.6, "Shape_Area": 0.0225}, "geometry": {"type": "Polygon", "coordinates": [[[-56.89999999999998, -19.049999999999955], [-56.74999999999994, -19.049999999999955], [-56.74999999999994, -19.199999999999932], [-56.89999999999998, -19.199999999999932], [-56.89999999999998, -19.049999999999955]]]}}, {"type": "Feature", "properties": {"No_de_Poco": 0, "Shape_Leng": 0.6, "Shape_Area": 0.0225}, "geometry": {"type": "Polygon", "coordinates": [[[-56.89999999999998, -18.899999999999977], [-56.74999999999994, -18.899999999999977], [-56.74999999999994, -19.049999999999955], [-56.89999999999998, -19.049999999999955], [-56.89999999999998, -18.899999999999977]]]}}, {"type": "Feature", "properties": {"No_de_Poco": 0, "Shape_Leng": 0.6, "Shape_Area": 0.0225}, "geometry": {"type": "Polygon", "coordinates": [[[-56.89999999999998, -18.749999999999943], [-56.74999999999994, -18.749999999999943], [-56.74999999999994, -18.899999999999977], [-56.89999999999998, -18.899999999999977], [-56.89999999999998, -18.749999999999943]]]}}, {"type": "Feature", "properties": {"No_de_Poco": 0, "Shape_Leng": 0.6, "Shape_Area": 0.0225}, "geometry": {"type": "Polygon", "coordinates": [[[-56.89999999999998, -18.599999999999966], [-56.74999999999994, -18.599999999999966], [-56.74999999999994, -18.749999999999943], [-56.89999999999998, -18.749999999999943], [-56.89999999999998, -18.599999999999966]]]}}, {"type": "Feature", "properties": {"No_de_Poco": 0, "Shape_Leng": 0.6, "Shape_Area": 0.0225}, "geometry": {"type": "Polygon", "coordinates": [[[-56.89999999999998, -18.449999999999932], [-56.74999999999994, -18.449999999999932], [-56.74999999999994, -18.599999999999966], [-56.89999999999998, -18.599999999999966], [-56.89999999999998, -18.449999999999932]]]}}, {"type": "Feature", "properties": {"No_de_Poco": 0, "Shape_Leng": 0.6, "Shape_Area": 0.0225}, "geometry": {"type": "Polygon", "coordinates": [[[-56.89999999999998, -18.299999999999955], [-56.74999999999994, -18.299999999999955], [-56.74999999999994, -18.449999999999932], [-56.89999999999998, -18.449999999999932], [-56.89999999999998, -18.299999999999955]]]}}, {"type": "Feature", "properties": {"No_de_Poco": 0, "Shape_Leng": 0.6, "Shape_Area": 0.0225}, "geometry": {"type": "Polygon", "coordinates": [[[-56.89999999999998, -18.149999999999977], [-56.74999999999994, -18.149999999999977], [-56.74999999999994, -18.299999999999955], [-56.89999999999998, -18.299999999999955], [-56.89999999999998, -18.149999999999977]]]}}, {"type": "Feature", "properties": {"No_de_Poco": 0, "Shape_Leng": 0.6, "Shape_Area": 0.0225}, "geometry": {"type": "Polygon", "coordinates": [[[-56.89999999999998, -17.999999999999943], [-56.74999999999994, -17.999999999999943], [-56.74999999999994, -18.149999999999977], [-56.89999999999998, -18.149999999999977], [-56.89999999999998, -17.999999999999943]]]}}, {"type": "Feature", "properties": {"No_de_Poco": 0, "Shape_Leng": 0.6, "Shape_Area": 0.0225}, "geometry": {"type": "Polygon", "coordinates": [[[-56.89999999999998, -17.849999999999966], [-56.74999999999994, -17.849999999999966], [-56.74999999999994, -17.999999999999943], [-56.89999999999998, -17.999999999999943], [-56.89999999999998, -17.849999999999966]]]}}, {"type": "Feature", "properties": {"No_de_Poco": 0, "Shape_Leng": 0.6, "Shape_Area": 0.0225}, "geometry": {"type": "Polygon", "coordinates": [[[-56.89999999999998, -17.699999999999932], [-56.74999999999994, -17.699999999999932], [-56.74999999999994, -17.849999999999966], [-56.89999999999998, -17.849999999999966], [-56.89999999999998, -17.699999999999932]]]}}, {"type": "Feature", "properties": {"No_de_Poco": 0, "Shape_Leng": 0.6, "Shape_Area": 0.0225}, "geometry": {"type": "Polygon", "coordinates": [[[-56.89999999999998, -17.549999999999955], [-56.74999999999994, -17.549999999999955], [-56.74999999999994, -17.699999999999932], [-56.89999999999998, -17.699999999999932], [-56.89999999999998, -17.549999999999955]]]}}, {"type": "Feature", "properties": {"No_de_Poco": 0, "Shape_Leng": 0.6, "Shape_Area": 0.0225}, "geometry": {"type": "Polygon", "coordinates": [[[-56.89999999999998, -17.399999999999977], [-56.74999999999994, -17.399999999999977], [-56.74999999999994, -17.549999999999955], [-56.89999999999998, -17.549999999999955], [-56.89999999999998, -17.399999999999977]]]}}, {"type": "Feature", "properties": {"No_de_Poco": 0, "Shape_Leng": 0.6, "Shape_Area": 0.0225}, "geometry": {"type": "Polygon", "coordinates": [[[-56.89999999999998, -17.249999999999943], [-56.74999999999994, -17.249999999999943], [-56.74999999999994, -17.399999999999977], [-56.89999999999998, -17.399999999999977], [-56.89999999999998, -17.249999999999943]]]}}, {"type": "Feature", "properties": {"No_de_Poco": 0, "Shape_Leng": 0.6, "Shape_Area": 0.0225}, "geometry": {"type": "Polygon", "coordinates": [[[-57.049999999999955, -19.649999999999977], [-56.89999999999998, -19.649999999999977], [-56.89999999999998, -19.799999999999955], [-57.049999999999955, -19.799999999999955], [-57.049999999999955, -19.649999999999977]]]}}, {"type": "Feature", "properties": {"No_de_Poco": 2, "Shape_Leng": 0.6, "Shape_Area": 0.0225}, "geometry": {"type": "Polygon", "coordinates": [[[-57.049999999999955, -19.499999999999943], [-56.89999999999998, -19.499999999999943], [-56.89999999999998, -19.649999999999977], [-57.049999999999955, -19.649999999999977], [-57.049999999999955, -19.499999999999943]]]}}, {"type": "Feature", "properties": {"No_de_Poco": 1, "Shape_Leng": 0.6, "Shape_Area": 0.0225}, "geometry": {"type": "Polygon", "coordinates": [[[-57.049999999999955, -19.349999999999966], [-56.89999999999998, -19.349999999999966], [-56.89999999999998, -19.499999999999943], [-57.049999999999955, -19.499999999999943], [-57.049999999999955, -19.349999999999966]]]}}, {"type": "Feature", "properties": {"No_de_Poco": 0, "Shape_Leng": 0.6, "Shape_Area": 0.0225}, "geometry": {"type": "Polygon", "coordinates": [[[-57.049999999999955, -19.199999999999932], [-56.89999999999998, -19.199999999999932], [-56.89999999999998, -19.349999999999966], [-57.049999999999955, -19.349999999999966], [-57.049999999999955, -19.199999999999932]]]}}, {"type": "Feature", "properties": {"No_de_Poco": 0, "Shape_Leng": 0.6, "Shape_Area": 0.0225}, "geometry": {"type": "Polygon", "coordinates": [[[-57.049999999999955, -19.049999999999955], [-56.89999999999998, -19.049999999999955], [-56.89999999999998, -19.199999999999932], [-57.049999999999955, -19.199999999999932], [-57.049999999999955, -19.049999999999955]]]}}, {"type": "Feature", "properties": {"No_de_Poco": 0, "Shape_Leng": 0.6, "Shape_Area": 0.0225}, "geometry": {"type": "Polygon", "coordinates": [[[-57.049999999999955, -18.899999999999977], [-56.89999999999998, -18.899999999999977], [-56.89999999999998, -19.049999999999955], [-57.049999999999955, -19.049999999999955], [-57.049999999999955, -18.899999999999977]]]}}, {"type": "Feature", "properties": {"No_de_Poco": 0, "Shape_Leng": 0.6, "Shape_Area": 0.0225}, "geometry": {"type": "Polygon", "coordinates": [[[-57.049999999999955, -18.749999999999943], [-56.89999999999998, -18.749999999999943], [-56.89999999999998, -18.899999999999977], [-57.049999999999955, -18.899999999999977], [-57.049999999999955, -18.749999999999943]]]}}, {"type": "Feature", "properties": {"No_de_Poco": 0, "Shape_Leng": 0.6, "Shape_Area": 0.0225}, "geometry": {"type": "Polygon", "coordinates": [[[-57.049999999999955, -18.599999999999966], [-56.89999999999998, -18.599999999999966], [-56.89999999999998, -18.749999999999943], [-57.049999999999955, -18.749999999999943], [-57.049999999999955, -18.599999999999966]]]}}, {"type": "Feature", "properties": {"No_de_Poco": 0, "Shape_Leng": 0.6, "Shape_Area": 0.0225}, "geometry": {"type": "Polygon", "coordinates": [[[-57.049999999999955, -18.449999999999932], [-56.89999999999998, -18.449999999999932], [-56.89999999999998, -18.599999999999966], [-57.049999999999955, -18.599999999999966], [-57.049999999999955, -18.449999999999932]]]}}, {"type": "Feature", "properties": {"No_de_Poco": 0, "Shape_Leng": 0.6, "Shape_Area": 0.0225}, "geometry": {"type": "Polygon", "coordinates": [[[-57.049999999999955, -18.299999999999955], [-56.89999999999998, -18.299999999999955], [-56.89999999999998, -18.449999999999932], [-57.049999999999955, -18.449999999999932], [-57.049999999999955, -18.299999999999955]]]}}, {"type": "Feature", "properties": {"No_de_Poco": 0, "Shape_Leng": 0.6, "Shape_Area": 0.0225}, "geometry": {"type": "Polygon", "coordinates": [[[-57.049999999999955, -18.149999999999977], [-56.89999999999998, -18.149999999999977], [-56.89999999999998, -18.299999999999955], [-57.049999999999955, -18.299999999999955], [-57.049999999999955, -18.149999999999977]]]}}, {"type": "Feature", "properties": {"No_de_Poco": 0, "Shape_Leng": 0.6, "Shape_Area": 0.0225}, "geometry": {"type": "Polygon", "coordinates": [[[-57.049999999999955, -17.999999999999943], [-56.89999999999998, -17.999999999999943], [-56.89999999999998, -18.149999999999977], [-57.049999999999955, -18.149999999999977], [-57.049999999999955, -17.999999999999943]]]}}, {"type": "Feature", "properties": {"No_de_Poco": 0, "Shape_Leng": 0.6, "Shape_Area": 0.0225}, "geometry": {"type": "Polygon", "coordinates": [[[-57.049999999999955, -17.849999999999966], [-56.89999999999998, -17.849999999999966], [-56.89999999999998, -17.999999999999943], [-57.049999999999955, -17.999999999999943], [-57.049999999999955, -17.849999999999966]]]}}, {"type": "Feature", "properties": {"No_de_Poco": 0, "Shape_Leng": 0.6, "Shape_Area": 0.0225}, "geometry": {"type": "Polygon", "coordinates": [[[-57.049999999999955, -17.699999999999932], [-56.89999999999998, -17.699999999999932], [-56.89999999999998, -17.849999999999966], [-57.049999999999955, -17.849999999999966], [-57.049999999999955, -17.699999999999932]]]}}, {"type": "Feature", "properties": {"No_de_Poco": 0, "Shape_Leng": 0.6, "Shape_Area": 0.0225}, "geometry": {"type": "Polygon", "coordinates": [[[-57.049999999999955, -17.549999999999955], [-56.89999999999998, -17.549999999999955], [-56.89999999999998, -17.699999999999932], [-57.049999999999955, -17.699999999999932], [-57.049999999999955, -17.549999999999955]]]}}, {"type": "Feature", "properties": {"No_de_Poco": 0, "Shape_Leng": 0.6, "Shape_Area": 0.0225}, "geometry": {"type": "Polygon", "coordinates": [[[-57.049999999999955, -17.399999999999977], [-56.89999999999998, -17.399999999999977], [-56.89999999999998, -17.549999999999955], [-57.049999999999955, -17.549999999999955], [-57.049999999999955, -17.399999999999977]]]}}, {"type": "Feature", "properties": {"No_de_Poco": 0, "Shape_Leng": 0.6, "Shape_Area": 0.0225}, "geometry": {"type": "Polygon", "coordinates": [[[-57.19999999999993, -19.649999999999977], [-57.049999999999955, -19.649999999999977], [-57.049999999999955, -19.799999999999955], [-57.19999999999993, -19.799999999999955], [-57.19999999999993, -19.649999999999977]]]}}, {"type": "Feature", "properties": {"No_de_Poco": 0, "Shape_Leng": 0.6, "Shape_Area": 0.0225}, "geometry": {"type": "Polygon", "coordinates": [[[-57.19999999999993, -19.499999999999943], [-57.049999999999955, -19.499999999999943], [-57.049999999999955, -19.649999999999977], [-57.19999999999993, -19.649999999999977], [-57.19999999999993, -19.499999999999943]]]}}, {"type": "Feature", "properties": {"No_de_Poco": 0, "Shape_Leng": 0.6, "Shape_Area": 0.0225}, "geometry": {"type": "Polygon", "coordinates": [[[-57.19999999999993, -19.349999999999966], [-57.049999999999955, -19.349999999999966], [-57.049999999999955, -19.499999999999943], [-57.19999999999993, -19.499999999999943], [-57.19999999999993, -19.349999999999966]]]}}, {"type": "Feature", "properties": {"No_de_Poco": 0, "Shape_Leng": 0.6, "Shape_Area": 0.0225}, "geometry": {"type": "Polygon", "coordinates": [[[-57.19999999999993, -19.199999999999932], [-57.049999999999955, -19.199999999999932], [-57.049999999999955, -19.349999999999966], [-57.19999999999993, -19.349999999999966], [-57.19999999999993, -19.199999999999932]]]}}, {"type": "Feature", "properties": {"No_de_Poco": 0, "Shape_Leng": 0.6, "Shape_Area": 0.0225}, "geometry": {"type": "Polygon", "coordinates": [[[-57.19999999999993, -19.049999999999955], [-57.049999999999955, -19.049999999999955], [-57.049999999999955, -19.199999999999932], [-57.19999999999993, -19.199999999999932], [-57.19999999999993, -19.049999999999955]]]}}, {"type": "Feature", "properties": {"No_de_Poco": 0, "Shape_Leng": 0.6, "Shape_Area": 0.0225}, "geometry": {"type": "Polygon", "coordinates": [[[-57.19999999999993, -18.899999999999977], [-57.049999999999955, -18.899999999999977], [-57.049999999999955, -19.049999999999955], [-57.19999999999993, -19.049999999999955], [-57.19999999999993, -18.899999999999977]]]}}, {"type": "Feature", "properties": {"No_de_Poco": 0, "Shape_Leng": 0.6, "Shape_Area": 0.0225}, "geometry": {"type": "Polygon", "coordinates": [[[-57.19999999999993, -18.749999999999943], [-57.049999999999955, -18.749999999999943], [-57.049999999999955, -18.899999999999977], [-57.19999999999993, -18.899999999999977], [-57.19999999999993, -18.749999999999943]]]}}, {"type": "Feature", "properties": {"No_de_Poco": 0, "Shape_Leng": 0.6, "Shape_Area": 0.0225}, "geometry": {"type": "Polygon", "coordinates": [[[-57.19999999999993, -18.599999999999966], [-57.049999999999955, -18.599999999999966], [-57.049999999999955, -18.749999999999943], [-57.19999999999993, -18.749999999999943], [-57.19999999999993, -18.599999999999966]]]}}, {"type": "Feature", "properties": {"No_de_Poco": 0, "Shape_Leng": 0.6, "Shape_Area": 0.0225}, "geometry": {"type": "Polygon", "coordinates": [[[-57.19999999999993, -18.449999999999932], [-57.049999999999955, -18.449999999999932], [-57.049999999999955, -18.599999999999966], [-57.19999999999993, -18.599999999999966], [-57.19999999999993, -18.449999999999932]]]}}, {"type": "Feature", "properties": {"No_de_Poco": 0, "Shape_Leng": 0.6, "Shape_Area": 0.0225}, "geometry": {"type": "Polygon", "coordinates": [[[-57.19999999999993, -18.299999999999955], [-57.049999999999955, -18.299999999999955], [-57.049999999999955, -18.449999999999932], [-57.19999999999993, -18.449999999999932], [-57.19999999999993, -18.299999999999955]]]}}, {"type": "Feature", "properties": {"No_de_Poco": 0, "Shape_Leng": 0.6, "Shape_Area": 0.0225}, "geometry": {"type": "Polygon", "coordinates": [[[-57.19999999999993, -18.149999999999977], [-57.049999999999955, -18.149999999999977], [-57.049999999999955, -18.299999999999955], [-57.19999999999993, -18.299999999999955], [-57.19999999999993, -18.149999999999977]]]}}, {"type": "Feature", "properties": {"No_de_Poco": 0, "Shape_Leng": 0.6, "Shape_Area": 0.0225}, "geometry": {"type": "Polygon", "coordinates": [[[-57.19999999999993, -17.999999999999943], [-57.049999999999955, -17.999999999999943], [-57.049999999999955, -18.149999999999977], [-57.19999999999993, -18.149999999999977], [-57.19999999999993, -17.999999999999943]]]}}, {"type": "Feature", "properties": {"No_de_Poco": 0, "Shape_Leng": 0.6, "Shape_Area": 0.0225}, "geometry": {"type": "Polygon", "coordinates": [[[-57.19999999999993, -17.849999999999966], [-57.049999999999955, -17.849999999999966], [-57.049999999999955, -17.999999999999943], [-57.19999999999993, -17.999999999999943], [-57.19999999999993, -17.849999999999966]]]}}, {"type": "Feature", "properties": {"No_de_Poco": 0, "Shape_Leng": 0.6, "Shape_Area": 0.0225}, "geometry": {"type": "Polygon", "coordinates": [[[-57.19999999999993, -17.699999999999932], [-57.049999999999955, -17.699999999999932], [-57.049999999999955, -17.849999999999966], [-57.19999999999993, -17.849999999999966], [-57.19999999999993, -17.699999999999932]]]}}, {"type": "Feature", "properties": {"No_de_Poco": 0, "Shape_Leng": 0.6, "Shape_Area": 0.0225}, "geometry": {"type": "Polygon", "coordinates": [[[-57.349999999999966, -19.649999999999977], [-57.19999999999993, -19.649999999999977], [-57.19999999999993, -19.799999999999955], [-57.349999999999966, -19.799999999999955], [-57.349999999999966, -19.649999999999977]]]}}, {"type": "Feature", "properties": {"No_de_Poco": 0, "Shape_Leng": 0.6, "Shape_Area": 0.0225}, "geometry": {"type": "Polygon", "coordinates": [[[-57.349999999999966, -19.499999999999943], [-57.19999999999993, -19.499999999999943], [-57.19999999999993, -19.649999999999977], [-57.349999999999966, -19.649999999999977], [-57.349999999999966, -19.499999999999943]]]}}, {"type": "Feature", "properties": {"No_de_Poco": 0, "Shape_Leng": 0.6, "Shape_Area": 0.0225}, "geometry": {"type": "Polygon", "coordinates": [[[-57.349999999999966, -19.349999999999966], [-57.19999999999993, -19.349999999999966], [-57.19999999999993, -19.499999999999943], [-57.349999999999966, -19.499999999999943], [-57.349999999999966, -19.349999999999966]]]}}, {"type": "Feature", "properties": {"No_de_Poco": 0, "Shape_Leng": 0.6, "Shape_Area": 0.0225}, "geometry": {"type": "Polygon", "coordinates": [[[-57.349999999999966, -19.199999999999932], [-57.19999999999993, -19.199999999999932], [-57.19999999999993, -19.349999999999966], [-57.349999999999966, -19.349999999999966], [-57.349999999999966, -19.199999999999932]]]}}, {"type": "Feature", "properties": {"No_de_Poco": 0, "Shape_Leng": 0.6, "Shape_Area": 0.0225}, "geometry": {"type": "Polygon", "coordinates": [[[-57.349999999999966, -19.049999999999955], [-57.19999999999993, -19.049999999999955], [-57.19999999999993, -19.199999999999932], [-57.349999999999966, -19.199999999999932], [-57.349999999999966, -19.049999999999955]]]}}, {"type": "Feature", "properties": {"No_de_Poco": 0, "Shape_Leng": 0.6, "Shape_Area": 0.0225}, "geometry": {"type": "Polygon", "coordinates": [[[-57.349999999999966, -18.899999999999977], [-57.19999999999993, -18.899999999999977], [-57.19999999999993, -19.049999999999955], [-57.349999999999966, -19.049999999999955], [-57.349999999999966, -18.899999999999977]]]}}, {"type": "Feature", "properties": {"No_de_Poco": 0, "Shape_Leng": 0.6, "Shape_Area": 0.0225}, "geometry": {"type": "Polygon", "coordinates": [[[-57.349999999999966, -18.749999999999943], [-57.19999999999993, -18.749999999999943], [-57.19999999999993, -18.899999999999977], [-57.349999999999966, -18.899999999999977], [-57.349999999999966, -18.749999999999943]]]}}, {"type": "Feature", "properties": {"No_de_Poco": 0, "Shape_Leng": 0.6, "Shape_Area": 0.0225}, "geometry": {"type": "Polygon", "coordinates": [[[-57.349999999999966, -18.599999999999966], [-57.19999999999993, -18.599999999999966], [-57.19999999999993, -18.749999999999943], [-57.349999999999966, -18.749999999999943], [-57.349999999999966, -18.599999999999966]]]}}, {"type": "Feature", "properties": {"No_de_Poco": 0, "Shape_Leng": 0.6, "Shape_Area": 0.0225}, "geometry": {"type": "Polygon", "coordinates": [[[-57.349999999999966, -18.449999999999932], [-57.19999999999993, -18.449999999999932], [-57.19999999999993, -18.599999999999966], [-57.349999999999966, -18.599999999999966], [-57.349999999999966, -18.449999999999932]]]}}, {"type": "Feature", "properties": {"No_de_Poco": 0, "Shape_Leng": 0.6, "Shape_Area": 0.0225}, "geometry": {"type": "Polygon", "coordinates": [[[-57.349999999999966, -18.299999999999955], [-57.19999999999993, -18.299999999999955], [-57.19999999999993, -18.449999999999932], [-57.349999999999966, -18.449999999999932], [-57.349999999999966, -18.299999999999955]]]}}, {"type": "Feature", "properties": {"No_de_Poco": 0, "Shape_Leng": 0.6, "Shape_Area": 0.0225}, "geometry": {"type": "Polygon", "coordinates": [[[-57.349999999999966, -18.149999999999977], [-57.19999999999993, -18.149999999999977], [-57.19999999999993, -18.299999999999955], [-57.349999999999966, -18.299999999999955], [-57.349999999999966, -18.149999999999977]]]}}, {"type": "Feature", "properties": {"No_de_Poco": 0, "Shape_Leng": 0.6, "Shape_Area": 0.0225}, "geometry": {"type": "Polygon", "coordinates": [[[-57.349999999999966, -17.999999999999943], [-57.19999999999993, -17.999999999999943], [-57.19999999999993, -18.149999999999977], [-57.349999999999966, -18.149999999999977], [-57.349999999999966, -17.999999999999943]]]}}, {"type": "Feature", "properties": {"No_de_Poco": 0, "Shape_Leng": 0.6, "Shape_Area": 0.0225}, "geometry": {"type": "Polygon", "coordinates": [[[-57.349999999999966, -17.849999999999966], [-57.19999999999993, -17.849999999999966], [-57.19999999999993, -17.999999999999943], [-57.349999999999966, -17.999999999999943], [-57.349999999999966, -17.849999999999966]]]}}, {"type": "Feature", "properties": {"No_de_Poco": 0, "Shape_Leng": 0.6, "Shape_Area": 0.0225}, "geometry": {"type": "Polygon", "coordinates": [[[-57.349999999999966, -17.699999999999932], [-57.19999999999993, -17.699999999999932], [-57.19999999999993, -17.849999999999966], [-57.349999999999966, -17.849999999999966], [-57.349999999999966, -17.699999999999932]]]}}, {"type": "Feature", "properties": {"No_de_Poco": 0, "Shape_Leng": 0.6, "Shape_Area": 0.0225}, "geometry": {"type": "Polygon", "coordinates": [[[-57.49999999999994, -19.649999999999977], [-57.349999999999966, -19.649999999999977], [-57.349999999999966, -19.799999999999955], [-57.49999999999994, -19.799999999999955], [-57.49999999999994, -19.649999999999977]]]}}, {"type": "Feature", "properties": {"No_de_Poco": 1, "Shape_Leng": 0.6, "Shape_Area": 0.0225}, "geometry": {"type": "Polygon", "coordinates": [[[-57.49999999999994, -19.499999999999943], [-57.349999999999966, -19.499999999999943], [-57.349999999999966, -19.649999999999977], [-57.49999999999994, -19.649999999999977], [-57.49999999999994, -19.499999999999943]]]}}, {"type": "Feature", "properties": {"No_de_Poco": 2, "Shape_Leng": 0.6, "Shape_Area": 0.0225}, "geometry": {"type": "Polygon", "coordinates": [[[-57.49999999999994, -19.349999999999966], [-57.349999999999966, -19.349999999999966], [-57.349999999999966, -19.499999999999943], [-57.49999999999994, -19.499999999999943], [-57.49999999999994, -19.349999999999966]]]}}, {"type": "Feature", "properties": {"No_de_Poco": 3, "Shape_Leng": 0.6, "Shape_Area": 0.0225}, "geometry": {"type": "Polygon", "coordinates": [[[-57.49999999999994, -19.199999999999932], [-57.349999999999966, -19.199999999999932], [-57.349999999999966, -19.349999999999966], [-57.49999999999994, -19.349999999999966], [-57.49999999999994, -19.199999999999932]]]}}, {"type": "Feature", "properties": {"No_de_Poco": 1, "Shape_Leng": 0.6, "Shape_Area": 0.0225}, "geometry": {"type": "Polygon", "coordinates": [[[-57.49999999999994, -19.049999999999955], [-57.349999999999966, -19.049999999999955], [-57.349999999999966, -19.199999999999932], [-57.49999999999994, -19.199999999999932], [-57.49999999999994, -19.049999999999955]]]}}, {"type": "Feature", "properties": {"No_de_Poco": 0, "Shape_Leng": 0.6, "Shape_Area": 0.0225}, "geometry": {"type": "Polygon", "coordinates": [[[-57.49999999999994, -18.899999999999977], [-57.349999999999966, -18.899999999999977], [-57.349999999999966, -19.049999999999955], [-57.49999999999994, -19.049999999999955], [-57.49999999999994, -18.899999999999977]]]}}, {"type": "Feature", "properties": {"No_de_Poco": 0, "Shape_Leng": 0.6, "Shape_Area": 0.0225}, "geometry": {"type": "Polygon", "coordinates": [[[-57.49999999999994, -18.749999999999943], [-57.349999999999966, -18.749999999999943], [-57.349999999999966, -18.899999999999977], [-57.49999999999994, -18.899999999999977], [-57.49999999999994, -18.749999999999943]]]}}, {"type": "Feature", "properties": {"No_de_Poco": 0, "Shape_Leng": 0.6, "Shape_Area": 0.0225}, "geometry": {"type": "Polygon", "coordinates": [[[-57.49999999999994, -18.599999999999966], [-57.349999999999966, -18.599999999999966], [-57.349999999999966, -18.749999999999943], [-57.49999999999994, -18.749999999999943], [-57.49999999999994, -18.599999999999966]]]}}, {"type": "Feature", "properties": {"No_de_Poco": 0, "Shape_Leng": 0.6, "Shape_Area": 0.0225}, "geometry": {"type": "Polygon", "coordinates": [[[-57.49999999999994, -18.449999999999932], [-57.349999999999966, -18.449999999999932], [-57.349999999999966, -18.599999999999966], [-57.49999999999994, -18.599999999999966], [-57.49999999999994, -18.449999999999932]]]}}, {"type": "Feature", "properties": {"No_de_Poco": 0, "Shape_Leng": 0.6, "Shape_Area": 0.0225}, "geometry": {"type": "Polygon", "coordinates": [[[-57.49999999999994, -18.299999999999955], [-57.349999999999966, -18.299999999999955], [-57.349999999999966, -18.449999999999932], [-57.49999999999994, -18.449999999999932], [-57.49999999999994, -18.299999999999955]]]}}, {"type": "Feature", "properties": {"No_de_Poco": 0, "Shape_Leng": 0.6, "Shape_Area": 0.0225}, "geometry": {"type": "Polygon", "coordinates": [[[-57.49999999999994, -18.149999999999977], [-57.349999999999966, -18.149999999999977], [-57.349999999999966, -18.299999999999955], [-57.49999999999994, -18.299999999999955], [-57.49999999999994, -18.149999999999977]]]}}, {"type": "Feature", "properties": {"No_de_Poco": 0, "Shape_Leng": 0.6, "Shape_Area": 0.0225}, "geometry": {"type": "Polygon", "coordinates": [[[-57.49999999999994, -17.999999999999943], [-57.349999999999966, -17.999999999999943], [-57.349999999999966, -18.149999999999977], [-57.49999999999994, -18.149999999999977], [-57.49999999999994, -17.999999999999943]]]}}, {"type": "Feature", "properties": {"No_de_Poco": 0, "Shape_Leng": 0.6, "Shape_Area": 0.0225}, "geometry": {"type": "Polygon", "coordinates": [[[-57.49999999999994, -17.849999999999966], [-57.349999999999966, -17.849999999999966], [-57.349999999999966, -17.999999999999943], [-57.49999999999994, -17.999999999999943], [-57.49999999999994, -17.849999999999966]]]}}, {"type": "Feature", "properties": {"No_de_Poco": 0, "Shape_Leng": 0.6, "Shape_Area": 0.0225}, "geometry": {"type": "Polygon", "coordinates": [[[-57.49999999999994, -17.699999999999932], [-57.349999999999966, -17.699999999999932], [-57.349999999999966, -17.849999999999966], [-57.49999999999994, -17.849999999999966], [-57.49999999999994, -17.699999999999932]]]}}, {"type": "Feature", "properties": {"No_de_Poco": 0, "Shape_Leng": 0.6, "Shape_Area": 0.0225}, "geometry": {"type": "Polygon", "coordinates": [[[-57.64999999999998, -19.649999999999977], [-57.49999999999994, -19.649999999999977], [-57.49999999999994, -19.799999999999955], [-57.64999999999998, -19.799999999999955], [-57.64999999999998, -19.649999999999977]]]}}, {"type": "Feature", "properties": {"No_de_Poco": 0, "Shape_Leng": 0.6, "Shape_Area": 0.0225}, "geometry": {"type": "Polygon", "coordinates": [[[-57.64999999999998, -19.499999999999943], [-57.49999999999994, -19.499999999999943], [-57.49999999999994, -19.649999999999977], [-57.64999999999998, -19.649999999999977], [-57.64999999999998, -19.499999999999943]]]}}, {"type": "Feature", "properties": {"No_de_Poco": 0, "Shape_Leng": 0.6, "Shape_Area": 0.0225}, "geometry": {"type": "Polygon", "coordinates": [[[-57.64999999999998, -19.349999999999966], [-57.49999999999994, -19.349999999999966], [-57.49999999999994, -19.499999999999943], [-57.64999999999998, -19.499999999999943], [-57.64999999999998, -19.349999999999966]]]}}, {"type": "Feature", "properties": {"No_de_Poco": 1, "Shape_Leng": 0.6, "Shape_Area": 0.0225}, "geometry": {"type": "Polygon", "coordinates": [[[-57.64999999999998, -19.199999999999932], [-57.49999999999994, -19.199999999999932], [-57.49999999999994, -19.349999999999966], [-57.64999999999998, -19.349999999999966], [-57.64999999999998, -19.199999999999932]]]}}, {"type": "Feature", "properties": {"No_de_Poco": 9, "Shape_Leng": 0.6, "Shape_Area": 0.0225}, "geometry": {"type": "Polygon", "coordinates": [[[-57.64999999999998, -19.049999999999955], [-57.49999999999994, -19.049999999999955], [-57.49999999999994, -19.199999999999932], [-57.64999999999998, -19.199999999999932], [-57.64999999999998, -19.049999999999955]]]}}, {"type": "Feature", "properties": {"No_de_Poco": 7, "Shape_Leng": 0.6, "Shape_Area": 0.0225}, "geometry": {"type": "Polygon", "coordinates": [[[-57.64999999999998, -18.899999999999977], [-57.49999999999994, -18.899999999999977], [-57.49999999999994, -19.049999999999955], [-57.64999999999998, -19.049999999999955], [-57.64999999999998, -18.899999999999977]]]}}, {"type": "Feature", "properties": {"No_de_Poco": 0, "Shape_Leng": 0.6, "Shape_Area": 0.0225}, "geometry": {"type": "Polygon", "coordinates": [[[-57.64999999999998, -18.749999999999943], [-57.49999999999994, -18.749999999999943], [-57.49999999999994, -18.899999999999977], [-57.64999999999998, -18.899999999999977], [-57.64999999999998, -18.749999999999943]]]}}, {"type": "Feature", "properties": {"No_de_Poco": 0, "Shape_Leng": 0.6, "Shape_Area": 0.0225}, "geometry": {"type": "Polygon", "coordinates": [[[-57.64999999999998, -18.599999999999966], [-57.49999999999994, -18.599999999999966], [-57.49999999999994, -18.749999999999943], [-57.64999999999998, -18.749999999999943], [-57.64999999999998, -18.599999999999966]]]}}, {"type": "Feature", "properties": {"No_de_Poco": 0, "Shape_Leng": 0.6, "Shape_Area": 0.0225}, "geometry": {"type": "Polygon", "coordinates": [[[-57.64999999999998, -18.449999999999932], [-57.49999999999994, -18.449999999999932], [-57.49999999999994, -18.599999999999966], [-57.64999999999998, -18.599999999999966], [-57.64999999999998, -18.449999999999932]]]}}, {"type": "Feature", "properties": {"No_de_Poco": 0, "Shape_Leng": 0.6, "Shape_Area": 0.0225}, "geometry": {"type": "Polygon", "coordinates": [[[-57.64999999999998, -18.299999999999955], [-57.49999999999994, -18.299999999999955], [-57.49999999999994, -18.449999999999932], [-57.64999999999998, -18.449999999999932], [-57.64999999999998, -18.299999999999955]]]}}, {"type": "Feature", "properties": {"No_de_Poco": 0, "Shape_Leng": 0.6, "Shape_Area": 0.0225}, "geometry": {"type": "Polygon", "coordinates": [[[-57.64999999999998, -18.149999999999977], [-57.49999999999994, -18.149999999999977], [-57.49999999999994, -18.299999999999955], [-57.64999999999998, -18.299999999999955], [-57.64999999999998, -18.149999999999977]]]}}, {"type": "Feature", "properties": {"No_de_Poco": 0, "Shape_Leng": 0.6, "Shape_Area": 0.0225}, "geometry": {"type": "Polygon", "coordinates": [[[-57.64999999999998, -17.999999999999943], [-57.49999999999994, -17.999999999999943], [-57.49999999999994, -18.149999999999977], [-57.64999999999998, -18.149999999999977], [-57.64999999999998, -17.999999999999943]]]}}, {"type": "Feature", "properties": {"No_de_Poco": 0, "Shape_Leng": 0.6, "Shape_Area": 0.0225}, "geometry": {"type": "Polygon", "coordinates": [[[-57.64999999999998, -17.849999999999966], [-57.49999999999994, -17.849999999999966], [-57.49999999999994, -17.999999999999943], [-57.64999999999998, -17.999999999999943], [-57.64999999999998, -17.849999999999966]]]}}, {"type": "Feature", "properties": {"No_de_Poco": 0, "Shape_Leng": 0.6, "Shape_Area": 0.0225}, "geometry": {"type": "Polygon", "coordinates": [[[-57.64999999999998, -17.699999999999932], [-57.49999999999994, -17.699999999999932], [-57.49999999999994, -17.849999999999966], [-57.64999999999998, -17.849999999999966], [-57.64999999999998, -17.699999999999932]]]}}, {"type": "Feature", "properties": {"No_de_Poco": 0, "Shape_Leng": 0.6, "Shape_Area": 0.0225}, "geometry": {"type": "Polygon", "coordinates": [[[-57.799999999999955, -19.649999999999977], [-57.64999999999998, -19.649999999999977], [-57.64999999999998, -19.799999999999955], [-57.799999999999955, -19.799999999999955], [-57.799999999999955, -19.649999999999977]]]}}, {"type": "Feature", "properties": {"No_de_Poco": 0, "Shape_Leng": 0.6, "Shape_Area": 0.0225}, "geometry": {"type": "Polygon", "coordinates": [[[-57.799999999999955, -19.499999999999943], [-57.64999999999998, -19.499999999999943], [-57.64999999999998, -19.649999999999977], [-57.799999999999955, -19.649999999999977], [-57.799999999999955, -19.499999999999943]]]}}, {"type": "Feature", "properties": {"No_de_Poco": 0, "Shape_Leng": 0.6, "Shape_Area": 0.0225}, "geometry": {"type": "Polygon", "coordinates": [[[-57.799999999999955, -19.349999999999966], [-57.64999999999998, -19.349999999999966], [-57.64999999999998, -19.499999999999943], [-57.799999999999955, -19.499999999999943], [-57.799999999999955, -19.349999999999966]]]}}, {"type": "Feature", "properties": {"No_de_Poco": 0, "Shape_Leng": 0.6, "Shape_Area": 0.0225}, "geometry": {"type": "Polygon", "coordinates": [[[-57.799999999999955, -19.199999999999932], [-57.64999999999998, -19.199999999999932], [-57.64999999999998, -19.349999999999966], [-57.799999999999955, -19.349999999999966], [-57.799999999999955, -19.199999999999932]]]}}, {"type": "Feature", "properties": {"No_de_Poco": 8, "Shape_Leng": 0.6, "Shape_Area": 0.0225}, "geometry": {"type": "Polygon", "coordinates": [[[-57.799999999999955, -19.049999999999955], [-57.64999999999998, -19.049999999999955], [-57.64999999999998, -19.199999999999932], [-57.799999999999955, -19.199999999999932], [-57.799999999999955, -19.049999999999955]]]}}, {"type": "Feature", "properties": {"No_de_Poco": 1, "Shape_Leng": 0.6, "Shape_Area": 0.0225}, "geometry": {"type": "Polygon", "coordinates": [[[-57.799999999999955, -18.899999999999977], [-57.64999999999998, -18.899999999999977], [-57.64999999999998, -19.049999999999955], [-57.799999999999955, -19.049999999999955], [-57.799999999999955, -18.899999999999977]]]}}, {"type": "Feature", "properties": {"No_de_Poco": 0, "Shape_Leng": 0.6, "Shape_Area": 0.0225}, "geometry": {"type": "Polygon", "coordinates": [[[-57.799999999999955, -18.749999999999943], [-57.64999999999998, -18.749999999999943], [-57.64999999999998, -18.899999999999977], [-57.799999999999955, -18.899999999999977], [-57.799999999999955, -18.749999999999943]]]}}, {"type": "Feature", "properties": {"No_de_Poco": 0, "Shape_Leng": 0.6, "Shape_Area": 0.0225}, "geometry": {"type": "Polygon", "coordinates": [[[-57.799999999999955, -18.599999999999966], [-57.64999999999998, -18.599999999999966], [-57.64999999999998, -18.749999999999943], [-57.799999999999955, -18.749999999999943], [-57.799999999999955, -18.599999999999966]]]}}, {"type": "Feature", "properties": {"No_de_Poco": 0, "Shape_Leng": 0.6, "Shape_Area": 0.0225}, "geometry": {"type": "Polygon", "coordinates": [[[-57.799999999999955, -18.449999999999932], [-57.64999999999998, -18.449999999999932], [-57.64999999999998, -18.599999999999966], [-57.799999999999955, -18.599999999999966], [-57.799999999999955, -18.449999999999932]]]}}, {"type": "Feature", "properties": {"No_de_Poco": 0, "Shape_Leng": 0.6, "Shape_Area": 0.0225}, "geometry": {"type": "Polygon", "coordinates": [[[-57.799999999999955, -17.849999999999966], [-57.64999999999998, -17.849999999999966], [-57.64999999999998, -17.999999999999943], [-57.799999999999955, -17.999999999999943], [-57.799999999999955, -17.849999999999966]]]}}, {"type": "Feature", "properties": {"No_de_Poco": 0, "Shape_Leng": 0.6, "Shape_Area": 0.0225}, "geometry": {"type": "Polygon", "coordinates": [[[-57.799999999999955, -17.699999999999932], [-57.64999999999998, -17.699999999999932], [-57.64999999999998, -17.849999999999966], [-57.799999999999955, -17.849999999999966], [-57.799999999999955, -17.699999999999932]]]}}, {"type": "Feature", "properties": {"No_de_Poco": 0, "Shape_Leng": 0.6, "Shape_Area": 0.0225}, "geometry": {"type": "Polygon", "coordinates": [[[-57.799999999999955, -17.549999999999955], [-57.64999999999998, -17.549999999999955], [-57.64999999999998, -17.699999999999932], [-57.799999999999955, -17.699999999999932], [-57.799999999999955, -17.549999999999955]]]}}, {"type": "Feature", "properties": {"No_de_Poco": 0, "Shape_Leng": 0.6, "Shape_Area": 0.0225}, "geometry": {"type": "Polygon", "coordinates": [[[-57.799999999999955, -17.399999999999977], [-57.64999999999998, -17.399999999999977], [-57.64999999999998, -17.549999999999955], [-57.799999999999955, -17.549999999999955], [-57.799999999999955, -17.399999999999977]]]}}, {"type": "Feature", "properties": {"No_de_Poco": 1, "Shape_Leng": 0.6, "Shape_Area": 0.0225}, "geometry": {"type": "Polygon", "coordinates": [[[-57.94999999999993, -19.649999999999977], [-57.799999999999955, -19.649999999999977], [-57.799999999999955, -19.799999999999955], [-57.94999999999993, -19.799999999999955], [-57.94999999999993, -19.649999999999977]]]}}, {"type": "Feature", "properties": {"No_de_Poco": 0, "Shape_Leng": 0.6, "Shape_Area": 0.0225}, "geometry": {"type": "Polygon", "coordinates": [[[-57.94999999999993, -19.499999999999943], [-57.799999999999955, -19.499999999999943], [-57.799999999999955, -19.649999999999977], [-57.94999999999993, -19.649999999999977], [-57.94999999999993, -19.499999999999943]]]}}, {"type": "Feature", "properties": {"No_de_Poco": 0, "Shape_Leng": 0.6, "Shape_Area": 0.0225}, "geometry": {"type": "Polygon", "coordinates": [[[-57.94999999999993, -19.349999999999966], [-57.799999999999955, -19.349999999999966], [-57.799999999999955, -19.499999999999943], [-57.94999999999993, -19.499999999999943], [-57.94999999999993, -19.349999999999966]]]}}, {"type": "Feature", "properties": {"No_de_Poco": 0, "Shape_Leng": 0.6, "Shape_Area": 0.0225}, "geometry": {"type": "Polygon", "coordinates": [[[-57.94999999999993, -19.199999999999932], [-57.799999999999955, -19.199999999999932], [-57.799999999999955, -19.349999999999966], [-57.94999999999993, -19.349999999999966], [-57.94999999999993, -19.199999999999932]]]}}, {"type": "Feature", "properties": {"No_de_Poco": 2, "Shape_Leng": 0.6, "Shape_Area": 0.0225}, "geometry": {"type": "Polygon", "coordinates": [[[-57.94999999999993, -19.049999999999955], [-57.799999999999955, -19.049999999999955], [-57.799999999999955, -19.199999999999932], [-57.94999999999993, -19.199999999999932], [-57.94999999999993, -19.049999999999955]]]}}, {"type": "Feature", "properties": {"No_de_Poco": 0, "Shape_Leng": 0.6, "Shape_Area": 0.0225}, "geometry": {"type": "Polygon", "coordinates": [[[-58.099999999999966, -19.649999999999977], [-57.94999999999993, -19.649999999999977], [-57.94999999999993, -19.799999999999955], [-58.099999999999966, -19.799999999999955], [-58.099999999999966, -19.649999999999977]]]}}, {"type": "Feature", "properties": {"No_de_Poco": 0, "Shape_Leng": 0.6, "Shape_Area": 0.0225}, "geometry": {"type": "Polygon", "coordinates": [[[-58.099999999999966, -19.499999999999943], [-57.94999999999993, -19.499999999999943], [-57.94999999999993, -19.649999999999977], [-58.099999999999966, -19.649999999999977], [-58.099999999999966, -19.499999999999943]]]}}, {"type": "Feature", "properties": {"No_de_Poco": 0, "Shape_Leng": 0.6, "Shape_Area": 0.0225}, "geometry": {"type": "Polygon", "coordinates": [[[-58.099999999999966, -19.349999999999966], [-57.94999999999993, -19.349999999999966], [-57.94999999999993, -19.499999999999943], [-58.099999999999966, -19.499999999999943], [-58.099999999999966, -19.349999999999966]]]}}, {"type": "Feature", "properties": {"No_de_Poco": 0, "Shape_Leng": 0.6, "Shape_Area": 0.0225}, "geometry": {"type": "Polygon", "coordinates": [[[-58.24999999999994, -19.649999999999977], [-58.099999999999966, -19.649999999999977], [-58.099999999999966, -19.799999999999955], [-58.24999999999994, -19.799999999999955], [-58.24999999999994, -19.649999999999977]]]}}]}