{"type": "FeatureCollection", "features": [{"type": "Feature", "properties": {"OBJECTID": 35, "TIPO": "RIO", "NOME": "RIO IGUATEMI", "MI_CARTA": "SF21", "Shape_Leng": 0.509455536345, "Shape_Area": 0.00178694903215}, "geometry": {"type": "Polygon", "coordinates": [[[-54.401600763999966, -23.813025402999983], [-54.40160075799997, -23.811290585999927], [-54.40160075399996, -23.81016995899995], [-54.39707973199995, -23.811359911999944], [-54.393986214999984, -23.811835421999945], [-54.39017919199995, -23.811597932999973], [-54.38779968099993, -23.812311440999963], [-54.38494417099997, -23.814214953999965], [-54.38370097999996, -23.815303084999982], [-54.38304066499995, -23.815880962999927], [-54.381424280999966, -23.815954217999945], [-54.37780563599995, -23.816118477999964], [-54.37280910599998, -23.816118492999976], [-54.368288080999946, -23.816356506999966], [-54.363767061999965, -23.81849802399995], [-54.35877004399998, -23.821829545999947], [-54.35472502999994, -23.82444706299998], [-54.35386565099998, -23.824938066999948], [-54.35139345399995, -23.82635057699997], [-54.347110491999956, -23.826350588999958], [-54.343541475999984, -23.827778102999957], [-54.34221228699994, -23.82950617299997], [-54.34116197299994, -23.830871615999968], [-54.33687896199996, -23.83515463799995], [-54.33402344799998, -23.835868647999973], [-54.32878891499996, -23.835154660999933], [-54.32569539399998, -23.834202667999932], [-54.323315874999935, -23.83277517199997], [-54.32285680699994, -23.83202910899996], [-54.32141241599999, -23.829681733999962], [-54.318318836999936, -23.830157680999946], [-54.313084311999944, -23.831823199999974], [-54.31308431599996, -23.83301320299995], [-54.31321431799995, -23.83340326499996], [-54.314035831999945, -23.83586870599993], [-54.31617734799994, -23.83705820199998], [-54.31546385099995, -23.838961707999943], [-54.311656323999955, -23.83777221699995], [-54.30927674099996, -23.83586871999995], [-54.30676004199995, -23.836567727999977], [-54.304993782999986, -23.837058234999972], [-54.302852274999964, -23.838485743999968], [-54.302138784999954, -23.842531254999983], [-54.29904527399998, -23.84443476799993], [-54.29571419299998, -23.84467277799996], [-54.29285874799996, -23.847527791999937], [-54.28786172799994, -23.85014531199994], [-54.285006221999936, -23.853238826999927], [-54.28251733899998, -23.855194337999933], [-54.28012001899998, -23.85707778699998], [-54.27834370099998, -23.85847335799997], [-54.278054700999974, -23.85887479699994], [-54.27406069699998, -23.864422382999976], [-54.27120569999994, -23.870132902999956], [-54.26668469499998, -23.876557429999934], [-54.261925685999984, -23.88203045499995], [-54.25716668399997, -23.889406484999938], [-54.25478717999994, -23.89226199799998], [-54.25145616399993, -23.893214008999962], [-54.24550713899998, -23.89630703299997], [-54.24360370199997, -23.89963854599995], [-54.24098613199993, -23.90178005799993], [-54.23646511099997, -23.903445574999978], [-54.234085601999936, -23.904873084999963], [-54.23146859099995, -23.90606309499998], [-54.22956508699997, -23.90820460499998], [-54.22932709199995, -23.90987010899994], [-54.23123061299998, -23.91272560999994], [-54.231046929999934, -23.91437873899997], [-54.23099261899995, -23.914867114999936], [-54.22866566899995, -23.915332621999937], [-54.228613105999955, -23.915343122999957], [-54.226471585999946, -23.913201123999954], [-54.225519573999975, -23.91129762299994], [-54.223854066999934, -23.912011629999938], [-54.22314007299997, -23.914867137999977], [-54.22263525999995, -23.915540327999963], [-54.22171257799994, -23.916770635999967], [-54.21980906299996, -23.917722152999943], [-54.218619058999934, -23.918674158999977], [-54.21861906299995, -23.91962616099994], [-54.222902587999954, -23.919626147999963], [-54.23027862799995, -23.918912124999963], [-54.23313413799997, -23.916770611999937], [-54.23670315399994, -23.915343098999983], [-54.24217618199998, -23.91415301799998], [-54.245983197999976, -23.91248756599998], [-54.250028214999986, -23.910584049999954], [-54.25288372299997, -23.907966535999947], [-54.254787215999954, -23.902731519999975], [-54.25669071699997, -23.899876507999977], [-54.26335325599996, -23.89987648899995], [-54.26573275499993, -23.895592972999964], [-54.267874259999985, -23.893451461999973], [-54.26906425799996, -23.890834452999968], [-54.27263326899998, -23.887740935999943], [-54.27667828099993, -23.88440991699997], [-54.27929584999998, -23.882030404999966], [-54.28096128499993, -23.878460891999964], [-54.280961272999946, -23.874891884999954], [-54.28000975799995, -23.872274381999944], [-54.28072325399995, -23.869894874999943], [-54.283816771999966, -23.86989486599998], [-54.28714777799996, -23.865849846999936], [-54.28928934099997, -23.862280833999932], [-54.29071727699994, -23.85966332399994], [-54.29404828799994, -23.857045808999942], [-54.29785580499998, -23.855618231999983], [-54.29785579899993, -23.853952290999928], [-54.297135981999986, -23.85369529299993], [-54.29452427599995, -23.852762797999958], [-54.29523827199995, -23.850383290999957], [-54.298807291999935, -23.850145279999936], [-54.30261437899998, -23.850859270999933], [-54.306421830999966, -23.84871775499994], [-54.30682914299996, -23.84785225199994], [-54.30832539099998, -23.844672740999954], [-54.311418336999964, -23.841817225999932], [-54.316177366999966, -23.842531213999962], [-54.31974688099996, -23.840389198999958], [-54.32069837999995, -23.838723691999974], [-54.32212638899995, -23.83872368799996], [-54.32355390799995, -23.84181719099996], [-54.32498141399998, -23.841341184999976], [-54.32950243899995, -23.84086517099996], [-54.33313882999994, -23.839410657999963], [-54.33545146599994, -23.83848564899995], [-54.33925848499996, -23.83753413599993], [-54.342320996999945, -23.835875122999937], [-54.344969006999975, -23.83444061299997], [-54.347110517999965, -23.83396460499995], [-54.34901402299994, -23.83229909599993], [-54.35282154999993, -23.833489087999965], [-54.356866572999934, -23.833489075999978], [-54.36019758899994, -23.832299063999983], [-54.362815094999974, -23.829681612999934], [-54.363767086999985, -23.825874539999973], [-54.36677783899995, -23.821242208999934], [-54.36686008899994, -23.821115520999967], [-54.367056339999976, -23.821115519999978], [-54.370429609999974, -23.82111550999997], [-54.37423657399995, -23.822543501999974], [-54.379709730999934, -23.822543485999972], [-54.38137517499996, -23.821591479999938], [-54.38470619499998, -23.82159146999993], [-54.38542019099998, -23.81921196299993], [-54.38637168599996, -23.81635645399996], [-54.39184471599998, -23.81564293699995], [-54.39422423299993, -23.81659443199993], [-54.39707975599998, -23.818497926999953], [-54.39993482699998, -23.81611841399996], [-54.401600763999966, -23.813025402999983]]]}}, {"type": "Feature", "properties": {"OBJECTID": 51, "TIPO": "RIO", "NOME": "RIO JAGUI", "MI_CARTA": "SF21", "Shape_Leng": 0.541916803006, "Shape_Area": 0.00113542224616}, "geometry": {"type": "Polygon", "coordinates": [[[-54.65244848399993, -23.716646313999945], [-54.65646098399998, -23.714355438999974], [-54.65868848399998, -23.70940343899997], [-54.66202542099995, -23.70487893899997], [-54.66468454599993, -23.700746376999973], [-54.66382042099997, -23.693701438999938], [-54.66315185899998, -23.688249376999977], [-54.665196358999935, -23.683481376999964], [-54.66458135899995, -23.679353376999927], [-54.668700358999956, -23.671809313999972], [-54.67344285899998, -23.66312381399996], [-54.67660535899995, -23.66073025199995], [-54.67859385899993, -23.65610275199998], [-54.679759295999986, -23.652607751999938], [-54.68150679599995, -23.64823868899998], [-54.684127795999984, -23.645035251999957], [-54.68907935899995, -23.642413688999966], [-54.69356542099996, -23.63586018899997], [-54.698982358999956, -23.63280218899996], [-54.70393335899996, -23.627559626999982], [-54.70742885899995, -23.624355626999943], [-54.71004992099995, -23.62086056399994], [-54.71278142099993, -23.616726563999975], [-54.715675920999956, -23.612789563999968], [-54.72111792099997, -23.608336063999957], [-54.723277983999935, -23.60370950199996], [-54.73095342099998, -23.601670501999934], [-54.734515983999984, -23.600181001999943], [-54.73538948399994, -23.59610350199995], [-54.73655448399995, -23.59377293899996], [-54.74004998399994, -23.591442938999933], [-54.74558348399995, -23.58911293899996], [-54.746749045999934, -23.585617938999974], [-54.752864983999984, -23.582413876999965], [-54.756651545999944, -23.580083876999936], [-54.76014654699998, -23.58124887699995], [-54.763059546999955, -23.58037537699994], [-54.76655454699994, -23.57950137699993], [-54.771214671999985, -23.577753813999948], [-54.77587460899997, -23.57629731399993], [-54.781700171999944, -23.573093813999947], [-54.78228273399998, -23.57163731399993], [-54.785777733999964, -23.56872475199998], [-54.786360171999945, -23.56639475199995], [-54.79218523399993, -23.562317251999957], [-54.79305917199997, -23.55911318899996], [-54.79771923399994, -23.557365688999937], [-54.800049171999945, -23.55532668899997], [-54.80296173399995, -23.555035688999965], [-54.805000733999975, -23.552414188999933], [-54.810825733999934, -23.55008418899996], [-54.816359733999946, -23.548919126999976], [-54.820728858999985, -23.54921012699998], [-54.82451529699995, -23.548919126999976], [-54.826553796999974, -23.548627626999973], [-54.82626285899994, -23.546297626999944], [-54.82189379699997, -23.545424063999974], [-54.81839873399997, -23.54513262699993], [-54.81577723399994, -23.543967626999972], [-54.812573733999955, -23.54513262699993], [-54.809660733999976, -23.54717168899998], [-54.80470973399997, -23.54775418899993], [-54.80150567199996, -23.55008418899996], [-54.798010671999975, -23.552996751999956], [-54.79451517199993, -23.555618188999972], [-54.791602671999954, -23.557656751999957], [-54.78898167199998, -23.56173475199995], [-54.785486108999976, -23.56406475199998], [-54.78024367199998, -23.566394813999977], [-54.777039608999985, -23.57047231399997], [-54.77412710899995, -23.572219813999936], [-54.77034060899996, -23.574258751999935], [-54.76830210899993, -23.57629731399993], [-54.76509804699998, -23.576879876999953], [-54.76364204699996, -23.576879876999953], [-54.76247704699995, -23.577171376999956], [-54.75898154699996, -23.57746287699996], [-54.756651483999974, -23.576879876999953], [-54.75315648399993, -23.576879876999953], [-54.75024404599998, -23.57746287699996], [-54.74936998399994, -23.57950137699993], [-54.746166512999935, -23.581540420999943], [-54.74616648399996, -23.58154043899998], [-54.74441848399994, -23.584161438999956], [-54.74121498399995, -23.587947938999946], [-54.73568092099998, -23.590569438999978], [-54.73335092099995, -23.593773001999978], [-54.731894420999936, -23.59697700199996], [-54.72694292099993, -23.598433501999978], [-54.72170035899995, -23.59988950199994], [-54.71820535899997, -23.60309356399995], [-54.71587535899994, -23.606588563999935], [-54.71296285899996, -23.61037506399998], [-54.71063235899993, -23.614452563999976], [-54.70771992099998, -23.616782626999964], [-54.705098858999975, -23.619113126999935], [-54.70247735899994, -23.621734126999968], [-54.698108358999946, -23.626976626999976], [-54.692574295999975, -23.63047218899993], [-54.68878835899994, -23.633384688999968], [-54.687040295999964, -23.638336188999972], [-54.68383685899994, -23.64037468899994], [-54.68005029599993, -23.643287251999936], [-54.67597279599994, -23.647656251999933], [-54.67276885899997, -23.653190251999945], [-54.669564795999975, -23.65988931399994], [-54.66636135899995, -23.66367581399993], [-54.665196295999976, -23.669500813999946], [-54.661700795999934, -23.674160876999963], [-54.65907979599996, -23.67911231399995], [-54.66053579599998, -23.683481376999964], [-54.65937092099995, -23.690471376999938], [-54.659079858999974, -23.696587938999983], [-54.65704085899995, -23.702995938999948], [-54.65412835899997, -23.707364438999946], [-54.65121585899993, -23.711150938999936], [-54.649533358999975, -23.71638550199998], [-54.65091842099997, -23.716531188999966], [-54.652380920999974, -23.716684938999947], [-54.65244848399993, -23.716646313999945]]]}}, {"type": "Feature", "properties": {"OBJECTID": 113, "TIPO": "LAGO OU LAGOA OU REP", "NOME": null, "MI_CARTA": null, "Shape_Leng": 0.286551203189, "Shape_Area": 0.000838657420471}, "geometry": {"type": "Polygon", "coordinates": [[[-53.30282881199997, -22.719936867999934], [-53.295483941999976, -22.715457627999967], [-53.29291572999995, -22.712595189999945], [-53.291547900999944, -22.70994349999995], [-53.289348357999984, -22.700567795999973], [-53.28744477599997, -22.697857044999978], [-53.28634789299997, -22.697441296999955], [-53.28573501599993, -22.698027862999936], [-53.28549521599996, -22.70234524899996], [-53.281946259999984, -22.70311025999996], [-53.28069143799996, -22.70255844999997], [-53.27908973099994, -22.69926894599996], [-53.27897702399997, -22.699147232999962], [-53.276721832999954, -22.69671182199994], [-53.25654962099998, -22.687192541999934], [-53.255462302999945, -22.687352232999956], [-53.254991046999976, -22.686501231999955], [-53.25141627499994, -22.68626111599997], [-53.25062626799996, -22.68555086699996], [-53.24940226299998, -22.686281058999953], [-53.24195540799997, -22.686674892999974], [-53.241625401999954, -22.685533453999938], [-53.23848237599998, -22.683121081999957], [-53.23568623199998, -22.682292836999977], [-53.234919728999955, -22.683024965999948], [-53.23086388899998, -22.68192653699998], [-53.229291616999944, -22.67775146899993], [-53.229697929999986, -22.677103278999937], [-53.22962474099995, -22.677029840999978], [-53.22970274199997, -22.676905027999965], [-53.224198815999955, -22.67138065499995], [-53.22431556299995, -22.670122026999934], [-53.224299937999945, -22.67010890199998], [-53.22431662499997, -22.66992852599998], [-53.22180135299993, -22.66779671499995], [-53.218535832999976, -22.66740822299994], [-53.212205893999965, -22.659144470999934], [-53.210176503999946, -22.658168286999967], [-53.209256625999956, -22.65903972899997], [-53.20840413099995, -22.662310988999934], [-53.208443631999955, -22.66235680099993], [-53.20840406899998, -22.66250961399993], [-53.215320135999946, -22.670567364999954], [-53.21789891999998, -22.676540496999962], [-53.22383471399996, -22.67919842499998], [-53.22562761699999, -22.684500494999952], [-53.236423323999986, -22.690259603999948], [-53.23878459499997, -22.692528790999972], [-53.24243532099996, -22.697660292999956], [-53.24585727999994, -22.698045596999975], [-53.246620218999965, -22.69731715599994], [-53.24703589899997, -22.69414658499994], [-53.24871834199996, -22.692822888999956], [-53.251815858999976, -22.692350441999963], [-53.25463469299996, -22.693895312999928], [-53.258205277999934, -22.694133803999932], [-53.26279069699996, -22.699400553999965], [-53.273582777999934, -22.70486791199994], [-53.283565659999965, -22.707894891999956], [-53.287971822999964, -22.711723138999957], [-53.288923900999976, -22.71491076899997], [-53.28865352699995, -22.715547021999953], [-53.28355237499994, -22.716621412999928], [-53.28309956199996, -22.717495353999936], [-53.283159000999945, -22.717580478999935], [-53.28310050099998, -22.717692978999935], [-53.28389769599994, -22.71883285499996], [-53.28780378699997, -22.720505910999975], [-53.29277831799993, -22.72101246099993], [-53.296234347999984, -22.723702957999933], [-53.29626104099998, -22.725427086999957], [-53.29816862299998, -22.728135462999944], [-53.299728820999974, -22.728546334999976], [-53.30188014299995, -22.727364200999943], [-53.301986445999944, -22.724338005999982], [-53.301986445999944, -22.724337005999928], [-53.30070511799994, -22.721909815999936], [-53.30077986899994, -22.72184731599998], [-53.30094245099997, -22.721711416999938], [-53.30282637499994, -22.72013668099993], [-53.30268974899997, -22.720053305999954], [-53.30282881199997, -22.719936867999934]]]}}, {"type": "Feature", "properties": {"OBJECTID": 121, "TIPO": "LAGO OU LAGOA OU REP", "NOME": null, "MI_CARTA": null, "Shape_Leng": 0.0887921078961, "Shape_Area": 0.000398738001517}, "geometry": {"type": "Polygon", "coordinates": [[[-53.39361586999996, -22.47036183399996], [-53.39376074399996, -22.46977283299998], [-53.393898116999935, -22.468908579999948], [-53.39372648799997, -22.467760014999953], [-53.39340223299996, -22.466902638999954], [-53.39307403999993, -22.46589632499996], [-53.390117704999966, -22.464242828999943], [-53.38715749499994, -22.462584832999937], [-53.38397984799997, -22.461570963999975], [-53.38037113799999, -22.46105103499997], [-53.37540804399998, -22.460289046999947], [-53.37381740799998, -22.460046112999976], [-53.368816254999956, -22.46028212699997], [-53.364135604999944, -22.461204016999943], [-53.362743286999944, -22.46196027299993], [-53.361644662999936, -22.464418593999937], [-53.360252281999976, -22.465256099999976], [-53.358215274999964, -22.466712421999944], [-53.35735689799998, -22.467867051999974], [-53.357116588999986, -22.469337743999972], [-53.35863103999998, -22.470620304999954], [-53.361106681999956, -22.471644800999968], [-53.36472689599998, -22.47306341899997], [-53.36729417299995, -22.476898983999945], [-53.36863324799998, -22.47834642199996], [-53.370571197999936, -22.478566228999966], [-53.37379071199996, -22.476965966999956], [-53.37651059399997, -22.474113451999983], [-53.37806316099994, -22.472623444999954], [-53.37989429299995, -22.471698061999973], [-53.38479619499998, -22.470975609999982], [-53.38696289599994, -22.47102479199998], [-53.38851552999995, -22.471146224999927], [-53.39361586999996, -22.47036183399996]]]}}, {"type": "Feature", "properties": {"OBJECTID": 123, "TIPO": "LAGO OU LAGOA OU REP", "NOME": null, "MI_CARTA": null, "Shape_Leng": 0.082598687666, "Shape_Area": 0.000153081278211}, "geometry": {"type": "Polygon", "coordinates": [[[-52.97878402599997, -22.42716310299994], [-52.97817033599995, -22.427748918999953], [-52.978025711999976, -22.428325357999938], [-52.97850778199995, -22.429617047999955], [-52.98054292299997, -22.430887544999962], [-52.981165301999965, -22.431169043999944], [-52.98163811899997, -22.43174166999995], [-52.98257393899996, -22.432163917999958], [-52.98446089299995, -22.43401135499994], [-52.98587784399996, -22.43557960499993], [-52.987382672999956, -22.437866481999947], [-52.987788303999935, -22.439013607999982], [-52.98967525799998, -22.44072098199996], [-52.99030507599997, -22.44143110699997], [-52.99092745599995, -22.441712293999956], [-52.991553772999964, -22.44213835599993], [-52.99249303099998, -22.44285016799995], [-52.99287434799999, -22.443374292999977], [-53.00075922199994, -22.44825465799994], [-53.005263628999955, -22.44990933799994], [-53.008514961999936, -22.45011607999993], [-53.00912602799997, -22.449945639999953], [-53.00929221399997, -22.449206824999976], [-53.00918845999996, -22.44814532299995], [-53.008467451999934, -22.446929696999973], [-53.00652712599998, -22.446466700999963], [-53.00384041999996, -22.445724018999954], [-53.003379103999976, -22.445304956999962], [-53.00164802599994, -22.443741019999948], [-53.00117427099997, -22.44302845699997], [-53.00038857699997, -22.44231476999994], [-53.00007075999997, -22.441744206999942], [-52.994117648999975, -22.43735077499997], [-52.99255638699998, -22.43664683999998], [-52.99099124899993, -22.435513965999974], [-52.98958598899998, -22.434958155999936], [-52.98880323199995, -22.43424553099993], [-52.988180789999944, -22.43396334499994], [-52.98741697099996, -22.433300157999952], [-52.985194638999985, -22.431284595999955], [-52.98456006899994, -22.42991053199995], [-52.98268480099995, -22.427727593999975], [-52.98006140399997, -22.42570840899998], [-52.97878402599997, -22.42716310299994]]]}}, {"type": "Feature", "properties": {"OBJECTID": 124, "TIPO": "LAGO OU LAGOA OU REP", "NOME": null, "MI_CARTA": null, "Shape_Leng": 0.219163047155, "Shape_Area": 0.000597750212768}, "geometry": {"type": "Polygon", "coordinates": [[[-53.08741194399994, -22.45417406399997], [-53.086864796999976, -22.448132362999957], [-53.08510489899999, -22.44411766999997], [-53.08399344999998, -22.442551481999942], [-53.08208567999998, -22.43985891799997], [-53.08188649099998, -22.439714292999952], [-53.081170234999945, -22.439194355999973], [-53.080170100999965, -22.438190606999967], [-53.077091887999984, -22.435935421999943], [-53.075366248999956, -22.434660922999967], [-53.074481240999944, -22.433787610999957], [-53.07269427999995, -22.429878793999933], [-53.068450997999946, -22.427615799999955], [-53.06488584799996, -22.42636599399998], [-53.06174588799996, -22.425265311999965], [-53.05629122299996, -22.42288807099993], [-53.05412139699996, -22.422627013999943], [-53.05303507699995, -22.422368640999935], [-53.051467629999934, -22.422284832999935], [-53.04929286599997, -22.421735274999946], [-53.04722466399994, -22.42098627799993], [-53.04430695499997, -22.419929533999948], [-53.04353201299995, -22.41979484799998], [-53.042596568999954, -22.419661599999927], [-53.04196743999995, -22.419532226999934], [-53.03995530199995, -22.41911848099994], [-53.03778003699995, -22.41842785999995], [-53.035905397999954, -22.41744036299997], [-53.03090279699995, -22.414621118999946], [-53.02965897499996, -22.414203808999957], [-53.02849453099998, -22.414087561999963], [-53.02798827799995, -22.414171563999957], [-53.026583398999946, -22.415734570999973], [-53.028971351999985, -22.416108065999936], [-53.03173393299994, -22.41666055999997], [-53.034220268999945, -22.41942305999993], [-53.037259106999954, -22.421909494999966], [-53.04195551699996, -22.42411961299996], [-53.04582310899997, -22.426329607999946], [-53.04768937599994, -22.42794116899995], [-53.04776662599994, -22.427954606999947], [-53.049241697999946, -22.42821035299994], [-53.05031901799998, -22.42839722599996], [-53.05079439599996, -22.428479661999972], [-53.052347030999954, -22.428748783999936], [-53.053895727999986, -22.428869091999957], [-53.05544842499995, -22.429138338999962], [-53.05622661799998, -22.42927302399994], [-53.056997121999984, -22.42911864699994], [-53.058400819999974, -22.429678706999937], [-53.05980495499995, -22.430383141999982], [-53.061204963999955, -22.430559451999954], [-53.06558418499998, -22.432914445999927], [-53.06721176199994, -22.434386631999928], [-53.068254396999976, -22.435652382999933], [-53.07013397299994, -22.43627481599998], [-53.07483039199997, -22.441523691999976], [-53.07704048099998, -22.445943883999973], [-53.07869812699994, -22.449258887999974], [-53.079250515999945, -22.452850206999983], [-53.07952678199996, -22.45727034199996], [-53.07869816099998, -22.460309164999956], [-53.07897430099996, -22.464453111999944], [-53.07908268099993, -22.465861489999952], [-53.07927018399994, -22.466607490999934], [-53.07923249999993, -22.467808806999983], [-53.07918181799994, -22.46942437299998], [-53.07877075799996, -22.471142690999955], [-53.07817688399996, -22.472456445999967], [-53.07827607399997, -22.47327288499997], [-53.078607329999954, -22.474299386999974], [-53.078643704999934, -22.47441207399993], [-53.07969978299997, -22.477377203999936], [-53.07967598399995, -22.48162052699996], [-53.07952698499997, -22.48221184099998], [-53.07909773799997, -22.483915345999947], [-53.07935599699994, -22.48632228899993], [-53.07977031399997, -22.487087351999946], [-53.07988937799996, -22.487307039999962], [-53.08091930499995, -22.486405828999978], [-53.08201325999994, -22.485448591999955], [-53.083233948999975, -22.483804834999944], [-53.08415619599998, -22.480901512999935], [-53.08382292799996, -22.47599856399995], [-53.08387192699996, -22.475430999999958], [-53.08429930099993, -22.47427405899998], [-53.08459304899998, -22.473118992999957], [-53.08467910999997, -22.472396240999956], [-53.084730358999934, -22.471965988999955], [-53.08498679599995, -22.471301298999947], [-53.08517673299997, -22.470808984999962], [-53.08515891999997, -22.47068885999994], [-53.08500497799997, -22.46965529499994], [-53.08502803999994, -22.469597669999928], [-53.086050038999986, -22.46705028599996], [-53.08648503499995, -22.46503096799995], [-53.08693165799997, -22.463729400999966], [-53.087015778999955, -22.462097145999962], [-53.08741194399994, -22.45417406399997]]]}}, {"type": "Feature", "properties": {"OBJECTID": 185, "TIPO": "LAGO OU LAGOA OU REP", "NOME": "RIO PARAGUAI", "MI_CARTA": "SF21", "Shape_Leng": 0.150813102704, "Shape_Area": 0.000263624640147}, "geometry": {"type": "Polygon", "coordinates": [[[-57.93671989899997, -22.024370661999967], [-57.943382446999976, -22.028177650999964], [-57.94956898399994, -22.029843636999942], [-57.95314525099997, -22.029128312999944], [-57.95432800599997, -22.028891683999973], [-57.95674145099997, -22.027113423999936], [-57.958849018999956, -22.025560601999928], [-57.96313202899995, -22.021753082999965], [-57.966264904999946, -22.016705688999934], [-57.966628130999936, -22.016120507999972], [-57.96657519399997, -22.01603961199993], [-57.965511521999986, -22.015566563999982], [-57.96546414699998, -22.015602126999966], [-57.96428376799997, -22.016487318999964], [-57.96265601399995, -22.017708075999963], [-57.96027650999997, -22.020325587999935], [-57.95765900199996, -22.022229161999974], [-57.95456599099998, -22.023657110999977], [-57.94837946499996, -22.025798631999976], [-57.942668426999944, -22.023419143999945], [-57.93671988299997, -22.019373652999946], [-57.934578354999985, -22.01413914899996], [-57.93344882699995, -22.007363513999962], [-57.93338832499995, -22.007000637999965], [-57.93355944999996, -22.006679761999976], [-57.93529182399993, -22.00343162599995], [-57.93563950999999, -22.002620560999958], [-57.93671981999995, -22.000100114999952], [-57.93790931999996, -21.998196607999944], [-57.93979801699999, -21.997791851999978], [-57.94124083599996, -21.997482597999976], [-57.94240908699999, -21.996054903999948], [-57.943382337999935, -21.994865585999946], [-57.94647534799998, -21.992724073999966], [-57.945999839999956, -21.99105807199993], [-57.94076481999997, -21.993437590999974], [-57.93790930999995, -21.995103101999973], [-57.93576605499993, -21.996751923999966], [-57.934816301999945, -21.997482615999957], [-57.93335598899995, -21.999872123999978], [-57.93219880199996, -22.001765630999955], [-57.930295297999976, -22.00366963999994], [-57.92958130599993, -22.00723864899993], [-57.93005733499996, -22.01532866399998], [-57.93267486599996, -22.020801666999944], [-57.93671989899997, -22.024370661999967]]]}}, {"type": "Feature", "properties": {"OBJECTID": 237, "TIPO": "LAGO OU LAGOA OU REP", "NOME": "RIO PARAGUAI", "MI_CARTA": "SF21", "Shape_Leng": 0.0438861623265, "Shape_Area": 5.97322928307e-05}, "geometry": {"type": "Polygon", "coordinates": [[[-57.90740530199997, -21.82017501799993], [-57.904424732999985, -21.82315553199993], [-57.90361230499997, -21.827219041999967], [-57.90385131099998, -21.82877454499993], [-57.905779320999955, -21.828844601999947], [-57.906863312999974, -21.824510027999963], [-57.90903081699997, -21.82234251699998], [-57.91173976999994, -21.82261350999994], [-57.91390735199997, -21.825051508999934], [-57.91607486099997, -21.824239000999967], [-57.91824186499997, -21.822071490999974], [-57.918512860999954, -21.82044598699997], [-57.91553284099996, -21.819091429999958], [-57.912552826999956, -21.81963350199993], [-57.90740530199997, -21.82017501799993]]]}}, {"type": "Feature", "properties": {"OBJECTID": 1433, "TIPO": "LAGO OU LAGOA OU REP", "NOME": "LAGOA DO ARROZ", "MI_CARTA": "SE21", "Shape_Leng": 0.145278844129, "Shape_Area": 0.00117334760735}, "geometry": {"type": "Polygon", "coordinates": [[[-57.51379036199995, -19.04869675799995], [-57.51334379899998, -19.04667375799994], [-57.51312811199995, -19.043762195999932], [-57.514441611999985, -19.04005307099993], [-57.51862486199997, -19.036040570999944], [-57.518101298999966, -19.034993570999973], [-57.51587648699996, -19.034339132999946], [-57.51403054899998, -19.03266644599995], [-57.51337767399997, -19.032074757999965], [-57.51168842399994, -19.03054388299995], [-57.51234279899995, -19.027272007999954], [-57.51127548699998, -19.023628445999975], [-57.50632673699994, -19.022901257999933], [-57.50278892399996, -19.024654632999955], [-57.497815798999966, -19.024916382999947], [-57.493302986999936, -19.026991195999926], [-57.492449861999944, -19.027795570999956], [-57.48525173699994, -19.028449945999967], [-57.478981611999984, -19.031105132999983], [-57.47651479899997, -19.03286263299998], [-57.47433742399994, -19.034414070999958], [-57.47082679899995, -19.03772519599994], [-57.46923298699994, -19.03922844599998], [-57.46923486199995, -19.03993044599997], [-57.47033461199993, -19.042687695999973], [-57.47068036199994, -19.04355432099993], [-57.47278936199996, -19.04884132099994], [-57.47792279899994, -19.05096038299996], [-57.48156398699996, -19.051688570999943], [-57.481566423999936, -19.051689007999983], [-57.486225986999955, -19.052562320999982], [-57.49153379899997, -19.05344694599995], [-57.49519829899998, -19.055148320999933], [-57.49964804899997, -19.058551007999938], [-57.50318167399996, -19.059598007999966], [-57.505144798999936, -19.06116857099994], [-57.507369736999976, -19.061692007999966], [-57.509003673999985, -19.057280632999948], [-57.51221204899997, -19.058943632999956], [-57.51443704899998, -19.05671875799993], [-57.514613923999946, -19.05449394599998], [-57.514795548999984, -19.05221275799994], [-57.51379036199995, -19.04869675799995]]]}}, {"type": "Feature", "properties": {"OBJECTID": 1438, "TIPO": "RIO", "NOME": "RIO SAO LORENCO", "MI_CARTA": "SE21", "Shape_Leng": 6.29290769427, "Shape_Area": 0.0103730902808}, "geometry": {"type": "Polygon", "coordinates": [[[-57.226025360999984, -19.240385252999943], [-57.231799860999956, -19.241788377999967], [-57.23411548599995, -19.23657807099994], [-57.23979348599994, -19.23209544599996], [-57.24315748599997, -19.22943969599993], [-57.24900761099997, -19.224982507999982], [-57.24853742399995, -19.22075169599998], [-57.248382610999954, -19.219358445999944], [-57.24774817399998, -19.213648132999936], [-57.24696467399997, -19.206596757999932], [-57.249820048999936, -19.20088600799994], [-57.25464011099996, -19.19486094599995], [-57.25553073599997, -19.19374757099996], [-57.25553073599997, -19.190251632999946], [-57.25553073599997, -19.18660919599995], [-57.259813735999955, -19.179946695999945], [-57.26600042399997, -19.17138057099993], [-57.27266286099996, -19.160910945999944], [-57.280277173999934, -19.15424838299998], [-57.28598779899994, -19.14853769599995], [-57.29169848599997, -19.138068007999948], [-57.293688610999936, -19.136077945999943], [-57.29883698599997, -19.130929632999937], [-57.29883692399994, -19.122363507999978], [-57.295981548999976, -19.112369757999943], [-57.29337173599998, -19.10454044599993], [-57.292650235999986, -19.102376007999965], [-57.296831735999945, -19.096480132999943], [-57.30580586099995, -19.098508570999968], [-57.31025836099997, -19.104755445999956], [-57.312351923999984, -19.11422500799995], [-57.31890167399996, -19.119464507999965], [-57.32137549599997, -19.119907705999935], [-57.32977004899993, -19.12141163299998], [-57.33285429899996, -19.118635882999968], [-57.33452904899997, -19.117128632999936], [-57.334053110999946, -19.110942007999938], [-57.33353254899998, -19.107991820999928], [-57.33262542399996, -19.10285175799993], [-57.33293973599996, -19.098068257999955], [-57.33300536099995, -19.097070507999945], [-57.333125173999974, -19.095247382999958], [-57.335480735999965, -19.089526820999936], [-57.342619110999976, -19.085243695999964], [-57.34290998599994, -19.085060820999956], [-57.34977179899994, -19.080746320999936], [-57.35166111099994, -19.076677632999974], [-57.35070929899996, -19.070491007999976], [-57.34595036099995, -19.06811150799996], [-57.34166723599998, -19.06525619599995], [-57.33643242399995, -19.065256257999977], [-57.33501236099994, -19.065309507999928], [-57.32706567399998, -19.065607445999945], [-57.324004860999935, -19.062183257999948], [-57.32489742399997, -19.059326820999956], [-57.33061036099997, -19.055845507999948], [-57.338644235999936, -19.052096320999965], [-57.34524986099996, -19.045580007999945], [-57.350873485999955, -19.038617320999947], [-57.35482698599998, -19.02830482099995], [-57.362698173999945, -19.026261445999978], [-57.37402798599999, -19.02480519599993], [-57.381639923999955, -19.03052375799996], [-57.38654404899995, -19.032008382999948], [-57.396639360999984, -19.035369507999974], [-57.405912985999976, -19.037178320999942], [-57.41039204899994, -19.033854507999934], [-57.413051423999946, -19.029564007999966], [-57.41548242399995, -19.01922525799995], [-57.419481735999966, -19.012612757999932], [-57.425898735999965, -19.011791882999944], [-57.436973798999986, -19.01441307099998], [-57.44595861199997, -19.01796513299996], [-57.44889342399995, -19.018964945999983], [-57.45397786199993, -19.020697195999958], [-57.46403036199996, -19.026745070999937], [-57.46534217399994, -19.027534320999962], [-57.46568223699995, -19.02741700799993], [-57.46648642399998, -19.027139570999964], [-57.48015248699994, -19.022425445999943], [-57.48681504899997, -19.02147363299997], [-57.496808861999966, -19.02004600799995], [-57.50737254899997, -19.019605757999955], [-57.508230236999964, -19.01957000799996], [-57.51423767399996, -19.017016695999928], [-57.515164736999964, -19.016061132999937], [-57.51822404899997, -19.012907507999955], [-57.52441067399997, -19.010528007999937], [-57.52869373699997, -19.011003882999944], [-57.53515023699998, -19.01052175799998], [-57.542965236999976, -19.014507632999937], [-57.55239123699994, -19.015655007999953], [-57.556642361999934, -19.011816695999983], [-57.56380498699997, -19.00810694599994], [-57.57184392399995, -19.00394313299995], [-57.583813361999944, -18.999401257999978], [-57.59008411199994, -19.000534070999947], [-57.595197611999936, -18.99956013299993], [-57.59704961199998, -18.999207257999956], [-57.60007798699996, -18.998630507999962], [-57.61530648699994, -18.997202757999958], [-57.62492004899997, -18.996272445999978], [-57.62608417399997, -18.996159820999935], [-57.62940192399998, -18.995838757999934], [-57.63005929899998, -18.99577513299994], [-57.64053192399996, -18.992954320999957], [-57.64342236199997, -18.992175757999973], [-57.64399798699998, -18.99174319599996], [-57.64743861199997, -18.98915750799995], [-57.65061417399994, -18.99174319599996], [-57.65147454899994, -18.992443820999938], [-57.65665298699997, -18.99347944599998], [-57.658612923999954, -18.99387138299994], [-57.66017661199999, -18.99271863299998], [-57.660460986999965, -18.992509007999956], [-57.66048579899996, -18.98855250799994], [-57.65766861199995, -18.98209738299994], [-57.65735454899993, -18.98137769599998], [-57.656252611999946, -18.98111057099993], [-57.64881192399997, -18.97930675799995], [-57.64104579899998, -18.97762413299995], [-57.63560298699997, -18.973490695999942], [-57.634185798999965, -18.970764132999932], [-57.63457404899998, -18.968046070999947], [-57.636644986999954, -18.966622257999973], [-57.64078692399994, -18.96636338299993], [-57.64234792399998, -18.96656700799997], [-57.64971786199993, -18.967528320999975], [-57.65787229899996, -18.966622195999946], [-57.66188473699998, -18.961574257999928], [-57.66243304899996, -18.959495070999935], [-57.66499104899998, -18.949795695999967], [-57.66732092399997, -18.946301007999978], [-57.66887804899994, -18.945833882999978], [-57.67120386199997, -18.94513613299995], [-57.673967423999954, -18.94563857099996], [-57.675475236999944, -18.945912757999963], [-57.684794548999946, -18.95121950799995], [-57.69217236199995, -18.95134888299998], [-57.69396636199997, -18.950171632999968], [-57.69631423699997, -18.94863075799998], [-57.69734967399995, -18.94705500799995], [-57.69929117399994, -18.944100507999963], [-57.698111798999946, -18.93977619599997], [-57.69734967399995, -18.936981757999945], [-57.69396629899995, -18.932752507999965], [-57.692172298999935, -18.930510070999958], [-57.68060242399997, -18.921855445999938], [-57.67754611199996, -18.915236882999977], [-57.67737736199996, -18.91475000799994], [-57.67391804899995, -18.90476732099995], [-57.67301592399997, -18.902164007999943], [-57.67293954899998, -18.89513444599993], [-57.672886423999955, -18.890256070999953], [-57.67336536199997, -18.881560570999966], [-57.667896423999935, -18.87026038299996], [-57.667167173999985, -18.865990257999954], [-57.667091298999935, -18.86554594599994], [-57.66586617399997, -18.85837169599995], [-57.665275048999945, -18.854910570999948], [-57.66919961199994, -18.84590850799998], [-57.66892636199998, -18.840211007999983], [-57.66871248699994, -18.835752257999957], [-57.66858036199994, -18.832997882999962], [-57.66835711199997, -18.828343570999948], [-57.66955804899993, -18.821598007999967], [-57.666702673999964, -18.814935507999962], [-57.665521861999935, -18.81372707099996], [-57.661584611999956, -18.80969794599997], [-57.65726736199997, -18.805821820999938], [-57.65575704899999, -18.804465882999978], [-57.654265986999974, -18.80521138299997], [-57.65290167399996, -18.805893570999956], [-57.649305486999936, -18.805893632999982], [-57.64671511199998, -18.805893632999982], [-57.63862486199997, -18.81112844599994], [-57.63767311199996, -18.817790945999946], [-57.63895792399995, -18.81586369599995], [-57.63957673699997, -18.814935570999978], [-57.64338386199995, -18.81017663299997], [-57.64957042399993, -18.808273070999974], [-57.65528117399998, -18.808748882999964], [-57.659529361999944, -18.81201882099998], [-57.66061811199995, -18.812856945999954], [-57.66272136199996, -18.81447594599996], [-57.66666123699997, -18.821052945999952], [-57.666702673999964, -18.82112213299996], [-57.66667086199993, -18.821198445999983], [-57.66432323699996, -18.826832882999952], [-57.66241967399998, -18.82826057099993], [-57.65940592399994, -18.828637257999958], [-57.65861248699997, -18.828736445999937], [-57.65741317399994, -18.829935757999976], [-57.65575717399997, -18.83159182099996], [-57.65242598699996, -18.836826695999946], [-57.64814279899997, -18.83968207099997], [-57.64309629899998, -18.840042507999954], [-57.64148042399995, -18.840157945999977], [-57.636094611999965, -18.841055507999954], [-57.635769548999974, -18.841109695999933], [-57.63243829899994, -18.843965132999926], [-57.62625179899993, -18.847772257999964], [-57.62083517399998, -18.849517382999977], [-57.620487486999934, -18.849629445999938], [-57.61856304899993, -18.850249445999964], [-57.61759636199997, -18.849514132999957], [-57.615559548999954, -18.847964945999934], [-57.615306111999985, -18.847772257999964], [-57.615338236999946, -18.84765982099998], [-57.61625792399997, -18.844441007999933], [-57.61958917399994, -18.839206195999964], [-57.623039861999985, -18.83442832099996], [-57.624113111999975, -18.832942320999962], [-57.62577579899994, -18.830640070999948], [-57.62577579899994, -18.82302582099993], [-57.62387211199996, -18.81445975799994], [-57.61530598699994, -18.806369632999974], [-57.611450236999985, -18.805267945999958], [-57.602655486999936, -18.80275513299995], [-57.60107261199994, -18.80230288299998], [-57.59864973699996, -18.80161063299994], [-57.59468429899994, -18.80161063299994], [-57.582945173999974, -18.801610695999955], [-57.57638561199997, -18.80118750799994], [-57.568192361999934, -18.800658945999942], [-57.56105404899995, -18.798755445999973], [-57.55320223699994, -18.796905882999965], [-57.55256392399997, -18.796755507999933], [-57.55189992399994, -18.796232132999933], [-57.54725304899995, -18.792568820999975], [-57.545247236999955, -18.788270695999927], [-57.54392173699995, -18.785430445999964], [-57.54725304899995, -18.785430445999964], [-57.551060173999986, -18.786858132999953], [-57.55331261199996, -18.788109445999964], [-57.559626298999945, -18.791617007999946], [-57.56115967399995, -18.791617007999946], [-57.57057192399998, -18.791617007999946], [-57.57771029899993, -18.786858070999926], [-57.58627642399995, -18.778767820999974], [-57.58745723699997, -18.773582070999964], [-57.58811792399996, -18.770680132999928], [-57.585800423999956, -18.76734638299996], [-57.58104154899996, -18.764491070999952], [-57.58008842399994, -18.76444963299997], [-57.57628948699994, -18.764284445999976], [-57.570095923999986, -18.764015195999946], [-57.56430329899996, -18.76411444599995], [-57.562733486999946, -18.764141320999954], [-57.56057804899996, -18.761635695999928], [-57.56200579899996, -18.757828570999948], [-57.564861048999944, -18.75354557099996], [-57.56771642399997, -18.747358882999947], [-57.57485473699995, -18.739268632999938], [-57.58008961199994, -18.73070250799998], [-57.58008961199994, -18.723088320999977], [-57.57533061199996, -18.719757070999947], [-57.56961992399994, -18.719757070999947], [-57.56248148699996, -18.72023300799998], [-57.56017392399997, -18.721386820999953], [-57.556770798999935, -18.723088382999947], [-57.552963611999985, -18.72879907099997], [-57.55056642399995, -18.73119632099997], [-57.54963242399998, -18.73213038299997], [-57.54562492399998, -18.730486007999957], [-57.54291567399997, -18.727039882999975], [-57.53868673699998, -18.721660757999928], [-57.53692948699995, -18.714920319999976], [-57.53676398699997, -18.71428556999996], [-57.536323048999975, -18.713708444999952], [-57.532956173999935, -18.709302632999936], [-57.52821698699995, -18.703100882999934], [-57.523934048999934, -18.691679507999936], [-57.520602673999974, -18.678830382999934], [-57.519866236999974, -18.674998194999944], [-57.519276298999955, -18.671928194999964], [-57.520992673999956, -18.671754507999935], [-57.526313423999966, -18.671216069999957], [-57.53487954899998, -18.672643694999977], [-57.536642298999936, -18.673745507999968], [-57.54249379899994, -18.677402694999955], [-57.54328948699998, -18.67757319499998], [-57.54915636199996, -18.678830257999948], [-57.552963423999984, -18.672167694999928], [-57.552703736999945, -18.666594757999974], [-57.55071836199994, -18.662849257999937], [-57.550108173999945, -18.66169813299996], [-57.54534911199994, -18.657415132999972], [-57.54194679899996, -18.656564569999944], [-57.539638423999975, -18.655987444999937], [-57.53249998699994, -18.65170444499995], [-57.52790436199996, -18.650087007999957], [-57.52631336199994, -18.647421382999937], [-57.52821679899995, -18.64599369499996], [-57.528955861999975, -18.64565781999994], [-57.533451673999934, -18.643614257999957], [-57.535355236999976, -18.639331132999928], [-57.534671798999966, -18.632901382999933], [-57.53456092399995, -18.631857757999967], [-57.532975798999985, -18.628861507999943], [-57.52440967399997, -18.623626694999928], [-57.519434486999955, -18.62232156999994], [-57.51774711199994, -18.619343757999957], [-57.51774711199994, -18.614584757999978], [-57.51965073699995, -18.608874069999956], [-57.52345779899997, -18.60363925799993], [-57.52393379899996, -18.59792850799994], [-57.525132361999965, -18.595531319999964], [-57.526789048999944, -18.59221769499993], [-57.527603486999965, -18.590862132999973], [-57.52950336199996, -18.587699507999957], [-57.53365186199994, -18.589094382999974], [-57.53747986199994, -18.587159007999958], [-57.54531161199998, -18.58761444499993], [-57.54857673699996, -18.59045769499994], [-57.548807361999934, -18.590939507999963], [-57.54908029899997, -18.591509757999972], [-57.54913417399996, -18.590972569999963], [-57.54968317399994, -18.585498444999928], [-57.55336423699998, -18.581536944999982], [-57.56018123699994, -18.57744188299995], [-57.568191798999976, -18.576989069999968], [-57.56830629899997, -18.577072507999958], [-57.57040367399998, -18.57860319499997], [-57.57342667399996, -18.57794088299994], [-57.57437848699993, -18.574133694999944], [-57.574608986999976, -18.57336544499998], [-57.57580617399998, -18.56937475799998], [-57.577709736999964, -18.56366406999996], [-57.58104098699994, -18.55414613299996], [-57.58104098699994, -18.55205331999997], [-57.58104092399998, -18.549863132999974], [-57.580061298999965, -18.54757731999996], [-57.57961329899996, -18.546531882999943], [-57.57815779899994, -18.543152257999964], [-57.58008911199994, -18.541297069999928], [-57.58144048699995, -18.53494981999995], [-57.581986736999966, -18.53454619499996], [-57.585615048999955, -18.531865382999968], [-57.58484804899996, -18.529399694999938], [-57.58246854899994, -18.52654431999997], [-57.58104086199995, -18.523689007999963], [-57.57913729899997, -18.52321306999994], [-57.57533011199996, -18.52606850799998], [-57.571998923999956, -18.527972069999976], [-57.568191611999964, -18.527972069999976], [-57.56486042399996, -18.52654438299993], [-57.56343279899994, -18.530351569999937], [-57.56581229899996, -18.533206882999934], [-57.570095298999945, -18.53511044499993], [-57.57437836199995, -18.53606225799996], [-57.574854236999954, -18.539393507999932], [-57.573426611999935, -18.541772944999934], [-57.56914354899993, -18.54462831999996], [-57.56914354899993, -18.547959632999948], [-57.57027767399995, -18.549093632999927], [-57.57186948699996, -18.550685507999958], [-57.57199898699997, -18.550814944999956], [-57.57209829899995, -18.550817757999937], [-57.577221486999974, -18.550963757999966], [-57.576009548999934, -18.554096382999944], [-57.57580611199995, -18.554622132999953], [-57.57533017399999, -18.559381007999946], [-57.573426611999935, -18.56366406999996], [-57.57057129899994, -18.568898882999974], [-57.56676411199999, -18.572230132999948], [-57.55914986199997, -18.574609632999966], [-57.556294486999946, -18.576037319999955], [-57.54772836199999, -18.58460344499997], [-57.54487304899993, -18.58460344499997], [-57.54354967399996, -18.58500563299998], [-57.540546923999955, -18.585918194999977], [-57.53656948699995, -18.586036819999947], [-57.53263892399997, -18.58687750799993], [-57.52906448699997, -18.581614069999944], [-57.52799292399993, -18.579288319999932], [-57.52583723699996, -18.574609694999936], [-57.52107829899995, -18.574609694999936], [-57.52098923699998, -18.574609694999936], [-57.51679523699994, -18.57460975799995], [-57.511570173999985, -18.57222538299993], [-57.50870498699999, -18.56651956999997], [-57.502994298999965, -18.56271244499993], [-57.498523673999955, -18.563085007999973], [-57.49728348699995, -18.563188382999954], [-57.49674311199993, -18.563645632999965], [-57.491096923999976, -18.56842319499998], [-57.486967548999985, -18.57299325799994], [-57.482814048999956, -18.572443257999964], [-57.48027898699996, -18.56847169499997], [-57.480627236999965, -18.560808882999936], [-57.48491023699995, -18.54653213299997], [-57.485862048999934, -18.54082144499995], [-57.485862048999934, -18.536538319999977], [-57.48161648699994, -18.534651507999968], [-57.48157898699998, -18.53463475799998], [-57.47960929899995, -18.536407382999982], [-57.47935298699997, -18.53663806999998], [-57.47681992399998, -18.538917882999954], [-57.47015748699994, -18.545580382999958], [-57.46936048699996, -18.546403819999966], [-57.468775548999986, -18.547008319999975], [-57.463985423999986, -18.551957819999927], [-57.456565173999934, -18.554402382999967], [-57.45445298699997, -18.55509825799993], [-57.44826642399994, -18.55462238299998], [-57.44785786199998, -18.554402382999967], [-57.442079673999956, -18.551291194999976], [-57.44112792399994, -18.54510450799995], [-57.442079673999956, -18.540821507999965], [-57.442390985999964, -18.539887569999962], [-57.442583798999976, -18.53930913299996], [-57.443507361999934, -18.536538444999962], [-57.44392154899998, -18.536124257999973], [-57.44779048699996, -18.53225538299995], [-57.452073423999934, -18.528924132999975], [-57.45488942399999, -18.524096632999942], [-57.458735986999955, -18.517502694999962], [-57.46018404899996, -18.509865007999963], [-57.46301892399998, -18.50560538299993], [-57.46492254899994, -18.498942819999968], [-57.46254298699995, -18.49608750799996], [-57.45876567399995, -18.495332007999934], [-57.457784111999956, -18.49513569499993], [-57.45397692399996, -18.495611569999937], [-57.45254923699997, -18.49846694499996], [-57.45246461199997, -18.498589194999965], [-57.448266298999954, -18.504653632999975], [-57.44253823599996, -18.50789088299996], [-57.436844735999955, -18.508936632999962], [-57.42827861099994, -18.507508944999927], [-57.42209198599994, -18.504653694999945], [-57.41685717399997, -18.499894757999982], [-57.41352586099998, -18.491328632999966], [-57.407815110999934, -18.482762569999977], [-57.404007923999984, -18.47752775799995], [-57.39639361099995, -18.477051882999945], [-57.389731110999946, -18.47705194499997], [-57.387624985999935, -18.47250606999995], [-57.38343029899994, -18.470647069999927], [-57.37812817399998, -18.468297319999976], [-57.37640598599995, -18.467534069999942], [-57.37212292399994, -18.463251069999956], [-57.36642742399994, -18.457555507999928], [-57.366412235999974, -18.457540319999964], [-57.36640598599996, -18.457526257999973], [-57.36260498599995, -18.448974257999964], [-57.362129110999945, -18.442787632999966], [-57.36355679899998, -18.437076944999944], [-57.36736398599999, -18.434221569999977], [-57.368919923999954, -18.434221569999977], [-57.37212286099998, -18.434221569999977], [-57.37783361099997, -18.436600944999952], [-57.384496173999935, -18.439932194999926], [-57.39174573599996, -18.43764069499997], [-57.391751048999936, -18.43759756999998], [-57.39211042399995, -18.434697382999957], [-57.39286948599994, -18.426902132999942], [-57.389730923999934, -18.42327600799996], [-57.38782729899998, -18.414709882999944], [-57.387351423999974, -18.407571507999933], [-57.387827235999964, -18.400433069999963], [-57.389369923999936, -18.397286382999937], [-57.39060179899997, -18.394773507999957], [-57.38825767399993, -18.39107063299997], [-57.38544779899996, -18.386632132999978], [-57.37973704899997, -18.387108069999954], [-57.37450229899997, -18.38710813299997], [-57.36846486099995, -18.384274757999947], [-57.36257742399994, -18.376545944999975], [-57.356984860999944, -18.369204194999952], [-57.35351161099993, -18.36464450799997], [-57.352135173999955, -18.36283763299997], [-57.353562798999974, -18.358554569999967], [-57.355021798999985, -18.35772081999994], [-57.36022529899998, -18.35474738299996], [-57.366411923999976, -18.352843819999975], [-57.37021911099998, -18.353319632999956], [-57.37166067399994, -18.351005632999943], [-57.372388110999964, -18.349837882999964], [-57.370397985999944, -18.346327757999973], [-57.369782235999935, -18.34600463299995], [-57.369477735999965, -18.34470469499996], [-57.369267235999985, -18.33190456999995], [-57.37069498599993, -18.324766069999953], [-57.37355029899999, -18.318579444999955], [-57.37640554899997, -18.31048925799996], [-57.382334673999935, -18.304054694999934], [-57.386399360999974, -18.297164257999952], [-57.39163417399993, -18.291929444999937], [-57.395917235999946, -18.284791007999956], [-57.40067554899997, -18.28201519499993], [-57.40162792399997, -18.281459694999967], [-57.40495923599997, -18.27765250799996], [-57.405260485999975, -18.277050069999973], [-57.407814610999935, -18.271941819999938], [-57.40873204899998, -18.267092507999962], [-57.40937686099994, -18.263684444999967], [-57.409242173999985, -18.25623731999997], [-57.405876485999954, -18.250627882999936], [-57.40495911099998, -18.249098944999957], [-57.40103311099995, -18.24438775799996], [-57.40020017399996, -18.24338825799998], [-57.401213423999934, -18.237293007999938], [-57.400312860999975, -18.23320856999993], [-57.39972423599994, -18.230539069999963], [-57.395441173999984, -18.226256069999977], [-57.38958479899998, -18.22188988299996], [-57.38815942399998, -18.21617931999998], [-57.385923298999955, -18.207220382999935], [-57.386399110999946, -18.197702444999948], [-57.388778610999964, -18.189136382999948], [-57.392347798999936, -18.18137238299994], [-57.39068211099993, -18.17343188199993], [-57.38497129899997, -18.16486581999993], [-57.37688111099993, -18.16343819499997], [-57.37187342399994, -18.161829506999936], [-57.37135448599997, -18.159814444999938], [-57.37069454899995, -18.15725163199994], [-57.37354986099996, -18.154872069999954], [-57.37830879899997, -18.150589069999967], [-57.38401948599994, -18.14630606999998], [-57.38931892399995, -18.137472944999956], [-57.397820485999944, -18.130601444999968], [-57.40204492399994, -18.12933363199994], [-57.406806985999935, -18.127904631999968], [-57.40900442399993, -18.126448194999966], [-57.41638029899997, -18.121559444999946], [-57.42474873599997, -18.118770006999966], [-57.42494636099997, -18.118704131999948], [-57.432436423999945, -18.11695625699997], [-57.434698485999945, -18.115696756999967], [-57.43796804899995, -18.113876131999973], [-57.447256048999975, -18.108704381999928], [-57.45921073699998, -18.10204775699998], [-57.461682861999975, -18.097086194999974], [-57.46169442399997, -18.097063006999974], [-57.46777679899998, -18.095861069999955], [-57.47117498699998, -18.09083038199998], [-57.47469673699993, -18.08277463199994], [-57.474844736999955, -18.08243613199994], [-57.474691861999986, -18.081217944999935], [-57.47467823699998, -18.081109881999964], [-57.47431817399996, -18.07824188199993], [-57.47639298699994, -18.075575194999942], [-57.476858736999986, -18.07497663199996], [-57.48186817399994, -18.071335381999972], [-57.48218829899997, -18.071102631999963], [-57.48348129899995, -18.070162881999977], [-57.48538486199993, -18.06635569499997], [-57.485993923999956, -18.06544213199993], [-57.48824029899998, -18.062072631999968], [-57.49269986199994, -18.061043506999965], [-57.494426861999955, -18.06064494499998], [-57.494407861999946, -18.060531131999937], [-57.49395092399993, -18.057789569999954], [-57.49014379899995, -18.05826550699993], [-57.48681248699995, -18.058741381999937], [-57.483957173999954, -18.060169069999972], [-57.48110179899999, -18.059693194999966], [-57.47967411199994, -18.06397625699998], [-57.478011923999986, -18.06563850699996], [-57.473963486999935, -18.069686944999944], [-57.46911417399997, -18.07409550699998], [-57.46872861199995, -18.07444594499998], [-57.46539704899993, -18.07615444499993], [-57.459906236999984, -18.07563638199997], [-57.45807142399997, -18.07379763199998], [-57.462541923999936, -18.067783444999975], [-57.474052798999935, -18.060745319999967], [-57.480829298999936, -18.054701381999962], [-57.48110179899999, -18.05445831999998], [-57.48126136199994, -18.05417106999994], [-57.48160423699994, -18.053553944999976], [-57.48372273699994, -18.049740756999938], [-57.48581467399998, -18.045975256999952], [-57.485860798999965, -18.04589231999995], [-57.48558573699995, -18.043565756999953], [-57.48508823699996, -18.039358194999977], [-57.47967404899998, -18.032567256999982], [-57.485486923999986, -18.030759006999972], [-57.48551329899993, -18.030730756999958], [-57.48824017399994, -18.027808319999963], [-57.48829286199998, -18.027333819999967], [-57.48871598699998, -18.023525319999976], [-57.488405486999966, -18.02042013199997], [-57.48824017399994, -18.018766381999967], [-57.48803486199995, -18.018834819999938], [-57.48538473699995, -18.01971813199998], [-57.48538473699995, -18.02542888199997], [-57.483005298999956, -18.027332444999956], [-57.48014992399993, -18.027332444999956], [-57.48014986199996, -18.02209763199994], [-57.479673986999956, -18.018766381999967], [-57.47729461199998, -18.023049381999954], [-57.47729461199998, -18.028760131999945], [-57.47443917399994, -18.026380631999928], [-57.472535611999945, -18.024477069999932], [-57.47205973699994, -18.03018781999998], [-57.47539098699997, -18.03018781999998], [-57.47729467399995, -18.03256731999994], [-57.47729467399995, -18.03338538199995], [-57.47729467399995, -18.03399500699993], [-57.47729467399995, -18.03732625699996], [-57.472535611999945, -18.03732625699996], [-57.46682492399998, -18.034946756999943], [-57.46325073699995, -18.03137269499996], [-57.46111417399993, -18.029236069999968], [-57.45825873699994, -18.021621756999934], [-57.45780698699997, -18.01683150699995], [-57.45733917399997, -18.011870881999982], [-57.45543523699996, -18.007719381999948], [-57.451853236999966, -18.000521256999946], [-57.44987698699998, -18.00034794499993], [-57.44826498699996, -18.000206569999932], [-57.44588542399998, -17.995923569999945], [-57.44588542399998, -17.990212819999954], [-57.44540948699995, -17.98355031999995], [-57.44398179899997, -17.98069500699995], [-57.443505923999965, -17.97641194499994], [-57.446601673999965, -17.973086319999936], [-57.44993454899998, -17.967078819999927], [-57.453318673999945, -17.958827319999955], [-57.46034954899994, -17.953237006999927], [-57.462065861999974, -17.949286006999955], [-57.46580417399997, -17.94539538199996], [-57.46758998699994, -17.941377256999942], [-57.47063186199995, -17.93453325699994], [-57.46763492399998, -17.92726850699995], [-57.46492104899994, -17.923111881999944], [-57.46711642399998, -17.923943881999946], [-57.47063186199995, -17.92501538199997], [-57.47301129899995, -17.92358775699995], [-57.47081204899996, -17.920682944999953], [-57.469204048999984, -17.917401131999952], [-57.46967998699995, -17.922635881999952], [-57.46674554899994, -17.92156619499997], [-57.46396923699996, -17.920256506999976], [-57.46206579899996, -17.923111881999944], [-57.46349336199995, -17.92739488199993], [-57.46752761199997, -17.933544256999937], [-57.46682467399995, -17.938816319999944], [-57.46411679899995, -17.94057475699998], [-57.46282517399993, -17.943236944999967], [-57.45869767399995, -17.951015944999938], [-57.45397548699998, -17.95452081999997], [-57.45082929899996, -17.96244213199998], [-57.44065054899994, -17.975936069999932], [-57.44065054899994, -17.97974319499997], [-57.44255417399995, -17.984502131999932], [-57.44255417399995, -17.98830925699997], [-57.44255417399995, -17.993068194999978], [-57.44255417399995, -17.997351256999934], [-57.44493367399997, -18.000206569999932], [-57.44826498699996, -18.003061944999956], [-57.45207204899998, -18.005441381999958], [-57.453975673999935, -18.00972450699993], [-57.453975673999935, -18.015435194999952], [-57.45492754899993, -18.02447713199996], [-57.45635529899994, -18.02876019499996], [-57.460638236999955, -18.033043194999948], [-57.467776673999936, -18.03875388199998], [-57.47491511199996, -18.039229819999946], [-57.47920048699996, -18.038570506999974], [-57.48057911199999, -18.038358381999956], [-57.48110173699996, -18.038278006999974], [-57.481394611999974, -18.03851231999994], [-57.483285611999975, -18.040025131999982], [-57.48348117399996, -18.04018156999996], [-57.48350298699995, -18.040694819999942], [-57.48368654899997, -18.045006506999982], [-57.483686673999955, -18.045009069999935], [-57.48372142399995, -18.045825569999977], [-57.48138679899995, -18.04991175699996], [-57.477927361999946, -18.053552631999935], [-57.47614923699996, -18.055424069999958], [-57.46926286199994, -18.060428444999957], [-57.46630111199994, -18.061572444999968], [-57.462541923999936, -18.06302444499994], [-57.456831173999944, -18.068735256999958], [-57.455625673999975, -18.070629569999937], [-57.45498967399993, -18.07162913199994], [-57.45349992399997, -18.073970069999973], [-57.45397579899998, -18.077301319999947], [-57.45540367399997, -18.081108444999927], [-57.45921067399996, -18.080632569999977], [-57.46367204899997, -18.080387006999956], [-57.46396961199997, -18.080156631999955], [-57.46968042399993, -18.078728944999966], [-57.47253573699999, -18.080156631999955], [-57.47158392399996, -18.08396381999995], [-57.47015629899994, -18.08681913199996], [-57.46761954899995, -18.091167819999953], [-57.466825048999965, -18.09252981999998], [-57.46516123699996, -18.092737756999952], [-57.46301786199996, -18.093005819999973], [-57.46016254899996, -18.095385256999975], [-57.45854861199996, -18.096960944999978], [-57.45458929899996, -18.10082638199998], [-57.45072073699998, -18.102623381999933], [-57.44683754899995, -18.104427319999957], [-57.44112679899996, -18.107282631999965], [-57.43446423599994, -18.11108981999996], [-57.42827761099994, -18.11251750699995], [-57.424470423999935, -18.11394519499993], [-57.41971154899994, -18.115372881999974], [-57.415904360999946, -18.11727644499996], [-57.414269985999965, -18.119074256999966], [-57.41114542399998, -18.122511319999944], [-57.40257936099994, -18.123939006999933], [-57.39877217399999, -18.125366631999952], [-57.39497529899995, -18.12831988199997], [-57.39448923599997, -18.128697944999942], [-57.38867561099994, -18.133925381999973], [-57.38675292399995, -18.136414256999956], [-57.38508267399993, -18.13711756999993], [-57.38449536099995, -18.13964350699996], [-57.38306767399996, -18.142498881999927], [-57.38021242399998, -18.14440250699994], [-57.37830879899997, -18.14535425699995], [-57.37545342399994, -18.148685506999982], [-57.37381492399999, -18.14994988199993], [-57.36998298599997, -18.15290681999994], [-57.369266735999986, -18.15011319499996], [-57.36692779899994, -18.145905506999952], [-57.366821923999964, -18.14395600699993], [-57.36669311099996, -18.14158350699995], [-57.36634279899994, -18.13513650699997], [-57.36739554899998, -18.131739506999963], [-57.36742042399993, -18.131566131999932], [-57.36748867399996, -18.131089506999956], [-57.367746548999946, -18.12928675699993], [-57.370569985999964, -18.12436463199998], [-57.371995485999946, -18.121879569999976], [-57.372467298999936, -18.118616506999956], [-57.37307379899994, -18.114421194999977], [-57.37021848599994, -18.112993506999942], [-57.369742610999936, -18.115848881999966], [-57.37021848599994, -18.120131881999953], [-57.36918723599996, -18.122194444999934], [-57.36831492399995, -18.12393906999995], [-57.367620673999966, -18.121082444999956], [-57.366583048999985, -18.116812694999965], [-57.36580336099996, -18.11398169499995], [-57.364031860999944, -18.11394531999997], [-57.36165236099998, -18.11680063199998], [-57.36022467399994, -18.121559631999958], [-57.35689342399996, -18.12013194499997], [-57.35794736099996, -18.117602569999974], [-57.35736929899997, -18.11537300699996], [-57.354513923999946, -18.11727663199997], [-57.35261042399998, -18.121559631999958], [-57.35356217399993, -18.122987319999936], [-57.35689342399996, -18.125366756999938], [-57.36117648599998, -18.12584269499996], [-57.36403192399996, -18.130125694999947], [-57.36288973599994, -18.132790694999983], [-57.362604173999955, -18.133456944999978], [-57.360246048999954, -18.131056631999968], [-57.358286110999984, -18.12906150699996], [-57.35667629899996, -18.128775506999943], [-57.35441398599994, -18.129659756999956], [-57.35261042399998, -18.12869800699997], [-57.350466110999946, -18.131202944999927], [-57.34547198599995, -18.130125694999947], [-57.34355704899997, -18.133903506999957], [-57.34404436099999, -18.13631238199997], [-57.349279173999946, -18.13440875699996], [-57.35261042399998, -18.13440875699996], [-57.35546586099997, -18.138691756999947], [-57.35974892399997, -18.142498881999927], [-57.36545961099995, -18.147733694999943], [-57.36736323599996, -18.153920381999967], [-57.367363298999976, -18.161534631999928], [-57.37164636099993, -18.16534181999998], [-57.376027610999984, -18.165706944999954], [-57.377357048999954, -18.16581769499993], [-57.38354373599998, -18.168197131999932], [-57.38735086099996, -18.17295606999994], [-57.387907360999975, -18.177964506999956], [-57.38830261099997, -18.18152213299993], [-57.38544729899996, -18.188184632999935], [-57.38164023599995, -18.197226632999957], [-57.38164029899997, -18.20531681999995], [-57.38202129899997, -18.20741288299996], [-57.38249629899997, -18.21002538299996], [-57.383543860999964, -18.215786444999935], [-57.387043235999954, -18.22132713299993], [-57.38827611099998, -18.223279257999934], [-57.389254548999986, -18.224828507999973], [-57.390064173999974, -18.225458257999946], [-57.39157054899994, -18.22662981999997], [-57.39353767399996, -18.22815969499993], [-57.39648011099996, -18.23142913299995], [-57.39782073599997, -18.23291863299994], [-57.39804648599994, -18.234950819999938], [-57.39829654899995, -18.237201694999953], [-57.39804648599994, -18.241703382999958], [-57.39782079899999, -18.245767694999927], [-57.39804654899996, -18.246021694999968], [-57.40162786099995, -18.25005075799993], [-57.40700036099997, -18.255578132999972], [-57.40679417399997, -18.258038632999956], [-57.406386923999946, -18.262899819999973], [-57.40686273599994, -18.269562382999936], [-57.404338423999945, -18.27461094499995], [-57.40400736099997, -18.27527306999997], [-57.402103798999974, -18.278604319999943], [-57.39961292399994, -18.279434632999937], [-57.399248485999976, -18.27955613299997], [-57.39639311099995, -18.281459757999983], [-57.39133767399994, -18.285536944999933], [-57.390206485999954, -18.281935632999932], [-57.386875173999954, -18.27860438299996], [-57.384019860999956, -18.280032069999947], [-57.38068848599994, -18.282887382999945], [-57.37640554899997, -18.288598194999963], [-57.371170673999984, -18.29145356999993], [-57.37021892399997, -18.29430888299993], [-57.374977985999976, -18.29430888299993], [-57.37402611099998, -18.297164257999952], [-57.37212254899998, -18.30001956999996], [-57.37307429899994, -18.303350819999935], [-57.374977985999976, -18.300495507999926], [-57.37783323599996, -18.29811594499995], [-57.37926098599996, -18.30144725799994], [-57.376881485999945, -18.302874944999928], [-57.37355023599997, -18.306682069999965], [-57.37212254899998, -18.310965194999937], [-57.37069492399996, -18.31572406999993], [-57.36783954899994, -18.320007132999933], [-57.36688773599997, -18.325242007999975], [-57.36498423599994, -18.332856257999936], [-57.36688779899998, -18.339994632999947], [-57.36572698599997, -18.345798694999928], [-57.36546011099995, -18.347133069999927], [-57.36321204899997, -18.348257132999947], [-57.360701173999985, -18.349512569999945], [-57.35537792399998, -18.351980757999968], [-57.354990423999936, -18.35141613299993], [-57.35070742399995, -18.354271507999954], [-57.34880379899994, -18.358554569999967], [-57.34927979899999, -18.365692944999978], [-57.35499048599996, -18.370927757999937], [-57.358797735999985, -18.376638507999928], [-57.36212892399993, -18.38520450799996], [-57.36783973599995, -18.388059882999983], [-57.370190298999944, -18.388765069999977], [-57.37057411099994, -18.388880194999956], [-57.37735761099998, -18.39091525799995], [-57.384971923999956, -18.39139106999994], [-57.386623860999975, -18.393869007999967], [-57.38687548599995, -18.394246444999965], [-57.38687548599995, -18.397101882999948], [-57.386357360999966, -18.398569944999963], [-57.38402017399994, -18.40519206999994], [-57.38307048599995, -18.411207132999948], [-57.383060548999936, -18.411269819999973], [-57.38259254899998, -18.414233944999978], [-57.38320892399997, -18.416329944999973], [-57.383473110999944, -18.417227757999967], [-57.38497198599998, -18.42232419499993], [-57.38973098599996, -18.430890257999977], [-57.388707110999974, -18.433523444999935], [-57.38805323599996, -18.43520519499998], [-57.38324923599998, -18.43514050799996], [-57.38205567399996, -18.43512444499993], [-57.38039736099995, -18.433648319999975], [-57.37783361099997, -18.431366132999926], [-57.37212286099998, -18.429938444999948], [-57.366888048999954, -18.429938507999964], [-57.362698798999986, -18.43328988299993], [-57.362129048999975, -18.43374569499997], [-57.36109817399995, -18.43683838299995], [-57.36088342399995, -18.43748250799996], [-57.35879792399999, -18.44373944499995], [-57.36165323599994, -18.457064444999958], [-57.36783992399995, -18.46515463299994], [-57.37497842399995, -18.470865319999973], [-57.380213298999934, -18.47372069499994], [-57.38447054899996, -18.47419369499994], [-57.38449623599996, -18.474196569999947], [-57.38452042399996, -18.47423281999994], [-57.387351610999985, -18.47847963299995], [-57.39353829899994, -18.48085906999995], [-57.40067667399995, -18.48228669499997], [-57.40305617399997, -18.48371438299995], [-57.40638748599997, -18.48942513299994], [-57.41067048599996, -18.497039382999958], [-57.41447761099994, -18.50275013299995], [-57.42589917399994, -18.50988850799996], [-57.43176573599993, -18.510726507999948], [-57.436944110999946, -18.511466257999928], [-57.43922423599997, -18.51179200799993], [-57.43999523599996, -18.511620694999976], [-57.440358610999965, -18.51153981999994], [-57.44779042399995, -18.509888444999945], [-57.452073361999965, -18.504177632999927], [-57.45635648699994, -18.500370507999946], [-57.46159117399998, -18.49846694499996], [-57.46197742399994, -18.501942069999927], [-57.462067298999955, -18.502750007999964], [-57.461875298999985, -18.502941944999975], [-57.460163611999974, -18.50465356999996], [-57.45742167399993, -18.51150831999996], [-57.45730823699995, -18.51179194499997], [-57.45302517399995, -18.515599132999967], [-57.44929254899995, -18.51832938299998], [-57.44594361199995, -18.522543069999927], [-57.44541086199996, -18.523213382999927], [-57.44303142399997, -18.527496507999956], [-57.44255554899996, -18.532731319999982], [-57.44188111099999, -18.534754632999977], [-57.441127860999984, -18.53701431999997], [-57.43779661099995, -18.541773257999978], [-57.43779661099995, -18.54748400799997], [-57.44112792399994, -18.554146507999974], [-57.444980173999966, -18.556347819999928], [-57.44779054899993, -18.557953632999954], [-57.45683242399997, -18.55795356999994], [-57.46596142399994, -18.55503056999993], [-57.469546986999944, -18.551009944999976], [-57.473964673999944, -18.546056257999965], [-57.48062717399995, -18.538917882999954], [-57.48253079899996, -18.53844194499993], [-57.48300661199994, -18.542725007999934], [-57.48218973699994, -18.545992507999927], [-57.48157898699998, -18.548435694999966], [-57.48156492399994, -18.548510632999978], [-57.48015123699997, -18.556049944999927], [-57.47681998699994, -18.56318844499998], [-57.47682004899997, -18.569757694999964], [-57.47682004899997, -18.56985088299996], [-57.476829986999974, -18.569859382999937], [-57.481857736999984, -18.57413569499994], [-57.48205348699997, -18.574302194999973], [-57.48687004899995, -18.574555757999974], [-57.491096923999976, -18.571754444999954], [-57.49141861199996, -18.571368382999935], [-57.495855861999985, -18.566043694999962], [-57.50061473699998, -18.564616007999973], [-57.504421923999985, -18.566043694999962], [-57.507753236999974, -18.571278507999978], [-57.51187892399997, -18.577237819999937], [-57.51203636199995, -18.577465132999976], [-57.51253792399996, -18.577465132999976], [-57.52060242399995, -18.577465132999976], [-57.523933736999936, -18.579844569999977], [-57.525361361999956, -18.586031257999934], [-57.52393379899996, -18.59316956999993], [-57.52107836199997, -18.598880194999936], [-57.518222986999945, -18.60697050799996], [-57.51393998699996, -18.614584757999978], [-57.51393998699996, -18.619819632999963], [-57.51679536199998, -18.624578569999983], [-57.52440967399997, -18.62743388299998], [-57.52821673699998, -18.629813319999982], [-57.53059629899997, -18.63409631999997], [-57.53249992399998, -18.638855257999978], [-57.53012042399996, -18.64171075799993], [-57.52536154899997, -18.64456606999994], [-57.52435929899997, -18.64506713299994], [-57.52250617399994, -18.64599369499996], [-57.52250617399994, -18.649800882999955], [-57.52420929899995, -18.651163382999982], [-57.524885611999935, -18.65170444499995], [-57.52678917399999, -18.65313206999997], [-57.534879486999955, -18.655987444999937], [-57.539638423999975, -18.66027050799994], [-57.54630092399998, -18.664553507999926], [-57.550108173999945, -18.67121600799993], [-57.54963223699997, -18.675499007999974], [-57.54677692399997, -18.67597494499995], [-57.538686611999935, -18.671691944999964], [-57.53249998699994, -18.669312507999962], [-57.528427173999944, -18.66822644499996], [-57.52536161199998, -18.667408944999977], [-57.51749904899998, -18.67059531999996], [-57.51822317399996, -18.67740275799997], [-57.51965092399996, -18.685968757999945], [-57.520699236999974, -18.690162132999944], [-57.522506298999986, -18.69739019499997], [-57.52258173699994, -18.697616507999953], [-57.523934048999934, -18.70167325799997], [-57.52631354899995, -18.705956194999942], [-57.53042511199993, -18.71228181999993], [-57.53250011199998, -18.715474194999956], [-57.536307298999986, -18.723088445999963], [-57.54059036199993, -18.730226820999974], [-57.54772879899997, -18.73450988299993], [-57.54995623699995, -18.73482807099998], [-57.55106004899994, -18.734985757999937], [-57.55170629899993, -18.734339507999948], [-57.55391542399997, -18.732130320999943], [-57.556770798999935, -18.726895507999927], [-57.56105386199994, -18.723088382999947], [-57.56485223699997, -18.722613570999954], [-57.568783423999946, -18.72212213299997], [-57.57247529899996, -18.721660632999942], [-57.57818604899995, -18.72546775799998], [-57.57818604899995, -18.73022669599993], [-57.57437892399997, -18.73450982099996], [-57.56866829899997, -18.742599945999928], [-57.56550548699994, -18.745169632999932], [-57.561053923999964, -18.748786632999952], [-57.55970942399995, -18.75362675799994], [-57.558674423999946, -18.75735269599994], [-57.55867448699996, -18.764491070999952], [-57.564861048999944, -18.766394695999963], [-57.57390317399995, -18.76591875799994], [-57.58104154899996, -18.767346445999976], [-57.58389692399999, -18.76972588299998], [-57.585800423999956, -18.774008882999965], [-57.58294511199995, -18.778767820999974], [-57.57675848699995, -18.784478570999966], [-57.57493686199996, -18.78580344599993], [-57.571523673999934, -18.788285757999972], [-57.57083623699998, -18.78862950799993], [-57.566764673999955, -18.790665195999964], [-57.56057811199997, -18.78876163299998], [-57.557918736999966, -18.78743194599997], [-57.55296373699997, -18.78495450799994], [-57.54992529899994, -18.783785945999966], [-57.54677717399994, -18.78257507099994], [-57.54249404899997, -18.783051007999973], [-57.54106642399995, -18.78733400799996], [-57.547728923999955, -18.79685188299993], [-57.55629504899997, -18.80161075799998], [-57.567716548999954, -18.804942007999955], [-57.56962011199994, -18.804942007999955], [-57.57199967399998, -18.80494194599993], [-57.57961398699996, -18.80446607099998], [-57.58032704899995, -18.80452719599998], [-57.58242379899997, -18.804706945999953], [-57.59182492399998, -18.805512757999963], [-57.59627023699994, -18.805893757999968], [-57.602603923999936, -18.806400382999982], [-57.60816754899997, -18.806845445999954], [-57.61625779899998, -18.811604382999974], [-57.62244448699994, -18.81969450799994], [-57.62292042399997, -18.824453507999976], [-57.62149273699998, -18.828736507999963], [-57.61958917399994, -18.834447257999955], [-57.615306111999985, -18.840158007999946], [-57.611974861999954, -18.843013320999944], [-57.61197492399998, -18.84824819599993], [-57.61337492399997, -18.85034819599997], [-57.613878486999965, -18.851103570999953], [-57.61485642399998, -18.85117344599996], [-57.62054098699997, -18.851579382999944], [-57.62547454899993, -18.850208945999952], [-57.62910704899997, -18.849199945999942], [-57.63626298699995, -18.84383307099995], [-57.63672142399997, -18.84348919599995], [-57.64385986199994, -18.843013257999928], [-57.64849529899993, -18.84235107099994], [-57.65052236199995, -18.842061507999972], [-57.653377673999955, -18.839206132999948], [-57.65620511199995, -18.834359132999964], [-57.656708923999986, -18.833495382999956], [-57.66051611199998, -18.83159182099996], [-57.66337142399993, -18.83159182099996], [-57.666226861999974, -18.833971257999963], [-57.66670273699998, -18.838730195999972], [-57.66670273699998, -18.844440882999947], [-57.66432329899993, -18.851103445999968], [-57.66194386199999, -18.85729000799995], [-57.66194386199999, -18.862524882999935], [-57.66379167399998, -18.86945388299995], [-57.66384748699994, -18.869663257999946], [-57.66401079899998, -18.86989919599995], [-57.668130548999954, -18.875849820999974], [-57.67098592399998, -18.882988257999955], [-57.67133317399998, -18.89038550799995], [-57.66926229899997, -18.901905132999957], [-57.671074361999956, -18.912777632999962], [-57.674310298999956, -18.919896507999965], [-57.68544161199998, -18.926885882999954], [-57.68734723699998, -18.92925725799995], [-57.69126623699998, -18.934134195999945], [-57.692560611999966, -18.938534945999947], [-57.693337173999964, -18.94112363299996], [-57.693965048999985, -18.942872507999937], [-57.69396636199997, -18.942876070999944], [-57.69514936199994, -18.946171507999964], [-57.69489042399994, -18.948242507999964], [-57.69396636199997, -18.94860732099994], [-57.68997198699998, -18.95018400799995], [-57.68479092399997, -18.949227320999967], [-57.67845223699993, -18.945395007999934], [-57.67291786199996, -18.943056945999956], [-57.66926242399995, -18.942935820999935], [-57.66576767399994, -18.944877257999963], [-57.66343786199997, -18.94953688299995], [-57.66149642399995, -18.95730294599997], [-57.65774279899995, -18.96248032099993], [-57.65178886199993, -18.96468069599996], [-57.637712798999985, -18.96468982099998], [-57.63501542399996, -18.965483132999964], [-57.63318067399996, -18.968372632999944], [-57.63256461199995, -18.97118325799994], [-57.63690398699998, -18.978141945999937], [-57.644186048999984, -18.980285882999965], [-57.65414629899993, -18.98237838299997], [-57.65781229899994, -18.98656488299997], [-57.657185298999934, -18.991016070999933], [-57.653619798999955, -18.989979132999963], [-57.650331423999944, -18.988157507999972], [-57.64861911199995, -18.987208945999953], [-57.64716067399996, -18.988088320999964], [-57.64575786199998, -18.988933945999975], [-57.641956548999985, -18.99101613299996], [-57.63832129899998, -18.99174319599996], [-57.634818236999934, -18.992443820999938], [-57.628631611999936, -18.993871507999927], [-57.62054136199998, -18.994823320999956], [-57.61102354899998, -18.995299195999962], [-57.602933236999945, -18.995299257999932], [-57.597474173999956, -18.994152007999958], [-57.587045486999955, -18.99789857099995], [-57.58270648699994, -18.99843275799998], [-57.57723492399998, -18.999106445999928], [-57.56628942399993, -19.003865382999948], [-57.55724742399997, -19.009100257999933], [-57.549157298999944, -19.012431507999963], [-57.54164692399996, -19.011179820999928], [-57.54059111199996, -19.011003882999944], [-57.539977861999944, -19.01076857099997], [-57.539409423999984, -19.010550507999938], [-57.53350842399993, -19.008286382999927], [-57.53346261199994, -19.007006070999978], [-57.539197298999966, -19.005541507999965], [-57.544682611999974, -19.003511257999946], [-57.54507142399996, -19.003367382999954], [-57.545671298999935, -19.003334570999982], [-57.551536673999976, -19.00196188299998], [-57.553746236999984, -18.99709250799998], [-57.556683298999985, -18.99585938299998], [-57.55915098699995, -18.99482344599994], [-57.55915092399994, -18.991968070999974], [-57.55867504899999, -18.988636820999943], [-57.562958048999974, -18.98245025799997], [-57.567241173999946, -18.98197432099994], [-57.573427736999975, -18.981498382999973], [-57.57987273699996, -18.980998007999972], [-57.58229254899999, -18.979731882999943], [-57.58437336199995, -18.978643070999965], [-57.59366317399997, -18.976736820999974], [-57.59865017399994, -18.974359945999936], [-57.60063361199997, -18.969698945999937], [-57.60531267399995, -18.967221507999966], [-57.606040173999986, -18.966286195999942], [-57.60864386199995, -18.96293850799998], [-57.60008204899998, -18.96580157099993], [-57.597222486999954, -18.971028695999962], [-57.59445186199997, -18.973799320999944], [-57.594367111999986, -18.97388407099993], [-57.594161923999934, -18.97395244599994], [-57.58865636199994, -18.97578763299998], [-57.584677298999964, -18.97402232099995], [-57.58008736199997, -18.974913070999946], [-57.57295192399994, -18.978167132999943], [-57.564000798999984, -18.977648320999947], [-57.559793111999966, -18.979138132999935], [-57.560102736999966, -18.98245025799997], [-57.55682154899995, -18.98136963299993], [-57.554345798999975, -18.98582713299993], [-57.55486792399995, -18.989588632999983], [-57.55296429899994, -18.994347570999935], [-57.55058486199994, -18.99720294599996], [-57.54772948699997, -18.998630632999948], [-57.539491236999936, -19.002670945999967], [-57.53773479899996, -19.00376850799995], [-57.535590611999964, -19.00419113299995], [-57.53507579899997, -19.004292632999977], [-57.53372686199998, -19.005070882999973], [-57.53250442399997, -19.005776320999928], [-57.53031867399994, -19.006927695999934], [-57.52809961199995, -19.006549382999935], [-57.52631429899998, -19.00624500799995], [-57.520603548999986, -19.00624500799995], [-57.51850442399996, -19.008128445999944], [-57.51523342399997, -19.011063320999938], [-57.50934836199997, -19.014667757999973], [-57.50231179899998, -19.017062132999968], [-57.497280986999954, -19.016707820999954], [-57.49062217399995, -19.016238820999945], [-57.481580236999946, -19.016714757999978], [-57.47634536199996, -19.01814238299994], [-57.47519623699998, -19.019327070999964], [-57.47181992399993, -19.02280738299993], [-57.470902611999975, -19.023197507999953], [-57.46648642399998, -19.024557570999946], [-57.46596286199997, -19.024718820999965], [-57.46366192399995, -19.023808695999946], [-57.460164986999985, -19.02242550799997], [-57.45490173699994, -19.01875694599994], [-57.45159886199997, -19.017190695999943], [-57.441605048999975, -19.011004070999945], [-57.438424673999975, -19.01100413299997], [-57.43589436099995, -19.01100413299997], [-57.42447279899994, -19.009100570999976], [-57.419237985999985, -19.009576507999952], [-57.41380386099996, -19.014947070999938], [-57.41162373599997, -19.023853320999933], [-57.407340673999954, -19.033847195999954], [-57.40253167399993, -19.03487688299998], [-57.398762860999966, -19.033652507999932], [-57.39496742399996, -19.03241944599995], [-57.38925667399997, -19.02718469599995], [-57.38615592399998, -19.02575357099994], [-57.38306998599995, -19.024329257999966], [-57.385925423999936, -19.022901570999977], [-57.388138923999975, -19.023072757999955], [-57.392065860999935, -19.02337657099997], [-57.39306379899995, -19.021473882999942], [-57.389050235999946, -19.01898613299994], [-57.389238173999956, -19.01861344599996], [-57.38987336099996, -19.01735438299994], [-57.39163604899994, -19.01385963299998], [-57.39791311099998, -19.010555882999938], [-57.400678048999964, -19.009100632999946], [-57.39211192399995, -19.01100419599993], [-57.38913092399997, -19.012380132999965], [-57.385925423999936, -19.01385963299998], [-57.38497354899994, -19.020998007999935], [-57.380690423999965, -19.021949820999964], [-57.37737048599996, -19.021285757999976], [-57.37593154899997, -19.020998007999935], [-57.36498611099995, -19.02099807099995], [-57.35499223599999, -19.02480519599993], [-57.35244773599993, -19.028944070999955], [-57.35102948599996, -19.031250945999943], [-57.34835979899998, -19.035593132999963], [-57.343083923999984, -19.042403070999967], [-57.33986423599998, -19.044264820999956], [-57.33072167399996, -19.04955175799995], [-57.327019673999985, -19.054820882999934], [-57.326260048999984, -19.055901882999933], [-57.32215798599998, -19.05858419599997], [-57.32196777299998, -19.058708570999954], [-57.32061267399996, -19.05959463299996], [-57.320666735999964, -19.05973882099994], [-57.32221961099998, -19.063879320999945], [-57.32834223599997, -19.068111570999974], [-57.33962311099998, -19.068341632999932], [-57.34538717399994, -19.07253013299993], [-57.349757548999946, -19.076201757999968], [-57.347378110999955, -19.080484757999955], [-57.34072304899996, -19.082797882999955], [-57.333826923999936, -19.08714350799994], [-57.32965542399995, -19.092200695999964], [-57.329132673999936, -19.09849119599994], [-57.32992523599995, -19.10819688299995], [-57.33214954899995, -19.117604507999943], [-57.32781298599997, -19.118932257999973], [-57.325769423999986, -19.11828075799997], [-57.32215573599996, -19.117128632999936], [-57.316444985999965, -19.11427325799997], [-57.313113735999934, -19.107134945999974], [-57.31073417399995, -19.099996507999947], [-57.30852286099997, -19.098259070999973], [-57.306136048999974, -19.09638363299996], [-57.304071798999985, -19.094761695999978], [-57.30157429899998, -19.09488657099996], [-57.296055673999945, -19.09516250799993], [-57.29455386099994, -19.095237570999927], [-57.29372754899998, -19.096667257999968], [-57.29008154899998, -19.102975570999945], [-57.291389985999956, -19.110311070999956], [-57.295981548999976, -19.119032257999947], [-57.295981548999976, -19.12664657099998], [-57.29071298599996, -19.133843570999943], [-57.281276298999956, -19.14706507099993], [-57.27265811099994, -19.15712919599997], [-57.26587117399998, -19.16476238299998], [-57.26148648599997, -19.17047882099996], [-57.25581304899998, -19.17887688299993], [-57.252668798999935, -19.186032445999956], [-57.25031567399998, -19.193688632999965], [-57.244585110999935, -19.20088600799994], [-57.24470198599994, -19.20521344599996], [-57.243910048999965, -19.21230732099997], [-57.24601286099994, -19.222301195999933], [-57.24315748599997, -19.22658432099996], [-57.23813679899996, -19.229719257999932], [-57.23707511099997, -19.23034225799995], [-57.22888067399998, -19.23515038299996], [-57.22880123599998, -19.235296070999937], [-57.226025360999984, -19.240385252999943]], [[-57.38211629899996, -18.29383300799998], [-57.37926098599996, -18.29145356999993], [-57.38211629899996, -18.28812219499997], [-57.384019860999956, -18.28431513299995], [-57.386875173999954, -18.283839194999928], [-57.387826985999936, -18.28764638299998], [-57.39115836099995, -18.288598132999937], [-57.387351173999946, -18.291929444999937], [-57.38306811099994, -18.29764013299996], [-57.38211629899996, -18.29383300799998]]]}}, {"type": "Feature", "properties": {"OBJECTID": 579, "TIPO": "LAGO OU LAGOA OU REP", "NOME": null, "MI_CARTA": "SF21", "Shape_Leng": 0.219227233777, "Shape_Area": 0.000463651556075}, "geometry": {"type": "Polygon", "coordinates": [[[-57.83525321199994, -20.870159086999934], [-57.83501721299996, -20.87110358999996], [-57.83289270199998, -20.870867657999952], [-57.830532191999964, -20.87181160399996], [-57.82935169499996, -20.87464461299993], [-57.830296207999936, -20.877477115999966], [-57.83194872499996, -20.880073616999937], [-57.83430923599997, -20.87983760999998], [-57.83430922799994, -20.877005103999977], [-57.83242070899996, -20.874172103999967], [-57.833128708999936, -20.87299209899993], [-57.83478121999997, -20.873700095999936], [-57.83572573199996, -20.87606059899997], [-57.83737774599996, -20.87771309799996], [-57.83973875999993, -20.878185091999967], [-57.84091876699995, -20.878657089999933], [-57.84186327599997, -20.880073590999928], [-57.83950226799993, -20.88149009999995], [-57.83855827599996, -20.885739110999964], [-57.83950229299995, -20.88951611699997], [-57.83950230399995, -20.893293186999927], [-57.83832230699994, -20.89612563399993], [-57.83596180799998, -20.900610649999976], [-57.83265679799996, -20.90297116299996], [-57.830296283999985, -20.902499168999952], [-57.82982428699995, -20.904387673999963], [-57.830296300999976, -20.90816468099996], [-57.827227291999975, -20.910289192999983], [-57.82651929399998, -20.912177636999957], [-57.82793574799996, -20.915246201999935], [-57.82746381599998, -20.917843207999965], [-57.82510286699994, -20.91831521599994], [-57.82510285999996, -20.915954710999927], [-57.82368678499995, -20.91430221099995], [-57.82179827799996, -20.915246217999936], [-57.820617779999964, -20.917843226999935], [-57.81754930499994, -20.918551227999956], [-57.81754926599996, -20.918551236999974], [-57.819437780999976, -20.920203734999973], [-57.823686804999966, -20.92091172499994], [-57.82651931999993, -20.920911716999967], [-57.83076833599995, -20.918787201999976], [-57.83194883099998, -20.915246190999937], [-57.83171282099994, -20.912177622999934], [-57.83124031099993, -20.909817180999937], [-57.83194880999997, -20.908164675999956], [-57.835725827999966, -20.907692664999956], [-57.83832234199997, -20.907692657999974], [-57.84068285899997, -20.909344592999958], [-57.83903035499998, -20.91076116299996], [-57.83619784399997, -20.911941672999944], [-57.836669850999954, -20.913594174999957], [-57.839502366999966, -20.914066167999977], [-57.84257138199996, -20.913594158999956], [-57.843987883999944, -20.91194165199994], [-57.844695884999965, -20.91099714799998], [-57.84611239099996, -20.910289142999943], [-57.84634838399995, -20.90769263599998], [-57.84752832399994, -20.906512130999943], [-57.85036133699998, -20.90580412199995], [-57.84988889199997, -20.904387619999966], [-57.848236880999934, -20.90344362299993], [-57.84870887799997, -20.90179111799995], [-57.85319390199999, -20.902027105999935], [-57.85437440599998, -20.901319101999945], [-57.853429897999945, -20.90013860199997], [-57.85224988799996, -20.898958101999938], [-57.851305373999935, -20.89588959799994], [-57.84752828599994, -20.894001166999942], [-57.84445982999995, -20.89329317399995], [-57.84257131499999, -20.891640612999936], [-57.842335306999985, -20.88928010899997], [-57.84068278999996, -20.886683107999943], [-57.841390788999945, -20.88503110199997], [-57.843279292999966, -20.883142592999945], [-57.84398779099996, -20.881254086999945], [-57.844223786999976, -20.879601582999953], [-57.84233527099997, -20.877477083999963], [-57.838558245999934, -20.87558858999995], [-57.83808623699997, -20.873464086999945], [-57.83855823299996, -20.871339580999972], [-57.838558225999975, -20.86921507699998], [-57.836905712999965, -20.867562577999934], [-57.835017204999986, -20.86827058399996], [-57.83501722799997, -20.868270768999935], [-57.83525321199994, -20.870159086999934]]]}}, {"type": "Feature", "properties": {"OBJECTID": 611, "TIPO": "LAGO OU LAGOA OU REP", "NOME": null, "MI_CARTA": "SF21", "Shape_Leng": 0.0398302516933, "Shape_Area": 5.98132758522e-05}, "geometry": {"type": "Polygon", "coordinates": [[[-57.75310459499997, -20.80837117699997], [-57.753104588999975, -20.806423672999927], [-57.75593759499998, -20.80359115899995], [-57.75829810299996, -20.802174649999927], [-57.76089461099997, -20.80028613899998], [-57.76301911599995, -20.798397628999965], [-57.76325511099998, -20.79627312399998], [-57.760894597999936, -20.796037129999945], [-57.75829808699996, -20.79674513799995], [-57.75546508299993, -20.798161645999983], [-57.75428507899994, -20.80123065899994], [-57.75145207099996, -20.803355170999964], [-57.74956356499996, -20.804771178999943], [-57.74980007099998, -20.806187680999983], [-57.75145208299995, -20.80736817899998], [-57.75239659099998, -20.808312178999927], [-57.75310459499997, -20.80837117699997]]]}}, {"type": "Feature", "properties": {"OBJECTID": 738, "TIPO": "LAGO OU LAGOA OU REP", "NOME": null, "MI_CARTA": null, "Shape_Leng": 0.517351763929, "Shape_Area": 0.0010759669907}, "geometry": {"type": "Polygon", "coordinates": [[[-53.57809904499993, -20.646851311999967], [-53.57561204499996, -20.64988862399997], [-53.57346879499994, -20.653100998999946], [-53.57346735799996, -20.656894686999976], [-53.57346735799996, -20.65702799899998], [-53.573547419999954, -20.65710818699995], [-53.575251607999974, -20.658813623999947], [-53.573108107999985, -20.66273993699997], [-53.57023048299993, -20.66587693699995], [-53.56917948299997, -20.66702268699993], [-53.570088607999935, -20.67127312399998], [-53.570248607999986, -20.672021061999942], [-53.56900166999998, -20.675757123999972], [-53.56881898299997, -20.676304623999954], [-53.569969372999935, -20.67661880299994], [-53.569971919999944, -20.67661949899997], [-53.571790919999955, -20.677116311999953], [-53.572745607999934, -20.677376936999963], [-53.57703210799997, -20.670952373999967], [-53.57953304499995, -20.665955186999952], [-53.58131998299996, -20.660957623999934], [-53.58631979499995, -20.65631831199994], [-53.58751416999996, -20.655572373999973], [-53.58917666999997, -20.654534248999937], [-53.59381673299998, -20.657034873999976], [-53.59515654499995, -20.65895043699993], [-53.59631435799997, -20.660605748999956], [-53.60059848299994, -20.660607248999952], [-53.60523916999995, -20.66167981199993], [-53.60916516999998, -20.664537123999935], [-53.60933941999997, -20.66452849899997], [-53.61630535799998, -20.66418256199995], [-53.61953910799997, -20.66507581199994], [-53.626657544999944, -20.667042186999936], [-53.62703217599994, -20.664986132999957], [-53.627373044999956, -20.663115373999972], [-53.618448169999965, -20.662398311999937], [-53.61273604499996, -20.66239631199994], [-53.609524044999944, -20.65953918699995], [-53.60672385799995, -20.658714561999943], [-53.60345560799993, -20.657752123999956], [-53.598815169999966, -20.65596556199995], [-53.59767248299994, -20.655393686999957], [-53.596673607999946, -20.654893811999955], [-53.59667429499996, -20.653108748999955], [-53.603457857999956, -20.65204006199997], [-53.60524398299998, -20.64918462399993], [-53.607386857999984, -20.647043311999937], [-53.61167091999994, -20.647044811999933], [-53.61722648299997, -20.64343649899996], [-53.618812857999956, -20.642406123999933], [-53.62670441999995, -20.639997811999933], [-53.63166666999996, -20.638483436999934], [-53.63630816999995, -20.637414061999948], [-53.64202166999996, -20.63384599899996], [-53.64095123299995, -20.63241762399997], [-53.64095173299995, -20.631130248999966], [-53.640952857999935, -20.628490561999968], [-53.64239773299994, -20.628009498999972], [-53.64466648299998, -20.627253998999947], [-53.645237419999944, -20.627063936999946], [-53.647664919999954, -20.62631799899998], [-53.649879107999936, -20.62563756199995], [-53.65317629499998, -20.622813561999976], [-53.65487891999993, -20.621355248999976], [-53.65604473299993, -20.620449186999963], [-53.65809298299996, -20.618857248999973], [-53.65809416999997, -20.615794498999946], [-53.65809448299996, -20.61493018699997], [-53.658451544999934, -20.614603123999927], [-53.66238016999995, -20.611004623999975], [-53.664121482999974, -20.607177686999933], [-53.664166732999945, -20.607078186999956], [-53.66424785799995, -20.607031873999972], [-53.66916604499994, -20.604223873999956], [-53.66881235799997, -20.595655498999974], [-53.66881516999996, -20.58851537399994], [-53.66631848299994, -20.582445373999974], [-53.66632060799998, -20.577090186999953], [-53.66917779499994, -20.574235123999927], [-53.67203485799996, -20.571737060999965], [-53.67275116999997, -20.566025185999933], [-53.673109169999975, -20.56352624899995], [-53.674756919999936, -20.56403387399996], [-53.677749794999954, -20.564955935999933], [-53.679176419999976, -20.568526498999972], [-53.68381604499996, -20.572455248999972], [-53.685956920999956, -20.57531199899995], [-53.69019429599996, -20.57705862399996], [-53.692025170999955, -20.577813186999947], [-53.69630910799998, -20.578171748999978], [-53.69558157999995, -20.575743011999975], [-53.69523954599998, -20.57460118599994], [-53.69425192099993, -20.574224623999953], [-53.68774342099994, -20.57174256099995], [-53.68239004499998, -20.567099560999964], [-53.68159035799994, -20.565841685999942], [-53.67998166999996, -20.56331174899998], [-53.67989254499997, -20.563171560999933], [-53.67846529499997, -20.56138606099995], [-53.677072169999974, -20.560514748999935], [-53.67560979499996, -20.559599998999943], [-53.67446685799996, -20.559472623999966], [-53.67239679499994, -20.55924187399995], [-53.669539294999936, -20.562810998999964], [-53.66918073299996, -20.56673793599998], [-53.66846591999996, -20.56887974899996], [-53.66525154499993, -20.572091685999965], [-53.66310791999996, -20.576018123999972], [-53.66310579499998, -20.581373248999967], [-53.66381704499997, -20.588513623999972], [-53.66488598299998, -20.59386912399998], [-53.664885857999934, -20.594212811999967], [-53.664884419999964, -20.597758811999938], [-53.66488398299998, -20.59886718699994], [-53.66238241999997, -20.605292498999972], [-53.65809648299995, -20.609932123999954], [-53.65381104499994, -20.61350068699994], [-53.65238141999998, -20.61742731199996], [-53.65095198299997, -20.620996873999957], [-53.64702379499994, -20.623851498999954], [-53.64399879499996, -20.62408318699994], [-53.642382544999975, -20.62420693699994], [-53.64114485799996, -20.625002061999965], [-53.63738310799994, -20.627418311999975], [-53.63569354499998, -20.62948174899998], [-53.634204232999934, -20.631300623999948], [-53.63416860799998, -20.631344248999937], [-53.629883544999984, -20.63348481199995], [-53.625955482999984, -20.635982498999965], [-53.61667204499997, -20.639192373999947], [-53.610244669999986, -20.64240312399994], [-53.60560316999994, -20.643472686999928], [-53.60310341999997, -20.645256873999926], [-53.596319294999944, -20.64775362399996], [-53.589178294999954, -20.649893186999975], [-53.58346554499997, -20.652033311999958], [-53.58025154499995, -20.654174248999936], [-53.576324169999964, -20.654886873999942], [-53.57661816999996, -20.653858998999965], [-53.576999919999935, -20.65252506199994], [-53.57703910799995, -20.65238812399997], [-53.57953885799998, -20.65060393699997], [-53.57986248299994, -20.65019968699994], [-53.58239629499997, -20.647034873999928], [-53.58168260799994, -20.645963623999933], [-53.580603544999974, -20.645963248999976], [-53.57928366999994, -20.645962811999937], [-53.578826669999955, -20.645962623999935], [-53.57809904499993, -20.646851311999967]]]}}, {"type": "Feature", "properties": {"OBJECTID": 765, "TIPO": "LAGO OU LAGOA OU REP", "NOME": null, "MI_CARTA": "SF21", "Shape_Leng": 0.0506507121099, "Shape_Area": 6.44776520782e-05}, "geometry": {"type": "Polygon", "coordinates": [[[-54.25131053699994, -20.509006066999973], [-54.254436563999946, -20.51198362899993], [-54.25647608199995, -20.51419306699995], [-54.259535607999965, -20.517422004999958], [-54.261065121999934, -20.519121567999946], [-54.26310470599998, -20.52269107199993], [-54.26429466099995, -20.526430078999965], [-54.26616417399998, -20.52711007599993], [-54.26582416499997, -20.524730570999964], [-54.264464645999965, -20.520651563999934], [-54.264124633999984, -20.51725205599996], [-54.26208511599998, -20.51504255499998], [-54.25936559199994, -20.512153054999942], [-54.257496076999985, -20.51062355499994], [-54.254946555999936, -20.508414055999935], [-54.25131053699994, -20.509006066999973]]]}}, {"type": "Feature", "properties": {"OBJECTID": 871, "TIPO": "LAGO OU LAGOA OU REP", "NOME": null, "MI_CARTA": "SF21", "Shape_Leng": 0.021708109328, "Shape_Area": 2.48467427357e-05}, "geometry": {"type": "Polygon", "coordinates": [[[-55.88054261999997, -20.300138536999953], [-55.880680058999985, -20.300238411999942], [-55.88163205799998, -20.297925903999953], [-55.88068004599995, -20.295613900999967], [-55.87741552199998, -20.29370946699993], [-55.874740505999966, -20.293152409999948], [-55.87442506899998, -20.29391847499994], [-55.874287006999964, -20.294253413999968], [-55.87551107899998, -20.295205412999962], [-55.87687103099995, -20.297789915999942], [-55.87918354799996, -20.29915041299995], [-55.88054261999997, -20.300138536999953]]]}}, {"type": "Feature", "properties": {"OBJECTID": 876, "TIPO": "LAGO OU LAGOA OU REP", "NOME": null, "MI_CARTA": "SF21", "Shape_Leng": 0.091521260256, "Shape_Area": 0.000165201039444}, "geometry": {"type": "Polygon", "coordinates": [[[-55.87057321899994, -20.31011227399995], [-55.87139109699996, -20.309549957999934], [-55.87169459499995, -20.30833645399997], [-55.87118902499998, -20.306617950999964], [-55.86957150899997, -20.304191386999946], [-55.86876249599993, -20.301158443999952], [-55.86835798499993, -20.298125437999943], [-55.86633596799999, -20.29600193799996], [-55.86684146299996, -20.293272429999945], [-55.86799865299997, -20.29178461099997], [-55.86825702799996, -20.291452421999963], [-55.86816202699998, -20.291294234999953], [-55.86704395299995, -20.289430419999974], [-55.86502193699994, -20.28750942099998], [-55.86421292699998, -20.285790918999965], [-55.86498499199996, -20.28521191599998], [-55.865830432999985, -20.284577911999975], [-55.86583042899997, -20.283314658999927], [-55.865830426999935, -20.282656906999932], [-55.86529604599997, -20.281420717999936], [-55.86493991599997, -20.280596903999935], [-55.86350540899997, -20.28073590799994], [-55.86311190899994, -20.281601723999927], [-55.86249440499995, -20.282959861999927], [-55.86158440899993, -20.284476421999955], [-55.86198892099998, -20.287711928999954], [-55.86451650699996, -20.29104849299995], [-55.86562845499998, -20.29286793199998], [-55.86513176699998, -20.29351737299993], [-55.864924078999934, -20.293789060999927], [-55.864313952999964, -20.29458693999993], [-55.86411202199997, -20.297114446999956], [-55.861786448999965, -20.297922953999944], [-55.859359996999956, -20.297619896999947], [-55.857236985999975, -20.297721027999955], [-55.857236988999944, -20.299034968999933], [-55.86077544999995, -20.300248462999946], [-55.86168547099999, -20.305909973999974], [-55.861482975999934, -20.30793197899993], [-55.86026991399996, -20.31045948899998], [-55.85956247699994, -20.311874993999936], [-55.86022387899993, -20.31209559699994], [-55.86046041999998, -20.31217449199994], [-55.86077548399999, -20.31227949199996], [-55.86234842499994, -20.310492357999976], [-55.862999988999945, -20.30975197999993], [-55.86583050199994, -20.308841970999936], [-55.867254886999945, -20.309656093999934], [-55.86795351699993, -20.310055467999973], [-55.869773528999986, -20.31066196499995], [-55.87057321899994, -20.31011227399995]]]}}, {"type": "Feature", "properties": {"OBJECTID": 974, "TIPO": "LAGO OU LAGOA OU REP", "NOME": null, "MI_CARTA": null, "Shape_Leng": 0.000286193590183, "Shape_Area": 1.02413862587e-09}, "geometry": {"type": "Polygon", "coordinates": [[[-51.03388401199993, -20.07516540399996], [-51.03374738599996, -20.075153716999978], [-51.03387826199997, -20.07517990399998], [-51.03388401199993, -20.07516540399996]]]}}, {"type": "Feature", "properties": {"OBJECTID": 996, "TIPO": "LAGO OU LAGOA OU REP", "NOME": null, "MI_CARTA": "SF21", "Shape_Leng": 0.0438025151603, "Shape_Area": 4.97729230968e-05}, "geometry": {"type": "Polygon", "coordinates": [[[-55.90528703399997, -20.04639623199995], [-55.905287027999975, -20.043967726999938], [-55.906231960999946, -20.040565715999946], [-55.906231951999985, -20.037541707999935], [-55.904908932999945, -20.033383201999982], [-55.903018481999936, -20.03224920399998], [-55.900372398999934, -20.029981266999982], [-55.897853442999974, -20.028592707999962], [-55.89914239799998, -20.03218715099996], [-55.90131741399995, -20.033572210999978], [-55.90264055499995, -20.036596714999973], [-55.90377500699998, -20.03962071999996], [-55.902658448999944, -20.043343731999983], [-55.903424461999975, -20.04646173699996], [-55.904360629999985, -20.046428812999977], [-55.90528703399997, -20.04639623199995]]]}}, {"type": "Feature", "properties": {"OBJECTID": 1063, "TIPO": "LAGO OU LAGOA OU REP", "NOME": null, "MI_CARTA": "SE21", "Shape_Leng": 0.244247885019, "Shape_Area": 0.000726396849085}, "geometry": {"type": "Polygon", "coordinates": [[[-57.468942485999946, -19.89492859799998], [-57.466232511999976, -19.88693708699998], [-57.463442862999955, -19.88365714899993], [-57.46296940299993, -19.876644633999945], [-57.45993635599996, -19.865694616999974], [-57.45749839299998, -19.86132711299996], [-57.45018228999999, -19.86067756799997], [-57.44414725499996, -19.859379642999954], [-57.43660176999998, -19.85660121799998], [-57.43416682399993, -19.858250102999932], [-57.43138268599995, -19.858695673999932], [-57.426741721999974, -19.858051183999976], [-57.42163312599996, -19.85565369099993], [-57.41884954999995, -19.856099136999944], [-57.41630161099994, -19.860274152999978], [-57.42466712099997, -19.87011371699998], [-57.42514221299996, -19.87953873699996], [-57.429326310999954, -19.884569737999982], [-57.432114267999964, -19.886094733999983], [-57.43629128899994, -19.88586116099998], [-57.441156296999964, -19.87971263399993], [-57.44649025499996, -19.87706617699996], [-57.44950833299998, -19.877057668999953], [-57.45508093299998, -19.87967366099997], [-57.45740990099995, -19.886243107999974], [-57.459505485999955, -19.890177673999972], [-57.46438446099995, -19.894551170999932], [-57.468942485999946, -19.89492859799998]], [[-57.45286890899996, -19.875373656999955], [-57.45029732799998, -19.873766659999944], [-57.448886812999945, -19.871110156999976], [-57.448682867999935, -19.86859758999998], [-57.450575811999954, -19.86755458199997], [-57.45473333499996, -19.868002134999927], [-57.45861180099996, -19.87096706999995], [-57.45928637199995, -19.872525133999943], [-57.458799873999965, -19.874259138999946], [-57.45727236999994, -19.87541764599996], [-57.45286890899996, -19.875373656999955]], [[-57.43140273499995, -19.87601121299997], [-57.43070322099999, -19.87228814399998], [-57.427449130999946, -19.868571705999955], [-57.43072163699998, -19.86457462599998], [-57.43224520699994, -19.86442612199994], [-57.436965724999936, -19.862251166999954], [-57.439783803999944, -19.862667160999933], [-57.444967780999946, -19.866877657999964], [-57.44473878799994, -19.869729164999967], [-57.43616426799997, -19.878518706999955], [-57.43361175499996, -19.87874715099997], [-57.43140273499995, -19.87601121299997]]]}}, {"type": "Feature", "properties": {"OBJECTID": 1080, "TIPO": "LAGO OU LAGOA OU REP", "NOME": null, "MI_CARTA": "SE21", "Shape_Leng": 0.19731013882, "Shape_Area": 0.000535828614744}, "geometry": {"type": "Polygon", "coordinates": [[[-57.35738120099995, -19.825009283999975], [-57.348055132999946, -19.818289791999973], [-57.34618811499996, -19.815375727999935], [-57.34260809399996, -19.814631297999938], [-57.32988159399997, -19.816354271999955], [-57.323911547999955, -19.81110483699996], [-57.31575649699994, -19.80811535099997], [-57.31535642299997, -19.804728343999955], [-57.317338905999975, -19.795133316999966], [-57.311369354999954, -19.78837731599998], [-57.30759033299995, -19.787447760999953], [-57.30259167599996, -19.787589234999928], [-57.302590306999946, -19.78758927399997], [-57.30356275899993, -19.79110984299996], [-57.30569333899996, -19.793310841999983], [-57.31178287899996, -19.795886394999968], [-57.31188588899994, -19.799147839999932], [-57.31024888999997, -19.80274628999996], [-57.309941901999935, -19.80737480099998], [-57.31292692499994, -19.810187362999955], [-57.32049247899994, -19.81505885499996], [-57.32407657299996, -19.81956585599994], [-57.32387907599997, -19.820883359999982], [-57.32049649999993, -19.82258287199994], [-57.31811099599997, -19.825597322999954], [-57.316324504999955, -19.83217790499998], [-57.31355144299994, -19.837362423999934], [-57.31861609199996, -19.836407908999945], [-57.322594540999944, -19.833010890999958], [-57.32458203999994, -19.828869875999942], [-57.33651658599996, -19.823018269999977], [-57.340295597999955, -19.820374753999943], [-57.34248560899994, -19.819995310999957], [-57.345870135999974, -19.82336974699996], [-57.35044922999998, -19.82580274099996], [-57.35383368699996, -19.826547796999932], [-57.35738120099995, -19.825009283999975]]]}}, {"type": "Feature", "properties": {"OBJECTID": 1103, "TIPO": "RIO", "NOME": "RIO PARAGUAI", "MI_CARTA": "SE21", "Shape_Leng": 0.00168965625639, "Shape_Area": 9.18415288845e-09}, "geometry": {"type": "Polygon", "coordinates": [[[-57.578828225999985, -19.730078812999977], [-57.57799178799996, -19.729966627999943], [-57.57866453099996, -19.73007881799998], [-57.578828225999985, -19.730078812999977]]]}}, {"type": "Feature", "properties": {"OBJECTID": 1105, "TIPO": "LAGO OU LAGOA OU REP", "NOME": null, "MI_CARTA": "SE21", "Shape_Leng": 0.0812125261456, "Shape_Area": 0.000191244861259}, "geometry": {"type": "Polygon", "coordinates": [[[-56.87475054799995, -19.739325133999955], [-56.87670598599993, -19.732251258999952], [-56.87314386099996, -19.731307320999974], [-56.87063136099994, -19.73284432099996], [-56.86914792299996, -19.73591982099998], [-56.86869786099999, -19.739829820999944], [-56.86812111099994, -19.74045850899995], [-56.86677336099996, -19.741927320999935], [-56.86499886099995, -19.742346320999957], [-56.86277161099997, -19.74142232099996], [-56.86263786099994, -19.74136682099993], [-56.861317860999975, -19.73647682099994], [-56.86074029799994, -19.729629320999948], [-56.85970779799993, -19.72892982099995], [-56.85747629799994, -19.731964320999964], [-56.85643079799996, -19.737273820999974], [-56.85765423599997, -19.74361969599994], [-56.858114360999934, -19.74600638399994], [-56.860770797999976, -19.74796488399994], [-56.86416836099994, -19.74838632099994], [-56.867865860999984, -19.747548320999954], [-56.87201142299995, -19.744053820999966], [-56.874678922999976, -19.73958432099994], [-56.87475054799995, -19.739325133999955]]]}}, {"type": "Feature", "properties": {"OBJECTID": 1117, "TIPO": "RIO", "NOME": "RIO PARAGUAI", "MI_CARTA": "SE21", "Shape_Leng": 0.00444641393498, "Shape_Area": 2.74670384743e-07}, "geometry": {"type": "Polygon", "coordinates": [[[-57.53202974799996, -19.676811933999943], [-57.534174769999936, -19.67635230899998], [-57.53328001699998, -19.676287935999937], [-57.53327998899994, -19.67628794099994], [-57.53202974799996, -19.676811933999943]]]}}, {"type": "Feature", "properties": {"OBJECTID": 1151, "TIPO": "LAGO OU LAGOA OU REP", "NOME": null, "MI_CARTA": "SE21", "Shape_Leng": 0.0711561024137, "Shape_Area": 0.000176506951764}, "geometry": {"type": "Polygon", "coordinates": [[[-56.52621916199996, -19.603545347999955], [-56.52804323399994, -19.603454342999953], [-56.53262068299995, -19.598859882999932], [-56.53444819099997, -19.59819231499995], [-56.537834713999985, -19.599972872999956], [-56.53945972199995, -19.599403304999953], [-56.54210372799997, -19.59653179199995], [-56.543611286999976, -19.592434777999927], [-56.53859320199996, -19.593952293999962], [-56.53473517899994, -19.59304980099995], [-56.525614609999934, -19.58603680699997], [-56.52318365799994, -19.585313310999936], [-56.52043758599996, -19.58746382299995], [-56.52088659399993, -19.58948482699998], [-56.52261410999995, -19.59193439099994], [-56.526458135999974, -19.593860323999934], [-56.52706114299997, -19.595107324999958], [-56.52481414399995, -19.599802341999975], [-56.52460414799998, -19.60181384799995], [-56.52621916199996, -19.603545347999955]]]}}, {"type": "Feature", "properties": {"OBJECTID": 1152, "TIPO": "LAGO OU LAGOA OU REP", "NOME": null, "MI_CARTA": "SE21", "Shape_Leng": 0.0759720946423, "Shape_Area": 9.96378860407e-05}, "geometry": {"type": "Polygon", "coordinates": [[[-57.47009534999995, -19.60102154499998], [-57.46936759199997, -19.599620168999934], [-57.46645806899994, -19.596890606999978], [-57.45991202799996, -19.594173616999967], [-57.454380921999984, -19.589236119999953], [-57.448092378999945, -19.585705126999983], [-57.44281590299994, -19.581593130999977], [-57.44194783599994, -19.581760258999964], [-57.440790392999986, -19.581983074999982], [-57.440728459999946, -19.583567140999946], [-57.44236784999998, -19.585808579999934], [-57.45063340599995, -19.590475569999967], [-57.45598944699998, -19.59507512899995], [-57.464489501999935, -19.59892311699997], [-57.47104260899994, -19.602845552999952], [-57.47009534999995, -19.60102154499998]]]}}, {"type": "Feature", "properties": {"OBJECTID": 1224, "TIPO": "LAGO OU LAGOA OU REP", "NOME": null, "MI_CARTA": "SE21", "Shape_Leng": 0.0600333692229, "Shape_Area": 0.000138623140932}, "geometry": {"type": "Polygon", "coordinates": [[[-56.299565892999965, -19.40359691599997], [-56.29380933699997, -19.394551907999983], [-56.283417320999945, -19.386481912999955], [-56.278079730999934, -19.386902927999927], [-56.27745373199997, -19.388371432999975], [-56.27836674599996, -19.39160593899993], [-56.28104526499993, -19.39347893699994], [-56.28743980599995, -19.395849426999973], [-56.28949638599994, -19.398207927999977], [-56.290823838999984, -19.40134943199996], [-56.29364242199995, -19.402988428999947], [-56.299565892999965, -19.40359691599997]]]}}, {"type": "Feature", "properties": {"OBJECTID": 1225, "TIPO": "LAGO OU LAGOA OU REP", "NOME": null, "MI_CARTA": "SE21", "Shape_Leng": 0.0850279205007, "Shape_Area": 0.000176691038853}, "geometry": {"type": "Polygon", "coordinates": [[[-56.31429246699997, -19.401878875999955], [-56.31561247199994, -19.400927369999977], [-56.31470944899996, -19.394151355999952], [-56.31328993699998, -19.39261285499998], [-56.30939441299995, -19.39142986199994], [-56.30931140499996, -19.38899235599996], [-56.30771294799996, -19.384930349999934], [-56.29769282199993, -19.381334365999976], [-56.292362793999985, -19.381674879999935], [-56.28988258299995, -19.382475734999957], [-56.28960028199998, -19.382566888999975], [-56.28921478199993, -19.383647391999943], [-56.28993178999997, -19.385049393999964], [-56.297799346999966, -19.390398887999936], [-56.30007686199997, -19.391304884999954], [-56.30140986899994, -19.391129380999928], [-56.30009634999993, -19.387068373999966], [-56.30029540899994, -19.38517386899997], [-56.30162741699996, -19.38535986599993], [-56.30934292899997, -19.397736377999934], [-56.313078959999984, -19.401495377999936], [-56.31429246699997, -19.401878875999955]]]}}, {"type": "Feature", "properties": {"OBJECTID": 1275, "TIPO": "LAGO OU LAGOA OU REP", "NOME": null, "MI_CARTA": "SE21", "Shape_Leng": 0.0908293183819, "Shape_Area": 0.000176288132067}, "geometry": {"type": "Polygon", "coordinates": [[[-57.302665349999984, -19.286286160999964], [-57.300844902999984, -19.286290102999942], [-57.29831052199995, -19.281981237999958], [-57.298310439999966, -19.28198109899995], [-57.29913441599996, -19.29435612599997], [-57.30146543799998, -19.297902128999965], [-57.303996455999936, -19.29943562699998], [-57.30622052799998, -19.29885268199996], [-57.306623900999966, -19.29741111499993], [-57.304492936999964, -19.291562168999974], [-57.30704544099996, -19.28837359299996], [-57.31000145499996, -19.28766764599993], [-57.310885955999936, -19.286261640999953], [-57.311467499999935, -19.278546620999975], [-57.31648193799998, -19.269141023999964], [-57.31568392799994, -19.266827082999953], [-57.31258291399996, -19.267813967999928], [-57.309815352999976, -19.273567112999956], [-57.31003485699995, -19.274753614999952], [-57.30579685899994, -19.283498146999932], [-57.302665349999984, -19.286286160999964]]]}}, {"type": "Feature", "properties": {"OBJECTID": 1276, "TIPO": "RIO", "NOME": "RIO PARAGUAI", "MI_CARTA": "SE21", "Shape_Leng": 3.18110716945, "Shape_Area": 0.0061212253306}, "geometry": {"type": "Polygon", "coordinates": [[[-57.276946548999945, -19.37553868499998], [-57.276946548999945, -19.384580684999946], [-57.28030979899995, -19.388664809999966], [-57.28270267399995, -19.391570497999965], [-57.28360904899995, -19.392671184999926], [-57.28687986099993, -19.39445524799993], [-57.28942754899998, -19.39584480999997], [-57.294078610999975, -19.398381747999963], [-57.30121723599996, -19.39980918499998], [-57.30835567399998, -19.403140684999983], [-57.31034717399996, -19.403804497999943], [-57.31549423599995, -19.405520122999974], [-57.31977729899995, -19.407423622999943], [-57.32004054899994, -19.407515184999966], [-57.33072286099997, -19.411230684999964], [-57.333749360999946, -19.41305362299994], [-57.33374961399994, -19.413053625999964], [-57.33976492399995, -19.413134122999963], [-57.34404792399994, -19.417417184999977], [-57.34821136099998, -19.425281497999947], [-57.348312298999986, -19.425472184999933], [-57.34833098599995, -19.42550762299993], [-57.34846279899995, -19.42559549799995], [-57.34909867399995, -19.426019372999974], [-57.35689704899994, -19.43121812299995], [-57.36148036099996, -19.433509684999933], [-57.363121673999956, -19.43433024799998], [-57.36831861099995, -19.43692862299997], [-57.37926417399996, -19.441687559999934], [-57.38925779899995, -19.442639622999934], [-57.39639623599999, -19.442639622999934], [-57.399571735999984, -19.445391622999978], [-57.40211754899997, -19.44759787299995], [-57.40353486099997, -19.448826122999947], [-57.40829386099995, -19.458820122999953], [-57.411148923999974, -19.471193122999978], [-57.411148985999944, -19.48118655999997], [-57.40972148599997, -19.492608122999968], [-57.40972148599997, -19.500222622999956], [-57.41220361099994, -19.507783622999966], [-57.41233029899996, -19.507913560999953], [-57.41828767399994, -19.514023622999957], [-57.42542617399994, -19.518782185999953], [-57.43256473599996, -19.52877618599996], [-57.43446817399996, -19.53734224799996], [-57.43443254899995, -19.53752056099995], [-57.43326842399995, -19.54334006099998], [-57.433040235999954, -19.54448068599993], [-57.427628235999975, -19.549629185999947], [-57.42732973599993, -19.549239685999964], [-57.41828773599997, -19.550191310999935], [-57.40972161099995, -19.548763685999972], [-57.41045623599996, -19.547294247999957], [-57.411149110999986, -19.545908247999932], [-57.42114317399995, -19.541625247999946], [-57.42399817399996, -19.53734224799996], [-57.41828773599997, -19.538769685999966], [-57.413052610999955, -19.54257724799993], [-57.40734217399995, -19.545908247999932], [-57.406157923999956, -19.547430747999954], [-57.40401061099993, -19.550191310999935], [-57.402583110999956, -19.55399831099993], [-57.404767110999956, -19.56186068599993], [-57.40496267399993, -19.56256481099996], [-57.405329423999945, -19.56301618599997], [-57.411149173999945, -19.57017881099995], [-57.41257723599995, -19.577317310999945], [-57.415437735999944, -19.581091310999966], [-57.41638423599994, -19.577317310999945], [-57.41841811099994, -19.578816810999967], [-57.42327961099994, -19.582400935999942], [-57.42408229899996, -19.58299281099994], [-57.43066086099998, -19.58969031099997], [-57.43181373599998, -19.591534872999944], [-57.437799423999934, -19.601111810999953], [-57.44023411099994, -19.602734872999974], [-57.444937986999946, -19.60587081099993], [-57.45921454899997, -19.611105747999943], [-57.47634723699997, -19.621575247999942], [-57.47680742399996, -19.62185143599993], [-57.48666954899994, -19.62776887299998], [-57.48824429899997, -19.62871374799994], [-57.48860186199994, -19.62930949799994], [-57.49252729899996, -19.635851747999936], [-57.493688548999955, -19.639725247999934], [-57.49422729899993, -19.641522747999943], [-57.492869423999934, -19.648474247999957], [-57.48872036199998, -19.66059837299997], [-57.489360111999986, -19.668273435999936], [-57.48967248699995, -19.672019810999927], [-57.49342098699998, -19.679453872999943], [-57.49385017399993, -19.681148435999944], [-57.49443092399997, -19.683441372999937], [-57.49676048699996, -19.68628806099997], [-57.49871448699997, -19.688675872999966], [-57.510611548999975, -19.688200310999946], [-57.51742786199998, -19.68403468599996], [-57.52774361199994, -19.677730247999932], [-57.53202974799996, -19.676811933999943], [-57.53327998899994, -19.67628794099994], [-57.53328001699998, -19.676287935999937], [-57.534174769999936, -19.67635230899998], [-57.53417479899997, -19.67635231099996], [-57.53440617399997, -19.676302747999955], [-57.53459186199996, -19.676382372999967], [-57.537737736999986, -19.677730247999932], [-57.54297273699996, -19.68344124799995], [-57.54487617399997, -19.69343474799996], [-57.54582779899994, -19.702952747999973], [-57.54677979899998, -19.711994810999954], [-57.55058686199993, -19.718181310999967], [-57.55724942399996, -19.722940310999945], [-57.56904273699996, -19.72818156099993], [-57.57009842399998, -19.72865074799995], [-57.57556079899996, -19.729561372999967], [-57.57799178799996, -19.729966627999943], [-57.578828225999985, -19.730078812999977], [-57.59151417399994, -19.730078747999983], [-57.59417698699997, -19.731262122999965], [-57.60436317399996, -19.735789185999977], [-57.60924436199997, -19.74067062299997], [-57.61197723699996, -19.74340362299995], [-57.61512211199994, -19.743958560999943], [-57.62006779899997, -19.744831185999942], [-57.62593104899997, -19.74320249799996], [-57.63719986199993, -19.740072185999963], [-57.647193423999965, -19.740072185999963], [-57.64834323699995, -19.740900560999933], [-57.655189923999956, -19.745833310999956], [-57.65635198699994, -19.746670560999974], [-57.65613148699998, -19.74681762299997], [-57.65528398699996, -19.750066060999927], [-57.65195248699996, -19.750066060999927], [-57.64481392399995, -19.750066060999927], [-57.63824242399994, -19.753645622999954], [-57.63577192399998, -19.76053568599997], [-57.63815148699996, -19.778619685999956], [-57.638882173999946, -19.78154237299998], [-57.643386548999956, -19.79955874799998], [-57.66194667399998, -19.82144981099998], [-57.678602861999934, -19.829064185999982], [-57.70144598699994, -19.837630247999982], [-57.717150611999955, -19.842865122999967], [-57.73057092399995, -19.848151935999965], [-57.73285467399995, -19.84905162299998], [-57.74142123699994, -19.854762122999944], [-57.74332467399995, -19.857617622999953], [-57.74683154899998, -19.861708747999955], [-57.751890798999966, -19.867611060999934], [-57.75466448699996, -19.868859185999952], [-57.76135036199997, -19.87186781099996], [-57.76140886199994, -19.871894122999947], [-57.769022923999955, -19.87427356099994], [-57.77330598699996, -19.88141212299996], [-57.77368723699993, -19.882610247999935], [-57.776637548999986, -19.89188162299996], [-57.77520954899995, -19.895689122999954], [-57.77187854899995, -19.89997206099997], [-57.76483848699996, -19.901480747999926], [-57.76233298699998, -19.906159685999967], [-57.76196623699997, -19.913164060999975], [-57.761884486999975, -19.914724685999943], [-57.76711954899997, -19.91995974799994], [-57.775685548999945, -19.92186318599994], [-57.78472767399995, -19.924242685999957], [-57.791866236999965, -19.92947718599993], [-57.79141148699995, -19.928416435999964], [-57.79043817399997, -19.926146185999983], [-57.79491498699997, -19.926146185999983], [-57.79614923699995, -19.926146185999983], [-57.802117048999946, -19.926881997999942], [-57.803727736999974, -19.927080622999938], [-57.806867298999975, -19.930744622999953], [-57.803287798999975, -19.93138062299994], [-57.80566679899994, -19.933284622999963], [-57.81280536199995, -19.936139622999974], [-57.81394498699996, -19.936994372999948], [-57.82613036199996, -19.94613362299998], [-57.835291919999975, -19.95240182799995], [-57.84421454899996, -19.95850656099998], [-57.85169529899997, -19.966402997999978], [-57.85278061199995, -19.96754862299997], [-57.85663778199995, -19.973334252999962], [-57.859100739999974, -19.971749409999973], [-57.85909912799997, -19.971746893999978], [-57.86001222099998, -19.97103291199994], [-57.86001698699994, -19.971029225999928], [-57.859729236999954, -19.97024681099998], [-57.85908867399996, -19.968505060999973], [-57.85611211199995, -19.960410060999948], [-57.850845611999944, -19.957318060999967], [-57.840883548999955, -19.95089262299996], [-57.83326898699994, -19.94518162299994], [-57.82470292399995, -19.94042262299996], [-57.820895861999986, -19.939471122999976], [-57.81341736199994, -19.93414318599997], [-57.81298998699998, -19.933447997999963], [-57.80944129899996, -19.92767618599993], [-57.80641704899995, -19.92409168599994], [-57.806142798999986, -19.92376662299995], [-57.796477548999974, -19.92238599799998], [-57.79614923699995, -19.922339122999972], [-57.791608923999945, -19.92158237299998], [-57.77901704899995, -19.919483685999978], [-57.76949817399998, -19.91812362299993], [-57.76902304899994, -19.918055685999946], [-57.76897098699993, -19.917896747999976], [-57.767568048999976, -19.913612685999965], [-57.76732811199997, -19.911152435999952], [-57.76711954899997, -19.90901418599998], [-57.76902304899994, -19.905682685999977], [-57.77616148699997, -19.900923685999942], [-57.78092054899997, -19.898068747999957], [-57.78046892399993, -19.893553372999975], [-57.78044454899998, -19.893309622999936], [-57.77949254899994, -19.886647060999962], [-57.779592486999945, -19.881446497999946], [-57.77351492399998, -19.873520060999965], [-57.76961692399993, -19.869383122999977], [-57.76236036199998, -19.86665956099995], [-57.75371629899996, -19.860115122999957], [-57.74237273699998, -19.85095512299995], [-57.73367317399993, -19.846276622999937], [-57.72413704899998, -19.840179622999926], [-57.71477104899998, -19.837630185999956], [-57.70334948699997, -19.834774747999973], [-57.69396879899995, -19.82997749799995], [-57.69090492399994, -19.828410622999968], [-57.66525123699995, -19.819100747999983], [-57.657663673999934, -19.812407810999957], [-57.653371111999945, -19.80448631099995], [-57.646910048999985, -19.79516624799993], [-57.64401204899997, -19.787903685999936], [-57.64338648699999, -19.778143685999964], [-57.64005542399997, -19.765294747999974], [-57.64005542399997, -19.759108185999935], [-57.64481392399995, -19.752921122999965], [-57.64630036199998, -19.752921122999965], [-57.65290454899997, -19.752921122999965], [-57.66051854899996, -19.75339706099993], [-57.66051854899996, -19.752594560999967], [-57.66051848699993, -19.749114060999943], [-57.65843998699995, -19.74266056099998], [-57.654807923999954, -19.739120560999936], [-57.64481386199998, -19.73483756099995], [-57.64100342399996, -19.735895872999947], [-57.63624786199995, -19.737216622999938], [-57.62834573699996, -19.74030874799996], [-57.62530229899994, -19.74149962299998], [-57.62393136199995, -19.741355435999935], [-57.617715861999955, -19.74070137299998], [-57.61626023699995, -19.740548185999955], [-57.609280173999935, -19.73658418599996], [-57.60261917399998, -19.729864747999954], [-57.60022761199997, -19.725166185999967], [-57.59481211199994, -19.719657747999975], [-57.59008604899998, -19.71485018599998], [-57.59198961199996, -19.70913918599996], [-57.600080048999985, -19.70104912299996], [-57.600309548999974, -19.694128122999928], [-57.59669698699997, -19.690037622999967], [-57.589609923999944, -19.682013122999933], [-57.587012423999965, -19.681363810999983], [-57.58389942399998, -19.680585622999956], [-57.57390536199995, -19.681061622999948], [-57.56771892399996, -19.68772418599997], [-57.56581536199997, -19.693434685999932], [-57.570574361999945, -19.69105518599997], [-57.571526361999986, -19.68820018599996], [-57.57295386199996, -19.683917122999958], [-57.576284861999966, -19.682965185999933], [-57.58580292399995, -19.682965185999933], [-57.59198954899995, -19.68724812299996], [-57.596272548999934, -19.69486262299995], [-57.59534298699998, -19.69904699799997], [-57.595321111999965, -19.699145622999936], [-57.59389311199993, -19.702000685999963], [-57.59172817399997, -19.705712372999983], [-57.59056204899997, -19.707711685999982], [-57.584851611999966, -19.714374247999956], [-57.586279048999984, -19.71770524799996], [-57.59294161199995, -19.724367685999937], [-57.593201111999974, -19.72559481099995], [-57.59365004899996, -19.727719185999945], [-57.59071861199993, -19.72723218599998], [-57.586279048999984, -19.728175247999957], [-57.57676098699994, -19.727699247999965], [-57.572001986999965, -19.726271247999932], [-57.57272698699995, -19.72264131099996], [-57.569146986999954, -19.72389181099993], [-57.56219242399993, -19.721784747999948], [-57.55820136199998, -19.71818124799995], [-57.55507492399994, -19.712825247999945], [-57.552612298999975, -19.706648747999964], [-57.552014361999966, -19.69962124799997], [-57.54740979899998, -19.68860218599997], [-57.54547679899997, -19.67959168599998], [-57.54202061199999, -19.672019685999942], [-57.53688361199994, -19.67215024799998], [-57.52908611199996, -19.67322424799994], [-57.52108111199993, -19.679158247999965], [-57.50632854899993, -19.684868810999944], [-57.49823848699998, -19.68391737299993], [-57.49633486199997, -19.676778872999932], [-57.494430861999945, -19.668212810999933], [-57.494430861999945, -19.661074372999963], [-57.495382861999985, -19.652032247999955], [-57.49823836199994, -19.641086747999964], [-57.49871436199999, -19.633948247999967], [-57.495212923999986, -19.628037185999972], [-57.49433129899995, -19.626548810999964], [-57.491585173999965, -19.624731247999932], [-57.48681679899994, -19.621575247999942], [-57.486307986999975, -19.62124599799995], [-57.47872667399997, -19.61634031099993], [-57.47864667399995, -19.616302435999955], [-57.46968461199998, -19.612057247999928], [-57.45742304899994, -19.607366810999963], [-57.44752898699994, -19.60288381099997], [-57.44398598699996, -19.60063587299993], [-57.439702985999986, -19.59302181099997], [-57.435000360999936, -19.58605274799993], [-57.42368979899999, -19.576990310999975], [-57.41162517399994, -19.56732331099994], [-57.408031423999944, -19.559776747999933], [-57.406866235999985, -19.557329747999972], [-57.40640079899998, -19.553143122999927], [-57.40639011099995, -19.55304674799993], [-57.40651861099997, -19.55291824799997], [-57.40735454899993, -19.552082622999933], [-57.408294110999975, -19.55114324799996], [-57.41263767399994, -19.551866935999954], [-57.41400473599998, -19.552094747999945], [-57.41643604899997, -19.551826122999955], [-57.42334973599998, -19.551062247999937], [-57.43161273599998, -19.551143185999933], [-57.434135423999976, -19.550754997999945], [-57.43779929899995, -19.550191247999976], [-57.437945610999975, -19.548354685999982], [-57.43816979899998, -19.545540310999968], [-57.440983735999964, -19.535506122999948], [-57.43684773599995, -19.527348622999966], [-57.434176923999985, -19.52427718599995], [-57.42732961099995, -19.516402622999976], [-57.41876354899995, -19.510216122999964], [-57.416612735999934, -19.502842310999938], [-57.416513548999944, -19.502502247999928], [-57.41601386099995, -19.50078955999993], [-57.41543198599999, -19.49879462299998], [-57.41543198599999, -19.495260809999934], [-57.41543192399996, -19.489395872999978], [-57.41543192399996, -19.484994059999963], [-57.41562611099994, -19.48373643499997], [-57.416245860999936, -19.479723872999955], [-57.41745804899995, -19.471874559999947], [-57.416617610999936, -19.470012934999943], [-57.415431860999945, -19.467386059999967], [-57.41523811099995, -19.46651037299995], [-57.41279286099996, -19.455455997999934], [-57.41209161099994, -19.453845934999947], [-57.41114886099996, -19.45168149799997], [-57.40706517399997, -19.447597809999934], [-57.40258279899996, -19.44311549799994], [-57.393985235999935, -19.43336649799994], [-57.39256367399997, -19.43042030999993], [-57.389733673999956, -19.42455549799996], [-57.38863829899998, -19.423460122999927], [-57.384023110999976, -19.41884499799994], [-57.380087610999965, -19.418057747999967], [-57.37898923599994, -19.412689747999934], [-57.37878804899998, -19.411706434999928], [-57.37703648599995, -19.409704809999937], [-57.37545673599993, -19.407899372999964], [-57.370221923999964, -19.405995747999953], [-57.36838398599997, -19.406783434999966], [-57.36689067399993, -19.40742343499994], [-57.36219404899998, -19.408252309999966], [-57.35880048599995, -19.408851122999977], [-57.355469235999976, -19.407899434999933], [-57.35166204899997, -19.40456818499996], [-57.350513423999985, -19.40188818499996], [-57.350258923999945, -19.401294372999928], [-57.34737892399994, -19.39457443499998], [-57.34596792399998, -19.390945934999934], [-57.34476367399998, -19.388791497999932], [-57.34214411099998, -19.38410474799997], [-57.341745610999965, -19.383706184999937], [-57.33976454899994, -19.38172530999998], [-57.33548154899995, -19.379345872999977], [-57.33474511099996, -19.378925059999972], [-57.33461242399994, -19.37884918499998], [-57.33215023599996, -19.377442247999966], [-57.33226754899994, -19.37568380999994], [-57.33243242399993, -19.373209747999965], [-57.332626173999984, -19.370303872999955], [-57.333101985999974, -19.364593122999963], [-57.33184548599996, -19.362853309999934], [-57.330742860999976, -19.361326559999952], [-57.326915423999935, -19.356027059999974], [-57.32615998599994, -19.35451630999995], [-57.32501179899998, -19.352219934999937], [-57.32549236099993, -19.351121434999982], [-57.327141610999945, -19.347351809999964], [-57.328343048999955, -19.344605684999976], [-57.32834298599994, -19.33889487299996], [-57.32667736099995, -19.333898059999967], [-57.32587817399997, -19.333986872999958], [-57.32453586099996, -19.334135997999965], [-57.325011735999965, -19.338894934999928], [-57.325011735999965, -19.345557434999932], [-57.32310817399997, -19.35126818499998], [-57.31980848599994, -19.353999934999933], [-57.31692167399996, -19.350792309999974], [-57.31692167399996, -19.350676747999955], [-57.31692167399996, -19.345081497999956], [-57.31692161099994, -19.339370809999934], [-57.31762917399993, -19.336540309999975], [-57.31882504899994, -19.331756622999933], [-57.323108110999954, -19.327949434999937], [-57.326915173999964, -19.32223874799996], [-57.32872167399995, -19.318625809999958], [-57.328818798999976, -19.318431559999965], [-57.32858836099996, -19.318623559999935], [-57.323108110999954, -19.323190434999958], [-57.321680423999965, -19.326045809999982], [-57.31834923599996, -19.328425309999943], [-57.317005423999944, -19.329992997999966], [-57.31485079899994, -19.335614997999983], [-57.31485073599998, -19.33561537299994], [-57.314043423999976, -19.344198622999954], [-57.31359036099997, -19.35031637299994], [-57.31696254899998, -19.354437934999964], [-57.317873360999954, -19.355551184999968], [-57.31915067399996, -19.355845934999934], [-57.32405998599995, -19.356978872999946], [-57.32631454899996, -19.358823497999936], [-57.32929486099994, -19.36126193499996], [-57.330246735999935, -19.366020809999952], [-57.330246735999935, -19.37030393499998], [-57.32643948599997, -19.369828059999975], [-57.326905548999946, -19.377283684999952], [-57.32691548599996, -19.377442247999966], [-57.32699498599993, -19.377521809999962], [-57.32787323599996, -19.37840012299995], [-57.33215029899998, -19.38267712299995], [-57.33340367399995, -19.383094934999974], [-57.33786098599995, -19.384580684999946], [-57.34119236099997, -19.38886374799995], [-57.343038485999955, -19.393171434999942], [-57.34326079899995, -19.393690247999928], [-57.34404767399997, -19.395526247999953], [-57.34485961099995, -19.398773622999954], [-57.347701798999935, -19.40536830999997], [-57.34959386099996, -19.40777643499996], [-57.35118611099995, -19.40980293499996], [-57.353420048999965, -19.410101434999945], [-57.36096942399996, -19.411110184999927], [-57.36105454899996, -19.41112155999997], [-57.361476610999944, -19.41103112299993], [-57.364987173999964, -19.41027887299998], [-57.36758211099993, -19.41007924799993], [-57.368744110999955, -19.409989872999972], [-57.37117367399998, -19.409802872999933], [-57.37259042399995, -19.41090474799995], [-57.37545679899995, -19.413134122999963], [-57.37688461099998, -19.417417059999934], [-57.37022204899995, -19.41741712299995], [-57.35689698599998, -19.41741712299995], [-57.34880636099996, -19.416465622999965], [-57.343753110999955, -19.412615372999937], [-57.33881286099995, -19.408851122999977], [-57.335072923999974, -19.408227997999973], [-57.33310229899996, -19.40789968499996], [-57.32965548599998, -19.406629747999943], [-57.324060360999965, -19.40456818499996], [-57.32111029899994, -19.403420997999945], [-57.31549423599995, -19.40123712299993], [-57.303120673999956, -19.397429684999963], [-57.30149717399996, -19.397068934999936], [-57.29455467399998, -19.395526247999953], [-57.290678673999935, -19.393141059999948], [-57.28836798599997, -19.391719184999943], [-57.285512548999975, -19.384580684999946], [-57.285511860999975, -19.38456630999997], [-57.285059298999954, -19.37506637299998], [-57.28503648599997, -19.37458712299997], [-57.28551248599996, -19.367924622999965], [-57.29217492399994, -19.359358622999935], [-57.29503054899993, -19.35222005999998], [-57.29651054899995, -19.34440455999993], [-57.29444948599996, -19.34134855999997], [-57.29407842399996, -19.34079849799997], [-57.292751048999946, -19.340002122999977], [-57.286940423999965, -19.336515559999953], [-57.27551873599998, -19.329377059999956], [-57.267285235999964, -19.323234497999977], [-57.26694679899998, -19.32298205999996], [-57.26124173599993, -19.315100559999962], [-57.26170892399995, -19.311596934999955], [-57.26219373599997, -19.30796199799994], [-57.261717673999954, -19.303679122999938], [-57.259338173999936, -19.294637059999957], [-57.25889217399998, -19.284383059999982], [-57.258862173999944, -19.28369149799994], [-57.25791042399993, -19.27845668499998], [-57.25219967399994, -19.26941468499996], [-57.24458529899994, -19.263703934999967], [-57.244467673999964, -19.263621497999964], [-57.235242048999964, -19.257159934999947], [-57.23336736099998, -19.254708559999926], [-57.23118967399995, -19.251860747999956], [-57.230784298999936, -19.25133074799993], [-57.230757798999946, -19.25098524799995], [-57.23040842399996, -19.246444122999947], [-57.230308485999956, -19.24514418499996], [-57.231226797999966, -19.24307780199996], [-57.231246296999984, -19.242997616999958], [-57.23128935699998, -19.24293692799995], [-57.231799860999956, -19.241788377999967], [-57.226025360999984, -19.240385252999943], [-57.226025360999984, -19.241027309999936], [-57.22602538799998, -19.244679961999964], [-57.22602540499997, -19.24692820799993], [-57.22602542399994, -19.24942724799996], [-57.22840492399996, -19.253710247999948], [-57.23268792399995, -19.257517372999928], [-57.24030229899995, -19.263703934999967], [-57.245537110999976, -19.268938809999952], [-57.24982023599995, -19.27655305999997], [-57.25553117399994, -19.28369149799994], [-57.25505511099993, -19.29273355999993], [-57.25555742399996, -19.297756809999953], [-57.25648267399998, -19.307010184999967], [-57.25712267399996, -19.311489309999956], [-57.257325882999965, -19.312911446999976], [-57.25791067399996, -19.31700405999993], [-57.265524735999975, -19.32604612299997], [-57.275042860999974, -19.331756559999974], [-57.27694642399996, -19.33318405999995], [-57.28836786099998, -19.340322622999963], [-57.29312698599995, -19.347461059999944], [-57.292650985999956, -19.353171559999964], [-57.28551248599996, -19.36316562299993], [-57.27980198599994, -19.370304247999968], [-57.276946548999945, -19.37553868499998]], [[-57.28170542399994, -19.384104872999956], [-57.282830485999966, -19.39017255999994], [-57.27962973599995, -19.38525730999993], [-57.27861267399999, -19.383695372999966], [-57.278522048999946, -19.379706747999933], [-57.27851567399995, -19.379424059999963], [-57.27851229899994, -19.379276809999965], [-57.280277798999975, -19.376490684999965], [-57.28170542399994, -19.379345997999962], [-57.28170542399994, -19.38007612299998], [-57.28170542399994, -19.384104872999956]], [[-57.388257548999945, -19.42938130999994], [-57.388257548999945, -19.429381372999956], [-57.38777829899993, -19.42895393499998], [-57.38996192399998, -19.432697247999954], [-57.39020961099993, -19.433121684999946], [-57.39258904899998, -19.438356497999962], [-57.38687829899993, -19.43883237299997], [-57.37831223599994, -19.438356497999962], [-57.36689073599996, -19.433597559999953], [-57.358324610999944, -19.42979049799993], [-57.35118617399996, -19.42503155999998], [-57.35182679899998, -19.41992480999994], [-57.35561973599994, -19.420683434999944], [-57.358324548999974, -19.421224309999957], [-57.36689067399993, -19.421224309999957], [-57.36974604899996, -19.419796684999937], [-57.37751117399995, -19.419796684999937], [-57.37831217399997, -19.419796622999968], [-57.38307117399995, -19.421700184999963], [-57.38687823599997, -19.42741087299993], [-57.38777829899993, -19.428953872999955], [-57.388257548999945, -19.42938130999994]]]}}, {"type": "Feature", "properties": {"OBJECTID": 1284, "TIPO": "RIO", "NOME": "RIO PARAGUAI", "MI_CARTA": "SE21", "Shape_Leng": 0.000311074857622, "Shape_Area": 1.13469564373e-09}, "geometry": {"type": "Polygon", "coordinates": [[[-57.231226797999966, -19.24307780199996], [-57.23128935699998, -19.24293692799995], [-57.231246296999984, -19.242997616999958], [-57.231226797999966, -19.24307780199996]]]}}, {"type": "Feature", "properties": {"OBJECTID": 1285, "TIPO": "LAGO OU LAGOA OU REP", "NOME": null, "MI_CARTA": null, "Shape_Leng": 0.0460837621491, "Shape_Area": 7.44454365117e-05}, "geometry": {"type": "Polygon", "coordinates": [[[-55.52883819999994, -19.24290525799995], [-55.525185369999974, -19.243562518999966], [-55.52539768999998, -19.246110087999966], [-55.52560994899994, -19.24908228199996], [-55.52560996099999, -19.25354048099996], [-55.524973029999956, -19.257361929999945], [-55.52348703399997, -19.261820257999943], [-55.52560998599995, -19.26288163099997], [-55.527520669999944, -19.257574174999945], [-55.529431357999954, -19.25396509799998], [-55.530917418999934, -19.250143771999944], [-55.53049290699994, -19.246747013999936], [-55.52883819999994, -19.24290525799995]]]}}, {"type": "Feature", "properties": {"OBJECTID": 1315, "TIPO": "LAGO OU LAGOA OU REP", "NOME": "LAGOA DO JACADIGO", "MI_CARTA": "SE21", "Shape_Leng": 0.66243334795, "Shape_Area": 0.00609628245906}, "geometry": {"type": "Polygon", "coordinates": [[[-57.858686423999984, -19.263251372999946], [-57.85941036199995, -19.259993434999956], [-57.858455111999945, -19.25688887299998], [-57.857238423999945, -19.252391559999978], [-57.85398036199996, -19.25058162299996], [-57.852894548999984, -19.248047809999946], [-57.849264423999955, -19.247593434999942], [-57.84744936199996, -19.247366184999976], [-57.84490736199996, -19.246114684999952], [-57.84055761199994, -19.243973122999932], [-57.83577423699995, -19.24161799799998], [-57.83491386199995, -19.24119430999997], [-57.833563486999935, -19.23994318499996], [-57.83323448699997, -19.239613559999952], [-57.82637436199997, -19.23273980999994], [-57.82362642399994, -19.229506809999975], [-57.821763361999956, -19.224156622999942], [-57.82248729899993, -19.20786712299997], [-57.82833286199997, -19.195349247999957], [-57.828313486999946, -19.191273184999943], [-57.826331048999975, -19.189399309999942], [-57.822125236999966, -19.185423809999975], [-57.81379948699998, -19.18397587299995], [-57.806921673999966, -19.182889934999935], [-57.80076786199999, -19.184337997999933], [-57.788449173999936, -19.189362872999936], [-57.78451392399995, -19.190192184999944], [-57.772934361999944, -19.195577622999963], [-57.760586986999954, -19.199179559999948], [-57.754521361999934, -19.199465372999953], [-57.752363611999954, -19.199567059999936], [-57.74227186199994, -19.203164184999935], [-57.73668404899996, -19.209584809999967], [-57.73447761199998, -19.219195372999934], [-57.73502536199999, -19.221235434999983], [-57.73557429899995, -19.22327562299995], [-57.740858611999954, -19.223082622999982], [-57.76131104899997, -19.219088934999945], [-57.78013454899997, -19.220174872999962], [-57.78492936199996, -19.221264684999937], [-57.78646073699997, -19.221612684999968], [-57.79061029899998, -19.22255580999996], [-57.79606198699997, -19.223794747999932], [-57.80128036199994, -19.22444705999993], [-57.80764579899994, -19.22524262299993], [-57.81705748699994, -19.224880622999933], [-57.820315361999974, -19.22850049799996], [-57.81741948699994, -19.23356837299997], [-57.81494354899996, -19.233559872999933], [-57.80982779899995, -19.233542434999947], [-57.80149186199998, -19.230310497999938], [-57.793166173999964, -19.232844434999947], [-57.791356236999945, -19.23501637299995], [-57.80149186199998, -19.235740309999983], [-57.802236361999974, -19.24087362299997], [-57.79316623699998, -19.24370412299993], [-57.792804236999984, -19.247323997999956], [-57.79751011199994, -19.25058180999997], [-57.796424111999954, -19.254201747999957], [-57.80113004899994, -19.25492574799995], [-57.806547173999945, -19.254433184999982], [-57.80909379899998, -19.25420168499994], [-57.81165142399993, -19.255618872999946], [-57.82303586199998, -19.263293122999983], [-57.82755529899998, -19.26542330999996], [-57.83153711199998, -19.271215122999934], [-57.823935361999986, -19.275197059999982], [-57.82176354899997, -19.27193918499995], [-57.81906217399995, -19.269174747999955], [-57.81597167399997, -19.27374912299996], [-57.81416173699995, -19.27193918499995], [-57.81387179899997, -19.26951149799993], [-57.81080011199998, -19.27159580999995], [-57.80655992399994, -19.27447312299995], [-57.80294004899997, -19.27483505999993], [-57.79934354899996, -19.276129872999945], [-57.793890173999955, -19.278093059999946], [-57.79171836199998, -19.28062693499993], [-57.787736423999945, -19.27954099799996], [-57.78447854899997, -19.281350934999978], [-57.78772067399996, -19.285772059999942], [-57.78772104899997, -19.28577249799997], [-57.79425223699997, -19.293658497999957], [-57.798958236999965, -19.297278372999926], [-57.79533829899998, -19.30234630999996], [-57.80402598699993, -19.29836437299997], [-57.80764604899997, -19.29945030999994], [-57.80873198699999, -19.306328122999957], [-57.811265798999955, -19.303070184999967], [-57.81478998699998, -19.301182309999945], [-57.82140154899997, -19.297640309999963], [-57.83081329899994, -19.297278309999967], [-57.833821986999965, -19.29828118499995], [-57.83841511199995, -19.299812247999967], [-57.84275898699997, -19.30632805999994], [-57.84376092399998, -19.305557309999926], [-57.847464798999965, -19.302708122999945], [-57.85276504899997, -19.30232949799995], [-57.85760054899998, -19.301984122999954], [-57.86049648699998, -19.30560399799998], [-57.861944423999944, -19.31030980999998], [-57.86344642399996, -19.31234193499995], [-57.865548298999954, -19.315185622999934], [-57.868098361999955, -19.31863555999996], [-57.86918417399994, -19.31718762299994], [-57.86837467399994, -19.315568622999933], [-57.86672967399994, -19.31227855999998], [-57.865202361999934, -19.30922387299995], [-57.86503398699995, -19.30619305999994], [-57.86484036199994, -19.30270805999993], [-57.865271236999945, -19.30069724799995], [-57.865926298999966, -19.297640247999936], [-57.86389179899999, -19.296323809999933], [-57.85977248699999, -19.29365837299997], [-57.85948686199998, -19.292230434999965], [-57.85868648699994, -19.288228559999936], [-57.85733223699998, -19.286382059999937], [-57.85470454899996, -19.282798747999948], [-57.85055148699996, -19.279082872999936], [-57.84782686199998, -19.27664493499998], [-57.85542848699998, -19.267595184999948], [-57.85613217399998, -19.266834184999936], [-57.858686423999984, -19.263251372999946]]]}}, {"type": "Feature", "properties": {"OBJECTID": 1345, "TIPO": "LAGO OU LAGOA OU REP", "NOME": null, "MI_CARTA": "SE21", "Shape_Leng": 0.0373879724703, "Shape_Area": 6.66765051844e-05}, "geometry": {"type": "Polygon", "coordinates": [[[-56.066592947999936, -19.126737723999952], [-56.06891239399994, -19.12509377699996], [-56.07162340799994, -19.124904269999945], [-56.07331241999998, -19.12594226799996], [-56.07613793699994, -19.126448762999928], [-56.077601942999934, -19.125918257999956], [-56.07824394399995, -19.124779752999927], [-56.07639893199996, -19.12407525599997], [-56.07182539699994, -19.120451757999945], [-56.06961688299998, -19.119366259999936], [-56.065310858999965, -19.11932227099993], [-56.06531068399994, -19.119322607999948], [-56.06348142099995, -19.12285428399997], [-56.06485037599998, -19.12637228999995], [-56.066592947999936, -19.126737723999952]]]}}, {"type": "Feature", "properties": {"OBJECTID": 1359, "TIPO": "LAGO OU LAGOA OU REP", "NOME": "LAGOA NEGRA", "MI_CARTA": "SE21", "Shape_Leng": 0.121213798836, "Shape_Area": 0.000847028135887}, "geometry": {"type": "Polygon", "coordinates": [[[-57.52809236199994, -19.052423320999935], [-57.52364504899998, -19.055753445999983], [-57.52364323699999, -19.055754820999937], [-57.52093517399999, -19.057819820999953], [-57.518363111999975, -19.059859695999933], [-57.515876548999984, -19.064571257999944], [-57.51456779899996, -19.068104820999963], [-57.51469861199996, -19.071900195999945], [-57.51640004899997, -19.07268544599998], [-57.518363173999944, -19.07347069599996], [-57.51980267399995, -19.07451763299997], [-57.521356486999935, -19.076817007999978], [-57.523205486999984, -19.08014525799996], [-57.52228942399995, -19.081584882999948], [-57.52071892399994, -19.08328619599996], [-57.51980267399995, -19.08603457099997], [-57.520017173999975, -19.086061007999945], [-57.524076923999985, -19.088294507999933], [-57.527000923999935, -19.089960820999977], [-57.528749361999985, -19.08982888299994], [-57.53148292399993, -19.08962257099995], [-57.53393736199996, -19.089437320999934], [-57.53680723699995, -19.087772382999958], [-57.541944798999964, -19.084791632999952], [-57.543837236999934, -19.083955195999977], [-57.54623948699998, -19.082893507999927], [-57.54715492399998, -19.082016195999927], [-57.549380361999965, -19.07988344599994], [-57.54962454899999, -19.077564007999968], [-57.54990386199995, -19.074910195999962], [-57.549600048999935, -19.07433763299997], [-57.54827779899995, -19.071846195999967], [-57.545926736999945, -19.067416195999954], [-57.54414548699998, -19.064702070999942], [-57.541397048999954, -19.06234632099995], [-57.54035011199994, -19.05933613299993], [-57.53904136199998, -19.060644945999968], [-57.536152923999964, -19.05981450799993], [-57.533675423999966, -19.056195257999946], [-57.530534486999954, -19.055540882999935], [-57.529749298999945, -19.053839507999953], [-57.530403673999956, -19.05161463299993], [-57.529880111999944, -19.050960257999975], [-57.52809236199994, -19.052423320999935]]]}}, {"type": "Feature", "properties": {"OBJECTID": 1410, "TIPO": "LAGO OU LAGOA OU REP", "NOME": null, "MI_CARTA": "SE21", "Shape_Leng": 0.0310067131445, "Shape_Area": 5.04270252608e-05}, "geometry": {"type": "Polygon", "coordinates": [[[-57.381184735999966, -19.04534988299997], [-57.38190142399998, -19.045343445999947], [-57.38194573599998, -19.044402757999933], [-57.382750735999934, -19.042247257999975], [-57.38225667399996, -19.038094257999944], [-57.38009736099997, -19.034588757999927], [-57.37998617399995, -19.034408257999928], [-57.376588735999974, -19.033957382999972], [-57.37530936099995, -19.035637820999966], [-57.37529723599994, -19.035653757999967], [-57.37697436099995, -19.03840119599994], [-57.377244048999955, -19.03884294599993], [-57.37838379899995, -19.04108013299998], [-57.37876373599994, -19.045371632999945], [-57.381184735999966, -19.04534988299997]]]}}, {"type": "Feature", "properties": {"OBJECTID": 1689, "TIPO": "LAGO OU LAGOA OU REP", "NOME": null, "MI_CARTA": null, "Shape_Leng": 0.129445315322, "Shape_Area": 0.000965727210324}, "geometry": {"type": "Polygon", "coordinates": [[[-57.578885198999956, -18.717727122999975], [-57.58042276799995, -18.71750286899993], [-57.581481707999956, -18.716232237999975], [-57.582735335999985, -18.71472773199997], [-57.58412284499997, -18.71565272999993], [-57.58412285299994, -18.718427861999942], [-57.582735351999986, -18.720740495999962], [-57.58255341599994, -18.72183268699996], [-57.582272918999934, -18.723515690999932], [-57.58412286699996, -18.723978125999963], [-57.585510442999976, -18.726290689999928], [-57.58712939099996, -18.727100125999982], [-57.58828571099997, -18.72767824899995], [-57.59152329199998, -18.728140804999953], [-57.59307267599996, -18.72865723999996], [-57.59484343699995, -18.729247486999952], [-57.59684951099996, -18.729528357999982], [-57.60031115399994, -18.729528349999953], [-57.60231184999998, -18.729083781999975], [-57.60447379799996, -18.72860333799997], [-57.60628180699996, -18.728603332999967], [-57.609099071999935, -18.728603326999973], [-57.61029551599995, -18.72877419899993], [-57.61233671499997, -18.729065756999944], [-57.61258571199994, -18.727571440999952], [-57.612799146999976, -18.726290624999933], [-57.613800648999984, -18.724888618999955], [-57.615111775999935, -18.72305298599997], [-57.61511176799996, -18.72009835399996], [-57.61489225799994, -18.71691484699994], [-57.614649250999946, -18.714727654999933], [-57.613684553999974, -18.713039589999937], [-57.61279910799993, -18.711490150999964], [-57.61035634099994, -18.709657964999963], [-57.609099018999984, -18.708714903999976], [-57.60724899999997, -18.70501477399995], [-57.606373178999945, -18.70361364799993], [-57.604936289999955, -18.701314645999958], [-57.602457647999984, -18.699544146999926], [-57.60169870499993, -18.699002022999935], [-57.59892356399996, -18.69853959099993], [-57.59707348899997, -18.697152028999938], [-57.59418603499995, -18.696929910999927], [-57.59106076899997, -18.696689479999975], [-57.58782299799998, -18.695301921999942], [-57.58227284399993, -18.695301935999964], [-57.57857264399996, -18.697614512999962], [-57.57778408199994, -18.699388830999965], [-57.576722582999935, -18.701777151999977], [-57.57783890999997, -18.705405282999948], [-57.57857267099996, -18.70779003699994], [-57.57897874199995, -18.710226666999972], [-57.579497627999956, -18.71334017299995], [-57.57790724899996, -18.71519580699993], [-57.57824169099996, -18.716333058999965], [-57.578885198999956, -18.717727122999975]]]}}, {"type": "Feature", "properties": {"OBJECTID": 1869, "TIPO": "LAGO OU LAGOA OU REP", "NOME": null, "MI_CARTA": null, "Shape_Leng": 0.0281078806157, "Shape_Area": 4.60377997674e-05}, "geometry": {"type": "Polygon", "coordinates": [[[-57.402797300999964, -18.46330692099997], [-57.40309754799995, -18.46155379099997], [-57.40275203899995, -18.458721159999982], [-57.401742593999984, -18.457855596999934], [-57.399629835999974, -18.45901241799993], [-57.39762095799995, -18.461899741999957], [-57.39774202499996, -18.463498182999956], [-57.39793003199998, -18.465980688999935], [-57.39803578699997, -18.46737600499995], [-57.39887016999995, -18.46910375699997], [-57.39914979799994, -18.46968288299996], [-57.400559929999986, -18.469585003999953], [-57.40155224299997, -18.467737684999975], [-57.40226599399995, -18.466408929999943], [-57.402797300999964, -18.46330692099997]]]}}, {"type": "Feature", "properties": {"OBJECTID": 1893, "TIPO": "LAGO OU LAGOA OU REP", "NOME": null, "MI_CARTA": null, "Shape_Leng": 0.0697705396799, "Shape_Area": 0.000140963556037}, "geometry": {"type": "Polygon", "coordinates": [[[-57.40818050699994, -18.435852402999956], [-57.40682467199997, -18.42973195299993], [-57.40504878399997, -18.428122452999958], [-57.40359890199994, -18.42843283299993], [-57.403038152999954, -18.429970587999946], [-57.40465823399995, -18.43373596799995], [-57.404418358999976, -18.43442784499996], [-57.40256190799994, -18.432972158999974], [-57.399660703999984, -18.43244060199993], [-57.39885782899995, -18.43382510699996], [-57.402718799999946, -18.439135798999928], [-57.40354543199999, -18.440272799999946], [-57.403386996999984, -18.44135317799993], [-57.40301187099993, -18.441657241999962], [-57.40234161899997, -18.442200494999952], [-57.401789177999945, -18.44220162099998], [-57.40121948799998, -18.44220287199994], [-57.400487545999965, -18.44220443699993], [-57.39637351899995, -18.439750189999927], [-57.39484520099995, -18.440982633999965], [-57.394850206999934, -18.44329176499997], [-57.39646753499994, -18.445751204999965], [-57.39951024099997, -18.44679894999996], [-57.40090243699996, -18.447278385999937], [-57.40271600899996, -18.447504568999932], [-57.40464276999995, -18.447745002999966], [-57.406871088999935, -18.44581011799994], [-57.40820102999999, -18.444655361999935], [-57.408194960999936, -18.442021479999937], [-57.40818050699994, -18.435852402999956]]]}}, {"type": "Feature", "properties": {"OBJECTID": 1938, "TIPO": "LAGO OU LAGOA OU REP", "NOME": null, "MI_CARTA": null, "Shape_Leng": 0.0548990940199, "Shape_Area": 0.000148480657933}, "geometry": {"type": "Polygon", "coordinates": [[[-57.38116251699995, -18.373333248999927], [-57.38040395099995, -18.373402187999943], [-57.37955069499998, -18.372868938999943], [-57.37955069199995, -18.37180237399997], [-57.380510568999966, -18.37073580599997], [-57.38141532199995, -18.369791676999967], [-57.38186162399995, -18.36517497699998], [-57.38034354399997, -18.361278032999962], [-57.37543957899993, -18.360628042999963], [-57.37335676199996, -18.36305436599997], [-57.37358896599994, -18.369029317999946], [-57.37374060199994, -18.372932202999948], [-57.37387204899994, -18.376315085999977], [-57.37398749499994, -18.379285592999963], [-57.37503669499995, -18.38184578399995], [-57.377838707999956, -18.381394400999966], [-57.380404719999945, -18.38098108199995], [-57.38144459599994, -18.378986073999954], [-57.38130127499994, -18.376113567999937], [-57.38116251699995, -18.373333248999927]]]}}, {"type": "Feature", "properties": {"OBJECTID": 1974, "TIPO": "LAGO OU LAGOA OU REP", "NOME": "BAIA VERMELHA", "MI_CARTA": "SE21", "Shape_Leng": 0.491910008831, "Shape_Area": 0.00725419071915}, "geometry": {"type": "Polygon", "coordinates": [[[-57.58213192399995, -18.352813496999943], [-57.583436173999985, -18.351268871999935], [-57.58435511199997, -18.35008743399993], [-57.58507998699997, -18.34815399699994], [-57.58572667399994, -18.346138933999953], [-57.58494248699998, -18.34391699699995], [-57.583728923999956, -18.340687558999946], [-57.581980861999966, -18.33631737199994], [-57.58067054899993, -18.333303808999972], [-57.57960673699995, -18.33085687199997], [-57.578903673999946, -18.330241746999945], [-57.578016236999986, -18.329465183999957], [-57.57674273699996, -18.328350933999957], [-57.57632879899995, -18.326626058999977], [-57.57488636199997, -18.32529455899993], [-57.573015236999936, -18.323567371999957], [-57.572093423999945, -18.32341374699996], [-57.57076442399995, -18.32319224699995], [-57.568895673999975, -18.32288080899997], [-57.56689767399996, -18.322547871999973], [-57.564188298999966, -18.322547871999973], [-57.56205467399997, -18.322547871999973], [-57.561110173999964, -18.322986371999946], [-57.55491767399997, -18.325861433999933], [-57.55013279899998, -18.327166433999935], [-57.546506111999975, -18.328155496999955], [-57.54435642399994, -18.328155496999955], [-57.539490798999964, -18.328375121999954], [-57.53802967399997, -18.328653308999947], [-57.53529073699997, -18.329175058999965], [-57.53418823699997, -18.331931621999956], [-57.53344979899998, -18.33285455899994], [-57.53178011199998, -18.33494180899993], [-57.52915129899998, -18.33822780899993], [-57.52677173699993, -18.34346255899993], [-57.52058529899995, -18.348697496999932], [-57.51154317399994, -18.352028683999947], [-57.50936348699997, -18.354426433999947], [-57.50678423699998, -18.357263621999948], [-57.50321879899997, -18.360115933999964], [-57.50321398699998, -18.360119871999927], [-57.49605917399998, -18.365952308999965], [-57.49155579899997, -18.36963680899993], [-57.492031673999975, -18.372016308999946], [-57.49012798699994, -18.37677518399994], [-57.48394136199994, -18.377727058999938], [-57.47626398699998, -18.380959683999947], [-57.47109229899996, -18.382961871999953], [-57.46728504899994, -18.37725118399993], [-57.46467561199995, -18.381426371999964], [-57.46252617399995, -18.384865496999964], [-57.46062742399994, -18.385023746999934], [-57.459475673999975, -18.38511968399996], [-57.45681548699997, -18.38534137199997], [-57.45199186199994, -18.38711849699996], [-57.44777348699995, -18.388672621999945], [-57.444918048999966, -18.39247980899995], [-57.44682179899996, -18.396286996999947], [-57.44586973699995, -18.403901308999934], [-57.44872523699996, -18.40580480899996], [-57.456339611999965, -18.407708371999945], [-57.464429861999974, -18.406280746999983], [-57.47156817399997, -18.40770830899993], [-57.472995923999974, -18.413419121999937], [-57.471249298999965, -18.41638843399994], [-57.468236986999955, -18.42150930899993], [-57.46347811199996, -18.420081558999982], [-57.46017404899993, -18.42047030899994], [-57.458175111999935, -18.420705433999956], [-57.45538786199995, -18.421033371999954], [-57.451387548999946, -18.420837183999936], [-57.44896279899996, -18.420718308999938], [-57.44301461099997, -18.422936996999965], [-57.44198161099996, -18.425519621999968], [-57.44111104899997, -18.427695996999944], [-57.439207548999946, -18.432454934999953], [-57.445940861999986, -18.433643121999978], [-57.44729761199994, -18.433882559999972], [-57.45103298699996, -18.435957746999975], [-57.455863798999985, -18.438641496999935], [-57.45709661199999, -18.440754871999957], [-57.45769167399993, -18.44177505999994], [-57.45919498699993, -18.444352246999927], [-57.45491211199993, -18.451014621999946], [-57.461575111999935, -18.44823843499995], [-57.466333486999986, -18.446255746999952], [-57.47393642399999, -18.441284621999955], [-57.47870673699998, -18.43816555999996], [-57.485769861999984, -18.434218621999946], [-57.48954336199995, -18.432109871999955], [-57.49488704899994, -18.429123559999937], [-57.49713998699997, -18.426605621999954], [-57.50056036199999, -18.422782808999955], [-57.50164579899996, -18.421569683999962], [-57.50297736199997, -18.42008143399994], [-57.50452186199993, -18.419695308999962], [-57.50696223699998, -18.41908524699994], [-57.50951192399998, -18.41844780899993], [-57.512495111999954, -18.417701996999938], [-57.513031861999934, -18.41725474699996], [-57.521660173999976, -18.410064621999936], [-57.523373548999984, -18.408636746999946], [-57.52488904899997, -18.408241308999948], [-57.525964923999936, -18.408241308999948], [-57.52801379899995, -18.408241308999948], [-57.530320048999954, -18.407562996999957], [-57.532100111999966, -18.40703949699997], [-57.53298429899996, -18.40601924699996], [-57.534045048999985, -18.40479524699998], [-57.53555198699996, -18.402714121999963], [-57.536835173999975, -18.39989124699997], [-57.537628548999976, -18.398145933999956], [-57.539318298999945, -18.394259371999965], [-57.54021242399995, -18.391896496999948], [-57.54112223699997, -18.388256996999928], [-57.54148592399997, -18.38678830899994], [-57.542334736999976, -18.385810246999938], [-57.542335486999946, -18.385809433999952], [-57.542978923999954, -18.38510168399995], [-57.54563148699998, -18.383775433999972], [-57.546428798999955, -18.382902058999946], [-57.54841648699994, -18.380725121999944], [-57.55042648699998, -18.377428746999954], [-57.55147998699994, -18.374678121999978], [-57.55226248699995, -18.37263524699995], [-57.553040986999974, -18.371337746999927], [-57.55305823699996, -18.37130887199993], [-57.55308754899994, -18.371274871999958], [-57.555577986999936, -18.36839118399996], [-57.557567423999956, -18.36613668399997], [-57.557567423999956, -18.364147308999975], [-57.55868223699997, -18.36327130899997], [-57.559423986999946, -18.362688496999965], [-57.56110742399994, -18.362429496999937], [-57.56344873699999, -18.36206937199995], [-57.566697861999955, -18.362018121999938], [-57.56992486199994, -18.36196718399998], [-57.57090523699998, -18.361634183999968], [-57.57309923699995, -18.360888933999945], [-57.57590692399998, -18.359935183999937], [-57.57816848699997, -18.359166933999973], [-57.57911342399996, -18.357637371999942], [-57.58035398699997, -18.355629558999965], [-57.581989298999986, -18.35298255899994], [-57.58213192399995, -18.352813496999943]]]}}, {"type": "Feature", "properties": {"OBJECTID": 1992, "TIPO": "LAGO OU LAGOA OU REP", "NOME": null, "MI_CARTA": null, "Shape_Leng": 0.0563510769869, "Shape_Area": 0.000220467837535}, "geometry": {"type": "Polygon", "coordinates": [[[-57.37462686099997, -18.26737812199997], [-57.37462729899994, -18.26737762199997], [-57.376589673999945, -18.265415308999934], [-57.378586423999934, -18.263418558999945], [-57.378078485999936, -18.259354808999944], [-57.374522673999934, -18.257830871999943], [-57.372408048999944, -18.258448246999933], [-57.36893486099996, -18.256137621999983], [-57.36419373599995, -18.256814933999976], [-57.363199548999944, -18.25795074699994], [-57.358944673999986, -18.26070937199995], [-57.358980610999936, -18.26130268399993], [-57.35915654899998, -18.26420312199997], [-57.35922148599997, -18.265276246999974], [-57.35928336099994, -18.26629718399994], [-57.36073648599995, -18.268285808999963], [-57.36250061099997, -18.27069962199994], [-57.36758029899994, -18.27188480899997], [-57.37153648599997, -18.27092718399996], [-57.37462686099997, -18.26737812199997]]]}}, {"type": "Feature", "properties": {"OBJECTID": 2007, "TIPO": "LAGO OU LAGOA OU REP", "NOME": null, "MI_CARTA": null, "Shape_Leng": 0.0293878272062, "Shape_Area": 6.19287522711e-05}, "geometry": {"type": "Polygon", "coordinates": [[[-57.41075825299998, -18.235479896999948], [-57.409318492999944, -18.234412584999973], [-57.405847851999965, -18.23531053299996], [-57.404493162999984, -18.237342415999933], [-57.40394191699994, -18.24019067499995], [-57.40347729599995, -18.24259155699997], [-57.40652500599998, -18.244962117999933], [-57.408394450999936, -18.244239049999976], [-57.41023914599998, -18.243525605999935], [-57.410880394999936, -18.24156778699995], [-57.41126614399997, -18.24039034599997], [-57.41141057899995, -18.239307217999965], [-57.41160476399995, -18.237850463999962], [-57.41106869499998, -18.23634939899995], [-57.41075825299998, -18.235479896999948]]]}}, {"type": "Feature", "properties": {"OBJECTID": 2015, "TIPO": "LAGO OU LAGOA OU REP", "NOME": null, "MI_CARTA": null, "Shape_Leng": 6.4260161881, "Shape_Area": 0.0153080923011}, "geometry": {"type": "Polygon", "coordinates": [[[-54.85168776099994, -18.419951757999968], [-54.851357132999965, -18.419583381999928], [-54.85135163299998, -18.419582194999975], [-54.84944762199996, -18.419177884999954], [-54.84440665699998, -18.41950458499997], [-54.84126570799998, -18.422040911999943], [-54.838300697999955, -18.424434737999945], [-54.838299947999985, -18.424435425999945], [-54.83495862099994, -18.42593693799995], [-54.83491668299996, -18.425955749999957], [-54.834455315999946, -18.426163089999932], [-54.83348811399998, -18.426597754999932], [-54.83070147999996, -18.429076580999947], [-54.830633354999975, -18.42913714399998], [-54.82778340799996, -18.431672282999955], [-54.82716466199997, -18.434887104999973], [-54.82649172999999, -18.43838255399993], [-54.822665092999955, -18.442331261999982], [-54.81344128899997, -18.44127102999994], [-54.81340866399995, -18.441267279999977], [-54.80999602199995, -18.441921914999966], [-54.80916657999995, -18.442081478999967], [-54.80506593599995, -18.443623367999976], [-54.80185573699998, -18.446112444999983], [-54.800181918999954, -18.447410264999974], [-54.799567354999965, -18.448494018999952], [-54.79915141799995, -18.449227459999975], [-54.79885492699998, -18.453830472999982], [-54.79852668799998, -18.458925987999976], [-54.79702575099998, -18.462128750999966], [-54.792767356999946, -18.46429114199998], [-54.79276510699998, -18.464291453999977], [-54.78721289099997, -18.46518915699994], [-54.78123173999995, -18.468005052999956], [-54.773602524999944, -18.47375658699997], [-54.769577821999974, -18.476790729999948], [-54.76835975499995, -18.477708922999966], [-54.75678815499998, -18.488099665999982], [-54.75493671399994, -18.491058490999933], [-54.75464759699997, -18.494699813999944], [-54.75463578499995, -18.494848564999927], [-54.75559304999996, -18.49889751099994], [-54.75815320199996, -18.503638330999934], [-54.75842440499997, -18.509413971999948], [-54.75843071799994, -18.509548971999948], [-54.756050466999966, -18.51442542899997], [-54.749797264999984, -18.522615902999974], [-54.745921127999964, -18.52612848499996], [-54.74456208799995, -18.528378875999977], [-54.74442643799995, -18.52860349499997], [-54.74431262599995, -18.52879193299998], [-54.74974027799993, -18.52755597999993], [-54.75383604299998, -18.524623961999964], [-54.75632923399996, -18.520548444999974], [-54.75692746799996, -18.51957048299994], [-54.76233874299999, -18.510724403999973], [-54.76372954999994, -18.505745761999947], [-54.763703487999976, -18.505686011999956], [-54.761363710999944, -18.500338876999933], [-54.760686446999955, -18.49626161699996], [-54.76069863399994, -18.49612167899994], [-54.76112118699996, -18.49126660199994], [-54.76123462199996, -18.489963347999947], [-54.76557075699998, -18.484649197999943], [-54.77321753599995, -18.479271352999945], [-54.778069991999985, -18.475858457999948], [-54.77922780999995, -18.475258640999982], [-54.78491602099996, -18.47231193199997], [-54.78922960199998, -18.470077102999937], [-54.78970022799996, -18.469323849999967], [-54.79437087699995, -18.46865983799995], [-54.79439793999995, -18.468655962999946], [-54.79881639599995, -18.46610550799994], [-54.79881758299996, -18.466104882999957], [-54.801733215999946, -18.46267567899997], [-54.802744523999934, -18.45875972799996], [-54.80348114599997, -18.45590778099995], [-54.803197265999984, -18.454463714999974], [-54.803837886999986, -18.45158214299994], [-54.80383826199994, -18.451580517999957], [-54.80538688799999, -18.448712068999953], [-54.80707164299997, -18.44699830999997], [-54.80707245599996, -18.446997434999957], [-54.81465593199994, -18.445350662999942], [-54.82516961199997, -18.444026572999974], [-54.82606355299998, -18.443538256999943], [-54.82689468099994, -18.443084315999954], [-54.828226996999945, -18.44127493299993], [-54.82822787199996, -18.44127255799998], [-54.829586243999984, -18.437252856999976], [-54.82958655699997, -18.437251918999948], [-54.83308043699998, -18.431714270999976], [-54.83728951499995, -18.42869656499994], [-54.84502248199993, -18.423151906999976], [-54.84632598899998, -18.422883214999956], [-54.847245430999976, -18.42269452499994], [-54.848692003999986, -18.423721961999945], [-54.84836275699996, -18.425926093999976], [-54.844305178999946, -18.428629298999965], [-54.83800252999998, -18.432829074999972], [-54.83697015399997, -18.434834894999938], [-54.83825972799997, -18.43648458399997], [-54.840164552999966, -18.43727408199993], [-54.84755083899995, -18.435429434999946], [-54.85313267299995, -18.431459410999935], [-54.85829425899993, -18.42949883199998], [-54.858298883999964, -18.429499393999947], [-54.86000458199993, -18.429707827999948], [-54.86185209499996, -18.431024889999946], [-54.86185234499993, -18.431026264999957], [-54.86203772499994, -18.432372955999938], [-54.85878296799996, -18.436796412999968], [-54.858247466999956, -18.437524228999962], [-54.858277029999954, -18.437685416999955], [-54.85853059699997, -18.439063044999955], [-54.86082761399996, -18.440724044999968], [-54.863945257999944, -18.441237788999956], [-54.86506576299996, -18.44082153499994], [-54.87024509899993, -18.438896829999976], [-54.87455373299997, -18.43287961599998], [-54.87455467099994, -18.432878365999954], [-54.87788368799994, -18.432626669999934], [-54.878449511999975, -18.435952990999965], [-54.87751838699995, -18.43796512299997], [-54.87751819999994, -18.43796668599998], [-54.87669177199996, -18.443729390999977], [-54.87848009999993, -18.445917580999946], [-54.87888203999995, -18.445872641999927], [-54.87969273199997, -18.44578207799998], [-54.88073255399996, -18.44738357999995], [-54.886013522999974, -18.44844975799998], [-54.89085254999998, -18.448503621999976], [-54.89570338699997, -18.447545420999973], [-54.89570476199998, -18.447545170999945], [-54.90057865699998, -18.444709151999973], [-54.904858795999985, -18.44085863099997], [-54.90912918799995, -18.438019550999968], [-54.91124776199996, -18.437898357999927], [-54.91454072299996, -18.43992010599993], [-54.916443423999965, -18.44108829299995], [-54.917704682999954, -18.44186272999997], [-54.920973953999976, -18.443190975999983], [-54.92282334099997, -18.44394234899994], [-54.926971987999934, -18.443544962999965], [-54.92963787799994, -18.443289643999947], [-54.93779885099997, -18.439683676999948], [-54.93875338599997, -18.43889735199997], [-54.945342564999976, -18.43346932999998], [-54.952887274999966, -18.425763915999937], [-54.956368091999934, -18.420150142999944], [-54.95815346499995, -18.41521993799995], [-54.960674852999944, -18.414957680999976], [-54.96516157499997, -18.418847993999975], [-54.96516363799998, -18.418849180999928], [-54.96916691499996, -18.42100549099996], [-54.96916853999994, -18.421006365999972], [-54.97153617899994, -18.42098198499997], [-54.97178392899997, -18.420782046999932], [-54.97377293599993, -18.419181099999946], [-54.97390892899995, -18.416007590999982], [-54.97352613199996, -18.41407086499993], [-54.97335273999994, -18.413193602999968], [-54.972196459999964, -18.40734350799994], [-54.97219577299995, -18.407340570999963], [-54.97248225599998, -18.39994361199996], [-54.97388500399995, -18.396159847999968], [-54.974814443999946, -18.395141155999966], [-54.97561938399997, -18.394258713999932], [-54.97906146199995, -18.392755514999976], [-54.97906258699999, -18.392755014999977], [-54.984001612999975, -18.392423376999943], [-54.98400267599993, -18.392423314999974], [-54.98915357599998, -18.391037298999947], [-54.99356471899995, -18.38843759399998], [-54.99356565599999, -18.388436406999972], [-54.99471284599997, -18.387044774999936], [-54.99560728599994, -18.385960644999955], [-54.995607348999954, -18.385959082999932], [-54.99563359299998, -18.383557700999972], [-54.994950708999966, -18.38172588499998], [-54.98856515999995, -18.376274446999957], [-54.98925546899994, -18.37306156099993], [-54.98951465699997, -18.372829372999945], [-54.99180053899994, -18.370784361999938], [-54.996663559999945, -18.368238405999932], [-55.00560152999998, -18.36160211699996], [-55.00561446699999, -18.361384990999966], [-55.00571596399993, -18.359677923999982], [-55.00578702299998, -18.35848273299996], [-55.00259737299996, -18.35556754499993], [-55.00259612299993, -18.35556510699996], [-55.00259499799995, -18.35556298199998], [-55.001932360999945, -18.352001223999935], [-55.00457568199994, -18.34982014899998], [-55.00697700599994, -18.348942015999967], [-55.008418449999965, -18.34841494899996], [-55.015429867999956, -18.349924561999956], [-55.015451492999944, -18.34992918699993], [-55.02046327599999, -18.352000430999965], [-55.02684918799997, -18.35278491899993], [-55.03050007799993, -18.350514466999982], [-55.03048282699996, -18.350277465999966], [-55.03015012599997, -18.345704766999972], [-55.028199850999954, -18.340016567999953], [-55.028142153999966, -18.336171244999946], [-55.028143340999975, -18.336169994999977], [-55.02814434099997, -18.336168744999952], [-55.03092310399995, -18.335093359999973], [-55.03333055699994, -18.33598541999993], [-55.03762683799994, -18.339005980999957], [-55.040643418999935, -18.33951678799997], [-55.04417793599998, -18.338494776999937], [-55.04417968599995, -18.338494338999965], [-55.04768388499997, -18.33559951099994], [-55.047684697999955, -18.33559882299994], [-55.04768557299997, -18.335596635999934], [-55.04838850999994, -18.33380031699994], [-55.04803012499997, -18.330702495999958], [-55.046385735999934, -18.32900905799994], [-55.04114131899996, -18.323607866999964], [-55.04076150199995, -18.32247923999995], [-55.04126500099994, -18.321174047999932], [-55.04126675099997, -18.321169484999928], [-55.043628886999954, -18.32044366499997], [-55.04481058399995, -18.32146304099996], [-55.04615628199997, -18.322624665999967], [-55.04615728199997, -18.32262560299995], [-55.04732147599998, -18.322859350999977], [-55.04958392699996, -18.323314971999935], [-55.04958717699998, -18.32331434699995], [-55.05253344199997, -18.322784963999936], [-55.053349751999974, -18.31988882899998], [-55.05297307699993, -18.317163128999937], [-55.052897833999964, -18.31661865799998], [-55.05253210799998, -18.31397218999996], [-55.048999565999964, -18.30503298499997], [-55.04502003099998, -18.299840291999942], [-55.04021486099998, -18.292485407999948], [-55.05100510799997, -18.29245244599997], [-55.05104148299995, -18.292451195999945], [-55.06167016099994, -18.28993041399997], [-55.06417254399997, -18.287856089999934], [-55.066405774999964, -18.27545142599996], [-55.06733752399998, -18.272962666999945], [-55.06734321199997, -18.27295860399994], [-55.06975903599994, -18.27240884699995], [-55.06972116099996, -18.272531596999954], [-55.06981028699994, -18.272612471999935], [-55.06976103599993, -18.27240840899998], [-55.06999416399998, -18.272779784999955], [-55.07088860799996, -18.273592909999934], [-55.07099479999994, -18.27507885199998], [-55.071685129999935, -18.280395676999944], [-55.07168537999996, -18.280397051999955], [-55.071687441999984, -18.280405926999947], [-55.07367758299995, -18.282539928999938], [-55.07688366699995, -18.283918299999982], [-55.08303626099996, -18.282824407999954], [-55.08526264599993, -18.282049712999935], [-55.088543098999935, -18.280909389999977], [-55.08854466099996, -18.280907514999967], [-55.09231373399996, -18.276619619999963], [-55.099827123999944, -18.265880322999976], [-55.10129280599995, -18.260709304999978], [-55.10129355599997, -18.260706741999968], [-55.10447949599995, -18.254394029999958], [-55.10733631499994, -18.25076963799995], [-55.107337376999965, -18.25076820099997], [-55.10761762799996, -18.25054257499994], [-55.10951969699994, -18.249014253999974], [-55.11637729399996, -18.24733085799994], [-55.11668454499994, -18.247255481999957], [-55.11668566999998, -18.24725523199993], [-55.13619470699996, -18.244031303999975], [-55.142164294999986, -18.240917843999966], [-55.144763738999984, -18.23782195499996], [-55.14587372699998, -18.23081511999993], [-55.146056975999954, -18.229658178999955], [-55.14847491799998, -18.226257413999974], [-55.150399050999965, -18.225124093999966], [-55.15040936299994, -18.22512421899995], [-55.15359963399993, -18.22620533999998], [-55.15360850899998, -18.226212089999933], [-55.15592328499997, -18.23153997399993], [-55.15645804099995, -18.232771475999982], [-55.15935306199998, -18.235107788999983], [-55.16383677299996, -18.23462227699997], [-55.16647359499996, -18.23262826599995], [-55.16929348599996, -18.23246063399995], [-55.16929536099997, -18.23246294599994], [-55.17036512499993, -18.235830327999963], [-55.17036562499993, -18.235836640999935], [-55.17164363899997, -18.238730895999936], [-55.17333683999993, -18.24047720899995], [-55.173338152999975, -18.24047714699998], [-55.17598942099994, -18.241703581999957], [-55.17599042099994, -18.241704081999956], [-55.17790611799995, -18.241433263999966], [-55.19284453999995, -18.22734956599993], [-55.197243120999985, -18.225226799999973], [-55.197248558999945, -18.225227424999957], [-55.20044389199995, -18.226598733999936], [-55.20045039299998, -18.22660310899994], [-55.20212728499996, -18.229979801999946], [-55.202127659999974, -18.229980988999955], [-55.204363816999944, -18.23759300599994], [-55.20436500399995, -18.237594442999978], [-55.20635289599994, -18.240016757999967], [-55.209209226999974, -18.24115031699995], [-55.21424962799995, -18.24033005299998], [-55.21829077099994, -18.238827164999975], [-55.225008351999975, -18.231395128999964], [-55.22718685999996, -18.229731181999966], [-55.22917681399997, -18.23186211999996], [-55.22917750099998, -18.231863619999956], [-55.22917918899998, -18.231867432999934], [-55.22994602999995, -18.241720145999977], [-55.23024947899995, -18.24561740599995], [-55.23024979199994, -18.245619405999946], [-55.23167538299998, -18.253994425999963], [-55.233133331999966, -18.255642614999942], [-55.23351583599998, -18.256074989999945], [-55.23351677299996, -18.256075177999946], [-55.23783748599993, -18.256884044999936], [-55.23852042699997, -18.256659167999942], [-55.24096687599996, -18.25585540999998], [-55.24441951199998, -18.252810705999934], [-55.24848001299995, -18.24424579799995], [-55.24890713399998, -18.241657414999963], [-55.24890738399995, -18.24165635299994], [-55.24783399499995, -18.23828203299996], [-55.24520336599994, -18.235245034999934], [-55.24514722199996, -18.235180217999982], [-55.245074864999935, -18.234281478999947], [-55.24486024099997, -18.231615665999982], [-55.24483389799997, -18.231288457999938], [-55.24486023999998, -18.231270611999946], [-55.24665702999994, -18.23005332599996], [-55.25055949499995, -18.232202884999936], [-55.25056036999996, -18.232204072999934], [-55.25631048599996, -18.241097083999932], [-55.259778703999984, -18.245486650999965], [-55.26028708299998, -18.246130338999933], [-55.262739598999985, -18.247258273999932], [-55.262740286999986, -18.247258836999947], [-55.264734801999964, -18.249100399999975], [-55.26473586499998, -18.249102149999942], [-55.26860108899996, -18.25528971999995], [-55.27636863999999, -18.258675711999956], [-55.28381530699994, -18.258837507999942], [-55.28574012699994, -18.257603374999974], [-55.29038069899997, -18.251252471999976], [-55.29038163599995, -18.251252096999963], [-55.29199701899995, -18.250688716999946], [-55.29599523199994, -18.252260086999968], [-55.29600760699998, -18.25226496199997], [-55.29842349499995, -18.25228645599998], [-55.30716959499995, -18.247987361999947], [-55.30717084499997, -18.247986798999932], [-55.30931191199994, -18.24502828599998], [-55.309847281999964, -18.241667462999942], [-55.30867332899999, -18.238197456999956], [-55.30878788999996, -18.23747407899998], [-55.30899432599995, -18.236184512999955], [-55.30899826299998, -18.23618038799998], [-55.309858265999935, -18.235279570999978], [-55.314589602999945, -18.23493293399997], [-55.314591665999956, -18.23493280899993], [-55.31601405199996, -18.23631612199995], [-55.31678630799996, -18.23706662199993], [-55.31766363299994, -18.239956252999946], [-55.31464632999996, -18.250408351999965], [-55.31464632999996, -18.25041060199993], [-55.314612462999946, -18.253866485999936], [-55.315833604999966, -18.25767349399996], [-55.31583466699993, -18.257676368999967], [-55.32213502399998, -18.261764927999934], [-55.32213664899996, -18.261765990999947], [-55.33029106899994, -18.261547346999976], [-55.33694771299997, -18.254636999999946], [-55.33694908799998, -18.254635436999934], [-55.339083906999974, -18.252443488999972], [-55.34432012199994, -18.25220110099997], [-55.35791664499993, -18.256691331999946], [-55.36238667199996, -18.257642199999964], [-55.365508750999936, -18.257379691999972], [-55.36975764399995, -18.255011862999936], [-55.369758830999956, -18.255011112999966], [-55.371908332999965, -18.251091471999928], [-55.372096822999936, -18.246814709999967], [-55.37209688599995, -18.24681277299993], [-55.37161162999996, -18.245305206999944], [-55.369554164999954, -18.23891419399996], [-55.36955516499995, -18.238910631999943], [-55.370177662999936, -18.236705873999938], [-55.37200560599996, -18.23489561499997], [-55.375688185999934, -18.233820540999943], [-55.37568987299994, -18.233820040999944], [-55.38249528699998, -18.234334151999974], [-55.38715318799996, -18.234685454999976], [-55.39687423899994, -18.233755117999976], [-55.40361015299993, -18.23448454199996], [-55.40681797999997, -18.233464906999927], [-55.41082624899997, -18.232190705999926], [-55.41364257699996, -18.232214074999945], [-55.41364376499996, -18.23221438799993], [-55.417558663999955, -18.233397943999933], [-55.41756028899994, -18.233398131999934], [-55.41847810699994, -18.233503317999975], [-55.422534817999974, -18.23396805999994], [-55.425060703999975, -18.232836862999932], [-55.42963802699995, -18.227201711999953], [-55.429639401999964, -18.22719996199993], [-55.435386921999964, -18.222632373999943], [-55.44022968899998, -18.21878391499996], [-55.44205800999998, -18.218112220999956], [-55.44305713899996, -18.217745217999948], [-55.44788647799999, -18.21778433199995], [-55.45200456599997, -18.21868507499994], [-55.460266057999945, -18.222632316999977], [-55.462641761999976, -18.22376743999996], [-55.46969168399994, -18.22713618299997], [-55.47456733699994, -18.22770292299998], [-55.481122555999946, -18.226218966999966], [-55.485550133999936, -18.222632258999965], [-55.48699951399993, -18.221458189999964], [-55.491070037999975, -18.222019056999955], [-55.491575291999936, -18.222632244999943], [-55.49346036999998, -18.224920246999943], [-55.493461244999935, -18.224923434999937], [-55.492816939999955, -18.229335572999958], [-55.49037174899996, -18.233161714999937], [-55.49037256199995, -18.233162464999964], [-55.49037174899996, -18.23316377699996], [-55.490355190999935, -18.235083781999947], [-55.49165057699997, -18.23653515799998], [-55.494039714999985, -18.236297526999977], [-55.500614998999936, -18.23564325999996], [-55.51537694299998, -18.230912900999954], [-55.51539812999994, -18.230906088999973], [-55.52601593299994, -18.228648557999975], [-55.53046957999993, -18.227701544999945], [-55.54610878699998, -18.22643044399996], [-55.54723629299997, -18.226338752999936], [-55.547237792999965, -18.22633862799995], [-55.54911592899998, -18.22657993699994], [-55.55160850499993, -18.226899619999926], [-55.55400833599998, -18.228841994999982], [-55.554009210999936, -18.22884274499995], [-55.554593343999954, -18.230958373999954], [-55.55459428199998, -18.23096181099993], [-55.55254353399994, -18.236191892999955], [-55.55110028499996, -18.239872093999963], [-55.55084610299997, -18.242463913999927], [-55.550770728999964, -18.24323247899997], [-55.55077041699997, -18.243235540999933], [-55.55170024199998, -18.246364484999958], [-55.55319063099995, -18.248679987999935], [-55.55680146699996, -18.250247858999955], [-55.55951598299998, -18.25065241599998], [-55.56455232099995, -18.249922339999955], [-55.56455382099995, -18.249922152999943], [-55.56904427999996, -18.248464763999948], [-55.578469247999976, -18.240361719999953], [-55.578898874999936, -18.240176842999972], [-55.58033725599995, -18.239558337999938], [-55.58033813099996, -18.23955796299998], [-55.58175832699993, -18.239649147999955], [-55.58375608799997, -18.23977689399993], [-55.58375758799997, -18.239777018999973], [-55.591976330999955, -18.243972135999968], [-55.59926762199996, -18.244649120999952], [-55.620364982999945, -18.243022130999975], [-55.64030163499996, -18.235135500999945], [-55.643573963999984, -18.234919617999935], [-55.64749236299997, -18.235620298999947], [-55.64749354999998, -18.235620798999946], [-55.66149188999998, -18.24095546899997], [-55.66751811399996, -18.242480083999965], [-55.66812236699997, -18.24263301999997], [-55.67602128499993, -18.24254281499998], [-55.67602247299993, -18.24254281499998], [-55.697628271999974, -18.240142757999934], [-55.69762927199997, -18.240142632999948], [-55.709165079999934, -18.238250913999934], [-55.714612416999955, -18.23636395899996], [-55.71461385499998, -18.23636345899996], [-55.71806024699998, -18.23590851299997], [-55.72675229199996, -18.23476305199995], [-55.734980951999944, -18.23092270999996], [-55.752657916999965, -18.228684537999982], [-55.75588942999997, -18.227070088999938], [-55.75853405999993, -18.223146946999975], [-55.764587836999965, -18.220877739999935], [-55.76458889999998, -18.22087736499998], [-55.76896567399996, -18.221009479999964], [-55.770673870999985, -18.221060975999933], [-55.776402591999954, -18.222060090999946], [-55.77972573399995, -18.221886707999943], [-55.79118471999993, -18.216338666999945], [-55.79596193499998, -18.21700753199997], [-55.79726587999994, -18.217190091999953], [-55.806187816999966, -18.22234277299998], [-55.81281404599997, -18.224688326999967], [-55.82120372099996, -18.226710125999944], [-55.82754869099995, -18.22578623399994], [-55.827551065999955, -18.225785920999954], [-55.83029407899994, -18.224930099999938], [-55.83314296699996, -18.224041153999963], [-55.83314527899995, -18.224040465999963], [-55.835357854999984, -18.224273336999943], [-55.83606173399994, -18.224347397999964], [-55.840471451999974, -18.227161957999954], [-55.84108447099993, -18.233365034999963], [-55.84247254899998, -18.23654535299994], [-55.84247586099997, -18.23654722799995], [-55.84648426399997, -18.23868422499993], [-55.85735906999997, -18.237786196999934], [-55.86102502999995, -18.238816191999945], [-55.86733738799995, -18.24327287699998], [-55.867338512999936, -18.24327337699998], [-55.881541166999966, -18.24907679699993], [-55.88473100199997, -18.25105029499997], [-55.88655488999996, -18.252178606999962], [-55.888943722999954, -18.255153608999933], [-55.892617378999944, -18.259728862999964], [-55.892795380999985, -18.25995048799996], [-55.89667103599999, -18.263695113999972], [-55.896897974999945, -18.263914301999932], [-55.89689884999996, -18.26391480199993], [-55.90171188399995, -18.26682498599996], [-55.901713008999934, -18.266825110999946], [-55.90586584499994, -18.267363789999933], [-55.906206518999966, -18.26740775099995], [-55.915701275999936, -18.268632958999945], [-55.92081186799999, -18.269292260999975], [-55.92286987999995, -18.26972638199993], [-55.92926285599998, -18.27107487099994], [-55.945536033999986, -18.26859249699993], [-55.945929251999985, -18.268532513999958], [-55.95495048799995, -18.268528367999977], [-55.961973961999945, -18.26778066199995], [-55.96197502399997, -18.267780536999965], [-55.96226840099996, -18.267647848999957], [-55.96754073599993, -18.26526651699993], [-55.970160685999986, -18.26479713499998], [-55.97558746899995, -18.266077938999956], [-55.97960748999998, -18.26593255399996], [-55.98147618699994, -18.26586498699993], [-55.98804658599994, -18.26109645899993], [-55.98804758599994, -18.261096333999944], [-55.990106596999965, -18.260922953999966], [-55.99182247999994, -18.26077794899993], [-55.99182422999996, -18.260778761999973], [-55.99433249699996, -18.26194750899998], [-55.99682808199998, -18.265612137999938], [-56.000531610999985, -18.26928251499993], [-56.00464776299998, -18.27112950999998], [-56.00947141599994, -18.271583874999976], [-56.02168359799998, -18.268424212999946], [-56.02489749399996, -18.269498270999975], [-56.02489818099997, -18.26949908399996], [-56.02915065299993, -18.273987898999962], [-56.029152152999984, -18.27398889899996], [-56.03296380499995, -18.276412583999956], [-56.04293679999995, -18.278108564999968], [-56.04342205299997, -18.27819106399994], [-56.04342323999998, -18.27819106399994], [-56.05776869299996, -18.278117968999936], [-56.069601690999946, -18.276973875999943], [-56.07422977899995, -18.27718605299998], [-56.074231216999976, -18.277186364999977], [-56.078001176999976, -18.278116358999966], [-56.07800248899997, -18.27811673399998], [-56.08843468799995, -18.284990102999927], [-56.08843581299993, -18.28499047799994], [-56.100944390999985, -18.289423773999943], [-56.121105573999955, -18.293986613999948], [-56.12316083899998, -18.295676988999958], [-56.12542467399999, -18.299478618999956], [-56.12815269999999, -18.30405937499995], [-56.131164156999944, -18.305418995999958], [-56.13116609499997, -18.30541918399996], [-56.13482024199993, -18.305711520999978], [-56.13506749199996, -18.30573130099998], [-56.14390609299994, -18.302490021999972], [-56.145304786999986, -18.30197739199997], [-56.15074131599994, -18.30190644199996], [-56.16064749999998, -18.304114736999963], [-56.16550965299996, -18.304871039999966], [-56.17650640399995, -18.30658158199998], [-56.17810078799994, -18.306829453999967], [-56.18181706399997, -18.308960575999947], [-56.18572197199995, -18.31368564199994], [-56.18869717899997, -18.315137513999957], [-56.189991249999935, -18.315769511999974], [-56.19432933099995, -18.31377187199996], [-56.19644190599996, -18.314258867999968], [-56.20189976299997, -18.320482496999944], [-56.20410815399998, -18.32202812099996], [-56.206925482999964, -18.322329052999976], [-56.210057243999984, -18.320227227999965], [-56.21419169999996, -18.318802776999974], [-56.22763495899994, -18.31832893199993], [-56.23231310999995, -18.318971422999937], [-56.23902696699997, -18.32217597799996], [-56.24266274099995, -18.32391128699993], [-56.24462631399996, -18.323774406999974], [-56.24583869299994, -18.32282121399993], [-56.24583906799995, -18.322819025999934], [-56.24666630899998, -18.31763226099997], [-56.25049464099993, -18.317168375999927], [-56.25541342499997, -18.320164371999965], [-56.25541536199995, -18.320165621999934], [-56.26220746399997, -18.32110479599993], [-56.26896923999993, -18.317285270999946], [-56.27254288499995, -18.317348574999983], [-56.283467823999956, -18.319539867999936], [-56.28521802199998, -18.31989111499996], [-56.28878579499997, -18.321490360999974], [-56.29137843799998, -18.323238483999944], [-56.29380632999994, -18.32487554499994], [-56.29693472499997, -18.325930727999946], [-56.297829417999935, -18.32623297699996], [-56.30694015499995, -18.326509768999927], [-56.30844554099997, -18.32776245599996], [-56.30892480899996, -18.333812095999974], [-56.308925371999976, -18.333819595999955], [-56.31092451799998, -18.337862164999933], [-56.313885726999956, -18.340227226999957], [-56.33027058399995, -18.34778233299994], [-56.33695125599996, -18.351985703999958], [-56.356134046999955, -18.352385847999926], [-56.36513972399996, -18.354002142999946], [-56.379858318999936, -18.360415125999964], [-56.38057463599995, -18.360727374999954], [-56.384301655999934, -18.360738740999977], [-56.387828610999975, -18.359887792999928], [-56.394112339999936, -18.362935598999968], [-56.39803848699995, -18.363521528999968], [-56.40146356599996, -18.36285939399994], [-56.40549246299997, -18.362971509999966], [-56.40694197899995, -18.366193702999965], [-56.40955137499998, -18.368890328999953], [-56.42184231199997, -18.36768085999995], [-56.424610702999985, -18.36812304199998], [-56.42601015599996, -18.37110523399997], [-56.425726348999945, -18.373732865999955], [-56.425699098999985, -18.373985241999947], [-56.42569966199994, -18.373987179999972], [-56.42659542399997, -18.37706368499994], [-56.43222333999995, -18.381020432999946], [-56.43335121999996, -18.38099249199996], [-56.43564748299997, -18.380935673999943], [-56.43811168599996, -18.381855795999968], [-56.43991882499995, -18.383781733999967], [-56.442319288999954, -18.389074492999953], [-56.44232028899995, -18.389075679999962], [-56.44542881499996, -18.39273436999997], [-56.44543093999994, -18.39273574499998], [-56.449250778999954, -18.39524636699997], [-56.45135697899997, -18.395676050999953], [-56.45282417499993, -18.39597529799994], [-56.45395136899998, -18.395875795999928], [-56.45594794099998, -18.395699539999953], [-56.46290934399997, -18.391873763999968], [-56.47040988699996, -18.393092749999937], [-56.47276901999999, -18.391262926999957], [-56.47485215199998, -18.389647542999967], [-56.482359438999936, -18.388466084999948], [-56.489104914999984, -18.38954175899994], [-56.51089292299997, -18.39608378799994], [-56.519590232999974, -18.401342905999968], [-56.51959123299997, -18.40134315599994], [-56.52754340599995, -18.403478267999958], [-56.531315992999964, -18.405358451999973], [-56.53131655599998, -18.405359388999955], [-56.534424272999956, -18.410459019999962], [-56.53633378799998, -18.412483708999957], [-56.55680355399994, -18.42468869199996], [-56.56569924799999, -18.433019379999962], [-56.56861533099993, -18.434951440999953], [-56.57093353099998, -18.434956685999964], [-56.57424379299994, -18.432751921999966], [-56.575322108999956, -18.432033729999944], [-56.57532373399994, -18.43203379299996], [-56.57834437499997, -18.432135347999974], [-56.58659742899994, -18.436094088999937], [-56.60516917299998, -18.44367525299998], [-56.605170172999976, -18.443675564999978], [-56.60587686499997, -18.44387506399994], [-56.61186521299999, -18.445565116999944], [-56.61488729299998, -18.445860422999942], [-56.61689949399994, -18.447016920999943], [-56.622068732999935, -18.456489870999974], [-56.62206973299993, -18.45649068399996], [-56.62498612899998, -18.458610806999957], [-56.629315531999964, -18.460255175999976], [-56.63354711699998, -18.460358291999967], [-56.639644646999955, -18.459457149999935], [-56.644279421999954, -18.459755076999954], [-56.64428373499993, -18.459757701999933], [-56.646692378999944, -18.46215670299995], [-56.646693065999955, -18.462158014999943], [-56.64669312899997, -18.46215926499997], [-56.64693932499995, -18.465092521999964], [-56.648658901999966, -18.46717108599995], [-56.648848778999934, -18.467401148999954], [-56.652373738999984, -18.468753955999944], [-56.658821961999934, -18.46933962999998], [-56.659912781999935, -18.470189879999964], [-56.66043103599998, -18.470593941999937], [-56.66178511399994, -18.47362263399998], [-56.661786363999965, -18.473624133999976], [-56.665202017999945, -18.477952886999958], [-56.66520426799997, -18.47795469999994], [-56.67808398799997, -18.488064694999935], [-56.67808461299995, -18.488065507999977], [-56.68185420699996, -18.49282763599996], [-56.68185470699996, -18.49282907399993], [-56.683157849999986, -18.496961518999967], [-56.683159099999955, -18.49696264399995], [-56.68466642499993, -18.498599268999953], [-56.68940320099995, -18.498896946999935], [-56.68959958499994, -18.501875328999972], [-56.68750908099997, -18.50485527899997], [-56.68717545599998, -18.50533078099994], [-56.68717401799995, -18.50533290599998], [-56.686660023999934, -18.50865622799995], [-56.68640908899994, -18.510278357999937], [-56.686409588999936, -18.51027966999993], [-56.68711141099993, -18.51220148599998], [-56.68922448899997, -18.514125797999952], [-56.689945430999956, -18.51440342199993], [-56.69123931399997, -18.514901857999973], [-56.694163827999944, -18.51423322499994], [-56.699416534999955, -18.51082982799994], [-56.70154810799994, -18.51039869699997], [-56.70154910799994, -18.510398821999956], [-56.704874625999935, -18.51078869099996], [-56.71010941399999, -18.51473737599997], [-56.716043465999974, -18.522722444999943], [-56.727569175999975, -18.531821502999946], [-56.72757073899999, -18.531822690999945], [-56.72700774499998, -18.535223825999935], [-56.72655299899998, -18.537971583999934], [-56.72785901399993, -18.54085658799994], [-56.73066203299999, -18.542567835999932], [-56.730930221999984, -18.542731897999943], [-56.73375311199993, -18.542735703999938], [-56.73617474699995, -18.541297631999953], [-56.74001337899995, -18.53630567299996], [-56.74157244899993, -18.53614291899993], [-56.74318714499998, -18.535975101999952], [-56.74318858199996, -18.53597491399995], [-56.744190721999985, -18.539531170999965], [-56.744191221999984, -18.539533045999974], [-56.746202928999935, -18.54280273699993], [-56.74633411699995, -18.542885361999936], [-56.75023420699995, -18.545340108999937], [-56.75033276999994, -18.545402171999967], [-56.757591058999935, -18.54550646699994], [-56.76196157299995, -18.542115010999964], [-56.761980635999976, -18.54210013599993], [-56.76555646699995, -18.54225450299998], [-56.76661828599998, -18.542299999999955], [-56.768932864999954, -18.544222874999946], [-56.76893317799994, -18.54422393699997], [-56.76983587899997, -18.547683443999972], [-56.76983725399998, -18.547686130999978], [-56.77214959099996, -18.552203761999976], [-56.78407981399994, -18.56581539399997], [-56.78408025199997, -18.56581658099998], [-56.78794842399998, -18.575861221999958], [-56.78794929899993, -18.57586215999993], [-56.78935812199995, -18.577304347999927], [-56.793392392999976, -18.576924649999967], [-56.79641341299998, -18.578657333999956], [-56.79641541299998, -18.57865845899994], [-56.800242381999965, -18.58269796099995], [-56.80024338199996, -18.582699022999975], [-56.80170220399998, -18.583422833999975], [-56.80331652399997, -18.583040453999956], [-56.80331852399996, -18.583037891999936], [-56.80340952399996, -18.582920703999946], [-56.805033401999935, -18.580827944999953], [-56.806507720999946, -18.58046462799996], [-56.807352787999946, -18.580256437999935], [-56.810178304999965, -18.580977057999974], [-56.810376117999965, -18.581028119999928], [-56.81279332799994, -18.584491684999932], [-56.820712911999976, -18.600690957999973], [-56.82071397399994, -18.600691894999954], [-56.82381643599996, -18.60347764499994], [-56.82706245799994, -18.605338391999965], [-56.82935959799994, -18.60665513999993], [-56.833616749999976, -18.60839038399996], [-56.83762608799998, -18.610024628999952], [-56.841418863999934, -18.612293687999966], [-56.84578980699996, -18.614908412999966], [-56.84594708299994, -18.61500249599993], [-56.849776608999946, -18.617292430999953], [-56.850578739999946, -18.61777280499996], [-56.85546421999993, -18.624264996999955], [-56.86201558399995, -18.630704434999927], [-56.86877019199994, -18.63446055399993], [-56.87386116599998, -18.638259800999947], [-56.87597519199994, -18.643928247999952], [-56.87785495999998, -18.646854187999963], [-56.87788920999998, -18.64690750099993], [-56.885149137999974, -18.65229424699993], [-56.88554551799996, -18.653488873999947], [-56.885803771999974, -18.65426462599993], [-56.88580370899996, -18.654265875999954], [-56.88499053999993, -18.662913773999946], [-56.88750825799997, -18.669354846999966], [-56.89127672699993, -18.674021911999944], [-56.89189254499996, -18.674785224999937], [-56.89582632099996, -18.67671209599996], [-56.90563668899995, -18.678111387999934], [-56.90899026999995, -18.67858956899994], [-56.908991207999975, -18.67859025599995], [-56.91211841799998, -18.680805566999936], [-56.91695783599994, -18.687337571999933], [-56.916959335999934, -18.687339133999956], [-56.92078936599995, -18.691089009999928], [-56.92079055299996, -18.691090009999982], [-56.93082606499996, -18.69911981799993], [-56.93677624299994, -18.707192823999947], [-56.94015545599996, -18.710121760999982], [-56.94169090099996, -18.70986206899994], [-56.94580654499998, -18.70916593299995], [-56.94721911899995, -18.710607869999933], [-56.94873195399998, -18.715890442999978], [-56.95246285899998, -18.720120881999947], [-56.95246379699995, -18.72012150699993], [-56.96502451099997, -18.728627872999937], [-56.96502569799998, -18.728628622999963], [-56.96986886099995, -18.733338810999953], [-56.97980923799997, -18.737709922999954], [-56.979810362999956, -18.73771067299998], [-56.985359338999956, -18.74146123099996], [-56.99136370799994, -18.750829427999975], [-56.99327949099995, -18.759380068999974], [-56.99328030399994, -18.759383881999952], [-56.99776983999993, -18.764329820999933], [-56.997772027999986, -18.764332257999968], [-56.999285973999974, -18.764427129999945], [-57.00039610199997, -18.763551999999947], [-57.000398289999964, -18.76355024999998], [-57.00039160999995, -18.763531979999982], [-56.999512778999986, -18.761128308999957], [-56.99916600499995, -18.760803838999948], [-56.996343628999966, -18.758162995999953], [-56.99501473199996, -18.752542235999954], [-56.995826790999956, -18.749591350999935], [-56.99501571899998, -18.747481972999935], [-56.99501521899998, -18.747480722999967], [-56.993629331999955, -18.745702471999948], [-56.98759790499997, -18.73795921699997], [-56.98482925999997, -18.736174968999933], [-56.98280074599995, -18.73486784599993], [-56.978576343999976, -18.732898913999975], [-56.97427675299997, -18.73089466899995], [-56.968669460999934, -18.72611741999998], [-56.96866758599998, -18.726115857999957], [-56.94955900999997, -18.71198680599997], [-56.949117000999934, -18.709388237999974], [-56.94985723899998, -18.703414470999974], [-56.94827028999998, -18.70218478399994], [-56.94679396999999, -18.702116599999954], [-56.94305964199998, -18.70399886399997], [-56.943030704999956, -18.70401342599996], [-56.94302545499994, -18.70401223899995], [-56.94291526699993, -18.70405536399994], [-56.94278176599994, -18.703956051999967], [-56.94118644399998, -18.70358811699998], [-56.92853541299996, -18.693361746999926], [-56.925328192999984, -18.687630427999977], [-56.91942758799996, -18.683271617999935], [-56.913564658999974, -18.67452073499993], [-56.91356403399993, -18.674519859999975], [-56.910467326999935, -18.673466177999956], [-56.910466389999954, -18.67346586499997], [-56.89633993799998, -18.672582021999972], [-56.895012115999975, -18.671596084999976], [-56.890847202999964, -18.665447891999975], [-56.89084688999998, -18.665444891999982], [-56.88919565599997, -18.651003983999942], [-56.88573094199995, -18.647978922999982], [-56.885598440999956, -18.647911422999982], [-56.881307412999945, -18.645725739999932], [-56.87979602199994, -18.64281036099993], [-56.87964601899995, -18.641968358999975], [-56.87876818899997, -18.63704759899997], [-56.877854929999955, -18.63523609699996], [-56.87781105399995, -18.635149033999937], [-56.87493278499994, -18.633543286999952], [-56.870179689999986, -18.630891540999983], [-56.86841911399995, -18.62911710399993], [-56.865020148999974, -18.625691040999982], [-56.85746490799994, -18.62023648199994], [-56.85746396999997, -18.620235794999928], [-56.85392955999998, -18.613982974999942], [-56.85178148199998, -18.612252412999965], [-56.84969096599997, -18.610567913999944], [-56.84310636199996, -18.608000672999935], [-56.84246648299995, -18.607751048999944], [-56.842465482999955, -18.60775061099997], [-56.83196322599997, -18.602576685999964], [-56.82264203099999, -18.59466412499995], [-56.822640530999934, -18.594662874999926], [-56.81890899699994, -18.58910586999997], [-56.81027216799998, -18.57624198299993], [-56.81026741799997, -18.57623910799998], [-56.80887134599993, -18.575395483999955], [-56.80623220699994, -18.575464677999946], [-56.80621701899997, -18.57546505299996], [-56.804050324999935, -18.57711206199997], [-56.80363501099998, -18.577428313999974], [-56.79976311499996, -18.577248134999934], [-56.79711365299994, -18.573313068999937], [-56.790958676999935, -18.571019702999934], [-56.78639719599994, -18.56377988299994], [-56.786395883999944, -18.563777694999942], [-56.78448604999994, -18.559629063999978], [-56.78448467499999, -18.55962743899994], [-56.78260697199994, -18.557345187999942], [-56.77900400799996, -18.55432450099994], [-56.777230868999936, -18.55283793899997], [-56.77524603399996, -18.54791899399993], [-56.77524497099995, -18.54791636899995], [-56.77357489199994, -18.54499111599995], [-56.77153137199997, -18.541411548999974], [-56.77089230499996, -18.540938236999978], [-56.76986917199997, -18.540180361999944], [-56.76918891699995, -18.539675236999926], [-56.767260153999985, -18.538243050999938], [-56.76483526499993, -18.537834679999946], [-56.76479070199997, -18.53782724299998], [-56.76351181999996, -18.537677995999957], [-56.763601007999966, -18.53763336999998], [-56.75512596799996, -18.539908270999945], [-56.75093307099996, -18.53964065499997], [-56.750844006999955, -18.539561592999974], [-56.75081863199995, -18.539559654999948], [-56.74846230199995, -18.53745078099996], [-56.74603627699997, -18.532878711999956], [-56.74603021399997, -18.53287321199997], [-56.74456432799997, -18.531539086999942], [-56.74294956899996, -18.531190402999982], [-56.742942880999976, -18.531188964999956], [-56.73936636399998, -18.531780537999964], [-56.73552748199995, -18.536834621999958], [-56.73279940499998, -18.536899190999975], [-56.73121657799999, -18.53447300099998], [-56.730930247999936, -18.528641549999975], [-56.724964022999984, -18.52617461999995], [-56.72142887299998, -18.52399130999993], [-56.717815031999976, -18.52030549699998], [-56.71476881999996, -18.51719830899998], [-56.71302517999993, -18.51486811899997], [-56.70847920299997, -18.50879236399993], [-56.70280866599995, -18.50639293399996], [-56.69879114499997, -18.506490318999965], [-56.69362600299996, -18.510347027999956], [-56.690605981999965, -18.508375529999967], [-56.690867725999965, -18.50581339799993], [-56.69086853899995, -18.505811585999936], [-56.69256928799996, -18.501879946999964], [-56.69256991299994, -18.50187838399995], [-56.69265133999994, -18.497731810999937], [-56.69207677299994, -18.49718212299996], [-56.69117964099996, -18.49632399799998], [-56.68709074199995, -18.49544063099995], [-56.68539991499995, -18.49311912899998], [-56.685399039999936, -18.49311794099998], [-56.68517403499993, -18.491787812999974], [-56.68481590299996, -18.489670558999933], [-56.683421512999985, -18.48686186699996], [-56.674072689999946, -18.477790053999968], [-56.67407143999998, -18.477788803999943], [-56.66859752399995, -18.473376867999946], [-56.664149548999944, -18.46806292699995], [-56.65936207899995, -18.46510274299993], [-56.65166397399997, -18.464633572999958], [-56.64923783099994, -18.462520259999962], [-56.64854706099993, -18.45630155799995], [-56.64854699899996, -18.456300682999938], [-56.64854581099996, -18.456299370999943], [-56.64737192699994, -18.45503399499995], [-56.64604691899996, -18.454750872999966], [-56.64603610599994, -18.454754434999927], [-56.636275499999954, -18.458000091999963], [-56.62971796399995, -18.45763554399997], [-56.62438199099995, -18.454849173999946], [-56.62233327299998, -18.448826820999955], [-56.622231588999966, -18.448527912999964], [-56.62197164099996, -18.445007028999953], [-56.621970390999934, -18.44500665399994], [-56.60510984999996, -18.43998374299997], [-56.59826911499994, -18.435541184999977], [-56.59826773999998, -18.435540309999965], [-56.58343108499997, -18.430429394999976], [-56.57779567299997, -18.427533774999972], [-56.57180220199996, -18.42689672499995], [-56.569884007999974, -18.42823904599993], [-56.569876765999936, -18.431310365999934], [-56.567560878999984, -18.43168993499995], [-56.56646623199998, -18.42544298399997], [-56.566465481999956, -18.425441795999973], [-56.564558026999975, -18.422555605999946], [-56.54589390499996, -18.413528063999934], [-56.54207206499996, -18.411019628999952], [-56.54207037799995, -18.41101850399997], [-56.53327962099996, -18.40239887699994], [-56.52673701799995, -18.40007426099993], [-56.526735892999966, -18.400073448999933], [-56.51421949199994, -18.391826393999963], [-56.49343436699996, -18.386055614999975], [-56.49343299199995, -18.386055302999978], [-56.48301511799997, -18.38376788399995], [-56.47999385099996, -18.383664889999977], [-56.474298199999964, -18.385045656999978], [-56.47194744199999, -18.387004229999945], [-56.471773190999954, -18.38714966899994], [-56.470761564999975, -18.388782112999934], [-56.46794648799994, -18.388868619999982], [-56.46794179999995, -18.388868744999968], [-56.462869197999964, -18.38400149399996], [-56.46085406299994, -18.383995810999977], [-56.45992749699997, -18.384675689999938], [-56.458633179999936, -18.385625382999933], [-56.45912356799994, -18.38966170499998], [-56.457605315999956, -18.39215652699994], [-56.455387805999976, -18.392823783999972], [-56.45246941399995, -18.39214216399995], [-56.44844788499995, -18.389441791999957], [-56.44844619799994, -18.389438541999937], [-56.44829069599996, -18.389165228999957], [-56.44228676199998, -18.378609902999926], [-56.441414443999975, -18.37808102899993], [-56.44037718599998, -18.377451966999956], [-56.434938219999935, -18.37743560399997], [-56.432076946999985, -18.374594040999966], [-56.43207669699996, -18.374591790999943], [-56.431926817999965, -18.37318141299994], [-56.43139223999998, -18.368152463999934], [-56.43139036499997, -18.368150713999967], [-56.42717520699995, -18.364293962999966], [-56.42032948099995, -18.363315476999958], [-56.41584358399996, -18.36430886499994], [-56.41584170899995, -18.364309239999955], [-56.41402970199994, -18.36526480899994], [-56.41402776399997, -18.365266433999977], [-56.411209560999964, -18.36487362699995], [-56.40598820799994, -18.359954750999975], [-56.40545389199997, -18.359817439999972], [-56.403523192999955, -18.359323004999965], [-56.39958523399997, -18.35913395199998], [-56.39707796999994, -18.359013519999962], [-56.39123287099994, -18.356690526999955], [-56.38526083299996, -18.354316721999965], [-56.37200775799994, -18.352985624999974], [-56.35764397899993, -18.34702701799995], [-56.344492351999975, -18.34943599199994], [-56.33914669699993, -18.34883006499996], [-56.329103062999934, -18.34187263299998], [-56.32910199999998, -18.341872320999983], [-56.31728573899994, -18.337843774999953], [-56.31728430199996, -18.33784321199994], [-56.31508328499996, -18.33575783699996], [-56.31508315999997, -18.33575639999998], [-56.31394161999998, -18.32244049199994], [-56.31263810899998, -18.32109424199996], [-56.31103397499999, -18.32080018199997], [-56.31102878699994, -18.320799181999973], [-56.30628932899998, -18.32251275999994], [-56.30360712799995, -18.322937267999976], [-56.30215843299993, -18.32316652199995], [-56.29988666999998, -18.322563899999977], [-56.296474898999975, -18.321658842999966], [-56.28824358899993, -18.31538328299996], [-56.27973591799997, -18.31530167799997], [-56.275818578999974, -18.31317149399996], [-56.27046548599998, -18.312351878999948], [-56.265426401999946, -18.31453864699995], [-56.26113569599994, -18.316400723999948], [-56.25519004199998, -18.31753017799997], [-56.25518910399995, -18.317529365999974], [-56.254150283999934, -18.316660427999977], [-56.24901899599996, -18.312368053999933], [-56.245696289999955, -18.31235474899995], [-56.24215365699996, -18.31656664299993], [-56.23636681099998, -18.31572746699993], [-56.232952600999965, -18.314079470999957], [-56.22993139799996, -18.314356352999937], [-56.22993033599994, -18.314356415999953], [-56.22579631699995, -18.31578186699994], [-56.21709164199996, -18.314548945999945], [-56.20960317199996, -18.31736997099995], [-56.20792003899999, -18.31800403899996], [-56.20520052499995, -18.317993482999952], [-56.204729708999935, -18.317730795999978], [-56.20329282399996, -18.31693198499994], [-56.203293136999946, -18.31692917199996], [-56.20329926199997, -18.316868733999968], [-56.20371450399995, -18.312799034999955], [-56.20291868199996, -18.310776218999933], [-56.198901028999956, -18.308454409999968], [-56.19205761599994, -18.30794654899995], [-56.18828671799997, -18.30672855499995], [-56.18105710599997, -18.302757560999964], [-56.18093098099996, -18.30274106099995], [-56.17900459499998, -18.302490939999927], [-56.16550964299995, -18.30072409199994], [-56.16168762099994, -18.300223723999977], [-56.16168568299997, -18.30022347399995], [-56.15246981299998, -18.297151362999955], [-56.14589246299994, -18.29617312499994], [-56.14464845699996, -18.296450440999934], [-56.14165981799994, -18.29711663699993], [-56.135833666999986, -18.299385468999958], [-56.13130176799996, -18.29936447999995], [-56.12994800699994, -18.29806229199994], [-56.12786728999998, -18.290977527999928], [-56.127867039999956, -18.29097646599996], [-56.10558409199996, -18.284529187999965], [-56.10238625699998, -18.282833189999963], [-56.095843909999985, -18.28280301799998], [-56.091220506999946, -18.281628087999934], [-56.08365201199996, -18.275107650999928], [-56.076324899999975, -18.271037218999936], [-56.07042405499993, -18.270685543999946], [-56.07013648999998, -18.270668357999966], [-56.070135677999986, -18.270668669999964], [-56.06876573399995, -18.271092111999963], [-56.06156551299995, -18.27331963399996], [-56.05766205499998, -18.273326767999947], [-56.05487078999994, -18.273331836999944], [-56.04471148199997, -18.272034169999927], [-56.03571611499996, -18.269635308999966], [-56.03571467699999, -18.26963449699997], [-56.03109951999994, -18.266827999999975], [-56.02674079999997, -18.263105499999938], [-56.026740049999944, -18.263104874999954], [-56.02269477599998, -18.262185256999942], [-56.02005269899996, -18.262349450999977], [-56.01846212799995, -18.262448266999968], [-56.016577807999965, -18.26343058699996], [-56.01406773599996, -18.26473678399998], [-56.01012715699994, -18.26673761099994], [-56.00665319999996, -18.266575742999976], [-56.006651887999965, -18.26657568099995], [-56.00469481299996, -18.265843495999945], [-56.00469387499999, -18.265842495999948], [-56.00048840299996, -18.26120311799997], [-56.00048759099997, -18.26120218099993], [-55.999350644999936, -18.260290305999945], [-55.99554361699995, -18.25723680599998], [-55.99132733899995, -18.255294247999927], [-55.989441204999935, -18.25582131699997], [-55.98931176699995, -18.25585762999998], [-55.98931076699995, -18.25585856699996], [-55.98445562599994, -18.26006121499995], [-55.98087504799997, -18.26159216399998], [-55.97779584799997, -18.26290867499995], [-55.97695109299997, -18.26290505199995], [-55.97356826199996, -18.26289055999996], [-55.97045780399998, -18.26123806199996], [-55.96723591199998, -18.261414944999956], [-55.96196851299993, -18.263327274999938], [-55.96098213399995, -18.26368596599997], [-55.95734417799997, -18.26427072599995], [-55.957343177999974, -18.26427091299996], [-55.94817636899995, -18.260583736999934], [-55.94586647999995, -18.26000292799995], [-55.94455597199993, -18.259672929999965], [-55.940964330999975, -18.26072469199994], [-55.93663775099998, -18.263265332999936], [-55.936392437999984, -18.26340933399996], [-55.93639043799993, -18.263410146999945], [-55.929445844999975, -18.266163607999943], [-55.92944440699995, -18.266164169999968], [-55.926577701999975, -18.265285111999958], [-55.922662112999944, -18.263098739999975], [-55.91844039899996, -18.26191793399994], [-55.91843883699994, -18.261917996999955], [-55.90816184499994, -18.262293520999947], [-55.902285493999955, -18.259661152999968], [-55.89988322399995, -18.25719490199998], [-55.899882411999954, -18.257193213999926], [-55.897646262999956, -18.252419206999946], [-55.89764569999994, -18.252418081999963], [-55.89475517799997, -18.249752205999982], [-55.89255828599994, -18.24772608099994], [-55.89255734799997, -18.247725642999967], [-55.89146127899994, -18.247241206999945], [-55.87614824099995, -18.24047322399997], [-55.87614611599997, -18.240472285999942], [-55.873343595999984, -18.238437099999942], [-55.87105388599997, -18.234578031999945], [-55.86869341999994, -18.228383208999958], [-55.86624021399996, -18.22629952099993], [-55.86181468899997, -18.225889217999963], [-55.85949111799994, -18.22731622699996], [-55.85949055499998, -18.22731697699993], [-55.855938047999985, -18.23200837299993], [-55.85345810299998, -18.234252821999974], [-55.85004233199999, -18.233460014999935], [-55.85004089499995, -18.233459639999978], [-55.84894213499996, -18.232111076999956], [-55.84779410599998, -18.222972366999954], [-55.84619684299997, -18.22104236499996], [-55.84429170499993, -18.22006792999997], [-55.82813830499998, -18.22011465399993], [-55.814611852999974, -18.218834494999953], [-55.805910048999976, -18.21595575699996], [-55.79699061799994, -18.213004456999954], [-55.79050989199993, -18.211667217999945], [-55.790508391999936, -18.21166690499996], [-55.787188311999955, -18.211645912999927], [-55.787187373999984, -18.21164610099993], [-55.78305672899995, -18.212487299999964], [-55.77741101999993, -18.21604450999996], [-55.77663957899995, -18.21653082499995], [-55.77361062799997, -18.217763335999962], [-55.768980290999934, -18.218017909999958], [-55.764131127999974, -18.21342372099997], [-55.76343268599999, -18.212988158999963], [-55.76132592099998, -18.211675096999954], [-55.76122204599994, -18.211698034999927], [-55.759209847999955, -18.21214472899993], [-55.756377087999965, -18.214241052999967], [-55.75449514799993, -18.217061127999955], [-55.75222821699998, -18.224542965999944], [-55.75058427399995, -18.22593772299996], [-55.75020408499995, -18.226260287999935], [-55.740847720999966, -18.22581543299998], [-55.74084597099994, -18.225815307999937], [-55.737941518999946, -18.22635969099997], [-55.72175093799996, -18.229393610999978], [-55.712589270999956, -18.232193264999978], [-55.70929344299998, -18.23320033799996], [-55.70373185899996, -18.236912985999936], [-55.699145148999946, -18.237793935999946], [-55.69914383699995, -18.23779362399995], [-55.69603081799994, -18.23700456599994], [-55.69433417899995, -18.235073501999977], [-55.694334115999936, -18.235070501999928], [-55.694299237999985, -18.233741435999946], [-55.69425598299995, -18.232090868999933], [-55.69821661699996, -18.22712065899998], [-55.69641985299995, -18.22528265799997], [-55.69641703999997, -18.225282532999927], [-55.69460984199998, -18.224981536999962], [-55.690984887999946, -18.226300798999944], [-55.69097820099995, -18.22630323599998], [-55.68655100099994, -18.231093508999948], [-55.68555143599997, -18.232174889999953], [-55.68555024799997, -18.23217563999998], [-55.68009153899993, -18.23540966099995], [-55.671322808999946, -18.23726899899998], [-55.67132155899998, -18.23726924899995], [-55.65571595899996, -18.231349955999974], [-55.646818406999955, -18.230084972999975], [-55.64681715699999, -18.230084784999974], [-55.638461925999934, -18.23060468099993], [-55.61958021799995, -18.23863768299998], [-55.61957859299997, -18.23863837099998], [-55.61163960899995, -18.237139697999964], [-55.61163779599997, -18.237139884999976], [-55.60720827299997, -18.23749158399994], [-55.60230343599994, -18.238466909999943], [-55.59576690399996, -18.239766490999955], [-55.591747941999984, -18.23877480999994], [-55.58679359399997, -18.235327561999952], [-55.58679253099996, -18.235326811999983], [-55.58503933399999, -18.23515125299997], [-55.58367707599996, -18.23501525599994], [-55.58367582599993, -18.23501506799994], [-55.57922824099995, -18.23593795599993], [-55.57404890299995, -18.23701222099993], [-55.57404815299998, -18.237012970999956], [-55.566843881999944, -18.24435994499993], [-55.55983784699998, -18.24560515199994], [-55.556839449999984, -18.24327433999997], [-55.55646956299995, -18.239238454999963], [-55.56327020699996, -18.23198485699993], [-55.563270831999944, -18.231982418999962], [-55.56368664299998, -18.23035247599995], [-55.56093355799993, -18.227634787999932], [-55.55824459899998, -18.224980286999937], [-55.54579777199996, -18.22113630499996], [-55.53891210699993, -18.220171317999927], [-55.52752342499997, -18.222297974999947], [-55.52625279399996, -18.222632165999983], [-55.513856233999945, -18.22589276599996], [-55.50625394399998, -18.226361596999936], [-55.50625250599995, -18.22636172199998], [-55.50294123599997, -18.225278601999946], [-55.49870826799997, -18.22263222899994], [-55.49227991099997, -18.21861341999994], [-55.49227903599996, -18.21861285799997], [-55.486522752999974, -18.21802999399995], [-55.477786841999944, -18.222632276999946], [-55.47651321099994, -18.22330328199996], [-55.476510960999974, -18.223303906999945], [-55.47390357399996, -18.22400203999996], [-55.46850060299994, -18.22263229799995], [-55.46647252799994, -18.22211823899994], [-55.46421113599996, -18.220320613999945], [-55.46097561199997, -18.217749801999958], [-55.45412075099995, -18.21332136799998], [-55.44959984899998, -18.212421937999977], [-55.44527001399996, -18.212770886999976], [-55.43845510799997, -18.215263596999932], [-55.428916011999945, -18.222632388999955], [-55.42127992199994, -18.228531171999975], [-55.42127873499999, -18.228531484999962], [-55.41795034399996, -18.229466744999968], [-55.36999114499997, -18.229886980999936], [-55.36618506999997, -18.233265435999954], [-55.36550546199993, -18.24152389799997], [-55.36550521199996, -18.241527085999962], [-55.366979242999946, -18.250811419999934], [-55.363746040999956, -18.252128743999947], [-55.35279478799998, -18.25001970099993], [-55.352793850999944, -18.250019512999927], [-55.34472117399997, -18.24692339799998], [-55.339878332999945, -18.246425157999965], [-55.33987739599996, -18.24642578299995], [-55.33471224999994, -18.24941273999997], [-55.328002166999966, -18.256140023999933], [-55.323302457999944, -18.25768685199995], [-55.31969387099997, -18.25592585499993], [-55.319693745999984, -18.255924479999976], [-55.31930066599995, -18.249570588999973], [-55.31930060299993, -18.249569088999976], [-55.319678727999985, -18.24880083599993], [-55.32255004199993, -18.242967249999936], [-55.32255004199993, -18.242963999999972], [-55.322529660999976, -18.240607618999945], [-55.32250183999997, -18.237392047999947], [-55.32250052799998, -18.23738910999998], [-55.321024385999976, -18.23401347899994], [-55.31693204299995, -18.230518228999927], [-55.31693060499998, -18.230517040999928], [-55.31376839999996, -18.230300547999946], [-55.30973875199999, -18.230024555999933], [-55.30363810999995, -18.236794276999944], [-55.303635922999945, -18.23679671399998], [-55.30317668499998, -18.24263291899996], [-55.30300425199994, -18.24481417499993], [-55.30107143499998, -18.247105747999967], [-55.29704185099996, -18.24754863399994], [-55.29704066299996, -18.247548758999926], [-55.293033761999936, -18.245593137999947], [-55.29153450299998, -18.245522827999935], [-55.29041743399995, -18.245470392999948], [-55.290415371999984, -18.245471830999975], [-55.28753142299996, -18.247417592999966], [-55.287529735999954, -18.247418779999975], [-55.287003863999985, -18.249817162999932], [-55.28445785799994, -18.252964927999926], [-55.28445666999994, -18.25296523999998], [-55.27890245699996, -18.254836007999927], [-55.27686131899998, -18.254128322999975], [-55.275492622999934, -18.253652949999946], [-55.26746193499997, -18.24613594799996], [-55.262795455999935, -18.23965168999996], [-55.25117930099998, -18.228545873999963], [-55.247483461999934, -18.225724811999953], [-55.244112567999935, -18.225643506999972], [-55.242081310999936, -18.227550016999942], [-55.242059566999956, -18.229756834999932], [-55.24205269399994, -18.230526336999958], [-55.24445154899996, -18.242276238999978], [-55.242827992999935, -18.24865019799995], [-55.23889034999996, -18.249960397999928], [-55.236586209999984, -18.248882712999944], [-55.234701378999944, -18.245981209999968], [-55.23415430499995, -18.24231982599997], [-55.23168193699996, -18.22576934799997], [-55.22884235099997, -18.222632845999954], [-55.228745225999944, -18.222525470999926], [-55.22674383699996, -18.221449784999947], [-55.226742961999946, -18.221449346999975], [-55.22554420499995, -18.221514412999966], [-55.22372257099994, -18.22161197899993], [-55.22294306699996, -18.222029169999928], [-55.22181487499995, -18.222632861999955], [-55.22159849899998, -18.22274873699996], [-55.21694800399996, -18.234716780999975], [-55.21205360499994, -18.23616223399995], [-55.21205260499994, -18.236161983999978], [-55.20823708199998, -18.23526405299998], [-55.208235394999974, -18.23526223999994], [-55.20624537799995, -18.23313148899996], [-55.20537147199997, -18.22263289899996], [-55.205348595999965, -18.222357897999927], [-55.20534678399997, -18.222355835999963], [-55.20385583399997, -18.22070733499993], [-55.201691634999975, -18.220737964999955], [-55.19421772299995, -18.22263292499997], [-55.19291284199994, -18.22296380299997], [-55.18855495099996, -18.225999008999963], [-55.18274118299996, -18.231887725999968], [-55.17863948399997, -18.236042246999943], [-55.17482589799994, -18.23504694099995], [-55.17476481299997, -18.22634747899997], [-55.17476362499997, -18.226346416999945], [-55.17286754799994, -18.22469816699993], [-55.16743764199998, -18.22426236499996], [-55.16235275199995, -18.22940407899995], [-55.160141926999984, -18.229093769999963], [-55.15753239899993, -18.22354407299997], [-55.15681676699995, -18.22263300999998], [-55.15395705499998, -18.21899225599998], [-55.15136259899998, -18.21723806999995], [-55.14740313799996, -18.21672720199996], [-55.14587369499998, -18.217737708999948], [-55.14541244299994, -18.218042460999982], [-55.14394307099997, -18.22263303899996], [-55.140367829999946, -18.23380339099998], [-55.14036732999995, -18.233805202999974], [-55.14036614199995, -18.233808515999954], [-55.13762132099998, -18.23656746699993], [-55.137619445999974, -18.23656834199994], [-55.13352392799993, -18.23840385699998], [-55.12726639799996, -18.240072875999942], [-55.11362494799994, -18.240372657999956], [-55.10735691999997, -18.243003053999928], [-55.10261872399997, -18.249983146999966], [-55.10099097099993, -18.252380969999933], [-55.09908009299994, -18.255196481999974], [-55.09462158499997, -18.261761510999975], [-55.09052070499996, -18.26883397699993], [-55.086805193999965, -18.27269068399994], [-55.08410436299994, -18.27122199799993], [-55.083742100999984, -18.267374863999976], [-55.08374203899996, -18.267373113999952], [-55.08374203799997, -18.267365363999943], [-55.08422883399999, -18.259594965999952], [-55.08383858099995, -18.25932827799994], [-55.08123018799995, -18.25754577899994], [-55.07741166499994, -18.257028598999966], [-55.07100594499997, -18.25826505499998], [-55.06997844499995, -18.260174624999934], [-55.06964088799998, -18.263436946999946], [-55.06963907599999, -18.263438321999956], [-55.06590811999996, -18.264265895999927], [-55.064276115999974, -18.266174341999942], [-55.06225511799994, -18.27148854899997], [-55.06183670699994, -18.283009206999964], [-55.06182258299998, -18.28339858299995], [-55.061822519999964, -18.283400270999948], [-55.06062007999998, -18.284886589999928], [-55.05993438999997, -18.28573509399996], [-55.055282181999985, -18.287611484999957], [-55.04361205299995, -18.286918696999976], [-55.03317693599996, -18.288207349999936], [-55.03012242199998, -18.289435671999968], [-55.03012135999995, -18.289435734999927], [-55.029490737999936, -18.29188686799995], [-55.030075807999935, -18.293622933999927], [-55.03277357799993, -18.295670558999973], [-55.03773348599998, -18.298029053999983], [-55.03948962599998, -18.30003918099993], [-55.04206202199998, -18.302983494999978], [-55.043446847999974, -18.30526412399996], [-55.044882736999966, -18.30762881399994], [-55.044890736999946, -18.30764125199994], [-55.04530855399997, -18.308297189999962], [-55.047862950999956, -18.311411692999968], [-55.04786401299998, -18.311413005999952], [-55.04786445099995, -18.311413942999934], [-55.04978522099998, -18.31533088699996], [-55.050240789999975, -18.316767452999954], [-55.049912726999935, -18.317500329999973], [-55.04824409399998, -18.318061460999957], [-55.04449244199998, -18.31556614999994], [-55.039222533999975, -18.31378153199995], [-55.035726643999965, -18.31548029499993], [-55.034045513999956, -18.317192990999956], [-55.033696771999985, -18.321376690999955], [-55.036712798999986, -18.32537813299996], [-55.036731361999955, -18.32538956999997], [-55.03802618299994, -18.326186693999944], [-55.038871814999936, -18.326893256999938], [-55.038880689999985, -18.326899443999935], [-55.04325453699994, -18.330991445999928], [-55.04326347399996, -18.33100100799993], [-55.04201716299997, -18.33430851999998], [-55.04008252699998, -18.334288836999974], [-55.03990340099995, -18.33428702499998], [-55.03990240099995, -18.334286274999954], [-55.03284953799994, -18.32959790299998], [-55.03044070999994, -18.32870640599998], [-55.030439022999985, -18.32870578099994], [-55.02802200899998, -18.32868078699994], [-55.02802075899996, -18.328681536999966], [-55.02558612499996, -18.330245608999974], [-55.02448912199998, -18.33152155299996], [-55.023595556999965, -18.332537619999982], [-55.02319886999993, -18.333594373999972], [-55.02280612299995, -18.33555725499997], [-55.02280612299995, -18.335560379999947], [-55.02277987799994, -18.337867011999947], [-55.02278019099998, -18.337868198999956], [-55.02466753099998, -18.344815463999964], [-55.02466753099998, -18.344816901999934], [-55.02462554099998, -18.34871403799997], [-55.02311928499995, -18.34961135599997], [-55.01590879799994, -18.345980861999976], [-55.00827887599996, -18.343887498999948], [-55.00566736199994, -18.34441481899995], [-55.00489742099995, -18.344571008999935], [-55.00489592099996, -18.344571695999946], [-54.99902708199994, -18.347105966999948], [-54.994308375999935, -18.350038422999944], [-54.994159750999984, -18.350130798999942], [-54.992375057999936, -18.351986557999965], [-54.99164937099994, -18.353903127999956], [-54.99430839099995, -18.35581331399993], [-54.998841298999935, -18.359069499999976], [-54.999016050999955, -18.359677938999937], [-54.999422369999934, -18.36109275499996], [-54.99942286999993, -18.361094566999952], [-54.99805830499997, -18.36338170199997], [-54.997884117999945, -18.363673452999933], [-54.99788286799998, -18.36367557799997], [-54.994532979999974, -18.366043341999955], [-54.98045053399994, -18.368731069999967], [-54.978021085999956, -18.36976188999995], [-54.97827853399997, -18.37370821299993], [-54.98156062399994, -18.377296340999976], [-54.98156224899998, -18.377297277999958], [-54.98746716499994, -18.38062602399998], [-54.98844992599999, -18.382844902999977], [-54.98724505499996, -18.386820916999966], [-54.98587248699994, -18.387797234999937], [-54.97422173899997, -18.389472953999928], [-54.974219551999965, -18.38947326699997], [-54.96951627999994, -18.391203469999937], [-54.96778583699995, -18.392725164999945], [-54.96713721799995, -18.396560114999943], [-54.96713734299993, -18.396562176999964], [-54.967805313999975, -18.408579521999968], [-54.97110516099997, -18.415006156999937], [-54.97097866599995, -18.41731291399998], [-54.969459721999954, -18.417969668999945], [-54.96566206899996, -18.41523654499997], [-54.96108084399998, -18.410576667999976], [-54.96107990699994, -18.410575792999964], [-54.959073831999945, -18.409981045999928], [-54.956549880999944, -18.410432114999935], [-54.95654881899998, -18.410433052999963], [-54.95400668499997, -18.412523439999973], [-54.951246251999976, -18.420419529999947], [-54.95124543999998, -18.42042065499993], [-54.94868655999994, -18.424045545999945], [-54.948684871999944, -18.42404660899996], [-54.94117490499997, -18.42867632599996], [-54.930652115999976, -18.43668818499998], [-54.92724359999994, -18.43761000799998], [-54.92519390199993, -18.438164264999955], [-54.92338351799998, -18.438283706999982], [-54.919495746999985, -18.438540028999967], [-54.91740429499998, -18.43762159299996], [-54.91388320899995, -18.43607547199997], [-54.91118681399996, -18.434026847999974], [-54.90497796999995, -18.43497017699997], [-54.897131007999974, -18.442475840999975], [-54.89180679799995, -18.445253235999928], [-54.89086047999996, -18.445244362999972], [-54.88928815799994, -18.445229678999965], [-54.88245880299996, -18.443328876999942], [-54.880720475999965, -18.441146311999944], [-54.88072147599996, -18.441139249999935], [-54.88083915999994, -18.43970649599993], [-54.88382797299994, -18.43341290899997], [-54.88383697299997, -18.433394095999972], [-54.88376727899998, -18.430800776999945], [-54.88376659099998, -18.430799651999962], [-54.88268201799997, -18.428865085999973], [-54.88077469299998, -18.428269713999953], [-54.877855989999944, -18.428331845999935], [-54.87785192699994, -18.428331345999936], [-54.87785061499994, -18.42833122099995], [-54.87421222199998, -18.429347606999954], [-54.86712270099997, -18.43652670599994], [-54.86481606099994, -18.435638083999947], [-54.86432874199994, -18.43428664399994], [-54.865186423999944, -18.429973941999947], [-54.86309353199994, -18.428121128999976], [-54.859787009999934, -18.42654825699998], [-54.856553056999985, -18.427378954999938], [-54.85220203799997, -18.429723408999962], [-54.852192600999956, -18.429728533999935], [-54.84633632599997, -18.432883867999976], [-54.84422987999994, -18.43401875099994], [-54.84363568699996, -18.433144812999956], [-54.84531987799994, -18.43075467699998], [-54.845583690999945, -18.43038023799994], [-54.85025095999998, -18.427741282999932], [-54.85220289999995, -18.424592768999958], [-54.85274926999995, -18.421134820999953], [-54.85168776099994, -18.419951757999968]], [[-55.07442901799993, -18.27973785699993], [-55.073147192999954, -18.27752510399995], [-55.07251080399993, -18.273335842999927], [-55.073662843999955, -18.261869433999948], [-55.076120482999954, -18.26189411599995], [-55.079547383999966, -18.26471567799996], [-55.08024196699995, -18.271471257999963], [-55.08182385799995, -18.27434644999994], [-55.082051055999955, -18.27819733499996], [-55.08081198899998, -18.279138027999977], [-55.07442901799993, -18.27973785699993]]]}}, {"type": "Feature", "properties": {"OBJECTID": 2017, "TIPO": "LAGO OU LAGOA OU REP", "NOME": null, "MI_CARTA": "SE21", "Shape_Leng": 0.348357694206, "Shape_Area": 0.00071378204791}, "geometry": {"type": "Polygon", "coordinates": [[[-57.45614311199995, -18.25421219499998], [-57.454928173999974, -18.254333694999957], [-57.45137217399997, -18.254333694999957], [-57.450644986999976, -18.254333694999957], [-57.45207279899995, -18.251002444999926], [-57.450762673999975, -18.24869669499998], [-57.44948011199995, -18.248366319999946], [-57.445055673999946, -18.247226569999953], [-57.444934298999954, -18.247195319999946], [-57.444459361999975, -18.246109694999973], [-57.44418061199997, -18.245472694999933], [-57.44400086199994, -18.24506188299995], [-57.443055673999936, -18.24290131999993], [-57.43947967399998, -18.239255132999972], [-57.436368235999964, -18.23958100799996], [-57.43684417399999, -18.241484569999955], [-57.43922354899996, -18.244815882999944], [-57.43494048599996, -18.246243569999933], [-57.43465361099999, -18.246325507999927], [-57.431609235999986, -18.247195382999962], [-57.42732617399997, -18.245767632999957], [-57.427338548999955, -18.245292069999948], [-57.42740167399995, -18.242864819999966], [-57.43256104899996, -18.23958106999993], [-57.43494042399993, -18.236725632999935], [-57.43663692399997, -18.232665132999955], [-57.43663703699997, -18.23266519599997], [-57.43965048599995, -18.23433588299997], [-57.44584173699997, -18.236338694999972], [-57.44601367399997, -18.23505088299993], [-57.44636192399997, -18.232442569999932], [-57.44160304899998, -18.232442569999932], [-57.439260048999984, -18.22834256999994], [-57.43851529899996, -18.22703913299995], [-57.43794223599997, -18.22603638299995], [-57.43920642399996, -18.225376319999953], [-57.44207886099997, -18.22387656999996], [-57.440891798999985, -18.22260763299994], [-57.44112704899993, -18.218165819999967], [-57.440175298999975, -18.21435863299996], [-57.43874761099994, -18.210075632999974], [-57.43811598599996, -18.210018194999975], [-57.43776061099999, -18.209985882999945], [-57.435953610999945, -18.207311132999962], [-57.43589223599997, -18.20722025799995], [-57.435862173999965, -18.207218069999954], [-57.43175779899997, -18.206914319999953], [-57.432487735999985, -18.20514594499997], [-57.43398861099996, -18.201509569999928], [-57.43135323599995, -18.19955450799995], [-57.43398861099996, -18.195798882999952], [-57.43188367399995, -18.195325569999966], [-57.42780198599996, -18.199130132999983], [-57.427982860999975, -18.202928632999942], [-57.42811848599996, -18.205777569999952], [-57.42827786099997, -18.20912388299996], [-57.43065736099999, -18.21055150799998], [-57.43065736099999, -18.214834632999953], [-57.432085048999966, -18.21911763299994], [-57.43351286099994, -18.222924757999976], [-57.43256104899996, -18.228635507999968], [-57.432085110999935, -18.232918507999955], [-57.432085110999935, -18.235773819999963], [-57.42732617399997, -18.239105132999953], [-57.42689261099997, -18.239395444999957], [-57.42341886099996, -18.24172119499997], [-57.41923411099998, -18.23452488299995], [-57.41772336099996, -18.230653507999932], [-57.41655604899995, -18.227662194999937], [-57.41606273599996, -18.225484069999936], [-57.41865354899994, -18.222014007999974], [-57.41733236099998, -18.220069382999952], [-57.414545860999965, -18.218787132999978], [-57.41325086099994, -18.21404388299993], [-57.41203173599996, -18.20957863299998], [-57.41094036099997, -18.205212694999943], [-57.41086079899998, -18.204894132999982], [-57.40781442399998, -18.207696194999983], [-57.408290360999956, -18.21150338299998], [-57.40924204899994, -18.21435869499993], [-57.404959048999956, -18.216262382999957], [-57.40448317399995, -18.221497194999927], [-57.40559198599993, -18.220920569999976], [-57.40679592399994, -18.220294569999965], [-57.408468985999946, -18.219424569999944], [-57.41031204899997, -18.218466257999978], [-57.41118329899996, -18.220177382999964], [-57.41209748599994, -18.221973069999933], [-57.41162161099999, -18.227683757999955], [-57.41352517399997, -18.231966882999927], [-57.416380610999965, -18.23577388299998], [-57.41923592399996, -18.240056944999935], [-57.42066367399997, -18.244815882999944], [-57.42256723599996, -18.247195382999962], [-57.42542261099993, -18.247195382999962], [-57.42922973599997, -18.25005069499997], [-57.433512923999956, -18.249574819999964], [-57.437795860999984, -18.24862300799998], [-57.442078923999986, -18.25005069499997], [-57.448611298999936, -18.25181675799996], [-57.446257585999945, -18.256011127999955], [-57.44625754899994, -18.256011194999928], [-57.44969323699996, -18.25861681999993], [-57.452072861999966, -18.261472069999968], [-57.45350042399997, -18.25861681999993], [-57.45825936199998, -18.257189007999955], [-57.45968698699994, -18.25385775799998], [-57.45614311199995, -18.25421219499998]]]}}, {"type": "Feature", "properties": {"OBJECTID": 2025, "TIPO": "LAGO OU LAGOA OU REP", "NOME": null, "MI_CARTA": "SE21", "Shape_Leng": 0.121984853538, "Shape_Area": 0.000302005603575}, "geometry": {"type": "Polygon", "coordinates": [[[-57.37176452199998, -18.175767337999957], [-57.37216971299995, -18.17597939999996], [-57.371735962999935, -18.177048903999946], [-57.37053783899995, -18.180004726999982], [-57.362704760999975, -18.189687143999947], [-57.367382848999966, -18.19012232199998], [-57.36575097399998, -18.193712459999972], [-57.36216082799996, -18.192624527999953], [-57.35748280499996, -18.19316847799996], [-57.35683005599998, -18.19490917099995], [-57.35976751399994, -18.19708498199998], [-57.37023044899996, -18.198954337999965], [-57.37011612599997, -18.195178577999968], [-57.37002843099998, -18.192281820999938], [-57.376521321999974, -18.185335475999977], [-57.376614633999964, -18.185213975999943], [-57.380111452999984, -18.18065739399998], [-57.379294192999964, -18.178302264999957], [-57.37809392799994, -18.174843258999942], [-57.37796292099995, -18.172222751999982], [-57.37571396699997, -18.170559252999965], [-57.36603490899995, -18.167602580999983], [-57.35943406599995, -18.168984286999944], [-57.35584392399994, -18.169735797999977], [-57.35788637599995, -18.17120635899994], [-57.36084889299997, -18.171737978999943], [-57.36574435799997, -18.172616343999948], [-57.36623073599998, -18.172870905999957], [-57.37176452199998, -18.175767337999957]]]}}, {"type": "Feature", "properties": {"OBJECTID": 2041, "TIPO": "LAGO OU LAGOA OU REP", "NOME": "LAGOA MANDIORE", "MI_CARTA": "SE21", "Shape_Leng": 0.488406514082, "Shape_Area": 0.00685295675255}, "geometry": {"type": "Polygon", "coordinates": [[[-57.58311898699998, -18.04426055899995], [-57.58584783099997, -18.04605606599995], [-57.578660173999936, -18.045892058999982], [-57.57564417399993, -18.045689058999926], [-57.57412679899994, -18.04558693399997], [-57.57014461199998, -18.04531887199994], [-57.56945779899996, -18.04527262199997], [-57.56824048699997, -18.046632058999933], [-57.56567254899994, -18.04949999699994], [-57.56408392399993, -18.05196030899998], [-57.56084198699995, -18.056981121999968], [-57.56003342399998, -18.05823337199996], [-57.55849586199997, -18.06056574699994], [-57.554904986999986, -18.066012933999957], [-57.55189086199994, -18.072259808999945], [-57.549654361999956, -18.07689505899998], [-57.54940979899993, -18.07740199699998], [-57.54934973699994, -18.07747805899993], [-57.54612698699998, -18.081561371999953], [-57.545548173999975, -18.082294746999935], [-57.54528673699997, -18.08262605899995], [-57.54471248699997, -18.083353621999947], [-57.54474136199997, -18.085409496999944], [-57.54449261199994, -18.08573893399995], [-57.54439586199999, -18.085867183999937], [-57.54429761199998, -18.08570349699994], [-57.54154054899993, -18.081108246999975], [-57.540112798999985, -18.077301121999938], [-57.53966979899997, -18.077252746999932], [-57.53374379899998, -18.076605683999958], [-57.53158811199995, -18.078395996999973], [-57.527881923999985, -18.081473996999932], [-57.524884173999965, -18.08396368399997], [-57.52631192399997, -18.088246683999955], [-57.529643111999974, -18.089674371999934], [-57.53009761199996, -18.089989746999947], [-57.53137279899994, -18.09087455899993], [-57.53236042399993, -18.091559871999948], [-57.533280486999956, -18.092198183999926], [-57.53483198699996, -18.09642118399995], [-57.53404054899994, -18.10249924699997], [-57.527141986999936, -18.10622224699995], [-57.52156892399995, -18.10822849699997], [-57.52155298699995, -18.108234246999928], [-57.52154379899997, -18.108353996999938], [-57.52152248699997, -18.108632996999972], [-57.52146486199996, -18.10938830899994], [-57.521248673999935, -18.11221818399997], [-57.51646792399998, -18.11708237199997], [-57.51618611199996, -18.117457746999946], [-57.51354411199998, -18.120976996999957], [-57.51203517399995, -18.12298699699994], [-57.513938673999974, -18.128697683999974], [-57.51679411199996, -18.13155299699997], [-57.51727579899995, -18.132050308999965], [-57.52135348699994, -18.136260308999965], [-57.520611548999966, -18.137085871999943], [-57.51933554899995, -18.138505683999938], [-57.51756279899996, -18.14198105899993], [-57.515842298999985, -18.145353933999957], [-57.51291498699993, -18.147586933999946], [-57.51068454899996, -18.149288371999944], [-57.510626298999966, -18.15132168399998], [-57.51042492399995, -18.15835518399996], [-57.509113861999936, -18.159829058999946], [-57.50640686199995, -18.162872058999938], [-57.50159592399996, -18.171141933999934], [-57.50159073699996, -18.171148183999946], [-57.497788673999935, -18.175710683999966], [-57.49758673699995, -18.175953058999937], [-57.49758711199996, -18.176227058999928], [-57.497595486999955, -18.181158058999927], [-57.49680667399997, -18.185804933999975], [-57.49685292399994, -18.186217246999945], [-57.49718586199998, -18.18918349699993], [-57.49934854899993, -18.19041937199995], [-57.499992298999985, -18.19078718399993], [-57.50029104899994, -18.191762308999955], [-57.501279798999974, -18.194989933999977], [-57.50134388599997, -18.195418321999966], [-57.501542351999944, -18.195418321999966], [-57.501966523999954, -18.195545822999975], [-57.50208654299996, -18.195644837999964], [-57.502443669999934, -18.19559275699993], [-57.50290821699997, -18.195952123999973], [-57.50324128799997, -18.196504320999964], [-57.50345164899994, -18.197713894999936], [-57.50361818499994, -18.198099556999978], [-57.503960020999955, -18.19844139299994], [-57.50459986899995, -18.198590398999954], [-57.50513453599996, -18.198616693999952], [-57.57412996399995, -18.131602162999968], [-57.58113092499997, -18.107871527999976], [-57.60038270199993, -18.042673585999978], [-57.60410069699998, -18.036116394999965], [-57.603750986999955, -18.035766683999952], [-57.60245498699999, -18.034470558999942], [-57.60150311199993, -18.031615246999934], [-57.60132148699995, -18.030797871999937], [-57.60055129899996, -18.02733218399993], [-57.59683254899994, -18.026588496999977], [-57.59579229899998, -18.026380433999975], [-57.594038798999975, -18.023975683999936], [-57.593205173999934, -18.02283243399995], [-57.58960573699994, -18.024476808999964], [-57.587107111999956, -18.02780824699994], [-57.58675029899996, -18.02828399699996], [-57.58389498699995, -18.031139433999954], [-57.581039611999984, -18.037325996999982], [-57.579046423999955, -18.039319183999964], [-57.57818423699996, -18.04018137199995], [-57.57878398699995, -18.041380871999934], [-57.579611986999964, -18.043036683999958], [-57.58311898699998, -18.04426055899995]]]}}, {"type": "Feature", "properties": {"OBJECTID": 2118, "TIPO": "LAGO OU LAGOA OU REP", "NOME": null, "MI_CARTA": "SE21", "Shape_Leng": 0.0787069450327, "Shape_Area": 0.000175668732436}, "geometry": {"type": "Polygon", "coordinates": [[[-55.079614824999965, -17.88657567699994], [-55.076492360999964, -17.882750235999936], [-55.06870224599999, -17.878818241999966], [-55.06752029699999, -17.876691738999966], [-55.065317783999944, -17.876089741999976], [-55.06480971899998, -17.876566743999945], [-55.06498028699997, -17.878059247999943], [-55.067173244999935, -17.881599252999933], [-55.07180377999998, -17.88554725399996], [-55.072082285999954, -17.887568258999977], [-55.071470784999974, -17.88842776299998], [-55.070718280999984, -17.888419264999982], [-55.06725076199996, -17.888381334999963], [-55.063986231999934, -17.88358276599996], [-55.06173927899994, -17.88226176699993], [-55.05991070999994, -17.883812775999957], [-55.06007828099996, -17.88688928399995], [-55.06180479799997, -17.889743288999966], [-55.06558082799995, -17.89352729099994], [-55.06916378799997, -17.894912286999954], [-55.069163973999935, -17.894912209999973], [-55.07523381499993, -17.892387765999956], [-55.07796588799994, -17.890498754999953], [-55.079614824999965, -17.88657567699994]]]}}, {"type": "Feature", "properties": {"OBJECTID": 2162, "TIPO": "LAGO OU LAGOA OU REP", "NOME": "LAGO GUAIBA", "MI_CARTA": "SE21", "Shape_Leng": 0.700085263259, "Shape_Area": 0.00397487284662}, "geometry": {"type": "Polygon", "coordinates": [[[-57.68885509699999, -17.659935682999958], [-57.68839824099996, -17.66044964599996], [-57.68794138399994, -17.661134930999935], [-57.687541634999945, -17.661591786999963], [-57.68657081499998, -17.66216285799993], [-57.68605685099993, -17.662219964999963], [-57.685542887999986, -17.66267682199998], [-57.68468628199997, -17.663304998999934], [-57.68371546099996, -17.663704748999976], [-57.68337281899994, -17.664447140999982], [-57.68303017699998, -17.665817709999942], [-57.68411521099995, -17.667416707999962], [-57.684541914999954, -17.668037367999943], [-57.68462966599998, -17.66808124399995], [-57.684820022999986, -17.667914681999946], [-57.68503417499994, -17.667748118999953], [-57.685200736999946, -17.667890886999942], [-57.68508176399996, -17.668200216999935], [-57.684962790999975, -17.66848575199998], [-57.68484381799993, -17.668604724999966], [-57.684675023999944, -17.668672242999946], [-57.68462469699995, -17.668923881999945], [-57.68477243399997, -17.668985438999982], [-57.68501037999994, -17.66915200099993], [-57.68501037999994, -17.669532714999946], [-57.68486761199995, -17.669889633999958], [-57.68484381799993, -17.670151374999932], [-57.68477243399997, -17.670365525999955], [-57.684558281999955, -17.670413115999963], [-57.684463103999974, -17.670270347999974], [-57.68439171999995, -17.66996101799998], [-57.68430333499998, -17.669731215999946], [-57.683868238999935, -17.670262999999977], [-57.683868238999935, -17.67048449899994], [-57.683773059999965, -17.67084141899994], [-57.68374926599995, -17.671245926999973], [-57.683630292999965, -17.671507667999947], [-57.683540525999945, -17.671571786999948], [-57.68352434099995, -17.671766011999978], [-57.68405859599994, -17.671626640999932], [-57.68429654199997, -17.671650434999947], [-57.68439171999995, -17.671888380999974], [-57.68434413099993, -17.67222150599997], [-57.68405859599994, -17.672388067999975], [-57.683630292999965, -17.67245945199994], [-57.68332096299997, -17.67260221999993], [-57.68305922199994, -17.672626013999945], [-57.68285992899996, -17.67244886499998], [-57.68211646399993, -17.672727664999968], [-57.68200224999998, -17.67318452099994], [-57.68245807799997, -17.674096178999946], [-57.68246435699996, -17.674101279999945], [-57.68305922199994, -17.674458198999957], [-57.68343993599996, -17.674886501999936], [-57.683630292999965, -17.67519583199993], [-57.68382064999997, -17.675528956999926], [-57.68389203299995, -17.675933464999957], [-57.68365408699998, -17.676218999999946], [-57.683201989999986, -17.676218999999946], [-57.682940248999955, -17.675981053999976], [-57.68258332999994, -17.67595725999996], [-57.68217882099998, -17.67595725999996], [-57.68207313499994, -17.675907938999956], [-57.68131696499995, -17.676096981999933], [-57.68127942799998, -17.67612513399996], [-57.681227036999985, -17.676266589999955], [-57.68101288599996, -17.676742481999952], [-57.680632171999946, -17.67693283899996], [-57.68029904699995, -17.67693283899996], [-57.68006110099998, -17.676742481999952], [-57.679894538999974, -17.676623508999967], [-57.67985233699994, -17.676403119999975], [-57.67977507399996, -17.67638251699998], [-57.67914689599996, -17.676268302999972], [-57.67874714699997, -17.67683937399994], [-57.67891846799995, -17.67781019399996], [-57.67908978899993, -17.679009441999938], [-57.67960375299998, -17.679180762999977], [-57.67977507399996, -17.679580512999962], [-57.679489538999974, -17.680208689999972], [-57.67960375299998, -17.681008188999954], [-57.68000350199998, -17.68175058099996], [-57.68034614499999, -17.682321651999928], [-57.680574572999944, -17.682949828999938], [-57.68034614499999, -17.683406685999955], [-57.679318217999935, -17.683235364999973], [-57.67902569499995, -17.683181478999927], [-57.67979855699997, -17.68348245599998], [-57.680725163999966, -17.68491016799993], [-57.68314390599994, -17.696256372999926], [-57.68011512099997, -17.70404495599996], [-57.68047021199993, -17.705228062999936], [-57.68452842099998, -17.710215998999956], [-57.68547432199995, -17.713406704999954], [-57.68527740099995, -17.71530458999996], [-57.684613130999935, -17.71648150799996], [-57.68308515899997, -17.71738324599994], [-57.67670018299998, -17.719210862999944], [-57.67647701899995, -17.719274740999936], [-57.67489751199997, -17.719447225999943], [-57.67464799499999, -17.721364954999956], [-57.67467465399994, -17.721517651999932], [-57.67517978799998, -17.72441091299993], [-57.67544091299993, -17.727973212999927], [-57.67475742899995, -17.728323717999956], [-57.67456661299997, -17.728421571999945], [-57.673882601999935, -17.72877234699996], [-57.67337255999996, -17.729033906999973], [-57.67242567899996, -17.730734149999932], [-57.67080216499994, -17.730960686999936], [-57.669027625999945, -17.73180390699997], [-57.66792011299998, -17.73313795799993], [-57.666107817999944, -17.73288624999998], [-57.666087542999946, -17.73412751799998], [-57.66612244099997, -17.73420603699998], [-57.66675061799998, -17.73500553599996], [-57.66720747499994, -17.73563371299997], [-57.667778545999965, -17.73626189099997], [-57.66852093699998, -17.736661640999955], [-57.669663078999974, -17.73671874799993], [-57.67051175199998, -17.737196125999958], [-57.67060380299995, -17.73720379599996], [-57.67067216999993, -17.737266902999977], [-57.67294239299997, -17.738080756999977], [-57.67391803099997, -17.737983192999934], [-57.67563124299994, -17.73764055099997], [-57.67654495599999, -17.737526336999963], [-57.67751577599995, -17.73746922999993], [-57.67865791699995, -17.737240800999928], [-57.67957162999994, -17.737069479999946], [-57.680085593999934, -17.73672683799998], [-57.680142700999966, -17.736498409999967], [-57.68065666399997, -17.736212873999932], [-57.681227734999936, -17.73604155299995], [-57.68183053299998, -17.73579133499993], [-57.68383211199995, -17.73560938199995], [-57.68514190899998, -17.73579648799995], [-57.685824853999975, -17.735455015999946], [-57.68601521099998, -17.73478876699994], [-57.68668145999993, -17.734503231999952], [-57.68791877899997, -17.73478876699994], [-57.69010788299994, -17.737263405999954], [-57.69134520299997, -17.73935733199994], [-57.693534306999936, -17.740404294999962], [-57.69448609199998, -17.741546435999965], [-57.69458126999996, -17.74392589699994], [-57.694676448999985, -17.746400536999943], [-57.695057161999955, -17.749255889999972], [-57.69543787599997, -17.751635350999948], [-57.69581858999999, -17.75430034699997], [-57.69572341099996, -17.757536413999958], [-57.69610412499998, -17.75886891199997], [-57.69600894699994, -17.760772480999947], [-57.69410537799996, -17.764103725999973], [-57.69296323699996, -17.766388008999968], [-57.692392165999934, -17.76781568599995], [-57.691821094999966, -17.77019514699998], [-57.69058377599998, -17.772860142999946], [-57.68868020699995, -17.775715495999975], [-57.68839467199996, -17.777904599999943], [-57.687538065999945, -17.781521380999948], [-57.68668145999993, -17.784757447999937], [-57.686110388999964, -17.787707979999936], [-57.68468271199998, -17.79170547399997], [-57.68382610599997, -17.79446564899996], [-57.682588786999986, -17.797225823999952], [-57.682874321999975, -17.80008117699998], [-57.682874321999975, -17.805601525999975], [-57.682874321999975, -17.80772308199994], [-57.68401694399995, -17.80904583299997], [-57.68401721399994, -17.80904590199998], [-57.71930778299998, -17.77308340899998], [-57.71129946399998, -17.728661484999975], [-57.71349839199996, -17.727175811999928], [-57.717271738999955, -17.724142013999938], [-57.72046001999996, -17.72135473399993], [-57.72561385999995, -17.721512503999975], [-57.728322255999956, -17.721170667999957], [-57.73029438899994, -17.720013682999934], [-57.73358127599994, -17.715911646999928], [-57.73610560599997, -17.709548231999975], [-57.73805144399995, -17.701580815999932], [-57.74023393699997, -17.696164024999973], [-57.74102279099998, -17.69487556499996], [-57.742153479999956, -17.694191891999935], [-57.74357341599995, -17.69413930199994], [-57.745230006999975, -17.69445484299996], [-57.75001571599995, -17.696137729999975], [-57.751830077999955, -17.694191891999935], [-57.752145618999975, -17.68914323299998], [-57.753144832999965, -17.68435752399995], [-57.756010998999955, -17.67799410899994], [-57.75748352499994, -17.671157381999933], [-57.759659444999954, -17.66682855099998], [-57.761019009999984, -17.66420083099996], [-57.76129412399996, -17.663641730999927], [-57.76150784799995, -17.663239829999952], [-57.76163802899998, -17.66297836399997], [-57.76103191599998, -17.663331290999963], [-57.75879687799994, -17.666236649999973], [-57.75758335299997, -17.667949861999944], [-57.75672674699996, -17.67030552799997], [-57.756541148999986, -17.671761758999935], [-57.756541148999986, -17.67358918499997], [-57.75545611499996, -17.676159001999963], [-57.75431397299997, -17.678100642999937], [-57.75368579599996, -17.67975674799993], [-57.75300051099998, -17.682041029999937], [-57.75197258399999, -17.684268205999956], [-57.751287298999955, -17.686038524999958], [-57.75048779999997, -17.688836770999956], [-57.75014515799995, -17.690435768999976], [-57.74974540799997, -17.691292373999943], [-57.749231444999964, -17.692206087999978], [-57.74843194599998, -17.692434515999935], [-57.74717558999998, -17.692320301999928], [-57.74683294799996, -17.69203476599995], [-57.746376090999945, -17.69140658899994], [-57.745919234999974, -17.691292373999943], [-57.74540527099998, -17.691292373999943], [-57.74443445099996, -17.691635016999953], [-57.74357784499995, -17.691635016999953], [-57.74266413199996, -17.69146369599997], [-57.74203595499995, -17.690892624999947], [-57.741978847999974, -17.690036018999933], [-57.74289256099996, -17.689407840999934], [-57.74380627399995, -17.68889387799993], [-57.74483420099995, -17.68906519899997], [-57.745919234999974, -17.68969337699997], [-57.746718733999955, -17.69049287599995], [-57.747346911999955, -17.691178159999936], [-57.74803219599994, -17.691006838999954], [-57.74843194599998, -17.690207339999972], [-57.74820351799997, -17.689636269999937], [-57.74803219599994, -17.68923651999995], [-57.74900301599996, -17.688950984999963], [-57.749574086999985, -17.688494127999945], [-57.750030943999946, -17.687694628999964], [-57.750316478999935, -17.68683802299995], [-57.75014515799995, -17.686152738999965], [-57.74917433799993, -17.685239025999977], [-57.748888801999954, -17.684667954999952], [-57.74974540799997, -17.68386845599997], [-57.750944656999934, -17.68318317099994], [-57.750944656999934, -17.68255499399993], [-57.75037358599997, -17.68164128099994], [-57.749060122999936, -17.68055624599998], [-57.747632446999944, -17.67975674799993], [-57.747004268999945, -17.679471211999953], [-57.74597634199995, -17.67987096199994], [-57.745747913999935, -17.680670460999977], [-57.74603344899998, -17.68181260199998], [-57.74597634199995, -17.683354492999968], [-57.74534816399995, -17.684610847999977], [-57.744320236999954, -17.68541034699996], [-57.74386338099998, -17.686038524999958], [-57.74323520299998, -17.687351986999943], [-57.74283545299994, -17.688208592999956], [-57.74226438299996, -17.689122305999945], [-57.74157909799993, -17.689921804999926], [-57.74129356299994, -17.69094973199998], [-57.741008026999964, -17.692320301999928], [-57.74032274299998, -17.69397640699998], [-57.73940902999993, -17.696374902999935], [-57.738152673999934, -17.69803100799993], [-57.73763871099993, -17.700657932999945], [-57.73683921199995, -17.70277089399997], [-57.73603971299997, -17.705512032999934], [-57.73558285599995, -17.70768210199998], [-57.73398385899998, -17.71173670299993], [-57.732499074999964, -17.714877591999937], [-57.73164246899995, -17.717390302999945], [-57.730614541999955, -17.718989300999965], [-57.72895843699996, -17.720245655999975], [-57.726959689999944, -17.720816726999942], [-57.72496094199994, -17.720816726999942], [-57.72438987199996, -17.720702512999935], [-57.72409760099998, -17.72038367199997], [-57.72447062599997, -17.71920026099997], [-57.72566035699998, -17.718962314999942], [-57.72815879099994, -17.71860539599993], [-57.72958646699993, -17.717058746999953], [-57.73065722499996, -17.71527415099996], [-57.73018133299996, -17.71384647399998], [-57.729110574999936, -17.713132635999955], [-57.72613624899998, -17.714322365999976], [-57.72494651799997, -17.715750042999957], [-57.72423267999994, -17.717058746999953], [-57.72422638299997, -17.717068190999953], [-57.72290508799995, -17.71761873099996], [-57.722105588999966, -17.718018480999945], [-57.72182005399998, -17.718646657999955], [-57.72153451899993, -17.719274835999954], [-57.72119187599998, -17.71996012099993], [-57.72044948399997, -17.720416976999957], [-57.71973065499998, -17.721025216999976], [-57.719707092999954, -17.721045154999956], [-57.71862205799994, -17.721216475999938], [-57.71807506299996, -17.721708771999943], [-57.71673737799995, -17.72146074899996], [-57.71591278699998, -17.720994675999975], [-57.71588091899997, -17.72093094099995], [-57.71570959799993, -17.72001722799996], [-57.71536695599997, -17.71904640799994], [-57.714510349999955, -17.71824690899996], [-57.71405349299994, -17.717390302999945], [-57.71399769899995, -17.716916049999952], [-57.71408809199994, -17.716830974999937], [-57.71456398399994, -17.71593867699994], [-57.71450449699995, -17.71409459399996], [-57.71427116799998, -17.71316127999995], [-57.71428192099995, -17.71305016599996], [-57.714179170999955, -17.71279328999998], [-57.71408809199994, -17.71242897199994], [-57.71349322599997, -17.710406429999978], [-57.713552712999956, -17.70915721299997], [-57.71373117199994, -17.707789022999975], [-57.71414757799994, -17.706361345999937], [-57.71432603799997, -17.704517263999946], [-57.71426655099998, -17.702911127999982], [-57.714623469999935, -17.70201882999993], [-57.714623469999935, -17.70094807199996], [-57.714385523999965, -17.699579881999966], [-57.71450449699995, -17.698449637999943], [-57.71426655099998, -17.696724528999937], [-57.713612198999954, -17.695237365999958], [-57.71336361899995, -17.694874055999946], [-57.713253993999956, -17.694490369999983], [-57.71359663699997, -17.69094973199998], [-57.71360266999994, -17.69080492599994], [-57.71414757799994, -17.68982409199998], [-57.71432603799997, -17.688277442999947], [-57.71402860499995, -17.68661181999994], [-57.71385014499998, -17.68536260299993], [-57.71343373999997, -17.683994412999937], [-57.712898360999986, -17.68209084399996], [-57.712898360999986, -17.680782139999963], [-57.712541441999974, -17.67941394999997], [-57.711946576999935, -17.67816473299996], [-57.710518899999954, -17.67655859699994], [-57.70950762899997, -17.674833487999933], [-57.70909122299997, -17.673941189999937], [-57.70790149299995, -17.673524783999937], [-57.70653330299996, -17.673346324999955], [-57.706301974999974, -17.67341328799995], [-57.70530193199994, -17.673070306999932], [-57.70438821899995, -17.67261345099996], [-57.704102682999974, -17.67192816599993], [-57.704274004999945, -17.670900238999934], [-57.70421689799997, -17.67021495399996], [-57.70400442399995, -17.669107055999973], [-57.70393981299998, -17.668770154999947], [-57.70385640899997, -17.668706375999932], [-57.70320205699994, -17.667933050999977], [-57.70254770599996, -17.66692177999994], [-57.70171489399996, -17.66620794199997], [-57.70067818899997, -17.665280362999965], [-57.70065076599997, -17.66528804199993], [-57.70039072399999, -17.66536085399997], [-57.698563297999954, -17.66376185599995], [-57.69685008599998, -17.661820215999967], [-57.696678764999945, -17.660963609999953], [-57.696422032999976, -17.659851104999973], [-57.69633612299998, -17.65947882599994], [-57.695765051999956, -17.65713743599997], [-57.693614998999976, -17.65620996299998], [-57.69285259199995, -17.65588108099996], [-57.691482021999946, -17.655024474999948], [-57.69096805899994, -17.65439629699995], [-57.690396987999975, -17.65285440699995], [-57.689711702999944, -17.652340442999957], [-57.68925484699997, -17.65222622899995], [-57.68891220399996, -17.653025727999932], [-57.689483274999986, -17.654224975999966], [-57.690396987999975, -17.655310009999937], [-57.69125359399993, -17.65599529499997], [-57.69125359399993, -17.656395044999954], [-57.69079673699997, -17.657251650999967], [-57.690225666999936, -17.657822720999945], [-57.690111452999986, -17.658793540999966], [-57.689711702999944, -17.65947882599994], [-57.68885509699999, -17.659935682999958]], [[-57.69342177499993, -17.664416873999983], [-57.692916138999976, -17.66447635999998], [-57.69241050399995, -17.66411944099997], [-57.69226178699995, -17.66370303599996], [-57.69199409799995, -17.663227142999972], [-57.69223204399998, -17.662632277999933], [-57.692351016999964, -17.662156385999936], [-57.69223204399998, -17.66159126399998], [-57.69229153099997, -17.660907168999927], [-57.692559219999964, -17.660163586999943], [-57.69295108799997, -17.660049818999937], [-57.69324331499996, -17.660342046999972], [-57.69348126099993, -17.660907168999927], [-57.69404638299994, -17.66138306099998], [-57.69431407299999, -17.661739979999936], [-57.69434381599996, -17.662305101999948], [-57.694195099999945, -17.662959453999974], [-57.69428432899997, -17.66373277899993], [-57.693986896999945, -17.664208670999926], [-57.69342177499993, -17.664416873999983]], [[-57.69119102999997, -17.67316139299993], [-57.690893596999956, -17.673310108999942], [-57.69083411099996, -17.67313164999996], [-57.69119102999997, -17.672150121999948], [-57.69139923299997, -17.67125782399995], [-57.69160743599997, -17.670157323999945], [-57.69187512499997, -17.66920553899996], [-57.69217255799998, -17.66843221399995], [-57.69229153099997, -17.66813478199998], [-57.69223204399998, -17.66780760599994], [-57.692411886999935, -17.667717683999967], [-57.69267819299995, -17.668105037999965], [-57.69261870699995, -17.668670159999976], [-57.69238076099998, -17.669354254999973], [-57.69217255799998, -17.670127579999928], [-57.69190486799994, -17.671198337999954], [-57.69175615199998, -17.67209063599995], [-57.69139923299997, -17.672834216999945], [-57.69119102999997, -17.67316139299993]], [[-57.68032458699997, -17.72142852199994], [-57.67988676599998, -17.72159984299998], [-57.67967737299995, -17.721104914999955], [-57.679239552999945, -17.720609986999932], [-57.678858838999986, -17.720571915999926], [-57.67821162499996, -17.720686129999933], [-57.67794512599994, -17.72043866599995], [-57.67773573299996, -17.72009602299994], [-57.677621518999956, -17.71971530999997], [-57.67771669799998, -17.719563023999967], [-57.67796959999998, -17.71939170299993], [-57.678249696999956, -17.71939170299993], [-57.67855426799997, -17.71944880999996], [-57.67899208899996, -17.719258452999952], [-57.67996290899998, -17.719030024999938], [-57.68043880099998, -17.71908713199997], [-57.680781442999944, -17.71973434499995], [-57.68062915799993, -17.720286379999948], [-57.68062915799993, -17.720895521999978], [-57.68032458699997, -17.72142852199994]], [[-57.68010700899998, -17.730303482999943], [-57.679321786999935, -17.73105301299995], [-57.67842948899994, -17.730981628999928], [-57.67800118599996, -17.730660401999955], [-57.67764426699995, -17.730303482999943], [-57.67757288299998, -17.729839487999982], [-57.67792980199994, -17.729232724999974], [-57.678536564999945, -17.728733038999962], [-57.678715023999985, -17.728554578999933], [-57.679106082999965, -17.72844595099997], [-57.67939317099996, -17.728733038999962], [-57.679643013999964, -17.729232724999974], [-57.680142700999966, -17.729696719999936], [-57.68010700899998, -17.730303482999943]], [[-57.67864363999996, -17.734086825999952], [-57.67792980199994, -17.734872047999943], [-57.676930427999935, -17.735050507999972], [-57.675716902999966, -17.73562157799995], [-57.674753221999936, -17.735978496999962], [-57.673504004999984, -17.73612126499995], [-57.67279016599997, -17.73604988099993], [-57.672361862999935, -17.73594280499998], [-57.672219095999935, -17.73576434599994], [-57.672540322999964, -17.73547881099995], [-57.67262866599998, -17.735349692999932], [-57.67436061099994, -17.73433666899996], [-57.675859670999955, -17.733658522999974], [-57.67721596399997, -17.73358713899995], [-57.67814395399995, -17.733694214999957], [-57.67864363999996, -17.734086825999952]], [[-57.67972867499998, -17.735111183999948], [-57.679985655999985, -17.734897031999935], [-57.68034257599999, -17.734897031999935], [-57.68061935299994, -17.734801304999962], [-57.681056413999954, -17.73496841599996], [-57.68112779799998, -17.735196843999972], [-57.68095647599995, -17.735439548999977], [-57.68067094099996, -17.735568039999976], [-57.68031402199995, -17.73561087099995], [-57.68002848699996, -17.735596593999958], [-57.679800057999955, -17.73546810299996], [-57.67970012099994, -17.73528250499993], [-57.67972867499998, -17.735111183999948]]]}}, {"type": "Feature", "properties": {"OBJECTID": 79, "TIPO": "LAGO OU LAGOA OU REP", "NOME": null, "MI_CARTA": null, "Shape_Leng": 0.162903392422, "Shape_Area": 0.00020526156658}, "geometry": {"type": "Polygon", "coordinates": [[[-53.68156006799995, -23.131324089999964], [-53.68314452299995, -23.13377252799995], [-53.68357664699994, -23.132620336999935], [-53.68516084199996, -23.132188268999982], [-53.68818542599996, -23.133340387999965], [-53.68948168899993, -23.13478076299998], [-53.68962581999995, -23.13636495299994], [-53.68876150799997, -23.138093396999977], [-53.68789743899998, -23.137805336999975], [-53.686024988999975, -23.137373152999942], [-53.68300059499995, -23.13708516099996], [-53.68011982899998, -23.13722910699994], [-53.67925557399997, -23.137229109999964], [-53.67839149699995, -23.134348604999957], [-53.67781542199998, -23.131612100999973], [-53.677527348999945, -23.129019657999947], [-53.67680708499995, -23.125995090999936], [-53.675511007999944, -23.12383465199997], [-53.67680722399996, -23.13017197499994], [-53.675655036999956, -23.132332232999943], [-53.67623117699998, -23.136076989999935], [-53.67810345099997, -23.13982174399996], [-53.68069597099998, -23.141261989999975], [-53.68458480999993, -23.14255829399997], [-53.68847346399997, -23.144286474999944], [-53.69005779399998, -23.14687903899994], [-53.690489930999945, -23.14975954399995], [-53.693082457999935, -23.153360169999928], [-53.69625111399995, -23.157104981999964], [-53.699563704999946, -23.159841478999965], [-53.698699499999975, -23.15595265999997], [-53.69639504199995, -23.15379228699993], [-53.69437876699993, -23.14990365799997], [-53.69365863099995, -23.14774321799996], [-53.69351456099997, -23.145870901999956], [-53.69265036099995, -23.14342227399993], [-53.69106596599994, -23.140397708999956], [-53.69048983099998, -23.138381392999975], [-53.690489886999956, -23.136365075999947], [-53.690201753999986, -23.13434863499998], [-53.68933761799997, -23.132620320999933], [-53.687465352999936, -23.131324009999958], [-53.68559283999997, -23.130892014999972], [-53.68458470199994, -23.128731637999977], [-53.684296693999954, -23.126715195999964], [-53.68386455799998, -23.124266691999935], [-53.683144357999936, -23.12153018799995], [-53.68069601899998, -23.118073498999934], [-53.678967504999946, -23.116921375999937], [-53.67767142799994, -23.114616936999937], [-53.67781529699994, -23.11260049499998], [-53.677383290999956, -23.11159224399995], [-53.67651916699998, -23.11332062499997], [-53.67666323999998, -23.116201193999927], [-53.677815376999945, -23.11792950699993], [-53.679543645999956, -23.120522070999982], [-53.68083991299994, -23.123546635999958], [-53.68156011499997, -23.126571140999943], [-53.68141618599998, -23.129307709999978], [-53.68156006799995, -23.131324089999964]]]}}, {"type": "Feature", "properties": {"OBJECTID": 79, "TIPO": "LAGO OU LAGOA OU REP", "NOME": null, "MI_CARTA": null, "Shape_Leng": 0.0995955364168, "Shape_Area": 9.09614197184e-05}, "geometry": {"type": "Polygon", "coordinates": [[[-57.772778899999935, -17.636116931999936], [-57.772398186999965, -17.63697353799995], [-57.772683721999954, -17.637925321999944], [-57.77344514899994, -17.63830603599996], [-57.77458729099993, -17.638686749999977], [-57.77582460999997, -17.638972284999966], [-57.776681215999986, -17.639448176999963], [-57.77744264399996, -17.63992406899996], [-57.77884436599999, -17.640391309999927], [-57.778855792999934, -17.640431305999982], [-57.779917282999975, -17.64182763799994], [-57.78077388899993, -17.644111920999933], [-57.78039317599996, -17.645729953999933], [-57.77944139099998, -17.64753834499993], [-57.77715710899997, -17.648680485999932], [-57.77639568099994, -17.649727448999954], [-57.77601496699998, -17.650964767999938], [-57.775634253999954, -17.65372494299993], [-57.77325479299998, -17.655533333999927], [-57.772777502999986, -17.65589925599994], [-57.77277368499995, -17.655906598999934], [-57.77276606099997, -17.655908027999942], [-57.77039943899996, -17.65772243799995], [-57.76878140599996, -17.65829350799993], [-57.768019977999984, -17.658103150999978], [-57.768115156999954, -17.657436901999972], [-57.76878140599996, -17.656865831999937], [-57.76952551599999, -17.65567525499995], [-57.769302006999965, -17.65557746999997], [-57.769447654999965, -17.655438154999956], [-57.76906694099995, -17.654867084999978], [-57.76897176299997, -17.65448637099996], [-57.76897176299997, -17.653915299999937], [-57.76887658399994, -17.653534585999978], [-57.768115156999954, -17.653249050999932], [-57.767829620999976, -17.65334422899997], [-57.76735372899998, -17.654010478999965], [-57.76611640999994, -17.65477190599995], [-57.76568776899995, -17.65559856899995], [-57.76242302899993, -17.65781016699998], [-57.76242302899993, -17.65947578999993], [-57.76244433599999, -17.661592113999973], [-57.763231195999936, -17.66055935999998], [-57.764973802999975, -17.660995011999944], [-57.764925620999975, -17.660704959999975], [-57.765164624999954, -17.660197076999964], [-57.76602123099997, -17.65962600699993], [-57.76947007999996, -17.659609614999965], [-57.772182664999946, -17.658086759999946], [-57.77636975399997, -17.654770586999973], [-57.77702735999998, -17.65033932999995], [-57.78053337399996, -17.64739427899997], [-57.78140987699999, -17.644010974999958], [-57.78105927599995, -17.640277070999957], [-57.783005113999934, -17.63682364699997], [-57.78250324299995, -17.636194132999947], [-57.78098282499997, -17.636751937999975], [-57.77999441999998, -17.636827968999967], [-57.77944139099998, -17.636116931999936], [-57.778584784999964, -17.636021752999966], [-57.77791853599996, -17.636116931999936], [-57.77687157299994, -17.635736217999977], [-57.77525353999994, -17.635165146999952], [-57.77439693399998, -17.63545068299993], [-57.77334997099996, -17.63564103999994], [-57.772778899999935, -17.636116931999936]]]}}, {"type": "Feature", "properties": {"OBJECTID": 79, "TIPO": "LAGO OU LAGOA OU REP", "NOME": null, "MI_CARTA": null, "Shape_Leng": 0.00824304511133, "Shape_Area": 4.65864811984e-06}, "geometry": {"type": "Polygon", "coordinates": [[[-57.77885096299997, -17.611854741999935], [-57.77925071299995, -17.61208316999995], [-57.77982178299993, -17.61196895599994], [-57.78016442599994, -17.611683420999952], [-57.78056417499994, -17.610712600999932], [-57.78079260299995, -17.60991310199995], [-57.78027863999995, -17.608999388999962], [-57.77953624799994, -17.60911360299997], [-57.77913649899995, -17.609342030999926], [-57.778965176999975, -17.609627565999972], [-57.77890806999994, -17.610027315999957], [-57.77873674899996, -17.610655492999967], [-57.778679641999986, -17.611226563999935], [-57.77885096299997, -17.611854741999935]]]}}, {"type": "Feature", "properties": {"OBJECTID": 79, "TIPO": "LAGO OU LAGOA OU REP", "NOME": null, "MI_CARTA": null, "Shape_Leng": 0.0295500304815, "Shape_Area": 1.78069700721e-05}, "geometry": {"type": "Polygon", "coordinates": [[[-57.70756686699997, -17.582674978999933], [-57.70710508399998, -17.583706779999943], [-57.707816444999935, -17.58355434599997], [-57.708351823999976, -17.583375885999942], [-57.70882771599997, -17.58420869799994], [-57.70870874299993, -17.584744075999936], [-57.70787593199998, -17.585636373999932], [-57.70710260699997, -17.587242509999953], [-57.70668620099997, -17.58831326799998], [-57.70603184899994, -17.58932453899996], [-57.70519903799993, -17.59015734999997], [-57.70436622699998, -17.590692728999954], [-57.703851078999946, -17.591259390999937], [-57.70372149599996, -17.591613029999962], [-57.70359290199997, -17.592298864999975], [-57.70400930799997, -17.592953216999945], [-57.704723145999935, -17.593012702999943], [-57.70537749799996, -17.592893729999957], [-57.70585338999996, -17.592477324999948], [-57.70668620099997, -17.59158502699995], [-57.70674005199999, -17.59163887799997], [-57.70740984799994, -17.590530248999983], [-57.70751901299997, -17.58938402499996], [-57.70734055299994, -17.588848646999963], [-57.70751901299997, -17.588015834999965], [-57.708411309999974, -17.587183023999955], [-57.709184634999986, -17.58646918599993], [-57.70966052699998, -17.585517400999947], [-57.71013641999997, -17.584327670999983], [-57.71013641999997, -17.583732804999954], [-57.709184634999986, -17.58355434599997], [-57.70870874299993, -17.58278102099996], [-57.70829233699993, -17.582543074999933], [-57.70756686699997, -17.582674978999933]]]}}, {"type": "Feature", "properties": {"OBJECTID": 79, "TIPO": "LAGO OU LAGOA OU REP", "NOME": null, "MI_CARTA": null, "Shape_Leng": 0.0071106278235, "Shape_Area": 3.14895971488e-06}, "geometry": {"type": "Polygon", "coordinates": [[[-57.71031487899995, -17.581234370999937], [-57.710671797999964, -17.581234370999937], [-57.711266663999936, -17.580817965999927], [-57.71221844799999, -17.579866180999943], [-57.71221844799999, -17.578973882999946], [-57.71162358299995, -17.57885490999996], [-57.710903092999956, -17.57915158299994], [-57.710255392999954, -17.580163613999957], [-57.710017446999984, -17.58075847899994], [-57.71031487899995, -17.581234370999937]]]}}, {"type": "Feature", "properties": {"OBJECTID": 79, "TIPO": "LAGO OU LAGOA OU REP", "NOME": null, "MI_CARTA": null, "Shape_Leng": 0.479714431917, "Shape_Area": 0.00103011349791}, "geometry": {"type": "Polygon", "coordinates": [[[-57.71909254099995, -17.549302483999952], [-57.71292309599994, -17.55880671799997], [-57.711198758999956, -17.56724066199996], [-57.71094378599997, -17.570356192999952], [-57.711683068999946, -17.570526796999957], [-57.71162358299995, -17.571002688999954], [-57.71114769099995, -17.572013959999936], [-57.711088203999964, -17.573084716999972], [-57.71156409599996, -17.57421496099994], [-57.71180204199993, -17.575226231999977], [-57.71215896099994, -17.57576161099996], [-57.71239690799996, -17.57540469199995], [-57.71239690799996, -17.574690853999982], [-57.712277934999975, -17.57332266399993], [-57.71233742099997, -17.571716526999978], [-57.712932285999955, -17.570110390999957], [-57.71400304399998, -17.56886117399995], [-57.714156453999976, -17.568558287999963], [-57.71546995099993, -17.562574576999964], [-57.71543071999997, -17.562496115999977], [-57.714776368999935, -17.56184176399995], [-57.71489534199998, -17.560949465999954], [-57.715787639999974, -17.560116654999945], [-57.71697736999994, -17.559462302999975], [-57.717392374999974, -17.55939012899995], [-57.71975624999993, -17.555844314999945], [-57.723182673999986, -17.55489252999996], [-57.72565731399993, -17.55508288699997], [-57.72603802799995, -17.55641538499998], [-57.726799454999934, -17.56079359399996], [-57.729464450999956, -17.564791087999936], [-57.73479444399993, -17.568788582999957], [-57.738601581999944, -17.571834292999938], [-57.741078209999955, -17.57526576999993], [-57.74321972399997, -17.576479294999956], [-57.745789541999955, -17.57705036599998], [-57.74807382499995, -17.57797835499997], [-57.749787036999976, -17.578977728999973], [-57.750715026999956, -17.579762950999964], [-57.75135748099996, -17.581047859999956], [-57.75157163299997, -17.581975849999935], [-57.75321346099997, -17.583403526999973], [-57.75485528899998, -17.584688434999975], [-57.75585466199993, -17.585259505999943], [-57.757489617999966, -17.586021672999948], [-57.758017982999945, -17.58668212899994], [-57.75847018999997, -17.58685605499994], [-57.758409298999936, -17.586960439999928], [-57.75745751499994, -17.588578473999974], [-57.75764787199995, -17.589720614999976], [-57.758409298999936, -17.591338647999976], [-57.76078875999997, -17.593432573999962], [-57.76326339999997, -17.59419400099995], [-57.763168220999944, -17.59552649999995], [-57.76364411299994, -17.597049354999967], [-57.764405540999974, -17.597239711999975], [-57.766575057999944, -17.59856028699994], [-57.765956528999936, -17.600078494999934], [-57.76538545799997, -17.601220635999937], [-57.765926613999966, -17.602016453999966], [-57.765833217999955, -17.602950417999978], [-57.76630910999995, -17.603807023999934], [-57.767260893999946, -17.60428291599993], [-57.76792714299995, -17.604853986999956], [-57.769069284999944, -17.60580577099995], [-57.77059213999996, -17.606472019999956], [-57.77230535199993, -17.606281662999947], [-57.77268934899996, -17.605562256999974], [-57.77331395699997, -17.604997134999962], [-57.774399276999986, -17.604663629999948], [-57.77535106199997, -17.604568450999977], [-57.77696909499997, -17.604663629999948], [-57.77858712899996, -17.605329878999953], [-57.77964292599995, -17.60600174999996], [-57.77973360799996, -17.60614611999995], [-57.78001914299995, -17.606431655999927], [-57.78137543599996, -17.607074109999928], [-57.782374809999965, -17.608787321999955], [-57.78258896099993, -17.610500533999982], [-57.78201789099995, -17.61157129099996], [-57.780947132999984, -17.612713432999954], [-57.779376688999946, -17.613355886999955], [-57.77724345599995, -17.613379537999947], [-57.77696642999996, -17.61242581199997], [-57.776452466999956, -17.61214027699998], [-57.776109823999946, -17.611740527999928], [-57.77559586099994, -17.611112349999928], [-57.775310324999964, -17.61025574399997], [-57.77525321799993, -17.609456244999933], [-57.77559586099994, -17.609399137999958], [-57.77668089499997, -17.609513351999965], [-57.777423286999976, -17.609399137999958], [-57.77810857099996, -17.609227816999976], [-57.77845121399997, -17.60831410399993], [-57.77816567799994, -17.60768592599993], [-57.77788014299995, -17.607000640999956], [-57.777366179999945, -17.607000640999956], [-57.77593850299996, -17.60848542499997], [-57.77559586099994, -17.60848542499997], [-57.77479636199996, -17.60865674599995], [-57.77382554199994, -17.609170709999944], [-57.77331157799995, -17.610084422999932], [-57.77354000599996, -17.610712600999932], [-57.77433950499994, -17.611340777999942], [-57.774682147999954, -17.61179763499996], [-57.77434525999996, -17.612860043999945], [-57.77636121799998, -17.61321064499998], [-57.77832458499995, -17.61456045999995], [-57.77965686999994, -17.61631346699994], [-57.78104174599997, -17.61652382799997], [-57.78239156099994, -17.61554214399996], [-57.78361866599994, -17.612702272999968], [-57.78454775999995, -17.609546860999956], [-57.78426727899995, -17.607706202999964], [-57.778254464999975, -17.604533260999972], [-57.77573013499995, -17.601658329999964], [-57.774608210999986, -17.59937942099998], [-57.77354267099997, -17.596963615999982], [-57.77333954499994, -17.59640604699996], [-57.77324685499997, -17.595516217999943], [-57.77287642199997, -17.595145785999932], [-57.77221017299996, -17.594384357999957], [-57.77154392399996, -17.594479536999927], [-57.77116320999994, -17.595050606999962], [-57.771448745999976, -17.596097569999927], [-57.77249570799995, -17.597430067999937], [-57.773352313999965, -17.59819149599997], [-57.77295850099995, -17.598289948999934], [-57.77201821099993, -17.598253074999946], [-57.77163910199994, -17.597810781999954], [-57.77106803199996, -17.597239711999975], [-57.768878927999936, -17.595431320999978], [-57.76821267899999, -17.594479536999927], [-57.76840303599994, -17.59419400099995], [-57.768878927999936, -17.593527751999943], [-57.768878927999936, -17.592861502999938], [-57.768783748999965, -17.59200489699998], [-57.76859339199996, -17.59095793499995], [-57.76735607299997, -17.58962543599995], [-57.76564286099995, -17.59076757799994], [-57.76402482699996, -17.591148290999968], [-57.76364411299994, -17.590482041999962], [-57.764215183999966, -17.58962543599995], [-57.76688017999999, -17.588292937999938], [-57.766998213999955, -17.588122444999954], [-57.76772618399997, -17.588585697999974], [-57.76924903899999, -17.589156768999942], [-57.77020082399997, -17.59086998099997], [-57.77280609699994, -17.593705131999968], [-57.773017025999934, -17.593686227999967], [-57.772625706999975, -17.589553198999965], [-57.771948459999976, -17.58623469099996], [-57.77130108599994, -17.58306255699995], [-57.77119802999994, -17.58255758399997], [-57.77034462499995, -17.581083520999982], [-57.768926516999954, -17.582272901999943], [-57.768284061999964, -17.582558436999932], [-57.76778437599995, -17.582272901999943], [-57.76649946699996, -17.582201517999977], [-57.76607116399998, -17.582272901999943], [-57.76564286099995, -17.582843971999978], [-57.76507178999998, -17.58384334599998], [-57.765143173999945, -17.585128254999972], [-57.765285941999934, -17.586770082999976], [-57.76492902199993, -17.587555304999967], [-57.764072415999976, -17.588483294999946], [-57.76335857799995, -17.588982981999948], [-57.76157398199996, -17.589411284999926], [-57.76114567899998, -17.590053738999927], [-57.761359830999936, -17.591624183999954], [-57.76178813399997, -17.592052486999933], [-57.76200228499994, -17.592766324999957], [-57.76143121499996, -17.592766324999957], [-57.76050322499998, -17.59233802199998], [-57.759789386999955, -17.59169556699993], [-57.75857586199999, -17.59041065799994], [-57.758361709999974, -17.58933990099996], [-57.75936108399998, -17.588197759999957], [-57.76121706299995, -17.588054991999968], [-57.76364411299994, -17.587483920999944], [-57.76442933599998, -17.585770709999963], [-57.76392964899998, -17.58348642699997], [-57.76321581099995, -17.58177321499994], [-57.763144426999986, -17.58034553799996], [-57.76321581099995, -17.579631699999936], [-57.76285889099995, -17.578989245999935], [-57.76171674999995, -17.578061255999955], [-57.76150259899998, -17.577632952999977], [-57.76221643699995, -17.577704336999943], [-57.763715496999964, -17.577918487999966], [-57.765285941999934, -17.577847103999943], [-57.765785627999946, -17.57734741799993], [-57.765770292999946, -17.577318936999973], [-57.76621393099998, -17.576490811999975], [-57.76649946699996, -17.575991124999973], [-57.76633921599995, -17.574933467999927], [-57.76451103799997, -17.57259339899997], [-57.76335857799995, -17.572778851999942], [-57.76114567899998, -17.573064387999977], [-57.759646618999966, -17.573135771999944], [-57.75850447799996, -17.572207781999964], [-57.754863901999954, -17.57070872099996], [-57.75342501999995, -17.569720867999933], [-57.752843362999954, -17.57015560399998], [-57.75325906099994, -17.572291148999966], [-57.754122827999936, -17.574220389999937], [-57.75321346099997, -17.57405224499996], [-57.75192855199998, -17.57383809299995], [-57.75107194599997, -17.573909476999972], [-57.749787036999976, -17.57369532599995], [-57.749001814999986, -17.573124254999982], [-57.74835935999994, -17.57226764899997], [-57.74764552199997, -17.571411042999955], [-57.746717531999934, -17.570911355999954], [-57.74507570399999, -17.570483052999975], [-57.74400494699995, -17.57069720499993], [-57.74343387599998, -17.571339658999932], [-57.74312606999996, -17.57143759799993], [-57.742979789999936, -17.570121080999968], [-57.74240871899997, -17.56726572799994], [-57.74336050399995, -17.56402966099995], [-57.74545442899995, -17.56250680599993], [-57.74850013899999, -17.563077875999966], [-57.75217786099995, -17.567103360999965], [-57.75320808399994, -17.567464266999934], [-57.75357019799998, -17.567153580999957], [-57.752294742999936, -17.564463113999977], [-57.75027391499998, -17.562090422999972], [-57.74780368499995, -17.55751910999993], [-57.74605281999993, -17.55141708499997], [-57.74418984399995, -17.54492433599995], [-57.73813065599995, -17.543857836999962], [-57.72686844599997, -17.543479370999933], [-57.72197885999998, -17.547140767999963], [-57.71909254099995, -17.549302483999952]], [[-57.744576016999986, -17.571910729999956], [-57.74571815799993, -17.571411042999955], [-57.746574763999945, -17.571411042999955], [-57.74793105699996, -17.57262456799998], [-57.749144581999985, -17.573909476999972], [-57.750072571999965, -17.574409163999974], [-57.75207131899998, -17.57448054799994], [-57.75278515799994, -17.57462331499994], [-57.753570379999985, -17.575622688999943], [-57.75479303199995, -17.577219860999946], [-57.754972272999964, -17.578116069999965], [-57.754401202999986, -17.58020999499996], [-57.75383013199996, -17.58192320699993], [-57.75349899599996, -17.58283245599995], [-57.75314207699995, -17.58226138499998], [-57.75292792499994, -17.581047859999956], [-57.75285654099997, -17.579762950999964], [-57.75199993599995, -17.579120496999963], [-57.75064364299993, -17.57797835499997], [-57.74864489599997, -17.576764829999945], [-57.74678891599996, -17.575694072999966], [-57.74507570399999, -17.574908850999975], [-57.743933562999985, -17.57383809299995], [-57.744076329999984, -17.572695951999947], [-57.744576016999986, -17.571910729999956]], [[-57.769084702999976, -17.583473482999977], [-57.76923698899998, -17.58328312599997], [-57.769446381999956, -17.58330216199994], [-57.769645330999936, -17.583333246999928], [-57.77030298799997, -17.584025517999976], [-57.77095020099995, -17.58434912399997], [-57.770969236999974, -17.58453948099998], [-57.77049334399993, -17.58469176699998], [-57.770074558999966, -17.58472983799993], [-57.769808059999946, -17.584844051999937], [-57.769712880999975, -17.584958265999944], [-57.769636737999974, -17.58524380199998], [-57.76940830999996, -17.585491265999963], [-57.769084702999976, -17.585548372999938], [-57.76857073999997, -17.585319943999934], [-57.76836134699994, -17.58505344499997], [-57.76832327599993, -17.584786944999962], [-57.76855170399995, -17.584463337999978], [-57.76879916799999, -17.584196838999958], [-57.76891338199994, -17.58393033899995], [-57.76891338199994, -17.583682874999965], [-57.769084702999976, -17.583473482999977]], [[-57.773641132999956, -17.60443201299995], [-57.772986781999975, -17.604759188999935], [-57.77239191599995, -17.605205337999962], [-57.772213456999964, -17.604788931999963], [-57.77254063299995, -17.604313039999965], [-57.77251088899993, -17.60380740499994], [-57.772005253999964, -17.60356945899997], [-57.77141038899998, -17.60356945899997], [-57.77087500999994, -17.60377766099998], [-57.770547833999956, -17.604164323999953], [-57.77028014499996, -17.604580728999963], [-57.770339630999956, -17.604907904999948], [-57.77063706399997, -17.605086364999977], [-57.77111295599997, -17.605175594999935], [-57.77185653799995, -17.605086364999977], [-57.77211707599997, -17.605493338999963], [-57.77194218599993, -17.60546835499997], [-57.77163910199994, -17.605425056999934], [-57.770496960999935, -17.60580577099995], [-57.76964035499998, -17.605615413999942], [-57.76935481999993, -17.605044343999964], [-57.76954517699994, -17.60428291599993], [-57.770306603999984, -17.603521488999945], [-57.77097285299993, -17.60256970399996], [-57.771448745999976, -17.602093811999964], [-57.771448745999976, -17.601332384999978], [-57.77116320999994, -17.60019024299993], [-57.77230535199993, -17.59990470799994], [-57.773352313999965, -17.60019024299993], [-57.77420891999998, -17.600856491999934], [-57.775065525999935, -17.601903454999956], [-57.774399276999986, -17.60276006099997], [-57.77376010599994, -17.60362894499997], [-57.77387907899998, -17.604134580999983], [-57.773641132999956, -17.60443201299995]]]}}, {"type": "Feature", "properties": {"OBJECTID": 20, "TIPO": "RIO", "NOME": "RIO PARANA", "MI_CARTA": "SF21", "Shape_Leng": 24.0794203409, "Shape_Area": 0.220459135701}, "geometry": {"type": "MultiPolygon", "coordinates": [[[[-50.92416830999997, -19.55861740299997], [-50.922909079999954, -19.57162479699997], [-50.92312982399994, -19.576060826999935], [-50.92439462899995, -19.580884596999965], [-50.92522904499998, -19.582774762999975], [-50.92799821299997, -19.587800088999927], [-50.930556466999974, -19.59028262399994], [-50.93424219099995, -19.591779075999966], [-50.93757901899994, -19.592270647999953], [-50.943119932999934, -19.592207561999942], [-50.94654257499997, -19.591689793999933], [-50.949750123999934, -19.59003948299994], [-50.95099336399994, -19.58817746799997], [-50.95199557899997, -19.58667644199994], [-50.95555286999996, -19.58400954299998], [-50.96180218599994, -19.58173979199995], [-50.96194252599997, -19.581735066999954], [-50.96287033799996, -19.581703825999966], [-50.97086762899994, -19.58143454599997], [-50.97124246599998, -19.581421924999972], [-50.97449743499993, -19.581646133999982], [-50.974498970999946, -19.581646520999982], [-50.97707977999994, -19.582297239999946], [-50.977913058999945, -19.58250733999995], [-50.981693115999974, -19.58427514599998], [-50.983098591999976, -19.58523850599994], [-50.98424482899998, -19.58602417299994], [-50.98755458199997, -19.589507554999955], [-50.98860349399996, -19.59282143799993], [-50.990467646999946, -19.60540189099993], [-50.99260246999995, -19.610414108999976], [-50.996743960999936, -19.616373857999974], [-50.997735327999976, -19.61928565599993], [-50.998645101999955, -19.62195780199994], [-50.99872669499996, -19.622197450999977], [-51.002113479999934, -19.62795054999998], [-51.00355024399994, -19.629707922999955], [-51.004575081999974, -19.632494377999933], [-51.005897850999986, -19.638189654999962], [-51.00823459199995, -19.640787643999943], [-51.00902348699998, -19.641950244999975], [-51.00903848299998, -19.641972342999964], [-51.01077334699994, -19.64452957499998], [-51.011577354999986, -19.64668609599994], [-51.01206731299993, -19.651850106999973], [-51.012112710999986, -19.652328583999974], [-51.01318135899999, -19.654358641999977], [-51.02079938199995, -19.659051887999965], [-51.02124886099995, -19.659584648999953], [-51.021599539999954, -19.660000301999958], [-51.02161328899996, -19.66001659799997], [-51.02161685699997, -19.660020822999968], [-51.02213489899998, -19.660634227999935], [-51.02681519799995, -19.671414023999944], [-51.03189744399998, -19.68111480999994], [-51.036574256999984, -19.68701243299995], [-51.038180813999986, -19.69176749299993], [-51.03931705699995, -19.704715818999944], [-51.03958456799995, -19.705419587999927], [-51.039798391999966, -19.713494183999956], [-51.038495517999934, -19.719533213999966], [-51.039257600999974, -19.721253124999976], [-51.04139570199993, -19.723789833999945], [-51.045407945999955, -19.727403273999983], [-51.045944377999945, -19.729050868999934], [-51.04598301499993, -19.730887224999947], [-51.04603696099997, -19.73345123599995], [-51.046079918999965, -19.735492997999927], [-51.046081810999965, -19.735582918999967], [-51.045904071999985, -19.736123299999974], [-51.04543293099994, -19.73755571399994], [-51.04412939599996, -19.73910466799998], [-51.04260682599994, -19.740913897999974], [-51.03485139199995, -19.746685707999973], [-51.03030711499997, -19.751441908999936], [-51.02790172799996, -19.756575448999968], [-51.02816866899997, -19.759111980999933], [-51.029143989999966, -19.761273132999975], [-51.03125416599994, -19.76476606799997], [-51.036582135999936, -19.770703588999936], [-51.03993940099997, -19.777118283999982], [-51.04007638799993, -19.782254276999936], [-51.03946521499995, -19.783743047999963], [-51.03885404299996, -19.78523181999998], [-51.03884982999995, -19.785238745999948], [-51.03726913999998, -19.787837877999948], [-51.03562501599998, -19.789076628999965], [-51.03349787099995, -19.790679314999977], [-51.03346809499993, -19.79070175499993], [-51.03309528999995, -19.79098279799996], [-51.032722485999955, -19.791263839999942], [-51.02670437799998, -19.798303639999972], [-51.02362888599998, -19.803945643999953], [-51.02269314999995, -19.80749719099998], [-51.022188151999956, -19.815390039999954], [-51.02063040099995, -19.828483794999954], [-51.018965685999945, -19.832967923999945], [-51.01819866899996, -19.83728112299997], [-51.01979351799997, -19.85198311299996], [-51.02018624899995, -19.85707817599996], [-51.02020724399995, -19.85885022499997], [-51.02027775499994, -19.864801344999933], [-51.020144923999965, -19.86557424199998], [-51.01930693299994, -19.87045024599996], [-51.01617021299995, -19.87676857599996], [-51.01310907799996, -19.88293465499993], [-51.01056527399993, -19.887032088999945], [-51.00888433799997, -19.888812236999968], [-51.00794581499997, -19.890580822999937], [-51.00643519499994, -19.893427491999944], [-51.002909348999935, -19.900071725999965], [-51.001823841999965, -19.902832737999972], [-51.00132079699995, -19.903590287999975], [-50.99947130299995, -19.906375499999967], [-50.99950323899998, -19.911718913999948], [-50.999767334999945, -19.91630013499997], [-51.00020300899996, -19.918117610999957], [-51.002498609999975, -19.924794949999978], [-51.005082270999935, -19.928260981999927], [-51.01029000999995, -19.93524726399994], [-51.01163719699997, -19.93793007499994], [-51.013917757999934, -19.944476245999965], [-51.01716015699998, -19.951605233999942], [-51.02002507999998, -19.956309510999972], [-51.02091117699996, -19.95908742299997], [-51.02114894899995, -19.964028275999965], [-51.02082447599997, -19.96787053999998], [-51.01865508199995, -19.973625544999948], [-51.01535432299994, -19.980684357999962], [-51.01419072999994, -19.98222281799997], [-51.008503349999955, -19.98974246299997], [-51.00788306399994, -19.99080671799993], [-51.00548609799995, -19.99606493899995], [-51.00480712299998, -19.999217143999942], [-51.00533185099994, -20.003305558999955], [-51.00487502699997, -20.01778607999995], [-51.00541386899994, -20.021272014999965], [-51.006036463999976, -20.025299765999932], [-51.010446283999954, -20.033973681999953], [-51.016864933999955, -20.04159313599996], [-51.01796609799993, -20.046256136999943], [-51.01788844199996, -20.04839252499994], [-51.01596094699994, -20.052898020999976], [-51.013745933999985, -20.06111905499995], [-51.00975665599998, -20.072026137999956], [-51.00533132199996, -20.07922693599994], [-51.004136105999976, -20.08093288899994], [-51.00059849899998, -20.085234210999943], [-51.00047500199997, -20.08538436899994], [-51.001087395999946, -20.094748498999934], [-51.00119113599993, -20.09633478099994], [-51.002355395999984, -20.097518563999927], [-51.00350783999994, -20.100478865999946], [-51.00565013199997, -20.103267659999972], [-51.00727829199997, -20.105387166999947], [-51.00744148299998, -20.105599604999952], [-51.013220703999934, -20.11850272399994], [-51.01705200099997, -20.12426406999998], [-51.019137773999944, -20.129828948999943], [-51.02158480799994, -20.13334885699993], [-51.029273961999934, -20.151024010999947], [-51.03421891399995, -20.164941400999965], [-51.03458107399996, -20.16698864199998], [-51.03661005099997, -20.170649380999976], [-51.03774652199996, -20.17465875199997], [-51.03980333099997, -20.178221581999935], [-51.04881199099998, -20.198576851999974], [-51.05385897999997, -20.22022270499997], [-51.05801154899996, -20.23244700899994], [-51.058263489999945, -20.233188670999937], [-51.058326619999946, -20.233374691999927], [-51.05893274999994, -20.23516073099995], [-51.065390122999986, -20.24553775299995], [-51.069163085999946, -20.25004948399993], [-51.07897082499994, -20.258253156999956], [-51.083052204999944, -20.26079446899996], [-51.09316285299997, -20.26835484099996], [-51.09346736699996, -20.26858254499996], [-51.094834771999956, -20.269184526999936], [-51.096300302999964, -20.270338352999943], [-51.10100475399997, -20.274042211999927], [-51.10938955499995, -20.280092210999953], [-51.11138929899994, -20.281535120999933], [-51.11183283399998, -20.281855151999935], [-51.11225245199995, -20.282193837999955], [-51.112436050999975, -20.28234202599998], [-51.11313765399996, -20.282908309999982], [-51.11398650599995, -20.283593441999983], [-51.115482250999946, -20.28508447799993], [-51.11758298899997, -20.28694457699993], [-51.12258138699997, -20.290244670999982], [-51.132414332999986, -20.295531507999954], [-51.13696830899994, -20.29746223199993], [-51.14128441599996, -20.298846613999956], [-51.14516747599998, -20.300299645999928], [-51.160766396999975, -20.305224076999934], [-51.162414094999974, -20.30550435599997], [-51.164106543999935, -20.30600914799993], [-51.17234597099997, -20.307945406999977], [-51.176731477999965, -20.30886173099998], [-51.17805966399993, -20.309285621999948], [-51.17953946499995, -20.309428578999928], [-51.181249279999975, -20.309772860999942], [-51.19761214299996, -20.312270800999954], [-51.23990554699998, -20.316935927999964], [-51.247498047999954, -20.318386605999933], [-51.25715881699995, -20.321057053999937], [-51.27081711899996, -20.32303037899993], [-51.29568454099996, -20.328482100999963], [-51.305535212999985, -20.33199048599994], [-51.30577178799996, -20.332103922999977], [-51.32144498499997, -20.339619176999975], [-51.32968524399996, -20.345448705999956], [-51.34133305499995, -20.353688890999933], [-51.34270535099995, -20.35466011999995], [-51.34312614099997, -20.35514756499998], [-51.343546930999935, -20.35563500899997], [-51.34808515499998, -20.359518021999975], [-51.350868608999974, -20.363179396999953], [-51.353980570999965, -20.36859302399995], [-51.35802041199997, -20.37938443099995], [-51.360602073999985, -20.383538820999945], [-51.36122444899996, -20.384540340999934], [-51.36308430399998, -20.38598886899996], [-51.37220258599996, -20.393090547999975], [-51.37511547699995, -20.39652704699995], [-51.37808396299994, -20.401780267999982], [-51.38111494499998, -20.408672527999954], [-51.384421190999944, -20.41619071899993], [-51.396677685999975, -20.44149944299994], [-51.39895789499997, -20.445761070999936], [-51.40391030099994, -20.452652873999966], [-51.40927963299998, -20.459570634999977], [-51.41154560199993, -20.46086483499994], [-51.41224978399998, -20.461267026999963], [-51.41301519199993, -20.461704187999942], [-51.41459968699996, -20.46260916799997], [-51.41465460899997, -20.46264053599998], [-51.41466705899995, -20.462647646999983], [-51.414674451999986, -20.462651868999956], [-51.41482200399997, -20.462736138999958], [-51.41558910499998, -20.463174270999957], [-51.41561440799995, -20.463188722999973], [-51.41561937199998, -20.46319155799995], [-51.415625217999946, -20.463194896999937], [-51.41564261199994, -20.463204831999974], [-51.41568608199998, -20.463229659999968], [-51.415956420999976, -20.463384062999978], [-51.41769264399994, -20.464375675999975], [-51.41773421999994, -20.464399439999966], [-51.418255760999955, -20.46469731199994], [-51.418530750999935, -20.464854369999955], [-51.41858283499994, -20.464884085999927], [-51.418605311999954, -20.464896953999983], [-51.41863194699994, -20.464912165999976], [-51.418639318999965, -20.464916376999952], [-51.41865305299996, -20.464924220999933], [-51.41872266599995, -20.464963979999936], [-51.41874062599993, -20.464974237999968], [-51.41874334499994, -20.464975790999972], [-51.41875701799995, -20.46498360199996], [-51.418791372999976, -20.46500322999998], [-51.41884731399995, -20.46503519099997], [-51.41904494099998, -20.465148030999956], [-51.41905114599996, -20.465151573999947], [-51.41914317499993, -20.465204120999942], [-51.419173081999986, -20.46522119699995], [-51.41923611599998, -20.46525717399993], [-51.419396123999945, -20.46534849699998], [-51.41941871599994, -20.465361363999932], [-51.419779036999955, -20.465567137999983], [-51.42023505099996, -20.465827523999963], [-51.42030124099995, -20.465865339999937], [-51.420468540999934, -20.46596081399997], [-51.42050935999998, -20.46598412299994], [-51.42052073399998, -20.465990618999967], [-51.42056684499994, -20.466016949999982], [-51.420746978999944, -20.46611981199993], [-51.42075380399996, -20.46612370899993], [-51.42075872999993, -20.466126522999957], [-51.42100672199996, -20.46626811899995], [-51.42157048299998, -20.466590061999966], [-51.42322412799996, -20.467900741999927], [-51.42330647999995, -20.467966013999956], [-51.42606150399996, -20.469187791999957], [-51.43092175399994, -20.471343180999952], [-51.43539131399996, -20.47332530999995], [-51.44436806099998, -20.47891709499993], [-51.44922908399997, -20.48281538599997], [-51.45386320299997, -20.490133724999964], [-51.45536085899994, -20.49401508799997], [-51.45661170699998, -20.495659846999956], [-51.45768801099996, -20.496379781999963], [-51.46042193799997, -20.49820849499997], [-51.46048526199996, -20.49826962399993], [-51.46378267699998, -20.501452720999964], [-51.46614743499998, -20.508246680999946], [-51.49285613599994, -20.546506287999932], [-51.494913371999985, -20.553480700999955], [-51.497919458999945, -20.56367189599996], [-51.50022227499994, -20.568216307999933], [-51.51597630599997, -20.581238171999928], [-51.521478772999956, -20.58728864799997], [-51.52831251099997, -20.59304268099993], [-51.53038965199994, -20.594791640999972], [-51.53300509799993, -20.596993856999973], [-51.55229242099995, -20.60833651699994], [-51.56441655499998, -20.616231315999983], [-51.566113145999964, -20.61733607499997], [-51.56763170099998, -20.618324903999962], [-51.56767530299993, -20.618353295999952], [-51.570768259999966, -20.620076560999962], [-51.57517587399997, -20.623411294999983], [-51.57518615699996, -20.62341907499996], [-51.577504946999966, -20.625172547999966], [-51.58128195399996, -20.629042666999965], [-51.58374420299998, -20.630744266999955], [-51.58831025599994, -20.63565067999997], [-51.59414814999997, -20.643847678999975], [-51.59781917099997, -20.651582941999948], [-51.60027862299995, -20.655939880999938], [-51.603295952999986, -20.661695512999927], [-51.60421985499994, -20.664166681999973], [-51.60514375699995, -20.66663785199995], [-51.60521297699995, -20.666992712999956], [-51.60536629799998, -20.667778719999944], [-51.60537383399998, -20.667817345999936], [-51.60558883899995, -20.668919588999927], [-51.60631578099998, -20.67146790499993], [-51.60827368899999, -20.67552084199997], [-51.61078481599998, -20.683850030999963], [-51.61146738799994, -20.68562325099998], [-51.61700463899996, -20.69628608299996], [-51.61976315299995, -20.703511065999976], [-51.62111948699993, -20.706660171999943], [-51.62241191099997, -20.70904745799993], [-51.62305823199995, -20.71069648599996], [-51.62428751899995, -20.712518735999936], [-51.62819335399996, -20.725052855999934], [-51.62820202599994, -20.725080683999977], [-51.63150355199997, -20.736835303999953], [-51.633996895999985, -20.747479348999946], [-51.63489922799994, -20.754848353999932], [-51.63356611299997, -20.75929813299996], [-51.63266849799999, -20.761125376999928], [-51.62725982599994, -20.768732347999958], [-51.62453224899997, -20.771797066999966], [-51.62361800699995, -20.77397136099995], [-51.62239834999997, -20.77687200699995], [-51.62319650699993, -20.778652225999963], [-51.62748290199994, -20.784696887999928], [-51.627864778999935, -20.789024921999953], [-51.626889130999984, -20.790664185999958], [-51.626788913999974, -20.791421052999965], [-51.626221777999945, -20.79571628399998], [-51.62614923599995, -20.796265689999927], [-51.62679795599996, -20.799622548999935], [-51.62679845599996, -20.79962474699994], [-51.62729798999993, -20.801821480999934], [-51.627750686999946, -20.80381224699994], [-51.62936838999997, -20.808397508999974], [-51.62980296999996, -20.80962929599997], [-51.62993931099993, -20.81001574399994], [-51.630031121999934, -20.810275976999947], [-51.63007669099994, -20.81041427799994], [-51.63032347999996, -20.811163274999956], [-51.63094227299996, -20.81304129299997], [-51.63211685599998, -20.81660611799998], [-51.63297716999995, -20.821558154999934], [-51.63290777599997, -20.824763865999955], [-51.63287112499995, -20.82645701499996], [-51.632854391999956, -20.82723002199998], [-51.63282341599995, -20.828661005999948], [-51.632731614999955, -20.83290188799998], [-51.63209867599994, -20.83853297199994], [-51.631799548999936, -20.841194220999967], [-51.631564166999965, -20.84493602499998], [-51.63084409399994, -20.84972038199993], [-51.63017945099995, -20.854136444999938], [-51.62970148599993, -20.861452938999946], [-51.62844510399998, -20.86869907099998], [-51.62761765499994, -20.870478296999977], [-51.62667954799997, -20.872495467999954], [-51.62552508299996, -20.874145492999958], [-51.622567705999984, -20.878372335999927], [-51.61827770799994, -20.882796692999932], [-51.61508832199996, -20.886085967999975], [-51.614011311999946, -20.887940297999933], [-51.61347767799998, -20.890078401999972], [-51.61360719999993, -20.89413456799997], [-51.61367696099995, -20.896319240999958], [-51.617619167999976, -20.910614056999975], [-51.61801147399996, -20.91322540999994], [-51.61881146099995, -20.92240454599994], [-51.61899392899994, -20.932331473999966], [-51.61899848499996, -20.93259059099995], [-51.620931707999944, -20.93936556899996], [-51.62358725699994, -20.944432888999927], [-51.62817069099998, -20.94902962799995], [-51.63283819199995, -20.95172287799994], [-51.63458214199994, -20.952345324999953], [-51.63631127799994, -20.952962483999954], [-51.63977923099998, -20.953613433999976], [-51.644275653999955, -20.95552415399993], [-51.64878224399996, -20.958882737999943], [-51.64970325599995, -20.959698773999946], [-51.65489118399995, -20.965261822999935], [-51.65964629499996, -20.96850352399997], [-51.66268984499993, -20.969511961999956], [-51.66573339499996, -20.970520398999952], [-51.66668521099996, -20.970787065999957], [-51.678726377999965, -20.972944422999944], [-51.68562186799994, -20.973019180999927], [-51.68562375099998, -20.97301856599995], [-51.68621862799995, -20.972824469999978], [-51.688929385999984, -20.971940006999944], [-51.69166333199996, -20.971280126999943], [-51.69406444499998, -20.970865119999928], [-51.69643591499994, -20.970479755999975], [-51.69917298599995, -20.970232727999928], [-51.70194958099995, -20.97014379799998], [-51.703174840999964, -20.970173441999975], [-51.70483783699996, -20.970433535999973], [-51.70495052599995, -20.97045116099997], [-51.70505714099994, -20.970437371999935], [-51.70568303999994, -20.970356421999952], [-51.71369571599996, -20.97145801399995], [-51.71823230799998, -20.974110334999978], [-51.72223038599998, -20.976767992999953], [-51.72252828699993, -20.97703688699994], [-51.72297138499994, -20.97743683999994], [-51.72842083699993, -20.983536684999933], [-51.73161210699993, -20.98793007699993], [-51.73792107199995, -20.99525069699996], [-51.742417315999944, -21.00142508099998], [-51.74387993899995, -21.00529348499998], [-51.74687640399998, -21.009071150999944], [-51.748863487999984, -21.011336981999932], [-51.752396836999935, -21.01326304199995], [-51.753075286999945, -21.01413979499995], [-51.75535450599995, -21.01708520699998], [-51.75698006099998, -21.019020679999983], [-51.75964759899995, -21.022196794999957], [-51.76057265199995, -21.02415786699993], [-51.76381603599998, -21.02880444599998], [-51.764379935999955, -21.02961230799997], [-51.765984910999975, -21.03231560499995], [-51.76848233499993, -21.036522075999983], [-51.77007885199998, -21.04005267699995], [-51.771258158999956, -21.042660644999955], [-51.77197739899998, -21.04592516599996], [-51.772016995999934, -21.047531567999954], [-51.77213283599997, -21.048436652999953], [-51.77239135099995, -21.050456491999967], [-51.77247643399994, -21.05112126299997], [-51.772873018999974, -21.053871758999946], [-51.775644548999935, -21.073093575999962], [-51.78967094799998, -21.10211951499997], [-51.808006199999966, -21.110023085999956], [-51.81445473599996, -21.121389162999947], [-51.823589984999956, -21.126839848999964], [-51.84459318199998, -21.131462888999977], [-51.86454414499997, -21.13058115299998], [-51.86547391899995, -21.130540060999977], [-51.87586185799995, -21.136147409999978], [-51.87692457999998, -21.139471028999935], [-51.87898479399996, -21.14813774299995], [-51.877420030999986, -21.164106483999944], [-51.87649635099996, -21.173532829999942], [-51.87576033099998, -21.181044073999942], [-51.878765071999965, -21.193846233999977], [-51.87972048499995, -21.197916918999965], [-51.879647072999944, -21.198673833999976], [-51.87957366099994, -21.19943074899993], [-51.87381699499997, -21.21124907099994], [-51.87367576899993, -21.211467870999968], [-51.869845778999945, -21.21740162699996], [-51.86691516899998, -21.22103689599993], [-51.863677594999956, -21.226711060999946], [-51.861993935999976, -21.23419895799998], [-51.860925976999965, -21.238948596999933], [-51.85983711999995, -21.241962485999977], [-51.857153033999964, -21.245885003999945], [-51.85659520299998, -21.24713628799998], [-51.855549940999936, -21.24948093699993], [-51.85520021699995, -21.25026540999994], [-51.85439046299996, -21.253992659999938], [-51.85431445699999, -21.25434250899997], [-51.854312333999985, -21.254383873999927], [-51.854180207999946, -21.256957747999934], [-51.854188008999984, -21.257011364999983], [-51.85421296599998, -21.257182906999958], [-51.854225026999984, -21.25726580199995], [-51.85424198499993, -21.25738236199993], [-51.854243993999944, -21.25739617199997], [-51.85443585399997, -21.25871488799993], [-51.85445975399995, -21.258879157999957], [-51.854480459999934, -21.25902147399995], [-51.854607837999936, -21.259896983999965], [-51.85436138399996, -21.26094550199997], [-51.853913904999956, -21.261686642999962], [-51.853466426999944, -21.262427782999964], [-51.85345109699995, -21.262453172999983], [-51.85311824399997, -21.262588500999982], [-51.85313499999995, -21.262634999999932], [-51.85304743599994, -21.262617288999934], [-51.85051890699998, -21.26364530999996], [-51.84930529099995, -21.264869248999958], [-51.84887946899994, -21.265821849999952], [-51.84851446699997, -21.26663838999997], [-51.84881178499995, -21.26994659099995], [-51.84916669199998, -21.27389557799995], [-51.84937298099993, -21.276190913999983], [-51.84975119999996, -21.277105973999937], [-51.85144159399994, -21.28119570499996], [-51.85588053499998, -21.285911098999975], [-51.85589552399995, -21.28596274599994], [-51.85692969699994, -21.28952623899994], [-51.856944889999966, -21.28963117099994], [-51.857407802999944, -21.292828355999973], [-51.858378657999936, -21.299533725999936], [-51.85847062099998, -21.30016888399996], [-51.85851893599994, -21.300502578999954], [-51.85854495799998, -21.300634213999956], [-51.85933366299997, -21.304623912999944], [-51.85940134799995, -21.30496630099998], [-51.85970913099993, -21.30652323399994], [-51.85975013299998, -21.30673064499996], [-51.85983945899994, -21.308947468999975], [-51.859928784999966, -21.311164290999955], [-51.86065105199998, -21.314138403999948], [-51.861238052999965, -21.316555524999956], [-51.86137331899994, -21.317112515999952], [-51.86135241299996, -21.318425309999952], [-51.86129481099994, -21.322042343999954], [-51.86127691299998, -21.32316622099995], [-51.861244158999966, -21.325222965999956], [-51.861195203999955, -21.328297016999954], [-51.861177226999985, -21.329425882999942], [-51.861136381999984, -21.331990704999953], [-51.861061845999984, -21.336671038999953], [-51.86195998799997, -21.341617533999965], [-51.86526108299995, -21.348942487999977], [-51.86876212399994, -21.35353022399994], [-51.87462779799995, -21.357371498999953], [-51.88777860099998, -21.36692641999997], [-51.89992848299994, -21.37760532699997], [-51.90558203099994, -21.38400218499993], [-51.90753569599997, -21.38645576199997], [-51.90821238799998, -21.387902225999937], [-51.91114303099994, -21.392737576999934], [-51.91245752599997, -21.395661592999943], [-51.91519201999995, -21.403124972999933], [-51.91726554699994, -21.41041852899997], [-51.91820511099996, -21.41218237399994], [-51.91917321599993, -21.423506369999927], [-51.92034521499994, -21.429637741999954], [-51.920616036999945, -21.431054994999954], [-51.921822959999986, -21.437371010999982], [-51.92238296099998, -21.44030158299995], [-51.92240733799997, -21.440429150999933], [-51.92246573899996, -21.44060927099997], [-51.92305986399998, -21.44244165999993], [-51.92325825199998, -21.443053524999982], [-51.92388567599994, -21.444988615999932], [-51.92410916599994, -21.44567789799993], [-51.92422214299995, -21.445900619999975], [-51.92700671699998, -21.45139009199994], [-51.928681832999985, -21.455816096999968], [-51.92960146699994, -21.45683219899996], [-51.930521100999954, -21.457848299999966], [-51.93612678299996, -21.462316473999977], [-51.942815543999984, -21.46492193699993], [-51.944404400999986, -21.46584147799996], [-51.94912314399994, -21.469819015999974], [-51.95239929899998, -21.473603656999956], [-51.95285864699997, -21.474432493999927], [-51.953151350999974, -21.474960641999928], [-51.95524903699993, -21.477944528999956], [-51.95829573299994, -21.483535339999946], [-51.95874937399998, -21.485121557999946], [-51.96119165099998, -21.49116624499993], [-51.96210047999995, -21.493054077999943], [-51.962222457999985, -21.493307451999954], [-51.96238830799996, -21.493651987999954], [-51.96352811899993, -21.49601981899997], [-51.96790332299997, -21.50176208299996], [-51.97893023499995, -21.506859043999953], [-51.98715357899994, -21.51170039799996], [-51.99693310899994, -21.515861326999982], [-52.00036760599994, -21.516626478999967], [-52.01388485999996, -21.512729900999943], [-52.01805786399996, -21.511778315999948], [-52.021765753999944, -21.510932303999937], [-52.02177999999998, -21.510911999999962], [-52.037530999999944, -21.508584999999982], [-52.042042874999936, -21.50685806299998], [-52.04244799999998, -21.50670299999996], [-52.05155599999995, -21.505068999999935], [-52.05700499999995, -21.503605999999934], [-52.06197999999995, -21.503264999999942], [-52.06200089099997, -21.503271265999956], [-52.06204174099997, -21.503268463999973], [-52.06645239399995, -21.504591560999927], [-52.07220493699998, -21.50904550599995], [-52.07778940399999, -21.515222540999957], [-52.080322871999954, -21.52156207799993], [-52.085344378999935, -21.527959025999962], [-52.08792466299997, -21.532899705999966], [-52.09310691799993, -21.537759062999953], [-52.095962362999956, -21.54206361799993], [-52.10229339799997, -21.554840577999983], [-52.103292772999964, -21.559065222999948], [-52.10340188199996, -21.56455717299997], [-52.10216414399997, -21.56981351299993], [-52.09876728199998, -21.574985634999962], [-52.09153137199996, -21.580694225999935], [-52.08847769799996, -21.582035949999977], [-52.08418350599993, -21.583343492999973], [-52.08282458599996, -21.584238755999934], [-52.07242647199996, -21.59310129299996], [-52.06887560699994, -21.598107509999977], [-52.068849023999974, -21.598183776999974], [-52.06727414799997, -21.602702045999933], [-52.06531486599994, -21.613275897999927], [-52.06279002599996, -21.620597694999958], [-52.06078796299994, -21.624337968999953], [-52.05556706699997, -21.631113592999952], [-52.05209225799996, -21.636594170999956], [-52.049520351999945, -21.643089111999927], [-52.04832277999998, -21.650605801999973], [-52.04834031099995, -21.656342080999934], [-52.04986197399995, -21.66310258599998], [-52.05071122399994, -21.66576663799998], [-52.05376688699994, -21.67257399899995], [-52.05582541899997, -21.67715881299995], [-52.062866362999955, -21.689634100999967], [-52.06694120999998, -21.69654616799994], [-52.07037751099995, -21.70237370999996], [-52.073079166999946, -21.70859079099995], [-52.07649242799994, -21.714880189999974], [-52.08195609599994, -21.72058932799996], [-52.08667770799997, -21.723821602999976], [-52.09386620099997, -21.730514442999947], [-52.09959307899993, -21.73761905799995], [-52.10073781699998, -21.739519860999962], [-52.10134557599997, -21.743147806999957], [-52.10286519299996, -21.74529122599995], [-52.10378907699993, -21.746053806999953], [-52.112014415999965, -21.749599055999965], [-52.11821370699994, -21.748766856999964], [-52.12209888899997, -21.74946185899995], [-52.125450952999984, -21.751829890999943], [-52.13095886999997, -21.752874374999976], [-52.13654656199998, -21.75441068699996], [-52.13888814999996, -21.755292913999938], [-52.13997661899998, -21.755703009999934], [-52.14004880099998, -21.755730205999953], [-52.14779195799997, -21.75958882799995], [-52.16126181799996, -21.77077371599995], [-52.161580482999966, -21.771532529999945], [-52.16219464699998, -21.77299499199995], [-52.17096211499995, -21.786398291999944], [-52.175210489999984, -21.794784252999932], [-52.18398436999996, -21.814460508999957], [-52.184432740999966, -21.81817408099994], [-52.18360291899995, -21.82636585299997], [-52.18451153899997, -21.830248790999974], [-52.189353738999955, -21.84432493399993], [-52.19056138999997, -21.846144653999943], [-52.206728804999955, -21.86213894699995], [-52.228542248999986, -21.879134233999935], [-52.233432981999954, -21.883753982999963], [-52.23636786099996, -21.88683236399993], [-52.24840609299997, -21.902280419999954], [-52.25549178199998, -21.905272598999943], [-52.258184109999945, -21.905924038999956], [-52.25943041599999, -21.906742520999956], [-52.26369705099995, -21.91229919799997], [-52.26904607899996, -21.914496993999933], [-52.27057006999996, -21.914824417999966], [-52.27361899999994, -21.914570999999967], [-52.273642516999985, -21.91457771399996], [-52.273680378999984, -21.91457455899996], [-52.274963249999985, -21.91494191099997], [-52.27837620099996, -21.91863221899996], [-52.27918086799997, -21.921584695999968], [-52.28027232499994, -21.922824829999968], [-52.28777001599997, -21.928653032999932], [-52.29383747999998, -21.935218133999967], [-52.301484667999944, -21.942168614999957], [-52.307316526999955, -21.950495842999942], [-52.30881190599996, -21.951919628999974], [-52.31407353399993, -21.96203287299994], [-52.31551862099997, -21.96675137099993], [-52.316219639999986, -21.96782880799998], [-52.31891643599994, -21.971973670999944], [-52.31901939299996, -21.972131911999952], [-52.323562365999976, -21.98698907499994], [-52.32560137699994, -21.996098548999953], [-52.32804500499998, -21.999959537999928], [-52.327076371999965, -22.000799214999972], [-52.326437960999954, -22.00230040699995], [-52.33241747599993, -22.020336395999948], [-52.335878854999976, -22.034960188999946], [-52.33787797599996, -22.041537636999976], [-52.33919181699997, -22.047826439999938], [-52.34543478899997, -22.061975384999982], [-52.35513116799996, -22.077231435999977], [-52.36054781299998, -22.08327691599993], [-52.37066509199997, -22.096650393999937], [-52.37721795899995, -22.106678218999946], [-52.37890564199995, -22.108176499999956], [-52.38635234399993, -22.11129903799997], [-52.391906422999966, -22.114678900999934], [-52.39640383699998, -22.11886708199995], [-52.39723767299995, -22.120050929999934], [-52.40167944799998, -22.126357189999965], [-52.404064898999934, -22.131095089999974], [-52.40818833999998, -22.141635244999975], [-52.415018885999984, -22.148825949999946], [-52.43302780499994, -22.16336488099995], [-52.43865590199994, -22.168600907999974], [-52.441532017999975, -22.171276664999937], [-52.44250194699998, -22.172583070999963], [-52.44574186099993, -22.176946940999983], [-52.45250018599995, -22.18228381299997], [-52.45293329899994, -22.182639497999958], [-52.45511945599998, -22.184434833999944], [-52.456184967999945, -22.185309863999976], [-52.456496276999985, -22.185547911999947], [-52.458759759999964, -22.187278728999956], [-52.46067520699995, -22.18874341099996], [-52.479965677999985, -22.20088177699995], [-52.48098677999997, -22.202335855999934], [-52.48421642999995, -22.213254260999975], [-52.487714256999936, -22.217206042999976], [-52.489842291999935, -22.218294767999964], [-52.48992100099997, -22.218335069999966], [-52.49214545399997, -22.21947408799997], [-52.49303149599996, -22.219927779999978], [-52.49877004199993, -22.22354796199994], [-52.500935854999966, -22.22440069399994], [-52.50309377499997, -22.22525031899994], [-52.503416770999934, -22.22537748999997], [-52.50676499999997, -22.22511499999996], [-52.506820277999964, -22.225119581999934], [-52.50682755599996, -22.225119011999936], [-52.51238851599993, -22.225580737999962], [-52.52323390399994, -22.229021884999952], [-52.531488158999935, -22.23392326299995], [-52.53335223499994, -22.235636546999956], [-52.54207954799995, -22.24026630999998], [-52.54861125999997, -22.242427487999976], [-52.55195766899993, -22.243323161999967], [-52.553471781999974, -22.243728634999968], [-52.554028750999976, -22.243877788999953], [-52.57009715799995, -22.24818083699995], [-52.57101913099996, -22.24842773699993], [-52.579187166999986, -22.251952786999937], [-52.58693922699996, -22.25675048599993], [-52.59276962499996, -22.262725707999948], [-52.59752066999994, -22.26878803099993], [-52.601991382999984, -22.271951401999956], [-52.604434598999944, -22.27312808499994], [-52.61496999099995, -22.27640615699994], [-52.62335642099998, -22.279015581999943], [-52.62952310299994, -22.282395743999928], [-52.63338042399994, -22.28498610899993], [-52.636305350999976, -22.288672780999946], [-52.64003563699998, -22.292988238999953], [-52.64491347099994, -22.29746833699994], [-52.64580054399994, -22.29828307899993], [-52.650276539999936, -22.301001019999944], [-52.65533862099994, -22.30314406599996], [-52.65688807299995, -22.303798832999973], [-52.69513412099997, -22.314610623999954], [-52.724268639999934, -22.335107944999947], [-52.72455978499994, -22.33521871299996], [-52.74583500499995, -22.343312983999965], [-52.798330857999986, -22.37827340399997], [-52.80821035599996, -22.38828482399998], [-52.81094358399997, -22.390617272999975], [-52.818410050999944, -22.39698748199993], [-52.837447485999974, -22.413229761999958], [-52.839886871999965, -22.41531098699994], [-52.85476122599994, -22.439112378999937], [-52.85784271099993, -22.441482692999955], [-52.885836980999954, -22.452873619999934], [-52.88819354599997, -22.453653611999982], [-52.895214099999976, -22.455977321999967], [-52.89903602199996, -22.457241714999952], [-52.93429789399994, -22.468907267999953], [-52.93865920899998, -22.470350104999966], [-52.947645353999974, -22.473179957999946], [-52.94819155499994, -22.47335196399996], [-52.95513479699997, -22.475538479999955], [-52.957942249999974, -22.476454065999974], [-52.95797079899995, -22.47646337699996], [-52.95799934799993, -22.476472687999944], [-52.97969329899996, -22.483547673999965], [-52.98824585199998, -22.486878339999976], [-52.998579147999976, -22.49318128799996], [-53.001216667999984, -22.500765215999934], [-53.00413932799995, -22.50507860299996], [-53.005508504999966, -22.508817376999957], [-53.00562867299993, -22.509145515999933], [-53.00566582699997, -22.50924697199997], [-53.00705744299995, -22.513047021999967], [-53.01158792099994, -22.51822075599995], [-53.01436119699997, -22.52066576699997], [-53.020633303999944, -22.522505405999937], [-53.024470476999966, -22.52408627799997], [-53.038274092999984, -22.527366650999966], [-53.03980100599995, -22.527395630999933], [-53.049690554999984, -22.53254513299993], [-53.051248020999935, -22.533802193999975], [-53.05415951599997, -22.53493988899993], [-53.05800240399998, -22.53692995199998], [-53.07380646299998, -22.548857564999935], [-53.07526298199997, -22.550419398999964], [-53.077984382999944, -22.553337573999954], [-53.081528386999935, -22.557137659999967], [-53.08602401999997, -22.56232454299993], [-53.08864747699994, -22.56584920599994], [-53.09090444599997, -22.569379883999943], [-53.097789045999946, -22.582476259999964], [-53.10786230699995, -22.59551154199994], [-53.10891501899994, -22.59831653499998], [-53.109857845999954, -22.604301108999948], [-53.10995525599998, -22.606575737999947], [-53.110083498999984, -22.60957037399993], [-53.11011153199996, -22.610224968999944], [-53.10904722999993, -22.61418753199996], [-53.10870616699998, -22.615039827999965], [-53.105187188999935, -22.621929613999953], [-53.10625966199996, -22.622600159999934], [-53.113122903999965, -22.63175080299993], [-53.11439203499998, -22.63363429599997], [-53.12098184299998, -22.643414115999974], [-53.12464355299994, -22.64851052599994], [-53.12787953399993, -22.65234944399998], [-53.12795781899996, -22.652124131999983], [-53.13890386899993, -22.666078803999937], [-53.14221916699995, -22.670746776999977], [-53.143162486999984, -22.671619558999964], [-53.14760842299995, -22.67808131099997], [-53.15592970399996, -22.685729976999937], [-53.158886879999955, -22.688448121999954], [-53.16145115599994, -22.689901778999968], [-53.16602984199994, -22.693799356999932], [-53.16847956999993, -22.697651448999977], [-53.173698215999934, -22.703809513999943], [-53.17549724899993, -22.705535303999966], [-53.17782675099994, -22.708989756999927], [-53.18095609599993, -22.713630309999928], [-53.18095976899997, -22.713634276999983], [-53.18536640199994, -22.71873373699998], [-53.188890655999955, -22.721947194999927], [-53.19352760899994, -22.725346782999964], [-53.19899951399998, -22.728333263999957], [-53.20672076599993, -22.731260307999946], [-53.212015458999986, -22.731963709999945], [-53.21505398499994, -22.731921771999964], [-53.218615031999946, -22.73123762199998], [-53.22343734699996, -22.730957726999975], [-53.22872998999998, -22.73117116399993], [-53.23093840399997, -22.731423795999945], [-53.23837501299994, -22.732989009999983], [-53.23999808399998, -22.73347085299997], [-53.24412876699995, -22.734697627999935], [-53.27494714299996, -22.744890362999968], [-53.27733598699996, -22.746066003999942], [-53.28889377099995, -22.749596074999943], [-53.291419865999956, -22.75091566599997], [-53.30014564099997, -22.753851769999983], [-53.30274066199996, -22.755338560999974], [-53.32736408599993, -22.76456514499995], [-53.329086417999974, -22.765210665999973], [-53.33780475899994, -22.770347922999974], [-53.352035514999955, -22.77568055699993], [-53.35569493699995, -22.777989813999966], [-53.35950791899995, -22.77955646199996], [-53.363809135999986, -22.78358826699997], [-53.36913390999996, -22.792332088999956], [-53.372302513999955, -22.79825484099996], [-53.37244805399996, -22.798526883999955], [-53.37753220199994, -22.803234117999978], [-53.379785469999945, -22.80443481599997], [-53.388503396999965, -22.805489603999945], [-53.38752392299995, -22.805225898999936], [-53.38350858199993, -22.803738735999957], [-53.38116859499996, -22.802775210999982], [-53.378503534999936, -22.80080109299996], [-53.375990823999985, -22.79931630899995], [-53.37422050499998, -22.79777441799996], [-53.37307836399998, -22.795946991999983], [-53.372507292999956, -22.793605602999946], [-53.37130804499998, -22.791892390999976], [-53.37102250999993, -22.790578927999945], [-53.37210754399996, -22.790064964999942], [-53.373820755999986, -22.790122071999974], [-53.378503534999936, -22.789950749999946], [-53.383072099999936, -22.791321319999952], [-53.38872569899996, -22.792977424999947], [-53.39363690699997, -22.793605602999946], [-53.39689200999993, -22.794233779999956], [-53.40088950399996, -22.79617541999994], [-53.40602913999999, -22.799944486999948], [-53.40877027899995, -22.800858199999936], [-53.41111166899998, -22.801200841999957], [-53.41408123599996, -22.802114554999946], [-53.419849048999936, -22.80502701499995], [-53.421276725999974, -22.80708286999993], [-53.42264729599998, -22.810794828999974], [-53.42441761499998, -22.812051183999927], [-53.426644789999955, -22.812679361999983], [-53.42955724999996, -22.81325043299995], [-53.432812352999974, -22.814107038999964], [-53.43635299099998, -22.81513496599996], [-53.44160684099995, -22.817876104999982], [-53.444079543999976, -22.818620315999965], [-53.445996169999944, -22.82012356399997], [-53.45491610799996, -22.826193500999977], [-53.46562198299995, -22.828338250999934], [-53.475614107999945, -22.830482750999977], [-53.48560648299997, -22.831913563999933], [-53.49381385799995, -22.83477143899995], [-53.50237779499997, -22.838699813999938], [-53.506781683999975, -22.84344812599994], [-53.50880422599994, -22.846630654999956], [-53.510083185999974, -22.84939677799997], [-53.50625203699997, -22.845858565999947], [-53.50356800499998, -22.843460069999935], [-53.50094107999996, -22.842203713999936], [-53.49871390499993, -22.84134710799998], [-53.496258300999955, -22.840604715999973], [-53.49094734399995, -22.840604715999973], [-53.48392317499997, -22.840661822999948], [-53.479069074999984, -22.839062825999974], [-53.47507157999996, -22.83849175499995], [-53.47118829999994, -22.837920683999982], [-53.46753344799998, -22.836550114999966], [-53.46456388099995, -22.834608474999982], [-53.46125167099996, -22.831124943999953], [-53.457596818999946, -22.828669339999976], [-53.453199574999985, -22.82712744899993], [-53.44760308299993, -22.82587109399998], [-53.44617540599995, -22.825300022999954], [-53.44411955199996, -22.82478605999995], [-53.442748981999955, -22.824386309999966], [-53.44143551999997, -22.82330127599994], [-53.44057891399996, -22.82141674299993], [-53.440064949999964, -22.82016038699993], [-53.43869438099995, -22.81907535299996], [-53.437095382999985, -22.81816163999997], [-53.43623877699997, -22.81701949899997], [-53.43463977899995, -22.81576314299997], [-53.43229838899998, -22.81513496599996], [-53.429614356999934, -22.81576314299997], [-53.42624504099996, -22.81747635499994], [-53.423960757999964, -22.817704783999943], [-53.42184779699994, -22.817990318999932], [-53.419677727999954, -22.81816163999997], [-53.41756476699993, -22.817933211999957], [-53.41550891299994, -22.817305033999958], [-53.41368148599997, -22.81610578599998], [-53.41271066599995, -22.815192072999935], [-53.41225380999998, -22.814049931999932], [-53.41162563199998, -22.813136217999954], [-53.41065481199996, -22.812051183999927], [-53.40431592799996, -22.807368404999977], [-53.397748615999944, -22.80474147999996], [-53.395407225999975, -22.804627265999954], [-53.39375112099998, -22.80502701499995], [-53.39186658799997, -22.805426764999936], [-53.38992494799999, -22.805540978999943], [-53.38935572199995, -22.805592726999976], [-53.38961808999994, -22.80562447099993], [-53.39872957899996, -22.80672687599997], [-53.40414692699994, -22.808780703999957], [-53.40798116199994, -22.81138741799998], [-53.41040659099997, -22.813869644999954], [-53.41171482999994, -22.815670487999967], [-53.411735643999975, -22.81569429299998], [-53.412139595999975, -22.815877357999966], [-53.413395950999984, -22.816676855999958], [-53.41550891299994, -22.817761890999975], [-53.41659394699997, -22.81850428299998], [-53.41739344599995, -22.819475102999945], [-53.41790740899995, -22.82033170899996], [-53.41859269399998, -22.821930705999932], [-53.41944929999994, -22.823701024999934], [-53.419471458999965, -22.82382290199996], [-53.419478641999945, -22.82454987799997], [-53.42170133999997, -22.826237485999968], [-53.42370287199998, -22.82725064799996], [-53.42965074999995, -22.832955351999942], [-53.450857310999936, -22.841936790999966], [-53.47100224899998, -22.855304881999928], [-53.48476120299995, -22.86385421999995], [-53.503140996999946, -22.871784513999955], [-53.51214036199997, -22.87566745299995], [-53.51523601599996, -22.876868843999944], [-53.52358218899997, -22.88010865399997], [-53.53104783699996, -22.881052779999948], [-53.53392903499997, -22.882068067999967], [-53.53506544099997, -22.88265719599997], [-53.536290280999935, -22.883292169999947], [-53.54188316699998, -22.886191595999946], [-53.546827088999976, -22.890096269999958], [-53.559210493999956, -22.905669238999963], [-53.55944275599995, -22.905961323999975], [-53.56051223099996, -22.909528328999954], [-53.56078035699994, -22.91616322699997], [-53.56856537899995, -22.925769396999954], [-53.570771083999944, -22.928491278999957], [-53.57543585299993, -22.931687285999942], [-53.58439310699998, -22.933993705999967], [-53.58930972099995, -22.936236848999954], [-53.60258897499995, -22.946121664999964], [-53.60742350299995, -22.951333467999973], [-53.61061017499998, -22.95773347499994], [-53.61271989699998, -22.96608753299995], [-53.61663775599993, -22.974153375999947], [-53.62833533799994, -22.99094671599994], [-53.63242756999995, -22.996450842999934], [-53.63412499599997, -22.998495118999983], [-53.63458718499999, -23.000747659999945], [-53.63400242599994, -23.00338229099998], [-53.63400066999998, -23.00339020299998], [-53.63393467199995, -23.003511053999944], [-53.632255758999975, -23.006585383999948], [-53.630482093999944, -23.011785135999958], [-53.62989581599999, -23.013504757999954], [-53.630116631999954, -23.018025534999936], [-53.630930527999965, -23.021318753999935], [-53.631098177999945, -23.022627544999978], [-53.63144386399995, -23.039367552999977], [-53.63221463299993, -23.047281131999966], [-53.63188086499997, -23.05161278099996], [-53.63207310599995, -23.05464517699994], [-53.63268652199997, -23.064321163999978], [-53.632243907999964, -23.070267951999938], [-53.633666964999975, -23.082449504999943], [-53.634072077999974, -23.092516650999983], [-53.63593490399995, -23.105735769999967], [-53.636005901999965, -23.119230641999934], [-53.63658872899998, -23.12503077499997], [-53.639036801999964, -23.128862222999942], [-53.64258650399995, -23.131932117999952], [-53.648119590999954, -23.13671679999993], [-53.65475459199996, -23.144160086999932], [-53.65483041299996, -23.14430015299996], [-53.65722951799995, -23.14505190899996], [-53.67429660999994, -23.15833837799994], [-53.67962584199995, -23.170100813999966], [-53.67921489299994, -23.182917154999927], [-53.679785323999965, -23.190299944999936], [-53.67997138499993, -23.19596923499995], [-53.68571377599994, -23.205965241999934], [-53.69355522699993, -23.221391361999963], [-53.69934103799994, -23.234904325999935], [-53.69940004299997, -23.23560783599993], [-53.70324152699993, -23.25016095899997], [-53.70373601999995, -23.25203430399995], [-53.70496962699997, -23.258117161999962], [-53.70496999399995, -23.25811890899996], [-53.70559672799993, -23.263252444999978], [-53.708781786999964, -23.270434990999945], [-53.71218460099993, -23.276506343999927], [-53.71284418299996, -23.27817146899997], [-53.71285427299995, -23.278197030999934], [-53.714907660999984, -23.28338181299995], [-53.719669324999984, -23.297609935999958], [-53.72522090599995, -23.31043340399998], [-53.734121097999946, -23.32533552899997], [-53.741323834999946, -23.33563838499998], [-53.748484693999956, -23.342282130999934], [-53.75927300999996, -23.354021027999977], [-53.76136458599996, -23.357466227999964], [-53.76224347699997, -23.359342021999964], [-53.76636299799998, -23.368132936999928], [-53.766823958999964, -23.36852135299995], [-53.771106619999955, -23.372130021999965], [-53.77548788699994, -23.375131384999975], [-53.77596139999997, -23.375337956999942], [-53.784103596999955, -23.377562501999932], [-53.790188316999945, -23.379938196999944], [-53.80598646899995, -23.38274548299995], [-53.80676227799995, -23.382883340999967], [-53.80797527699997, -23.383187303999932], [-53.80799655799996, -23.38319263699998], [-53.809188275999986, -23.383491267999943], [-53.811614273999965, -23.384099194999976], [-53.81314224099998, -23.38463503099996], [-53.816021801999966, -23.385644850999938], [-53.822108423999964, -23.389098399999966], [-53.82454986699997, -23.391479491999974], [-53.82636005599994, -23.39188873699993], [-53.82923365099998, -23.393027794999966], [-53.83659529399995, -23.397566592999965], [-53.83756082499997, -23.398027300999956], [-53.85278478599997, -23.405291487999932], [-53.85584972699996, -23.40675393999993], [-53.864434106999965, -23.411708808999947], [-53.87351746099995, -23.417744007999943], [-53.87659435499995, -23.419788403999974], [-53.88037186799994, -23.42117915199998], [-53.88046295899994, -23.42122595199993], [-53.883147479999934, -23.422605179999948], [-53.884480104999966, -23.423040055999934], [-53.89428934499995, -23.426241105999964], [-53.90752909299994, -23.432254916999966], [-53.91263656999996, -23.43604883599994], [-53.91454578199995, -23.437467030999983], [-53.92511513299996, -23.443150097999933], [-53.93205504799994, -23.445948750999946], [-53.94075401599997, -23.44631798299997], [-53.94123778199997, -23.446232220999946], [-53.950925713999936, -23.444514744999935], [-53.95997161299994, -23.443441708999956], [-53.96018852199995, -23.44341597899995], [-53.96019757899995, -23.44341490499994], [-53.96194140099993, -23.443706976999977], [-53.96368522499995, -23.443999048999956], [-53.972021326999936, -23.447842741999978], [-53.972716386999934, -23.448501163999936], [-53.98153454699997, -23.45685451199995], [-53.98659666499998, -23.464793594999946], [-53.98737853599994, -23.466614869999944], [-53.99058613999995, -23.47896355599994], [-53.994664686999954, -23.490405650999946], [-53.99679188399995, -23.494499579999967], [-53.99999999999994, -23.49933770599995], [-54.00024087299994, -23.499700963999942], [-54.002318859999946, -23.505465912999966], [-54.004342460999965, -23.51107997799994], [-54.00509565599998, -23.517615321999983], [-54.00521455499995, -23.528251755999975], [-54.007348270999955, -23.54474624599993], [-54.00848657499995, -23.549038672999927], [-54.01270899899998, -23.561562783999932], [-54.01390314499997, -23.562918864999972], [-54.01779130899996, -23.572496315999956], [-54.01782442299998, -23.57257788399994], [-54.02072065699997, -23.576635734999968], [-54.020930369999974, -23.57692955799996], [-54.023166696999965, -23.583556339999973], [-54.02321816799997, -23.583708860999934], [-54.02401779999997, -23.58607836599998], [-54.02315424599993, -23.594628203999946], [-54.02343203399994, -23.59726509799998], [-54.02620611499998, -23.604388223999933], [-54.02758491399993, -23.61004473899993], [-54.028119068999956, -23.610676681999962], [-54.029124027999956, -23.613409613999977], [-54.02925540899997, -23.614698614999952], [-54.02930202899995, -23.615156011999943], [-54.030636491999985, -23.628248681999935], [-54.030635099999984, -23.628248993999932], [-54.03110405499996, -23.63285433599998], [-54.03085920399997, -23.64606395499993], [-54.032229806999965, -23.651661709999928], [-54.034603895999965, -23.655892225999935], [-54.03967321999994, -23.661573007999948], [-54.044608176999986, -23.66865587199993], [-54.04760754999995, -23.67590260399993], [-54.05081419099997, -23.685868751999976], [-54.05112253799996, -23.687171543999966], [-54.05188168799998, -23.690379306999944], [-54.05351482599997, -23.701678581999943], [-54.05189973399996, -23.721136652999974], [-54.05263878499994, -23.725067628999966], [-54.05367953399997, -23.727984539999966], [-54.054927143999976, -23.730602508999937], [-54.05743387599995, -23.734899835999954], [-54.06196541099996, -23.741780437999978], [-54.06588015699998, -23.746131686999945], [-54.06854931999993, -23.75029287999996], [-54.070515084999954, -23.754011025999944], [-54.07238075399994, -23.759229802999982], [-54.07570927399996, -23.76448486299995], [-54.07806850199995, -23.772547436999957], [-54.078963218999945, -23.77739642299997], [-54.08045861299996, -23.78089706999998], [-54.08107204299995, -23.789169047999962], [-54.08204368199995, -23.79270696599997], [-54.08307168799996, -23.803020136999976], [-54.08360611699993, -23.805492862999984], [-54.08392221699995, -23.806955396999967], [-54.08535323199993, -23.813576377999937], [-54.08505790199996, -23.81819300999996], [-54.08606157199995, -23.825160941999968], [-54.08529607199995, -23.828225766999935], [-54.083295583999984, -23.829418671999974], [-54.08309937399997, -23.831099952999978], [-54.086352819999945, -23.838132551999934], [-54.08643306199997, -23.84072288699997], [-54.087041978999935, -23.84269986299995], [-54.088105301999974, -23.844530309999982], [-54.08663451299998, -23.85362632799996], [-54.086206783999955, -23.856271591999928], [-54.085023675999935, -23.860533859999975], [-54.08426113199994, -23.86171460099996], [-54.08393406199997, -23.862221042999977], [-54.08395060399994, -23.863102728999934], [-54.083985912999935, -23.864984739999954], [-54.08271009699996, -23.867279654999948], [-54.079409718999955, -23.880756000999952], [-54.079905708999945, -23.888978277999968], [-54.08045798599994, -23.89125324799994], [-54.08737958099994, -23.907692699999927], [-54.08948784299997, -23.91513932299995], [-54.09179143099993, -23.92135968599996], [-54.09310357099997, -23.924012448999974], [-54.09432382899996, -23.92991018999993], [-54.098044379999976, -23.943920468999977], [-54.10176498799996, -23.95196354799998], [-54.11043551199998, -23.960823756999957], [-54.117548419999935, -23.971328788999983], [-54.120284519999984, -23.974129175999963], [-54.12970864899995, -23.982108275999963], [-54.132654797999976, -23.98419228499995], [-54.14025633699998, -23.98840281699995], [-54.15422301099994, -23.992200410999942], [-54.16419129299993, -23.99646784199996], [-54.16900813199993, -23.99899425999996], [-54.17468671399996, -24.001972749999936], [-54.17915371899994, -24.005652184999974], [-54.18087390599993, -24.00652594299993], [-54.185048698999935, -24.010447513999964], [-54.203772914999945, -24.02520722299994], [-54.217194905999975, -24.035990597999955], [-54.22728305099997, -24.043252093999968], [-54.24024119499995, -24.049969429999976], [-54.24530478199995, -24.05397366699998], [-54.24946393499994, -24.05590178999995], [-54.25425859999996, -24.056666482999958], [-54.25526867499997, -24.056827577999968], [-54.259704134999936, -24.05690753899995], [-54.25985751899998, -24.056910141999936], [-54.26893998799994, -24.059027896999964], [-54.27676559199995, -24.062255190999963], [-54.28413401499995, -24.06755677999996], [-54.28623161999997, -24.068225364999932], [-54.287355625999965, -24.068583626999953], [-54.28933061499998, -24.068371345999935], [-54.29071355099995, -24.066806791999966], [-54.293239046999986, -24.061356871999976], [-54.29485625099994, -24.059743427999933], [-54.29743107999997, -24.057174585999974], [-54.284149526999954, -24.050195455999983], [-54.28420133499998, -24.05010634599995], [-54.277090836999946, -24.046306842999968], [-54.27380718099994, -24.045164701999965], [-54.270809059999976, -24.04445086399994], [-54.26881031299996, -24.04345148999994], [-54.266954332999944, -24.043879792999974], [-54.26481281799994, -24.044308095999952], [-54.262242999999955, -24.04330872199995], [-54.260672555999975, -24.043594257999928], [-54.24796623399993, -24.04345148999994], [-54.24718281599996, -24.043440757999974], [-54.247113990999935, -24.042932767999957], [-54.247292449999975, -24.04261153999994], [-54.24747090999995, -24.04218323699996], [-54.24818474799997, -24.04189770199997], [-54.249826575999975, -24.04168355099995], [-54.25225362599997, -24.04182631799995], [-54.254537908999964, -24.041612166999982], [-54.25607266099996, -24.040969711999935], [-54.25789294899994, -24.040398641999957], [-54.25971323699997, -24.040398641999957], [-54.265281174999984, -24.041183863999947], [-54.26678023599993, -24.041326630999947], [-54.26752976599994, -24.041326630999947], [-54.26774391699996, -24.041148171999964], [-54.26752976599994, -24.041005403999975], [-54.265923629999975, -24.04075556099997], [-54.26428180199997, -24.040470024999934], [-54.262425821999955, -24.040184489999945], [-54.26060553399998, -24.039756186999966], [-54.25846401999996, -24.039827570999933], [-54.25703634299998, -24.040184489999945], [-54.255180362999965, -24.04089832799997], [-54.25336007599998, -24.04139801499997], [-54.25225362599997, -24.041433706999953], [-54.25082594999998, -24.04139801499997], [-54.24993365199998, -24.04121955599993], [-54.24829182399998, -24.041576474999943], [-54.24732814199996, -24.04204046999996], [-54.24636498899997, -24.043429554999932], [-54.23754419499994, -24.04330872199995], [-54.23140518599996, -24.042166580999947], [-54.22726492299995, -24.03988229899994], [-54.22569447899997, -24.038026318999982], [-54.22412403499993, -24.031887309999945], [-54.22255359099995, -24.026747673999978], [-54.21984495099997, -24.02357023099995], [-54.21576459199997, -24.019289966999963], [-54.21481280699999, -24.018623717999958], [-54.213075800999945, -24.01657738199998], [-54.210577366999985, -24.014174125999943], [-54.21055357199998, -24.01436448299995], [-54.21171474899995, -24.015585621999946], [-54.21200028399994, -24.015985371999932], [-54.214170352999986, -24.01866940399998], [-54.214798530999985, -24.019012045999943], [-54.214455887999975, -24.019583116999968], [-54.21394192499997, -24.019982865999964], [-54.213199532999965, -24.020154186999946], [-54.21205739199996, -24.01975443799995], [-54.21068682199996, -24.018440974999976], [-54.20874518199997, -24.016270906999978], [-54.20823121799998, -24.015242979999982], [-54.207831468999984, -24.014443480999944], [-54.20691775599994, -24.013815302999944], [-54.20366265299998, -24.007362204999936], [-54.201427045999935, -24.00045488799998], [-54.20082157699994, -23.999092149999967], [-54.200345683999956, -23.997807240999975], [-54.19972702499996, -23.995332601999962], [-54.19906077599995, -23.99414287099995], [-54.195634351999956, -23.989146002999973], [-54.19404661599998, -23.988277013999948], [-54.19338338199998, -23.98783158899994], [-54.192526775999966, -23.986689447999936], [-54.19007117199993, -23.984176736999927], [-54.18847217399997, -23.98012213499993], [-54.187615567999956, -23.978294708999954], [-54.18510285699995, -23.972983751999948], [-54.183536207999964, -23.971518061999973], [-54.18074034199998, -23.96687811299995], [-54.178836772999944, -23.96336840799995], [-54.178182420999974, -23.96051305499998], [-54.17699268999996, -23.958609485999943], [-54.17580295999994, -23.95682489099994], [-54.17437528299996, -23.954861834999974], [-54.17366144499994, -23.953196212999956], [-54.17372093199998, -23.951530589999948], [-54.17324503899994, -23.949329587999955], [-54.17151992999993, -23.946474234999982], [-54.170744765999984, -23.94445990199995], [-54.17050865899995, -23.941536853999935], [-54.16973533399994, -23.938800472999958], [-54.16628511599998, -23.93404155099995], [-54.16208552799998, -23.93091746799996], [-54.16140722099993, -23.930412872999966], [-54.15721210899994, -23.928402415999983], [-54.15627723299997, -23.927954387999932], [-54.154982675999975, -23.925475491999975], [-54.15409037799998, -23.92440473399995], [-54.14933145599997, -23.92208475999996], [-54.14379920899995, -23.919348379999974], [-54.13547109599995, -23.91328075399997], [-54.12916552399997, -23.908521831999963], [-54.12607222499997, -23.906499289999942], [-54.12262200599997, -23.90322753099997], [-54.12189665799997, -23.902044067999952], [-54.12122110699994, -23.901357290999954], [-54.12049775099996, -23.900310327999932], [-54.11914621699998, -23.898749401999964], [-54.118314760999965, -23.898024538999948], [-54.11708718999995, -23.896985824999945], [-54.11649232499997, -23.896628904999943], [-54.115362080999944, -23.895141741999964], [-54.108342670999946, -23.887289520999957], [-54.10435707299996, -23.882173679999937], [-54.10388118099996, -23.880983948999983], [-54.10370272199998, -23.87902089399995], [-54.10286990999998, -23.87658194599993], [-54.101144800999975, -23.87206096999995], [-54.098467906999986, -23.86236466699995], [-54.098289447999946, -23.859271367999952], [-54.09989558399997, -23.85748677199996], [-54.10146972299998, -23.854805045999967], [-54.10159997499994, -23.85338967699994], [-54.10164756399996, -23.849059057999966], [-54.101314438999964, -23.84577540199996], [-54.10169515299998, -23.845013973999983], [-54.101124081999956, -23.841635139999937], [-54.09931569199995, -23.83644791499995], [-54.09945845999994, -23.832926311999927], [-54.10150479599997, -23.82788185499993], [-54.10193309899995, -23.825407215999974], [-54.10221863399994, -23.822218737999947], [-54.10227079499998, -23.82044526599998], [-54.10299153899996, -23.819750902999942], [-54.10418126899998, -23.817466620999937], [-54.10440929599997, -23.81648936199997], [-54.10451439399998, -23.816038943999956], [-54.10422885799994, -23.814563677999956], [-54.10330086899995, -23.812779082999953], [-54.10250051799994, -23.812008743999968], [-54.10083854699997, -23.80998830799996], [-54.09888738899997, -23.807608846999983], [-54.097935604999975, -23.806133580999983], [-54.096698284999945, -23.80232644399996], [-54.096841052999935, -23.79923314499996], [-54.09765006899994, -23.79623502399994], [-54.09921979599994, -23.795152762999976], [-54.09988292099996, -23.79375276299993], [-54.09916942099994, -23.78923169999996], [-54.09750342099994, -23.785662199999933], [-54.09636515999995, -23.783385933999966], [-54.09603203599994, -23.78133959799993], [-54.095508553999935, -23.77857942299994], [-54.09450918099998, -23.775724069999967], [-54.09293873599995, -23.77225005699995], [-54.09046409699994, -23.768680864999965], [-54.089106733999984, -23.766201415999944], [-54.085606232999965, -23.761867699999982], [-54.08382685799995, -23.758531387999938], [-54.08242151899998, -23.757021505999944], [-54.08232633999995, -23.75597454299998], [-54.08232633999995, -23.754400051999937], [-54.08227467099994, -23.754253699999936], [-54.08040847299998, -23.751054102999944], [-54.078943670999934, -23.748542699999973], [-54.076088107999965, -23.74521169999997], [-54.07370860799995, -23.74235619999996], [-54.070377545999975, -23.739024637999933], [-54.068798482999966, -23.735866762999933], [-54.068235982999965, -23.734741699999972], [-54.068235982999965, -23.73188669999996], [-54.06995323299998, -23.72823713799994], [-54.07013954599995, -23.727841199999943], [-54.07180504599995, -23.72451019999994], [-54.071453357999985, -23.722312574999933], [-54.07085298299995, -23.718561637999983], [-54.070551045999935, -23.717622199999937], [-54.06871148299996, -23.71189913799998], [-54.06609448299997, -23.70666413799995], [-54.062762920999944, -23.703333137999948], [-54.061097357999984, -23.69928763799993], [-54.06204885799997, -23.693101137999975], [-54.06252485799996, -23.68977013799997], [-54.06014535799994, -23.684297137999977], [-54.05752779599993, -23.67834863799993], [-54.05610023299994, -23.67168607499997], [-54.05560048299998, -23.67054382499998], [-54.05443473299994, -23.667879074999973], [-54.052055232999976, -23.665023574999964], [-54.04967567099993, -23.66002657499996], [-54.04610667099996, -23.656933574999982], [-54.042775045999974, -23.654078074999973], [-54.03825410799993, -23.650033074999953], [-54.03658854599996, -23.644798074999983], [-54.03730254599998, -23.640753074999964], [-54.03968204599994, -23.636708074999945], [-54.03968204599994, -23.630759074999958], [-54.04039560799998, -23.62671407499994], [-54.04097954599996, -23.624378262999983], [-54.04158548299995, -23.621955012999933], [-54.042024857999934, -23.617558262999978], [-54.04206098299994, -23.617196512999953], [-54.04206098299994, -23.613865012999952], [-54.042005607999954, -23.613722637999956], [-54.04039554599996, -23.609582012999965], [-54.03957635799998, -23.607534199999975], [-54.03896792099994, -23.606013012999938], [-54.03825392099998, -23.60291951299996], [-54.03801592099995, -23.598160512999982], [-54.038256857999954, -23.59539069999994], [-54.038491920999945, -23.59268794999997], [-54.038452545999974, -23.592554949999965], [-54.03658835799996, -23.586263449999933], [-54.03254329599997, -23.58293194999993], [-54.028973795999946, -23.58055251299993], [-54.02635679599996, -23.577221512999927], [-54.02373923299996, -23.57317644999995], [-54.02231123299998, -23.56913094999993], [-54.02081479599997, -23.566803449999952], [-54.02016967099996, -23.565799949999928], [-54.01636267099997, -23.559375449999948], [-54.015618795999956, -23.55811651299996], [-54.01326960799997, -23.554140449999977], [-54.01271460799995, -23.55099663799996], [-54.01309767099997, -23.549320938999983], [-54.01422110799996, -23.547715938999943], [-54.017314607999936, -23.545336438999982], [-54.017510045999984, -23.544945501999962], [-54.01826610799998, -23.543432938999956], [-54.019961732999946, -23.536862001999964], [-54.02016960799995, -23.536056376999966], [-54.02056579599997, -23.53318444799993], [-54.02133600099995, -23.529105455999968], [-54.02171548399997, -23.52709571799994], [-54.021287180999934, -23.522241616999963], [-54.02135856499996, -23.518672425999966], [-54.01950258499994, -23.51303310299994], [-54.016076160999944, -23.507393780999962], [-54.014220920999946, -23.503933813999936], [-54.01186451499996, -23.500326780999956], [-54.006309579999936, -23.495895058999963], [-54.003989357999956, -23.493464376999952], [-54.00239945399994, -23.491874502999963], [-54.00022895099994, -23.48869121699994], [-53.99915819299997, -23.485122025999942], [-53.99815881999996, -23.481981136999934], [-53.997944667999946, -23.479339934999928], [-53.99837297099998, -23.47848332899997], [-53.99865850699996, -23.47705565299998], [-53.99787328399998, -23.474771369999928], [-53.99680252699994, -23.467204683999967], [-53.99708806199993, -23.466062542999964], [-53.99658837499993, -23.463564108999947], [-53.99401855799994, -23.459923532999937], [-53.987665396999944, -23.45414144299997], [-53.983739285999945, -23.451071938999974], [-53.981240851999985, -23.448002433999932], [-53.97767165999994, -23.444290474999946], [-53.97702920599994, -23.44229172699994], [-53.97531599399997, -23.440649898999936], [-53.96996220699998, -23.437152091999963], [-53.96517948999997, -23.434653657999945], [-53.962138711999955, -23.43329273699993], [-53.961535734999984, -23.433022870999935], [-53.95968293499993, -23.431941071999972], [-53.95225901699996, -23.428942950999954], [-53.94483509899993, -23.424874072999955], [-53.941265906999945, -23.42301809299994], [-53.93948131099995, -23.420733810999934], [-53.93648318999993, -23.41816399299995], [-53.93112940299994, -23.41416649799993], [-53.92927342399997, -23.41216775099997], [-53.925989766999976, -23.410454538999943], [-53.922634726999945, -23.40838440799996], [-53.92042182899996, -23.405100751999953], [-53.91849446499998, -23.400746337999976], [-53.912855142999945, -23.395535318999976], [-53.906430597999986, -23.39003876399994], [-53.90421769899996, -23.387040642999978], [-53.90086265899998, -23.382257925999966], [-53.896936548999975, -23.378403198999933], [-53.88922709499997, -23.370550977999983], [-53.883230852999986, -23.365554109999948], [-53.88095438199997, -23.36376961899998], [-53.878019833999986, -23.36227045399994], [-53.875592782999945, -23.361984917999962], [-53.87031037999998, -23.36055724199997], [-53.86588458199998, -23.359629251999934], [-53.86210123899997, -23.358201574999953], [-53.85846066399995, -23.35691666699995], [-53.85217888699998, -23.354989302999968], [-53.84811000899998, -23.353633009999953], [-53.84396974699996, -23.352990555999952], [-53.83932979799994, -23.35184841499995], [-53.83354770699998, -23.350349353999945], [-53.83162034399999, -23.349278596999966], [-53.83004989999995, -23.347636768999962], [-53.827765616999955, -23.346423242999947], [-53.82598102099996, -23.345994940999958], [-53.82376812299998, -23.345994940999958], [-53.822126293999986, -23.34585217299997], [-53.811109286999965, -23.34568520499994], [-53.80734984199995, -23.344138960999942], [-53.80577939699998, -23.343567889999974], [-53.802210205999984, -23.33985593099993], [-53.80119710099996, -23.33740739899997], [-53.79982891099996, -23.33520639799997], [-53.796259719999966, -23.332172584999967], [-53.78935928299995, -23.32800852799994], [-53.78471933399993, -23.32551009399998], [-53.781745006999984, -23.324617795999927], [-53.77692659899998, -23.32467728299997], [-53.77252459599998, -23.32307114699995], [-53.77020462199994, -23.32164346999997], [-53.768003619999945, -23.318609656999968], [-53.76217394099996, -23.31105486799993], [-53.756701179999936, -23.30582005399998], [-53.752180203999956, -23.30338110699995], [-53.74420900999996, -23.303024187999938], [-53.739628547999985, -23.30213188999994], [-53.738379330999976, -23.301655996999955], [-53.73652335099996, -23.30062093199996], [-53.734334246999936, -23.298527005999972], [-53.73328728399997, -23.296242723999967], [-53.73328728399997, -23.293672905999983], [-53.73176442899995, -23.291103087999943], [-53.72820446999998, -23.286784746999956], [-53.72691956099993, -23.28478599999994], [-53.72406420799996, -23.281359575999943], [-53.721494389999975, -23.277790383999957], [-53.71556953199996, -23.27122307199994], [-53.713285248999966, -23.268153566999956], [-53.712642794999965, -23.266226203999963], [-53.71192895699994, -23.261943173999953], [-53.71135788599997, -23.258302598999933], [-53.71100096699996, -23.253662649999967], [-53.71178618899995, -23.25144975099994], [-53.71285694599993, -23.249379619999957], [-53.714498773999935, -23.246667033999927], [-53.716568905999964, -23.24502520599998], [-53.717853813999966, -23.243668912999965], [-53.718139349999944, -23.24074217599997], [-53.717711046999966, -23.23710160099995], [-53.71742551099993, -23.235745307999935], [-53.71802456499995, -23.23398006599996], [-53.71792519799993, -23.23189058199995], [-53.71713997599994, -23.229392146999942], [-53.71571229999995, -23.22353867299995], [-53.71492707699997, -23.220255016999943], [-53.71157203699994, -23.21482984599993], [-53.70786007799995, -23.211617573999945], [-53.70464780599997, -23.207548694999957], [-53.69957955399997, -23.19941093899996], [-53.69593897899995, -23.193200545999957], [-53.69422576699998, -23.18991688899996], [-53.69301224199995, -23.18427756699998], [-53.690656574999934, -23.179780384999958], [-53.68615939399996, -23.172927537999954], [-53.67959208099995, -23.157794165999974], [-53.67859270799994, -23.154010822999965], [-53.67559458699998, -23.14730074299996], [-53.670669102999966, -23.14001959199993], [-53.666814375999934, -23.134237501999962], [-53.66567223499993, -23.13166768399998], [-53.66431594199997, -23.125885593999953], [-53.66138920499998, -23.11967519999996], [-53.65667787199993, -23.112037130999965], [-53.65489327599994, -23.108039635999944], [-53.65360836699995, -23.104613211999947], [-53.65225207499998, -23.10040156599996], [-53.65096716599999, -23.093191798999953], [-53.64903980199995, -23.08826631499994], [-53.64525645899994, -23.080128558999945], [-53.641758650999975, -23.068421609999973], [-53.63990267199995, -23.060426620999976], [-53.64047374299997, -23.05885617699994], [-53.642401105999966, -23.05685742999998], [-53.64497092399995, -23.053930692999927], [-53.64704105499993, -23.048862440999983], [-53.64796904499997, -23.04393695699997], [-53.647397973999944, -23.03808348299998], [-53.64718382299998, -23.031373402999975], [-53.64768350899993, -23.02273595899993], [-53.64875426699996, -23.008887495999943], [-53.64825457999996, -23.004818617999945], [-53.646469983999964, -22.999250678999942], [-53.64525645899994, -22.994967648999932], [-53.64118758099994, -22.988685871999962], [-53.63112246099996, -22.973552499999983], [-53.62698219899994, -22.96812732899997], [-53.62584005699995, -22.964415369999983], [-53.625340370999936, -22.95963265299997], [-53.625483137999936, -22.95420748199996], [-53.62683943099995, -22.947782936999943], [-53.62641112799997, -22.941501159999973], [-53.623127471999965, -22.928794838999977], [-53.619915198999934, -22.92251306199995], [-53.61726416999994, -22.91939406399996], [-53.61113498799995, -22.911377183999946], [-53.60754117299996, -22.908007441999928], [-53.60477966999997, -22.90333006399993], [-53.597644669999966, -22.89619000099998], [-53.59514816999996, -22.891906563999953], [-53.59313460799996, -22.888279000999944], [-53.59158173299994, -22.885481438999932], [-53.586587607999945, -22.879769563999957], [-53.584230169999955, -22.87606200099998], [-53.58409098299995, -22.87584306399998], [-53.58393210799994, -22.875785250999968], [-53.580165669999985, -22.87441406399995], [-53.580144419999954, -22.874408813999935], [-53.57588360799997, -22.873342125999955], [-53.56732198299994, -22.863703313999963], [-53.55626048299996, -22.85834637599993], [-53.546983732999934, -22.85227618899995], [-53.54091810799997, -22.84834843899995], [-53.53824898299996, -22.846011313999952], [-53.53520985799997, -22.84335012599996], [-53.530214169999965, -22.84120718899993], [-53.529292107999936, -22.840943438999943], [-53.525218294999945, -22.83977793899993], [-53.51665398299997, -22.83692006399997], [-53.504879107999955, -22.830492250999953], [-53.487750794999954, -22.82406268899996], [-53.476332044999936, -22.81941950099997], [-53.46562635799995, -22.81656093899994], [-53.45741829499997, -22.815487750999978], [-53.44956779499995, -22.812630000999945], [-53.44408685199994, -22.80785535499996], [-53.43723400499994, -22.803857859999937], [-53.43172735799993, -22.80156081399997], [-53.42324277399996, -22.798051975999954], [-53.415036148999945, -22.792696037999974], [-53.40982261399995, -22.788914844999965], [-53.39889935799994, -22.78477675099998], [-53.38500321699996, -22.781232314999954], [-53.37394034199997, -22.778730751999944], [-53.362142232999986, -22.77691368899997], [-53.35928741999999, -22.775842188999945], [-53.35330731799996, -22.772048215999973], [-53.33939056799994, -22.76597684099994], [-53.32806011099996, -22.761056715999928], [-53.30807686099996, -22.752842215999976], [-53.29415929899994, -22.74891221599995], [-53.28159111699995, -22.743208074999927], [-53.271242804999986, -22.738565449999953], [-53.259109741999964, -22.73463607499997], [-53.24878069299996, -22.73180778099993], [-53.23726410199998, -22.728095821999943], [-53.22603304599994, -22.727334393999968], [-53.21737180799994, -22.727715107999927], [-53.20994788899998, -22.726477787999954], [-53.206417313999964, -22.72421884599993], [-53.20070868899995, -22.719220658999973], [-53.193928813999946, -22.715649783999936], [-53.18758095599998, -22.712867271999983], [-53.18411289199997, -22.70920290199996], [-53.17983201699997, -22.70349140199994], [-53.17682579199993, -22.69566971699993], [-53.171769437999956, -22.689721064999958], [-53.170327062999945, -22.68827768999995], [-53.16745298999996, -22.68559067299998], [-53.16705098999995, -22.685332047999964], [-53.16245748999995, -22.682377172999963], [-53.15710480299998, -22.679877485999953], [-53.15139530299996, -22.67737761099994], [-53.14818555299996, -22.67023873599993], [-53.14196009199998, -22.658790925999938], [-53.13732234199995, -22.652722300999983], [-53.132684591999976, -22.646653800999957], [-53.12804684199995, -22.640942113999927], [-53.125907653999946, -22.633803675999957], [-53.12127115399994, -22.623809238999968], [-53.12056390399994, -22.618491675999962], [-53.11893576099993, -22.613552917999982], [-53.117154135999954, -22.604273104999947], [-53.114658635999945, -22.595349917999954], [-53.114349448999974, -22.595019854999975], [-53.11425094899994, -22.594604167999933], [-53.11180319899995, -22.590687542999945], [-53.107070635999946, -22.585302354999953], [-53.10462276099997, -22.580733167999938], [-53.10379163599998, -22.57823991799995], [-53.10345144899998, -22.576450729999976], [-53.103244135999944, -22.57536035499993], [-53.10181938599993, -22.56608054299994], [-53.10039363599998, -22.560369667999964], [-53.09789694899996, -22.555372417999934], [-53.09276538399996, -22.55156360999996], [-53.08566269199997, -22.54745903999998], [-53.08069262799995, -22.543668598999943], [-53.07946081499995, -22.541379286999927], [-53.07908800299998, -22.540983223999945], [-53.07664025299994, -22.53820891199996], [-53.07632887799997, -22.537972286999945], [-53.06998837799995, -22.534386223999945], [-53.06106750299995, -22.528673411999932], [-53.04964868999997, -22.521532286999957], [-53.039233459999934, -22.517595812999957], [-53.03138208499996, -22.51580924999996], [-53.02319589199993, -22.51431215599996], [-53.01562920599997, -22.512170641999944], [-53.01320215599998, -22.50964841299998], [-53.01272626399998, -22.50255761899996], [-53.01201445099997, -22.496133181999937], [-53.00809038899996, -22.489707806999945], [-53.001971099999935, -22.484093001999952], [-52.99340672499994, -22.47945106399993], [-52.98370397499997, -22.47589050199997], [-52.98270059999999, -22.47552231399993], [-52.97251337299997, -22.472100517999934], [-52.96618400699998, -22.465913919999934], [-52.96209133399998, -22.464343474999964], [-52.963267419999966, -22.45956893799996], [-52.963286606999986, -22.459497750999958], [-52.96639510699998, -22.449083625999947], [-52.97573720699995, -22.414545876999966], [-52.980076044999976, -22.398505187999945], [-52.98576841999994, -22.38109306299998], [-52.98614298199993, -22.37994737599996], [-52.98496173199993, -22.379474750999975], [-52.98348773199996, -22.37863256299994], [-52.98104141999994, -22.377234750999946], [-52.98032785699996, -22.37682700099998], [-52.97470129499993, -22.37285537599996], [-52.971262481999986, -22.369252875999962], [-52.96881616999997, -22.367256062999957], [-52.95938998199995, -22.359562125999958], [-52.95960298199998, -22.35931881299996], [-52.961889294999935, -22.35670731299996], [-52.96331816999998, -22.352424750999944], [-52.96242404499998, -22.352753812999936], [-52.95653604499995, -22.354921437999963], [-52.95573954499997, -22.354987625999968], [-52.95326998199994, -22.355192750999947], [-52.95201135699995, -22.355095937999977], [-52.94892398199994, -22.352779187999943], [-52.94797085699997, -22.352063937999958], [-52.943830169999956, -22.348381375999963], [-52.941548044999934, -22.34635175099993], [-52.935123731999965, -22.345636250999974], [-52.931478356999946, -22.344040250999967], [-52.929413856999986, -22.34313643799993], [-52.92370329499994, -22.34277806299997], [-52.92049154499995, -22.34099275099993], [-52.91228379499995, -22.336707687999933], [-52.90015091999993, -22.328495687999975], [-52.898935481999956, -22.327127625999935], [-52.89444198199993, -22.322069812999928], [-52.89872710699996, -22.314575625999964], [-52.898941794999985, -22.314238562999947], [-52.900069981999934, -22.312466812999958], [-52.90188623199998, -22.30831537599994], [-52.90023135699994, -22.30566756299993], [-52.90254823199996, -22.304012687999943], [-52.904203106999944, -22.29904806299993], [-52.906296356999974, -22.293814875999942], [-52.90685085699994, -22.29242856299993], [-52.910160606999966, -22.28614000099998], [-52.91148454499995, -22.284154125999976], [-52.91545623199994, -22.27687268799997], [-52.91909691999996, -22.272570000999963], [-52.916449169999964, -22.272570000999963], [-52.91148454499995, -22.27687268799997], [-52.90685085699994, -22.281175375999965], [-52.904534044999934, -22.287463937999973], [-52.90221716999997, -22.291435625999952], [-52.89923848199999, -22.296069312999975], [-52.897583606999945, -22.303019750999965], [-52.894604794999964, -22.30699150099997], [-52.89129510699996, -22.310963250999976], [-52.88732329499993, -22.314273000999947], [-52.885668419999945, -22.31361100099997], [-52.885337481999954, -22.315596875999972], [-52.88205010699994, -22.317688750999935], [-52.881207794999966, -22.31762843799993], [-52.87838204499997, -22.31742593799993], [-52.869167294999954, -22.309796062999965], [-52.868033794999974, -22.308857500999977], [-52.85823366999995, -22.301809812999977], [-52.85753541999998, -22.301034062999975], [-52.852901731999964, -22.299048187999972], [-52.849524419999966, -22.297472125999946], [-52.84793710699995, -22.29673137599997], [-52.848930044999975, -22.295076500999983], [-52.85257073199995, -22.291766750999955], [-52.85513666999998, -22.287661250999975], [-52.855880481999975, -22.28647112599998], [-52.85521854499996, -22.28448525099998], [-52.852181669999936, -22.288129500999958], [-52.84983610699993, -22.29029350099995], [-52.845567356999936, -22.29427550099996], [-52.842735981999965, -22.295691187999978], [-52.841095294999946, -22.29606943799996], [-52.83984073199997, -22.29635862599997], [-52.83127441999994, -22.297427375999973], [-52.81735616999998, -22.291713250999976], [-52.81454016999999, -22.28947881299996], [-52.80945585699993, -22.285444437999956], [-52.808029731999966, -22.28431281299993], [-52.80833648199996, -22.284340250999946], [-52.80692241999998, -22.283209000999932], [-52.803196544999935, -22.278738062999935], [-52.80009298199997, -22.275634562999983], [-52.799843356999986, -22.275384875999976], [-52.79798048199996, -22.275012312999934], [-52.79425466999999, -22.269423625999934], [-52.787920794999934, -22.263089812999965], [-52.78009660699996, -22.257501187999935], [-52.77189979499997, -22.253030250999927], [-52.76370304499994, -22.249677125999938], [-52.76184016999997, -22.24818681299996], [-52.75997729499994, -22.245578750999982], [-52.76258535699998, -22.24036262599998], [-52.76407560699994, -22.237009437999973], [-52.764820794999935, -22.232538500999965], [-52.76407554499997, -22.230675625999936], [-52.761094981999975, -22.234773937999933], [-52.75774173199994, -22.240362687999948], [-52.75476116999994, -22.245578750999982], [-52.751780544999974, -22.25079481299997], [-52.74805473199996, -22.254520687999957], [-52.742466106999984, -22.25377550099995], [-52.74214641999998, -22.25349143799997], [-52.73911285699995, -22.25079487599993], [-52.73501448199994, -22.248932000999957], [-52.72644516999998, -22.24744168799998], [-52.72298254499998, -22.24328662599993], [-52.72271929499993, -22.242970750999973], [-52.72458216999996, -22.23887243799993], [-52.72756279499998, -22.236636937999947], [-52.735386981999966, -22.239244937999956], [-52.74097573199998, -22.237009500999932], [-52.74023041999993, -22.233656312999983], [-52.73650466999993, -22.230303125999967], [-52.73315148199998, -22.225087000999963], [-52.72756273199997, -22.220988750999936], [-52.72710691999998, -22.220601250999948], [-52.720111231999965, -22.214654937999967], [-52.71005148199998, -22.211301625999965], [-52.702599919999955, -22.21018400099996], [-52.69104998199998, -22.212419437999927], [-52.68434354499993, -22.212419500999943], [-52.67465648199993, -22.21018406299993], [-52.669812856999954, -22.207948562999945], [-52.66608710699995, -22.201987375999977], [-52.66049841999995, -22.200497062999943], [-52.653046794999966, -22.19714381299997], [-52.64745810699998, -22.19267293799993], [-52.64261454499996, -22.18820200099998], [-52.63628066999996, -22.184103499999935], [-52.634493419999956, -22.18101649999994], [-52.634194184999956, -22.18098231199997], [-52.63379485699994, -22.180936687999974], [-52.63266348199994, -22.183623687999955], [-52.63063366999995, -22.18565337499996], [-52.625051919999976, -22.184131124999965], [-52.61794773199995, -22.18260887499997], [-52.60982873199998, -22.181086437999966], [-52.605769168999984, -22.17956424999994], [-52.601202168999976, -22.176012124999943], [-52.598157543999946, -22.17093774999995], [-52.59562029399996, -22.167385687999968], [-52.59403185699995, -22.16695256299994], [-52.59128954399995, -22.166204624999978], [-52.59003860699994, -22.165863437999974], [-52.586486356999956, -22.165863437999974], [-52.58090460699998, -22.16383374999998], [-52.57430791899998, -22.16129656299995], [-52.56974085699994, -22.158251937999978], [-52.56263679399996, -22.15622218799996], [-52.554517731999965, -22.152162687999976], [-52.54487629399995, -22.146580937999943], [-52.542846543999985, -22.140491749999967], [-52.53878691899996, -22.133895062999954], [-52.53422004399994, -22.130342999999982], [-52.52813085699995, -22.126283499999943], [-52.526163793999956, -22.125627874999964], [-52.52051929399994, -22.12374631299997], [-52.512400043999946, -22.12222399999996], [-52.50580341899996, -22.120701749999967], [-52.505295918999934, -22.115119874999948], [-52.50377360699997, -22.108523124999977], [-52.503266106999945, -22.100911749999966], [-52.505295856999965, -22.095329749999962], [-52.50783304399994, -22.09127031299994], [-52.50935535699995, -22.084673624999937], [-52.51138510699997, -22.080106687999944], [-52.51138510699997, -22.077569437999955], [-52.50986279399996, -22.079599249999944], [-52.505295856999965, -22.085180999999977], [-52.502251231999935, -22.09025543799993], [-52.49920660699996, -22.093300124999928], [-52.49819185699994, -22.10091162499998], [-52.49717685699994, -22.108015749999936], [-52.50022154399994, -22.11258262499996], [-52.49869929399995, -22.118164562999937], [-52.49514716899995, -22.118672062999963], [-52.49058023199996, -22.115119937999964], [-52.487028168999984, -22.109538124999972], [-52.48449085699997, -22.101926624999976], [-52.480431418999956, -22.095329874999948], [-52.47535691899998, -22.08771837499995], [-52.47028248199996, -22.082136499999933], [-52.466309293999984, -22.078560687999982], [-52.46520810699997, -22.07756949999998], [-52.45962623199995, -22.069958062999945], [-52.453536981999946, -22.064376249999953], [-52.45129566899993, -22.059146624999983], [-52.45049223199993, -22.05727206299997], [-52.45099979399998, -22.053720062999957], [-52.45201454399995, -22.045601062999935], [-52.45201454399995, -22.040526687999943], [-52.45099973199996, -22.03342256299993], [-52.45099960699997, -22.030885437999927], [-52.452521918999935, -22.024796124999966], [-52.45150704399998, -22.01819931299997], [-52.44592516899996, -22.012110124999936], [-52.44186566899998, -22.00652837499996], [-52.440343293999945, -22.000439124999957], [-52.439880168999935, -21.997891624999966], [-52.43833510699994, -21.99792387499997], [-52.43458279399994, -21.992563562999976], [-52.43083060699996, -21.98827524999996], [-52.42922248199994, -21.982378874999938], [-52.42868635699995, -21.974338374999945], [-52.427078293999955, -21.96790587499993], [-52.42493423199994, -21.96200956299998], [-52.42332598199994, -21.951824812999973], [-52.42278985699994, -21.944856374999972], [-52.41850160699994, -21.93788799999993], [-52.41260510699993, -21.92877537499993], [-52.410460918999945, -21.92127081299998], [-52.405100481999966, -21.911086249999983], [-52.39759591899997, -21.90090162499996], [-52.39456691899994, -21.893978062999963], [-52.39202548199995, -21.893723999999963], [-52.37662873199997, -21.883999812999946], [-52.366904543999965, -21.87103424999998], [-52.36447341899998, -21.849965187999942], [-52.36285266899995, -21.832947874999945], [-52.35312841899997, -21.832947874999945], [-52.34664560699997, -21.82646512499997], [-52.34745591899997, -21.812689124999963], [-52.33286948199998, -21.80377537499993], [-52.31828316899998, -21.79567193799994], [-52.30693816899998, -21.78837881299995], [-52.28830010699994, -21.782706437999934], [-52.27047235699996, -21.781896062999976], [-52.24859285699995, -21.780275374999974], [-52.23886860699997, -21.772171999999955], [-52.23076498199998, -21.757585749999976], [-52.22590285699994, -21.74380974999997], [-52.21617860699996, -21.74218912499998], [-52.19835085699998, -21.74056843799997], [-52.190247418999945, -21.740568499999938], [-52.189665668999965, -21.740180687999953], [-52.18924366899995, -21.738914187999967], [-52.18817360699995, -21.734630624999966], [-52.188531918999956, -21.727491749999956], [-52.19210223199997, -21.72249506299994], [-52.191389106999964, -21.717854624999973], [-52.19567279399996, -21.71607062499993], [-52.19674473199996, -21.71035956299994], [-52.19567466899997, -21.705719062999947], [-52.19567541899994, -21.701435687999947], [-52.19674723199995, -21.696081687999936], [-52.20245879399994, -21.694654687999957], [-52.206028481999965, -21.69322743799995], [-52.206029231999935, -21.689300999999944], [-52.20924235699994, -21.68537506299998], [-52.21745316899995, -21.680379062999975], [-52.221023668999976, -21.675025437999977], [-52.22280591899994, -21.672650249999947], [-52.22637929399997, -21.66788724999998], [-52.23244823199997, -21.66360481299995], [-52.23815985699997, -21.661820999999975], [-52.24280116899996, -21.656824437999944], [-52.246371231999944, -21.653969374999974], [-52.24886991899996, -21.65361281299994], [-52.24922754399995, -21.650400374999947], [-52.252083606999975, -21.647545124999965], [-52.25636748199997, -21.645047249999948], [-52.25815341899994, -21.638979311999947], [-52.264579106999975, -21.636481686999957], [-52.26921941899997, -21.636839436999935], [-52.272431418999986, -21.640052499999967], [-52.27671423199996, -21.643265749999955], [-52.28349660699996, -21.641839124999933], [-52.28706629399994, -21.641482749999966], [-52.28956454399997, -21.643624874999944], [-52.29134898199993, -21.64505299999996], [-52.298131231999946, -21.644340186999955], [-52.30241548199996, -21.640414499999963], [-52.30441291899996, -21.63741962499995], [-52.30598604399995, -21.63506081199995], [-52.30848529399998, -21.632205561999967], [-52.310764106999954, -21.63220599999994], [-52.31348260699997, -21.63220643699998], [-52.31698873199997, -21.633285874999956], [-52.318122793999976, -21.63363506199994], [-52.319173356999954, -21.634836124999936], [-52.32062085699994, -21.636491061999948], [-52.322048106999944, -21.64006087499996], [-52.324465981999936, -21.64106874999993], [-52.32633116899996, -21.641846374999943], [-52.32990054399994, -21.642203936999977], [-52.334183793999955, -21.64327549999996], [-52.33566748199996, -21.643572499999948], [-52.33775329399998, -21.64399012499996], [-52.341322668999965, -21.64434756199995], [-52.342262793999964, -21.64444174999994], [-52.34226473199993, -21.644441936999954], [-52.344892168999934, -21.644705124999973], [-52.34711398199994, -21.64489068699993], [-52.349175481999964, -21.64506287499995], [-52.35238785699994, -21.646134249999932], [-52.35477685699993, -21.647329249999927], [-52.35738473199996, -21.648633811999957], [-52.359174793999955, -21.648889874999952], [-52.35988341899997, -21.648991249999938], [-52.36194491899994, -21.650568374999978], [-52.363123918999975, -21.651470312999948], [-52.36543685699996, -21.653239562999943], [-52.365950606999945, -21.65363268799996], [-52.36903941899993, -21.65480999999994], [-52.37152454399995, -21.655757249999965], [-52.373446043999934, -21.65648962499995], [-52.37737198199994, -21.659345937999944], [-52.37995685699997, -21.659346374999927], [-52.38129841899996, -21.65934656299993], [-52.38700973199997, -21.659347624999953], [-52.39057873199994, -21.66184687499998], [-52.39486160699994, -21.664346312999953], [-52.39664648199994, -21.66398968799996], [-52.39557635699998, -21.660420062999947], [-52.390936668999984, -21.656849687999966], [-52.38772429399995, -21.65613518799995], [-52.384501168999975, -21.656134624999936], [-52.37987129399994, -21.65613374999998], [-52.37737304399997, -21.653991624999946], [-52.37584104399997, -21.652858874999936], [-52.36916429399997, -21.647921999999937], [-52.366569168999945, -21.646977811999932], [-52.36523816899995, -21.646493499999963], [-52.36224741899997, -21.643974061999927], [-52.36025591899994, -21.642296374999944], [-52.35845716899996, -21.640781124999933], [-52.35451529399995, -21.638612124999952], [-52.35131885699997, -21.636853436999957], [-52.347059668999975, -21.63685262499996], [-52.343465856999956, -21.636851999999976], [-52.34204085699997, -21.636693436999963], [-52.337125793999974, -21.63614643699998], [-52.33382829399994, -21.63577943699994], [-52.330842606999965, -21.635659561999944], [-52.32627110699997, -21.63547587499994], [-52.324904543999935, -21.635421061999978], [-52.323120106999966, -21.63363593699995], [-52.32082604399994, -21.63236093699993], [-52.31753248199993, -21.630530374999978], [-52.316695668999955, -21.630065311999942], [-52.31419723199997, -21.628280124999947], [-52.31088160699994, -21.627963749999935], [-52.30670135699995, -21.62756493699993], [-52.305434918999936, -21.628549561999932], [-52.303488293999976, -21.63006299999995], [-52.302059293999946, -21.636130999999978], [-52.29884654399996, -21.637201311999945], [-52.294563668999956, -21.63434493699998], [-52.28885254399995, -21.63327312499996], [-52.28674285699998, -21.633741561999955], [-52.28563991899995, -21.633986499999935], [-52.28381473199994, -21.633986186999948], [-52.275645106999946, -21.633984874999953], [-52.27386060699996, -21.632913749999943], [-52.27243316899995, -21.63041481199997], [-52.268863668999984, -21.630057249999936], [-52.266160481999975, -21.63005687499998], [-52.262795481999945, -21.63005624999994], [-52.25565598199995, -21.63255381199997], [-52.25244254399996, -21.637193624999952], [-52.246730481999975, -21.64111918699996], [-52.241376043999935, -21.641832249999936], [-52.237667543999976, -21.644528436999963], [-52.23352198199996, -21.647542186999942], [-52.22281285699995, -21.65039612499993], [-52.21715223799998, -21.651850769999953], [-52.21229813699995, -21.654135052999948], [-52.209728318999964, -21.654420587999937], [-52.20485552599996, -21.660815880999962], [-52.20068029399994, -21.658959437999954], [-52.19143772799998, -21.651709255999947], [-52.185727020999934, -21.64528471099993], [-52.179302475999975, -21.62886642999996], [-52.17145025499997, -21.60959279599996], [-52.16359803399996, -21.59460219099998], [-52.15259766299994, -21.582685122999976], [-52.146465914999965, -21.576042395999934], [-52.13218914899994, -21.56462098299994], [-52.129979875999936, -21.56221488099993], [-52.12571430999998, -21.560082096999963], [-52.12143127999997, -21.557226743999934], [-52.11536365499995, -21.55330063399998], [-52.11108062499994, -21.54901760399997], [-52.10429916099997, -21.53938078699997], [-52.097874615999956, -21.530100888999982], [-52.08966547599994, -21.52224866699993], [-52.08431168799996, -21.515110283999945], [-52.078600981999955, -21.51047033499998], [-52.06575189299997, -21.497264326999982], [-52.065281994999964, -21.495854633999954], [-52.06079606999998, -21.49211636299998], [-52.048375283999974, -21.486120120999942], [-52.039238153999975, -21.48326476799997], [-52.036382799999956, -21.480837717999975], [-52.03438405299994, -21.47141505199994], [-52.031814234999956, -21.46527604299996], [-52.02696013499997, -21.45242695299993], [-52.02267710499996, -21.445145802999946], [-52.01953621599995, -21.434580995999966], [-52.017661905999944, -21.431834913999978], [-52.01339720699997, -21.425586632999966], [-52.00540221799997, -21.41887655299996], [-52.00097642099996, -21.409025584999938], [-51.99512294599998, -21.40716960499998], [-51.98541474599995, -21.39988845399995], [-51.97884743299994, -21.394463282999936], [-51.97413609999995, -21.39217900099993], [-51.96856816199994, -21.39089409199994], [-51.963285757999984, -21.38918087999997], [-51.95814612199996, -21.388324273999956], [-51.95471969899995, -21.388324273999956], [-51.949722829999985, -21.38918087999997], [-51.94286998299998, -21.388038738999967], [-51.93844418499998, -21.385326152999937], [-51.93444669099995, -21.384184011999935], [-51.92773661099994, -21.38061481999995], [-51.92388188399997, -21.376617325999973], [-51.92216867199994, -21.376331789999938], [-51.91988438899995, -21.37576071999996], [-51.916743500999985, -21.374047507999933], [-51.91488752099997, -21.37147768999995], [-51.91345984499998, -21.367908498999952], [-51.91317430899994, -21.364053771999977], [-51.91288877399995, -21.36191225699997], [-51.91203216799994, -21.359485206999977], [-51.909747885999934, -21.358485832999975], [-51.908177440999964, -21.358771367999964], [-51.90674976499997, -21.356915388999937], [-51.900467987999946, -21.34720718799997], [-51.899325845999954, -21.344780137999976], [-51.897612633999984, -21.34292415799996], [-51.897469866999984, -21.34149648099998], [-51.899040310999965, -21.340925410999944], [-51.90146736099996, -21.33992603699994], [-51.905322087999934, -21.33550023999993], [-51.90846297699994, -21.331645512999955], [-51.91003342099998, -21.330503371999953], [-51.91274600599996, -21.32479266499996], [-51.91731457199995, -21.32022409999996], [-51.92045545999997, -21.317368746999932], [-51.92473848999998, -21.313799554999946], [-51.924595721999935, -21.312371878999954], [-51.92373911599998, -21.312086342999976], [-51.92059822799996, -21.313228484999968], [-51.92016992499998, -21.31180080799993], [-51.92102653099994, -21.308945454999957], [-51.92202590399995, -21.304947959999936], [-51.921312065999984, -21.305090727999982], [-51.920027156999936, -21.306661171999963], [-51.918599480999944, -21.308088848999944], [-51.91788564199993, -21.30965929299998], [-51.91531582399995, -21.312800181999933], [-51.91345984499998, -21.315227231999927], [-51.91060449199995, -21.319795796999927], [-51.90903404699998, -21.322651149999956], [-51.90703529999996, -21.326934179999967], [-51.905179319999945, -21.330360603999964], [-51.90275226999995, -21.333501491999982], [-51.900753522999935, -21.335928542999966], [-51.898897542999975, -21.33878389599994], [-51.898612007999986, -21.34006880499993], [-51.897469866999984, -21.340497107999965], [-51.89689879599996, -21.33807005799997], [-51.89846923999994, -21.33421533099994], [-51.898754775999976, -21.33107444199993], [-51.900610754999946, -21.326220341999942], [-51.900610754999946, -21.318368119999946], [-51.90118182599997, -21.313942322999935], [-51.898897542999975, -21.310515898999938], [-51.89832647299994, -21.30723224299993], [-51.900467987999946, -21.303805818999933], [-51.90146736099996, -21.30080769799997], [-51.90475101699997, -21.298523415999966], [-51.908034673999964, -21.298523415999966], [-51.91089002699994, -21.29809511299993], [-51.91474475399997, -21.298380647999977], [-51.918171177999966, -21.29966555699997], [-51.92074099499996, -21.300522162999982], [-51.921454833999974, -21.301664303999928], [-51.92231143999993, -21.30252090999994], [-51.92373911599998, -21.30137876899994], [-51.92402465199996, -21.299237253999934], [-51.921597600999974, -21.29809511299993], [-51.918313944999966, -21.296239132999972], [-51.91631519799995, -21.29495422399998], [-51.913888147999955, -21.29666743599995], [-51.91288877399995, -21.29695297099994], [-51.91146109799996, -21.29638190099996], [-51.91089002699994, -21.294240385999956], [-51.90874851199993, -21.293241011999953], [-51.908034673999964, -21.294097617999967], [-51.907891905999975, -21.29523975899997], [-51.90632146199994, -21.29638190099996], [-51.90403717899994, -21.297381273999974], [-51.903608875999964, -21.296096364999983], [-51.903751643999954, -21.294097617999967], [-51.90161012899995, -21.294383152999956], [-51.900753522999935, -21.29695297099994], [-51.898754775999976, -21.299237253999934], [-51.89832647299994, -21.30137876899994], [-51.89818370499995, -21.30252090999994], [-51.897612633999984, -21.30137876899994], [-51.89704156399995, -21.29681020399994], [-51.89532835199998, -21.294525920999945], [-51.894186210999976, -21.29195610299996], [-51.894471745999965, -21.289386284999978], [-51.89361513999995, -21.28767307299995], [-51.89133085699996, -21.28795860899993], [-51.88918934199995, -21.29038565899998], [-51.88918934199995, -21.293098243999964], [-51.887047827999936, -21.294668688999934], [-51.88433524199996, -21.292669941999975], [-51.880908817999966, -21.288244143999975], [-51.877054090999934, -21.284960487999967], [-51.876625787999956, -21.27896424599993], [-51.876483020999956, -21.274681215999976], [-51.87733962699997, -21.269398812999952], [-51.875340878999964, -21.26868497499993], [-51.87334213199995, -21.26682899499997], [-51.867916960999935, -21.26811390399996], [-51.866346516999954, -21.270826488999944], [-51.866203748999965, -21.273539074999974], [-51.86848803199996, -21.27710826699996], [-51.87334213199995, -21.28024915499998], [-51.875055343999975, -21.284103881999954], [-51.874912575999986, -21.287244769999973], [-51.87448427299995, -21.289957355999945], [-51.876768555999945, -21.293241011999953], [-51.87905283899994, -21.29666743599995], [-51.87848176799997, -21.29809511299993], [-51.87591194999993, -21.295810829999937], [-51.87377043499998, -21.29224163899994], [-51.87148615299998, -21.29224163899994], [-51.86948740499997, -21.293383779999942], [-51.86820249599998, -21.295668061999947], [-51.86948740499997, -21.29952278899998], [-51.86905910199994, -21.304376889999958], [-51.870486778999975, -21.307517777999976], [-51.870344010999986, -21.31008759599996], [-51.870344010999986, -21.312942948999932], [-51.86963017299996, -21.316797675999965], [-51.86913048599996, -21.31865365599998], [-51.86865459399996, -21.31946267199993], [-51.86825044099999, -21.32027097799994], [-51.86825280399995, -21.320184963999964], [-51.86825008599993, -21.32018840799998], [-51.86823859899994, -21.32029466299997], [-51.868178701999966, -21.32041445699997], [-51.86791980999993, -21.322312998999962], [-51.867583836999984, -21.32318652899994], [-51.867583836999984, -21.32494732999993], [-51.867916960999935, -21.326612952999938], [-51.868067792999966, -21.326918585999977], [-51.86808940999998, -21.326131828999962], [-51.868226290999985, -21.327172125999937], [-51.868416647999936, -21.32798114299993], [-51.86865459399996, -21.329028105999953], [-51.868369058999974, -21.331788279999955], [-51.86782723699997, -21.334542538999983], [-51.86667964099996, -21.33555972599993], [-51.866156159999946, -21.33689222399994], [-51.866156159999946, -21.338890971999945], [-51.86677481999993, -21.34093730799998], [-51.86839285299993, -21.343174000999966], [-51.868868744999986, -21.34398301799996], [-51.86977014099995, -21.34398301799996], [-51.869796734999966, -21.344018709999943], [-51.870225037999944, -21.34444701299998], [-51.87027262699996, -21.345018083999946], [-51.87122441199995, -21.34611263599993], [-51.87322315899996, -21.34754031199998], [-51.874460478999936, -21.348349328999973], [-51.87606670599996, -21.349043913999935], [-51.87610230699994, -21.349075064999965], [-51.87643543099995, -21.349788902999933], [-51.87710168099994, -21.35012202799993], [-51.87819623299998, -21.35016961699995], [-51.87897074699998, -21.350083559999973], [-51.87931457899998, -21.35015771899998], [-51.88007600699996, -21.350110129999962], [-51.880504309999935, -21.35058602199996], [-51.88075655399996, -21.350827755999944], [-51.881051585999955, -21.35150211499996], [-51.88143229999997, -21.351930417999938], [-51.882431672999985, -21.352073185999927], [-51.88333586799996, -21.352501488999962], [-51.88452559899997, -21.353786396999965], [-51.88790443399995, -21.355832733999932], [-51.89092702099998, -21.357896230999927], [-51.89060734199995, -21.357493316999978], [-51.89135465199996, -21.358152707999977], [-51.89430518399996, -21.36081770499993], [-51.89578044899997, -21.362150202999942], [-51.89754125099995, -21.364386895999928], [-51.899777943999936, -21.367718141999944], [-51.90172910199993, -21.36976447799998], [-51.90281197999997, -21.37111807599996], [-51.902624912999954, -21.37101114999996], [-51.90308539499995, -21.371679943999936], [-51.90541726699996, -21.373631101999933], [-51.90717806799995, -21.37543949299993], [-51.90941476099994, -21.378056899999933], [-51.91188939999995, -21.380293592999976], [-51.91288877399995, -21.38134055599994], [-51.914173682999945, -21.38148332399993], [-51.91458721699996, -21.381306094999957], [-51.914673369999946, -21.381328658999962], [-51.914958904999935, -21.38061481999995], [-51.914816137999935, -21.37990098199998], [-51.914673369999946, -21.37890160799998], [-51.914816137999935, -21.378235358999973], [-51.91548238699994, -21.378092591999973], [-51.916053456999975, -21.379425089999927], [-51.916243813999984, -21.38032928499996], [-51.91691006299993, -21.381233479999935], [-51.91714800899996, -21.38209008599995], [-51.91657693899998, -21.382613567999954], [-51.916338992999954, -21.382708745999935], [-51.91597858499995, -21.38297905099995], [-51.915880340999934, -21.38285738899998], [-51.91560135999998, -21.38300617899995], [-51.91493511099998, -21.38300617899995], [-51.91483993199995, -21.383482070999946], [-51.915411002999974, -21.38414831999995], [-51.91612484099994, -21.38538563999998], [-51.91745733899995, -21.388336170999935], [-51.918171177999966, -21.39033491799995], [-51.918504301999974, -21.39166741699995], [-51.918456712999955, -21.393666163999967], [-51.91907537299994, -21.395426964999956], [-51.919979567999974, -21.397520890999942], [-51.92045545999997, -21.39918651299996], [-51.92164519099998, -21.401423206999937], [-51.92188313699995, -21.40227981299995], [-51.92202590399995, -21.403184007999982], [-51.922739742999966, -21.40394543499997], [-51.92364393799994, -21.406515252999952], [-51.92359634899998, -21.40818087599996], [-51.92373911599998, -21.410512747999974], [-51.92369152699996, -21.413415689999965], [-51.92388188399997, -21.416318632999946], [-51.92492884699993, -21.421648624999932], [-51.92530956099995, -21.422885944999962], [-51.92530956099995, -21.423837728999956], [-51.92511920399994, -21.425027459999967], [-51.92530956099995, -21.426597903999948], [-51.92621375599998, -21.429596024999967], [-51.92707036199994, -21.431499593999945], [-51.92678482599996, -21.431975485999942], [-51.92630893399996, -21.431309236999937], [-51.92511920399994, -21.428358704999937], [-51.924262597999984, -21.424979870999948], [-51.92319183999996, -21.417698719999976], [-51.922478001999934, -21.41008444499994], [-51.92188313699995, -21.40532552299993], [-51.920217513999944, -21.40080454699995], [-51.91807599899994, -21.396164597999928], [-51.91760010699994, -21.39200054099996], [-51.91593448399993, -21.387836483999934], [-51.91391194199997, -21.38438626599998], [-51.908915073999935, -21.378556586999935], [-51.902133609999964, -21.37189409599995], [-51.90115980199994, -21.370173700999942], [-51.899483105999934, -21.369215311999938], [-51.89572079399994, -21.36412393699993], [-51.89414113699996, -21.36198612399994], [-51.890593223999986, -21.359282951999944], [-51.88797581699998, -21.35666554499994], [-51.88369278799996, -21.35416711099998], [-51.87405596999997, -21.350241000999972], [-51.86977294099995, -21.34750461999994], [-51.86667583399998, -21.34305255399994], [-51.865318969999976, -21.33852967399997], [-51.86562049599996, -21.335815946999958], [-51.86682659699994, -21.33385603199997], [-51.86682659699994, -21.330539253999973], [-51.866525071999945, -21.326619424999933], [-51.86667583399998, -21.323302646999934], [-51.86758040999996, -21.31425688799993], [-51.86682659699994, -21.30867866999995], [-51.864866681999956, -21.30144206199998], [-51.865318969999976, -21.300085198999966], [-51.86516820799994, -21.299029859999962], [-51.86471591999998, -21.298728334999964], [-51.86381134399994, -21.296768419999978], [-51.86109761599994, -21.27777232699998], [-51.86109761599994, -21.272947921999958], [-51.86109761599994, -21.271440294999934], [-51.86200219199998, -21.271138769999936], [-51.86200219199998, -21.270234193999954], [-51.86109761599994, -21.268877329999953], [-51.86049456599994, -21.267369703999975], [-51.86004227799998, -21.26164072299997], [-51.85989151499996, -21.253650302999972], [-51.86275600499994, -21.246413694999944], [-51.86788193499996, -21.23902632599993], [-51.86836954599994, -21.238928803999954], [-51.87451291899998, -21.23142206199998], [-51.88129666899994, -21.222498436999956], [-51.88343929399997, -21.215716249999957], [-51.88915216899994, -21.20679249999995], [-51.89051141899995, -21.203565561999937], [-51.89200891899998, -21.20001031199996], [-51.890927605999934, -21.198043749999954], [-51.889338418999955, -21.19515343699993], [-51.88808298099997, -21.19287024999994], [-51.88692773099996, -21.19072406199996], [-51.88692448099994, -21.190718124999933], [-51.884110230999966, -21.18549024999993], [-51.88308654399998, -21.183588311999927], [-51.882936480999945, -21.182837436999932], [-51.88210960599997, -21.17892281199994], [-51.881659543999945, -21.176448624999978], [-51.883088105999946, -21.171451186999946], [-51.88360954399997, -21.16340093699995], [-51.88392604399996, -21.15890612499993], [-51.884161105999965, -21.155387249999933], [-51.88380498099997, -21.14860468699993], [-51.88487673099996, -21.142536124999936], [-51.88522604399998, -21.13869937499993], [-51.885591793999936, -21.134682686999952], [-51.88320635599996, -21.131543311999962], [-51.87881023099993, -21.125757499999963], [-51.873812605999944, -21.12468593699998], [-51.867802418999986, -21.124821874999952], [-51.863649230999954, -21.124915749999957], [-51.85810535599995, -21.125041186999965], [-51.84858173099997, -21.124626124999963], [-51.84495810599998, -21.124468124999964], [-51.84168435599997, -21.12432543699998], [-51.838344105999965, -21.121979686999964], [-51.83747685599997, -21.121370686999967], [-51.83087629399995, -21.11673518699996], [-51.829946855999935, -21.116082374999962], [-51.824907605999954, -21.11254318699997], [-51.82405516899996, -21.112087498999927], [-51.80420404399996, -21.101474748999976], [-51.800296043999936, -21.10049731199996], [-51.795636668999975, -21.09933193699993], [-51.79437904399998, -21.096617311999978], [-51.79040879399997, -21.088047373999927], [-51.78885560599997, -21.08469506199998], [-51.782787918999986, -21.075055936999945], [-51.779535230999954, -21.05887956199996], [-51.77887466899995, -21.05143781199996], [-51.77815079399994, -21.043283936999956], [-51.77789910599995, -21.042066748999957], [-51.77679773099993, -21.036740436999935], [-51.776010043999975, -21.032931186999974], [-51.771451480999986, -21.02598318699995], [-51.76837366899997, -21.021330748999958], [-51.76224785599993, -21.01367193699997], [-51.75882816899997, -21.009396373999948], [-51.75336516899995, -21.00305968699996], [-51.75014191899999, -20.999456561999978], [-51.747648605999984, -20.99726437399994], [-51.74294116899995, -20.99187087399997], [-51.73893879399998, -20.98527631199994], [-51.734962293999956, -20.97973637399997], [-51.72773960599994, -20.97160931199994], [-51.724731230999964, -20.96822412399996], [-51.72354004399995, -20.96688368699995], [-51.71857991899998, -20.96445681199998], [-51.715230230999964, -20.96272781199997], [-51.710689043999935, -20.960456748999945], [-51.70941854399996, -20.95951043699995], [-51.69895629399997, -20.95171806199994], [-51.698025480999945, -20.95102474899994], [-51.69391179399997, -20.94796062399996], [-51.68070385599998, -20.94046268699998], [-51.679108105999944, -20.938503998999977], [-51.672850980999954, -20.930823311999973], [-51.66642566899998, -20.925110936999943], [-51.66534260599997, -20.924273873999937], [-51.65923023099998, -20.919549811999957], [-51.65857241899994, -20.91904137399996], [-51.65650585599997, -20.91675687399993], [-51.65375085599993, -20.91371143699996], [-51.651790293999966, -20.91154406199996], [-51.65087141899994, -20.908020373999932], [-51.649649168999986, -20.903333061999945], [-51.64674954399993, -20.900433061999934], [-51.644651668999984, -20.898334748999957], [-51.64448654399996, -20.89805949899994], [-51.643114855999954, -20.895772936999947], [-51.64036841899997, -20.89119462399998], [-51.63916335599998, -20.886544811999954], [-51.63787035599995, -20.88155556199996], [-51.62966010599996, -20.87405812399993], [-51.62966041899995, -20.870814561999964], [-51.629660668999975, -20.867989186999978], [-51.63144629399994, -20.860849498999983], [-51.63205416899996, -20.857933186999958], [-51.63323216899994, -20.85228174899993], [-51.63327229399994, -20.85196706199997], [-51.63537554399994, -20.835503186999972], [-51.63787573099995, -20.823008623999954], [-51.638340418999974, -20.816511311999932], [-51.63859066899994, -20.81301268699997], [-51.638948168999946, -20.80694381199993], [-51.63537866899998, -20.801588498999934], [-51.63002410599995, -20.79766118699996], [-51.630024668999965, -20.791973061999954], [-51.62966848099995, -20.78195324899997], [-51.63008966899997, -20.781291436999936], [-51.62966860599994, -20.780168248999928], [-51.62963848099997, -20.778088311999966], [-51.62966885599997, -20.77808818699998], [-51.64556098099996, -20.778027686999962], [-51.64667479399998, -20.778027686999962], [-51.648589855999944, -20.778027811999948], [-51.65108929399997, -20.773386998999968], [-51.64894779399998, -20.76803199899996], [-51.64930529399993, -20.76303399899996], [-51.65179204399993, -20.759995061999973], [-51.652439105999974, -20.75920431199995], [-51.652518605999944, -20.759107186999927], [-51.65109104399994, -20.754823061999957], [-51.650377668999965, -20.748039998999957], [-51.65139435599997, -20.743865686999982], [-51.65321698099996, -20.743068311999934], [-51.654925230999936, -20.740715123999962], [-51.65252679399998, -20.740157873999976], [-51.652402043999984, -20.733046186999957], [-51.65231754399997, -20.73257949899994], [-51.65270016899996, -20.73230124899993], [-51.65407248099996, -20.73130318699998], [-51.65394941899996, -20.72970199899993], [-51.65385866899993, -20.728522373999965], [-51.65501973099998, -20.72736131199997], [-51.65621166899996, -20.726169373999937], [-51.65877854399997, -20.72445806199994], [-51.660275980999984, -20.721677186999955], [-51.66151341899996, -20.721058436999954], [-51.663270730999955, -20.72017981199997], [-51.66540979399997, -20.718682436999927], [-51.66883235599994, -20.71697112399994], [-51.67139929399997, -20.715045936999957], [-51.67418016899995, -20.71397643699993], [-51.67674710599994, -20.713120686999957], [-51.67439404399994, -20.710981623999942], [-51.674848543999985, -20.709049748999973], [-51.67524973099995, -20.70734512399997], [-51.67830723099996, -20.705209123999964], [-51.67975210599997, -20.704199811999956], [-51.68188091899998, -20.703494748999958], [-51.68432604399993, -20.700870123999948], [-51.686800855999934, -20.699644311999975], [-51.68829835599996, -20.70156949899996], [-51.69043741899998, -20.70413643699993], [-51.69664085599993, -20.700713873999973], [-51.70229348099997, -20.697949061999964], [-51.701594668999974, -20.695698061999963], [-51.69930416899996, -20.696207498999968], [-51.69962166899995, -20.694908811999937], [-51.70277860599998, -20.693330248999928], [-51.704225605999966, -20.69096243699994], [-51.70311191899998, -20.689764623999963], [-51.705014855999934, -20.687937061999946], [-51.70738266899997, -20.68662156199997], [-51.70897885599993, -20.687508311999977], [-51.70975041899993, -20.687937061999946], [-51.71375160599996, -20.68676368699994], [-51.713038980999954, -20.68438531199996], [-51.717116730999976, -20.68228062399993], [-51.72029929399997, -20.68048893699995], [-51.722709168999984, -20.680639561999953], [-51.72466429399998, -20.68076174899994], [-51.72685104399994, -20.678334311999947], [-51.72818198099998, -20.677594873999965], [-51.72984773099995, -20.676669498999956], [-51.73584960599993, -20.677760748999958], [-51.73968135599995, -20.672931623999943], [-51.74567104399995, -20.672031623999942], [-51.747853480999936, -20.674486936999926], [-51.74654035599997, -20.677950873999976], [-51.748207168999954, -20.679280998999957], [-51.74938223099997, -20.677717248999954], [-51.75167291899999, -20.67257724899997], [-51.74935741899998, -20.66900974899994], [-51.75167291899999, -20.66903062399996], [-51.75576516899997, -20.66848499899993], [-51.75890241899998, -20.667193186999953], [-51.760402918999944, -20.666575311999964], [-51.76913304399994, -20.664938436999932], [-51.770769980999944, -20.66193743699995], [-51.77513498099995, -20.66111899899994], [-51.78087685599996, -20.662427811999976], [-51.780877293999936, -20.662427561999948], [-51.78423585599995, -20.66046856199995], [-51.78813179399998, -20.658196061999945], [-51.78932110599993, -20.655117248999943], [-51.79259485599994, -20.652661936999948], [-51.796414168999945, -20.65402593699997], [-51.800640355999974, -20.652251373999945], [-51.80247516899993, -20.651958186999934], [-51.80414360599997, -20.651518748999933], [-51.80705404399998, -20.650752248999936], [-51.80839935599994, -20.644584873999975], [-51.81098198099994, -20.642124123999963], [-51.81388479399993, -20.64110299899994], [-51.81633004399998, -20.641376186999935], [-51.818950980999944, -20.64467518699996], [-51.82094604399998, -20.64610681199997], [-51.82507354399996, -20.645797998999967], [-51.82875085599994, -20.646498623999946], [-51.83243198099996, -20.648635811999952], [-51.834655418999944, -20.65106812399995], [-51.83597204399996, -20.652508436999938], [-51.836439230999986, -20.655323748999933], [-51.836449293999976, -20.655383936999954], [-51.83870041899996, -20.65729962399996], [-51.837063730999944, -20.661119061999955], [-51.84016454399995, -20.662765811999975], [-51.842315980999956, -20.664711373999978], [-51.842678543999966, -20.665382748999946], [-51.84323929399994, -20.666003561999958], [-51.84524173099993, -20.66829324899993], [-51.84785129399995, -20.669576873999972], [-51.85346273099998, -20.67055362399998], [-51.85725198099993, -20.671213123999962], [-51.85673960599996, -20.672555186999944], [-51.86052560599995, -20.672031498999957], [-51.86407248099994, -20.67448681199994], [-51.86789185599997, -20.675305248999962], [-51.87007423099993, -20.67284987399995], [-51.87181578999997, -20.671521851999955], [-51.87353466899998, -20.670211123999934], [-51.868437480999944, -20.667393561999972], [-51.86461804399994, -20.66957624899993], [-51.86079854399998, -20.66684799899997], [-51.85725198099993, -20.667120873999977], [-51.85288698099998, -20.66793931199993], [-51.85043166899993, -20.665756873999953], [-51.84743054399996, -20.666029623999975], [-51.84734841899996, -20.66424193699993], [-51.84724360599995, -20.66196087399993], [-51.847200043999976, -20.660487873999955], [-51.84747360599994, -20.657629561999954], [-51.84746566899997, -20.65762031199995], [-51.84685923099994, -20.65691431199997], [-51.844406668999966, -20.656352623999965], [-51.84165604399993, -20.65665062399995], [-51.840427605999935, -20.65579824899993], [-51.84130785599996, -20.653858123999953], [-51.84197441899994, -20.65238899899998], [-51.84061023099997, -20.648296811999955], [-51.83904266899998, -20.646541936999938], [-51.83758204399993, -20.64490656199996], [-51.83607491899994, -20.643581248999965], [-51.83520160599994, -20.642912123999963], [-51.83392373099997, -20.642294998999944], [-51.82780491899996, -20.64175062399994], [-51.82566198099994, -20.639866248999965], [-51.82579085599997, -20.63729681199993], [-51.82790585599997, -20.636288123999975], [-51.83060579399995, -20.635000436999974], [-51.830605730999935, -20.63060187399998], [-51.83399241899997, -20.62761224899998], [-51.83747823099998, -20.62510393699995], [-51.84187679399997, -20.621530186999962], [-51.84387241899998, -20.617336373999933], [-51.84740091899994, -20.619049248999943], [-51.85094873099996, -20.62125512399996], [-51.853092480999976, -20.62313299899995], [-51.853809668999986, -20.623761186999957], [-51.853509946999964, -20.62243146299994], [-51.85342410599998, -20.62205062399994], [-51.85287310599995, -20.619605686999932], [-51.84984898099998, -20.617956186999947], [-51.84627535599998, -20.614932436999936], [-51.84930123099997, -20.612032561999968], [-51.852135730999976, -20.609316123999974], [-51.85287304399998, -20.60860956199997], [-51.856446793999964, -20.604485936999936], [-51.86084510599994, -20.597888311999952], [-51.86551866899998, -20.59596406199995], [-51.871016605999955, -20.59156543699993], [-51.870466918999966, -20.587991686999942], [-51.87411141899997, -20.586082061999946], [-51.87546948099998, -20.583197498999937], [-51.878164168999945, -20.58166899899993], [-51.88008835599993, -20.57754549899994], [-51.879813480999985, -20.573421873999962], [-51.88503673099996, -20.570397998999965], [-51.88723604399996, -20.567923810999957], [-51.891126730999986, -20.562087685999927], [-51.893833668999946, -20.558027185999947], [-51.898996918999956, -20.552657373999978], [-51.90166210599995, -20.54960512399998], [-51.90400510599994, -20.546481185999937], [-51.90867848099998, -20.542632623999964], [-51.912527043999944, -20.537959185999966], [-51.919399605999956, -20.532461185999978], [-51.92434785599994, -20.52943718599994], [-51.92654710599999, -20.526138248999928], [-51.93013454399994, -20.52352049899997], [-51.93647841899997, -20.519120998999938], [-51.94194191899993, -20.515691998999955], [-51.94798973099995, -20.514317373999972], [-51.95183829399997, -20.51101849899993], [-51.95486535599997, -20.505973435999977], [-51.957537730999945, -20.501827310999943], [-51.957538230999944, -20.501826623999932], [-51.95921160599994, -20.499202998999976], [-51.96173479399994, -20.495074123999927], [-51.962284668999985, -20.489575998999953], [-51.96762623099994, -20.486767810999936], [-51.97245598099994, -20.48435281099995], [-51.97438048099997, -20.481053935999967], [-51.97775985599998, -20.48136399899994], [-51.98394504399994, -20.482468498999935], [-51.98681685599996, -20.482026685999926], [-51.98770029399998, -20.480038623999974], [-51.98770048099993, -20.477387748999945], [-51.98770048099993, -20.474516060999974], [-51.98681685599996, -20.47186524899996], [-51.98770035599995, -20.470318748999944], [-51.98990941899996, -20.469435248999957], [-51.992339293999976, -20.468772498999954], [-51.99499016899995, -20.46877262399994], [-51.99609473099997, -20.467888998999967], [-52.00051273099996, -20.464133498999956], [-52.003384418999985, -20.46214537399993], [-52.00625629399997, -20.460820060999936], [-52.009569918999944, -20.460819998999966], [-52.01177879399995, -20.460157248999963], [-52.01266241899998, -20.45883187399994], [-52.01222060599997, -20.45618106099994], [-52.01111623099996, -20.45419293599997], [-52.009128043999965, -20.45198387399995], [-52.00713991899994, -20.449333060999948], [-52.006918918999986, -20.444473185999982], [-52.00713985599998, -20.44226418599993], [-52.00691904399997, -20.43961331099996], [-52.00669785599996, -20.436299748999943], [-52.00669785599996, -20.434532685999955], [-52.00780235599996, -20.432544435999944], [-52.00830198099993, -20.431545623999966], [-52.01067416899997, -20.42967256099996], [-52.012662355999964, -20.427463623999927], [-52.01376691899998, -20.423708248999958], [-52.013987730999986, -20.421278435999966], [-52.015533980999976, -20.419952998999975], [-52.01862685599997, -20.419952998999975], [-52.021719418999965, -20.41862743599995], [-52.02392835599994, -20.41597662399994], [-52.02414391899998, -20.414683685999933], [-52.02437016899995, -20.413325873999952], [-52.02459123099993, -20.41045406099994], [-52.02414929399998, -20.407803185999967], [-52.02370741899995, -20.405373435999934], [-52.023265668999954, -20.40537324899998], [-52.022161230999984, -20.40824512399996], [-52.021277605999956, -20.410895873999948], [-52.02105673099993, -20.412884060999943], [-52.01862679399994, -20.415092998999967], [-52.01465048099993, -20.41619762399995], [-52.01155785599997, -20.41708118599996], [-52.00890698099994, -20.419069435999972], [-52.00669804399996, -20.420615623999936], [-52.00559335599996, -20.42149918599995], [-52.00501629399997, -20.423038435999956], [-52.00426816899994, -20.42348743599996], [-52.003695480999966, -20.424060060999977], [-52.00272166899998, -20.42503387399995], [-52.002721605999966, -20.42812631099997], [-52.00139629399996, -20.430556310999975], [-52.00272179399997, -20.432765373999928], [-52.00272173099995, -20.43696243599993], [-52.003163480999945, -20.44005512399997], [-52.00426816899994, -20.44270593599998], [-52.004268105999984, -20.446240373999956], [-52.00470985599998, -20.449333123999963], [-52.00647704399995, -20.452867560999948], [-52.00934891899993, -20.45441393599998], [-52.01001166899994, -20.456401935999963], [-52.00979073099995, -20.458390060999932], [-52.00713985599998, -20.458610935999957], [-52.004268105999984, -20.459494623999944], [-52.00095466899995, -20.461924560999933], [-51.99948535599998, -20.462740873999962], [-51.998211793999985, -20.463448373999938], [-51.99697841899996, -20.464133623999942], [-51.99577791899998, -20.46481218599996], [-51.99385935599997, -20.465896560999965], [-51.99189754399998, -20.46700537399994], [-51.989841543999944, -20.46689112399997], [-51.98792129399993, -20.466784435999955], [-51.985049543999935, -20.46744718599996], [-51.983945105999965, -20.46987699899995], [-51.98261960599996, -20.472969623999973], [-51.98438685599996, -20.476504185999943], [-51.985049543999935, -20.47871306099995], [-51.98416591899996, -20.47981774899995], [-51.981515230999946, -20.479817623999963], [-51.978864355999974, -20.47937587399997], [-51.97641548099995, -20.477976685999977], [-51.97493023099997, -20.47528099899995], [-51.97245610599998, -20.473356748999947], [-51.964935793999985, -20.47400168599995], [-51.95854241899997, -20.477492935999976], [-51.95596179399996, -20.481603873999973], [-51.95596185599993, -20.484352685999966], [-51.95266285599996, -20.48930112399995], [-51.95181466899999, -20.495663623999974], [-51.95156341899997, -20.49754837399996], [-51.95046373099996, -20.500847060999945], [-51.947120230999985, -20.50419068599996], [-51.94469091899998, -20.50662006099998], [-51.93836798099994, -20.507169873999942], [-51.93324716899997, -20.510893935999945], [-51.930098043999976, -20.513968810999927], [-51.92672010599995, -20.51726724899993], [-51.924994605999984, -20.517165560999956], [-51.92221885599997, -20.517001998999945], [-51.91775016899993, -20.519815560999973], [-51.91280179399996, -20.519540623999944], [-51.90905398099994, -20.52136162399995], [-51.90627723099993, -20.522710623999956], [-51.90323679399995, -20.525459560999934], [-51.90202591899998, -20.527942998999947], [-51.90112341899999, -20.52979387399995], [-51.89945635599997, -20.53152831099993], [-51.89557123099996, -20.53377274899998], [-51.89557060599998, -20.53377299899995], [-51.892162793999944, -20.53544043599993], [-51.88848510599996, -20.536771060999968], [-51.88452879399995, -20.54017993599996], [-51.88160804399996, -20.542639435999945], [-51.880088230999945, -20.54400718599993], [-51.88049941899993, -20.54770687399997], [-51.88063823099998, -20.548955373999945], [-51.87843891899996, -20.551979435999954], [-51.878010855999946, -20.556261123999946], [-51.87788910599994, -20.561601060999976], [-51.87568985599995, -20.563525435999964], [-51.871841168999936, -20.56544974899998], [-51.86854241899994, -20.567923873999973], [-51.864693855999974, -20.57094781099994], [-51.861669855999935, -20.57562112399995], [-51.859470543999976, -20.57534624899995], [-51.85589685599996, -20.58194393699995], [-51.856697355999984, -20.583865123999942], [-51.85727148099994, -20.585242811999933], [-51.85342273099997, -20.589641123999968], [-51.84792466899995, -20.591840498999943], [-51.844359355999984, -20.595157186999927], [-51.841491418999965, -20.597825186999955], [-51.837736855999935, -20.601317561999963], [-51.832773105999934, -20.60637543699994], [-51.83170529399996, -20.607509998999944], [-51.828406418999975, -20.609709248999934], [-51.82647710599997, -20.610599811999975], [-51.82483266899993, -20.611358811999935], [-51.82208366899994, -20.614657561999934], [-51.81940954399994, -20.61658843699996], [-51.81818410599993, -20.61747331199996], [-51.81411141899997, -20.62565381199994], [-51.81032773099997, -20.632473561999973], [-51.804871480999964, -20.63820274899996], [-51.802961668999956, -20.643931686999963], [-51.79832379399994, -20.64393181199995], [-51.79327841899993, -20.64515074899998], [-51.78850285599998, -20.645568561999937], [-51.78441060599994, -20.64665981199994], [-51.78194448099998, -20.645578436999926], [-51.78282954399998, -20.642927061999956], [-51.781031230999986, -20.63970868699994], [-51.77922710599995, -20.643931686999963], [-51.777317480999955, -20.64693262399993], [-51.77313623099997, -20.647583311999938], [-51.76934448099996, -20.647600248999936], [-51.76485085599995, -20.648848998999938], [-51.76089891899994, -20.648985248999963], [-51.76089923099994, -20.648987186999932], [-51.76097585599996, -20.64953493699994], [-51.761013168999966, -20.649706248999962], [-51.75902948099997, -20.65014874899998], [-51.75603791899994, -20.65457149899993], [-51.75284154399998, -20.655088561999946], [-51.75110260599996, -20.65536968699996], [-51.74828110599998, -20.655255686999965], [-51.74689073099995, -20.655199498999934], [-51.74485260599994, -20.655117123999958], [-51.740285668999945, -20.65657024899997], [-51.73614341899997, -20.657888311999955], [-51.73284860599995, -20.658936623999978], [-51.72482298099993, -20.660812998999972], [-51.72053898099995, -20.660980061999965], [-51.71812185599998, -20.66196581199995], [-51.71412648099994, -20.66359543699997], [-51.710870418999946, -20.665393248999976], [-51.70840066899996, -20.66675681199996], [-51.706501043999936, -20.667805748999967], [-51.70120210599998, -20.670121998999946], [-51.699410418999946, -20.67247931199995], [-51.69686941899994, -20.67582212399998], [-51.69416791899994, -20.679375998999944], [-51.688925480999956, -20.680761811999957], [-51.68401479399995, -20.68376281199994], [-51.68144029399997, -20.684699061999936], [-51.67700435599994, -20.686312123999983], [-51.675011980999955, -20.687036561999946], [-51.67350573099998, -20.68781643699998], [-51.669585918999985, -20.68984606199996], [-51.66307048099998, -20.69255956199993], [-51.658871543999965, -20.694308123999974], [-51.65536935599994, -20.69576662399993], [-51.65176798099998, -20.69670618699996], [-51.651767105999966, -20.696706373999973], [-51.64469823099995, -20.698418123999943], [-51.64200135599998, -20.69904043699995], [-51.63827085599996, -20.70062674899998], [-51.636545043999945, -20.700404498999944], [-51.63573091899997, -20.699726061999968], [-51.635580793999964, -20.699600998999927], [-51.63538823099998, -20.69805862399994], [-51.63523816899993, -20.696374873999957], [-51.63481166899993, -20.69158637399994], [-51.63503435599995, -20.68980456199995], [-51.63521866899998, -20.676658936999956], [-51.63802904399995, -20.676969936999967], [-51.64038216899996, -20.67590037399998], [-51.639674480999986, -20.673425811999948], [-51.63503366899994, -20.670926436999935], [-51.635032043999956, -20.67088249899996], [-51.63480366899995, -20.664632436999966], [-51.63480366899995, -20.66463187399995], [-51.63482266899996, -20.663623498999982], [-51.63487954399994, -20.660616311999945], [-51.63360704399997, -20.654861061999952], [-51.630984730999955, -20.65141843699996], [-51.62789573099997, -20.647363498999937], [-51.62754735599998, -20.64659462399993], [-51.627160293999964, -20.646557436999956], [-51.623254980999945, -20.642365061999953], [-51.62177173099997, -20.640177311999935], [-51.62326904399998, -20.638252123999962], [-51.62134391899997, -20.635471311999936], [-51.619064855999966, -20.633145123999952], [-51.61839604399995, -20.63246243699996], [-51.61792735599994, -20.63176343699996], [-51.617654293999976, -20.63135612399998], [-51.61682998099997, -20.629869373999952], [-51.615765918999955, -20.62853912399993], [-51.61458973099997, -20.62678443699997], [-51.61428048099998, -20.626323061999983], [-51.613776480999945, -20.625571186999935], [-51.61290204399995, -20.625011623999967], [-51.611817418999976, -20.623979686999974], [-51.610353293999935, -20.622110498999973], [-51.60880591899996, -20.61725787399996], [-51.60785598099994, -20.61692693699996], [-51.606661730999974, -20.617225936999944], [-51.60645235599998, -20.617278373999966], [-51.60397879399994, -20.61665906199994], [-51.60040916899993, -20.61237474899997], [-51.59615185599995, -20.608010373999946], [-51.59272179399994, -20.604493998999942], [-51.59272154399997, -20.60449362399993], [-51.59032660599996, -20.60124574899993], [-51.586783855999954, -20.598720561999983], [-51.58595585599994, -20.597967686999937], [-51.582560168999976, -20.59488006199996], [-51.58648773099998, -20.591310248999946], [-51.589115668999966, -20.58852074899994], [-51.59182398099995, -20.587127623999947], [-51.597399793999955, -20.585464936999927], [-51.60002210599998, -20.582580373999974], [-51.60230535599993, -20.580068748999963], [-51.602306168999974, -20.58006881199998], [-51.60487229399996, -20.58028256199998], [-51.60615579399996, -20.578571436999937], [-51.60241198099993, -20.577527936999957], [-51.600724293999974, -20.57796431199995], [-51.600380230999974, -20.581993686999965], [-51.59494685599998, -20.583029248999935], [-51.585028543999954, -20.58738212399993], [-51.57953935599994, -20.59143506199996], [-51.57745523099993, -20.59183487399997], [-51.570779168999934, -20.59166618699993], [-51.56807985599994, -20.591191936999962], [-51.56615466899996, -20.588624936999963], [-51.56560385599994, -20.585720873999946], [-51.56499360599997, -20.585867436999933], [-51.56363573099998, -20.590335498999934], [-51.559711980999964, -20.589523248999967], [-51.55462123099994, -20.587363686999936], [-51.550157543999944, -20.58546999899994], [-51.55011591899995, -20.585437311999954], [-51.54776341899998, -20.58358887399993], [-51.54595135599993, -20.583498248999945], [-51.53977116899995, -20.58080687399996], [-51.53939773099995, -20.580604436999977], [-51.53860854399994, -20.58017687399996], [-51.53559329299998, -20.577301623999972], [-51.535609292999936, -20.57727962399997], [-51.53674466799998, -20.575718498999947], [-51.53696954299994, -20.573919498999942], [-51.53559366799993, -20.572578998999973], [-51.53359654299993, -20.57504387399996], [-51.53134785599997, -20.575943373999962], [-51.52944366799994, -20.574731560999965], [-51.52927848099995, -20.57436843599993], [-51.527037855999936, -20.56944137399995], [-51.52685041799998, -20.56784806099995], [-51.52582879299996, -20.56723512399998], [-51.52214610599998, -20.56126956099996], [-51.52151416799995, -20.560245873999975], [-51.51984723099997, -20.55627037399995], [-51.516873792999945, -20.549178310999935], [-51.51543573099997, -20.54433993599997], [-51.51370598099999, -20.538520310999957], [-51.512947605999955, -20.535968623999963], [-51.51138791799997, -20.533742685999982], [-51.51155916799996, -20.532543748999956], [-51.510659730999976, -20.53074474899995], [-51.508083230999944, -20.529771810999932], [-51.50559391799993, -20.531368373999953], [-51.49964935599996, -20.53007843599994], [-51.49738254299996, -20.527811748999966], [-51.493137230999935, -20.52364356099997], [-51.49259885599997, -20.52311487399993], [-51.49200148099993, -20.52234331099993], [-51.48780610599994, -20.516923560999942], [-51.48403123099996, -20.51204699899995], [-51.48151510599996, -20.50811493599997], [-51.479185980999944, -20.504475123999953], [-51.47831966799998, -20.50312137399993], [-51.47707523099996, -20.500558748999936], [-51.475817667999934, -20.49796937399998], [-51.47390048099993, -20.49402162399997], [-51.47375648099995, -20.493725060999964], [-51.47225123099997, -20.490625498999975], [-51.47116873099998, -20.48575262399993], [-51.47010973099998, -20.480986060999953], [-51.466265042999964, -20.478823123999973], [-51.46439773099996, -20.477772623999954], [-51.46229160599995, -20.47625243599998], [-51.45871166799998, -20.473668560999954], [-51.458707980999975, -20.473661935999928], [-51.457814980999956, -20.47205443599995], [-51.453704855999945, -20.468127123999977], [-51.45225266799997, -20.466739623999956], [-51.449044980999986, -20.46485862399993], [-51.447164542999985, -20.465247310999928], [-51.44583366799998, -20.464561998999955], [-51.44188398099993, -20.463731373999963], [-51.441092855999955, -20.46356499899997], [-51.44033679299997, -20.463281373999962], [-51.438697667999975, -20.463160185999982], [-51.438336542999934, -20.46313349899998], [-51.43359523099997, -20.461714623999967], [-51.430840417999946, -20.460554748999982], [-51.43072106699998, -20.46050845999997], [-51.428173855999944, -20.459520560999977], [-51.42548398099996, -20.457982623999953], [-51.42012916799996, -20.45492118599998], [-51.417410667999945, -20.452682435999975], [-51.41501573099998, -20.45071006099994], [-51.41344835599995, -20.44941931099993], [-51.41170116799998, -20.447980435999966], [-51.40856416799994, -20.44394687399995], [-51.40730104299996, -20.441021873999944], [-51.40517329299996, -20.436094685999933], [-51.40178254299997, -20.433417685999927], [-51.396567980999976, -20.42100337399995], [-51.39299829299995, -20.411720810999952], [-51.386973556999976, -20.40278676899993], [-51.38590401999994, -20.399243929999955], [-51.38382199199998, -20.394038858999977], [-51.381293814999935, -20.389131220999957], [-51.379657934999955, -20.385264596999946], [-51.376981040999965, -20.381100539999977], [-51.37519644599996, -20.379910808999966], [-51.37449725699997, -20.38024375599997], [-51.372073402999945, -20.380803106999963], [-51.37082701899993, -20.381709568999952], [-51.369991374999984, -20.381918479999968], [-51.36954522599996, -20.381844120999972], [-51.367909345999976, -20.381844120999972], [-51.366273466999985, -20.38288513599997], [-51.365083735999974, -20.383777432999977], [-51.36434015499998, -20.383777432999977], [-51.364042721999965, -20.38288513599997], [-51.36359657299994, -20.381992837999974], [-51.37248985999997, -20.37754619499998], [-51.37241104799995, -20.377507046999938], [-51.39631416199995, -20.36608019199997], [-51.39720645999995, -20.363552014999982], [-51.397950041999934, -20.360428971999966], [-51.40151923299993, -20.35700849699998], [-51.405534573999944, -20.35685978099997], [-51.408955048999985, -20.356116198999928], [-51.41118579299996, -20.35522390099993], [-51.41282167299994, -20.35418288699998], [-51.41178065899993, -20.354034170999967], [-51.40999606299994, -20.35462903599995], [-51.40925248099995, -20.35418288699998], [-51.40770654299996, -20.352857796999956], [-51.407787230999986, -20.352276123999957], [-51.40632510599994, -20.351106310999967], [-51.404945355999985, -20.350002435999954], [-51.402305480999985, -20.34894806099993], [-51.40094891799998, -20.348406185999977], [-51.40044479299996, -20.347395810999956], [-51.39820441799998, -20.34810618599994], [-51.39585116799998, -20.34829674899993], [-51.39421635599996, -20.34829674899993], [-51.39016735399997, -20.348296431999927], [-51.38562232399994, -20.34814031299993], [-51.385650537999936, -20.34817180799996], [-51.38562229299998, -20.348140310999952], [-51.38335079299998, -20.34545899899996], [-51.38334679299993, -20.345454248999943], [-51.38334679299993, -20.34535493599998], [-51.38334698099993, -20.342043873999955], [-51.38394241799995, -20.33980631099996], [-51.38134048099994, -20.34193193599998], [-51.38100604299996, -20.34200956099994], [-51.37595779299994, -20.34318031099997], [-51.37027398099997, -20.34261168599994], [-51.370270275999985, -20.342608248999966], [-51.364629356999956, -20.33731832099994], [-51.364627730999985, -20.337316748999967], [-51.36376941799995, -20.333990248999953], [-51.36288560599996, -20.33010681099995], [-51.36339554299997, -20.328704435999953], [-51.364785730999984, -20.324881998999956], [-51.36434048099994, -20.32484043599993], [-51.37197929299998, -20.31724024899995], [-51.37572698099996, -20.317418810999982], [-51.37915848099993, -20.31894324899997], [-51.37822548099996, -20.31384968599997], [-51.38233004299997, -20.30974493599996], [-51.38429310599997, -20.30706799899997], [-51.38656741799997, -20.305551873999946], [-51.38857610599996, -20.30421274899993], [-51.39589291799996, -20.303677248999975], [-51.39607141799996, -20.30028656099995], [-51.39839141799996, -20.296717248999983], [-51.40517291799995, -20.29707431099996], [-51.40856360599997, -20.29511112399996], [-51.41302516799993, -20.294754310999963], [-51.41568798099996, -20.29591924899995], [-51.41588048099993, -20.296003435999978], [-51.419449792999956, -20.29903724899998], [-51.42122710599995, -20.303006498999935], [-51.422126667999976, -20.298144873999945], [-51.419449792999956, -20.296717185999967], [-51.41962823099993, -20.29332649899993], [-51.42123441799998, -20.289221873999963], [-51.42391129299995, -20.28618806099996], [-51.42480354299994, -20.283511248999957], [-51.427302105999956, -20.280298998999967], [-51.43069266799995, -20.279585123999937], [-51.43354804299997, -20.28368956099996], [-51.43703904299997, -20.28554587399998], [-51.438224042999934, -20.28424293599994], [-51.43622498099995, -20.28368956099996], [-51.43354804299997, -20.28083431099998], [-51.431942042999935, -20.27833574899995], [-51.43247741799996, -20.275658998999972], [-51.43747423099995, -20.272982123999952], [-51.439794105999965, -20.270126560999927], [-51.44032954299996, -20.267628185999968], [-51.44336329299995, -20.263880685999936], [-51.446397230999935, -20.26334518599998], [-51.449787980999986, -20.262274373999958], [-51.45210798099998, -20.262988123999946], [-51.45585566799997, -20.269412685999953], [-51.457461792999936, -20.26941281099994], [-51.45746166799995, -20.26709274899997], [-51.454963292999935, -20.264059060999955], [-51.45478491799997, -20.26048974899993], [-51.46584929299996, -20.258169748999933], [-51.46977548099994, -20.258883498999978], [-51.474415542999964, -20.257634248999977], [-51.47976941799993, -20.25513587399996], [-51.486193792999984, -20.249782123999978], [-51.48316010599996, -20.252280560999964], [-51.486193792999984, -20.249782060999962], [-51.48994166799997, -20.248711310999965], [-51.49351091799997, -20.246391373999927], [-51.49725848099996, -20.24621293599995], [-51.49815079299998, -20.24353599899996], [-51.50011379299997, -20.241572873999928], [-51.503326167999944, -20.241572935999955], [-51.50528916799993, -20.237111373999937], [-51.507965980999984, -20.23496993599997], [-51.51099991799998, -20.231757623999954], [-51.51385523099998, -20.229259123999952], [-51.51617523099998, -20.225154560999954], [-51.525569917999974, -20.218323810999948], [-51.519883542999935, -20.222423310999943], [-51.525569917999974, -20.21832374899998], [-51.52900835599996, -20.215282248999927], [-51.53033079299996, -20.212372810999966], [-51.532843355999944, -20.210785873999953], [-51.536017167999944, -20.211315060999937], [-51.54051341899998, -20.207744310999942], [-51.542497168999944, -20.20695093599994], [-51.54368723099998, -20.203909248999935], [-51.54130685599995, -20.20324818599994], [-51.53839748099995, -20.203115810999975], [-51.53694285599994, -20.206818685999963], [-51.53509135599995, -20.208669998999937], [-51.53333891799997, -20.209254185999953], [-51.53113948099997, -20.20998737399998], [-51.53113898099997, -20.20998762399995], [-51.52909160599995, -20.21087524899997], [-51.52649560599997, -20.212372873999982], [-51.52543779299998, -20.21171174899996], [-51.51485823099995, -20.218059185999948], [-51.51155235599998, -20.220836498999972], [-51.50573360599998, -20.223481248999974], [-51.50255966799995, -20.223481310999944], [-51.497798917999944, -20.225068248999946], [-51.49832791799997, -20.227051873999983], [-51.49634448099994, -20.23101918599997], [-51.49422841799998, -20.231019060999927], [-51.489203292999946, -20.23577981099993], [-51.485103667999965, -20.238028060999966], [-51.48387654299995, -20.23894837399996], [-51.482723292999935, -20.238689248999947], [-51.48245885599994, -20.24001156099996], [-51.47839410599994, -20.240343248999977], [-51.47558235599996, -20.24225981099994], [-51.473730855999975, -20.24265662399995], [-51.47254060599994, -20.23987937399994], [-51.469102292999935, -20.240011623999976], [-51.46804441799998, -20.24265662399995], [-51.46658979299997, -20.24331774899997], [-51.46420941799994, -20.243846748999943], [-51.46130004299994, -20.24331774899997], [-51.45887823099997, -20.244750435999947], [-51.457332605999966, -20.244111248999957], [-51.45548135599995, -20.241995310999982], [-51.45627479299998, -20.24014399899994], [-51.45720060599996, -20.235515498999973], [-51.457317917999944, -20.232953185999975], [-51.456803667999964, -20.23220937399998], [-51.45587798099996, -20.23300281099995], [-51.454158792999976, -20.23511881099995], [-51.452307480999934, -20.23829262399994], [-51.45045598099995, -20.241069623999977], [-51.44609210599998, -20.24265662399995], [-51.44454266799994, -20.24479187399993], [-51.444088542999964, -20.245800498999927], [-51.44470148099998, -20.24865324899997], [-51.444706605999954, -20.24867699899994], [-51.44344729299996, -20.250062123999953], [-51.44252166799998, -20.251781248999976], [-51.441595792999976, -20.253500435999968], [-51.43987673099997, -20.253500435999968], [-51.435512605999975, -20.25720343599994], [-51.43339673099996, -20.25521962399995], [-51.432206667999935, -20.25601318599996], [-51.434364855999945, -20.258349060999933], [-51.43366135599996, -20.261302935999936], [-51.43207435599993, -20.263154248999967], [-51.429826230999936, -20.26487343599996], [-51.427181417999975, -20.270427560999963], [-51.42493316799994, -20.270030935999955], [-51.420436980999966, -20.26553462399994], [-51.419379042999935, -20.266195810999932], [-51.423878542999944, -20.271188060999975], [-51.42334654299998, -20.27426262399996], [-51.42159566799995, -20.275813810999978], [-51.41765991799997, -20.276775123999982], [-51.41607304299998, -20.27796537399996], [-51.415279605999956, -20.280742498999928], [-51.41289916799997, -20.28351962399995], [-51.41091554299993, -20.283784123999965], [-51.41065104299997, -20.286957935999965], [-51.40774166799997, -20.28894162399996], [-51.40379391799996, -20.28879731099994], [-51.395310980999966, -20.28312281099994], [-51.393327230999944, -20.280742560999954], [-51.39068241799998, -20.27783324899997], [-51.38975673099998, -20.27545287399994], [-51.38803754299994, -20.27452724899996], [-51.385789417999945, -20.268047310999975], [-51.38512810599997, -20.267518310999947], [-51.38552485599996, -20.27280799899995], [-51.387640792999946, -20.27584962399993], [-51.389516980999986, -20.279558435999945], [-51.39332729299997, -20.28709024899996], [-51.39372410599998, -20.289470498999947], [-51.39174035599996, -20.29237987399995], [-51.38896335599998, -20.29423143599996], [-51.38592166799998, -20.294363560999955], [-51.38063191799995, -20.289206123999975], [-51.37838385599997, -20.289470498999947], [-51.38089648099998, -20.291718748999926], [-51.38049985599997, -20.296082748999936], [-51.37811948099994, -20.302033623999932], [-51.37392810599994, -20.30510037399995], [-51.37045110599996, -20.30652912399995], [-51.37044935599994, -20.30652981099996], [-51.366217605999964, -20.30586868599994], [-51.36172129299996, -20.306794498999977], [-51.35775398099997, -20.307191123999928], [-51.355241417999935, -20.305604310999968], [-51.352860980999935, -20.303620748999947], [-51.353257730999985, -20.30163687399994], [-51.350744980999934, -20.30018224899993], [-51.35259660599996, -20.308513560999927], [-51.352067605999935, -20.311158373999945], [-51.35233210599995, -20.315125748999947], [-51.34862923099996, -20.319093060999933], [-51.348470292999934, -20.323624248999977], [-51.34836491799996, -20.326630810999973], [-51.34948660599997, -20.32671012399993], [-51.349486542999955, -20.328439685999967], [-51.34721260599997, -20.32884087399998], [-51.34139391799994, -20.329867435999972], [-51.33865148099994, -20.329071185999965], [-51.334909480999954, -20.327984623999953], [-51.32988291799995, -20.326525060999927], [-51.32663716099995, -20.325582630999975], [-51.32663605399995, -20.325581644999943], [-51.321401340999955, -20.320822283999973], [-51.32140104699994, -20.320822002999932], [-51.32140122299995, -20.31653781199998], [-51.32129734999995, -20.315602560999935], [-51.321297355999945, -20.315601998999966], [-51.32114085599994, -20.31419331099994], [-51.320925355999975, -20.31225349899995], [-51.32092554299993, -20.31039362399997], [-51.320925605999946, -20.30749318599993], [-51.32170441799997, -20.30398937399997], [-51.32187785599996, -20.303208935999976], [-51.32378210599995, -20.300352810999982], [-51.322353980999935, -20.300352748999956], [-51.321387355999946, -20.300030498999945], [-51.31949785599994, -20.29940056099997], [-51.31887398099997, -20.300772998999946], [-51.318872355999986, -20.30077643599998], [-51.31711748099997, -20.304636810999966], [-51.31426110599995, -20.31034912399997], [-51.31192035599997, -20.312169498999936], [-51.309976605999964, -20.31368118599994], [-51.30694966799996, -20.313840373999938], [-51.30464660599995, -20.31396149899996], [-51.30093203699994, -20.314156863999926], [-51.29379160499997, -20.31130043099995], [-51.29153910599996, -20.307696248999946], [-51.29141166799997, -20.303683810999928], [-51.290208667999934, -20.30127731099998], [-51.28950773099996, -20.299875373999953], [-51.29188529299995, -20.297973560999935], [-51.29426823099993, -20.29606737399996], [-51.29664854299995, -20.291783185999975], [-51.294451917999936, -20.29138368599996], [-51.29141223099998, -20.290830935999963], [-51.290166167999985, -20.28958481099994], [-51.28855610599993, -20.287974623999958], [-51.28903241799998, -20.282738248999976], [-51.293316980999975, -20.28035831099993], [-51.29331691799996, -20.277502123999966], [-51.29851648099998, -20.27780818599996], [-51.30140948099995, -20.277978435999955], [-51.304266042999984, -20.27083799899998], [-51.30566335599997, -20.26930112399998], [-51.30746473099998, -20.267319810999936], [-51.30902654299996, -20.265601810999954], [-51.309318417999975, -20.26534243599997], [-51.31331110599996, -20.261793748999935], [-51.31521529299994, -20.260841685999935], [-51.31646160599996, -20.25918018599998], [-51.31807166799996, -20.257033560999957], [-51.32188016799995, -20.25322543599998], [-51.32482210599994, -20.25322562399998], [-51.32711654299993, -20.25322568599995], [-51.32819891799994, -20.253225748999967], [-51.33092479299995, -20.253225748999967], [-51.33044879299996, -20.25179762399995], [-51.32473635599996, -20.251797435999947], [-51.32330848099997, -20.248941185999968], [-51.32568866799994, -20.247037060999958], [-51.32568879299998, -20.244180873999937], [-51.32330873099994, -20.24275268599996], [-51.323772980999934, -20.240895998999974], [-51.32426098099995, -20.23894443599994], [-51.32568916799994, -20.236088310999946], [-51.322356980999984, -20.233707998999932], [-51.32235691799997, -20.23799231099997], [-51.32175685599998, -20.239192310999954], [-51.32035173099996, -20.242002310999965], [-51.31954729299997, -20.243610935999982], [-51.31843991799997, -20.245825560999947], [-51.316167855999936, -20.25036899899993], [-51.31396141799996, -20.25282018599995], [-51.31395704299996, -20.25282512399997], [-51.31188323099997, -20.25512912399995], [-51.311227980999945, -20.255784373999973], [-51.31016354299993, -20.256848685999955], [-51.30887748099997, -20.258134748999964], [-51.308074792999946, -20.258937310999954], [-51.30331441799996, -20.260841248999952], [-51.30324166799994, -20.260889748999944], [-51.30008941799997, -20.26299106099998], [-51.300085542999966, -20.26299368599996], [-51.299029917999974, -20.26369731099993], [-51.29748916799997, -20.264660248999974], [-51.29522154299997, -20.266077310999947], [-51.292444855999975, -20.26671806099995], [-51.28903304299996, -20.267505248999953], [-51.28608573099996, -20.267505185999937], [-51.28474873099998, -20.267505123999968], [-51.283796792999965, -20.26464887399993], [-51.28379685599998, -20.26250662399997], [-51.283796980999966, -20.258936435999942], [-51.281833792999976, -20.256727810999962], [-51.27998879299997, -20.254652060999945], [-51.277754605999974, -20.25323018599994], [-51.27604141799998, -20.252139873999965], [-51.27475254299998, -20.25131962399996], [-51.27142023099998, -20.25084343599997], [-51.26713598099997, -20.251319310999975], [-51.269039980999935, -20.254175560999954], [-51.27284829299998, -20.25512774899994], [-51.27491623099996, -20.257491310999967], [-51.27618041799997, -20.258936123999945], [-51.27688491799995, -20.263164185999983], [-51.27688516799998, -20.263165810999965], [-51.27713223099994, -20.26464862399996], [-51.277390167999954, -20.26671337399995], [-51.277390373999935, -20.266714819999947], [-51.27760807699997, -20.26845690099998], [-51.277816643999984, -20.269708528999956], [-51.27759004099994, -20.268116989999953], [-51.27781666799996, -20.269708498999933], [-51.278559917999985, -20.27416931099998], [-51.27379941799995, -20.280357623999976], [-51.272739480999974, -20.28300731099995], [-51.27273810599996, -20.283010623999928], [-51.27189504299997, -20.28511787399998], [-51.27046679299997, -20.288450060999935], [-51.27046666799998, -20.291782248999937], [-51.26856398099994, -20.293209248999972], [-51.26665835599994, -20.29463837399993], [-51.26425260599996, -20.29403687399997], [-51.26094604299993, -20.293210060999968], [-51.25999398099998, -20.291305935999958], [-51.25618573099996, -20.290829748999954], [-51.25519954299995, -20.29054793599994], [-51.25285348099993, -20.28987756099997], [-51.24998141799995, -20.288082435999968], [-51.249045355999954, -20.28749731099998], [-51.24523716799996, -20.284164935999968], [-51.24523735599996, -20.27988062399993], [-51.24190510599993, -20.27702437399995], [-51.23857285599996, -20.277500310999983], [-51.23714479299997, -20.278452310999967], [-51.237144730999944, -20.279490060999933], [-51.237144667999985, -20.281308498999977], [-51.23675104299997, -20.282685998999966], [-51.23619248099993, -20.284640810999974], [-51.23527841799995, -20.285737685999948], [-51.23457754299994, -20.286578623999958], [-51.233812230999945, -20.28749687399994], [-51.231432042999984, -20.286544748999972], [-51.230478292999976, -20.28463699899993], [-51.22952798099993, -20.282736373999967], [-51.22849241799997, -20.28135556099994], [-51.22809998099996, -20.280832248999957], [-51.224767730999986, -20.28178418599998], [-51.22048335599993, -20.283688248999965], [-51.217627042999936, -20.285592248999933], [-51.21572285599996, -20.28797243599996], [-51.213497667999945, -20.29056831099996], [-51.21286660599998, -20.291304560999947], [-51.210231292999936, -20.291507185999933], [-51.20667816799994, -20.291780373999927], [-51.20401535599996, -20.291296185999954], [-51.20062273099995, -20.290679310999963], [-51.196205480999936, -20.28987593599993], [-51.19311129299996, -20.286094185999957], [-51.19192129299995, -20.284639623999965], [-51.188589167999965, -20.278451123999957], [-51.18668510599997, -20.27464281099998], [-51.18871198099998, -20.27504824899995], [-51.191445417999944, -20.275594998999964], [-51.19668185599994, -20.27416699899993], [-51.19858610599994, -20.27083474899996], [-51.195971042999986, -20.271357748999947], [-51.19382573099995, -20.271786748999943], [-51.191921667999964, -20.268454498999972], [-51.19209704299993, -20.26652562399994], [-51.19239779299994, -20.263218060999975], [-51.19382610599996, -20.25845781099997], [-51.19096998099997, -20.25464949899998], [-51.18827535599996, -20.251954748999935], [-51.185733667999955, -20.249412935999942], [-51.18358279299997, -20.246088873999952], [-51.18124323099994, -20.24247306099994], [-51.17526123099998, -20.233227498999952], [-51.174785105999945, -20.23560774899994], [-51.18049729299997, -20.247032623999928], [-51.18315629299997, -20.25045149899995], [-51.18716166799993, -20.25560143599995], [-51.18668535599994, -20.26274187399997], [-51.183273362999955, -20.26615387299995], [-51.18327320999998, -20.266154034999943], [-51.18240099299993, -20.267026123999926], [-51.17963101599997, -20.270073028999946], [-51.17963016999994, -20.270073943999932], [-51.17764048099997, -20.27226243599995], [-51.18002060599997, -20.27797481099998], [-51.18002060599997, -20.277974873999938], [-51.18144854299993, -20.282735248999927], [-51.181826667999985, -20.28361756099997], [-51.184304605999955, -20.289399748999926], [-51.18192435599997, -20.291303810999977], [-51.17788791799995, -20.29001212399993], [-51.173641042999975, -20.288652998999964], [-51.17002360599997, -20.287495373999946], [-51.16389773099996, -20.28378262399997], [-51.163894331999984, -20.28378059099998], [-51.156080551999935, -20.279044597999928], [-51.15607692699996, -20.27905581699997], [-51.154314667999984, -20.27797431099998], [-51.15198610599998, -20.27706868599995], [-51.14793929299998, -20.27618062399995], [-51.14479410599995, -20.270833623999977], [-51.141937980999955, -20.265121248999947], [-51.13765373099994, -20.25893268599998], [-51.137653855999986, -20.25274424899993], [-51.140510105999965, -20.248460060999946], [-51.14098623099994, -20.24703187399996], [-51.14208716799993, -20.246481435999954], [-51.141933292999965, -20.24490556099994], [-51.142496792999964, -20.244642623999937], [-51.14051023099995, -20.24322362399994], [-51.14018898099994, -20.242634498999962], [-51.139949730999945, -20.242657373999975], [-51.139999167999974, -20.242286685999943], [-51.13765416799998, -20.23798712399997], [-51.13527410599994, -20.22941856099993], [-51.13527423099998, -20.222753935999947], [-51.13194204299998, -20.21561337399993], [-51.13146604299993, -20.21132899899993], [-51.13427516799993, -20.209924498999953], [-51.13426323099998, -20.20959668599994], [-51.134831917999975, -20.20964618599993], [-51.136226542999964, -20.20894887399993], [-51.13705773099997, -20.207785248999983], [-51.13624685599996, -20.207348623999962], [-51.136511292999955, -20.205761623999933], [-51.13704035599994, -20.204439185999945], [-51.138494917999935, -20.201662185999965], [-51.14008185599994, -20.19822387399995], [-51.13942073099997, -20.190024810999944], [-51.14233004299996, -20.188041185999964], [-51.144974917999946, -20.185264185999927], [-51.14629723099995, -20.181032373999983], [-51.147913855999946, -20.17997806099993], [-51.14860410599994, -20.17848262399997], [-51.15106660599997, -20.176841123999964], [-51.15171910599997, -20.176007185999936], [-51.152359167999975, -20.17597937399995], [-51.15431685599998, -20.174674435999975], [-51.15531629299994, -20.173424998999963], [-51.15502541799998, -20.173097748999965], [-51.15436398099996, -20.16979162399997], [-51.15846360599994, -20.167807998999933], [-51.158583292999936, -20.167780810999943], [-51.16544779299994, -20.16434874899994], [-51.16666254299997, -20.16212162399995], [-51.16777566799993, -20.161942060999934], [-51.16966179299993, -20.15984649899997], [-51.16877848099995, -20.158550998999942], [-51.17049766799994, -20.154716123999947], [-51.16917523099994, -20.152467935999937], [-51.170365480999976, -20.150219810999943], [-51.175787355999944, -20.148368373999972], [-51.17630166799995, -20.14868487399997], [-51.177167417999954, -20.14849249899993], [-51.179071542999964, -20.148968560999947], [-51.17946354299994, -20.14841974899997], [-51.177903292999986, -20.146781373999943], [-51.18144916799997, -20.145599498999957], [-51.181443730999945, -20.145523498999978], [-51.179886917999966, -20.142020748999983], [-51.18015135599995, -20.138185748999945], [-51.181386230999976, -20.13733087399993], [-51.18224460599998, -20.133897373999957], [-51.18160598099996, -20.13316043599997], [-51.18372179299996, -20.12945762399994], [-51.18332498099994, -20.127077248999967], [-51.182134917999974, -20.12522581099995], [-51.18147379299995, -20.122713310999927], [-51.18292841799996, -20.120332873999928], [-51.18570554299998, -20.11927499899997], [-51.18821804299995, -20.119142748999934], [-51.19134960599996, -20.117127748999962], [-51.18967279299994, -20.11504324899994], [-51.186498917999984, -20.11160481099995], [-51.18689566799998, -20.110018123999964], [-51.189011542999936, -20.110414748999972], [-51.19192079299995, -20.110150248999958], [-51.19483023099997, -20.109092373999943], [-51.19668629299997, -20.10755318599996], [-51.19668635599999, -20.103745810999953], [-51.196686417999956, -20.101840498999934], [-51.19527198099996, -20.10349068599993], [-51.193830042999934, -20.105172873999948], [-51.19350785599994, -20.107108685999947], [-51.19286254299993, -20.10528037399996], [-51.19084879299999, -20.105504060999976], [-51.190201730999945, -20.10737318599996], [-51.18835041799997, -20.107637685999975], [-51.18544098099994, -20.106182935999982], [-51.18173816799998, -20.106050748999962], [-51.18110841799995, -20.10731018599995], [-51.18145260599994, -20.110409060999928], [-51.184784917999934, -20.11374143599994], [-51.18335679299997, -20.116597748999936], [-51.17716804299994, -20.12040593599994], [-51.17716798099997, -20.125166373999946], [-51.17642816799997, -20.126091060999954], [-51.176448480999966, -20.12628381099995], [-51.17525841799994, -20.127870748999953], [-51.17480985599997, -20.127870748999953], [-51.17193129299994, -20.129926685999976], [-51.171931230999974, -20.13563924899995], [-51.17293191799996, -20.137640748999956], [-51.173274667999976, -20.13792118599997], [-51.173342230999936, -20.138461435999943], [-51.17383529299997, -20.139447623999956], [-51.17351835599993, -20.13987018599994], [-51.17353923099995, -20.140037123999946], [-51.171555542999954, -20.14254981099998], [-51.17149460599995, -20.14256837399995], [-51.170978917999946, -20.143255873999976], [-51.16857823099997, -20.143455873999983], [-51.168514105999975, -20.143475373999934], [-51.163620917999936, -20.145062310999947], [-51.16097623099995, -20.144797810999933], [-51.15923398099994, -20.142474935999928], [-51.15866729299995, -20.14530856099998], [-51.15912479299993, -20.14651699899997], [-51.15903691799997, -20.146941685999934], [-51.15955373099996, -20.14849218599994], [-51.15479310599994, -20.158012935999977], [-51.150508667999986, -20.16086906099997], [-51.14804760599998, -20.161894435999955], [-51.14587148099997, -20.163380685999982], [-51.14468648099995, -20.163719060999938], [-51.144626667999944, -20.16370093599994], [-51.14336785599994, -20.167057498999952], [-51.139559417999976, -20.172293873999934], [-51.13765523099994, -20.17515018599994], [-51.13622716799995, -20.17848237399994], [-51.13109104299997, -20.176147748999938], [-51.13089091799998, -20.17861506099996], [-51.12978504299997, -20.18012031099994], [-51.12956235599995, -20.180862435999927], [-51.12861023099998, -20.18800306099996], [-51.12657873099994, -20.18881562399997], [-51.12622998099994, -20.190483435999965], [-51.12622998099994, -20.195143623999968], [-51.12622991799998, -20.197748935999982], [-51.12665441799993, -20.199122185999954], [-51.12666185599994, -20.19914668599995], [-51.12620804299996, -20.203750998999965], [-51.11995935599998, -20.205625935999933], [-51.11873854299995, -20.205197560999977], [-51.11736529299998, -20.205627685999957], [-51.11645398099995, -20.207503248999956], [-51.11645748099994, -20.211214998999935], [-51.11645766799995, -20.211389123999936], [-51.11418541799998, -20.213179623999963], [-51.117660855999986, -20.217041248999976], [-51.11766079299997, -20.22067762399996], [-51.117990917999975, -20.22160837399997], [-51.11813779299996, -20.224925810999935], [-51.11814366799996, -20.22506012399998], [-51.11707935599998, -20.22794337399995], [-51.10946148099998, -20.23701187399996], [-51.107023855999955, -20.238165623999976], [-51.10580323099998, -20.23817074899995], [-51.104640562999975, -20.237439948999963], [-51.10463862599994, -20.23738178399998], [-51.104505804999974, -20.23735523299996], [-51.10450573099996, -20.237355185999945], [-51.10052316799994, -20.23655862399994], [-51.092906667999955, -20.230846060999966], [-51.091029042999935, -20.228679498999952], [-51.08671835599995, -20.223705435999932], [-51.083862042999954, -20.21656487399997], [-51.08243398099995, -20.210376373999964], [-51.08624235599996, -20.208472248999954], [-51.089750167999966, -20.206133748999946], [-51.08992766799997, -20.206015435999973], [-51.090526730999954, -20.205616060999944], [-51.091028980999965, -20.20335593599998], [-51.09147885599998, -20.201331685999946], [-51.09102891799995, -20.199712123999973], [-51.089796355999965, -20.19527437399995], [-51.089098855999964, -20.19276293599995], [-51.08719460599997, -20.19276293599995], [-51.08832435599993, -20.195022560999973], [-51.08957473099997, -20.197523373999957], [-51.089574667999955, -20.200419560999933], [-51.089574605999985, -20.203235810999956], [-51.080053980999935, -20.205139935999966], [-51.076421667999966, -20.20320268599994], [-51.07291329299994, -20.20133156099996], [-51.067676855999935, -20.194666998999935], [-51.06577273099998, -20.188954498999976], [-51.06006041799998, -20.180861748999973], [-51.057800792999956, -20.17724643599996], [-51.055375605999984, -20.173366123999926], [-51.052919730999974, -20.169436748999942], [-51.05184641799997, -20.16771943599997], [-51.048159417999955, -20.161820060999958], [-51.04577923099998, -20.15515549899993], [-51.047683355999936, -20.149442998999973], [-51.05184635599994, -20.149442998999973], [-51.053871980999986, -20.149442998999973], [-51.05434804299995, -20.146586810999963], [-51.05184635599994, -20.14337037399997], [-51.051247417999946, -20.14260024899994], [-51.05101573099995, -20.14230237399994], [-51.04635260599997, -20.140359373999956], [-51.045303230999934, -20.13992218599998], [-51.04530329299996, -20.135637748999955], [-51.04768341799996, -20.12944918599993], [-51.04435123099995, -20.122784498999977], [-51.043650980999985, -20.121944248999966], [-51.04112498099994, -20.118913060999944], [-51.03721048099993, -20.11421574899998], [-51.03292616799996, -20.105170810999937], [-51.031021917999965, -20.099458373999937], [-51.02941398099995, -20.099324373999934], [-51.02530935599998, -20.09898224899996], [-51.02332760599995, -20.09799149899993], [-51.02144266799996, -20.09704899899998], [-51.01959666799996, -20.09612599899998], [-51.01769260599997, -20.091841560999967], [-51.016264417999935, -20.084700873999964], [-51.02144266799996, -20.085245873999952], [-51.02530935599998, -20.085652873999948], [-51.02685229299993, -20.081641373999958], [-51.02768960599997, -20.07946437399994], [-51.029117792999955, -20.074227810999957], [-51.033747355999935, -20.075153685999965], [-51.033884042999944, -20.075165373999937], [-51.03483029299997, -20.07279962399997], [-51.03102198099998, -20.07089549899996], [-51.02578541799994, -20.07279968599994], [-51.023881167999946, -20.07851224899997], [-51.02326741799993, -20.079003373999967], [-51.021500980999974, -20.08041643599995], [-51.02144266799996, -20.08036468599994], [-51.01721654299996, -20.076608060999945], [-51.01721654299996, -20.070419435999952], [-51.01816860599996, -20.06137456099998], [-51.02054885599995, -20.053757685999983], [-51.02144254299998, -20.051791623999975], [-51.022929105999935, -20.04852118599996], [-51.02959385599996, -20.04852118599996], [-51.02911785599997, -20.044712810999954], [-51.02673754299997, -20.039952248999953], [-51.03102204299995, -20.034239685999978], [-51.032332605999954, -20.03030787299997], [-51.03245010599994, -20.02995518599994], [-51.03279441799998, -20.03002893599995], [-51.03911491799994, -20.031383435999942], [-51.038886042999934, -20.02955293599996], [-51.03863885599998, -20.027574997999977], [-51.033878355999946, -20.02662287299995], [-51.02864179299996, -20.027098872999943], [-51.02388129299993, -20.030431310999973], [-51.02205404299997, -20.032258497999976], [-51.021977042999936, -20.032335497999952], [-51.02144248099995, -20.03204768599994], [-51.01578835599997, -20.02900312299994], [-51.01150385599993, -20.024242622999964], [-51.020072855999956, -20.02471868599997], [-51.02144248099995, -20.02432737299995], [-51.03006998099994, -20.02186231099995], [-51.038162855999985, -20.016625810999983], [-51.039114980999955, -20.01281737299996], [-51.04673185599995, -20.01138931099996], [-51.055300855999974, -20.011389247999944], [-51.061965542999985, -20.008056935999946], [-51.06594035599994, -20.00661162299997], [-51.06720223099995, -20.006152810999936], [-51.06787610599997, -20.006321310999965], [-51.07101060599996, -20.007104935999962], [-51.071010641999976, -20.005889277999927], [-51.071010667999985, -20.00501987299998], [-51.071010667999985, -20.00424856099994], [-51.06939341799995, -20.003093372999956], [-51.06767829299997, -20.001868310999953], [-51.06386985599994, -20.00329643599997], [-51.05720510599997, -20.00472462299996], [-51.05339654299996, -20.00520056099998], [-51.04863610599995, -20.004724560999932], [-51.04244735599997, -20.003296372999955], [-51.03578260599994, -20.005676622999943], [-51.03453748099997, -20.00644287299997], [-51.03253048099998, -20.007677935999936], [-51.02959385599996, -20.00948493599998], [-51.02689666799995, -20.010496435999983], [-51.02578548099996, -20.010913185999982], [-51.02414341799994, -20.011734247999982], [-51.020072855999956, -20.01376943599996], [-51.01483623099995, -20.01424549799998], [-51.01197991799995, -20.010437122999974], [-51.01340804299997, -20.00662874799997], [-51.01388416799995, -20.004248435999955], [-51.01388401699995, -20.004242689999955], [-51.01380381699994, -20.000497413999938], [-51.01378619199994, -20.00051260099997], [-51.01383075899997, -20.002212438999948], [-51.01378616799997, -20.000512560999937], [-51.013803792999965, -20.000497372999973], [-51.022295542999984, -19.993122435999965], [-51.02309004299997, -19.989639435999948], [-51.02840354299997, -19.987049372999934], [-51.02855504299998, -19.98115393599994], [-51.02992110599996, -19.977846372999977], [-51.03583960599997, -19.97856237299993], [-51.037357042999986, -19.976548872999956], [-51.03751116799998, -19.97309837299997], [-51.03584310599996, -19.96964731099996], [-51.03553910599993, -19.967636872999947], [-51.036450042999945, -19.96490337299997], [-51.03629854299999, -19.96360887299994], [-51.037210105999975, -19.963322372999983], [-51.038728042999935, -19.96015781099993], [-51.03796754299998, -19.95555781099995], [-51.03887909499997, -19.95368833699996], [-51.03994253999997, -19.95339920999993], [-51.04009554099997, -19.95282382199997], [-51.04237054299995, -19.95267974799998], [-51.04464604299994, -19.951096310999958], [-51.045101167999974, -19.948366310999972], [-51.04403904299994, -19.944626810999978], [-51.03068898099997, -19.940174810999963], [-51.02704641799994, -19.935718247999944], [-51.02386235599994, -19.930257810999933], [-51.02279935599995, -19.93011368599997], [-51.019464855999956, -19.92709674799994], [-51.018402917999936, -19.92407524799995], [-51.019161355999984, -19.923357747999944], [-51.019314417999965, -19.92077074799994], [-51.01794729299996, -19.91904468599995], [-51.014297355999986, -19.919298872999946], [-51.01172585599994, -19.91947781099998], [-51.01020985599996, -19.91804174799995], [-51.010058292999986, -19.914446185999964], [-51.01188223099996, -19.910132247999968], [-51.010672230999944, -19.90538874799995], [-51.01294473099995, -19.900787185999945], [-51.017649855999935, -19.898629185999937], [-51.01947179299998, -19.89704612299994], [-51.01933916799993, -19.89535006099993], [-51.01916823099998, -19.89316374799995], [-51.017045792999966, -19.891871685999945], [-51.017045792999966, -19.890577185999973], [-51.01613516799995, -19.88971668599993], [-51.01613573099996, -19.88741518599994], [-51.018259730999944, -19.88568868599998], [-51.02448079299995, -19.885973185999944], [-51.02796885599997, -19.88410362299993], [-51.028880855999944, -19.88137206099998], [-51.02887885599995, -19.876627622999933], [-51.02963735599997, -19.87648212299996], [-51.02948979299998, -19.875189122999927], [-51.032520355999964, -19.87202462299996], [-51.03934829299993, -19.868570060999957], [-51.04040879299998, -19.866988997999954], [-51.043596355999966, -19.864687560999982], [-51.04981385599996, -19.864541060999954], [-51.053757480999934, -19.868132497999966], [-51.05595591799994, -19.868826122999963], [-51.058762480999974, -19.86697993599995], [-51.06013041799997, -19.866977435999956], [-51.06194854299997, -19.868127435999952], [-51.06421648099996, -19.86710249799995], [-51.06240391799997, -19.863742497999965], [-51.060395480999944, -19.86173649799997], [-51.04617635599993, -19.85735499799995], [-51.04390691799995, -19.857355622999933], [-51.04223029299993, -19.857355997999946], [-51.04192929299995, -19.857930497999973], [-51.035860355999944, -19.85994656099996], [-51.03525529299998, -19.85922906099995], [-51.03389035599997, -19.85908399799996], [-51.03267823099998, -19.857934997999962], [-51.032678730999976, -19.856927997999946], [-51.03146316799996, -19.856210560999955], [-51.031313230999956, -19.84744093599994], [-51.03025273099996, -19.840683935999948], [-51.033589167999935, -19.837949997999942], [-51.04041573099994, -19.838809435999963], [-51.041099980999945, -19.838355560999958], [-51.041932730999974, -19.837802997999972], [-51.04147629299996, -19.834208435999983], [-51.03768529299998, -19.83190993599993], [-51.036350605999985, -19.83205524799996], [-51.03237916799998, -19.832487997999976], [-51.02903916799994, -19.833927435999954], [-51.02540360599994, -19.83205849799998], [-51.02434110599995, -19.830623497999966], [-51.02434310599995, -19.824871935999965], [-51.02783210599995, -19.820269435999933], [-51.027679605999936, -19.818831872999965], [-51.02843910599995, -19.818688935999944], [-51.02843960599995, -19.817825935999963], [-51.02783316799997, -19.817682935999983], [-51.02828710599994, -19.81581337299997], [-51.027983605999964, -19.811786935999976], [-51.02859016799994, -19.81020593599993], [-51.031167667999966, -19.808334810999952], [-51.031168167999965, -19.807617310999944], [-51.03511316799995, -19.80703987299995], [-51.038450230999956, -19.803301372999954], [-51.04163266799998, -19.802868872999966], [-51.04466316799994, -19.804016872999966], [-51.050424792999934, -19.80890137299997], [-51.05649285599998, -19.809186372999932], [-51.06043329299996, -19.81076587299998], [-51.066801355999985, -19.816081372999975], [-51.07135135599998, -19.81794487299993], [-51.06761885599997, -19.810165810999933], [-51.061193292999974, -19.80702531099996], [-51.06088879299995, -19.806306810999956], [-51.05982579299996, -19.806595310999967], [-51.058313355999985, -19.80501524799996], [-51.05270262299996, -19.801801486999977], [-51.05108046799995, -19.79711962099998], [-51.05201123099994, -19.795962747999965], [-51.05541584699995, -19.796077569999966], [-51.05789048699995, -19.79550649999993], [-51.060269947999984, -19.79512578599997], [-51.05998441299994, -19.794554714999947], [-51.05665316699998, -19.79379328799996], [-51.05432673099995, -19.79311231099996], [-51.052868725999986, -19.792822499999943], [-51.05084728199995, -19.791223469999977], [-51.04951478399994, -19.79112829199994], [-51.04744839699998, -19.791379838999944], [-51.04780157199997, -19.78970061499996], [-51.048467820999974, -19.788558473999956], [-51.049609962999966, -19.787035618999937], [-51.049609962999966, -19.78503687099993], [-51.04903889199994, -19.78332365899996], [-51.04707404099997, -19.781146708999927], [-51.04799192899998, -19.779135807999978], [-51.048848534999934, -19.77761295299996], [-51.04865817799998, -19.776661168999965], [-51.04770639399993, -19.776661168999965], [-51.04637389599998, -19.77475759999993], [-51.04618353899997, -19.77285403099995], [-51.045898002999934, -19.77180706799993], [-51.04418479199995, -19.77037939199994], [-51.04199568699994, -19.768856536999976], [-51.03914033399997, -19.76714332499995], [-51.036483105999935, -19.764052747999926], [-51.03657051599998, -19.762003688999982], [-51.03657051599998, -19.760100119999947], [-51.03580908899994, -19.758672442999966], [-51.03466694699995, -19.757625480999934], [-51.034108282999966, -19.756228818999944], [-51.03390551999996, -19.755721911999956], [-51.03247784299998, -19.754199056999937], [-51.03285855699994, -19.752581022999948], [-51.03599944599995, -19.750011204999964], [-51.04002891699997, -19.74597973799996], [-51.04323510599994, -19.745572185999947], [-51.04482254299995, -19.742484685999955], [-51.046392355999956, -19.741581872999973], [-51.04982504299994, -19.739607622999927], [-51.05331460599996, -19.735292622999964], [-51.055701382999985, -19.733926048999933], [-51.05674834599995, -19.733164620999958], [-51.05674834599995, -19.73164176599994], [-51.055986917999974, -19.72973819799995], [-51.05532066899997, -19.72707320099994], [-51.05541584699995, -19.72545516799994], [-51.05551102599998, -19.72383713399995], [-51.05488960599996, -19.72142656099993], [-51.055282542999976, -19.720770997999978], [-51.05831404299994, -19.719620997999982], [-51.061345605999975, -19.71631199799998], [-51.062409042999946, -19.716311497999982], [-51.06559066799997, -19.719614560999958], [-51.07165210599993, -19.72004299799994], [-51.07892823099996, -19.72190743599998], [-51.08135223099998, -19.721904997999957], [-51.08362516799997, -19.720321997999974], [-51.08407916799996, -19.71859793599998], [-51.08379016799995, -19.715916497999956], [-51.08150123099995, -19.71552149799993], [-51.080399667999984, -19.713837997999974], [-51.08026973099993, -19.710847997999963], [-51.08312966799997, -19.710067872999957], [-51.08702973099997, -19.710067872999957], [-51.09014985599998, -19.71006781099993], [-51.09534979299997, -19.70915793599994], [-51.09560973099997, -19.70772793599997], [-51.093309792999946, -19.707111935999933], [-51.084989605999965, -19.708246497999937], [-51.08013766799996, -19.707673435999936], [-51.07847110599994, -19.708681997999975], [-51.07816923099995, -19.712130935999937], [-51.07938066799994, -19.71342606099995], [-51.07923073099994, -19.715868997999962], [-51.079619667999964, -19.720207997999978], [-51.07545966799995, -19.71955806099993], [-51.073769605999985, -19.71682793599996], [-51.072209605999944, -19.715917997999952], [-51.06908960599998, -19.716307997999934], [-51.06584266799996, -19.71673506099995], [-51.06466960599994, -19.71474799799995], [-51.06518960599993, -19.712147997999978], [-51.06597254299999, -19.70953743599995], [-51.06316604299997, -19.708692997999947], [-51.05967860599998, -19.70969956099998], [-51.05528498099994, -19.713871560999962], [-51.04952548099993, -19.71344406099996], [-51.04800948099995, -19.71171899799998], [-51.04755691799994, -19.707837560999963], [-51.04816348099996, -19.707694060999927], [-51.04922441799994, -19.70338106099996], [-51.05301210599998, -19.696479060999934], [-51.05376998099996, -19.68770893599998], [-51.05710341799994, -19.68382543599995], [-51.05787398099994, -19.68182943599993], [-51.05346798099998, -19.67994543599997], [-51.049985042999936, -19.67951693599997], [-51.04937741799995, -19.68023699799994], [-51.04528829299994, -19.678943997999966], [-51.04286035599995, -19.677365497999972], [-51.041195855999945, -19.67391499799993], [-51.03604229299998, -19.67233499799994], [-51.03407179299995, -19.671043935999933], [-51.03422473099994, -19.670180997999978], [-51.03331779299998, -19.66989499799996], [-51.03331779299998, -19.66903199799998], [-51.024682730999984, -19.662421997999957], [-51.02180279299995, -19.656818372999965], [-51.02168096199995, -19.65671415199995], [-51.02146346699993, -19.65497418999996], [-51.02131475099998, -19.652446012999974], [-51.02086860199995, -19.650215267999954], [-51.02042245299998, -19.64783580699998], [-51.02042245299998, -19.643820465999966], [-51.02190961599996, -19.641292288999978], [-51.021944506999944, -19.64112281799993], [-51.02423210599994, -19.641292435999958], [-51.02726066799994, -19.63769537299993], [-51.029162105999944, -19.630818310999928], [-51.034187292999945, -19.629797872999973], [-51.03478316799993, -19.62491881099993], [-51.037161167999955, -19.620874810999965], [-51.04311016799994, -19.61968524799994], [-51.04610423099996, -19.624342310999964], [-51.04892523099994, -19.623311310999952], [-51.05437935599997, -19.62661331099997], [-51.058317855999974, -19.625749310999936], [-51.06214579299996, -19.620280247999972], [-51.06987941799997, -19.615521185999967], [-51.07753491799997, -19.61596968599997], [-51.087130480999974, -19.610167185999956], [-51.09248398099999, -19.604813560999958], [-51.09274998099994, -19.601086060999933], [-51.08861241799997, -19.60215162299994], [-51.08831141799993, -19.60301462299998], [-51.08755298099993, -19.60287212299994], [-51.08619098099996, -19.605892685999947], [-51.084524542999986, -19.60761862299995], [-51.07316385599995, -19.608920185999978], [-51.07316335599995, -19.60978268599996], [-51.07195141799997, -19.61007168599997], [-51.06214579299996, -19.612546747999943], [-51.05089423099997, -19.617127685999947], [-51.044991667999966, -19.614256247999947], [-51.03862916799994, -19.61354081099995], [-51.034084167999936, -19.61613031099995], [-51.03029360599999, -19.619438310999954], [-51.02211260599995, -19.62936131099997], [-51.01938716799998, -19.631087872999956], [-51.014538605999974, -19.63080087299994], [-51.010902105999946, -19.62792831099995], [-51.00969048099995, -19.62562687299993], [-51.00923904299998, -19.620740810999962], [-51.01015048099998, -19.61973437299997], [-51.01060554299994, -19.616139372999953], [-51.01030198099994, -19.612259372999972], [-51.00894254299993, -19.607659310999964], [-51.00757748099994, -19.60650881099997], [-51.004247980999935, -19.60018631099996], [-51.00379541799998, -19.59731131099994], [-51.004250480999985, -19.59386281099995], [-51.00349285599998, -19.59041131099997], [-50.99425885499994, -19.582365247999974], [-50.98600247999997, -19.57507037299996], [-50.98005379299997, -19.57090631099993], [-50.97851266799995, -19.56540674799993], [-50.97851766799994, -19.56195681099996], [-50.98639166799995, -19.55519924799995], [-50.98851266799994, -19.552131747999965], [-50.986008667999954, -19.551328747999946], [-50.98291229299997, -19.55175124799996], [-50.97776060499996, -19.55548824799996], [-50.97624660499997, -19.558795747999966], [-50.975187104999975, -19.55951474799997], [-50.97053591799994, -19.56198331099995], [-50.96399235499996, -19.56138849799993], [-50.95625897999997, -19.560793622999938], [-50.945551354999964, -19.561388560999944], [-50.93687447999997, -19.55894193599994], [-50.92948997999997, -19.556034747999945], [-50.93067966799998, -19.549491185999955], [-50.934843729999955, -19.541757935999954], [-50.944308354999976, -19.533644747999972], [-50.94900597999998, -19.53105674799997], [-50.952032979999956, -19.528181685999982], [-50.95673247999997, -19.520563185999947], [-50.96415247999994, -19.51855068599997], [-50.96536504299996, -19.51538862299998], [-50.95804341799993, -19.514394185999947], [-50.95804341799993, -19.50904006099995], [-50.95982609999999, -19.505573039999945], [-50.95826975299997, -19.507457915999964], [-50.95709095999996, -19.508885539999937], [-50.955495277999944, -19.51081805399997], [-50.95468551299996, -19.511798750999958], [-50.95427672599993, -19.51229382899993], [-50.95426708799994, -19.512305500999958], [-50.95425645299997, -19.512318380999943], [-50.954238706999945, -19.512339871999927], [-50.95422159599997, -19.51236059499996], [-50.954160541999954, -19.512434536999933], [-50.954147424999974, -19.512453007999966], [-50.950550642999985, -19.517518025999948], [-50.944990244999985, -19.52534822599995], [-50.94476437199995, -19.52566630299998], [-50.94474225199997, -19.52569258999995], [-50.93588599499998, -19.53621716599997], [-50.933441684999934, -19.538481246999936], [-50.930881273999944, -19.542243911999947], [-50.926666731999944, -19.551412311999968], [-50.92416830999997, -19.55861740299997]], [[-51.22200004399997, -20.290057347999948], [-51.22559718699995, -20.28756320699995], [-51.226974293999945, -20.28784606599993], [-51.22723800399996, -20.288509575999967], [-51.22767246099994, -20.289602773999945], [-51.22590229299993, -20.29216681099996], [-51.22436873099997, -20.293063373999928], [-51.22358655099998, -20.293064406999974], [-51.22318624899998, -20.293064915999935], [-51.22200379399993, -20.29228480599994], [-51.22200004399997, -20.290057347999948]], [[-51.702291299999956, -20.965272865999964], [-51.70133951599996, -20.96603429399994], [-51.69753237799995, -20.96565357999998], [-51.69239274199998, -20.96603429399994], [-51.688966318999974, -20.966795720999983], [-51.68192311399997, -20.968128218999937], [-51.67640276399993, -20.968318575999945], [-51.668027061999965, -20.966795720999983], [-51.660603142999946, -20.964511438999978], [-51.654511722999985, -20.958039304999943], [-51.64632637699998, -20.950044315999946], [-51.64213852599994, -20.949092530999962], [-51.63776031799995, -20.948331103999976], [-51.63281103899993, -20.947379318999936], [-51.62862318699996, -20.94357218199997], [-51.624816049999936, -20.938432545999945], [-51.62382452899993, -20.935097429999928], [-51.62394154399993, -20.935422623999955], [-51.623228980999954, -20.932961061999947], [-51.62180141899995, -20.927606123999965], [-51.62180148099998, -20.92676599899994], [-51.62180169499993, -20.924585751999928], [-51.62291248099996, -20.91958721499998], [-51.62234140999993, -20.91654150499994], [-51.62065366699994, -20.91316601799997], [-51.62028985599994, -20.911418873999935], [-51.62001798099993, -20.910113498999976], [-51.61989210599995, -20.90950474899995], [-51.61989135599998, -20.909501186999933], [-51.61940048099996, -20.90712737399997], [-51.61895204399997, -20.904958998999973], [-51.61843279399994, -20.902447811999934], [-51.61787698099994, -20.899760623999953], [-51.61694369299994, -20.89736011399998], [-51.61663070399993, -20.895982961999948], [-51.617201774999955, -20.89255653799995], [-51.617772844999934, -20.88989154099994], [-51.61834391599996, -20.885894046999965], [-51.61967641399997, -20.88418083499994], [-51.62196069699996, -20.88227726599996], [-51.62405462199996, -20.88075441099994], [-51.62652926199996, -20.88075441099994], [-51.629194257999984, -20.883038693999936], [-51.63480839999994, -20.88721331199997], [-51.63608460599994, -20.889766248999933], [-51.63640623099997, -20.890988811999932], [-51.63701035599996, -20.893285498999944], [-51.63786898099994, -20.896549248999975], [-51.64358041899993, -20.900833623999972], [-51.64572198099995, -20.905831623999973], [-51.64591729399996, -20.907297686999982], [-51.64643548099997, -20.91118662399998], [-51.64648659299996, -20.911266960999967], [-51.64651673399993, -20.912924723999936], [-51.65070458599996, -20.919967928999938], [-51.653179224999974, -20.92244256799995], [-51.65717671899995, -20.926630418999935], [-51.659461001999944, -20.929676128999972], [-51.663648852999984, -20.93005684299993], [-51.66687806799996, -20.93118706799993], [-51.668209855999976, -20.932607873999928], [-51.66832691899998, -20.932737936999956], [-51.66992404399997, -20.93451281199998], [-51.67151416899998, -20.93628006199998], [-51.671863917999985, -20.936668733999966], [-51.678496689999974, -20.94661789199995], [-51.682874897999966, -20.951567170999965], [-51.68630132199996, -20.953280382999935], [-51.693344526999965, -20.956326092999973], [-51.69829380599998, -20.95975251699997], [-51.699733444999936, -20.96119215599998], [-51.70027836099996, -20.96173707199995], [-51.702481656999964, -20.963940367999953], [-51.702291299999956, -20.965272865999964]], [[-51.83561579399998, -21.12361081199998], [-51.83619229399994, -21.12468181199995], [-51.83460929399996, -21.124681624999937], [-51.83347366899994, -21.12468149999995], [-51.830974855999955, -21.12468124999998], [-51.82826404399998, -21.12383381199993], [-51.82657954399997, -21.123307186999966], [-51.82526335599994, -21.12289574999994], [-51.821693668999956, -21.121467499999937], [-51.819372105999946, -21.119338874999983], [-51.81741041899994, -21.117540186999975], [-51.81717085599996, -21.116101561999983], [-51.81693935599998, -21.114712186999952], [-51.81669691899998, -21.11325643699996], [-51.82133754399996, -21.114684874999966], [-51.82490716899997, -21.11611312499997], [-51.82954754399998, -21.119326436999927], [-51.83319166899997, -21.121899311999982], [-51.83561579399998, -21.12361081199998]], [[-51.86530335599997, -21.236874874999955], [-51.86487391899993, -21.237132499999973], [-51.86454960599997, -21.23225881199994], [-51.86451766899995, -21.231777874999977], [-51.86473966899996, -21.231427311999937], [-51.87130148099993, -21.221069374999956], [-51.87594316899998, -21.21357349999994], [-51.881298855999944, -21.20536362499996], [-51.88522648099996, -21.198224624999966], [-51.88638698099999, -21.19590437499994], [-51.88701654399995, -21.19716381199993], [-51.887579793999976, -21.19829062499997], [-51.88808223099994, -21.19929587499996], [-51.887471293999965, -21.201680874999965], [-51.88717473099996, -21.202616499999976], [-51.887069605999955, -21.203352061999965], [-51.886296355999946, -21.206792061999977], [-51.88521948099998, -21.208137936999947], [-51.883539230999986, -21.210237624999934], [-51.882545480999966, -21.21147949999994], [-51.88201191899998, -21.212146249999932], [-51.88079598099995, -21.21417231199996], [-51.87965454399995, -21.216074124999977], [-51.878596105999975, -21.21783768699993], [-51.87772729399995, -21.219285249999928], [-51.876785730999984, -21.222569999999962], [-51.87641510599997, -21.22400662499996], [-51.87594154399994, -21.22571056199996], [-51.87448379399996, -21.228095374999953], [-51.87324804399998, -21.23011699999995], [-51.87201404399997, -21.23213568699998], [-51.86998204399998, -21.233625436999944], [-51.86765685599994, -21.23533018699993], [-51.866658918999974, -21.236061811999946], [-51.86530335599997, -21.236874874999955]], [[-53.09083801999998, -22.55234883199995], [-53.09276538399996, -22.55470449799998], [-53.08936906499997, -22.55354872399994], [-53.08643156499994, -22.55191684899995], [-53.083331002999955, -22.54946897399998], [-53.075008314999934, -22.542941536999933], [-53.06962306499997, -22.539351411999974], [-53.06635931499994, -22.53625078699997], [-53.060321252999984, -22.53184472399994], [-53.05673106499995, -22.529723286999968], [-53.05428325299994, -22.52629628699998], [-53.05819975299994, -22.527928223999936], [-53.062442689999955, -22.53086559899998], [-53.065380189999985, -22.53315022399994], [-53.06864393999996, -22.535271661999957], [-53.072234064999975, -22.53739303699996], [-53.07517150299998, -22.54000409899993], [-53.07778256499995, -22.54261509899993], [-53.07974081499998, -22.54473653699995], [-53.08349418999995, -22.547673911999937], [-53.08724750299996, -22.550121786999966], [-53.089369002999945, -22.551590473999966], [-53.09083801999998, -22.55234883199995]], [[-53.09405029299995, -22.553740816999948], [-53.094264890999966, -22.55349939299998], [-53.09522812599994, -22.554276194999943], [-53.09590627199998, -22.55520418499998], [-53.09651303499999, -22.555775255999947], [-53.096298882999974, -22.556239250999965], [-53.09544227699996, -22.555775255999947], [-53.09447859499994, -22.554775881999944], [-53.09415736799997, -22.554204811999966], [-53.09405029299995, -22.553740816999948]], [[-53.09953613599998, -22.57641172999996], [-53.09965919899997, -22.57801847999997], [-53.09646326099994, -22.57428779299994], [-53.09396701099996, -22.567862917999946], [-53.090757448999966, -22.560010229999932], [-53.090967260999946, -22.55791766799996], [-53.091115323999986, -22.55644122999996], [-53.09468401099997, -22.55751291799993], [-53.095857448999936, -22.55915660499994], [-53.096467823999944, -22.56001172999993], [-53.09896326099994, -22.568934979999938], [-53.09913726099995, -22.571206479999944], [-53.09953613599998, -22.57641172999996]], [[-53.20702612599996, -22.725815908999948], [-53.206792063999956, -22.72616690899997], [-53.20527100099997, -22.72569890899996], [-53.20469375099998, -22.725462783999944], [-53.20269687599995, -22.72464584599993], [-53.20023968899994, -22.723241720999965], [-53.19731450099994, -22.721369658999947], [-53.19589631399998, -22.72015409599993], [-53.19567637599994, -22.719965533999982], [-53.19520837599998, -22.71844447099994], [-53.19532543899999, -22.71774240899998], [-53.19637843899994, -22.717508408999947], [-53.198016500999984, -22.718210470999963], [-53.199186563999945, -22.71938053399998], [-53.19977162599997, -22.719965533999982], [-53.201760813999954, -22.72172065899997], [-53.203983938999954, -22.723592783999948], [-53.20585600099997, -22.724996845999954], [-53.20702612599996, -22.725815908999948]], [[-53.43872417999995, -22.814419998999938], [-53.440584970999964, -22.81587945399997], [-53.43760934599993, -22.81484942999998], [-53.432812352999974, -22.81325043299995], [-53.42784403799993, -22.81199407699995], [-53.42510289899997, -22.81153722099998], [-53.42373232999995, -22.81085193599995], [-53.42276150999999, -22.809481365999943], [-53.42259018799996, -22.808396331999973], [-53.42264729599998, -22.807653939999966], [-53.42401786499994, -22.807425511999952], [-53.42944303599995, -22.80965268799997], [-53.432812352999974, -22.81153722099998], [-53.43641009799995, -22.81353596799994], [-53.43872417999995, -22.814419998999938]], [[-53.48115810799993, -22.828552438999964], [-53.48096816999998, -22.828700063999975], [-53.477399169999956, -22.828698875999976], [-53.47065879499996, -22.827011438999932], [-53.46883466999998, -22.826554813999962], [-53.45819960799997, -22.824778875999982], [-53.45812860799998, -22.82476700099994], [-53.458101607999936, -22.824743875999957], [-53.45595193599996, -22.823278227999936], [-53.45642782799996, -22.82242162199998], [-53.45828380699999, -22.82232644399994], [-53.46128192799995, -22.822508868999932], [-53.46704022399996, -22.824515547999965], [-53.473198740999976, -22.825615743999947], [-53.47876780299998, -22.827153993999957], [-53.48174529299996, -22.82846545299998], [-53.48115810799993, -22.828552438999964]], [[-53.514596075999975, -22.84283590399997], [-53.51688035899997, -22.843406974999937], [-53.519307408999964, -22.84454911599994], [-53.52107266099995, -22.84491206499996], [-53.52450123299997, -22.848343125999975], [-53.53021048299996, -22.850843125999972], [-53.535920482999984, -22.85155875099997], [-53.53948841999994, -22.854058188999943], [-53.54555423299996, -22.857272188999957], [-53.55233310799997, -22.86262762599995], [-53.56125410799996, -22.86584262599996], [-53.56184563499994, -22.86702682899994], [-53.56367887999994, -22.86886007299995], [-53.565225528999974, -22.87236977799995], [-53.56629628699994, -22.874927698999954], [-53.56730755799998, -22.876533834999975], [-53.568080882999936, -22.877961511999956], [-53.56796190999995, -22.87855637699994], [-53.566831665999985, -22.87784253899997], [-53.56576090799996, -22.875701023999966], [-53.56498758299995, -22.873737968999933], [-53.56385733899998, -22.87296464399998], [-53.56217094899995, -22.872266826999976], [-53.562059154999986, -22.87226679099996], [-53.56022866099994, -22.872667210999964], [-53.558087145999934, -22.873024129999976], [-53.55654049699996, -22.872607724999966], [-53.55603201599996, -22.872264795999968], [-53.55589823299994, -22.872264750999932], [-53.55268666999996, -22.871193000999938], [-53.55090285799997, -22.869407938999927], [-53.54519423299996, -22.865480438999953], [-53.54028578499998, -22.864809418999982], [-53.53943764899998, -22.86353721499995], [-53.538295507999976, -22.86168123599998], [-53.53772443699995, -22.859825255999965], [-53.53800997299999, -22.85818342799996], [-53.537795820999975, -22.856398831999968], [-53.53651091199998, -22.85468561999994], [-53.53472631599993, -22.85361486299996], [-53.533227255999975, -22.853472094999972], [-53.53165681199994, -22.85404316599994], [-53.529872215999944, -22.85468561999994], [-53.52780208499996, -22.85432870099993], [-53.525160882999955, -22.851616115999946], [-53.52230552999998, -22.84947460099994], [-53.519164640999975, -22.84826107599997], [-53.516951742999936, -22.84776138899997], [-53.51530991499993, -22.847047549999957], [-53.51359670299996, -22.84519157099993], [-53.512026257999935, -22.843692509999983], [-53.51201184399997, -22.843690107999976], [-53.51201201599997, -22.843241571999954], [-53.51245456099997, -22.84283590399997], [-53.51338255099995, -22.842621752999946], [-53.514596075999975, -22.84283590399997]], [[-53.52551780199997, -22.85297240799997], [-53.52765931699997, -22.85482838799993], [-53.529586680999955, -22.855256690999965], [-53.531157124999936, -22.854757003999964], [-53.53222788199997, -22.85404316599994], [-53.533869709999976, -22.85390039799995], [-53.535725689999936, -22.85454285299994], [-53.53643952799996, -22.855613609999978], [-53.537010598999984, -22.856969902999936], [-53.537010598999984, -22.85911141799994], [-53.53743890199996, -22.861395699999946], [-53.538866577999954, -22.863608598999974], [-53.53952463799993, -22.864705364999963], [-53.53734304499994, -22.864407125999946], [-53.53020610799996, -22.862263438999946], [-53.52306960799996, -22.859049125999945], [-53.519098106999934, -22.856620257999964], [-53.51780834899995, -22.85468561999994], [-53.516166519999956, -22.85261548899996], [-53.51509576299998, -22.850545357999977], [-53.51495299499993, -22.849189064999962], [-53.515024378999954, -22.84854661099996], [-53.51652343999996, -22.84826107599997], [-53.51945017699995, -22.849117681999928], [-53.521663074999935, -22.850045670999975], [-53.52551780199997, -22.85297240799997]], [[-53.51735898299995, -22.860117938999963], [-53.52449479499995, -22.865116625999974], [-53.53305923299996, -22.86761768899993], [-53.53734154499995, -22.868332875999954], [-53.54055198299994, -22.872616500999982], [-53.54411985799993, -22.875115938999954], [-53.55018648299995, -22.87618856399996], [-53.55874985799994, -22.88118781399993], [-53.56267391999995, -22.885471750999955], [-53.57088023299997, -22.890827688999934], [-53.571000166999966, -22.890925481999943], [-53.57285170199998, -22.891203211999937], [-53.57517167599997, -22.892690374999972], [-53.580168544999935, -22.897746729999938], [-53.584213627999986, -22.902684111999974], [-53.58617668399995, -22.905004085999963], [-53.590816632999974, -22.91142863099998], [-53.591887389999954, -22.91368911899997], [-53.59272020099996, -22.91755574299998], [-53.593077120999965, -22.92106544799998], [-53.592660714999965, -22.92517001799996], [-53.59242276899994, -22.928739209999947], [-53.59254174199998, -22.931832508999946], [-53.593731471999945, -22.934152482999934], [-53.593731471999945, -22.934925807999946], [-53.593077120999965, -22.935104267999975], [-53.591197412999975, -22.933508228999983], [-53.589567415999966, -22.933260185999927], [-53.58641462999998, -22.931594562999976], [-53.583678249999934, -22.930642777999935], [-53.57955014399994, -22.92898265699995], [-53.578360413999974, -22.92826881899998], [-53.574850708999975, -22.924997059999953], [-53.570567678999964, -22.92113043599994], [-53.56914000199998, -22.917739703999928], [-53.56884256899997, -22.91440845799997], [-53.566879513999936, -22.909946968999975], [-53.56414313399995, -22.90619931799995], [-53.554565802999946, -22.894599444999983], [-53.545107445999975, -22.885081600999968], [-53.538504441999976, -22.881452922999983], [-53.53594652099997, -22.879727813999978], [-53.52958146299994, -22.876277595999966], [-53.52428716199995, -22.873481728999934], [-53.51887388799997, -22.87128072799993], [-53.51006988299997, -22.867652049999947], [-53.506917096999985, -22.86557002099994], [-53.499778713999945, -22.861524936999956], [-53.49365160199994, -22.858015232999946], [-53.48217070199996, -22.85337528399998], [-53.475329751999936, -22.85057941699995], [-53.461350418999984, -22.843024627999966], [-53.457424307999986, -22.84135900499996], [-53.454212035999944, -22.838741597999956], [-53.44986951899995, -22.835469838999927], [-53.44058962099996, -22.830770403999963], [-53.43541429399994, -22.828747861999943], [-53.431428695999955, -22.828093509999974], [-53.42548004399998, -22.826427887999955], [-53.42131598699996, -22.824881237999932], [-53.41996255399994, -22.82410467799997], [-53.41996326399993, -22.824100774999977], [-53.41990615599997, -22.82335838299997], [-53.41956351399995, -22.822901525999953], [-53.41916376499995, -22.82238756299995], [-53.41882112199994, -22.821645170999943], [-53.41870690799993, -22.82078856499993], [-53.418478479999976, -22.820103279999955], [-53.41819294499999, -22.819246673999942], [-53.41899244299998, -22.818904031999978], [-53.42121961899994, -22.81861849699993], [-53.42384654399996, -22.81816163999997], [-53.427901144999964, -22.817647676999968], [-53.42955724999996, -22.81656264199995], [-53.43035674899994, -22.81593446499994], [-53.43167021199997, -22.81559182199993], [-53.43384027999997, -22.816334213999937], [-53.43606745599993, -22.81810453299994], [-53.438465951999945, -22.82004617299998], [-53.43989362899998, -22.821359635999954], [-53.44057891399996, -22.82335838299997], [-53.44172105499996, -22.82427209599996], [-53.44526169299996, -22.82587109399998], [-53.45291403999994, -22.82855512599997], [-53.45645467799994, -22.829468838999958], [-53.45953845899999, -22.83089651499995], [-53.46176563399996, -22.83329501199995], [-53.46433545199994, -22.835921936999966], [-53.46667684199997, -22.83723539999994], [-53.470731443999966, -22.838891503999946], [-53.47604240099997, -22.839805216999935], [-53.48358053299995, -22.84163264299997], [-53.490262058999974, -22.84163264299997], [-53.49540169499994, -22.84163264299997], [-53.499113653999984, -22.842375034999975], [-53.503225362999956, -22.844202460999952], [-53.50579518099994, -22.84591567299998], [-53.50847921299999, -22.849342096999976], [-53.51038604799999, -22.852175108999973], [-53.510580982999954, -22.852621125999974], [-53.51735898299995, -22.860117938999963]], [[-53.56600149299993, -22.916338200999974], [-53.565882519999946, -22.91669511999993], [-53.565644573999975, -22.916623736999952], [-53.565002118999985, -22.915838513999972], [-53.563669620999974, -22.914458426999943], [-53.56343167499995, -22.913982534999946], [-53.563336496999966, -22.913387669999963], [-53.56350305899997, -22.912911776999977], [-53.56350305899997, -22.91253106399995], [-53.56350305899997, -22.91210276099997], [-53.563752303999934, -22.911883424999928], [-53.564454842999965, -22.91198378799993], [-53.56507350299995, -22.91272141999997], [-53.56569216299994, -22.91350664299995], [-53.565930108999964, -22.91498190799996], [-53.56600149299993, -22.916338200999974]], [[-53.589983820999976, -22.90613432999993], [-53.59037754499997, -22.90554356399997], [-53.59121685799994, -22.905823750999957], [-53.594307510999954, -22.910322692999955], [-53.59849039399995, -22.913034766999942], [-53.601286260999984, -22.91434347099994], [-53.603963154999974, -22.917615228999978], [-53.60652107499993, -22.920411095999953], [-53.60869741999994, -22.923316875999944], [-53.61127999699994, -22.92760896599998], [-53.61211280899994, -22.92933407499993], [-53.61261935799996, -22.932954000999928], [-53.61348099899993, -22.935699132999957], [-53.613837917999945, -22.938613972999974], [-53.61431380999994, -22.943134948999955], [-53.61520610799994, -22.945157490999975], [-53.61562251399994, -22.947715410999933], [-53.61597943299995, -22.95164152199993], [-53.61580097299998, -22.95532968599997], [-53.61532508099998, -22.955924551999942], [-53.61484918899998, -22.95497276699996], [-53.614254323999944, -22.953842522999935], [-53.61318593499993, -22.95164273499995], [-53.60949540099995, -22.94712054599995], [-53.60681850799995, -22.944562624999946], [-53.60188065299997, -22.941151568999942], [-53.598698669999976, -22.938302500999953], [-53.59718815699995, -22.93541605699994], [-53.596943744999976, -22.93397402399995], [-53.596943744999976, -22.933141212999942], [-53.596586825999964, -22.930761751999967], [-53.595991959999935, -22.928382290999934], [-53.595754013999965, -22.92719255999998], [-53.59646785199993, -22.925883855999928], [-53.59670579899995, -22.924515665999934], [-53.596586825999964, -22.92148185399998], [-53.59569452799997, -22.918507526999974], [-53.594980688999954, -22.914521929999978], [-53.59444531099996, -22.913034766999942], [-53.59283917399995, -22.911071711999966], [-53.59087611899997, -22.90898968299996], [-53.589805361999936, -22.907205087999955], [-53.589983820999976, -22.90613432999993]], [[-53.61675275799996, -22.95413995599995], [-53.61720882099996, -22.953882180999983], [-53.617764027999954, -22.954437388999963], [-53.617883001999985, -22.955686605999972], [-53.61806146099997, -22.95717376899995], [-53.61823992099994, -22.958541958999945], [-53.61829940699994, -22.95943425699994], [-53.617764027999954, -22.959731688999966], [-53.61740710899994, -22.95883939099997], [-53.61710967699997, -22.957292741999936], [-53.61681224399996, -22.955865064999955], [-53.616633784999976, -22.954853793999973], [-53.61675275799996, -22.95413995599995]], [[-53.61764505499997, -22.93546118699993], [-53.61806146099997, -22.935104267999975], [-53.618409155999984, -22.935187051999947], [-53.619370164999964, -22.936769890999983], [-53.619786569999974, -22.939268324999944], [-53.62091681399994, -22.942361623999943], [-53.62145219299998, -22.944384165999963], [-53.62151167999997, -22.945752355999957], [-53.62145219299998, -22.946406707999927], [-53.62091681399994, -22.946406707999927], [-53.62026246299996, -22.945038517999933], [-53.61925119199998, -22.942659056999958], [-53.61823992099994, -22.94057702799995], [-53.61752608199998, -22.937424241999963], [-53.617466595999986, -22.93587759299993], [-53.61764505499997, -22.93546118699993]], [[-53.62109527399997, -22.935520673999974], [-53.62061938199997, -22.933498131999954], [-53.62103578699998, -22.93212994199996], [-53.62109527399997, -22.93171353599996], [-53.621443040999964, -22.931568632999927], [-53.622403976999976, -22.932903265999983], [-53.62293935599996, -22.934747348999963], [-53.62341524799996, -22.93587759299993], [-53.62353422099994, -22.937721674999977], [-53.623653193999985, -22.93908986499997], [-53.62383165399996, -22.940398568999967], [-53.623891140999945, -22.941290865999974], [-53.62341524799996, -22.941290865999974], [-53.62276089699998, -22.939982162999968], [-53.622047057999964, -22.93790013499995], [-53.62109527399997, -22.935520673999974]], [[-53.59758619899998, -22.906515043999946], [-53.59812157799996, -22.906158124999934], [-53.59877592999993, -22.90639607099996], [-53.598805864999974, -22.90646591999996], [-53.59937079499997, -22.906515043999946], [-53.60044155199995, -22.90722888199997], [-53.60169076899996, -22.90907296399996], [-53.602761526999984, -22.90990577599996], [-53.603415878999954, -22.91067910099997], [-53.60365382499998, -22.911452424999936], [-53.60353485199994, -22.91174985799995], [-53.60240460799997, -22.911273965999953], [-53.60103641799998, -22.91073858699997], [-53.59984668699997, -22.90990577599996], [-53.59853798399996, -22.909370396999975], [-53.59794311799993, -22.908597071999964], [-53.59752671299998, -22.90764528799997], [-53.59728876699995, -22.90681247699996], [-53.59758619899998, -22.906515043999946]], [[-53.58610696599993, -22.893603669999948], [-53.585465528999976, -22.891033857999957], [-53.585038028999975, -22.88932066999996], [-53.58655859099997, -22.88965916999996], [-53.58824965399998, -22.890035544999932], [-53.591817653999954, -22.89217804499998], [-53.59502827899996, -22.89574798299998], [-53.598598643999935, -22.900062316999936], [-53.60075951899995, -22.903065754999943], [-53.59811845599995, -22.903064941999958], [-53.59597801899997, -22.900922941999966], [-53.59252909099996, -22.89824529499998], [-53.58610696599993, -22.893603669999948]], [[-53.59056678899998, -22.889323437999963], [-53.58818732799995, -22.887598328999957], [-53.585986326999944, -22.886349111999948], [-53.58348789299998, -22.883017865999932], [-53.58092997199998, -22.879448674999935], [-53.579978187999984, -22.87808048499994], [-53.57991870099994, -22.877604592999944], [-53.58131663499995, -22.876837983999962], [-53.582476621999945, -22.876950240999975], [-53.58414224399996, -22.87790202499997], [-53.58652170499994, -22.88081686499993], [-53.58890116599997, -22.883493758999975], [-53.59056678899998, -22.885992192999936], [-53.59247035799996, -22.88914497899998], [-53.59366008899997, -22.89087008799993], [-53.59377906199995, -22.891702898999938], [-53.59300573699994, -22.891524439999955], [-53.59056678899998, -22.889323437999963]], [[-53.57069828999994, -22.87742613299997], [-53.571352641999965, -22.87867534999998], [-53.57165007399993, -22.879805593999947], [-53.57206647999993, -22.880876351999973], [-53.57153110099995, -22.880876351999973], [-53.57040085699998, -22.879270214999963], [-53.568913693999946, -22.87742613299997], [-53.56831882899996, -22.876414861999933], [-53.56772396399998, -22.875522563999937], [-53.56766447699994, -22.87480872599997], [-53.568011328999944, -22.87435514999993], [-53.56938958599994, -22.875998455999934], [-53.57069828999994, -22.87742613299997]], [[-53.56605834099997, -22.87825894399998], [-53.56897318099993, -22.88093583799997], [-53.57123366899998, -22.883017865999932], [-53.572958777999986, -22.885337840999966], [-53.575100292999934, -22.887598328999957], [-53.57575464399997, -22.888074220999954], [-53.575516697999944, -22.888431139999966], [-53.57456491399995, -22.88813370799994], [-53.571590587999935, -22.88628962499996], [-53.56843780199995, -22.884088623999958], [-53.56266760899996, -22.881114297999943], [-53.56100198599995, -22.879686620999962], [-53.56022866099994, -22.877604592999944], [-53.55981225599999, -22.87581999699995], [-53.55951482299997, -22.874511292999955], [-53.56106147299994, -22.87397591499996], [-53.562132229999975, -22.873321562999934], [-53.562905554999986, -22.873678481999946], [-53.56367887999994, -22.874154373999943], [-53.56409528599994, -22.875344104999954], [-53.56440758999997, -22.87628101699994], [-53.56457117799994, -22.876593321999962], [-53.56605834099997, -22.87825894399998]], [[-53.55511281999998, -22.875998455999934], [-53.555172306999964, -22.87665280799996], [-53.553685143999985, -22.876355375999935], [-53.550472870999954, -22.875284617999966], [-53.547141625999984, -22.874035400999958], [-53.54398883999994, -22.87320258999995], [-53.54273962299993, -22.87207234599998], [-53.54262064999995, -22.871001587999956], [-53.543631920999985, -22.87028774999993], [-53.545119083999964, -22.870347236999976], [-53.54687844299997, -22.87020062299996], [-53.548212382999964, -22.870823128999973], [-53.550413384999956, -22.872191318999967], [-53.552435926999976, -22.873916427999973], [-53.55428000899997, -22.87516564499998], [-53.55511281999998, -22.875998455999934]], [[-53.572839804999944, -22.881471216999955], [-53.57254237199999, -22.879686620999962], [-53.57254237199999, -22.87825894399998], [-53.57337518299994, -22.878020997999954], [-53.57476903199995, -22.87855953099995], [-53.57742026699998, -22.881054810999956], [-53.58009716099997, -22.884505029999957], [-53.58229816199997, -22.88747935599997], [-53.58313097399997, -22.889561383999933], [-53.58342840599994, -22.89087008799993], [-53.58342840599994, -22.891345979999983], [-53.58229816199997, -22.890275222999946], [-53.579561781999985, -22.888252680999983], [-53.57765821299995, -22.88652757099993], [-53.57492183299996, -22.88391016399993], [-53.572839804999944, -22.881471216999955]], [[-53.52941464099996, -22.843459326999948], [-53.53096129099998, -22.84339984099995], [-53.53345972499994, -22.844708543999957], [-53.53369441199993, -22.84487803999997], [-53.53536329399998, -22.84566032899994], [-53.53839710699998, -22.847801843999946], [-53.53964632399993, -22.848634654999955], [-53.53988426999996, -22.84917003399994], [-53.53827813399994, -22.849110546999952], [-53.53536329399998, -22.84792081699993], [-53.532626913999934, -22.846314679999978], [-53.52989053399995, -22.84500597699997], [-53.52917669499993, -22.844113678999975], [-53.52941464099996, -22.843459326999948]], [[-53.637854610999966, -23.032364735999977], [-53.637497691999954, -23.032840628999963], [-53.63690282699997, -23.03171038499994], [-53.63690282699997, -23.029687842999977], [-53.63767615099994, -23.026237623999975], [-53.63761666499994, -23.021895107999967], [-53.63761666499994, -23.01731464599993], [-53.63773563799998, -23.01362648099996], [-53.63773563799998, -23.01202034499994], [-53.63814063899997, -23.01123284199997], [-53.63880639499996, -23.01136599299997], [-53.639936638999984, -23.012674696999966], [-53.639877152999986, -23.014578264999955], [-53.639758179999944, -23.019634619999977], [-53.63940126099993, -23.024155595999957], [-53.639341773999945, -23.02820067999994], [-53.638508962999936, -23.03105603299997], [-53.637854610999966, -23.032364735999977]], [[-53.63571309599996, -23.02367970399996], [-53.635237203999964, -23.023798676999945], [-53.63499925799994, -23.021776134999982], [-53.63488028499995, -23.01975359299996], [-53.634404391999965, -23.01779053799993], [-53.63363106799994, -23.016362860999948], [-53.63339312199997, -23.01505415799994], [-53.63339312199997, -23.013388534999933], [-53.63446387899995, -23.012317777999954], [-53.63499925799994, -23.01160393899994], [-53.63561387899995, -23.01150689399998], [-53.636010528999975, -23.012079830999937], [-53.63618898799996, -23.016243887999963], [-53.636010528999975, -23.018504375999953], [-53.636248474999945, -23.021062296999958], [-53.63595104199993, -23.022549459999937], [-53.63571309599996, -23.02367970399996]], [[-53.63999612599997, -23.053125533999946], [-53.63946074699999, -23.05342296599997], [-53.639103827999975, -23.053125533999946], [-53.63922280099996, -23.052054775999977], [-53.63940126099993, -23.05038915399996], [-53.63969869299996, -23.04913993699995], [-53.64065047799994, -23.047474313999942], [-53.641364315999965, -23.044262041999957], [-53.641602261999935, -23.042834364999976], [-53.642197126999974, -23.041644633999965], [-53.64273726499994, -23.041644633999965], [-53.643208397999956, -23.04295333799996], [-53.642970451999986, -23.044559473999982], [-53.64249455999993, -23.04563023199995], [-53.642435072999945, -23.047057907999942], [-53.64225661399996, -23.04830712499995], [-53.64172123499998, -23.04997274799996], [-53.64065047799994, -23.052054775999977], [-53.63999612599997, -23.053125533999946]], [[-53.64778937699998, -23.11843513699995], [-53.64760001399998, -23.11975689199994], [-53.64841993799996, -23.12333866499995], [-53.649133775999985, -23.130762582999978], [-53.648955315999956, -23.13134555099998], [-53.64808713899998, -23.13099184999993], [-53.64802919799996, -23.13077906999996], [-53.64643652899997, -23.130248180999956], [-53.64644385799994, -23.130318063999937], [-53.64504329299996, -23.12926684799993], [-53.644065523999984, -23.12747892699997], [-53.64249507999995, -23.124837725999953], [-53.641067402999965, -23.12148268599998], [-53.640424948999964, -23.116771352999933], [-53.640567715999964, -23.112274170999967], [-53.640924634999976, -23.110632342999963], [-53.641577790999975, -23.109979187999954], [-53.641739806999965, -23.110222403999956], [-53.64193590599996, -23.11004937499996], [-53.64229282499997, -23.109573482999963], [-53.64229282499997, -23.109276050999938], [-53.64223333899997, -23.10862169899997], [-53.64223333899997, -23.10814580699997], [-53.64270923099997, -23.10778888699997], [-53.64336358299994, -23.10802683399993], [-53.643839474999936, -23.108919130999936], [-53.64413690799995, -23.110168347999945], [-53.64449382699996, -23.11153653899993], [-53.64502920599995, -23.11397548599996], [-53.64520766499999, -23.115343675999952], [-53.645683556999984, -23.116295460999936], [-53.64645688199994, -23.11683083899993], [-53.64728969399994, -23.117128271999945], [-53.64778937699998, -23.11843513699995]], [[-53.65050196599998, -23.11968619199996], [-53.650716139999986, -23.11858855199995], [-53.65120513399995, -23.119037128999935], [-53.65157272299996, -23.118734407999966], [-53.653238345999966, -23.12010259799996], [-53.65805675499996, -23.128609170999937], [-53.65936545799997, -23.134200904999943], [-53.66013878299998, -23.13836496099998], [-53.66079313499995, -23.14104185499997], [-53.66115005399996, -23.14169620699994], [-53.65960340399994, -23.140744421999955], [-53.65839992299993, -23.139917028999946], [-53.65839942399998, -23.139911766999944], [-53.65466602299995, -23.13652087899993], [-53.65103734499996, -23.133070660999977], [-53.65026401999995, -23.123731275999944], [-53.65050196599998, -23.11968619199996]], [[-53.705548670999974, -23.24366318899996], [-53.705280795999954, -23.244892938999953], [-53.703070099999934, -23.243985300999952], [-53.70207210799998, -23.237397750999946], [-53.70064879599994, -23.22704818899996], [-53.70091073899994, -23.221475599999962], [-53.70207360799998, -23.22040306399998], [-53.70269533499993, -23.220369150999943], [-53.70426035799994, -23.221344813999963], [-53.706403670999975, -23.223817813999972], [-53.70755773299993, -23.22744493899995], [-53.708217170999944, -23.23074225099998], [-53.70871173299997, -23.234699000999967], [-53.708217170999944, -23.23799631399993], [-53.70673348299994, -23.241293688999974], [-53.705548670999974, -23.24366318899996]], [[-53.73177632599993, -23.303738025999962], [-53.73112197499995, -23.30379751199996], [-53.73040813599994, -23.30195342999997], [-53.729813270999955, -23.300168833999976], [-53.72892097299996, -23.298324751999928], [-53.72802867499996, -23.296956561999934], [-53.72719586399995, -23.295052992999956], [-53.72654151199998, -23.293446856999935], [-53.725946646999944, -23.292197639999983], [-53.72588715999996, -23.291602774999944], [-53.72688565799996, -23.291713718999972], [-53.72814764799995, -23.292733018999968], [-53.729158918999985, -23.29451761399997], [-53.729575324999985, -23.297135021999964], [-53.73058659599997, -23.29921704999998], [-53.73153837999996, -23.30153702399997], [-53.731657352999946, -23.30260778199994], [-53.73177632599993, -23.303738025999962]], [[-53.76300675199997, -23.315813789999936], [-53.765845180999975, -23.31962455799993], [-53.76374438499994, -23.319180727999935], [-53.76222152999998, -23.31813376499997], [-53.75993724699998, -23.316706087999933], [-53.75717707299998, -23.314421805999928], [-53.75479761199995, -23.31232787999994], [-53.74918208399998, -23.309948418999966], [-53.74547012399995, -23.30775931499994], [-53.74299548499994, -23.305855745999963], [-53.743185841999946, -23.305094318999977], [-53.74736629599994, -23.304147188999934], [-53.749265364999985, -23.30421391799996], [-53.75331044799998, -23.30564159499994], [-53.756879639999966, -23.307783109999946], [-53.75925910099994, -23.31075743599996], [-53.76300675199997, -23.315813789999936]], [[-53.73629730199997, -23.30992462399996], [-53.73671370799997, -23.311649733999957], [-53.73629730199997, -23.312958436999963], [-53.73617832899998, -23.314445599999942], [-53.73623781599997, -23.31569481699995], [-53.73659473499998, -23.316706087999933], [-53.73647576199994, -23.317003520999947], [-53.73588089699996, -23.316825060999975], [-53.73481013899993, -23.314980978999927], [-53.733917840999936, -23.313493815999948], [-53.73195478599996, -23.31099538199993], [-53.73094351499998, -23.309091812999952], [-53.73082454199994, -23.30790208299993], [-53.73118146099995, -23.306831324999962], [-53.73177632599993, -23.306295945999977], [-53.732252218999975, -23.305998513999953], [-53.73312002199998, -23.30588653899997], [-53.733679894999966, -23.30623645999998], [-53.73510757199995, -23.308259001999943], [-53.73629730199997, -23.30992462399996]], [[-53.738617276999946, -23.31099538199993], [-53.739450087999955, -23.31057897599993], [-53.740639818999966, -23.310638462999975], [-53.74355465799994, -23.311768706999942], [-53.74571138199997, -23.312808555999936], [-53.74702867099995, -23.31329156199996], [-53.75007438099993, -23.314386113999944], [-53.75202553899993, -23.31500477399993], [-53.75369116199994, -23.315908968999963], [-53.75516642799994, -23.317622180999933], [-53.760020527999984, -23.323094940999965], [-53.761733739999954, -23.323808778999933], [-53.764255968999976, -23.324665384999946], [-53.76644507299994, -23.32642618699998], [-53.768538998999986, -23.328900825999938], [-53.77591532799994, -23.33594403099994], [-53.78110255299998, -23.339846346999934], [-53.78567111799998, -23.34160714799998], [-53.79333298299997, -23.34336794899997], [-53.79818708299996, -23.344557678999934], [-53.800423775999946, -23.345842587999982], [-53.80332671899998, -23.34817445999994], [-53.80551582299995, -23.349744903999976], [-53.80699108899995, -23.35260025799994], [-53.80789528399998, -23.35378998799996], [-53.81146447499998, -23.35526525399996], [-53.81550955899996, -23.357359179999946], [-53.81750830599998, -23.35778748299998], [-53.82202928199996, -23.357264000999976], [-53.823623520999945, -23.357275898999944], [-53.827252198999986, -23.358525115999953], [-53.83195163499994, -23.359952791999945], [-53.834509554999954, -23.36007176499993], [-53.83914950399998, -23.36185636099998], [-53.84200485699995, -23.362451225999962], [-53.844562777999954, -23.36286763199996], [-53.84825094299998, -23.36411684899997], [-53.85241499899996, -23.36518760599995], [-53.855032405999964, -23.36536606599998], [-53.858899030999964, -23.365009146999967], [-53.86294411399996, -23.364830686999937], [-53.865858953999975, -23.365068632999964], [-53.87067736299997, -23.366853228999958], [-53.87490090599994, -23.367686039999967], [-53.87894598999998, -23.369173203999935], [-53.88424028999998, -23.37298034099996], [-53.88828537399996, -23.379642831999945], [-53.89167610599998, -23.385948403999976], [-53.892925322999986, -23.389696054999945], [-53.89387710699998, -23.391361676999963], [-53.89982575999994, -23.397250842999938], [-53.90238367999996, -23.39986825099993], [-53.90601235799994, -23.401355413999966], [-53.909165143999985, -23.402485657999932], [-53.911009226999965, -23.404032306999966], [-53.912853308999956, -23.407185092999953], [-53.914935336999974, -23.410992230999966], [-53.91695787899994, -23.412419906999958], [-53.91915888099999, -23.41587012599996], [-53.92118142199996, -23.41771420799995], [-53.92260909899994, -23.418368559999976], [-53.92647572299995, -23.41896342499996], [-53.92784391299995, -23.419260857999973], [-53.929093129999956, -23.41997469599994], [-53.93105618599998, -23.422711075999928], [-53.933019240999954, -23.42532848299993], [-53.93397102499995, -23.42592334899996], [-53.93391153899995, -23.426220780999927], [-53.93272180799994, -23.42628026799997], [-53.93010440099994, -23.426042321999944], [-53.92629726399997, -23.426399240999956], [-53.92510753299996, -23.426458726999954], [-53.92278755899997, -23.426042321999944], [-53.92017015099998, -23.425209509999945], [-53.914935336999974, -23.423305940999967], [-53.91160409199995, -23.42241364399996], [-53.90892719799996, -23.421045452999977], [-53.905536465999944, -23.41973674999997], [-53.90089651699998, -23.419379830999958], [-53.898160136999934, -23.419498803999943], [-53.88792845499995, -23.416167557999927], [-53.88429977699997, -23.414918340999975], [-53.88061161199994, -23.41337169199994], [-53.87847009699993, -23.411289662999934], [-53.87418706799997, -23.406947146999983], [-53.86966609199993, -23.40314000899997], [-53.86133797799994, -23.399094925999975], [-53.858304164999936, -23.39802416799995], [-53.85467548699995, -23.396893923999983], [-53.84712069899996, -23.389636567999958], [-53.84450329099997, -23.38832786499995], [-53.84271869599996, -23.387495052999952], [-53.84099358599997, -23.386840701999972], [-53.83897104499994, -23.385115591999977], [-53.83843566599995, -23.38422329399998], [-53.83784080099997, -23.383568942999943], [-53.836353637999935, -23.382736130999945], [-53.83498544699995, -23.382795617999932], [-53.83153522899994, -23.381665373999965], [-53.829155767999964, -23.38112999499998], [-53.826478873999974, -23.380416156999956], [-53.824872737999954, -23.378928993999978], [-53.821541492999984, -23.377798749999954], [-53.81815076099997, -23.37762028999998], [-53.813153892999935, -23.377382343999955], [-53.80024531699996, -23.37684696499997], [-53.79102490499997, -23.376371072999973], [-53.785016765999956, -23.374943395999935], [-53.777402490999975, -23.37381315199997], [-53.774190218999934, -23.372801881999976], [-53.771632297999986, -23.370362933999957], [-53.77103743299995, -23.36798347299998], [-53.772286649999955, -23.364473767999982], [-53.772286649999955, -23.36185636099998], [-53.77175127099997, -23.358882034999965], [-53.76978821599994, -23.35471797799994], [-53.767765673999975, -23.35097032699997], [-53.76556467299997, -23.348888297999963], [-53.761579074999986, -23.345735512999966], [-53.756463233999966, -23.341274022999983], [-53.75223969099994, -23.334849478999956], [-53.750752527999964, -23.332886422999934], [-53.748075633999974, -23.329852609999932], [-53.745636686999944, -23.32806801499993], [-53.74301927999994, -23.325450607999983], [-53.74111571099996, -23.323011659999963], [-53.739450087999955, -23.321821929999942], [-53.738617276999946, -23.320751171999973], [-53.738379330999976, -23.319739900999934], [-53.738617276999946, -23.318728629999953], [-53.738438816999974, -23.316825060999975], [-53.738260357999934, -23.314564572999927], [-53.738438816999974, -23.31242305899997], [-53.738617276999946, -23.31099538199993]], [[-53.76935991299996, -23.369434943999977], [-53.76831294999994, -23.369720479999955], [-53.76774187899997, -23.368102445999966], [-53.766790094999976, -23.36477120099994], [-53.76621902399995, -23.36286763199996], [-53.76488652599994, -23.36039299199996], [-53.76488652599994, -23.357061746999932], [-53.76507688299995, -23.355158177999954], [-53.76526723999996, -23.35392085799998], [-53.76450581199998, -23.351922110999965], [-53.76498170499997, -23.35135104099993], [-53.76555277499995, -23.35116068399998], [-53.76650455999999, -23.351731753999957], [-53.76793223599998, -23.354682285999957], [-53.77040687599998, -23.359726742999953], [-53.77069241099997, -23.363629058999948], [-53.769930983999984, -23.36629405599996], [-53.76955026999997, -23.368102445999966], [-53.76935991299996, -23.369434943999977]], [[-53.91480208699994, -23.407972694999955], [-53.915373157999966, -23.407877515999928], [-53.91632494199996, -23.408305818999963], [-53.917181547999974, -23.40863894399996], [-53.91784779799997, -23.409019657999977], [-53.91906470299995, -23.410202759999947], [-53.921464577999984, -23.412208134999958], [-53.924462698999946, -23.413778579999928], [-53.926033142999984, -23.415444201999946], [-53.92712769499997, -23.416824289999965], [-53.927603587999954, -23.417395359999944], [-53.927175284999976, -23.41768089599998], [-53.92579519699996, -23.41749053899997], [-53.92308261199997, -23.416776699999957], [-53.92079832899998, -23.415444201999946], [-53.91937065299993, -23.41354063299997], [-53.916991191999955, -23.41044733399997], [-53.915658692999955, -23.409257603999947], [-53.91489726599997, -23.40863894399996], [-53.91470690899996, -23.408258229999944], [-53.91480208699994, -23.407972694999955]], [[-53.913945480999985, -23.40159573899996], [-53.91332682199993, -23.40102466899998], [-53.912565393999955, -23.40035841899993], [-53.91204191299994, -23.399406634999934], [-53.91185155599993, -23.398645207999948], [-53.91199432299993, -23.39840726099993], [-53.912327447999985, -23.39835967199997], [-53.912882655999965, -23.398487796999973], [-53.91456414099997, -23.399263866999945], [-53.91603940699997, -23.40126261499995], [-53.91732431599996, -23.402975826999977], [-53.91841886799995, -23.40449868199994], [-53.91894234999995, -23.405402876999972], [-53.918894759999944, -23.406164303999958], [-53.91813333299996, -23.406211893999966], [-53.91651529899997, -23.405022162999956], [-53.91504003399996, -23.403118593999977], [-53.913945480999985, -23.40159573899996]], [[-53.909348362999935, -23.400491668999962], [-53.90830139999997, -23.40106273999993], [-53.904684618999966, -23.39925434999998], [-53.900116053999966, -23.39582792599998], [-53.897451057999945, -23.39316292899997], [-53.89564266699995, -23.390878646999965], [-53.89431016899994, -23.387071508999952], [-53.892882492999945, -23.38450169099997], [-53.892787313999975, -23.383930620999934], [-53.89401953899994, -23.38349571799995], [-53.89592820299998, -23.38459686999994], [-53.89821248499993, -23.388118471999974], [-53.89973533999995, -23.389641326999936], [-53.90125819499997, -23.392211144999976], [-53.903066585999966, -23.394209891999935], [-53.90525568999993, -23.396684531999938], [-53.90715925899997, -23.398683278999954], [-53.90868211399999, -23.399920598999927], [-53.909348362999935, -23.400491668999962]], [[-53.84632119999998, -23.362191864999943], [-53.843798970999956, -23.36090695599995], [-53.84194299099994, -23.360002760999976], [-53.840896028999964, -23.358670262999965], [-53.84018218999995, -23.357670888999962], [-53.840467725999986, -23.357052228999976], [-53.84175263499998, -23.35657633699998], [-53.84346584599996, -23.356719104999968], [-53.84522664799994, -23.357052228999976], [-53.848653070999944, -23.35771847799998], [-53.85050905099996, -23.35809919199994], [-53.85161028899995, -23.35872847099995], [-53.85241261999994, -23.358955797999954], [-53.85536315199994, -23.360050349999938], [-53.858741985999984, -23.361478026999976], [-53.86126421499995, -23.36242981099997], [-53.86269189099994, -23.363096059999975], [-53.86302501599994, -23.363524362999954], [-53.86074073299994, -23.36404784499996], [-53.857361898999955, -23.36404784499996], [-53.85317404699998, -23.364476147999937], [-53.849700033999966, -23.363476773999935], [-53.84632119999998, -23.362191864999943]], [[-53.84180022399994, -23.360526241999935], [-53.84522664799994, -23.362191864999943], [-53.84446521999996, -23.362191864999943], [-53.84213334799995, -23.361620793999975], [-53.83718406899993, -23.360145527999975], [-53.833614877999935, -23.359146154999962], [-53.828665598999976, -23.35795642399995], [-53.825572299999976, -23.356957050999938], [-53.823002481999936, -23.35652874799996], [-53.82033748599997, -23.35681428299995], [-53.81795802399995, -23.357052228999976], [-53.816768293999985, -23.356861871999968], [-53.80962039299993, -23.353711465999936], [-53.807336110999984, -23.352112467999973], [-53.80642239799994, -23.350399255999946], [-53.80625107599997, -23.34971397099997], [-53.80699346799997, -23.349314221999975], [-53.809391964999975, -23.349542649999933], [-53.81207809699998, -23.350196033999964], [-53.81472195799995, -23.35062768399996], [-53.82067060999998, -23.352864377999936], [-53.82371631999996, -23.35343544799997], [-53.82619095999996, -23.35362580499998], [-53.82785658199998, -23.35372098399995], [-53.831806487999984, -23.355243838999968], [-53.83694612299996, -23.356719104999968], [-53.83884969199994, -23.357242585999927], [-53.83961111999997, -23.35757571099998], [-53.84180022399994, -23.360526241999935]], [[-53.83018845399994, -23.349485542999957], [-53.829046312999935, -23.34905723999998], [-53.82785658199998, -23.34872411599997], [-53.82628613799994, -23.348200633999966], [-53.82519158599996, -23.34777233099993], [-53.824382568999965, -23.347106081999982], [-53.82457292599997, -23.346582600999966], [-53.825762656999984, -23.346677778999947], [-53.82661926299994, -23.346915724999974], [-53.82785837799997, -23.347354578999955], [-53.82899872399997, -23.348010276999958], [-53.82999809699999, -23.348628936999944], [-53.830569167999954, -23.34929518599995], [-53.83018845399994, -23.349485542999957]], [[-53.78534989099995, -23.336598381999977], [-53.78154275299994, -23.33345749399996], [-53.777830793999954, -23.32926964199993], [-53.77699788799998, -23.32640652899994], [-53.77793786999996, -23.326104958999963], [-53.779662978999966, -23.325807526999938], [-53.78245884599994, -23.326104958999963], [-53.78465984699994, -23.326818797999977], [-53.788110065999945, -23.328543906999982], [-53.79233360899997, -23.33128028699997], [-53.795069988999956, -23.333600260999958], [-53.79703304399993, -23.33544434399994], [-53.798758153999984, -23.337109965999957], [-53.80083165899998, -23.34028371599993], [-53.80200611799995, -23.34240426699995], [-53.800007370999936, -23.341738017999944], [-53.79648576799997, -23.340310341999952], [-53.789537741999936, -23.338026058999958], [-53.78534989099995, -23.336598381999977]], [[-53.77821150799997, -23.334980348999977], [-53.77868739999997, -23.335836954999934], [-53.777259722999986, -23.335075526999958], [-53.77583204699994, -23.333647850999967], [-53.77383329999998, -23.332124995999948], [-53.771739373999935, -23.33003106999996], [-53.77107312499999, -23.32898410699994], [-53.77107312499999, -23.328317857999934], [-53.77245372099998, -23.328674140999965], [-53.774309191999976, -23.330126247999942], [-53.775927224999975, -23.332029816999977], [-53.77678383099993, -23.33326713699995], [-53.77821150799997, -23.334980348999977]], [[-53.94169753199998, -23.442887715999973], [-53.93898494599995, -23.443173250999962], [-53.93470191599994, -23.44253079699996], [-53.92963366399994, -23.440532048999955], [-53.92684969499999, -23.437676695999983], [-53.92406572599998, -23.435892099999933], [-53.921138988999985, -23.434321655999952], [-53.92078206999997, -23.43367920199995], [-53.92171005899996, -23.43303674699996], [-53.92328050399993, -23.43317951499995], [-53.92613585699996, -23.43367920199995], [-53.928063219999956, -23.433393665999972], [-53.92956228099996, -23.43317951499995], [-53.931061340999975, -23.43303674699996], [-53.93284593699997, -23.432965362999937], [-53.93448776499997, -23.432965362999937], [-53.93591544199995, -23.433250898999972], [-53.93901433999997, -23.434800347999953], [-53.940983692999964, -23.435535180999977], [-53.94648024799994, -23.437890847999938], [-53.949050065999984, -23.43903298899994], [-53.95133434899998, -23.439675442999942], [-53.952333721999935, -23.440175129999943], [-53.95211957099997, -23.440817584999934], [-53.94833622799996, -23.44110311999998], [-53.94476703599997, -23.441674190999947], [-53.94169753199998, -23.442887715999973]], [[-53.926449945999934, -23.439332800999978], [-53.92605019599995, -23.43950412199996], [-53.924736733999964, -23.439332800999978], [-53.92302352199994, -23.43859040899997], [-53.921881380999935, -23.438133552999943], [-53.92022527599994, -23.43790512399994], [-53.91902602699997, -23.437505374999944], [-53.91834074299993, -23.436934303999976], [-53.918112313999984, -23.436077697999963], [-53.918112313999984, -23.43556373499996], [-53.918569170999945, -23.435163984999974], [-53.919197347999955, -23.43527819899998], [-53.919882632999986, -23.435106877999942], [-53.92182427299997, -23.435792162999974], [-53.92353748499994, -23.436705875999962], [-53.92496516199998, -23.437562481999976], [-53.92605019599995, -23.43853330199994], [-53.926449945999934, -23.439332800999978]], [[-54.03534748299995, -23.60356738799993], [-54.03410967099995, -23.604883762999975], [-54.033263545999944, -23.604867637999973], [-54.03082442099998, -23.60003351299997], [-54.02969229599995, -23.596334387999946], [-54.029682295999976, -23.59617769999994], [-54.02935435799998, -23.59105188799998], [-54.029328420999946, -23.590646574999937], [-54.02933910799993, -23.59062426299994], [-54.02996167099997, -23.58932307499998], [-54.03165879599993, -23.589129949999972], [-54.032305357999974, -23.589562887999932], [-54.032851982999944, -23.58992882499996], [-54.03448117099998, -23.592969637999943], [-54.03578873299995, -23.599292012999967], [-54.03579929599994, -23.59934351299995], [-54.03575623299997, -23.599746762999928], [-54.03534748299995, -23.60356738799993]], [[-54.02968792099995, -23.603395512999953], [-54.02897385799997, -23.607440512999972], [-54.028604607999966, -23.60714507499995], [-54.02659485799995, -23.602766824999946], [-54.02659485799995, -23.60125401299996], [-54.02588085799994, -23.59839851299995], [-54.024215295999966, -23.595305449999955], [-54.02361492099993, -23.59250401299994], [-54.02350129599995, -23.59197401299997], [-54.023685857999965, -23.591143762999934], [-54.02397729599994, -23.589832512999976], [-54.02461179599993, -23.589722137999956], [-54.02597829599995, -23.589484512999945], [-54.02802235799999, -23.593401512999947], [-54.02968792099995, -23.599588512999958], [-54.02968792099995, -23.60297419999995], [-54.02968792099995, -23.603395512999953]], [[-54.056342625999946, -23.715656955999975], [-54.05679948299996, -23.716741989999946], [-54.056970803999945, -23.71822677399996], [-54.056685268999956, -23.71931180799993], [-54.05622841199994, -23.720054199999936], [-54.05577155599997, -23.71982577199998], [-54.05565734099997, -23.718683630999976], [-54.05548601999993, -23.717427274999977], [-54.05514337799997, -23.716113812999936], [-54.055257591999975, -23.71537142099993], [-54.05561703099994, -23.715011981999965], [-54.056342625999946, -23.715656955999975]], [[-54.05871798299995, -23.717371699999944], [-54.06057142099996, -23.716444699999954], [-54.06157354599998, -23.718323699999928], [-54.06265173299994, -23.72209813799998], [-54.06300098299994, -23.72332069999993], [-54.06283523299999, -23.724315012999966], [-54.06228704599994, -23.727603699999975], [-54.061539368999945, -23.729191329999935], [-54.06113961999995, -23.729990828999973], [-54.06068276299993, -23.730219257999977], [-54.059654835999936, -23.729020008999953], [-54.059197978999975, -23.727478117999965], [-54.05834137299996, -23.726050441999973], [-54.05805583799997, -23.724679871999967], [-54.05782740999996, -23.722452696999937], [-54.05824192099993, -23.72046519999998], [-54.05871798299995, -23.717371699999944]], [[-54.057616835999966, -23.72683547099996], [-54.05824198299996, -23.72855519999996], [-54.058348732999946, -23.728341762999946], [-54.06062148299998, -23.73236226299997], [-54.06133460799998, -23.733233887999972], [-54.06271961799996, -23.73492662299998], [-54.062287107999964, -23.736883199999966], [-54.06202048299997, -23.736749949999933], [-54.06124167099995, -23.736360574999935], [-54.060367732999964, -23.73592357499996], [-54.05584073299997, -23.729418762999956], [-54.05583042099994, -23.729265762999944], [-54.05582142099996, -23.729130449999957], [-54.05562435799993, -23.726175637999972], [-54.057290482999974, -23.725937699999974], [-54.057616835999966, -23.72683547099996]], [[-54.06542264899997, -23.71885495199996], [-54.065860501999964, -23.718149522999965], [-54.06656479099996, -23.71839809499994], [-54.067078753999965, -23.72045394999998], [-54.06696453999996, -23.723252195999976], [-54.06639346999998, -23.72428012299997], [-54.065822398999956, -23.724051694999957], [-54.06542264899997, -23.722281375999955], [-54.065194220999956, -23.720111306999968], [-54.06542264899997, -23.71885495199996]], [[-54.092491397999936, -23.776704407999944], [-54.092377183999986, -23.77710415699994], [-54.09180611299996, -23.77681862199995], [-54.09049265099998, -23.77584780199993], [-54.08866522499994, -23.773734839999975], [-54.08723754799996, -23.771507664999945], [-54.085238800999946, -23.76950891799993], [-54.083182945999965, -23.76671067199993], [-54.08181237699995, -23.765340101999982], [-54.07998495099997, -23.76259896299996], [-54.078957023999976, -23.760942857999964], [-54.078443059999984, -23.758772789999966], [-54.078557273999934, -23.75614586499995], [-54.077986203999956, -23.754603973999963], [-54.077643560999945, -23.751977048999947], [-54.07758645399997, -23.75152019199993], [-54.07799085199997, -23.751346878999982], [-54.07929966599994, -23.751977048999947], [-54.079699414999936, -23.75254811999997], [-54.07981362999993, -23.752890761999936], [-54.07935677299997, -23.75346183299996], [-54.07912834499996, -23.754147116999945], [-54.07947098699998, -23.756088757999976], [-54.08027048599996, -23.75768775499995], [-54.08118419899995, -23.75894411099995], [-54.08272608999994, -23.761456821999957], [-54.08363980299998, -23.76322714099996], [-54.084781943999985, -23.764883244999965], [-54.086209620999966, -23.766939099999945], [-54.08763729699996, -23.769737345999943], [-54.089179187999946, -23.771850306999966], [-54.09054975799995, -23.773620625999968], [-54.091749005999986, -23.77539094499997], [-54.09226296999998, -23.776304657999958], [-54.092491397999936, -23.776704407999944]], [[-54.09443303799998, -23.781158758999936], [-54.09397618099996, -23.781215865999968], [-54.09351932499993, -23.78030215299998], [-54.09283403999996, -23.77933133299996], [-54.09254850499997, -23.778817368999967], [-54.092320076999954, -23.778246297999942], [-54.092377183999986, -23.777846548999946], [-54.09283403999996, -23.777503906999982], [-54.09334800399995, -23.777561013999957], [-54.09369064599997, -23.77801786999993], [-54.09376435399997, -23.778558394999948], [-54.09431882399997, -23.779445546999966], [-54.094375930999945, -23.780359259999955], [-54.09443303799998, -23.781158758999936]], [[-54.09187945599996, -23.80249981099996], [-54.09159391999998, -23.80264257899995], [-54.09104664399996, -23.801809766999952], [-54.09030901099993, -23.80023932299997], [-54.08964276199998, -23.798597494999967], [-54.089547583999945, -23.79747914799998], [-54.08990450299996, -23.79659874799995], [-54.09011865499997, -23.796432184999958], [-54.09036234399997, -23.796269725999935], [-54.09061834099998, -23.796289417999958], [-54.09095146599998, -23.796717720999936], [-54.09149874199994, -23.79728879099997], [-54.09183186699994, -23.798002629999928], [-54.09190324999997, -23.799358922999943], [-54.09202222299996, -23.80131008099994], [-54.09192704499998, -23.802214275999972], [-54.09187945599996, -23.80249981099996]], [[-54.08800639599997, -23.806838975999938], [-54.08859579999995, -23.807520473999944], [-54.08883374599998, -23.808519846999957], [-54.08928584299997, -23.810233058999927], [-54.089404815999956, -23.81206524399994], [-54.08952378899994, -23.81320738599993], [-54.090047270999946, -23.81487300799995], [-54.090737313999966, -23.815943765999975], [-54.09085628699995, -23.816467246999935], [-54.090927670999974, -23.81699072899994], [-54.09071351999995, -23.817371441999967], [-54.09030901099993, -23.817561798999975], [-54.08978552999997, -23.817942512999934], [-54.08947619999998, -23.818299431999947], [-54.08880995099997, -23.818822913999952], [-54.088572004999946, -23.819132242999956], [-54.08838164799994, -23.819727108999928], [-54.08831026399997, -23.820107821999954], [-54.08804852399999, -23.820559919999937], [-54.087786782999956, -23.82058371499994], [-54.08771539899993, -23.820274384999948], [-54.08776298799995, -23.819750902999942], [-54.08800093399998, -23.81889429699993], [-54.088334058999976, -23.818347020999965], [-54.08873856699995, -23.81777595099993], [-54.088714772999936, -23.817490414999952], [-54.088572004999946, -23.817442825999933], [-54.088072317999945, -23.818037690999972], [-54.08790575599994, -23.818394610999974], [-54.08762022099995, -23.819037064999975], [-54.08759642599995, -23.81939398399993], [-54.087548836999986, -23.819679519999966], [-54.08745365799996, -23.819822286999965], [-54.08721571199993, -23.819750902999942], [-54.08707294399994, -23.819346394999968], [-54.08702535499998, -23.81846599399995], [-54.08712053399995, -23.816586219999976], [-54.08747745299996, -23.813921223999955], [-54.08747745299996, -23.811755913999946], [-54.08735847999998, -23.80897194499994], [-54.08750124699998, -23.807377705999954], [-54.08759642599995, -23.806878018999953], [-54.08790575599994, -23.806854224999938], [-54.08800639599997, -23.806838975999938]], [[-54.09140356399996, -23.817347647999952], [-54.09168909899995, -23.817085906999978], [-54.09202222299996, -23.817085906999978], [-54.09223637499997, -23.817300058999933], [-54.092402936999974, -23.818037690999972], [-54.09230775899994, -23.818584966999936], [-54.092069812999966, -23.81929880599995], [-54.091855660999954, -23.81958434099994], [-54.09154633099996, -23.820012643999974], [-54.09099905499994, -23.820417151999948], [-54.09054695799995, -23.820607508999956], [-54.090190037999946, -23.820512330999975], [-54.090190037999946, -23.820036438999978], [-54.09068972499995, -23.819346394999968], [-54.09097526099998, -23.818680145999963], [-54.09095146599998, -23.818132869999943], [-54.09140356399996, -23.817347647999952]], [[-54.10107298299994, -23.81849876299998], [-54.10096723299995, -23.81691176299995], [-54.10096661699998, -23.815370315999928], [-54.10105777799998, -23.814643304999947], [-54.10101658599996, -23.81408778599996], [-54.10096899699994, -23.813683277999928], [-54.10082622899995, -23.81335015299993], [-54.10075484499998, -23.81301702899998], [-54.100945201999934, -23.812898055999938], [-54.10154006699997, -23.813040822999938], [-54.102079645999936, -23.813329434999957], [-54.10263461899996, -23.81380225099997], [-54.103229484999986, -23.814563677999956], [-54.103610197999956, -23.815253721999966], [-54.10377676099995, -23.81630068499993], [-54.10339604699993, -23.817656977999945], [-54.10256323599998, -23.819227421999983], [-54.10197280799997, -23.81996097299998], [-54.10146868399994, -23.82058371499994], [-54.10113555899994, -23.82086924999993], [-54.10099279099995, -23.820797865999964], [-54.10092140799998, -23.820321973999967], [-54.10092140799998, -23.819631929999957], [-54.10107298299994, -23.81849876299998]], [[-54.09121320699995, -23.807591857999967], [-54.091522536999946, -23.80735391099995], [-54.09195083999998, -23.80754426799996], [-54.092450525999936, -23.808353284999953], [-54.09275985599999, -23.809067122999977], [-54.092902623999976, -23.809543015999964], [-54.09285503499996, -23.81006649699998], [-54.092402936999974, -23.81025685399993], [-54.09195083999998, -23.809780961999934], [-54.09159391999998, -23.80909091799998], [-54.09121320699995, -23.808567436999965], [-54.09114182299999, -23.80804395499996], [-54.091175635999946, -23.80798008499994], [-54.091165616999945, -23.807924981999975], [-54.09121320699995, -23.807591857999967]], [[-54.091308384999934, -23.82339147899995], [-54.09080869799993, -23.824486030999935], [-54.09030901099993, -23.825176073999955], [-54.090047270999946, -23.82569955599996], [-54.089833118999934, -23.825675760999957], [-54.089833118999934, -23.82529504699994], [-54.089952091999976, -23.824105316999976], [-54.09052316299994, -23.82284420299993], [-54.090927670999974, -23.82191621299995], [-54.09114182299999, -23.821583087999954], [-54.09135597399995, -23.82146411499997], [-54.09138027499995, -23.821473227999945], [-54.091570125999965, -23.82132134799997], [-54.09168909899995, -23.82146411499997], [-54.09176048299997, -23.82205898099994], [-54.09147494699994, -23.82279661299998], [-54.091308384999934, -23.82339147899995]], [[-54.08831026399997, -23.823201121999944], [-54.08819129099999, -23.823415272999966], [-54.08804852399999, -23.823367683999948], [-54.08790575599994, -23.823010764999935], [-54.08773919399994, -23.82210656999996], [-54.087786782999956, -23.821487909999973], [-54.08790575599994, -23.821535498999935], [-54.08800093399998, -23.82167826699998], [-54.08804852399999, -23.822011390999933], [-54.08823887999995, -23.822296926999968], [-54.08831026399997, -23.82274902399996], [-54.08831026399997, -23.823201121999944]], [[-54.097613956999965, -23.82422428999996], [-54.09782810799993, -23.82412911199998], [-54.09801805099994, -23.82414028499994], [-54.098446767999974, -23.824890538999966], [-54.09875609799997, -23.825723349999976], [-54.09873230299996, -23.82722241099998], [-54.09818502699994, -23.82869767699998], [-54.097328420999986, -23.82957807699995], [-54.09647181499997, -23.831315083999982], [-54.09587694999993, -23.832409635999966], [-54.09575797699995, -23.833194857999956], [-54.09563900399996, -23.833575571999972], [-54.095448646999955, -23.83355177699997], [-54.095210700999985, -23.833099679999975], [-54.09502034399998, -23.832219278999958], [-54.09523449599993, -23.829792228999963], [-54.09604351199994, -23.82691308099993], [-54.096876323999936, -23.825128484999937], [-54.097613956999965, -23.82422428999996]], [[-54.09629097599998, -23.84994745299997], [-54.094863299999986, -23.852279324999927], [-54.09400669399997, -23.854040125999973], [-54.09357839099994, -23.85475396399994], [-54.09310249899994, -23.85461119699994], [-54.093388033999986, -23.853611822999937], [-54.09438740799993, -23.85170825399996], [-54.09443499699995, -23.849423971999954], [-54.094054282999934, -23.846045136999976], [-54.094054282999934, -23.843047015999957], [-54.093816336999964, -23.840572376999944], [-54.09410187199995, -23.839858538999977], [-54.094681023999954, -23.83966548799998], [-54.095291602999964, -23.840096484999947], [-54.096338565999986, -23.841714517999947], [-54.096909635999964, -23.843808443999933], [-54.096909635999964, -23.846045136999976], [-54.09629097599998, -23.84994745299997]], [[-54.092150713999956, -23.85437325099997], [-54.091912767999986, -23.855182266999975], [-54.09162723299994, -23.85594369499995], [-54.09143687599993, -23.856181640999978], [-54.09115134099994, -23.856324408999967], [-54.09105616199997, -23.85599128399997], [-54.09148446499995, -23.85489673199993], [-54.09138928699997, -23.853516644999956], [-54.09138928699997, -23.851184772999943], [-54.09129410799994, -23.850280577999968], [-54.09186517899997, -23.84966191799998], [-54.09222569399998, -23.849254884999937], [-54.092436249999935, -23.849281203999965], [-54.09286455299997, -23.850280577999968], [-54.09310249899994, -23.85113718399998], [-54.09291214199993, -23.852041378999957], [-54.092436249999935, -23.85313593099994], [-54.092150713999956, -23.85437325099997]], [[-54.092579016999935, -23.856514765999975], [-54.093194015999984, -23.85584851699997], [-54.093673568999975, -23.85584851699997], [-54.09386392599998, -23.85637199799993], [-54.09395910499995, -23.857799674999967], [-54.09400669399997, -23.85903699399995], [-54.09348321199997, -23.86022672499996], [-54.09310249899994, -23.86174957999998], [-54.09334044499997, -23.86332002399996], [-54.09386392599998, -23.86508082499995], [-54.09429222899996, -23.86612778799997], [-54.09448258599997, -23.867555464999953], [-54.09448258599997, -23.868650016999936], [-54.09453017499993, -23.869839746999958], [-54.09457776499994, -23.870410817999982], [-54.09414946199996, -23.870505995999963], [-54.093816336999964, -23.86945903299994], [-54.09324526599994, -23.86798376799993], [-54.09267419599996, -23.86655609099995], [-54.092007946999956, -23.86522359299994], [-54.092007946999956, -23.864081451999937], [-54.092007946999956, -23.86094056299993], [-54.092293481999945, -23.858370744999945], [-54.09224589299998, -23.857085835999953], [-54.092579016999935, -23.856514765999975]], [[-54.096909635999964, -23.856324408999967], [-54.09709999299997, -23.854040125999973], [-54.09786142099995, -23.851755843999968], [-54.09857525899997, -23.850851647999946], [-54.09940382099995, -23.850089370999967], [-54.099812578999945, -23.849995041999932], [-54.10014570299995, -23.85032816699993], [-54.10047882799995, -23.851898610999967], [-54.10019329199997, -23.854420839999932], [-54.09919391899996, -23.85608646299994], [-54.098480080999934, -23.856895478999945], [-54.09771865299996, -23.85775208499996], [-54.09719517199994, -23.858465923999972], [-54.09695722599997, -23.858370744999945], [-54.096909635999964, -23.856324408999967]], [[-54.10095471999995, -23.87954794799998], [-54.10062159499995, -23.879738304999933], [-54.10005052499997, -23.879024466999965], [-54.09924150799998, -23.87831062799995], [-54.098384901999964, -23.877406432999976], [-54.09752829599995, -23.875740810999957], [-54.096909635999964, -23.874503490999928], [-54.096624100999975, -23.873123402999965], [-54.096862046999945, -23.872076440999933], [-54.09709999299997, -23.871648137999955], [-54.09751536199997, -23.871575899999982], [-54.098051777999956, -23.87245715399996], [-54.098480080999934, -23.873694473999933], [-54.09909873999993, -23.87526491799997], [-54.099860167999964, -23.876645005999933], [-54.10024088199998, -23.877216075999968], [-54.10057400599993, -23.878263038999933], [-54.100907130999985, -23.879072055999927], [-54.10095471999995, -23.87954794799998]], [[-54.09244585299996, -23.877419045999943], [-54.09333838699996, -23.88063170199996], [-54.09402224499996, -23.882326684999953], [-54.096431449999955, -23.887769701999957], [-54.09776989699998, -23.89020864899993], [-54.10011961399994, -23.892171704999953], [-54.10089888799996, -23.893325742999934], [-54.10237415399996, -23.89575279299993], [-54.103375711999945, -23.89670092999995], [-54.105990933999976, -23.90048792099998], [-54.10863213599998, -23.90312912199994], [-54.11207106299997, -23.906098119999967], [-54.118915055999935, -23.914228673999958], [-54.12081862499997, -23.917940632999944], [-54.12224630099996, -23.920891163999954], [-54.12424504899997, -23.92317544699995], [-54.12605754599997, -23.924147449999964], [-54.131764145999966, -23.929647580999983], [-54.135285747999944, -23.933835431999967], [-54.13604717499993, -23.93631007199997], [-54.13699895999997, -23.94059310199998], [-54.13861699299997, -23.94420988199994], [-54.142614487999936, -23.94658934299997], [-54.143851806999976, -23.94849291199995], [-54.14537466199994, -23.950967550999962], [-54.14661198199997, -23.95439397499996], [-54.14775412299997, -23.956963792999943], [-54.15041911999998, -23.96200825099993], [-54.156320182999934, -23.973334484999953], [-54.16117428399997, -23.978569298999957], [-54.164981420999936, -23.98266197199996], [-54.16861208199998, -23.988253704999977], [-54.17221101699994, -23.992596221999975], [-54.17396586899997, -23.993607492999956], [-54.17914119699998, -23.995719263999945], [-54.18288884799995, -23.997355143999982], [-54.18654726899996, -23.998425900999962], [-54.18714078499994, -23.99894132199995], [-54.18791942499996, -23.99971953499994], [-54.19079381399996, -24.004783027999963], [-54.190812849999986, -24.005049527999972], [-54.190489242999945, -24.005030491999946], [-54.18968974399996, -24.00434520699997], [-54.18325568199998, -23.99971953499994], [-54.17899168799994, -23.997359109999934], [-54.176878725999984, -23.995988539999928], [-54.17467443199996, -23.994907446999946], [-54.17455986199997, -23.99487479399994], [-54.174333855999976, -23.994740411999942], [-54.17279906099998, -23.993827830999976], [-54.168991922999965, -23.991162833999965], [-54.16052104199997, -23.98411011199994], [-54.14835723799996, -23.97828519199993], [-54.128369764999945, -23.97103259399995], [-54.120146347999935, -23.96537899499998], [-54.11603463899996, -23.962637855999958], [-54.11329349999994, -23.960639108999942], [-54.11186582399995, -23.95852614699993], [-54.11015261199998, -23.954699973999936], [-54.108953362999955, -23.951559085999975], [-54.10552693899996, -23.941279813999927], [-54.10546983199998, -23.93962370899993], [-54.10615511699996, -23.938767102999975], [-54.10718304399995, -23.936539927999945], [-54.10701172299997, -23.93345614599997], [-54.10524140399997, -23.93031525799995], [-54.10118680299996, -23.924661657999934], [-54.09552717299994, -23.91829765999995], [-54.09371469499996, -23.914559424999936], [-54.091302492999944, -23.91094112099995], [-54.08949334099998, -23.905965953999953], [-54.08873952799996, -23.902347649999967], [-54.08783495199998, -23.89978468499993], [-54.08406588599996, -23.891341976999968], [-54.08406588599996, -23.88576375899993], [-54.084970461999944, -23.87958248999996], [-54.086327325999946, -23.877924100999962], [-54.088295624999944, -23.877637023999966], [-54.08991767499998, -23.87727032999993], [-54.09179317099995, -23.87703394999994], [-54.09211510799997, -23.87707994999994], [-54.09244585299996, -23.877419045999943]], [[-54.10312015299996, -23.93851975299998], [-54.102733489999935, -23.93854949599995], [-54.10231708499998, -23.937181305999957], [-54.10160324599997, -23.93480184499998], [-54.101246326999956, -23.93382031699997], [-54.101038123999956, -23.93197623499998], [-54.10127606999998, -23.93138136999994], [-54.10151401699994, -23.931262396999955], [-54.10198990899994, -23.931500342999982], [-54.102393210999935, -23.93207648799995], [-54.102911949999964, -23.93257109999996], [-54.10341758499993, -23.93426646599994], [-54.10359604499996, -23.935575169999936], [-54.103358098999934, -23.93753822499997], [-54.10312015299996, -23.93851975299998]], [[-54.15832324899998, -23.98731016399995], [-54.158513605999985, -23.98773846699993], [-54.15794253499996, -23.987690877999967], [-54.15537271699998, -23.986251012999958], [-54.15484942099994, -23.986251012999958], [-54.15056642099995, -23.98506151299995], [-54.14747335799996, -23.98387151299994], [-54.14461785799995, -23.983396012999947], [-54.14057279599996, -23.982920012999955], [-54.13676579599996, -23.981730012999947], [-54.136096219999956, -23.981407687999933], [-54.129293824999934, -23.97860133699993], [-54.12867516499995, -23.977839908999954], [-54.12762820199998, -23.97669776799995], [-54.12648606099998, -23.975936340999965], [-54.125772221999966, -23.97507973499995], [-54.125772221999966, -23.97484178899998], [-54.12648606099998, -23.974936966999962], [-54.12719989899995, -23.974889377999943], [-54.128300732999946, -23.974927512999955], [-54.12915182199998, -23.97475028399998], [-54.13438587099995, -23.976507410999943], [-54.146854246999965, -23.981837403999975], [-54.14909093999995, -23.98245606399996], [-54.15622920699997, -23.98596183999996], [-54.157561821999934, -23.986691503999964], [-54.15832324899998, -23.98731016399995]], [[-54.140620299999966, -23.983794906999947], [-54.140263379999965, -23.98394362399995], [-54.13946031199998, -23.98394362399995], [-54.13827058199996, -23.983824650999964], [-54.13776494599995, -23.98352721799995], [-54.137170080999965, -23.983140554999977], [-54.13684290499998, -23.982813379999982], [-54.13678341899998, -23.982634919999953], [-54.13684290499998, -23.98248620399994], [-54.13714033799994, -23.98245645999998], [-54.137616229999935, -23.982724149999967], [-54.137721770999974, -23.982796708999956], [-54.138776216999986, -23.983229784999935], [-54.13999569099997, -23.983467730999962], [-54.14053106999995, -23.983556960999977], [-54.140620299999966, -23.983794906999947]], [[-54.151536076999946, -23.98659077399998], [-54.15141710399996, -23.98676923299996], [-54.15070326599994, -23.98656103099995], [-54.14894841299997, -23.986531286999934], [-54.147461249999935, -23.986233854999966], [-54.146806897999966, -23.98590667899998], [-54.14647972199998, -23.985490272999982], [-54.14668792499998, -23.985222583999928], [-54.14713407399995, -23.98513335399997], [-54.147639708999975, -23.985044123999955], [-54.14865097999996, -23.985401042999968], [-54.14912687299994, -23.98554975999997], [-54.149900196999965, -23.985876935999954], [-54.15045719899996, -23.986178017999976], [-54.150524805999964, -23.98620411199994], [-54.151298130999976, -23.98638257099998], [-54.151536076999946, -23.98659077399998]], [[-54.165103287999955, -23.990804441999956], [-54.16497003799998, -23.990918656999952], [-54.16468450299993, -23.990785406999976], [-54.16424668199994, -23.99048083599996], [-54.16378982499998, -23.990176264999945], [-54.163428146999934, -23.989738443999954], [-54.16306646899994, -23.989471943999945], [-54.162761897999985, -23.98914833799995], [-54.16260961299997, -23.988938944999973], [-54.16270479099995, -23.988824730999966], [-54.16293321899997, -23.98872955199994], [-54.16318068299995, -23.98878665999996], [-54.16333296899995, -23.988824730999966], [-54.16354236099994, -23.988957980999942], [-54.16356658799998, -23.988971824999965], [-54.16380886099995, -23.989110265999955], [-54.164037288999964, -23.989281586999937], [-54.164208609999946, -23.989452908999965], [-54.16434185999998, -23.989567122999972], [-54.16440100999995, -23.989719926999953], [-54.164570287999936, -23.98987169399993], [-54.16504618099998, -23.990537942999936], [-54.165103287999955, -23.990804441999956]], [[-54.18303518499994, -24.00366388799995], [-54.182761546999984, -24.00374716899995], [-54.18239272999995, -24.00346163399996], [-54.180917464999936, -24.002164827999934], [-54.180132242999946, -24.001236837999954], [-54.17933512299999, -24.000320744999954], [-54.178835435999986, -23.99996382599994], [-54.17878784699997, -23.99973777699995], [-54.178942511999935, -23.999535522999963], [-54.17933512299999, -23.999559317999967], [-54.17956117199998, -23.999618803999965], [-54.18029880499995, -24.00001141499996], [-54.18054132699996, -24.000241810999967], [-54.18104833499996, -24.00055869099998], [-54.18213098999996, -24.00199826499994], [-54.18252360099996, -24.00270020599993], [-54.182999492999954, -24.003211789999966], [-54.18311846599994, -24.00346163399996], [-54.18303518499994, -24.00366388799995]], [[-54.192950319999966, -23.99787005899998], [-54.191665410999974, -23.99501470599995], [-54.19095157199996, -23.993230109999956], [-54.190880188999984, -23.991588281999952], [-54.19052326899998, -23.989589534999936], [-54.19095157199996, -23.988019090999956], [-54.19159402699995, -23.987947706999933], [-54.193159170999934, -23.988968452999927], [-54.194587388999935, -23.98985984199993], [-54.196110243999954, -23.991430285999968], [-54.19763309899997, -23.993809746999943], [-54.19868006199994, -23.996427153999946], [-54.19976226499995, -24.000347456999975], [-54.20008870299995, -24.002224472999956], [-54.20044562199996, -24.00372353299997], [-54.20137361199994, -24.00622196699993], [-54.20165914699999, -24.007721027999935], [-54.201159459999985, -24.007792411999958], [-54.19994593499996, -24.007007188999978], [-54.198446874999945, -24.00529397799994], [-54.196876429999975, -24.00343799799998], [-54.19473491499997, -24.001367866999942], [-54.193735541999956, -23.99979742299996], [-54.192950319999966, -23.99787005899998]], [[-54.19044712699997, -24.007325084999934], [-54.191684445999954, -24.008181690999947], [-54.19225551699998, -24.00922865399997], [-54.19330247999994, -24.011417757999936], [-54.194063906999986, -24.014177932999928], [-54.19415908599996, -24.01493936099996], [-54.193921139999986, -24.01498694999998], [-54.19325489099998, -24.014082754999947], [-54.19054230499995, -24.009799724999937], [-54.18930498499998, -24.008276869999975], [-54.188162843999976, -24.007039549999945], [-54.18792489799995, -24.00642088999996], [-54.18849596899997, -24.00627812299996], [-54.18897186099997, -24.006563657999948], [-54.189461294999944, -24.00669133599996], [-54.19044712699997, -24.007325084999934]], [[-54.19949383699998, -24.014043731999948], [-54.20000780099997, -24.013358446999973], [-54.20143547799995, -24.013701088999937], [-54.203548438999974, -24.015300086999957], [-54.20543297199998, -24.01678487099997], [-54.20644357499998, -24.017859637999948], [-54.20983021599994, -24.02072525799997], [-54.21200028399994, -24.024265895999974], [-54.21405613899998, -24.026949927999965], [-54.21525538699996, -24.02894867499998], [-54.21576935099995, -24.030433458999937], [-54.215883564999956, -24.031518492999965], [-54.21514117299995, -24.03100452999996], [-54.21405613899998, -24.029633959999956], [-54.212400033999984, -24.028491818999953], [-54.21022996499994, -24.02672149999995], [-54.20349133199994, -24.02135343599997], [-54.200750192999976, -24.017470154999955], [-54.19949383699998, -24.015699835999953], [-54.19949383699998, -24.014043731999948]], [[-54.21451299499995, -24.02512250199993], [-54.21439878099994, -24.02449432399993], [-54.21531820499996, -24.02449432399993], [-54.21793941899995, -24.026036214999976], [-54.219367095999985, -24.027121248999947], [-54.221080307999955, -24.028777353999942], [-54.22210823499995, -24.029633959999956], [-54.22227955599993, -24.030547672999944], [-54.221994020999944, -24.031347171999982], [-54.22176559199994, -24.03226088499997], [-54.221994020999944, -24.033117490999928], [-54.22165137799993, -24.03351723999998], [-54.22096609399995, -24.033060383999953], [-54.22050923699993, -24.031975349999982], [-54.22022370199994, -24.031404278999958], [-54.21970973799995, -24.031404278999958], [-54.21959552399994, -24.032375098999978], [-54.21925288199998, -24.03283195599994], [-54.21879602499996, -24.033117490999928], [-54.21782520499994, -24.032375098999978], [-54.21725413399997, -24.03100452999996], [-54.21639752799996, -24.02940553199994], [-54.21542670799994, -24.02717835599998], [-54.21451299499995, -24.02512250199993]], [[-54.21700666999993, -24.021963529999937], [-54.217263651999986, -24.021920698999963], [-54.217392142999984, -24.022092019999945], [-54.217440617999955, -24.022188969999945], [-54.217848999999944, -24.022577429999956], [-54.21854856099998, -24.023077116999957], [-54.21873415899995, -24.023405482999976], [-54.21879126599998, -24.023705294999957], [-54.21854856099998, -24.023848062999946], [-54.21827730299998, -24.02364818799998], [-54.21794893699996, -24.023419759999967], [-54.21746352699995, -24.023234161999937], [-54.217063776999964, -24.023048563999964], [-54.21670685799995, -24.022862965999934], [-54.21633566199995, -24.022691644999952], [-54.21617861799996, -24.02253459999997], [-54.21620717199994, -24.022306171999958], [-54.21654981399996, -24.022120573999928], [-54.21700666999993, -24.021963529999937]], [[-54.21507930699994, -24.02029314799995], [-54.21538714999997, -24.019985304999977], [-54.21559327099993, -24.01993622899994], [-54.21597874299994, -24.020221763999928], [-54.21640704599997, -24.02075000399998], [-54.216778241999975, -24.02110692399998], [-54.216935286999956, -24.021378181999978], [-54.216792518999966, -24.021506672999976], [-54.21619289499995, -24.02139245899997], [-54.21567893099996, -24.021135476999973], [-54.21493653899995, -24.021035539999957], [-54.21467955799994, -24.020892771999968], [-54.21456534299995, -24.020678620999945], [-54.21476521799997, -24.020493022999972], [-54.21507930699994, -24.02029314799995]], [[-54.18842664699997, -23.989832774999968], [-54.18835526299995, -23.990165899999965], [-54.188093521999974, -23.990118310999947], [-54.187950754999974, -23.98964241799996], [-54.18635651599993, -23.98535938899994], [-54.18585682899993, -23.98409827399996], [-54.185737855999946, -23.98240885699994], [-54.18535714199999, -23.98143327799994], [-54.18561888299996, -23.981171536999966], [-54.18590441799995, -23.981314304999955], [-54.18623754299995, -23.98148086699996], [-54.186427899999956, -23.981671223999967], [-54.18695138099997, -23.98305131099994], [-54.18704126399996, -23.983369984999968], [-54.18752245199994, -23.984502782999982], [-54.188331468999934, -23.986430145999975], [-54.18849803099994, -23.98821474199997], [-54.18842664699997, -23.989832774999968]], [[-54.18043755699995, -23.98675011699993], [-54.179852721999964, -23.987075110999967], [-54.178728459999945, -23.985686762999933], [-54.174674048999975, -23.983738753999944], [-54.16872548599997, -23.98064581699998], [-54.16389404299997, -23.977223528999957], [-54.16249906099995, -23.975274551999973], [-54.16134898599995, -23.97231775399996], [-54.16102526999998, -23.97005370399995], [-54.15801786099996, -23.963513816999978], [-54.15541618799995, -23.959611502999962], [-54.15527887099995, -23.957311689999983], [-54.154243805999954, -23.955420018999973], [-54.15203090699998, -23.95281450899995], [-54.15003215999997, -23.949887771999954], [-54.14754823599998, -23.947095316999935], [-54.14300474799995, -23.943314702999942], [-54.14152930999995, -23.942375640999956], [-54.14038718499995, -23.94164870299994], [-54.14029136099998, -23.939732878999962], [-54.14017167399999, -23.937339316999953], [-54.14017167399999, -23.931909753999946], [-54.14397873599995, -23.933294253999975], [-54.14448473599998, -23.93347206699997], [-54.15278273599995, -23.936387753999952], [-54.158017798999936, -23.94067075399994], [-54.16206286099998, -23.944953753999982], [-54.16515636099996, -23.948522753999953], [-54.167535860999976, -23.95161625399993], [-54.16943948599993, -23.956613253999933], [-54.17229448599994, -23.96494125399994], [-54.175387985999976, -23.969224253999982], [-54.17729154899996, -23.972555753999927], [-54.17800554899998, -23.977790253999956], [-54.17948023599996, -23.98305700399993], [-54.17967104899998, -23.983738753999944], [-54.18043755699995, -23.98675011699993]], [[-54.15462318699997, -23.932975171999942], [-54.150221183999975, -23.931250062999936], [-54.14451047799997, -23.929405980999945], [-54.14034642099995, -23.927502411999967], [-54.13755055399997, -23.925360896999962], [-54.13600390499994, -23.924111679999953], [-54.13457622799996, -23.92256502999993], [-54.13362444399996, -23.920958893999966], [-54.13386238999993, -23.920542487999967], [-54.13546852099995, -23.92012607199996], [-54.13671774299996, -23.919808820999947], [-54.13746132499995, -23.919868307999934], [-54.13882951499994, -23.91995753799995], [-54.139573095999936, -23.920254969999974], [-54.14004898899998, -23.92061188899993], [-54.140792569999974, -23.92073086199997], [-54.14111974599996, -23.92082009199993], [-54.141803840999955, -23.921325727999943], [-54.14338023399995, -23.92192059299998], [-54.143856125999946, -23.921950335999952], [-54.14492688399997, -23.92257494499995], [-54.14596789799998, -23.92319955299996], [-54.14686019599998, -23.92364570199993], [-54.14769300699999, -23.924181080999972], [-54.14859069099998, -23.924241734999953], [-54.15009067099999, -23.92509888799998], [-54.15176566399998, -23.925872005999963], [-54.152215172999945, -23.926554592999935], [-54.15307177899996, -23.927018587999953], [-54.15321454599996, -23.927661042999944], [-54.154285303999984, -23.928803183999946], [-54.157104964999974, -23.929909632999966], [-54.159603398999934, -23.93137300199993], [-54.16327966599994, -23.934763733999944], [-54.16527841399994, -23.937190783999938], [-54.16624209499997, -23.939831985999945], [-54.166955933999986, -23.941259661999936], [-54.16820515099994, -23.943115641999952], [-54.16892797099996, -23.94462695699997], [-54.16925687199995, -23.94635963999997], [-54.16848354799998, -23.945824261999974], [-54.16776970899997, -23.945050936999962], [-54.16646100599996, -23.944158638999966], [-54.16533076199994, -23.943147367999927], [-54.16312975999995, -23.939816122999957], [-54.160274406999974, -23.93707974199998], [-54.15569394499994, -23.93315363199997], [-54.15462318699997, -23.932975171999942]], [[-54.14145240899995, -23.920052881999936], [-54.139959758999964, -23.919689847999962], [-54.13868079799994, -23.919362671999977], [-54.13796695999997, -23.919213955999965], [-54.13671774299996, -23.919362671999977], [-54.135825444999966, -23.919451901999935], [-54.134843917999945, -23.919570874999977], [-54.13454648499999, -23.919422158999964], [-54.134322175999955, -23.91905874699995], [-54.13291993699994, -23.91878996899993], [-54.13255368599994, -23.918698405999976], [-54.130769090999934, -23.917687134999937], [-54.126842979999935, -23.91370153799994], [-54.125117870999986, -23.911678995999978], [-54.12464197899993, -23.910132346999944], [-54.12422557299993, -23.908883129999936], [-54.12422557299993, -23.908288263999964], [-54.12493941099996, -23.908466723999936], [-54.12629548299998, -23.909061588999975], [-54.12878779299996, -23.91090011899996], [-54.130334441999935, -23.911851903999946], [-54.13195247599998, -23.912875071999963], [-54.13340394699998, -23.91375547299998], [-54.13537889999998, -23.915206943999976], [-54.13754420899994, -23.916563236999934], [-54.13913844799998, -23.918133680999972], [-54.14025679499997, -23.918942697999967], [-54.14133700299993, -23.919590822999965], [-54.14145240899995, -23.920052881999936]], [[-54.153314483999964, -23.961397833999968], [-54.15310033199995, -23.96149301199995], [-54.15293376999995, -23.961278860999982], [-54.15245787799995, -23.96056502299996], [-54.15152988799997, -23.95889939999995], [-54.15067328199996, -23.957162392999976], [-54.15026877399998, -23.95663891199996], [-54.15000703299995, -23.955782305999946], [-54.15000703299995, -23.95530641399995], [-54.15014979999995, -23.955187440999964], [-54.150459129999945, -23.95511605699994], [-54.15079225499994, -23.95525882499993], [-54.151553681999985, -23.95590127899993], [-54.15167798099998, -23.95616068399994], [-54.15205336899999, -23.956543732999933], [-54.15267202899997, -23.957804847999967], [-54.15310033199995, -23.95939908699995], [-54.15333827799998, -23.96037466599995], [-54.15345725099996, -23.960826762999943], [-54.15333827799998, -23.96120747699996], [-54.153314483999964, -23.961397833999968]], [[-54.16024585399998, -23.97273675899993], [-54.16007453199995, -23.97277958899997], [-54.15993176499995, -23.97257971399995], [-54.15977471999997, -23.972065750999946], [-54.15956056899995, -23.97150895699997], [-54.15921792599994, -23.97088077899997], [-54.15890383799996, -23.97006700399993], [-54.158675408999954, -23.96946737899998], [-54.15856119499995, -23.969024799999943], [-54.15857547199994, -23.96871071099997], [-54.15874679299998, -23.968539389999933], [-54.15891811399996, -23.968453728999975], [-54.15914654299996, -23.968553665999934], [-54.15954629199996, -23.96899624599996], [-54.15968905999995, -23.969181843999934], [-54.15969873499995, -23.96932697999995], [-54.159988871999985, -23.969852851999974], [-54.160103085999936, -23.970923609999943], [-54.16011736299998, -23.971566063999944], [-54.16020302299995, -23.97215141099997], [-54.16026012999998, -23.972565437999947], [-54.16024585399998, -23.97273675899993]], [[-54.170858403999944, -23.986429311999927], [-54.17561746599995, -23.987381311999968], [-54.17607327899998, -23.98766349999994], [-54.18061446599995, -23.990474249999977], [-54.18418346599998, -23.993091749999962], [-54.18489746599994, -23.994519749999938], [-54.184897528999954, -23.99502949999993], [-54.184897528999954, -23.99602324999995], [-54.18180396599996, -23.994757811999932], [-54.17514140399993, -23.99237831199997], [-54.17467402899996, -23.99202087499998], [-54.173637403999976, -23.991228061999948], [-54.17109640399997, -23.989284811999937], [-54.170868215999974, -23.986547249999944], [-54.170858403999944, -23.986429311999927]], [[-54.115956548999975, -23.897676264999973], [-54.11601603599996, -23.89752754799997], [-54.116819103999944, -23.897646521999945], [-54.11732473899997, -23.897884467999972], [-54.118119924999974, -23.89853607799995], [-54.11834671799994, -23.898996865999948], [-54.11880357399997, -23.899396614999944], [-54.11958403799997, -23.900196113999982], [-54.120558769999946, -23.90152939099994], [-54.12107238999994, -23.90231621399994], [-54.12190520199994, -23.903624916999945], [-54.12267852699995, -23.90457670199993], [-54.12360056799997, -23.90535002699994], [-54.12360056799997, -23.90552848599998], [-54.12321390499994, -23.905379769999968], [-54.12276775599997, -23.905052593999983], [-54.11827652399995, -23.901989037999954], [-54.11684884699997, -23.900561360999973], [-54.115986292999935, -23.898687535999954], [-54.115956548999975, -23.897676264999973]], [[-54.25732187799997, -24.04582381299997], [-54.25443083299996, -24.04593088799993], [-54.25271762099993, -24.045573968999975], [-54.25228931799995, -24.045252741999946], [-54.252789004999954, -24.044895822999933], [-54.25500190399998, -24.04450321199994], [-54.25750033799994, -24.044467519999955], [-54.25790774799998, -24.044415287999982], [-54.25978461999995, -24.044396135999932], [-54.26156921599994, -24.04486013099995], [-54.260712609999985, -24.04528843399993], [-54.25732187799997, -24.04582381299997]]], [[[-51.06419319799994, -19.330942542999935], [-51.06357376799997, -19.331124727999963], [-51.06310008699995, -19.331015416999946], [-51.062626405999936, -19.330760357999964], [-51.06204341399996, -19.33054173599993], [-51.06124179899996, -19.33017736499994], [-51.060257999999976, -19.330031616999975], [-51.05927420099994, -19.33006805399998], [-51.05814465299994, -19.330395987999964], [-51.05701510599994, -19.331124727999963], [-51.05606774299997, -19.331744156999946], [-51.05508394399993, -19.33269151999997], [-51.05428232899993, -19.33331094899995], [-51.053896850999934, -19.333657879999976], [-51.05318921899993, -19.334294747999934], [-51.05235116799997, -19.33513279999994], [-51.05158598999998, -19.336007287999962], [-51.05078437599997, -19.336881775999927], [-51.04994632499995, -19.338157071999944], [-51.049181146999956, -19.339140870999927], [-51.048306658999934, -19.340197544999967], [-51.047577918999934, -19.341072032999932], [-51.047104236999985, -19.34161858799996], [-51.04626618599997, -19.342565950999926], [-51.04553744599997, -19.343367564999937], [-51.044845141999986, -19.344424238999977], [-51.04437146099997, -19.345735970999954], [-51.044152838999935, -19.346829081999942], [-51.043861342999946, -19.347995065999953], [-51.04371559499998, -19.349233924999965], [-51.043424098999935, -19.351055775999953], [-51.04302329199999, -19.352549692999958], [-51.042695357999946, -19.35378855199997], [-51.042586046999986, -19.354444417999957], [-51.042258113999935, -19.35612052099998], [-51.04167512199996, -19.357432252999956], [-51.04123787799995, -19.358233867999957], [-51.04047269999995, -19.35921766699994], [-51.03972387199997, -19.35994309399996], [-51.03930671599994, -19.360347214999933], [-51.038469333999956, -19.36098756599995], [-51.03806785699993, -19.361294576999967], [-51.03708405799995, -19.361877568999944], [-51.03588163599994, -19.362387686999966], [-51.03467921499998, -19.362970679999933], [-51.03325817099994, -19.363918041999966], [-51.03198287599997, -19.36497471599995], [-51.03088976499998, -19.365922077999983], [-51.029905965999944, -19.366978750999976], [-51.029561730999944, -19.36750416299998], [-51.02921366299995, -19.36803542499996], [-51.02888572899997, -19.368800601999965], [-51.02841204799995, -19.37091394899994], [-51.02761043399994, -19.37371959899997], [-51.02699100499996, -19.37488558399997], [-51.02633513799998, -19.37623375299995], [-51.02516915399997, -19.377836981999963], [-51.02396673199996, -19.379002966999963], [-51.023055806999935, -19.37958595899994], [-51.02225419299998, -19.380241824999928], [-51.02163476299995, -19.380897690999973], [-51.021051770999975, -19.381517120999945], [-51.02050521599995, -19.38228229799995], [-51.02017728299995, -19.383229659999927], [-51.02014084599995, -19.383921963999967], [-51.02014084599995, -19.38497863699996], [-51.02028659399997, -19.38570737799995], [-51.02046877899994, -19.386618302999977], [-51.02130682999996, -19.388221531999932], [-51.02199913299995, -19.389351078999937], [-51.023019369999986, -19.390954307999948], [-51.02429466499996, -19.392156728999964], [-51.02473190999996, -19.39273972199993], [-51.025278464999985, -19.393395587999976], [-51.025752145999945, -19.39419720199993], [-51.02608007899994, -19.39496237999998], [-51.02640801199993, -19.39634698599997], [-51.026480885999945, -19.39722147499998], [-51.02633513799998, -19.39795021499998], [-51.025752145999945, -19.39871539199993], [-51.02534603699996, -19.398956048999935], [-51.02476834699996, -19.399298383999962], [-51.02360236199996, -19.399917813999934], [-51.022290629999986, -19.400355057999946], [-51.02010440899994, -19.400865175999968], [-51.01893842399994, -19.401083797999945], [-51.01784531399994, -19.401156671999956], [-51.01613277399997, -19.40112023499995], [-51.01460241899997, -19.40093804999998], [-51.01321781299998, -19.400719427999945], [-51.011213776999966, -19.400500805999968], [-51.00979273299998, -19.40039149499995], [-51.008699622999984, -19.40031862099994], [-51.00742432699997, -19.400355057999946], [-51.006258342999956, -19.400500805999968], [-51.00534741699994, -19.400828738999962], [-51.00450936599998, -19.40141173099994], [-51.004181432999985, -19.401994723999962], [-51.00396281099995, -19.403342892999945], [-51.00403568499996, -19.40527405499995], [-51.00440005499996, -19.406840846999955], [-51.004655113999945, -19.40840763799997], [-51.004910172999985, -19.410921791999954], [-51.00476442499996, -19.412962264999976], [-51.00440005499996, -19.413508820999937], [-51.003744188999974, -19.41409181299997], [-51.003372860999946, -19.414355334999982], [-51.00261464099998, -19.41489342699998], [-51.00144865699997, -19.415330670999936], [-51.000683478999974, -19.41518492299997], [-51.000027612999986, -19.41463836799994], [-50.99944462099995, -19.413144449999947], [-50.99711265199994, -19.41015661499995], [-50.995545859999936, -19.408917756999926], [-50.993833319999965, -19.408006830999966], [-50.991938594999965, -19.40760602399996], [-50.99044467799996, -19.407496712999944], [-50.98862282699997, -19.407933956999955], [-50.98800339799993, -19.408444074999977], [-50.987804634999975, -19.408974108999928], [-50.987347530999955, -19.410193051999954], [-50.98694672399995, -19.412160650999965], [-50.98669166499997, -19.415804352999942], [-50.98691545999998, -19.416833810999947], [-50.986575552999966, -19.42004787099995], [-50.98657467199996, -19.423130741999955], [-50.98607589799997, -19.42919565799997], [-50.985302194999974, -19.431382844999973], [-50.982721279999964, -19.432974439999953], [-50.98263468199997, -19.433027842999934], [-50.98091021499994, -19.433475661999978], [-50.98088628299996, -19.43347952299996], [-50.97290245499994, -19.434767311999963], [-50.968292840999936, -19.435185384999954], [-50.960371334999934, -19.43908252899996], [-50.95622211099993, -19.441499930999953], [-50.95377541999994, -19.44207358799997], [-50.95213153699996, -19.442633454999964], [-50.95112898499997, -19.443675285999973], [-50.950628524999956, -19.445088079999948], [-50.950366317999965, -19.445987269999932], [-50.94996792099994, -19.447353491999934], [-50.94719301699996, -19.45108776099994], [-50.94672184199993, -19.452902605999952], [-50.94522416099994, -19.45353162699996], [-50.942136682999944, -19.453097060999937], [-50.94088553499995, -19.453733803999967], [-50.94013707999994, -19.455092772999933], [-50.93783117299995, -19.457469498999956], [-50.93590835499998, -19.460644014999957], [-50.93563390699995, -19.461815145999935], [-50.93535945899998, -19.46298627699997], [-50.93499777799997, -19.46747748499996], [-50.93920286799994, -19.467862475999937], [-50.94944058799996, -19.471051453999962], [-50.95692183999995, -19.47602277699997], [-50.962378488999946, -19.481895700999928], [-50.963271978999956, -19.48363779699997], [-50.963863413999945, -19.486353901999962], [-50.963000456999964, -19.49973758599998], [-50.96294621699997, -19.500578795999957], [-50.961732074999986, -19.502620535999938], [-50.96557604299994, -19.500687122999977], [-50.96696641799997, -19.489409559999956], [-50.96280235499995, -19.478702059999932], [-50.952689729999975, -19.466209497999955], [-50.94733572999996, -19.463830559999963], [-50.94866172999997, -19.45972349799996], [-50.94922334499995, -19.457540995999977], [-50.94993713699995, -19.454328762999978], [-50.951721701999986, -19.451116498999966], [-50.95600472299998, -19.448974919999955], [-50.960287870999935, -19.447547218999944], [-50.967783159999954, -19.44504875599995], [-50.97313699499995, -19.44112266899998], [-50.97956152499995, -19.437553392999973], [-50.984915359999945, -19.43362724399998], [-50.99026919999994, -19.431485787999975], [-50.99348145899995, -19.427202766999983], [-50.99205374799993, -19.42149200199998], [-50.98848452699997, -19.41685205899995], [-50.98919839699994, -19.413282857999945], [-50.99169691299994, -19.41363979099998], [-50.993481429999974, -19.41578129399994], [-50.99705070899995, -19.418993607999937], [-51.00097680199997, -19.421491981999964], [-51.00775827499996, -19.418993583999963], [-51.00918595999997, -19.41471050499996], [-51.007758251999974, -19.41007043099995], [-51.00704442299997, -19.405430542999966], [-51.00918593399996, -19.40435978499994], [-51.011684385999956, -19.404359778999947], [-51.01668129199993, -19.40435976799995], [-51.02560434299994, -19.40328899399998], [-51.02976355199996, -19.401469290999955], [-51.03131505899995, -19.40079053599993], [-51.03141374699993, -19.40078159799998], [-51.035241144999986, -19.40043358799994], [-51.038453481999966, -19.40257514999996], [-51.041308810999965, -19.40221820499994], [-51.04059498899994, -19.400076699999943], [-51.03916728699994, -19.397935133999965], [-51.03524113599997, -19.396864389999962], [-51.03095810699995, -19.39579364599996], [-51.02945059399997, -19.39428608199995], [-51.02838627199998, -19.39322176899998], [-51.028102769999975, -19.392938268999956], [-51.02631025599993, -19.39174326899996], [-51.02499380799998, -19.39086576899996], [-51.02489043199995, -19.390796831999978], [-51.02274890899997, -19.386870699999974], [-51.024890409999955, -19.38187380399995], [-51.02881661599997, -19.37973222599993], [-51.03095805099997, -19.37366463999996], [-51.03167191699998, -19.368310683999937], [-51.037739569999985, -19.36509853499996], [-51.04200108499998, -19.360837011999934], [-51.04237958699997, -19.360458509999944], [-51.04313571199998, -19.358568127999945], [-51.04452102399995, -19.355104738999955], [-51.045948702999965, -19.348323151999978], [-51.05094552999998, -19.342255558999966], [-51.05415784799993, -19.33654484599998], [-51.05844086399998, -19.332618698999966], [-51.06236701299997, -19.332618690999936], [-51.06665009999995, -19.331904803999976], [-51.06914848499997, -19.33012016699996], [-51.069862358999956, -19.327978720999965], [-51.07271774599997, -19.32583720799994], [-51.07461497199995, -19.323465639999938], [-51.074861014999954, -19.32246893699994], [-51.074811842999964, -19.322115760999964], [-51.07478935299997, -19.32194618799997], [-51.074431998999955, -19.322197658999983], [-51.073338888999956, -19.322999272999937], [-51.07250083699995, -19.32365513999997], [-51.07122554199998, -19.32431100599996], [-51.069731623999985, -19.32565917499994], [-51.069002883999985, -19.32635147899998], [-51.068310580999935, -19.326970907999964], [-51.067764024999974, -19.327663210999958], [-51.06726270199994, -19.32837197899994], [-51.06670735199998, -19.329157128999952], [-51.065942174999975, -19.330031616999975], [-51.065249870999935, -19.330578172999935], [-51.06419319799994, -19.330942542999935]]]]}}, {"type": "Feature", "properties": {"OBJECTID": 0, "TIPO": null, "NOME": "RIO PARAGUAI", "MI_CARTA": null, "Shape_Leng": 3.19713692833, "Shape_Area": 0.00368507913195}, "geometry": {"type": "Polygon", "coordinates": [[[-57.824219504999974, -20.932944624999948], [-57.820531339999945, -20.934610247999956], [-57.81862777099997, -20.93758457399997], [-57.818032905999985, -20.941391711999927], [-57.817200094999976, -20.94710241799993], [-57.81779495999996, -20.950433662999956], [-57.82076928599997, -20.953764908999972], [-57.82267285499995, -20.95733409999997], [-57.82231593599994, -20.96328275299993], [-57.821483124999986, -20.96958832499996], [-57.81874674399995, -20.97470416599998], [-57.816248309999935, -20.977083626999956], [-57.81565344499995, -20.978987195999935], [-57.81648625599996, -20.981842548999964], [-57.81898468999998, -20.983865090999927], [-57.82160209799997, -20.985292766999976], [-57.82802664199994, -20.994096772999967], [-57.834213240999986, -21.001830020999932], [-57.83873421699997, -21.00635099699997], [-57.84158956999994, -21.01372732599998], [-57.84503978899994, -21.021698520999962], [-57.84944179099995, -21.02645744299997], [-57.85443865899998, -21.031454310999948], [-57.864432395999984, -21.040377288999935], [-57.866930829999944, -21.043232642999953], [-57.86800158699998, -21.04656388799998], [-57.866835650999974, -21.056034142999977], [-57.865170028999955, -21.065789932999962], [-57.86243364799998, -21.068883231999962], [-57.86017316099998, -21.07138166599998], [-57.85684191499996, -21.075426749999963], [-57.85232093899998, -21.08208924099995], [-57.84982250499996, -21.087680973999966], [-57.845896393999965, -21.09279681499993], [-57.84518255599994, -21.093629626999927], [-57.844230771999946, -21.095890114999975], [-57.84542050199997, -21.099578278999957], [-57.84756201699997, -21.10421822799998], [-57.849346612999966, -21.106240769999943], [-57.851250181999944, -21.11016688099994], [-57.85362964299998, -21.117424236999966], [-57.854343480999944, -21.12027958999994], [-57.85493834599998, -21.121707266999977], [-57.85850753799997, -21.12491953899996], [-57.860886998999945, -21.128369756999973], [-57.862076728999966, -21.13086819199998], [-57.86326645999998, -21.13705478999998], [-57.86267159499994, -21.14359830799998], [-57.85993521399996, -21.148714148999943], [-57.856722941999976, -21.15240231399997], [-57.85612807699994, -21.155971504999968], [-57.85624704999998, -21.160135561999937], [-57.854700399999956, -21.166679079999938], [-57.851250181999944, -21.175364111999954], [-57.847324070999946, -21.184406063999973], [-57.84565844799994, -21.189283958999965], [-57.84601536799994, -21.195827476999966], [-57.84839482899997, -21.20534532099998], [-57.84910866699994, -21.22021695199993], [-57.85077428999995, -21.228069173999927], [-57.85374861599996, -21.232947068999977], [-57.859459321999964, -21.23580242199995], [-57.86445618999994, -21.237468044999957], [-57.86850127399998, -21.241394154999966], [-57.877662198999985, -21.25198275699995], [-57.88313495899996, -21.258407300999977], [-57.889559503999976, -21.26209546599995], [-57.89622199499996, -21.265188764999948], [-57.903360377999945, -21.267211306999968], [-57.90823827299994, -21.26923384899993], [-57.91216438299995, -21.272803040999975], [-57.918113035999966, -21.277918881999938], [-57.92025455099997, -21.281250126999964], [-57.920016604999944, -21.28422445299998], [-57.91478179099994, -21.290292078999983], [-57.90300345899993, -21.300166841999953], [-57.89277177599996, -21.30492576399996], [-57.87742425299996, -21.307900089999976], [-57.87171354599997, -21.30885187499996], [-57.864813108999954, -21.30992263199994], [-57.85719883399997, -21.31277798499997], [-57.85184504699998, -21.31622820399997], [-57.851369154999986, -21.319202529999927], [-57.850417369999946, -21.32384247899995], [-57.85147293299997, -21.32862408799997], [-57.85320133999994, -21.336453621999965], [-57.85591392499998, -21.342307096999946], [-57.857056066999974, -21.34730396499998], [-57.86033972299998, -21.353014670999983], [-57.86505105599997, -21.35772600399997], [-57.87390265099998, -21.365149921999944], [-57.87732907399993, -21.369290183999965], [-57.88132656899995, -21.374429819999932], [-57.88446745699997, -21.378141778999975], [-57.88746557799993, -21.38199650599995], [-57.888322183999946, -21.38342418299993], [-57.891320304999965, -21.38927765699998], [-57.89617440599994, -21.39555943399995], [-57.89902975899997, -21.397843715999954], [-57.904454929999986, -21.40169844299993], [-57.90688197999998, -21.405267634999973], [-57.90830965699996, -21.409550664999927], [-57.90816688899997, -21.416117976999942], [-57.90830965699996, -21.42082930999993], [-57.909166262999975, -21.42382743099995], [-57.91130777799998, -21.425540642999977], [-57.91287822199996, -21.42782492499998], [-57.913877594999974, -21.430823045999944], [-57.915590806999944, -21.436105448999967], [-57.91601910999998, -21.439674640999954], [-57.916875715999936, -21.439960175999943], [-57.918017857999985, -21.440531246999967], [-57.92044490799998, -21.44310106499995], [-57.92458516999994, -21.448383467999975], [-57.92529900799997, -21.451096053999947], [-57.925727310999946, -21.45352310399994], [-57.923871331999976, -21.457520597999974], [-57.92301472599996, -21.460375951999936], [-57.924442401999954, -21.46722879899994], [-57.92629838199997, -21.474081646999934], [-57.928725431999965, -21.478079141999956], [-57.93229462399995, -21.487216271999955], [-57.937291491999986, -21.494497421999938], [-57.941860056999985, -21.49977982599995], [-57.951139954999974, -21.506347137999967], [-57.95585128799996, -21.509916329999953], [-57.960134316999984, -21.51348552099995], [-57.96384627699996, -21.517197479999936], [-57.96513118499996, -21.521908812999982], [-57.96684439699993, -21.530046569999968], [-57.96413181199995, -21.54675038599993], [-57.96199029699994, -21.55074788099995], [-57.961847528999954, -21.55374600099998], [-57.96041985299996, -21.55945670799997], [-57.95742173199994, -21.563168666999957], [-57.954138075999936, -21.56602401999993], [-57.94685692499996, -21.56887937299996], [-57.93829086499994, -21.571163655999953], [-57.93357953299994, -21.572020261999967], [-57.91901723099994, -21.578016503999947], [-57.91216438299995, -21.58529765399993], [-57.910879474999945, -21.591722198999946], [-57.91187884799996, -21.59714736999996], [-57.91644741299996, -21.599859955999932], [-57.92372856399999, -21.603714682999964], [-57.928725431999965, -21.608711550999942], [-57.93258015899994, -21.613851186999966], [-57.937291491999986, -21.618990821999944], [-57.94000407699997, -21.62398768999998], [-57.94100345099997, -21.627271346999976], [-57.94171728899994, -21.631982678999975], [-57.93857640099998, -21.637122314999942], [-57.935007208999934, -21.643832394999947], [-57.93215185599996, -21.651541848999955], [-57.925727310999946, -21.658822999999927], [-57.91730401899997, -21.665390311999943], [-57.90959456599995, -21.669673341999953], [-57.89917252599997, -21.674384673999953], [-57.889749860999984, -21.678096633999928], [-57.88560959899996, -21.681237521999947], [-57.88189763899999, -21.685520551999957], [-57.882611477999944, -21.690517419999935], [-57.88646620499998, -21.695085984999935], [-57.88946432499995, -21.697655802999975], [-57.89189137599993, -21.70122499499996], [-57.895888869999965, -21.70622186299994], [-57.90788135399998, -21.714074083999947], [-57.90830965699996, -21.71464515499997], [-57.91787508999994, -21.72078416399995], [-57.934578905999956, -21.732491111999934], [-57.94414433899993, -21.74362698999994], [-57.945143712999936, -21.749052160999952], [-57.94414433899993, -21.753049654999927], [-57.93843363299993, -21.75818929099995], [-57.927297754999984, -21.764613835999967], [-57.916732948999936, -21.76761195699993], [-57.91202161599995, -21.76761195699993], [-57.90830965699996, -21.769325168999956], [-57.906596444999934, -21.77189498699994], [-57.90731028299996, -21.776749086999928], [-57.91030840399998, -21.78031827799998], [-57.91173607999997, -21.787456660999965], [-57.91360744199994, -21.794281626999975], [-57.91416313099995, -21.796308255999975], [-57.919873836999955, -21.80458878099995], [-57.924299634999954, -21.81372591099995], [-57.92943926999993, -21.824719020999964], [-57.93514997699998, -21.832142938999937], [-57.943858803999944, -21.837996412999928], [-57.956707893999976, -21.843136048999952], [-57.96227583199993, -21.845134795999968], [-57.96441734699994, -21.848989522999943], [-57.96413181199995, -21.85070273499997], [-57.96041985299996, -21.85213041199995], [-57.952424863999966, -21.854271926999957], [-57.92929650299993, -21.866407177999974], [-57.915590806999944, -21.874116630999936], [-57.91216438299995, -21.878685195999935], [-57.91202161599995, -21.885680811999976], [-57.91644741299996, -21.893390264999937], [-57.921301513999936, -21.89424687099995], [-57.928868199999954, -21.891677053999956], [-57.93386506799993, -21.88996384199993], [-57.93557827999996, -21.890534911999964], [-57.939575773999934, -21.89410410399995], [-57.94157452199994, -21.89724499199997], [-57.94528648099998, -21.900956950999955], [-57.94728522799994, -21.90309846599996], [-57.948284601999944, -21.907095960999982], [-57.94742799599999, -21.909523010999976], [-57.945143712999936, -21.911236222999946], [-57.937577026999975, -21.914805414999933], [-57.93572104699996, -21.91651862599997], [-57.93357953299994, -21.923228705999975], [-57.93514997699998, -21.93122369499997], [-57.94157452199994, -21.94221680499993], [-57.946428621999985, -21.95392375299997], [-57.952995933999944, -21.967772216999947], [-57.955422984999984, -21.96919989299994], [-57.961133690999986, -21.978337022999938], [-57.96341797399998, -21.983191123999973], [-57.96356074099998, -21.98818799199995], [-57.96213306499993, -21.998467262999952], [-57.96498841799996, -22.007033322999973], [-57.970270820999986, -22.014457240999945], [-57.976552597999955, -22.018454735999967], [-57.983976516999974, -22.021738391999975], [-57.98911615199995, -22.025022047999983], [-57.99753944399998, -22.029305077999936], [-57.99996649499997, -22.032445966999944], [-58.00082310099998, -22.036443460999976], [-58.000252029999956, -22.041440328999954], [-57.99539792899998, -22.04914978299996], [-57.99325641499996, -22.05386111599995], [-57.989829990999965, -22.056573700999934], [-57.985546960999955, -22.059429053999963], [-57.98411928399997, -22.059714589999942], [-57.98269160799998, -22.060713962999955], [-57.981121162999955, -22.068137881999974], [-57.98197776899997, -22.074276890999954], [-57.988402313999984, -22.08512723299998], [-57.99197150599997, -22.08983856599997], [-57.992195985999956, -22.09037731799998], [-57.99330002199997, -22.089802962999954], [-57.99507215299997, -22.088708693999934], [-57.99104872699996, -22.084128626999927], [-57.99043805599996, -22.083527510999943], [-57.98700905499999, -22.080508795999947], [-57.985553436999965, -22.07831913399997], [-57.983270768999944, -22.070697757999937], [-57.98430804299994, -22.063688094999975], [-57.98768492499994, -22.059137671999963], [-57.99415173099993, -22.05568571999993], [-58.00128683599996, -22.053809502999968], [-58.007112689999985, -22.05005331899997], [-58.009592504999944, -22.045275063999952], [-58.00935800999997, -22.039229917999933], [-58.00838356899993, -22.034145932999934], [-58.006582744999946, -22.03176959299998], [-58.006161056999986, -22.031213139999977], [-58.00305981599996, -22.029241154999966], [-57.99944592999998, -22.02739565899998], [-57.99454639399994, -22.025094123999963], [-57.98990772199994, -22.023025565999944], [-57.98359556899993, -22.020268061999957], [-57.97494608699998, -22.015409045999945], [-57.96897522499995, -22.01003952399998], [-57.96473676599999, -22.00108718399997], [-57.964531259999944, -21.996345823999945], [-57.96486417699998, -21.989661378999983], [-57.96501962099995, -21.98361330299997], [-57.96276309399997, -21.978427893999935], [-57.95934892099996, -21.97302088799995], [-57.95488493099998, -21.965849827999932], [-57.95197232299995, -21.95984090199994], [-57.949031325999954, -21.953128677999928], [-57.94531205499993, -21.944405092999943], [-57.940441427999986, -21.935697992999962], [-57.93699533199998, -21.927920579999977], [-57.93674357699996, -21.91974743999998], [-57.93819751399997, -21.91521759799997], [-57.94263207999995, -21.913135715999942], [-57.947586616999956, -21.910706365999943], [-57.949695231999954, -21.90722782299997], [-57.949765946999946, -21.903439505999927], [-57.94798502699996, -21.90039032699997], [-57.942688576999956, -21.89679212699997], [-57.93904410999994, -21.892571258999965], [-57.93592566899997, -21.889295687999947], [-57.93322684299994, -21.888266218999945], [-57.92993405399994, -21.889970817999938], [-57.92586305699996, -21.89097503399995], [-57.921511590999955, -21.890917832999946], [-57.916891343999964, -21.889321020999944], [-57.91413455199995, -21.885091044999967], [-57.91380240099994, -21.879762231999962], [-57.91617298799997, -21.876291913999978], [-57.92004478299998, -21.873749139999973], [-57.926534757999946, -21.870698723999965], [-57.93285566299994, -21.866700244999947], [-57.94070399699996, -21.86303008699997], [-57.947550613999965, -21.859617585999956], [-57.955023187999984, -21.85548880099998], [-57.95983800999994, -21.853169478999973], [-57.96530844299997, -21.85189879199993], [-57.96963691099995, -21.85113928399994], [-57.971636031999935, -21.848380282999983], [-57.971978397999976, -21.845886592999932], [-57.969781601999955, -21.844253961999982], [-57.96567658899994, -21.843118468999933], [-57.95962622999997, -21.84197595699993], [-57.955519134999975, -21.840847287999964], [-57.949734674999945, -21.838792746999957], [-57.94265551899997, -21.83545269399997], [-57.93578844599995, -21.82973868199997], [-57.93110930499995, -21.824589014999958], [-57.92792100299994, -21.81668708899997], [-57.924992936999956, -21.80925693699993], [-57.92013626099998, -21.801021050999964], [-57.91567711799996, -21.79361678999993], [-57.91466527599994, -21.791606419999937], [-57.91404327299995, -21.79037059799998], [-57.91297118799997, -21.785463810999943], [-57.911760792999985, -21.780647236999982], [-57.910013006999975, -21.77699531899998], [-57.908493100999976, -21.773968612999965], [-57.90901225699997, -21.77112350599998], [-57.91001520899994, -21.770374109999977], [-57.91101816199995, -21.769624712999928], [-57.917120058999956, -21.76911870899994], [-57.92672140299993, -21.76677386199998], [-57.93276999699998, -21.76300926199997], [-57.94027483899998, -21.758350726999936], [-57.94117371799996, -21.757296270999973], [-57.94562228199993, -21.752077763999978], [-57.947424497999975, -21.745954654999935], [-57.94575795399999, -21.740408266999964], [-57.94089327699999, -21.732907306999948], [-57.93125305799998, -21.726435932999948], [-57.919850707999956, -21.71964725299995], [-57.90796795299997, -21.712673584999948], [-57.90427261499997, -21.710108479999974], [-57.90353695599998, -21.70956498499993], [-57.90104190799997, -21.707721679999963], [-57.89854686099994, -21.70587837399995], [-57.89687639799996, -21.704342852999957], [-57.89268746899995, -21.700492310999948], [-57.89117760299996, -21.697992602999932], [-57.89070982499999, -21.697549674999948], [-57.88893809899997, -21.69587207099994], [-57.88889731799998, -21.695833455999946], [-57.888882035999984, -21.69581898599995], [-57.888857178999956, -21.69579656899998], [-57.88720400599993, -21.69430568699994], [-57.886587987999974, -21.69375014299993], [-57.88656378999997, -21.693722874999935], [-57.88542048199997, -21.692434485999968], [-57.88428500799995, -21.691154924999978], [-57.88323351099996, -21.689067385999977], [-57.88342065099994, -21.68725917499995], [-57.883527439999966, -21.686227336999934], [-57.88518082199994, -21.683576226999946], [-57.88719226999996, -21.682076329999973], [-57.88999491799996, -21.680567004999943], [-57.893028733999984, -21.67936897499993], [-57.89719398099999, -21.678045975999964], [-57.903579185999945, -21.674707214999955], [-57.911417993999976, -21.67007955799994], [-57.92030628099997, -21.66626141699993], [-57.92566956699994, -21.662084281999967], [-57.93003767699997, -21.65733162999993], [-57.93344862499998, -21.651609227999927], [-57.93672550799994, -21.64462775499993], [-57.93922092799994, -21.63817978999998], [-57.94324280099994, -21.62856594999994], [-57.94221576199993, -21.620899607999945], [-57.938051781999945, -21.615175849999957], [-57.935300979999965, -21.612900673999945], [-57.93207845699993, -21.609973671999967], [-57.928507889999935, -21.605923791999942], [-57.92358019499994, -21.601790629999982], [-57.91856005699998, -21.59891902299995], [-57.914559519999955, -21.595614205999937], [-57.91402601899995, -21.590476663999937], [-57.91553666799996, -21.586357022999948], [-57.91896404999994, -21.58220121499994], [-57.92343818899997, -21.579300762999935], [-57.93028830399999, -21.57657581099994], [-57.93622864099996, -21.573550078999972], [-57.94099581199998, -21.571984192999935], [-57.95080270899996, -21.56993336599993], [-57.956763843999966, -21.56691222099994], [-57.96161620199996, -21.56244349399998], [-57.964164009999934, -21.55730563299994], [-57.965805219999936, -21.551649778999945], [-57.96852649099998, -21.535337238999944], [-57.96840153399995, -21.52777039399996], [-57.96768274599998, -21.52147790899994], [-57.96464246099998, -21.515324931999942], [-57.96048756399995, -21.509920831999978], [-57.954890605999935, -21.505801318999943], [-57.946640882999986, -21.498980565999943], [-57.94629076799998, -21.498458237999955], [-57.93973191499998, -21.491401639999935], [-57.934417682999936, -21.484120837999967], [-57.932313130999944, -21.480254197999955], [-57.92957939399997, -21.47481238399996], [-57.92666435999996, -21.468861102999938], [-57.925093894999975, -21.461947761999966], [-57.925570998999945, -21.457002106999937], [-57.927327881999986, -21.45309440799997], [-57.92725697399993, -21.44983143199994], [-57.92468943999995, -21.44503059999994], [-57.91971355399994, -21.43795018999998], [-57.915892044999964, -21.431183620999946], [-57.91507639499997, -21.428884840999956], [-57.91298753399997, -21.425342585999942], [-57.91008618899997, -21.42097373699994], [-57.90964205999995, -21.414463722999983], [-57.909645926999985, -21.40752854699997], [-57.90937464799998, -21.40666738999994], [-57.90809645899998, -21.402609862999952], [-57.905624554999974, -21.398834484999952], [-57.90192414899997, -21.392202146999978], [-57.896742797999934, -21.383547946999954], [-57.892451274999985, -21.37794873699994], [-57.88800838699996, -21.374606464999943], [-57.88572942999997, -21.372616792999963], [-57.884157897999955, -21.371058136999977], [-57.88034564599997, -21.368104924999955], [-57.87461764899996, -21.363249277999955], [-57.866731664999975, -21.356946728999958], [-57.86112441199998, -21.35061690899994], [-57.857157453999946, -21.341851107999958], [-57.855984037999974, -21.338549197999953], [-57.85369568799996, -21.332109943999967], [-57.85269060099995, -21.325815099999943], [-57.85287527199995, -21.320154462999938], [-57.85473578199998, -21.316871827999933], [-57.86126634699997, -21.315626384999973], [-57.869118611999966, -21.31352061299998], [-57.875850327999956, -21.311115773999973], [-57.88517560599996, -21.30878241099998], [-57.894962556999985, -21.307172521999973], [-57.90567349099996, -21.30062070799994], [-57.91457865999996, -21.292285773999936], [-57.92042833299996, -21.284639682999966], [-57.921685974999946, -21.28005186599995], [-57.920969774999946, -21.277645321999955], [-57.91207973799993, -21.27104275399995], [-57.90646414599996, -21.26555097399995], [-57.90560287699998, -21.265018776999966], [-57.89814785699997, -21.260412147999943], [-57.88664276199995, -21.253757465999968], [-57.87719393799995, -21.247773266999957], [-57.86774951599995, -21.23869764099993], [-57.86296958199995, -21.236031140999955], [-57.857174972999985, -21.233168904999957], [-57.853021370999954, -21.227131577999955], [-57.85141134199995, -21.21800895399997], [-57.85000874899998, -21.207727630999955], [-57.849125449999974, -21.201750110999967], [-57.84828208799996, -21.19501209599997], [-57.84895829399994, -21.187857337999958], [-57.85175755599994, -21.179517104999945], [-57.85598561699999, -21.16894984499993], [-57.86010047599996, -21.15827692199997], [-57.86240896999993, -21.147417290999954], [-57.864989063999985, -21.136336063999977], [-57.86307848299998, -21.129847388999963], [-57.85915212799995, -21.123596819999932], [-57.854495456999985, -21.113991149999947], [-57.85031632999994, -21.106176965999964], [-57.847425088999955, -21.10131292799997], [-57.84589092799996, -21.09692819099996], [-57.85106242699993, -21.08918747499996], [-57.85455608899997, -21.082203467999932], [-57.85685232499998, -21.077970267999945], [-57.85927752499998, -21.074572890999946], [-57.861370679999936, -21.071601102999978], [-57.86325260099994, -21.069579037999972], [-57.865794026999936, -21.066710099999966], [-57.86771095199998, -21.06026583499994], [-57.86814929499997, -21.05206479499998], [-57.868612946999974, -21.04617406899996], [-57.86819549799998, -21.041875388999927], [-57.86635982499996, -21.039272567999944], [-57.86214372799998, -21.03543767399998], [-57.85768729999995, -21.031294782999964], [-57.852639400999976, -21.025373805999948], [-57.849645589999966, -21.021324077999964], [-57.84620498899994, -21.01727396499996], [-57.844819865999966, -21.015086949999954], [-57.84275124699997, -21.01038785299994], [-57.84053962799993, -21.005586489999928], [-57.83721444899999, -21.001639377999936], [-57.83331974099997, -20.997279038999977], [-57.829645349999964, -20.992705340999976], [-57.82783006699998, -20.990277095999943], [-57.82700142999994, -20.989168655999947], [-57.823685814999976, -20.98585060599993], [-57.82049590199995, -20.983372161999966], [-57.81752948299999, -20.980582469999945], [-57.81745584599997, -20.97998511199995], [-57.81727055099998, -20.978481977999934], [-57.81903344799997, -20.976143354999977], [-57.822233506999964, -20.972102280999934], [-57.82431253899995, -20.96829199399997], [-57.82526907999994, -20.96524100599993], [-57.82476168799997, -20.961570096999935], [-57.82425506799996, -20.958004535999976], [-57.82298052099998, -20.95560500299996], [-57.82090145999996, -20.952166125999952], [-57.81881782099998, -20.94841222799994], [-57.81876911599994, -20.94525962299997], [-57.81917035599997, -20.942100466999932], [-57.81978125599994, -20.937995559999933], [-57.82165563199993, -20.935554142999933], [-57.82489327999997, -20.933932942999945], [-57.82871856899993, -20.933878939999943], [-57.83070314199995, -20.934465973999977], [-57.832110488999945, -20.93488226599993], [-57.829811237999934, -20.93330154399996], [-57.827074857999946, -20.932587705999936], [-57.824219504999974, -20.932944624999948]]]}}, {"type": "Feature", "properties": {"OBJECTID": 1276, "TIPO": "RIO", "NOME": "RIO PARAGUAI", "MI_CARTA": "SE21", "Shape_Leng": 3.82483048521, "Shape_Area": 0.00384621675209}, "geometry": {"type": "Polygon", "coordinates": [[[-57.85663778199995, -19.973334252999962], [-57.85753967399995, -19.97468706099994], [-57.86039523699998, -19.983729185999948], [-57.856409293999945, -19.980830023999943], [-57.855692173999955, -19.98090131099997], [-57.856112173999975, -19.984680622999974], [-57.862298736999946, -19.989915622999945], [-57.86513311199997, -19.993434372999957], [-57.87050759999994, -19.999835968999946], [-57.87276808799999, -20.001442104999967], [-57.87855139199996, -20.01228443699995], [-57.881823150999935, -20.014366465999956], [-57.88762308699995, -20.020761266999955], [-57.892084576999935, -20.026115053999945], [-57.89624863399996, -20.032807287999958], [-57.898628094999935, -20.036376479999944], [-57.898628094999935, -20.038458507999962], [-57.898479377999934, -20.03979695499993], [-57.90100755599997, -20.042919997999945], [-57.905617760999974, -20.044555876999937], [-57.908889519999946, -20.043366146999972], [-57.91840736399996, -20.036376479999944], [-57.92034067599997, -20.032063706999963], [-57.92881750599997, -20.02685863599993], [-57.935361023999974, -20.02418174199994], [-57.94145839299995, -20.022545862999948], [-57.94681217999994, -20.020909982999967], [-57.955883874999984, -20.02269457899996], [-57.96361712299995, -20.028791947999935], [-57.96763246399996, -20.03667391299996], [-57.96956577599997, -20.045745607999947], [-57.973729832999936, -20.057048046999967], [-57.97670415899995, -20.05927879199993], [-57.980989044999944, -20.06118350299994], [-57.98923283099998, -20.06000919199994], [-57.99858011499998, -20.05789851399993], [-58.00345267899996, -20.059072825999976], [-58.00812632199995, -20.06088197799994], [-58.01234767599993, -20.065254094999943], [-58.016719792999936, -20.069173922999937], [-58.02244877299995, -20.07399832799996], [-58.032449750999945, -20.076307879999945], [-58.037525037999956, -20.081084172999965], [-58.037977325999975, -20.083194849999927], [-58.03993724099996, -20.09088374499993], [-58.04400783199998, -20.10324628199993], [-58.05169672699998, -20.109427550999953], [-58.05817952099994, -20.110482888999968], [-58.06707451699998, -20.107618398999932], [-58.07129587199995, -20.106864585999972], [-58.076572563999946, -20.107316873999935], [-58.083809170999984, -20.109126025999956], [-58.09471257599995, -20.118391455999927], [-58.10214839099996, -20.12523240699994], [-58.107353461999935, -20.133114370999976], [-58.11092265399998, -20.142186065999965], [-58.113302114999954, -20.145903973999964], [-58.118209752999974, -20.14932444899995], [-58.12966090899994, -20.15274492499998], [-58.135609561999956, -20.15363722199993], [-58.14126078199996, -20.153934654999944], [-58.14780429899997, -20.154083370999956], [-58.156429844999934, -20.15750384699993], [-58.16386566099993, -20.16568324399998], [-58.16609640599995, -20.169698583999946], [-58.16698870399995, -20.17222676199998], [-58.16535282399997, -20.176093385999934], [-58.16163491599997, -20.178918995999936], [-58.157173426999975, -20.180852307999942], [-58.14378895899995, -20.178472846999966], [-58.13516341299999, -20.178770278999934], [-58.12728144799996, -20.182488186999933], [-58.12133279599993, -20.187990690999982], [-58.119399483999985, -20.194980356999963], [-58.12267124199997, -20.202713605999975], [-58.12549685199997, -20.206877661999954], [-58.13263523499995, -20.209851988999958], [-58.14289666099995, -20.212826314999973], [-58.151076057999944, -20.21535449199996], [-58.157619575999945, -20.22174929399995], [-58.16193234899998, -20.228441527999962], [-58.16341951199996, -20.23052355599998], [-58.16431180999996, -20.231564569999932], [-58.164757958999985, -20.234538896999936], [-58.16460924299997, -20.24019011699994], [-58.163568228999964, -20.243164442999955], [-58.159255454999936, -20.261307832999933], [-58.155537547999984, -20.265769321999983], [-58.15092734199993, -20.26829749999996], [-58.14646585299994, -20.270082094999964], [-58.141558213999986, -20.270528243999934], [-58.137691589999974, -20.26770263399993], [-58.13635314299995, -20.26279499599997], [-58.13293266799997, -20.25654891099998], [-58.12802502999995, -20.25208742199993], [-58.12058921399995, -20.24762593199995], [-58.11166623499997, -20.24732849999998], [-58.101553525999975, -20.24926181199993], [-58.096645887999955, -20.251789988999974], [-58.090697234999936, -20.25922580499997], [-58.08846649099996, -20.266959052999937], [-58.08846649099996, -20.27796405999993], [-58.09025108599997, -20.288969066999982], [-58.09411770999998, -20.308004754999956], [-58.09575358999996, -20.311871378999967], [-58.099322780999955, -20.316779017999977], [-58.100958660999936, -20.321984088999955], [-58.09917406499994, -20.329419903999963], [-58.09530744099993, -20.33789673399997], [-58.092333114999974, -20.35142991899994], [-58.08504601499993, -20.36645026599996], [-58.07719140399996, -20.378613126999937], [-58.06945815599994, -20.38694124099993], [-58.06452316399998, -20.390096159999928], [-58.05797964599998, -20.392029471999933], [-58.048610518999965, -20.39470636599998], [-58.04385159699996, -20.39634224499997], [-58.03626706499995, -20.397085826999955], [-58.028087666999966, -20.397978124999952], [-58.024369759999956, -20.39887042199996], [-58.02080056799997, -20.400952450999966], [-58.01975955399996, -20.403034478999928], [-58.01901597199998, -20.40645495399997], [-58.01574421399994, -20.41091644399995], [-58.001616163999984, -20.427275237999936], [-57.99507264599998, -20.44006484099998], [-57.99507264599998, -20.448392954999974], [-57.996708524999974, -20.453895457999977], [-58.00042643299997, -20.46103384099996], [-58.009795560999976, -20.476351620999935], [-58.01217502199995, -20.482300273999954], [-58.01455448299998, -20.48928994099998], [-58.016190361999975, -20.49984879899995], [-58.01871853999995, -20.511597387999927], [-58.017380092999986, -20.52052036599997], [-58.009795560999976, -20.536730443999943], [-58.00607765299998, -20.54490984199998], [-58.00280589399995, -20.551155926999968], [-57.997303390999946, -20.556509713999958], [-57.99598108299995, -20.55647986899993], [-57.994626496999956, -20.560673770999927], [-57.99432906399994, -20.564837827999952], [-57.99477521299997, -20.56840701899995], [-57.99700595799993, -20.57822229599998], [-58.00176487999994, -20.584468380999965], [-58.006969950999974, -20.592052912999975], [-58.01068785899997, -20.607816841999977], [-58.011282723999955, -20.611832181999944], [-58.01039042599996, -20.615550089999942], [-58.00607765299998, -20.619714146999968], [-57.99626237699994, -20.629231990999926], [-57.98942142599998, -20.633098614999938], [-57.976185673999964, -20.637262671999963], [-57.97112931999993, -20.63979084899995], [-57.96919600799998, -20.643360040999937], [-57.969790872999965, -20.649903558999938], [-57.976334390999966, -20.66908796299998], [-57.983918922999976, -20.682621146999963], [-57.986595815999976, -20.688123650999955], [-57.987636829999985, -20.694518451999954], [-57.98733939799996, -20.699723522999932], [-57.983175340999935, -20.703887579999957], [-57.97930871699998, -20.705523459999938], [-57.97559080899998, -20.705374742999936], [-57.96741141199993, -20.703738863999945], [-57.96294992199995, -20.703143998999963], [-57.955662822999955, -20.70240041699998], [-57.95164748299993, -20.699277373999962], [-57.94956545399998, -20.693626153999958], [-57.94584754599998, -20.68187756599997], [-57.940047609999965, -20.66908796299998], [-57.93380152499998, -20.663139309999963], [-57.930827198999964, -20.662098295999954], [-57.923837531999936, -20.662098295999954], [-57.91744273099994, -20.66507262199997], [-57.91500653999998, -20.66771762999997], [-57.91223765999996, -20.670723841999973], [-57.90718130499994, -20.678903239999954], [-57.90153008499993, -20.688272366999968], [-57.89955257599996, -20.690616080999973], [-57.89751474499997, -20.693031288999975], [-57.89022764499998, -20.69808764399994], [-57.881750815999965, -20.705969607999975], [-57.872530403999974, -20.718759210999963], [-57.86732533299994, -20.725600161999978], [-57.86568945399995, -20.732887260999973], [-57.86360742499994, -20.74032307699997], [-57.86316127699996, -20.745974296999975], [-57.86464843999994, -20.74835375799995], [-57.86687918399997, -20.74984092099993], [-57.87059709199997, -20.751179367999953], [-57.87624831199997, -20.75222038199996], [-57.88769946799994, -20.750138352999954], [-57.89796089399994, -20.749692203999928], [-57.901232652999965, -20.750287069999956], [-57.90420697899998, -20.74939477199996], [-57.910304347999954, -20.74716402699994], [-57.917294013999935, -20.744784565999964], [-57.92725800699998, -20.74552814799995], [-57.93380152499998, -20.747610175999966], [-57.941088623999974, -20.753558828999928], [-57.94629369499995, -20.761143360999938], [-57.949268021999956, -20.76917404099993], [-57.95001160299995, -20.773486814999956], [-57.951350049999974, -20.78017904899997], [-57.95506795799997, -20.787466147999965], [-57.95923201499994, -20.790737906999937], [-57.96042174499996, -20.79326608399998], [-57.95982687999998, -20.796537842999953], [-57.95596025599997, -20.798025005999932], [-57.94778085899998, -20.799512168999968], [-57.93231436199994, -20.797132707999936], [-57.92205293599994, -20.79326608399998], [-57.910304347999954, -20.786276416999954], [-57.90480184399996, -20.78597898499993], [-57.89379683699997, -20.787912296999934], [-57.88353541099997, -20.796537842999953], [-57.87223297199995, -20.805609537999942], [-57.861227963999966, -20.818101707999972], [-57.856320325999945, -20.829255431999968], [-57.85275113499995, -20.83892199199994], [-57.853643432999945, -20.845168076999983], [-57.85721262399994, -20.853198757999962], [-57.86137668099997, -20.854983353999955], [-57.86732533299994, -20.854834637999943], [-57.87134067399995, -20.85468592099994], [-57.877438042999984, -20.858106396999972], [-57.885914871999944, -20.86450119799997], [-57.88844304999998, -20.868516537999938], [-57.896325013999956, -20.873424176999947], [-57.901083935999964, -20.87862924799998], [-57.90792488699998, -20.882942020999963], [-57.914170971999965, -20.884726616999956], [-57.920565772999964, -20.88918810599995], [-57.92621699299997, -20.893947027999957], [-57.92785287299995, -20.897516218999954], [-57.92681185799995, -20.901382843999954], [-57.92413496499995, -20.903167438999958], [-57.92011962399994, -20.903911020999942], [-57.911940226999945, -20.90331615599996], [-57.90197623399996, -20.900936694999928], [-57.89796089399994, -20.900490545999958], [-57.89082251099995, -20.90272128999993], [-57.88784818399995, -20.90435716999997], [-57.882196964999935, -20.909562240999946], [-57.87818162399998, -20.913875013999927], [-57.875802162999946, -20.92012109899997], [-57.875207297999964, -20.926367183999957], [-57.873720134999985, -20.931720970999947], [-57.871489389999965, -20.93424914899998], [-57.871489389999965, -20.93796705699998], [-57.87059709199997, -20.941833680999935], [-57.863458708999985, -20.947336183999937], [-57.85765877299997, -20.948972063999975], [-57.84724863099996, -20.94703875199997], [-57.84485128599994, -20.94635144199998], [-57.84412792999996, -20.94579940699998], [-57.841682539999965, -20.942846350999957], [-57.844386042999986, -20.94642694299995], [-57.84443316699998, -20.946489354999983], [-57.850775554999984, -20.948816293999982], [-57.856753578999985, -20.949468253999953], [-57.86360244799994, -20.948849460999952], [-57.86718141099993, -20.946735670999942], [-57.871516128999986, -20.943524343999968], [-57.87461147099998, -20.939803120999954], [-57.87611593499997, -20.935262936999948], [-57.87759829199996, -20.92946288199994], [-57.87873810299993, -20.92388721499998], [-57.87978681399994, -20.918610013999967], [-57.88152559799994, -20.914696007999964], [-57.88653114299996, -20.90864645099998], [-57.89242594399997, -20.904466309999975], [-57.89768067899996, -20.90250191299998], [-57.902166772999976, -20.901810714999954], [-57.907471861999966, -20.90310197399998], [-57.91130451799995, -20.903572142999963], [-57.916492018999975, -20.90454979499998], [-57.92188841199999, -20.904473414999927], [-57.926236432999985, -20.90273340999994], [-57.928113243999974, -20.90018405799998], [-57.92894434599998, -20.895229769999958], [-57.92651135099993, -20.891912185999956], [-57.921973553999976, -20.888712166999937], [-57.91829021199993, -20.885931574999972], [-57.91464307999996, -20.88345875899995], [-57.911014697999974, -20.882037154999978], [-57.90807734499998, -20.881237849999934], [-57.90433418799995, -20.878980412999965], [-57.901604342999974, -20.876813252999966], [-57.89842771199994, -20.87465888099996], [-57.89669864699994, -20.873526161999962], [-57.894790891999946, -20.87227267399993], [-57.89194012599995, -20.87011963599997], [-57.889839053999935, -20.868128355999943], [-57.88405641999998, -20.862505159999955], [-57.87699300099996, -20.856563604999963], [-57.872680773999946, -20.853899980999927], [-57.86951558699997, -20.85349477999995], [-57.866486142999975, -20.853850671999965], [-57.86232323599995, -20.853598602999966], [-57.85789640099995, -20.850928015999955], [-57.85500016799995, -20.84550477299996], [-57.854029554999954, -20.841107031999968], [-57.85473300199993, -20.835737780999978], [-57.85733617699998, -20.82971297599994], [-57.859396870999944, -20.824855727999932], [-57.863470778999954, -20.81939222699998], [-57.868103023999936, -20.815184656999975], [-57.87154117899996, -20.81102350599997], [-57.87384211799997, -20.807206398999938], [-57.87683470999997, -20.804429368999934], [-57.88453443399993, -20.79877930899994], [-57.889852744999985, -20.79376863899995], [-57.89329043699996, -20.79078243899994], [-57.89887374899996, -20.78870096399993], [-57.90594351599998, -20.788079981999942], [-57.91101309199996, -20.788955812999973], [-57.91372919299994, -20.790178286999947], [-57.917592216999935, -20.792536739999946], [-57.92223979299996, -20.794781218999958], [-57.93004094499997, -20.797823843999936], [-57.93602459099998, -20.79952493899998], [-57.94122724699997, -20.800815903999933], [-57.94704079099995, -20.80052408599994], [-57.95153781799996, -20.80035431699997], [-57.955801975999975, -20.798907781999958], [-57.95949174699996, -20.79790855999994], [-57.96135542899998, -20.79504602199995], [-57.96176532299995, -20.792624342999943], [-57.96094805499996, -20.790536205999956], [-57.95875585599998, -20.78699625699994], [-57.95692947599997, -20.784502483999972], [-57.95394108299996, -20.780762267999933], [-57.95240932399997, -20.776265569999964], [-57.95132970299994, -20.77228865999996], [-57.94952541099997, -20.765276524999933], [-57.94616239099997, -20.75848973099994], [-57.94145250399998, -20.752251971999954], [-57.93677894499996, -20.748329557999966], [-57.934154310999986, -20.74595452699998], [-57.930380981999974, -20.744853474999957], [-57.925539414999946, -20.744187221999937], [-57.920369050999966, -20.74394415599994], [-57.914537741999936, -20.74465951999997], [-57.908713503999934, -20.74568607499998], [-57.90322390699998, -20.74660367299998], [-57.89638781999997, -20.747746332999952], [-57.889556324999944, -20.748587182999927], [-57.88395176199998, -20.749191028999974], [-57.87891138799995, -20.750516799999957], [-57.87351608299997, -20.750798329999952], [-57.86800311199994, -20.74941013199998], [-57.86468539899994, -20.746404165999934], [-57.86483465899994, -20.742298692999952], [-57.86819753699996, -20.735475532999942], [-57.86879737099997, -20.73084635099997], [-57.870172957999955, -20.725470619999953], [-57.87467253899996, -20.71942108999997], [-57.87807022099997, -20.713703161999945], [-57.88226276299997, -20.709126941999955], [-57.886359992999985, -20.705499200999952], [-57.890444712999965, -20.70112911299998], [-57.894085159999975, -20.696978171999945], [-57.89796303999998, -20.693668096999943], [-57.903288198999974, -20.689820630999975], [-57.90514375099997, -20.68653917399996], [-57.90843615699998, -20.680082802999948], [-57.91127312499998, -20.67499687999998], [-57.913674854999954, -20.670764075999955], [-57.918542973999934, -20.666391887999964], [-57.923118940999984, -20.664533784999946], [-57.929175861999965, -20.66402504299998], [-57.93313895499995, -20.666070684999966], [-57.93679462599994, -20.670012706999955], [-57.93935604099994, -20.67543808499994], [-57.94237027999998, -20.681173727999976], [-57.94513919399998, -20.686178280999968], [-57.94698774799997, -20.690038176999963], [-57.948419953999974, -20.694639758999926], [-57.95018098699995, -20.698295065999957], [-57.95360372699997, -20.702339877999975], [-57.95824665199996, -20.704898190999927], [-57.962409140999966, -20.70463187499996], [-57.96662283099994, -20.704272644999946], [-57.96746536599994, -20.704499277999957], [-57.97181317199994, -20.705668789999947], [-57.97463093099998, -20.70625832999997], [-57.97699253899998, -20.70643415799998], [-57.98102728199996, -20.70574611899997], [-57.98514600599998, -20.70347955799997], [-57.98788799099998, -20.69955155699995], [-57.988908728999945, -20.694178214999965], [-57.98822873499995, -20.686729094999976], [-57.98465100399994, -20.680368381999926], [-57.98118717199998, -20.674744760999943], [-57.98071836499997, -20.673596067999938], [-57.97774778799993, -20.667610708999973], [-57.974563639999985, -20.658410549999928], [-57.97275825699995, -20.65161090299995], [-57.97099851699994, -20.647333672999935], [-57.97038604399995, -20.644191845999956], [-57.97125266499995, -20.64218219199995], [-57.97458837099998, -20.640029468999955], [-57.97870932799998, -20.638291721999963], [-57.98475825299994, -20.636723065999945], [-57.99033435699994, -20.634116249999977], [-57.99557429799995, -20.631726422999975], [-57.999101252999935, -20.628743278999934], [-58.000754238999946, -20.627039752999963], [-58.00339884599998, -20.624092150999957], [-58.00681380499998, -20.620050738999964], [-58.01078592099998, -20.616211283999974], [-58.012637853999934, -20.612611518999927], [-58.01312827899994, -20.608296398999983], [-58.01272767299997, -20.604626586999927], [-58.01116653099996, -20.598556921999943], [-58.00931001499998, -20.594586139999933], [-58.007971304999955, -20.591769857999964], [-58.006632594999985, -20.588953576999927], [-58.00387893499993, -20.585314961999927], [-58.002076200999966, -20.582912010999962], [-57.998634781999954, -20.578549110999973], [-57.99701311299998, -20.575525865999964], [-57.997182915999986, -20.572371433999933], [-57.998718494999935, -20.57014249399998], [-57.99991865599998, -20.56802339199993], [-58.00177213099994, -20.564844432999962], [-58.00284719499996, -20.56230860599993], [-58.00348251299994, -20.56030494199996], [-58.00400812299995, -20.55830225799997], [-58.004635302999986, -20.555562188999943], [-58.00527728099996, -20.553661765999948], [-58.006673682999974, -20.54768216399998], [-58.010349478999956, -20.53953926099996], [-58.01338215299995, -20.53340498299997], [-58.01565600199996, -20.528540439999972], [-58.01770001699998, -20.522831020999945], [-58.01991420999997, -20.514393068999937], [-58.02017546299999, -20.509763008999983], [-58.01946676699998, -20.507564946999935], [-58.01813173299996, -20.50310279699994], [-58.017237087999945, -20.496917160999942], [-58.01679504599997, -20.490725595999947], [-58.01559520999996, -20.48622703899997], [-58.013596415999984, -20.480264245999933], [-58.00979164399996, -20.474014952999937], [-58.00678341199995, -20.46848975699993], [-58.004713858999935, -20.465580881999927], [-58.00178502299997, -20.460664375999954], [-57.99855999199997, -20.455563624999968], [-57.99690714299999, -20.450755629999946], [-57.99645270199994, -20.443406653999944], [-57.99813821399994, -20.43697367699997], [-58.001385923999976, -20.430735659999982], [-58.00434866599994, -20.426591584999983], [-58.00722257199993, -20.42306844899997], [-58.01081059599994, -20.418896953999933], [-58.015748747999965, -20.412624987999948], [-58.01967660399998, -20.406473994999942], [-58.021842825999954, -20.401924656999938], [-58.02461890899997, -20.400096275999942], [-58.02786403899995, -20.39962731199995], [-58.033576176999986, -20.39943797999996], [-58.039735459999974, -20.39903100799995], [-58.04342467999999, -20.39823981099994], [-58.04755569099996, -20.39678090299998], [-58.05513655599998, -20.394569074999936], [-58.061728836999976, -20.39320709499998], [-58.06718939299998, -20.39112643699997], [-58.07319028399996, -20.38798807699993], [-58.07637515699997, -20.38468839099994], [-58.079000346999976, -20.38075980399998], [-58.08183125399995, -20.37588365299996], [-58.08401772899998, -20.37216628899995], [-58.08702170699996, -20.36627276799993], [-58.09091605399993, -20.358230356999968], [-58.093936234999944, -20.351356616999965], [-58.095696430999965, -20.342924127999936], [-58.097475448999944, -20.335969794999983], [-58.10092587299994, -20.32835810399996], [-58.10305050799997, -20.32116880899997], [-58.10289388799998, -20.318651263999982], [-58.101461280999956, -20.31365342299995], [-58.09708272599994, -20.306367561999934], [-58.094753466999975, -20.30125467199997], [-58.09283885599996, -20.29456033599996], [-58.09077322199994, -20.285031541999956], [-58.08973656599994, -20.276852752999957], [-58.08970804399996, -20.26897953799994], [-58.08989096799996, -20.264528009999935], [-58.092589775999954, -20.25881320899998], [-58.09664981299994, -20.253924987999937], [-58.10196682499998, -20.25069061399995], [-58.10764878699996, -20.249134497999933], [-58.114582430999974, -20.248712439999963], [-58.11952350099995, -20.249581595999928], [-58.12336230599993, -20.251306255999964], [-58.12720162599999, -20.25313755299993], [-58.130841944999986, -20.256231380999964], [-58.13290464499994, -20.258719763999977], [-58.13519241999995, -20.26162693599997], [-58.136266587999955, -20.26549756399993], [-58.13721175099994, -20.268634549999945], [-58.140166556999986, -20.27079484999996], [-58.14455034499997, -20.271777413999928], [-58.15002471499997, -20.27043229999998], [-58.15513161499996, -20.267515897999942], [-58.159396981999976, -20.26384841299995], [-58.162081083999965, -20.257292957999937], [-58.16382448699994, -20.249284000999978], [-58.165490957999964, -20.242116170999964], [-58.16641817399994, -20.23663338299997], [-58.16599042399997, -20.231916654999964], [-58.16356760699995, -20.227326320999964], [-58.15990325399997, -20.222440981999966], [-58.154221992999965, -20.215731002999973], [-58.14776921099997, -20.212051695999946], [-58.14045939399995, -20.210062403999927], [-58.13200684699996, -20.207258465999928], [-58.12430695499995, -20.20212416499993], [-58.12211599799997, -20.198483506999935], [-58.12184621399996, -20.194392622999942], [-58.12366828399996, -20.18974192899998], [-58.12728388199997, -20.185274051999954], [-58.13259701299995, -20.181935990999932], [-58.139960275999954, -20.180666748999954], [-58.14644941199998, -20.18056635299996], [-58.15453071699994, -20.18191137399998], [-58.158144138999944, -20.18153913699996], [-58.159334598999976, -20.181416500999944], [-58.16585594199995, -20.177218146999962], [-58.16677985699994, -20.17577808599998], [-58.16796741999997, -20.174067400999945], [-58.16833394199995, -20.17319606899997], [-58.16851168799997, -20.172243470999945], [-58.16843119499998, -20.17118338599994], [-58.168369421999955, -20.170800645999975], [-58.16825169899994, -20.17020774399998], [-58.16800937399995, -20.169196820999957], [-58.16800598399993, -20.169176791999973], [-58.16823216299997, -20.169184494999968], [-58.16827506699997, -20.169018949999952], [-58.16872026599998, -20.167301108999936], [-58.168641380999986, -20.16578256599996], [-58.167970855999954, -20.16461900799993], [-58.16649175599997, -20.16264687499995], [-58.16471683699996, -20.160773348999953], [-58.16063452199995, -20.15787431399997], [-58.152864318999946, -20.153022867999937], [-58.14862423399995, -20.151819866999972], [-58.14515327999993, -20.15172125999993], [-58.14140622799994, -20.15233262099997], [-58.13722530699994, -20.15233262099997], [-58.132649958999934, -20.152174850999927], [-58.12775906999997, -20.15063658699995], [-58.120698834999985, -20.14838835599994], [-58.116754568999966, -20.14665287899993], [-58.11387525499998, -20.143497466999975], [-58.111390367999945, -20.138961561999963], [-58.109988612999985, -20.135907220999968], [-58.10848979199994, -20.131371315999957], [-58.106892364999965, -20.12831450999994], [-58.10070140899995, -20.120541841999966], [-58.09541609299998, -20.110365636999973], [-58.09222123799998, -20.10831461899994], [-58.08768533299997, -20.106736912999963], [-58.07522145399997, -20.105376140999965], [-58.07086304099994, -20.105573354999933], [-58.06627178699995, -20.106769803999953], [-58.06472490999994, -20.107172909999974], [-58.06262613699994, -20.107719835999944], [-58.061554574999946, -20.107999077999978], [-58.06120582799997, -20.108047598999974], [-58.057018668999945, -20.10863015999996], [-58.05382381399994, -20.10827517699994], [-58.048334426999986, -20.10554928199997], [-58.04806518699996, -20.105415583999957], [-58.04567890599998, -20.102832089999936], [-58.04408147899994, -20.099637234999932], [-58.04295736299997, -20.095633805999967], [-58.042426415999955, -20.093724539999982], [-58.04100495199998, -20.08861301299993], [-58.03895393399995, -20.081868318999966], [-58.03844117899996, -20.07666188899998], [-58.036942357999976, -20.071061031999932], [-58.03579852099995, -20.06770840699994], [-58.03457579899998, -20.06573627399996], [-58.032130353999946, -20.063133058999938], [-58.02842274499994, -20.06037207299994], [-58.024044609999976, -20.058873251999955], [-58.01520945599998, -20.058360497999956], [-58.008859187999974, -20.057749135999927], [-58.004421889999946, -20.05682223399998], [-58.00053678799998, -20.056427806999977], [-57.99604032599996, -20.056644741999946], [-57.99243132299995, -20.05786746399997], [-57.98909841899996, -20.05863659599993], [-57.985607743999935, -20.05843938299995], [-57.98154514999993, -20.056664462999947], [-57.97898137799996, -20.055461461999982], [-57.97483989899996, -20.051891901999966], [-57.97261138899995, -20.048499833999927], [-57.97099423999998, -20.04520637199994], [-57.97002789499999, -20.042070680999927], [-57.967424679999965, -20.03378772399998], [-57.96580753099994, -20.030001228999936], [-57.96340152899995, -20.026964144999965], [-57.96130120799995, -20.025228667999954], [-57.95811621399997, -20.02304946099997], [-57.95035587099994, -20.019854605999967], [-57.94647076999996, -20.01906575299995], [-57.943709783999964, -20.018888260999972], [-57.939252763999946, -20.018888260999972], [-57.93384912099998, -20.020367360999956], [-57.93018095399998, -20.022122558999968], [-57.926946655999984, -20.02444967499997], [-57.920537224999975, -20.029813875999935], [-57.91781568199997, -20.032732632999966], [-57.908704427999965, -20.041153639999948], [-57.90629842699997, -20.042849673999967], [-57.90361632599996, -20.04326382199997], [-57.90251193199998, -20.04239608299997], [-57.902078062999976, -20.041252245999942], [-57.90050035599995, -20.037958784999944], [-57.89606305799998, -20.02914335099996], [-57.89211879199996, -20.022043673999974], [-57.89020582399996, -20.019479900999954], [-57.88841118299996, -20.017724702999942], [-57.88454580299998, -20.013524059999952], [-57.881508717999964, -20.01015171299997], [-57.87588813999997, -20.00200680499995], [-57.86999146299996, -19.99360551999996], [-57.86683605099995, -19.98962181199994], [-57.86539639399996, -19.986565005999978], [-57.86399617999996, -19.981181083999957], [-57.862832621999985, -19.978321490999974], [-57.86165920299993, -19.97589576799993], [-57.86073229999994, -19.974288479999927], [-57.85931236499994, -19.972079690999976], [-57.85910102699995, -19.971749857999953], [-57.859100739999974, -19.971749409999973], [-57.85663778199995, -19.973334252999962]]]}}]}